timestamp,adaptive_hash_pages_added,adaptive_hash_pages_removed,adaptive_hash_rows_added,adaptive_hash_rows_deleted_no_hash_entry,adaptive_hash_rows_removed,adaptive_hash_rows_updated,adaptive_hash_searches,adaptive_hash_searches_btree,buffer_data_reads,buffer_data_written,buffer_flush_adaptive,buffer_flush_adaptive_avg_pass,buffer_flush_adaptive_avg_time_est,buffer_flush_adaptive_avg_time_slot,buffer_flush_adaptive_avg_time_thread,buffer_flush_adaptive_pages,buffer_flush_adaptive_total_pages,buffer_flush_avg_page_rate,buffer_flush_avg_pass,buffer_flush_avg_time,buffer_flush_background,buffer_flush_background_pages,buffer_flush_background_total_pages,buffer_flush_batches,buffer_flush_batch_num_scan,buffer_flush_batch_pages,buffer_flush_batch_scanned,buffer_flush_batch_scanned_per_call,buffer_flush_batch_total_pages,buffer_flush_lsn_avg_rate,buffer_flush_neighbor,buffer_flush_neighbor_pages,buffer_flush_neighbor_total_pages,buffer_flush_n_to_flush_by_age,buffer_flush_n_to_flush_by_dirty_page,buffer_flush_n_to_flush_requested,buffer_flush_pct_for_dirty,buffer_flush_pct_for_lsn,buffer_flush_sync,buffer_flush_sync_pages,buffer_flush_sync_total_pages,buffer_flush_sync_waits,buffer_LRU_batches_evict,buffer_LRU_batches_flush,buffer_LRU_batch_evict_pages,buffer_LRU_batch_evict_total_pages,buffer_LRU_batch_flush_avg_pass,buffer_LRU_batch_flush_avg_time_est,buffer_LRU_batch_flush_avg_time_slot,buffer_LRU_batch_flush_avg_time_thread,buffer_LRU_batch_flush_pages,buffer_LRU_batch_flush_total_pages,buffer_LRU_batch_num_scan,buffer_LRU_batch_scanned,buffer_LRU_batch_scanned_per_call,buffer_LRU_flush_await_count,buffer_LRU_get_free_loops,buffer_LRU_get_free_search,buffer_LRU_get_free_waits,buffer_LRU_search_num_scan,buffer_LRU_search_scanned,buffer_LRU_search_scanned_per_call,buffer_LRU_single_flush_failure_count,buffer_LRU_single_flush_num_scan,buffer_LRU_single_flush_scanned,buffer_LRU_single_flush_scanned_per_call,buffer_LRU_single_page_flush_count,buffer_LRU_unzip_search_num_scan,buffer_LRU_unzip_search_scanned,buffer_LRU_unzip_search_scanned_per_call,buffer_pages0_read,buffer_pages_created,buffer_pages_read,buffer_pages_written,buffer_page_read_blob,buffer_page_read_fsp_hdr,buffer_page_read_ibuf_bitmap,buffer_page_read_ibuf_free_list,buffer_page_read_index_ibuf_leaf,buffer_page_read_index_ibuf_non_leaf,buffer_page_read_index_inode,buffer_page_read_index_leaf,buffer_page_read_index_non_leaf,buffer_page_read_other,buffer_page_read_rseg_array,buffer_page_read_system_page,buffer_page_read_trx_system,buffer_page_read_undo_log,buffer_page_read_xdes,buffer_page_read_zblob,buffer_page_read_zblob2,buffer_page_written_blob,buffer_page_written_fsp_hdr,buffer_page_written_ibuf_bitmap,buffer_page_written_ibuf_free_list,buffer_page_written_index_ibuf_leaf,buffer_page_written_index_ibuf_non_leaf,buffer_page_written_index_inode,buffer_page_written_index_leaf,buffer_page_written_index_non_leaf,buffer_page_written_on_log_no_waits,buffer_page_written_on_log_waits,buffer_page_written_on_log_wait_loops,buffer_page_written_other,buffer_page_written_rseg_array,buffer_page_written_system_page,buffer_page_written_trx_system,buffer_page_written_undo_log,buffer_page_written_xdes,buffer_page_written_zblob,buffer_page_written_zblob2,buffer_pool_bytes_data,buffer_pool_bytes_dirty,buffer_pool_pages_data,buffer_pool_pages_dirty,buffer_pool_pages_flushed,buffer_pool_pages_free,buffer_pool_pages_lru_flushed,buffer_pool_pages_misc,buffer_pool_pages_total,buffer_pool_reads,buffer_pool_read_ahead,buffer_pool_read_ahead_evicted,buffer_pool_read_requests,buffer_pool_size,buffer_pool_wait_free,buffer_pool_write_requests,compression_pad_decrements,compression_pad_increments,compress_pages_compressed,compress_pages_decompressed,cpu_n,cpu_stime_abs,cpu_stime_pct,cpu_utime_abs,cpu_utime_pct,dblwr_async_requests,dblwr_flush_requests,dblwr_flush_wait_events,dblwr_sync_requests,ddl_background_drop_tables,ddl_log_file_alter_table,ddl_online_create_index,ddl_pending_alter_table,ddl_sort_file_alter_table,dml_deletes,dml_inserts,dml_reads,dml_system_deletes,dml_system_inserts,dml_system_reads,dml_system_updates,dml_updates,file_num_open_files,ibuf_merges,ibuf_merges_delete,ibuf_merges_delete_mark,ibuf_merges_discard_delete,ibuf_merges_discard_delete_mark,ibuf_merges_discard_insert,ibuf_merges_insert,ibuf_size,icp_attempts,icp_match,icp_no_match,icp_out_of_range,index_page_discards,index_page_merge_attempts,index_page_merge_successful,index_page_reorg_attempts,index_page_reorg_successful,index_page_splits,innodb_activity_count,innodb_background_drop_table_usec,innodb_dblwr_pages_written,innodb_dblwr_writes,innodb_dict_lru_count,innodb_dict_lru_usec,innodb_ibuf_merge_usec,innodb_master_active_loops,innodb_master_idle_loops,innodb_master_purge_usec,innodb_master_thread_sleeps,innodb_mem_validate_usec,innodb_page_size,innodb_rwlock_sx_os_waits,innodb_rwlock_sx_spin_rounds,innodb_rwlock_sx_spin_waits,innodb_rwlock_s_os_waits,innodb_rwlock_s_spin_rounds,innodb_rwlock_s_spin_waits,innodb_rwlock_x_os_waits,innodb_rwlock_x_spin_rounds,innodb_rwlock_x_spin_waits,lock_deadlocks,lock_deadlock_false_positives,lock_deadlock_rounds,lock_rec_grant_attempts,lock_rec_locks,lock_rec_lock_created,lock_rec_lock_removed,lock_rec_lock_requests,lock_rec_lock_waits,lock_rec_release_attempts,lock_row_lock_current_waits,lock_row_lock_time,lock_row_lock_time_avg,lock_row_lock_time_max,lock_row_lock_waits,lock_schedule_refreshes,lock_table_locks,lock_table_lock_created,lock_table_lock_removed,lock_table_lock_waits,lock_threads_waiting,lock_timeouts,log_checkpoints,log_concurrency_margin,log_flusher_no_waits,log_flusher_waits,log_flusher_wait_loops,log_flush_avg_time,log_flush_lsn_avg_rate,log_flush_max_time,log_flush_notifier_no_waits,log_flush_notifier_waits,log_flush_notifier_wait_loops,log_flush_total_time,log_free_space,log_full_block_writes,log_lsn_archived,log_lsn_buf_dirty_pages_added,log_lsn_buf_pool_oldest_approx,log_lsn_buf_pool_oldest_lwm,log_lsn_checkpoint_age,log_lsn_current,log_lsn_last_checkpoint,log_lsn_last_flush,log_max_modified_age_async,log_max_modified_age_sync,log_next_file,log_on_buffer_space_no_waits,log_on_buffer_space_waits,log_on_buffer_space_wait_loops,log_on_file_space_no_waits,log_on_file_space_waits,log_on_file_space_wait_loops,log_on_flush_no_waits,log_on_flush_waits,log_on_flush_wait_loops,log_on_recent_closed_wait_loops,log_on_recent_written_wait_loops,log_on_write_no_waits,log_on_write_waits,log_on_write_wait_loops,log_padded,log_partial_block_writes,log_waits,log_writer_no_waits,log_writer_on_archiver_waits,log_writer_on_file_space_waits,log_writer_on_tracker_waits,log_writer_waits,log_writer_wait_loops,log_writes,log_write_notifier_no_waits,log_write_notifier_waits,log_write_notifier_wait_loops,log_write_requests,log_write_to_file_requests_interval,metadata_table_handles_closed,metadata_table_handles_opened,metadata_table_reference_count,module_cpu,module_dblwr,module_page_track,os_data_fsyncs,os_data_reads,os_data_writes,os_log_bytes_written,os_log_fsyncs,os_log_pending_fsyncs,os_log_pending_writes,os_pending_reads,os_pending_writes,page_track_checkpoint_partial_flush_request,page_track_full_block_writes,page_track_partial_block_writes,page_track_resets,purge_del_mark_records,purge_dml_delay_usec,purge_invoked,purge_resume_count,purge_stop_count,purge_truncate_history_count,purge_truncate_history_usec,purge_undo_log_pages,purge_upd_exist_or_extern_records,sampled_pages_read,sampled_pages_skipped,trx_active_transactions,trx_allocations,trx_commits_insert_update,trx_nl_ro_commits,trx_on_log_no_waits,trx_on_log_waits,trx_on_log_wait_loops,trx_rollbacks,trx_rollbacks_savepoint,trx_rollback_active,trx_ro_commits,trx_rseg_current_size,trx_rseg_history_len,trx_rw_commits,trx_undo_slots_cached,trx_undo_slots_used,undo_truncate_count,undo_truncate_done_logging_count,undo_truncate_start_logging_count,undo_truncate_usec
1787688205.652,0,0,0,0,0,0,0,622535306,1279576263168,663673188864,0,0,0,0,0,0,0,0,0,0,0,0,0,0,0,0,0,0,0,0,0,0,0,0,0,0,0,0,0,0,0,0,0,0,0,0,0,0,0,0,0,0,0,0,0,0,0,0,0,0,0,0,0,0,0,0,0,0,0,0,7,1665689,78171646,28632318,0,0,0,0,0,0,0,0,0,0,0,0,0,0,0,0,0,0,0,0,0,0,0,0,0,0,0,0,0,0,0,0,0,0,0,0,0,12849741824,5708414976,784286,348414,28579758,2050,0,96,786432,77341157,796294,280,2995087854,12884901888,0,621406572,0,0,0,0,0,0,0,0,0,0,0,0,0,0,0,0,0,0,14819732,114698262,0,468,1204,7863,623,29639721,35,0,0,0,0,0,0,0,1,0,0,0,0,0,0,0,0,0,0,20367844,0,28579232,233567,0,0,0,0,0,0,0,0,16384,0,0,0,0,0,0,0,0,0,0,0,6501,472,0,0,0,0,0,45047381,0,156,0,3,469,6501,0,0,0,0,0,0,0,0,0,0,0,0,0,0,0,0,0,0,0,0,0,0,0,0,0,0,0,0,0,0,0,0,0,0,0,0,0,0,0,0,0,0,0,0,0,0,0,0,0,0,0,0,0,0,203707081,0,0,0,435213112,0,0,0,0,0,0,0,58200575,78414949,232859601,150522780160,53934970,0,0,0,0,0,0,0,0,0,0,0,0,0,0,0,0,0,0,0,0,0,0,0,0,0,0,0,0,0,0,0,635,0,0,0,0,0,0,0
1787688206.720,0,0,0,0,0,0,0,622535306,1279576263168,663837029376,0,0,0,0,0,0,0,0,0,0,0,0,0,0,0,0,0,0,0,0,0,0,0,0,0,0,0,0,0,0,0,0,0,0,0,0,0,0,0,0,0,0,0,0,0,0,0,0,0,0,0,0,0,0,0,0,0,0,0,0,7,1665689,78171646,28642318,0,0,0,0,0,0,0,0,0,0,0,0,0,0,0,0,0,0,0,0,0,0,0,0,0,0,0,0,0,0,0,0,0,0,0,0,0,12849741824,5544574976,784286,338414,28589758,2050,0,96,786432,77341157,796294,280,2995087854,12884901888,0,621406572,0,0,0,0,0,0,0,0,0,0,0,0,0,0,0,0,0,0,14819732,114698262,0,468,1204,7863,623,29639721,35,0,0,0,0,0,0,0,1,0,0,0,0,0,0,0,0,0,0,20367844,0,28589232,233647,0,0,0,0,0,0,0,0,16384,0,0,0,0,0,0,0,0,0,0,0,6502,472,0,0,0,0,0,45047381,0,156,0,3,469,6502,0,0,0,0,0,0,0,0,0,0,0,0,0,0,0,0,0,0,0,0,0,0,0,0,0,0,0,0,0,0,0,0,0,0,0,0,0,0,0,0,0,0,0,0,0,0,0,0,0,0,0,0,0,0,203707081,0,0,0,435213112,0,0,0,0,0,0,0,58202157,78414949,232869682,150522780160,53934972,0,0,0,0,0,0,0,0,0,0,0,0,0,0,0,0,0,0,0,0,0,0,0,0,0,0,0,0,0,0,0,635,0,0,0,0,0,0,0
1787688207.790,0,0,0,0,0,0,0,622589471,1279874271744,664006299648,0,0,0,0,0,0,0,0,0,0,0,0,0,0,0,0,0,0,0,0,0,0,0,0,0,0,0,0,0,0,0,0,0,0,0,0,0,0,0,0,0,0,0,0,0,0,0,0,0,0,0,0,0,0,0,0,0,0,0,0,7,1665698,78189883,28652318,0,0,0,0,0,0,0,0,0,0,0,0,0,0,0,0,0,0,0,0,0,0,0,0,0,0,0,0,0,0,0,0,0,0,0,0,0,12883329024,5480185856,786335,334484,28599758,0,0,96,786432,77359370,796294,280,2995353953,12884901888,0,621441076,0,0,0,0,0,0,0,0,0,0,0,0,0,0,0,0,0,0,14821299,114699829,0,468,1204,7863,623,29642862,35,0,0,0,0,0,0,0,1,0,0,0,0,0,0,0,0,0,0,20369635,0,28599232,233727,0,0,0,0,0,0,0,0,16384,0,0,0,0,0,0,0,0,0,0,0,6503,472,0,0,0,0,0,45052146,0,156,0,3,469,6503,0,0,0,0,0,0,0,0,0,0,0,0,0,0,0,0,0,0,0,0,0,0,0,0,0,0,0,0,0,0,0,0,0,0,0,0,0,0,0,0,0,0,0,0,0,0,0,0,0,0,0,0,0,0,203711146,0,0,0,435239145,0,0,0,0,0,0,0,58206048,78433164,232883827,150526346752,53937290,0,0,0,0,0,0,0,0,0,0,0,0,0,0,0,0,0,0,0,0,0,0,0,0,0,0,0,0,0,0,0,1088,0,0,0,0,0,0,0
1787688208.868,0,0,0,0,0,0,0,622769411,1280863750656,664211824640,0,0,0,0,0,0,0,0,0,0,0,0,0,0,0,0,0,0,0,0,0,0,0,0,0,0,0,0,0,0,0,0,0,0,0,0,0,0,0,0,0,0,0,0,0,0,0,0,0,0,0,0,0,0,0,0,0,0,0,0,7,1665768,78250414,28662318,0,0,0,0,0,0,0,0,0,0,0,0,0,0,0,0,0,0,0,0,0,0,0,0,0,0,0,0,0,0,0,0,0,0,0,0,0,12883329024,5630246912,786336,343643,28609758,0,0,96,786432,77419827,796294,280,2996246455,12884901888,0,621562623,0,0,0,0,0,0,0,0,0,0,0,0,0,0,0,0,0,0,14826510,114705040,0,468,1204,7863,623,29653279,35,0,0,0,0,0,0,0,1,0,0,0,0,0,0,0,0,0,0,20375638,0,28609232,233807,0,0,0,0,0,0,0,0,16384,0,0,0,0,0,0,0,0,0,0,0,6504,472,0,0,0,0,0,45067985,0,156,0,3,469,6504,0,0,0,0,0,0,0,0,0,0,0,0,0,0,0,0,0,0,0,0,0,0,0,0,0,0,0,0,0,0,0,0,0,0,0,0,0,0,0,0,0,0,0,0,0,0,0,0,0,0,0,0,0,0,203775662,0,0,0,435328607,0,0,0,0,0,0,0,58231416,78493553,232958378,150561265664,53961075,1,0,0,0,0,0,0,0,0,0,0,0,0,0,0,0,0,0,0,0,0,0,0,0,0,0,0,0,0,0,0,290,0,0,0,0,0,0,0
1787688209.947,0,0,0,0,0,0,0,622952879,1281872988672,664371622400,0,0,0,0,0,0,0,0,0,0,0,0,0,0,0,0,0,0,0,0,0,0,0,0,0,0,0,0,0,0,0,0,0,0,0,0,0,0,0,0,0,0,0,0,0,0,0,0,0,0,0,0,0,0,0,0,0,0,0,0,7,1665815,78312139,28669103,0,0,0,0,0,0,0,0,0,0,0,0,0,0,0,0,0,0,0,0,0,0,0,0,0,0,0,0,0,0,0,0,0,0,0,0,0,12883296256,5820923904,786334,355281,28616543,1,0,96,786432,77481491,796294,280,2997152430,12884901888,0,621683175,0,0,0,0,0,0,0,0,0,0,0,0,0,0,0,0,0,0,14831825,114710355,0,468,1204,7863,623,29663912,35,0,0,0,0,0,0,0,1,0,0,0,0,0,0,0,0,0,0,20381749,0,28616017,233862,0,0,0,0,0,0,0,0,16384,0,0,0,0,0,0,0,0,0,0,0,6505,472,0,0,0,0,0,45084177,0,156,0,3,469,6505,0,0,0,0,0,0,0,0,0,0,0,0,0,0,0,0,0,0,0,0,0,0,0,0,0,0,0,0,0,0,0,0,0,0,0,0,0,0,0,0,0,0,0,0,0,0,0,0,0,0,0,0,0,0,203855491,0,0,0,435418380,0,0,0,0,0,0,0,58262178,78555113,233045019,150602951168,53990836,1,1,0,0,0,0,0,0,0,0,0,0,0,0,0,0,0,0,0,0,0,0,0,0,0,0,0,0,0,0,0,789,0,0,0,0,0,0,0
1787688211.025,0,0,0,0,0,0,0,623136886,1282883422720,664534090752,0,0,0,0,0,0,0,0,0,0,0,0,0,0,0,0,0,0,0,0,0,0,0,0,0,0,0,0,0,0,0,0,0,0,0,0,0,0,0,0,0,0,0,0,0,0,0,0,0,0,0,0,0,0,0,0,0,0,0,0,7,1665849,78373960,28675948,0,0,0,0,0,0,0,0,0,0,0,0,0,0,0,0,0,0,0,0,0,0,0,0,0,0,0,0,0,0,0,0,0,0,0,0,0,12883329024,5997740032,786336,366073,28623388,0,0,96,786432,77543243,796294,280,2998065076,12884901888,0,621807495,0,0,0,0,0,0,0,0,0,0,0,0,0,0,0,0,0,0,14837154,114715682,0,468,1204,7863,623,29674565,35,0,0,0,0,0,0,0,1,0,0,0,0,0,0,0,0,0,0,20387884,0,28622862,233917,0,0,0,0,0,0,0,0,16384,0,0,0,0,0,0,0,0,0,0,0,6506,472,0,0,0,0,0,45100365,0,156,0,3,469,6506,0,0,0,0,0,0,0,0,0,0,0,0,0,0,0,0,0,0,0,0,0,0,0,0,0,0,0,0,0,0,0,0,0,0,0,0,0,0,0,0,0,0,0,0,0,0,0,0,0,0,0,0,0,0,203938546,0,0,0,435509699,0,0,0,0,0,0,0,58294608,78616829,233134937,150646432256,54022270,1,1,0,0,0,0,0,0,0,0,0,0,0,0,0,0,0,0,0,0,0,0,0,0,0,0,0,0,0,0,0,69,0,0,0,0,0,0,0
1787688212.101,0,0,0,0,0,0,0,623321808,1283901049344,664696200192,0,0,0,0,0,0,0,0,0,0,0,0,0,0,0,0,0,0,0,0,0,0,0,0,0,0,0,0,0,0,0,0,0,0,0,0,0,0,0,0,0,0,0,0,0,0,0,0,0,0,0,0,0,0,0,0,0,0,0,0,7,1665876,78436205,28682754,0,0,0,0,0,0,0,0,0,0,0,0,0,0,0,0,0,0,0,0,0,0,0,0,0,0,0,0,0,0,0,0,0,0,0,0,0,12883329024,6165495808,786336,376312,28630194,0,0,96,786432,77605429,796294,280,2998978604,12884901888,0,621929194,0,0,0,0,0,0,0,0,0,0,0,0,0,0,0,0,0,0,14842507,114721036,0,468,1204,7863,623,29685276,35,0,0,0,0,0,0,0,1,0,0,0,0,0,0,0,0,0,0,20394041,0,28629668,233971,0,0,0,0,0,0,0,0,16384,0,0,0,0,0,0,0,0,0,0,0,6507,472,0,0,0,0,0,45116640,0,156,0,3,469,6507,0,0,0,0,0,0,0,0,0,0,0,0,0,0,0,0,0,0,0,0,0,0,0,0,0,0,0,0,0,0,0,0,0,0,0,0,0,0,0,0,0,0,0,0,0,0,0,0,0,0,0,0,0,0,204022262,0,0,0,435600229,0,0,0,0,0,0,0,58327618,78678940,233225465,150690205696,54054294,0,0,0,0,0,0,0,0,0,0,0,0,0,0,0,0,0,0,0,0,0,0,0,0,0,0,0,0,0,0,0,588,0,0,0,0,0,0,0
1787688213.179,0,0,0,0,0,0,0,623504759,1284909206016,664885689344,0,0,0,0,0,0,0,0,0,0,0,0,0,0,0,0,0,0,0,0,0,0,0,0,0,0,0,0,0,0,0,0,0,0,0,0,0,0,0,0,0,0,0,0,0,0,0,0,0,0,0,0,0,0,0,0,0,0,0,0,7,1665910,78497880,28691127,0,0,0,0,0,0,0,0,0,0,0,0,0,0,0,0,0,0,0,0,0,0,0,0,0,0,0,0,0,0,0,0,0,0,0,0,0,12871368704,6296403968,785606,384302,28637047,730,0,96,786432,77667038,796294,280,2999882348,12884901888,0,622049911,0,0,0,0,0,0,0,0,0,0,0,0,0,0,0,0,0,0,14847805,114726334,0,468,1204,7863,623,29695870,35,0,0,0,0,0,0,0,1,0,0,0,0,0,0,0,0,0,0,20400128,0,28638041,234038,0,0,0,0,0,0,0,0,16384,0,0,0,0,0,0,0,0,0,0,0,6508,472,0,0,0,0,0,45132736,0,156,0,3,469,6508,0,0,0,0,0,0,0,0,0,0,0,0,0,0,0,0,0,0,0,0,0,0,0,0,0,0,0,0,0,0,0,0,0,0,0,0,0,0,0,0,0,0,0,0,0,0,0,0,0,0,0,0,0,0,204102471,0,0,0,435689842,0,0,0,0,0,0,0,58358268,78740479,233314285,150732236800,54083674,0,0,0,0,0,0,0,0,0,0,0,0,0,0,0,0,0,0,0,0,0,0,0,0,0,0,0,0,0,0,0,1055,0,0,0,0,0,0,0
1787688214.253,0,0,0,0,0,0,0,623683153,1285895997952,665115910656,0,0,0,0,0,0,0,0,0,0,0,0,0,0,0,0,0,0,0,0,0,0,0,0,0,0,0,0,0,0,0,0,0,0,0,0,0,0,0,0,0,0,0,0,0,0,0,0,0,0,0,0,0,0,0,0,0,0,0,0,7,1665941,78558250,28702218,0,0,0,0,0,0,0,0,0,0,0,0,0,0,0,0,0,0,0,0,0,0,0,0,0,0,0,0,0,0,0,0,0,0,0,0,0,12883329024,6370017280,786336,388795,28643943,0,0,96,786432,77727348,796294,280,3000767221,12884901888,0,622170112,0,0,0,0,0,0,0,0,0,0,0,0,0,0,0,0,0,0,14852974,114731503,0,468,1204,7863,623,29706208,35,0,0,0,0,0,0,0,1,0,0,0,0,0,0,0,0,0,0,20406080,0,28649132,234124,0,0,0,0,0,0,0,0,16384,0,0,0,0,0,0,0,0,0,0,0,6509,472,0,0,0,0,0,45148414,0,156,0,3,469,6509,0,0,0,0,0,0,0,0,0,0,0,0,0,0,0,0,0,0,0,0,0,0,0,0,0,0,0,0,0,0,0,0,0,0,0,0,0,0,0,0,0,0,0,0,0,0,0,0,0,0,0,0,0,0,204184267,0,0,0,435778567,0,0,0,0,0,0,0,58390261,78800716,233407150,150775021056,54114061,0,0,0,0,0,0,0,0,0,0,0,0,0,0,0,0,0,0,0,0,0,0,0,0,0,0,0,0,0,0,0,198,0,0,0,0,0,0,0
1787688215.331,0,0,0,0,0,0,0,623864464,1286893701632,665298897920,0,0,0,0,0,0,0,0,0,0,0,0,0,0,0,0,0,0,0,0,0,0,0,0,0,0,0,0,0,0,0,0,0,0,0,0,0,0,0,0,0,0,0,0,0,0,0,0,0,0,0,0,0,0,0,0,0,0,0,0,7,1665975,78619273,28710503,0,0,0,0,0,0,0,0,0,0,0,0,0,0,0,0,0,0,0,0,0,0,0,0,0,0,0,0,0,0,0,0,0,0,0,0,0,12883329024,6485540864,786336,395846,28657943,1,0,97,786432,77788291,796294,280,3001662320,12884901888,0,622289317,0,0,0,0,0,0,0,0,0,0,0,0,0,0,0,0,0,0,14858227,114736757,0,468,1204,7863,623,29716714,35,0,0,0,0,0,0,0,1,0,0,0,0,0,0,0,0,0,0,20412126,0,28657417,234192,0,0,0,0,0,0,0,0,16384,0,0,0,0,0,0,0,0,0,0,0,6511,472,0,0,0,0,0,45164403,0,156,0,3,469,6511,0,0,0,0,0,0,0,0,0,0,0,0,0,0,0,0,0,0,0,0,0,0,0,0,0,0,0,0,0,0,0,0,0,0,0,0,0,0,0,0,0,0,0,0,0,0,0,0,0,0,0,0,0,0,204266946,0,0,0,435867376,0,0,0,0,0,0,0,58422373,78861610,233497940,150818316800,54144881,1,1,0,0,0,0,0,0,0,0,0,0,0,0,0,0,0,0,0,0,0,0,0,0,0,0,0,0,0,0,0,659,0,0,0,0,0,0,0
1787688216.404,0,0,0,0,0,0,0,624047872,1287903824384,665464991744,0,0,0,0,0,0,0,0,0,0,0,0,0,0,0,0,0,0,0,0,0,0,0,0,0,0,0,0,0,0,0,0,0,0,0,0,0,0,0,0,0,0,0,0,0,0,0,0,0,0,0,0,0,0,0,0,0,0,0,0,7,1666010,78681088,28717578,0,0,0,0,0,0,0,0,0,0,0,0,0,0,0,0,0,0,0,0,0,0,0,0,0,0,0,0,0,0,0,0,0,0,0,0,0,12883329024,6620397568,786336,404077,28665018,0,0,96,786432,77850043,796294,280,3002568670,12884901888,0,622410098,0,0,0,0,0,0,0,0,0,0,0,0,0,0,0,0,0,0,14863539,114742068,0,468,1204,7863,623,29727340,35,0,0,0,0,0,0,0,1,0,0,0,0,0,0,0,0,0,0,20418238,0,28664492,234250,0,0,0,0,0,0,0,0,16384,0,0,0,0,0,0,0,0,0,0,0,6512,472,0,0,0,0,0,45180550,0,156,0,3,469,6512,0,0,0,0,0,0,0,0,0,0,0,0,0,0,0,0,0,0,0,0,0,0,0,0,0,0,0,0,0,0,0,0,0,0,0,0,0,0,0,0,0,0,0,0,0,0,0,0,0,0,0,0,0,0,204349723,0,0,0,435957200,0,0,0,0,0,0,0,58454933,78923305,233587840,150861574144,54176340,1,0,0,0,0,0,0,0,0,0,0,0,0,0,0,0,0,0,0,0,0,0,0,0,0,0,0,0,0,0,0,1173,0,0,0,0,0,0,0
1787688217.480,0,0,0,0,0,0,0,624231546,1288921729536,665628834816,0,0,0,0,0,0,0,0,0,0,0,0,0,0,0,0,0,0,0,0,0,0,0,0,0,0,0,0,0,0,0,0,0,0,0,0,0,0,0,0,0,0,0,0,0,0,0,0,0,0,0,0,0,0,0,0,0,0,0,0,7,1666117,78743352,28724603,0,0,0,0,0,0,0,0,0,0,0,0,0,0,0,0,0,0,0,0,0,0,0,0,0,0,0,0,0,0,0,0,0,0,0,0,0,12883312640,6753288192,786336,412188,28672043,0,0,96,786432,77912252,796294,280,3003479662,12884901888,0,622534238,0,0,0,0,0,0,0,0,0,0,0,0,0,0,0,0,0,0,14868856,114747386,0,468,1204,7863,623,29737971,35,0,0,0,0,0,0,0,1,0,0,0,0,0,0,0,0,0,0,20424362,0,28671517,234306,0,0,0,0,0,0,0,0,16384,0,0,0,0,0,0,0,0,0,0,0,6513,472,0,0,0,0,0,45196719,0,156,0,3,469,6513,0,0,0,0,0,0,0,0,0,0,0,0,0,0,0,0,0,0,0,0,0,0,0,0,0,0,0,0,0,0,0,0,0,0,0,0,0,0,0,0,0,0,0,0,0,0,0,0,0,0,0,0,0,0,204429609,0,0,0,436048259,0,0,0,0,0,0,0,58485832,78985430,233674771,150903471104,54206215,0,0,0,0,0,0,0,0,0,0,0,0,0,0,0,0,0,0,0,0,0,0,0,0,0,0,0,0,0,0,0,487,0,0,0,0,0,0,0
1787688218.560,0,0,0,0,0,0,0,624415125,1289936046592,665794069504,0,0,0,0,0,0,0,0,0,0,0,0,0,0,0,0,0,0,0,0,0,0,0,0,0,0,0,0,0,0,0,0,0,0,0,0,0,0,0,0,0,0,0,0,0,0,0,0,0,0,0,0,0,0,0,0,0,0,0,0,7,1666150,78805394,28731670,0,0,0,0,0,0,0,0,0,0,0,0,0,0,0,0,0,0,0,0,0,0,0,0,0,0,0,0,0,0,0,0,0,0,0,0,0,12883329024,6879969280,786336,419920,28679110,0,0,96,786432,77974211,796294,280,3004386850,12884901888,0,622655503,0,0,0,0,0,0,0,0,0,0,0,0,0,0,0,0,0,0,14874167,114752696,0,468,1204,7863,623,29748599,35,0,0,0,0,0,0,0,1,0,0,0,0,0,0,0,0,0,0,20430469,0,28678584,234362,0,0,0,0,0,0,0,0,16384,0,0,0,0,0,0,0,0,0,0,0,6514,472,0,0,0,0,0,45212861,0,156,0,3,469,6514,0,0,0,0,0,0,0,0,0,0,0,0,0,0,0,0,0,0,0,0,0,0,0,0,0,0,0,0,0,0,0,0,0,0,0,0,0,0,0,0,0,0,0,0,0,0,0,0,0,0,0,0,0,0,204511294,0,0,0,436138049,0,0,0,0,0,0,0,58517611,79047353,233763541,150946422784,54236992,0,0,0,0,0,0,0,0,0,0,0,0,0,0,0,0,0,0,0,0,0,0,0,0,0,0,0,0,0,0,0,992,0,0,0,0,0,0,0
1787688219.639,0,0,0,0,0,0,0,624599086,1290949593600,665961077760,0,0,0,0,0,0,0,0,0,0,0,0,0,0,0,0,0,0,0,0,0,0,0,0,0,0,0,0,0,0,0,0,0,0,0,0,0,0,0,0,0,0,0,0,0,0,0,0,0,0,0,0,0,0,0,0,0,0,0,0,7,1666239,78867400,28738753,0,0,0,0,0,0,0,0,0,0,0,0,0,0,0,0,0,0,0,0,0,0,0,0,0,0,0,0,0,0,0,0,0,0,0,0,0,12883329024,7001210880,786336,427320,28686193,0,0,96,786432,78036145,796294,280,3005298611,12884901888,0,622779002,0,0,0,0,0,0,0,0,0,0,0,0,0,0,0,0,0,0,14879494,114758024,0,468,1204,7863,623,29759246,35,0,0,0,0,0,0,0,1,0,0,0,0,0,0,0,0,0,0,20436609,0,28685667,234419,0,0,0,0,0,0,0,0,16384,0,0,0,0,0,0,0,0,0,0,0,6515,472,0,0,0,0,0,45229044,0,156,0,3,469,6515,0,0,0,0,0,0,0,0,0,0,0,0,0,0,0,0,0,0,0,0,0,0,0,0,0,0,0,0,0,0,0,0,0,0,0,0,0,0,0,0,0,0,0,0,0,0,0,0,0,0,0,0,0,0,204596236,0,0,0,436229266,0,0,0,0,0,0,0,58550612,79109230,233855591,150990803456,54268925,1,0,0,0,0,0,0,0,0,0,0,0,0,0,0,0,0,0,0,0,0,0,0,0,0,0,0,0,0,0,0,299,0,0,0,0,0,0,0
1787688220.715,0,0,0,0,0,0,0,624784743,1291969743360,666127517184,0,0,0,0,0,0,0,0,0,0,0,0,0,0,0,0,0,0,0,0,0,0,0,0,0,0,0,0,0,0,0,0,0,0,0,0,0,0,0,0,0,0,0,0,0,0,0,0,0,0,0,0,0,0,0,0,0,0,0,0,7,1666275,78929796,28745821,0,0,0,0,0,0,0,0,0,0,0,0,0,0,0,0,0,0,0,0,0,0,0,0,0,0,0,0,0,0,0,0,0,0,0,0,0,12883312640,7122927616,786335,434749,28693261,0,0,96,786432,78098471,796294,280,3006215258,12884901888,0,622901959,0,0,0,0,0,0,0,0,0,0,0,0,0,0,0,0,0,0,14884867,114763397,0,468,1204,7863,623,29769992,35,0,0,0,0,0,0,0,1,0,0,0,0,0,0,0,0,0,0,20442793,0,28692735,234475,0,0,0,0,0,0,0,0,16384,0,0,0,0,0,0,0,0,0,0,0,6516,472,0,0,0,0,0,45245383,0,156,0,3,469,6516,0,0,0,0,0,0,0,0,0,0,0,0,0,0,0,0,0,0,0,0,0,0,0,0,0,0,0,0,0,0,0,0,0,0,0,0,0,0,0,0,0,0,0,0,0,0,0,0,0,0,0,0,0,0,204679600,0,0,0,436320107,0,0,0,0,0,0,0,58583460,79171509,233946052,151034596864,54300749,1,0,0,0,0,0,0,0,0,0,0,0,0,0,0,0,0,0,0,0,0,0,0,0,0,0,0,0,0,0,0,835,0,0,0,0,0,0,0
1787688221.795,0,0,0,0,0,0,0,624968087,1292983683584,666294596608,0,0,0,0,0,0,0,0,0,0,0,0,0,0,0,0,0,0,0,0,0,0,0,0,0,0,0,0,0,0,0,0,0,0,0,0,0,0,0,0,0,0,0,0,0,0,0,0,0,0,0,0,0,0,0,0,0,0,0,0,7,1666303,78991826,28752927,0,0,0,0,0,0,0,0,0,0,0,0,0,0,0,0,0,0,0,0,0,0,0,0,0,0,0,0,0,0,0,0,0,0,0,0,0,12883329024,7235436544,786336,441616,28700367,0,0,96,786432,78160430,796294,280,3007124949,12884901888,0,623025351,0,0,0,0,0,0,0,0,0,0,0,0,0,0,0,0,0,0,14890172,114768703,0,468,1204,7863,623,29780605,35,0,0,0,0,0,0,0,1,0,0,0,0,0,0,0,0,0,0,20448900,0,28699841,234531,0,0,0,0,0,0,0,0,16384,0,0,0,0,0,0,0,0,0,0,0,6517,472,0,0,0,0,0,45261484,0,156,0,3,469,6517,0,0,0,0,0,0,0,0,0,0,0,0,0,0,0,0,0,0,0,0,0,0,0,0,0,0,0,0,0,0,0,0,0,0,0,0,0,0,0,0,0,0,0,0,0,0,0,0,0,0,0,0,0,0,204763447,0,0,0,436411049,0,0,0,0,0,0,0,58615927,79233419,234037024,151078491648,54332177,1,0,0,0,0,0,0,0,0,0,0,0,0,0,0,0,0,0,0,0,0,0,0,0,0,0,0,0,0,0,0,110,0,0,0,0,0,0,0
1787688222.874,0,0,0,0,0,0,0,625150504,1293990595072,666461634560,0,0,0,0,0,0,0,0,0,0,0,0,0,0,0,0,0,0,0,0,0,0,0,0,0,0,0,0,0,0,0,0,0,0,0,0,0,0,0,0,0,0,0,0,0,0,0,0,0,0,0,0,0,0,0,0,0,0,0,0,7,1666329,79053405,28760075,0,0,0,0,0,0,0,0,0,0,0,0,0,0,0,0,0,0,0,0,0,0,0,0,0,0,0,0,0,0,0,0,0,0,0,0,0,12883329024,7344160768,786336,448252,28707515,0,0,97,786432,78221943,796294,280,3008025612,12884901888,0,623145190,0,0,0,0,0,0,0,0,0,0,0,0,0,0,0,0,0,0,14895462,114773993,0,468,1204,7863,623,29791186,35,0,0,0,0,0,0,0,1,0,0,0,0,0,0,0,0,0,0,20454987,0,28706989,234589,0,0,0,0,0,0,0,0,16384,0,0,0,0,0,0,0,0,0,0,0,6518,472,0,0,0,0,0,45277585,0,156,0,3,469,6518,0,0,0,0,0,0,0,0,0,0,0,0,0,0,0,0,0,0,0,0,0,0,0,0,0,0,0,0,0,0,0,0,0,0,0,0,0,0,0,0,0,0,0,0,0,0,0,0,0,0,0,0,0,0,204845958,0,0,0,436500382,0,0,0,0,0,0,0,58648171,79294883,234126693,151121642496,54363363,1,0,0,0,0,0,0,0,0,0,0,0,0,0,0,0,0,0,0,0,0,0,0,0,0,0,0,0,0,0,0,578,0,0,0,0,0,0,0
1787688223.947,0,0,0,0,0,0,0,625333965,1295001422336,666630610432,0,0,0,0,0,0,0,0,0,0,0,0,0,0,0,0,0,0,0,0,0,0,0,0,0,0,0,0,0,0,0,0,0,0,0,0,0,0,0,0,0,0,0,0,0,0,0,0,0,0,0,0,0,0,0,0,0,0,0,0,7,1666353,79115239,28767319,0,0,0,0,0,0,0,0,0,0,0,0,0,0,0,0,0,0,0,0,0,0,0,0,0,0,0,0,0,0,0,0,0,0,0,0,0,12883296256,7452098560,786334,454840,28714759,0,0,96,786432,78283704,796294,280,3008931467,12884901888,0,623265907,0,0,0,0,0,0,0,0,0,0,0,0,0,0,0,0,0,0,14900768,114779298,0,468,1204,7863,623,29801799,35,0,0,0,0,0,0,0,1,0,0,0,0,0,0,0,0,0,0,20461091,0,28714233,234648,0,0,0,0,0,0,0,0,16384,0,0,0,0,0,0,0,0,0,0,0,6519,472,0,0,0,0,0,45293730,0,156,0,3,469,6519,0,0,0,0,0,0,0,0,0,0,0,0,0,0,0,0,0,0,0,0,0,0,0,0,0,0,0,0,0,0,0,0,0,0,0,0,0,0,0,0,0,0,0,0,0,0,0,0,0,0,0,0,0,0,204929672,0,0,0,436590181,0,0,0,0,0,0,0,58680827,79356599,234217655,151165229056,54394968,1,1,0,0,0,0,0,0,0,0,0,0,0,0,0,0,0,0,0,0,0,0,0,0,0,0,0,0,0,0,0,1079,0,0,0,0,0,0,0
1787688225.026,0,0,0,0,0,0,0,625518519,1296018655744,666800562176,0,0,0,0,0,0,0,0,0,0,0,0,0,0,0,0,0,0,0,0,0,0,0,0,0,0,0,0,0,0,0,0,0,0,0,0,0,0,0,0,0,0,0,0,0,0,0,0,0,0,0,0,0,0,0,0,0,0,0,0,7,1666444,79177441,28774587,0,0,0,0,0,0,0,0,0,0,0,0,0,0,0,0,0,0,0,0,0,0,0,0,0,0,0,0,0,0,0,0,0,0,0,0,0,12883329024,7558610944,786336,461341,28722027,0,0,96,786432,78345830,796294,280,3009845261,12884901888,0,623389887,0,0,0,0,0,0,0,0,0,0,0,0,0,0,0,0,0,0,14906117,114784648,0,468,1204,7863,623,29812495,35,0,0,0,0,0,0,0,1,0,0,0,0,0,0,0,0,0,0,20467254,0,28721501,234707,0,0,0,0,0,0,0,0,16384,0,0,0,0,0,0,0,0,0,0,0,6520,472,0,0,0,0,0,45309960,0,156,0,3,469,6520,0,0,0,0,0,0,0,0,0,0,0,0,0,0,0,0,0,0,0,0,0,0,0,0,0,0,0,0,0,0,0,0,0,0,0,0,0,0,0,0,0,0,0,0,0,0,0,0,0,0,0,0,0,0,205013743,0,0,0,436681670,0,0,0,0,0,0,0,58713501,79418722,234309020,151209198080,54426502,0,0,0,0,0,0,0,0,0,0,0,0,0,0,0,0,0,0,0,0,0,0,0,0,0,0,0,0,0,0,0,434,0,0,0,0,0,0,0
1787688226.113,0,0,0,0,0,0,0,625701963,1297030302208,666970479616,0,0,0,0,0,0,0,0,0,0,0,0,0,0,0,0,0,0,0,0,0,0,0,0,0,0,0,0,0,0,0,0,0,0,0,0,0,0,0,0,0,0,0,0,0,0,0,0,0,0,0,0,0,0,0,0,0,0,0,0,7,1666467,79239336,28781883,0,0,0,0,0,0,0,0,0,0,0,0,0,0,0,0,0,0,0,0,0,0,0,0,0,0,0,0,0,0,0,0,0,0,0,0,0,12883329024,7661895680,786336,467645,28729323,0,0,96,786432,78407663,796294,280,3010753129,12884901888,0,623511207,0,0,0,0,0,0,0,0,0,0,0,0,0,0,0,0,0,0,14911426,114789957,0,468,1204,7863,623,29823117,35,0,0,0,0,0,0,0,1,0,0,0,0,0,0,0,0,0,0,20473361,0,28728797,234766,0,0,0,0,0,0,0,0,16384,0,0,0,0,0,0,0,0,0,0,0,6521,472,0,0,0,0,0,45326133,0,156,0,3,469,6521,0,0,0,0,0,0,0,0,0,0,0,0,0,0,0,0,0,0,0,0,0,0,0,0,0,0,0,0,0,0,0,0,0,0,0,0,0,0,0,0,0,0,0,0,0,0,0,0,0,0,0,0,0,0,205096605,0,0,0,436771531,0,0,0,0,0,0,0,58745713,79480456,234399202,151252551680,54457636,0,0,0,0,0,0,0,0,0,0,0,0,0,0,0,0,0,0,0,0,0,0,0,0,0,0,0,0,0,0,0,933,0,0,0,0,0,0,0
1787688227.189,0,0,0,0,0,0,0,625882932,1298028726784,667178513408,0,0,0,0,0,0,0,0,0,0,0,0,0,0,0,0,0,0,0,0,0,0,0,0,0,0,0,0,0,0,0,0,0,0,0,0,0,0,0,0,0,0,0,0,0,0,0,0,0,0,0,0,0,0,0,0,0,0,0,0,7,1666498,79300413,28791369,0,0,0,0,0,0,0,0,0,0,0,0,0,0,0,0,0,0,0,0,0,0,0,0,0,0,0,0,0,0,0,0,0,0,0,0,0,12876759040,7723565056,785935,471409,28736638,401,0,96,786432,78468678,796294,280,3011650955,12884901888,0,623633273,0,0,0,0,0,0,0,0,0,0,0,0,0,0,0,0,0,0,14916674,114795204,0,468,1204,7863,623,29833608,35,0,0,0,0,0,0,0,1,0,0,0,0,0,0,0,0,0,0,20479409,0,28738282,234843,0,0,0,0,0,0,0,0,16384,0,0,0,0,0,0,0,0,0,0,0,6522,472,0,0,0,0,0,45342110,0,156,0,3,469,6522,0,0,0,0,0,0,0,0,0,0,0,0,0,0,0,0,0,0,0,0,0,0,0,0,0,0,0,0,0,0,0,0,0,0,0,0,0,0,0,0,0,0,0,0,0,0,0,0,0,0,0,0,0,0,205178368,0,0,0,436861451,0,0,0,0,0,0,0,58777246,79541420,234490678,151295315968,54487849,1,1,0,0,0,0,0,0,0,0,0,0,0,0,0,0,0,0,0,0,0,0,0,0,0,0,0,0,0,0,0,165,0,0,0,0,0,0,0
1787688228.265,0,0,0,0,0,0,0,626063464,1299023514112,667415508480,0,0,0,0,0,0,0,0,0,0,0,0,0,0,0,0,0,0,0,0,0,0,0,0,0,0,0,0,0,0,0,0,0,0,0,0,0,0,0,0,0,0,0,0,0,0,0,0,0,0,0,0,0,0,0,0,0,0,0,0,7,1666530,79361262,28802985,0,0,0,0,0,0,0,0,0,0,0,0,0,0,0,0,0,0,0,0,0,0,0,0,0,0,0,0,0,0,0,0,0,0,0,0,0,12883329024,7749074944,786336,472966,28743914,0,0,96,786432,78529469,796294,280,3012543736,12884901888,0,623752447,0,0,0,0,0,0,0,0,0,0,0,0,0,0,0,0,0,0,14921903,114800434,0,468,1204,7863,623,29844065,35,0,0,0,0,0,0,0,1,0,0,0,0,0,0,0,0,0,0,20485423,0,28749882,234935,0,0,0,0,0,0,0,0,16384,0,0,0,0,0,0,0,0,0,0,0,6523,472,0,0,0,0,0,45358011,0,156,0,3,469,6523,0,0,0,0,0,0,0,0,0,0,0,0,0,0,0,0,0,0,0,0,0,0,0,0,0,0,0,0,0,0,0,0,0,0,0,0,0,0,0,0,0,0,0,0,0,0,0,0,0,0,0,0,0,0,205256020,0,0,0,436949933,0,0,0,0,0,0,0,58806922,79602146,234579967,151335973376,54515805,1,0,0,0,0,0,0,0,0,0,0,0,0,0,0,0,0,0,0,0,0,0,0,0,0,0,0,0,0,0,0,548,0,0,0,0,0,0,0
1787688229.344,0,0,0,0,0,0,0,626245987,1300027214336,667594762240,0,0,0,0,0,0,0,0,0,0,0,0,0,0,0,0,0,0,0,0,0,0,0,0,0,0,0,0,0,0,0,0,0,0,0,0,0,0,0,0,0,0,0,0,0,0,0,0,0,0,0,0,0,0,0,0,0,0,0,0,7,1666627,79422669,28811037,0,0,0,0,0,0,0,0,0,0,0,0,0,0,0,0,0,0,0,0,0,0,0,0,0,0,0,0,0,0,0,0,0,0,0,0,0,12883296256,7836712960,786335,478315,28758477,0,0,97,786432,78590795,796294,280,3013445482,12884901888,0,623872490,0,0,0,0,0,0,0,0,0,0,0,0,0,0,0,0,0,0,14927185,114805715,0,468,1204,7863,623,29854632,35,0,0,0,0,0,0,0,1,0,0,0,0,0,0,0,0,0,0,20491507,0,28757951,234999,0,0,0,0,0,0,0,0,16384,0,0,0,0,0,0,0,0,0,0,0,6525,472,0,0,0,0,0,45374084,0,156,0,3,469,6525,0,0,0,0,0,0,0,0,0,0,0,0,0,0,0,0,0,0,0,0,0,0,0,0,0,0,0,0,0,0,0,0,0,0,0,0,0,0,0,0,0,0,0,0,0,0,0,0,0,0,0,0,0,0,205339433,0,0,0,437039254,0,0,0,0,0,0,0,58839307,79663415,234671259,151379578880,54546979,1,0,0,0,0,0,0,0,0,0,0,0,0,0,0,0,0,0,0,0,0,0,0,0,0,0,0,0,0,0,0,1018,0,0,0,0,0,0,0
1787688230.418,0,0,0,0,0,0,0,626429147,1301036698112,667768164352,0,0,0,0,0,0,0,0,0,0,0,0,0,0,0,0,0,0,0,0,0,0,0,0,0,0,0,0,0,0,0,0,0,0,0,0,0,0,0,0,0,0,0,0,0,0,0,0,0,0,0,0,0,0,0,0,0,0,0,0,7,1666660,79484424,28818538,0,0,0,0,0,0,0,0,0,0,0,0,0,0,0,0,0,0,0,0,0,0,0,0,0,0,0,0,0,0,0,0,0,0,0,0,0,12883329024,7929167872,786336,483958,28765978,0,0,96,786432,78652478,796294,280,3014353483,12884901888,0,623995487,0,0,0,0,0,0,0,0,0,0,0,0,0,0,0,0,0,0,14932501,114811031,0,468,1204,7863,623,29865271,35,0,0,0,0,0,0,0,1,0,0,0,0,0,0,0,0,0,0,20497631,0,28765452,235059,0,0,0,0,0,0,0,0,16384,0,0,0,0,0,0,0,0,0,0,0,6526,472,0,0,0,0,0,45390248,0,156,0,3,469,6526,0,0,0,0,0,0,0,0,0,0,0,0,0,0,0,0,0,0,0,0,0,0,0,0,0,0,0,0,0,0,0,0,0,0,0,0,0,0,0,0,0,0,0,0,0,0,0,0,0,0,0,0,0,0,205422975,0,0,0,437130243,0,0,0,0,0,0,0,58871826,79725053,234762323,151423346688,54578355,1,0,0,0,0,0,0,0,0,0,0,0,0,0,0,0,0,0,0,0,0,0,0,0,0,0,0,0,0,0,0,326,0,0,0,0,0,0,0
1787688231.497,0,0,0,0,0,0,0,626612782,1302045772288,667944423424,0,0,0,0,0,0,0,0,0,0,0,0,0,0,0,0,0,0,0,0,0,0,0,0,0,0,0,0,0,0,0,0,0,0,0,0,0,0,0,0,0,0,0,0,0,0,0,0,0,0,0,0,0,0,0,0,0,0,0,0,7,1666729,79546148,28826220,0,0,0,0,0,0,0,0,0,0,0,0,0,0,0,0,0,0,0,0,0,0,0,0,0,0,0,0,0,0,0,0,0,0,0,0,0,12883329024,8017674240,786336,489360,28773660,0,0,96,786432,78714131,796294,280,3015260517,12884901888,0,624115783,0,0,0,0,0,0,0,0,0,0,0,0,0,0,0,0,0,0,14937828,114816357,0,468,1204,7863,623,29875920,35,0,0,0,0,0,0,0,1,0,0,0,0,0,0,0,0,0,0,20503766,0,28773134,235121,0,0,0,0,0,0,0,0,16384,0,0,0,0,0,0,0,0,0,0,0,6527,472,0,0,0,0,0,45406428,0,156,0,3,469,6527,0,0,0,0,0,0,0,0,0,0,0,0,0,0,0,0,0,0,0,0,0,0,0,0,0,0,0,0,0,0,0,0,0,0,0,0,0,0,0,0,0,0,0,0,0,0,0,0,0,0,0,0,0,0,205506889,0,0,0,437220235,0,0,0,0,0,0,0,58904618,79786639,234853932,151467088896,54610016,1,0,0,0,0,0,0,0,0,0,0,0,0,0,0,0,0,0,0,0,0,0,0,0,0,0,0,0,0,0,0,856,0,0,0,0,0,0,0
1787688232.575,0,0,0,0,0,0,0,626795839,1303049144832,668123436544,0,0,0,0,0,0,0,0,0,0,0,0,0,0,0,0,0,0,0,0,0,0,0,0,0,0,0,0,0,0,0,0,0,0,0,0,0,0,0,0,0,0,0,0,0,0,0,0,0,0,0,0,0,0,0,0,0,0,0,0,7,1666793,79607514,28834047,0,0,0,0,0,0,0,0,0,0,0,0,0,0,0,0,0,0,0,0,0,0,0,0,0,0,0,0,0,0,0,0,0,0,0,0,0,12883312640,8103034880,786335,494570,28781487,0,0,96,786432,78775427,796294,280,3016167795,12884901888,0,624239375,0,0,0,0,0,0,0,0,0,0,0,0,0,0,0,0,0,0,14943128,114821659,0,468,1204,7863,623,29886515,35,0,0,0,0,0,0,0,1,0,0,0,0,0,0,0,0,0,0,20509867,0,28780961,235183,0,0,0,0,0,0,0,0,16384,0,0,0,0,0,0,0,0,0,0,0,6528,472,0,0,0,0,0,45422549,0,156,0,3,469,6528,0,0,0,0,0,0,0,0,0,0,0,0,0,0,0,0,0,0,0,0,0,0,0,0,0,0,0,0,0,0,0,0,0,0,0,0,0,0,0,0,0,0,0,0,0,0,0,0,0,0,0,0,0,0,205591009,0,0,0,437311091,0,0,0,0,0,0,0,58937243,79847893,234945895,151511038464,54641486,1,0,0,0,0,0,0,0,0,0,0,0,0,0,0,0,0,0,0,0,0,0,0,0,0,0,0,0,0,0,0,95,0,0,0,0,0,0,0
1787688233.652,0,0,0,0,0,0,0,626977522,1304054794752,668301905408,0,0,0,0,0,0,0,0,0,0,0,0,0,0,0,0,0,0,0,0,0,0,0,0,0,0,0,0,0,0,0,0,0,0,0,0,0,0,0,0,0,0,0,0,0,0,0,0,0,0,0,0,0,0,0,0,0,0,0,0,7,1666847,79669037,28841964,0,0,0,0,0,0,0,0,0,0,0,0,0,0,0,0,0,0,0,0,0,0,0,0,0,0,0,0,0,0,0,0,0,0,0,0,0,12883329024,8183414784,786334,499476,28789404,0,0,98,786432,78836877,796294,280,3017066000,12884901888,0,624358833,0,0,0,0,0,0,0,0,0,0,0,0,0,0,0,0,0,0,14948389,114826919,0,468,1204,7863,623,29897041,35,0,0,0,0,0,0,0,1,0,0,0,0,0,0,0,0,0,0,20515922,0,28788878,235246,0,0,0,0,0,0,0,0,16384,0,0,0,0,0,0,0,0,0,0,0,6529,472,0,0,0,0,0,45438538,0,156,0,3,469,6529,0,0,0,0,0,0,0,0,0,0,0,0,0,0,0,0,0,0,0,0,0,0,0,0,0,0,0,0,0,0,0,0,0,0,0,0,0,0,0,0,0,0,0,0,0,0,0,0,0,0,0,0,0,0,205671261,0,0,0,437400106,0,0,0,0,0,0,0,58967984,79909274,235034088,151553016320,54671099,1,0,0,0,0,0,0,0,0,0,0,0,0,0,0,0,0,0,0,0,0,0,0,0,0,0,0,0,0,0,0,541,0,0,0,0,0,0,0
1787688234.727,0,0,0,0,0,0,0,627159599,1305057774080,668481582592,0,0,0,0,0,0,0,0,0,0,0,0,0,0,0,0,0,0,0,0,0,0,0,0,0,0,0,0,0,0,0,0,0,0,0,0,0,0,0,0,0,0,0,0,0,0,0,0,0,0,0,0,0,0,0,0,0,0,0,0,7,1666883,79730393,28849900,0,0,0,0,0,0,0,0,0,0,0,0,0,0,0,0,0,0,0,0,0,0,0,0,0,0,0,0,0,0,0,0,0,0,0,0,0,12883329024,8262467584,786336,504301,28797340,0,0,96,786432,78898181,796294,280,3017965822,12884901888,0,624478810,0,0,0,0,0,0,0,0,0,0,0,0,0,0,0,0,0,0,14953654,114832185,0,468,1204,7863,623,29907572,35,0,0,0,0,0,0,0,1,0,0,0,0,0,0,0,0,0,0,20521990,0,28796814,235311,0,0,0,0,0,0,0,0,16384,0,0,0,0,0,0,0,0,0,0,0,6530,472,0,0,0,0,0,45454551,0,156,0,3,469,6530,0,0,0,0,0,0,0,0,0,0,0,0,0,0,0,0,0,0,0,0,0,0,0,0,0,0,0,0,0,0,0,0,0,0,0,0,0,0,0,0,0,0,0,0,0,0,0,0,0,0,0,0,0,0,205753589,0,0,0,437489231,0,0,0,0,0,0,0,58999299,79970508,235124360,151596079104,54701185,1,0,0,0,0,0,0,0,0,0,0,0,0,0,0,0,0,0,0,0,0,0,0,0,0,0,0,0,0,0,0,1000,0,0,0,0,0,0,0
1787688235.804,0,0,0,0,0,0,0,627337064,1306035833344,668660651008,0,0,0,0,0,0,0,0,0,0,0,0,0,0,0,0,0,0,0,0,0,0,0,0,0,0,0,0,0,0,0,0,0,0,0,0,0,0,0,0,0,0,0,0,0,0,0,0,0,0,0,0,0,0,0,0,0,0,0,0,7,1666911,79790235,28857796,0,0,0,0,0,0,0,0,0,0,0,0,0,0,0,0,0,0,0,0,0,0,0,0,0,0,0,0,0,0,0,0,0,0,0,0,0,12883329024,8336703488,786336,508832,28805236,0,0,96,786432,78957926,796294,280,3018846303,12884901888,0,624599054,0,0,0,0,0,0,0,0,0,0,0,0,0,0,0,0,0,0,14958800,114837331,0,468,1204,7863,623,29917862,35,0,0,0,0,0,0,0,1,0,0,0,0,0,0,0,0,0,0,20527924,0,28804710,235373,0,0,0,0,0,0,0,0,16384,0,0,0,0,0,0,0,0,0,0,0,6531,472,0,0,0,0,0,45470198,0,156,0,3,469,6531,0,0,0,0,0,0,0,0,0,0,0,0,0,0,0,0,0,0,0,0,0,0,0,0,0,0,0,0,0,0,0,0,0,0,0,0,0,0,0,0,0,0,0,0,0,0,0,0,0,0,0,0,0,0,205835471,0,0,0,437577512,0,0,0,0,0,0,0,59028463,80030227,235214177,151638969856,54729232,0,0,0,0,0,0,0,0,0,0,0,0,0,0,0,0,0,0,0,0,0,0,0,0,0,0,0,0,0,0,0,129,0,0,0,0,0,0,0
1787688236.883,0,0,0,0,0,0,0,627511340,1306991561216,668837263872,0,0,0,0,0,0,0,0,0,0,0,0,0,0,0,0,0,0,0,0,0,0,0,0,0,0,0,0,0,0,0,0,0,0,0,0,0,0,0,0,0,0,0,0,0,0,0,0,0,0,0,0,0,0,0,0,0,0,0,0,7,1666930,79848695,28865660,0,0,0,0,0,0,0,0,0,0,0,0,0,0,0,0,0,0,0,0,0,0,0,0,0,0,0,0,0,0,0,0,0,0,0,0,0,12883329024,8408236032,786336,513198,28813100,0,0,96,786432,79016300,796294,280,3019706994,12884901888,0,624714157,0,0,0,0,0,0,0,0,0,0,0,0,0,0,0,0,0,0,14963846,114842377,0,468,1204,7863,623,29927956,35,0,0,0,0,0,0,0,1,0,0,0,0,0,0,0,0,0,0,20533730,0,28812574,235435,0,0,0,0,0,0,0,0,16384,0,0,0,0,0,0,0,0,0,0,0,6532,472,0,0,0,0,0,45485545,0,156,0,3,469,6532,0,0,0,0,0,0,0,0,0,0,0,0,0,0,0,0,0,0,0,0,0,0,0,0,0,0,0,0,0,0,0,0,0,0,0,0,0,0,0,0,0,0,0,0,0,0,0,0,0,0,0,0,0,0,205914367,0,0,0,437663051,0,0,0,0,0,0,0,59055401,80088575,235300986,151680174592,54755015,0,0,0,0,0,0,0,0,0,0,0,0,0,0,0,0,0,0,0,0,0,0,0,0,0,0,0,0,0,0,0,380,0,0,0,0,0,0,0
1787688237.962,0,0,0,0,0,0,0,627684827,1307946715648,669013187072,0,0,0,0,0,0,0,0,0,0,0,0,0,0,0,0,0,0,0,0,0,0,0,0,0,0,0,0,0,0,0,0,0,0,0,0,0,0,0,0,0,0,0,0,0,0,0,0,0,0,0,0,0,0,0,0,0,0,0,0,7,1666956,79907121,28873585,0,0,0,0,0,0,0,0,0,0,0,0,0,0,0,0,0,0,0,0,0,0,0,0,0,0,0,0,0,0,0,0,0,0,0,0,0,12883329024,8476262400,786336,517350,28821025,0,0,96,786432,79074658,796294,280,3020564692,12884901888,0,624828755,0,0,0,0,0,0,0,0,0,0,0,0,0,0,0,0,0,0,14968872,114847402,0,468,1204,7863,623,29938008,35,0,0,0,0,0,0,0,1,0,0,0,0,0,0,0,0,0,0,20539513,0,28820499,235498,0,0,0,0,0,0,0,0,16384,0,0,0,0,0,0,0,0,0,0,0,6533,472,0,0,0,0,0,45500814,0,156,0,3,469,6533,0,0,0,0,0,0,0,0,0,0,0,0,0,0,0,0,0,0,0,0,0,0,0,0,0,0,0,0,0,0,0,0,0,0,0,0,0,0,0,0,0,0,0,0,0,0,0,0,0,0,0,0,0,0,205989927,0,0,0,437748241,0,0,0,0,0,0,0,59081009,80146872,235384506,151719784960,54779426,1,1,0,0,0,0,0,0,0,0,0,0,0,0,0,0,0,0,0,0,0,0,0,0,0,0,0,0,0,0,0,607,0,0,0,0,0,0,0
1787688239.041,0,0,0,0,0,0,0,627861901,1308920875520,669188292096,0,0,0,0,0,0,0,0,0,0,0,0,0,0,0,0,0,0,0,0,0,0,0,0,0,0,0,0,0,0,0,0,0,0,0,0,0,0,0,0,0,0,0,0,0,0,0,0,0,0,0,0,0,0,0,0,0,0,0,0,7,1667050,79966726,28881438,0,0,0,0,0,0,0,0,0,0,0,0,0,0,0,0,0,0,0,0,0,0,0,0,0,0,0,0,0,0,0,0,0,0,0,0,0,12883329024,8547942400,786336,521725,28828878,0,0,96,786432,79134205,796294,280,3021440149,12884901888,0,624946193,0,0,0,0,0,0,0,0,0,0,0,0,0,0,0,0,0,0,14974003,114852533,0,468,1204,7863,623,29948265,35,0,0,0,0,0,0,0,1,0,0,0,0,0,0,0,0,0,0,20545423,0,28828352,235561,0,0,0,0,0,0,0,0,16384,0,0,0,0,0,0,0,0,0,0,0,6534,472,0,0,0,0,0,45516403,0,156,0,3,469,6534,0,0,0,0,0,0,0,0,0,0,0,0,0,0,0,0,0,0,0,0,0,0,0,0,0,0,0,0,0,0,0,0,0,0,0,0,0,0,0,0,0,0,0,0,0,0,0,0,0,0,0,0,0,0,206065675,0,0,0,437835117,0,0,0,0,0,0,0,59107826,80206354,235468142,151759692288,54805117,0,0,0,0,0,0,0,0,0,0,0,0,0,0,0,0,0,0,0,0,0,0,0,0,0,0,0,0,0,0,0,931,0,0,0,0,0,0,0
1787688240.119,0,0,0,0,0,0,0,628040405,1309900245504,669367625216,0,0,0,0,0,0,0,0,0,0,0,0,0,0,0,0,0,0,0,0,0,0,0,0,0,0,0,0,0,0,0,0,0,0,0,0,0,0,0,0,0,0,0,0,0,0,0,0,0,0,0,0,0,0,0,0,0,0,0,0,7,1667080,80026635,28889341,0,0,0,0,0,0,0,0,0,0,0,0,0,0,0,0,0,0,0,0,0,0,0,0,0,0,0,0,0,0,0,0,0,0,0,0,0,12883329024,8618131456,786336,526009,28836781,0,0,96,786432,79194039,796294,280,3022325546,12884901888,0,625066773,0,0,0,0,0,0,0,0,0,0,0,0,0,0,0,0,0,0,14979171,114857702,0,468,1204,7863,623,29958606,35,0,0,0,0,0,0,0,1,0,0,0,0,0,0,0,0,0,0,20551381,0,28836255,235624,0,0,0,0,0,0,0,0,16384,0,0,0,0,0,0,0,0,0,0,0,6535,472,0,0,0,0,0,45532138,0,156,0,3,469,6535,0,0,0,0,0,0,0,0,0,0,0,0,0,0,0,0,0,0,0,0,0,0,0,0,0,0,0,0,0,0,0,0,0,0,0,0,0,0,0,0,0,0,0,0,0,0,0,0,0,0,0,0,0,0,206147960,0,0,0,437923831,0,0,0,0,0,0,0,59138225,80266126,235558360,151802765824,54834346,1,1,0,0,0,0,0,0,0,0,0,0,0,0,0,0,0,0,0,0,0,0,0,0,0,0,0,0,0,0,0,84,0,0,0,0,0,0,0
1787688241.197,0,0,0,0,0,0,0,628213406,1310851074560,669589326336,0,0,0,0,0,0,0,0,0,0,0,0,0,0,0,0,0,0,0,0,0,0,0,0,0,0,0,0,0,0,0,0,0,0,0,0,0,0,0,0,0,0,0,0,0,0,0,0,0,0,0,0,0,0,0,0,0,0,0,0,7,1667139,80084785,28900007,0,0,0,0,0,0,0,0,0,0,0,0,0,0,0,0,0,0,0,0,0,0,0,0,0,0,0,0,0,0,0,0,0,0,0,0,0,12875726848,8636841984,785872,527151,28844764,464,0,97,786432,79252122,796294,280,3023181042,12884901888,0,625181263,0,0,0,0,0,0,0,0,0,0,0,0,0,0,0,0,0,0,14984182,114862712,0,468,1204,7863,623,29968630,35,0,0,0,0,0,0,0,1,0,0,0,0,0,0,0,0,0,0,20557148,0,28846799,235711,0,0,0,0,0,0,0,0,16384,0,0,0,0,0,0,0,0,0,0,0,6536,472,0,0,0,0,0,45547376,0,156,0,3,469,6536,0,0,0,0,0,0,0,0,0,0,0,0,0,0,0,0,0,0,0,0,0,0,0,0,0,0,0,0,0,0,0,0,0,0,0,0,0,0,0,0,0,0,0,0,0,0,0,0,0,0,0,0,0,0,206225285,0,0,0,438008834,0,0,0,0,0,0,0,59165819,80324174,235646418,151843229184,54860339,1,1,0,0,0,0,0,0,0,0,0,0,0,0,0,0,0,0,0,0,0,0,0,0,0,0,0,0,0,0,0,291,0,0,0,0,0,0,0
1787688242.273,0,0,0,0,0,0,0,628384747,1311792007680,669838997504,0,0,0,0,0,0,0,0,0,0,0,0,0,0,0,0,0,0,0,0,0,0,0,0,0,0,0,0,0,0,0,0,0,0,0,0,0,0,0,0,0,0,0,0,0,0,0,0,0,0,0,0,0,0,0,0,0,0,0,0,7,1667188,80142337,28912233,0,0,0,0,0,0,0,0,0,0,0,0,0,0,0,0,0,0,0,0,0,0,0,0,0,0,0,0,0,0,0,0,0,0,0,0,0,12883329024,8628748288,786336,526657,28852727,0,0,96,786432,79309610,796294,280,3024028333,12884901888,0,625295028,0,0,0,0,0,0,0,0,0,0,0,0,0,0,0,0,0,0,14989143,114867674,0,468,1204,7863,623,29978547,35,0,0,0,0,0,0,0,1,0,0,0,0,0,0,0,0,0,0,20562858,0,28859139,235812,0,0,0,0,0,0,0,0,16384,0,0,0,0,0,0,0,0,0,0,0,6537,472,0,0,0,0,0,45562451,0,156,0,3,469,6537,0,0,0,0,0,0,0,0,0,0,0,0,0,0,0,0,0,0,0,0,0,0,0,0,0,0,0,0,0,0,0,0,0,0,0,0,0,0,0,0,0,0,0,0,0,0,0,0,0,0,0,0,0,0,206301551,0,0,0,438092997,0,0,0,0,0,0,0,59192275,80381609,235735137,151883237376,54884992,1,0,0,0,0,0,0,0,0,0,0,0,0,0,0,0,0,0,0,0,0,0,0,0,0,0,0,0,0,0,0,435,0,0,0,0,0,0,0
1787688243.350,0,0,0,0,0,0,0,628562167,1312769886720,670032941056,0,0,0,0,0,0,0,0,0,0,0,0,0,0,0,0,0,0,0,0,0,0,0,0,0,0,0,0,0,0,0,0,0,0,0,0,0,0,0,0,0,0,0,0,0,0,0,0,0,0,0,0,0,0,0,0,0,0,0,0,7,1667217,80202169,28921274,0,0,0,0,0,0,0,0,0,0,0,0,0,0,0,0,0,0,0,0,0,0,0,0,0,0,0,0,0,0,0,0,0,0,0,0,0,12883329024,8679489536,786336,529754,28868714,0,0,96,786432,79369368,796294,280,3024904933,12884901888,0,625411818,0,0,0,0,0,0,0,0,0,0,0,0,0,0,0,0,0,0,14994288,114872819,0,468,1204,7863,623,29988835,35,0,0,0,0,0,0,0,1,0,0,0,0,0,0,0,0,0,0,20568784,0,28868188,235887,0,0,0,0,0,0,0,0,16384,0,0,0,0,0,0,0,0,0,0,0,6539,472,0,0,0,0,0,45578104,0,156,0,3,469,6539,0,0,0,0,0,0,0,0,0,0,0,0,0,0,0,0,0,0,0,0,0,0,0,0,0,0,0,0,0,0,0,0,0,0,0,0,0,0,0,0,0,0,0,0,0,0,0,0,0,0,0,0,0,0,206383104,0,0,0,438180014,0,0,0,0,0,0,0,59221766,80441322,235825576,151925822464,54913118,1,1,0,0,0,0,0,0,0,0,0,0,0,0,0,0,0,0,0,0,0,0,0,0,0,0,0,0,0,0,0,773,0,0,0,0,0,0,0
1787688244.426,0,0,0,0,0,0,0,628739013,1313740622336,670214317056,0,0,0,0,0,0,0,0,0,0,0,0,0,0,0,0,0,0,0,0,0,0,0,0,0,0,0,0,0,0,0,0,0,0,0,0,0,0,0,0,0,0,0,0,0,0,0,0,0,0,0,0,0,0,0,0,0,0,0,0,7,1667235,80261543,28929338,0,0,0,0,0,0,0,0,0,0,0,0,0,0,0,0,0,0,0,0,0,0,0,0,0,0,0,0,0,0,0,0,0,0,0,0,0,12883329024,8744599552,786335,533728,28876778,0,0,97,786432,79428672,796294,280,3025778368,12884901888,0,625528302,0,0,0,0,0,0,0,0,0,0,0,0,0,0,0,0,0,0,14999407,114877938,0,468,1204,7863,623,29999077,35,0,0,0,0,0,0,0,1,0,0,0,0,0,0,0,0,0,0,20574670,0,28876252,235953,0,0,0,0,0,0,0,0,16384,0,0,0,0,0,0,0,0,0,0,0,6540,472,0,0,0,0,0,45593682,0,156,0,3,469,6540,0,0,0,0,0,0,0,0,0,0,0,0,0,0,0,0,0,0,0,0,0,0,0,0,0,0,0,0,0,0,0,0,0,0,0,0,0,0,0,0,0,0,0,0,0,0,0,0,0,0,0,0,0,0,206464697,0,0,0,438266836,0,0,0,0,0,0,0,59251419,80500590,235915262,151968472064,54941650,0,0,0,0,0,0,0,0,0,0,0,0,0,0,0,0,0,0,0,0,0,0,0,0,0,0,0,0,0,0,0,1079,0,0,0,0,0,0,0
1787688245.501,0,0,0,0,0,0,0,628915850,1314715699712,670395071488,0,0,0,0,0,0,0,0,0,0,0,0,0,0,0,0,0,0,0,0,0,0,0,0,0,0,0,0,0,0,0,0,0,0,0,0,0,0,0,0,0,0,0,0,0,0,0,0,0,0,0,0,0,0,0,0,0,0,0,0,7,1667260,80321184,28937388,0,0,0,0,0,0,0,0,0,0,0,0,0,0,0,0,0,0,0,0,0,0,0,0,0,0,0,0,0,0,0,0,0,0,0,0,0,12883329024,8811053056,786336,537784,28884828,0,0,96,786432,79488231,796294,280,3026655630,12884901888,0,625647461,0,0,0,0,0,0,0,0,0,0,0,0,0,0,0,0,0,0,15004540,114883070,0,468,1204,7863,623,30009343,35,0,0,0,0,0,0,0,1,0,0,0,0,0,0,0,0,0,0,20580579,0,28884302,236019,0,0,0,0,0,0,0,0,16384,0,0,0,0,0,0,0,0,0,0,0,6541,472,0,0,0,0,0,45609281,0,156,0,3,469,6541,0,0,0,0,0,0,0,0,0,0,0,0,0,0,0,0,0,0,0,0,0,0,0,0,0,0,0,0,0,0,0,0,0,0,0,0,0,0,0,0,0,0,0,0,0,0,0,0,0,0,0,0,0,0,206545382,0,0,0,438354873,0,0,0,0,0,0,0,59280853,80560106,236004041,152010546176,54969884,0,1,0,0,0,0,0,0,0,0,0,0,0,0,0,0,0,0,0,0,0,0,0,0,0,0,0,0,0,0,0,208,0,0,0,0,0,0,0
1787688246.580,0,0,0,0,0,0,0,629092134,1315686730240,670573987328,0,0,0,0,0,0,0,0,0,0,0,0,0,0,0,0,0,0,0,0,0,0,0,0,0,0,0,0,0,0,0,0,0,0,0,0,0,0,0,0,0,0,0,0,0,0,0,0,0,0,0,0,0,0,0,0,0,0,0,0,7,1667281,80380608,28945471,0,0,0,0,0,0,0,0,0,0,0,0,0,0,0,0,0,0,0,0,0,0,0,0,0,0,0,0,0,0,0,0,0,0,0,0,0,12883312640,8875851776,786335,541739,28892911,1,0,96,786432,79547587,796294,280,3027526418,12884901888,0,625763663,0,0,0,0,0,0,0,0,0,0,0,0,0,0,0,0,0,0,15009646,114888177,0,468,1204,7863,623,30019552,35,0,0,0,0,0,0,0,1,0,0,0,0,0,0,0,0,0,0,20586455,0,28892385,236084,0,0,0,0,0,0,0,0,16384,0,0,0,0,0,0,0,0,0,0,0,6542,472,0,0,0,0,0,45624792,0,156,0,3,469,6542,0,0,0,0,0,0,0,0,0,0,0,0,0,0,0,0,0,0,0,0,0,0,0,0,0,0,0,0,0,0,0,0,0,0,0,0,0,0,0,0,0,0,0,0,0,0,0,0,0,0,0,0,0,0,206621329,0,0,0,438441426,0,0,0,0,0,0,0,59308337,80619340,236088108,152050322944,54996140,1,1,0,0,0,0,0,0,0,0,0,0,0,0,0,0,0,0,0,0,0,0,0,0,0,0,0,0,0,0,0,507,0,0,0,0,0,0,0
1787688247.653,0,0,0,0,0,0,0,629268922,1316663233024,670752966656,0,0,0,0,0,0,0,0,0,0,0,0,0,0,0,0,0,0,0,0,0,0,0,0,0,0,0,0,0,0,0,0,0,0,0,0,0,0,0,0,0,0,0,0,0,0,0,0,0,0,0,0,0,0,0,0,0,0,0,0,7,1667375,80440343,28953553,0,0,0,0,0,0,0,0,0,0,0,0,0,0,0,0,0,0,0,0,0,0,0,0,0,0,0,0,0,0,0,0,0,0,0,0,0,12883329024,8940748800,786336,545700,28900993,0,0,96,786432,79607251,796294,280,3028400900,12884901888,0,625880572,0,0,0,0,0,0,0,0,0,0,0,0,0,0,0,0,0,0,15014760,114893291,0,468,1204,7863,623,30029783,35,0,0,0,0,0,0,0,1,0,0,0,0,0,0,0,0,0,0,20592340,0,28900467,236149,0,0,0,0,0,0,0,0,16384,0,0,0,0,0,0,0,0,0,0,0,6543,472,0,0,0,0,0,45640349,0,156,0,3,469,6543,0,0,0,0,0,0,0,0,0,0,0,0,0,0,0,0,0,0,0,0,0,0,0,0,0,0,0,0,0,0,0,0,0,0,0,0,0,0,0,0,0,0,0,0,0,0,0,0,0,0,0,0,0,0,206697182,0,0,0,438528081,0,0,0,0,0,0,0,59335667,80678865,236172101,152090072576,55022303,0,0,0,0,0,0,0,0,0,0,0,0,0,0,0,0,0,0,0,0,0,0,0,0,0,0,0,0,0,0,0,825,0,0,0,0,0,0,0
1787688248.731,0,0,0,0,0,0,0,629445757,1317637573120,670935321600,0,0,0,0,0,0,0,0,0,0,0,0,0,0,0,0,0,0,0,0,0,0,0,0,0,0,0,0,0,0,0,0,0,0,0,0,0,0,0,0,0,0,0,0,0,0,0,0,0,0,0,0,0,0,0,0,0,0,0,0,7,1667404,80499929,28961722,0,0,0,0,0,0,0,0,0,0,0,0,0,0,0,0,0,0,0,0,0,0,0,0,0,0,0,0,0,0,0,0,0,0,0,0,0,12883312640,8999436288,786335,549282,28909162,0,0,96,786432,79666778,796294,280,3029274890,12884901888,0,625997185,0,0,0,0,0,0,0,0,0,0,0,0,0,0,0,0,0,0,15019890,114898421,0,468,1204,7863,623,30040047,35,0,0,0,0,0,0,0,1,0,0,0,0,0,0,0,0,0,0,20598240,0,28908636,236215,0,0,0,0,0,0,0,0,16384,0,0,0,0,0,0,0,0,0,0,0,6544,472,0,0,0,0,0,45655947,0,156,0,3,469,6544,0,0,0,0,0,0,0,0,0,0,0,0,0,0,0,0,0,0,0,0,0,0,0,0,0,0,0,0,0,0,0,0,0,0,0,0,0,0,0,0,0,0,0,0,0,0,0,0,0,0,0,0,0,0,206777241,0,0,0,438614946,0,0,0,0,0,0,0,59365174,80738346,236260354,152132066304,55050592,1,1,0,0,0,0,0,0,0,0,0,0,0,0,0,0,0,0,0,0,0,0,0,0,0,0,0,0,0,0,0,1144,0,0,0,0,0,0,0
1787688249.811,0,0,0,0,0,0,0,629622347,1318606146048,671118769664,0,0,0,0,0,0,0,0,0,0,0,0,0,0,0,0,0,0,0,0,0,0,0,0,0,0,0,0,0,0,0,0,0,0,0,0,0,0,0,0,0,0,0,0,0,0,0,0,0,0,0,0,0,0,0,0,0,0,0,0,7,1667490,80559195,28969909,0,0,0,0,0,0,0,0,0,0,0,0,0,0,0,0,0,0,0,0,0,0,0,0,0,0,0,0,0,0,0,0,0,0,0,0,0,12883329024,9061023744,786336,553041,28917349,0,0,96,786432,79725960,796294,280,3030150797,12884901888,0,626116771,0,0,0,0,0,0,0,0,0,0,0,0,0,0,0,0,0,0,15025005,114903535,0,468,1204,7863,623,30050275,35,0,0,0,0,0,0,0,1,0,0,0,0,0,0,0,0,0,0,20604134,0,28916823,236281,0,0,0,0,0,0,0,0,16384,0,0,0,0,0,0,0,0,0,0,0,6545,472,0,0,0,0,0,45671500,0,156,0,3,469,6545,0,0,0,0,0,0,0,0,0,0,0,0,0,0,0,0,0,0,0,0,0,0,0,0,0,0,0,0,0,0,0,0,0,0,0,0,0,0,0,0,0,0,0,0,0,0,0,0,0,0,0,0,0,0,206859061,0,0,0,438702866,0,0,0,0,0,0,0,59394911,80797484,236350385,152174991872,55079120,1,0,0,0,0,0,0,0,0,0,0,0,0,0,0,0,0,0,0,0,0,0,0,0,0,0,0,0,0,0,0,245,0,0,0,0,0,0,0
1787688250.887,0,0,0,0,0,0,0,629800141,1319583123968,671301859328,0,0,0,0,0,0,0,0,0,0,0,0,0,0,0,0,0,0,0,0,0,0,0,0,0,0,0,0,0,0,0,0,0,0,0,0,0,0,0,0,0,0,0,0,0,0,0,0,0,0,0,0,0,0,0,0,0,0,0,0,7,1667523,80618956,28978078,0,0,0,0,0,0,0,0,0,0,0,0,0,0,0,0,0,0,0,0,0,0,0,0,0,0,0,0,0,0,0,0,0,0,0,0,0,12883329024,9122955264,786335,556821,28925518,0,0,97,786432,79785663,796294,280,3031029188,12884901888,0,626234350,0,0,0,0,0,0,0,0,0,0,0,0,0,0,0,0,0,0,15030155,114908686,0,468,1204,7863,623,30060573,35,0,0,0,0,0,0,0,1,0,0,0,0,0,0,0,0,0,0,20610067,0,28924992,236347,0,0,0,0,0,0,0,0,16384,0,0,0,0,0,0,0,0,0,0,0,6546,472,0,0,0,0,0,45687148,0,156,0,3,469,6546,0,0,0,0,0,0,0,0,0,0,0,0,0,0,0,0,0,0,0,0,0,0,0,0,0,0,0,0,0,0,0,0,0,0,0,0,0,0,0,0,0,0,0,0,0,0,0,0,0,0,0,0,0,0,206940108,0,0,0,438790030,0,0,0,0,0,0,0,59424771,80857112,236439610,152217510400,55107775,0,1,0,0,0,0,0,0,0,0,0,0,0,0,0,0,0,0,0,0,0,0,0,0,0,0,0,0,0,0,0,605,0,0,0,0,0,0,0
1787688251.967,0,0,0,0,0,0,0,629975787,1320548846080,671483425280,0,0,0,0,0,0,0,0,0,0,0,0,0,0,0,0,0,0,0,0,0,0,0,0,0,0,0,0,0,0,0,0,0,0,0,0,0,0,0,0,0,0,0,0,0,0,0,0,0,0,0,0,0,0,0,0,0,0,0,0,7,1667550,80678011,28986255,0,0,0,0,0,0,0,0,0,0,0,0,0,0,0,0,0,0,0,0,0,0,0,0,0,0,0,0,0,0,0,0,0,0,0,0,0,12883329024,9182003200,786336,560425,28933695,0,0,96,786432,79844635,796294,280,3031897367,12884901888,0,626350390,0,0,0,0,0,0,0,0,0,0,0,0,0,0,0,0,0,0,15035234,114913765,0,468,1204,7863,623,30070731,35,0,0,0,0,0,0,0,1,0,0,0,0,0,0,0,0,0,0,20615914,0,28933169,236413,0,0,0,0,0,0,0,0,16384,0,0,0,0,0,0,0,0,0,0,0,6547,472,0,0,0,0,0,45702608,0,156,0,3,469,6547,0,0,0,0,0,0,0,0,0,0,0,0,0,0,0,0,0,0,0,0,0,0,0,0,0,0,0,0,0,0,0,0,0,0,0,0,0,0,0,0,0,0,0,0,0,0,0,0,0,0,0,0,0,0,207018754,0,0,0,438876191,0,0,0,0,0,0,0,59453408,80916062,236526471,152258539520,55135160,0,0,0,0,0,0,0,0,0,0,0,0,0,0,0,0,0,0,0,0,0,0,0,0,0,0,0,0,0,0,0,884,0,0,0,0,0,0,0
1787688253.047,0,0,0,0,0,0,0,630152373,1321525250560,671665915392,0,0,0,0,0,0,0,0,0,0,0,0,0,0,0,0,0,0,0,0,0,0,0,0,0,0,0,0,0,0,0,0,0,0,0,0,0,0,0,0,0,0,0,0,0,0,0,0,0,0,0,0,0,0,0,0,0,0,0,0,7,1667608,80737735,28994472,0,0,0,0,0,0,0,0,0,0,0,0,0,0,0,0,0,0,0,0,0,0,0,0,0,0,0,0,0,0,0,0,0,0,0,0,0,12883329024,9243803648,786335,564197,28941912,0,0,98,786432,79904280,796294,280,3032770340,12884901888,0,626466599,0,0,0,0,0,0,0,0,0,0,0,0,0,0,0,0,0,0,15040354,114918883,0,468,1204,7863,623,30080972,35,0,0,0,0,0,0,0,1,0,0,0,0,0,0,0,0,0,0,20621806,0,28941386,236480,0,0,0,0,0,0,0,0,16384,0,0,0,0,0,0,0,0,0,0,0,6548,472,0,0,0,0,0,45718183,0,156,0,3,469,6548,0,0,0,0,0,0,0,0,0,0,0,0,0,0,0,0,0,0,0,0,0,0,0,0,0,0,0,0,0,0,0,0,0,0,0,0,0,0,0,0,0,0,0,0,0,0,0,0,0,0,0,0,0,0,207097318,0,0,0,438962945,0,0,0,0,0,0,0,59482418,80975650,236613299,152299642880,55162931,0,0,0,0,0,0,0,0,0,0,0,0,0,0,0,0,0,0,0,0,0,0,0,0,0,0,0,0,0,0,0,1203,0,0,0,0,0,0,0
1787688254.126,0,0,0,0,0,0,0,630328685,1322502588928,671851782144,0,0,0,0,0,0,0,0,0,0,0,0,0,0,0,0,0,0,0,0,0,0,0,0,0,0,0,0,0,0,0,0,0,0,0,0,0,0,0,0,0,0,0,0,0,0,0,0,0,0,0,0,0,0,0,0,0,0,0,0,7,1667663,80797511,29002963,0,0,0,0,0,0,0,0,0,0,0,0,0,0,0,0,0,0,0,0,0,0,0,0,0,0,0,0,0,0,0,0,0,0,0,0,0,12883312640,9299574784,786336,567601,28950403,0,0,96,786432,79963972,796294,280,3033646367,12884901888,0,626585889,0,0,0,0,0,0,0,0,0,0,0,0,0,0,0,0,0,0,15045463,114923995,0,468,1204,7863,623,30091192,35,0,0,0,0,0,0,0,1,0,0,0,0,0,0,0,0,0,0,20627695,0,28949877,236549,0,0,0,0,0,0,0,0,16384,0,0,0,0,0,0,0,0,0,0,0,6549,472,0,0,0,0,0,45733732,0,156,0,3,469,6549,0,0,0,0,0,0,0,0,0,0,0,0,0,0,0,0,0,0,0,0,0,0,0,0,0,0,0,0,0,0,0,0,0,0,0,0,0,0,0,0,0,0,0,0,0,0,0,0,0,0,0,0,0,0,207173629,0,0,0,439050668,0,0,0,0,0,0,0,59510013,81035269,236698168,152339621888,55189320,1,0,0,0,0,0,0,0,0,0,0,0,0,0,0,0,0,0,0,0,0,0,0,0,0,0,0,0,0,0,0,294,0,0,0,0,0,0,0
1787688255.205,0,0,0,0,0,0,0,630504681,1323469965824,672090077696,0,0,0,0,0,0,0,0,0,0,0,0,0,0,0,0,0,0,0,0,0,0,0,0,0,0,0,0,0,0,0,0,0,0,0,0,0,0,0,0,0,0,0,0,0,0,0,0,0,0,0,0,0,0,0,0,0,0,0,0,7,1667683,80856669,29014614,0,0,0,0,0,0,0,0,0,0,0,0,0,0,0,0,0,0,0,0,0,0,0,0,0,0,0,0,0,0,0,0,0,0,0,0,0,12882804736,9302720512,786304,567793,28959213,32,0,96,786432,80023068,796294,280,3034516529,12884901888,0,626702266,0,0,0,0,0,0,0,0,0,0,0,0,0,0,0,0,0,0,15050555,114929087,0,468,1204,7863,623,30101380,35,0,0,0,0,0,0,0,1,0,0,0,0,0,0,0,0,0,0,20633556,0,28961496,236644,0,0,0,0,0,0,0,0,16384,0,0,0,0,0,0,0,0,0,0,0,6550,472,0,0,0,0,0,45749187,0,156,0,3,469,6550,0,0,0,0,0,0,0,0,0,0,0,0,0,0,0,0,0,0,0,0,0,0,0,0,0,0,0,0,0,0,0,0,0,0,0,0,0,0,0,0,0,0,0,0,0,0,0,0,0,0,0,0,0,0,207248129,0,0,0,439136966,0,0,0,0,0,0,0,59538587,81094267,236784518,152378650624,55216234,0,0,0,0,0,0,0,0,0,0,0,0,0,0,0,0,0,0,0,0,0,0,0,0,0,0,0,0,0,0,0,581,0,0,0,0,0,0,0
1787688256.280,0,0,0,0,0,0,0,630679144,1324435524096,672343969280,0,0,0,0,0,0,0,0,0,0,0,0,0,0,0,0,0,0,0,0,0,0,0,0,0,0,0,0,0,0,0,0,0,0,0,0,0,0,0,0,0,0,0,0,0,0,0,0,0,0,0,0,0,0,0,0,0,0,0,0,7,1667710,80915748,29027455,0,0,0,0,0,0,0,0,0,0,0,0,0,0,0,0,0,0,0,0,0,0,0,0,0,0,0,0,0,0,0,0,0,0,0,0,0,12883296256,9288384512,786335,566918,28968218,0,0,97,786432,80082068,796294,280,3035379278,12884901888,0,626817100,0,0,0,0,0,0,0,0,0,0,0,0,0,0,0,0,0,0,15055620,114934152,0,468,1204,7863,623,30111509,35,0,0,0,0,0,0,0,1,0,0,0,0,0,0,0,0,0,0,20639398,0,28974369,236748,0,0,0,0,0,0,0,0,16384,0,0,0,0,0,0,0,0,0,0,0,6551,472,0,0,0,0,0,45764601,0,156,0,3,469,6551,0,0,0,0,0,0,0,0,0,0,0,0,0,0,0,0,0,0,0,0,0,0,0,0,0,0,0,0,0,0,0,0,0,0,0,0,0,0,0,0,0,0,0,0,0,0,0,0,0,0,0,0,0,0,207322336,0,0,0,439222767,0,0,0,0,0,0,0,59566859,81153173,236871514,152417426432,55242781,1,0,0,0,0,0,0,0,0,0,0,0,0,0,0,0,0,0,0,0,0,0,0,0,0,0,0,0,0,0,0,823,0,0,0,0,0,0,0
1787688257.356,0,0,0,0,0,0,0,630854948,1325406489088,672592307712,0,0,0,0,0,0,0,0,0,0,0,0,0,0,0,0,0,0,0,0,0,0,0,0,0,0,0,0,0,0,0,0,0,0,0,0,0,0,0,0,0,0,0,0,0,0,0,0,0,0,0,0,0,0,0,0,0,0,0,0,7,1667744,80975135,29039801,0,0,0,0,0,0,0,0,0,0,0,0,0,0,0,0,0,0,0,0,0,0,0,0,0,0,0,0,0,0,0,0,0,0,0,0,0,12883329024,9287778304,786336,566881,28987241,0,0,96,786432,80141388,796294,280,3036248187,12884901888,0,626932982,0,0,0,0,0,0,0,0,0,0,0,0,0,0,0,0,0,0,15060713,114939245,0,468,1204,7863,623,30121693,35,0,0,0,0,0,0,0,1,0,0,0,0,0,0,0,0,0,0,20645262,0,28986715,236846,0,0,0,0,0,0,0,0,16384,0,0,0,0,0,0,0,0,0,0,0,6553,472,0,0,0,0,0,45780092,0,156,0,3,469,6553,0,0,0,0,0,0,0,0,0,0,0,0,0,0,0,0,0,0,0,0,0,0,0,0,0,0,0,0,0,0,0,0,0,0,0,0,0,0,0,0,0,0,0,0,0,0,0,0,0,0,0,0,0,0,207397568,0,0,0,439308991,0,0,0,0,0,0,0,59595145,81212365,236959158,152456886272,55269287,1,0,0,0,0,0,0,0,0,0,0,0,0,0,0,0,0,0,0,0,0,0,0,0,0,0,0,0,0,0,0,1111,0,0,0,0,0,0,0
1787688258.435,0,0,0,0,0,0,0,631035425,1326397835776,672802907648,0,0,0,0,0,0,0,0,0,0,0,0,0,0,0,0,0,0,0,0,0,0,0,0,0,0,0,0,0,0,0,0,0,0,0,0,0,0,0,0,0,0,0,0,0,0,0,0,0,0,0,0,0,0,0,0,0,0,0,0,7,1667828,81035780,29049703,0,0,0,0,0,0,0,0,0,0,0,0,0,0,0,0,0,0,0,0,0,0,0,0,0,0,0,0,0,0,0,0,0,0,0,0,0,12883312640,9334341632,786335,569723,28997143,0,0,97,786432,80201975,796294,280,3037143171,12884901888,0,627055004,0,0,0,0,0,0,0,0,0,0,0,0,0,0,0,0,0,0,15065939,114944471,0,468,1204,7863,623,30132141,35,0,0,0,0,0,0,0,1,0,0,0,0,0,0,0,0,0,0,20651277,0,28996617,236924,0,0,0,0,0,0,0,0,16384,0,0,0,0,0,0,0,0,0,0,0,6554,472,0,0,0,0,0,45795966,0,156,0,3,469,6554,0,0,0,0,0,0,0,0,0,0,0,0,0,0,0,0,0,0,0,0,0,0,0,0,0,0,0,0,0,0,0,0,0,0,0,0,0,0,0,0,0,0,0,0,0,0,0,0,0,0,0,0,0,0,207476462,0,0,0,439398579,0,0,0,0,0,0,0,59625093,81272858,237048002,152498285056,55297834,1,0,0,0,0,0,0,0,0,0,0,0,0,0,0,0,0,0,0,0,0,0,0,0,0,0,0,0,0,0,0,330,0,0,0,0,0,0,0
1787688259.514,0,0,0,0,0,0,0,631214487,1327385201152,673010582016,0,0,0,0,0,0,0,0,0,0,0,0,0,0,0,0,0,0,0,0,0,0,0,0,0,0,0,0,0,0,0,0,0,0,0,0,0,0,0,0,0,0,0,0,0,0,0,0,0,0,0,0,0,0,0,0,0,0,0,0,7,1667855,81096158,29059520,0,0,0,0,0,0,0,0,0,0,0,0,0,0,0,0,0,0,0,0,0,0,0,0,0,0,0,0,0,0,0,0,0,0,0,0,0,12883312640,9379135488,786335,572457,29006960,0,0,96,786432,80262300,796294,280,3038028196,12884901888,0,627173209,0,0,0,0,0,0,0,0,0,0,0,0,0,0,0,0,0,0,15071127,114949658,0,468,1204,7863,623,30142521,35,0,0,0,0,0,0,0,1,0,0,0,0,0,0,0,0,0,0,20657249,0,29006434,237003,0,0,0,0,0,0,0,0,16384,0,0,0,0,0,0,0,0,0,0,0,6555,472,0,0,0,0,0,45811765,0,156,0,3,469,6555,0,0,0,0,0,0,0,0,0,0,0,0,0,0,0,0,0,0,0,0,0,0,0,0,0,0,0,0,0,0,0,0,0,0,0,0,0,0,0,0,0,0,0,0,0,0,0,0,0,0,0,0,0,0,207552539,0,0,0,439486381,0,0,0,0,0,0,0,59653894,81333063,237133952,152538300416,55325330,1,0,0,0,0,0,0,0,0,0,0,0,0,0,0,0,0,0,0,0,0,0,0,0,0,0,0,0,0,0,0,725,0,0,0,0,0,0,0
1787688260.593,0,0,0,0,0,0,0,631392631,1328369666560,673216217600,0,0,0,0,0,0,0,0,0,0,0,0,0,0,0,0,0,0,0,0,0,0,0,0,0,0,0,0,0,0,0,0,0,0,0,0,0,0,0,0,0,0,0,0,0,0,0,0,0,0,0,0,0,0,0,0,0,0,0,0,7,1667943,81156387,29069264,0,0,0,0,0,0,0,0,0,0,0,0,0,0,0,0,0,0,0,0,0,0,0,0,0,0,0,0,0,0,0,0,0,0,0,0,0,12883329024,9425682432,786335,575298,29016704,0,0,97,786432,80322455,796294,280,3038908591,12884901888,0,627290174,0,0,0,0,0,0,0,0,0,0,0,0,0,0,0,0,0,0,15076291,114954823,0,468,1204,7863,623,30152846,35,0,0,0,0,0,0,0,1,0,0,0,0,0,0,0,0,0,0,20663195,0,29016178,237082,0,0,0,0,0,0,0,0,16384,0,0,0,0,0,0,0,0,0,0,0,6556,472,0,0,0,0,0,45827501,0,156,0,3,469,6556,0,0,0,0,0,0,0,0,0,0,0,0,0,0,0,0,0,0,0,0,0,0,0,0,0,0,0,0,0,0,0,0,0,0,0,0,0,0,0,0,0,0,0,0,0,0,0,0,0,0,0,0,0,0,207627619,0,0,0,439573837,0,0,0,0,0,0,0,59683119,81393128,237218842,152577555456,55353082,0,0,0,0,0,0,0,0,0,0,0,0,0,0,0,0,0,0,0,0,0,0,0,0,0,0,0,0,0,0,0,1089,0,0,0,0,0,0,0
1787688261.666,0,0,0,0,0,0,0,631571852,1329357097472,673421653504,0,0,0,0,0,0,0,0,0,0,0,0,0,0,0,0,0,0,0,0,0,0,0,0,0,0,0,0,0,0,0,0,0,0,0,0,0,0,0,0,0,0,0,0,0,0,0,0,0,0,0,0,0,0,0,0,0,0,0,0,7,1667971,81216810,29078931,0,0,0,0,0,0,0,0,0,0,0,0,0,0,0,0,0,0,0,0,0,0,0,0,0,0,0,0,0,0,0,0,0,0,0,0,0,12883329024,9475080192,786336,578313,29026371,0,0,96,786432,80382802,796294,280,3039797870,12884901888,0,627410904,0,0,0,0,0,0,0,0,0,0,0,0,0,0,0,0,0,0,15081485,114960016,0,468,1204,7863,623,30163240,35,0,0,0,0,0,0,0,1,0,0,0,0,0,0,0,0,0,0,20669181,0,29025845,237159,0,0,0,0,0,0,0,0,16384,0,0,0,0,0,0,0,0,0,0,0,6557,472,0,0,0,0,0,45843308,0,156,0,3,469,6557,0,0,0,0,0,0,0,0,0,0,0,0,0,0,0,0,0,0,0,0,0,0,0,0,0,0,0,0,0,0,0,0,0,0,0,0,0,0,0,0,0,0,0,0,0,0,0,0,0,0,0,0,0,0,207704482,0,0,0,439662952,0,0,0,0,0,0,0,59712104,81453356,237305415,152617751040,55380685,1,0,0,0,0,0,0,0,0,0,0,0,0,0,0,0,0,0,0,0,0,0,0,0,0,0,0,0,0,0,0,270,0,0,0,0,0,0,0
1787688262.745,0,0,0,0,0,0,0,631751329,1330348853760,673626456576,0,0,0,0,0,0,0,0,0,0,0,0,0,0,0,0,0,0,0,0,0,0,0,0,0,0,0,0,0,0,0,0,0,0,0,0,0,0,0,0,0,0,0,0,0,0,0,0,0,0,0,0,0,0,0,0,0,0,0,0,7,1667994,81277492,29088550,0,0,0,0,0,0,0,0,0,0,0,0,0,0,0,0,0,0,0,0,0,0,0,0,0,0,0,0,0,0,0,0,0,0,0,0,0,12883329024,9525657600,786336,581400,29035990,0,0,97,786432,80443405,796294,280,3040684541,12884901888,0,627528639,0,0,0,0,0,0,0,0,0,0,0,0,0,0,0,0,0,0,15086694,114965224,0,468,1204,7863,623,30173652,35,0,0,0,0,0,0,0,1,0,0,0,0,0,0,0,0,0,0,20675172,0,29035464,237237,0,0,0,0,0,0,0,0,16384,0,0,0,0,0,0,0,0,0,0,0,6558,472,0,0,0,0,0,45859134,0,156,0,3,469,6558,0,0,0,0,0,0,0,0,0,0,0,0,0,0,0,0,0,0,0,0,0,0,0,0,0,0,0,0,0,0,0,0,0,0,0,0,0,0,0,0,0,0,0,0,0,0,0,0,0,0,0,0,0,0,207781866,0,0,0,439751080,0,0,0,0,0,0,0,59741501,81513854,237392486,152658150400,55408641,0,0,0,0,0,0,0,0,0,0,0,0,0,0,0,0,0,0,0,0,0,0,0,0,0,0,0,0,0,0,0,683,0,0,0,0,0,0,0
1787688263.824,0,0,0,0,0,0,0,631930965,1331340085760,673830612480,0,0,0,0,0,0,0,0,0,0,0,0,0,0,0,0,0,0,0,0,0,0,0,0,0,0,0,0,0,0,0,0,0,0,0,0,0,0,0,0,0,0,0,0,0,0,0,0,0,0,0,0,0,0,0,0,0,0,0,0,7,1668019,81338127,29098068,0,0,0,0,0,0,0,0,0,0,0,0,0,0,0,0,0,0,0,0,0,0,0,0,0,0,0,0,0,0,0,0,0,0,0,0,0,12883329024,9575792640,786336,584460,29045508,0,0,96,786432,80503972,796294,280,3041572320,12884901888,0,627647269,0,0,0,0,0,0,0,0,0,0,0,0,0,0,0,0,0,0,15091896,114970426,0,468,1204,7863,623,30184063,35,0,0,0,0,0,0,0,1,0,0,0,0,0,0,0,0,0,0,20681160,0,29044982,237314,0,0,0,0,0,0,0,0,16384,0,0,0,0,0,0,0,0,0,0,0,6559,472,0,0,0,0,0,45874938,0,156,0,3,469,6559,0,0,0,0,0,0,0,0,0,0,0,0,0,0,0,0,0,0,0,0,0,0,0,0,0,0,0,0,0,0,0,0,0,0,0,0,0,0,0,0,0,0,0,0,0,0,0,0,0,0,0,0,0,0,207861258,0,0,0,439839094,0,0,0,0,0,0,0,59772231,81574354,237481432,152699678208,55437928,1,1,0,0,0,0,0,0,0,0,0,0,0,0,0,0,0,0,0,0,0,0,0,0,0,0,0,0,0,0,0,1080,0,0,0,0,0,0,0
1787688264.903,0,0,0,0,0,0,0,632110068,1332330990080,674035451904,0,0,0,0,0,0,0,0,0,0,0,0,0,0,0,0,0,0,0,0,0,0,0,0,0,0,0,0,0,0,0,0,0,0,0,0,0,0,0,0,0,0,0,0,0,0,0,0,0,0,0,0,0,0,0,0,0,0,0,0,7,1668107,81398720,29107561,0,0,0,0,0,0,0,0,0,0,0,0,0,0,0,0,0,0,0,0,0,0,0,0,0,0,0,0,0,0,0,0,0,0,0,0,0,12883329024,9624928256,786336,587459,29055001,0,0,96,786432,80564499,796294,280,3042460978,12884901888,0,627767691,0,0,0,0,0,0,0,0,0,0,0,0,0,0,0,0,0,0,15097095,114975626,0,468,1204,7863,623,30194452,35,0,0,0,0,0,0,0,1,0,0,0,0,0,0,0,0,0,0,20687153,0,29054475,237391,0,0,0,0,0,0,0,0,16384,0,0,0,0,0,0,0,0,0,0,0,6560,472,0,0,0,0,0,45890735,0,156,0,3,469,6560,0,0,0,0,0,0,0,0,0,0,0,0,0,0,0,0,0,0,0,0,0,0,0,0,0,0,0,0,0,0,0,0,0,0,0,0,0,0,0,0,0,0,0,0,0,0,0,0,0,0,0,0,0,0,207943372,0,0,0,439928184,0,0,0,0,0,0,0,59803770,81634830,237573070,152742534656,55468070,0,0,0,0,0,0,0,0,0,0,0,0,0,0,0,0,0,0,0,0,0,0,0,0,0,0,0,0,0,0,0,272,0,0,0,0,0,0,0
1787688265.983,0,0,0,0,0,0,0,632291815,1333331446272,674239525376,0,0,0,0,0,0,0,0,0,0,0,0,0,0,0,0,0,0,0,0,0,0,0,0,0,0,0,0,0,0,0,0,0,0,0,0,0,0,0,0,0,0,0,0,0,0,0,0,0,0,0,0,0,0,0,0,0,0,0,0,7,1668136,81459922,29116976,0,0,0,0,0,0,0,0,0,0,0,0,0,0,0,0,0,0,0,0,0,0,0,0,0,0,0,0,0,0,0,0,0,0,0,0,0,12883329024,9675571200,786336,590550,29064416,0,0,96,786432,80625643,796294,280,3043358623,12884901888,0,627886909,0,0,0,0,0,0,0,0,0,0,0,0,0,0,0,0,0,0,15102362,114980893,0,468,1204,7863,623,30204988,35,0,0,0,0,0,0,0,1,0,0,0,0,0,0,0,0,0,0,20693214,0,29063890,237467,0,0,0,0,0,0,0,0,16384,0,0,0,0,0,0,0,0,0,0,0,6561,472,0,0,0,0,0,45906735,0,156,0,3,469,6561,0,0,0,0,0,0,0,0,0,0,0,0,0,0,0,0,0,0,0,0,0,0,0,0,0,0,0,0,0,0,0,0,0,0,0,0,0,0,0,0,0,0,0,0,0,0,0,0,0,0,0,0,0,0,208025663,0,0,0,440017289,0,0,0,0,0,0,0,59835393,81695899,237664793,152785688064,55498293,1,0,0,0,0,0,0,0,0,0,0,0,0,0,0,0,0,0,0,0,0,0,0,0,0,0,0,0,0,0,0,734,0,0,0,0,0,0,0
1787688267.063,0,0,0,0,0,0,0,632471527,1334322285056,674442782720,0,0,0,0,0,0,0,0,0,0,0,0,0,0,0,0,0,0,0,0,0,0,0,0,0,0,0,0,0,0,0,0,0,0,0,0,0,0,0,0,0,0,0,0,0,0,0,0,0,0,0,0,0,0,0,0,0,0,0,0,7,1668167,81520529,29126354,0,0,0,0,0,0,0,0,0,0,0,0,0,0,0,0,0,0,0,0,0,0,0,0,0,0,0,0,0,0,0,0,0,0,0,0,0,12883329024,9721692160,786336,593365,29073794,0,0,97,786432,80686184,796294,280,3044246892,12884901888,0,628005496,0,0,0,0,0,0,0,0,0,0,0,0,0,0,0,0,0,0,15107568,114986100,0,468,1204,7863,623,30215400,35,0,0,0,0,0,0,0,1,0,0,0,0,0,0,0,0,0,0,20699210,0,29073268,237543,0,0,0,0,0,0,0,0,16384,0,0,0,0,0,0,0,0,0,0,0,6562,472,0,0,0,0,0,45922571,0,156,0,3,469,6562,0,0,0,0,0,0,0,0,0,0,0,0,0,0,0,0,0,0,0,0,0,0,0,0,0,0,0,0,0,0,0,0,0,0,0,0,0,0,0,0,0,0,0,0,0,0,0,0,0,0,0,0,0,0,208107843,0,0,0,440105427,0,0,0,0,0,0,0,59867076,81756389,237756388,152828758528,55528553,0,0,0,0,0,0,0,0,0,0,0,0,0,0,0,0,0,0,0,0,0,0,0,0,0,0,0,0,0,0,0,1144,0,0,0,0,0,0,0
1787688268.139,0,0,0,0,0,0,0,632645406,1335287237120,674643699200,0,0,0,0,0,0,0,0,0,0,0,0,0,0,0,0,0,0,0,0,0,0,0,0,0,0,0,0,0,0,0,0,0,0,0,0,0,0,0,0,0,0,0,0,0,0,0,0,0,0,0,0,0,0,0,0,0,0,0,0,7,1668185,81579548,29135688,0,0,0,0,0,0,0,0,0,0,0,0,0,0,0,0,0,0,0,0,0,0,0,0,0,0,0,0,0,0,0,0,0,0,0,0,0,12883329024,9763995648,786336,595947,29083128,0,0,96,786432,80745129,796294,280,3045109637,12884901888,0,628122554,0,0,0,0,0,0,0,0,0,0,0,0,0,0,0,0,0,0,15112610,114991141,0,468,1204,7863,623,30225485,35,0,0,0,0,0,0,0,1,0,0,0,0,0,0,0,0,0,0,20705021,0,29082602,237618,0,0,0,0,0,0,0,0,16384,0,0,0,0,0,0,0,0,0,0,0,6563,472,0,0,0,0,0,45937893,0,156,0,3,469,6563,0,0,0,0,0,0,0,0,0,0,0,0,0,0,0,0,0,0,0,0,0,0,0,0,0,0,0,0,0,0,0,0,0,0,0,0,0,0,0,0,0,0,0,0,0,0,0,0,0,0,0,0,0,0,208188094,0,0,0,440192043,0,0,0,0,0,0,0,59895886,81815279,237846002,152870545408,55555961,1,0,0,0,0,0,0,0,0,0,0,0,0,0,0,0,0,0,0,0,0,0,0,0,0,0,0,0,0,0,0,202,0,0,0,0,0,0,0
1787688269.216,0,0,0,0,0,0,0,632815201,1336216783360,674900302848,0,0,0,0,0,0,0,0,0,0,0,0,0,0,0,0,0,0,0,0,0,0,0,0,0,0,0,0,0,0,0,0,0,0,0,0,0,0,0,0,0,0,0,0,0,0,0,0,0,0,0,0,0,0,0,0,0,0,0,0,7,1668212,81636387,29148329,0,0,0,0,0,0,0,0,0,0,0,0,0,0,0,0,0,0,0,0,0,0,0,0,0,0,0,0,0,0,0,0,0,0,0,0,0,12883214336,9745465344,786330,594816,29092420,5,0,97,786432,80801913,796294,280,3045948853,12884901888,0,628235017,0,0,0,0,0,0,0,0,0,0,0,0,0,0,0,0,0,0,15117523,114996055,0,468,1204,7863,623,30235314,35,0,0,0,0,0,0,0,1,0,0,0,0,0,0,0,0,0,0,20710682,0,29095243,237722,0,0,0,0,0,0,0,0,16384,0,0,0,0,0,0,0,0,0,0,0,6564,472,0,0,0,0,0,45952841,0,156,0,3,469,6564,0,0,0,0,0,0,0,0,0,0,0,0,0,0,0,0,0,0,0,0,0,0,0,0,0,0,0,0,0,0,0,0,0,0,0,0,0,0,0,0,0,0,0,0,0,0,0,0,0,0,0,0,0,0,208266078,0,0,0,440275515,0,0,0,0,0,0,0,59924596,81872024,237936841,152911276032,55582788,1,0,0,0,0,0,0,0,0,0,0,0,0,0,0,0,0,0,0,0,0,0,0,0,0,0,0,0,0,0,0,325,0,0,0,0,0,0,0
1787688270.290,0,0,0,0,0,0,0,632989710,1337178065408,675172297728,0,0,0,0,0,0,0,0,0,0,0,0,0,0,0,0,0,0,0,0,0,0,0,0,0,0,0,0,0,0,0,0,0,0,0,0,0,0,0,0,0,0,0,0,0,0,0,0,0,0,0,0,0,0,0,0,0,0,0,0,7,1668233,81695172,29162040,0,0,0,0,0,0,0,0,0,0,0,0,0,0,0,0,0,0,0,0,0,0,0,0,0,0,0,0,0,0,0,0,0,0,0,0,0,12883329024,9713270784,786335,592851,29101719,0,0,97,786432,80860635,796294,280,3046812048,12884901888,0,628350537,0,0,0,0,0,0,0,0,0,0,0,0,0,0,0,0,0,0,15122583,115001115,0,468,1204,7863,623,30245426,35,0,0,0,0,0,0,0,1,0,0,0,0,0,0,0,0,0,0,20716507,0,29108954,237831,0,0,0,0,0,0,0,0,16384,0,0,0,0,0,0,0,0,0,0,0,6566,472,0,0,0,0,0,45968224,0,156,0,3,469,6566,0,0,0,0,0,0,0,0,0,0,0,0,0,0,0,0,0,0,0,0,0,0,0,0,0,0,0,0,0,0,0,0,0,0,0,0,0,0,0,0,0,0,0,0,0,0,0,0,0,0,0,0,0,0,208346007,0,0,0,440361219,0,0,0,0,0,0,0,59955707,81930692,238030508,152953003008,55611946,0,0,0,0,0,0,0,0,0,0,0,0,0,0,0,0,0,0,0,0,0,0,0,0,0,0,0,0,0,0,0,601,0,0,0,0,0,0,0
1787688271.365,0,0,0,0,0,0,0,633168095,1338162432512,675392927744,0,0,0,0,0,0,0,0,0,0,0,0,0,0,0,0,0,0,0,0,0,0,0,0,0,0,0,0,0,0,0,0,0,0,0,0,0,0,0,0,0,0,0,0,0,0,0,0,0,0,0,0,0,0,0,0,0,0,0,0,7,1668264,81755397,29172639,0,0,0,0,0,0,0,0,0,0,0,0,0,0,0,0,0,0,0,0,0,0,0,0,0,0,0,0,0,0,0,0,0,0,0,0,0,12883329024,9735143424,786336,594186,29120079,0,0,96,786432,80920794,796294,280,3047694070,12884901888,0,628468313,0,0,0,0,0,0,0,0,0,0,0,0,0,0,0,0,0,0,15127746,115006277,0,468,1204,7863,623,30255756,35,0,0,0,0,0,0,0,1,0,0,0,0,0,0,0,0,0,0,20722452,0,29119553,237916,0,0,0,0,0,0,0,0,16384,0,0,0,0,0,0,0,0,0,0,0,6567,472,0,0,0,0,0,45983909,0,156,0,3,469,6567,0,0,0,0,0,0,0,0,0,0,0,0,0,0,0,0,0,0,0,0,0,0,0,0,0,0,0,0,0,0,0,0,0,0,0,0,0,0,0,0,0,0,0,0,0,0,0,0,0,0,0,0,0,0,208428003,0,0,0,440448657,0,0,0,0,0,0,0,59987464,81990807,238122958,152995823104,55642157,1,0,0,0,0,0,0,0,0,0,0,0,0,0,0,0,0,0,0,0,0,0,0,0,0,0,0,0,0,0,0,943,0,0,0,0,0,0,0
1787688272.444,0,0,0,0,0,0,0,633347842,1339153730048,675592133120,0,0,0,0,0,0,0,0,0,0,0,0,0,0,0,0,0,0,0,0,0,0,0,0,0,0,0,0,0,0,0,0,0,0,0,0,0,0,0,0,0,0,0,0,0,0,0,0,0,0,0,0,0,0,0,0,0,0,0,0,7,1668285,81816031,29181777,0,0,0,0,0,0,0,0,0,0,0,0,0,0,0,0,0,0,0,0,0,0,0,0,0,0,0,0,0,0,0,0,0,0,0,0,0,12883312640,9782689792,786335,597088,29129217,1,0,96,786432,80981369,796294,280,3048585009,12884901888,0,628589234,0,0,0,0,0,0,0,0,0,0,0,0,0,0,0,0,0,0,15132954,115011486,0,468,1204,7863,623,30266168,35,0,0,0,0,0,0,0,1,0,0,0,0,0,0,0,0,0,0,20728445,0,29128691,237988,0,0,0,0,0,0,0,0,16384,0,0,0,0,0,0,0,0,0,0,0,6568,472,0,0,0,0,0,45999725,0,156,0,3,469,6568,0,0,0,0,0,0,0,0,0,0,0,0,0,0,0,0,0,0,0,0,0,0,0,0,0,0,0,0,0,0,0,0,0,0,0,0,0,0,0,0,0,0,0,0,0,0,0,0,0,0,0,0,0,0,208510727,0,0,0,440537988,0,0,0,0,0,0,0,60019302,82051334,238214855,153038991360,55672610,1,1,0,0,0,0,0,0,0,0,0,0,0,0,0,0,0,0,0,0,0,0,0,0,0,0,0,0,0,0,0,159,0,0,0,0,0,0,0
1787688273.521,0,0,0,0,0,0,0,633529216,1340149484032,675790443008,0,0,0,0,0,0,0,0,0,0,0,0,0,0,0,0,0,0,0,0,0,0,0,0,0,0,0,0,0,0,0,0,0,0,0,0,0,0,0,0,0,0,0,0,0,0,0,0,0,0,0,0,0,0,0,0,0,0,0,0,7,1668311,81876951,29190882,0,0,0,0,0,0,0,0,0,0,0,0,0,0,0,0,0,0,0,0,0,0,0,0,0,0,0,0,0,0,0,0,0,0,0,0,0,12883329024,9828352000,786336,599875,29138322,0,0,96,786432,81042227,796294,280,3049480870,12884901888,0,628708319,0,0,0,0,0,0,0,0,0,0,0,0,0,0,0,0,0,0,15138211,115016742,0,468,1204,7863,623,30276687,35,0,0,0,0,0,0,0,1,0,0,0,0,0,0,0,0,0,0,20734498,0,29137796,238060,0,0,0,0,0,0,0,0,16384,0,0,0,0,0,0,0,0,0,0,0,6569,472,0,0,0,0,0,46015716,0,156,0,3,469,6569,0,0,0,0,0,0,0,0,0,0,0,0,0,0,0,0,0,0,0,0,0,0,0,0,0,0,0,0,0,0,0,0,0,0,0,0,0,0,0,0,0,0,0,0,0,0,0,0,0,0,0,0,0,0,208592433,0,0,0,440626791,0,0,0,0,0,0,0,60051116,82112126,238305676,153081622016,55703102,1,0,0,0,0,0,0,0,0,0,0,0,0,0,0,0,0,0,0,0,0,0,0,0,0,0,0,0,0,0,0,603,0,0,0,0,0,0,0
1787688274.595,0,0,0,0,0,0,0,633708579,1341140257280,675988288512,0,0,0,0,0,0,0,0,0,0,0,0,0,0,0,0,0,0,0,0,0,0,0,0,0,0,0,0,0,0,0,0,0,0,0,0,0,0,0,0,0,0,0,0,0,0,0,0,0,0,0,0,0,0,0,0,0,0,0,0,7,1668336,81937544,29199963,0,0,0,0,0,0,0,0,0,0,0,0,0,0,0,0,0,0,0,0,0,0,0,0,0,0,0,0,0,0,0,0,0,0,0,0,0,12883329024,9872130048,786336,602547,29147403,0,0,96,786432,81102735,796294,280,3050367321,12884901888,0,628826416,0,0,0,0,0,0,0,0,0,0,0,0,0,0,0,0,0,0,15143410,115021941,0,468,1204,7863,623,30287083,35,0,0,0,0,0,0,0,1,0,0,0,0,0,0,0,0,0,0,20740481,0,29146877,238132,0,0,0,0,0,0,0,0,16384,0,0,0,0,0,0,0,0,0,0,0,6570,472,0,0,0,0,0,46031555,0,156,0,3,469,6570,0,0,0,0,0,0,0,0,0,0,0,0,0,0,0,0,0,0,0,0,0,0,0,0,0,0,0,0,0,0,0,0,0,0,0,0,0,0,0,0,0,0,0,0,0,0,0,0,0,0,0,0,0,0,208674010,0,0,0,440714764,0,0,0,0,0,0,0,60082865,82172614,238396374,153124151808,55733586,1,1,0,0,0,0,0,0,0,0,0,0,0,0,0,0,0,0,0,0,0,0,0,0,0,0,0,0,0,0,0,994,0,0,0,0,0,0,0
1787688275.669,0,0,0,0,0,0,0,633886890,1342124018176,676187031552,0,0,0,0,0,0,0,0,0,0,0,0,0,0,0,0,0,0,0,0,0,0,0,0,0,0,0,0,0,0,0,0,0,0,0,0,0,0,0,0,0,0,0,0,0,0,0,0,0,0,0,0,0,0,0,0,0,0,0,0,7,1668425,81997715,29209080,0,0,0,0,0,0,0,0,0,0,0,0,0,0,0,0,0,0,0,0,0,0,0,0,0,0,0,0,0,0,0,0,0,0,0,0,0,12883329024,9912795136,786336,605029,29156520,0,0,96,786432,81162852,796294,280,3051251969,12884901888,0,628947218,0,0,0,0,0,0,0,0,0,0,0,0,0,0,0,0,0,0,15148569,115027100,0,468,1204,7863,623,30297399,35,0,0,0,0,0,0,0,1,0,0,0,0,0,0,0,0,0,0,20746420,0,29155994,238205,0,0,0,0,0,0,0,0,16384,0,0,0,0,0,0,0,0,0,0,0,6571,472,0,0,0,0,0,46047235,0,156,0,3,469,6571,0,0,0,0,0,0,0,0,0,0,0,0,0,0,0,0,0,0,0,0,0,0,0,0,0,0,0,0,0,0,0,0,0,0,0,0,0,0,0,0,0,0,0,0,0,0,0,0,0,0,0,0,0,0,208755769,0,0,0,440803396,0,0,0,0,0,0,0,60114140,82232666,238487274,153167049728,55763553,0,1,0,0,0,0,0,0,0,0,0,0,0,0,0,0,0,0,0,0,0,0,0,0,0,0,0,0,0,0,0,132,0,0,0,0,0,0,0
1787688276.743,0,0,0,0,0,0,0,634065721,1343114398208,676383583232,0,0,0,0,0,0,0,0,0,0,0,0,0,0,0,0,0,0,0,0,0,0,0,0,0,0,0,0,0,0,0,0,0,0,0,0,0,0,0,0,0,0,0,0,0,0,0,0,0,0,0,0,0,0,0,0,0,0,0,0,7,1668451,82058289,29218110,0,0,0,0,0,0,0,0,0,0,0,0,0,0,0,0,0,0,0,0,0,0,0,0,0,0,0,0,0,0,0,0,0,0,0,0,0,12883329024,9957408768,786336,607752,29165550,0,0,96,786432,81223365,796294,280,3052135456,12884901888,0,629064727,0,0,0,0,0,0,0,0,0,0,0,0,0,0,0,0,0,0,15153753,115032285,0,468,1204,7863,623,30307770,35,0,0,0,0,0,0,0,1,0,0,0,0,0,0,0,0,0,0,20752386,0,29165024,238277,0,0,0,0,0,0,0,0,16384,0,0,0,0,0,0,0,0,0,0,0,6572,472,0,0,0,0,0,46063006,0,156,0,3,469,6572,0,0,0,0,0,0,0,0,0,0,0,0,0,0,0,0,0,0,0,0,0,0,0,0,0,0,0,0,0,0,0,0,0,0,0,0,0,0,0,0,0,0,0,0,0,0,0,0,0,0,0,0,0,0,208836764,0,0,0,440891019,0,0,0,0,0,0,0,60145572,82293094,238577326,153209198080,55793684,0,0,0,0,0,0,0,0,0,0,0,0,0,0,0,0,0,0,0,0,0,0,0,0,0,0,0,0,0,0,0,529,0,0,0,0,0,0,0
1787688277.818,0,0,0,0,0,0,0,634246960,1344107170304,676579140608,0,0,0,0,0,0,0,0,0,0,0,0,0,0,0,0,0,0,0,0,0,0,0,0,0,0,0,0,0,0,0,0,0,0,0,0,0,0,0,0,0,0,0,0,0,0,0,0,0,0,0,0,0,0,0,0,0,0,0,0,7,1668483,82119008,29227144,0,0,0,0,0,0,0,0,0,0,0,0,0,0,0,0,0,0,0,0,0,0,0,0,0,0,0,0,0,0,0,0,0,0,0,0,0,12883329024,9999990784,786336,610351,29174584,0,0,96,786432,81284020,796294,280,3053030617,12884901888,0,629184155,0,0,0,0,0,0,0,0,0,0,0,0,0,0,0,0,0,0,15158999,115037529,0,468,1204,7863,623,30318262,35,0,0,0,0,0,0,0,1,0,0,0,0,0,0,0,0,0,0,20758424,0,29174058,238349,0,0,0,0,0,0,0,0,16384,0,0,0,0,0,0,0,0,0,0,0,6573,472,0,0,0,0,0,46078940,0,156,0,3,469,6573,0,0,0,0,0,0,0,0,0,0,0,0,0,0,0,0,0,0,0,0,0,0,0,0,0,0,0,0,0,0,0,0,0,0,0,0,0,0,0,0,0,0,0,0,0,0,0,0,0,0,0,0,0,0,208914964,0,0,0,440979767,0,0,0,0,0,0,0,60174675,82353698,238664586,153250193408,55821379,1,0,0,0,0,0,0,0,0,0,0,0,0,0,0,0,0,0,0,0,0,0,0,0,0,0,0,0,0,0,0,980,0,0,0,0,0,0,0
1787688278.901,0,0,0,0,0,0,0,634426475,1345091848704,676778051584,0,0,0,0,0,0,0,0,0,0,0,0,0,0,0,0,0,0,0,0,0,0,0,0,0,0,0,0,0,0,0,0,0,0,0,0,0,0,0,0,0,0,0,0,0,0,0,0,0,0,0,0,0,0,0,0,0,0,0,0,7,1668509,82179253,29236240,0,0,0,0,0,0,0,0,0,0,0,0,0,0,0,0,0,0,0,0,0,0,0,0,0,0,0,0,0,0,0,0,0,0,0,0,0,12883329024,10037379072,786336,612633,29183680,0,0,96,786432,81344202,796294,280,3053921075,12884901888,0,629305182,0,0,0,0,0,0,0,0,0,0,0,0,0,0,0,0,0,0,15164199,115042730,0,468,1204,7863,623,30328663,35,0,0,0,0,0,0,0,1,0,0,0,0,0,0,0,0,0,0,20764413,0,29183154,238422,0,0,0,0,0,0,0,0,16384,0,0,0,0,0,0,0,0,0,0,0,6574,472,0,0,0,0,0,46094788,0,156,0,3,469,6574,0,0,0,0,0,0,0,0,0,0,0,0,0,0,0,0,0,0,0,0,0,0,0,0,0,0,0,0,0,0,0,0,0,0,0,0,0,0,0,0,0,0,0,0,0,0,0,0,0,0,0,0,0,0,208997502,0,0,0,441068966,0,0,0,0,0,0,0,60206116,82413816,238756238,153293346304,55851483,0,0,0,0,0,0,0,0,0,0,0,0,0,0,0,0,0,0,0,0,0,0,0,0,0,0,0,0,0,0,0,181,0,0,0,0,0,0,0
1787688279.979,0,0,0,0,0,0,0,634606942,1346085390848,676976063488,0,0,0,0,0,0,0,0,0,0,0,0,0,0,0,0,0,0,0,0,0,0,0,0,0,0,0,0,0,0,0,0,0,0,0,0,0,0,0,0,0,0,0,0,0,0,0,0,0,0,0,0,0,0,0,0,0,0,0,0,7,1668538,82240028,29245285,0,0,0,0,0,0,0,0,0,0,0,0,0,0,0,0,0,0,0,0,0,0,0,0,0,0,0,0,0,0,0,0,0,0,0,0,0,12883329024,10075570176,786336,614964,29192725,0,0,96,786432,81404892,796294,280,3054812630,12884901888,0,629424047,0,0,0,0,0,0,0,0,0,0,0,0,0,0,0,0,0,0,15169424,115047956,0,468,1204,7863,623,30339111,35,0,0,0,0,0,0,0,1,0,0,0,0,0,0,0,0,0,0,20770423,0,29192199,238494,0,0,0,0,0,0,0,0,16384,0,0,0,0,0,0,0,0,0,0,0,6575,472,0,0,0,0,0,46110653,0,156,0,3,469,6575,0,0,0,0,0,0,0,0,0,0,0,0,0,0,0,0,0,0,0,0,0,0,0,0,0,0,0,0,0,0,0,0,0,0,0,0,0,0,0,0,0,0,0,0,0,0,0,0,0,0,0,0,0,0,209080325,0,0,0,441157357,0,0,0,0,0,0,0,60237917,82474444,238848145,153336602112,55881970,0,0,0,0,0,0,0,0,0,0,0,0,0,0,0,0,0,0,0,0,0,0,0,0,0,0,0,0,0,0,0,577,0,0,0,0,0,0,0
1787688281.058,0,0,0,0,0,0,0,634787444,1347073182208,677173392896,0,0,0,0,0,0,0,0,0,0,0,0,0,0,0,0,0,0,0,0,0,0,0,0,0,0,0,0,0,0,0,0,0,0,0,0,0,0,0,0,0,0,0,0,0,0,0,0,0,0,0,0,0,0,0,0,0,0,0,0,7,1668553,82300463,29254407,0,0,0,0,0,0,0,0,0,0,0,0,0,0,0,0,0,0,0,0,0,0,0,0,0,0,0,0,0,0,0,0,0,0,0,0,0,12883296256,10112745472,786335,617233,29201847,0,0,97,786432,81465257,796294,280,3055703944,12884901888,0,629543174,0,0,0,0,0,0,0,0,0,0,0,0,0,0,0,0,0,0,15174653,115053182,0,468,1204,7863,623,30349569,35,0,0,0,0,0,0,0,1,0,0,0,0,0,0,0,0,0,0,20776433,0,29201321,238567,0,0,0,0,0,0,0,0,16384,0,0,0,0,0,0,0,0,0,0,0,6576,472,0,0,0,0,0,46126520,0,156,0,3,469,6576,0,0,0,0,0,0,0,0,0,0,0,0,0,0,0,0,0,0,0,0,0,0,0,0,0,0,0,0,0,0,0,0,0,0,0,0,0,0,0,0,0,0,0,0,0,0,0,0,0,0,0,0,0,0,209159192,0,0,0,441245769,0,0,0,0,0,0,0,60267571,82534756,238936152,153377866240,55910284,1,1,0,0,0,0,0,0,0,0,0,0,0,0,0,0,0,0,0,0,0,0,0,0,0,0,0,0,0,0,0,986,0,0,0,0,0,0,0
1787688282.138,0,0,0,0,0,0,0,634966340,1348060350976,677369645056,0,0,0,0,0,0,0,0,0,0,0,0,0,0,0,0,0,0,0,0,0,0,0,0,0,0,0,0,0,0,0,0,0,0,0,0,0,0,0,0,0,0,0,0,0,0,0,0,0,0,0,0,0,0,0,0,0,0,0,0,7,1668594,82360860,29263486,0,0,0,0,0,0,0,0,0,0,0,0,0,0,0,0,0,0,0,0,0,0,0,0,0,0,0,0,0,0,0,0,0,0,0,0,0,12883296256,10152198144,786334,619641,29210926,2,0,97,786432,81525583,796294,280,3056590905,12884901888,0,629663958,0,0,0,0,0,0,0,0,0,0,0,0,0,0,0,0,0,0,15179837,115058366,0,468,1204,7863,623,30359937,35,0,0,0,0,0,0,0,1,0,0,0,0,0,0,0,0,0,0,20782408,0,29210400,238639,0,0,0,0,0,0,0,0,16384,0,0,0,0,0,0,0,0,0,0,0,6577,472,0,0,0,0,0,46142320,0,156,0,3,469,6577,0,0,0,0,0,0,0,0,0,0,0,0,0,0,0,0,0,0,0,0,0,0,0,0,0,0,0,0,0,0,0,0,0,0,0,0,0,0,0,0,0,0,0,0,0,0,0,0,0,0,0,0,0,0,209236790,0,0,0,441334726,0,0,0,0,0,0,0,60296991,82594994,239022850,153418664448,55938340,1,1,0,0,0,0,0,0,0,0,0,0,0,0,0,0,0,0,0,0,0,0,0,0,0,0,0,0,0,0,0,161,0,0,0,0,0,0,0
1787688283.217,0,0,0,0,0,0,0,635140840,1349023926784,677622975488,0,0,0,0,0,0,0,0,0,0,0,0,0,0,0,0,0,0,0,0,0,0,0,0,0,0,0,0,0,0,0,0,0,0,0,0,0,0,0,0,0,0,0,0,0,0,0,0,0,0,0,0,0,0,0,0,0,0,0,0,7,1668680,82419833,29276143,0,0,0,0,0,0,0,0,0,0,0,0,0,0,0,0,0,0,0,0,0,0,0,0,0,0,0,0,0,0,0,0,0,0,0,0,0,12883329024,10125705216,786336,618025,29219971,0,0,96,786432,81584500,796294,280,3057453975,12884901888,0,629779232,0,0,0,0,0,0,0,0,0,0,0,0,0,0,0,0,0,0,15184890,115063421,0,468,1204,7863,623,30370047,35,0,0,0,0,0,0,0,1,0,0,0,0,0,0,0,0,0,0,20788227,0,29222967,238739,0,0,0,0,0,0,0,0,16384,0,0,0,0,0,0,0,0,0,0,0,6578,472,0,0,0,0,0,46157664,0,156,0,3,469,6578,0,0,0,0,0,0,0,0,0,0,0,0,0,0,0,0,0,0,0,0,0,0,0,0,0,0,0,0,0,0,0,0,0,0,0,0,0,0,0,0,0,0,0,0,0,0,0,0,0,0,0,0,0,0,209311021,0,0,0,441420359,0,0,0,0,0,0,0,60325390,82653790,239109858,153457652736,55964882,0,0,0,0,0,0,0,0,0,0,0,0,0,0,0,0,0,0,0,0,0,0,0,0,0,0,0,0,0,0,0,416,0,0,0,0,0,0,0
1787688284.294,0,0,0,0,0,0,0,635315746,1349983046144,677889951232,0,0,0,0,0,0,0,0,0,0,0,0,0,0,0,0,0,0,0,0,0,0,0,0,0,0,0,0,0,0,0,0,0,0,0,0,0,0,0,0,0,0,0,0,0,0,0,0,0,0,0,0,0,0,0,0,0,0,0,0,7,1668697,82478522,29289407,0,0,0,0,0,0,0,0,0,0,0,0,0,0,0,0,0,0,0,0,0,0,0,0,0,0,0,0,0,0,0,0,0,0,0,0,0,12883329024,10086318080,786336,615620,29228959,1,0,96,786432,81643130,796294,280,3058316976,12884901888,0,629894293,0,0,0,0,0,0,0,0,0,0,0,0,0,0,0,0,0,0,15189962,115068494,0,468,1204,7863,623,30380192,35,0,0,0,0,0,0,0,1,0,0,0,0,0,0,0,0,0,0,20794067,0,29236577,238847,0,0,0,0,0,0,0,0,16384,0,0,0,0,0,0,0,0,0,0,0,6580,472,0,0,0,0,0,46173040,0,156,0,3,469,6580,0,0,0,0,0,0,0,0,0,0,0,0,0,0,0,0,0,0,0,0,0,0,0,0,0,0,0,0,0,0,0,0,0,0,0,0,0,0,0,0,0,0,0,0,0,0,0,0,0,0,0,0,0,0,209386877,0,0,0,441506245,0,0,0,0,0,0,0,60353796,82712351,239199231,153497359360,55991390,1,0,0,0,0,0,0,0,0,0,0,0,0,0,0,0,0,0,0,0,0,0,0,0,0,0,0,0,0,0,0,693,0,0,0,0,0,0,0
1787688285.375,0,0,0,0,0,0,0,635495381,1350969707008,678099928576,0,0,0,0,0,0,0,0,0,0,0,0,0,0,0,0,0,0,0,0,0,0,0,0,0,0,0,0,0,0,0,0,0,0,0,0,0,0,0,0,0,0,0,0,0,0,0,0,0,0,0,0,0,0,0,0,0,0,0,0,7,1668720,82538888,29299545,0,0,0,0,0,0,0,0,0,0,0,0,0,0,0,0,0,0,0,0,0,0,0,0,0,0,0,0,0,0,0,0,0,0,0,0,0,12883312640,10102423552,786336,616603,29246985,0,0,97,786432,81703429,796294,280,3059204689,12884901888,0,630013034,0,0,0,0,0,0,0,0,0,0,0,0,0,0,0,0,0,0,15195162,115073693,0,468,1204,7863,623,30390587,35,0,0,0,0,0,0,0,1,0,0,0,0,0,0,0,0,0,0,20800052,0,29246459,238927,0,0,0,0,0,0,0,0,16384,0,0,0,0,0,0,0,0,0,0,0,6581,472,0,0,0,0,0,46188888,0,156,0,3,469,6581,0,0,0,0,0,0,0,0,0,0,0,0,0,0,0,0,0,0,0,0,0,0,0,0,0,0,0,0,0,0,0,0,0,0,0,0,0,0,0,0,0,0,0,0,0,0,0,0,0,0,0,0,0,0,209465795,0,0,0,441594252,0,0,0,0,0,0,0,60384094,82772532,239288094,153538683904,56020202,0,0,0,0,0,0,0,0,0,0,0,0,0,0,0,0,0,0,0,0,0,0,0,0,0,0,0,0,0,0,0,1094,0,0,0,0,0,0,0
1787688286.454,0,0,0,0,0,0,0,635674156,1351957432832,678295927808,0,0,0,0,0,0,0,0,0,0,0,0,0,0,0,0,0,0,0,0,0,0,0,0,0,0,0,0,0,0,0,0,0,0,0,0,0,0,0,0,0,0,0,0,0,0,0,0,0,0,0,0,0,0,0,0,0,0,0,0,7,1668763,82599322,29308561,0,0,0,0,0,0,0,0,0,0,0,0,0,0,0,0,0,0,0,0,0,0,0,0,0,0,0,0,0,0,0,0,0,0,0,0,0,12883312640,10138157056,786335,618784,29256001,0,0,97,786432,81763808,796294,280,3060092178,12884901888,0,630133820,0,0,0,0,0,0,0,0,0,0,0,0,0,0,0,0,0,0,15200347,115078879,0,468,1204,7863,623,30400956,35,0,0,0,0,0,0,0,1,0,0,0,0,0,0,0,0,0,0,20806028,0,29255475,238999,0,0,0,0,0,0,0,0,16384,0,0,0,0,0,0,0,0,0,0,0,6582,472,0,0,0,0,0,46204661,0,156,0,3,469,6582,0,0,0,0,0,0,0,0,0,0,0,0,0,0,0,0,0,0,0,0,0,0,0,0,0,0,0,0,0,0,0,0,0,0,0,0,0,0,0,0,0,0,0,0,0,0,0,0,0,0,0,0,0,0,209545326,0,0,0,441683192,0,0,0,0,0,0,0,60413793,82832844,239376661,153580453376,56048567,0,0,0,0,0,0,0,0,0,0,0,0,0,0,0,0,0,0,0,0,0,0,0,0,0,0,0,0,0,0,0,278,0,0,0,0,0,0,0
1787688287.533,0,0,0,0,0,0,0,635853872,1352940521984,678503204864,0,0,0,0,0,0,0,0,0,0,0,0,0,0,0,0,0,0,0,0,0,0,0,0,0,0,0,0,0,0,0,0,0,0,0,0,0,0,0,0,0,0,0,0,0,0,0,0,0,0,0,0,0,0,0,0,0,0,0,0,7,1668853,82659455,29318205,0,0,0,0,0,0,0,0,0,0,0,0,0,0,0,0,0,0,0,0,0,0,0,0,0,0,0,0,0,0,0,0,0,0,0,0,0,12883279872,10163290112,786335,620318,29265645,0,0,97,786432,81823884,796294,280,3060980202,12884901888,0,630252997,0,0,0,0,0,0,0,0,0,0,0,0,0,0,0,0,0,0,15205542,115084074,0,468,1204,7863,623,30411347,35,0,0,0,0,0,0,0,1,0,0,0,0,0,0,0,0,0,0,20812016,0,29265119,239075,0,0,0,0,0,0,0,0,16384,0,0,0,0,0,0,0,0,0,0,0,6583,472,0,0,0,0,0,46220459,0,156,0,3,469,6583,0,0,0,0,0,0,0,0,0,0,0,0,0,0,0,0,0,0,0,0,0,0,0,0,0,0,0,0,0,0,0,0,0,0,0,0,0,0,0,0,0,0,0,0,0,0,0,0,0,0,0,0,0,0,209626914,0,0,0,441771245,0,0,0,0,0,0,0,60445309,82892865,239467928,153623223296,56078661,0,0,0,0,0,0,0,0,0,0,0,0,0,0,0,0,0,0,0,0,0,0,0,0,0,0,0,0,0,0,0,661,0,0,0,0,0,0,0
1787688288.612,0,0,0,0,0,0,0,636031774,1353925315072,678709717504,0,0,0,0,0,0,0,0,0,0,0,0,0,0,0,0,0,0,0,0,0,0,0,0,0,0,0,0,0,0,0,0,0,0,0,0,0,0,0,0,0,0,0,0,0,0,0,0,0,0,0,0,0,0,0,0,0,0,0,0,7,1668876,82719696,29327863,0,0,0,0,0,0,0,0,0,0,0,0,0,0,0,0,0,0,0,0,0,0,0,0,0,0,0,0,0,0,0,0,0,0,0,0,0,12883329024,10185555968,786335,621677,29275303,0,0,98,786432,81884044,796294,280,3061859256,12884901888,0,630369951,0,0,0,0,0,0,0,0,0,0,0,0,0,0,0,0,0,0,15210695,115089227,0,468,1204,7863,623,30421653,35,0,0,0,0,0,0,0,1,0,0,0,0,0,0,0,0,0,0,20817941,0,29274777,239152,0,0,0,0,0,0,0,0,16384,0,0,0,0,0,0,0,0,0,0,0,6584,472,0,0,0,0,0,46236137,0,156,0,3,469,6584,0,0,0,0,0,0,0,0,0,0,0,0,0,0,0,0,0,0,0,0,0,0,0,0,0,0,0,0,0,0,0,0,0,0,0,0,0,0,0,0,0,0,0,0,0,0,0,0,0,0,0,0,0,0,209707345,0,0,0,441858473,0,0,0,0,0,0,0,60476336,82952995,239558047,153665073664,56108257,0,0,0,0,0,0,0,0,0,0,0,0,0,0,0,0,0,0,0,0,0,0,0,0,0,0,0,0,0,0,0,996,0,0,0,0,0,0,0
1787688289.687,0,0,0,0,0,0,0,636211650,1354912303616,678916478464,0,0,0,0,0,0,0,0,0,0,0,0,0,0,0,0,0,0,0,0,0,0,0,0,0,0,0,0,0,0,0,0,0,0,0,0,0,0,0,0,0,0,0,0,0,0,0,0,0,0,0,0,0,0,0,0,0,0,0,0,7,1668905,82780071,29337455,0,0,0,0,0,0,0,0,0,0,0,0,0,0,0,0,0,0,0,0,0,0,0,0,0,0,0,0,0,0,0,0,0,0,0,0,0,12883312640,10210541568,786335,623202,29284895,0,0,96,786432,81944353,796294,280,3062750966,12884901888,0,630491322,0,0,0,0,0,0,0,0,0,0,0,0,0,0,0,0,0,0,15215905,115094436,0,468,1204,7863,623,30432071,35,0,0,0,0,0,0,0,1,0,0,0,0,0,0,0,0,0,0,20823944,0,29284369,239228,0,0,0,0,0,0,0,0,16384,0,0,0,0,0,0,0,0,0,0,0,6585,472,0,0,0,0,0,46251981,0,156,0,3,469,6585,0,0,0,0,0,0,0,0,0,0,0,0,0,0,0,0,0,0,0,0,0,0,0,0,0,0,0,0,0,0,0,0,0,0,0,0,0,0,0,0,0,0,0,0,0,0,0,0,0,0,0,0,0,0,209789980,0,0,0,441947856,0,0,0,0,0,0,0,60507891,83013233,239650306,153708153856,56138424,0,0,0,0,0,0,0,0,0,0,0,0,0,0,0,0,0,0,0,0,0,0,0,0,0,0,0,0,0,0,0,181,0,0,0,0,0,0,0
1787688290.763,0,0,0,0,0,0,0,636390765,1355900832256,679122969088,0,0,0,0,0,0,0,0,0,0,0,0,0,0,0,0,0,0,0,0,0,0,0,0,0,0,0,0,0,0,0,0,0,0,0,0,0,0,0,0,0,0,0,0,0,0,0,0,0,0,0,0,0,0,0,0,0,0,0,0,7,1668989,82840533,29347080,0,0,0,0,0,0,0,0,0,0,0,0,0,0,0,0,0,0,0,0,0,0,0,0,0,0,0,0,0,0,0,0,0,0,0,0,0,12883329024,10236493824,786336,624786,29294520,0,0,96,786432,82004741,796294,280,3063635937,12884901888,0,630609234,0,0,0,0,0,0,0,0,0,0,0,0,0,0,0,0,0,0,15221097,115099626,0,468,1204,7863,623,30442461,35,0,0,0,0,0,0,0,1,0,0,0,0,0,0,0,0,0,0,20829917,0,29293994,239304,0,0,0,0,0,0,0,0,16384,0,0,0,0,0,0,0,0,0,0,0,6586,472,0,0,0,0,0,46267738,0,156,0,3,469,6586,0,0,0,0,0,0,0,0,0,0,0,0,0,0,0,0,0,0,0,0,0,0,0,0,0,0,0,0,0,0,0,0,0,0,0,0,0,0,0,0,0,0,0,0,0,0,0,0,0,0,0,0,0,0,209870996,0,0,0,442035639,0,0,0,0,0,0,0,60539649,83073574,239740973,153750536192,56168733,1,1,0,0,0,0,0,0,0,0,0,0,0,0,0,0,0,0,0,0,0,0,0,0,0,0,0,0,0,0,0,564,0,0,0,0,0,0,0
1787688291.841,0,0,0,0,0,0,0,636570238,1356889868800,679329026560,0,0,0,0,0,0,0,0,0,0,0,0,0,0,0,0,0,0,0,0,0,0,0,0,0,0,0,0,0,0,0,0,0,0,0,0,0,0,0,0,0,0,0,0,0,0,0,0,0,0,0,0,0,0,0,0,0,0,0,0,7,1669034,82901034,29356662,0,0,0,0,0,0,0,0,0,0,0,0,0,0,0,0,0,0,0,0,0,0,0,0,0,0,0,0,0,0,0,0,0,0,0,0,0,12883279872,10261151744,786334,626291,29304102,0,0,98,786432,82065167,796294,280,3064522953,12884901888,0,630727764,0,0,0,0,0,0,0,0,0,0,0,0,0,0,0,0,0,0,15226295,115104824,0,468,1204,7863,623,30452851,35,0,0,0,0,0,0,0,1,0,0,0,0,0,0,0,0,0,0,20835901,0,29303576,239380,0,0,0,0,0,0,0,0,16384,0,0,0,0,0,0,0,0,0,0,0,6587,472,0,0,0,0,0,46283572,0,156,0,3,469,6587,0,0,0,0,0,0,0,0,0,0,0,0,0,0,0,0,0,0,0,0,0,0,0,0,0,0,0,0,0,0,0,0,0,0,0,0,0,0,0,0,0,0,0,0,0,0,0,0,0,0,0,0,0,0,209952213,0,0,0,442123585,0,0,0,0,0,0,0,60571425,83133959,239831804,153793088000,56199171,1,1,0,0,0,0,0,0,0,0,0,0,0,0,0,0,0,0,0,0,0,0,0,0,0,0,0,0,0,0,0,978,0,0,0,0,0,0,0
1787688292.922,0,0,0,0,0,0,0,636748047,1357873187328,679534744064,0,0,0,0,0,0,0,0,0,0,0,0,0,0,0,0,0,0,0,0,0,0,0,0,0,0,0,0,0,0,0,0,0,0,0,0,0,0,0,0,0,0,0,0,0,0,0,0,0,0,0,0,0,0,0,0,0,0,0,0,7,1669130,82961197,29366253,0,0,0,0,0,0,0,0,0,0,0,0,0,0,0,0,0,0,0,0,0,0,0,0,0,0,0,0,0,0,0,0,0,0,0,0,0,12883329024,10284122112,786336,627693,29313693,0,0,96,786432,82125275,796294,280,3065405992,12884901888,0,630847753,0,0,0,0,0,0,0,0,0,0,0,0,0,0,0,0,0,0,15231448,115109979,0,468,1204,7863,623,30463160,35,0,0,0,0,0,0,0,1,0,0,0,0,0,0,0,0,0,0,20841838,0,29313167,239456,0,0,0,0,0,0,0,0,16384,0,0,0,0,0,0,0,0,0,0,0,6588,472,0,0,0,0,0,46299253,0,156,0,3,469,6588,0,0,0,0,0,0,0,0,0,0,0,0,0,0,0,0,0,0,0,0,0,0,0,0,0,0,0,0,0,0,0,0,0,0,0,0,0,0,0,0,0,0,0,0,0,0,0,0,0,0,0,0,0,0,210032588,0,0,0,442212082,0,0,0,0,0,0,0,60602317,83193985,239921805,153835100672,56228633,1,1,0,0,0,0,0,0,0,0,0,0,0,0,0,0,0,0,0,0,0,0,0,0,0,0,0,0,0,0,0,105,0,0,0,0,0,0,0
1787688294.001,0,0,0,0,0,0,0,636927375,1358863354368,679740585472,0,0,0,0,0,0,0,0,0,0,0,0,0,0,0,0,0,0,0,0,0,0,0,0,0,0,0,0,0,0,0,0,0,0,0,0,0,0,0,0,0,0,0,0,0,0,0,0,0,0,0,0,0,0,0,0,0,0,0,0,7,1669164,83021756,29375814,0,0,0,0,0,0,0,0,0,0,0,0,0,0,0,0,0,0,0,0,0,0,0,0,0,0,0,0,0,0,0,0,0,0,0,0,0,12883329024,10306273280,786336,629045,29323254,0,0,96,786432,82185766,796294,280,3066291918,12884901888,0,630965610,0,0,0,0,0,0,0,0,0,0,0,0,0,0,0,0,0,0,15236642,115115172,0,468,1204,7863,623,30473549,35,0,0,0,0,0,0,0,1,0,0,0,0,0,0,0,0,0,0,20847813,0,29322728,239532,0,0,0,0,0,0,0,0,16384,0,0,0,0,0,0,0,0,0,0,0,6589,472,0,0,0,0,0,46315075,0,156,0,3,469,6589,0,0,0,0,0,0,0,0,0,0,0,0,0,0,0,0,0,0,0,0,0,0,0,0,0,0,0,0,0,0,0,0,0,0,0,0,0,0,0,0,0,0,0,0,0,0,0,0,0,0,0,0,0,0,210113659,0,0,0,442299988,0,0,0,0,0,0,0,60633697,83254439,240012465,153877540352,56258603,0,0,0,0,0,0,0,0,0,0,0,0,0,0,0,0,0,0,0,0,0,0,0,0,0,0,0,0,0,0,0,505,0,0,0,0,0,0,0
1787688295.080,0,0,0,0,0,0,0,637106292,1359850916352,679947068416,0,0,0,0,0,0,0,0,0,0,0,0,0,0,0,0,0,0,0,0,0,0,0,0,0,0,0,0,0,0,0,0,0,0,0,0,0,0,0,0,0,0,0,0,0,0,0,0,0,0,0,0,0,0,0,0,0,0,0,0,7,1669200,83082179,29385401,0,0,0,0,0,0,0,0,0,0,0,0,0,0,0,0,0,0,0,0,0,0,0,0,0,0,0,0,0,0,0,0,0,0,0,0,0,12883329024,10330652672,786336,630533,29332841,0,0,96,786432,82246103,796294,280,3067176972,12884901888,0,631083738,0,0,0,0,0,0,0,0,0,0,0,0,0,0,0,0,0,0,15241829,115120357,0,468,1204,7863,623,30483923,35,0,0,0,0,0,0,0,1,0,0,0,0,0,0,0,0,0,0,20853787,0,29332315,239608,0,0,0,0,0,0,0,0,16384,0,0,0,0,0,0,0,0,0,0,0,6590,472,0,0,0,0,0,46330817,0,156,0,3,469,6590,0,0,0,0,0,0,0,0,0,0,0,0,0,0,0,0,0,0,0,0,0,0,0,0,0,0,0,0,0,0,0,0,0,0,0,0,0,0,0,0,0,0,0,0,0,0,0,0,0,0,0,0,0,0,210195473,0,0,0,442387808,0,0,0,0,0,0,0,60665407,83314732,240103892,153920331776,56288910,0,0,0,0,0,0,0,0,0,0,0,0,0,0,0,0,0,0,0,0,0,0,0,0,0,0,0,0,0,0,0,903,0,0,0,0,0,0,0
1787688296.158,0,0,0,0,0,0,0,637285414,1360837118464,680159533056,0,0,0,0,0,0,0,0,0,0,0,0,0,0,0,0,0,0,0,0,0,0,0,0,0,0,0,0,0,0,0,0,0,0,0,0,0,0,0,0,0,0,0,0,0,0,0,0,0,0,0,0,0,0,0,0,0,0,0,0,7,1669232,83142486,29395228,0,0,0,0,0,0,0,0,0,0,0,0,0,0,0,0,0,0,0,0,0,0,0,0,0,0,0,0,0,0,0,0,0,0,0,0,0,12880412672,10348331008,786158,631612,29342410,177,0,96,786432,82306329,796294,280,3068065325,12884901888,0,631204027,0,0,0,0,0,0,0,0,0,0,0,0,0,0,0,0,0,0,15247017,115125548,0,468,1204,7863,623,30494297,35,0,0,0,0,0,0,0,1,0,0,0,0,0,0,0,0,0,0,20859772,0,29342140,239686,0,0,0,0,0,0,0,0,16384,0,0,0,0,0,0,0,0,0,0,0,6591,472,0,0,0,0,0,46346619,0,156,0,3,469,6591,0,0,0,0,0,0,0,0,0,0,0,0,0,0,0,0,0,0,0,0,0,0,0,0,0,0,0,0,0,0,0,0,0,0,0,0,0,0,0,0,0,0,0,0,0,0,0,0,0,0,0,0,0,0,210277870,0,0,0,442476876,0,0,0,0,0,0,0,60696703,83374926,240196271,153963357184,56318773,0,0,0,0,0,0,0,0,0,0,0,0,0,0,0,0,0,0,0,0,0,0,0,0,0,0,0,0,0,0,0,96,0,0,0,0,0,0,0
1787688297.235,0,0,0,0,0,0,0,637453362,1361762896384,680429856256,0,0,0,0,0,0,0,0,0,0,0,0,0,0,0,0,0,0,0,0,0,0,0,0,0,0,0,0,0,0,0,0,0,0,0,0,0,0,0,0,0,0,0,0,0,0,0,0,0,0,0,0,0,0,0,0,0,0,0,0,7,1669254,83199099,29408959,0,0,0,0,0,0,0,0,0,0,0,0,0,0,0,0,0,0,0,0,0,0,0,0,0,0,0,0,0,0,0,0,0,0,0,0,0,12883312640,10292445184,786336,628201,29352016,0,0,96,786432,82362873,796294,280,3068895987,12884901888,0,631315500,0,0,0,0,0,0,0,0,0,0,0,0,0,0,0,0,0,0,15251887,115130418,0,468,1204,7863,623,30504034,35,0,0,0,0,0,0,0,1,0,0,0,0,0,0,0,0,0,0,20865372,0,29355889,239796,0,0,0,0,0,0,0,0,16384,0,0,0,0,0,0,0,0,0,0,0,6592,472,0,0,0,0,0,46361448,0,156,0,3,469,6592,0,0,0,0,0,0,0,0,0,0,0,0,0,0,0,0,0,0,0,0,0,0,0,0,0,0,0,0,0,0,0,0,0,0,0,0,0,0,0,0,0,0,0,0,0,0,0,0,0,0,0,0,0,0,210355173,0,0,0,442559546,0,0,0,0,0,0,0,60724568,83431432,240287278,154003863040,56344639,1,0,0,0,0,0,0,0,0,0,0,0,0,0,0,0,0,0,0,0,0,0,0,0,0,0,0,0,0,0,0,153,0,0,0,0,0,0,0
1787688298.308,0,0,0,0,0,0,0,637621878,1362690312704,680703889408,0,0,0,0,0,0,0,0,0,0,0,0,0,0,0,0,0,0,0,0,0,0,0,0,0,0,0,0,0,0,0,0,0,0,0,0,0,0,0,0,0,0,0,0,0,0,0,0,0,0,0,0,0,0,0,0,0,0,0,0,7,1669304,83255830,29422902,0,0,0,0,0,0,0,0,0,0,0,0,0,0,0,0,0,0,0,0,0,0,0,0,0,0,0,0,0,0,0,0,0,0,0,0,0,12883329024,10233708544,786335,624616,29361575,0,0,97,786432,82419534,796294,280,3069729178,12884901888,0,631426998,0,0,0,0,0,0,0,0,0,0,0,0,0,0,0,0,0,0,15256766,115135296,0,468,1204,7863,623,30513797,35,0,0,0,0,0,0,0,1,0,0,0,0,0,0,0,0,0,0,20870989,0,29369701,239906,0,0,0,0,0,0,0,0,16384,0,0,0,0,0,0,0,0,0,0,0,6594,472,0,0,0,0,0,46376272,0,156,0,3,469,6594,0,0,0,0,0,0,0,0,0,0,0,0,0,0,0,0,0,0,0,0,0,0,0,0,0,0,0,0,0,0,0,0,0,0,0,0,0,0,0,0,0,0,0,0,0,0,0,0,0,0,0,0,0,0,210432195,0,0,0,442642447,0,0,0,0,0,0,0,60751773,83488056,240378240,154043992576,56369924,1,0,0,0,0,0,0,0,0,0,0,0,0,0,0,0,0,0,0,0,0,0,0,0,0,0,0,0,0,0,0,232,0,0,0,0,0,0,0
1787688299.383,0,0,0,0,0,0,0,637800259,1363671337472,680921329152,0,0,0,0,0,0,0,0,0,0,0,0,0,0,0,0,0,0,0,0,0,0,0,0,0,0,0,0,0,0,0,0,0,0,0,0,0,0,0,0,0,0,0,0,0,0,0,0,0,0,0,0,0,0,0,0,0,0,0,0,7,1669363,83315834,29433185,0,0,0,0,0,0,0,0,0,0,0,0,0,0,0,0,0,0,0,0,0,0,0,0,0,0,0,0,0,0,0,0,0,0,0,0,0,12883312640,10243260416,786335,625199,29380625,0,0,96,786432,82479469,796294,280,3070610528,12884901888,0,631544635,0,0,0,0,0,0,0,0,0,0,0,0,0,0,0,0,0,0,15261934,115140465,0,468,1204,7863,623,30524130,35,0,0,0,0,0,0,0,1,0,0,0,0,0,0,0,0,0,0,20876936,0,29380099,239989,0,0,0,0,0,0,0,0,16384,0,0,0,0,0,0,0,0,0,0,0,6595,472,0,0,0,0,0,46391980,0,156,0,3,469,6595,0,0,0,0,0,0,0,0,0,0,0,0,0,0,0,0,0,0,0,0,0,0,0,0,0,0,0,0,0,0,0,0,0,0,0,0,0,0,0,0,0,0,0,0,0,0,0,0,0,0,0,0,0,0,210514022,0,0,0,442729924,0,0,0,0,0,0,0,60783319,83547946,240470366,154086819840,56399949,0,0,0,0,0,0,0,0,0,0,0,0,0,0,0,0,0,0,0,0,0,0,0,0,0,0,0,0,0,0,0,589,0,0,0,0,0,0,0
1787688300.461,0,0,0,0,0,0,0,637979340,1364660111872,681126068224,0,0,0,0,0,0,0,0,0,0,0,0,0,0,0,0,0,0,0,0,0,0,0,0,0,0,0,0,0,0,0,0,0,0,0,0,0,0,0,0,0,0,0,0,0,0,0,0,0,0,0,0,0,0,0,0,0,0,0,0,7,1669394,83376300,29442688,0,0,0,0,0,0,0,0,0,0,0,0,0,0,0,0,0,0,0,0,0,0,0,0,0,0,0,0,0,0,0,0,0,0,0,0,0,12883329024,10266755072,786336,626633,29390128,0,0,96,786432,82539867,796294,280,3071495011,12884901888,0,631662095,0,0,0,0,0,0,0,0,0,0,0,0,0,0,0,0,0,0,15267127,115145657,0,468,1204,7863,623,30534523,35,0,0,0,0,0,0,0,1,0,0,0,0,0,0,0,0,0,0,20882905,0,29389602,240065,0,0,0,0,0,0,0,0,16384,0,0,0,0,0,0,0,0,0,0,0,6596,472,0,0,0,0,0,46407766,0,156,0,3,469,6596,0,0,0,0,0,0,0,0,0,0,0,0,0,0,0,0,0,0,0,0,0,0,0,0,0,0,0,0,0,0,0,0,0,0,0,0,0,0,0,0,0,0,0,0,0,0,0,0,0,0,0,0,0,0,210595530,0,0,0,442817727,0,0,0,0,0,0,0,60815068,83608297,240561389,154129382400,56430290,0,0,0,0,0,0,0,0,0,0,0,0,0,0,0,0,0,0,0,0,0,0,0,0,0,0,0,0,0,0,0,970,0,0,0,0,0,0,0
1787688301.541,0,0,0,0,0,0,0,638159263,1365651278336,681331454464,0,0,0,0,0,0,0,0,0,0,0,0,0,0,0,0,0,0,0,0,0,0,0,0,0,0,0,0,0,0,0,0,0,0,0,0,0,0,0,0,0,0,0,0,0,0,0,0,0,0,0,0,0,0,0,0,0,0,0,0,7,1669426,83436935,29452198,0,0,0,0,0,0,0,0,0,0,0,0,0,0,0,0,0,0,0,0,0,0,0,0,0,0,0,0,0,0,0,0,0,0,0,0,0,12883329024,10290708480,786336,628095,29399638,0,0,96,786432,82600430,796294,280,3072387691,12884901888,0,631783631,0,0,0,0,0,0,0,0,0,0,0,0,0,0,0,0,0,0,15272334,115150865,0,468,1204,7863,623,30544933,35,0,0,0,0,0,0,0,1,0,0,0,0,0,0,0,0,0,0,20888906,0,29399112,240141,0,0,0,0,0,0,0,0,16384,0,0,0,0,0,0,0,0,0,0,0,6597,472,0,0,0,0,0,46423599,0,156,0,3,469,6597,0,0,0,0,0,0,0,0,0,0,0,0,0,0,0,0,0,0,0,0,0,0,0,0,0,0,0,0,0,0,0,0,0,0,0,0,0,0,0,0,0,0,0,0,0,0,0,0,0,0,0,0,0,0,210677865,0,0,0,442907099,0,0,0,0,0,0,0,60846603,83668804,240653253,154172546048,56460435,1,0,0,0,0,0,0,0,0,0,0,0,0,0,0,0,0,0,0,0,0,0,0,0,0,0,0,0,0,0,0,181,0,0,0,0,0,0,0
1787688302.619,0,0,0,0,0,0,0,638338763,1366636136960,681536541696,0,0,0,0,0,0,0,0,0,0,0,0,0,0,0,0,0,0,0,0,0,0,0,0,0,0,0,0,0,0,0,0,0,0,0,0,0,0,0,0,0,0,0,0,0,0,0,0,0,0,0,0,0,0,0,0,0,0,0,0,7,1669462,83497171,29461690,0,0,0,0,0,0,0,0,0,0,0,0,0,0,0,0,0,0,0,0,0,0,0,0,0,0,0,0,0,0,0,0,0,0,0,0,0,12883329024,10313302016,786336,629474,29409130,0,0,96,786432,82660591,796294,280,3073273925,12884901888,0,631901902,0,0,0,0,0,0,0,0,0,0,0,0,0,0,0,0,0,0,15277540,115156066,0,468,1204,7863,623,30555340,35,0,0,0,0,0,0,0,1,0,0,0,0,0,0,0,0,0,0,20894890,0,29408604,240217,0,0,0,0,0,0,0,0,16384,0,0,0,0,0,0,0,0,0,0,0,6598,472,0,0,0,0,0,46439414,0,156,0,3,469,6598,0,0,0,0,0,0,0,0,0,0,0,0,0,0,0,0,0,0,0,0,0,0,0,0,0,0,0,0,0,0,0,0,0,0,0,0,0,0,0,0,0,0,0,0,0,0,0,0,0,0,0,0,0,0,210759824,0,0,0,442995152,0,0,0,0,0,0,0,60877983,83728926,240744724,154215547904,56490404,1,0,0,0,0,0,0,0,0,0,0,0,0,0,0,0,0,0,0,0,0,0,0,0,0,0,0,0,0,0,0,586,0,0,0,0,0,0,0
1787688303.699,0,0,0,0,0,0,0,638519412,1367625484800,681742924288,0,0,0,0,0,0,0,0,0,0,0,0,0,0,0,0,0,0,0,0,0,0,0,0,0,0,0,0,0,0,0,0,0,0,0,0,0,0,0,0,0,0,0,0,0,0,0,0,0,0,0,0,0,0,0,0,0,0,0,0,7,1669561,83557690,29471218,0,0,0,0,0,0,0,0,0,0,0,0,0,0,0,0,0,0,0,0,0,0,0,0,0,0,0,0,0,0,0,0,0,0,0,0,0,12883329024,10338598912,786336,631018,29418658,0,0,96,786432,82721033,796294,280,3074166715,12884901888,0,632021370,0,0,0,0,0,0,0,0,0,0,0,0,0,0,0,0,0,0,15282765,115161295,0,468,1204,7863,623,30565792,35,0,0,0,0,0,0,0,1,0,0,0,0,0,0,0,0,0,0,20900913,0,29418132,240293,0,0,0,0,0,0,0,0,16384,0,0,0,0,0,0,0,0,0,0,0,6599,472,0,0,0,0,0,46455318,0,156,0,3,469,6599,0,0,0,0,0,0,0,0,0,0,0,0,0,0,0,0,0,0,0,0,0,0,0,0,0,0,0,0,0,0,0,0,0,0,0,0,0,0,0,0,0,0,0,0,0,0,0,0,0,0,0,0,0,0,210842894,0,0,0,443083582,0,0,0,0,0,0,0,60909371,83789345,240837348,154259111424,56520419,0,0,0,0,0,0,0,0,0,0,0,0,0,0,0,0,0,0,0,0,0,0,0,0,0,0,0,0,0,0,0,1031,0,0,0,0,0,0,0
1787688304.777,0,0,0,0,0,0,0,638699131,1368619895296,681949450240,0,0,0,0,0,0,0,0,0,0,0,0,0,0,0,0,0,0,0,0,0,0,0,0,0,0,0,0,0,0,0,0,0,0,0,0,0,0,0,0,0,0,0,0,0,0,0,0,0,0,0,0,0,0,0,0,0,0,0,0,7,1669591,83618506,29480769,0,0,0,0,0,0,0,0,0,0,0,0,0,0,0,0,0,0,0,0,0,0,0,0,0,0,0,0,0,0,0,0,0,0,0,0,0,12883329024,10361995264,786335,632446,29428209,0,0,97,786432,82781796,796294,280,3075058159,12884901888,0,632142255,0,0,0,0,0,0,0,0,0,0,0,0,0,0,0,0,0,0,15287974,115166503,0,468,1204,7863,623,30576210,35,0,0,0,0,0,0,0,1,0,0,0,0,0,0,0,0,0,0,20906914,0,29427683,240369,0,0,0,0,0,0,0,0,16384,0,0,0,0,0,0,0,0,0,0,0,6600,472,0,0,0,0,0,46471164,0,156,0,3,469,6600,0,0,0,0,0,0,0,0,0,0,0,0,0,0,0,0,0,0,0,0,0,0,0,0,0,0,0,0,0,0,0,0,0,0,0,0,0,0,0,0,0,0,0,0,0,0,0,0,0,0,0,0,0,0,210925961,0,0,0,443172911,0,0,0,0,0,0,0,60940931,83850053,240929963,154302558208,56550563,1,0,0,0,0,0,0,0,0,0,0,0,0,0,0,0,0,0,0,0,0,0,0,0,0,0,0,0,0,0,0,216,0,0,0,0,0,0,0
1787688305.856,0,0,0,0,0,0,0,638878027,1369600297472,682155001856,0,0,0,0,0,0,0,0,0,0,0,0,0,0,0,0,0,0,0,0,0,0,0,0,0,0,0,0,0,0,0,0,0,0,0,0,0,0,0,0,0,0,0,0,0,0,0,0,0,0,0,0,0,0,0,0,0,0,0,0,7,1669675,83678492,29490318,0,0,0,0,0,0,0,0,0,0,0,0,0,0,0,0,0,0,0,0,0,0,0,0,0,0,0,0,0,0,0,0,0,0,0,0,0,12883312640,10382426112,786334,633693,29437758,0,0,99,786432,82841707,796294,280,3075941625,12884901888,0,632260206,0,0,0,0,0,0,0,0,0,0,0,0,0,0,0,0,0,0,15293154,115171685,0,468,1204,7863,623,30586573,35,0,0,0,0,0,0,0,1,0,0,0,0,0,0,0,0,0,0,20912880,0,29437232,240445,0,0,0,0,0,0,0,0,16384,0,0,0,0,0,0,0,0,0,0,0,6601,472,0,0,0,0,0,46486920,0,156,0,3,469,6601,0,0,0,0,0,0,0,0,0,0,0,0,0,0,0,0,0,0,0,0,0,0,0,0,0,0,0,0,0,0,0,0,0,0,0,0,0,0,0,0,0,0,0,0,0,0,0,0,0,0,0,0,0,0,211007069,0,0,0,443260577,0,0,0,0,0,0,0,60972012,83909916,241020656,154345035264,56580227,1,0,0,0,0,0,0,0,0,0,0,0,0,0,0,0,0,0,0,0,0,0,0,0,0,0,0,0,0,0,0,606,0,0,0,0,0,0,0
1787688306.932,0,0,0,0,0,0,0,639056907,1370585500160,682357740544,0,0,0,0,0,0,0,0,0,0,0,0,0,0,0,0,0,0,0,0,0,0,0,0,0,0,0,0,0,0,0,0,0,0,0,0,0,0,0,0,0,0,0,0,0,0,0,0,0,0,0,0,0,0,0,0,0,0,0,0,7,1669742,83738756,29499789,0,0,0,0,0,0,0,0,0,0,0,0,0,0,0,0,0,0,0,0,0,0,0,0,0,0,0,0,0,0,0,0,0,0,0,0,0,12883312640,10404823040,786335,635060,29447229,0,0,96,786432,82901907,796294,280,3076825243,12884901888,0,632378612,0,0,0,0,0,0,0,0,0,0,0,0,0,0,0,0,0,0,15298328,115176859,0,468,1204,7863,623,30596922,35,0,0,0,0,0,0,0,1,0,0,0,0,0,0,0,0,0,0,20918832,0,29446703,240521,0,0,0,0,0,0,0,0,16384,0,0,0,0,0,0,0,0,0,0,0,6602,472,0,0,0,0,0,46502640,0,156,0,3,469,6602,0,0,0,0,0,0,0,0,0,0,0,0,0,0,0,0,0,0,0,0,0,0,0,0,0,0,0,0,0,0,0,0,0,0,0,0,0,0,0,0,0,0,0,0,0,0,0,0,0,0,0,0,0,0,211084558,0,0,0,443348237,0,0,0,0,0,0,0,61001396,83970018,241107659,154385725952,56608231,1,1,0,0,0,0,0,0,0,0,0,0,0,0,0,0,0,0,0,0,0,0,0,0,0,0,0,0,0,0,0,993,0,0,0,0,0,0,0
1787688308.011,0,0,0,0,0,0,0,639235167,1371577764352,682561676288,0,0,0,0,0,0,0,0,0,0,0,0,0,0,0,0,0,0,0,0,0,0,0,0,0,0,0,0,0,0,0,0,0,0,0,0,0,0,0,0,0,0,0,0,0,0,0,0,0,0,0,0,0,0,0,0,0,0,0,0,7,1669801,83799463,29509342,0,0,0,0,0,0,0,0,0,0,0,0,0,0,0,0,0,0,0,0,0,0,0,0,0,0,0,0,0,0,0,0,0,0,0,0,0,12883329024,10427842560,786336,636465,29456782,0,0,96,786432,82962561,796294,280,3077710510,12884901888,0,632498509,0,0,0,0,0,0,0,0,0,0,0,0,0,0,0,0,0,0,15303495,115182027,0,468,1204,7863,623,30607257,35,0,0,0,0,0,0,0,1,0,0,0,0,0,0,0,0,0,0,20924789,0,29456256,240597,0,0,0,0,0,0,0,0,16384,0,0,0,0,0,0,0,0,0,0,0,6603,472,0,0,0,0,0,46518341,0,156,0,3,469,6603,0,0,0,0,0,0,0,0,0,0,0,0,0,0,0,0,0,0,0,0,0,0,0,0,0,0,0,0,0,0,0,0,0,0,0,0,0,0,0,0,0,0,0,0,0,0,0,0,0,0,0,0,0,0,211162578,0,0,0,443436857,0,0,0,0,0,0,0,61030767,84030527,241195282,154426432512,56636228,1,1,0,0,0,0,0,0,0,0,0,0,0,0,0,0,0,0,0,0,0,0,0,0,0,0,0,0,0,0,0,144,0,0,0,0,0,0,0
1787688309.089,0,0,0,0,0,0,0,639413697,1372560378368,682763982848,0,0,0,0,0,0,0,0,0,0,0,0,0,0,0,0,0,0,0,0,0,0,0,0,0,0,0,0,0,0,0,0,0,0,0,0,0,0,0,0,0,0,0,0,0,0,0,0,0,0,0,0,0,0,0,0,0,0,0,0,7,1669866,83859584,29518840,0,0,0,0,0,0,0,0,0,0,0,0,0,0,0,0,0,0,0,0,0,0,0,0,0,0,0,0,0,0,0,0,0,0,0,0,0,12883329024,10449862656,786336,637809,29466280,0,0,96,786432,83022613,796294,280,3078591893,12884901888,0,632615963,0,0,0,0,0,0,0,0,0,0,0,0,0,0,0,0,0,0,15308668,115187199,0,468,1204,7863,623,30617600,35,0,0,0,0,0,0,0,1,0,0,0,0,0,0,0,0,0,0,20930745,0,29465754,240673,0,0,0,0,0,0,0,0,16384,0,0,0,0,0,0,0,0,0,0,0,6604,472,0,0,0,0,0,46534055,0,156,0,3,469,6604,0,0,0,0,0,0,0,0,0,0,0,0,0,0,0,0,0,0,0,0,0,0,0,0,0,0,0,0,0,0,0,0,0,0,0,0,0,0,0,0,0,0,0,0,0,0,0,0,0,0,0,0,0,0,211238844,0,0,0,443524452,0,0,0,0,0,0,0,61059367,84090474,241281088,154466320384,56663427,1,1,0,0,0,0,0,0,0,0,0,0,0,0,0,0,0,0,0,0,0,0,0,0,0,0,0,0,0,0,0,482,0,0,0,0,0,0,0
1787688310.169,0,0,0,0,0,0,0,639589658,1373529983488,682981415936,0,0,0,0,0,0,0,0,0,0,0,0,0,0,0,0,0,0,0,0,0,0,0,0,0,0,0,0,0,0,0,0,0,0,0,0,0,0,0,0,0,0,0,0,0,0,0,0,0,0,0,0,0,0,0,0,0,0,0,0,7,1669909,83918868,29529150,0,0,0,0,0,0,0,0,0,0,0,0,0,0,0,0,0,0,0,0,0,0,0,0,0,0,0,0,0,0,0,0,0,0,0,0,0,12874645504,10456563712,785805,638218,29475816,528,0,96,786432,83081840,796294,280,3079461525,12884901888,0,632732152,0,0,0,0,0,0,0,0,0,0,0,0,0,0,0,0,0,0,15313768,115192299,0,468,1204,7863,623,30627804,35,0,0,0,0,0,0,0,1,0,0,0,0,0,0,0,0,0,0,20936617,0,29476058,240755,0,0,0,0,0,0,0,0,16384,0,0,0,0,0,0,0,0,0,0,0,6605,472,0,0,0,0,0,46549554,0,156,0,3,469,6605,0,0,0,0,0,0,0,0,0,0,0,0,0,0,0,0,0,0,0,0,0,0,0,0,0,0,0,0,0,0,0,0,0,0,0,0,0,0,0,0,0,0,0,0,0,0,0,0,0,0,0,0,0,0,211314067,0,0,0,443610793,0,0,0,0,0,0,0,61087139,84149590,241366841,154505698304,56689693,1,0,0,0,0,0,0,0,0,0,0,0,0,0,0,0,0,0,0,0,0,0,0,0,0,0,0,0,0,0,0,791,0,0,0,0,0,0,0
1787688311.246,0,0,0,0,0,0,0,639763488,1374484236800,683255141888,0,0,0,0,0,0,0,0,0,0,0,0,0,0,0,0,0,0,0,0,0,0,0,0,0,0,0,0,0,0,0,0,0,0,0,0,0,0,0,0,0,0,0,0,0,0,0,0,0,0,0,0,0,0,0,0,0,0,0,0,7,1669993,83977222,29543153,0,0,0,0,0,0,0,0,0,0,0,0,0,0,0,0,0,0,0,0,0,0,0,0,0,0,0,0,0,0,0,0,0,0,0,0,0,12883329024,10402414592,786336,634914,29485275,0,0,96,786432,83140145,796294,280,3080320515,12884901888,0,632847255,0,0,0,0,0,0,0,0,0,0,0,0,0,0,0,0,0,0,15318795,115197326,0,468,1204,7863,623,30637858,35,0,0,0,0,0,0,0,1,0,0,0,0,0,0,0,0,0,0,20942405,0,29490083,240867,0,0,0,0,0,0,0,0,16384,0,0,0,0,0,0,0,0,0,0,0,6606,472,0,0,0,0,0,46564851,0,156,0,3,469,6606,0,0,0,0,0,0,0,0,0,0,0,0,0,0,0,0,0,0,0,0,0,0,0,0,0,0,0,0,0,0,0,0,0,0,0,0,0,0,0,0,0,0,0,0,0,0,0,0,0,0,0,0,0,0,211388902,0,0,0,443696085,0,0,0,0,0,0,0,61114443,84207775,241455661,154544869376,56714914,1,0,0,0,0,0,0,0,0,0,0,0,0,0,0,0,0,0,0,0,0,0,0,0,0,0,0,0,0,0,0,1000,0,0,0,0,0,0,0
1787688312.325,0,0,0,0,0,0,0,639938268,1375448599040,683522030592,0,0,0,0,0,0,0,0,0,0,0,0,0,0,0,0,0,0,0,0,0,0,0,0,0,0,0,0,0,0,0,0,0,0,0,0,0,0,0,0,0,0,0,0,0,0,0,0,0,0,0,0,0,0,0,0,0,0,0,0,7,1670023,84036223,29556659,0,0,0,0,0,0,0,0,0,0,0,0,0,0,0,0,0,0,0,0,0,0,0,0,0,0,0,0,0,0,0,0,0,0,0,0,0,12883329024,10353934336,786336,631954,29494761,0,0,96,786432,83199083,796294,280,3081187996,12884901888,0,632965220,0,0,0,0,0,0,0,0,0,0,0,0,0,0,0,0,0,0,15323862,115202394,0,468,1204,7863,623,30647998,35,0,0,0,0,0,0,0,1,0,0,0,0,0,0,0,0,0,0,20948245,0,29503511,240975,0,0,0,0,0,0,0,0,16384,0,0,0,0,0,0,0,0,0,0,0,6608,472,0,0,0,0,0,46580286,0,156,0,3,469,6608,0,0,0,0,0,0,0,0,0,0,0,0,0,0,0,0,0,0,0,0,0,0,0,0,0,0,0,0,0,0,0,0,0,0,0,0,0,0,0,0,0,0,0,0,0,0,0,0,0,0,0,0,0,0,211465399,0,0,0,443783137,0,0,0,0,0,0,0,61142512,84266597,241545668,154584904192,56741096,1,0,0,0,0,0,0,0,0,0,0,0,0,0,0,0,0,0,0,0,0,0,0,0,0,0,0,0,0,0,0,46,0,0,0,0,0,0,0
1787688313.399,0,0,0,0,0,0,0,640118892,1376443288064,683725431296,0,0,0,0,0,0,0,0,0,0,0,0,0,0,0,0,0,0,0,0,0,0,0,0,0,0,0,0,0,0,0,0,0,0,0,0,0,0,0,0,0,0,0,0,0,0,0,0,0,0,0,0,0,0,0,0,0,0,0,0,7,1670046,84097073,29566215,0,0,0,0,0,0,0,0,0,0,0,0,0,0,0,0,0,0,0,0,0,0,0,0,0,0,0,0,0,0,0,0,0,0,0,0,0,12883329024,10377543680,786336,633395,29513655,0,0,97,786432,83259869,796294,280,3082080163,12884901888,0,633083940,0,0,0,0,0,0,0,0,0,0,0,0,0,0,0,0,0,0,15329103,115207634,0,468,1204,7863,623,30658474,35,0,0,0,0,0,0,0,1,0,0,0,0,0,0,0,0,0,0,20954269,0,29513129,241053,0,0,0,0,0,0,0,0,16384,0,0,0,0,0,0,0,0,0,0,0,6609,472,0,0,0,0,0,46596201,0,156,0,3,469,6609,0,0,0,0,0,0,0,0,0,0,0,0,0,0,0,0,0,0,0,0,0,0,0,0,0,0,0,0,0,0,0,0,0,0,0,0,0,0,0,0,0,0,0,0,0,0,0,0,0,0,0,0,0,0,211542191,0,0,0,443871698,0,0,0,0,0,0,0,61171911,84327262,241632033,154625083392,56769049,1,0,0,0,0,0,0,0,0,0,0,0,0,0,0,0,0,0,0,0,0,0,0,0,0,0,0,0,0,0,0,461,0,0,0,0,0,0,0
1787688314.478,0,0,0,0,0,0,0,640299620,1377439681024,683930594816,0,0,0,0,0,0,0,0,0,0,0,0,0,0,0,0,0,0,0,0,0,0,0,0,0,0,0,0,0,0,0,0,0,0,0,0,0,0,0,0,0,0,0,0,0,0,0,0,0,0,0,0,0,0,0,0,0,0,0,0,7,1670078,84158003,29575746,0,0,0,0,0,0,0,0,0,0,0,0,0,0,0,0,0,0,0,0,0,0,0,0,0,0,0,0,0,0,0,0,0,0,0,0,0,12883329024,10401841152,786336,634877,29523186,0,0,96,786432,83320750,796294,280,3082973666,12884901888,0,633203138,0,0,0,0,0,0,0,0,0,0,0,0,0,0,0,0,0,0,15334329,115212860,0,468,1204,7863,623,30668928,35,0,0,0,0,0,0,0,1,0,0,0,0,0,0,0,0,0,0,20960288,0,29522660,241129,0,0,0,0,0,0,0,0,16384,0,0,0,0,0,0,0,0,0,0,0,6610,472,0,0,0,0,0,46612097,0,156,0,3,469,6610,0,0,0,0,0,0,0,0,0,0,0,0,0,0,0,0,0,0,0,0,0,0,0,0,0,0,0,0,0,0,0,0,0,0,0,0,0,0,0,0,0,0,0,0,0,0,0,0,0,0,0,0,0,0,211622464,0,0,0,443960189,0,0,0,0,0,0,0,61202699,84388040,241721881,154667175424,56798464,1,1,0,0,0,0,0,0,0,0,0,0,0,0,0,0,0,0,0,0,0,0,0,0,0,0,0,0,0,0,0,882,0,0,0,0,0,0,0
1787688315.554,0,0,0,0,0,0,0,640480398,1378433731072,684135171584,0,0,0,0,0,0,0,0,0,0,0,0,0,0,0,0,0,0,0,0,0,0,0,0,0,0,0,0,0,0,0,0,0,0,0,0,0,0,0,0,0,0,0,0,0,0,0,0,0,0,0,0,0,0,0,0,0,0,0,0,7,1670175,84218815,29585316,0,0,0,0,0,0,0,0,0,0,0,0,0,0,0,0,0,0,0,0,0,0,0,0,0,0,0,0,0,0,0,0,0,0,0,0,0,12883329024,10426023936,786336,636354,29532756,0,0,96,786432,83381478,796294,280,3083870120,12884901888,0,633325431,0,0,0,0,0,0,0,0,0,0,0,0,0,0,0,0,0,0,15339563,115218094,0,468,1204,7863,623,30679394,35,0,0,0,0,0,0,0,1,0,0,0,0,0,0,0,0,0,0,20966320,0,29532230,241205,0,0,0,0,0,0,0,0,16384,0,0,0,0,0,0,0,0,0,0,0,6611,472,0,0,0,0,0,46628017,0,156,0,3,469,6611,0,0,0,0,0,0,0,0,0,0,0,0,0,0,0,0,0,0,0,0,0,0,0,0,0,0,0,0,0,0,0,0,0,0,0,0,0,0,0,0,0,0,0,0,0,0,0,0,0,0,0,0,0,0,211700060,0,0,0,444049954,0,0,0,0,0,0,0,61232076,84448657,241809087,154708018176,56826365,1,1,0,0,0,0,0,0,0,0,0,0,0,0,0,0,0,0,0,0,0,0,0,0,0,0,0,0,0,0,0,105,0,0,0,0,0,0,0
1787688316.633,0,0,0,0,0,0,0,640660643,1379428911616,684338904576,0,0,0,0,0,0,0,0,0,0,0,0,0,0,0,0,0,0,0,0,0,0,0,0,0,0,0,0,0,0,0,0,0,0,0,0,0,0,0,0,0,0,0,0,0,0,0,0,0,0,0,0,0,0,0,0,0,0,0,0,7,1670208,84279679,29594866,0,0,0,0,0,0,0,0,0,0,0,0,0,0,0,0,0,0,0,0,0,0,0,0,0,0,0,0,0,0,0,0,0,0,0,0,0,12883329024,10450960384,786336,637876,29542306,0,0,96,786432,83442280,796294,280,3084760656,12884901888,0,633443935,0,0,0,0,0,0,0,0,0,0,0,0,0,0,0,0,0,0,15344790,115223321,0,468,1204,7863,623,30689843,35,0,0,0,0,0,0,0,1,0,0,0,0,0,0,0,0,0,0,20972330,0,29541780,241281,0,0,0,0,0,0,0,0,16384,0,0,0,0,0,0,0,0,0,0,0,6612,472,0,0,0,0,0,46643913,0,156,0,3,469,6612,0,0,0,0,0,0,0,0,0,0,0,0,0,0,0,0,0,0,0,0,0,0,0,0,0,0,0,0,0,0,0,0,0,0,0,0,0,0,0,0,0,0,0,0,0,0,0,0,0,0,0,0,0,0,211776891,0,0,0,444138377,0,0,0,0,0,0,0,61261272,84509339,241895520,154748374528,56854118,0,0,0,0,0,0,0,0,0,0,0,0,0,0,0,0,0,0,0,0,0,0,0,0,0,0,0,0,0,0,0,487,0,0,0,0,0,0,0
1787688317.712,0,0,0,0,0,0,0,640839339,1380411083264,684548962304,0,0,0,0,0,0,0,0,0,0,0,0,0,0,0,0,0,0,0,0,0,0,0,0,0,0,0,0,0,0,0,0,0,0,0,0,0,0,0,0,0,0,0,0,0,0,0,0,0,0,0,0,0,0,0,0,0,0,0,0,7,1670296,84339766,29604810,0,0,0,0,0,0,0,0,0,0,0,0,0,0,0,0,0,0,0,0,0,0,0,0,0,0,0,0,0,0,0,0,0,0,0,0,0,12883312640,10467721216,786336,638899,29552250,0,0,96,786432,83502296,796294,280,3085644154,12884901888,0,633562201,0,0,0,0,0,0,0,0,0,0,0,0,0,0,0,0,0,0,15349960,115228490,0,468,1204,7863,623,30700183,35,0,0,0,0,0,0,0,1,0,0,0,0,0,0,0,0,0,0,20978283,0,29551724,241361,0,0,0,0,0,0,0,0,16384,0,0,0,0,0,0,0,0,0,0,0,6614,473,0,0,0,0,0,46659635,0,157,0,3,470,6614,0,0,0,0,0,0,0,0,0,0,0,0,0,0,0,0,0,0,0,0,0,0,0,0,0,0,0,0,0,0,0,0,0,0,0,0,0,0,0,0,0,0,0,0,0,0,0,0,0,0,0,0,0,0,211853693,0,0,0,444225930,0,0,0,0,0,0,0,61290286,84569249,241982319,154788684288,56881668,1,0,0,0,0,0,0,0,0,0,0,0,0,0,0,0,0,0,0,0,0,0,0,0,0,0,0,0,0,0,0,842,0,0,0,0,0,0,0
1787688318.787,0,0,0,0,0,0,0,641020155,1381409556992,684759348736,0,0,0,0,0,0,0,0,0,0,0,0,0,0,0,0,0,0,0,0,0,0,0,0,0,0,0,0,0,0,0,0,0,0,0,0,0,0,0,0,0,0,0,0,0,0,0,0,0,0,0,0,0,0,0,0,0,0,0,0,7,1670329,84400847,29614743,0,0,0,0,0,0,0,0,0,0,0,0,0,0,0,0,0,0,0,0,0,0,0,0,0,0,0,0,0,0,0,0,0,0,0,0,0,12883329024,10488037376,786336,640139,29562183,0,0,96,786432,83563310,796294,280,3086541067,12884901888,0,633683854,0,0,0,0,0,0,0,0,0,0,0,0,0,0,0,0,0,0,15355206,115233738,0,468,1204,7863,623,30710680,35,0,0,0,0,0,0,0,1,0,0,0,0,0,0,0,0,0,0,20984324,0,29561657,241441,0,0,0,0,0,0,0,0,16384,0,0,0,0,0,0,0,0,0,0,0,6615,473,0,0,0,0,0,46675582,0,157,0,3,470,6615,0,0,0,0,0,0,0,0,0,0,0,0,0,0,0,0,0,0,0,0,0,0,0,0,0,0,0,0,0,0,0,0,0,0,0,0,0,0,0,0,0,0,0,0,0,0,0,0,0,0,0,0,0,0,211931404,0,0,0,444315871,0,0,0,0,0,0,0,61319979,84630146,242070011,154829426176,56909946,0,0,0,0,0,0,0,0,0,0,0,0,0,0,0,0,0,0,0,0,0,0,0,0,0,0,0,0,0,0,0,70,0,0,0,0,0,0,0
1787688319.867,0,0,0,0,0,0,0,641201287,1382410783232,684972468224,0,0,0,0,0,0,0,0,0,0,0,0,0,0,0,0,0,0,0,0,0,0,0,0,0,0,0,0,0,0,0,0,0,0,0,0,0,0,0,0,0,0,0,0,0,0,0,0,0,0,0,0,0,0,0,0,0,0,0,0,7,1670408,84462083,29624778,0,0,0,0,0,0,0,0,0,0,0,0,0,0,0,0,0,0,0,0,0,0,0,0,0,0,0,0,0,0,0,0,0,0,0,0,0,12883329024,10505060352,786336,641178,29572218,0,0,96,786432,83624494,796294,280,3087435907,12884901888,0,633802552,0,0,0,0,0,0,0,0,0,0,0,0,0,0,0,0,0,0,15360461,115238993,0,468,1204,7863,623,30721189,35,0,0,0,0,0,0,0,1,0,0,0,0,0,0,0,0,0,0,20990370,0,29571692,241521,0,0,0,0,0,0,0,0,16384,0,0,0,0,0,0,0,0,0,0,0,6616,473,0,0,0,0,0,46691563,0,157,0,3,470,6616,0,0,0,0,0,0,0,0,0,0,0,0,0,0,0,0,0,0,0,0,0,0,0,0,0,0,0,0,0,0,0,0,0,0,0,0,0,0,0,0,0,0,0,0,0,0,0,0,0,0,0,0,0,0,212011183,0,0,0,444404659,0,0,0,0,0,0,0,61350601,84691220,242159867,154871277568,56939073,1,0,0,0,0,0,0,0,0,0,0,0,0,0,0,0,0,0,0,0,0,0,0,0,0,0,0,0,0,0,0,535,0,0,0,0,0,0,0
1787688320.943,0,0,0,0,0,0,0,641381343,1383406979584,685184867328,0,0,0,0,0,0,0,0,0,0,0,0,0,0,0,0,0,0,0,0,0,0,0,0,0,0,0,0,0,0,0,0,0,0,0,0,0,0,0,0,0,0,0,0,0,0,0,0,0,0,0,0,0,0,0,0,0,0,0,0,7,1670437,84523026,29634812,0,0,0,0,0,0,0,0,0,0,0,0,0,0,0,0,0,0,0,0,0,0,0,0,0,0,0,0,0,0,0,0,0,0,0,0,0,12883312640,10521968640,786335,642210,29582252,0,0,97,786432,83685364,796294,280,3088325319,12884901888,0,633920601,0,0,0,0,0,0,0,0,0,0,0,0,0,0,0,0,0,0,15365673,115244205,0,468,1204,7863,623,30731616,35,0,0,0,0,0,0,0,1,0,0,0,0,0,0,0,0,0,0,20996366,0,29581726,241601,0,0,0,0,0,0,0,0,16384,0,0,0,0,0,0,0,0,0,0,0,6617,473,0,0,0,0,0,46707439,0,157,0,3,470,6617,0,0,0,0,0,0,0,0,0,0,0,0,0,0,0,0,0,0,0,0,0,0,0,0,0,0,0,0,0,0,0,0,0,0,0,0,0,0,0,0,0,0,0,0,0,0,0,0,0,0,0,0,0,0,212089814,0,0,0,444492906,0,0,0,0,0,0,0,61381046,84751989,242248573,154912432128,56968029,1,0,0,0,0,0,0,0,0,0,0,0,0,0,0,0,0,0,0,0,0,0,0,0,0,0,0,0,0,0,0,960,0,0,0,0,0,0,0
1787688322.023,0,0,0,0,0,0,0,641562234,1384404666880,685395774976,0,0,0,0,0,0,0,0,0,0,0,0,0,0,0,0,0,0,0,0,0,0,0,0,0,0,0,0,0,0,0,0,0,0,0,0,0,0,0,0,0,0,0,0,0,0,0,0,0,0,0,0,0,0,0,0,0,0,0,0,7,1670457,84584038,29644814,0,0,0,0,0,0,0,0,0,0,0,0,0,0,0,0,0,0,0,0,0,0,0,0,0,0,0,0,0,0,0,0,0,0,0,0,0,12883329024,10540630016,786336,643349,29592254,0,0,96,786432,83746313,796294,280,3089222110,12884901888,0,634042029,0,0,0,0,0,0,0,0,0,0,0,0,0,0,0,0,0,0,15370918,115249450,0,468,1204,7863,623,30742100,35,0,0,0,0,0,0,0,1,0,0,0,0,0,0,0,0,0,0,21002419,0,29591728,241681,0,0,0,0,0,0,0,0,16384,0,0,0,0,0,0,0,0,0,0,0,6618,473,0,0,0,0,0,46723394,0,157,0,3,470,6618,0,0,0,0,0,0,0,0,0,0,0,0,0,0,0,0,0,0,0,0,0,0,0,0,0,0,0,0,0,0,0,0,0,0,0,0,0,0,0,0,0,0,0,0,0,0,0,0,0,0,0,0,0,0,212166825,0,0,0,444582798,0,0,0,0,0,0,0,61410583,84812804,242335645,154952606720,56996067,0,0,0,0,0,0,0,0,0,0,0,0,0,0,0,0,0,0,0,0,0,0,0,0,0,0,0,0,0,0,0,209,0,0,0,0,0,0,0
1787688323.102,0,0,0,0,0,0,0,641742644,1385398241792,685609122816,0,0,0,0,0,0,0,0,0,0,0,0,0,0,0,0,0,0,0,0,0,0,0,0,0,0,0,0,0,0,0,0,0,0,0,0,0,0,0,0,0,0,0,0,0,0,0,0,0,0,0,0,0,0,0,0,0,0,0,0,7,1670487,84644817,29654927,0,0,0,0,0,0,0,0,0,0,0,0,0,0,0,0,0,0,0,0,0,0,0,0,0,0,0,0,0,0,0,0,0,0,0,0,0,12883329024,10559225856,786335,644484,29602367,0,0,97,786432,83807022,796294,280,3090113641,12884901888,0,634161190,0,0,0,0,0,0,0,0,0,0,0,0,0,0,0,0,0,0,15376140,115254673,0,468,1204,7863,623,30752550,35,0,0,0,0,0,0,0,1,0,0,0,0,0,0,0,0,0,0,21008424,0,29601841,241761,0,0,0,0,0,0,0,0,16384,0,0,0,0,0,0,0,0,0,0,0,6619,473,0,0,0,0,0,46739274,0,157,0,3,470,6619,0,0,0,0,0,0,0,0,0,0,0,0,0,0,0,0,0,0,0,0,0,0,0,0,0,0,0,0,0,0,0,0,0,0,0,0,0,0,0,0,0,0,0,0,0,0,0,0,0,0,0,0,0,0,212244515,0,0,0,444671134,0,0,0,0,0,0,0,61440149,84873401,242423488,154993432576,57024152,0,0,0,0,0,0,0,0,0,0,0,0,0,0,0,0,0,0,0,0,0,0,0,0,0,0,0,0,0,0,0,637,0,0,0,0,0,0,0
1787688324.181,0,0,0,0,0,0,0,641921157,1386383559168,685845216256,0,0,0,0,0,0,0,0,0,0,0,0,0,0,0,0,0,0,0,0,0,0,0,0,0,0,0,0,0,0,0,0,0,0,0,0,0,0,0,0,0,0,0,0,0,0,0,0,0,0,0,0,0,0,0,0,0,0,0,0,7,1670511,84705086,29666476,0,0,0,0,0,0,0,0,0,0,0,0,0,0,0,0,0,0,0,0,0,0,0,0,0,0,0,0,0,0,0,0,0,0,0,0,0,12868812800,10550886400,785451,643975,29612479,887,0,97,786432,83867212,796294,280,3090995415,12884901888,0,634278816,0,0,0,0,0,0,0,0,0,0,0,0,0,0,0,0,0,0,15381315,115259847,0,468,1204,7863,623,30762893,35,0,0,0,0,0,0,0,1,0,0,0,0,0,0,0,0,0,0,21014380,0,29613415,241853,0,0,0,0,0,0,0,0,16384,0,0,0,0,0,0,0,0,0,0,0,6620,473,0,0,0,0,0,46754986,0,157,0,3,470,6620,0,0,0,0,0,0,0,0,0,0,0,0,0,0,0,0,0,0,0,0,0,0,0,0,0,0,0,0,0,0,0,0,0,0,0,0,0,0,0,0,0,0,0,0,0,0,0,0,0,0,0,0,0,0,212320465,0,0,0,444758647,0,0,0,0,0,0,0,61469688,84933513,242511083,155033159168,57051949,1,1,0,0,0,0,0,0,0,0,0,0,0,0,0,0,0,0,0,0,0,0,0,0,0,0,0,0,0,0,0,1021,0,0,0,0,0,0,0
1787688325.258,0,0,0,0,0,0,0,642092077,1387325475328,686127259648,0,0,0,0,0,0,0,0,0,0,0,0,0,0,0,0,0,0,0,0,0,0,0,0,0,0,0,0,0,0,0,0,0,0,0,0,0,0,0,0,0,0,0,0,0,0,0,0,0,0,0,0,0,0,0,0,0,0,0,0,7,1670545,84762712,29680959,0,0,0,0,0,0,0,0,0,0,0,0,0,0,0,0,0,0,0,0,0,0,0,0,0,0,0,0,0,0,0,0,0,0,0,0,0,12883329024,10490675200,786336,640300,29622631,0,0,96,786432,83924782,796294,280,3091840836,12884901888,0,634391980,0,0,0,0,0,0,0,0,0,0,0,0,0,0,0,0,0,0,15386264,115264797,0,468,1204,7863,623,30772794,35,0,0,0,0,0,0,0,1,0,0,0,0,0,0,0,0,0,0,21020079,0,29627749,241967,0,0,0,0,0,0,0,0,16384,0,0,0,0,0,0,0,0,0,0,0,6621,473,0,0,0,0,0,46770059,0,157,0,3,470,6621,0,0,0,0,0,0,0,0,0,0,0,0,0,0,0,0,0,0,0,0,0,0,0,0,0,0,0,0,0,0,0,0,0,0,0,0,0,0,0,0,0,0,0,0,0,0,0,0,0,0,0,0,0,0,212394095,0,0,0,444842672,0,0,0,0,0,0,0,61496731,84991000,242599245,155071862784,57076856,1,0,0,0,0,0,0,0,0,0,0,0,0,0,0,0,0,0,0,0,0,0,0,0,0,0,0,0,0,0,0,1186,0,0,0,0,0,0,0
1787688326.335,0,0,0,0,0,0,0,642261265,1388259117568,686403678720,0,0,0,0,0,0,0,0,0,0,0,0,0,0,0,0,0,0,0,0,0,0,0,0,0,0,0,0,0,0,0,0,0,0,0,0,0,0,0,0,0,0,0,0,0,0,0,0,0,0,0,0,0,0,0,0,0,0,0,0,7,1670559,84819811,29695056,0,0,0,0,0,0,0,0,0,0,0,0,0,0,0,0,0,0,0,0,0,0,0,0,0,0,0,0,0,0,0,0,0,0,0,0,0,12883296256,10435854336,786335,636954,29632769,0,0,97,786432,83981814,796294,280,3092680115,12884901888,0,634506236,0,0,0,0,0,0,0,0,0,0,0,0,0,0,0,0,0,0,15391165,115269698,0,468,1204,7863,623,30782594,35,0,0,0,0,0,0,0,1,0,0,0,0,0,0,0,0,0,0,21025728,0,29641866,242080,0,0,0,0,0,0,0,0,16384,0,0,0,0,0,0,0,0,0,0,0,6622,473,0,0,0,0,0,46784984,0,157,0,3,470,6622,0,0,0,0,0,0,0,0,0,0,0,0,0,0,0,0,0,0,0,0,0,0,0,0,0,0,0,0,0,0,0,0,0,0,0,0,0,0,0,0,0,0,0,0,0,0,0,0,0,0,0,0,0,0,212468579,0,0,0,444927045,0,0,0,0,0,0,0,61522712,85047918,242687911,155110677504,57100740,0,0,0,0,0,0,0,0,0,0,0,0,0,0,0,0,0,0,0,0,0,0,0,0,0,0,0,0,0,0,0,93,0,0,0,0,0,0,0
1787688327.413,0,0,0,0,0,0,0,642441904,1389252807168,686622828032,0,0,0,0,0,0,0,0,0,0,0,0,0,0,0,0,0,0,0,0,0,0,0,0,0,0,0,0,0,0,0,0,0,0,0,0,0,0,0,0,0,0,0,0,0,0,0,0,0,0,0,0,0,0,0,0,0,0,0,0,7,1670583,84880587,29705552,0,0,0,0,0,0,0,0,0,0,0,0,0,0,0,0,0,0,0,0,0,0,0,0,0,0,0,0,0,0,0,0,0,0,0,0,0,12883329024,10451959808,786335,637937,29652992,0,0,97,786432,84042521,796294,280,3093571764,12884901888,0,634625009,0,0,0,0,0,0,0,0,0,0,0,0,0,0,0,0,0,0,15396403,115274935,0,468,1204,7863,623,30793074,35,0,0,0,0,0,0,0,1,0,0,0,0,0,0,0,0,0,0,21031749,0,29652466,242163,0,0,0,0,0,0,0,0,16384,0,0,0,0,0,0,0,0,0,0,0,6623,473,0,0,0,0,0,46800871,0,157,0,3,470,6623,0,0,0,0,0,0,0,0,0,0,0,0,0,0,0,0,0,0,0,0,0,0,0,0,0,0,0,0,0,0,0,0,0,0,0,0,0,0,0,0,0,0,0,0,0,0,0,0,0,0,0,0,0,0,212546360,0,0,0,445015577,0,0,0,0,0,0,0,61551254,85108519,242776210,155151336960,57127728,1,0,0,0,0,0,0,0,0,0,0,0,0,0,0,0,0,0,0,0,0,0,0,0,0,0,0,0,0,0,0,520,0,0,0,0,0,0,0
1787688328.492,0,0,0,0,0,0,0,642622082,1390247643648,686835696640,0,0,0,0,0,0,0,0,0,0,0,0,0,0,0,0,0,0,0,0,0,0,0,0,0,0,0,0,0,0,0,0,0,0,0,0,0,0,0,0,0,0,0,0,0,0,0,0,0,0,0,0,0,0,0,0,0,0,0,0,7,1670664,84941430,29715675,0,0,0,0,0,0,0,0,0,0,0,0,0,0,0,0,0,0,0,0,0,0,0,0,0,0,0,0,0,0,0,0,0,0,0,0,0,12883312640,10478043136,786335,639529,29663115,0,0,97,786432,84103273,796294,280,3094461783,12884901888,0,634743413,0,0,0,0,0,0,0,0,0,0,0,0,0,0,0,0,0,0,15401621,115280154,0,468,1204,7863,623,30803506,35,0,0,0,0,0,0,0,1,0,0,0,0,0,0,0,0,0,0,21037755,0,29662589,242243,0,0,0,0,0,0,0,0,16384,0,0,0,0,0,0,0,0,0,0,0,6624,473,0,0,0,0,0,46816739,0,157,0,3,470,6624,0,0,0,0,0,0,0,0,0,0,0,0,0,0,0,0,0,0,0,0,0,0,0,0,0,0,0,0,0,0,0,0,0,0,0,0,0,0,0,0,0,0,0,0,0,0,0,0,0,0,0,0,0,0,212623047,0,0,0,445103926,0,0,0,0,0,0,0,61580871,85169195,242863075,155191550976,57155902,0,0,0,0,0,0,0,0,0,0,0,0,0,0,0,0,0,0,0,0,0,0,0,0,0,0,0,0,0,0,0,947,0,0,0,0,0,0,0
1787688329.568,0,0,0,0,0,0,0,642802119,1391238416896,687047875584,0,0,0,0,0,0,0,0,0,0,0,0,0,0,0,0,0,0,0,0,0,0,0,0,0,0,0,0,0,0,0,0,0,0,0,0,0,0,0,0,0,0,0,0,0,0,0,0,0,0,0,0,0,0,0,0,0,0,0,0,7,1670708,85002038,29725726,0,0,0,0,0,0,0,0,0,0,0,0,0,0,0,0,0,0,0,0,0,0,0,0,0,0,0,0,0,0,0,0,0,0,0,0,0,12883329024,10502635520,786336,641030,29673166,0,0,96,786432,84163804,796294,280,3095354740,12884901888,0,634864693,0,0,0,0,0,0,0,0,0,0,0,0,0,0,0,0,0,0,15406841,115285370,0,468,1204,7863,623,30813946,35,0,0,0,0,0,0,0,1,0,0,0,0,0,0,0,0,0,0,21043764,0,29672640,242323,0,0,0,0,0,0,0,0,16384,0,0,0,0,0,0,0,0,0,0,0,6625,473,0,0,0,0,0,46832587,0,157,0,3,470,6625,0,0,0,0,0,0,0,0,0,0,0,0,0,0,0,0,0,0,0,0,0,0,0,0,0,0,0,0,0,0,0,0,0,0,0,0,0,0,0,0,0,0,0,0,0,0,0,0,0,0,0,0,0,0,212700130,0,0,0,445193409,0,0,0,0,0,0,0,61609967,85229634,242950258,155232181248,57183555,1,1,0,0,0,0,0,0,0,0,0,0,0,0,0,0,0,0,0,0,0,0,0,0,0,0,0,0,0,0,0,173,0,0,0,0,0,0,0
1787688330.648,0,0,0,0,0,0,0,642982872,1392229009920,687258356224,0,0,0,0,0,0,0,0,0,0,0,0,0,0,0,0,0,0,0,0,0,0,0,0,0,0,0,0,0,0,0,0,0,0,0,0,0,0,0,0,0,0,0,0,0,0,0,0,0,0,0,0,0,0,0,0,0,0,0,0,7,1670728,85062630,29735730,0,0,0,0,0,0,0,0,0,0,0,0,0,0,0,0,0,0,0,0,0,0,0,0,0,0,0,0,0,0,0,0,0,0,0,0,0,12883329024,10526277632,786336,642473,29683170,0,0,96,786432,84224318,796294,280,3096247672,12884901888,0,634983617,0,0,0,0,0,0,0,0,0,0,0,0,0,0,0,0,0,0,15412076,115290608,0,468,1204,7863,623,30824422,35,0,0,0,0,0,0,0,1,0,0,0,0,0,0,0,0,0,0,21049786,0,29682644,242403,0,0,0,0,0,0,0,0,16384,0,0,0,0,0,0,0,0,0,0,0,6626,473,0,0,0,0,0,46848507,0,157,0,3,470,6626,0,0,0,0,0,0,0,0,0,0,0,0,0,0,0,0,0,0,0,0,0,0,0,0,0,0,0,0,0,0,0,0,0,0,0,0,0,0,0,0,0,0,0,0,0,0,0,0,0,0,0,0,0,0,212776494,0,0,0,445281926,0,0,0,0,0,0,0,61639642,85290039,243036666,155272049152,57211718,1,0,0,0,0,0,0,0,0,0,0,0,0,0,0,0,0,0,0,0,0,0,0,0,0,0,0,0,0,0,0,607,0,0,0,0,0,0,0
1787688331.725,0,0,0,0,0,0,0,643163862,1393226910208,687469359616,0,0,0,0,0,0,0,0,0,0,0,0,0,0,0,0,0,0,0,0,0,0,0,0,0,0,0,0,0,0,0,0,0,0,0,0,0,0,0,0,0,0,0,0,0,0,0,0,0,0,0,0,0,0,0,0,0,0,0,0,7,1670748,85123660,29745738,0,0,0,0,0,0,0,0,0,0,0,0,0,0,0,0,0,0,0,0,0,0,0,0,0,0,0,0,0,0,0,0,0,0,0,0,0,12883329024,10550444032,786336,643948,29693178,0,0,96,786432,84285257,796294,280,3097141355,12884901888,0,635102254,0,0,0,0,0,0,0,0,0,0,0,0,0,0,0,0,0,0,15417325,115295857,0,468,1204,7863,623,30834914,35,0,0,0,0,0,0,0,1,0,0,0,0,0,0,0,0,0,0,21055823,0,29692652,242483,0,0,0,0,0,0,0,0,16384,0,0,0,0,0,0,0,0,0,0,0,6628,473,0,0,0,0,0,46864458,0,157,0,3,470,6628,0,0,0,0,0,0,0,0,0,0,0,0,0,0,0,0,0,0,0,0,0,0,0,0,0,0,0,0,0,0,0,0,0,0,0,0,0,0,0,0,0,0,0,0,0,0,0,0,0,0,0,0,0,0,212853169,0,0,0,445370681,0,0,0,0,0,0,0,61669319,85350889,243123402,155312153088,57239854,1,1,0,0,0,0,0,0,0,0,0,0,0,0,0,0,0,0,0,0,0,0,0,0,0,0,0,0,0,0,0,1051,0,0,0,0,0,0,0
1787688332.804,0,0,0,0,0,0,0,643344560,1394218502656,687680543232,0,0,0,0,0,0,0,0,0,0,0,0,0,0,0,0,0,0,0,0,0,0,0,0,0,0,0,0,0,0,0,0,0,0,0,0,0,0,0,0,0,0,0,0,0,0,0,0,0,0,0,0,0,0,0,0,0,0,0,0,7,1670778,85184318,29755733,0,0,0,0,0,0,0,0,0,0,0,0,0,0,0,0,0,0,0,0,0,0,0,0,0,0,0,0,0,0,0,0,0,0,0,0,0,12883329024,10575364096,786336,645469,29703173,0,0,96,786432,84345859,796294,280,3098036907,12884901888,0,635223841,0,0,0,0,0,0,0,0,0,0,0,0,0,0,0,0,0,0,15422557,115301090,0,468,1204,7863,623,30845387,35,0,0,0,0,0,0,0,1,0,0,0,0,0,0,0,0,0,0,21061851,0,29702647,242563,0,0,0,0,0,0,0,0,16384,0,0,0,0,0,0,0,0,0,0,0,6629,473,0,0,0,0,0,46880376,0,157,0,3,470,6629,0,0,0,0,0,0,0,0,0,0,0,0,0,0,0,0,0,0,0,0,0,0,0,0,0,0,0,0,0,0,0,0,0,0,0,0,0,0,0,0,0,0,0,0,0,0,0,0,0,0,0,0,0,0,212930037,0,0,0,445460428,0,0,0,0,0,0,0,61699010,85411374,243210312,155352603136,57267983,0,0,0,0,0,0,0,0,0,0,0,0,0,0,0,0,0,0,0,0,0,0,0,0,0,0,0,0,0,0,0,275,0,0,0,0,0,0,0
1787688333.879,0,0,0,0,0,0,0,643524983,1395214420480,687891175936,0,0,0,0,0,0,0,0,0,0,0,0,0,0,0,0,0,0,0,0,0,0,0,0,0,0,0,0,0,0,0,0,0,0,0,0,0,0,0,0,0,0,0,0,0,0,0,0,0,0,0,0,0,0,0,0,0,0,0,0,7,1670807,85245245,29765727,0,0,0,0,0,0,0,0,0,0,0,0,0,0,0,0,0,0,0,0,0,0,0,0,0,0,0,0,0,0,0,0,0,0,0,0,0,12883329024,10601496576,786336,647064,29713167,0,0,96,786432,84406713,796294,280,3098928432,12884901888,0,635342917,0,0,0,0,0,0,0,0,0,0,0,0,0,0,0,0,0,0,15427779,115306310,0,468,1204,7863,623,30855827,35,0,0,0,0,0,0,0,1,0,0,0,0,0,0,0,0,0,0,21067853,0,29712641,242643,0,0,0,0,0,0,0,0,16384,0,0,0,0,0,0,0,0,0,0,0,6630,473,0,0,0,0,0,46896212,0,157,0,3,470,6630,0,0,0,0,0,0,0,0,0,0,0,0,0,0,0,0,0,0,0,0,0,0,0,0,0,0,0,0,0,0,0,0,0,0,0,0,0,0,0,0,0,0,0,0,0,0,0,0,0,0,0,0,0,0,213006395,0,0,0,445548798,0,0,0,0,0,0,0,61728574,85472124,243296695,155392645632,57296002,1,0,0,0,0,0,0,0,0,0,0,0,0,0,0,0,0,0,0,0,0,0,0,0,0,0,0,0,0,0,0,713,0,0,0,0,0,0,0
1787688334.957,0,0,0,0,0,0,0,643707118,1396220725760,688103626752,0,0,0,0,0,0,0,0,0,0,0,0,0,0,0,0,0,0,0,0,0,0,0,0,0,0,0,0,0,0,0,0,0,0,0,0,0,0,0,0,0,0,0,0,0,0,0,0,0,0,0,0,0,0,0,0,0,0,0,0,7,1670840,85306780,29775710,0,0,0,0,0,0,0,0,0,0,0,0,0,0,0,0,0,0,0,0,0,0,0,0,0,0,0,0,0,0,0,0,0,0,0,0,0,12883329024,10627645440,786336,648660,29723150,0,0,96,786432,84468187,796294,280,3099828418,12884901888,0,635462833,0,0,0,0,0,0,0,0,0,0,0,0,0,0,0,0,0,0,15433055,115311587,0,468,1204,7863,623,30866377,35,0,0,0,0,0,0,0,1,0,0,0,0,0,0,0,0,0,0,21073923,0,29722624,242723,0,0,0,0,0,0,0,0,16384,0,0,0,0,0,0,0,0,0,0,0,6631,473,0,0,0,0,0,46912256,0,157,0,3,470,6631,0,0,0,0,0,0,0,0,0,0,0,0,0,0,0,0,0,0,0,0,0,0,0,0,0,0,0,0,0,0,0,0,0,0,0,0,0,0,0,0,0,0,0,0,0,0,0,0,0,0,0,0,0,0,213086745,0,0,0,445638024,0,0,0,0,0,0,0,61759618,85533510,243387088,155434648576,57325558,1,0,0,0,0,0,0,0,0,0,0,0,0,0,0,0,0,0,0,0,0,0,0,0,0,0,0,0,0,0,0,1166,0,0,0,0,0,0,0
1787688336.033,0,0,0,0,0,0,0,643887921,1397215840768,688316488704,0,0,0,0,0,0,0,0,0,0,0,0,0,0,0,0,0,0,0,0,0,0,0,0,0,0,0,0,0,0,0,0,0,0,0,0,0,0,0,0,0,0,0,0,0,0,0,0,0,0,0,0,0,0,0,0,0,0,0,0,7,1670930,85367646,29785721,0,0,0,0,0,0,0,0,0,0,0,0,0,0,0,0,0,0,0,0,0,0,0,0,0,0,0,0,0,0,0,0,0,0,0,0,0,12883329024,10648305664,786336,649921,29733161,0,0,96,786432,84528988,796294,280,3100724139,12884901888,0,635584305,0,0,0,0,0,0,0,0,0,0,0,0,0,0,0,0,0,0,15438296,115316828,0,468,1204,7863,623,30876859,35,0,0,0,0,0,0,0,1,0,0,0,0,0,0,0,0,0,0,21079957,0,29732635,242803,0,0,0,0,0,0,0,0,16384,0,0,0,0,0,0,0,0,0,0,0,6632,473,0,0,0,0,0,46928203,0,157,0,3,470,6632,0,0,0,0,0,0,0,0,0,0,0,0,0,0,0,0,0,0,0,0,0,0,0,0,0,0,0,0,0,0,0,0,0,0,0,0,0,0,0,0,0,0,0,0,0,0,0,0,0,0,0,0,0,0,213167133,0,0,0,445727824,0,0,0,0,0,0,0,61790240,85594222,243477520,155476680704,57354666,1,0,0,0,0,0,0,0,0,0,0,0,0,0,0,0,0,0,0,0,0,0,0,0,0,0,0,0,0,0,0,395,0,0,0,0,0,0,0
1787688337.112,0,0,0,0,0,0,0,644068137,1398208481792,688527164928,0,0,0,0,0,0,0,0,0,0,0,0,0,0,0,0,0,0,0,0,0,0,0,0,0,0,0,0,0,0,0,0,0,0,0,0,0,0,0,0,0,0,0,0,0,0,0,0,0,0,0,0,0,0,0,0,0,0,0,0,7,1670986,85428347,29795695,0,0,0,0,0,0,0,0,0,0,0,0,0,0,0,0,0,0,0,0,0,0,0,0,0,0,0,0,0,0,0,0,0,0,0,0,0,12883312640,10671980544,786335,651366,29743135,1,0,96,786432,84589619,796294,280,3101614593,12884901888,0,635702934,0,0,0,0,0,0,0,0,0,0,0,0,0,0,0,0,0,0,15443515,115322048,0,468,1204,7863,623,30887299,35,0,0,0,0,0,0,0,1,0,0,0,0,0,0,0,0,0,0,21085967,0,29742609,242883,0,0,0,0,0,0,0,0,16384,0,0,0,0,0,0,0,0,0,0,0,6633,473,0,0,0,0,0,46944080,0,157,0,3,470,6633,0,0,0,0,0,0,0,0,0,0,0,0,0,0,0,0,0,0,0,0,0,0,0,0,0,0,0,0,0,0,0,0,0,0,0,0,0,0,0,0,0,0,0,0,0,0,0,0,0,0,0,0,0,0,213244282,0,0,0,445816128,0,0,0,0,0,0,0,61819878,85654766,243564696,155517147648,57382908,1,0,0,0,0,0,0,0,0,0,0,0,0,0,0,0,0,0,0,0,0,0,0,0,0,0,0,0,0,0,0,831,0,0,0,0,0,0,0
1787688338.188,0,0,0,0,0,0,0,644244388,1399182100992,688765221888,0,0,0,0,0,0,0,0,0,0,0,0,0,0,0,0,0,0,0,0,0,0,0,0,0,0,0,0,0,0,0,0,0,0,0,0,0,0,0,0,0,0,0,0,0,0,0,0,0,0,0,0,0,0,0,0,0,0,0,0,7,1671055,85487896,29807350,0,0,0,0,0,0,0,0,0,0,0,0,0,0,0,0,0,0,0,0,0,0,0,0,0,0,0,0,0,0,0,0,0,0,0,0,0,12868894720,10663149568,785455,650827,29753105,881,0,96,786432,84649108,796294,280,3102485890,12884901888,0,635818750,0,0,0,0,0,0,0,0,0,0,0,0,0,0,0,0,0,0,15448630,115327163,0,468,1204,7863,623,30897527,35,0,0,0,0,0,0,0,1,0,0,0,0,0,0,0,0,0,0,21091855,0,29754290,242977,0,0,0,0,0,0,0,0,16384,0,0,0,0,0,0,0,0,0,0,0,6634,473,0,0,0,0,0,46959643,0,157,0,3,470,6634,0,0,0,0,0,0,0,0,0,0,0,0,0,0,0,0,0,0,0,0,0,0,0,0,0,0,0,0,0,0,0,0,0,0,0,0,0,0,0,0,0,0,0,0,0,0,0,0,0,0,0,0,0,0,213319311,0,0,0,445902712,0,0,0,0,0,0,0,61848544,85714137,243651518,155556581376,57409871,0,0,0,0,0,0,0,0,0,0,0,0,0,0,0,0,0,0,0,0,0,0,0,0,0,0,0,0,0,0,0,1146,0,0,0,0,0,0,0
1787688339.263,0,0,0,0,0,0,0,644419768,1400148281856,689047761408,0,0,0,0,0,0,0,0,0,0,0,0,0,0,0,0,0,0,0,0,0,0,0,0,0,0,0,0,0,0,0,0,0,0,0,0,0,0,0,0,0,0,0,0,0,0,0,0,0,0,0,0,0,0,0,0,0,0,0,0,7,1671083,85547001,29821805,0,0,0,0,0,0,0,0,0,0,0,0,0,0,0,0,0,0,0,0,0,0,0,0,0,0,0,0,0,0,0,0,0,0,0,0,0,12883329024,10604314624,786336,647236,29763096,0,0,96,786432,84708152,796294,280,3103355557,12884901888,0,635936776,0,0,0,0,0,0,0,0,0,0,0,0,0,0,0,0,0,0,15453716,115332249,0,468,1204,7863,623,30907697,35,0,0,0,0,0,0,0,1,0,0,0,0,0,0,0,0,0,0,21097719,0,29768723,243092,0,0,0,0,0,0,0,0,16384,0,0,0,0,0,0,0,0,0,0,0,6635,473,0,0,0,0,0,46975112,0,157,0,3,470,6635,0,0,0,0,0,0,0,0,0,0,0,0,0,0,0,0,0,0,0,0,0,0,0,0,0,0,0,0,0,0,0,0,0,0,0,0,0,0,0,0,0,0,0,0,0,0,0,0,0,0,0,0,0,0,213395320,0,0,0,445990079,0,0,0,0,0,0,0,61877566,85773097,243742002,155596472832,57436751,1,0,0,0,0,0,0,0,0,0,0,0,0,0,0,0,0,0,0,0,0,0,0,0,0,0,0,0,0,0,0,220,0,0,0,0,0,0,0
1787688340.340,0,0,0,0,0,0,0,644595903,1401116609024,689317166592,0,0,0,0,0,0,0,0,0,0,0,0,0,0,0,0,0,0,0,0,0,0,0,0,0,0,0,0,0,0,0,0,0,0,0,0,0,0,0,0,0,0,0,0,0,0,0,0,0,0,0,0,0,0,0,0,0,0,0,0,7,1671119,85606253,29835444,0,0,0,0,0,0,0,0,0,0,0,0,0,0,0,0,0,0,0,0,0,0,0,0,0,0,0,0,0,0,0,0,0,0,0,0,0,12883312640,10561028096,786335,644594,29782884,1,0,96,786432,84767336,796294,280,3104226077,12884901888,0,636052989,0,0,0,0,0,0,0,0,0,0,0,0,0,0,0,0,0,0,15458816,115337349,0,468,1204,7863,623,30917897,35,0,0,0,0,0,0,0,1,0,0,0,0,0,0,0,0,0,0,21103592,0,29782358,243201,0,0,0,0,0,0,0,0,16384,0,0,0,0,0,0,0,0,0,0,0,6636,473,0,0,0,0,0,46990604,0,157,0,3,470,6636,0,0,0,0,0,0,0,0,0,0,0,0,0,0,0,0,0,0,0,0,0,0,0,0,0,0,0,0,0,0,0,0,0,0,0,0,0,0,0,0,0,0,0,0,0,0,0,0,0,0,0,0,0,0,213470468,0,0,0,446076507,0,0,0,0,0,0,0,61906728,85832155,243830813,155635998208,57463908,1,0,0,0,0,0,0,0,0,0,0,0,0,0,0,0,0,0,0,0,0,0,0,0,0,0,0,0,0,0,0,509,0,0,0,0,0,0,0
1787688341.413,0,0,0,0,0,0,0,644775835,1402115082752,689526927872,0,0,0,0,0,0,0,0,0,0,0,0,0,0,0,0,0,0,0,0,0,0,0,0,0,0,0,0,0,0,0,0,0,0,0,0,0,0,0,0,0,0,0,0,0,0,0,0,0,0,0,0,0,0,0,0,0,0,0,0,7,1671156,85667330,29845321,0,0,0,0,0,0,0,0,0,0,0,0,0,0,0,0,0,0,0,0,0,0,0,0,0,0,0,0,0,0,0,0,0,0,0,0,0,12883329024,10584276992,786336,646013,29792761,0,0,96,786432,84828332,796294,280,3105115992,12884901888,0,636172079,0,0,0,0,0,0,0,0,0,0,0,0,0,0,0,0,0,0,15464029,115342561,0,468,1204,7863,623,30928325,35,0,0,0,0,0,0,0,1,0,0,0,0,0,0,0,0,0,0,21109593,0,29792235,243281,0,0,0,0,0,0,0,0,16384,0,0,0,0,0,0,0,0,0,0,0,6637,473,0,0,0,0,0,47006471,0,157,0,3,470,6637,0,0,0,0,0,0,0,0,0,0,0,0,0,0,0,0,0,0,0,0,0,0,0,0,0,0,0,0,0,0,0,0,0,0,0,0,0,0,0,0,0,0,0,0,0,0,0,0,0,0,0,0,0,0,213548061,0,0,0,446164764,0,0,0,0,0,0,0,61936439,85893059,243918334,155676901376,57492192,0,0,0,0,0,0,0,0,0,0,0,0,0,0,0,0,0,0,0,0,0,0,0,0,0,0,0,0,0,0,0,881,0,0,0,0,0,0,0
1787688342.492,0,0,0,0,0,0,0,644956539,1403119110656,689736782848,0,0,0,0,0,0,0,0,0,0,0,0,0,0,0,0,0,0,0,0,0,0,0,0,0,0,0,0,0,0,0,0,0,0,0,0,0,0,0,0,0,0,0,0,0,0,0,0,0,0,0,0,0,0,0,0,0,0,0,0,7,1671180,85728746,29855171,0,0,0,0,0,0,0,0,0,0,0,0,0,0,0,0,0,0,0,0,0,0,0,0,0,0,0,0,0,0,0,0,0,0,0,0,0,12883329024,10606493696,786336,647369,29802611,0,0,96,786432,84889678,796294,280,3106012491,12884901888,0,636293481,0,0,0,0,0,0,0,0,0,0,0,0,0,0,0,0,0,0,15469264,115347797,0,468,1204,7863,623,30938793,35,0,0,0,0,0,0,0,1,0,0,0,0,0,0,0,0,0,0,21115622,0,29802085,243359,0,0,0,0,0,0,0,0,16384,0,0,0,0,0,0,0,0,0,0,0,6638,473,0,0,0,0,0,47022399,0,157,0,3,470,6638,0,0,0,0,0,0,0,0,0,0,0,0,0,0,0,0,0,0,0,0,0,0,0,0,0,0,0,0,0,0,0,0,0,0,0,0,0,0,0,0,0,0,0,0,0,0,0,0,0,0,0,0,0,0,213627872,0,0,0,446254415,0,0,0,0,0,0,0,61966520,85954309,244008041,155718535168,57520804,0,0,0,0,0,0,0,0,0,0,0,0,0,0,0,0,0,0,0,0,0,0,0,0,0,0,0,0,0,0,0,133,0,0,0,0,0,0,0
1787688343.569,0,0,0,0,0,0,0,645135338,1404108376576,689944537600,0,0,0,0,0,0,0,0,0,0,0,0,0,0,0,0,0,0,0,0,0,0,0,0,0,0,0,0,0,0,0,0,0,0,0,0,0,0,0,0,0,0,0,0,0,0,0,0,0,0,0,0,0,0,0,0,0,0,0,0,7,1671201,85789255,29864997,0,0,0,0,0,0,0,0,0,0,0,0,0,0,0,0,0,0,0,0,0,0,0,0,0,0,0,0,0,0,0,0,0,0,0,0,0,12883329024,10627579904,786336,648656,29812437,0,0,96,786432,84950123,796294,280,3106897075,12884901888,0,636411233,0,0,0,0,0,0,0,0,0,0,0,0,0,0,0,0,0,0,15474446,115352978,0,468,1204,7863,623,30949156,35,0,0,0,0,0,0,0,1,0,0,0,0,0,0,0,0,0,0,21121582,0,29811911,243437,0,0,0,0,0,0,0,0,16384,0,0,0,0,0,0,0,0,0,0,0,6639,473,0,0,0,0,0,47038151,0,157,0,3,470,6639,0,0,0,0,0,0,0,0,0,0,0,0,0,0,0,0,0,0,0,0,0,0,0,0,0,0,0,0,0,0,0,0,0,0,0,0,0,0,0,0,0,0,0,0,0,0,0,0,0,0,0,0,0,0,213703729,0,0,0,446342156,0,0,0,0,0,0,0,61995090,86014617,244093785,155758434816,57547922,0,1,0,0,0,0,0,0,0,0,0,0,0,0,0,0,0,0,0,0,0,0,0,0,0,0,0,0,0,0,0,502,0,0,0,0,0,0,0
1787688344.641,0,0,0,0,0,0,0,645315521,1405099641344,690152307712,0,0,0,0,0,0,0,0,0,0,0,0,0,0,0,0,0,0,0,0,0,0,0,0,0,0,0,0,0,0,0,0,0,0,0,0,0,0,0,0,0,0,0,0,0,0,0,0,0,0,0,0,0,0,0,0,0,0,0,0,7,1671240,85849899,29874800,0,0,0,0,0,0,0,0,0,0,0,0,0,0,0,0,0,0,0,0,0,0,0,0,0,0,0,0,0,0,0,0,0,0,0,0,0,12883312640,10649698304,786335,650006,29822240,0,0,97,786432,85010707,796294,280,3107786701,12884901888,0,636530374,0,0,0,0,0,0,0,0,0,0,0,0,0,0,0,0,0,0,15479661,115358192,0,468,1204,7863,623,30959590,35,0,0,0,0,0,0,0,1,0,0,0,0,0,0,0,0,0,0,21127579,0,29821714,243515,0,0,0,0,0,0,0,0,16384,0,0,0,0,0,0,0,0,0,0,0,6640,473,0,0,0,0,0,47054000,0,157,0,3,470,6640,0,0,0,0,0,0,0,0,0,0,0,0,0,0,0,0,0,0,0,0,0,0,0,0,0,0,0,0,0,0,0,0,0,0,0,0,0,0,0,0,0,0,0,0,0,0,0,0,0,0,0,0,0,0,213779928,0,0,0,446430411,0,0,0,0,0,0,0,62024281,86075083,244179823,155798593536,57575732,1,1,0,0,0,0,0,0,0,0,0,0,0,0,0,0,0,0,0,0,0,0,0,0,0,0,0,0,0,0,0,914,0,0,0,0,0,0,0
1787688345.720,0,0,0,0,0,0,0,645495927,1406094756352,690360120320,0,0,0,0,0,0,0,0,0,0,0,0,0,0,0,0,0,0,0,0,0,0,0,0,0,0,0,0,0,0,0,0,0,0,0,0,0,0,0,0,0,0,0,0,0,0,0,0,0,0,0,0,0,0,0,0,0,0,0,0,7,1671259,85910781,29884590,0,0,0,0,0,0,0,0,0,0,0,0,0,0,0,0,0,0,0,0,0,0,0,0,0,0,0,0,0,0,0,0,0,0,0,0,0,12883329024,10671800320,786336,651355,29832030,0,0,96,786432,85071538,796294,280,3108681123,12884901888,0,636651672,0,0,0,0,0,0,0,0,0,0,0,0,0,0,0,0,0,0,15484891,115363424,0,468,1204,7863,623,30970045,35,0,0,0,0,0,0,0,1,0,0,0,0,0,0,0,0,0,0,21133604,0,29831504,243593,0,0,0,0,0,0,0,0,16384,0,0,0,0,0,0,0,0,0,0,0,6642,473,0,0,0,0,0,47069926,0,157,0,3,470,6642,0,0,0,0,0,0,0,0,0,0,0,0,0,0,0,0,0,0,0,0,0,0,0,0,0,0,0,0,0,0,0,0,0,0,0,0,0,0,0,0,0,0,0,0,0,0,0,0,0,0,0,0,0,0,213857291,0,0,0,446520055,0,0,0,0,0,0,0,62053710,86135795,244267021,155839096832,57603694,0,0,0,0,0,0,0,0,0,0,0,0,0,0,0,0,0,0,0,0,0,0,0,0,0,0,0,0,0,0,0,136,0,0,0,0,0,0,0
1787688346.799,0,0,0,0,0,0,0,645675234,1407086561792,690567411712,0,0,0,0,0,0,0,0,0,0,0,0,0,0,0,0,0,0,0,0,0,0,0,0,0,0,0,0,0,0,0,0,0,0,0,0,0,0,0,0,0,0,0,0,0,0,0,0,0,0,0,0,0,0,0,0,0,0,0,0,7,1671353,85971465,29894390,0,0,0,0,0,0,0,0,0,0,0,0,0,0,0,0,0,0,0,0,0,0,0,0,0,0,0,0,0,0,0,0,0,0,0,0,0,12883329024,10691395584,786336,652551,29841830,0,0,96,786432,85132152,796294,280,3109567588,12884901888,0,636769720,0,0,0,0,0,0,0,0,0,0,0,0,0,0,0,0,0,0,15490086,115368618,0,468,1204,7863,623,30980441,35,0,0,0,0,0,0,0,1,0,0,0,0,0,0,0,0,0,0,21139573,0,29841304,243671,0,0,0,0,0,0,0,0,16384,0,0,0,0,0,0,0,0,0,0,0,6643,473,0,0,0,0,0,47085732,0,157,0,3,470,6643,0,0,0,0,0,0,0,0,0,0,0,0,0,0,0,0,0,0,0,0,0,0,0,0,0,0,0,0,0,0,0,0,0,0,0,0,0,0,0,0,0,0,0,0,0,0,0,0,0,0,0,0,0,0,213933930,0,0,0,446607978,0,0,0,0,0,0,0,62083037,86196307,244353502,155879240704,57631524,0,1,0,0,0,0,0,0,0,0,0,0,0,0,0,0,0,0,0,0,0,0,0,0,0,0,0,0,0,0,0,516,0,0,0,0,0,0,0
1787688347.872,0,0,0,0,0,0,0,645854297,1408071584256,690778312704,0,0,0,0,0,0,0,0,0,0,0,0,0,0,0,0,0,0,0,0,0,0,0,0,0,0,0,0,0,0,0,0,0,0,0,0,0,0,0,0,0,0,0,0,0,0,0,0,0,0,0,0,0,0,0,0,0,0,0,0,7,1671386,86031703,29904424,0,0,0,0,0,0,0,0,0,0,0,0,0,0,0,0,0,0,0,0,0,0,0,0,0,0,0,0,0,0,0,0,0,0,0,0,0,12883279872,10703732736,786333,653304,29851864,2,0,98,786432,85192324,796294,280,3110452209,12884901888,0,636887930,0,0,0,0,0,0,0,0,0,0,0,0,0,0,0,0,0,0,15495274,115373806,0,468,1204,7863,623,30990813,35,0,0,0,0,0,0,0,1,0,0,0,0,0,0,0,0,0,0,21145546,0,29851338,243751,0,0,0,0,0,0,0,0,16384,0,0,0,0,0,0,0,0,0,0,0,6644,473,0,0,0,0,0,47101499,0,157,0,3,470,6644,0,0,0,0,0,0,0,0,0,0,0,0,0,0,0,0,0,0,0,0,0,0,0,0,0,0,0,0,0,0,0,0,0,0,0,0,0,0,0,0,0,0,0,0,0,0,0,0,0,0,0,0,0,0,214009415,0,0,0,446695841,0,0,0,0,0,0,0,62112051,86256373,244439078,155919009280,57659088,1,0,0,0,0,0,0,0,0,0,0,0,0,0,0,0,0,0,0,0,0,0,0,0,0,0,0,0,0,0,0,884,0,0,0,0,0,0,0
1787688348.943,0,0,0,0,0,0,0,646034438,1409062849024,690989899264,0,0,0,0,0,0,0,0,0,0,0,0,0,0,0,0,0,0,0,0,0,0,0,0,0,0,0,0,0,0,0,0,0,0,0,0,0,0,0,0,0,0,0,0,0,0,0,0,0,0,0,0,0,0,0,0,0,0,0,0,7,1671419,86092327,29914478,0,0,0,0,0,0,0,0,0,0,0,0,0,0,0,0,0,0,0,0,0,0,0,0,0,0,0,0,0,0,0,0,0,0,0,0,0,12883329024,10718707712,786336,654218,29861918,0,0,96,786432,85252881,796294,280,3111345283,12884901888,0,637009053,0,0,0,0,0,0,0,0,0,0,0,0,0,0,0,0,0,0,15500498,115379031,0,468,1204,7863,623,31001264,35,0,0,0,0,0,0,0,1,0,0,0,0,0,0,0,0,0,0,21151563,0,29861392,243831,0,0,0,0,0,0,0,0,16384,0,0,0,0,0,0,0,0,0,0,0,6645,473,0,0,0,0,0,47117379,0,157,0,3,470,6645,0,0,0,0,0,0,0,0,0,0,0,0,0,0,0,0,0,0,0,0,0,0,0,0,0,0,0,0,0,0,0,0,0,0,0,0,0,0,0,0,0,0,0,0,0,0,0,0,0,0,0,0,0,0,214085862,0,0,0,446785291,0,0,0,0,0,0,0,62141547,86316838,244525629,155959024640,57687082,0,0,0,0,0,0,0,0,0,0,0,0,0,0,0,0,0,0,0,0,0,0,0,0,0,0,0,0,0,0,0,92,0,0,0,0,0,0,0
1787688350.020,0,0,0,0,0,0,0,646216681,1410065746432,691201795584,0,0,0,0,0,0,0,0,0,0,0,0,0,0,0,0,0,0,0,0,0,0,0,0,0,0,0,0,0,0,0,0,0,0,0,0,0,0,0,0,0,0,0,0,0,0,0,0,0,0,0,0,0,0,0,0,0,0,0,0,7,1671444,86153657,29924524,0,0,0,0,0,0,0,0,0,0,0,0,0,0,0,0,0,0,0,0,0,0,0,0,0,0,0,0,0,0,0,0,0,0,0,0,0,12883329024,10735501312,786336,655243,29871964,0,0,96,786432,85314162,796294,280,3112244730,12884901888,0,637128194,0,0,0,0,0,0,0,0,0,0,0,0,0,0,0,0,0,0,15505779,115384311,0,468,1204,7863,623,31011825,35,0,0,0,0,0,0,0,1,0,0,0,0,0,0,0,0,0,0,21157638,0,29871438,243911,0,0,0,0,0,0,0,0,16384,0,0,0,0,0,0,0,0,0,0,0,6646,473,0,0,0,0,0,47133437,0,157,0,3,470,6646,0,0,0,0,0,0,0,0,0,0,0,0,0,0,0,0,0,0,0,0,0,0,0,0,0,0,0,0,0,0,0,0,0,0,0,0,0,0,0,0,0,0,0,0,0,0,0,0,0,0,0,0,0,0,214163204,0,0,0,446874607,0,0,0,0,0,0,0,62171458,86378012,244613059,155999467520,57715538,1,0,0,0,0,0,0,0,0,0,0,0,0,0,0,0,0,0,0,0,0,0,0,0,0,0,0,0,0,0,0,560,0,0,0,0,0,0,0
1787688351.101,0,0,0,0,0,0,0,646397166,1411068709376,691413181952,0,0,0,0,0,0,0,0,0,0,0,0,0,0,0,0,0,0,0,0,0,0,0,0,0,0,0,0,0,0,0,0,0,0,0,0,0,0,0,0,0,0,0,0,0,0,0,0,0,0,0,0,0,0,0,0,0,0,0,0,7,1671471,86215020,29934523,0,0,0,0,0,0,0,0,0,0,0,0,0,0,0,0,0,0,0,0,0,0,0,0,0,0,0,0,0,0,0,0,0,0,0,0,0,12883329024,10752573440,786336,656285,29881963,0,0,96,786432,85375470,796294,280,3113136839,12884901888,0,637246648,0,0,0,0,0,0,0,0,0,0,0,0,0,0,0,0,0,0,15511014,115389547,0,468,1204,7863,623,31022292,35,0,0,0,0,0,0,0,1,0,0,0,0,0,0,0,0,0,0,21163665,0,29881437,243991,0,0,0,0,0,0,0,0,16384,0,0,0,0,0,0,0,0,0,0,0,6647,473,0,0,0,0,0,47149349,0,157,0,3,470,6647,0,0,0,0,0,0,0,0,0,0,0,0,0,0,0,0,0,0,0,0,0,0,0,0,0,0,0,0,0,0,0,0,0,0,0,0,0,0,0,0,0,0,0,0,0,0,0,0,0,0,0,0,0,0,214241101,0,0,0,446962991,0,0,0,0,0,0,0,62201510,86439227,244701009,156040142848,57744075,0,0,0,0,0,0,0,0,0,0,0,0,0,0,0,0,0,0,0,0,0,0,0,0,0,0,0,0,0,0,0,1011,0,0,0,0,0,0,0
1787688352.180,0,0,0,0,0,0,0,646575190,1412053813760,691644090880,0,0,0,0,0,0,0,0,0,0,0,0,0,0,0,0,0,0,0,0,0,0,0,0,0,0,0,0,0,0,0,0,0,0,0,0,0,0,0,0,0,0,0,0,0,0,0,0,0,0,0,0,0,0,0,0,0,0,0,0,7,1671568,86275277,29945761,0,0,0,0,0,0,0,0,0,0,0,0,0,0,0,0,0,0,0,0,0,0,0,0,0,0,0,0,0,0,0,0,0,0,0,0,0,12866584576,10745200640,785313,655835,29891922,1019,0,97,786432,85435663,796294,280,3114019967,12884901888,0,637366962,0,0,0,0,0,0,0,0,0,0,0,0,0,0,0,0,0,0,15516167,115394700,0,468,1204,7863,623,31032601,35,0,0,0,0,0,0,0,1,0,0,0,0,0,0,0,0,0,0,21169600,0,29892548,244081,0,0,0,0,0,0,0,0,16384,0,0,0,0,0,0,0,0,0,0,0,6648,473,0,0,0,0,0,47164998,0,157,0,3,470,6648,0,0,0,0,0,0,0,0,0,0,0,0,0,0,0,0,0,0,0,0,0,0,0,0,0,0,0,0,0,0,0,0,0,0,0,0,0,0,0,0,0,0,0,0,0,0,0,0,0,0,0,0,0,0,214317309,0,0,0,447051469,0,0,0,0,0,0,0,62230716,86499305,244788497,156080177152,57771614,1,0,0,0,0,0,0,0,0,0,0,0,0,0,0,0,0,0,0,0,0,0,0,0,0,0,0,0,0,0,0,158,0,0,0,0,0,0,0
1787688353.253,0,0,0,0,0,0,0,646745112,1412988979712,691923855872,0,0,0,0,0,0,0,0,0,0,0,0,0,0,0,0,0,0,0,0,0,0,0,0,0,0,0,0,0,0,0,0,0,0,0,0,0,0,0,0,0,0,0,0,0,0,0,0,0,0,0,0,0,0,0,0,0,0,0,0,7,1671600,86332484,29960023,0,0,0,0,0,0,0,0,0,0,0,0,0,0,0,0,0,0,0,0,0,0,0,0,0,0,0,0,0,0,0,0,0,0,0,0,0,12883329024,10678484992,786336,651763,29901923,0,0,96,786432,85492787,796294,280,3114859558,12884901888,0,637478919,0,0,0,0,0,0,0,0,0,0,0,0,0,0,0,0,0,0,15521094,115399626,0,468,1204,7863,623,31042451,35,0,0,0,0,0,0,0,1,0,0,0,0,0,0,0,0,0,0,21175275,0,29906787,244195,0,0,0,0,0,0,0,0,16384,0,0,0,0,0,0,0,0,0,0,0,6649,473,0,0,0,0,0,47179959,0,157,0,3,470,6649,0,0,0,0,0,0,0,0,0,0,0,0,0,0,0,0,0,0,0,0,0,0,0,0,0,0,0,0,0,0,0,0,0,0,0,0,0,0,0,0,0,0,0,0,0,0,0,0,0,0,0,0,0,0,214391595,0,0,0,447135106,0,0,0,0,0,0,0,62256714,86556347,244877182,156119046144,57795560,1,0,0,0,0,0,0,0,0,0,0,0,0,0,0,0,0,0,0,0,0,0,0,0,0,0,0,0,0,0,0,301,0,0,0,0,0,0,0
1787688354.331,0,0,0,0,0,0,0,646913545,1413915642368,692200722432,0,0,0,0,0,0,0,0,0,0,0,0,0,0,0,0,0,0,0,0,0,0,0,0,0,0,0,0,0,0,0,0,0,0,0,0,0,0,0,0,0,0,0,0,0,0,0,0,0,0,0,0,0,0,0,0,0,0,0,0,7,1671686,86389162,29974239,0,0,0,0,0,0,0,0,0,0,0,0,0,0,0,0,0,0,0,0,0,0,0,0,0,0,0,0,0,0,0,0,0,0,0,0,0,12883329024,10615128064,786336,647896,29911849,0,0,96,786432,85549383,796294,280,3115692255,12884901888,0,637590550,0,0,0,0,0,0,0,0,0,0,0,0,0,0,0,0,0,0,15525970,115404502,0,468,1204,7863,623,31052204,35,0,0,0,0,0,0,0,1,0,0,0,0,0,0,0,0,0,0,21180889,0,29921109,244309,0,0,0,0,0,0,0,0,16384,0,0,0,0,0,0,0,0,0,0,0,6650,473,0,0,0,0,0,47194794,0,157,0,3,470,6650,0,0,0,0,0,0,0,0,0,0,0,0,0,0,0,0,0,0,0,0,0,0,0,0,0,0,0,0,0,0,0,0,0,0,0,0,0,0,0,0,0,0,0,0,0,0,0,0,0,0,0,0,0,0,214465016,0,0,0,447217919,0,0,0,0,0,0,0,62282880,86612871,244964844,156157496320,57819609,1,0,0,0,0,0,0,0,0,0,0,0,0,0,0,0,0,0,0,0,0,0,0,0,0,0,0,0,0,0,0,393,0,0,0,0,0,0,0
1787688355.408,0,0,0,0,0,0,0,647093486,1414908840448,692414190080,0,0,0,0,0,0,0,0,0,0,0,0,0,0,0,0,0,0,0,0,0,0,0,0,0,0,0,0,0,0,0,0,0,0,0,0,0,0,0,0,0,0,0,0,0,0,0,0,0,0,0,0,0,0,0,0,0,0,0,0,7,1671711,86449901,29984360,0,0,0,0,0,0,0,0,0,0,0,0,0,0,0,0,0,0,0,0,0,0,0,0,0,0,0,0,0,0,0,0,0,0,0,0,0,12883329024,10629038080,786335,648745,29931800,0,0,97,786432,85610054,796294,280,3116581736,12884901888,0,637709005,0,0,0,0,0,0,0,0,0,0,0,0,0,0,0,0,0,0,15531185,115409717,0,468,1204,7863,623,31062634,35,0,0,0,0,0,0,0,1,0,0,0,0,0,0,0,0,0,0,21186885,0,29931274,244391,0,0,0,0,0,0,0,0,16384,0,0,0,0,0,0,0,0,0,0,0,6651,473,0,0,0,0,0,47210648,0,157,0,3,470,6651,0,0,0,0,0,0,0,0,0,0,0,0,0,0,0,0,0,0,0,0,0,0,0,0,0,0,0,0,0,0,0,0,0,0,0,0,0,0,0,0,0,0,0,0,0,0,0,0,0,0,0,0,0,0,214543072,0,0,0,447306151,0,0,0,0,0,0,0,62312487,86673462,245053076,156198418944,57847654,0,0,0,0,0,0,0,0,0,0,0,0,0,0,0,0,0,0,0,0,0,0,0,0,0,0,0,0,0,0,0,822,0,0,0,0,0,0,0
1787688356.488,0,0,0,0,0,0,0,647273425,1415895992832,692625564160,0,0,0,0,0,0,0,0,0,0,0,0,0,0,0,0,0,0,0,0,0,0,0,0,0,0,0,0,0,0,0,0,0,0,0,0,0,0,0,0,0,0,0,0,0,0,0,0,0,0,0,0,0,0,0,0,0,0,0,0,7,1671733,86510312,29994383,0,0,0,0,0,0,0,0,0,0,0,0,0,0,0,0,0,0,0,0,0,0,0,0,0,0,0,0,0,0,0,0,0,0,0,0,0,12883329024,10641358848,786336,649497,29941823,0,0,96,786432,85670412,796294,280,3117472646,12884901888,0,637829354,0,0,0,0,0,0,0,0,0,0,0,0,0,0,0,0,0,0,15536397,115414928,0,468,1204,7863,623,31073063,35,0,0,0,0,0,0,0,1,0,0,0,0,0,0,0,0,0,0,21192890,0,29941297,244471,0,0,0,0,0,0,0,0,16384,0,0,0,0,0,0,0,0,0,0,0,6652,473,0,0,0,0,0,47226480,0,157,0,3,470,6652,0,0,0,0,0,0,0,0,0,0,0,0,0,0,0,0,0,0,0,0,0,0,0,0,0,0,0,0,0,0,0,0,0,0,0,0,0,0,0,0,0,0,0,0,0,0,0,0,0,0,0,0,0,0,214619671,0,0,0,447395109,0,0,0,0,0,0,0,62341991,86733678,245139737,156238684160,57875689,1,1,0,0,0,0,0,0,0,0,0,0,0,0,0,0,0,0,0,0,0,0,0,0,0,0,0,0,0,0,0,458,0,0,0,0,0,0,0
1787688357.560,0,0,0,0,0,0,0,647453622,1416890305024,692837313024,0,0,0,0,0,0,0,0,0,0,0,0,0,0,0,0,0,0,0,0,0,0,0,0,0,0,0,0,0,0,0,0,0,0,0,0,0,0,0,0,0,0,0,0,0,0,0,0,0,0,0,0,0,0,0,0,0,0,0,0,7,1671815,86571156,30004357,0,0,0,0,0,0,0,0,0,0,0,0,0,0,0,0,0,0,0,0,0,0,0,0,0,0,0,0,0,0,0,0,0,0,0,0,0,12883329024,10657841152,786336,650503,29951797,0,0,96,786432,85731199,796294,280,3118364426,12884901888,0,637949225,0,0,0,0,0,0,0,0,0,0,0,0,0,0,0,0,0,0,15541616,115420147,0,468,1204,7863,623,31083495,35,0,0,0,0,0,0,0,1,0,0,0,0,0,0,0,0,0,0,21198901,0,29951271,244551,0,0,0,0,0,0,0,0,16384,0,0,0,0,0,0,0,0,0,0,0,6653,473,0,0,0,0,0,47242400,0,157,0,3,470,6653,0,0,0,0,0,0,0,0,0,0,0,0,0,0,0,0,0,0,0,0,0,0,0,0,0,0,0,0,0,0,0,0,0,0,0,0,0,0,0,0,0,0,0,0,0,0,0,0,0,0,0,0,0,0,214698853,0,0,0,447483755,0,0,0,0,0,0,0,62372490,86794338,245228949,156280096256,57904703,0,0,0,0,0,0,0,0,0,0,0,0,0,0,0,0,0,0,0,0,0,0,0,0,0,0,0,0,0,0,0,476,0,0,0,0,0,0,0
1787688358.634,0,0,0,0,0,0,0,647634926,1417889974784,693049756160,0,0,0,0,0,0,0,0,0,0,0,0,0,0,0,0,0,0,0,0,0,0,0,0,0,0,0,0,0,0,0,0,0,0,0,0,0,0,0,0,0,0,0,0,0,0,0,0,0,0,0,0,0,0,0,0,0,0,0,0,7,1671858,86632304,30014310,0,0,0,0,0,0,0,0,0,0,0,0,0,0,0,0,0,0,0,0,0,0,0,0,0,0,0,0,0,0,0,0,0,0,0,0,0,12883329024,10674683904,786336,651531,29961750,0,0,96,786432,85792270,796294,280,3119259734,12884901888,0,638068063,0,0,0,0,0,0,0,0,0,0,0,0,0,0,0,0,0,0,15546873,115425405,0,468,1204,7863,623,31094013,35,0,0,0,0,0,0,0,1,0,0,0,0,0,0,0,0,0,0,21204952,0,29961224,244631,0,0,0,0,0,0,0,0,16384,0,0,0,0,0,0,0,0,0,0,0,6654,473,0,0,0,0,0,47258372,0,157,0,3,470,6654,0,0,0,0,0,0,0,0,0,0,0,0,0,0,0,0,0,0,0,0,0,0,0,0,0,0,0,0,0,0,0,0,0,0,0,0,0,0,0,0,0,0,0,0,0,0,0,0,0,0,0,0,0,0,214780136,0,0,0,447572606,0,0,0,0,0,0,0,62403449,86855323,245320234,156322601984,57934199,1,0,0,0,0,0,0,0,0,0,0,0,0,0,0,0,0,0,0,0,0,0,0,0,0,0,0,0,0,0,0,944,0,0,0,0,0,0,0
1787688359.712,0,0,0,0,0,0,0,647816263,1418887154176,693260587008,0,0,0,0,0,0,0,0,0,0,0,0,0,0,0,0,0,0,0,0,0,0,0,0,0,0,0,0,0,0,0,0,0,0,0,0,0,0,0,0,0,0,0,0,0,0,0,0,0,0,0,0,0,0,0,0,0,0,0,0,7,1671944,86693305,30024230,0,0,0,0,0,0,0,0,0,0,0,0,0,0,0,0,0,0,0,0,0,0,0,0,0,0,0,0,0,0,0,0,0,0,0,0,0,12883329024,10692067328,786336,652592,29971670,0,0,96,786432,85853209,796294,280,3120159063,12884901888,0,638190776,0,0,0,0,0,0,0,0,0,0,0,0,0,0,0,0,0,0,15552123,115430655,0,468,1204,7863,623,31104516,35,0,0,0,0,0,0,0,1,0,0,0,0,0,0,0,0,0,0,21210998,0,29971144,244711,0,0,0,0,0,0,0,0,16384,0,0,0,0,0,0,0,0,0,0,0,6656,473,0,0,0,0,0,47274323,0,157,0,3,470,6656,0,0,0,0,0,0,0,0,0,0,0,0,0,0,0,0,0,0,0,0,0,0,0,0,0,0,0,0,0,0,0,0,0,0,0,0,0,0,0,0,0,0,0,0,0,0,0,0,0,0,0,0,0,0,214859093,0,0,0,447662603,0,0,0,0,0,0,0,62433588,86916131,245409152,156363998208,57962881,0,0,0,0,0,0,0,0,0,0,0,0,0,0,0,0,0,0,0,0,0,0,0,0,0,0,0,0,0,0,0,166,0,0,0,0,0,0,0
1787688360.791,0,0,0,0,0,0,0,647997312,1419888511488,693472345088,0,0,0,0,0,0,0,0,0,0,0,0,0,0,0,0,0,0,0,0,0,0,0,0,0,0,0,0,0,0,0,0,0,0,0,0,0,0,0,0,0,0,0,0,0,0,0,0,0,0,0,0,0,0,0,0,0,0,0,0,7,1671965,86754550,30034211,0,0,0,0,0,0,0,0,0,0,0,0,0,0,0,0,0,0,0,0,0,0,0,0,0,0,0,0,0,0,0,0,0,0,0,0,0,12883312640,10707828736,786336,653554,29981651,0,0,96,786432,85914395,796294,280,3121053664,12884901888,0,638309510,0,0,0,0,0,0,0,0,0,0,0,0,0,0,0,0,0,0,15557371,115435904,0,468,1204,7863,623,31115007,35,0,0,0,0,0,0,0,1,0,0,0,0,0,0,0,0,0,0,21217033,0,29981125,244791,0,0,0,0,0,0,0,0,16384,0,0,0,0,0,0,0,0,0,0,0,6657,473,0,0,0,0,0,47290277,0,157,0,3,470,6657,0,0,0,0,0,0,0,0,0,0,0,0,0,0,0,0,0,0,0,0,0,0,0,0,0,0,0,0,0,0,0,0,0,0,0,0,0,0,0,0,0,0,0,0,0,0,0,0,0,0,0,0,0,0,214938234,0,0,0,447751372,0,0,0,0,0,0,0,62464115,86977240,245498320,156405382144,57991886,1,1,0,0,0,0,0,0,0,0,0,0,0,0,0,0,0,0,0,0,0,0,0,0,0,0,0,0,0,0,0,610,0,0,0,0,0,0,0
1787688361.874,0,0,0,0,0,0,0,648177647,1420887378432,693683768320,0,0,0,0,0,0,0,0,0,0,0,0,0,0,0,0,0,0,0,0,0,0,0,0,0,0,0,0,0,0,0,0,0,0,0,0,0,0,0,0,0,0,0,0,0,0,0,0,0,0,0,0,0,0,0,0,0,0,0,0,7,1672059,86815654,30044134,0,0,0,0,0,0,0,0,0,0,0,0,0,0,0,0,0,0,0,0,0,0,0,0,0,0,0,0,0,0,0,0,0,0,0,0,0,12883312640,10723164160,786336,654490,29991574,0,0,96,786432,85975436,796294,280,3121944576,12884901888,0,638428078,0,0,0,0,0,0,0,0,0,0,0,0,0,0,0,0,0,0,15562594,115441127,0,468,1204,7863,623,31125456,35,0,0,0,0,0,0,0,1,0,0,0,0,0,0,0,0,0,0,21223034,0,29991048,244871,0,0,0,0,0,0,0,0,16384,0,0,0,0,0,0,0,0,0,0,0,6658,473,0,0,0,0,0,47306149,0,157,0,3,470,6658,0,0,0,0,0,0,0,0,0,0,0,0,0,0,0,0,0,0,0,0,0,0,0,0,0,0,0,0,0,0,0,0,0,0,0,0,0,0,0,0,0,0,0,0,0,0,0,0,0,0,0,0,0,0,215018207,0,0,0,447839692,0,0,0,0,0,0,0,62495397,87038201,245588267,156447365632,58021801,1,1,0,0,0,0,0,0,0,0,0,0,0,0,0,0,0,0,0,0,0,0,0,0,0,0,0,0,0,0,0,1058,0,0,0,0,0,0,0
1787688362.952,0,0,0,0,0,0,0,648358091,1421877365248,693894623232,0,0,0,0,0,0,0,0,0,0,0,0,0,0,0,0,0,0,0,0,0,0,0,0,0,0,0,0,0,0,0,0,0,0,0,0,0,0,0,0,0,0,0,0,0,0,0,0,0,0,0,0,0,0,0,0,0,0,0,0,7,1672084,86876209,30054051,0,0,0,0,0,0,0,0,0,0,0,0,0,0,0,0,0,0,0,0,0,0,0,0,0,0,0,0,0,0,0,0,0,0,0,0,0,12883329024,10737336320,786336,655355,30001491,0,0,97,786432,86035934,796294,280,3122838593,12884901888,0,638549342,0,0,0,0,0,0,0,0,0,0,0,0,0,0,0,0,0,0,15567825,115446358,0,468,1204,7863,623,31135915,35,0,0,0,0,0,0,0,1,0,0,0,0,0,0,0,0,0,0,21229069,0,30000965,244951,0,0,0,0,0,0,0,0,16384,0,0,0,0,0,0,0,0,0,0,0,6659,473,0,0,0,0,0,47322070,0,157,0,3,470,6659,0,0,0,0,0,0,0,0,0,0,0,0,0,0,0,0,0,0,0,0,0,0,0,0,0,0,0,0,0,0,0,0,0,0,0,0,0,0,0,0,0,0,0,0,0,0,0,0,0,0,0,0,0,0,215097938,0,0,0,447929331,0,0,0,0,0,0,0,62525893,87098590,245677969,156488979456,58050774,0,1,0,0,0,0,0,0,0,0,0,0,0,0,0,0,0,0,0,0,0,0,0,0,0,0,0,0,0,0,0,301,0,0,0,0,0,0,0
1787688364.029,0,0,0,0,0,0,0,648538777,1422869907968,694103887872,0,0,0,0,0,0,0,0,0,0,0,0,0,0,0,0,0,0,0,0,0,0,0,0,0,0,0,0,0,0,0,0,0,0,0,0,0,0,0,0,0,0,0,0,0,0,0,0,0,0,0,0,0,0,0,0,0,0,0,0,7,1672105,86936918,30063974,0,0,0,0,0,0,0,0,0,0,0,0,0,0,0,0,0,0,0,0,0,0,0,0,0,0,0,0,0,0,0,0,0,0,0,0,0,12883329024,10749984768,786335,656127,30011414,0,0,97,786432,86096589,796294,280,3123731026,12884901888,0,638668294,0,0,0,0,0,0,0,0,0,0,0,0,0,0,0,0,0,0,15573051,115451585,0,468,1204,7863,623,31146372,35,0,0,0,0,0,0,0,1,0,0,0,0,0,0,0,0,0,0,21235085,0,30010888,245031,0,0,0,0,0,0,0,0,16384,0,0,0,0,0,0,0,0,0,0,0,6660,473,0,0,0,0,0,47337951,0,157,0,3,470,6660,0,0,0,0,0,0,0,0,0,0,0,0,0,0,0,0,0,0,0,0,0,0,0,0,0,0,0,0,0,0,0,0,0,0,0,0,0,0,0,0,0,0,0,0,0,0,0,0,0,0,0,0,0,0,215174502,0,0,0,448017816,0,0,0,0,0,0,0,62555241,87159135,245764503,156528937472,58078615,0,0,0,0,0,0,0,0,0,0,0,0,0,0,0,0,0,0,0,0,0,0,0,0,0,0,0,0,0,0,0,728,0,0,0,0,0,0,0
1787688365.105,0,0,0,0,0,0,0,648718472,1423858600448,694314077184,0,0,0,0,0,0,0,0,0,0,0,0,0,0,0,0,0,0,0,0,0,0,0,0,0,0,0,0,0,0,0,0,0,0,0,0,0,0,0,0,0,0,0,0,0,0,0,0,0,0,0,0,0,0,0,0,0,0,0,0,7,1672199,86997391,30073934,0,0,0,0,0,0,0,0,0,0,0,0,0,0,0,0,0,0,0,0,0,0,0,0,0,0,0,0,0,0,0,0,0,0,0,0,0,12883329024,10762518528,786336,656892,30021374,0,0,96,786432,86156995,796294,280,3124618539,12884901888,0,638786229,0,0,0,0,0,0,0,0,0,0,0,0,0,0,0,0,0,0,15578262,115456796,0,468,1204,7863,623,31156792,35,0,0,0,0,0,0,0,1,0,0,0,0,0,0,0,0,0,0,21241082,0,30020848,245111,0,0,0,0,0,0,0,0,16384,0,0,0,0,0,0,0,0,0,0,0,6661,473,0,0,0,0,0,47353817,0,157,0,3,470,6661,0,0,0,0,0,0,0,0,0,0,0,0,0,0,0,0,0,0,0,0,0,0,0,0,0,0,0,0,0,0,0,0,0,0,0,0,0,0,0,0,0,0,0,0,0,0,0,0,0,0,0,0,0,0,215251035,0,0,0,448105934,0,0,0,0,0,0,0,62584323,87219428,245851057,156569059840,58106174,1,1,0,0,0,0,0,0,0,0,0,0,0,0,0,0,0,0,0,0,0,0,0,0,0,0,0,0,0,0,0,1149,0,0,0,0,0,0,0
1787688366.179,0,0,0,0,0,0,0,648897653,1424851126784,694546700288,0,0,0,0,0,0,0,0,0,0,0,0,0,0,0,0,0,0,0,0,0,0,0,0,0,0,0,0,0,0,0,0,0,0,0,0,0,0,0,0,0,0,0,0,0,0,0,0,0,0,0,0,0,0,0,0,0,0,0,0,7,1672226,87058086,30085116,0,0,0,0,0,0,0,0,0,0,0,0,0,0,0,0,0,0,0,0,0,0,0,0,0,0,0,0,0,0,0,0,0,0,0,0,0,12869648384,10756751360,785501,656540,30031274,833,0,96,786432,86217629,796294,280,3125507779,12884901888,0,638906864,0,0,0,0,0,0,0,0,0,0,0,0,0,0,0,0,0,0,15583456,115461990,0,468,1204,7863,623,31167178,35,0,0,0,0,0,0,0,1,0,0,0,0,0,0,0,0,0,0,21247072,0,30032028,245203,0,0,0,0,0,0,0,0,16384,0,0,0,0,0,0,0,0,0,0,0,6662,473,0,0,0,0,0,47369604,0,157,0,3,470,6662,0,0,0,0,0,0,0,0,0,0,0,0,0,0,0,0,0,0,0,0,0,0,0,0,0,0,0,0,0,0,0,0,0,0,0,0,0,0,0,0,0,0,0,0,0,0,0,0,0,0,0,0,0,0,215327340,0,0,0,448195051,0,0,0,0,0,0,0,62613400,87279933,245938774,156609068544,58133549,1,0,0,0,0,0,0,0,0,0,0,0,0,0,0,0,0,0,0,0,0,0,0,0,0,0,0,0,0,0,0,342,0,0,0,0,0,0,0
1787688367.259,0,0,0,0,0,0,0,649074039,1425818585600,694828194816,0,0,0,0,0,0,0,0,0,0,0,0,0,0,0,0,0,0,0,0,0,0,0,0,0,0,0,0,0,0,0,0,0,0,0,0,0,0,0,0,0,0,0,0,0,0,0,0,0,0,0,0,0,0,0,0,0,0,0,0,7,1672246,87117239,30099627,0,0,0,0,0,0,0,0,0,0,0,0,0,0,0,0,0,0,0,0,0,0,0,0,0,0,0,0,0,0,0,0,0,0,0,0,0,12883312640,10691756032,786336,652573,30041186,0,0,97,786432,86276725,796294,280,3126378939,12884901888,0,639023106,0,0,0,0,0,0,0,0,0,0,0,0,0,0,0,0,0,0,15588562,115467095,0,468,1204,7863,623,31177390,35,0,0,0,0,0,0,0,1,0,0,0,0,0,0,0,0,0,0,21252948,0,30046540,245318,0,0,0,0,0,0,0,0,16384,0,0,0,0,0,0,0,0,0,0,0,6663,473,0,0,0,0,0,47385112,0,157,0,3,470,6663,0,0,0,0,0,0,0,0,0,0,0,0,0,0,0,0,0,0,0,0,0,0,0,0,0,0,0,0,0,0,0,0,0,0,0,0,0,0,0,0,0,0,0,0,0,0,0,0,0,0,0,0,0,0,215402717,0,0,0,448281506,0,0,0,0,0,0,0,62642513,87338916,246028634,156648380928,58160475,0,0,0,0,0,0,0,0,0,0,0,0,0,0,0,0,0,0,0,0,0,0,0,0,0,0,0,0,0,0,0,638,0,0,0,0,0,0,0
1787688368.336,0,0,0,0,0,0,0,649250534,1426790205952,695100899840,0,0,0,0,0,0,0,0,0,0,0,0,0,0,0,0,0,0,0,0,0,0,0,0,0,0,0,0,0,0,0,0,0,0,0,0,0,0,0,0,0,0,0,0,0,0,0,0,0,0,0,0,0,0,0,0,0,0,0,0,7,1672281,87176667,30113489,0,0,0,0,0,0,0,0,0,0,0,0,0,0,0,0,0,0,0,0,0,0,0,0,0,0,0,0,0,0,0,0,0,0,0,0,0,12883296256,10636804096,786334,649219,30060929,1,0,96,786432,86336078,796294,280,3127250658,12884901888,0,639139669,0,0,0,0,0,0,0,0,0,0,0,0,0,0,0,0,0,0,15593670,115472204,0,468,1204,7863,623,31187608,35,0,0,0,0,0,0,0,1,0,0,0,0,0,0,0,0,0,0,21258826,0,30060403,245429,0,0,0,0,0,0,0,0,16384,0,0,0,0,0,0,0,0,0,0,0,6664,473,0,0,0,0,0,47400646,0,157,0,3,470,6664,0,0,0,0,0,0,0,0,0,0,0,0,0,0,0,0,0,0,0,0,0,0,0,0,0,0,0,0,0,0,0,0,0,0,0,0,0,0,0,0,0,0,0,0,0,0,0,0,0,0,0,0,0,0,215477818,0,0,0,448368001,0,0,0,0,0,0,0,62671539,87398168,246117599,156687923712,58187524,1,1,0,0,0,0,0,0,0,0,0,0,0,0,0,0,0,0,0,0,0,0,0,0,0,0,0,0,0,0,0,948,0,0,0,0,0,0,0
1787688369.414,0,0,0,0,0,0,0,649431393,1427784026624,695309293056,0,0,0,0,0,0,0,0,0,0,0,0,0,0,0,0,0,0,0,0,0,0,0,0,0,0,0,0,0,0,0,0,0,0,0,0,0,0,0,0,0,0,0,0,0,0,0,0,0,0,0,0,0,0,0,0,0,0,0,0,7,1672295,87237448,30123258,0,0,0,0,0,0,0,0,0,0,0,0,0,0,0,0,0,0,0,0,0,0,0,0,0,0,0,0,0,0,0,0,0,0,0,0,0,12883263488,10653679616,786333,650249,30070698,0,0,99,786432,86396782,796294,280,3128147454,12884901888,0,639261482,0,0,0,0,0,0,0,0,0,0,0,0,0,0,0,0,0,0,15598910,115477443,0,468,1204,7863,623,31198093,35,0,0,0,0,0,0,0,1,0,0,0,0,0,0,0,0,0,0,21264868,0,30070172,245507,0,0,0,0,0,0,0,0,16384,0,0,0,0,0,0,0,0,0,0,0,6665,473,0,0,0,0,0,47416582,0,157,0,3,470,6665,0,0,0,0,0,0,0,0,0,0,0,0,0,0,0,0,0,0,0,0,0,0,0,0,0,0,0,0,0,0,0,0,0,0,0,0,0,0,0,0,0,0,0,0,0,0,0,0,0,0,0,0,0,0,215557756,0,0,0,448457802,0,0,0,0,0,0,0,62702072,87458806,246207359,156729547776,58216589,1,0,0,0,0,0,0,0,0,0,0,0,0,0,0,0,0,0,0,0,0,0,0,0,0,0,0,0,0,0,0,177,0,0,0,0,0,0,0
1787688370.492,0,0,0,0,0,0,0,649611339,1428780714496,695517618176,0,0,0,0,0,0,0,0,0,0,0,0,0,0,0,0,0,0,0,0,0,0,0,0,0,0,0,0,0,0,0,0,0,0,0,0,0,0,0,0,0,0,0,0,0,0,0,0,0,0,0,0,0,0,0,0,0,0,0,0,7,1672383,87298424,30133054,0,0,0,0,0,0,0,0,0,0,0,0,0,0,0,0,0,0,0,0,0,0,0,0,0,0,0,0,0,0,0,0,0,0,0,0,0,12883329024,10670981120,786336,651305,30080494,0,0,96,786432,86457689,796294,280,3129036631,12884901888,0,639379674,0,0,0,0,0,0,0,0,0,0,0,0,0,0,0,0,0,0,15604130,115482664,0,468,1204,7863,623,31208527,35,0,0,0,0,0,0,0,1,0,0,0,0,0,0,0,0,0,0,21270880,0,30079968,245585,0,0,0,0,0,0,0,0,16384,0,0,0,0,0,0,0,0,0,0,0,6666,473,0,0,0,0,0,47432477,0,157,0,3,470,6666,0,0,0,0,0,0,0,0,0,0,0,0,0,0,0,0,0,0,0,0,0,0,0,0,0,0,0,0,0,0,0,0,0,0,0,0,0,0,0,0,0,0,0,0,0,0,0,0,0,0,0,0,0,0,215636436,0,0,0,448545990,0,0,0,0,0,0,0,62731860,87519602,246295894,156770612224,58244965,0,0,0,0,0,0,0,0,0,0,0,0,0,0,0,0,0,0,0,0,0,0,0,0,0,0,0,0,0,0,0,597,0,0,0,0,0,0,0
1787688371.570,0,0,0,0,0,0,0,649790415,1429764983296,695726346752,0,0,0,0,0,0,0,0,0,0,0,0,0,0,0,0,0,0,0,0,0,0,0,0,0,0,0,0,0,0,0,0,0,0,0,0,0,0,0,0,0,0,0,0,0,0,0,0,0,0,0,0,0,0,0,0,0,0,0,0,7,1672409,87358638,30142934,0,0,0,0,0,0,0,0,0,0,0,0,0,0,0,0,0,0,0,0,0,0,0,0,0,0,0,0,0,0,0,0,0,0,0,0,0,12883329024,10684661760,786335,652140,30090374,0,0,97,786432,86517818,796294,280,3129920836,12884901888,0,639497407,0,0,0,0,0,0,0,0,0,0,0,0,0,0,0,0,0,0,15609319,115487853,0,468,1204,7863,623,31218903,35,0,0,0,0,0,0,0,1,0,0,0,0,0,0,0,0,0,0,21276852,0,30089848,245665,0,0,0,0,0,0,0,0,16384,0,0,0,0,0,0,0,0,0,0,0,6667,473,0,0,0,0,0,47448241,0,157,0,3,470,6667,0,0,0,0,0,0,0,0,0,0,0,0,0,0,0,0,0,0,0,0,0,0,0,0,0,0,0,0,0,0,0,0,0,0,0,0,0,0,0,0,0,0,0,0,0,0,0,0,0,0,0,0,0,0,215713004,0,0,0,448633828,0,0,0,0,0,0,0,62760535,87579603,246382388,156810638848,58272224,1,0,0,0,0,0,0,0,0,0,0,0,0,0,0,0,0,0,0,0,0,0,0,0,0,0,0,0,0,0,0,955,0,0,0,0,0,0,0
1787688372.646,0,0,0,0,0,0,0,649970704,1430761097728,695935418880,0,0,0,0,0,0,0,0,0,0,0,0,0,0,0,0,0,0,0,0,0,0,0,0,0,0,0,0,0,0,0,0,0,0,0,0,0,0,0,0,0,0,0,0,0,0,0,0,0,0,0,0,0,0,0,0,0,0,0,0,7,1672438,87419556,30152802,0,0,0,0,0,0,0,0,0,0,0,0,0,0,0,0,0,0,0,0,0,0,0,0,0,0,0,0,0,0,0,0,0,0,0,0,0,12883296256,10700439552,786333,653103,30100242,0,0,98,786432,86578663,796294,280,3130815833,12884901888,0,639619265,0,0,0,0,0,0,0,0,0,0,0,0,0,0,0,0,0,0,15614541,115493075,0,468,1204,7863,623,31229347,35,0,0,0,0,0,0,0,1,0,0,0,0,0,0,0,0,0,0,21282867,0,30099716,245745,0,0,0,0,0,0,0,0,16384,0,0,0,0,0,0,0,0,0,0,0,6668,473,0,0,0,0,0,47464135,0,157,0,3,470,6668,0,0,0,0,0,0,0,0,0,0,0,0,0,0,0,0,0,0,0,0,0,0,0,0,0,0,0,0,0,0,0,0,0,0,0,0,0,0,0,0,0,0,0,0,0,0,0,0,0,0,0,0,0,0,215790386,0,0,0,448723379,0,0,0,0,0,0,0,62789710,87640339,246469689,156851108864,58299941,0,0,0,0,0,0,0,0,0,0,0,0,0,0,0,0,0,0,0,0,0,0,0,0,0,0,0,0,0,0,0,148,0,0,0,0,0,0,0
1787688373.724,0,0,0,0,0,0,0,650153253,1431767042560,696144852992,0,0,0,0,0,0,0,0,0,0,0,0,0,0,0,0,0,0,0,0,0,0,0,0,0,0,0,0,0,0,0,0,0,0,0,0,0,0,0,0,0,0,0,0,0,0,0,0,0,0,0,0,0,0,0,0,0,0,0,0,7,1672512,87481104,30162677,0,0,0,0,0,0,0,0,0,0,0,0,0,0,0,0,0,0,0,0,0,0,0,0,0,0,0,0,0,0,0,0,0,0,0,0,0,12883312640,10716135424,786335,654061,30110117,0,0,96,786432,86640146,796294,280,3131717372,12884901888,0,639739284,0,0,0,0,0,0,0,0,0,0,0,0,0,0,0,0,0,0,15619825,115498358,0,468,1204,7863,623,31239923,35,0,0,0,0,0,0,0,1,0,0,0,0,0,0,0,0,0,0,21288950,0,30109591,245825,0,0,0,0,0,0,0,0,16384,0,0,0,0,0,0,0,0,0,0,0,6670,473,0,0,0,0,0,47480195,0,157,0,3,470,6670,0,0,0,0,0,0,0,0,0,0,0,0,0,0,0,0,0,0,0,0,0,0,0,0,0,0,0,0,0,0,0,0,0,0,0,0,0,0,0,0,0,0,0,0,0,0,0,0,0,0,0,0,0,0,215868098,0,0,0,448812828,0,0,0,0,0,0,0,62819648,87701674,246557315,156891858432,58328460,0,1,0,0,0,0,0,0,0,0,0,0,0,0,0,0,0,0,0,0,0,0,0,0,0,0,0,0,0,0,0,580,0,0,0,0,0,0,0
1787688374.804,0,0,0,0,0,0,0,650333467,1432758061568,696355749376,0,0,0,0,0,0,0,0,0,0,0,0,0,0,0,0,0,0,0,0,0,0,0,0,0,0,0,0,0,0,0,0,0,0,0,0,0,0,0,0,0,0,0,0,0,0,0,0,0,0,0,0,0,0,0,0,0,0,0,0,7,1672549,87541706,30172634,0,0,0,0,0,0,0,0,0,0,0,0,0,0,0,0,0,0,0,0,0,0,0,0,0,0,0,0,0,0,0,0,0,0,0,0,0,12883329024,10726932480,786336,654720,30120074,0,0,96,786432,86700686,796294,280,3132607273,12884901888,0,639857500,0,0,0,0,0,0,0,0,0,0,0,0,0,0,0,0,0,0,15625050,115503583,0,468,1204,7863,623,31250365,35,0,0,0,0,0,0,0,1,0,0,0,0,0,0,0,0,0,0,21294963,0,30119548,245905,0,0,0,0,0,0,0,0,16384,0,0,0,0,0,0,0,0,0,0,0,6671,473,0,0,0,0,0,47496092,0,157,0,3,470,6671,0,0,0,0,0,0,0,0,0,0,0,0,0,0,0,0,0,0,0,0,0,0,0,0,0,0,0,0,0,0,0,0,0,0,0,0,0,0,0,0,0,0,0,0,0,0,0,0,0,0,0,0,0,0,215946285,0,0,0,448901182,0,0,0,0,0,0,0,62849618,87762106,246645512,156932768256,58356924,1,0,0,0,0,0,0,0,0,0,0,0,0,0,0,0,0,0,0,0,0,0,0,0,0,0,0,0,0,0,0,995,0,0,0,0,0,0,0
1787688375.878,0,0,0,0,0,0,0,650514235,1433752701440,696565697024,0,0,0,0,0,0,0,0,0,0,0,0,0,0,0,0,0,0,0,0,0,0,0,0,0,0,0,0,0,0,0,0,0,0,0,0,0,0,0,0,0,0,0,0,0,0,0,0,0,0,0,0,0,0,0,0,0,0,0,0,7,1672634,87602535,30182581,0,0,0,0,0,0,0,0,0,0,0,0,0,0,0,0,0,0,0,0,0,0,0,0,0,0,0,0,0,0,0,0,0,0,0,0,0,12883329024,10741170176,786336,655589,30130021,0,0,96,786432,86761437,796294,280,3133503760,12884901888,0,639979547,0,0,0,0,0,0,0,0,0,0,0,0,0,0,0,0,0,0,15630284,115508818,0,468,1204,7863,623,31260835,35,0,0,0,0,0,0,0,1,0,0,0,0,0,0,0,0,0,0,21300998,0,30129495,245985,0,0,0,0,0,0,0,0,16384,0,0,0,0,0,0,0,0,0,0,0,6672,473,0,0,0,0,0,47511970,0,157,0,3,470,6672,0,0,0,0,0,0,0,0,0,0,0,0,0,0,0,0,0,0,0,0,0,0,0,0,0,0,0,0,0,0,0,0,0,0,0,0,0,0,0,0,0,0,0,0,0,0,0,0,0,0,0,0,0,0,216023084,0,0,0,448990917,0,0,0,0,0,0,0,62879110,87822716,246732309,156972884992,58384867,1,0,0,0,0,0,0,0,0,0,0,0,0,0,0,0,0,0,0,0,0,0,0,0,0,0,0,0,0,0,0,184,0,0,0,0,0,0,0
1787688376.958,0,0,0,0,0,0,0,650693438,1434741967360,696777347584,0,0,0,0,0,0,0,0,0,0,0,0,0,0,0,0,0,0,0,0,0,0,0,0,0,0,0,0,0,0,0,0,0,0,0,0,0,0,0,0,0,0,0,0,0,0,0,0,0,0,0,0,0,0,0,0,0,0,0,0,7,1672662,87663054,30192527,0,0,0,0,0,0,0,0,0,0,0,0,0,0,0,0,0,0,0,0,0,0,0,0,0,0,0,0,0,0,0,0,0,0,0,0,0,12883329024,10754392064,786336,656396,30139967,0,0,96,786432,86821891,796294,280,3134389285,12884901888,0,640097147,0,0,0,0,0,0,0,0,0,0,0,0,0,0,0,0,0,0,15635484,115514017,0,468,1204,7863,623,31271234,35,0,0,0,0,0,0,0,1,0,0,0,0,0,0,0,0,0,0,21306979,0,30139441,246065,0,0,0,0,0,0,0,0,16384,0,0,0,0,0,0,0,0,0,0,0,6673,473,0,0,0,0,0,47527750,0,157,0,3,470,6673,0,0,0,0,0,0,0,0,0,0,0,0,0,0,0,0,0,0,0,0,0,0,0,0,0,0,0,0,0,0,0,0,0,0,0,0,0,0,0,0,0,0,0,0,0,0,0,0,0,0,0,0,0,0,216103242,0,0,0,449078824,0,0,0,0,0,0,0,62910373,87883087,246822474,157014816768,58414628,0,1,0,0,0,0,0,0,0,0,0,0,0,0,0,0,0,0,0,0,0,0,0,0,0,0,0,0,0,0,0,567,0,0,0,0,0,0,0
1787688378.030,0,0,0,0,0,0,0,650874010,1435734002176,696989341696,0,0,0,0,0,0,0,0,0,0,0,0,0,0,0,0,0,0,0,0,0,0,0,0,0,0,0,0,0,0,0,0,0,0,0,0,0,0,0,0,0,0,0,0,0,0,0,0,0,0,0,0,0,0,0,0,0,0,0,0,7,1672752,87723736,30202560,0,0,0,0,0,0,0,0,0,0,0,0,0,0,0,0,0,0,0,0,0,0,0,0,0,0,0,0,0,0,0,0,0,0,0,0,0,12883329024,10767613952,786336,657203,30150000,0,0,96,786432,86882513,796294,280,3135281625,12884901888,0,640216164,0,0,0,0,0,0,0,0,0,0,0,0,0,0,0,0,0,0,15640716,115519248,0,468,1204,7863,623,31281697,35,0,0,0,0,0,0,0,1,0,0,0,0,0,0,0,0,0,0,21312988,0,30149474,246145,0,0,0,0,0,0,0,0,16384,0,0,0,0,0,0,0,0,0,0,0,6674,473,0,0,0,0,0,47543657,0,157,0,3,470,6674,0,0,0,0,0,0,0,0,0,0,0,0,0,0,0,0,0,0,0,0,0,0,0,0,0,0,0,0,0,0,0,0,0,0,0,0,0,0,0,0,0,0,0,0,0,0,0,0,0,0,0,0,0,0,216180692,0,0,0,449167360,0,0,0,0,0,0,0,62940487,87943581,246910005,157055495680,58443250,1,0,0,0,0,0,0,0,0,0,0,0,0,0,0,0,0,0,0,0,0,0,0,0,0,0,0,0,0,0,0,978,0,0,0,0,0,0,0
1787688379.109,0,0,0,0,0,0,0,651054335,1436729559552,697201598464,0,0,0,0,0,0,0,0,0,0,0,0,0,0,0,0,0,0,0,0,0,0,0,0,0,0,0,0,0,0,0,0,0,0,0,0,0,0,0,0,0,0,0,0,0,0,0,0,0,0,0,0,0,0,0,0,0,0,0,0,7,1672776,87784633,30212591,0,0,0,0,0,0,0,0,0,0,0,0,0,0,0,0,0,0,0,0,0,0,0,0,0,0,0,0,0,0,0,0,0,0,0,0,0,12883329024,10781147136,786336,658029,30160031,0,0,96,786432,86943337,796294,280,3136175660,12884901888,0,640336876,0,0,0,0,0,0,0,0,0,0,0,0,0,0,0,0,0,0,15645939,115524473,0,468,1204,7863,623,31292148,35,0,0,0,0,0,0,0,1,0,0,0,0,0,0,0,0,0,0,21319014,0,30159505,246225,0,0,0,0,0,0,0,0,16384,0,0,0,0,0,0,0,0,0,0,0,6675,473,0,0,0,0,0,47559540,0,157,0,3,470,6675,0,0,0,0,0,0,0,0,0,0,0,0,0,0,0,0,0,0,0,0,0,0,0,0,0,0,0,0,0,0,0,0,0,0,0,0,0,0,0,0,0,0,0,0,0,0,0,0,0,0,0,0,0,0,216259536,0,0,0,449256963,0,0,0,0,0,0,0,62970589,88004316,246998938,157096708096,58471929,0,0,0,0,0,0,0,0,0,0,0,0,0,0,0,0,0,0,0,0,0,0,0,0,0,0,0,0,0,0,0,178,0,0,0,0,0,0,0
1787688380.188,0,0,0,0,0,0,0,651232564,1437713648128,697439661568,0,0,0,0,0,0,0,0,0,0,0,0,0,0,0,0,0,0,0,0,0,0,0,0,0,0,0,0,0,0,0,0,0,0,0,0,0,0,0,0,0,0,0,0,0,0,0,0,0,0,0,0,0,0,0,0,0,0,0,0,7,1672858,87844820,30224174,0,0,0,0,0,0,0,0,0,0,0,0,0,0,0,0,0,0,0,0,0,0,0,0,0,0,0,0,0,0,0,0,0,0,0,0,0,12868534272,10766385152,785432,657128,30170085,901,0,97,786432,87003472,796294,280,3137055750,12884901888,0,640453366,0,0,0,0,0,0,0,0,0,0,0,0,0,0,0,0,0,0,15651115,115529649,0,468,1204,7863,623,31302496,35,0,0,0,0,0,0,0,1,0,0,0,0,0,0,0,0,0,0,21324968,0,30171069,246319,0,0,0,0,0,0,0,0,16384,0,0,0,0,0,0,0,0,0,0,0,6676,473,0,0,0,0,0,47575276,0,157,0,3,470,6676,0,0,0,0,0,0,0,0,0,0,0,0,0,0,0,0,0,0,0,0,0,0,0,0,0,0,0,0,0,0,0,0,0,0,0,0,0,0,0,0,0,0,0,0,0,0,0,0,0,0,0,0,0,0,216335535,0,0,0,449344494,0,0,0,0,0,0,0,62999784,88064328,247086684,157136465920,58499405,1,1,0,0,0,0,0,0,0,0,0,0,0,0,0,0,0,0,0,0,0,0,0,0,0,0,0,0,0,0,0,536,0,0,0,0,0,0,0
1787688381.263,0,0,0,0,0,0,0,651402773,1438649600512,697715773952,0,0,0,0,0,0,0,0,0,0,0,0,0,0,0,0,0,0,0,0,0,0,0,0,0,0,0,0,0,0,0,0,0,0,0,0,0,0,0,0,0,0,0,0,0,0,0,0,0,0,0,0,0,0,0,0,0,0,0,0,7,1672882,87902040,30238298,0,0,0,0,0,0,0,0,0,0,0,0,0,0,0,0,0,0,0,0,0,0,0,0,0,0,0,0,0,0,0,0,0,0,0,0,0,12883329024,10700800000,786336,653125,30180045,0,0,96,786432,87060616,796294,280,3137896988,12884901888,0,640565503,0,0,0,0,0,0,0,0,0,0,0,0,0,0,0,0,0,0,15656047,115534580,0,468,1204,7863,623,31312361,35,0,0,0,0,0,0,0,1,0,0,0,0,0,0,0,0,0,0,21330649,0,30185152,246431,0,0,0,0,0,0,0,0,16384,0,0,0,0,0,0,0,0,0,0,0,6677,473,0,0,0,0,0,47590270,0,157,0,3,470,6677,0,0,0,0,0,0,0,0,0,0,0,0,0,0,0,0,0,0,0,0,0,0,0,0,0,0,0,0,0,0,0,0,0,0,0,0,0,0,0,0,0,0,0,0,0,0,0,0,0,0,0,0,0,0,216409739,0,0,0,449428200,0,0,0,0,0,0,0,63026146,88121399,247175044,157175280128,58523650,1,0,0,0,0,0,0,0,0,0,0,0,0,0,0,0,0,0,0,0,0,0,0,0,0,0,0,0,0,0,0,670,0,0,0,0,0,0,0
1787688382.337,0,0,0,0,0,0,0,651572260,1439578212864,697991650816,0,0,0,0,0,0,0,0,0,0,0,0,0,0,0,0,0,0,0,0,0,0,0,0,0,0,0,0,0,0,0,0,0,0,0,0,0,0,0,0,0,0,0,0,0,0,0,0,0,0,0,0,0,0,0,0,0,0,0,0,7,1672904,87958839,30252464,0,0,0,0,0,0,0,0,0,0,0,0,0,0,0,0,0,0,0,0,0,0,0,0,0,0,0,0,0,0,0,0,0,0,0,0,0,12883312640,10632658944,786336,648966,30199904,0,0,96,786432,87117355,796294,280,3138734462,12884901888,0,640677351,0,0,0,0,0,0,0,0,0,0,0,0,0,0,0,0,0,0,15660963,115539497,0,468,1204,7863,623,31322193,35,0,0,0,0,0,0,0,1,0,0,0,0,0,0,0,0,0,0,21336312,0,30199378,246545,0,0,0,0,0,0,0,0,16384,0,0,0,0,0,0,0,0,0,0,0,6678,473,0,0,0,0,0,47605207,0,157,0,3,470,6678,0,0,0,0,0,0,0,0,0,0,0,0,0,0,0,0,0,0,0,0,0,0,0,0,0,0,0,0,0,0,0,0,0,0,0,0,0,0,0,0,0,0,0,0,0,0,0,0,0,0,0,0,0,0,216483955,0,0,0,449511613,0,0,0,0,0,0,0,63052742,88178023,247263422,157214006784,58548083,1,0,0,0,0,0,0,0,0,0,0,0,0,0,0,0,0,0,0,0,0,0,0,0,0,0,0,0,0,0,0,789,0,0,0,0,0,0,0
1787688383.412,0,0,0,0,0,0,0,651752713,1440574048768,698201589248,0,0,0,0,0,0,0,0,0,0,0,0,0,0,0,0,0,0,0,0,0,0,0,0,0,0,0,0,0,0,0,0,0,0,0,0,0,0,0,0,0,0,0,0,0,0,0,0,0,0,0,0,0,0,0,0,0,0,0,0,7,1672928,88019765,30262356,0,0,0,0,0,0,0,0,0,0,0,0,0,0,0,0,0,0,0,0,0,0,0,0,0,0,0,0,0,0,0,0,0,0,0,0,0,12883312640,10648174592,786335,649913,30209796,0,0,96,786432,87178212,796294,280,3139626436,12884901888,0,640796100,0,0,0,0,0,0,0,0,0,0,0,0,0,0,0,0,0,0,15666190,115544723,0,468,1204,7863,623,31332648,35,0,0,0,0,0,0,0,1,0,0,0,0,0,0,0,0,0,0,21342335,0,30209270,246625,0,0,0,0,0,0,0,0,16384,0,0,0,0,0,0,0,0,0,0,0,6679,473,0,0,0,0,0,47621136,0,157,0,3,470,6679,0,0,0,0,0,0,0,0,0,0,0,0,0,0,0,0,0,0,0,0,0,0,0,0,0,0,0,0,0,0,0,0,0,0,0,0,0,0,0,0,0,0,0,0,0,0,0,0,0,0,0,0,0,0,216561817,0,0,0,449600058,0,0,0,0,0,0,0,63081965,88238783,247351228,157254924800,58575804,0,0,0,0,0,0,0,0,0,0,0,0,0,0,0,0,0,0,0,0,0,0,0,0,0,0,0,0,0,0,0,1212,0,0,0,0,0,0,0
1787688384.492,0,0,0,0,0,0,0,651932035,1441559792128,698411856384,0,0,0,0,0,0,0,0,0,0,0,0,0,0,0,0,0,0,0,0,0,0,0,0,0,0,0,0,0,0,0,0,0,0,0,0,0,0,0,0,0,0,0,0,0,0,0,0,0,0,0,0,0,0,0,0,0,0,0,0,7,1672964,88080055,30272335,0,0,0,0,0,0,0,0,0,0,0,0,0,0,0,0,0,0,0,0,0,0,0,0,0,0,0,0,0,0,0,0,0,0,0,0,0,12883329024,10661183488,786336,650707,30219775,0,0,96,786432,87238444,796294,280,3140515720,12884901888,0,640917120,0,0,0,0,0,0,0,0,0,0,0,0,0,0,0,0,0,0,15671389,115549923,0,468,1204,7863,623,31343049,35,0,0,0,0,0,0,0,1,0,0,0,0,0,0,0,0,0,0,21348320,0,30219249,246705,0,0,0,0,0,0,0,0,16384,0,0,0,0,0,0,0,0,0,0,0,6680,473,0,0,0,0,0,47636950,0,157,0,3,470,6680,0,0,0,0,0,0,0,0,0,0,0,0,0,0,0,0,0,0,0,0,0,0,0,0,0,0,0,0,0,0,0,0,0,0,0,0,0,0,0,0,0,0,0,0,0,0,0,0,0,0,0,0,0,0,216637759,0,0,0,449689186,0,0,0,0,0,0,0,63110992,88298901,247437204,157294868992,58603330,1,1,0,0,0,0,0,0,0,0,0,0,0,0,0,0,0,0,0,0,0,0,0,0,0,0,0,0,0,0,0,395,0,0,0,0,0,0,0
1787688385.567,0,0,0,0,0,0,0,652112453,1442552842752,698622026752,0,0,0,0,0,0,0,0,0,0,0,0,0,0,0,0,0,0,0,0,0,0,0,0,0,0,0,0,0,0,0,0,0,0,0,0,0,0,0,0,0,0,0,0,0,0,0,0,0,0,0,0,0,0,0,0,0,0,0,0,7,1672993,88140807,30282276,0,0,0,0,0,0,0,0,0,0,0,0,0,0,0,0,0,0,0,0,0,0,0,0,0,0,0,0,0,0,0,0,0,0,0,0,0,12883329024,10674618368,786335,651527,30229716,0,0,97,786432,87299131,796294,280,3141406964,12884901888,0,641035609,0,0,0,0,0,0,0,0,0,0,0,0,0,0,0,0,0,0,15676617,115555151,0,468,1204,7863,623,31353502,35,0,0,0,0,0,0,0,1,0,0,0,0,0,0,0,0,0,0,21354336,0,30229190,246785,0,0,0,0,0,0,0,0,16384,0,0,0,0,0,0,0,0,0,0,0,6681,473,0,0,0,0,0,47652847,0,157,0,3,470,6681,0,0,0,0,0,0,0,0,0,0,0,0,0,0,0,0,0,0,0,0,0,0,0,0,0,0,0,0,0,0,0,0,0,0,0,0,0,0,0,0,0,0,0,0,0,0,0,0,0,0,0,0,0,0,216714961,0,0,0,449777577,0,0,0,0,0,0,0,63140192,88359454,247524389,157335372800,58631002,0,0,0,0,0,0,0,0,0,0,0,0,0,0,0,0,0,0,0,0,0,0,0,0,0,0,0,0,0,0,0,827,0,0,0,0,0,0,0
1787688386.646,0,0,0,0,0,0,0,652293215,1443542305280,698833345024,0,0,0,0,0,0,0,0,0,0,0,0,0,0,0,0,0,0,0,0,0,0,0,0,0,0,0,0,0,0,0,0,0,0,0,0,0,0,0,0,0,0,0,0,0,0,0,0,0,0,0,0,0,0,0,0,0,0,0,0,7,1673024,88201336,30292270,0,0,0,0,0,0,0,0,0,0,0,0,0,0,0,0,0,0,0,0,0,0,0,0,0,0,0,0,0,0,0,0,0,0,0,0,0,12883312640,10689576960,786336,652440,30239710,0,0,96,786432,87359600,796294,280,3142302556,12884901888,0,641157502,0,0,0,0,0,0,0,0,0,0,0,0,0,0,0,0,0,0,15681855,115560389,0,468,1204,7863,623,31363973,35,0,0,0,0,0,0,0,1,0,0,0,0,0,0,0,0,0,0,21360370,0,30239184,246865,0,0,0,0,0,0,0,0,16384,0,0,0,0,0,0,0,0,0,0,0,6682,473,0,0,0,0,0,47668742,0,157,0,3,470,6682,0,0,0,0,0,0,0,0,0,0,0,0,0,0,0,0,0,0,0,0,0,0,0,0,0,0,0,0,0,0,0,0,0,0,0,0,0,0,0,0,0,0,0,0,0,0,0,0,0,0,0,0,0,0,216792658,0,0,0,449867387,0,0,0,0,0,0,0,63169636,88419806,247612131,157376084992,58658931,1,0,0,0,0,0,0,0,0,0,0,0,0,0,0,0,0,0,0,0,0,0,0,0,0,0,0,0,0,0,0,55,0,0,0,0,0,0,0
1787688387.722,0,0,0,0,0,0,0,652473852,1444540566016,699044769280,0,0,0,0,0,0,0,0,0,0,0,0,0,0,0,0,0,0,0,0,0,0,0,0,0,0,0,0,0,0,0,0,0,0,0,0,0,0,0,0,0,0,0,0,0,0,0,0,0,0,0,0,0,0,0,0,0,0,0,0,7,1673049,88262397,30302301,0,0,0,0,0,0,0,0,0,0,0,0,0,0,0,0,0,0,0,0,0,0,0,0,0,0,0,0,0,0,0,0,0,0,0,0,0,12883329024,10702340096,786336,653219,30249741,0,0,96,786432,87420584,796294,280,3143194954,12884901888,0,641276178,0,0,0,0,0,0,0,0,0,0,0,0,0,0,0,0,0,0,15687091,115565624,0,468,1204,7863,623,31374449,35,0,0,0,0,0,0,0,1,0,0,0,0,0,0,0,0,0,0,21366394,0,30249215,246945,0,0,0,0,0,0,0,0,16384,0,0,0,0,0,0,0,0,0,0,0,6684,473,0,0,0,0,0,47684661,0,157,0,3,470,6684,0,0,0,0,0,0,0,0,0,0,0,0,0,0,0,0,0,0,0,0,0,0,0,0,0,0,0,0,0,0,0,0,0,0,0,0,0,0,0,0,0,0,0,0,0,0,0,0,0,0,0,0,0,0,216869560,0,0,0,449955970,0,0,0,0,0,0,0,63199264,88480671,247699113,157416327680,58687105,1,1,0,0,0,0,0,0,0,0,0,0,0,0,0,0,0,0,0,0,0,0,0,0,0,0,0,0,0,0,0,467,0,0,0,0,0,0,0
1787688388.802,0,0,0,0,0,0,0,652654733,1445539203584,699256316928,0,0,0,0,0,0,0,0,0,0,0,0,0,0,0,0,0,0,0,0,0,0,0,0,0,0,0,0,0,0,0,0,0,0,0,0,0,0,0,0,0,0,0,0,0,0,0,0,0,0,0,0,0,0,0,0,0,0,0,0,7,1673067,88323496,30312350,0,0,0,0,0,0,0,0,0,0,0,0,0,0,0,0,0,0,0,0,0,0,0,0,0,0,0,0,0,0,0,0,0,0,0,0,0,12883312640,10716446720,786334,654080,30259790,0,0,97,786432,87481613,796294,280,3144088687,12884901888,0,641394972,0,0,0,0,0,0,0,0,0,0,0,0,0,0,0,0,0,0,15692341,115570875,0,468,1204,7863,623,31384946,35,0,0,0,0,0,0,0,1,0,0,0,0,0,0,0,0,0,0,21372430,0,30259264,247025,0,0,0,0,0,0,0,0,16384,0,0,0,0,0,0,0,0,0,0,0,6685,473,0,0,0,0,0,47700634,0,157,0,3,470,6685,0,0,0,0,0,0,0,0,0,0,0,0,0,0,0,0,0,0,0,0,0,0,0,0,0,0,0,0,0,0,0,0,0,0,0,0,0,0,0,0,0,0,0,0,0,0,0,0,0,0,0,0,0,0,216946484,0,0,0,450044648,0,0,0,0,0,0,0,63229027,88541592,247786144,157456463872,58715333,1,0,0,0,0,0,0,0,0,0,0,0,0,0,0,0,0,0,0,0,0,0,0,0,0,0,0,0,0,0,0,897,0,0,0,0,0,0,0
1787688389.875,0,0,0,0,0,0,0,652834790,1446530468352,699468191744,0,0,0,0,0,0,0,0,0,0,0,0,0,0,0,0,0,0,0,0,0,0,0,0,0,0,0,0,0,0,0,0,0,0,0,0,0,0,0,0,0,0,0,0,0,0,0,0,0,0,0,0,0,0,0,0,0,0,0,0,7,1673092,88384137,30322423,0,0,0,0,0,0,0,0,0,0,0,0,0,0,0,0,0,0,0,0,0,0,0,0,0,0,0,0,0,0,0,0,0,0,0,0,0,12883329024,10728341504,786336,654806,30269863,0,0,96,786432,87542182,796294,280,3144981299,12884901888,0,641515736,0,0,0,0,0,0,0,0,0,0,0,0,0,0,0,0,0,0,15697559,115576091,0,468,1204,7863,623,31395383,35,0,0,0,0,0,0,0,1,0,0,0,0,0,0,0,0,0,0,21378439,0,30269337,247105,0,0,0,0,0,0,0,0,16384,0,0,0,0,0,0,0,0,0,0,0,6686,473,0,0,0,0,0,47716500,0,157,0,3,470,6686,0,0,0,0,0,0,0,0,0,0,0,0,0,0,0,0,0,0,0,0,0,0,0,0,0,0,0,0,0,0,0,0,0,0,0,0,0,0,0,0,0,0,0,0,0,0,0,0,0,0,0,0,0,0,217023149,0,0,0,450134120,0,0,0,0,0,0,0,63258517,88602070,247872939,157496444416,58743315,1,0,0,0,0,0,0,0,0,0,0,0,0,0,0,0,0,0,0,0,0,0,0,0,0,0,0,0,0,0,0,91,0,0,0,0,0,0,0
1787688390.952,0,0,0,0,0,0,0,653015872,1447526517248,699680200704,0,0,0,0,0,0,0,0,0,0,0,0,0,0,0,0,0,0,0,0,0,0,0,0,0,0,0,0,0,0,0,0,0,0,0,0,0,0,0,0,0,0,0,0,0,0,0,0,0,0,0,0,0,0,0,0,0,0,0,0,7,1673118,88445050,30332517,0,0,0,0,0,0,0,0,0,0,0,0,0,0,0,0,0,0,0,0,0,0,0,0,0,0,0,0,0,0,0,0,0,0,0,0,0,12883312640,10741661696,786335,655619,30279957,0,0,97,786432,87603031,796294,280,3145875991,12884901888,0,641634871,0,0,0,0,0,0,0,0,0,0,0,0,0,0,0,0,0,0,15702801,115581335,0,468,1204,7863,623,31405870,35,0,0,0,0,0,0,0,1,0,0,0,0,0,0,0,0,0,0,21384472,0,30279431,247185,0,0,0,0,0,0,0,0,16384,0,0,0,0,0,0,0,0,0,0,0,6687,473,0,0,0,0,0,47732430,0,157,0,3,470,6687,0,0,0,0,0,0,0,0,0,0,0,0,0,0,0,0,0,0,0,0,0,0,0,0,0,0,0,0,0,0,0,0,0,0,0,0,0,0,0,0,0,0,0,0,0,0,0,0,0,0,0,0,0,0,217099607,0,0,0,450222828,0,0,0,0,0,0,0,63288000,88662824,247959552,157536306688,58771314,0,0,0,0,0,0,0,0,0,0,0,0,0,0,0,0,0,0,0,0,0,0,0,0,0,0,0,0,0,0,0,526,0,0,0,0,0,0,0
1787688392.034,0,0,0,0,0,0,0,653196316,1448517913088,699893865984,0,0,0,0,0,0,0,0,0,0,0,0,0,0,0,0,0,0,0,0,0,0,0,0,0,0,0,0,0,0,0,0,0,0,0,0,0,0,0,0,0,0,0,0,0,0,0,0,0,0,0,0,0,0,0,0,0,0,0,0,7,1673144,88505695,30342663,0,0,0,0,0,0,0,0,0,0,0,0,0,0,0,0,0,0,0,0,0,0,0,0,0,0,0,0,0,0,0,0,0,0,0,0,0,12883312640,10753998848,786335,656372,30290103,1,0,96,786432,87663613,796294,280,3146766857,12884901888,0,641753273,0,0,0,0,0,0,0,0,0,0,0,0,0,0,0,0,0,0,15708033,115586567,0,468,1204,7863,623,31416330,35,0,0,0,0,0,0,0,1,0,0,0,0,0,0,0,0,0,0,21390487,0,30289577,247267,0,0,0,0,0,0,0,0,16384,0,0,0,0,0,0,0,0,0,0,0,6688,473,0,0,0,0,0,47748324,0,157,0,3,470,6688,0,0,0,0,0,0,0,0,0,0,0,0,0,0,0,0,0,0,0,0,0,0,0,0,0,0,0,0,0,0,0,0,0,0,0,0,0,0,0,0,0,0,0,0,0,0,0,0,0,0,0,0,0,0,217177091,0,0,0,450311275,0,0,0,0,0,0,0,63317276,88723302,248047222,157576920064,58799079,1,0,0,0,0,0,0,0,0,0,0,0,0,0,0,0,0,0,0,0,0,0,0,0,0,0,0,0,0,0,0,941,0,0,0,0,0,0,0
1787688393.112,0,0,0,0,0,0,0,653374452,1449504541184,700107636224,0,0,0,0,0,0,0,0,0,0,0,0,0,0,0,0,0,0,0,0,0,0,0,0,0,0,0,0,0,0,0,0,0,0,0,0,0,0,0,0,0,0,0,0,0,0,0,0,0,0,0,0,0,0,0,0,0,0,0,0,7,1673169,88566048,30352841,0,0,0,0,0,0,0,0,0,0,0,0,0,0,0,0,0,0,0,0,0,0,0,0,0,0,0,0,0,0,0,0,0,0,0,0,0,12883329024,10765811712,786336,657093,30300281,0,0,96,786432,87723900,796294,280,3147651438,12884901888,0,641873686,0,0,0,0,0,0,0,0,0,0,0,0,0,0,0,0,0,0,15713197,115591729,0,468,1204,7863,623,31426658,35,0,0,0,0,0,0,0,1,0,0,0,0,0,0,0,0,0,0,21396443,0,30299755,247349,0,0,0,0,0,0,0,0,16384,0,0,0,0,0,0,0,0,0,0,0,6689,473,0,0,0,0,0,47764050,0,157,0,3,470,6689,0,0,0,0,0,0,0,0,0,0,0,0,0,0,0,0,0,0,0,0,0,0,0,0,0,0,0,0,0,0,0,0,0,0,0,0,0,0,0,0,0,0,0,0,0,0,0,0,0,0,0,0,0,0,217253973,0,0,0,450399821,0,0,0,0,0,0,0,63346106,88783468,248134345,157617109504,58826405,0,0,0,0,0,0,0,0,0,0,0,0,0,0,0,0,0,0,0,0,0,0,0,0,0,0,0,0,0,0,0,82,0,0,0,0,0,0,0
1787688394.185,0,0,0,0,0,0,0,653551745,1450483993088,700342952448,0,0,0,0,0,0,0,0,0,0,0,0,0,0,0,0,0,0,0,0,0,0,0,0,0,0,0,0,0,0,0,0,0,0,0,0,0,0,0,0,0,0,0,0,0,0,0,0,0,0,0,0,0,0,0,0,0,0,0,0,7,1673189,88625960,30364406,0,0,0,0,0,0,0,0,0,0,0,0,0,0,0,0,0,0,0,0,0,0,0,0,0,0,0,0,0,0,0,0,0,0,0,0,0,12866633728,10754654208,785317,656412,30310518,1018,0,97,786432,87783761,796294,280,3148527361,12884901888,0,641990125,0,0,0,0,0,0,0,0,0,0,0,0,0,0,0,0,0,0,15718331,115596865,0,468,1204,7863,623,31436929,35,0,0,0,0,0,0,0,1,0,0,0,0,0,0,0,0,0,0,21402357,0,30311272,247442,0,0,0,0,0,0,0,0,16384,0,0,0,0,0,0,0,0,0,0,0,6690,473,0,0,0,0,0,47779675,0,157,0,3,470,6690,0,0,0,0,0,0,0,0,0,0,0,0,0,0,0,0,0,0,0,0,0,0,0,0,0,0,0,0,0,0,0,0,0,0,0,0,0,0,0,0,0,0,0,0,0,0,0,0,0,0,0,0,0,0,217328643,0,0,0,450486763,0,0,0,0,0,0,0,63374976,88843223,248220642,157656223232,58853599,0,0,0,0,0,0,0,0,0,0,0,0,0,0,0,0,0,0,0,0,0,0,0,0,0,0,0,0,0,0,0,435,0,0,0,0,0,0,0
1787688395.258,0,0,0,0,0,0,0,653727212,1451452353024,700623224320,0,0,0,0,0,0,0,0,0,0,0,0,0,0,0,0,0,0,0,0,0,0,0,0,0,0,0,0,0,0,0,0,0,0,0,0,0,0,0,0,0,0,0,0,0,0,0,0,0,0,0,0,0,0,0,0,0,0,0,0,7,1673274,88685186,30378687,0,0,0,0,0,0,0,0,0,0,0,0,0,0,0,0,0,0,0,0,0,0,0,0,0,0,0,0,0,0,0,0,0,0,0,0,0,12883329024,10696933376,786336,652889,30320746,0,0,96,786432,87842931,796294,280,3149394222,12884901888,0,642105305,0,0,0,0,0,0,0,0,0,0,0,0,0,0,0,0,0,0,15723421,115601955,0,468,1204,7863,623,31447112,35,0,0,0,0,0,0,0,1,0,0,0,0,0,0,0,0,0,0,21408217,0,30325586,247556,0,0,0,0,0,0,0,0,16384,0,0,0,0,0,0,0,0,0,0,0,6691,473,0,0,0,0,0,47795124,0,157,0,3,470,6691,0,0,0,0,0,0,0,0,0,0,0,0,0,0,0,0,0,0,0,0,0,0,0,0,0,0,0,0,0,0,0,0,0,0,0,0,0,0,0,0,0,0,0,0,0,0,0,0,0,0,0,0,0,0,217403978,0,0,0,450573036,0,0,0,0,0,0,0,63404098,88902300,248310356,157695692800,58880682,1,0,0,0,0,0,0,0,0,0,0,0,0,0,0,0,0,0,0,0,0,0,0,0,0,0,0,0,0,0,0,706,0,0,0,0,0,0,0
1787688396.337,0,0,0,0,0,0,0,653903974,1452427692544,700915793920,0,0,0,0,0,0,0,0,0,0,0,0,0,0,0,0,0,0,0,0,0,0,0,0,0,0,0,0,0,0,0,0,0,0,0,0,0,0,0,0,0,0,0,0,0,0,0,0,0,0,0,0,0,0,0,0,0,0,0,0,7,1673295,88744848,30393647,0,0,0,0,0,0,0,0,0,0,0,0,0,0,0,0,0,0,0,0,0,0,0,0,0,0,0,0,0,0,0,0,0,0,0,0,0,12883312640,10630086656,786336,648809,30341087,0,0,96,786432,87902536,796294,280,3150267671,12884901888,0,642221630,0,0,0,0,0,0,0,0,0,0,0,0,0,0,0,0,0,0,15728543,115607076,0,468,1204,7863,623,31457354,35,0,0,0,0,0,0,0,1,0,0,0,0,0,0,0,0,0,0,21414113,0,30340561,247677,0,0,0,0,0,0,0,0,16384,0,0,0,0,0,0,0,0,0,0,0,6692,473,0,0,0,0,0,47810708,0,157,0,3,470,6692,0,0,0,0,0,0,0,0,0,0,0,0,0,0,0,0,0,0,0,0,0,0,0,0,0,0,0,0,0,0,0,0,0,0,0,0,0,0,0,0,0,0,0,0,0,0,0,0,0,0,0,0,0,0,217482982,0,0,0,450659750,0,0,0,0,0,0,0,63435150,88961826,248404352,157736871424,58909442,0,1,0,0,0,0,0,0,0,0,0,0,0,0,0,0,0,0,0,0,0,0,0,0,0,0,0,0,0,0,0,991,0,0,0,0,0,0,0
1787688397.413,0,0,0,0,0,0,0,654084705,1453421709824,701131361280,0,0,0,0,0,0,0,0,0,0,0,0,0,0,0,0,0,0,0,0,0,0,0,0,0,0,0,0,0,0,0,0,0,0,0,0,0,0,0,0,0,0,0,0,0,0,0,0,0,0,0,0,0,0,0,0,0,0,0,0,7,1673326,88805644,30403808,0,0,0,0,0,0,0,0,0,0,0,0,0,0,0,0,0,0,0,0,0,0,0,0,0,0,0,0,0,0,0,0,0,0,0,0,0,12883296256,10645995520,786336,649780,30351248,0,0,96,786432,87963256,796294,280,3151164226,12884901888,0,642343363,0,0,0,0,0,0,0,0,0,0,0,0,0,0,0,0,0,0,15733781,115612313,0,468,1204,7863,623,31467827,35,0,0,0,0,0,0,0,1,0,0,0,0,0,0,0,0,0,0,21420137,0,30350722,247759,0,0,0,0,0,0,0,0,16384,0,0,0,0,0,0,0,0,0,0,0,6693,473,0,0,0,0,0,47826651,0,157,0,3,470,6693,0,0,0,0,0,0,0,0,0,0,0,0,0,0,0,0,0,0,0,0,0,0,0,0,0,0,0,0,0,0,0,0,0,0,0,0,0,0,0,0,0,0,0,0,0,0,0,0,0,0,0,0,0,0,217563736,0,0,0,450749477,0,0,0,0,0,0,0,63466624,89022476,248495336,157779108864,58939424,0,0,0,0,0,0,0,0,0,0,0,0,0,0,0,0,0,0,0,0,0,0,0,0,0,0,0,0,0,0,0,202,0,0,0,0,0,0,0
1787688398.493,0,0,0,0,0,0,0,654263398,1454408976896,701346934784,0,0,0,0,0,0,0,0,0,0,0,0,0,0,0,0,0,0,0,0,0,0,0,0,0,0,0,0,0,0,0,0,0,0,0,0,0,0,0,0,0,0,0,0,0,0,0,0,0,0,0,0,0,0,0,0,0,0,0,0,7,1673347,88866041,30413996,0,0,0,0,0,0,0,0,0,0,0,0,0,0,0,0,0,0,0,0,0,0,0,0,0,0,0,0,0,0,0,0,0,0,0,0,0,12883329024,10659627008,786336,650612,30361436,0,0,97,786432,88023588,796294,280,3152046843,12884901888,0,642460514,0,0,0,0,0,0,0,0,0,0,0,0,0,0,0,0,0,0,15738964,115617497,0,468,1204,7863,623,31478191,35,0,0,0,0,0,0,0,1,0,0,0,0,0,0,0,0,0,0,21426105,0,30360910,247841,0,0,0,0,0,0,0,0,16384,0,0,0,0,0,0,0,0,0,0,0,6694,473,0,0,0,0,0,47842374,0,157,0,3,470,6694,0,0,0,0,0,0,0,0,0,0,0,0,0,0,0,0,0,0,0,0,0,0,0,0,0,0,0,0,0,0,0,0,0,0,0,0,0,0,0,0,0,0,0,0,0,0,0,0,0,0,0,0,0,0,217644026,0,0,0,450837073,0,0,0,0,0,0,0,63497925,89082746,248585867,157821025792,58969194,0,0,0,0,0,0,0,0,0,0,0,0,0,0,0,0,0,0,0,0,0,0,0,0,0,0,0,0,0,0,0,607,0,0,0,0,0,0,0
1787688399.565,0,0,0,0,0,0,0,654443026,1455397177856,701563282432,0,0,0,0,0,0,0,0,0,0,0,0,0,0,0,0,0,0,0,0,0,0,0,0,0,0,0,0,0,0,0,0,0,0,0,0,0,0,0,0,0,0,0,0,0,0,0,0,0,0,0,0,0,0,0,0,0,0,0,0,7,1673380,88926491,30424183,0,0,0,0,0,0,0,0,0,0,0,0,0,0,0,0,0,0,0,0,0,0,0,0,0,0,0,0,0,0,0,0,0,0,0,0,0,12883329024,10674225152,786336,651503,30371623,0,0,97,786432,88083983,796294,280,3152934869,12884901888,0,642578809,0,0,0,0,0,0,0,0,0,0,0,0,0,0,0,0,0,0,15744169,115622703,0,468,1204,7863,623,31488603,35,0,0,0,0,0,0,0,1,0,0,0,0,0,0,0,0,0,0,21432096,0,30371097,247923,0,0,0,0,0,0,0,0,16384,0,0,0,0,0,0,0,0,0,0,0,6695,473,0,0,0,0,0,47858222,0,157,0,3,470,6695,0,0,0,0,0,0,0,0,0,0,0,0,0,0,0,0,0,0,0,0,0,0,0,0,0,0,0,0,0,0,0,0,0,0,0,0,0,0,0,0,0,0,0,0,0,0,0,0,0,0,0,0,0,0,217725315,0,0,0,450925140,0,0,0,0,0,0,0,63529070,89143044,248677397,157863610368,58998832,1,0,0,0,0,0,0,0,0,0,0,0,0,0,0,0,0,0,0,0,0,0,0,0,0,0,0,0,0,0,0,1003,0,0,0,0,0,0,0
1787688400.645,0,0,0,0,0,0,0,654622782,1456387525120,701778778112,0,0,0,0,0,0,0,0,0,0,0,0,0,0,0,0,0,0,0,0,0,0,0,0,0,0,0,0,0,0,0,0,0,0,0,0,0,0,0,0,0,0,0,0,0,0,0,0,0,0,0,0,0,0,0,0,0,0,0,0,7,1673405,88987072,30434357,0,0,0,0,0,0,0,0,0,0,0,0,0,0,0,0,0,0,0,0,0,0,0,0,0,0,0,0,0,0,0,0,0,0,0,0,0,12883329024,10690527232,786336,652498,30381797,0,0,96,786432,88144497,796294,280,3153825870,12884901888,0,642699555,0,0,0,0,0,0,0,0,0,0,0,0,0,0,0,0,0,0,15749376,115627910,0,468,1204,7863,623,31499018,35,0,0,0,0,0,0,0,1,0,0,0,0,0,0,0,0,0,0,21438096,0,30381271,248005,0,0,0,0,0,0,0,0,16384,0,0,0,0,0,0,0,0,0,0,0,6696,473,0,0,0,0,0,47874084,0,157,0,3,470,6696,0,0,0,0,0,0,0,0,0,0,0,0,0,0,0,0,0,0,0,0,0,0,0,0,0,0,0,0,0,0,0,0,0,0,0,0,0,0,0,0,0,0,0,0,0,0,0,0,0,0,0,0,0,0,217805810,0,0,0,451014452,0,0,0,0,0,0,0,63560095,89203484,248768126,157905560576,59028390,1,1,0,0,0,0,0,0,0,0,0,0,0,0,0,0,0,0,0,0,0,0,0,0,0,0,0,0,0,0,0,187,0,0,0,0,0,0,0
1787688401.723,0,0,0,0,0,0,0,654802586,1457380133376,701993519616,0,0,0,0,0,0,0,0,0,0,0,0,0,0,0,0,0,0,0,0,0,0,0,0,0,0,0,0,0,0,0,0,0,0,0,0,0,0,0,0,0,0,0,0,0,0,0,0,0,0,0,0,0,0,0,0,0,0,0,0,7,1673454,89047779,30444479,0,0,0,0,0,0,0,0,0,0,0,0,0,0,0,0,0,0,0,0,0,0,0,0,0,0,0,0,0,0,0,0,0,0,0,0,0,12883329024,10708123648,786336,653572,30391919,0,0,97,786432,88205136,796294,280,3154714511,12884901888,0,642818222,0,0,0,0,0,0,0,0,0,0,0,0,0,0,0,0,0,0,15754586,115633120,0,468,1204,7863,623,31509438,35,0,0,0,0,0,0,0,1,0,0,0,0,0,0,0,0,0,0,21444099,0,30391393,248087,0,0,0,0,0,0,0,0,16384,0,0,0,0,0,0,0,0,0,0,0,6698,473,0,0,0,0,0,47889913,0,157,0,3,470,6698,0,0,0,0,0,0,0,0,0,0,0,0,0,0,0,0,0,0,0,0,0,0,0,0,0,0,0,0,0,0,0,0,0,0,0,0,0,0,0,0,0,0,0,0,0,0,0,0,0,0,0,0,0,0,217885547,0,0,0,451102564,0,0,0,0,0,0,0,63591015,89264020,248858038,157947518464,59057817,1,0,0,0,0,0,0,0,0,0,0,0,0,0,0,0,0,0,0,0,0,0,0,0,0,0,0,0,0,0,0,611,0,0,0,0,0,0,0
1787688402.801,0,0,0,0,0,0,0,654982699,1458370087424,702209236992,0,0,0,0,0,0,0,0,0,0,0,0,0,0,0,0,0,0,0,0,0,0,0,0,0,0,0,0,0,0,0,0,0,0,0,0,0,0,0,0,0,0,0,0,0,0,0,0,0,0,0,0,0,0,0,0,0,0,0,0,7,1673527,89108340,30454664,0,0,0,0,0,0,0,0,0,0,0,0,0,0,0,0,0,0,0,0,0,0,0,0,0,0,0,0,0,0,0,0,0,0,0,0,0,12883312640,10724638720,786336,654580,30402104,0,0,96,786432,88265621,796294,280,3155603537,12884901888,0,642935703,0,0,0,0,0,0,0,0,0,0,0,0,0,0,0,0,0,0,15759807,115638341,0,468,1204,7863,623,31519884,35,0,0,0,0,0,0,0,1,0,0,0,0,0,0,0,0,0,0,21450109,0,30401578,248169,0,0,0,0,0,0,0,0,16384,0,0,0,0,0,0,0,0,0,0,0,6699,473,0,0,0,0,0,47905772,0,157,0,3,470,6699,0,0,0,0,0,0,0,0,0,0,0,0,0,0,0,0,0,0,0,0,0,0,0,0,0,0,0,0,0,0,0,0,0,0,0,0,0,0,0,0,0,0,0,0,0,0,0,0,0,0,0,0,0,0,217966063,0,0,0,451190963,0,0,0,0,0,0,0,63622316,89324428,248948790,157989552128,59087562,0,0,0,0,0,0,0,0,0,0,0,0,0,0,0,0,0,0,0,0,0,0,0,0,0,0,0,0,0,0,0,1016,0,0,0,0,0,0,0
1787688403.877,0,0,0,0,0,0,0,655164778,1459374639616,702425038848,0,0,0,0,0,0,0,0,0,0,0,0,0,0,0,0,0,0,0,0,0,0,0,0,0,0,0,0,0,0,0,0,0,0,0,0,0,0,0,0,0,0,0,0,0,0,0,0,0,0,0,0,0,0,0,0,0,0,0,0,7,1673545,89169792,30464771,0,0,0,0,0,0,0,0,0,0,0,0,0,0,0,0,0,0,0,0,0,0,0,0,0,0,0,0,0,0,0,0,0,0,0,0,0,12883329024,10744446976,786336,655789,30412211,0,0,96,786432,88327010,796294,280,3156506638,12884901888,0,643058065,0,0,0,0,0,0,0,0,0,0,0,0,0,0,0,0,0,0,15765088,115643621,0,468,1204,7863,623,31530444,35,0,0,0,0,0,0,0,1,0,0,0,0,0,0,0,0,0,0,21456196,0,30411685,248251,0,0,0,0,0,0,0,0,16384,0,0,0,0,0,0,0,0,0,0,0,6700,473,0,0,0,0,0,47921818,0,157,0,3,470,6700,0,0,0,0,0,0,0,0,0,0,0,0,0,0,0,0,0,0,0,0,0,0,0,0,0,0,0,0,0,0,0,0,0,0,0,0,0,0,0,0,0,0,0,0,0,0,0,0,0,0,0,0,0,0,218049401,0,0,0,451281358,0,0,0,0,0,0,0,63654185,89385756,249042307,158032874496,59117939,0,0,0,0,0,0,0,0,0,0,0,0,0,0,0,0,0,0,0,0,0,0,0,0,0,0,0,0,0,0,0,291,0,0,0,0,0,0,0
1787688404.957,0,0,0,0,0,0,0,655345708,1460373654016,702639975936,0,0,0,0,0,0,0,0,0,0,0,0,0,0,0,0,0,0,0,0,0,0,0,0,0,0,0,0,0,0,0,0,0,0,0,0,0,0,0,0,0,0,0,0,0,0,0,0,0,0,0,0,0,0,0,0,0,0,0,0,7,1673574,89230925,30474905,0,0,0,0,0,0,0,0,0,0,0,0,0,0,0,0,0,0,0,0,0,0,0,0,0,0,0,0,0,0,0,0,0,0,0,0,0,12883329024,10762092544,786336,656866,30422345,0,0,96,786432,88388077,796294,280,3157400377,12884901888,0,643176871,0,0,0,0,0,0,0,0,0,0,0,0,0,0,0,0,0,0,15770331,115648864,0,468,1204,7863,623,31540929,35,0,0,0,0,0,0,0,1,0,0,0,0,0,0,0,0,0,0,21462231,0,30421819,248333,0,0,0,0,0,0,0,0,16384,0,0,0,0,0,0,0,0,0,0,0,6701,473,0,0,0,0,0,47937744,0,157,0,3,470,6701,0,0,0,0,0,0,0,0,0,0,0,0,0,0,0,0,0,0,0,0,0,0,0,0,0,0,0,0,0,0,0,0,0,0,0,0,0,0,0,0,0,0,0,0,0,0,0,0,0,0,0,0,0,0,218129994,0,0,0,451370048,0,0,0,0,0,0,0,63685673,89446760,249133086,158074919936,59147927,0,0,0,0,0,0,0,0,0,0,0,0,0,0,0,0,0,0,0,0,0,0,0,0,0,0,0,0,0,0,0,707,0,0,0,0,0,0,0
1787688406.037,0,0,0,0,0,0,0,655526382,1461368048128,702854350848,0,0,0,0,0,0,0,0,0,0,0,0,0,0,0,0,0,0,0,0,0,0,0,0,0,0,0,0,0,0,0,0,0,0,0,0,0,0,0,0,0,0,0,0,0,0,0,0,0,0,0,0,0,0,0,0,0,0,0,0,7,1673601,89291746,30485011,0,0,0,0,0,0,0,0,0,0,0,0,0,0,0,0,0,0,0,0,0,0,0,0,0,0,0,0,0,0,0,0,0,0,0,0,0,12883296256,10778705920,786334,657880,30432451,0,0,98,786432,88448831,796294,280,3158292768,12884901888,0,643295443,0,0,0,0,0,0,0,0,0,0,0,0,0,0,0,0,0,0,15775570,115654101,0,468,1204,7863,623,31551403,35,0,0,0,0,0,0,0,1,0,0,0,0,0,0,0,0,0,0,21468255,0,30431925,248413,0,0,0,0,0,0,0,0,16384,0,0,0,0,0,0,0,0,0,0,0,6702,473,0,0,0,0,0,47953646,0,157,0,3,470,6702,0,0,0,0,0,0,0,0,0,0,0,0,0,0,0,0,0,0,0,0,0,0,0,0,0,0,0,0,0,0,0,0,0,0,0,0,0,0,0,0,0,0,0,0,0,0,0,0,0,0,0,0,0,0,218210566,0,0,0,451458615,0,0,0,0,0,0,0,63717307,89507445,249223823,158116986880,59178043,1,0,0,0,0,0,0,0,0,0,0,0,0,0,0,0,0,0,0,0,0,0,0,0,0,0,0,0,0,0,0,1103,0,0,0,0,0,0,0
1787688407.116,0,0,0,0,0,0,0,655706103,1462357150208,703068476928,0,0,0,0,0,0,0,0,0,0,0,0,0,0,0,0,0,0,0,0,0,0,0,0,0,0,0,0,0,0,0,0,0,0,0,0,0,0,0,0,0,0,0,0,0,0,0,0,0,0,0,0,0,0,0,0,0,0,0,0,7,1673642,89352274,30495082,0,0,0,0,0,0,0,0,0,0,0,0,0,0,0,0,0,0,0,0,0,0,0,0,0,0,0,0,0,0,0,0,0,0,0,0,0,12883312640,10795040768,786335,658877,30442522,0,0,97,786432,88509287,796294,280,3159183962,12884901888,0,643416506,0,0,0,0,0,0,0,0,0,0,0,0,0,0,0,0,0,0,15780780,115659314,0,468,1204,7863,623,31561826,35,0,0,0,0,0,0,0,1,0,0,0,0,0,0,0,0,0,0,21474271,0,30441996,248493,0,0,0,0,0,0,0,0,16384,0,0,0,0,0,0,0,0,0,0,0,6703,473,0,0,0,0,0,47969494,0,157,0,3,470,6703,0,0,0,0,0,0,0,0,0,0,0,0,0,0,0,0,0,0,0,0,0,0,0,0,0,0,0,0,0,0,0,0,0,0,0,0,0,0,0,0,0,0,0,0,0,0,0,0,0,0,0,0,0,0,218291516,0,0,0,451547890,0,0,0,0,0,0,0,63748671,89567806,249314893,158159268864,59207911,1,1,0,0,0,0,0,0,0,0,0,0,0,0,0,0,0,0,0,0,0,0,0,0,0,0,0,0,0,0,0,316,0,0,0,0,0,0,0
1787688408.189,0,0,0,0,0,0,0,655881950,1463328803328,703310694400,0,0,0,0,0,0,0,0,0,0,0,0,0,0,0,0,0,0,0,0,0,0,0,0,0,0,0,0,0,0,0,0,0,0,0,0,0,0,0,0,0,0,0,0,0,0,0,0,0,0,0,0,0,0,0,0,0,0,0,0,7,1673723,89411704,30506919,0,0,0,0,0,0,0,0,0,0,0,0,0,0,0,0,0,0,0,0,0,0,0,0,0,0,0,0,0,0,0,0,0,0,0,0,0,12868763648,10780196864,785447,657971,30452637,889,0,96,786432,88568656,796294,280,3160053179,12884901888,0,643532551,0,0,0,0,0,0,0,0,0,0,0,0,0,0,0,0,0,0,15785870,115664404,0,468,1204,7863,623,31572007,35,0,0,0,0,0,0,0,1,0,0,0,0,0,0,0,0,0,0,21480132,0,30453766,248589,0,0,0,0,0,0,0,0,16384,0,0,0,0,0,0,0,0,0,0,0,6704,473,0,0,0,0,0,47984962,0,157,0,3,470,6704,0,0,0,0,0,0,0,0,0,0,0,0,0,0,0,0,0,0,0,0,0,0,0,0,0,0,0,0,0,0,0,0,0,0,0,0,0,0,0,0,0,0,0,0,0,0,0,0,0,0,0,0,0,0,218370253,0,0,0,451634173,0,0,0,0,0,0,0,63778186,89627104,249405567,158200494592,59235676,1,0,0,0,0,0,0,0,0,0,0,0,0,0,0,0,0,0,0,0,0,0,0,0,0,0,0,0,0,0,0,601,0,0,0,0,0,0,0
1787688409.268,0,0,0,0,0,0,0,656049428,1464254335488,703586932224,0,0,0,0,0,0,0,0,0,0,0,0,0,0,0,0,0,0,0,0,0,0,0,0,0,0,0,0,0,0,0,0,0,0,0,0,0,0,0,0,0,0,0,0,0,0,0,0,0,0,0,0,0,0,0,0,0,0,0,0,7,1673764,89468318,30520968,0,0,0,0,0,0,0,0,0,0,0,0,0,0,0,0,0,0,0,0,0,0,0,0,0,0,0,0,0,0,0,0,0,0,0,0,0,12883329024,10720083968,786336,654302,30462770,0,0,96,786432,88625196,796294,280,3160881212,12884901888,0,643643240,0,0,0,0,0,0,0,0,0,0,0,0,0,0,0,0,0,0,15790724,115669258,0,468,1204,7863,623,31581714,35,0,0,0,0,0,0,0,1,0,0,0,0,0,0,0,0,0,0,21485725,0,30467882,248702,0,0,0,0,0,0,0,0,16384,0,0,0,0,0,0,0,0,0,0,0,6705,473,0,0,0,0,0,47999746,0,157,0,3,470,6705,0,0,0,0,0,0,0,0,0,0,0,0,0,0,0,0,0,0,0,0,0,0,0,0,0,0,0,0,0,0,0,0,0,0,0,0,0,0,0,0,0,0,0,0,0,0,0,0,0,0,0,0,0,0,218446272,0,0,0,451716585,0,0,0,0,0,0,0,63805910,89683595,249495710,158240331264,59261297,0,0,0,0,0,0,0,0,0,0,0,0,0,0,0,0,0,0,0,0,0,0,0,0,0,0,0,0,0,0,0,652,0,0,0,0,0,0,0
1787688410.342,0,0,0,0,0,0,0,656222463,1465208015360,703872722944,0,0,0,0,0,0,0,0,0,0,0,0,0,0,0,0,0,0,0,0,0,0,0,0,0,0,0,0,0,0,0,0,0,0,0,0,0,0,0,0,0,0,0,0,0,0,0,0,0,0,0,0,0,0,0,0,0,0,0,0,7,1673835,89526662,30535561,0,0,0,0,0,0,0,0,0,0,0,0,0,0,0,0,0,0,0,0,0,0,0,0,0,0,0,0,0,0,0,0,0,0,0,0,0,12883329024,10655907840,786336,650385,30483001,0,0,96,786432,88683486,796294,280,3161736240,12884901888,0,643756958,0,0,0,0,0,0,0,0,0,0,0,0,0,0,0,0,0,0,15795735,115674268,0,468,1204,7863,623,31591739,35,0,0,0,0,0,0,0,1,0,0,0,0,0,0,0,0,0,0,21491493,0,30482475,248821,0,0,0,0,0,0,0,0,16384,0,0,0,0,0,0,0,0,0,0,0,6706,473,0,0,0,0,0,48014982,0,157,0,3,470,6706,0,0,0,0,0,0,0,0,0,0,0,0,0,0,0,0,0,0,0,0,0,0,0,0,0,0,0,0,0,0,0,0,0,0,0,0,0,0,0,0,0,0,0,0,0,0,0,0,0,0,0,0,0,0,218523790,0,0,0,451801577,0,0,0,0,0,0,0,63835537,89741805,249587854,158280813568,59288786,0,0,0,0,0,0,0,0,0,0,0,0,0,0,0,0,0,0,0,0,0,0,0,0,0,0,0,0,0,0,0,864,0,0,0,0,0,0,0
1787688411.416,0,0,0,0,0,0,0,656404166,1466206439936,704087763968,0,0,0,0,0,0,0,0,0,0,0,0,0,0,0,0,0,0,0,0,0,0,0,0,0,0,0,0,0,0,0,0,0,0,0,0,0,0,0,0,0,0,0,0,0,0,0,0,0,0,0,0,0,0,0,0,0,0,0,0,7,1673874,89587730,30545677,0,0,0,0,0,0,0,0,0,0,0,0,0,0,0,0,0,0,0,0,0,0,0,0,0,0,0,0,0,0,0,0,0,0,0,0,0,12883329024,10673143808,786336,651437,30493117,0,0,96,786432,88744472,796294,280,3162637116,12884901888,0,643879097,0,0,0,0,0,0,0,0,0,0,0,0,0,0,0,0,0,0,15801003,115679537,0,468,1204,7863,623,31602272,35,0,0,0,0,0,0,0,1,0,0,0,0,0,0,0,0,0,0,21497560,0,30492591,248903,0,0,0,0,0,0,0,0,16384,0,0,0,0,0,0,0,0,0,0,0,6707,473,0,0,0,0,0,48030989,0,157,0,3,470,6707,0,0,0,0,0,0,0,0,0,0,0,0,0,0,0,0,0,0,0,0,0,0,0,0,0,0,0,0,0,0,0,0,0,0,0,0,0,0,0,0,0,0,0,0,0,0,0,0,0,0,0,0,0,0,218605103,0,0,0,451891779,0,0,0,0,0,0,0,63866990,89802734,249679331,158323275264,59318686,0,0,0,0,0,0,0,0,0,0,0,0,0,0,0,0,0,0,0,0,0,0,0,0,0,0,0,0,0,0,0,125,0,0,0,0,0,0,0
1787688412.495,0,0,0,0,0,0,0,656585650,1467203881472,704301512192,0,0,0,0,0,0,0,0,0,0,0,0,0,0,0,0,0,0,0,0,0,0,0,0,0,0,0,0,0,0,0,0,0,0,0,0,0,0,0,0,0,0,0,0,0,0,0,0,0,0,0,0,0,0,0,0,0,0,0,0,7,1673906,89648742,30555715,0,0,0,0,0,0,0,0,0,0,0,0,0,0,0,0,0,0,0,0,0,0,0,0,0,0,0,0,0,0,0,0,0,0,0,0,0,12883329024,10691739648,786336,652572,30503155,0,0,96,786432,88805431,796294,280,3163533365,12884901888,0,643998486,0,0,0,0,0,0,0,0,0,0,0,0,0,0,0,0,0,0,15806260,115684794,0,468,1204,7863,623,31612785,35,0,0,0,0,0,0,0,1,0,0,0,0,0,0,0,0,0,0,21503613,0,30502629,248983,0,0,0,0,0,0,0,0,16384,0,0,0,0,0,0,0,0,0,0,0,6708,473,0,0,0,0,0,48046964,0,157,0,3,470,6708,0,0,0,0,0,0,0,0,0,0,0,0,0,0,0,0,0,0,0,0,0,0,0,0,0,0,0,0,0,0,0,0,0,0,0,0,0,0,0,0,0,0,0,0,0,0,0,0,0,0,0,0,0,0,218686149,0,0,0,451980631,0,0,0,0,0,0,0,63898526,89863609,249770460,158365649408,59348807,1,0,0,0,0,0,0,0,0,0,0,0,0,0,0,0,0,0,0,0,0,0,0,0,0,0,0,0,0,0,0,597,0,0,0,0,0,0,0
1787688413.573,0,0,0,0,0,0,0,656766952,1468205402624,704515792384,0,0,0,0,0,0,0,0,0,0,0,0,0,0,0,0,0,0,0,0,0,0,0,0,0,0,0,0,0,0,0,0,0,0,0,0,0,0,0,0,0,0,0,0,0,0,0,0,0,0,0,0,0,0,0,0,0,0,0,0,7,1673929,89710021,30565794,0,0,0,0,0,0,0,0,0,0,0,0,0,0,0,0,0,0,0,0,0,0,0,0,0,0,0,0,0,0,0,0,0,0,0,0,0,12883312640,10708910080,786336,653620,30513234,0,0,96,786432,88866645,796294,280,3164429439,12884901888,0,644117551,0,0,0,0,0,0,0,0,0,0,0,0,0,0,0,0,0,0,15811522,115690056,0,468,1204,7863,623,31623308,35,0,0,0,0,0,0,0,1,0,0,0,0,0,0,0,0,0,0,21509663,0,30512708,249063,0,0,0,0,0,0,0,0,16384,0,0,0,0,0,0,0,0,0,0,0,6709,473,0,0,0,0,0,48062927,0,157,0,3,470,6709,0,0,0,0,0,0,0,0,0,0,0,0,0,0,0,0,0,0,0,0,0,0,0,0,0,0,0,0,0,0,0,0,0,0,0,0,0,0,0,0,0,0,0,0,0,0,0,0,0,0,0,0,0,0,218766807,0,0,0,452069526,0,0,0,0,0,0,0,63929865,89924731,249861241,158407880192,59378634,1,1,0,0,0,0,0,0,0,0,0,0,0,0,0,0,0,0,0,0,0,0,0,0,0,0,0,0,0,0,0,1045,0,0,0,0,0,0,0
1787688414.656,0,0,0,0,0,0,0,656948551,1469199796736,704729476608,0,0,0,0,0,0,0,0,0,0,0,0,0,0,0,0,0,0,0,0,0,0,0,0,0,0,0,0,0,0,0,0,0,0,0,0,0,0,0,0,0,0,0,0,0,0,0,0,0,0,0,0,0,0,0,0,0,0,0,0,7,1673955,89770873,30575827,0,0,0,0,0,0,0,0,0,0,0,0,0,0,0,0,0,0,0,0,0,0,0,0,0,0,0,0,0,0,0,0,0,0,0,0,0,12883329024,10724605952,786336,654578,30523267,0,0,96,786432,88927423,796294,280,3165330138,12884901888,0,644239605,0,0,0,0,0,0,0,0,0,0,0,0,0,0,0,0,0,0,15816779,115695313,0,468,1204,7863,623,31633822,35,0,0,0,0,0,0,0,1,0,0,0,0,0,0,0,0,0,0,21515724,0,30522741,249143,0,0,0,0,0,0,0,0,16384,0,0,0,0,0,0,0,0,0,0,0,6710,473,0,0,0,0,0,48078917,0,157,0,3,470,6710,0,0,0,0,0,0,0,0,0,0,0,0,0,0,0,0,0,0,0,0,0,0,0,0,0,0,0,0,0,0,0,0,0,0,0,0,0,0,0,0,0,0,0,0,0,0,0,0,0,0,0,0,0,0,218847814,0,0,0,452159637,0,0,0,0,0,0,0,63961142,89985428,249952336,158450219008,59408420,0,0,0,0,0,0,0,0,0,0,0,0,0,0,0,0,0,0,0,0,0,0,0,0,0,0,0,0,0,0,0,307,0,0,0,0,0,0,0
1787688415.735,0,0,0,0,0,0,0,657127790,1470187276800,704943458304,0,0,0,0,0,0,0,0,0,0,0,0,0,0,0,0,0,0,0,0,0,0,0,0,0,0,0,0,0,0,0,0,0,0,0,0,0,0,0,0,0,0,0,0,0,0,0,0,0,0,0,0,0,0,0,0,0,0,0,0,7,1674056,89831260,30585891,0,0,0,0,0,0,0,0,0,0,0,0,0,0,0,0,0,0,0,0,0,0,0,0,0,0,0,0,0,0,0,0,0,0,0,0,0,12883312640,10742611968,786335,655677,30533331,0,0,97,786432,88987728,796294,280,3166215400,12884901888,0,644357630,0,0,0,0,0,0,0,0,0,0,0,0,0,0,0,0,0,0,15821979,115700512,0,468,1204,7863,623,31644222,35,0,0,0,0,0,0,0,1,0,0,0,0,0,0,0,0,0,0,21521707,0,30532805,249223,0,0,0,0,0,0,0,0,16384,0,0,0,0,0,0,0,0,0,0,0,6712,473,0,0,0,0,0,48094706,0,157,0,3,470,6712,0,0,0,0,0,0,0,0,0,0,0,0,0,0,0,0,0,0,0,0,0,0,0,0,0,0,0,0,0,0,0,0,0,0,0,0,0,0,0,0,0,0,0,0,0,0,0,0,0,0,0,0,0,0,218928041,0,0,0,452247534,0,0,0,0,0,0,0,63992485,90045672,250042670,158492439552,59438303,0,0,0,0,0,0,0,0,0,0,0,0,0,0,0,0,0,0,0,0,0,0,0,0,0,0,0,0,0,0,0,695,0,0,0,0,0,0,0
1787688416.808,0,0,0,0,0,0,0,657308339,1471180278272,705157510144,0,0,0,0,0,0,0,0,0,0,0,0,0,0,0,0,0,0,0,0,0,0,0,0,0,0,0,0,0,0,0,0,0,0,0,0,0,0,0,0,0,0,0,0,0,0,0,0,0,0,0,0,0,0,0,0,0,0,0,0,7,1674076,89892008,30595962,0,0,0,0,0,0,0,0,0,0,0,0,0,0,0,0,0,0,0,0,0,0,0,0,0,0,0,0,0,0,0,0,0,0,0,0,0,12883312640,10759454720,786335,656705,30543402,0,0,97,786432,89048408,796294,280,3167107820,12884901888,0,644476656,0,0,0,0,0,0,0,0,0,0,0,0,0,0,0,0,0,0,15827203,115705737,0,468,1204,7863,623,31654676,35,0,0,0,0,0,0,0,1,0,0,0,0,0,0,0,0,0,0,21527714,0,30542876,249303,0,0,0,0,0,0,0,0,16384,0,0,0,0,0,0,0,0,0,0,0,6713,473,0,0,0,0,0,48110577,0,157,0,3,470,6713,0,0,0,0,0,0,0,0,0,0,0,0,0,0,0,0,0,0,0,0,0,0,0,0,0,0,0,0,0,0,0,0,0,0,0,0,0,0,0,0,0,0,0,0,0,0,0,0,0,0,0,0,0,0,219008498,0,0,0,452336014,0,0,0,0,0,0,0,64023935,90106293,250133256,158534641664,59468307,0,0,0,0,0,0,0,0,0,0,0,0,0,0,0,0,0,0,0,0,0,0,0,0,0,0,0,0,0,0,0,1106,0,0,0,0,0,0,0
1787688417.886,0,0,0,0,0,0,0,657488598,1472170314240,705372833280,0,0,0,0,0,0,0,0,0,0,0,0,0,0,0,0,0,0,0,0,0,0,0,0,0,0,0,0,0,0,0,0,0,0,0,0,0,0,0,0,0,0,0,0,0,0,0,0,0,0,0,0,0,0,0,0,0,0,0,0,7,1674105,89952583,30606097,0,0,0,0,0,0,0,0,0,0,0,0,0,0,0,0,0,0,0,0,0,0,0,0,0,0,0,0,0,0,0,0,0,0,0,0,0,12883329024,10772398080,786336,657495,30553537,0,0,96,786432,89108920,796294,280,3168001333,12884901888,0,644597926,0,0,0,0,0,0,0,0,0,0,0,0,0,0,0,0,0,0,15832433,115710966,0,468,1204,7863,623,31665134,35,0,0,0,0,0,0,0,1,0,0,0,0,0,0,0,0,0,0,21533737,0,30553011,249385,0,0,0,0,0,0,0,0,16384,0,0,0,0,0,0,0,0,0,0,0,6714,473,0,0,0,0,0,48126475,0,157,0,3,470,6714,0,0,0,0,0,0,0,0,0,0,0,0,0,0,0,0,0,0,0,0,0,0,0,0,0,0,0,0,0,0,0,0,0,0,0,0,0,0,0,0,0,0,0,0,0,0,0,0,0,0,0,0,0,0,219089341,0,0,0,452425586,0,0,0,0,0,0,0,64055290,90166723,250224283,158576991744,59498124,0,0,0,0,0,0,0,0,0,0,0,0,0,0,0,0,0,0,0,0,0,0,0,0,0,0,0,0,0,0,0,323,0,0,0,0,0,0,0
1787688418.962,0,0,0,0,0,0,0,657669811,1473165314560,705588177920,0,0,0,0,0,0,0,0,0,0,0,0,0,0,0,0,0,0,0,0,0,0,0,0,0,0,0,0,0,0,0,0,0,0,0,0,0,0,0,0,0,0,0,0,0,0,0,0,0,0,0,0,0,0,0,0,0,0,0,0,7,1674151,90013436,30616231,0,0,0,0,0,0,0,0,0,0,0,0,0,0,0,0,0,0,0,0,0,0,0,0,0,0,0,0,0,0,0,0,0,0,0,0,0,12883312640,10787897344,786336,658441,30563671,0,0,96,786432,89169719,796294,280,3168896196,12884901888,0,644716922,0,0,0,0,0,0,0,0,0,0,0,0,0,0,0,0,0,0,15837680,115716215,0,468,1204,7863,623,31675633,35,0,0,0,0,0,0,0,1,0,0,0,0,0,0,0,0,0,0,21539769,0,30563145,249465,0,0,0,0,0,0,0,0,16384,0,0,0,0,0,0,0,0,0,0,0,6715,473,0,0,0,0,0,48142396,0,157,0,3,470,6715,0,0,0,0,0,0,0,0,0,0,0,0,0,0,0,0,0,0,0,0,0,0,0,0,0,0,0,0,0,0,0,0,0,0,0,0,0,0,0,0,0,0,0,0,0,0,0,0,0,0,0,0,0,0,219170729,0,0,0,452514374,0,0,0,0,0,0,0,64086558,90227427,250315854,158619515904,59527911,1,0,0,0,0,0,0,0,0,0,0,0,0,0,0,0,0,0,0,0,0,0,0,0,0,0,0,0,0,0,0,750,0,0,0,0,0,0,0
1787688420.041,0,0,0,0,0,0,0,657849622,1474163132928,705801969664,0,0,0,0,0,0,0,0,0,0,0,0,0,0,0,0,0,0,0,0,0,0,0,0,0,0,0,0,0,0,0,0,0,0,0,0,0,0,0,0,0,0,0,0,0,0,0,0,0,0,0,0,0,0,0,0,0,0,0,0,7,1674214,90074458,30626298,0,0,0,0,0,0,0,0,0,0,0,0,0,0,0,0,0,0,0,0,0,0,0,0,0,0,0,0,0,0,0,0,0,0,0,0,0,12883329024,10803363840,786335,659385,30573738,0,0,97,786432,89230677,796294,280,3169784464,12884901888,0,644834994,0,0,0,0,0,0,0,0,0,0,0,0,0,0,0,0,0,0,15842892,115721427,0,468,1204,7863,623,31686055,35,0,0,0,0,0,0,0,1,0,0,0,0,0,0,0,0,0,0,21545769,0,30573212,249545,0,0,0,0,0,0,0,0,16384,0,0,0,0,0,0,0,0,0,0,0,6716,473,0,0,0,0,0,48158245,0,157,0,3,470,6716,0,0,0,0,0,0,0,0,0,0,0,0,0,0,0,0,0,0,0,0,0,0,0,0,0,0,0,0,0,0,0,0,0,0,0,0,0,0,0,0,0,0,0,0,0,0,0,0,0,0,0,0,0,0,219251281,0,0,0,452602536,0,0,0,0,0,0,0,64117474,90288318,250406533,158661589504,59557297,1,0,0,0,0,0,0,0,0,0,0,0,0,0,0,0,0,0,0,0,0,0,0,0,0,0,0,0,0,0,0,1147,0,0,0,0,0,0,0
1787688421.120,0,0,0,0,0,0,0,658030236,1475156380160,706016094720,0,0,0,0,0,0,0,0,0,0,0,0,0,0,0,0,0,0,0,0,0,0,0,0,0,0,0,0,0,0,0,0,0,0,0,0,0,0,0,0,0,0,0,0,0,0,0,0,0,0,0,0,0,0,0,0,0,0,0,0,7,1674245,90135209,30636374,0,0,0,0,0,0,0,0,0,0,0,0,0,0,0,0,0,0,0,0,0,0,0,0,0,0,0,0,0,0,0,0,0,0,0,0,0,12883329024,10817110016,786335,660224,30583814,0,0,97,786432,89291365,796294,280,3170679508,12884901888,0,644956154,0,0,0,0,0,0,0,0,0,0,0,0,0,0,0,0,0,0,15848130,115726665,0,468,1204,7863,623,31696528,35,0,0,0,0,0,0,0,1,0,0,0,0,0,0,0,0,0,0,21551801,0,30583288,249625,0,0,0,0,0,0,0,0,16384,0,0,0,0,0,0,0,0,0,0,0,6717,473,0,0,0,0,0,48174191,0,157,0,3,470,6717,0,0,0,0,0,0,0,0,0,0,0,0,0,0,0,0,0,0,0,0,0,0,0,0,0,0,0,0,0,0,0,0,0,0,0,0,0,0,0,0,0,0,0,0,0,0,0,0,0,0,0,0,0,0,219331979,0,0,0,452692283,0,0,0,0,0,0,0,64148558,90348937,250497357,158703836672,59586881,0,0,0,0,0,0,0,0,0,0,0,0,0,0,0,0,0,0,0,0,0,0,0,0,0,0,0,0,0,0,0,366,0,0,0,0,0,0,0
1787688422.200,0,0,0,0,0,0,0,658208362,1476138797568,706268852736,0,0,0,0,0,0,0,0,0,0,0,0,0,0,0,0,0,0,0,0,0,0,0,0,0,0,0,0,0,0,0,0,0,0,0,0,0,0,0,0,0,0,0,0,0,0,0,0,0,0,0,0,0,0,0,0,0,0,0,0,7,1674272,90195298,30648784,0,0,0,0,0,0,0,0,0,0,0,0,0,0,0,0,0,0,0,0,0,0,0,0,0,0,0,0,0,0,0,0,0,0,0,0,0,12876939264,10790633472,785946,658608,30593856,390,0,96,786432,89351379,796294,280,3171559663,12884901888,0,645073282,0,0,0,0,0,0,0,0,0,0,0,0,0,0,0,0,0,0,15853288,115731823,0,468,1204,7863,623,31706846,35,0,0,0,0,0,0,0,1,0,0,0,0,0,0,0,0,0,0,21557739,0,30595640,249725,0,0,0,0,0,0,0,0,16384,0,0,0,0,0,0,0,0,0,0,0,6718,473,0,0,0,0,0,48189886,0,157,0,3,470,6718,0,0,0,0,0,0,0,0,0,0,0,0,0,0,0,0,0,0,0,0,0,0,0,0,0,0,0,0,0,0,0,0,0,0,0,0,0,0,0,0,0,0,0,0,0,0,0,0,0,0,0,0,0,0,219412183,0,0,0,452779671,0,0,0,0,0,0,0,64179488,90408877,250590103,158745588224,59615993,0,0,0,0,0,0,0,0,0,0,0,0,0,0,0,0,0,0,0,0,0,0,0,0,0,0,0,0,0,0,0,693,0,0,0,0,0,0,0
1787688423.278,0,0,0,0,0,0,0,658383904,1477112154624,706550907904,0,0,0,0,0,0,0,0,0,0,0,0,0,0,0,0,0,0,0,0,0,0,0,0,0,0,0,0,0,0,0,0,0,0,0,0,0,0,0,0,0,0,0,0,0,0,0,0,0,0,0,0,0,0,0,0,0,0,0,0,7,1674359,90254829,30663004,0,0,0,0,0,0,0,0,0,0,0,0,0,0,0,0,0,0,0,0,0,0,0,0,0,0,0,0,0,0,0,0,0,0,0,0,0,12883329024,10735763456,786336,655259,30603948,0,0,96,786432,89410855,796294,280,3172427550,12884901888,0,645188906,0,0,0,0,0,0,0,0,0,0,0,0,0,0,0,0,0,0,15858381,115736916,0,468,1204,7863,623,31717027,35,0,0,0,0,0,0,0,1,0,0,0,0,0,0,0,0,0,0,21563595,0,30609918,249837,0,0,0,0,0,0,0,0,16384,0,0,0,0,0,0,0,0,0,0,0,6719,473,0,0,0,0,0,48205379,0,157,0,3,470,6719,0,0,0,0,0,0,0,0,0,0,0,0,0,0,0,0,0,0,0,0,0,0,0,0,0,0,0,0,0,0,0,0,0,0,0,0,0,0,0,0,0,0,0,0,0,0,0,0,0,0,0,0,0,0,219491105,0,0,0,452865853,0,0,0,0,0,0,0,64210242,90468279,250683397,158786725888,59644664,0,0,0,0,0,0,0,0,0,0,0,0,0,0,0,0,0,0,0,0,0,0,0,0,0,0,0,0,0,0,0,968,0,0,0,0,0,0,0
1787688424.354,0,0,0,0,0,0,0,658560769,1478084856320,706820119552,0,0,0,0,0,0,0,0,0,0,0,0,0,0,0,0,0,0,0,0,0,0,0,0,0,0,0,0,0,0,0,0,0,0,0,0,0,0,0,0,0,0,0,0,0,0,0,0,0,0,0,0,0,0,0,0,0,0,0,0,7,1674394,90314347,30676584,0,0,0,0,0,0,0,0,0,0,0,0,0,0,0,0,0,0,0,0,0,0,0,0,0,0,0,0,0,0,0,0,0,0,0,0,0,12883329024,10689576960,786336,652440,30624024,1,0,96,786432,89470305,796294,280,3173304247,12884901888,0,645307467,0,0,0,0,0,0,0,0,0,0,0,0,0,0,0,0,0,0,15863510,115742045,0,468,1204,7863,623,31727291,35,0,0,0,0,0,0,0,1,0,0,0,0,0,0,0,0,0,0,21569505,0,30623498,249945,0,0,0,0,0,0,0,0,16384,0,0,0,0,0,0,0,0,0,0,0,6720,473,0,0,0,0,0,48220955,0,157,0,3,470,6720,0,0,0,0,0,0,0,0,0,0,0,0,0,0,0,0,0,0,0,0,0,0,0,0,0,0,0,0,0,0,0,0,0,0,0,0,0,0,0,0,0,0,0,0,0,0,0,0,0,0,0,0,0,0,219572360,0,0,0,452953813,0,0,0,0,0,0,0,64241212,90527665,250778124,158829082112,59673587,1,0,0,0,0,0,0,0,0,0,0,0,0,0,0,0,0,0,0,0,0,0,0,0,0,0,0,0,0,0,0,99,0,0,0,0,0,0,0
1787688425.433,0,0,0,0,0,0,0,658740744,1479079266816,707032518144,0,0,0,0,0,0,0,0,0,0,0,0,0,0,0,0,0,0,0,0,0,0,0,0,0,0,0,0,0,0,0,0,0,0,0,0,0,0,0,0,0,0,0,0,0,0,0,0,0,0,0,0,0,0,0,0,0,0,0,0,7,1674415,90375188,30686570,0,0,0,0,0,0,0,0,0,0,0,0,0,0,0,0,0,0,0,0,0,0,0,0,0,0,0,0,0,0,0,0,0,0,0,0,0,12883329024,10705043456,786336,653384,30634010,0,0,96,786432,89531088,796294,280,3174193790,12884901888,0,645425767,0,0,0,0,0,0,0,0,0,0,0,0,0,0,0,0,0,0,15868730,115747264,0,468,1204,7863,623,31737726,35,0,0,0,0,0,0,0,1,0,0,0,0,0,0,0,0,0,0,21575519,0,30633484,250025,0,0,0,0,0,0,0,0,16384,0,0,0,0,0,0,0,0,0,0,0,6721,473,0,0,0,0,0,48236832,0,157,0,3,470,6721,0,0,0,0,0,0,0,0,0,0,0,0,0,0,0,0,0,0,0,0,0,0,0,0,0,0,0,0,0,0,0,0,0,0,0,0,0,0,0,0,0,0,0,0,0,0,0,0,0,0,0,0,0,0,219652736,0,0,0,453042102,0,0,0,0,0,0,0,64272113,90588344,250868543,158871058944,59702958,1,1,0,0,0,0,0,0,0,0,0,0,0,0,0,0,0,0,0,0,0,0,0,0,0,0,0,0,0,0,0,498,0,0,0,0,0,0,0
1787688426.512,0,0,0,0,0,0,0,658921620,1480077019648,707246491648,0,0,0,0,0,0,0,0,0,0,0,0,0,0,0,0,0,0,0,0,0,0,0,0,0,0,0,0,0,0,0,0,0,0,0,0,0,0,0,0,0,0,0,0,0,0,0,0,0,0,0,0,0,0,0,0,0,0,0,0,7,1674466,90436211,30696625,0,0,0,0,0,0,0,0,0,0,0,0,0,0,0,0,0,0,0,0,0,0,0,0,0,0,0,0,0,0,0,0,0,0,0,0,0,12883329024,10718838784,786336,654226,30644065,0,0,97,786432,89592043,796294,280,3175087154,12884901888,0,645544412,0,0,0,0,0,0,0,0,0,0,0,0,0,0,0,0,0,0,15873971,115752505,0,468,1204,7863,623,31748209,35,0,0,0,0,0,0,0,1,0,0,0,0,0,0,0,0,0,0,21581546,0,30643539,250105,0,0,0,0,0,0,0,0,16384,0,0,0,0,0,0,0,0,0,0,0,6722,473,0,0,0,0,0,48252776,0,157,0,3,470,6722,0,0,0,0,0,0,0,0,0,0,0,0,0,0,0,0,0,0,0,0,0,0,0,0,0,0,0,0,0,0,0,0,0,0,0,0,0,0,0,0,0,0,0,0,0,0,0,0,0,0,0,0,0,0,219733650,0,0,0,453130741,0,0,0,0,0,0,0,64303554,90649225,250959565,158913449984,59732909,0,0,0,0,0,0,0,0,0,0,0,0,0,0,0,0,0,0,0,0,0,0,0,0,0,0,0,0,0,0,0,928,0,0,0,0,0,0,0
1787688427.591,0,0,0,0,0,0,0,659101193,1481071741440,707460132352,0,0,0,0,0,0,0,0,0,0,0,0,0,0,0,0,0,0,0,0,0,0,0,0,0,0,0,0,0,0,0,0,0,0,0,0,0,0,0,0,0,0,0,0,0,0,0,0,0,0,0,0,0,0,0,0,0,0,0,0,7,1674540,90497058,30706641,0,0,0,0,0,0,0,0,0,0,0,0,0,0,0,0,0,0,0,0,0,0,0,0,0,0,0,0,0,0,0,0,0,0,0,0,0,12883312640,10732273664,786334,655046,30654081,0,0,97,786432,89652834,796294,280,3175978270,12884901888,0,645665151,0,0,0,0,0,0,0,0,0,0,0,0,0,0,0,0,0,0,15879170,115757704,0,468,1204,7863,623,31758610,35,0,0,0,0,0,0,0,1,0,0,0,0,0,0,0,0,0,0,21587536,0,30653555,250185,0,0,0,0,0,0,0,0,16384,0,0,0,0,0,0,0,0,0,0,0,6723,473,0,0,0,0,0,48268583,0,157,0,3,470,6723,0,0,0,0,0,0,0,0,0,0,0,0,0,0,0,0,0,0,0,0,0,0,0,0,0,0,0,0,0,0,0,0,0,0,0,0,0,0,0,0,0,0,0,0,0,0,0,0,0,0,0,0,0,0,219814938,0,0,0,453219954,0,0,0,0,0,0,0,64334690,90709927,251050913,158956006912,59762570,1,0,0,0,0,0,0,0,0,0,0,0,0,0,0,0,0,0,0,0,0,0,0,0,0,0,0,0,0,0,0,116,0,0,0,0,0,0,0
1787688428.665,0,0,0,0,0,0,0,659281405,1482063120896,707671868416,0,0,0,0,0,0,0,0,0,0,0,0,0,0,0,0,0,0,0,0,0,0,0,0,0,0,0,0,0,0,0,0,0,0,0,0,0,0,0,0,0,0,0,0,0,0,0,0,0,0,0,0,0,0,0,0,0,0,0,0,7,1674570,90557698,30716583,0,0,0,0,0,0,0,0,0,0,0,0,0,0,0,0,0,0,0,0,0,0,0,0,0,0,0,0,0,0,0,0,0,0,0,0,0,12883329024,10747428864,786336,655971,30664023,0,0,96,786432,89713418,796294,280,3176867768,12884901888,0,645783690,0,0,0,0,0,0,0,0,0,0,0,0,0,0,0,0,0,0,15884390,115762924,0,468,1204,7863,623,31769049,35,0,0,0,0,0,0,0,1,0,0,0,0,0,0,0,0,0,0,21593548,0,30663497,250265,0,0,0,0,0,0,0,0,16384,0,0,0,0,0,0,0,0,0,0,0,6724,473,0,0,0,0,0,48284453,0,157,0,3,470,6724,0,0,0,0,0,0,0,0,0,0,0,0,0,0,0,0,0,0,0,0,0,0,0,0,0,0,0,0,0,0,0,0,0,0,0,0,0,0,0,0,0,0,0,0,0,0,0,0,0,0,0,0,0,0,219895268,0,0,0,453308190,0,0,0,0,0,0,0,64365908,90770426,251141236,158998026240,59792304,0,0,0,0,0,0,0,0,0,0,0,0,0,0,0,0,0,0,0,0,0,0,0,0,0,0,0,0,0,0,0,549,0,0,0,0,0,0,0
1787688429.743,0,0,0,0,0,0,0,659461702,1483061037568,707883684352,0,0,0,0,0,0,0,0,0,0,0,0,0,0,0,0,0,0,0,0,0,0,0,0,0,0,0,0,0,0,0,0,0,0,0,0,0,0,0,0,0,0,0,0,0,0,0,0,0,0,0,0,0,0,0,0,0,0,0,0,7,1674664,90618742,30726494,0,0,0,0,0,0,0,0,0,0,0,0,0,0,0,0,0,0,0,0,0,0,0,0,0,0,0,0,0,0,0,0,0,0,0,0,0,12883329024,10767368192,786336,657188,30673934,0,0,96,786432,89774393,796294,280,3177758223,12884901888,0,645901979,0,0,0,0,0,0,0,0,0,0,0,0,0,0,0,0,0,0,15889618,115768152,0,468,1204,7863,623,31779504,35,0,0,0,0,0,0,0,1,0,0,0,0,0,0,0,0,0,0,21599559,0,30673408,250345,0,0,0,0,0,0,0,0,16384,0,0,0,0,0,0,0,0,0,0,0,6726,473,0,0,0,0,0,48300338,0,157,0,3,470,6726,0,0,0,0,0,0,0,0,0,0,0,0,0,0,0,0,0,0,0,0,0,0,0,0,0,0,0,0,0,0,0,0,0,0,0,0,0,0,0,0,0,0,0,0,0,0,0,0,0,0,0,0,0,0,219976640,0,0,0,453396588,0,0,0,0,0,0,0,64397569,90831320,251232570,159040684544,59822553,0,1,0,0,0,0,0,0,0,0,0,0,0,0,0,0,0,0,0,0,0,0,0,0,0,0,0,0,0,0,0,973,0,0,0,0,0,0,0
1787688430.821,0,0,0,0,0,0,0,659642031,1484054858240,708096667136,0,0,0,0,0,0,0,0,0,0,0,0,0,0,0,0,0,0,0,0,0,0,0,0,0,0,0,0,0,0,0,0,0,0,0,0,0,0,0,0,0,0,0,0,0,0,0,0,0,0,0,0,0,0,0,0,0,0,0,0,7,1674689,90679538,30736480,0,0,0,0,0,0,0,0,0,0,0,0,0,0,0,0,0,0,0,0,0,0,0,0,0,0,0,0,0,0,0,0,0,0,0,0,0,12883312640,10782081024,786336,658086,30683920,0,0,96,786432,89835121,796294,280,3178652405,12884901888,0,646023440,0,0,0,0,0,0,0,0,0,0,0,0,0,0,0,0,0,0,15894853,115773387,0,468,1204,7863,623,31789971,35,0,0,0,0,0,0,0,1,0,0,0,0,0,0,0,0,0,0,21605590,0,30683394,250425,0,0,0,0,0,0,0,0,16384,0,0,0,0,0,0,0,0,0,0,0,6727,473,0,0,0,0,0,48316259,0,157,0,3,470,6727,0,0,0,0,0,0,0,0,0,0,0,0,0,0,0,0,0,0,0,0,0,0,0,0,0,0,0,0,0,0,0,0,0,0,0,0,0,0,0,0,0,0,0,0,0,0,0,0,0,0,0,0,0,0,220058050,0,0,0,453486186,0,0,0,0,0,0,0,64429160,90891970,251324009,159083221504,59852697,1,1,0,0,0,0,0,0,0,0,0,0,0,0,0,0,0,0,0,0,0,0,0,0,0,0,0,0,0,0,0,225,0,0,0,0,0,0,0
1787688431.897,0,0,0,0,0,0,0,659821758,1485048629760,708309536768,0,0,0,0,0,0,0,0,0,0,0,0,0,0,0,0,0,0,0,0,0,0,0,0,0,0,0,0,0,0,0,0,0,0,0,0,0,0,0,0,0,0,0,0,0,0,0,0,0,0,0,0,0,0,0,0,0,0,0,0,7,1674714,90740362,30746496,0,0,0,0,0,0,0,0,0,0,0,0,0,0,0,0,0,0,0,0,0,0,0,0,0,0,0,0,0,0,0,0,0,0,0,0,0,12883329024,10796089344,786336,658941,30693936,0,0,96,786432,89895877,796294,280,3179540496,12884901888,0,646141536,0,0,0,0,0,0,0,0,0,0,0,0,0,0,0,0,0,0,15900050,115778584,0,468,1204,7863,623,31800370,35,0,0,0,0,0,0,0,1,0,0,0,0,0,0,0,0,0,0,21611571,0,30693410,250505,0,0,0,0,0,0,0,0,16384,0,0,0,0,0,0,0,0,0,0,0,6728,473,0,0,0,0,0,48332050,0,157,0,3,470,6728,0,0,0,0,0,0,0,0,0,0,0,0,0,0,0,0,0,0,0,0,0,0,0,0,0,0,0,0,0,0,0,0,0,0,0,0,0,0,0,0,0,0,0,0,0,0,0,0,0,0,0,0,0,0,220138124,0,0,0,453574136,0,0,0,0,0,0,0,64460263,90952623,251414154,159125199872,59882325,1,0,0,0,0,0,0,0,0,0,0,0,0,0,0,0,0,0,0,0,0,0,0,0,0,0,0,0,0,0,0,607,0,0,0,0,0,0,0
1787688432.973,0,0,0,0,0,0,0,660002211,1486044367360,708521444352,0,0,0,0,0,0,0,0,0,0,0,0,0,0,0,0,0,0,0,0,0,0,0,0,0,0,0,0,0,0,0,0,0,0,0,0,0,0,0,0,0,0,0,0,0,0,0,0,0,0,0,0,0,0,0,0,0,0,0,0,7,1674738,90801278,30756441,0,0,0,0,0,0,0,0,0,0,0,0,0,0,0,0,0,0,0,0,0,0,0,0,0,0,0,0,0,0,0,0,0,0,0,0,0,12883329024,10810261504,786336,659806,30703881,0,0,97,786432,89956720,796294,280,3180432033,12884901888,0,646260052,0,0,0,0,0,0,0,0,0,0,0,0,0,0,0,0,0,0,15905283,115783817,0,468,1204,7863,623,31810833,35,0,0,0,0,0,0,0,1,0,0,0,0,0,0,0,0,0,0,21617592,0,30703355,250585,0,0,0,0,0,0,0,0,16384,0,0,0,0,0,0,0,0,0,0,0,6729,473,0,0,0,0,0,48347953,0,157,0,3,470,6729,0,0,0,0,0,0,0,0,0,0,0,0,0,0,0,0,0,0,0,0,0,0,0,0,0,0,0,0,0,0,0,0,0,0,0,0,0,0,0,0,0,0,0,0,0,0,0,0,0,0,0,0,0,0,220218892,0,0,0,453662609,0,0,0,0,0,0,0,64491500,91013399,251504917,159167379968,59912050,1,0,0,0,0,0,0,0,0,0,0,0,0,0,0,0,0,0,0,0,0,0,0,0,0,0,0,0,0,0,0,1024,0,0,0,0,0,0,0
1787688434.052,0,0,0,0,0,0,0,660183572,1487041890816,708735719936,0,0,0,0,0,0,0,0,0,0,0,0,0,0,0,0,0,0,0,0,0,0,0,0,0,0,0,0,0,0,0,0,0,0,0,0,0,0,0,0,0,0,0,0,0,0,0,0,0,0,0,0,0,0,0,0,0,0,0,0,7,1674769,90862287,30766446,0,0,0,0,0,0,0,0,0,0,0,0,0,0,0,0,0,0,0,0,0,0,0,0,0,0,0,0,0,0,0,0,0,0,0,0,0,12883329024,10823417856,786336,660609,30713886,0,0,96,786432,90017667,796294,280,3181331360,12884901888,0,646382349,0,0,0,0,0,0,0,0,0,0,0,0,0,0,0,0,0,0,15910538,115789070,0,468,1204,7863,623,31821340,35,0,0,0,0,0,0,0,1,0,0,0,0,0,0,0,0,0,0,21623647,0,30713360,250665,0,0,0,0,0,0,0,0,16384,0,0,0,0,0,0,0,0,0,0,0,6730,473,0,0,0,0,0,48363932,0,157,0,3,470,6730,0,0,0,0,0,0,0,0,0,0,0,0,0,0,0,0,0,0,0,0,0,0,0,0,0,0,0,0,0,0,0,0,0,0,0,0,0,0,0,0,0,0,0,0,0,0,0,0,0,0,0,0,0,0,220301151,0,0,0,453752621,0,0,0,0,0,0,0,64523215,91074260,251597235,159210654208,59942265,0,0,0,0,0,0,0,0,0,0,0,0,0,0,0,0,0,0,0,0,0,0,0,0,0,0,0,0,0,0,0,282,0,0,0,0,0,0,0
1787688435.131,0,0,0,0,0,0,0,660366696,1488048196096,708948146176,0,0,0,0,0,0,0,0,0,0,0,0,0,0,0,0,0,0,0,0,0,0,0,0,0,0,0,0,0,0,0,0,0,0,0,0,0,0,0,0,0,0,0,0,0,0,0,0,0,0,0,0,0,0,0,0,0,0,0,0,7,1674815,90923852,30776399,0,0,0,0,0,0,0,0,0,0,0,0,0,0,0,0,0,0,0,0,0,0,0,0,0,0,0,0,0,0,0,0,0,0,0,0,0,12883312640,10838294528,786335,661517,30723839,1,0,96,786432,90079156,796294,280,3182235513,12884901888,0,646502254,0,0,0,0,0,0,0,0,0,0,0,0,0,0,0,0,0,0,15915838,115794372,0,468,1204,7863,623,31831946,35,0,0,0,0,0,0,0,1,0,0,0,0,0,0,0,0,0,0,21629749,0,30723313,250745,0,0,0,0,0,0,0,0,16384,0,0,0,0,0,0,0,0,0,0,0,6731,473,0,0,0,0,0,48380054,0,157,0,3,470,6731,0,0,0,0,0,0,0,0,0,0,0,0,0,0,0,0,0,0,0,0,0,0,0,0,0,0,0,0,0,0,0,0,0,0,0,0,0,0,0,0,0,0,0,0,0,0,0,0,0,0,0,0,0,0,220382895,0,0,0,453842268,0,0,0,0,0,0,0,64554787,91135699,251688965,159253291008,59972356,1,1,0,0,0,0,0,0,0,0,0,0,0,0,0,0,0,0,0,0,0,0,0,0,0,0,0,0,0,0,0,766,0,0,0,0,0,0,0
1787688436.212,0,0,0,0,0,0,0,660540283,1489004874240,709203463168,0,0,0,0,0,0,0,0,0,0,0,0,0,0,0,0,0,0,0,0,0,0,0,0,0,0,0,0,0,0,0,0,0,0,0,0,0,0,0,0,0,0,0,0,0,0,0,0,0,0,0,0,0,0,0,0,0,0,0,0,7,1674883,90982350,30789068,0,0,0,0,0,0,0,0,0,0,0,0,0,0,0,0,0,0,0,0,0,0,0,0,0,0,0,0,0,0,0,0,0,0,0,0,0,12878643200,10800791552,786050,659228,30733815,286,0,96,786432,90137587,796294,280,3183093290,12884901888,0,646616801,0,0,0,0,0,0,0,0,0,0,0,0,0,0,0,0,0,0,15920869,115799403,0,468,1204,7863,623,31842007,35,0,0,0,0,0,0,0,1,0,0,0,0,0,0,0,0,0,0,21635536,0,30735980,250847,0,0,0,0,0,0,0,0,16384,0,0,0,0,0,0,0,0,0,0,0,6732,473,0,0,0,0,0,48395346,0,157,0,3,470,6732,0,0,0,0,0,0,0,0,0,0,0,0,0,0,0,0,0,0,0,0,0,0,0,0,0,0,0,0,0,0,0,0,0,0,0,0,0,0,0,0,0,0,0,0,0,0,0,0,0,0,0,0,0,0,220460939,0,0,0,453927467,0,0,0,0,0,0,0,64583925,91194066,251779777,159294164992,59999608,1,0,0,0,0,0,0,0,0,0,0,0,0,0,0,0,0,0,0,0,0,0,0,0,0,0,0,0,0,0,0,1006,0,0,0,0,0,0,0
1787688437.287,0,0,0,0,0,0,0,660708566,1489930914304,709483559424,0,0,0,0,0,0,0,0,0,0,0,0,0,0,0,0,0,0,0,0,0,0,0,0,0,0,0,0,0,0,0,0,0,0,0,0,0,0,0,0,0,0,0,0,0,0,0,0,0,0,0,0,0,0,0,0,0,0,0,0,7,1674904,91038990,30803380,0,0,0,0,0,0,0,0,0,0,0,0,0,0,0,0,0,0,0,0,0,0,0,0,0,0,0,0,0,0,0,0,0,0,0,0,0,12883329024,10730831872,786336,654958,30743800,0,0,96,786432,90194156,796294,280,3183925063,12884901888,0,646727915,0,0,0,0,0,0,0,0,0,0,0,0,0,0,0,0,0,0,15925746,115804281,0,468,1204,7863,623,31851764,35,0,0,0,0,0,0,0,1,0,0,0,0,0,0,0,0,0,0,21641162,0,30750294,250961,0,0,0,0,0,0,0,0,16384,0,0,0,0,0,0,0,0,0,0,0,6733,473,0,0,0,0,0,48410178,0,157,0,3,470,6733,0,0,0,0,0,0,0,0,0,0,0,0,0,0,0,0,0,0,0,0,0,0,0,0,0,0,0,0,0,0,0,0,0,0,0,0,0,0,0,0,0,0,0,0,0,0,0,0,0,0,0,0,0,0,220537015,0,0,0,454010236,0,0,0,0,0,0,0,64611398,91250577,251870222,159333861376,60025018,1,0,0,0,0,0,0,0,0,0,0,0,0,0,0,0,0,0,0,0,0,0,0,0,0,0,0,0,0,0,0,1097,0,0,0,0,0,0,0
1787688438.362,0,0,0,0,0,0,0,660883438,1490891082240,709745079808,0,0,0,0,0,0,0,0,0,0,0,0,0,0,0,0,0,0,0,0,0,0,0,0,0,0,0,0,0,0,0,0,0,0,0,0,0,0,0,0,0,0,0,0,0,0,0,0,0,0,0,0,0,0,0,0,0,0,0,0,7,1674935,91097733,30816426,0,0,0,0,0,0,0,0,0,0,0,0,0,0,0,0,0,0,0,0,0,0,0,0,0,0,0,0,0,0,0,0,0,0,0,0,0,12883329024,10690150400,786335,652475,30763866,0,0,97,786432,90252839,796294,280,3184792728,12884901888,0,646845920,0,0,0,0,0,0,0,0,0,0,0,0,0,0,0,0,0,0,15930817,115809350,0,468,1204,7863,623,31861905,35,0,0,0,0,0,0,0,1,0,0,0,0,0,0,0,0,0,0,21647007,0,30763340,251065,0,0,0,0,0,0,0,0,16384,0,0,0,0,0,0,0,0,0,0,0,6734,473,0,0,0,0,0,48425604,0,157,0,3,470,6734,0,0,0,0,0,0,0,0,0,0,0,0,0,0,0,0,0,0,0,0,0,0,0,0,0,0,0,0,0,0,0,0,0,0,0,0,0,0,0,0,0,0,0,0,0,0,0,0,0,0,0,0,0,0,220615364,0,0,0,454097255,0,0,0,0,0,0,0,64641047,91309170,251961679,159374959104,60052736,1,0,0,0,0,0,0,0,0,0,0,0,0,0,0,0,0,0,0,0,0,0,0,0,0,0,0,0,0,0,0,169,0,0,0,0,0,0,0
1787688439.439,0,0,0,0,0,0,0,661064940,1491887147520,709957972992,0,0,0,0,0,0,0,0,0,0,0,0,0,0,0,0,0,0,0,0,0,0,0,0,0,0,0,0,0,0,0,0,0,0,0,0,0,0,0,0,0,0,0,0,0,0,0,0,0,0,0,0,0,0,0,0,0,0,0,0,7,1675026,91158662,30826412,0,0,0,0,0,0,0,0,0,0,0,0,0,0,0,0,0,0,0,0,0,0,0,0,0,0,0,0,0,0,0,0,0,0,0,0,0,12883312640,10703552512,786336,653293,30773852,0,0,96,786432,90313700,796294,280,3185689750,12884901888,0,646965627,0,0,0,0,0,0,0,0,0,0,0,0,0,0,0,0,0,0,15936072,115814607,0,468,1204,7863,623,31872418,35,0,0,0,0,0,0,0,1,0,0,0,0,0,0,0,0,0,0,21653052,0,30773326,251145,0,0,0,0,0,0,0,0,16384,0,0,0,0,0,0,0,0,0,0,0,6735,473,0,0,0,0,0,48441569,0,157,0,3,470,6735,0,0,0,0,0,0,0,0,0,0,0,0,0,0,0,0,0,0,0,0,0,0,0,0,0,0,0,0,0,0,0,0,0,0,0,0,0,0,0,0,0,0,0,0,0,0,0,0,0,0,0,0,0,0,220696121,0,0,0,454186165,0,0,0,0,0,0,0,64672524,91369954,252052472,159417224704,60082800,1,1,0,0,0,0,0,0,0,0,0,0,0,0,0,0,0,0,0,0,0,0,0,0,0,0,0,0,0,0,0,611,0,0,0,0,0,0,0
1787688440.518,0,0,0,0,0,0,0,661245445,1492885785088,710171341824,0,0,0,0,0,0,0,0,0,0,0,0,0,0,0,0,0,0,0,0,0,0,0,0,0,0,0,0,0,0,0,0,0,0,0,0,0,0,0,0,0,0,0,0,0,0,0,0,0,0,0,0,0,0,0,0,0,0,0,0,7,1675050,91219749,30836443,0,0,0,0,0,0,0,0,0,0,0,0,0,0,0,0,0,0,0,0,0,0,0,0,0,0,0,0,0,0,0,0,0,0,0,0,0,12883312640,10716200960,786335,654065,30783883,0,0,97,786432,90374720,796294,280,3186581353,12884901888,0,647084090,0,0,0,0,0,0,0,0,0,0,0,0,0,0,0,0,0,0,15941303,115819838,0,468,1204,7863,623,31882874,35,0,0,0,0,0,0,0,1,0,0,0,0,0,0,0,0,0,0,21659076,0,30783357,251225,0,0,0,0,0,0,0,0,16384,0,0,0,0,0,0,0,0,0,0,0,6736,473,0,0,0,0,0,48457469,0,157,0,3,470,6736,0,0,0,0,0,0,0,0,0,0,0,0,0,0,0,0,0,0,0,0,0,0,0,0,0,0,0,0,0,0,0,0,0,0,0,0,0,0,0,0,0,0,0,0,0,0,0,0,0,0,0,0,0,0,220777157,0,0,0,454274568,0,0,0,0,0,0,0,64703713,91430878,252143589,159459459072,60112548,1,0,0,0,0,0,0,0,0,0,0,0,0,0,0,0,0,0,0,0,0,0,0,0,0,0,0,0,0,0,0,1061,0,0,0,0,0,0,0
1787688441.598,0,0,0,0,0,0,0,661426340,1493881670144,710382814720,0,0,0,0,0,0,0,0,0,0,0,0,0,0,0,0,0,0,0,0,0,0,0,0,0,0,0,0,0,0,0,0,0,0,0,0,0,0,0,0,0,0,0,0,0,0,0,0,0,0,0,0,0,0,0,0,0,0,0,0,7,1675077,91280683,30846401,0,0,0,0,0,0,0,0,0,0,0,0,0,0,0,0,0,0,0,0,0,0,0,0,0,0,0,0,0,0,0,0,0,0,0,0,0,12883312640,10730864640,786335,654960,30793841,0,0,96,786432,90435580,796294,280,3187478519,12884901888,0,647206013,0,0,0,0,0,0,0,0,0,0,0,0,0,0,0,0,0,0,15946537,115825073,0,468,1204,7863,623,31893348,35,0,0,0,0,0,0,0,1,0,0,0,0,0,0,0,0,0,0,21665106,0,30793315,251305,0,0,0,0,0,0,0,0,16384,0,0,0,0,0,0,0,0,0,0,0,6737,473,0,0,0,0,0,48473402,0,157,0,3,470,6737,0,0,0,0,0,0,0,0,0,0,0,0,0,0,0,0,0,0,0,0,0,0,0,0,0,0,0,0,0,0,0,0,0,0,0,0,0,0,0,0,0,0,0,0,0,0,0,0,0,0,0,0,0,0,220855744,0,0,0,454364316,0,0,0,0,0,0,0,64733580,91491609,252232187,159500778496,60140888,1,0,0,0,0,0,0,0,0,0,0,0,0,0,0,0,0,0,0,0,0,0,0,0,0,0,0,0,0,0,0,260,0,0,0,0,0,0,0
1787688442.678,0,0,0,0,0,0,0,661609050,1494889662976,710595158528,0,0,0,0,0,0,0,0,0,0,0,0,0,0,0,0,0,0,0,0,0,0,0,0,0,0,0,0,0,0,0,0,0,0,0,0,0,0,0,0,0,0,0,0,0,0,0,0,0,0,0,0,0,0,0,0,0,0,0,0,7,1675102,91342347,30856406,0,0,0,0,0,0,0,0,0,0,0,0,0,0,0,0,0,0,0,0,0,0,0,0,0,0,0,0,0,0,0,0,0,0,0,0,0,12883329024,10746511360,786336,655915,30803846,0,0,97,786432,90497189,796294,280,3188381033,12884901888,0,647326430,0,0,0,0,0,0,0,0,0,0,0,0,0,0,0,0,0,0,15951829,115830364,0,468,1204,7863,623,31903930,35,0,0,0,0,0,0,0,1,0,0,0,0,0,0,0,0,0,0,21671200,0,30803320,251385,0,0,0,0,0,0,0,0,16384,0,0,0,0,0,0,0,0,0,0,0,6739,473,0,0,0,0,0,48489496,0,157,0,3,470,6739,0,0,0,0,0,0,0,0,0,0,0,0,0,0,0,0,0,0,0,0,0,0,0,0,0,0,0,0,0,0,0,0,0,0,0,0,0,0,0,0,0,0,0,0,0,0,0,0,0,0,0,0,0,0,220934962,0,0,0,454453786,0,0,0,0,0,0,0,64764228,91553094,252321466,159542276608,60170065,0,0,0,0,0,0,0,0,0,0,0,0,0,0,0,0,0,0,0,0,0,0,0,0,0,0,0,0,0,0,0,731,0,0,0,0,0,0,0
1787688443.759,0,0,0,0,0,0,0,661789174,1495882664448,710807749120,0,0,0,0,0,0,0,0,0,0,0,0,0,0,0,0,0,0,0,0,0,0,0,0,0,0,0,0,0,0,0,0,0,0,0,0,0,0,0,0,0,0,0,0,0,0,0,0,0,0,0,0,0,0,0,0,0,0,0,0,7,1675133,91403098,30866391,0,0,0,0,0,0,0,0,0,0,0,0,0,0,0,0,0,0,0,0,0,0,0,0,0,0,0,0,0,0,0,0,0,0,0,0,0,12883329024,10757783552,786336,656603,30813831,0,0,96,786432,90557871,796294,280,3189271479,12884901888,0,647445069,0,0,0,0,0,0,0,0,0,0,0,0,0,0,0,0,0,0,15957046,115835581,0,468,1204,7863,623,31914360,35,0,0,0,0,0,0,0,1,0,0,0,0,0,0,0,0,0,0,21677202,0,30813305,251465,0,0,0,0,0,0,0,0,16384,0,0,0,0,0,0,0,0,0,0,0,6740,473,0,0,0,0,0,48505347,0,157,0,3,470,6740,0,0,0,0,0,0,0,0,0,0,0,0,0,0,0,0,0,0,0,0,0,0,0,0,0,0,0,0,0,0,0,0,0,0,0,0,0,0,0,0,0,0,0,0,0,0,0,0,0,0,0,0,0,0,221015669,0,0,0,454541963,0,0,0,0,0,0,0,64795479,91613685,252412205,159584474624,60199801,1,0,0,0,0,0,0,0,0,0,0,0,0,0,0,0,0,0,0,0,0,0,0,0,0,0,0,0,0,0,0,1142,0,0,0,0,0,0,0
1787688444.832,0,0,0,0,0,0,0,661969474,1496875944448,711020989440,0,0,0,0,0,0,0,0,0,0,0,0,0,0,0,0,0,0,0,0,0,0,0,0,0,0,0,0,0,0,0,0,0,0,0,0,0,0,0,0,0,0,0,0,0,0,0,0,0,0,0,0,0,0,0,0,0,0,0,0,7,1675161,91463863,30876390,0,0,0,0,0,0,0,0,0,0,0,0,0,0,0,0,0,0,0,0,0,0,0,0,0,0,0,0,0,0,0,0,0,0,0,0,0,12883329024,10769448960,786336,657315,30823830,0,0,96,786432,90618559,796294,280,3190165455,12884901888,0,647566189,0,0,0,0,0,0,0,0,0,0,0,0,0,0,0,0,0,0,15962272,115840807,0,468,1204,7863,623,31924819,35,0,0,0,0,0,0,0,1,0,0,0,0,0,0,0,0,0,0,21683226,0,30823304,251545,0,0,0,0,0,0,0,0,16384,0,0,0,0,0,0,0,0,0,0,0,6741,473,0,0,0,0,0,48521242,0,157,0,3,470,6741,0,0,0,0,0,0,0,0,0,0,0,0,0,0,0,0,0,0,0,0,0,0,0,0,0,0,0,0,0,0,0,0,0,0,0,0,0,0,0,0,0,0,0,0,0,0,0,0,0,0,0,0,0,0,221096721,0,0,0,454631547,0,0,0,0,0,0,0,64827030,91674298,252503296,159626979328,60229827,1,0,0,0,0,0,0,0,0,0,0,0,0,0,0,0,0,0,0,0,0,0,0,0,0,0,0,0,0,0,0,348,0,0,0,0,0,0,0
1787688445.911,0,0,0,0,0,0,0,662150066,1497873369600,711234140672,0,0,0,0,0,0,0,0,0,0,0,0,0,0,0,0,0,0,0,0,0,0,0,0,0,0,0,0,0,0,0,0,0,0,0,0,0,0,0,0,0,0,0,0,0,0,0,0,0,0,0,0,0,0,0,0,0,0,0,0,7,1675194,91524851,30886409,0,0,0,0,0,0,0,0,0,0,0,0,0,0,0,0,0,0,0,0,0,0,0,0,0,0,0,0,0,0,0,0,0,0,0,0,0,12883312640,10781933568,786336,658077,30833849,0,0,96,786432,90679480,796294,280,3191057365,12884901888,0,647684450,0,0,0,0,0,0,0,0,0,0,0,0,0,0,0,0,0,0,15967512,115846048,0,468,1204,7863,623,31935294,35,0,0,0,0,0,0,0,1,0,0,0,0,0,0,0,0,0,0,21689255,0,30833323,251625,0,0,0,0,0,0,0,0,16384,0,0,0,0,0,0,0,0,0,0,0,6742,473,0,0,0,0,0,48537194,0,157,0,3,470,6742,0,0,0,0,0,0,0,0,0,0,0,0,0,0,0,0,0,0,0,0,0,0,0,0,0,0,0,0,0,0,0,0,0,0,0,0,0,0,0,0,0,0,0,0,0,0,0,0,0,0,0,0,0,0,221177606,0,0,0,454720051,0,0,0,0,0,0,0,64858303,91735133,252594259,159669214720,60259566,1,0,0,0,0,0,0,0,0,0,0,0,0,0,0,0,0,0,0,0,0,0,0,0,0,0,0,0,0,0,0,798,0,0,0,0,0,0,0
1787688446.990,0,0,0,0,0,0,0,662329479,1498866518528,711447365120,0,0,0,0,0,0,0,0,0,0,0,0,0,0,0,0,0,0,0,0,0,0,0,0,0,0,0,0,0,0,0,0,0,0,0,0,0,0,0,0,0,0,0,0,0,0,0,0,0,0,0,0,0,0,0,0,0,0,0,0,7,1675224,91585632,30896427,0,0,0,0,0,0,0,0,0,0,0,0,0,0,0,0,0,0,0,0,0,0,0,0,0,0,0,0,0,0,0,0,0,0,0,0,0,12883329024,10791485440,786336,658660,30843867,0,0,96,786432,90740195,796294,280,3191943988,12884901888,0,647802295,0,0,0,0,0,0,0,0,0,0,0,0,0,0,0,0,0,0,15972702,115851238,0,468,1204,7863,623,31945679,35,0,0,0,0,0,0,0,1,0,0,0,0,0,0,0,0,0,0,21695228,0,30843341,251705,0,0,0,0,0,0,0,0,16384,0,0,0,0,0,0,0,0,0,0,0,6743,473,0,0,0,0,0,48552977,0,157,0,3,470,6743,0,0,0,0,0,0,0,0,0,0,0,0,0,0,0,0,0,0,0,0,0,0,0,0,0,0,0,0,0,0,0,0,0,0,0,0,0,0,0,0,0,0,0,0,0,0,0,0,0,0,0,0,0,0,221258093,0,0,0,454807974,0,0,0,0,0,0,0,64889365,91795756,252684807,159711446016,60289149,1,0,0,0,0,0,0,0,0,0,0,0,0,0,0,0,0,0,0,0,0,0,0,0,0,0,0,0,0,0,0,1168,0,0,0,0,0,0,0
1787688448.069,0,0,0,0,0,0,0,662509772,1499855178240,711661280768,0,0,0,0,0,0,0,0,0,0,0,0,0,0,0,0,0,0,0,0,0,0,0,0,0,0,0,0,0,0,0,0,0,0,0,0,0,0,0,0,0,0,0,0,0,0,0,0,0,0,0,0,0,0,0,0,0,0,0,0,7,1675249,91646113,30906478,0,0,0,0,0,0,0,0,0,0,0,0,0,0,0,0,0,0,0,0,0,0,0,0,0,0,0,0,0,0,0,0,0,0,0,0,0,12883329024,10802937856,786335,659359,30853918,0,0,97,786432,90800611,796294,280,3192837432,12884901888,0,647923791,0,0,0,0,0,0,0,0,0,0,0,0,0,0,0,0,0,0,15977935,115856469,0,468,1204,7863,623,31956141,35,0,0,0,0,0,0,0,1,0,0,0,0,0,0,0,0,0,0,21701261,0,30853392,251785,0,0,0,0,0,0,0,0,16384,0,0,0,0,0,0,0,0,0,0,0,6744,473,0,0,0,0,0,48568878,0,157,0,3,470,6744,0,0,0,0,0,0,0,0,0,0,0,0,0,0,0,0,0,0,0,0,0,0,0,0,0,0,0,0,0,0,0,0,0,0,0,0,0,0,0,0,0,0,0,0,0,0,0,0,0,0,0,0,0,0,221338945,0,0,0,454897558,0,0,0,0,0,0,0,64920662,91856088,252775761,159753723904,60318971,1,0,0,0,0,0,0,0,0,0,0,0,0,0,0,0,0,0,0,0,0,0,0,0,0,0,0,0,0,0,0,379,0,0,0,0,0,0,0
1787688449.148,0,0,0,0,0,0,0,662690887,1500851177984,711873746944,0,0,0,0,0,0,0,0,0,0,0,0,0,0,0,0,0,0,0,0,0,0,0,0,0,0,0,0,0,0,0,0,0,0,0,0,0,0,0,0,0,0,0,0,0,0,0,0,0,0,0,0,0,0,0,0,0,0,0,0,7,1675295,91707037,30916439,0,0,0,0,0,0,0,0,0,0,0,0,0,0,0,0,0,0,0,0,0,0,0,0,0,0,0,0,0,0,0,0,0,0,0,0,0,12883329024,10814865408,786336,660087,30863879,0,0,96,786432,90861473,796294,280,3193731920,12884901888,0,648042843,0,0,0,0,0,0,0,0,0,0,0,0,0,0,0,0,0,0,15983177,115861711,0,468,1204,7863,623,31966627,35,0,0,0,0,0,0,0,1,0,0,0,0,0,0,0,0,0,0,21707292,0,30863353,251865,0,0,0,0,0,0,0,0,16384,0,0,0,0,0,0,0,0,0,0,0,6745,473,0,0,0,0,0,48584817,0,157,0,3,470,6745,0,0,0,0,0,0,0,0,0,0,0,0,0,0,0,0,0,0,0,0,0,0,0,0,0,0,0,0,0,0,0,0,0,0,0,0,0,0,0,0,0,0,0,0,0,0,0,0,0,0,0,0,0,0,221420367,0,0,0,454986230,0,0,0,0,0,0,0,64951965,91916890,252867193,159796173824,60348856,1,0,0,0,0,0,0,0,0,0,0,0,0,0,0,0,0,0,0,0,0,0,0,0,0,0,0,0,0,0,0,823,0,0,0,0,0,0,0
1787688450.228,0,0,0,0,0,0,0,662868716,1501837085184,712146868736,0,0,0,0,0,0,0,0,0,0,0,0,0,0,0,0,0,0,0,0,0,0,0,0,0,0,0,0,0,0,0,0,0,0,0,0,0,0,0,0,0,0,0,0,0,0,0,0,0,0,0,0,0,0,0,0,0,0,0,0,7,1675355,91767319,30929962,0,0,0,0,0,0,0,0,0,0,0,0,0,0,0,0,0,0,0,0,0,0,0,0,0,0,0,0,0,0,0,0,0,0,0,0,0,12883329024,10767908864,786336,657221,30873802,0,0,96,786432,90921680,796294,280,3194611091,12884901888,0,648160400,0,0,0,0,0,0,0,0,0,0,0,0,0,0,0,0,0,0,15988327,115866863,0,468,1204,7863,623,31976926,35,0,0,0,0,0,0,0,1,0,0,0,0,0,0,0,0,0,0,21713222,0,30876876,251975,0,0,0,0,0,0,0,0,16384,0,0,0,0,0,0,0,0,0,0,0,6746,473,0,0,0,0,0,48600477,0,157,0,3,470,6746,0,0,0,0,0,0,0,0,0,0,0,0,0,0,0,0,0,0,0,0,0,0,0,0,0,0,0,0,0,0,0,0,0,0,0,0,0,0,0,0,0,0,0,0,0,0,0,0,0,0,0,0,0,0,221500617,0,0,0,455073413,0,0,0,0,0,0,0,64983160,91977039,252961200,159838330880,60377971,0,0,0,0,0,0,0,0,0,0,0,0,0,0,0,0,0,0,0,0,0,0,0,0,0,0,0,0,0,0,0,1179,0,0,0,0,0,0,0
1787688451.304,0,0,0,0,0,0,0,663045013,1502804806144,712432058368,0,0,0,0,0,0,0,0,0,0,0,0,0,0,0,0,0,0,0,0,0,0,0,0,0,0,0,0,0,0,0,0,0,0,0,0,0,0,0,0,0,0,0,0,0,0,0,0,0,0,0,0,0,0,0,0,0,0,0,0,7,1675381,91826512,30944519,0,0,0,0,0,0,0,0,0,0,0,0,0,0,0,0,0,0,0,0,0,0,0,0,0,0,0,0,0,0,0,0,0,0,0,0,0,12883329024,10699603968,786336,653051,30883796,0,0,96,786432,90980802,796294,280,3195485729,12884901888,0,648279871,0,0,0,0,0,0,0,0,0,0,0,0,0,0,0,0,0,0,15993430,115871966,0,468,1204,7863,623,31987134,35,0,0,0,0,0,0,0,1,0,0,0,0,0,0,0,0,0,0,21719103,0,30891433,252090,0,0,0,0,0,0,0,0,16384,0,0,0,0,0,0,0,0,0,0,0,6747,473,0,0,0,0,0,48615990,0,157,0,3,470,6747,0,0,0,0,0,0,0,0,0,0,0,0,0,0,0,0,0,0,0,0,0,0,0,0,0,0,0,0,0,0,0,0,0,0,0,0,0,0,0,0,0,0,0,0,0,0,0,0,0,0,0,0,0,0,221580513,0,0,0,455161045,0,0,0,0,0,0,0,65013860,92036098,253055609,159880318976,60406499,0,0,0,0,0,0,0,0,0,0,0,0,0,0,0,0,0,0,0,0,0,0,0,0,0,0,0,0,0,0,0,277,0,0,0,0,0,0,0
1787688452.381,0,0,0,0,0,0,0,663223743,1503792957952,712672468992,0,0,0,0,0,0,0,0,0,0,0,0,0,0,0,0,0,0,0,0,0,0,0,0,0,0,0,0,0,0,0,0,0,0,0,0,0,0,0,0,0,0,0,0,0,0,0,0,0,0,0,0,0,0,0,0,0,0,0,0,7,1675408,91886962,30956265,0,0,0,0,0,0,0,0,0,0,0,0,0,0,0,0,0,0,0,0,0,0,0,0,0,0,0,0,0,0,0,0,0,0,0,0,0,12883312640,10684186624,786335,652111,30903705,0,0,97,786432,91041176,796294,280,3196368607,12884901888,0,648397162,0,0,0,0,0,0,0,0,0,0,0,0,0,0,0,0,0,0,15998611,115877146,0,468,1204,7863,623,31997494,35,0,0,0,0,0,0,0,1,0,0,0,0,0,0,0,0,0,0,21725056,0,30903179,252185,0,0,0,0,0,0,0,0,16384,0,0,0,0,0,0,0,0,0,0,0,6748,473,0,0,0,0,0,48631719,0,157,0,3,470,6748,0,0,0,0,0,0,0,0,0,0,0,0,0,0,0,0,0,0,0,0,0,0,0,0,0,0,0,0,0,0,0,0,0,0,0,0,0,0,0,0,0,0,0,0,0,0,0,0,0,0,0,0,0,0,221660660,0,0,0,455248638,0,0,0,0,0,0,0,65045043,92096411,253147481,159922268672,60435903,1,0,0,0,0,0,0,0,0,0,0,0,0,0,0,0,0,0,0,0,0,0,0,0,0,0,0,0,0,0,0,664,0,0,0,0,0,0,0
1787688453.461,0,0,0,0,0,0,0,663404048,1504789465600,712885517824,0,0,0,0,0,0,0,0,0,0,0,0,0,0,0,0,0,0,0,0,0,0,0,0,0,0,0,0,0,0,0,0,0,0,0,0,0,0,0,0,0,0,0,0,0,0,0,0,0,0,0,0,0,0,0,0,0,0,0,0,7,1675437,91947913,30966264,0,0,0,0,0,0,0,0,0,0,0,0,0,0,0,0,0,0,0,0,0,0,0,0,0,0,0,0,0,0,0,0,0,0,0,0,0,12883329024,10697277440,786336,652910,30913704,0,0,96,786432,91102060,796294,280,3197259333,12884901888,0,648515122,0,0,0,0,0,0,0,0,0,0,0,0,0,0,0,0,0,0,16003839,115882375,0,468,1204,7863,623,32007952,35,0,0,0,0,0,0,0,1,0,0,0,0,0,0,0,0,0,0,21731071,0,30913178,252265,0,0,0,0,0,0,0,0,16384,0,0,0,0,0,0,0,0,0,0,0,6749,473,0,0,0,0,0,48647630,0,157,0,3,470,6749,0,0,0,0,0,0,0,0,0,0,0,0,0,0,0,0,0,0,0,0,0,0,0,0,0,0,0,0,0,0,0,0,0,0,0,0,0,0,0,0,0,0,0,0,0,0,0,0,0,0,0,0,0,0,221741747,0,0,0,455337075,0,0,0,0,0,0,0,65076077,92157229,253238621,159964636160,60465446,1,1,0,0,0,0,0,0,0,0,0,0,0,0,0,0,0,0,0,0,0,0,0,0,0,0,0,0,0,0,0,1094,0,0,0,0,0,0,0
1787688454.540,0,0,0,0,0,0,0,663581728,1505772112384,713098706432,0,0,0,0,0,0,0,0,0,0,0,0,0,0,0,0,0,0,0,0,0,0,0,0,0,0,0,0,0,0,0,0,0,0,0,0,0,0,0,0,0,0,0,0,0,0,0,0,0,0,0,0,0,0,0,0,0,0,0,0,7,1675500,92008047,30976303,0,0,0,0,0,0,0,0,0,0,0,0,0,0,0,0,0,0,0,0,0,0,0,0,0,0,0,0,0,0,0,0,0,0,0,0,0,12883329024,10709434368,786336,653652,30923743,0,0,96,786432,91162138,796294,280,3198141051,12884901888,0,648634761,0,0,0,0,0,0,0,0,0,0,0,0,0,0,0,0,0,0,16008992,115887528,0,468,1204,7863,623,32018252,35,0,0,0,0,0,0,0,1,0,0,0,0,0,0,0,0,0,0,21736998,0,30923217,252345,0,0,0,0,0,0,0,0,16384,0,0,0,0,0,0,0,0,0,0,0,6750,473,0,0,0,0,0,48663302,0,157,0,3,470,6750,0,0,0,0,0,0,0,0,0,0,0,0,0,0,0,0,0,0,0,0,0,0,0,0,0,0,0,0,0,0,0,0,0,0,0,0,0,0,0,0,0,0,0,0,0,0,0,0,0,0,0,0,0,0,221822443,0,0,0,455425407,0,0,0,0,0,0,0,65106887,92217204,253329407,160006603264,60494777,0,0,0,0,0,0,0,0,0,0,0,0,0,0,0,0,0,0,0,0,0,0,0,0,0,0,0,0,0,0,0,205,0,0,0,0,0,0,0
1787688455.613,0,0,0,0,0,0,0,663761157,1506760067584,713311855104,0,0,0,0,0,0,0,0,0,0,0,0,0,0,0,0,0,0,0,0,0,0,0,0,0,0,0,0,0,0,0,0,0,0,0,0,0,0,0,0,0,0,0,0,0,0,0,0,0,0,0,0,0,0,0,0,0,0,0,0,7,1675566,92068492,30986282,0,0,0,0,0,0,0,0,0,0,0,0,0,0,0,0,0,0,0,0,0,0,0,0,0,0,0,0,0,0,0,0,0,0,0,0,0,12883312640,10723835904,786336,654531,30933722,0,0,96,786432,91222525,796294,280,3199027546,12884901888,0,648752671,0,0,0,0,0,0,0,0,0,0,0,0,0,0,0,0,0,0,16014196,115892731,0,468,1204,7863,623,32028664,35,0,0,0,0,0,0,0,1,0,0,0,0,0,0,0,0,0,0,21742978,0,30933196,252425,0,0,0,0,0,0,0,0,16384,0,0,0,0,0,0,0,0,0,0,0,6751,473,0,0,0,0,0,48679107,0,157,0,3,470,6751,0,0,0,0,0,0,0,0,0,0,0,0,0,0,0,0,0,0,0,0,0,0,0,0,0,0,0,0,0,0,0,0,0,0,0,0,0,0,0,0,0,0,0,0,0,0,0,0,0,0,0,0,0,0,221904082,0,0,0,455513411,0,0,0,0,0,0,0,65137942,92277496,253421062,160049419264,60524329,1,0,0,0,0,0,0,0,0,0,0,0,0,0,0,0,0,0,0,0,0,0,0,0,0,0,0,0,0,0,0,600,0,0,0,0,0,0,0
1787688456.692,0,0,0,0,0,0,0,663941051,1507747924480,713525355520,0,0,0,0,0,0,0,0,0,0,0,0,0,0,0,0,0,0,0,0,0,0,0,0,0,0,0,0,0,0,0,0,0,0,0,0,0,0,0,0,0,0,0,0,0,0,0,0,0,0,0,0,0,0,0,0,0,0,0,0,7,1675645,92128938,30996352,0,0,0,0,0,0,0,0,0,0,0,0,0,0,0,0,0,0,0,0,0,0,0,0,0,0,0,0,0,0,0,0,0,0,0,0,0,12883312640,10736467968,786335,655302,30943792,0,0,97,786432,91282907,796294,280,3199915937,12884901888,0,648870701,0,0,0,0,0,0,0,0,0,0,0,0,0,0,0,0,0,0,16019407,115897943,0,468,1204,7863,623,32039087,35,0,0,0,0,0,0,0,1,0,0,0,0,0,0,0,0,0,0,21748972,0,30943266,252505,0,0,0,0,0,0,0,0,16384,0,0,0,0,0,0,0,0,0,0,0,6753,473,0,0,0,0,0,48694972,0,157,0,3,470,6753,0,0,0,0,0,0,0,0,0,0,0,0,0,0,0,0,0,0,0,0,0,0,0,0,0,0,0,0,0,0,0,0,0,0,0,0,0,0,0,0,0,0,0,0,0,0,0,0,0,0,0,0,0,0,221983842,0,0,0,455601597,0,0,0,0,0,0,0,65168860,92337784,253510944,160091174912,60553715,0,1,0,0,0,0,0,0,0,0,0,0,0,0,0,0,0,0,0,0,0,0,0,0,0,0,0,0,0,0,0,982,0,0,0,0,0,0,0
1787688457.771,0,0,0,0,0,0,0,664122310,1508744743424,713741535744,0,0,0,0,0,0,0,0,0,0,0,0,0,0,0,0,0,0,0,0,0,0,0,0,0,0,0,0,0,0,0,0,0,0,0,0,0,0,0,0,0,0,0,0,0,0,0,0,0,0,0,0,0,0,0,0,0,0,0,0,7,1675684,92189903,31006469,0,0,0,0,0,0,0,0,0,0,0,0,0,0,0,0,0,0,0,0,0,0,0,0,0,0,0,0,0,0,0,0,0,0,0,0,0,12883329024,10748035072,786335,656008,30953909,0,0,96,786432,91343799,796294,280,3200814205,12884901888,0,648992245,0,0,0,0,0,0,0,0,0,0,0,0,0,0,0,0,0,0,16024655,115903192,0,468,1204,7863,623,32049583,35,0,0,0,0,0,0,0,1,0,0,0,0,0,0,0,0,0,0,21755022,0,30953383,252587,0,0,0,0,0,0,0,0,16384,0,0,0,0,0,0,0,0,0,0,0,6754,473,0,0,0,0,0,48710909,0,157,0,3,470,6754,0,0,0,0,0,0,0,0,0,0,0,0,0,0,0,0,0,0,0,0,0,0,0,0,0,0,0,0,0,0,0,0,0,0,0,0,0,0,0,0,0,0,0,0,0,0,0,0,0,0,0,0,0,0,222067174,0,0,0,455691605,0,0,0,0,0,0,0,65200674,92398596,253604441,160134744576,60584026,0,0,0,0,0,0,0,0,0,0,0,0,0,0,0,0,0,0,0,0,0,0,0,0,0,0,0,0,0,0,0,226,0,0,0,0,0,0,0
1787688458.848,0,0,0,0,0,0,0,664302980,1509742955008,713955902976,0,0,0,0,0,0,0,0,0,0,0,0,0,0,0,0,0,0,0,0,0,0,0,0,0,0,0,0,0,0,0,0,0,0,0,0,0,0,0,0,0,0,0,0,0,0,0,0,0,0,0,0,0,0,0,0,0,0,0,0,7,1675775,92250958,31016543,0,0,0,0,0,0,0,0,0,0,0,0,0,0,0,0,0,0,0,0,0,0,0,0,0,0,0,0,0,0,0,0,0,0,0,0,0,12883329024,10762780672,786336,656908,30963983,0,0,96,786432,91404805,796294,280,3201706607,12884901888,0,649110893,0,0,0,0,0,0,0,0,0,0,0,0,0,0,0,0,0,0,16029900,115908437,0,468,1204,7863,623,32060073,35,0,0,0,0,0,0,0,1,0,0,0,0,0,0,0,0,0,0,21761061,0,30963457,252667,0,0,0,0,0,0,0,0,16384,0,0,0,0,0,0,0,0,0,0,0,6755,473,0,0,0,0,0,48726862,0,157,0,3,470,6755,0,0,0,0,0,0,0,0,0,0,0,0,0,0,0,0,0,0,0,0,0,0,0,0,0,0,0,0,0,0,0,0,0,0,0,0,0,0,0,0,0,0,0,0,0,0,0,0,0,0,0,0,0,0,222148325,0,0,0,455780195,0,0,0,0,0,0,0,65231581,92459522,253695704,160177169920,60613501,0,1,0,0,0,0,0,0,0,0,0,0,0,0,0,0,0,0,0,0,0,0,0,0,0,0,0,0,0,0,0,655,0,0,0,0,0,0,0
1787688459.928,0,0,0,0,0,0,0,664483040,1510736628224,714169660928,0,0,0,0,0,0,0,0,0,0,0,0,0,0,0,0,0,0,0,0,0,0,0,0,0,0,0,0,0,0,0,0,0,0,0,0,0,0,0,0,0,0,0,0,0,0,0,0,0,0,0,0,0,0,0,0,0,0,0,0,7,1675801,92311741,31026617,0,0,0,0,0,0,0,0,0,0,0,0,0,0,0,0,0,0,0,0,0,0,0,0,0,0,0,0,0,0,0,0,0,0,0,0,0,12883312640,10775150592,786335,657663,30974057,0,0,96,786432,91465527,796294,280,3202596335,12884901888,0,649229247,0,0,0,0,0,0,0,0,0,0,0,0,0,0,0,0,0,0,16035117,115913652,0,468,1204,7863,623,32070506,35,0,0,0,0,0,0,0,1,0,0,0,0,0,0,0,0,0,0,21767064,0,30973531,252747,0,0,0,0,0,0,0,0,16384,0,0,0,0,0,0,0,0,0,0,0,6756,473,0,0,0,0,0,48742705,0,157,0,3,470,6756,0,0,0,0,0,0,0,0,0,0,0,0,0,0,0,0,0,0,0,0,0,0,0,0,0,0,0,0,0,0,0,0,0,0,0,0,0,0,0,0,0,0,0,0,0,0,0,0,0,0,0,0,0,0,222228617,0,0,0,455868329,0,0,0,0,0,0,0,65262647,92520143,253786121,160219122176,60643095,0,0,0,0,0,0,0,0,0,0,0,0,0,0,0,0,0,0,0,0,0,0,0,0,0,0,0,0,0,0,0,1082,0,0,0,0,0,0,0
1787688461.006,0,0,0,0,0,0,0,664663134,1511731333632,714383887872,0,0,0,0,0,0,0,0,0,0,0,0,0,0,0,0,0,0,0,0,0,0,0,0,0,0,0,0,0,0,0,0,0,0,0,0,0,0,0,0,0,0,0,0,0,0,0,0,0,0,0,0,0,0,0,0,0,0,0,0,7,1675825,92372584,31036706,0,0,0,0,0,0,0,0,0,0,0,0,0,0,0,0,0,0,0,0,0,0,0,0,0,0,0,0,0,0,0,0,0,0,0,0,0,12883329024,10789224448,786335,658522,30984146,0,0,97,786432,91526309,796294,280,3203489265,12884901888,0,649350337,0,0,0,0,0,0,0,0,0,0,0,0,0,0,0,0,0,0,16040329,115918866,0,468,1204,7863,623,32080938,35,0,0,0,0,0,0,0,1,0,0,0,0,0,0,0,0,0,0,21773075,0,30983620,252827,0,0,0,0,0,0,0,0,16384,0,0,0,0,0,0,0,0,0,0,0,6757,473,0,0,0,0,0,48758559,0,157,0,3,470,6757,0,0,0,0,0,0,0,0,0,0,0,0,0,0,0,0,0,0,0,0,0,0,0,0,0,0,0,0,0,0,0,0,0,0,0,0,0,0,0,0,0,0,0,0,0,0,0,0,0,0,0,0,0,0,222309462,0,0,0,455957753,0,0,0,0,0,0,0,65294058,92580868,253877105,160261248512,60672970,1,0,0,0,0,0,0,0,0,0,0,0,0,0,0,0,0,0,0,0,0,0,0,0,0,0,0,0,0,0,0,278,0,0,0,0,0,0,0
1787688462.085,0,0,0,0,0,0,0,664843860,1512726989312,714597996544,0,0,0,0,0,0,0,0,0,0,0,0,0,0,0,0,0,0,0,0,0,0,0,0,0,0,0,0,0,0,0,0,0,0,0,0,0,0,0,0,0,0,0,0,0,0,0,0,0,0,0,0,0,0,0,0,0,0,0,0,7,1675858,92433506,31046761,0,0,0,0,0,0,0,0,0,0,0,0,0,0,0,0,0,0,0,0,0,0,0,0,0,0,0,0,0,0,0,0,0,0,0,0,0,12883329024,10803118080,786336,659370,30994201,0,0,97,786432,91587158,796294,280,3204381665,12884901888,0,649469187,0,0,0,0,0,0,0,0,0,0,0,0,0,0,0,0,0,0,16045565,115924101,0,468,1204,7863,623,32091403,35,0,0,0,0,0,0,0,1,0,0,0,0,0,0,0,0,0,0,21779095,0,30993675,252909,0,0,0,0,0,0,0,0,16384,0,0,0,0,0,0,0,0,0,0,0,6758,473,0,0,0,0,0,48774475,0,157,0,3,470,6758,0,0,0,0,0,0,0,0,0,0,0,0,0,0,0,0,0,0,0,0,0,0,0,0,0,0,0,0,0,0,0,0,0,0,0,0,0,0,0,0,0,0,0,0,0,0,0,0,0,0,0,0,0,0,222390389,0,0,0,456046286,0,0,0,0,0,0,0,65325356,92641633,253968136,160303653376,60702746,1,1,0,0,0,0,0,0,0,0,0,0,0,0,0,0,0,0,0,0,0,0,0,0,0,0,0,0,0,0,0,708,0,0,0,0,0,0,0
1787688463.164,0,0,0,0,0,0,0,665023449,1513718974976,714816813568,0,0,0,0,0,0,0,0,0,0,0,0,0,0,0,0,0,0,0,0,0,0,0,0,0,0,0,0,0,0,0,0,0,0,0,0,0,0,0,0,0,0,0,0,0,0,0,0,0,0,0,0,0,0,0,0,0,0,0,0,7,1675888,92494189,31056875,0,0,0,0,0,0,0,0,0,0,0,0,0,0,0,0,0,0,0,0,0,0,0,0,0,0,0,0,0,0,0,0,0,0,0,0,0,12883132416,10814799872,786324,660083,31004315,12,0,96,786432,91647791,796294,280,3205269040,12884901888,0,649587038,0,0,0,0,0,0,0,0,0,0,0,0,0,0,0,0,0,0,16050775,115929312,0,468,1204,7863,623,32101822,35,0,0,0,0,0,0,0,1,0,0,0,0,0,0,0,0,0,0,21785093,0,31003789,252993,0,0,0,0,0,0,0,0,16384,0,0,0,0,0,0,0,0,0,0,0,6759,473,0,0,0,0,0,48790297,0,157,0,3,470,6759,0,0,0,0,0,0,0,0,0,0,0,0,0,0,0,0,0,0,0,0,0,0,0,0,0,0,0,0,0,0,0,0,0,0,0,0,0,0,0,0,0,0,0,0,0,0,0,0,0,0,0,0,0,0,222471691,0,0,0,456134384,0,0,0,0,0,0,0,65356587,92702161,254059861,160346010112,60732481,1,1,0,0,0,0,0,0,0,0,0,0,0,0,0,0,0,0,0,0,0,0,0,0,0,0,0,0,0,0,0,1100,0,0,0,0,0,0,0
1787688464.242,0,0,0,0,0,0,0,665192128,1514650487296,715096807936,0,0,0,0,0,0,0,0,0,0,0,0,0,0,0,0,0,0,0,0,0,0,0,0,0,0,0,0,0,0,0,0,0,0,0,0,0,0,0,0,0,0,0,0,0,0,0,0,0,0,0,0,0,0,0,0,0,0,0,0,7,1675971,92551175,31071363,0,0,0,0,0,0,0,0,0,0,0,0,0,0,0,0,0,0,0,0,0,0,0,0,0,0,0,0,0,0,0,0,0,0,0,0,0,12883329024,10748215296,786336,656019,31014472,0,0,96,786432,91704712,796294,280,3206102934,12884901888,0,649698431,0,0,0,0,0,0,0,0,0,0,0,0,0,0,0,0,0,0,16055662,115934197,0,468,1204,7863,623,32111598,35,0,0,0,0,0,0,0,1,0,0,0,0,0,0,0,0,0,0,21790723,0,31018263,253108,0,0,0,0,0,0,0,0,16384,0,0,0,0,0,0,0,0,0,0,0,6760,473,0,0,0,0,0,48805127,0,157,0,3,470,6760,0,0,0,0,0,0,0,0,0,0,0,0,0,0,0,0,0,0,0,0,0,0,0,0,0,0,0,0,0,0,0,0,0,0,0,0,0,0,0,0,0,0,0,0,0,0,0,0,0,0,0,0,0,0,222548537,0,0,0,456217412,0,0,0,0,0,0,0,65384228,92759005,254151034,160386159104,60758010,1,0,0,0,0,0,0,0,0,0,0,0,0,0,0,0,0,0,0,0,0,0,0,0,0,0,0,0,0,0,0,1183,0,0,0,0,0,0,0
1787688465.319,0,0,0,0,0,0,0,665361896,1515589405184,715385698304,0,0,0,0,0,0,0,0,0,0,0,0,0,0,0,0,0,0,0,0,0,0,0,0,0,0,0,0,0,0,0,0,0,0,0,0,0,0,0,0,0,0,0,0,0,0,0,0,0,0,0,0,0,0,0,0,0,0,0,0,7,1675998,92608587,31086124,0,0,0,0,0,0,0,0,0,0,0,0,0,0,0,0,0,0,0,0,0,0,0,0,0,0,0,0,0,0,0,0,0,0,0,0,0,12883329024,10675322880,786336,651570,31024629,0,0,96,786432,91762064,796294,280,3206946220,12884901888,0,649813564,0,0,0,0,0,0,0,0,0,0,0,0,0,0,0,0,0,0,16060580,115939117,0,468,1204,7863,623,32121434,35,0,0,0,0,0,0,0,1,0,0,0,0,0,0,0,0,0,0,21796400,0,31033038,253226,0,0,0,0,0,0,0,0,16384,0,0,0,0,0,0,0,0,0,0,0,6761,473,0,0,0,0,0,48820089,0,157,0,3,470,6761,0,0,0,0,0,0,0,0,0,0,0,0,0,0,0,0,0,0,0,0,0,0,0,0,0,0,0,0,0,0,0,0,0,0,0,0,0,0,0,0,0,0,0,0,0,0,0,0,0,0,0,0,0,0,222625998,0,0,0,456302057,0,0,0,0,0,0,0,65411841,92816282,254243341,160426791424,60783396,1,0,0,0,0,0,0,0,0,0,0,0,0,0,0,0,0,0,0,0,0,0,0,0,0,0,0,0,0,0,0,113,0,0,0,0,0,0,0
1787688466.395,0,0,0,0,0,0,0,665540166,1516575558144,715620301312,0,0,0,0,0,0,0,0,0,0,0,0,0,0,0,0,0,0,0,0,0,0,0,0,0,0,0,0,0,0,0,0,0,0,0,0,0,0,0,0,0,0,0,0,0,0,0,0,0,0,0,0,0,0,0,0,0,0,0,0,7,1676022,92668922,31097463,0,0,0,0,0,0,0,0,0,0,0,0,0,0,0,0,0,0,0,0,0,0,0,0,0,0,0,0,0,0,0,0,0,0,0,0,0,12883312640,10667409408,786336,651087,31044903,0,0,96,786432,91822328,796294,280,3207827250,12884901888,0,649930605,0,0,0,0,0,0,0,0,0,0,0,0,0,0,0,0,0,0,16065753,115944290,0,468,1204,7863,623,32131781,35,0,0,0,0,0,0,0,1,0,0,0,0,0,0,0,0,0,0,21802356,0,31044377,253319,0,0,0,0,0,0,0,0,16384,0,0,0,0,0,0,0,0,0,0,0,6762,473,0,0,0,0,0,48835775,0,157,0,3,470,6762,0,0,0,0,0,0,0,0,0,0,0,0,0,0,0,0,0,0,0,0,0,0,0,0,0,0,0,0,0,0,0,0,0,0,0,0,0,0,0,0,0,0,0,0,0,0,0,0,0,0,0,0,0,0,222706639,0,0,0,456389544,0,0,0,0,0,0,0,65442808,92876467,254335363,160469037056,60812660,1,0,0,0,0,0,0,0,0,0,0,0,0,0,0,0,0,0,0,0,0,0,0,0,0,0,0,0,0,0,0,464,0,0,0,0,0,0,0
1787688467.467,0,0,0,0,0,0,0,665721141,1517567986176,715836490752,0,0,0,0,0,0,0,0,0,0,0,0,0,0,0,0,0,0,0,0,0,0,0,0,0,0,0,0,0,0,0,0,0,0,0,0,0,0,0,0,0,0,0,0,0,0,0,0,0,0,0,0,0,0,0,0,0,0,0,0,7,1676052,92729636,31107651,0,0,0,0,0,0,0,0,0,0,0,0,0,0,0,0,0,0,0,0,0,0,0,0,0,0,0,0,0,0,0,0,0,0,0,0,0,12883329024,10681286656,786336,651934,31055091,0,0,97,786432,91882995,796294,280,3208721030,12884901888,0,650049468,0,0,0,0,0,0,0,0,0,0,0,0,0,0,0,0,0,0,16070996,115949533,0,468,1204,7863,623,32142269,35,0,0,0,0,0,0,0,1,0,0,0,0,0,0,0,0,0,0,21808387,0,31054565,253401,0,0,0,0,0,0,0,0,16384,0,0,0,0,0,0,0,0,0,0,0,6763,473,0,0,0,0,0,48851706,0,157,0,3,470,6763,0,0,0,0,0,0,0,0,0,0,0,0,0,0,0,0,0,0,0,0,0,0,0,0,0,0,0,0,0,0,0,0,0,0,0,0,0,0,0,0,0,0,0,0,0,0,0,0,0,0,0,0,0,0,222787437,0,0,0,456478236,0,0,0,0,0,0,0,65474144,92937027,254426397,160511391744,60842484,1,0,0,0,0,0,0,0,0,0,0,0,0,0,0,0,0,0,0,0,0,0,0,0,0,0,0,0,0,0,0,889,0,0,0,0,0,0,0
1787688468.547,0,0,0,0,0,0,0,665902049,1518563363328,716053850624,0,0,0,0,0,0,0,0,0,0,0,0,0,0,0,0,0,0,0,0,0,0,0,0,0,0,0,0,0,0,0,0,0,0,0,0,0,0,0,0,0,0,0,0,0,0,0,0,0,0,0,0,0,0,0,0,0,0,0,0,7,1676077,92790535,31117887,0,0,0,0,0,0,0,0,0,0,0,0,0,0,0,0,0,0,0,0,0,0,0,0,0,0,0,0,0,0,0,0,0,0,0,0,0,12883329024,10693869568,786336,652702,31065327,0,0,96,786432,91943835,796294,280,3209617874,12884901888,0,650171310,0,0,0,0,0,0,0,0,0,0,0,0,0,0,0,0,0,0,16076235,115954772,0,468,1204,7863,623,32152742,35,0,0,0,0,0,0,0,1,0,0,0,0,0,0,0,0,0,0,21814424,0,31064801,253483,0,0,0,0,0,0,0,0,16384,0,0,0,0,0,0,0,0,0,0,0,6764,473,0,0,0,0,0,48867626,0,157,0,3,470,6764,0,0,0,0,0,0,0,0,0,0,0,0,0,0,0,0,0,0,0,0,0,0,0,0,0,0,0,0,0,0,0,0,0,0,0,0,0,0,0,0,0,0,0,0,0,0,0,0,0,0,0,0,0,0,222869331,0,0,0,456567990,0,0,0,0,0,0,0,65505899,92997764,254518584,160554200576,60872694,0,0,0,0,0,0,0,0,0,0,0,0,0,0,0,0,0,0,0,0,0,0,0,0,0,0,0,0,0,0,0,133,0,0,0,0,0,0,0
1787688469.626,0,0,0,0,0,0,0,666082756,1519553317376,716270535168,0,0,0,0,0,0,0,0,0,0,0,0,0,0,0,0,0,0,0,0,0,0,0,0,0,0,0,0,0,0,0,0,0,0,0,0,0,0,0,0,0,0,0,0,0,0,0,0,0,0,0,0,0,0,0,0,0,0,0,0,7,1676098,92851110,31128104,0,0,0,0,0,0,0,0,0,0,0,0,0,0,0,0,0,0,0,0,0,0,0,0,0,0,0,0,0,0,0,0,0,0,0,0,0,12883329024,10706927616,786335,653499,31075544,0,0,97,786432,92004350,796294,280,3210509509,12884901888,0,650289376,0,0,0,0,0,0,0,0,0,0,0,0,0,0,0,0,0,0,16081483,115960018,0,468,1204,7863,623,32163241,35,0,0,0,0,0,0,0,1,0,0,0,0,0,0,0,0,0,0,21820463,0,31075018,253565,0,0,0,0,0,0,0,0,16384,0,0,0,0,0,0,0,0,0,0,0,6765,473,0,0,0,0,0,48883570,0,157,0,3,470,6765,0,0,0,0,0,0,0,0,0,0,0,0,0,0,0,0,0,0,0,0,0,0,0,0,0,0,0,0,0,0,0,0,0,0,0,0,0,0,0,0,0,0,0,0,0,0,0,0,0,0,0,0,0,0,222950489,0,0,0,456656632,0,0,0,0,0,0,0,65537157,93058179,254610000,160596596736,60902481,0,0,0,0,0,0,0,0,0,0,0,0,0,0,0,0,0,0,0,0,0,0,0,0,0,0,0,0,0,0,0,589,0,0,0,0,0,0,0
1787688470.704,0,0,0,0,0,0,0,666262424,1520543402496,716487897600,0,0,0,0,0,0,0,0,0,0,0,0,0,0,0,0,0,0,0,0,0,0,0,0,0,0,0,0,0,0,0,0,0,0,0,0,0,0,0,0,0,0,0,0,0,0,0,0,0,0,0,0,0,0,0,0,0,0,0,0,7,1676121,92911686,31138372,0,0,0,0,0,0,0,0,0,0,0,0,0,0,0,0,0,0,0,0,0,0,0,0,0,0,0,0,0,0,0,0,0,0,0,0,0,12883329024,10718920704,786336,654230,31085812,0,0,96,786432,92064849,796294,280,3211396684,12884901888,0,650407432,0,0,0,0,0,0,0,0,0,0,0,0,0,0,0,0,0,0,16086681,115965218,0,468,1204,7863,623,32173639,35,0,0,0,0,0,0,0,1,0,0,0,0,0,0,0,0,0,0,21826444,0,31085286,253647,0,0,0,0,0,0,0,0,16384,0,0,0,0,0,0,0,0,0,0,0,6767,473,0,0,0,0,0,48899410,0,157,0,3,470,6767,0,0,0,0,0,0,0,0,0,0,0,0,0,0,0,0,0,0,0,0,0,0,0,0,0,0,0,0,0,0,0,0,0,0,0,0,0,0,0,0,0,0,0,0,0,0,0,0,0,0,0,0,0,0,223031101,0,0,0,456744665,0,0,0,0,0,0,0,65568460,93118594,254700923,160638833664,60932339,0,0,0,0,0,0,0,0,0,0,0,0,0,0,0,0,0,0,0,0,0,0,0,0,0,0,0,0,0,0,0,977,0,0,0,0,0,0,0
1787688471.780,0,0,0,0,0,0,0,666442498,1521537796608,716706787328,0,0,0,0,0,0,0,0,0,0,0,0,0,0,0,0,0,0,0,0,0,0,0,0,0,0,0,0,0,0,0,0,0,0,0,0,0,0,0,0,0,0,0,0,0,0,0,0,0,0,0,0,0,0,0,0,0,0,0,0,7,1676154,92972507,31148709,0,0,0,0,0,0,0,0,0,0,0,0,0,0,0,0,0,0,0,0,0,0,0,0,0,0,0,0,0,0,0,0,0,0,0,0,0,12883329024,10731864064,786336,655021,31096149,0,0,96,786432,92125619,796294,280,3212290296,12884901888,0,650528964,0,0,0,0,0,0,0,0,0,0,0,0,0,0,0,0,0,0,16091896,115970432,0,468,1204,7863,623,32184071,35,0,0,0,0,0,0,0,1,0,0,0,0,0,0,0,0,0,0,21832456,0,31095623,253729,0,0,0,0,0,0,0,0,16384,0,0,0,0,0,0,0,0,0,0,0,6768,473,0,0,0,0,0,48915249,0,157,0,3,470,6768,0,0,0,0,0,0,0,0,0,0,0,0,0,0,0,0,0,0,0,0,0,0,0,0,0,0,0,0,0,0,0,0,0,0,0,0,0,0,0,0,0,0,0,0,0,0,0,0,0,0,0,0,0,0,223112750,0,0,0,456834005,0,0,0,0,0,0,0,65599961,93179268,254792963,160681456640,60962313,1,0,0,0,0,0,0,0,0,0,0,0,0,0,0,0,0,0,0,0,0,0,0,0,0,0,0,0,0,0,0,198,0,0,0,0,0,0,0
1787688472.859,0,0,0,0,0,0,0,666623585,1522535860736,716924984320,0,0,0,0,0,0,0,0,0,0,0,0,0,0,0,0,0,0,0,0,0,0,0,0,0,0,0,0,0,0,0,0,0,0,0,0,0,0,0,0,0,0,0,0,0,0,0,0,0,0,0,0,0,0,0,0,0,0,0,0,7,1676179,93033585,31159015,0,0,0,0,0,0,0,0,0,0,0,0,0,0,0,0,0,0,0,0,0,0,0,0,0,0,0,0,0,0,0,0,0,0,0,0,0,12883329024,10746724352,786336,655928,31106455,0,0,96,786432,92186636,796294,280,3213184774,12884901888,0,650648276,0,0,0,0,0,0,0,0,0,0,0,0,0,0,0,0,0,0,16097141,115975677,0,468,1204,7863,623,32194559,35,0,0,0,0,0,0,0,1,0,0,0,0,0,0,0,0,0,0,21838490,0,31105929,253811,0,0,0,0,0,0,0,0,16384,0,0,0,0,0,0,0,0,0,0,0,6769,473,0,0,0,0,0,48931179,0,157,0,3,470,6769,0,0,0,0,0,0,0,0,0,0,0,0,0,0,0,0,0,0,0,0,0,0,0,0,0,0,0,0,0,0,0,0,0,0,0,0,0,0,0,0,0,0,0,0,0,0,0,0,0,0,0,0,0,0,223194013,0,0,0,456922673,0,0,0,0,0,0,0,65631284,93240158,254884578,160723905536,60992116,0,1,0,0,0,0,0,0,0,0,0,0,0,0,0,0,0,0,0,0,0,0,0,0,0,0,0,0,0,0,0,619,0,0,0,0,0,0,0
1787688473.939,0,0,0,0,0,0,0,666804179,1523535563264,717141108224,0,0,0,0,0,0,0,0,0,0,0,0,0,0,0,0,0,0,0,0,0,0,0,0,0,0,0,0,0,0,0,0,0,0,0,0,0,0,0,0,0,0,0,0,0,0,0,0,0,0,0,0,0,0,0,0,0,0,0,0,7,1676204,93094727,31169197,0,0,0,0,0,0,0,0,0,0,0,0,0,0,0,0,0,0,0,0,0,0,0,0,0,0,0,0,0,0,0,0,0,0,0,0,0,12883329024,10761207808,786336,656812,31116637,0,0,96,786432,92247711,796294,280,3214076934,12884901888,0,650766701,0,0,0,0,0,0,0,0,0,0,0,0,0,0,0,0,0,0,16102376,115980913,0,468,1204,7863,623,32205026,35,0,0,0,0,0,0,0,1,0,0,0,0,0,0,0,0,0,0,21844514,0,31116111,253893,0,0,0,0,0,0,0,0,16384,0,0,0,0,0,0,0,0,0,0,0,6770,473,0,0,0,0,0,48947089,0,157,0,3,470,6770,0,0,0,0,0,0,0,0,0,0,0,0,0,0,0,0,0,0,0,0,0,0,0,0,0,0,0,0,0,0,0,0,0,0,0,0,0,0,0,0,0,0,0,0,0,0,0,0,0,0,0,0,0,0,223274518,0,0,0,457011203,0,0,0,0,0,0,0,65662451,93301156,254975304,160766206464,61021708,0,0,0,0,0,0,0,0,0,0,0,0,0,0,0,0,0,0,0,0,0,0,0,0,0,0,0,0,0,0,0,1042,0,0,0,0,0,0,0
1787688475.017,0,0,0,0,0,0,0,666982836,1524522387968,717357710848,0,0,0,0,0,0,0,0,0,0,0,0,0,0,0,0,0,0,0,0,0,0,0,0,0,0,0,0,0,0,0,0,0,0,0,0,0,0,0,0,0,0,0,0,0,0,0,0,0,0,0,0,0,0,0,0,0,0,0,0,7,1676227,93155103,31179433,0,0,0,0,0,0,0,0,0,0,0,0,0,0,0,0,0,0,0,0,0,0,0,0,0,0,0,0,0,0,0,0,0,0,0,0,0,12883296256,10772529152,786335,657503,31126873,1,0,97,786432,92308030,796294,280,3214963021,12884901888,0,650886535,0,0,0,0,0,0,0,0,0,0,0,0,0,0,0,0,0,0,16107553,115986090,0,468,1204,7863,623,32215381,35,0,0,0,0,0,0,0,1,0,0,0,0,0,0,0,0,0,0,21850477,0,31126347,253975,0,0,0,0,0,0,0,0,16384,0,0,0,0,0,0,0,0,0,0,0,6771,473,0,0,0,0,0,48962825,0,157,0,3,470,6771,0,0,0,0,0,0,0,0,0,0,0,0,0,0,0,0,0,0,0,0,0,0,0,0,0,0,0,0,0,0,0,0,0,0,0,0,0,0,0,0,0,0,0,0,0,0,0,0,0,0,0,0,0,0,223354994,0,0,0,457099991,0,0,0,0,0,0,0,65693025,93361393,255066071,160808274432,61050783,1,1,0,0,0,0,0,0,0,0,0,0,0,0,0,0,0,0,0,0,0,0,0,0,0,0,0,0,0,0,0,207,0,0,0,0,0,0,0
1787688476.096,0,0,0,0,0,0,0,667162794,1525511883264,717572700672,0,0,0,0,0,0,0,0,0,0,0,0,0,0,0,0,0,0,0,0,0,0,0,0,0,0,0,0,0,0,0,0,0,0,0,0,0,0,0,0,0,0,0,0,0,0,0,0,0,0,0,0,0,0,0,0,0,0,0,0,7,1676251,93215642,31189591,0,0,0,0,0,0,0,0,0,0,0,0,0,0,0,0,0,0,0,0,0,0,0,0,0,0,0,0,0,0,0,0,0,0,0,0,0,12883329024,10785587200,786336,658300,31137031,0,0,96,786432,92368490,796294,280,3215851450,12884901888,0,651004021,0,0,0,0,0,0,0,0,0,0,0,0,0,0,0,0,0,0,16112775,115991312,0,468,1204,7863,623,32225824,35,0,0,0,0,0,0,0,1,0,0,0,0,0,0,0,0,0,0,21856485,0,31136505,254057,0,0,0,0,0,0,0,0,16384,0,0,0,0,0,0,0,0,0,0,0,6772,473,0,0,0,0,0,48978697,0,157,0,3,470,6772,0,0,0,0,0,0,0,0,0,0,0,0,0,0,0,0,0,0,0,0,0,0,0,0,0,0,0,0,0,0,0,0,0,0,0,0,0,0,0,0,0,0,0,0,0,0,0,0,0,0,0,0,0,0,223435432,0,0,0,457188208,0,0,0,0,0,0,0,65724364,93421810,255156725,160850171392,61080543,0,0,0,0,0,0,0,0,0,0,0,0,0,0,0,0,0,0,0,0,0,0,0,0,0,0,0,0,0,0,0,613,0,0,0,0,0,0,0
1787688477.176,0,0,0,0,0,0,0,667342092,1526500035072,717798881280,0,0,0,0,0,0,0,0,0,0,0,0,0,0,0,0,0,0,0,0,0,0,0,0,0,0,0,0,0,0,0,0,0,0,0,0,0,0,0,0,0,0,0,0,0,0,0,0,0,0,0,0,0,0,0,0,0,0,0,0,7,1676281,93276102,31200252,0,0,0,0,0,0,0,0,0,0,0,0,0,0,0,0,0,0,0,0,0,0,0,0,0,0,0,0,0,0,0,0,0,0,0,0,0,12876496896,10789289984,785919,658526,31147178,414,0,96,786432,92428892,796294,280,3216737255,12884901888,0,651121815,0,0,0,0,0,0,0,0,0,0,0,0,0,0,0,0,0,0,16117970,115996507,0,468,1204,7863,623,32236219,35,0,0,0,0,0,0,0,1,0,0,0,0,0,0,0,0,0,0,21862464,0,31147164,254144,0,0,0,0,0,0,0,0,16384,0,0,0,0,0,0,0,0,0,0,0,6773,473,0,0,0,0,0,48994464,0,157,0,3,470,6773,0,0,0,0,0,0,0,0,0,0,0,0,0,0,0,0,0,0,0,0,0,0,0,0,0,0,0,0,0,0,0,0,0,0,0,0,0,0,0,0,0,0,0,0,0,0,0,0,0,0,0,0,0,0,223515372,0,0,0,457276148,0,0,0,0,0,0,0,65755469,93482146,255247565,160892069376,61109979,1,0,0,0,0,0,0,0,0,0,0,0,0,0,0,0,0,0,0,0,0,0,0,0,0,0,0,0,0,0,0,1008,0,0,0,0,0,0,0
1787688478.251,0,0,0,0,0,0,0,667517224,1527467870720,718081558016,0,0,0,0,0,0,0,0,0,0,0,0,0,0,0,0,0,0,0,0,0,0,0,0,0,0,0,0,0,0,0,0,0,0,0,0,0,0,0,0,0,0,0,0,0,0,0,0,0,0,0,0,0,0,0,0,0,0,0,0,7,1676300,93335323,31214693,0,0,0,0,0,0,0,0,0,0,0,0,0,0,0,0,0,0,0,0,0,0,0,0,0,0,0,0,0,0,0,0,0,0,0,0,0,12883329024,10729177088,786336,654857,31157325,0,0,96,786432,92488038,796294,280,3217606213,12884901888,0,651239787,0,0,0,0,0,0,0,0,0,0,0,0,0,0,0,0,0,0,16123043,116001580,0,468,1204,7863,623,32246364,35,0,0,0,0,0,0,0,1,0,0,0,0,0,0,0,0,0,0,21868313,0,31161633,254260,0,0,0,0,0,0,0,0,16384,0,0,0,0,0,0,0,0,0,0,0,6774,473,0,0,0,0,0,49009899,0,157,0,3,470,6774,0,0,0,0,0,0,0,0,0,0,0,0,0,0,0,0,0,0,0,0,0,0,0,0,0,0,0,0,0,0,0,0,0,0,0,0,0,0,0,0,0,0,0,0,0,0,0,0,0,0,0,0,0,0,223595133,0,0,0,457363316,0,0,0,0,0,0,0,65786417,93541202,255341677,160933685760,61138727,1,0,0,0,0,0,0,0,0,0,0,0,0,0,0,0,0,0,0,0,0,0,0,0,0,0,0,0,0,0,0,63,0,0,0,0,0,0,0
1787688479.327,0,0,0,0,0,0,0,667691930,1528433281536,718366581248,0,0,0,0,0,0,0,0,0,0,0,0,0,0,0,0,0,0,0,0,0,0,0,0,0,0,0,0,0,0,0,0,0,0,0,0,0,0,0,0,0,0,0,0,0,0,0,0,0,0,0,0,0,0,0,0,0,0,0,0,7,1676325,93394374,31229167,0,0,0,0,0,0,0,0,0,0,0,0,0,0,0,0,0,0,0,0,0,0,0,0,0,0,0,0,0,0,0,0,0,0,0,0,0,12883329024,10668310528,786336,651143,31167491,0,0,96,786432,92547022,796294,280,3218470369,12884901888,0,651355070,0,0,0,0,0,0,0,0,0,0,0,0,0,0,0,0,0,0,16128107,116006644,0,468,1204,7863,623,32256486,35,0,0,0,0,0,0,0,1,0,0,0,0,0,0,0,0,0,0,21874136,0,31176046,254376,0,0,0,0,0,0,0,0,16384,0,0,0,0,0,0,0,0,0,0,0,6775,473,0,0,0,0,0,49025293,0,157,0,3,470,6775,0,0,0,0,0,0,0,0,0,0,0,0,0,0,0,0,0,0,0,0,0,0,0,0,0,0,0,0,0,0,0,0,0,0,0,0,0,0,0,0,0,0,0,0,0,0,0,0,0,0,0,0,0,0,223673079,0,0,0,457449034,0,0,0,0,0,0,0,65816856,93600110,255434206,160974340608,61166994,0,0,0,0,0,0,0,0,0,0,0,0,0,0,0,0,0,0,0,0,0,0,0,0,0,0,0,0,0,0,0,315,0,0,0,0,0,0,0
1787688480.403,0,0,0,0,0,0,0,667871235,1529422383616,718598145024,0,0,0,0,0,0,0,0,0,0,0,0,0,0,0,0,0,0,0,0,0,0,0,0,0,0,0,0,0,0,0,0,0,0,0,0,0,0,0,0,0,0,0,0,0,0,0,0,0,0,0,0,0,0,0,0,0,0,0,0,7,1676352,93454894,31240399,0,0,0,0,0,0,0,0,0,0,0,0,0,0,0,0,0,0,0,0,0,0,0,0,0,0,0,0,0,0,0,0,0,0,0,0,0,12883312640,10663936000,786335,650875,31187839,1,0,96,786432,92607483,796294,280,3219355933,12884901888,0,651472416,0,0,0,0,0,0,0,0,0,0,0,0,0,0,0,0,0,0,16133304,116011841,0,468,1204,7863,623,32266883,35,0,0,0,0,0,0,0,1,0,0,0,0,0,0,0,0,0,0,21880120,0,31187313,254467,0,0,0,0,0,0,0,0,16384,0,0,0,0,0,0,0,0,0,0,0,6776,473,0,0,0,0,0,49041104,0,157,0,3,470,6776,0,0,0,0,0,0,0,0,0,0,0,0,0,0,0,0,0,0,0,0,0,0,0,0,0,0,0,0,0,0,0,0,0,0,0,0,0,0,0,0,0,0,0,0,0,0,0,0,0,0,0,0,0,0,223754364,0,0,0,457536942,0,0,0,0,0,0,0,65847870,93660479,255526686,161016655360,61196317,1,0,0,0,0,0,0,0,0,0,0,0,0,0,0,0,0,0,0,0,0,0,0,0,0,0,0,0,0,0,0,707,0,0,0,0,0,0,0
1787688481.482,0,0,0,0,0,0,0,668050377,1530414631424,718813062144,0,0,0,0,0,0,0,0,0,0,0,0,0,0,0,0,0,0,0,0,0,0,0,0,0,0,0,0,0,0,0,0,0,0,0,0,0,0,0,0,0,0,0,0,0,0,0,0,0,0,0,0,0,0,0,0,0,0,0,0,7,1676383,93515598,31250539,0,0,0,0,0,0,0,0,0,0,0,0,0,0,0,0,0,0,0,0,0,0,0,0,0,0,0,0,0,0,0,0,0,0,0,0,0,12883329024,10681204736,786336,651929,31197979,0,0,96,786432,92668120,796294,280,3220241242,12884901888,0,651589595,0,0,0,0,0,0,0,0,0,0,0,0,0,0,0,0,0,0,16138506,116017043,0,468,1204,7863,623,32277288,35,0,0,0,0,0,0,0,1,0,0,0,0,0,0,0,0,0,0,21886106,0,31197453,254549,0,0,0,0,0,0,0,0,16384,0,0,0,0,0,0,0,0,0,0,0,6777,473,0,0,0,0,0,49056894,0,157,0,3,470,6777,0,0,0,0,0,0,0,0,0,0,0,0,0,0,0,0,0,0,0,0,0,0,0,0,0,0,0,0,0,0,0,0,0,0,0,0,0,0,0,0,0,0,0,0,0,0,0,0,0,0,0,0,0,0,223834757,0,0,0,457624854,0,0,0,0,0,0,0,65878835,93721013,255617276,161058634752,61225790,0,0,0,0,0,0,0,0,0,0,0,0,0,0,0,0,0,0,0,0,0,0,0,0,0,0,0,0,0,0,0,1095,0,0,0,0,0,0,0
1787688482.557,0,0,0,0,0,0,0,668229124,1531401619968,719027943936,0,0,0,0,0,0,0,0,0,0,0,0,0,0,0,0,0,0,0,0,0,0,0,0,0,0,0,0,0,0,0,0,0,0,0,0,0,0,0,0,0,0,0,0,0,0,0,0,0,0,0,0,0,0,0,0,0,0,0,0,7,1676418,93575989,31260637,0,0,0,0,0,0,0,0,0,0,0,0,0,0,0,0,0,0,0,0,0,0,0,0,0,0,0,0,0,0,0,0,0,0,0,0,0,12883312640,10694295552,786335,652728,31208077,0,0,97,786432,92728453,796294,280,3221127693,12884901888,0,651710060,0,0,0,0,0,0,0,0,0,0,0,0,0,0,0,0,0,0,16143684,116022218,0,468,1204,7863,623,32287643,35,0,0,0,0,0,0,0,1,0,0,0,0,0,0,0,0,0,0,21892067,0,31207551,254629,0,0,0,0,0,0,0,0,16384,0,0,0,0,0,0,0,0,0,0,0,6778,473,0,0,0,0,0,49072633,0,157,0,3,470,6778,0,0,0,0,0,0,0,0,0,0,0,0,0,0,0,0,0,0,0,0,0,0,0,0,0,0,0,0,0,0,0,0,0,0,0,0,0,0,0,0,0,0,0,0,0,0,0,0,0,0,0,0,0,0,223916327,0,0,0,457713648,0,0,0,0,0,0,0,65909881,93781260,255708988,161101256192,61255370,1,0,0,0,0,0,0,0,0,0,0,0,0,0,0,0,0,0,0,0,0,0,0,0,0,0,0,0,0,0,0,259,0,0,0,0,0,0,0
1787688483.630,0,0,0,0,0,0,0,668409848,1532394916352,719241739264,0,0,0,0,0,0,0,0,0,0,0,0,0,0,0,0,0,0,0,0,0,0,0,0,0,0,0,0,0,0,0,0,0,0,0,0,0,0,0,0,0,0,0,0,0,0,0,0,0,0,0,0,0,0,0,0,0,0,0,0,7,1676497,93636731,31270690,0,0,0,0,0,0,0,0,0,0,0,0,0,0,0,0,0,0,0,0,0,0,0,0,0,0,0,0,0,0,0,0,0,0,0,0,0,12883312640,10712252416,786335,653824,31218130,0,0,97,786432,92789135,796294,280,3222019510,12884901888,0,651828248,0,0,0,0,0,0,0,0,0,0,0,0,0,0,0,0,0,0,16148919,116027456,0,468,1204,7863,623,32298113,35,0,0,0,0,0,0,0,1,0,0,0,0,0,0,0,0,0,0,21898100,0,31217604,254709,0,0,0,0,0,0,0,0,16384,0,0,0,0,0,0,0,0,0,0,0,6779,473,0,0,0,0,0,49088537,0,157,0,3,470,6779,0,0,0,0,0,0,0,0,0,0,0,0,0,0,0,0,0,0,0,0,0,0,0,0,0,0,0,0,0,0,0,0,0,0,0,0,0,0,0,0,0,0,0,0,0,0,0,0,0,0,0,0,0,0,223997373,0,0,0,457802154,0,0,0,0,0,0,0,65941610,93841845,255800130,161143622144,61285568,1,0,0,0,0,0,0,0,0,0,0,0,0,0,0,0,0,0,0,0,0,0,0,0,0,0,0,0,0,0,0,668,0,0,0,0,0,0,0
1787688484.709,0,0,0,0,0,0,0,668590344,1533389212160,719455719936,0,0,0,0,0,0,0,0,0,0,0,0,0,0,0,0,0,0,0,0,0,0,0,0,0,0,0,0,0,0,0,0,0,0,0,0,0,0,0,0,0,0,0,0,0,0,0,0,0,0,0,0,0,0,0,0,0,0,0,0,7,1676526,93697553,31280765,0,0,0,0,0,0,0,0,0,0,0,0,0,0,0,0,0,0,0,0,0,0,0,0,0,0,0,0,0,0,0,0,0,0,0,0,0,12883312640,10729914368,786335,654902,31228205,1,0,96,786432,92849896,796294,280,3222910292,12884901888,0,651946542,0,0,0,0,0,0,0,0,0,0,0,0,0,0,0,0,0,0,16154150,116032686,0,468,1204,7863,623,32308577,35,0,0,0,0,0,0,0,1,0,0,0,0,0,0,0,0,0,0,21904112,0,31227679,254789,0,0,0,0,0,0,0,0,16384,0,0,0,0,0,0,0,0,0,0,0,6781,473,0,0,0,0,0,49104431,0,157,0,3,470,6781,0,0,0,0,0,0,0,0,0,0,0,0,0,0,0,0,0,0,0,0,0,0,0,0,0,0,0,0,0,0,0,0,0,0,0,0,0,0,0,0,0,0,0,0,0,0,0,0,0,0,0,0,0,0,224077982,0,0,0,457890625,0,0,0,0,0,0,0,65973017,93902537,255890861,161185763328,61315499,0,0,0,0,0,0,0,0,0,0,0,0,0,0,0,0,0,0,0,0,0,0,0,0,0,0,0,0,0,0,0,1082,0,0,0,0,0,0,0
1787688485.788,0,0,0,0,0,0,0,668770544,1534380493312,719669671424,0,0,0,0,0,0,0,0,0,0,0,0,0,0,0,0,0,0,0,0,0,0,0,0,0,0,0,0,0,0,0,0,0,0,0,0,0,0,0,0,0,0,0,0,0,0,0,0,0,0,0,0,0,0,0,0,0,0,0,0,7,1676554,93758211,31290820,0,0,0,0,0,0,0,0,0,0,0,0,0,0,0,0,0,0,0,0,0,0,0,0,0,0,0,0,0,0,0,0,0,0,0,0,0,12883329024,10746462208,786336,655912,31238260,0,0,96,786432,92910481,796294,280,3223803443,12884901888,0,652067725,0,0,0,0,0,0,0,0,0,0,0,0,0,0,0,0,0,0,16159371,116037907,0,468,1204,7863,623,32319018,35,0,0,0,0,0,0,0,1,0,0,0,0,0,0,0,0,0,0,21910130,0,31237734,254869,0,0,0,0,0,0,0,0,16384,0,0,0,0,0,0,0,0,0,0,0,6782,473,0,0,0,0,0,49120316,0,157,0,3,470,6782,0,0,0,0,0,0,0,0,0,0,0,0,0,0,0,0,0,0,0,0,0,0,0,0,0,0,0,0,0,0,0,0,0,0,0,0,0,0,0,0,0,0,0,0,0,0,0,0,0,0,0,0,0,0,224159040,0,0,0,457980115,0,0,0,0,0,0,0,66004303,93963046,255982019,161228150784,61345314,1,1,0,0,0,0,0,0,0,0,0,0,0,0,0,0,0,0,0,0,0,0,0,0,0,0,0,0,0,0,0,296,0,0,0,0,0,0,0
1787688486.865,0,0,0,0,0,0,0,668949575,1535373232640,719883469824,0,0,0,0,0,0,0,0,0,0,0,0,0,0,0,0,0,0,0,0,0,0,0,0,0,0,0,0,0,0,0,0,0,0,0,0,0,0,0,0,0,0,0,0,0,0,0,0,0,0,0,0,0,0,0,0,0,0,0,0,7,1676575,93818944,31300902,0,0,0,0,0,0,0,0,0,0,0,0,0,0,0,0,0,0,0,0,0,0,0,0,0,0,0,0,0,0,0,0,0,0,0,0,0,12883312640,10763206656,786335,656934,31248342,0,0,97,786432,92971155,796294,280,3224688069,12884901888,0,652184711,0,0,0,0,0,0,0,0,0,0,0,0,0,0,0,0,0,0,16164570,116043107,0,468,1204,7863,623,32329417,35,0,0,0,0,0,0,0,1,0,0,0,0,0,0,0,0,0,0,21916110,0,31247816,254949,0,0,0,0,0,0,0,0,16384,0,0,0,0,0,0,0,0,0,0,0,6783,473,0,0,0,0,0,49136131,0,157,0,3,470,6783,0,0,0,0,0,0,0,0,0,0,0,0,0,0,0,0,0,0,0,0,0,0,0,0,0,0,0,0,0,0,0,0,0,0,0,0,0,0,0,0,0,0,0,0,0,0,0,0,0,0,0,0,0,0,224239471,0,0,0,458067938,0,0,0,0,0,0,0,66035404,94023635,256072579,161270011392,61374921,1,0,0,0,0,0,0,0,0,0,0,0,0,0,0,0,0,0,0,0,0,0,0,0,0,0,0,0,0,0,0,700,0,0,0,0,0,0,0
1787688487.940,0,0,0,0,0,0,0,669129771,1536363268608,720098286080,0,0,0,0,0,0,0,0,0,0,0,0,0,0,0,0,0,0,0,0,0,0,0,0,0,0,0,0,0,0,0,0,0,0,0,0,0,0,0,0,0,0,0,0,0,0,0,0,0,0,0,0,0,0,0,0,0,0,0,0,7,1676597,93879513,31311025,0,0,0,0,0,0,0,0,0,0,0,0,0,0,0,0,0,0,0,0,0,0,0,0,0,0,0,0,0,0,0,0,0,0,0,0,0,12883296256,10777690112,786335,657818,31258465,0,0,97,786432,93031672,796294,280,3225578215,12884901888,0,652303388,0,0,0,0,0,0,0,0,0,0,0,0,0,0,0,0,0,0,16169790,116048327,0,468,1204,7863,623,32339853,35,0,0,0,0,0,0,0,1,0,0,0,0,0,0,0,0,0,0,21922118,0,31257939,255031,0,0,0,0,0,0,0,0,16384,0,0,0,0,0,0,0,0,0,0,0,6784,473,0,0,0,0,0,49151998,0,157,0,3,470,6784,0,0,0,0,0,0,0,0,0,0,0,0,0,0,0,0,0,0,0,0,0,0,0,0,0,0,0,0,0,0,0,0,0,0,0,0,0,0,0,0,0,0,0,0,0,0,0,0,0,0,0,0,0,0,224319794,0,0,0,458156207,0,0,0,0,0,0,0,66066555,94084049,256163064,161312124416,61404516,1,0,0,0,0,0,0,0,0,0,0,0,0,0,0,0,0,0,0,0,0,0,0,0,0,0,0,0,0,0,0,1101,0,0,0,0,0,0,0
1787688489.015,0,0,0,0,0,0,0,669311434,1537370196480,720314532352,0,0,0,0,0,0,0,0,0,0,0,0,0,0,0,0,0,0,0,0,0,0,0,0,0,0,0,0,0,0,0,0,0,0,0,0,0,0,0,0,0,0,0,0,0,0,0,0,0,0,0,0,0,0,0,0,0,0,0,0,7,1676627,93941098,31321151,0,0,0,0,0,0,0,0,0,0,0,0,0,0,0,0,0,0,0,0,0,0,0,0,0,0,0,0,0,0,0,0,0,0,0,0,0,12883312640,10793943040,786335,658810,31268591,0,0,97,786432,93093183,796294,280,3226479214,12884901888,0,652425163,0,0,0,0,0,0,0,0,0,0,0,0,0,0,0,0,0,0,16175054,116053588,0,468,1204,7863,623,32350379,35,0,0,0,0,0,0,0,1,0,0,0,0,0,0,0,0,0,0,21928186,0,31268065,255113,0,0,0,0,0,0,0,0,16384,0,0,0,0,0,0,0,0,0,0,0,6785,473,0,0,0,0,0,49168002,0,157,0,3,470,6785,0,0,0,0,0,0,0,0,0,0,0,0,0,0,0,0,0,0,0,0,0,0,0,0,0,0,0,0,0,0,0,0,0,0,0,0,0,0,0,0,0,0,0,0,0,0,0,0,0,0,0,0,0,0,224402568,0,0,0,458246319,0,0,0,0,0,0,0,66098023,94145491,256256025,161355436544,61434541,0,0,0,0,0,0,0,0,0,0,0,0,0,0,0,0,0,0,0,0,0,0,0,0,0,0,0,0,0,0,0,377,0,0,0,0,0,0,0
1787688490.094,0,0,0,0,0,0,0,669491964,1538367654400,720529322496,0,0,0,0,0,0,0,0,0,0,0,0,0,0,0,0,0,0,0,0,0,0,0,0,0,0,0,0,0,0,0,0,0,0,0,0,0,0,0,0,0,0,0,0,0,0,0,0,0,0,0,0,0,0,0,0,0,0,0,0,7,1676711,94002121,31331264,0,0,0,0,0,0,0,0,0,0,0,0,0,0,0,0,0,0,0,0,0,0,0,0,0,0,0,0,0,0,0,0,0,0,0,0,0,12883329024,10809114624,786336,659736,31278704,0,0,96,786432,93154138,796294,280,3227370667,12884901888,0,652543495,0,0,0,0,0,0,0,0,0,0,0,0,0,0,0,0,0,0,16180286,116058822,0,468,1204,7863,623,32360846,35,0,0,0,0,0,0,0,1,0,0,0,0,0,0,0,0,0,0,21934210,0,31278178,255195,0,0,0,0,0,0,0,0,16384,0,0,0,0,0,0,0,0,0,0,0,6786,473,0,0,0,0,0,49183913,0,157,0,3,470,6786,0,0,0,0,0,0,0,0,0,0,0,0,0,0,0,0,0,0,0,0,0,0,0,0,0,0,0,0,0,0,0,0,0,0,0,0,0,0,0,0,0,0,0,0,0,0,0,0,0,0,0,0,0,0,224483668,0,0,0,458334844,0,0,0,0,0,0,0,66129936,94206390,256347288,161397826048,61464882,0,0,0,0,0,0,0,0,0,0,0,0,0,0,0,0,0,0,0,0,0,0,0,0,0,0,0,0,0,0,0,808,0,0,0,0,0,0,0
1787688491.172,0,0,0,0,0,0,0,669667062,1539329100288,720752244736,0,0,0,0,0,0,0,0,0,0,0,0,0,0,0,0,0,0,0,0,0,0,0,0,0,0,0,0,0,0,0,0,0,0,0,0,0,0,0,0,0,0,0,0,0,0,0,0,0,0,0,0,0,0,0,0,0,0,0,0,7,1676751,94060916,31341813,0,0,0,0,0,0,0,0,0,0,0,0,0,0,0,0,0,0,0,0,0,0,0,0,0,0,0,0,0,0,0,0,0,0,0,0,0,12876038144,10808770560,785891,659715,31288836,445,0,96,786432,93212852,796294,280,3228236381,12884901888,0,652659035,0,0,0,0,0,0,0,0,0,0,0,0,0,0,0,0,0,0,16185356,116063893,0,468,1204,7863,623,32370987,35,0,0,0,0,0,0,0,1,0,0,0,0,0,0,0,0,0,0,21940045,0,31288694,255281,0,0,0,0,0,0,0,0,16384,0,0,0,0,0,0,0,0,0,0,0,6787,473,0,0,0,0,0,49199322,0,157,0,3,470,6787,0,0,0,0,0,0,0,0,0,0,0,0,0,0,0,0,0,0,0,0,0,0,0,0,0,0,0,0,0,0,0,0,0,0,0,0,0,0,0,0,0,0,0,0,0,0,0,0,0,0,0,0,0,0,224564074,0,0,0,458420739,0,0,0,0,0,0,0,66158715,94265054,256438394,161439881728,61492107,1,0,0,0,0,0,0,0,0,0,0,0,0,0,0,0,0,0,0,0,0,0,0,0,0,0,0,0,0,0,0,1076,0,0,0,0,0,0,0
1787688492.250,0,0,0,0,0,0,0,669835556,1540255107584,721035717632,0,0,0,0,0,0,0,0,0,0,0,0,0,0,0,0,0,0,0,0,0,0,0,0,0,0,0,0,0,0,0,0,0,0,0,0,0,0,0,0,0,0,0,0,0,0,0,0,0,0,0,0,0,0,0,0,0,0,0,0,7,1676773,94117556,31356378,0,0,0,0,0,0,0,0,0,0,0,0,0,0,0,0,0,0,0,0,0,0,0,0,0,0,0,0,0,0,0,0,0,0,0,0,0,12883329024,10736058368,786336,655277,31299006,0,0,96,786432,93269430,796294,280,3229068540,12884901888,0,652770111,0,0,0,0,0,0,0,0,0,0,0,0,0,0,0,0,0,0,16190240,116068777,0,468,1204,7863,623,32380754,35,0,0,0,0,0,0,0,1,0,0,0,0,0,0,0,0,0,0,21945663,0,31303202,255398,0,0,0,0,0,0,0,0,16384,0,0,0,0,0,0,0,0,0,0,0,6788,473,0,0,0,0,0,49214171,0,157,0,3,470,6788,0,0,0,0,0,0,0,0,0,0,0,0,0,0,0,0,0,0,0,0,0,0,0,0,0,0,0,0,0,0,0,0,0,0,0,0,0,0,0,0,0,0,0,0,0,0,0,0,0,0,0,0,0,0,224640327,0,0,0,458503620,0,0,0,0,0,0,0,66186135,94321572,256529208,161479652864,61517366,1,1,0,0,0,0,0,0,0,0,0,0,0,0,0,0,0,0,0,0,0,0,0,0,0,0,0,0,0,0,0,1158,0,0,0,0,0,0,0
1787688493.327,0,0,0,0,0,0,0,670009880,1541221943808,721324569088,0,0,0,0,0,0,0,0,0,0,0,0,0,0,0,0,0,0,0,0,0,0,0,0,0,0,0,0,0,0,0,0,0,0,0,0,0,0,0,0,0,0,0,0,0,0,0,0,0,0,0,0,0,0,0,0,0,0,0,0,7,1676792,94176706,31370982,0,0,0,0,0,0,0,0,0,0,0,0,0,0,0,0,0,0,0,0,0,0,0,0,0,0,0,0,0,0,0,0,0,0,0,0,0,12883329024,10672472064,786335,651396,31309142,0,0,97,786432,93328523,796294,280,3229933420,12884901888,0,652887660,0,0,0,0,0,0,0,0,0,0,0,0,0,0,0,0,0,0,16195290,116073827,0,468,1204,7863,623,32390854,35,0,0,0,0,0,0,0,1,0,0,0,0,0,0,0,0,0,0,21951482,0,31317908,255516,0,0,0,0,0,0,0,0,16384,0,0,0,0,0,0,0,0,0,0,0,6789,473,0,0,0,0,0,49229565,0,157,0,3,470,6789,0,0,0,0,0,0,0,0,0,0,0,0,0,0,0,0,0,0,0,0,0,0,0,0,0,0,0,0,0,0,0,0,0,0,0,0,0,0,0,0,0,0,0,0,0,0,0,0,0,0,0,0,0,0,224718649,0,0,0,458590303,0,0,0,0,0,0,0,66216124,94380577,256622335,161520652800,61545159,1,0,0,0,0,0,0,0,0,0,0,0,0,0,0,0,0,0,0,0,0,0,0,0,0,0,0,0,0,0,0,226,0,0,0,0,0,0,0
1787688494.403,0,0,0,0,0,0,0,670189583,1542213405184,721549751808,0,0,0,0,0,0,0,0,0,0,0,0,0,0,0,0,0,0,0,0,0,0,0,0,0,0,0,0,0,0,0,0,0,0,0,0,0,0,0,0,0,0,0,0,0,0,0,0,0,0,0,0,0,0,0,0,0,0,0,0,7,1676810,94237366,31381891,0,0,0,0,0,0,0,0,0,0,0,0,0,0,0,0,0,0,0,0,0,0,0,0,0,0,0,0,0,0,0,0,0,0,0,0,0,12883329024,10672128000,786336,651375,31329331,0,0,97,786432,93389116,796294,280,3230820433,12884901888,0,653005436,0,0,0,0,0,0,0,0,0,0,0,0,0,0,0,0,0,0,16200494,116079029,0,468,1204,7863,623,32401263,35,0,0,0,0,0,0,0,1,0,0,0,0,0,0,0,0,0,0,21957469,0,31328805,255603,0,0,0,0,0,0,0,0,16384,0,0,0,0,0,0,0,0,0,0,0,6790,473,0,0,0,0,0,49245368,0,157,0,3,470,6790,0,0,0,0,0,0,0,0,0,0,0,0,0,0,0,0,0,0,0,0,0,0,0,0,0,0,0,0,0,0,0,0,0,0,0,0,0,0,0,0,0,0,0,0,0,0,0,0,0,0,0,0,0,0,224798897,0,0,0,458678352,0,0,0,0,0,0,0,66247187,94441092,256713400,161562568192,61574585,1,1,0,0,0,0,0,0,0,0,0,0,0,0,0,0,0,0,0,0,0,0,0,0,0,0,0,0,0,0,0,603,0,0,0,0,0,0,0
1787688495.483,0,0,0,0,0,0,0,670369406,1543202638336,721763748352,0,0,0,0,0,0,0,0,0,0,0,0,0,0,0,0,0,0,0,0,0,0,0,0,0,0,0,0,0,0,0,0,0,0,0,0,0,0,0,0,0,0,0,0,0,0,0,0,0,0,0,0,0,0,0,0,0,0,0,0,7,1676830,94297895,31391946,0,0,0,0,0,0,0,0,0,0,0,0,0,0,0,0,0,0,0,0,0,0,0,0,0,0,0,0,0,0,0,0,0,0,0,0,0,12883329024,10686742528,786336,652267,31339386,0,0,96,786432,93449585,796294,280,3231708602,12884901888,0,653123511,0,0,0,0,0,0,0,0,0,0,0,0,0,0,0,0,0,0,16205711,116084248,0,468,1204,7863,623,32411692,35,0,0,0,0,0,0,0,1,0,0,0,0,0,0,0,0,0,0,21963474,0,31338860,255683,0,0,0,0,0,0,0,0,16384,0,0,0,0,0,0,0,0,0,0,0,6791,473,0,0,0,0,0,49261244,0,157,0,3,470,6791,0,0,0,0,0,0,0,0,0,0,0,0,0,0,0,0,0,0,0,0,0,0,0,0,0,0,0,0,0,0,0,0,0,0,0,0,0,0,0,0,0,0,0,0,0,0,0,0,0,0,0,0,0,0,224880474,0,0,0,458766454,0,0,0,0,0,0,0,66278457,94501462,256805078,161605128192,61604323,0,0,0,0,0,0,0,0,0,0,0,0,0,0,0,0,0,0,0,0,0,0,0,0,0,0,0,0,0,0,0,1033,0,0,0,0,0,0,0
1787688496.556,0,0,0,0,0,0,0,670551788,1544208779776,721978434560,0,0,0,0,0,0,0,0,0,0,0,0,0,0,0,0,0,0,0,0,0,0,0,0,0,0,0,0,0,0,0,0,0,0,0,0,0,0,0,0,0,0,0,0,0,0,0,0,0,0,0,0,0,0,0,0,0,0,0,0,7,1676918,94359442,31401977,0,0,0,0,0,0,0,0,0,0,0,0,0,0,0,0,0,0,0,0,0,0,0,0,0,0,0,0,0,0,0,0,0,0,0,0,0,12883329024,10705207296,786336,653394,31349417,0,0,96,786432,93511070,796294,280,3232612667,12884901888,0,653245840,0,0,0,0,0,0,0,0,0,0,0,0,0,0,0,0,0,0,16210994,116089530,0,468,1204,7863,623,32422266,35,0,0,0,0,0,0,0,1,0,0,0,0,0,0,0,0,0,0,21969562,0,31348891,255763,0,0,0,0,0,0,0,0,16384,0,0,0,0,0,0,0,0,0,0,0,6792,473,0,0,0,0,0,49277309,0,157,0,3,470,6792,0,0,0,0,0,0,0,0,0,0,0,0,0,0,0,0,0,0,0,0,0,0,0,0,0,0,0,0,0,0,0,0,0,0,0,0,0,0,0,0,0,0,0,0,0,0,0,0,0,0,0,0,0,0,224963720,0,0,0,458856898,0,0,0,0,0,0,0,66310211,94562878,256898389,161648558592,61634559,1,0,0,0,0,0,0,0,0,0,0,0,0,0,0,0,0,0,0,0,0,0,0,0,0,0,0,0,0,0,0,305,0,0,0,0,0,0,0
1787688497.636,0,0,0,0,0,0,0,670732366,1545205746176,722192679936,0,0,0,0,0,0,0,0,0,0,0,0,0,0,0,0,0,0,0,0,0,0,0,0,0,0,0,0,0,0,0,0,0,0,0,0,0,0,0,0,0,0,0,0,0,0,0,0,0,0,0,0,0,0,0,0,0,0,0,0,7,1676946,94420416,31412048,0,0,0,0,0,0,0,0,0,0,0,0,0,0,0,0,0,0,0,0,0,0,0,0,0,0,0,0,0,0,0,0,0,0,0,0,0,12883329024,10719051776,786336,654239,31359488,0,0,96,786432,93571958,796294,280,3233504824,12884901888,0,653364678,0,0,0,0,0,0,0,0,0,0,0,0,0,0,0,0,0,0,16216223,116094759,0,468,1204,7863,623,32432719,35,0,0,0,0,0,0,0,1,0,0,0,0,0,0,0,0,0,0,21975582,0,31358962,255843,0,0,0,0,0,0,0,0,16384,0,0,0,0,0,0,0,0,0,0,0,6793,473,0,0,0,0,0,49293229,0,157,0,3,470,6793,0,0,0,0,0,0,0,0,0,0,0,0,0,0,0,0,0,0,0,0,0,0,0,0,0,0,0,0,0,0,0,0,0,0,0,0,0,0,0,0,0,0,0,0,0,0,0,0,0,0,0,0,0,0,225044960,0,0,0,458945424,0,0,0,0,0,0,0,66341799,94623712,256989745,161691064320,61664648,1,0,0,0,0,0,0,0,0,0,0,0,0,0,0,0,0,0,0,0,0,0,0,0,0,0,0,0,0,0,0,704,0,0,0,0,0,0,0
1787688498.715,0,0,0,0,0,0,0,670912299,1546197617152,722407312896,0,0,0,0,0,0,0,0,0,0,0,0,0,0,0,0,0,0,0,0,0,0,0,0,0,0,0,0,0,0,0,0,0,0,0,0,0,0,0,0,0,0,0,0,0,0,0,0,0,0,0,0,0,0,0,0,0,0,0,0,7,1676972,94481089,31422139,0,0,0,0,0,0,0,0,0,0,0,0,0,0,0,0,0,0,0,0,0,0,0,0,0,0,0,0,0,0,0,0,0,0,0,0,0,12883312640,10733092864,786335,655096,31369579,0,0,96,786432,93632560,796294,280,3234393121,12884901888,0,653482429,0,0,0,0,0,0,0,0,0,0,0,0,0,0,0,0,0,0,16221445,116099980,0,468,1204,7863,623,32443167,35,0,0,0,0,0,0,0,1,0,0,0,0,0,0,0,0,0,0,21981586,0,31369053,255923,0,0,0,0,0,0,0,0,16384,0,0,0,0,0,0,0,0,0,0,0,6795,473,0,0,0,0,0,49309103,0,157,0,3,470,6795,0,0,0,0,0,0,0,0,0,0,0,0,0,0,0,0,0,0,0,0,0,0,0,0,0,0,0,0,0,0,0,0,0,0,0,0,0,0,0,0,0,0,0,0,0,0,0,0,0,0,0,0,0,0,225126169,0,0,0,459033630,0,0,0,0,0,0,0,66373243,94684238,257081089,161733524992,61694577,1,0,0,0,0,0,0,0,0,0,0,0,0,0,0,0,0,0,0,0,0,0,0,0,0,0,0,0,0,0,0,1132,0,0,0,0,0,0,0
1787688499.794,0,0,0,0,0,0,0,671092856,1547193616896,722622782976,0,0,0,0,0,0,0,0,0,0,0,0,0,0,0,0,0,0,0,0,0,0,0,0,0,0,0,0,0,0,0,0,0,0,0,0,0,0,0,0,0,0,0,0,0,0,0,0,0,0,0,0,0,0,0,0,0,0,0,0,7,1676994,94542011,31432268,0,0,0,0,0,0,0,0,0,0,0,0,0,0,0,0,0,0,0,0,0,0,0,0,0,0,0,0,0,0,0,0,0,0,0,0,0,12883312640,10747576320,786335,655980,31379708,0,0,98,786432,93693409,796294,280,3235288154,12884901888,0,653603416,0,0,0,0,0,0,0,0,0,0,0,0,0,0,0,0,0,0,16226682,116105219,0,468,1204,7863,623,32453638,35,0,0,0,0,0,0,0,1,0,0,0,0,0,0,0,0,0,0,21987629,0,31379182,256005,0,0,0,0,0,0,0,0,16384,0,0,0,0,0,0,0,0,0,0,0,6796,473,0,0,0,0,0,49325072,0,157,0,3,470,6796,0,0,0,0,0,0,0,0,0,0,0,0,0,0,0,0,0,0,0,0,0,0,0,0,0,0,0,0,0,0,0,0,0,0,0,0,0,0,0,0,0,0,0,0,0,0,0,0,0,0,0,0,0,0,225207969,0,0,0,459123362,0,0,0,0,0,0,0,66404616,94745018,257173063,161776265216,61724507,1,1,0,0,0,0,0,0,0,0,0,0,0,0,0,0,0,0,0,0,0,0,0,0,0,0,0,0,0,0,0,372,0,0,0,0,0,0,0
1787688500.874,0,0,0,0,0,0,0,671272661,1548184799744,722835543552,0,0,0,0,0,0,0,0,0,0,0,0,0,0,0,0,0,0,0,0,0,0,0,0,0,0,0,0,0,0,0,0,0,0,0,0,0,0,0,0,0,0,0,0,0,0,0,0,0,0,0,0,0,0,0,0,0,0,0,0,7,1677012,94602621,31442272,0,0,0,0,0,0,0,0,0,0,0,0,0,0,0,0,0,0,0,0,0,0,0,0,0,0,0,0,0,0,0,0,0,0,0,0,0,12883329024,10760372224,786336,656761,31389712,0,0,96,786432,93753964,796294,280,3236176344,12884901888,0,653720911,0,0,0,0,0,0,0,0,0,0,0,0,0,0,0,0,0,0,16231891,116110428,0,468,1204,7863,623,32464054,35,0,0,0,0,0,0,0,1,0,0,0,0,0,0,0,0,0,0,21993621,0,31389186,256085,0,0,0,0,0,0,0,0,16384,0,0,0,0,0,0,0,0,0,0,0,6797,473,0,0,0,0,0,49340913,0,157,0,3,470,6797,0,0,0,0,0,0,0,0,0,0,0,0,0,0,0,0,0,0,0,0,0,0,0,0,0,0,0,0,0,0,0,0,0,0,0,0,0,0,0,0,0,0,0,0,0,0,0,0,0,0,0,0,0,0,225288647,0,0,0,459211482,0,0,0,0,0,0,0,66435841,94805466,257263790,161818292736,61754265,1,1,0,0,0,0,0,0,0,0,0,0,0,0,0,0,0,0,0,0,0,0,0,0,0,0,0,0,0,0,0,791,0,0,0,0,0,0,0
1787688501.952,0,0,0,0,0,0,0,671452669,1549173836288,723049661952,0,0,0,0,0,0,0,0,0,0,0,0,0,0,0,0,0,0,0,0,0,0,0,0,0,0,0,0,0,0,0,0,0,0,0,0,0,0,0,0,0,0,0,0,0,0,0,0,0,0,0,0,0,0,0,0,0,0,0,0,7,1677075,94663131,31452312,0,0,0,0,0,0,0,0,0,0,0,0,0,0,0,0,0,0,0,0,0,0,0,0,0,0,0,0,0,0,0,0,0,0,0,0,0,12883312640,10774675456,786336,657634,31399752,0,0,96,786432,93814425,796294,280,3237065146,12884901888,0,653838814,0,0,0,0,0,0,0,0,0,0,0,0,0,0,0,0,0,0,16237108,116115645,0,468,1204,7863,623,32474492,35,0,0,0,0,0,0,0,1,0,0,0,0,0,0,0,0,0,0,21999622,0,31399226,256165,0,0,0,0,0,0,0,0,16384,0,0,0,0,0,0,0,0,0,0,0,6798,473,0,0,0,0,0,49356795,0,157,0,3,470,6798,0,0,0,0,0,0,0,0,0,0,0,0,0,0,0,0,0,0,0,0,0,0,0,0,0,0,0,0,0,0,0,0,0,0,0,0,0,0,0,0,0,0,0,0,0,0,0,0,0,0,0,0,0,0,225370500,0,0,0,459299760,0,0,0,0,0,0,0,66467013,94865828,257355740,161861040640,61783966,0,0,0,0,0,0,0,0,0,0,0,0,0,0,0,0,0,0,0,0,0,0,0,0,0,0,0,0,0,0,0,1193,0,0,0,0,0,0,0
1787688503.030,0,0,0,0,0,0,0,671633343,1550164986368,723263796736,0,0,0,0,0,0,0,0,0,0,0,0,0,0,0,0,0,0,0,0,0,0,0,0,0,0,0,0,0,0,0,0,0,0,0,0,0,0,0,0,0,0,0,0,0,0,0,0,0,0,0,0,0,0,0,0,0,0,0,0,7,1677140,94723745,31462357,0,0,0,0,0,0,0,0,0,0,0,0,0,0,0,0,0,0,0,0,0,0,0,0,0,0,0,0,0,0,0,0,0,0,0,0,0,12883329024,10788519936,786335,658479,31409797,0,0,97,786432,93874987,796294,280,3237960917,12884901888,0,653960155,0,0,0,0,0,0,0,0,0,0,0,0,0,0,0,0,0,0,16242353,116120889,0,468,1204,7863,623,32484989,35,0,0,0,0,0,0,0,1,0,0,0,0,0,0,0,0,0,0,22005667,0,31409271,256245,0,0,0,0,0,0,0,0,16384,0,0,0,0,0,0,0,0,0,0,0,6799,473,0,0,0,0,0,49372721,0,157,0,3,470,6799,0,0,0,0,0,0,0,0,0,0,0,0,0,0,0,0,0,0,0,0,0,0,0,0,0,0,0,0,0,0,0,0,0,0,0,0,0,0,0,0,0,0,0,0,0,0,0,0,0,0,0,0,0,0,225451862,0,0,0,459389490,0,0,0,0,0,0,0,66497985,94926308,257447194,161903669248,61813440,1,0,0,0,0,0,0,0,0,0,0,0,0,0,0,0,0,0,0,0,0,0,0,0,0,0,0,0,0,0,0,457,0,0,0,0,0,0,0
1787688504.109,0,0,0,0,0,0,0,671815475,1551172946432,723477509120,0,0,0,0,0,0,0,0,0,0,0,0,0,0,0,0,0,0,0,0,0,0,0,0,0,0,0,0,0,0,0,0,0,0,0,0,0,0,0,0,0,0,0,0,0,0,0,0,0,0,0,0,0,0,0,0,0,0,0,0,7,1677174,94785391,31472388,0,0,0,0,0,0,0,0,0,0,0,0,0,0,0,0,0,0,0,0,0,0,0,0,0,0,0,0,0,0,0,0,0,0,0,0,0,12883312640,10805886976,786335,659539,31419828,0,0,97,786432,93936570,796294,280,3238860824,12884901888,0,654079560,0,0,0,0,0,0,0,0,0,0,0,0,0,0,0,0,0,0,16247637,116126173,0,468,1204,7863,623,32495549,35,0,0,0,0,0,0,0,1,0,0,0,0,0,0,0,0,0,0,22011747,0,31419302,256325,0,0,0,0,0,0,0,0,16384,0,0,0,0,0,0,0,0,0,0,0,6800,473,0,0,0,0,0,49388774,0,157,0,3,470,6800,0,0,0,0,0,0,0,0,0,0,0,0,0,0,0,0,0,0,0,0,0,0,0,0,0,0,0,0,0,0,0,0,0,0,0,0,0,0,0,0,0,0,0,0,0,0,0,0,0,0,0,0,0,0,225532748,0,0,0,459478797,0,0,0,0,0,0,0,66529441,94987814,257538157,161946100736,61843384,1,0,0,0,0,0,0,0,0,0,0,0,0,0,0,0,0,0,0,0,0,0,0,0,0,0,0,0,0,0,0,909,0,0,0,0,0,0,0
1787688505.187,0,0,0,0,0,0,0,671994163,1552163129856,723713850368,0,0,0,0,0,0,0,0,0,0,0,0,0,0,0,0,0,0,0,0,0,0,0,0,0,0,0,0,0,0,0,0,0,0,0,0,0,0,0,0,0,0,0,0,0,0,0,0,0,0,0,0,0,0,0,0,0,0,0,0,7,1677200,94845942,31483760,0,0,0,0,0,0,0,0,0,0,0,0,0,0,0,0,0,0,0,0,0,0,0,0,0,0,0,0,0,0,0,0,0,0,0,0,0,12866224128,10795794432,785292,658923,31429883,1044,0,97,786432,93997052,796294,280,3239747521,12884901888,0,654199745,0,0,0,0,0,0,0,0,0,0,0,0,0,0,0,0,0,0,16252807,116131344,0,468,1204,7863,623,32505892,35,0,0,0,0,0,0,0,1,0,0,0,0,0,0,0,0,0,0,22017709,0,31430637,256417,0,0,0,0,0,0,0,0,16384,0,0,0,0,0,0,0,0,0,0,0,6801,473,0,0,0,0,0,49404473,0,157,0,3,470,6801,0,0,0,0,0,0,0,0,0,0,0,0,0,0,0,0,0,0,0,0,0,0,0,0,0,0,0,0,0,0,0,0,0,0,0,0,0,0,0,0,0,0,0,0,0,0,0,0,0,0,0,0,0,0,225613807,0,0,0,459567509,0,0,0,0,0,0,0,66560802,95048219,257630681,161988584960,61873071,1,0,0,0,0,0,0,0,0,0,0,0,0,0,0,0,0,0,0,0,0,0,0,0,0,0,0,0,0,0,0,94,0,0,0,0,0,0,0
1787688506.265,0,0,0,0,0,0,0,672168787,1553131833856,723996385792,0,0,0,0,0,0,0,0,0,0,0,0,0,0,0,0,0,0,0,0,0,0,0,0,0,0,0,0,0,0,0,0,0,0,0,0,0,0,0,0,0,0,0,0,0,0,0,0,0,0,0,0,0,0,0,0,0,0,0,0,7,1677220,94905171,31498122,0,0,0,0,0,0,0,0,0,0,0,0,0,0,0,0,0,0,0,0,0,0,0,0,0,0,0,0,0,0,0,0,0,0,0,0,0,12883329024,10733502464,786336,655121,31439915,0,0,96,786432,94056208,796294,280,3240610961,12884901888,0,654314737,0,0,0,0,0,0,0,0,0,0,0,0,0,0,0,0,0,0,16257870,116136407,0,468,1204,7863,623,32516016,35,0,0,0,0,0,0,0,1,0,0,0,0,0,0,0,0,0,0,22023540,0,31444998,256530,0,0,0,0,0,0,0,0,16384,0,0,0,0,0,0,0,0,0,0,0,6802,473,0,0,0,0,0,49419882,0,157,0,3,470,6802,0,0,0,0,0,0,0,0,0,0,0,0,0,0,0,0,0,0,0,0,0,0,0,0,0,0,0,0,0,0,0,0,0,0,0,0,0,0,0,0,0,0,0,0,0,0,0,0,0,0,0,0,0,0,225691666,0,0,0,459653236,0,0,0,0,0,0,0,66591168,95107315,257722969,162029184000,61901329,0,0,0,0,0,0,0,0,0,0,0,0,0,0,0,0,0,0,0,0,0,0,0,0,0,0,0,0,0,0,0,341,0,0,0,0,0,0,0
1787688507.343,0,0,0,0,0,0,0,672344092,1554100275712,724272351232,0,0,0,0,0,0,0,0,0,0,0,0,0,0,0,0,0,0,0,0,0,0,0,0,0,0,0,0,0,0,0,0,0,0,0,0,0,0,0,0,0,0,0,0,0,0,0,0,0,0,0,0,0,0,0,0,0,0,0,0,7,1677241,94964426,31512217,0,0,0,0,0,0,0,0,0,0,0,0,0,0,0,0,0,0,0,0,0,0,0,0,0,0,0,0,0,0,0,0,0,0,0,0,0,12883329024,10676338688,786336,651632,31449986,0,0,97,786432,94115406,796294,280,3241478002,12884901888,0,654430104,0,0,0,0,0,0,0,0,0,0,0,0,0,0,0,0,0,0,16262955,116141491,0,468,1204,7863,623,32526189,35,0,0,0,0,0,0,0,1,0,0,0,0,0,0,0,0,0,0,22029390,0,31459131,256642,0,0,0,0,0,0,0,0,16384,0,0,0,0,0,0,0,0,0,0,0,6803,473,0,0,0,0,0,49435328,0,157,0,3,470,6803,0,0,0,0,0,0,0,0,0,0,0,0,0,0,0,0,0,0,0,0,0,0,0,0,0,0,0,0,0,0,0,0,0,0,0,0,0,0,0,0,0,0,0,0,0,0,0,0,0,0,0,0,0,0,225767108,0,0,0,459739346,0,0,0,0,0,0,0,66619656,95166431,257812501,162068720128,61927687,1,0,0,0,0,0,0,0,0,0,0,0,0,0,0,0,0,0,0,0,0,0,0,0,0,0,0,0,0,0,0,609,0,0,0,0,0,0,0
1787688508.419,0,0,0,0,0,0,0,672523345,1555084921344,724488761856,0,0,0,0,0,0,0,0,0,0,0,0,0,0,0,0,0,0,0,0,0,0,0,0,0,0,0,0,0,0,0,0,0,0,0,0,0,0,0,0,0,0,0,0,0,0,0,0,0,0,0,0,0,0,0,0,0,0,0,0,7,1677267,95024670,31522602,0,0,0,0,0,0,0,0,0,0,0,0,0,0,0,0,0,0,0,0,0,0,0,0,0,0,0,0,0,0,0,0,0,0,0,0,0,12883329024,10683285504,786336,652056,31470042,0,0,97,786432,94175583,796294,280,3242363530,12884901888,0,654547527,0,0,0,0,0,0,0,0,0,0,0,0,0,0,0,0,0,0,16268151,116146688,0,468,1204,7863,623,32536578,35,0,0,0,0,0,0,0,1,0,0,0,0,0,0,0,0,0,0,22035375,0,31469516,256725,0,0,0,0,0,0,0,0,16384,0,0,0,0,0,0,0,0,0,0,0,6804,473,0,0,0,0,0,49451128,0,157,0,3,470,6804,0,0,0,0,0,0,0,0,0,0,0,0,0,0,0,0,0,0,0,0,0,0,0,0,0,0,0,0,0,0,0,0,0,0,0,0,0,0,0,0,0,0,0,0,0,0,0,0,0,0,0,0,0,0,225844225,0,0,0,459827153,0,0,0,0,0,0,0,66648484,95226531,257900006,162109067264,61954950,0,1,0,0,0,0,0,0,0,0,0,0,0,0,0,0,0,0,0,0,0,0,0,0,0,0,0,0,0,0,0,1030,0,0,0,0,0,0,0
1787688509.498,0,0,0,0,0,0,0,672702553,1556074990080,724700280320,0,0,0,0,0,0,0,0,0,0,0,0,0,0,0,0,0,0,0,0,0,0,0,0,0,0,0,0,0,0,0,0,0,0,0,0,0,0,0,0,0,0,0,0,0,0,0,0,0,0,0,0,0,0,0,0,0,0,0,0,7,1677290,95085208,31532625,0,0,0,0,0,0,0,0,0,0,0,0,0,0,0,0,0,0,0,0,0,0,0,0,0,0,0,0,0,0,0,0,0,0,0,0,0,12883329024,10695049216,786336,652774,31480065,0,0,96,786432,94236057,796294,280,3243252482,12884901888,0,654667711,0,0,0,0,0,0,0,0,0,0,0,0,0,0,0,0,0,0,16273349,116151886,0,468,1204,7863,623,32546969,35,0,0,0,0,0,0,0,1,0,0,0,0,0,0,0,0,0,0,22041362,0,31479539,256805,0,0,0,0,0,0,0,0,16384,0,0,0,0,0,0,0,0,0,0,0,6805,473,0,0,0,0,0,49466929,0,157,0,3,470,6805,0,0,0,0,0,0,0,0,0,0,0,0,0,0,0,0,0,0,0,0,0,0,0,0,0,0,0,0,0,0,0,0,0,0,0,0,0,0,0,0,0,0,0,0,0,0,0,0,0,0,0,0,0,0,225922057,0,0,0,459916264,0,0,0,0,0,0,0,66677573,95286952,257987890,162149904896,61982537,1,0,0,0,0,0,0,0,0,0,0,0,0,0,0,0,0,0,0,0,0,0,0,0,0,0,0,0,0,0,0,250,0,0,0,0,0,0,0
1787688510.573,0,0,0,0,0,0,0,672883179,1557069105664,724911670784,0,0,0,0,0,0,0,0,0,0,0,0,0,0,0,0,0,0,0,0,0,0,0,0,0,0,0,0,0,0,0,0,0,0,0,0,0,0,0,0,0,0,0,0,0,0,0,0,0,0,0,0,0,0,0,0,0,0,0,0,7,1677316,95146034,31542667,0,0,0,0,0,0,0,0,0,0,0,0,0,0,0,0,0,0,0,0,0,0,0,0,0,0,0,0,0,0,0,0,0,0,0,0,0,12883329024,10707484672,786336,653533,31490107,0,0,96,786432,94296804,796294,280,3244143961,12884901888,0,654786435,0,0,0,0,0,0,0,0,0,0,0,0,0,0,0,0,0,0,16278583,116157119,0,468,1204,7863,623,32557437,35,0,0,0,0,0,0,0,1,0,0,0,0,0,0,0,0,0,0,22047384,0,31489581,256885,0,0,0,0,0,0,0,0,16384,0,0,0,0,0,0,0,0,0,0,0,6806,473,0,0,0,0,0,49482836,0,157,0,3,470,6806,0,0,0,0,0,0,0,0,0,0,0,0,0,0,0,0,0,0,0,0,0,0,0,0,0,0,0,0,0,0,0,0,0,0,0,0,0,0,0,0,0,0,0,0,0,0,0,0,0,0,0,0,0,0,225999699,0,0,0,460004767,0,0,0,0,0,0,0,66706748,95347645,258075609,162190509568,62010247,0,0,0,0,0,0,0,0,0,0,0,0,0,0,0,0,0,0,0,0,0,0,0,0,0,0,0,0,0,0,0,664,0,0,0,0,0,0,0
1787688511.652,0,0,0,0,0,0,0,673065234,1558066629120,725122955264,0,0,0,0,0,0,0,0,0,0,0,0,0,0,0,0,0,0,0,0,0,0,0,0,0,0,0,0,0,0,0,0,0,0,0,0,0,0,0,0,0,0,0,0,0,0,0,0,0,0,0,0,0,0,0,0,0,0,0,0,7,1677342,95207048,31552672,0,0,0,0,0,0,0,0,0,0,0,0,0,0,0,0,0,0,0,0,0,0,0,0,0,0,0,0,0,0,0,0,0,0,0,0,0,12883329024,10724245504,786336,654556,31500112,0,0,96,786432,94357748,796294,280,3245042798,12884901888,0,654905891,0,0,0,0,0,0,0,0,0,0,0,0,0,0,0,0,0,0,16283857,116162394,0,468,1204,7863,623,32567989,35,0,0,0,0,0,0,0,1,0,0,0,0,0,0,0,0,0,0,22053453,0,31499586,256965,0,0,0,0,0,0,0,0,16384,0,0,0,0,0,0,0,0,0,0,0,6807,473,0,0,0,0,0,49498858,0,157,0,3,470,6807,0,0,0,0,0,0,0,0,0,0,0,0,0,0,0,0,0,0,0,0,0,0,0,0,0,0,0,0,0,0,0,0,0,0,0,0,0,0,0,0,0,0,0,0,0,0,0,0,0,0,0,0,0,0,226077543,0,0,0,460093854,0,0,0,0,0,0,0,66735708,95408540,258163495,162231294464,62037702,1,0,0,0,0,0,0,0,0,0,0,0,0,0,0,0,0,0,0,0,0,0,0,0,0,0,0,0,0,0,0,1126,0,0,0,0,0,0,0
1787688512.731,0,0,0,0,0,0,0,673246139,1559062497792,725334750720,0,0,0,0,0,0,0,0,0,0,0,0,0,0,0,0,0,0,0,0,0,0,0,0,0,0,0,0,0,0,0,0,0,0,0,0,0,0,0,0,0,0,0,0,0,0,0,0,0,0,0,0,0,0,0,0,0,0,0,0,7,1677437,95267946,31562695,0,0,0,0,0,0,0,0,0,0,0,0,0,0,0,0,0,0,0,0,0,0,0,0,0,0,0,0,0,0,0,0,0,0,0,0,0,12883329024,10737057792,786336,655338,31510135,0,0,96,786432,94418578,796294,280,3245938969,12884901888,0,655027128,0,0,0,0,0,0,0,0,0,0,0,0,0,0,0,0,0,0,16289102,116167639,0,468,1204,7863,623,32578476,35,0,0,0,0,0,0,0,1,0,0,0,0,0,0,0,0,0,0,22059500,0,31509609,257045,0,0,0,0,0,0,0,0,16384,0,0,0,0,0,0,0,0,0,0,0,6809,473,0,0,0,0,0,49514815,0,157,0,3,470,6809,0,0,0,0,0,0,0,0,0,0,0,0,0,0,0,0,0,0,0,0,0,0,0,0,0,0,0,0,0,0,0,0,0,0,0,0,0,0,0,0,0,0,0,0,0,0,0,0,0,0,0,0,0,0,226155467,0,0,0,460183757,0,0,0,0,0,0,0,66765007,95469340,258251488,162272177664,62065484,0,0,0,0,0,0,0,0,0,0,0,0,0,0,0,0,0,0,0,0,0,0,0,0,0,0,0,0,0,0,0,328,0,0,0,0,0,0,0
1787688513.808,0,0,0,0,0,0,0,673426696,1560057235968,725544915456,0,0,0,0,0,0,0,0,0,0,0,0,0,0,0,0,0,0,0,0,0,0,0,0,0,0,0,0,0,0,0,0,0,0,0,0,0,0,0,0,0,0,0,0,0,0,0,0,0,0,0,0,0,0,0,0,0,0,0,0,7,1677469,95328800,31572658,0,0,0,0,0,0,0,0,0,0,0,0,0,0,0,0,0,0,0,0,0,0,0,0,0,0,0,0,0,0,0,0,0,0,0,0,0,12883329024,10750230528,786336,656142,31520098,0,0,96,786432,94479353,796294,280,3246830486,12884901888,0,655145333,0,0,0,0,0,0,0,0,0,0,0,0,0,0,0,0,0,0,16294333,116172869,0,468,1204,7863,623,32588939,35,0,0,0,0,0,0,0,1,0,0,0,0,0,0,0,0,0,0,22065522,0,31519572,257125,0,0,0,0,0,0,0,0,16384,0,0,0,0,0,0,0,0,0,0,0,6810,473,0,0,0,0,0,49530726,0,157,0,3,470,6810,0,0,0,0,0,0,0,0,0,0,0,0,0,0,0,0,0,0,0,0,0,0,0,0,0,0,0,0,0,0,0,0,0,0,0,0,0,0,0,0,0,0,0,0,0,0,0,0,0,0,0,0,0,0,226232294,0,0,0,460272264,0,0,0,0,0,0,0,66794422,95530068,258338306,162312520192,62093422,1,1,0,0,0,0,0,0,0,0,0,0,0,0,0,0,0,0,0,0,0,0,0,0,0,0,0,0,0,0,0,754,0,0,0,0,0,0,0
1787688514.887,0,0,0,0,0,0,0,673605411,1561050139136,725755842560,0,0,0,0,0,0,0,0,0,0,0,0,0,0,0,0,0,0,0,0,0,0,0,0,0,0,0,0,0,0,0,0,0,0,0,0,0,0,0,0,0,0,0,0,0,0,0,0,0,0,0,0,0,0,0,0,0,0,0,0,7,1677494,95389517,31582665,0,0,0,0,0,0,0,0,0,0,0,0,0,0,0,0,0,0,0,0,0,0,0,0,0,0,0,0,0,0,0,0,0,0,0,0,0,12883329024,10764664832,786336,657023,31530105,0,0,96,786432,94540005,796294,280,3247713791,12884901888,0,655262473,0,0,0,0,0,0,0,0,0,0,0,0,0,0,0,0,0,0,16299521,116178056,0,468,1204,7863,623,32599313,35,0,0,0,0,0,0,0,1,0,0,0,0,0,0,0,0,0,0,22071498,0,31529579,257205,0,0,0,0,0,0,0,0,16384,0,0,0,0,0,0,0,0,0,0,0,6811,473,0,0,0,0,0,49546487,0,157,0,3,470,6811,0,0,0,0,0,0,0,0,0,0,0,0,0,0,0,0,0,0,0,0,0,0,0,0,0,0,0,0,0,0,0,0,0,0,0,0,0,0,0,0,0,0,0,0,0,0,0,0,0,0,0,0,0,0,226309800,0,0,0,460359901,0,0,0,0,0,0,0,66823718,95590664,258425843,162353051136,62121213,1,0,0,0,0,0,0,0,0,0,0,0,0,0,0,0,0,0,0,0,0,0,0,0,0,0,0,0,0,0,0,1145,0,0,0,0,0,0,0
1787688515.962,0,0,0,0,0,0,0,673785050,1562043648512,725966868480,0,0,0,0,0,0,0,0,0,0,0,0,0,0,0,0,0,0,0,0,0,0,0,0,0,0,0,0,0,0,0,0,0,0,0,0,0,0,0,0,0,0,0,0,0,0,0,0,0,0,0,0,0,0,0,0,0,0,0,0,7,1677527,95450326,31592653,0,0,0,0,0,0,0,0,0,0,0,0,0,0,0,0,0,0,0,0,0,0,0,0,0,0,0,0,0,0,0,0,0,0,0,0,0,12883329024,10780098560,786336,657965,31540093,0,0,96,786432,94600745,796294,280,3248604271,12884901888,0,655382444,0,0,0,0,0,0,0,0,0,0,0,0,0,0,0,0,0,0,16304734,116183271,0,468,1204,7863,623,32609742,35,0,0,0,0,0,0,0,1,0,0,0,0,0,0,0,0,0,0,22077505,0,31539567,257285,0,0,0,0,0,0,0,0,16384,0,0,0,0,0,0,0,0,0,0,0,6812,473,0,0,0,0,0,49562328,0,157,0,3,470,6812,0,0,0,0,0,0,0,0,0,0,0,0,0,0,0,0,0,0,0,0,0,0,0,0,0,0,0,0,0,0,0,0,0,0,0,0,0,0,0,0,0,0,0,0,0,0,0,0,0,0,0,0,0,0,226387942,0,0,0,460449251,0,0,0,0,0,0,0,66853496,95651330,258514017,162393811968,62149544,0,0,0,0,0,0,0,0,0,0,0,0,0,0,0,0,0,0,0,0,0,0,0,0,0,0,0,0,0,0,0,356,0,0,0,0,0,0,0
1787688517.038,0,0,0,0,0,0,0,673965728,1563040729600,726177420288,0,0,0,0,0,0,0,0,0,0,0,0,0,0,0,0,0,0,0,0,0,0,0,0,0,0,0,0,0,0,0,0,0,0,0,0,0,0,0,0,0,0,0,0,0,0,0,0,0,0,0,0,0,0,0,0,0,0,0,0,7,1677600,95511307,31602654,0,0,0,0,0,0,0,0,0,0,0,0,0,0,0,0,0,0,0,0,0,0,0,0,0,0,0,0,0,0,0,0,0,0,0,0,0,12883329024,10792992768,786336,658752,31550094,0,0,97,786432,94661649,796294,280,3249496458,12884901888,0,655500349,0,0,0,0,0,0,0,0,0,0,0,0,0,0,0,0,0,0,16309971,116188507,0,468,1204,7863,623,32620213,35,0,0,0,0,0,0,0,1,0,0,0,0,0,0,0,0,0,0,22083526,0,31549568,257365,0,0,0,0,0,0,0,0,16384,0,0,0,0,0,0,0,0,0,0,0,6813,473,0,0,0,0,0,49578237,0,157,0,3,470,6813,0,0,0,0,0,0,0,0,0,0,0,0,0,0,0,0,0,0,0,0,0,0,0,0,0,0,0,0,0,0,0,0,0,0,0,0,0,0,0,0,0,0,0,0,0,0,0,0,0,0,0,0,0,0,226465034,0,0,0,460537804,0,0,0,0,0,0,0,66882979,95712191,258601141,162434087936,62177496,0,0,0,0,0,0,0,0,0,0,0,0,0,0,0,0,0,0,0,0,0,0,0,0,0,0,0,0,0,0,0,769,0,0,0,0,0,0,0
1787688518.117,0,0,0,0,0,0,0,674146442,1564038056448,726387692032,0,0,0,0,0,0,0,0,0,0,0,0,0,0,0,0,0,0,0,0,0,0,0,0,0,0,0,0,0,0,0,0,0,0,0,0,0,0,0,0,0,0,0,0,0,0,0,0,0,0,0,0,0,0,0,0,0,0,0,0,7,1677654,95572296,31612612,0,0,0,0,0,0,0,0,0,0,0,0,0,0,0,0,0,0,0,0,0,0,0,0,0,0,0,0,0,0,0,0,0,0,0,0,0,12883312640,10809180160,786335,659740,31560052,0,0,97,786432,94722572,796294,280,3250388794,12884901888,0,655618680,0,0,0,0,0,0,0,0,0,0,0,0,0,0,0,0,0,0,16315213,116193748,0,468,1204,7863,623,32630696,35,0,0,0,0,0,0,0,1,0,0,0,0,0,0,0,0,0,0,22089554,0,31559526,257445,0,0,0,0,0,0,0,0,16384,0,0,0,0,0,0,0,0,0,0,0,6814,473,0,0,0,0,0,49594181,0,157,0,3,470,6814,0,0,0,0,0,0,0,0,0,0,0,0,0,0,0,0,0,0,0,0,0,0,0,0,0,0,0,0,0,0,0,0,0,0,0,0,0,0,0,0,0,0,0,0,0,0,0,0,0,0,0,0,0,0,226542602,0,0,0,460626427,0,0,0,0,0,0,0,66912494,95773066,258688697,162474710528,62205591,1,1,0,0,0,0,0,0,0,0,0,0,0,0,0,0,0,0,0,0,0,0,0,0,0,0,0,0,0,0,0,1205,0,0,0,0,0,0,0
1787688519.196,0,0,0,0,0,0,0,674320490,1564999911936,726621878784,0,0,0,0,0,0,0,0,0,0,0,0,0,0,0,0,0,0,0,0,0,0,0,0,0,0,0,0,0,0,0,0,0,0,0,0,0,0,0,0,0,0,0,0,0,0,0,0,0,0,0,0,0,0,0,0,0,0,0,0,7,1677707,95631131,31623901,0,0,0,0,0,0,0,0,0,0,0,0,0,0,0,0,0,0,0,0,0,0,0,0,0,0,0,0,0,0,0,0,0,0,0,0,0,12866519040,10794450944,785310,658841,31569968,1026,0,96,786432,94781330,796294,280,3251251682,12884901888,0,655735664,0,0,0,0,0,0,0,0,0,0,0,0,0,0,0,0,0,0,16320255,116198791,0,468,1204,7863,623,32640779,35,0,0,0,0,0,0,0,1,0,0,0,0,0,0,0,0,0,0,22095372,0,31570815,257538,0,0,0,0,0,0,0,0,16384,0,0,0,0,0,0,0,0,0,0,0,6815,473,0,0,0,0,0,49609510,0,157,0,3,470,6815,0,0,0,0,0,0,0,0,0,0,0,0,0,0,0,0,0,0,0,0,0,0,0,0,0,0,0,0,0,0,0,0,0,0,0,0,0,0,0,0,0,0,0,0,0,0,0,0,0,0,0,0,0,0,226619102,0,0,0,460713044,0,0,0,0,0,0,0,66939584,95831776,258776709,162514670080,62231000,0,0,0,0,0,0,0,0,0,0,0,0,0,0,0,0,0,0,0,0,0,0,0,0,0,0,0,0,0,0,0,235,0,0,0,0,0,0,0
1787688520.270,0,0,0,0,0,0,0,674487993,1565924297216,726895485952,0,0,0,0,0,0,0,0,0,0,0,0,0,0,0,0,0,0,0,0,0,0,0,0,0,0,0,0,0,0,0,0,0,0,0,0,0,0,0,0,0,0,0,0,0,0,0,0,0,0,0,0,0,0,0,0,0,0,0,0,7,1677731,95687672,31637836,0,0,0,0,0,0,0,0,0,0,0,0,0,0,0,0,0,0,0,0,0,0,0,0,0,0,0,0,0,0,0,0,0,0,0,0,0,12883329024,10733322240,786336,655110,31579929,0,0,96,786432,94837809,796294,280,3252079731,12884901888,0,655846377,0,0,0,0,0,0,0,0,0,0,0,0,0,0,0,0,0,0,16325108,116203644,0,468,1204,7863,623,32650486,35,0,0,0,0,0,0,0,1,0,0,0,0,0,0,0,0,0,0,22100957,0,31584750,257649,0,0,0,0,0,0,0,0,16384,0,0,0,0,0,0,0,0,0,0,0,6816,473,0,0,0,0,0,49624241,0,157,0,3,470,6816,0,0,0,0,0,0,0,0,0,0,0,0,0,0,0,0,0,0,0,0,0,0,0,0,0,0,0,0,0,0,0,0,0,0,0,0,0,0,0,0,0,0,0,0,0,0,0,0,0,0,0,0,0,0,226693123,0,0,0,460795442,0,0,0,0,0,0,0,66965444,95888201,258864755,162553263104,62254741,1,0,0,0,0,0,0,0,0,0,0,0,0,0,0,0,0,0,0,0,0,0,0,0,0,0,0,0,0,0,0,279,0,0,0,0,0,0,0
1787688521.344,0,0,0,0,0,0,0,674662401,1566887283200,727179310080,0,0,0,0,0,0,0,0,0,0,0,0,0,0,0,0,0,0,0,0,0,0,0,0,0,0,0,0,0,0,0,0,0,0,0,0,0,0,0,0,0,0,0,0,0,0,0,0,0,0,0,0,0,0,0,0,0,0,0,0,7,1677755,95746574,31652578,0,0,0,0,0,0,0,0,0,0,0,0,0,0,0,0,0,0,0,0,0,0,0,0,0,0,0,0,0,0,0,0,0,0,0,0,0,12883329024,10665476096,786336,650969,31600018,0,0,96,786432,94896641,796294,280,3252941935,12884901888,0,655961352,0,0,0,0,0,0,0,0,0,0,0,0,0,0,0,0,0,0,16330167,116208703,0,468,1204,7863,623,32660605,35,0,0,0,0,0,0,0,1,0,0,0,0,0,0,0,0,0,0,22106780,0,31599492,257765,0,0,0,0,0,0,0,0,16384,0,0,0,0,0,0,0,0,0,0,0,6817,473,0,0,0,0,0,49639597,0,157,0,3,470,6817,0,0,0,0,0,0,0,0,0,0,0,0,0,0,0,0,0,0,0,0,0,0,0,0,0,0,0,0,0,0,0,0,0,0,0,0,0,0,0,0,0,0,0,0,0,0,0,0,0,0,0,0,0,0,226768776,0,0,0,460881060,0,0,0,0,0,0,0,66993750,95946970,258954953,162592922624,62280890,1,0,0,0,0,0,0,0,0,0,0,0,0,0,0,0,0,0,0,0,0,0,0,0,0,0,0,0,0,0,0,540,0,0,0,0,0,0,0
1787688522.421,0,0,0,0,0,0,0,674842842,1567884954112,727391088128,0,0,0,0,0,0,0,0,0,0,0,0,0,0,0,0,0,0,0,0,0,0,0,0,0,0,0,0,0,0,0,0,0,0,0,0,0,0,0,0,0,0,0,0,0,0,0,0,0,0,0,0,0,0,0,0,0,0,0,0,7,1677841,95807603,31662638,0,0,0,0,0,0,0,0,0,0,0,0,0,0,0,0,0,0,0,0,0,0,0,0,0,0,0,0,0,0,0,0,0,0,0,0,0,12883329024,10678599680,786336,651770,31610078,0,0,96,786432,94957592,796294,280,3253832768,12884901888,0,656079601,0,0,0,0,0,0,0,0,0,0,0,0,0,0,0,0,0,0,16335395,116213932,0,468,1204,7863,623,32671061,35,0,0,0,0,0,0,0,1,0,0,0,0,0,0,0,0,0,0,22112792,0,31609552,257845,0,0,0,0,0,0,0,0,16384,0,0,0,0,0,0,0,0,0,0,0,6818,473,0,0,0,0,0,49655496,0,157,0,3,470,6818,0,0,0,0,0,0,0,0,0,0,0,0,0,0,0,0,0,0,0,0,0,0,0,0,0,0,0,0,0,0,0,0,0,0,0,0,0,0,0,0,0,0,0,0,0,0,0,0,0,0,0,0,0,0,226846253,0,0,0,460969445,0,0,0,0,0,0,0,67023183,96007846,259042500,162633472512,62308780,0,0,0,0,0,0,0,0,0,0,0,0,0,0,0,0,0,0,0,0,0,0,0,0,0,0,0,0,0,0,0,967,0,0,0,0,0,0,0
1787688523.499,0,0,0,0,0,0,0,675022793,1568879495680,727602827776,0,0,0,0,0,0,0,0,0,0,0,0,0,0,0,0,0,0,0,0,0,0,0,0,0,0,0,0,0,0,0,0,0,0,0,0,0,0,0,0,0,0,0,0,0,0,0,0,0,0,0,0,0,0,0,0,0,0,0,0,7,1677865,95868433,31672659,0,0,0,0,0,0,0,0,0,0,0,0,0,0,0,0,0,0,0,0,0,0,0,0,0,0,0,0,0,0,0,0,0,0,0,0,0,12883312640,10692395008,786335,652612,31620099,0,0,97,786432,95018355,796294,280,3254724469,12884901888,0,656199640,0,0,0,0,0,0,0,0,0,0,0,0,0,0,0,0,0,0,16340613,116219149,0,468,1204,7863,623,32681497,35,0,0,0,0,0,0,0,1,0,0,0,0,0,0,0,0,0,0,22118803,0,31619573,257925,0,0,0,0,0,0,0,0,16384,0,0,0,0,0,0,0,0,0,0,0,6819,473,0,0,0,0,0,49671399,0,157,0,3,470,6819,0,0,0,0,0,0,0,0,0,0,0,0,0,0,0,0,0,0,0,0,0,0,0,0,0,0,0,0,0,0,0,0,0,0,0,0,0,0,0,0,0,0,0,0,0,0,0,0,0,0,0,0,0,0,226924898,0,0,0,461058796,0,0,0,0,0,0,0,67052521,96068547,259131198,162674529792,62336639,0,0,0,0,0,0,0,0,0,0,0,0,0,0,0,0,0,0,0,0,0,0,0,0,0,0,0,0,0,0,0,202,0,0,0,0,0,0,0
1787688524.578,0,0,0,0,0,0,0,675203485,1569871825408,727814787072,0,0,0,0,0,0,0,0,0,0,0,0,0,0,0,0,0,0,0,0,0,0,0,0,0,0,0,0,0,0,0,0,0,0,0,0,0,0,0,0,0,0,0,0,0,0,0,0,0,0,0,0,0,0,0,0,0,0,0,0,7,1677944,95929138,31682717,0,0,0,0,0,0,0,0,0,0,0,0,0,0,0,0,0,0,0,0,0,0,0,0,0,0,0,0,0,0,0,0,0,0,0,0,0,12883329024,10705813504,786334,653431,31630157,0,0,98,786432,95079003,796294,280,3255616157,12884901888,0,656317881,0,0,0,0,0,0,0,0,0,0,0,0,0,0,0,0,0,0,16345853,116224390,0,468,1204,7863,623,32691977,35,0,0,0,0,0,0,0,1,0,0,0,0,0,0,0,0,0,0,22124839,0,31629631,258005,0,0,0,0,0,0,0,0,16384,0,0,0,0,0,0,0,0,0,0,0,6820,473,0,0,0,0,0,49687316,0,157,0,3,470,6820,0,0,0,0,0,0,0,0,0,0,0,0,0,0,0,0,0,0,0,0,0,0,0,0,0,0,0,0,0,0,0,0,0,0,0,0,0,0,0,0,0,0,0,0,0,0,0,0,0,0,0,0,0,0,227002570,0,0,0,461147397,0,0,0,0,0,0,0,67082128,96129111,259218961,162715100672,62364728,0,0,0,0,0,0,0,0,0,0,0,0,0,0,0,0,0,0,0,0,0,0,0,0,0,0,0,0,0,0,0,633,0,0,0,0,0,0,0
1787688525.657,0,0,0,0,0,0,0,675383720,1570867874304,728025586688,0,0,0,0,0,0,0,0,0,0,0,0,0,0,0,0,0,0,0,0,0,0,0,0,0,0,0,0,0,0,0,0,0,0,0,0,0,0,0,0,0,0,0,0,0,0,0,0,0,0,0,0,0,0,0,0,0,0,0,0,7,1677962,95990064,31692722,0,0,0,0,0,0,0,0,0,0,0,0,0,0,0,0,0,0,0,0,0,0,0,0,0,0,0,0,0,0,0,0,0,0,0,0,0,12883296256,10720149504,786335,654306,31640162,0,0,96,786432,95139864,796294,280,3256506319,12884901888,0,656435805,0,0,0,0,0,0,0,0,0,0,0,0,0,0,0,0,0,0,16351077,116229614,0,468,1204,7863,623,32702427,35,0,0,0,0,0,0,0,1,0,0,0,0,0,0,0,0,0,0,22130851,0,31639636,258085,0,0,0,0,0,0,0,0,16384,0,0,0,0,0,0,0,0,0,0,0,6821,473,0,0,0,0,0,49703193,0,157,0,3,470,6821,0,0,0,0,0,0,0,0,0,0,0,0,0,0,0,0,0,0,0,0,0,0,0,0,0,0,0,0,0,0,0,0,0,0,0,0,0,0,0,0,0,0,0,0,0,0,0,0,0,0,0,0,0,0,227080189,0,0,0,461235704,0,0,0,0,0,0,0,67111439,96189919,259306607,162755560960,62392552,0,0,0,0,0,0,0,0,0,0,0,0,0,0,0,0,0,0,0,0,0,0,0,0,0,0,0,0,0,0,0,1058,0,0,0,0,0,0,0
1787688526.736,0,0,0,0,0,0,0,675564260,1571865659904,728238152192,0,0,0,0,0,0,0,0,0,0,0,0,0,0,0,0,0,0,0,0,0,0,0,0,0,0,0,0,0,0,0,0,0,0,0,0,0,0,0,0,0,0,0,0,0,0,0,0,0,0,0,0,0,0,0,0,0,0,0,0,7,1678061,96051090,31702764,0,0,0,0,0,0,0,0,0,0,0,0,0,0,0,0,0,0,0,0,0,0,0,0,0,0,0,0,0,0,0,0,0,0,0,0,0,12883296256,10732421120,786334,655055,31650204,0,0,96,786432,95200830,796294,280,3257401715,12884901888,0,656556898,0,0,0,0,0,0,0,0,0,0,0,0,0,0,0,0,0,0,16356307,116234843,0,468,1204,7863,623,32712888,35,0,0,0,0,0,0,0,1,0,0,0,0,0,0,0,0,0,0,22136874,0,31649678,258165,0,0,0,0,0,0,0,0,16384,0,0,0,0,0,0,0,0,0,0,0,6823,473,0,0,0,0,0,49719088,0,157,0,3,470,6823,0,0,0,0,0,0,0,0,0,0,0,0,0,0,0,0,0,0,0,0,0,0,0,0,0,0,0,0,0,0,0,0,0,0,0,0,0,0,0,0,0,0,0,0,0,0,0,0,0,0,0,0,0,0,227159022,0,0,0,461325307,0,0,0,0,0,0,0,67140949,96250835,259395513,162796899328,62420573,1,0,0,0,0,0,0,0,0,0,0,0,0,0,0,0,0,0,0,0,0,0,0,0,0,0,0,0,0,0,0,276,0,0,0,0,0,0,0
1787688527.812,0,0,0,0,0,0,0,675745884,1572865280512,728450262528,0,0,0,0,0,0,0,0,0,0,0,0,0,0,0,0,0,0,0,0,0,0,0,0,0,0,0,0,0,0,0,0,0,0,0,0,0,0,0,0,0,0,0,0,0,0,0,0,0,0,0,0,0,0,0,0,0,0,0,0,7,1678084,96112244,31712794,0,0,0,0,0,0,0,0,0,0,0,0,0,0,0,0,0,0,0,0,0,0,0,0,0,0,0,0,0,0,0,0,0,0,0,0,0,12883312640,10747445248,786335,655972,31660234,0,0,97,786432,95261914,796294,280,3258298609,12884901888,0,656675816,0,0,0,0,0,0,0,0,0,0,0,0,0,0,0,0,0,0,16361579,116240116,0,468,1204,7863,623,32723429,35,0,0,0,0,0,0,0,1,0,0,0,0,0,0,0,0,0,0,22142944,0,31659708,258245,0,0,0,0,0,0,0,0,16384,0,0,0,0,0,0,0,0,0,0,0,6824,473,0,0,0,0,0,49735089,0,157,0,3,470,6824,0,0,0,0,0,0,0,0,0,0,0,0,0,0,0,0,0,0,0,0,0,0,0,0,0,0,0,0,0,0,0,0,0,0,0,0,0,0,0,0,0,0,0,0,0,0,0,0,0,0,0,0,0,0,227238065,0,0,0,461414389,0,0,0,0,0,0,0,67170009,96311839,259484602,162838245376,62448145,1,0,0,0,0,0,0,0,0,0,0,0,0,0,0,0,0,0,0,0,0,0,0,0,0,0,0,0,0,0,0,736,0,0,0,0,0,0,0
1787688528.892,0,0,0,0,0,0,0,675924606,1573849827840,728661639168,0,0,0,0,0,0,0,0,0,0,0,0,0,0,0,0,0,0,0,0,0,0,0,0,0,0,0,0,0,0,0,0,0,0,0,0,0,0,0,0,0,0,0,0,0,0,0,0,0,0,0,0,0,0,0,0,0,0,0,0,7,1678176,96172455,31722847,0,0,0,0,0,0,0,0,0,0,0,0,0,0,0,0,0,0,0,0,0,0,0,0,0,0,0,0,0,0,0,0,0,0,0,0,0,12883329024,10758782976,786336,656664,31670287,0,0,96,786432,95322061,796294,280,3259181442,12884901888,0,656793278,0,0,0,0,0,0,0,0,0,0,0,0,0,0,0,0,0,0,16366760,116245295,0,468,1204,7863,623,32733793,35,0,0,0,0,0,0,0,1,0,0,0,0,0,0,0,0,0,0,22148909,0,31669761,258325,0,0,0,0,0,0,0,0,16384,0,0,0,0,0,0,0,0,0,0,0,6825,473,0,0,0,0,0,49750878,0,157,0,3,470,6825,0,0,0,0,0,0,0,0,0,0,0,0,0,0,0,0,0,0,0,0,0,0,0,0,0,0,0,0,0,0,0,0,0,0,0,0,0,0,0,0,0,0,0,0,0,0,0,0,0,0,0,0,0,0,227314102,0,0,0,461502041,0,0,0,0,0,0,0,67198694,96371911,259570723,162878266368,62475345,1,0,0,0,0,0,0,0,0,0,0,0,0,0,0,0,0,0,0,0,0,0,0,0,0,0,0,0,0,0,0,1111,0,0,0,0,0,0,0
1787688529.970,0,0,0,0,0,0,0,676103450,1574832835072,728873164288,0,0,0,0,0,0,0,0,0,0,0,0,0,0,0,0,0,0,0,0,0,0,0,0,0,0,0,0,0,0,0,0,0,0,0,0,0,0,0,0,0,0,0,0,0,0,0,0,0,0,0,0,0,0,0,0,0,0,0,0,7,1678207,96232598,31732929,0,0,0,0,0,0,0,0,0,0,0,0,0,0,0,0,0,0,0,0,0,0,0,0,0,0,0,0,0,0,0,0,0,0,0,0,0,12883296256,10768318464,786334,657246,31680369,0,0,97,786432,95382144,796294,280,3260068057,12884901888,0,656913443,0,0,0,0,0,0,0,0,0,0,0,0,0,0,0,0,0,0,16371938,116250475,0,468,1204,7863,623,32744146,35,0,0,0,0,0,0,0,1,0,0,0,0,0,0,0,0,0,0,22154877,0,31679843,258407,0,0,0,0,0,0,0,0,16384,0,0,0,0,0,0,0,0,0,0,0,6826,473,0,0,0,0,0,49766623,0,157,0,3,470,6826,0,0,0,0,0,0,0,0,0,0,0,0,0,0,0,0,0,0,0,0,0,0,0,0,0,0,0,0,0,0,0,0,0,0,0,0,0,0,0,0,0,0,0,0,0,0,0,0,0,0,0,0,0,0,227390498,0,0,0,461590842,0,0,0,0,0,0,0,67227252,96431930,259657238,162918190080,62502417,1,0,0,0,0,0,0,0,0,0,0,0,0,0,0,0,0,0,0,0,0,0,0,0,0,0,0,0,0,0,0,290,0,0,0,0,0,0,0
1787688531.043,0,0,0,0,0,0,0,676283172,1575831669248,729086204416,0,0,0,0,0,0,0,0,0,0,0,0,0,0,0,0,0,0,0,0,0,0,0,0,0,0,0,0,0,0,0,0,0,0,0,0,0,0,0,0,0,0,0,0,0,0,0,0,0,0,0,0,0,0,0,0,0,0,0,0,7,1678234,96293704,31743091,0,0,0,0,0,0,0,0,0,0,0,0,0,0,0,0,0,0,0,0,0,0,0,0,0,0,0,0,0,0,0,0,0,0,0,0,0,12883312640,10781753344,786335,658066,31690531,1,0,96,786432,95443173,796294,280,3260955909,12884901888,0,657031099,0,0,0,0,0,0,0,0,0,0,0,0,0,0,0,0,0,0,16377149,116255686,0,468,1204,7863,623,32754568,35,0,0,0,0,0,0,0,1,0,0,0,0,0,0,0,0,0,0,22160875,0,31690005,258489,0,0,0,0,0,0,0,0,16384,0,0,0,0,0,0,0,0,0,0,0,6827,473,0,0,0,0,0,49782472,0,157,0,3,470,6827,0,0,0,0,0,0,0,0,0,0,0,0,0,0,0,0,0,0,0,0,0,0,0,0,0,0,0,0,0,0,0,0,0,0,0,0,0,0,0,0,0,0,0,0,0,0,0,0,0,0,0,0,0,0,227466913,0,0,0,461678936,0,0,0,0,0,0,0,67256531,96492897,259743838,162958234624,62530219,1,1,0,0,0,0,0,0,0,0,0,0,0,0,0,0,0,0,0,0,0,0,0,0,0,0,0,0,0,0,0,695,0,0,0,0,0,0,0
1787688532.122,0,0,0,0,0,0,0,676463491,1576824179200,729299455488,0,0,0,0,0,0,0,0,0,0,0,0,0,0,0,0,0,0,0,0,0,0,0,0,0,0,0,0,0,0,0,0,0,0,0,0,0,0,0,0,0,0,0,0,0,0,0,0,0,0,0,0,0,0,0,0,0,0,0,0,7,1678261,96354414,31753196,0,0,0,0,0,0,0,0,0,0,0,0,0,0,0,0,0,0,0,0,0,0,0,0,0,0,0,0,0,0,0,0,0,0,0,0,0,12883312640,10794172416,786336,658824,31700636,0,0,96,786432,95503825,796294,280,3261846721,12884901888,0,657149297,0,0,0,0,0,0,0,0,0,0,0,0,0,0,0,0,0,0,16382377,116260914,0,468,1204,7863,623,32765033,35,0,0,0,0,0,0,0,1,0,0,0,0,0,0,0,0,0,0,22166886,0,31700110,258571,0,0,0,0,0,0,0,0,16384,0,0,0,0,0,0,0,0,0,0,0,6828,473,0,0,0,0,0,49798395,0,157,0,3,470,6828,0,0,0,0,0,0,0,0,0,0,0,0,0,0,0,0,0,0,0,0,0,0,0,0,0,0,0,0,0,0,0,0,0,0,0,0,0,0,0,0,0,0,0,0,0,0,0,0,0,0,0,0,0,0,227545097,0,0,0,461767375,0,0,0,0,0,0,0,67285712,96553482,259832177,162999363584,62557912,0,0,0,0,0,0,0,0,0,0,0,0,0,0,0,0,0,0,0,0,0,0,0,0,0,0,0,0,0,0,0,1113,0,0,0,0,0,0,0
1787688533.201,0,0,0,0,0,0,0,676640949,1577802713600,729546164224,0,0,0,0,0,0,0,0,0,0,0,0,0,0,0,0,0,0,0,0,0,0,0,0,0,0,0,0,0,0,0,0,0,0,0,0,0,0,0,0,0,0,0,0,0,0,0,0,0,0,0,0,0,0,0,0,0,0,0,0,7,1678280,96414251,31765152,0,0,0,0,0,0,0,0,0,0,0,0,0,0,0,0,0,0,0,0,0,0,0,0,0,0,0,0,0,0,0,0,0,0,0,0,0,12872826880,10775625728,785695,657692,31710672,641,0,97,786432,95563607,796294,280,3262726508,12884901888,0,657268059,0,0,0,0,0,0,0,0,0,0,0,0,0,0,0,0,0,0,16387524,116266061,0,468,1204,7863,623,32775326,35,0,0,0,0,0,0,0,1,0,0,0,0,0,0,0,0,0,0,22172822,0,31712066,258669,0,0,0,0,0,0,0,0,16384,0,0,0,0,0,0,0,0,0,0,0,6829,473,0,0,0,0,0,49814049,0,157,0,3,470,6829,0,0,0,0,0,0,0,0,0,0,0,0,0,0,0,0,0,0,0,0,0,0,0,0,0,0,0,0,0,0,0,0,0,0,0,0,0,0,0,0,0,0,0,0,0,0,0,0,0,0,0,0,0,0,227621952,0,0,0,461855654,0,0,0,0,0,0,0,67314753,96613223,259921290,163039432192,62585150,0,0,0,0,0,0,0,0,0,0,0,0,0,0,0,0,0,0,0,0,0,0,0,0,0,0,0,0,0,0,0,249,0,0,0,0,0,0,0
1787688534.280,0,0,0,0,0,0,0,676816863,1578772531712,729826394624,0,0,0,0,0,0,0,0,0,0,0,0,0,0,0,0,0,0,0,0,0,0,0,0,0,0,0,0,0,0,0,0,0,0,0,0,0,0,0,0,0,0,0,0,0,0,0,0,0,0,0,0,0,0,0,0,0,0,0,0,7,1678305,96473600,31779681,0,0,0,0,0,0,0,0,0,0,0,0,0,0,0,0,0,0,0,0,0,0,0,0,0,0,0,0,0,0,0,0,0,0,0,0,0,12883329024,10712530944,786336,653841,31720724,0,0,96,786432,95622885,796294,280,3263595058,12884901888,0,657383340,0,0,0,0,0,0,0,0,0,0,0,0,0,0,0,0,0,0,16392626,116271163,0,468,1204,7863,623,32785522,35,0,0,0,0,0,0,0,1,0,0,0,0,0,0,0,0,0,0,22178687,0,31726529,258782,0,0,0,0,0,0,0,0,16384,0,0,0,0,0,0,0,0,0,0,0,6830,473,0,0,0,0,0,49829565,0,157,0,3,470,6830,0,0,0,0,0,0,0,0,0,0,0,0,0,0,0,0,0,0,0,0,0,0,0,0,0,0,0,0,0,0,0,0,0,0,0,0,0,0,0,0,0,0,0,0,0,0,0,0,0,0,0,0,0,0,227698592,0,0,0,461941953,0,0,0,0,0,0,0,67343592,96672438,260012279,163079552512,62611808,1,0,0,0,0,0,0,0,0,0,0,0,0,0,0,0,0,0,0,0,0,0,0,0,0,0,0,0,0,0,0,543,0,0,0,0,0,0,0
1787688535.357,0,0,0,0,0,0,0,676993520,1579750214144,730094936576,0,0,0,0,0,0,0,0,0,0,0,0,0,0,0,0,0,0,0,0,0,0,0,0,0,0,0,0,0,0,0,0,0,0,0,0,0,0,0,0,0,0,0,0,0,0,0,0,0,0,0,0,0,0,0,0,0,0,0,0,7,1678337,96533397,31793292,0,0,0,0,0,0,0,0,0,0,0,0,0,0,0,0,0,0,0,0,0,0,0,0,0,0,0,0,0,0,0,0,0,0,0,0,0,12883329024,10666688512,786336,651043,31740732,0,0,96,786432,95682623,796294,280,3264468303,12884901888,0,657499052,0,0,0,0,0,0,0,0,0,0,0,0,0,0,0,0,0,0,16397748,116276284,0,468,1204,7863,623,32795768,35,0,0,0,0,0,0,0,1,0,0,0,0,0,0,0,0,0,0,22184581,0,31740206,258891,0,0,0,0,0,0,0,0,16384,0,0,0,0,0,0,0,0,0,0,0,6831,473,0,0,0,0,0,49845138,0,157,0,3,470,6831,0,0,0,0,0,0,0,0,0,0,0,0,0,0,0,0,0,0,0,0,0,0,0,0,0,0,0,0,0,0,0,0,0,0,0,0,0,0,0,0,0,0,0,0,0,0,0,0,0,0,0,0,0,0,227773738,0,0,0,462028632,0,0,0,0,0,0,0,67371926,96732121,260101032,163118973952,62638033,1,1,0,0,0,0,0,0,0,0,0,0,0,0,0,0,0,0,0,0,0,0,0,0,0,0,0,0,0,0,0,853,0,0,0,0,0,0,0
1787688536.434,0,0,0,0,0,0,0,677173356,1580743428608,730306221568,0,0,0,0,0,0,0,0,0,0,0,0,0,0,0,0,0,0,0,0,0,0,0,0,0,0,0,0,0,0,0,0,0,0,0,0,0,0,0,0,0,0,0,0,0,0,0,0,0,0,0,0,0,0,0,0,0,0,0,0,7,1678393,96594142,31803323,0,0,0,0,0,0,0,0,0,0,0,0,0,0,0,0,0,0,0,0,0,0,0,0,0,0,0,0,0,0,0,0,0,0,0,0,0,12883312640,10682728448,786335,652022,31750763,1,0,96,786432,95743307,796294,280,3265359267,12884901888,0,657619435,0,0,0,0,0,0,0,0,0,0,0,0,0,0,0,0,0,0,16402963,116281498,0,468,1204,7863,623,32806198,35,0,0,0,0,0,0,0,1,0,0,0,0,0,0,0,0,0,0,22190590,0,31750237,258971,0,0,0,0,0,0,0,0,16384,0,0,0,0,0,0,0,0,0,0,0,6832,473,0,0,0,0,0,49860976,0,157,0,3,470,6832,0,0,0,0,0,0,0,0,0,0,0,0,0,0,0,0,0,0,0,0,0,0,0,0,0,0,0,0,0,0,0,0,0,0,0,0,0,0,0,0,0,0,0,0,0,0,0,0,0,0,0,0,0,0,227851327,0,0,0,462118074,0,0,0,0,0,0,0,67401032,96792732,260188692,163159500288,62665660,1,1,0,0,0,0,0,0,0,0,0,0,0,0,0,0,0,0,0,0,0,0,0,0,0,0,0,0,0,0,0,46,0,0,0,0,0,0,0
1787688537.514,0,0,0,0,0,0,0,677352887,1581741312512,730517322240,0,0,0,0,0,0,0,0,0,0,0,0,0,0,0,0,0,0,0,0,0,0,0,0,0,0,0,0,0,0,0,0,0,0,0,0,0,0,0,0,0,0,0,0,0,0,0,0,0,0,0,0,0,0,0,0,0,0,0,0,7,1678453,96655185,31813377,0,0,0,0,0,0,0,0,0,0,0,0,0,0,0,0,0,0,0,0,0,0,0,0,0,0,0,0,0,0,0,0,0,0,0,0,0,12883296256,10696097792,786334,652838,31760817,0,0,96,786432,95804274,796294,280,3266246497,12884901888,0,657737449,0,0,0,0,0,0,0,0,0,0,0,0,0,0,0,0,0,0,16408166,116286701,0,468,1204,7863,623,32816602,35,0,0,0,0,0,0,0,1,0,0,0,0,0,0,0,0,0,0,22196577,0,31760291,259051,0,0,0,0,0,0,0,0,16384,0,0,0,0,0,0,0,0,0,0,0,6833,473,0,0,0,0,0,49876808,0,157,0,3,470,6833,0,0,0,0,0,0,0,0,0,0,0,0,0,0,0,0,0,0,0,0,0,0,0,0,0,0,0,0,0,0,0,0,0,0,0,0,0,0,0,0,0,0,0,0,0,0,0,0,0,0,0,0,0,0,227927604,0,0,0,462206039,0,0,0,0,0,0,0,67430283,96853646,260275046,163199570432,62693421,1,0,0,0,0,0,0,0,0,0,0,0,0,0,0,0,0,0,0,0,0,0,0,0,0,0,0,0,0,0,0,432,0,0,0,0,0,0,0
1787688538.593,0,0,0,0,0,0,0,677531799,1582731987456,730729221632,0,0,0,0,0,0,0,0,0,0,0,0,0,0,0,0,0,0,0,0,0,0,0,0,0,0,0,0,0,0,0,0,0,0,0,0,0,0,0,0,0,0,0,0,0,0,0,0,0,0,0,0,0,0,0,0,0,0,0,0,7,1678473,96715772,31823457,0,0,0,0,0,0,0,0,0,0,0,0,0,0,0,0,0,0,0,0,0,0,0,0,0,0,0,0,0,0,0,0,0,0,0,0,0,12883329024,10709450752,786336,653653,31770897,0,0,96,786432,95864798,796294,280,3267130586,12884901888,0,657854583,0,0,0,0,0,0,0,0,0,0,0,0,0,0,0,0,0,0,16413359,116291895,0,468,1204,7863,623,32826989,35,0,0,0,0,0,0,0,1,0,0,0,0,0,0,0,0,0,0,22202557,0,31770371,259131,0,0,0,0,0,0,0,0,16384,0,0,0,0,0,0,0,0,0,0,0,6834,473,0,0,0,0,0,49892574,0,157,0,3,470,6834,0,0,0,0,0,0,0,0,0,0,0,0,0,0,0,0,0,0,0,0,0,0,0,0,0,0,0,0,0,0,0,0,0,0,0,0,0,0,0,0,0,0,0,0,0,0,0,0,0,0,0,0,0,0,228004426,0,0,0,462293786,0,0,0,0,0,0,0,67459163,96914111,260361969,163239845376,62720742,0,0,0,0,0,0,0,0,0,0,0,0,0,0,0,0,0,0,0,0,0,0,0,0,0,0,0,0,0,0,0,815,0,0,0,0,0,0,0
1787688539.666,0,0,0,0,0,0,0,677712302,1583729248768,730941881856,0,0,0,0,0,0,0,0,0,0,0,0,0,0,0,0,0,0,0,0,0,0,0,0,0,0,0,0,0,0,0,0,0,0,0,0,0,0,0,0,0,0,0,0,0,0,0,0,0,0,0,0,0,0,0,0,0,0,0,0,7,1678503,96776773,31833551,0,0,0,0,0,0,0,0,0,0,0,0,0,0,0,0,0,0,0,0,0,0,0,0,0,0,0,0,0,0,0,0,0,0,0,0,0,12883329024,10723344384,786336,654501,31780991,0,0,96,786432,95925751,796294,280,3268022260,12884901888,0,657972825,0,0,0,0,0,0,0,0,0,0,0,0,0,0,0,0,0,0,16418587,116297123,0,468,1204,7863,623,32837445,35,0,0,0,0,0,0,0,1,0,0,0,0,0,0,0,0,0,0,22208582,0,31780465,259213,0,0,0,0,0,0,0,0,16384,0,0,0,0,0,0,0,0,0,0,0,6835,473,0,0,0,0,0,49908483,0,157,0,3,470,6835,0,0,0,0,0,0,0,0,0,0,0,0,0,0,0,0,0,0,0,0,0,0,0,0,0,0,0,0,0,0,0,0,0,0,0,0,0,0,0,0,0,0,0,0,0,0,0,0,0,0,0,0,0,0,228082153,0,0,0,462382279,0,0,0,0,0,0,0,67488802,96974984,260449811,163280666624,62748820,1,1,0,0,0,0,0,0,0,0,0,0,0,0,0,0,0,0,0,0,0,0,0,0,0,0,0,0,0,0,0,1244,0,0,0,0,0,0,0
1787688540.746,0,0,0,0,0,0,0,677891427,1584718416384,731154359808,0,0,0,0,0,0,0,0,0,0,0,0,0,0,0,0,0,0,0,0,0,0,0,0,0,0,0,0,0,0,0,0,0,0,0,0,0,0,0,0,0,0,0,0,0,0,0,0,0,0,0,0,0,0,0,0,0,0,0,0,7,1678584,96837297,31843683,0,0,0,0,0,0,0,0,0,0,0,0,0,0,0,0,0,0,0,0,0,0,0,0,0,0,0,0,0,0,0,0,0,0,0,0,0,12883329024,10739154944,786336,655466,31791123,0,0,96,786432,95986199,796294,280,3268909903,12884901888,0,658092735,0,0,0,0,0,0,0,0,0,0,0,0,0,0,0,0,0,0,16423780,116302317,0,468,1204,7863,623,32847833,35,0,0,0,0,0,0,0,1,0,0,0,0,0,0,0,0,0,0,22214559,0,31790597,259295,0,0,0,0,0,0,0,0,16384,0,0,0,0,0,0,0,0,0,0,0,6837,473,0,0,0,0,0,49924297,0,157,0,3,470,6837,0,0,0,0,0,0,0,0,0,0,0,0,0,0,0,0,0,0,0,0,0,0,0,0,0,0,0,0,0,0,0,0,0,0,0,0,0,0,0,0,0,0,0,0,0,0,0,0,0,0,0,0,0,0,228158873,0,0,0,462471327,0,0,0,0,0,0,0,67517853,97035372,260536697,163320753664,62776365,1,0,0,0,0,0,0,0,0,0,0,0,0,0,0,0,0,0,0,0,0,0,0,0,0,0,0,0,0,0,0,413,0,0,0,0,0,0,0
1787688541.820,0,0,0,0,0,0,0,678072350,1585716382208,731365847552,0,0,0,0,0,0,0,0,0,0,0,0,0,0,0,0,0,0,0,0,0,0,0,0,0,0,0,0,0,0,0,0,0,0,0,0,0,0,0,0,0,0,0,0,0,0,0,0,0,0,0,0,0,0,0,0,0,0,0,0,7,1678600,96898336,31853759,0,0,0,0,0,0,0,0,0,0,0,0,0,0,0,0,0,0,0,0,0,0,0,0,0,0,0,0,0,0,0,0,0,0,0,0,0,12883312640,10753638400,786335,656350,31801199,0,0,97,786432,96047164,796294,280,3269803047,12884901888,0,658211008,0,0,0,0,0,0,0,0,0,0,0,0,0,0,0,0,0,0,16429030,116307566,0,468,1204,7863,623,32858336,35,0,0,0,0,0,0,0,1,0,0,0,0,0,0,0,0,0,0,22220596,0,31800673,259375,0,0,0,0,0,0,0,0,16384,0,0,0,0,0,0,0,0,0,0,0,6838,473,0,0,0,0,0,49940246,0,157,0,3,470,6838,0,0,0,0,0,0,0,0,0,0,0,0,0,0,0,0,0,0,0,0,0,0,0,0,0,0,0,0,0,0,0,0,0,0,0,0,0,0,0,0,0,0,0,0,0,0,0,0,0,0,0,0,0,0,228235179,0,0,0,462559999,0,0,0,0,0,0,0,67547204,97096305,260623122,163360560640,62804213,1,0,0,0,0,0,0,0,0,0,0,0,0,0,0,0,0,0,0,0,0,0,0,0,0,0,0,0,0,0,0,872,0,0,0,0,0,0,0
1787688542.899,0,0,0,0,0,0,0,678254124,1586718280192,731577690112,0,0,0,0,0,0,0,0,0,0,0,0,0,0,0,0,0,0,0,0,0,0,0,0,0,0,0,0,0,0,0,0,0,0,0,0,0,0,0,0,0,0,0,0,0,0,0,0,0,0,0,0,0,0,0,0,0,0,0,0,7,1678694,96959602,31863797,0,0,0,0,0,0,0,0,0,0,0,0,0,0,0,0,0,0,0,0,0,0,0,0,0,0,0,0,0,0,0,0,0,0,0,0,0,12883329024,10772889600,786336,657525,31811237,0,0,96,786432,96108371,796294,280,3270704048,12884901888,0,658332822,0,0,0,0,0,0,0,0,0,0,0,0,0,0,0,0,0,0,16434300,116312836,0,468,1204,7863,623,32868873,35,0,0,0,0,0,0,0,1,0,0,0,0,0,0,0,0,0,0,22226669,0,31810711,259455,0,0,0,0,0,0,0,0,16384,0,0,0,0,0,0,0,0,0,0,0,6839,473,0,0,0,0,0,49956261,0,157,0,3,470,6839,0,0,0,0,0,0,0,0,0,0,0,0,0,0,0,0,0,0,0,0,0,0,0,0,0,0,0,0,0,0,0,0,0,0,0,0,0,0,0,0,0,0,0,0,0,0,0,0,0,0,0,0,0,0,228313575,0,0,0,462650231,0,0,0,0,0,0,0,67576783,97157435,260711599,163401358336,62832322,1,0,0,0,0,0,0,0,0,0,0,0,0,0,0,0,0,0,0,0,0,0,0,0,0,0,0,0,0,0,0,126,0,0,0,0,0,0,0
1787688543.978,0,0,0,0,0,0,0,678434133,1587711838720,731790215680,0,0,0,0,0,0,0,0,0,0,0,0,0,0,0,0,0,0,0,0,0,0,0,0,0,0,0,0,0,0,0,0,0,0,0,0,0,0,0,0,0,0,0,0,0,0,0,0,0,0,0,0,0,0,0,0,0,0,0,0,7,1678718,97020393,31873911,0,0,0,0,0,0,0,0,0,0,0,0,0,0,0,0,0,0,0,0,0,0,0,0,0,0,0,0,0,0,0,0,0,0,0,0,0,12883329024,10787192832,786336,658398,31821351,0,0,96,786432,96169103,796294,280,3271592842,12884901888,0,658450048,0,0,0,0,0,0,0,0,0,0,0,0,0,0,0,0,0,0,16439522,116318059,0,468,1204,7863,623,32879312,35,0,0,0,0,0,0,0,1,0,0,0,0,0,0,0,0,0,0,22232682,0,31820825,259537,0,0,0,0,0,0,0,0,16384,0,0,0,0,0,0,0,0,0,0,0,6840,473,0,0,0,0,0,49972141,0,157,0,3,470,6840,0,0,0,0,0,0,0,0,0,0,0,0,0,0,0,0,0,0,0,0,0,0,0,0,0,0,0,0,0,0,0,0,0,0,0,0,0,0,0,0,0,0,0,0,0,0,0,0,0,0,0,0,0,0,228391182,0,0,0,462738513,0,0,0,0,0,0,0,67606066,97218094,260799362,163441860096,62860099,1,0,0,0,0,0,0,0,0,0,0,0,0,0,0,0,0,0,0,0,0,0,0,0,0,0,0,0,0,0,0,536,0,0,0,0,0,0,0
1787688545.054,0,0,0,0,0,0,0,678613533,1588705544704,732002492928,0,0,0,0,0,0,0,0,0,0,0,0,0,0,0,0,0,0,0,0,0,0,0,0,0,0,0,0,0,0,0,0,0,0,0,0,0,0,0,0,0,0,0,0,0,0,0,0,0,0,0,0,0,0,0,0,0,0,0,0,7,1678796,97081175,31884023,0,0,0,0,0,0,0,0,0,0,0,0,0,0,0,0,0,0,0,0,0,0,0,0,0,0,0,0,0,0,0,0,0,0,0,0,0,12883312640,10802167808,786335,659312,31831463,0,0,97,786432,96229818,796294,280,3272478640,12884901888,0,658567476,0,0,0,0,0,0,0,0,0,0,0,0,0,0,0,0,0,0,16444726,116323263,0,468,1204,7863,623,32889726,35,0,0,0,0,0,0,0,1,0,0,0,0,0,0,0,0,0,0,22238670,0,31830937,259619,0,0,0,0,0,0,0,0,16384,0,0,0,0,0,0,0,0,0,0,0,6841,473,0,0,0,0,0,49987984,0,157,0,3,470,6841,0,0,0,0,0,0,0,0,0,0,0,0,0,0,0,0,0,0,0,0,0,0,0,0,0,0,0,0,0,0,0,0,0,0,0,0,0,0,0,0,0,0,0,0,0,0,0,0,0,0,0,0,0,0,228467886,0,0,0,462826467,0,0,0,0,0,0,0,67635200,97278765,260886197,163481979904,62887731,1,0,0,0,0,0,0,0,0,0,0,0,0,0,0,0,0,0,0,0,0,0,0,0,0,0,0,0,0,0,0,924,0,0,0,0,0,0,0
1787688546.129,0,0,0,0,0,0,0,678789299,1589677246976,732214597120,0,0,0,0,0,0,0,0,0,0,0,0,0,0,0,0,0,0,0,0,0,0,0,0,0,0,0,0,0,0,0,0,0,0,0,0,0,0,0,0,0,0,0,0,0,0,0,0,0,0,0,0,0,0,0,0,0,0,0,0,7,1678820,97140616,31894128,0,0,0,0,0,0,0,0,0,0,0,0,0,0,0,0,0,0,0,0,0,0,0,0,0,0,0,0,0,0,0,0,0,0,0,0,0,12883329024,10810982400,786336,659850,31841568,0,0,96,786432,96289192,796294,280,3273347525,12884901888,0,658683147,0,0,0,0,0,0,0,0,0,0,0,0,0,0,0,0,0,0,16449813,116328349,0,468,1204,7863,623,32899897,35,0,0,0,0,0,0,0,1,0,0,0,0,0,0,0,0,0,0,22244529,0,31841042,259699,0,0,0,0,0,0,0,0,16384,0,0,0,0,0,0,0,0,0,0,0,6842,473,0,0,0,0,0,50003453,0,157,0,3,470,6842,0,0,0,0,0,0,0,0,0,0,0,0,0,0,0,0,0,0,0,0,0,0,0,0,0,0,0,0,0,0,0,0,0,0,0,0,0,0,0,0,0,0,0,0,0,0,0,0,0,0,0,0,0,0,228544940,0,0,0,462912653,0,0,0,0,0,0,0,67662024,97338077,260973373,163522302976,62913071,1,0,0,0,0,0,0,0,0,0,0,0,0,0,0,0,0,0,0,0,0,0,0,0,0,0,0,0,0,0,0,1204,0,0,0,0,0,0,0
1787688547.205,0,0,0,0,0,0,0,678959242,1590616689152,732458515456,0,0,0,0,0,0,0,0,0,0,0,0,0,0,0,0,0,0,0,0,0,0,0,0,0,0,0,0,0,0,0,0,0,0,0,0,0,0,0,0,0,0,0,0,0,0,0,0,0,0,0,0,0,0,0,0,0,0,0,0,7,1678843,97198077,31906271,0,0,0,0,0,0,0,0,0,0,0,0,0,0,0,0,0,0,0,0,0,0,0,0,0,0,0,0,0,0,0,0,0,0,0,0,0,12872777728,10782539776,785692,658114,31851685,643,0,96,786432,96346583,796294,280,3274191242,12884901888,0,658797774,0,0,0,0,0,0,0,0,0,0,0,0,0,0,0,0,0,0,16454739,116333276,0,468,1204,7863,623,32909751,35,0,0,0,0,0,0,0,1,0,0,0,0,0,0,0,0,0,0,22250205,0,31853071,259798,0,0,0,0,0,0,0,0,16384,0,0,0,0,0,0,0,0,0,0,0,6843,473,0,0,0,0,0,50018410,0,157,0,3,470,6843,0,0,0,0,0,0,0,0,0,0,0,0,0,0,0,0,0,0,0,0,0,0,0,0,0,0,0,0,0,0,0,0,0,0,0,0,0,0,0,0,0,0,0,0,0,0,0,0,0,0,0,0,0,0,228619175,0,0,0,462997361,0,0,0,0,0,0,0,67688061,97395421,261059829,163561089536,62937301,1,1,0,0,0,0,0,0,0,0,0,0,0,0,0,0,0,0,0,0,0,0,0,0,0,0,0,0,0,0,0,140,0,0,0,0,0,0,0
1787688548.280,0,0,0,0,0,0,0,679134035,1591585606144,732742988800,0,0,0,0,0,0,0,0,0,0,0,0,0,0,0,0,0,0,0,0,0,0,0,0,0,0,0,0,0,0,0,0,0,0,0,0,0,0,0,0,0,0,0,0,0,0,0,0,0,0,0,0,0,0,0,0,0,0,0,0,7,1678860,97257337,31920835,0,0,0,0,0,0,0,0,0,0,0,0,0,0,0,0,0,0,0,0,0,0,0,0,0,0,0,0,0,0,0,0,0,0,0,0,0,12883329024,10719412224,786336,654261,31861873,0,0,96,786432,96405763,796294,280,3275054852,12884901888,0,658912160,0,0,0,0,0,0,0,0,0,0,0,0,0,0,0,0,0,0,16459809,116338345,0,468,1204,7863,623,32919891,35,0,0,0,0,0,0,0,1,0,0,0,0,0,0,0,0,0,0,22256041,0,31867749,259914,0,0,0,0,0,0,0,0,16384,0,0,0,0,0,0,0,0,0,0,0,6844,473,0,0,0,0,0,50033823,0,157,0,3,470,6844,0,0,0,0,0,0,0,0,0,0,0,0,0,0,0,0,0,0,0,0,0,0,0,0,0,0,0,0,0,0,0,0,0,0,0,0,0,0,0,0,0,0,0,0,0,0,0,0,0,0,0,0,0,0,228694792,0,0,0,463083218,0,0,0,0,0,0,0,67716450,97454571,261150064,163600577024,62963535,1,0,0,0,0,0,0,0,0,0,0,0,0,0,0,0,0,0,0,0,0,0,0,0,0,0,0,0,0,0,0,400,0,0,0,0,0,0,0
1787688549.357,0,0,0,0,0,0,0,679310377,1592558422528,733015201280,0,0,0,0,0,0,0,0,0,0,0,0,0,0,0,0,0,0,0,0,0,0,0,0,0,0,0,0,0,0,0,0,0,0,0,0,0,0,0,0,0,0,0,0,0,0,0,0,0,0,0,0,0,0,0,0,0,0,0,0,7,1678876,97316845,31934708,0,0,0,0,0,0,0,0,0,0,0,0,0,0,0,0,0,0,0,0,0,0,0,0,0,0,0,0,0,0,0,0,0,0,0,0,0,12883312640,10669080576,786335,651189,31882148,1,0,96,786432,96465209,796294,280,3275925037,12884901888,0,659027172,0,0,0,0,0,0,0,0,0,0,0,0,0,0,0,0,0,0,16464930,116343466,0,468,1204,7863,623,32930128,35,0,0,0,0,0,0,0,1,0,0,0,0,0,0,0,0,0,0,22261934,0,31881622,260027,0,0,0,0,0,0,0,0,16384,0,0,0,0,0,0,0,0,0,0,0,6845,473,0,0,0,0,0,50049387,0,157,0,3,470,6845,0,0,0,0,0,0,0,0,0,0,0,0,0,0,0,0,0,0,0,0,0,0,0,0,0,0,0,0,0,0,0,0,0,0,0,0,0,0,0,0,0,0,0,0,0,0,0,0,0,0,0,0,0,0,228770522,0,0,0,463169812,0,0,0,0,0,0,0,67745447,97513965,261239651,163639991296,62990422,1,0,0,0,0,0,0,0,0,0,0,0,0,0,0,0,0,0,0,0,0,0,0,0,0,0,0,0,0,0,0,697,0,0,0,0,0,0,0
1787688550.434,0,0,0,0,0,0,0,679491717,1593563023872,733226353152,0,0,0,0,0,0,0,0,0,0,0,0,0,0,0,0,0,0,0,0,0,0,0,0,0,0,0,0,0,0,0,0,0,0,0,0,0,0,0,0,0,0,0,0,0,0,0,0,0,0,0,0,0,0,0,0,0,0,0,0,7,1679033,97378299,31944746,0,0,0,0,0,0,0,0,0,0,0,0,0,0,0,0,0,0,0,0,0,0,0,0,0,0,0,0,0,0,0,0,0,0,0,0,0,12883329024,10688512000,786336,652375,31892186,0,0,96,786432,96526589,796294,280,3276821132,12884901888,0,659146085,0,0,0,0,0,0,0,0,0,0,0,0,0,0,0,0,0,0,16470184,116348720,0,468,1204,7863,623,32940644,35,0,0,0,0,0,0,0,1,0,0,0,0,0,0,0,0,0,0,22267979,0,31891660,260107,0,0,0,0,0,0,0,0,16384,0,0,0,0,0,0,0,0,0,0,0,6846,473,0,0,0,0,0,50065356,0,157,0,3,470,6846,0,0,0,0,0,0,0,0,0,0,0,0,0,0,0,0,0,0,0,0,0,0,0,0,0,0,0,0,0,0,0,0,0,0,0,0,0,0,0,0,0,0,0,0,0,0,0,0,0,0,0,0,0,0,228847637,0,0,0,463258660,0,0,0,0,0,0,0,67774773,97575291,261326860,163680396288,63018296,1,0,0,0,0,0,0,0,0,0,0,0,0,0,0,0,0,0,0,0,0,0,0,0,0,0,0,0,0,0,0,1127,0,0,0,0,0,0,0
1787688551.511,0,0,0,0,0,0,0,679672549,1594557893120,733439268352,0,0,0,0,0,0,0,0,0,0,0,0,0,0,0,0,0,0,0,0,0,0,0,0,0,0,0,0,0,0,0,0,0,0,0,0,0,0,0,0,0,0,0,0,0,0,0,0,0,0,0,0,0,0,0,0,0,0,0,0,7,1679065,97439140,31954876,0,0,0,0,0,0,0,0,0,0,0,0,0,0,0,0,0,0,0,0,0,0,0,0,0,0,0,0,0,0,0,0,0,0,0,0,0,12883312640,10702946304,786336,653256,31902316,0,0,96,786432,96587368,796294,280,3277717348,12884901888,0,659267240,0,0,0,0,0,0,0,0,0,0,0,0,0,0,0,0,0,0,16475427,116353963,0,468,1204,7863,623,32951130,35,0,0,0,0,0,0,0,1,0,0,0,0,0,0,0,0,0,0,22274024,0,31901790,260189,0,0,0,0,0,0,0,0,16384,0,0,0,0,0,0,0,0,0,0,0,6847,473,0,0,0,0,0,50081320,0,157,0,3,470,6847,0,0,0,0,0,0,0,0,0,0,0,0,0,0,0,0,0,0,0,0,0,0,0,0,0,0,0,0,0,0,0,0,0,0,0,0,0,0,0,0,0,0,0,0,0,0,0,0,0,0,0,0,0,0,228924619,0,0,0,463348464,0,0,0,0,0,0,0,67803946,97636027,261413988,163720745984,63045955,1,1,0,0,0,0,0,0,0,0,0,0,0,0,0,0,0,0,0,0,0,0,0,0,0,0,0,0,0,0,0,370,0,0,0,0,0,0,0
1787688552.589,0,0,0,0,0,0,0,679851854,1595548994048,733650861568,0,0,0,0,0,0,0,0,0,0,0,0,0,0,0,0,0,0,0,0,0,0,0,0,0,0,0,0,0,0,0,0,0,0,0,0,0,0,0,0,0,0,0,0,0,0,0,0,0,0,0,0,0,0,0,0,0,0,0,0,7,1679091,97499754,31964971,0,0,0,0,0,0,0,0,0,0,0,0,0,0,0,0,0,0,0,0,0,0,0,0,0,0,0,0,0,0,0,0,0,0,0,0,0,12883329024,10719379456,786336,654259,31912411,0,0,96,786432,96647904,796294,280,3278602894,12884901888,0,659384768,0,0,0,0,0,0,0,0,0,0,0,0,0,0,0,0,0,0,16480624,116359161,0,468,1204,7863,623,32961518,35,0,0,0,0,0,0,0,1,0,0,0,0,0,0,0,0,0,0,22280006,0,31911885,260271,0,0,0,0,0,0,0,0,16384,0,0,0,0,0,0,0,0,0,0,0,6848,473,0,0,0,0,0,50097099,0,157,0,3,470,6848,0,0,0,0,0,0,0,0,0,0,0,0,0,0,0,0,0,0,0,0,0,0,0,0,0,0,0,0,0,0,0,0,0,0,0,0,0,0,0,0,0,0,0,0,0,0,0,0,0,0,0,0,0,0,229000790,0,0,0,463436346,0,0,0,0,0,0,0,67833216,97696513,261500289,163760547840,63073722,0,0,0,0,0,0,0,0,0,0,0,0,0,0,0,0,0,0,0,0,0,0,0,0,0,0,0,0,0,0,0,782,0,0,0,0,0,0,0
1787688553.663,0,0,0,0,0,0,0,680032527,1596544633344,733864025600,0,0,0,0,0,0,0,0,0,0,0,0,0,0,0,0,0,0,0,0,0,0,0,0,0,0,0,0,0,0,0,0,0,0,0,0,0,0,0,0,0,0,0,0,0,0,0,0,0,0,0,0,0,0,0,0,0,0,0,0,7,1679183,97560654,31975150,0,0,0,0,0,0,0,0,0,0,0,0,0,0,0,0,0,0,0,0,0,0,0,0,0,0,0,0,0,0,0,0,0,0,0,0,0,12883312640,10735534080,786335,655245,31922590,0,0,97,786432,96708736,796294,280,3279494618,12884901888,0,659503426,0,0,0,0,0,0,0,0,0,0,0,0,0,0,0,0,0,0,16485852,116364389,0,468,1204,7863,623,32971977,35,0,0,0,0,0,0,0,1,0,0,0,0,0,0,0,0,0,0,22286024,0,31922064,260353,0,0,0,0,0,0,0,0,16384,0,0,0,0,0,0,0,0,0,0,0,6849,473,0,0,0,0,0,50113020,0,157,0,3,470,6849,0,0,0,0,0,0,0,0,0,0,0,0,0,0,0,0,0,0,0,0,0,0,0,0,0,0,0,0,0,0,0,0,0,0,0,0,0,0,0,0,0,0,0,0,0,0,0,0,0,0,0,0,0,0,229076898,0,0,0,463524745,0,0,0,0,0,0,0,67862399,97757300,261586595,163800519168,63101379,1,0,0,0,0,0,0,0,0,0,0,0,0,0,0,0,0,0,0,0,0,0,0,0,0,0,0,0,0,0,0,1203,0,0,0,0,0,0,0
1787688554.742,0,0,0,0,0,0,0,680211268,1597537815040,734075988480,0,0,0,0,0,0,0,0,0,0,0,0,0,0,0,0,0,0,0,0,0,0,0,0,0,0,0,0,0,0,0,0,0,0,0,0,0,0,0,0,0,0,0,0,0,0,0,0,0,0,0,0,0,0,0,0,0,0,0,0,7,1679207,97621417,31985259,0,0,0,0,0,0,0,0,0,0,0,0,0,0,0,0,0,0,0,0,0,0,0,0,0,0,0,0,0,0,0,0,0,0,0,0,0,12883329024,10748919808,786336,656062,31932699,0,0,96,786432,96769419,796294,280,3280381173,12884901888,0,659623316,0,0,0,0,0,0,0,0,0,0,0,0,0,0,0,0,0,0,16491036,116369571,0,468,1204,7863,623,32982341,35,0,0,0,0,0,0,0,1,0,0,0,0,0,0,0,0,0,0,22291987,0,31932173,260435,0,0,0,0,0,0,0,0,16384,0,0,0,0,0,0,0,0,0,0,0,6851,473,0,0,0,0,0,50128767,0,157,0,3,470,6851,0,0,0,0,0,0,0,0,0,0,0,0,0,0,0,0,0,0,0,0,0,0,0,0,0,0,0,0,0,0,0,0,0,0,0,0,0,0,0,0,0,0,0,0,0,0,0,0,0,0,0,0,0,0,229153612,0,0,0,463613649,0,0,0,0,0,0,0,67891682,97817935,261673440,163840580608,63129164,1,1,0,0,0,0,0,0,0,0,0,0,0,0,0,0,0,0,0,0,0,0,0,0,0,0,0,0,0,0,0,350,0,0,0,0,0,0,0
1787688555.817,0,0,0,0,0,0,0,680391029,1598533356032,734288773120,0,0,0,0,0,0,0,0,0,0,0,0,0,0,0,0,0,0,0,0,0,0,0,0,0,0,0,0,0,0,0,0,0,0,0,0,0,0,0,0,0,0,0,0,0,0,0,0,0,0,0,0,0,0,0,0,0,0,0,0,7,1679296,97682298,31995394,0,0,0,0,0,0,0,0,0,0,0,0,0,0,0,0,0,0,0,0,0,0,0,0,0,0,0,0,0,0,0,0,0,0,0,0,0,12883312640,10762862592,786335,656913,31942834,0,0,96,786432,96830246,796294,280,3281270120,12884901888,0,659741730,0,0,0,0,0,0,0,0,0,0,0,0,0,0,0,0,0,0,16496241,116374778,0,468,1204,7863,623,32992753,35,0,0,0,0,0,0,0,1,0,0,0,0,0,0,0,0,0,0,22297979,0,31942308,260517,0,0,0,0,0,0,0,0,16384,0,0,0,0,0,0,0,0,0,0,0,6852,473,0,0,0,0,0,50144639,0,157,0,3,470,6852,0,0,0,0,0,0,0,0,0,0,0,0,0,0,0,0,0,0,0,0,0,0,0,0,0,0,0,0,0,0,0,0,0,0,0,0,0,0,0,0,0,0,0,0,0,0,0,0,0,0,0,0,0,0,229230261,0,0,0,463701680,0,0,0,0,0,0,0,67920690,97878688,261760251,163880685056,63156695,0,0,0,0,0,0,0,0,0,0,0,0,0,0,0,0,0,0,0,0,0,0,0,0,0,0,0,0,0,0,0,765,0,0,0,0,0,0,0
1787688556.897,0,0,0,0,0,0,0,680569557,1599521769984,734500326400,0,0,0,0,0,0,0,0,0,0,0,0,0,0,0,0,0,0,0,0,0,0,0,0,0,0,0,0,0,0,0,0,0,0,0,0,0,0,0,0,0,0,0,0,0,0,0,0,0,0,0,0,0,0,0,0,0,0,0,0,7,1679319,97742733,32005504,0,0,0,0,0,0,0,0,0,0,0,0,0,0,0,0,0,0,0,0,0,0,0,0,0,0,0,0,0,0,0,0,0,0,0,0,0,12883329024,10775560192,786336,657688,31952944,0,0,96,786432,96890602,796294,280,3282151852,12884901888,0,659858167,0,0,0,0,0,0,0,0,0,0,0,0,0,0,0,0,0,0,16501430,116379964,0,468,1204,7863,623,33003130,35,0,0,0,0,0,0,0,1,0,0,0,0,0,0,0,0,0,0,22303942,0,31952418,260599,0,0,0,0,0,0,0,0,16384,0,0,0,0,0,0,0,0,0,0,0,6853,473,0,0,0,0,0,50160395,0,157,0,3,470,6853,0,0,0,0,0,0,0,0,0,0,0,0,0,0,0,0,0,0,0,0,0,0,0,0,0,0,0,0,0,0,0,0,0,0,0,0,0,0,0,0,0,0,0,0,0,0,0,0,0,0,0,0,0,0,229306114,0,0,0,463789294,0,0,0,0,0,0,0,67949342,97939010,261846232,163920207872,63183928,1,0,0,0,0,0,0,0,0,0,0,0,0,0,0,0,0,0,0,0,0,0,0,0,0,0,0,0,0,0,0,1119,0,0,0,0,0,0,0
1787688557.970,0,0,0,0,0,0,0,680751460,1600526191104,734713163776,0,0,0,0,0,0,0,0,0,0,0,0,0,0,0,0,0,0,0,0,0,0,0,0,0,0,0,0,0,0,0,0,0,0,0,0,0,0,0,0,0,0,0,0,0,0,0,0,0,0,0,0,0,0,0,0,0,0,0,0,7,1679350,97804169,32015620,0,0,0,0,0,0,0,0,0,0,0,0,0,0,0,0,0,0,0,0,0,0,0,0,0,0,0,0,0,0,0,0,0,0,0,0,0,12883329024,10793058304,786336,658756,31963060,0,0,96,786432,96951971,796294,280,3283053305,12884901888,0,659979619,0,0,0,0,0,0,0,0,0,0,0,0,0,0,0,0,0,0,16506701,116385238,0,468,1204,7863,623,33013676,35,0,0,0,0,0,0,0,1,0,0,0,0,0,0,0,0,0,0,22310017,0,31962534,260679,0,0,0,0,0,0,0,0,16384,0,0,0,0,0,0,0,0,0,0,0,6854,473,0,0,0,0,0,50176446,0,157,0,3,470,6854,0,0,0,0,0,0,0,0,0,0,0,0,0,0,0,0,0,0,0,0,0,0,0,0,0,0,0,0,0,0,0,0,0,0,0,0,0,0,0,0,0,0,0,0,0,0,0,0,0,0,0,0,0,0,229384287,0,0,0,463879616,0,0,0,0,0,0,0,67978724,98000319,261934556,163961135104,63211821,0,0,0,0,0,0,0,0,0,0,0,0,0,0,0,0,0,0,0,0,0,0,0,0,0,0,0,0,0,0,0,382,0,0,0,0,0,0,0
1787688559.050,0,0,0,0,0,0,0,680931758,1601521732096,734925629440,0,0,0,0,0,0,0,0,0,0,0,0,0,0,0,0,0,0,0,0,0,0,0,0,0,0,0,0,0,0,0,0,0,0,0,0,0,0,0,0,0,0,0,0,0,0,0,0,0,0,0,0,0,0,0,0,0,0,0,0,7,1679365,97865057,32025728,0,0,0,0,0,0,0,0,0,0,0,0,0,0,0,0,0,0,0,0,0,0,0,0,0,0,0,0,0,0,0,0,0,0,0,0,0,12883312640,10806083584,786335,659551,31973168,0,0,96,786432,97012787,796294,280,3283943788,12884901888,0,660097100,0,0,0,0,0,0,0,0,0,0,0,0,0,0,0,0,0,0,16511929,116390465,0,468,1204,7863,623,33024131,35,0,0,0,0,0,0,0,1,0,0,0,0,0,0,0,0,0,0,22316035,0,31972642,260759,0,0,0,0,0,0,0,0,16384,0,0,0,0,0,0,0,0,0,0,0,6855,473,0,0,0,0,0,50192337,0,157,0,3,470,6855,0,0,0,0,0,0,0,0,0,0,0,0,0,0,0,0,0,0,0,0,0,0,0,0,0,0,0,0,0,0,0,0,0,0,0,0,0,0,0,0,0,0,0,0,0,0,0,0,0,0,0,0,0,0,229461783,0,0,0,463967989,0,0,0,0,0,0,0,68008168,98061086,262022174,164001670656,63239781,1,0,0,0,0,0,0,0,0,0,0,0,0,0,0,0,0,0,0,0,0,0,0,0,0,0,0,0,0,0,0,798,0,0,0,0,0,0,0
1787688560.128,0,0,0,0,0,0,0,681111198,1602519255552,735136693248,0,0,0,0,0,0,0,0,0,0,0,0,0,0,0,0,0,0,0,0,0,0,0,0,0,0,0,0,0,0,0,0,0,0,0,0,0,0,0,0,0,0,0,0,0,0,0,0,0,0,0,0,0,0,0,0,0,0,0,0,7,1679386,97926078,32035783,0,0,0,0,0,0,0,0,0,0,0,0,0,0,0,0,0,0,0,0,0,0,0,0,0,0,0,0,0,0,0,0,0,0,0,0,0,12883312640,10823008256,786335,660584,31983223,0,0,96,786432,97073742,796294,280,3284830338,12884901888,0,660214554,0,0,0,0,0,0,0,0,0,0,0,0,0,0,0,0,0,0,16517136,116395673,0,468,1204,7863,623,33034544,35,0,0,0,0,0,0,0,1,0,0,0,0,0,0,0,0,0,0,22322027,0,31982697,260839,0,0,0,0,0,0,0,0,16384,0,0,0,0,0,0,0,0,0,0,0,6856,473,0,0,0,0,0,50208179,0,157,0,3,470,6856,0,0,0,0,0,0,0,0,0,0,0,0,0,0,0,0,0,0,0,0,0,0,0,0,0,0,0,0,0,0,0,0,0,0,0,0,0,0,0,0,0,0,0,0,0,0,0,0,0,0,0,0,0,0,229538402,0,0,0,464056070,0,0,0,0,0,0,0,68037160,98121994,262108878,164041754624,63267265,0,0,0,0,0,0,0,0,0,0,0,0,0,0,0,0,0,0,0,0,0,0,0,0,0,0,0,0,0,0,0,1188,0,0,0,0,0,0,0
1787688561.206,0,0,0,0,0,0,0,681288718,1603499821568,735383949312,0,0,0,0,0,0,0,0,0,0,0,0,0,0,0,0,0,0,0,0,0,0,0,0,0,0,0,0,0,0,0,0,0,0,0,0,0,0,0,0,0,0,0,0,0,0,0,0,0,0,0,0,0,0,0,0,0,0,0,0,7,1679447,97986049,32047971,0,0,0,0,0,0,0,0,0,0,0,0,0,0,0,0,0,0,0,0,0,0,0,0,0,0,0,0,0,0,0,0,0,0,0,0,0,12875563008,10800005120,785862,659180,31993299,474,0,96,786432,97133639,796294,280,3285710758,12884901888,0,660333578,0,0,0,0,0,0,0,0,0,0,0,0,0,0,0,0,0,0,16522282,116400819,0,468,1204,7863,623,33044835,35,0,0,0,0,0,0,0,1,0,0,0,0,0,0,0,0,0,0,22327956,0,31994791,260937,0,0,0,0,0,0,0,0,16384,0,0,0,0,0,0,0,0,0,0,0,6857,473,0,0,0,0,0,50223818,0,157,0,3,470,6857,0,0,0,0,0,0,0,0,0,0,0,0,0,0,0,0,0,0,0,0,0,0,0,0,0,0,0,0,0,0,0,0,0,0,0,0,0,0,0,0,0,0,0,0,0,0,0,0,0,0,0,0,0,0,229614851,0,0,0,464144387,0,0,0,0,0,0,0,68065939,98181859,262197626,164081746432,63294229,1,0,0,0,0,0,0,0,0,0,0,0,0,0,0,0,0,0,0,0,0,0,0,0,0,0,0,0,0,0,0,299,0,0,0,0,0,0,0
1787688562.284,0,0,0,0,0,0,0,681461759,1604459121152,735662831104,0,0,0,0,0,0,0,0,0,0,0,0,0,0,0,0,0,0,0,0,0,0,0,0,0,0,0,0,0,0,0,0,0,0,0,0,0,0,0,0,0,0,0,0,0,0,0,0,0,0,0,0,0,0,0,0,0,0,0,0,7,1679491,98044737,32062293,0,0,0,0,0,0,0,0,0,0,0,0,0,0,0,0,0,0,0,0,0,0,0,0,0,0,0,0,0,0,0,0,0,0,0,0,0,12883329024,10737090560,786335,655340,32003345,0,0,96,786432,97192256,796294,280,3286565290,12884901888,0,660446696,0,0,0,0,0,0,0,0,0,0,0,0,0,0,0,0,0,0,16527300,116405837,0,468,1204,7863,623,33054879,35,0,0,0,0,0,0,0,1,0,0,0,0,0,0,0,0,0,0,22333740,0,32009207,261050,0,0,0,0,0,0,0,0,16384,0,0,0,0,0,0,0,0,0,0,0,6858,473,0,0,0,0,0,50239075,0,157,0,3,470,6858,0,0,0,0,0,0,0,0,0,0,0,0,0,0,0,0,0,0,0,0,0,0,0,0,0,0,0,0,0,0,0,0,0,0,0,0,0,0,0,0,0,0,0,0,0,0,0,0,0,0,0,0,0,0,229688903,0,0,0,464229483,0,0,0,0,0,0,0,68094075,98240423,262286026,164120308224,63320269,0,0,0,0,0,0,0,0,0,0,0,0,0,0,0,0,0,0,0,0,0,0,0,0,0,0,0,0,0,0,0,497,0,0,0,0,0,0,0
1787688563.359,0,0,0,0,0,0,0,681628595,1605385112064,735932206080,0,0,0,0,0,0,0,0,0,0,0,0,0,0,0,0,0,0,0,0,0,0,0,0,0,0,0,0,0,0,0,0,0,0,0,0,0,0,0,0,0,0,0,0,0,0,0,0,0,0,0,0,0,0,0,0,0,0,0,0,7,1679511,98101381,32076125,0,0,0,0,0,0,0,0,0,0,0,0,0,0,0,0,0,0,0,0,0,0,0,0,0,0,0,0,0,0,0,0,0,0,0,0,0,12883329024,10678648832,786336,651773,32023565,0,0,96,786432,97248830,796294,280,3287390137,12884901888,0,660556620,0,0,0,0,0,0,0,0,0,0,0,0,0,0,0,0,0,0,16532135,116410672,0,468,1204,7863,623,33064545,35,0,0,0,0,0,0,0,1,0,0,0,0,0,0,0,0,0,0,22339310,0,32023039,261161,0,0,0,0,0,0,0,0,16384,0,0,0,0,0,0,0,0,0,0,0,6859,473,0,0,0,0,0,50253783,0,157,0,3,470,6859,0,0,0,0,0,0,0,0,0,0,0,0,0,0,0,0,0,0,0,0,0,0,0,0,0,0,0,0,0,0,0,0,0,0,0,0,0,0,0,0,0,0,0,0,0,0,0,0,0,0,0,0,0,0,229761467,0,0,0,464311567,0,0,0,0,0,0,0,68119084,98296944,262372388,164158203904,63343251,0,0,0,0,0,0,0,0,0,0,0,0,0,0,0,0,0,0,0,0,0,0,0,0,0,0,0,0,0,0,0,547,0,0,0,0,0,0,0
1787688564.434,0,0,0,0,0,0,0,681805606,1606362450432,736143612928,0,0,0,0,0,0,0,0,0,0,0,0,0,0,0,0,0,0,0,0,0,0,0,0,0,0,0,0,0,0,0,0,0,0,0,0,0,0,0,0,0,0,0,0,0,0,0,0,0,0,0,0,0,0,0,0,0,0,0,0,7,1679528,98161162,32086221,0,0,0,0,0,0,0,0,0,0,0,0,0,0,0,0,0,0,0,0,0,0,0,0,0,0,0,0,0,0,0,0,0,0,0,0,0,12883296256,10689773568,786334,652452,32033661,1,0,96,786432,97308540,796294,280,3288263708,12884901888,0,660672238,0,0,0,0,0,0,0,0,0,0,0,0,0,0,0,0,0,0,16537266,116415803,0,468,1204,7863,623,33074804,35,0,0,0,0,0,0,0,1,0,0,0,0,0,0,0,0,0,0,22345208,0,32033135,261243,0,0,0,0,0,0,0,0,16384,0,0,0,0,0,0,0,0,0,0,0,6860,473,0,0,0,0,0,50269397,0,157,0,3,470,6860,0,0,0,0,0,0,0,0,0,0,0,0,0,0,0,0,0,0,0,0,0,0,0,0,0,0,0,0,0,0,0,0,0,0,0,0,0,0,0,0,0,0,0,0,0,0,0,0,0,0,0,0,0,0,229838018,0,0,0,464398307,0,0,0,0,0,0,0,68146272,98356595,262459048,164197988864,63368946,1,0,0,0,0,0,0,0,0,0,0,0,0,0,0,0,0,0,0,0,0,0,0,0,0,0,0,0,0,0,0,881,0,0,0,0,0,0,0
1787688565.514,0,0,0,0,0,0,0,681985907,1607365954048,736356294656,0,0,0,0,0,0,0,0,0,0,0,0,0,0,0,0,0,0,0,0,0,0,0,0,0,0,0,0,0,0,0,0,0,0,0,0,0,0,0,0,0,0,0,0,0,0,0,0,0,0,0,0,0,0,0,0,0,0,0,0,7,1679548,98222547,32096307,0,0,0,0,0,0,0,0,0,0,0,0,0,0,0,0,0,0,0,0,0,0,0,0,0,0,0,0,0,0,0,0,0,0,0,0,0,12883329024,10706976768,786336,653502,32043747,0,0,96,786432,97369857,796294,280,3289157930,12884901888,0,660792789,0,0,0,0,0,0,0,0,0,0,0,0,0,0,0,0,0,0,16542503,116421040,0,468,1204,7863,623,33085276,35,0,0,0,0,0,0,0,1,0,0,0,0,0,0,0,0,0,0,22351232,0,32043221,261323,0,0,0,0,0,0,0,0,16384,0,0,0,0,0,0,0,0,0,0,0,6861,473,0,0,0,0,0,50285315,0,157,0,3,470,6861,0,0,0,0,0,0,0,0,0,0,0,0,0,0,0,0,0,0,0,0,0,0,0,0,0,0,0,0,0,0,0,0,0,0,0,0,0,0,0,0,0,0,0,0,0,0,0,0,0,0,0,0,0,0,229916147,0,0,0,464487959,0,0,0,0,0,0,0,68175550,98417855,262547282,164238771712,63396785,0,0,0,0,0,0,0,0,0,0,0,0,0,0,0,0,0,0,0,0,0,0,0,0,0,0,0,0,0,0,0,92,0,0,0,0,0,0,0
1787688566.588,0,0,0,0,0,0,0,682165883,1608358464000,736566791168,0,0,0,0,0,0,0,0,0,0,0,0,0,0,0,0,0,0,0,0,0,0,0,0,0,0,0,0,0,0,0,0,0,0,0,0,0,0,0,0,0,0,0,0,0,0,0,0,0,0,0,0,0,0,0,0,0,0,0,0,7,1679629,98283249,32106341,0,0,0,0,0,0,0,0,0,0,0,0,0,0,0,0,0,0,0,0,0,0,0,0,0,0,0,0,0,0,0,0,0,0,0,0,0,12883312640,10721820672,786335,654408,32053781,0,0,96,786432,97430494,796294,280,3290046026,12884901888,0,660909899,0,0,0,0,0,0,0,0,0,0,0,0,0,0,0,0,0,0,16547722,116426259,0,468,1204,7863,623,33095717,35,0,0,0,0,0,0,0,1,0,0,0,0,0,0,0,0,0,0,22357237,0,32053255,261403,0,0,0,0,0,0,0,0,16384,0,0,0,0,0,0,0,0,0,0,0,6862,473,0,0,0,0,0,50301175,0,157,0,3,470,6862,0,0,0,0,0,0,0,0,0,0,0,0,0,0,0,0,0,0,0,0,0,0,0,0,0,0,0,0,0,0,0,0,0,0,0,0,0,0,0,0,0,0,0,0,0,0,0,0,0,0,0,0,0,0,229991971,0,0,0,464576243,0,0,0,0,0,0,0,68204472,98478431,262633173,164278538240,63424228,1,0,0,0,0,0,0,0,0,0,0,0,0,0,0,0,0,0,0,0,0,0,0,0,0,0,0,0,0,0,0,509,0,0,0,0,0,0,0
1787688567.667,0,0,0,0,0,0,0,682345841,1609353759232,736779215872,0,0,0,0,0,0,0,0,0,0,0,0,0,0,0,0,0,0,0,0,0,0,0,0,0,0,0,0,0,0,0,0,0,0,0,0,0,0,0,0,0,0,0,0,0,0,0,0,0,0,0,0,0,0,0,0,0,0,0,0,7,1679653,98344122,32116455,0,0,0,0,0,0,0,0,0,0,0,0,0,0,0,0,0,0,0,0,0,0,0,0,0,0,0,0,0,0,0,0,0,0,0,0,0,12883329024,10736123904,786336,655281,32063895,0,0,96,786432,97491309,796294,280,3290934744,12884901888,0,661027471,0,0,0,0,0,0,0,0,0,0,0,0,0,0,0,0,0,0,16552940,116431477,0,468,1204,7863,623,33106153,35,0,0,0,0,0,0,0,1,0,0,0,0,0,0,0,0,0,0,22363242,0,32063369,261483,0,0,0,0,0,0,0,0,16384,0,0,0,0,0,0,0,0,0,0,0,6863,473,0,0,0,0,0,50317018,0,157,0,3,470,6863,0,0,0,0,0,0,0,0,0,0,0,0,0,0,0,0,0,0,0,0,0,0,0,0,0,0,0,0,0,0,0,0,0,0,0,0,0,0,0,0,0,0,0,0,0,0,0,0,0,0,0,0,0,0,230069464,0,0,0,464664495,0,0,0,0,0,0,0,68233899,98539165,262720800,164318931456,63452177,0,0,0,0,0,0,0,0,0,0,0,0,0,0,0,0,0,0,0,0,0,0,0,0,0,0,0,0,0,0,0,937,0,0,0,0,0,0,0
1787688568.745,0,0,0,0,0,0,0,682526315,1610346859008,736991369216,0,0,0,0,0,0,0,0,0,0,0,0,0,0,0,0,0,0,0,0,0,0,0,0,0,0,0,0,0,0,0,0,0,0,0,0,0,0,0,0,0,0,0,0,0,0,0,0,0,0,0,0,0,0,0,0,0,0,0,0,7,1679723,98404880,32126520,0,0,0,0,0,0,0,0,0,0,0,0,0,0,0,0,0,0,0,0,0,0,0,0,0,0,0,0,0,0,0,0,0,0,0,0,0,12883329024,10751180800,786336,656200,32073960,0,0,96,786432,97552006,796294,280,3291828577,12884901888,0,661147614,0,0,0,0,0,0,0,0,0,0,0,0,0,0,0,0,0,0,16558184,116436720,0,468,1204,7863,623,33116640,35,0,0,0,0,0,0,0,1,0,0,0,0,0,0,0,0,0,0,22369281,0,32073434,261563,0,0,0,0,0,0,0,0,16384,0,0,0,0,0,0,0,0,0,0,0,6865,473,0,0,0,0,0,50332959,0,157,0,3,470,6865,0,0,0,0,0,0,0,0,0,0,0,0,0,0,0,0,0,0,0,0,0,0,0,0,0,0,0,0,0,0,0,0,0,0,0,0,0,0,0,0,0,0,0,0,0,0,0,0,0,0,0,0,0,0,230147473,0,0,0,464754270,0,0,0,0,0,0,0,68263302,98599783,262808889,164359707648,63480096,1,1,0,0,0,0,0,0,0,0,0,0,0,0,0,0,0,0,0,0,0,0,0,0,0,0,0,0,0,0,0,158,0,0,0,0,0,0,0
1787688569.824,0,0,0,0,0,0,0,682706417,1611343415808,737203490304,0,0,0,0,0,0,0,0,0,0,0,0,0,0,0,0,0,0,0,0,0,0,0,0,0,0,0,0,0,0,0,0,0,0,0,0,0,0,0,0,0,0,0,0,0,0,0,0,0,0,0,0,0,0,0,0,0,0,0,0,7,1679781,98465845,32136568,0,0,0,0,0,0,0,0,0,0,0,0,0,0,0,0,0,0,0,0,0,0,0,0,0,0,0,0,0,0,0,0,0,0,0,0,0,12883329024,10766630912,786336,657143,32084008,0,0,96,786432,97612899,796294,280,3292718598,12884901888,0,661265623,0,0,0,0,0,0,0,0,0,0,0,0,0,0,0,0,0,0,16563402,116441939,0,468,1204,7863,623,33127073,35,0,0,0,0,0,0,0,1,0,0,0,0,0,0,0,0,0,0,22375287,0,32083482,261643,0,0,0,0,0,0,0,0,16384,0,0,0,0,0,0,0,0,0,0,0,6866,473,0,0,0,0,0,50348838,0,157,0,3,470,6866,0,0,0,0,0,0,0,0,0,0,0,0,0,0,0,0,0,0,0,0,0,0,0,0,0,0,0,0,0,0,0,0,0,0,0,0,0,0,0,0,0,0,0,0,0,0,0,0,0,0,0,0,0,0,230225803,0,0,0,464842541,0,0,0,0,0,0,0,68292711,98660607,262897315,164400679936,63508051,1,0,0,0,0,0,0,0,0,0,0,0,0,0,0,0,0,0,0,0,0,0,0,0,0,0,0,0,0,0,0,556,0,0,0,0,0,0,0
1787688570.903,0,0,0,0,0,0,0,682886756,1612339907072,737414727680,0,0,0,0,0,0,0,0,0,0,0,0,0,0,0,0,0,0,0,0,0,0,0,0,0,0,0,0,0,0,0,0,0,0,0,0,0,0,0,0,0,0,0,0,0,0,0,0,0,0,0,0,0,0,0,0,0,0,0,0,7,1679801,98526818,32146585,0,0,0,0,0,0,0,0,0,0,0,0,0,0,0,0,0,0,0,0,0,0,0,0,0,0,0,0,0,0,0,0,0,0,0,0,0,12883296256,10781294592,786335,658038,32094025,0,0,96,786432,97673815,796294,280,3293609351,12884901888,0,661383299,0,0,0,0,0,0,0,0,0,0,0,0,0,0,0,0,0,0,16568639,116447175,0,468,1204,7863,623,33137554,35,0,0,0,0,0,0,0,1,0,0,0,0,0,0,0,0,0,0,22381307,0,32093499,261723,0,0,0,0,0,0,0,0,16384,0,0,0,0,0,0,0,0,0,0,0,6867,473,0,0,0,0,0,50364721,0,157,0,3,470,6867,0,0,0,0,0,0,0,0,0,0,0,0,0,0,0,0,0,0,0,0,0,0,0,0,0,0,0,0,0,0,0,0,0,0,0,0,0,0,0,0,0,0,0,0,0,0,0,0,0,0,0,0,0,0,230303585,0,0,0,464931090,0,0,0,0,0,0,0,68322247,98721436,262985130,164441390080,63536066,0,0,0,0,0,0,0,0,0,0,0,0,0,0,0,0,0,0,0,0,0,0,0,0,0,0,0,0,0,0,0,974,0,0,0,0,0,0,0
1787688571.982,0,0,0,0,0,0,0,683067187,1613333039616,737624829952,0,0,0,0,0,0,0,0,0,0,0,0,0,0,0,0,0,0,0,0,0,0,0,0,0,0,0,0,0,0,0,0,0,0,0,0,0,0,0,0,0,0,0,0,0,0,0,0,0,0,0,0,0,0,0,0,0,0,0,0,7,1679823,98587549,32156556,0,0,0,0,0,0,0,0,0,0,0,0,0,0,0,0,0,0,0,0,0,0,0,0,0,0,0,0,0,0,0,0,0,0,0,0,0,12883329024,10796122112,786336,658943,32103996,0,0,96,786432,97734489,796294,280,3294503803,12884901888,0,661504338,0,0,0,0,0,0,0,0,0,0,0,0,0,0,0,0,0,0,16573863,116452400,0,468,1204,7863,623,33147998,35,0,0,0,0,0,0,0,1,0,0,0,0,0,0,0,0,0,0,22387327,0,32103470,261803,0,0,0,0,0,0,0,0,16384,0,0,0,0,0,0,0,0,0,0,0,6868,473,0,0,0,0,0,50380607,0,157,0,3,470,6868,0,0,0,0,0,0,0,0,0,0,0,0,0,0,0,0,0,0,0,0,0,0,0,0,0,0,0,0,0,0,0,0,0,0,0,0,0,0,0,0,0,0,0,0,0,0,0,0,0,0,0,0,0,0,230380568,0,0,0,465020716,0,0,0,0,0,0,0,68351615,98782039,263072116,164481593856,63563890,1,0,0,0,0,0,0,0,0,0,0,0,0,0,0,0,0,0,0,0,0,0,0,0,0,0,0,0,0,0,0,166,0,0,0,0,0,0,0
1787688573.059,0,0,0,0,0,0,0,683248548,1614344342016,737835600896,0,0,0,0,0,0,0,0,0,0,0,0,0,0,0,0,0,0,0,0,0,0,0,0,0,0,0,0,0,0,0,0,0,0,0,0,0,0,0,0,0,0,0,0,0,0,0,0,0,0,0,0,0,0,0,0,0,0,0,0,7,1679837,98649404,32166573,0,0,0,0,0,0,0,0,0,0,0,0,0,0,0,0,0,0,0,0,0,0,0,0,0,0,0,0,0,0,0,0,0,0,0,0,0,12883329024,10812735488,786336,659957,32114013,0,0,96,786432,97796277,796294,280,3295400523,12884901888,0,661623076,0,0,0,0,0,0,0,0,0,0,0,0,0,0,0,0,0,0,16579124,116457661,0,468,1204,7863,623,33158520,35,0,0,0,0,0,0,0,1,0,0,0,0,0,0,0,0,0,0,22393379,0,32113487,261883,0,0,0,0,0,0,0,0,16384,0,0,0,0,0,0,0,0,0,0,0,6869,473,0,0,0,0,0,50396640,0,157,0,3,470,6869,0,0,0,0,0,0,0,0,0,0,0,0,0,0,0,0,0,0,0,0,0,0,0,0,0,0,0,0,0,0,0,0,0,0,0,0,0,0,0,0,0,0,0,0,0,0,0,0,0,0,0,0,0,0,230457596,0,0,0,465109600,0,0,0,0,0,0,0,68381011,98843767,263159180,164521732096,63591924,1,1,0,0,0,0,0,0,0,0,0,0,0,0,0,0,0,0,0,0,0,0,0,0,0,0,0,0,0,0,0,622,0,0,0,0,0,0,0
1787688574.137,0,0,0,0,0,0,0,683425486,1615315847680,738047793664,0,0,0,0,0,0,0,0,0,0,0,0,0,0,0,0,0,0,0,0,0,0,0,0,0,0,0,0,0,0,0,0,0,0,0,0,0,0,0,0,0,0,0,0,0,0,0,0,0,0,0,0,0,0,0,0,0,0,0,0,7,1679885,98708840,32176673,0,0,0,0,0,0,0,0,0,0,0,0,0,0,0,0,0,0,0,0,0,0,0,0,0,0,0,0,0,0,0,0,0,0,0,0,0,12883312640,10821287936,786335,660479,32124113,0,0,96,786432,97855642,796294,280,3296274030,12884901888,0,661738885,0,0,0,0,0,0,0,0,0,0,0,0,0,0,0,0,0,0,16584256,116462793,0,468,1204,7863,623,33168788,35,0,0,0,0,0,0,0,1,0,0,0,0,0,0,0,0,0,0,22399281,0,32123587,261963,0,0,0,0,0,0,0,0,16384,0,0,0,0,0,0,0,0,0,0,0,6870,473,0,0,0,0,0,50412237,0,157,0,3,470,6870,0,0,0,0,0,0,0,0,0,0,0,0,0,0,0,0,0,0,0,0,0,0,0,0,0,0,0,0,0,0,0,0,0,0,0,0,0,0,0,0,0,0,0,0,0,0,0,0,0,0,0,0,0,0,230535051,0,0,0,465196388,0,0,0,0,0,0,0,68408483,98903071,263246760,164562097152,63617959,1,1,0,0,0,0,0,0,0,0,0,0,0,0,0,0,0,0,0,0,0,0,0,0,0,0,0,0,0,0,0,946,0,0,0,0,0,0,0
1787688575.216,0,0,0,0,0,0,0,683594895,1616250685952,738302879744,0,0,0,0,0,0,0,0,0,0,0,0,0,0,0,0,0,0,0,0,0,0,0,0,0,0,0,0,0,0,0,0,0,0,0,0,0,0,0,0,0,0,0,0,0,0,0,0,0,0,0,0,0,0,0,0,0,0,0,0,7,1679950,98766023,32189417,0,0,0,0,0,0,0,0,0,0,0,0,0,0,0,0,0,0,0,0,0,0,0,0,0,0,0,0,0,0,0,0,0,0,0,0,0,12878266368,10779033600,786026,657899,32134198,309,0,97,786432,97912757,796294,280,3297111297,12884901888,0,661850509,0,0,0,0,0,0,0,0,0,0,0,0,0,0,0,0,0,0,16589167,116467704,0,468,1204,7863,623,33178605,35,0,0,0,0,0,0,0,1,0,0,0,0,0,0,0,0,0,0,22404939,0,32136331,262065,0,0,0,0,0,0,0,0,16384,0,0,0,0,0,0,0,0,0,0,0,6871,473,0,0,0,0,0,50427179,0,157,0,3,470,6871,0,0,0,0,0,0,0,0,0,0,0,0,0,0,0,0,0,0,0,0,0,0,0,0,0,0,0,0,0,0,0,0,0,0,0,0,0,0,0,0,0,0,0,0,0,0,0,0,0,0,0,0,0,0,230610052,0,0,0,465279740,0,0,0,0,0,0,0,68434487,98960139,263334611,164601430016,63642064,1,1,0,0,0,0,0,0,0,0,0,0,0,0,0,0,0,0,0,0,0,0,0,0,0,0,0,0,0,0,0,1048,0,0,0,0,0,0,0
1787688576.294,0,0,0,0,0,0,0,683767818,1617207380480,738586899456,0,0,0,0,0,0,0,0,0,0,0,0,0,0,0,0,0,0,0,0,0,0,0,0,0,0,0,0,0,0,0,0,0,0,0,0,0,0,0,0,0,0,0,0,0,0,0,0,0,0,0,0,0,0,0,0,0,0,0,0,7,1679980,98824551,32203999,0,0,0,0,0,0,0,0,0,0,0,0,0,0,0,0,0,0,0,0,0,0,0,0,0,0,0,0,0,0,0,0,0,0,0,0,0,12883329024,10714185728,786336,653942,32144243,0,0,96,786432,97971211,796294,280,3297968903,12884901888,0,661966769,0,0,0,0,0,0,0,0,0,0,0,0,0,0,0,0,0,0,16594182,116472719,0,468,1204,7863,623,33188635,35,0,0,0,0,0,0,0,1,0,0,0,0,0,0,0,0,0,0,22410718,0,32150961,262181,0,0,0,0,0,0,0,0,16384,0,0,0,0,0,0,0,0,0,0,0,6872,473,0,0,0,0,0,50442417,0,157,0,3,470,6872,0,0,0,0,0,0,0,0,0,0,0,0,0,0,0,0,0,0,0,0,0,0,0,0,0,0,0,0,0,0,0,0,0,0,0,0,0,0,0,0,0,0,0,0,0,0,0,0,0,0,0,0,0,0,230685547,0,0,0,465365899,0,0,0,0,0,0,0,68463002,99018538,263424689,164640929280,63668450,1,0,0,0,0,0,0,0,0,0,0,0,0,0,0,0,0,0,0,0,0,0,0,0,0,0,0,0,0,0,0,77,0,0,0,0,0,0,0
1787688577.371,0,0,0,0,0,0,0,683945409,1618186603008,738843009536,0,0,0,0,0,0,0,0,0,0,0,0,0,0,0,0,0,0,0,0,0,0,0,0,0,0,0,0,0,0,0,0,0,0,0,0,0,0,0,0,0,0,0,0,0,0,0,0,0,0,0,0,0,0,0,0,0,0,0,0,7,1680012,98884461,32216835,0,0,0,0,0,0,0,0,0,0,0,0,0,0,0,0,0,0,0,0,0,0,0,0,0,0,0,0,0,0,0,0,0,0,0,0,0,12883312640,10677714944,786336,651716,32164275,0,0,96,786432,98031059,796294,280,3298846378,12884901888,0,662083450,0,0,0,0,0,0,0,0,0,0,0,0,0,0,0,0,0,0,16599328,116477864,0,468,1204,7863,623,33198928,35,0,0,0,0,0,0,0,1,0,0,0,0,0,0,0,0,0,0,22416641,0,32163749,262283,0,0,0,0,0,0,0,0,16384,0,0,0,0,0,0,0,0,0,0,0,6873,473,0,0,0,0,0,50458056,0,157,0,3,470,6873,0,0,0,0,0,0,0,0,0,0,0,0,0,0,0,0,0,0,0,0,0,0,0,0,0,0,0,0,0,0,0,0,0,0,0,0,0,0,0,0,0,0,0,0,0,0,0,0,0,0,0,0,0,0,230762219,0,0,0,465452999,0,0,0,0,0,0,0,68492151,99078310,263514178,164681272832,63695695,1,0,0,0,0,0,0,0,0,0,0,0,0,0,0,0,0,0,0,0,0,0,0,0,0,0,0,0,0,0,0,414,0,0,0,0,0,0,0
1787688578.449,0,0,0,0,0,0,0,684125138,1619180800512,739055450112,0,0,0,0,0,0,0,0,0,0,0,0,0,0,0,0,0,0,0,0,0,0,0,0,0,0,0,0,0,0,0,0,0,0,0,0,0,0,0,0,0,0,0,0,0,0,0,0,0,0,0,0,0,0,0,0,0,0,0,0,7,1680038,98945296,32226927,0,0,0,0,0,0,0,0,0,0,0,0,0,0,0,0,0,0,0,0,0,0,0,0,0,0,0,0,0,0,0,0,0,0,0,0,0,12883312640,10690494464,786335,652496,32174367,0,0,96,786432,98091833,796294,280,3299733437,12884901888,0,662200909,0,0,0,0,0,0,0,0,0,0,0,0,0,0,0,0,0,0,16604534,116483068,0,468,1204,7863,623,33209345,35,0,0,0,0,0,0,0,1,0,0,0,0,0,0,0,0,0,0,22422628,0,32173841,262363,0,0,0,0,0,0,0,0,16384,0,0,0,0,0,0,0,0,0,0,0,6874,473,0,0,0,0,0,50473903,0,157,0,3,470,6874,0,0,0,0,0,0,0,0,0,0,0,0,0,0,0,0,0,0,0,0,0,0,0,0,0,0,0,0,0,0,0,0,0,0,0,0,0,0,0,0,0,0,0,0,0,0,0,0,0,0,0,0,0,0,230839981,0,0,0,465541067,0,0,0,0,0,0,0,68521485,99138991,263602060,164721933312,63723515,1,0,0,0,0,0,0,0,0,0,0,0,0,0,0,0,0,0,0,0,0,0,0,0,0,0,0,0,0,0,0,813,0,0,0,0,0,0,0
1787688579.525,0,0,0,0,0,0,0,684305014,1620176112128,739267300352,0,0,0,0,0,0,0,0,0,0,0,0,0,0,0,0,0,0,0,0,0,0,0,0,0,0,0,0,0,0,0,0,0,0,0,0,0,0,0,0,0,0,0,0,0,0,0,0,0,0,0,0,0,0,0,0,0,0,0,0,7,1680073,99006200,32236962,0,0,0,0,0,0,0,0,0,0,0,0,0,0,0,0,0,0,0,0,0,0,0,0,0,0,0,0,0,0,0,0,0,0,0,0,0,12883329024,10705027072,786336,653383,32184402,0,0,96,786432,98152675,796294,280,3300621849,12884901888,0,662318931,0,0,0,0,0,0,0,0,0,0,0,0,0,0,0,0,0,0,16609746,116488282,0,468,1204,7863,623,33219761,35,0,0,0,0,0,0,0,1,0,0,0,0,0,0,0,0,0,0,22428631,0,32183876,262443,0,0,0,0,0,0,0,0,16384,0,0,0,0,0,0,0,0,0,0,0,6875,473,0,0,0,0,0,50489784,0,157,0,3,470,6875,0,0,0,0,0,0,0,0,0,0,0,0,0,0,0,0,0,0,0,0,0,0,0,0,0,0,0,0,0,0,0,0,0,0,0,0,0,0,0,0,0,0,0,0,0,0,0,0,0,0,0,0,0,0,230917845,0,0,0,465629196,0,0,0,0,0,0,0,68550957,99199756,263689968,164762883072,63751522,1,1,0,0,0,0,0,0,0,0,0,0,0,0,0,0,0,0,0,0,0,0,0,0,0,0,0,0,0,0,0,1222,0,0,0,0,0,0,0
1787688580.602,0,0,0,0,0,0,0,684485944,1621174798848,739478829056,0,0,0,0,0,0,0,0,0,0,0,0,0,0,0,0,0,0,0,0,0,0,0,0,0,0,0,0,0,0,0,0,0,0,0,0,0,0,0,0,0,0,0,0,0,0,0,0,0,0,0,0,0,0,0,0,0,0,0,0,7,1680093,99067292,32246968,0,0,0,0,0,0,0,0,0,0,0,0,0,0,0,0,0,0,0,0,0,0,0,0,0,0,0,0,0,0,0,0,0,0,0,0,0,12883312640,10719510528,786336,654267,32194408,0,0,96,786432,98213703,796294,280,3301518660,12884901888,0,662440097,0,0,0,0,0,0,0,0,0,0,0,0,0,0,0,0,0,0,16614996,116493533,0,468,1204,7863,623,33230260,35,0,0,0,0,0,0,0,1,0,0,0,0,0,0,0,0,0,0,22434671,0,32193882,262523,0,0,0,0,0,0,0,0,16384,0,0,0,0,0,0,0,0,0,0,0,6876,473,0,0,0,0,0,50505757,0,157,0,3,470,6876,0,0,0,0,0,0,0,0,0,0,0,0,0,0,0,0,0,0,0,0,0,0,0,0,0,0,0,0,0,0,0,0,0,0,0,0,0,0,0,0,0,0,0,0,0,0,0,0,0,0,0,0,0,0,230996603,0,0,0,465719073,0,0,0,0,0,0,0,68580853,99260724,263778760,164804011520,63779952,0,0,0,0,0,0,0,0,0,0,0,0,0,0,0,0,0,0,0,0,0,0,0,0,0,0,0,0,0,0,0,438,0,0,0,0,0,0,0
1787688581.677,0,0,0,0,0,0,0,684666403,1622176778752,739692494848,0,0,0,0,0,0,0,0,0,0,0,0,0,0,0,0,0,0,0,0,0,0,0,0,0,0,0,0,0,0,0,0,0,0,0,0,0,0,0,0,0,0,0,0,0,0,0,0,0,0,0,0,0,0,0,0,0,0,0,0,7,1680119,99128575,32257019,0,0,0,0,0,0,0,0,0,0,0,0,0,0,0,0,0,0,0,0,0,0,0,0,0,0,0,0,0,0,0,0,0,0,0,0,0,12883312640,10733879296,786335,655144,32204459,0,0,97,786432,98274932,796294,280,3302410539,12884901888,0,662558495,0,0,0,0,0,0,0,0,0,0,0,0,0,0,0,0,0,0,16620222,116498759,0,468,1204,7863,623,33240716,35,0,0,0,0,0,0,0,1,0,0,0,0,0,0,0,0,0,0,22440687,0,32203933,262603,0,0,0,0,0,0,0,0,16384,0,0,0,0,0,0,0,0,0,0,0,6877,473,0,0,0,0,0,50521643,0,157,0,3,470,6877,0,0,0,0,0,0,0,0,0,0,0,0,0,0,0,0,0,0,0,0,0,0,0,0,0,0,0,0,0,0,0,0,0,0,0,0,0,0,0,0,0,0,0,0,0,0,0,0,0,0,0,0,0,0,231076734,0,0,0,465807435,0,0,0,0,0,0,0,68611841,99321872,263868995,164846027776,63809484,0,0,0,0,0,0,0,0,0,0,0,0,0,0,0,0,0,0,0,0,0,0,0,0,0,0,0,0,0,0,0,878,0,0,0,0,0,0,0
1787688582.756,0,0,0,0,0,0,0,684846977,1623173712384,739908564480,0,0,0,0,0,0,0,0,0,0,0,0,0,0,0,0,0,0,0,0,0,0,0,0,0,0,0,0,0,0,0,0,0,0,0,0,0,0,0,0,0,0,0,0,0,0,0,0,0,0,0,0,0,0,0,0,0,0,0,0,7,1680145,99189567,32267160,0,0,0,0,0,0,0,0,0,0,0,0,0,0,0,0,0,0,0,0,0,0,0,0,0,0,0,0,0,0,0,0,0,0,0,0,0,12883329024,10744479744,786336,655791,32214600,0,0,96,786432,98335853,796294,280,3303305330,12884901888,0,662679119,0,0,0,0,0,0,0,0,0,0,0,0,0,0,0,0,0,0,16625461,116503998,0,468,1204,7863,623,33251191,35,0,0,0,0,0,0,0,1,0,0,0,0,0,0,0,0,0,0,22446722,0,32214074,262685,0,0,0,0,0,0,0,0,16384,0,0,0,0,0,0,0,0,0,0,0,6879,473,0,0,0,0,0,50537594,0,157,0,3,470,6879,0,0,0,0,0,0,0,0,0,0,0,0,0,0,0,0,0,0,0,0,0,0,0,0,0,0,0,0,0,0,0,0,0,0,0,0,0,0,0,0,0,0,0,0,0,0,0,0,0,0,0,0,0,0,231159270,0,0,0,465897175,0,0,0,0,0,0,0,68643460,99382708,263961720,164889058304,63839595,0,1,0,0,0,0,0,0,0,0,0,0,0,0,0,0,0,0,0,0,0,0,0,0,0,0,0,0,0,0,0,120,0,0,0,0,0,0,0
1787688583.836,0,0,0,0,0,0,0,685025198,1624158489088,740120504320,0,0,0,0,0,0,0,0,0,0,0,0,0,0,0,0,0,0,0,0,0,0,0,0,0,0,0,0,0,0,0,0,0,0,0,0,0,0,0,0,0,0,0,0,0,0,0,0,0,0,0,0,0,0,0,0,0,0,0,0,7,1680167,99249791,32277299,0,0,0,0,0,0,0,0,0,0,0,0,0,0,0,0,0,0,0,0,0,0,0,0,0,0,0,0,0,0,0,0,0,0,0,0,0,12883312640,10753474560,786335,656340,32224739,0,0,97,786432,98396017,796294,280,3304184970,12884901888,0,662795498,0,0,0,0,0,0,0,0,0,0,0,0,0,0,0,0,0,0,16630631,116509166,0,468,1204,7863,623,33261532,35,0,0,0,0,0,0,0,1,0,0,0,0,0,0,0,0,0,0,22452677,0,32224213,262767,0,0,0,0,0,0,0,0,16384,0,0,0,0,0,0,0,0,0,0,0,6880,473,0,0,0,0,0,50553319,0,157,0,3,470,6880,0,0,0,0,0,0,0,0,0,0,0,0,0,0,0,0,0,0,0,0,0,0,0,0,0,0,0,0,0,0,0,0,0,0,0,0,0,0,0,0,0,0,0,0,0,0,0,0,0,0,0,0,0,0,231235177,0,0,0,465984542,0,0,0,0,0,0,0,68672176,99442818,264047790,164928669184,63866804,1,0,0,0,0,0,0,0,0,0,0,0,0,0,0,0,0,0,0,0,0,0,0,0,0,0,0,0,0,0,0,483,0,0,0,0,0,0,0
1787688584.911,0,0,0,0,0,0,0,685204567,1625143478784,740330962944,0,0,0,0,0,0,0,0,0,0,0,0,0,0,0,0,0,0,0,0,0,0,0,0,0,0,0,0,0,0,0,0,0,0,0,0,0,0,0,0,0,0,0,0,0,0,0,0,0,0,0,0,0,0,0,0,0,0,0,0,7,1680182,99310046,32287354,0,0,0,0,0,0,0,0,0,0,0,0,0,0,0,0,0,0,0,0,0,0,0,0,0,0,0,0,0,0,0,0,0,0,0,0,0,12883312640,10765500416,786335,657074,32234794,1,0,96,786432,98456206,796294,280,3305069843,12884901888,0,662912932,0,0,0,0,0,0,0,0,0,0,0,0,0,0,0,0,0,0,16635827,116514364,0,468,1204,7863,623,33271926,35,0,0,0,0,0,0,0,1,0,0,0,0,0,0,0,0,0,0,22458656,0,32234268,262847,0,0,0,0,0,0,0,0,16384,0,0,0,0,0,0,0,0,0,0,0,6881,473,0,0,0,0,0,50569115,0,157,0,3,470,6881,0,0,0,0,0,0,0,0,0,0,0,0,0,0,0,0,0,0,0,0,0,0,0,0,0,0,0,0,0,0,0,0,0,0,0,0,0,0,0,0,0,0,0,0,0,0,0,0,0,0,0,0,0,0,231310547,0,0,0,466072396,0,0,0,0,0,0,0,68700450,99502946,264133231,164968095744,63893685,0,0,0,0,0,0,0,0,0,0,0,0,0,0,0,0,0,0,0,0,0,0,0,0,0,0,0,0,0,0,0,887,0,0,0,0,0,0,0
1787688585.990,0,0,0,0,0,0,0,685384105,1626139773440,740542554624,0,0,0,0,0,0,0,0,0,0,0,0,0,0,0,0,0,0,0,0,0,0,0,0,0,0,0,0,0,0,0,0,0,0,0,0,0,0,0,0,0,0,0,0,0,0,0,0,0,0,0,0,0,0,0,0,0,0,0,0,7,1680203,99370972,32297401,0,0,0,0,0,0,0,0,0,0,0,0,0,0,0,0,0,0,0,0,0,0,0,0,0,0,0,0,0,0,0,0,0,0,0,0,0,12883329024,10779607040,786336,657935,32244841,0,0,96,786432,98517062,796294,280,3305959874,12884901888,0,663033065,0,0,0,0,0,0,0,0,0,0,0,0,0,0,0,0,0,0,16641032,116519569,0,468,1204,7863,623,33282337,35,0,0,0,0,0,0,0,1,0,0,0,0,0,0,0,0,0,0,22464658,0,32244315,262927,0,0,0,0,0,0,0,0,16384,0,0,0,0,0,0,0,0,0,0,0,6882,473,0,0,0,0,0,50584934,0,157,0,3,470,6882,0,0,0,0,0,0,0,0,0,0,0,0,0,0,0,0,0,0,0,0,0,0,0,0,0,0,0,0,0,0,0,0,0,0,0,0,0,0,0,0,0,0,0,0,0,0,0,0,0,0,0,0,0,0,231388299,0,0,0,466161626,0,0,0,0,0,0,0,68730086,99563745,264221046,165008657408,63921855,1,1,0,0,0,0,0,0,0,0,0,0,0,0,0,0,0,0,0,0,0,0,0,0,0,0,0,0,0,0,0,78,0,0,0,0,0,0,0
1787688587.069,0,0,0,0,0,0,0,685563573,1627131562496,740755425792,0,0,0,0,0,0,0,0,0,0,0,0,0,0,0,0,0,0,0,0,0,0,0,0,0,0,0,0,0,0,0,0,0,0,0,0,0,0,0,0,0,0,0,0,0,0,0,0,0,0,0,0,0,0,0,0,0,0,0,0,7,1680293,99431627,32307527,0,0,0,0,0,0,0,0,0,0,0,0,0,0,0,0,0,0,0,0,0,0,0,0,0,0,0,0,0,0,0,0,0,0,0,0,0,12883296256,10793582592,786335,658788,32254967,0,0,97,786432,98577639,796294,280,3306846087,12884901888,0,663150864,0,0,0,0,0,0,0,0,0,0,0,0,0,0,0,0,0,0,16646230,116524767,0,468,1204,7863,623,33292732,35,0,0,0,0,0,0,0,1,0,0,0,0,0,0,0,0,0,0,22470640,0,32254441,263009,0,0,0,0,0,0,0,0,16384,0,0,0,0,0,0,0,0,0,0,0,6883,473,0,0,0,0,0,50600741,0,157,0,3,470,6883,0,0,0,0,0,0,0,0,0,0,0,0,0,0,0,0,0,0,0,0,0,0,0,0,0,0,0,0,0,0,0,0,0,0,0,0,0,0,0,0,0,0,0,0,0,0,0,0,0,0,0,0,0,0,231465794,0,0,0,466249516,0,0,0,0,0,0,0,68759642,99624288,264308700,165049301504,63949888,1,1,0,0,0,0,0,0,0,0,0,0,0,0,0,0,0,0,0,0,0,0,0,0,0,0,0,0,0,0,0,495,0,0,0,0,0,0,0
1787688588.143,0,0,0,0,0,0,0,685744730,1628132477440,740968539136,0,0,0,0,0,0,0,0,0,0,0,0,0,0,0,0,0,0,0,0,0,0,0,0,0,0,0,0,0,0,0,0,0,0,0,0,0,0,0,0,0,0,0,0,0,0,0,0,0,0,0,0,0,0,0,0,0,0,0,0,7,1680320,99492871,32317677,0,0,0,0,0,0,0,0,0,0,0,0,0,0,0,0,0,0,0,0,0,0,0,0,0,0,0,0,0,0,0,0,0,0,0,0,0,12883296256,10806968320,786334,659605,32265117,0,0,97,786432,98638831,796294,280,3307740513,12884901888,0,663269449,0,0,0,0,0,0,0,0,0,0,0,0,0,0,0,0,0,0,16651484,116530019,0,468,1204,7863,623,33303238,35,0,0,0,0,0,0,0,1,0,0,0,0,0,0,0,0,0,0,22476680,0,32264591,263091,0,0,0,0,0,0,0,0,16384,0,0,0,0,0,0,0,0,0,0,0,6884,473,0,0,0,0,0,50616714,0,157,0,3,470,6884,0,0,0,0,0,0,0,0,0,0,0,0,0,0,0,0,0,0,0,0,0,0,0,0,0,0,0,0,0,0,0,0,0,0,0,0,0,0,0,0,0,0,0,0,0,0,0,0,0,0,0,0,0,0,231543119,0,0,0,466338276,0,0,0,0,0,0,0,68788908,99685398,264396196,165089742848,63977623,0,1,0,0,0,0,0,0,0,0,0,0,0,0,0,0,0,0,0,0,0,0,0,0,0,0,0,0,0,0,0,933,0,0,0,0,0,0,0
1787688589.222,0,0,0,0,0,0,0,685917714,1629083568640,741226537472,0,0,0,0,0,0,0,0,0,0,0,0,0,0,0,0,0,0,0,0,0,0,0,0,0,0,0,0,0,0,0,0,0,0,0,0,0,0,0,0,0,0,0,0,0,0,0,0,0,0,0,0,0,0,0,0,0,0,0,0,7,1680338,99551036,32330464,0,0,0,0,0,0,0,0,0,0,0,0,0,0,0,0,0,0,0,0,0,0,0,0,0,0,0,0,0,0,0,0,0,0,0,0,0,12879609856,10768187392,786109,657238,32275224,227,0,96,786432,98696921,796294,280,3308594907,12884901888,0,663382781,0,0,0,0,0,0,0,0,0,0,0,0,0,0,0,0,0,0,16656500,116535037,0,468,1204,7863,623,33313271,35,0,0,0,0,0,0,0,1,0,0,0,0,0,0,0,0,0,0,22482461,0,32277489,263196,0,0,0,0,0,0,0,0,16384,0,0,0,0,0,0,0,0,0,0,0,6885,473,0,0,0,0,0,50631971,0,157,0,3,470,6885,0,0,0,0,0,0,0,0,0,0,0,0,0,0,0,0,0,0,0,0,0,0,0,0,0,0,0,0,0,0,0,0,0,0,0,0,0,0,0,0,0,0,0,0,0,0,0,0,0,0,0,0,0,0,231618435,0,0,0,466423312,0,0,0,0,0,0,0,68815510,99743441,264484543,165129059328,64002332,1,0,0,0,0,0,0,0,0,0,0,0,0,0,0,0,0,0,0,0,0,0,0,0,0,0,0,0,0,0,0,1144,0,0,0,0,0,0,0
1787688590.300,0,0,0,0,0,0,0,686085660,1630012819968,741506547200,0,0,0,0,0,0,0,0,0,0,0,0,0,0,0,0,0,0,0,0,0,0,0,0,0,0,0,0,0,0,0,0,0,0,0,0,0,0,0,0,0,0,0,0,0,0,0,0,0,0,0,0,0,0,0,0,0,0,0,0,7,1680363,99607877,32344997,0,0,0,0,0,0,0,0,0,0,0,0,0,0,0,0,0,0,0,0,0,0,0,0,0,0,0,0,0,0,0,0,0,0,0,0,0,12883329024,10696507392,786336,652863,32285299,0,0,96,786432,98753711,796294,280,3309425105,12884901888,0,663493035,0,0,0,0,0,0,0,0,0,0,0,0,0,0,0,0,0,0,16661370,116539906,0,468,1204,7863,623,33323011,35,0,0,0,0,0,0,0,1,0,0,0,0,0,0,0,0,0,0,22488069,0,32291934,263310,0,0,0,0,0,0,0,0,16384,0,0,0,0,0,0,0,0,0,0,0,6886,473,0,0,0,0,0,50646787,0,157,0,3,470,6886,0,0,0,0,0,0,0,0,0,0,0,0,0,0,0,0,0,0,0,0,0,0,0,0,0,0,0,0,0,0,0,0,0,0,0,0,0,0,0,0,0,0,0,0,0,0,0,0,0,0,0,0,0,0,231692310,0,0,0,466505957,0,0,0,0,0,0,0,68841312,99800177,264572861,165167589376,64025993,0,0,0,0,0,0,0,0,0,0,0,0,0,0,0,0,0,0,0,0,0,0,0,0,0,0,0,0,0,0,0,1227,0,0,0,0,0,0,0
1787688591.377,0,0,0,0,0,0,0,686261374,1630983260672,741765858816,0,0,0,0,0,0,0,0,0,0,0,0,0,0,0,0,0,0,0,0,0,0,0,0,0,0,0,0,0,0,0,0,0,0,0,0,0,0,0,0,0,0,0,0,0,0,0,0,0,0,0,0,0,0,0,0,0,0,0,0,7,1680378,99667245,32358053,0,0,0,0,0,0,0,0,0,0,0,0,0,0,0,0,0,0,0,0,0,0,0,0,0,0,0,0,0,0,0,0,0,0,0,0,0,12883329024,10657660928,786336,650492,32305493,0,0,96,786432,98813010,796294,280,3310296518,12884901888,0,663610540,0,0,0,0,0,0,0,0,0,0,0,0,0,0,0,0,0,0,16666470,116545006,0,468,1204,7863,623,33333209,35,0,0,0,0,0,0,0,1,0,0,0,0,0,0,0,0,0,0,22493947,0,32304967,263413,0,0,0,0,0,0,0,0,16384,0,0,0,0,0,0,0,0,0,0,0,6887,473,0,0,0,0,0,50662296,0,157,0,3,470,6887,0,0,0,0,0,0,0,0,0,0,0,0,0,0,0,0,0,0,0,0,0,0,0,0,0,0,0,0,0,0,0,0,0,0,0,0,0,0,0,0,0,0,0,0,0,0,0,0,0,0,0,0,0,0,231769272,0,0,0,466593435,0,0,0,0,0,0,0,68869530,99859422,264662861,165207626752,64052300,1,1,0,0,0,0,0,0,0,0,0,0,0,0,0,0,0,0,0,0,0,0,0,0,0,0,0,0,0,0,0,310,0,0,0,0,0,0,0
1787688592.455,0,0,0,0,0,0,0,686441320,1631978932736,741978441728,0,0,0,0,0,0,0,0,0,0,0,0,0,0,0,0,0,0,0,0,0,0,0,0,0,0,0,0,0,0,0,0,0,0,0,0,0,0,0,0,0,0,0,0,0,0,0,0,0,0,0,0,0,0,0,0,0,0,0,0,7,1680396,99728155,32368163,0,0,0,0,0,0,0,0,0,0,0,0,0,0,0,0,0,0,0,0,0,0,0,0,0,0,0,0,0,0,0,0,0,0,0,0,0,12883312640,10671800320,786335,651355,32315603,0,0,97,786432,98873841,796294,280,3311184874,12884901888,0,663727789,0,0,0,0,0,0,0,0,0,0,0,0,0,0,0,0,0,0,16671692,116550226,0,468,1204,7863,623,33343654,35,0,0,0,0,0,0,0,1,0,0,0,0,0,0,0,0,0,0,22499952,0,32315077,263495,0,0,0,0,0,0,0,0,16384,0,0,0,0,0,0,0,0,0,0,0,6888,473,0,0,0,0,0,50678142,0,157,0,3,470,6888,0,0,0,0,0,0,0,0,0,0,0,0,0,0,0,0,0,0,0,0,0,0,0,0,0,0,0,0,0,0,0,0,0,0,0,0,0,0,0,0,0,0,0,0,0,0,0,0,0,0,0,0,0,0,231847066,0,0,0,466681657,0,0,0,0,0,0,0,68898802,99920213,264750788,165248205824,64080185,1,0,0,0,0,0,0,0,0,0,0,0,0,0,0,0,0,0,0,0,0,0,0,0,0,0,0,0,0,0,0,727,0,0,0,0,0,0,0
1787688593.534,0,0,0,0,0,0,0,686621132,1632976357888,742190457856,0,0,0,0,0,0,0,0,0,0,0,0,0,0,0,0,0,0,0,0,0,0,0,0,0,0,0,0,0,0,0,0,0,0,0,0,0,0,0,0,0,0,0,0,0,0,0,0,0,0,0,0,0,0,0,0,0,0,0,0,7,1680423,99789124,32378254,0,0,0,0,0,0,0,0,0,0,0,0,0,0,0,0,0,0,0,0,0,0,0,0,0,0,0,0,0,0,0,0,0,0,0,0,0,12883329024,10686349312,786336,652243,32325694,0,0,96,786432,98934741,796294,280,3312073272,12884901888,0,663845473,0,0,0,0,0,0,0,0,0,0,0,0,0,0,0,0,0,0,16676901,116555437,0,468,1204,7863,623,33354071,35,0,0,0,0,0,0,0,1,0,0,0,0,0,0,0,0,0,0,22505951,0,32325168,263575,0,0,0,0,0,0,0,0,16384,0,0,0,0,0,0,0,0,0,0,0,6889,473,0,0,0,0,0,50693991,0,157,0,3,470,6889,0,0,0,0,0,0,0,0,0,0,0,0,0,0,0,0,0,0,0,0,0,0,0,0,0,0,0,0,0,0,0,0,0,0,0,0,0,0,0,0,0,0,0,0,0,0,0,0,0,0,0,0,0,0,231924161,0,0,0,466769771,0,0,0,0,0,0,0,68928248,99981081,264838004,165288539648,64108107,0,0,0,0,0,0,0,0,0,0,0,0,0,0,0,0,0,0,0,0,0,0,0,0,0,0,0,0,0,0,0,1157,0,0,0,0,0,0,0
1787688594.610,0,0,0,0,0,0,0,686801741,1633970768384,742401610240,0,0,0,0,0,0,0,0,0,0,0,0,0,0,0,0,0,0,0,0,0,0,0,0,0,0,0,0,0,0,0,0,0,0,0,0,0,0,0,0,0,0,0,0,0,0,0,0,0,0,0,0,0,0,0,0,0,0,0,0,7,1680447,99849953,32388260,0,0,0,0,0,0,0,0,0,0,0,0,0,0,0,0,0,0,0,0,0,0,0,0,0,0,0,0,0,0,0,0,0,0,0,0,0,12883329024,10700046336,786336,653079,32335700,0,0,96,786432,98995494,796294,280,3312968234,12884901888,0,663966493,0,0,0,0,0,0,0,0,0,0,0,0,0,0,0,0,0,0,16682137,116560674,0,468,1204,7863,623,33364546,35,0,0,0,0,0,0,0,1,0,0,0,0,0,0,0,0,0,0,22511986,0,32335174,263655,0,0,0,0,0,0,0,0,16384,0,0,0,0,0,0,0,0,0,0,0,6890,473,0,0,0,0,0,50709891,0,157,0,3,470,6890,0,0,0,0,0,0,0,0,0,0,0,0,0,0,0,0,0,0,0,0,0,0,0,0,0,0,0,0,0,0,0,0,0,0,0,0,0,0,0,0,0,0,0,0,0,0,0,0,0,0,0,0,0,0,232002219,0,0,0,466859492,0,0,0,0,0,0,0,68957429,100041810,264926076,165329331200,64135814,1,0,0,0,0,0,0,0,0,0,0,0,0,0,0,0,0,0,0,0,0,0,0,0,0,0,0,0,0,0,0,390,0,0,0,0,0,0,0
1787688595.689,0,0,0,0,0,0,0,686982923,1634968373760,742613472256,0,0,0,0,0,0,0,0,0,0,0,0,0,0,0,0,0,0,0,0,0,0,0,0,0,0,0,0,0,0,0,0,0,0,0,0,0,0,0,0,0,0,0,0,0,0,0,0,0,0,0,0,0,0,0,0,0,0,0,0,7,1680539,99910973,32398289,0,0,0,0,0,0,0,0,0,0,0,0,0,0,0,0,0,0,0,0,0,0,0,0,0,0,0,0,0,0,0,0,0,0,0,0,0,12883263488,10716856320,786333,654105,32345729,0,0,98,786432,99056454,796294,280,3313863044,12884901888,0,664085323,0,0,0,0,0,0,0,0,0,0,0,0,0,0,0,0,0,0,16687387,116565924,0,468,1204,7863,623,33375048,35,0,0,0,0,0,0,0,1,0,0,0,0,0,0,0,0,0,0,22518027,0,32345203,263735,0,0,0,0,0,0,0,0,16384,0,0,0,0,0,0,0,0,0,0,0,6892,473,0,0,0,0,0,50725875,0,157,0,3,470,6892,0,0,0,0,0,0,0,0,0,0,0,0,0,0,0,0,0,0,0,0,0,0,0,0,0,0,0,0,0,0,0,0,0,0,0,0,0,0,0,0,0,0,0,0,0,0,0,0,0,0,0,0,0,0,232080610,0,0,0,466948269,0,0,0,0,0,0,0,68986742,100102691,265014530,165370531840,64163669,1,0,0,0,0,0,0,0,0,0,0,0,0,0,0,0,0,0,0,0,0,0,0,0,0,0,0,0,0,0,0,809,0,0,0,0,0,0,0
1787688596.768,0,0,0,0,0,0,0,687163908,1635967306240,742825663488,0,0,0,0,0,0,0,0,0,0,0,0,0,0,0,0,0,0,0,0,0,0,0,0,0,0,0,0,0,0,0,0,0,0,0,0,0,0,0,0,0,0,0,0,0,0,0,0,0,0,0,0,0,0,0,0,0,0,0,0,7,1680564,99972068,32408342,0,0,0,0,0,0,0,0,0,0,0,0,0,0,0,0,0,0,0,0,0,0,0,0,0,0,0,0,0,0,0,0,0,0,0,0,0,12883296256,10729979904,786334,654906,32355782,0,0,98,786432,99117466,796294,280,3314756383,12884901888,0,664203482,0,0,0,0,0,0,0,0,0,0,0,0,0,0,0,0,0,0,16692633,116571169,0,468,1204,7863,623,33385537,35,0,0,0,0,0,0,0,1,0,0,0,0,0,0,0,0,0,0,22524069,0,32355256,263815,0,0,0,0,0,0,0,0,16384,0,0,0,0,0,0,0,0,0,0,0,6893,473,0,0,0,0,0,50741800,0,157,0,3,470,6893,0,0,0,0,0,0,0,0,0,0,0,0,0,0,0,0,0,0,0,0,0,0,0,0,0,0,0,0,0,0,0,0,0,0,0,0,0,0,0,0,0,0,0,0,0,0,0,0,0,0,0,0,0,0,232158883,0,0,0,467037001,0,0,0,0,0,0,0,69016075,100163686,265102864,165411355648,64191598,1,0,0,0,0,0,0,0,0,0,0,0,0,0,0,0,0,0,0,0,0,0,0,0,0,0,0,0,0,0,0,1228,0,0,0,0,0,0,0
1787688597.844,0,0,0,0,0,0,0,687343414,1636954229248,743037608960,0,0,0,0,0,0,0,0,0,0,0,0,0,0,0,0,0,0,0,0,0,0,0,0,0,0,0,0,0,0,0,0,0,0,0,0,0,0,0,0,0,0,0,0,0,0,0,0,0,0,0,0,0,0,0,0,0,0,0,0,7,1680585,100032432,32418400,0,0,0,0,0,0,0,0,0,0,0,0,0,0,0,0,0,0,0,0,0,0,0,0,0,0,0,0,0,0,0,0,0,0,0,0,0,12883329024,10742251520,786336,655655,32365840,0,0,97,786432,99177760,796294,280,3315646435,12884901888,0,664323699,0,0,0,0,0,0,0,0,0,0,0,0,0,0,0,0,0,0,16697840,116576376,0,468,1204,7863,623,33395956,35,0,0,0,0,0,0,0,1,0,0,0,0,0,0,0,0,0,0,22530066,0,32365314,263895,0,0,0,0,0,0,0,0,16384,0,0,0,0,0,0,0,0,0,0,0,6894,473,0,0,0,0,0,50757631,0,157,0,3,470,6894,0,0,0,0,0,0,0,0,0,0,0,0,0,0,0,0,0,0,0,0,0,0,0,0,0,0,0,0,0,0,0,0,0,0,0,0,0,0,0,0,0,0,0,0,0,0,0,0,0,0,0,0,0,0,232236517,0,0,0,467126240,0,0,0,0,0,0,0,69045499,100223902,265190595,165452019200,64219480,1,0,0,0,0,0,0,0,0,0,0,0,0,0,0,0,0,0,0,0,0,0,0,0,0,0,0,0,0,0,0,447,0,0,0,0,0,0,0
1787688598.917,0,0,0,0,0,0,0,687522541,1637951228416,743248183296,0,0,0,0,0,0,0,0,0,0,0,0,0,0,0,0,0,0,0,0,0,0,0,0,0,0,0,0,0,0,0,0,0,0,0,0,0,0,0,0,0,0,0,0,0,0,0,0,0,0,0,0,0,0,0,0,0,0,0,0,7,1680612,100093408,32428416,0,0,0,0,0,0,0,0,0,0,0,0,0,0,0,0,0,0,0,0,0,0,0,0,0,0,0,0,0,0,0,0,0,0,0,0,0,12883312640,10756227072,786336,656508,32375856,0,0,96,786432,99238664,796294,280,3316531386,12884901888,0,664440923,0,0,0,0,0,0,0,0,0,0,0,0,0,0,0,0,0,0,16703040,116581576,0,468,1204,7863,623,33406347,35,0,0,0,0,0,0,0,1,0,0,0,0,0,0,0,0,0,0,22536054,0,32375330,263975,0,0,0,0,0,0,0,0,16384,0,0,0,0,0,0,0,0,0,0,0,6895,473,0,0,0,0,0,50773461,0,157,0,3,470,6895,0,0,0,0,0,0,0,0,0,0,0,0,0,0,0,0,0,0,0,0,0,0,0,0,0,0,0,0,0,0,0,0,0,0,0,0,0,0,0,0,0,0,0,0,0,0,0,0,0,0,0,0,0,0,232313160,0,0,0,467214152,0,0,0,0,0,0,0,69074999,100284752,265277265,165492232704,64247533,1,1,0,0,0,0,0,0,0,0,0,0,0,0,0,0,0,0,0,0,0,0,0,0,0,0,0,0,0,0,0,824,0,0,0,0,0,0,0
1787688599.993,0,0,0,0,0,0,0,687703196,1638946245120,743460429824,0,0,0,0,0,0,0,0,0,0,0,0,0,0,0,0,0,0,0,0,0,0,0,0,0,0,0,0,0,0,0,0,0,0,0,0,0,0,0,0,0,0,0,0,0,0,0,0,0,0,0,0,0,0,0,0,0,0,0,0,7,1680704,100154280,32438481,0,0,0,0,0,0,0,0,0,0,0,0,0,0,0,0,0,0,0,0,0,0,0,0,0,0,0,0,0,0,0,0,0,0,0,0,0,12883312640,10771202048,786335,657422,32385921,0,0,96,786432,99299480,796294,280,3317424884,12884901888,0,664560276,0,0,0,0,0,0,0,0,0,0,0,0,0,0,0,0,0,0,16708272,116586809,0,468,1204,7863,623,33416813,35,0,0,0,0,0,0,0,1,0,0,0,0,0,0,0,0,0,0,22542080,0,32385395,264057,0,0,0,0,0,0,0,0,16384,0,0,0,0,0,0,0,0,0,0,0,6896,473,0,0,0,0,0,50789391,0,157,0,3,470,6896,0,0,0,0,0,0,0,0,0,0,0,0,0,0,0,0,0,0,0,0,0,0,0,0,0,0,0,0,0,0,0,0,0,0,0,0,0,0,0,0,0,0,0,0,0,0,0,0,0,0,0,0,0,0,232391394,0,0,0,467303244,0,0,0,0,0,0,0,69104255,100345499,265365567,165533084160,64275300,1,1,0,0,0,0,0,0,0,0,0,0,0,0,0,0,0,0,0,0,0,0,0,0,0,0,0,0,0,0,0,633,0,0,0,0,0,0,0
1787688601.071,0,0,0,0,0,0,0,687880362,1639923452416,743672348160,0,0,0,0,0,0,0,0,0,0,0,0,0,0,0,0,0,0,0,0,0,0,0,0,0,0,0,0,0,0,0,0,0,0,0,0,0,0,0,0,0,0,0,0,0,0,0,0,0,0,0,0,0,0,0,0,0,0,0,0,7,1680734,100214070,32448586,0,0,0,0,0,0,0,0,0,0,0,0,0,0,0,0,0,0,0,0,0,0,0,0,0,0,0,0,0,0,0,0,0,0,0,0,0,12883312640,10781884416,786334,658074,32396026,0,0,97,786432,99359203,796294,280,3318301610,12884901888,0,664677836,0,0,0,0,0,0,0,0,0,0,0,0,0,0,0,0,0,0,16713416,116591953,0,468,1204,7863,623,33427108,35,0,0,0,0,0,0,0,1,0,0,0,0,0,0,0,0,0,0,22548002,0,32395500,264139,0,0,0,0,0,0,0,0,16384,0,0,0,0,0,0,0,0,0,0,0,6897,473,0,0,0,0,0,50805021,0,157,0,3,470,6897,0,0,0,0,0,0,0,0,0,0,0,0,0,0,0,0,0,0,0,0,0,0,0,0,0,0,0,0,0,0,0,0,0,0,0,0,0,0,0,0,0,0,0,0,0,0,0,0,0,0,0,0,0,0,232467910,0,0,0,467390765,0,0,0,0,0,0,0,69131575,100405153,265452236,165573035520,64301188,1,0,0,0,0,0,0,0,0,0,0,0,0,0,0,0,0,0,0,0,0,0,0,0,0,0,0,0,0,0,0,394,0,0,0,0,0,0,0
1787688602.150,0,0,0,0,0,0,0,688054414,1640883718656,743884196864,0,0,0,0,0,0,0,0,0,0,0,0,0,0,0,0,0,0,0,0,0,0,0,0,0,0,0,0,0,0,0,0,0,0,0,0,0,0,0,0,0,0,0,0,0,0,0,0,0,0,0,0,0,0,0,0,0,0,0,0,7,1680812,100272803,32458700,0,0,0,0,0,0,0,0,0,0,0,0,0,0,0,0,0,0,0,0,0,0,0,0,0,0,0,0,0,0,0,0,0,0,0,0,0,12883329024,10790748160,786336,658615,32406140,0,0,96,786432,99417863,796294,280,3319161788,12884901888,0,664792185,0,0,0,0,0,0,0,0,0,0,0,0,0,0,0,0,0,0,16718459,116596996,0,468,1204,7863,623,33437189,35,0,0,0,0,0,0,0,1,0,0,0,0,0,0,0,0,0,0,22553810,0,32405614,264221,0,0,0,0,0,0,0,0,16384,0,0,0,0,0,0,0,0,0,0,0,6898,473,0,0,0,0,0,50820358,0,157,0,3,470,6898,0,0,0,0,0,0,0,0,0,0,0,0,0,0,0,0,0,0,0,0,0,0,0,0,0,0,0,0,0,0,0,0,0,0,0,0,0,0,0,0,0,0,0,0,0,0,0,0,0,0,0,0,0,0,232543771,0,0,0,467476144,0,0,0,0,0,0,0,69158387,100463755,265538239,165612753408,64326511,1,0,0,0,0,0,0,0,0,0,0,0,0,0,0,0,0,0,0,0,0,0,0,0,0,0,0,0,0,0,0,648,0,0,0,0,0,0,0
1787688603.229,0,0,0,0,0,0,0,688226886,1641834908160,744151173632,0,0,0,0,0,0,0,0,0,0,0,0,0,0,0,0,0,0,0,0,0,0,0,0,0,0,0,0,0,0,0,0,0,0,0,0,0,0,0,0,0,0,0,0,0,0,0,0,0,0,0,0,0,0,0,0,0,0,0,0,7,1680840,100330970,32472170,0,0,0,0,0,0,0,0,0,0,0,0,0,0,0,0,0,0,0,0,0,0,0,0,0,0,0,0,0,0,0,0,0,0,0,0,0,12883329024,10740219904,786336,655531,32416211,0,0,97,786432,99475967,796294,280,3320014390,12884901888,0,664905242,0,0,0,0,0,0,0,0,0,0,0,0,0,0,0,0,0,0,16723466,116602002,0,468,1204,7863,623,33447199,35,0,0,0,0,0,0,0,1,0,0,0,0,0,0,0,0,0,0,22559571,0,32419034,264328,0,0,0,0,0,0,0,0,16384,0,0,0,0,0,0,0,0,0,0,0,6899,473,0,0,0,0,0,50835578,0,157,0,3,470,6899,0,0,0,0,0,0,0,0,0,0,0,0,0,0,0,0,0,0,0,0,0,0,0,0,0,0,0,0,0,0,0,0,0,0,0,0,0,0,0,0,0,0,0,0,0,0,0,0,0,0,0,0,0,0,232618963,0,0,0,467561029,0,0,0,0,0,0,0,69186142,100521802,265627016,165652165120,64352250,0,0,0,0,0,0,0,0,0,0,0,0,0,0,0,0,0,0,0,0,0,0,0,0,0,0,0,0,0,0,0,833,0,0,0,0,0,0,0
1787688604.305,0,0,0,0,0,0,0,688404678,1642811378176,744432512512,0,0,0,0,0,0,0,0,0,0,0,0,0,0,0,0,0,0,0,0,0,0,0,0,0,0,0,0,0,0,0,0,0,0,0,0,0,0,0,0,0,0,0,0,0,0,0,0,0,0,0,0,0,0,0,0,0,0,0,0,7,1680869,100390695,32486433,0,0,0,0,0,0,0,0,0,0,0,0,0,0,0,0,0,0,0,0,0,0,0,0,0,0,0,0,0,0,0,0,0,0,0,0,0,12883312640,10685792256,786335,652209,32426336,1,0,96,786432,99535615,796294,280,3320892567,12884901888,0,665021787,0,0,0,0,0,0,0,0,0,0,0,0,0,0,0,0,0,0,16728618,116607153,0,468,1204,7863,623,33457511,35,0,0,0,0,0,0,0,1,0,0,0,0,0,0,0,0,0,0,22565495,0,32433347,264441,0,0,0,0,0,0,0,0,16384,0,0,0,0,0,0,0,0,0,0,0,6900,473,0,0,0,0,0,50851219,0,157,0,3,470,6900,0,0,0,0,0,0,0,0,0,0,0,0,0,0,0,0,0,0,0,0,0,0,0,0,0,0,0,0,0,0,0,0,0,0,0,0,0,0,0,0,0,0,0,0,0,0,0,0,0,0,0,0,0,0,232695066,0,0,0,467648230,0,0,0,0,0,0,0,69215041,100581401,265717513,165691923968,64379129,0,0,0,0,0,0,0,0,0,0,0,0,0,0,0,0,0,0,0,0,0,0,0,0,0,0,0,0,0,0,0,1155,0,0,0,0,0,0,0
1787688605.384,0,0,0,0,0,0,0,688583220,1643795679744,744682066432,0,0,0,0,0,0,0,0,0,0,0,0,0,0,0,0,0,0,0,0,0,0,0,0,0,0,0,0,0,0,0,0,0,0,0,0,0,0,0,0,0,0,0,0,0,0,0,0,0,0,0,0,0,0,0,0,0,0,0,0,7,1680897,100450900,32498949,0,0,0,0,0,0,0,0,0,0,0,0,0,0,0,0,0,0,0,0,0,0,0,0,0,0,0,0,0,0,0,0,0,0,0,0,0,12883312640,10657513472,786335,650483,32446389,0,0,96,786432,99595745,796294,280,3321777494,12884901888,0,665141734,0,0,0,0,0,0,0,0,0,0,0,0,0,0,0,0,0,0,16733795,116612332,0,468,1204,7863,623,33467861,35,0,0,0,0,0,0,0,1,0,0,0,0,0,0,0,0,0,0,22571457,0,32445863,264541,0,0,0,0,0,0,0,0,16384,0,0,0,0,0,0,0,0,0,0,0,6901,473,0,0,0,0,0,50866966,0,157,0,3,470,6901,0,0,0,0,0,0,0,0,0,0,0,0,0,0,0,0,0,0,0,0,0,0,0,0,0,0,0,0,0,0,0,0,0,0,0,0,0,0,0,0,0,0,0,0,0,0,0,0,0,0,0,0,0,0,232772324,0,0,0,467736986,0,0,0,0,0,0,0,69244351,100641473,265807157,165732386304,64406587,1,1,0,0,0,0,0,0,0,0,0,0,0,0,0,0,0,0,0,0,0,0,0,0,0,0,0,0,0,0,0,328,0,0,0,0,0,0,0
1787688606.463,0,0,0,0,0,0,0,688763946,1644792580608,744894670336,0,0,0,0,0,0,0,0,0,0,0,0,0,0,0,0,0,0,0,0,0,0,0,0,0,0,0,0,0,0,0,0,0,0,0,0,0,0,0,0,0,0,0,0,0,0,0,0,0,0,0,0,0,0,0,0,0,0,0,0,7,1680925,100511867,32509042,0,0,0,0,0,0,0,0,0,0,0,0,0,0,0,0,0,0,0,0,0,0,0,0,0,0,0,0,0,0,0,0,0,0,0,0,0,12883329024,10672472064,786336,651396,32456482,0,0,97,786432,99656641,796294,280,3322669576,12884901888,0,665259511,0,0,0,0,0,0,0,0,0,0,0,0,0,0,0,0,0,0,16739037,116617573,0,468,1204,7863,623,33478352,35,0,0,0,0,0,0,0,1,0,0,0,0,0,0,0,0,0,0,22577489,0,32455956,264621,0,0,0,0,0,0,0,0,16384,0,0,0,0,0,0,0,0,0,0,0,6902,473,0,0,0,0,0,50882886,0,157,0,3,470,6902,0,0,0,0,0,0,0,0,0,0,0,0,0,0,0,0,0,0,0,0,0,0,0,0,0,0,0,0,0,0,0,0,0,0,0,0,0,0,0,0,0,0,0,0,0,0,0,0,0,0,0,0,0,0,232849749,0,0,0,467825592,0,0,0,0,0,0,0,69273988,100702310,265894698,165773082624,64434731,1,0,0,0,0,0,0,0,0,0,0,0,0,0,0,0,0,0,0,0,0,0,0,0,0,0,0,0,0,0,0,772,0,0,0,0,0,0,0
1787688607.542,0,0,0,0,0,0,0,688944584,1645787351552,745107001344,0,0,0,0,0,0,0,0,0,0,0,0,0,0,0,0,0,0,0,0,0,0,0,0,0,0,0,0,0,0,0,0,0,0,0,0,0,0,0,0,0,0,0,0,0,0,0,0,0,0,0,0,0,0,0,0,0,0,0,0,7,1680943,100572709,32519141,0,0,0,0,0,0,0,0,0,0,0,0,0,0,0,0,0,0,0,0,0,0,0,0,0,0,0,0,0,0,0,0,0,0,0,0,0,12883329024,10687037440,786336,652285,32466581,0,0,96,786432,99717410,796294,280,3323560086,12884901888,0,665376964,0,0,0,0,0,0,0,0,0,0,0,0,0,0,0,0,0,0,16744272,116622807,0,468,1204,7863,623,33488816,35,0,0,0,0,0,0,0,1,0,0,0,0,0,0,0,0,0,0,22583521,0,32466055,264703,0,0,0,0,0,0,0,0,16384,0,0,0,0,0,0,0,0,0,0,0,6903,473,0,0,0,0,0,50898789,0,157,0,3,470,6903,0,0,0,0,0,0,0,0,0,0,0,0,0,0,0,0,0,0,0,0,0,0,0,0,0,0,0,0,0,0,0,0,0,0,0,0,0,0,0,0,0,0,0,0,0,0,0,0,0,0,0,0,0,0,232927393,0,0,0,467914059,0,0,0,0,0,0,0,69303382,100763028,265982457,165813599232,64462652,1,1,0,0,0,0,0,0,0,0,0,0,0,0,0,0,0,0,0,0,0,0,0,0,0,0,0,0,0,0,0,1202,0,0,0,0,0,0,0
1787688608.622,0,0,0,0,0,0,0,689124564,1646780238336,745320000512,0,0,0,0,0,0,0,0,0,0,0,0,0,0,0,0,0,0,0,0,0,0,0,0,0,0,0,0,0,0,0,0,0,0,0,0,0,0,0,0,0,0,0,0,0,0,0,0,0,0,0,0,0,0,0,0,0,0,0,0,7,1680968,100633449,32529236,0,0,0,0,0,0,0,0,0,0,0,0,0,0,0,0,0,0,0,0,0,0,0,0,0,0,0,0,0,0,0,0,0,0,0,0,0,12883329024,10699161600,786336,653025,32476676,0,0,96,786432,99778085,796294,280,3324451582,12884901888,0,665497503,0,0,0,0,0,0,0,0,0,0,0,0,0,0,0,0,0,0,16749492,116628029,0,468,1204,7863,623,33499254,35,0,0,0,0,0,0,0,1,0,0,0,0,0,0,0,0,0,0,22589535,0,32476150,264785,0,0,0,0,0,0,0,0,16384,0,0,0,0,0,0,0,0,0,0,0,6904,473,0,0,0,0,0,50914657,0,157,0,3,470,6904,0,0,0,0,0,0,0,0,0,0,0,0,0,0,0,0,0,0,0,0,0,0,0,0,0,0,0,0,0,0,0,0,0,0,0,0,0,0,0,0,0,0,0,0,0,0,0,0,0,0,0,0,0,0,233006081,0,0,0,468003516,0,0,0,0,0,0,0,69332706,100823633,266071280,165854725632,64490454,1,0,0,0,0,0,0,0,0,0,0,0,0,0,0,0,0,0,0,0,0,0,0,0,0,0,0,0,0,0,0,393,0,0,0,0,0,0,0
1787688609.697,0,0,0,0,0,0,0,689304089,1647770388992,745533548544,0,0,0,0,0,0,0,0,0,0,0,0,0,0,0,0,0,0,0,0,0,0,0,0,0,0,0,0,0,0,0,0,0,0,0,0,0,0,0,0,0,0,0,0,0,0,0,0,0,0,0,0,0,0,0,0,0,0,0,0,7,1680996,100694040,32539418,0,0,0,0,0,0,0,0,0,0,0,0,0,0,0,0,0,0,0,0,0,0,0,0,0,0,0,0,0,0,0,0,0,0,0,0,0,12883329024,10710384640,786336,653710,32486858,0,0,96,786432,99838595,796294,280,3325338436,12884901888,0,665615359,0,0,0,0,0,0,0,0,0,0,0,0,0,0,0,0,0,0,16754691,116633227,0,468,1204,7863,623,33509656,35,0,0,0,0,0,0,0,1,0,0,0,0,0,0,0,0,0,0,22595518,0,32486332,264867,0,0,0,0,0,0,0,0,16384,0,0,0,0,0,0,0,0,0,0,0,6906,473,0,0,0,0,0,50930478,0,157,0,3,470,6906,0,0,0,0,0,0,0,0,0,0,0,0,0,0,0,0,0,0,0,0,0,0,0,0,0,0,0,0,0,0,0,0,0,0,0,0,0,0,0,0,0,0,0,0,0,0,0,0,0,0,0,0,0,0,233083373,0,0,0,468091476,0,0,0,0,0,0,0,69362165,100884080,266158787,165895154176,64518348,1,0,0,0,0,0,0,0,0,0,0,0,0,0,0,0,0,0,0,0,0,0,0,0,0,0,0,0,0,0,0,793,0,0,0,0,0,0,0
1787688610.774,0,0,0,0,0,0,0,689483577,1648762833408,745747401728,0,0,0,0,0,0,0,0,0,0,0,0,0,0,0,0,0,0,0,0,0,0,0,0,0,0,0,0,0,0,0,0,0,0,0,0,0,0,0,0,0,0,0,0,0,0,0,0,0,0,0,0,0,0,0,0,0,0,0,0,7,1681011,100754731,32549607,0,0,0,0,0,0,0,0,0,0,0,0,0,0,0,0,0,0,0,0,0,0,0,0,0,0,0,0,0,0,0,0,0,0,0,0,0,12883329024,10722230272,786336,654433,32497047,0,0,97,786432,99899221,796294,280,3326225414,12884901888,0,665732487,0,0,0,0,0,0,0,0,0,0,0,0,0,0,0,0,0,0,16759901,116638438,0,468,1204,7863,623,33520074,35,0,0,0,0,0,0,0,1,0,0,0,0,0,0,0,0,0,0,22601511,0,32496521,264949,0,0,0,0,0,0,0,0,16384,0,0,0,0,0,0,0,0,0,0,0,6907,473,0,0,0,0,0,50946324,0,157,0,3,470,6907,0,0,0,0,0,0,0,0,0,0,0,0,0,0,0,0,0,0,0,0,0,0,0,0,0,0,0,0,0,0,0,0,0,0,0,0,0,0,0,0,0,0,0,0,0,0,0,0,0,0,0,0,0,0,233160704,0,0,0,468179473,0,0,0,0,0,0,0,69391337,100944643,266246334,165935667712,64546096,1,0,0,0,0,0,0,0,0,0,0,0,0,0,0,0,0,0,0,0,0,0,0,0,0,0,0,0,0,0,0,1199,0,0,0,0,0,0,0
1787688611.848,0,0,0,0,0,0,0,689665611,1649761159680,745961475584,0,0,0,0,0,0,0,0,0,0,0,0,0,0,0,0,0,0,0,0,0,0,0,0,0,0,0,0,0,0,0,0,0,0,0,0,0,0,0,0,0,0,0,0,0,0,0,0,0,0,0,0,0,0,0,0,0,0,0,0,7,1681072,100815828,32559746,0,0,0,0,0,0,0,0,0,0,0,0,0,0,0,0,0,0,0,0,0,0,0,0,0,0,0,0,0,0,0,0,0,0,0,0,0,12883312640,10736484352,786335,655303,32507186,1,0,96,786432,99960244,796294,280,3327127113,12884901888,0,665854544,0,0,0,0,0,0,0,0,0,0,0,0,0,0,0,0,0,0,16765175,116643712,0,468,1204,7863,623,33530619,35,0,0,0,0,0,0,0,1,0,0,0,0,0,0,0,0,0,0,22607591,0,32506660,265031,0,0,0,0,0,0,0,0,16384,0,0,0,0,0,0,0,0,0,0,0,6908,473,0,0,0,0,0,50962336,0,157,0,3,470,6908,0,0,0,0,0,0,0,0,0,0,0,0,0,0,0,0,0,0,0,0,0,0,0,0,0,0,0,0,0,0,0,0,0,0,0,0,0,0,0,0,0,0,0,0,0,0,0,0,0,0,0,0,0,0,233239919,0,0,0,468269730,0,0,0,0,0,0,0,69420364,101005608,266335708,165977035776,64573592,0,0,0,0,0,0,0,0,0,0,0,0,0,0,0,0,0,0,0,0,0,0,0,0,0,0,0,0,0,0,0,470,0,0,0,0,0,0,0
1787688612.931,0,0,0,0,0,0,0,689844526,1650747836928,746174179328,0,0,0,0,0,0,0,0,0,0,0,0,0,0,0,0,0,0,0,0,0,0,0,0,0,0,0,0,0,0,0,0,0,0,0,0,0,0,0,0,0,0,0,0,0,0,0,0,0,0,0,0,0,0,0,0,0,0,0,0,7,1681125,100876184,32569846,0,0,0,0,0,0,0,0,0,0,0,0,0,0,0,0,0,0,0,0,0,0,0,0,0,0,0,0,0,0,0,0,0,0,0,0,0,12883329024,10751000576,786336,656189,32517286,0,0,96,786432,100020539,796294,280,3328010633,12884901888,0,665971549,0,0,0,0,0,0,0,0,0,0,0,0,0,0,0,0,0,0,16770362,116648898,0,468,1204,7863,623,33540993,35,0,0,0,0,0,0,0,1,0,0,0,0,0,0,0,0,0,0,22613554,0,32516760,265113,0,0,0,0,0,0,0,0,16384,0,0,0,0,0,0,0,0,0,0,0,6909,473,0,0,0,0,0,50978102,0,157,0,3,470,6909,0,0,0,0,0,0,0,0,0,0,0,0,0,0,0,0,0,0,0,0,0,0,0,0,0,0,0,0,0,0,0,0,0,0,0,0,0,0,0,0,0,0,0,0,0,0,0,0,0,0,0,0,0,0,233317602,0,0,0,468357489,0,0,0,0,0,0,0,69449483,101065835,266423526,166017765376,64601228,1,0,0,0,0,0,0,0,0,0,0,0,0,0,0,0,0,0,0,0,0,0,0,0,0,0,0,0,0,0,0,841,0,0,0,0,0,0,0
1787688614.006,0,0,0,0,0,0,0,690024486,1651741051392,746387473408,0,0,0,0,0,0,0,0,0,0,0,0,0,0,0,0,0,0,0,0,0,0,0,0,0,0,0,0,0,0,0,0,0,0,0,0,0,0,0,0,0,0,0,0,0,0,0,0,0,0,0,0,0,0,0,0,0,0,0,0,7,1681225,100936932,32579960,0,0,0,0,0,0,0,0,0,0,0,0,0,0,0,0,0,0,0,0,0,0,0,0,0,0,0,0,0,0,0,0,0,0,0,0,0,12883329024,10765254656,786336,657059,32527400,0,0,96,786432,100081216,796294,280,3328899214,12884901888,0,666089152,0,0,0,0,0,0,0,0,0,0,0,0,0,0,0,0,0,0,16775583,116654119,0,468,1204,7863,623,33551435,35,0,0,0,0,0,0,0,1,0,0,0,0,0,0,0,0,0,0,22619562,0,32526874,265195,0,0,0,0,0,0,0,0,16384,0,0,0,0,0,0,0,0,0,0,0,6910,473,0,0,0,0,0,50993987,0,157,0,3,470,6910,0,0,0,0,0,0,0,0,0,0,0,0,0,0,0,0,0,0,0,0,0,0,0,0,0,0,0,0,0,0,0,0,0,0,0,0,0,0,0,0,0,0,0,0,0,0,0,0,0,0,0,0,0,0,233395584,0,0,0,468445748,0,0,0,0,0,0,0,69478901,101126456,266511658,166058721280,64629087,0,0,0,0,0,0,0,0,0,0,0,0,0,0,0,0,0,0,0,0,0,0,0,0,0,0,0,0,0,0,0,1252,0,0,0,0,0,0,0
1787688615.085,0,0,0,0,0,0,0,690204323,1652737296896,746600177152,0,0,0,0,0,0,0,0,0,0,0,0,0,0,0,0,0,0,0,0,0,0,0,0,0,0,0,0,0,0,0,0,0,0,0,0,0,0,0,0,0,0,0,0,0,0,0,0,0,0,0,0,0,0,0,0,0,0,0,0,7,1681248,100997874,32590057,0,0,0,0,0,0,0,0,0,0,0,0,0,0,0,0,0,0,0,0,0,0,0,0,0,0,0,0,0,0,0,0,0,0,0,0,0,12883329024,10781294592,786336,658037,32537497,0,0,96,786432,100142100,796294,280,3329791341,12884901888,0,666209595,0,0,0,0,0,0,0,0,0,0,0,0,0,0,0,0,0,0,16780804,116659339,0,468,1204,7863,623,33561875,35,0,0,0,0,0,0,0,1,0,0,0,0,0,0,0,0,0,0,22625569,0,32536971,265277,0,0,0,0,0,0,0,0,16384,0,0,0,0,0,0,0,0,0,0,0,6911,473,0,0,0,0,0,51009857,0,157,0,3,470,6911,0,0,0,0,0,0,0,0,0,0,0,0,0,0,0,0,0,0,0,0,0,0,0,0,0,0,0,0,0,0,0,0,0,0,0,0,0,0,0,0,0,0,0,0,0,0,0,0,0,0,0,0,0,0,233473907,0,0,0,468535155,0,0,0,0,0,0,0,69508117,101187274,266600125,166099661312,64656793,1,0,0,0,0,0,0,0,0,0,0,0,0,0,0,0,0,0,0,0,0,0,0,0,0,0,0,0,0,0,0,452,0,0,0,0,0,0,0
1787688616.165,0,0,0,0,0,0,0,690383383,1653725202944,746813418496,0,0,0,0,0,0,0,0,0,0,0,0,0,0,0,0,0,0,0,0,0,0,0,0,0,0,0,0,0,0,0,0,0,0,0,0,0,0,0,0,0,0,0,0,0,0,0,0,0,0,0,0,0,0,0,0,0,0,0,0,7,1681275,101058305,32600232,0,0,0,0,0,0,0,0,0,0,0,0,0,0,0,0,0,0,0,0,0,0,0,0,0,0,0,0,0,0,0,0,0,0,0,0,0,12883329024,10792484864,786335,658721,32547672,0,0,97,786432,100202472,796294,280,3330675962,12884901888,0,666327051,0,0,0,0,0,0,0,0,0,0,0,0,0,0,0,0,0,0,16785993,116664530,0,468,1204,7863,623,33572254,35,0,0,0,0,0,0,0,1,0,0,0,0,0,0,0,0,0,0,22631550,0,32547146,265359,0,0,0,0,0,0,0,0,16384,0,0,0,0,0,0,0,0,0,0,0,6912,473,0,0,0,0,0,51025654,0,157,0,3,470,6912,0,0,0,0,0,0,0,0,0,0,0,0,0,0,0,0,0,0,0,0,0,0,0,0,0,0,0,0,0,0,0,0,0,0,0,0,0,0,0,0,0,0,0,0,0,0,0,0,0,0,0,0,0,0,233550421,0,0,0,468622882,0,0,0,0,0,0,0,69537275,101247583,266686837,166139710976,64684378,0,0,0,0,0,0,0,0,0,0,0,0,0,0,0,0,0,0,0,0,0,0,0,0,0,0,0,0,0,0,0,852,0,0,0,0,0,0,0
1787688617.238,0,0,0,0,0,0,0,690551346,1654652553728,747082380288,0,0,0,0,0,0,0,0,0,0,0,0,0,0,0,0,0,0,0,0,0,0,0,0,0,0,0,0,0,0,0,0,0,0,0,0,0,0,0,0,0,0,0,0,0,0,0,0,0,0,0,0,0,0,0,0,0,0,0,0,7,1681299,101115026,32613890,0,0,0,0,0,0,0,0,0,0,0,0,0,0,0,0,0,0,0,0,0,0,0,0,0,0,0,0,0,0,0,0,0,0,0,0,0,12883329024,10735878144,786336,655266,32557822,0,0,96,786432,100259120,796294,280,3331505880,12884901888,0,666437433,0,0,0,0,0,0,0,0,0,0,0,0,0,0,0,0,0,0,16790860,116669396,0,468,1204,7863,623,33581989,35,0,0,0,0,0,0,0,1,0,0,0,0,0,0,0,0,0,0,22637156,0,32560706,265469,0,0,0,0,0,0,0,0,16384,0,0,0,0,0,0,0,0,0,0,0,6913,473,0,0,0,0,0,51040445,0,157,0,3,470,6913,0,0,0,0,0,0,0,0,0,0,0,0,0,0,0,0,0,0,0,0,0,0,0,0,0,0,0,0,0,0,0,0,0,0,0,0,0,0,0,0,0,0,0,0,0,0,0,0,0,0,0,0,0,0,233624055,0,0,0,468705510,0,0,0,0,0,0,0,69563013,101304206,266774239,166178286080,64708058,0,0,0,0,0,0,0,0,0,0,0,0,0,0,0,0,0,0,0,0,0,0,0,0,0,0,0,0,0,0,0,937,0,0,0,0,0,0,0
1787688618.313,0,0,0,0,0,0,0,690720575,1655586195968,747361496064,0,0,0,0,0,0,0,0,0,0,0,0,0,0,0,0,0,0,0,0,0,0,0,0,0,0,0,0,0,0,0,0,0,0,0,0,0,0,0,0,0,0,0,0,0,0,0,0,0,0,0,0,0,0,0,0,0,0,0,0,7,1681325,101172124,32627991,0,0,0,0,0,0,0,0,0,0,0,0,0,0,0,0,0,0,0,0,0,0,0,0,0,0,0,0,0,0,0,0,0,0,0,0,0,12883329024,10675519488,786336,651582,32567914,0,0,96,786432,100316165,796294,280,3332342218,12884901888,0,666548705,0,0,0,0,0,0,0,0,0,0,0,0,0,0,0,0,0,0,16795767,116674304,0,468,1204,7863,623,33591804,35,0,0,0,0,0,0,0,1,0,0,0,0,0,0,0,0,0,0,22642810,0,32574905,265585,0,0,0,0,0,0,0,0,16384,0,0,0,0,0,0,0,0,0,0,0,6914,473,0,0,0,0,0,51055370,0,157,0,3,470,6914,0,0,0,0,0,0,0,0,0,0,0,0,0,0,0,0,0,0,0,0,0,0,0,0,0,0,0,0,0,0,0,0,0,0,0,0,0,0,0,0,0,0,0,0,0,0,0,0,0,0,0,0,0,0,233698527,0,0,0,468788792,0,0,0,0,0,0,0,69589014,101361182,266863043,166217273856,64731910,1,0,0,0,0,0,0,0,0,0,0,0,0,0,0,0,0,0,0,0,0,0,0,0,0,0,0,0,0,0,0,1044,0,0,0,0,0,0,0
1787688619.390,0,0,0,0,0,0,0,690897622,1656570874368,747612867072,0,0,0,0,0,0,0,0,0,0,0,0,0,0,0,0,0,0,0,0,0,0,0,0,0,0,0,0,0,0,0,0,0,0,0,0,0,0,0,0,0,0,0,0,0,0,0,0,0,0,0,0,0,0,0,0,0,0,0,0,7,1681390,101232361,32640728,0,0,0,0,0,0,0,0,0,0,0,0,0,0,0,0,0,0,0,0,0,0,0,0,0,0,0,0,0,0,0,0,0,0,0,0,0,12883312640,10644684800,786335,649700,32588168,0,0,97,786432,100376342,796294,280,3333220024,12884901888,0,666667381,0,0,0,0,0,0,0,0,0,0,0,0,0,0,0,0,0,0,16800897,116679434,0,468,1204,7863,623,33602061,35,0,0,0,0,0,0,0,1,0,0,0,0,0,0,0,0,0,0,22648718,0,32587642,265687,0,0,0,0,0,0,0,0,16384,0,0,0,0,0,0,0,0,0,0,0,6915,473,0,0,0,0,0,51070966,0,157,0,3,470,6915,0,0,0,0,0,0,0,0,0,0,0,0,0,0,0,0,0,0,0,0,0,0,0,0,0,0,0,0,0,0,0,0,0,0,0,0,0,0,0,0,0,0,0,0,0,0,0,0,0,0,0,0,0,0,233775497,0,0,0,468876743,0,0,0,0,0,0,0,69617553,101421299,266952547,166257600000,64758574,1,0,0,0,0,0,0,0,0,0,0,0,0,0,0,0,0,0,0,0,0,0,0,0,0,0,0,0,0,0,0,178,0,0,0,0,0,0,0
1787688620.464,0,0,0,0,0,0,0,691077758,1657563859456,747825585664,0,0,0,0,0,0,0,0,0,0,0,0,0,0,0,0,0,0,0,0,0,0,0,0,0,0,0,0,0,0,0,0,0,0,0,0,0,0,0,0,0,0,0,0,0,0,0,0,0,0,0,0,0,0,0,0,0,0,0,0,7,1681434,101293121,32650852,0,0,0,0,0,0,0,0,0,0,0,0,0,0,0,0,0,0,0,0,0,0,0,0,0,0,0,0,0,0,0,0,0,0,0,0,0,12883329024,10661281792,786336,650713,32598292,0,0,96,786432,100437026,796294,280,3334109597,12884901888,0,666785297,0,0,0,0,0,0,0,0,0,0,0,0,0,0,0,0,0,0,16806123,116684658,0,468,1204,7863,623,33612518,35,0,0,0,0,0,0,0,1,0,0,0,0,0,0,0,0,0,0,22654730,0,32597766,265769,0,0,0,0,0,0,0,0,16384,0,0,0,0,0,0,0,0,0,0,0,6916,473,0,0,0,0,0,51086834,0,157,0,3,470,6916,0,0,0,0,0,0,0,0,0,0,0,0,0,0,0,0,0,0,0,0,0,0,0,0,0,0,0,0,0,0,0,0,0,0,0,0,0,0,0,0,0,0,0,0,0,0,0,0,0,0,0,0,0,0,233853004,0,0,0,468965023,0,0,0,0,0,0,0,69646915,101481902,267040197,166298148352,64786458,1,1,0,0,0,0,0,0,0,0,0,0,0,0,0,0,0,0,0,0,0,0,0,0,0,0,0,0,0,0,0,612,0,0,0,0,0,0,0
1787688621.543,0,0,0,0,0,0,0,691256846,1658557237760,748038359552,0,0,0,0,0,0,0,0,0,0,0,0,0,0,0,0,0,0,0,0,0,0,0,0,0,0,0,0,0,0,0,0,0,0,0,0,0,0,0,0,0,0,0,0,0,0,0,0,0,0,0,0,0,0,0,0,0,0,0,0,7,1681488,101353861,32660973,0,0,0,0,0,0,0,0,0,0,0,0,0,0,0,0,0,0,0,0,0,0,0,0,0,0,0,0,0,0,0,0,0,0,0,0,0,12883329024,10677174272,786335,651683,32608413,0,0,97,786432,100497707,796294,280,3334995171,12884901888,0,666903030,0,0,0,0,0,0,0,0,0,0,0,0,0,0,0,0,0,0,16811317,116689854,0,468,1204,7863,623,33622905,35,0,0,0,0,0,0,0,1,0,0,0,0,0,0,0,0,0,0,22660709,0,32607887,265851,0,0,0,0,0,0,0,0,16384,0,0,0,0,0,0,0,0,0,0,0,6917,473,0,0,0,0,0,51102645,0,157,0,3,470,6917,0,0,0,0,0,0,0,0,0,0,0,0,0,0,0,0,0,0,0,0,0,0,0,0,0,0,0,0,0,0,0,0,0,0,0,0,0,0,0,0,0,0,0,0,0,0,0,0,0,0,0,0,0,0,233929591,0,0,0,469052881,0,0,0,0,0,0,0,69675786,101542523,267126947,166338501120,64813778,0,0,0,0,0,0,0,0,0,0,0,0,0,0,0,0,0,0,0,0,0,0,0,0,0,0,0,0,0,0,0,986,0,0,0,0,0,0,0
1787688622.623,0,0,0,0,0,0,0,691437145,1659549469184,748251183616,0,0,0,0,0,0,0,0,0,0,0,0,0,0,0,0,0,0,0,0,0,0,0,0,0,0,0,0,0,0,0,0,0,0,0,0,0,0,0,0,0,0,0,0,0,0,0,0,0,0,0,0,0,0,0,0,0,0,0,0,7,1681555,101414575,32671062,0,0,0,0,0,0,0,0,0,0,0,0,0,0,0,0,0,0,0,0,0,0,0,0,0,0,0,0,0,0,0,0,0,0,0,0,0,12883312640,10691002368,786336,652527,32618502,0,0,96,786432,100558338,796294,280,3335888829,12884901888,0,667023829,0,0,0,0,0,0,0,0,0,0,0,0,0,0,0,0,0,0,16816544,116695079,0,468,1204,7863,623,33633359,35,0,0,0,0,0,0,0,1,0,0,0,0,0,0,0,0,0,0,22666738,0,32617976,265933,0,0,0,0,0,0,0,0,16384,0,0,0,0,0,0,0,0,0,0,0,6918,473,0,0,0,0,0,51118531,0,157,0,3,470,6918,0,0,0,0,0,0,0,0,0,0,0,0,0,0,0,0,0,0,0,0,0,0,0,0,0,0,0,0,0,0,0,0,0,0,0,0,0,0,0,0,0,0,0,0,0,0,0,0,0,0,0,0,0,0,234007746,0,0,0,469142460,0,0,0,0,0,0,0,69705464,101603108,267215229,166379457536,64841918,1,0,0,0,0,0,0,0,0,0,0,0,0,0,0,0,0,0,0,0,0,0,0,0,0,0,0,0,0,0,0,203,0,0,0,0,0,0,0
1787688623.701,0,0,0,0,0,0,0,691616751,1660545518080,748464020480,0,0,0,0,0,0,0,0,0,0,0,0,0,0,0,0,0,0,0,0,0,0,0,0,0,0,0,0,0,0,0,0,0,0,0,0,0,0,0,0,0,0,0,0,0,0,0,0,0,0,0,0,0,0,0,0,0,0,0,0,7,1681577,101475488,32681221,0,0,0,0,0,0,0,0,0,0,0,0,0,0,0,0,0,0,0,0,0,0,0,0,0,0,0,0,0,0,0,0,0,0,0,0,0,12883329024,10703732736,786336,653303,32628661,0,0,96,786432,100619183,796294,280,3336775702,12884901888,0,667140737,0,0,0,0,0,0,0,0,0,0,0,0,0,0,0,0,0,0,16821756,116700292,0,468,1204,7863,623,33643784,35,0,0,0,0,0,0,0,1,0,0,0,0,0,0,0,0,0,0,22672733,0,32628135,266015,0,0,0,0,0,0,0,0,16384,0,0,0,0,0,0,0,0,0,0,0,6920,473,0,0,0,0,0,51134384,0,157,0,3,470,6920,0,0,0,0,0,0,0,0,0,0,0,0,0,0,0,0,0,0,0,0,0,0,0,0,0,0,0,0,0,0,0,0,0,0,0,0,0,0,0,0,0,0,0,0,0,0,0,0,0,0,0,0,0,0,234084756,0,0,0,469230592,0,0,0,0,0,0,0,69734804,101663890,267302415,166419556864,64869816,1,1,0,0,0,0,0,0,0,0,0,0,0,0,0,0,0,0,0,0,0,0,0,0,0,0,0,0,0,0,0,611,0,0,0,0,0,0,0
1787688624.780,0,0,0,0,0,0,0,691796441,1661540108800,748675595264,0,0,0,0,0,0,0,0,0,0,0,0,0,0,0,0,0,0,0,0,0,0,0,0,0,0,0,0,0,0,0,0,0,0,0,0,0,0,0,0,0,0,0,0,0,0,0,0,0,0,0,0,0,0,0,0,0,0,0,0,7,1681602,101536309,32691276,0,0,0,0,0,0,0,0,0,0,0,0,0,0,0,0,0,0,0,0,0,0,0,0,0,0,0,0,0,0,0,0,0,0,0,0,0,12883312640,10718920704,786334,654231,32638716,0,0,99,786432,100679936,796294,280,3337663753,12884901888,0,667258279,0,0,0,0,0,0,0,0,0,0,0,0,0,0,0,0,0,0,16826967,116705504,0,468,1204,7863,623,33654202,35,0,0,0,0,0,0,0,1,0,0,0,0,0,0,0,0,0,0,22678730,0,32638190,266097,0,0,0,0,0,0,0,0,16384,0,0,0,0,0,0,0,0,0,0,0,6921,473,0,0,0,0,0,51150223,0,157,0,3,470,6921,0,0,0,0,0,0,0,0,0,0,0,0,0,0,0,0,0,0,0,0,0,0,0,0,0,0,0,0,0,0,0,0,0,0,0,0,0,0,0,0,0,0,0,0,0,0,0,0,0,0,0,0,0,0,234161858,0,0,0,469318651,0,0,0,0,0,0,0,69764335,101724605,267389611,166459977728,64897964,0,0,0,0,0,0,0,0,0,0,0,0,0,0,0,0,0,0,0,0,0,0,0,0,0,0,0,0,0,0,0,999,0,0,0,0,0,0,0
1787688625.858,0,0,0,0,0,0,0,691976521,1662535174656,748889335296,0,0,0,0,0,0,0,0,0,0,0,0,0,0,0,0,0,0,0,0,0,0,0,0,0,0,0,0,0,0,0,0,0,0,0,0,0,0,0,0,0,0,0,0,0,0,0,0,0,0,0,0,0,0,0,0,0,0,0,0,7,1681690,101597177,32701420,0,0,0,0,0,0,0,0,0,0,0,0,0,0,0,0,0,0,0,0,0,0,0,0,0,0,0,0,0,0,0,0,0,0,0,0,0,12883329024,10732617728,786336,655067,32648860,0,0,96,786432,100740749,796294,280,3338556783,12884901888,0,667379292,0,0,0,0,0,0,0,0,0,0,0,0,0,0,0,0,0,0,16832186,116710721,0,468,1204,7863,623,33664641,35,0,0,0,0,0,0,0,1,0,0,0,0,0,0,0,0,0,0,22684740,0,32648334,266179,0,0,0,0,0,0,0,0,16384,0,0,0,0,0,0,0,0,0,0,0,6922,473,0,0,0,0,0,51166095,0,157,0,3,470,6922,0,0,0,0,0,0,0,0,0,0,0,0,0,0,0,0,0,0,0,0,0,0,0,0,0,0,0,0,0,0,0,0,0,0,0,0,0,0,0,0,0,0,0,0,0,0,0,0,0,0,0,0,0,0,234240155,0,0,0,469408091,0,0,0,0,0,0,0,69793832,101785342,267478090,166500913664,64925961,0,0,0,0,0,0,0,0,0,0,0,0,0,0,0,0,0,0,0,0,0,0,0,0,0,0,0,0,0,0,0,202,0,0,0,0,0,0,0
1787688626.937,0,0,0,0,0,0,0,692159142,1663542266368,749102823424,0,0,0,0,0,0,0,0,0,0,0,0,0,0,0,0,0,0,0,0,0,0,0,0,0,0,0,0,0,0,0,0,0,0,0,0,0,0,0,0,0,0,0,0,0,0,0,0,0,0,0,0,0,0,0,0,0,0,0,0,7,1681712,101658767,32711571,0,0,0,0,0,0,0,0,0,0,0,0,0,0,0,0,0,0,0,0,0,0,0,0,0,0,0,0,0,0,0,0,0,0,0,0,0,12883329024,10749083648,786336,656072,32659011,0,0,96,786432,100802259,796294,280,3339458302,12884901888,0,667498805,0,0,0,0,0,0,0,0,0,0,0,0,0,0,0,0,0,0,16837472,116716009,0,468,1204,7863,623,33675215,35,0,0,0,0,0,0,0,1,0,0,0,0,0,0,0,0,0,0,22690822,0,32658485,266261,0,0,0,0,0,0,0,0,16384,0,0,0,0,0,0,0,0,0,0,0,6923,473,0,0,0,0,0,51182165,0,157,0,3,470,6923,0,0,0,0,0,0,0,0,0,0,0,0,0,0,0,0,0,0,0,0,0,0,0,0,0,0,0,0,0,0,0,0,0,0,0,0,0,0,0,0,0,0,0,0,0,0,0,0,0,0,0,0,0,0,234318073,0,0,0,469497488,0,0,0,0,0,0,0,69823450,101846812,267566186,166541646336,64954142,1,0,0,0,0,0,0,0,0,0,0,0,0,0,0,0,0,0,0,0,0,0,0,0,0,0,0,0,0,0,0,682,0,0,0,0,0,0,0
1787688628.017,0,0,0,0,0,0,0,692339497,1664534727168,749315580928,0,0,0,0,0,0,0,0,0,0,0,0,0,0,0,0,0,0,0,0,0,0,0,0,0,0,0,0,0,0,0,0,0,0,0,0,0,0,0,0,0,0,0,0,0,0,0,0,0,0,0,0,0,0,0,0,0,0,0,0,7,1681801,101719474,32721691,0,0,0,0,0,0,0,0,0,0,0,0,0,0,0,0,0,0,0,0,0,0,0,0,0,0,0,0,0,0,0,0,0,0,0,0,0,12883329024,10762878976,786336,656914,32669131,0,0,96,786432,100862900,796294,280,3340348290,12884901888,0,667616605,0,0,0,0,0,0,0,0,0,0,0,0,0,0,0,0,0,0,16842705,116721241,0,468,1204,7863,623,33685683,35,0,0,0,0,0,0,0,1,0,0,0,0,0,0,0,0,0,0,22696848,0,32668605,266343,0,0,0,0,0,0,0,0,16384,0,0,0,0,0,0,0,0,0,0,0,6924,473,0,0,0,0,0,51198061,0,157,0,3,470,6924,0,0,0,0,0,0,0,0,0,0,0,0,0,0,0,0,0,0,0,0,0,0,0,0,0,0,0,0,0,0,0,0,0,0,0,0,0,0,0,0,0,0,0,0,0,0,0,0,0,0,0,0,0,0,234395271,0,0,0,469585869,0,0,0,0,0,0,0,69852977,101907378,267653534,166582025728,64982097,0,1,0,0,0,0,0,0,0,0,0,0,0,0,0,0,0,0,0,0,0,0,0,0,0,0,0,0,0,0,0,1115,0,0,0,0,0,0,0
1787688629.094,0,0,0,0,0,0,0,692514861,1665501874688,749528130048,0,0,0,0,0,0,0,0,0,0,0,0,0,0,0,0,0,0,0,0,0,0,0,0,0,0,0,0,0,0,0,0,0,0,0,0,0,0,0,0,0,0,0,0,0,0,0,0,0,0,0,0,0,0,0,0,0,0,0,0,7,1681821,101778649,32731794,0,0,0,0,0,0,0,0,0,0,0,0,0,0,0,0,0,0,0,0,0,0,0,0,0,0,0,0,0,0,0,0,0,0,0,0,0,12883312640,10771906560,786336,657465,32679234,0,0,96,786432,100922002,796294,280,3341217127,12884901888,0,667734014,0,0,0,0,0,0,0,0,0,0,0,0,0,0,0,0,0,0,16847794,116726329,0,468,1204,7863,623,33695859,35,0,0,0,0,0,0,0,1,0,0,0,0,0,0,0,0,0,0,22702712,0,32678708,266425,0,0,0,0,0,0,0,0,16384,0,0,0,0,0,0,0,0,0,0,0,6925,473,0,0,0,0,0,51213512,0,157,0,3,470,6925,0,0,0,0,0,0,0,0,0,0,0,0,0,0,0,0,0,0,0,0,0,0,0,0,0,0,0,0,0,0,0,0,0,0,0,0,0,0,0,0,0,0,0,0,0,0,0,0,0,0,0,0,0,0,234472877,0,0,0,469673216,0,0,0,0,0,0,0,69880026,101966421,267741289,166622662656,65007614,1,0,0,0,0,0,0,0,0,0,0,0,0,0,0,0,0,0,0,0,0,0,0,0,0,0,0,0,0,0,0,180,0,0,0,0,0,0,0
1787688630.171,0,0,0,0,0,0,0,692686906,1666454604288,749738510336,0,0,0,0,0,0,0,0,0,0,0,0,0,0,0,0,0,0,0,0,0,0,0,0,0,0,0,0,0,0,0,0,0,0,0,0,0,0,0,0,0,0,0,0,0,0,0,0,0,0,0,0,0,0,0,0,0,0,0,0,7,1681847,101836955,32741844,0,0,0,0,0,0,0,0,0,0,0,0,0,0,0,0,0,0,0,0,0,0,0,0,0,0,0,0,0,0,0,0,0,0,0,0,0,12883329024,10781163520,786336,658030,32689284,0,0,96,786432,100980241,796294,280,3342067199,12884901888,0,667847009,0,0,0,0,0,0,0,0,0,0,0,0,0,0,0,0,0,0,16852778,116731315,0,468,1204,7863,623,33705838,35,0,0,0,0,0,0,0,1,0,0,0,0,0,0,0,0,0,0,22708440,0,32688758,266505,0,0,0,0,0,0,0,0,16384,0,0,0,0,0,0,0,0,0,0,0,6926,473,0,0,0,0,0,51228705,0,157,0,3,470,6926,0,0,0,0,0,0,0,0,0,0,0,0,0,0,0,0,0,0,0,0,0,0,0,0,0,0,0,0,0,0,0,0,0,0,0,0,0,0,0,0,0,0,0,0,0,0,0,0,0,0,0,0,0,0,234548632,0,0,0,469757782,0,0,0,0,0,0,0,69906170,102024580,267827133,166662114816,65032263,1,0,0,0,0,0,0,0,0,0,0,0,0,0,0,0,0,0,0,0,0,0,0,0,0,0,0,0,0,0,0,368,0,0,0,0,0,0,0
1787688631.246,0,0,0,0,0,0,0,692862921,1667420342784,750017002496,0,0,0,0,0,0,0,0,0,0,0,0,0,0,0,0,0,0,0,0,0,0,0,0,0,0,0,0,0,0,0,0,0,0,0,0,0,0,0,0,0,0,0,0,0,0,0,0,0,0,0,0,0,0,0,0,0,0,0,0,7,1681875,101896011,32755964,0,0,0,0,0,0,0,0,0,0,0,0,0,0,0,0,0,0,0,0,0,0,0,0,0,0,0,0,0,0,0,0,0,0,0,0,0,12883329024,10724737024,786336,654586,32699409,0,0,96,786432,101039254,796294,280,3342936683,12884901888,0,667962896,0,0,0,0,0,0,0,0,0,0,0,0,0,0,0,0,0,0,16857879,116736416,0,468,1204,7863,623,33716029,35,0,0,0,0,0,0,0,1,0,0,0,0,0,0,0,0,0,0,22714322,0,32702810,266619,0,0,0,0,0,0,0,0,16384,0,0,0,0,0,0,0,0,0,0,0,6927,473,0,0,0,0,0,51244233,0,157,0,3,470,6927,0,0,0,0,0,0,0,0,0,0,0,0,0,0,0,0,0,0,0,0,0,0,0,0,0,0,0,0,0,0,0,0,0,0,0,0,0,0,0,0,0,0,0,0,0,0,0,0,0,0,0,0,0,0,234625098,0,0,0,469844136,0,0,0,0,0,0,0,69935011,102083524,267917816,166702323712,65058965,1,0,0,0,0,0,0,0,0,0,0,0,0,0,0,0,0,0,0,0,0,0,0,0,0,0,0,0,0,0,0,670,0,0,0,0,0,0,0
1787688632.322,0,0,0,0,0,0,0,693037530,1668388522496,750298264576,0,0,0,0,0,0,0,0,0,0,0,0,0,0,0,0,0,0,0,0,0,0,0,0,0,0,0,0,0,0,0,0,0,0,0,0,0,0,0,0,0,0,0,0,0,0,0,0,0,0,0,0,0,0,0,0,0,0,0,0,7,1681895,101955226,32770394,0,0,0,0,0,0,0,0,0,0,0,0,0,0,0,0,0,0,0,0,0,0,0,0,0,0,0,0,0,0,0,0,0,0,0,0,0,12883329024,10664361984,786336,650901,32709520,0,0,96,786432,101098412,796294,280,3343799275,12884901888,0,668077235,0,0,0,0,0,0,0,0,0,0,0,0,0,0,0,0,0,0,16862943,116741479,0,468,1204,7863,623,33726158,35,0,0,0,0,0,0,0,1,0,0,0,0,0,0,0,0,0,0,22720151,0,32717253,266735,0,0,0,0,0,0,0,0,16384,0,0,0,0,0,0,0,0,0,0,0,6928,473,0,0,0,0,0,51259671,0,157,0,3,470,6928,0,0,0,0,0,0,0,0,0,0,0,0,0,0,0,0,0,0,0,0,0,0,0,0,0,0,0,0,0,0,0,0,0,0,0,0,0,0,0,0,0,0,0,0,0,0,0,0,0,0,0,0,0,0,234700281,0,0,0,469929849,0,0,0,0,0,0,0,69963738,102142603,268007455,166741512704,65085628,1,0,0,0,0,0,0,0,0,0,0,0,0,0,0,0,0,0,0,0,0,0,0,0,0,0,0,0,0,0,0,921,0,0,0,0,0,0,0
1787688633.396,0,0,0,0,0,0,0,693215397,1669367794176,750540134912,0,0,0,0,0,0,0,0,0,0,0,0,0,0,0,0,0,0,0,0,0,0,0,0,0,0,0,0,0,0,0,0,0,0,0,0,0,0,0,0,0,0,0,0,0,0,0,0,0,0,0,0,0,0,0,0,0,0,0,0,7,1681923,102015149,32782312,0,0,0,0,0,0,0,0,0,0,0,0,0,0,0,0,0,0,0,0,0,0,0,0,0,0,0,0,0,0,0,0,0,0,0,0,0,12883329024,10647060480,786336,649845,32729752,0,0,96,786432,101158264,796294,280,3344681139,12884901888,0,668196861,0,0,0,0,0,0,0,0,0,0,0,0,0,0,0,0,0,0,16868095,116746630,0,468,1204,7863,623,33736463,35,0,0,0,0,0,0,0,1,0,0,0,0,0,0,0,0,0,0,22726084,0,32729226,266833,0,0,0,0,0,0,0,0,16384,0,0,0,0,0,0,0,0,0,0,0,6929,473,0,0,0,0,0,51275323,0,157,0,3,470,6929,0,0,0,0,0,0,0,0,0,0,0,0,0,0,0,0,0,0,0,0,0,0,0,0,0,0,0,0,0,0,0,0,0,0,0,0,0,0,0,0,0,0,0,0,0,0,0,0,0,0,0,0,0,0,234777636,0,0,0,470018189,0,0,0,0,0,0,0,69992827,102202405,268096734,166782017536,65112909,1,1,0,0,0,0,0,0,0,0,0,0,0,0,0,0,0,0,0,0,0,0,0,0,0,0,0,0,0,0,0,78,0,0,0,0,0,0,0
1787688634.473,0,0,0,0,0,0,0,693397114,1670369430016,750752845312,0,0,0,0,0,0,0,0,0,0,0,0,0,0,0,0,0,0,0,0,0,0,0,0,0,0,0,0,0,0,0,0,0,0,0,0,0,0,0,0,0,0,0,0,0,0,0,0,0,0,0,0,0,0,0,0,0,0,0,0,7,1681948,102076424,32792425,0,0,0,0,0,0,0,0,0,0,0,0,0,0,0,0,0,0,0,0,0,0,0,0,0,0,0,0,0,0,0,0,0,0,0,0,0,12883312640,10663985152,786336,650878,32739865,0,0,97,786432,101219470,796294,280,3345578112,12884901888,0,668315892,0,0,0,0,0,0,0,0,0,0,0,0,0,0,0,0,0,0,16873359,116751896,0,468,1204,7863,623,33746988,35,0,0,0,0,0,0,0,1,0,0,0,0,0,0,0,0,0,0,22732147,0,32739339,266915,0,0,0,0,0,0,0,0,16384,0,0,0,0,0,0,0,0,0,0,0,6930,473,0,0,0,0,0,51291331,0,157,0,3,470,6930,0,0,0,0,0,0,0,0,0,0,0,0,0,0,0,0,0,0,0,0,0,0,0,0,0,0,0,0,0,0,0,0,0,0,0,0,0,0,0,0,0,0,0,0,0,0,0,0,0,0,0,0,0,0,234855105,0,0,0,470107195,0,0,0,0,0,0,0,70022302,102263545,268184343,166822524928,65140889,1,0,0,0,0,0,0,0,0,0,0,0,0,0,0,0,0,0,0,0,0,0,0,0,0,0,0,0,0,0,0,547,0,0,0,0,0,0,0
1787688635.549,0,0,0,0,0,0,0,693577452,1671362038272,750964844544,0,0,0,0,0,0,0,0,0,0,0,0,0,0,0,0,0,0,0,0,0,0,0,0,0,0,0,0,0,0,0,0,0,0,0,0,0,0,0,0,0,0,0,0,0,0,0,0,0,0,0,0,0,0,0,0,0,0,0,0,7,1682035,102137152,32802504,0,0,0,0,0,0,0,0,0,0,0,0,0,0,0,0,0,0,0,0,0,0,0,0,0,0,0,0,0,0,0,0,0,0,0,0,0,12883329024,10681090048,786336,651922,32749944,0,0,96,786432,101280138,796294,280,3346468306,12884901888,0,668433682,0,0,0,0,0,0,0,0,0,0,0,0,0,0,0,0,0,0,16878589,116757125,0,468,1204,7863,623,33757450,35,0,0,0,0,0,0,0,1,0,0,0,0,0,0,0,0,0,0,22738164,0,32749418,266997,0,0,0,0,0,0,0,0,16384,0,0,0,0,0,0,0,0,0,0,0,6931,473,0,0,0,0,0,51307212,0,157,0,3,470,6931,0,0,0,0,0,0,0,0,0,0,0,0,0,0,0,0,0,0,0,0,0,0,0,0,0,0,0,0,0,0,0,0,0,0,0,0,0,0,0,0,0,0,0,0,0,0,0,0,0,0,0,0,0,0,234932799,0,0,0,470195612,0,0,0,0,0,0,0,70051844,102324156,268272157,166863057920,65168962,1,0,0,0,0,0,0,0,0,0,0,0,0,0,0,0,0,0,0,0,0,0,0,0,0,0,0,0,0,0,0,962,0,0,0,0,0,0,0
1787688636.625,0,0,0,0,0,0,0,693757699,1672359348736,751177377792,0,0,0,0,0,0,0,0,0,0,0,0,0,0,0,0,0,0,0,0,0,0,0,0,0,0,0,0,0,0,0,0,0,0,0,0,0,0,0,0,0,0,0,0,0,0,0,0,0,0,0,0,0,0,0,0,0,0,0,0,7,1682070,102198151,32812602,0,0,0,0,0,0,0,0,0,0,0,0,0,0,0,0,0,0,0,0,0,0,0,0,0,0,0,0,0,0,0,0,0,0,0,0,0,12883329024,10694656000,786336,652750,32760042,0,0,96,786432,101341067,796294,280,3347361823,12884901888,0,668554374,0,0,0,0,0,0,0,0,0,0,0,0,0,0,0,0,0,0,16883812,116762349,0,468,1204,7863,623,33767898,35,0,0,0,0,0,0,0,1,0,0,0,0,0,0,0,0,0,0,22744188,0,32759516,267079,0,0,0,0,0,0,0,0,16384,0,0,0,0,0,0,0,0,0,0,0,6932,473,0,0,0,0,0,51323115,0,157,0,3,470,6932,0,0,0,0,0,0,0,0,0,0,0,0,0,0,0,0,0,0,0,0,0,0,0,0,0,0,0,0,0,0,0,0,0,0,0,0,0,0,0,0,0,0,0,0,0,0,0,0,0,0,0,0,0,0,235010413,0,0,0,470285107,0,0,0,0,0,0,0,70081216,102385025,268359894,166903632896,65196822,1,0,0,0,0,0,0,0,0,0,0,0,0,0,0,0,0,0,0,0,0,0,0,0,0,0,0,0,0,0,0,179,0,0,0,0,0,0,0
1787688637.704,0,0,0,0,0,0,0,693938120,1673352710656,751390015488,0,0,0,0,0,0,0,0,0,0,0,0,0,0,0,0,0,0,0,0,0,0,0,0,0,0,0,0,0,0,0,0,0,0,0,0,0,0,0,0,0,0,0,0,0,0,0,0,0,0,0,0,0,0,0,0,0,0,0,0,7,1682087,102258919,32822715,0,0,0,0,0,0,0,0,0,0,0,0,0,0,0,0,0,0,0,0,0,0,0,0,0,0,0,0,0,0,0,0,0,0,0,0,0,12883279872,10708926464,786333,653621,32770155,3,0,96,786432,101401774,796294,280,3348251861,12884901888,0,668672426,0,0,0,0,0,0,0,0,0,0,0,0,0,0,0,0,0,0,16889037,116767573,0,468,1204,7863,623,33778347,35,0,0,0,0,0,0,0,1,0,0,0,0,0,0,0,0,0,0,22750195,0,32769629,267159,0,0,0,0,0,0,0,0,16384,0,0,0,0,0,0,0,0,0,0,0,6934,473,0,0,0,0,0,51338998,0,157,0,3,470,6934,0,0,0,0,0,0,0,0,0,0,0,0,0,0,0,0,0,0,0,0,0,0,0,0,0,0,0,0,0,0,0,0,0,0,0,0,0,0,0,0,0,0,0,0,0,0,0,0,0,0,0,0,0,0,235087586,0,0,0,470373493,0,0,0,0,0,0,0,70110494,102445651,268447212,166944008192,65224640,0,0,0,0,0,0,0,0,0,0,0,0,0,0,0,0,0,0,0,0,0,0,0,0,0,0,0,0,0,0,0,572,0,0,0,0,0,0,0
1787688638.783,0,0,0,0,0,0,0,694117971,1674344663552,751601810944,0,0,0,0,0,0,0,0,0,0,0,0,0,0,0,0,0,0,0,0,0,0,0,0,0,0,0,0,0,0,0,0,0,0,0,0,0,0,0,0,0,0,0,0,0,0,0,0,0,0,0,0,0,0,0,0,0,0,0,0,7,1682115,102319590,32832769,0,0,0,0,0,0,0,0,0,0,0,0,0,0,0,0,0,0,0,0,0,0,0,0,0,0,0,0,0,0,0,0,0,0,0,0,0,12883329024,10722787328,786336,654467,32780209,1,0,96,786432,101462380,796294,280,3349139994,12884901888,0,668790023,0,0,0,0,0,0,0,0,0,0,0,0,0,0,0,0,0,0,16894254,116772791,0,468,1204,7863,623,33788780,35,0,0,0,0,0,0,0,1,0,0,0,0,0,0,0,0,0,0,22756196,0,32779683,267239,0,0,0,0,0,0,0,0,16384,0,0,0,0,0,0,0,0,0,0,0,6935,473,0,0,0,0,0,51354864,0,157,0,3,470,6935,0,0,0,0,0,0,0,0,0,0,0,0,0,0,0,0,0,0,0,0,0,0,0,0,0,0,0,0,0,0,0,0,0,0,0,0,0,0,0,0,0,0,0,0,0,0,0,0,0,0,0,0,0,0,235165096,0,0,0,470461720,0,0,0,0,0,0,0,70139286,102506190,268534814,166984546304,65251967,1,0,0,0,0,0,0,0,0,0,0,0,0,0,0,0,0,0,0,0,0,0,0,0,0,0,0,0,0,0,0,986,0,0,0,0,0,0,0
1787688639.863,0,0,0,0,0,0,0,694297607,1675333143040,751812887552,0,0,0,0,0,0,0,0,0,0,0,0,0,0,0,0,0,0,0,0,0,0,0,0,0,0,0,0,0,0,0,0,0,0,0,0,0,0,0,0,0,0,0,0,0,0,0,0,0,0,0,0,0,0,0,0,0,0,0,0,7,1682136,102380040,32842829,0,0,0,0,0,0,0,0,0,0,0,0,0,0,0,0,0,0,0,0,0,0,0,0,0,0,0,0,0,0,0,0,0,0,0,0,0,12883296256,10736418816,786334,655299,32790269,0,0,99,786432,101522751,796294,280,3350029546,12884901888,0,668910045,0,0,0,0,0,0,0,0,0,0,0,0,0,0,0,0,0,0,16899464,116777998,0,468,1204,7863,623,33799198,35,0,0,0,0,0,0,0,1,0,0,0,0,0,0,0,0,0,0,22762200,0,32789743,267321,0,0,0,0,0,0,0,0,16384,0,0,0,0,0,0,0,0,0,0,0,6936,473,0,0,0,0,0,51370717,0,157,0,3,470,6936,0,0,0,0,0,0,0,0,0,0,0,0,0,0,0,0,0,0,0,0,0,0,0,0,0,0,0,0,0,0,0,0,0,0,0,0,0,0,0,0,0,0,0,0,0,0,0,0,0,0,0,0,0,0,235241025,0,0,0,470550925,0,0,0,0,0,0,0,70168091,102566503,268620844,167024285184,65279258,1,0,0,0,0,0,0,0,0,0,0,0,0,0,0,0,0,0,0,0,0,0,0,0,0,0,0,0,0,0,0,186,0,0,0,0,0,0,0
1787688640.940,0,0,0,0,0,0,0,694477019,1676331026944,752024908800,0,0,0,0,0,0,0,0,0,0,0,0,0,0,0,0,0,0,0,0,0,0,0,0,0,0,0,0,0,0,0,0,0,0,0,0,0,0,0,0,0,0,0,0,0,0,0,0,0,0,0,0,0,0,0,0,0,0,0,0,7,1682152,102441072,32852915,0,0,0,0,0,0,0,0,0,0,0,0,0,0,0,0,0,0,0,0,0,0,0,0,0,0,0,0,0,0,0,0,0,0,0,0,0,12883329024,10751066112,786336,656193,32800355,0,0,96,786432,101583736,796294,280,3350915716,12884901888,0,669027134,0,0,0,0,0,0,0,0,0,0,0,0,0,0,0,0,0,0,16904667,116783203,0,468,1204,7863,623,33809606,35,0,0,0,0,0,0,0,1,0,0,0,0,0,0,0,0,0,0,22768187,0,32799829,267403,0,0,0,0,0,0,0,0,16384,0,0,0,0,0,0,0,0,0,0,0,6937,473,0,0,0,0,0,51386569,0,157,0,3,470,6937,0,0,0,0,0,0,0,0,0,0,0,0,0,0,0,0,0,0,0,0,0,0,0,0,0,0,0,0,0,0,0,0,0,0,0,0,0,0,0,0,0,0,0,0,0,0,0,0,0,0,0,0,0,0,235318130,0,0,0,470638872,0,0,0,0,0,0,0,70197427,102627389,268708056,167064549888,65307031,1,1,0,0,0,0,0,0,0,0,0,0,0,0,0,0,0,0,0,0,0,0,0,0,0,0,0,0,0,0,0,584,0,0,0,0,0,0,0
1787688642.020,0,0,0,0,0,0,0,694658406,1677333400064,752237941248,0,0,0,0,0,0,0,0,0,0,0,0,0,0,0,0,0,0,0,0,0,0,0,0,0,0,0,0,0,0,0,0,0,0,0,0,0,0,0,0,0,0,0,0,0,0,0,0,0,0,0,0,0,0,0,0,0,0,0,0,7,1682179,102502378,32863014,0,0,0,0,0,0,0,0,0,0,0,0,0,0,0,0,0,0,0,0,0,0,0,0,0,0,0,0,0,0,0,0,0,0,0,0,0,12883296256,10765352960,786335,657065,32810454,0,0,97,786432,101644995,796294,280,3351810871,12884901888,0,669145581,0,0,0,0,0,0,0,0,0,0,0,0,0,0,0,0,0,0,16909926,116788461,0,468,1204,7863,623,33820129,35,0,0,0,0,0,0,0,1,0,0,0,0,0,0,0,0,0,0,22774240,0,32809928,267483,0,0,0,0,0,0,0,0,16384,0,0,0,0,0,0,0,0,0,0,0,6938,473,0,0,0,0,0,51402553,0,157,0,3,470,6938,0,0,0,0,0,0,0,0,0,0,0,0,0,0,0,0,0,0,0,0,0,0,0,0,0,0,0,0,0,0,0,0,0,0,0,0,0,0,0,0,0,0,0,0,0,0,0,0,0,0,0,0,0,0,235396167,0,0,0,470727764,0,0,0,0,0,0,0,70227059,102688582,268796227,167105465856,65335158,0,0,0,0,0,0,0,0,0,0,0,0,0,0,0,0,0,0,0,0,0,0,0,0,0,0,0,0,0,0,0,1039,0,0,0,0,0,0,0
1787688643.097,0,0,0,0,0,0,0,694838879,1678330972672,752450018816,0,0,0,0,0,0,0,0,0,0,0,0,0,0,0,0,0,0,0,0,0,0,0,0,0,0,0,0,0,0,0,0,0,0,0,0,0,0,0,0,0,0,0,0,0,0,0,0,0,0,0,0,0,0,0,0,0,0,0,0,7,1682202,102563401,32873063,0,0,0,0,0,0,0,0,0,0,0,0,0,0,0,0,0,0,0,0,0,0,0,0,0,0,0,0,0,0,0,0,0,0,0,0,0,12883312640,10780147712,786336,657968,32820503,0,0,96,786432,101705951,796294,280,3352705148,12884901888,0,669265918,0,0,0,0,0,0,0,0,0,0,0,0,0,0,0,0,0,0,16915160,116793695,0,468,1204,7863,623,33830590,35,0,0,0,0,0,0,0,1,0,0,0,0,0,0,0,0,0,0,22780269,0,32819977,267563,0,0,0,0,0,0,0,0,16384,0,0,0,0,0,0,0,0,0,0,0,6939,473,0,0,0,0,0,51418435,0,157,0,3,470,6939,0,0,0,0,0,0,0,0,0,0,0,0,0,0,0,0,0,0,0,0,0,0,0,0,0,0,0,0,0,0,0,0,0,0,0,0,0,0,0,0,0,0,0,0,0,0,0,0,0,0,0,0,0,0,235474312,0,0,0,470817380,0,0,0,0,0,0,0,70256536,102749475,268884457,167146379264,65363123,1,0,0,0,0,0,0,0,0,0,0,0,0,0,0,0,0,0,0,0,0,0,0,0,0,0,0,0,0,0,0,265,0,0,0,0,0,0,0
1787688644.176,0,0,0,0,0,0,0,695014329,1679299136000,752660261888,0,0,0,0,0,0,0,0,0,0,0,0,0,0,0,0,0,0,0,0,0,0,0,0,0,0,0,0,0,0,0,0,0,0,0,0,0,0,0,0,0,0,0,0,0,0,0,0,0,0,0,0,0,0,0,0,0,0,0,0,7,1682228,102622620,32883097,0,0,0,0,0,0,0,0,0,0,0,0,0,0,0,0,0,0,0,0,0,0,0,0,0,0,0,0,0,0,0,0,0,0,0,0,0,12882804736,10790502400,786304,658600,32830537,32,0,96,786432,101765085,796294,280,3353572547,12884901888,0,669381559,0,0,0,0,0,0,0,0,0,0,0,0,0,0,0,0,0,0,16920249,116798786,0,468,1204,7863,623,33840769,35,0,0,0,0,0,0,0,1,0,0,0,0,0,0,0,0,0,0,22786130,0,32830011,267643,0,0,0,0,0,0,0,0,16384,0,0,0,0,0,0,0,0,0,0,0,6940,473,0,0,0,0,0,51433957,0,157,0,3,470,6940,0,0,0,0,0,0,0,0,0,0,0,0,0,0,0,0,0,0,0,0,0,0,0,0,0,0,0,0,0,0,0,0,0,0,0,0,0,0,0,0,0,0,0,0,0,0,0,0,0,0,0,0,0,0,235550064,0,0,0,470903575,0,0,0,0,0,0,0,70282878,102808564,268970279,167185937408,65387971,1,0,0,0,0,0,0,0,0,0,0,0,0,0,0,0,0,0,0,0,0,0,0,0,0,0,0,0,0,0,0,559,0,0,0,0,0,0,0
1787688645.250,0,0,0,0,0,0,0,695183217,1680231074304,752936539648,0,0,0,0,0,0,0,0,0,0,0,0,0,0,0,0,0,0,0,0,0,0,0,0,0,0,0,0,0,0,0,0,0,0,0,0,0,0,0,0,0,0,0,0,0,0,0,0,0,0,0,0,0,0,0,0,0,0,0,0,7,1682245,102679632,32897246,0,0,0,0,0,0,0,0,0,0,0,0,0,0,0,0,0,0,0,0,0,0,0,0,0,0,0,0,0,0,0,0,0,0,0,0,0,12883312640,10725916672,786336,654658,32840590,0,0,96,786432,101822017,796294,280,3354406955,12884901888,0,669492548,0,0,0,0,0,0,0,0,0,0,0,0,0,0,0,0,0,0,16925139,116803675,0,468,1204,7863,623,33850550,35,0,0,0,0,0,0,0,1,0,0,0,0,0,0,0,0,0,0,22791759,0,32844120,267756,0,0,0,0,0,0,0,0,16384,0,0,0,0,0,0,0,0,0,0,0,6941,473,0,0,0,0,0,51448841,0,157,0,3,470,6941,0,0,0,0,0,0,0,0,0,0,0,0,0,0,0,0,0,0,0,0,0,0,0,0,0,0,0,0,0,0,0,0,0,0,0,0,0,0,0,0,0,0,0,0,0,0,0,0,0,0,0,0,0,0,235622902,0,0,0,470986537,0,0,0,0,0,0,0,70308511,102865461,269057352,167223910912,65411503,1,0,0,0,0,0,0,0,0,0,0,0,0,0,0,0,0,0,0,0,0,0,0,0,0,0,0,0,0,0,0,673,0,0,0,0,0,0,0
1787688646.327,0,0,0,0,0,0,0,695357102,1681192405504,753215989248,0,0,0,0,0,0,0,0,0,0,0,0,0,0,0,0,0,0,0,0,0,0,0,0,0,0,0,0,0,0,0,0,0,0,0,0,0,0,0,0,0,0,0,0,0,0,0,0,0,0,0,0,0,0,0,0,0,0,0,0,7,1682275,102738431,32911526,0,0,0,0,0,0,0,0,0,0,0,0,0,0,0,0,0,0,0,0,0,0,0,0,0,0,0,0,0,0,0,0,0,0,0,0,0,12883312640,10666000384,786336,651001,32850570,0,0,96,786432,101880756,796294,280,3355265910,12884901888,0,669606654,0,0,0,0,0,0,0,0,0,0,0,0,0,0,0,0,0,0,16930177,116808715,0,468,1204,7863,623,33860625,35,0,0,0,0,0,0,0,1,0,0,0,0,0,0,0,0,0,0,22797561,0,32858440,267870,0,0,0,0,0,0,0,0,16384,0,0,0,0,0,0,0,0,0,0,0,6942,473,0,0,0,0,0,51464187,0,157,0,3,470,6942,0,0,0,0,0,0,0,0,0,0,0,0,0,0,0,0,0,0,0,0,0,0,0,0,0,0,0,0,0,0,0,0,0,0,0,0,0,0,0,0,0,0,0,0,0,0,0,0,0,0,0,0,0,0,235697256,0,0,0,471071923,0,0,0,0,0,0,0,70336823,102924137,269146065,167262837248,65437636,1,0,0,0,0,0,0,0,0,0,0,0,0,0,0,0,0,0,0,0,0,0,0,0,0,0,0,0,0,0,0,884,0,0,0,0,0,0,0
1787688647.406,0,0,0,0,0,0,0,695535954,1682176494080,753452869632,0,0,0,0,0,0,0,0,0,0,0,0,0,0,0,0,0,0,0,0,0,0,0,0,0,0,0,0,0,0,0,0,0,0,0,0,0,0,0,0,0,0,0,0,0,0,0,0,0,0,0,0,0,0,0,0,0,0,0,0,7,1682305,102798632,32923152,0,0,0,0,0,0,0,0,0,0,0,0,0,0,0,0,0,0,0,0,0,0,0,0,0,0,0,0,0,0,0,0,0,0,0,0,0,12883312640,10653548544,786334,650241,32870592,0,0,97,786432,101940886,796294,280,3356152301,12884901888,0,669726580,0,0,0,0,0,0,0,0,0,0,0,0,0,0,0,0,0,0,16935357,116813894,0,468,1204,7863,623,33870988,35,0,0,0,0,0,0,0,1,0,0,0,0,0,0,0,0,0,0,22803522,0,32870066,267963,0,0,0,0,0,0,0,0,16384,0,0,0,0,0,0,0,0,0,0,0,6943,473,0,0,0,0,0,51479920,0,157,0,3,470,6943,0,0,0,0,0,0,0,0,0,0,0,0,0,0,0,0,0,0,0,0,0,0,0,0,0,0,0,0,0,0,0,0,0,0,0,0,0,0,0,0,0,0,0,0,0,0,0,0,0,0,0,0,0,0,235775076,0,0,0,471160709,0,0,0,0,0,0,0,70366028,102984198,269235488,167303627264,65465105,1,0,0,0,0,0,0,0,0,0,0,0,0,0,0,0,0,0,0,0,0,0,0,0,0,0,0,0,0,0,0,56,0,0,0,0,0,0,0
1787688648.486,0,0,0,0,0,0,0,695716103,1683174558208,753664791040,0,0,0,0,0,0,0,0,0,0,0,0,0,0,0,0,0,0,0,0,0,0,0,0,0,0,0,0,0,0,0,0,0,0,0,0,0,0,0,0,0,0,0,0,0,0,0,0,0,0,0,0,0,0,0,0,0,0,0,0,7,1682392,102859659,32933200,0,0,0,0,0,0,0,0,0,0,0,0,0,0,0,0,0,0,0,0,0,0,0,0,0,0,0,0,0,0,0,0,0,0,0,0,0,12883312640,10669391872,786335,651208,32880640,0,0,96,786432,102001857,796294,280,3357041903,12884901888,0,669844562,0,0,0,0,0,0,0,0,0,0,0,0,0,0,0,0,0,0,16940584,116819122,0,468,1204,7863,623,33881442,35,0,0,0,0,0,0,0,1,0,0,0,0,0,0,0,0,0,0,22809537,0,32880114,268043,0,0,0,0,0,0,0,0,16384,0,0,0,0,0,0,0,0,0,0,0,6944,473,0,0,0,0,0,51495799,0,157,0,3,470,6944,0,0,0,0,0,0,0,0,0,0,0,0,0,0,0,0,0,0,0,0,0,0,0,0,0,0,0,0,0,0,0,0,0,0,0,0,0,0,0,0,0,0,0,0,0,0,0,0,0,0,0,0,0,0,235852720,0,0,0,471249011,0,0,0,0,0,0,0,70395428,103045098,269323212,167344347648,65492983,1,0,0,0,0,0,0,0,0,0,0,0,0,0,0,0,0,0,0,0,0,0,0,0,0,0,0,0,0,0,0,466,0,0,0,0,0,0,0
1787688649.565,0,0,0,0,0,0,0,695897589,1684172114432,753876222976,0,0,0,0,0,0,0,0,0,0,0,0,0,0,0,0,0,0,0,0,0,0,0,0,0,0,0,0,0,0,0,0,0,0,0,0,0,0,0,0,0,0,0,0,0,0,0,0,0,0,0,0,0,0,0,0,0,0,0,0,7,1682418,102920702,32943238,0,0,0,0,0,0,0,0,0,0,0,0,0,0,0,0,0,0,0,0,0,0,0,0,0,0,0,0,0,0,0,0,0,0,0,0,0,12883296256,10685792256,786336,652209,32890678,0,0,96,786432,102062832,796294,280,3357936734,12884901888,0,669962775,0,0,0,0,0,0,0,0,0,0,0,0,0,0,0,0,0,0,16945848,116824385,0,468,1204,7863,623,33891973,35,0,0,0,0,0,0,0,1,0,0,0,0,0,0,0,0,0,0,22815596,0,32890152,268123,0,0,0,0,0,0,0,0,16384,0,0,0,0,0,0,0,0,0,0,0,6945,473,0,0,0,0,0,51511789,0,157,0,3,470,6945,0,0,0,0,0,0,0,0,0,0,0,0,0,0,0,0,0,0,0,0,0,0,0,0,0,0,0,0,0,0,0,0,0,0,0,0,0,0,0,0,0,0,0,0,0,0,0,0,0,0,0,0,0,0,235930015,0,0,0,471337979,0,0,0,0,0,0,0,70424802,103106006,269410568,167384855552,65520901,0,0,0,0,0,0,0,0,0,0,0,0,0,0,0,0,0,0,0,0,0,0,0,0,0,0,0,0,0,0,0,905,0,0,0,0,0,0,0
1787688650.644,0,0,0,0,0,0,0,696077937,1685169605120,754088363008,0,0,0,0,0,0,0,0,0,0,0,0,0,0,0,0,0,0,0,0,0,0,0,0,0,0,0,0,0,0,0,0,0,0,0,0,0,0,0,0,0,0,0,0,0,0,0,0,0,0,0,0,0,0,0,0,0,0,0,0,7,1682445,102981686,32953306,0,0,0,0,0,0,0,0,0,0,0,0,0,0,0,0,0,0,0,0,0,0,0,0,0,0,0,0,0,0,0,0,0,0,0,0,0,12883329024,10700668928,786336,653117,32900746,0,0,96,786432,102123765,796294,280,3358831040,12884901888,0,670083737,0,0,0,0,0,0,0,0,0,0,0,0,0,0,0,0,0,0,16951076,116829614,0,468,1204,7863,623,33902421,35,0,0,0,0,0,0,0,1,0,0,0,0,0,0,0,0,0,0,22821627,0,32900220,268203,0,0,0,0,0,0,0,0,16384,0,0,0,0,0,0,0,0,0,0,0,6946,473,0,0,0,0,0,51527705,0,157,0,3,470,6946,0,0,0,0,0,0,0,0,0,0,0,0,0,0,0,0,0,0,0,0,0,0,0,0,0,0,0,0,0,0,0,0,0,0,0,0,0,0,0,0,0,0,0,0,0,0,0,0,0,0,0,0,0,0,236007514,0,0,0,471427581,0,0,0,0,0,0,0,70454150,103166882,269498180,167425463808,65548729,0,0,0,0,0,0,0,0,0,0,0,0,0,0,0,0,0,0,0,0,0,0,0,0,0,0,0,0,0,0,0,128,0,0,0,0,0,0,0
1787688651.720,0,0,0,0,0,0,0,696256996,1686156659200,754300702720,0,0,0,0,0,0,0,0,0,0,0,0,0,0,0,0,0,0,0,0,0,0,0,0,0,0,0,0,0,0,0,0,0,0,0,0,0,0,0,0,0,0,0,0,0,0,0,0,0,0,0,0,0,0,0,0,0,0,0,0,7,1682472,103042062,32963427,0,0,0,0,0,0,0,0,0,0,0,0,0,0,0,0,0,0,0,0,0,0,0,0,0,0,0,0,0,0,0,0,0,0,0,0,0,12883329024,10712858624,786336,653861,32910867,0,0,96,786432,102184078,796294,280,3359715357,12884901888,0,670200738,0,0,0,0,0,0,0,0,0,0,0,0,0,0,0,0,0,0,16956271,116834807,0,468,1204,7863,623,33912815,35,0,0,0,0,0,0,0,1,0,0,0,0,0,0,0,0,0,0,22827605,0,32910341,268285,0,0,0,0,0,0,0,0,16384,0,0,0,0,0,0,0,0,0,0,0,6948,473,0,0,0,0,0,51543484,0,157,0,3,470,6948,0,0,0,0,0,0,0,0,0,0,0,0,0,0,0,0,0,0,0,0,0,0,0,0,0,0,0,0,0,0,0,0,0,0,0,0,0,0,0,0,0,0,0,0,0,0,0,0,0,0,0,0,0,0,236084217,0,0,0,471515408,0,0,0,0,0,0,0,70483415,103227140,269585025,167465629696,65576454,0,0,0,0,0,0,0,0,0,0,0,0,0,0,0,0,0,0,0,0,0,0,0,0,0,0,0,0,0,0,0,533,0,0,0,0,0,0,0
1787688652.793,0,0,0,0,0,0,0,696436506,1687145548288,754513835008,0,0,0,0,0,0,0,0,0,0,0,0,0,0,0,0,0,0,0,0,0,0,0,0,0,0,0,0,0,0,0,0,0,0,0,0,0,0,0,0,0,0,0,0,0,0,0,0,0,0,0,0,0,0,0,0,0,0,0,0,7,1682485,103102554,32973608,0,0,0,0,0,0,0,0,0,0,0,0,0,0,0,0,0,0,0,0,0,0,0,0,0,0,0,0,0,0,0,0,0,0,0,0,0,12883329024,10723049472,786336,654483,32921048,0,0,96,786432,102244505,796294,280,3360600695,12884901888,0,670317584,0,0,0,0,0,0,0,0,0,0,0,0,0,0,0,0,0,0,16961477,116840015,0,468,1204,7863,623,33923225,35,0,0,0,0,0,0,0,1,0,0,0,0,0,0,0,0,0,0,22833599,0,32920522,268367,0,0,0,0,0,0,0,0,16384,0,0,0,0,0,0,0,0,0,0,0,6949,473,0,0,0,0,0,51559310,0,157,0,3,470,6949,0,0,0,0,0,0,0,0,0,0,0,0,0,0,0,0,0,0,0,0,0,0,0,0,0,0,0,0,0,0,0,0,0,0,0,0,0,0,0,0,0,0,0,0,0,0,0,0,0,0,0,0,0,0,236160578,0,0,0,471603476,0,0,0,0,0,0,0,70512504,103287499,269671618,167505601024,65603995,1,1,0,0,0,0,0,0,0,0,0,0,0,0,0,0,0,0,0,0,0,0,0,0,0,0,0,0,0,0,0,934,0,0,0,0,0,0,0
1787688653.869,0,0,0,0,0,0,0,696617052,1688139041280,754726779904,0,0,0,0,0,0,0,0,0,0,0,0,0,0,0,0,0,0,0,0,0,0,0,0,0,0,0,0,0,0,0,0,0,0,0,0,0,0,0,0,0,0,0,0,0,0,0,0,0,0,0,0,0,0,0,0,0,0,0,0,7,1682504,103163318,32983752,0,0,0,0,0,0,0,0,0,0,0,0,0,0,0,0,0,0,0,0,0,0,0,0,0,0,0,0,0,0,0,0,0,0,0,0,0,12883329024,10734043136,786336,655154,32931192,0,0,96,786432,102305214,796294,280,3361494965,12884901888,0,670437649,0,0,0,0,0,0,0,0,0,0,0,0,0,0,0,0,0,0,16966717,116845255,0,468,1204,7863,623,33933706,35,0,0,0,0,0,0,0,1,0,0,0,0,0,0,0,0,0,0,22839642,0,32930666,268449,0,0,0,0,0,0,0,0,16384,0,0,0,0,0,0,0,0,0,0,0,6950,473,0,0,0,0,0,51575259,0,157,0,3,470,6950,0,0,0,0,0,0,0,0,0,0,0,0,0,0,0,0,0,0,0,0,0,0,0,0,0,0,0,0,0,0,0,0,0,0,0,0,0,0,0,0,0,0,0,0,0,0,0,0,0,0,0,0,0,0,236237991,0,0,0,471693227,0,0,0,0,0,0,0,70542090,103348124,269759203,167546002432,65632071,1,0,0,0,0,0,0,0,0,0,0,0,0,0,0,0,0,0,0,0,0,0,0,0,0,0,0,0,0,0,0,182,0,0,0,0,0,0,0
1787688654.948,0,0,0,0,0,0,0,696796444,1689131715072,754938393600,0,0,0,0,0,0,0,0,0,0,0,0,0,0,0,0,0,0,0,0,0,0,0,0,0,0,0,0,0,0,0,0,0,0,0,0,0,0,0,0,0,0,0,0,0,0,0,0,0,0,0,0,0,0,0,0,0,0,0,0,7,1682585,103224035,32993829,0,0,0,0,0,0,0,0,0,0,0,0,0,0,0,0,0,0,0,0,0,0,0,0,0,0,0,0,0,0,0,0,0,0,0,0,0,12883329024,10746609664,786336,655921,32941269,0,0,96,786432,102365855,796294,280,3362380844,12884901888,0,670555202,0,0,0,0,0,0,0,0,0,0,0,0,0,0,0,0,0,0,16971914,116850452,0,468,1204,7863,623,33944101,35,0,0,0,0,0,0,0,1,0,0,0,0,0,0,0,0,0,0,22845629,0,32940743,268531,0,0,0,0,0,0,0,0,16384,0,0,0,0,0,0,0,0,0,0,0,6951,473,0,0,0,0,0,51591062,0,157,0,3,470,6951,0,0,0,0,0,0,0,0,0,0,0,0,0,0,0,0,0,0,0,0,0,0,0,0,0,0,0,0,0,0,0,0,0,0,0,0,0,0,0,0,0,0,0,0,0,0,0,0,0,0,0,0,0,0,236314369,0,0,0,471781167,0,0,0,0,0,0,0,70571244,103408724,269845697,167585995264,65659718,1,0,0,0,0,0,0,0,0,0,0,0,0,0,0,0,0,0,0,0,0,0,0,0,0,0,0,0,0,0,0,574,0,0,0,0,0,0,0
1787688656.024,0,0,0,0,0,0,0,696973625,1690110052864,755150026752,0,0,0,0,0,0,0,0,0,0,0,0,0,0,0,0,0,0,0,0,0,0,0,0,0,0,0,0,0,0,0,0,0,0,0,0,0,0,0,0,0,0,0,0,0,0,0,0,0,0,0,0,0,0,0,0,0,0,0,0,7,1682605,103283855,33003923,0,0,0,0,0,0,0,0,0,0,0,0,0,0,0,0,0,0,0,0,0,0,0,0,0,0,0,0,0,0,0,0,0,0,0,0,0,12883312640,10757292032,786336,656573,32951363,0,0,96,786432,102425600,796294,280,3363255643,12884901888,0,670671223,0,0,0,0,0,0,0,0,0,0,0,0,0,0,0,0,0,0,16977051,116855589,0,468,1204,7863,623,33954379,35,0,0,0,0,0,0,0,1,0,0,0,0,0,0,0,0,0,0,22851539,0,32950837,268611,0,0,0,0,0,0,0,0,16384,0,0,0,0,0,0,0,0,0,0,0,6952,473,0,0,0,0,0,51606677,0,157,0,3,470,6952,0,0,0,0,0,0,0,0,0,0,0,0,0,0,0,0,0,0,0,0,0,0,0,0,0,0,0,0,0,0,0,0,0,0,0,0,0,0,0,0,0,0,0,0,0,0,0,0,0,0,0,0,0,0,236390825,0,0,0,471868066,0,0,0,0,0,0,0,70598619,103468426,269932286,167625937920,65685602,0,0,0,0,0,0,0,0,0,0,0,0,0,0,0,0,0,0,0,0,0,0,0,0,0,0,0,0,0,0,0,901,0,0,0,0,0,0,0
1787688657.104,0,0,0,0,0,0,0,697147171,1691068385792,755361544192,0,0,0,0,0,0,0,0,0,0,0,0,0,0,0,0,0,0,0,0,0,0,0,0,0,0,0,0,0,0,0,0,0,0,0,0,0,0,0,0,0,0,0,0,0,0,0,0,0,0,0,0,0,0,0,0,0,0,0,0,7,1682625,103342459,33014053,0,0,0,0,0,0,0,0,0,0,0,0,0,0,0,0,0,0,0,0,0,0,0,0,0,0,0,0,0,0,0,0,0,0,0,0,0,12883312640,10763075584,786335,656926,32961493,1,0,96,786432,102484142,796294,280,3364112938,12884901888,0,670784843,0,0,0,0,0,0,0,0,0,0,0,0,0,0,0,0,0,0,16982083,116860620,0,468,1204,7863,623,33964438,35,0,0,0,0,0,0,0,1,0,0,0,0,0,0,0,0,0,0,22857336,0,32960967,268693,0,0,0,0,0,0,0,0,16384,0,0,0,0,0,0,0,0,0,0,0,6953,473,0,0,0,0,0,51621957,0,157,0,3,470,6953,0,0,0,0,0,0,0,0,0,0,0,0,0,0,0,0,0,0,0,0,0,0,0,0,0,0,0,0,0,0,0,0,0,0,0,0,0,0,0,0,0,0,0,0,0,0,0,0,0,0,0,0,0,0,236466059,0,0,0,471953357,0,0,0,0,0,0,0,70625535,103526904,270017689,167665214464,65710998,1,1,0,0,0,0,0,0,0,0,0,0,0,0,0,0,0,0,0,0,0,0,0,0,0,0,0,0,0,0,0,1122,0,0,0,0,0,0,0
1787688658.179,0,0,0,0,0,0,0,697327085,1692060961280,755578968576,0,0,0,0,0,0,0,0,0,0,0,0,0,0,0,0,0,0,0,0,0,0,0,0,0,0,0,0,0,0,0,0,0,0,0,0,0,0,0,0,0,0,0,0,0,0,0,0,0,0,0,0,0,0,0,0,0,0,0,0,7,1682657,103403158,33024465,0,0,0,0,0,0,0,0,0,0,0,0,0,0,0,0,0,0,0,0,0,0,0,0,0,0,0,0,0,0,0,0,0,0,0,0,0,12878528512,10769891328,786042,657342,32971649,293,0,97,786432,102544775,796294,280,3365005321,12884901888,0,670905791,0,0,0,0,0,0,0,0,0,0,0,0,0,0,0,0,0,0,16987294,116865832,0,468,1204,7863,623,33974861,35,0,0,0,0,0,0,0,1,0,0,0,0,0,0,0,0,0,0,22863342,0,32971379,268777,0,0,0,0,0,0,0,0,16384,0,0,0,0,0,0,0,0,0,0,0,6954,473,0,0,0,0,0,51637794,0,157,0,3,470,6954,0,0,0,0,0,0,0,0,0,0,0,0,0,0,0,0,0,0,0,0,0,0,0,0,0,0,0,0,0,0,0,0,0,0,0,0,0,0,0,0,0,0,0,0,0,0,0,0,0,0,0,0,0,0,236542621,0,0,0,472042705,0,0,0,0,0,0,0,70654447,103587480,270104719,167705416704,65738332,1,0,0,0,0,0,0,0,0,0,0,0,0,0,0,0,0,0,0,0,0,0,0,0,0,0,0,0,0,0,0,315,0,0,0,0,0,0,0
1787688659.257,0,0,0,0,0,0,0,697501702,1693029632512,755866162176,0,0,0,0,0,0,0,0,0,0,0,0,0,0,0,0,0,0,0,0,0,0,0,0,0,0,0,0,0,0,0,0,0,0,0,0,0,0,0,0,0,0,0,0,0,0,0,0,0,0,0,0,0,0,0,0,0,0,0,0,7,1682678,103462404,33039100,0,0,0,0,0,0,0,0,0,0,0,0,0,0,0,0,0,0,0,0,0,0,0,0,0,0,0,0,0,0,0,0,0,0,0,0,0,12883329024,10707042304,786336,653506,32981817,0,0,96,786432,102603964,796294,280,3365867660,12884901888,0,671019793,0,0,0,0,0,0,0,0,0,0,0,0,0,0,0,0,0,0,16992360,116870898,0,468,1204,7863,623,33984996,35,0,0,0,0,0,0,0,1,0,0,0,0,0,0,0,0,0,0,22869178,0,32986011,268895,0,0,0,0,0,0,0,0,16384,0,0,0,0,0,0,0,0,0,0,0,6955,473,0,0,0,0,0,51653193,0,157,0,3,470,6955,0,0,0,0,0,0,0,0,0,0,0,0,0,0,0,0,0,0,0,0,0,0,0,0,0,0,0,0,0,0,0,0,0,0,0,0,0,0,0,0,0,0,0,0,0,0,0,0,0,0,0,0,0,0,236617341,0,0,0,472128481,0,0,0,0,0,0,0,70682950,103646600,270194253,167744566784,65764644,1,1,0,0,0,0,0,0,0,0,0,0,0,0,0,0,0,0,0,0,0,0,0,0,0,0,0,0,0,0,0,582,0,0,0,0,0,0,0
1787688660.335,0,0,0,0,0,0,0,697676917,1693997484544,756144387072,0,0,0,0,0,0,0,0,0,0,0,0,0,0,0,0,0,0,0,0,0,0,0,0,0,0,0,0,0,0,0,0,0,0,0,0,0,0,0,0,0,0,0,0,0,0,0,0,0,0,0,0,0,0,0,0,0,0,0,0,7,1682696,103521617,33053373,0,0,0,0,0,0,0,0,0,0,0,0,0,0,0,0,0,0,0,0,0,0,0,0,0,0,0,0,0,0,0,0,0,0,0,0,0,12883312640,10647060480,786335,649845,32991999,1,0,96,786432,102663116,796294,280,3366732795,12884901888,0,671134142,0,0,0,0,0,0,0,0,0,0,0,0,0,0,0,0,0,0,16997446,116875984,0,468,1204,7863,623,33995164,35,0,0,0,0,0,0,0,1,0,0,0,0,0,0,0,0,0,0,22875031,0,33000114,269009,0,0,0,0,0,0,0,0,16384,0,0,0,0,0,0,0,0,0,0,0,6956,473,0,0,0,0,0,51668657,0,157,0,3,470,6956,0,0,0,0,0,0,0,0,0,0,0,0,0,0,0,0,0,0,0,0,0,0,0,0,0,0,0,0,0,0,0,0,0,0,0,0,0,0,0,0,0,0,0,0,0,0,0,0,0,0,0,0,0,0,236692841,0,0,0,472214559,0,0,0,0,0,0,0,70711706,103705693,270283978,167783948288,65791277,1,1,0,0,0,0,0,0,0,0,0,0,0,0,0,0,0,0,0,0,0,0,0,0,0,0,0,0,0,0,0,849,0,0,0,0,0,0,0
1787688661.410,0,0,0,0,0,0,0,697855500,1694984505856,756377761792,0,0,0,0,0,0,0,0,0,0,0,0,0,0,0,0,0,0,0,0,0,0,0,0,0,0,0,0,0,0,0,0,0,0,0,0,0,0,0,0,0,0,0,0,0,0,0,0,0,0,0,0,0,0,0,0,0,0,0,0,7,1682716,103581998,33064828,0,0,0,0,0,0,0,0,0,0,0,0,0,0,0,0,0,0,0,0,0,0,0,0,0,0,0,0,0,0,0,0,0,0,0,0,0,12883329024,10638278656,786335,649309,33012268,0,0,97,786432,102723427,796294,280,3367614361,12884901888,0,671250837,0,0,0,0,0,0,0,0,0,0,0,0,0,0,0,0,0,0,17002628,116881165,0,468,1204,7863,623,34005532,35,0,0,0,0,0,0,0,1,0,0,0,0,0,0,0,0,0,0,22880996,0,33011742,269103,0,0,0,0,0,0,0,0,16384,0,0,0,0,0,0,0,0,0,0,0,6957,473,0,0,0,0,0,51684380,0,157,0,3,470,6957,0,0,0,0,0,0,0,0,0,0,0,0,0,0,0,0,0,0,0,0,0,0,0,0,0,0,0,0,0,0,0,0,0,0,0,0,0,0,0,0,0,0,0,0,0,0,0,0,0,0,0,0,0,0,236769508,0,0,0,472302190,0,0,0,0,0,0,0,70741172,103765955,270372076,167824025600,65818958,1,1,0,0,0,0,0,0,0,0,0,0,0,0,0,0,0,0,0,0,0,0,0,0,0,0,0,0,0,0,0,1197,0,0,0,0,0,0,0
1787688662.486,0,0,0,0,0,0,0,698034540,1695980980736,756591306752,0,0,0,0,0,0,0,0,0,0,0,0,0,0,0,0,0,0,0,0,0,0,0,0,0,0,0,0,0,0,0,0,0,0,0,0,0,0,0,0,0,0,0,0,0,0,0,0,0,0,0,0,0,0,0,0,0,0,0,0,7,1682743,103642944,33074968,0,0,0,0,0,0,0,0,0,0,0,0,0,0,0,0,0,0,0,0,0,0,0,0,0,0,0,0,0,0,0,0,0,0,0,0,0,12883329024,10649894912,786336,650018,33022408,0,0,96,786432,102784307,796294,280,3368502665,12884901888,0,671370953,0,0,0,0,0,0,0,0,0,0,0,0,0,0,0,0,0,0,17007818,116886354,0,468,1204,7863,623,34015913,35,0,0,0,0,0,0,0,1,0,0,0,0,0,0,0,0,0,0,22886967,0,33021882,269185,0,0,0,0,0,0,0,0,16384,0,0,0,0,0,0,0,0,0,0,0,6958,473,0,0,0,0,0,51700170,0,157,0,3,470,6958,0,0,0,0,0,0,0,0,0,0,0,0,0,0,0,0,0,0,0,0,0,0,0,0,0,0,0,0,0,0,0,0,0,0,0,0,0,0,0,0,0,0,0,0,0,0,0,0,0,0,0,0,0,0,236847422,0,0,0,472391121,0,0,0,0,0,0,0,70770600,103826790,270460169,167864890880,65846909,1,1,0,0,0,0,0,0,0,0,0,0,0,0,0,0,0,0,0,0,0,0,0,0,0,0,0,0,0,0,0,404,0,0,0,0,0,0,0
1787688663.565,0,0,0,0,0,0,0,698214424,1696972048896,756804029952,0,0,0,0,0,0,0,0,0,0,0,0,0,0,0,0,0,0,0,0,0,0,0,0,0,0,0,0,0,0,0,0,0,0,0,0,0,0,0,0,0,0,0,0,0,0,0,0,0,0,0,0,0,0,0,0,0,0,0,0,7,1682828,103703582,33085099,0,0,0,0,0,0,0,0,0,0,0,0,0,0,0,0,0,0,0,0,0,0,0,0,0,0,0,0,0,0,0,0,0,0,0,0,0,12883312640,10661462016,786335,650724,33032539,0,0,98,786432,102844867,796294,280,3369390915,12884901888,0,671488517,0,0,0,0,0,0,0,0,0,0,0,0,0,0,0,0,0,0,17013033,116891571,0,468,1204,7863,623,34026336,35,0,0,0,0,0,0,0,1,0,0,0,0,0,0,0,0,0,0,22892970,0,33032013,269267,0,0,0,0,0,0,0,0,16384,0,0,0,0,0,0,0,0,0,0,0,6959,473,0,0,0,0,0,51716031,0,157,0,3,470,6959,0,0,0,0,0,0,0,0,0,0,0,0,0,0,0,0,0,0,0,0,0,0,0,0,0,0,0,0,0,0,0,0,0,0,0,0,0,0,0,0,0,0,0,0,0,0,0,0,0,0,0,0,0,0,236924919,0,0,0,472479281,0,0,0,0,0,0,0,70800284,103887316,270547836,167905358336,65875043,0,0,0,0,0,0,0,0,0,0,0,0,0,0,0,0,0,0,0,0,0,0,0,0,0,0,0,0,0,0,0,826,0,0,0,0,0,0,0
1787688664.644,0,0,0,0,0,0,0,698395097,1697965001216,757016710656,0,0,0,0,0,0,0,0,0,0,0,0,0,0,0,0,0,0,0,0,0,0,0,0,0,0,0,0,0,0,0,0,0,0,0,0,0,0,0,0,0,0,0,0,0,0,0,0,0,0,0,0,0,0,0,0,0,0,0,0,7,1682842,103764317,33095212,0,0,0,0,0,0,0,0,0,0,0,0,0,0,0,0,0,0,0,0,0,0,0,0,0,0,0,0,0,0,0,0,0,0,0,0,0,12883312640,10673881088,786335,651482,33042652,0,0,96,786432,102905538,796294,280,3370286118,12884901888,0,671609086,0,0,0,0,0,0,0,0,0,0,0,0,0,0,0,0,0,0,17018273,116896811,0,468,1204,7863,623,34036819,35,0,0,0,0,0,0,0,1,0,0,0,0,0,0,0,0,0,0,22899017,0,33042126,269349,0,0,0,0,0,0,0,0,16384,0,0,0,0,0,0,0,0,0,0,0,6960,473,0,0,0,0,0,51731969,0,157,0,3,470,6960,0,0,0,0,0,0,0,0,0,0,0,0,0,0,0,0,0,0,0,0,0,0,0,0,0,0,0,0,0,0,0,0,0,0,0,0,0,0,0,0,0,0,0,0,0,0,0,0,0,0,0,0,0,0,237002673,0,0,0,472569116,0,0,0,0,0,0,0,70829856,103947917,270635735,167946019328,65903091,0,0,0,0,0,0,0,0,0,0,0,0,0,0,0,0,0,0,0,0,0,0,0,0,0,0,0,0,0,0,0,57,0,0,0,0,0,0,0
1787688665.720,0,0,0,0,0,0,0,698575214,1698962000384,757228403712,0,0,0,0,0,0,0,0,0,0,0,0,0,0,0,0,0,0,0,0,0,0,0,0,0,0,0,0,0,0,0,0,0,0,0,0,0,0,0,0,0,0,0,0,0,0,0,0,0,0,0,0,0,0,0,0,0,0,0,0,7,1682930,103825316,33105299,0,0,0,0,0,0,0,0,0,0,0,0,0,0,0,0,0,0,0,0,0,0,0,0,0,0,0,0,0,0,0,0,0,0,0,0,0,12883329024,10688823296,786336,652394,33052739,0,0,96,786432,102966481,796294,280,3371175421,12884901888,0,671727052,0,0,0,0,0,0,0,0,0,0,0,0,0,0,0,0,0,0,17023488,116902025,0,468,1204,7863,623,34047260,35,0,0,0,0,0,0,0,1,0,0,0,0,0,0,0,0,0,0,22905019,0,33052213,269431,0,0,0,0,0,0,0,0,16384,0,0,0,0,0,0,0,0,0,0,0,6962,473,0,0,0,0,0,51747816,0,157,0,3,470,6962,0,0,0,0,0,0,0,0,0,0,0,0,0,0,0,0,0,0,0,0,0,0,0,0,0,0,0,0,0,0,0,0,0,0,0,0,0,0,0,0,0,0,0,0,0,0,0,0,0,0,0,0,0,0,237078934,0,0,0,472657326,0,0,0,0,0,0,0,70858945,104008792,270722127,167985910784,65930660,1,1,0,0,0,0,0,0,0,0,0,0,0,0,0,0,0,0,0,0,0,0,0,0,0,0,0,0,0,0,0,455,0,0,0,0,0,0,0
1787688666.799,0,0,0,0,0,0,0,698754819,1699951823360,757440683520,0,0,0,0,0,0,0,0,0,0,0,0,0,0,0,0,0,0,0,0,0,0,0,0,0,0,0,0,0,0,0,0,0,0,0,0,0,0,0,0,0,0,0,0,0,0,0,0,0,0,0,0,0,0,0,0,0,0,0,0,7,1682989,103885859,33115388,0,0,0,0,0,0,0,0,0,0,0,0,0,0,0,0,0,0,0,0,0,0,0,0,0,0,0,0,0,0,0,0,0,0,0,0,0,12883329024,10703273984,786336,653276,33062828,0,0,96,786432,103026975,796294,280,3372062184,12884901888,0,671844636,0,0,0,0,0,0,0,0,0,0,0,0,0,0,0,0,0,0,17028699,116907236,0,468,1204,7863,623,34057671,35,0,0,0,0,0,0,0,1,0,0,0,0,0,0,0,0,0,0,22911018,0,33062302,269513,0,0,0,0,0,0,0,0,16384,0,0,0,0,0,0,0,0,0,0,0,6963,473,0,0,0,0,0,51763655,0,157,0,3,470,6963,0,0,0,0,0,0,0,0,0,0,0,0,0,0,0,0,0,0,0,0,0,0,0,0,0,0,0,0,0,0,0,0,0,0,0,0,0,0,0,0,0,0,0,0,0,0,0,0,0,0,0,0,0,0,237156215,0,0,0,472745359,0,0,0,0,0,0,0,70887957,104069208,270809524,168026385408,65958188,1,1,0,0,0,0,0,0,0,0,0,0,0,0,0,0,0,0,0,0,0,0,0,0,0,0,0,0,0,0,0,861,0,0,0,0,0,0,0
1787688667.878,0,0,0,0,0,0,0,698934543,1700946872832,757653658112,0,0,0,0,0,0,0,0,0,0,0,0,0,0,0,0,0,0,0,0,0,0,0,0,0,0,0,0,0,0,0,0,0,0,0,0,0,0,0,0,0,0,0,0,0,0,0,0,0,0,0,0,0,0,0,0,0,0,0,0,7,1683041,103946725,33125524,0,0,0,0,0,0,0,0,0,0,0,0,0,0,0,0,0,0,0,0,0,0,0,0,0,0,0,0,0,0,0,0,0,0,0,0,0,12883312640,10717216768,786335,654127,33072964,0,0,96,786432,103087766,796294,280,3372952071,12884901888,0,671964558,0,0,0,0,0,0,0,0,0,0,0,0,0,0,0,0,0,0,17033906,116912444,0,468,1204,7863,623,34068089,35,0,0,0,0,0,0,0,1,0,0,0,0,0,0,0,0,0,0,22917018,0,33072438,269595,0,0,0,0,0,0,0,0,16384,0,0,0,0,0,0,0,0,0,0,0,6964,473,0,0,0,0,0,51779489,0,157,0,3,470,6964,0,0,0,0,0,0,0,0,0,0,0,0,0,0,0,0,0,0,0,0,0,0,0,0,0,0,0,0,0,0,0,0,0,0,0,0,0,0,0,0,0,0,0,0,0,0,0,0,0,0,0,0,0,0,237233780,0,0,0,472834564,0,0,0,0,0,0,0,70917290,104129940,270897248,168066867712,65986034,1,1,0,0,0,0,0,0,0,0,0,0,0,0,0,0,0,0,0,0,0,0,0,0,0,0,0,0,0,0,0,155,0,0,0,0,0,0,0
1787688668.956,0,0,0,0,0,0,0,699113657,1701937891840,757866152448,0,0,0,0,0,0,0,0,0,0,0,0,0,0,0,0,0,0,0,0,0,0,0,0,0,0,0,0,0,0,0,0,0,0,0,0,0,0,0,0,0,0,0,0,0,0,0,0,0,0,0,0,0,0,0,0,0,0,0,0,7,1683126,104007346,33135652,0,0,0,0,0,0,0,0,0,0,0,0,0,0,0,0,0,0,0,0,0,0,0,0,0,0,0,0,0,0,0,0,0,0,0,0,0,12883312640,10731192320,786336,654980,33083092,0,0,96,786432,103148308,796294,280,3373837117,12884901888,0,672081880,0,0,0,0,0,0,0,0,0,0,0,0,0,0,0,0,0,0,17039107,116917643,0,468,1204,7863,623,34078485,35,0,0,0,0,0,0,0,1,0,0,0,0,0,0,0,0,0,0,22923002,0,33082566,269677,0,0,0,0,0,0,0,0,16384,0,0,0,0,0,0,0,0,0,0,0,6965,473,0,0,0,0,0,51795281,0,157,0,3,470,6965,0,0,0,0,0,0,0,0,0,0,0,0,0,0,0,0,0,0,0,0,0,0,0,0,0,0,0,0,0,0,0,0,0,0,0,0,0,0,0,0,0,0,0,0,0,0,0,0,0,0,0,0,0,0,237310533,0,0,0,472922456,0,0,0,0,0,0,0,70946379,104190439,270984181,168106957312,66013699,1,0,0,0,0,0,0,0,0,0,0,0,0,0,0,0,0,0,0,0,0,0,0,0,0,0,0,0,0,0,0,447,0,0,0,0,0,0,0
1787688670.032,0,0,0,0,0,0,0,699294727,1702931532288,758079867392,0,0,0,0,0,0,0,0,0,0,0,0,0,0,0,0,0,0,0,0,0,0,0,0,0,0,0,0,0,0,0,0,0,0,0,0,0,0,0,0,0,0,0,0,0,0,0,0,0,0,0,0,0,0,0,0,0,0,0,0,7,1683149,104068125,33145816,0,0,0,0,0,0,0,0,0,0,0,0,0,0,0,0,0,0,0,0,0,0,0,0,0,0,0,0,0,0,0,0,0,0,0,0,0,12883329024,10745282560,786336,655840,33093256,0,0,96,786432,103209027,796294,280,3374731060,12884901888,0,672200572,0,0,0,0,0,0,0,0,0,0,0,0,0,0,0,0,0,0,17044349,116922885,0,468,1204,7863,623,34088970,35,0,0,0,0,0,0,0,1,0,0,0,0,0,0,0,0,0,0,22929032,0,33092730,269759,0,0,0,0,0,0,0,0,16384,0,0,0,0,0,0,0,0,0,0,0,6966,473,0,0,0,0,0,51811209,0,157,0,3,470,6966,0,0,0,0,0,0,0,0,0,0,0,0,0,0,0,0,0,0,0,0,0,0,0,0,0,0,0,0,0,0,0,0,0,0,0,0,0,0,0,0,0,0,0,0,0,0,0,0,0,0,0,0,0,0,237387865,0,0,0,473011190,0,0,0,0,0,0,0,70975838,104251088,271071706,168147472384,66041705,1,0,0,0,0,0,0,0,0,0,0,0,0,0,0,0,0,0,0,0,0,0,0,0,0,0,0,0,0,0,0,847,0,0,0,0,0,0,0
1787688671.112,0,0,0,0,0,0,0,699474691,1703927794176,758293368832,0,0,0,0,0,0,0,0,0,0,0,0,0,0,0,0,0,0,0,0,0,0,0,0,0,0,0,0,0,0,0,0,0,0,0,0,0,0,0,0,0,0,0,0,0,0,0,0,0,0,0,0,0,0,0,0,0,0,0,0,7,1683182,104129056,33155958,0,0,0,0,0,0,0,0,0,0,0,0,0,0,0,0,0,0,0,0,0,0,0,0,0,0,0,0,0,0,0,0,0,0,0,0,0,12883312640,10758193152,786335,656628,33103398,0,0,96,786432,103269887,796294,280,3375623459,12884901888,0,672320950,0,0,0,0,0,0,0,0,0,0,0,0,0,0,0,0,0,0,17049566,116928103,0,468,1204,7863,623,34099408,35,0,0,0,0,0,0,0,1,0,0,0,0,0,0,0,0,0,0,22935045,0,33102872,269841,0,0,0,0,0,0,0,0,16384,0,0,0,0,0,0,0,0,0,0,0,6967,473,0,0,0,0,0,51827091,0,157,0,3,470,6967,0,0,0,0,0,0,0,0,0,0,0,0,0,0,0,0,0,0,0,0,0,0,0,0,0,0,0,0,0,0,0,0,0,0,0,0,0,0,0,0,0,0,0,0,0,0,0,0,0,0,0,0,0,0,237465690,0,0,0,473100629,0,0,0,0,0,0,0,71005273,104311872,271159708,168188325888,66069610,0,1,0,0,0,0,0,0,0,0,0,0,0,0,0,0,0,0,0,0,0,0,0,0,0,0,0,0,0,0,0,46,0,0,0,0,0,0,0
1787688672.191,0,0,0,0,0,0,0,699646610,1704878852608,758521024512,0,0,0,0,0,0,0,0,0,0,0,0,0,0,0,0,0,0,0,0,0,0,0,0,0,0,0,0,0,0,0,0,0,0,0,0,0,0,0,0,0,0,0,0,0,0,0,0,0,0,0,0,0,0,0,0,0,0,0,0,7,1683205,104187208,33166841,0,0,0,0,0,0,0,0,0,0,0,0,0,0,0,0,0,0,0,0,0,0,0,0,0,0,0,0,0,0,0,0,0,0,0,0,0,12871139328,10749804544,785593,656116,33113510,745,0,96,786432,103327972,796294,280,3376472767,12884901888,0,672433582,0,0,0,0,0,0,0,0,0,0,0,0,0,0,0,0,0,0,17054555,116933092,0,468,1204,7863,623,34109383,35,0,0,0,0,0,0,0,1,0,0,0,0,0,0,0,0,0,0,22940790,0,33113752,269930,0,0,0,0,0,0,0,0,16384,0,0,0,0,0,0,0,0,0,0,0,6968,473,0,0,0,0,0,51842257,0,157,0,3,470,6968,0,0,0,0,0,0,0,0,0,0,0,0,0,0,0,0,0,0,0,0,0,0,0,0,0,0,0,0,0,0,0,0,0,0,0,0,0,0,0,0,0,0,0,0,0,0,0,0,0,0,0,0,0,0,237540762,0,0,0,473185117,0,0,0,0,0,0,0,71031317,104369925,271245963,168227615744,66094024,1,0,0,0,0,0,0,0,0,0,0,0,0,0,0,0,0,0,0,0,0,0,0,0,0,0,0,0,0,0,0,225,0,0,0,0,0,0,0
1787688673.269,0,0,0,0,0,0,0,699819028,1705829779968,758799067136,0,0,0,0,0,0,0,0,0,0,0,0,0,0,0,0,0,0,0,0,0,0,0,0,0,0,0,0,0,0,0,0,0,0,0,0,0,0,0,0,0,0,0,0,0,0,0,0,0,0,0,0,0,0,0,0,0,0,0,0,7,1683231,104245332,33181091,0,0,0,0,0,0,0,0,0,0,0,0,0,0,0,0,0,0,0,0,0,0,0,0,0,0,0,0,0,0,0,0,0,0,0,0,0,12883329024,10688397312,786336,652368,33123640,0,0,96,786432,103386012,796294,280,3377324677,12884901888,0,672547416,0,0,0,0,0,0,0,0,0,0,0,0,0,0,0,0,0,0,17059545,116938082,0,468,1204,7863,623,34119364,35,0,0,0,0,0,0,0,1,0,0,0,0,0,0,0,0,0,0,22946543,0,33127956,270045,0,0,0,0,0,0,0,0,16384,0,0,0,0,0,0,0,0,0,0,0,6969,473,0,0,0,0,0,51857419,0,157,0,3,470,6969,0,0,0,0,0,0,0,0,0,0,0,0,0,0,0,0,0,0,0,0,0,0,0,0,0,0,0,0,0,0,0,0,0,0,0,0,0,0,0,0,0,0,0,0,0,0,0,0,0,0,0,0,0,0,237615527,0,0,0,473269704,0,0,0,0,0,0,0,71058226,104427949,271334967,168266811904,66118839,0,0,0,0,0,0,0,0,0,0,0,0,0,0,0,0,0,0,0,0,0,0,0,0,0,0,0,0,0,0,0,407,0,0,0,0,0,0,0
1787688674.347,0,0,0,0,0,0,0,699994199,1706794568192,759076900352,0,0,0,0,0,0,0,0,0,0,0,0,0,0,0,0,0,0,0,0,0,0,0,0,0,0,0,0,0,0,0,0,0,0,0,0,0,0,0,0,0,0,0,0,0,0,0,0,0,0,0,0,0,0,0,0,0,0,0,0,7,1683260,104304352,33195373,0,0,0,0,0,0,0,0,0,0,0,0,0,0,0,0,0,0,0,0,0,0,0,0,0,0,0,0,0,0,0,0,0,0,0,0,0,12883329024,10631020544,786336,648866,33133764,0,0,97,786432,103444952,796294,280,3378189791,12884901888,0,672662125,0,0,0,0,0,0,0,0,0,0,0,0,0,0,0,0,0,0,17064630,116943167,0,468,1204,7863,623,34129530,35,0,0,0,0,0,0,0,1,0,0,0,0,0,0,0,0,0,0,22952397,0,33142287,270160,0,0,0,0,0,0,0,0,16384,0,0,0,0,0,0,0,0,0,0,0,6970,473,0,0,0,0,0,51872856,0,157,0,3,470,6970,0,0,0,0,0,0,0,0,0,0,0,0,0,0,0,0,0,0,0,0,0,0,0,0,0,0,0,0,0,0,0,0,0,0,0,0,0,0,0,0,0,0,0,0,0,0,0,0,0,0,0,0,0,0,237689860,0,0,0,473355764,0,0,0,0,0,0,0,71086672,104486854,271423567,168305718784,66145232,1,0,0,0,0,0,0,0,0,0,0,0,0,0,0,0,0,0,0,0,0,0,0,0,0,0,0,0,0,0,0,671,0,0,0,0,0,0,0
1787688675.424,0,0,0,0,0,0,0,700172537,1707778083328,759304957440,0,0,0,0,0,0,0,0,0,0,0,0,0,0,0,0,0,0,0,0,0,0,0,0,0,0,0,0,0,0,0,0,0,0,0,0,0,0,0,0,0,0,0,0,0,0,0,0,0,0,0,0,0,0,0,0,0,0,0,0,7,1683281,104364486,33206604,0,0,0,0,0,0,0,0,0,0,0,0,0,0,0,0,0,0,0,0,0,0,0,0,0,0,0,0,0,0,0,0,0,0,0,0,0,12883329024,10624221184,786336,648451,33154044,0,0,97,786432,103505004,796294,280,3379070360,12884901888,0,672778951,0,0,0,0,0,0,0,0,0,0,0,0,0,0,0,0,0,0,17069800,116948337,0,468,1204,7863,623,34139872,35,0,0,0,0,0,0,0,1,0,0,0,0,0,0,0,0,0,0,22958352,0,33153518,270251,0,0,0,0,0,0,0,0,16384,0,0,0,0,0,0,0,0,0,0,0,6971,473,0,0,0,0,0,51888576,0,157,0,3,470,6971,0,0,0,0,0,0,0,0,0,0,0,0,0,0,0,0,0,0,0,0,0,0,0,0,0,0,0,0,0,0,0,0,0,0,0,0,0,0,0,0,0,0,0,0,0,0,0,0,0,0,0,0,0,0,237765938,0,0,0,473443244,0,0,0,0,0,0,0,71116053,104546859,271510781,168345493504,66172867,1,0,0,0,0,0,0,0,0,0,0,0,0,0,0,0,0,0,0,0,0,0,0,0,0,0,0,0,0,0,0,1024,0,0,0,0,0,0,0
1787688676.499,0,0,0,0,0,0,0,700352481,1708770855424,759517139968,0,0,0,0,0,0,0,0,0,0,0,0,0,0,0,0,0,0,0,0,0,0,0,0,0,0,0,0,0,0,0,0,0,0,0,0,0,0,0,0,0,0,0,0,0,0,0,0,0,0,0,0,0,0,0,0,0,0,0,0,7,1683300,104425239,33216720,0,0,0,0,0,0,0,0,0,0,0,0,0,0,0,0,0,0,0,0,0,0,0,0,0,0,0,0,0,0,0,0,0,0,0,0,0,12883312640,10637279232,786335,649248,33164160,0,0,96,786432,103565690,796294,280,3379961776,12884901888,0,672898983,0,0,0,0,0,0,0,0,0,0,0,0,0,0,0,0,0,0,17075019,116953555,0,468,1204,7863,623,34150311,35,0,0,0,0,0,0,0,1,0,0,0,0,0,0,0,0,0,0,22964365,0,33163634,270333,0,0,0,0,0,0,0,0,16384,0,0,0,0,0,0,0,0,0,0,0,6972,473,0,0,0,0,0,51904432,0,157,0,3,470,6972,0,0,0,0,0,0,0,0,0,0,0,0,0,0,0,0,0,0,0,0,0,0,0,0,0,0,0,0,0,0,0,0,0,0,0,0,0,0,0,0,0,0,0,0,0,0,0,0,0,0,0,0,0,0,237841686,0,0,0,473532677,0,0,0,0,0,0,0,71144769,104607482,271596683,168385269760,66200081,1,0,0,0,0,0,0,0,0,0,0,0,0,0,0,0,0,0,0,0,0,0,0,0,0,0,0,0,0,0,0,235,0,0,0,0,0,0,0
1787688677.577,0,0,0,0,0,0,0,700532508,1709760694784,759728847872,0,0,0,0,0,0,0,0,0,0,0,0,0,0,0,0,0,0,0,0,0,0,0,0,0,0,0,0,0,0,0,0,0,0,0,0,0,0,0,0,0,0,0,0,0,0,0,0,0,0,0,0,0,0,0,0,0,0,0,0,7,1683329,104485780,33226781,0,0,0,0,0,0,0,0,0,0,0,0,0,0,0,0,0,0,0,0,0,0,0,0,0,0,0,0,0,0,0,0,0,0,0,0,0,12883329024,10650681344,786336,650066,33174221,0,0,97,786432,103626175,796294,280,3380850684,12884901888,0,673016941,0,0,0,0,0,0,0,0,0,0,0,0,0,0,0,0,0,0,17080233,116958770,0,468,1204,7863,623,34160741,35,0,0,0,0,0,0,0,1,0,0,0,0,0,0,0,0,0,0,22970367,0,33173695,270415,0,0,0,0,0,0,0,0,16384,0,0,0,0,0,0,0,0,0,0,0,6973,473,0,0,0,0,0,51920253,0,157,0,3,470,6973,0,0,0,0,0,0,0,0,0,0,0,0,0,0,0,0,0,0,0,0,0,0,0,0,0,0,0,0,0,0,0,0,0,0,0,0,0,0,0,0,0,0,0,0,0,0,0,0,0,0,0,0,0,0,237918415,0,0,0,473620947,0,0,0,0,0,0,0,71174103,104667903,271683494,168425500160,66227889,1,1,0,0,0,0,0,0,0,0,0,0,0,0,0,0,0,0,0,0,0,0,0,0,0,0,0,0,0,0,0,631,0,0,0,0,0,0,0
1787688678.652,0,0,0,0,0,0,0,700711895,1710755449344,759942084096,0,0,0,0,0,0,0,0,0,0,0,0,0,0,0,0,0,0,0,0,0,0,0,0,0,0,0,0,0,0,0,0,0,0,0,0,0,0,0,0,0,0,0,0,0,0,0,0,0,0,0,0,0,0,0,0,0,0,0,0,7,1683420,104546629,33236931,0,0,0,0,0,0,0,0,0,0,0,0,0,0,0,0,0,0,0,0,0,0,0,0,0,0,0,0,0,0,0,0,0,0,0,0,0,12883312640,10665934848,786336,650997,33184371,1,0,96,786432,103686959,796294,280,3381737027,12884901888,0,673134513,0,0,0,0,0,0,0,0,0,0,0,0,0,0,0,0,0,0,17085438,116963975,0,468,1204,7863,623,34171146,35,0,0,0,0,0,0,0,1,0,0,0,0,0,0,0,0,0,0,22976358,0,33183845,270497,0,0,0,0,0,0,0,0,16384,0,0,0,0,0,0,0,0,0,0,0,6974,473,0,0,0,0,0,51936103,0,157,0,3,470,6974,0,0,0,0,0,0,0,0,0,0,0,0,0,0,0,0,0,0,0,0,0,0,0,0,0,0,0,0,0,0,0,0,0,0,0,0,0,0,0,0,0,0,0,0,0,0,0,0,0,0,0,0,0,0,237995483,0,0,0,473708933,0,0,0,0,0,0,0,71203483,104728626,271770743,168465973248,66255711,1,1,0,0,0,0,0,0,0,0,0,0,0,0,0,0,0,0,0,0,0,0,0,0,0,0,0,0,0,0,0,1031,0,0,0,0,0,0,0
1787688679.730,0,0,0,0,0,0,0,700891933,1711747959296,760154683392,0,0,0,0,0,0,0,0,0,0,0,0,0,0,0,0,0,0,0,0,0,0,0,0,0,0,0,0,0,0,0,0,0,0,0,0,0,0,0,0,0,0,0,0,0,0,0,0,0,0,0,0,0,0,0,0,0,0,0,0,7,1683446,104607364,33247054,0,0,0,0,0,0,0,0,0,0,0,0,0,0,0,0,0,0,0,0,0,0,0,0,0,0,0,0,0,0,0,0,0,0,0,0,0,12883312640,10679615488,786335,651832,33194494,0,0,97,786432,103747613,796294,280,3382629405,12884901888,0,673254956,0,0,0,0,0,0,0,0,0,0,0,0,0,0,0,0,0,0,17090660,116969196,0,468,1204,7863,623,34181591,35,0,0,0,0,0,0,0,1,0,0,0,0,0,0,0,0,0,0,22982371,0,33193968,270579,0,0,0,0,0,0,0,0,16384,0,0,0,0,0,0,0,0,0,0,0,6976,473,0,0,0,0,0,51951982,0,157,0,3,470,6976,0,0,0,0,0,0,0,0,0,0,0,0,0,0,0,0,0,0,0,0,0,0,0,0,0,0,0,0,0,0,0,0,0,0,0,0,0,0,0,0,0,0,0,0,0,0,0,0,0,0,0,0,0,0,238072453,0,0,0,473798438,0,0,0,0,0,0,0,71232720,104789223,271857864,168506279936,66283502,1,0,0,0,0,0,0,0,0,0,0,0,0,0,0,0,0,0,0,0,0,0,0,0,0,0,0,0,0,0,0,240,0,0,0,0,0,0,0
1787688680.806,0,0,0,0,0,0,0,701073268,1712749808128,760367097856,0,0,0,0,0,0,0,0,0,0,0,0,0,0,0,0,0,0,0,0,0,0,0,0,0,0,0,0,0,0,0,0,0,0,0,0,0,0,0,0,0,0,0,0,0,0,0,0,0,0,0,0,0,0,0,0,0,0,0,0,7,1683523,104668672,33257146,0,0,0,0,0,0,0,0,0,0,0,0,0,0,0,0,0,0,0,0,0,0,0,0,0,0,0,0,0,0,0,0,0,0,0,0,0,12883312640,10696753152,786335,652878,33204586,1,0,96,786432,103808872,796294,280,3383524947,12884901888,0,673373798,0,0,0,0,0,0,0,0,0,0,0,0,0,0,0,0,0,0,17095917,116974451,0,468,1204,7863,623,34192109,35,0,0,0,0,0,0,0,1,0,0,0,0,0,0,0,0,0,0,22988411,0,33204060,270661,0,0,0,0,0,0,0,0,16384,0,0,0,0,0,0,0,0,0,0,0,6977,473,0,0,0,0,0,51967969,0,157,0,3,470,6977,0,0,0,0,0,0,0,0,0,0,0,0,0,0,0,0,0,0,0,0,0,0,0,0,0,0,0,0,0,0,0,0,0,0,0,0,0,0,0,0,0,0,0,0,0,0,0,0,0,0,0,0,0,0,238149634,0,0,0,473887292,0,0,0,0,0,0,0,71261778,104850381,271945177,168546711040,66311034,1,0,0,0,0,0,0,0,0,0,0,0,0,0,0,0,0,0,0,0,0,0,0,0,0,0,0,0,0,0,0,667,0,0,0,0,0,0,0
1787688681.885,0,0,0,0,0,0,0,701253848,1713745218048,760579608576,0,0,0,0,0,0,0,0,0,0,0,0,0,0,0,0,0,0,0,0,0,0,0,0,0,0,0,0,0,0,0,0,0,0,0,0,0,0,0,0,0,0,0,0,0,0,0,0,0,0,0,0,0,0,0,0,0,0,0,0,7,1683581,104729549,33267278,0,0,0,0,0,0,0,0,0,0,0,0,0,0,0,0,0,0,0,0,0,0,0,0,0,0,0,0,0,0,0,0,0,0,0,0,0,12883329024,10712432640,786335,653835,33214718,0,0,97,786432,103869679,796294,280,3384416345,12884901888,0,673491803,0,0,0,0,0,0,0,0,0,0,0,0,0,0,0,0,0,0,17101153,116979688,0,468,1204,7863,623,34202578,35,0,0,0,0,0,0,0,1,0,0,0,0,0,0,0,0,0,0,22994437,0,33214192,270743,0,0,0,0,0,0,0,0,16384,0,0,0,0,0,0,0,0,0,0,0,6978,473,0,0,0,0,0,51983919,0,157,0,3,470,6978,0,0,0,0,0,0,0,0,0,0,0,0,0,0,0,0,0,0,0,0,0,0,0,0,0,0,0,0,0,0,0,0,0,0,0,0,0,0,0,0,0,0,0,0,0,0,0,0,0,0,0,0,0,0,238226134,0,0,0,473975744,0,0,0,0,0,0,0,71291182,104911133,272031848,168586739712,66338903,0,1,0,0,0,0,0,0,0,0,0,0,0,0,0,0,0,0,0,0,0,0,0,0,0,0,0,0,0,0,0,1101,0,0,0,0,0,0,0
1787688682.965,0,0,0,0,0,0,0,701429448,1714709514752,760792488960,0,0,0,0,0,0,0,0,0,0,0,0,0,0,0,0,0,0,0,0,0,0,0,0,0,0,0,0,0,0,0,0,0,0,0,0,0,0,0,0,0,0,0,0,0,0,0,0,0,0,0,0,0,0,0,0,0,0,0,0,7,1683630,104788542,33277453,0,0,0,0,0,0,0,0,0,0,0,0,0,0,0,0,0,0,0,0,0,0,0,0,0,0,0,0,0,0,0,0,0,0,0,0,0,12883312640,10719608832,786336,654273,33224893,0,0,96,786432,103928597,796294,280,3385286771,12884901888,0,673609630,0,0,0,0,0,0,0,0,0,0,0,0,0,0,0,0,0,0,17106242,116984778,0,468,1204,7863,623,34212755,35,0,0,0,0,0,0,0,1,0,0,0,0,0,0,0,0,0,0,23000302,0,33224367,270825,0,0,0,0,0,0,0,0,16384,0,0,0,0,0,0,0,0,0,0,0,6979,473,0,0,0,0,0,51999368,0,157,0,3,470,6979,0,0,0,0,0,0,0,0,0,0,0,0,0,0,0,0,0,0,0,0,0,0,0,0,0,0,0,0,0,0,0,0,0,0,0,0,0,0,0,0,0,0,0,0,0,0,0,0,0,0,0,0,0,0,238302484,0,0,0,474063162,0,0,0,0,0,0,0,71318663,104969985,272118405,168626563584,66364843,1,0,0,0,0,0,0,0,0,0,0,0,0,0,0,0,0,0,0,0,0,0,0,0,0,0,0,0,0,0,0,167,0,0,0,0,0,0,0
1787688684.036,0,0,0,0,0,0,0,701601276,1715658689024,761003318784,0,0,0,0,0,0,0,0,0,0,0,0,0,0,0,0,0,0,0,0,0,0,0,0,0,0,0,0,0,0,0,0,0,0,0,0,0,0,0,0,0,0,0,0,0,0,0,0,0,0,0,0,0,0,0,0,0,0,0,0,7,1683702,104846606,33287564,0,0,0,0,0,0,0,0,0,0,0,0,0,0,0,0,0,0,0,0,0,0,0,0,0,0,0,0,0,0,0,0,0,0,0,0,0,12883296256,10726883328,786335,654717,33235004,0,0,97,786432,103986596,796294,280,3386136044,12884901888,0,673722558,0,0,0,0,0,0,0,0,0,0,0,0,0,0,0,0,0,0,17111228,116989763,0,468,1204,7863,623,34222727,35,0,0,0,0,0,0,0,1,0,0,0,0,0,0,0,0,0,0,23006040,0,33234478,270907,0,0,0,0,0,0,0,0,16384,0,0,0,0,0,0,0,0,0,0,0,6980,473,0,0,0,0,0,52014497,0,157,0,3,470,6980,0,0,0,0,0,0,0,0,0,0,0,0,0,0,0,0,0,0,0,0,0,0,0,0,0,0,0,0,0,0,0,0,0,0,0,0,0,0,0,0,0,0,0,0,0,0,0,0,0,0,0,0,0,0,238376788,0,0,0,474147543,0,0,0,0,0,0,0,71344471,105027938,272202866,168665447936,66389202,1,0,0,0,0,0,0,0,0,0,0,0,0,0,0,0,0,0,0,0,0,0,0,0,0,0,0,0,0,0,0,368,0,0,0,0,0,0,0
1787688685.115,0,0,0,0,0,0,0,701780583,1716654115328,761215685632,0,0,0,0,0,0,0,0,0,0,0,0,0,0,0,0,0,0,0,0,0,0,0,0,0,0,0,0,0,0,0,0,0,0,0,0,0,0,0,0,0,0,0,0,0,0,0,0,0,0,0,0,0,0,0,0,0,0,0,0,7,1683752,104907493,33297700,0,0,0,0,0,0,0,0,0,0,0,0,0,0,0,0,0,0,0,0,0,0,0,0,0,0,0,0,0,0,0,0,0,0,0,0,0,12883312640,10740350976,786335,655539,33245140,0,0,97,786432,104047410,796294,280,3387021889,12884901888,0,673839947,0,0,0,0,0,0,0,0,0,0,0,0,0,0,0,0,0,0,17116429,116994963,0,468,1204,7863,623,34233129,35,0,0,0,0,0,0,0,1,0,0,0,0,0,0,0,0,0,0,23012022,0,33244614,270989,0,0,0,0,0,0,0,0,16384,0,0,0,0,0,0,0,0,0,0,0,6981,473,0,0,0,0,0,52030298,0,157,0,3,470,6981,0,0,0,0,0,0,0,0,0,0,0,0,0,0,0,0,0,0,0,0,0,0,0,0,0,0,0,0,0,0,0,0,0,0,0,0,0,0,0,0,0,0,0,0,0,0,0,0,0,0,0,0,0,0,238452719,0,0,0,474235455,0,0,0,0,0,0,0,71373739,105088687,272288947,168705267200,66416947,1,0,0,0,0,0,0,0,0,0,0,0,0,0,0,0,0,0,0,0,0,0,0,0,0,0,0,0,0,0,0,756,0,0,0,0,0,0,0
1787688686.193,0,0,0,0,0,0,0,701959256,1717639825920,761439773184,0,0,0,0,0,0,0,0,0,0,0,0,0,0,0,0,0,0,0,0,0,0,0,0,0,0,0,0,0,0,0,0,0,0,0,0,0,0,0,0,0,0,0,0,0,0,0,0,0,0,0,0,0,0,0,0,0,0,0,0,7,1683843,104967780,33308564,0,0,0,0,0,0,0,0,0,0,0,0,0,0,0,0,0,0,0,0,0,0,0,0,0,0,0,0,0,0,0,0,0,0,0,0,0,12871712768,10740793344,785627,655566,33255236,709,0,96,786432,104107635,796294,280,3387904193,12884901888,0,673957069,0,0,0,0,0,0,0,0,0,0,0,0,0,0,0,0,0,0,17121603,117000138,0,468,1204,7863,623,34243480,35,0,0,0,0,0,0,0,1,0,0,0,0,0,0,0,0,0,0,23017975,0,33255478,271077,0,0,0,0,0,0,0,0,16384,0,0,0,0,0,0,0,0,0,0,0,6982,473,0,0,0,0,0,52046029,0,157,0,3,470,6982,0,0,0,0,0,0,0,0,0,0,0,0,0,0,0,0,0,0,0,0,0,0,0,0,0,0,0,0,0,0,0,0,0,0,0,0,0,0,0,0,0,0,0,0,0,0,0,0,0,0,0,0,0,0,238528574,0,0,0,474323074,0,0,0,0,0,0,0,71402635,105148879,272375701,168745089536,66444188,1,0,0,0,0,0,0,0,0,0,0,0,0,0,0,0,0,0,0,0,0,0,0,0,0,0,0,0,0,0,0,1140,0,0,0,0,0,0,0
1787688687.267,0,0,0,0,0,0,0,702134501,1718608988672,761720326144,0,0,0,0,0,0,0,0,0,0,0,0,0,0,0,0,0,0,0,0,0,0,0,0,0,0,0,0,0,0,0,0,0,0,0,0,0,0,0,0,0,0,0,0,0,0,0,0,0,0,0,0,0,0,0,0,0,0,0,0,7,1683860,105027055,33322827,0,0,0,0,0,0,0,0,0,0,0,0,0,0,0,0,0,0,0,0,0,0,0,0,0,0,0,0,0,0,0,0,0,0,0,0,0,12883329024,10681991168,786336,651977,33265374,0,0,96,786432,104166838,796294,280,3388773319,12884901888,0,674074793,0,0,0,0,0,0,0,0,0,0,0,0,0,0,0,0,0,0,17126681,117005217,0,468,1204,7863,623,34253635,35,0,0,0,0,0,0,0,1,0,0,0,0,0,0,0,0,0,0,23023828,0,33269693,271192,0,0,0,0,0,0,0,0,16384,0,0,0,0,0,0,0,0,0,0,0,6983,473,0,0,0,0,0,52061467,0,157,0,3,470,6983,0,0,0,0,0,0,0,0,0,0,0,0,0,0,0,0,0,0,0,0,0,0,0,0,0,0,0,0,0,0,0,0,0,0,0,0,0,0,0,0,0,0,0,0,0,0,0,0,0,0,0,0,0,0,238604381,0,0,0,474410222,0,0,0,0,0,0,0,71431284,105208034,272465861,168784904192,66470689,1,0,0,0,0,0,0,0,0,0,0,0,0,0,0,0,0,0,0,0,0,0,0,0,0,0,0,0,0,0,0,227,0,0,0,0,0,0,0
1787688688.342,0,0,0,0,0,0,0,702311249,1719587310080,762006055424,0,0,0,0,0,0,0,0,0,0,0,0,0,0,0,0,0,0,0,0,0,0,0,0,0,0,0,0,0,0,0,0,0,0,0,0,0,0,0,0,0,0,0,0,0,0,0,0,0,0,0,0,0,0,0,0,0,0,0,0,7,1683879,105086902,33337490,0,0,0,0,0,0,0,0,0,0,0,0,0,0,0,0,0,0,0,0,0,0,0,0,0,0,0,0,0,0,0,0,0,0,0,0,0,12883329024,10619682816,786336,648174,33275519,0,0,96,786432,104226628,796294,280,3389646534,12884901888,0,674190385,0,0,0,0,0,0,0,0,0,0,0,0,0,0,0,0,0,0,17131808,117010344,0,468,1204,7863,623,34263889,35,0,0,0,0,0,0,0,1,0,0,0,0,0,0,0,0,0,0,23029723,0,33284275,271309,0,0,0,0,0,0,0,0,16384,0,0,0,0,0,0,0,0,0,0,0,6984,473,0,0,0,0,0,52077051,0,157,0,3,470,6984,0,0,0,0,0,0,0,0,0,0,0,0,0,0,0,0,0,0,0,0,0,0,0,0,0,0,0,0,0,0,0,0,0,0,0,0,0,0,0,0,0,0,0,0,0,0,0,0,0,0,0,0,0,0,238680745,0,0,0,474496959,0,0,0,0,0,0,0,71460218,105267763,272556901,168824804352,66497501,1,0,0,0,0,0,0,0,0,0,0,0,0,0,0,0,0,0,0,0,0,0,0,0,0,0,0,0,0,0,0,545,0,0,0,0,0,0,0
1787688689.418,0,0,0,0,0,0,0,702490575,1720580491776,762229102080,0,0,0,0,0,0,0,0,0,0,0,0,0,0,0,0,0,0,0,0,0,0,0,0,0,0,0,0,0,0,0,0,0,0,0,0,0,0,0,0,0,0,0,0,0,0,0,0,0,0,0,0,0,0,0,0,0,0,0,0,7,1683898,105147642,33348310,0,0,0,0,0,0,0,0,0,0,0,0,0,0,0,0,0,0,0,0,0,0,0,0,0,0,0,0,0,0,0,0,0,0,0,0,0,12883312640,10622550016,786336,648349,33295750,0,0,96,786432,104287302,796294,280,3390532465,12884901888,0,674307770,0,0,0,0,0,0,0,0,0,0,0,0,0,0,0,0,0,0,17137010,117015546,0,468,1204,7863,623,34274292,35,0,0,0,0,0,0,0,1,0,0,0,0,0,0,0,0,0,0,23035707,0,33295224,271399,0,0,0,0,0,0,0,0,16384,0,0,0,0,0,0,0,0,0,0,0,6985,473,0,0,0,0,0,52092847,0,157,0,3,470,6985,0,0,0,0,0,0,0,0,0,0,0,0,0,0,0,0,0,0,0,0,0,0,0,0,0,0,0,0,0,0,0,0,0,0,0,0,0,0,0,0,0,0,0,0,0,0,0,0,0,0,0,0,0,0,238756663,0,0,0,474584867,0,0,0,0,0,0,0,71489293,105328382,272643646,168864388608,66524936,0,0,0,0,0,0,0,0,0,0,0,0,0,0,0,0,0,0,0,0,0,0,0,0,0,0,0,0,0,0,0,937,0,0,0,0,0,0,0
1787688690.497,0,0,0,0,0,0,0,702670881,1721573247488,762441918464,0,0,0,0,0,0,0,0,0,0,0,0,0,0,0,0,0,0,0,0,0,0,0,0,0,0,0,0,0,0,0,0,0,0,0,0,0,0,0,0,0,0,0,0,0,0,0,0,0,0,0,0,0,0,0,0,0,0,0,0,7,1683982,105208365,33358423,0,0,0,0,0,0,0,0,0,0,0,0,0,0,0,0,0,0,0,0,0,0,0,0,0,0,0,0,0,0,0,0,0,0,0,0,0,12883329024,10637672448,786336,649272,33305863,0,0,96,786432,104347955,796294,280,3391426068,12884901888,0,674428365,0,0,0,0,0,0,0,0,0,0,0,0,0,0,0,0,0,0,17142242,117020777,0,468,1204,7863,623,34284757,35,0,0,0,0,0,0,0,1,0,0,0,0,0,0,0,0,0,0,23041731,0,33305337,271481,0,0,0,0,0,0,0,0,16384,0,0,0,0,0,0,0,0,0,0,0,6986,473,0,0,0,0,0,52108771,0,157,0,3,470,6986,0,0,0,0,0,0,0,0,0,0,0,0,0,0,0,0,0,0,0,0,0,0,0,0,0,0,0,0,0,0,0,0,0,0,0,0,0,0,0,0,0,0,0,0,0,0,0,0,0,0,0,0,0,0,238834280,0,0,0,474674492,0,0,0,0,0,0,0,71518763,105388972,272731423,168904969216,66552864,0,0,0,0,0,0,0,0,0,0,0,0,0,0,0,0,0,0,0,0,0,0,0,0,0,0,0,0,0,0,0,160,0,0,0,0,0,0,0
1787688691.576,0,0,0,0,0,0,0,702850375,1722571344384,762653769216,0,0,0,0,0,0,0,0,0,0,0,0,0,0,0,0,0,0,0,0,0,0,0,0,0,0,0,0,0,0,0,0,0,0,0,0,0,0,0,0,0,0,0,0,0,0,0,0,0,0,0,0,0,0,0,0,0,0,0,0,7,1684000,105269428,33368544,0,0,0,0,0,0,0,0,0,0,0,0,0,0,0,0,0,0,0,0,0,0,0,0,0,0,0,0,0,0,0,0,0,0,0,0,0,12883329024,10652270592,786336,650163,33315984,0,0,96,786432,104408957,796294,280,3392313486,12884901888,0,674545999,0,0,0,0,0,0,0,0,0,0,0,0,0,0,0,0,0,0,17147446,117025979,0,468,1204,7863,623,34295166,35,0,0,0,0,0,0,0,1,0,0,0,0,0,0,0,0,0,0,23047714,0,33315458,271563,0,0,0,0,0,0,0,0,16384,0,0,0,0,0,0,0,0,0,0,0,6987,473,0,0,0,0,0,52124581,0,157,0,3,470,6987,0,0,0,0,0,0,0,0,0,0,0,0,0,0,0,0,0,0,0,0,0,0,0,0,0,0,0,0,0,0,0,0,0,0,0,0,0,0,0,0,0,0,0,0,0,0,0,0,0,0,0,0,0,0,238910226,0,0,0,474762503,0,0,0,0,0,0,0,71548144,105449897,272817513,168944708096,66580703,1,0,0,0,0,0,0,0,0,0,0,0,0,0,0,0,0,0,0,0,0,0,0,0,0,0,0,0,0,0,0,562,0,0,0,0,0,0,0
1787688692.655,0,0,0,0,0,0,0,703029953,1723566901760,762866533888,0,0,0,0,0,0,0,0,0,0,0,0,0,0,0,0,0,0,0,0,0,0,0,0,0,0,0,0,0,0,0,0,0,0,0,0,0,0,0,0,0,0,0,0,0,0,0,0,0,0,0,0,0,0,0,0,0,0,0,0,7,1684099,105330303,33378691,0,0,0,0,0,0,0,0,0,0,0,0,0,0,0,0,0,0,0,0,0,0,0,0,0,0,0,0,0,0,0,0,0,0,0,0,0,12883329024,10668179456,786336,651134,33326131,0,0,96,786432,104469773,796294,280,3393201296,12884901888,0,674663637,0,0,0,0,0,0,0,0,0,0,0,0,0,0,0,0,0,0,17152654,117031187,0,468,1204,7863,623,34305588,35,0,0,0,0,0,0,0,1,0,0,0,0,0,0,0,0,0,0,23053704,0,33325605,271645,0,0,0,0,0,0,0,0,16384,0,0,0,0,0,0,0,0,0,0,0,6988,473,0,0,0,0,0,52140459,0,157,0,3,470,6988,0,0,0,0,0,0,0,0,0,0,0,0,0,0,0,0,0,0,0,0,0,0,0,0,0,0,0,0,0,0,0,0,0,0,0,0,0,0,0,0,0,0,0,0,0,0,0,0,0,0,0,0,0,0,238986356,0,0,0,474850624,0,0,0,0,0,0,0,71577165,105510648,272903803,168984808448,66608206,0,1,0,0,0,0,0,0,0,0,0,0,0,0,0,0,0,0,0,0,0,0,0,0,0,0,0,0,0,0,0,943,0,0,0,0,0,0,0
1787688693.735,0,0,0,0,0,0,0,703209266,1724555643392,763079737344,0,0,0,0,0,0,0,0,0,0,0,0,0,0,0,0,0,0,0,0,0,0,0,0,0,0,0,0,0,0,0,0,0,0,0,0,0,0,0,0,0,0,0,0,0,0,0,0,0,0,0,0,0,0,0,0,0,0,0,0,7,1684125,105390799,33388835,0,0,0,0,0,0,0,0,0,0,0,0,0,0,0,0,0,0,0,0,0,0,0,0,0,0,0,0,0,0,0,0,0,0,0,0,0,12883329024,10682990592,786336,652038,33336275,0,0,96,786432,104530191,796294,280,3394090355,12884901888,0,674783838,0,0,0,0,0,0,0,0,0,0,0,0,0,0,0,0,0,0,17157856,117036390,0,468,1204,7863,623,34315987,35,0,0,0,0,0,0,0,1,0,0,0,0,0,0,0,0,0,0,23059695,0,33335749,271727,0,0,0,0,0,0,0,0,16384,0,0,0,0,0,0,0,0,0,0,0,6990,473,0,0,0,0,0,52156284,0,157,0,3,470,6990,0,0,0,0,0,0,0,0,0,0,0,0,0,0,0,0,0,0,0,0,0,0,0,0,0,0,0,0,0,0,0,0,0,0,0,0,0,0,0,0,0,0,0,0,0,0,0,0,0,0,0,0,0,0,239063349,0,0,0,474939756,0,0,0,0,0,0,0,71605862,105571012,272990971,169025128448,66635419,1,1,0,0,0,0,0,0,0,0,0,0,0,0,0,0,0,0,0,0,0,0,0,0,0,0,0,0,0,0,0,146,0,0,0,0,0,0,0
1787688694.814,0,0,0,0,0,0,0,703387808,1725546121728,763291095040,0,0,0,0,0,0,0,0,0,0,0,0,0,0,0,0,0,0,0,0,0,0,0,0,0,0,0,0,0,0,0,0,0,0,0,0,0,0,0,0,0,0,0,0,0,0,0,0,0,0,0,0,0,0,0,0,0,0,0,0,7,1684213,105451383,33398902,0,0,0,0,0,0,0,0,0,0,0,0,0,0,0,0,0,0,0,0,0,0,0,0,0,0,0,0,0,0,0,0,0,0,0,0,0,12883329024,10696278016,786336,652849,33346342,0,0,96,786432,104590696,796294,280,3394971457,12884901888,0,674900547,0,0,0,0,0,0,0,0,0,0,0,0,0,0,0,0,0,0,17163032,117041566,0,468,1204,7863,623,34326338,35,0,0,0,0,0,0,0,1,0,0,0,0,0,0,0,0,0,0,23065642,0,33345816,271809,0,0,0,0,0,0,0,0,16384,0,0,0,0,0,0,0,0,0,0,0,6991,473,0,0,0,0,0,52172018,0,157,0,3,470,6991,0,0,0,0,0,0,0,0,0,0,0,0,0,0,0,0,0,0,0,0,0,0,0,0,0,0,0,0,0,0,0,0,0,0,0,0,0,0,0,0,0,0,0,0,0,0,0,0,0,0,0,0,0,0,239139116,0,0,0,475027290,0,0,0,0,0,0,0,71634764,105631456,273076836,169064929280,66662826,1,0,0,0,0,0,0,0,0,0,0,0,0,0,0,0,0,0,0,0,0,0,0,0,0,0,0,0,0,0,0,500,0,0,0,0,0,0,0
1787688695.890,0,0,0,0,0,0,0,703569193,1726557260288,763503984128,0,0,0,0,0,0,0,0,0,0,0,0,0,0,0,0,0,0,0,0,0,0,0,0,0,0,0,0,0,0,0,0,0,0,0,0,0,0,0,0,0,0,0,0,0,0,0,0,0,0,0,0,0,0,0,0,0,0,0,0,7,1684239,105513221,33409023,0,0,0,0,0,0,0,0,0,0,0,0,0,0,0,0,0,0,0,0,0,0,0,0,0,0,0,0,0,0,0,0,0,0,0,0,0,12883329024,10710958080,786336,653745,33356463,0,0,96,786432,104652464,796294,280,3395867033,12884901888,0,675019011,0,0,0,0,0,0,0,0,0,0,0,0,0,0,0,0,0,0,17168285,117046819,0,468,1204,7863,623,34336842,35,0,0,0,0,0,0,0,1,0,0,0,0,0,0,0,0,0,0,23071686,0,33355937,271891,0,0,0,0,0,0,0,0,16384,0,0,0,0,0,0,0,0,0,0,0,6992,473,0,0,0,0,0,52188002,0,157,0,3,470,6992,0,0,0,0,0,0,0,0,0,0,0,0,0,0,0,0,0,0,0,0,0,0,0,0,0,0,0,0,0,0,0,0,0,0,0,0,0,0,0,0,0,0,0,0,0,0,0,0,0,0,0,0,0,0,239216711,0,0,0,475116112,0,0,0,0,0,0,0,71664273,105693174,273164591,169105472512,66690818,1,0,0,0,0,0,0,0,0,0,0,0,0,0,0,0,0,0,0,0,0,0,0,0,0,0,0,0,0,0,0,946,0,0,0,0,0,0,0
1787688696.970,0,0,0,0,0,0,0,703748666,1727554521600,763717031424,0,0,0,0,0,0,0,0,0,0,0,0,0,0,0,0,0,0,0,0,0,0,0,0,0,0,0,0,0,0,0,0,0,0,0,0,0,0,0,0,0,0,0,0,0,0,0,0,0,0,0,0,0,0,0,0,0,0,0,0,7,1684264,105574218,33419173,0,0,0,0,0,0,0,0,0,0,0,0,0,0,0,0,0,0,0,0,0,0,0,0,0,0,0,0,0,0,0,0,0,0,0,0,0,12883329024,10723819520,786336,654530,33366613,0,0,96,786432,104713391,796294,280,3396757065,12884901888,0,675139562,0,0,0,0,0,0,0,0,0,0,0,0,0,0,0,0,0,0,17173487,117052020,0,468,1204,7863,623,34347244,35,0,0,0,0,0,0,0,1,0,0,0,0,0,0,0,0,0,0,23077682,0,33366087,271973,0,0,0,0,0,0,0,0,16384,0,0,0,0,0,0,0,0,0,0,0,6993,473,0,0,0,0,0,52203837,0,157,0,3,470,6993,0,0,0,0,0,0,0,0,0,0,0,0,0,0,0,0,0,0,0,0,0,0,0,0,0,0,0,0,0,0,0,0,0,0,0,0,0,0,0,0,0,0,0,0,0,0,0,0,0,0,0,0,0,0,239293559,0,0,0,475205282,0,0,0,0,0,0,0,71693449,105754011,273251624,169145748480,66718491,0,0,0,0,0,0,0,0,0,0,0,0,0,0,0,0,0,0,0,0,0,0,0,0,0,0,0,0,0,0,0,139,0,0,0,0,0,0,0
1787688698.046,0,0,0,0,0,0,0,703927103,1728539740672,763929580032,0,0,0,0,0,0,0,0,0,0,0,0,0,0,0,0,0,0,0,0,0,0,0,0,0,0,0,0,0,0,0,0,0,0,0,0,0,0,0,0,0,0,0,0,0,0,0,0,0,0,0,0,0,0,0,0,0,0,0,0,7,1684279,105634485,33429335,0,0,0,0,0,0,0,0,0,0,0,0,0,0,0,0,0,0,0,0,0,0,0,0,0,0,0,0,0,0,0,0,0,0,0,0,0,12883329024,10734436352,786336,655178,33376775,0,0,96,786432,104773587,796294,280,3397638207,12884901888,0,675256137,0,0,0,0,0,0,0,0,0,0,0,0,0,0,0,0,0,0,17178662,117057196,0,468,1204,7863,623,34357598,35,0,0,0,0,0,0,0,1,0,0,0,0,0,0,0,0,0,0,23083643,0,33376249,272055,0,0,0,0,0,0,0,0,16384,0,0,0,0,0,0,0,0,0,0,0,6994,473,0,0,0,0,0,52219561,0,157,0,3,470,6994,0,0,0,0,0,0,0,0,0,0,0,0,0,0,0,0,0,0,0,0,0,0,0,0,0,0,0,0,0,0,0,0,0,0,0,0,0,0,0,0,0,0,0,0,0,0,0,0,0,0,0,0,0,0,239369823,0,0,0,475292851,0,0,0,0,0,0,0,71721539,105814147,273338060,169185591808,66745116,0,0,0,0,0,0,0,0,0,0,0,0,0,0,0,0,0,0,0,0,0,0,0,0,0,0,0,0,0,0,0,523,0,0,0,0,0,0,0
1787688699.124,0,0,0,0,0,0,0,704100004,1729500088832,764141768704,0,0,0,0,0,0,0,0,0,0,0,0,0,0,0,0,0,0,0,0,0,0,0,0,0,0,0,0,0,0,0,0,0,0,0,0,0,0,0,0,0,0,0,0,0,0,0,0,0,0,0,0,0,0,0,0,0,0,0,0,7,1684297,105693231,33439510,0,0,0,0,0,0,0,0,0,0,0,0,0,0,0,0,0,0,0,0,0,0,0,0,0,0,0,0,0,0,0,0,0,0,0,0,0,12883296256,10741399552,786334,655603,33386950,0,0,97,786432,104832267,796294,280,3398492840,12884901888,0,675369263,0,0,0,0,0,0,0,0,0,0,0,0,0,0,0,0,0,0,17183681,117062211,0,468,1204,7863,623,34367636,35,0,0,0,0,0,0,0,1,0,0,0,0,0,0,0,0,0,0,23089420,0,33386424,272137,0,0,0,0,0,0,0,0,16384,0,0,0,0,0,0,0,0,0,0,0,6995,473,0,0,0,0,0,52234820,0,157,0,3,470,6995,0,0,0,0,0,0,0,0,0,0,0,0,0,0,0,0,0,0,0,0,0,0,0,0,0,0,0,0,0,0,0,0,0,0,0,0,0,0,0,0,0,0,0,0,0,0,0,0,0,0,0,0,0,0,239444832,0,0,0,475377765,0,0,0,0,0,0,0,71748047,105872754,273423265,169224863744,66770097,1,1,0,0,0,0,0,0,0,0,0,0,0,0,0,0,0,0,0,0,0,0,0,0,0,0,0,0,0,0,0,745,0,0,0,0,0,0,0
1787688700.205,0,0,0,0,0,0,0,704274283,1730461207040,764378591232,0,0,0,0,0,0,0,0,0,0,0,0,0,0,0,0,0,0,0,0,0,0,0,0,0,0,0,0,0,0,0,0,0,0,0,0,0,0,0,0,0,0,0,0,0,0,0,0,0,0,0,0,0,0,0,0,0,0,0,0,7,1684319,105752045,33450961,0,0,0,0,0,0,0,0,0,0,0,0,0,0,0,0,0,0,0,0,0,0,0,0,0,0,0,0,0,0,0,0,0,0,0,0,0,12869779456,10728341504,785509,654806,33397050,825,0,96,786432,104891022,796294,280,3399353073,12884901888,0,675483319,0,0,0,0,0,0,0,0,0,0,0,0,0,0,0,0,0,0,17188737,117067269,0,468,1204,7863,623,34377747,35,0,0,0,0,0,0,0,1,0,0,0,0,0,0,0,0,0,0,23095246,0,33397875,272233,0,0,0,0,0,0,0,0,16384,0,0,0,0,0,0,0,0,0,0,0,6996,473,0,0,0,0,0,52250193,0,157,0,3,470,6996,0,0,0,0,0,0,0,0,0,0,0,0,0,0,0,0,0,0,0,0,0,0,0,0,0,0,0,0,0,0,0,0,0,0,0,0,0,0,0,0,0,0,0,0,0,0,0,0,0,0,0,0,0,0,239519860,0,0,0,475463357,0,0,0,0,0,0,0,71775832,105931458,273510047,169264004608,66796171,0,0,0,0,0,0,0,0,0,0,0,0,0,0,0,0,0,0,0,0,0,0,0,0,0,0,0,0,0,0,0,1024,0,0,0,0,0,0,0
1787688701.284,0,0,0,0,0,0,0,704448371,1731421112832,764661668352,0,0,0,0,0,0,0,0,0,0,0,0,0,0,0,0,0,0,0,0,0,0,0,0,0,0,0,0,0,0,0,0,0,0,0,0,0,0,0,0,0,0,0,0,0,0,0,0,0,0,0,0,0,0,0,0,0,0,0,0,7,1684351,105810760,33465585,0,0,0,0,0,0,0,0,0,0,0,0,0,0,0,0,0,0,0,0,0,0,0,0,0,0,0,0,0,0,0,0,0,0,0,0,0,12883329024,10662936576,786336,650814,33407163,0,0,96,786432,104949662,796294,280,3400216275,12884901888,0,675600665,0,0,0,0,0,0,0,0,0,0,0,0,0,0,0,0,0,0,17193773,117072307,0,468,1204,7863,623,34387825,35,0,0,0,0,0,0,0,1,0,0,0,0,0,0,0,0,0,0,23101050,0,33412546,272348,0,0,0,0,0,0,0,0,16384,0,0,0,0,0,0,0,0,0,0,0,6997,473,0,0,0,0,0,52265523,0,157,0,3,470,6997,0,0,0,0,0,0,0,0,0,0,0,0,0,0,0,0,0,0,0,0,0,0,0,0,0,0,0,0,0,0,0,0,0,0,0,0,0,0,0,0,0,0,0,0,0,0,0,0,0,0,0,0,0,0,239596843,0,0,0,475549947,0,0,0,0,0,0,0,71804312,105990056,273601505,169304263168,66822505,0,0,0,0,0,0,0,0,0,0,0,0,0,0,0,0,0,0,0,0,0,0,0,0,0,0,0,0,0,0,0,61,0,0,0,0,0,0,0
1787688702.361,0,0,0,0,0,0,0,704622818,1732388178432,764940378112,0,0,0,0,0,0,0,0,0,0,0,0,0,0,0,0,0,0,0,0,0,0,0,0,0,0,0,0,0,0,0,0,0,0,0,0,0,0,0,0,0,0,0,0,0,0,0,0,0,0,0,0,0,0,0,0,0,0,0,0,7,1684379,105869929,33479895,0,0,0,0,0,0,0,0,0,0,0,0,0,0,0,0,0,0,0,0,0,0,0,0,0,0,0,0,0,0,0,0,0,0,0,0,0,12883329024,10603364352,786336,647178,33417346,0,0,96,786432,105008764,796294,280,3401078205,12884901888,0,675714998,0,0,0,0,0,0,0,0,0,0,0,0,0,0,0,0,0,0,17198830,117077364,0,468,1204,7863,623,34397939,35,0,0,0,0,0,0,0,1,0,0,0,0,0,0,0,0,0,0,23106879,0,33426809,272463,0,0,0,0,0,0,0,0,16384,0,0,0,0,0,0,0,0,0,0,0,6998,473,0,0,0,0,0,52280871,0,157,0,3,470,6998,0,0,0,0,0,0,0,0,0,0,0,0,0,0,0,0,0,0,0,0,0,0,0,0,0,0,0,0,0,0,0,0,0,0,0,0,0,0,0,0,0,0,0,0,0,0,0,0,0,0,0,0,0,0,239671878,0,0,0,475635592,0,0,0,0,0,0,0,71833129,106049098,273690821,169343450624,66849182,1,1,0,0,0,0,0,0,0,0,0,0,0,0,0,0,0,0,0,0,0,0,0,0,0,0,0,0,0,0,0,321,0,0,0,0,0,0,0
1787688703.435,0,0,0,0,0,0,0,704803174,1733382425088,765154256896,0,0,0,0,0,0,0,0,0,0,0,0,0,0,0,0,0,0,0,0,0,0,0,0,0,0,0,0,0,0,0,0,0,0,0,0,0,0,0,0,0,0,0,0,0,0,0,0,0,0,0,0,0,0,0,0,0,0,0,0,7,1684402,105930749,33490103,0,0,0,0,0,0,0,0,0,0,0,0,0,0,0,0,0,0,0,0,0,0,0,0,0,0,0,0,0,0,0,0,0,0,0,0,0,12883329024,10614833152,786336,647878,33437543,0,0,97,786432,105069513,796294,280,3401968359,12884901888,0,675832419,0,0,0,0,0,0,0,0,0,0,0,0,0,0,0,0,0,0,17204071,117082606,0,468,1204,7863,623,34408419,35,0,0,0,0,0,0,0,1,0,0,0,0,0,0,0,0,0,0,23112910,0,33437017,272547,0,0,0,0,0,0,0,0,16384,0,0,0,0,0,0,0,0,0,0,0,6999,473,0,0,0,0,0,52296782,0,157,0,3,470,6999,0,0,0,0,0,0,0,0,0,0,0,0,0,0,0,0,0,0,0,0,0,0,0,0,0,0,0,0,0,0,0,0,0,0,0,0,0,0,0,0,0,0,0,0,0,0,0,0,0,0,0,0,0,0,239749569,0,0,0,475724049,0,0,0,0,0,0,0,71862293,106109767,273778720,169384120320,66876802,1,0,0,0,0,0,0,0,0,0,0,0,0,0,0,0,0,0,0,0,0,0,0,0,0,0,0,0,0,0,0,757,0,0,0,0,0,0,0
1787688704.510,0,0,0,0,0,0,0,704984680,1734380046848,765366570496,0,0,0,0,0,0,0,0,0,0,0,0,0,0,0,0,0,0,0,0,0,0,0,0,0,0,0,0,0,0,0,0,0,0,0,0,0,0,0,0,0,0,0,0,0,0,0,0,0,0,0,0,0,0,0,0,0,0,0,0,7,1684429,105991787,33500162,0,0,0,0,0,0,0,0,0,0,0,0,0,0,0,0,0,0,0,0,0,0,0,0,0,0,0,0,0,0,0,0,0,0,0,0,0,12883329024,10630578176,786336,648839,33447602,0,0,97,786432,105130491,796294,280,3402863838,12884901888,0,675951140,0,0,0,0,0,0,0,0,0,0,0,0,0,0,0,0,0,0,17209327,117087861,0,468,1204,7863,623,34418927,35,0,0,0,0,0,0,0,1,0,0,0,0,0,0,0,0,0,0,23118952,0,33447076,272627,0,0,0,0,0,0,0,0,16384,0,0,0,0,0,0,0,0,0,0,0,7000,473,0,0,0,0,0,52312763,0,157,0,3,470,7000,0,0,0,0,0,0,0,0,0,0,0,0,0,0,0,0,0,0,0,0,0,0,0,0,0,0,0,0,0,0,0,0,0,0,0,0,0,0,0,0,0,0,0,0,0,0,0,0,0,0,0,0,0,0,239827474,0,0,0,475812905,0,0,0,0,0,0,0,71891863,106170669,273866711,169424999424,66904912,0,0,0,0,0,0,0,0,0,0,0,0,0,0,0,0,0,0,0,0,0,0,0,0,0,0,0,0,0,0,0,1214,0,0,0,0,0,0,0
1787688705.589,0,0,0,0,0,0,0,705163214,1735372081664,765578295808,0,0,0,0,0,0,0,0,0,0,0,0,0,0,0,0,0,0,0,0,0,0,0,0,0,0,0,0,0,0,0,0,0,0,0,0,0,0,0,0,0,0,0,0,0,0,0,0,0,0,0,0,0,0,0,0,0,0,0,0,7,1684514,106052470,33510215,0,0,0,0,0,0,0,0,0,0,0,0,0,0,0,0,0,0,0,0,0,0,0,0,0,0,0,0,0,0,0,0,0,0,0,0,0,12883312640,10647535616,786335,649874,33457655,0,0,96,786432,105191119,796294,280,3403749198,12884901888,0,676070859,0,0,0,0,0,0,0,0,0,0,0,0,0,0,0,0,0,0,17214503,117093038,0,468,1204,7863,623,34429280,35,0,0,0,0,0,0,0,1,0,0,0,0,0,0,0,0,0,0,23124915,0,33457129,272707,0,0,0,0,0,0,0,0,16384,0,0,0,0,0,0,0,0,0,0,0,7001,473,0,0,0,0,0,52328511,0,157,0,3,470,7001,0,0,0,0,0,0,0,0,0,0,0,0,0,0,0,0,0,0,0,0,0,0,0,0,0,0,0,0,0,0,0,0,0,0,0,0,0,0,0,0,0,0,0,0,0,0,0,0,0,0,0,0,0,0,239904923,0,0,0,475901573,0,0,0,0,0,0,0,71921200,106231208,273954240,169465571840,66932805,1,1,0,0,0,0,0,0,0,0,0,0,0,0,0,0,0,0,0,0,0,0,0,0,0,0,0,0,0,0,0,379,0,0,0,0,0,0,0
1787688706.662,0,0,0,0,0,0,0,705341880,1736358840832,765790862848,0,0,0,0,0,0,0,0,0,0,0,0,0,0,0,0,0,0,0,0,0,0,0,0,0,0,0,0,0,0,0,0,0,0,0,0,0,0,0,0,0,0,0,0,0,0,0,0,0,0,0,0,0,0,0,0,0,0,0,0,7,1684534,106112831,33520333,0,0,0,0,0,0,0,0,0,0,0,0,0,0,0,0,0,0,0,0,0,0,0,0,0,0,0,0,0,0,0,0,0,0,0,0,0,12883296256,10661969920,786336,650755,33467773,0,0,96,786432,105251416,796294,280,3404632133,12884901888,0,676187997,0,0,0,0,0,0,0,0,0,0,0,0,0,0,0,0,0,0,17219688,117098223,0,468,1204,7863,623,34439653,35,0,0,0,0,0,0,0,1,0,0,0,0,0,0,0,0,0,0,23130882,0,33467247,272789,0,0,0,0,0,0,0,0,16384,0,0,0,0,0,0,0,0,0,0,0,7002,473,0,0,0,0,0,52344253,0,157,0,3,470,7002,0,0,0,0,0,0,0,0,0,0,0,0,0,0,0,0,0,0,0,0,0,0,0,0,0,0,0,0,0,0,0,0,0,0,0,0,0,0,0,0,0,0,0,0,0,0,0,0,0,0,0,0,0,0,239981859,0,0,0,475989257,0,0,0,0,0,0,0,71950134,106291439,274041311,169505910784,66960376,1,0,0,0,0,0,0,0,0,0,0,0,0,0,0,0,0,0,0,0,0,0,0,0,0,0,0,0,0,0,0,749,0,0,0,0,0,0,0
1787688707.736,0,0,0,0,0,0,0,705521791,1737351825920,766003272704,0,0,0,0,0,0,0,0,0,0,0,0,0,0,0,0,0,0,0,0,0,0,0,0,0,0,0,0,0,0,0,0,0,0,0,0,0,0,0,0,0,0,0,0,0,0,0,0,0,0,0,0,0,0,0,0,0,0,0,0,7,1684562,106173573,33530443,0,0,0,0,0,0,0,0,0,0,0,0,0,0,0,0,0,0,0,0,0,0,0,0,0,0,0,0,0,0,0,0,0,0,0,0,0,12883279872,10677354496,786333,651694,33477883,0,0,99,786432,105312093,796294,280,3405520221,12884901888,0,676305317,0,0,0,0,0,0,0,0,0,0,0,0,0,0,0,0,0,0,17224904,117103440,0,468,1204,7863,623,34450084,35,0,0,0,0,0,0,0,1,0,0,0,0,0,0,0,0,0,0,23136893,0,33477357,272871,0,0,0,0,0,0,0,0,16384,0,0,0,0,0,0,0,0,0,0,0,7004,473,0,0,0,0,0,52360101,0,157,0,3,470,7004,0,0,0,0,0,0,0,0,0,0,0,0,0,0,0,0,0,0,0,0,0,0,0,0,0,0,0,0,0,0,0,0,0,0,0,0,0,0,0,0,0,0,0,0,0,0,0,0,0,0,0,0,0,0,240059097,0,0,0,476077493,0,0,0,0,0,0,0,71979431,106352064,274128687,169546329600,66988140,1,0,0,0,0,0,0,0,0,0,0,0,0,0,0,0,0,0,0,0,0,0,0,0,0,0,0,0,0,0,0,1155,0,0,0,0,0,0,0
1787688708.813,0,0,0,0,0,0,0,705701738,1738346269184,766216634368,0,0,0,0,0,0,0,0,0,0,0,0,0,0,0,0,0,0,0,0,0,0,0,0,0,0,0,0,0,0,0,0,0,0,0,0,0,0,0,0,0,0,0,0,0,0,0,0,0,0,0,0,0,0,0,0,0,0,0,0,7,1684583,106234390,33540576,0,0,0,0,0,0,0,0,0,0,0,0,0,0,0,0,0,0,0,0,0,0,0,0,0,0,0,0,0,0,0,0,0,0,0,0,0,12883312640,10689609728,786335,652442,33488016,0,0,97,786432,105372844,796294,280,3406411964,12884901888,0,676425634,0,0,0,0,0,0,0,0,0,0,0,0,0,0,0,0,0,0,17230127,117108663,0,468,1204,7863,623,34460533,35,0,0,0,0,0,0,0,1,0,0,0,0,0,0,0,0,0,0,23142911,0,33487490,272953,0,0,0,0,0,0,0,0,16384,0,0,0,0,0,0,0,0,0,0,0,7005,473,0,0,0,0,0,52375975,0,157,0,3,470,7005,0,0,0,0,0,0,0,0,0,0,0,0,0,0,0,0,0,0,0,0,0,0,0,0,0,0,0,0,0,0,0,0,0,0,0,0,0,0,0,0,0,0,0,0,0,0,0,0,0,0,0,0,0,0,240137136,0,0,0,476166987,0,0,0,0,0,0,0,72008808,106412755,274216893,169587069952,67016069,1,1,0,0,0,0,0,0,0,0,0,0,0,0,0,0,0,0,0,0,0,0,0,0,0,0,0,0,0,0,0,371,0,0,0,0,0,0,0
1787688709.891,0,0,0,0,0,0,0,705880411,1739330243072,766428101120,0,0,0,0,0,0,0,0,0,0,0,0,0,0,0,0,0,0,0,0,0,0,0,0,0,0,0,0,0,0,0,0,0,0,0,0,0,0,0,0,0,0,0,0,0,0,0,0,0,0,0,0,0,0,0,0,0,0,0,0,7,1684607,106294560,33550634,0,0,0,0,0,0,0,0,0,0,0,0,0,0,0,0,0,0,0,0,0,0,0,0,0,0,0,0,0,0,0,0,0,0,0,0,0,12883329024,10702602240,786336,653235,33498074,0,0,96,786432,105432953,796294,280,3407294063,12884901888,0,676542538,0,0,0,0,0,0,0,0,0,0,0,0,0,0,0,0,0,0,17235304,117113838,0,468,1204,7863,623,34470890,35,0,0,0,0,0,0,0,1,0,0,0,0,0,0,0,0,0,0,23148870,0,33497548,273033,0,0,0,0,0,0,0,0,16384,0,0,0,0,0,0,0,0,0,0,0,7006,473,0,0,0,0,0,52391707,0,157,0,3,470,7006,0,0,0,0,0,0,0,0,0,0,0,0,0,0,0,0,0,0,0,0,0,0,0,0,0,0,0,0,0,0,0,0,0,0,0,0,0,0,0,0,0,0,0,0,0,0,0,0,0,0,0,0,0,0,240214167,0,0,0,476254548,0,0,0,0,0,0,0,72036753,106472800,274303981,169627460608,67042549,1,1,0,0,0,0,0,0,0,0,0,0,0,0,0,0,0,0,0,0,0,0,0,0,0,0,0,0,0,0,0,756,0,0,0,0,0,0,0
1787688710.970,0,0,0,0,0,0,0,706054395,1740291115520,766639434240,0,0,0,0,0,0,0,0,0,0,0,0,0,0,0,0,0,0,0,0,0,0,0,0,0,0,0,0,0,0,0,0,0,0,0,0,0,0,0,0,0,0,0,0,0,0,0,0,0,0,0,0,0,0,0,0,0,0,0,0,7,1684687,106353355,33560721,0,0,0,0,0,0,0,0,0,0,0,0,0,0,0,0,0,0,0,0,0,0,0,0,0,0,0,0,0,0,0,0,0,0,0,0,0,12883329024,10712760320,786335,653855,33508161,0,0,97,786432,105491685,796294,280,3408153266,12884901888,0,676656774,0,0,0,0,0,0,0,0,0,0,0,0,0,0,0,0,0,0,17240347,117118883,0,468,1204,7863,623,34480969,35,0,0,0,0,0,0,0,1,0,0,0,0,0,0,0,0,0,0,23154673,0,33507635,273113,0,0,0,0,0,0,0,0,16384,0,0,0,0,0,0,0,0,0,0,0,7007,473,0,0,0,0,0,52407043,0,157,0,3,470,7007,0,0,0,0,0,0,0,0,0,0,0,0,0,0,0,0,0,0,0,0,0,0,0,0,0,0,0,0,0,0,0,0,0,0,0,0,0,0,0,0,0,0,0,0,0,0,0,0,0,0,0,0,0,0,240290049,0,0,0,476339960,0,0,0,0,0,0,0,72063189,106531460,274389994,169667233280,67067473,0,0,0,0,0,0,0,0,0,0,0,0,0,0,0,0,0,0,0,0,0,0,0,0,0,0,0,0,0,0,0,1001,0,0,0,0,0,0,0
1787688712.049,0,0,0,0,0,0,0,706233639,1741284477440,766852306432,0,0,0,0,0,0,0,0,0,0,0,0,0,0,0,0,0,0,0,0,0,0,0,0,0,0,0,0,0,0,0,0,0,0,0,0,0,0,0,0,0,0,0,0,0,0,0,0,0,0,0,0,0,0,0,0,0,0,0,0,7,1684711,106414113,33570849,0,0,0,0,0,0,0,0,0,0,0,0,0,0,0,0,0,0,0,0,0,0,0,0,0,0,0,0,0,0,0,0,0,0,0,0,0,12883312640,10728800256,786335,654834,33518289,0,0,96,786432,105552361,796294,280,3409041992,12884901888,0,676776975,0,0,0,0,0,0,0,0,0,0,0,0,0,0,0,0,0,0,17245546,117124082,0,468,1204,7863,623,34491365,35,0,0,0,0,0,0,0,1,0,0,0,0,0,0,0,0,0,0,23160665,0,33517763,273195,0,0,0,0,0,0,0,0,16384,0,0,0,0,0,0,0,0,0,0,0,7008,473,0,0,0,0,0,52422875,0,157,0,3,470,7008,0,0,0,0,0,0,0,0,0,0,0,0,0,0,0,0,0,0,0,0,0,0,0,0,0,0,0,0,0,0,0,0,0,0,0,0,0,0,0,0,0,0,0,0,0,0,0,0,0,0,0,0,0,0,240367103,0,0,0,476429057,0,0,0,0,0,0,0,72092154,106592095,274477200,169707619328,67094944,1,0,0,0,0,0,0,0,0,0,0,0,0,0,0,0,0,0,0,0,0,0,0,0,0,0,0,0,0,0,0,209,0,0,0,0,0,0,0
1787688713.128,0,0,0,0,0,0,0,706411737,1742269614592,767063703552,0,0,0,0,0,0,0,0,0,0,0,0,0,0,0,0,0,0,0,0,0,0,0,0,0,0,0,0,0,0,0,0,0,0,0,0,0,0,0,0,0,0,0,0,0,0,0,0,0,0,0,0,0,0,0,0,0,0,0,0,7,1684738,106474416,33580966,0,0,0,0,0,0,0,0,0,0,0,0,0,0,0,0,0,0,0,0,0,0,0,0,0,0,0,0,0,0,0,0,0,0,0,0,0,12883312640,10743332864,786336,655721,33528406,0,0,96,786432,105612587,796294,280,3409921213,12884901888,0,676893261,0,0,0,0,0,0,0,0,0,0,0,0,0,0,0,0,0,0,17250706,117129242,0,468,1204,7863,623,34501688,35,0,0,0,0,0,0,0,1,0,0,0,0,0,0,0,0,0,0,23166608,0,33527880,273277,0,0,0,0,0,0,0,0,16384,0,0,0,0,0,0,0,0,0,0,0,7009,473,0,0,0,0,0,52438568,0,157,0,3,470,7009,0,0,0,0,0,0,0,0,0,0,0,0,0,0,0,0,0,0,0,0,0,0,0,0,0,0,0,0,0,0,0,0,0,0,0,0,0,0,0,0,0,0,0,0,0,0,0,0,0,0,0,0,0,0,240442799,0,0,0,476516387,0,0,0,0,0,0,0,72121094,106652238,274563036,169747266048,67122384,0,0,0,0,0,0,0,0,0,0,0,0,0,0,0,0,0,0,0,0,0,0,0,0,0,0,0,0,0,0,0,574,0,0,0,0,0,0,0
1787688714.199,0,0,0,0,0,0,0,706590969,1743253588480,767300378112,0,0,0,0,0,0,0,0,0,0,0,0,0,0,0,0,0,0,0,0,0,0,0,0,0,0,0,0,0,0,0,0,0,0,0,0,0,0,0,0,0,0,0,0,0,0,0,0,0,0,0,0,0,0,0,0,0,0,0,0,7,1684762,106534622,33592403,0,0,0,0,0,0,0,0,0,0,0,0,0,0,0,0,0,0,0,0,0,0,0,0,0,0,0,0,0,0,0,0,0,0,0,0,0,12866551808,10734059520,785312,655155,33538516,1024,0,96,786432,105672713,796294,280,3410805860,12884901888,0,677010614,0,0,0,0,0,0,0,0,0,0,0,0,0,0,0,0,0,0,17255899,117134434,0,468,1204,7863,623,34512079,35,0,0,0,0,0,0,0,1,0,0,0,0,0,0,0,0,0,0,23172580,0,33539317,273371,0,0,0,0,0,0,0,0,16384,0,0,0,0,0,0,0,0,0,0,0,7010,473,0,0,0,0,0,52454365,0,157,0,3,470,7010,0,0,0,0,0,0,0,0,0,0,0,0,0,0,0,0,0,0,0,0,0,0,0,0,0,0,0,0,0,0,0,0,0,0,0,0,0,0,0,0,0,0,0,0,0,0,0,0,0,0,0,0,0,0,240523267,0,0,0,476604196,0,0,0,0,0,0,0,72152063,106712303,274655023,169789357056,67151629,1,0,0,0,0,0,0,0,0,0,0,0,0,0,0,0,0,0,0,0,0,0,0,0,0,0,0,0,0,0,0,988,0,0,0,0,0,0,0
1787688715.278,0,0,0,0,0,0,0,706765991,1744223160832,767584508416,0,0,0,0,0,0,0,0,0,0,0,0,0,0,0,0,0,0,0,0,0,0,0,0,0,0,0,0,0,0,0,0,0,0,0,0,0,0,0,0,0,0,0,0,0,0,0,0,0,0,0,0,0,0,0,0,0,0,0,0,7,1684778,106593923,33606818,0,0,0,0,0,0,0,0,0,0,0,0,0,0,0,0,0,0,0,0,0,0,0,0,0,0,0,0,0,0,0,0,0,0,0,0,0,12883329024,10675503104,786336,651581,33548562,0,0,96,786432,105731941,796294,280,3411673598,12884901888,0,677127445,0,0,0,0,0,0,0,0,0,0,0,0,0,0,0,0,0,0,17260987,117139523,0,468,1204,7863,623,34522253,35,0,0,0,0,0,0,0,1,0,0,0,0,0,0,0,0,0,0,23178442,0,33553631,273485,0,0,0,0,0,0,0,0,16384,0,0,0,0,0,0,0,0,0,0,0,7011,473,0,0,0,0,0,52469843,0,157,0,3,470,7011,0,0,0,0,0,0,0,0,0,0,0,0,0,0,0,0,0,0,0,0,0,0,0,0,0,0,0,0,0,0,0,0,0,0,0,0,0,0,0,0,0,0,0,0,0,0,0,0,0,0,0,0,0,0,240603467,0,0,0,476691432,0,0,0,0,0,0,0,72183072,106771481,274749680,169831052800,67180494,1,0,0,0,0,0,0,0,0,0,0,0,0,0,0,0,0,0,0,0,0,0,0,0,0,0,0,0,0,0,0,89,0,0,0,0,0,0,0
1787688716.354,0,0,0,0,0,0,0,706941633,1745198696960,767865612800,0,0,0,0,0,0,0,0,0,0,0,0,0,0,0,0,0,0,0,0,0,0,0,0,0,0,0,0,0,0,0,0,0,0,0,0,0,0,0,0,0,0,0,0,0,0,0,0,0,0,0,0,0,0,0,0,0,0,0,0,7,1684818,106653609,33621044,0,0,0,0,0,0,0,0,0,0,0,0,0,0,0,0,0,0,0,0,0,0,0,0,0,0,0,0,0,0,0,0,0,0,0,0,0,12883312640,10619158528,786335,648142,33558581,1,0,96,786432,105791560,796294,280,3412541445,12884901888,0,677242861,0,0,0,0,0,0,0,0,0,0,0,0,0,0,0,0,0,0,17266074,117144609,0,468,1204,7863,623,34532427,35,0,0,0,0,0,0,0,1,0,0,0,0,0,0,0,0,0,0,23184304,0,33567876,273598,0,0,0,0,0,0,0,0,16384,0,0,0,0,0,0,0,0,0,0,0,7012,473,0,0,0,0,0,52485304,0,157,0,3,470,7012,0,0,0,0,0,0,0,0,0,0,0,0,0,0,0,0,0,0,0,0,0,0,0,0,0,0,0,0,0,0,0,0,0,0,0,0,0,0,0,0,0,0,0,0,0,0,0,0,0,0,0,0,0,0,240682468,0,0,0,476777599,0,0,0,0,0,0,0,72213845,106831014,274842964,169872397824,67209211,1,0,0,0,0,0,0,0,0,0,0,0,0,0,0,0,0,0,0,0,0,0,0,0,0,0,0,0,0,0,0,362,0,0,0,0,0,0,0
1787688717.431,0,0,0,0,0,0,0,707121730,1746194745856,768079736832,0,0,0,0,0,0,0,0,0,0,0,0,0,0,0,0,0,0,0,0,0,0,0,0,0,0,0,0,0,0,0,0,0,0,0,0,0,0,0,0,0,0,0,0,0,0,0,0,0,0,0,0,0,0,0,0,0,0,0,0,7,1684882,106714543,33631276,0,0,0,0,0,0,0,0,0,0,0,0,0,0,0,0,0,0,0,0,0,0,0,0,0,0,0,0,0,0,0,0,0,0,0,0,0,12883312640,10633838592,786335,649038,33578716,0,0,97,786432,105852425,796294,280,3413431643,12884901888,0,677360853,0,0,0,0,0,0,0,0,0,0,0,0,0,0,0,0,0,0,17271299,117149835,0,468,1204,7863,623,34542875,35,0,0,0,0,0,0,0,1,0,0,0,0,0,0,0,0,0,0,23190311,0,33578190,273679,0,0,0,0,0,0,0,0,16384,0,0,0,0,0,0,0,0,0,0,0,7013,473,0,0,0,0,0,52501171,0,157,0,3,470,7013,0,0,0,0,0,0,0,0,0,0,0,0,0,0,0,0,0,0,0,0,0,0,0,0,0,0,0,0,0,0,0,0,0,0,0,0,0,0,0,0,0,0,0,0,0,0,0,0,0,0,0,0,0,0,240760463,0,0,0,476865901,0,0,0,0,0,0,0,72244366,106891822,274931179,169913113088,67238186,1,0,0,0,0,0,0,0,0,0,0,0,0,0,0,0,0,0,0,0,0,0,0,0,0,0,0,0,0,0,0,749,0,0,0,0,0,0,0
1787688718.510,0,0,0,0,0,0,0,707301211,1747189139968,768291054592,0,0,0,0,0,0,0,0,0,0,0,0,0,0,0,0,0,0,0,0,0,0,0,0,0,0,0,0,0,0,0,0,0,0,0,0,0,0,0,0,0,0,0,0,0,0,0,0,0,0,0,0,0,0,0,0,0,0,0,0,7,1684909,106775368,33641349,0,0,0,0,0,0,0,0,0,0,0,0,0,0,0,0,0,0,0,0,0,0,0,0,0,0,0,0,0,0,0,0,0,0,0,0,0,12883329024,10647076864,786336,649846,33588789,0,0,96,786432,105913175,796294,280,3414318095,12884901888,0,677478223,0,0,0,0,0,0,0,0,0,0,0,0,0,0,0,0,0,0,17276498,117155034,0,468,1204,7863,623,34553274,35,0,0,0,0,0,0,0,1,0,0,0,0,0,0,0,0,0,0,23196291,0,33588263,273759,0,0,0,0,0,0,0,0,16384,0,0,0,0,0,0,0,0,0,0,0,7014,473,0,0,0,0,0,52516995,0,157,0,3,470,7014,0,0,0,0,0,0,0,0,0,0,0,0,0,0,0,0,0,0,0,0,0,0,0,0,0,0,0,0,0,0,0,0,0,0,0,0,0,0,0,0,0,0,0,0,0,0,0,0,0,0,0,0,0,0,240836847,0,0,0,476953907,0,0,0,0,0,0,0,72273586,106952504,275017643,169953069056,67265974,1,1,0,0,0,0,0,0,0,0,0,0,0,0,0,0,0,0,0,0,0,0,0,0,0,0,0,0,0,0,0,1135,0,0,0,0,0,0,0
1787688719.582,0,0,0,0,0,0,0,707482333,1748191480320,768502436352,0,0,0,0,0,0,0,0,0,0,0,0,0,0,0,0,0,0,0,0,0,0,0,0,0,0,0,0,0,0,0,0,0,0,0,0,0,0,0,0,0,0,0,0,0,0,0,0,0,0,0,0,0,0,0,0,0,0,0,0,7,1684937,106836675,33651394,0,0,0,0,0,0,0,0,0,0,0,0,0,0,0,0,0,0,0,0,0,0,0,0,0,0,0,0,0,0,0,0,0,0,0,0,0,12883329024,10663624704,786336,650856,33598834,0,0,96,786432,105974404,796294,280,3415216035,12884901888,0,677599588,0,0,0,0,0,0,0,0,0,0,0,0,0,0,0,0,0,0,17281753,117160288,0,468,1204,7863,623,34563781,35,0,0,0,0,0,0,0,1,0,0,0,0,0,0,0,0,0,0,23202342,0,33598308,273839,0,0,0,0,0,0,0,0,16384,0,0,0,0,0,0,0,0,0,0,0,7015,473,0,0,0,0,0,52532940,0,157,0,3,470,7015,0,0,0,0,0,0,0,0,0,0,0,0,0,0,0,0,0,0,0,0,0,0,0,0,0,0,0,0,0,0,0,0,0,0,0,0,0,0,0,0,0,0,0,0,0,0,0,0,0,0,0,0,0,0,240913510,0,0,0,477043774,0,0,0,0,0,0,0,72303123,107013683,275104375,169993305600,67294062,1,1,0,0,0,0,0,0,0,0,0,0,0,0,0,0,0,0,0,0,0,0,0,0,0,0,0,0,0,0,0,395,0,0,0,0,0,0,0
1787688720.660,0,0,0,0,0,0,0,707661734,1749175486976,768711109120,0,0,0,0,0,0,0,0,0,0,0,0,0,0,0,0,0,0,0,0,0,0,0,0,0,0,0,0,0,0,0,0,0,0,0,0,0,0,0,0,0,0,0,0,0,0,0,0,0,0,0,0,0,0,0,0,0,0,0,0,7,1684967,106896859,33661334,0,0,0,0,0,0,0,0,0,0,0,0,0,0,0,0,0,0,0,0,0,0,0,0,0,0,0,0,0,0,0,0,0,0,0,0,0,12883312640,10678484992,786335,651763,33608774,0,0,96,786432,106034525,796294,280,3416101540,12884901888,0,677717362,0,0,0,0,0,0,0,0,0,0,0,0,0,0,0,0,0,0,17286949,117165485,0,468,1204,7863,623,34574177,35,0,0,0,0,0,0,0,1,0,0,0,0,0,0,0,0,0,0,23208329,0,33608248,273919,0,0,0,0,0,0,0,0,16384,0,0,0,0,0,0,0,0,0,0,0,7016,473,0,0,0,0,0,52548761,0,157,0,3,470,7016,0,0,0,0,0,0,0,0,0,0,0,0,0,0,0,0,0,0,0,0,0,0,0,0,0,0,0,0,0,0,0,0,0,0,0,0,0,0,0,0,0,0,0,0,0,0,0,0,0,0,0,0,0,0,240988676,0,0,0,477131613,0,0,0,0,0,0,0,72331804,107073739,275189518,170032745472,67321213,0,0,0,0,0,0,0,0,0,0,0,0,0,0,0,0,0,0,0,0,0,0,0,0,0,0,0,0,0,0,0,814,0,0,0,0,0,0,0
1787688721.736,0,0,0,0,0,0,0,707841632,1750167177728,768921402368,0,0,0,0,0,0,0,0,0,0,0,0,0,0,0,0,0,0,0,0,0,0,0,0,0,0,0,0,0,0,0,0,0,0,0,0,0,0,0,0,0,0,0,0,0,0,0,0,0,0,0,0,0,0,0,0,0,0,0,0,7,1684996,106957546,33671380,0,0,0,0,0,0,0,0,0,0,0,0,0,0,0,0,0,0,0,0,0,0,0,0,0,0,0,0,0,0,0,0,0,0,0,0,0,12883329024,10693902336,786336,652704,33618820,0,0,96,786432,106095145,796294,280,3416990152,12884901888,0,677835254,0,0,0,0,0,0,0,0,0,0,0,0,0,0,0,0,0,0,17292159,117170695,0,468,1204,7863,623,34584592,35,0,0,0,0,0,0,0,1,0,0,0,0,0,0,0,0,0,0,23214322,0,33618294,273999,0,0,0,0,0,0,0,0,16384,0,0,0,0,0,0,0,0,0,0,0,7018,473,0,0,0,0,0,52564608,0,157,0,3,470,7018,0,0,0,0,0,0,0,0,0,0,0,0,0,0,0,0,0,0,0,0,0,0,0,0,0,0,0,0,0,0,0,0,0,0,0,0,0,0,0,0,0,0,0,0,0,0,0,0,0,0,0,0,0,0,241063807,0,0,0,477219758,0,0,0,0,0,0,0,72361110,107134290,275274719,170072086016,67349026,1,1,0,0,0,0,0,0,0,0,0,0,0,0,0,0,0,0,0,0,0,0,0,0,0,0,0,0,0,0,0,1206,0,0,0,0,0,0,0
1787688722.816,0,0,0,0,0,0,0,708021741,1751162849792,769131437056,0,0,0,0,0,0,0,0,0,0,0,0,0,0,0,0,0,0,0,0,0,0,0,0,0,0,0,0,0,0,0,0,0,0,0,0,0,0,0,0,0,0,0,0,0,0,0,0,0,0,0,0,0,0,0,0,0,0,0,0,7,1685073,107018451,33681377,0,0,0,0,0,0,0,0,0,0,0,0,0,0,0,0,0,0,0,0,0,0,0,0,0,0,0,0,0,0,0,0,0,0,0,0,0,12883312640,10710171648,786335,653697,33628817,0,0,97,786432,106155988,796294,280,3417882157,12884901888,0,677955606,0,0,0,0,0,0,0,0,0,0,0,0,0,0,0,0,0,0,17297385,117175921,0,468,1204,7863,623,34595047,35,0,0,0,0,0,0,0,1,0,0,0,0,0,0,0,0,0,0,23220343,0,33628291,274079,0,0,0,0,0,0,0,0,16384,0,0,0,0,0,0,0,0,0,0,0,7019,473,0,0,0,0,0,52580502,0,157,0,3,470,7019,0,0,0,0,0,0,0,0,0,0,0,0,0,0,0,0,0,0,0,0,0,0,0,0,0,0,0,0,0,0,0,0,0,0,0,0,0,0,0,0,0,0,0,0,0,0,0,0,0,0,0,0,0,0,241140411,0,0,0,477309279,0,0,0,0,0,0,0,72390397,107195077,275361341,170112074240,67376820,1,0,0,0,0,0,0,0,0,0,0,0,0,0,0,0,0,0,0,0,0,0,0,0,0,0,0,0,0,0,0,413,0,0,0,0,0,0,0
1787688723.895,0,0,0,0,0,0,0,708202247,1752159865344,769343550976,0,0,0,0,0,0,0,0,0,0,0,0,0,0,0,0,0,0,0,0,0,0,0,0,0,0,0,0,0,0,0,0,0,0,0,0,0,0,0,0,0,0,0,0,0,0,0,0,0,0,0,0,0,0,0,0,0,0,0,0,7,1685102,107079436,33691453,0,0,0,0,0,0,0,0,0,0,0,0,0,0,0,0,0,0,0,0,0,0,0,0,0,0,0,0,0,0,0,0,0,0,0,0,0,12883312640,10724999168,786336,654602,33638893,0,0,96,786432,106216909,796294,280,3418773475,12884901888,0,678073562,0,0,0,0,0,0,0,0,0,0,0,0,0,0,0,0,0,0,17302615,117181150,0,468,1204,7863,623,34605507,35,0,0,0,0,0,0,0,1,0,0,0,0,0,0,0,0,0,0,23226359,0,33638367,274159,0,0,0,0,0,0,0,0,16384,0,0,0,0,0,0,0,0,0,0,0,7020,473,0,0,0,0,0,52596437,0,157,0,3,470,7020,0,0,0,0,0,0,0,0,0,0,0,0,0,0,0,0,0,0,0,0,0,0,0,0,0,0,0,0,0,0,0,0,0,0,0,0,0,0,0,0,0,0,0,0,0,0,0,0,0,0,0,0,0,0,241217352,0,0,0,477397707,0,0,0,0,0,0,0,72419943,107255941,275448385,170152559616,67404871,1,1,0,0,0,0,0,0,0,0,0,0,0,0,0,0,0,0,0,0,0,0,0,0,0,0,0,0,0,0,0,835,0,0,0,0,0,0,0
1787688724.974,0,0,0,0,0,0,0,708382134,1753153505792,769554719744,0,0,0,0,0,0,0,0,0,0,0,0,0,0,0,0,0,0,0,0,0,0,0,0,0,0,0,0,0,0,0,0,0,0,0,0,0,0,0,0,0,0,0,0,0,0,0,0,0,0,0,0,0,0,0,0,0,0,0,0,7,1685122,107140225,33701456,0,0,0,0,0,0,0,0,0,0,0,0,0,0,0,0,0,0,0,0,0,0,0,0,0,0,0,0,0,0,0,0,0,0,0,0,0,12883329024,10742562816,786336,655674,33648896,0,0,96,786432,106277635,796294,280,3419665359,12884901888,0,678193735,0,0,0,0,0,0,0,0,0,0,0,0,0,0,0,0,0,0,17307834,117186369,0,468,1204,7863,623,34615949,35,0,0,0,0,0,0,0,1,0,0,0,0,0,0,0,0,0,0,23232374,0,33648370,274239,0,0,0,0,0,0,0,0,16384,0,0,0,0,0,0,0,0,0,0,0,7021,473,0,0,0,0,0,52612315,0,157,0,3,470,7021,0,0,0,0,0,0,0,0,0,0,0,0,0,0,0,0,0,0,0,0,0,0,0,0,0,0,0,0,0,0,0,0,0,0,0,0,0,0,0,0,0,0,0,0,0,0,0,0,0,0,0,0,0,0,241295397,0,0,0,477487135,0,0,0,0,0,0,0,72449382,107316595,275536476,170193251840,67432861,0,0,0,0,0,0,0,0,0,0,0,0,0,0,0,0,0,0,0,0,0,0,0,0,0,0,0,0,0,0,0,61,0,0,0,0,0,0,0
1787688726.053,0,0,0,0,0,0,0,708556903,1754121538048,769766358528,0,0,0,0,0,0,0,0,0,0,0,0,0,0,0,0,0,0,0,0,0,0,0,0,0,0,0,0,0,0,0,0,0,0,0,0,0,0,0,0,0,0,0,0,0,0,0,0,0,0,0,0,0,0,0,0,0,0,0,0,7,1685143,107199442,33711515,0,0,0,0,0,0,0,0,0,0,0,0,0,0,0,0,0,0,0,0,0,0,0,0,0,0,0,0,0,0,0,0,0,0,0,0,0,12883312640,10754310144,786336,656391,33658955,0,0,96,786432,106336754,796294,280,3420528058,12884901888,0,678307530,0,0,0,0,0,0,0,0,0,0,0,0,0,0,0,0,0,0,17312909,117191445,0,468,1204,7863,623,34626092,35,0,0,0,0,0,0,0,1,0,0,0,0,0,0,0,0,0,0,23238213,0,33658429,274319,0,0,0,0,0,0,0,0,16384,0,0,0,0,0,0,0,0,0,0,0,7022,473,0,0,0,0,0,52627719,0,157,0,3,470,7022,0,0,0,0,0,0,0,0,0,0,0,0,0,0,0,0,0,0,0,0,0,0,0,0,0,0,0,0,0,0,0,0,0,0,0,0,0,0,0,0,0,0,0,0,0,0,0,0,0,0,0,0,0,0,241373126,0,0,0,477573055,0,0,0,0,0,0,0,72477044,107375701,275624301,170233679360,67459000,0,0,0,0,0,0,0,0,0,0,0,0,0,0,0,0,0,0,0,0,0,0,0,0,0,0,0,0,0,0,0,333,0,0,0,0,0,0,0
1787688727.130,0,0,0,0,0,0,0,708730221,1755083753984,769978270720,0,0,0,0,0,0,0,0,0,0,0,0,0,0,0,0,0,0,0,0,0,0,0,0,0,0,0,0,0,0,0,0,0,0,0,0,0,0,0,0,0,0,0,0,0,0,0,0,0,0,0,0,0,0,0,0,0,0,0,0,7,1685165,107258302,33721587,0,0,0,0,0,0,0,0,0,0,0,0,0,0,0,0,0,0,0,0,0,0,0,0,0,0,0,0,0,0,0,0,0,0,0,0,0,12883279872,10761715712,786334,656843,33669027,0,0,98,786432,106395544,796294,280,3421384633,12884901888,0,678421123,0,0,0,0,0,0,0,0,0,0,0,0,0,0,0,0,0,0,17317942,117196478,0,468,1204,7863,623,34636164,35,0,0,0,0,0,0,0,1,0,0,0,0,0,0,0,0,0,0,23244007,0,33668501,274399,0,0,0,0,0,0,0,0,16384,0,0,0,0,0,0,0,0,0,0,0,7023,473,0,0,0,0,0,52643018,0,157,0,3,470,7023,0,0,0,0,0,0,0,0,0,0,0,0,0,0,0,0,0,0,0,0,0,0,0,0,0,0,0,0,0,0,0,0,0,0,0,0,0,0,0,0,0,0,0,0,0,0,0,0,0,0,0,0,0,0,241450773,0,0,0,477658214,0,0,0,0,0,0,0,72504641,107434448,275712052,170274193920,67485104,1,1,0,0,0,0,0,0,0,0,0,0,0,0,0,0,0,0,0,0,0,0,0,0,0,0,0,0,0,0,0,560,0,0,0,0,0,0,0
1787688728.205,0,0,0,0,0,0,0,708907767,1756066712064,770214329344,0,0,0,0,0,0,0,0,0,0,0,0,0,0,0,0,0,0,0,0,0,0,0,0,0,0,0,0,0,0,0,0,0,0,0,0,0,0,0,0,0,0,0,0,0,0,0,0,0,0,0,0,0,0,0,0,0,0,0,0,7,1685253,107318443,33733148,0,0,0,0,0,0,0,0,0,0,0,0,0,0,0,0,0,0,0,0,0,0,0,0,0,0,0,0,0,0,0,0,0,0,0,0,0,12867551232,10750050304,785373,656131,33679182,963,0,96,786432,106455608,796294,280,3422261021,12884901888,0,678536835,0,0,0,0,0,0,0,0,0,0,0,0,0,0,0,0,0,0,17323088,117201625,0,468,1204,7863,623,34646454,35,0,0,0,0,0,0,0,1,0,0,0,0,0,0,0,0,0,0,23249935,0,33680062,274493,0,0,0,0,0,0,0,0,16384,0,0,0,0,0,0,0,0,0,0,0,7024,473,0,0,0,0,0,52658688,0,157,0,3,470,7024,0,0,0,0,0,0,0,0,0,0,0,0,0,0,0,0,0,0,0,0,0,0,0,0,0,0,0,0,0,0,0,0,0,0,0,0,0,0,0,0,0,0,0,0,0,0,0,0,0,0,0,0,0,0,241526494,0,0,0,477745395,0,0,0,0,0,0,0,72533563,107494474,275799457,170313677824,67512324,1,0,0,0,0,0,0,0,0,0,0,0,0,0,0,0,0,0,0,0,0,0,0,0,0,0,0,0,0,0,0,881,0,0,0,0,0,0,0
1787688729.283,0,0,0,0,0,0,0,709081737,1757025061376,770493291008,0,0,0,0,0,0,0,0,0,0,0,0,0,0,0,0,0,0,0,0,0,0,0,0,0,0,0,0,0,0,0,0,0,0,0,0,0,0,0,0,0,0,0,0,0,0,0,0,0,0,0,0,0,0,0,0,0,0,0,0,7,1685273,107377061,33747230,0,0,0,0,0,0,0,0,0,0,0,0,0,0,0,0,0,0,0,0,0,0,0,0,0,0,0,0,0,0,0,0,0,0,0,0,0,12883312640,10692952064,786336,652646,33689300,0,0,98,786432,106514173,796294,280,3423120166,12884901888,0,678650759,0,0,0,0,0,0,0,0,0,0,0,0,0,0,0,0,0,0,17328135,117206670,0,468,1204,7863,623,34656548,35,0,0,0,0,0,0,0,1,0,0,0,0,0,0,0,0,0,0,23255742,0,33694105,274608,0,0,0,0,0,0,0,0,16384,0,0,0,0,0,0,0,0,0,0,0,7025,473,0,0,0,0,0,52673999,0,157,0,3,470,7025,0,0,0,0,0,0,0,0,0,0,0,0,0,0,0,0,0,0,0,0,0,0,0,0,0,0,0,0,0,0,0,0,0,0,0,0,0,0,0,0,0,0,0,0,0,0,0,0,0,0,0,0,0,0,241602062,0,0,0,477830840,0,0,0,0,0,0,0,72561611,107552958,275889272,170353245184,67538280,1,0,0,0,0,0,0,0,0,0,0,0,0,0,0,0,0,0,0,0,0,0,0,0,0,0,0,0,0,0,0,1127,0,0,0,0,0,0,0
1787688730.360,0,0,0,0,0,0,0,709256791,1757993536000,770775960064,0,0,0,0,0,0,0,0,0,0,0,0,0,0,0,0,0,0,0,0,0,0,0,0,0,0,0,0,0,0,0,0,0,0,0,0,0,0,0,0,0,0,0,0,0,0,0,0,0,0,0,0,0,0,0,0,0,0,0,0,7,1685290,107436335,33761843,0,0,0,0,0,0,0,0,0,0,0,0,0,0,0,0,0,0,0,0,0,0,0,0,0,0,0,0,0,0,0,0,0,0,0,0,0,12883329024,10625974272,786336,648558,33699345,0,0,96,786432,106573374,796294,280,3423987783,12884901888,0,678768129,0,0,0,0,0,0,0,0,0,0,0,0,0,0,0,0,0,0,17333212,117211747,0,468,1204,7863,623,34666700,35,0,0,0,0,0,0,0,1,0,0,0,0,0,0,0,0,0,0,23261592,0,33708757,274722,0,0,0,0,0,0,0,0,16384,0,0,0,0,0,0,0,0,0,0,0,7026,473,0,0,0,0,0,52689448,0,157,0,3,470,7026,0,0,0,0,0,0,0,0,0,0,0,0,0,0,0,0,0,0,0,0,0,0,0,0,0,0,0,0,0,0,0,0,0,0,0,0,0,0,0,0,0,0,0,0,0,0,0,0,0,0,0,0,0,0,241677307,0,0,0,477917999,0,0,0,0,0,0,0,72590276,107612108,275979030,170392559104,67564797,0,0,0,0,0,0,0,0,0,0,0,0,0,0,0,0,0,0,0,0,0,0,0,0,0,0,0,0,0,0,0,209,0,0,0,0,0,0,0
1787688731.437,0,0,0,0,0,0,0,709436743,1758981196288,770987554816,0,0,0,0,0,0,0,0,0,0,0,0,0,0,0,0,0,0,0,0,0,0,0,0,0,0,0,0,0,0,0,0,0,0,0,0,0,0,0,0,0,0,0,0,0,0,0,0,0,0,0,0,0,0,0,0,0,0,0,0,7,1685309,107496757,33772023,0,0,0,0,0,0,0,0,0,0,0,0,0,0,0,0,0,0,0,0,0,0,0,0,0,0,0,0,0,0,0,0,0,0,0,0,0,12883329024,10637574144,786335,649266,33719463,0,0,97,786432,106633727,796294,280,3424874794,12884901888,0,678885106,0,0,0,0,0,0,0,0,0,0,0,0,0,0,0,0,0,0,17338432,117216968,0,468,1204,7863,623,34677144,35,0,0,0,0,0,0,0,1,0,0,0,0,0,0,0,0,0,0,23267602,0,33718937,274803,0,0,0,0,0,0,0,0,16384,0,0,0,0,0,0,0,0,0,0,0,7027,473,0,0,0,0,0,52705289,0,157,0,3,470,7027,0,0,0,0,0,0,0,0,0,0,0,0,0,0,0,0,0,0,0,0,0,0,0,0,0,0,0,0,0,0,0,0,0,0,0,0,0,0,0,0,0,0,0,0,0,0,0,0,0,0,0,0,0,0,241753319,0,0,0,478006246,0,0,0,0,0,0,0,72619167,107672412,276065172,170432225792,67592176,1,0,0,0,0,0,0,0,0,0,0,0,0,0,0,0,0,0,0,0,0,0,0,0,0,0,0,0,0,0,0,638,0,0,0,0,0,0,0
1787688732.515,0,0,0,0,0,0,0,709616417,1759975934464,771198890496,0,0,0,0,0,0,0,0,0,0,0,0,0,0,0,0,0,0,0,0,0,0,0,0,0,0,0,0,0,0,0,0,0,0,0,0,0,0,0,0,0,0,0,0,0,0,0,0,0,0,0,0,0,0,0,0,0,0,0,0,7,1685329,107557617,33782098,0,0,0,0,0,0,0,0,0,0,0,0,0,0,0,0,0,0,0,0,0,0,0,0,0,0,0,0,0,0,0,0,0,0,0,0,0,12883312640,10653941760,786335,650265,33729538,1,0,96,786432,106694510,796294,280,3425762320,12884901888,0,679002252,0,0,0,0,0,0,0,0,0,0,0,0,0,0,0,0,0,0,17343645,117222181,0,468,1204,7863,623,34687566,35,0,0,0,0,0,0,0,1,0,0,0,0,0,0,0,0,0,0,23273598,0,33729012,274883,0,0,0,0,0,0,0,0,16384,0,0,0,0,0,0,0,0,0,0,0,7028,473,0,0,0,0,0,52721132,0,157,0,3,470,7028,0,0,0,0,0,0,0,0,0,0,0,0,0,0,0,0,0,0,0,0,0,0,0,0,0,0,0,0,0,0,0,0,0,0,0,0,0,0,0,0,0,0,0,0,0,0,0,0,0,0,0,0,0,0,241829819,0,0,0,478094318,0,0,0,0,0,0,0,72648395,107733123,276151764,170472182272,67619923,1,0,0,0,0,0,0,0,0,0,0,0,0,0,0,0,0,0,0,0,0,0,0,0,0,0,0,0,0,0,0,1044,0,0,0,0,0,0,0
1787688733.594,0,0,0,0,0,0,0,709796043,1760969951744,771411961344,0,0,0,0,0,0,0,0,0,0,0,0,0,0,0,0,0,0,0,0,0,0,0,0,0,0,0,0,0,0,0,0,0,0,0,0,0,0,0,0,0,0,0,0,0,0,0,0,0,0,0,0,0,0,0,0,0,0,0,0,7,1685414,107618431,33792222,0,0,0,0,0,0,0,0,0,0,0,0,0,0,0,0,0,0,0,0,0,0,0,0,0,0,0,0,0,0,0,0,0,0,0,0,0,12883329024,10668441600,786336,651150,33739662,0,0,96,786432,106755245,796294,280,3426653055,12884901888,0,679122674,0,0,0,0,0,0,0,0,0,0,0,0,0,0,0,0,0,0,17348850,117227386,0,468,1204,7863,623,34697986,35,0,0,0,0,0,0,0,1,0,0,0,0,0,0,0,0,0,0,23279602,0,33739136,274963,0,0,0,0,0,0,0,0,16384,0,0,0,0,0,0,0,0,0,0,0,7029,473,0,0,0,0,0,52736952,0,157,0,3,470,7029,0,0,0,0,0,0,0,0,0,0,0,0,0,0,0,0,0,0,0,0,0,0,0,0,0,0,0,0,0,0,0,0,0,0,0,0,0,0,0,0,0,0,0,0,0,0,0,0,0,0,0,0,0,0,241907760,0,0,0,478183632,0,0,0,0,0,0,0,72677647,107793807,276239855,170512830976,67647681,1,0,0,0,0,0,0,0,0,0,0,0,0,0,0,0,0,0,0,0,0,0,0,0,0,0,0,0,0,0,0,231,0,0,0,0,0,0,0
1787688734.671,0,0,0,0,0,0,0,709978433,1761971554816,771625488384,0,0,0,0,0,0,0,0,0,0,0,0,0,0,0,0,0,0,0,0,0,0,0,0,0,0,0,0,0,0,0,0,0,0,0,0,0,0,0,0,0,0,0,0,0,0,0,0,0,0,0,0,0,0,0,0,0,0,0,0,7,1685464,107679706,33802329,0,0,0,0,0,0,0,0,0,0,0,0,0,0,0,0,0,0,0,0,0,0,0,0,0,0,0,0,0,0,0,0,0,0,0,0,0,12883329024,10684481536,786336,652129,33749769,0,0,96,786432,106816446,796294,280,3427552481,12884901888,0,679241564,0,0,0,0,0,0,0,0,0,0,0,0,0,0,0,0,0,0,17354143,117232680,0,468,1204,7863,623,34708566,35,0,0,0,0,0,0,0,1,0,0,0,0,0,0,0,0,0,0,23285690,0,33749243,275043,0,0,0,0,0,0,0,0,16384,0,0,0,0,0,0,0,0,0,0,0,7030,473,0,0,0,0,0,52753043,0,157,0,3,470,7030,0,0,0,0,0,0,0,0,0,0,0,0,0,0,0,0,0,0,0,0,0,0,0,0,0,0,0,0,0,0,0,0,0,0,0,0,0,0,0,0,0,0,0,0,0,0,0,0,0,0,0,0,0,0,241986470,0,0,0,478273006,0,0,0,0,0,0,0,72707318,107854951,276328690,170553977344,67675874,1,0,0,0,0,0,0,0,0,0,0,0,0,0,0,0,0,0,0,0,0,0,0,0,0,0,0,0,0,0,0,697,0,0,0,0,0,0,0
1787688735.751,0,0,0,0,0,0,0,710158052,1762963196416,771838136832,0,0,0,0,0,0,0,0,0,0,0,0,0,0,0,0,0,0,0,0,0,0,0,0,0,0,0,0,0,0,0,0,0,0,0,0,0,0,0,0,0,0,0,0,0,0,0,0,0,0,0,0,0,0,0,0,0,0,0,0,7,1685530,107740366,33812454,0,0,0,0,0,0,0,0,0,0,0,0,0,0,0,0,0,0,0,0,0,0,0,0,0,0,0,0,0,0,0,0,0,0,0,0,0,12883329024,10697621504,786336,652931,33759894,0,0,96,786432,106877050,796294,280,3428438545,12884901888,0,679358926,0,0,0,0,0,0,0,0,0,0,0,0,0,0,0,0,0,0,17359346,117237883,0,468,1204,7863,623,34718971,35,0,0,0,0,0,0,0,1,0,0,0,0,0,0,0,0,0,0,23291679,0,33759368,275125,0,0,0,0,0,0,0,0,16384,0,0,0,0,0,0,0,0,0,0,0,7032,473,0,0,0,0,0,52768870,0,157,0,3,470,7032,0,0,0,0,0,0,0,0,0,0,0,0,0,0,0,0,0,0,0,0,0,0,0,0,0,0,0,0,0,0,0,0,0,0,0,0,0,0,0,0,0,0,0,0,0,0,0,0,0,0,0,0,0,0,242063318,0,0,0,478360984,0,0,0,0,0,0,0,72736306,107915490,276415691,170594184704,67703457,1,0,0,0,0,0,0,0,0,0,0,0,0,0,0,0,0,0,0,0,0,0,0,0,0,0,0,0,0,0,0,1108,0,0,0,0,0,0,0
1787688736.826,0,0,0,0,0,0,0,710337972,1763955689984,772051117056,0,0,0,0,0,0,0,0,0,0,0,0,0,0,0,0,0,0,0,0,0,0,0,0,0,0,0,0,0,0,0,0,0,0,0,0,0,0,0,0,0,0,0,0,0,0,0,0,0,0,0,0,0,0,0,0,0,0,0,0,7,1685548,107801066,33822559,0,0,0,0,0,0,0,0,0,0,0,0,0,0,0,0,0,0,0,0,0,0,0,0,0,0,0,0,0,0,0,0,0,0,0,0,0,12883329024,10710073344,786335,653691,33769999,0,0,97,786432,106937682,796294,280,3429329760,12884901888,0,679479224,0,0,0,0,0,0,0,0,0,0,0,0,0,0,0,0,0,0,17364563,117243098,0,468,1204,7863,623,34729407,35,0,0,0,0,0,0,0,1,0,0,0,0,0,0,0,0,0,0,23297695,0,33769473,275207,0,0,0,0,0,0,0,0,16384,0,0,0,0,0,0,0,0,0,0,0,7033,473,0,0,0,0,0,52784741,0,157,0,3,470,7033,0,0,0,0,0,0,0,0,0,0,0,0,0,0,0,0,0,0,0,0,0,0,0,0,0,0,0,0,0,0,0,0,0,0,0,0,0,0,0,0,0,0,0,0,0,0,0,0,0,0,0,0,0,0,242141300,0,0,0,478450359,0,0,0,0,0,0,0,72765665,107976062,276503797,170635005440,67731293,1,0,0,0,0,0,0,0,0,0,0,0,0,0,0,0,0,0,0,0,0,0,0,0,0,0,0,0,0,0,0,303,0,0,0,0,0,0,0
1787688737.905,0,0,0,0,0,0,0,710514559,1764932061696,772261317120,0,0,0,0,0,0,0,0,0,0,0,0,0,0,0,0,0,0,0,0,0,0,0,0,0,0,0,0,0,0,0,0,0,0,0,0,0,0,0,0,0,0,0,0,0,0,0,0,0,0,0,0,0,0,0,0,0,0,0,0,7,1685567,107860765,33832587,0,0,0,0,0,0,0,0,0,0,0,0,0,0,0,0,0,0,0,0,0,0,0,0,0,0,0,0,0,0,0,0,0,0,0,0,0,12883312640,10724327424,786335,654561,33780027,0,0,97,786432,106997305,796294,280,3430201528,12884901888,0,679594469,0,0,0,0,0,0,0,0,0,0,0,0,0,0,0,0,0,0,17369692,117248228,0,468,1204,7863,623,34739659,35,0,0,0,0,0,0,0,1,0,0,0,0,0,0,0,0,0,0,23303601,0,33779501,275287,0,0,0,0,0,0,0,0,16384,0,0,0,0,0,0,0,0,0,0,0,7034,473,0,0,0,0,0,52800369,0,157,0,3,470,7034,0,0,0,0,0,0,0,0,0,0,0,0,0,0,0,0,0,0,0,0,0,0,0,0,0,0,0,0,0,0,0,0,0,0,0,0,0,0,0,0,0,0,0,0,0,0,0,0,0,0,0,0,0,0,242217090,0,0,0,478537054,0,0,0,0,0,0,0,72793567,108035640,276589651,170674569216,67757699,1,0,0,0,0,0,0,0,0,0,0,0,0,0,0,0,0,0,0,0,0,0,0,0,0,0,0,0,0,0,0,632,0,0,0,0,0,0,0
1787688738.983,0,0,0,0,0,0,0,710687685,1765888772608,772470273024,0,0,0,0,0,0,0,0,0,0,0,0,0,0,0,0,0,0,0,0,0,0,0,0,0,0,0,0,0,0,0,0,0,0,0,0,0,0,0,0,0,0,0,0,0,0,0,0,0,0,0,0,0,0,0,0,0,0,0,0,7,1685656,107919285,33842580,0,0,0,0,0,0,0,0,0,0,0,0,0,0,0,0,0,0,0,0,0,0,0,0,0,0,0,0,0,0,0,0,0,0,0,0,0,12883329024,10735845376,786336,655264,33790020,0,0,96,786432,107055766,796294,280,3431056594,12884901888,0,679707956,0,0,0,0,0,0,0,0,0,0,0,0,0,0,0,0,0,0,17374708,117253245,0,468,1204,7863,623,34749697,35,0,0,0,0,0,0,0,1,0,0,0,0,0,0,0,0,0,0,23309373,0,33789494,275367,0,0,0,0,0,0,0,0,16384,0,0,0,0,0,0,0,0,0,0,0,7035,473,0,0,0,0,0,52815643,0,157,0,3,470,7035,0,0,0,0,0,0,0,0,0,0,0,0,0,0,0,0,0,0,0,0,0,0,0,0,0,0,0,0,0,0,0,0,0,0,0,0,0,0,0,0,0,0,0,0,0,0,0,0,0,0,0,0,0,0,242292289,0,0,0,478622044,0,0,0,0,0,0,0,72819636,108094035,276674859,170713760768,67782314,1,1,0,0,0,0,0,0,0,0,0,0,0,0,0,0,0,0,0,0,0,0,0,0,0,0,0,0,0,0,0,844,0,0,0,0,0,0,0
1787688740.060,0,0,0,0,0,0,0,710866290,1766872943104,772681293824,0,0,0,0,0,0,0,0,0,0,0,0,0,0,0,0,0,0,0,0,0,0,0,0,0,0,0,0,0,0,0,0,0,0,0,0,0,0,0,0,0,0,0,0,0,0,0,0,0,0,0,0,0,0,0,0,0,0,0,0,7,1685681,107979494,33852598,0,0,0,0,0,0,0,0,0,0,0,0,0,0,0,0,0,0,0,0,0,0,0,0,0,0,0,0,0,0,0,0,0,0,0,0,0,12883296256,10750181376,786334,656138,33800038,1,0,97,786432,107115894,796294,280,3431938526,12884901888,0,679824920,0,0,0,0,0,0,0,0,0,0,0,0,0,0,0,0,0,0,17379882,117258419,0,468,1204,7863,623,34760043,35,0,0,0,0,0,0,0,1,0,0,0,0,0,0,0,0,0,0,23315339,0,33799512,275447,0,0,0,0,0,0,0,0,16384,0,0,0,0,0,0,0,0,0,0,0,7036,473,0,0,0,0,0,52831354,0,157,0,3,470,7036,0,0,0,0,0,0,0,0,0,0,0,0,0,0,0,0,0,0,0,0,0,0,0,0,0,0,0,0,0,0,0,0,0,0,0,0,0,0,0,0,0,0,0,0,0,0,0,0,0,0,0,0,0,0,242369584,0,0,0,478709657,0,0,0,0,0,0,0,72848370,108154099,276762204,170754200576,67809576,1,0,0,0,0,0,0,0,0,0,0,0,0,0,0,0,0,0,0,0,0,0,0,0,0,0,0,0,0,0,0,1212,0,0,0,0,0,0,0
1787688741.140,0,0,0,0,0,0,0,711047080,1767866812928,772892960256,0,0,0,0,0,0,0,0,0,0,0,0,0,0,0,0,0,0,0,0,0,0,0,0,0,0,0,0,0,0,0,0,0,0,0,0,0,0,0,0,0,0,0,0,0,0,0,0,0,0,0,0,0,0,0,0,0,0,0,0,7,1685700,108040291,33862646,0,0,0,0,0,0,0,0,0,0,0,0,0,0,0,0,0,0,0,0,0,0,0,0,0,0,0,0,0,0,0,0,0,0,0,0,0,12883329024,10766188544,786336,657116,33810086,0,0,96,786432,107176617,796294,280,3432834317,12884901888,0,679945926,0,0,0,0,0,0,0,0,0,0,0,0,0,0,0,0,0,0,17385125,117263662,0,468,1204,7863,623,34770529,35,0,0,0,0,0,0,0,1,0,0,0,0,0,0,0,0,0,0,23321385,0,33809560,275529,0,0,0,0,0,0,0,0,16384,0,0,0,0,0,0,0,0,0,0,0,7037,473,0,0,0,0,0,52847329,0,157,0,3,470,7037,0,0,0,0,0,0,0,0,0,0,0,0,0,0,0,0,0,0,0,0,0,0,0,0,0,0,0,0,0,0,0,0,0,0,0,0,0,0,0,0,0,0,0,0,0,0,0,0,0,0,0,0,0,0,242446678,0,0,0,478799485,0,0,0,0,0,0,0,72877912,108214764,276849396,170794650624,67837609,1,0,0,0,0,0,0,0,0,0,0,0,0,0,0,0,0,0,0,0,0,0,0,0,0,0,0,0,0,0,0,401,0,0,0,0,0,0,0
1787688742.220,0,0,0,0,0,0,0,711225791,1768860617216,773139867136,0,0,0,0,0,0,0,0,0,0,0,0,0,0,0,0,0,0,0,0,0,0,0,0,0,0,0,0,0,0,0,0,0,0,0,0,0,0,0,0,0,0,0,0,0,0,0,0,0,0,0,0,0,0,0,0,0,0,0,0,7,1685719,108101083,33874833,0,0,0,0,0,0,0,0,0,0,0,0,0,0,0,0,0,0,0,0,0,0,0,0,0,0,0,0,0,0,0,0,0,0,0,0,0,12878151680,10746068992,786020,655888,33820149,316,0,96,786432,107237349,796294,280,3433717116,12884901888,0,680063064,0,0,0,0,0,0,0,0,0,0,0,0,0,0,0,0,0,0,17390304,117268840,0,468,1204,7863,623,34780891,35,0,0,0,0,0,0,0,1,0,0,0,0,0,0,0,0,0,0,23327346,0,33821747,275629,0,0,0,0,0,0,0,0,16384,0,0,0,0,0,0,0,0,0,0,0,7038,473,0,0,0,0,0,52863080,0,157,0,3,470,7038,0,0,0,0,0,0,0,0,0,0,0,0,0,0,0,0,0,0,0,0,0,0,0,0,0,0,0,0,0,0,0,0,0,0,0,0,0,0,0,0,0,0,0,0,0,0,0,0,0,0,0,0,0,0,242522679,0,0,0,478887024,0,0,0,0,0,0,0,72906981,108275430,276937700,170834478080,67864902,1,0,0,0,0,0,0,0,0,0,0,0,0,0,0,0,0,0,0,0,0,0,0,0,0,0,0,0,0,0,0,770,0,0,0,0,0,0,0
1787688743.298,0,0,0,0,0,0,0,711400443,1769828059648,773424822784,0,0,0,0,0,0,0,0,0,0,0,0,0,0,0,0,0,0,0,0,0,0,0,0,0,0,0,0,0,0,0,0,0,0,0,0,0,0,0,0,0,0,0,0,0,0,0,0,0,0,0,0,0,0,0,0,0,0,0,0,7,1685800,108160278,33889433,0,0,0,0,0,0,0,0,0,0,0,0,0,0,0,0,0,0,0,0,0,0,0,0,0,0,0,0,0,0,0,0,0,0,0,0,0,12883296256,10683826176,786335,652089,33830225,0,0,97,786432,107296478,796294,280,3434580059,12884901888,0,680177560,0,0,0,0,0,0,0,0,0,0,0,0,0,0,0,0,0,0,17395370,117273906,0,468,1204,7863,623,34791020,35,0,0,0,0,0,0,0,1,0,0,0,0,0,0,0,0,0,0,23333182,0,33836230,275746,0,0,0,0,0,0,0,0,16384,0,0,0,0,0,0,0,0,0,0,0,7039,473,0,0,0,0,0,52878487,0,157,0,3,470,7039,0,0,0,0,0,0,0,0,0,0,0,0,0,0,0,0,0,0,0,0,0,0,0,0,0,0,0,0,0,0,0,0,0,0,0,0,0,0,0,0,0,0,0,0,0,0,0,0,0,0,0,0,0,0,242597788,0,0,0,478972840,0,0,0,0,0,0,0,72935528,108334501,277027482,170873628160,67891319,0,0,0,0,0,0,0,0,0,0,0,0,0,0,0,0,0,0,0,0,0,0,0,0,0,0,0,0,0,0,0,1021,0,0,0,0,0,0,0
1787688744.372,0,0,0,0,0,0,0,711577576,1770806692352,773690065408,0,0,0,0,0,0,0,0,0,0,0,0,0,0,0,0,0,0,0,0,0,0,0,0,0,0,0,0,0,0,0,0,0,0,0,0,0,0,0,0,0,0,0,0,0,0,0,0,0,0,0,0,0,0,0,0,0,0,0,0,7,1685818,108220144,33902882,0,0,0,0,0,0,0,0,0,0,0,0,0,0,0,0,0,0,0,0,0,0,0,0,0,0,0,0,0,0,0,0,0,0,0,0,0,12883312640,10641309696,786335,649494,33850322,0,0,96,786432,107356282,796294,280,3435458083,12884901888,0,680296157,0,0,0,0,0,0,0,0,0,0,0,0,0,0,0,0,0,0,17400507,117279041,0,468,1204,7863,623,34801292,35,0,0,0,0,0,0,0,1,0,0,0,0,0,0,0,0,0,0,23339094,0,33849796,275853,0,0,0,0,0,0,0,0,16384,0,0,0,0,0,0,0,0,0,0,0,7040,473,0,0,0,0,0,52894100,0,157,0,3,470,7040,0,0,0,0,0,0,0,0,0,0,0,0,0,0,0,0,0,0,0,0,0,0,0,0,0,0,0,0,0,0,0,0,0,0,0,0,0,0,0,0,0,0,0,0,0,0,0,0,0,0,0,0,0,0,242674943,0,0,0,479060933,0,0,0,0,0,0,0,72964664,108394247,277118003,170913904640,67918488,1,0,0,0,0,0,0,0,0,0,0,0,0,0,0,0,0,0,0,0,0,0,0,0,0,0,0,0,0,0,0,163,0,0,0,0,0,0,0
1787688745.452,0,0,0,0,0,0,0,711756812,1771802429952,773900385792,0,0,0,0,0,0,0,0,0,0,0,0,0,0,0,0,0,0,0,0,0,0,0,0,0,0,0,0,0,0,0,0,0,0,0,0,0,0,0,0,0,0,0,0,0,0,0,0,0,0,0,0,0,0,0,0,0,0,0,0,7,1685904,108281045,33912896,0,0,0,0,0,0,0,0,0,0,0,0,0,0,0,0,0,0,0,0,0,0,0,0,0,0,0,0,0,0,0,0,0,0,0,0,0,12883312640,10657857536,786335,650504,33860336,0,0,97,786432,107417111,796294,280,3436342922,12884901888,0,680412968,0,0,0,0,0,0,0,0,0,0,0,0,0,0,0,0,0,0,17405710,117284245,0,468,1204,7863,623,34811697,35,0,0,0,0,0,0,0,1,0,0,0,0,0,0,0,0,0,0,23345083,0,33859810,275933,0,0,0,0,0,0,0,0,16384,0,0,0,0,0,0,0,0,0,0,0,7041,473,0,0,0,0,0,52909933,0,157,0,3,470,7041,0,0,0,0,0,0,0,0,0,0,0,0,0,0,0,0,0,0,0,0,0,0,0,0,0,0,0,0,0,0,0,0,0,0,0,0,0,0,0,0,0,0,0,0,0,0,0,0,0,0,0,0,0,0,242751664,0,0,0,479148832,0,0,0,0,0,0,0,72993928,108455033,277204746,170953960448,67946319,1,0,0,0,0,0,0,0,0,0,0,0,0,0,0,0,0,0,0,0,0,0,0,0,0,0,0,0,0,0,0,575,0,0,0,0,0,0,0
1787688746.532,0,0,0,0,0,0,0,711937167,1772798036480,774110841856,0,0,0,0,0,0,0,0,0,0,0,0,0,0,0,0,0,0,0,0,0,0,0,0,0,0,0,0,0,0,0,0,0,0,0,0,0,0,0,0,0,0,0,0,0,0,0,0,0,0,0,0,0,0,0,0,0,0,0,0,7,1685932,108341952,33922898,0,0,0,0,0,0,0,0,0,0,0,0,0,0,0,0,0,0,0,0,0,0,0,0,0,0,0,0,0,0,0,0,0,0,0,0,0,12883329024,10671505408,786336,651337,33870338,0,0,96,786432,107477960,796294,280,3437232535,12884901888,0,680530522,0,0,0,0,0,0,0,0,0,0,0,0,0,0,0,0,0,0,17410937,117289471,0,468,1204,7863,623,34822152,35,0,0,0,0,0,0,0,1,0,0,0,0,0,0,0,0,0,0,23351101,0,33869812,276013,0,0,0,0,0,0,0,0,16384,0,0,0,0,0,0,0,0,0,0,0,7042,473,0,0,0,0,0,52925811,0,157,0,3,470,7042,0,0,0,0,0,0,0,0,0,0,0,0,0,0,0,0,0,0,0,0,0,0,0,0,0,0,0,0,0,0,0,0,0,0,0,0,0,0,0,0,0,0,0,0,0,0,0,0,0,0,0,0,0,0,242828836,0,0,0,479237256,0,0,0,0,0,0,0,73023124,108515794,277291939,170994198016,67974033,1,0,0,0,0,0,0,0,0,0,0,0,0,0,0,0,0,0,0,0,0,0,0,0,0,0,0,0,0,0,0,978,0,0,0,0,0,0,0
1787688747.611,0,0,0,0,0,0,0,712116397,1773789039104,774322673664,0,0,0,0,0,0,0,0,0,0,0,0,0,0,0,0,0,0,0,0,0,0,0,0,0,0,0,0,0,0,0,0,0,0,0,0,0,0,0,0,0,0,0,0,0,0,0,0,0,0,0,0,0,0,0,0,0,0,0,0,7,1685958,108402587,33932955,0,0,0,0,0,0,0,0,0,0,0,0,0,0,0,0,0,0,0,0,0,0,0,0,0,0,0,0,0,0,0,0,0,0,0,0,0,12883312640,10686201856,786335,652234,33880395,0,0,99,786432,107538532,796294,280,3438121165,12884901888,0,680650207,0,0,0,0,0,0,0,0,0,0,0,0,0,0,0,0,0,0,17416137,117294669,0,468,1204,7863,623,34832551,35,0,0,0,0,0,0,0,1,0,0,0,0,0,0,0,0,0,0,23357086,0,33879869,276093,0,0,0,0,0,0,0,0,16384,0,0,0,0,0,0,0,0,0,0,0,7043,473,0,0,0,0,0,52941605,0,157,0,3,470,7043,0,0,0,0,0,0,0,0,0,0,0,0,0,0,0,0,0,0,0,0,0,0,0,0,0,0,0,0,0,0,0,0,0,0,0,0,0,0,0,0,0,0,0,0,0,0,0,0,0,0,0,0,0,0,242906395,0,0,0,479326345,0,0,0,0,0,0,0,73051989,108576297,277379595,171034705920,68001343,0,0,0,0,0,0,0,0,0,0,0,0,0,0,0,0,0,0,0,0,0,0,0,0,0,0,0,0,0,0,0,187,0,0,0,0,0,0,0
1787688748.690,0,0,0,0,0,0,0,712295684,1774780353024,774534289408,0,0,0,0,0,0,0,0,0,0,0,0,0,0,0,0,0,0,0,0,0,0,0,0,0,0,0,0,0,0,0,0,0,0,0,0,0,0,0,0,0,0,0,0,0,0,0,0,0,0,0,0,0,0,0,0,0,0,0,0,7,1685979,108463230,33943019,0,0,0,0,0,0,0,0,0,0,0,0,0,0,0,0,0,0,0,0,0,0,0,0,0,0,0,0,0,0,0,0,0,0,0,0,0,12883329024,10699882496,786336,653069,33890459,0,0,96,786432,107599113,796294,280,3439006229,12884901888,0,680766781,0,0,0,0,0,0,0,0,0,0,0,0,0,0,0,0,0,0,17421344,117299879,0,468,1204,7863,623,34842969,35,0,0,0,0,0,0,0,1,0,0,0,0,0,0,0,0,0,0,23363085,0,33889933,276173,0,0,0,0,0,0,0,0,16384,0,0,0,0,0,0,0,0,0,0,0,7044,473,0,0,0,0,0,52957469,0,157,0,3,470,7044,0,0,0,0,0,0,0,0,0,0,0,0,0,0,0,0,0,0,0,0,0,0,0,0,0,0,0,0,0,0,0,0,0,0,0,0,0,0,0,0,0,0,0,0,0,0,0,0,0,0,0,0,0,0,242983325,0,0,0,479414346,0,0,0,0,0,0,0,73081100,108636814,277466599,171074974720,68028912,1,0,0,0,0,0,0,0,0,0,0,0,0,0,0,0,0,0,0,0,0,0,0,0,0,0,0,0,0,0,0,605,0,0,0,0,0,0,0
1787688749.770,0,0,0,0,0,0,0,712459435,1775688010240,774741325824,0,0,0,0,0,0,0,0,0,0,0,0,0,0,0,0,0,0,0,0,0,0,0,0,0,0,0,0,0,0,0,0,0,0,0,0,0,0,0,0,0,0,0,0,0,0,0,0,0,0,0,0,0,0,0,0,0,0,0,0,7,1686022,108518735,33953064,0,0,0,0,0,0,0,0,0,0,0,0,0,0,0,0,0,0,0,0,0,0,0,0,0,0,0,0,0,0,0,0,0,0,0,0,0,12883329024,10701930496,786336,653194,33900504,0,0,96,786432,107654559,796294,280,3439816697,12884901888,0,680875469,0,0,0,0,0,0,0,0,0,0,0,0,0,0,0,0,0,0,17426079,117304613,0,468,1204,7863,623,34852436,35,0,0,0,0,0,0,0,1,0,0,0,0,0,0,0,0,0,0,23368538,0,33899978,276253,0,0,0,0,0,0,0,0,16384,0,0,0,0,0,0,0,0,0,0,0,7046,473,0,0,0,0,0,52971880,0,157,0,3,470,7046,0,0,0,0,0,0,0,0,0,0,0,0,0,0,0,0,0,0,0,0,0,0,0,0,0,0,0,0,0,0,0,0,0,0,0,0,0,0,0,0,0,0,0,0,0,0,0,0,0,0,0,0,0,0,243053508,0,0,0,479494914,0,0,0,0,0,0,0,73107922,108692189,277546872,171111716352,68054256,0,0,0,0,0,0,0,0,0,0,0,0,0,0,0,0,0,0,0,0,0,0,0,0,0,0,0,0,0,0,0,535,0,0,0,0,0,0,0
1787688750.848,0,0,0,0,0,0,0,712640292,1776688974336,774952400384,0,0,0,0,0,0,0,0,0,0,0,0,0,0,0,0,0,0,0,0,0,0,0,0,0,0,0,0,0,0,0,0,0,0,0,0,0,0,0,0,0,0,0,0,0,0,0,0,0,0,0,0,0,0,0,0,0,0,0,0,7,1686082,108579967,33963111,0,0,0,0,0,0,0,0,0,0,0,0,0,0,0,0,0,0,0,0,0,0,0,0,0,0,0,0,0,0,0,0,0,0,0,0,0,12883329024,10718216192,786336,654188,33910551,0,0,96,786432,107715718,796294,280,3440708922,12884901888,0,680993069,0,0,0,0,0,0,0,0,0,0,0,0,0,0,0,0,0,0,17431327,117309862,0,468,1204,7863,623,34862934,35,0,0,0,0,0,0,0,1,0,0,0,0,0,0,0,0,0,0,23374582,0,33910025,276333,0,0,0,0,0,0,0,0,16384,0,0,0,0,0,0,0,0,0,0,0,7047,473,0,0,0,0,0,52987794,0,157,0,3,470,7047,0,0,0,0,0,0,0,0,0,0,0,0,0,0,0,0,0,0,0,0,0,0,0,0,0,0,0,0,0,0,0,0,0,0,0,0,0,0,0,0,0,0,0,0,0,0,0,0,0,0,0,0,0,0,243130252,0,0,0,479583578,0,0,0,0,0,0,0,73137571,108753277,277633699,171151783936,68082346,1,0,0,0,0,0,0,0,0,0,0,0,0,0,0,0,0,0,0,0,0,0,0,0,0,0,0,0,0,0,0,974,0,0,0,0,0,0,0
1787688751.927,0,0,0,0,0,0,0,712819645,1777677306368,775165021696,0,0,0,0,0,0,0,0,0,0,0,0,0,0,0,0,0,0,0,0,0,0,0,0,0,0,0,0,0,0,0,0,0,0,0,0,0,0,0,0,0,0,0,0,0,0,0,0,0,0,0,0,0,0,0,0,0,0,0,0,7,1686145,108640426,33973163,0,0,0,0,0,0,0,0,0,0,0,0,0,0,0,0,0,0,0,0,0,0,0,0,0,0,0,0,0,0,0,0,0,0,0,0,0,12883312640,10730995712,786335,654968,33920603,0,0,97,786432,107776094,796294,280,3441597941,12884901888,0,681113071,0,0,0,0,0,0,0,0,0,0,0,0,0,0,0,0,0,0,17436539,117315073,0,468,1204,7863,623,34873354,35,0,0,0,0,0,0,0,1,0,0,0,0,0,0,0,0,0,0,23380587,0,33920077,276413,0,0,0,0,0,0,0,0,16384,0,0,0,0,0,0,0,0,0,0,0,7048,473,0,0,0,0,0,53003616,0,157,0,3,470,7048,0,0,0,0,0,0,0,0,0,0,0,0,0,0,0,0,0,0,0,0,0,0,0,0,0,0,0,0,0,0,0,0,0,0,0,0,0,0,0,0,0,0,0,0,0,0,0,0,0,0,0,0,0,0,243208807,0,0,0,479672776,0,0,0,0,0,0,0,73167815,108813594,277722347,171192939520,68111087,1,0,0,0,0,0,0,0,0,0,0,0,0,0,0,0,0,0,0,0,0,0,0,0,0,0,0,0,0,0,0,154,0,0,0,0,0,0,0
1787688753.002,0,0,0,0,0,0,0,712994278,1778636032512,775378200064,0,0,0,0,0,0,0,0,0,0,0,0,0,0,0,0,0,0,0,0,0,0,0,0,0,0,0,0,0,0,0,0,0,0,0,0,0,0,0,0,0,0,0,0,0,0,0,0,0,0,0,0,0,0,0,0,0,0,0,0,7,1686195,108699071,33983223,0,0,0,0,0,0,0,0,0,0,0,0,0,0,0,0,0,0,0,0,0,0,0,0,0,0,0,0,0,0,0,0,0,0,0,0,0,12883329024,10740432896,786336,655544,33930663,0,0,96,786432,107834669,796294,280,3442459764,12884901888,0,681227623,0,0,0,0,0,0,0,0,0,0,0,0,0,0,0,0,0,0,17441597,117320132,0,468,1204,7863,623,34883474,35,0,0,0,0,0,0,0,1,0,0,0,0,0,0,0,0,0,0,23386409,0,33930137,276493,0,0,0,0,0,0,0,0,16384,0,0,0,0,0,0,0,0,0,0,0,7049,473,0,0,0,0,0,53018995,0,157,0,3,470,7049,0,0,0,0,0,0,0,0,0,0,0,0,0,0,0,0,0,0,0,0,0,0,0,0,0,0,0,0,0,0,0,0,0,0,0,0,0,0,0,0,0,0,0,0,0,0,0,0,0,0,0,0,0,0,243289163,0,0,0,479758487,0,0,0,0,0,0,0,73196166,108872111,277812791,171234911232,68137949,1,0,0,0,0,0,0,0,0,0,0,0,0,0,0,0,0,0,0,0,0,0,0,0,0,0,0,0,0,0,0,397,0,0,0,0,0,0,0
1787688754.081,0,0,0,0,0,0,0,713168245,1779594349056,775589100032,0,0,0,0,0,0,0,0,0,0,0,0,0,0,0,0,0,0,0,0,0,0,0,0,0,0,0,0,0,0,0,0,0,0,0,0,0,0,0,0,0,0,0,0,0,0,0,0,0,0,0,0,0,0,0,0,0,0,0,0,7,1686216,108757677,33993256,0,0,0,0,0,0,0,0,0,0,0,0,0,0,0,0,0,0,0,0,0,0,0,0,0,0,0,0,0,0,0,0,0,0,0,0,0,12883296256,10750509056,786333,656159,33940696,0,0,99,786432,107893229,796294,280,3443319112,12884901888,0,681341341,0,0,0,0,0,0,0,0,0,0,0,0,0,0,0,0,0,0,17446648,117325182,0,468,1204,7863,623,34893572,35,0,0,0,0,0,0,0,1,0,0,0,0,0,0,0,0,0,0,23392222,0,33940170,276573,0,0,0,0,0,0,0,0,16384,0,0,0,0,0,0,0,0,0,0,0,7050,473,0,0,0,0,0,53034394,0,157,0,3,470,7050,0,0,0,0,0,0,0,0,0,0,0,0,0,0,0,0,0,0,0,0,0,0,0,0,0,0,0,0,0,0,0,0,0,0,0,0,0,0,0,0,0,0,0,0,0,0,0,0,0,0,0,0,0,0,243366372,0,0,0,479844000,0,0,0,0,0,0,0,73224112,108930522,277900048,171275154432,68164441,1,1,0,0,0,0,0,0,0,0,0,0,0,0,0,0,0,0,0,0,0,0,0,0,0,0,0,0,0,0,0,639,0,0,0,0,0,0,0
1787688755.158,0,0,0,0,0,0,0,713347523,1780586269184,775802287616,0,0,0,0,0,0,0,0,0,0,0,0,0,0,0,0,0,0,0,0,0,0,0,0,0,0,0,0,0,0,0,0,0,0,0,0,0,0,0,0,0,0,0,0,0,0,0,0,0,0,0,0,0,0,0,0,0,0,0,0,7,1686246,108818359,34003299,0,0,0,0,0,0,0,0,0,0,0,0,0,0,0,0,0,0,0,0,0,0,0,0,0,0,0,0,0,0,0,0,0,0,0,0,0,12883329024,10761830400,786336,656850,33950739,0,0,96,786432,107953839,796294,280,3444204538,12884901888,0,681458541,0,0,0,0,0,0,0,0,0,0,0,0,0,0,0,0,0,0,17451844,117330378,0,468,1204,7863,623,34903967,35,0,0,0,0,0,0,0,1,0,0,0,0,0,0,0,0,0,0,23398204,0,33950213,276653,0,0,0,0,0,0,0,0,16384,0,0,0,0,0,0,0,0,0,0,0,7051,473,0,0,0,0,0,53050182,0,157,0,3,470,7051,0,0,0,0,0,0,0,0,0,0,0,0,0,0,0,0,0,0,0,0,0,0,0,0,0,0,0,0,0,0,0,0,0,0,0,0,0,0,0,0,0,0,0,0,0,0,0,0,0,0,0,0,0,0,243446891,0,0,0,479931820,0,0,0,0,0,0,0,73255447,108991076,277990630,171317297664,68194257,1,0,0,0,0,0,0,0,0,0,0,0,0,0,0,0,0,0,0,0,0,0,0,0,0,0,0,0,0,0,0,1056,0,0,0,0,0,0,0
1787688756.238,0,0,0,0,0,0,0,713522724,1781554072064,776066609152,0,0,0,0,0,0,0,0,0,0,0,0,0,0,0,0,0,0,0,0,0,0,0,0,0,0,0,0,0,0,0,0,0,0,0,0,0,0,0,0,0,0,0,0,0,0,0,0,0,0,0,0,0,0,0,0,0,0,0,0,7,1686266,108877550,34016286,0,0,0,0,0,0,0,0,0,0,0,0,0,0,0,0,0,0,0,0,0,0,0,0,0,0,0,0,0,0,0,0,0,0,0,0,0,12883329024,10723885056,786336,654534,33960787,0,0,96,786432,108012959,796294,280,3445073848,12884901888,0,681576079,0,0,0,0,0,0,0,0,0,0,0,0,0,0,0,0,0,0,17456929,117335464,0,468,1204,7863,623,34914135,35,0,0,0,0,0,0,0,1,0,0,0,0,0,0,0,0,0,0,23404067,0,33963190,276758,0,0,0,0,0,0,0,0,16384,0,0,0,0,0,0,0,0,0,0,0,7052,473,0,0,0,0,0,53065627,0,157,0,3,470,7052,0,0,0,0,0,0,0,0,0,0,0,0,0,0,0,0,0,0,0,0,0,0,0,0,0,0,0,0,0,0,0,0,0,0,0,0,0,0,0,0,0,0,0,0,0,0,0,0,0,0,0,0,0,0,243527432,0,0,0,480019110,0,0,0,0,0,0,0,73285545,109050123,278084405,171359151616,68222422,0,0,0,0,0,0,0,0,0,0,0,0,0,0,0,0,0,0,0,0,0,0,0,0,0,0,0,0,0,0,0,146,0,0,0,0,0,0,0
1787688757.316,0,0,0,0,0,0,0,713697466,1782525200896,776355310080,0,0,0,0,0,0,0,0,0,0,0,0,0,0,0,0,0,0,0,0,0,0,0,0,0,0,0,0,0,0,0,0,0,0,0,0,0,0,0,0,0,0,0,0,0,0,0,0,0,0,0,0,0,0,0,0,0,0,0,0,7,1686293,108936955,34030991,0,0,0,0,0,0,0,0,0,0,0,0,0,0,0,0,0,0,0,0,0,0,0,0,0,0,0,0,0,0,0,0,0,0,0,0,0,12883329024,10658414592,786336,650538,33970904,0,0,96,786432,108072295,796294,280,3445937275,12884901888,0,681690200,0,0,0,0,0,0,0,0,0,0,0,0,0,0,0,0,0,0,17461998,117340532,0,468,1204,7863,623,34924271,35,0,0,0,0,0,0,0,1,0,0,0,0,0,0,0,0,0,0,23409901,0,33977905,276876,0,0,0,0,0,0,0,0,16384,0,0,0,0,0,0,0,0,0,0,0,7053,473,0,0,0,0,0,53081021,0,157,0,3,470,7053,0,0,0,0,0,0,0,0,0,0,0,0,0,0,0,0,0,0,0,0,0,0,0,0,0,0,0,0,0,0,0,0,0,0,0,0,0,0,0,0,0,0,0,0,0,0,0,0,0,0,0,0,0,0,243607261,0,0,0,480104946,0,0,0,0,0,0,0,73316060,109109380,278178960,171400879616,68250807,1,0,0,0,0,0,0,0,0,0,0,0,0,0,0,0,0,0,0,0,0,0,0,0,0,0,0,0,0,0,0,415,0,0,0,0,0,0,0
1787688758.395,0,0,0,0,0,0,0,713875713,1783514368512,776606340608,0,0,0,0,0,0,0,0,0,0,0,0,0,0,0,0,0,0,0,0,0,0,0,0,0,0,0,0,0,0,0,0,0,0,0,0,0,0,0,0,0,0,0,0,0,0,0,0,0,0,0,0,0,0,0,0,0,0,0,0,7,1686364,108997467,34043607,0,0,0,0,0,0,0,0,0,0,0,0,0,0,0,0,0,0,0,0,0,0,0,0,0,0,0,0,0,0,0,0,0,0,0,0,0,12883329024,10632216576,786336,648939,33991047,0,0,96,786432,108132732,796294,280,3446817806,12884901888,0,681806706,0,0,0,0,0,0,0,0,0,0,0,0,0,0,0,0,0,0,17467170,117345705,0,468,1204,7863,623,34934618,35,0,0,0,0,0,0,0,1,0,0,0,0,0,0,0,0,0,0,23415856,0,33990521,276977,0,0,0,0,0,0,0,0,16384,0,0,0,0,0,0,0,0,0,0,0,7054,473,0,0,0,0,0,53096749,0,157,0,3,470,7054,0,0,0,0,0,0,0,0,0,0,0,0,0,0,0,0,0,0,0,0,0,0,0,0,0,0,0,0,0,0,0,0,0,0,0,0,0,0,0,0,0,0,0,0,0,0,0,0,0,0,0,0,0,0,243686519,0,0,0,480192433,0,0,0,0,0,0,0,73346810,109169727,278270635,171442296832,68279682,0,0,0,0,0,0,0,0,0,0,0,0,0,0,0,0,0,0,0,0,0,0,0,0,0,0,0,0,0,0,0,763,0,0,0,0,0,0,0
1787688759.474,0,0,0,0,0,0,0,714055753,1784510515712,776817118208,0,0,0,0,0,0,0,0,0,0,0,0,0,0,0,0,0,0,0,0,0,0,0,0,0,0,0,0,0,0,0,0,0,0,0,0,0,0,0,0,0,0,0,0,0,0,0,0,0,0,0,0,0,0,0,0,0,0,0,0,7,1686399,109058404,34053646,0,0,0,0,0,0,0,0,0,0,0,0,0,0,0,0,0,0,0,0,0,0,0,0,0,0,0,0,0,0,0,0,0,0,0,0,0,12883329024,10647977984,786336,649901,34001086,0,0,96,786432,108193586,796294,280,3447706919,12884901888,0,681923839,0,0,0,0,0,0,0,0,0,0,0,0,0,0,0,0,0,0,17472393,117350928,0,468,1204,7863,623,34945063,35,0,0,0,0,0,0,0,1,0,0,0,0,0,0,0,0,0,0,23421863,0,34000560,277057,0,0,0,0,0,0,0,0,16384,0,0,0,0,0,0,0,0,0,0,0,7055,473,0,0,0,0,0,53112632,0,157,0,3,470,7055,0,0,0,0,0,0,0,0,0,0,0,0,0,0,0,0,0,0,0,0,0,0,0,0,0,0,0,0,0,0,0,0,0,0,0,0,0,0,0,0,0,0,0,0,0,0,0,0,0,0,0,0,0,0,243763007,0,0,0,480280698,0,0,0,0,0,0,0,73376234,109230480,278357199,171482233856,68307573,1,0,0,0,0,0,0,0,0,0,0,0,0,0,0,0,0,0,0,0,0,0,0,0,0,0,0,0,0,0,0,1159,0,0,0,0,0,0,0
1787688760.553,0,0,0,0,0,0,0,714236039,1785501927936,777029166592,0,0,0,0,0,0,0,0,0,0,0,0,0,0,0,0,0,0,0,0,0,0,0,0,0,0,0,0,0,0,0,0,0,0,0,0,0,0,0,0,0,0,0,0,0,0,0,0,0,0,0,0,0,0,0,0,0,0,0,0,7,1686423,109119048,34063640,0,0,0,0,0,0,0,0,0,0,0,0,0,0,0,0,0,0,0,0,0,0,0,0,0,0,0,0,0,0,0,0,0,0,0,0,0,12883329024,10664312832,786336,650898,34011080,0,0,96,786432,108254181,796294,280,3448599849,12884901888,0,682044288,0,0,0,0,0,0,0,0,0,0,0,0,0,0,0,0,0,0,17477624,117356159,0,468,1204,7863,623,34955526,35,0,0,0,0,0,0,0,1,0,0,0,0,0,0,0,0,0,0,23427892,0,34010554,277138,0,0,0,0,0,0,0,0,16384,0,0,0,0,0,0,0,0,0,0,0,7056,473,0,0,0,0,0,53128515,0,157,0,3,470,7056,0,0,0,0,0,0,0,0,0,0,0,0,0,0,0,0,0,0,0,0,0,0,0,0,0,0,0,0,0,0,0,0,0,0,0,0,0,0,0,0,0,0,0,0,0,0,0,0,0,0,0,0,0,0,243843600,0,0,0,480370242,0,0,0,0,0,0,0,73406999,109290965,278447810,171524158464,68336866,0,0,0,0,0,0,0,0,0,0,0,0,0,0,0,0,0,0,0,0,0,0,0,0,0,0,0,0,0,0,0,405,0,0,0,0,0,0,0
1787688761.633,0,0,0,0,0,0,0,714416332,1786497829376,777240907264,0,0,0,0,0,0,0,0,0,0,0,0,0,0,0,0,0,0,0,0,0,0,0,0,0,0,0,0,0,0,0,0,0,0,0,0,0,0,0,0,0,0,0,0,0,0,0,0,0,0,0,0,0,0,0,0,0,0,0,0,7,1686443,109179957,34073640,0,0,0,0,0,0,0,0,0,0,0,0,0,0,0,0,0,0,0,0,0,0,0,0,0,0,0,0,0,0,0,0,0,0,0,0,0,12883329024,10679959552,786336,651853,34021080,0,0,97,786432,108315028,796294,280,3449490424,12884901888,0,682162254,0,0,0,0,0,0,0,0,0,0,0,0,0,0,0,0,0,0,17482852,117361387,0,468,1204,7863,623,34965981,35,0,0,0,0,0,0,0,1,0,0,0,0,0,0,0,0,0,0,23433909,0,34020554,277218,0,0,0,0,0,0,0,0,16384,0,0,0,0,0,0,0,0,0,0,0,7057,473,0,0,0,0,0,53144420,0,157,0,3,470,7057,0,0,0,0,0,0,0,0,0,0,0,0,0,0,0,0,0,0,0,0,0,0,0,0,0,0,0,0,0,0,0,0,0,0,0,0,0,0,0,0,0,0,0,0,0,0,0,0,0,0,0,0,0,0,243923170,0,0,0,480458625,0,0,0,0,0,0,0,73437253,109351719,278537398,171565559808,68365652,0,0,0,0,0,0,0,0,0,0,0,0,0,0,0,0,0,0,0,0,0,0,0,0,0,0,0,0,0,0,0,810,0,0,0,0,0,0,0
1787688762.712,0,0,0,0,0,0,0,714596233,1787495942656,777453605888,0,0,0,0,0,0,0,0,0,0,0,0,0,0,0,0,0,0,0,0,0,0,0,0,0,0,0,0,0,0,0,0,0,0,0,0,0,0,0,0,0,0,0,0,0,0,0,0,0,0,0,0,0,0,0,0,0,0,0,0,7,1686465,109241007,34083640,0,0,0,0,0,0,0,0,0,0,0,0,0,0,0,0,0,0,0,0,0,0,0,0,0,0,0,0,0,0,0,0,0,0,0,0,0,12883329024,10695786496,786336,652819,34031080,0,0,96,786432,108376005,796294,280,3450378861,12884901888,0,682279611,0,0,0,0,0,0,0,0,0,0,0,0,0,0,0,0,0,0,17488064,117366599,0,468,1204,7863,623,34976408,35,0,0,0,0,0,0,0,1,0,0,0,0,0,0,0,0,0,0,23439905,0,34030554,277298,0,0,0,0,0,0,0,0,16384,0,0,0,0,0,0,0,0,0,0,0,7059,473,0,0,0,0,0,53160239,0,157,0,3,470,7059,0,0,0,0,0,0,0,0,0,0,0,0,0,0,0,0,0,0,0,0,0,0,0,0,0,0,0,0,0,0,0,0,0,0,0,0,0,0,0,0,0,0,0,0,0,0,0,0,0,0,0,0,0,0,244004467,0,0,0,480546793,0,0,0,0,0,0,0,73468630,109412622,278628707,171607956992,68395511,1,1,0,0,0,0,0,0,0,0,0,0,0,0,0,0,0,0,0,0,0,0,0,0,0,0,0,0,0,0,0,1210,0,0,0,0,0,0,0
1787688763.790,0,0,0,0,0,0,0,714776334,1788492876288,777666855424,0,0,0,0,0,0,0,0,0,0,0,0,0,0,0,0,0,0,0,0,0,0,0,0,0,0,0,0,0,0,0,0,0,0,0,0,0,0,0,0,0,0,0,0,0,0,0,0,0,0,0,0,0,0,0,0,0,0,0,0,7,1686488,109301977,34093617,0,0,0,0,0,0,0,0,0,0,0,0,0,0,0,0,0,0,0,0,0,0,0,0,0,0,0,0,0,0,0,0,0,0,0,0,0,12883329024,10712481792,786336,653838,34041057,0,0,96,786432,108436902,796294,280,3451272038,12884901888,0,682399902,0,0,0,0,0,0,0,0,0,0,0,0,0,0,0,0,0,0,17493294,117371829,0,468,1204,7863,623,34986866,35,0,0,0,0,0,0,0,1,0,0,0,0,0,0,0,0,0,0,23445923,0,34040531,277378,0,0,0,0,0,0,0,0,16384,0,0,0,0,0,0,0,0,0,0,0,7060,473,0,0,0,0,0,53176111,0,157,0,3,470,7060,0,0,0,0,0,0,0,0,0,0,0,0,0,0,0,0,0,0,0,0,0,0,0,0,0,0,0,0,0,0,0,0,0,0,0,0,0,0,0,0,0,0,0,0,0,0,0,0,0,0,0,0,0,0,244087407,0,0,0,480636307,0,0,0,0,0,0,0,73500121,109473469,278721655,171651159040,68425517,1,0,0,0,0,0,0,0,0,0,0,0,0,0,0,0,0,0,0,0,0,0,0,0,0,0,0,0,0,0,0,429,0,0,0,0,0,0,0
1787688764.868,0,0,0,0,0,0,0,714952029,1789460466176,777880188416,0,0,0,0,0,0,0,0,0,0,0,0,0,0,0,0,0,0,0,0,0,0,0,0,0,0,0,0,0,0,0,0,0,0,0,0,0,0,0,0,0,0,0,0,0,0,0,0,0,0,0,0,0,0,0,0,0,0,0,0,7,1686511,109361176,34103695,0,0,0,0,0,0,0,0,0,0,0,0,0,0,0,0,0,0,0,0,0,0,0,0,0,0,0,0,0,0,0,0,0,0,0,0,0,12883329024,10723000320,786336,654480,34051135,0,0,97,786432,108496010,796294,280,3452139714,12884901888,0,682514861,0,0,0,0,0,0,0,0,0,0,0,0,0,0,0,0,0,0,17498390,117376924,0,468,1204,7863,623,34997059,35,0,0,0,0,0,0,0,1,0,0,0,0,0,0,0,0,0,0,23451795,0,34050609,277458,0,0,0,0,0,0,0,0,16384,0,0,0,0,0,0,0,0,0,0,0,7061,473,0,0,0,0,0,53191593,0,157,0,3,470,7061,0,0,0,0,0,0,0,0,0,0,0,0,0,0,0,0,0,0,0,0,0,0,0,0,0,0,0,0,0,0,0,0,0,0,0,0,0,0,0,0,0,0,0,0,0,0,0,0,0,0,0,0,0,0,244167984,0,0,0,480722573,0,0,0,0,0,0,0,73529448,109532529,278812353,171693065216,68453400,1,0,0,0,0,0,0,0,0,0,0,0,0,0,0,0,0,0,0,0,0,0,0,0,0,0,0,0,0,0,0,707,0,0,0,0,0,0,0
1787688765.943,0,0,0,0,0,0,0,715126415,1790416898560,778092563456,0,0,0,0,0,0,0,0,0,0,0,0,0,0,0,0,0,0,0,0,0,0,0,0,0,0,0,0,0,0,0,0,0,0,0,0,0,0,0,0,0,0,0,0,0,0,0,0,0,0,0,0,0,0,0,0,0,0,0,0,7,1686530,109419673,34113730,0,0,0,0,0,0,0,0,0,0,0,0,0,0,0,0,0,0,0,0,0,0,0,0,0,0,0,0,0,0,0,0,0,0,0,0,0,12883329024,10731864064,786336,655021,34061170,0,0,96,786432,108554440,796294,280,3453000905,12884901888,0,682629359,0,0,0,0,0,0,0,0,0,0,0,0,0,0,0,0,0,0,17503445,117381980,0,468,1204,7863,623,35007167,35,0,0,0,0,0,0,0,1,0,0,0,0,0,0,0,0,0,0,23457614,0,34060644,277538,0,0,0,0,0,0,0,0,16384,0,0,0,0,0,0,0,0,0,0,0,7062,473,0,0,0,0,0,53206957,0,157,0,3,470,7062,0,0,0,0,0,0,0,0,0,0,0,0,0,0,0,0,0,0,0,0,0,0,0,0,0,0,0,0,0,0,0,0,0,0,0,0,0,0,0,0,0,0,0,0,0,0,0,0,0,0,0,0,0,0,244247977,0,0,0,480808219,0,0,0,0,0,0,0,73557150,109590884,278902411,171734829568,68479736,1,0,0,0,0,0,0,0,0,0,0,0,0,0,0,0,0,0,0,0,0,0,0,0,0,0,0,0,0,0,0,966,0,0,0,0,0,0,0
1787688767.023,0,0,0,0,0,0,0,715306609,1791410768384,778307354112,0,0,0,0,0,0,0,0,0,0,0,0,0,0,0,0,0,0,0,0,0,0,0,0,0,0,0,0,0,0,0,0,0,0,0,0,0,0,0,0,0,0,0,0,0,0,0,0,0,0,0,0,0,0,0,0,0,0,0,0,7,1686551,109480458,34123827,0,0,0,0,0,0,0,0,0,0,0,0,0,0,0,0,0,0,0,0,0,0,0,0,0,0,0,0,0,0,0,0,0,0,0,0,0,12883329024,10745921536,786336,655879,34071267,0,0,96,786432,108615165,796294,280,3453893759,12884901888,0,682749818,0,0,0,0,0,0,0,0,0,0,0,0,0,0,0,0,0,0,17508670,117387205,0,468,1204,7863,623,35017621,35,0,0,0,0,0,0,0,1,0,0,0,0,0,0,0,0,0,0,23463630,0,34070741,277618,0,0,0,0,0,0,0,0,16384,0,0,0,0,0,0,0,0,0,0,0,7063,473,0,0,0,0,0,53222831,0,157,0,3,470,7063,0,0,0,0,0,0,0,0,0,0,0,0,0,0,0,0,0,0,0,0,0,0,0,0,0,0,0,0,0,0,0,0,0,0,0,0,0,0,0,0,0,0,0,0,0,0,0,0,0,0,0,0,0,0,244330369,0,0,0,480897806,0,0,0,0,0,0,0,73588340,109651529,278994907,171777751552,68509438,0,0,0,0,0,0,0,0,0,0,0,0,0,0,0,0,0,0,0,0,0,0,0,0,0,0,0,0,0,0,0,169,0,0,0,0,0,0,0
1787688768.102,0,0,0,0,0,0,0,715483449,1792393120256,778519558144,0,0,0,0,0,0,0,0,0,0,0,0,0,0,0,0,0,0,0,0,0,0,0,0,0,0,0,0,0,0,0,0,0,0,0,0,0,0,0,0,0,0,0,0,0,0,0,0,0,0,0,0,0,0,0,0,0,0,0,0,7,1686584,109540541,34133860,0,0,0,0,0,0,0,0,0,0,0,0,0,0,0,0,0,0,0,0,0,0,0,0,0,0,0,0,0,0,0,0,0,0,0,0,0,12883329024,10759225344,786336,656691,34081300,0,0,96,786432,108675183,796294,280,3454767416,12884901888,0,682865211,0,0,0,0,0,0,0,0,0,0,0,0,0,0,0,0,0,0,17513804,117392340,0,468,1204,7863,623,35027884,35,0,0,0,0,0,0,0,1,0,0,0,0,0,0,0,0,0,0,23469539,0,34080774,277698,0,0,0,0,0,0,0,0,16384,0,0,0,0,0,0,0,0,0,0,0,7064,473,0,0,0,0,0,53238444,0,157,0,3,470,7064,0,0,0,0,0,0,0,0,0,0,0,0,0,0,0,0,0,0,0,0,0,0,0,0,0,0,0,0,0,0,0,0,0,0,0,0,0,0,0,0,0,0,0,0,0,0,0,0,0,0,0,0,0,0,244409843,0,0,0,480984608,0,0,0,0,0,0,0,73617964,109711448,279084450,171819322880,68537602,0,0,0,0,0,0,0,0,0,0,0,0,0,0,0,0,0,0,0,0,0,0,0,0,0,0,0,0,0,0,0,481,0,0,0,0,0,0,0
1787688769.173,0,0,0,0,0,0,0,715656468,1793354746368,778732157440,0,0,0,0,0,0,0,0,0,0,0,0,0,0,0,0,0,0,0,0,0,0,0,0,0,0,0,0,0,0,0,0,0,0,0,0,0,0,0,0,0,0,0,0,0,0,0,0,0,0,0,0,0,0,0,0,0,0,0,0,7,1686630,109599363,34143922,0,0,0,0,0,0,0,0,0,0,0,0,0,0,0,0,0,0,0,0,0,0,0,0,0,0,0,0,0,0,0,0,0,0,0,0,0,12883312640,10768220160,786335,657240,34091362,0,0,97,786432,108733938,796294,280,3455622148,12884901888,0,682978091,0,0,0,0,0,0,0,0,0,0,0,0,0,0,0,0,0,0,17518821,117397357,0,468,1204,7863,623,35037920,35,0,0,0,0,0,0,0,1,0,0,0,0,0,0,0,0,0,0,23475315,0,34090836,277778,0,0,0,0,0,0,0,0,16384,0,0,0,0,0,0,0,0,0,0,0,7065,473,0,0,0,0,0,53253679,0,157,0,3,470,7065,0,0,0,0,0,0,0,0,0,0,0,0,0,0,0,0,0,0,0,0,0,0,0,0,0,0,0,0,0,0,0,0,0,0,0,0,0,0,0,0,0,0,0,0,0,0,0,0,0,0,0,0,0,0,244489187,0,0,0,481069654,0,0,0,0,0,0,0,73646372,109770130,279173875,171860750336,68564470,0,0,0,0,0,0,0,0,0,0,0,0,0,0,0,0,0,0,0,0,0,0,0,0,0,0,0,0,0,0,0,710,0,0,0,0,0,0,0
1787688770.253,0,0,0,0,0,0,0,715822384,1794273200640,779003790336,0,0,0,0,0,0,0,0,0,0,0,0,0,0,0,0,0,0,0,0,0,0,0,0,0,0,0,0,0,0,0,0,0,0,0,0,0,0,0,0,0,0,0,0,0,0,0,0,0,0,0,0,0,0,0,0,0,0,0,0,7,1686691,109655518,34157679,0,0,0,0,0,0,0,0,0,0,0,0,0,0,0,0,0,0,0,0,0,0,0,0,0,0,0,0,0,0,0,0,0,0,0,0,0,12883312640,10709385216,786335,653649,34101424,0,0,97,786432,108790025,796294,280,3456442004,12884901888,0,683087300,0,0,0,0,0,0,0,0,0,0,0,0,0,0,0,0,0,0,17523636,117402171,0,468,1204,7863,623,35047552,35,0,0,0,0,0,0,0,1,0,0,0,0,0,0,0,0,0,0,23480861,0,34104593,277888,0,0,0,0,0,0,0,0,16384,0,0,0,0,0,0,0,0,0,0,0,7066,473,0,0,0,0,0,53268333,0,157,0,3,470,7066,0,0,0,0,0,0,0,0,0,0,0,0,0,0,0,0,0,0,0,0,0,0,0,0,0,0,0,0,0,0,0,0,0,0,0,0,0,0,0,0,0,0,0,0,0,0,0,0,0,0,0,0,0,0,244564734,0,0,0,481151361,0,0,0,0,0,0,0,73673009,109826167,279263302,171900120576,68589070,1,0,0,0,0,0,0,0,0,0,0,0,0,0,0,0,0,0,0,0,0,0,0,0,0,0,0,0,0,0,0,732,0,0,0,0,0,0,0
1787688771.329,0,0,0,0,0,0,0,715988520,1795194030592,779286178304,0,0,0,0,0,0,0,0,0,0,0,0,0,0,0,0,0,0,0,0,0,0,0,0,0,0,0,0,0,0,0,0,0,0,0,0,0,0,0,0,0,0,0,0,0,0,0,0,0,0,0,0,0,0,0,0,0,0,0,0,7,1686711,109711831,34172119,0,0,0,0,0,0,0,0,0,0,0,0,0,0,0,0,0,0,0,0,0,0,0,0,0,0,0,0,0,0,0,0,0,0,0,0,0,12883329024,10639261696,786336,649369,34111459,0,0,96,786432,108846245,796294,280,3457263805,12884901888,0,683196955,0,0,0,0,0,0,0,0,0,0,0,0,0,0,0,0,0,0,17528451,117406986,0,468,1204,7863,623,35057181,35,0,0,0,0,0,0,0,1,0,0,0,0,0,0,0,0,0,0,23486410,0,34118990,278002,0,0,0,0,0,0,0,0,16384,0,0,0,0,0,0,0,0,0,0,0,7067,473,0,0,0,0,0,53282983,0,157,0,3,470,7067,0,0,0,0,0,0,0,0,0,0,0,0,0,0,0,0,0,0,0,0,0,0,0,0,0,0,0,0,0,0,0,0,0,0,0,0,0,0,0,0,0,0,0,0,0,0,0,0,0,0,0,0,0,0,244642103,0,0,0,481233088,0,0,0,0,0,0,0,73700082,109882357,279355160,171940325376,68614078,1,0,0,0,0,0,0,0,0,0,0,0,0,0,0,0,0,0,0,0,0,0,0,0,0,0,0,0,0,0,0,746,0,0,0,0,0,0,0
1787688772.406,0,0,0,0,0,0,0,716158914,1796130015744,779528746496,0,0,0,0,0,0,0,0,0,0,0,0,0,0,0,0,0,0,0,0,0,0,0,0,0,0,0,0,0,0,0,0,0,0,0,0,0,0,0,0,0,0,0,0,0,0,0,0,0,0,0,0,0,0,0,0,0,0,0,0,7,1686795,109769092,34184134,0,0,0,0,0,0,0,0,0,0,0,0,0,0,0,0,0,0,0,0,0,0,0,0,0,0,0,0,0,0,0,0,0,0,0,0,0,12883312640,10612523008,786335,647737,34131574,0,0,97,786432,108903446,796294,280,3458105518,12884901888,0,683309232,0,0,0,0,0,0,0,0,0,0,0,0,0,0,0,0,0,0,17533388,117411922,0,468,1204,7863,623,35067055,35,0,0,0,0,0,0,0,1,0,0,0,0,0,0,0,0,0,0,23492090,0,34131048,278098,0,0,0,0,0,0,0,0,16384,0,0,0,0,0,0,0,0,0,0,0,7068,473,0,0,0,0,0,53298003,0,157,0,3,470,7068,0,0,0,0,0,0,0,0,0,0,0,0,0,0,0,0,0,0,0,0,0,0,0,0,0,0,0,0,0,0,0,0,0,0,0,0,0,0,0,0,0,0,0,0,0,0,0,0,0,0,0,0,0,0,244719693,0,0,0,481316733,0,0,0,0,0,0,0,73727286,109939467,279444744,171980849664,68639532,0,0,0,0,0,0,0,0,0,0,0,0,0,0,0,0,0,0,0,0,0,0,0,0,0,0,0,0,0,0,0,906,0,0,0,0,0,0,0
1787688773.482,0,0,0,0,0,0,0,716334201,1797100653056,779739590144,0,0,0,0,0,0,0,0,0,0,0,0,0,0,0,0,0,0,0,0,0,0,0,0,0,0,0,0,0,0,0,0,0,0,0,0,0,0,0,0,0,0,0,0,0,0,0,0,0,0,0,0,0,0,0,0,0,0,0,0,7,1686821,109828458,34194153,0,0,0,0,0,0,0,0,0,0,0,0,0,0,0,0,0,0,0,0,0,0,0,0,0,0,0,0,0,0,0,0,0,0,0,0,0,12883329024,10624548864,786336,648471,34141593,0,0,96,786432,108962722,796294,280,3458971371,12884901888,0,683423981,0,0,0,0,0,0,0,0,0,0,0,0,0,0,0,0,0,0,17538473,117417009,0,468,1204,7863,623,35077222,35,0,0,0,0,0,0,0,1,0,0,0,0,0,0,0,0,0,0,23497939,0,34141067,278178,0,0,0,0,0,0,0,0,16384,0,0,0,0,0,0,0,0,0,0,0,7069,473,0,0,0,0,0,53313476,0,157,0,3,470,7069,0,0,0,0,0,0,0,0,0,0,0,0,0,0,0,0,0,0,0,0,0,0,0,0,0,0,0,0,0,0,0,0,0,0,0,0,0,0,0,0,0,0,0,0,0,0,0,0,0,0,0,0,0,0,244797167,0,0,0,481402781,0,0,0,0,0,0,0,73755173,109998678,279532278,172021243392,68665895,1,1,0,0,0,0,0,0,0,0,0,0,0,0,0,0,0,0,0,0,0,0,0,0,0,0,0,0,0,0,0,1192,0,0,0,0,0,0,0
1787688774.560,0,0,0,0,0,0,0,716506828,1798056200704,779951683584,0,0,0,0,0,0,0,0,0,0,0,0,0,0,0,0,0,0,0,0,0,0,0,0,0,0,0,0,0,0,0,0,0,0,0,0,0,0,0,0,0,0,0,0,0,0,0,0,0,0,0,0,0,0,0,0,0,0,0,0,7,1686847,109886904,34204190,0,0,0,0,0,0,0,0,0,0,0,0,0,0,0,0,0,0,0,0,0,0,0,0,0,0,0,0,0,0,0,0,0,0,0,0,0,12883329024,10633396224,786336,649011,34151630,0,0,96,786432,109021108,796294,280,3459827898,12884901888,0,683540456,0,0,0,0,0,0,0,0,0,0,0,0,0,0,0,0,0,0,17543476,117422010,0,468,1204,7863,623,35087229,35,0,0,0,0,0,0,0,1,0,0,0,0,0,0,0,0,0,0,23503700,0,34151104,278258,0,0,0,0,0,0,0,0,16384,0,0,0,0,0,0,0,0,0,0,0,7070,473,0,0,0,0,0,53328686,0,157,0,3,470,7070,0,0,0,0,0,0,0,0,0,0,0,0,0,0,0,0,0,0,0,0,0,0,0,0,0,0,0,0,0,0,0,0,0,0,0,0,0,0,0,0,0,0,0,0,0,0,0,0,0,0,0,0,0,0,244876265,0,0,0,481488746,0,0,0,0,0,0,0,73783189,110056973,279621443,172062567936,68692439,1,1,0,0,0,0,0,0,0,0,0,0,0,0,0,0,0,0,0,0,0,0,0,0,0,0,0,0,0,0,0,210,0,0,0,0,0,0,0
1787688775.636,0,0,0,0,0,0,0,716678759,1799004572160,780164777472,0,0,0,0,0,0,0,0,0,0,0,0,0,0,0,0,0,0,0,0,0,0,0,0,0,0,0,0,0,0,0,0,0,0,0,0,0,0,0,0,0,0,0,0,0,0,0,0,0,0,0,0,0,0,0,0,0,0,0,0,7,1686864,109944907,34214315,0,0,0,0,0,0,0,0,0,0,0,0,0,0,0,0,0,0,0,0,0,0,0,0,0,0,0,0,0,0,0,0,0,0,0,0,0,12883329024,10639638528,786336,649392,34161755,0,0,96,786432,109079045,796294,280,3460677027,12884901888,0,683653073,0,0,0,0,0,0,0,0,0,0,0,0,0,0,0,0,0,0,17548458,117426994,0,468,1204,7863,623,35097199,35,0,0,0,0,0,0,0,1,0,0,0,0,0,0,0,0,0,0,23509439,0,34161229,278338,0,0,0,0,0,0,0,0,16384,0,0,0,0,0,0,0,0,0,0,0,7071,473,0,0,0,0,0,53343869,0,157,0,3,470,7071,0,0,0,0,0,0,0,0,0,0,0,0,0,0,0,0,0,0,0,0,0,0,0,0,0,0,0,0,0,0,0,0,0,0,0,0,0,0,0,0,0,0,0,0,0,0,0,0,0,0,0,0,0,0,244954646,0,0,0,481573211,0,0,0,0,0,0,0,73810700,110114844,279709981,172103525888,68718479,1,0,0,0,0,0,0,0,0,0,0,0,0,0,0,0,0,0,0,0,0,0,0,0,0,0,0,0,0,0,0,417,0,0,0,0,0,0,0
1787688776.710,0,0,0,0,0,0,0,716851319,1799959104000,780376309248,0,0,0,0,0,0,0,0,0,0,0,0,0,0,0,0,0,0,0,0,0,0,0,0,0,0,0,0,0,0,0,0,0,0,0,0,0,0,0,0,0,0,0,0,0,0,0,0,0,0,0,0,0,0,0,0,0,0,0,0,7,1686887,110003288,34224359,0,0,0,0,0,0,0,0,0,0,0,0,0,0,0,0,0,0,0,0,0,0,0,0,0,0,0,0,0,0,0,0,0,0,0,0,0,12883296256,10650697728,786335,650067,34171799,0,0,96,786432,109137351,796294,280,3461529427,12884901888,0,683766424,0,0,0,0,0,0,0,0,0,0,0,0,0,0,0,0,0,0,17553465,117432000,0,468,1204,7863,623,35107211,35,0,0,0,0,0,0,0,1,0,0,0,0,0,0,0,0,0,0,23515202,0,34171273,278418,0,0,0,0,0,0,0,0,16384,0,0,0,0,0,0,0,0,0,0,0,7073,473,0,0,0,0,0,53359111,0,157,0,3,470,7073,0,0,0,0,0,0,0,0,0,0,0,0,0,0,0,0,0,0,0,0,0,0,0,0,0,0,0,0,0,0,0,0,0,0,0,0,0,0,0,0,0,0,0,0,0,0,0,0,0,0,0,0,0,0,245032822,0,0,0,481657973,0,0,0,0,0,0,0,73838421,110173089,279798216,172144396800,68744746,1,1,0,0,0,0,0,0,0,0,0,0,0,0,0,0,0,0,0,0,0,0,0,0,0,0,0,0,0,0,0,630,0,0,0,0,0,0,0
1787688777.789,0,0,0,0,0,0,0,717023770,1800912325120,780587241472,0,0,0,0,0,0,0,0,0,0,0,0,0,0,0,0,0,0,0,0,0,0,0,0,0,0,0,0,0,0,0,0,0,0,0,0,0,0,0,0,0,0,0,0,0,0,0,0,0,0,0,0,0,0,0,0,0,0,0,0,7,1686912,110061600,34234373,0,0,0,0,0,0,0,0,0,0,0,0,0,0,0,0,0,0,0,0,0,0,0,0,0,0,0,0,0,0,0,0,0,0,0,0,0,12883329024,10661249024,786336,650711,34181813,0,0,96,786432,109195575,796294,280,3462381326,12884901888,0,683879519,0,0,0,0,0,0,0,0,0,0,0,0,0,0,0,0,0,0,17558464,117437000,0,468,1204,7863,623,35117204,35,0,0,0,0,0,0,0,1,0,0,0,0,0,0,0,0,0,0,23520958,0,34181287,278498,0,0,0,0,0,0,0,0,16384,0,0,0,0,0,0,0,0,0,0,0,7074,473,0,0,0,0,0,53374282,0,157,0,3,470,7074,0,0,0,0,0,0,0,0,0,0,0,0,0,0,0,0,0,0,0,0,0,0,0,0,0,0,0,0,0,0,0,0,0,0,0,0,0,0,0,0,0,0,0,0,0,0,0,0,0,0,0,0,0,0,245111263,0,0,0,481742696,0,0,0,0,0,0,0,73866259,110231256,279886705,172185199616,68771182,0,0,0,0,0,0,0,0,0,0,0,0,0,0,0,0,0,0,0,0,0,0,0,0,0,0,0,0,0,0,0,815,0,0,0,0,0,0,0
1787688778.863,0,0,0,0,0,0,0,717198249,1801881520640,780799091712,0,0,0,0,0,0,0,0,0,0,0,0,0,0,0,0,0,0,0,0,0,0,0,0,0,0,0,0,0,0,0,0,0,0,0,0,0,0,0,0,0,0,0,0,0,0,0,0,0,0,0,0,0,0,0,0,0,0,0,0,7,1686931,110120885,34244437,0,0,0,0,0,0,0,0,0,0,0,0,0,0,0,0,0,0,0,0,0,0,0,0,0,0,0,0,0,0,0,0,0,0,0,0,0,12883329024,10672685056,786336,651409,34191877,0,0,96,786432,109254790,796294,280,3463243704,12884901888,0,683993643,0,0,0,0,0,0,0,0,0,0,0,0,0,0,0,0,0,0,17563525,117442060,0,468,1204,7863,623,35127330,35,0,0,0,0,0,0,0,1,0,0,0,0,0,0,0,0,0,0,23526785,0,34191351,278578,0,0,0,0,0,0,0,0,16384,0,0,0,0,0,0,0,0,0,0,0,7075,473,0,0,0,0,0,53389662,0,157,0,3,470,7075,0,0,0,0,0,0,0,0,0,0,0,0,0,0,0,0,0,0,0,0,0,0,0,0,0,0,0,0,0,0,0,0,0,0,0,0,0,0,0,0,0,0,0,0,0,0,0,0,0,0,0,0,0,0,245189603,0,0,0,481828375,0,0,0,0,0,0,0,73895602,110290401,279975146,172226011136,68799006,1,0,0,0,0,0,0,0,0,0,0,0,0,0,0,0,0,0,0,0,0,0,0,0,0,0,0,0,0,0,0,1078,0,0,0,0,0,0,0
1787688779.942,0,0,0,0,0,0,0,717367147,1802812099072,781011057152,0,0,0,0,0,0,0,0,0,0,0,0,0,0,0,0,0,0,0,0,0,0,0,0,0,0,0,0,0,0,0,0,0,0,0,0,0,0,0,0,0,0,0,0,0,0,0,0,0,0,0,0,0,0,0,0,0,0,0,0,7,1686983,110177808,34254545,0,0,0,0,0,0,0,0,0,0,0,0,0,0,0,0,0,0,0,0,0,0,0,0,0,0,0,0,0,0,0,0,0,0,0,0,0,12883312640,10677633024,786335,651711,34201985,0,0,97,786432,109311618,796294,280,3464077674,12884901888,0,684104362,0,0,0,0,0,0,0,0,0,0,0,0,0,0,0,0,0,0,17568425,117446961,0,468,1204,7863,623,35137128,35,0,0,0,0,0,0,0,1,0,0,0,0,0,0,0,0,0,0,23532429,0,34201459,278660,0,0,0,0,0,0,0,0,16384,0,0,0,0,0,0,0,0,0,0,0,7076,473,0,0,0,0,0,53404593,0,157,0,3,470,7076,0,0,0,0,0,0,0,0,0,0,0,0,0,0,0,0,0,0,0,0,0,0,0,0,0,0,0,0,0,0,0,0,0,0,0,0,0,0,0,0,0,0,0,0,0,0,0,0,0,0,0,0,0,0,245267117,0,0,0,481911457,0,0,0,0,0,0,0,73921283,110347183,280062810,172266304512,68823249,1,0,0,0,0,0,0,0,0,0,0,0,0,0,0,0,0,0,0,0,0,0,0,0,0,0,0,0,0,0,0,1176,0,0,0,0,0,0,0
1787688781.015,0,0,0,0,0,0,0,717536260,1803747625472,781224393728,0,0,0,0,0,0,0,0,0,0,0,0,0,0,0,0,0,0,0,0,0,0,0,0,0,0,0,0,0,0,0,0,0,0,0,0,0,0,0,0,0,0,0,0,0,0,0,0,0,0,0,0,0,0,0,0,0,0,0,0,7,1687032,110235042,34264662,0,0,0,0,0,0,0,0,0,0,0,0,0,0,0,0,0,0,0,0,0,0,0,0,0,0,0,0,0,0,0,0,0,0,0,0,0,12883329024,10682744832,786336,652023,34212102,0,0,96,786432,109368758,796294,280,3464916072,12884901888,0,684217913,0,0,0,0,0,0,0,0,0,0,0,0,0,0,0,0,0,0,17573329,117451864,0,468,1204,7863,623,35146934,35,0,0,0,0,0,0,0,1,0,0,0,0,0,0,0,0,0,0,23538089,0,34211576,278742,0,0,0,0,0,0,0,0,16384,0,0,0,0,0,0,0,0,0,0,0,7077,473,0,0,0,0,0,53419516,0,157,0,3,470,7077,0,0,0,0,0,0,0,0,0,0,0,0,0,0,0,0,0,0,0,0,0,0,0,0,0,0,0,0,0,0,0,0,0,0,0,0,0,0,0,0,0,0,0,0,0,0,0,0,0,0,0,0,0,0,245346741,0,0,0,481995811,0,0,0,0,0,0,0,73947506,110404258,280152588,172307810304,68847944,1,0,0,0,0,0,0,0,0,0,0,0,0,0,0,0,0,0,0,0,0,0,0,0,0,0,0,0,0,0,0,119,0,0,0,0,0,0,0
1787688782.098,0,0,0,0,0,0,0,717707343,1804694751744,781436729344,0,0,0,0,0,0,0,0,0,0,0,0,0,0,0,0,0,0,0,0,0,0,0,0,0,0,0,0,0,0,0,0,0,0,0,0,0,0,0,0,0,0,0,0,0,0,0,0,0,0,0,0,0,0,0,0,0,0,0,0,7,1687100,110292974,34274752,0,0,0,0,0,0,0,0,0,0,0,0,0,0,0,0,0,0,0,0,0,0,0,0,0,0,0,0,0,0,0,0,0,0,0,0,0,12883329024,10691313664,786336,652546,34222192,0,0,96,786432,109426610,796294,280,3465761444,12884901888,0,684330255,0,0,0,0,0,0,0,0,0,0,0,0,0,0,0,0,0,0,17578285,117456821,0,468,1204,7863,623,35156846,35,0,0,0,0,0,0,0,1,0,0,0,0,0,0,0,0,0,0,23543789,0,34221666,278822,0,0,0,0,0,0,0,0,16384,0,0,0,0,0,0,0,0,0,0,0,7078,473,0,0,0,0,0,53434609,0,157,0,3,470,7078,0,0,0,0,0,0,0,0,0,0,0,0,0,0,0,0,0,0,0,0,0,0,0,0,0,0,0,0,0,0,0,0,0,0,0,0,0,0,0,0,0,0,0,0,0,0,0,0,0,0,0,0,0,0,245425198,0,0,0,482079891,0,0,0,0,0,0,0,73975165,110462075,280241169,172348696576,68874216,0,0,0,0,0,0,0,0,0,0,0,0,0,0,0,0,0,0,0,0,0,0,0,0,0,0,0,0,0,0,0,262,0,0,0,0,0,0,0
1787688783.176,0,0,0,0,0,0,0,717880118,1805651036672,781649016832,0,0,0,0,0,0,0,0,0,0,0,0,0,0,0,0,0,0,0,0,0,0,0,0,0,0,0,0,0,0,0,0,0,0,0,0,0,0,0,0,0,0,0,0,0,0,0,0,0,0,0,0,0,0,0,0,0,0,0,0,7,1687147,110351455,34284840,0,0,0,0,0,0,0,0,0,0,0,0,0,0,0,0,0,0,0,0,0,0,0,0,0,0,0,0,0,0,0,0,0,0,0,0,0,12883329024,10700505088,786336,653107,34232280,0,0,96,786432,109485005,796294,280,3466613823,12884901888,0,684443067,0,0,0,0,0,0,0,0,0,0,0,0,0,0,0,0,0,0,17583299,117461835,0,468,1204,7863,623,35166873,35,0,0,0,0,0,0,0,1,0,0,0,0,0,0,0,0,0,0,23549564,0,34231754,278902,0,0,0,0,0,0,0,0,16384,0,0,0,0,0,0,0,0,0,0,0,7079,473,0,0,0,0,0,53449833,0,157,0,3,470,7079,0,0,0,0,0,0,0,0,0,0,0,0,0,0,0,0,0,0,0,0,0,0,0,0,0,0,0,0,0,0,0,0,0,0,0,0,0,0,0,0,0,0,0,0,0,0,0,0,0,0,0,0,0,0,245503545,0,0,0,482164768,0,0,0,0,0,0,0,74003156,110520420,280329637,172389502464,68900786,0,0,0,0,0,0,0,0,0,0,0,0,0,0,0,0,0,0,0,0,0,0,0,0,0,0,0,0,0,0,0,471,0,0,0,0,0,0,0
1787688784.252,0,0,0,0,0,0,0,718044430,1806559529472,781911972864,0,0,0,0,0,0,0,0,0,0,0,0,0,0,0,0,0,0,0,0,0,0,0,0,0,0,0,0,0,0,0,0,0,0,0,0,0,0,0,0,0,0,0,0,0,0,0,0,0,0,0,0,0,0,0,0,0,0,0,0,7,1687173,110407031,34298111,0,0,0,0,0,0,0,0,0,0,0,0,0,0,0,0,0,0,0,0,0,0,0,0,0,0,0,0,0,0,0,0,0,0,0,0,0,12883329024,10649698304,786335,650006,34242374,0,0,98,786432,109540493,796294,280,3467425927,12884901888,0,684551480,0,0,0,0,0,0,0,0,0,0,0,0,0,0,0,0,0,0,17588061,117466597,0,468,1204,7863,623,35176399,35,0,0,0,0,0,0,0,1,0,0,0,0,0,0,0,0,0,0,23555051,0,34244910,279010,0,0,0,0,0,0,0,0,16384,0,0,0,0,0,0,0,0,0,0,0,7080,473,0,0,0,0,0,53464308,0,157,0,3,470,7080,0,0,0,0,0,0,0,0,0,0,0,0,0,0,0,0,0,0,0,0,0,0,0,0,0,0,0,0,0,0,0,0,0,0,0,0,0,0,0,0,0,0,0,0,0,0,0,0,0,0,0,0,0,0,245579004,0,0,0,482245684,0,0,0,0,0,0,0,74029692,110575865,280418423,172428865024,68925329,0,0,0,0,0,0,0,0,0,0,0,0,0,0,0,0,0,0,0,0,0,0,0,0,0,0,0,0,0,0,0,454,0,0,0,0,0,0,0
1787688785.326,0,0,0,0,0,0,0,718208958,1807470397952,782197044736,0,0,0,0,0,0,0,0,0,0,0,0,0,0,0,0,0,0,0,0,0,0,0,0,0,0,0,0,0,0,0,0,0,0,0,0,0,0,0,0,0,0,0,0,0,0,0,0,0,0,0,0,0,0,0,0,0,0,0,0,7,1687197,110462757,34312800,0,0,0,0,0,0,0,0,0,0,0,0,0,0,0,0,0,0,0,0,0,0,0,0,0,0,0,0,0,0,0,0,0,0,0,0,0,12883329024,10575527936,786336,645479,34252476,0,0,96,786432,109596142,796294,280,3468239262,12884901888,0,684659850,0,0,0,0,0,0,0,0,0,0,0,0,0,0,0,0,0,0,17592826,117471361,0,468,1204,7863,623,35185930,35,0,0,0,0,0,0,0,1,0,0,0,0,0,0,0,0,0,0,23560540,0,34259714,279126,0,0,0,0,0,0,0,0,16384,0,0,0,0,0,0,0,0,0,0,0,7081,473,0,0,0,0,0,53478800,0,157,0,3,470,7081,0,0,0,0,0,0,0,0,0,0,0,0,0,0,0,0,0,0,0,0,0,0,0,0,0,0,0,0,0,0,0,0,0,0,0,0,0,0,0,0,0,0,0,0,0,0,0,0,0,0,0,0,0,0,245653299,0,0,0,482326718,0,0,0,0,0,0,0,74056145,110631455,280507448,172467692544,68949654,1,0,0,0,0,0,0,0,0,0,0,0,0,0,0,0,0,0,0,0,0,0,0,0,0,0,0,0,0,0,0,412,0,0,0,0,0,0,0
1787688786.401,0,0,0,0,0,0,0,718379378,1808410364416,782445556736,0,0,0,0,0,0,0,0,0,0,0,0,0,0,0,0,0,0,0,0,0,0,0,0,0,0,0,0,0,0,0,0,0,0,0,0,0,0,0,0,0,0,0,0,0,0,0,0,0,0,0,0,0,0,0,0,0,0,0,0,7,1687259,110520256,34325132,0,0,0,0,0,0,0,0,0,0,0,0,0,0,0,0,0,0,0,0,0,0,0,0,0,0,0,0,0,0,0,0,0,0,0,0,0,12883329024,10548527104,786336,643831,34272572,0,0,96,786432,109653560,796294,280,3469081092,12884901888,0,684771927,0,0,0,0,0,0,0,0,0,0,0,0,0,0,0,0,0,0,17597773,117476307,0,468,1204,7863,623,35195827,35,0,0,0,0,0,0,0,1,0,0,0,0,0,0,0,0,0,0,23566236,0,34272046,279224,0,0,0,0,0,0,0,0,16384,0,0,0,0,0,0,0,0,0,0,0,7082,473,0,0,0,0,0,53493826,0,157,0,3,470,7082,0,0,0,0,0,0,0,0,0,0,0,0,0,0,0,0,0,0,0,0,0,0,0,0,0,0,0,0,0,0,0,0,0,0,0,0,0,0,0,0,0,0,0,0,0,0,0,0,0,0,0,0,0,0,245730864,0,0,0,482410515,0,0,0,0,0,0,0,74084403,110688824,280597369,172508182528,68976112,1,0,0,0,0,0,0,0,0,0,0,0,0,0,0,0,0,0,0,0,0,0,0,0,0,0,0,0,0,0,0,555,0,0,0,0,0,0,0
1787688787.477,0,0,0,0,0,0,0,718555352,1809385769472,782657632768,0,0,0,0,0,0,0,0,0,0,0,0,0,0,0,0,0,0,0,0,0,0,0,0,0,0,0,0,0,0,0,0,0,0,0,0,0,0,0,0,0,0,0,0,0,0,0,0,0,0,0,0,0,0,0,0,0,0,0,0,7,1687297,110579926,34335198,0,0,0,0,0,0,0,0,0,0,0,0,0,0,0,0,0,0,0,0,0,0,0,0,0,0,0,0,0,0,0,0,0,0,0,0,0,12883329024,10563600384,786336,644751,34282638,0,0,96,786432,109713156,796294,280,3469950471,12884901888,0,684886609,0,0,0,0,0,0,0,0,0,0,0,0,0,0,0,0,0,0,17602872,117481406,0,468,1204,7863,623,35206027,35,0,0,0,0,0,0,0,1,0,0,0,0,0,0,0,0,0,0,23572097,0,34282112,279304,0,0,0,0,0,0,0,0,16384,0,0,0,0,0,0,0,0,0,0,0,7083,473,0,0,0,0,0,53509344,0,157,0,3,470,7083,0,0,0,0,0,0,0,0,0,0,0,0,0,0,0,0,0,0,0,0,0,0,0,0,0,0,0,0,0,0,0,0,0,0,0,0,0,0,0,0,0,0,0,0,0,0,0,0,0,0,0,0,0,0,245809563,0,0,0,482496874,0,0,0,0,0,0,0,74113409,110748352,280686150,172549184000,69003646,1,0,0,0,0,0,0,0,0,0,0,0,0,0,0,0,0,0,0,0,0,0,0,0,0,0,0,0,0,0,0,884,0,0,0,0,0,0,0
1787688788.557,0,0,0,0,0,0,0,718734954,1810380065280,782869952512,0,0,0,0,0,0,0,0,0,0,0,0,0,0,0,0,0,0,0,0,0,0,0,0,0,0,0,0,0,0,0,0,0,0,0,0,0,0,0,0,0,0,0,0,0,0,0,0,0,0,0,0,0,0,0,0,0,0,0,0,7,1687398,110640742,34345250,0,0,0,0,0,0,0,0,0,0,0,0,0,0,0,0,0,0,0,0,0,0,0,0,0,0,0,0,0,0,0,0,0,0,0,0,0,12883329024,10581671936,786336,645854,34292690,0,0,96,786432,109773908,796294,280,3470840628,12884901888,0,685006859,0,0,0,0,0,0,0,0,0,0,0,0,0,0,0,0,0,0,17608075,117486611,0,468,1204,7863,623,35216431,35,0,0,0,0,0,0,0,1,0,0,0,0,0,0,0,0,0,0,23578096,0,34292164,279384,0,0,0,0,0,0,0,0,16384,0,0,0,0,0,0,0,0,0,0,0,7084,473,0,0,0,0,0,53525171,0,157,0,3,470,7084,0,0,0,0,0,0,0,0,0,0,0,0,0,0,0,0,0,0,0,0,0,0,0,0,0,0,0,0,0,0,0,0,0,0,0,0,0,0,0,0,0,0,0,0,0,0,0,0,0,0,0,0,0,0,245888280,0,0,0,482586029,0,0,0,0,0,0,0,74142996,110809014,280774933,172590343168,69031763,0,0,0,0,0,0,0,0,0,0,0,0,0,0,0,0,0,0,0,0,0,0,0,0,0,0,0,0,0,0,0,69,0,0,0,0,0,0,0
1787688789.633,0,0,0,0,0,0,0,718912491,1811367856640,783083441664,0,0,0,0,0,0,0,0,0,0,0,0,0,0,0,0,0,0,0,0,0,0,0,0,0,0,0,0,0,0,0,0,0,0,0,0,0,0,0,0,0,0,0,0,0,0,0,0,0,0,0,0,0,0,0,0,0,0,0,0,7,1687422,110701161,34355341,0,0,0,0,0,0,0,0,0,0,0,0,0,0,0,0,0,0,0,0,0,0,0,0,0,0,0,0,0,0,0,0,0,0,0,0,0,12883312640,10596270080,786336,646745,34302781,0,0,96,786432,109834262,796294,280,3471716842,12884901888,0,685122352,0,0,0,0,0,0,0,0,0,0,0,0,0,0,0,0,0,0,17613233,117491769,0,468,1204,7863,623,35226745,35,0,0,0,0,0,0,0,1,0,0,0,0,0,0,0,0,0,0,23584034,0,34302255,279464,0,0,0,0,0,0,0,0,16384,0,0,0,0,0,0,0,0,0,0,0,7085,473,0,0,0,0,0,53540847,0,157,0,3,470,7085,0,0,0,0,0,0,0,0,0,0,0,0,0,0,0,0,0,0,0,0,0,0,0,0,0,0,0,0,0,0,0,0,0,0,0,0,0,0,0,0,0,0,0,0,0,0,0,0,0,0,0,0,0,0,245968675,0,0,0,482673194,0,0,0,0,0,0,0,74173271,110869287,280865438,172632352768,69060617,1,1,0,0,0,0,0,0,0,0,0,0,0,0,0,0,0,0,0,0,0,0,0,0,0,0,0,0,0,0,0,441,0,0,0,0,0,0,0
1787688790.713,0,0,0,0,0,0,0,719090791,1812357712384,783295347712,0,0,0,0,0,0,0,0,0,0,0,0,0,0,0,0,0,0,0,0,0,0,0,0,0,0,0,0,0,0,0,0,0,0,0,0,0,0,0,0,0,0,0,0,0,0,0,0,0,0,0,0,0,0,0,0,0,0,0,0,7,1687506,110761714,34365314,0,0,0,0,0,0,0,0,0,0,0,0,0,0,0,0,0,0,0,0,0,0,0,0,0,0,0,0,0,0,0,0,0,0,0,0,0,12883329024,10613817344,786336,647816,34312754,0,0,96,786432,109894731,796294,280,3472596958,12884901888,0,685238635,0,0,0,0,0,0,0,0,0,0,0,0,0,0,0,0,0,0,17618398,117496934,0,468,1204,7863,623,35237080,35,0,0,0,0,0,0,0,1,0,0,0,0,0,0,0,0,0,0,23589984,0,34312228,279544,0,0,0,0,0,0,0,0,16384,0,0,0,0,0,0,0,0,0,0,0,7087,473,0,0,0,0,0,53556565,0,157,0,3,470,7087,0,0,0,0,0,0,0,0,0,0,0,0,0,0,0,0,0,0,0,0,0,0,0,0,0,0,0,0,0,0,0,0,0,0,0,0,0,0,0,0,0,0,0,0,0,0,0,0,0,0,0,0,0,0,246049712,0,0,0,482760589,0,0,0,0,0,0,0,74204047,110929712,280956465,172674622976,69089951,0,0,0,0,0,0,0,0,0,0,0,0,0,0,0,0,0,0,0,0,0,0,0,0,0,0,0,0,0,0,0,816,0,0,0,0,0,0,0
1787688791.788,0,0,0,0,0,0,0,719269678,1813345880576,783507918848,0,0,0,0,0,0,0,0,0,0,0,0,0,0,0,0,0,0,0,0,0,0,0,0,0,0,0,0,0,0,0,0,0,0,0,0,0,0,0,0,0,0,0,0,0,0,0,0,0,0,0,0,0,0,0,0,0,0,0,0,7,1687538,110822163,34375345,0,0,0,0,0,0,0,0,0,0,0,0,0,0,0,0,0,0,0,0,0,0,0,0,0,0,0,0,0,0,0,0,0,0,0,0,0,12883329024,10629316608,786336,648762,34322785,0,0,96,786432,109955110,796294,280,3473480597,12884901888,0,685355673,0,0,0,0,0,0,0,0,0,0,0,0,0,0,0,0,0,0,17623593,117502128,0,468,1204,7863,623,35247462,35,0,0,0,0,0,0,0,1,0,0,0,0,0,0,0,0,0,0,23595953,0,34322259,279624,0,0,0,0,0,0,0,0,16384,0,0,0,0,0,0,0,0,0,0,0,7088,473,0,0,0,0,0,53572370,0,157,0,3,470,7088,0,0,0,0,0,0,0,0,0,0,0,0,0,0,0,0,0,0,0,0,0,0,0,0,0,0,0,0,0,0,0,0,0,0,0,0,0,0,0,0,0,0,0,0,0,0,0,0,0,0,0,0,0,0,246128941,0,0,0,482848407,0,0,0,0,0,0,0,74234627,110990020,281045766,172716282880,69119053,0,0,0,0,0,0,0,0,0,0,0,0,0,0,0,0,0,0,0,0,0,0,0,0,0,0,0,0,0,0,0,1188,0,0,0,0,0,0,0
1787688792.867,0,0,0,0,0,0,0,719448456,1814329723392,783721521664,0,0,0,0,0,0,0,0,0,0,0,0,0,0,0,0,0,0,0,0,0,0,0,0,0,0,0,0,0,0,0,0,0,0,0,0,0,0,0,0,0,0,0,0,0,0,0,0,0,0,0,0,0,0,0,0,0,0,0,0,7,1687564,110882343,34385408,0,0,0,0,0,0,0,0,0,0,0,0,0,0,0,0,0,0,0,0,0,0,0,0,0,0,0,0,0,0,0,0,0,0,0,0,0,12883312640,10643243008,786334,649611,34332848,1,0,98,786432,110015219,796294,280,3474365694,12884901888,0,685475178,0,0,0,0,0,0,0,0,0,0,0,0,0,0,0,0,0,0,17628771,117507305,0,468,1204,7863,623,35257820,35,0,0,0,0,0,0,0,1,0,0,0,0,0,0,0,0,0,0,23601916,0,34332322,279704,0,0,0,0,0,0,0,0,16384,0,0,0,0,0,0,0,0,0,0,0,7089,473,0,0,0,0,0,53588100,0,157,0,3,470,7089,0,0,0,0,0,0,0,0,0,0,0,0,0,0,0,0,0,0,0,0,0,0,0,0,0,0,0,0,0,0,0,0,0,0,0,0,0,0,0,0,0,0,0,0,0,0,0,0,0,0,0,0,0,0,246209872,0,0,0,482937273,0,0,0,0,0,0,0,74265096,111050044,281136778,172758438912,69147992,1,0,0,0,0,0,0,0,0,0,0,0,0,0,0,0,0,0,0,0,0,0,0,0,0,0,0,0,0,0,0,342,0,0,0,0,0,0,0
1787688793.946,0,0,0,0,0,0,0,719626603,1815318366720,783935643136,0,0,0,0,0,0,0,0,0,0,0,0,0,0,0,0,0,0,0,0,0,0,0,0,0,0,0,0,0,0,0,0,0,0,0,0,0,0,0,0,0,0,0,0,0,0,0,0,0,0,0,0,0,0,0,0,0,0,0,0,7,1687590,110942826,34395525,0,0,0,0,0,0,0,0,0,0,0,0,0,0,0,0,0,0,0,0,0,0,0,0,0,0,0,0,0,0,0,0,0,0,0,0,0,12883329024,10656071680,786336,650395,34342965,0,0,96,786432,110075646,796294,280,3475245905,12884901888,0,685591745,0,0,0,0,0,0,0,0,0,0,0,0,0,0,0,0,0,0,17633939,117512475,0,468,1204,7863,623,35268154,35,0,0,0,0,0,0,0,1,0,0,0,0,0,0,0,0,0,0,23607866,0,34342439,279786,0,0,0,0,0,0,0,0,16384,0,0,0,0,0,0,0,0,0,0,0,7090,473,0,0,0,0,0,53603837,0,157,0,3,470,7090,0,0,0,0,0,0,0,0,0,0,0,0,0,0,0,0,0,0,0,0,0,0,0,0,0,0,0,0,0,0,0,0,0,0,0,0,0,0,0,0,0,0,0,0,0,0,0,0,0,0,0,0,0,0,246289978,0,0,0,483024607,0,0,0,0,0,0,0,74295687,111110391,281227030,172800301568,69177081,0,0,0,0,0,0,0,0,0,0,0,0,0,0,0,0,0,0,0,0,0,0,0,0,0,0,0,0,0,0,0,731,0,0,0,0,0,0,0
1787688795.025,0,0,0,0,0,0,0,719804306,1816299080192,784148391936,0,0,0,0,0,0,0,0,0,0,0,0,0,0,0,0,0,0,0,0,0,0,0,0,0,0,0,0,0,0,0,0,0,0,0,0,0,0,0,0,0,0,0,0,0,0,0,0,0,0,0,0,0,0,0,0,0,0,0,0,7,1687611,111002816,34405611,0,0,0,0,0,0,0,0,0,0,0,0,0,0,0,0,0,0,0,0,0,0,0,0,0,0,0,0,0,0,0,0,0,0,0,0,0,12883329024,10667802624,786336,651111,34353051,0,0,96,786432,110135559,796294,280,3476123746,12884901888,0,685707990,0,0,0,0,0,0,0,0,0,0,0,0,0,0,0,0,0,0,17639092,117517627,0,468,1204,7863,623,35278460,35,0,0,0,0,0,0,0,1,0,0,0,0,0,0,0,0,0,0,23613795,0,34352525,279866,0,0,0,0,0,0,0,0,16384,0,0,0,0,0,0,0,0,0,0,0,7091,473,0,0,0,0,0,53619496,0,157,0,3,470,7091,0,0,0,0,0,0,0,0,0,0,0,0,0,0,0,0,0,0,0,0,0,0,0,0,0,0,0,0,0,0,0,0,0,0,0,0,0,0,0,0,0,0,0,0,0,0,0,0,0,0,0,0,0,0,246368218,0,0,0,483111809,0,0,0,0,0,0,0,74324969,111170209,281315383,172841257472,69204830,0,1,0,0,0,0,0,0,0,0,0,0,0,0,0,0,0,0,0,0,0,0,0,0,0,0,0,0,0,0,0,1075,0,0,0,0,0,0,0
1787688796.099,0,0,0,0,0,0,0,719984046,1817295866368,784362001920,0,0,0,0,0,0,0,0,0,0,0,0,0,0,0,0,0,0,0,0,0,0,0,0,0,0,0,0,0,0,0,0,0,0,0,0,0,0,0,0,0,0,0,0,0,0,0,0,0,0,0,0,0,0,0,0,0,0,0,0,7,1687637,111063792,34415647,0,0,0,0,0,0,0,0,0,0,0,0,0,0,0,0,0,0,0,0,0,0,0,0,0,0,0,0,0,0,0,0,0,0,0,0,0,12883312640,10686660608,786335,652262,34363087,0,0,97,786432,110196463,796294,280,3477014996,12884901888,0,685828554,0,0,0,0,0,0,0,0,0,0,0,0,0,0,0,0,0,0,17644303,117522838,0,468,1204,7863,623,35288886,35,0,0,0,0,0,0,0,1,0,0,0,0,0,0,0,0,0,0,23619804,0,34362561,279946,0,0,0,0,0,0,0,0,16384,0,0,0,0,0,0,0,0,0,0,0,7092,473,0,0,0,0,0,53635348,0,157,0,3,470,7092,0,0,0,0,0,0,0,0,0,0,0,0,0,0,0,0,0,0,0,0,0,0,0,0,0,0,0,0,0,0,0,0,0,0,0,0,0,0,0,0,0,0,0,0,0,0,0,0,0,0,0,0,0,0,246449474,0,0,0,483201105,0,0,0,0,0,0,0,74355655,111231030,281406698,172883774976,69234007,1,0,0,0,0,0,0,0,0,0,0,0,0,0,0,0,0,0,0,0,0,0,0,0,0,0,0,0,0,0,0,279,0,0,0,0,0,0,0
1787688797.178,0,0,0,0,0,0,0,720161516,1818276153856,784574759424,0,0,0,0,0,0,0,0,0,0,0,0,0,0,0,0,0,0,0,0,0,0,0,0,0,0,0,0,0,0,0,0,0,0,0,0,0,0,0,0,0,0,0,0,0,0,0,0,0,0,0,0,0,0,0,0,0,0,0,0,7,1687663,111123737,34425696,0,0,0,0,0,0,0,0,0,0,0,0,0,0,0,0,0,0,0,0,0,0,0,0,0,0,0,0,0,0,0,0,0,0,0,0,0,12883329024,10700849152,786336,653128,34373136,0,0,96,786432,110256338,796294,280,3477891581,12884901888,0,685944609,0,0,0,0,0,0,0,0,0,0,0,0,0,0,0,0,0,0,17649445,117527981,0,468,1204,7863,623,35299168,35,0,0,0,0,0,0,0,1,0,0,0,0,0,0,0,0,0,0,23625727,0,34372610,280026,0,0,0,0,0,0,0,0,16384,0,0,0,0,0,0,0,0,0,0,0,7093,473,0,0,0,0,0,53650974,0,157,0,3,470,7093,0,0,0,0,0,0,0,0,0,0,0,0,0,0,0,0,0,0,0,0,0,0,0,0,0,0,0,0,0,0,0,0,0,0,0,0,0,0,0,0,0,0,0,0,0,0,0,0,0,0,0,0,0,0,246529488,0,0,0,483288126,0,0,0,0,0,0,0,74386045,111290854,281496784,172925531136,69262881,1,0,0,0,0,0,0,0,0,0,0,0,0,0,0,0,0,0,0,0,0,0,0,0,0,0,0,0,0,0,0,623,0,0,0,0,0,0,0
1787688798.253,0,0,0,0,0,0,0,720334586,1819236125184,784850305536,0,0,0,0,0,0,0,0,0,0,0,0,0,0,0,0,0,0,0,0,0,0,0,0,0,0,0,0,0,0,0,0,0,0,0,0,0,0,0,0,0,0,0,0,0,0,0,0,0,0,0,0,0,0,0,0,0,0,0,0,7,1687740,111182473,34439608,0,0,0,0,0,0,0,0,0,0,0,0,0,0,0,0,0,0,0,0,0,0,0,0,0,0,0,0,0,0,0,0,0,0,0,0,0,12883329024,10649550848,786336,649997,34383122,0,0,96,786432,110315009,796294,280,3478747242,12884901888,0,686057892,0,0,0,0,0,0,0,0,0,0,0,0,0,0,0,0,0,0,17654471,117533007,0,468,1204,7863,623,35309219,35,0,0,0,0,0,0,0,1,0,0,0,0,0,0,0,0,0,0,23631509,0,34386522,280138,0,0,0,0,0,0,0,0,16384,0,0,0,0,0,0,0,0,0,0,0,7094,473,0,0,0,0,0,53666254,0,157,0,3,470,7094,0,0,0,0,0,0,0,0,0,0,0,0,0,0,0,0,0,0,0,0,0,0,0,0,0,0,0,0,0,0,0,0,0,0,0,0,0,0,0,0,0,0,0,0,0,0,0,0,0,0,0,0,0,0,246609030,0,0,0,483373206,0,0,0,0,0,0,0,74415758,111349454,281590277,172966996992,69290568,1,0,0,0,0,0,0,0,0,0,0,0,0,0,0,0,0,0,0,0,0,0,0,0,0,0,0,0,0,0,0,867,0,0,0,0,0,0,0
1787688799.329,0,0,0,0,0,0,0,720508097,1820194867712,785132462592,0,0,0,0,0,0,0,0,0,0,0,0,0,0,0,0,0,0,0,0,0,0,0,0,0,0,0,0,0,0,0,0,0,0,0,0,0,0,0,0,0,0,0,0,0,0,0,0,0,0,0,0,0,0,0,0,0,0,0,0,7,1687764,111241123,34453892,0,0,0,0,0,0,0,0,0,0,0,0,0,0,0,0,0,0,0,0,0,0,0,0,0,0,0,0,0,0,0,0,0,0,0,0,0,12883329024,10589962240,786336,646360,34393140,0,0,97,786432,110373585,796294,280,3479604376,12884901888,0,686171589,0,0,0,0,0,0,0,0,0,0,0,0,0,0,0,0,0,0,17659502,117538038,0,468,1204,7863,623,35319280,35,0,0,0,0,0,0,0,1,0,0,0,0,0,0,0,0,0,0,23637302,0,34400735,280252,0,0,0,0,0,0,0,0,16384,0,0,0,0,0,0,0,0,0,0,0,7095,473,0,0,0,0,0,53681549,0,157,0,3,470,7095,0,0,0,0,0,0,0,0,0,0,0,0,0,0,0,0,0,0,0,0,0,0,0,0,0,0,0,0,0,0,0,0,0,0,0,0,0,0,0,0,0,0,0,0,0,0,0,0,0,0,0,0,0,0,246688166,0,0,0,483458409,0,0,0,0,0,0,0,74445504,111407968,281683788,173008326656,69318291,1,0,0,0,0,0,0,0,0,0,0,0,0,0,0,0,0,0,0,0,0,0,0,0,0,0,0,0,0,0,0,1107,0,0,0,0,0,0,0
1787688800.406,0,0,0,0,0,0,0,720683340,1821166488064,785374098432,0,0,0,0,0,0,0,0,0,0,0,0,0,0,0,0,0,0,0,0,0,0,0,0,0,0,0,0,0,0,0,0,0,0,0,0,0,0,0,0,0,0,0,0,0,0,0,0,0,0,0,0,0,0,0,0,0,0,0,0,7,1687849,111300534,34465782,0,0,0,0,0,0,0,0,0,0,0,0,0,0,0,0,0,0,0,0,0,0,0,0,0,0,0,0,0,0,0,0,0,0,0,0,0,12883312640,10573185024,786335,645336,34413222,0,0,97,786432,110432932,796294,280,3480473687,12884901888,0,686288903,0,0,0,0,0,0,0,0,0,0,0,0,0,0,0,0,0,0,17664585,117543121,0,468,1204,7863,623,35329452,35,0,0,0,0,0,0,0,1,0,0,0,0,0,0,0,0,0,0,23643164,0,34412696,280346,0,0,0,0,0,0,0,0,16384,0,0,0,0,0,0,0,0,0,0,0,7096,473,0,0,0,0,0,53696996,0,157,0,3,470,7096,0,0,0,0,0,0,0,0,0,0,0,0,0,0,0,0,0,0,0,0,0,0,0,0,0,0,0,0,0,0,0,0,0,0,0,0,0,0,0,0,0,0,0,0,0,0,0,0,0,0,0,0,0,0,246767941,0,0,0,483545641,0,0,0,0,0,0,0,74475747,111467229,281775430,173049863680,69346776,1,1,0,0,0,0,0,0,0,0,0,0,0,0,0,0,0,0,0,0,0,0,0,0,0,0,0,0,0,0,0,200,0,0,0,0,0,0,0
1787688801.482,0,0,0,0,0,0,0,720862146,1822151789056,785584980992,0,0,0,0,0,0,0,0,0,0,0,0,0,0,0,0,0,0,0,0,0,0,0,0,0,0,0,0,0,0,0,0,0,0,0,0,0,0,0,0,0,0,0,0,0,0,0,0,0,0,0,0,0,0,0,0,0,0,0,0,7,1687872,111360791,34475780,0,0,0,0,0,0,0,0,0,0,0,0,0,0,0,0,0,0,0,0,0,0,0,0,0,0,0,0,0,0,0,0,0,0,0,0,0,12883296256,10588192768,786335,646252,34423220,0,0,97,786432,110493110,796294,280,3481356377,12884901888,0,686405484,0,0,0,0,0,0,0,0,0,0,0,0,0,0,0,0,0,0,17669778,117548313,0,468,1204,7863,623,35339838,35,0,0,0,0,0,0,0,1,0,0,0,0,0,0,0,0,0,0,23649133,0,34422694,280426,0,0,0,0,0,0,0,0,16384,0,0,0,0,0,0,0,0,0,0,0,7097,473,0,0,0,0,0,53712792,0,157,0,3,470,7097,0,0,0,0,0,0,0,0,0,0,0,0,0,0,0,0,0,0,0,0,0,0,0,0,0,0,0,0,0,0,0,0,0,0,0,0,0,0,0,0,0,0,0,0,0,0,0,0,0,0,0,0,0,0,246845568,0,0,0,483633444,0,0,0,0,0,0,0,74505056,111527326,281863076,173090571776,69374629,0,0,0,0,0,0,0,0,0,0,0,0,0,0,0,0,0,0,0,0,0,0,0,0,0,0,0,0,0,0,0,575,0,0,0,0,0,0,0
1787688802.562,0,0,0,0,0,0,0,721039137,1823134763520,785797661184,0,0,0,0,0,0,0,0,0,0,0,0,0,0,0,0,0,0,0,0,0,0,0,0,0,0,0,0,0,0,0,0,0,0,0,0,0,0,0,0,0,0,0,0,0,0,0,0,0,0,0,0,0,0,0,0,0,0,0,0,7,1687898,111420951,34485801,0,0,0,0,0,0,0,0,0,0,0,0,0,0,0,0,0,0,0,0,0,0,0,0,0,0,0,0,0,0,0,0,0,0,0,0,0,12883329024,10600955904,786336,647031,34433241,0,0,96,786432,110553195,796294,280,3482231821,12884901888,0,686521403,0,0,0,0,0,0,0,0,0,0,0,0,0,0,0,0,0,0,17674906,117553439,0,468,1204,7863,623,35350087,35,0,0,0,0,0,0,0,1,0,0,0,0,0,0,0,0,0,0,23655030,0,34432715,280506,0,0,0,0,0,0,0,0,16384,0,0,0,0,0,0,0,0,0,0,0,7098,473,0,0,0,0,0,53728393,0,157,0,3,470,7098,0,0,0,0,0,0,0,0,0,0,0,0,0,0,0,0,0,0,0,0,0,0,0,0,0,0,0,0,0,0,0,0,0,0,0,0,0,0,0,0,0,0,0,0,0,0,0,0,0,0,0,0,0,0,246926027,0,0,0,483720243,0,0,0,0,0,0,0,74535274,111587302,281953584,173132555776,69403327,1,0,0,0,0,0,0,0,0,0,0,0,0,0,0,0,0,0,0,0,0,0,0,0,0,0,0,0,0,0,0,885,0,0,0,0,0,0,0
1787688803.640,0,0,0,0,0,0,0,721217749,1824126765568,786010518016,0,0,0,0,0,0,0,0,0,0,0,0,0,0,0,0,0,0,0,0,0,0,0,0,0,0,0,0,0,0,0,0,0,0,0,0,0,0,0,0,0,0,0,0,0,0,0,0,0,0,0,0,0,0,0,0,0,0,0,0,7,1687921,111481631,34495790,0,0,0,0,0,0,0,0,0,0,0,0,0,0,0,0,0,0,0,0,0,0,0,0,0,0,0,0,0,0,0,0,0,0,0,0,0,12883329024,10615865344,786336,647941,34443230,0,0,96,786432,110613806,796294,280,3483117113,12884901888,0,686640714,0,0,0,0,0,0,0,0,0,0,0,0,0,0,0,0,0,0,17680088,117558624,0,468,1204,7863,623,35360458,35,0,0,0,0,0,0,0,1,0,0,0,0,0,0,0,0,0,0,23661000,0,34442704,280586,0,0,0,0,0,0,0,0,16384,0,0,0,0,0,0,0,0,0,0,0,7099,473,0,0,0,0,0,53744114,0,157,0,3,470,7099,0,0,0,0,0,0,0,0,0,0,0,0,0,0,0,0,0,0,0,0,0,0,0,0,0,0,0,0,0,0,0,0,0,0,0,0,0,0,0,0,0,0,0,0,0,0,0,0,0,0,0,0,0,0,247007767,0,0,0,483809072,0,0,0,0,0,0,0,74565581,111647834,282045336,173175258112,69432121,1,0,0,0,0,0,0,0,0,0,0,0,0,0,0,0,0,0,0,0,0,0,0,0,0,0,0,0,0,0,0,45,0,0,0,0,0,0,0
1787688804.719,0,0,0,0,0,0,0,721396301,1825114802688,786222265344,0,0,0,0,0,0,0,0,0,0,0,0,0,0,0,0,0,0,0,0,0,0,0,0,0,0,0,0,0,0,0,0,0,0,0,0,0,0,0,0,0,0,0,0,0,0,0,0,0,0,0,0,0,0,0,0,0,0,0,0,7,1687985,111542072,34505805,0,0,0,0,0,0,0,0,0,0,0,0,0,0,0,0,0,0,0,0,0,0,0,0,0,0,0,0,0,0,0,0,0,0,0,0,0,12883329024,10631888896,786336,648919,34453245,0,0,96,786432,110674177,796294,280,3483998804,12884901888,0,686757082,0,0,0,0,0,0,0,0,0,0,0,0,0,0,0,0,0,0,17685268,117563804,0,468,1204,7863,623,35370817,35,0,0,0,0,0,0,0,1,0,0,0,0,0,0,0,0,0,0,23666964,0,34452719,280666,0,0,0,0,0,0,0,0,16384,0,0,0,0,0,0,0,0,0,0,0,7101,473,0,0,0,0,0,53759838,0,157,0,3,470,7101,0,0,0,0,0,0,0,0,0,0,0,0,0,0,0,0,0,0,0,0,0,0,0,0,0,0,0,0,0,0,0,0,0,0,0,0,0,0,0,0,0,0,0,0,0,0,0,0,0,0,0,0,0,0,247087509,0,0,0,483896638,0,0,0,0,0,0,0,74595997,111708123,282135119,173216751104,69461047,1,0,0,0,0,0,0,0,0,0,0,0,0,0,0,0,0,0,0,0,0,0,0,0,0,0,0,0,0,0,0,415,0,0,0,0,0,0,0
1787688805.798,0,0,0,0,0,0,0,721574624,1826100546048,786434407936,0,0,0,0,0,0,0,0,0,0,0,0,0,0,0,0,0,0,0,0,0,0,0,0,0,0,0,0,0,0,0,0,0,0,0,0,0,0,0,0,0,0,0,0,0,0,0,0,0,0,0,0,0,0,0,0,0,0,0,0,7,1688028,111602375,34515818,0,0,0,0,0,0,0,0,0,0,0,0,0,0,0,0,0,0,0,0,0,0,0,0,0,0,0,0,0,0,0,0,0,0,0,0,0,12883329024,10646913024,786336,649836,34463258,0,0,96,786432,110734405,796294,280,3484879142,12884901888,0,686872846,0,0,0,0,0,0,0,0,0,0,0,0,0,0,0,0,0,0,17690452,117568988,0,468,1204,7863,623,35381180,35,0,0,0,0,0,0,0,1,0,0,0,0,0,0,0,0,0,0,23672919,0,34462732,280746,0,0,0,0,0,0,0,0,16384,0,0,0,0,0,0,0,0,0,0,0,7102,473,0,0,0,0,0,53775594,0,157,0,3,470,7102,0,0,0,0,0,0,0,0,0,0,0,0,0,0,0,0,0,0,0,0,0,0,0,0,0,0,0,0,0,0,0,0,0,0,0,0,0,0,0,0,0,0,0,0,0,0,0,0,0,0,0,0,0,0,247167276,0,0,0,483984232,0,0,0,0,0,0,0,74626522,111768271,282224930,173258418176,69490078,1,1,0,0,0,0,0,0,0,0,0,0,0,0,0,0,0,0,0,0,0,0,0,0,0,0,0,0,0,0,0,785,0,0,0,0,0,0,0
1787688806.877,0,0,0,0,0,0,0,721750425,1827072346624,786646555648,0,0,0,0,0,0,0,0,0,0,0,0,0,0,0,0,0,0,0,0,0,0,0,0,0,0,0,0,0,0,0,0,0,0,0,0,0,0,0,0,0,0,0,0,0,0,0,0,0,0,0,0,0,0,0,0,0,0,0,0,7,1688108,111661832,34525859,0,0,0,0,0,0,0,0,0,0,0,0,0,0,0,0,0,0,0,0,0,0,0,0,0,0,0,0,0,0,0,0,0,0,0,0,0,12883312640,10659774464,786335,650621,34473299,0,0,96,786432,110793803,796294,280,3485747469,12884901888,0,686987497,0,0,0,0,0,0,0,0,0,0,0,0,0,0,0,0,0,0,17695549,117574085,0,468,1204,7863,623,35391377,35,0,0,0,0,0,0,0,1,0,0,0,0,0,0,0,0,0,0,23678790,0,34472773,280826,0,0,0,0,0,0,0,0,16384,0,0,0,0,0,0,0,0,0,0,0,7103,473,0,0,0,0,0,53791113,0,157,0,3,470,7103,0,0,0,0,0,0,0,0,0,0,0,0,0,0,0,0,0,0,0,0,0,0,0,0,0,0,0,0,0,0,0,0,0,0,0,0,0,0,0,0,0,0,0,0,0,0,0,0,0,0,0,0,0,0,247246290,0,0,0,484070558,0,0,0,0,0,0,0,74655597,111827579,282314028,173299604992,69517699,0,0,0,0,0,0,0,0,0,0,0,0,0,0,0,0,0,0,0,0,0,0,0,0,0,0,0,0,0,0,0,1064,0,0,0,0,0,0,0
1787688807.955,0,0,0,0,0,0,0,721922090,1828026403328,786857847808,0,0,0,0,0,0,0,0,0,0,0,0,0,0,0,0,0,0,0,0,0,0,0,0,0,0,0,0,0,0,0,0,0,0,0,0,0,0,0,0,0,0,0,0,0,0,0,0,0,0,0,0,0,0,0,0,0,0,0,0,7,1688136,111720193,34535849,0,0,0,0,0,0,0,0,0,0,0,0,0,0,0,0,0,0,0,0,0,0,0,0,0,0,0,0,0,0,0,0,0,0,0,0,0,12883312640,10669293568,786336,651202,34483289,0,0,96,786432,110852070,796294,280,3486599452,12884901888,0,687102943,0,0,0,0,0,0,0,0,0,0,0,0,0,0,0,0,0,0,17700526,117579061,0,468,1204,7863,623,35401329,35,0,0,0,0,0,0,0,1,0,0,0,0,0,0,0,0,0,0,23684529,0,34482763,280906,0,0,0,0,0,0,0,0,16384,0,0,0,0,0,0,0,0,0,0,0,7104,473,0,0,0,0,0,53806233,0,157,0,3,470,7104,0,0,0,0,0,0,0,0,0,0,0,0,0,0,0,0,0,0,0,0,0,0,0,0,0,0,0,0,0,0,0,0,0,0,0,0,0,0,0,0,0,0,0,0,0,0,0,0,0,0,0,0,0,0,247325176,0,0,0,484156136,0,0,0,0,0,0,0,74683487,111885823,282402943,173340810752,69544078,1,0,0,0,0,0,0,0,0,0,0,0,0,0,0,0,0,0,0,0,0,0,0,0,0,0,0,0,0,0,0,54,0,0,0,0,0,0,0
1787688809.033,0,0,0,0,0,0,0,722096717,1828994763264,787068908032,0,0,0,0,0,0,0,0,0,0,0,0,0,0,0,0,0,0,0,0,0,0,0,0,0,0,0,0,0,0,0,0,0,0,0,0,0,0,0,0,0,0,0,0,0,0,0,0,0,0,0,0,0,0,0,0,0,0,0,0,7,1688175,111779415,34545817,0,0,0,0,0,0,0,0,0,0,0,0,0,0,0,0,0,0,0,0,0,0,0,0,0,0,0,0,0,0,0,0,0,0,0,0,0,12883279872,10681876480,786334,651970,34493257,0,0,97,786432,110911221,796294,280,3487462278,12884901888,0,687217389,0,0,0,0,0,0,0,0,0,0,0,0,0,0,0,0,0,0,17705589,117584125,0,468,1204,7863,623,35411452,35,0,0,0,0,0,0,0,1,0,0,0,0,0,0,0,0,0,0,23690358,0,34492731,280986,0,0,0,0,0,0,0,0,16384,0,0,0,0,0,0,0,0,0,0,0,7105,473,0,0,0,0,0,53821651,0,157,0,3,470,7105,0,0,0,0,0,0,0,0,0,0,0,0,0,0,0,0,0,0,0,0,0,0,0,0,0,0,0,0,0,0,0,0,0,0,0,0,0,0,0,0,0,0,0,0,0,0,0,0,0,0,0,0,0,0,247404024,0,0,0,484241844,0,0,0,0,0,0,0,74712703,111944902,282491785,173382118400,69571859,0,0,0,0,0,0,0,0,0,0,0,0,0,0,0,0,0,0,0,0,0,0,0,0,0,0,0,0,0,0,0,330,0,0,0,0,0,0,0
1787688810.109,0,0,0,0,0,0,0,722274275,1829980113408,787281537024,0,0,0,0,0,0,0,0,0,0,0,0,0,0,0,0,0,0,0,0,0,0,0,0,0,0,0,0,0,0,0,0,0,0,0,0,0,0,0,0,0,0,0,0,0,0,0,0,0,0,0,0,0,0,0,0,0,0,0,0,7,1688185,111839669,34555841,0,0,0,0,0,0,0,0,0,0,0,0,0,0,0,0,0,0,0,0,0,0,0,0,0,0,0,0,0,0,0,0,0,0,0,0,0,12883329024,10697523200,786336,652925,34503281,0,0,96,786432,110971392,796294,280,3488339427,12884901888,0,687333385,0,0,0,0,0,0,0,0,0,0,0,0,0,0,0,0,0,0,17710741,117589276,0,468,1204,7863,623,35421765,35,0,0,0,0,0,0,0,1,0,0,0,0,0,0,0,0,0,0,23696290,0,34502755,281066,0,0,0,0,0,0,0,0,16384,0,0,0,0,0,0,0,0,0,0,0,7106,473,0,0,0,0,0,53837307,0,157,0,3,470,7106,0,0,0,0,0,0,0,0,0,0,0,0,0,0,0,0,0,0,0,0,0,0,0,0,0,0,0,0,0,0,0,0,0,0,0,0,0,0,0,0,0,0,0,0,0,0,0,0,0,0,0,0,0,0,247484827,0,0,0,484328957,0,0,0,0,0,0,0,74743043,112005017,282582623,173424190976,69600678,1,1,0,0,0,0,0,0,0,0,0,0,0,0,0,0,0,0,0,0,0,0,0,0,0,0,0,0,0,0,0,684,0,0,0,0,0,0,0
1787688811.187,0,0,0,0,0,0,0,722453579,1830973065728,787499143168,0,0,0,0,0,0,0,0,0,0,0,0,0,0,0,0,0,0,0,0,0,0,0,0,0,0,0,0,0,0,0,0,0,0,0,0,0,0,0,0,0,0,0,0,0,0,0,0,0,0,0,0,0,0,0,0,0,0,0,0,7,1688209,111900428,34566114,0,0,0,0,0,0,0,0,0,0,0,0,0,0,0,0,0,0,0,0,0,0,0,0,0,0,0,0,0,0,0,0,0,0,0,0,0,12880297984,10709958656,786151,653684,34513298,185,0,96,786432,111032096,796294,280,3489225152,12884901888,0,687450684,0,0,0,0,0,0,0,0,0,0,0,0,0,0,0,0,0,0,17715937,117594473,0,468,1204,7863,623,35432151,35,0,0,0,0,0,0,0,1,0,0,0,0,0,0,0,0,0,0,23702274,0,34513028,281148,0,0,0,0,0,0,0,0,16384,0,0,0,0,0,0,0,0,0,0,0,7107,473,0,0,0,0,0,53853139,0,157,0,3,470,7107,0,0,0,0,0,0,0,0,0,0,0,0,0,0,0,0,0,0,0,0,0,0,0,0,0,0,0,0,0,0,0,0,0,0,0,0,0,0,0,0,0,0,0,0,0,0,0,0,0,0,0,0,0,0,247565550,0,0,0,484416778,0,0,0,0,0,0,0,74773854,112065603,282673711,173466344448,69629915,1,0,0,0,0,0,0,0,0,0,0,0,0,0,0,0,0,0,0,0,0,0,0,0,0,0,0,0,0,0,0,1096,0,0,0,0,0,0,0
1787688812.267,0,0,0,0,0,0,0,722624745,1831922289152,787775832576,0,0,0,0,0,0,0,0,0,0,0,0,0,0,0,0,0,0,0,0,0,0,0,0,0,0,0,0,0,0,0,0,0,0,0,0,0,0,0,0,0,0,0,0,0,0,0,0,0,0,0,0,0,0,0,0,0,0,0,0,7,1688224,111958489,34580128,0,0,0,0,0,0,0,0,0,0,0,0,0,0,0,0,0,0,0,0,0,0,0,0,0,0,0,0,0,0,0,0,0,0,0,0,0,12883312640,10652041216,786336,650149,34523276,0,0,96,786432,111090091,796294,280,3490074290,12884901888,0,687565885,0,0,0,0,0,0,0,0,0,0,0,0,0,0,0,0,0,0,17720899,117599435,0,468,1204,7863,623,35442078,35,0,0,0,0,0,0,0,1,0,0,0,0,0,0,0,0,0,0,23707995,0,34526925,281261,0,0,0,0,0,0,0,0,16384,0,0,0,0,0,0,0,0,0,0,0,7108,473,0,0,0,0,0,53868213,0,157,0,3,470,7108,0,0,0,0,0,0,0,0,0,0,0,0,0,0,0,0,0,0,0,0,0,0,0,0,0,0,0,0,0,0,0,0,0,0,0,0,0,0,0,0,0,0,0,0,0,0,0,0,0,0,0,0,0,0,247645076,0,0,0,484502121,0,0,0,0,0,0,0,74802834,112123517,282767225,173507921920,69656784,1,0,0,0,0,0,0,0,0,0,0,0,0,0,0,0,0,0,0,0,0,0,0,0,0,0,0,0,0,0,0,40,0,0,0,0,0,0,0
1787688813.344,0,0,0,0,0,0,0,722796830,1832878393856,788060110336,0,0,0,0,0,0,0,0,0,0,0,0,0,0,0,0,0,0,0,0,0,0,0,0,0,0,0,0,0,0,0,0,0,0,0,0,0,0,0,0,0,0,0,0,0,0,0,0,0,0,0,0,0,0,0,0,0,0,0,0,7,1688249,112016971,34594549,0,0,0,0,0,0,0,0,0,0,0,0,0,0,0,0,0,0,0,0,0,0,0,0,0,0,0,0,0,0,0,0,0,0,0,0,0,12883329024,10588766208,786336,646288,34533259,0,0,96,786432,111148499,796294,280,3490924965,12884901888,0,687678622,0,0,0,0,0,0,0,0,0,0,0,0,0,0,0,0,0,0,17725890,117604426,0,468,1204,7863,623,35452065,35,0,0,0,0,0,0,0,1,0,0,0,0,0,0,0,0,0,0,23713743,0,34541578,281376,0,0,0,0,0,0,0,0,16384,0,0,0,0,0,0,0,0,0,0,0,7109,473,0,0,0,0,0,53883393,0,157,0,3,470,7109,0,0,0,0,0,0,0,0,0,0,0,0,0,0,0,0,0,0,0,0,0,0,0,0,0,0,0,0,0,0,0,0,0,0,0,0,0,0,0,0,0,0,0,0,0,0,0,0,0,0,0,0,0,0,247722563,0,0,0,484586656,0,0,0,0,0,0,0,74832452,112181846,282859271,173548302848,69684212,1,0,0,0,0,0,0,0,0,0,0,0,0,0,0,0,0,0,0,0,0,0,0,0,0,0,0,0,0,0,0,246,0,0,0,0,0,0,0
1787688814.420,0,0,0,0,0,0,0,722973318,1833860631040,788292121600,0,0,0,0,0,0,0,0,0,0,0,0,0,0,0,0,0,0,0,0,0,0,0,0,0,0,0,0,0,0,0,0,0,0,0,0,0,0,0,0,0,0,0,0,0,0,0,0,0,0,0,0,0,0,0,0,0,0,0,0,7,1688275,112077056,34605874,0,0,0,0,0,0,0,0,0,0,0,0,0,0,0,0,0,0,0,0,0,0,0,0,0,0,0,0,0,0,0,0,0,0,0,0,0,12883329024,10580541440,786336,645785,34553314,0,0,96,786432,111208520,796294,280,3491797613,12884901888,0,687794556,0,0,0,0,0,0,0,0,0,0,0,0,0,0,0,0,0,0,17731007,117609543,0,468,1204,7863,623,35462294,35,0,0,0,0,0,0,0,1,0,0,0,0,0,0,0,0,0,0,23719629,0,34552788,281466,0,0,0,0,0,0,0,0,16384,0,0,0,0,0,0,0,0,0,0,0,7110,473,0,0,0,0,0,53898960,0,157,0,3,470,7110,0,0,0,0,0,0,0,0,0,0,0,0,0,0,0,0,0,0,0,0,0,0,0,0,0,0,0,0,0,0,0,0,0,0,0,0,0,0,0,0,0,0,0,0,0,0,0,0,0,0,0,0,0,0,247802690,0,0,0,484673162,0,0,0,0,0,0,0,74862552,112241807,282950645,173590222336,69712646,1,0,0,0,0,0,0,0,0,0,0,0,0,0,0,0,0,0,0,0,0,0,0,0,0,0,0,0,0,0,0,560,0,0,0,0,0,0,0
1787688815.499,0,0,0,0,0,0,0,723152035,1834845653504,788502553088,0,0,0,0,0,0,0,0,0,0,0,0,0,0,0,0,0,0,0,0,0,0,0,0,0,0,0,0,0,0,0,0,0,0,0,0,0,0,0,0,0,0,0,0,0,0,0,0,0,0,0,0,0,0,0,0,0,0,0,0,7,1688305,112137321,34615829,0,0,0,0,0,0,0,0,0,0,0,0,0,0,0,0,0,0,0,0,0,0,0,0,0,0,0,0,0,0,0,0,0,0,0,0,0,12883312640,10596745216,786333,646774,34563269,0,0,98,786432,111268695,796294,280,3492680373,12884901888,0,687911687,0,0,0,0,0,0,0,0,0,0,0,0,0,0,0,0,0,0,17736186,117614721,0,468,1204,7863,623,35472653,35,0,0,0,0,0,0,0,1,0,0,0,0,0,0,0,0,0,0,23725590,0,34562743,281546,0,0,0,0,0,0,0,0,16384,0,0,0,0,0,0,0,0,0,0,0,7111,473,0,0,0,0,0,53914740,0,157,0,3,470,7111,0,0,0,0,0,0,0,0,0,0,0,0,0,0,0,0,0,0,0,0,0,0,0,0,0,0,0,0,0,0,0,0,0,0,0,0,0,0,0,0,0,0,0,0,0,0,0,0,0,0,0,0,0,0,247880603,0,0,0,484760833,0,0,0,0,0,0,0,74892256,112301878,283038533,173630962688,69740869,1,0,0,0,0,0,0,0,0,0,0,0,0,0,0,0,0,0,0,0,0,0,0,0,0,0,0,0,0,0,0,941,0,0,0,0,0,0,0
1787688816.577,0,0,0,0,0,0,0,723329324,1835824220672,788713356800,0,0,0,0,0,0,0,0,0,0,0,0,0,0,0,0,0,0,0,0,0,0,0,0,0,0,0,0,0,0,0,0,0,0,0,0,0,0,0,0,0,0,0,0,0,0,0,0,0,0,0,0,0,0,0,0,0,0,0,0,7,1688405,112197187,34625807,0,0,0,0,0,0,0,0,0,0,0,0,0,0,0,0,0,0,0,0,0,0,0,0,0,0,0,0,0,0,0,0,0,0,0,0,0,12883329024,10614652928,786336,647867,34573247,0,0,96,786432,111328479,796294,280,3493559248,12884901888,0,688029969,0,0,0,0,0,0,0,0,0,0,0,0,0,0,0,0,0,0,17741337,117619872,0,468,1204,7863,623,35482952,35,0,0,0,0,0,0,0,1,0,0,0,0,0,0,0,0,0,0,23731522,0,34572721,281626,0,0,0,0,0,0,0,0,16384,0,0,0,0,0,0,0,0,0,0,0,7112,473,0,0,0,0,0,53930398,0,157,0,3,470,7112,0,0,0,0,0,0,0,0,0,0,0,0,0,0,0,0,0,0,0,0,0,0,0,0,0,0,0,0,0,0,0,0,0,0,0,0,0,0,0,0,0,0,0,0,0,0,0,0,0,0,0,0,0,0,247959171,0,0,0,484849033,0,0,0,0,0,0,0,74921769,112361583,283127107,173671937536,69768890,0,1,0,0,0,0,0,0,0,0,0,0,0,0,0,0,0,0,0,0,0,0,0,0,0,0,0,0,0,0,0,95,0,0,0,0,0,0,0
1787688817.652,0,0,0,0,0,0,0,723508271,1836816419328,788925214208,0,0,0,0,0,0,0,0,0,0,0,0,0,0,0,0,0,0,0,0,0,0,0,0,0,0,0,0,0,0,0,0,0,0,0,0,0,0,0,0,0,0,0,0,0,0,0,0,0,0,0,0,0,0,0,0,0,0,0,0,7,1688432,112257901,34635751,0,0,0,0,0,0,0,0,0,0,0,0,0,0,0,0,0,0,0,0,0,0,0,0,0,0,0,0,0,0,0,0,0,0,0,0,0,12883329024,10631921664,786336,648921,34583191,0,0,96,786432,111389127,796294,280,3494442881,12884901888,0,688146859,0,0,0,0,0,0,0,0,0,0,0,0,0,0,0,0,0,0,17746530,117625064,0,468,1204,7863,623,35493334,35,0,0,0,0,0,0,0,1,0,0,0,0,0,0,0,0,0,0,23737502,0,34582665,281706,0,0,0,0,0,0,0,0,16384,0,0,0,0,0,0,0,0,0,0,0,7113,473,0,0,0,0,0,53946159,0,157,0,3,470,7113,0,0,0,0,0,0,0,0,0,0,0,0,0,0,0,0,0,0,0,0,0,0,0,0,0,0,0,0,0,0,0,0,0,0,0,0,0,0,0,0,0,0,0,0,0,0,0,0,0,0,0,0,0,0,248040681,0,0,0,484936863,0,0,0,0,0,0,0,74952679,112422145,283218571,173714528256,69798389,0,0,0,0,0,0,0,0,0,0,0,0,0,0,0,0,0,0,0,0,0,0,0,0,0,0,0,0,0,0,0,482,0,0,0,0,0,0,0
1787688818.733,0,0,0,0,0,0,0,723688181,1837812992512,789137708032,0,0,0,0,0,0,0,0,0,0,0,0,0,0,0,0,0,0,0,0,0,0,0,0,0,0,0,0,0,0,0,0,0,0,0,0,0,0,0,0,0,0,0,0,0,0,0,0,0,0,0,0,0,0,0,0,0,0,0,0,7,1688463,112318837,34645721,0,0,0,0,0,0,0,0,0,0,0,0,0,0,0,0,0,0,0,0,0,0,0,0,0,0,0,0,0,0,0,0,0,0,0,0,0,12883329024,10650075136,786336,650029,34593161,0,0,96,786432,111450001,796294,280,3495330664,12884901888,0,688263917,0,0,0,0,0,0,0,0,0,0,0,0,0,0,0,0,0,0,17751749,117630285,0,468,1204,7863,623,35503775,35,0,0,0,0,0,0,0,1,0,0,0,0,0,0,0,0,0,0,23743515,0,34592635,281786,0,0,0,0,0,0,0,0,16384,0,0,0,0,0,0,0,0,0,0,0,7115,473,0,0,0,0,0,53962058,0,157,0,3,470,7115,0,0,0,0,0,0,0,0,0,0,0,0,0,0,0,0,0,0,0,0,0,0,0,0,0,0,0,0,0,0,0,0,0,0,0,0,0,0,0,0,0,0,0,0,0,0,0,0,0,0,0,0,0,0,248122254,0,0,0,485025067,0,0,0,0,0,0,0,74983811,112482952,283310134,173757118976,69828077,1,0,0,0,0,0,0,0,0,0,0,0,0,0,0,0,0,0,0,0,0,0,0,0,0,0,0,0,0,0,0,900,0,0,0,0,0,0,0
1787688819.811,0,0,0,0,0,0,0,723867717,1838803864064,789349402112,0,0,0,0,0,0,0,0,0,0,0,0,0,0,0,0,0,0,0,0,0,0,0,0,0,0,0,0,0,0,0,0,0,0,0,0,0,0,0,0,0,0,0,0,0,0,0,0,0,0,0,0,0,0,0,0,0,0,0,0,7,1688501,112379442,34655636,0,0,0,0,0,0,0,0,0,0,0,0,0,0,0,0,0,0,0,0,0,0,0,0,0,0,0,0,0,0,0,0,0,0,0,0,0,12883312640,10666704896,786335,651044,34603076,0,0,97,786432,111510534,796294,280,3496221475,12884901888,0,688384491,0,0,0,0,0,0,0,0,0,0,0,0,0,0,0,0,0,0,17756954,117635491,0,468,1204,7863,623,35514188,35,0,0,0,0,0,0,0,1,0,0,0,0,0,0,0,0,0,0,23749516,0,34602550,281866,0,0,0,0,0,0,0,0,16384,0,0,0,0,0,0,0,0,0,0,0,7116,473,0,0,0,0,0,53977900,0,157,0,3,470,7116,0,0,0,0,0,0,0,0,0,0,0,0,0,0,0,0,0,0,0,0,0,0,0,0,0,0,0,0,0,0,0,0,0,0,0,0,0,0,0,0,0,0,0,0,0,0,0,0,0,0,0,0,0,0,248204137,0,0,0,485114271,0,0,0,0,0,0,0,75015039,112543413,283401970,173800050688,69857808,0,0,0,0,0,0,0,0,0,0,0,0,0,0,0,0,0,0,0,0,0,0,0,0,0,0,0,0,0,0,0,90,0,0,0,0,0,0,0
1787688820.887,0,0,0,0,0,0,0,724047754,1839795620352,789560115712,0,0,0,0,0,0,0,0,0,0,0,0,0,0,0,0,0,0,0,0,0,0,0,0,0,0,0,0,0,0,0,0,0,0,0,0,0,0,0,0,0,0,0,0,0,0,0,0,0,0,0,0,0,0,0,0,0,0,0,0,7,1688574,112440115,34665527,0,0,0,0,0,0,0,0,0,0,0,0,0,0,0,0,0,0,0,0,0,0,0,0,0,0,0,0,0,0,0,0,0,0,0,0,0,12883329024,10684416000,786336,652125,34612967,0,0,96,786432,111571137,796294,280,3497110276,12884901888,0,688502213,0,0,0,0,0,0,0,0,0,0,0,0,0,0,0,0,0,0,17762177,117640714,0,468,1204,7863,623,35524636,35,0,0,0,0,0,0,0,1,0,0,0,0,0,0,0,0,0,0,23755524,0,34612441,281946,0,0,0,0,0,0,0,0,16384,0,0,0,0,0,0,0,0,0,0,0,7117,473,0,0,0,0,0,53993774,0,157,0,3,470,7117,0,0,0,0,0,0,0,0,0,0,0,0,0,0,0,0,0,0,0,0,0,0,0,0,0,0,0,0,0,0,0,0,0,0,0,0,0,0,0,0,0,0,0,0,0,0,0,0,0,0,0,0,0,0,248284598,0,0,0,485202491,0,0,0,0,0,0,0,75046011,112603951,283492341,173842163200,69887314,1,0,0,0,0,0,0,0,0,0,0,0,0,0,0,0,0,0,0,0,0,0,0,0,0,0,0,0,0,0,0,525,0,0,0,0,0,0,0
1787688821.970,0,0,0,0,0,0,0,724225774,1840782379520,789770729984,0,0,0,0,0,0,0,0,0,0,0,0,0,0,0,0,0,0,0,0,0,0,0,0,0,0,0,0,0,0,0,0,0,0,0,0,0,0,0,0,0,0,0,0,0,0,0,0,0,0,0,0,0,0,0,0,0,0,0,0,7,1688596,112500490,34675424,0,0,0,0,0,0,0,0,0,0,0,0,0,0,0,0,0,0,0,0,0,0,0,0,0,0,0,0,0,0,0,0,0,0,0,0,0,12883312640,10700439552,786335,653103,34622864,0,0,97,786432,111631437,796294,280,3497989722,12884901888,0,688618750,0,0,0,0,0,0,0,0,0,0,0,0,0,0,0,0,0,0,17767338,117645875,0,468,1204,7863,623,35534952,35,0,0,0,0,0,0,0,1,0,0,0,0,0,0,0,0,0,0,23761470,0,34622338,282026,0,0,0,0,0,0,0,0,16384,0,0,0,0,0,0,0,0,0,0,0,7118,473,0,0,0,0,0,54009458,0,157,0,3,470,7118,0,0,0,0,0,0,0,0,0,0,0,0,0,0,0,0,0,0,0,0,0,0,0,0,0,0,0,0,0,0,0,0,0,0,0,0,0,0,0,0,0,0,0,0,0,0,0,0,0,0,0,0,0,0,248365097,0,0,0,485289845,0,0,0,0,0,0,0,75076688,112664173,283582753,173884302848,69916494,0,1,0,0,0,0,0,0,0,0,0,0,0,0,0,0,0,0,0,0,0,0,0,0,0,0,0,0,0,0,0,875,0,0,0,0,0,0,0
1787688823.046,0,0,0,0,0,0,0,724402807,1841761487360,789982634496,0,0,0,0,0,0,0,0,0,0,0,0,0,0,0,0,0,0,0,0,0,0,0,0,0,0,0,0,0,0,0,0,0,0,0,0,0,0,0,0,0,0,0,0,0,0,0,0,0,0,0,0,0,0,0,0,0,0,0,0,7,1688615,112560371,34685383,0,0,0,0,0,0,0,0,0,0,0,0,0,0,0,0,0,0,0,0,0,0,0,0,0,0,0,0,0,0,0,0,0,0,0,0,0,12883312640,10715136000,786336,654000,34632823,0,0,96,786432,111691253,796294,280,3498864030,12884901888,0,688734295,0,0,0,0,0,0,0,0,0,0,0,0,0,0,0,0,0,0,17772468,117651005,0,468,1204,7863,623,35545216,35,0,0,0,0,0,0,0,1,0,0,0,0,0,0,0,0,0,0,23767371,0,34632297,282106,0,0,0,0,0,0,0,0,16384,0,0,0,0,0,0,0,0,0,0,0,7119,473,0,0,0,0,0,54025039,0,157,0,3,470,7119,0,0,0,0,0,0,0,0,0,0,0,0,0,0,0,0,0,0,0,0,0,0,0,0,0,0,0,0,0,0,0,0,0,0,0,0,0,0,0,0,0,0,0,0,0,0,0,0,0,0,0,0,0,0,248445919,0,0,0,485376730,0,0,0,0,0,0,0,75107199,112723915,283673560,173926550528,69945553,0,0,0,0,0,0,0,0,0,0,0,0,0,0,0,0,0,0,0,0,0,0,0,0,0,0,0,0,0,0,0,1206,0,0,0,0,0,0,0
1787688824.119,0,0,0,0,0,0,0,724580197,1842745379328,790193844224,0,0,0,0,0,0,0,0,0,0,0,0,0,0,0,0,0,0,0,0,0,0,0,0,0,0,0,0,0,0,0,0,0,0,0,0,0,0,0,0,0,0,0,0,0,0,0,0,0,0,0,0,0,0,0,0,0,0,0,0,7,1688644,112620550,34695323,0,0,0,0,0,0,0,0,0,0,0,0,0,0,0,0,0,0,0,0,0,0,0,0,0,0,0,0,0,0,0,0,0,0,0,0,0,12883329024,10727227392,786336,654738,34642763,0,0,96,786432,111751368,796294,280,3499743638,12884901888,0,688852734,0,0,0,0,0,0,0,0,0,0,0,0,0,0,0,0,0,0,17777621,117656159,0,468,1204,7863,623,35555525,35,0,0,0,0,0,0,0,1,0,0,0,0,0,0,0,0,0,0,23773311,0,34642237,282186,0,0,0,0,0,0,0,0,16384,0,0,0,0,0,0,0,0,0,0,0,7120,473,0,0,0,0,0,54040725,0,157,0,3,470,7120,0,0,0,0,0,0,0,0,0,0,0,0,0,0,0,0,0,0,0,0,0,0,0,0,0,0,0,0,0,0,0,0,0,0,0,0,0,0,0,0,0,0,0,0,0,0,0,0,0,0,0,0,0,0,248526065,0,0,0,485465024,0,0,0,0,0,0,0,75136905,112783935,283763671,173968401920,69973725,0,0,0,0,0,0,0,0,0,0,0,0,0,0,0,0,0,0,0,0,0,0,0,0,0,0,0,0,0,0,0,356,0,0,0,0,0,0,0
1787688825.200,0,0,0,0,0,0,0,724757072,1843716147712,790421701120,0,0,0,0,0,0,0,0,0,0,0,0,0,0,0,0,0,0,0,0,0,0,0,0,0,0,0,0,0,0,0,0,0,0,0,0,0,0,0,0,0,0,0,0,0,0,0,0,0,0,0,0,0,0,0,0,0,0,0,0,7,1688664,112679910,34706043,0,0,0,0,0,0,0,0,0,0,0,0,0,0,0,0,0,0,0,0,0,0,0,0,0,0,0,0,0,0,0,0,0,0,0,0,0,12872450048,10726277120,785672,654680,34652715,664,0,96,786432,111810658,796294,280,3500616670,12884901888,0,688968260,0,0,0,0,0,0,0,0,0,0,0,0,0,0,0,0,0,0,17782747,117661285,0,468,1204,7863,623,35565773,35,0,0,0,0,0,0,0,1,0,0,0,0,0,0,0,0,0,0,23779215,0,34652957,282273,0,0,0,0,0,0,0,0,16384,0,0,0,0,0,0,0,0,0,0,0,7121,473,0,0,0,0,0,54056303,0,157,0,3,470,7121,0,0,0,0,0,0,0,0,0,0,0,0,0,0,0,0,0,0,0,0,0,0,0,0,0,0,0,0,0,0,0,0,0,0,0,0,0,0,0,0,0,0,0,0,0,0,0,0,0,0,0,0,0,0,248607006,0,0,0,485551825,0,0,0,0,0,0,0,75166840,112843146,283855578,174010730496,70002084,0,0,0,0,0,0,0,0,0,0,0,0,0,0,0,0,0,0,0,0,0,0,0,0,0,0,0,0,0,0,0,685,0,0,0,0,0,0,0
1787688826.277,0,0,0,0,0,0,0,724930499,1844675037696,790699444736,0,0,0,0,0,0,0,0,0,0,0,0,0,0,0,0,0,0,0,0,0,0,0,0,0,0,0,0,0,0,0,0,0,0,0,0,0,0,0,0,0,0,0,0,0,0,0,0,0,0,0,0,0,0,0,0,0,0,0,0,7,1688684,112738552,34720314,0,0,0,0,0,0,0,0,0,0,0,0,0,0,0,0,0,0,0,0,0,0,0,0,0,0,0,0,0,0,0,0,0,0,0,0,0,12883329024,10664624128,786336,650917,34662672,0,0,96,786432,111869232,796294,280,3501472669,12884901888,0,689081499,0,0,0,0,0,0,0,0,0,0,0,0,0,0,0,0,0,0,17787781,117666319,0,468,1204,7863,623,35575842,35,0,0,0,0,0,0,0,1,0,0,0,0,0,0,0,0,0,0,23785009,0,34667242,282387,0,0,0,0,0,0,0,0,16384,0,0,0,0,0,0,0,0,0,0,0,7122,473,0,0,0,0,0,54071604,0,157,0,3,470,7122,0,0,0,0,0,0,0,0,0,0,0,0,0,0,0,0,0,0,0,0,0,0,0,0,0,0,0,0,0,0,0,0,0,0,0,0,0,0,0,0,0,0,0,0,0,0,0,0,0,0,0,0,0,0,248686492,0,0,0,485637038,0,0,0,0,0,0,0,75196633,112901640,283949157,174052092416,70029773,1,0,0,0,0,0,0,0,0,0,0,0,0,0,0,0,0,0,0,0,0,0,0,0,0,0,0,0,0,0,0,902,0,0,0,0,0,0,0
1787688827.353,0,0,0,0,0,0,0,725104142,1845631830528,790986520576,0,0,0,0,0,0,0,0,0,0,0,0,0,0,0,0,0,0,0,0,0,0,0,0,0,0,0,0,0,0,0,0,0,0,0,0,0,0,0,0,0,0,0,0,0,0,0,0,0,0,0,0,0,0,0,0,0,0,0,0,7,1688708,112797093,34734819,0,0,0,0,0,0,0,0,0,0,0,0,0,0,0,0,0,0,0,0,0,0,0,0,0,0,0,0,0,0,0,0,0,0,0,0,0,12883329024,10600136704,786336,646981,34672648,0,0,96,786432,111927712,796294,280,3502330328,12884901888,0,689195257,0,0,0,0,0,0,0,0,0,0,0,0,0,0,0,0,0,0,17792814,117671352,0,468,1204,7863,623,35585911,35,0,0,0,0,0,0,0,1,0,0,0,0,0,0,0,0,0,0,23790801,0,34681730,282502,0,0,0,0,0,0,0,0,16384,0,0,0,0,0,0,0,0,0,0,0,7123,473,0,0,0,0,0,54086909,0,157,0,3,470,7123,0,0,0,0,0,0,0,0,0,0,0,0,0,0,0,0,0,0,0,0,0,0,0,0,0,0,0,0,0,0,0,0,0,0,0,0,0,0,0,0,0,0,0,0,0,0,0,0,0,0,0,0,0,0,248765829,0,0,0,485722304,0,0,0,0,0,0,0,75226727,112960047,284043150,174093536768,70057678,1,0,0,0,0,0,0,0,0,0,0,0,0,0,0,0,0,0,0,0,0,0,0,0,0,0,0,0,0,0,0,1113,0,0,0,0,0,0,0
1787688828.428,0,0,0,0,0,0,0,725281623,1846619507200,791205020160,0,0,0,0,0,0,0,0,0,0,0,0,0,0,0,0,0,0,0,0,0,0,0,0,0,0,0,0,0,0,0,0,0,0,0,0,0,0,0,0,0,0,0,0,0,0,0,0,0,0,0,0,0,0,0,0,0,0,0,0,7,1688832,112857527,34745279,0,0,0,0,0,0,0,0,0,0,0,0,0,0,0,0,0,0,0,0,0,0,0,0,0,0,0,0,0,0,0,0,0,0,0,0,0,12883312640,10608656384,786335,647501,34692719,0,0,97,786432,111988070,796294,280,3503209686,12884901888,0,689313378,0,0,0,0,0,0,0,0,0,0,0,0,0,0,0,0,0,0,17797971,117676507,0,468,1204,7863,623,35596225,35,0,0,0,0,0,0,0,1,0,0,0,0,0,0,0,0,0,0,23796738,0,34692193,282586,0,0,0,0,0,0,0,0,16384,0,0,0,0,0,0,0,0,0,0,0,7124,473,0,0,0,0,0,54102570,0,157,0,3,470,7124,0,0,0,0,0,0,0,0,0,0,0,0,0,0,0,0,0,0,0,0,0,0,0,0,0,0,0,0,0,0,0,0,0,0,0,0,0,0,0,0,0,0,0,0,0,0,0,0,0,0,0,0,0,0,248847822,0,0,0,485810646,0,0,0,0,0,0,0,75257617,113020328,284135493,174136099328,70086985,1,0,0,0,0,0,0,0,0,0,0,0,0,0,0,0,0,0,0,0,0,0,0,0,0,0,0,0,0,0,0,290,0,0,0,0,0,0,0
1787688829.508,0,0,0,0,0,0,0,725459002,1847600220672,791417382912,0,0,0,0,0,0,0,0,0,0,0,0,0,0,0,0,0,0,0,0,0,0,0,0,0,0,0,0,0,0,0,0,0,0,0,0,0,0,0,0,0,0,0,0,0,0,0,0,0,0,0,0,0,0,0,0,0,0,0,0,7,1688890,112917509,34755286,0,0,0,0,0,0,0,0,0,0,0,0,0,0,0,0,0,0,0,0,0,0,0,0,0,0,0,0,0,0,0,0,0,0,0,0,0,12883312640,10623025152,786336,648378,34702726,0,0,96,786432,112047981,796294,280,3504085917,12884901888,0,689429752,0,0,0,0,0,0,0,0,0,0,0,0,0,0,0,0,0,0,17803115,117681652,0,468,1204,7863,623,35606512,35,0,0,0,0,0,0,0,1,0,0,0,0,0,0,0,0,0,0,23802665,0,34702200,282666,0,0,0,0,0,0,0,0,16384,0,0,0,0,0,0,0,0,0,0,0,7125,473,0,0,0,0,0,54118196,0,157,0,3,470,7125,0,0,0,0,0,0,0,0,0,0,0,0,0,0,0,0,0,0,0,0,0,0,0,0,0,0,0,0,0,0,0,0,0,0,0,0,0,0,0,0,0,0,0,0,0,0,0,0,0,0,0,0,0,0,248928343,0,0,0,485897662,0,0,0,0,0,0,0,75287849,113080157,284226062,174178124288,70115669,1,0,0,0,0,0,0,0,0,0,0,0,0,0,0,0,0,0,0,0,0,0,0,0,0,0,0,0,0,0,0,635,0,0,0,0,0,0,0
1787688830.586,0,0,0,0,0,0,0,725636736,1848577788416,791629801984,0,0,0,0,0,0,0,0,0,0,0,0,0,0,0,0,0,0,0,0,0,0,0,0,0,0,0,0,0,0,0,0,0,0,0,0,0,0,0,0,0,0,0,0,0,0,0,0,0,0,0,0,0,0,0,0,0,0,0,0,7,1688974,112977317,34765297,0,0,0,0,0,0,0,0,0,0,0,0,0,0,0,0,0,0,0,0,0,0,0,0,0,0,0,0,0,0,0,0,0,0,0,0,0,12883329024,10636722176,786336,649214,34712737,0,0,96,786432,112107720,796294,280,3504963736,12884901888,0,689545911,0,0,0,0,0,0,0,0,0,0,0,0,0,0,0,0,0,0,17808264,117686802,0,468,1204,7863,623,35616820,35,0,0,0,0,0,0,0,1,0,0,0,0,0,0,0,0,0,0,23808587,0,34712211,282746,0,0,0,0,0,0,0,0,16384,0,0,0,0,0,0,0,0,0,0,0,7126,473,0,0,0,0,0,54133870,0,157,0,3,470,7126,0,0,0,0,0,0,0,0,0,0,0,0,0,0,0,0,0,0,0,0,0,0,0,0,0,0,0,0,0,0,0,0,0,0,0,0,0,0,0,0,0,0,0,0,0,0,0,0,0,0,0,0,0,0,249008560,0,0,0,485984890,0,0,0,0,0,0,0,75318368,113139825,284316327,174220059136,70144654,1,0,0,0,0,0,0,0,0,0,0,0,0,0,0,0,0,0,0,0,0,0,0,0,0,0,0,0,0,0,0,967,0,0,0,0,0,0,0
1787688831.663,0,0,0,0,0,0,0,725815176,1849560369664,791842733568,0,0,0,0,0,0,0,0,0,0,0,0,0,0,0,0,0,0,0,0,0,0,0,0,0,0,0,0,0,0,0,0,0,0,0,0,0,0,0,0,0,0,0,0,0,0,0,0,0,0,0,0,0,0,0,0,0,0,0,0,7,1689012,113037407,34775291,0,0,0,0,0,0,0,0,0,0,0,0,0,0,0,0,0,0,0,0,0,0,0,0,0,0,0,0,0,0,0,0,0,0,0,0,0,12883329024,10652467200,786336,650175,34722731,0,0,96,786432,112167741,796294,280,3505847516,12884901888,0,689664682,0,0,0,0,0,0,0,0,0,0,0,0,0,0,0,0,0,0,17813444,117691980,0,468,1204,7863,623,35627172,35,0,0,0,0,0,0,0,1,0,0,0,0,0,0,0,0,0,0,23814551,0,34722205,282826,0,0,0,0,0,0,0,0,16384,0,0,0,0,0,0,0,0,0,0,0,7127,473,0,0,0,0,0,54149600,0,157,0,3,470,7127,0,0,0,0,0,0,0,0,0,0,0,0,0,0,0,0,0,0,0,0,0,0,0,0,0,0,0,0,0,0,0,0,0,0,0,0,0,0,0,0,0,0,0,0,0,0,0,0,0,0,0,0,0,0,249090334,0,0,0,486073655,0,0,0,0,0,0,0,75348991,113199785,284408127,174262616064,70173785,1,1,0,0,0,0,0,0,0,0,0,0,0,0,0,0,0,0,0,0,0,0,0,0,0,0,0,0,0,0,0,130,0,0,0,0,0,0,0
1787688832.740,0,0,0,0,0,0,0,725993184,1850546981376,792054398464,0,0,0,0,0,0,0,0,0,0,0,0,0,0,0,0,0,0,0,0,0,0,0,0,0,0,0,0,0,0,0,0,0,0,0,0,0,0,0,0,0,0,0,0,0,0,0,0,0,0,0,0,0,0,0,0,0,0,0,0,7,1689041,113097761,34785259,0,0,0,0,0,0,0,0,0,0,0,0,0,0,0,0,0,0,0,0,0,0,0,0,0,0,0,0,0,0,0,0,0,0,0,0,0,12883329024,10667982848,786335,651122,34732699,0,0,97,786432,112228023,796294,280,3506726895,12884901888,0,689781412,0,0,0,0,0,0,0,0,0,0,0,0,0,0,0,0,0,0,17818604,117697141,0,468,1204,7863,623,35637489,35,0,0,0,0,0,0,0,1,0,0,0,0,0,0,0,0,0,0,23820485,0,34732173,282906,0,0,0,0,0,0,0,0,16384,0,0,0,0,0,0,0,0,0,0,0,7129,473,0,0,0,0,0,54165282,0,157,0,3,470,7129,0,0,0,0,0,0,0,0,0,0,0,0,0,0,0,0,0,0,0,0,0,0,0,0,0,0,0,0,0,0,0,0,0,0,0,0,0,0,0,0,0,0,0,0,0,0,0,0,0,0,0,0,0,0,249170221,0,0,0,486160938,0,0,0,0,0,0,0,75379551,113259979,284498017,174304502272,70202782,0,0,0,0,0,0,0,0,0,0,0,0,0,0,0,0,0,0,0,0,0,0,0,0,0,0,0,0,0,0,0,471,0,0,0,0,0,0,0
1787688833.818,0,0,0,0,0,0,0,726171881,1851538098688,792266790400,0,0,0,0,0,0,0,0,0,0,0,0,0,0,0,0,0,0,0,0,0,0,0,0,0,0,0,0,0,0,0,0,0,0,0,0,0,0,0,0,0,0,0,0,0,0,0,0,0,0,0,0,0,0,0,0,0,0,0,0,7,1689065,113158398,34795254,0,0,0,0,0,0,0,0,0,0,0,0,0,0,0,0,0,0,0,0,0,0,0,0,0,0,0,0,0,0,0,0,0,0,0,0,0,12883329024,10684137472,786336,652108,34742694,0,0,96,786432,112288593,796294,280,3507609631,12884901888,0,689898147,0,0,0,0,0,0,0,0,0,0,0,0,0,0,0,0,0,0,17823784,117702322,0,468,1204,7863,623,35647854,35,0,0,0,0,0,0,0,1,0,0,0,0,0,0,0,0,0,0,23826444,0,34742168,282986,0,0,0,0,0,0,0,0,16384,0,0,0,0,0,0,0,0,0,0,0,7130,473,0,0,0,0,0,54181038,0,157,0,3,470,7130,0,0,0,0,0,0,0,0,0,0,0,0,0,0,0,0,0,0,0,0,0,0,0,0,0,0,0,0,0,0,0,0,0,0,0,0,0,0,0,0,0,0,0,0,0,0,0,0,0,0,0,0,0,0,249251039,0,0,0,486248541,0,0,0,0,0,0,0,75410237,113320467,284588856,174346684928,70232085,1,0,0,0,0,0,0,0,0,0,0,0,0,0,0,0,0,0,0,0,0,0,0,0,0,0,0,0,0,0,0,850,0,0,0,0,0,0,0
1787688834.897,0,0,0,0,0,0,0,726348260,1852516485632,792476979712,0,0,0,0,0,0,0,0,0,0,0,0,0,0,0,0,0,0,0,0,0,0,0,0,0,0,0,0,0,0,0,0,0,0,0,0,0,0,0,0,0,0,0,0,0,0,0,0,0,0,0,0,0,0,0,0,0,0,0,0,7,1689218,113218249,34805160,0,0,0,0,0,0,0,0,0,0,0,0,0,0,0,0,0,0,0,0,0,0,0,0,0,0,0,0,0,0,0,0,0,0,0,0,0,12883329024,10699292672,786336,653033,34752600,0,0,96,786432,112348366,796294,280,3508480932,12884901888,0,690013527,0,0,0,0,0,0,0,0,0,0,0,0,0,0,0,0,0,0,17828899,117707436,0,468,1204,7863,623,35658078,35,0,0,0,0,0,0,0,1,0,0,0,0,0,0,0,0,0,0,23832336,0,34752074,283066,0,0,0,0,0,0,0,0,16384,0,0,0,0,0,0,0,0,0,0,0,7131,473,0,0,0,0,0,54196584,0,157,0,3,470,7131,0,0,0,0,0,0,0,0,0,0,0,0,0,0,0,0,0,0,0,0,0,0,0,0,0,0,0,0,0,0,0,0,0,0,0,0,0,0,0,0,0,0,0,0,0,0,0,0,0,0,0,0,0,0,249330959,0,0,0,486335084,0,0,0,0,0,0,0,75439202,113380203,284678721,174388390400,70259654,1,0,0,0,0,0,0,0,0,0,0,0,0,0,0,0,0,0,0,0,0,0,0,0,0,0,0,0,0,0,0,1163,0,0,0,0,0,0,0
1787688835.976,0,0,0,0,0,0,0,726519457,1853459778048,792687808000,0,0,0,0,0,0,0,0,0,0,0,0,0,0,0,0,0,0,0,0,0,0,0,0,0,0,0,0,0,0,0,0,0,0,0,0,0,0,0,0,0,0,0,0,0,0,0,0,0,0,0,0,0,0,0,0,0,0,0,0,7,1689237,113275943,34815125,0,0,0,0,0,0,0,0,0,0,0,0,0,0,0,0,0,0,0,0,0,0,0,0,0,0,0,0,0,0,0,0,0,0,0,0,0,12883329024,10707632128,786336,653542,34762565,0,0,96,786432,112405991,796294,280,3509329377,12884901888,0,690128637,0,0,0,0,0,0,0,0,0,0,0,0,0,0,0,0,0,0,17833863,117712400,0,468,1204,7863,623,35668008,35,0,0,0,0,0,0,0,1,0,0,0,0,0,0,0,0,0,0,23838062,0,34762039,283146,0,0,0,0,0,0,0,0,16384,0,0,0,0,0,0,0,0,0,0,0,7132,473,0,0,0,0,0,54211670,0,157,0,3,470,7132,0,0,0,0,0,0,0,0,0,0,0,0,0,0,0,0,0,0,0,0,0,0,0,0,0,0,0,0,0,0,0,0,0,0,0,0,0,0,0,0,0,0,0,0,0,0,0,0,0,0,0,0,0,0,249410535,0,0,0,486420388,0,0,0,0,0,0,0,75466047,113437767,284768302,174429766656,70285072,1,1,0,0,0,0,0,0,0,0,0,0,0,0,0,0,0,0,0,0,0,0,0,0,0,0,0,0,0,0,0,175,0,0,0,0,0,0,0
1787688837.053,0,0,0,0,0,0,0,726696921,1854438902272,792900416000,0,0,0,0,0,0,0,0,0,0,0,0,0,0,0,0,0,0,0,0,0,0,0,0,0,0,0,0,0,0,0,0,0,0,0,0,0,0,0,0,0,0,0,0,0,0,0,0,0,0,0,0,0,0,0,0,0,0,0,0,7,1689331,113335844,34825161,0,0,0,0,0,0,0,0,0,0,0,0,0,0,0,0,0,0,0,0,0,0,0,0,0,0,0,0,0,0,0,0,0,0,0,0,0,12883329024,10722541568,786336,654452,34772601,0,0,96,786432,112465806,796294,280,3510205776,12884901888,0,690245007,0,0,0,0,0,0,0,0,0,0,0,0,0,0,0,0,0,0,17839009,117717546,0,468,1204,7863,623,35678302,35,0,0,0,0,0,0,0,1,0,0,0,0,0,0,0,0,0,0,23843987,0,34772075,283226,0,0,0,0,0,0,0,0,16384,0,0,0,0,0,0,0,0,0,0,0,7133,473,0,0,0,0,0,54227312,0,157,0,3,470,7133,0,0,0,0,0,0,0,0,0,0,0,0,0,0,0,0,0,0,0,0,0,0,0,0,0,0,0,0,0,0,0,0,0,0,0,0,0,0,0,0,0,0,0,0,0,0,0,0,0,0,0,0,0,0,249490793,0,0,0,486507372,0,0,0,0,0,0,0,75496711,113497515,284858599,174471613952,70314260,1,0,0,0,0,0,0,0,0,0,0,0,0,0,0,0,0,0,0,0,0,0,0,0,0,0,0,0,0,0,0,489,0,0,0,0,0,0,0
1787688838.128,0,0,0,0,0,0,0,726875349,1855425415680,793112099840,0,0,0,0,0,0,0,0,0,0,0,0,0,0,0,0,0,0,0,0,0,0,0,0,0,0,0,0,0,0,0,0,0,0,0,0,0,0,0,0,0,0,0,0,0,0,0,0,0,0,0,0,0,0,0,0,0,0,0,0,7,1689355,113396182,34835114,0,0,0,0,0,0,0,0,0,0,0,0,0,0,0,0,0,0,0,0,0,0,0,0,0,0,0,0,0,0,0,0,0,0,0,0,0,12883329024,10738139136,786336,655404,34782554,0,0,96,786432,112526073,796294,280,3511087252,12884901888,0,690362134,0,0,0,0,0,0,0,0,0,0,0,0,0,0,0,0,0,0,17844174,117722712,0,468,1204,7863,623,35688631,35,0,0,0,0,0,0,0,1,0,0,0,0,0,0,0,0,0,0,23849934,0,34782028,283306,0,0,0,0,0,0,0,0,16384,0,0,0,0,0,0,0,0,0,0,0,7134,473,0,0,0,0,0,54243019,0,157,0,3,470,7134,0,0,0,0,0,0,0,0,0,0,0,0,0,0,0,0,0,0,0,0,0,0,0,0,0,0,0,0,0,0,0,0,0,0,0,0,0,0,0,0,0,0,0,0,0,0,0,0,0,0,0,0,0,0,249571344,0,0,0,486594784,0,0,0,0,0,0,0,75527459,113557692,284949126,174513768448,70343490,1,0,0,0,0,0,0,0,0,0,0,0,0,0,0,0,0,0,0,0,0,0,0,0,0,0,0,0,0,0,0,869,0,0,0,0,0,0,0
1787688839.207,0,0,0,0,0,0,0,727050975,1856391268864,793343503360,0,0,0,0,0,0,0,0,0,0,0,0,0,0,0,0,0,0,0,0,0,0,0,0,0,0,0,0,0,0,0,0,0,0,0,0,0,0,0,0,0,0,0,0,0,0,0,0,0,0,0,0,0,0,0,0,0,0,0,0,7,1689375,113455277,34846237,0,0,0,0,0,0,0,0,0,0,0,0,0,0,0,0,0,0,0,0,0,0,0,0,0,0,0,0,0,0,0,0,0,0,0,0,0,12869156864,10729455616,785471,654874,34792571,865,0,96,786432,112585107,796294,280,3511954030,12884901888,0,690476962,0,0,0,0,0,0,0,0,0,0,0,0,0,0,0,0,0,0,17849270,117727808,0,468,1204,7863,623,35698822,35,0,0,0,0,0,0,0,1,0,0,0,0,0,0,0,0,0,0,23855794,0,34793069,283395,0,0,0,0,0,0,0,0,16384,0,0,0,0,0,0,0,0,0,0,0,7135,473,0,0,0,0,0,54258517,0,157,0,3,470,7135,0,0,0,0,0,0,0,0,0,0,0,0,0,0,0,0,0,0,0,0,0,0,0,0,0,0,0,0,0,0,0,0,0,0,0,0,0,0,0,0,0,0,0,0,0,0,0,0,0,0,0,0,0,0,249651345,0,0,0,486681041,0,0,0,0,0,0,0,75557397,113616657,285040340,174555634176,70371751,1,0,0,0,0,0,0,0,0,0,0,0,0,0,0,0,0,0,0,0,0,0,0,0,0,0,0,0,0,0,0,1159,0,0,0,0,0,0,0
1787688840.284,0,0,0,0,0,0,0,727220877,1857332627968,793614581760,0,0,0,0,0,0,0,0,0,0,0,0,0,0,0,0,0,0,0,0,0,0,0,0,0,0,0,0,0,0,0,0,0,0,0,0,0,0,0,0,0,0,0,0,0,0,0,0,0,0,0,0,0,0,0,0,0,0,0,0,7,1689407,113512862,34859891,0,0,0,0,0,0,0,0,0,0,0,0,0,0,0,0,0,0,0,0,0,0,0,0,0,0,0,0,0,0,0,0,0,0,0,0,0,12883329024,10677059584,786336,651676,34802552,0,0,96,786432,112642619,796294,280,3512797593,12884901888,0,690591338,0,0,0,0,0,0,0,0,0,0,0,0,0,0,0,0,0,0,17854194,117732732,0,468,1204,7863,623,35708681,35,0,0,0,0,0,0,0,1,0,0,0,0,0,0,0,0,0,0,23861474,0,34806857,283505,0,0,0,0,0,0,0,0,16384,0,0,0,0,0,0,0,0,0,0,0,7136,473,0,0,0,0,0,54273493,0,157,0,3,470,7136,0,0,0,0,0,0,0,0,0,0,0,0,0,0,0,0,0,0,0,0,0,0,0,0,0,0,0,0,0,0,0,0,0,0,0,0,0,0,0,0,0,0,0,0,0,0,0,0,0,0,0,0,0,0,249729870,0,0,0,486765736,0,0,0,0,0,0,0,75586231,113674083,285132574,174596615168,70398557,0,0,0,0,0,0,0,0,0,0,0,0,0,0,0,0,0,0,0,0,0,0,0,0,0,0,0,0,0,0,0,99,0,0,0,0,0,0,0
1787688841.359,0,0,0,0,0,0,0,727393590,1858283637248,793902421504,0,0,0,0,0,0,0,0,0,0,0,0,0,0,0,0,0,0,0,0,0,0,0,0,0,0,0,0,0,0,0,0,0,0,0,0,0,0,0,0,0,0,0,0,0,0,0,0,0,0,0,0,0,0,0,0,0,0,0,0,7,1689493,113571025,34874694,0,0,0,0,0,0,0,0,0,0,0,0,0,0,0,0,0,0,0,0,0,0,0,0,0,0,0,0,0,0,0,0,0,0,0,0,0,12883312640,10609639424,786335,647561,34812529,0,0,96,786432,112700703,796294,280,3513650699,12884901888,0,690704871,0,0,0,0,0,0,0,0,0,0,0,0,0,0,0,0,0,0,17859207,117737745,0,468,1204,7863,623,35718700,35,0,0,0,0,0,0,0,1,0,0,0,0,0,0,0,0,0,0,23867249,0,34821608,283622,0,0,0,0,0,0,0,0,16384,0,0,0,0,0,0,0,0,0,0,0,7137,473,0,0,0,0,0,54288737,0,157,0,3,470,7137,0,0,0,0,0,0,0,0,0,0,0,0,0,0,0,0,0,0,0,0,0,0,0,0,0,0,0,0,0,0,0,0,0,0,0,0,0,0,0,0,0,0,0,0,0,0,0,0,0,0,0,0,0,0,249808035,0,0,0,486850619,0,0,0,0,0,0,0,75615849,113732115,285225500,174637508096,70425959,1,0,0,0,0,0,0,0,0,0,0,0,0,0,0,0,0,0,0,0,0,0,0,0,0,0,0,0,0,0,0,296,0,0,0,0,0,0,0
1787688842.437,0,0,0,0,0,0,0,727572613,1859277720064,794120065024,0,0,0,0,0,0,0,0,0,0,0,0,0,0,0,0,0,0,0,0,0,0,0,0,0,0,0,0,0,0,0,0,0,0,0,0,0,0,0,0,0,0,0,0,0,0,0,0,0,0,0,0,0,0,0,0,0,0,0,0,7,1689516,113631829,34884991,0,0,0,0,0,0,0,0,0,0,0,0,0,0,0,0,0,0,0,0,0,0,0,0,0,0,0,0,0,0,0,0,0,0,0,0,0,12883312640,10620141568,786336,648202,34832431,0,0,96,786432,112761441,796294,280,3514534549,12884901888,0,690822063,0,0,0,0,0,0,0,0,0,0,0,0,0,0,0,0,0,0,17864397,117742934,0,468,1204,7863,623,35729075,35,0,0,0,0,0,0,0,1,0,0,0,0,0,0,0,0,0,0,23873214,0,34831905,283706,0,0,0,0,0,0,0,0,16384,0,0,0,0,0,0,0,0,0,0,0,7138,473,0,0,0,0,0,54304527,0,157,0,3,470,7138,0,0,0,0,0,0,0,0,0,0,0,0,0,0,0,0,0,0,0,0,0,0,0,0,0,0,0,0,0,0,0,0,0,0,0,0,0,0,0,0,0,0,0,0,0,0,0,0,0,0,0,0,0,0,249889100,0,0,0,486938355,0,0,0,0,0,0,0,75646135,113792779,285316888,174679867904,70454770,1,0,0,0,0,0,0,0,0,0,0,0,0,0,0,0,0,0,0,0,0,0,0,0,0,0,0,0,0,0,0,675,0,0,0,0,0,0,0
1787688843.516,0,0,0,0,0,0,0,727750013,1860260268544,794330392576,0,0,0,0,0,0,0,0,0,0,0,0,0,0,0,0,0,0,0,0,0,0,0,0,0,0,0,0,0,0,0,0,0,0,0,0,0,0,0,0,0,0,0,0,0,0,0,0,0,0,0,0,0,0,0,0,0,0,0,0,7,1689539,113691925,34894951,0,0,0,0,0,0,0,0,0,0,0,0,0,0,0,0,0,0,0,0,0,0,0,0,0,0,0,0,0,0,0,0,0,0,0,0,0,12883329024,10636836864,786335,649221,34842391,0,0,97,786432,112821476,796294,280,3515410855,12884901888,0,690938049,0,0,0,0,0,0,0,0,0,0,0,0,0,0,0,0,0,0,17869540,117748079,0,468,1204,7863,623,35739367,35,0,0,0,0,0,0,0,1,0,0,0,0,0,0,0,0,0,0,23879133,0,34841865,283786,0,0,0,0,0,0,0,0,16384,0,0,0,0,0,0,0,0,0,0,0,7139,473,0,0,0,0,0,54320146,0,157,0,3,470,7139,0,0,0,0,0,0,0,0,0,0,0,0,0,0,0,0,0,0,0,0,0,0,0,0,0,0,0,0,0,0,0,0,0,0,0,0,0,0,0,0,0,0,0,0,0,0,0,0,0,0,0,0,0,0,249966359,0,0,0,487025426,0,0,0,0,0,0,0,75674816,113852750,285404153,174720223744,70482081,1,1,0,0,0,0,0,0,0,0,0,0,0,0,0,0,0,0,0,0,0,0,0,0,0,0,0,0,0,0,0,1015,0,0,0,0,0,0,0
1787688844.593,0,0,0,0,0,0,0,727928040,1861245176320,794540862976,0,0,0,0,0,0,0,0,0,0,0,0,0,0,0,0,0,0,0,0,0,0,0,0,0,0,0,0,0,0,0,0,0,0,0,0,0,0,0,0,0,0,0,0,0,0,0,0,0,0,0,0,0,0,0,0,0,0,0,0,7,1689569,113752172,34904919,0,0,0,0,0,0,0,0,0,0,0,0,0,0,0,0,0,0,0,0,0,0,0,0,0,0,0,0,0,0,0,0,0,0,0,0,0,12883312640,10652794880,786336,650195,34852359,0,0,96,786432,112881667,796294,280,3516293334,12884901888,0,691057178,0,0,0,0,0,0,0,0,0,0,0,0,0,0,0,0,0,0,17874706,117753245,0,468,1204,7863,623,35749693,35,0,0,0,0,0,0,0,1,0,0,0,0,0,0,0,0,0,0,23885086,0,34851833,283866,0,0,0,0,0,0,0,0,16384,0,0,0,0,0,0,0,0,0,0,0,7140,473,0,0,0,0,0,54335875,0,157,0,3,470,7140,0,0,0,0,0,0,0,0,0,0,0,0,0,0,0,0,0,0,0,0,0,0,0,0,0,0,0,0,0,0,0,0,0,0,0,0,0,0,0,0,0,0,0,0,0,0,0,0,0,0,0,0,0,0,250043712,0,0,0,487113965,0,0,0,0,0,0,0,75703401,113912861,285491520,174760607232,70509190,1,0,0,0,0,0,0,0,0,0,0,0,0,0,0,0,0,0,0,0,0,0,0,0,0,0,0,0,0,0,0,185,0,0,0,0,0,0,0
1787688845.671,0,0,0,0,0,0,0,728106148,1862230575616,794752000512,0,0,0,0,0,0,0,0,0,0,0,0,0,0,0,0,0,0,0,0,0,0,0,0,0,0,0,0,0,0,0,0,0,0,0,0,0,0,0,0,0,0,0,0,0,0,0,0,0,0,0,0,0,0,0,0,0,0,0,0,7,1689600,113812455,34914954,0,0,0,0,0,0,0,0,0,0,0,0,0,0,0,0,0,0,0,0,0,0,0,0,0,0,0,0,0,0,0,0,0,0,0,0,0,12883329024,10668294144,786336,651141,34862394,0,0,96,786432,112941890,796294,280,3517172827,12884901888,0,691173910,0,0,0,0,0,0,0,0,0,0,0,0,0,0,0,0,0,0,17879869,117758407,0,468,1204,7863,623,35760024,35,0,0,0,0,0,0,0,1,0,0,0,0,0,0,0,0,0,0,23891026,0,34861868,283946,0,0,0,0,0,0,0,0,16384,0,0,0,0,0,0,0,0,0,0,0,7141,473,0,0,0,0,0,54351558,0,157,0,3,470,7141,0,0,0,0,0,0,0,0,0,0,0,0,0,0,0,0,0,0,0,0,0,0,0,0,0,0,0,0,0,0,0,0,0,0,0,0,0,0,0,0,0,0,0,0,0,0,0,0,0,0,0,0,0,0,250120486,0,0,0,487201232,0,0,0,0,0,0,0,75731906,113972989,285578379,174800668672,70536266,1,0,0,0,0,0,0,0,0,0,0,0,0,0,0,0,0,0,0,0,0,0,0,0,0,0,0,0,0,0,0,529,0,0,0,0,0,0,0
1787688846.750,0,0,0,0,0,0,0,728284927,1863215237632,794962767872,0,0,0,0,0,0,0,0,0,0,0,0,0,0,0,0,0,0,0,0,0,0,0,0,0,0,0,0,0,0,0,0,0,0,0,0,0,0,0,0,0,0,0,0,0,0,0,0,0,0,0,0,0,0,0,0,0,0,0,0,7,1689674,113872701,34924967,0,0,0,0,0,0,0,0,0,0,0,0,0,0,0,0,0,0,0,0,0,0,0,0,0,0,0,0,0,0,0,0,0,0,0,0,0,12883329024,10684448768,786335,652127,34872407,0,0,97,786432,113002059,796294,280,3518055086,12884901888,0,691290446,0,0,0,0,0,0,0,0,0,0,0,0,0,0,0,0,0,0,17885052,117763591,0,468,1204,7863,623,35770386,35,0,0,0,0,0,0,0,1,0,0,0,0,0,0,0,0,0,0,23896997,0,34871881,284026,0,0,0,0,0,0,0,0,16384,0,0,0,0,0,0,0,0,0,0,0,7143,473,0,0,0,0,0,54367314,0,157,0,3,470,7143,0,0,0,0,0,0,0,0,0,0,0,0,0,0,0,0,0,0,0,0,0,0,0,0,0,0,0,0,0,0,0,0,0,0,0,0,0,0,0,0,0,0,0,0,0,0,0,0,0,0,0,0,0,0,250197283,0,0,0,487288923,0,0,0,0,0,0,0,75760607,114033107,285665237,174840672256,70563509,1,1,0,0,0,0,0,0,0,0,0,0,0,0,0,0,0,0,0,0,0,0,0,0,0,0,0,0,0,0,0,921,0,0,0,0,0,0,0
1787688847.829,0,0,0,0,0,0,0,728462742,1864199522816,795173257216,0,0,0,0,0,0,0,0,0,0,0,0,0,0,0,0,0,0,0,0,0,0,0,0,0,0,0,0,0,0,0,0,0,0,0,0,0,0,0,0,0,0,0,0,0,0,0,0,0,0,0,0,0,0,0,0,0,0,0,0,7,1689763,113932898,34934967,0,0,0,0,0,0,0,0,0,0,0,0,0,0,0,0,0,0,0,0,0,0,0,0,0,0,0,0,0,0,0,0,0,0,0,0,0,12883329024,10701373440,786336,653160,34882407,0,0,96,786432,113062182,796294,280,3518936141,12884901888,0,691409227,0,0,0,0,0,0,0,0,0,0,0,0,0,0,0,0,0,0,17890212,117768750,0,468,1204,7863,623,35780712,35,0,0,0,0,0,0,0,1,0,0,0,0,0,0,0,0,0,0,23902949,0,34881881,284106,0,0,0,0,0,0,0,0,16384,0,0,0,0,0,0,0,0,0,0,0,7144,473,0,0,0,0,0,54383025,0,157,0,3,470,7144,0,0,0,0,0,0,0,0,0,0,0,0,0,0,0,0,0,0,0,0,0,0,0,0,0,0,0,0,0,0,0,0,0,0,0,0,0,0,0,0,0,0,0,0,0,0,0,0,0,0,0,0,0,0,250273990,0,0,0,487377383,0,0,0,0,0,0,0,75789494,114093167,285751987,174880631296,70590920,0,0,0,0,0,0,0,0,0,0,0,0,0,0,0,0,0,0,0,0,0,0,0,0,0,0,0,0,0,0,0,80,0,0,0,0,0,0,0
1787688848.905,0,0,0,0,0,0,0,728641154,1865185135104,795384887296,0,0,0,0,0,0,0,0,0,0,0,0,0,0,0,0,0,0,0,0,0,0,0,0,0,0,0,0,0,0,0,0,0,0,0,0,0,0,0,0,0,0,0,0,0,0,0,0,0,0,0,0,0,0,0,0,0,0,0,0,7,1689784,113993196,34944999,0,0,0,0,0,0,0,0,0,0,0,0,0,0,0,0,0,0,0,0,0,0,0,0,0,0,0,0,0,0,0,0,0,0,0,0,0,12883312640,10714939392,786335,653988,34892439,0,0,97,786432,113122413,796294,280,3519816929,12884901888,0,691525406,0,0,0,0,0,0,0,0,0,0,0,0,0,0,0,0,0,0,17895385,117773925,0,468,1204,7863,623,35791057,35,0,0,0,0,0,0,0,1,0,0,0,0,0,0,0,0,0,0,23908899,0,34891913,284186,0,0,0,0,0,0,0,0,16384,0,0,0,0,0,0,0,0,0,0,0,7145,473,0,0,0,0,0,54398743,0,157,0,3,470,7145,0,0,0,0,0,0,0,0,0,0,0,0,0,0,0,0,0,0,0,0,0,0,0,0,0,0,0,0,0,0,0,0,0,0,0,0,0,0,0,0,0,0,0,0,0,0,0,0,0,0,0,0,0,0,250351652,0,0,0,487464843,0,0,0,0,0,0,0,75818160,114153330,285839740,174921153536,70618093,1,1,0,0,0,0,0,0,0,0,0,0,0,0,0,0,0,0,0,0,0,0,0,0,0,0,0,0,0,0,0,451,0,0,0,0,0,0,0
1787688849.984,0,0,0,0,0,0,0,728820252,1866177464832,795595829760,0,0,0,0,0,0,0,0,0,0,0,0,0,0,0,0,0,0,0,0,0,0,0,0,0,0,0,0,0,0,0,0,0,0,0,0,0,0,0,0,0,0,0,0,0,0,0,0,0,0,0,0,0,0,0,0,0,0,0,0,7,1689810,114053906,34954980,0,0,0,0,0,0,0,0,0,0,0,0,0,0,0,0,0,0,0,0,0,0,0,0,0,0,0,0,0,0,0,0,0,0,0,0,0,12883312640,10731470848,786336,654997,34902420,1,0,96,786432,113183059,796294,280,3520700975,12884901888,0,691642430,0,0,0,0,0,0,0,0,0,0,0,0,0,0,0,0,0,0,17900574,117779114,0,468,1204,7863,623,35801436,35,0,0,0,0,0,0,0,1,0,0,0,0,0,0,0,0,0,0,23914875,0,34901894,284266,0,0,0,0,0,0,0,0,16384,0,0,0,0,0,0,0,0,0,0,0,7146,473,0,0,0,0,0,54414509,0,157,0,3,470,7146,0,0,0,0,0,0,0,0,0,0,0,0,0,0,0,0,0,0,0,0,0,0,0,0,0,0,0,0,0,0,0,0,0,0,0,0,0,0,0,0,0,0,0,0,0,0,0,0,0,0,0,0,0,0,250429536,0,0,0,487552608,0,0,0,0,0,0,0,75846989,114213898,285927639,174961885184,70645446,0,0,0,0,0,0,0,0,0,0,0,0,0,0,0,0,0,0,0,0,0,0,0,0,0,0,0,0,0,0,0,840,0,0,0,0,0,0,0
1787688851.063,0,0,0,0,0,0,0,728998096,1867161750016,795805888512,0,0,0,0,0,0,0,0,0,0,0,0,0,0,0,0,0,0,0,0,0,0,0,0,0,0,0,0,0,0,0,0,0,0,0,0,0,0,0,0,0,0,0,0,0,0,0,0,0,0,0,0,0,0,0,0,0,0,0,0,7,1689837,114114112,34964959,0,0,0,0,0,0,0,0,0,0,0,0,0,0,0,0,0,0,0,0,0,0,0,0,0,0,0,0,0,0,0,0,0,0,0,0,0,12883312640,10748493824,786335,656036,34912399,0,0,96,786432,113243213,796294,280,3521578542,12884901888,0,691758156,0,0,0,0,0,0,0,0,0,0,0,0,0,0,0,0,0,0,17905734,117784275,0,468,1204,7863,623,35811756,35,0,0,0,0,0,0,0,1,0,0,0,0,0,0,0,0,0,0,23920813,0,34911873,284346,0,0,0,0,0,0,0,0,16384,0,0,0,0,0,0,0,0,0,0,0,7147,473,0,0,0,0,0,54430231,0,157,0,3,470,7147,0,0,0,0,0,0,0,0,0,0,0,0,0,0,0,0,0,0,0,0,0,0,0,0,0,0,0,0,0,0,0,0,0,0,0,0,0,0,0,0,0,0,0,0,0,0,0,0,0,0,0,0,0,0,250505610,0,0,0,487639871,0,0,0,0,0,0,0,75875238,114273985,286013747,175001709056,70672230,1,0,0,0,0,0,0,0,0,0,0,0,0,0,0,0,0,0,0,0,0,0,0,0,0,0,0,0,0,0,0,1181,0,0,0,0,0,0,0
1787688852.138,0,0,0,0,0,0,0,729175807,1868146969088,796017327616,0,0,0,0,0,0,0,0,0,0,0,0,0,0,0,0,0,0,0,0,0,0,0,0,0,0,0,0,0,0,0,0,0,0,0,0,0,0,0,0,0,0,0,0,0,0,0,0,0,0,0,0,0,0,0,0,0,0,0,0,7,1689857,114174384,34974920,0,0,0,0,0,0,0,0,0,0,0,0,0,0,0,0,0,0,0,0,0,0,0,0,0,0,0,0,0,0,0,0,0,0,0,0,0,12883329024,10762436608,786336,656887,34922360,0,0,96,786432,113303413,796294,280,3522459942,12884901888,0,691877589,0,0,0,0,0,0,0,0,0,0,0,0,0,0,0,0,0,0,17910891,117789430,0,468,1204,7863,623,35822068,35,0,0,0,0,0,0,0,1,0,0,0,0,0,0,0,0,0,0,23926756,0,34921834,284426,0,0,0,0,0,0,0,0,16384,0,0,0,0,0,0,0,0,0,0,0,7148,473,0,0,0,0,0,54445889,0,157,0,3,470,7148,0,0,0,0,0,0,0,0,0,0,0,0,0,0,0,0,0,0,0,0,0,0,0,0,0,0,0,0,0,0,0,0,0,0,0,0,0,0,0,0,0,0,0,0,0,0,0,0,0,0,0,0,0,0,250585028,0,0,0,487728269,0,0,0,0,0,0,0,75904418,114334125,286103165,175043138048,70699934,1,1,0,0,0,0,0,0,0,0,0,0,0,0,0,0,0,0,0,0,0,0,0,0,0,0,0,0,0,0,0,314,0,0,0,0,0,0,0
1787688853.217,0,0,0,0,0,0,0,729351658,1869117950464,796256701440,0,0,0,0,0,0,0,0,0,0,0,0,0,0,0,0,0,0,0,0,0,0,0,0,0,0,0,0,0,0,0,0,0,0,0,0,0,0,0,0,0,0,0,0,0,0,0,0,0,0,0,0,0,0,0,0,0,0,0,0,7,1689878,114233785,34986441,0,0,0,0,0,0,0,0,0,0,0,0,0,0,0,0,0,0,0,0,0,0,0,0,0,0,0,0,0,0,0,0,0,0,0,0,0,12870254592,10750492672,785538,656158,34932290,797,0,96,786432,113362755,796294,280,3523328750,12884901888,0,691993115,0,0,0,0,0,0,0,0,0,0,0,0,0,0,0,0,0,0,17915980,117794520,0,468,1204,7863,623,35832250,35,0,0,0,0,0,0,0,1,0,0,0,0,0,0,0,0,0,0,23932621,0,34933355,284521,0,0,0,0,0,0,0,0,16384,0,0,0,0,0,0,0,0,0,0,0,7149,473,0,0,0,0,0,54461391,0,157,0,3,470,7149,0,0,0,0,0,0,0,0,0,0,0,0,0,0,0,0,0,0,0,0,0,0,0,0,0,0,0,0,0,0,0,0,0,0,0,0,0,0,0,0,0,0,0,0,0,0,0,0,0,0,0,0,0,0,250663382,0,0,0,487814466,0,0,0,0,0,0,0,75933445,114393402,286193289,175083997696,70727270,1,0,0,0,0,0,0,0,0,0,0,0,0,0,0,0,0,0,0,0,0,0,0,0,0,0,0,0,0,0,0,613,0,0,0,0,0,0,0
1787688854.295,0,0,0,0,0,0,0,729524495,1870069647872,796535211008,0,0,0,0,0,0,0,0,0,0,0,0,0,0,0,0,0,0,0,0,0,0,0,0,0,0,0,0,0,0,0,0,0,0,0,0,0,0,0,0,0,0,0,0,0,0,0,0,0,0,0,0,0,0,0,0,0,0,0,0,7,1689908,114292009,35000661,0,0,0,0,0,0,0,0,0,0,0,0,0,0,0,0,0,0,0,0,0,0,0,0,0,0,0,0,0,0,0,0,0,0,0,0,0,12883329024,10689953792,786336,652463,34942239,0,0,96,786432,113420902,796294,280,3524182545,12884901888,0,692106808,0,0,0,0,0,0,0,0,0,0,0,0,0,0,0,0,0,0,17920986,117799526,0,468,1204,7863,623,35842264,35,0,0,0,0,0,0,0,1,0,0,0,0,0,0,0,0,0,0,23938386,0,34947571,284633,0,0,0,0,0,0,0,0,16384,0,0,0,0,0,0,0,0,0,0,0,7150,473,0,0,0,0,0,54476611,0,157,0,3,470,7150,0,0,0,0,0,0,0,0,0,0,0,0,0,0,0,0,0,0,0,0,0,0,0,0,0,0,0,0,0,0,0,0,0,0,0,0,0,0,0,0,0,0,0,0,0,0,0,0,0,0,0,0,0,0,250739327,0,0,0,487899340,0,0,0,0,0,0,0,75962349,114451530,286283486,175123682304,70754119,1,0,0,0,0,0,0,0,0,0,0,0,0,0,0,0,0,0,0,0,0,0,0,0,0,0,0,0,0,0,0,810,0,0,0,0,0,0,0
1787688855.368,0,0,0,0,0,0,0,729697717,1871025506816,796811250688,0,0,0,0,0,0,0,0,0,0,0,0,0,0,0,0,0,0,0,0,0,0,0,0,0,0,0,0,0,0,0,0,0,0,0,0,0,0,0,0,0,0,0,0,0,0,0,0,0,0,0,0,0,0,0,0,0,0,0,0,7,1690000,114350490,35014829,0,0,0,0,0,0,0,0,0,0,0,0,0,0,0,0,0,0,0,0,0,0,0,0,0,0,0,0,0,0,0,0,0,0,0,0,0,12883329024,10633003008,786336,648987,34962269,0,0,96,786432,113479319,796294,280,3525038123,12884901888,0,692220819,0,0,0,0,0,0,0,0,0,0,0,0,0,0,0,0,0,0,17926005,117804546,0,468,1204,7863,623,35852298,35,0,0,0,0,0,0,0,1,0,0,0,0,0,0,0,0,0,0,23944171,0,34961743,284746,0,0,0,0,0,0,0,0,16384,0,0,0,0,0,0,0,0,0,0,0,7151,473,0,0,0,0,0,54491878,0,157,0,3,470,7151,0,0,0,0,0,0,0,0,0,0,0,0,0,0,0,0,0,0,0,0,0,0,0,0,0,0,0,0,0,0,0,0,0,0,0,0,0,0,0,0,0,0,0,0,0,0,0,0,0,0,0,0,0,0,250815472,0,0,0,487984387,0,0,0,0,0,0,0,75990564,114509871,286373700,175163566080,70780247,1,0,0,0,0,0,0,0,0,0,0,0,0,0,0,0,0,0,0,0,0,0,0,0,0,0,0,0,0,0,0,1030,0,0,0,0,0,0,0
1787688856.443,0,0,0,0,0,0,0,729875164,1872003795456,797022714880,0,0,0,0,0,0,0,0,0,0,0,0,0,0,0,0,0,0,0,0,0,0,0,0,0,0,0,0,0,0,0,0,0,0,0,0,0,0,0,0,0,0,0,0,0,0,0,0,0,0,0,0,0,0,0,0,0,0,0,0,7,1690017,114410338,35024833,0,0,0,0,0,0,0,0,0,0,0,0,0,0,0,0,0,0,0,0,0,0,0,0,0,0,0,0,0,0,0,0,0,0,0,0,0,12883312640,10646781952,786335,649828,34972273,0,0,97,786432,113539104,796294,280,3525917081,12884901888,0,692339378,0,0,0,0,0,0,0,0,0,0,0,0,0,0,0,0,0,0,17931152,117809693,0,468,1204,7863,623,35862590,35,0,0,0,0,0,0,0,1,0,0,0,0,0,0,0,0,0,0,23950100,0,34971747,284826,0,0,0,0,0,0,0,0,16384,0,0,0,0,0,0,0,0,0,0,0,7152,473,0,0,0,0,0,54507504,0,157,0,3,470,7152,0,0,0,0,0,0,0,0,0,0,0,0,0,0,0,0,0,0,0,0,0,0,0,0,0,0,0,0,0,0,0,0,0,0,0,0,0,0,0,0,0,0,0,0,0,0,0,0,0,0,0,0,0,0,250893491,0,0,0,488072577,0,0,0,0,0,0,0,76018877,114569623,286461756,175204318720,70807041,1,1,0,0,0,0,0,0,0,0,0,0,0,0,0,0,0,0,0,0,0,0,0,0,0,0,0,0,0,0,0,198,0,0,0,0,0,0,0
1787688857.522,0,0,0,0,0,0,0,730053888,1872993290752,797234514944,0,0,0,0,0,0,0,0,0,0,0,0,0,0,0,0,0,0,0,0,0,0,0,0,0,0,0,0,0,0,0,0,0,0,0,0,0,0,0,0,0,0,0,0,0,0,0,0,0,0,0,0,0,0,0,0,0,0,0,0,7,1690045,114470858,35034860,0,0,0,0,0,0,0,0,0,0,0,0,0,0,0,0,0,0,0,0,0,0,0,0,0,0,0,0,0,0,0,0,0,0,0,0,0,12883329024,10662592512,786336,650792,34982300,0,0,96,786432,113599563,796294,280,3526799851,12884901888,0,692455894,0,0,0,0,0,0,0,0,0,0,0,0,0,0,0,0,0,0,17936340,117814881,0,468,1204,7863,623,35872966,35,0,0,0,0,0,0,0,1,0,0,0,0,0,0,0,0,0,0,23956072,0,34981774,284906,0,0,0,0,0,0,0,0,16384,0,0,0,0,0,0,0,0,0,0,0,7153,473,0,0,0,0,0,54523293,0,157,0,3,470,7153,0,0,0,0,0,0,0,0,0,0,0,0,0,0,0,0,0,0,0,0,0,0,0,0,0,0,0,0,0,0,0,0,0,0,0,0,0,0,0,0,0,0,0,0,0,0,0,0,0,0,0,0,0,0,250971476,0,0,0,488160289,0,0,0,0,0,0,0,76047554,114630031,286549817,175245028352,70834245,0,0,0,0,0,0,0,0,0,0,0,0,0,0,0,0,0,0,0,0,0,0,0,0,0,0,0,0,0,0,0,587,0,0,0,0,0,0,0
1787688858.600,0,0,0,0,0,0,0,730231873,1873980770816,797444458496,0,0,0,0,0,0,0,0,0,0,0,0,0,0,0,0,0,0,0,0,0,0,0,0,0,0,0,0,0,0,0,0,0,0,0,0,0,0,0,0,0,0,0,0,0,0,0,0,0,0,0,0,0,0,0,0,0,0,0,0,7,1690066,114531253,35044801,0,0,0,0,0,0,0,0,0,0,0,0,0,0,0,0,0,0,0,0,0,0,0,0,0,0,0,0,0,0,0,0,0,0,0,0,0,12883329024,10678435840,786335,651760,34992241,0,0,97,786432,113659894,796294,280,3527678957,12884901888,0,692572217,0,0,0,0,0,0,0,0,0,0,0,0,0,0,0,0,0,0,17941508,117820049,0,468,1204,7863,623,35883301,35,0,0,0,0,0,0,0,1,0,0,0,0,0,0,0,0,0,0,23962024,0,34991715,284986,0,0,0,0,0,0,0,0,16384,0,0,0,0,0,0,0,0,0,0,0,7154,473,0,0,0,0,0,54539036,0,157,0,3,470,7154,0,0,0,0,0,0,0,0,0,0,0,0,0,0,0,0,0,0,0,0,0,0,0,0,0,0,0,0,0,0,0,0,0,0,0,0,0,0,0,0,0,0,0,0,0,0,0,0,0,0,0,0,0,0,251049167,0,0,0,488247629,0,0,0,0,0,0,0,76076039,114690303,286637488,175285487616,70861327,1,0,0,0,0,0,0,0,0,0,0,0,0,0,0,0,0,0,0,0,0,0,0,0,0,0,0,0,0,0,0,929,0,0,0,0,0,0,0
1787688859.676,0,0,0,0,0,0,0,730411252,1874976279040,797655119872,0,0,0,0,0,0,0,0,0,0,0,0,0,0,0,0,0,0,0,0,0,0,0,0,0,0,0,0,0,0,0,0,0,0,0,0,0,0,0,0,0,0,0,0,0,0,0,0,0,0,0,0,0,0,0,0,0,0,0,0,7,1690160,114592148,35054772,0,0,0,0,0,0,0,0,0,0,0,0,0,0,0,0,0,0,0,0,0,0,0,0,0,0,0,0,0,0,0,0,0,0,0,0,0,12883329024,10696081408,786336,652837,35002212,0,0,96,786432,113720711,796294,280,3528568844,12884901888,0,692692496,0,0,0,0,0,0,0,0,0,0,0,0,0,0,0,0,0,0,17946708,117825248,0,468,1204,7863,623,35893702,35,0,0,0,0,0,0,0,1,0,0,0,0,0,0,0,0,0,0,23968015,0,35001686,285066,0,0,0,0,0,0,0,0,16384,0,0,0,0,0,0,0,0,0,0,0,7155,473,0,0,0,0,0,54554851,0,157,0,3,470,7155,0,0,0,0,0,0,0,0,0,0,0,0,0,0,0,0,0,0,0,0,0,0,0,0,0,0,0,0,0,0,0,0,0,0,0,0,0,0,0,0,0,0,0,0,0,0,0,0,0,0,0,0,0,0,251126804,0,0,0,488336681,0,0,0,0,0,0,0,76105304,114751071,286725144,175326089216,70889031,1,1,0,0,0,0,0,0,0,0,0,0,0,0,0,0,0,0,0,0,0,0,0,0,0,0,0,0,0,0,0,138,0,0,0,0,0,0,0
1787688860.752,0,0,0,0,0,0,0,730590754,1875971459584,797866029056,0,0,0,0,0,0,0,0,0,0,0,0,0,0,0,0,0,0,0,0,0,0,0,0,0,0,0,0,0,0,0,0,0,0,0,0,0,0,0,0,0,0,0,0,0,0,0,0,0,0,0,0,0,0,0,0,0,0,0,0,7,1690186,114653026,35064757,0,0,0,0,0,0,0,0,0,0,0,0,0,0,0,0,0,0,0,0,0,0,0,0,0,0,0,0,0,0,0,0,0,0,0,0,0,12883312640,10713055232,786335,653873,35012197,0,0,97,786432,113781537,796294,280,3529455048,12884901888,0,692809834,0,0,0,0,0,0,0,0,0,0,0,0,0,0,0,0,0,0,17951912,117830453,0,468,1204,7863,623,35904115,35,0,0,0,0,0,0,0,1,0,0,0,0,0,0,0,0,0,0,23974000,0,35011671,285146,0,0,0,0,0,0,0,0,16384,0,0,0,0,0,0,0,0,0,0,0,7157,473,0,0,0,0,0,54570666,0,157,0,3,470,7157,0,0,0,0,0,0,0,0,0,0,0,0,0,0,0,0,0,0,0,0,0,0,0,0,0,0,0,0,0,0,0,0,0,0,0,0,0,0,0,0,0,0,0,0,0,0,0,0,0,0,0,0,0,0,251204203,0,0,0,488424687,0,0,0,0,0,0,0,76134362,114811809,286812564,175366696960,70916590,1,1,0,0,0,0,0,0,0,0,0,0,0,0,0,0,0,0,0,0,0,0,0,0,0,0,0,0,0,0,0,531,0,0,0,0,0,0,0
1787688861.828,0,0,0,0,0,0,0,730770361,1876965149184,798077030912,0,0,0,0,0,0,0,0,0,0,0,0,0,0,0,0,0,0,0,0,0,0,0,0,0,0,0,0,0,0,0,0,0,0,0,0,0,0,0,0,0,0,0,0,0,0,0,0,0,0,0,0,0,0,0,0,0,0,0,0,7,1690213,114713807,35074808,0,0,0,0,0,0,0,0,0,0,0,0,0,0,0,0,0,0,0,0,0,0,0,0,0,0,0,0,0,0,0,0,0,0,0,0,0,12883329024,10727227392,786336,654738,35022248,0,0,96,786432,113842240,796294,280,3530342113,12884901888,0,692927363,0,0,0,0,0,0,0,0,0,0,0,0,0,0,0,0,0,0,17957114,117835655,0,468,1204,7863,623,35914514,35,0,0,0,0,0,0,0,1,0,0,0,0,0,0,0,0,0,0,23980000,0,35021722,285226,0,0,0,0,0,0,0,0,16384,0,0,0,0,0,0,0,0,0,0,0,7158,473,0,0,0,0,0,54586503,0,157,0,3,470,7158,0,0,0,0,0,0,0,0,0,0,0,0,0,0,0,0,0,0,0,0,0,0,0,0,0,0,0,0,0,0,0,0,0,0,0,0,0,0,0,0,0,0,0,0,0,0,0,0,0,0,0,0,0,0,251279388,0,0,0,488512616,0,0,0,0,0,0,0,76163195,114872449,286897867,175406212096,70943971,0,0,0,0,0,0,0,0,0,0,0,0,0,0,0,0,0,0,0,0,0,0,0,0,0,0,0,0,0,0,0,955,0,0,0,0,0,0,0
1787688862.907,0,0,0,0,0,0,0,730945971,1877939407360,798288015872,0,0,0,0,0,0,0,0,0,0,0,0,0,0,0,0,0,0,0,0,0,0,0,0,0,0,0,0,0,0,0,0,0,0,0,0,0,0,0,0,0,0,0,0,0,0,0,0,0,0,0,0,0,0,0,0,0,0,0,0,7,1690233,114773399,35084851,0,0,0,0,0,0,0,0,0,0,0,0,0,0,0,0,0,0,0,0,0,0,0,0,0,0,0,0,0,0,0,0,0,0,0,0,0,12883329024,10739515392,786336,655488,35032291,0,0,96,786432,113901762,796294,280,3531212770,12884901888,0,693044749,0,0,0,0,0,0,0,0,0,0,0,0,0,0,0,0,0,0,17962211,117840752,0,468,1204,7863,623,35924712,35,0,0,0,0,0,0,0,1,0,0,0,0,0,0,0,0,0,0,23985879,0,35031765,285306,0,0,0,0,0,0,0,0,16384,0,0,0,0,0,0,0,0,0,0,0,7159,473,0,0,0,0,0,54602007,0,157,0,3,470,7159,0,0,0,0,0,0,0,0,0,0,0,0,0,0,0,0,0,0,0,0,0,0,0,0,0,0,0,0,0,0,0,0,0,0,0,0,0,0,0,0,0,0,0,0,0,0,0,0,0,0,0,0,0,0,251355639,0,0,0,488599991,0,0,0,0,0,0,0,76190871,114931925,286984197,175445975040,70970157,1,0,0,0,0,0,0,0,0,0,0,0,0,0,0,0,0,0,0,0,0,0,0,0,0,0,0,0,0,0,0,89,0,0,0,0,0,0,0
1787688863.986,0,0,0,0,0,0,0,731119327,1878900705792,798498787840,0,0,0,0,0,0,0,0,0,0,0,0,0,0,0,0,0,0,0,0,0,0,0,0,0,0,0,0,0,0,0,0,0,0,0,0,0,0,0,0,0,0,0,0,0,0,0,0,0,0,0,0,0,0,0,0,0,0,0,0,7,1690260,114832206,35094929,0,0,0,0,0,0,0,0,0,0,0,0,0,0,0,0,0,0,0,0,0,0,0,0,0,0,0,0,0,0,0,0,0,0,0,0,0,12883329024,10747412480,786336,655970,35042369,0,0,96,786432,113960499,796294,280,3532069564,12884901888,0,693158332,0,0,0,0,0,0,0,0,0,0,0,0,0,0,0,0,0,0,17967238,117845779,0,468,1204,7863,623,35934761,35,0,0,0,0,0,0,0,1,0,0,0,0,0,0,0,0,0,0,23991665,0,35041843,285386,0,0,0,0,0,0,0,0,16384,0,0,0,0,0,0,0,0,0,0,0,7160,473,0,0,0,0,0,54617279,0,157,0,3,470,7160,0,0,0,0,0,0,0,0,0,0,0,0,0,0,0,0,0,0,0,0,0,0,0,0,0,0,0,0,0,0,0,0,0,0,0,0,0,0,0,0,0,0,0,0,0,0,0,0,0,0,0,0,0,0,251430897,0,0,0,488685118,0,0,0,0,0,0,0,76217398,114990597,287069593,175485217792,70995219,1,0,0,0,0,0,0,0,0,0,0,0,0,0,0,0,0,0,0,0,0,0,0,0,0,0,0,0,0,0,0,311,0,0,0,0,0,0,0
1787688865.065,0,0,0,0,0,0,0,731298585,1879891298816,798710595072,0,0,0,0,0,0,0,0,0,0,0,0,0,0,0,0,0,0,0,0,0,0,0,0,0,0,0,0,0,0,0,0,0,0,0,0,0,0,0,0,0,0,0,0,0,0,0,0,0,0,0,0,0,0,0,0,0,0,0,0,7,1690346,114892800,35105021,0,0,0,0,0,0,0,0,0,0,0,0,0,0,0,0,0,0,0,0,0,0,0,0,0,0,0,0,0,0,0,0,0,0,0,0,0,12883329024,10761388032,786335,656823,35052461,0,0,98,786432,114021029,796294,280,3532953928,12884901888,0,693275797,0,0,0,0,0,0,0,0,0,0,0,0,0,0,0,0,0,0,17972436,117850976,0,468,1204,7863,623,35945155,35,0,0,0,0,0,0,0,1,0,0,0,0,0,0,0,0,0,0,23997649,0,35051935,285466,0,0,0,0,0,0,0,0,16384,0,0,0,0,0,0,0,0,0,0,0,7161,473,0,0,0,0,0,54633095,0,157,0,3,470,7161,0,0,0,0,0,0,0,0,0,0,0,0,0,0,0,0,0,0,0,0,0,0,0,0,0,0,0,0,0,0,0,0,0,0,0,0,0,0,0,0,0,0,0,0,0,0,0,0,0,0,0,0,0,0,251506640,0,0,0,488772976,0,0,0,0,0,0,0,76246210,115051062,287155483,175524889600,71022511,1,1,0,0,0,0,0,0,0,0,0,0,0,0,0,0,0,0,0,0,0,0,0,0,0,0,0,0,0,0,0,700,0,0,0,0,0,0,0
1787688866.136,0,0,0,0,0,0,0,731478430,1880888592896,798921752064,0,0,0,0,0,0,0,0,0,0,0,0,0,0,0,0,0,0,0,0,0,0,0,0,0,0,0,0,0,0,0,0,0,0,0,0,0,0,0,0,0,0,0,0,0,0,0,0,0,0,0,0,0,0,0,0,0,0,0,0,7,1690374,114953821,35115060,0,0,0,0,0,0,0,0,0,0,0,0,0,0,0,0,0,0,0,0,0,0,0,0,0,0,0,0,0,0,0,0,0,0,0,0,0,12883329024,10776395776,786336,657739,35062500,0,0,97,786432,114081980,796294,280,3533842984,12884901888,0,693393545,0,0,0,0,0,0,0,0,0,0,0,0,0,0,0,0,0,0,17977646,117856187,0,468,1204,7863,623,35955577,35,0,0,0,0,0,0,0,1,0,0,0,0,0,0,0,0,0,0,24003651,0,35061974,285546,0,0,0,0,0,0,0,0,16384,0,0,0,0,0,0,0,0,0,0,0,7162,473,0,0,0,0,0,54648930,0,157,0,3,470,7162,0,0,0,0,0,0,0,0,0,0,0,0,0,0,0,0,0,0,0,0,0,0,0,0,0,0,0,0,0,0,0,0,0,0,0,0,0,0,0,0,0,0,0,0,0,0,0,0,0,0,0,0,0,0,251583088,0,0,0,488861126,0,0,0,0,0,0,0,76275670,115111951,287242007,175564843008,71050504,1,1,0,0,0,0,0,0,0,0,0,0,0,0,0,0,0,0,0,0,0,0,0,0,0,0,0,0,0,0,0,1084,0,0,0,0,0,0,0
1787688867.215,0,0,0,0,0,0,0,731654863,1881866439168,799158043136,0,0,0,0,0,0,0,0,0,0,0,0,0,0,0,0,0,0,0,0,0,0,0,0,0,0,0,0,0,0,0,0,0,0,0,0,0,0,0,0,0,0,0,0,0,0,0,0,0,0,0,0,0,0,0,0,0,0,0,0,7,1690465,115013626,35126482,0,0,0,0,0,0,0,0,0,0,0,0,0,0,0,0,0,0,0,0,0,0,0,0,0,0,0,0,0,0,0,0,0,0,0,0,0,12868468736,10767794176,785429,657215,35072591,905,0,96,786432,114141714,796294,280,3534718179,12884901888,0,693511939,0,0,0,0,0,0,0,0,0,0,0,0,0,0,0,0,0,0,17982763,117861304,0,468,1204,7863,623,35965811,35,0,0,0,0,0,0,0,1,0,0,0,0,0,0,0,0,0,0,24009540,0,35073450,285641,0,0,0,0,0,0,0,0,16384,0,0,0,0,0,0,0,0,0,0,0,7163,473,0,0,0,0,0,54664497,0,157,0,3,470,7163,0,0,0,0,0,0,0,0,0,0,0,0,0,0,0,0,0,0,0,0,0,0,0,0,0,0,0,0,0,0,0,0,0,0,0,0,0,0,0,0,0,0,0,0,0,0,0,0,0,0,0,0,0,0,251658671,0,0,0,488948916,0,0,0,0,0,0,0,76303987,115171634,287329266,175604317696,71077155,1,0,0,0,0,0,0,0,0,0,0,0,0,0,0,0,0,0,0,0,0,0,0,0,0,0,0,0,0,0,0,169,0,0,0,0,0,0,0
1787688868.291,0,0,0,0,0,0,0,731829512,1882834291200,799441510400,0,0,0,0,0,0,0,0,0,0,0,0,0,0,0,0,0,0,0,0,0,0,0,0,0,0,0,0,0,0,0,0,0,0,0,0,0,0,0,0,0,0,0,0,0,0,0,0,0,0,0,0,0,0,0,0,0,0,0,0,7,1690482,115072836,35141181,0,0,0,0,0,0,0,0,0,0,0,0,0,0,0,0,0,0,0,0,0,0,0,0,0,0,0,0,0,0,0,0,0,0,0,0,0,12883329024,10702651392,786336,653238,35082676,0,0,96,786432,114200852,796294,280,3535581109,12884901888,0,693626108,0,0,0,0,0,0,0,0,0,0,0,0,0,0,0,0,0,0,17987824,117866365,0,468,1204,7863,623,35975937,35,0,0,0,0,0,0,0,1,0,0,0,0,0,0,0,0,0,0,24015368,0,35088048,285755,0,0,0,0,0,0,0,0,16384,0,0,0,0,0,0,0,0,0,0,0,7164,473,0,0,0,0,0,54679849,0,157,0,3,470,7164,0,0,0,0,0,0,0,0,0,0,0,0,0,0,0,0,0,0,0,0,0,0,0,0,0,0,0,0,0,0,0,0,0,0,0,0,0,0,0,0,0,0,0,0,0,0,0,0,0,0,0,0,0,0,251732675,0,0,0,489034605,0,0,0,0,0,0,0,76332235,115230725,287417900,175642856960,71103215,1,0,0,0,0,0,0,0,0,0,0,0,0,0,0,0,0,0,0,0,0,0,0,0,0,0,0,0,0,0,0,449,0,0,0,0,0,0,0
1787688869.371,0,0,0,0,0,0,0,732005352,1883801045504,799720446976,0,0,0,0,0,0,0,0,0,0,0,0,0,0,0,0,0,0,0,0,0,0,0,0,0,0,0,0,0,0,0,0,0,0,0,0,0,0,0,0,0,0,0,0,0,0,0,0,0,0,0,0,0,0,0,0,0,0,0,0,7,1690564,115131985,35155455,0,0,0,0,0,0,0,0,0,0,0,0,0,0,0,0,0,0,0,0,0,0,0,0,0,0,0,0,0,0,0,0,0,0,0,0,0,12883312640,10641686528,786335,649517,35102895,0,0,96,786432,114259930,796294,280,3536449159,12884901888,0,693741495,0,0,0,0,0,0,0,0,0,0,0,0,0,0,0,0,0,0,17992922,117871463,0,468,1204,7863,623,35986129,35,0,0,0,0,0,0,0,1,0,0,0,0,0,0,0,0,0,0,24021237,0,35102369,285870,0,0,0,0,0,0,0,0,16384,0,0,0,0,0,0,0,0,0,0,0,7165,473,0,0,0,0,0,54695302,0,157,0,3,470,7165,0,0,0,0,0,0,0,0,0,0,0,0,0,0,0,0,0,0,0,0,0,0,0,0,0,0,0,0,0,0,0,0,0,0,0,0,0,0,0,0,0,0,0,0,0,0,0,0,0,0,0,0,0,0,251807120,0,0,0,489120919,0,0,0,0,0,0,0,76361194,115289765,287506628,175681987584,71130069,0,0,0,0,0,0,0,0,0,0,0,0,0,0,0,0,0,0,0,0,0,0,0,0,0,0,0,0,0,0,0,727,0,0,0,0,0,0,0
1787688870.450,0,0,0,0,0,0,0,732185793,1884794145280,799931927040,0,0,0,0,0,0,0,0,0,0,0,0,0,0,0,0,0,0,0,0,0,0,0,0,0,0,0,0,0,0,0,0,0,0,0,0,0,0,0,0,0,0,0,0,0,0,0,0,0,0,0,0,0,0,0,0,0,0,0,0,7,1690644,115192736,35165521,0,0,0,0,0,0,0,0,0,0,0,0,0,0,0,0,0,0,0,0,0,0,0,0,0,0,0,0,0,0,0,0,0,0,0,0,0,12883312640,10658103296,786334,650519,35112961,0,0,98,786432,114320602,796294,280,3537339778,12884901888,0,693858957,0,0,0,0,0,0,0,0,0,0,0,0,0,0,0,0,0,0,17998157,117876698,0,468,1204,7863,623,35996603,35,0,0,0,0,0,0,0,1,0,0,0,0,0,0,0,0,0,0,24027261,0,35112435,285950,0,0,0,0,0,0,0,0,16384,0,0,0,0,0,0,0,0,0,0,0,7166,473,0,0,0,0,0,54711178,0,157,0,3,470,7166,0,0,0,0,0,0,0,0,0,0,0,0,0,0,0,0,0,0,0,0,0,0,0,0,0,0,0,0,0,0,0,0,0,0,0,0,0,0,0,0,0,0,0,0,0,0,0,0,0,0,0,0,0,0,251883096,0,0,0,489209418,0,0,0,0,0,0,0,76390566,115350390,287592721,175721679360,71157937,0,1,0,0,0,0,0,0,0,0,0,0,0,0,0,0,0,0,0,0,0,0,0,0,0,0,0,0,0,0,0,1156,0,0,0,0,0,0,0
1787688871.530,0,0,0,0,0,0,0,732364756,1885783165440,800145306112,0,0,0,0,0,0,0,0,0,0,0,0,0,0,0,0,0,0,0,0,0,0,0,0,0,0,0,0,0,0,0,0,0,0,0,0,0,0,0,0,0,0,0,0,0,0,0,0,0,0,0,0,0,0,0,0,0,0,0,0,7,1690674,115253227,35175671,0,0,0,0,0,0,0,0,0,0,0,0,0,0,0,0,0,0,0,0,0,0,0,0,0,0,0,0,0,0,0,0,0,0,0,0,0,12883312640,10673635328,786335,651467,35123111,0,0,97,786432,114381023,796294,280,3538227028,12884901888,0,693978601,0,0,0,0,0,0,0,0,0,0,0,0,0,0,0,0,0,0,18003350,117881889,0,468,1204,7863,623,36006987,35,0,0,0,0,0,0,0,1,0,0,0,0,0,0,0,0,0,0,24033243,0,35122585,286032,0,0,0,0,0,0,0,0,16384,0,0,0,0,0,0,0,0,0,0,0,7167,473,0,0,0,0,0,54726961,0,157,0,3,470,7167,0,0,0,0,0,0,0,0,0,0,0,0,0,0,0,0,0,0,0,0,0,0,0,0,0,0,0,0,0,0,0,0,0,0,0,0,0,0,0,0,0,0,0,0,0,0,0,0,0,0,0,0,0,0,251960943,0,0,0,489298405,0,0,0,0,0,0,0,76419577,115410768,287680778,175762222080,71185445,1,0,0,0,0,0,0,0,0,0,0,0,0,0,0,0,0,0,0,0,0,0,0,0,0,0,0,0,0,0,0,352,0,0,0,0,0,0,0
1787688872.603,0,0,0,0,0,0,0,732545691,1886784440832,800358522880,0,0,0,0,0,0,0,0,0,0,0,0,0,0,0,0,0,0,0,0,0,0,0,0,0,0,0,0,0,0,0,0,0,0,0,0,0,0,0,0,0,0,0,0,0,0,0,0,0,0,0,0,0,0,0,0,0,0,0,0,7,1690751,115314486,35185814,0,0,0,0,0,0,0,0,0,0,0,0,0,0,0,0,0,0,0,0,0,0,0,0,0,0,0,0,0,0,0,0,0,0,0,0,0,12883296256,10688905216,786335,652399,35133254,0,0,97,786432,114442213,796294,280,3539119969,12884901888,0,694096706,0,0,0,0,0,0,0,0,0,0,0,0,0,0,0,0,0,0,18008592,117887131,0,468,1204,7863,623,36017467,35,0,0,0,0,0,0,0,1,0,0,0,0,0,0,0,0,0,0,24039279,0,35132728,286114,0,0,0,0,0,0,0,0,16384,0,0,0,0,0,0,0,0,0,0,0,7168,473,0,0,0,0,0,54742927,0,157,0,3,470,7168,0,0,0,0,0,0,0,0,0,0,0,0,0,0,0,0,0,0,0,0,0,0,0,0,0,0,0,0,0,0,0,0,0,0,0,0,0,0,0,0,0,0,0,0,0,0,0,0,0,0,0,0,0,0,252038404,0,0,0,489386950,0,0,0,0,0,0,0,76448925,115471901,287768435,175802567168,71213257,1,1,0,0,0,0,0,0,0,0,0,0,0,0,0,0,0,0,0,0,0,0,0,0,0,0,0,0,0,0,0,814,0,0,0,0,0,0,0
1787688873.681,0,0,0,0,0,0,0,732725837,1887782275584,800571764736,0,0,0,0,0,0,0,0,0,0,0,0,0,0,0,0,0,0,0,0,0,0,0,0,0,0,0,0,0,0,0,0,0,0,0,0,0,0,0,0,0,0,0,0,0,0,0,0,0,0,0,0,0,0,0,0,0,0,0,0,7,1690775,115375515,35195952,0,0,0,0,0,0,0,0,0,0,0,0,0,0,0,0,0,0,0,0,0,0,0,0,0,0,0,0,0,0,0,0,0,0,0,0,0,12883329024,10700095488,786336,653082,35143392,0,0,98,786432,114503174,796294,280,3540009802,12884901888,0,694214258,0,0,0,0,0,0,0,0,0,0,0,0,0,0,0,0,0,0,18013820,117892361,0,468,1204,7863,623,36027927,35,0,0,0,0,0,0,0,1,0,0,0,0,0,0,0,0,0,0,24045301,0,35142866,286196,0,0,0,0,0,0,0,0,16384,0,0,0,0,0,0,0,0,0,0,0,7169,473,0,0,0,0,0,54758833,0,157,0,3,470,7169,0,0,0,0,0,0,0,0,0,0,0,0,0,0,0,0,0,0,0,0,0,0,0,0,0,0,0,0,0,0,0,0,0,0,0,0,0,0,0,0,0,0,0,0,0,0,0,0,0,0,0,0,0,0,252116000,0,0,0,489475320,0,0,0,0,0,0,0,76478406,115532804,287856217,175842953728,71241222,1,0,0,0,0,0,0,0,0,0,0,0,0,0,0,0,0,0,0,0,0,0,0,0,0,0,0,0,0,0,0,1218,0,0,0,0,0,0,0
1787688874.758,0,0,0,0,0,0,0,732905283,1888779012608,800785148928,0,0,0,0,0,0,0,0,0,0,0,0,0,0,0,0,0,0,0,0,0,0,0,0,0,0,0,0,0,0,0,0,0,0,0,0,0,0,0,0,0,0,0,0,0,0,0,0,0,0,0,0,0,0,0,0,0,0,0,0,7,1690800,115436477,35206075,0,0,0,0,0,0,0,0,0,0,0,0,0,0,0,0,0,0,0,0,0,0,0,0,0,0,0,0,0,0,0,0,0,0,0,0,0,12883329024,10712924160,786336,653865,35153515,0,0,96,786432,114564062,796294,280,3540899555,12884901888,0,694334382,0,0,0,0,0,0,0,0,0,0,0,0,0,0,0,0,0,0,18019026,117897566,0,468,1204,7863,623,36038346,35,0,0,0,0,0,0,0,1,0,0,0,0,0,0,0,0,0,0,24051298,0,35152989,286278,0,0,0,0,0,0,0,0,16384,0,0,0,0,0,0,0,0,0,0,0,7171,473,0,0,0,0,0,54774690,0,157,0,3,470,7171,0,0,0,0,0,0,0,0,0,0,0,0,0,0,0,0,0,0,0,0,0,0,0,0,0,0,0,0,0,0,0,0,0,0,0,0,0,0,0,0,0,0,0,0,0,0,0,0,0,0,0,0,0,0,252193914,0,0,0,489564515,0,0,0,0,0,0,0,76507645,115593655,287944307,175883629056,71268944,1,0,0,0,0,0,0,0,0,0,0,0,0,0,0,0,0,0,0,0,0,0,0,0,0,0,0,0,0,0,0,379,0,0,0,0,0,0,0
1787688875.836,0,0,0,0,0,0,0,733084958,1889775847936,800998317568,0,0,0,0,0,0,0,0,0,0,0,0,0,0,0,0,0,0,0,0,0,0,0,0,0,0,0,0,0,0,0,0,0,0,0,0,0,0,0,0,0,0,0,0,0,0,0,0,0,0,0,0,0,0,0,0,0,0,0,0,7,1690828,115497456,35216197,0,0,0,0,0,0,0,0,0,0,0,0,0,0,0,0,0,0,0,0,0,0,0,0,0,0,0,0,0,0,0,0,0,0,0,0,0,12883312640,10726473728,786335,654692,35163637,0,0,96,786432,114624973,796294,280,3541786059,12884901888,0,694451572,0,0,0,0,0,0,0,0,0,0,0,0,0,0,0,0,0,0,18024232,117902774,0,468,1204,7863,623,36048754,35,0,0,0,0,0,0,0,1,0,0,0,0,0,0,0,0,0,0,24057287,0,35163111,286360,0,0,0,0,0,0,0,0,16384,0,0,0,0,0,0,0,0,0,0,0,7172,473,0,0,0,0,0,54790520,0,157,0,3,470,7172,0,0,0,0,0,0,0,0,0,0,0,0,0,0,0,0,0,0,0,0,0,0,0,0,0,0,0,0,0,0,0,0,0,0,0,0,0,0,0,0,0,0,0,0,0,0,0,0,0,0,0,0,0,0,252271440,0,0,0,489652565,0,0,0,0,0,0,0,76537049,115654512,288032000,175924171776,71296837,1,0,0,0,0,0,0,0,0,0,0,0,0,0,0,0,0,0,0,0,0,0,0,0,0,0,0,0,0,0,0,782,0,0,0,0,0,0,0
1787688876.914,0,0,0,0,0,0,0,733264893,1890771716608,801212451328,0,0,0,0,0,0,0,0,0,0,0,0,0,0,0,0,0,0,0,0,0,0,0,0,0,0,0,0,0,0,0,0,0,0,0,0,0,0,0,0,0,0,0,0,0,0,0,0,0,0,0,0,0,0,0,0,0,0,0,0,7,1690915,115558373,35226388,0,0,0,0,0,0,0,0,0,0,0,0,0,0,0,0,0,0,0,0,0,0,0,0,0,0,0,0,0,0,0,0,0,0,0,0,0,12883312640,10738548736,786335,655429,35173828,1,0,96,786432,114685814,796294,280,3542674565,12884901888,0,694568866,0,0,0,0,0,0,0,0,0,0,0,0,0,0,0,0,0,0,18029451,117907992,0,468,1204,7863,623,36059189,35,0,0,0,0,0,0,0,1,0,0,0,0,0,0,0,0,0,0,24063292,0,35173302,286442,0,0,0,0,0,0,0,0,16384,0,0,0,0,0,0,0,0,0,0,0,7173,473,0,0,0,0,0,54806382,0,157,0,3,470,7173,0,0,0,0,0,0,0,0,0,0,0,0,0,0,0,0,0,0,0,0,0,0,0,0,0,0,0,0,0,0,0,0,0,0,0,0,0,0,0,0,0,0,0,0,0,0,0,0,0,0,0,0,0,0,252348902,0,0,0,489740801,0,0,0,0,0,0,0,76566195,115715279,288119713,175964601856,71324489,1,0,0,0,0,0,0,0,0,0,0,0,0,0,0,0,0,0,0,0,0,0,0,0,0,0,0,0,0,0,0,1204,0,0,0,0,0,0,0
1787688877.992,0,0,0,0,0,0,0,733443788,1891759704576,801424726528,0,0,0,0,0,0,0,0,0,0,0,0,0,0,0,0,0,0,0,0,0,0,0,0,0,0,0,0,0,0,0,0,0,0,0,0,0,0,0,0,0,0,0,0,0,0,0,0,0,0,0,0,0,0,0,0,0,0,0,0,7,1690994,115618808,35236486,0,0,0,0,0,0,0,0,0,0,0,0,0,0,0,0,0,0,0,0,0,0,0,0,0,0,0,0,0,0,0,0,0,0,0,0,0,12883329024,10753703936,786336,656354,35183926,0,0,97,786432,114746185,796294,280,3543561193,12884901888,0,694688671,0,0,0,0,0,0,0,0,0,0,0,0,0,0,0,0,0,0,18034641,117913182,0,468,1204,7863,623,36069575,35,0,0,0,0,0,0,0,1,0,0,0,0,0,0,0,0,0,0,24069275,0,35183400,286524,0,0,0,0,0,0,0,0,16384,0,0,0,0,0,0,0,0,0,0,0,7174,473,0,0,0,0,0,54822190,0,157,0,3,470,7174,0,0,0,0,0,0,0,0,0,0,0,0,0,0,0,0,0,0,0,0,0,0,0,0,0,0,0,0,0,0,0,0,0,0,0,0,0,0,0,0,0,0,0,0,0,0,0,0,0,0,0,0,0,0,252425370,0,0,0,489829776,0,0,0,0,0,0,0,76595295,115775588,288206332,176004663808,71352081,0,0,0,0,0,0,0,0,0,0,0,0,0,0,0,0,0,0,0,0,0,0,0,0,0,0,0,0,0,0,0,384,0,0,0,0,0,0,0
1787688879.065,0,0,0,0,0,0,0,733622701,1892754377216,801637484032,0,0,0,0,0,0,0,0,0,0,0,0,0,0,0,0,0,0,0,0,0,0,0,0,0,0,0,0,0,0,0,0,0,0,0,0,0,0,0,0,0,0,0,0,0,0,0,0,0,0,0,0,0,0,0,0,0,0,0,0,7,1691040,115679646,35246638,0,0,0,0,0,0,0,0,0,0,0,0,0,0,0,0,0,0,0,0,0,0,0,0,0,0,0,0,0,0,0,0,0,0,0,0,0,12883329024,10768416768,786335,657252,35194078,0,0,97,786432,114806962,796294,280,3544445141,12884901888,0,694805565,0,0,0,0,0,0,0,0,0,0,0,0,0,0,0,0,0,0,18039831,117918372,0,468,1204,7863,623,36079952,35,0,0,0,0,0,0,0,1,0,0,0,0,0,0,0,0,0,0,24075247,0,35193552,286606,0,0,0,0,0,0,0,0,16384,0,0,0,0,0,0,0,0,0,0,0,7175,473,0,0,0,0,0,54837941,0,157,0,3,470,7175,0,0,0,0,0,0,0,0,0,0,0,0,0,0,0,0,0,0,0,0,0,0,0,0,0,0,0,0,0,0,0,0,0,0,0,0,0,0,0,0,0,0,0,0,0,0,0,0,0,0,0,0,0,0,252501297,0,0,0,489917451,0,0,0,0,0,0,0,76624777,115836302,288292451,176044402688,71379985,1,1,0,0,0,0,0,0,0,0,0,0,0,0,0,0,0,0,0,0,0,0,0,0,0,0,0,0,0,0,0,768,0,0,0,0,0,0,0
1787688880.140,0,0,0,0,0,0,0,733804057,1893750786560,801850095616,0,0,0,0,0,0,0,0,0,0,0,0,0,0,0,0,0,0,0,0,0,0,0,0,0,0,0,0,0,0,0,0,0,0,0,0,0,0,0,0,0,0,0,0,0,0,0,0,0,0,0,0,0,0,0,0,0,0,0,0,7,1691066,115740608,35256748,0,0,0,0,0,0,0,0,0,0,0,0,0,0,0,0,0,0,0,0,0,0,0,0,0,0,0,0,0,0,0,0,0,0,0,0,0,12883312640,10782588928,786335,658117,35204188,0,0,97,786432,114867844,796294,280,3545339597,12884901888,0,694924124,0,0,0,0,0,0,0,0,0,0,0,0,0,0,0,0,0,0,18045089,117923631,0,468,1204,7863,623,36090465,35,0,0,0,0,0,0,0,1,0,0,0,0,0,0,0,0,0,0,24081301,0,35203662,286688,0,0,0,0,0,0,0,0,16384,0,0,0,0,0,0,0,0,0,0,0,7176,473,0,0,0,0,0,54853892,0,157,0,3,470,7176,0,0,0,0,0,0,0,0,0,0,0,0,0,0,0,0,0,0,0,0,0,0,0,0,0,0,0,0,0,0,0,0,0,0,0,0,0,0,0,0,0,0,0,0,0,0,0,0,0,0,0,0,0,0,252578279,0,0,0,490006316,0,0,0,0,0,0,0,76654015,115897136,288379597,176084663808,71407736,1,0,0,0,0,0,0,0,0,0,0,0,0,0,0,0,0,0,0,0,0,0,0,0,0,0,0,0,0,0,0,1224,0,0,0,0,0,0,0
1787688881.220,0,0,0,0,0,0,0,733982330,1894739675648,802089373184,0,0,0,0,0,0,0,0,0,0,0,0,0,0,0,0,0,0,0,0,0,0,0,0,0,0,0,0,0,0,0,0,0,0,0,0,0,0,0,0,0,0,0,0,0,0,0,0,0,0,0,0,0,0,0,0,0,0,0,0,7,1691088,115801091,35268409,0,0,0,0,0,0,0,0,0,0,0,0,0,0,0,0,0,0,0,0,0,0,0,0,0,0,0,0,0,0,0,0,0,0,0,0,0,12871598080,10771939328,785620,657467,35214244,716,0,96,786432,114928261,796294,280,3546223629,12884901888,0,695043136,0,0,0,0,0,0,0,0,0,0,0,0,0,0,0,0,0,0,18050257,117928798,0,468,1204,7863,623,36100805,35,0,0,0,0,0,0,0,1,0,0,0,0,0,0,0,0,0,0,24087249,0,35215323,286782,0,0,0,0,0,0,0,0,16384,0,0,0,0,0,0,0,0,0,0,0,7177,473,0,0,0,0,0,54869619,0,157,0,3,470,7177,0,0,0,0,0,0,0,0,0,0,0,0,0,0,0,0,0,0,0,0,0,0,0,0,0,0,0,0,0,0,0,0,0,0,0,0,0,0,0,0,0,0,0,0,0,0,0,0,0,0,0,0,0,0,252655447,0,0,0,490094886,0,0,0,0,0,0,0,76682733,115957489,288468589,176124744704,71434686,1,0,0,0,0,0,0,0,0,0,0,0,0,0,0,0,0,0,0,0,0,0,0,0,0,0,0,0,0,0,0,371,0,0,0,0,0,0,0
1787688882.297,0,0,0,0,0,0,0,734157320,1895707838976,802370362368,0,0,0,0,0,0,0,0,0,0,0,0,0,0,0,0,0,0,0,0,0,0,0,0,0,0,0,0,0,0,0,0,0,0,0,0,0,0,0,0,0,0,0,0,0,0,0,0,0,0,0,0,0,0,0,0,0,0,0,0,7,1691182,115860301,35282731,0,0,0,0,0,0,0,0,0,0,0,0,0,0,0,0,0,0,0,0,0,0,0,0,0,0,0,0,0,0,0,0,0,0,0,0,0,12883329024,10713497600,786336,653900,35224307,0,0,96,786432,114987413,796294,280,3547088726,12884901888,0,695158543,0,0,0,0,0,0,0,0,0,0,0,0,0,0,0,0,0,0,18055328,117933869,0,468,1204,7863,623,36110945,35,0,0,0,0,0,0,0,1,0,0,0,0,0,0,0,0,0,0,24093088,0,35229645,286897,0,0,0,0,0,0,0,0,16384,0,0,0,0,0,0,0,0,0,0,0,7178,473,0,0,0,0,0,54885026,0,157,0,3,470,7178,0,0,0,0,0,0,0,0,0,0,0,0,0,0,0,0,0,0,0,0,0,0,0,0,0,0,0,0,0,0,0,0,0,0,0,0,0,0,0,0,0,0,0,0,0,0,0,0,0,0,0,0,0,0,252731258,0,0,0,490180737,0,0,0,0,0,0,0,76711216,116016589,288558757,176164494336,71461105,1,0,0,0,0,0,0,0,0,0,0,0,0,0,0,0,0,0,0,0,0,0,0,0,0,0,0,0,0,0,0,624,0,0,0,0,0,0,0
1787688883.374,0,0,0,0,0,0,0,734332513,1896679524864,802649020416,0,0,0,0,0,0,0,0,0,0,0,0,0,0,0,0,0,0,0,0,0,0,0,0,0,0,0,0,0,0,0,0,0,0,0,0,0,0,0,0,0,0,0,0,0,0,0,0,0,0,0,0,0,0,0,0,0,0,0,0,7,1691203,115919736,35297093,0,0,0,0,0,0,0,0,0,0,0,0,0,0,0,0,0,0,0,0,0,0,0,0,0,0,0,0,0,0,0,0,0,0,0,0,0,12883312640,10651549696,786336,650119,35244533,0,0,96,786432,115046777,796294,280,3547954023,12884901888,0,695272527,0,0,0,0,0,0,0,0,0,0,0,0,0,0,0,0,0,0,18060417,117938957,0,468,1204,7863,623,36121119,35,0,0,0,0,0,0,0,1,0,0,0,0,0,0,0,0,0,0,24098944,0,35244007,287014,0,0,0,0,0,0,0,0,16384,0,0,0,0,0,0,0,0,0,0,0,7179,473,0,0,0,0,0,54900507,0,157,0,3,470,7179,0,0,0,0,0,0,0,0,0,0,0,0,0,0,0,0,0,0,0,0,0,0,0,0,0,0,0,0,0,0,0,0,0,0,0,0,0,0,0,0,0,0,0,0,0,0,0,0,0,0,0,0,0,0,252807225,0,0,0,490266831,0,0,0,0,0,0,0,76739717,116075885,288648975,176204106752,71487662,0,0,0,0,0,0,0,0,0,0,0,0,0,0,0,0,0,0,0,0,0,0,0,0,0,0,0,0,0,0,0,899,0,0,0,0,0,0,0
1787688884.452,0,0,0,0,0,0,0,734511429,1897667168768,802860339712,0,0,0,0,0,0,0,0,0,0,0,0,0,0,0,0,0,0,0,0,0,0,0,0,0,0,0,0,0,0,0,0,0,0,0,0,0,0,0,0,0,0,0,0,0,0,0,0,0,0,0,0,0,0,0,0,0,0,0,0,7,1691222,115980146,35307158,0,0,0,0,0,0,0,0,0,0,0,0,0,0,0,0,0,0,0,0,0,0,0,0,0,0,0,0,0,0,0,0,0,0,0,0,0,12883329024,10664706048,786336,650922,35254598,0,0,97,786432,115107107,796294,280,3548840375,12884901888,0,695392131,0,0,0,0,0,0,0,0,0,0,0,0,0,0,0,0,0,0,18065607,117944149,0,468,1204,7863,623,36131502,35,0,0,0,0,0,0,0,1,0,0,0,0,0,0,0,0,0,0,24104924,0,35254072,287096,0,0,0,0,0,0,0,0,16384,0,0,0,0,0,0,0,0,0,0,0,7180,473,0,0,0,0,0,54916291,0,157,0,3,470,7180,0,0,0,0,0,0,0,0,0,0,0,0,0,0,0,0,0,0,0,0,0,0,0,0,0,0,0,0,0,0,0,0,0,0,0,0,0,0,0,0,0,0,0,0,0,0,0,0,0,0,0,0,0,0,252883929,0,0,0,490355787,0,0,0,0,0,0,0,76768633,116136179,288735770,176244037632,71515039,1,1,0,0,0,0,0,0,0,0,0,0,0,0,0,0,0,0,0,0,0,0,0,0,0,0,0,0,0,0,0,77,0,0,0,0,0,0,0
1787688885.531,0,0,0,0,0,0,0,734690363,1898660071936,803072476672,0,0,0,0,0,0,0,0,0,0,0,0,0,0,0,0,0,0,0,0,0,0,0,0,0,0,0,0,0,0,0,0,0,0,0,0,0,0,0,0,0,0,0,0,0,0,0,0,0,0,0,0,0,0,0,0,0,0,0,0,7,1691243,116040884,35317265,0,0,0,0,0,0,0,0,0,0,0,0,0,0,0,0,0,0,0,0,0,0,0,0,0,0,0,0,0,0,0,0,0,0,0,0,0,12883329024,10678108160,786335,651740,35264705,0,0,97,786432,115167785,796294,280,3549724435,12884901888,0,695509323,0,0,0,0,0,0,0,0,0,0,0,0,0,0,0,0,0,0,18070796,117949338,0,468,1204,7863,623,36141880,35,0,0,0,0,0,0,0,1,0,0,0,0,0,0,0,0,0,0,24110901,0,35264179,287176,0,0,0,0,0,0,0,0,16384,0,0,0,0,0,0,0,0,0,0,0,7181,473,0,0,0,0,0,54932073,0,157,0,3,470,7181,0,0,0,0,0,0,0,0,0,0,0,0,0,0,0,0,0,0,0,0,0,0,0,0,0,0,0,0,0,0,0,0,0,0,0,0,0,0,0,0,0,0,0,0,0,0,0,0,0,0,0,0,0,0,252960563,0,0,0,490443514,0,0,0,0,0,0,0,76797372,116196788,288822548,176284169728,71542240,0,0,0,0,0,0,0,0,0,0,0,0,0,0,0,0,0,0,0,0,0,0,0,0,0,0,0,0,0,0,0,456,0,0,0,0,0,0,0
1787688886.609,0,0,0,0,0,0,0,734871330,1899659299328,803283482112,0,0,0,0,0,0,0,0,0,0,0,0,0,0,0,0,0,0,0,0,0,0,0,0,0,0,0,0,0,0,0,0,0,0,0,0,0,0,0,0,0,0,0,0,0,0,0,0,0,0,0,0,0,0,0,0,0,0,0,0,7,1691266,116102016,35327266,0,0,0,0,0,0,0,0,0,0,0,0,0,0,0,0,0,0,0,0,0,0,0,0,0,0,0,0,0,0,0,0,0,0,0,0,0,12883312640,10696556544,786335,652866,35274706,0,0,96,786432,115228845,796294,280,3550617279,12884901888,0,695627129,0,0,0,0,0,0,0,0,0,0,0,0,0,0,0,0,0,0,18076045,117954586,0,468,1204,7863,623,36152376,35,0,0,0,0,0,0,0,1,0,0,0,0,0,0,0,0,0,0,24116937,0,35274180,287256,0,0,0,0,0,0,0,0,16384,0,0,0,0,0,0,0,0,0,0,0,7182,473,0,0,0,0,0,54948025,0,157,0,3,470,7182,0,0,0,0,0,0,0,0,0,0,0,0,0,0,0,0,0,0,0,0,0,0,0,0,0,0,0,0,0,0,0,0,0,0,0,0,0,0,0,0,0,0,0,0,0,0,0,0,0,0,0,0,0,0,253038685,0,0,0,490532196,0,0,0,0,0,0,0,76826600,116257779,288910708,176324922880,71570014,1,0,0,0,0,0,0,0,0,0,0,0,0,0,0,0,0,0,0,0,0,0,0,0,0,0,0,0,0,0,0,897,0,0,0,0,0,0,0
1787688887.693,0,0,0,0,0,0,0,735051600,1900658510336,803495620608,0,0,0,0,0,0,0,0,0,0,0,0,0,0,0,0,0,0,0,0,0,0,0,0,0,0,0,0,0,0,0,0,0,0,0,0,0,0,0,0,0,0,0,0,0,0,0,0,0,0,0,0,0,0,0,0,0,0,0,0,7,1691354,116163138,35337319,0,0,0,0,0,0,0,0,0,0,0,0,0,0,0,0,0,0,0,0,0,0,0,0,0,0,0,0,0,0,0,0,0,0,0,0,0,12883296256,10714693632,786334,653973,35284759,1,0,96,786432,115289895,796294,280,3551510855,12884901888,0,695747674,0,0,0,0,0,0,0,0,0,0,0,0,0,0,0,0,0,0,18081270,117959812,0,468,1204,7863,623,36162832,35,0,0,0,0,0,0,0,1,0,0,0,0,0,0,0,0,0,0,24122955,0,35284233,287336,0,0,0,0,0,0,0,0,16384,0,0,0,0,0,0,0,0,0,0,0,7183,473,0,0,0,0,0,54963895,0,157,0,3,470,7183,0,0,0,0,0,0,0,0,0,0,0,0,0,0,0,0,0,0,0,0,0,0,0,0,0,0,0,0,0,0,0,0,0,0,0,0,0,0,0,0,0,0,0,0,0,0,0,0,0,0,0,0,0,0,253116550,0,0,0,490621770,0,0,0,0,0,0,0,76855951,116318783,288998648,176365659648,71597855,1,0,0,0,0,0,0,0,0,0,0,0,0,0,0,0,0,0,0,0,0,0,0,0,0,0,0,0,0,0,0,104,0,0,0,0,0,0,0
1787688888.771,0,0,0,0,0,0,0,735231878,1901654084096,803707442176,0,0,0,0,0,0,0,0,0,0,0,0,0,0,0,0,0,0,0,0,0,0,0,0,0,0,0,0,0,0,0,0,0,0,0,0,0,0,0,0,0,0,0,0,0,0,0,0,0,0,0,0,0,0,0,0,0,0,0,0,7,1691388,116224071,35347366,0,0,0,0,0,0,0,0,0,0,0,0,0,0,0,0,0,0,0,0,0,0,0,0,0,0,0,0,0,0,0,0,0,0,0,0,0,12883329024,10731634688,786336,655007,35294806,0,0,96,786432,115350759,796294,280,3552401359,12884901888,0,695865312,0,0,0,0,0,0,0,0,0,0,0,0,0,0,0,0,0,0,18086509,117965051,0,468,1204,7863,623,36173305,35,0,0,0,0,0,0,0,1,0,0,0,0,0,0,0,0,0,0,24128969,0,35294280,287416,0,0,0,0,0,0,0,0,16384,0,0,0,0,0,0,0,0,0,0,0,7185,473,0,0,0,0,0,54979798,0,157,0,3,470,7185,0,0,0,0,0,0,0,0,0,0,0,0,0,0,0,0,0,0,0,0,0,0,0,0,0,0,0,0,0,0,0,0,0,0,0,0,0,0,0,0,0,0,0,0,0,0,0,0,0,0,0,0,0,0,253194536,0,0,0,490710329,0,0,0,0,0,0,0,76885513,116379580,289086720,176406387200,71625888,1,0,0,0,0,0,0,0,0,0,0,0,0,0,0,0,0,0,0,0,0,0,0,0,0,0,0,0,0,0,0,487,0,0,0,0,0,0,0
1787688889.847,0,0,0,0,0,0,0,735411838,1902650427904,803919678464,0,0,0,0,0,0,0,0,0,0,0,0,0,0,0,0,0,0,0,0,0,0,0,0,0,0,0,0,0,0,0,0,0,0,0,0,0,0,0,0,0,0,0,0,0,0,0,0,0,0,0,0,0,0,0,0,0,0,0,0,7,1691487,116285032,35357437,0,0,0,0,0,0,0,0,0,0,0,0,0,0,0,0,0,0,0,0,0,0,0,0,0,0,0,0,0,0,0,0,0,0,0,0,0,12883329024,10748329984,786336,656026,35304877,0,0,96,786432,115411644,796294,280,3553291076,12884901888,0,695983387,0,0,0,0,0,0,0,0,0,0,0,0,0,0,0,0,0,0,18091723,117970265,0,468,1204,7863,623,36183733,35,0,0,0,0,0,0,0,1,0,0,0,0,0,0,0,0,0,0,24134968,0,35304351,287496,0,0,0,0,0,0,0,0,16384,0,0,0,0,0,0,0,0,0,0,0,7186,473,0,0,0,0,0,54995636,0,157,0,3,470,7186,0,0,0,0,0,0,0,0,0,0,0,0,0,0,0,0,0,0,0,0,0,0,0,0,0,0,0,0,0,0,0,0,0,0,0,0,0,0,0,0,0,0,0,0,0,0,0,0,0,0,0,0,0,0,253272350,0,0,0,490798560,0,0,0,0,0,0,0,76914493,116440393,289174620,176447101440,71653475,1,0,0,0,0,0,0,0,0,0,0,0,0,0,0,0,0,0,0,0,0,0,0,0,0,0,0,0,0,0,0,879,0,0,0,0,0,0,0
1787688890.926,0,0,0,0,0,0,0,735586187,1903611120128,804130641408,0,0,0,0,0,0,0,0,0,0,0,0,0,0,0,0,0,0,0,0,0,0,0,0,0,0,0,0,0,0,0,0,0,0,0,0,0,0,0,0,0,0,0,0,0,0,0,0,0,0,0,0,0,0,0,0,0,0,0,0,7,1691500,116343809,35367534,0,0,0,0,0,0,0,0,0,0,0,0,0,0,0,0,0,0,0,0,0,0,0,0,0,0,0,0,0,0,0,0,0,0,0,0,0,12883312640,10756423680,786336,656520,35314974,0,0,96,786432,115470354,796294,280,3554152545,12884901888,0,696098138,0,0,0,0,0,0,0,0,0,0,0,0,0,0,0,0,0,0,18096777,117975318,0,468,1204,7863,623,36193847,35,0,0,0,0,0,0,0,1,0,0,0,0,0,0,0,0,0,0,24140781,0,35314448,287576,0,0,0,0,0,0,0,0,16384,0,0,0,0,0,0,0,0,0,0,0,7187,473,0,0,0,0,0,55010991,0,157,0,3,470,7187,0,0,0,0,0,0,0,0,0,0,0,0,0,0,0,0,0,0,0,0,0,0,0,0,0,0,0,0,0,0,0,0,0,0,0,0,0,0,0,0,0,0,0,0,0,0,0,0,0,0,0,0,0,0,253347965,0,0,0,490884014,0,0,0,0,0,0,0,76941327,116499042,289260356,176486512128,71678838,1,0,0,0,0,0,0,0,0,0,0,0,0,0,0,0,0,0,0,0,0,0,0,0,0,0,0,0,0,0,0,1147,0,0,0,0,0,0,0
1787688892.005,0,0,0,0,0,0,0,735759271,1904569403904,804341818880,0,0,0,0,0,0,0,0,0,0,0,0,0,0,0,0,0,0,0,0,0,0,0,0,0,0,0,0,0,0,0,0,0,0,0,0,0,0,0,0,0,0,0,0,0,0,0,0,0,0,0,0,0,0,0,0,0,0,0,0,7,1691531,116402435,35377571,0,0,0,0,0,0,0,0,0,0,0,0,0,0,0,0,0,0,0,0,0,0,0,0,0,0,0,0,0,0,0,0,0,0,0,0,0,12883329024,10765369344,786336,657066,35325011,0,0,97,786432,115528912,796294,280,3555010818,12884901888,0,696214242,0,0,0,0,0,0,0,0,0,0,0,0,0,0,0,0,0,0,18101796,117980338,0,468,1204,7863,623,36203882,35,0,0,0,0,0,0,0,1,0,0,0,0,0,0,0,0,0,0,24146571,0,35324485,287656,0,0,0,0,0,0,0,0,16384,0,0,0,0,0,0,0,0,0,0,0,7188,473,0,0,0,0,0,55026261,0,157,0,3,470,7188,0,0,0,0,0,0,0,0,0,0,0,0,0,0,0,0,0,0,0,0,0,0,0,0,0,0,0,0,0,0,0,0,0,0,0,0,0,0,0,0,0,0,0,0,0,0,0,0,0,0,0,0,0,0,253424828,0,0,0,490970181,0,0,0,0,0,0,0,76967936,116557577,289347295,176526755840,71703930,0,0,0,0,0,0,0,0,0,0,0,0,0,0,0,0,0,0,0,0,0,0,0,0,0,0,0,0,0,0,0,153,0,0,0,0,0,0,0
1787688893.085,0,0,0,0,0,0,0,735939170,1905559915008,804553477120,0,0,0,0,0,0,0,0,0,0,0,0,0,0,0,0,0,0,0,0,0,0,0,0,0,0,0,0,0,0,0,0,0,0,0,0,0,0,0,0,0,0,0,0,0,0,0,0,0,0,0,0,0,0,0,0,0,0,0,0,7,1691561,116463017,35387602,0,0,0,0,0,0,0,0,0,0,0,0,0,0,0,0,0,0,0,0,0,0,0,0,0,0,0,0,0,0,0,0,0,0,0,0,0,12883329024,10778394624,786336,657861,35335042,0,0,96,786432,115589411,796294,280,3555899405,12884901888,0,696332162,0,0,0,0,0,0,0,0,0,0,0,0,0,0,0,0,0,0,18107011,117985552,0,468,1204,7863,623,36214310,35,0,0,0,0,0,0,0,1,0,0,0,0,0,0,0,0,0,0,24152568,0,35334516,287736,0,0,0,0,0,0,0,0,16384,0,0,0,0,0,0,0,0,0,0,0,7189,473,0,0,0,0,0,55042140,0,157,0,3,470,7189,0,0,0,0,0,0,0,0,0,0,0,0,0,0,0,0,0,0,0,0,0,0,0,0,0,0,0,0,0,0,0,0,0,0,0,0,0,0,0,0,0,0,0,0,0,0,0,0,0,0,0,0,0,0,253503375,0,0,0,491058333,0,0,0,0,0,0,0,76998526,116618051,289435886,176567751168,71733003,1,0,0,0,0,0,0,0,0,0,0,0,0,0,0,0,0,0,0,0,0,0,0,0,0,0,0,0,0,0,0,573,0,0,0,0,0,0,0
1787688894.164,0,0,0,0,0,0,0,736118161,1906549983744,804765423616,0,0,0,0,0,0,0,0,0,0,0,0,0,0,0,0,0,0,0,0,0,0,0,0,0,0,0,0,0,0,0,0,0,0,0,0,0,0,0,0,0,0,0,0,0,0,0,0,0,0,0,0,0,0,0,0,0,0,0,0,7,1691648,116523578,35397707,0,0,0,0,0,0,0,0,0,0,0,0,0,0,0,0,0,0,0,0,0,0,0,0,0,0,0,0,0,0,0,0,0,0,0,0,0,12883312640,10790486016,786335,658599,35345147,0,0,97,786432,115649895,796294,280,3556783672,12884901888,0,696449314,0,0,0,0,0,0,0,0,0,0,0,0,0,0,0,0,0,0,18112207,117990748,0,468,1204,7863,623,36224706,35,0,0,0,0,0,0,0,1,0,0,0,0,0,0,0,0,0,0,24158549,0,35344621,287816,0,0,0,0,0,0,0,0,16384,0,0,0,0,0,0,0,0,0,0,0,7190,473,0,0,0,0,0,55057923,0,157,0,3,470,7190,0,0,0,0,0,0,0,0,0,0,0,0,0,0,0,0,0,0,0,0,0,0,0,0,0,0,0,0,0,0,0,0,0,0,0,0,0,0,0,0,0,0,0,0,0,0,0,0,0,0,0,0,0,0,253580244,0,0,0,491146144,0,0,0,0,0,0,0,77027747,116678490,289522882,176607846912,71760753,1,1,0,0,0,0,0,0,0,0,0,0,0,0,0,0,0,0,0,0,0,0,0,0,0,0,0,0,0,0,0,961,0,0,0,0,0,0,0
1787688895.236,0,0,0,0,0,0,0,736294249,1907525192192,805018876928,0,0,0,0,0,0,0,0,0,0,0,0,0,0,0,0,0,0,0,0,0,0,0,0,0,0,0,0,0,0,0,0,0,0,0,0,0,0,0,0,0,0,0,0,0,0,0,0,0,0,0,0,0,0,0,0,0,0,0,0,7,1691676,116583219,35410328,0,0,0,0,0,0,0,0,0,0,0,0,0,0,0,0,0,0,0,0,0,0,0,0,0,0,0,0,0,0,0,0,0,0,0,0,0,12881313792,10758733824,786213,656661,35355252,123,0,96,786432,115709477,796294,280,3557653293,12884901888,0,696564567,0,0,0,0,0,0,0,0,0,0,0,0,0,0,0,0,0,0,18117307,117995848,0,468,1204,7863,623,36234905,35,0,0,0,0,0,0,0,1,0,0,0,0,0,0,0,0,0,0,24164427,0,35357146,287918,0,0,0,0,0,0,0,0,16384,0,0,0,0,0,0,0,0,0,0,0,7191,473,0,0,0,0,0,55073418,0,157,0,3,470,7191,0,0,0,0,0,0,0,0,0,0,0,0,0,0,0,0,0,0,0,0,0,0,0,0,0,0,0,0,0,0,0,0,0,0,0,0,0,0,0,0,0,0,0,0,0,0,0,0,0,0,0,0,0,0,253656206,0,0,0,491232528,0,0,0,0,0,0,0,77056137,116738010,289611576,176647458816,71787364,1,1,0,0,0,0,0,0,0,0,0,0,0,0,0,0,0,0,0,0,0,0,0,0,0,0,0,0,0,0,0,1234,0,0,0,0,0,0,0
1787688896.314,0,0,0,0,0,0,0,736470163,1908501187072,805300441600,0,0,0,0,0,0,0,0,0,0,0,0,0,0,0,0,0,0,0,0,0,0,0,0,0,0,0,0,0,0,0,0,0,0,0,0,0,0,0,0,0,0,0,0,0,0,0,0,0,0,0,0,0,0,0,0,0,0,0,0,7,1691819,116642922,35424701,0,0,0,0,0,0,0,0,0,0,0,0,0,0,0,0,0,0,0,0,0,0,0,0,0,0,0,0,0,0,0,0,0,0,0,0,0,12883329024,10700177408,786336,653087,35365368,0,0,96,786432,115769108,796294,280,3558526071,12884901888,0,696683082,0,0,0,0,0,0,0,0,0,0,0,0,0,0,0,0,0,0,18122406,118000947,0,468,1204,7863,623,36245098,35,0,0,0,0,0,0,0,1,0,0,0,0,0,0,0,0,0,0,24170301,0,35371569,288034,0,0,0,0,0,0,0,0,16384,0,0,0,0,0,0,0,0,0,0,0,7192,473,0,0,0,0,0,55088940,0,157,0,3,470,7192,0,0,0,0,0,0,0,0,0,0,0,0,0,0,0,0,0,0,0,0,0,0,0,0,0,0,0,0,0,0,0,0,0,0,0,0,0,0,0,0,0,0,0,0,0,0,0,0,0,0,0,0,0,0,253732167,0,0,0,491320036,0,0,0,0,0,0,0,77085006,116797578,289701960,176687277056,71814114,1,0,0,0,0,0,0,0,0,0,0,0,0,0,0,0,0,0,0,0,0,0,0,0,0,0,0,0,0,0,0,317,0,0,0,0,0,0,0
1787688897.389,0,0,0,0,0,0,0,736645703,1909473856000,805563878912,0,0,0,0,0,0,0,0,0,0,0,0,0,0,0,0,0,0,0,0,0,0,0,0,0,0,0,0,0,0,0,0,0,0,0,0,0,0,0,0,0,0,0,0,0,0,0,0,0,0,0,0,0,0,0,0,0,0,0,0,7,1691841,116702406,35438066,0,0,0,0,0,0,0,0,0,0,0,0,0,0,0,0,0,0,0,0,0,0,0,0,0,0,0,0,0,0,0,0,0,0,0,0,0,12883329024,10655055872,786336,650333,35385506,0,0,96,786432,115828514,796294,280,3559393175,12884901888,0,696798015,0,0,0,0,0,0,0,0,0,0,0,0,0,0,0,0,0,0,18127498,118006038,0,468,1204,7863,623,36255285,35,0,0,0,0,0,0,0,1,0,0,0,0,0,0,0,0,0,0,24176164,0,35384980,288142,0,0,0,0,0,0,0,0,16384,0,0,0,0,0,0,0,0,0,0,0,7193,473,0,0,0,0,0,55104413,0,157,0,3,470,7193,0,0,0,0,0,0,0,0,0,0,0,0,0,0,0,0,0,0,0,0,0,0,0,0,0,0,0,0,0,0,0,0,0,0,0,0,0,0,0,0,0,0,0,0,0,0,0,0,0,0,0,0,0,0,253807292,0,0,0,491406169,0,0,0,0,0,0,0,77113934,116856956,289790423,176726563328,71841062,1,0,0,0,0,0,0,0,0,0,0,0,0,0,0,0,0,0,0,0,0,0,0,0,0,0,0,0,0,0,0,597,0,0,0,0,0,0,0
1787688898.463,0,0,0,0,0,0,0,736825256,1910465792512,805776147968,0,0,0,0,0,0,0,0,0,0,0,0,0,0,0,0,0,0,0,0,0,0,0,0,0,0,0,0,0,0,0,0,0,0,0,0,0,0,0,0,0,0,0,0,0,0,0,0,0,0,0,0,0,0,0,0,0,0,0,0,7,1691869,116763090,35448177,0,0,0,0,0,0,0,0,0,0,0,0,0,0,0,0,0,0,0,0,0,0,0,0,0,0,0,0,0,0,0,0,0,0,0,0,0,12883329024,10668146688,786336,651132,35395617,0,0,96,786432,115889139,796294,280,3560280221,12884901888,0,696915650,0,0,0,0,0,0,0,0,0,0,0,0,0,0,0,0,0,0,18132706,118011247,0,468,1204,7863,623,36265701,35,0,0,0,0,0,0,0,1,0,0,0,0,0,0,0,0,0,0,24182154,0,35395091,288224,0,0,0,0,0,0,0,0,16384,0,0,0,0,0,0,0,0,0,0,0,7194,473,0,0,0,0,0,55120233,0,157,0,3,470,7194,0,0,0,0,0,0,0,0,0,0,0,0,0,0,0,0,0,0,0,0,0,0,0,0,0,0,0,0,0,0,0,0,0,0,0,0,0,0,0,0,0,0,0,0,0,0,0,0,0,0,0,0,0,0,253883538,0,0,0,491494175,0,0,0,0,0,0,0,77142825,116917495,289876825,176766637568,71868482,0,0,0,0,0,0,0,0,0,0,0,0,0,0,0,0,0,0,0,0,0,0,0,0,0,0,0,0,0,0,0,990,0,0,0,0,0,0,0
1787688899.543,0,0,0,0,0,0,0,737005507,1911458908672,805989438464,0,0,0,0,0,0,0,0,0,0,0,0,0,0,0,0,0,0,0,0,0,0,0,0,0,0,0,0,0,0,0,0,0,0,0,0,0,0,0,0,0,0,0,0,0,0,0,0,0,0,0,0,0,0,0,0,0,0,0,0,7,1691891,116823839,35458311,0,0,0,0,0,0,0,0,0,0,0,0,0,0,0,0,0,0,0,0,0,0,0,0,0,0,0,0,0,0,0,0,0,0,0,0,0,12883329024,10681008128,786335,651917,35405751,0,0,97,786432,115949816,796294,280,3561173488,12884901888,0,697036432,0,0,0,0,0,0,0,0,0,0,0,0,0,0,0,0,0,0,18137922,118016463,0,468,1204,7863,623,36276132,35,0,0,0,0,0,0,0,1,0,0,0,0,0,0,0,0,0,0,24188161,0,35405225,288306,0,0,0,0,0,0,0,0,16384,0,0,0,0,0,0,0,0,0,0,0,7195,473,0,0,0,0,0,55136091,0,157,0,3,470,7195,0,0,0,0,0,0,0,0,0,0,0,0,0,0,0,0,0,0,0,0,0,0,0,0,0,0,0,0,0,0,0,0,0,0,0,0,0,0,0,0,0,0,0,0,0,0,0,0,0,0,0,0,0,0,253961586,0,0,0,491583606,0,0,0,0,0,0,0,77172070,116978113,289965023,176807435264,71896267,1,0,0,0,0,0,0,0,0,0,0,0,0,0,0,0,0,0,0,0,0,0,0,0,0,0,0,0,0,0,0,223,0,0,0,0,0,0,0
1787688900.622,0,0,0,0,0,0,0,737185180,1912454777344,806202300416,0,0,0,0,0,0,0,0,0,0,0,0,0,0,0,0,0,0,0,0,0,0,0,0,0,0,0,0,0,0,0,0,0,0,0,0,0,0,0,0,0,0,0,0,0,0,0,0,0,0,0,0,0,0,0,0,0,0,0,0,7,1691919,116884765,35468436,0,0,0,0,0,0,0,0,0,0,0,0,0,0,0,0,0,0,0,0,0,0,0,0,0,0,0,0,0,0,0,0,0,0,0,0,0,12883312640,10695622656,786335,652809,35415876,0,0,97,786432,116010684,796294,280,3562060201,12884901888,0,697153522,0,0,0,0,0,0,0,0,0,0,0,0,0,0,0,0,0,0,18143138,118021679,0,468,1204,7863,623,36286567,35,0,0,0,0,0,0,0,1,0,0,0,0,0,0,0,0,0,0,24194162,0,35415350,288388,0,0,0,0,0,0,0,0,16384,0,0,0,0,0,0,0,0,0,0,0,7196,473,0,0,0,0,0,55151929,0,157,0,3,470,7196,0,0,0,0,0,0,0,0,0,0,0,0,0,0,0,0,0,0,0,0,0,0,0,0,0,0,0,0,0,0,0,0,0,0,0,0,0,0,0,0,0,0,0,0,0,0,0,0,0,0,0,0,0,0,254039117,0,0,0,491671726,0,0,0,0,0,0,0,77201524,117038902,290052706,176847988736,71924233,0,0,0,0,0,0,0,0,0,0,0,0,0,0,0,0,0,0,0,0,0,0,0,0,0,0,0,0,0,0,0,609,0,0,0,0,0,0,0
1787688901.701,0,0,0,0,0,0,0,737364875,1913449826816,806415661568,0,0,0,0,0,0,0,0,0,0,0,0,0,0,0,0,0,0,0,0,0,0,0,0,0,0,0,0,0,0,0,0,0,0,0,0,0,0,0,0,0,0,0,0,0,0,0,0,0,0,0,0,0,0,0,0,0,0,0,0,7,1691951,116945628,35478592,0,0,0,0,0,0,0,0,0,0,0,0,0,0,0,0,0,0,0,0,0,0,0,0,0,0,0,0,0,0,0,0,0,0,0,0,0,12883312640,10708467712,786335,653593,35426032,0,0,97,786432,116071479,796294,280,3562947363,12884901888,0,697270626,0,0,0,0,0,0,0,0,0,0,0,0,0,0,0,0,0,0,18148355,118026894,0,468,1204,7863,623,36296998,35,0,0,0,0,0,0,0,1,0,0,0,0,0,0,0,0,0,0,24200159,0,35425506,288470,0,0,0,0,0,0,0,0,16384,0,0,0,0,0,0,0,0,0,0,0,7197,473,0,0,0,0,0,55167814,0,157,0,3,470,7197,0,0,0,0,0,0,0,0,0,0,0,0,0,0,0,0,0,0,0,0,0,0,0,0,0,0,0,0,0,0,0,0,0,0,0,0,0,0,0,0,0,0,0,0,0,0,0,0,0,0,0,0,0,0,254116690,0,0,0,491759910,0,0,0,0,0,0,0,77230878,117099636,290140466,176888633344,71952015,1,0,0,0,0,0,0,0,0,0,0,0,0,0,0,0,0,0,0,0,0,0,0,0,0,0,0,0,0,0,0,1018,0,0,0,0,0,0,0
1787688902.780,0,0,0,0,0,0,0,737544347,1914443467264,806628578304,0,0,0,0,0,0,0,0,0,0,0,0,0,0,0,0,0,0,0,0,0,0,0,0,0,0,0,0,0,0,0,0,0,0,0,0,0,0,0,0,0,0,0,0,0,0,0,0,0,0,0,0,0,0,0,0,0,0,0,0,7,1691980,117006413,35488736,0,0,0,0,0,0,0,0,0,0,0,0,0,0,0,0,0,0,0,0,0,0,0,0,0,0,0,0,0,0,0,0,0,0,0,0,0,12883329024,10720182272,786336,654308,35436176,0,0,97,786432,116132187,796294,280,3563837306,12884901888,0,697390670,0,0,0,0,0,0,0,0,0,0,0,0,0,0,0,0,0,0,18153562,118032103,0,468,1204,7863,623,36307410,35,0,0,0,0,0,0,0,1,0,0,0,0,0,0,0,0,0,0,24206161,0,35435650,288552,0,0,0,0,0,0,0,0,16384,0,0,0,0,0,0,0,0,0,0,0,7199,473,0,0,0,0,0,55183627,0,157,0,3,470,7199,0,0,0,0,0,0,0,0,0,0,0,0,0,0,0,0,0,0,0,0,0,0,0,0,0,0,0,0,0,0,0,0,0,0,0,0,0,0,0,0,0,0,0,0,0,0,0,0,0,0,0,0,0,0,254194144,0,0,0,491849106,0,0,0,0,0,0,0,77260167,117160315,290228093,176928994816,71979696,0,0,0,0,0,0,0,0,0,0,0,0,0,0,0,0,0,0,0,0,0,0,0,0,0,0,0,0,0,0,0,215,0,0,0,0,0,0,0
1787688903.856,0,0,0,0,0,0,0,737726202,1915449772544,806841958400,0,0,0,0,0,0,0,0,0,0,0,0,0,0,0,0,0,0,0,0,0,0,0,0,0,0,0,0,0,0,0,0,0,0,0,0,0,0,0,0,0,0,0,0,0,0,0,0,0,0,0,0,0,0,0,0,0,0,0,0,7,1692009,117067973,35498866,0,0,0,0,0,0,0,0,0,0,0,0,0,0,0,0,0,0,0,0,0,0,0,0,0,0,0,0,0,0,0,0,0,0,0,0,0,12883329024,10734059520,786336,655155,35446306,0,0,96,786432,116193667,796294,280,3564735454,12884901888,0,697509805,0,0,0,0,0,0,0,0,0,0,0,0,0,0,0,0,0,0,18158823,118037364,0,468,1204,7863,623,36317933,35,0,0,0,0,0,0,0,1,0,0,0,0,0,0,0,0,0,0,24212208,0,35445780,288634,0,0,0,0,0,0,0,0,16384,0,0,0,0,0,0,0,0,0,0,0,7200,473,0,0,0,0,0,55199602,0,157,0,3,470,7200,0,0,0,0,0,0,0,0,0,0,0,0,0,0,0,0,0,0,0,0,0,0,0,0,0,0,0,0,0,0,0,0,0,0,0,0,0,0,0,0,0,0,0,0,0,0,0,0,0,0,0,0,0,0,254272302,0,0,0,491938060,0,0,0,0,0,0,0,77289723,117221741,290316404,176969893888,72007829,0,0,0,0,0,0,0,0,0,0,0,0,0,0,0,0,0,0,0,0,0,0,0,0,0,0,0,0,0,0,0,668,0,0,0,0,0,0,0
1787688904.933,0,0,0,0,0,0,0,737906104,1916446525952,807054347264,0,0,0,0,0,0,0,0,0,0,0,0,0,0,0,0,0,0,0,0,0,0,0,0,0,0,0,0,0,0,0,0,0,0,0,0,0,0,0,0,0,0,0,0,0,0,0,0,0,0,0,0,0,0,0,0,0,0,0,0,7,1692040,117128956,35509000,0,0,0,0,0,0,0,0,0,0,0,0,0,0,0,0,0,0,0,0,0,0,0,0,0,0,0,0,0,0,0,0,0,0,0,0,0,12883329024,10746740736,786336,655929,35456440,0,0,96,786432,116254569,796294,280,3565623924,12884901888,0,697627644,0,0,0,0,0,0,0,0,0,0,0,0,0,0,0,0,0,0,18164043,118042583,0,468,1204,7863,623,36328371,35,0,0,0,0,0,0,0,1,0,0,0,0,0,0,0,0,0,0,24218215,0,35455914,288716,0,0,0,0,0,0,0,0,16384,0,0,0,0,0,0,0,0,0,0,0,7201,473,0,0,0,0,0,55215470,0,157,0,3,470,7201,0,0,0,0,0,0,0,0,0,0,0,0,0,0,0,0,0,0,0,0,0,0,0,0,0,0,0,0,0,0,0,0,0,0,0,0,0,0,0,0,0,0,0,0,0,0,0,0,0,0,0,0,0,0,254348597,0,0,0,492026223,0,0,0,0,0,0,0,77318932,117282600,290402848,177009841152,72035536,1,0,0,0,0,0,0,0,0,0,0,0,0,0,0,0,0,0,0,0,0,0,0,0,0,0,0,0,0,0,0,1083,0,0,0,0,0,0,0
1787688906.012,0,0,0,0,0,0,0,738086117,1917442279936,807267877376,0,0,0,0,0,0,0,0,0,0,0,0,0,0,0,0,0,0,0,0,0,0,0,0,0,0,0,0,0,0,0,0,0,0,0,0,0,0,0,0,0,0,0,0,0,0,0,0,0,0,0,0,0,0,0,0,0,0,0,0,7,1692114,117189861,35519125,0,0,0,0,0,0,0,0,0,0,0,0,0,0,0,0,0,0,0,0,0,0,0,0,0,0,0,0,0,0,0,0,0,0,0,0,0,12883312640,10763862016,786335,656974,35466565,1,0,96,786432,116315415,796294,280,3566515981,12884901888,0,697748328,0,0,0,0,0,0,0,0,0,0,0,0,0,0,0,0,0,0,18169258,118047798,0,468,1204,7863,623,36338805,35,0,0,0,0,0,0,0,1,0,0,0,0,0,0,0,0,0,0,24224217,0,35466039,288798,0,0,0,0,0,0,0,0,16384,0,0,0,0,0,0,0,0,0,0,0,7202,473,0,0,0,0,0,55231353,0,157,0,3,470,7202,0,0,0,0,0,0,0,0,0,0,0,0,0,0,0,0,0,0,0,0,0,0,0,0,0,0,0,0,0,0,0,0,0,0,0,0,0,0,0,0,0,0,0,0,0,0,0,0,0,0,0,0,0,0,254427180,0,0,0,492115639,0,0,0,0,0,0,0,77348578,117343360,290491558,177051006464,72063653,1,0,0,0,0,0,0,0,0,0,0,0,0,0,0,0,0,0,0,0,0,0,0,0,0,0,0,0,0,0,0,281,0,0,0,0,0,0,0
1787688907.091,0,0,0,0,0,0,0,738266228,1918436837888,807479795712,0,0,0,0,0,0,0,0,0,0,0,0,0,0,0,0,0,0,0,0,0,0,0,0,0,0,0,0,0,0,0,0,0,0,0,0,0,0,0,0,0,0,0,0,0,0,0,0,0,0,0,0,0,0,0,0,0,0,0,0,7,1692163,117250687,35529209,0,0,0,0,0,0,0,0,0,0,0,0,0,0,0,0,0,0,0,0,0,0,0,0,0,0,0,0,0,0,0,0,0,0,0,0,0,12883312640,10777296896,786336,657794,35476649,0,0,96,786432,116376169,796294,280,3567405241,12884901888,0,697865666,0,0,0,0,0,0,0,0,0,0,0,0,0,0,0,0,0,0,18174490,118053030,0,468,1204,7863,623,36349267,35,0,0,0,0,0,0,0,1,0,0,0,0,0,0,0,0,0,0,24230236,0,35476123,288880,0,0,0,0,0,0,0,0,16384,0,0,0,0,0,0,0,0,0,0,0,7203,473,0,0,0,0,0,55247247,0,157,0,3,470,7203,0,0,0,0,0,0,0,0,0,0,0,0,0,0,0,0,0,0,0,0,0,0,0,0,0,0,0,0,0,0,0,0,0,0,0,0,0,0,0,0,0,0,0,0,0,0,0,0,0,0,0,0,0,0,254504018,0,0,0,492204002,0,0,0,0,0,0,0,77377677,117404075,290578501,177091243520,72091249,1,0,0,0,0,0,0,0,0,0,0,0,0,0,0,0,0,0,0,0,0,0,0,0,0,0,0,0,0,0,0,707,0,0,0,0,0,0,0
1787688908.170,0,0,0,0,0,0,0,738445817,1919429429760,807692022272,0,0,0,0,0,0,0,0,0,0,0,0,0,0,0,0,0,0,0,0,0,0,0,0,0,0,0,0,0,0,0,0,0,0,0,0,0,0,0,0,0,0,0,0,0,0,0,0,0,0,0,0,0,0,0,0,0,0,0,0,7,1692257,117311422,35539312,0,0,0,0,0,0,0,0,0,0,0,0,0,0,0,0,0,0,0,0,0,0,0,0,0,0,0,0,0,0,0,0,0,0,0,0,0,12883312640,10792927232,786334,658748,35486752,0,0,99,786432,116436823,796294,280,3568292059,12884901888,0,697983603,0,0,0,0,0,0,0,0,0,0,0,0,0,0,0,0,0,0,18179695,118058236,0,468,1204,7863,623,36359683,35,0,0,0,0,0,0,0,1,0,0,0,0,0,0,0,0,0,0,24236218,0,35486226,288962,0,0,0,0,0,0,0,0,16384,0,0,0,0,0,0,0,0,0,0,0,7204,473,0,0,0,0,0,55263065,0,157,0,3,470,7204,0,0,0,0,0,0,0,0,0,0,0,0,0,0,0,0,0,0,0,0,0,0,0,0,0,0,0,0,0,0,0,0,0,0,0,0,0,0,0,0,0,0,0,0,0,0,0,0,0,0,0,0,0,0,254580692,0,0,0,492292031,0,0,0,0,0,0,0,77407238,117464691,290665308,177131416064,72119260,1,0,0,0,0,0,0,0,0,0,0,0,0,0,0,0,0,0,0,0,0,0,0,0,0,0,0,0,0,0,0,1070,0,0,0,0,0,0,0
1787688909.248,0,0,0,0,0,0,0,738621653,1920402065920,807957395968,0,0,0,0,0,0,0,0,0,0,0,0,0,0,0,0,0,0,0,0,0,0,0,0,0,0,0,0,0,0,0,0,0,0,0,0,0,0,0,0,0,0,0,0,0,0,0,0,0,0,0,0,0,0,0,0,0,0,0,0,7,1692286,117370916,35552660,0,0,0,0,0,0,0,0,0,0,0,0,0,0,0,0,0,0,0,0,0,0,0,0,0,0,0,0,0,0,0,0,0,0,0,0,0,12883312640,10749722624,786335,656111,35496890,0,0,97,786432,116496247,796294,280,3569164136,12884901888,0,698101386,0,0,0,0,0,0,0,0,0,0,0,0,0,0,0,0,0,0,18184797,118063338,0,468,1204,7863,623,36369883,35,0,0,0,0,0,0,0,1,0,0,0,0,0,0,0,0,0,0,24242100,0,35499545,289070,0,0,0,0,0,0,0,0,16384,0,0,0,0,0,0,0,0,0,0,0,7205,473,0,0,0,0,0,55278597,0,157,0,3,470,7205,0,0,0,0,0,0,0,0,0,0,0,0,0,0,0,0,0,0,0,0,0,0,0,0,0,0,0,0,0,0,0,0,0,0,0,0,0,0,0,0,0,0,0,0,0,0,0,0,0,0,0,0,0,0,254657937,0,0,0,492379603,0,0,0,0,0,0,0,77436009,117524054,290755953,177171743744,72146119,1,0,0,0,0,0,0,0,0,0,0,0,0,0,0,0,0,0,0,0,0,0,0,0,0,0,0,0,0,0,0,141,0,0,0,0,0,0,0
1787688910.325,0,0,0,0,0,0,0,738796830,1921369147904,808239506944,0,0,0,0,0,0,0,0,0,0,0,0,0,0,0,0,0,0,0,0,0,0,0,0,0,0,0,0,0,0,0,0,0,0,0,0,0,0,0,0,0,0,0,0,0,0,0,0,0,0,0,0,0,0,0,0,0,0,0,0,7,1692323,117430063,35566935,0,0,0,0,0,0,0,0,0,0,0,0,0,0,0,0,0,0,0,0,0,0,0,0,0,0,0,0,0,0,0,0,0,0,0,0,0,12883312640,10691444736,786335,652554,35507067,0,0,96,786432,116555336,796294,280,3570029613,12884901888,0,698216493,0,0,0,0,0,0,0,0,0,0,0,0,0,0,0,0,0,0,18189871,118068412,0,468,1204,7863,623,36380028,35,0,0,0,0,0,0,0,1,0,0,0,0,0,0,0,0,0,0,24247943,0,35513849,289184,0,0,0,0,0,0,0,0,16384,0,0,0,0,0,0,0,0,0,0,0,7206,473,0,0,0,0,0,55294021,0,157,0,3,470,7206,0,0,0,0,0,0,0,0,0,0,0,0,0,0,0,0,0,0,0,0,0,0,0,0,0,0,0,0,0,0,0,0,0,0,0,0,0,0,0,0,0,0,0,0,0,0,0,0,0,0,0,0,0,0,254733798,0,0,0,492465560,0,0,0,0,0,0,0,77464649,117583071,290846276,177211484672,72172631,0,0,0,0,0,0,0,0,0,0,0,0,0,0,0,0,0,0,0,0,0,0,0,0,0,0,0,0,0,0,0,417,0,0,0,0,0,0,0
1787688911.401,0,0,0,0,0,0,0,738973246,1922344339968,808498354176,0,0,0,0,0,0,0,0,0,0,0,0,0,0,0,0,0,0,0,0,0,0,0,0,0,0,0,0,0,0,0,0,0,0,0,0,0,0,0,0,0,0,0,0,0,0,0,0,0,0,0,0,0,0,0,0,0,0,0,0,7,1692340,117489731,35580085,0,0,0,0,0,0,0,0,0,0,0,0,0,0,0,0,0,0,0,0,0,0,0,0,0,0,0,0,0,0,0,0,0,0,0,0,0,12883279872,10651631616,786333,650124,35527525,3,0,96,786432,116614943,796294,280,3570900558,12884901888,0,698331307,0,0,0,0,0,0,0,0,0,0,0,0,0,0,0,0,0,0,18194989,118073528,0,468,1204,7863,623,36390265,35,0,0,0,0,0,0,0,1,0,0,0,0,0,0,0,0,0,0,24253824,0,35526999,289290,0,0,0,0,0,0,0,0,16384,0,0,0,0,0,0,0,0,0,0,0,7207,473,0,0,0,0,0,55309582,0,157,0,3,470,7207,0,0,0,0,0,0,0,0,0,0,0,0,0,0,0,0,0,0,0,0,0,0,0,0,0,0,0,0,0,0,0,0,0,0,0,0,0,0,0,0,0,0,0,0,0,0,0,0,0,0,0,0,0,0,254810199,0,0,0,492552140,0,0,0,0,0,0,0,77493151,117642617,290935705,177251202560,72199166,1,1,0,0,0,0,0,0,0,0,0,0,0,0,0,0,0,0,0,0,0,0,0,0,0,0,0,0,0,0,0,715,0,0,0,0,0,0,0
1787688912.478,0,0,0,0,0,0,0,739153232,1923332950528,808712304128,0,0,0,0,0,0,0,0,0,0,0,0,0,0,0,0,0,0,0,0,0,0,0,0,0,0,0,0,0,0,0,0,0,0,0,0,0,0,0,0,0,0,0,0,0,0,0,0,0,0,0,0,0,0,0,0,0,0,0,0,7,1692431,117550209,35590301,0,0,0,0,0,0,0,0,0,0,0,0,0,0,0,0,0,0,0,0,0,0,0,0,0,0,0,0,0,0,0,0,0,0,0,0,0,12883312640,10665066496,786335,650944,35537741,0,0,97,786432,116675358,796294,280,3571789087,12884901888,0,698448927,0,0,0,0,0,0,0,0,0,0,0,0,0,0,0,0,0,0,18200208,118078748,0,468,1204,7863,623,36400702,35,0,0,0,0,0,0,0,1,0,0,0,0,0,0,0,0,0,0,24259825,0,35537215,289372,0,0,0,0,0,0,0,0,16384,0,0,0,0,0,0,0,0,0,0,0,7208,473,0,0,0,0,0,55325434,0,157,0,3,470,7208,0,0,0,0,0,0,0,0,0,0,0,0,0,0,0,0,0,0,0,0,0,0,0,0,0,0,0,0,0,0,0,0,0,0,0,0,0,0,0,0,0,0,0,0,0,0,0,0,0,0,0,0,0,0,254887432,0,0,0,492640285,0,0,0,0,0,0,0,77522270,117702966,291023193,177291415040,72226715,1,0,0,0,0,0,0,0,0,0,0,0,0,0,0,0,0,0,0,0,0,0,0,0,0,0,0,0,0,0,0,1140,0,0,0,0,0,0,0
1787688913.554,0,0,0,0,0,0,0,739331877,1924328933888,808926397440,0,0,0,0,0,0,0,0,0,0,0,0,0,0,0,0,0,0,0,0,0,0,0,0,0,0,0,0,0,0,0,0,0,0,0,0,0,0,0,0,0,0,0,0,0,0,0,0,0,0,0,0,0,0,0,0,0,0,0,0,7,1692455,117611138,35600523,0,0,0,0,0,0,0,0,0,0,0,0,0,0,0,0,0,0,0,0,0,0,0,0,0,0,0,0,0,0,0,0,0,0,0,0,0,12883329024,10678272000,786336,651750,35547963,0,0,96,786432,116736218,796294,280,3572676115,12884901888,0,698568778,0,0,0,0,0,0,0,0,0,0,0,0,0,0,0,0,0,0,18205399,118083939,0,468,1204,7863,623,36411081,35,0,0,0,0,0,0,0,1,0,0,0,0,0,0,0,0,0,0,24265807,0,35547437,289454,0,0,0,0,0,0,0,0,16384,0,0,0,0,0,0,0,0,0,0,0,7209,473,0,0,0,0,0,55341200,0,157,0,3,470,7209,0,0,0,0,0,0,0,0,0,0,0,0,0,0,0,0,0,0,0,0,0,0,0,0,0,0,0,0,0,0,0,0,0,0,0,0,0,0,0,0,0,0,0,0,0,0,0,0,0,0,0,0,0,0,254964448,0,0,0,492729139,0,0,0,0,0,0,0,77551563,117763774,291110461,177331642880,72254546,1,0,0,0,0,0,0,0,0,0,0,0,0,0,0,0,0,0,0,0,0,0,0,0,0,0,0,0,0,0,0,334,0,0,0,0,0,0,0
1787688914.632,0,0,0,0,0,0,0,739511504,1925324868096,809142318592,0,0,0,0,0,0,0,0,0,0,0,0,0,0,0,0,0,0,0,0,0,0,0,0,0,0,0,0,0,0,0,0,0,0,0,0,0,0,0,0,0,0,0,0,0,0,0,0,0,0,0,0,0,0,0,0,0,0,0,0,7,1692478,117672063,35610796,0,0,0,0,0,0,0,0,0,0,0,0,0,0,0,0,0,0,0,0,0,0,0,0,0,0,0,0,0,0,0,0,0,0,0,0,0,12883312640,10688774144,786334,652391,35558236,0,0,97,786432,116797066,796294,280,3573563164,12884901888,0,698686027,0,0,0,0,0,0,0,0,0,0,0,0,0,0,0,0,0,0,18210603,118089144,0,468,1204,7863,623,36421494,35,0,0,0,0,0,0,0,1,0,0,0,0,0,0,0,0,0,0,24271795,0,35557710,289536,0,0,0,0,0,0,0,0,16384,0,0,0,0,0,0,0,0,0,0,0,7210,473,0,0,0,0,0,55357015,0,157,0,3,470,7210,0,0,0,0,0,0,0,0,0,0,0,0,0,0,0,0,0,0,0,0,0,0,0,0,0,0,0,0,0,0,0,0,0,0,0,0,0,0,0,0,0,0,0,0,0,0,0,0,0,0,0,0,0,0,255043076,0,0,0,492817102,0,0,0,0,0,0,0,77581291,117824558,291199391,177372703232,72282704,0,0,0,0,0,0,0,0,0,0,0,0,0,0,0,0,0,0,0,0,0,0,0,0,0,0,0,0,0,0,0,744,0,0,0,0,0,0,0
1787688915.712,0,0,0,0,0,0,0,739691632,1926317689344,809355721728,0,0,0,0,0,0,0,0,0,0,0,0,0,0,0,0,0,0,0,0,0,0,0,0,0,0,0,0,0,0,0,0,0,0,0,0,0,0,0,0,0,0,0,0,0,0,0,0,0,0,0,0,0,0,0,0,0,0,0,0,7,1692525,117732776,35620965,0,0,0,0,0,0,0,0,0,0,0,0,0,0,0,0,0,0,0,0,0,0,0,0,0,0,0,0,0,0,0,0,0,0,0,0,0,12883329024,10702307328,786336,653217,35568405,0,0,96,786432,116857706,796294,280,3574452589,12884901888,0,698803398,0,0,0,0,0,0,0,0,0,0,0,0,0,0,0,0,0,0,18215833,118094373,0,468,1204,7863,623,36431956,35,0,0,0,0,0,0,0,1,0,0,0,0,0,0,0,0,0,0,24277814,0,35567879,289618,0,0,0,0,0,0,0,0,16384,0,0,0,0,0,0,0,0,0,0,0,7212,473,0,0,0,0,0,55372901,0,157,0,3,470,7212,0,0,0,0,0,0,0,0,0,0,0,0,0,0,0,0,0,0,0,0,0,0,0,0,0,0,0,0,0,0,0,0,0,0,0,0,0,0,0,0,0,0,0,0,0,0,0,0,0,0,0,0,0,0,255120329,0,0,0,492905432,0,0,0,0,0,0,0,77610401,117885143,291286839,177412897280,72310359,1,1,0,0,0,0,0,0,0,0,0,0,0,0,0,0,0,0,0,0,0,0,0,0,0,0,0,0,0,0,0,1157,0,0,0,0,0,0,0
1787688916.791,0,0,0,0,0,0,0,739870830,1927307364864,809568717312,0,0,0,0,0,0,0,0,0,0,0,0,0,0,0,0,0,0,0,0,0,0,0,0,0,0,0,0,0,0,0,0,0,0,0,0,0,0,0,0,0,0,0,0,0,0,0,0,0,0,0,0,0,0,0,0,0,0,0,0,7,1692580,117793320,35631104,0,0,0,0,0,0,0,0,0,0,0,0,0,0,0,0,0,0,0,0,0,0,0,0,0,0,0,0,0,0,0,0,0,0,0,0,0,12883329024,10716856320,786336,654105,35578544,0,0,96,786432,116918191,796294,280,3575340814,12884901888,0,698923277,0,0,0,0,0,0,0,0,0,0,0,0,0,0,0,0,0,0,18221028,118099569,0,468,1204,7863,623,36442343,35,0,0,0,0,0,0,0,1,0,0,0,0,0,0,0,0,0,0,24283801,0,35578018,289700,0,0,0,0,0,0,0,0,16384,0,0,0,0,0,0,0,0,0,0,0,7213,473,0,0,0,0,0,55388689,0,157,0,3,470,7213,0,0,0,0,0,0,0,0,0,0,0,0,0,0,0,0,0,0,0,0,0,0,0,0,0,0,0,0,0,0,0,0,0,0,0,0,0,0,0,0,0,0,0,0,0,0,0,0,0,0,0,0,0,0,255197260,0,0,0,492994504,0,0,0,0,0,0,0,77639362,117945555,291373944,177453207552,72337802,0,0,0,0,0,0,0,0,0,0,0,0,0,0,0,0,0,0,0,0,0,0,0,0,0,0,0,0,0,0,0,353,0,0,0,0,0,0,0
1787688917.864,0,0,0,0,0,0,0,740047929,1928282655232,809782838784,0,0,0,0,0,0,0,0,0,0,0,0,0,0,0,0,0,0,0,0,0,0,0,0,0,0,0,0,0,0,0,0,0,0,0,0,0,0,0,0,0,0,0,0,0,0,0,0,0,0,0,0,0,0,0,0,0,0,0,0,7,1692610,117852987,35641328,0,0,0,0,0,0,0,0,0,0,0,0,0,0,0,0,0,0,0,0,0,0,0,0,0,0,0,0,0,0,0,0,0,0,0,0,0,12883329024,10726146048,786336,654672,35588768,0,0,96,786432,116977788,796294,280,3576215272,12884901888,0,699039290,0,0,0,0,0,0,0,0,0,0,0,0,0,0,0,0,0,0,18226161,118104701,0,468,1204,7863,623,36452610,35,0,0,0,0,0,0,0,1,0,0,0,0,0,0,0,0,0,0,24289703,0,35588242,289782,0,0,0,0,0,0,0,0,16384,0,0,0,0,0,0,0,0,0,0,0,7214,473,0,0,0,0,0,55404283,0,157,0,3,470,7214,0,0,0,0,0,0,0,0,0,0,0,0,0,0,0,0,0,0,0,0,0,0,0,0,0,0,0,0,0,0,0,0,0,0,0,0,0,0,0,0,0,0,0,0,0,0,0,0,0,0,0,0,0,0,255273869,0,0,0,493081342,0,0,0,0,0,0,0,77667014,118005101,291460818,177493285888,72363980,1,0,0,0,0,0,0,0,0,0,0,0,0,0,0,0,0,0,0,0,0,0,0,0,0,0,0,0,0,0,0,690,0,0,0,0,0,0,0
1787688918.946,0,0,0,0,0,0,0,740221929,1929243691520,809995929088,0,0,0,0,0,0,0,0,0,0,0,0,0,0,0,0,0,0,0,0,0,0,0,0,0,0,0,0,0,0,0,0,0,0,0,0,0,0,0,0,0,0,0,0,0,0,0,0,0,0,0,0,0,0,0,0,0,0,0,0,7,1692695,117911781,35651540,0,0,0,0,0,0,0,0,0,0,0,0,0,0,0,0,0,0,0,0,0,0,0,0,0,0,0,0,0,0,0,0,0,0,0,0,0,12883329024,10734649344,786336,655191,35598980,0,0,96,786432,117036505,796294,280,3577074187,12884901888,0,699153501,0,0,0,0,0,0,0,0,0,0,0,0,0,0,0,0,0,0,18231202,118109743,0,468,1204,7863,623,36462692,35,0,0,0,0,0,0,0,1,0,0,0,0,0,0,0,0,0,0,24295509,0,35598454,289864,0,0,0,0,0,0,0,0,16384,0,0,0,0,0,0,0,0,0,0,0,7215,473,0,0,0,0,0,55419605,0,157,0,3,470,7215,0,0,0,0,0,0,0,0,0,0,0,0,0,0,0,0,0,0,0,0,0,0,0,0,0,0,0,0,0,0,0,0,0,0,0,0,0,0,0,0,0,0,0,0,0,0,0,0,0,0,0,0,0,0,255349059,0,0,0,493166716,0,0,0,0,0,0,0,77692919,118063768,291546273,177532590592,72388289,1,0,0,0,0,0,0,0,0,0,0,0,0,0,0,0,0,0,0,0,0,0,0,0,0,0,0,0,0,0,0,948,0,0,0,0,0,0,0
1787688920.025,0,0,0,0,0,0,0,740402027,1930239134208,810209672192,0,0,0,0,0,0,0,0,0,0,0,0,0,0,0,0,0,0,0,0,0,0,0,0,0,0,0,0,0,0,0,0,0,0,0,0,0,0,0,0,0,0,0,0,0,0,0,0,0,0,0,0,0,0,0,0,0,0,0,0,7,1692732,117972672,35661723,0,0,0,0,0,0,0,0,0,0,0,0,0,0,0,0,0,0,0,0,0,0,0,0,0,0,0,0,0,0,0,0,0,0,0,0,0,12883329024,10749820928,786336,656117,35609163,0,0,96,786432,117097323,796294,280,3577967029,12884901888,0,699273957,0,0,0,0,0,0,0,0,0,0,0,0,0,0,0,0,0,0,18236423,118114964,0,468,1204,7863,623,36473134,35,0,0,0,0,0,0,0,1,0,0,0,0,0,0,0,0,0,0,24301516,0,35608637,289946,0,0,0,0,0,0,0,0,16384,0,0,0,0,0,0,0,0,0,0,0,7216,473,0,0,0,0,0,55435482,0,157,0,3,470,7216,0,0,0,0,0,0,0,0,0,0,0,0,0,0,0,0,0,0,0,0,0,0,0,0,0,0,0,0,0,0,0,0,0,0,0,0,0,0,0,0,0,0,0,0,0,0,0,0,0,0,0,0,0,0,255425915,0,0,0,493256034,0,0,0,0,0,0,0,77722056,118124533,291633342,177572760576,72415955,0,0,0,0,0,0,0,0,0,0,0,0,0,0,0,0,0,0,0,0,0,0,0,0,0,0,0,0,0,0,0,256,0,0,0,0,0,0,0
1787688921.103,0,0,0,0,0,0,0,740581453,1931232201216,810422018560,0,0,0,0,0,0,0,0,0,0,0,0,0,0,0,0,0,0,0,0,0,0,0,0,0,0,0,0,0,0,0,0,0,0,0,0,0,0,0,0,0,0,0,0,0,0,0,0,0,0,0,0,0,0,0,0,0,0,0,0,7,1692824,118033394,35671828,0,0,0,0,0,0,0,0,0,0,0,0,0,0,0,0,0,0,0,0,0,0,0,0,0,0,0,0,0,0,0,0,0,0,0,0,0,12883312640,10763845632,786335,656973,35619268,0,0,97,786432,117157976,796294,280,3578853108,12884901888,0,699391241,0,0,0,0,0,0,0,0,0,0,0,0,0,0,0,0,0,0,18241627,118120167,0,468,1204,7863,623,36483542,35,0,0,0,0,0,0,0,1,0,0,0,0,0,0,0,0,0,0,24307497,0,35618742,290028,0,0,0,0,0,0,0,0,16384,0,0,0,0,0,0,0,0,0,0,0,7217,473,0,0,0,0,0,55451313,0,157,0,3,470,7217,0,0,0,0,0,0,0,0,0,0,0,0,0,0,0,0,0,0,0,0,0,0,0,0,0,0,0,0,0,0,0,0,0,0,0,0,0,0,0,0,0,0,0,0,0,0,0,0,0,0,0,0,0,0,255502398,0,0,0,493344048,0,0,0,0,0,0,0,77750951,118185148,291719960,177612833280,72443352,1,0,0,0,0,0,0,0,0,0,0,0,0,0,0,0,0,0,0,0,0,0,0,0,0,0,0,0,0,0,0,638,0,0,0,0,0,0,0
1787688922.177,0,0,0,0,0,0,0,740759062,1932220893696,810634547712,0,0,0,0,0,0,0,0,0,0,0,0,0,0,0,0,0,0,0,0,0,0,0,0,0,0,0,0,0,0,0,0,0,0,0,0,0,0,0,0,0,0,0,0,0,0,0,0,0,0,0,0,0,0,0,0,0,0,0,0,7,1692849,118093865,35681975,0,0,0,0,0,0,0,0,0,0,0,0,0,0,0,0,0,0,0,0,0,0,0,0,0,0,0,0,0,0,0,0,0,0,0,0,0,12883329024,10776346624,786336,657736,35629415,0,0,96,786432,117218362,796294,280,3579730931,12884901888,0,699506831,0,0,0,0,0,0,0,0,0,0,0,0,0,0,0,0,0,0,18246782,118125322,0,468,1204,7863,623,36493851,35,0,0,0,0,0,0,0,1,0,0,0,0,0,0,0,0,0,0,24313427,0,35628889,290110,0,0,0,0,0,0,0,0,16384,0,0,0,0,0,0,0,0,0,0,0,7218,473,0,0,0,0,0,55466995,0,157,0,3,470,7218,0,0,0,0,0,0,0,0,0,0,0,0,0,0,0,0,0,0,0,0,0,0,0,0,0,0,0,0,0,0,0,0,0,0,0,0,0,0,0,0,0,0,0,0,0,0,0,0,0,0,0,0,0,0,255578399,0,0,0,493431252,0,0,0,0,0,0,0,77779607,118245478,291806143,177652498432,72470432,0,0,0,0,0,0,0,0,0,0,0,0,0,0,0,0,0,0,0,0,0,0,0,0,0,0,0,0,0,0,0,984,0,0,0,0,0,0,0
1787688923.252,0,0,0,0,0,0,0,740933875,1933188368896,810895060480,0,0,0,0,0,0,0,0,0,0,0,0,0,0,0,0,0,0,0,0,0,0,0,0,0,0,0,0,0,0,0,0,0,0,0,0,0,0,0,0,0,0,0,0,0,0,0,0,0,0,0,0,0,0,0,0,0,0,0,0,7,1692936,118153039,35695035,0,0,0,0,0,0,0,0,0,0,0,0,0,0,0,0,0,0,0,0,0,0,0,0,0,0,0,0,0,0,0,0,0,0,0,0,0,12883312640,10738024448,786335,655397,35639526,0,0,97,786432,117277461,796294,280,3580593801,12884901888,0,699621372,0,0,0,0,0,0,0,0,0,0,0,0,0,0,0,0,0,0,18251848,118130389,0,468,1204,7863,623,36503984,35,0,0,0,0,0,0,0,1,0,0,0,0,0,0,0,0,0,0,24319266,0,35641949,290216,0,0,0,0,0,0,0,0,16384,0,0,0,0,0,0,0,0,0,0,0,7219,473,0,0,0,0,0,55482376,0,157,0,3,470,7219,0,0,0,0,0,0,0,0,0,0,0,0,0,0,0,0,0,0,0,0,0,0,0,0,0,0,0,0,0,0,0,0,0,0,0,0,0,0,0,0,0,0,0,0,0,0,0,0,0,0,0,0,0,0,255654211,0,0,0,493517208,0,0,0,0,0,0,0,77807871,118304514,291895088,177692079104,72496735,1,1,0,0,0,0,0,0,0,0,0,0,0,0,0,0,0,0,0,0,0,0,0,0,0,0,0,0,0,0,0,1069,0,0,0,0,0,0,0
1787688924.325,0,0,0,0,0,0,0,741107622,1934153746944,811175232512,0,0,0,0,0,0,0,0,0,0,0,0,0,0,0,0,0,0,0,0,0,0,0,0,0,0,0,0,0,0,0,0,0,0,0,0,0,0,0,0,0,0,0,0,0,0,0,0,0,0,0,0,0,0,0,0,0,0,0,0,7,1692952,118212063,35709149,0,0,0,0,0,0,0,0,0,0,0,0,0,0,0,0,0,0,0,0,0,0,0,0,0,0,0,0,0,0,0,0,0,0,0,0,0,12883329024,10681303040,786335,651935,35649721,0,0,97,786432,117336422,796294,280,3581455041,12884901888,0,699737388,0,0,0,0,0,0,0,0,0,0,0,0,0,0,0,0,0,0,18256892,118135432,0,468,1204,7863,623,36514068,35,0,0,0,0,0,0,0,1,0,0,0,0,0,0,0,0,0,0,24325071,0,35656055,290331,0,0,0,0,0,0,0,0,16384,0,0,0,0,0,0,0,0,0,0,0,7220,473,0,0,0,0,0,55497732,0,157,0,3,470,7220,0,0,0,0,0,0,0,0,0,0,0,0,0,0,0,0,0,0,0,0,0,0,0,0,0,0,0,0,0,0,0,0,0,0,0,0,0,0,0,0,0,0,0,0,0,0,0,0,0,0,0,0,0,0,255729016,0,0,0,493603569,0,0,0,0,0,0,0,77836170,118363412,291984280,177731123712,72522996,1,0,0,0,0,0,0,0,0,0,0,0,0,0,0,0,0,0,0,0,0,0,0,0,0,0,0,0,0,0,0,282,0,0,0,0,0,0,0
1787688925.398,0,0,0,0,0,0,0,741284496,1935130741248,811437547008,0,0,0,0,0,0,0,0,0,0,0,0,0,0,0,0,0,0,0,0,0,0,0,0,0,0,0,0,0,0,0,0,0,0,0,0,0,0,0,0,0,0,0,0,0,0,0,0,0,0,0,0,0,0,0,0,0,0,0,0,7,1692972,118271821,35722605,0,0,0,0,0,0,0,0,0,0,0,0,0,0,0,0,0,0,0,0,0,0,0,0,0,0,0,0,0,0,0,0,0,0,0,0,0,12883312640,10637967360,786335,649290,35670045,0,0,97,786432,117396107,796294,280,3582328577,12884901888,0,699852871,0,0,0,0,0,0,0,0,0,0,0,0,0,0,0,0,0,0,18262024,118140565,0,468,1204,7863,623,36524335,35,0,0,0,0,0,0,0,1,0,0,0,0,0,0,0,0,0,0,24330979,0,35669519,290438,0,0,0,0,0,0,0,0,16384,0,0,0,0,0,0,0,0,0,0,0,7221,473,0,0,0,0,0,55513354,0,157,0,3,470,7221,0,0,0,0,0,0,0,0,0,0,0,0,0,0,0,0,0,0,0,0,0,0,0,0,0,0,0,0,0,0,0,0,0,0,0,0,0,0,0,0,0,0,0,0,0,0,0,0,0,0,0,0,0,0,255804588,0,0,0,493690321,0,0,0,0,0,0,0,77865285,118423046,292073116,177770633728,72550058,0,0,0,0,0,0,0,0,0,0,0,0,0,0,0,0,0,0,0,0,0,0,0,0,0,0,0,0,0,0,0,607,0,0,0,0,0,0,0
1787688926.476,0,0,0,0,0,0,0,741465289,1936134752768,811651443200,0,0,0,0,0,0,0,0,0,0,0,0,0,0,0,0,0,0,0,0,0,0,0,0,0,0,0,0,0,0,0,0,0,0,0,0,0,0,0,0,0,0,0,0,0,0,0,0,0,0,0,0,0,0,0,0,0,0,0,0,7,1692998,118333250,35732739,0,0,0,0,0,0,0,0,0,0,0,0,0,0,0,0,0,0,0,0,0,0,0,0,0,0,0,0,0,0,0,0,0,0,0,0,0,12883329024,10652221440,786335,650160,35680179,0,0,97,786432,117457480,796294,280,3583220874,12884901888,0,699970769,0,0,0,0,0,0,0,0,0,0,0,0,0,0,0,0,0,0,18267260,118145801,0,468,1204,7863,623,36534809,35,0,0,0,0,0,0,0,1,0,0,0,0,0,0,0,0,0,0,24336999,0,35679653,290520,0,0,0,0,0,0,0,0,16384,0,0,0,0,0,0,0,0,0,0,0,7222,473,0,0,0,0,0,55529286,0,157,0,3,470,7222,0,0,0,0,0,0,0,0,0,0,0,0,0,0,0,0,0,0,0,0,0,0,0,0,0,0,0,0,0,0,0,0,0,0,0,0,0,0,0,0,0,0,0,0,0,0,0,0,0,0,0,0,0,0,255883188,0,0,0,493778939,0,0,0,0,0,0,0,77894941,118484348,292161896,177811669504,72578169,1,0,0,0,0,0,0,0,0,0,0,0,0,0,0,0,0,0,0,0,0,0,0,0,0,0,0,0,0,0,0,1024,0,0,0,0,0,0,0
1787688927.555,0,0,0,0,0,0,0,741645205,1937129703936,811864357376,0,0,0,0,0,0,0,0,0,0,0,0,0,0,0,0,0,0,0,0,0,0,0,0,0,0,0,0,0,0,0,0,0,0,0,0,0,0,0,0,0,0,0,0,0,0,0,0,0,0,0,0,0,0,0,0,0,0,0,0,7,1693027,118394092,35742844,0,0,0,0,0,0,0,0,0,0,0,0,0,0,0,0,0,0,0,0,0,0,0,0,0,0,0,0,0,0,0,0,0,0,0,0,0,12883329024,10667753472,786336,651108,35690284,0,0,96,786432,117518264,796294,280,3584112519,12884901888,0,700091030,0,0,0,0,0,0,0,0,0,0,0,0,0,0,0,0,0,0,18272483,118151023,0,468,1204,7863,623,36545255,35,0,0,0,0,0,0,0,1,0,0,0,0,0,0,0,0,0,0,24343010,0,35689758,290602,0,0,0,0,0,0,0,0,16384,0,0,0,0,0,0,0,0,0,0,0,7223,473,0,0,0,0,0,55545188,0,157,0,3,470,7223,0,0,0,0,0,0,0,0,0,0,0,0,0,0,0,0,0,0,0,0,0,0,0,0,0,0,0,0,0,0,0,0,0,0,0,0,0,0,0,0,0,0,0,0,0,0,0,0,0,0,0,0,0,0,255960929,0,0,0,493868273,0,0,0,0,0,0,0,77924211,118545072,292249787,177852217344,72605960,1,1,0,0,0,0,0,0,0,0,0,0,0,0,0,0,0,0,0,0,0,0,0,0,0,0,0,0,0,0,0,262,0,0,0,0,0,0,0
1787688928.629,0,0,0,0,0,0,0,741825979,1938123786752,812077572096,0,0,0,0,0,0,0,0,0,0,0,0,0,0,0,0,0,0,0,0,0,0,0,0,0,0,0,0,0,0,0,0,0,0,0,0,0,0,0,0,0,0,0,0,0,0,0,0,0,0,0,0,0,0,0,0,0,0,0,0,7,1693047,118454899,35752948,0,0,0,0,0,0,0,0,0,0,0,0,0,0,0,0,0,0,0,0,0,0,0,0,0,0,0,0,0,0,0,0,0,0,0,0,0,12883329024,10680221696,786335,651869,35700388,0,0,97,786432,117579003,796294,280,3585004980,12884901888,0,700209349,0,0,0,0,0,0,0,0,0,0,0,0,0,0,0,0,0,0,18277725,118156266,0,468,1204,7863,623,36555734,35,0,0,0,0,0,0,0,1,0,0,0,0,0,0,0,0,0,0,24349040,0,35699862,290684,0,0,0,0,0,0,0,0,16384,0,0,0,0,0,0,0,0,0,0,0,7224,473,0,0,0,0,0,55561110,0,157,0,3,470,7224,0,0,0,0,0,0,0,0,0,0,0,0,0,0,0,0,0,0,0,0,0,0,0,0,0,0,0,0,0,0,0,0,0,0,0,0,0,0,0,0,0,0,0,0,0,0,0,0,0,0,0,0,0,0,256039406,0,0,0,493956878,0,0,0,0,0,0,0,77954058,118605753,292338409,177893198336,72634262,0,0,0,0,0,0,0,0,0,0,0,0,0,0,0,0,0,0,0,0,0,0,0,0,0,0,0,0,0,0,0,686,0,0,0,0,0,0,0
1787688929.708,0,0,0,0,0,0,0,742005396,1939120867840,812291285504,0,0,0,0,0,0,0,0,0,0,0,0,0,0,0,0,0,0,0,0,0,0,0,0,0,0,0,0,0,0,0,0,0,0,0,0,0,0,0,0,0,0,0,0,0,0,0,0,0,0,0,0,0,0,0,0,0,0,0,0,7,1693081,118515894,35763120,0,0,0,0,0,0,0,0,0,0,0,0,0,0,0,0,0,0,0,0,0,0,0,0,0,0,0,0,0,0,0,0,0,0,0,0,0,12883329024,10695573504,786336,652806,35710560,0,0,96,786432,117639925,796294,280,3585891493,12884901888,0,700326867,0,0,0,0,0,0,0,0,0,0,0,0,0,0,0,0,0,0,18282924,118161465,0,468,1204,7863,623,36566136,35,0,0,0,0,0,0,0,1,0,0,0,0,0,0,0,0,0,0,24355026,0,35710034,290766,0,0,0,0,0,0,0,0,16384,0,0,0,0,0,0,0,0,0,0,0,7225,473,0,0,0,0,0,55576914,0,157,0,3,470,7225,0,0,0,0,0,0,0,0,0,0,0,0,0,0,0,0,0,0,0,0,0,0,0,0,0,0,0,0,0,0,0,0,0,0,0,0,0,0,0,0,0,0,0,0,0,0,0,0,0,0,0,0,0,0,256116126,0,0,0,494044815,0,0,0,0,0,0,0,77983424,118666639,292425345,177933477376,72662087,1,0,0,0,0,0,0,0,0,0,0,0,0,0,0,0,0,0,0,0,0,0,0,0,0,0,0,0,0,0,0,1093,0,0,0,0,0,0,0
1787688930.785,0,0,0,0,0,0,0,742185188,1940116310528,812505304576,0,0,0,0,0,0,0,0,0,0,0,0,0,0,0,0,0,0,0,0,0,0,0,0,0,0,0,0,0,0,0,0,0,0,0,0,0,0,0,0,0,0,0,0,0,0,0,0,0,0,0,0,0,0,0,0,0,0,0,0,7,1693097,118576779,35773320,0,0,0,0,0,0,0,0,0,0,0,0,0,0,0,0,0,0,0,0,0,0,0,0,0,0,0,0,0,0,0,0,0,0,0,0,0,12883329024,10709106688,786335,653632,35720760,0,0,97,786432,117700733,796294,280,3586782550,12884901888,0,700447117,0,0,0,0,0,0,0,0,0,0,0,0,0,0,0,0,0,0,18288140,118166682,0,468,1204,7863,623,36576565,35,0,0,0,0,0,0,0,1,0,0,0,0,0,0,0,0,0,0,24361035,0,35720234,290848,0,0,0,0,0,0,0,0,16384,0,0,0,0,0,0,0,0,0,0,0,7227,473,0,0,0,0,0,55592813,0,157,0,3,470,7227,0,0,0,0,0,0,0,0,0,0,0,0,0,0,0,0,0,0,0,0,0,0,0,0,0,0,0,0,0,0,0,0,0,0,0,0,0,0,0,0,0,0,0,0,0,0,0,0,0,0,0,0,0,0,256193194,0,0,0,494134141,0,0,0,0,0,0,0,78012518,118727395,292512651,177973614080,72689650,1,0,0,0,0,0,0,0,0,0,0,0,0,0,0,0,0,0,0,0,0,0,0,0,0,0,0,0,0,0,0,299,0,0,0,0,0,0,0
1787688931.864,0,0,0,0,0,0,0,742365882,1941114259968,812718867968,0,0,0,0,0,0,0,0,0,0,0,0,0,0,0,0,0,0,0,0,0,0,0,0,0,0,0,0,0,0,0,0,0,0,0,0,0,0,0,0,0,0,0,0,0,0,0,0,0,0,0,0,0,0,0,0,0,0,0,0,7,1693116,118637813,35783489,0,0,0,0,0,0,0,0,0,0,0,0,0,0,0,0,0,0,0,0,0,0,0,0,0,0,0,0,0,0,0,0,0,0,0,0,0,12883329024,10725523456,786336,654634,35730929,0,0,96,786432,117761704,796294,280,3587674569,12884901888,0,700564963,0,0,0,0,0,0,0,0,0,0,0,0,0,0,0,0,0,0,18293375,118171914,0,468,1204,7863,623,36587039,35,0,0,0,0,0,0,0,1,0,0,0,0,0,0,0,0,0,0,24367057,0,35730403,290930,0,0,0,0,0,0,0,0,16384,0,0,0,0,0,0,0,0,0,0,0,7228,473,0,0,0,0,0,55608727,0,157,0,3,470,7228,0,0,0,0,0,0,0,0,0,0,0,0,0,0,0,0,0,0,0,0,0,0,0,0,0,0,0,0,0,0,0,0,0,0,0,0,0,0,0,0,0,0,0,0,0,0,0,0,0,0,0,0,0,0,256270060,0,0,0,494222676,0,0,0,0,0,0,0,78041692,118788297,292599719,178013837312,72717306,1,0,0,0,0,0,0,0,0,0,0,0,0,0,0,0,0,0,0,0,0,0,0,0,0,0,0,0,0,0,0,708,0,0,0,0,0,0,0
1787688932.943,0,0,0,0,0,0,0,742544988,1942107228672,812931913728,0,0,0,0,0,0,0,0,0,0,0,0,0,0,0,0,0,0,0,0,0,0,0,0,0,0,0,0,0,0,0,0,0,0,0,0,0,0,0,0,0,0,0,0,0,0,0,0,0,0,0,0,0,0,0,0,0,0,0,0,7,1693137,118698562,35793651,0,0,0,0,0,0,0,0,0,0,0,0,0,0,0,0,0,0,0,0,0,0,0,0,0,0,0,0,0,0,0,0,0,0,0,0,0,12883329024,10737876992,786336,655388,35741091,0,0,96,786432,117822403,796294,280,3588558863,12884901888,0,700681629,0,0,0,0,0,0,0,0,0,0,0,0,0,0,0,0,0,0,18298572,118177113,0,468,1204,7863,623,36597431,35,0,0,0,0,0,0,0,1,0,0,0,0,0,0,0,0,0,0,24373036,0,35740565,291012,0,0,0,0,0,0,0,0,16384,0,0,0,0,0,0,0,0,0,0,0,7229,473,0,0,0,0,0,55624515,0,157,0,3,470,7229,0,0,0,0,0,0,0,0,0,0,0,0,0,0,0,0,0,0,0,0,0,0,0,0,0,0,0,0,0,0,0,0,0,0,0,0,0,0,0,0,0,0,0,0,0,0,0,0,0,0,0,0,0,0,256346494,0,0,0,494310560,0,0,0,0,0,0,0,78070548,118848896,292686342,178053751808,72744625,1,1,0,0,0,0,0,0,0,0,0,0,0,0,0,0,0,0,0,0,0,0,0,0,0,0,0,0,0,0,0,1091,0,0,0,0,0,0,0
1787688934.018,0,0,0,0,0,0,0,742724744,1943107897856,813146660352,0,0,0,0,0,0,0,0,0,0,0,0,0,0,0,0,0,0,0,0,0,0,0,0,0,0,0,0,0,0,0,0,0,0,0,0,0,0,0,0,0,0,0,0,0,0,0,0,0,0,0,0,0,0,0,0,0,0,0,0,7,1693192,118759776,35803850,0,0,0,0,0,0,0,0,0,0,0,0,0,0,0,0,0,0,0,0,0,0,0,0,0,0,0,0,0,0,0,0,0,0,0,0,0,12883329024,10751295488,786336,656207,35751290,0,0,97,786432,117883549,796294,280,3589450816,12884901888,0,700802227,0,0,0,0,0,0,0,0,0,0,0,0,0,0,0,0,0,0,18303792,118182331,0,468,1204,7863,623,36607873,35,0,0,0,0,0,0,0,1,0,0,0,0,0,0,0,0,0,0,24379046,0,35750764,291094,0,0,0,0,0,0,0,0,16384,0,0,0,0,0,0,0,0,0,0,0,7230,473,0,0,0,0,0,55640390,0,157,0,3,470,7230,0,0,0,0,0,0,0,0,0,0,0,0,0,0,0,0,0,0,0,0,0,0,0,0,0,0,0,0,0,0,0,0,0,0,0,0,0,0,0,0,0,0,0,0,0,0,0,0,0,0,0,0,0,0,256425112,0,0,0,494399907,0,0,0,0,0,0,0,78099747,118909988,292775202,178094801920,72772297,1,0,0,0,0,0,0,0,0,0,0,0,0,0,0,0,0,0,0,0,0,0,0,0,0,0,0,0,0,0,0,279,0,0,0,0,0,0,0
1787688935.094,0,0,0,0,0,0,0,742905731,1944104176128,813360627200,0,0,0,0,0,0,0,0,0,0,0,0,0,0,0,0,0,0,0,0,0,0,0,0,0,0,0,0,0,0,0,0,0,0,0,0,0,0,0,0,0,0,0,0,0,0,0,0,0,0,0,0,0,0,0,0,0,0,0,0,7,1693253,118820697,35814028,0,0,0,0,0,0,0,0,0,0,0,0,0,0,0,0,0,0,0,0,0,0,0,0,0,0,0,0,0,0,0,0,0,0,0,0,0,12883312640,10765778944,786334,657091,35761468,0,0,97,786432,117944396,796294,280,3590344127,12884901888,0,700920871,0,0,0,0,0,0,0,0,0,0,0,0,0,0,0,0,0,0,18309027,118187569,0,468,1204,7863,623,36618345,35,0,0,0,0,0,0,0,1,0,0,0,0,0,0,0,0,0,0,24385075,0,35760942,291176,0,0,0,0,0,0,0,0,16384,0,0,0,0,0,0,0,0,0,0,0,7231,473,0,0,0,0,0,55656323,0,157,0,3,470,7231,0,0,0,0,0,0,0,0,0,0,0,0,0,0,0,0,0,0,0,0,0,0,0,0,0,0,0,0,0,0,0,0,0,0,0,0,0,0,0,0,0,0,0,0,0,0,0,0,0,0,0,0,0,0,256502537,0,0,0,494488518,0,0,0,0,0,0,0,78128247,118970787,292862824,178135375872,72799303,1,0,0,0,0,0,0,0,0,0,0,0,0,0,0,0,0,0,0,0,0,0,0,0,0,0,0,0,0,0,0,694,0,0,0,0,0,0,0
1787688936.173,0,0,0,0,0,0,0,743084717,1945088526848,813574446592,0,0,0,0,0,0,0,0,0,0,0,0,0,0,0,0,0,0,0,0,0,0,0,0,0,0,0,0,0,0,0,0,0,0,0,0,0,0,0,0,0,0,0,0,0,0,0,0,0,0,0,0,0,0,0,0,0,0,0,0,7,1693288,118880927,35824160,0,0,0,0,0,0,0,0,0,0,0,0,0,0,0,0,0,0,0,0,0,0,0,0,0,0,0,0,0,0,0,0,0,0,0,0,0,12883312640,10778001408,786335,657837,35771600,0,0,96,786432,118004566,796294,280,3591227465,12884901888,0,701038145,0,0,0,0,0,0,0,0,0,0,0,0,0,0,0,0,0,0,18314215,118192755,0,468,1204,7863,623,36628719,35,0,0,0,0,0,0,0,1,0,0,0,0,0,0,0,0,0,0,24391044,0,35771074,291258,0,0,0,0,0,0,0,0,16384,0,0,0,0,0,0,0,0,0,0,0,7232,473,0,0,0,0,0,55672101,0,157,0,3,470,7232,0,0,0,0,0,0,0,0,0,0,0,0,0,0,0,0,0,0,0,0,0,0,0,0,0,0,0,0,0,0,0,0,0,0,0,0,0,0,0,0,0,0,0,0,0,0,0,0,0,0,0,0,0,0,256581338,0,0,0,494576200,0,0,0,0,0,0,0,78158238,119030891,292951788,178176641024,72827822,1,0,0,0,0,0,0,0,0,0,0,0,0,0,0,0,0,0,0,0,0,0,0,0,0,0,0,0,0,0,0,1082,0,0,0,0,0,0,0
1787688937.246,0,0,0,0,0,0,0,743260516,1946059131392,813835570176,0,0,0,0,0,0,0,0,0,0,0,0,0,0,0,0,0,0,0,0,0,0,0,0,0,0,0,0,0,0,0,0,0,0,0,0,0,0,0,0,0,0,0,0,0,0,0,0,0,0,0,0,0,0,0,0,0,0,0,0,7,1693367,118940285,35837213,0,0,0,0,0,0,0,0,0,0,0,0,0,0,0,0,0,0,0,0,0,0,0,0,0,0,0,0,0,0,0,0,0,0,0,0,0,12883329024,10740416512,786336,655543,35781786,0,0,96,786432,118063850,796294,280,3592098970,12884901888,0,701155916,0,0,0,0,0,0,0,0,0,0,0,0,0,0,0,0,0,0,18319321,118197861,0,468,1204,7863,623,36638930,35,0,0,0,0,0,0,0,1,0,0,0,0,0,0,0,0,0,0,24396927,0,35784040,291364,0,0,0,0,0,0,0,0,16384,0,0,0,0,0,0,0,0,0,0,0,7233,473,0,0,0,0,0,55687598,0,157,0,3,470,7233,0,0,0,0,0,0,0,0,0,0,0,0,0,0,0,0,0,0,0,0,0,0,0,0,0,0,0,0,0,0,0,0,0,0,0,0,0,0,0,0,0,0,0,0,0,0,0,0,0,0,0,0,0,0,256658209,0,0,0,494663752,0,0,0,0,0,0,0,78187149,119090121,293041819,178216681472,72854756,1,0,0,0,0,0,0,0,0,0,0,0,0,0,0,0,0,0,0,0,0,0,0,0,0,0,0,0,0,0,0,183,0,0,0,0,0,0,0
1787688938.323,0,0,0,0,0,0,0,743435526,1947028883968,814119068160,0,0,0,0,0,0,0,0,0,0,0,0,0,0,0,0,0,0,0,0,0,0,0,0,0,0,0,0,0,0,0,0,0,0,0,0,0,0,0,0,0,0,0,0,0,0,0,0,0,0,0,0,0,0,0,0,0,0,0,0,7,1693395,118999600,35851514,0,0,0,0,0,0,0,0,0,0,0,0,0,0,0,0,0,0,0,0,0,0,0,0,0,0,0,0,0,0,0,0,0,0,0,0,0,12883312640,10681597952,786335,651953,35791964,0,0,96,786432,118123101,796294,280,3592963840,12884901888,0,701270913,0,0,0,0,0,0,0,0,0,0,0,0,0,0,0,0,0,0,18324386,118202928,0,468,1204,7863,623,36649063,35,0,0,0,0,0,0,0,1,0,0,0,0,0,0,0,0,0,0,24402756,0,35798428,291480,0,0,0,0,0,0,0,0,16384,0,0,0,0,0,0,0,0,0,0,0,7234,473,0,0,0,0,0,55703017,0,157,0,3,470,7234,0,0,0,0,0,0,0,0,0,0,0,0,0,0,0,0,0,0,0,0,0,0,0,0,0,0,0,0,0,0,0,0,0,0,0,0,0,0,0,0,0,0,0,0,0,0,0,0,0,0,0,0,0,0,256734448,0,0,0,494749586,0,0,0,0,0,0,0,78215623,119149303,293132590,178256349184,72881075,1,1,0,0,0,0,0,0,0,0,0,0,0,0,0,0,0,0,0,0,0,0,0,0,0,0,0,0,0,0,0,439,0,0,0,0,0,0,0
1787688939.401,0,0,0,0,0,0,0,743612178,1948008024576,814380350976,0,0,0,0,0,0,0,0,0,0,0,0,0,0,0,0,0,0,0,0,0,0,0,0,0,0,0,0,0,0,0,0,0,0,0,0,0,0,0,0,0,0,0,0,0,0,0,0,0,0,0,0,0,0,0,0,0,0,0,0,7,1693542,119059488,35864912,0,0,0,0,0,0,0,0,0,0,0,0,0,0,0,0,0,0,0,0,0,0,0,0,0,0,0,0,0,0,0,0,0,0,0,0,0,12883329024,10640883712,786336,649468,35812352,0,0,96,786432,118182915,796294,280,3593836295,12884901888,0,701386599,0,0,0,0,0,0,0,0,0,0,0,0,0,0,0,0,0,0,18329506,118208047,0,468,1204,7863,623,36659303,35,0,0,0,0,0,0,0,1,0,0,0,0,0,0,0,0,0,0,24408645,0,35811826,291586,0,0,0,0,0,0,0,0,16384,0,0,0,0,0,0,0,0,0,0,0,7235,473,0,0,0,0,0,55718578,0,157,0,3,470,7235,0,0,0,0,0,0,0,0,0,0,0,0,0,0,0,0,0,0,0,0,0,0,0,0,0,0,0,0,0,0,0,0,0,0,0,0,0,0,0,0,0,0,0,0,0,0,0,0,0,0,0,0,0,0,256810010,0,0,0,494836174,0,0,0,0,0,0,0,78244504,119209064,293221348,178295813120,72907922,1,1,0,0,0,0,0,0,0,0,0,0,0,0,0,0,0,0,0,0,0,0,0,0,0,0,0,0,0,0,0,747,0,0,0,0,0,0,0
1787688940.482,0,0,0,0,0,0,0,743791887,1949005629952,814593842176,0,0,0,0,0,0,0,0,0,0,0,0,0,0,0,0,0,0,0,0,0,0,0,0,0,0,0,0,0,0,0,0,0,0,0,0,0,0,0,0,0,0,0,0,0,0,0,0,0,0,0,0,0,0,0,0,0,0,0,0,7,1693588,119120494,35875078,0,0,0,0,0,0,0,0,0,0,0,0,0,0,0,0,0,0,0,0,0,0,0,0,0,0,0,0,0,0,0,0,0,0,0,0,0,12883329024,10656415744,786336,650416,35822518,0,0,96,786432,118243856,796294,280,3594724035,12884901888,0,701503880,0,0,0,0,0,0,0,0,0,0,0,0,0,0,0,0,0,0,18334717,118213259,0,468,1204,7863,623,36669725,35,0,0,0,0,0,0,0,1,0,0,0,0,0,0,0,0,0,0,24414650,0,35821992,291668,0,0,0,0,0,0,0,0,16384,0,0,0,0,0,0,0,0,0,0,0,7236,473,0,0,0,0,0,55734436,0,157,0,3,470,7236,0,0,0,0,0,0,0,0,0,0,0,0,0,0,0,0,0,0,0,0,0,0,0,0,0,0,0,0,0,0,0,0,0,0,0,0,0,0,0,0,0,0,0,0,0,0,0,0,0,0,0,0,0,0,256887548,0,0,0,494924310,0,0,0,0,0,0,0,78274074,119269955,293309090,178336134144,72935965,1,0,0,0,0,0,0,0,0,0,0,0,0,0,0,0,0,0,0,0,0,0,0,0,0,0,0,0,0,0,0,1158,0,0,0,0,0,0,0
1787688941.562,0,0,0,0,0,0,0,743971809,1950003186176,814807228928,0,0,0,0,0,0,0,0,0,0,0,0,0,0,0,0,0,0,0,0,0,0,0,0,0,0,0,0,0,0,0,0,0,0,0,0,0,0,0,0,0,0,0,0,0,0,0,0,0,0,0,0,0,0,0,0,0,0,0,0,7,1693649,119181511,35885221,0,0,0,0,0,0,0,0,0,0,0,0,0,0,0,0,0,0,0,0,0,0,0,0,0,0,0,0,0,0,0,0,0,0,0,0,0,12883312640,10670407680,786335,651270,35832661,0,0,96,786432,118304790,796294,280,3595615953,12884901888,0,701623981,0,0,0,0,0,0,0,0,0,0,0,0,0,0,0,0,0,0,18339940,118218483,0,468,1204,7863,623,36680168,35,0,0,0,0,0,0,0,1,0,0,0,0,0,0,0,0,0,0,24420664,0,35832135,291750,0,0,0,0,0,0,0,0,16384,0,0,0,0,0,0,0,0,0,0,0,7237,473,0,0,0,0,0,55750308,0,157,0,3,470,7237,0,0,0,0,0,0,0,0,0,0,0,0,0,0,0,0,0,0,0,0,0,0,0,0,0,0,0,0,0,0,0,0,0,0,0,0,0,0,0,0,0,0,0,0,0,0,0,0,0,0,0,0,0,0,256965124,0,0,0,495013737,0,0,0,0,0,0,0,78303519,119330850,293396847,178376615936,72963866,1,0,0,0,0,0,0,0,0,0,0,0,0,0,0,0,0,0,0,0,0,0,0,0,0,0,0,0,0,0,0,383,0,0,0,0,0,0,0
1787688942.638,0,0,0,0,0,0,0,744153381,1951001905664,815020615168,0,0,0,0,0,0,0,0,0,0,0,0,0,0,0,0,0,0,0,0,0,0,0,0,0,0,0,0,0,0,0,0,0,0,0,0,0,0,0,0,0,0,0,0,0,0,0,0,0,0,0,0,0,0,0,0,0,0,0,0,7,1693671,119242611,35895334,0,0,0,0,0,0,0,0,0,0,0,0,0,0,0,0,0,0,0,0,0,0,0,0,0,0,0,0,0,0,0,0,0,0,0,0,0,12883329024,10687315968,786336,652302,35842774,0,0,96,786432,118365815,796294,280,3596511971,12884901888,0,701742531,0,0,0,0,0,0,0,0,0,0,0,0,0,0,0,0,0,0,18345201,118223744,0,468,1204,7863,623,36690692,35,0,0,0,0,0,0,0,1,0,0,0,0,0,0,0,0,0,0,24426710,0,35842248,291832,0,0,0,0,0,0,0,0,16384,0,0,0,0,0,0,0,0,0,0,0,7238,473,0,0,0,0,0,55766297,0,157,0,3,470,7238,0,0,0,0,0,0,0,0,0,0,0,0,0,0,0,0,0,0,0,0,0,0,0,0,0,0,0,0,0,0,0,0,0,0,0,0,0,0,0,0,0,0,0,0,0,0,0,0,0,0,0,0,0,0,257043299,0,0,0,495102712,0,0,0,0,0,0,0,78332805,119391818,293485176,178417474048,72991692,0,0,0,0,0,0,0,0,0,0,0,0,0,0,0,0,0,0,0,0,0,0,0,0,0,0,0,0,0,0,0,791,0,0,0,0,0,0,0
1787688943.715,0,0,0,0,0,0,0,744332646,1951995857408,815233349120,0,0,0,0,0,0,0,0,0,0,0,0,0,0,0,0,0,0,0,0,0,0,0,0,0,0,0,0,0,0,0,0,0,0,0,0,0,0,0,0,0,0,0,0,0,0,0,0,0,0,0,0,0,0,0,0,0,0,0,0,7,1693696,119303409,35905447,0,0,0,0,0,0,0,0,0,0,0,0,0,0,0,0,0,0,0,0,0,0,0,0,0,0,0,0,0,0,0,0,0,0,0,0,0,12883296256,10701389824,786334,653160,35852887,1,0,96,786432,118426524,796294,280,3597396148,12884901888,0,701859320,0,0,0,0,0,0,0,0,0,0,0,0,0,0,0,0,0,0,18350397,118228940,0,468,1204,7863,623,36701083,35,0,0,0,0,0,0,0,1,0,0,0,0,0,0,0,0,0,0,24432685,0,35852361,291914,0,0,0,0,0,0,0,0,16384,0,0,0,0,0,0,0,0,0,0,0,7240,473,0,0,0,0,0,55782107,0,157,0,3,470,7240,0,0,0,0,0,0,0,0,0,0,0,0,0,0,0,0,0,0,0,0,0,0,0,0,0,0,0,0,0,0,0,0,0,0,0,0,0,0,0,0,0,0,0,0,0,0,0,0,0,0,0,0,0,0,257120418,0,0,0,495190574,0,0,0,0,0,0,0,78361911,119452482,293572427,178457793024,73019318,1,0,0,0,0,0,0,0,0,0,0,0,0,0,0,0,0,0,0,0,0,0,0,0,0,0,0,0,0,0,0,1185,0,0,0,0,0,0,0
1787688944.791,0,0,0,0,0,0,0,744509749,1952977832448,815446951936,0,0,0,0,0,0,0,0,0,0,0,0,0,0,0,0,0,0,0,0,0,0,0,0,0,0,0,0,0,0,0,0,0,0,0,0,0,0,0,0,0,0,0,0,0,0,0,0,0,0,0,0,0,0,0,0,0,0,0,0,7,1693719,119363486,35915603,0,0,0,0,0,0,0,0,0,0,0,0,0,0,0,0,0,0,0,0,0,0,0,0,0,0,0,0,0,0,0,0,0,0,0,0,0,12883329024,10712285184,786336,653826,35863043,0,0,96,786432,118486540,796294,280,3598275008,12884901888,0,701978356,0,0,0,0,0,0,0,0,0,0,0,0,0,0,0,0,0,0,18355541,118234083,0,468,1204,7863,623,36711371,35,0,0,0,0,0,0,0,1,0,0,0,0,0,0,0,0,0,0,24438616,0,35862517,291996,0,0,0,0,0,0,0,0,16384,0,0,0,0,0,0,0,0,0,0,0,7241,473,0,0,0,0,0,55797750,0,157,0,3,470,7241,0,0,0,0,0,0,0,0,0,0,0,0,0,0,0,0,0,0,0,0,0,0,0,0,0,0,0,0,0,0,0,0,0,0,0,0,0,0,0,0,0,0,0,0,0,0,0,0,0,0,0,0,0,0,257198073,0,0,0,495278710,0,0,0,0,0,0,0,78389819,119512446,293660282,178498333184,73045739,1,0,0,0,0,0,0,0,0,0,0,0,0,0,0,0,0,0,0,0,0,0,0,0,0,0,0,0,0,0,0,307,0,0,0,0,0,0,0
1787688945.866,0,0,0,0,0,0,0,744683180,1953937361408,815657808384,0,0,0,0,0,0,0,0,0,0,0,0,0,0,0,0,0,0,0,0,0,0,0,0,0,0,0,0,0,0,0,0,0,0,0,0,0,0,0,0,0,0,0,0,0,0,0,0,0,0,0,0,0,0,0,0,0,0,0,0,7,1693745,119422160,35925709,0,0,0,0,0,0,0,0,0,0,0,0,0,0,0,0,0,0,0,0,0,0,0,0,0,0,0,0,0,0,0,0,0,0,0,0,0,12883329024,10720034816,786336,654299,35873149,0,0,96,786432,118545125,796294,280,3599131212,12884901888,0,702091871,0,0,0,0,0,0,0,0,0,0,0,0,0,0,0,0,0,0,18360562,118239105,0,468,1204,7863,623,36721414,35,0,0,0,0,0,0,0,1,0,0,0,0,0,0,0,0,0,0,24444393,0,35872623,292078,0,0,0,0,0,0,0,0,16384,0,0,0,0,0,0,0,0,0,0,0,7242,473,0,0,0,0,0,55813017,0,157,0,3,470,7242,0,0,0,0,0,0,0,0,0,0,0,0,0,0,0,0,0,0,0,0,0,0,0,0,0,0,0,0,0,0,0,0,0,0,0,0,0,0,0,0,0,0,0,0,0,0,0,0,0,0,0,0,0,0,257272535,0,0,0,495363868,0,0,0,0,0,0,0,78416659,119570994,293744904,178537192960,73071028,1,0,0,0,0,0,0,0,0,0,0,0,0,0,0,0,0,0,0,0,0,0,0,0,0,0,0,0,0,0,0,522,0,0,0,0,0,0,0
1787688946.941,0,0,0,0,0,0,0,744858373,1954906900992,815870763520,0,0,0,0,0,0,0,0,0,0,0,0,0,0,0,0,0,0,0,0,0,0,0,0,0,0,0,0,0,0,0,0,0,0,0,0,0,0,0,0,0,0,0,0,0,0,0,0,0,0,0,0,0,0,0,0,0,0,0,0,7,1693837,119481458,35935865,0,0,0,0,0,0,0,0,0,0,0,0,0,0,0,0,0,0,0,0,0,0,0,0,0,0,0,0,0,0,0,0,0,0,0,0,0,12883329024,10730897408,786336,654962,35883305,0,0,96,786432,118604359,796294,280,3599996384,12884901888,0,702206607,0,0,0,0,0,0,0,0,0,0,0,0,0,0,0,0,0,0,18365641,118244183,0,468,1204,7863,623,36731570,35,0,0,0,0,0,0,0,1,0,0,0,0,0,0,0,0,0,0,24450238,0,35882779,292160,0,0,0,0,0,0,0,0,16384,0,0,0,0,0,0,0,0,0,0,0,7243,473,0,0,0,0,0,55828441,0,157,0,3,470,7243,0,0,0,0,0,0,0,0,0,0,0,0,0,0,0,0,0,0,0,0,0,0,0,0,0,0,0,0,0,0,0,0,0,0,0,0,0,0,0,0,0,0,0,0,0,0,0,0,0,0,0,0,0,0,257349092,0,0,0,495449826,0,0,0,0,0,0,0,78444613,119630162,293831653,178577203712,73097437,0,0,0,0,0,0,0,0,0,0,0,0,0,0,0,0,0,0,0,0,0,0,0,0,0,0,0,0,0,0,0,788,0,0,0,0,0,0,0
1787688948.021,0,0,0,0,0,0,0,745038274,1955899656704,816085888512,0,0,0,0,0,0,0,0,0,0,0,0,0,0,0,0,0,0,0,0,0,0,0,0,0,0,0,0,0,0,0,0,0,0,0,0,0,0,0,0,0,0,0,0,0,0,0,0,0,0,0,0,0,0,0,0,0,0,0,0,7,1693851,119542170,35946074,0,0,0,0,0,0,0,0,0,0,0,0,0,0,0,0,0,0,0,0,0,0,0,0,0,0,0,0,0,0,0,0,0,0,0,0,0,12883329024,10742431744,786336,655666,35893514,0,0,96,786432,118665009,796294,280,3600884366,12884901888,0,702323880,0,0,0,0,0,0,0,0,0,0,0,0,0,0,0,0,0,0,18370860,118249401,0,468,1204,7863,623,36742009,35,0,0,0,0,0,0,0,1,0,0,0,0,0,0,0,0,0,0,24456246,0,35892988,292242,0,0,0,0,0,0,0,0,16384,0,0,0,0,0,0,0,0,0,0,0,7244,473,0,0,0,0,0,55844306,0,157,0,3,470,7244,0,0,0,0,0,0,0,0,0,0,0,0,0,0,0,0,0,0,0,0,0,0,0,0,0,0,0,0,0,0,0,0,0,0,0,0,0,0,0,0,0,0,0,0,0,0,0,0,0,0,0,0,0,0,257428373,0,0,0,495538093,0,0,0,0,0,0,0,78475116,119690740,293921179,178618467840,73126437,1,1,0,0,0,0,0,0,0,0,0,0,0,0,0,0,0,0,0,0,0,0,0,0,0,0,0,0,0,0,0,1189,0,0,0,0,0,0,0
1787688949.099,0,0,0,0,0,0,0,745217584,1956889823744,816299788288,0,0,0,0,0,0,0,0,0,0,0,0,0,0,0,0,0,0,0,0,0,0,0,0,0,0,0,0,0,0,0,0,0,0,0,0,0,0,0,0,0,0,0,0,0,0,0,0,0,0,0,0,0,0,0,0,0,0,0,0,7,1693937,119602747,35956211,0,0,0,0,0,0,0,0,0,0,0,0,0,0,0,0,0,0,0,0,0,0,0,0,0,0,0,0,0,0,0,0,0,0,0,0,0,12883329024,10756849664,786335,656546,35903651,0,0,97,786432,118725509,796294,280,3601772941,12884901888,0,702443485,0,0,0,0,0,0,0,0,0,0,0,0,0,0,0,0,0,0,18376056,118254599,0,468,1204,7863,623,36752407,35,0,0,0,0,0,0,0,1,0,0,0,0,0,0,0,0,0,0,24462237,0,35903125,292324,0,0,0,0,0,0,0,0,16384,0,0,0,0,0,0,0,0,0,0,0,7245,473,0,0,0,0,0,55860105,0,157,0,3,470,7245,0,0,0,0,0,0,0,0,0,0,0,0,0,0,0,0,0,0,0,0,0,0,0,0,0,0,0,0,0,0,0,0,0,0,0,0,0,0,0,0,0,0,0,0,0,0,0,0,0,0,0,0,0,0,257507166,0,0,0,495627213,0,0,0,0,0,0,0,78504267,119751185,294010140,178659553280,73154126,1,1,0,0,0,0,0,0,0,0,0,0,0,0,0,0,0,0,0,0,0,0,0,0,0,0,0,0,0,0,0,378,0,0,0,0,0,0,0
1787688950.176,0,0,0,0,0,0,0,745397730,1957887740416,816513254912,0,0,0,0,0,0,0,0,0,0,0,0,0,0,0,0,0,0,0,0,0,0,0,0,0,0,0,0,0,0,0,0,0,0,0,0,0,0,0,0,0,0,0,0,0,0,0,0,0,0,0,0,0,0,0,0,0,0,0,0,7,1693950,119663782,35966374,0,0,0,0,0,0,0,0,0,0,0,0,0,0,0,0,0,0,0,0,0,0,0,0,0,0,0,0,0,0,0,0,0,0,0,0,0,12883312640,10769743872,786336,657333,35913814,0,0,96,786432,118786475,796294,280,3602662136,12884901888,0,702560717,0,0,0,0,0,0,0,0,0,0,0,0,0,0,0,0,0,0,18381287,118259829,0,468,1204,7863,623,36762865,35,0,0,0,0,0,0,0,1,0,0,0,0,0,0,0,0,0,0,24468251,0,35913288,292406,0,0,0,0,0,0,0,0,16384,0,0,0,0,0,0,0,0,0,0,0,7246,473,0,0,0,0,0,55876013,0,157,0,3,470,7246,0,0,0,0,0,0,0,0,0,0,0,0,0,0,0,0,0,0,0,0,0,0,0,0,0,0,0,0,0,0,0,0,0,0,0,0,0,0,0,0,0,0,0,0,0,0,0,0,0,0,0,0,0,0,257584516,0,0,0,495715566,0,0,0,0,0,0,0,78533741,119812123,294097696,178699842048,73182105,1,0,0,0,0,0,0,0,0,0,0,0,0,0,0,0,0,0,0,0,0,0,0,0,0,0,0,0,0,0,0,794,0,0,0,0,0,0,0
1787688951.252,0,0,0,0,0,0,0,745574196,1958859065856,816777353216,0,0,0,0,0,0,0,0,0,0,0,0,0,0,0,0,0,0,0,0,0,0,0,0,0,0,0,0,0,0,0,0,0,0,0,0,0,0,0,0,0,0,0,0,0,0,0,0,0,0,0,0,0,0,0,0,0,0,0,0,7,1693972,119723177,35979676,0,0,0,0,0,0,0,0,0,0,0,0,0,0,0,0,0,0,0,0,0,0,0,0,0,0,0,0,0,0,0,0,0,0,0,0,0,12883329024,10730799104,786336,654956,35923901,0,0,96,786432,118845806,796294,280,3603533089,12884901888,0,702676583,0,0,0,0,0,0,0,0,0,0,0,0,0,0,0,0,0,0,18386396,118264939,0,468,1204,7863,623,36773081,35,0,0,0,0,0,0,0,1,0,0,0,0,0,0,0,0,0,0,24474133,0,35926551,292514,0,0,0,0,0,0,0,0,16384,0,0,0,0,0,0,0,0,0,0,0,7247,473,0,0,0,0,0,55891562,0,157,0,3,470,7247,0,0,0,0,0,0,0,0,0,0,0,0,0,0,0,0,0,0,0,0,0,0,0,0,0,0,0,0,0,0,0,0,0,0,0,0,0,0,0,0,0,0,0,0,0,0,0,0,0,0,0,0,0,0,257659968,0,0,0,495802129,0,0,0,0,0,0,0,78562562,119871394,294186526,178739319296,73208926,0,0,0,0,0,0,0,0,0,0,0,0,0,0,0,0,0,0,0,0,0,0,0,0,0,0,0,0,0,0,0,1120,0,0,0,0,0,0,0
1787688952.329,0,0,0,0,0,0,0,745748716,1959828376064,817061006336,0,0,0,0,0,0,0,0,0,0,0,0,0,0,0,0,0,0,0,0,0,0,0,0,0,0,0,0,0,0,0,0,0,0,0,0,0,0,0,0,0,0,0,0,0,0,0,0,0,0,0,0,0,0,0,0,0,0,0,0,7,1694064,119782482,35994003,0,0,0,0,0,0,0,0,0,0,0,0,0,0,0,0,0,0,0,0,0,0,0,0,0,0,0,0,0,0,0,0,0,0,0,0,0,12883329024,10674913280,786336,651545,35934045,0,0,96,786432,118905041,796294,280,3604398905,12884901888,0,702793852,0,0,0,0,0,0,0,0,0,0,0,0,0,0,0,0,0,0,18391458,118270001,0,468,1204,7863,623,36783206,35,0,0,0,0,0,0,0,1,0,0,0,0,0,0,0,0,0,0,24479962,0,35940917,292630,0,0,0,0,0,0,0,0,16384,0,0,0,0,0,0,0,0,0,0,0,7248,473,0,0,0,0,0,55906957,0,157,0,3,470,7248,0,0,0,0,0,0,0,0,0,0,0,0,0,0,0,0,0,0,0,0,0,0,0,0,0,0,0,0,0,0,0,0,0,0,0,0,0,0,0,0,0,0,0,0,0,0,0,0,0,0,0,0,0,0,257735553,0,0,0,495888976,0,0,0,0,0,0,0,78591228,119930557,294276664,178778889216,73235450,1,0,0,0,0,0,0,0,0,0,0,0,0,0,0,0,0,0,0,0,0,0,0,0,0,0,0,0,0,0,0,191,0,0,0,0,0,0,0
1787688953.405,0,0,0,0,0,0,0,745925943,1960806894080,817315886080,0,0,0,0,0,0,0,0,0,0,0,0,0,0,0,0,0,0,0,0,0,0,0,0,0,0,0,0,0,0,0,0,0,0,0,0,0,0,0,0,0,0,0,0,0,0,0,0,0,0,0,0,0,0,0,0,0,0,0,0,7,1694093,119842337,36006940,0,0,0,0,0,0,0,0,0,0,0,0,0,0,0,0,0,0,0,0,0,0,0,0,0,0,0,0,0,0,0,0,0,0,0,0,0,12883312640,10638049280,786336,649295,35954380,0,0,96,786432,118964835,796294,280,3605274104,12884901888,0,702909923,0,0,0,0,0,0,0,0,0,0,0,0,0,0,0,0,0,0,18396601,118275144,0,468,1204,7863,623,36793496,35,0,0,0,0,0,0,0,1,0,0,0,0,0,0,0,0,0,0,24485881,0,35953854,292734,0,0,0,0,0,0,0,0,16384,0,0,0,0,0,0,0,0,0,0,0,7249,473,0,0,0,0,0,55922559,0,157,0,3,470,7249,0,0,0,0,0,0,0,0,0,0,0,0,0,0,0,0,0,0,0,0,0,0,0,0,0,0,0,0,0,0,0,0,0,0,0,0,0,0,0,0,0,0,0,0,0,0,0,0,0,0,0,0,0,0,257810918,0,0,0,495975937,0,0,0,0,0,0,0,78619761,119990271,294364810,178818356736,73261989,0,0,0,0,0,0,0,0,0,0,0,0,0,0,0,0,0,0,0,0,0,0,0,0,0,0,0,0,0,0,0,502,0,0,0,0,0,0,0
1787688954.485,0,0,0,0,0,0,0,746105910,1961803893248,817529245184,0,0,0,0,0,0,0,0,0,0,0,0,0,0,0,0,0,0,0,0,0,0,0,0,0,0,0,0,0,0,0,0,0,0,0,0,0,0,0,0,0,0,0,0,0,0,0,0,0,0,0,0,0,0,0,0,0,0,0,0,7,1694125,119903329,36017083,0,0,0,0,0,0,0,0,0,0,0,0,0,0,0,0,0,0,0,0,0,0,0,0,0,0,0,0,0,0,0,0,0,0,0,0,0,12883329024,10651336704,786336,650106,35964523,0,0,96,786432,119025763,796294,280,3606162977,12884901888,0,703027691,0,0,0,0,0,0,0,0,0,0,0,0,0,0,0,0,0,0,18401815,118280357,0,468,1204,7863,623,36803921,35,0,0,0,0,0,0,0,1,0,0,0,0,0,0,0,0,0,0,24491888,0,35963997,292816,0,0,0,0,0,0,0,0,16384,0,0,0,0,0,0,0,0,0,0,0,7250,473,0,0,0,0,0,55938431,0,157,0,3,470,7250,0,0,0,0,0,0,0,0,0,0,0,0,0,0,0,0,0,0,0,0,0,0,0,0,0,0,0,0,0,0,0,0,0,0,0,0,0,0,0,0,0,0,0,0,0,0,0,0,0,0,0,0,0,0,257888251,0,0,0,496064078,0,0,0,0,0,0,0,78649385,120051129,294452333,178858741248,73290059,1,0,0,0,0,0,0,0,0,0,0,0,0,0,0,0,0,0,0,0,0,0,0,0,0,0,0,0,0,0,0,916,0,0,0,0,0,0,0
1787688955.564,0,0,0,0,0,0,0,746286103,1962798434816,817743388672,0,0,0,0,0,0,0,0,0,0,0,0,0,0,0,0,0,0,0,0,0,0,0,0,0,0,0,0,0,0,0,0,0,0,0,0,0,0,0,0,0,0,0,0,0,0,0,0,0,0,0,0,0,0,0,0,0,0,0,0,7,1694270,119964174,36027251,0,0,0,0,0,0,0,0,0,0,0,0,0,0,0,0,0,0,0,0,0,0,0,0,0,0,0,0,0,0,0,0,0,0,0,0,0,12883329024,10668752896,786336,651169,35974691,0,0,96,786432,119086537,796294,280,3607055912,12884901888,0,703148103,0,0,0,0,0,0,0,0,0,0,0,0,0,0,0,0,0,0,18407044,118285587,0,468,1204,7863,623,36814378,35,0,0,0,0,0,0,0,1,0,0,0,0,0,0,0,0,0,0,24497904,0,35974165,292898,0,0,0,0,0,0,0,0,16384,0,0,0,0,0,0,0,0,0,0,0,7251,473,0,0,0,0,0,55954319,0,157,0,3,470,7251,0,0,0,0,0,0,0,0,0,0,0,0,0,0,0,0,0,0,0,0,0,0,0,0,0,0,0,0,0,0,0,0,0,0,0,0,0,0,0,0,0,0,0,0,0,0,0,0,0,0,0,0,0,0,257965858,0,0,0,496153678,0,0,0,0,0,0,0,78678425,120111850,294540154,178899476992,73317622,1,0,0,0,0,0,0,0,0,0,0,0,0,0,0,0,0,0,0,0,0,0,0,0,0,0,0,0,0,0,0,116,0,0,0,0,0,0,0
1787688956.642,0,0,0,0,0,0,0,746464778,1963791354368,817955868160,0,0,0,0,0,0,0,0,0,0,0,0,0,0,0,0,0,0,0,0,0,0,0,0,0,0,0,0,0,0,0,0,0,0,0,0,0,0,0,0,0,0,0,0,0,0,0,0,0,0,0,0,0,0,0,0,0,0,0,0,7,1694307,120024916,36037350,0,0,0,0,0,0,0,0,0,0,0,0,0,0,0,0,0,0,0,0,0,0,0,0,0,0,0,0,0,0,0,0,0,0,0,0,0,12883312640,10682220544,786334,651991,35984790,0,0,98,786432,119147209,796294,280,3607938471,12884901888,0,703264997,0,0,0,0,0,0,0,0,0,0,0,0,0,0,0,0,0,0,18412218,118290761,0,468,1204,7863,623,36824725,35,0,0,0,0,0,0,0,1,0,0,0,0,0,0,0,0,0,0,24503862,0,35984264,292980,0,0,0,0,0,0,0,0,16384,0,0,0,0,0,0,0,0,0,0,0,7252,473,0,0,0,0,0,55970061,0,157,0,3,470,7252,0,0,0,0,0,0,0,0,0,0,0,0,0,0,0,0,0,0,0,0,0,0,0,0,0,0,0,0,0,0,0,0,0,0,0,0,0,0,0,0,0,0,0,0,0,0,0,0,0,0,0,0,0,0,258043064,0,0,0,496241147,0,0,0,0,0,0,0,78707631,120172457,294627502,178939887616,73345305,0,0,0,0,0,0,0,0,0,0,0,0,0,0,0,0,0,0,0,0,0,0,0,0,0,0,0,0,0,0,0,500,0,0,0,0,0,0,0
1787688957.715,0,0,0,0,0,0,0,746645049,1964790368768,818169972224,0,0,0,0,0,0,0,0,0,0,0,0,0,0,0,0,0,0,0,0,0,0,0,0,0,0,0,0,0,0,0,0,0,0,0,0,0,0,0,0,0,0,0,0,0,0,0,0,0,0,0,0,0,0,0,0,0,0,0,0,7,1694326,120086040,36047531,0,0,0,0,0,0,0,0,0,0,0,0,0,0,0,0,0,0,0,0,0,0,0,0,0,0,0,0,0,0,0,0,0,0,0,0,0,12883312640,10696245248,786336,652847,35994971,0,0,96,786432,119208257,796294,280,3608828731,12884901888,0,703382633,0,0,0,0,0,0,0,0,0,0,0,0,0,0,0,0,0,0,18417451,118295993,0,468,1204,7863,623,36835193,35,0,0,0,0,0,0,0,1,0,0,0,0,0,0,0,0,0,0,24509883,0,35994445,293062,0,0,0,0,0,0,0,0,16384,0,0,0,0,0,0,0,0,0,0,0,7254,473,0,0,0,0,0,55985950,0,157,0,3,470,7254,0,0,0,0,0,0,0,0,0,0,0,0,0,0,0,0,0,0,0,0,0,0,0,0,0,0,0,0,0,0,0,0,0,0,0,0,0,0,0,0,0,0,0,0,0,0,0,0,0,0,0,0,0,0,258121212,0,0,0,496329467,0,0,0,0,0,0,0,78737016,120233437,294715858,178980533248,73373160,1,0,0,0,0,0,0,0,0,0,0,0,0,0,0,0,0,0,0,0,0,0,0,0,0,0,0,0,0,0,0,928,0,0,0,0,0,0,0
1787688958.789,0,0,0,0,0,0,0,746824936,1965782813184,818383367680,0,0,0,0,0,0,0,0,0,0,0,0,0,0,0,0,0,0,0,0,0,0,0,0,0,0,0,0,0,0,0,0,0,0,0,0,0,0,0,0,0,0,0,0,0,0,0,0,0,0,0,0,0,0,0,0,0,0,0,0,7,1694353,120146759,36057614,0,0,0,0,0,0,0,0,0,0,0,0,0,0,0,0,0,0,0,0,0,0,0,0,0,0,0,0,0,0,0,0,0,0,0,0,0,12883329024,10711564288,786335,653782,36005054,0,0,97,786432,119268895,796294,280,3609720232,12884901888,0,703502890,0,0,0,0,0,0,0,0,0,0,0,0,0,0,0,0,0,0,18422669,118301212,0,468,1204,7863,623,36845629,35,0,0,0,0,0,0,0,1,0,0,0,0,0,0,0,0,0,0,24515889,0,36004528,293144,0,0,0,0,0,0,0,0,16384,0,0,0,0,0,0,0,0,0,0,0,7255,473,0,0,0,0,0,56001802,0,157,0,3,470,7255,0,0,0,0,0,0,0,0,0,0,0,0,0,0,0,0,0,0,0,0,0,0,0,0,0,0,0,0,0,0,0,0,0,0,0,0,0,0,0,0,0,0,0,0,0,0,0,0,0,0,0,0,0,0,258200355,0,0,0,496418847,0,0,0,0,0,0,0,78766279,120293993,294805115,179021889024,73400879,1,0,0,0,0,0,0,0,0,0,0,0,0,0,0,0,0,0,0,0,0,0,0,0,0,0,0,0,0,0,0,148,0,0,0,0,0,0,0
1787688959.865,0,0,0,0,0,0,0,747004772,1966776945152,818597310976,0,0,0,0,0,0,0,0,0,0,0,0,0,0,0,0,0,0,0,0,0,0,0,0,0,0,0,0,0,0,0,0,0,0,0,0,0,0,0,0,0,0,0,0,0,0,0,0,0,0,0,0,0,0,0,0,0,0,0,0,7,1694447,120207574,36067726,0,0,0,0,0,0,0,0,0,0,0,0,0,0,0,0,0,0,0,0,0,0,0,0,0,0,0,0,0,0,0,0,0,0,0,0,0,12883329024,10728456192,786336,654813,36015166,0,0,97,786432,119329642,796294,280,3610608490,12884901888,0,703621103,0,0,0,0,0,0,0,0,0,0,0,0,0,0,0,0,0,0,18427872,118306415,0,468,1204,7863,623,36856036,35,0,0,0,0,0,0,0,1,0,0,0,0,0,0,0,0,0,0,24521879,0,36014640,293226,0,0,0,0,0,0,0,0,16384,0,0,0,0,0,0,0,0,0,0,0,7256,473,0,0,0,0,0,56017650,0,157,0,3,470,7256,0,0,0,0,0,0,0,0,0,0,0,0,0,0,0,0,0,0,0,0,0,0,0,0,0,0,0,0,0,0,0,0,0,0,0,0,0,0,0,0,0,0,0,0,0,0,0,0,0,0,0,0,0,0,258279739,0,0,0,496506920,0,0,0,0,0,0,0,78796742,120354680,294894649,179063377408,73429854,0,0,0,0,0,0,0,0,0,0,0,0,0,0,0,0,0,0,0,0,0,0,0,0,0,0,0,0,0,0,0,561,0,0,0,0,0,0,0
1787688960.940,0,0,0,0,0,0,0,747184908,1967768930816,818810962944,0,0,0,0,0,0,0,0,0,0,0,0,0,0,0,0,0,0,0,0,0,0,0,0,0,0,0,0,0,0,0,0,0,0,0,0,0,0,0,0,0,0,0,0,0,0,0,0,0,0,0,0,0,0,0,0,0,0,0,0,7,1694470,120268255,36077867,0,0,0,0,0,0,0,0,0,0,0,0,0,0,0,0,0,0,0,0,0,0,0,0,0,0,0,0,0,0,0,0,0,0,0,0,0,12883329024,10740875264,786336,655570,36025307,0,0,96,786432,119390258,796294,280,3611497360,12884901888,0,703738878,0,0,0,0,0,0,0,0,0,0,0,0,0,0,0,0,0,0,18433098,118311640,0,468,1204,7863,623,36866485,35,0,0,0,0,0,0,0,1,0,0,0,0,0,0,0,0,0,0,24527887,0,36024781,293308,0,0,0,0,0,0,0,0,16384,0,0,0,0,0,0,0,0,0,0,0,7257,473,0,0,0,0,0,56033500,0,157,0,3,470,7257,0,0,0,0,0,0,0,0,0,0,0,0,0,0,0,0,0,0,0,0,0,0,0,0,0,0,0,0,0,0,0,0,0,0,0,0,0,0,0,0,0,0,0,0,0,0,0,0,0,0,0,0,0,0,258357565,0,0,0,496595175,0,0,0,0,0,0,0,78826191,120415234,294982653,179104059904,73457801,0,0,0,0,0,0,0,0,0,0,0,0,0,0,0,0,0,0,0,0,0,0,0,0,0,0,0,0,0,0,0,985,0,0,0,0,0,0,0
1787688962.019,0,0,0,0,0,0,0,747364912,1968764668416,819024803328,0,0,0,0,0,0,0,0,0,0,0,0,0,0,0,0,0,0,0,0,0,0,0,0,0,0,0,0,0,0,0,0,0,0,0,0,0,0,0,0,0,0,0,0,0,0,0,0,0,0,0,0,0,0,0,0,0,0,0,0,7,1694562,120329178,36087994,0,0,0,0,0,0,0,0,0,0,0,0,0,0,0,0,0,0,0,0,0,0,0,0,0,0,0,0,0,0,0,0,0,0,0,0,0,12883329024,10756341760,786336,656515,36035434,0,0,98,786432,119451114,796294,280,3612389515,12884901888,0,703859467,0,0,0,0,0,0,0,0,0,0,0,0,0,0,0,0,0,0,18438319,118316862,0,468,1204,7863,623,36876931,35,0,0,0,0,0,0,0,1,0,0,0,0,0,0,0,0,0,0,24533903,0,36034908,293390,0,0,0,0,0,0,0,0,16384,0,0,0,0,0,0,0,0,0,0,0,7258,473,0,0,0,0,0,56049364,0,157,0,3,470,7258,0,0,0,0,0,0,0,0,0,0,0,0,0,0,0,0,0,0,0,0,0,0,0,0,0,0,0,0,0,0,0,0,0,0,0,0,0,0,0,0,0,0,0,0,0,0,0,0,0,0,0,0,0,0,258436375,0,0,0,496684652,0,0,0,0,0,0,0,78855502,120476020,295071600,179145211392,73485597,1,1,0,0,0,0,0,0,0,0,0,0,0,0,0,0,0,0,0,0,0,0,0,0,0,0,0,0,0,0,0,172,0,0,0,0,0,0,0
1787688963.097,0,0,0,0,0,0,0,747544173,1969750985216,819238589952,0,0,0,0,0,0,0,0,0,0,0,0,0,0,0,0,0,0,0,0,0,0,0,0,0,0,0,0,0,0,0,0,0,0,0,0,0,0,0,0,0,0,0,0,0,0,0,0,0,0,0,0,0,0,0,0,0,0,0,0,7,1694582,120389525,36098161,0,0,0,0,0,0,0,0,0,0,0,0,0,0,0,0,0,0,0,0,0,0,0,0,0,0,0,0,0,0,0,0,0,0,0,0,0,12883329024,10768908288,786335,657282,36045601,0,0,97,786432,119511388,796294,280,3613274144,12884901888,0,703976509,0,0,0,0,0,0,0,0,0,0,0,0,0,0,0,0,0,0,18443517,118322060,0,468,1204,7863,623,36887321,35,0,0,0,0,0,0,0,1,0,0,0,0,0,0,0,0,0,0,24539878,0,36045075,293472,0,0,0,0,0,0,0,0,16384,0,0,0,0,0,0,0,0,0,0,0,7259,473,0,0,0,0,0,56065153,0,157,0,3,470,7259,0,0,0,0,0,0,0,0,0,0,0,0,0,0,0,0,0,0,0,0,0,0,0,0,0,0,0,0,0,0,0,0,0,0,0,0,0,0,0,0,0,0,0,0,0,0,0,0,0,0,0,0,0,0,258514043,0,0,0,496772475,0,0,0,0,0,0,0,78884598,120536234,295159481,179185754624,73513203,1,0,0,0,0,0,0,0,0,0,0,0,0,0,0,0,0,0,0,0,0,0,0,0,0,0,0,0,0,0,0,559,0,0,0,0,0,0,0
1787688964.170,0,0,0,0,0,0,0,747723705,1970746837504,819451251200,0,0,0,0,0,0,0,0,0,0,0,0,0,0,0,0,0,0,0,0,0,0,0,0,0,0,0,0,0,0,0,0,0,0,0,0,0,0,0,0,0,0,0,0,0,0,0,0,0,0,0,0,0,0,0,0,0,0,0,0,7,1694597,120450438,36108257,0,0,0,0,0,0,0,0,0,0,0,0,0,0,0,0,0,0,0,0,0,0,0,0,0,0,0,0,0,0,0,0,0,0,0,0,0,12883329024,10780835840,786336,658010,36055697,0,0,96,786432,119572232,796294,280,3614161066,12884901888,0,704093687,0,0,0,0,0,0,0,0,0,0,0,0,0,0,0,0,0,0,18448722,118327265,0,468,1204,7863,623,36897738,35,0,0,0,0,0,0,0,1,0,0,0,0,0,0,0,0,0,0,24545876,0,36055171,293554,0,0,0,0,0,0,0,0,16384,0,0,0,0,0,0,0,0,0,0,0,7260,473,0,0,0,0,0,56080989,0,157,0,3,470,7260,0,0,0,0,0,0,0,0,0,0,0,0,0,0,0,0,0,0,0,0,0,0,0,0,0,0,0,0,0,0,0,0,0,0,0,0,0,0,0,0,0,0,0,0,0,0,0,0,0,0,0,0,0,0,258591799,0,0,0,496860532,0,0,0,0,0,0,0,78914005,120597034,295247363,179226228736,73541126,1,0,0,0,0,0,0,0,0,0,0,0,0,0,0,0,0,0,0,0,0,0,0,0,0,0,0,0,0,0,0,974,0,0,0,0,0,0,0
1787688965.249,0,0,0,0,0,0,0,747901564,1971732957696,819714392576,0,0,0,0,0,0,0,0,0,0,0,0,0,0,0,0,0,0,0,0,0,0,0,0,0,0,0,0,0,0,0,0,0,0,0,0,0,0,0,0,0,0,0,0,0,0,0,0,0,0,0,0,0,0,0,0,0,0,0,0,7,1694616,120510746,36121215,0,0,0,0,0,0,0,0,0,0,0,0,0,0,0,0,0,0,0,0,0,0,0,0,0,0,0,0,0,0,0,0,0,0,0,0,0,12883329024,10746068992,786335,655888,36065744,0,0,97,786432,119632469,796294,280,3615042880,12884901888,0,704212538,0,0,0,0,0,0,0,0,0,0,0,0,0,0,0,0,0,0,18453882,118332425,0,468,1204,7863,623,36908050,35,0,0,0,0,0,0,0,1,0,0,0,0,0,0,0,0,0,0,24551827,0,36068119,293659,0,0,0,0,0,0,0,0,16384,0,0,0,0,0,0,0,0,0,0,0,7261,473,0,0,0,0,0,56096712,0,157,0,3,470,7261,0,0,0,0,0,0,0,0,0,0,0,0,0,0,0,0,0,0,0,0,0,0,0,0,0,0,0,0,0,0,0,0,0,0,0,0,0,0,0,0,0,0,0,0,0,0,0,0,0,0,0,0,0,0,258669979,0,0,0,496949022,0,0,0,0,0,0,0,78943114,120657206,295338753,179267142656,73568271,0,0,0,0,0,0,0,0,0,0,0,0,0,0,0,0,0,0,0,0,0,0,0,0,0,0,0,0,0,0,0,121,0,0,0,0,0,0,0
1787688966.326,0,0,0,0,0,0,0,748076126,1972702661120,819993612800,0,0,0,0,0,0,0,0,0,0,0,0,0,0,0,0,0,0,0,0,0,0,0,0,0,0,0,0,0,0,0,0,0,0,0,0,0,0,0,0,0,0,0,0,0,0,0,0,0,0,0,0,0,0,0,0,0,0,0,0,7,1694642,120570060,36135651,0,0,0,0,0,0,0,0,0,0,0,0,0,0,0,0,0,0,0,0,0,0,0,0,0,0,0,0,0,0,0,0,0,0,0,0,0,12883329024,10685038592,786336,652163,36075837,0,0,96,786432,119691723,796294,280,3615905344,12884901888,0,704326749,0,0,0,0,0,0,0,0,0,0,0,0,0,0,0,0,0,0,18458949,118337492,0,468,1204,7863,623,36918188,35,0,0,0,0,0,0,0,1,0,0,0,0,0,0,0,0,0,0,24557665,0,36082565,293774,0,0,0,0,0,0,0,0,16384,0,0,0,0,0,0,0,0,0,0,0,7262,473,0,0,0,0,0,56112119,0,157,0,3,470,7262,0,0,0,0,0,0,0,0,0,0,0,0,0,0,0,0,0,0,0,0,0,0,0,0,0,0,0,0,0,0,0,0,0,0,0,0,0,0,0,0,0,0,0,0,0,0,0,0,0,0,0,0,0,0,258745240,0,0,0,497034728,0,0,0,0,0,0,0,78971570,120716409,295428320,179306447872,73594597,1,0,0,0,0,0,0,0,0,0,0,0,0,0,0,0,0,0,0,0,0,0,0,0,0,0,0,0,0,0,0,414,0,0,0,0,0,0,0
1787688967.404,0,0,0,0,0,0,0,748252978,1973680359936,820253547520,0,0,0,0,0,0,0,0,0,0,0,0,0,0,0,0,0,0,0,0,0,0,0,0,0,0,0,0,0,0,0,0,0,0,0,0,0,0,0,0,0,0,0,0,0,0,0,0,0,0,0,0,0,0,0,0,0,0,0,0,7,1694727,120629885,36148659,0,0,0,0,0,0,0,0,0,0,0,0,0,0,0,0,0,0,0,0,0,0,0,0,0,0,0,0,0,0,0,0,0,0,0,0,0,12883329024,10650370048,786336,650047,36096099,0,0,96,786432,119751458,796294,280,3616778690,12884901888,0,704442626,0,0,0,0,0,0,0,0,0,0,0,0,0,0,0,0,0,0,18464069,118342611,0,468,1204,7863,623,36928431,35,0,0,0,0,0,0,0,1,0,0,0,0,0,0,0,0,0,0,24563557,0,36095573,293880,0,0,0,0,0,0,0,0,16384,0,0,0,0,0,0,0,0,0,0,0,7263,473,0,0,0,0,0,56127713,0,157,0,3,470,7263,0,0,0,0,0,0,0,0,0,0,0,0,0,0,0,0,0,0,0,0,0,0,0,0,0,0,0,0,0,0,0,0,0,0,0,0,0,0,0,0,0,0,0,0,0,0,0,0,0,0,0,0,0,0,258822808,0,0,0,497121386,0,0,0,0,0,0,0,79000479,120776088,295518910,179346992128,73621579,0,0,0,0,0,0,0,0,0,0,0,0,0,0,0,0,0,0,0,0,0,0,0,0,0,0,0,0,0,0,0,716,0,0,0,0,0,0,0
1787688968.484,0,0,0,0,0,0,0,748432659,1974679587328,820467220480,0,0,0,0,0,0,0,0,0,0,0,0,0,0,0,0,0,0,0,0,0,0,0,0,0,0,0,0,0,0,0,0,0,0,0,0,0,0,0,0,0,0,0,0,0,0,0,0,0,0,0,0,0,0,0,0,0,0,0,0,7,1694752,120690998,36158824,0,0,0,0,0,0,0,0,0,0,0,0,0,0,0,0,0,0,0,0,0,0,0,0,0,0,0,0,0,0,0,0,0,0,0,0,0,12883329024,10662723584,786336,650801,36106264,0,0,96,786432,119812500,796294,280,3617665871,12884901888,0,704559992,0,0,0,0,0,0,0,0,0,0,0,0,0,0,0,0,0,0,18469283,118347824,0,468,1204,7863,623,36938859,35,0,0,0,0,0,0,0,1,0,0,0,0,0,0,0,0,0,0,24569549,0,36105738,293962,0,0,0,0,0,0,0,0,16384,0,0,0,0,0,0,0,0,0,0,0,7264,473,0,0,0,0,0,56143560,0,157,0,3,470,7264,0,0,0,0,0,0,0,0,0,0,0,0,0,0,0,0,0,0,0,0,0,0,0,0,0,0,0,0,0,0,0,0,0,0,0,0,0,0,0,0,0,0,0,0,0,0,0,0,0,0,0,0,0,0,258900045,0,0,0,497209496,0,0,0,0,0,0,0,79030045,120837082,295606350,179387348992,73649587,0,0,0,0,0,0,0,0,0,0,0,0,0,0,0,0,0,0,0,0,0,0,0,0,0,0,0,0,0,0,0,1131,0,0,0,0,0,0,0
1787688969.563,0,0,0,0,0,0,0,748612435,1975672064512,820680019456,0,0,0,0,0,0,0,0,0,0,0,0,0,0,0,0,0,0,0,0,0,0,0,0,0,0,0,0,0,0,0,0,0,0,0,0,0,0,0,0,0,0,0,0,0,0,0,0,0,0,0,0,0,0,0,0,0,0,0,0,7,1694777,120751709,36168934,0,0,0,0,0,0,0,0,0,0,0,0,0,0,0,0,0,0,0,0,0,0,0,0,0,0,0,0,0,0,0,0,0,0,0,0,0,12883329024,10678321152,786336,651753,36116374,0,0,96,786432,119873139,796294,280,3618556581,12884901888,0,704680646,0,0,0,0,0,0,0,0,0,0,0,0,0,0,0,0,0,0,18474492,118353032,0,468,1204,7863,623,36949279,35,0,0,0,0,0,0,0,1,0,0,0,0,0,0,0,0,0,0,24575546,0,36115848,294044,0,0,0,0,0,0,0,0,16384,0,0,0,0,0,0,0,0,0,0,0,7265,473,0,0,0,0,0,56159402,0,157,0,3,470,7265,0,0,0,0,0,0,0,0,0,0,0,0,0,0,0,0,0,0,0,0,0,0,0,0,0,0,0,0,0,0,0,0,0,0,0,0,0,0,0,0,0,0,0,0,0,0,0,0,0,0,0,0,0,0,258977174,0,0,0,497298754,0,0,0,0,0,0,0,79059162,120897661,295693620,179427755520,73677246,1,1,0,0,0,0,0,0,0,0,0,0,0,0,0,0,0,0,0,0,0,0,0,0,0,0,0,0,0,0,0,345,0,0,0,0,0,0,0
1787688970.639,0,0,0,0,0,0,0,748793540,1976670636544,820892402688,0,0,0,0,0,0,0,0,0,0,0,0,0,0,0,0,0,0,0,0,0,0,0,0,0,0,0,0,0,0,0,0,0,0,0,0,0,0,0,0,0,0,0,0,0,0,0,0,0,0,0,0,0,0,0,0,0,0,0,0,7,1694807,120812798,36179004,0,0,0,0,0,0,0,0,0,0,0,0,0,0,0,0,0,0,0,0,0,0,0,0,0,0,0,0,0,0,0,0,0,0,0,0,0,12883329024,10693263360,786336,652665,36126444,0,0,96,786432,119934161,796294,280,3619450992,12884901888,0,704799631,0,0,0,0,0,0,0,0,0,0,0,0,0,0,0,0,0,0,18479744,118358286,0,468,1204,7863,623,36959775,35,0,0,0,0,0,0,0,1,0,0,0,0,0,0,0,0,0,0,24581586,0,36125918,294126,0,0,0,0,0,0,0,0,16384,0,0,0,0,0,0,0,0,0,0,0,7266,473,0,0,0,0,0,56175357,0,157,0,3,470,7266,0,0,0,0,0,0,0,0,0,0,0,0,0,0,0,0,0,0,0,0,0,0,0,0,0,0,0,0,0,0,0,0,0,0,0,0,0,0,0,0,0,0,0,0,0,0,0,0,0,0,0,0,0,0,259055011,0,0,0,497387442,0,0,0,0,0,0,0,79088324,120958623,295781571,179468442112,73705005,1,0,0,0,0,0,0,0,0,0,0,0,0,0,0,0,0,0,0,0,0,0,0,0,0,0,0,0,0,0,0,778,0,0,0,0,0,0,0
1787688971.721,0,0,0,0,0,0,0,748973012,1977667471872,821104341504,0,0,0,0,0,0,0,0,0,0,0,0,0,0,0,0,0,0,0,0,0,0,0,0,0,0,0,0,0,0,0,0,0,0,0,0,0,0,0,0,0,0,0,0,0,0,0,0,0,0,0,0,0,0,0,0,0,0,0,0,7,1694838,120873774,36189085,0,0,0,0,0,0,0,0,0,0,0,0,0,0,0,0,0,0,0,0,0,0,0,0,0,0,0,0,0,0,0,0,0,0,0,0,0,12883329024,10707976192,786336,653563,36136525,0,0,96,786432,119995076,796294,280,3620337745,12884901888,0,704917150,0,0,0,0,0,0,0,0,0,0,0,0,0,0,0,0,0,0,18484945,118363487,0,468,1204,7863,623,36970176,35,0,0,0,0,0,0,0,1,0,0,0,0,0,0,0,0,0,0,24587570,0,36135999,294208,0,0,0,0,0,0,0,0,16384,0,0,0,0,0,0,0,0,0,0,0,7268,473,0,0,0,0,0,56191152,0,157,0,3,470,7268,0,0,0,0,0,0,0,0,0,0,0,0,0,0,0,0,0,0,0,0,0,0,0,0,0,0,0,0,0,0,0,0,0,0,0,0,0,0,0,0,0,0,0,0,0,0,0,0,0,0,0,0,0,0,259131608,0,0,0,497475331,0,0,0,0,0,0,0,79117117,121019457,295868293,179508576256,73732335,1,0,0,0,0,0,0,0,0,0,0,0,0,0,0,0,0,0,0,0,0,0,0,0,0,0,0,0,0,0,0,1170,0,0,0,0,0,0,0
1787688972.800,0,0,0,0,0,0,0,749150418,1978648693248,821315978240,0,0,0,0,0,0,0,0,0,0,0,0,0,0,0,0,0,0,0,0,0,0,0,0,0,0,0,0,0,0,0,0,0,0,0,0,0,0,0,0,0,0,0,0,0,0,0,0,0,0,0,0,0,0,0,0,0,0,0,0,7,1694861,120933776,36199143,0,0,0,0,0,0,0,0,0,0,0,0,0,0,0,0,0,0,0,0,0,0,0,0,0,0,0,0,0,0,0,0,0,0,0,0,0,12883329024,10721935360,786336,654415,36146583,0,0,96,786432,120055006,796294,280,3621217087,12884901888,0,705035785,0,0,0,0,0,0,0,0,0,0,0,0,0,0,0,0,0,0,18490084,118368625,0,468,1204,7863,623,36980456,35,0,0,0,0,0,0,0,1,0,0,0,0,0,0,0,0,0,0,24593498,0,36146057,294288,0,0,0,0,0,0,0,0,16384,0,0,0,0,0,0,0,0,0,0,0,7269,473,0,0,0,0,0,56206784,0,157,0,3,470,7269,0,0,0,0,0,0,0,0,0,0,0,0,0,0,0,0,0,0,0,0,0,0,0,0,0,0,0,0,0,0,0,0,0,0,0,0,0,0,0,0,0,0,0,0,0,0,0,0,0,0,0,0,0,0,259208618,0,0,0,497563545,0,0,0,0,0,0,0,79144586,121079350,295955407,179548816896,73758345,1,0,0,0,0,0,0,0,0,0,0,0,0,0,0,0,0,0,0,0,0,0,0,0,0,0,0,0,0,0,0,307,0,0,0,0,0,0,0
1787688973.879,0,0,0,0,0,0,0,749323280,1979608893952,821526804480,0,0,0,0,0,0,0,0,0,0,0,0,0,0,0,0,0,0,0,0,0,0,0,0,0,0,0,0,0,0,0,0,0,0,0,0,0,0,0,0,0,0,0,0,0,0,0,0,0,0,0,0,0,0,0,0,0,0,0,0,7,1694886,120992496,36209173,0,0,0,0,0,0,0,0,0,0,0,0,0,0,0,0,0,0,0,0,0,0,0,0,0,0,0,0,0,0,0,0,0,0,0,0,0,12883329024,10730258432,786336,654923,36156613,0,0,96,786432,120113645,796294,280,3622070807,12884901888,0,705148651,0,0,0,0,0,0,0,0,0,0,0,0,0,0,0,0,0,0,18495104,118373646,0,468,1204,7863,623,36990499,35,0,0,0,0,0,0,0,1,0,0,0,0,0,0,0,0,0,0,24599275,0,36156087,294368,0,0,0,0,0,0,0,0,16384,0,0,0,0,0,0,0,0,0,0,0,7270,473,0,0,0,0,0,56222045,0,157,0,3,470,7270,0,0,0,0,0,0,0,0,0,0,0,0,0,0,0,0,0,0,0,0,0,0,0,0,0,0,0,0,0,0,0,0,0,0,0,0,0,0,0,0,0,0,0,0,0,0,0,0,0,0,0,0,0,0,259285405,0,0,0,497648529,0,0,0,0,0,0,0,79170484,121137940,296042258,179588848128,73782719,0,1,0,0,0,0,0,0,0,0,0,0,0,0,0,0,0,0,0,0,0,0,0,0,0,0,0,0,0,0,0,539,0,0,0,0,0,0,0
1787688974.958,0,0,0,0,0,0,0,749503156,1980603304448,821738635776,0,0,0,0,0,0,0,0,0,0,0,0,0,0,0,0,0,0,0,0,0,0,0,0,0,0,0,0,0,0,0,0,0,0,0,0,0,0,0,0,0,0,0,0,0,0,0,0,0,0,0,0,0,0,0,0,0,0,0,0,7,1694908,121053367,36219188,0,0,0,0,0,0,0,0,0,0,0,0,0,0,0,0,0,0,0,0,0,0,0,0,0,0,0,0,0,0,0,0,0,0,0,0,0,12883329024,10744774656,786336,655809,36166628,0,0,96,786432,120174433,796294,280,3622958502,12884901888,0,705265899,0,0,0,0,0,0,0,0,0,0,0,0,0,0,0,0,0,0,18500320,118378860,0,468,1204,7863,623,37000932,35,0,0,0,0,0,0,0,1,0,0,0,0,0,0,0,0,0,0,24605278,0,36166102,294448,0,0,0,0,0,0,0,0,16384,0,0,0,0,0,0,0,0,0,0,0,7271,473,0,0,0,0,0,56237908,0,157,0,3,470,7271,0,0,0,0,0,0,0,0,0,0,0,0,0,0,0,0,0,0,0,0,0,0,0,0,0,0,0,0,0,0,0,0,0,0,0,0,0,0,0,0,0,0,0,0,0,0,0,0,0,0,0,0,0,0,259363704,0,0,0,497736617,0,0,0,0,0,0,0,79199915,121198670,296130618,179629767168,73810657,0,0,0,0,0,0,0,0,0,0,0,0,0,0,0,0,0,0,0,0,0,0,0,0,0,0,0,0,0,0,0,976,0,0,0,0,0,0,0
1787688976.038,0,0,0,0,0,0,0,749683426,1981595601408,821952123904,0,0,0,0,0,0,0,0,0,0,0,0,0,0,0,0,0,0,0,0,0,0,0,0,0,0,0,0,0,0,0,0,0,0,0,0,0,0,0,0,0,0,0,0,0,0,0,0,0,0,0,0,0,0,0,0,0,0,0,0,7,1695004,121114065,36229303,0,0,0,0,0,0,0,0,0,0,0,0,0,0,0,0,0,0,0,0,0,0,0,0,0,0,0,0,0,0,0,0,0,0,0,0,0,12883329024,10759487488,786336,656707,36176743,0,0,96,786432,120235062,796294,280,3623851759,12884901888,0,705386626,0,0,0,0,0,0,0,0,0,0,0,0,0,0,0,0,0,0,18505539,118384079,0,468,1204,7863,623,37011370,35,0,0,0,0,0,0,0,1,0,0,0,0,0,0,0,0,0,0,24611292,0,36176217,294528,0,0,0,0,0,0,0,0,16384,0,0,0,0,0,0,0,0,0,0,0,7272,473,0,0,0,0,0,56253767,0,157,0,3,470,7272,0,0,0,0,0,0,0,0,0,0,0,0,0,0,0,0,0,0,0,0,0,0,0,0,0,0,0,0,0,0,0,0,0,0,0,0,0,0,0,0,0,0,0,0,0,0,0,0,0,0,0,0,0,0,259442279,0,0,0,497826153,0,0,0,0,0,0,0,79229228,121259240,296219326,179671025152,73838478,0,0,0,0,0,0,0,0,0,0,0,0,0,0,0,0,0,0,0,0,0,0,0,0,0,0,0,0,0,0,0,189,0,0,0,0,0,0,0
1787688977.117,0,0,0,0,0,0,0,749862581,1982581475840,822164342784,0,0,0,0,0,0,0,0,0,0,0,0,0,0,0,0,0,0,0,0,0,0,0,0,0,0,0,0,0,0,0,0,0,0,0,0,0,0,0,0,0,0,0,0,0,0,0,0,0,0,0,0,0,0,0,0,0,0,0,0,7,1695099,121174387,36239379,0,0,0,0,0,0,0,0,0,0,0,0,0,0,0,0,0,0,0,0,0,0,0,0,0,0,0,0,0,0,0,0,0,0,0,0,0,12883329024,10772889600,786336,657525,36186819,0,0,96,786432,120295307,796294,280,3624736172,12884901888,0,705504304,0,0,0,0,0,0,0,0,0,0,0,0,0,0,0,0,0,0,18510734,118389276,0,468,1204,7863,623,37021757,35,0,0,0,0,0,0,0,1,0,0,0,0,0,0,0,0,0,0,24617270,0,36186293,294610,0,0,0,0,0,0,0,0,16384,0,0,0,0,0,0,0,0,0,0,0,7273,473,0,0,0,0,0,56269560,0,157,0,3,470,7273,0,0,0,0,0,0,0,0,0,0,0,0,0,0,0,0,0,0,0,0,0,0,0,0,0,0,0,0,0,0,0,0,0,0,0,0,0,0,0,0,0,0,0,0,0,0,0,0,0,0,0,0,0,0,259519847,0,0,0,497913973,0,0,0,0,0,0,0,79258182,121319440,296306990,179711587840,73865998,1,1,0,0,0,0,0,0,0,0,0,0,0,0,0,0,0,0,0,0,0,0,0,0,0,0,0,0,0,0,0,589,0,0,0,0,0,0,0
1787688978.192,0,0,0,0,0,0,0,750041589,1983570250240,822377142784,0,0,0,0,0,0,0,0,0,0,0,0,0,0,0,0,0,0,0,0,0,0,0,0,0,0,0,0,0,0,0,0,0,0,0,0,0,0,0,0,0,0,0,0,0,0,0,0,0,0,0,0,0,0,0,0,0,0,0,0,7,1695134,121234867,36249516,0,0,0,0,0,0,0,0,0,0,0,0,0,0,0,0,0,0,0,0,0,0,0,0,0,0,0,0,0,0,0,0,0,0,0,0,0,12883001344,10784555008,786316,658237,36196956,20,0,98,786432,120355723,796294,280,3625620248,12884901888,0,705621429,0,0,0,0,0,0,0,0,0,0,0,0,0,0,0,0,0,0,18515930,118394467,0,468,1204,7863,623,37032150,35,0,0,0,0,0,0,0,1,0,0,0,0,0,0,0,0,0,0,24623249,0,36196430,294692,0,0,0,0,0,0,0,0,16384,0,0,0,0,0,0,0,0,0,0,0,7274,473,0,0,0,0,0,56285324,0,157,0,3,470,7274,0,0,0,0,0,0,0,0,0,0,0,0,0,0,0,0,0,0,0,0,0,0,0,0,0,0,0,0,0,0,0,0,0,0,0,0,0,0,0,0,0,0,0,0,0,0,0,0,0,0,0,0,0,0,259596865,0,0,0,498001768,0,0,0,0,0,0,0,79287230,121379766,296394150,179751873024,73893515,1,1,0,0,0,0,0,0,0,0,0,0,0,0,0,0,0,0,0,0,0,0,0,0,0,0,0,0,0,0,0,971,0,0,0,0,0,0,0
1787688979.271,0,0,0,0,0,0,0,750217021,1984536381952,822658313216,0,0,0,0,0,0,0,0,0,0,0,0,0,0,0,0,0,0,0,0,0,0,0,0,0,0,0,0,0,0,0,0,0,0,0,0,0,0,0,0,0,0,0,0,0,0,0,0,0,0,0,0,0,0,0,0,0,0,0,0,7,1695149,121293956,36263859,0,0,0,0,0,0,0,0,0,0,0,0,0,0,0,0,0,0,0,0,0,0,0,0,0,0,0,0,0,0,0,0,0,0,0,0,0,12883329024,10724376576,786336,654564,36207055,0,0,96,786432,120414739,796294,280,3626489476,12884901888,0,705738714,0,0,0,0,0,0,0,0,0,0,0,0,0,0,0,0,0,0,18521016,118399558,0,468,1204,7863,623,37042324,35,0,0,0,0,0,0,0,1,0,0,0,0,0,0,0,0,0,0,24629116,0,36210768,294808,0,0,0,0,0,0,0,0,16384,0,0,0,0,0,0,0,0,0,0,0,7275,473,0,0,0,0,0,56300854,0,157,0,3,470,7275,0,0,0,0,0,0,0,0,0,0,0,0,0,0,0,0,0,0,0,0,0,0,0,0,0,0,0,0,0,0,0,0,0,0,0,0,0,0,0,0,0,0,0,0,0,0,0,0,0,0,0,0,0,0,259673220,0,0,0,498089091,0,0,0,0,0,0,0,79315782,121438735,296484915,179791664640,73919932,1,0,0,0,0,0,0,0,0,0,0,0,0,0,0,0,0,0,0,0,0,0,0,0,0,0,0,0,0,0,0,69,0,0,0,0,0,0,0
1787688980.349,0,0,0,0,0,0,0,750392783,1985503971840,822944931840,0,0,0,0,0,0,0,0,0,0,0,0,0,0,0,0,0,0,0,0,0,0,0,0,0,0,0,0,0,0,0,0,0,0,0,0,0,0,0,0,0,0,0,0,0,0,0,0,0,0,0,0,0,0,0,0,0,0,0,0,7,1695174,121353128,36278428,0,0,0,0,0,0,0,0,0,0,0,0,0,0,0,0,0,0,0,0,0,0,0,0,0,0,0,0,0,0,0,0,0,0,0,0,0,12883329024,10660593664,786335,650671,36217244,0,0,97,786432,120473849,796294,280,3627356324,12884901888,0,705852977,0,0,0,0,0,0,0,0,0,0,0,0,0,0,0,0,0,0,18526114,118404656,0,468,1204,7863,623,37052516,35,0,0,0,0,0,0,0,1,0,0,0,0,0,0,0,0,0,0,24634994,0,36225288,294925,0,0,0,0,0,0,0,0,16384,0,0,0,0,0,0,0,0,0,0,0,7276,473,0,0,0,0,0,56316357,0,157,0,3,470,7276,0,0,0,0,0,0,0,0,0,0,0,0,0,0,0,0,0,0,0,0,0,0,0,0,0,0,0,0,0,0,0,0,0,0,0,0,0,0,0,0,0,0,0,0,0,0,0,0,0,0,0,0,0,0,259750092,0,0,0,498175358,0,0,0,0,0,0,0,79344651,121497798,296576499,179831601152,73946619,0,0,0,0,0,0,0,0,0,0,0,0,0,0,0,0,0,0,0,0,0,0,0,0,0,0,0,0,0,0,0,358,0,0,0,0,0,0,0
1787688981.427,0,0,0,0,0,0,0,750571685,1986495875584,823180979712,0,0,0,0,0,0,0,0,0,0,0,0,0,0,0,0,0,0,0,0,0,0,0,0,0,0,0,0,0,0,0,0,0,0,0,0,0,0,0,0,0,0,0,0,0,0,0,0,0,0,0,0,0,0,0,0,0,0,0,0,7,1695251,121413828,36290109,0,0,0,0,0,0,0,0,0,0,0,0,0,0,0,0,0,0,0,0,0,0,0,0,0,0,0,0,0,0,0,0,0,0,0,0,0,12883329024,10650189824,786336,650036,36237549,0,0,96,786432,120534468,796294,280,3628239876,12884901888,0,705969831,0,0,0,0,0,0,0,0,0,0,0,0,0,0,0,0,0,0,18531307,118409849,0,468,1204,7863,623,37062905,35,0,0,0,0,0,0,0,1,0,0,0,0,0,0,0,0,0,0,24640964,0,36237023,295020,0,0,0,0,0,0,0,0,16384,0,0,0,0,0,0,0,0,0,0,0,7277,473,0,0,0,0,0,56332175,0,157,0,3,470,7277,0,0,0,0,0,0,0,0,0,0,0,0,0,0,0,0,0,0,0,0,0,0,0,0,0,0,0,0,0,0,0,0,0,0,0,0,0,0,0,0,0,0,0,0,0,0,0,0,0,0,0,0,0,0,259827719,0,0,0,498263117,0,0,0,0,0,0,0,79373884,121558353,296665698,179872101888,73974124,1,0,0,0,0,0,0,0,0,0,0,0,0,0,0,0,0,0,0,0,0,0,0,0,0,0,0,0,0,0,0,758,0,0,0,0,0,0,0
1787688982.505,0,0,0,0,0,0,0,750752234,1987497904640,823393752064,0,0,0,0,0,0,0,0,0,0,0,0,0,0,0,0,0,0,0,0,0,0,0,0,0,0,0,0,0,0,0,0,0,0,0,0,0,0,0,0,0,0,0,0,0,0,0,0,0,0,0,0,0,0,0,0,0,0,0,0,7,1695303,121475119,36300214,0,0,0,0,0,0,0,0,0,0,0,0,0,0,0,0,0,0,0,0,0,0,0,0,0,0,0,0,0,0,0,0,0,0,0,0,0,12883329024,10666721280,786335,651045,36247654,0,0,98,786432,120595686,796294,280,3629131404,12884901888,0,706087832,0,0,0,0,0,0,0,0,0,0,0,0,0,0,0,0,0,0,18536540,118415082,0,468,1204,7863,623,37073373,35,0,0,0,0,0,0,0,1,0,0,0,0,0,0,0,0,0,0,24646989,0,36247128,295102,0,0,0,0,0,0,0,0,16384,0,0,0,0,0,0,0,0,0,0,0,7278,473,0,0,0,0,0,56348086,0,157,0,3,470,7278,0,0,0,0,0,0,0,0,0,0,0,0,0,0,0,0,0,0,0,0,0,0,0,0,0,0,0,0,0,0,0,0,0,0,0,0,0,0,0,0,0,0,0,0,0,0,0,0,0,0,0,0,0,0,259905863,0,0,0,498351553,0,0,0,0,0,0,0,79403118,121619521,296753988,179912922624,74001825,0,0,0,0,0,0,0,0,0,0,0,0,0,0,0,0,0,0,0,0,0,0,0,0,0,0,0,0,0,0,0,1189,0,0,0,0,0,0,0
1787688983.588,0,0,0,0,0,0,0,750931932,1988495198720,823606621184,0,0,0,0,0,0,0,0,0,0,0,0,0,0,0,0,0,0,0,0,0,0,0,0,0,0,0,0,0,0,0,0,0,0,0,0,0,0,0,0,0,0,0,0,0,0,0,0,0,0,0,0,0,0,0,0,0,0,0,0,7,1695372,121536127,36310328,0,0,0,0,0,0,0,0,0,0,0,0,0,0,0,0,0,0,0,0,0,0,0,0,0,0,0,0,0,0,0,0,0,0,0,0,0,12883329024,10680909824,786336,651911,36257768,0,0,96,786432,120656628,796294,280,3630022085,12884901888,0,706207950,0,0,0,0,0,0,0,0,0,0,0,0,0,0,0,0,0,0,18541751,118420292,0,468,1204,7863,623,37083789,35,0,0,0,0,0,0,0,1,0,0,0,0,0,0,0,0,0,0,24652991,0,36257242,295184,0,0,0,0,0,0,0,0,16384,0,0,0,0,0,0,0,0,0,0,0,7279,473,0,0,0,0,0,56363934,0,157,0,3,470,7279,0,0,0,0,0,0,0,0,0,0,0,0,0,0,0,0,0,0,0,0,0,0,0,0,0,0,0,0,0,0,0,0,0,0,0,0,0,0,0,0,0,0,0,0,0,0,0,0,0,0,0,0,0,0,259983584,0,0,0,498440867,0,0,0,0,0,0,0,79432229,121680405,296841857,179953624576,74029503,0,0,0,0,0,0,0,0,0,0,0,0,0,0,0,0,0,0,0,0,0,0,0,0,0,0,0,0,0,0,0,380,0,0,0,0,0,0,0
1787688984.667,0,0,0,0,0,0,0,751112143,1989491264000,823819005440,0,0,0,0,0,0,0,0,0,0,0,0,0,0,0,0,0,0,0,0,0,0,0,0,0,0,0,0,0,0,0,0,0,0,0,0,0,0,0,0,0,0,0,0,0,0,0,0,0,0,0,0,0,0,0,0,0,0,0,0,7,1695405,121597050,36320415,0,0,0,0,0,0,0,0,0,0,0,0,0,0,0,0,0,0,0,0,0,0,0,0,0,0,0,0,0,0,0,0,0,0,0,0,0,12883329024,10696491008,786336,652862,36267855,0,0,97,786432,120717474,796294,280,3630912065,12884901888,0,706325671,0,0,0,0,0,0,0,0,0,0,0,0,0,0,0,0,0,0,18546980,118425521,0,468,1204,7863,623,37094249,35,0,0,0,0,0,0,0,1,0,0,0,0,0,0,0,0,0,0,24659008,0,36267329,295266,0,0,0,0,0,0,0,0,16384,0,0,0,0,0,0,0,0,0,0,0,7280,473,0,0,0,0,0,56379847,0,157,0,3,470,7280,0,0,0,0,0,0,0,0,0,0,0,0,0,0,0,0,0,0,0,0,0,0,0,0,0,0,0,0,0,0,0,0,0,0,0,0,0,0,0,0,0,0,0,0,0,0,0,0,0,0,0,0,0,0,260061281,0,0,0,498529209,0,0,0,0,0,0,0,79461543,121741190,296929656,179994272768,74057302,0,1,0,0,0,0,0,0,0,0,0,0,0,0,0,0,0,0,0,0,0,0,0,0,0,0,0,0,0,0,0,815,0,0,0,0,0,0,0
1787688985.747,0,0,0,0,0,0,0,751292493,1990487345664,824030920704,0,0,0,0,0,0,0,0,0,0,0,0,0,0,0,0,0,0,0,0,0,0,0,0,0,0,0,0,0,0,0,0,0,0,0,0,0,0,0,0,0,0,0,0,0,0,0,0,0,0,0,0,0,0,0,0,0,0,0,0,7,1695466,121657983,36330482,0,0,0,0,0,0,0,0,0,0,0,0,0,0,0,0,0,0,0,0,0,0,0,0,0,0,0,0,0,0,0,0,0,0,0,0,0,12883312640,10712006656,786335,653808,36277922,1,0,96,786432,120778334,796294,280,3631803347,12884901888,0,706444132,0,0,0,0,0,0,0,0,0,0,0,0,0,0,0,0,0,0,18552205,118430745,0,468,1204,7863,623,37104704,35,0,0,0,0,0,0,0,1,0,0,0,0,0,0,0,0,0,0,24665028,0,36277396,295348,0,0,0,0,0,0,0,0,16384,0,0,0,0,0,0,0,0,0,0,0,7282,473,0,0,0,0,0,56395737,0,157,0,3,470,7282,0,0,0,0,0,0,0,0,0,0,0,0,0,0,0,0,0,0,0,0,0,0,0,0,0,0,0,0,0,0,0,0,0,0,0,0,0,0,0,0,0,0,0,0,0,0,0,0,0,0,0,0,0,0,260139203,0,0,0,498618058,0,0,0,0,0,0,0,79490694,121801997,297017646,180034905600,74084958,1,1,0,0,0,0,0,0,0,0,0,0,0,0,0,0,0,0,0,0,0,0,0,0,0,0,0,0,0,0,0,752,0,0,0,0,0,0,0
1787688986.826,0,0,0,0,0,0,0,751472688,1991484836352,824244115456,0,0,0,0,0,0,0,0,0,0,0,0,0,0,0,0,0,0,0,0,0,0,0,0,0,0,0,0,0,0,0,0,0,0,0,0,0,0,0,0,0,0,0,0,0,0,0,0,0,0,0,0,0,0,0,0,0,0,0,0,7,1695531,121719023,36340559,0,0,0,0,0,0,0,0,0,0,0,0,0,0,0,0,0,0,0,0,0,0,0,0,0,0,0,0,0,0,0,0,0,0,0,0,0,12883329024,10728407040,786336,654810,36287999,0,0,96,786432,120839307,796294,280,3632695533,12884901888,0,706564247,0,0,0,0,0,0,0,0,0,0,0,0,0,0,0,0,0,0,18557427,118435968,0,468,1204,7863,623,37115146,35,0,0,0,0,0,0,0,1,0,0,0,0,0,0,0,0,0,0,24671045,0,36287473,295430,0,0,0,0,0,0,0,0,16384,0,0,0,0,0,0,0,0,0,0,0,7283,473,0,0,0,0,0,56411591,0,157,0,3,470,7283,0,0,0,0,0,0,0,0,0,0,0,0,0,0,0,0,0,0,0,0,0,0,0,0,0,0,0,0,0,0,0,0,0,0,0,0,0,0,0,0,0,0,0,0,0,0,0,0,0,0,0,0,0,0,260217931,0,0,0,498707028,0,0,0,0,0,0,0,79520087,121862885,297106503,180076431360,74112809,1,1,0,0,0,0,0,0,0,0,0,0,0,0,0,0,0,0,0,0,0,0,0,0,0,0,0,0,0,0,0,478,0,0,0,0,0,0,0
1787688987.906,0,0,0,0,0,0,0,751653670,1992485636608,824456871424,0,0,0,0,0,0,0,0,0,0,0,0,0,0,0,0,0,0,0,0,0,0,0,0,0,0,0,0,0,0,0,0,0,0,0,0,0,0,0,0,0,0,0,0,0,0,0,0,0,0,0,0,0,0,0,0,0,0,0,0,7,1695549,121780250,36350658,0,0,0,0,0,0,0,0,0,0,0,0,0,0,0,0,0,0,0,0,0,0,0,0,0,0,0,0,0,0,0,0,0,0,0,0,0,12883312640,10743971840,786335,655760,36298098,1,0,97,786432,120900463,796294,280,3633588907,12884901888,0,706682196,0,0,0,0,0,0,0,0,0,0,0,0,0,0,0,0,0,0,18562675,118441216,0,468,1204,7863,623,37125636,35,0,0,0,0,0,0,0,1,0,0,0,0,0,0,0,0,0,0,24677086,0,36297572,295512,0,0,0,0,0,0,0,0,16384,0,0,0,0,0,0,0,0,0,0,0,7284,473,0,0,0,0,0,56427549,0,157,0,3,470,7284,0,0,0,0,0,0,0,0,0,0,0,0,0,0,0,0,0,0,0,0,0,0,0,0,0,0,0,0,0,0,0,0,0,0,0,0,0,0,0,0,0,0,0,0,0,0,0,0,0,0,0,0,0,0,260296142,0,0,0,498795689,0,0,0,0,0,0,0,79549238,121923978,297194835,180117298176,74140481,1,0,0,0,0,0,0,0,0,0,0,0,0,0,0,0,0,0,0,0,0,0,0,0,0,0,0,0,0,0,0,914,0,0,0,0,0,0,0
1787688988.986,0,0,0,0,0,0,0,751835354,1993486584320,824669778432,0,0,0,0,0,0,0,0,0,0,0,0,0,0,0,0,0,0,0,0,0,0,0,0,0,0,0,0,0,0,0,0,0,0,0,0,0,0,0,0,0,0,0,0,0,0,0,0,0,0,0,0,0,0,0,0,0,0,0,0,7,1695580,121841482,36360739,0,0,0,0,0,0,0,0,0,0,0,0,0,0,0,0,0,0,0,0,0,0,0,0,0,0,0,0,0,0,0,0,0,0,0,0,0,12883312640,10761535488,786335,656832,36308179,0,0,96,786432,120961625,796294,280,3634489015,12884901888,0,706803662,0,0,0,0,0,0,0,0,0,0,0,0,0,0,0,0,0,0,18567944,118446484,0,468,1204,7863,623,37136177,35,0,0,0,0,0,0,0,1,0,0,0,0,0,0,0,0,0,0,24683160,0,36307653,295594,0,0,0,0,0,0,0,0,16384,0,0,0,0,0,0,0,0,0,0,0,7285,473,0,0,0,0,0,56443548,0,157,0,3,470,7285,0,0,0,0,0,0,0,0,0,0,0,0,0,0,0,0,0,0,0,0,0,0,0,0,0,0,0,0,0,0,0,0,0,0,0,0,0,0,0,0,0,0,0,0,0,0,0,0,0,0,0,0,0,0,260375421,0,0,0,498885913,0,0,0,0,0,0,0,79578498,121985087,297284209,180158649344,74168274,0,1,0,0,0,0,0,0,0,0,0,0,0,0,0,0,0,0,0,0,0,0,0,0,0,0,0,0,0,0,0,162,0,0,0,0,0,0,0
1787688990.064,0,0,0,0,0,0,0,752014123,1994477816320,824882436096,0,0,0,0,0,0,0,0,0,0,0,0,0,0,0,0,0,0,0,0,0,0,0,0,0,0,0,0,0,0,0,0,0,0,0,0,0,0,0,0,0,0,0,0,0,0,0,0,0,0,0,0,0,0,0,0,0,0,0,0,7,1695643,121902138,36370885,0,0,0,0,0,0,0,0,0,0,0,0,0,0,0,0,0,0,0,0,0,0,0,0,0,0,0,0,0,0,0,0,0,0,0,0,0,12883329024,10773823488,786336,657582,36318325,0,0,96,786432,121022212,796294,280,3635372072,12884901888,0,706920510,0,0,0,0,0,0,0,0,0,0,0,0,0,0,0,0,0,0,18573126,118451667,0,468,1204,7863,623,37146541,35,0,0,0,0,0,0,0,1,0,0,0,0,0,0,0,0,0,0,24689127,0,36317799,295676,0,0,0,0,0,0,0,0,16384,0,0,0,0,0,0,0,0,0,0,0,7286,473,0,0,0,0,0,56459304,0,157,0,3,470,7286,0,0,0,0,0,0,0,0,0,0,0,0,0,0,0,0,0,0,0,0,0,0,0,0,0,0,0,0,0,0,0,0,0,0,0,0,0,0,0,0,0,0,0,0,0,0,0,0,0,0,0,0,0,0,260452631,0,0,0,498973572,0,0,0,0,0,0,0,79607178,122045606,297371598,180198915072,74195462,0,0,0,0,0,0,0,0,0,0,0,0,0,0,0,0,0,0,0,0,0,0,0,0,0,0,0,0,0,0,0,540,0,0,0,0,0,0,0
1787688991.142,0,0,0,0,0,0,0,752193280,1995468507648,825094982656,0,0,0,0,0,0,0,0,0,0,0,0,0,0,0,0,0,0,0,0,0,0,0,0,0,0,0,0,0,0,0,0,0,0,0,0,0,0,0,0,0,0,0,0,0,0,0,0,0,0,0,0,0,0,0,0,0,0,0,0,7,1695695,121962743,36380984,0,0,0,0,0,0,0,0,0,0,0,0,0,0,0,0,0,0,0,0,0,0,0,0,0,0,0,0,0,0,0,0,0,0,0,0,0,12883329024,10785964032,786336,658323,36328424,0,0,96,786432,121082752,796294,280,3636256836,12884901888,0,707037398,0,0,0,0,0,0,0,0,0,0,0,0,0,0,0,0,0,0,18578325,118456866,0,468,1204,7863,623,37156937,35,0,0,0,0,0,0,0,1,0,0,0,0,0,0,0,0,0,0,24695105,0,36327898,295756,0,0,0,0,0,0,0,0,16384,0,0,0,0,0,0,0,0,0,0,0,7287,473,0,0,0,0,0,56475106,0,157,0,3,470,7287,0,0,0,0,0,0,0,0,0,0,0,0,0,0,0,0,0,0,0,0,0,0,0,0,0,0,0,0,0,0,0,0,0,0,0,0,0,0,0,0,0,0,0,0,0,0,0,0,0,0,0,0,0,0,260530558,0,0,0,499061440,0,0,0,0,0,0,0,79636572,122106078,297459633,180239677952,74223361,0,0,0,0,0,0,0,0,0,0,0,0,0,0,0,0,0,0,0,0,0,0,0,0,0,0,0,0,0,0,0,930,0,0,0,0,0,0,0
1787688992.218,0,0,0,0,0,0,0,752370282,1996450990592,825328275456,0,0,0,0,0,0,0,0,0,0,0,0,0,0,0,0,0,0,0,0,0,0,0,0,0,0,0,0,0,0,0,0,0,0,0,0,0,0,0,0,0,0,0,0,0,0,0,0,0,0,0,0,0,0,0,0,0,0,0,0,7,1695725,122022830,36392375,0,0,0,0,0,0,0,0,0,0,0,0,0,0,0,0,0,0,0,0,0,0,0,0,0,0,0,0,0,0,0,0,0,0,0,0,0,12867633152,10778083328,785378,657842,36338536,958,0,96,786432,121142757,796294,280,3637134062,12884901888,0,707155612,0,0,0,0,0,0,0,0,0,0,0,0,0,0,0,0,0,0,18583459,118462000,0,468,1204,7863,623,37167206,35,0,0,0,0,0,0,0,1,0,0,0,0,0,0,0,0,0,0,24701025,0,36339290,295848,0,0,0,0,0,0,0,0,16384,0,0,0,0,0,0,0,0,0,0,0,7288,473,0,0,0,0,0,56490719,0,157,0,3,470,7288,0,0,0,0,0,0,0,0,0,0,0,0,0,0,0,0,0,0,0,0,0,0,0,0,0,0,0,0,0,0,0,0,0,0,0,0,0,0,0,0,0,0,0,0,0,0,0,0,0,0,0,0,0,0,260607750,0,0,0,499149490,0,0,0,0,0,0,0,79665689,122166048,297548252,180279880704,74250763,0,1,0,0,0,0,0,0,0,0,0,0,0,0,0,0,0,0,0,0,0,0,0,0,0,0,0,0,0,0,0,63,0,0,0,0,0,0,0
1787688993.296,0,0,0,0,0,0,0,752545026,1997416122880,825601547264,0,0,0,0,0,0,0,0,0,0,0,0,0,0,0,0,0,0,0,0,0,0,0,0,0,0,0,0,0,0,0,0,0,0,0,0,0,0,0,0,0,0,0,0,0,0,0,0,0,0,0,0,0,0,0,0,0,0,0,0,7,1695750,122081873,36406272,0,0,0,0,0,0,0,0,0,0,0,0,0,0,0,0,0,0,0,0,0,0,0,0,0,0,0,0,0,0,0,0,0,0,0,0,0,12883329024,10725326848,786336,654622,36348625,0,0,96,786432,121201740,796294,280,3637996950,12884901888,0,707270084,0,0,0,0,0,0,0,0,0,0,0,0,0,0,0,0,0,0,18588527,118467067,0,468,1204,7863,623,37177342,35,0,0,0,0,0,0,0,1,0,0,0,0,0,0,0,0,0,0,24706856,0,36353071,295958,0,0,0,0,0,0,0,0,16384,0,0,0,0,0,0,0,0,0,0,0,7289,473,0,0,0,0,0,56506115,0,157,0,3,470,7289,0,0,0,0,0,0,0,0,0,0,0,0,0,0,0,0,0,0,0,0,0,0,0,0,0,0,0,0,0,0,0,0,0,0,0,0,0,0,0,0,0,0,0,0,0,0,0,0,0,0,0,0,0,0,260683697,0,0,0,499235261,0,0,0,0,0,0,0,79694189,122224960,297638121,180319514112,74277275,1,0,0,0,0,0,0,0,0,0,0,0,0,0,0,0,0,0,0,0,0,0,0,0,0,0,0,0,0,0,0,322,0,0,0,0,0,0,0
1787688994.368,0,0,0,0,0,0,0,752718296,1998376012288,825883921920,0,0,0,0,0,0,0,0,0,0,0,0,0,0,0,0,0,0,0,0,0,0,0,0,0,0,0,0,0,0,0,0,0,0,0,0,0,0,0,0,0,0,0,0,0,0,0,0,0,0,0,0,0,0,0,0,0,0,0,0,7,1695777,122140592,36420636,0,0,0,0,0,0,0,0,0,0,0,0,0,0,0,0,0,0,0,0,0,0,0,0,0,0,0,0,0,0,0,0,0,0,0,0,0,12883296256,10662625280,786334,650795,36358751,1,0,97,786432,121260398,796294,280,3638852915,12884901888,0,707383706,0,0,0,0,0,0,0,0,0,0,0,0,0,0,0,0,0,0,18593549,118472089,0,468,1204,7863,623,37187383,35,0,0,0,0,0,0,0,1,0,0,0,0,0,0,0,0,0,0,24712630,0,36367678,296075,0,0,0,0,0,0,0,0,16384,0,0,0,0,0,0,0,0,0,0,0,7290,473,0,0,0,0,0,56521405,0,157,0,3,470,7290,0,0,0,0,0,0,0,0,0,0,0,0,0,0,0,0,0,0,0,0,0,0,0,0,0,0,0,0,0,0,0,0,0,0,0,0,0,0,0,0,0,0,0,0,0,0,0,0,0,0,0,0,0,0,260759143,0,0,0,499320342,0,0,0,0,0,0,0,79722466,122283547,297728049,180358851072,74303383,1,1,0,0,0,0,0,0,0,0,0,0,0,0,0,0,0,0,0,0,0,0,0,0,0,0,0,0,0,0,0,529,0,0,0,0,0,0,0
1787688995.446,0,0,0,0,0,0,0,752897737,1999371487744,826107572736,0,0,0,0,0,0,0,0,0,0,0,0,0,0,0,0,0,0,0,0,0,0,0,0,0,0,0,0,0,0,0,0,0,0,0,0,0,0,0,0,0,0,0,0,0,0,0,0,0,0,0,0,0,0,0,0,0,0,0,0,7,1695802,122201490,36431544,0,0,0,0,0,0,0,0,0,0,0,0,0,0,0,0,0,0,0,0,0,0,0,0,0,0,0,0,0,0,0,0,0,0,0,0,0,12883312640,10663018496,786335,650819,36378984,0,0,97,786432,121321226,796294,280,3639738981,12884901888,0,707500983,0,0,0,0,0,0,0,0,0,0,0,0,0,0,0,0,0,0,18598758,118477297,0,468,1204,7863,623,37197802,35,0,0,0,0,0,0,0,1,0,0,0,0,0,0,0,0,0,0,24718630,0,36378458,296164,0,0,0,0,0,0,0,0,16384,0,0,0,0,0,0,0,0,0,0,0,7291,473,0,0,0,0,0,56537268,0,157,0,3,470,7291,0,0,0,0,0,0,0,0,0,0,0,0,0,0,0,0,0,0,0,0,0,0,0,0,0,0,0,0,0,0,0,0,0,0,0,0,0,0,0,0,0,0,0,0,0,0,0,0,0,0,0,0,0,0,260837060,0,0,0,499408291,0,0,0,0,0,0,0,79751833,122344295,297816774,180399522304,74331147,1,0,0,0,0,0,0,0,0,0,0,0,0,0,0,0,0,0,0,0,0,0,0,0,0,0,0,0,0,0,0,942,0,0,0,0,0,0,0
1787688996.530,0,0,0,0,0,0,0,753079490,2000376809984,826321315840,0,0,0,0,0,0,0,0,0,0,0,0,0,0,0,0,0,0,0,0,0,0,0,0,0,0,0,0,0,0,0,0,0,0,0,0,0,0,0,0,0,0,0,0,0,0,0,0,0,0,0,0,0,0,0,0,0,0,0,0,7,1695836,122262973,36441656,0,0,0,0,0,0,0,0,0,0,0,0,0,0,0,0,0,0,0,0,0,0,0,0,0,0,0,0,0,0,0,0,0,0,0,0,0,12883329024,10680107008,786336,651862,36389096,0,0,96,786432,121382615,796294,280,3640639344,12884901888,0,707622422,0,0,0,0,0,0,0,0,0,0,0,0,0,0,0,0,0,0,18604023,118482564,0,468,1204,7863,623,37208333,35,0,0,0,0,0,0,0,1,0,0,0,0,0,0,0,0,0,0,24724686,0,36388570,296246,0,0,0,0,0,0,0,0,16384,0,0,0,0,0,0,0,0,0,0,0,7292,473,0,0,0,0,0,56553278,0,157,0,3,470,7292,0,0,0,0,0,0,0,0,0,0,0,0,0,0,0,0,0,0,0,0,0,0,0,0,0,0,0,0,0,0,0,0,0,0,0,0,0,0,0,0,0,0,0,0,0,0,0,0,0,0,0,0,0,0,260916206,0,0,0,499498474,0,0,0,0,0,0,0,79781459,122405637,297906051,180440975872,74359284,0,0,0,0,0,0,0,0,0,0,0,0,0,0,0,0,0,0,0,0,0,0,0,0,0,0,0,0,0,0,0,213,0,0,0,0,0,0,0
1787688997.610,0,0,0,0,0,0,0,753259294,2001371843072,826534254080,0,0,0,0,0,0,0,0,0,0,0,0,0,0,0,0,0,0,0,0,0,0,0,0,0,0,0,0,0,0,0,0,0,0,0,0,0,0,0,0,0,0,0,0,0,0,0,0,0,0,0,0,0,0,0,0,0,0,0,0,7,1695863,122323824,36451794,0,0,0,0,0,0,0,0,0,0,0,0,0,0,0,0,0,0,0,0,0,0,0,0,0,0,0,0,0,0,0,0,0,0,0,0,0,12883329024,10696048640,786336,652835,36399234,0,0,96,786432,121443394,796294,280,3641527447,12884901888,0,707739861,0,0,0,0,0,0,0,0,0,0,0,0,0,0,0,0,0,0,18609240,118487781,0,468,1204,7863,623,37218768,35,0,0,0,0,0,0,0,1,0,0,0,0,0,0,0,0,0,0,24730688,0,36398708,296328,0,0,0,0,0,0,0,0,16384,0,0,0,0,0,0,0,0,0,0,0,7293,473,0,0,0,0,0,56569151,0,157,0,3,470,7293,0,0,0,0,0,0,0,0,0,0,0,0,0,0,0,0,0,0,0,0,0,0,0,0,0,0,0,0,0,0,0,0,0,0,0,0,0,0,0,0,0,0,0,0,0,0,0,0,0,0,0,0,0,0,260993714,0,0,0,499586672,0,0,0,0,0,0,0,79810801,122466373,297993718,180481422848,74387040,1,1,0,0,0,0,0,0,0,0,0,0,0,0,0,0,0,0,0,0,0,0,0,0,0,0,0,0,0,0,0,605,0,0,0,0,0,0,0
1787688998.689,0,0,0,0,0,0,0,753438654,2002367400448,826748515840,0,0,0,0,0,0,0,0,0,0,0,0,0,0,0,0,0,0,0,0,0,0,0,0,0,0,0,0,0,0,0,0,0,0,0,0,0,0,0,0,0,0,0,0,0,0,0,0,0,0,0,0,0,0,0,0,0,0,0,0,7,1695971,122384732,36462001,0,0,0,0,0,0,0,0,0,0,0,0,0,0,0,0,0,0,0,0,0,0,0,0,0,0,0,0,0,0,0,0,0,0,0,0,0,12883312640,10708877312,786335,653618,36409441,0,0,96,786432,121504222,796294,280,3642413018,12884901888,0,707856822,0,0,0,0,0,0,0,0,0,0,0,0,0,0,0,0,0,0,18614440,118492981,0,468,1204,7863,623,37229166,35,0,0,0,0,0,0,0,1,0,0,0,0,0,0,0,0,0,0,24736675,0,36408915,296410,0,0,0,0,0,0,0,0,16384,0,0,0,0,0,0,0,0,0,0,0,7294,473,0,0,0,0,0,56584993,0,157,0,3,470,7294,0,0,0,0,0,0,0,0,0,0,0,0,0,0,0,0,0,0,0,0,0,0,0,0,0,0,0,0,0,0,0,0,0,0,0,0,0,0,0,0,0,0,0,0,0,0,0,0,0,0,0,0,0,0,261071606,0,0,0,499674538,0,0,0,0,0,0,0,79839880,122527149,298081845,180522035712,74414595,1,1,0,0,0,0,0,0,0,0,0,0,0,0,0,0,0,0,0,0,0,0,0,0,0,0,0,0,0,0,0,1016,0,0,0,0,0,0,0
1787688999.768,0,0,0,0,0,0,0,753615044,2003346803200,826961779712,0,0,0,0,0,0,0,0,0,0,0,0,0,0,0,0,0,0,0,0,0,0,0,0,0,0,0,0,0,0,0,0,0,0,0,0,0,0,0,0,0,0,0,0,0,0,0,0,0,0,0,0,0,0,0,0,0,0,0,0,7,1696029,122444636,36472171,0,0,0,0,0,0,0,0,0,0,0,0,0,0,0,0,0,0,0,0,0,0,0,0,0,0,0,0,0,0,0,0,0,0,0,0,0,12883329024,10718068736,786336,654179,36419611,0,0,96,786432,121564063,796294,280,3643287372,12884901888,0,707974311,0,0,0,0,0,0,0,0,0,0,0,0,0,0,0,0,0,0,18619561,118498101,0,468,1204,7863,623,37239406,35,0,0,0,0,0,0,0,1,0,0,0,0,0,0,0,0,0,0,24742578,0,36419085,296492,0,0,0,0,0,0,0,0,16384,0,0,0,0,0,0,0,0,0,0,0,7296,473,0,0,0,0,0,56600574,0,157,0,3,470,7296,0,0,0,0,0,0,0,0,0,0,0,0,0,0,0,0,0,0,0,0,0,0,0,0,0,0,0,0,0,0,0,0,0,0,0,0,0,0,0,0,0,0,0,0,0,0,0,0,0,0,0,0,0,0,261149393,0,0,0,499762333,0,0,0,0,0,0,0,79867660,122586923,298169827,180562468864,74440900,0,0,0,0,0,0,0,0,0,0,0,0,0,0,0,0,0,0,0,0,0,0,0,0,0,0,0,0,0,0,0,149,0,0,0,0,0,0,0
1787689000.843,0,0,0,0,0,0,0,753786863,2004296387072,827174203904,0,0,0,0,0,0,0,0,0,0,0,0,0,0,0,0,0,0,0,0,0,0,0,0,0,0,0,0,0,0,0,0,0,0,0,0,0,0,0,0,0,0,0,0,0,0,0,0,0,0,0,0,0,0,0,0,0,0,0,0,7,1696102,122502719,36482353,0,0,0,0,0,0,0,0,0,0,0,0,0,0,0,0,0,0,0,0,0,0,0,0,0,0,0,0,0,0,0,0,0,0,0,0,0,12883329024,10725031936,786336,654604,36429793,0,0,96,786432,121622079,796294,280,3644136105,12884901888,0,708086872,0,0,0,0,0,0,0,0,0,0,0,0,0,0,0,0,0,0,18624544,118503085,0,468,1204,7863,623,37249376,35,0,0,0,0,0,0,0,1,0,0,0,0,0,0,0,0,0,0,24748318,0,36429267,296574,0,0,0,0,0,0,0,0,16384,0,0,0,0,0,0,0,0,0,0,0,7297,473,0,0,0,0,0,56615716,0,157,0,3,470,7297,0,0,0,0,0,0,0,0,0,0,0,0,0,0,0,0,0,0,0,0,0,0,0,0,0,0,0,0,0,0,0,0,0,0,0,0,0,0,0,0,0,0,0,0,0,0,0,0,0,0,0,0,0,0,261225325,0,0,0,499846746,0,0,0,0,0,0,0,79893187,122644893,298255974,180601889792,74464853,0,0,0,0,0,0,0,0,0,0,0,0,0,0,0,0,0,0,0,0,0,0,0,0,0,0,0,0,0,0,0,337,0,0,0,0,0,0,0
1787689001.924,0,0,0,0,0,0,0,753965219,2005283686912,827386047488,0,0,0,0,0,0,0,0,0,0,0,0,0,0,0,0,0,0,0,0,0,0,0,0,0,0,0,0,0,0,0,0,0,0,0,0,0,0,0,0,0,0,0,0,0,0,0,0,0,0,0,0,0,0,0,0,0,0,0,0,7,1696136,122563117,36492438,0,0,0,0,0,0,0,0,0,0,0,0,0,0,0,0,0,0,0,0,0,0,0,0,0,0,0,0,0,0,0,0,0,0,0,0,0,12883329024,10739728384,786336,655501,36439878,0,0,96,786432,121682409,796294,280,3645015787,12884901888,0,708202595,0,0,0,0,0,0,0,0,0,0,0,0,0,0,0,0,0,0,18629728,118508267,0,468,1204,7863,623,37259745,35,0,0,0,0,0,0,0,1,0,0,0,0,0,0,0,0,0,0,24754281,0,36439352,296654,0,0,0,0,0,0,0,0,16384,0,0,0,0,0,0,0,0,0,0,0,7298,473,0,0,0,0,0,56631478,0,157,0,3,470,7298,0,0,0,0,0,0,0,0,0,0,0,0,0,0,0,0,0,0,0,0,0,0,0,0,0,0,0,0,0,0,0,0,0,0,0,0,0,0,0,0,0,0,0,0,0,0,0,0,0,0,0,0,0,0,261302580,0,0,0,499934344,0,0,0,0,0,0,0,79922246,122705156,298343339,180642097664,74492385,1,0,0,0,0,0,0,0,0,0,0,0,0,0,0,0,0,0,0,0,0,0,0,0,0,0,0,0,0,0,0,723,0,0,0,0,0,0,0
1787689002.995,0,0,0,0,0,0,0,754144714,2006282357248,827599234048,0,0,0,0,0,0,0,0,0,0,0,0,0,0,0,0,0,0,0,0,0,0,0,0,0,0,0,0,0,0,0,0,0,0,0,0,0,0,0,0,0,0,0,0,0,0,0,0,0,0,0,0,0,0,0,0,0,0,0,0,7,1696161,122624183,36502577,0,0,0,0,0,0,0,0,0,0,0,0,0,0,0,0,0,0,0,0,0,0,0,0,0,0,0,0,0,0,0,0,0,0,0,0,0,12883329024,10755620864,786336,656471,36450017,0,0,96,786432,121743395,796294,280,3645902446,12884901888,0,708320104,0,0,0,0,0,0,0,0,0,0,0,0,0,0,0,0,0,0,18634923,118513464,0,468,1204,7863,623,37270133,35,0,0,0,0,0,0,0,1,0,0,0,0,0,0,0,0,0,0,24760260,0,36449491,296736,0,0,0,0,0,0,0,0,16384,0,0,0,0,0,0,0,0,0,0,0,7299,473,0,0,0,0,0,56647286,0,157,0,3,470,7299,0,0,0,0,0,0,0,0,0,0,0,0,0,0,0,0,0,0,0,0,0,0,0,0,0,0,0,0,0,0,0,0,0,0,0,0,0,0,0,0,0,0,0,0,0,0,0,0,0,0,0,0,0,0,261380031,0,0,0,500022299,0,0,0,0,0,0,0,79951406,122766087,298430968,180682611200,74520103,0,0,0,0,0,0,0,0,0,0,0,0,0,0,0,0,0,0,0,0,0,0,0,0,0,0,0,0,0,0,0,1115,0,0,0,0,0,0,0
1787689004.076,0,0,0,0,0,0,0,754325933,2007285041664,827813964800,0,0,0,0,0,0,0,0,0,0,0,0,0,0,0,0,0,0,0,0,0,0,0,0,0,0,0,0,0,0,0,0,0,0,0,0,0,0,0,0,0,0,0,0,0,0,0,0,0,0,0,0,0,0,0,0,0,0,0,0,7,1696252,122685534,36512715,0,0,0,0,0,0,0,0,0,0,0,0,0,0,0,0,0,0,0,0,0,0,0,0,0,0,0,0,0,0,0,0,0,0,0,0,0,12883329024,10774020096,786335,657594,36460155,0,0,97,786432,121804673,796294,280,3646800252,12884901888,0,708441165,0,0,0,0,0,0,0,0,0,0,0,0,0,0,0,0,0,0,18640179,118518721,0,468,1204,7863,623,37280646,35,0,0,0,0,0,0,0,1,0,0,0,0,0,0,0,0,0,0,24766315,0,36459629,296818,0,0,0,0,0,0,0,0,16384,0,0,0,0,0,0,0,0,0,0,0,7300,473,0,0,0,0,0,56663267,0,157,0,3,470,7300,0,0,0,0,0,0,0,0,0,0,0,0,0,0,0,0,0,0,0,0,0,0,0,0,0,0,0,0,0,0,0,0,0,0,0,0,0,0,0,0,0,0,0,0,0,0,0,0,0,0,0,0,0,0,261460209,0,0,0,500112265,0,0,0,0,0,0,0,79982219,122827296,298521306,180724530688,74549392,1,0,0,0,0,0,0,0,0,0,0,0,0,0,0,0,0,0,0,0,0,0,0,0,0,0,0,0,0,0,0,362,0,0,0,0,0,0,0
1787689005.156,0,0,0,0,0,0,0,754504557,2008275372544,828027142656,0,0,0,0,0,0,0,0,0,0,0,0,0,0,0,0,0,0,0,0,0,0,0,0,0,0,0,0,0,0,0,0,0,0,0,0,0,0,0,0,0,0,0,0,0,0,0,0,0,0,0,0,0,0,0,0,0,0,0,0,7,1696274,122746098,36522867,0,0,0,0,0,0,0,0,0,0,0,0,0,0,0,0,0,0,0,0,0,0,0,0,0,0,0,0,0,0,0,0,0,0,0,0,0,12883312640,10787110912,786336,658393,36470307,0,0,97,786432,121865166,796294,280,3647682746,12884901888,0,708558073,0,0,0,0,0,0,0,0,0,0,0,0,0,0,0,0,0,0,18645355,118523896,0,468,1204,7863,623,37291006,35,0,0,0,0,0,0,0,1,0,0,0,0,0,0,0,0,0,0,24772278,0,36469781,296900,0,0,0,0,0,0,0,0,16384,0,0,0,0,0,0,0,0,0,0,0,7301,473,0,0,0,0,0,56679005,0,157,0,3,470,7301,0,0,0,0,0,0,0,0,0,0,0,0,0,0,0,0,0,0,0,0,0,0,0,0,0,0,0,0,0,0,0,0,0,0,0,0,0,0,0,0,0,0,0,0,0,0,0,0,0,0,0,0,0,0,261537799,0,0,0,500199810,0,0,0,0,0,0,0,80012083,122887746,298609082,180765025792,74577698,1,0,0,0,0,0,0,0,0,0,0,0,0,0,0,0,0,0,0,0,0,0,0,0,0,0,0,0,0,0,0,734,0,0,0,0,0,0,0
1787689006.232,0,0,0,0,0,0,0,754681419,2009255676416,828272976384,0,0,0,0,0,0,0,0,0,0,0,0,0,0,0,0,0,0,0,0,0,0,0,0,0,0,0,0,0,0,0,0,0,0,0,0,0,0,0,0,0,0,0,0,0,0,0,0,0,0,0,0,0,0,0,0,0,0,0,0,7,1696365,122806052,36535032,0,0,0,0,0,0,0,0,0,0,0,0,0,0,0,0,0,0,0,0,0,0,0,0,0,0,0,0,0,0,0,0,0,0,0,0,0,12874629120,10765254656,785805,657059,36480516,531,0,96,786432,121925058,796294,280,3648556074,12884901888,0,708673851,0,0,0,0,0,0,0,0,0,0,0,0,0,0,0,0,0,0,18650485,118529026,0,468,1204,7863,623,37301265,35,0,0,0,0,0,0,0,1,0,0,0,0,0,0,0,0,0,0,24778191,0,36481891,296998,0,0,0,0,0,0,0,0,16384,0,0,0,0,0,0,0,0,0,0,0,7302,473,0,0,0,0,0,56694622,0,157,0,3,470,7302,0,0,0,0,0,0,0,0,0,0,0,0,0,0,0,0,0,0,0,0,0,0,0,0,0,0,0,0,0,0,0,0,0,0,0,0,0,0,0,0,0,0,0,0,0,0,0,0,0,0,0,0,0,0,261613989,0,0,0,500286583,0,0,0,0,0,0,0,80041087,122947570,298697524,180804749824,74604979,1,0,0,0,0,0,0,0,0,0,0,0,0,0,0,0,0,0,0,0,0,0,0,0,0,0,0,0,0,0,0,1057,0,0,0,0,0,0,0
1787689007.310,0,0,0,0,0,0,0,754856210,2010221578752,828560254976,0,0,0,0,0,0,0,0,0,0,0,0,0,0,0,0,0,0,0,0,0,0,0,0,0,0,0,0,0,0,0,0,0,0,0,0,0,0,0,0,0,0,0,0,0,0,0,0,0,0,0,0,0,0,0,0,0,0,0,0,7,1696392,122865147,36549783,0,0,0,0,0,0,0,0,0,0,0,0,0,0,0,0,0,0,0,0,0,0,0,0,0,0,0,0,0,0,0,0,0,0,0,0,0,12883329024,10698686464,786336,652996,36490709,0,0,96,786432,121984104,796294,280,3649422838,12884901888,0,708791145,0,0,0,0,0,0,0,0,0,0,0,0,0,0,0,0,0,0,18655554,118534095,0,468,1204,7863,623,37311400,35,0,0,0,0,0,0,0,1,0,0,0,0,0,0,0,0,0,0,24784032,0,36496698,297116,0,0,0,0,0,0,0,0,16384,0,0,0,0,0,0,0,0,0,0,0,7303,473,0,0,0,0,0,56710038,0,157,0,3,470,7303,0,0,0,0,0,0,0,0,0,0,0,0,0,0,0,0,0,0,0,0,0,0,0,0,0,0,0,0,0,0,0,0,0,0,0,0,0,0,0,0,0,0,0,0,0,0,0,0,0,0,0,0,0,0,261691482,0,0,0,500373597,0,0,0,0,0,0,0,80070137,123006541,298789758,180845160448,74631765,1,0,0,0,0,0,0,0,0,0,0,0,0,0,0,0,0,0,0,0,0,0,0,0,0,0,0,0,0,0,0,138,0,0,0,0,0,0,0
1787689008.388,0,0,0,0,0,0,0,755031291,2011192838656,828832407552,0,0,0,0,0,0,0,0,0,0,0,0,0,0,0,0,0,0,0,0,0,0,0,0,0,0,0,0,0,0,0,0,0,0,0,0,0,0,0,0,0,0,0,0,0,0,0,0,0,0,0,0,0,0,0,0,0,0,0,0,7,1696484,122924577,36563595,0,0,0,0,0,0,0,0,0,0,0,0,0,0,0,0,0,0,0,0,0,0,0,0,0,0,0,0,0,0,0,0,0,0,0,0,0,12883312640,10650501120,786336,650055,36511035,0,0,96,786432,122043475,796294,280,3650287245,12884901888,0,708905686,0,0,0,0,0,0,0,0,0,0,0,0,0,0,0,0,0,0,18660636,118539178,0,468,1204,7863,623,37321567,35,0,0,0,0,0,0,0,1,0,0,0,0,0,0,0,0,0,0,24789883,0,36510509,297228,0,0,0,0,0,0,0,0,16384,0,0,0,0,0,0,0,0,0,0,0,7304,473,0,0,0,0,0,56725480,0,157,0,3,470,7304,0,0,0,0,0,0,0,0,0,0,0,0,0,0,0,0,0,0,0,0,0,0,0,0,0,0,0,0,0,0,0,0,0,0,0,0,0,0,0,0,0,0,0,0,0,0,0,0,0,0,0,0,0,0,261767549,0,0,0,500459526,0,0,0,0,0,0,0,80098434,123065837,298879663,180884852224,74658044,1,1,0,0,0,0,0,0,0,0,0,0,0,0,0,0,0,0,0,0,0,0,0,0,0,0,0,0,0,0,0,427,0,0,0,0,0,0,0
1787689009.465,0,0,0,0,0,0,0,755210662,2012186020352,829044703232,0,0,0,0,0,0,0,0,0,0,0,0,0,0,0,0,0,0,0,0,0,0,0,0,0,0,0,0,0,0,0,0,0,0,0,0,0,0,0,0,0,0,0,0,0,0,0,0,0,0,0,0,0,0,0,0,0,0,0,0,7,1696507,122985345,36573723,0,0,0,0,0,0,0,0,0,0,0,0,0,0,0,0,0,0,0,0,0,0,0,0,0,0,0,0,0,0,0,0,0,0,0,0,0,12883329024,10665951232,786336,650998,36521163,0,0,96,786432,122104163,796294,280,3651172754,12884901888,0,709022884,0,0,0,0,0,0,0,0,0,0,0,0,0,0,0,0,0,0,18665834,118544374,0,468,1204,7863,623,37331959,35,0,0,0,0,0,0,0,1,0,0,0,0,0,0,0,0,0,0,24795863,0,36520637,297310,0,0,0,0,0,0,0,0,16384,0,0,0,0,0,0,0,0,0,0,0,7305,473,0,0,0,0,0,56741271,0,157,0,3,470,7305,0,0,0,0,0,0,0,0,0,0,0,0,0,0,0,0,0,0,0,0,0,0,0,0,0,0,0,0,0,0,0,0,0,0,0,0,0,0,0,0,0,0,0,0,0,0,0,0,0,0,0,0,0,0,261844011,0,0,0,500547409,0,0,0,0,0,0,0,80127574,123126466,298966285,180924840960,74685615,0,1,0,0,0,0,0,0,0,0,0,0,0,0,0,0,0,0,0,0,0,0,0,0,0,0,0,0,0,0,0,808,0,0,0,0,0,0,0
1787689010.542,0,0,0,0,0,0,0,755391159,2013183347200,829256949760,0,0,0,0,0,0,0,0,0,0,0,0,0,0,0,0,0,0,0,0,0,0,0,0,0,0,0,0,0,0,0,0,0,0,0,0,0,0,0,0,0,0,0,0,0,0,0,0,0,0,0,0,0,0,0,0,0,0,0,0,7,1696527,123046356,36583814,0,0,0,0,0,0,0,0,0,0,0,0,0,0,0,0,0,0,0,0,0,0,0,0,0,0,0,0,0,0,0,0,0,0,0,0,0,12883296256,10680549376,786334,651889,36531254,2,0,96,786432,122165111,796294,280,3652064241,12884901888,0,709141096,0,0,0,0,0,0,0,0,0,0,0,0,0,0,0,0,0,0,18671063,118549604,0,468,1204,7863,623,37342417,35,0,0,0,0,0,0,0,1,0,0,0,0,0,0,0,0,0,0,24801884,0,36530728,297392,0,0,0,0,0,0,0,0,16384,0,0,0,0,0,0,0,0,0,0,0,7306,473,0,0,0,0,0,56757191,0,157,0,3,470,7306,0,0,0,0,0,0,0,0,0,0,0,0,0,0,0,0,0,0,0,0,0,0,0,0,0,0,0,0,0,0,0,0,0,0,0,0,0,0,0,0,0,0,0,0,0,0,0,0,0,0,0,0,0,0,261921556,0,0,0,500635922,0,0,0,0,0,0,0,80156807,123187353,299053953,180965220864,74713465,1,0,0,0,0,0,0,0,0,0,0,0,0,0,0,0,0,0,0,0,0,0,0,0,0,0,0,0,0,0,0,1217,0,0,0,0,0,0,0
1787689011.622,0,0,0,0,0,0,0,755571893,2014182967808,829470636032,0,0,0,0,0,0,0,0,0,0,0,0,0,0,0,0,0,0,0,0,0,0,0,0,0,0,0,0,0,0,0,0,0,0,0,0,0,0,0,0,0,0,0,0,0,0,0,0,0,0,0,0,0,0,0,0,0,0,0,0,7,1696551,123107494,36593952,0,0,0,0,0,0,0,0,0,0,0,0,0,0,0,0,0,0,0,0,0,0,0,0,0,0,0,0,0,0,0,0,0,0,0,0,0,12883329024,10693263360,786336,652665,36541392,0,0,96,786432,122226184,796294,280,3652960007,12884901888,0,709261939,0,0,0,0,0,0,0,0,0,0,0,0,0,0,0,0,0,0,18676304,118554845,0,468,1204,7863,623,37352896,35,0,0,0,0,0,0,0,1,0,0,0,0,0,0,0,0,0,0,24807915,0,36540866,297474,0,0,0,0,0,0,0,0,16384,0,0,0,0,0,0,0,0,0,0,0,7307,473,0,0,0,0,0,56773121,0,157,0,3,470,7307,0,0,0,0,0,0,0,0,0,0,0,0,0,0,0,0,0,0,0,0,0,0,0,0,0,0,0,0,0,0,0,0,0,0,0,0,0,0,0,0,0,0,0,0,0,0,0,0,0,0,0,0,0,0,262000533,0,0,0,500725629,0,0,0,0,0,0,0,80186502,123248366,299143087,181006355456,74741632,0,0,0,0,0,0,0,0,0,0,0,0,0,0,0,0,0,0,0,0,0,0,0,0,0,0,0,0,0,0,0,463,0,0,0,0,0,0,0
1787689012.696,0,0,0,0,0,0,0,755752077,2015181785600,829683108352,0,0,0,0,0,0,0,0,0,0,0,0,0,0,0,0,0,0,0,0,0,0,0,0,0,0,0,0,0,0,0,0,0,0,0,0,0,0,0,0,0,0,0,0,0,0,0,0,0,0,0,0,0,0,0,0,0,0,0,0,7,1696575,123168594,36604078,0,0,0,0,0,0,0,0,0,0,0,0,0,0,0,0,0,0,0,0,0,0,0,0,0,0,0,0,0,0,0,0,0,0,0,0,0,12883329024,10705764352,786336,653428,36551518,0,0,96,786432,122287206,796294,280,3653849992,12884901888,0,709379774,0,0,0,0,0,0,0,0,0,0,0,0,0,0,0,0,0,0,18681532,118560074,0,468,1204,7863,623,37363352,35,0,0,0,0,0,0,0,1,0,0,0,0,0,0,0,0,0,0,24813932,0,36550992,297556,0,0,0,0,0,0,0,0,16384,0,0,0,0,0,0,0,0,0,0,0,7308,473,0,0,0,0,0,56789009,0,157,0,3,470,7308,0,0,0,0,0,0,0,0,0,0,0,0,0,0,0,0,0,0,0,0,0,0,0,0,0,0,0,0,0,0,0,0,0,0,0,0,0,0,0,0,0,0,0,0,0,0,0,0,0,0,0,0,0,0,262077795,0,0,0,500813961,0,0,0,0,0,0,0,80215870,123309321,299230495,181046731776,74769498,0,0,0,0,0,0,0,0,0,0,0,0,0,0,0,0,0,0,0,0,0,0,0,0,0,0,0,0,0,0,0,913,0,0,0,0,0,0,0
1787689013.775,0,0,0,0,0,0,0,755931713,2016179767808,829895812608,0,0,0,0,0,0,0,0,0,0,0,0,0,0,0,0,0,0,0,0,0,0,0,0,0,0,0,0,0,0,0,0,0,0,0,0,0,0,0,0,0,0,0,0,0,0,0,0,0,0,0,0,0,0,0,0,0,0,0,0,7,1696594,123229625,36614193,0,0,0,0,0,0,0,0,0,0,0,0,0,0,0,0,0,0,0,0,0,0,0,0,0,0,0,0,0,0,0,0,0,0,0,0,0,12883329024,10720460800,786336,654325,36561633,0,0,96,786432,122348166,796294,280,3654740560,12884901888,0,709499827,0,0,0,0,0,0,0,0,0,0,0,0,0,0,0,0,0,0,18686748,118565289,0,468,1204,7863,623,37373783,35,0,0,0,0,0,0,0,1,0,0,0,0,0,0,0,0,0,0,24819940,0,36561107,297638,0,0,0,0,0,0,0,0,16384,0,0,0,0,0,0,0,0,0,0,0,7310,473,0,0,0,0,0,56804829,0,157,0,3,470,7310,0,0,0,0,0,0,0,0,0,0,0,0,0,0,0,0,0,0,0,0,0,0,0,0,0,0,0,0,0,0,0,0,0,0,0,0,0,0,0,0,0,0,0,0,0,0,0,0,0,0,0,0,0,0,262155456,0,0,0,500903265,0,0,0,0,0,0,0,80245445,123370234,299318285,181087247360,74797517,1,0,0,0,0,0,0,0,0,0,0,0,0,0,0,0,0,0,0,0,0,0,0,0,0,0,0,0,0,0,0,92,0,0,0,0,0,0,0
1787689014.853,0,0,0,0,0,0,0,756111499,2017176979968,830109005824,0,0,0,0,0,0,0,0,0,0,0,0,0,0,0,0,0,0,0,0,0,0,0,0,0,0,0,0,0,0,0,0,0,0,0,0,0,0,0,0,0,0,0,0,0,0,0,0,0,0,0,0,0,0,0,0,0,0,0,0,7,1696617,123290620,36624332,0,0,0,0,0,0,0,0,0,0,0,0,0,0,0,0,0,0,0,0,0,0,0,0,0,0,0,0,0,0,0,0,0,0,0,0,0,12883296256,10735943680,786335,655270,36571772,0,0,96,786432,122409086,796294,280,3655628361,12884901888,0,709617284,0,0,0,0,0,0,0,0,0,0,0,0,0,0,0,0,0,0,18691961,118570502,0,468,1204,7863,623,37384212,35,0,0,0,0,0,0,0,1,0,0,0,0,0,0,0,0,0,0,24825937,0,36571246,297720,0,0,0,0,0,0,0,0,16384,0,0,0,0,0,0,0,0,0,0,0,7311,473,0,0,0,0,0,56820664,0,157,0,3,470,7311,0,0,0,0,0,0,0,0,0,0,0,0,0,0,0,0,0,0,0,0,0,0,0,0,0,0,0,0,0,0,0,0,0,0,0,0,0,0,0,0,0,0,0,0,0,0,0,0,0,0,0,0,0,0,262233430,0,0,0,500991419,0,0,0,0,0,0,0,80274791,123431086,299406423,181127881216,74825351,0,0,0,0,0,0,0,0,0,0,0,0,0,0,0,0,0,0,0,0,0,0,0,0,0,0,0,0,0,0,0,505,0,0,0,0,0,0,0
1787689015.932,0,0,0,0,0,0,0,756291179,2018174290432,830321752576,0,0,0,0,0,0,0,0,0,0,0,0,0,0,0,0,0,0,0,0,0,0,0,0,0,0,0,0,0,0,0,0,0,0,0,0,0,0,0,0,0,0,0,0,0,0,0,0,0,0,0,0,0,0,0,0,0,0,0,0,7,1696725,123351636,36634473,0,0,0,0,0,0,0,0,0,0,0,0,0,0,0,0,0,0,0,0,0,0,0,0,0,0,0,0,0,0,0,0,0,0,0,0,0,12883329024,10749394944,786335,656091,36581913,0,0,97,786432,122470041,796294,280,3656515654,12884901888,0,709734831,0,0,0,0,0,0,0,0,0,0,0,0,0,0,0,0,0,0,18697164,118575706,0,468,1204,7863,623,37394617,35,0,0,0,0,0,0,0,1,0,0,0,0,0,0,0,0,0,0,24831918,0,36581387,297802,0,0,0,0,0,0,0,0,16384,0,0,0,0,0,0,0,0,0,0,0,7312,473,0,0,0,0,0,56836505,0,157,0,3,470,7312,0,0,0,0,0,0,0,0,0,0,0,0,0,0,0,0,0,0,0,0,0,0,0,0,0,0,0,0,0,0,0,0,0,0,0,0,0,0,0,0,0,0,0,0,0,0,0,0,0,0,0,0,0,0,262310902,0,0,0,501079420,0,0,0,0,0,0,0,80303879,123491939,299494056,181168312832,74853007,0,0,0,0,0,0,0,0,0,0,0,0,0,0,0,0,0,0,0,0,0,0,0,0,0,0,0,0,0,0,0,902,0,0,0,0,0,0,0
1787689017.012,0,0,0,0,0,0,0,756470351,2019169126912,830534902784,0,0,0,0,0,0,0,0,0,0,0,0,0,0,0,0,0,0,0,0,0,0,0,0,0,0,0,0,0,0,0,0,0,0,0,0,0,0,0,0,0,0,0,0,0,0,0,0,0,0,0,0,0,0,0,0,0,0,0,0,7,1696791,123412497,36644614,0,0,0,0,0,0,0,0,0,0,0,0,0,0,0,0,0,0,0,0,0,0,0,0,0,0,0,0,0,0,0,0,0,0,0,0,0,12883312640,10763747328,786335,656967,36592054,0,0,97,786432,122530820,796294,280,3657404484,12884901888,0,709854904,0,0,0,0,0,0,0,0,0,0,0,0,0,0,0,0,0,0,18702360,118580902,0,468,1204,7863,623,37405013,35,0,0,0,0,0,0,0,1,0,0,0,0,0,0,0,0,0,0,24837902,0,36591528,297884,0,0,0,0,0,0,0,0,16384,0,0,0,0,0,0,0,0,0,0,0,7313,473,0,0,0,0,0,56852309,0,157,0,3,470,7313,0,0,0,0,0,0,0,0,0,0,0,0,0,0,0,0,0,0,0,0,0,0,0,0,0,0,0,0,0,0,0,0,0,0,0,0,0,0,0,0,0,0,0,0,0,0,0,0,0,0,0,0,0,0,262388940,0,0,0,501168504,0,0,0,0,0,0,0,80333095,123552675,299582263,181209058304,74880696,1,1,0,0,0,0,0,0,0,0,0,0,0,0,0,0,0,0,0,0,0,0,0,0,0,0,0,0,0,0,0,65,0,0,0,0,0,0,0
1787689018.087,0,0,0,0,0,0,0,756650662,2020162685440,830747585536,0,0,0,0,0,0,0,0,0,0,0,0,0,0,0,0,0,0,0,0,0,0,0,0,0,0,0,0,0,0,0,0,0,0,0,0,0,0,0,0,0,0,0,0,0,0,0,0,0,0,0,0,0,0,0,0,0,0,0,0,7,1696809,123473258,36654732,0,0,0,0,0,0,0,0,0,0,0,0,0,0,0,0,0,0,0,0,0,0,0,0,0,0,0,0,0,0,0,0,0,0,0,0,0,12883296256,10779983872,786335,657958,36602172,0,0,97,786432,122591509,796294,280,3658295159,12884901888,0,709973080,0,0,0,0,0,0,0,0,0,0,0,0,0,0,0,0,0,0,18707587,118586129,0,468,1204,7863,623,37415461,35,0,0,0,0,0,0,0,1,0,0,0,0,0,0,0,0,0,0,24843916,0,36601646,297965,0,0,0,0,0,0,0,0,16384,0,0,0,0,0,0,0,0,0,0,0,7314,473,0,0,0,0,0,56868206,0,157,0,3,470,7314,0,0,0,0,0,0,0,0,0,0,0,0,0,0,0,0,0,0,0,0,0,0,0,0,0,0,0,0,0,0,0,0,0,0,0,0,0,0,0,0,0,0,0,0,0,0,0,0,0,0,0,0,0,0,262466721,0,0,0,501256788,0,0,0,0,0,0,0,80362510,123613331,299670202,181249613312,74908633,0,0,0,0,0,0,0,0,0,0,0,0,0,0,0,0,0,0,0,0,0,0,0,0,0,0,0,0,0,0,0,483,0,0,0,0,0,0,0
1787689019.167,0,0,0,0,0,0,0,756832004,2021167057408,830961141760,0,0,0,0,0,0,0,0,0,0,0,0,0,0,0,0,0,0,0,0,0,0,0,0,0,0,0,0,0,0,0,0,0,0,0,0,0,0,0,0,0,0,0,0,0,0,0,0,0,0,0,0,0,0,0,0,0,0,0,0,7,1696834,123534695,36664897,0,0,0,0,0,0,0,0,0,0,0,0,0,0,0,0,0,0,0,0,0,0,0,0,0,0,0,0,0,0,0,0,0,0,0,0,0,12883329024,10794467328,786336,658842,36612337,0,0,96,786432,122652881,796294,280,3659190255,12884901888,0,710091440,0,0,0,0,0,0,0,0,0,0,0,0,0,0,0,0,0,0,18712848,118591388,0,468,1204,7863,623,37425985,35,0,0,0,0,0,0,0,1,0,0,0,0,0,0,0,0,0,0,24849967,0,36611811,298047,0,0,0,0,0,0,0,0,16384,0,0,0,0,0,0,0,0,0,0,0,7315,473,0,0,0,0,0,56884191,0,157,0,3,470,7315,0,0,0,0,0,0,0,0,0,0,0,0,0,0,0,0,0,0,0,0,0,0,0,0,0,0,0,0,0,0,0,0,0,0,0,0,0,0,0,0,0,0,0,0,0,0,0,0,0,0,0,0,0,0,262544653,0,0,0,501345626,0,0,0,0,0,0,0,80392283,123674625,299758326,181290311680,74936884,1,0,0,0,0,0,0,0,0,0,0,0,0,0,0,0,0,0,0,0,0,0,0,0,0,0,0,0,0,0,0,931,0,0,0,0,0,0,0
1787689020.247,0,0,0,0,0,0,0,757009128,2022145968640,831214309888,0,0,0,0,0,0,0,0,0,0,0,0,0,0,0,0,0,0,0,0,0,0,0,0,0,0,0,0,0,0,0,0,0,0,0,0,0,0,0,0,0,0,0,0,0,0,0,0,0,0,0,0,0,0,0,0,0,0,0,0,7,1696851,123594582,36677488,0,0,0,0,0,0,0,0,0,0,0,0,0,0,0,0,0,0,0,0,0,0,0,0,0,0,0,0,0,0,0,0,0,0,0,0,0,12882722816,10765729792,786299,657088,36622423,37,0,96,786432,122712717,796294,280,3660068021,12884901888,0,710209842,0,0,0,0,0,0,0,0,0,0,0,0,0,0,0,0,0,0,18717981,118596523,0,468,1204,7863,623,37436257,35,0,0,0,0,0,0,0,1,0,0,0,0,0,0,0,0,0,0,24855892,0,36624289,298150,0,0,0,0,0,0,0,0,16384,0,0,0,0,0,0,0,0,0,0,0,7316,473,0,0,0,0,0,56899816,0,157,0,3,470,7316,0,0,0,0,0,0,0,0,0,0,0,0,0,0,0,0,0,0,0,0,0,0,0,0,0,0,0,0,0,0,0,0,0,0,0,0,0,0,0,0,0,0,0,0,0,0,0,0,0,0,0,0,0,0,262621743,0,0,0,501433727,0,0,0,0,0,0,0,80421197,123734369,299848061,181330482176,74963895,1,0,0,0,0,0,0,0,0,0,0,0,0,0,0,0,0,0,0,0,0,0,0,0,0,0,0,0,0,0,0,93,0,0,0,0,0,0,0
1787689021.323,0,0,0,0,0,0,0,757183495,2023110003200,831492826112,0,0,0,0,0,0,0,0,0,0,0,0,0,0,0,0,0,0,0,0,0,0,0,0,0,0,0,0,0,0,0,0,0,0,0,0,0,0,0,0,0,0,0,0,0,0,0,0,0,0,0,0,0,0,0,0,0,0,0,0,7,1696926,123653562,36691698,0,0,0,0,0,0,0,0,0,0,0,0,0,0,0,0,0,0,0,0,0,0,0,0,0,0,0,0,0,0,0,0,0,0,0,0,0,12883296256,10707320832,786334,653523,36632507,0,0,97,786432,122771612,796294,280,3660928764,12884901888,0,710323770,0,0,0,0,0,0,0,0,0,0,0,0,0,0,0,0,0,0,18723040,118601581,0,468,1204,7863,623,37446368,35,0,0,0,0,0,0,0,1,0,0,0,0,0,0,0,0,0,0,24861714,0,36638611,298264,0,0,0,0,0,0,0,0,16384,0,0,0,0,0,0,0,0,0,0,0,7317,473,0,0,0,0,0,56915191,0,157,0,3,470,7317,0,0,0,0,0,0,0,0,0,0,0,0,0,0,0,0,0,0,0,0,0,0,0,0,0,0,0,0,0,0,0,0,0,0,0,0,0,0,0,0,0,0,0,0,0,0,0,0,0,0,0,0,0,0,262697598,0,0,0,501519401,0,0,0,0,0,0,0,80449537,123793231,299938156,181370155008,74990156,1,0,0,0,0,0,0,0,0,0,0,0,0,0,0,0,0,0,0,0,0,0,0,0,0,0,0,0,0,0,0,346,0,0,0,0,0,0,0
1787689022.399,0,0,0,0,0,0,0,757358367,2024079215104,831760415744,0,0,0,0,0,0,0,0,0,0,0,0,0,0,0,0,0,0,0,0,0,0,0,0,0,0,0,0,0,0,0,0,0,0,0,0,0,0,0,0,0,0,0,0,0,0,0,0,0,0,0,0,0,0,0,0,0,0,0,0,7,1697023,123712881,36705296,0,0,0,0,0,0,0,0,0,0,0,0,0,0,0,0,0,0,0,0,0,0,0,0,0,0,0,0,0,0,0,0,0,0,0,0,0,12883329024,10661855232,786336,650748,36652736,0,0,96,786432,122830862,796294,280,3661792066,12884901888,0,710438006,0,0,0,0,0,0,0,0,0,0,0,0,0,0,0,0,0,0,18728112,118606655,0,468,1204,7863,623,37456515,35,0,0,0,0,0,0,0,1,0,0,0,0,0,0,0,0,0,0,24867554,0,36652210,298375,0,0,0,0,0,0,0,0,16384,0,0,0,0,0,0,0,0,0,0,0,7318,473,0,0,0,0,0,56930627,0,157,0,3,470,7318,0,0,0,0,0,0,0,0,0,0,0,0,0,0,0,0,0,0,0,0,0,0,0,0,0,0,0,0,0,0,0,0,0,0,0,0,0,0,0,0,0,0,0,0,0,0,0,0,0,0,0,0,0,0,262772731,0,0,0,501605224,0,0,0,0,0,0,0,80478349,123852413,300026881,181409365504,75016899,0,0,0,0,0,0,0,0,0,0,0,0,0,0,0,0,0,0,0,0,0,0,0,0,0,0,0,0,0,0,0,610,0,0,0,0,0,0,0
1787689023.477,0,0,0,0,0,0,0,757537625,2025072069120,831973677056,0,0,0,0,0,0,0,0,0,0,0,0,0,0,0,0,0,0,0,0,0,0,0,0,0,0,0,0,0,0,0,0,0,0,0,0,0,0,0,0,0,0,0,0,0,0,0,0,0,0,0,0,0,0,0,0,0,0,0,0,7,1697056,123773608,36715452,0,0,0,0,0,0,0,0,0,0,0,0,0,0,0,0,0,0,0,0,0,0,0,0,0,0,0,0,0,0,0,0,0,0,0,0,0,12883329024,10675437568,786336,651577,36662892,0,0,96,786432,122891513,796294,280,3662677281,12884901888,0,710555124,0,0,0,0,0,0,0,0,0,0,0,0,0,0,0,0,0,0,18733317,118611858,0,468,1204,7863,623,37466925,35,0,0,0,0,0,0,0,1,0,0,0,0,0,0,0,0,0,0,24873545,0,36662366,298457,0,0,0,0,0,0,0,0,16384,0,0,0,0,0,0,0,0,0,0,0,7319,473,0,0,0,0,0,56946452,0,157,0,3,470,7319,0,0,0,0,0,0,0,0,0,0,0,0,0,0,0,0,0,0,0,0,0,0,0,0,0,0,0,0,0,0,0,0,0,0,0,0,0,0,0,0,0,0,0,0,0,0,0,0,0,0,0,0,0,0,262849795,0,0,0,501693153,0,0,0,0,0,0,0,80507504,123913010,300114134,181449622016,75044576,1,0,0,0,0,0,0,0,0,0,0,0,0,0,0,0,0,0,0,0,0,0,0,0,0,0,0,0,0,0,0,1015,0,0,0,0,0,0,0
1787689024.552,0,0,0,0,0,0,0,757715984,2026065938944,832186403840,0,0,0,0,0,0,0,0,0,0,0,0,0,0,0,0,0,0,0,0,0,0,0,0,0,0,0,0,0,0,0,0,0,0,0,0,0,0,0,0,0,0,0,0,0,0,0,0,0,0,0,0,0,0,0,0,0,0,0,0,7,1697073,123834385,36725570,0,0,0,0,0,0,0,0,0,0,0,0,0,0,0,0,0,0,0,0,0,0,0,0,0,0,0,0,0,0,0,0,0,0,0,0,0,12883329024,10690084864,786336,652471,36673010,0,0,96,786432,122952203,796294,280,3663562491,12884901888,0,710674284,0,0,0,0,0,0,0,0,0,0,0,0,0,0,0,0,0,0,18738488,118617029,0,468,1204,7863,623,37477270,35,0,0,0,0,0,0,0,1,0,0,0,0,0,0,0,0,0,0,24879502,0,36672484,298539,0,0,0,0,0,0,0,0,16384,0,0,0,0,0,0,0,0,0,0,0,7320,473,0,0,0,0,0,56962168,0,157,0,3,470,7320,0,0,0,0,0,0,0,0,0,0,0,0,0,0,0,0,0,0,0,0,0,0,0,0,0,0,0,0,0,0,0,0,0,0,0,0,0,0,0,0,0,0,0,0,0,0,0,0,0,0,0,0,0,0,262927860,0,0,0,501781834,0,0,0,0,0,0,0,80536604,123973664,300202333,181490318848,75072186,1,0,0,0,0,0,0,0,0,0,0,0,0,0,0,0,0,0,0,0,0,0,0,0,0,0,0,0,0,0,0,190,0,0,0,0,0,0,0
1787689025.626,0,0,0,0,0,0,0,757895282,2027057203712,832399788544,0,0,0,0,0,0,0,0,0,0,0,0,0,0,0,0,0,0,0,0,0,0,0,0,0,0,0,0,0,0,0,0,0,0,0,0,0,0,0,0,0,0,0,0,0,0,0,0,0,0,0,0,0,0,0,0,0,0,0,0,7,1697090,123895021,36735738,0,0,0,0,0,0,0,0,0,0,0,0,0,0,0,0,0,0,0,0,0,0,0,0,0,0,0,0,0,0,0,0,0,0,0,0,0,12883329024,10701668352,786336,653178,36683178,0,0,96,786432,123012769,796294,280,3664447171,12884901888,0,710791108,0,0,0,0,0,0,0,0,0,0,0,0,0,0,0,0,0,0,18743686,118622229,0,468,1204,7863,623,37487667,35,0,0,0,0,0,0,0,1,0,0,0,0,0,0,0,0,0,0,24885485,0,36682652,298621,0,0,0,0,0,0,0,0,16384,0,0,0,0,0,0,0,0,0,0,0,7321,473,0,0,0,0,0,56977959,0,157,0,3,470,7321,0,0,0,0,0,0,0,0,0,0,0,0,0,0,0,0,0,0,0,0,0,0,0,0,0,0,0,0,0,0,0,0,0,0,0,0,0,0,0,0,0,0,0,0,0,0,0,0,0,0,0,0,0,0,263005907,0,0,0,501869681,0,0,0,0,0,0,0,80565733,124034156,300290566,181530914304,75099842,1,1,0,0,0,0,0,0,0,0,0,0,0,0,0,0,0,0,0,0,0,0,0,0,0,0,0,0,0,0,0,619,0,0,0,0,0,0,0
1787689026.702,0,0,0,0,0,0,0,758076320,2028058495488,832614043136,0,0,0,0,0,0,0,0,0,0,0,0,0,0,0,0,0,0,0,0,0,0,0,0,0,0,0,0,0,0,0,0,0,0,0,0,0,0,0,0,0,0,0,0,0,0,0,0,0,0,0,0,0,0,0,0,0,0,0,0,7,1697120,123956257,36745910,0,0,0,0,0,0,0,0,0,0,0,0,0,0,0,0,0,0,0,0,0,0,0,0,0,0,0,0,0,0,0,0,0,0,0,0,0,12883312640,10716774400,786334,654100,36693350,1,0,97,786432,123073936,796294,280,3665341314,12884901888,0,710909041,0,0,0,0,0,0,0,0,0,0,0,0,0,0,0,0,0,0,18748938,118627481,0,468,1204,7863,623,37498169,35,0,0,0,0,0,0,0,1,0,0,0,0,0,0,0,0,0,0,24891528,0,36692824,298703,0,0,0,0,0,0,0,0,16384,0,0,0,0,0,0,0,0,0,0,0,7322,473,0,0,0,0,0,56993902,0,157,0,3,470,7322,0,0,0,0,0,0,0,0,0,0,0,0,0,0,0,0,0,0,0,0,0,0,0,0,0,0,0,0,0,0,0,0,0,0,0,0,0,0,0,0,0,0,0,0,0,0,0,0,0,0,0,0,0,0,263084031,0,0,0,501958410,0,0,0,0,0,0,0,80595116,124095267,300378906,181571761664,75127728,1,0,0,0,0,0,0,0,0,0,0,0,0,0,0,0,0,0,0,0,0,0,0,0,0,0,0,0,0,0,0,1091,0,0,0,0,0,0,0
1787689027.780,0,0,0,0,0,0,0,758253232,2029037505024,832825875456,0,0,0,0,0,0,0,0,0,0,0,0,0,0,0,0,0,0,0,0,0,0,0,0,0,0,0,0,0,0,0,0,0,0,0,0,0,0,0,0,0,0,0,0,0,0,0,0,0,0,0,0,0,0,0,0,0,0,0,0,7,1697144,124016152,36756009,0,0,0,0,0,0,0,0,0,0,0,0,0,0,0,0,0,0,0,0,0,0,0,0,0,0,0,0,0,0,0,0,0,0,0,0,0,12883312640,10727604224,786335,654761,36703449,1,0,96,786432,123133777,796294,280,3666218101,12884901888,0,711027144,0,0,0,0,0,0,0,0,0,0,0,0,0,0,0,0,0,0,18754070,118632613,0,468,1204,7863,623,37508432,35,0,0,0,0,0,0,0,1,0,0,0,0,0,0,0,0,0,0,24897441,0,36702923,298785,0,0,0,0,0,0,0,0,16384,0,0,0,0,0,0,0,0,0,0,0,7324,473,0,0,0,0,0,57009560,0,157,0,3,470,7324,0,0,0,0,0,0,0,0,0,0,0,0,0,0,0,0,0,0,0,0,0,0,0,0,0,0,0,0,0,0,0,0,0,0,0,0,0,0,0,0,0,0,0,0,0,0,0,0,0,0,0,0,0,0,263160709,0,0,0,502046457,0,0,0,0,0,0,0,80622877,124155037,300465728,181611765760,75154001,0,0,0,0,0,0,0,0,0,0,0,0,0,0,0,0,0,0,0,0,0,0,0,0,0,0,0,0,0,0,0,195,0,0,0,0,0,0,0
1787689028.859,0,0,0,0,0,0,0,758425878,2029995756032,833037161984,0,0,0,0,0,0,0,0,0,0,0,0,0,0,0,0,0,0,0,0,0,0,0,0,0,0,0,0,0,0,0,0,0,0,0,0,0,0,0,0,0,0,0,0,0,0,0,0,0,0,0,0,0,0,0,0,0,0,0,0,7,1697232,124074755,36766107,0,0,0,0,0,0,0,0,0,0,0,0,0,0,0,0,0,0,0,0,0,0,0,0,0,0,0,0,0,0,0,0,0,0,0,0,0,12883296256,10735583232,786334,655248,36713547,0,0,98,786432,123192294,796294,280,3667071607,12884901888,0,711140049,0,0,0,0,0,0,0,0,0,0,0,0,0,0,0,0,0,0,18759081,118637625,0,468,1204,7863,623,37518456,35,0,0,0,0,0,0,0,1,0,0,0,0,0,0,0,0,0,0,24903209,0,36713021,298867,0,0,0,0,0,0,0,0,16384,0,0,0,0,0,0,0,0,0,0,0,7325,473,0,0,0,0,0,57024799,0,157,0,3,470,7325,0,0,0,0,0,0,0,0,0,0,0,0,0,0,0,0,0,0,0,0,0,0,0,0,0,0,0,0,0,0,0,0,0,0,0,0,0,0,0,0,0,0,0,0,0,0,0,0,0,0,0,0,0,0,263236444,0,0,0,502131315,0,0,0,0,0,0,0,80649054,124213511,300551584,181651298304,75178674,0,1,0,0,0,0,0,0,0,0,0,0,0,0,0,0,0,0,0,0,0,0,0,0,0,0,0,0,0,0,0,433,0,0,0,0,0,0,0
1787689029.937,0,0,0,0,0,0,0,758602857,2030977206784,833248203776,0,0,0,0,0,0,0,0,0,0,0,0,0,0,0,0,0,0,0,0,0,0,0,0,0,0,0,0,0,0,0,0,0,0,0,0,0,0,0,0,0,0,0,0,0,0,0,0,0,0,0,0,0,0,0,0,0,0,0,0,7,1697250,124134798,36776209,0,0,0,0,0,0,0,0,0,0,0,0,0,0,0,0,0,0,0,0,0,0,0,0,0,0,0,0,0,0,0,0,0,0,0,0,0,12883329024,10745380864,786336,655846,36723649,0,0,96,786432,123252262,796294,280,3667945430,12884901888,0,711255407,0,0,0,0,0,0,0,0,0,0,0,0,0,0,0,0,0,0,18764219,118642763,0,468,1204,7863,623,37528728,35,0,0,0,0,0,0,0,1,0,0,0,0,0,0,0,0,0,0,24909124,0,36723123,298949,0,0,0,0,0,0,0,0,16384,0,0,0,0,0,0,0,0,0,0,0,7326,473,0,0,0,0,0,57040373,0,157,0,3,470,7326,0,0,0,0,0,0,0,0,0,0,0,0,0,0,0,0,0,0,0,0,0,0,0,0,0,0,0,0,0,0,0,0,0,0,0,0,0,0,0,0,0,0,0,0,0,0,0,0,0,0,0,0,0,0,263312356,0,0,0,502218132,0,0,0,0,0,0,0,80677004,124273422,300637631,181690733568,75205172,1,1,0,0,0,0,0,0,0,0,0,0,0,0,0,0,0,0,0,0,0,0,0,0,0,0,0,0,0,0,0,754,0,0,0,0,0,0,0
1787689031.013,0,0,0,0,0,0,0,758776332,2031936391680,833459819520,0,0,0,0,0,0,0,0,0,0,0,0,0,0,0,0,0,0,0,0,0,0,0,0,0,0,0,0,0,0,0,0,0,0,0,0,0,0,0,0,0,0,0,0,0,0,0,0,0,0,0,0,0,0,0,0,0,0,0,0,7,1697276,124193448,36786354,0,0,0,0,0,0,0,0,0,0,0,0,0,0,0,0,0,0,0,0,0,0,0,0,0,0,0,0,0,0,0,0,0,0,0,0,0,12883329024,10753687552,786336,656353,36733794,0,0,96,786432,123310859,796294,280,3668802844,12884901888,0,711369688,0,0,0,0,0,0,0,0,0,0,0,0,0,0,0,0,0,0,18769242,118647785,0,468,1204,7863,623,37538778,35,0,0,0,0,0,0,0,1,0,0,0,0,0,0,0,0,0,0,24914913,0,36733268,299031,0,0,0,0,0,0,0,0,16384,0,0,0,0,0,0,0,0,0,0,0,7327,473,0,0,0,0,0,57055651,0,157,0,3,470,7327,0,0,0,0,0,0,0,0,0,0,0,0,0,0,0,0,0,0,0,0,0,0,0,0,0,0,0,0,0,0,0,0,0,0,0,0,0,0,0,0,0,0,0,0,0,0,0,0,0,0,0,0,0,0,263387593,0,0,0,502303290,0,0,0,0,0,0,0,80704121,124331972,300723056,181730016256,75230715,0,0,0,0,0,0,0,0,0,0,0,0,0,0,0,0,0,0,0,0,0,0,0,0,0,0,0,0,0,0,0,990,0,0,0,0,0,0,0
1787689032.087,0,0,0,0,0,0,0,758947357,2032883960320,833669912576,0,0,0,0,0,0,0,0,0,0,0,0,0,0,0,0,0,0,0,0,0,0,0,0,0,0,0,0,0,0,0,0,0,0,0,0,0,0,0,0,0,0,0,0,0,0,0,0,0,0,0,0,0,0,0,0,0,0,0,0,7,1697294,124251422,36796436,0,0,0,0,0,0,0,0,0,0,0,0,0,0,0,0,0,0,0,0,0,0,0,0,0,0,0,0,0,0,0,0,0,0,0,0,0,12883329024,10758995968,786336,656677,36743876,0,0,96,786432,123368754,796294,280,3669648107,12884901888,0,711481749,0,0,0,0,0,0,0,0,0,0,0,0,0,0,0,0,0,0,18774206,118652748,0,468,1204,7863,623,37548706,35,0,0,0,0,0,0,0,1,0,0,0,0,0,0,0,0,0,0,24920626,0,36743350,299111,0,0,0,0,0,0,0,0,16384,0,0,0,0,0,0,0,0,0,0,0,7328,473,0,0,0,0,0,57070719,0,157,0,3,470,7328,0,0,0,0,0,0,0,0,0,0,0,0,0,0,0,0,0,0,0,0,0,0,0,0,0,0,0,0,0,0,0,0,0,0,0,0,0,0,0,0,0,0,0,0,0,0,0,0,0,0,0,0,0,0,263462244,0,0,0,502387385,0,0,0,0,0,0,0,80730425,124389810,300807818,181768956416,75255526,1,1,0,0,0,0,0,0,0,0,0,0,0,0,0,0,0,0,0,0,0,0,0,0,0,0,0,0,0,0,0,1159,0,0,0,0,0,0,0
1787689033.166,0,0,0,0,0,0,0,759116515,2033822583296,833880212992,0,0,0,0,0,0,0,0,0,0,0,0,0,0,0,0,0,0,0,0,0,0,0,0,0,0,0,0,0,0,0,0,0,0,0,0,0,0,0,0,0,0,0,0,0,0,0,0,0,0,0,0,0,0,0,0,0,0,0,0,7,1697324,124308835,36806500,0,0,0,0,0,0,0,0,0,0,0,0,0,0,0,0,0,0,0,0,0,0,0,0,0,0,0,0,0,0,0,0,0,0,0,0,0,12883329024,10764337152,786336,657003,36753940,0,0,96,786432,123426084,796294,280,3670486615,12884901888,0,711595011,0,0,0,0,0,0,0,0,0,0,0,0,0,0,0,0,0,0,18779109,118657653,0,468,1204,7863,623,37558513,35,0,0,0,0,0,0,0,1,0,0,0,0,0,0,0,0,0,0,24926276,0,36753414,299191,0,0,0,0,0,0,0,0,16384,0,0,0,0,0,0,0,0,0,0,0,7329,473,0,0,0,0,0,57085619,0,157,0,3,470,7329,0,0,0,0,0,0,0,0,0,0,0,0,0,0,0,0,0,0,0,0,0,0,0,0,0,0,0,0,0,0,0,0,0,0,0,0,0,0,0,0,0,0,0,0,0,0,0,0,0,0,0,0,0,0,263537092,0,0,0,502471604,0,0,0,0,0,0,0,80755226,124447097,300892740,181808059904,75278780,1,1,0,0,0,0,0,0,0,0,0,0,0,0,0,0,0,0,0,0,0,0,0,0,0,0,0,0,0,0,0,211,0,0,0,0,0,0,0
1787689034.245,0,0,0,0,0,0,0,759284519,2034754210304,834129517568,0,0,0,0,0,0,0,0,0,0,0,0,0,0,0,0,0,0,0,0,0,0,0,0,0,0,0,0,0,0,0,0,0,0,0,0,0,0,0,0,0,0,0,0,0,0,0,0,0,0,0,0,0,0,0,0,0,0,0,0,7,1697353,124365814,36818999,0,0,0,0,0,0,0,0,0,0,0,0,0,0,0,0,0,0,0,0,0,0,0,0,0,0,0,0,0,0,0,0,0,0,0,0,0,12875530240,10727079936,785860,654728,36764040,476,0,96,786432,123482982,796294,280,3671317782,12884901888,0,711705849,0,0,0,0,0,0,0,0,0,0,0,0,0,0,0,0,0,0,18783985,118662529,0,468,1204,7863,623,37568262,35,0,0,0,0,0,0,0,1,0,0,0,0,0,0,0,0,0,0,24931888,0,36765790,299291,0,0,0,0,0,0,0,0,16384,0,0,0,0,0,0,0,0,0,0,0,7330,473,0,0,0,0,0,57100431,0,157,0,3,470,7330,0,0,0,0,0,0,0,0,0,0,0,0,0,0,0,0,0,0,0,0,0,0,0,0,0,0,0,0,0,0,0,0,0,0,0,0,0,0,0,0,0,0,0,0,0,0,0,0,0,0,0,0,0,0,263610740,0,0,0,502554451,0,0,0,0,0,0,0,80780627,124503972,300978990,181846459392,75302345,1,0,0,0,0,0,0,0,0,0,0,0,0,0,0,0,0,0,0,0,0,0,0,0,0,0,0,0,0,0,0,127,0,0,0,0,0,0,0
1787689035.320,0,0,0,0,0,0,0,759450598,2035672549888,834406288896,0,0,0,0,0,0,0,0,0,0,0,0,0,0,0,0,0,0,0,0,0,0,0,0,0,0,0,0,0,0,0,0,0,0,0,0,0,0,0,0,0,0,0,0,0,0,0,0,0,0,0,0,0,0,0,0,0,0,0,0,7,1697429,124421978,36833172,0,0,0,0,0,0,0,0,0,0,0,0,0,0,0,0,0,0,0,0,0,0,0,0,0,0,0,0,0,0,0,0,0,0,0,0,0,12883329024,10663346176,786336,650839,36774120,0,0,96,786432,123539072,796294,280,3672138231,12884901888,0,711814942,0,0,0,0,0,0,0,0,0,0,0,0,0,0,0,0,0,0,18788799,118667343,0,468,1204,7863,623,37577888,35,0,0,0,0,0,0,0,1,0,0,0,0,0,0,0,0,0,0,24937438,0,36780046,299403,0,0,0,0,0,0,0,0,16384,0,0,0,0,0,0,0,0,0,0,0,7331,473,0,0,0,0,0,57115075,0,157,0,3,470,7331,0,0,0,0,0,0,0,0,0,0,0,0,0,0,0,0,0,0,0,0,0,0,0,0,0,0,0,0,0,0,0,0,0,0,0,0,0,0,0,0,0,0,0,0,0,0,0,0,0,0,0,0,0,0,263683504,0,0,0,502636206,0,0,0,0,0,0,0,80805303,124560014,301066010,181884373504,75324936,1,0,0,0,0,0,0,0,0,0,0,0,0,0,0,0,0,0,0,0,0,0,0,0,0,0,0,0,0,0,0,154,0,0,0,0,0,0,0
1787689036.395,0,0,0,0,0,0,0,759618265,2036595853824,834672818176,0,0,0,0,0,0,0,0,0,0,0,0,0,0,0,0,0,0,0,0,0,0,0,0,0,0,0,0,0,0,0,0,0,0,0,0,0,0,0,0,0,0,0,0,0,0,0,0,0,0,0,0,0,0,0,0,0,0,0,0,7,1697456,124478460,36846788,0,0,0,0,0,0,0,0,0,0,0,0,0,0,0,0,0,0,0,0,0,0,0,0,0,0,0,0,0,0,0,0,0,0,0,0,0,12883329024,10607771648,786336,647447,36794228,0,0,96,786432,123595476,796294,280,3672965928,12884901888,0,711925165,0,0,0,0,0,0,0,0,0,0,0,0,0,0,0,0,0,0,18793663,118672206,0,468,1204,7863,623,37587616,35,0,0,0,0,0,0,0,1,0,0,0,0,0,0,0,0,0,0,24943034,0,36793702,299511,0,0,0,0,0,0,0,0,16384,0,0,0,0,0,0,0,0,0,0,0,7332,473,0,0,0,0,0,57129875,0,157,0,3,470,7332,0,0,0,0,0,0,0,0,0,0,0,0,0,0,0,0,0,0,0,0,0,0,0,0,0,0,0,0,0,0,0,0,0,0,0,0,0,0,0,0,0,0,0,0,0,0,0,0,0,0,0,0,0,0,263757174,0,0,0,502718690,0,0,0,0,0,0,0,80830700,124616390,301153282,181922707456,75348295,1,0,0,0,0,0,0,0,0,0,0,0,0,0,0,0,0,0,0,0,0,0,0,0,0,0,0,0,0,0,0,208,0,0,0,0,0,0,0
1787689037.467,0,0,0,0,0,0,0,759791104,2037551581696,834881929216,0,0,0,0,0,0,0,0,0,0,0,0,0,0,0,0,0,0,0,0,0,0,0,0,0,0,0,0,0,0,0,0,0,0,0,0,0,0,0,0,0,0,0,0,0,0,0,0,0,0,0,0,0,0,0,0,0,0,0,0,7,1697474,124536925,36856794,0,0,0,0,0,0,0,0,0,0,0,0,0,0,0,0,0,0,0,0,0,0,0,0,0,0,0,0,0,0,0,0,0,0,0,0,0,12883312640,10617225216,786336,648024,36804234,0,0,96,786432,123653865,796294,280,3673820238,12884901888,0,712038688,0,0,0,0,0,0,0,0,0,0,0,0,0,0,0,0,0,0,18798667,118677211,0,468,1204,7863,623,37597625,35,0,0,0,0,0,0,0,1,0,0,0,0,0,0,0,0,0,0,24948803,0,36803708,299591,0,0,0,0,0,0,0,0,16384,0,0,0,0,0,0,0,0,0,0,0,7333,473,0,0,0,0,0,57145100,0,157,0,3,470,7333,0,0,0,0,0,0,0,0,0,0,0,0,0,0,0,0,0,0,0,0,0,0,0,0,0,0,0,0,0,0,0,0,0,0,0,0,0,0,0,0,0,0,0,0,0,0,0,0,0,0,0,0,0,0,263831605,0,0,0,502803488,0,0,0,0,0,0,0,80856356,124674721,301237766,181961537024,75372459,1,1,0,0,0,0,0,0,0,0,0,0,0,0,0,0,0,0,0,0,0,0,0,0,0,0,0,0,0,0,0,413,0,0,0,0,0,0,0
1787689038.546,0,0,0,0,0,0,0,759961862,2038495021568,835091000832,0,0,0,0,0,0,0,0,0,0,0,0,0,0,0,0,0,0,0,0,0,0,0,0,0,0,0,0,0,0,0,0,0,0,0,0,0,0,0,0,0,0,0,0,0,0,0,0,0,0,0,0,0,0,0,0,0,0,0,0,7,1697496,124594620,36866791,0,0,0,0,0,0,0,0,0,0,0,0,0,0,0,0,0,0,0,0,0,0,0,0,0,0,0,0,0,0,0,0,0,0,0,0,0,12883296256,10625204224,786334,648511,36814231,0,0,97,786432,123711482,796294,280,3674663929,12884901888,0,712150841,0,0,0,0,0,0,0,0,0,0,0,0,0,0,0,0,0,0,18803620,118682164,0,468,1204,7863,623,37607533,35,0,0,0,0,0,0,0,1,0,0,0,0,0,0,0,0,0,0,24954501,0,36813705,299671,0,0,0,0,0,0,0,0,16384,0,0,0,0,0,0,0,0,0,0,0,7334,473,0,0,0,0,0,57160173,0,157,0,3,470,7334,0,0,0,0,0,0,0,0,0,0,0,0,0,0,0,0,0,0,0,0,0,0,0,0,0,0,0,0,0,0,0,0,0,0,0,0,0,0,0,0,0,0,0,0,0,0,0,0,0,0,0,0,0,0,263906683,0,0,0,502887445,0,0,0,0,0,0,0,80881339,124732295,301322874,182000723968,75395974,1,1,0,0,0,0,0,0,0,0,0,0,0,0,0,0,0,0,0,0,0,0,0,0,0,0,0,0,0,0,0,564,0,0,0,0,0,0,0
1787689039.621,0,0,0,0,0,0,0,760133580,2039446227456,835301235712,0,0,0,0,0,0,0,0,0,0,0,0,0,0,0,0,0,0,0,0,0,0,0,0,0,0,0,0,0,0,0,0,0,0,0,0,0,0,0,0,0,0,0,0,0,0,0,0,0,0,0,0,0,0,0,0,0,0,0,0,7,1697515,124652811,36876841,0,0,0,0,0,0,0,0,0,0,0,0,0,0,0,0,0,0,0,0,0,0,0,0,0,0,0,0,0,0,0,0,0,0,0,0,0,12883329024,10632724480,786336,648970,36824281,0,0,96,786432,123769597,796294,280,3675512042,12884901888,0,712263112,0,0,0,0,0,0,0,0,0,0,0,0,0,0,0,0,0,0,18808602,118687146,0,468,1204,7863,623,37617497,35,0,0,0,0,0,0,0,1,0,0,0,0,0,0,0,0,0,0,24960239,0,36823755,299751,0,0,0,0,0,0,0,0,16384,0,0,0,0,0,0,0,0,0,0,0,7335,473,0,0,0,0,0,57175340,0,157,0,3,470,7335,0,0,0,0,0,0,0,0,0,0,0,0,0,0,0,0,0,0,0,0,0,0,0,0,0,0,0,0,0,0,0,0,0,0,0,0,0,0,0,0,0,0,0,0,0,0,0,0,0,0,0,0,0,0,263982053,0,0,0,502971826,0,0,0,0,0,0,0,80907164,124790377,301408334,182039980544,75420312,1,1,0,0,0,0,0,0,0,0,0,0,0,0,0,0,0,0,0,0,0,0,0,0,0,0,0,0,0,0,0,753,0,0,0,0,0,0,0
1787689040.696,0,0,0,0,0,0,0,760306868,2040405002752,835512720384,0,0,0,0,0,0,0,0,0,0,0,0,0,0,0,0,0,0,0,0,0,0,0,0,0,0,0,0,0,0,0,0,0,0,0,0,0,0,0,0,0,0,0,0,0,0,0,0,0,0,0,0,0,0,0,0,0,0,0,0,7,1697541,124711454,36886945,0,0,0,0,0,0,0,0,0,0,0,0,0,0,0,0,0,0,0,0,0,0,0,0,0,0,0,0,0,0,0,0,0,0,0,0,0,12883329024,10639048704,786336,649356,36834385,0,0,96,786432,123828166,796294,280,3676368110,12884901888,0,712376709,0,0,0,0,0,0,0,0,0,0,0,0,0,0,0,0,0,0,18813627,118692171,0,468,1204,7863,623,37627545,35,0,0,0,0,0,0,0,1,0,0,0,0,0,0,0,0,0,0,24966020,0,36833859,299831,0,0,0,0,0,0,0,0,16384,0,0,0,0,0,0,0,0,0,0,0,7336,473,0,0,0,0,0,57190616,0,157,0,3,470,7336,0,0,0,0,0,0,0,0,0,0,0,0,0,0,0,0,0,0,0,0,0,0,0,0,0,0,0,0,0,0,0,0,0,0,0,0,0,0,0,0,0,0,0,0,0,0,0,0,0,0,0,0,0,0,264057757,0,0,0,503056913,0,0,0,0,0,0,0,80933628,124848888,301494182,182079579136,75445356,1,1,0,0,0,0,0,0,0,0,0,0,0,0,0,0,0,0,0,0,0,0,0,0,0,0,0,0,0,0,0,980,0,0,0,0,0,0,0
1787689041.775,0,0,0,0,0,0,0,760481468,2041369577984,835724396544,0,0,0,0,0,0,0,0,0,0,0,0,0,0,0,0,0,0,0,0,0,0,0,0,0,0,0,0,0,0,0,0,0,0,0,0,0,0,0,0,0,0,0,0,0,0,0,0,0,0,0,0,0,0,0,0,0,0,0,0,7,1697585,124770474,36896941,0,0,0,0,0,0,0,0,0,0,0,0,0,0,0,0,0,0,0,0,0,0,0,0,0,0,0,0,0,0,0,0,0,0,0,0,0,12883329024,10652958720,786336,650205,36844381,0,0,96,786432,123887115,796294,280,3677230650,12884901888,0,712491261,0,0,0,0,0,0,0,0,0,0,0,0,0,0,0,0,0,0,18818682,118697224,0,468,1204,7863,623,37637653,35,0,0,0,0,0,0,0,1,0,0,0,0,0,0,0,0,0,0,24971839,0,36843855,299911,0,0,0,0,0,0,0,0,16384,0,0,0,0,0,0,0,0,0,0,0,7338,473,0,0,0,0,0,57205954,0,157,0,3,470,7338,0,0,0,0,0,0,0,0,0,0,0,0,0,0,0,0,0,0,0,0,0,0,0,0,0,0,0,0,0,0,0,0,0,0,0,0,0,0,0,0,0,0,0,0,0,0,0,0,0,0,0,0,0,0,264138048,0,0,0,503142537,0,0,0,0,0,0,0,80962549,124907775,301584508,182121276928,75472734,1,0,0,0,0,0,0,0,0,0,0,0,0,0,0,0,0,0,0,0,0,0,0,0,0,0,0,0,0,0,0,1230,0,0,0,0,0,0,0
1787689042.854,0,0,0,0,0,0,0,760653808,2042320718336,835937065984,0,0,0,0,0,0,0,0,0,0,0,0,0,0,0,0,0,0,0,0,0,0,0,0,0,0,0,0,0,0,0,0,0,0,0,0,0,0,0,0,0,0,0,0,0,0,0,0,0,0,0,0,0,0,0,0,0,0,0,0,7,1697638,124828649,36906976,0,0,0,0,0,0,0,0,0,0,0,0,0,0,0,0,0,0,0,0,0,0,0,0,0,0,0,0,0,0,0,0,0,0,0,0,0,12883329024,10661281792,786336,650713,36854416,0,0,97,786432,123945215,796294,280,3678084974,12884901888,0,712607021,0,0,0,0,0,0,0,0,0,0,0,0,0,0,0,0,0,0,18823685,118702229,0,468,1204,7863,623,37647662,35,0,0,0,0,0,0,0,1,0,0,0,0,0,0,0,0,0,0,24977600,0,36853890,299991,0,0,0,0,0,0,0,0,16384,0,0,0,0,0,0,0,0,0,0,0,7339,473,0,0,0,0,0,57221160,0,157,0,3,470,7339,0,0,0,0,0,0,0,0,0,0,0,0,0,0,0,0,0,0,0,0,0,0,0,0,0,0,0,0,0,0,0,0,0,0,0,0,0,0,0,0,0,0,0,0,0,0,0,0,0,0,0,0,0,0,264218535,0,0,0,503228411,0,0,0,0,0,0,0,80990071,124965840,301675066,182163170304,75498838,1,1,0,0,0,0,0,0,0,0,0,0,0,0,0,0,0,0,0,0,0,0,0,0,0,0,0,0,0,0,0,225,0,0,0,0,0,0,0
1787689043.931,0,0,0,0,0,0,0,760825376,2043270924800,836145742336,0,0,0,0,0,0,0,0,0,0,0,0,0,0,0,0,0,0,0,0,0,0,0,0,0,0,0,0,0,0,0,0,0,0,0,0,0,0,0,0,0,0,0,0,0,0,0,0,0,0,0,0,0,0,0,0,0,0,0,0,7,1697660,124886793,36916907,0,0,0,0,0,0,0,0,0,0,0,0,0,0,0,0,0,0,0,0,0,0,0,0,0,0,0,0,0,0,0,0,0,0,0,0,0,12883329024,10671669248,786336,651347,36864347,0,0,96,786432,124003290,796294,280,3678932396,12884901888,0,712719468,0,0,0,0,0,0,0,0,0,0,0,0,0,0,0,0,0,0,18828655,118707198,0,468,1204,7863,623,37657602,35,0,0,0,0,0,0,0,1,0,0,0,0,0,0,0,0,0,0,24983328,0,36863821,300071,0,0,0,0,0,0,0,0,16384,0,0,0,0,0,0,0,0,0,0,0,7340,473,0,0,0,0,0,57236264,0,157,0,3,470,7340,0,0,0,0,0,0,0,0,0,0,0,0,0,0,0,0,0,0,0,0,0,0,0,0,0,0,0,0,0,0,0,0,0,0,0,0,0,0,0,0,0,0,0,0,0,0,0,0,0,0,0,0,0,0,264294921,0,0,0,503312675,0,0,0,0,0,0,0,81016372,125023856,301761426,182202909184,75523684,1,1,0,0,0,0,0,0,0,0,0,0,0,0,0,0,0,0,0,0,0,0,0,0,0,0,0,0,0,0,0,415,0,0,0,0,0,0,0
1787689045.006,0,0,0,0,0,0,0,760998307,2044226980352,836355773440,0,0,0,0,0,0,0,0,0,0,0,0,0,0,0,0,0,0,0,0,0,0,0,0,0,0,0,0,0,0,0,0,0,0,0,0,0,0,0,0,0,0,0,0,0,0,0,0,0,0,0,0,0,0,0,0,0,0,0,0,7,1697684,124945280,36926952,0,0,0,0,0,0,0,0,0,0,0,0,0,0,0,0,0,0,0,0,0,0,0,0,0,0,0,0,0,0,0,0,0,0,0,0,0,12883329024,10680516608,786336,651887,36874392,0,0,96,786432,124061701,796294,280,3679787087,12884901888,0,712832964,0,0,0,0,0,0,0,0,0,0,0,0,0,0,0,0,0,0,18833669,118712211,0,468,1204,7863,623,37667633,35,0,0,0,0,0,0,0,1,0,0,0,0,0,0,0,0,0,0,24989098,0,36873866,300151,0,0,0,0,0,0,0,0,16384,0,0,0,0,0,0,0,0,0,0,0,7341,473,0,0,0,0,0,57251506,0,157,0,3,470,7341,0,0,0,0,0,0,0,0,0,0,0,0,0,0,0,0,0,0,0,0,0,0,0,0,0,0,0,0,0,0,0,0,0,0,0,0,0,0,0,0,0,0,0,0,0,0,0,0,0,0,0,0,0,0,264369277,0,0,0,503397578,0,0,0,0,0,0,0,81043339,125082205,301845881,182241894912,75549097,1,1,0,0,0,0,0,0,0,0,0,0,0,0,0,0,0,0,0,0,0,0,0,0,0,0,0,0,0,0,0,641,0,0,0,0,0,0,0
1787689046.086,0,0,0,0,0,0,0,761172069,2045187426816,836565188608,0,0,0,0,0,0,0,0,0,0,0,0,0,0,0,0,0,0,0,0,0,0,0,0,0,0,0,0,0,0,0,0,0,0,0,0,0,0,0,0,0,0,0,0,0,0,0,0,0,0,0,0,0,0,0,0,0,0,0,0,7,1697703,125004050,36936961,0,0,0,0,0,0,0,0,0,0,0,0,0,0,0,0,0,0,0,0,0,0,0,0,0,0,0,0,0,0,0,0,0,0,0,0,0,12883329024,10690854912,786336,652518,36884401,0,0,96,786432,124120391,796294,280,3680645162,12884901888,0,712946800,0,0,0,0,0,0,0,0,0,0,0,0,0,0,0,0,0,0,18838701,118717246,0,468,1204,7863,623,37677702,35,0,0,0,0,0,0,0,1,0,0,0,0,0,0,0,0,0,0,24994901,0,36883875,300231,0,0,0,0,0,0,0,0,16384,0,0,0,0,0,0,0,0,0,0,0,7342,473,0,0,0,0,0,57266833,0,157,0,3,470,7342,0,0,0,0,0,0,0,0,0,0,0,0,0,0,0,0,0,0,0,0,0,0,0,0,0,0,0,0,0,0,0,0,0,0,0,0,0,0,0,0,0,0,0,0,0,0,0,0,0,0,0,0,0,0,264444189,0,0,0,503482842,0,0,0,0,0,0,0,81070582,125140856,301930838,182280988160,75574825,1,0,0,0,0,0,0,0,0,0,0,0,0,0,0,0,0,0,0,0,0,0,0,0,0,0,0,0,0,0,0,872,0,0,0,0,0,0,0
1787689047.165,0,0,0,0,0,0,0,761346806,2046155573760,836775593472,0,0,0,0,0,0,0,0,0,0,0,0,0,0,0,0,0,0,0,0,0,0,0,0,0,0,0,0,0,0,0,0,0,0,0,0,0,0,0,0,0,0,0,0,0,0,0,0,0,0,0,0,0,0,0,0,0,0,0,0,7,1697730,125063270,36947063,0,0,0,0,0,0,0,0,0,0,0,0,0,0,0,0,0,0,0,0,0,0,0,0,0,0,0,0,0,0,0,0,0,0,0,0,0,12883329024,10700734464,786336,653121,36894503,0,0,98,786432,124179543,796294,280,3681508010,12884901888,0,713060958,0,0,0,0,0,0,0,0,0,0,0,0,0,0,0,0,0,0,18843778,118722322,0,468,1204,7863,623,37687852,35,0,0,0,0,0,0,0,1,0,0,0,0,0,0,0,0,0,0,25000747,0,36893977,300311,0,0,0,0,0,0,0,0,16384,0,0,0,0,0,0,0,0,0,0,0,7343,473,0,0,0,0,0,57282271,0,157,0,3,470,7343,0,0,0,0,0,0,0,0,0,0,0,0,0,0,0,0,0,0,0,0,0,0,0,0,0,0,0,0,0,0,0,0,0,0,0,0,0,0,0,0,0,0,0,0,0,0,0,0,0,0,0,0,0,0,264518213,0,0,0,503568688,0,0,0,0,0,0,0,81098710,125199964,302015017,182319588864,75601433,0,0,0,0,0,0,0,0,0,0,0,0,0,0,0,0,0,0,0,0,0,0,0,0,0,0,0,0,0,0,0,1136,0,0,0,0,0,0,0
1787689048.243,0,0,0,0,0,0,0,761517256,2047102388736,837023504896,0,0,0,0,0,0,0,0,0,0,0,0,0,0,0,0,0,0,0,0,0,0,0,0,0,0,0,0,0,0,0,0,0,0,0,0,0,0,0,0,0,0,0,0,0,0,0,0,0,0,0,0,0,0,0,0,0,0,0,0,7,1697822,125121180,36959266,0,0,0,0,0,0,0,0,0,0,0,0,0,0,0,0,0,0,0,0,0,0,0,0,0,0,0,0,0,0,0,0,0,0,0,0,0,12873334784,10672717824,785726,651411,36904591,610,0,96,786432,124237370,796294,280,3682353877,12884901888,0,713175612,0,0,0,0,0,0,0,0,0,0,0,0,0,0,0,0,0,0,18848719,118727264,0,468,1204,7863,623,37697730,35,0,0,0,0,0,0,0,1,0,0,0,0,0,0,0,0,0,0,25006442,0,36906180,300410,0,0,0,0,0,0,0,0,16384,0,0,0,0,0,0,0,0,0,0,0,7344,473,0,0,0,0,0,57297328,0,157,0,3,470,7344,0,0,0,0,0,0,0,0,0,0,0,0,0,0,0,0,0,0,0,0,0,0,0,0,0,0,0,0,0,0,0,0,0,0,0,0,0,0,0,0,0,0,0,0,0,0,0,0,0,0,0,0,0,0,264593179,0,0,0,503653693,0,0,0,0,0,0,0,81125390,125257766,302102410,182358709760,75626354,1,1,0,0,0,0,0,0,0,0,0,0,0,0,0,0,0,0,0,0,0,0,0,0,0,0,0,0,0,0,0,86,0,0,0,0,0,0,0
1787689049.318,0,0,0,0,0,0,0,761685040,2048033475072,837303161856,0,0,0,0,0,0,0,0,0,0,0,0,0,0,0,0,0,0,0,0,0,0,0,0,0,0,0,0,0,0,0,0,0,0,0,0,0,0,0,0,0,0,0,0,0,0,0,0,0,0,0,0,0,0,0,0,0,0,0,0,7,1697843,125178106,36973796,0,0,0,0,0,0,0,0,0,0,0,0,0,0,0,0,0,0,0,0,0,0,0,0,0,0,0,0,0,0,0,0,0,0,0,0,0,12883329024,10603675648,786336,647197,36914640,0,0,96,786432,124294223,796294,280,3683183902,12884901888,0,713286423,0,0,0,0,0,0,0,0,0,0,0,0,0,0,0,0,0,0,18853574,118732119,0,468,1204,7863,623,37707444,35,0,0,0,0,0,0,0,1,0,0,0,0,0,0,0,0,0,0,25012033,0,36920617,300523,0,0,0,0,0,0,0,0,16384,0,0,0,0,0,0,0,0,0,0,0,7345,473,0,0,0,0,0,57312107,0,157,0,3,470,7345,0,0,0,0,0,0,0,0,0,0,0,0,0,0,0,0,0,0,0,0,0,0,0,0,0,0,0,0,0,0,0,0,0,0,0,0,0,0,0,0,0,0,0,0,0,0,0,0,0,0,0,0,0,0,264666769,0,0,0,503736111,0,0,0,0,0,0,0,81151988,125314589,302190417,182397188096,75650834,1,0,0,0,0,0,0,0,0,0,0,0,0,0,0,0,0,0,0,0,0,0,0,0,0,0,0,0,0,0,0,154,0,0,0,0,0,0,0
1787689050.395,0,0,0,0,0,0,0,761858060,2048994789888,837568370176,0,0,0,0,0,0,0,0,0,0,0,0,0,0,0,0,0,0,0,0,0,0,0,0,0,0,0,0,0,0,0,0,0,0,0,0,0,0,0,0,0,0,0,0,0,0,0,0,0,0,0,0,0,0,0,0,0,0,0,0,7,1697854,125236927,36987272,0,0,0,0,0,0,0,0,0,0,0,0,0,0,0,0,0,0,0,0,0,0,0,0,0,0,0,0,0,0,0,0,0,0,0,0,0,12883329024,10558685184,786335,644451,36934712,0,0,97,786432,124352980,796294,280,3684038390,12884901888,0,713399294,0,0,0,0,0,0,0,0,0,0,0,0,0,0,0,0,0,0,18858597,118737141,0,468,1204,7863,623,37717485,35,0,0,0,0,0,0,0,1,0,0,0,0,0,0,0,0,0,0,25017813,0,36934186,300631,0,0,0,0,0,0,0,0,16384,0,0,0,0,0,0,0,0,0,0,0,7346,473,0,0,0,0,0,57327373,0,157,0,3,470,7346,0,0,0,0,0,0,0,0,0,0,0,0,0,0,0,0,0,0,0,0,0,0,0,0,0,0,0,0,0,0,0,0,0,0,0,0,0,0,0,0,0,0,0,0,0,0,0,0,0,0,0,0,0,0,264741372,0,0,0,503821137,0,0,0,0,0,0,0,81179837,125373293,302278520,182436065792,75676713,0,0,0,0,0,0,0,0,0,0,0,0,0,0,0,0,0,0,0,0,0,0,0,0,0,0,0,0,0,0,0,366,0,0,0,0,0,0,0
1787689051.472,0,0,0,0,0,0,0,762035609,2049978321408,837779044864,0,0,0,0,0,0,0,0,0,0,0,0,0,0,0,0,0,0,0,0,0,0,0,0,0,0,0,0,0,0,0,0,0,0,0,0,0,0,0,0,0,0,0,0,0,0,0,0,0,0,0,0,0,0,0,0,0,0,0,0,7,1697877,125297074,36997311,0,0,0,0,0,0,0,0,0,0,0,0,0,0,0,0,0,0,0,0,0,0,0,0,0,0,0,0,0,0,0,0,0,0,0,0,0,12883329024,10574544896,786335,645419,36944751,0,0,98,786432,124413048,796294,280,3684914860,12884901888,0,713515623,0,0,0,0,0,0,0,0,0,0,0,0,0,0,0,0,0,0,18863745,118742288,0,468,1204,7863,623,37727785,35,0,0,0,0,0,0,0,1,0,0,0,0,0,0,0,0,0,0,25023734,0,36944225,300711,0,0,0,0,0,0,0,0,16384,0,0,0,0,0,0,0,0,0,0,0,7347,473,0,0,0,0,0,57343019,0,157,0,3,470,7347,0,0,0,0,0,0,0,0,0,0,0,0,0,0,0,0,0,0,0,0,0,0,0,0,0,0,0,0,0,0,0,0,0,0,0,0,0,0,0,0,0,0,0,0,0,0,0,0,0,0,0,0,0,0,264817765,0,0,0,503908218,0,0,0,0,0,0,0,81208228,125433319,302364987,182475871744,75703622,0,0,0,0,0,0,0,0,0,0,0,0,0,0,0,0,0,0,0,0,0,0,0,0,0,0,0,0,0,0,0,698,0,0,0,0,0,0,0
1787689052.546,0,0,0,0,0,0,0,762214033,2050961279488,837991162880,0,0,0,0,0,0,0,0,0,0,0,0,0,0,0,0,0,0,0,0,0,0,0,0,0,0,0,0,0,0,0,0,0,0,0,0,0,0,0,0,0,0,0,0,0,0,0,0,0,0,0,0,0,0,0,0,0,0,0,0,7,1697896,125357223,37007328,0,0,0,0,0,0,0,0,0,0,0,0,0,0,0,0,0,0,0,0,0,0,0,0,0,0,0,0,0,0,0,0,0,0,0,0,0,12883296256,10589224960,786334,646315,36954768,0,0,97,786432,124473126,796294,280,3685795905,12884901888,0,713632068,0,0,0,0,0,0,0,0,0,0,0,0,0,0,0,0,0,0,18868914,118747458,0,468,1204,7863,623,37738124,35,0,0,0,0,0,0,0,1,0,0,0,0,0,0,0,0,0,0,25029683,0,36954242,300791,0,0,0,0,0,0,0,0,16384,0,0,0,0,0,0,0,0,0,0,0,7348,473,0,0,0,0,0,57358764,0,157,0,3,470,7348,0,0,0,0,0,0,0,0,0,0,0,0,0,0,0,0,0,0,0,0,0,0,0,0,0,0,0,0,0,0,0,0,0,0,0,0,0,0,0,0,0,0,0,0,0,0,0,0,0,0,0,0,0,0,264896873,0,0,0,503995685,0,0,0,0,0,0,0,81238635,125493331,302454169,182517156864,75732516,1,1,0,0,0,0,0,0,0,0,0,0,0,0,0,0,0,0,0,0,0,0,0,0,0,0,0,0,0,0,0,1077,0,0,0,0,0,0,0
1787689053.624,0,0,0,0,0,0,0,762393135,2051955902976,838204899328,0,0,0,0,0,0,0,0,0,0,0,0,0,0,0,0,0,0,0,0,0,0,0,0,0,0,0,0,0,0,0,0,0,0,0,0,0,0,0,0,0,0,0,0,0,0,0,0,0,0,0,0,0,0,0,0,0,0,0,0,7,1697921,125418058,37017359,0,0,0,0,0,0,0,0,0,0,0,0,0,0,0,0,0,0,0,0,0,0,0,0,0,0,0,0,0,0,0,0,0,0,0,0,0,12883312640,10604429312,786335,647243,36964799,0,0,98,786432,124533888,796294,280,3686683762,12884901888,0,713752147,0,0,0,0,0,0,0,0,0,0,0,0,0,0,0,0,0,0,18874114,118752659,0,468,1204,7863,623,37748517,35,0,0,0,0,0,0,0,1,0,0,0,0,0,0,0,0,0,0,25035673,0,36964273,300871,0,0,0,0,0,0,0,0,16384,0,0,0,0,0,0,0,0,0,0,0,7349,473,0,0,0,0,0,57374555,0,157,0,3,470,7349,0,0,0,0,0,0,0,0,0,0,0,0,0,0,0,0,0,0,0,0,0,0,0,0,0,0,0,0,0,0,0,0,0,0,0,0,0,0,0,0,0,0,0,0,0,0,0,0,0,0,0,0,0,0,264978558,0,0,0,504084669,0,0,0,0,0,0,0,81269790,125554015,302545934,182559759872,75762178,0,0,0,0,0,0,0,0,0,0,0,0,0,0,0,0,0,0,0,0,0,0,0,0,0,0,0,0,0,0,0,275,0,0,0,0,0,0,0
1787689054.707,0,0,0,0,0,0,0,762565894,2052912466432,838416379904,0,0,0,0,0,0,0,0,0,0,0,0,0,0,0,0,0,0,0,0,0,0,0,0,0,0,0,0,0,0,0,0,0,0,0,0,0,0,0,0,0,0,0,0,0,0,0,0,0,0,0,0,0,0,0,0,0,0,0,0,7,1697948,125476561,37027388,0,0,0,0,0,0,0,0,0,0,0,0,0,0,0,0,0,0,0,0,0,0,0,0,0,0,0,0,0,0,0,0,0,0,0,0,0,12883329024,10613981184,786336,647826,36974828,0,0,96,786432,124592309,796294,280,3687536931,12884901888,0,713865134,0,0,0,0,0,0,0,0,0,0,0,0,0,0,0,0,0,0,18879117,118757661,0,468,1204,7863,623,37758523,35,0,0,0,0,0,0,0,1,0,0,0,0,0,0,0,0,0,0,25041433,0,36974302,300951,0,0,0,0,0,0,0,0,16384,0,0,0,0,0,0,0,0,0,0,0,7350,473,0,0,0,0,0,57389760,0,157,0,3,470,7350,0,0,0,0,0,0,0,0,0,0,0,0,0,0,0,0,0,0,0,0,0,0,0,0,0,0,0,0,0,0,0,0,0,0,0,0,0,0,0,0,0,0,0,0,0,0,0,0,0,0,0,0,0,0,265056836,0,0,0,504169490,0,0,0,0,0,0,0,81298151,125612375,302634301,182600428032,75789064,1,0,0,0,0,0,0,0,0,0,0,0,0,0,0,0,0,0,0,0,0,0,0,0,0,0,0,0,0,0,0,478,0,0,0,0,0,0,0
1787689055.781,0,0,0,0,0,0,0,762736659,2053859133952,838627621376,0,0,0,0,0,0,0,0,0,0,0,0,0,0,0,0,0,0,0,0,0,0,0,0,0,0,0,0,0,0,0,0,0,0,0,0,0,0,0,0,0,0,0,0,0,0,0,0,0,0,0,0,0,0,0,0,0,0,0,0,7,1698031,125534476,37037431,0,0,0,0,0,0,0,0,0,0,0,0,0,0,0,0,0,0,0,0,0,0,0,0,0,0,0,0,0,0,0,0,0,0,0,0,0,12883312640,10622550016,786335,648349,36984871,0,0,97,786432,124650142,796294,280,3688380499,12884901888,0,713976912,0,0,0,0,0,0,0,0,0,0,0,0,0,0,0,0,0,0,18884070,118762615,0,468,1204,7863,623,37768431,35,0,0,0,0,0,0,0,1,0,0,0,0,0,0,0,0,0,0,25047136,0,36984345,301033,0,0,0,0,0,0,0,0,16384,0,0,0,0,0,0,0,0,0,0,0,7352,473,0,0,0,0,0,57404811,0,157,0,3,470,7352,0,0,0,0,0,0,0,0,0,0,0,0,0,0,0,0,0,0,0,0,0,0,0,0,0,0,0,0,0,0,0,0,0,0,0,0,0,0,0,0,0,0,0,0,0,0,0,0,0,0,0,0,0,0,265133983,0,0,0,504253460,0,0,0,0,0,0,0,81325758,125670152,302721554,182640677888,75815195,1,1,0,0,0,0,0,0,0,0,0,0,0,0,0,0,0,0,0,0,0,0,0,0,0,0,0,0,0,0,0,628,0,0,0,0,0,0,0
1787689056.857,0,0,0,0,0,0,0,762913479,2054845499904,838841135104,0,0,0,0,0,0,0,0,0,0,0,0,0,0,0,0,0,0,0,0,0,0,0,0,0,0,0,0,0,0,0,0,0,0,0,0,0,0,0,0,0,0,0,0,0,0,0,0,0,0,0,0,0,0,0,0,0,0,0,0,7,1698050,125594792,37047538,0,0,0,0,0,0,0,0,0,0,0,0,0,0,0,0,0,0,0,0,0,0,0,0,0,0,0,0,0,0,0,0,0,0,0,0,0,12883312640,10636230656,786335,649184,36994978,0,0,97,786432,124710373,796294,280,3689254362,12884901888,0,714092224,0,0,0,0,0,0,0,0,0,0,0,0,0,0,0,0,0,0,18889208,118767752,0,468,1204,7863,623,37778711,35,0,0,0,0,0,0,0,1,0,0,0,0,0,0,0,0,0,0,25053048,0,36994452,301115,0,0,0,0,0,0,0,0,16384,0,0,0,0,0,0,0,0,0,0,0,7353,473,0,0,0,0,0,57420443,0,157,0,3,470,7353,0,0,0,0,0,0,0,0,0,0,0,0,0,0,0,0,0,0,0,0,0,0,0,0,0,0,0,0,0,0,0,0,0,0,0,0,0,0,0,0,0,0,0,0,0,0,0,0,0,0,0,0,0,0,265213421,0,0,0,504340266,0,0,0,0,0,0,0,81356233,125730324,302811155,182681972224,75844100,0,0,0,0,0,0,0,0,0,0,0,0,0,0,0,0,0,0,0,0,0,0,0,0,0,0,0,0,0,0,0,960,0,0,0,0,0,0,0
1787689057.936,0,0,0,0,0,0,0,763093277,2055839304192,839053375488,0,0,0,0,0,0,0,0,0,0,0,0,0,0,0,0,0,0,0,0,0,0,0,0,0,0,0,0,0,0,0,0,0,0,0,0,0,0,0,0,0,0,0,0,0,0,0,0,0,0,0,0,0,0,0,0,0,0,0,0,7,1698077,125655571,37057616,0,0,0,0,0,0,0,0,0,0,0,0,0,0,0,0,0,0,0,0,0,0,0,0,0,0,0,0,0,0,0,0,0,0,0,0,0,12883312640,10653810688,786335,650257,37005056,0,0,96,786432,124771083,796294,280,3690145622,12884901888,0,714212915,0,0,0,0,0,0,0,0,0,0,0,0,0,0,0,0,0,0,18894418,118772961,0,468,1204,7863,623,37789127,35,0,0,0,0,0,0,0,1,0,0,0,0,0,0,0,0,0,0,25059050,0,37004530,301195,0,0,0,0,0,0,0,0,16384,0,0,0,0,0,0,0,0,0,0,0,7354,473,0,0,0,0,0,57436265,0,157,0,3,470,7354,0,0,0,0,0,0,0,0,0,0,0,0,0,0,0,0,0,0,0,0,0,0,0,0,0,0,0,0,0,0,0,0,0,0,0,0,0,0,0,0,0,0,0,0,0,0,0,0,0,0,0,0,0,0,265291283,0,0,0,504429553,0,0,0,0,0,0,0,81385802,125790958,302899103,182722657280,75872155,1,0,0,0,0,0,0,0,0,0,0,0,0,0,0,0,0,0,0,0,0,0,0,0,0,0,0,0,0,0,0,147,0,0,0,0,0,0,0
1787689059.017,0,0,0,0,0,0,0,763270680,2056816314880,839263570944,0,0,0,0,0,0,0,0,0,0,0,0,0,0,0,0,0,0,0,0,0,0,0,0,0,0,0,0,0,0,0,0,0,0,0,0,0,0,0,0,0,0,0,0,0,0,0,0,0,0,0,0,0,0,0,0,0,0,0,0,7,1698108,125715324,37067643,0,0,0,0,0,0,0,0,0,0,0,0,0,0,0,0,0,0,0,0,0,0,0,0,0,0,0,0,0,0,0,0,0,0,0,0,0,12883329024,10668343296,786336,651144,37015083,0,0,97,786432,124830766,796294,280,3691021329,12884901888,0,714328780,0,0,0,0,0,0,0,0,0,0,0,0,0,0,0,0,0,0,18899556,118778100,0,468,1204,7863,623,37799406,35,0,0,0,0,0,0,0,1,0,0,0,0,0,0,0,0,0,0,25064969,0,37014557,301275,0,0,0,0,0,0,0,0,16384,0,0,0,0,0,0,0,0,0,0,0,7355,473,0,0,0,0,0,57451911,0,157,0,3,470,7355,0,0,0,0,0,0,0,0,0,0,0,0,0,0,0,0,0,0,0,0,0,0,0,0,0,0,0,0,0,0,0,0,0,0,0,0,0,0,0,0,0,0,0,0,0,0,0,0,0,0,0,0,0,0,265366760,0,0,0,504516533,0,0,0,0,0,0,0,81414277,125850609,302984646,182761961984,75899168,0,0,0,0,0,0,0,0,0,0,0,0,0,0,0,0,0,0,0,0,0,0,0,0,0,0,0,0,0,0,0,493,0,0,0,0,0,0,0
1787689060.095,0,0,0,0,0,0,0,763447979,2057798961664,839475430400,0,0,0,0,0,0,0,0,0,0,0,0,0,0,0,0,0,0,0,0,0,0,0,0,0,0,0,0,0,0,0,0,0,0,0,0,0,0,0,0,0,0,0,0,0,0,0,0,0,0,0,0,0,0,0,0,0,0,0,0,7,1698240,125775439,37077683,0,0,0,0,0,0,0,0,0,0,0,0,0,0,0,0,0,0,0,0,0,0,0,0,0,0,0,0,0,0,0,0,0,0,0,0,0,12883312640,10685857792,786336,652213,37025123,0,0,96,786432,124890807,796294,280,3691897692,12884901888,0,714445128,0,0,0,0,0,0,0,0,0,0,0,0,0,0,0,0,0,0,18904701,118783244,0,468,1204,7863,623,37809693,35,0,0,0,0,0,0,0,1,0,0,0,0,0,0,0,0,0,0,25070895,0,37024597,301355,0,0,0,0,0,0,0,0,16384,0,0,0,0,0,0,0,0,0,0,0,7356,473,0,0,0,0,0,57467553,0,157,0,3,470,7356,0,0,0,0,0,0,0,0,0,0,0,0,0,0,0,0,0,0,0,0,0,0,0,0,0,0,0,0,0,0,0,0,0,0,0,0,0,0,0,0,0,0,0,0,0,0,0,0,0,0,0,0,0,0,265444776,0,0,0,504603536,0,0,0,0,0,0,0,81443873,125910584,303072750,182802743296,75927277,0,0,0,0,0,0,0,0,0,0,0,0,0,0,0,0,0,0,0,0,0,0,0,0,0,0,0,0,0,0,0,827,0,0,0,0,0,0,0
1787689061.174,0,0,0,0,0,0,0,763626569,2058782427648,839689357312,0,0,0,0,0,0,0,0,0,0,0,0,0,0,0,0,0,0,0,0,0,0,0,0,0,0,0,0,0,0,0,0,0,0,0,0,0,0,0,0,0,0,0,0,0,0,0,0,0,0,0,0,0,0,0,0,0,0,0,0,7,1698294,125835572,37087776,0,0,0,0,0,0,0,0,0,0,0,0,0,0,0,0,0,0,0,0,0,0,0,0,0,0,0,0,0,0,0,0,0,0,0,0,0,12883329024,10701258752,786336,653153,37035216,0,0,96,786432,124950862,796294,280,3692779288,12884901888,0,714562190,0,0,0,0,0,0,0,0,0,0,0,0,0,0,0,0,0,0,18909871,118788415,0,468,1204,7863,623,37820036,35,0,0,0,0,0,0,0,1,0,0,0,0,0,0,0,0,0,0,25076844,0,37034690,301437,0,0,0,0,0,0,0,0,16384,0,0,0,0,0,0,0,0,0,0,0,7357,473,0,0,0,0,0,57483275,0,157,0,3,470,7357,0,0,0,0,0,0,0,0,0,0,0,0,0,0,0,0,0,0,0,0,0,0,0,0,0,0,0,0,0,0,0,0,0,0,0,0,0,0,0,0,0,0,0,0,0,0,0,0,0,0,0,0,0,0,265525034,0,0,0,504690993,0,0,0,0,0,0,0,81474368,125970599,303163145,182844597248,75956294,0,0,0,0,0,0,0,0,0,0,0,0,0,0,0,0,0,0,0,0,0,0,0,0,0,0,0,0,0,0,0,1184,0,0,0,0,0,0,0
1787689062.252,0,0,0,0,0,0,0,763800921,2059750181376,839948422144,0,0,0,0,0,0,0,0,0,0,0,0,0,0,0,0,0,0,0,0,0,0,0,0,0,0,0,0,0,0,0,0,0,0,0,0,0,0,0,0,0,0,0,0,0,0,0,0,0,0,0,0,0,0,0,0,0,0,0,0,7,1698345,125894780,37100743,0,0,0,0,0,0,0,0,0,0,0,0,0,0,0,0,0,0,0,0,0,0,0,0,0,0,0,0,0,0,0,0,0,0,0,0,0,12883329024,10664820736,786336,650929,37045308,0,0,96,786432,125010006,796294,280,3693643794,12884901888,0,714679085,0,0,0,0,0,0,0,0,0,0,0,0,0,0,0,0,0,0,18914928,118793472,0,468,1204,7863,623,37830147,35,0,0,0,0,0,0,0,1,0,0,0,0,0,0,0,0,0,0,25082672,0,37047558,301542,0,0,0,0,0,0,0,0,16384,0,0,0,0,0,0,0,0,0,0,0,7358,473,0,0,0,0,0,57498661,0,157,0,3,470,7358,0,0,0,0,0,0,0,0,0,0,0,0,0,0,0,0,0,0,0,0,0,0,0,0,0,0,0,0,0,0,0,0,0,0,0,0,0,0,0,0,0,0,0,0,0,0,0,0,0,0,0,0,0,0,265601806,0,0,0,504777864,0,0,0,0,0,0,0,81503161,126029683,303252932,182884550656,75983110,1,0,0,0,0,0,0,0,0,0,0,0,0,0,0,0,0,0,0,0,0,0,0,0,0,0,0,0,0,0,0,205,0,0,0,0,0,0,0
1787689063.329,0,0,0,0,0,0,0,763974354,2060712626688,840226226176,0,0,0,0,0,0,0,0,0,0,0,0,0,0,0,0,0,0,0,0,0,0,0,0,0,0,0,0,0,0,0,0,0,0,0,0,0,0,0,0,0,0,0,0,0,0,0,0,0,0,0,0,0,0,0,0,0,0,0,0,7,1698439,125953645,37114928,0,0,0,0,0,0,0,0,0,0,0,0,0,0,0,0,0,0,0,0,0,0,0,0,0,0,0,0,0,0,0,0,0,0,0,0,0,12883329024,10608508928,786336,647492,37055378,0,0,96,786432,125068799,796294,280,3694500614,12884901888,0,714792373,0,0,0,0,0,0,0,0,0,0,0,0,0,0,0,0,0,0,18919964,118798509,0,468,1204,7863,623,37840218,35,0,0,0,0,0,0,0,1,0,0,0,0,0,0,0,0,0,0,25088473,0,37061859,301655,0,0,0,0,0,0,0,0,16384,0,0,0,0,0,0,0,0,0,0,0,7359,473,0,0,0,0,0,57513980,0,157,0,3,470,7359,0,0,0,0,0,0,0,0,0,0,0,0,0,0,0,0,0,0,0,0,0,0,0,0,0,0,0,0,0,0,0,0,0,0,0,0,0,0,0,0,0,0,0,0,0,0,0,0,0,0,0,0,0,0,265676318,0,0,0,504863048,0,0,0,0,0,0,0,81531162,126088439,303341695,182923414016,76009042,1,0,0,0,0,0,0,0,0,0,0,0,0,0,0,0,0,0,0,0,0,0,0,0,0,0,0,0,0,0,0,458,0,0,0,0,0,0,0
1787689064.408,0,0,0,0,0,0,0,764150059,2061680888320,840487561216,0,0,0,0,0,0,0,0,0,0,0,0,0,0,0,0,0,0,0,0,0,0,0,0,0,0,0,0,0,0,0,0,0,0,0,0,0,0,0,0,0,0,0,0,0,0,0,0,0,0,0,0,0,0,0,0,0,0,0,0,7,1698460,126012888,37128082,0,0,0,0,0,0,0,0,0,0,0,0,0,0,0,0,0,0,0,0,0,0,0,0,0,0,0,0,0,0,0,0,0,0,0,0,0,12883312640,10572496896,786335,645294,37075522,0,0,97,786432,125127967,796294,280,3695368175,12884901888,0,714907262,0,0,0,0,0,0,0,0,0,0,0,0,0,0,0,0,0,0,18925052,118803597,0,468,1204,7863,623,37850398,35,0,0,0,0,0,0,0,1,0,0,0,0,0,0,0,0,0,0,25094330,0,37074996,301759,0,0,0,0,0,0,0,0,16384,0,0,0,0,0,0,0,0,0,0,0,7360,473,0,0,0,0,0,57529453,0,157,0,3,470,7360,0,0,0,0,0,0,0,0,0,0,0,0,0,0,0,0,0,0,0,0,0,0,0,0,0,0,0,0,0,0,0,0,0,0,0,0,0,0,0,0,0,0,0,0,0,0,0,0,0,0,0,0,0,0,265752541,0,0,0,504949229,0,0,0,0,0,0,0,81559579,126147552,303431105,182963080704,76035452,1,0,0,0,0,0,0,0,0,0,0,0,0,0,0,0,0,0,0,0,0,0,0,0,0,0,0,0,0,0,0,738,0,0,0,0,0,0,0
1787689065.489,0,0,0,0,0,0,0,764328494,2062671448576,840698537984,0,0,0,0,0,0,0,0,0,0,0,0,0,0,0,0,0,0,0,0,0,0,0,0,0,0,0,0,0,0,0,0,0,0,0,0,0,0,0,0,0,0,0,0,0,0,0,0,0,0,0,0,0,0,0,0,0,0,0,0,7,1698488,126073490,37138165,0,0,0,0,0,0,0,0,0,0,0,0,0,0,0,0,0,0,0,0,0,0,0,0,0,0,0,0,0,0,0,0,0,0,0,0,0,12883329024,10588110848,786336,646247,37085605,0,0,96,786432,125188508,796294,280,3696249915,12884901888,0,715023645,0,0,0,0,0,0,0,0,0,0,0,0,0,0,0,0,0,0,18930233,118808778,0,468,1204,7863,623,37860756,35,0,0,0,0,0,0,0,1,0,0,0,0,0,0,0,0,0,0,25100287,0,37085079,301839,0,0,0,0,0,0,0,0,16384,0,0,0,0,0,0,0,0,0,0,0,7361,473,0,0,0,0,0,57545190,0,157,0,3,470,7361,0,0,0,0,0,0,0,0,0,0,0,0,0,0,0,0,0,0,0,0,0,0,0,0,0,0,0,0,0,0,0,0,0,0,0,0,0,0,0,0,0,0,0,0,0,0,0,0,0,0,0,0,0,0,265827802,0,0,0,505036771,0,0,0,0,0,0,0,81588107,126208017,303516500,183002354688,76062520,0,0,0,0,0,0,0,0,0,0,0,0,0,0,0,0,0,0,0,0,0,0,0,0,0,0,0,0,0,0,0,1107,0,0,0,0,0,0,0
1787689066.564,0,0,0,0,0,0,0,764507345,2063661025792,840910437376,0,0,0,0,0,0,0,0,0,0,0,0,0,0,0,0,0,0,0,0,0,0,0,0,0,0,0,0,0,0,0,0,0,0,0,0,0,0,0,0,0,0,0,0,0,0,0,0,0,0,0,0,0,0,0,0,0,0,0,0,7,1698502,126134036,37148226,0,0,0,0,0,0,0,0,0,0,0,0,0,0,0,0,0,0,0,0,0,0,0,0,0,0,0,0,0,0,0,0,0,0,0,0,0,12883329024,10604445696,786336,647244,37095666,0,0,96,786432,125248982,796294,280,3697136372,12884901888,0,715142900,0,0,0,0,0,0,0,0,0,0,0,0,0,0,0,0,0,0,18935424,118813968,0,468,1204,7863,623,37871144,35,0,0,0,0,0,0,0,1,0,0,0,0,0,0,0,0,0,0,25106265,0,37095140,301919,0,0,0,0,0,0,0,0,16384,0,0,0,0,0,0,0,0,0,0,0,7362,473,0,0,0,0,0,57560972,0,157,0,3,470,7362,0,0,0,0,0,0,0,0,0,0,0,0,0,0,0,0,0,0,0,0,0,0,0,0,0,0,0,0,0,0,0,0,0,0,0,0,0,0,0,0,0,0,0,0,0,0,0,0,0,0,0,0,0,0,265905263,0,0,0,505125708,0,0,0,0,0,0,0,81616869,126268422,303604059,183042707456,76089853,1,0,0,0,0,0,0,0,0,0,0,0,0,0,0,0,0,0,0,0,0,0,0,0,0,0,0,0,0,0,0,299,0,0,0,0,0,0,0
1787689067.641,0,0,0,0,0,0,0,764684985,2064648260096,841121972224,0,0,0,0,0,0,0,0,0,0,0,0,0,0,0,0,0,0,0,0,0,0,0,0,0,0,0,0,0,0,0,0,0,0,0,0,0,0,0,0,0,0,0,0,0,0,0,0,0,0,0,0,0,0,0,0,0,0,0,0,7,1698591,126194425,37158294,0,0,0,0,0,0,0,0,0,0,0,0,0,0,0,0,0,0,0,0,0,0,0,0,0,0,0,0,0,0,0,0,0,0,0,0,0,12883329024,10618601472,786336,648108,37105734,0,0,96,786432,125309296,796294,280,3698014678,12884901888,0,715259105,0,0,0,0,0,0,0,0,0,0,0,0,0,0,0,0,0,0,18940580,118819125,0,468,1204,7863,623,37881457,35,0,0,0,0,0,0,0,1,0,0,0,0,0,0,0,0,0,0,25112206,0,37105208,301999,0,0,0,0,0,0,0,0,16384,0,0,0,0,0,0,0,0,0,0,0,7363,473,0,0,0,0,0,57576662,0,157,0,3,470,7363,0,0,0,0,0,0,0,0,0,0,0,0,0,0,0,0,0,0,0,0,0,0,0,0,0,0,0,0,0,0,0,0,0,0,0,0,0,0,0,0,0,0,0,0,0,0,0,0,0,0,0,0,0,0,265981437,0,0,0,505212887,0,0,0,0,0,0,0,81645324,126328692,303690347,183082479616,76116782,0,0,0,0,0,0,0,0,0,0,0,0,0,0,0,0,0,0,0,0,0,0,0,0,0,0,0,0,0,0,0,658,0,0,0,0,0,0,0
1787689068.720,0,0,0,0,0,0,0,764863337,2065635969536,841333938688,0,0,0,0,0,0,0,0,0,0,0,0,0,0,0,0,0,0,0,0,0,0,0,0,0,0,0,0,0,0,0,0,0,0,0,0,0,0,0,0,0,0,0,0,0,0,0,0,0,0,0,0,0,0,0,0,0,0,0,0,7,1698609,126254842,37168389,0,0,0,0,0,0,0,0,0,0,0,0,0,0,0,0,0,0,0,0,0,0,0,0,0,0,0,0,0,0,0,0,0,0,0,0,0,12883329024,10631839744,786336,648916,37115829,0,0,96,786432,125369641,796294,280,3698894804,12884901888,0,715375679,0,0,0,0,0,0,0,0,0,0,0,0,0,0,0,0,0,0,18945752,118824295,0,468,1204,7863,623,37891797,35,0,0,0,0,0,0,0,1,0,0,0,0,0,0,0,0,0,0,25118149,0,37115303,302079,0,0,0,0,0,0,0,0,16384,0,0,0,0,0,0,0,0,0,0,0,7365,473,0,0,0,0,0,57592393,0,157,0,3,470,7365,0,0,0,0,0,0,0,0,0,0,0,0,0,0,0,0,0,0,0,0,0,0,0,0,0,0,0,0,0,0,0,0,0,0,0,0,0,0,0,0,0,0,0,0,0,0,0,0,0,0,0,0,0,0,266057944,0,0,0,505300305,0,0,0,0,0,0,0,81673891,126388980,303776991,183122398720,76143881,1,1,0,0,0,0,0,0,0,0,0,0,0,0,0,0,0,0,0,0,0,0,0,0,0,0,0,0,0,0,0,1040,0,0,0,0,0,0,0
1787689069.797,0,0,0,0,0,0,0,765041568,2066623023616,841545957888,0,0,0,0,0,0,0,0,0,0,0,0,0,0,0,0,0,0,0,0,0,0,0,0,0,0,0,0,0,0,0,0,0,0,0,0,0,0,0,0,0,0,0,0,0,0,0,0,0,0,0,0,0,0,0,0,0,0,0,0,7,1698640,126315203,37178452,0,0,0,0,0,0,0,0,0,0,0,0,0,0,0,0,0,0,0,0,0,0,0,0,0,0,0,0,0,0,0,0,0,0,0,0,0,12883312640,10645028864,786335,649721,37125892,0,0,96,786432,125429944,796294,280,3699778522,12884901888,0,715494726,0,0,0,0,0,0,0,0,0,0,0,0,0,0,0,0,0,0,18950922,118829467,0,468,1204,7863,623,37902138,35,0,0,0,0,0,0,0,1,0,0,0,0,0,0,0,0,0,0,25124106,0,37125366,302159,0,0,0,0,0,0,0,0,16384,0,0,0,0,0,0,0,0,0,0,0,7366,473,0,0,0,0,0,57608087,0,157,0,3,470,7366,0,0,0,0,0,0,0,0,0,0,0,0,0,0,0,0,0,0,0,0,0,0,0,0,0,0,0,0,0,0,0,0,0,0,0,0,0,0,0,0,0,0,0,0,0,0,0,0,0,0,0,0,0,0,266135449,0,0,0,505388924,0,0,0,0,0,0,0,81702443,126449230,303864595,183162855936,76170934,1,0,0,0,0,0,0,0,0,0,0,0,0,0,0,0,0,0,0,0,0,0,0,0,0,0,0,0,0,0,0,181,0,0,0,0,0,0,0
1787689070.875,0,0,0,0,0,0,0,765220677,2067611404800,841756933120,0,0,0,0,0,0,0,0,0,0,0,0,0,0,0,0,0,0,0,0,0,0,0,0,0,0,0,0,0,0,0,0,0,0,0,0,0,0,0,0,0,0,0,0,0,0,0,0,0,0,0,0,0,0,0,0,0,0,0,0,7,1698677,126375653,37188451,0,0,0,0,0,0,0,0,0,0,0,0,0,0,0,0,0,0,0,0,0,0,0,0,0,0,0,0,0,0,0,0,0,0,0,0,0,12883329024,10664280064,786336,650896,37135891,0,0,96,786432,125490312,796294,280,3700664022,12884901888,0,715612595,0,0,0,0,0,0,0,0,0,0,0,0,0,0,0,0,0,0,18956112,118834656,0,468,1204,7863,623,37912518,35,0,0,0,0,0,0,0,1,0,0,0,0,0,0,0,0,0,0,25130075,0,37135365,302239,0,0,0,0,0,0,0,0,16384,0,0,0,0,0,0,0,0,0,0,0,7367,473,0,0,0,0,0,57623881,0,157,0,3,470,7367,0,0,0,0,0,0,0,0,0,0,0,0,0,0,0,0,0,0,0,0,0,0,0,0,0,0,0,0,0,0,0,0,0,0,0,0,0,0,0,0,0,0,0,0,0,0,0,0,0,0,0,0,0,0,266212562,0,0,0,505476761,0,0,0,0,0,0,0,81731325,126509553,303951749,183203316736,76198283,0,0,0,0,0,0,0,0,0,0,0,0,0,0,0,0,0,0,0,0,0,0,0,0,0,0,0,0,0,0,0,553,0,0,0,0,0,0,0
1787689071.955,0,0,0,0,0,0,0,765398632,2068595952128,841968157696,0,0,0,0,0,0,0,0,0,0,0,0,0,0,0,0,0,0,0,0,0,0,0,0,0,0,0,0,0,0,0,0,0,0,0,0,0,0,0,0,0,0,0,0,0,0,0,0,0,0,0,0,0,0,0,0,0,0,0,0,7,1698700,126435876,37198495,0,0,0,0,0,0,0,0,0,0,0,0,0,0,0,0,0,0,0,0,0,0,0,0,0,0,0,0,0,0,0,0,0,0,0,0,0,12883329024,10679943168,786336,651852,37145935,0,0,96,786432,125550472,796294,280,3701542260,12884901888,0,715728603,0,0,0,0,0,0,0,0,0,0,0,0,0,0,0,0,0,0,18961277,118839822,0,468,1204,7863,623,37922847,35,0,0,0,0,0,0,0,1,0,0,0,0,0,0,0,0,0,0,25136018,0,37145409,302319,0,0,0,0,0,0,0,0,16384,0,0,0,0,0,0,0,0,0,0,0,7368,473,0,0,0,0,0,57639577,0,157,0,3,470,7368,0,0,0,0,0,0,0,0,0,0,0,0,0,0,0,0,0,0,0,0,0,0,0,0,0,0,0,0,0,0,0,0,0,0,0,0,0,0,0,0,0,0,0,0,0,0,0,0,0,0,0,0,0,0,266289353,0,0,0,505564087,0,0,0,0,0,0,0,81759634,126569630,304038619,183243356160,76225119,1,0,0,0,0,0,0,0,0,0,0,0,0,0,0,0,0,0,0,0,0,0,0,0,0,0,0,0,0,0,0,900,0,0,0,0,0,0,0
1787689073.035,0,0,0,0,0,0,0,765578078,2069593852416,842180656128,0,0,0,0,0,0,0,0,0,0,0,0,0,0,0,0,0,0,0,0,0,0,0,0,0,0,0,0,0,0,0,0,0,0,0,0,0,0,0,0,0,0,0,0,0,0,0,0,0,0,0,0,0,0,0,0,0,0,0,0,7,1698725,126496908,37208548,0,0,0,0,0,0,0,0,0,0,0,0,0,0,0,0,0,0,0,0,0,0,0,0,0,0,0,0,0,0,0,0,0,0,0,0,0,12883329024,10695458816,786336,652799,37155988,0,0,97,786432,125611446,796294,280,3702432183,12884901888,0,715848504,0,0,0,0,0,0,0,0,0,0,0,0,0,0,0,0,0,0,18966482,118845026,0,468,1204,7863,623,37933254,35,0,0,0,0,0,0,0,1,0,0,0,0,0,0,0,0,0,0,25142016,0,37155462,302399,0,0,0,0,0,0,0,0,16384,0,0,0,0,0,0,0,0,0,0,0,7369,473,0,0,0,0,0,57655408,0,157,0,3,470,7369,0,0,0,0,0,0,0,0,0,0,0,0,0,0,0,0,0,0,0,0,0,0,0,0,0,0,0,0,0,0,0,0,0,0,0,0,0,0,0,0,0,0,0,0,0,0,0,0,0,0,0,0,0,0,266367884,0,0,0,505653228,0,0,0,0,0,0,0,81788575,126630556,304127236,183284367872,76252577,0,1,0,0,0,0,0,0,0,0,0,0,0,0,0,0,0,0,0,0,0,0,0,0,0,0,0,0,0,0,0,91,0,0,0,0,0,0,0
1787689074.113,0,0,0,0,0,0,0,765756117,2070581185024,842392631296,0,0,0,0,0,0,0,0,0,0,0,0,0,0,0,0,0,0,0,0,0,0,0,0,0,0,0,0,0,0,0,0,0,0,0,0,0,0,0,0,0,0,0,0,0,0,0,0,0,0,0,0,0,0,0,0,0,0,0,0,7,1698753,126557306,37218621,0,0,0,0,0,0,0,0,0,0,0,0,0,0,0,0,0,0,0,0,0,0,0,0,0,0,0,0,0,0,0,0,0,0,0,0,0,12883296256,10710908928,786335,653742,37166061,0,0,96,786432,125671784,796294,280,3703311453,12884901888,0,715964833,0,0,0,0,0,0,0,0,0,0,0,0,0,0,0,0,0,0,18971650,118850195,0,468,1204,7863,623,37943588,35,0,0,0,0,0,0,0,1,0,0,0,0,0,0,0,0,0,0,25147961,0,37165535,302479,0,0,0,0,0,0,0,0,16384,0,0,0,0,0,0,0,0,0,0,0,7370,473,0,0,0,0,0,57671113,0,157,0,3,470,7370,0,0,0,0,0,0,0,0,0,0,0,0,0,0,0,0,0,0,0,0,0,0,0,0,0,0,0,0,0,0,0,0,0,0,0,0,0,0,0,0,0,0,0,0,0,0,0,0,0,0,0,0,0,0,266445196,0,0,0,505740644,0,0,0,0,0,0,0,81817310,126690843,304214665,183324673536,76279841,1,0,0,0,0,0,0,0,0,0,0,0,0,0,0,0,0,0,0,0,0,0,0,0,0,0,0,0,0,0,0,455,0,0,0,0,0,0,0
1787689075.191,0,0,0,0,0,0,0,765934042,2071564093952,842603554816,0,0,0,0,0,0,0,0,0,0,0,0,0,0,0,0,0,0,0,0,0,0,0,0,0,0,0,0,0,0,0,0,0,0,0,0,0,0,0,0,0,0,0,0,0,0,0,0,0,0,0,0,0,0,0,0,0,0,0,0,7,1698784,126617445,37228642,0,0,0,0,0,0,0,0,0,0,0,0,0,0,0,0,0,0,0,0,0,0,0,0,0,0,0,0,0,0,0,0,0,0,0,0,0,12883329024,10727555072,786336,654758,37176082,0,0,96,786432,125731852,796294,280,3704190054,12884901888,0,716080993,0,0,0,0,0,0,0,0,0,0,0,0,0,0,0,0,0,0,18976810,118855354,0,468,1204,7863,623,37953913,35,0,0,0,0,0,0,0,1,0,0,0,0,0,0,0,0,0,0,25153900,0,37175556,302559,0,0,0,0,0,0,0,0,16384,0,0,0,0,0,0,0,0,0,0,0,7371,473,0,0,0,0,0,57686799,0,157,0,3,470,7371,0,0,0,0,0,0,0,0,0,0,0,0,0,0,0,0,0,0,0,0,0,0,0,0,0,0,0,0,0,0,0,0,0,0,0,0,0,0,0,0,0,0,0,0,0,0,0,0,0,0,0,0,0,0,266522099,0,0,0,505827874,0,0,0,0,0,0,0,81845480,126750845,304301628,183364851712,76306523,1,1,0,0,0,0,0,0,0,0,0,0,0,0,0,0,0,0,0,0,0,0,0,0,0,0,0,0,0,0,0,830,0,0,0,0,0,0,0
1787689076.270,0,0,0,0,0,0,0,766107446,2072524573184,842874482688,0,0,0,0,0,0,0,0,0,0,0,0,0,0,0,0,0,0,0,0,0,0,0,0,0,0,0,0,0,0,0,0,0,0,0,0,0,0,0,0,0,0,0,0,0,0,0,0,0,0,0,0,0,0,0,0,0,0,0,0,7,1698864,126676190,37242372,0,0,0,0,0,0,0,0,0,0,0,0,0,0,0,0,0,0,0,0,0,0,0,0,0,0,0,0,0,0,0,0,0,0,0,0,0,12883329024,10678206464,786335,651746,37186116,0,0,98,786432,125790545,796294,280,3705046992,12884901888,0,716194678,0,0,0,0,0,0,0,0,0,0,0,0,0,0,0,0,0,0,18981840,118860384,0,468,1204,7863,623,37963968,35,0,0,0,0,0,0,0,1,0,0,0,0,0,0,0,0,0,0,25159691,0,37189286,302669,0,0,0,0,0,0,0,0,16384,0,0,0,0,0,0,0,0,0,0,0,7372,473,0,0,0,0,0,57702077,0,157,0,3,470,7372,0,0,0,0,0,0,0,0,0,0,0,0,0,0,0,0,0,0,0,0,0,0,0,0,0,0,0,0,0,0,0,0,0,0,0,0,0,0,0,0,0,0,0,0,0,0,0,0,0,0,0,0,0,0,266597830,0,0,0,505913049,0,0,0,0,0,0,0,81873204,126809475,304391160,183404403200,76332200,1,0,0,0,0,0,0,0,0,0,0,0,0,0,0,0,0,0,0,0,0,0,0,0,0,0,0,0,0,0,0,1058,0,0,0,0,0,0,0
1787689077.347,0,0,0,0,0,0,0,766279641,2073477138944,843153746944,0,0,0,0,0,0,0,0,0,0,0,0,0,0,0,0,0,0,0,0,0,0,0,0,0,0,0,0,0,0,0,0,0,0,0,0,0,0,0,0,0,0,0,0,0,0,0,0,0,0,0,0,0,0,0,0,0,0,0,0,7,1698900,126734465,37256547,0,0,0,0,0,0,0,0,0,0,0,0,0,0,0,0,0,0,0,0,0,0,0,0,0,0,0,0,0,0,0,0,0,0,0,0,0,12883312640,10619191296,786335,648145,37196142,0,0,97,786432,125848751,796294,280,3705901026,12884901888,0,716310431,0,0,0,0,0,0,0,0,0,0,0,0,0,0,0,0,0,0,18986826,118865371,0,468,1204,7863,623,37973944,35,0,0,0,0,0,0,0,1,0,0,0,0,0,0,0,0,0,0,25165444,0,37203426,302782,0,0,0,0,0,0,0,0,16384,0,0,0,0,0,0,0,0,0,0,0,7373,473,0,0,0,0,0,57717231,0,157,0,3,470,7373,0,0,0,0,0,0,0,0,0,0,0,0,0,0,0,0,0,0,0,0,0,0,0,0,0,0,0,0,0,0,0,0,0,0,0,0,0,0,0,0,0,0,0,0,0,0,0,0,0,0,0,0,0,0,266673537,0,0,0,505998836,0,0,0,0,0,0,0,81900807,126867626,304481174,183443826688,76357758,1,1,0,0,0,0,0,0,0,0,0,0,0,0,0,0,0,0,0,0,0,0,0,0,0,0,0,0,0,0,0,45,0,0,0,0,0,0,0
1787689078.424,0,0,0,0,0,0,0,766454898,2074452609536,843397425152,0,0,0,0,0,0,0,0,0,0,0,0,0,0,0,0,0,0,0,0,0,0,0,0,0,0,0,0,0,0,0,0,0,0,0,0,0,0,0,0,0,0,0,0,0,0,0,0,0,0,0,0,0,0,0,0,0,0,0,0,7,1699044,126794129,37268712,0,0,0,0,0,0,0,0,0,0,0,0,0,0,0,0,0,0,0,0,0,0,0,0,0,0,0,0,0,0,0,0,0,0,0,0,0,12883312640,10598596608,786334,646887,37216152,0,0,98,786432,125908337,796294,280,3706767368,12884901888,0,716425226,0,0,0,0,0,0,0,0,0,0,0,0,0,0,0,0,0,0,18991907,118870451,0,468,1204,7863,623,37984104,35,0,0,0,0,0,0,0,1,0,0,0,0,0,0,0,0,0,0,25171294,0,37215626,302879,0,0,0,0,0,0,0,0,16384,0,0,0,0,0,0,0,0,0,0,0,7374,473,0,0,0,0,0,57732671,0,157,0,3,470,7374,0,0,0,0,0,0,0,0,0,0,0,0,0,0,0,0,0,0,0,0,0,0,0,0,0,0,0,0,0,0,0,0,0,0,0,0,0,0,0,0,0,0,0,0,0,0,0,0,0,0,0,0,0,0,266749019,0,0,0,506084779,0,0,0,0,0,0,0,81928959,126927156,304568780,183483104768,76384139,1,1,0,0,0,0,0,0,0,0,0,0,0,0,0,0,0,0,0,0,0,0,0,0,0,0,0,0,0,0,0,332,0,0,0,0,0,0,0
1787689079.502,0,0,0,0,0,0,0,766632469,2075438123520,843607561216,0,0,0,0,0,0,0,0,0,0,0,0,0,0,0,0,0,0,0,0,0,0,0,0,0,0,0,0,0,0,0,0,0,0,0,0,0,0,0,0,0,0,0,0,0,0,0,0,0,0,0,0,0,0,0,0,0,0,0,0,7,1699055,126854417,37278671,0,0,0,0,0,0,0,0,0,0,0,0,0,0,0,0,0,0,0,0,0,0,0,0,0,0,0,0,0,0,0,0,0,0,0,0,0,12883329024,10614439936,786336,647854,37226111,0,0,97,786432,125968566,796294,280,3707644079,12884901888,0,716541083,0,0,0,0,0,0,0,0,0,0,0,0,0,0,0,0,0,0,18997063,118875607,0,468,1204,7863,623,37994417,35,0,0,0,0,0,0,0,1,0,0,0,0,0,0,0,0,0,0,25177219,0,37225585,302959,0,0,0,0,0,0,0,0,16384,0,0,0,0,0,0,0,0,0,0,0,7375,473,0,0,0,0,0,57748315,0,157,0,3,470,7375,0,0,0,0,0,0,0,0,0,0,0,0,0,0,0,0,0,0,0,0,0,0,0,0,0,0,0,0,0,0,0,0,0,0,0,0,0,0,0,0,0,0,0,0,0,0,0,0,0,0,0,0,0,0,266826126,0,0,0,506171997,0,0,0,0,0,0,0,81957720,126987306,304655878,183523351552,76411420,1,1,0,0,0,0,0,0,0,0,0,0,0,0,0,0,0,0,0,0,0,0,0,0,0,0,0,0,0,0,0,664,0,0,0,0,0,0,0
1787689080.581,0,0,0,0,0,0,0,766811987,2076434401792,843817746432,0,0,0,0,0,0,0,0,0,0,0,0,0,0,0,0,0,0,0,0,0,0,0,0,0,0,0,0,0,0,0,0,0,0,0,0,0,0,0,0,0,0,0,0,0,0,0,0,0,0,0,0,0,0,0,0,0,0,0,0,7,1699140,126915381,37288622,0,0,0,0,0,0,0,0,0,0,0,0,0,0,0,0,0,0,0,0,0,0,0,0,0,0,0,0,0,0,0,0,0,0,0,0,0,12883329024,10634248192,786335,649063,37236062,0,0,97,786432,126029460,796294,280,3708531045,12884901888,0,716658630,0,0,0,0,0,0,0,0,0,0,0,0,0,0,0,0,0,0,19002268,118880813,0,468,1204,7863,623,38004827,35,0,0,0,0,0,0,0,1,0,0,0,0,0,0,0,0,0,0,25183216,0,37235536,303039,0,0,0,0,0,0,0,0,16384,0,0,0,0,0,0,0,0,0,0,0,7376,473,0,0,0,0,0,57764150,0,157,0,3,470,7376,0,0,0,0,0,0,0,0,0,0,0,0,0,0,0,0,0,0,0,0,0,0,0,0,0,0,0,0,0,0,0,0,0,0,0,0,0,0,0,0,0,0,0,0,0,0,0,0,0,0,0,0,0,0,266903509,0,0,0,506260013,0,0,0,0,0,0,0,81986796,127048144,304743259,183563723264,76438966,1,0,0,0,0,0,0,0,0,0,0,0,0,0,0,0,0,0,0,0,0,0,0,0,0,0,0,0,0,0,0,1063,0,0,0,0,0,0,0
1787689081.660,0,0,0,0,0,0,0,766987816,2077410527744,844028009472,0,0,0,0,0,0,0,0,0,0,0,0,0,0,0,0,0,0,0,0,0,0,0,0,0,0,0,0,0,0,0,0,0,0,0,0,0,0,0,0,0,0,0,0,0,0,0,0,0,0,0,0,0,0,0,0,0,0,0,0,7,1699160,126975104,37298586,0,0,0,0,0,0,0,0,0,0,0,0,0,0,0,0,0,0,0,0,0,0,0,0,0,0,0,0,0,0,0,0,0,0,0,0,0,12883329024,10646487040,786336,649810,37246026,0,0,96,786432,126089118,796294,280,3709403364,12884901888,0,716776355,0,0,0,0,0,0,0,0,0,0,0,0,0,0,0,0,0,0,19007372,118885915,0,468,1204,7863,623,38015034,35,0,0,0,0,0,0,0,1,0,0,0,0,0,0,0,0,0,0,25189098,0,37245500,303119,0,0,0,0,0,0,0,0,16384,0,0,0,0,0,0,0,0,0,0,0,7377,473,0,0,0,0,0,57779656,0,157,0,3,470,7377,0,0,0,0,0,0,0,0,0,0,0,0,0,0,0,0,0,0,0,0,0,0,0,0,0,0,0,0,0,0,0,0,0,0,0,0,0,0,0,0,0,0,0,0,0,0,0,0,0,0,0,0,0,0,266981065,0,0,0,506347498,0,0,0,0,0,0,0,82013896,127107746,304830823,183604093952,76464605,1,0,0,0,0,0,0,0,0,0,0,0,0,0,0,0,0,0,0,0,0,0,0,0,0,0,0,0,0,0,0,141,0,0,0,0,0,0,0
1787689082.739,0,0,0,0,0,0,0,767157833,2078351428096,844237486592,0,0,0,0,0,0,0,0,0,0,0,0,0,0,0,0,0,0,0,0,0,0,0,0,0,0,0,0,0,0,0,0,0,0,0,0,0,0,0,0,0,0,0,0,0,0,0,0,0,0,0,0,0,0,0,0,0,0,0,0,7,1699237,127032672,37308631,0,0,0,0,0,0,0,0,0,0,0,0,0,0,0,0,0,0,0,0,0,0,0,0,0,0,0,0,0,0,0,0,0,0,0,0,0,12883329024,10654629888,786336,650307,37256071,0,0,96,786432,126146610,796294,280,3710242939,12884901888,0,716887687,0,0,0,0,0,0,0,0,0,0,0,0,0,0,0,0,0,0,19012299,118890843,0,468,1204,7863,623,38024890,35,0,0,0,0,0,0,0,1,0,0,0,0,0,0,0,0,0,0,25194773,0,37255545,303199,0,0,0,0,0,0,0,0,16384,0,0,0,0,0,0,0,0,0,0,0,7379,473,0,0,0,0,0,57794604,0,157,0,3,470,7379,0,0,0,0,0,0,0,0,0,0,0,0,0,0,0,0,0,0,0,0,0,0,0,0,0,0,0,0,0,0,0,0,0,0,0,0,0,0,0,0,0,0,0,0,0,0,0,0,0,0,0,0,0,0,267055345,0,0,0,506431066,0,0,0,0,0,0,0,82039332,127165205,304915180,183642650624,76488521,0,1,0,0,0,0,0,0,0,0,0,0,0,0,0,0,0,0,0,0,0,0,0,0,0,0,0,0,0,0,0,283,0,0,0,0,0,0,0
1787689083.812,0,0,0,0,0,0,0,767334473,2079334648320,844448474624,0,0,0,0,0,0,0,0,0,0,0,0,0,0,0,0,0,0,0,0,0,0,0,0,0,0,0,0,0,0,0,0,0,0,0,0,0,0,0,0,0,0,0,0,0,0,0,0,0,0,0,0,0,0,0,0,0,0,0,0,7,1699254,127092826,37318695,0,0,0,0,0,0,0,0,0,0,0,0,0,0,0,0,0,0,0,0,0,0,0,0,0,0,0,0,0,0,0,0,0,0,0,0,0,12883312640,10666917888,786336,651057,37266135,0,0,97,786432,126206685,796294,280,3711115409,12884901888,0,717002910,0,0,0,0,0,0,0,0,0,0,0,0,0,0,0,0,0,0,19017425,118895969,0,468,1204,7863,623,38035145,35,0,0,0,0,0,0,0,1,0,0,0,0,0,0,0,0,0,0,25200674,0,37265609,303279,0,0,0,0,0,0,0,0,16384,0,0,0,0,0,0,0,0,0,0,0,7380,473,0,0,0,0,0,57810201,0,157,0,3,470,7380,0,0,0,0,0,0,0,0,0,0,0,0,0,0,0,0,0,0,0,0,0,0,0,0,0,0,0,0,0,0,0,0,0,0,0,0,0,0,0,0,0,0,0,0,0,0,0,0,0,0,0,0,0,0,267131548,0,0,0,506517667,0,0,0,0,0,0,0,82067510,127225231,305001494,183682241536,76515235,1,0,0,0,0,0,0,0,0,0,0,0,0,0,0,0,0,0,0,0,0,0,0,0,0,0,0,0,0,0,0,620,0,0,0,0,0,0,0
1787689084.889,0,0,0,0,0,0,0,767511322,2080315165184,844658225152,0,0,0,0,0,0,0,0,0,0,0,0,0,0,0,0,0,0,0,0,0,0,0,0,0,0,0,0,0,0,0,0,0,0,0,0,0,0,0,0,0,0,0,0,0,0,0,0,0,0,0,0,0,0,0,0,0,0,0,0,7,1699270,127152801,37328673,0,0,0,0,0,0,0,0,0,0,0,0,0,0,0,0,0,0,0,0,0,0,0,0,0,0,0,0,0,0,0,0,0,0,0,0,0,12883329024,10680614912,786336,651893,37276113,0,0,96,786432,126266603,796294,280,3711988448,12884901888,0,717118238,0,0,0,0,0,0,0,0,0,0,0,0,0,0,0,0,0,0,19022554,118901099,0,468,1204,7863,623,38045397,35,0,0,0,0,0,0,0,1,0,0,0,0,0,0,0,0,0,0,25206575,0,37275587,303359,0,0,0,0,0,0,0,0,16384,0,0,0,0,0,0,0,0,0,0,0,7381,473,0,0,0,0,0,57825807,0,157,0,3,470,7381,0,0,0,0,0,0,0,0,0,0,0,0,0,0,0,0,0,0,0,0,0,0,0,0,0,0,0,0,0,0,0,0,0,0,0,0,0,0,0,0,0,0,0,0,0,0,0,0,0,0,0,0,0,0,267207389,0,0,0,506604491,0,0,0,0,0,0,0,82095450,127285081,305087362,183721845760,76541638,1,0,0,0,0,0,0,0,0,0,0,0,0,0,0,0,0,0,0,0,0,0,0,0,0,0,0,0,0,0,0,934,0,0,0,0,0,0,0
1787689085.969,0,0,0,0,0,0,0,767687608,2081290947072,844868724736,0,0,0,0,0,0,0,0,0,0,0,0,0,0,0,0,0,0,0,0,0,0,0,0,0,0,0,0,0,0,0,0,0,0,0,0,0,0,0,0,0,0,0,0,0,0,0,0,0,0,0,0,0,0,0,0,0,0,0,0,7,1699295,127212497,37338685,0,0,0,0,0,0,0,0,0,0,0,0,0,0,0,0,0,0,0,0,0,0,0,0,0,0,0,0,0,0,0,0,0,0,0,0,0,12883329024,10693722112,786336,652693,37286125,0,0,96,786432,126326245,796294,280,3712858686,12884901888,0,717233166,0,0,0,0,0,0,0,0,0,0,0,0,0,0,0,0,0,0,19027660,118906204,0,468,1204,7863,623,38055620,35,0,0,0,0,0,0,0,1,0,0,0,0,0,0,0,0,0,0,25212459,0,37285599,303439,0,0,0,0,0,0,0,0,16384,0,0,0,0,0,0,0,0,0,0,0,7382,473,0,0,0,0,0,57841304,0,157,0,3,470,7382,0,0,0,0,0,0,0,0,0,0,0,0,0,0,0,0,0,0,0,0,0,0,0,0,0,0,0,0,0,0,0,0,0,0,0,0,0,0,0,0,0,0,0,0,0,0,0,0,0,0,0,0,0,0,267284030,0,0,0,506690984,0,0,0,0,0,0,0,82123785,127344645,305174054,183761792512,76568485,1,1,0,0,0,0,0,0,0,0,0,0,0,0,0,0,0,0,0,0,0,0,0,0,0,0,0,0,0,0,0,1232,0,0,0,0,0,0,0
1787689087.047,0,0,0,0,0,0,0,767863995,2082267908608,845078726656,0,0,0,0,0,0,0,0,0,0,0,0,0,0,0,0,0,0,0,0,0,0,0,0,0,0,0,0,0,0,0,0,0,0,0,0,0,0,0,0,0,0,0,0,0,0,0,0,0,0,0,0,0,0,0,0,0,0,0,0,7,1699307,127272248,37348653,0,0,0,0,0,0,0,0,0,0,0,0,0,0,0,0,0,0,0,0,0,0,0,0,0,0,0,0,0,0,0,0,0,0,0,0,0,12883329024,10708090880,786336,653570,37296093,0,0,96,786432,126385927,796294,280,3713733038,12884901888,0,717351055,0,0,0,0,0,0,0,0,0,0,0,0,0,0,0,0,0,0,19032781,118911326,0,468,1204,7863,623,38065860,35,0,0,0,0,0,0,0,1,0,0,0,0,0,0,0,0,0,0,25218359,0,37295567,303519,0,0,0,0,0,0,0,0,16384,0,0,0,0,0,0,0,0,0,0,0,7383,473,0,0,0,0,0,57856876,0,157,0,3,470,7383,0,0,0,0,0,0,0,0,0,0,0,0,0,0,0,0,0,0,0,0,0,0,0,0,0,0,0,0,0,0,0,0,0,0,0,0,0,0,0,0,0,0,0,0,0,0,0,0,0,0,0,0,0,0,267361074,0,0,0,506778762,0,0,0,0,0,0,0,82151868,127404270,305261094,183801934848,76595126,1,0,0,0,0,0,0,0,0,0,0,0,0,0,0,0,0,0,0,0,0,0,0,0,0,0,0,0,0,0,0,348,0,0,0,0,0,0,0
1787689088.123,0,0,0,0,0,0,0,768044398,2083260893696,845290240512,0,0,0,0,0,0,0,0,0,0,0,0,0,0,0,0,0,0,0,0,0,0,0,0,0,0,0,0,0,0,0,0,0,0,0,0,0,0,0,0,0,0,0,0,0,0,0,0,0,0,0,0,0,0,0,0,0,0,0,0,7,1699326,127332984,37358684,0,0,0,0,0,0,0,0,0,0,0,0,0,0,0,0,0,0,0,0,0,0,0,0,0,0,0,0,0,0,0,0,0,0,0,0,0,12883296256,10725097472,786334,654608,37306124,1,0,96,786432,126446596,796294,280,3714623011,12884901888,0,717468396,0,0,0,0,0,0,0,0,0,0,0,0,0,0,0,0,0,0,19038011,118916555,0,468,1204,7863,623,38076312,35,0,0,0,0,0,0,0,1,0,0,0,0,0,0,0,0,0,0,25224377,0,37305598,303599,0,0,0,0,0,0,0,0,16384,0,0,0,0,0,0,0,0,0,0,0,7384,473,0,0,0,0,0,57872797,0,157,0,3,470,7384,0,0,0,0,0,0,0,0,0,0,0,0,0,0,0,0,0,0,0,0,0,0,0,0,0,0,0,0,0,0,0,0,0,0,0,0,0,0,0,0,0,0,0,0,0,0,0,0,0,0,0,0,0,0,267438852,0,0,0,506867163,0,0,0,0,0,0,0,82180575,127464854,305348936,183842381824,76622424,1,0,0,0,0,0,0,0,0,0,0,0,0,0,0,0,0,0,0,0,0,0,0,0,0,0,0,0,0,0,0,749,0,0,0,0,0,0,0
1787689089.206,0,0,0,0,0,0,0,768221731,2084242393600,845499952640,0,0,0,0,0,0,0,0,0,0,0,0,0,0,0,0,0,0,0,0,0,0,0,0,0,0,0,0,0,0,0,0,0,0,0,0,0,0,0,0,0,0,0,0,0,0,0,0,0,0,0,0,0,0,0,0,0,0,0,0,7,1699411,127393001,37368635,0,0,0,0,0,0,0,0,0,0,0,0,0,0,0,0,0,0,0,0,0,0,0,0,0,0,0,0,0,0,0,0,0,0,0,0,0,12883247104,10740301824,786331,655536,37316075,5,0,96,786432,126506550,796294,280,3715498272,12884901888,0,717584230,0,0,0,0,0,0,0,0,0,0,0,0,0,0,0,0,0,0,19043160,118921705,0,468,1204,7863,623,38086608,35,0,0,0,0,0,0,0,1,0,0,0,0,0,0,0,0,0,0,25230302,0,37315549,303679,0,0,0,0,0,0,0,0,16384,0,0,0,0,0,0,0,0,0,0,0,7385,473,0,0,0,0,0,57888440,0,157,0,3,470,7385,0,0,0,0,0,0,0,0,0,0,0,0,0,0,0,0,0,0,0,0,0,0,0,0,0,0,0,0,0,0,0,0,0,0,0,0,0,0,0,0,0,0,0,0,0,0,0,0,0,0,0,0,0,0,267515611,0,0,0,506954242,0,0,0,0,0,0,0,82208807,127524766,305435677,183882467840,76649162,1,0,0,0,0,0,0,0,0,0,0,0,0,0,0,0,0,0,0,0,0,0,0,0,0,0,0,0,0,0,0,1088,0,0,0,0,0,0,0
1787689090.279,0,0,0,0,0,0,0,768394596,2085199006208,845775083520,0,0,0,0,0,0,0,0,0,0,0,0,0,0,0,0,0,0,0,0,0,0,0,0,0,0,0,0,0,0,0,0,0,0,0,0,0,0,0,0,0,0,0,0,0,0,0,0,0,0,0,0,0,0,0,0,0,0,0,0,7,1699439,127451506,37382563,0,0,0,0,0,0,0,0,0,0,0,0,0,0,0,0,0,0,0,0,0,0,0,0,0,0,0,0,0,0,0,0,0,0,0,0,0,12883312640,10686889984,786335,652276,37326085,0,0,96,786432,126564992,796294,280,3716355572,12884901888,0,717700010,0,0,0,0,0,0,0,0,0,0,0,0,0,0,0,0,0,0,19048172,118926717,0,468,1204,7863,623,38096635,35,0,0,0,0,0,0,0,1,0,0,0,0,0,0,0,0,0,0,25236085,0,37329477,303791,0,0,0,0,0,0,0,0,16384,0,0,0,0,0,0,0,0,0,0,0,7386,473,0,0,0,0,0,57903680,0,157,0,3,470,7386,0,0,0,0,0,0,0,0,0,0,0,0,0,0,0,0,0,0,0,0,0,0,0,0,0,0,0,0,0,0,0,0,0,0,0,0,0,0,0,0,0,0,0,0,0,0,0,0,0,0,0,0,0,0,267591745,0,0,0,507040390,0,0,0,0,0,0,0,82236859,127583157,305525852,183922221568,76675177,1,0,0,0,0,0,0,0,0,0,0,0,0,0,0,0,0,0,0,0,0,0,0,0,0,0,0,0,0,0,0,93,0,0,0,0,0,0,0
1787689091.354,0,0,0,0,0,0,0,768567004,2086153685504,846051229184,0,0,0,0,0,0,0,0,0,0,0,0,0,0,0,0,0,0,0,0,0,0,0,0,0,0,0,0,0,0,0,0,0,0,0,0,0,0,0,0,0,0,0,0,0,0,0,0,0,0,0,0,0,0,0,0,0,0,0,0,7,1699457,127509905,37396704,0,0,0,0,0,0,0,0,0,0,0,0,0,0,0,0,0,0,0,0,0,0,0,0,0,0,0,0,0,0,0,0,0,0,0,0,0,12883312640,10626826240,786335,648610,37336033,0,0,96,786432,126623319,796294,280,3717206847,12884901888,0,717812336,0,0,0,0,0,0,0,0,0,0,0,0,0,0,0,0,0,0,19053175,118931720,0,468,1204,7863,623,38106638,35,0,0,0,0,0,0,0,1,0,0,0,0,0,0,0,0,0,0,25241848,0,37343522,303903,0,0,0,0,0,0,0,0,16384,0,0,0,0,0,0,0,0,0,0,0,7387,473,0,0,0,0,0,57918915,0,157,0,3,470,7387,0,0,0,0,0,0,0,0,0,0,0,0,0,0,0,0,0,0,0,0,0,0,0,0,0,0,0,0,0,0,0,0,0,0,0,0,0,0,0,0,0,0,0,0,0,0,0,0,0,0,0,0,0,0,267666072,0,0,0,507125089,0,0,0,0,0,0,0,82264494,127641440,305614333,183960996352,76700668,1,1,0,0,0,0,0,0,0,0,0,0,0,0,0,0,0,0,0,0,0,0,0,0,0,0,0,0,0,0,0,305,0,0,0,0,0,0,0
1787689092.428,0,0,0,0,0,0,0,768743610,2087129352704,846290809856,0,0,0,0,0,0,0,0,0,0,0,0,0,0,0,0,0,0,0,0,0,0,0,0,0,0,0,0,0,0,0,0,0,0,0,0,0,0,0,0,0,0,0,0,0,0,0,0,0,0,0,0,0,0,0,0,0,0,0,0,7,1699495,127569584,37408518,0,0,0,0,0,0,0,0,0,0,0,0,0,0,0,0,0,0,0,0,0,0,0,0,0,0,0,0,0,0,0,0,0,0,0,0,0,12883312640,10613112832,786335,647773,37355958,0,0,97,786432,126682920,796294,280,3718078657,12884901888,0,717927652,0,0,0,0,0,0,0,0,0,0,0,0,0,0,0,0,0,0,19058298,118936843,0,468,1204,7863,623,38116889,35,0,0,0,0,0,0,0,1,0,0,0,0,0,0,0,0,0,0,25247743,0,37355432,303999,0,0,0,0,0,0,0,0,16384,0,0,0,0,0,0,0,0,0,0,0,7388,473,0,0,0,0,0,57934462,0,157,0,3,470,7388,0,0,0,0,0,0,0,0,0,0,0,0,0,0,0,0,0,0,0,0,0,0,0,0,0,0,0,0,0,0,0,0,0,0,0,0,0,0,0,0,0,0,0,0,0,0,0,0,0,0,0,0,0,0,267742117,0,0,0,507211768,0,0,0,0,0,0,0,82293005,127700989,305702234,184000629760,76727437,1,0,0,0,0,0,0,0,0,0,0,0,0,0,0,0,0,0,0,0,0,0,0,0,0,0,0,0,0,0,0,623,0,0,0,0,0,0,0
1787689093.506,0,0,0,0,0,0,0,768922355,2088117012992,846501193216,0,0,0,0,0,0,0,0,0,0,0,0,0,0,0,0,0,0,0,0,0,0,0,0,0,0,0,0,0,0,0,0,0,0,0,0,0,0,0,0,0,0,0,0,0,0,0,0,0,0,0,0,0,0,0,0,0,0,0,0,7,1699562,127629997,37418485,0,0,0,0,0,0,0,0,0,0,0,0,0,0,0,0,0,0,0,0,0,0,0,0,0,0,0,0,0,0,0,0,0,0,0,0,0,12883312640,10630938624,786335,648861,37365925,0,0,96,786432,126743264,796294,280,3718960852,12884901888,0,718044532,0,0,0,0,0,0,0,0,0,0,0,0,0,0,0,0,0,0,19063482,118942027,0,468,1204,7863,623,38127253,35,0,0,0,0,0,0,0,1,0,0,0,0,0,0,0,0,0,0,25253712,0,37365399,304079,0,0,0,0,0,0,0,0,16384,0,0,0,0,0,0,0,0,0,0,0,7389,473,0,0,0,0,0,57950249,0,157,0,3,470,7389,0,0,0,0,0,0,0,0,0,0,0,0,0,0,0,0,0,0,0,0,0,0,0,0,0,0,0,0,0,0,0,0,0,0,0,0,0,0,0,0,0,0,0,0,0,0,0,0,0,0,0,0,0,0,267819041,0,0,0,507299483,0,0,0,0,0,0,0,82321775,127761282,305789155,184040968192,76754782,0,1,0,0,0,0,0,0,0,0,0,0,0,0,0,0,0,0,0,0,0,0,0,0,0,0,0,0,0,0,0,1016,0,0,0,0,0,0,0
1787689094.585,0,0,0,0,0,0,0,769100042,2089102150144,846710305792,0,0,0,0,0,0,0,0,0,0,0,0,0,0,0,0,0,0,0,0,0,0,0,0,0,0,0,0,0,0,0,0,0,0,0,0,0,0,0,0,0,0,0,0,0,0,0,0,0,0,0,0,0,0,0,0,0,0,0,0,7,1699612,127690252,37428398,0,0,0,0,0,0,0,0,0,0,0,0,0,0,0,0,0,0,0,0,0,0,0,0,0,0,0,0,0,0,0,0,0,0,0,0,0,12883312640,10648174592,786335,649913,37375838,0,0,97,786432,126803462,796294,280,3719841555,12884901888,0,718163487,0,0,0,0,0,0,0,0,0,0,0,0,0,0,0,0,0,0,19068634,118947177,0,468,1204,7863,623,38137556,35,0,0,0,0,0,0,0,1,0,0,0,0,0,0,0,0,0,0,25259644,0,37375312,304159,0,0,0,0,0,0,0,0,16384,0,0,0,0,0,0,0,0,0,0,0,7390,473,0,0,0,0,0,57965926,0,157,0,3,470,7390,0,0,0,0,0,0,0,0,0,0,0,0,0,0,0,0,0,0,0,0,0,0,0,0,0,0,0,0,0,0,0,0,0,0,0,0,0,0,0,0,0,0,0,0,0,0,0,0,0,0,0,0,0,0,267895842,0,0,0,507387786,0,0,0,0,0,0,0,82350621,127821386,305875917,184080947712,76782138,1,0,0,0,0,0,0,0,0,0,0,0,0,0,0,0,0,0,0,0,0,0,0,0,0,0,0,0,0,0,0,150,0,0,0,0,0,0,0
1787689095.658,0,0,0,0,0,0,0,769279110,2090091317760,846920799744,0,0,0,0,0,0,0,0,0,0,0,0,0,0,0,0,0,0,0,0,0,0,0,0,0,0,0,0,0,0,0,0,0,0,0,0,0,0,0,0,0,0,0,0,0,0,0,0,0,0,0,0,0,0,0,0,0,0,0,0,7,1699669,127750756,37438349,0,0,0,0,0,0,0,0,0,0,0,0,0,0,0,0,0,0,0,0,0,0,0,0,0,0,0,0,0,0,0,0,0,0,0,0,0,12883296256,10663411712,786335,650843,37385789,0,0,96,786432,126863891,796294,280,3720725654,12884901888,0,718280486,0,0,0,0,0,0,0,0,0,0,0,0,0,0,0,0,0,0,19073820,118952364,0,468,1204,7863,623,38147928,35,0,0,0,0,0,0,0,1,0,0,0,0,0,0,0,0,0,0,25265612,0,37385263,304239,0,0,0,0,0,0,0,0,16384,0,0,0,0,0,0,0,0,0,0,0,7391,473,0,0,0,0,0,57981685,0,157,0,3,470,7391,0,0,0,0,0,0,0,0,0,0,0,0,0,0,0,0,0,0,0,0,0,0,0,0,0,0,0,0,0,0,0,0,0,0,0,0,0,0,0,0,0,0,0,0,0,0,0,0,0,0,0,0,0,0,267973598,0,0,0,507475573,0,0,0,0,0,0,0,82379370,127881757,305963669,184121582592,76809322,0,0,0,0,0,0,0,0,0,0,0,0,0,0,0,0,0,0,0,0,0,0,0,0,0,0,0,0,0,0,0,533,0,0,0,0,0,0,0
1787689096.737,0,0,0,0,0,0,0,769458263,2091086498304,847130603008,0,0,0,0,0,0,0,0,0,0,0,0,0,0,0,0,0,0,0,0,0,0,0,0,0,0,0,0,0,0,0,0,0,0,0,0,0,0,0,0,0,0,0,0,0,0,0,0,0,0,0,0,0,0,0,0,0,0,0,0,7,1699707,127811624,37448310,0,0,0,0,0,0,0,0,0,0,0,0,0,0,0,0,0,0,0,0,0,0,0,0,0,0,0,0,0,0,0,0,0,0,0,0,0,12883312640,10681647104,786336,651956,37395750,0,0,96,786432,126924694,796294,280,3721610408,12884901888,0,718397182,0,0,0,0,0,0,0,0,0,0,0,0,0,0,0,0,0,0,19079025,118957568,0,468,1204,7863,623,38158336,35,0,0,0,0,0,0,0,1,0,0,0,0,0,0,0,0,0,0,25271606,0,37395224,304319,0,0,0,0,0,0,0,0,16384,0,0,0,0,0,0,0,0,0,0,0,7393,473,0,0,0,0,0,57997505,0,157,0,3,470,7393,0,0,0,0,0,0,0,0,0,0,0,0,0,0,0,0,0,0,0,0,0,0,0,0,0,0,0,0,0,0,0,0,0,0,0,0,0,0,0,0,0,0,0,0,0,0,0,0,0,0,0,0,0,0,268050248,0,0,0,507563552,0,0,0,0,0,0,0,82408365,127942502,306050324,184161536000,76836837,0,0,0,0,0,0,0,0,0,0,0,0,0,0,0,0,0,0,0,0,0,0,0,0,0,0,0,0,0,0,0,925,0,0,0,0,0,0,0
1787689097.817,0,0,0,0,0,0,0,769635885,2092070521344,847340887040,0,0,0,0,0,0,0,0,0,0,0,0,0,0,0,0,0,0,0,0,0,0,0,0,0,0,0,0,0,0,0,0,0,0,0,0,0,0,0,0,0,0,0,0,0,0,0,0,0,0,0,0,0,0,0,0,0,0,0,0,7,1699774,127871820,37458267,0,0,0,0,0,0,0,0,0,0,0,0,0,0,0,0,0,0,0,0,0,0,0,0,0,0,0,0,0,0,0,0,0,0,0,0,0,12883279872,10698244096,786334,652969,37405707,0,0,98,786432,126984801,796294,280,3722490691,12884901888,0,718515895,0,0,0,0,0,0,0,0,0,0,0,0,0,0,0,0,0,0,19084172,118962714,0,468,1204,7863,623,38168636,35,0,0,0,0,0,0,0,1,0,0,0,0,0,0,0,0,0,0,25277540,0,37405181,304399,0,0,0,0,0,0,0,0,16384,0,0,0,0,0,0,0,0,0,0,0,7394,473,0,0,0,0,0,58013149,0,157,0,3,470,7394,0,0,0,0,0,0,0,0,0,0,0,0,0,0,0,0,0,0,0,0,0,0,0,0,0,0,0,0,0,0,0,0,0,0,0,0,0,0,0,0,0,0,0,0,0,0,0,0,0,0,0,0,0,0,268127488,0,0,0,507651875,0,0,0,0,0,0,0,82437004,128002566,306137562,184201974784,76864005,1,0,0,0,0,0,0,0,0,0,0,0,0,0,0,0,0,0,0,0,0,0,0,0,0,0,0,0,0,0,0,44,0,0,0,0,0,0,0
1787689098.892,0,0,0,0,0,0,0,769813442,2093051546112,847550416896,0,0,0,0,0,0,0,0,0,0,0,0,0,0,0,0,0,0,0,0,0,0,0,0,0,0,0,0,0,0,0,0,0,0,0,0,0,0,0,0,0,0,0,0,0,0,0,0,0,0,0,0,0,0,0,0,0,0,0,0,7,1699796,127931822,37468211,0,0,0,0,0,0,0,0,0,0,0,0,0,0,0,0,0,0,0,0,0,0,0,0,0,0,0,0,0,0,0,0,0,0,0,0,0,12883329024,10713792512,786336,653918,37415651,0,0,96,786432,127044725,796294,280,3723367393,12884901888,0,718632469,0,0,0,0,0,0,0,0,0,0,0,0,0,0,0,0,0,0,19089318,118967862,0,468,1204,7863,623,38178926,35,0,0,0,0,0,0,0,1,0,0,0,0,0,0,0,0,0,0,25283461,0,37415125,304479,0,0,0,0,0,0,0,0,16384,0,0,0,0,0,0,0,0,0,0,0,7395,473,0,0,0,0,0,58028800,0,157,0,3,470,7395,0,0,0,0,0,0,0,0,0,0,0,0,0,0,0,0,0,0,0,0,0,0,0,0,0,0,0,0,0,0,0,0,0,0,0,0,0,0,0,0,0,0,0,0,0,0,0,0,0,0,0,0,0,0,268204095,0,0,0,507738937,0,0,0,0,0,0,0,82465472,128062447,306224145,184242018816,76891053,1,0,0,0,0,0,0,0,0,0,0,0,0,0,0,0,0,0,0,0,0,0,0,0,0,0,0,0,0,0,0,374,0,0,0,0,0,0,0
1787689099.968,0,0,0,0,0,0,0,769991585,2094038780416,847760081408,0,0,0,0,0,0,0,0,0,0,0,0,0,0,0,0,0,0,0,0,0,0,0,0,0,0,0,0,0,0,0,0,0,0,0,0,0,0,0,0,0,0,0,0,0,0,0,0,0,0,0,0,0,0,0,0,0,0,0,0,7,1699828,127992227,37478129,0,0,0,0,0,0,0,0,0,0,0,0,0,0,0,0,0,0,0,0,0,0,0,0,0,0,0,0,0,0,0,0,0,0,0,0,0,12883329024,10730405888,786336,654932,37425569,0,0,96,786432,127105062,796294,280,3724247333,12884901888,0,718748975,0,0,0,0,0,0,0,0,0,0,0,0,0,0,0,0,0,0,19094484,118973029,0,468,1204,7863,623,38189263,35,0,0,0,0,0,0,0,1,0,0,0,0,0,0,0,0,0,0,25289402,0,37425043,304559,0,0,0,0,0,0,0,0,16384,0,0,0,0,0,0,0,0,0,0,0,7396,473,0,0,0,0,0,58044503,0,157,0,3,470,7396,0,0,0,0,0,0,0,0,0,0,0,0,0,0,0,0,0,0,0,0,0,0,0,0,0,0,0,0,0,0,0,0,0,0,0,0,0,0,0,0,0,0,0,0,0,0,0,0,0,0,0,0,0,0,268281538,0,0,0,507826293,0,0,0,0,0,0,0,82494150,128122721,306311534,184282479616,76918256,0,0,0,0,0,0,0,0,0,0,0,0,0,0,0,0,0,0,0,0,0,0,0,0,0,0,0,0,0,0,0,735,0,0,0,0,0,0,0
1787689101.047,0,0,0,0,0,0,0,770169917,2095024949760,847970054144,0,0,0,0,0,0,0,0,0,0,0,0,0,0,0,0,0,0,0,0,0,0,0,0,0,0,0,0,0,0,0,0,0,0,0,0,0,0,0,0,0,0,0,0,0,0,0,0,0,0,0,0,0,0,0,0,0,0,0,0,7,1699845,128052544,37488097,0,0,0,0,0,0,0,0,0,0,0,0,0,0,0,0,0,0,0,0,0,0,0,0,0,0,0,0,0,0,0,0,0,0,0,0,0,12883312640,10743595008,786335,655737,37435537,0,0,97,786432,127165300,796294,280,3725127491,12884901888,0,718864705,0,0,0,0,0,0,0,0,0,0,0,0,0,0,0,0,0,0,19099660,118978204,0,468,1204,7863,623,38199614,35,0,0,0,0,0,0,0,1,0,0,0,0,0,0,0,0,0,0,25295360,0,37435011,304639,0,0,0,0,0,0,0,0,16384,0,0,0,0,0,0,0,0,0,0,0,7397,473,0,0,0,0,0,58060268,0,157,0,3,470,7397,0,0,0,0,0,0,0,0,0,0,0,0,0,0,0,0,0,0,0,0,0,0,0,0,0,0,0,0,0,0,0,0,0,0,0,0,0,0,0,0,0,0,0,0,0,0,0,0,0,0,0,0,0,0,268358216,0,0,0,507913816,0,0,0,0,0,0,0,82522919,128182920,306398227,184322423808,76945535,1,0,0,0,0,0,0,0,0,0,0,0,0,0,0,0,0,0,0,0,0,0,0,0,0,0,0,0,0,0,0,1105,0,0,0,0,0,0,0
1787689102.126,0,0,0,0,0,0,0,770347969,2096012495360,848179714048,0,0,0,0,0,0,0,0,0,0,0,0,0,0,0,0,0,0,0,0,0,0,0,0,0,0,0,0,0,0,0,0,0,0,0,0,0,0,0,0,0,0,0,0,0,0,0,0,0,0,0,0,0,0,0,0,0,0,0,0,7,1699858,128112983,37498071,0,0,0,0,0,0,0,0,0,0,0,0,0,0,0,0,0,0,0,0,0,0,0,0,0,0,0,0,0,0,0,0,0,0,0,0,0,12883329024,10758946816,786336,656674,37445511,0,0,96,786432,127225678,796294,280,3726010212,12884901888,0,718983686,0,0,0,0,0,0,0,0,0,0,0,0,0,0,0,0,0,0,19104826,118983370,0,468,1204,7863,623,38209940,35,0,0,0,0,0,0,0,1,0,0,0,0,0,0,0,0,0,0,25301308,0,37444985,304719,0,0,0,0,0,0,0,0,16384,0,0,0,0,0,0,0,0,0,0,0,7398,473,0,0,0,0,0,58075951,0,157,0,3,470,7398,0,0,0,0,0,0,0,0,0,0,0,0,0,0,0,0,0,0,0,0,0,0,0,0,0,0,0,0,0,0,0,0,0,0,0,0,0,0,0,0,0,0,0,0,0,0,0,0,0,0,0,0,0,0,268434679,0,0,0,508002376,0,0,0,0,0,0,0,82551783,128243231,306484703,184362208256,76972900,0,1,0,0,0,0,0,0,0,0,0,0,0,0,0,0,0,0,0,0,0,0,0,0,0,0,0,0,0,0,0,282,0,0,0,0,0,0,0
1787689103.205,0,0,0,0,0,0,0,770525341,2097000385024,848394903552,0,0,0,0,0,0,0,0,0,0,0,0,0,0,0,0,0,0,0,0,0,0,0,0,0,0,0,0,0,0,0,0,0,0,0,0,0,0,0,0,0,0,0,0,0,0,0,0,0,0,0,0,0,0,0,0,0,0,0,0,7,1699900,128173383,37508336,0,0,0,0,0,0,0,0,0,0,0,0,0,0,0,0,0,0,0,0,0,0,0,0,0,0,0,0,0,0,0,0,0,0,0,0,0,12880232448,10770153472,786147,657358,37455510,189,0,96,786432,127286017,796294,280,3726886439,12884901888,0,719099387,0,0,0,0,0,0,0,0,0,0,0,0,0,0,0,0,0,0,19109973,118988517,0,468,1204,7863,623,38220237,35,0,0,0,0,0,0,0,1,0,0,0,0,0,0,0,0,0,0,25307230,0,37455240,304801,0,0,0,0,0,0,0,0,16384,0,0,0,0,0,0,0,0,0,0,0,7399,473,0,0,0,0,0,58091617,0,157,0,3,470,7399,0,0,0,0,0,0,0,0,0,0,0,0,0,0,0,0,0,0,0,0,0,0,0,0,0,0,0,0,0,0,0,0,0,0,0,0,0,0,0,0,0,0,0,0,0,0,0,0,0,0,0,0,0,0,268510110,0,0,0,508089394,0,0,0,0,0,0,0,82580221,128303514,306570536,184401618944,76999833,1,0,0,0,0,0,0,0,0,0,0,0,0,0,0,0,0,0,0,0,0,0,0,0,0,0,0,0,0,0,0,608,0,0,0,0,0,0,0
1787689104.285,0,0,0,0,0,0,0,770699506,2097962945024,848670942720,0,0,0,0,0,0,0,0,0,0,0,0,0,0,0,0,0,0,0,0,0,0,0,0,0,0,0,0,0,0,0,0,0,0,0,0,0,0,0,0,0,0,0,0,0,0,0,0,0,0,0,0,0,0,0,0,0,0,0,0,7,1699967,128232256,37522356,0,0,0,0,0,0,0,0,0,0,0,0,0,0,0,0,0,0,0,0,0,0,0,0,0,0,0,0,0,0,0,0,0,0,0,0,0,12883312640,10715086848,786335,653997,37465488,1,0,96,786432,127344830,796294,280,3727746357,12884901888,0,719213747,0,0,0,0,0,0,0,0,0,0,0,0,0,0,0,0,0,0,19115016,118993561,0,468,1204,7863,623,38230321,35,0,0,0,0,0,0,0,1,0,0,0,0,0,0,0,0,0,0,25313047,0,37469167,304914,0,0,0,0,0,0,0,0,16384,0,0,0,0,0,0,0,0,0,0,0,7400,473,0,0,0,0,0,58106913,0,157,0,3,470,7400,0,0,0,0,0,0,0,0,0,0,0,0,0,0,0,0,0,0,0,0,0,0,0,0,0,0,0,0,0,0,0,0,0,0,0,0,0,0,0,0,0,0,0,0,0,0,0,0,0,0,0,0,0,0,268585479,0,0,0,508174869,0,0,0,0,0,0,0,82608291,128362262,306660028,184441038848,77025836,1,1,0,0,0,0,0,0,0,0,0,0,0,0,0,0,0,0,0,0,0,0,0,0,0,0,0,0,0,0,0,844,0,0,0,0,0,0,0
1787689105.361,0,0,0,0,0,0,0,770872429,2098922375680,848948579328,0,0,0,0,0,0,0,0,0,0,0,0,0,0,0,0,0,0,0,0,0,0,0,0,0,0,0,0,0,0,0,0,0,0,0,0,0,0,0,0,0,0,0,0,0,0,0,0,0,0,0,0,0,0,0,0,0,0,0,0,7,1699993,128290950,37536587,0,0,0,0,0,0,0,0,0,0,0,0,0,0,0,0,0,0,0,0,0,0,0,0,0,0,0,0,0,0,0,0,0,0,0,0,0,12883329024,10655563776,786336,650364,37475465,0,0,96,786432,127403449,796294,280,3728600285,12884901888,0,719326823,0,0,0,0,0,0,0,0,0,0,0,0,0,0,0,0,0,0,19120033,118998578,0,468,1204,7863,623,38240356,35,0,0,0,0,0,0,0,1,0,0,0,0,0,0,0,0,0,0,25318823,0,37483501,305027,0,0,0,0,0,0,0,0,16384,0,0,0,0,0,0,0,0,0,0,0,7401,473,0,0,0,0,0,58122172,0,157,0,3,470,7401,0,0,0,0,0,0,0,0,0,0,0,0,0,0,0,0,0,0,0,0,0,0,0,0,0,0,0,0,0,0,0,0,0,0,0,0,0,0,0,0,0,0,0,0,0,0,0,0,0,0,0,0,0,0,268659385,0,0,0,508259821,0,0,0,0,0,0,0,82636423,128420832,306748179,184479689728,77051822,1,0,0,0,0,0,0,0,0,0,0,0,0,0,0,0,0,0,0,0,0,0,0,0,0,0,0,0,0,0,0,1050,0,0,0,0,0,0,0
1787689106.437,0,0,0,0,0,0,0,771049054,2099897305600,849181206528,0,0,0,0,0,0,0,0,0,0,0,0,0,0,0,0,0,0,0,0,0,0,0,0,0,0,0,0,0,0,0,0,0,0,0,0,0,0,0,0,0,0,0,0,0,0,0,0,0,0,0,0,0,0,0,0,0,0,0,0,7,1700025,128350596,37548012,0,0,0,0,0,0,0,0,0,0,0,0,0,0,0,0,0,0,0,0,0,0,0,0,0,0,0,0,0,0,0,0,0,0,0,0,0,12883329024,10645536768,786335,649752,37495452,0,0,97,786432,127463046,796294,280,3729475718,12884901888,0,719445194,0,0,0,0,0,0,0,0,0,0,0,0,0,0,0,0,0,0,19125155,119003700,0,468,1204,7863,623,38250602,35,0,0,0,0,0,0,0,1,0,0,0,0,0,0,0,0,0,0,25324726,0,37494926,305119,0,0,0,0,0,0,0,0,16384,0,0,0,0,0,0,0,0,0,0,0,7402,473,0,0,0,0,0,58137769,0,157,0,3,470,7402,0,0,0,0,0,0,0,0,0,0,0,0,0,0,0,0,0,0,0,0,0,0,0,0,0,0,0,0,0,0,0,0,0,0,0,0,0,0,0,0,0,0,0,0,0,0,0,0,0,0,0,0,0,0,268735182,0,0,0,508347697,0,0,0,0,0,0,0,82664946,128480349,306835386,184519363072,77078731,0,0,0,0,0,0,0,0,0,0,0,0,0,0,0,0,0,0,0,0,0,0,0,0,0,0,0,0,0,0,0,156,0,0,0,0,0,0,0
1787689107.512,0,0,0,0,0,0,0,771221577,2100849347072,849390766592,0,0,0,0,0,0,0,0,0,0,0,0,0,0,0,0,0,0,0,0,0,0,0,0,0,0,0,0,0,0,0,0,0,0,0,0,0,0,0,0,0,0,0,0,0,0,0,0,0,0,0,0,0,0,0,0,0,0,0,0,7,1700105,128408862,37558031,0,0,0,0,0,0,0,0,0,0,0,0,0,0,0,0,0,0,0,0,0,0,0,0,0,0,0,0,0,0,0,0,0,0,0,0,0,12883296256,10653908992,786334,650263,37505471,2,0,96,786432,127521249,796294,280,3730328042,12884901888,0,719558054,0,0,0,0,0,0,0,0,0,0,0,0,0,0,0,0,0,0,19130167,119008712,0,468,1204,7863,623,38260620,35,0,0,0,0,0,0,0,1,0,0,0,0,0,0,0,0,0,0,25330501,0,37504945,305199,0,0,0,0,0,0,0,0,16384,0,0,0,0,0,0,0,0,0,0,0,7403,473,0,0,0,0,0,58153000,0,157,0,3,470,7403,0,0,0,0,0,0,0,0,0,0,0,0,0,0,0,0,0,0,0,0,0,0,0,0,0,0,0,0,0,0,0,0,0,0,0,0,0,0,0,0,0,0,0,0,0,0,0,0,0,0,0,0,0,0,268809884,0,0,0,508432688,0,0,0,0,0,0,0,82692870,128538466,306920154,184558363648,77105223,0,0,0,0,0,0,0,0,0,0,0,0,0,0,0,0,0,0,0,0,0,0,0,0,0,0,0,0,0,0,0,360,0,0,0,0,0,0,0
