timestamp,adaptive_hash_pages_added,adaptive_hash_pages_removed,adaptive_hash_rows_added,adaptive_hash_rows_deleted_no_hash_entry,adaptive_hash_rows_removed,adaptive_hash_rows_updated,adaptive_hash_searches,adaptive_hash_searches_btree,buffer_data_reads,buffer_data_written,buffer_flush_adaptive,buffer_flush_adaptive_avg_pass,buffer_flush_adaptive_avg_time_est,buffer_flush_adaptive_avg_time_slot,buffer_flush_adaptive_avg_time_thread,buffer_flush_adaptive_pages,buffer_flush_adaptive_total_pages,buffer_flush_avg_page_rate,buffer_flush_avg_pass,buffer_flush_avg_time,buffer_flush_background,buffer_flush_background_pages,buffer_flush_background_total_pages,buffer_flush_batches,buffer_flush_batch_num_scan,buffer_flush_batch_pages,buffer_flush_batch_scanned,buffer_flush_batch_scanned_per_call,buffer_flush_batch_total_pages,buffer_flush_lsn_avg_rate,buffer_flush_neighbor,buffer_flush_neighbor_pages,buffer_flush_neighbor_total_pages,buffer_flush_n_to_flush_by_age,buffer_flush_n_to_flush_by_dirty_page,buffer_flush_n_to_flush_requested,buffer_flush_pct_for_dirty,buffer_flush_pct_for_lsn,buffer_flush_sync,buffer_flush_sync_pages,buffer_flush_sync_total_pages,buffer_flush_sync_waits,buffer_LRU_batches_evict,buffer_LRU_batches_flush,buffer_LRU_batch_evict_pages,buffer_LRU_batch_evict_total_pages,buffer_LRU_batch_flush_avg_pass,buffer_LRU_batch_flush_avg_time_est,buffer_LRU_batch_flush_avg_time_slot,buffer_LRU_batch_flush_avg_time_thread,buffer_LRU_batch_flush_pages,buffer_LRU_batch_flush_total_pages,buffer_LRU_batch_num_scan,buffer_LRU_batch_scanned,buffer_LRU_batch_scanned_per_call,buffer_LRU_flush_await_count,buffer_LRU_get_free_loops,buffer_LRU_get_free_search,buffer_LRU_get_free_waits,buffer_LRU_search_num_scan,buffer_LRU_search_scanned,buffer_LRU_search_scanned_per_call,buffer_LRU_single_flush_failure_count,buffer_LRU_single_flush_num_scan,buffer_LRU_single_flush_scanned,buffer_LRU_single_flush_scanned_per_call,buffer_LRU_single_page_flush_count,buffer_LRU_unzip_search_num_scan,buffer_LRU_unzip_search_scanned,buffer_LRU_unzip_search_scanned_per_call,buffer_pages0_read,buffer_pages_created,buffer_pages_read,buffer_pages_written,buffer_page_read_blob,buffer_page_read_fsp_hdr,buffer_page_read_ibuf_bitmap,buffer_page_read_ibuf_free_list,buffer_page_read_index_ibuf_leaf,buffer_page_read_index_ibuf_non_leaf,buffer_page_read_index_inode,buffer_page_read_index_leaf,buffer_page_read_index_non_leaf,buffer_page_read_other,buffer_page_read_rseg_array,buffer_page_read_system_page,buffer_page_read_trx_system,buffer_page_read_undo_log,buffer_page_read_xdes,buffer_page_read_zblob,buffer_page_read_zblob2,buffer_page_written_blob,buffer_page_written_fsp_hdr,buffer_page_written_ibuf_bitmap,buffer_page_written_ibuf_free_list,buffer_page_written_index_ibuf_leaf,buffer_page_written_index_ibuf_non_leaf,buffer_page_written_index_inode,buffer_page_written_index_leaf,buffer_page_written_index_non_leaf,buffer_page_written_on_log_no_waits,buffer_page_written_on_log_waits,buffer_page_written_on_log_wait_loops,buffer_page_written_other,buffer_page_written_rseg_array,buffer_page_written_system_page,buffer_page_written_trx_system,buffer_page_written_undo_log,buffer_page_written_xdes,buffer_page_written_zblob,buffer_page_written_zblob2,buffer_pool_bytes_data,buffer_pool_bytes_dirty,buffer_pool_pages_data,buffer_pool_pages_dirty,buffer_pool_pages_flushed,buffer_pool_pages_free,buffer_pool_pages_lru_flushed,buffer_pool_pages_misc,buffer_pool_pages_total,buffer_pool_reads,buffer_pool_read_ahead,buffer_pool_read_ahead_evicted,buffer_pool_read_requests,buffer_pool_size,buffer_pool_wait_free,buffer_pool_write_requests,compression_pad_decrements,compression_pad_increments,compress_pages_compressed,compress_pages_decompressed,cpu_n,cpu_stime_abs,cpu_stime_pct,cpu_utime_abs,cpu_utime_pct,dblwr_async_requests,dblwr_flush_requests,dblwr_flush_wait_events,dblwr_sync_requests,ddl_background_drop_tables,ddl_log_file_alter_table,ddl_online_create_index,ddl_pending_alter_table,ddl_sort_file_alter_table,dml_deletes,dml_inserts,dml_reads,dml_system_deletes,dml_system_inserts,dml_system_reads,dml_system_updates,dml_updates,file_num_open_files,ibuf_merges,ibuf_merges_delete,ibuf_merges_delete_mark,ibuf_merges_discard_delete,ibuf_merges_discard_delete_mark,ibuf_merges_discard_insert,ibuf_merges_insert,ibuf_size,icp_attempts,icp_match,icp_no_match,icp_out_of_range,index_page_discards,index_page_merge_attempts,index_page_merge_successful,index_page_reorg_attempts,index_page_reorg_successful,index_page_splits,innodb_activity_count,innodb_background_drop_table_usec,innodb_dblwr_pages_written,innodb_dblwr_writes,innodb_dict_lru_count,innodb_dict_lru_usec,innodb_ibuf_merge_usec,innodb_master_active_loops,innodb_master_idle_loops,innodb_master_purge_usec,innodb_master_thread_sleeps,innodb_mem_validate_usec,innodb_page_size,innodb_rwlock_sx_os_waits,innodb_rwlock_sx_spin_rounds,innodb_rwlock_sx_spin_waits,innodb_rwlock_s_os_waits,innodb_rwlock_s_spin_rounds,innodb_rwlock_s_spin_waits,innodb_rwlock_x_os_waits,innodb_rwlock_x_spin_rounds,innodb_rwlock_x_spin_waits,lock_deadlocks,lock_deadlock_false_positives,lock_deadlock_rounds,lock_rec_grant_attempts,lock_rec_locks,lock_rec_lock_created,lock_rec_lock_removed,lock_rec_lock_requests,lock_rec_lock_waits,lock_rec_release_attempts,lock_row_lock_current_waits,lock_row_lock_time,lock_row_lock_time_avg,lock_row_lock_time_max,lock_row_lock_waits,lock_schedule_refreshes,lock_table_locks,lock_table_lock_created,lock_table_lock_removed,lock_table_lock_waits,lock_threads_waiting,lock_timeouts,log_checkpoints,log_concurrency_margin,log_flusher_no_waits,log_flusher_waits,log_flusher_wait_loops,log_flush_avg_time,log_flush_lsn_avg_rate,log_flush_max_time,log_flush_notifier_no_waits,log_flush_notifier_waits,log_flush_notifier_wait_loops,log_flush_total_time,log_free_space,log_full_block_writes,log_lsn_archived,log_lsn_buf_dirty_pages_added,log_lsn_buf_pool_oldest_approx,log_lsn_buf_pool_oldest_lwm,log_lsn_checkpoint_age,log_lsn_current,log_lsn_last_checkpoint,log_lsn_last_flush,log_max_modified_age_async,log_max_modified_age_sync,log_next_file,log_on_buffer_space_no_waits,log_on_buffer_space_waits,log_on_buffer_space_wait_loops,log_on_file_space_no_waits,log_on_file_space_waits,log_on_file_space_wait_loops,log_on_flush_no_waits,log_on_flush_waits,log_on_flush_wait_loops,log_on_recent_closed_wait_loops,log_on_recent_written_wait_loops,log_on_write_no_waits,log_on_write_waits,log_on_write_wait_loops,log_padded,log_partial_block_writes,log_waits,log_writer_no_waits,log_writer_on_archiver_waits,log_writer_on_file_space_waits,log_writer_on_tracker_waits,log_writer_waits,log_writer_wait_loops,log_writes,log_write_notifier_no_waits,log_write_notifier_waits,log_write_notifier_wait_loops,log_write_requests,log_write_to_file_requests_interval,metadata_table_handles_closed,metadata_table_handles_opened,metadata_table_reference_count,module_cpu,module_dblwr,module_page_track,os_data_fsyncs,os_data_reads,os_data_writes,os_log_bytes_written,os_log_fsyncs,os_log_pending_fsyncs,os_log_pending_writes,os_pending_reads,os_pending_writes,page_track_checkpoint_partial_flush_request,page_track_full_block_writes,page_track_partial_block_writes,page_track_resets,purge_del_mark_records,purge_dml_delay_usec,purge_invoked,purge_resume_count,purge_stop_count,purge_truncate_history_count,purge_truncate_history_usec,purge_undo_log_pages,purge_upd_exist_or_extern_records,sampled_pages_read,sampled_pages_skipped,trx_active_transactions,trx_allocations,trx_commits_insert_update,trx_nl_ro_commits,trx_on_log_no_waits,trx_on_log_waits,trx_on_log_wait_loops,trx_rollbacks,trx_rollbacks_savepoint,trx_rollback_active,trx_ro_commits,trx_rseg_current_size,trx_rseg_history_len,trx_rw_commits,trx_undo_slots_cached,trx_undo_slots_used,undo_truncate_count,undo_truncate_done_logging_count,undo_truncate_start_logging_count,undo_truncate_usec
1787686354.221,0,0,0,0,0,0,0,666228844,295243205120,647444021248,0,0,0,0,0,0,0,0,0,0,0,0,0,0,0,0,0,0,0,0,0,0,0,0,0,0,0,0,0,0,0,0,0,0,0,0,0,0,0,0,0,0,0,0,0,0,0,0,0,0,0,0,0,0,0,0,0,0,0,0,7,6174499,18038860,22269464,0,0,0,0,0,0,0,0,0,0,0,0,0,0,0,0,0,0,0,0,0,0,0,0,0,0,0,0,0,0,0,0,0,0,0,0,0,51395264512,11946557440,3136918,729160,22183959,8426,0,384,3145728,14920829,3111910,147,3046298780,51539607552,0,1057847085,0,0,0,0,0,0,0,0,0,0,0,0,0,0,0,0,0,0,7459727,407030485,0,468,1204,7863,623,14919618,35,0,0,0,0,0,0,0,1,0,0,0,0,0,0,0,0,0,0,21140398,0,22183664,189952,0,0,0,0,0,0,0,0,16384,0,0,0,0,0,0,0,0,0,0,0,3946,115,0,0,0,0,0,22670782,0,72,0,16,115,3946,0,0,0,0,0,0,0,0,0,0,0,0,0,0,0,0,0,0,0,0,0,0,0,0,0,0,0,0,0,0,0,0,0,0,0,0,0,0,0,0,0,0,0,0,0,0,0,0,0,0,0,0,0,0,164343012,0,0,0,862006197,0,0,0,0,0,0,0,21178263,19409012,188339312,192316890112,18284422,0,0,0,0,0,0,0,0,0,0,0,0,0,0,0,0,0,0,0,0,0,0,0,0,0,0,0,0,0,0,0,87,0,0,0,0,0,0,0
1787686355.290,0,0,0,0,0,0,0,666240400,295306185216,647610014208,0,0,0,0,0,0,0,0,0,0,0,0,0,0,0,0,0,0,0,0,0,0,0,0,0,0,0,0,0,0,0,0,0,0,0,0,0,0,0,0,0,0,0,0,0,0,0,0,0,0,0,0,0,0,0,0,0,0,0,0,7,6174525,18042704,22279464,0,0,0,0,0,0,0,0,0,0,0,0,0,0,0,0,0,0,0,0,0,0,0,0,0,0,0,0,0,0,0,0,0,0,0,0,0,51458686976,11807358976,3140789,720664,22193959,4555,0,384,3145728,14924673,3111910,147,3046356918,51539607552,0,1057856409,0,0,0,0,0,0,0,0,0,0,0,0,0,0,0,0,0,0,7460046,407030804,0,468,1204,7863,623,14920256,35,0,0,0,0,0,0,0,1,0,0,0,0,0,0,0,0,0,0,21140805,0,22193664,190032,0,0,0,0,0,0,0,0,16384,0,0,0,0,0,0,0,0,0,0,0,3947,115,0,0,0,0,0,22671747,0,72,0,16,115,3947,0,0,0,0,0,0,0,0,0,0,0,0,0,0,0,0,0,0,0,0,0,0,0,0,0,0,0,0,0,0,0,0,0,0,0,0,0,0,0,0,0,0,0,0,0,0,0,0,0,0,0,0,0,0,164344045,0,0,0,862011592,0,0,0,0,0,0,0,21180497,19412859,188350422,192318452736,18285056,0,0,0,0,0,0,0,0,0,0,0,0,0,0,0,0,0,0,0,0,0,0,0,0,0,0,0,0,0,0,0,163,0,0,0,0,0,0,0
1787686356.360,0,0,0,0,0,0,0,666268211,295457950208,647655884288,0,0,0,0,0,0,0,0,0,0,0,0,0,0,0,0,0,0,0,0,0,0,0,0,0,0,0,0,0,0,0,0,0,0,0,0,0,0,0,0,0,0,0,0,0,0,0,0,0,0,0,0,0,0,0,0,0,0,0,0,7,6174589,18051970,22281936,0,0,0,0,0,0,0,0,0,0,0,0,0,0,0,0,0,0,0,0,0,0,0,0,0,0,0,0,0,0,0,0,0,0,0,0,0,51471597568,11825135616,3141577,721749,22196431,3767,0,384,3145728,14933937,3111910,147,3046497704,51539607552,0,1057879532,0,0,0,0,0,0,0,0,0,0,0,0,0,0,0,0,0,0,7460818,407031576,0,468,1204,7863,623,14921800,35,0,0,0,0,0,0,0,1,0,0,0,0,0,0,0,0,0,0,21141781,0,22196136,190056,0,0,0,0,0,0,0,0,16384,0,0,0,0,0,0,0,0,0,0,0,3948,115,0,0,0,0,0,22674091,0,72,0,16,115,3948,0,0,0,0,0,0,0,0,0,0,0,0,0,0,0,0,0,0,0,0,0,0,0,0,0,0,0,0,0,0,0,0,0,0,0,0,0,0,0,0,0,0,0,0,0,0,0,0,0,0,0,0,0,0,164346344,0,0,0,862024907,0,0,0,0,0,0,0,21182305,19422125,188355214,192322426368,18286485,0,0,0,0,0,0,0,0,0,0,0,0,0,0,0,0,0,0,0,0,0,0,0,0,0,0,0,0,0,0,0,125,0,0,0,0,0,0,0
1787686357.429,0,0,0,0,0,0,0,666296050,295609698816,647703364608,0,0,0,0,0,0,0,0,0,0,0,0,0,0,0,0,0,0,0,0,0,0,0,0,0,0,0,0,0,0,0,0,0,0,0,0,0,0,0,0,0,0,0,0,0,0,0,0,0,0,0,0,0,0,0,0,0,0,0,0,7,6174653,18061234,22284517,0,0,0,0,0,0,0,0,0,0,0,0,0,0,0,0,0,0,0,0,0,0,0,0,0,0,0,0,0,0,0,0,0,0,0,0,0,51481231360,11840700416,3142165,722699,22199012,3179,0,384,3145728,14943201,3111910,147,3046638640,51539607552,0,1057902403,0,0,0,0,0,0,0,0,0,0,0,0,0,0,0,0,0,0,7461591,407032349,0,468,1204,7863,623,14923348,35,0,0,0,0,0,0,0,1,0,0,0,0,0,0,0,0,0,0,21142758,0,22198717,190081,0,0,0,0,0,0,0,0,16384,0,0,0,0,0,0,0,0,0,0,0,3949,115,0,0,0,0,0,22676445,0,72,0,16,115,3949,0,0,0,0,0,0,0,0,0,0,0,0,0,0,0,0,0,0,0,0,0,0,0,0,0,0,0,0,0,0,0,0,0,0,0,0,0,0,0,0,0,0,0,0,0,0,0,0,0,0,0,0,0,0,164348637,0,0,0,862038314,0,0,0,0,0,0,0,21184092,19431388,188360113,192326268928,18287869,0,0,0,0,0,0,0,0,0,0,0,0,0,0,0,0,0,0,0,0,0,0,0,0,0,0,0,0,0,0,0,30,0,0,0,0,0,0,0
1787686358.503,0,0,0,0,0,0,0,666323636,295761021440,647749943296,0,0,0,0,0,0,0,0,0,0,0,0,0,0,0,0,0,0,0,0,0,0,0,0,0,0,0,0,0,0,0,0,0,0,0,0,0,0,0,0,0,0,0,0,0,0,0,0,0,0,0,0,0,0,0,0,0,0,0,0,7,6174722,18070475,22287046,0,0,0,0,0,0,0,0,0,0,0,0,0,0,0,0,0,0,0,0,0,0,0,0,0,0,0,0,0,0,0,0,0,0,0,0,0,51491946496,11856855040,3142819,723685,22201541,2525,0,384,3145728,14952440,3111910,147,3046777312,51539607552,0,1057924676,0,0,0,0,0,0,0,0,0,0,0,0,0,0,0,0,0,0,7462359,407033117,0,468,1204,7863,623,14924882,35,0,0,0,0,0,0,0,1,0,0,0,0,0,0,0,0,0,0,21143726,0,22201246,190105,0,0,0,0,0,0,0,0,16384,0,0,0,0,0,0,0,0,0,0,0,3950,115,0,0,0,0,0,22678774,0,72,0,16,115,3950,0,0,0,0,0,0,0,0,0,0,0,0,0,0,0,0,0,0,0,0,0,0,0,0,0,0,0,0,0,0,0,0,0,0,0,0,0,0,0,0,0,0,0,0,0,0,0,0,0,0,0,0,0,0,164350944,0,0,0,862051315,0,0,0,0,0,0,0,21185887,19440626,188364973,192330098176,18289269,0,0,0,0,0,0,0,0,0,0,0,0,0,0,0,0,0,0,0,0,0,0,0,0,0,0,0,0,0,0,0,213,0,0,0,0,0,0,0
1787686359.573,0,0,0,0,0,0,0,666351247,295911836160,647795185152,0,0,0,0,0,0,0,0,0,0,0,0,0,0,0,0,0,0,0,0,0,0,0,0,0,0,0,0,0,0,0,0,0,0,0,0,0,0,0,0,0,0,0,0,0,0,0,0,0,0,0,0,0,0,0,0,0,0,0,0,7,6174780,18079684,22289512,0,0,0,0,0,0,0,0,0,0,0,0,0,0,0,0,0,0,0,0,0,0,0,0,0,0,0,0,0,0,0,0,0,0,0,0,0,51502825472,11872911360,3143483,724665,22204007,1861,0,384,3145728,14961642,3111910,147,3046917081,51539607552,0,1057947221,0,0,0,0,0,0,0,0,0,0,0,0,0,0,0,0,0,0,7463125,407033883,0,468,1204,7863,623,14926416,35,0,0,0,0,0,0,0,1,0,0,0,0,0,0,0,0,0,0,21144699,0,22203712,190129,0,0,0,0,0,0,0,0,16384,0,0,0,0,0,0,0,0,0,0,0,3951,115,0,0,0,0,0,22681099,0,72,0,16,115,3951,0,0,0,0,0,0,0,0,0,0,0,0,0,0,0,0,0,0,0,0,0,0,0,0,0,0,0,0,0,0,0,0,0,0,0,0,0,0,0,0,0,0,0,0,0,0,0,0,0,0,0,0,0,0,164353222,0,0,0,862064554,0,0,0,0,0,0,0,21187662,19449829,188369739,192333688832,18290638,0,0,0,0,0,0,0,0,0,0,0,0,0,0,0,0,0,0,0,0,0,0,0,0,0,0,0,0,0,0,0,144,0,0,0,0,0,0,0
1787686360.643,0,0,0,0,0,0,0,666379247,296065288704,647840978432,0,0,0,0,0,0,0,0,0,0,0,0,0,0,0,0,0,0,0,0,0,0,0,0,0,0,0,0,0,0,0,0,0,0,0,0,0,0,0,0,0,0,0,0,0,0,0,0,0,0,0,0,0,0,0,0,0,0,0,0,7,6174837,18089051,22292015,0,0,0,0,0,0,0,0,0,0,0,0,0,0,0,0,0,0,0,0,0,0,0,0,0,0,0,0,0,0,0,0,0,0,0,0,0,51514146816,11890098176,3144174,725714,22206510,1170,0,385,3145728,14971005,3111910,147,3047058569,51539607552,0,1057970047,0,0,0,0,0,0,0,0,0,0,0,0,0,0,0,0,0,0,7463904,407034662,0,468,1204,7863,623,14927972,35,0,0,0,0,0,0,0,1,0,0,0,0,0,0,0,0,0,0,21145687,0,22206215,190153,0,0,0,0,0,0,0,0,16384,0,0,0,0,0,0,0,0,0,0,0,3952,115,0,0,0,0,0,22683468,0,72,0,16,115,3952,0,0,0,0,0,0,0,0,0,0,0,0,0,0,0,0,0,0,0,0,0,0,0,0,0,0,0,0,0,0,0,0,0,0,0,0,0,0,0,0,0,0,0,0,0,0,0,0,0,0,0,0,0,0,164355543,0,0,0,862077977,0,0,0,0,0,0,0,21189531,19459194,188374584,192337226752,18292113,0,0,0,0,0,0,0,0,0,0,0,0,0,0,0,0,0,0,0,0,0,0,0,0,0,0,0,0,0,0,0,79,0,0,0,0,0,0,0
1787686361.713,0,0,0,0,0,0,0,666407341,296217201152,647885984768,0,0,0,0,0,0,0,0,0,0,0,0,0,0,0,0,0,0,0,0,0,0,0,0,0,0,0,0,0,0,0,0,0,0,0,0,0,0,0,0,0,0,0,0,0,0,0,0,0,0,0,0,0,0,0,0,0,0,0,0,7,6174898,18098326,22294471,0,0,0,0,0,0,0,0,0,0,0,0,0,0,0,0,0,0,0,0,0,0,0,0,0,0,0,0,0,0,0,0,0,0,0,0,0,51524272128,11907383296,3144792,726769,22208966,552,0,384,3145728,14980281,3111910,147,3047200564,51539607552,0,1057993088,0,0,0,0,0,0,0,0,0,0,0,0,0,0,0,0,0,0,7464683,407035441,0,468,1204,7863,623,14929532,35,0,0,0,0,0,0,0,1,0,0,0,0,0,0,0,0,0,0,21146676,0,22208671,190177,0,0,0,0,0,0,0,0,16384,0,0,0,0,0,0,0,0,0,0,0,3953,115,0,0,0,0,0,22685826,0,72,0,16,115,3953,0,0,0,0,0,0,0,0,0,0,0,0,0,0,0,0,0,0,0,0,0,0,0,0,0,0,0,0,0,0,0,0,0,0,0,0,0,0,0,0,0,0,0,0,0,0,0,0,0,0,0,0,0,0,164357841,0,0,0,862091417,0,0,0,0,0,0,0,21191269,19468467,188379362,192340798464,18293521,0,0,0,0,0,0,0,0,0,0,0,0,0,0,0,0,0,0,0,0,0,0,0,0,0,0,0,0,0,0,0,23,0,0,0,0,0,0,0
1787686362.783,0,0,0,0,0,0,0,666435296,296369342976,647930528256,0,0,0,0,0,0,0,0,0,0,0,0,0,0,0,0,0,0,0,0,0,0,0,0,0,0,0,0,0,0,0,0,0,0,0,0,0,0,0,0,0,0,0,0,0,0,0,0,0,0,0,0,0,0,0,0,0,0,0,0,7,6174957,18107613,22296891,0,0,0,0,0,0,0,0,0,0,0,0,0,0,0,0,0,0,0,0,0,0,0,0,0,0,0,0,0,0,0,0,0,0,0,0,0,51531563008,11925356544,3145237,727866,22211386,107,0,384,3145728,14989564,3111910,147,3047340854,51539607552,0,1058015298,0,0,0,0,0,0,0,0,0,0,0,0,0,0,0,0,0,0,7465461,407036219,0,468,1204,7863,623,14931086,35,0,0,0,0,0,0,0,1,0,0,0,0,0,0,0,0,0,0,21147663,0,22211091,190201,0,0,0,0,0,0,0,0,16384,0,0,0,0,0,0,0,0,0,0,0,3955,115,0,0,0,0,0,22688186,0,72,0,16,115,3955,0,0,0,0,0,0,0,0,0,0,0,0,0,0,0,0,0,0,0,0,0,0,0,0,0,0,0,0,0,0,0,0,0,0,0,0,0,0,0,0,0,0,0,0,0,0,0,0,0,0,0,0,0,0,164360149,0,0,0,862104551,0,0,0,0,0,0,0,21193087,19477749,188384113,192344506368,18294919,1,0,0,0,0,0,0,0,0,0,0,0,0,0,0,0,0,0,0,0,0,0,0,0,0,0,0,0,0,0,0,246,0,0,0,0,0,0,0
1787686363.854,0,0,0,0,0,0,0,666462990,296521042432,647993832960,0,0,0,0,0,0,0,0,0,0,0,0,0,0,0,0,0,0,0,0,0,0,0,0,0,0,0,0,0,0,0,0,0,0,0,0,0,0,0,0,0,0,0,0,0,0,0,0,0,0,0,0,0,0,0,0,0,0,0,0,7,6175015,18116871,22300092,0,0,0,0,0,0,0,0,0,0,0,0,0,0,0,0,0,0,0,0,0,0,0,0,0,0,0,0,0,0,0,0,0,0,0,0,0,51401605120,11929780224,3137305,728136,22213825,8039,0,384,3145728,14998822,3111910,147,3047480851,51539607552,0,1058037906,0,0,0,0,0,0,0,0,0,0,0,0,0,0,0,0,0,0,7466231,407036989,0,468,1204,7863,623,14932626,35,0,0,0,0,0,0,0,1,0,0,0,0,0,0,0,0,0,0,21148637,0,22213828,190235,0,0,0,0,0,0,0,0,16384,0,0,0,0,0,0,0,0,0,0,0,3956,115,0,0,0,0,0,22690542,0,72,0,16,115,3956,0,0,0,0,0,0,0,0,0,0,0,0,0,0,0,0,0,0,0,0,0,0,0,0,0,0,0,0,0,0,0,0,0,0,0,0,0,0,0,0,0,0,0,0,0,0,0,0,0,0,0,0,0,0,164362469,0,0,0,862117873,0,0,0,0,0,0,0,21194905,19487008,188390053,192348175872,18296315,1,0,0,0,0,0,0,0,0,0,0,0,0,0,0,0,0,0,0,0,0,0,0,0,0,0,0,0,0,0,0,157,0,0,0,0,0,0,0
1787686364.925,0,0,0,0,0,0,0,666490308,296670349824,648059313664,0,0,0,0,0,0,0,0,0,0,0,0,0,0,0,0,0,0,0,0,0,0,0,0,0,0,0,0,0,0,0,0,0,0,0,0,0,0,0,0,0,0,0,0,0,0,0,0,0,0,0,0,0,0,0,0,0,0,0,0,7,6175081,18125990,22304185,0,0,0,0,0,0,0,0,0,0,0,0,0,0,0,0,0,0,0,0,0,0,0,0,0,0,0,0,0,0,0,0,0,0,0,0,0,51408011264,11918475264,3137696,727446,22218680,7648,0,384,3145728,15007938,3111910,147,3047619173,51539607552,0,1058060470,0,0,0,0,0,0,0,0,0,0,0,0,0,0,0,0,0,0,7466988,407037746,0,468,1204,7863,623,14934140,35,0,0,0,0,0,0,0,1,0,0,0,0,0,0,0,0,0,0,21149600,0,22218385,190274,0,0,0,0,0,0,0,0,16384,0,0,0,0,0,0,0,0,0,0,0,3957,115,0,0,0,0,0,22692844,0,72,0,16,115,3957,0,0,0,0,0,0,0,0,0,0,0,0,0,0,0,0,0,0,0,0,0,0,0,0,0,0,0,0,0,0,0,0,0,0,0,0,0,0,0,0,0,0,0,0,0,0,0,0,0,0,0,0,0,0,164364703,0,0,0,862130940,0,0,0,0,0,0,0,21197009,19496124,188396033,192351728640,18297665,0,0,0,0,0,0,0,0,0,0,0,0,0,0,0,0,0,0,0,0,0,0,0,0,0,0,0,0,0,0,0,92,0,0,0,0,0,0,0
1787686365.998,0,0,0,0,0,0,0,666518219,296821131776,648104095232,0,0,0,0,0,0,0,0,0,0,0,0,0,0,0,0,0,0,0,0,0,0,0,0,0,0,0,0,0,0,0,0,0,0,0,0,0,0,0,0,0,0,0,0,0,0,0,0,0,0,0,0,0,0,0,0,0,0,0,0,7,6175132,18135198,22306628,0,0,0,0,0,0,0,0,0,0,0,0,0,0,0,0,0,0,0,0,0,0,0,0,0,0,0,0,0,0,0,0,0,0,0,0,0,51418628096,11935514624,3138344,728486,22221123,7000,0,384,3145728,15017146,3111910,147,3047758944,51539607552,0,1058082428,0,0,0,0,0,0,0,0,0,0,0,0,0,0,0,0,0,0,7467765,407038523,0,468,1204,7863,623,14935694,35,0,0,0,0,0,0,0,1,0,0,0,0,0,0,0,0,0,0,21150573,0,22220828,190298,0,0,0,0,0,0,0,0,16384,0,0,0,0,0,0,0,0,0,0,0,3958,115,0,0,0,0,0,22695214,0,72,0,16,115,3958,0,0,0,0,0,0,0,0,0,0,0,0,0,0,0,0,0,0,0,0,0,0,0,0,0,0,0,0,0,0,0,0,0,0,0,0,0,0,0,0,0,0,0,0,0,0,0,0,0,0,0,0,0,0,164367027,0,0,0,862144063,0,0,0,0,0,0,0,21198813,19505330,188400823,192355273216,18299092,0,0,0,0,0,0,0,0,0,0,0,0,0,0,0,0,0,0,0,0,0,0,0,0,0,0,0,0,0,0,0,302,0,0,0,0,0,0,0
1787686367.068,0,0,0,0,0,0,0,666545950,296973306368,648149835776,0,0,0,0,0,0,0,0,0,0,0,0,0,0,0,0,0,0,0,0,0,0,0,0,0,0,0,0,0,0,0,0,0,0,0,0,0,0,0,0,0,0,0,0,0,0,0,0,0,0,0,0,0,0,0,0,0,0,0,0,7,6175189,18144486,22309113,0,0,0,0,0,0,0,0,0,0,0,0,0,0,0,0,0,0,0,0,0,0,0,0,0,0,0,0,0,0,0,0,0,0,0,0,0,51428687872,11950686208,3138958,729412,22223608,6386,0,384,3145728,15026430,3111910,147,3047899482,51539607552,0,1058105311,0,0,0,0,0,0,0,0,0,0,0,0,0,0,0,0,0,0,7468536,407039294,0,468,1204,7863,623,14937236,35,0,0,0,0,0,0,0,1,0,0,0,0,0,0,0,0,0,0,21151549,0,22223313,190322,0,0,0,0,0,0,0,0,16384,0,0,0,0,0,0,0,0,0,0,0,3959,115,0,0,0,0,0,22697556,0,72,0,16,115,3959,0,0,0,0,0,0,0,0,0,0,0,0,0,0,0,0,0,0,0,0,0,0,0,0,0,0,0,0,0,0,0,0,0,0,0,0,0,0,0,0,0,0,0,0,0,0,0,0,0,0,0,0,0,0,164369348,0,0,0,862157427,0,0,0,0,0,0,0,21200620,19514614,188405651,192359014400,18300479,0,0,0,0,0,0,0,0,0,0,0,0,0,0,0,0,0,0,0,0,0,0,0,0,0,0,0,0,0,0,0,184,0,0,0,0,0,0,0
1787686368.140,0,0,0,0,0,0,0,666573819,297124891136,648195323904,0,0,0,0,0,0,0,0,0,0,0,0,0,0,0,0,0,0,0,0,0,0,0,0,0,0,0,0,0,0,0,0,0,0,0,0,0,0,0,0,0,0,0,0,0,0,0,0,0,0,0,0,0,0,0,0,0,0,0,0,7,6175256,18153739,22311578,0,0,0,0,0,0,0,0,0,0,0,0,0,0,0,0,0,0,0,0,0,0,0,0,0,0,0,0,0,0,0,0,0,0,0,0,0,51437846528,11966431232,3139517,730373,22226073,5827,0,384,3145728,15035685,3111910,147,3048040240,51539607552,0,1058128066,0,0,0,0,0,0,0,0,0,0,0,0,0,0,0,0,0,0,7469311,407040069,0,468,1204,7863,623,14938786,35,0,0,0,0,0,0,0,1,0,0,0,0,0,0,0,0,0,0,21152532,0,22225778,190347,0,0,0,0,0,0,0,0,16384,0,0,0,0,0,0,0,0,0,0,0,3960,115,0,0,0,0,0,22699911,0,72,0,16,115,3960,0,0,0,0,0,0,0,0,0,0,0,0,0,0,0,0,0,0,0,0,0,0,0,0,0,0,0,0,0,0,0,0,0,0,0,0,0,0,0,0,0,0,0,0,0,0,0,0,0,0,0,0,0,0,164371688,0,0,0,862170760,0,0,0,0,0,0,0,21202455,19523867,188410479,192362758144,18301879,0,0,0,0,0,0,0,0,0,0,0,0,0,0,0,0,0,0,0,0,0,0,0,0,0,0,0,0,0,0,0,164,0,0,0,0,0,0,0
1787686369.209,0,0,0,0,0,0,0,666600972,297272494592,648240844800,0,0,0,0,0,0,0,0,0,0,0,0,0,0,0,0,0,0,0,0,0,0,0,0,0,0,0,0,0,0,0,0,0,0,0,0,0,0,0,0,0,0,0,0,0,0,0,0,0,0,0,0,0,0,0,0,0,0,0,0,7,6175314,18162755,22314049,0,0,0,0,0,0,0,0,0,0,0,0,0,0,0,0,0,0,0,0,0,0,0,0,0,0,0,0,0,0,0,0,0,0,0,0,0,51447087104,11981438976,3140081,731289,22228544,5263,0,384,3145728,15044699,3111910,147,3048177978,51539607552,0,1058150807,0,0,0,0,0,0,0,0,0,0,0,0,0,0,0,0,0,0,7470064,407040822,0,468,1204,7863,623,14940292,35,0,0,0,0,0,0,0,1,0,0,0,0,0,0,0,0,0,0,21153477,0,22228249,190372,0,0,0,0,0,0,0,0,16384,0,0,0,0,0,0,0,0,0,0,0,3961,115,0,0,0,0,0,22702211,0,72,0,16,115,3961,0,0,0,0,0,0,0,0,0,0,0,0,0,0,0,0,0,0,0,0,0,0,0,0,0,0,0,0,0,0,0,0,0,0,0,0,0,0,0,0,0,0,0,0,0,0,0,0,0,0,0,0,0,0,164373982,0,0,0,862183827,0,0,0,0,0,0,0,21204299,19532877,188415271,192366460928,18303305,0,0,0,0,0,0,0,0,0,0,0,0,0,0,0,0,0,0,0,0,0,0,0,0,0,0,0,0,0,0,0,31,0,0,0,0,0,0,0
1787686370.279,0,0,0,0,0,0,0,666628508,297422129664,648286334976,0,0,0,0,0,0,0,0,0,0,0,0,0,0,0,0,0,0,0,0,0,0,0,0,0,0,0,0,0,0,0,0,0,0,0,0,0,0,0,0,0,0,0,0,0,0,0,0,0,0,0,0,0,0,0,0,0,0,0,0,7,6175380,18171893,22316514,0,0,0,0,0,0,0,0,0,0,0,0,0,0,0,0,0,0,0,0,0,0,0,0,0,0,0,0,0,0,0,0,0,0,0,0,0,51458949120,11996856320,3140805,732230,22231009,4539,0,384,3145728,15053835,3111910,147,3048316257,51539607552,0,1058172816,0,0,0,0,0,0,0,0,0,0,0,0,0,0,0,0,0,0,7470829,407041587,0,468,1204,7863,623,14941822,35,0,0,0,0,0,0,0,1,0,0,0,0,0,0,0,0,0,0,21154447,0,22230714,190397,0,0,0,0,0,0,0,0,16384,0,0,0,0,0,0,0,0,0,0,0,3962,115,0,0,0,0,0,22704536,0,72,0,16,115,3962,0,0,0,0,0,0,0,0,0,0,0,0,0,0,0,0,0,0,0,0,0,0,0,0,0,0,0,0,0,0,0,0,0,0,0,0,0,0,0,0,0,0,0,0,0,0,0,0,0,0,0,0,0,0,164376302,0,0,0,862196746,0,0,0,0,0,0,0,21206118,19542011,188420080,192370249728,18304702,0,0,0,0,0,0,0,0,0,0,0,0,0,0,0,0,0,0,0,0,0,0,0,0,0,0,0,0,0,0,0,253,0,0,0,0,0,0,0
1787686371.350,0,0,0,0,0,0,0,666656289,297573419520,648332154368,0,0,0,0,0,0,0,0,0,0,0,0,0,0,0,0,0,0,0,0,0,0,0,0,0,0,0,0,0,0,0,0,0,0,0,0,0,0,0,0,0,0,0,0,0,0,0,0,0,0,0,0,0,0,0,0,0,0,0,0,7,6175434,18181133,22319002,0,0,0,0,0,0,0,0,0,0,0,0,0,0,0,0,0,0,0,0,0,0,0,0,0,0,0,0,0,0,0,0,0,0,0,0,0,51470270464,12012208128,3141496,733167,22233497,3848,0,384,3145728,15063072,3111910,147,3048456980,51539607552,0,1058195747,0,0,0,0,0,0,0,0,0,0,0,0,0,0,0,0,0,0,7471601,407042359,0,468,1204,7863,623,14943366,35,0,0,0,0,0,0,0,1,0,0,0,0,0,0,0,0,0,0,21155420,0,22233202,190422,0,0,0,0,0,0,0,0,16384,0,0,0,0,0,0,0,0,0,0,0,3963,115,0,0,0,0,0,22706872,0,72,0,16,115,3963,0,0,0,0,0,0,0,0,0,0,0,0,0,0,0,0,0,0,0,0,0,0,0,0,0,0,0,0,0,0,0,0,0,0,0,0,0,0,0,0,0,0,0,0,0,0,0,0,0,0,0,0,0,0,164378660,0,0,0,862210072,0,0,0,0,0,0,0,21207934,19551248,188424949,192374049792,18306139,0,0,0,0,0,0,0,0,0,0,0,0,0,0,0,0,0,0,0,0,0,0,0,0,0,0,0,0,0,0,0,201,0,0,0,0,0,0,0
1787686372.420,0,0,0,0,0,0,0,666683753,297724529152,648378233344,0,0,0,0,0,0,0,0,0,0,0,0,0,0,0,0,0,0,0,0,0,0,0,0,0,0,0,0,0,0,0,0,0,0,0,0,0,0,0,0,0,0,0,0,0,0,0,0,0,0,0,0,0,0,0,0,0,0,0,0,7,6175502,18190360,22321499,0,0,0,0,0,0,0,0,0,0,0,0,0,0,0,0,0,0,0,0,0,0,0,0,0,0,0,0,0,0,0,0,0,0,0,0,0,51479314432,12027772928,3142048,734117,22235994,3296,0,384,3145728,15072299,3111910,147,3048596349,51539607552,0,1058218629,0,0,0,0,0,0,0,0,0,0,0,0,0,0,0,0,0,0,7472361,407043119,0,468,1204,7863,623,14944886,35,0,0,0,0,0,0,0,1,0,0,0,0,0,0,0,0,0,0,21156379,0,22235699,190447,0,0,0,0,0,0,0,0,16384,0,0,0,0,0,0,0,0,0,0,0,3964,115,0,0,0,0,0,22709189,0,72,0,16,115,3964,0,0,0,0,0,0,0,0,0,0,0,0,0,0,0,0,0,0,0,0,0,0,0,0,0,0,0,0,0,0,0,0,0,0,0,0,0,0,0,0,0,0,0,0,0,0,0,0,0,0,0,0,0,0,164381020,0,0,0,862223243,0,0,0,0,0,0,0,21209753,19560471,188429827,192377982976,18307553,0,0,0,0,0,0,0,0,0,0,0,0,0,0,0,0,0,0,0,0,0,0,0,0,0,0,0,0,0,0,0,117,0,0,0,0,0,0,0
1787686373.490,0,0,0,0,0,0,0,666711310,297874328064,648424976384,0,0,0,0,0,0,0,0,0,0,0,0,0,0,0,0,0,0,0,0,0,0,0,0,0,0,0,0,0,0,0,0,0,0,0,0,0,0,0,0,0,0,0,0,0,0,0,0,0,0,0,0,0,0,0,0,0,0,0,0,7,6175558,18199509,22324035,0,0,0,0,0,0,0,0,0,0,0,0,0,0,0,0,0,0,0,0,0,0,0,0,0,0,0,0,0,0,0,0,0,0,0,0,0,51488915456,12042502144,3142634,735016,22238530,2710,0,384,3145728,15081448,3111910,147,3048735864,51539607552,0,1058241574,0,0,0,0,0,0,0,0,0,0,0,0,0,0,0,0,0,0,7473126,407043883,0,468,1204,7863,623,14946416,35,0,0,0,0,0,0,0,1,0,0,0,0,0,0,0,0,0,0,21157347,0,22238235,190472,0,0,0,0,0,0,0,0,16384,0,0,0,0,0,0,0,0,0,0,0,3965,115,0,0,0,0,0,22711515,0,72,0,16,115,3965,0,0,0,0,0,0,0,0,0,0,0,0,0,0,0,0,0,0,0,0,0,0,0,0,0,0,0,0,0,0,0,0,0,0,0,0,0,0,0,0,0,0,0,0,0,0,0,0,0,0,0,0,0,0,164383394,0,0,0,862236461,0,0,0,0,0,0,0,21211607,19569616,188434761,192381835776,18308987,0,0,0,0,0,0,0,0,0,0,0,0,0,0,0,0,0,0,0,0,0,0,0,0,0,0,0,0,0,0,0,43,0,0,0,0,0,0,0
1787686374.560,0,0,0,0,0,0,0,666739351,298027846144,648471535104,0,0,0,0,0,0,0,0,0,0,0,0,0,0,0,0,0,0,0,0,0,0,0,0,0,0,0,0,0,0,0,0,0,0,0,0,0,0,0,0,0,0,0,0,0,0,0,0,0,0,0,0,0,0,0,0,0,0,0,0,7,6175618,18208882,22326560,0,0,0,0,0,0,0,0,0,0,0,0,0,0,0,0,0,0,0,0,0,0,0,0,0,0,0,0,0,0,0,0,0,0,0,0,0,51502628864,12057919488,3143471,735957,22241055,1873,0,384,3145728,15090818,3111910,147,3048876731,51539607552,0,1058263993,0,0,0,0,0,0,0,0,0,0,0,0,0,0,0,0,0,0,7473904,407044662,0,468,1204,7863,623,14947973,35,0,0,0,0,0,0,0,1,0,0,0,0,0,0,0,0,0,0,21158329,0,22240760,190496,0,0,0,0,0,0,0,0,16384,0,0,0,0,0,0,0,0,0,0,0,3966,115,0,0,0,0,0,22713884,0,72,0,16,115,3966,0,0,0,0,0,0,0,0,0,0,0,0,0,0,0,0,0,0,0,0,0,0,0,0,0,0,0,0,0,0,0,0,0,0,0,0,0,0,0,0,0,0,0,0,0,0,0,0,0,0,0,0,0,0,164385755,0,0,0,862249637,0,0,0,0,0,0,0,21213335,19578988,188439669,192385756672,18310380,0,0,0,0,0,0,0,0,0,0,0,0,0,0,0,0,0,0,0,0,0,0,0,0,0,0,0,0,0,0,0,259,0,0,0,0,0,0,0
1787686375.630,0,0,0,0,0,0,0,666767741,298180397568,648517733376,0,0,0,0,0,0,0,0,0,0,0,0,0,0,0,0,0,0,0,0,0,0,0,0,0,0,0,0,0,0,0,0,0,0,0,0,0,0,0,0,0,0,0,0,0,0,0,0,0,0,0,0,0,0,0,0,0,0,0,0,7,6175681,18218195,22329063,0,0,0,0,0,0,0,0,0,0,0,0,0,0,0,0,0,0,0,0,0,0,0,0,0,0,0,0,0,0,0,0,0,0,0,0,0,51511508992,12074958848,3144013,736997,22243558,1331,0,384,3145728,15100131,3111910,147,3049020491,51539607552,0,1058287725,0,0,0,0,0,0,0,0,0,0,0,0,0,0,0,0,0,0,7474691,407045449,0,468,1204,7863,623,14949546,35,0,0,0,0,0,0,0,1,0,0,0,0,0,0,0,0,0,0,21159322,0,22243263,190522,0,0,0,0,0,0,0,0,16384,0,0,0,0,0,0,0,0,0,0,0,3967,115,0,0,0,0,0,22716280,0,72,0,16,115,3967,0,0,0,0,0,0,0,0,0,0,0,0,0,0,0,0,0,0,0,0,0,0,0,0,0,0,0,0,0,0,0,0,0,0,0,0,0,0,0,0,0,0,0,0,0,0,0,0,0,0,0,0,0,0,164388081,0,0,0,862263236,0,0,0,0,0,0,0,21215210,19588298,188444524,192389583872,18311802,0,0,0,0,0,0,0,0,0,0,0,0,0,0,0,0,0,0,0,0,0,0,0,0,0,0,0,0,0,0,0,175,0,0,0,0,0,0,0
1787686376.700,0,0,0,0,0,0,0,666795353,298330393088,648563237376,0,0,0,0,0,0,0,0,0,0,0,0,0,0,0,0,0,0,0,0,0,0,0,0,0,0,0,0,0,0,0,0,0,0,0,0,0,0,0,0,0,0,0,0,0,0,0,0,0,0,0,0,0,0,0,0,0,0,0,0,7,6175726,18227352,22331548,0,0,0,0,0,0,0,0,0,0,0,0,0,0,0,0,0,0,0,0,0,0,0,0,0,0,0,0,0,0,0,0,0,0,0,0,0,51519913984,12090130432,3144526,737923,22246043,818,0,384,3145728,15109287,3111910,147,3049160069,51539607552,0,1058310227,0,0,0,0,0,0,0,0,0,0,0,0,0,0,0,0,0,0,7475459,407046217,0,468,1204,7863,623,14951082,35,0,0,0,0,0,0,0,1,0,0,0,0,0,0,0,0,0,0,21160295,0,22245748,190546,0,0,0,0,0,0,0,0,16384,0,0,0,0,0,0,0,0,0,0,0,3968,115,0,0,0,0,0,22718618,0,72,0,16,115,3968,0,0,0,0,0,0,0,0,0,0,0,0,0,0,0,0,0,0,0,0,0,0,0,0,0,0,0,0,0,0,0,0,0,0,0,0,0,0,0,0,0,0,0,0,0,0,0,0,0,0,0,0,0,0,164390389,0,0,0,862276495,0,0,0,0,0,0,0,21217007,19597453,188449341,192393132032,18313191,0,0,0,0,0,0,0,0,0,0,0,0,0,0,0,0,0,0,0,0,0,0,0,0,0,0,0,0,0,0,0,117,0,0,0,0,0,0,0
1787686377.770,0,0,0,0,0,0,0,666823145,298482321920,648608611328,0,0,0,0,0,0,0,0,0,0,0,0,0,0,0,0,0,0,0,0,0,0,0,0,0,0,0,0,0,0,0,0,0,0,0,0,0,0,0,0,0,0,0,0,0,0,0,0,0,0,0,0,0,0,0,0,0,0,0,0,7,6175788,18236628,22334020,0,0,0,0,0,0,0,0,0,0,0,0,0,0,0,0,0,0,0,0,0,0,0,0,0,0,0,0,0,0,0,0,0,0,0,0,0,51531137024,12106874880,3145211,738945,22248515,133,0,384,3145728,15118560,3111910,147,3049299681,51539607552,0,1058332244,0,0,0,0,0,0,0,0,0,0,0,0,0,0,0,0,0,0,7476234,407046991,0,468,1204,7863,623,14952632,35,0,0,0,0,0,0,0,1,0,0,0,0,0,0,0,0,0,0,21161266,0,22248220,190570,0,0,0,0,0,0,0,0,16384,0,0,0,0,0,0,0,0,0,0,0,3969,115,0,0,0,0,0,22720976,0,72,0,16,115,3969,0,0,0,0,0,0,0,0,0,0,0,0,0,0,0,0,0,0,0,0,0,0,0,0,0,0,0,0,0,0,0,0,0,0,0,0,0,0,0,0,0,0,0,0,0,0,0,0,0,0,0,0,0,0,164392680,0,0,0,862289626,0,0,0,0,0,0,0,21218742,19606724,188454128,192396758528,18314562,0,0,0,0,0,0,0,0,0,0,0,0,0,0,0,0,0,0,0,0,0,0,0,0,0,0,0,0,0,0,0,281,0,0,0,0,0,0,0
1787686378.840,0,0,0,0,0,0,0,666851023,298634758656,648654193664,0,0,0,0,0,0,0,0,0,0,0,0,0,0,0,0,0,0,0,0,0,0,0,0,0,0,0,0,0,0,0,0,0,0,0,0,0,0,0,0,0,0,0,0,0,0,0,0,0,0,0,0,0,0,0,0,0,0,0,0,7,6175856,18245935,22336491,0,0,0,0,0,0,0,0,0,0,0,0,0,0,0,0,0,0,0,0,0,0,0,0,0,0,0,0,0,0,0,0,0,0,0,0,0,51413532672,12121325568,3138033,739827,22250986,7311,0,384,3145728,15127867,3111910,147,3049440961,51539607552,0,1058355365,0,0,0,0,0,0,0,0,0,0,0,0,0,0,0,0,0,0,7477008,407047765,0,468,1204,7863,623,14954180,35,0,0,0,0,0,0,0,1,0,0,0,0,0,0,0,0,0,0,21162248,0,22250691,190594,0,0,0,0,0,0,0,0,16384,0,0,0,0,0,0,0,0,0,0,0,3971,115,0,0,0,0,0,22723339,0,72,0,16,115,3971,0,0,0,0,0,0,0,0,0,0,0,0,0,0,0,0,0,0,0,0,0,0,0,0,0,0,0,0,0,0,0,0,0,0,0,0,0,0,0,0,0,0,0,0,0,0,0,0,0,0,0,0,0,0,164394970,0,0,0,862302984,0,0,0,0,0,0,0,21220524,19616030,188458921,192400518656,18315919,0,0,0,0,0,0,0,0,0,0,0,0,0,0,0,0,0,0,0,0,0,0,0,0,0,0,0,0,0,0,0,223,0,0,0,0,0,0,0
1787686379.909,0,0,0,0,0,0,0,666878364,298782870016,648739243520,0,0,0,0,0,0,0,0,0,0,0,0,0,0,0,0,0,0,0,0,0,0,0,0,0,0,0,0,0,0,0,0,0,0,0,0,0,0,0,0,0,0,0,0,0,0,0,0,0,0,0,0,0,0,0,0,0,0,0,0,7,6175908,18254979,22341400,0,0,0,0,0,0,0,0,0,0,0,0,0,0,0,0,0,0,0,0,0,0,0,0,0,0,0,0,0,0,0,0,0,0,0,0,0,51405701120,12095832064,3137555,738271,22255895,7789,0,385,3145728,15136910,3111910,147,3049579217,51539607552,0,1058377726,0,0,0,0,0,0,0,0,0,0,0,0,0,0,0,0,0,0,7477769,407048527,0,468,1204,7863,623,14955702,35,0,0,0,0,0,0,0,1,0,0,0,0,0,0,0,0,0,0,21163212,0,22255600,190643,0,0,0,0,0,0,0,0,16384,0,0,0,0,0,0,0,0,0,0,0,3972,115,0,0,0,0,0,22725662,0,72,0,16,115,3972,0,0,0,0,0,0,0,0,0,0,0,0,0,0,0,0,0,0,0,0,0,0,0,0,0,0,0,0,0,0,0,0,0,0,0,0,0,0,0,0,0,0,0,0,0,0,0,0,0,0,0,0,0,0,164397268,0,0,0,862316132,0,0,0,0,0,0,0,21222667,19625072,188466168,192404140544,18317288,0,0,0,0,0,0,0,0,0,0,0,0,0,0,0,0,0,0,0,0,0,0,0,0,0,0,0,0,0,0,0,148,0,0,0,0,0,0,0
1787686380.979,0,0,0,0,0,0,0,666906437,298934749696,648784665088,0,0,0,0,0,0,0,0,0,0,0,0,0,0,0,0,0,0,0,0,0,0,0,0,0,0,0,0,0,0,0,0,0,0,0,0,0,0,0,0,0,0,0,0,0,0,0,0,0,0,0,0,0,0,0,0,0,0,0,0,7,6175960,18264251,22343845,0,0,0,0,0,0,0,0,0,0,0,0,0,0,0,0,0,0,0,0,0,0,0,0,0,0,0,0,0,0,0,0,0,0,0,0,0,51415269376,12111855616,3138139,739249,22258340,7204,0,384,3145728,15146182,3111910,147,3049721415,51539607552,0,1058401103,0,0,0,0,0,0,0,0,0,0,0,0,0,0,0,0,0,0,7478547,407049305,0,468,1204,7863,623,14957258,35,0,0,0,0,0,0,0,1,0,0,0,0,0,0,0,0,0,0,21164189,0,22258045,190667,0,0,0,0,0,0,0,0,16384,0,0,0,0,0,0,0,0,0,0,0,3973,115,0,0,0,0,0,22728029,0,72,0,16,115,3973,0,0,0,0,0,0,0,0,0,0,0,0,0,0,0,0,0,0,0,0,0,0,0,0,0,0,0,0,0,0,0,0,0,0,0,0,0,0,0,0,0,0,0,0,0,0,0,0,0,0,0,0,0,0,164399629,0,0,0,862329590,0,0,0,0,0,0,0,21224510,19634345,188471001,192408184832,18318697,0,0,0,0,0,0,0,0,0,0,0,0,0,0,0,0,0,0,0,0,0,0,0,0,0,0,0,0,0,0,0,86,0,0,0,0,0,0,0
1787686382.049,0,0,0,0,0,0,0,666934658,299089906176,648830360576,0,0,0,0,0,0,0,0,0,0,0,0,0,0,0,0,0,0,0,0,0,0,0,0,0,0,0,0,0,0,0,0,0,0,0,0,0,0,0,0,0,0,0,0,0,0,0,0,0,0,0,0,0,0,0,0,0,0,0,0,7,6176022,18273725,22346323,0,0,0,0,0,0,0,0,0,0,0,0,0,0,0,0,0,0,0,0,0,0,0,0,0,0,0,0,0,0,0,0,0,0,0,0,0,51425918976,12127830016,3138789,740224,22260818,6555,0,384,3145728,15155654,3111910,147,3049863481,51539607552,0,1058423963,0,0,0,0,0,0,0,0,0,0,0,0,0,0,0,0,0,0,7479328,407050086,0,468,1204,7863,623,14958820,35,0,0,0,0,0,0,0,1,0,0,0,0,0,0,0,0,0,0,21165175,0,22260523,190693,0,0,0,0,0,0,0,0,16384,0,0,0,0,0,0,0,0,0,0,0,3974,115,0,0,0,0,0,22730406,0,72,0,16,115,3974,0,0,0,0,0,0,0,0,0,0,0,0,0,0,0,0,0,0,0,0,0,0,0,0,0,0,0,0,0,0,0,0,0,0,0,0,0,0,0,0,0,0,0,0,0,0,0,0,0,0,0,0,0,0,164402020,0,0,0,862342848,0,0,0,0,0,0,0,21226383,19643818,188475894,192412076032,18320109,0,0,0,0,0,0,0,0,0,0,0,0,0,0,0,0,0,0,0,0,0,0,0,0,0,0,0,0,0,0,0,261,0,0,0,0,0,0,0
1787686383.119,0,0,0,0,0,0,0,666962573,299242785280,648876432896,0,0,0,0,0,0,0,0,0,0,0,0,0,0,0,0,0,0,0,0,0,0,0,0,0,0,0,0,0,0,0,0,0,0,0,0,0,0,0,0,0,0,0,0,0,0,0,0,0,0,0,0,0,0,0,0,0,0,0,0,7,6176075,18283057,22348832,0,0,0,0,0,0,0,0,0,0,0,0,0,0,0,0,0,0,0,0,0,0,0,0,0,0,0,0,0,0,0,0,0,0,0,0,0,51436699648,12143460352,3139447,741178,22263327,5897,0,384,3145728,15164985,3111910,147,3050004884,51539607552,0,1058447011,0,0,0,0,0,0,0,0,0,0,0,0,0,0,0,0,0,0,7480104,407050862,0,468,1204,7863,623,14960372,35,0,0,0,0,0,0,0,1,0,0,0,0,0,0,0,0,0,0,21166156,0,22263032,190718,0,0,0,0,0,0,0,0,16384,0,0,0,0,0,0,0,0,0,0,0,3975,115,0,0,0,0,0,22732759,0,72,0,16,115,3975,0,0,0,0,0,0,0,0,0,0,0,0,0,0,0,0,0,0,0,0,0,0,0,0,0,0,0,0,0,0,0,0,0,0,0,0,0,0,0,0,0,0,0,0,0,0,0,0,0,0,0,0,0,0,164404349,0,0,0,862356246,0,0,0,0,0,0,0,21228238,19653146,188480753,192415879168,18321563,0,0,0,0,0,0,0,0,0,0,0,0,0,0,0,0,0,0,0,0,0,0,0,0,0,0,0,0,0,0,0,189,0,0,0,0,0,0,0
1787686384.189,0,0,0,0,0,0,0,666990596,299394517504,648921085440,0,0,0,0,0,0,0,0,0,0,0,0,0,0,0,0,0,0,0,0,0,0,0,0,0,0,0,0,0,0,0,0,0,0,0,0,0,0,0,0,0,0,0,0,0,0,0,0,0,0,0,0,0,0,0,0,0,0,0,0,7,6176136,18292317,22351263,0,0,0,0,0,0,0,0,0,0,0,0,0,0,0,0,0,0,0,0,0,0,0,0,0,0,0,0,0,0,0,0,0,0,0,0,0,51445465088,12159647744,3139982,742166,22265758,5362,0,384,3145728,15174244,3111910,147,3050146312,51539607552,0,1058469686,0,0,0,0,0,0,0,0,0,0,0,0,0,0,0,0,0,0,7480885,407051643,0,468,1204,7863,623,14961934,35,0,0,0,0,0,0,0,1,0,0,0,0,0,0,0,0,0,0,21167145,0,22265463,190742,0,0,0,0,0,0,0,0,16384,0,0,0,0,0,0,0,0,0,0,0,3976,115,0,0,0,0,0,22735134,0,72,0,16,115,3976,0,0,0,0,0,0,0,0,0,0,0,0,0,0,0,0,0,0,0,0,0,0,0,0,0,0,0,0,0,0,0,0,0,0,0,0,0,0,0,0,0,0,0,0,0,0,0,0,0,0,0,0,0,0,164406712,0,0,0,862369703,0,0,0,0,0,0,0,21230029,19662408,188485567,192419549184,18322997,0,0,0,0,0,0,0,0,0,0,0,0,0,0,0,0,0,0,0,0,0,0,0,0,0,0,0,0,0,0,0,158,0,0,0,0,0,0,0
1787686385.259,0,0,0,0,0,0,0,667018267,299547167232,648965978112,0,0,0,0,0,0,0,0,0,0,0,0,0,0,0,0,0,0,0,0,0,0,0,0,0,0,0,0,0,0,0,0,0,0,0,0,0,0,0,0,0,0,0,0,0,0,0,0,0,0,0,0,0,0,0,0,0,0,0,0,7,6176190,18301636,22353716,0,0,0,0,0,0,0,0,0,0,0,0,0,0,0,0,0,0,0,0,0,0,0,0,0,0,0,0,0,0,0,0,0,0,0,0,0,51456376832,12174688256,3140648,743084,22268211,4696,0,384,3145728,15183561,3111910,147,3050286195,51539607552,0,1058492125,0,0,0,0,0,0,0,0,0,0,0,0,0,0,0,0,0,0,7481655,407052413,0,468,1204,7863,623,14963474,35,0,0,0,0,0,0,0,1,0,0,0,0,0,0,0,0,0,0,21168125,0,22267916,190766,0,0,0,0,0,0,0,0,16384,0,0,0,0,0,0,0,0,0,0,0,3977,115,0,0,0,0,0,22737467,0,72,0,16,115,3977,0,0,0,0,0,0,0,0,0,0,0,0,0,0,0,0,0,0,0,0,0,0,0,0,0,0,0,0,0,0,0,0,0,0,0,0,0,0,0,0,0,0,0,0,0,0,0,0,0,0,0,0,0,0,164409028,0,0,0,862382969,0,0,0,0,0,0,0,21231808,19671723,188490359,192422950400,18324398,0,0,0,0,0,0,0,0,0,0,0,0,0,0,0,0,0,0,0,0,0,0,0,0,0,0,0,0,0,0,0,99,0,0,0,0,0,0,0
1787686386.328,0,0,0,0,0,0,0,667046414,299701012992,649011227136,0,0,0,0,0,0,0,0,0,0,0,0,0,0,0,0,0,0,0,0,0,0,0,0,0,0,0,0,0,0,0,0,0,0,0,0,0,0,0,0,0,0,0,0,0,0,0,0,0,0,0,0,0,0,0,0,0,0,0,0,7,6176246,18311030,22356183,0,0,0,0,0,0,0,0,0,0,0,0,0,0,0,0,0,0,0,0,0,0,0,0,0,0,0,0,0,0,0,0,0,0,0,0,0,51467059200,12191531008,3141300,744112,22270678,4044,0,384,3145728,15192954,3111910,147,3050428344,51539607552,0,1058515039,0,0,0,0,0,0,0,0,0,0,0,0,0,0,0,0,0,0,7482437,407053195,0,468,1204,7863,623,14965040,35,0,0,0,0,0,0,0,1,0,0,0,0,0,0,0,0,0,0,21169112,0,22270383,190790,0,0,0,0,0,0,0,0,16384,0,0,0,0,0,0,0,0,0,0,0,3978,115,0,0,0,0,0,22739839,0,72,0,16,115,3978,0,0,0,0,0,0,0,0,0,0,0,0,0,0,0,0,0,0,0,0,0,0,0,0,0,0,0,0,0,0,0,0,0,0,0,0,0,0,0,0,0,0,0,0,0,0,0,0,0,0,0,0,0,0,164411375,0,0,0,862396487,0,0,0,0,0,0,0,21233606,19681116,188495196,192426530816,18325802,0,0,0,0,0,0,0,0,0,0,0,0,0,0,0,0,0,0,0,0,0,0,0,0,0,0,0,0,0,0,0,22,0,0,0,0,0,0,0
1787686387.399,0,0,0,0,0,0,0,667074375,299855071744,649057534976,0,0,0,0,0,0,0,0,0,0,0,0,0,0,0,0,0,0,0,0,0,0,0,0,0,0,0,0,0,0,0,0,0,0,0,0,0,0,0,0,0,0,0,0,0,0,0,0,0,0,0,0,0,0,0,0,0,0,0,0,7,6176298,18320434,22358704,0,0,0,0,0,0,0,0,0,0,0,0,0,0,0,0,0,0,0,0,0,0,0,0,0,0,0,0,0,0,0,0,0,0,0,0,0,51477479424,12205408256,3141936,744959,22273199,3408,0,384,3145728,15202356,3111910,147,3050568807,51539607552,0,1058537233,0,0,0,0,0,0,0,0,0,0,0,0,0,0,0,0,0,0,7483215,407053973,0,468,1204,7863,623,14966594,35,0,0,0,0,0,0,0,1,0,0,0,0,0,0,0,0,0,0,21170097,0,22272904,190815,0,0,0,0,0,0,0,0,16384,0,0,0,0,0,0,0,0,0,0,0,3979,115,0,0,0,0,0,22742209,0,72,0,16,115,3979,0,0,0,0,0,0,0,0,0,0,0,0,0,0,0,0,0,0,0,0,0,0,0,0,0,0,0,0,0,0,0,0,0,0,0,0,0,0,0,0,0,0,0,0,0,0,0,0,0,0,0,0,0,0,164413726,0,0,0,862409635,0,0,0,0,0,0,0,21235407,19690521,188500093,192430272000,18327217,0,0,0,0,0,0,0,0,0,0,0,0,0,0,0,0,0,0,0,0,0,0,0,0,0,0,0,0,0,0,0,236,0,0,0,0,0,0,0
1787686388.468,0,0,0,0,0,0,0,667102269,300006623744,649103561216,0,0,0,0,0,0,0,0,0,0,0,0,0,0,0,0,0,0,0,0,0,0,0,0,0,0,0,0,0,0,0,0,0,0,0,0,0,0,0,0,0,0,0,0,0,0,0,0,0,0,0,0,0,0,0,0,0,0,0,0,7,6176367,18329693,22361203,0,0,0,0,0,0,0,0,0,0,0,0,0,0,0,0,0,0,0,0,0,0,0,0,0,0,0,0,0,0,0,0,0,0,0,0,0,51486900224,12219826176,3142511,745839,22275698,2833,0,384,3145728,15211614,3111910,147,3050709979,51539607552,0,1058560307,0,0,0,0,0,0,0,0,0,0,0,0,0,0,0,0,0,0,7483989,407054747,0,468,1204,7863,623,14968142,35,0,0,0,0,0,0,0,1,0,0,0,0,0,0,0,0,0,0,21171073,0,22275403,190839,0,0,0,0,0,0,0,0,16384,0,0,0,0,0,0,0,0,0,0,0,3980,115,0,0,0,0,0,22744560,0,72,0,16,115,3980,0,0,0,0,0,0,0,0,0,0,0,0,0,0,0,0,0,0,0,0,0,0,0,0,0,0,0,0,0,0,0,0,0,0,0,0,0,0,0,0,0,0,0,0,0,0,0,0,0,0,0,0,0,0,164416090,0,0,0,862423025,0,0,0,0,0,0,0,21237199,19699772,188504980,192434147328,18328682,0,0,0,0,0,0,0,0,0,0,0,0,0,0,0,0,0,0,0,0,0,0,0,0,0,0,0,0,0,0,0,154,0,0,0,0,0,0,0
1787686389.539,0,0,0,0,0,0,0,667129688,300158077440,649149606912,0,0,0,0,0,0,0,0,0,0,0,0,0,0,0,0,0,0,0,0,0,0,0,0,0,0,0,0,0,0,0,0,0,0,0,0,0,0,0,0,0,0,0,0,0,0,0,0,0,0,0,0,0,0,0,0,0,0,0,0,7,6176429,18338938,22363708,0,0,0,0,0,0,0,0,0,0,0,0,0,0,0,0,0,0,0,0,0,0,0,0,0,0,0,0,0,0,0,0,0,0,0,0,0,51497189376,12234326016,3143139,746724,22278203,2205,0,384,3145728,15220860,3111910,147,3050848971,51539607552,0,1058582981,0,0,0,0,0,0,0,0,0,0,0,0,0,0,0,0,0,0,7484752,407055510,0,468,1204,7863,623,14969668,35,0,0,0,0,0,0,0,1,0,0,0,0,0,0,0,0,0,0,21172034,0,22277908,190863,0,0,0,0,0,0,0,0,16384,0,0,0,0,0,0,0,0,0,0,0,3981,115,0,0,0,0,0,22746883,0,72,0,16,115,3981,0,0,0,0,0,0,0,0,0,0,0,0,0,0,0,0,0,0,0,0,0,0,0,0,0,0,0,0,0,0,0,0,0,0,0,0,0,0,0,0,0,0,0,0,0,0,0,0,0,0,0,0,0,0,164418439,0,0,0,862436214,0,0,0,0,0,0,0,21238991,19709017,188509859,192437907456,18330101,0,0,0,0,0,0,0,0,0,0,0,0,0,0,0,0,0,0,0,0,0,0,0,0,0,0,0,0,0,0,0,74,0,0,0,0,0,0,0
1787686390.609,0,0,0,0,0,0,0,667157609,300308285952,649195919360,0,0,0,0,0,0,0,0,0,0,0,0,0,0,0,0,0,0,0,0,0,0,0,0,0,0,0,0,0,0,0,0,0,0,0,0,0,0,0,0,0,0,0,0,0,0,0,0,0,0,0,0,0,0,0,0,0,0,0,0,7,6176500,18348113,22366212,0,0,0,0,0,0,0,0,0,0,0,0,0,0,0,0,0,0,0,0,0,0,0,0,0,0,0,0,0,0,0,0,0,0,0,0,0,51507707904,12248416256,3143781,747584,22280707,1563,0,384,3145728,15230034,3111910,147,3050990226,51539607552,0,1058606016,0,0,0,0,0,0,0,0,0,0,0,0,0,0,0,0,0,0,7485524,407056282,0,468,1204,7863,623,14971212,35,0,0,0,0,0,0,0,1,0,0,0,0,0,0,0,0,0,0,21173013,0,22280412,190887,0,0,0,0,0,0,0,0,16384,0,0,0,0,0,0,0,0,0,0,0,3982,115,0,0,0,0,0,22749237,0,72,0,16,115,3982,0,0,0,0,0,0,0,0,0,0,0,0,0,0,0,0,0,0,0,0,0,0,0,0,0,0,0,0,0,0,0,0,0,0,0,0,0,0,0,0,0,0,0,0,0,0,0,0,0,0,0,0,0,0,164420773,0,0,0,862449578,0,0,0,0,0,0,0,21240792,19718185,188514720,192441896448,18331534,0,0,0,0,0,0,0,0,0,0,0,0,0,0,0,0,0,0,0,0,0,0,0,0,0,0,0,0,0,0,0,11,0,0,0,0,0,0,0
1787686391.679,0,0,0,0,0,0,0,667185458,300459444736,649241460224,0,0,0,0,0,0,0,0,0,0,0,0,0,0,0,0,0,0,0,0,0,0,0,0,0,0,0,0,0,0,0,0,0,0,0,0,0,0,0,0,0,0,0,0,0,0,0,0,0,0,0,0,0,0,0,0,0,0,0,0,7,6176562,18357342,22368697,0,0,0,0,0,0,0,0,0,0,0,0,0,0,0,0,0,0,0,0,0,0,0,0,0,0,0,0,0,0,0,0,0,0,0,0,0,51517865984,12262227968,3144401,748427,22283192,943,0,384,3145728,15239262,3111910,147,3051130000,51539607552,0,1058628194,0,0,0,0,0,0,0,0,0,0,0,0,0,0,0,0,0,0,7486299,407057057,0,468,1204,7863,623,14972763,35,0,0,0,0,0,0,0,1,0,0,0,0,0,0,0,0,0,0,21173992,0,22282897,190911,0,0,0,0,0,0,0,0,16384,0,0,0,0,0,0,0,0,0,0,0,3983,115,0,0,0,0,0,22751597,0,72,0,16,115,3983,0,0,0,0,0,0,0,0,0,0,0,0,0,0,0,0,0,0,0,0,0,0,0,0,0,0,0,0,0,0,0,0,0,0,0,0,0,0,0,0,0,0,0,0,0,0,0,0,0,0,0,0,0,0,164423053,0,0,0,862462705,0,0,0,0,0,0,0,21242733,19727414,188519506,192445536768,18333069,0,0,0,0,0,0,0,0,0,0,0,0,0,0,0,0,0,0,0,0,0,0,0,0,0,0,0,0,0,0,0,203,0,0,0,0,0,0,0
1787686392.749,0,0,0,0,0,0,0,667213152,300610505216,649286900224,0,0,0,0,0,0,0,0,0,0,0,0,0,0,0,0,0,0,0,0,0,0,0,0,0,0,0,0,0,0,0,0,0,0,0,0,0,0,0,0,0,0,0,0,0,0,0,0,0,0,0,0,0,0,0,0,0,0,0,0,7,6176621,18366565,22371164,0,0,0,0,0,0,0,0,0,0,0,0,0,0,0,0,0,0,0,0,0,0,0,0,0,0,0,0,0,0,0,0,0,0,0,0,0,51527450624,12277284864,3144986,749346,22285659,358,0,384,3145728,15248486,3111910,147,3051270190,51539607552,0,1058650972,0,0,0,0,0,0,0,0,0,0,0,0,0,0,0,0,0,0,7487069,407057827,0,468,1204,7863,623,14974302,35,0,0,0,0,0,0,0,1,0,0,0,0,0,0,0,0,0,0,21174968,0,22285364,190935,0,0,0,0,0,0,0,0,16384,0,0,0,0,0,0,0,0,0,0,0,3984,115,0,0,0,0,0,22753944,0,72,0,16,115,3984,0,0,0,0,0,0,0,0,0,0,0,0,0,0,0,0,0,0,0,0,0,0,0,0,0,0,0,0,0,0,0,0,0,0,0,0,0,0,0,0,0,0,0,0,0,0,0,0,0,0,0,0,0,0,164425411,0,0,0,862476010,0,0,0,0,0,0,0,21244687,19736634,188524354,192449244672,18334625,0,0,0,0,0,0,0,0,0,0,0,0,0,0,0,0,0,0,0,0,0,0,0,0,0,0,0,0,0,0,0,121,0,0,0,0,0,0,0
1787686393.818,0,0,0,0,0,0,0,667240931,300760418816,649332628992,0,0,0,0,0,0,0,0,0,0,0,0,0,0,0,0,0,0,0,0,0,0,0,0,0,0,0,0,0,0,0,0,0,0,0,0,0,0,0,0,0,0,0,0,0,0,0,0,0,0,0,0,0,0,0,0,0,0,0,0,7,6176676,18375717,22373665,0,0,0,0,0,0,0,0,0,0,0,0,0,0,0,0,0,0,0,0,0,0,0,0,0,0,0,0,0,0,0,0,0,0,0,0,0,51531776000,12291342336,3145250,750204,22288160,94,0,384,3145728,15257634,3111910,147,3051410430,51539607552,0,1058673436,0,0,0,0,0,0,0,0,0,0,0,0,0,0,0,0,0,0,7487844,407058602,0,468,1204,7863,623,14975852,35,0,0,0,0,0,0,0,1,0,0,0,0,0,0,0,0,0,0,21175950,0,22287865,190959,0,0,0,0,0,0,0,0,16384,0,0,0,0,0,0,0,0,0,0,0,3986,115,0,0,0,0,0,22756304,0,72,0,16,115,3986,0,0,0,0,0,0,0,0,0,0,0,0,0,0,0,0,0,0,0,0,0,0,0,0,0,0,0,0,0,0,0,0,0,0,0,0,0,0,0,0,0,0,0,0,0,0,0,0,0,0,0,0,0,0,164427721,0,0,0,862489367,0,0,0,0,0,0,0,21246505,19745784,188529187,192452783104,18336106,0,0,0,0,0,0,0,0,0,0,0,0,0,0,0,0,0,0,0,0,0,0,0,0,0,0,0,0,0,0,0,64,0,0,0,0,0,0,0
1787686394.888,0,0,0,0,0,0,0,667268216,300910234112,649418460672,0,0,0,0,0,0,0,0,0,0,0,0,0,0,0,0,0,0,0,0,0,0,0,0,0,0,0,0,0,0,0,0,0,0,0,0,0,0,0,0,0,0,0,0,0,0,0,0,0,0,0,0,0,0,0,0,0,0,0,0,7,6176727,18384863,22378622,0,0,0,0,0,0,0,0,0,0,0,0,0,0,0,0,0,0,0,0,0,0,0,0,0,0,0,0,0,0,0,0,0,0,0,0,0,51402457088,12263424000,3137357,748500,22293117,7987,0,384,3145728,15266780,3111910,147,3051547309,51539607552,0,1058694979,0,0,0,0,0,0,0,0,0,0,0,0,0,0,0,0,0,0,7488604,407059362,0,468,1204,7863,623,14977372,35,0,0,0,0,0,0,0,1,0,0,0,0,0,0,0,0,0,0,21176915,0,22292822,191008,0,0,0,0,0,0,0,0,16384,0,0,0,0,0,0,0,0,0,0,0,3987,115,0,0,0,0,0,22758611,0,72,0,16,115,3987,0,0,0,0,0,0,0,0,0,0,0,0,0,0,0,0,0,0,0,0,0,0,0,0,0,0,0,0,0,0,0,0,0,0,0,0,0,0,0,0,0,0,0,0,0,0,0,0,0,0,0,0,0,0,164430019,0,0,0,862502219,0,0,0,0,0,0,0,21248724,19754929,188536488,192456331776,18337518,0,0,0,0,0,0,0,0,0,0,0,0,0,0,0,0,0,0,0,0,0,0,0,0,0,0,0,0,0,0,0,267,0,0,0,0,0,0,0
1787686395.959,0,0,0,0,0,0,0,667296287,301064391168,649464520192,0,0,0,0,0,0,0,0,0,0,0,0,0,0,0,0,0,0,0,0,0,0,0,0,0,0,0,0,0,0,0,0,0,0,0,0,0,0,0,0,0,0,0,0,0,0,0,0,0,0,0,0,0,0,0,0,0,0,0,0,7,6176786,18394275,22381133,0,0,0,0,0,0,0,0,0,0,0,0,0,0,0,0,0,0,0,0,0,0,0,0,0,0,0,0,0,0,0,0,0,0,0,0,0,51413221376,12277284864,3138014,749346,22295628,7330,0,384,3145728,15276191,3111910,147,3051689157,51539607552,0,1058717844,0,0,0,0,0,0,0,0,0,0,0,0,0,0,0,0,0,0,7489385,407060142,0,468,1204,7863,623,14978935,35,0,0,0,0,0,0,0,1,0,0,0,0,0,0,0,0,0,0,21177900,0,22295333,191033,0,0,0,0,0,0,0,0,16384,0,0,0,0,0,0,0,0,0,0,0,3988,115,0,0,0,0,0,22760978,0,72,0,16,115,3988,0,0,0,0,0,0,0,0,0,0,0,0,0,0,0,0,0,0,0,0,0,0,0,0,0,0,0,0,0,0,0,0,0,0,0,0,0,0,0,0,0,0,0,0,0,0,0,0,0,0,0,0,0,0,164432381,0,0,0,862515744,0,0,0,0,0,0,0,21250613,19764335,188541386,192459985408,18338988,0,0,0,0,0,0,0,0,0,0,0,0,0,0,0,0,0,0,0,0,0,0,0,0,0,0,0,0,0,0,0,158,0,0,0,0,0,0,0
1787686397.034,0,0,0,0,0,0,0,667324260,301216975360,649509622784,0,0,0,0,0,0,0,0,0,0,0,0,0,0,0,0,0,0,0,0,0,0,0,0,0,0,0,0,0,0,0,0,0,0,0,0,0,0,0,0,0,0,0,0,0,0,0,0,0,0,0,0,0,0,0,0,0,0,0,0,7,6176845,18403589,22383592,0,0,0,0,0,0,0,0,0,0,0,0,0,0,0,0,0,0,0,0,0,0,0,0,0,0,0,0,0,0,0,0,0,0,0,0,0,51424739328,12291637248,3138717,750222,22298087,6627,0,384,3145728,15285504,3111910,147,3051830566,51539607552,0,1058740534,0,0,0,0,0,0,0,0,0,0,0,0,0,0,0,0,0,0,7490162,407060920,0,468,1204,7863,623,14980489,35,0,0,0,0,0,0,0,1,0,0,0,0,0,0,0,0,0,0,21178885,0,22297792,191057,0,0,0,0,0,0,0,0,16384,0,0,0,0,0,0,0,0,0,0,0,3989,115,0,0,0,0,0,22763339,0,72,0,16,115,3989,0,0,0,0,0,0,0,0,0,0,0,0,0,0,0,0,0,0,0,0,0,0,0,0,0,0,0,0,0,0,0,0,0,0,0,0,0,0,0,0,0,0,0,0,0,0,0,0,0,0,0,0,0,0,164434735,0,0,0,862529098,0,0,0,0,0,0,0,21252370,19773651,188546223,192463555072,18340406,0,0,0,0,0,0,0,0,0,0,0,0,0,0,0,0,0,0,0,0,0,0,0,0,0,0,0,0,0,0,0,148,0,0,0,0,0,0,0
1787686398.105,0,0,0,0,0,0,0,667352045,301370034688,649554715648,0,0,0,0,0,0,0,0,0,0,0,0,0,0,0,0,0,0,0,0,0,0,0,0,0,0,0,0,0,0,0,0,0,0,0,0,0,0,0,0,0,0,0,0,0,0,0,0,0,0,0,0,0,0,0,0,0,0,0,0,7,6176890,18412931,22386051,0,0,0,0,0,0,0,0,0,0,0,0,0,0,0,0,0,0,0,0,0,0,0,0,0,0,0,0,0,0,0,0,0,0,0,0,0,51434389504,12306251776,3139306,751114,22300546,6038,0,384,3145728,15294846,3111910,147,3051970859,51539607552,0,1058762809,0,0,0,0,0,0,0,0,0,0,0,0,0,0,0,0,0,0,7490936,407061694,0,468,1204,7863,623,14982039,35,0,0,0,0,0,0,0,1,0,0,0,0,0,0,0,0,0,0,21179866,0,22300251,191081,0,0,0,0,0,0,0,0,16384,0,0,0,0,0,0,0,0,0,0,0,3990,115,0,0,0,0,0,22765700,0,72,0,16,115,3990,0,0,0,0,0,0,0,0,0,0,0,0,0,0,0,0,0,0,0,0,0,0,0,0,0,0,0,0,0,0,0,0,0,0,0,0,0,0,0,0,0,0,0,0,0,0,0,0,0,0,0,0,0,0,164437077,0,0,0,862542465,0,0,0,0,0,0,0,21254181,19782992,188551046,192467188224,18341831,0,0,0,0,0,0,0,0,0,0,0,0,0,0,0,0,0,0,0,0,0,0,0,0,0,0,0,0,0,0,0,102,0,0,0,0,0,0,0
1787686399.175,0,0,0,0,0,0,0,667379853,301521816064,649600044032,0,0,0,0,0,0,0,0,0,0,0,0,0,0,0,0,0,0,0,0,0,0,0,0,0,0,0,0,0,0,0,0,0,0,0,0,0,0,0,0,0,0,0,0,0,0,0,0,0,0,0,0,0,0,0,0,0,0,0,0,7,6176942,18422199,22388502,0,0,0,0,0,0,0,0,0,0,0,0,0,0,0,0,0,0,0,0,0,0,0,0,0,0,0,0,0,0,0,0,0,0,0,0,0,51444219904,12321243136,3139906,752029,22302997,5437,0,384,3145728,15304110,3111910,147,3052111627,51539607552,0,1058785833,0,0,0,0,0,0,0,0,0,0,0,0,0,0,0,0,0,0,7491709,407062467,0,468,1204,7863,623,14983582,35,0,0,0,0,0,0,0,1,0,0,0,0,0,0,0,0,0,0,21180845,0,22302702,191105,0,0,0,0,0,0,0,0,16384,0,0,0,0,0,0,0,0,0,0,0,3991,115,0,0,0,0,0,22768046,0,72,0,16,115,3991,0,0,0,0,0,0,0,0,0,0,0,0,0,0,0,0,0,0,0,0,0,0,0,0,0,0,0,0,0,0,0,0,0,0,0,0,0,0,0,0,0,0,0,0,0,0,0,0,0,0,0,0,0,0,164439407,0,0,0,862555807,0,0,0,0,0,0,0,21256026,19792254,188555849,192471100928,18343257,0,0,0,0,0,0,0,0,0,0,0,0,0,0,0,0,0,0,0,0,0,0,0,0,0,0,0,0,0,0,0,43,0,0,0,0,0,0,0
1787686400.246,0,0,0,0,0,0,0,667407482,301674678784,649645278720,0,0,0,0,0,0,0,0,0,0,0,0,0,0,0,0,0,0,0,0,0,0,0,0,0,0,0,0,0,0,0,0,0,0,0,0,0,0,0,0,0,0,0,0,0,0,0,0,0,0,0,0,0,0,0,0,0,0,0,0,7,6176991,18431528,22390977,0,0,0,0,0,0,0,0,0,0,0,0,0,0,0,0,0,0,0,0,0,0,0,0,0,0,0,0,0,0,0,0,0,0,0,0,0,51454902272,12336365568,3140558,752952,22305472,4786,0,384,3145728,15313438,3111910,147,3052249978,51539607552,0,1058807389,0,0,0,0,0,0,0,0,0,0,0,0,0,0,0,0,0,0,7492478,407063236,0,468,1204,7863,623,14985121,35,0,0,0,0,0,0,0,1,0,0,0,0,0,0,0,0,0,0,21181816,0,22305177,191130,0,0,0,0,0,0,0,0,16384,0,0,0,0,0,0,0,0,0,0,0,3992,115,0,0,0,0,0,22770392,0,72,0,16,115,3992,0,0,0,0,0,0,0,0,0,0,0,0,0,0,0,0,0,0,0,0,0,0,0,0,0,0,0,0,0,0,0,0,0,0,0,0,0,0,0,0,0,0,0,0,0,0,0,0,0,0,0,0,0,0,164441618,0,0,0,862568783,0,0,0,0,0,0,0,21257802,19801586,188560560,192474576384,18344624,1,0,0,0,0,0,0,0,0,0,0,0,0,0,0,0,0,0,0,0,0,0,0,0,0,0,0,0,0,0,0,269,0,0,0,0,0,0,0
1787686401.315,0,0,0,0,0,0,0,667435079,301825788416,649690010624,0,0,0,0,0,0,0,0,0,0,0,0,0,0,0,0,0,0,0,0,0,0,0,0,0,0,0,0,0,0,0,0,0,0,0,0,0,0,0,0,0,0,0,0,0,0,0,0,0,0,0,0,0,0,0,0,0,0,0,0,7,6177043,18440753,22393408,0,0,0,0,0,0,0,0,0,0,0,0,0,0,0,0,0,0,0,0,0,0,0,0,0,0,0,0,0,0,0,0,0,0,0,0,0,51463405568,12350275584,3141077,753801,22307903,4267,0,384,3145728,15322661,3111910,147,3052389797,51539607552,0,1058829984,0,0,0,0,0,0,0,0,0,0,0,0,0,0,0,0,0,0,7493245,407064003,0,468,1204,7863,623,14986656,35,0,0,0,0,0,0,0,1,0,0,0,0,0,0,0,0,0,0,21182786,0,22307608,191154,0,0,0,0,0,0,0,0,16384,0,0,0,0,0,0,0,0,0,0,0,3993,115,0,0,0,0,0,22772724,0,72,0,16,115,3993,0,0,0,0,0,0,0,0,0,0,0,0,0,0,0,0,0,0,0,0,0,0,0,0,0,0,0,0,0,0,0,0,0,0,0,0,0,0,0,0,0,0,0,0,0,0,0,0,0,0,0,0,0,0,164443984,0,0,0,862582098,0,0,0,0,0,0,0,21259649,19810808,188565381,192478208512,18346069,0,0,0,0,0,0,0,0,0,0,0,0,0,0,0,0,0,0,0,0,0,0,0,0,0,0,0,0,0,0,0,144,0,0,0,0,0,0,0
1787686402.390,0,0,0,0,0,0,0,667463007,301978585600,649735188992,0,0,0,0,0,0,0,0,0,0,0,0,0,0,0,0,0,0,0,0,0,0,0,0,0,0,0,0,0,0,0,0,0,0,0,0,0,0,0,0,0,0,0,0,0,0,0,0,0,0,0,0,0,0,0,0,0,0,0,0,7,6177105,18450083,22395849,0,0,0,0,0,0,0,0,0,0,0,0,0,0,0,0,0,0,0,0,0,0,0,0,0,0,0,0,0,0,0,0,0,0,0,0,0,51476856832,12365348864,3141898,754721,22310344,3446,0,384,3145728,15331990,3111910,147,3052531296,51539607552,0,1058853083,0,0,0,0,0,0,0,0,0,0,0,0,0,0,0,0,0,0,7494020,407064778,0,468,1204,7863,623,14988205,35,0,0,0,0,0,0,0,1,0,0,0,0,0,0,0,0,0,0,21183762,0,22310049,191178,0,0,0,0,0,0,0,0,16384,0,0,0,0,0,0,0,0,0,0,0,3994,115,0,0,0,0,0,22775085,0,72,0,16,115,3994,0,0,0,0,0,0,0,0,0,0,0,0,0,0,0,0,0,0,0,0,0,0,0,0,0,0,0,0,0,0,0,0,0,0,0,0,0,0,0,0,0,0,0,0,0,0,0,0,0,0,0,0,0,0,164446344,0,0,0,862595503,0,0,0,0,0,0,0,21261505,19820132,188570200,192482057216,18347564,0,0,0,0,0,0,0,0,0,0,0,0,0,0,0,0,0,0,0,0,0,0,0,0,0,0,0,0,0,0,0,55,0,0,0,0,0,0,0
1787686403.458,0,0,0,0,0,0,0,667490701,302132300288,649779819520,0,0,0,0,0,0,0,0,0,0,0,0,0,0,0,0,0,0,0,0,0,0,0,0,0,0,0,0,0,0,0,0,0,0,0,0,0,0,0,0,0,0,0,0,0,0,0,0,0,0,0,0,0,0,0,0,0,0,0,0,7,6177147,18459466,22398280,0,0,0,0,0,0,0,0,0,0,0,0,0,0,0,0,0,0,0,0,0,0,0,0,0,0,0,0,0,0,0,0,0,0,0,0,0,51487588352,12380520448,3142553,755647,22312775,2790,0,384,3145728,15341372,3111910,147,3052670307,51539607552,0,1058874783,0,0,0,0,0,0,0,0,0,0,0,0,0,0,0,0,0,0,7494793,407065551,0,468,1204,7863,623,14989750,35,0,0,0,0,0,0,0,1,0,0,0,0,0,0,0,0,0,0,21184741,0,22312480,191202,0,0,0,0,0,0,0,0,16384,0,0,0,0,0,0,0,0,0,0,0,3995,115,0,0,0,0,0,22777435,0,72,0,16,115,3995,0,0,0,0,0,0,0,0,0,0,0,0,0,0,0,0,0,0,0,0,0,0,0,0,0,0,0,0,0,0,0,0,0,0,0,0,0,0,0,0,0,0,0,0,0,0,0,0,0,0,0,0,0,0,164448685,0,0,0,862608547,0,0,0,0,0,0,0,21263368,19829514,188574997,192485595648,18349028,0,0,0,0,0,0,0,0,0,0,0,0,0,0,0,0,0,0,0,0,0,0,0,0,0,0,0,0,0,0,0,277,0,0,0,0,0,0,0
1787686404.528,0,0,0,0,0,0,0,667518634,302285687296,649824236032,0,0,0,0,0,0,0,0,0,0,0,0,0,0,0,0,0,0,0,0,0,0,0,0,0,0,0,0,0,0,0,0,0,0,0,0,0,0,0,0,0,0,0,0,0,0,0,0,0,0,0,0,0,0,0,0,0,0,0,0,7,6177214,18468828,22400691,0,0,0,0,0,0,0,0,0,0,0,0,0,0,0,0,0,0,0,0,0,0,0,0,0,0,0,0,0,0,0,0,0,0,0,0,0,51497074688,12396478464,3143132,756621,22315186,2212,0,384,3145728,15350734,3111910,147,3052811535,51539607552,0,1058897386,0,0,0,0,0,0,0,0,0,0,0,0,0,0,0,0,0,0,7495571,407066329,0,468,1204,7863,623,14991306,35,0,0,0,0,0,0,0,1,0,0,0,0,0,0,0,0,0,0,21185723,0,22314891,191226,0,0,0,0,0,0,0,0,16384,0,0,0,0,0,0,0,0,0,0,0,3996,115,0,0,0,0,0,22779800,0,72,0,16,115,3996,0,0,0,0,0,0,0,0,0,0,0,0,0,0,0,0,0,0,0,0,0,0,0,0,0,0,0,0,0,0,0,0,0,0,0,0,0,0,0,0,0,0,0,0,0,0,0,0,0,0,0,0,0,0,164451035,0,0,0,862621977,0,0,0,0,0,0,0,21265164,19838875,188579779,192489218048,18350450,0,0,0,0,0,0,0,0,0,0,0,0,0,0,0,0,0,0,0,0,0,0,0,0,0,0,0,0,0,0,0,208,0,0,0,0,0,0,0
1787686405.601,0,0,0,0,0,0,0,667546291,302436272640,649869425152,0,0,0,0,0,0,0,0,0,0,0,0,0,0,0,0,0,0,0,0,0,0,0,0,0,0,0,0,0,0,0,0,0,0,0,0,0,0,0,0,0,0,0,0,0,0,0,0,0,0,0,0,0,0,0,0,0,0,0,0,7,6177280,18478023,22403129,0,0,0,0,0,0,0,0,0,0,0,0,0,0,0,0,0,0,0,0,0,0,0,0,0,0,0,0,0,0,0,0,0,0,0,0,0,51506380800,12410994688,3143700,757507,22317624,1644,0,384,3145728,15359928,3111910,147,3052951936,51539607552,0,1058920589,0,0,0,0,0,0,0,0,0,0,0,0,0,0,0,0,0,0,7496337,407067095,0,468,1204,7863,623,14992838,35,0,0,0,0,0,0,0,1,0,0,0,0,0,0,0,0,0,0,21186691,0,22317329,191251,0,0,0,0,0,0,0,0,16384,0,0,0,0,0,0,0,0,0,0,0,3997,115,0,0,0,0,0,22782142,0,72,0,16,115,3997,0,0,0,0,0,0,0,0,0,0,0,0,0,0,0,0,0,0,0,0,0,0,0,0,0,0,0,0,0,0,0,0,0,0,0,0,0,0,0,0,0,0,0,0,0,0,0,0,0,0,0,0,0,0,164453404,0,0,0,862635234,0,0,0,0,0,0,0,21266967,19848065,188584613,192493197824,18351876,0,0,0,0,0,0,0,0,0,0,0,0,0,0,0,0,0,0,0,0,0,0,0,0,0,0,0,0,0,0,0,129,0,0,0,0,0,0,0
1787686406.671,0,0,0,0,0,0,0,667573930,302588627456,649913896960,0,0,0,0,0,0,0,0,0,0,0,0,0,0,0,0,0,0,0,0,0,0,0,0,0,0,0,0,0,0,0,0,0,0,0,0,0,0,0,0,0,0,0,0,0,0,0,0,0,0,0,0,0,0,0,0,0,0,0,0,7,6177338,18487324,22405542,0,0,0,0,0,0,0,0,0,0,0,0,0,0,0,0,0,0,0,0,0,0,0,0,0,0,0,0,0,0,0,0,0,0,0,0,0,51517390848,12425019392,3144372,758363,22320037,972,0,384,3145728,15369228,3111910,147,3053091755,51539607552,0,1058943187,0,0,0,0,0,0,0,0,0,0,0,0,0,0,0,0,0,0,7497106,407067864,0,468,1204,7863,623,14994376,35,0,0,0,0,0,0,0,1,0,0,0,0,0,0,0,0,0,0,21187664,0,22319742,191275,0,0,0,0,0,0,0,0,16384,0,0,0,0,0,0,0,0,0,0,0,3998,115,0,0,0,0,0,22784479,0,72,0,16,115,3998,0,0,0,0,0,0,0,0,0,0,0,0,0,0,0,0,0,0,0,0,0,0,0,0,0,0,0,0,0,0,0,0,0,0,0,0,0,0,0,0,0,0,0,0,0,0,0,0,0,0,0,0,0,0,164455693,0,0,0,862648497,0,0,0,0,0,0,0,21268717,19857365,188589338,192496881664,18353261,0,0,0,0,0,0,0,0,0,0,0,0,0,0,0,0,0,0,0,0,0,0,0,0,0,0,0,0,0,0,0,79,0,0,0,0,0,0,0
1787686407.741,0,0,0,0,0,0,0,667601390,302736689664,649958681600,0,0,0,0,0,0,0,0,0,0,0,0,0,0,0,0,0,0,0,0,0,0,0,0,0,0,0,0,0,0,0,0,0,0,0,0,0,0,0,0,0,0,0,0,0,0,0,0,0,0,0,0,0,0,0,0,0,0,0,0,7,6177399,18496369,22407976,0,0,0,0,0,0,0,0,0,0,0,0,0,0,0,0,0,0,0,0,0,0,0,0,0,0,0,0,0,0,0,0,0,0,0,0,0,51524108288,12439224320,3144782,759230,22322471,562,0,384,3145728,15378271,3111910,147,3053229454,51539607552,0,1058965086,0,0,0,0,0,0,0,0,0,0,0,0,0,0,0,0,0,0,7497868,407068626,0,468,1204,7863,623,14995901,35,0,0,0,0,0,0,0,1,0,0,0,0,0,0,0,0,0,0,21188628,0,22322176,191299,0,0,0,0,0,0,0,0,16384,0,0,0,0,0,0,0,0,0,0,0,3999,115,0,0,0,0,0,22786799,0,72,0,16,115,3999,0,0,0,0,0,0,0,0,0,0,0,0,0,0,0,0,0,0,0,0,0,0,0,0,0,0,0,0,0,0,0,0,0,0,0,0,0,0,0,0,0,0,0,0,0,0,0,0,0,0,0,0,0,0,164458008,0,0,0,862661404,0,0,0,0,0,0,0,21270531,19866403,188594111,192500636672,18354685,0,0,0,0,0,0,0,0,0,0,0,0,0,0,0,0,0,0,0,0,0,0,0,0,0,0,0,0,0,0,0,279,0,0,0,0,0,0,0
1787686408.812,0,0,0,0,0,0,0,667629383,302888618496,650003596288,0,0,0,0,0,0,0,0,0,0,0,0,0,0,0,0,0,0,0,0,0,0,0,0,0,0,0,0,0,0,0,0,0,0,0,0,0,0,0,0,0,0,0,0,0,0,0,0,0,0,0,0,0,0,0,0,0,0,0,0,7,6177454,18505646,22410420,0,0,0,0,0,0,0,0,0,0,0,0,0,0,0,0,0,0,0,0,0,0,0,0,0,0,0,0,0,0,0,0,0,0,0,0,0,51532644352,12453347328,3145303,760092,22324915,41,0,384,3145728,15387545,3111910,147,3053370790,51539607552,0,1058987972,0,0,0,0,0,0,0,0,0,0,0,0,0,0,0,0,0,0,7498648,407069406,0,468,1204,7863,623,14997460,35,0,0,0,0,0,0,0,1,0,0,0,0,0,0,0,0,0,0,21189607,0,22324620,191323,0,0,0,0,0,0,0,0,16384,0,0,0,0,0,0,0,0,0,0,0,4001,115,0,0,0,0,0,22789182,0,72,0,16,115,4001,0,0,0,0,0,0,0,0,0,0,0,0,0,0,0,0,0,0,0,0,0,0,0,0,0,0,0,0,0,0,0,0,0,0,0,0,0,0,0,0,0,0,0,0,0,0,0,0,0,0,0,0,0,0,164460364,0,0,0,862674891,0,0,0,0,0,0,0,21272339,19875677,188598934,192504257536,18356090,0,0,0,0,0,0,0,0,0,0,0,0,0,0,0,0,0,0,0,0,0,0,0,0,0,0,0,0,0,0,0,173,0,0,0,0,0,0,0
1787686409.881,0,0,0,0,0,0,0,667656678,303037811200,650080329728,0,0,0,0,0,0,0,0,0,0,0,0,0,0,0,0,0,0,0,0,0,0,0,0,0,0,0,0,0,0,0,0,0,0,0,0,0,0,0,0,0,0,0,0,0,0,0,0,0,0,0,0,0,0,0,0,0,0,0,0,7,6177501,18514758,22414727,0,0,0,0,0,0,0,0,0,0,0,0,0,0,0,0,0,0,0,0,0,0,0,0,0,0,0,0,0,0,0,0,0,0,0,0,0,51401834496,12434882560,3137319,758965,22327335,8025,0,384,3145728,15396653,3111910,147,3053508867,51539607552,0,1059009985,0,0,0,0,0,0,0,0,0,0,0,0,0,0,0,0,0,0,7499408,407070166,0,468,1204,7863,623,14998982,35,0,0,0,0,0,0,0,1,0,0,0,0,0,0,0,0,0,0,21190572,0,22328693,191364,0,0,0,0,0,0,0,0,16384,0,0,0,0,0,0,0,0,0,0,0,4002,115,0,0,0,0,0,22791498,0,72,0,16,115,4002,0,0,0,0,0,0,0,0,0,0,0,0,0,0,0,0,0,0,0,0,0,0,0,0,0,0,0,0,0,0,0,0,0,0,0,0,0,0,0,0,0,0,0,0,0,0,0,0,0,0,0,0,0,0,164462696,0,0,0,862688048,0,0,0,0,0,0,0,21274363,19884785,188605705,192507820544,18357468,0,1,0,0,0,0,0,0,0,0,0,0,0,0,0,0,0,0,0,0,0,0,0,0,0,0,0,0,0,0,0,88,0,0,0,0,0,0,0
1787686410.951,0,0,0,0,0,0,0,667684214,303189608960,650132521984,0,0,0,0,0,0,0,0,0,0,0,0,0,0,0,0,0,0,0,0,0,0,0,0,0,0,0,0,0,0,0,0,0,0,0,0,0,0,0,0,0,0,0,0,0,0,0,0,0,0,0,0,0,0,0,0,0,0,0,0,7,6177565,18524026,22417701,0,0,0,0,0,0,0,0,0,0,0,0,0,0,0,0,0,0,0,0,0,0,0,0,0,0,0,0,0,0,0,0,0,0,0,0,0,51411746816,12440633344,3137924,759316,22332196,7420,0,384,3145728,15405923,3111910,147,3053648147,51539607552,0,1059032543,0,0,0,0,0,0,0,0,0,0,0,0,0,0,0,0,0,0,7500173,407070931,0,468,1204,7863,623,15000512,35,0,0,0,0,0,0,0,1,0,0,0,0,0,0,0,0,0,0,21191540,0,22331901,191396,0,0,0,0,0,0,0,0,16384,0,0,0,0,0,0,0,0,0,0,0,4003,115,0,0,0,0,0,22793808,0,72,0,16,115,4003,0,0,0,0,0,0,0,0,0,0,0,0,0,0,0,0,0,0,0,0,0,0,0,0,0,0,0,0,0,0,0,0,0,0,0,0,0,0,0,0,0,0,0,0,0,0,0,0,0,0,0,0,0,0,164464985,0,0,0,862701237,0,0,0,0,0,0,0,21276353,19894052,188610907,192511484416,18358866,0,0,0,0,0,0,0,0,0,0,0,0,0,0,0,0,0,0,0,0,0,0,0,0,0,0,0,0,0,0,0,41,0,0,0,0,0,0,0
1787686412.022,0,0,0,0,0,0,0,667712373,303342848512,650177144832,0,0,0,0,0,0,0,0,0,0,0,0,0,0,0,0,0,0,0,0,0,0,0,0,0,0,0,0,0,0,0,0,0,0,0,0,0,0,0,0,0,0,0,0,0,0,0,0,0,0,0,0,0,0,0,0,0,0,0,0,7,6177634,18533378,22420121,0,0,0,0,0,0,0,0,0,0,0,0,0,0,0,0,0,0,0,0,0,0,0,0,0,0,0,0,0,0,0,0,0,0,0,0,0,51422052352,12456017920,3138553,760255,22334616,6791,0,384,3145728,15415273,3111910,147,3053789443,51539607552,0,1059054933,0,0,0,0,0,0,0,0,0,0,0,0,0,0,0,0,0,0,7500957,407071715,0,468,1204,7863,623,15002078,35,0,0,0,0,0,0,0,1,0,0,0,0,0,0,0,0,0,0,21192529,0,22334321,191420,0,0,0,0,0,0,0,0,16384,0,0,0,0,0,0,0,0,0,0,0,4004,115,0,0,0,0,0,22796198,0,72,0,16,115,4004,0,0,0,0,0,0,0,0,0,0,0,0,0,0,0,0,0,0,0,0,0,0,0,0,0,0,0,0,0,0,0,0,0,0,0,0,0,0,0,0,0,0,0,0,0,0,0,0,0,0,0,0,0,0,164467300,0,0,0,862714490,0,0,0,0,0,0,0,21278141,19903404,188615666,192515193344,18360270,0,0,0,0,0,0,0,0,0,0,0,0,0,0,0,0,0,0,0,0,0,0,0,0,0,0,0,0,0,0,0,248,0,0,0,0,0,0,0
1787686413.092,0,0,0,0,0,0,0,667740524,303497611776,650222251008,0,0,0,0,0,0,0,0,0,0,0,0,0,0,0,0,0,0,0,0,0,0,0,0,0,0,0,0,0,0,0,0,0,0,0,0,0,0,0,0,0,0,0,0,0,0,0,0,0,0,0,0,0,0,0,0,0,0,0,0,7,6177702,18542828,22422533,0,0,0,0,0,0,0,0,0,0,0,0,0,0,0,0,0,0,0,0,0,0,0,0,0,0,0,0,0,0,0,0,0,0,0,0,0,51433078784,12471533568,3139226,761202,22337028,6118,0,384,3145728,15424720,3111910,147,3053932157,51539607552,0,1059078309,0,0,0,0,0,0,0,0,0,0,0,0,0,0,0,0,0,0,7501738,407072496,0,468,1204,7863,623,15003640,35,0,0,0,0,0,0,0,1,0,0,0,0,0,0,0,0,0,0,21193515,0,22336733,191444,0,0,0,0,0,0,0,0,16384,0,0,0,0,0,0,0,0,0,0,0,4005,115,0,0,0,0,0,22798571,0,72,0,16,115,4005,0,0,0,0,0,0,0,0,0,0,0,0,0,0,0,0,0,0,0,0,0,0,0,0,0,0,0,0,0,0,0,0,0,0,0,0,0,0,0,0,0,0,0,0,0,0,0,0,0,0,0,0,0,0,164469743,0,0,0,862728007,0,0,0,0,0,0,0,21280000,19912849,188620545,192519346688,18361726,0,0,0,0,0,0,0,0,0,0,0,0,0,0,0,0,0,0,0,0,0,0,0,0,0,0,0,0,0,0,0,173,0,0,0,0,0,0,0
1787686414.162,0,0,0,0,0,0,0,667768716,303650310656,650265967104,0,0,0,0,0,0,0,0,0,0,0,0,0,0,0,0,0,0,0,0,0,0,0,0,0,0,0,0,0,0,0,0,0,0,0,0,0,0,0,0,0,0,0,0,0,0,0,0,0,0,0,0,0,0,0,0,0,0,0,0,7,6177766,18552150,22424910,0,0,0,0,0,0,0,0,0,0,0,0,0,0,0,0,0,0,0,0,0,0,0,0,0,0,0,0,0,0,0,0,0,0,0,0,0,51443040256,12487720960,3139834,762190,22339405,5510,0,384,3145728,15434042,3111910,147,3054074260,51539607552,0,1059101072,0,0,0,0,0,0,0,0,0,0,0,0,0,0,0,0,0,0,7502524,407073282,0,468,1204,7863,623,15005212,35,0,0,0,0,0,0,0,1,0,0,0,0,0,0,0,0,0,0,21194511,0,22339110,191468,0,0,0,0,0,0,0,0,16384,0,0,0,0,0,0,0,0,0,0,0,4006,115,0,0,0,0,0,22800958,0,72,0,16,115,4006,0,0,0,0,0,0,0,0,0,0,0,0,0,0,0,0,0,0,0,0,0,0,0,0,0,0,0,0,0,0,0,0,0,0,0,0,0,0,0,0,0,0,0,0,0,0,0,0,0,0,0,0,0,0,164472048,0,0,0,862741557,0,0,0,0,0,0,0,21281774,19922171,188625247,192522980352,18363181,0,0,0,0,0,0,0,0,0,0,0,0,0,0,0,0,0,0,0,0,0,0,0,0,0,0,0,0,0,0,0,121,0,0,0,0,0,0,0
1787686415.231,0,0,0,0,0,0,0,667796538,303802124800,650310513152,0,0,0,0,0,0,0,0,0,0,0,0,0,0,0,0,0,0,0,0,0,0,0,0,0,0,0,0,0,0,0,0,0,0,0,0,0,0,0,0,0,0,0,0,0,0,0,0,0,0,0,0,0,0,0,0,0,0,0,0,7,6177829,18561425,22427318,0,0,0,0,0,0,0,0,0,0,0,0,0,0,0,0,0,0,0,0,0,0,0,0,0,0,0,0,0,0,0,0,0,0,0,0,0,51452329984,12502679552,3140401,763103,22341813,4943,0,384,3145728,15443309,3111910,147,3054214195,51539607552,0,1059123450,0,0,0,0,0,0,0,0,0,0,0,0,0,0,0,0,0,0,7503296,407074054,0,468,1204,7863,623,15006756,35,0,0,0,0,0,0,0,1,0,0,0,0,0,0,0,0,0,0,21195476,0,22341518,191493,0,0,0,0,0,0,0,0,16384,0,0,0,0,0,0,0,0,0,0,0,4007,115,0,0,0,0,0,22803309,0,72,0,16,115,4007,0,0,0,0,0,0,0,0,0,0,0,0,0,0,0,0,0,0,0,0,0,0,0,0,0,0,0,0,0,0,0,0,0,0,0,0,0,0,0,0,0,0,0,0,0,0,0,0,0,0,0,0,0,0,164474381,0,0,0,862754633,0,0,0,0,0,0,0,21283569,19931439,188630012,192526760448,18364589,0,0,0,0,0,0,0,0,0,0,0,0,0,0,0,0,0,0,0,0,0,0,0,0,0,0,0,0,0,0,0,313,0,0,0,0,0,0,0
1787686416.301,0,0,0,0,0,0,0,667824685,303955937792,650355659776,0,0,0,0,0,0,0,0,0,0,0,0,0,0,0,0,0,0,0,0,0,0,0,0,0,0,0,0,0,0,0,0,0,0,0,0,0,0,0,0,0,0,0,0,0,0,0,0,0,0,0,0,0,0,0,0,0,0,0,0,7,6177894,18570816,22429761,0,0,0,0,0,0,0,0,0,0,0,0,0,0,0,0,0,0,0,0,0,0,0,0,0,0,0,0,0,0,0,0,0,0,0,0,0,51463323648,12517654528,3141072,764017,22344256,4272,0,384,3145728,15452698,3111910,147,3054356795,51539607552,0,1059146790,0,0,0,0,0,0,0,0,0,0,0,0,0,0,0,0,0,0,7504079,407074836,0,468,1204,7863,623,15008322,35,0,0,0,0,0,0,0,1,0,0,0,0,0,0,0,0,0,0,21196465,0,22343961,191519,0,0,0,0,0,0,0,0,16384,0,0,0,0,0,0,0,0,0,0,0,4008,115,0,0,0,0,0,22805686,0,72,0,16,115,4008,0,0,0,0,0,0,0,0,0,0,0,0,0,0,0,0,0,0,0,0,0,0,0,0,0,0,0,0,0,0,0,0,0,0,0,0,0,0,0,0,0,0,0,0,0,0,0,0,0,0,0,0,0,0,164476771,0,0,0,862768217,0,0,0,0,0,0,0,21285433,19940828,188634870,192530564096,18366032,0,0,0,0,0,0,0,0,0,0,0,0,0,0,0,0,0,0,0,0,0,0,0,0,0,0,0,0,0,0,0,178,0,0,0,0,0,0,0
1787686417.370,0,0,0,0,0,0,0,667853083,304109701632,650401363968,0,0,0,0,0,0,0,0,0,0,0,0,0,0,0,0,0,0,0,0,0,0,0,0,0,0,0,0,0,0,0,0,0,0,0,0,0,0,0,0,0,0,0,0,0,0,0,0,0,0,0,0,0,0,0,0,0,0,0,0,7,6177952,18580204,22432253,0,0,0,0,0,0,0,0,0,0,0,0,0,0,0,0,0,0,0,0,0,0,0,0,0,0,0,0,0,0,0,0,0,0,0,0,0,51473367040,12531433472,3141685,764858,22346748,3659,0,384,3145728,15462084,3111910,147,3054500149,51539607552,0,1059169989,0,0,0,0,0,0,0,0,0,0,0,0,0,0,0,0,0,0,7504868,407075626,0,468,1204,7863,623,15009900,35,0,0,0,0,0,0,0,1,0,0,0,0,0,0,0,0,0,0,21197451,0,22346453,191543,0,0,0,0,0,0,0,0,16384,0,0,0,0,0,0,0,0,0,0,0,4009,115,0,0,0,0,0,22808099,0,72,0,16,115,4009,0,0,0,0,0,0,0,0,0,0,0,0,0,0,0,0,0,0,0,0,0,0,0,0,0,0,0,0,0,0,0,0,0,0,0,0,0,0,0,0,0,0,0,0,0,0,0,0,0,0,0,0,0,0,164479129,0,0,0,862781948,0,0,0,0,0,0,0,21287180,19950215,188639745,192534209024,18367440,0,0,0,0,0,0,0,0,0,0,0,0,0,0,0,0,0,0,0,0,0,0,0,0,0,0,0,0,0,0,0,9,0,0,0,0,0,0,0
1787686418.440,0,0,0,0,0,0,0,667881377,304263891456,650447096320,0,0,0,0,0,0,0,0,0,0,0,0,0,0,0,0,0,0,0,0,0,0,0,0,0,0,0,0,0,0,0,0,0,0,0,0,0,0,0,0,0,0,0,0,0,0,0,0,0,0,0,0,0,0,0,0,0,0,0,0,7,6178006,18589615,22434720,0,0,0,0,0,0,0,0,0,0,0,0,0,0,0,0,0,0,0,0,0,0,0,0,0,0,0,0,0,0,0,0,0,0,0,0,0,51484917760,12546605056,3142390,765784,22349215,2954,0,384,3145728,15471497,3111910,147,3054642575,51539607552,0,1059192922,0,0,0,0,0,0,0,0,0,0,0,0,0,0,0,0,0,0,7505652,407076410,0,468,1204,7863,623,15011470,35,0,0,0,0,0,0,0,1,0,0,0,0,0,0,0,0,0,0,21198438,0,22348920,191568,0,0,0,0,0,0,0,0,16384,0,0,0,0,0,0,0,0,0,0,0,4010,115,0,0,0,0,0,22810490,0,72,0,16,115,4010,0,0,0,0,0,0,0,0,0,0,0,0,0,0,0,0,0,0,0,0,0,0,0,0,0,0,0,0,0,0,0,0,0,0,0,0,0,0,0,0,0,0,0,0,0,0,0,0,0,0,0,0,0,0,164481521,0,0,0,862795225,0,0,0,0,0,0,0,21289016,19959627,188644628,192538223104,18368887,0,0,0,0,0,0,0,0,0,0,0,0,0,0,0,0,0,0,0,0,0,0,0,0,0,0,0,0,0,0,0,226,0,0,0,0,0,0,0
1787686419.511,0,0,0,0,0,0,0,667909275,304417180160,650492078080,0,0,0,0,0,0,0,0,0,0,0,0,0,0,0,0,0,0,0,0,0,0,0,0,0,0,0,0,0,0,0,0,0,0,0,0,0,0,0,0,0,0,0,0,0,0,0,0,0,0,0,0,0,0,0,0,0,0,0,0,7,6178067,18598978,22437178,0,0,0,0,0,0,0,0,0,0,0,0,0,0,0,0,0,0,0,0,0,0,0,0,0,0,0,0,0,0,0,0,0,0,0,0,0,51495157760,12561334272,3143015,766683,22351673,2329,0,384,3145728,15480859,3111910,147,3054783443,51539607552,0,1059215430,0,0,0,0,0,0,0,0,0,0,0,0,0,0,0,0,0,0,7506430,407077188,0,468,1204,7863,623,15013024,35,0,0,0,0,0,0,0,1,0,0,0,0,0,0,0,0,0,0,21199424,0,22351378,191592,0,0,0,0,0,0,0,0,16384,0,0,0,0,0,0,0,0,0,0,0,4011,115,0,0,0,0,0,22812863,0,72,0,16,115,4011,0,0,0,0,0,0,0,0,0,0,0,0,0,0,0,0,0,0,0,0,0,0,0,0,0,0,0,0,0,0,0,0,0,0,0,0,0,0,0,0,0,0,0,0,0,0,0,0,0,0,0,0,0,0,164483817,0,0,0,862808674,0,0,0,0,0,0,0,21290848,19968981,188649406,192541681664,18370294,0,0,0,0,0,0,0,0,0,0,0,0,0,0,0,0,0,0,0,0,0,0,0,0,0,0,0,0,0,0,0,129,0,0,0,0,0,0,0
1787686420.582,0,0,0,0,0,0,0,667937267,304570403328,650536323072,0,0,0,0,0,0,0,0,0,0,0,0,0,0,0,0,0,0,0,0,0,0,0,0,0,0,0,0,0,0,0,0,0,0,0,0,0,0,0,0,0,0,0,0,0,0,0,0,0,0,0,0,0,0,0,0,0,0,0,0,7,6178130,18608335,22439560,0,0,0,0,0,0,0,0,0,0,0,0,0,0,0,0,0,0,0,0,0,0,0,0,0,0,0,0,0,0,0,0,0,0,0,0,0,51504824320,12576063488,3143605,767582,22354055,1739,0,384,3145728,15490217,3111910,147,3054925103,51539607552,0,1059238335,0,0,0,0,0,0,0,0,0,0,0,0,0,0,0,0,0,0,7507209,407077967,0,468,1204,7863,623,15014582,35,0,0,0,0,0,0,0,1,0,0,0,0,0,0,0,0,0,0,21200410,0,22353760,191616,0,0,0,0,0,0,0,0,16384,0,0,0,0,0,0,0,0,0,0,0,4012,115,0,0,0,0,0,22815234,0,72,0,16,115,4012,0,0,0,0,0,0,0,0,0,0,0,0,0,0,0,0,0,0,0,0,0,0,0,0,0,0,0,0,0,0,0,0,0,0,0,0,0,0,0,0,0,0,0,0,0,0,0,0,0,0,0,0,0,0,164486148,0,0,0,862822148,0,0,0,0,0,0,0,21292735,19978337,188654143,192545575424,18371760,0,0,0,0,0,0,0,0,0,0,0,0,0,0,0,0,0,0,0,0,0,0,0,0,0,0,0,0,0,0,0,49,0,0,0,0,0,0,0
1787686421.652,0,0,0,0,0,0,0,667965325,304723790336,650580648960,0,0,0,0,0,0,0,0,0,0,0,0,0,0,0,0,0,0,0,0,0,0,0,0,0,0,0,0,0,0,0,0,0,0,0,0,0,0,0,0,0,0,0,0,0,0,0,0,0,0,0,0,0,0,0,0,0,0,0,0,7,6178187,18617700,22441951,0,0,0,0,0,0,0,0,0,0,0,0,0,0,0,0,0,0,0,0,0,0,0,0,0,0,0,0,0,0,0,0,0,0,0,0,0,51514851328,12591595520,3144217,768530,22356446,1127,0,384,3145728,15499580,3111910,147,3055066127,51539607552,0,1059260626,0,0,0,0,0,0,0,0,0,0,0,0,0,0,0,0,0,0,7507989,407078747,0,468,1204,7863,623,15016144,35,0,0,0,0,0,0,0,1,0,0,0,0,0,0,0,0,0,0,21201397,0,22356151,191640,0,0,0,0,0,0,0,0,16384,0,0,0,0,0,0,0,0,0,0,0,4013,115,0,0,0,0,0,22817604,0,72,0,16,115,4013,0,0,0,0,0,0,0,0,0,0,0,0,0,0,0,0,0,0,0,0,0,0,0,0,0,0,0,0,0,0,0,0,0,0,0,0,0,0,0,0,0,0,0,0,0,0,0,0,0,0,0,0,0,0,164488516,0,0,0,862835339,0,0,0,0,0,0,0,21294566,19987700,188658925,192549380608,18373225,0,0,0,0,0,0,0,0,0,0,0,0,0,0,0,0,0,0,0,0,0,0,0,0,0,0,0,0,0,0,0,274,0,0,0,0,0,0,0
1787686422.730,0,0,0,0,0,0,0,667993404,304875801088,650624211968,0,0,0,0,0,0,0,0,0,0,0,0,0,0,0,0,0,0,0,0,0,0,0,0,0,0,0,0,0,0,0,0,0,0,0,0,0,0,0,0,0,0,0,0,0,0,0,0,0,0,0,0,0,0,0,0,0,0,0,0,7,6178246,18626986,22444307,0,0,0,0,0,0,0,0,0,0,0,0,0,0,0,0,0,0,0,0,0,0,0,0,0,0,0,0,0,0,0,0,0,0,0,0,0,51525877760,12608061440,3144890,769535,22358802,454,0,384,3145728,15508862,3111910,147,3055208140,51539607552,0,1059283597,0,0,0,0,0,0,0,0,0,0,0,0,0,0,0,0,0,0,7508771,407079529,0,468,1204,7863,623,15017706,35,0,0,0,0,0,0,0,1,0,0,0,0,0,0,0,0,0,0,21202383,0,22358507,191664,0,0,0,0,0,0,0,0,16384,0,0,0,0,0,0,0,0,0,0,0,4014,115,0,0,0,0,0,22819972,0,72,0,16,115,4014,0,0,0,0,0,0,0,0,0,0,0,0,0,0,0,0,0,0,0,0,0,0,0,0,0,0,0,0,0,0,0,0,0,0,0,0,0,0,0,0,0,0,0,0,0,0,0,0,0,0,0,0,0,0,164490836,0,0,0,862848831,0,0,0,0,0,0,0,21296410,19996979,188663625,192553066496,18374673,0,0,0,0,0,0,0,0,0,0,0,0,0,0,0,0,0,0,0,0,0,0,0,0,0,0,0,0,0,0,0,200,0,0,0,0,0,0,0
1787686423.801,0,0,0,0,0,0,0,668021265,305028712960,650669205504,0,0,0,0,0,0,0,0,0,0,0,0,0,0,0,0,0,0,0,0,0,0,0,0,0,0,0,0,0,0,0,0,0,0,0,0,0,0,0,0,0,0,0,0,0,0,0,0,0,0,0,0,0,0,0,0,0,0,0,0,7,6178302,18636325,22446756,0,0,0,0,0,0,0,0,0,0,0,0,0,0,0,0,0,0,0,0,0,0,0,0,0,0,0,0,0,0,0,0,0,0,0,0,0,51533316096,12621955072,3145344,770383,22361251,0,0,384,3145728,15518199,3111910,147,3055348941,51539607552,0,1059306285,0,0,0,0,0,0,0,0,0,0,0,0,0,0,0,0,0,0,7509545,407080303,0,468,1204,7863,623,15019254,35,0,0,0,0,0,0,0,1,0,0,0,0,0,0,0,0,0,0,21203361,0,22360956,191688,0,0,0,0,0,0,0,0,16384,0,0,0,0,0,0,0,0,0,0,0,4016,115,0,0,0,0,0,22822331,0,72,0,16,115,4016,0,0,0,0,0,0,0,0,0,0,0,0,0,0,0,0,0,0,0,0,0,0,0,0,0,0,0,0,0,0,0,0,0,0,0,0,0,0,0,0,0,0,0,0,0,0,0,0,0,0,0,0,0,0,164493134,0,0,0,862862239,0,0,0,0,0,0,0,21298167,20006310,188668395,192556679680,18376034,0,0,0,0,0,0,0,0,0,0,0,0,0,0,0,0,0,0,0,0,0,0,0,0,0,0,0,0,0,0,0,101,0,0,0,0,0,0,0
1787686424.871,0,0,0,0,0,0,0,668049066,305178315264,650746435072,0,0,0,0,0,0,0,0,0,0,0,0,0,0,0,0,0,0,0,0,0,0,0,0,0,0,0,0,0,0,0,0,0,0,0,0,0,0,0,0,0,0,0,0,0,0,0,0,0,0,0,0,0,0,0,0,0,0,0,0,7,6178359,18645462,22450775,0,0,0,0,0,0,0,0,0,0,0,0,0,0,0,0,0,0,0,0,0,0,0,0,0,0,0,0,0,0,0,0,0,0,0,0,0,51400753152,12608962560,3137253,769590,22363662,8091,0,384,3145728,15527332,3111910,147,3055489447,51539607552,0,1059328920,0,0,0,0,0,0,0,0,0,0,0,0,0,0,0,0,0,0,7510320,407081078,0,468,1204,7863,623,15020804,35,0,0,0,0,0,0,0,1,0,0,0,0,0,0,0,0,0,0,21204341,0,22364644,191730,0,0,0,0,0,0,0,0,16384,0,0,0,0,0,0,0,0,0,0,0,4017,115,0,0,0,0,0,22824676,0,72,0,16,115,4017,0,0,0,0,0,0,0,0,0,0,0,0,0,0,0,0,0,0,0,0,0,0,0,0,0,0,0,0,0,0,0,0,0,0,0,0,0,0,0,0,0,0,0,0,0,0,0,0,0,0,0,0,0,0,164495445,0,0,0,862875638,0,0,0,0,0,0,0,21300169,20015443,188675188,192560277504,18377451,1,0,0,0,0,0,0,0,0,0,0,0,0,0,0,0,0,0,0,0,0,0,0,0,0,0,0,0,0,0,0,18,0,0,0,0,0,0,0
1787686425.941,0,0,0,0,0,0,0,668076421,305327852032,650797907456,0,0,0,0,0,0,0,0,0,0,0,0,0,0,0,0,0,0,0,0,0,0,0,0,0,0,0,0,0,0,0,0,0,0,0,0,0,0,0,0,0,0,0,0,0,0,0,0,0,0,0,0,0,0,0,0,0,0,0,0,7,6178414,18654594,22454027,0,0,0,0,0,0,0,0,0,0,0,0,0,0,0,0,0,0,0,0,0,0,0,0,0,0,0,0,0,0,0,0,0,0,0,0,0,51410305024,12608077824,3137836,769536,22368522,7508,0,384,3145728,15536462,3111910,147,3055626260,51539607552,0,1059350083,0,0,0,0,0,0,0,0,0,0,0,0,0,0,0,0,0,0,7511084,407081842,0,468,1204,7863,623,15022332,35,0,0,0,0,0,0,0,1,0,0,0,0,0,0,0,0,0,0,21205311,0,22368227,191761,0,0,0,0,0,0,0,0,16384,0,0,0,0,0,0,0,0,0,0,0,4018,115,0,0,0,0,0,22826991,0,72,0,16,115,4018,0,0,0,0,0,0,0,0,0,0,0,0,0,0,0,0,0,0,0,0,0,0,0,0,0,0,0,0,0,0,0,0,0,0,0,0,0,0,0,0,0,0,0,0,0,0,0,0,0,0,0,0,0,0,164497759,0,0,0,862888537,0,0,0,0,0,0,0,21302089,20024569,188680361,192563885568,18378841,0,0,0,0,0,0,0,0,0,0,0,0,0,0,0,0,0,0,0,0,0,0,0,0,0,0,0,0,0,0,0,233,0,0,0,0,0,0,0
1787686427.011,0,0,0,0,0,0,0,668104239,305479813632,650842061824,0,0,0,0,0,0,0,0,0,0,0,0,0,0,0,0,0,0,0,0,0,0,0,0,0,0,0,0,0,0,0,0,0,0,0,0,0,0,0,0,0,0,0,0,0,0,0,0,0,0,0,0,0,0,0,0,0,0,0,0,7,6178472,18663870,22456443,0,0,0,0,0,0,0,0,0,0,0,0,0,0,0,0,0,0,0,0,0,0,0,0,0,0,0,0,0,0,0,0,0,0,0,0,0,51419791360,12622544896,3138414,770419,22370938,6929,0,385,3145728,15545736,3111910,147,3055766522,51539607552,0,1059372468,0,0,0,0,0,0,0,0,0,0,0,0,0,0,0,0,0,0,7511860,407082618,0,468,1204,7863,623,15023884,35,0,0,0,0,0,0,0,1,0,0,0,0,0,0,0,0,0,0,21206290,0,22370643,191785,0,0,0,0,0,0,0,0,16384,0,0,0,0,0,0,0,0,0,0,0,4019,115,0,0,0,0,0,22829359,0,72,0,16,115,4019,0,0,0,0,0,0,0,0,0,0,0,0,0,0,0,0,0,0,0,0,0,0,0,0,0,0,0,0,0,0,0,0,0,0,0,0,0,0,0,0,0,0,0,0,0,0,0,0,0,0,0,0,0,0,164500027,0,0,0,862901883,0,0,0,0,0,0,0,21303891,20033843,188685071,192567286784,18380276,0,0,0,0,0,0,0,0,0,0,0,0,0,0,0,0,0,0,0,0,0,0,0,0,0,0,0,0,0,0,0,192,0,0,0,0,0,0,0
1787686428.081,0,0,0,0,0,0,0,668132208,305630349824,650887406080,0,0,0,0,0,0,0,0,0,0,0,0,0,0,0,0,0,0,0,0,0,0,0,0,0,0,0,0,0,0,0,0,0,0,0,0,0,0,0,0,0,0,0,0,0,0,0,0,0,0,0,0,0,0,0,0,0,0,0,0,7,6178543,18673067,22458905,0,0,0,0,0,0,0,0,0,0,0,0,0,0,0,0,0,0,0,0,0,0,0,0,0,0,0,0,0,0,0,0,0,0,0,0,0,51430539264,12637339648,3139071,771322,22373400,6273,0,384,3145728,15554929,3111910,147,3055908335,51539607552,0,1059395664,0,0,0,0,0,0,0,0,0,0,0,0,0,0,0,0,0,0,7512638,407083396,0,468,1204,7863,623,15025440,35,0,0,0,0,0,0,0,1,0,0,0,0,0,0,0,0,0,0,21207266,0,22373105,191809,0,0,0,0,0,0,0,0,16384,0,0,0,0,0,0,0,0,0,0,0,4020,115,0,0,0,0,0,22831728,0,72,0,16,115,4020,0,0,0,0,0,0,0,0,0,0,0,0,0,0,0,0,0,0,0,0,0,0,0,0,0,0,0,0,0,0,0,0,0,0,0,0,0,0,0,0,0,0,0,0,0,0,0,0,0,0,0,0,0,0,164502348,0,0,0,862915354,0,0,0,0,0,0,0,21305681,20043037,188689878,192571031552,18381692,0,0,0,0,0,0,0,0,0,0,0,0,0,0,0,0,0,0,0,0,0,0,0,0,0,0,0,0,0,0,0,85,0,0,0,0,0,0,0
1787686429.151,0,0,0,0,0,0,0,668160287,305782737408,650932948992,0,0,0,0,0,0,0,0,0,0,0,0,0,0,0,0,0,0,0,0,0,0,0,0,0,0,0,0,0,0,0,0,0,0,0,0,0,0,0,0,0,0,0,0,0,0,0,0,0,0,0,0,0,0,0,0,0,0,0,0,7,6178604,18682377,22461377,0,0,0,0,0,0,0,0,0,0,0,0,0,0,0,0,0,0,0,0,0,0,0,0,0,0,0,0,0,0,0,0,0,0,0,0,0,51441418240,12650414080,3139735,772120,22375872,5609,0,384,3145728,15564238,3111910,147,3056050396,51539607552,0,1059418493,0,0,0,0,0,0,0,0,0,0,0,0,0,0,0,0,0,0,7513418,407084176,0,468,1204,7863,623,15027000,35,0,0,0,0,0,0,0,1,0,0,0,0,0,0,0,0,0,0,21208250,0,22375577,191833,0,0,0,0,0,0,0,0,16384,0,0,0,0,0,0,0,0,0,0,0,4021,115,0,0,0,0,0,22834100,0,72,0,16,115,4021,0,0,0,0,0,0,0,0,0,0,0,0,0,0,0,0,0,0,0,0,0,0,0,0,0,0,0,0,0,0,0,0,0,0,0,0,0,0,0,0,0,0,0,0,0,0,0,0,0,0,0,0,0,0,164504646,0,0,0,862928848,0,0,0,0,0,0,0,21307541,20052344,188694671,192574756864,18383146,0,0,0,0,0,0,0,0,0,0,0,0,0,0,0,0,0,0,0,0,0,0,0,0,0,0,0,0,0,0,0,6,0,0,0,0,0,0,0
1787686430.220,0,0,0,0,0,0,0,668188543,305935059456,650979379712,0,0,0,0,0,0,0,0,0,0,0,0,0,0,0,0,0,0,0,0,0,0,0,0,0,0,0,0,0,0,0,0,0,0,0,0,0,0,0,0,0,0,0,0,0,0,0,0,0,0,0,0,0,0,0,0,0,0,0,0,7,6178664,18691676,22463881,0,0,0,0,0,0,0,0,0,0,0,0,0,0,0,0,0,0,0,0,0,0,0,0,0,0,0,0,0,0,0,0,0,0,0,0,0,51450380288,12663324672,3140282,772908,22378376,5062,0,384,3145728,15573536,3111910,147,3056192349,51539607552,0,1059441275,0,0,0,0,0,0,0,0,0,0,0,0,0,0,0,0,0,0,7514203,407084961,0,468,1204,7863,623,15028570,35,0,0,0,0,0,0,0,1,0,0,0,0,0,0,0,0,0,0,21209240,0,22378081,191858,0,0,0,0,0,0,0,0,16384,0,0,0,0,0,0,0,0,0,0,0,4022,115,0,0,0,0,0,22836481,0,72,0,16,115,4022,0,0,0,0,0,0,0,0,0,0,0,0,0,0,0,0,0,0,0,0,0,0,0,0,0,0,0,0,0,0,0,0,0,0,0,0,0,0,0,0,0,0,0,0,0,0,0,0,0,0,0,0,0,0,164507057,0,0,0,862942129,0,0,0,0,0,0,0,21309555,20061639,188699611,192578795008,18384750,0,0,0,0,0,0,0,0,0,0,0,0,0,0,0,0,0,0,0,0,0,0,0,0,0,0,0,0,0,0,0,230,0,0,0,0,0,0,0
1787686431.290,0,0,0,0,0,0,0,668216637,306089167360,651026211840,0,0,0,0,0,0,0,0,0,0,0,0,0,0,0,0,0,0,0,0,0,0,0,0,0,0,0,0,0,0,0,0,0,0,0,0,0,0,0,0,0,0,0,0,0,0,0,0,0,0,0,0,0,0,0,0,0,0,0,0,7,6178720,18701085,22466421,0,0,0,0,0,0,0,0,0,0,0,0,0,0,0,0,0,0,0,0,0,0,0,0,0,0,0,0,0,0,0,0,0,0,0,0,0,51461931008,12676038656,3140987,773684,22380916,4357,0,384,3145728,15582940,3111910,147,3056334659,51539607552,0,1059464465,0,0,0,0,0,0,0,0,0,0,0,0,0,0,0,0,0,0,7514982,407085740,0,468,1204,7863,623,15030128,35,0,0,0,0,0,0,0,1,0,0,0,0,0,0,0,0,0,0,21210222,0,22380621,191883,0,0,0,0,0,0,0,0,16384,0,0,0,0,0,0,0,0,0,0,0,4023,115,0,0,0,0,0,22838842,0,72,0,16,115,4023,0,0,0,0,0,0,0,0,0,0,0,0,0,0,0,0,0,0,0,0,0,0,0,0,0,0,0,0,0,0,0,0,0,0,0,0,0,0,0,0,0,0,0,0,0,0,0,0,0,0,0,0,0,0,164509444,0,0,0,862955600,0,0,0,0,0,0,0,21311397,20071044,188704563,192582624256,18386198,0,0,0,0,0,0,0,0,0,0,0,0,0,0,0,0,0,0,0,0,0,0,0,0,0,0,0,0,0,0,0,146,0,0,0,0,0,0,0
1787686432.360,0,0,0,0,0,0,0,668244540,306241686016,651072691712,0,0,0,0,0,0,0,0,0,0,0,0,0,0,0,0,0,0,0,0,0,0,0,0,0,0,0,0,0,0,0,0,0,0,0,0,0,0,0,0,0,0,0,0,0,0,0,0,0,0,0,0,0,0,0,0,0,0,0,0,7,6178785,18710397,22468935,0,0,0,0,0,0,0,0,0,0,0,0,0,0,0,0,0,0,0,0,0,0,0,0,0,0,0,0,0,0,0,0,0,0,0,0,0,51472351232,12688965632,3141623,774473,22383430,3721,0,385,3145728,15592250,3111910,147,3056476287,51539607552,0,1059487923,0,0,0,0,0,0,0,0,0,0,0,0,0,0,0,0,0,0,7515756,407086514,0,468,1204,7863,623,15031678,35,0,0,0,0,0,0,0,1,0,0,0,0,0,0,0,0,0,0,21211196,0,22383135,191908,0,0,0,0,0,0,0,0,16384,0,0,0,0,0,0,0,0,0,0,0,4024,115,0,0,0,0,0,22841190,0,72,0,16,115,4024,0,0,0,0,0,0,0,0,0,0,0,0,0,0,0,0,0,0,0,0,0,0,0,0,0,0,0,0,0,0,0,0,0,0,0,0,0,0,0,0,0,0,0,0,0,0,0,0,0,0,0,0,0,0,164511740,0,0,0,862968994,0,0,0,0,0,0,0,21313296,20080353,188709398,192586580480,18387695,1,0,0,0,0,0,0,0,0,0,0,0,0,0,0,0,0,0,0,0,0,0,0,0,0,0,0,0,0,0,0,57,0,0,0,0,0,0,0
1787686433.430,0,0,0,0,0,0,0,668272315,306393270784,651118626304,0,0,0,0,0,0,0,0,0,0,0,0,0,0,0,0,0,0,0,0,0,0,0,0,0,0,0,0,0,0,0,0,0,0,0,0,0,0,0,0,0,0,0,0,0,0,0,0,0,0,0,0,0,0,0,0,0,0,0,0,7,6178844,18719654,22471435,0,0,0,0,0,0,0,0,0,0,0,0,0,0,0,0,0,0,0,0,0,0,0,0,0,0,0,0,0,0,0,0,0,0,0,0,0,51481034752,12701499392,3142153,775238,22385930,3191,0,384,3145728,15601505,3111910,147,3056616067,51539607552,0,1059510091,0,0,0,0,0,0,0,0,0,0,0,0,0,0,0,0,0,0,7516528,407087286,0,468,1204,7863,623,15033220,35,0,0,0,0,0,0,0,1,0,0,0,0,0,0,0,0,0,0,21212173,0,22385635,191932,0,0,0,0,0,0,0,0,16384,0,0,0,0,0,0,0,0,0,0,0,4025,115,0,0,0,0,0,22843534,0,72,0,16,115,4025,0,0,0,0,0,0,0,0,0,0,0,0,0,0,0,0,0,0,0,0,0,0,0,0,0,0,0,0,0,0,0,0,0,0,0,0,0,0,0,0,0,0,0,0,0,0,0,0,0,0,0,0,0,0,164514055,0,0,0,862982072,0,0,0,0,0,0,0,21315171,20089606,188714232,192590262784,18389209,0,1,0,0,0,0,0,0,0,0,0,0,0,0,0,0,0,0,0,0,0,0,0,0,0,0,0,0,0,0,0,256,0,0,0,0,0,0,0
1787686434.500,0,0,0,0,0,0,0,668299983,306543823360,651163835904,0,0,0,0,0,0,0,0,0,0,0,0,0,0,0,0,0,0,0,0,0,0,0,0,0,0,0,0,0,0,0,0,0,0,0,0,0,0,0,0,0,0,0,0,0,0,0,0,0,0,0,0,0,0,0,0,0,0,0,0,7,6178899,18728846,22473898,0,0,0,0,0,0,0,0,0,0,0,0,0,0,0,0,0,0,0,0,0,0,0,0,0,0,0,0,0,0,0,0,0,0,0,0,0,51491225600,12714065920,3142775,776005,22388393,2569,0,384,3145728,15610694,3111910,147,3056755840,51539607552,0,1059532469,0,0,0,0,0,0,0,0,0,0,0,0,0,0,0,0,0,0,7517299,407088057,0,468,1204,7863,623,15034762,35,0,0,0,0,0,0,0,1,0,0,0,0,0,0,0,0,0,0,21213147,0,22388098,191957,0,0,0,0,0,0,0,0,16384,0,0,0,0,0,0,0,0,0,0,0,4026,115,0,0,0,0,0,22845876,0,72,0,16,115,4026,0,0,0,0,0,0,0,0,0,0,0,0,0,0,0,0,0,0,0,0,0,0,0,0,0,0,0,0,0,0,0,0,0,0,0,0,0,0,0,0,0,0,0,0,0,0,0,0,0,0,0,0,0,0,164516408,0,0,0,862995385,0,0,0,0,0,0,0,21317105,20098795,188719076,192593928704,18390716,0,0,0,0,0,0,0,0,0,0,0,0,0,0,0,0,0,0,0,0,0,0,0,0,0,0,0,0,0,0,0,188,0,0,0,0,0,0,0
1787686435.570,0,0,0,0,0,0,0,668327954,306696555008,651209229824,0,0,0,0,0,0,0,0,0,0,0,0,0,0,0,0,0,0,0,0,0,0,0,0,0,0,0,0,0,0,0,0,0,0,0,0,0,0,0,0,0,0,0,0,0,0,0,0,0,0,0,0,0,0,0,0,0,0,0,0,7,6178965,18738173,22476361,0,0,0,0,0,0,0,0,0,0,0,0,0,0,0,0,0,0,0,0,0,0,0,0,0,0,0,0,0,0,0,0,0,0,0,0,0,51503431680,12727975936,3143520,776854,22390856,1824,0,384,3145728,15620019,3111910,147,3056897341,51539607552,0,1059555226,0,0,0,0,0,0,0,0,0,0,0,0,0,0,0,0,0,0,7518079,407088837,0,468,1204,7863,623,15036322,35,0,0,0,0,0,0,0,1,0,0,0,0,0,0,0,0,0,0,21214131,0,22390561,191981,0,0,0,0,0,0,0,0,16384,0,0,0,0,0,0,0,0,0,0,0,4027,115,0,0,0,0,0,22848234,0,72,0,16,115,4027,0,0,0,0,0,0,0,0,0,0,0,0,0,0,0,0,0,0,0,0,0,0,0,0,0,0,0,0,0,0,0,0,0,0,0,0,0,0,0,0,0,0,0,0,0,0,0,0,0,0,0,0,0,0,164518791,0,0,0,863008837,0,0,0,0,0,0,0,21318994,20108120,188723944,192597696000,18392249,0,0,0,0,0,0,0,0,0,0,0,0,0,0,0,0,0,0,0,0,0,0,0,0,0,0,0,0,0,0,0,125,0,0,0,0,0,0,0
1787686436.640,0,0,0,0,0,0,0,668356197,306850155008,651254648832,0,0,0,0,0,0,0,0,0,0,0,0,0,0,0,0,0,0,0,0,0,0,0,0,0,0,0,0,0,0,0,0,0,0,0,0,0,0,0,0,0,0,0,0,0,0,0,0,0,0,0,0,0,0,0,0,0,0,0,0,7,6179023,18747551,22478828,0,0,0,0,0,0,0,0,0,0,0,0,0,0,0,0,0,0,0,0,0,0,0,0,0,0,0,0,0,0,0,0,0,0,0,0,0,51513475072,12741148672,3144133,777658,22393323,1211,0,384,3145728,15629395,3111910,147,3057040269,51539607552,0,1059578450,0,0,0,0,0,0,0,0,0,0,0,0,0,0,0,0,0,0,7518863,407089621,0,468,1204,7863,623,15037890,35,0,0,0,0,0,0,0,1,0,0,0,0,0,0,0,0,0,0,21215120,0,22393028,192006,0,0,0,0,0,0,0,0,16384,0,0,0,0,0,0,0,0,0,0,0,4028,115,0,0,0,0,0,22850611,0,72,0,16,115,4028,0,0,0,0,0,0,0,0,0,0,0,0,0,0,0,0,0,0,0,0,0,0,0,0,0,0,0,0,0,0,0,0,0,0,0,0,0,0,0,0,0,0,0,0,0,0,0,0,0,0,0,0,0,0,164521185,0,0,0,863022408,0,0,0,0,0,0,0,21320873,20117495,188728830,192601400832,18393736,0,0,0,0,0,0,0,0,0,0,0,0,0,0,0,0,0,0,0,0,0,0,0,0,0,0,0,0,0,0,0,24,0,0,0,0,0,0,0
1787686437.710,0,0,0,0,0,0,0,668383729,307000642048,651299927552,0,0,0,0,0,0,0,0,0,0,0,0,0,0,0,0,0,0,0,0,0,0,0,0,0,0,0,0,0,0,0,0,0,0,0,0,0,0,0,0,0,0,0,0,0,0,0,0,0,0,0,0,0,0,0,0,0,0,0,0,7,6179078,18756742,22481297,0,0,0,0,0,0,0,0,0,0,0,0,0,0,0,0,0,0,0,0,0,0,0,0,0,0,0,0,0,0,0,0,0,0,0,0,0,51520897024,12754436096,3144586,778469,22395792,758,0,384,3145728,15638584,3111910,147,3057178379,51539607552,0,1059600141,0,0,0,0,0,0,0,0,0,0,0,0,0,0,0,0,0,0,7519629,407090387,0,468,1204,7863,623,15039424,35,0,0,0,0,0,0,0,1,0,0,0,0,0,0,0,0,0,0,21216091,0,22395497,192031,0,0,0,0,0,0,0,0,16384,0,0,0,0,0,0,0,0,0,0,0,4029,115,0,0,0,0,0,22852935,0,72,0,16,115,4029,0,0,0,0,0,0,0,0,0,0,0,0,0,0,0,0,0,0,0,0,0,0,0,0,0,0,0,0,0,0,0,0,0,0,0,0,0,0,0,0,0,0,0,0,0,0,0,0,0,0,0,0,0,0,164523483,0,0,0,863035333,0,0,0,0,0,0,0,21322677,20126681,188733622,192604972032,18395128,0,0,0,0,0,0,0,0,0,0,0,0,0,0,0,0,0,0,0,0,0,0,0,0,0,0,0,0,0,0,0,255,0,0,0,0,0,0,0
1787686438.780,0,0,0,0,0,0,0,668411145,307149769216,651345275392,0,0,0,0,0,0,0,0,0,0,0,0,0,0,0,0,0,0,0,0,0,0,0,0,0,0,0,0,0,0,0,0,0,0,0,0,0,0,0,0,0,0,0,0,0,0,0,0,0,0,0,0,0,0,0,0,0,0,0,0,7,6179126,18765849,22483762,0,0,0,0,0,0,0,0,0,0,0,0,0,0,0,0,0,0,0,0,0,0,0,0,0,0,0,0,0,0,0,0,0,0,0,0,0,51529236480,12766625792,3145095,779213,22398257,248,0,385,3145728,15647689,3111910,147,3057317033,51539607552,0,1059622698,0,0,0,0,0,0,0,0,0,0,0,0,0,0,0,0,0,0,7520390,407091148,0,468,1204,7863,623,15040944,35,0,0,0,0,0,0,0,1,0,0,0,0,0,0,0,0,0,0,21217056,0,22397962,192055,0,0,0,0,0,0,0,0,16384,0,0,0,0,0,0,0,0,0,0,0,4030,115,0,0,0,0,0,22855248,0,72,0,16,115,4030,0,0,0,0,0,0,0,0,0,0,0,0,0,0,0,0,0,0,0,0,0,0,0,0,0,0,0,0,0,0,0,0,0,0,0,0,0,0,0,0,0,0,0,0,0,0,0,0,0,0,0,0,0,0,164525796,0,0,0,863048477,0,0,0,0,0,0,0,21324530,20135787,188738425,192608633344,18396610,0,0,0,0,0,0,0,0,0,0,0,0,0,0,0,0,0,0,0,0,0,0,0,0,0,0,0,0,0,0,0,190,0,0,0,0,0,0,0
1787686439.850,0,0,0,0,0,0,0,668438511,307299568128,651404198912,0,0,0,0,0,0,0,0,0,0,0,0,0,0,0,0,0,0,0,0,0,0,0,0,0,0,0,0,0,0,0,0,0,0,0,0,0,0,0,0,0,0,0,0,0,0,0,0,0,0,0,0,0,0,0,0,0,0,0,0,7,6179187,18775000,22486398,0,0,0,0,0,0,0,0,0,0,0,0,0,0,0,0,0,0,0,0,0,0,0,0,0,0,0,0,0,0,0,0,0,0,0,0,0,51412271104,12776652800,3137956,779825,22400781,7388,0,384,3145728,15656835,3111910,147,3057455784,51539607552,0,1059645473,0,0,0,0,0,0,0,0,0,0,0,0,0,0,0,0,0,0,7521149,407091907,0,468,1204,7863,623,15042462,35,0,0,0,0,0,0,0,1,0,0,0,0,0,0,0,0,0,0,21218018,0,22400486,192085,0,0,0,0,0,0,0,0,16384,0,0,0,0,0,0,0,0,0,0,0,4032,115,0,0,0,0,0,22857549,0,72,0,16,115,4032,0,0,0,0,0,0,0,0,0,0,0,0,0,0,0,0,0,0,0,0,0,0,0,0,0,0,0,0,0,0,0,0,0,0,0,0,0,0,0,0,0,0,0,0,0,0,0,0,0,0,0,0,0,0,164528120,0,0,0,863061603,0,0,0,0,0,0,0,21326315,20144931,188744071,192612588544,18398017,1,0,0,0,0,0,0,0,0,0,0,0,0,0,0,0,0,0,0,0,0,0,0,0,0,0,0,0,0,0,0,116,0,0,0,0,0,0,0
1787686440.920,0,0,0,0,0,0,0,668465699,307446958592,651478639616,0,0,0,0,0,0,0,0,0,0,0,0,0,0,0,0,0,0,0,0,0,0,0,0,0,0,0,0,0,0,0,0,0,0,0,0,0,0,0,0,0,0,0,0,0,0,0,0,0,0,0,0,0,0,0,0,0,0,0,0,7,6179247,18783998,22491274,0,0,0,0,0,0,0,0,0,0,0,0,0,0,0,0,0,0,0,0,0,0,0,0,0,0,0,0,0,0,0,0,0,0,0,0,0,51405946880,12749389824,3137570,778161,22405769,7773,0,384,3145728,15665832,3111910,147,3057593637,51539607552,0,1059668411,0,0,0,0,0,0,0,0,0,0,0,0,0,0,0,0,0,0,7521902,407092659,0,468,1204,7863,623,15043968,35,0,0,0,0,0,0,0,1,0,0,0,0,0,0,0,0,0,0,21218975,0,22405474,192127,0,0,0,0,0,0,0,0,16384,0,0,0,0,0,0,0,0,0,0,0,4033,115,0,0,0,0,0,22859832,0,72,0,16,115,4033,0,0,0,0,0,0,0,0,0,0,0,0,0,0,0,0,0,0,0,0,0,0,0,0,0,0,0,0,0,0,0,0,0,0,0,0,0,0,0,0,0,0,0,0,0,0,0,0,0,0,0,0,0,0,164530425,0,0,0,863074625,0,0,0,0,0,0,0,21328430,20153932,188750636,192616583680,18399395,0,0,0,0,0,0,0,0,0,0,0,0,0,0,0,0,0,0,0,0,0,0,0,0,0,0,0,0,0,0,0,48,0,0,0,0,0,0,0
1787686441.990,0,0,0,0,0,0,0,668493553,307598723584,651525026304,0,0,0,0,0,0,0,0,0,0,0,0,0,0,0,0,0,0,0,0,0,0,0,0,0,0,0,0,0,0,0,0,0,0,0,0,0,0,0,0,0,0,0,0,0,0,0,0,0,0,0,0,0,0,0,0,0,0,0,0,7,6179309,18793265,22493782,0,0,0,0,0,0,0,0,0,0,0,0,0,0,0,0,0,0,0,0,0,0,0,0,0,0,0,0,0,0,0,0,0,0,0,0,0,51415859200,12761464832,3138175,778898,22408277,7168,0,384,3145728,15675098,3111910,147,3057734527,51539607552,0,1059691338,0,0,0,0,0,0,0,0,0,0,0,0,0,0,0,0,0,0,7522675,407093433,0,468,1204,7863,623,15045516,35,0,0,0,0,0,0,0,1,0,0,0,0,0,0,0,0,0,0,21219954,0,22407982,192151,0,0,0,0,0,0,0,0,16384,0,0,0,0,0,0,0,0,0,0,0,4034,115,0,0,0,0,0,22862183,0,72,0,16,115,4034,0,0,0,0,0,0,0,0,0,0,0,0,0,0,0,0,0,0,0,0,0,0,0,0,0,0,0,0,0,0,0,0,0,0,0,0,0,0,0,0,0,0,0,0,0,0,0,0,0,0,0,0,0,0,164532746,0,0,0,863087974,0,0,0,0,0,0,0,21330185,20163191,188755489,192620553728,18400800,0,0,0,0,0,0,0,0,0,0,0,0,0,0,0,0,0,0,0,0,0,0,0,0,0,0,0,0,0,0,0,11,0,0,0,0,0,0,0
1787686443.061,0,0,0,0,0,0,0,668521244,307752339968,651570859520,0,0,0,0,0,0,0,0,0,0,0,0,0,0,0,0,0,0,0,0,0,0,0,0,0,0,0,0,0,0,0,0,0,0,0,0,0,0,0,0,0,0,0,0,0,0,0,0,0,0,0,0,0,0,0,0,0,0,0,0,7,6179382,18802644,22496280,0,0,0,0,0,0,0,0,0,0,0,0,0,0,0,0,0,0,0,0,0,0,0,0,0,0,0,0,0,0,0,0,0,0,0,0,0,51427934208,12774703104,3138911,779706,22410775,6432,0,385,3145728,15684476,3111910,147,3057873835,51539607552,0,1059713519,0,0,0,0,0,0,0,0,0,0,0,0,0,0,0,0,0,0,7523444,407094202,0,468,1204,7863,623,15047052,35,0,0,0,0,0,0,0,1,0,0,0,0,0,0,0,0,0,0,21220931,0,22410480,192175,0,0,0,0,0,0,0,0,16384,0,0,0,0,0,0,0,0,0,0,0,4035,115,0,0,0,0,0,22864505,0,72,0,16,115,4035,0,0,0,0,0,0,0,0,0,0,0,0,0,0,0,0,0,0,0,0,0,0,0,0,0,0,0,0,0,0,0,0,0,0,0,0,0,0,0,0,0,0,0,0,0,0,0,0,0,0,0,0,0,0,164535089,0,0,0,863100961,0,0,0,0,0,0,0,21331971,20172568,188760351,192624278016,18402247,1,0,0,0,0,0,0,0,0,0,0,0,0,0,0,0,0,0,0,0,0,0,0,0,0,0,0,0,0,0,0,239,0,0,0,0,0,0,0
1787686444.135,0,0,0,0,0,0,0,668549318,307906136576,651616269824,0,0,0,0,0,0,0,0,0,0,0,0,0,0,0,0,0,0,0,0,0,0,0,0,0,0,0,0,0,0,0,0,0,0,0,0,0,0,0,0,0,0,0,0,0,0,0,0,0,0,0,0,0,0,0,0,0,0,0,0,7,6179423,18812034,22498759,0,0,0,0,0,0,0,0,0,0,0,0,0,0,0,0,0,0,0,0,0,0,0,0,0,0,0,0,0,0,0,0,0,0,0,0,0,51437207552,12786712576,3139478,780439,22413254,5866,0,384,3145728,15693865,3111910,147,3058015418,51539607552,0,1059735982,0,0,0,0,0,0,0,0,0,0,0,0,0,0,0,0,0,0,7524228,407094986,0,468,1204,7863,623,15048620,35,0,0,0,0,0,0,0,1,0,0,0,0,0,0,0,0,0,0,21221921,0,22412959,192200,0,0,0,0,0,0,0,0,16384,0,0,0,0,0,0,0,0,0,0,0,4036,115,0,0,0,0,0,22866888,0,72,0,16,115,4036,0,0,0,0,0,0,0,0,0,0,0,0,0,0,0,0,0,0,0,0,0,0,0,0,0,0,0,0,0,0,0,0,0,0,0,0,0,0,0,0,0,0,0,0,0,0,0,0,0,0,0,0,0,0,164537433,0,0,0,863114444,0,0,0,0,0,0,0,21333781,20181955,188765199,192627879424,18403662,0,0,0,0,0,0,0,0,0,0,0,0,0,0,0,0,0,0,0,0,0,0,0,0,0,0,0,0,0,0,0,195,0,0,0,0,0,0,0
1787686445.204,0,0,0,0,0,0,0,668577300,308057557504,651660503552,0,0,0,0,0,0,0,0,0,0,0,0,0,0,0,0,0,0,0,0,0,0,0,0,0,0,0,0,0,0,0,0,0,0,0,0,0,0,0,0,0,0,0,0,0,0,0,0,0,0,0,0,0,0,0,0,0,0,0,0,7,6179484,18821280,22501154,0,0,0,0,0,0,0,0,0,0,0,0,0,0,0,0,0,0,0,0,0,0,0,0,0,0,0,0,0,0,0,0,0,0,0,0,0,51448725504,12800999424,3140181,781311,22415649,5163,0,384,3145728,15703108,3111910,147,3058157074,51539607552,0,1059758953,0,0,0,0,0,0,0,0,0,0,0,0,0,0,0,0,0,0,7525005,407095763,0,468,1204,7863,623,15050174,35,0,0,0,0,0,0,0,1,0,0,0,0,0,0,0,0,0,0,21222903,0,22415354,192224,0,0,0,0,0,0,0,0,16384,0,0,0,0,0,0,0,0,0,0,0,4037,115,0,0,0,0,0,22869259,0,72,0,16,115,4037,0,0,0,0,0,0,0,0,0,0,0,0,0,0,0,0,0,0,0,0,0,0,0,0,0,0,0,0,0,0,0,0,0,0,0,0,0,0,0,0,0,0,0,0,0,0,0,0,0,0,0,0,0,0,164539751,0,0,0,863127872,0,0,0,0,0,0,0,21335534,20191197,188769936,192631576064,18405050,0,0,0,0,0,0,0,0,0,0,0,0,0,0,0,0,0,0,0,0,0,0,0,0,0,0,0,0,0,0,0,122,0,0,0,0,0,0,0
1787686446.278,0,0,0,0,0,0,0,668605280,308209830400,651706546176,0,0,0,0,0,0,0,0,0,0,0,0,0,0,0,0,0,0,0,0,0,0,0,0,0,0,0,0,0,0,0,0,0,0,0,0,0,0,0,0,0,0,0,0,0,0,0,0,0,0,0,0,0,0,0,0,0,0,0,0,7,6179535,18830579,22503668,0,0,0,0,0,0,0,0,0,0,0,0,0,0,0,0,0,0,0,0,0,0,0,0,0,0,0,0,0,0,0,0,0,0,0,0,0,51459293184,12813451264,3140826,782071,22418163,4518,0,384,3145728,15712404,3111910,147,3058298539,51539607552,0,1059781660,0,0,0,0,0,0,0,0,0,0,0,0,0,0,0,0,0,0,7525786,407096544,0,468,1204,7863,623,15051736,35,0,0,0,0,0,0,0,1,0,0,0,0,0,0,0,0,0,0,21223885,0,22417868,192249,0,0,0,0,0,0,0,0,16384,0,0,0,0,0,0,0,0,0,0,0,4038,115,0,0,0,0,0,22871636,0,72,0,16,115,4038,0,0,0,0,0,0,0,0,0,0,0,0,0,0,0,0,0,0,0,0,0,0,0,0,0,0,0,0,0,0,0,0,0,0,0,0,0,0,0,0,0,0,0,0,0,0,0,0,0,0,0,0,0,0,164542071,0,0,0,863141323,0,0,0,0,0,0,0,21337335,20200491,188774794,192635137536,18406448,0,0,0,0,0,0,0,0,0,0,0,0,0,0,0,0,0,0,0,0,0,0,0,0,0,0,0,0,0,0,0,62,0,0,0,0,0,0,0
1787686447.347,0,0,0,0,0,0,0,668633196,308362873344,651752127488,0,0,0,0,0,0,0,0,0,0,0,0,0,0,0,0,0,0,0,0,0,0,0,0,0,0,0,0,0,0,0,0,0,0,0,0,0,0,0,0,0,0,0,0,0,0,0,0,0,0,0,0,0,0,0,0,0,0,0,0,7,6179584,18839925,22506149,0,0,0,0,0,0,0,0,0,0,0,0,0,0,0,0,0,0,0,0,0,0,0,0,0,0,0,0,0,0,0,0,0,0,0,0,0,51469942784,12826230784,3141476,782851,22420644,3868,0,384,3145728,15721749,3111910,147,3058438751,51539607552,0,1059803742,0,0,0,0,0,0,0,0,0,0,0,0,0,0,0,0,0,0,7526564,407097322,0,468,1204,7863,623,15053292,35,0,0,0,0,0,0,0,1,0,0,0,0,0,0,0,0,0,0,21224869,0,22420349,192273,0,0,0,0,0,0,0,0,16384,0,0,0,0,0,0,0,0,0,0,0,4039,115,0,0,0,0,0,22874009,0,72,0,16,115,4039,0,0,0,0,0,0,0,0,0,0,0,0,0,0,0,0,0,0,0,0,0,0,0,0,0,0,0,0,0,0,0,0,0,0,0,0,0,0,0,0,0,0,0,0,0,0,0,0,0,0,0,0,0,0,164544376,0,0,0,863154483,0,0,0,0,0,0,0,21339032,20209831,188779603,192638884352,18407829,0,0,0,0,0,0,0,0,0,0,0,0,0,0,0,0,0,0,0,0,0,0,0,0,0,0,0,0,0,0,0,276,0,0,0,0,0,0,0
1787686448.417,0,0,0,0,0,0,0,668661020,308515981824,651798523392,0,0,0,0,0,0,0,0,0,0,0,0,0,0,0,0,0,0,0,0,0,0,0,0,0,0,0,0,0,0,0,0,0,0,0,0,0,0,0,0,0,0,0,0,0,0,0,0,0,0,0,0,0,0,0,0,0,0,0,0,7,6179647,18849278,22508672,0,0,0,0,0,0,0,0,0,0,0,0,0,0,0,0,0,0,0,0,0,0,0,0,0,0,0,0,0,0,0,0,0,0,0,0,0,51479773184,12837830656,3142076,783559,22423167,3268,0,384,3145728,15731097,3111910,147,3058579793,51539607552,0,1059826732,0,0,0,0,0,0,0,0,0,0,0,0,0,0,0,0,0,0,7527336,407098094,0,468,1204,7863,623,15054836,35,0,0,0,0,0,0,0,1,0,0,0,0,0,0,0,0,0,0,21225844,0,22422872,192298,0,0,0,0,0,0,0,0,16384,0,0,0,0,0,0,0,0,0,0,0,4040,115,0,0,0,0,0,22876350,0,72,0,16,115,4040,0,0,0,0,0,0,0,0,0,0,0,0,0,0,0,0,0,0,0,0,0,0,0,0,0,0,0,0,0,0,0,0,0,0,0,0,0,0,0,0,0,0,0,0,0,0,0,0,0,0,0,0,0,0,164546771,0,0,0,863167824,0,0,0,0,0,0,0,21340816,20219177,188784545,192642771968,18409222,0,0,0,0,0,0,0,0,0,0,0,0,0,0,0,0,0,0,0,0,0,0,0,0,0,0,0,0,0,0,0,211,0,0,0,0,0,0,0
1787686449.487,0,0,0,0,0,0,0,668688852,308668680704,651843673088,0,0,0,0,0,0,0,0,0,0,0,0,0,0,0,0,0,0,0,0,0,0,0,0,0,0,0,0,0,0,0,0,0,0,0,0,0,0,0,0,0,0,0,0,0,0,0,0,0,0,0,0,0,0,0,0,0,0,0,0,7,6179708,18858597,22511123,0,0,0,0,0,0,0,0,0,0,0,0,0,0,0,0,0,0,0,0,0,0,0,0,0,0,0,0,0,0,0,0,0,0,0,0,0,51489914880,12852248576,3142695,784439,22425618,2649,0,384,3145728,15740416,3111910,147,3058720796,51539607552,0,1059849704,0,0,0,0,0,0,0,0,0,0,0,0,0,0,0,0,0,0,7528109,407098867,0,468,1204,7863,623,15056382,35,0,0,0,0,0,0,0,1,0,0,0,0,0,0,0,0,0,0,21226819,0,22425323,192323,0,0,0,0,0,0,0,0,16384,0,0,0,0,0,0,0,0,0,0,0,4041,115,0,0,0,0,0,22878692,0,72,0,16,115,4041,0,0,0,0,0,0,0,0,0,0,0,0,0,0,0,0,0,0,0,0,0,0,0,0,0,0,0,0,0,0,0,0,0,0,0,0,0,0,0,0,0,0,0,0,0,0,0,0,0,0,0,0,0,0,164549110,0,0,0,863181196,0,0,0,0,0,0,0,21342641,20228496,188789359,192646459904,18410626,0,0,0,0,0,0,0,0,0,0,0,0,0,0,0,0,0,0,0,0,0,0,0,0,0,0,0,0,0,0,0,118,0,0,0,0,0,0,0
1787686450.557,0,0,0,0,0,0,0,668716690,308822706688,651889112064,0,0,0,0,0,0,0,0,0,0,0,0,0,0,0,0,0,0,0,0,0,0,0,0,0,0,0,0,0,0,0,0,0,0,0,0,0,0,0,0,0,0,0,0,0,0,0,0,0,0,0,0,0,0,0,0,0,0,0,0,7,6179770,18868003,22513589,0,0,0,0,0,0,0,0,0,0,0,0,0,0,0,0,0,0,0,0,0,0,0,0,0,0,0,0,0,0,0,0,0,0,0,0,0,51501432832,12865011712,3143398,785218,22428084,1946,0,384,3145728,15749823,3111910,147,3058862024,51539607552,0,1059872386,0,0,0,0,0,0,0,0,0,0,0,0,0,0,0,0,0,0,7528884,407099642,0,468,1204,7863,623,15057932,35,0,0,0,0,0,0,0,1,0,0,0,0,0,0,0,0,0,0,21227798,0,22427789,192347,0,0,0,0,0,0,0,0,16384,0,0,0,0,0,0,0,0,0,0,0,4042,115,0,0,0,0,0,22881055,0,72,0,16,115,4042,0,0,0,0,0,0,0,0,0,0,0,0,0,0,0,0,0,0,0,0,0,0,0,0,0,0,0,0,0,0,0,0,0,0,0,0,0,0,0,0,0,0,0,0,0,0,0,0,0,0,0,0,0,0,164551446,0,0,0,863194605,0,0,0,0,0,0,0,21344440,20237901,188794182,192650254336,18412063,0,0,0,0,0,0,0,0,0,0,0,0,0,0,0,0,0,0,0,0,0,0,0,0,0,0,0,0,0,0,0,39,0,0,0,0,0,0,0
1787686451.627,0,0,0,0,0,0,0,668744854,308975143424,651934157312,0,0,0,0,0,0,0,0,0,0,0,0,0,0,0,0,0,0,0,0,0,0,0,0,0,0,0,0,0,0,0,0,0,0,0,0,0,0,0,0,0,0,0,0,0,0,0,0,0,0,0,0,0,0,0,0,0,0,0,0,7,6179818,18877311,22516054,0,0,0,0,0,0,0,0,0,0,0,0,0,0,0,0,0,0,0,0,0,0,0,0,0,0,0,0,0,0,0,0,0,0,0,0,0,51510509568,12877774848,3143952,785997,22430549,1392,0,384,3145728,15759130,3111910,147,3059003006,51539607552,0,1059894306,0,0,0,0,0,0,0,0,0,0,0,0,0,0,0,0,0,0,7529672,407100430,0,468,1204,7863,623,15059508,35,0,0,0,0,0,0,0,1,0,0,0,0,0,0,0,0,0,0,21228794,0,22430254,192372,0,0,0,0,0,0,0,0,16384,0,0,0,0,0,0,0,0,0,0,0,4043,115,0,0,0,0,0,22883438,0,72,0,16,115,4043,0,0,0,0,0,0,0,0,0,0,0,0,0,0,0,0,0,0,0,0,0,0,0,0,0,0,0,0,0,0,0,0,0,0,0,0,0,0,0,0,0,0,0,0,0,0,0,0,0,0,0,0,0,0,164553721,0,0,0,863207887,0,0,0,0,0,0,0,21346223,20247205,188798944,192653703680,18413481,0,0,0,0,0,0,0,0,0,0,0,0,0,0,0,0,0,0,0,0,0,0,0,0,0,0,0,0,0,0,0,261,0,0,0,0,0,0,0
1787686452.697,0,0,0,0,0,0,0,668773124,309130119680,651978812416,0,0,0,0,0,0,0,0,0,0,0,0,0,0,0,0,0,0,0,0,0,0,0,0,0,0,0,0,0,0,0,0,0,0,0,0,0,0,0,0,0,0,0,0,0,0,0,0,0,0,0,0,0,0,0,0,0,0,0,0,7,6179868,18886777,22518475,0,0,0,0,0,0,0,0,0,0,0,0,0,0,0,0,0,0,0,0,0,0,0,0,0,0,0,0,0,0,0,0,0,0,0,0,0,51523289088,12891881472,3144732,786858,22432970,612,0,384,3145728,15768595,3111910,147,3059145984,51539607552,0,1059917347,0,0,0,0,0,0,0,0,0,0,0,0,0,0,0,0,0,0,7530457,407101215,0,468,1204,7863,623,15061078,35,0,0,0,0,0,0,0,1,0,0,0,0,0,0,0,0,0,0,21229783,0,22432675,192396,0,0,0,0,0,0,0,0,16384,0,0,0,0,0,0,0,0,0,0,0,4044,115,0,0,0,0,0,22885830,0,72,0,16,115,4044,0,0,0,0,0,0,0,0,0,0,0,0,0,0,0,0,0,0,0,0,0,0,0,0,0,0,0,0,0,0,0,0,0,0,0,0,0,0,0,0,0,0,0,0,0,0,0,0,0,0,0,0,0,0,164556122,0,0,0,863221471,0,0,0,0,0,0,0,21348054,20256664,188803789,192657456640,18414917,0,0,0,0,0,0,0,0,0,0,0,0,0,0,0,0,0,0,0,0,0,0,0,0,0,0,0,0,0,0,0,174,0,0,0,0,0,0,0
1787686453.774,0,0,0,0,0,0,0,668801458,309284325888,652024428032,0,0,0,0,0,0,0,0,0,0,0,0,0,0,0,0,0,0,0,0,0,0,0,0,0,0,0,0,0,0,0,0,0,0,0,0,0,0,0,0,0,0,0,0,0,0,0,0,0,0,0,0,0,0,0,0,0,0,0,0,7,6179929,18896190,22520962,0,0,0,0,0,0,0,0,0,0,0,0,0,0,0,0,0,0,0,0,0,0,0,0,0,0,0,0,0,0,0,0,0,0,0,0,0,51532005376,12904366080,3145264,787620,22435457,80,0,384,3145728,15778008,3111910,147,3059289038,51539607552,0,1059940252,0,0,0,0,0,0,0,0,0,0,0,0,0,0,0,0,0,0,7531248,407102006,0,468,1204,7863,623,15062661,35,0,0,0,0,0,0,0,1,0,0,0,0,0,0,0,0,0,0,21230781,0,22435162,192421,0,0,0,0,0,0,0,0,16384,0,0,0,0,0,0,0,0,0,0,0,4045,115,0,0,0,0,0,22888244,0,72,0,16,115,4045,0,0,0,0,0,0,0,0,0,0,0,0,0,0,0,0,0,0,0,0,0,0,0,0,0,0,0,0,0,0,0,0,0,0,0,0,0,0,0,0,0,0,0,0,0,0,0,0,0,0,0,0,0,0,164558459,0,0,0,863235121,0,0,0,0,0,0,0,21349956,20266078,188808636,192661010432,18416393,0,0,0,0,0,0,0,0,0,0,0,0,0,0,0,0,0,0,0,0,0,0,0,0,0,0,0,0,0,0,0,100,0,0,0,0,0,0,0
1787686454.843,0,0,0,0,0,0,0,668829876,309438122496,652070233088,0,0,0,0,0,0,0,0,0,0,0,0,0,0,0,0,0,0,0,0,0,0,0,0,0,0,0,0,0,0,0,0,0,0,0,0,0,0,0,0,0,0,0,0,0,0,0,0,0,0,0,0,0,0,0,0,0,0,0,0,7,6179999,18905578,22523443,0,0,0,0,0,0,0,0,0,0,0,0,0,0,0,0,0,0,0,0,0,0,0,0,0,0,0,0,0,0,0,0,0,0,0,0,0,51445972992,12917981184,3140022,788451,22437938,5353,0,385,3145728,15787395,3111910,147,3059432835,51539607552,0,1059963669,0,0,0,0,0,0,0,0,0,0,0,0,0,0,0,0,0,0,7532038,407102796,0,468,1204,7863,623,15064240,35,0,0,0,0,0,0,0,1,0,0,0,0,0,0,0,0,0,0,21231778,0,22437643,192445,0,0,0,0,0,0,0,0,16384,0,0,0,0,0,0,0,0,0,0,0,4047,115,0,0,0,0,0,22890639,0,72,0,16,115,4047,0,0,0,0,0,0,0,0,0,0,0,0,0,0,0,0,0,0,0,0,0,0,0,0,0,0,0,0,0,0,0,0,0,0,0,0,0,0,0,0,0,0,0,0,0,0,0,0,0,0,0,0,0,0,164560864,0,0,0,863248747,0,0,0,0,0,0,0,21351759,20275465,188813543,192664866304,18417834,0,0,0,0,0,0,0,0,0,0,0,0,0,0,0,0,0,0,0,0,0,0,0,0,0,0,0,0,0,0,0,33,0,0,0,0,0,0,0
1787686455.913,0,0,0,0,0,0,0,668857451,309587380736,652158319616,0,0,0,0,0,0,0,0,0,0,0,0,0,0,0,0,0,0,0,0,0,0,0,0,0,0,0,0,0,0,0,0,0,0,0,0,0,0,0,0,0,0,0,0,0,0,0,0,0,0,0,0,0,0,0,0,0,0,0,0,7,6180061,18914689,22528537,0,0,0,0,0,0,0,0,0,0,0,0,0,0,0,0,0,0,0,0,0,0,0,0,0,0,0,0,0,0,0,0,0,0,0,0,0,51404767232,12887638016,3137498,786599,22443032,7845,0,385,3145728,15796503,3111910,147,3059571230,51539607552,0,1059985661,0,0,0,0,0,0,0,0,0,0,0,0,0,0,0,0,0,0,7532803,407103561,0,468,1204,7863,623,15065770,35,0,0,0,0,0,0,0,1,0,0,0,0,0,0,0,0,0,0,21232748,0,22442737,192493,0,0,0,0,0,0,0,0,16384,0,0,0,0,0,0,0,0,0,0,0,4048,115,0,0,0,0,0,22892976,0,72,0,16,115,4048,0,0,0,0,0,0,0,0,0,0,0,0,0,0,0,0,0,0,0,0,0,0,0,0,0,0,0,0,0,0,0,0,0,0,0,0,0,0,0,0,0,0,0,0,0,0,0,0,0,0,0,0,0,0,164563215,0,0,0,863261686,0,0,0,0,0,0,0,21353893,20284572,188821034,192668591616,18419226,0,0,0,0,0,0,0,0,0,0,0,0,0,0,0,0,0,0,0,0,0,0,0,0,0,0,0,0,0,0,0,249,0,0,0,0,0,0,0
1787686456.983,0,0,0,0,0,0,0,668885451,309740653056,652204559360,0,0,0,0,0,0,0,0,0,0,0,0,0,0,0,0,0,0,0,0,0,0,0,0,0,0,0,0,0,0,0,0,0,0,0,0,0,0,0,0,0,0,0,0,0,0,0,0,0,0,0,0,0,0,0,0,0,0,0,0,7,6180115,18924053,22531074,0,0,0,0,0,0,0,0,0,0,0,0,0,0,0,0,0,0,0,0,0,0,0,0,0,0,0,0,0,0,0,0,0,0,0,0,0,51414958080,12900237312,3138120,787368,22445569,7224,0,384,3145728,15805866,3111910,147,3059712458,51539607552,0,1060008275,0,0,0,0,0,0,0,0,0,0,0,0,0,0,0,0,0,0,7533583,407104341,0,468,1204,7863,623,15067330,35,0,0,0,0,0,0,0,1,0,0,0,0,0,0,0,0,0,0,21233732,0,22445274,192517,0,0,0,0,0,0,0,0,16384,0,0,0,0,0,0,0,0,0,0,0,4049,115,0,0,0,0,0,22895354,0,72,0,16,115,4049,0,0,0,0,0,0,0,0,0,0,0,0,0,0,0,0,0,0,0,0,0,0,0,0,0,0,0,0,0,0,0,0,0,0,0,0,0,0,0,0,0,0,0,0,0,0,0,0,0,0,0,0,0,0,164565542,0,0,0,863275124,0,0,0,0,0,0,0,21355710,20293933,188825918,192672044544,18420639,0,0,0,0,0,0,0,0,0,0,0,0,0,0,0,0,0,0,0,0,0,0,0,0,0,0,0,0,0,0,0,187,0,0,0,0,0,0,0
1787686458.053,0,0,0,0,0,0,0,668913570,309894121984,652250299904,0,0,0,0,0,0,0,0,0,0,0,0,0,0,0,0,0,0,0,0,0,0,0,0,0,0,0,0,0,0,0,0,0,0,0,0,0,0,0,0,0,0,0,0,0,0,0,0,0,0,0,0,0,0,0,0,0,0,0,0,7,6180180,18933423,22533556,0,0,0,0,0,0,0,0,0,0,0,0,0,0,0,0,0,0,0,0,0,0,0,0,0,0,0,0,0,0,0,0,0,0,0,0,0,51425738752,12914245632,3138778,788223,22448051,6566,0,384,3145728,15815235,3111910,147,3059854847,51539607552,0,1060031506,0,0,0,0,0,0,0,0,0,0,0,0,0,0,0,0,0,0,7534363,407105121,0,468,1204,7863,623,15068892,35,0,0,0,0,0,0,0,1,0,0,0,0,0,0,0,0,0,0,21234718,0,22447756,192541,0,0,0,0,0,0,0,0,16384,0,0,0,0,0,0,0,0,0,0,0,4050,115,0,0,0,0,0,22897724,0,72,0,16,115,4050,0,0,0,0,0,0,0,0,0,0,0,0,0,0,0,0,0,0,0,0,0,0,0,0,0,0,0,0,0,0,0,0,0,0,0,0,0,0,0,0,0,0,0,0,0,0,0,0,0,0,0,0,0,0,164567936,0,0,0,863288599,0,0,0,0,0,0,0,21357499,20303301,188830818,192675846144,18422072,0,0,0,0,0,0,0,0,0,0,0,0,0,0,0,0,0,0,0,0,0,0,0,0,0,0,0,0,0,0,0,122,0,0,0,0,0,0,0
1787686459.122,0,0,0,0,0,0,0,668941535,310048754176,652296814592,0,0,0,0,0,0,0,0,0,0,0,0,0,0,0,0,0,0,0,0,0,0,0,0,0,0,0,0,0,0,0,0,0,0,0,0,0,0,0,0,0,0,0,0,0,0,0,0,0,0,0,0,0,0,0,0,0,0,0,0,7,6180236,18942864,22536116,0,0,0,0,0,0,0,0,0,0,0,0,0,0,0,0,0,0,0,0,0,0,0,0,0,0,0,0,0,0,0,0,0,0,0,0,0,51436797952,12925861888,3139453,788932,22450611,5891,0,384,3145728,15824673,3111910,147,3059996408,51539607552,0,1060054048,0,0,0,0,0,0,0,0,0,0,0,0,0,0,0,0,0,0,7535144,407105902,0,468,1204,7863,623,15070452,35,0,0,0,0,0,0,0,1,0,0,0,0,0,0,0,0,0,0,21235704,0,22450316,192565,0,0,0,0,0,0,0,0,16384,0,0,0,0,0,0,0,0,0,0,0,4051,115,0,0,0,0,0,22900095,0,72,0,16,115,4051,0,0,0,0,0,0,0,0,0,0,0,0,0,0,0,0,0,0,0,0,0,0,0,0,0,0,0,0,0,0,0,0,0,0,0,0,0,0,0,0,0,0,0,0,0,0,0,0,0,0,0,0,0,0,164570188,0,0,0,863302044,0,0,0,0,0,0,0,21359281,20312741,188835655,192679159808,18423462,0,0,0,0,0,0,0,0,0,0,0,0,0,0,0,0,0,0,0,0,0,0,0,0,0,0,0,0,0,0,0,48,0,0,0,0,0,0,0
1787686460.192,0,0,0,0,0,0,0,668970029,310202436096,652343879680,0,0,0,0,0,0,0,0,0,0,0,0,0,0,0,0,0,0,0,0,0,0,0,0,0,0,0,0,0,0,0,0,0,0,0,0,0,0,0,0,0,0,0,0,0,0,0,0,0,0,0,0,0,0,0,0,0,0,0,0,7,6180294,18952249,22538679,0,0,0,0,0,0,0,0,0,0,0,0,0,0,0,0,0,0,0,0,0,0,0,0,0,0,0,0,0,0,0,0,0,0,0,0,0,51447201792,12938674176,3140088,789714,22453174,5256,0,384,3145728,15834059,3111910,147,3060139402,51539607552,0,1060076875,0,0,0,0,0,0,0,0,0,0,0,0,0,0,0,0,0,0,7535934,407106692,0,468,1204,7863,623,15072034,35,0,0,0,0,0,0,0,1,0,0,0,0,0,0,0,0,0,0,21236704,0,22452879,192589,0,0,0,0,0,0,0,0,16384,0,0,0,0,0,0,0,0,0,0,0,4052,115,0,0,0,0,0,22902503,0,72,0,16,115,4052,0,0,0,0,0,0,0,0,0,0,0,0,0,0,0,0,0,0,0,0,0,0,0,0,0,0,0,0,0,0,0,0,0,0,0,0,0,0,0,0,0,0,0,0,0,0,0,0,0,0,0,0,0,0,164572544,0,0,0,863315403,0,0,0,0,0,0,0,21361042,20322120,188840596,192682937344,18424845,0,0,0,0,0,0,0,0,0,0,0,0,0,0,0,0,0,0,0,0,0,0,0,0,0,0,0,0,0,0,0,280,0,0,0,0,0,0,0
1787686461.262,0,0,0,0,0,0,0,668998395,310355167744,652390774784,0,0,0,0,0,0,0,0,0,0,0,0,0,0,0,0,0,0,0,0,0,0,0,0,0,0,0,0,0,0,0,0,0,0,0,0,0,0,0,0,0,0,0,0,0,0,0,0,0,0,0,0,0,0,0,0,0,0,0,0,7,6180360,18961574,22541233,0,0,0,0,0,0,0,0,0,0,0,0,0,0,0,0,0,0,0,0,0,0,0,0,0,0,0,0,0,0,0,0,0,0,0,0,0,51456884736,12950601728,3140679,790442,22455728,4665,0,384,3145728,15843384,3111910,147,3060282557,51539607552,0,1060099875,0,0,0,0,0,0,0,0,0,0,0,0,0,0,0,0,0,0,7536727,407107484,0,468,1204,7863,623,15073618,35,0,0,0,0,0,0,0,1,0,0,0,0,0,0,0,0,0,0,21237698,0,22455433,192613,0,0,0,0,0,0,0,0,16384,0,0,0,0,0,0,0,0,0,0,0,4053,115,0,0,0,0,0,22904903,0,72,0,16,115,4053,0,0,0,0,0,0,0,0,0,0,0,0,0,0,0,0,0,0,0,0,0,0,0,0,0,0,0,0,0,0,0,0,0,0,0,0,0,0,0,0,0,0,0,0,0,0,0,0,0,0,0,0,0,0,164574910,0,0,0,863329082,0,0,0,0,0,0,0,21362858,20331443,188845537,192686757376,18426290,0,0,0,0,0,0,0,0,0,0,0,0,0,0,0,0,0,0,0,0,0,0,0,0,0,0,0,0,0,0,0,206,0,0,0,0,0,0,0
1787686462.332,0,0,0,0,0,0,0,669026500,310511045120,652437898752,0,0,0,0,0,0,0,0,0,0,0,0,0,0,0,0,0,0,0,0,0,0,0,0,0,0,0,0,0,0,0,0,0,0,0,0,0,0,0,0,0,0,0,0,0,0,0,0,0,0,0,0,0,0,0,0,0,0,0,0,7,6180418,18971092,22543806,0,0,0,0,0,0,0,0,0,0,0,0,0,0,0,0,0,0,0,0,0,0,0,0,0,0,0,0,0,0,0,0,0,0,0,0,0,51468992512,12962349056,3141418,791159,22458301,3926,0,384,3145728,15852900,3111910,147,3060424918,51539607552,0,1060122809,0,0,0,0,0,0,0,0,0,0,0,0,0,0,0,0,0,0,7537509,407108267,0,468,1204,7863,623,15075182,35,0,0,0,0,0,0,0,1,0,0,0,0,0,0,0,0,0,0,21238688,0,22458006,192637,0,0,0,0,0,0,0,0,16384,0,0,0,0,0,0,0,0,0,0,0,4054,115,0,0,0,0,0,22907283,0,72,0,16,115,4054,0,0,0,0,0,0,0,0,0,0,0,0,0,0,0,0,0,0,0,0,0,0,0,0,0,0,0,0,0,0,0,0,0,0,0,0,0,0,0,0,0,0,0,0,0,0,0,0,0,0,0,0,0,0,164577248,0,0,0,863342584,0,0,0,0,0,0,0,21364656,20340961,188850470,192690490368,18427753,0,0,0,0,0,0,0,0,0,0,0,0,0,0,0,0,0,0,0,0,0,0,0,0,0,0,0,0,0,0,0,146,0,0,0,0,0,0,0
1787686463.403,0,0,0,0,0,0,0,669055027,310666938880,652485307904,0,0,0,0,0,0,0,0,0,0,0,0,0,0,0,0,0,0,0,0,0,0,0,0,0,0,0,0,0,0,0,0,0,0,0,0,0,0,0,0,0,0,0,0,0,0,0,0,0,0,0,0,0,0,0,0,0,0,0,0,7,6180487,18980611,22546381,0,0,0,0,0,0,0,0,0,0,0,0,0,0,0,0,0,0,0,0,0,0,0,0,0,0,0,0,0,0,0,0,0,0,0,0,0,51479019520,12974866432,3142030,791923,22460876,3314,0,384,3145728,15862416,3111910,147,3060569204,51539607552,0,1060146291,0,0,0,0,0,0,0,0,0,0,0,0,0,0,0,0,0,0,7538301,407109059,0,468,1204,7863,623,15076766,35,0,0,0,0,0,0,0,1,0,0,0,0,0,0,0,0,0,0,21239686,0,22460581,192662,0,0,0,0,0,0,0,0,16384,0,0,0,0,0,0,0,0,0,0,0,4055,115,0,0,0,0,0,22909695,0,72,0,16,115,4055,0,0,0,0,0,0,0,0,0,0,0,0,0,0,0,0,0,0,0,0,0,0,0,0,0,0,0,0,0,0,0,0,0,0,0,0,0,0,0,0,0,0,0,0,0,0,0,0,0,0,0,0,0,0,164579636,0,0,0,863356255,0,0,0,0,0,0,0,21366556,20350480,188855458,192694381568,18429268,0,0,0,0,0,0,0,0,0,0,0,0,0,0,0,0,0,0,0,0,0,0,0,0,0,0,0,0,0,0,0,84,0,0,0,0,0,0,0
1787686464.474,0,0,0,0,0,0,0,669083164,310821964288,652532864000,0,0,0,0,0,0,0,0,0,0,0,0,0,0,0,0,0,0,0,0,0,0,0,0,0,0,0,0,0,0,0,0,0,0,0,0,0,0,0,0,0,0,0,0,0,0,0,0,0,0,0,0,0,0,0,0,0,0,0,0,7,6180557,18990074,22548983,0,0,0,0,0,0,0,0,0,0,0,0,0,0,0,0,0,0,0,0,0,0,0,0,0,0,0,0,0,0,0,0,0,0,0,0,0,51490095104,12985319424,3142706,792561,22463478,2638,0,384,3145728,15871880,3111910,147,3060711367,51539607552,0,1060169067,0,0,0,0,0,0,0,0,0,0,0,0,0,0,0,0,0,0,7539084,407109842,0,468,1204,7863,623,15078333,35,0,0,0,0,0,0,0,1,0,0,0,0,0,0,0,0,0,0,21240675,0,22463183,192687,0,0,0,0,0,0,0,0,16384,0,0,0,0,0,0,0,0,0,0,0,4056,115,0,0,0,0,0,22912078,0,72,0,16,115,4056,0,0,0,0,0,0,0,0,0,0,0,0,0,0,0,0,0,0,0,0,0,0,0,0,0,0,0,0,0,0,0,0,0,0,0,0,0,0,0,0,0,0,0,0,0,0,0,0,0,0,0,0,0,0,164582050,0,0,0,863369751,0,0,0,0,0,0,0,21368431,20359940,188860498,192698189312,18430730,0,0,0,0,0,0,0,0,0,0,0,0,0,0,0,0,0,0,0,0,0,0,0,0,0,0,0,0,0,0,0,36,0,0,0,0,0,0,0
1787686465.544,0,0,0,0,0,0,0,669110996,310974007808,652580177408,0,0,0,0,0,0,0,0,0,0,0,0,0,0,0,0,0,0,0,0,0,0,0,0,0,0,0,0,0,0,0,0,0,0,0,0,0,0,0,0,0,0,0,0,0,0,0,0,0,0,0,0,0,0,0,0,0,0,0,0,7,6180608,18999358,22551579,0,0,0,0,0,0,0,0,0,0,0,0,0,0,0,0,0,0,0,0,0,0,0,0,0,0,0,0,0,0,0,0,0,0,0,0,0,51497467904,12995559424,3143156,793186,22466074,2188,0,384,3145728,15881159,3111910,147,3060851439,51539607552,0,1060191316,0,0,0,0,0,0,0,0,0,0,0,0,0,0,0,0,0,0,7539858,407110616,0,468,1204,7863,623,15079880,35,0,0,0,0,0,0,0,1,0,0,0,0,0,0,0,0,0,0,21241655,0,22465779,192712,0,0,0,0,0,0,0,0,16384,0,0,0,0,0,0,0,0,0,0,0,4057,115,0,0,0,0,0,22914440,0,72,0,16,115,4057,0,0,0,0,0,0,0,0,0,0,0,0,0,0,0,0,0,0,0,0,0,0,0,0,0,0,0,0,0,0,0,0,0,0,0,0,0,0,0,0,0,0,0,0,0,0,0,0,0,0,0,0,0,0,164584379,0,0,0,863382842,0,0,0,0,0,0,0,21370262,20369221,188865448,192701853696,18432146,0,0,0,0,0,0,0,0,0,0,0,0,0,0,0,0,0,0,0,0,0,0,0,0,0,0,0,0,0,0,0,245,0,0,0,0,0,0,0
1787686466.614,0,0,0,0,0,0,0,669138633,311124691456,652625530880,0,0,0,0,0,0,0,0,0,0,0,0,0,0,0,0,0,0,0,0,0,0,0,0,0,0,0,0,0,0,0,0,0,0,0,0,0,0,0,0,0,0,0,0,0,0,0,0,0,0,0,0,0,0,0,0,0,0,0,0,7,6180655,19008559,22554069,0,0,0,0,0,0,0,0,0,0,0,0,0,0,0,0,0,0,0,0,0,0,0,0,0,0,0,0,0,0,0,0,0,0,0,0,0,51506675712,13006176256,3143718,793834,22468564,1626,0,385,3145728,15890359,3111910,147,3060990820,51539607552,0,1060213327,0,0,0,0,0,0,0,0,0,0,0,0,0,0,0,0,0,0,7540630,407111388,0,468,1204,7863,623,15081425,35,0,0,0,0,0,0,0,1,0,0,0,0,0,0,0,0,0,0,21242634,0,22468269,192736,0,0,0,0,0,0,0,0,16384,0,0,0,0,0,0,0,0,0,0,0,4058,115,0,0,0,0,0,22916781,0,72,0,16,115,4058,0,0,0,0,0,0,0,0,0,0,0,0,0,0,0,0,0,0,0,0,0,0,0,0,0,0,0,0,0,0,0,0,0,0,0,0,0,0,0,0,0,0,0,0,0,0,0,0,0,0,0,0,0,0,164586620,0,0,0,863396149,0,0,0,0,0,0,0,21372082,20378417,188870201,192705276928,18433565,0,0,0,0,0,0,0,0,0,0,0,0,0,0,0,0,0,0,0,0,0,0,0,0,0,0,0,0,0,0,0,182,0,0,0,0,0,0,0
1787686467.685,0,0,0,0,0,0,0,669166486,311278356992,652673600000,0,0,0,0,0,0,0,0,0,0,0,0,0,0,0,0,0,0,0,0,0,0,0,0,0,0,0,0,0,0,0,0,0,0,0,0,0,0,0,0,0,0,0,0,0,0,0,0,0,0,0,0,0,0,0,0,0,0,0,0,7,6180728,19017942,22556686,0,0,0,0,0,0,0,0,0,0,0,0,0,0,0,0,0,0,0,0,0,0,0,0,0,0,0,0,0,0,0,0,0,0,0,0,0,51520307200,13015990272,3144550,794433,22471181,794,0,384,3145728,15899742,3111910,147,3061131882,51539607552,0,1060236340,0,0,0,0,0,0,0,0,0,0,0,0,0,0,0,0,0,0,7541403,407112161,0,468,1204,7863,623,15082970,35,0,0,0,0,0,0,0,1,0,0,0,0,0,0,0,0,0,0,21243610,0,22470886,192761,0,0,0,0,0,0,0,0,16384,0,0,0,0,0,0,0,0,0,0,0,4059,115,0,0,0,0,0,22919127,0,72,0,16,115,4059,0,0,0,0,0,0,0,0,0,0,0,0,0,0,0,0,0,0,0,0,0,0,0,0,0,0,0,0,0,0,0,0,0,0,0,0,0,0,0,0,0,0,0,0,0,0,0,0,0,0,0,0,0,0,164588983,0,0,0,863409503,0,0,0,0,0,0,0,21373991,20387794,188875205,192709155840,18435036,0,0,0,0,0,0,0,0,0,0,0,0,0,0,0,0,0,0,0,0,0,0,0,0,0,0,0,0,0,0,0,101,0,0,0,0,0,0,0
1787686468.756,0,0,0,0,0,0,0,669194901,311431776768,652721336320,0,0,0,0,0,0,0,0,0,0,0,0,0,0,0,0,0,0,0,0,0,0,0,0,0,0,0,0,0,0,0,0,0,0,0,0,0,0,0,0,0,0,0,0,0,0,0,0,0,0,0,0,0,0,0,0,0,0,0,0,7,6180784,19027303,22559290,0,0,0,0,0,0,0,0,0,0,0,0,0,0,0,0,0,0,0,0,0,0,0,0,0,0,0,0,0,0,0,0,0,0,0,0,0,51530088448,13027688448,3145146,795147,22473785,197,0,384,3145728,15909103,3111910,147,3061275541,51539607552,0,1060259654,0,0,0,0,0,0,0,0,0,0,0,0,0,0,0,0,0,0,7542193,407112951,0,468,1204,7863,623,15084550,35,0,0,0,0,0,0,0,1,0,0,0,0,0,0,0,0,0,0,21244613,0,22473490,192785,0,0,0,0,0,0,0,0,16384,0,0,0,0,0,0,0,0,0,0,0,4060,115,0,0,0,0,0,22921524,0,72,0,16,115,4060,0,0,0,0,0,0,0,0,0,0,0,0,0,0,0,0,0,0,0,0,0,0,0,0,0,0,0,0,0,0,0,0,0,0,0,0,0,0,0,0,0,0,0,0,0,0,0,0,0,0,0,0,0,0,164591331,0,0,0,863423127,0,0,0,0,0,0,0,21375914,20397157,188880178,192712943616,18436526,0,0,0,0,0,0,0,0,0,0,0,0,0,0,0,0,0,0,0,0,0,0,0,0,0,0,0,0,0,0,0,62,0,0,0,0,0,0,0
1787686469.825,0,0,0,0,0,0,0,669223402,311589587456,652768543232,0,0,0,0,0,0,0,0,0,0,0,0,0,0,0,0,0,0,0,0,0,0,0,0,0,0,0,0,0,0,0,0,0,0,0,0,0,0,0,0,0,0,0,0,0,0,0,0,0,0,0,0,0,0,0,0,0,0,0,0,7,6180839,19036941,22561873,0,0,0,0,0,0,0,0,0,0,0,0,0,0,0,0,0,0,0,0,0,0,0,0,0,0,0,0,0,0,0,0,0,0,0,0,0,51533266944,13039960064,3145341,795896,22476368,3,0,384,3145728,15918739,3111910,147,3061418498,51539607552,0,1060281944,0,0,0,0,0,0,0,0,0,0,0,0,0,0,0,0,0,0,7542987,407113745,0,468,1204,7863,623,15086138,35,0,0,0,0,0,0,0,1,0,0,0,0,0,0,0,0,0,0,21245618,0,22476073,192810,0,0,0,0,0,0,0,0,16384,0,0,0,0,0,0,0,0,0,0,0,4062,115,0,0,0,0,0,22923945,0,72,0,16,115,4062,0,0,0,0,0,0,0,0,0,0,0,0,0,0,0,0,0,0,0,0,0,0,0,0,0,0,0,0,0,0,0,0,0,0,0,0,0,0,0,0,0,0,0,0,0,0,0,0,0,0,0,0,0,0,164593685,0,0,0,863436641,0,0,0,0,0,0,0,21377797,20406790,188885138,192716483072,18437992,0,0,0,0,0,0,0,0,0,0,0,0,0,0,0,0,0,0,0,0,0,0,0,0,0,0,0,0,0,0,0,192,0,0,0,0,0,0,0
1787686470.894,0,0,0,0,0,0,0,669250670,311737715200,652859176448,0,0,0,0,0,0,0,0,0,0,0,0,0,0,0,0,0,0,0,0,0,0,0,0,0,0,0,0,0,0,0,0,0,0,0,0,0,0,0,0,0,0,0,0,0,0,0,0,0,0,0,0,0,0,0,0,0,0,0,0,7,6180889,19045985,22567141,0,0,0,0,0,0,0,0,0,0,0,0,0,0,0,0,0,0,0,0,0,0,0,0,0,0,0,0,0,0,0,0,0,0,0,0,0,51402031104,13005324288,3137331,793782,22481636,8013,0,384,3145728,15927781,3111910,147,3061555774,51539607552,0,1060303496,0,0,0,0,0,0,0,0,0,0,0,0,0,0,0,0,0,0,7543750,407114508,0,468,1204,7863,623,15087666,35,0,0,0,0,0,0,0,1,0,0,0,0,0,0,0,0,0,0,21246584,0,22481341,192858,0,0,0,0,0,0,0,0,16384,0,0,0,0,0,0,0,0,0,0,0,4063,115,0,0,0,0,0,22926269,0,72,0,16,115,4063,0,0,0,0,0,0,0,0,0,0,0,0,0,0,0,0,0,0,0,0,0,0,0,0,0,0,0,0,0,0,0,0,0,0,0,0,0,0,0,0,0,0,0,0,0,0,0,0,0,0,0,0,0,0,164595927,0,0,0,863449725,0,0,0,0,0,0,0,21379931,20415833,188892694,192719736832,18439327,0,0,0,0,0,0,0,0,0,0,0,0,0,0,0,0,0,0,0,0,0,0,0,0,0,0,0,0,0,0,0,182,0,0,0,0,0,0,0
1787686471.965,0,0,0,0,0,0,0,669278575,311890512384,652907125248,0,0,0,0,0,0,0,0,0,0,0,0,0,0,0,0,0,0,0,0,0,0,0,0,0,0,0,0,0,0,0,0,0,0,0,0,0,0,0,0,0,0,0,0,0,0,0,0,0,0,0,0,0,0,0,0,0,0,0,0,7,6180943,19055313,22569763,0,0,0,0,0,0,0,0,0,0,0,0,0,0,0,0,0,0,0,0,0,0,0,0,0,0,0,0,0,0,0,0,0,0,0,0,0,51413532672,13013762048,3138033,794297,22484258,7311,0,384,3145728,15937109,3111910,147,3061696941,51539607552,0,1060326171,0,0,0,0,0,0,0,0,0,0,0,0,0,0,0,0,0,0,7544527,407115285,0,468,1204,7863,623,15089222,35,0,0,0,0,0,0,0,1,0,0,0,0,0,0,0,0,0,0,21247572,0,22483963,192882,0,0,0,0,0,0,0,0,16384,0,0,0,0,0,0,0,0,0,0,0,4064,115,0,0,0,0,0,22928624,0,72,0,16,115,4064,0,0,0,0,0,0,0,0,0,0,0,0,0,0,0,0,0,0,0,0,0,0,0,0,0,0,0,0,0,0,0,0,0,0,0,0,0,0,0,0,0,0,0,0,0,0,0,0,0,0,0,0,0,0,164598290,0,0,0,863463148,0,0,0,0,0,0,0,21381757,20425160,188897703,192723535872,18440750,0,0,0,0,0,0,0,0,0,0,0,0,0,0,0,0,0,0,0,0,0,0,0,0,0,0,0,0,0,0,0,115,0,0,0,0,0,0,0
1787686473.035,0,0,0,0,0,0,0,669306598,312042539520,652954068480,0,0,0,0,0,0,0,0,0,0,0,0,0,0,0,0,0,0,0,0,0,0,0,0,0,0,0,0,0,0,0,0,0,0,0,0,0,0,0,0,0,0,0,0,0,0,0,0,0,0,0,0,0,0,0,0,0,0,0,0,7,6180998,19064595,22572325,0,0,0,0,0,0,0,0,0,0,0,0,0,0,0,0,0,0,0,0,0,0,0,0,0,0,0,0,0,0,0,0,0,0,0,0,0,51423772672,13024165888,3138658,794932,22486820,6686,0,384,3145728,15946388,3111910,147,3061838139,51539607552,0,1060348548,0,0,0,0,0,0,0,0,0,0,0,0,0,0,0,0,0,0,7545309,407116067,0,468,1204,7863,623,15090782,35,0,0,0,0,0,0,0,1,0,0,0,0,0,0,0,0,0,0,21248563,0,22486525,192906,0,0,0,0,0,0,0,0,16384,0,0,0,0,0,0,0,0,0,0,0,4065,115,0,0,0,0,0,22931005,0,72,0,16,115,4065,0,0,0,0,0,0,0,0,0,0,0,0,0,0,0,0,0,0,0,0,0,0,0,0,0,0,0,0,0,0,0,0,0,0,0,0,0,0,0,0,0,0,0,0,0,0,0,0,0,0,0,0,0,0,164600643,0,0,0,863476597,0,0,0,0,0,0,0,21383508,20434440,188902644,192727102464,18442153,0,0,0,0,0,0,0,0,0,0,0,0,0,0,0,0,0,0,0,0,0,0,0,0,0,0,0,0,0,0,0,86,0,0,0,0,0,0,0
1787686474.112,0,0,0,0,0,0,0,669334623,312196696576,653001416192,0,0,0,0,0,0,0,0,0,0,0,0,0,0,0,0,0,0,0,0,0,0,0,0,0,0,0,0,0,0,0,0,0,0,0,0,0,0,0,0,0,0,0,0,0,0,0,0,0,0,0,0,0,0,0,0,0,0,0,0,7,6181053,19074007,22574903,0,0,0,0,0,0,0,0,0,0,0,0,0,0,0,0,0,0,0,0,0,0,0,0,0,0,0,0,0,0,0,0,0,0,0,0,0,51435159552,13035028480,3139353,795595,22489398,5991,0,384,3145728,15955800,3111910,147,3061978774,51539607552,0,1060370778,0,0,0,0,0,0,0,0,0,0,0,0,0,0,0,0,0,0,7546089,407116847,0,468,1204,7863,623,15092344,35,0,0,0,0,0,0,0,1,0,0,0,0,0,0,0,0,0,0,21249546,0,22489103,192930,0,0,0,0,0,0,0,0,16384,0,0,0,0,0,0,0,0,0,0,0,4066,115,0,0,0,0,0,22933377,0,72,0,16,115,4066,0,0,0,0,0,0,0,0,0,0,0,0,0,0,0,0,0,0,0,0,0,0,0,0,0,0,0,0,0,0,0,0,0,0,0,0,0,0,0,0,0,0,0,0,0,0,0,0,0,0,0,0,0,0,164603011,0,0,0,863489823,0,0,0,0,0,0,0,21385327,20443848,188907615,192730976256,18443574,0,0,0,0,0,0,0,0,0,0,0,0,0,0,0,0,0,0,0,0,0,0,0,0,0,0,0,0,0,0,0,276,0,0,0,0,0,0,0
1787686475.182,0,0,0,0,0,0,0,669362462,312349788672,653048930304,0,0,0,0,0,0,0,0,0,0,0,0,0,0,0,0,0,0,0,0,0,0,0,0,0,0,0,0,0,0,0,0,0,0,0,0,0,0,0,0,0,0,0,0,0,0,0,0,0,0,0,0,0,0,0,0,0,0,0,0,7,6181101,19083353,22577515,0,0,0,0,0,0,0,0,0,0,0,0,0,0,0,0,0,0,0,0,0,0,0,0,0,0,0,0,0,0,0,0,0,0,0,0,0,51445235712,13044039680,3139968,796145,22492010,5376,0,384,3145728,15965145,3111910,147,3062119472,51539607552,0,1060393354,0,0,0,0,0,0,0,0,0,0,0,0,0,0,0,0,0,0,7546865,407117623,0,468,1204,7863,623,15093893,35,0,0,0,0,0,0,0,1,0,0,0,0,0,0,0,0,0,0,21250522,0,22491715,192955,0,0,0,0,0,0,0,0,16384,0,0,0,0,0,0,0,0,0,0,0,4067,115,0,0,0,0,0,22935733,0,72,0,16,115,4067,0,0,0,0,0,0,0,0,0,0,0,0,0,0,0,0,0,0,0,0,0,0,0,0,0,0,0,0,0,0,0,0,0,0,0,0,0,0,0,0,0,0,0,0,0,0,0,0,0,0,0,0,0,0,164605357,0,0,0,863503244,0,0,0,0,0,0,0,21387169,20453195,188912596,192734546944,18445005,0,0,0,0,0,0,0,0,0,0,0,0,0,0,0,0,0,0,0,0,0,0,0,0,0,0,0,0,0,0,0,184,0,0,0,0,0,0,0
1787686476.253,0,0,0,0,0,0,0,669390472,312502897152,653097027072,0,0,0,0,0,0,0,0,0,0,0,0,0,0,0,0,0,0,0,0,0,0,0,0,0,0,0,0,0,0,0,0,0,0,0,0,0,0,0,0,0,0,0,0,0,0,0,0,0,0,0,0,0,0,0,0,0,0,0,0,7,6181167,19092703,22580141,0,0,0,0,0,0,0,0,0,0,0,0,0,0,0,0,0,0,0,0,0,0,0,0,0,0,0,0,0,0,0,0,0,0,0,0,0,51456016384,13055197184,3140626,796826,22494636,4718,0,384,3145728,15974495,3111910,147,3062261214,51539607552,0,1060416426,0,0,0,0,0,0,0,0,0,0,0,0,0,0,0,0,0,0,7547642,407118400,0,468,1204,7863,623,15095447,35,0,0,0,0,0,0,0,1,0,0,0,0,0,0,0,0,0,0,21251509,0,22494341,192980,0,0,0,0,0,0,0,0,16384,0,0,0,0,0,0,0,0,0,0,0,4068,115,0,0,0,0,0,22938091,0,72,0,16,115,4068,0,0,0,0,0,0,0,0,0,0,0,0,0,0,0,0,0,0,0,0,0,0,0,0,0,0,0,0,0,0,0,0,0,0,0,0,0,0,0,0,0,0,0,0,0,0,0,0,0,0,0,0,0,0,164607718,0,0,0,863516659,0,0,0,0,0,0,0,21388978,20462539,188917607,192738395648,18446403,0,0,0,0,0,0,0,0,0,0,0,0,0,0,0,0,0,0,0,0,0,0,0,0,0,0,0,0,0,0,0,124,0,0,0,0,0,0,0
1787686477.322,0,0,0,0,0,0,0,669418838,312657938944,653144527360,0,0,0,0,0,0,0,0,0,0,0,0,0,0,0,0,0,0,0,0,0,0,0,0,0,0,0,0,0,0,0,0,0,0,0,0,0,0,0,0,0,0,0,0,0,0,0,0,0,0,0,0,0,0,0,0,0,0,0,0,7,6181229,19102173,22582750,0,0,0,0,0,0,0,0,0,0,0,0,0,0,0,0,0,0,0,0,0,0,0,0,0,0,0,0,0,0,0,0,0,0,0,0,0,51466862592,13066715136,3141288,797529,22497245,4056,0,384,3145728,15983964,3111910,147,3062404530,51539607552,0,1060439466,0,0,0,0,0,0,0,0,0,0,0,0,0,0,0,0,0,0,7548431,407119189,0,468,1204,7863,623,15097025,35,0,0,0,0,0,0,0,1,0,0,0,0,0,0,0,0,0,0,21252508,0,22496950,193004,0,0,0,0,0,0,0,0,16384,0,0,0,0,0,0,0,0,0,0,0,4069,115,0,0,0,0,0,22940492,0,72,0,16,115,4069,0,0,0,0,0,0,0,0,0,0,0,0,0,0,0,0,0,0,0,0,0,0,0,0,0,0,0,0,0,0,0,0,0,0,0,0,0,0,0,0,0,0,0,0,0,0,0,0,0,0,0,0,0,0,164610036,0,0,0,863530257,0,0,0,0,0,0,0,21390781,20472005,188922558,192741955584,18447801,0,0,0,0,0,0,0,0,0,0,0,0,0,0,0,0,0,0,0,0,0,0,0,0,0,0,0,0,0,0,0,72,0,0,0,0,0,0,0
1787686478.392,0,0,0,0,0,0,0,669447122,312811506176,653193839104,0,0,0,0,0,0,0,0,0,0,0,0,0,0,0,0,0,0,0,0,0,0,0,0,0,0,0,0,0,0,0,0,0,0,0,0,0,0,0,0,0,0,0,0,0,0,0,0,0,0,0,0,0,0,0,0,0,0,0,0,7,6181296,19111547,22585433,0,0,0,0,0,0,0,0,0,0,0,0,0,0,0,0,0,0,0,0,0,0,0,0,0,0,0,0,0,0,0,0,0,0,0,0,0,51476512768,13075906560,3141877,798090,22499928,3467,0,384,3145728,15993336,3111910,147,3062547497,51539607552,0,1060462761,0,0,0,0,0,0,0,0,0,0,0,0,0,0,0,0,0,0,7549216,407119974,0,468,1204,7863,623,15098595,35,0,0,0,0,0,0,0,1,0,0,0,0,0,0,0,0,0,0,21253503,0,22499633,193028,0,0,0,0,0,0,0,0,16384,0,0,0,0,0,0,0,0,0,0,0,4070,115,0,0,0,0,0,22942886,0,72,0,16,115,4070,0,0,0,0,0,0,0,0,0,0,0,0,0,0,0,0,0,0,0,0,0,0,0,0,0,0,0,0,0,0,0,0,0,0,0,0,0,0,0,0,0,0,0,0,0,0,0,0,0,0,0,0,0,0,164612477,0,0,0,863543807,0,0,0,0,0,0,0,21392569,20481379,188927706,192746018304,18449260,0,0,0,0,0,0,0,0,0,0,0,0,0,0,0,0,0,0,0,0,0,0,0,0,0,0,0,0,0,0,0,33,0,0,0,0,0,0,0
1787686479.462,0,0,0,0,0,0,0,669474905,312963631616,653241865216,0,0,0,0,0,0,0,0,0,0,0,0,0,0,0,0,0,0,0,0,0,0,0,0,0,0,0,0,0,0,0,0,0,0,0,0,0,0,0,0,0,0,0,0,0,0,0,0,0,0,0,0,0,0,0,0,0,0,0,0,7,6181348,19120837,22588088,0,0,0,0,0,0,0,0,0,0,0,0,0,0,0,0,0,0,0,0,0,0,0,0,0,0,0,0,0,0,0,0,0,0,0,0,0,51484966912,13085048832,3142393,798648,22502583,2951,0,384,3145728,16002625,3111910,147,3062686523,51539607552,0,1060484433,0,0,0,0,0,0,0,0,0,0,0,0,0,0,0,0,0,0,7549992,407120750,0,468,1204,7863,623,15100147,35,0,0,0,0,0,0,0,1,0,0,0,0,0,0,0,0,0,0,21254486,0,22502288,193052,0,0,0,0,0,0,0,0,16384,0,0,0,0,0,0,0,0,0,0,0,4071,115,0,0,0,0,0,22945237,0,72,0,16,115,4071,0,0,0,0,0,0,0,0,0,0,0,0,0,0,0,0,0,0,0,0,0,0,0,0,0,0,0,0,0,0,0,0,0,0,0,0,0,0,0,0,0,0,0,0,0,0,0,0,0,0,0,0,0,0,164614792,0,0,0,863556891,0,0,0,0,0,0,0,21394328,20490663,188932700,192749351424,18450657,0,0,0,0,0,0,0,0,0,0,0,0,0,0,0,0,0,0,0,0,0,0,0,0,0,0,0,0,0,0,0,247,0,0,0,0,0,0,0
1787686480.533,0,0,0,0,0,0,0,669502509,313115724288,653290369024,0,0,0,0,0,0,0,0,0,0,0,0,0,0,0,0,0,0,0,0,0,0,0,0,0,0,0,0,0,0,0,0,0,0,0,0,0,0,0,0,0,0,0,0,0,0,0,0,0,0,0,0,0,0,0,0,0,0,0,0,7,6181411,19130128,22590756,0,0,0,0,0,0,0,0,0,0,0,0,0,0,0,0,0,0,0,0,0,0,0,0,0,0,0,0,0,0,0,0,0,0,0,0,0,51496730624,13094289408,3143111,799212,22505251,2233,0,384,3145728,16011914,3111910,147,3062826128,51539607552,0,1060506874,0,0,0,0,0,0,0,0,0,0,0,0,0,0,0,0,0,0,7550759,407121517,0,468,1204,7863,623,15101681,35,0,0,0,0,0,0,0,1,0,0,0,0,0,0,0,0,0,0,21255459,0,22504956,193077,0,0,0,0,0,0,0,0,16384,0,0,0,0,0,0,0,0,0,0,0,4072,115,0,0,0,0,0,22947569,0,72,0,16,115,4072,0,0,0,0,0,0,0,0,0,0,0,0,0,0,0,0,0,0,0,0,0,0,0,0,0,0,0,0,0,0,0,0,0,0,0,0,0,0,0,0,0,0,0,0,0,0,0,0,0,0,0,0,0,0,164617098,0,0,0,863570157,0,0,0,0,0,0,0,21396277,20499947,188937698,192752927232,18452162,0,0,0,0,0,0,0,0,0,0,0,0,0,0,0,0,0,0,0,0,0,0,0,0,0,0,0,0,0,0,0,170,0,0,0,0,0,0,0
1787686481.603,0,0,0,0,0,0,0,669530599,313266424320,653337988096,0,0,0,0,0,0,0,0,0,0,0,0,0,0,0,0,0,0,0,0,0,0,0,0,0,0,0,0,0,0,0,0,0,0,0,0,0,0,0,0,0,0,0,0,0,0,0,0,0,0,0,0,0,0,0,0,0,0,0,0,7,6181477,19139330,22593341,0,0,0,0,0,0,0,0,0,0,0,0,0,0,0,0,0,0,0,0,0,0,0,0,0,0,0,0,0,0,0,0,0,0,0,0,0,51504513024,13103693824,3143586,799786,22507836,1758,0,384,3145728,16021114,3111910,147,3062967966,51539607552,0,1060529868,0,0,0,0,0,0,0,0,0,0,0,0,0,0,0,0,0,0,7551540,407122298,0,468,1204,7863,623,15103245,35,0,0,0,0,0,0,0,1,0,0,0,0,0,0,0,0,0,0,21256448,0,22507541,193101,0,0,0,0,0,0,0,0,16384,0,0,0,0,0,0,0,0,0,0,0,4073,115,0,0,0,0,0,22949944,0,72,0,16,115,4073,0,0,0,0,0,0,0,0,0,0,0,0,0,0,0,0,0,0,0,0,0,0,0,0,0,0,0,0,0,0,0,0,0,0,0,0,0,0,0,0,0,0,0,0,0,0,0,0,0,0,0,0,0,0,164619442,0,0,0,863583643,0,0,0,0,0,0,0,21398159,20509150,188942648,192756716032,18453646,0,0,0,0,0,0,0,0,0,0,0,0,0,0,0,0,0,0,0,0,0,0,0,0,0,0,0,0,0,0,0,98,0,0,0,0,0,0,0
1787686482.674,0,0,0,0,0,0,0,669558655,313420745216,653385893888,0,0,0,0,0,0,0,0,0,0,0,0,0,0,0,0,0,0,0,0,0,0,0,0,0,0,0,0,0,0,0,0,0,0,0,0,0,0,0,0,0,0,0,0,0,0,0,0,0,0,0,0,0,0,0,0,0,0,0,0,7,6181528,19148754,22595973,0,0,0,0,0,0,0,0,0,0,0,0,0,0,0,0,0,0,0,0,0,0,0,0,0,0,0,0,0,0,0,0,0,0,0,0,0,51518259200,13113344000,3144425,800375,22510468,919,0,384,3145728,16030538,3111910,147,3063109835,51539607552,0,1060552599,0,0,0,0,0,0,0,0,0,0,0,0,0,0,0,0,0,0,7552322,407123080,0,468,1204,7863,623,15104807,35,0,0,0,0,0,0,0,1,0,0,0,0,0,0,0,0,0,0,21257439,0,22510173,193125,0,0,0,0,0,0,0,0,16384,0,0,0,0,0,0,0,0,0,0,0,4074,115,0,0,0,0,0,22952323,0,72,0,16,115,4074,0,0,0,0,0,0,0,0,0,0,0,0,0,0,0,0,0,0,0,0,0,0,0,0,0,0,0,0,0,0,0,0,0,0,0,0,0,0,0,0,0,0,0,0,0,0,0,0,0,0,0,0,0,0,164621771,0,0,0,863597133,0,0,0,0,0,0,0,21399941,20518572,188947630,192760240640,18455038,0,0,0,0,0,0,0,0,0,0,0,0,0,0,0,0,0,0,0,0,0,0,0,0,0,0,0,0,0,0,0,25,0,0,0,0,0,0,0
1787686483.744,0,0,0,0,0,0,0,669586819,313574951424,653433371648,0,0,0,0,0,0,0,0,0,0,0,0,0,0,0,0,0,0,0,0,0,0,0,0,0,0,0,0,0,0,0,0,0,0,0,0,0,0,0,0,0,0,0,0,0,0,0,0,0,0,0,0,0,0,0,0,0,0,0,0,7,6181584,19158168,22598573,0,0,0,0,0,0,0,0,0,0,0,0,0,0,0,0,0,0,0,0,0,0,0,0,0,0,0,0,0,0,0,0,0,0,0,0,0,51529056256,13124517888,3145084,801057,22513068,260,0,384,3145728,16039951,3111910,147,3063251079,51539607552,0,1060574975,0,0,0,0,0,0,0,0,0,0,0,0,0,0,0,0,0,0,7553104,407123862,0,468,1204,7863,623,15106371,35,0,0,0,0,0,0,0,1,0,0,0,0,0,0,0,0,0,0,21258427,0,22512773,193149,0,0,0,0,0,0,0,0,16384,0,0,0,0,0,0,0,0,0,0,0,4075,115,0,0,0,0,0,22954703,0,72,0,16,115,4075,0,0,0,0,0,0,0,0,0,0,0,0,0,0,0,0,0,0,0,0,0,0,0,0,0,0,0,0,0,0,0,0,0,0,0,0,0,0,0,0,0,0,0,0,0,0,0,0,0,0,0,0,0,0,164624134,0,0,0,863610338,0,0,0,0,0,0,0,21401732,20527984,188952615,192763891712,18456465,0,0,0,0,0,0,0,0,0,0,0,0,0,0,0,0,0,0,0,0,0,0,0,0,0,0,0,0,0,0,0,261,0,0,0,0,0,0,0
1787686484.818,0,0,0,0,0,0,0,669614724,313727896064,653481052160,0,0,0,0,0,0,0,0,0,0,0,0,0,0,0,0,0,0,0,0,0,0,0,0,0,0,0,0,0,0,0,0,0,0,0,0,0,0,0,0,0,0,0,0,0,0,0,0,0,0,0,0,0,0,0,0,0,0,0,0,7,6181658,19167505,22601184,0,0,0,0,0,0,0,0,0,0,0,0,0,0,0,0,0,0,0,0,0,0,0,0,0,0,0,0,0,0,0,0,0,0,0,0,0,51533103104,13135265792,3145331,801713,22515679,13,0,384,3145728,16049286,3111910,147,3063392057,51539607552,0,1060597507,0,0,0,0,0,0,0,0,0,0,0,0,0,0,0,0,0,0,7553881,407124639,0,468,1204,7863,623,15107925,35,0,0,0,0,0,0,0,1,0,0,0,0,0,0,0,0,0,0,21259408,0,22515384,193175,0,0,0,0,0,0,0,0,16384,0,0,0,0,0,0,0,0,0,0,0,4077,115,0,0,0,0,0,22957066,0,72,0,16,115,4077,0,0,0,0,0,0,0,0,0,0,0,0,0,0,0,0,0,0,0,0,0,0,0,0,0,0,0,0,0,0,0,0,0,0,0,0,0,0,0,0,0,0,0,0,0,0,0,0,0,0,0,0,0,0,164626449,0,0,0,863623742,0,0,0,0,0,0,0,21403491,20537320,188957565,192767518720,18457836,0,0,0,0,0,0,0,0,0,0,0,0,0,0,0,0,0,0,0,0,0,0,0,0,0,0,0,0,0,0,0,199,0,0,0,0,0,0,0
1787686485.889,0,0,0,0,0,0,0,669641866,313875876352,653571264000,0,0,0,0,0,0,0,0,0,0,0,0,0,0,0,0,0,0,0,0,0,0,0,0,0,0,0,0,0,0,0,0,0,0,0,0,0,0,0,0,0,0,0,0,0,0,0,0,0,0,0,0,0,0,0,0,0,0,0,0,7,6181717,19176544,22606332,0,0,0,0,0,0,0,0,0,0,0,0,0,0,0,0,0,0,0,0,0,0,0,0,0,0,0,0,0,0,0,0,0,0,0,0,0,51401490432,13102268416,3137298,799699,22520899,8046,0,384,3145728,16058323,3111910,147,3063529393,51539607552,0,1060619612,0,0,0,0,0,0,0,0,0,0,0,0,0,0,0,0,0,0,7554638,407125396,0,468,1204,7863,623,15109440,35,0,0,0,0,0,0,0,1,0,0,0,0,0,0,0,0,0,0,21260367,0,22520337,193223,0,0,0,0,0,0,0,0,16384,0,0,0,0,0,0,0,0,0,0,0,4078,115,0,0,0,0,0,22959364,0,72,0,16,115,4078,0,0,0,0,0,0,0,0,0,0,0,0,0,0,0,0,0,0,0,0,0,0,0,0,0,0,0,0,0,0,0,0,0,0,0,0,0,0,0,0,0,0,0,0,0,0,0,0,0,0,0,0,0,0,164628755,0,0,0,863636836,0,0,0,0,0,0,0,21405590,20546351,188965138,192771041280,18459198,1,0,0,0,0,0,0,0,0,0,0,0,0,0,0,0,0,0,0,0,0,0,0,0,0,0,0,0,0,0,0,114,0,0,0,0,0,0,0
1787686486.960,0,0,0,0,0,0,0,669669841,314029345280,653618846208,0,0,0,0,0,0,0,0,0,0,0,0,0,0,0,0,0,0,0,0,0,0,0,0,0,0,0,0,0,0,0,0,0,0,0,0,0,0,0,0,0,0,0,0,0,0,0,0,0,0,0,0,0,0,0,0,0,0,0,0,7,6181770,19185918,22609013,0,0,0,0,0,0,0,0,0,0,0,0,0,0,0,0,0,0,0,0,0,0,0,0,0,0,0,0,0,0,0,0,0,0,0,0,0,51411288064,13110444032,3137896,800198,22523508,7448,0,384,3145728,16067695,3111910,147,3063670557,51539607552,0,1060642137,0,0,0,0,0,0,0,0,0,0,0,0,0,0,0,0,0,0,7555417,407126175,0,468,1204,7863,623,15110997,35,0,0,0,0,0,0,0,1,0,0,0,0,0,0,0,0,0,0,21261353,0,22523213,193247,0,0,0,0,0,0,0,0,16384,0,0,0,0,0,0,0,0,0,0,0,4079,115,0,0,0,0,0,22961730,0,72,0,16,115,4079,0,0,0,0,0,0,0,0,0,0,0,0,0,0,0,0,0,0,0,0,0,0,0,0,0,0,0,0,0,0,0,0,0,0,0,0,0,0,0,0,0,0,0,0,0,0,0,0,0,0,0,0,0,0,164631027,0,0,0,863650272,0,0,0,0,0,0,0,21407382,20555722,188970041,192774613504,18460550,0,0,0,0,0,0,0,0,0,0,0,0,0,0,0,0,0,0,0,0,0,0,0,0,0,0,0,0,0,0,0,44,0,0,0,0,0,0,0
1787686488.031,0,0,0,0,0,0,0,669697852,314183174656,653667091968,0,0,0,0,0,0,0,0,0,0,0,0,0,0,0,0,0,0,0,0,0,0,0,0,0,0,0,0,0,0,0,0,0,0,0,0,0,0,0,0,0,0,0,0,0,0,0,0,0,0,0,0,0,0,0,0,0,0,0,0,7,6181840,19195310,22611653,0,0,0,0,0,0,0,0,0,0,0,0,0,0,0,0,0,0,0,0,0,0,0,0,0,0,0,0,0,0,0,0,0,0,0,0,0,51422576640,13120454656,3138585,800809,22526148,6758,0,384,3145728,16077084,3111910,147,3063811192,51539607552,0,1060664356,0,0,0,0,0,0,0,0,0,0,0,0,0,0,0,0,0,0,7556198,407126955,0,468,1204,7863,623,15112559,35,0,0,0,0,0,0,0,1,0,0,0,0,0,0,0,0,0,0,21262337,0,22525853,193271,0,0,0,0,0,0,0,0,16384,0,0,0,0,0,0,0,0,0,0,0,4080,115,0,0,0,0,0,22964103,0,72,0,16,115,4080,0,0,0,0,0,0,0,0,0,0,0,0,0,0,0,0,0,0,0,0,0,0,0,0,0,0,0,0,0,0,0,0,0,0,0,0,0,0,0,0,0,0,0,0,0,0,0,0,0,0,0,0,0,0,164633403,0,0,0,863663484,0,0,0,0,0,0,0,21409216,20565111,188975082,192778334720,18461975,0,0,0,0,0,0,0,0,0,0,0,0,0,0,0,0,0,0,0,0,0,0,0,0,0,0,0,0,0,0,0,245,0,0,0,0,0,0,0
1787686489.108,0,0,0,0,0,0,0,669725853,314333858304,653716128768,0,0,0,0,0,0,0,0,0,0,0,0,0,0,0,0,0,0,0,0,0,0,0,0,0,0,0,0,0,0,0,0,0,0,0,0,0,0,0,0,0,0,0,0,0,0,0,0,0,0,0,0,0,0,0,0,0,0,0,0,7,6181904,19204510,22614335,0,0,0,0,0,0,0,0,0,0,0,0,0,0,0,0,0,0,0,0,0,0,0,0,0,0,0,0,0,0,0,0,0,0,0,0,0,51433455616,13128531968,3139249,801302,22528830,6095,0,384,3145728,16086282,3111910,147,3063952527,51539607552,0,1060687060,0,0,0,0,0,0,0,0,0,0,0,0,0,0,0,0,0,0,7556978,407127736,0,468,1204,7863,623,15114119,35,0,0,0,0,0,0,0,1,0,0,0,0,0,0,0,0,0,0,21263330,0,22528535,193295,0,0,0,0,0,0,0,0,16384,0,0,0,0,0,0,0,0,0,0,0,4081,115,0,0,0,0,0,22966472,0,72,0,16,115,4081,0,0,0,0,0,0,0,0,0,0,0,0,0,0,0,0,0,0,0,0,0,0,0,0,0,0,0,0,0,0,0,0,0,0,0,0,0,0,0,0,0,0,0,0,0,0,0,0,0,0,0,0,0,0,164635806,0,0,0,863676922,0,0,0,0,0,0,0,21411048,20574306,188980191,192782167552,18463417,1,0,0,0,0,0,0,0,0,0,0,0,0,0,0,0,0,0,0,0,0,0,0,0,0,0,0,0,0,0,0,206,0,0,0,0,0,0,0
1787686490.179,0,0,0,0,0,0,0,669753932,314485639680,653764648448,0,0,0,0,0,0,0,0,0,0,0,0,0,0,0,0,0,0,0,0,0,0,0,0,0,0,0,0,0,0,0,0,0,0,0,0,0,0,0,0,0,0,0,0,0,0,0,0,0,0,0,0,0,0,0,0,0,0,0,0,7,6181969,19213776,22616993,0,0,0,0,0,0,0,0,0,0,0,0,0,0,0,0,0,0,0,0,0,0,0,0,0,0,0,0,0,0,0,0,0,0,0,0,0,51443679232,13137985536,3139873,801879,22531488,5471,0,384,3145728,16095548,3111910,147,3064094262,51539607552,0,1060709835,0,0,0,0,0,0,0,0,0,0,0,0,0,0,0,0,0,0,7557758,407128516,0,468,1204,7863,623,15115679,35,0,0,0,0,0,0,0,1,0,0,0,0,0,0,0,0,0,0,21264319,0,22531193,193320,0,0,0,0,0,0,0,0,16384,0,0,0,0,0,0,0,0,0,0,0,4082,115,0,0,0,0,0,22968842,0,72,0,16,115,4082,0,0,0,0,0,0,0,0,0,0,0,0,0,0,0,0,0,0,0,0,0,0,0,0,0,0,0,0,0,0,0,0,0,0,0,0,0,0,0,0,0,0,0,0,0,0,0,0,0,0,0,0,0,0,164638127,0,0,0,863690359,0,0,0,0,0,0,0,21412883,20583573,188985193,192785872384,18464828,0,0,0,0,0,0,0,0,0,0,0,0,0,0,0,0,0,0,0,0,0,0,0,0,0,0,0,0,0,0,0,176,0,0,0,0,0,0,0
1787686491.249,0,0,0,0,0,0,0,669782242,314640157184,653814082048,0,0,0,0,0,0,0,0,0,0,0,0,0,0,0,0,0,0,0,0,0,0,0,0,0,0,0,0,0,0,0,0,0,0,0,0,0,0,0,0,0,0,0,0,0,0,0,0,0,0,0,0,0,0,0,0,0,0,0,0,7,6182037,19223213,22619702,0,0,0,0,0,0,0,0,0,0,0,0,0,0,0,0,0,0,0,0,0,0,0,0,0,0,0,0,0,0,0,0,0,0,0,0,0,51455049728,13147176960,3140567,802440,22534197,4777,0,384,3145728,16104980,3111910,147,3064237353,51539607552,0,1060732888,0,0,0,0,0,0,0,0,0,0,0,0,0,0,0,0,0,0,7558545,407129303,0,468,1204,7863,623,15117254,35,0,0,0,0,0,0,0,1,0,0,0,0,0,0,0,0,0,0,21265315,0,22533902,193346,0,0,0,0,0,0,0,0,16384,0,0,0,0,0,0,0,0,0,0,0,4083,115,0,0,0,0,0,22971230,0,72,0,16,115,4083,0,0,0,0,0,0,0,0,0,0,0,0,0,0,0,0,0,0,0,0,0,0,0,0,0,0,0,0,0,0,0,0,0,0,0,0,0,0,0,0,0,0,0,0,0,0,0,0,0,0,0,0,0,0,164640431,0,0,0,863703931,0,0,0,0,0,0,0,21414722,20593007,188990231,192789567488,18466236,0,0,0,0,0,0,0,0,0,0,0,0,0,0,0,0,0,0,0,0,0,0,0,0,0,0,0,0,0,0,0,122,0,0,0,0,0,0,0
1787686492.318,0,0,0,0,0,0,0,669810402,314793495040,653862619648,0,0,0,0,0,0,0,0,0,0,0,0,0,0,0,0,0,0,0,0,0,0,0,0,0,0,0,0,0,0,0,0,0,0,0,0,0,0,0,0,0,0,0,0,0,0,0,0,0,0,0,0,0,0,0,0,0,0,0,0,7,6182099,19232572,22622358,0,0,0,0,0,0,0,0,0,0,0,0,0,0,0,0,0,0,0,0,0,0,0,0,0,0,0,0,0,0,0,0,0,0,0,0,0,51466289152,13157171200,3141253,803050,22536853,4091,0,385,3145728,16114336,3111910,147,3064379980,51539607552,0,1060756207,0,0,0,0,0,0,0,0,0,0,0,0,0,0,0,0,0,0,7559327,407130085,0,468,1204,7863,623,15118817,35,0,0,0,0,0,0,0,1,0,0,0,0,0,0,0,0,0,0,21266301,0,22536558,193370,0,0,0,0,0,0,0,0,16384,0,0,0,0,0,0,0,0,0,0,0,4084,115,0,0,0,0,0,22973604,0,72,0,16,115,4084,0,0,0,0,0,0,0,0,0,0,0,0,0,0,0,0,0,0,0,0,0,0,0,0,0,0,0,0,0,0,0,0,0,0,0,0,0,0,0,0,0,0,0,0,0,0,0,0,0,0,0,0,0,0,164642811,0,0,0,863717474,0,0,0,0,0,0,0,21416580,20602365,188995287,192793339392,18467706,0,0,0,0,0,0,0,0,0,0,0,0,0,0,0,0,0,0,0,0,0,0,0,0,0,0,0,0,0,0,0,21,0,0,0,0,0,0,0
1787686493.388,0,0,0,0,0,0,0,669838536,314946112000,653911119872,0,0,0,0,0,0,0,0,0,0,0,0,0,0,0,0,0,0,0,0,0,0,0,0,0,0,0,0,0,0,0,0,0,0,0,0,0,0,0,0,0,0,0,0,0,0,0,0,0,0,0,0,0,0,0,0,0,0,0,0,7,6182158,19241888,22624995,0,0,0,0,0,0,0,0,0,0,0,0,0,0,0,0,0,0,0,0,0,0,0,0,0,0,0,0,0,0,0,0,0,0,0,0,0,51474857984,13166821376,3141776,803639,22539490,3568,0,384,3145728,16123651,3111910,147,3064521189,51539607552,0,1060778769,0,0,0,0,0,0,0,0,0,0,0,0,0,0,0,0,0,0,7560108,407130866,0,468,1204,7863,623,15120379,35,0,0,0,0,0,0,0,1,0,0,0,0,0,0,0,0,0,0,21267284,0,22539195,193394,0,0,0,0,0,0,0,0,16384,0,0,0,0,0,0,0,0,0,0,0,4085,115,0,0,0,0,0,22975966,0,72,0,16,115,4085,0,0,0,0,0,0,0,0,0,0,0,0,0,0,0,0,0,0,0,0,0,0,0,0,0,0,0,0,0,0,0,0,0,0,0,0,0,0,0,0,0,0,0,0,0,0,0,0,0,0,0,0,0,0,164645204,0,0,0,863730684,0,0,0,0,0,0,0,21418395,20611681,189000338,192797367808,18469156,0,0,0,0,0,0,0,0,0,0,0,0,0,0,0,0,0,0,0,0,0,0,0,0,0,0,0,0,0,0,0,251,0,0,0,0,0,0,0
1787686494.457,0,0,0,0,0,0,0,669866538,315099859456,653959647232,0,0,0,0,0,0,0,0,0,0,0,0,0,0,0,0,0,0,0,0,0,0,0,0,0,0,0,0,0,0,0,0,0,0,0,0,0,0,0,0,0,0,0,0,0,0,0,0,0,0,0,0,0,0,0,0,0,0,0,0,7,6182222,19251275,22627648,0,0,0,0,0,0,0,0,0,0,0,0,0,0,0,0,0,0,0,0,0,0,0,0,0,0,0,0,0,0,0,0,0,0,0,0,0,51486146560,13177061376,3142465,804264,22542143,2879,0,384,3145728,16133036,3111910,147,3064662850,51539607552,0,1060801607,0,0,0,0,0,0,0,0,0,0,0,0,0,0,0,0,0,0,7560889,407131647,0,468,1204,7863,623,15121941,35,0,0,0,0,0,0,0,1,0,0,0,0,0,0,0,0,0,0,21268275,0,22541848,193419,0,0,0,0,0,0,0,0,16384,0,0,0,0,0,0,0,0,0,0,0,4086,115,0,0,0,0,0,22978347,0,72,0,16,115,4086,0,0,0,0,0,0,0,0,0,0,0,0,0,0,0,0,0,0,0,0,0,0,0,0,0,0,0,0,0,0,0,0,0,0,0,0,0,0,0,0,0,0,0,0,0,0,0,0,0,0,0,0,0,0,164647538,0,0,0,863744160,0,0,0,0,0,0,0,21420191,20621067,189005353,192801131008,18470583,0,0,0,0,0,0,0,0,0,0,0,0,0,0,0,0,0,0,0,0,0,0,0,0,0,0,0,0,0,0,0,182,0,0,0,0,0,0,0
1787686495.529,0,0,0,0,0,0,0,669894521,315251722752,654008770560,0,0,0,0,0,0,0,0,0,0,0,0,0,0,0,0,0,0,0,0,0,0,0,0,0,0,0,0,0,0,0,0,0,0,0,0,0,0,0,0,0,0,0,0,0,0,0,0,0,0,0,0,0,0,0,0,0,0,0,0,7,6182268,19260544,22630344,0,0,0,0,0,0,0,0,0,0,0,0,0,0,0,0,0,0,0,0,0,0,0,0,0,0,0,0,0,0,0,0,0,0,0,0,0,51495616512,13185564672,3143043,804783,22544839,2301,0,384,3145728,16142305,3111910,147,3064804185,51539607552,0,1060824490,0,0,0,0,0,0,0,0,0,0,0,0,0,0,0,0,0,0,7561666,407132423,0,468,1204,7863,623,15123495,35,0,0,0,0,0,0,0,1,0,0,0,0,0,0,0,0,0,0,21269256,0,22544544,193443,0,0,0,0,0,0,0,0,16384,0,0,0,0,0,0,0,0,0,0,0,4087,115,0,0,0,0,0,22980712,0,72,0,16,115,4087,0,0,0,0,0,0,0,0,0,0,0,0,0,0,0,0,0,0,0,0,0,0,0,0,0,0,0,0,0,0,0,0,0,0,0,0,0,0,0,0,0,0,0,0,0,0,0,0,0,0,0,0,0,0,164649838,0,0,0,863757560,0,0,0,0,0,0,0,21422006,20630337,189010373,192804804608,18471996,0,0,0,0,0,0,0,0,0,0,0,0,0,0,0,0,0,0,0,0,0,0,0,0,0,0,0,0,0,0,0,121,0,0,0,0,0,0,0
1787686496.600,0,0,0,0,0,0,0,669922614,315404847616,654057281024,0,0,0,0,0,0,0,0,0,0,0,0,0,0,0,0,0,0,0,0,0,0,0,0,0,0,0,0,0,0,0,0,0,0,0,0,0,0,0,0,0,0,0,0,0,0,0,0,0,0,0,0,0,0,0,0,0,0,0,0,7,6182327,19269893,22633001,0,0,0,0,0,0,0,0,0,0,0,0,0,0,0,0,0,0,0,0,0,0,0,0,0,0,0,0,0,0,0,0,0,0,0,0,0,51506954240,13194199040,3143735,805310,22547496,1609,0,384,3145728,16151653,3111910,147,3064946441,51539607552,0,1060847707,0,0,0,0,0,0,0,0,0,0,0,0,0,0,0,0,0,0,7562445,407133202,0,468,1204,7863,623,15125053,35,0,0,0,0,0,0,0,1,0,0,0,0,0,0,0,0,0,0,21270242,0,22547201,193468,0,0,0,0,0,0,0,0,16384,0,0,0,0,0,0,0,0,0,0,0,4088,115,0,0,0,0,0,22983074,0,72,0,16,115,4088,0,0,0,0,0,0,0,0,0,0,0,0,0,0,0,0,0,0,0,0,0,0,0,0,0,0,0,0,0,0,0,0,0,0,0,0,0,0,0,0,0,0,0,0,0,0,0,0,0,0,0,0,0,0,164652240,0,0,0,863771009,0,0,0,0,0,0,0,21423904,20639680,189015457,192808495616,18473460,0,0,0,0,0,0,0,0,0,0,0,0,0,0,0,0,0,0,0,0,0,0,0,0,0,0,0,0,0,0,0,52,0,0,0,0,0,0,0
1787686497.671,0,0,0,0,0,0,0,669950476,315558332928,654105690624,0,0,0,0,0,0,0,0,0,0,0,0,0,0,0,0,0,0,0,0,0,0,0,0,0,0,0,0,0,0,0,0,0,0,0,0,0,0,0,0,0,0,0,0,0,0,0,0,0,0,0,0,0,0,0,0,0,0,0,0,7,6182394,19279263,22635658,0,0,0,0,0,0,0,0,0,0,0,0,0,0,0,0,0,0,0,0,0,0,0,0,0,0,0,0,0,0,0,0,0,0,0,0,0,51517472768,13203226624,3144377,805861,22550153,966,0,384,3145728,16161023,3111910,147,3065086213,51539607552,0,1060869688,0,0,0,0,0,0,0,0,0,0,0,0,0,0,0,0,0,0,7563221,407133979,0,468,1204,7863,623,15126605,35,0,0,0,0,0,0,0,1,0,0,0,0,0,0,0,0,0,0,21271225,0,22549858,193492,0,0,0,0,0,0,0,0,16384,0,0,0,0,0,0,0,0,0,0,0,4089,115,0,0,0,0,0,22985437,0,72,0,16,115,4089,0,0,0,0,0,0,0,0,0,0,0,0,0,0,0,0,0,0,0,0,0,0,0,0,0,0,0,0,0,0,0,0,0,0,0,0,0,0,0,0,0,0,0,0,0,0,0,0,0,0,0,0,0,0,164654570,0,0,0,863784113,0,0,0,0,0,0,0,21425705,20649051,189020466,192812103168,18474871,0,0,0,0,0,0,0,0,0,0,0,0,0,0,0,0,0,0,0,0,0,0,0,0,0,0,0,0,0,0,0,275,0,0,0,0,0,0,0
1787686498.741,0,0,0,0,0,0,0,669978795,315712522752,654153801728,0,0,0,0,0,0,0,0,0,0,0,0,0,0,0,0,0,0,0,0,0,0,0,0,0,0,0,0,0,0,0,0,0,0,0,0,0,0,0,0,0,0,0,0,0,0,0,0,0,0,0,0,0,0,0,0,0,0,0,0,7,6182449,19288677,22638297,0,0,0,0,0,0,0,0,0,0,0,0,0,0,0,0,0,0,0,0,0,0,0,0,0,0,0,0,0,0,0,0,0,0,0,0,0,51527516160,13212663808,3144990,806437,22552792,354,0,384,3145728,16170435,3111910,147,3065229460,51539607552,0,1060892872,0,0,0,0,0,0,0,0,0,0,0,0,0,0,0,0,0,0,7564009,407134766,0,468,1204,7863,623,15128181,35,0,0,0,0,0,0,0,1,0,0,0,0,0,0,0,0,0,0,21272218,0,22552497,193516,0,0,0,0,0,0,0,0,16384,0,0,0,0,0,0,0,0,0,0,0,4090,115,0,0,0,0,0,22987829,0,72,0,16,115,4090,0,0,0,0,0,0,0,0,0,0,0,0,0,0,0,0,0,0,0,0,0,0,0,0,0,0,0,0,0,0,0,0,0,0,0,0,0,0,0,0,0,0,0,0,0,0,0,0,0,0,0,0,0,0,164656874,0,0,0,863797705,0,0,0,0,0,0,0,21427492,20658462,189025433,192815793664,18476253,0,0,0,0,0,0,0,0,0,0,0,0,0,0,0,0,0,0,0,0,0,0,0,0,0,0,0,0,0,0,0,205,0,0,0,0,0,0,0
1787686499.811,0,0,0,0,0,0,0,670006772,315864697344,654201100288,0,0,0,0,0,0,0,0,0,0,0,0,0,0,0,0,0,0,0,0,0,0,0,0,0,0,0,0,0,0,0,0,0,0,0,0,0,0,0,0,0,0,0,0,0,0,0,0,0,0,0,0,0,0,0,0,0,0,0,0,7,6182523,19297966,22640872,0,0,0,0,0,0,0,0,0,0,0,0,0,0,0,0,0,0,0,0,0,0,0,0,0,0,0,0,0,0,0,0,0,0,0,0,0,51532742656,13222707200,3145309,807050,22555367,34,0,385,3145728,16179721,3111910,147,3065371108,51539607552,0,1060916016,0,0,0,0,0,0,0,0,0,0,0,0,0,0,0,0,0,0,7564785,407135542,0,468,1204,7863,623,15129733,35,0,0,0,0,0,0,0,1,0,0,0,0,0,0,0,0,0,0,21273200,0,22555072,193540,0,0,0,0,0,0,0,0,16384,0,0,0,0,0,0,0,0,0,0,0,4092,115,0,0,0,0,0,22990184,0,72,0,16,115,4092,0,0,0,0,0,0,0,0,0,0,0,0,0,0,0,0,0,0,0,0,0,0,0,0,0,0,0,0,0,0,0,0,0,0,0,0,0,0,0,0,0,0,0,0,0,0,0,0,0,0,0,0,0,0,164659211,0,0,0,863811119,0,0,0,0,0,0,0,21429329,20667751,189030365,192819682304,18477688,0,0,0,0,0,0,0,0,0,0,0,0,0,0,0,0,0,0,0,0,0,0,0,0,0,0,0,0,0,0,0,144,0,0,0,0,0,0,0
1787686500.880,0,0,0,0,0,0,0,670034150,316014070272,654279821312,0,0,0,0,0,0,0,0,0,0,0,0,0,0,0,0,0,0,0,0,0,0,0,0,0,0,0,0,0,0,0,0,0,0,0,0,0,0,0,0,0,0,0,0,0,0,0,0,0,0,0,0,0,0,0,0,0,0,0,0,7,6182578,19307083,22645307,0,0,0,0,0,0,0,0,0,0,0,0,0,0,0,0,0,0,0,0,0,0,0,0,0,0,0,0,0,0,0,0,0,0,0,0,0,51400900608,13201784832,3137262,805773,22557970,8082,0,384,3145728,16188840,3111910,147,3065509747,51539607552,0,1060938466,0,0,0,0,0,0,0,0,0,0,0,0,0,0,0,0,0,0,7565546,407136304,0,468,1204,7863,623,15131256,35,0,0,0,0,0,0,0,1,0,0,0,0,0,0,0,0,0,0,21274163,0,22559067,193580,0,0,0,0,0,0,0,0,16384,0,0,0,0,0,0,0,0,0,0,0,4093,115,0,0,0,0,0,22992502,0,72,0,16,115,4093,0,0,0,0,0,0,0,0,0,0,0,0,0,0,0,0,0,0,0,0,0,0,0,0,0,0,0,0,0,0,0,0,0,0,0,0,0,0,0,0,0,0,0,0,0,0,0,0,0,0,0,0,0,0,164661540,0,0,0,863824318,0,0,0,0,0,0,0,21431360,20676865,189037241,192823377920,18479119,1,0,0,0,0,0,0,0,0,0,0,0,0,0,0,0,0,0,0,0,0,0,0,0,0,0,0,0,0,0,0,36,0,0,0,0,0,0,0
1787686501.951,0,0,0,0,0,0,0,670061899,316164131328,654337972736,0,0,0,0,0,0,0,0,0,0,0,0,0,0,0,0,0,0,0,0,0,0,0,0,0,0,0,0,0,0,0,0,0,0,0,0,0,0,0,0,0,0,0,0,0,0,0,0,0,0,0,0,0,0,0,0,0,0,0,0,7,6182633,19316243,22648639,0,0,0,0,0,0,0,0,0,0,0,0,0,0,0,0,0,0,0,0,0,0,0,0,0,0,0,0,0,0,0,0,0,0,0,0,0,51409534976,13198966784,3137789,805601,22563134,7555,0,384,3145728,16197996,3111910,147,3065648847,51539607552,0,1060960311,0,0,0,0,0,0,0,0,0,0,0,0,0,0,0,0,0,0,7566319,407137077,0,468,1204,7863,623,15132801,35,0,0,0,0,0,0,0,1,0,0,0,0,0,0,0,0,0,0,21275138,0,22562839,193612,0,0,0,0,0,0,0,0,16384,0,0,0,0,0,0,0,0,0,0,0,4094,115,0,0,0,0,0,22994850,0,72,0,16,115,4094,0,0,0,0,0,0,0,0,0,0,0,0,0,0,0,0,0,0,0,0,0,0,0,0,0,0,0,0,0,0,0,0,0,0,0,0,0,0,0,0,0,0,0,0,0,0,0,0,0,0,0,0,0,0,164663789,0,0,0,863837385,0,0,0,0,0,0,0,21433286,20686024,189042779,192826955776,18480492,1,0,0,0,0,0,0,0,0,0,0,0,0,0,0,0,0,0,0,0,0,0,0,0,0,0,0,0,0,0,0,239,0,0,0,0,0,0,0
1787686503.022,0,0,0,0,0,0,0,670089849,316314978816,654384395264,0,0,0,0,0,0,0,0,0,0,0,0,0,0,0,0,0,0,0,0,0,0,0,0,0,0,0,0,0,0,0,0,0,0,0,0,0,0,0,0,0,0,0,0,0,0,0,0,0,0,0,0,0,0,0,0,0,0,0,0,7,6182684,19325451,22651172,0,0,0,0,0,0,0,0,0,0,0,0,0,0,0,0,0,0,0,0,0,0,0,0,0,0,0,0,0,0,0,0,0,0,0,0,0,51419529216,13209927680,3138399,806270,22565667,6945,0,384,3145728,16207202,3111910,147,3065790063,51539607552,0,1060983134,0,0,0,0,0,0,0,0,0,0,0,0,0,0,0,0,0,0,7567097,407137855,0,468,1204,7863,623,15134358,35,0,0,0,0,0,0,0,1,0,0,0,0,0,0,0,0,0,0,21276125,0,22565372,193636,0,0,0,0,0,0,0,0,16384,0,0,0,0,0,0,0,0,0,0,0,4095,115,0,0,0,0,0,22997210,0,72,0,16,115,4095,0,0,0,0,0,0,0,0,0,0,0,0,0,0,0,0,0,0,0,0,0,0,0,0,0,0,0,0,0,0,0,0,0,0,0,0,0,0,0,0,0,0,0,0,0,0,0,0,0,0,0,0,0,0,164666162,0,0,0,863850818,0,0,0,0,0,0,0,21435121,20695229,189047708,192830707200,18481924,0,0,0,0,0,0,0,0,0,0,0,0,0,0,0,0,0,0,0,0,0,0,0,0,0,0,0,0,0,0,0,174,0,0,0,0,0,0,0
1787686504.092,0,0,0,0,0,0,0,670117726,316467300864,654431099904,0,0,0,0,0,0,0,0,0,0,0,0,0,0,0,0,0,0,0,0,0,0,0,0,0,0,0,0,0,0,0,0,0,0,0,0,0,0,0,0,0,0,0,0,0,0,0,0,0,0,0,0,0,0,0,0,0,0,0,0,7,6182751,19334753,22653709,0,0,0,0,0,0,0,0,0,0,0,0,0,0,0,0,0,0,0,0,0,0,0,0,0,0,0,0,0,0,0,0,0,0,0,0,0,51431636992,13221019648,3139138,806947,22568204,6206,0,384,3145728,16216504,3111910,147,3065931051,51539607552,0,1061005994,0,0,0,0,0,0,0,0,0,0,0,0,0,0,0,0,0,0,7567871,407138629,0,468,1204,7863,623,15135906,35,0,0,0,0,0,0,0,1,0,0,0,0,0,0,0,0,0,0,21277105,0,22567909,193660,0,0,0,0,0,0,0,0,16384,0,0,0,0,0,0,0,0,0,0,0,4096,115,0,0,0,0,0,22999562,0,72,0,16,115,4096,0,0,0,0,0,0,0,0,0,0,0,0,0,0,0,0,0,0,0,0,0,0,0,0,0,0,0,0,0,0,0,0,0,0,0,0,0,0,0,0,0,0,0,0,0,0,0,0,0,0,0,0,0,0,164668508,0,0,0,863864152,0,0,0,0,0,0,0,21436906,20704527,189052615,192834523136,18483333,0,0,0,0,0,0,0,0,0,0,0,0,0,0,0,0,0,0,0,0,0,0,0,0,0,0,0,0,0,0,0,143,0,0,0,0,0,0,0
1787686505.162,0,0,0,0,0,0,0,670145782,316621081088,654478575616,0,0,0,0,0,0,0,0,0,0,0,0,0,0,0,0,0,0,0,0,0,0,0,0,0,0,0,0,0,0,0,0,0,0,0,0,0,0,0,0,0,0,0,0,0,0,0,0,0,0,0,0,0,0,0,0,0,0,0,0,7,6182812,19344143,22656291,0,0,0,0,0,0,0,0,0,0,0,0,0,0,0,0,0,0,0,0,0,0,0,0,0,0,0,0,0,0,0,0,0,0,0,0,0,51441696768,13231112192,3139752,807563,22570786,5591,0,384,3145728,16225894,3111910,147,3066073002,51539607552,0,1061028816,0,0,0,0,0,0,0,0,0,0,0,0,0,0,0,0,0,0,7568652,407139410,0,468,1204,7863,623,15137469,35,0,0,0,0,0,0,0,1,0,0,0,0,0,0,0,0,0,0,21278094,0,22570491,193685,0,0,0,0,0,0,0,0,16384,0,0,0,0,0,0,0,0,0,0,0,4097,115,0,0,0,0,0,23001943,0,72,0,16,115,4097,0,0,0,0,0,0,0,0,0,0,0,0,0,0,0,0,0,0,0,0,0,0,0,0,0,0,0,0,0,0,0,0,0,0,0,0,0,0,0,0,0,0,0,0,0,0,0,0,0,0,0,0,0,0,164670848,0,0,0,863877637,0,0,0,0,0,0,0,21438641,20713915,189057560,192838366720,18484736,0,0,0,0,0,0,0,0,0,0,0,0,0,0,0,0,0,0,0,0,0,0,0,0,0,0,0,0,0,0,0,87,0,0,0,0,0,0,0
1787686506.232,0,0,0,0,0,0,0,670173865,316773370368,654524895744,0,0,0,0,0,0,0,0,0,0,0,0,0,0,0,0,0,0,0,0,0,0,0,0,0,0,0,0,0,0,0,0,0,0,0,0,0,0,0,0,0,0,0,0,0,0,0,0,0,0,0,0,0,0,0,0,0,0,0,0,7,6182864,19353440,22658830,0,0,0,0,0,0,0,0,0,0,0,0,0,0,0,0,0,0,0,0,0,0,0,0,0,0,0,0,0,0,0,0,0,0,0,0,0,51451641856,13241679872,3140359,808208,22573325,4985,0,384,3145728,16235188,3111910,147,3066214718,51539607552,0,1061051468,0,0,0,0,0,0,0,0,0,0,0,0,0,0,0,0,0,0,7569437,407140195,0,468,1204,7863,623,15139037,35,0,0,0,0,0,0,0,1,0,0,0,0,0,0,0,0,0,0,21279083,0,22573030,193709,0,0,0,0,0,0,0,0,16384,0,0,0,0,0,0,0,0,0,0,0,4098,115,0,0,0,0,0,23004338,0,72,0,16,115,4098,0,0,0,0,0,0,0,0,0,0,0,0,0,0,0,0,0,0,0,0,0,0,0,0,0,0,0,0,0,0,0,0,0,0,0,0,0,0,0,0,0,0,0,0,0,0,0,0,0,0,0,0,0,0,164673247,0,0,0,863891155,0,0,0,0,0,0,0,21440444,20723212,189062519,192841946112,18486195,0,0,0,0,0,0,0,0,0,0,0,0,0,0,0,0,0,0,0,0,0,0,0,0,0,0,0,0,0,0,0,23,0,0,0,0,0,0,0
1787686507.302,0,0,0,0,0,0,0,670201385,316923021824,654571343872,0,0,0,0,0,0,0,0,0,0,0,0,0,0,0,0,0,0,0,0,0,0,0,0,0,0,0,0,0,0,0,0,0,0,0,0,0,0,0,0,0,0,0,0,0,0,0,0,0,0,0,0,0,0,0,0,0,0,0,0,7,6182927,19362580,22661353,0,0,0,0,0,0,0,0,0,0,0,0,0,0,0,0,0,0,0,0,0,0,0,0,0,0,0,0,0,0,0,0,0,0,0,0,0,51460292608,13251805184,3140887,808826,22575848,4457,0,384,3145728,16244324,3111910,147,3066353038,51539607552,0,1061073438,0,0,0,0,0,0,0,0,0,0,0,0,0,0,0,0,0,0,7570202,407140960,0,468,1204,7863,623,15140567,35,0,0,0,0,0,0,0,1,0,0,0,0,0,0,0,0,0,0,21280052,0,22575553,193733,0,0,0,0,0,0,0,0,16384,0,0,0,0,0,0,0,0,0,0,0,4099,115,0,0,0,0,0,23006654,0,72,0,16,115,4099,0,0,0,0,0,0,0,0,0,0,0,0,0,0,0,0,0,0,0,0,0,0,0,0,0,0,0,0,0,0,0,0,0,0,0,0,0,0,0,0,0,0,0,0,0,0,0,0,0,0,0,0,0,0,164675520,0,0,0,863904109,0,0,0,0,0,0,0,21442205,20732342,189067338,192845722112,18487551,0,0,0,0,0,0,0,0,0,0,0,0,0,0,0,0,0,0,0,0,0,0,0,0,0,0,0,0,0,0,0,221,0,0,0,0,0,0,0
1787686508.371,0,0,0,0,0,0,0,670229299,317075802624,654617256960,0,0,0,0,0,0,0,0,0,0,0,0,0,0,0,0,0,0,0,0,0,0,0,0,0,0,0,0,0,0,0,0,0,0,0,0,0,0,0,0,0,0,0,0,0,0,0,0,0,0,0,0,0,0,0,0,0,0,0,0,7,6182988,19371909,22663862,0,0,0,0,0,0,0,0,0,0,0,0,0,0,0,0,0,0,0,0,0,0,0,0,0,0,0,0,0,0,0,0,0,0,0,0,0,51472711680,13263699968,3141645,809552,22578357,3699,0,384,3145728,16253648,3111910,147,3066494174,51539607552,0,1061096299,0,0,0,0,0,0,0,0,0,0,0,0,0,0,0,0,0,0,7570978,407141736,0,468,1204,7863,623,15142119,35,0,0,0,0,0,0,0,1,0,0,0,0,0,0,0,0,0,0,21281025,0,22578062,193757,0,0,0,0,0,0,0,0,16384,0,0,0,0,0,0,0,0,0,0,0,4100,115,0,0,0,0,0,23009014,0,72,0,16,115,4100,0,0,0,0,0,0,0,0,0,0,0,0,0,0,0,0,0,0,0,0,0,0,0,0,0,0,0,0,0,0,0,0,0,0,0,0,0,0,0,0,0,0,0,0,0,0,0,0,0,0,0,0,0,0,164677851,0,0,0,863917545,0,0,0,0,0,0,0,21444027,20741668,189072202,192849243136,18488953,0,0,0,0,0,0,0,0,0,0,0,0,0,0,0,0,0,0,0,0,0,0,0,0,0,0,0,0,0,0,0,107,0,0,0,0,0,0,0
1787686509.440,0,0,0,0,0,0,0,670256822,317227567616,654663905792,0,0,0,0,0,0,0,0,0,0,0,0,0,0,0,0,0,0,0,0,0,0,0,0,0,0,0,0,0,0,0,0,0,0,0,0,0,0,0,0,0,0,0,0,0,0,0,0,0,0,0,0,0,0,0,0,0,0,0,0,7,6183048,19381175,22666429,0,0,0,0,0,0,0,0,0,0,0,0,0,0,0,0,0,0,0,0,0,0,0,0,0,0,0,0,0,0,0,0,0,0,0,0,0,51482165248,13273923584,3142222,810176,22580924,3122,0,384,3145728,16262911,3111910,147,3066633337,51539607552,0,1061118560,0,0,0,0,0,0,0,0,0,0,0,0,0,0,0,0,0,0,7571746,407142504,0,468,1204,7863,623,15143655,35,0,0,0,0,0,0,0,1,0,0,0,0,0,0,0,0,0,0,21281996,0,22580629,193781,0,0,0,0,0,0,0,0,16384,0,0,0,0,0,0,0,0,0,0,0,4101,115,0,0,0,0,0,23011348,0,72,0,16,115,4101,0,0,0,0,0,0,0,0,0,0,0,0,0,0,0,0,0,0,0,0,0,0,0,0,0,0,0,0,0,0,0,0,0,0,0,0,0,0,0,0,0,0,0,0,0,0,0,0,0,0,0,0,0,0,164680159,0,0,0,863930811,0,0,0,0,0,0,0,21445827,20750930,189077100,192852753920,18490370,0,0,0,0,0,0,0,0,0,0,0,0,0,0,0,0,0,0,0,0,0,0,0,0,0,0,0,0,0,0,0,20,0,0,0,0,0,0,0
1787686510.509,0,0,0,0,0,0,0,670284970,317380200960,654711388160,0,0,0,0,0,0,0,0,0,0,0,0,0,0,0,0,0,0,0,0,0,0,0,0,0,0,0,0,0,0,0,0,0,0,0,0,0,0,0,0,0,0,0,0,0,0,0,0,0,0,0,0,0,0,0,0,0,0,0,0,7,6183102,19390490,22669036,0,0,0,0,0,0,0,0,0,0,0,0,0,0,0,0,0,0,0,0,0,0,0,0,0,0,0,0,0,0,0,0,0,0,0,0,0,51493093376,13284048896,3142889,810794,22583531,2455,0,384,3145728,16272225,3111910,147,3066774473,51539607552,0,1061140971,0,0,0,0,0,0,0,0,0,0,0,0,0,0,0,0,0,0,7572527,407143285,0,468,1204,7863,623,15145218,35,0,0,0,0,0,0,0,1,0,0,0,0,0,0,0,0,0,0,21282983,0,22583236,193806,0,0,0,0,0,0,0,0,16384,0,0,0,0,0,0,0,0,0,0,0,4102,115,0,0,0,0,0,23013720,0,72,0,16,115,4102,0,0,0,0,0,0,0,0,0,0,0,0,0,0,0,0,0,0,0,0,0,0,0,0,0,0,0,0,0,0,0,0,0,0,0,0,0,0,0,0,0,0,0,0,0,0,0,0,0,0,0,0,0,0,164682564,0,0,0,863944021,0,0,0,0,0,0,0,21447779,20760247,189082136,192856345600,18491907,0,0,0,0,0,0,0,0,0,0,0,0,0,0,0,0,0,0,0,0,0,0,0,0,0,0,0,0,0,0,0,233,0,0,0,0,0,0,0
1787686511.579,0,0,0,0,0,0,0,670313313,317536389632,654758605824,0,0,0,0,0,0,0,0,0,0,0,0,0,0,0,0,0,0,0,0,0,0,0,0,0,0,0,0,0,0,0,0,0,0,0,0,0,0,0,0,0,0,0,0,0,0,0,0,0,0,0,0,0,0,0,0,0,0,0,0,7,6183166,19400028,22671602,0,0,0,0,0,0,0,0,0,0,0,0,0,0,0,0,0,0,0,0,0,0,0,0,0,0,0,0,0,0,0,0,0,0,0,0,0,51505905664,13295599616,3143671,811499,22586097,1673,0,384,3145728,16281763,3111910,147,3066917717,51539607552,0,1061163908,0,0,0,0,0,0,0,0,0,0,0,0,0,0,0,0,0,0,7573317,407144075,0,468,1204,7863,623,15146797,35,0,0,0,0,0,0,0,1,0,0,0,0,0,0,0,0,0,0,21283982,0,22585802,193830,0,0,0,0,0,0,0,0,16384,0,0,0,0,0,0,0,0,0,0,0,4103,115,0,0,0,0,0,23016134,0,72,0,16,115,4103,0,0,0,0,0,0,0,0,0,0,0,0,0,0,0,0,0,0,0,0,0,0,0,0,0,0,0,0,0,0,0,0,0,0,0,0,0,0,0,0,0,0,0,0,0,0,0,0,0,0,0,0,0,0,164684980,0,0,0,863957642,0,0,0,0,0,0,0,21449659,20769782,189087142,192860203008,18493387,0,0,0,0,0,0,0,0,0,0,0,0,0,0,0,0,0,0,0,0,0,0,0,0,0,0,0,0,0,0,0,185,0,0,0,0,0,0,0
1787686512.650,0,0,0,0,0,0,0,670341469,317691578880,654806204416,0,0,0,0,0,0,0,0,0,0,0,0,0,0,0,0,0,0,0,0,0,0,0,0,0,0,0,0,0,0,0,0,0,0,0,0,0,0,0,0,0,0,0,0,0,0,0,0,0,0,0,0,0,0,0,0,0,0,0,0,7,6183223,19409498,22674205,0,0,0,0,0,0,0,0,0,0,0,0,0,0,0,0,0,0,0,0,0,0,0,0,0,0,0,0,0,0,0,0,0,0,0,0,0,51515129856,13305872384,3144234,812126,22588700,1110,0,384,3145728,16291232,3111910,147,3067060203,51539607552,0,1061186947,0,0,0,0,0,0,0,0,0,0,0,0,0,0,0,0,0,0,7574100,407144858,0,468,1204,7863,623,15148363,35,0,0,0,0,0,0,0,1,0,0,0,0,0,0,0,0,0,0,21284968,0,22588405,193856,0,0,0,0,0,0,0,0,16384,0,0,0,0,0,0,0,0,0,0,0,4104,115,0,0,0,0,0,23018516,0,72,0,16,115,4104,0,0,0,0,0,0,0,0,0,0,0,0,0,0,0,0,0,0,0,0,0,0,0,0,0,0,0,0,0,0,0,0,0,0,0,0,0,0,0,0,0,0,0,0,0,0,0,0,0,0,0,0,0,0,164687336,0,0,0,863971172,0,0,0,0,0,0,0,21451562,20779250,189092127,192863833600,18494895,0,0,0,0,0,0,0,0,0,0,0,0,0,0,0,0,0,0,0,0,0,0,0,0,0,0,0,0,0,0,0,99,0,0,0,0,0,0,0
1787686513.720,0,0,0,0,0,0,0,670369568,317843196416,654854144512,0,0,0,0,0,0,0,0,0,0,0,0,0,0,0,0,0,0,0,0,0,0,0,0,0,0,0,0,0,0,0,0,0,0,0,0,0,0,0,0,0,0,0,0,0,0,0,0,0,0,0,0,0,0,0,0,0,0,0,0,7,6183284,19418750,22676816,0,0,0,0,0,0,0,0,0,0,0,0,0,0,0,0,0,0,0,0,0,0,0,0,0,0,0,0,0,0,0,0,0,0,0,0,0,51522387968,13314424832,3144677,812648,22591311,667,0,384,3145728,16300485,3111910,147,3067202280,51539607552,0,1061209954,0,0,0,0,0,0,0,0,0,0,0,0,0,0,0,0,0,0,7574883,407145641,0,468,1204,7863,623,15149929,35,0,0,0,0,0,0,0,1,0,0,0,0,0,0,0,0,0,0,21285957,0,22591016,193880,0,0,0,0,0,0,0,0,16384,0,0,0,0,0,0,0,0,0,0,0,4105,115,0,0,0,0,0,23020900,0,72,0,16,115,4105,0,0,0,0,0,0,0,0,0,0,0,0,0,0,0,0,0,0,0,0,0,0,0,0,0,0,0,0,0,0,0,0,0,0,0,0,0,0,0,0,0,0,0,0,0,0,0,0,0,0,0,0,0,0,164689731,0,0,0,863984704,0,0,0,0,0,0,0,21453475,20788502,189097155,192867697152,18496388,0,0,0,0,0,0,0,0,0,0,0,0,0,0,0,0,0,0,0,0,0,0,0,0,0,0,0,0,0,0,0,20,0,0,0,0,0,0,0
1787686514.790,0,0,0,0,0,0,0,670397584,317996452352,654901527040,0,0,0,0,0,0,0,0,0,0,0,0,0,0,0,0,0,0,0,0,0,0,0,0,0,0,0,0,0,0,0,0,0,0,0,0,0,0,0,0,0,0,0,0,0,0,0,0,0,0,0,0,0,0,0,0,0,0,0,0,7,6183338,19428109,22679406,0,0,0,0,0,0,0,0,0,0,0,0,0,0,0,0,0,0,0,0,0,0,0,0,0,0,0,0,0,0,0,0,0,0,0,0,0,51531612160,13324107776,3145240,813239,22593901,104,0,384,3145728,16309843,3111910,147,3067342642,51539607552,0,1061231796,0,0,0,0,0,0,0,0,0,0,0,0,0,0,0,0,0,0,7575663,407146421,0,468,1204,7863,623,15151491,35,0,0,0,0,0,0,0,1,0,0,0,0,0,0,0,0,0,0,21286944,0,22593606,193905,0,0,0,0,0,0,0,0,16384,0,0,0,0,0,0,0,0,0,0,0,4107,115,0,0,0,0,0,23023271,0,72,0,16,115,4107,0,0,0,0,0,0,0,0,0,0,0,0,0,0,0,0,0,0,0,0,0,0,0,0,0,0,0,0,0,0,0,0,0,0,0,0,0,0,0,0,0,0,0,0,0,0,0,0,0,0,0,0,0,0,164692024,0,0,0,863997894,0,0,0,0,0,0,0,21455296,20797856,189102060,192871335424,18497789,0,0,0,0,0,0,0,0,0,0,0,0,0,0,0,0,0,0,0,0,0,0,0,0,0,0,0,0,0,0,0,252,0,0,0,0,0,0,0
1787686515.860,0,0,0,0,0,0,0,670425204,318146693632,654962698752,0,0,0,0,0,0,0,0,0,0,0,0,0,0,0,0,0,0,0,0,0,0,0,0,0,0,0,0,0,0,0,0,0,0,0,0,0,0,0,0,0,0,0,0,0,0,0,0,0,0,0,0,0,0,0,0,0,0,0,0,7,6183408,19437282,22682493,0,0,0,0,0,0,0,0,0,0,0,0,0,0,0,0,0,0,0,0,0,0,0,0,0,0,0,0,0,0,0,0,0,0,0,0,0,51405864960,13325287424,3137565,813311,22596445,7779,0,384,3145728,16319014,3111910,147,3067482705,51539607552,0,1061254638,0,0,0,0,0,0,0,0,0,0,0,0,0,0,0,0,0,0,7576430,407147188,0,468,1204,7863,623,15153023,35,0,0,0,0,0,0,0,1,0,0,0,0,0,0,0,0,0,0,21287917,0,22596150,193938,0,0,0,0,0,0,0,0,16384,0,0,0,0,0,0,0,0,0,0,0,4108,115,0,0,0,0,0,23025604,0,72,0,16,115,4108,0,0,0,0,0,0,0,0,0,0,0,0,0,0,0,0,0,0,0,0,0,0,0,0,0,0,0,0,0,0,0,0,0,0,0,0,0,0,0,0,0,0,0,0,0,0,0,0,0,0,0,0,0,0,164694346,0,0,0,864011128,0,0,0,0,0,0,0,21457169,20807029,189107854,192875200000,18499219,1,0,0,0,0,0,0,0,0,0,0,0,0,0,0,0,0,0,0,0,0,0,0,0,0,0,0,0,0,0,0,198,0,0,0,0,0,0,0
1787686516.931,0,0,0,0,0,0,0,670452473,318294477312,655036948992,0,0,0,0,0,0,0,0,0,0,0,0,0,0,0,0,0,0,0,0,0,0,0,0,0,0,0,0,0,0,0,0,0,0,0,0,0,0,0,0,0,0,0,0,0,0,0,0,0,0,0,0,0,0,0,0,0,0,0,0,7,6183465,19446304,22687085,0,0,0,0,0,0,0,0,0,0,0,0,0,0,0,0,0,0,0,0,0,0,0,0,0,0,0,0,0,0,0,0,0,0,0,0,0,51407224832,13301563392,3137648,811863,22601580,7696,0,384,3145728,16328036,3111910,147,3067620588,51539607552,0,1061276924,0,0,0,0,0,0,0,0,0,0,0,0,0,0,0,0,0,0,7577191,407147949,0,468,1204,7863,623,15154545,35,0,0,0,0,0,0,0,1,0,0,0,0,0,0,0,0,0,0,21288878,0,22601285,193978,0,0,0,0,0,0,0,0,16384,0,0,0,0,0,0,0,0,0,0,0,4109,115,0,0,0,0,0,23027927,0,72,0,16,115,4109,0,0,0,0,0,0,0,0,0,0,0,0,0,0,0,0,0,0,0,0,0,0,0,0,0,0,0,0,0,0,0,0,0,0,0,0,0,0,0,0,0,0,0,0,0,0,0,0,0,0,0,0,0,0,164696668,0,0,0,864024290,0,0,0,0,0,0,0,21459322,20816050,189114452,192878765568,18500602,0,0,0,0,0,0,0,0,0,0,0,0,0,0,0,0,0,0,0,0,0,0,0,0,0,0,0,0,0,0,0,97,0,0,0,0,0,0,0
1787686518.002,0,0,0,0,0,0,0,670480251,318447929856,655083965440,0,0,0,0,0,0,0,0,0,0,0,0,0,0,0,0,0,0,0,0,0,0,0,0,0,0,0,0,0,0,0,0,0,0,0,0,0,0,0,0,0,0,0,0,0,0,0,0,0,0,0,0,0,0,0,0,0,0,0,0,7,6183526,19455671,22689672,0,0,0,0,0,0,0,0,0,0,0,0,0,0,0,0,0,0,0,0,0,0,0,0,0,0,0,0,0,0,0,0,0,0,0,0,0,51417858048,13309820928,3138297,812367,22604167,7046,0,385,3145728,16337402,3111910,147,3067760599,51539607552,0,1061299007,0,0,0,0,0,0,0,0,0,0,0,0,0,0,0,0,0,0,7577966,407148724,0,468,1204,7863,623,15156095,35,0,0,0,0,0,0,0,1,0,0,0,0,0,0,0,0,0,0,21289859,0,22603872,194002,0,0,0,0,0,0,0,0,16384,0,0,0,0,0,0,0,0,0,0,0,4110,115,0,0,0,0,0,23030291,0,72,0,16,115,4110,0,0,0,0,0,0,0,0,0,0,0,0,0,0,0,0,0,0,0,0,0,0,0,0,0,0,0,0,0,0,0,0,0,0,0,0,0,0,0,0,0,0,0,0,0,0,0,0,0,0,0,0,0,0,164698996,0,0,0,864037633,0,0,0,0,0,0,0,21461120,20825416,189119391,192882209280,18502009,0,0,0,0,0,0,0,0,0,0,0,0,0,0,0,0,0,0,0,0,0,0,0,0,0,0,0,0,0,0,0,50,0,0,0,0,0,0,0
1787686519.072,0,0,0,0,0,0,0,670507908,318598515200,655130964480,0,0,0,0,0,0,0,0,0,0,0,0,0,0,0,0,0,0,0,0,0,0,0,0,0,0,0,0,0,0,0,0,0,0,0,0,0,0,0,0,0,0,0,0,0,0,0,0,0,0,0,0,0,0,0,0,0,0,0,0,7,6183588,19464868,22692230,0,0,0,0,0,0,0,0,0,0,0,0,0,0,0,0,0,0,0,0,0,0,0,0,0,0,0,0,0,0,0,0,0,0,0,0,0,51426770944,13319716864,3138841,812971,22606725,6503,0,384,3145728,16346597,3111910,147,3067899506,51539607552,0,1061321218,0,0,0,0,0,0,0,0,0,0,0,0,0,0,0,0,0,0,7578734,407149492,0,468,1204,7863,623,15157631,35,0,0,0,0,0,0,0,1,0,0,0,0,0,0,0,0,0,0,21290828,0,22606430,194026,0,0,0,0,0,0,0,0,16384,0,0,0,0,0,0,0,0,0,0,0,4111,115,0,0,0,0,0,23032629,0,72,0,16,115,4111,0,0,0,0,0,0,0,0,0,0,0,0,0,0,0,0,0,0,0,0,0,0,0,0,0,0,0,0,0,0,0,0,0,0,0,0,0,0,0,0,0,0,0,0,0,0,0,0,0,0,0,0,0,0,164701348,0,0,0,864050656,0,0,0,0,0,0,0,21463027,20834607,189124323,192886001152,18503489,0,0,0,0,0,0,0,0,0,0,0,0,0,0,0,0,0,0,0,0,0,0,0,0,0,0,0,0,0,0,0,238,0,0,0,0,0,0,0
1787686520.142,0,0,0,0,0,0,0,670535919,318751672832,655177027072,0,0,0,0,0,0,0,0,0,0,0,0,0,0,0,0,0,0,0,0,0,0,0,0,0,0,0,0,0,0,0,0,0,0,0,0,0,0,0,0,0,0,0,0,0,0,0,0,0,0,0,0,0,0,0,0,0,0,0,0,7,6183663,19474220,22694733,0,0,0,0,0,0,0,0,0,0,0,0,0,0,0,0,0,0,0,0,0,0,0,0,0,0,0,0,0,0,0,0,0,0,0,0,0,51438403584,13331578880,3139551,813695,22609228,5793,0,384,3145728,16355947,3111910,147,3068041271,51539607552,0,1061344218,0,0,0,0,0,0,0,0,0,0,0,0,0,0,0,0,0,0,7579512,407150270,0,468,1204,7863,623,15159187,35,0,0,0,0,0,0,0,1,0,0,0,0,0,0,0,0,0,0,21291812,0,22608933,194050,0,0,0,0,0,0,0,0,16384,0,0,0,0,0,0,0,0,0,0,0,4112,115,0,0,0,0,0,23034991,0,72,0,16,115,4112,0,0,0,0,0,0,0,0,0,0,0,0,0,0,0,0,0,0,0,0,0,0,0,0,0,0,0,0,0,0,0,0,0,0,0,0,0,0,0,0,0,0,0,0,0,0,0,0,0,0,0,0,0,0,164703684,0,0,0,864064081,0,0,0,0,0,0,0,21464901,20843954,189129190,192889725952,18504961,0,0,0,0,0,0,0,0,0,0,0,0,0,0,0,0,0,0,0,0,0,0,0,0,0,0,0,0,0,0,0,184,0,0,0,0,0,0,0
1787686521.212,0,0,0,0,0,0,0,670564115,318904109568,655225280512,0,0,0,0,0,0,0,0,0,0,0,0,0,0,0,0,0,0,0,0,0,0,0,0,0,0,0,0,0,0,0,0,0,0,0,0,0,0,0,0,0,0,0,0,0,0,0,0,0,0,0,0,0,0,0,0,0,0,0,0,7,6183731,19483524,22697363,0,0,0,0,0,0,0,0,0,0,0,0,0,0,0,0,0,0,0,0,0,0,0,0,0,0,0,0,0,0,0,0,0,0,0,0,0,51448872960,13341327360,3140190,814290,22611858,5154,0,384,3145728,16365253,3111910,147,3068184017,51539607552,0,1061367629,0,0,0,0,0,0,0,0,0,0,0,0,0,0,0,0,0,0,7580295,407151053,0,468,1204,7863,623,15160753,35,0,0,0,0,0,0,0,1,0,0,0,0,0,0,0,0,0,0,21292804,0,22611563,194077,0,0,0,0,0,0,0,0,16384,0,0,0,0,0,0,0,0,0,0,0,4113,115,0,0,0,0,0,23037375,0,72,0,16,115,4113,0,0,0,0,0,0,0,0,0,0,0,0,0,0,0,0,0,0,0,0,0,0,0,0,0,0,0,0,0,0,0,0,0,0,0,0,0,0,0,0,0,0,0,0,0,0,0,0,0,0,0,0,0,0,164706041,0,0,0,864077571,0,0,0,0,0,0,0,21466772,20853257,189134203,192893625344,18506373,0,0,0,0,0,0,0,0,0,0,0,0,0,0,0,0,0,0,0,0,0,0,0,0,0,0,0,0,0,0,0,151,0,0,0,0,0,0,0
1787686522.282,0,0,0,0,0,0,0,670591738,319055989248,655271510016,0,0,0,0,0,0,0,0,0,0,0,0,0,0,0,0,0,0,0,0,0,0,0,0,0,0,0,0,0,0,0,0,0,0,0,0,0,0,0,0,0,0,0,0,0,0,0,0,0,0,0,0,0,0,0,0,0,0,0,0,7,6183788,19492801,22699882,0,0,0,0,0,0,0,0,0,0,0,0,0,0,0,0,0,0,0,0,0,0,0,0,0,0,0,0,0,0,0,0,0,0,0,0,0,51458211840,13352501248,3140760,814972,22614377,4583,0,384,3145728,16374527,3111910,147,3068323997,51539607552,0,1061390358,0,0,0,0,0,0,0,0,0,0,0,0,0,0,0,0,0,0,7581063,407151821,0,468,1204,7863,623,15162290,35,0,0,0,0,0,0,0,1,0,0,0,0,0,0,0,0,0,0,21293770,0,22614082,194101,0,0,0,0,0,0,0,0,16384,0,0,0,0,0,0,0,0,0,0,0,4114,115,0,0,0,0,0,23039704,0,72,0,16,115,4114,0,0,0,0,0,0,0,0,0,0,0,0,0,0,0,0,0,0,0,0,0,0,0,0,0,0,0,0,0,0,0,0,0,0,0,0,0,0,0,0,0,0,0,0,0,0,0,0,0,0,0,0,0,0,164708373,0,0,0,864090857,0,0,0,0,0,0,0,21468592,20862529,189139078,192897311232,18507809,0,0,0,0,0,0,0,0,0,0,0,0,0,0,0,0,0,0,0,0,0,0,0,0,0,0,0,0,0,0,0,60,0,0,0,0,0,0,0
1787686523.352,0,0,0,0,0,0,0,670619553,319206672896,655316440064,0,0,0,0,0,0,0,0,0,0,0,0,0,0,0,0,0,0,0,0,0,0,0,0,0,0,0,0,0,0,0,0,0,0,0,0,0,0,0,0,0,0,0,0,0,0,0,0,0,0,0,0,0,0,0,0,0,0,0,0,7,6183854,19501998,22702322,0,0,0,0,0,0,0,0,0,0,0,0,0,0,0,0,0,0,0,0,0,0,0,0,0,0,0,0,0,0,0,0,0,0,0,0,0,51468828672,13364707328,3141408,815717,22616817,3935,0,384,3145728,16383723,3111910,147,3068463534,51539607552,0,1061412524,0,0,0,0,0,0,0,0,0,0,0,0,0,0,0,0,0,0,7581836,407152594,0,468,1204,7863,623,15163838,35,0,0,0,0,0,0,0,1,0,0,0,0,0,0,0,0,0,0,21294754,0,22616522,194125,0,0,0,0,0,0,0,0,16384,0,0,0,0,0,0,0,0,0,0,0,4115,115,0,0,0,0,0,23042046,0,72,0,16,115,4115,0,0,0,0,0,0,0,0,0,0,0,0,0,0,0,0,0,0,0,0,0,0,0,0,0,0,0,0,0,0,0,0,0,0,0,0,0,0,0,0,0,0,0,0,0,0,0,0,0,0,0,0,0,0,164710680,0,0,0,864103920,0,0,0,0,0,0,0,21470378,20871724,189143848,192901048320,18509212,0,0,0,0,0,0,0,0,0,0,0,0,0,0,0,0,0,0,0,0,0,0,0,0,0,0,0,0,0,0,0,285,0,0,0,0,0,0,0
1787686524.421,0,0,0,0,0,0,0,670647199,319358536192,655362835456,0,0,0,0,0,0,0,0,0,0,0,0,0,0,0,0,0,0,0,0,0,0,0,0,0,0,0,0,0,0,0,0,0,0,0,0,0,0,0,0,0,0,0,0,0,0,0,0,0,0,0,0,0,0,0,0,0,0,0,0,7,6183908,19511270,22704854,0,0,0,0,0,0,0,0,0,0,0,0,0,0,0,0,0,0,0,0,0,0,0,0,0,0,0,0,0,0,0,0,0,0,0,0,0,51479609344,13374767104,3142065,816331,22619349,3278,0,385,3145728,16392995,3111910,147,3068603358,51539607552,0,1061435223,0,0,0,0,0,0,0,0,0,0,0,0,0,0,0,0,0,0,7582604,407153362,0,468,1204,7863,623,15165372,35,0,0,0,0,0,0,0,1,0,0,0,0,0,0,0,0,0,0,21295720,0,22619054,194149,0,0,0,0,0,0,0,0,16384,0,0,0,0,0,0,0,0,0,0,0,4116,115,0,0,0,0,0,23044380,0,72,0,16,115,4116,0,0,0,0,0,0,0,0,0,0,0,0,0,0,0,0,0,0,0,0,0,0,0,0,0,0,0,0,0,0,0,0,0,0,0,0,0,0,0,0,0,0,0,0,0,0,0,0,0,0,0,0,0,0,164713046,0,0,0,864117203,0,0,0,0,0,0,0,21472187,20880994,189148769,192904765952,18510632,0,0,0,0,0,0,0,0,0,0,0,0,0,0,0,0,0,0,0,0,0,0,0,0,0,0,0,0,0,0,0,194,0,0,0,0,0,0,0
1787686525.493,0,0,0,0,0,0,0,670675023,319510596096,655410098688,0,0,0,0,0,0,0,0,0,0,0,0,0,0,0,0,0,0,0,0,0,0,0,0,0,0,0,0,0,0,0,0,0,0,0,0,0,0,0,0,0,0,0,0,0,0,0,0,0,0,0,0,0,0,0,0,0,0,0,0,7,6183971,19520552,22707446,0,0,0,0,0,0,0,0,0,0,0,0,0,0,0,0,0,0,0,0,0,0,0,0,0,0,0,0,0,0,0,0,0,0,0,0,0,51491110912,13383843840,3142768,816885,22621941,2576,0,384,3145728,16402277,3111910,147,3068744065,51539607552,0,1061457765,0,0,0,0,0,0,0,0,0,0,0,0,0,0,0,0,0,0,7583381,407154138,0,468,1204,7863,623,15166925,35,0,0,0,0,0,0,0,1,0,0,0,0,0,0,0,0,0,0,21296700,0,22621646,194174,0,0,0,0,0,0,0,0,16384,0,0,0,0,0,0,0,0,0,0,0,4117,115,0,0,0,0,0,23046735,0,72,0,16,115,4117,0,0,0,0,0,0,0,0,0,0,0,0,0,0,0,0,0,0,0,0,0,0,0,0,0,0,0,0,0,0,0,0,0,0,0,0,0,0,0,0,0,0,0,0,0,0,0,0,0,0,0,0,0,0,164715337,0,0,0,864130614,0,0,0,0,0,0,0,21473955,20890275,189153677,192908336640,18512022,0,0,0,0,0,0,0,0,0,0,0,0,0,0,0,0,0,0,0,0,0,0,0,0,0,0,0,0,0,0,0,114,0,0,0,0,0,0,0
1787686526.562,0,0,0,0,0,0,0,670702993,319663213056,655457709568,0,0,0,0,0,0,0,0,0,0,0,0,0,0,0,0,0,0,0,0,0,0,0,0,0,0,0,0,0,0,0,0,0,0,0,0,0,0,0,0,0,0,0,0,0,0,0,0,0,0,0,0,0,0,0,0,0,0,0,0,7,6184032,19529868,22710046,0,0,0,0,0,0,0,0,0,0,0,0,0,0,0,0,0,0,0,0,0,0,0,0,0,0,0,0,0,0,0,0,0,0,0,0,0,51499909120,13393674240,3143305,817485,22624541,2039,0,384,3145728,16411592,3111910,147,3068885558,51539607552,0,1061480803,0,0,0,0,0,0,0,0,0,0,0,0,0,0,0,0,0,0,7584157,407154915,0,468,1204,7863,623,15168477,35,0,0,0,0,0,0,0,1,0,0,0,0,0,0,0,0,0,0,21297681,0,22624246,194199,0,0,0,0,0,0,0,0,16384,0,0,0,0,0,0,0,0,0,0,0,4118,115,0,0,0,0,0,23049096,0,72,0,16,115,4118,0,0,0,0,0,0,0,0,0,0,0,0,0,0,0,0,0,0,0,0,0,0,0,0,0,0,0,0,0,0,0,0,0,0,0,0,0,0,0,0,0,0,0,0,0,0,0,0,0,0,0,0,0,0,164717676,0,0,0,864144031,0,0,0,0,0,0,0,21475779,20899589,189158641,192912068096,18513469,0,0,0,0,0,0,0,0,0,0,0,0,0,0,0,0,0,0,0,0,0,0,0,0,0,0,0,0,0,0,0,36,0,0,0,0,0,0,0
1787686527.631,0,0,0,0,0,0,0,670731004,319816075776,655503023616,0,0,0,0,0,0,0,0,0,0,0,0,0,0,0,0,0,0,0,0,0,0,0,0,0,0,0,0,0,0,0,0,0,0,0,0,0,0,0,0,0,0,0,0,0,0,0,0,0,0,0,0,0,0,0,0,0,0,0,0,7,6184086,19539201,22712533,0,0,0,0,0,0,0,0,0,0,0,0,0,0,0,0,0,0,0,0,0,0,0,0,0,0,0,0,0,0,0,0,0,0,0,0,0,51511066624,13404045312,3143986,818118,22627028,1358,0,384,3145728,16420923,3111910,147,3069025545,51539607552,0,1061502388,0,0,0,0,0,0,0,0,0,0,0,0,0,0,0,0,0,0,7584940,407155698,0,468,1204,7863,623,15170043,35,0,0,0,0,0,0,0,1,0,0,0,0,0,0,0,0,0,0,21298672,0,22626733,194223,0,0,0,0,0,0,0,0,16384,0,0,0,0,0,0,0,0,0,0,0,4119,115,0,0,0,0,0,23051476,0,72,0,16,115,4119,0,0,0,0,0,0,0,0,0,0,0,0,0,0,0,0,0,0,0,0,0,0,0,0,0,0,0,0,0,0,0,0,0,0,0,0,0,0,0,0,0,0,0,0,0,0,0,0,0,0,0,0,0,0,164720015,0,0,0,864157251,0,0,0,0,0,0,0,21477570,20908919,189163490,192915488256,18514893,0,0,0,0,0,0,0,0,0,0,0,0,0,0,0,0,0,0,0,0,0,0,0,0,0,0,0,0,0,0,0,251,0,0,0,0,0,0,0
1787686528.701,0,0,0,0,0,0,0,670758991,319967758848,655549796864,0,0,0,0,0,0,0,0,0,0,0,0,0,0,0,0,0,0,0,0,0,0,0,0,0,0,0,0,0,0,0,0,0,0,0,0,0,0,0,0,0,0,0,0,0,0,0,0,0,0,0,0,0,0,0,0,0,0,0,0,7,6184131,19548463,22715107,0,0,0,0,0,0,0,0,0,0,0,0,0,0,0,0,0,0,0,0,0,0,0,0,0,0,0,0,0,0,0,0,0,0,0,0,0,51520045056,13413400576,3144534,818689,22629602,809,0,384,3145728,16430182,3111910,147,3069166363,51539607552,0,1061524526,0,0,0,0,0,0,0,0,0,0,0,0,0,0,0,0,0,0,7585723,407156481,0,468,1204,7863,623,15171609,35,0,0,0,0,0,0,0,1,0,0,0,0,0,0,0,0,0,0,21299663,0,22629307,194247,0,0,0,0,0,0,0,0,16384,0,0,0,0,0,0,0,0,0,0,0,4120,115,0,0,0,0,0,23053848,0,72,0,16,115,4120,0,0,0,0,0,0,0,0,0,0,0,0,0,0,0,0,0,0,0,0,0,0,0,0,0,0,0,0,0,0,0,0,0,0,0,0,0,0,0,0,0,0,0,0,0,0,0,0,0,0,0,0,0,0,164722321,0,0,0,864170703,0,0,0,0,0,0,0,21479368,20918175,189168390,192918882304,18516347,0,0,0,0,0,0,0,0,0,0,0,0,0,0,0,0,0,0,0,0,0,0,0,0,0,0,0,0,0,0,0,222,0,0,0,0,0,0,0
1787686529.772,0,0,0,0,0,0,0,670786981,320119818752,655596591616,0,0,0,0,0,0,0,0,0,0,0,0,0,0,0,0,0,0,0,0,0,0,0,0,0,0,0,0,0,0,0,0,0,0,0,0,0,0,0,0,0,0,0,0,0,0,0,0,0,0,0,0,0,0,0,0,0,0,0,0,7,6184206,19557745,22717639,0,0,0,0,0,0,0,0,0,0,0,0,0,0,0,0,0,0,0,0,0,0,0,0,0,0,0,0,0,0,0,0,0,0,0,0,0,51529564160,13423575040,3145115,819310,22632134,229,0,384,3145728,16439463,3111910,147,3069308011,51539607552,0,1061547545,0,0,0,0,0,0,0,0,0,0,0,0,0,0,0,0,0,0,7586500,407157258,0,468,1204,7863,623,15173163,35,0,0,0,0,0,0,0,1,0,0,0,0,0,0,0,0,0,0,21300642,0,22631839,194271,0,0,0,0,0,0,0,0,16384,0,0,0,0,0,0,0,0,0,0,0,4121,115,0,0,0,0,0,23056216,0,72,0,16,115,4121,0,0,0,0,0,0,0,0,0,0,0,0,0,0,0,0,0,0,0,0,0,0,0,0,0,0,0,0,0,0,0,0,0,0,0,0,0,0,0,0,0,0,0,0,0,0,0,0,0,0,0,0,0,0,164724722,0,0,0,864184157,0,0,0,0,0,0,0,21481214,20927458,189173349,192922834432,18517817,0,0,0,0,0,0,0,0,0,0,0,0,0,0,0,0,0,0,0,0,0,0,0,0,0,0,0,0,0,0,0,139,0,0,0,0,0,0,0
1787686530.841,0,0,0,0,0,0,0,670814882,320272796160,655643705856,0,0,0,0,0,0,0,0,0,0,0,0,0,0,0,0,0,0,0,0,0,0,0,0,0,0,0,0,0,0,0,0,0,0,0,0,0,0,0,0,0,0,0,0,0,0,0,0,0,0,0,0,0,0,0,0,0,0,0,0,7,6184251,19567083,22720234,0,0,0,0,0,0,0,0,0,0,0,0,0,0,0,0,0,0,0,0,0,0,0,0,0,0,0,0,0,0,0,0,0,0,0,0,0,51533316096,13432799232,3145344,819873,22634729,0,0,384,3145728,16448799,3111910,147,3069448897,51539607552,0,1061569947,0,0,0,0,0,0,0,0,0,0,0,0,0,0,0,0,0,0,7587280,407158038,0,468,1204,7863,623,15174723,35,0,0,0,0,0,0,0,1,0,0,0,0,0,0,0,0,0,0,21301624,0,22634434,194295,0,0,0,0,0,0,0,0,16384,0,0,0,0,0,0,0,0,0,0,0,4123,115,0,0,0,0,0,23058583,0,72,0,16,115,4123,0,0,0,0,0,0,0,0,0,0,0,0,0,0,0,0,0,0,0,0,0,0,0,0,0,0,0,0,0,0,0,0,0,0,0,0,0,0,0,0,0,0,0,0,0,0,0,0,0,0,0,0,0,0,164726975,0,0,0,864197592,0,0,0,0,0,0,0,21482963,20936794,189178217,192926272512,18519180,0,0,0,0,0,0,0,0,0,0,0,0,0,0,0,0,0,0,0,0,0,0,0,0,0,0,0,0,0,0,0,74,0,0,0,0,0,0,0
1787686531.911,0,0,0,0,0,0,0,670842019,320420694528,655731904000,0,0,0,0,0,0,0,0,0,0,0,0,0,0,0,0,0,0,0,0,0,0,0,0,0,0,0,0,0,0,0,0,0,0,0,0,0,0,0,0,0,0,0,0,0,0,0,0,0,0,0,0,0,0,0,0,0,0,0,0,7,6184314,19576110,22725321,0,0,0,0,0,0,0,0,0,0,0,0,0,0,0,0,0,0,0,0,0,0,0,0,0,0,0,0,0,0,0,0,0,0,0,0,0,51404029952,13400113152,3137453,817878,22639816,7891,0,384,3145728,16457824,3111910,147,3069585558,51539607552,0,1061591941,0,0,0,0,0,0,0,0,0,0,0,0,0,0,0,0,0,0,7588032,407158789,0,468,1204,7863,623,15176227,35,0,0,0,0,0,0,0,1,0,0,0,0,0,0,0,0,0,0,21302570,0,22639521,194343,0,0,0,0,0,0,0,0,16384,0,0,0,0,0,0,0,0,0,0,0,4124,115,0,0,0,0,0,23060872,0,72,0,16,115,4124,0,0,0,0,0,0,0,0,0,0,0,0,0,0,0,0,0,0,0,0,0,0,0,0,0,0,0,0,0,0,0,0,0,0,0,0,0,0,0,0,0,0,0,0,0,0,0,0,0,0,0,0,0,0,164729280,0,0,0,864210396,0,0,0,0,0,0,0,21485103,20945821,189185655,192930114048,18520540,0,0,0,0,0,0,0,0,0,0,0,0,0,0,0,0,0,0,0,0,0,0,0,0,0,0,0,0,0,0,0,211,0,0,0,0,0,0,0
1787686532.982,0,0,0,0,0,0,0,670870130,320573377024,655777660416,0,0,0,0,0,0,0,0,0,0,0,0,0,0,0,0,0,0,0,0,0,0,0,0,0,0,0,0,0,0,0,0,0,0,0,0,0,0,0,0,0,0,0,0,0,0,0,0,0,0,0,0,0,0,0,0,0,0,0,0,7,6184378,19585433,22727809,0,0,0,0,0,0,0,0,0,0,0,0,0,0,0,0,0,0,0,0,0,0,0,0,0,0,0,0,0,0,0,0,0,0,0,0,0,51414958080,13412139008,3138120,818612,22642304,7224,0,384,3145728,16467146,3111910,147,3069727882,51539607552,0,1061615070,0,0,0,0,0,0,0,0,0,0,0,0,0,0,0,0,0,0,7588812,407159570,0,468,1204,7863,623,15177787,35,0,0,0,0,0,0,0,1,0,0,0,0,0,0,0,0,0,0,21303556,0,22642009,194367,0,0,0,0,0,0,0,0,16384,0,0,0,0,0,0,0,0,0,0,0,4125,115,0,0,0,0,0,23063249,0,72,0,16,115,4125,0,0,0,0,0,0,0,0,0,0,0,0,0,0,0,0,0,0,0,0,0,0,0,0,0,0,0,0,0,0,0,0,0,0,0,0,0,0,0,0,0,0,0,0,0,0,0,0,0,0,0,0,0,0,164731641,0,0,0,864223876,0,0,0,0,0,0,0,21486915,20955143,189190527,192933830656,18521962,0,0,0,0,0,0,0,0,0,0,0,0,0,0,0,0,0,0,0,0,0,0,0,0,0,0,0,0,0,0,0,142,0,0,0,0,0,0,0
1787686534.052,0,0,0,0,0,0,0,670898175,320726452736,655824697344,0,0,0,0,0,0,0,0,0,0,0,0,0,0,0,0,0,0,0,0,0,0,0,0,0,0,0,0,0,0,0,0,0,0,0,0,0,0,0,0,0,0,0,0,0,0,0,0,0,0,0,0,0,0,0,0,0,0,0,0,7,6184448,19594777,22730353,0,0,0,0,0,0,0,0,0,0,0,0,0,0,0,0,0,0,0,0,0,0,0,0,0,0,0,0,0,0,0,0,0,0,0,0,0,51425427456,13422329856,3138758,819234,22644848,6585,0,385,3145728,16476488,3111910,147,3069869846,51539607552,0,1061638125,0,0,0,0,0,0,0,0,0,0,0,0,0,0,0,0,0,0,7589593,407160350,0,468,1204,7863,623,15179349,35,0,0,0,0,0,0,0,1,0,0,0,0,0,0,0,0,0,0,21304545,0,22644553,194391,0,0,0,0,0,0,0,0,16384,0,0,0,0,0,0,0,0,0,0,0,4126,115,0,0,0,0,0,23065619,0,72,0,16,115,4126,0,0,0,0,0,0,0,0,0,0,0,0,0,0,0,0,0,0,0,0,0,0,0,0,0,0,0,0,0,0,0,0,0,0,0,0,0,0,0,0,0,0,0,0,0,0,0,0,0,0,0,0,0,0,164733995,0,0,0,864237335,0,0,0,0,0,0,0,21488753,20964487,189195447,192937750528,18523379,0,0,0,0,0,0,0,0,0,0,0,0,0,0,0,0,0,0,0,0,0,0,0,0,0,0,0,0,0,0,0,82,0,0,0,0,0,0,0
1787686535.129,0,0,0,0,0,0,0,670926299,320878266880,655870989824,0,0,0,0,0,0,0,0,0,0,0,0,0,0,0,0,0,0,0,0,0,0,0,0,0,0,0,0,0,0,0,0,0,0,0,0,0,0,0,0,0,0,0,0,0,0,0,0,0,0,0,0,0,0,0,0,0,0,0,0,7,6184509,19604045,22732863,0,0,0,0,0,0,0,0,0,0,0,0,0,0,0,0,0,0,0,0,0,0,0,0,0,0,0,0,0,0,0,0,0,0,0,0,0,51436847104,13433012224,3139456,819886,22647358,5888,0,385,3145728,16485756,3111910,147,3070011951,51539607552,0,1061661222,0,0,0,0,0,0,0,0,0,0,0,0,0,0,0,0,0,0,7590373,407161131,0,468,1204,7863,623,15180909,35,0,0,0,0,0,0,0,1,0,0,0,0,0,0,0,0,0,0,21305534,0,22647063,194415,0,0,0,0,0,0,0,0,16384,0,0,0,0,0,0,0,0,0,0,0,4127,115,0,0,0,0,0,23068004,0,72,0,16,115,4127,0,0,0,0,0,0,0,0,0,0,0,0,0,0,0,0,0,0,0,0,0,0,0,0,0,0,0,0,0,0,0,0,0,0,0,0,0,0,0,0,0,0,0,0,0,0,0,0,0,0,0,0,0,0,164736315,0,0,0,864250799,0,0,0,0,0,0,0,21490505,20973753,189200300,192941622784,18524785,0,0,0,0,0,0,0,0,0,0,0,0,0,0,0,0,0,0,0,0,0,0,0,0,0,0,0,0,0,0,0,51,0,0,0,0,0,0,0
1787686536.200,0,0,0,0,0,0,0,670954286,321030572544,655916851712,0,0,0,0,0,0,0,0,0,0,0,0,0,0,0,0,0,0,0,0,0,0,0,0,0,0,0,0,0,0,0,0,0,0,0,0,0,0,0,0,0,0,0,0,0,0,0,0,0,0,0,0,0,0,0,0,0,0,0,0,7,6184566,19613342,22735376,0,0,0,0,0,0,0,0,0,0,0,0,0,0,0,0,0,0,0,0,0,0,0,0,0,0,0,0,0,0,0,0,0,0,0,0,0,51447234560,13443317760,3140090,820515,22649871,5254,0,385,3145728,16495050,3111910,147,3070152178,51539607552,0,1061683001,0,0,0,0,0,0,0,0,0,0,0,0,0,0,0,0,0,0,7591156,407161914,0,468,1204,7863,623,15182475,35,0,0,0,0,0,0,0,1,0,0,0,0,0,0,0,0,0,0,21306522,0,22649576,194439,0,0,0,0,0,0,0,0,16384,0,0,0,0,0,0,0,0,0,0,0,4128,115,0,0,0,0,0,23070384,0,72,0,16,115,4128,0,0,0,0,0,0,0,0,0,0,0,0,0,0,0,0,0,0,0,0,0,0,0,0,0,0,0,0,0,0,0,0,0,0,0,0,0,0,0,0,0,0,0,0,0,0,0,0,0,0,0,0,0,0,164738676,0,0,0,864264024,0,0,0,0,0,0,0,21492398,20983046,189205198,192945111040,18526291,0,0,0,0,0,0,0,0,0,0,0,0,0,0,0,0,0,0,0,0,0,0,0,0,0,0,0,0,0,0,0,256,0,0,0,0,0,0,0
1787686537.270,0,0,0,0,0,0,0,670982469,321184434688,655964041728,0,0,0,0,0,0,0,0,0,0,0,0,0,0,0,0,0,0,0,0,0,0,0,0,0,0,0,0,0,0,0,0,0,0,0,0,0,0,0,0,0,0,0,0,0,0,0,0,0,0,0,0,0,0,0,0,0,0,0,0,7,6184610,19622735,22737968,0,0,0,0,0,0,0,0,0,0,0,0,0,0,0,0,0,0,0,0,0,0,0,0,0,0,0,0,0,0,0,0,0,0,0,0,0,51457867776,13453492224,3140739,821136,22652463,4605,0,384,3145728,16504442,3111910,147,3070294641,51539607552,0,1061705987,0,0,0,0,0,0,0,0,0,0,0,0,0,0,0,0,0,0,7591940,407162698,0,468,1204,7863,623,15184043,35,0,0,0,0,0,0,0,1,0,0,0,0,0,0,0,0,0,0,21307505,0,22652168,194464,0,0,0,0,0,0,0,0,16384,0,0,0,0,0,0,0,0,0,0,0,4129,115,0,0,0,0,0,23072778,0,72,0,16,115,4129,0,0,0,0,0,0,0,0,0,0,0,0,0,0,0,0,0,0,0,0,0,0,0,0,0,0,0,0,0,0,0,0,0,0,0,0,0,0,0,0,0,0,0,0,0,0,0,0,0,0,0,0,0,0,164740993,0,0,0,864277584,0,0,0,0,0,0,0,21494201,20992437,189210131,192948684800,18527679,0,0,0,0,0,0,0,0,0,0,0,0,0,0,0,0,0,0,0,0,0,0,0,0,0,0,0,0,0,0,0,153,0,0,0,0,0,0,0
1787686538.340,0,0,0,0,0,0,0,671010595,321338788352,656010810880,0,0,0,0,0,0,0,0,0,0,0,0,0,0,0,0,0,0,0,0,0,0,0,0,0,0,0,0,0,0,0,0,0,0,0,0,0,0,0,0,0,0,0,0,0,0,0,0,0,0,0,0,0,0,0,0,0,0,0,0,7,6184669,19632155,22740529,0,0,0,0,0,0,0,0,0,0,0,0,0,0,0,0,0,0,0,0,0,0,0,0,0,0,0,0,0,0,0,0,0,0,0,0,0,51468582912,13463945216,3141393,821774,22655024,3951,0,384,3145728,16513860,3111910,147,3070436537,51539607552,0,1061728445,0,0,0,0,0,0,0,0,0,0,0,0,0,0,0,0,0,0,7592724,407163482,0,468,1204,7863,623,15185613,35,0,0,0,0,0,0,0,1,0,0,0,0,0,0,0,0,0,0,21308493,0,22654729,194488,0,0,0,0,0,0,0,0,16384,0,0,0,0,0,0,0,0,0,0,0,4130,115,0,0,0,0,0,23075160,0,72,0,16,115,4130,0,0,0,0,0,0,0,0,0,0,0,0,0,0,0,0,0,0,0,0,0,0,0,0,0,0,0,0,0,0,0,0,0,0,0,0,0,0,0,0,0,0,0,0,0,0,0,0,0,0,0,0,0,0,164743349,0,0,0,864291091,0,0,0,0,0,0,0,21496019,21001857,189215072,192952232448,18529105,0,0,0,0,0,0,0,0,0,0,0,0,0,0,0,0,0,0,0,0,0,0,0,0,0,0,0,0,0,0,0,103,0,0,0,0,0,0,0
1787686539.411,0,0,0,0,0,0,0,671038606,321490930176,656056621568,0,0,0,0,0,0,0,0,0,0,0,0,0,0,0,0,0,0,0,0,0,0,0,0,0,0,0,0,0,0,0,0,0,0,0,0,0,0,0,0,0,0,0,0,0,0,0,0,0,0,0,0,0,0,0,0,0,0,0,0,7,6184724,19641442,22743026,0,0,0,0,0,0,0,0,0,0,0,0,0,0,0,0,0,0,0,0,0,0,0,0,0,0,0,0,0,0,0,0,0,0,0,0,0,51477725184,13474693120,3141951,822430,22657521,3393,0,384,3145728,16523144,3111910,147,3070578276,51539607552,0,1061751432,0,0,0,0,0,0,0,0,0,0,0,0,0,0,0,0,0,0,7593504,407164262,0,468,1204,7863,623,15187171,35,0,0,0,0,0,0,0,1,0,0,0,0,0,0,0,0,0,0,21309477,0,22657226,194512,0,0,0,0,0,0,0,0,16384,0,0,0,0,0,0,0,0,0,0,0,4131,115,0,0,0,0,0,23077539,0,72,0,16,115,4131,0,0,0,0,0,0,0,0,0,0,0,0,0,0,0,0,0,0,0,0,0,0,0,0,0,0,0,0,0,0,0,0,0,0,0,0,0,0,0,0,0,0,0,0,0,0,0,0,0,0,0,0,0,0,164745690,0,0,0,864304573,0,0,0,0,0,0,0,21497870,21011142,189219928,192955808256,18530578,0,0,0,0,0,0,0,0,0,0,0,0,0,0,0,0,0,0,0,0,0,0,0,0,0,0,0,0,0,0,0,5,0,0,0,0,0,0,0
1787686540.480,0,0,0,0,0,0,0,671066783,321645120000,656103091200,0,0,0,0,0,0,0,0,0,0,0,0,0,0,0,0,0,0,0,0,0,0,0,0,0,0,0,0,0,0,0,0,0,0,0,0,0,0,0,0,0,0,0,0,0,0,0,0,0,0,0,0,0,0,0,0,0,0,0,0,7,6184799,19650855,22745547,0,0,0,0,0,0,0,0,0,0,0,0,0,0,0,0,0,0,0,0,0,0,0,0,0,0,0,0,0,0,0,0,0,0,0,0,0,51490242560,13485817856,3142715,823109,22660042,2629,0,384,3145728,16532556,3111910,147,3070719757,51539607552,0,1061773765,0,0,0,0,0,0,0,0,0,0,0,0,0,0,0,0,0,0,7594288,407165046,0,468,1204,7863,623,15188739,35,0,0,0,0,0,0,0,1,0,0,0,0,0,0,0,0,0,0,21310466,0,22659747,194536,0,0,0,0,0,0,0,0,16384,0,0,0,0,0,0,0,0,0,0,0,4132,115,0,0,0,0,0,23079932,0,72,0,16,115,4132,0,0,0,0,0,0,0,0,0,0,0,0,0,0,0,0,0,0,0,0,0,0,0,0,0,0,0,0,0,0,0,0,0,0,0,0,0,0,0,0,0,0,0,0,0,0,0,0,0,0,0,0,0,0,164748065,0,0,0,864317817,0,0,0,0,0,0,0,21499718,21020552,189224849,192959590400,18532017,0,0,0,0,0,0,0,0,0,0,0,0,0,0,0,0,0,0,0,0,0,0,0,0,0,0,0,0,0,0,0,231,0,0,0,0,0,0,0
1787686541.553,0,0,0,0,0,0,0,671094955,321797884416,656149968896,0,0,0,0,0,0,0,0,0,0,0,0,0,0,0,0,0,0,0,0,0,0,0,0,0,0,0,0,0,0,0,0,0,0,0,0,0,0,0,0,0,0,0,0,0,0,0,0,0,0,0,0,0,0,0,0,0,0,0,0,7,6184845,19660181,22748121,0,0,0,0,0,0,0,0,0,0,0,0,0,0,0,0,0,0,0,0,0,0,0,0,0,0,0,0,0,0,0,0,0,0,0,0,0,51500007424,13495304192,3143311,823688,22662616,2033,0,384,3145728,16541882,3111910,147,3070861968,51539607552,0,1061796520,0,0,0,0,0,0,0,0,0,0,0,0,0,0,0,0,0,0,7595073,407165831,0,468,1204,7863,623,15190310,35,0,0,0,0,0,0,0,1,0,0,0,0,0,0,0,0,0,0,21311455,0,22662321,194560,0,0,0,0,0,0,0,0,16384,0,0,0,0,0,0,0,0,0,0,0,4133,115,0,0,0,0,0,23082323,0,72,0,16,115,4133,0,0,0,0,0,0,0,0,0,0,0,0,0,0,0,0,0,0,0,0,0,0,0,0,0,0,0,0,0,0,0,0,0,0,0,0,0,0,0,0,0,0,0,0,0,0,0,0,0,0,0,0,0,0,164750414,0,0,0,864331398,0,0,0,0,0,0,0,21501600,21029880,189229794,192963062272,18533505,0,0,0,0,0,0,0,0,0,0,0,0,0,0,0,0,0,0,0,0,0,0,0,0,0,0,0,0,0,0,0,132,0,0,0,0,0,0,0
1787686542.623,0,0,0,0,0,0,0,671122640,321952762368,656196630528,0,0,0,0,0,0,0,0,0,0,0,0,0,0,0,0,0,0,0,0,0,0,0,0,0,0,0,0,0,0,0,0,0,0,0,0,0,0,0,0,0,0,0,0,0,0,0,0,0,0,0,0,0,0,0,0,0,0,0,0,7,6184901,19669633,22750691,0,0,0,0,0,0,0,0,0,0,0,0,0,0,0,0,0,0,0,0,0,0,0,0,0,0,0,0,0,0,0,0,0,0,0,0,0,51511050240,13505396736,3143985,824304,22665186,1359,0,384,3145728,16551332,3111910,147,3071001964,51539607552,0,1061818832,0,0,0,0,0,0,0,0,0,0,0,0,0,0,0,0,0,0,7595845,407166603,0,468,1204,7863,623,15191853,35,0,0,0,0,0,0,0,1,0,0,0,0,0,0,0,0,0,0,21312433,0,22664891,194585,0,0,0,0,0,0,0,0,16384,0,0,0,0,0,0,0,0,0,0,0,4134,115,0,0,0,0,0,23084671,0,72,0,16,115,4134,0,0,0,0,0,0,0,0,0,0,0,0,0,0,0,0,0,0,0,0,0,0,0,0,0,0,0,0,0,0,0,0,0,0,0,0,0,0,0,0,0,0,0,0,0,0,0,0,0,0,0,0,0,0,164752711,0,0,0,864344711,0,0,0,0,0,0,0,21503435,21039330,189234683,192966448640,18534899,0,0,0,0,0,0,0,0,0,0,0,0,0,0,0,0,0,0,0,0,0,0,0,0,0,0,0,0,0,0,0,52,0,0,0,0,0,0,0
1787686543.692,0,0,0,0,0,0,0,671150315,322103970304,656243576832,0,0,0,0,0,0,0,0,0,0,0,0,0,0,0,0,0,0,0,0,0,0,0,0,0,0,0,0,0,0,0,0,0,0,0,0,0,0,0,0,0,0,0,0,0,0,0,0,0,0,0,0,0,0,0,0,0,0,0,0,7,6184965,19678862,22753271,0,0,0,0,0,0,0,0,0,0,0,0,0,0,0,0,0,0,0,0,0,0,0,0,0,0,0,0,0,0,0,0,0,0,0,0,0,51518078976,13514391552,3144414,824853,22667766,930,0,384,3145728,16560562,3111910,147,3071140714,51539607552,0,1061840457,0,0,0,0,0,0,0,0,0,0,0,0,0,0,0,0,0,0,7596619,407167377,0,468,1204,7863,623,15193401,35,0,0,0,0,0,0,0,1,0,0,0,0,0,0,0,0,0,0,21313411,0,22667471,194609,0,0,0,0,0,0,0,0,16384,0,0,0,0,0,0,0,0,0,0,0,4135,115,0,0,0,0,0,23087030,0,72,0,16,115,4135,0,0,0,0,0,0,0,0,0,0,0,0,0,0,0,0,0,0,0,0,0,0,0,0,0,0,0,0,0,0,0,0,0,0,0,0,0,0,0,0,0,0,0,0,0,0,0,0,0,0,0,0,0,0,164754965,0,0,0,864357762,0,0,0,0,0,0,0,21505300,21048560,189239540,192969862144,18536342,0,0,0,0,0,0,0,0,0,0,0,0,0,0,0,0,0,0,0,0,0,0,0,0,0,0,0,0,0,0,0,274,0,0,0,0,0,0,0
1787686544.763,0,0,0,0,0,0,0,671178487,322257209856,656289617920,0,0,0,0,0,0,0,0,0,0,0,0,0,0,0,0,0,0,0,0,0,0,0,0,0,0,0,0,0,0,0,0,0,0,0,0,0,0,0,0,0,0,0,0,0,0,0,0,0,0,0,0,0,0,0,0,0,0,0,0,7,6185026,19688218,22755778,0,0,0,0,0,0,0,0,0,0,0,0,0,0,0,0,0,0,0,0,0,0,0,0,0,0,0,0,0,0,0,0,0,0,0,0,0,51530366976,13526155264,3145164,825571,22670273,180,0,384,3145728,16569918,3111910,147,3071283078,51539607552,0,1061863508,0,0,0,0,0,0,0,0,0,0,0,0,0,0,0,0,0,0,7597401,407168159,0,468,1204,7863,623,15194965,35,0,0,0,0,0,0,0,1,0,0,0,0,0,0,0,0,0,0,21314397,0,22669978,194633,0,0,0,0,0,0,0,0,16384,0,0,0,0,0,0,0,0,0,0,0,4136,115,0,0,0,0,0,23089410,0,72,0,16,115,4136,0,0,0,0,0,0,0,0,0,0,0,0,0,0,0,0,0,0,0,0,0,0,0,0,0,0,0,0,0,0,0,0,0,0,0,0,0,0,0,0,0,0,0,0,0,0,0,0,0,0,0,0,0,0,164757338,0,0,0,864371281,0,0,0,0,0,0,0,21507147,21057913,189244444,192973606400,18537824,0,0,0,0,0,0,0,0,0,0,0,0,0,0,0,0,0,0,0,0,0,0,0,0,0,0,0,0,0,0,0,187,0,0,0,0,0,0,0
1787686545.833,0,0,0,0,0,0,0,671206412,322408663552,656335528448,0,0,0,0,0,0,0,0,0,0,0,0,0,0,0,0,0,0,0,0,0,0,0,0,0,0,0,0,0,0,0,0,0,0,0,0,0,0,0,0,0,0,0,0,0,0,0,0,0,0,0,0,0,0,0,0,0,0,0,0,7,6185088,19697463,22758285,0,0,0,0,0,0,0,0,0,0,0,0,0,0,0,0,0,0,0,0,0,0,0,0,0,0,0,0,0,0,0,0,0,0,0,0,0,51533103104,13537263616,3145331,826249,22672780,13,0,384,3145728,16579163,3111910,147,3071424485,51539607552,0,1061886442,0,0,0,0,0,0,0,0,0,0,0,0,0,0,0,0,0,0,7598177,407168935,0,468,1204,7863,623,15196517,35,0,0,0,0,0,0,0,1,0,0,0,0,0,0,0,0,0,0,21315380,0,22672485,194657,0,0,0,0,0,0,0,0,16384,0,0,0,0,0,0,0,0,0,0,0,4138,115,0,0,0,0,0,23091774,0,72,0,16,115,4138,0,0,0,0,0,0,0,0,0,0,0,0,0,0,0,0,0,0,0,0,0,0,0,0,0,0,0,0,0,0,0,0,0,0,0,0,0,0,0,0,0,0,0,0,0,0,0,0,0,0,0,0,0,0,164759765,0,0,0,864384712,0,0,0,0,0,0,0,21509030,21067149,189249398,192977284096,18539346,0,0,0,0,0,0,0,0,0,0,0,0,0,0,0,0,0,0,0,0,0,0,0,0,0,0,0,0,0,0,0,101,0,0,0,0,0,0,0
1787686546.903,0,0,0,0,0,0,0,671233549,322556955136,656421280768,0,0,0,0,0,0,0,0,0,0,0,0,0,0,0,0,0,0,0,0,0,0,0,0,0,0,0,0,0,0,0,0,0,0,0,0,0,0,0,0,0,0,0,0,0,0,0,0,0,0,0,0,0,0,0,0,0,0,0,0,7,6185136,19706515,22763254,0,0,0,0,0,0,0,0,0,0,0,0,0,0,0,0,0,0,0,0,0,0,0,0,0,0,0,0,0,0,0,0,0,0,0,0,0,51401932800,13506314240,3137325,824360,22677749,8019,0,384,3145728,16588215,3111910,147,3071560686,51539607552,0,1061907789,0,0,0,0,0,0,0,0,0,0,0,0,0,0,0,0,0,0,7598934,407169692,0,468,1204,7863,623,15198033,35,0,0,0,0,0,0,0,1,0,0,0,0,0,0,0,0,0,0,21316330,0,22677454,194705,0,0,0,0,0,0,0,0,16384,0,0,0,0,0,0,0,0,0,0,0,4139,115,0,0,0,0,0,23094070,0,72,0,16,115,4139,0,0,0,0,0,0,0,0,0,0,0,0,0,0,0,0,0,0,0,0,0,0,0,0,0,0,0,0,0,0,0,0,0,0,0,0,0,0,0,0,0,0,0,0,0,0,0,0,0,0,0,0,0,0,164762018,0,0,0,864397553,0,0,0,0,0,0,0,21511154,21076202,189256664,192980704256,18540657,0,0,0,0,0,0,0,0,0,0,0,0,0,0,0,0,0,0,0,0,0,0,0,0,0,0,0,0,0,0,0,255,0,0,0,0,0,0,0
1787686547.974,0,0,0,0,0,0,0,671261795,322711292416,656467758080,0,0,0,0,0,0,0,0,0,0,0,0,0,0,0,0,0,0,0,0,0,0,0,0,0,0,0,0,0,0,0,0,0,0,0,0,0,0,0,0,0,0,0,0,0,0,0,0,0,0,0,0,0,0,0,0,0,0,0,0,7,6185198,19715939,22765778,0,0,0,0,0,0,0,0,0,0,0,0,0,0,0,0,0,0,0,0,0,0,0,0,0,0,0,0,0,0,0,0,0,0,0,0,0,51412779008,13517979648,3137987,825072,22680273,7357,0,384,3145728,16597637,3111910,147,3071703618,51539607552,0,1061931074,0,0,0,0,0,0,0,0,0,0,0,0,0,0,0,0,0,0,7599720,407170478,0,468,1204,7863,623,15199603,35,0,0,0,0,0,0,0,1,0,0,0,0,0,0,0,0,0,0,21317316,0,22679978,194729,0,0,0,0,0,0,0,0,16384,0,0,0,0,0,0,0,0,0,0,0,4140,115,0,0,0,0,0,23096456,0,72,0,16,115,4140,0,0,0,0,0,0,0,0,0,0,0,0,0,0,0,0,0,0,0,0,0,0,0,0,0,0,0,0,0,0,0,0,0,0,0,0,0,0,0,0,0,0,0,0,0,0,0,0,0,0,0,0,0,0,164764355,0,0,0,864411182,0,0,0,0,0,0,0,21512959,21085624,189261547,192984548864,18542120,0,0,0,0,0,0,0,0,0,0,0,0,0,0,0,0,0,0,0,0,0,0,0,0,0,0,0,0,0,0,0,130,0,0,0,0,0,0,0
1787686549.044,0,0,0,0,0,0,0,671289902,322862795264,656513257984,0,0,0,0,0,0,0,0,0,0,0,0,0,0,0,0,0,0,0,0,0,0,0,0,0,0,0,0,0,0,0,0,0,0,0,0,0,0,0,0,0,0,0,0,0,0,0,0,0,0,0,0,0,0,0,0,0,0,0,0,7,6185250,19725189,22768259,0,0,0,0,0,0,0,0,0,0,0,0,0,0,0,0,0,0,0,0,0,0,0,0,0,0,0,0,0,0,0,0,0,0,0,0,0,51423412224,13528662016,3138636,825724,22682754,6708,0,384,3145728,16606884,3111910,147,3071845320,51539607552,0,1061953736,0,0,0,0,0,0,0,0,0,0,0,0,0,0,0,0,0,0,7600502,407171260,0,468,1204,7863,623,15201169,35,0,0,0,0,0,0,0,1,0,0,0,0,0,0,0,0,0,0,21318305,0,22682459,194753,0,0,0,0,0,0,0,0,16384,0,0,0,0,0,0,0,0,0,0,0,4141,115,0,0,0,0,0,23098833,0,72,0,16,115,4141,0,0,0,0,0,0,0,0,0,0,0,0,0,0,0,0,0,0,0,0,0,0,0,0,0,0,0,0,0,0,0,0,0,0,0,0,0,0,0,0,0,0,0,0,0,0,0,0,0,0,0,0,0,0,164766644,0,0,0,864424652,0,0,0,0,0,0,0,21514701,21094870,189266335,192988188160,18543475,0,0,0,0,0,0,0,0,0,0,0,0,0,0,0,0,0,0,0,0,0,0,0,0,0,0,0,0,0,0,0,98,0,0,0,0,0,0,0
1787686550.114,0,0,0,0,0,0,0,671317813,323013511680,656559465472,0,0,0,0,0,0,0,0,0,0,0,0,0,0,0,0,0,0,0,0,0,0,0,0,0,0,0,0,0,0,0,0,0,0,0,0,0,0,0,0,0,0,0,0,0,0,0,0,0,0,0,0,0,0,0,0,0,0,0,0,7,6185311,19734389,22770771,0,0,0,0,0,0,0,0,0,0,0,0,0,0,0,0,0,0,0,0,0,0,0,0,0,0,0,0,0,0,0,0,0,0,0,0,0,51432882176,13538115584,3139214,826301,22685266,6130,0,384,3145728,16616081,3111910,147,3071986615,51539607552,0,1061976679,0,0,0,0,0,0,0,0,0,0,0,0,0,0,0,0,0,0,7601278,407172036,0,468,1204,7863,623,15202719,35,0,0,0,0,0,0,0,1,0,0,0,0,0,0,0,0,0,0,21319288,0,22684971,194777,0,0,0,0,0,0,0,0,16384,0,0,0,0,0,0,0,0,0,0,0,4142,115,0,0,0,0,0,23101192,0,72,0,16,115,4142,0,0,0,0,0,0,0,0,0,0,0,0,0,0,0,0,0,0,0,0,0,0,0,0,0,0,0,0,0,0,0,0,0,0,0,0,0,0,0,0,0,0,0,0,0,0,0,0,0,0,0,0,0,0,164769039,0,0,0,864438035,0,0,0,0,0,0,0,21516525,21104067,189271265,192991970304,18544892,0,0,0,0,0,0,0,0,0,0,0,0,0,0,0,0,0,0,0,0,0,0,0,0,0,0,0,0,0,0,0,47,0,0,0,0,0,0,0
1787686551.184,0,0,0,0,0,0,0,671345848,323165063680,656606406656,0,0,0,0,0,0,0,0,0,0,0,0,0,0,0,0,0,0,0,0,0,0,0,0,0,0,0,0,0,0,0,0,0,0,0,0,0,0,0,0,0,0,0,0,0,0,0,0,0,0,0,0,0,0,0,0,0,0,0,0,7,6185376,19743642,22773327,0,0,0,0,0,0,0,0,0,0,0,0,0,0,0,0,0,0,0,0,0,0,0,0,0,0,0,0,0,0,0,0,0,0,0,0,0,51443843072,13548109824,3139883,826911,22687822,5461,0,384,3145728,16625333,3111910,147,3072127395,51539607552,0,1061999091,0,0,0,0,0,0,0,0,0,0,0,0,0,0,0,0,0,0,7602057,407172815,0,468,1204,7863,623,15204279,35,0,0,0,0,0,0,0,1,0,0,0,0,0,0,0,0,0,0,21320270,0,22687527,194802,0,0,0,0,0,0,0,0,16384,0,0,0,0,0,0,0,0,0,0,0,4143,115,0,0,0,0,0,23103568,0,72,0,16,115,4143,0,0,0,0,0,0,0,0,0,0,0,0,0,0,0,0,0,0,0,0,0,0,0,0,0,0,0,0,0,0,0,0,0,0,0,0,0,0,0,0,0,0,0,0,0,0,0,0,0,0,0,0,0,0,164771397,0,0,0,864451238,0,0,0,0,0,0,0,21518291,21113316,189276201,192995699712,18546302,0,0,0,0,0,0,0,0,0,0,0,0,0,0,0,0,0,0,0,0,0,0,0,0,0,0,0,0,0,0,0,232,0,0,0,0,0,0,0
1787686552.255,0,0,0,0,0,0,0,671373796,323318008320,656652401664,0,0,0,0,0,0,0,0,0,0,0,0,0,0,0,0,0,0,0,0,0,0,0,0,0,0,0,0,0,0,0,0,0,0,0,0,0,0,0,0,0,0,0,0,0,0,0,0,0,0,0,0,0,0,0,0,0,0,0,0,7,6185441,19752985,22775817,0,0,0,0,0,0,0,0,0,0,0,0,0,0,0,0,0,0,0,0,0,0,0,0,0,0,0,0,0,0,0,0,0,0,0,0,0,51454033920,13558824960,3140505,827565,22690312,4839,0,384,3145728,16634670,3111910,147,3072268889,51539607552,0,1062022169,0,0,0,0,0,0,0,0,0,0,0,0,0,0,0,0,0,0,7602836,407173594,0,468,1204,7863,623,15205835,35,0,0,0,0,0,0,0,1,0,0,0,0,0,0,0,0,0,0,21321255,0,22690017,194826,0,0,0,0,0,0,0,0,16384,0,0,0,0,0,0,0,0,0,0,0,4144,115,0,0,0,0,0,23105933,0,72,0,16,115,4144,0,0,0,0,0,0,0,0,0,0,0,0,0,0,0,0,0,0,0,0,0,0,0,0,0,0,0,0,0,0,0,0,0,0,0,0,0,0,0,0,0,0,0,0,0,0,0,0,0,0,0,0,0,0,164773729,0,0,0,864464666,0,0,0,0,0,0,0,21520120,21122654,189281045,192999504896,18547734,0,0,0,0,0,0,0,0,0,0,0,0,0,0,0,0,0,0,0,0,0,0,0,0,0,0,0,0,0,0,0,170,0,0,0,0,0,0,0
1787686553.326,0,0,0,0,0,0,0,671402209,323473082880,656698144768,0,0,0,0,0,0,0,0,0,0,0,0,0,0,0,0,0,0,0,0,0,0,0,0,0,0,0,0,0,0,0,0,0,0,0,0,0,0,0,0,0,0,0,0,0,0,0,0,0,0,0,0,0,0,0,0,0,0,0,0,7,6185506,19762449,22778299,0,0,0,0,0,0,0,0,0,0,0,0,0,0,0,0,0,0,0,0,0,0,0,0,0,0,0,0,0,0,0,0,0,0,0,0,0,51467288576,13570260992,3141314,828263,22692794,4030,0,384,3145728,16644133,3111910,147,3072412531,51539607552,0,1062045247,0,0,0,0,0,0,0,0,0,0,0,0,0,0,0,0,0,0,7603627,407174385,0,468,1204,7863,623,15207417,35,0,0,0,0,0,0,0,1,0,0,0,0,0,0,0,0,0,0,21322255,0,22692499,194850,0,0,0,0,0,0,0,0,16384,0,0,0,0,0,0,0,0,0,0,0,4145,115,0,0,0,0,0,23108326,0,72,0,16,115,4145,0,0,0,0,0,0,0,0,0,0,0,0,0,0,0,0,0,0,0,0,0,0,0,0,0,0,0,0,0,0,0,0,0,0,0,0,0,0,0,0,0,0,0,0,0,0,0,0,0,0,0,0,0,0,164776064,0,0,0,864478311,0,0,0,0,0,0,0,21521948,21132118,189285885,193003212800,18549168,0,0,0,0,0,0,0,0,0,0,0,0,0,0,0,0,0,0,0,0,0,0,0,0,0,0,0,0,0,0,0,115,0,0,0,0,0,0,0
1787686554.403,0,0,0,0,0,0,0,671430129,323626928640,656743124992,0,0,0,0,0,0,0,0,0,0,0,0,0,0,0,0,0,0,0,0,0,0,0,0,0,0,0,0,0,0,0,0,0,0,0,0,0,0,0,0,0,0,0,0,0,0,0,0,0,0,0,0,0,0,0,0,0,0,0,0,7,6185566,19771845,22780745,0,0,0,0,0,0,0,0,0,0,0,0,0,0,0,0,0,0,0,0,0,0,0,0,0,0,0,0,0,0,0,0,0,0,0,0,0,51477594112,13581746176,3141943,828964,22695240,3401,0,384,3145728,16653523,3111910,147,3072552781,51539607552,0,1062067455,0,0,0,0,0,0,0,0,0,0,0,0,0,0,0,0,0,0,7604405,407175163,0,468,1204,7863,623,15208973,35,0,0,0,0,0,0,0,1,0,0,0,0,0,0,0,0,0,0,21323231,0,22694945,194874,0,0,0,0,0,0,0,0,16384,0,0,0,0,0,0,0,0,0,0,0,4146,115,0,0,0,0,0,23110685,0,72,0,16,115,4146,0,0,0,0,0,0,0,0,0,0,0,0,0,0,0,0,0,0,0,0,0,0,0,0,0,0,0,0,0,0,0,0,0,0,0,0,0,0,0,0,0,0,0,0,0,0,0,0,0,0,0,0,0,0,164778363,0,0,0,864491502,0,0,0,0,0,0,0,21523706,21141508,189290652,193006867968,18550561,0,0,0,0,0,0,0,0,0,0,0,0,0,0,0,0,0,0,0,0,0,0,0,0,0,0,0,0,0,0,0,283,0,0,0,0,0,0,0
1787686555.473,0,0,0,0,0,0,0,671458144,323780332032,656788965888,0,0,0,0,0,0,0,0,0,0,0,0,0,0,0,0,0,0,0,0,0,0,0,0,0,0,0,0,0,0,0,0,0,0,0,0,0,0,0,0,0,0,0,0,0,0,0,0,0,0,0,0,0,0,0,0,0,0,0,0,7,6185635,19781209,22783227,0,0,0,0,0,0,0,0,0,0,0,0,0,0,0,0,0,0,0,0,0,0,0,0,0,0,0,0,0,0,0,0,0,0,0,0,0,51487522816,13594165248,3142549,829722,22697722,2794,0,384,3145728,16662888,3111910,147,3072694684,51539607552,0,1062090508,0,0,0,0,0,0,0,0,0,0,0,0,0,0,0,0,0,0,7605183,407175941,0,468,1204,7863,623,15210529,35,0,0,0,0,0,0,0,1,0,0,0,0,0,0,0,0,0,0,21324213,0,22697427,194898,0,0,0,0,0,0,0,0,16384,0,0,0,0,0,0,0,0,0,0,0,4147,115,0,0,0,0,0,23113071,0,72,0,16,115,4147,0,0,0,0,0,0,0,0,0,0,0,0,0,0,0,0,0,0,0,0,0,0,0,0,0,0,0,0,0,0,0,0,0,0,0,0,0,0,0,0,0,0,0,0,0,0,0,0,0,0,0,0,0,0,164780795,0,0,0,864504952,0,0,0,0,0,0,0,21525550,21150873,189295592,193010814464,18552051,0,0,0,0,0,0,0,0,0,0,0,0,0,0,0,0,0,0,0,0,0,0,0,0,0,0,0,0,0,0,0,218,0,0,0,0,0,0,0
1787686556.544,0,0,0,0,0,0,0,671486092,323934292480,656835598848,0,0,0,0,0,0,0,0,0,0,0,0,0,0,0,0,0,0,0,0,0,0,0,0,0,0,0,0,0,0,0,0,0,0,0,0,0,0,0,0,0,0,0,0,0,0,0,0,0,0,0,0,0,0,0,0,0,0,0,0,7,6185696,19790608,22785774,0,0,0,0,0,0,0,0,0,0,0,0,0,0,0,0,0,0,0,0,0,0,0,0,0,0,0,0,0,0,0,0,0,0,0,0,0,51498369024,13603422208,3143211,830287,22700269,2133,0,384,3145728,16672285,3111910,147,3072836097,51539607552,0,1062113145,0,0,0,0,0,0,0,0,0,0,0,0,0,0,0,0,0,0,7605961,407176719,0,468,1204,7863,623,15212085,35,0,0,0,0,0,0,0,1,0,0,0,0,0,0,0,0,0,0,21325196,0,22699974,194922,0,0,0,0,0,0,0,0,16384,0,0,0,0,0,0,0,0,0,0,0,4148,115,0,0,0,0,0,23115441,0,72,0,16,115,4148,0,0,0,0,0,0,0,0,0,0,0,0,0,0,0,0,0,0,0,0,0,0,0,0,0,0,0,0,0,0,0,0,0,0,0,0,0,0,0,0,0,0,0,0,0,0,0,0,0,0,0,0,0,0,164783083,0,0,0,864518399,0,0,0,0,0,0,0,21527318,21160272,189300449,193014464000,18553412,0,0,0,0,0,0,0,0,0,0,0,0,0,0,0,0,0,0,0,0,0,0,0,0,0,0,0,0,0,0,0,139,0,0,0,0,0,0,0
1787686557.614,0,0,0,0,0,0,0,671514372,324089629184,656881873408,0,0,0,0,0,0,0,0,0,0,0,0,0,0,0,0,0,0,0,0,0,0,0,0,0,0,0,0,0,0,0,0,0,0,0,0,0,0,0,0,0,0,0,0,0,0,0,0,0,0,0,0,0,0,0,0,0,0,0,0,7,6185765,19800092,22788302,0,0,0,0,0,0,0,0,0,0,0,0,0,0,0,0,0,0,0,0,0,0,0,0,0,0,0,0,0,0,0,0,0,0,0,0,0,51510280192,13615398912,3143938,831018,22702797,1405,0,384,3145728,16681767,3111910,147,3072979225,51539607552,0,1062136297,0,0,0,0,0,0,0,0,0,0,0,0,0,0,0,0,0,0,7606747,407177505,0,468,1204,7863,623,15213657,35,0,0,0,0,0,0,0,1,0,0,0,0,0,0,0,0,0,0,21326189,0,22702502,194946,0,0,0,0,0,0,0,0,16384,0,0,0,0,0,0,0,0,0,0,0,4149,115,0,0,0,0,0,23117832,0,72,0,16,115,4149,0,0,0,0,0,0,0,0,0,0,0,0,0,0,0,0,0,0,0,0,0,0,0,0,0,0,0,0,0,0,0,0,0,0,0,0,0,0,0,0,0,0,0,0,0,0,0,0,0,0,0,0,0,0,164785383,0,0,0,864531926,0,0,0,0,0,0,0,21529139,21169754,189305296,193018108928,18554858,0,0,0,0,0,0,0,0,0,0,0,0,0,0,0,0,0,0,0,0,0,0,0,0,0,0,0,0,0,0,0,89,0,0,0,0,0,0,0
1787686558.684,0,0,0,0,0,0,0,671542351,324242573824,656928538112,0,0,0,0,0,0,0,0,0,0,0,0,0,0,0,0,0,0,0,0,0,0,0,0,0,0,0,0,0,0,0,0,0,0,0,0,0,0,0,0,0,0,0,0,0,0,0,0,0,0,0,0,0,0,0,0,0,0,0,0,7,6185823,19809429,22790868,0,0,0,0,0,0,0,0,0,0,0,0,0,0,0,0,0,0,0,0,0,0,0,0,0,0,0,0,0,0,0,0,0,0,0,0,0,51518242816,13626032128,3144424,831667,22705363,920,0,384,3145728,16691103,3111910,147,3073120511,51539607552,0,1062159046,0,0,0,0,0,0,0,0,0,0,0,0,0,0,0,0,0,0,7607525,407178283,0,468,1204,7863,623,15215213,35,0,0,0,0,0,0,0,1,0,0,0,0,0,0,0,0,0,0,21327173,0,22705068,194970,0,0,0,0,0,0,0,0,16384,0,0,0,0,0,0,0,0,0,0,0,4150,115,0,0,0,0,0,23120212,0,72,0,16,115,4150,0,0,0,0,0,0,0,0,0,0,0,0,0,0,0,0,0,0,0,0,0,0,0,0,0,0,0,0,0,0,0,0,0,0,0,0,0,0,0,0,0,0,0,0,0,0,0,0,0,0,0,0,0,0,164787645,0,0,0,864545347,0,0,0,0,0,0,0,21530898,21179090,189310146,193021479936,18556243,0,0,0,0,0,0,0,0,0,0,0,0,0,0,0,0,0,0,0,0,0,0,0,0,0,0,0,0,0,0,0,15,0,0,0,0,0,0,0
1787686559.755,0,0,0,0,0,0,0,671570360,324394568192,656975569408,0,0,0,0,0,0,0,0,0,0,0,0,0,0,0,0,0,0,0,0,0,0,0,0,0,0,0,0,0,0,0,0,0,0,0,0,0,0,0,0,0,0,0,0,0,0,0,0,0,0,0,0,0,0,0,0,0,0,0,0,7,6185888,19818711,22793425,0,0,0,0,0,0,0,0,0,0,0,0,0,0,0,0,0,0,0,0,0,0,0,0,0,0,0,0,0,0,0,0,0,0,0,0,0,51527516160,13635452928,3144990,832242,22707920,354,0,384,3145728,16700382,3111910,147,3073261452,51539607552,0,1062181725,0,0,0,0,0,0,0,0,0,0,0,0,0,0,0,0,0,0,7608305,407179063,0,468,1204,7863,623,15216773,35,0,0,0,0,0,0,0,1,0,0,0,0,0,0,0,0,0,0,21328150,0,22707625,194996,0,0,0,0,0,0,0,0,16384,0,0,0,0,0,0,0,0,0,0,0,4151,115,0,0,0,0,0,23122581,0,72,0,16,115,4151,0,0,0,0,0,0,0,0,0,0,0,0,0,0,0,0,0,0,0,0,0,0,0,0,0,0,0,0,0,0,0,0,0,0,0,0,0,0,0,0,0,0,0,0,0,0,0,0,0,0,0,0,0,0,164789958,0,0,0,864558604,0,0,0,0,0,0,0,21532674,21188368,189315040,193025373696,18557621,0,0,0,0,0,0,0,0,0,0,0,0,0,0,0,0,0,0,0,0,0,0,0,0,0,0,0,0,0,0,0,162,0,0,0,0,0,0,0
1787686560.825,0,0,0,0,0,0,0,671598670,324547807744,657021362688,0,0,0,0,0,0,0,0,0,0,0,0,0,0,0,0,0,0,0,0,0,0,0,0,0,0,0,0,0,0,0,0,0,0,0,0,0,0,0,0,0,0,0,0,0,0,0,0,0,0,0,0,0,0,0,0,0,0,0,0,7,6185951,19828067,22795928,0,0,0,0,0,0,0,0,0,0,0,0,0,0,0,0,0,0,0,0,0,0,0,0,0,0,0,0,0,0,0,0,0,0,0,0,0,51533316096,13645496320,3145344,832855,22710423,0,0,384,3145728,16709734,3111910,147,3073404161,51539607552,0,1062204581,0,0,0,0,0,0,0,0,0,0,0,0,0,0,0,0,0,0,7609094,407179852,0,468,1204,7863,623,15218351,35,0,0,0,0,0,0,0,1,0,0,0,0,0,0,0,0,0,0,21329144,0,22710128,195020,0,0,0,0,0,0,0,0,16384,0,0,0,0,0,0,0,0,0,0,0,4153,115,0,0,0,0,0,23124988,0,72,0,16,115,4153,0,0,0,0,0,0,0,0,0,0,0,0,0,0,0,0,0,0,0,0,0,0,0,0,0,0,0,0,0,0,0,0,0,0,0,0,0,0,0,0,0,0,0,0,0,0,0,0,0,0,0,0,0,0,164792307,0,0,0,864572249,0,0,0,0,0,0,0,21534452,21197719,189319914,193029007872,18559014,0,0,0,0,0,0,0,0,0,0,0,0,0,0,0,0,0,0,0,0,0,0,0,0,0,0,0,0,0,0,0,73,0,0,0,0,0,0,0
1787686561.896,0,0,0,0,0,0,0,671625818,324695034368,657108488704,0,0,0,0,0,0,0,0,0,0,0,0,0,0,0,0,0,0,0,0,0,0,0,0,0,0,0,0,0,0,0,0,0,0,0,0,0,0,0,0,0,0,0,0,0,0,0,0,0,0,0,0,0,0,0,0,0,0,0,0,7,6186003,19837056,22800950,0,0,0,0,0,0,0,0,0,0,0,0,0,0,0,0,0,0,0,0,0,0,0,0,0,0,0,0,0,0,0,0,0,0,0,0,0,51402129408,13613531136,3137337,830904,22715481,8007,0,384,3145728,16718726,3111910,147,3073540259,51539607552,0,1062225748,0,0,0,0,0,0,0,0,0,0,0,0,0,0,0,0,0,0,7609851,407180609,0,468,1204,7863,623,15219866,35,0,0,0,0,0,0,0,1,0,0,0,0,0,0,0,0,0,0,21330100,0,22715105,195068,0,0,0,0,0,0,0,0,16384,0,0,0,0,0,0,0,0,0,0,0,4154,115,0,0,0,0,0,23127288,0,72,0,16,115,4154,0,0,0,0,0,0,0,0,0,0,0,0,0,0,0,0,0,0,0,0,0,0,0,0,0,0,0,0,0,0,0,0,0,0,0,0,0,0,0,0,0,0,0,0,0,0,0,0,0,0,0,0,0,0,164794522,0,0,0,864585035,0,0,0,0,0,0,0,21536471,21206707,189327233,193032238080,18560300,0,0,0,0,0,0,0,0,0,0,0,0,0,0,0,0,0,0,0,0,0,0,0,0,0,0,0,0,0,0,0,270,0,0,0,0,0,0,0
1787686562.966,0,0,0,0,0,0,0,671653677,324848011776,657156668928,0,0,0,0,0,0,0,0,0,0,0,0,0,0,0,0,0,0,0,0,0,0,0,0,0,0,0,0,0,0,0,0,0,0,0,0,0,0,0,0,0,0,0,0,0,0,0,0,0,0,0,0,0,0,0,0,0,0,0,0,7,6186051,19846395,22803629,0,0,0,0,0,0,0,0,0,0,0,0,0,0,0,0,0,0,0,0,0,0,0,0,0,0,0,0,0,0,0,0,0,0,0,0,0,51412353024,13621968896,3137961,831419,22718124,7383,0,384,3145728,16728062,3111910,147,3073681180,51539607552,0,1062248413,0,0,0,0,0,0,0,0,0,0,0,0,0,0,0,0,0,0,7610626,407181384,0,468,1204,7863,623,15221417,35,0,0,0,0,0,0,0,1,0,0,0,0,0,0,0,0,0,0,21331078,0,22717829,195094,0,0,0,0,0,0,0,0,16384,0,0,0,0,0,0,0,0,0,0,0,4155,115,0,0,0,0,0,23129648,0,72,0,16,115,4155,0,0,0,0,0,0,0,0,0,0,0,0,0,0,0,0,0,0,0,0,0,0,0,0,0,0,0,0,0,0,0,0,0,0,0,0,0,0,0,0,0,0,0,0,0,0,0,0,0,0,0,0,0,0,164796856,0,0,0,864598431,0,0,0,0,0,0,0,21538284,21216042,189332236,193035866112,18561678,0,0,0,0,0,0,0,0,0,0,0,0,0,0,0,0,0,0,0,0,0,0,0,0,0,0,0,0,0,0,0,193,0,0,0,0,0,0,0
1787686564.040,0,0,0,0,0,0,0,671681473,324999842304,657203454464,0,0,0,0,0,0,0,0,0,0,0,0,0,0,0,0,0,0,0,0,0,0,0,0,0,0,0,0,0,0,0,0,0,0,0,0,0,0,0,0,0,0,0,0,0,0,0,0,0,0,0,0,0,0,0,0,0,0,0,0,7,6186111,19855665,22806205,0,0,0,0,0,0,0,0,0,0,0,0,0,0,0,0,0,0,0,0,0,0,0,0,0,0,0,0,0,0,0,0,0,0,0,0,0,51422085120,13631291392,3138555,831988,22720700,6788,0,384,3145728,16737332,3111910,147,3073821661,51539607552,0,1062270856,0,0,0,0,0,0,0,0,0,0,0,0,0,0,0,0,0,0,7611402,407182160,0,468,1204,7863,623,15222967,35,0,0,0,0,0,0,0,1,0,0,0,0,0,0,0,0,0,0,21332058,0,22720405,195118,0,0,0,0,0,0,0,0,16384,0,0,0,0,0,0,0,0,0,0,0,4156,115,0,0,0,0,0,23131996,0,72,0,16,115,4156,0,0,0,0,0,0,0,0,0,0,0,0,0,0,0,0,0,0,0,0,0,0,0,0,0,0,0,0,0,0,0,0,0,0,0,0,0,0,0,0,0,0,0,0,0,0,0,0,0,0,0,0,0,0,164799122,0,0,0,864611800,0,0,0,0,0,0,0,21539996,21225308,189337100,193039241728,18562997,0,0,0,0,0,0,0,0,0,0,0,0,0,0,0,0,0,0,0,0,0,0,0,0,0,0,0,0,0,0,0,124,0,0,0,0,0,0,0
1787686565.109,0,0,0,0,0,0,0,671709648,325151853056,657250156032,0,0,0,0,0,0,0,0,0,0,0,0,0,0,0,0,0,0,0,0,0,0,0,0,0,0,0,0,0,0,0,0,0,0,0,0,0,0,0,0,0,0,0,0,0,0,0,0,0,0,0,0,0,0,0,0,0,0,0,0,7,6186163,19864948,22808764,0,0,0,0,0,0,0,0,0,0,0,0,0,0,0,0,0,0,0,0,0,0,0,0,0,0,0,0,0,0,0,0,0,0,0,0,0,51432947712,13641646080,3139218,832620,22723259,6126,0,384,3145728,16746611,3111910,147,3073963597,51539607552,0,1062293517,0,0,0,0,0,0,0,0,0,0,0,0,0,0,0,0,0,0,7612187,407182945,0,468,1204,7863,623,15224537,35,0,0,0,0,0,0,0,1,0,0,0,0,0,0,0,0,0,0,21333053,0,22722964,195142,0,0,0,0,0,0,0,0,16384,0,0,0,0,0,0,0,0,0,0,0,4157,115,0,0,0,0,0,23134375,0,72,0,16,115,4157,0,0,0,0,0,0,0,0,0,0,0,0,0,0,0,0,0,0,0,0,0,0,0,0,0,0,0,0,0,0,0,0,0,0,0,0,0,0,0,0,0,0,0,0,0,0,0,0,0,0,0,0,0,0,164801457,0,0,0,864625299,0,0,0,0,0,0,0,21541702,21234584,189342011,193042875392,18564371,0,0,0,0,0,0,0,0,0,0,0,0,0,0,0,0,0,0,0,0,0,0,0,0,0,0,0,0,0,0,0,97,0,0,0,0,0,0,0
1787686566.180,0,0,0,0,0,0,0,671737863,325306026496,657296606208,0,0,0,0,0,0,0,0,0,0,0,0,0,0,0,0,0,0,0,0,0,0,0,0,0,0,0,0,0,0,0,0,0,0,0,0,0,0,0,0,0,0,0,0,0,0,0,0,0,0,0,0,0,0,0,0,0,0,0,0,7,6186224,19874357,22811293,0,0,0,0,0,0,0,0,0,0,0,0,0,0,0,0,0,0,0,0,0,0,0,0,0,0,0,0,0,0,0,0,0,0,0,0,0,51445170176,13651247104,3139964,833206,22725788,5380,0,384,3145728,16756016,3111910,147,3074106406,51539607552,0,1062316360,0,0,0,0,0,0,0,0,0,0,0,0,0,0,0,0,0,0,7612973,407183731,0,468,1204,7863,623,15226112,35,0,0,0,0,0,0,0,1,0,0,0,0,0,0,0,0,0,0,21334047,0,22725493,195166,0,0,0,0,0,0,0,0,16384,0,0,0,0,0,0,0,0,0,0,0,4158,115,0,0,0,0,0,23136765,0,72,0,16,115,4158,0,0,0,0,0,0,0,0,0,0,0,0,0,0,0,0,0,0,0,0,0,0,0,0,0,0,0,0,0,0,0,0,0,0,0,0,0,0,0,0,0,0,0,0,0,0,0,0,0,0,0,0,0,0,164803791,0,0,0,864638888,0,0,0,0,0,0,0,21543476,21243992,189346897,193046571520,18565759,0,0,0,0,0,0,0,0,0,0,0,0,0,0,0,0,0,0,0,0,0,0,0,0,0,0,0,0,0,0,0,29,0,0,0,0,0,0,0
1787686567.257,0,0,0,0,0,0,0,671765780,325460314624,657342779392,0,0,0,0,0,0,0,0,0,0,0,0,0,0,0,0,0,0,0,0,0,0,0,0,0,0,0,0,0,0,0,0,0,0,0,0,0,0,0,0,0,0,0,0,0,0,0,0,0,0,0,0,0,0,0,0,0,0,0,0,7,6186281,19883781,22813831,0,0,0,0,0,0,0,0,0,0,0,0,0,0,0,0,0,0,0,0,0,0,0,0,0,0,0,0,0,0,0,0,0,0,0,0,0,51455115264,13660536832,3140571,833773,22728326,4773,0,384,3145728,16765438,3111910,147,3074246172,51539607552,0,1062337600,0,0,0,0,0,0,0,0,0,0,0,0,0,0,0,0,0,0,7613758,407184516,0,468,1204,7863,623,15227679,35,0,0,0,0,0,0,0,1,0,0,0,0,0,0,0,0,0,0,21335040,0,22728031,195190,0,0,0,0,0,0,0,0,16384,0,0,0,0,0,0,0,0,0,0,0,4159,115,0,0,0,0,0,23139150,0,72,0,16,115,4159,0,0,0,0,0,0,0,0,0,0,0,0,0,0,0,0,0,0,0,0,0,0,0,0,0,0,0,0,0,0,0,0,0,0,0,0,0,0,0,0,0,0,0,0,0,0,0,0,0,0,0,0,0,0,164806081,0,0,0,864652099,0,0,0,0,0,0,0,21545344,21253413,189351753,193049831424,18567210,0,0,0,0,0,0,0,0,0,0,0,0,0,0,0,0,0,0,0,0,0,0,0,0,0,0,0,0,0,0,0,256,0,0,0,0,0,0,0
1787686568.334,0,0,0,0,0,0,0,671793628,325612571136,657391247360,0,0,0,0,0,0,0,0,0,0,0,0,0,0,0,0,0,0,0,0,0,0,0,0,0,0,0,0,0,0,0,0,0,0,0,0,0,0,0,0,0,0,0,0,0,0,0,0,0,0,0,0,0,0,0,0,0,0,0,0,7,6186357,19893073,22816482,0,0,0,0,0,0,0,0,0,0,0,0,0,0,0,0,0,0,0,0,0,0,0,0,0,0,0,0,0,0,0,0,0,0,0,0,0,51466207232,13669236736,3141248,834304,22730977,4096,0,384,3145728,16774726,3111910,147,3074387261,51539607552,0,1062360445,0,0,0,0,0,0,0,0,0,0,0,0,0,0,0,0,0,0,7614533,407185291,0,468,1204,7863,623,15229229,35,0,0,0,0,0,0,0,1,0,0,0,0,0,0,0,0,0,0,21336020,0,22730682,195215,0,0,0,0,0,0,0,0,16384,0,0,0,0,0,0,0,0,0,0,0,4160,115,0,0,0,0,0,23141509,0,72,0,16,115,4160,0,0,0,0,0,0,0,0,0,0,0,0,0,0,0,0,0,0,0,0,0,0,0,0,0,0,0,0,0,0,0,0,0,0,0,0,0,0,0,0,0,0,0,0,0,0,0,0,0,0,0,0,0,0,164808420,0,0,0,864665484,0,0,0,0,0,0,0,21547158,21262706,189356767,193053641728,18568630,0,0,0,0,0,0,0,0,0,0,0,0,0,0,0,0,0,0,0,0,0,0,0,0,0,0,0,0,0,0,0,199,0,0,0,0,0,0,0
1787686569.405,0,0,0,0,0,0,0,671821148,325764893184,657438100992,0,0,0,0,0,0,0,0,0,0,0,0,0,0,0,0,0,0,0,0,0,0,0,0,0,0,0,0,0,0,0,0,0,0,0,0,0,0,0,0,0,0,0,0,0,0,0,0,0,0,0,0,0,0,0,0,0,0,0,0,7,6186407,19902374,22819064,0,0,0,0,0,0,0,0,0,0,0,0,0,0,0,0,0,0,0,0,0,0,0,0,0,0,0,0,0,0,0,0,0,0,0,0,0,51475742720,13677658112,3141830,834818,22733559,3514,0,384,3145728,16784022,3111910,147,3074526350,51539607552,0,1062382518,0,0,0,0,0,0,0,0,0,0,0,0,0,0,0,0,0,0,7615301,407186059,0,468,1204,7863,623,15230765,35,0,0,0,0,0,0,0,1,0,0,0,0,0,0,0,0,0,0,21336993,0,22733264,195240,0,0,0,0,0,0,0,0,16384,0,0,0,0,0,0,0,0,0,0,0,4161,115,0,0,0,0,0,23143847,0,72,0,16,115,4161,0,0,0,0,0,0,0,0,0,0,0,0,0,0,0,0,0,0,0,0,0,0,0,0,0,0,0,0,0,0,0,0,0,0,0,0,0,0,0,0,0,0,0,0,0,0,0,0,0,0,0,0,0,0,164810700,0,0,0,864678716,0,0,0,0,0,0,0,21548977,21272002,189361654,193056966144,18569996,0,0,0,0,0,0,0,0,0,0,0,0,0,0,0,0,0,0,0,0,0,0,0,0,0,0,0,0,0,0,0,136,0,0,0,0,0,0,0
1787686570.474,0,0,0,0,0,0,0,671848964,325916199424,657484409344,0,0,0,0,0,0,0,0,0,0,0,0,0,0,0,0,0,0,0,0,0,0,0,0,0,0,0,0,0,0,0,0,0,0,0,0,0,0,0,0,0,0,0,0,0,0,0,0,0,0,0,0,0,0,0,0,0,0,0,0,7,6186467,19911616,22821604,0,0,0,0,0,0,0,0,0,0,0,0,0,0,0,0,0,0,0,0,0,0,0,0,0,0,0,0,0,0,0,0,0,0,0,0,0,51486244864,13687504896,3142471,835419,22736099,2873,0,384,3145728,16793263,3111910,147,3074666038,51539607552,0,1062404499,0,0,0,0,0,0,0,0,0,0,0,0,0,0,0,0,0,0,7616078,407186836,0,468,1204,7863,623,15232320,35,0,0,0,0,0,0,0,1,0,0,0,0,0,0,0,0,0,0,21337965,0,22735804,195264,0,0,0,0,0,0,0,0,16384,0,0,0,0,0,0,0,0,0,0,0,4162,115,0,0,0,0,0,23146199,0,72,0,16,115,4162,0,0,0,0,0,0,0,0,0,0,0,0,0,0,0,0,0,0,0,0,0,0,0,0,0,0,0,0,0,0,0,0,0,0,0,0,0,0,0,0,0,0,0,0,0,0,0,0,0,0,0,0,0,0,164812986,0,0,0,864691915,0,0,0,0,0,0,0,21550742,21281238,189366503,193060407296,18571362,0,0,0,0,0,0,0,0,0,0,0,0,0,0,0,0,0,0,0,0,0,0,0,0,0,0,0,0,0,0,0,270,0,0,0,0,0,0,0
1787686571.545,0,0,0,0,0,0,0,671876930,326068881920,657531315712,0,0,0,0,0,0,0,0,0,0,0,0,0,0,0,0,0,0,0,0,0,0,0,0,0,0,0,0,0,0,0,0,0,0,0,0,0,0,0,0,0,0,0,0,0,0,0,0,0,0,0,0,0,0,0,0,0,0,0,0,7,6186526,19920937,22824174,0,0,0,0,0,0,0,0,0,0,0,0,0,0,0,0,0,0,0,0,0,0,0,0,0,0,0,0,0,0,0,0,0,0,0,0,0,51496910848,13697073152,3143122,836003,22738669,2221,0,384,3145728,16802581,3111910,147,3074807229,51539607552,0,1062427100,0,0,0,0,0,0,0,0,0,0,0,0,0,0,0,0,0,0,7616857,407187615,0,468,1204,7863,623,15233877,35,0,0,0,0,0,0,0,1,0,0,0,0,0,0,0,0,0,0,21338948,0,22738374,195288,0,0,0,0,0,0,0,0,16384,0,0,0,0,0,0,0,0,0,0,0,4163,115,0,0,0,0,0,23148578,0,72,0,16,115,4163,0,0,0,0,0,0,0,0,0,0,0,0,0,0,0,0,0,0,0,0,0,0,0,0,0,0,0,0,0,0,0,0,0,0,0,0,0,0,0,0,0,0,0,0,0,0,0,0,0,0,0,0,0,0,164815276,0,0,0,864705346,0,0,0,0,0,0,0,21552562,21290560,189371386,193063963648,18572777,0,0,0,0,0,0,0,0,0,0,0,0,0,0,0,0,0,0,0,0,0,0,0,0,0,0,0,0,0,0,0,208,0,0,0,0,0,0,0
1787686572.615,0,0,0,0,0,0,0,671905095,326220630528,657578563584,0,0,0,0,0,0,0,0,0,0,0,0,0,0,0,0,0,0,0,0,0,0,0,0,0,0,0,0,0,0,0,0,0,0,0,0,0,0,0,0,0,0,0,0,0,0,0,0,0,0,0,0,0,0,0,0,0,0,0,0,7,6186590,19930202,22826744,0,0,0,0,0,0,0,0,0,0,0,0,0,0,0,0,0,0,0,0,0,0,0,0,0,0,0,0,0,0,0,0,0,0,0,0,0,51507609600,13706559488,3143775,836582,22741239,1569,0,384,3145728,16811842,3111910,147,3074949854,51539607552,0,1062450298,0,0,0,0,0,0,0,0,0,0,0,0,0,0,0,0,0,0,7617639,407188397,0,468,1204,7863,623,15235443,35,0,0,0,0,0,0,0,1,0,0,0,0,0,0,0,0,0,0,21339939,0,22740944,195312,0,0,0,0,0,0,0,0,16384,0,0,0,0,0,0,0,0,0,0,0,4164,115,0,0,0,0,0,23150958,0,72,0,16,115,4164,0,0,0,0,0,0,0,0,0,0,0,0,0,0,0,0,0,0,0,0,0,0,0,0,0,0,0,0,0,0,0,0,0,0,0,0,0,0,0,0,0,0,0,0,0,0,0,0,0,0,0,0,0,0,164817700,0,0,0,864718866,0,0,0,0,0,0,0,21554413,21299819,189376404,193067848192,18574251,0,0,0,0,0,0,0,0,0,0,0,0,0,0,0,0,0,0,0,0,0,0,0,0,0,0,0,0,0,0,0,141,0,0,0,0,0,0,0
1787686573.685,0,0,0,0,0,0,0,671932894,326372952576,657625604096,0,0,0,0,0,0,0,0,0,0,0,0,0,0,0,0,0,0,0,0,0,0,0,0,0,0,0,0,0,0,0,0,0,0,0,0,0,0,0,0,0,0,0,0,0,0,0,0,0,0,0,0,0,0,0,0,0,0,0,0,7,6186642,19939501,22829326,0,0,0,0,0,0,0,0,0,0,0,0,0,0,0,0,0,0,0,0,0,0,0,0,0,0,0,0,0,0,0,0,0,0,0,0,0,51518341120,13715079168,3144430,837102,22743821,914,0,384,3145728,16821139,3111910,147,3075090378,51539607552,0,1062472654,0,0,0,0,0,0,0,0,0,0,0,0,0,0,0,0,0,0,7618415,407189173,0,468,1204,7863,623,15236995,35,0,0,0,0,0,0,0,1,0,0,0,0,0,0,0,0,0,0,21340924,0,22743526,195336,0,0,0,0,0,0,0,0,16384,0,0,0,0,0,0,0,0,0,0,0,4165,115,0,0,0,0,0,23153314,0,72,0,16,115,4165,0,0,0,0,0,0,0,0,0,0,0,0,0,0,0,0,0,0,0,0,0,0,0,0,0,0,0,0,0,0,0,0,0,0,0,0,0,0,0,0,0,0,0,0,0,0,0,0,0,0,0,0,0,0,164820023,0,0,0,864732242,0,0,0,0,0,0,0,21556269,21309117,189381332,193071488000,18575737,0,0,0,0,0,0,0,0,0,0,0,0,0,0,0,0,0,0,0,0,0,0,0,0,0,0,0,0,0,0,0,82,0,0,0,0,0,0,0
1787686574.754,0,0,0,0,0,0,0,671960827,326525536768,657671456256,0,0,0,0,0,0,0,0,0,0,0,0,0,0,0,0,0,0,0,0,0,0,0,0,0,0,0,0,0,0,0,0,0,0,0,0,0,0,0,0,0,0,0,0,0,0,0,0,0,0,0,0,0,0,0,0,0,0,0,0,7,6186699,19948818,22831843,0,0,0,0,0,0,0,0,0,0,0,0,0,0,0,0,0,0,0,0,0,0,0,0,0,0,0,0,0,0,0,0,0,0,0,0,0,51527942144,13725466624,3145016,837736,22746338,328,0,384,3145728,16830449,3111910,147,3075231503,51539607552,0,1062495482,0,0,0,0,0,0,0,0,0,0,0,0,0,0,0,0,0,0,7619192,407189950,0,468,1204,7863,623,15238548,35,0,0,0,0,0,0,0,1,0,0,0,0,0,0,0,0,0,0,21341906,0,22746043,195360,0,0,0,0,0,0,0,0,16384,0,0,0,0,0,0,0,0,0,0,0,4166,115,0,0,0,0,0,23155674,0,72,0,16,115,4166,0,0,0,0,0,0,0,0,0,0,0,0,0,0,0,0,0,0,0,0,0,0,0,0,0,0,0,0,0,0,0,0,0,0,0,0,0,0,0,0,0,0,0,0,0,0,0,0,0,0,0,0,0,0,164822390,0,0,0,864745649,0,0,0,0,0,0,0,21558069,21318431,189386240,193075021312,18577195,0,0,0,0,0,0,0,0,0,0,0,0,0,0,0,0,0,0,0,0,0,0,0,0,0,0,0,0,0,0,0,11,0,0,0,0,0,0,0
1787686575.824,0,0,0,0,0,0,0,671988800,326677694976,657718216704,0,0,0,0,0,0,0,0,0,0,0,0,0,0,0,0,0,0,0,0,0,0,0,0,0,0,0,0,0,0,0,0,0,0,0,0,0,0,0,0,0,0,0,0,0,0,0,0,0,0,0,0,0,0,0,0,0,0,0,0,7,6186757,19958110,22834416,0,0,0,0,0,0,0,0,0,0,0,0,0,0,0,0,0,0,0,0,0,0,0,0,0,0,0,0,0,0,0,0,0,0,0,0,0,51533021184,13734608896,3145326,838294,22748911,18,0,384,3145728,16839735,3111910,147,3075371689,51539607552,0,1062517273,0,0,0,0,0,0,0,0,0,0,0,0,0,0,0,0,0,0,7619974,407190732,0,468,1204,7863,623,15240111,35,0,0,0,0,0,0,0,1,0,0,0,0,0,0,0,0,0,0,21342894,0,22748616,195385,0,0,0,0,0,0,0,0,16384,0,0,0,0,0,0,0,0,0,0,0,4168,115,0,0,0,0,0,23158038,0,72,0,16,115,4168,0,0,0,0,0,0,0,0,0,0,0,0,0,0,0,0,0,0,0,0,0,0,0,0,0,0,0,0,0,0,0,0,0,0,0,0,0,0,0,0,0,0,0,0,0,0,0,0,0,0,0,0,0,0,164824755,0,0,0,864758830,0,0,0,0,0,0,0,21559893,21327716,189391202,193078589952,18578606,0,0,0,0,0,0,0,0,0,0,0,0,0,0,0,0,0,0,0,0,0,0,0,0,0,0,0,0,0,0,0,247,0,0,0,0,0,0,0
1787686576.894,0,0,0,0,0,0,0,672016016,326827411968,657805432320,0,0,0,0,0,0,0,0,0,0,0,0,0,0,0,0,0,0,0,0,0,0,0,0,0,0,0,0,0,0,0,0,0,0,0,0,0,0,0,0,0,0,0,0,0,0,0,0,0,0,0,0,0,0,0,0,0,0,0,0,7,6186809,19967247,22839298,0,0,0,0,0,0,0,0,0,0,0,0,0,0,0,0,0,0,0,0,0,0,0,0,0,0,0,0,0,0,0,0,0,0,0,0,0,51402244096,13704101888,3137344,836432,22753953,8000,0,384,3145728,16848872,3111910,147,3075509550,51539607552,0,1062539488,0,0,0,0,0,0,0,0,0,0,0,0,0,0,0,0,0,0,7620733,407191491,0,468,1204,7863,623,15241629,35,0,0,0,0,0,0,0,1,0,0,0,0,0,0,0,0,0,0,21343855,0,22753412,195433,0,0,0,0,0,0,0,0,16384,0,0,0,0,0,0,0,0,0,0,0,4169,115,0,0,0,0,0,23160337,0,72,0,16,115,4169,0,0,0,0,0,0,0,0,0,0,0,0,0,0,0,0,0,0,0,0,0,0,0,0,0,0,0,0,0,0,0,0,0,0,0,0,0,0,0,0,0,0,0,0,0,0,0,0,0,0,0,0,0,0,164827081,0,0,0,864771968,0,0,0,0,0,0,0,21561937,21336853,189398616,193082210304,18580019,0,0,0,0,0,0,0,0,0,0,0,0,0,0,0,0,0,0,0,0,0,0,0,0,0,0,0,0,0,0,0,146,0,0,0,0,0,0,0
1787686577.965,0,0,0,0,0,0,0,672043940,326977833472,657853304832,0,0,0,0,0,0,0,0,0,0,0,0,0,0,0,0,0,0,0,0,0,0,0,0,0,0,0,0,0,0,0,0,0,0,0,0,0,0,0,0,0,0,0,0,0,0,0,0,0,0,0,0,0,0,0,0,0,0,0,0,7,6186876,19976434,22842063,0,0,0,0,0,0,0,0,0,0,0,0,0,0,0,0,0,0,0,0,0,0,0,0,0,0,0,0,0,0,0,0,0,0,0,0,0,51411566592,13709246464,3137913,836746,22756558,7431,0,384,3145728,16858058,3111910,147,3075650789,51539607552,0,1062562450,0,0,0,0,0,0,0,0,0,0,0,0,0,0,0,0,0,0,7621509,407192267,0,468,1204,7863,623,15243181,35,0,0,0,0,0,0,0,1,0,0,0,0,0,0,0,0,0,0,21344837,0,22756263,195459,0,0,0,0,0,0,0,0,16384,0,0,0,0,0,0,0,0,0,0,0,4170,115,0,0,0,0,0,23162698,0,72,0,16,115,4170,0,0,0,0,0,0,0,0,0,0,0,0,0,0,0,0,0,0,0,0,0,0,0,0,0,0,0,0,0,0,0,0,0,0,0,0,0,0,0,0,0,0,0,0,0,0,0,0,0,0,0,0,0,0,164829465,0,0,0,864785376,0,0,0,0,0,0,0,21563893,21346035,189403631,193086142976,18581507,0,0,0,0,0,0,0,0,0,0,0,0,0,0,0,0,0,0,0,0,0,0,0,0,0,0,0,0,0,0,0,80,0,0,0,0,0,0,0
1787686579.035,0,0,0,0,0,0,0,672071621,327128386048,657900315648,0,0,0,0,0,0,0,0,0,0,0,0,0,0,0,0,0,0,0,0,0,0,0,0,0,0,0,0,0,0,0,0,0,0,0,0,0,0,0,0,0,0,0,0,0,0,0,0,0,0,0,0,0,0,0,0,0,0,0,0,7,6186935,19985624,22844635,0,0,0,0,0,0,0,0,0,0,0,0,0,0,0,0,0,0,0,0,0,0,0,0,0,0,0,0,0,0,0,0,0,0,0,0,0,51422248960,13717618688,3138565,837257,22759130,6779,0,384,3145728,16867247,3111910,147,3075790750,51539607552,0,1062584891,0,0,0,0,0,0,0,0,0,0,0,0,0,0,0,0,0,0,7622281,407193039,0,468,1204,7863,623,15244726,35,0,0,0,0,0,0,0,1,0,0,0,0,0,0,0,0,0,0,21345814,0,22758835,195484,0,0,0,0,0,0,0,0,16384,0,0,0,0,0,0,0,0,0,0,0,4171,115,0,0,0,0,0,23165041,0,72,0,16,115,4171,0,0,0,0,0,0,0,0,0,0,0,0,0,0,0,0,0,0,0,0,0,0,0,0,0,0,0,0,0,0,0,0,0,0,0,0,0,0,0,0,0,0,0,0,0,0,0,0,0,0,0,0,0,0,164831818,0,0,0,864798690,0,0,0,0,0,0,0,21565776,21355222,189408581,193089846784,18582986,0,0,0,0,0,0,0,0,0,0,0,0,0,0,0,0,0,0,0,0,0,0,0,0,0,0,0,0,0,0,0,19,0,0,0,0,0,0,0
1787686580.105,0,0,0,0,0,0,0,672099351,327279544832,657947182080,0,0,0,0,0,0,0,0,0,0,0,0,0,0,0,0,0,0,0,0,0,0,0,0,0,0,0,0,0,0,0,0,0,0,0,0,0,0,0,0,0,0,0,0,0,0,0,0,0,0,0,0,0,0,0,0,0,0,0,0,7,6186994,19994855,22847204,0,0,0,0,0,0,0,0,0,0,0,0,0,0,0,0,0,0,0,0,0,0,0,0,0,0,0,0,0,0,0,0,0,0,0,0,0,51430981632,13726171136,3139098,837779,22761699,6246,0,384,3145728,16876473,3111910,147,3075929991,51539607552,0,1062606807,0,0,0,0,0,0,0,0,0,0,0,0,0,0,0,0,0,0,7623053,407193811,0,468,1204,7863,623,15246269,35,0,0,0,0,0,0,0,1,0,0,0,0,0,0,0,0,0,0,21346792,0,22761404,195509,0,0,0,0,0,0,0,0,16384,0,0,0,0,0,0,0,0,0,0,0,4172,115,0,0,0,0,0,23167384,0,72,0,16,115,4172,0,0,0,0,0,0,0,0,0,0,0,0,0,0,0,0,0,0,0,0,0,0,0,0,0,0,0,0,0,0,0,0,0,0,0,0,0,0,0,0,0,0,0,0,0,0,0,0,0,0,0,0,0,0,164834122,0,0,0,864811757,0,0,0,0,0,0,0,21567668,21364447,189413479,193093362688,18584482,0,0,0,0,0,0,0,0,0,0,0,0,0,0,0,0,0,0,0,0,0,0,0,0,0,0,0,0,0,0,0,222,0,0,0,0,0,0,0
1787686581.175,0,0,0,0,0,0,0,672127352,327431014912,657993110528,0,0,0,0,0,0,0,0,0,0,0,0,0,0,0,0,0,0,0,0,0,0,0,0,0,0,0,0,0,0,0,0,0,0,0,0,0,0,0,0,0,0,0,0,0,0,0,0,0,0,0,0,0,0,0,0,0,0,0,0,7,6187053,20004099,22849730,0,0,0,0,0,0,0,0,0,0,0,0,0,0,0,0,0,0,0,0,0,0,0,0,0,0,0,0,0,0,0,0,0,0,0,0,0,51442860032,13735559168,3139823,838352,22764225,5521,0,384,3145728,16885716,3111910,147,3076071200,51539607552,0,1062629478,0,0,0,0,0,0,0,0,0,0,0,0,0,0,0,0,0,0,7623833,407194591,0,468,1204,7863,623,15247829,35,0,0,0,0,0,0,0,1,0,0,0,0,0,0,0,0,0,0,21347778,0,22763930,195533,0,0,0,0,0,0,0,0,16384,0,0,0,0,0,0,0,0,0,0,0,4173,115,0,0,0,0,0,23169757,0,72,0,16,115,4173,0,0,0,0,0,0,0,0,0,0,0,0,0,0,0,0,0,0,0,0,0,0,0,0,0,0,0,0,0,0,0,0,0,0,0,0,0,0,0,0,0,0,0,0,0,0,0,0,0,0,0,0,0,0,164836409,0,0,0,864825180,0,0,0,0,0,0,0,21569550,21373694,189418315,193096850944,18585995,0,0,0,0,0,0,0,0,0,0,0,0,0,0,0,0,0,0,0,0,0,0,0,0,0,0,0,0,0,0,0,168,0,0,0,0,0,0,0
1787686582.246,0,0,0,0,0,0,0,672155372,327582960128,658039525888,0,0,0,0,0,0,0,0,0,0,0,0,0,0,0,0,0,0,0,0,0,0,0,0,0,0,0,0,0,0,0,0,0,0,0,0,0,0,0,0,0,0,0,0,0,0,0,0,0,0,0,0,0,0,0,0,0,0,0,0,7,6187117,20013377,22852243,0,0,0,0,0,0,0,0,0,0,0,0,0,0,0,0,0,0,0,0,0,0,0,0,0,0,0,0,0,0,0,0,0,0,0,0,0,51454050304,13745045504,3140506,838931,22766738,4838,0,384,3145728,16894993,3111910,147,3076212865,51539607552,0,1062652423,0,0,0,0,0,0,0,0,0,0,0,0,0,0,0,0,0,0,7624613,407195371,0,468,1204,7863,623,15249390,35,0,0,0,0,0,0,0,1,0,0,0,0,0,0,0,0,0,0,21348766,0,22766443,195557,0,0,0,0,0,0,0,0,16384,0,0,0,0,0,0,0,0,0,0,0,4174,115,0,0,0,0,0,23172133,0,72,0,16,115,4174,0,0,0,0,0,0,0,0,0,0,0,0,0,0,0,0,0,0,0,0,0,0,0,0,0,0,0,0,0,0,0,0,0,0,0,0,0,0,0,0,0,0,0,0,0,0,0,0,0,0,0,0,0,0,164838832,0,0,0,864838644,0,0,0,0,0,0,0,21571379,21382969,189423274,193100832768,18587484,0,0,0,0,0,0,0,0,0,0,0,0,0,0,0,0,0,0,0,0,0,0,0,0,0,0,0,0,0,0,0,124,0,0,0,0,0,0,0
1787686583.316,0,0,0,0,0,0,0,672183339,327733971456,658085831680,0,0,0,0,0,0,0,0,0,0,0,0,0,0,0,0,0,0,0,0,0,0,0,0,0,0,0,0,0,0,0,0,0,0,0,0,0,0,0,0,0,0,0,0,0,0,0,0,0,0,0,0,0,0,0,0,0,0,0,0,7,6187172,20022596,22854750,0,0,0,0,0,0,0,0,0,0,0,0,0,0,0,0,0,0,0,0,0,0,0,0,0,0,0,0,0,0,0,0,0,0,0,0,0,51463340032,13754499072,3141073,839508,22769245,4271,0,384,3145728,16904210,3111910,147,3076354225,51539607552,0,1062675325,0,0,0,0,0,0,0,0,0,0,0,0,0,0,0,0,0,0,7625392,407196150,0,468,1204,7863,623,15250947,35,0,0,0,0,0,0,0,1,0,0,0,0,0,0,0,0,0,0,21349750,0,22768950,195581,0,0,0,0,0,0,0,0,16384,0,0,0,0,0,0,0,0,0,0,0,4175,115,0,0,0,0,0,23174505,0,72,0,16,115,4175,0,0,0,0,0,0,0,0,0,0,0,0,0,0,0,0,0,0,0,0,0,0,0,0,0,0,0,0,0,0,0,0,0,0,0,0,0,0,0,0,0,0,0,0,0,0,0,0,0,0,0,0,0,0,164841196,0,0,0,864852107,0,0,0,0,0,0,0,21573200,21392185,189428168,193104713216,18588899,0,0,0,0,0,0,0,0,0,0,0,0,0,0,0,0,0,0,0,0,0,0,0,0,0,0,0,0,0,0,0,47,0,0,0,0,0,0,0
1787686584.386,0,0,0,0,0,0,0,672211422,327885195776,658132303872,0,0,0,0,0,0,0,0,0,0,0,0,0,0,0,0,0,0,0,0,0,0,0,0,0,0,0,0,0,0,0,0,0,0,0,0,0,0,0,0,0,0,0,0,0,0,0,0,0,0,0,0,0,0,0,0,0,0,0,0,7,6187236,20031828,22857292,0,0,0,0,0,0,0,0,0,0,0,0,0,0,0,0,0,0,0,0,0,0,0,0,0,0,0,0,0,0,0,0,0,0,0,0,0,51473317888,13763149824,3141682,840036,22771787,3662,0,384,3145728,16913443,3111910,147,3076495026,51539607552,0,1062697333,0,0,0,0,0,0,0,0,0,0,0,0,0,0,0,0,0,0,7626176,407196934,0,468,1204,7863,623,15252515,35,0,0,0,0,0,0,0,1,0,0,0,0,0,0,0,0,0,0,21350743,0,22771492,195606,0,0,0,0,0,0,0,0,16384,0,0,0,0,0,0,0,0,0,0,0,4176,115,0,0,0,0,0,23176895,0,72,0,16,115,4176,0,0,0,0,0,0,0,0,0,0,0,0,0,0,0,0,0,0,0,0,0,0,0,0,0,0,0,0,0,0,0,0,0,0,0,0,0,0,0,0,0,0,0,0,0,0,0,0,0,0,0,0,0,0,164843489,0,0,0,864865343,0,0,0,0,0,0,0,21575013,21401415,189433028,193108218368,18590308,0,0,0,0,0,0,0,0,0,0,0,0,0,0,0,0,0,0,0,0,0,0,0,0,0,0,0,0,0,0,0,267,0,0,0,0,0,0,0
1787686585.463,0,0,0,0,0,0,0,672239327,328037730816,658178207744,0,0,0,0,0,0,0,0,0,0,0,0,0,0,0,0,0,0,0,0,0,0,0,0,0,0,0,0,0,0,0,0,0,0,0,0,0,0,0,0,0,0,0,0,0,0,0,0,0,0,0,0,0,0,0,0,0,0,0,0,7,6187285,20041141,22859809,0,0,0,0,0,0,0,0,0,0,0,0,0,0,0,0,0,0,0,0,0,0,0,0,0,0,0,0,0,0,0,0,0,0,0,0,0,51485229056,13771522048,3142409,840547,22774304,2935,0,384,3145728,16922753,3111910,147,3076635984,51539607552,0,1062720081,0,0,0,0,0,0,0,0,0,0,0,0,0,0,0,0,0,0,7626951,407197709,0,468,1204,7863,623,15254065,35,0,0,0,0,0,0,0,1,0,0,0,0,0,0,0,0,0,0,21351722,0,22774009,195630,0,0,0,0,0,0,0,0,16384,0,0,0,0,0,0,0,0,0,0,0,4177,115,0,0,0,0,0,23179250,0,72,0,16,115,4177,0,0,0,0,0,0,0,0,0,0,0,0,0,0,0,0,0,0,0,0,0,0,0,0,0,0,0,0,0,0,0,0,0,0,0,0,0,0,0,0,0,0,0,0,0,0,0,0,0,0,0,0,0,0,164845821,0,0,0,864878741,0,0,0,0,0,0,0,21576830,21410724,189437901,193111695872,18591742,0,0,0,0,0,0,0,0,0,0,0,0,0,0,0,0,0,0,0,0,0,0,0,0,0,0,0,0,0,0,0,173,0,0,0,0,0,0,0
1787686586.534,0,0,0,0,0,0,0,672267752,328191986176,658224720384,0,0,0,0,0,0,0,0,0,0,0,0,0,0,0,0,0,0,0,0,0,0,0,0,0,0,0,0,0,0,0,0,0,0,0,0,0,0,0,0,0,0,0,0,0,0,0,0,0,0,0,0,0,0,0,0,0,0,0,0,7,6187345,20050557,22862337,0,0,0,0,0,0,0,0,0,0,0,0,0,0,0,0,0,0,0,0,0,0,0,0,0,0,0,0,0,0,0,0,0,0,0,0,0,51496910848,13781942272,3143122,841183,22776832,2222,0,384,3145728,16932170,3111910,147,3076779899,51539607552,0,1062743253,0,0,0,0,0,0,0,0,0,0,0,0,0,0,0,0,0,0,7627743,407198501,0,468,1204,7863,623,15255649,35,0,0,0,0,0,0,0,1,0,0,0,0,0,0,0,0,0,0,21352722,0,22776537,195655,0,0,0,0,0,0,0,0,16384,0,0,0,0,0,0,0,0,0,0,0,4178,115,0,0,0,0,0,23181648,0,72,0,16,115,4178,0,0,0,0,0,0,0,0,0,0,0,0,0,0,0,0,0,0,0,0,0,0,0,0,0,0,0,0,0,0,0,0,0,0,0,0,0,0,0,0,0,0,0,0,0,0,0,0,0,0,0,0,0,0,164848158,0,0,0,864892441,0,0,0,0,0,0,0,21578732,21420142,189442790,193115506176,18593241,0,0,0,0,0,0,0,0,0,0,0,0,0,0,0,0,0,0,0,0,0,0,0,0,0,0,0,0,0,0,0,83,0,0,0,0,0,0,0
1787686587.603,0,0,0,0,0,0,0,672295951,328346192384,658271766528,0,0,0,0,0,0,0,0,0,0,0,0,0,0,0,0,0,0,0,0,0,0,0,0,0,0,0,0,0,0,0,0,0,0,0,0,0,0,0,0,0,0,0,0,0,0,0,0,0,0,0,0,0,0,0,0,0,0,0,0,7,6187404,20059971,22864920,0,0,0,0,0,0,0,0,0,0,0,0,0,0,0,0,0,0,0,0,0,0,0,0,0,0,0,0,0,0,0,0,0,0,0,0,0,51506790400,13791789056,3143725,841784,22779415,1619,0,384,3145728,16941581,3111910,147,3076922411,51539607552,0,1062766098,0,0,0,0,0,0,0,0,0,0,0,0,0,0,0,0,0,0,7628529,407199287,0,468,1204,7863,623,15257221,35,0,0,0,0,0,0,0,1,0,0,0,0,0,0,0,0,0,0,21353715,0,22779120,195680,0,0,0,0,0,0,0,0,16384,0,0,0,0,0,0,0,0,0,0,0,4179,115,0,0,0,0,0,23184043,0,72,0,16,115,4179,0,0,0,0,0,0,0,0,0,0,0,0,0,0,0,0,0,0,0,0,0,0,0,0,0,0,0,0,0,0,0,0,0,0,0,0,0,0,0,0,0,0,0,0,0,0,0,0,0,0,0,0,0,0,164850462,0,0,0,864906003,0,0,0,0,0,0,0,21580548,21429553,189447700,193119064064,18594703,0,0,0,0,0,0,0,0,0,0,0,0,0,0,0,0,0,0,0,0,0,0,0,0,0,0,0,0,0,0,0,18,0,0,0,0,0,0,0
1787686588.680,0,0,0,0,0,0,0,672323948,328498924032,658319793152,0,0,0,0,0,0,0,0,0,0,0,0,0,0,0,0,0,0,0,0,0,0,0,0,0,0,0,0,0,0,0,0,0,0,0,0,0,0,0,0,0,0,0,0,0,0,0,0,0,0,0,0,0,0,0,0,0,0,0,0,7,6187471,20069295,22867554,0,0,0,0,0,0,0,0,0,0,0,0,0,0,0,0,0,0,0,0,0,0,0,0,0,0,0,0,0,0,0,0,0,0,0,0,0,51517177856,13799522304,3144359,842256,22782049,985,0,384,3145728,16950903,3111910,147,3077062828,51539607552,0,1062788141,0,0,0,0,0,0,0,0,0,0,0,0,0,0,0,0,0,0,7629310,407200068,0,468,1204,7863,623,15258783,35,0,0,0,0,0,0,0,1,0,0,0,0,0,0,0,0,0,0,21354703,0,22781754,195705,0,0,0,0,0,0,0,0,16384,0,0,0,0,0,0,0,0,0,0,0,4180,115,0,0,0,0,0,23186426,0,72,0,16,115,4180,0,0,0,0,0,0,0,0,0,0,0,0,0,0,0,0,0,0,0,0,0,0,0,0,0,0,0,0,0,0,0,0,0,0,0,0,0,0,0,0,0,0,0,0,0,0,0,0,0,0,0,0,0,0,164852776,0,0,0,864919178,0,0,0,0,0,0,0,21582387,21438880,189452671,193122692608,18596120,0,0,0,0,0,0,0,0,0,0,0,0,0,0,0,0,0,0,0,0,0,0,0,0,0,0,0,0,0,0,0,244,0,0,0,0,0,0,0
1787686589.750,0,0,0,0,0,0,0,672351596,328651311616,658367500800,0,0,0,0,0,0,0,0,0,0,0,0,0,0,0,0,0,0,0,0,0,0,0,0,0,0,0,0,0,0,0,0,0,0,0,0,0,0,0,0,0,0,0,0,0,0,0,0,0,0,0,0,0,0,0,0,0,0,0,0,7,6187528,20078599,22870173,0,0,0,0,0,0,0,0,0,0,0,0,0,0,0,0,0,0,0,0,0,0,0,0,0,0,0,0,0,0,0,0,0,0,0,0,0,51527352320,13807386624,3144980,842736,22784668,364,0,384,3145728,16960208,3111910,147,3077202671,51539607552,0,1062810496,0,0,0,0,0,0,0,0,0,0,0,0,0,0,0,0,0,0,7630080,407200838,0,468,1204,7863,623,15260324,35,0,0,0,0,0,0,0,1,0,0,0,0,0,0,0,0,0,0,21355678,0,22784373,195729,0,0,0,0,0,0,0,0,16384,0,0,0,0,0,0,0,0,0,0,0,4181,115,0,0,0,0,0,23188772,0,72,0,16,115,4181,0,0,0,0,0,0,0,0,0,0,0,0,0,0,0,0,0,0,0,0,0,0,0,0,0,0,0,0,0,0,0,0,0,0,0,0,0,0,0,0,0,0,0,0,0,0,0,0,0,0,0,0,0,0,164855022,0,0,0,864932470,0,0,0,0,0,0,0,21584142,21448177,189457557,193126363648,18597510,0,0,0,0,0,0,0,0,0,0,0,0,0,0,0,0,0,0,0,0,0,0,0,0,0,0,0,0,0,0,0,180,0,0,0,0,0,0,0
1787686590.820,0,0,0,0,0,0,0,672379652,328804272640,658414163968,0,0,0,0,0,0,0,0,0,0,0,0,0,0,0,0,0,0,0,0,0,0,0,0,0,0,0,0,0,0,0,0,0,0,0,0,0,0,0,0,0,0,0,0,0,0,0,0,0,0,0,0,0,0,0,0,0,0,0,0,7,6187579,20087937,22872726,0,0,0,0,0,0,0,0,0,0,0,0,0,0,0,0,0,0,0,0,0,0,0,0,0,0,0,0,0,0,0,0,0,0,0,0,0,51532349440,13816512512,3145285,843293,22787221,59,0,384,3145728,16969546,3111910,147,3077344434,51539607552,0,1062833262,0,0,0,0,0,0,0,0,0,0,0,0,0,0,0,0,0,0,7630863,407201620,0,468,1204,7863,623,15261891,35,0,0,0,0,0,0,0,1,0,0,0,0,0,0,0,0,0,0,21356664,0,22786926,195753,0,0,0,0,0,0,0,0,16384,0,0,0,0,0,0,0,0,0,0,0,4183,115,0,0,0,0,0,23191154,0,72,0,16,115,4183,0,0,0,0,0,0,0,0,0,0,0,0,0,0,0,0,0,0,0,0,0,0,0,0,0,0,0,0,0,0,0,0,0,0,0,0,0,0,0,0,0,0,0,0,0,0,0,0,0,0,0,0,0,0,164857363,0,0,0,864945989,0,0,0,0,0,0,0,21585942,21457512,189462474,193130017792,18598934,0,0,0,0,0,0,0,0,0,0,0,0,0,0,0,0,0,0,0,0,0,0,0,0,0,0,0,0,0,0,0,102,0,0,0,0,0,0,0
1787686591.890,0,0,0,0,0,0,0,672407165,328951974400,658502924800,0,0,0,0,0,0,0,0,0,0,0,0,0,0,0,0,0,0,0,0,0,0,0,0,0,0,0,0,0,0,0,0,0,0,0,0,0,0,0,0,0,0,0,0,0,0,0,0,0,0,0,0,0,0,0,0,0,0,0,0,7,6187644,20096957,22877680,0,0,0,0,0,0,0,0,0,0,0,0,0,0,0,0,0,0,0,0,0,0,0,0,0,0,0,0,0,0,0,0,0,0,0,0,0,51400949760,13785137152,3137265,841378,22789803,8079,0,384,3145728,16978564,3111910,147,3077483708,51539607552,0,1062855983,0,0,0,0,0,0,0,0,0,0,0,0,0,0,0,0,0,0,7631628,407202386,0,468,1204,7863,623,15263419,35,0,0,0,0,0,0,0,1,0,0,0,0,0,0,0,0,0,0,21357633,0,22791717,195802,0,0,0,0,0,0,0,0,16384,0,0,0,0,0,0,0,0,0,0,0,4184,115,0,0,0,0,0,23193488,0,72,0,16,115,4184,0,0,0,0,0,0,0,0,0,0,0,0,0,0,0,0,0,0,0,0,0,0,0,0,0,0,0,0,0,0,0,0,0,0,0,0,0,0,0,0,0,0,0,0,0,0,0,0,0,0,0,0,0,0,164859696,0,0,0,864959246,0,0,0,0,0,0,0,21588037,21466529,189469982,193133754880,18600333,1,0,0,0,0,0,0,0,0,0,0,0,0,0,0,0,0,0,0,0,0,0,0,0,0,0,0,0,0,0,0,12,0,0,0,0,0,0,0
1787686592.963,0,0,0,0,0,0,0,672435435,329107032576,658549478400,0,0,0,0,0,0,0,0,0,0,0,0,0,0,0,0,0,0,0,0,0,0,0,0,0,0,0,0,0,0,0,0,0,0,0,0,0,0,0,0,0,0,0,0,0,0,0,0,0,0,0,0,0,0,0,0,0,0,0,0,7,6187698,20106420,22880388,0,0,0,0,0,0,0,0,0,0,0,0,0,0,0,0,0,0,0,0,0,0,0,0,0,0,0,0,0,0,0,0,0,0,0,0,0,51412336640,13792444416,3137960,841824,22794883,7384,0,384,3145728,16988024,3111910,147,3077625370,51539607552,0,1062878234,0,0,0,0,0,0,0,0,0,0,0,0,0,0,0,0,0,0,7632415,407203173,0,468,1204,7863,623,15264993,35,0,0,0,0,0,0,0,1,0,0,0,0,0,0,0,0,0,0,21358628,0,22794588,195826,0,0,0,0,0,0,0,0,16384,0,0,0,0,0,0,0,0,0,0,0,4185,115,0,0,0,0,0,23195882,0,72,0,16,115,4185,0,0,0,0,0,0,0,0,0,0,0,0,0,0,0,0,0,0,0,0,0,0,0,0,0,0,0,0,0,0,0,0,0,0,0,0,0,0,0,0,0,0,0,0,0,0,0,0,0,0,0,0,0,0,164861997,0,0,0,864972518,0,0,0,0,0,0,0,21589881,21475998,189474841,193137392640,18601735,0,0,0,0,0,0,0,0,0,0,0,0,0,0,0,0,0,0,0,0,0,0,0,0,0,0,0,0,0,0,0,241,0,0,0,0,0,0,0
1787686594.037,0,0,0,0,0,0,0,672463889,329262565888,658597686784,0,0,0,0,0,0,0,0,0,0,0,0,0,0,0,0,0,0,0,0,0,0,0,0,0,0,0,0,0,0,0,0,0,0,0,0,0,0,0,0,0,0,0,0,0,0,0,0,0,0,0,0,0,0,0,0,0,0,0,0,7,6187774,20115917,22882999,0,0,0,0,0,0,0,0,0,0,0,0,0,0,0,0,0,0,0,0,0,0,0,0,0,0,0,0,0,0,0,0,0,0,0,0,0,51422969856,13801914368,3138609,842402,22797494,6735,0,384,3145728,16997519,3111910,147,3077769409,51539607552,0,1062901646,0,0,0,0,0,0,0,0,0,0,0,0,0,0,0,0,0,0,7633207,407203965,0,468,1204,7863,623,15266577,35,0,0,0,0,0,0,0,1,0,0,0,0,0,0,0,0,0,0,21359626,0,22797199,195851,0,0,0,0,0,0,0,0,16384,0,0,0,0,0,0,0,0,0,0,0,4186,115,0,0,0,0,0,23198293,0,72,0,16,115,4186,0,0,0,0,0,0,0,0,0,0,0,0,0,0,0,0,0,0,0,0,0,0,0,0,0,0,0,0,0,0,0,0,0,0,0,0,0,0,0,0,0,0,0,0,0,0,0,0,0,0,0,0,0,0,164864416,0,0,0,864986221,0,0,0,0,0,0,0,21591703,21485489,189479896,193141485568,18603164,0,0,0,0,0,0,0,0,0,0,0,0,0,0,0,0,0,0,0,0,0,0,0,0,0,0,0,0,0,0,0,163,0,0,0,0,0,0,0
1787686595.107,0,0,0,0,0,0,0,672491964,329415903744,658644515840,0,0,0,0,0,0,0,0,0,0,0,0,0,0,0,0,0,0,0,0,0,0,0,0,0,0,0,0,0,0,0,0,0,0,0,0,0,0,0,0,0,0,0,0,0,0,0,0,0,0,0,0,0,0,0,0,0,0,0,0,7,6187833,20125280,22885572,0,0,0,0,0,0,0,0,0,0,0,0,0,0,0,0,0,0,0,0,0,0,0,0,0,0,0,0,0,0,0,0,0,0,0,0,0,51432030208,13811220480,3139162,842970,22800067,6182,0,384,3145728,17006880,3111910,147,3077911329,51539607552,0,1062924242,0,0,0,0,0,0,0,0,0,0,0,0,0,0,0,0,0,0,7633991,407204748,0,468,1204,7863,623,15268145,35,0,0,0,0,0,0,0,1,0,0,0,0,0,0,0,0,0,0,21360612,0,22799772,195876,0,0,0,0,0,0,0,0,16384,0,0,0,0,0,0,0,0,0,0,0,4187,115,0,0,0,0,0,23200666,0,72,0,16,115,4187,0,0,0,0,0,0,0,0,0,0,0,0,0,0,0,0,0,0,0,0,0,0,0,0,0,0,0,0,0,0,0,0,0,0,0,0,0,0,0,0,0,0,0,0,0,0,0,0,0,0,0,0,0,0,164866737,0,0,0,864999720,0,0,0,0,0,0,0,21593497,21494850,189484814,193144880640,18604561,0,0,0,0,0,0,0,0,0,0,0,0,0,0,0,0,0,0,0,0,0,0,0,0,0,0,0,0,0,0,0,95,0,0,0,0,0,0,0
1787686596.177,0,0,0,0,0,0,0,672519900,329570290176,658690839040,0,0,0,0,0,0,0,0,0,0,0,0,0,0,0,0,0,0,0,0,0,0,0,0,0,0,0,0,0,0,0,0,0,0,0,0,0,0,0,0,0,0,0,0,0,0,0,0,0,0,0,0,0,0,0,0,0,0,0,0,7,6187890,20134709,22888112,0,0,0,0,0,0,0,0,0,0,0,0,0,0,0,0,0,0,0,0,0,0,0,0,0,0,0,0,0,0,0,0,0,0,0,0,0,51444318208,13820215296,3139912,843519,22802607,5432,0,384,3145728,17016308,3111910,147,3078052493,51539607552,0,1062946522,0,0,0,0,0,0,0,0,0,0,0,0,0,0,0,0,0,0,7634771,407205529,0,468,1204,7863,623,15269705,35,0,0,0,0,0,0,0,1,0,0,0,0,0,0,0,0,0,0,21361603,0,22802312,195900,0,0,0,0,0,0,0,0,16384,0,0,0,0,0,0,0,0,0,0,0,4188,115,0,0,0,0,0,23203038,0,72,0,16,115,4188,0,0,0,0,0,0,0,0,0,0,0,0,0,0,0,0,0,0,0,0,0,0,0,0,0,0,0,0,0,0,0,0,0,0,0,0,0,0,0,0,0,0,0,0,0,0,0,0,0,0,0,0,0,0,164869038,0,0,0,865013161,0,0,0,0,0,0,0,21595239,21504274,189489678,193148402688,18605977,0,0,0,0,0,0,0,0,0,0,0,0,0,0,0,0,0,0,0,0,0,0,0,0,0,0,0,0,0,0,0,43,0,0,0,0,0,0,0
1787686597.247,0,0,0,0,0,0,0,672548065,329723529728,658737931264,0,0,0,0,0,0,0,0,0,0,0,0,0,0,0,0,0,0,0,0,0,0,0,0,0,0,0,0,0,0,0,0,0,0,0,0,0,0,0,0,0,0,0,0,0,0,0,0,0,0,0,0,0,0,0,0,0,0,0,0,7,6187937,20144061,22890694,0,0,0,0,0,0,0,0,0,0,0,0,0,0,0,0,0,0,0,0,0,0,0,0,0,0,0,0,0,0,0,0,0,0,0,0,0,51453067264,13828227072,3140445,844008,22805189,4898,0,385,3145728,17025657,3111910,147,3078193683,51539607552,0,1062968631,0,0,0,0,0,0,0,0,0,0,0,0,0,0,0,0,0,0,7635556,407206314,0,468,1204,7863,623,15271275,35,0,0,0,0,0,0,0,1,0,0,0,0,0,0,0,0,0,0,21362597,0,22804894,195924,0,0,0,0,0,0,0,0,16384,0,0,0,0,0,0,0,0,0,0,0,4189,115,0,0,0,0,0,23205437,0,72,0,16,115,4189,0,0,0,0,0,0,0,0,0,0,0,0,0,0,0,0,0,0,0,0,0,0,0,0,0,0,0,0,0,0,0,0,0,0,0,0,0,0,0,0,0,0,0,0,0,0,0,0,0,0,0,0,0,0,164871328,0,0,0,865026435,0,0,0,0,0,0,0,21597050,21513628,189494573,193152022016,18607401,0,0,0,0,0,0,0,0,0,0,0,0,0,0,0,0,0,0,0,0,0,0,0,0,0,0,0,0,0,0,0,253,0,0,0,0,0,0,0
1787686598.317,0,0,0,0,0,0,0,672576326,329877899776,658784639488,0,0,0,0,0,0,0,0,0,0,0,0,0,0,0,0,0,0,0,0,0,0,0,0,0,0,0,0,0,0,0,0,0,0,0,0,0,0,0,0,0,0,0,0,0,0,0,0,0,0,0,0,0,0,0,0,0,0,0,0,7,6187993,20153488,22893249,0,0,0,0,0,0,0,0,0,0,0,0,0,0,0,0,0,0,0,0,0,0,0,0,0,0,0,0,0,0,0,0,0,0,0,0,0,51464093696,13836730368,3141119,844527,22807744,4225,0,384,3145728,17035080,3111910,147,3078336480,51539607552,0,1062991484,0,0,0,0,0,0,0,0,0,0,0,0,0,0,0,0,0,0,7636342,407207100,0,468,1204,7863,623,15272848,35,0,0,0,0,0,0,0,1,0,0,0,0,0,0,0,0,0,0,21363590,0,22807449,195948,0,0,0,0,0,0,0,0,16384,0,0,0,0,0,0,0,0,0,0,0,4190,115,0,0,0,0,0,23207827,0,72,0,16,115,4190,0,0,0,0,0,0,0,0,0,0,0,0,0,0,0,0,0,0,0,0,0,0,0,0,0,0,0,0,0,0,0,0,0,0,0,0,0,0,0,0,0,0,0,0,0,0,0,0,0,0,0,0,0,0,164873700,0,0,0,865040001,0,0,0,0,0,0,0,21598832,21523052,189499524,193155691520,18608842,0,0,0,0,0,0,0,0,0,0,0,0,0,0,0,0,0,0,0,0,0,0,0,0,0,0,0,0,0,0,0,189,0,0,0,0,0,0,0
1787686599.388,0,0,0,0,0,0,0,672604731,330032155136,658830855680,0,0,0,0,0,0,0,0,0,0,0,0,0,0,0,0,0,0,0,0,0,0,0,0,0,0,0,0,0,0,0,0,0,0,0,0,0,0,0,0,0,0,0,0,0,0,0,0,0,0,0,0,0,0,0,0,0,0,0,0,7,6188051,20162904,22895783,0,0,0,0,0,0,0,0,0,0,0,0,0,0,0,0,0,0,0,0,0,0,0,0,0,0,0,0,0,0,0,0,0,0,0,0,0,51474923520,13845839872,3141780,845083,22810278,3564,0,384,3145728,17044493,3111910,147,3078480101,51539607552,0,1063014642,0,0,0,0,0,0,0,0,0,0,0,0,0,0,0,0,0,0,7637135,407207893,0,468,1204,7863,623,15274434,35,0,0,0,0,0,0,0,1,0,0,0,0,0,0,0,0,0,0,21364589,0,22809983,195972,0,0,0,0,0,0,0,0,16384,0,0,0,0,0,0,0,0,0,0,0,4191,115,0,0,0,0,0,23210243,0,72,0,16,115,4191,0,0,0,0,0,0,0,0,0,0,0,0,0,0,0,0,0,0,0,0,0,0,0,0,0,0,0,0,0,0,0,0,0,0,0,0,0,0,0,0,0,0,0,0,0,0,0,0,0,0,0,0,0,0,164876089,0,0,0,865053681,0,0,0,0,0,0,0,21600648,21532465,189504472,193159269888,18610306,0,0,0,0,0,0,0,0,0,0,0,0,0,0,0,0,0,0,0,0,0,0,0,0,0,0,0,0,0,0,0,110,0,0,0,0,0,0,0
1787686600.458,0,0,0,0,0,0,0,672633294,330189343232,658877624832,0,0,0,0,0,0,0,0,0,0,0,0,0,0,0,0,0,0,0,0,0,0,0,0,0,0,0,0,0,0,0,0,0,0,0,0,0,0,0,0,0,0,0,0,0,0,0,0,0,0,0,0,0,0,0,0,0,0,0,0,7,6188105,20172498,22898345,0,0,0,0,0,0,0,0,0,0,0,0,0,0,0,0,0,0,0,0,0,0,0,0,0,0,0,0,0,0,0,0,0,0,0,0,0,51486851072,13855965184,3142508,845701,22812840,2836,0,384,3145728,17054088,3111910,147,3078624640,51539607552,0,1063037886,0,0,0,0,0,0,0,0,0,0,0,0,0,0,0,0,0,0,7637929,407208687,0,468,1204,7863,623,15276021,35,0,0,0,0,0,0,0,1,0,0,0,0,0,0,0,0,0,0,21365592,0,22812545,195997,0,0,0,0,0,0,0,0,16384,0,0,0,0,0,0,0,0,0,0,0,4192,115,0,0,0,0,0,23212654,0,72,0,16,115,4192,0,0,0,0,0,0,0,0,0,0,0,0,0,0,0,0,0,0,0,0,0,0,0,0,0,0,0,0,0,0,0,0,0,0,0,0,0,0,0,0,0,0,0,0,0,0,0,0,0,0,0,0,0,0,164878408,0,0,0,865067383,0,0,0,0,0,0,0,21602432,21542058,189509375,193162869760,18611713,0,0,0,0,0,0,0,0,0,0,0,0,0,0,0,0,0,0,0,0,0,0,0,0,0,0,0,0,0,0,0,40,0,0,0,0,0,0,0
1787686601.527,0,0,0,0,0,0,0,672661578,330344368640,658923961856,0,0,0,0,0,0,0,0,0,0,0,0,0,0,0,0,0,0,0,0,0,0,0,0,0,0,0,0,0,0,0,0,0,0,0,0,0,0,0,0,0,0,0,0,0,0,0,0,0,0,0,0,0,0,0,0,0,0,0,0,7,6188150,20181965,22900883,0,0,0,0,0,0,0,0,0,0,0,0,0,0,0,0,0,0,0,0,0,0,0,0,0,0,0,0,0,0,0,0,0,0,0,0,0,51495550976,13865467904,3143039,846281,22815378,2305,0,384,3145728,17063553,3111910,147,3078766302,51539607552,0,1063059827,0,0,0,0,0,0,0,0,0,0,0,0,0,0,0,0,0,0,7638720,407209478,0,468,1204,7863,623,15277603,35,0,0,0,0,0,0,0,1,0,0,0,0,0,0,0,0,0,0,21366590,0,22815083,196023,0,0,0,0,0,0,0,0,16384,0,0,0,0,0,0,0,0,0,0,0,4193,115,0,0,0,0,0,23215048,0,72,0,16,115,4193,0,0,0,0,0,0,0,0,0,0,0,0,0,0,0,0,0,0,0,0,0,0,0,0,0,0,0,0,0,0,0,0,0,0,0,0,0,0,0,0,0,0,0,0,0,0,0,0,0,0,0,0,0,0,164880739,0,0,0,865080737,0,0,0,0,0,0,0,21604259,21551523,189514268,193166425600,18613134,0,0,0,0,0,0,0,0,0,0,0,0,0,0,0,0,0,0,0,0,0,0,0,0,0,0,0,0,0,0,0,259,0,0,0,0,0,0,0
1787686602.597,0,0,0,0,0,0,0,672689971,330498951680,658971252224,0,0,0,0,0,0,0,0,0,0,0,0,0,0,0,0,0,0,0,0,0,0,0,0,0,0,0,0,0,0,0,0,0,0,0,0,0,0,0,0,0,0,0,0,0,0,0,0,0,0,0,0,0,0,0,0,0,0,0,0,7,6188222,20191402,22903474,0,0,0,0,0,0,0,0,0,0,0,0,0,0,0,0,0,0,0,0,0,0,0,0,0,0,0,0,0,0,0,0,0,0,0,0,0,51505954816,13874298880,3143674,846820,22817969,1669,0,384,3145728,17072988,3111910,147,3078909627,51539607552,0,1063082794,0,0,0,0,0,0,0,0,0,0,0,0,0,0,0,0,0,0,7639510,407210268,0,468,1204,7863,623,15279183,35,0,0,0,0,0,0,0,1,0,0,0,0,0,0,0,0,0,0,21367587,0,22817674,196048,0,0,0,0,0,0,0,0,16384,0,0,0,0,0,0,0,0,0,0,0,4194,115,0,0,0,0,0,23217439,0,72,0,16,115,4194,0,0,0,0,0,0,0,0,0,0,0,0,0,0,0,0,0,0,0,0,0,0,0,0,0,0,0,0,0,0,0,0,0,0,0,0,0,0,0,0,0,0,0,0,0,0,0,0,0,0,0,0,0,0,164883090,0,0,0,865094369,0,0,0,0,0,0,0,21606082,21560955,189519233,193170010624,18614564,0,0,0,0,0,0,0,0,0,0,0,0,0,0,0,0,0,0,0,0,0,0,0,0,0,0,0,0,0,0,0,197,0,0,0,0,0,0,0
1787686603.667,0,0,0,0,0,0,0,672718095,330651896320,659018192896,0,0,0,0,0,0,0,0,0,0,0,0,0,0,0,0,0,0,0,0,0,0,0,0,0,0,0,0,0,0,0,0,0,0,0,0,0,0,0,0,0,0,0,0,0,0,0,0,0,0,0,0,0,0,0,0,0,0,0,0,7,6188280,20200739,22906064,0,0,0,0,0,0,0,0,0,0,0,0,0,0,0,0,0,0,0,0,0,0,0,0,0,0,0,0,0,0,0,0,0,0,0,0,0,51515588608,13882458112,3144262,847318,22820559,1082,0,384,3145728,17082324,3111910,147,3079051654,51539607552,0,1063105400,0,0,0,0,0,0,0,0,0,0,0,0,0,0,0,0,0,0,7640295,407211053,0,468,1204,7863,623,15280756,35,0,0,0,0,0,0,0,1,0,0,0,0,0,0,0,0,0,0,21368580,0,22820264,196072,0,0,0,0,0,0,0,0,16384,0,0,0,0,0,0,0,0,0,0,0,4195,115,0,0,0,0,0,23219825,0,72,0,16,115,4195,0,0,0,0,0,0,0,0,0,0,0,0,0,0,0,0,0,0,0,0,0,0,0,0,0,0,0,0,0,0,0,0,0,0,0,0,0,0,0,0,0,0,0,0,0,0,0,0,0,0,0,0,0,0,164885489,0,0,0,865107919,0,0,0,0,0,0,0,21607934,21570289,189524243,193173416448,18615992,0,0,0,0,0,0,0,0,0,0,0,0,0,0,0,0,0,0,0,0,0,0,0,0,0,0,0,0,0,0,0,121,0,0,0,0,0,0,0
1787686604.737,0,0,0,0,0,0,0,672746250,330805578240,659064684544,0,0,0,0,0,0,0,0,0,0,0,0,0,0,0,0,0,0,0,0,0,0,0,0,0,0,0,0,0,0,0,0,0,0,0,0,0,0,0,0,0,0,0,0,0,0,0,0,0,0,0,0,0,0,0,0,0,0,0,0,7,6188326,20210123,22908616,0,0,0,0,0,0,0,0,0,0,0,0,0,0,0,0,0,0,0,0,0,0,0,0,0,0,0,0,0,0,0,0,0,0,0,0,0,51525959680,13890994176,3144895,847839,22823111,449,0,384,3145728,17091707,3111910,147,3079193660,51539607552,0,1063127788,0,0,0,0,0,0,0,0,0,0,0,0,0,0,0,0,0,0,7641083,407211841,0,468,1204,7863,623,15282329,35,0,0,0,0,0,0,0,1,0,0,0,0,0,0,0,0,0,0,21369572,0,22822816,196097,0,0,0,0,0,0,0,0,16384,0,0,0,0,0,0,0,0,0,0,0,4196,115,0,0,0,0,0,23222217,0,72,0,16,115,4196,0,0,0,0,0,0,0,0,0,0,0,0,0,0,0,0,0,0,0,0,0,0,0,0,0,0,0,0,0,0,0,0,0,0,0,0,0,0,0,0,0,0,0,0,0,0,0,0,0,0,0,0,0,0,164887822,0,0,0,865121529,0,0,0,0,0,0,0,21609744,21579672,189529152,193176869888,18617403,0,0,0,0,0,0,0,0,0,0,0,0,0,0,0,0,0,0,0,0,0,0,0,0,0,0,0,0,0,0,0,16,0,0,0,0,0,0,0
1787686605.807,0,0,0,0,0,0,0,672774728,330959620608,659112182784,0,0,0,0,0,0,0,0,0,0,0,0,0,0,0,0,0,0,0,0,0,0,0,0,0,0,0,0,0,0,0,0,0,0,0,0,0,0,0,0,0,0,0,0,0,0,0,0,0,0,0,0,0,0,0,0,0,0,0,0,7,6188386,20219527,22911210,0,0,0,0,0,0,0,0,0,0,0,0,0,0,0,0,0,0,0,0,0,0,0,0,0,0,0,0,0,0,0,0,0,0,0,0,0,51532890112,13900890112,3145318,848443,22825705,26,0,384,3145728,17101109,3111910,147,3079336379,51539607552,0,1063150218,0,0,0,0,0,0,0,0,0,0,0,0,0,0,0,0,0,0,7641879,407212637,0,468,1204,7863,623,15283921,35,0,0,0,0,0,0,0,1,0,0,0,0,0,0,0,0,0,0,21370576,0,22825410,196122,0,0,0,0,0,0,0,0,16384,0,0,0,0,0,0,0,0,0,0,0,4198,115,0,0,0,0,0,23224636,0,72,0,16,115,4198,0,0,0,0,0,0,0,0,0,0,0,0,0,0,0,0,0,0,0,0,0,0,0,0,0,0,0,0,0,0,0,0,0,0,0,0,0,0,0,0,0,0,0,0,0,0,0,0,0,0,0,0,0,0,164890235,0,0,0,865134967,0,0,0,0,0,0,0,21611641,21589071,189534181,193180559360,18618859,0,0,0,0,0,0,0,0,0,0,0,0,0,0,0,0,0,0,0,0,0,0,0,0,0,0,0,0,0,0,0,238,0,0,0,0,0,0,0
1787686606.876,0,0,0,0,0,0,0,672802446,331110091264,659185233920,0,0,0,0,0,0,0,0,0,0,0,0,0,0,0,0,0,0,0,0,0,0,0,0,0,0,0,0,0,0,0,0,0,0,0,0,0,0,0,0,0,0,0,0,0,0,0,0,0,0,0,0,0,0,0,0,0,0,0,0,7,6188441,20228716,22915273,0,0,0,0,0,0,0,0,0,0,0,0,0,0,0,0,0,0,0,0,0,0,0,0,0,0,0,0,0,0,0,0,0,0,0,0,0,51400867840,13884112896,3137260,847419,22828210,8084,0,384,3145728,17110295,3111910,147,3079476353,51539607552,0,1063172324,0,0,0,0,0,0,0,0,0,0,0,0,0,0,0,0,0,0,7642651,407213409,0,468,1204,7863,623,15285467,35,0,0,0,0,0,0,0,1,0,0,0,0,0,0,0,0,0,0,21371552,0,22829327,196162,0,0,0,0,0,0,0,0,16384,0,0,0,0,0,0,0,0,0,0,0,4199,115,0,0,0,0,0,23226996,0,72,0,16,115,4199,0,0,0,0,0,0,0,0,0,0,0,0,0,0,0,0,0,0,0,0,0,0,0,0,0,0,0,0,0,0,0,0,0,0,0,0,0,0,0,0,0,0,0,0,0,0,0,0,0,0,0,0,0,0,164892525,0,0,0,865148301,0,0,0,0,0,0,0,21613615,21598253,189540704,193183913472,18620256,1,0,0,0,0,0,0,0,0,0,0,0,0,0,0,0,0,0,0,0,0,0,0,0,0,0,0,0,0,0,0,160,0,0,0,0,0,0,0
1787686607.952,0,0,0,0,0,0,0,672830313,331260447232,659246340096,0,0,0,0,0,0,0,0,0,0,0,0,0,0,0,0,0,0,0,0,0,0,0,0,0,0,0,0,0,0,0,0,0,0,0,0,0,0,0,0,0,0,0,0,0,0,0,0,0,0,0,0,0,0,0,0,0,0,0,0,7,6188495,20237904,22918833,0,0,0,0,0,0,0,0,0,0,0,0,0,0,0,0,0,0,0,0,0,0,0,0,0,0,0,0,0,0,0,0,0,0,0,0,0,51409534976,13876723712,3137789,846968,22833328,7554,0,384,3145728,17119478,3111910,147,3079617090,51539607552,0,1063195012,0,0,0,0,0,0,0,0,0,0,0,0,0,0,0,0,0,0,7643429,407214187,0,468,1204,7863,623,15287021,35,0,0,0,0,0,0,0,1,0,0,0,0,0,0,0,0,0,0,21372534,0,22833033,196197,0,0,0,0,0,0,0,0,16384,0,0,0,0,0,0,0,0,0,0,0,4200,115,0,0,0,0,0,23229369,0,72,0,16,115,4200,0,0,0,0,0,0,0,0,0,0,0,0,0,0,0,0,0,0,0,0,0,0,0,0,0,0,0,0,0,0,0,0,0,0,0,0,0,0,0,0,0,0,0,0,0,0,0,0,0,0,0,0,0,0,164894831,0,0,0,865161699,0,0,0,0,0,0,0,21615580,21607437,189546473,193187516416,18621600,0,0,0,0,0,0,0,0,0,0,0,0,0,0,0,0,0,0,0,0,0,0,0,0,0,0,0,0,0,0,0,92,0,0,0,0,0,0,0
1787686609.022,0,0,0,0,0,0,0,672858649,331413621248,659291727360,0,0,0,0,0,0,0,0,0,0,0,0,0,0,0,0,0,0,0,0,0,0,0,0,0,0,0,0,0,0,0,0,0,0,0,0,0,0,0,0,0,0,0,0,0,0,0,0,0,0,0,0,0,0,0,0,0,0,0,0,7,6188551,20247254,22921306,0,0,0,0,0,0,0,0,0,0,0,0,0,0,0,0,0,0,0,0,0,0,0,0,0,0,0,0,0,0,0,0,0,0,0,0,0,51420282880,13887750144,3138445,847641,22835801,6899,0,384,3145728,17128828,3111910,147,3079759917,51539607552,0,1063217899,0,0,0,0,0,0,0,0,0,0,0,0,0,0,0,0,0,0,7644219,407214976,0,468,1204,7863,623,15288603,35,0,0,0,0,0,0,0,1,0,0,0,0,0,0,0,0,0,0,21373530,0,22835506,196221,0,0,0,0,0,0,0,0,16384,0,0,0,0,0,0,0,0,0,0,0,4201,115,0,0,0,0,0,23231775,0,72,0,16,115,4201,0,0,0,0,0,0,0,0,0,0,0,0,0,0,0,0,0,0,0,0,0,0,0,0,0,0,0,0,0,0,0,0,0,0,0,0,0,0,0,0,0,0,0,0,0,0,0,0,0,0,0,0,0,0,164897198,0,0,0,865175324,0,0,0,0,0,0,0,21617343,21616787,189551334,193191142912,18622987,0,0,0,0,0,0,0,0,0,0,0,0,0,0,0,0,0,0,0,0,0,0,0,0,0,0,0,0,0,0,0,35,0,0,0,0,0,0,0
1787686610.092,0,0,0,0,0,0,0,672886969,331567696384,659338675200,0,0,0,0,0,0,0,0,0,0,0,0,0,0,0,0,0,0,0,0,0,0,0,0,0,0,0,0,0,0,0,0,0,0,0,0,0,0,0,0,0,0,0,0,0,0,0,0,0,0,0,0,0,0,0,0,0,0,0,0,7,6188606,20256660,22923889,0,0,0,0,0,0,0,0,0,0,0,0,0,0,0,0,0,0,0,0,0,0,0,0,0,0,0,0,0,0,0,0,0,0,0,0,0,51430637568,13896859648,3139077,848197,22838384,6266,0,384,3145728,17138234,3111910,147,3079901919,51539607552,0,1063240025,0,0,0,0,0,0,0,0,0,0,0,0,0,0,0,0,0,0,7645008,407215766,0,468,1204,7863,623,15290181,35,0,0,0,0,0,0,0,1,0,0,0,0,0,0,0,0,0,0,21374530,0,22838089,196245,0,0,0,0,0,0,0,0,16384,0,0,0,0,0,0,0,0,0,0,0,4202,115,0,0,0,0,0,23234186,0,72,0,16,115,4202,0,0,0,0,0,0,0,0,0,0,0,0,0,0,0,0,0,0,0,0,0,0,0,0,0,0,0,0,0,0,0,0,0,0,0,0,0,0,0,0,0,0,0,0,0,0,0,0,0,0,0,0,0,0,164899510,0,0,0,865188652,0,0,0,0,0,0,0,21619117,21626192,189556251,193194589184,18624377,0,0,0,0,0,0,0,0,0,0,0,0,0,0,0,0,0,0,0,0,0,0,0,0,0,0,0,0,0,0,0,252,0,0,0,0,0,0,0
1787686611.162,0,0,0,0,0,0,0,672914765,331718281728,659385134592,0,0,0,0,0,0,0,0,0,0,0,0,0,0,0,0,0,0,0,0,0,0,0,0,0,0,0,0,0,0,0,0,0,0,0,0,0,0,0,0,0,0,0,0,0,0,0,0,0,0,0,0,0,0,0,0,0,0,0,0,7,6188668,20265857,22926408,0,0,0,0,0,0,0,0,0,0,0,0,0,0,0,0,0,0,0,0,0,0,0,0,0,0,0,0,0,0,0,0,0,0,0,0,0,51439845376,13906640896,3139639,848794,22840903,5705,0,384,3145728,17147429,3111910,147,3080042390,51539607552,0,1063262672,0,0,0,0,0,0,0,0,0,0,0,0,0,0,0,0,0,0,7645784,407216542,0,468,1204,7863,623,15291731,35,0,0,0,0,0,0,0,1,0,0,0,0,0,0,0,0,0,0,21375513,0,22840608,196269,0,0,0,0,0,0,0,0,16384,0,0,0,0,0,0,0,0,0,0,0,4203,115,0,0,0,0,0,23236550,0,72,0,16,115,4203,0,0,0,0,0,0,0,0,0,0,0,0,0,0,0,0,0,0,0,0,0,0,0,0,0,0,0,0,0,0,0,0,0,0,0,0,0,0,0,0,0,0,0,0,0,0,0,0,0,0,0,0,0,0,164901861,0,0,0,865202036,0,0,0,0,0,0,0,21620936,21635385,189561144,193198478848,18625842,0,0,0,0,0,0,0,0,0,0,0,0,0,0,0,0,0,0,0,0,0,0,0,0,0,0,0,0,0,0,0,199,0,0,0,0,0,0,0
1787686612.233,0,0,0,0,0,0,0,672942673,331875322368,659431703552,0,0,0,0,0,0,0,0,0,0,0,0,0,0,0,0,0,0,0,0,0,0,0,0,0,0,0,0,0,0,0,0,0,0,0,0,0,0,0,0,0,0,0,0,0,0,0,0,0,0,0,0,0,0,0,0,0,0,0,0,7,6188719,20275443,22928962,0,0,0,0,0,0,0,0,0,0,0,0,0,0,0,0,0,0,0,0,0,0,0,0,0,0,0,0,0,0,0,0,0,0,0,0,0,51452297216,13915652096,3140399,849344,22843457,4945,0,384,3145728,17157014,3111910,147,3080183731,51539607552,0,1063285136,0,0,0,0,0,0,0,0,0,0,0,0,0,0,0,0,0,0,7646562,407217320,0,468,1204,7863,623,15293287,35,0,0,0,0,0,0,0,1,0,0,0,0,0,0,0,0,0,0,21376496,0,22843162,196294,0,0,0,0,0,0,0,0,16384,0,0,0,0,0,0,0,0,0,0,0,4204,115,0,0,0,0,0,23238923,0,72,0,16,115,4204,0,0,0,0,0,0,0,0,0,0,0,0,0,0,0,0,0,0,0,0,0,0,0,0,0,0,0,0,0,0,0,0,0,0,0,0,0,0,0,0,0,0,0,0,0,0,0,0,0,0,0,0,0,0,164904150,0,0,0,865215457,0,0,0,0,0,0,0,21622738,21644972,189566012,193201911808,18627218,0,0,0,0,0,0,0,0,0,0,0,0,0,0,0,0,0,0,0,0,0,0,0,0,0,0,0,0,0,0,0,127,0,0,0,0,0,0,0
1787686613.302,0,0,0,0,0,0,0,672970805,332028971520,659477933568,0,0,0,0,0,0,0,0,0,0,0,0,0,0,0,0,0,0,0,0,0,0,0,0,0,0,0,0,0,0,0,0,0,0,0,0,0,0,0,0,0,0,0,0,0,0,0,0,0,0,0,0,0,0,0,0,0,0,0,0,7,6188778,20284826,22931493,0,0,0,0,0,0,0,0,0,0,0,0,0,0,0,0,0,0,0,0,0,0,0,0,0,0,0,0,0,0,0,0,0,0,0,0,0,51460620288,13925269504,3140907,849931,22845988,4437,0,384,3145728,17166395,3111910,147,3080325772,51539607552,0,1063307630,0,0,0,0,0,0,0,0,0,0,0,0,0,0,0,0,0,0,7647349,407218107,0,468,1204,7863,623,15294861,35,0,0,0,0,0,0,0,1,0,0,0,0,0,0,0,0,0,0,21377496,0,22845693,196319,0,0,0,0,0,0,0,0,16384,0,0,0,0,0,0,0,0,0,0,0,4205,115,0,0,0,0,0,23241325,0,72,0,16,115,4205,0,0,0,0,0,0,0,0,0,0,0,0,0,0,0,0,0,0,0,0,0,0,0,0,0,0,0,0,0,0,0,0,0,0,0,0,0,0,0,0,0,0,0,0,0,0,0,0,0,0,0,0,0,0,164906485,0,0,0,865228991,0,0,0,0,0,0,0,21624529,21654351,189570904,193205459456,18628621,0,0,0,0,0,0,0,0,0,0,0,0,0,0,0,0,0,0,0,0,0,0,0,0,0,0,0,0,0,0,0,88,0,0,0,0,0,0,0
1787686614.371,0,0,0,0,0,0,0,672999421,332182669824,659525170688,0,0,0,0,0,0,0,0,0,0,0,0,0,0,0,0,0,0,0,0,0,0,0,0,0,0,0,0,0,0,0,0,0,0,0,0,0,0,0,0,0,0,0,0,0,0,0,0,0,0,0,0,0,0,0,0,0,0,0,0,7,6188838,20294211,22934070,0,0,0,0,0,0,0,0,0,0,0,0,0,0,0,0,0,0,0,0,0,0,0,0,0,0,0,0,0,0,0,0,0,0,0,0,0,51472662528,13934985216,3141642,850524,22848565,3702,0,384,3145728,17175778,3111910,147,3080470238,51539607552,0,1063330749,0,0,0,0,0,0,0,0,0,0,0,0,0,0,0,0,0,0,7648147,407218905,0,468,1204,7863,623,15296457,35,0,0,0,0,0,0,0,1,0,0,0,0,0,0,0,0,0,0,21378506,0,22848270,196343,0,0,0,0,0,0,0,0,16384,0,0,0,0,0,0,0,0,0,0,0,4206,115,0,0,0,0,0,23243750,0,72,0,16,115,4206,0,0,0,0,0,0,0,0,0,0,0,0,0,0,0,0,0,0,0,0,0,0,0,0,0,0,0,0,0,0,0,0,0,0,0,0,0,0,0,0,0,0,0,0,0,0,0,0,0,0,0,0,0,0,164908826,0,0,0,865242752,0,0,0,0,0,0,0,21626335,21663730,189575850,193209113088,18630042,0,0,0,0,0,0,0,0,0,0,0,0,0,0,0,0,0,0,0,0,0,0,0,0,0,0,0,0,0,0,0,31,0,0,0,0,0,0,0
1787686615.448,0,0,0,0,0,0,0,673027762,332338530816,659571110400,0,0,0,0,0,0,0,0,0,0,0,0,0,0,0,0,0,0,0,0,0,0,0,0,0,0,0,0,0,0,0,0,0,0,0,0,0,0,0,0,0,0,0,0,0,0,0,0,0,0,0,0,0,0,0,0,0,0,0,0,7,6188887,20303728,22936594,0,0,0,0,0,0,0,0,0,0,0,0,0,0,0,0,0,0,0,0,0,0,0,0,0,0,0,0,0,0,0,0,0,0,0,0,0,51484966912,13944471552,3142393,851103,22851089,2951,0,384,3145728,17185294,3111910,147,3080612389,51539607552,0,1063352872,0,0,0,0,0,0,0,0,0,0,0,0,0,0,0,0,0,0,7648936,407219694,0,468,1204,7863,623,15298035,35,0,0,0,0,0,0,0,1,0,0,0,0,0,0,0,0,0,0,21379505,0,22850794,196367,0,0,0,0,0,0,0,0,16384,0,0,0,0,0,0,0,0,0,0,0,4207,115,0,0,0,0,0,23246154,0,72,0,16,115,4207,0,0,0,0,0,0,0,0,0,0,0,0,0,0,0,0,0,0,0,0,0,0,0,0,0,0,0,0,0,0,0,0,0,0,0,0,0,0,0,0,0,0,0,0,0,0,0,0,0,0,0,0,0,0,164911133,0,0,0,865256055,0,0,0,0,0,0,0,21628094,21673248,189580705,193212569600,18631463,0,0,0,0,0,0,0,0,0,0,0,0,0,0,0,0,0,0,0,0,0,0,0,0,0,0,0,0,0,0,0,260,0,0,0,0,0,0,0
1787686616.517,0,0,0,0,0,0,0,673055839,332492491264,659618005504,0,0,0,0,0,0,0,0,0,0,0,0,0,0,0,0,0,0,0,0,0,0,0,0,0,0,0,0,0,0,0,0,0,0,0,0,0,0,0,0,0,0,0,0,0,0,0,0,0,0,0,0,0,0,0,0,0,0,0,0,7,6188951,20313123,22939169,0,0,0,0,0,0,0,0,0,0,0,0,0,0,0,0,0,0,0,0,0,0,0,0,0,0,0,0,0,0,0,0,0,0,0,0,0,51493388288,13953810432,3142907,851673,22853664,2437,0,384,3145728,17194687,3111910,147,3080754288,51539607552,0,1063375383,0,0,0,0,0,0,0,0,0,0,0,0,0,0,0,0,0,0,7649721,407220479,0,468,1204,7863,623,15299605,35,0,0,0,0,0,0,0,1,0,0,0,0,0,0,0,0,0,0,21380496,0,22853369,196391,0,0,0,0,0,0,0,0,16384,0,0,0,0,0,0,0,0,0,0,0,4208,115,0,0,0,0,0,23248531,0,72,0,16,115,4208,0,0,0,0,0,0,0,0,0,0,0,0,0,0,0,0,0,0,0,0,0,0,0,0,0,0,0,0,0,0,0,0,0,0,0,0,0,0,0,0,0,0,0,0,0,0,0,0,0,0,0,0,0,0,164913439,0,0,0,865269614,0,0,0,0,0,0,0,21629833,21682643,189585606,193216141312,18632830,0,1,0,0,0,0,0,0,0,0,0,0,0,0,0,0,0,0,0,0,0,0,0,0,0,0,0,0,0,0,0,180,0,0,0,0,0,0,0
1787686617.587,0,0,0,0,0,0,0,673084033,332645583360,659664941568,0,0,0,0,0,0,0,0,0,0,0,0,0,0,0,0,0,0,0,0,0,0,0,0,0,0,0,0,0,0,0,0,0,0,0,0,0,0,0,0,0,0,0,0,0,0,0,0,0,0,0,0,0,0,0,0,0,0,0,0,7,6188992,20322469,22941748,0,0,0,0,0,0,0,0,0,0,0,0,0,0,0,0,0,0,0,0,0,0,0,0,0,0,0,0,0,0,0,0,0,0,0,0,0,51502809088,13962592256,3143482,852209,22856243,1862,0,384,3145728,17204032,3111910,147,3080896576,51539607552,0,1063398026,0,0,0,0,0,0,0,0,0,0,0,0,0,0,0,0,0,0,7650507,407221265,0,468,1204,7863,623,15301177,35,0,0,0,0,0,0,0,1,0,0,0,0,0,0,0,0,0,0,21381488,0,22855948,196415,0,0,0,0,0,0,0,0,16384,0,0,0,0,0,0,0,0,0,0,0,4209,115,0,0,0,0,0,23250926,0,72,0,16,115,4209,0,0,0,0,0,0,0,0,0,0,0,0,0,0,0,0,0,0,0,0,0,0,0,0,0,0,0,0,0,0,0,0,0,0,0,0,0,0,0,0,0,0,0,0,0,0,0,0,0,0,0,0,0,0,164915794,0,0,0,865283202,0,0,0,0,0,0,0,21631617,21691987,189590564,193219703296,18634242,0,0,0,0,0,0,0,0,0,0,0,0,0,0,0,0,0,0,0,0,0,0,0,0,0,0,0,0,0,0,0,94,0,0,0,0,0,0,0
1787686618.656,0,0,0,0,0,0,0,673112342,332799887872,659712567808,0,0,0,0,0,0,0,0,0,0,0,0,0,0,0,0,0,0,0,0,0,0,0,0,0,0,0,0,0,0,0,0,0,0,0,0,0,0,0,0,0,0,0,0,0,0,0,0,0,0,0,0,0,0,0,0,0,0,0,0,7,6189051,20331893,22944356,0,0,0,0,0,0,0,0,0,0,0,0,0,0,0,0,0,0,0,0,0,0,0,0,0,0,0,0,0,0,0,0,0,0,0,0,0,51514834944,13970767872,3144216,852708,22858851,1128,0,384,3145728,17213452,3111910,147,3081039503,51539607552,0,1063420869,0,0,0,0,0,0,0,0,0,0,0,0,0,0,0,0,0,0,7651298,407222056,0,468,1204,7863,623,15302759,35,0,0,0,0,0,0,0,1,0,0,0,0,0,0,0,0,0,0,21382491,0,22858556,196439,0,0,0,0,0,0,0,0,16384,0,0,0,0,0,0,0,0,0,0,0,4210,115,0,0,0,0,0,23253331,0,72,0,16,115,4210,0,0,0,0,0,0,0,0,0,0,0,0,0,0,0,0,0,0,0,0,0,0,0,0,0,0,0,0,0,0,0,0,0,0,0,0,0,0,0,0,0,0,0,0,0,0,0,0,0,0,0,0,0,0,164918149,0,0,0,865296847,0,0,0,0,0,0,0,21633414,21701407,189595549,193223316992,18635632,0,0,0,0,0,0,0,0,0,0,0,0,0,0,0,0,0,0,0,0,0,0,0,0,0,0,0,0,0,0,0,30,0,0,0,0,0,0,0
1787686619.726,0,0,0,0,0,0,0,673140517,332953258496,659760499200,0,0,0,0,0,0,0,0,0,0,0,0,0,0,0,0,0,0,0,0,0,0,0,0,0,0,0,0,0,0,0,0,0,0,0,0,0,0,0,0,0,0,0,0,0,0,0,0,0,0,0,0,0,0,0,0,0,0,0,0,7,6189108,20341254,22946998,0,0,0,0,0,0,0,0,0,0,0,0,0,0,0,0,0,0,0,0,0,0,0,0,0,0,0,0,0,0,0,0,0,0,0,0,0,51524861952,13978222592,3144828,853163,22861493,516,0,384,3145728,17222815,3111910,147,3081180437,51539607552,0,1063442668,0,0,0,0,0,0,0,0,0,0,0,0,0,0,0,0,0,0,7652085,407222843,0,468,1204,7863,623,15304333,35,0,0,0,0,0,0,0,1,0,0,0,0,0,0,0,0,0,0,21383484,0,22861198,196463,0,0,0,0,0,0,0,0,16384,0,0,0,0,0,0,0,0,0,0,0,4211,115,0,0,0,0,0,23255726,0,72,0,16,115,4211,0,0,0,0,0,0,0,0,0,0,0,0,0,0,0,0,0,0,0,0,0,0,0,0,0,0,0,0,0,0,0,0,0,0,0,0,0,0,0,0,0,0,0,0,0,0,0,0,0,0,0,0,0,0,164920469,0,0,0,865310126,0,0,0,0,0,0,0,21635220,21710764,189600534,193226741248,18637012,0,0,0,0,0,0,0,0,0,0,0,0,0,0,0,0,0,0,0,0,0,0,0,0,0,0,0,0,0,0,0,246,0,0,0,0,0,0,0
1787686620.795,0,0,0,0,0,0,0,673168799,333108169216,659808586752,0,0,0,0,0,0,0,0,0,0,0,0,0,0,0,0,0,0,0,0,0,0,0,0,0,0,0,0,0,0,0,0,0,0,0,0,0,0,0,0,0,0,0,0,0,0,0,0,0,0,0,0,0,0,0,0,0,0,0,0,7,6189163,20350712,22949638,0,0,0,0,0,0,0,0,0,0,0,0,0,0,0,0,0,0,0,0,0,0,0,0,0,0,0,0,0,0,0,0,0,0,0,0,0,51532333056,13986136064,3145284,853646,22864133,60,0,384,3145728,17232269,3111910,147,3081323435,51539607552,0,1063465381,0,0,0,0,0,0,0,0,0,0,0,0,0,0,0,0,0,0,7652875,407223633,0,468,1204,7863,623,15305913,35,0,0,0,0,0,0,0,1,0,0,0,0,0,0,0,0,0,0,21384482,0,22863838,196487,0,0,0,0,0,0,0,0,16384,0,0,0,0,0,0,0,0,0,0,0,4213,115,0,0,0,0,0,23258124,0,72,0,16,115,4213,0,0,0,0,0,0,0,0,0,0,0,0,0,0,0,0,0,0,0,0,0,0,0,0,0,0,0,0,0,0,0,0,0,0,0,0,0,0,0,0,0,0,0,0,0,0,0,0,0,0,0,0,0,0,164922774,0,0,0,865323736,0,0,0,0,0,0,0,21637048,21720220,189605503,193230401024,18638426,0,0,0,0,0,0,0,0,0,0,0,0,0,0,0,0,0,0,0,0,0,0,0,0,0,0,0,0,0,0,0,184,0,0,0,0,0,0,0
1787686621.866,0,0,0,0,0,0,0,673196590,333259901440,659872698880,0,0,0,0,0,0,0,0,0,0,0,0,0,0,0,0,0,0,0,0,0,0,0,0,0,0,0,0,0,0,0,0,0,0,0,0,0,0,0,0,0,0,0,0,0,0,0,0,0,0,0,0,0,0,0,0,0,0,0,0,7,6189206,20359977,22952806,0,0,0,0,0,0,0,0,0,0,0,0,0,0,0,0,0,0,0,0,0,0,0,0,0,0,0,0,0,0,0,0,0,0,0,0,0,51406012416,13985087488,3137574,853582,22866732,7770,0,384,3145728,17241534,3111910,147,3081463499,51539607552,0,1063487566,0,0,0,0,0,0,0,0,0,0,0,0,0,0,0,0,0,0,7653650,407224408,0,468,1204,7863,623,15307463,35,0,0,0,0,0,0,0,1,0,0,0,0,0,0,0,0,0,0,21385465,0,22866540,196520,0,0,0,0,0,0,0,0,16384,0,0,0,0,0,0,0,0,0,0,0,4214,115,0,0,0,0,0,23260486,0,72,0,16,115,4214,0,0,0,0,0,0,0,0,0,0,0,0,0,0,0,0,0,0,0,0,0,0,0,0,0,0,0,0,0,0,0,0,0,0,0,0,0,0,0,0,0,0,0,0,0,0,0,0,0,0,0,0,0,0,164925085,0,0,0,865337089,0,0,0,0,0,0,0,21638855,21729483,189611494,193233732608,18639835,1,0,0,0,0,0,0,0,0,0,0,0,0,0,0,0,0,0,0,0,0,0,0,0,0,0,0,0,0,0,0,141,0,0,0,0,0,0,0
1787686622.938,0,0,0,0,0,0,0,673223135,333406554624,659946075136,0,0,0,0,0,0,0,0,0,0,0,0,0,0,0,0,0,0,0,0,0,0,0,0,0,0,0,0,0,0,0,0,0,0,0,0,0,0,0,0,0,0,0,0,0,0,0,0,0,0,0,0,0,0,0,0,0,0,0,0,7,6189256,20368936,22957490,0,0,0,0,0,0,0,0,0,0,0,0,0,0,0,0,0,0,0,0,0,0,0,0,0,0,0,0,0,0,0,0,0,0,0,0,0,51404587008,13955973120,3137487,851805,22871985,7857,0,384,3145728,17250493,3111910,147,3081597820,51539607552,0,1063509037,0,0,0,0,0,0,0,0,0,0,0,0,0,0,0,0,0,0,7654389,407225147,0,468,1204,7863,623,15308941,35,0,0,0,0,0,0,0,1,0,0,0,0,0,0,0,0,0,0,21386401,0,22871690,196561,0,0,0,0,0,0,0,0,16384,0,0,0,0,0,0,0,0,0,0,0,4215,115,0,0,0,0,0,23262735,0,72,0,16,115,4215,0,0,0,0,0,0,0,0,0,0,0,0,0,0,0,0,0,0,0,0,0,0,0,0,0,0,0,0,0,0,0,0,0,0,0,0,0,0,0,0,0,0,0,0,0,0,0,0,0,0,0,0,0,0,164927326,0,0,0,865349868,0,0,0,0,0,0,0,21641039,21738437,189617978,193237048320,18641259,0,0,0,0,0,0,0,0,0,0,0,0,0,0,0,0,0,0,0,0,0,0,0,0,0,0,0,0,0,0,0,37,0,0,0,0,0,0,0
1787686624.008,0,0,0,0,0,0,0,673250634,333555223040,659993233920,0,0,0,0,0,0,0,0,0,0,0,0,0,0,0,0,0,0,0,0,0,0,0,0,0,0,0,0,0,0,0,0,0,0,0,0,0,0,0,0,0,0,0,0,0,0,0,0,0,0,0,0,0,0,0,0,0,0,0,0,7,6189311,20378013,22960085,0,0,0,0,0,0,0,0,0,0,0,0,0,0,0,0,0,0,0,0,0,0,0,0,0,0,0,0,0,0,0,0,0,0,0,0,0,51415056384,13964230656,3138126,852309,22874580,7218,0,384,3145728,17259569,3111910,147,3081735758,51539607552,0,1063530810,0,0,0,0,0,0,0,0,0,0,0,0,0,0,0,0,0,0,7655155,407225913,0,468,1204,7863,623,15310473,35,0,0,0,0,0,0,0,1,0,0,0,0,0,0,0,0,0,0,21387371,0,22874285,196585,0,0,0,0,0,0,0,0,16384,0,0,0,0,0,0,0,0,0,0,0,4216,115,0,0,0,0,0,23265065,0,72,0,16,115,4216,0,0,0,0,0,0,0,0,0,0,0,0,0,0,0,0,0,0,0,0,0,0,0,0,0,0,0,0,0,0,0,0,0,0,0,0,0,0,0,0,0,0,0,0,0,0,0,0,0,0,0,0,0,0,164929620,0,0,0,865362809,0,0,0,0,0,0,0,21642831,21747510,189622890,193240425984,18642664,0,0,0,0,0,0,0,0,0,0,0,0,0,0,0,0,0,0,0,0,0,0,0,0,0,0,0,0,0,0,0,234,0,0,0,0,0,0,0
1787686625.078,0,0,0,0,0,0,0,673278574,333707659776,660040425472,0,0,0,0,0,0,0,0,0,0,0,0,0,0,0,0,0,0,0,0,0,0,0,0,0,0,0,0,0,0,0,0,0,0,0,0,0,0,0,0,0,0,0,0,0,0,0,0,0,0,0,0,0,0,0,0,0,0,0,0,7,6189381,20387322,22962666,0,0,0,0,0,0,0,0,0,0,0,0,0,0,0,0,0,0,0,0,0,0,0,0,0,0,0,0,0,0,0,0,0,0,0,0,0,51426295808,13972963328,3138812,852842,22877161,6532,0,384,3145728,17268875,3111910,147,3081876967,51539607552,0,1063553400,0,0,0,0,0,0,0,0,0,0,0,0,0,0,0,0,0,0,7655934,407226692,0,468,1204,7863,623,15312031,35,0,0,0,0,0,0,0,1,0,0,0,0,0,0,0,0,0,0,21388354,0,22876866,196609,0,0,0,0,0,0,0,0,16384,0,0,0,0,0,0,0,0,0,0,0,4217,115,0,0,0,0,0,23267425,0,72,0,16,115,4217,0,0,0,0,0,0,0,0,0,0,0,0,0,0,0,0,0,0,0,0,0,0,0,0,0,0,0,0,0,0,0,0,0,0,0,0,0,0,0,0,0,0,0,0,0,0,0,0,0,0,0,0,0,0,164931987,0,0,0,865376253,0,0,0,0,0,0,0,21644653,21756816,189627862,193244081664,18644062,0,0,0,0,0,0,0,0,0,0,0,0,0,0,0,0,0,0,0,0,0,0,0,0,0,0,0,0,0,0,0,171,0,0,0,0,0,0,0
1787686626.148,0,0,0,0,0,0,0,673306378,333860440576,660088133632,0,0,0,0,0,0,0,0,0,0,0,0,0,0,0,0,0,0,0,0,0,0,0,0,0,0,0,0,0,0,0,0,0,0,0,0,0,0,0,0,0,0,0,0,0,0,0,0,0,0,0,0,0,0,0,0,0,0,0,0,7,6189449,20396652,22965275,0,0,0,0,0,0,0,0,0,0,0,0,0,0,0,0,0,0,0,0,0,0,0,0,0,0,0,0,0,0,0,0,0,0,0,0,0,51438043136,13980827648,3139529,853322,22879770,5815,0,384,3145728,17278204,3111910,147,3082017826,51539607552,0,1063576262,0,0,0,0,0,0,0,0,0,0,0,0,0,0,0,0,0,0,7656708,407227466,0,468,1204,7863,623,15313580,35,0,0,0,0,0,0,0,1,0,0,0,0,0,0,0,0,0,0,21389330,0,22879475,196633,0,0,0,0,0,0,0,0,16384,0,0,0,0,0,0,0,0,0,0,0,4218,115,0,0,0,0,0,23269778,0,72,0,16,115,4218,0,0,0,0,0,0,0,0,0,0,0,0,0,0,0,0,0,0,0,0,0,0,0,0,0,0,0,0,0,0,0,0,0,0,0,0,0,0,0,0,0,0,0,0,0,0,0,0,0,0,0,0,0,0,164934340,0,0,0,865389617,0,0,0,0,0,0,0,21646450,21766139,189632847,193247712256,18645460,0,0,0,0,0,0,0,0,0,0,0,0,0,0,0,0,0,0,0,0,0,0,0,0,0,0,0,0,0,0,0,103,0,0,0,0,0,0,0
1787686627.218,0,0,0,0,0,0,0,673334247,334010796544,660136479232,0,0,0,0,0,0,0,0,0,0,0,0,0,0,0,0,0,0,0,0,0,0,0,0,0,0,0,0,0,0,0,0,0,0,0,0,0,0,0,0,0,0,0,0,0,0,0,0,0,0,0,0,0,0,0,0,0,0,0,0,7,6189522,20405834,22967914,0,0,0,0,0,0,0,0,0,0,0,0,0,0,0,0,0,0,0,0,0,0,0,0,0,0,0,0,0,0,0,0,0,0,0,0,0,51446890496,13988364288,3140069,853782,22882409,5275,0,384,3145728,17287384,3111910,147,3082158858,51539607552,0,1063599283,0,0,0,0,0,0,0,0,0,0,0,0,0,0,0,0,0,0,7657483,407228241,0,468,1204,7863,623,15315129,35,0,0,0,0,0,0,0,1,0,0,0,0,0,0,0,0,0,0,21390310,0,22882114,196657,0,0,0,0,0,0,0,0,16384,0,0,0,0,0,0,0,0,0,0,0,4219,115,0,0,0,0,0,23272126,0,72,0,16,115,4219,0,0,0,0,0,0,0,0,0,0,0,0,0,0,0,0,0,0,0,0,0,0,0,0,0,0,0,0,0,0,0,0,0,0,0,0,0,0,0,0,0,0,0,0,0,0,0,0,0,0,0,0,0,0,164936704,0,0,0,865403018,0,0,0,0,0,0,0,21648243,21775321,189637873,193251535872,18646867,0,0,0,0,0,0,0,0,0,0,0,0,0,0,0,0,0,0,0,0,0,0,0,0,0,0,0,0,0,0,0,16,0,0,0,0,0,0,0
1787686628.287,0,0,0,0,0,0,0,673361880,334161545728,660184889344,0,0,0,0,0,0,0,0,0,0,0,0,0,0,0,0,0,0,0,0,0,0,0,0,0,0,0,0,0,0,0,0,0,0,0,0,0,0,0,0,0,0,0,0,0,0,0,0,0,0,0,0,0,0,0,0,0,0,0,0,7,6189570,20415034,22970588,0,0,0,0,0,0,0,0,0,0,0,0,0,0,0,0,0,0,0,0,0,0,0,0,0,0,0,0,0,0,0,0,0,0,0,0,0,51457818624,13994393600,3140736,854150,22885083,4608,0,384,3145728,17296581,3111910,147,3082297291,51539607552,0,1063620679,0,0,0,0,0,0,0,0,0,0,0,0,0,0,0,0,0,0,7658256,407229013,0,468,1204,7863,623,15316675,35,0,0,0,0,0,0,0,1,0,0,0,0,0,0,0,0,0,0,21391283,0,22884788,196682,0,0,0,0,0,0,0,0,16384,0,0,0,0,0,0,0,0,0,0,0,4220,115,0,0,0,0,0,23274467,0,72,0,16,115,4220,0,0,0,0,0,0,0,0,0,0,0,0,0,0,0,0,0,0,0,0,0,0,0,0,0,0,0,0,0,0,0,0,0,0,0,0,0,0,0,0,0,0,0,0,0,0,0,0,0,0,0,0,0,0,164938995,0,0,0,865416082,0,0,0,0,0,0,0,21650012,21784519,189642863,193254880256,18648216,0,0,0,0,0,0,0,0,0,0,0,0,0,0,0,0,0,0,0,0,0,0,0,0,0,0,0,0,0,0,0,195,0,0,0,0,0,0,0
1787686629.357,0,0,0,0,0,0,0,673390008,334315817472,660233205248,0,0,0,0,0,0,0,0,0,0,0,0,0,0,0,0,0,0,0,0,0,0,0,0,0,0,0,0,0,0,0,0,0,0,0,0,0,0,0,0,0,0,0,0,0,0,0,0,0,0,0,0,0,0,0,0,0,0,0,0,7,6189624,20424455,22973247,0,0,0,0,0,0,0,0,0,0,0,0,0,0,0,0,0,0,0,0,0,0,0,0,0,0,0,0,0,0,0,0,0,0,0,0,0,51469828096,14001897472,3141469,854608,22887742,3875,0,384,3145728,17306000,3111910,147,3082439521,51539607552,0,1063643363,0,0,0,0,0,0,0,0,0,0,0,0,0,0,0,0,0,0,7659040,407229798,0,468,1204,7863,623,15318244,35,0,0,0,0,0,0,0,1,0,0,0,0,0,0,0,0,0,0,21392271,0,22887447,196706,0,0,0,0,0,0,0,0,16384,0,0,0,0,0,0,0,0,0,0,0,4221,115,0,0,0,0,0,23276848,0,72,0,16,115,4221,0,0,0,0,0,0,0,0,0,0,0,0,0,0,0,0,0,0,0,0,0,0,0,0,0,0,0,0,0,0,0,0,0,0,0,0,0,0,0,0,0,0,0,0,0,0,0,0,0,0,0,0,0,0,164941332,0,0,0,865429622,0,0,0,0,0,0,0,21651780,21793938,189647882,193258373632,18649599,0,0,0,0,0,0,0,0,0,0,0,0,0,0,0,0,0,0,0,0,0,0,0,0,0,0,0,0,0,0,0,117,0,0,0,0,0,0,0
1787686630.428,0,0,0,0,0,0,0,673417804,334469483008,660281846784,0,0,0,0,0,0,0,0,0,0,0,0,0,0,0,0,0,0,0,0,0,0,0,0,0,0,0,0,0,0,0,0,0,0,0,0,0,0,0,0,0,0,0,0,0,0,0,0,0,0,0,0,0,0,0,0,0,0,0,0,7,6189676,20433835,22975909,0,0,0,0,0,0,0,0,0,0,0,0,0,0,0,0,0,0,0,0,0,0,0,0,0,0,0,0,0,0,0,0,0,0,0,0,0,51480002560,14007943168,3142090,854977,22890404,3254,0,384,3145728,17315377,3111910,147,3082580381,51539607552,0,1063665975,0,0,0,0,0,0,0,0,0,0,0,0,0,0,0,0,0,0,7659814,407230572,0,468,1204,7863,623,15319791,35,0,0,0,0,0,0,0,1,0,0,0,0,0,0,0,0,0,0,21393249,0,22890109,196730,0,0,0,0,0,0,0,0,16384,0,0,0,0,0,0,0,0,0,0,0,4222,115,0,0,0,0,0,23279211,0,72,0,16,115,4222,0,0,0,0,0,0,0,0,0,0,0,0,0,0,0,0,0,0,0,0,0,0,0,0,0,0,0,0,0,0,0,0,0,0,0,0,0,0,0,0,0,0,0,0,0,0,0,0,0,0,0,0,0,0,164943731,0,0,0,865442991,0,0,0,0,0,0,0,21653586,21803317,189652966,193262106624,18651067,0,0,0,0,0,0,0,0,0,0,0,0,0,0,0,0,0,0,0,0,0,0,0,0,0,0,0,0,0,0,0,45,0,0,0,0,0,0,0
1787686631.497,0,0,0,0,0,0,0,673446033,334623459840,660330650112,0,0,0,0,0,0,0,0,0,0,0,0,0,0,0,0,0,0,0,0,0,0,0,0,0,0,0,0,0,0,0,0,0,0,0,0,0,0,0,0,0,0,0,0,0,0,0,0,0,0,0,0,0,0,0,0,0,0,0,0,7,6189732,20443238,22978589,0,0,0,0,0,0,0,0,0,0,0,0,0,0,0,0,0,0,0,0,0,0,0,0,0,0,0,0,0,0,0,0,0,0,0,0,0,51490881536,14014693376,3142754,855389,22893084,2590,0,384,3145728,17324779,3111910,147,3082721860,51539607552,0,1063688179,0,0,0,0,0,0,0,0,0,0,0,0,0,0,0,0,0,0,7660600,407231358,0,468,1204,7863,623,15321363,35,0,0,0,0,0,0,0,1,0,0,0,0,0,0,0,0,0,0,21394244,0,22892789,196754,0,0,0,0,0,0,0,0,16384,0,0,0,0,0,0,0,0,0,0,0,4223,115,0,0,0,0,0,23281602,0,72,0,16,115,4223,0,0,0,0,0,0,0,0,0,0,0,0,0,0,0,0,0,0,0,0,0,0,0,0,0,0,0,0,0,0,0,0,0,0,0,0,0,0,0,0,0,0,0,0,0,0,0,0,0,0,0,0,0,0,164946059,0,0,0,865456280,0,0,0,0,0,0,0,21655383,21812715,189657997,193265866240,18652492,0,0,0,0,0,0,0,0,0,0,0,0,0,0,0,0,0,0,0,0,0,0,0,0,0,0,0,0,0,0,0,271,0,0,0,0,0,0,0
1787686632.567,0,0,0,0,0,0,0,673474436,334777240064,660379050496,0,0,0,0,0,0,0,0,0,0,0,0,0,0,0,0,0,0,0,0,0,0,0,0,0,0,0,0,0,0,0,0,0,0,0,0,0,0,0,0,0,0,0,0,0,0,0,0,0,0,0,0,0,0,0,0,0,0,0,0,7,6189792,20452627,22981238,0,0,0,0,0,0,0,0,0,0,0,0,0,0,0,0,0,0,0,0,0,0,0,0,0,0,0,0,0,0,0,0,0,0,0,0,0,51501334528,14022590464,3143392,855871,22895733,1952,0,384,3145728,17334166,3111910,147,3082865250,51539607552,0,1063711354,0,0,0,0,0,0,0,0,0,0,0,0,0,0,0,0,0,0,7661392,407232150,0,468,1204,7863,623,15322947,35,0,0,0,0,0,0,0,1,0,0,0,0,0,0,0,0,0,0,21395245,0,22895438,196778,0,0,0,0,0,0,0,0,16384,0,0,0,0,0,0,0,0,0,0,0,4224,115,0,0,0,0,0,23284010,0,72,0,16,115,4224,0,0,0,0,0,0,0,0,0,0,0,0,0,0,0,0,0,0,0,0,0,0,0,0,0,0,0,0,0,0,0,0,0,0,0,0,0,0,0,0,0,0,0,0,0,0,0,0,0,0,0,0,0,0,164948451,0,0,0,865469953,0,0,0,0,0,0,0,21657272,21822102,189663062,193269543424,18653974,0,0,0,0,0,0,0,0,0,0,0,0,0,0,0,0,0,0,0,0,0,0,0,0,0,0,0,0,0,0,0,200,0,0,0,0,0,0,0
1787686633.638,0,0,0,0,0,0,0,673502205,334929447424,660427185664,0,0,0,0,0,0,0,0,0,0,0,0,0,0,0,0,0,0,0,0,0,0,0,0,0,0,0,0,0,0,0,0,0,0,0,0,0,0,0,0,0,0,0,0,0,0,0,0,0,0,0,0,0,0,0,0,0,0,0,0,7,6189840,20461926,22983888,0,0,0,0,0,0,0,0,0,0,0,0,0,0,0,0,0,0,0,0,0,0,0,0,0,0,0,0,0,0,0,0,0,0,0,0,0,51509723136,14028832768,3143904,856252,22898383,1440,0,384,3145728,17343463,3111910,147,3083005463,51539607552,0,1063733565,0,0,0,0,0,0,0,0,0,0,0,0,0,0,0,0,0,0,7662167,407232924,0,468,1204,7863,623,15324499,35,0,0,0,0,0,0,0,1,0,0,0,0,0,0,0,0,0,0,21396224,0,22898088,196802,0,0,0,0,0,0,0,0,16384,0,0,0,0,0,0,0,0,0,0,0,4225,115,0,0,0,0,0,23286355,0,72,0,16,115,4225,0,0,0,0,0,0,0,0,0,0,0,0,0,0,0,0,0,0,0,0,0,0,0,0,0,0,0,0,0,0,0,0,0,0,0,0,0,0,0,0,0,0,0,0,0,0,0,0,0,0,0,0,0,0,164950797,0,0,0,865483315,0,0,0,0,0,0,0,21659004,21831394,189668082,193273056768,18655394,0,0,0,0,0,0,0,0,0,0,0,0,0,0,0,0,0,0,0,0,0,0,0,0,0,0,0,0,0,0,0,141,0,0,0,0,0,0,0
1787686634.708,0,0,0,0,0,0,0,673530481,335082801664,660475822592,0,0,0,0,0,0,0,0,0,0,0,0,0,0,0,0,0,0,0,0,0,0,0,0,0,0,0,0,0,0,0,0,0,0,0,0,0,0,0,0,0,0,0,0,0,0,0,0,0,0,0,0,0,0,0,0,0,0,0,0,7,6189901,20471289,22986558,0,0,0,0,0,0,0,0,0,0,0,0,0,0,0,0,0,0,0,0,0,0,0,0,0,0,0,0,0,0,0,0,0,0,0,0,0,51521110016,14035845120,3144599,856680,22901053,745,0,384,3145728,17352826,3111910,147,3083148523,51539607552,0,1063756723,0,0,0,0,0,0,0,0,0,0,0,0,0,0,0,0,0,0,7662952,407233710,0,468,1204,7863,623,15326067,35,0,0,0,0,0,0,0,1,0,0,0,0,0,0,0,0,0,0,21397217,0,22900758,196826,0,0,0,0,0,0,0,0,16384,0,0,0,0,0,0,0,0,0,0,0,4226,115,0,0,0,0,0,23288739,0,72,0,16,115,4226,0,0,0,0,0,0,0,0,0,0,0,0,0,0,0,0,0,0,0,0,0,0,0,0,0,0,0,0,0,0,0,0,0,0,0,0,0,0,0,0,0,0,0,0,0,0,0,0,0,0,0,0,0,0,164953081,0,0,0,865496868,0,0,0,0,0,0,0,21660836,21840755,189673060,193276692992,18656786,1,0,0,0,0,0,0,0,0,0,0,0,0,0,0,0,0,0,0,0,0,0,0,0,0,0,0,0,0,0,0,68,0,0,0,0,0,0,0
1787686635.777,0,0,0,0,0,0,0,673559002,335235385856,660524760576,0,0,0,0,0,0,0,0,0,0,0,0,0,0,0,0,0,0,0,0,0,0,0,0,0,0,0,0,0,0,0,0,0,0,0,0,0,0,0,0,0,0,0,0,0,0,0,0,0,0,0,0,0,0,0,0,0,0,0,0,7,6189966,20480602,22989246,0,0,0,0,0,0,0,0,0,0,0,0,0,0,0,0,0,0,0,0,0,0,0,0,0,0,0,0,0,0,0,0,0,0,0,0,0,51529940992,14043512832,3145138,857148,22903741,206,0,384,3145728,17362138,3111910,147,3083292300,51539607552,0,1063779636,0,0,0,0,0,0,0,0,0,0,0,0,0,0,0,0,0,0,7663749,407234507,0,468,1204,7863,623,15327661,35,0,0,0,0,0,0,0,1,0,0,0,0,0,0,0,0,0,0,21398224,0,22903446,196850,0,0,0,0,0,0,0,0,16384,0,0,0,0,0,0,0,0,0,0,0,4227,115,0,0,0,0,0,23291179,0,72,0,16,115,4227,0,0,0,0,0,0,0,0,0,0,0,0,0,0,0,0,0,0,0,0,0,0,0,0,0,0,0,0,0,0,0,0,0,0,0,0,0,0,0,0,0,0,0,0,0,0,0,0,0,0,0,0,0,0,164955405,0,0,0,865510583,0,0,0,0,0,0,0,21662647,21850066,189678095,193280300032,18658212,0,0,0,0,0,0,0,0,0,0,0,0,0,0,0,0,0,0,0,0,0,0,0,0,0,0,0,0,0,0,0,22,0,0,0,0,0,0,0
1787686636.848,0,0,0,0,0,0,0,673587039,335389166080,660572978176,0,0,0,0,0,0,0,0,0,0,0,0,0,0,0,0,0,0,0,0,0,0,0,0,0,0,0,0,0,0,0,0,0,0,0,0,0,0,0,0,0,0,0,0,0,0,0,0,0,0,0,0,0,0,0,0,0,0,0,0,7,6190023,20489991,22991899,0,0,0,0,0,0,0,0,0,0,0,0,0,0,0,0,0,0,0,0,0,0,0,0,0,0,0,0,0,0,0,0,0,0,0,0,0,51533316096,14050639872,3145344,857583,22906394,0,0,384,3145728,17371526,3111910,147,3083432928,51539607552,0,1063801550,0,0,0,0,0,0,0,0,0,0,0,0,0,0,0,0,0,0,7664531,407235289,0,468,1204,7863,623,15329225,35,0,0,0,0,0,0,0,1,0,0,0,0,0,0,0,0,0,0,21399212,0,22906099,196874,0,0,0,0,0,0,0,0,16384,0,0,0,0,0,0,0,0,0,0,0,4229,115,0,0,0,0,0,23293558,0,72,0,16,115,4229,0,0,0,0,0,0,0,0,0,0,0,0,0,0,0,0,0,0,0,0,0,0,0,0,0,0,0,0,0,0,0,0,0,0,0,0,0,0,0,0,0,0,0,0,0,0,0,0,0,0,0,0,0,0,164957726,0,0,0,865523786,0,0,0,0,0,0,0,21664442,21859455,189683091,193283849728,18659623,0,0,0,0,0,0,0,0,0,0,0,0,0,0,0,0,0,0,0,0,0,0,0,0,0,0,0,0,0,0,0,240,0,0,0,0,0,0,0
1787686637.917,0,0,0,0,0,0,0,673614012,335537818112,660665506816,0,0,0,0,0,0,0,0,0,0,0,0,0,0,0,0,0,0,0,0,0,0,0,0,0,0,0,0,0,0,0,0,0,0,0,0,0,0,0,0,0,0,0,0,0,0,0,0,0,0,0,0,0,0,0,0,0,0,0,0,7,6190078,20499070,22997285,0,0,0,0,0,0,0,0,0,0,0,0,0,0,0,0,0,0,0,0,0,0,0,0,0,0,0,0,0,0,0,0,0,0,0,0,0,51403669504,14011629568,3137431,855202,22911780,7913,0,384,3145728,17380603,3111910,147,3083568987,51539607552,0,1063822905,0,0,0,0,0,0,0,0,0,0,0,0,0,0,0,0,0,0,7665285,407236043,0,468,1204,7863,623,15330735,35,0,0,0,0,0,0,0,1,0,0,0,0,0,0,0,0,0,0,21400169,0,22911485,196923,0,0,0,0,0,0,0,0,16384,0,0,0,0,0,0,0,0,0,0,0,4230,115,0,0,0,0,0,23295845,0,72,0,16,115,4230,0,0,0,0,0,0,0,0,0,0,0,0,0,0,0,0,0,0,0,0,0,0,0,0,0,0,0,0,0,0,0,0,0,0,0,0,0,0,0,0,0,0,0,0,0,0,0,0,0,0,0,0,0,0,164959996,0,0,0,865536790,0,0,0,0,0,0,0,21666627,21868530,189690793,193287117824,18660985,0,0,0,0,0,0,0,0,0,0,0,0,0,0,0,0,0,0,0,0,0,0,0,0,0,0,0,0,0,0,0,174,0,0,0,0,0,0,0
1787686638.987,0,0,0,0,0,0,0,673641750,335688911360,660714342400,0,0,0,0,0,0,0,0,0,0,0,0,0,0,0,0,0,0,0,0,0,0,0,0,0,0,0,0,0,0,0,0,0,0,0,0,0,0,0,0,0,0,0,0,0,0,0,0,0,0,0,0,0,0,0,0,0,0,0,0,7,6190141,20508296,22999977,0,0,0,0,0,0,0,0,0,0,0,0,0,0,0,0,0,0,0,0,0,0,0,0,0,0,0,0,0,0,0,0,0,0,0,0,0,51413991424,14018215936,3138061,855604,22914472,7283,0,384,3145728,17389828,3111910,147,3083709102,51539607552,0,1063845389,0,0,0,0,0,0,0,0,0,0,0,0,0,0,0,0,0,0,7666060,407236818,0,468,1204,7863,623,15332283,35,0,0,0,0,0,0,0,1,0,0,0,0,0,0,0,0,0,0,21401146,0,22914177,196947,0,0,0,0,0,0,0,0,16384,0,0,0,0,0,0,0,0,0,0,0,4231,115,0,0,0,0,0,23298213,0,72,0,16,115,4231,0,0,0,0,0,0,0,0,0,0,0,0,0,0,0,0,0,0,0,0,0,0,0,0,0,0,0,0,0,0,0,0,0,0,0,0,0,0,0,0,0,0,0,0,0,0,0,0,0,0,0,0,0,0,164962337,0,0,0,865550161,0,0,0,0,0,0,0,21668404,21877748,189695849,193290656768,18662379,0,0,0,0,0,0,0,0,0,0,0,0,0,0,0,0,0,0,0,0,0,0,0,0,0,0,0,0,0,0,0,91,0,0,0,0,0,0,0
1787686640.057,0,0,0,0,0,0,0,673670170,335841954304,660763342848,0,0,0,0,0,0,0,0,0,0,0,0,0,0,0,0,0,0,0,0,0,0,0,0,0,0,0,0,0,0,0,0,0,0,0,0,0,0,0,0,0,0,0,0,0,0,0,0,0,0,0,0,0,0,0,0,0,0,0,0,7,6190203,20517646,23002676,0,0,0,0,0,0,0,0,0,0,0,0,0,0,0,0,0,0,0,0,0,0,0,0,0,0,0,0,0,0,0,0,0,0,0,0,0,51424575488,14026276864,3138707,856096,22917171,6637,0,384,3145728,17399175,3111910,147,3083852690,51539607552,0,1063868500,0,0,0,0,0,0,0,0,0,0,0,0,0,0,0,0,0,0,7666851,407237609,0,468,1204,7863,623,15333865,35,0,0,0,0,0,0,0,1,0,0,0,0,0,0,0,0,0,0,21402145,0,22916876,196971,0,0,0,0,0,0,0,0,16384,0,0,0,0,0,0,0,0,0,0,0,4232,115,0,0,0,0,0,23300618,0,72,0,16,115,4232,0,0,0,0,0,0,0,0,0,0,0,0,0,0,0,0,0,0,0,0,0,0,0,0,0,0,0,0,0,0,0,0,0,0,0,0,0,0,0,0,0,0,0,0,0,0,0,0,0,0,0,0,0,0,164964663,0,0,0,865563841,0,0,0,0,0,0,0,21670174,21887091,189700893,193294255616,18663761,0,0,0,0,0,0,0,0,0,0,0,0,0,0,0,0,0,0,0,0,0,0,0,0,0,0,0,0,0,0,0,5,0,0,0,0,0,0,0
1787686641.128,0,0,0,0,0,0,0,673697877,335994128896,660811899904,0,0,0,0,0,0,0,0,0,0,0,0,0,0,0,0,0,0,0,0,0,0,0,0,0,0,0,0,0,0,0,0,0,0,0,0,0,0,0,0,0,0,0,0,0,0,0,0,0,0,0,0,0,0,0,0,0,0,0,0,7,6190262,20526938,23005357,0,0,0,0,0,0,0,0,0,0,0,0,0,0,0,0,0,0,0,0,0,0,0,0,0,0,0,0,0,0,0,0,0,0,0,0,0,51434995712,14031978496,3139343,856444,22919852,6001,0,384,3145728,17408463,3111910,147,3083991714,51539607552,0,1063890168,0,0,0,0,0,0,0,0,0,0,0,0,0,0,0,0,0,0,7667626,407238383,0,468,1204,7863,623,15335415,35,0,0,0,0,0,0,0,1,0,0,0,0,0,0,0,0,0,0,21403123,0,22919557,196995,0,0,0,0,0,0,0,0,16384,0,0,0,0,0,0,0,0,0,0,0,4233,115,0,0,0,0,0,23302972,0,72,0,16,115,4233,0,0,0,0,0,0,0,0,0,0,0,0,0,0,0,0,0,0,0,0,0,0,0,0,0,0,0,0,0,0,0,0,0,0,0,0,0,0,0,0,0,0,0,0,0,0,0,0,0,0,0,0,0,0,164966967,0,0,0,865576939,0,0,0,0,0,0,0,21671925,21896377,189705903,193297711104,18665161,0,0,0,0,0,0,0,0,0,0,0,0,0,0,0,0,0,0,0,0,0,0,0,0,0,0,0,0,0,0,0,186,0,0,0,0,0,0,0
1787686642.198,0,0,0,0,0,0,0,673725743,336147417600,660861069312,0,0,0,0,0,0,0,0,0,0,0,0,0,0,0,0,0,0,0,0,0,0,0,0,0,0,0,0,0,0,0,0,0,0,0,0,0,0,0,0,0,0,0,0,0,0,0,0,0,0,0,0,0,0,0,0,0,0,0,0,7,6190320,20536298,23008065,0,0,0,0,0,0,0,0,0,0,0,0,0,0,0,0,0,0,0,0,0,0,0,0,0,0,0,0,0,0,0,0,0,0,0,0,0,51445121024,14038499328,3139961,856842,22922560,5383,0,384,3145728,17417821,3111910,147,3084132636,51539607552,0,1063912686,0,0,0,0,0,0,0,0,0,0,0,0,0,0,0,0,0,0,7668404,407239162,0,468,1204,7863,623,15336971,35,0,0,0,0,0,0,0,1,0,0,0,0,0,0,0,0,0,0,21404100,0,22922265,197019,0,0,0,0,0,0,0,0,16384,0,0,0,0,0,0,0,0,0,0,0,4234,115,0,0,0,0,0,23305334,0,72,0,16,115,4234,0,0,0,0,0,0,0,0,0,0,0,0,0,0,0,0,0,0,0,0,0,0,0,0,0,0,0,0,0,0,0,0,0,0,0,0,0,0,0,0,0,0,0,0,0,0,0,0,0,0,0,0,0,0,164969233,0,0,0,865590360,0,0,0,0,0,0,0,21673725,21905733,189710900,193301239808,18666574,0,0,0,0,0,0,0,0,0,0,0,0,0,0,0,0,0,0,0,0,0,0,0,0,0,0,0,0,0,0,0,108,0,0,0,0,0,0,0
1787686643.268,0,0,0,0,0,0,0,673754069,336298772992,660910794240,0,0,0,0,0,0,0,0,0,0,0,0,0,0,0,0,0,0,0,0,0,0,0,0,0,0,0,0,0,0,0,0,0,0,0,0,0,0,0,0,0,0,0,0,0,0,0,0,0,0,0,0,0,0,0,0,0,0,0,0,7,6190384,20545540,23010812,0,0,0,0,0,0,0,0,0,0,0,0,0,0,0,0,0,0,0,0,0,0,0,0,0,0,0,0,0,0,0,0,0,0,0,0,0,51454574592,14044577792,3140538,857213,22925307,4806,0,384,3145728,17427059,3111910,147,3084275384,51539607552,0,1063935427,0,0,0,0,0,0,0,0,0,0,0,0,0,0,0,0,0,0,7669194,407239952,0,468,1204,7863,623,15338551,35,0,0,0,0,0,0,0,1,0,0,0,0,0,0,0,0,0,0,21405098,0,22925012,197043,0,0,0,0,0,0,0,0,16384,0,0,0,0,0,0,0,0,0,0,0,4235,115,0,0,0,0,0,23307742,0,72,0,16,115,4235,0,0,0,0,0,0,0,0,0,0,0,0,0,0,0,0,0,0,0,0,0,0,0,0,0,0,0,0,0,0,0,0,0,0,0,0,0,0,0,0,0,0,0,0,0,0,0,0,0,0,0,0,0,0,164971558,0,0,0,865603987,0,0,0,0,0,0,0,21675475,21914972,189715994,193304845824,18667976,0,0,0,0,0,0,0,0,0,0,0,0,0,0,0,0,0,0,0,0,0,0,0,0,0,0,0,0,0,0,0,39,0,0,0,0,0,0,0
1787686644.339,0,0,0,0,0,0,0,673781866,336450570752,660960802304,0,0,0,0,0,0,0,0,0,0,0,0,0,0,0,0,0,0,0,0,0,0,0,0,0,0,0,0,0,0,0,0,0,0,0,0,0,0,0,0,0,0,0,0,0,0,0,0,0,0,0,0,0,0,0,0,0,0,0,0,7,6190445,20554805,23013567,0,0,0,0,0,0,0,0,0,0,0,0,0,0,0,0,0,0,0,0,0,0,0,0,0,0,0,0,0,0,0,0,0,0,0,0,0,51465469952,14048755712,3141203,857468,22928062,4141,0,384,3145728,17436325,3111910,147,3084414864,51539607552,0,1063957254,0,0,0,0,0,0,0,0,0,0,0,0,0,0,0,0,0,0,7669969,407240727,0,468,1204,7863,623,15340102,35,0,0,0,0,0,0,0,1,0,0,0,0,0,0,0,0,0,0,21406079,0,22927767,197068,0,0,0,0,0,0,0,0,16384,0,0,0,0,0,0,0,0,0,0,0,4236,115,0,0,0,0,0,23310107,0,72,0,16,115,4236,0,0,0,0,0,0,0,0,0,0,0,0,0,0,0,0,0,0,0,0,0,0,0,0,0,0,0,0,0,0,0,0,0,0,0,0,0,0,0,0,0,0,0,0,0,0,0,0,0,0,0,0,0,0,164973813,0,0,0,865617113,0,0,0,0,0,0,0,21677245,21924237,189721029,193308433920,18669335,0,0,0,0,0,0,0,0,0,0,0,0,0,0,0,0,0,0,0,0,0,0,0,0,0,0,0,0,0,0,0,240,0,0,0,0,0,0,0
1787686645.409,0,0,0,0,0,0,0,673809616,336604187136,661010219520,0,0,0,0,0,0,0,0,0,0,0,0,0,0,0,0,0,0,0,0,0,0,0,0,0,0,0,0,0,0,0,0,0,0,0,0,0,0,0,0,0,0,0,0,0,0,0,0,0,0,0,0,0,0,0,0,0,0,0,0,7,6190506,20564183,23016304,0,0,0,0,0,0,0,0,0,0,0,0,0,0,0,0,0,0,0,0,0,0,0,0,0,0,0,0,0,0,0,0,0,0,0,0,0,51477381120,14053736448,3141930,857772,22930799,3414,0,384,3145728,17445700,3111910,147,3084555355,51539607552,0,1063979813,0,0,0,0,0,0,0,0,0,0,0,0,0,0,0,0,0,0,7670743,407241501,0,468,1204,7863,623,15341653,35,0,0,0,0,0,0,0,1,0,0,0,0,0,0,0,0,0,0,21407049,0,22930504,197093,0,0,0,0,0,0,0,0,16384,0,0,0,0,0,0,0,0,0,0,0,4237,115,0,0,0,0,0,23312473,0,72,0,16,115,4237,0,0,0,0,0,0,0,0,0,0,0,0,0,0,0,0,0,0,0,0,0,0,0,0,0,0,0,0,0,0,0,0,0,0,0,0,0,0,0,0,0,0,0,0,0,0,0,0,0,0,0,0,0,0,164976078,0,0,0,865630545,0,0,0,0,0,0,0,21678953,21933615,189726054,193311969792,18670685,0,0,0,0,0,0,0,0,0,0,0,0,0,0,0,0,0,0,0,0,0,0,0,0,0,0,0,0,0,0,0,97,0,0,0,0,0,0,0
1787686646.478,0,0,0,0,0,0,0,673837508,336755722752,661059031040,0,0,0,0,0,0,0,0,0,0,0,0,0,0,0,0,0,0,0,0,0,0,0,0,0,0,0,0,0,0,0,0,0,0,0,0,0,0,0,0,0,0,0,0,0,0,0,0,0,0,0,0,0,0,0,0,0,0,0,0,7,6190562,20573434,23018983,0,0,0,0,0,0,0,0,0,0,0,0,0,0,0,0,0,0,0,0,0,0,0,0,0,0,0,0,0,0,0,0,0,0,0,0,0,51485540352,14060339200,3142427,858175,22933478,2916,0,385,3145728,17454949,3111910,147,3084696256,51539607552,0,1064002444,0,0,0,0,0,0,0,0,0,0,0,0,0,0,0,0,0,0,7671522,407242280,0,468,1204,7863,623,15343209,35,0,0,0,0,0,0,0,1,0,0,0,0,0,0,0,0,0,0,21408036,0,22933183,197117,0,0,0,0,0,0,0,0,16384,0,0,0,0,0,0,0,0,0,0,0,4238,115,0,0,0,0,0,23314834,0,72,0,16,115,4238,0,0,0,0,0,0,0,0,0,0,0,0,0,0,0,0,0,0,0,0,0,0,0,0,0,0,0,0,0,0,0,0,0,0,0,0,0,0,0,0,0,0,0,0,0,0,0,0,0,0,0,0,0,0,164978359,0,0,0,865643978,0,0,0,0,0,0,0,21680709,21942860,189731034,193315686912,18672049,0,0,0,0,0,0,0,0,0,0,0,0,0,0,0,0,0,0,0,0,0,0,0,0,0,0,0,0,0,0,0,39,0,0,0,0,0,0,0
1787686647.547,0,0,0,0,0,0,0,673865501,336908241408,661108502528,0,0,0,0,0,0,0,0,0,0,0,0,0,0,0,0,0,0,0,0,0,0,0,0,0,0,0,0,0,0,0,0,0,0,0,0,0,0,0,0,0,0,0,0,0,0,0,0,0,0,0,0,0,0,0,0,0,0,0,0,7,6190624,20582748,23021705,0,0,0,0,0,0,0,0,0,0,0,0,0,0,0,0,0,0,0,0,0,0,0,0,0,0,0,0,0,0,0,0,0,0,0,0,0,51497205760,14066204672,3143140,858533,22936200,2204,0,384,3145728,17464260,3111910,147,3084836494,51539607552,0,1064024193,0,0,0,0,0,0,0,0,0,0,0,0,0,0,0,0,0,0,7672306,407243064,0,468,1204,7863,623,15344775,35,0,0,0,0,0,0,0,1,0,0,0,0,0,0,0,0,0,0,21409025,0,22935905,197141,0,0,0,0,0,0,0,0,16384,0,0,0,0,0,0,0,0,0,0,0,4239,115,0,0,0,0,0,23317212,0,72,0,16,115,4239,0,0,0,0,0,0,0,0,0,0,0,0,0,0,0,0,0,0,0,0,0,0,0,0,0,0,0,0,0,0,0,0,0,0,0,0,0,0,0,0,0,0,0,0,0,0,0,0,0,0,0,0,0,0,164980693,0,0,0,865657207,0,0,0,0,0,0,0,21682498,21952170,189736111,193319330816,18673423,0,0,0,0,0,0,0,0,0,0,0,0,0,0,0,0,0,0,0,0,0,0,0,0,0,0,0,0,0,0,0,260,0,0,0,0,0,0,0
1787686648.618,0,0,0,0,0,0,0,673893566,337061497344,661158029824,0,0,0,0,0,0,0,0,0,0,0,0,0,0,0,0,0,0,0,0,0,0,0,0,0,0,0,0,0,0,0,0,0,0,0,0,0,0,0,0,0,0,0,0,0,0,0,0,0,0,0,0,0,0,0,0,0,0,0,0,7,6190687,20592104,23024441,0,0,0,0,0,0,0,0,0,0,0,0,0,0,0,0,0,0,0,0,0,0,0,0,0,0,0,0,0,0,0,0,0,0,0,0,0,51508084736,14071480320,3143804,858855,22938936,1539,0,384,3145728,17473616,3111910,147,3084978177,51539607552,0,1064046667,0,0,0,0,0,0,0,0,0,0,0,0,0,0,0,0,0,0,7673090,407243845,0,468,1204,7863,623,15346343,35,0,0,0,0,0,0,0,1,0,0,0,0,0,0,0,0,0,0,21410016,0,22938641,197165,0,0,0,0,0,0,0,0,16384,0,0,0,0,0,0,0,0,0,0,0,4240,115,0,0,0,0,0,23319584,0,72,0,16,115,4240,0,0,0,0,0,0,0,0,0,0,0,0,0,0,0,0,0,0,0,0,0,0,0,0,0,0,0,0,0,0,0,0,0,0,0,0,0,0,0,0,0,0,0,0,0,0,0,0,0,0,0,0,0,0,164983030,0,0,0,865670694,0,0,0,0,0,0,0,21684267,21961524,189741208,193322793472,18674818,0,0,0,0,0,0,0,0,0,0,0,0,0,0,0,0,0,0,0,0,0,0,0,0,0,0,0,0,0,0,0,196,0,0,0,0,0,0,0
1787686649.695,0,0,0,0,0,0,0,673921383,337214228992,661206920192,0,0,0,0,0,0,0,0,0,0,0,0,0,0,0,0,0,0,0,0,0,0,0,0,0,0,0,0,0,0,0,0,0,0,0,0,0,0,0,0,0,0,0,0,0,0,0,0,0,0,0,0,0,0,0,0,0,0,0,0,7,6190749,20601428,23027141,0,0,0,0,0,0,0,0,0,0,0,0,0,0,0,0,0,0,0,0,0,0,0,0,0,0,0,0,0,0,0,0,0,0,0,0,0,51518816256,14077018112,3144459,859193,22941636,885,0,384,3145728,17482936,3111910,147,3085118704,51539607552,0,1064068912,0,0,0,0,0,0,0,0,0,0,0,0,0,0,0,0,0,0,7673865,407244623,0,468,1204,7863,623,15347893,35,0,0,0,0,0,0,0,1,0,0,0,0,0,0,0,0,0,0,21410998,0,22941341,197189,0,0,0,0,0,0,0,0,16384,0,0,0,0,0,0,0,0,0,0,0,4241,115,0,0,0,0,0,23321959,0,72,0,16,115,4241,0,0,0,0,0,0,0,0,0,0,0,0,0,0,0,0,0,0,0,0,0,0,0,0,0,0,0,0,0,0,0,0,0,0,0,0,0,0,0,0,0,0,0,0,0,0,0,0,0,0,0,0,0,0,164985382,0,0,0,865684095,0,0,0,0,0,0,0,21685992,21970844,189746283,193326185984,18676189,0,0,0,0,0,0,0,0,0,0,0,0,0,0,0,0,0,0,0,0,0,0,0,0,0,0,0,0,0,0,0,120,0,0,0,0,0,0,0
1787686650.765,0,0,0,0,0,0,0,673949004,337365453312,661255501312,0,0,0,0,0,0,0,0,0,0,0,0,0,0,0,0,0,0,0,0,0,0,0,0,0,0,0,0,0,0,0,0,0,0,0,0,0,0,0,0,0,0,0,0,0,0,0,0,0,0,0,0,0,0,0,0,0,0,0,0,7,6190816,20610664,23029817,0,0,0,0,0,0,0,0,0,0,0,0,0,0,0,0,0,0,0,0,0,0,0,0,0,0,0,0,0,0,0,0,0,0,0,0,0,51527532544,14082932736,3144991,859554,22944312,353,0,384,3145728,17492171,3111910,147,3085258193,51539607552,0,1064091166,0,0,0,0,0,0,0,0,0,0,0,0,0,0,0,0,0,0,7674635,407245393,0,468,1204,7863,623,15349433,35,0,0,0,0,0,0,0,1,0,0,0,0,0,0,0,0,0,0,21411971,0,22944017,197213,0,0,0,0,0,0,0,0,16384,0,0,0,0,0,0,0,0,0,0,0,4242,115,0,0,0,0,0,23324301,0,72,0,16,115,4242,0,0,0,0,0,0,0,0,0,0,0,0,0,0,0,0,0,0,0,0,0,0,0,0,0,0,0,0,0,0,0,0,0,0,0,0,0,0,0,0,0,0,0,0,0,0,0,0,0,0,0,0,0,0,164987706,0,0,0,865697394,0,0,0,0,0,0,0,21687773,21980075,189751306,193329655296,18677553,0,0,0,0,0,0,0,0,0,0,0,0,0,0,0,0,0,0,0,0,0,0,0,0,0,0,0,0,0,0,0,30,0,0,0,0,0,0,0
1787686651.836,0,0,0,0,0,0,0,673976509,337516169728,661303960576,0,0,0,0,0,0,0,0,0,0,0,0,0,0,0,0,0,0,0,0,0,0,0,0,0,0,0,0,0,0,0,0,0,0,0,0,0,0,0,0,0,0,0,0,0,0,0,0,0,0,0,0,0,0,0,0,0,0,0,0,7,6190877,20619862,23032479,0,0,0,0,0,0,0,0,0,0,0,0,0,0,0,0,0,0,0,0,0,0,0,0,0,0,0,0,0,0,0,0,0,0,0,0,0,51532873728,14088814592,3145317,859913,22946974,27,0,384,3145728,17501369,3111910,147,3085396304,51539607552,0,1064112766,0,0,0,0,0,0,0,0,0,0,0,0,0,0,0,0,0,0,7675401,407246159,0,468,1204,7863,623,15350965,35,0,0,0,0,0,0,0,1,0,0,0,0,0,0,0,0,0,0,21412939,0,22946679,197237,0,0,0,0,0,0,0,0,16384,0,0,0,0,0,0,0,0,0,0,0,4244,115,0,0,0,0,0,23326630,0,72,0,16,115,4244,0,0,0,0,0,0,0,0,0,0,0,0,0,0,0,0,0,0,0,0,0,0,0,0,0,0,0,0,0,0,0,0,0,0,0,0,0,0,0,0,0,0,0,0,0,0,0,0,0,0,0,0,0,0,164989947,0,0,0,865710349,0,0,0,0,0,0,0,21689533,21989275,189756233,193333197312,18678912,0,0,0,0,0,0,0,0,0,0,0,0,0,0,0,0,0,0,0,0,0,0,0,0,0,0,0,0,0,0,0,231,0,0,0,0,0,0,0
1787686652.906,0,0,0,0,0,0,0,674003985,337663216128,661392558080,0,0,0,0,0,0,0,0,0,0,0,0,0,0,0,0,0,0,0,0,0,0,0,0,0,0,0,0,0,0,0,0,0,0,0,0,0,0,0,0,0,0,0,0,0,0,0,0,0,0,0,0,0,0,0,0,0,0,0,0,7,6190929,20628842,23037429,0,0,0,0,0,0,0,0,0,0,0,0,0,0,0,0,0,0,0,0,0,0,0,0,0,0,0,0,0,0,0,0,0,0,0,0,0,51401949184,14056505344,3137326,857941,22949605,8018,0,384,3145728,17510348,3111910,147,3085534981,51539607552,0,1064134826,0,0,0,0,0,0,0,0,0,0,0,0,0,0,0,0,0,0,7676170,407246928,0,468,1204,7863,623,15352505,35,0,0,0,0,0,0,0,1,0,0,0,0,0,0,0,0,0,0,21413915,0,22951544,197283,0,0,0,0,0,0,0,0,16384,0,0,0,0,0,0,0,0,0,0,0,4245,115,0,0,0,0,0,23328967,0,72,0,16,115,4245,0,0,0,0,0,0,0,0,0,0,0,0,0,0,0,0,0,0,0,0,0,0,0,0,0,0,0,0,0,0,0,0,0,0,0,0,0,0,0,0,0,0,0,0,0,0,0,0,0,0,0,0,0,0,164992243,0,0,0,865723603,0,0,0,0,0,0,0,21691643,21998252,189763714,193336555520,18680269,0,0,0,0,0,0,0,0,0,0,0,0,0,0,0,0,0,0,0,0,0,0,0,0,0,0,0,0,0,0,0,163,0,0,0,0,0,0,0
1787686653.975,0,0,0,0,0,0,0,674032046,337815013888,661443202560,0,0,0,0,0,0,0,0,0,0,0,0,0,0,0,0,0,0,0,0,0,0,0,0,0,0,0,0,0,0,0,0,0,0,0,0,0,0,0,0,0,0,0,0,0,0,0,0,0,0,0,0,0,0,0,0,0,0,0,0,7,6190982,20638105,23040418,0,0,0,0,0,0,0,0,0,0,0,0,0,0,0,0,0,0,0,0,0,0,0,0,0,0,0,0,0,0,0,0,0,0,0,0,0,51411779584,14058127360,3137926,858040,22954913,7418,0,384,3145728,17519610,3111910,147,3085676600,51539607552,0,1064157373,0,0,0,0,0,0,0,0,0,0,0,0,0,0,0,0,0,0,7676954,407247712,0,468,1204,7863,623,15354071,35,0,0,0,0,0,0,0,1,0,0,0,0,0,0,0,0,0,0,21414901,0,22954618,197309,0,0,0,0,0,0,0,0,16384,0,0,0,0,0,0,0,0,0,0,0,4246,115,0,0,0,0,0,23331358,0,72,0,16,115,4246,0,0,0,0,0,0,0,0,0,0,0,0,0,0,0,0,0,0,0,0,0,0,0,0,0,0,0,0,0,0,0,0,0,0,0,0,0,0,0,0,0,0,0,0,0,0,0,0,0,0,0,0,0,0,164994571,0,0,0,865737128,0,0,0,0,0,0,0,21693457,22007514,189768863,193340133888,18681697,0,0,0,0,0,0,0,0,0,0,0,0,0,0,0,0,0,0,0,0,0,0,0,0,0,0,0,0,0,0,0,88,0,0,0,0,0,0,0
1787686655.046,0,0,0,0,0,0,0,674059985,337966385664,661491521024,0,0,0,0,0,0,0,0,0,0,0,0,0,0,0,0,0,0,0,0,0,0,0,0,0,0,0,0,0,0,0,0,0,0,0,0,0,0,0,0,0,0,0,0,0,0,0,0,0,0,0,0,0,0,0,0,0,0,0,0,7,6191027,20647348,23043087,0,0,0,0,0,0,0,0,0,0,0,0,0,0,0,0,0,0,0,0,0,0,0,0,0,0,0,0,0,0,0,0,0,0,0,0,0,51421478912,14065582080,3138518,858495,22957582,6826,0,384,3145728,17528851,3111910,147,3085817499,51539607552,0,1064179658,0,0,0,0,0,0,0,0,0,0,0,0,0,0,0,0,0,0,7677735,407248493,0,468,1204,7863,623,15355633,35,0,0,0,0,0,0,0,1,0,0,0,0,0,0,0,0,0,0,21415887,0,22957287,197334,0,0,0,0,0,0,0,0,16384,0,0,0,0,0,0,0,0,0,0,0,4247,115,0,0,0,0,0,23333727,0,72,0,16,115,4247,0,0,0,0,0,0,0,0,0,0,0,0,0,0,0,0,0,0,0,0,0,0,0,0,0,0,0,0,0,0,0,0,0,0,0,0,0,0,0,0,0,0,0,0,0,0,0,0,0,0,0,0,0,0,164996841,0,0,0,865750605,0,0,0,0,0,0,0,21695274,22016754,189773826,193343542272,18683102,0,0,0,0,0,0,0,0,0,0,0,0,0,0,0,0,0,0,0,0,0,0,0,0,0,0,0,0,0,0,0,11,0,0,0,0,0,0,0
1787686656.116,0,0,0,0,0,0,0,674087753,338119674368,661540276736,0,0,0,0,0,0,0,0,0,0,0,0,0,0,0,0,0,0,0,0,0,0,0,0,0,0,0,0,0,0,0,0,0,0,0,0,0,0,0,0,0,0,0,0,0,0,0,0,0,0,0,0,0,0,0,0,0,0,0,0,7,6191095,20656706,23045778,0,0,0,0,0,0,0,0,0,0,0,0,0,0,0,0,0,0,0,0,0,0,0,0,0,0,0,0,0,0,0,0,0,0,0,0,0,51432308736,14072971264,3139179,858946,22960273,6165,0,384,3145728,17538209,3111910,147,3085956764,51539607552,0,1064201477,0,0,0,0,0,0,0,0,0,0,0,0,0,0,0,0,0,0,7678507,407249265,0,468,1204,7863,623,15357179,35,0,0,0,0,0,0,0,1,0,0,0,0,0,0,0,0,0,0,21416864,0,22959978,197358,0,0,0,0,0,0,0,0,16384,0,0,0,0,0,0,0,0,0,0,0,4248,115,0,0,0,0,0,23336075,0,72,0,16,115,4248,0,0,0,0,0,0,0,0,0,0,0,0,0,0,0,0,0,0,0,0,0,0,0,0,0,0,0,0,0,0,0,0,0,0,0,0,0,0,0,0,0,0,0,0,0,0,0,0,0,0,0,0,0,0,164999178,0,0,0,865763667,0,0,0,0,0,0,0,21697047,22026110,189778878,193347112960,18684513,0,0,0,0,0,0,0,0,0,0,0,0,0,0,0,0,0,0,0,0,0,0,0,0,0,0,0,0,0,0,0,227,0,0,0,0,0,0,0
1787686657.186,0,0,0,0,0,0,0,674115479,338272127488,661588140032,0,0,0,0,0,0,0,0,0,0,0,0,0,0,0,0,0,0,0,0,0,0,0,0,0,0,0,0,0,0,0,0,0,0,0,0,0,0,0,0,0,0,0,0,0,0,0,0,0,0,0,0,0,0,0,0,0,0,0,0,7,6191149,20666016,23048435,0,0,0,0,0,0,0,0,0,0,0,0,0,0,0,0,0,0,0,0,0,0,0,0,0,0,0,0,0,0,0,0,0,0,0,0,0,51443449856,14080425984,3139859,859401,22962930,5485,0,384,3145728,17547517,3111910,147,3086096884,51539607552,0,1064223663,0,0,0,0,0,0,0,0,0,0,0,0,0,0,0,0,0,0,7679283,407250041,0,468,1204,7863,623,15358729,35,0,0,0,0,0,0,0,1,0,0,0,0,0,0,0,0,0,0,21417843,0,22962635,197382,0,0,0,0,0,0,0,0,16384,0,0,0,0,0,0,0,0,0,0,0,4249,115,0,0,0,0,0,23338433,0,72,0,16,115,4249,0,0,0,0,0,0,0,0,0,0,0,0,0,0,0,0,0,0,0,0,0,0,0,0,0,0,0,0,0,0,0,0,0,0,0,0,0,0,0,0,0,0,0,0,0,0,0,0,0,0,0,0,0,0,165001501,0,0,0,865777026,0,0,0,0,0,0,0,21698839,22035413,189783882,193350533120,18685928,0,0,0,0,0,0,0,0,0,0,0,0,0,0,0,0,0,0,0,0,0,0,0,0,0,0,0,0,0,0,0,165,0,0,0,0,0,0,0
1787686658.255,0,0,0,0,0,0,0,674143324,338422827520,661636623872,0,0,0,0,0,0,0,0,0,0,0,0,0,0,0,0,0,0,0,0,0,0,0,0,0,0,0,0,0,0,0,0,0,0,0,0,0,0,0,0,0,0,0,0,0,0,0,0,0,0,0,0,0,0,0,0,0,0,0,0,7,6191211,20675215,23051087,0,0,0,0,0,0,0,0,0,0,0,0,0,0,0,0,0,0,0,0,0,0,0,0,0,0,0,0,0,0,0,0,0,0,0,0,0,51452559360,14087159808,3140415,859812,22965582,4929,0,384,3145728,17556712,3111910,147,3086237396,51539607552,0,1064246150,0,0,0,0,0,0,0,0,0,0,0,0,0,0,0,0,0,0,7680060,407250817,0,468,1204,7863,623,15360283,35,0,0,0,0,0,0,0,1,0,0,0,0,0,0,0,0,0,0,21418826,0,22965287,197408,0,0,0,0,0,0,0,0,16384,0,0,0,0,0,0,0,0,0,0,0,4250,115,0,0,0,0,0,23340806,0,72,0,16,115,4250,0,0,0,0,0,0,0,0,0,0,0,0,0,0,0,0,0,0,0,0,0,0,0,0,0,0,0,0,0,0,0,0,0,0,0,0,0,0,0,0,0,0,0,0,0,0,0,0,0,0,0,0,0,0,165003843,0,0,0,865790399,0,0,0,0,0,0,0,21700752,22044612,189788902,193354315776,18687411,0,0,0,0,0,0,0,0,0,0,0,0,0,0,0,0,0,0,0,0,0,0,0,0,0,0,0,0,0,0,0,120,0,0,0,0,0,0,0
1787686659.326,0,0,0,0,0,0,0,674171060,338575919616,661683585536,0,0,0,0,0,0,0,0,0,0,0,0,0,0,0,0,0,0,0,0,0,0,0,0,0,0,0,0,0,0,0,0,0,0,0,0,0,0,0,0,0,0,0,0,0,0,0,0,0,0,0,0,0,0,0,0,0,0,0,0,7,6191257,20684561,23053659,0,0,0,0,0,0,0,0,0,0,0,0,0,0,0,0,0,0,0,0,0,0,0,0,0,0,0,0,0,0,0,0,0,0,0,0,0,51465535488,14094630912,3141207,860268,22968154,4137,0,384,3145728,17566056,3111910,147,3086377719,51539607552,0,1064268516,0,0,0,0,0,0,0,0,0,0,0,0,0,0,0,0,0,0,7680833,407251591,0,468,1204,7863,623,15361829,35,0,0,0,0,0,0,0,1,0,0,0,0,0,0,0,0,0,0,21419802,0,22967859,197432,0,0,0,0,0,0,0,0,16384,0,0,0,0,0,0,0,0,0,0,0,4251,115,0,0,0,0,0,23343166,0,72,0,16,115,4251,0,0,0,0,0,0,0,0,0,0,0,0,0,0,0,0,0,0,0,0,0,0,0,0,0,0,0,0,0,0,0,0,0,0,0,0,0,0,0,0,0,0,0,0,0,0,0,0,0,0,0,0,0,0,165006176,0,0,0,865803789,0,0,0,0,0,0,0,21702539,22053955,189793831,193357862912,18688843,0,0,0,0,0,0,0,0,0,0,0,0,0,0,0,0,0,0,0,0,0,0,0,0,0,0,0,0,0,0,0,28,0,0,0,0,0,0,0
1787686660.396,0,0,0,0,0,0,0,674199282,338730502656,661732332544,0,0,0,0,0,0,0,0,0,0,0,0,0,0,0,0,0,0,0,0,0,0,0,0,0,0,0,0,0,0,0,0,0,0,0,0,0,0,0,0,0,0,0,0,0,0,0,0,0,0,0,0,0,0,0,0,0,0,0,0,7,6191313,20694000,23056345,0,0,0,0,0,0,0,0,0,0,0,0,0,0,0,0,0,0,0,0,0,0,0,0,0,0,0,0,0,0,0,0,0,0,0,0,0,51476545536,14101856256,3141879,860709,22970840,3465,0,384,3145728,17575491,3111910,147,3086519119,51539607552,0,1064290483,0,0,0,0,0,0,0,0,0,0,0,0,0,0,0,0,0,0,7681621,407252379,0,468,1204,7863,623,15363406,35,0,0,0,0,0,0,0,1,0,0,0,0,0,0,0,0,0,0,21420800,0,22970545,197457,0,0,0,0,0,0,0,0,16384,0,0,0,0,0,0,0,0,0,0,0,4252,115,0,0,0,0,0,23345572,0,72,0,16,115,4252,0,0,0,0,0,0,0,0,0,0,0,0,0,0,0,0,0,0,0,0,0,0,0,0,0,0,0,0,0,0,0,0,0,0,0,0,0,0,0,0,0,0,0,0,0,0,0,0,0,0,0,0,0,0,165008490,0,0,0,865817084,0,0,0,0,0,0,0,21704306,22063389,189798855,193361350144,18690217,0,0,0,0,0,0,0,0,0,0,0,0,0,0,0,0,0,0,0,0,0,0,0,0,0,0,0,0,0,0,0,252,0,0,0,0,0,0,0
1787686661.466,0,0,0,0,0,0,0,674227657,338883463680,661781610496,0,0,0,0,0,0,0,0,0,0,0,0,0,0,0,0,0,0,0,0,0,0,0,0,0,0,0,0,0,0,0,0,0,0,0,0,0,0,0,0,0,0,0,0,0,0,0,0,0,0,0,0,0,0,0,0,0,0,0,0,7,6191381,20703338,23059036,0,0,0,0,0,0,0,0,0,0,0,0,0,0,0,0,0,0,0,0,0,0,0,0,0,0,0,0,0,0,0,0,0,0,0,0,0,51484950528,14108475392,3142392,861113,22973531,2952,0,384,3145728,17584827,3111910,147,3086662790,51539607552,0,1064313836,0,0,0,0,0,0,0,0,0,0,0,0,0,0,0,0,0,0,7682410,407253168,0,468,1204,7863,623,15364985,35,0,0,0,0,0,0,0,1,0,0,0,0,0,0,0,0,0,0,21421792,0,22973236,197482,0,0,0,0,0,0,0,0,16384,0,0,0,0,0,0,0,0,0,0,0,4253,115,0,0,0,0,0,23347977,0,72,0,16,115,4253,0,0,0,0,0,0,0,0,0,0,0,0,0,0,0,0,0,0,0,0,0,0,0,0,0,0,0,0,0,0,0,0,0,0,0,0,0,0,0,0,0,0,0,0,0,0,0,0,0,0,0,0,0,0,165010861,0,0,0,865830735,0,0,0,0,0,0,0,21706125,22072723,189803938,193365278208,18691634,0,0,0,0,0,0,0,0,0,0,0,0,0,0,0,0,0,0,0,0,0,0,0,0,0,0,0,0,0,0,0,165,0,0,0,0,0,0,0
1787686662.536,0,0,0,0,0,0,0,674255746,339037063680,661829856256,0,0,0,0,0,0,0,0,0,0,0,0,0,0,0,0,0,0,0,0,0,0,0,0,0,0,0,0,0,0,0,0,0,0,0,0,0,0,0,0,0,0,0,0,0,0,0,0,0,0,0,0,0,0,0,0,0,0,0,0,7,6191428,20712719,23061704,0,0,0,0,0,0,0,0,0,0,0,0,0,0,0,0,0,0,0,0,0,0,0,0,0,0,0,0,0,0,0,0,0,0,0,0,0,51496222720,14116208640,3143080,861585,22976199,2264,0,384,3145728,17594209,3111910,147,3086804169,51539607552,0,1064336043,0,0,0,0,0,0,0,0,0,0,0,0,0,0,0,0,0,0,7683197,407253955,0,468,1204,7863,623,15366557,35,0,0,0,0,0,0,0,1,0,0,0,0,0,0,0,0,0,0,21422784,0,22975904,197507,0,0,0,0,0,0,0,0,16384,0,0,0,0,0,0,0,0,0,0,0,4254,115,0,0,0,0,0,23350369,0,72,0,16,115,4254,0,0,0,0,0,0,0,0,0,0,0,0,0,0,0,0,0,0,0,0,0,0,0,0,0,0,0,0,0,0,0,0,0,0,0,0,0,0,0,0,0,0,0,0,0,0,0,0,0,0,0,0,0,0,165013182,0,0,0,865844273,0,0,0,0,0,0,0,21707906,22082100,189808951,193368587264,18693027,0,0,0,0,0,0,0,0,0,0,0,0,0,0,0,0,0,0,0,0,0,0,0,0,0,0,0,0,0,0,0,100,0,0,0,0,0,0,0
1787686663.606,0,0,0,0,0,0,0,674283688,339190958592,661878342144,0,0,0,0,0,0,0,0,0,0,0,0,0,0,0,0,0,0,0,0,0,0,0,0,0,0,0,0,0,0,0,0,0,0,0,0,0,0,0,0,0,0,0,0,0,0,0,0,0,0,0,0,0,0,0,0,0,0,0,0,7,6191497,20722112,23064353,0,0,0,0,0,0,0,0,0,0,0,0,0,0,0,0,0,0,0,0,0,0,0,0,0,0,0,0,0,0,0,0,0,0,0,0,0,51506905088,14123433984,3143732,862026,22978848,1612,0,384,3145728,17603601,3111910,147,3086944759,51539607552,0,1064358324,0,0,0,0,0,0,0,0,0,0,0,0,0,0,0,0,0,0,7683974,407254732,0,468,1204,7863,623,15368111,35,0,0,0,0,0,0,0,1,0,0,0,0,0,0,0,0,0,0,21423762,0,22978553,197531,0,0,0,0,0,0,0,0,16384,0,0,0,0,0,0,0,0,0,0,0,4255,115,0,0,0,0,0,23352740,0,72,0,16,115,4255,0,0,0,0,0,0,0,0,0,0,0,0,0,0,0,0,0,0,0,0,0,0,0,0,0,0,0,0,0,0,0,0,0,0,0,0,0,0,0,0,0,0,0,0,0,0,0,0,0,0,0,0,0,0,165015470,0,0,0,865857462,0,0,0,0,0,0,0,21709720,22091489,189813916,193372424704,18694429,0,0,0,0,0,0,0,0,0,0,0,0,0,0,0,0,0,0,0,0,0,0,0,0,0,0,0,0,0,0,0,280,0,0,0,0,0,0,0
1787686664.676,0,0,0,0,0,0,0,674312020,339344984576,661927121920,0,0,0,0,0,0,0,0,0,0,0,0,0,0,0,0,0,0,0,0,0,0,0,0,0,0,0,0,0,0,0,0,0,0,0,0,0,0,0,0,0,0,0,0,0,0,0,0,0,0,0,0,0,0,0,0,0,0,0,0,7,6191554,20731515,23067022,0,0,0,0,0,0,0,0,0,0,0,0,0,0,0,0,0,0,0,0,0,0,0,0,0,0,0,0,0,0,0,0,0,0,0,0,0,51516751872,14130397184,3144333,862451,22981517,1011,0,384,3145728,17613000,3111910,147,3087087844,51539607552,0,1064381248,0,0,0,0,0,0,0,0,0,0,0,0,0,0,0,0,0,0,7684765,407255523,0,468,1204,7863,623,15369693,35,0,0,0,0,0,0,0,1,0,0,0,0,0,0,0,0,0,0,21424759,0,22981222,197556,0,0,0,0,0,0,0,0,16384,0,0,0,0,0,0,0,0,0,0,0,4256,115,0,0,0,0,0,23355149,0,72,0,16,115,4256,0,0,0,0,0,0,0,0,0,0,0,0,0,0,0,0,0,0,0,0,0,0,0,0,0,0,0,0,0,0,0,0,0,0,0,0,0,0,0,0,0,0,0,0,0,0,0,0,0,0,0,0,0,0,165017785,0,0,0,865871124,0,0,0,0,0,0,0,21711544,22100890,189818924,193376170496,18695823,0,0,0,0,0,0,0,0,0,0,0,0,0,0,0,0,0,0,0,0,0,0,0,0,0,0,0,0,0,0,0,203,0,0,0,0,0,0,0
1787686665.746,0,0,0,0,0,0,0,674340279,339499239936,661976870912,0,0,0,0,0,0,0,0,0,0,0,0,0,0,0,0,0,0,0,0,0,0,0,0,0,0,0,0,0,0,0,0,0,0,0,0,0,0,0,0,0,0,0,0,0,0,0,0,0,0,0,0,0,0,0,0,0,0,0,0,7,6191611,20740930,23069762,0,0,0,0,0,0,0,0,0,0,0,0,0,0,0,0,0,0,0,0,0,0,0,0,0,0,0,0,0,0,0,0,0,0,0,0,0,51527221248,14137327616,3144972,862874,22984257,372,0,384,3145728,17622417,3111910,147,3087230735,51539607552,0,1064404112,0,0,0,0,0,0,0,0,0,0,0,0,0,0,0,0,0,0,7685553,407256311,0,468,1204,7863,623,15371270,35,0,0,0,0,0,0,0,1,0,0,0,0,0,0,0,0,0,0,21425755,0,22983962,197581,0,0,0,0,0,0,0,0,16384,0,0,0,0,0,0,0,0,0,0,0,4257,115,0,0,0,0,0,23357548,0,72,0,16,115,4257,0,0,0,0,0,0,0,0,0,0,0,0,0,0,0,0,0,0,0,0,0,0,0,0,0,0,0,0,0,0,0,0,0,0,0,0,0,0,0,0,0,0,0,0,0,0,0,0,0,0,0,0,0,0,165020164,0,0,0,865884728,0,0,0,0,0,0,0,21713509,22110305,189824068,193379707904,18697396,0,0,0,0,0,0,0,0,0,0,0,0,0,0,0,0,0,0,0,0,0,0,0,0,0,0,0,0,0,0,0,127,0,0,0,0,0,0,0
1787686666.815,0,0,0,0,0,0,0,674368574,339654199808,662024361984,0,0,0,0,0,0,0,0,0,0,0,0,0,0,0,0,0,0,0,0,0,0,0,0,0,0,0,0,0,0,0,0,0,0,0,0,0,0,0,0,0,0,0,0,0,0,0,0,0,0,0,0,0,0,0,0,0,0,0,0,7,6191664,20750391,23072369,0,0,0,0,0,0,0,0,0,0,0,0,0,0,0,0,0,0,0,0,0,0,0,0,0,0,0,0,0,0,0,0,0,0,0,0,0,51532595200,14145110016,3145300,863349,22986864,44,0,384,3145728,17631877,3111910,147,3087373744,51539607552,0,1064427094,0,0,0,0,0,0,0,0,0,0,0,0,0,0,0,0,0,0,7686342,407257100,0,468,1204,7863,623,15372847,35,0,0,0,0,0,0,0,1,0,0,0,0,0,0,0,0,0,0,21426748,0,22986569,197605,0,0,0,0,0,0,0,0,16384,0,0,0,0,0,0,0,0,0,0,0,4259,115,0,0,0,0,0,23359947,0,72,0,16,115,4259,0,0,0,0,0,0,0,0,0,0,0,0,0,0,0,0,0,0,0,0,0,0,0,0,0,0,0,0,0,0,0,0,0,0,0,0,0,0,0,0,0,0,0,0,0,0,0,0,0,0,0,0,0,0,165022417,0,0,0,865898348,0,0,0,0,0,0,0,21715261,22119764,189828950,193383360512,18698760,0,0,0,0,0,0,0,0,0,0,0,0,0,0,0,0,0,0,0,0,0,0,0,0,0,0,0,0,0,0,0,47,0,0,0,0,0,0,0
1787686667.884,0,0,0,0,0,0,0,674396137,339804228096,662104146432,0,0,0,0,0,0,0,0,0,0,0,0,0,0,0,0,0,0,0,0,0,0,0,0,0,0,0,0,0,0,0,0,0,0,0,0,0,0,0,0,0,0,0,0,0,0,0,0,0,0,0,0,0,0,0,0,0,0,0,0,7,6191721,20759546,23076442,0,0,0,0,0,0,0,0,0,0,0,0,0,0,0,0,0,0,0,0,0,0,0,0,0,0,0,0,0,0,0,0,0,0,0,0,0,51400458240,14128267264,3137235,862321,22989531,8109,0,384,3145728,17641030,3111910,147,3087512188,51539607552,0,1064449076,0,0,0,0,0,0,0,0,0,0,0,0,0,0,0,0,0,0,7687110,407257868,0,468,1204,7863,623,15374383,35,0,0,0,0,0,0,0,1,0,0,0,0,0,0,0,0,0,0,21427713,0,22990507,197646,0,0,0,0,0,0,0,0,16384,0,0,0,0,0,0,0,0,0,0,0,4260,115,0,0,0,0,0,23362272,0,72,0,16,115,4260,0,0,0,0,0,0,0,0,0,0,0,0,0,0,0,0,0,0,0,0,0,0,0,0,0,0,0,0,0,0,0,0,0,0,0,0,0,0,0,0,0,0,0,0,0,0,0,0,0,0,0,0,0,0,165024675,0,0,0,865911386,0,0,0,0,0,0,0,21717183,22128918,189835827,193387052032,18700095,0,0,0,0,0,0,0,0,0,0,0,0,0,0,0,0,0,0,0,0,0,0,0,0,0,0,0,0,0,0,0,210,0,0,0,0,0,0,0
1787686668.954,0,0,0,0,0,0,0,674423821,339956632064,662165550592,0,0,0,0,0,0,0,0,0,0,0,0,0,0,0,0,0,0,0,0,0,0,0,0,0,0,0,0,0,0,0,0,0,0,0,0,0,0,0,0,0,0,0,0,0,0,0,0,0,0,0,0,0,0,0,0,0,0,0,0,7,6191781,20768855,23080428,0,0,0,0,0,0,0,0,0,0,0,0,0,0,0,0,0,0,0,0,0,0,0,0,0,0,0,0,0,0,0,0,0,0,0,0,0,51408846848,14112342016,3137747,861349,22994923,7597,0,384,3145728,17650338,3111910,147,3087651985,51539607552,0,1064471113,0,0,0,0,0,0,0,0,0,0,0,0,0,0,0,0,0,0,7687883,407258641,0,468,1204,7863,623,15375932,35,0,0,0,0,0,0,0,1,0,0,0,0,0,0,0,0,0,0,21428691,0,22994628,197679,0,0,0,0,0,0,0,0,16384,0,0,0,0,0,0,0,0,0,0,0,4261,115,0,0,0,0,0,23364625,0,72,0,16,115,4261,0,0,0,0,0,0,0,0,0,0,0,0,0,0,0,0,0,0,0,0,0,0,0,0,0,0,0,0,0,0,0,0,0,0,0,0,0,0,0,0,0,0,0,0,0,0,0,0,0,0,0,0,0,0,165026972,0,0,0,865924700,0,0,0,0,0,0,0,21719168,22138223,189841633,193390311424,18701469,0,0,0,0,0,0,0,0,0,0,0,0,0,0,0,0,0,0,0,0,0,0,0,0,0,0,0,0,0,0,0,136,0,0,0,0,0,0,0
1787686670.025,0,0,0,0,0,0,0,674451960,340111182336,662215046656,0,0,0,0,0,0,0,0,0,0,0,0,0,0,0,0,0,0,0,0,0,0,0,0,0,0,0,0,0,0,0,0,0,0,0,0,0,0,0,0,0,0,0,0,0,0,0,0,0,0,0,0,0,0,0,0,0,0,0,0,7,6191848,20778288,23083149,0,0,0,0,0,0,0,0,0,0,0,0,0,0,0,0,0,0,0,0,0,0,0,0,0,0,0,0,0,0,0,0,0,0,0,0,0,51419152384,14118273024,3138375,861711,22997644,6968,0,385,3145728,17659767,3111910,147,3087794232,51539607552,0,1064493823,0,0,0,0,0,0,0,0,0,0,0,0,0,0,0,0,0,0,7688669,407259427,0,468,1204,7863,623,15377501,35,0,0,0,0,0,0,0,1,0,0,0,0,0,0,0,0,0,0,21429685,0,22997349,197704,0,0,0,0,0,0,0,0,16384,0,0,0,0,0,0,0,0,0,0,0,4262,115,0,0,0,0,0,23367014,0,72,0,16,115,4262,0,0,0,0,0,0,0,0,0,0,0,0,0,0,0,0,0,0,0,0,0,0,0,0,0,0,0,0,0,0,0,0,0,0,0,0,0,0,0,0,0,0,0,0,0,0,0,0,0,0,0,0,0,0,165029360,0,0,0,865938248,0,0,0,0,0,0,0,21720982,22147653,189846767,193394113024,18702901,0,0,0,0,0,0,0,0,0,0,0,0,0,0,0,0,0,0,0,0,0,0,0,0,0,0,0,0,0,0,0,92,0,0,0,0,0,0,0
1787686671.094,0,0,0,0,0,0,0,674480185,340264274432,662263789568,0,0,0,0,0,0,0,0,0,0,0,0,0,0,0,0,0,0,0,0,0,0,0,0,0,0,0,0,0,0,0,0,0,0,0,0,0,0,0,0,0,0,0,0,0,0,0,0,0,0,0,0,0,0,0,0,0,0,0,0,7,6191897,20787636,23085840,0,0,0,0,0,0,0,0,0,0,0,0,0,0,0,0,0,0,0,0,0,0,0,0,0,0,0,0,0,0,0,0,0,0,0,0,0,51429916672,14124466176,3139033,862089,23000335,6311,0,384,3145728,17669112,3111910,147,3087936652,51539607552,0,1064516448,0,0,0,0,0,0,0,0,0,0,0,0,0,0,0,0,0,0,7689456,407260214,0,468,1204,7863,623,15379075,35,0,0,0,0,0,0,0,1,0,0,0,0,0,0,0,0,0,0,21430679,0,23000040,197728,0,0,0,0,0,0,0,0,16384,0,0,0,0,0,0,0,0,0,0,0,4263,115,0,0,0,0,0,23369403,0,72,0,16,115,4263,0,0,0,0,0,0,0,0,0,0,0,0,0,0,0,0,0,0,0,0,0,0,0,0,0,0,0,0,0,0,0,0,0,0,0,0,0,0,0,0,0,0,0,0,0,0,0,0,0,0,0,0,0,0,165031702,0,0,0,865951831,0,0,0,0,0,0,0,21722767,22156999,189851823,193397559808,18704306,0,0,0,0,0,0,0,0,0,0,0,0,0,0,0,0,0,0,0,0,0,0,0,0,0,0,0,0,0,0,0,16,0,0,0,0,0,0,0
1787686672.164,0,0,0,0,0,0,0,674508214,340417661440,662312687616,0,0,0,0,0,0,0,0,0,0,0,0,0,0,0,0,0,0,0,0,0,0,0,0,0,0,0,0,0,0,0,0,0,0,0,0,0,0,0,0,0,0,0,0,0,0,0,0,0,0,0,0,0,0,0,0,0,0,0,0,7,6191952,20797001,23088545,0,0,0,0,0,0,0,0,0,0,0,0,0,0,0,0,0,0,0,0,0,0,0,0,0,0,0,0,0,0,0,0,0,0,0,0,0,51439828992,14130462720,3139638,862455,23003040,5706,0,384,3145728,17678473,3111910,147,3088077063,51539607552,0,1064538245,0,0,0,0,0,0,0,0,0,0,0,0,0,0,0,0,0,0,7690239,407260997,0,468,1204,7863,623,15380641,35,0,0,0,0,0,0,0,1,0,0,0,0,0,0,0,0,0,0,21431662,0,23002745,197752,0,0,0,0,0,0,0,0,16384,0,0,0,0,0,0,0,0,0,0,0,4264,115,0,0,0,0,0,23371788,0,72,0,16,115,4264,0,0,0,0,0,0,0,0,0,0,0,0,0,0,0,0,0,0,0,0,0,0,0,0,0,0,0,0,0,0,0,0,0,0,0,0,0,0,0,0,0,0,0,0,0,0,0,0,0,0,0,0,0,0,165034000,0,0,0,865965062,0,0,0,0,0,0,0,21724549,22166360,189856849,193401042944,18705709,0,0,0,0,0,0,0,0,0,0,0,0,0,0,0,0,0,0,0,0,0,0,0,0,0,0,0,0,0,0,0,212,0,0,0,0,0,0,0
1787686673.234,0,0,0,0,0,0,0,674536512,340573145600,662362108416,0,0,0,0,0,0,0,0,0,0,0,0,0,0,0,0,0,0,0,0,0,0,0,0,0,0,0,0,0,0,0,0,0,0,0,0,0,0,0,0,0,0,0,0,0,0,0,0,0,0,0,0,0,0,0,0,0,0,0,0,7,6191999,20806491,23091297,0,0,0,0,0,0,0,0,0,0,0,0,0,0,0,0,0,0,0,0,0,0,0,0,0,0,0,0,0,0,0,0,0,0,0,0,0,51451297792,14136885248,3140338,862847,23005792,5006,0,384,3145728,17687962,3111910,147,3088219876,51539607552,0,1064560860,0,0,0,0,0,0,0,0,0,0,0,0,0,0,0,0,0,0,7691030,407261788,0,468,1204,7863,623,15382223,35,0,0,0,0,0,0,0,1,0,0,0,0,0,0,0,0,0,0,21432661,0,23005497,197778,0,0,0,0,0,0,0,0,16384,0,0,0,0,0,0,0,0,0,0,0,4265,115,0,0,0,0,0,23374193,0,72,0,16,115,4265,0,0,0,0,0,0,0,0,0,0,0,0,0,0,0,0,0,0,0,0,0,0,0,0,0,0,0,0,0,0,0,0,0,0,0,0,0,0,0,0,0,0,0,0,0,0,0,0,0,0,0,0,0,0,165036308,0,0,0,865978688,0,0,0,0,0,0,0,21726401,22175848,189861934,193404142592,18707131,0,0,0,0,0,0,0,0,0,0,0,0,0,0,0,0,0,0,0,0,0,0,0,0,0,0,0,0,0,0,0,117,0,0,0,0,0,0,0
1787686674.312,0,0,0,0,0,0,0,674564496,340729498112,662410846208,0,0,0,0,0,0,0,0,0,0,0,0,0,0,0,0,0,0,0,0,0,0,0,0,0,0,0,0,0,0,0,0,0,0,0,0,0,0,0,0,0,0,0,0,0,0,0,0,0,0,0,0,0,0,0,0,0,0,0,0,7,6192054,20816035,23093974,0,0,0,0,0,0,0,0,0,0,0,0,0,0,0,0,0,0,0,0,0,0,0,0,0,0,0,0,0,0,0,0,0,0,0,0,0,51462766592,14143586304,3141038,863256,23008469,4306,0,384,3145728,17697504,3111910,147,3088361331,51539607552,0,1064583223,0,0,0,0,0,0,0,0,0,0,0,0,0,0,0,0,0,0,7691811,407262569,0,468,1204,7863,623,15383785,35,0,0,0,0,0,0,0,1,0,0,0,0,0,0,0,0,0,0,21433651,0,23008174,197802,0,0,0,0,0,0,0,0,16384,0,0,0,0,0,0,0,0,0,0,0,4266,115,0,0,0,0,0,23376569,0,72,0,16,115,4266,0,0,0,0,0,0,0,0,0,0,0,0,0,0,0,0,0,0,0,0,0,0,0,0,0,0,0,0,0,0,0,0,0,0,0,0,0,0,0,0,0,0,0,0,0,0,0,0,0,0,0,0,0,0,165038626,0,0,0,865992155,0,0,0,0,0,0,0,21728187,22185391,189866951,193407791616,18708527,0,0,0,0,0,0,0,0,0,0,0,0,0,0,0,0,0,0,0,0,0,0,0,0,0,0,0,0,0,0,0,69,0,0,0,0,0,0,0
1787686675.382,0,0,0,0,0,0,0,674592775,340883982848,662459270144,0,0,0,0,0,0,0,0,0,0,0,0,0,0,0,0,0,0,0,0,0,0,0,0,0,0,0,0,0,0,0,0,0,0,0,0,0,0,0,0,0,0,0,0,0,0,0,0,0,0,0,0,0,0,0,0,0,0,0,0,7,6192111,20825466,23096630,0,0,0,0,0,0,0,0,0,0,0,0,0,0,0,0,0,0,0,0,0,0,0,0,0,0,0,0,0,0,0,0,0,0,0,0,0,51473088512,14150090752,3141668,863653,23011125,3676,0,384,3145728,17706935,3111910,147,3088504161,51539607552,0,1064606112,0,0,0,0,0,0,0,0,0,0,0,0,0,0,0,0,0,0,7692598,407263356,0,468,1204,7863,623,15385359,35,0,0,0,0,0,0,0,1,0,0,0,0,0,0,0,0,0,0,21434649,0,23010830,197826,0,0,0,0,0,0,0,0,16384,0,0,0,0,0,0,0,0,0,0,0,4267,115,0,0,0,0,0,23378956,0,72,0,16,115,4267,0,0,0,0,0,0,0,0,0,0,0,0,0,0,0,0,0,0,0,0,0,0,0,0,0,0,0,0,0,0,0,0,0,0,0,0,0,0,0,0,0,0,0,0,0,0,0,0,0,0,0,0,0,0,165040861,0,0,0,866005734,0,0,0,0,0,0,0,21729951,22194820,189871865,193411479552,18709904,0,0,0,0,0,0,0,0,0,0,0,0,0,0,0,0,0,0,0,0,0,0,0,0,0,0,0,0,0,0,0,21,0,0,0,0,0,0,0
1787686676.455,0,0,0,0,0,0,0,674621045,341036878336,662508855296,0,0,0,0,0,0,0,0,0,0,0,0,0,0,0,0,0,0,0,0,0,0,0,0,0,0,0,0,0,0,0,0,0,0,0,0,0,0,0,0,0,0,0,0,0,0,0,0,0,0,0,0,0,0,0,0,0,0,0,0,7,6192167,20834800,23099365,0,0,0,0,0,0,0,0,0,0,0,0,0,0,0,0,0,0,0,0,0,0,0,0,0,0,0,0,0,0,0,0,0,0,0,0,0,51482132480,14156005376,3142220,864014,23013860,3124,0,384,3145728,17716268,3111910,147,3088645788,51539607552,0,1064628244,0,0,0,0,0,0,0,0,0,0,0,0,0,0,0,0,0,0,7693389,407264147,0,468,1204,7863,623,15386941,35,0,0,0,0,0,0,0,1,0,0,0,0,0,0,0,0,0,0,21435648,0,23013565,197850,0,0,0,0,0,0,0,0,16384,0,0,0,0,0,0,0,0,0,0,0,4268,115,0,0,0,0,0,23381351,0,72,0,16,115,4268,0,0,0,0,0,0,0,0,0,0,0,0,0,0,0,0,0,0,0,0,0,0,0,0,0,0,0,0,0,0,0,0,0,0,0,0,0,0,0,0,0,0,0,0,0,0,0,0,0,0,0,0,0,0,165043193,0,0,0,866019042,0,0,0,0,0,0,0,21731814,22204154,189876955,193415096320,18711338,0,0,0,0,0,0,0,0,0,0,0,0,0,0,0,0,0,0,0,0,0,0,0,0,0,0,0,0,0,0,0,273,0,0,0,0,0,0,0
1787686677.529,0,0,0,0,0,0,0,674649290,341190560256,662557413376,0,0,0,0,0,0,0,0,0,0,0,0,0,0,0,0,0,0,0,0,0,0,0,0,0,0,0,0,0,0,0,0,0,0,0,0,0,0,0,0,0,0,0,0,0,0,0,0,0,0,0,0,0,0,0,0,0,0,0,0,7,6192224,20844182,23102053,0,0,0,0,0,0,0,0,0,0,0,0,0,0,0,0,0,0,0,0,0,0,0,0,0,0,0,0,0,0,0,0,0,0,0,0,0,51495256064,14161723392,3143021,864363,23016548,2323,0,384,3145728,17725650,3111910,147,3088788432,51539607552,0,1064650994,0,0,0,0,0,0,0,0,0,0,0,0,0,0,0,0,0,0,7694176,407264934,0,468,1204,7863,623,15388516,35,0,0,0,0,0,0,0,1,0,0,0,0,0,0,0,0,0,0,21436634,0,23016253,197874,0,0,0,0,0,0,0,0,16384,0,0,0,0,0,0,0,0,0,0,0,4269,115,0,0,0,0,0,23383740,0,72,0,16,115,4269,0,0,0,0,0,0,0,0,0,0,0,0,0,0,0,0,0,0,0,0,0,0,0,0,0,0,0,0,0,0,0,0,0,0,0,0,0,0,0,0,0,0,0,0,0,0,0,0,0,0,0,0,0,0,165045529,0,0,0,866032675,0,0,0,0,0,0,0,21733640,22213532,189882002,193418639360,18712818,0,0,0,0,0,0,0,0,0,0,0,0,0,0,0,0,0,0,0,0,0,0,0,0,0,0,0,0,0,0,0,150,0,0,0,0,0,0,0
1787686678.598,0,0,0,0,0,0,0,674677286,341346044416,662606715904,0,0,0,0,0,0,0,0,0,0,0,0,0,0,0,0,0,0,0,0,0,0,0,0,0,0,0,0,0,0,0,0,0,0,0,0,0,0,0,0,0,0,0,0,0,0,0,0,0,0,0,0,0,0,0,0,0,0,0,0,7,6192274,20853673,23104778,0,0,0,0,0,0,0,0,0,0,0,0,0,0,0,0,0,0,0,0,0,0,0,0,0,0,0,0,0,0,0,0,0,0,0,0,0,51506003968,14167949312,3143677,864743,23019273,1667,0,384,3145728,17735139,3111910,147,3088929712,51539607552,0,1064673426,0,0,0,0,0,0,0,0,0,0,0,0,0,0,0,0,0,0,7694958,407265716,0,468,1204,7863,623,15390079,35,0,0,0,0,0,0,0,1,0,0,0,0,0,0,0,0,0,0,21437621,0,23018978,197899,0,0,0,0,0,0,0,0,16384,0,0,0,0,0,0,0,0,0,0,0,4270,115,0,0,0,0,0,23386119,0,72,0,16,115,4270,0,0,0,0,0,0,0,0,0,0,0,0,0,0,0,0,0,0,0,0,0,0,0,0,0,0,0,0,0,0,0,0,0,0,0,0,0,0,0,0,0,0,0,0,0,0,0,0,0,0,0,0,0,0,165047854,0,0,0,866046145,0,0,0,0,0,0,0,21735466,22223021,189887072,193422123520,18714208,0,0,0,0,0,0,0,0,0,0,0,0,0,0,0,0,0,0,0,0,0,0,0,0,0,0,0,0,0,0,0,90,0,0,0,0,0,0,0
1787686679.668,0,0,0,0,0,0,0,674705410,341497825792,662655556608,0,0,0,0,0,0,0,0,0,0,0,0,0,0,0,0,0,0,0,0,0,0,0,0,0,0,0,0,0,0,0,0,0,0,0,0,0,0,0,0,0,0,0,0,0,0,0,0,0,0,0,0,0,0,0,0,0,0,0,0,7,6192333,20862940,23107461,0,0,0,0,0,0,0,0,0,0,0,0,0,0,0,0,0,0,0,0,0,0,0,0,0,0,0,0,0,0,0,0,0,0,0,0,0,51514621952,14173913088,3144203,865107,23021956,1140,0,384,3145728,17744404,3111910,147,3089070492,51539607552,0,1064695496,0,0,0,0,0,0,0,0,0,0,0,0,0,0,0,0,0,0,7695742,407266500,0,468,1204,7863,623,15391651,35,0,0,0,0,0,0,0,1,0,0,0,0,0,0,0,0,0,0,21438610,0,23021661,197924,0,0,0,0,0,0,0,0,16384,0,0,0,0,0,0,0,0,0,0,0,4271,115,0,0,0,0,0,23388508,0,72,0,16,115,4271,0,0,0,0,0,0,0,0,0,0,0,0,0,0,0,0,0,0,0,0,0,0,0,0,0,0,0,0,0,0,0,0,0,0,0,0,0,0,0,0,0,0,0,0,0,0,0,0,0,0,0,0,0,0,165050260,0,0,0,866059403,0,0,0,0,0,0,0,21737429,22232286,189892186,193425638400,18715757,0,0,0,0,0,0,0,0,0,0,0,0,0,0,0,0,0,0,0,0,0,0,0,0,0,0,0,0,0,0,0,294,0,0,0,0,0,0,0
1787686680.738,0,0,0,0,0,0,0,674733688,341651393024,662705128448,0,0,0,0,0,0,0,0,0,0,0,0,0,0,0,0,0,0,0,0,0,0,0,0,0,0,0,0,0,0,0,0,0,0,0,0,0,0,0,0,0,0,0,0,0,0,0,0,0,0,0,0,0,0,0,0,0,0,0,0,7,6192396,20872319,23110196,0,0,0,0,0,0,0,0,0,0,0,0,0,0,0,0,0,0,0,0,0,0,0,0,0,0,0,0,0,0,0,0,0,0,0,0,0,51525550080,14180155392,3144870,865488,23024691,474,0,384,3145728,17753781,3111910,147,3089213331,51539607552,0,1064718510,0,0,0,0,0,0,0,0,0,0,0,0,0,0,0,0,0,0,7696529,407267287,0,468,1204,7863,623,15393223,35,0,0,0,0,0,0,0,1,0,0,0,0,0,0,0,0,0,0,21439604,0,23024396,197948,0,0,0,0,0,0,0,0,16384,0,0,0,0,0,0,0,0,0,0,0,4272,115,0,0,0,0,0,23390906,0,72,0,16,115,4272,0,0,0,0,0,0,0,0,0,0,0,0,0,0,0,0,0,0,0,0,0,0,0,0,0,0,0,0,0,0,0,0,0,0,0,0,0,0,0,0,0,0,0,0,0,0,0,0,0,0,0,0,0,0,165052592,0,0,0,866072978,0,0,0,0,0,0,0,21739377,22241664,189897275,193429211136,18717297,0,0,0,0,0,0,0,0,0,0,0,0,0,0,0,0,0,0,0,0,0,0,0,0,0,0,0,0,0,0,0,220,0,0,0,0,0,0,0
1787686681.809,0,0,0,0,0,0,0,674761644,341805140480,662754172416,0,0,0,0,0,0,0,0,0,0,0,0,0,0,0,0,0,0,0,0,0,0,0,0,0,0,0,0,0,0,0,0,0,0,0,0,0,0,0,0,0,0,0,0,0,0,0,0,0,0,0,0,0,0,0,0,0,0,0,0,7,6192445,20881703,23112900,0,0,0,0,0,0,0,0,0,0,0,0,0,0,0,0,0,0,0,0,0,0,0,0,0,0,0,0,0,0,0,0,0,0,0,0,0,51532988416,14186070016,3145324,865849,23027395,20,0,384,3145728,17763163,3111910,147,3089354730,51539607552,0,1064741157,0,0,0,0,0,0,0,0,0,0,0,0,0,0,0,0,0,0,7697308,407268066,0,468,1204,7863,623,15394779,35,0,0,0,0,0,0,0,1,0,0,0,0,0,0,0,0,0,0,21440590,0,23027100,197972,0,0,0,0,0,0,0,0,16384,0,0,0,0,0,0,0,0,0,0,0,4274,115,0,0,0,0,0,23393275,0,72,0,16,115,4274,0,0,0,0,0,0,0,0,0,0,0,0,0,0,0,0,0,0,0,0,0,0,0,0,0,0,0,0,0,0,0,0,0,0,0,0,0,0,0,0,0,0,0,0,0,0,0,0,0,0,0,0,0,0,165054868,0,0,0,866086448,0,0,0,0,0,0,0,21741181,22251046,189902277,193432802816,18718724,0,0,0,0,0,0,0,0,0,0,0,0,0,0,0,0,0,0,0,0,0,0,0,0,0,0,0,0,0,0,0,121,0,0,0,0,0,0,0
1787686682.878,0,0,0,0,0,0,0,674789502,341955463680,662833852928,0,0,0,0,0,0,0,0,0,0,0,0,0,0,0,0,0,0,0,0,0,0,0,0,0,0,0,0,0,0,0,0,0,0,0,0,0,0,0,0,0,0,0,0,0,0,0,0,0,0,0,0,0,0,0,0,0,0,0,0,7,6192495,20890878,23117081,0,0,0,0,0,0,0,0,0,0,0,0,0,0,0,0,0,0,0,0,0,0,0,0,0,0,0,0,0,0,0,0,0,0,0,0,0,51400327168,14169047040,3137227,864810,23030132,8117,0,384,3145728,17772332,3111910,147,3089495426,51539607552,0,1064763860,0,0,0,0,0,0,0,0,0,0,0,0,0,0,0,0,0,0,7698085,407268843,0,468,1204,7863,623,15396333,35,0,0,0,0,0,0,0,1,0,0,0,0,0,0,0,0,0,0,21441574,0,23030932,198012,0,0,0,0,0,0,0,0,16384,0,0,0,0,0,0,0,0,0,0,0,4275,115,0,0,0,0,0,23395634,0,72,0,16,115,4275,0,0,0,0,0,0,0,0,0,0,0,0,0,0,0,0,0,0,0,0,0,0,0,0,0,0,0,0,0,0,0,0,0,0,0,0,0,0,0,0,0,0,0,0,0,0,0,0,0,0,0,0,0,0,165057164,0,0,0,866099843,0,0,0,0,0,0,0,21743046,22260219,189909204,193436323328,18720091,0,0,0,0,0,0,0,0,0,0,0,0,0,0,0,0,0,0,0,0,0,0,0,0,0,0,0,0,0,0,0,63,0,0,0,0,0,0,0
1787686683.954,0,0,0,0,0,0,0,674817579,342107097600,662897156096,0,0,0,0,0,0,0,0,0,0,0,0,0,0,0,0,0,0,0,0,0,0,0,0,0,0,0,0,0,0,0,0,0,0,0,0,0,0,0,0,0,0,0,0,0,0,0,0,0,0,0,0,0,0,0,0,0,0,0,0,7,6192548,20900136,23121081,0,0,0,0,0,0,0,0,0,0,0,0,0,0,0,0,0,0,0,0,0,0,0,0,0,0,0,0,0,0,0,0,0,0,0,0,0,51408896000,14152794112,3137750,863818,23035576,7594,0,385,3145728,17781588,3111910,147,3089636265,51539607552,0,1064785832,0,0,0,0,0,0,0,0,0,0,0,0,0,0,0,0,0,0,7698868,407269626,0,468,1204,7863,623,15397901,35,0,0,0,0,0,0,0,1,0,0,0,0,0,0,0,0,0,0,21442561,0,23035281,198044,0,0,0,0,0,0,0,0,16384,0,0,0,0,0,0,0,0,0,0,0,4276,115,0,0,0,0,0,23398018,0,72,0,16,115,4276,0,0,0,0,0,0,0,0,0,0,0,0,0,0,0,0,0,0,0,0,0,0,0,0,0,0,0,0,0,0,0,0,0,0,0,0,0,0,0,0,0,0,0,0,0,0,0,0,0,0,0,0,0,0,165059460,0,0,0,866113097,0,0,0,0,0,0,0,21745005,22269472,189915112,193439852032,18721448,0,0,0,0,0,0,0,0,0,0,0,0,0,0,0,0,0,0,0,0,0,0,0,0,0,0,0,0,0,0,0,252,0,0,0,0,0,0,0
1787686685.024,0,0,0,0,0,0,0,674845608,342262221312,662945929216,0,0,0,0,0,0,0,0,0,0,0,0,0,0,0,0,0,0,0,0,0,0,0,0,0,0,0,0,0,0,0,0,0,0,0,0,0,0,0,0,0,0,0,0,0,0,0,0,0,0,0,0,0,0,0,0,0,0,0,0,7,6192597,20909608,23123785,0,0,0,0,0,0,0,0,0,0,0,0,0,0,0,0,0,0,0,0,0,0,0,0,0,0,0,0,0,0,0,0,0,0,0,0,0,51419217920,14158905344,3138380,864191,23038280,6964,0,384,3145728,17791060,3111910,147,3089777505,51539607552,0,1064807896,0,0,0,0,0,0,0,0,0,0,0,0,0,0,0,0,0,0,7699653,407270411,0,468,1204,7863,623,15399469,35,0,0,0,0,0,0,0,1,0,0,0,0,0,0,0,0,0,0,21443553,0,23037985,198069,0,0,0,0,0,0,0,0,16384,0,0,0,0,0,0,0,0,0,0,0,4277,115,0,0,0,0,0,23400397,0,72,0,16,115,4277,0,0,0,0,0,0,0,0,0,0,0,0,0,0,0,0,0,0,0,0,0,0,0,0,0,0,0,0,0,0,0,0,0,0,0,0,0,0,0,0,0,0,0,0,0,0,0,0,0,0,0,0,0,0,165061752,0,0,0,866126632,0,0,0,0,0,0,0,21746791,22278943,189920130,193443219968,18722848,0,0,0,0,0,0,0,0,0,0,0,0,0,0,0,0,0,0,0,0,0,0,0,0,0,0,0,0,0,0,0,172,0,0,0,0,0,0,0
1787686686.093,0,0,0,0,0,0,0,674873750,342416951808,662994677248,0,0,0,0,0,0,0,0,0,0,0,0,0,0,0,0,0,0,0,0,0,0,0,0,0,0,0,0,0,0,0,0,0,0,0,0,0,0,0,0,0,0,0,0,0,0,0,0,0,0,0,0,0,0,0,0,0,0,0,0,7,6192651,20919055,23126479,0,0,0,0,0,0,0,0,0,0,0,0,0,0,0,0,0,0,0,0,0,0,0,0,0,0,0,0,0,0,0,0,0,0,0,0,0,51429900288,14164705280,3139032,864545,23040974,6312,0,384,3145728,17800506,3111910,147,3089919778,51539607552,0,1064830451,0,0,0,0,0,0,0,0,0,0,0,0,0,0,0,0,0,0,7700440,407271198,0,468,1204,7863,623,15401045,35,0,0,0,0,0,0,0,1,0,0,0,0,0,0,0,0,0,0,21444545,0,23040679,198093,0,0,0,0,0,0,0,0,16384,0,0,0,0,0,0,0,0,0,0,0,4278,115,0,0,0,0,0,23402797,0,72,0,16,115,4278,0,0,0,0,0,0,0,0,0,0,0,0,0,0,0,0,0,0,0,0,0,0,0,0,0,0,0,0,0,0,0,0,0,0,0,0,0,0,0,0,0,0,0,0,0,0,0,0,0,0,0,0,0,0,165064068,0,0,0,866140189,0,0,0,0,0,0,0,21748521,22288390,189925161,193446663680,18724238,0,0,0,0,0,0,0,0,0,0,0,0,0,0,0,0,0,0,0,0,0,0,0,0,0,0,0,0,0,0,0,112,0,0,0,0,0,0,0
1787686687.164,0,0,0,0,0,0,0,674901864,342569634304,663043875840,0,0,0,0,0,0,0,0,0,0,0,0,0,0,0,0,0,0,0,0,0,0,0,0,0,0,0,0,0,0,0,0,0,0,0,0,0,0,0,0,0,0,0,0,0,0,0,0,0,0,0,0,0,0,0,0,0,0,0,0,7,6192695,20928377,23129199,0,0,0,0,0,0,0,0,0,0,0,0,0,0,0,0,0,0,0,0,0,0,0,0,0,0,0,0,0,0,0,0,0,0,0,0,0,51439304704,14170275840,3139606,864885,23043694,5738,0,384,3145728,17809825,3111910,147,3090060496,51539607552,0,1064852255,0,0,0,0,0,0,0,0,0,0,0,0,0,0,0,0,0,0,7701225,407271983,0,468,1204,7863,623,15402613,35,0,0,0,0,0,0,0,1,0,0,0,0,0,0,0,0,0,0,21445527,0,23043399,198117,0,0,0,0,0,0,0,0,16384,0,0,0,0,0,0,0,0,0,0,0,4279,115,0,0,0,0,0,23405175,0,72,0,16,115,4279,0,0,0,0,0,0,0,0,0,0,0,0,0,0,0,0,0,0,0,0,0,0,0,0,0,0,0,0,0,0,0,0,0,0,0,0,0,0,0,0,0,0,0,0,0,0,0,0,0,0,0,0,0,0,165066432,0,0,0,866153409,0,0,0,0,0,0,0,21750387,22297708,189930265,193450063872,18725692,0,0,0,0,0,0,0,0,0,0,0,0,0,0,0,0,0,0,0,0,0,0,0,0,0,0,0,0,0,0,0,333,0,0,0,0,0,0,0
1787686688.235,0,0,0,0,0,0,0,674929899,342723643904,663091772928,0,0,0,0,0,0,0,0,0,0,0,0,0,0,0,0,0,0,0,0,0,0,0,0,0,0,0,0,0,0,0,0,0,0,0,0,0,0,0,0,0,0,0,0,0,0,0,0,0,0,0,0,0,0,0,0,0,0,0,0,7,6192760,20937775,23131833,0,0,0,0,0,0,0,0,0,0,0,0,0,0,0,0,0,0,0,0,0,0,0,0,0,0,0,0,0,0,0,0,0,0,0,0,0,51452461056,14177157120,3140408,865305,23046328,4935,0,384,3145728,17819222,3111910,147,3090202068,51539607552,0,1064874780,0,0,0,0,0,0,0,0,0,0,0,0,0,0,0,0,0,0,7702007,407272765,0,468,1204,7863,623,15404177,35,0,0,0,0,0,0,0,1,0,0,0,0,0,0,0,0,0,0,21446514,0,23046033,198141,0,0,0,0,0,0,0,0,16384,0,0,0,0,0,0,0,0,0,0,0,4280,115,0,0,0,0,0,23407558,0,72,0,16,115,4280,0,0,0,0,0,0,0,0,0,0,0,0,0,0,0,0,0,0,0,0,0,0,0,0,0,0,0,0,0,0,0,0,0,0,0,0,0,0,0,0,0,0,0,0,0,0,0,0,0,0,0,0,0,0,165068756,0,0,0,866166941,0,0,0,0,0,0,0,21752205,22307108,189935245,193453545472,18727118,0,0,0,0,0,0,0,0,0,0,0,0,0,0,0,0,0,0,0,0,0,0,0,0,0,0,0,0,0,0,0,216,0,0,0,0,0,0,0
1787686689.313,0,0,0,0,0,0,0,674957861,342877063680,663141440000,0,0,0,0,0,0,0,0,0,0,0,0,0,0,0,0,0,0,0,0,0,0,0,0,0,0,0,0,0,0,0,0,0,0,0,0,0,0,0,0,0,0,0,0,0,0,0,0,0,0,0,0,0,0,0,0,0,0,0,0,7,6192827,20947145,23134566,0,0,0,0,0,0,0,0,0,0,0,0,0,0,0,0,0,0,0,0,0,0,0,0,0,0,0,0,0,0,0,0,0,0,0,0,0,51463258112,14183432192,3141068,865688,23049061,4276,0,384,3145728,17828590,3111910,147,3090343641,51539607552,0,1064897573,0,0,0,0,0,0,0,0,0,0,0,0,0,0,0,0,0,0,7702784,407273542,0,468,1204,7863,623,15405733,35,0,0,0,0,0,0,0,1,0,0,0,0,0,0,0,0,0,0,21447497,0,23048766,198165,0,0,0,0,0,0,0,0,16384,0,0,0,0,0,0,0,0,0,0,0,4281,115,0,0,0,0,0,23409934,0,72,0,16,115,4281,0,0,0,0,0,0,0,0,0,0,0,0,0,0,0,0,0,0,0,0,0,0,0,0,0,0,0,0,0,0,0,0,0,0,0,0,0,0,0,0,0,0,0,0,0,0,0,0,0,0,0,0,0,0,165071174,0,0,0,866180384,0,0,0,0,0,0,0,21754066,22316472,189940419,193457261568,18728645,0,0,0,0,0,0,0,0,0,0,0,0,0,0,0,0,0,0,0,0,0,0,0,0,0,0,0,0,0,0,0,138,0,0,0,0,0,0,0
1787686690.384,0,0,0,0,0,0,0,674986169,343029713408,663192014336,0,0,0,0,0,0,0,0,0,0,0,0,0,0,0,0,0,0,0,0,0,0,0,0,0,0,0,0,0,0,0,0,0,0,0,0,0,0,0,0,0,0,0,0,0,0,0,0,0,0,0,0,0,0,0,0,0,0,0,0,7,6192885,20956464,23137339,0,0,0,0,0,0,0,0,0,0,0,0,0,0,0,0,0,0,0,0,0,0,0,0,0,0,0,0,0,0,0,0,0,0,0,0,0,51472809984,14188576768,3141651,866002,23051834,3693,0,384,3145728,17837908,3111910,147,3090486603,51539607552,0,1064920646,0,0,0,0,0,0,0,0,0,0,0,0,0,0,0,0,0,0,7703576,407274334,0,468,1204,7863,623,15407315,35,0,0,0,0,0,0,0,1,0,0,0,0,0,0,0,0,0,0,21448496,0,23051539,198191,0,0,0,0,0,0,0,0,16384,0,0,0,0,0,0,0,0,0,0,0,4282,115,0,0,0,0,0,23412339,0,72,0,16,115,4282,0,0,0,0,0,0,0,0,0,0,0,0,0,0,0,0,0,0,0,0,0,0,0,0,0,0,0,0,0,0,0,0,0,0,0,0,0,0,0,0,0,0,0,0,0,0,0,0,0,0,0,0,0,0,165073566,0,0,0,866194015,0,0,0,0,0,0,0,21755939,22325791,189945610,193461113344,18730106,0,0,0,0,0,0,0,0,0,0,0,0,0,0,0,0,0,0,0,0,0,0,0,0,0,0,0,0,0,0,0,90,0,0,0,0,0,0,0
1787686691.457,0,0,0,0,0,0,0,675014228,343184525824,663242264064,0,0,0,0,0,0,0,0,0,0,0,0,0,0,0,0,0,0,0,0,0,0,0,0,0,0,0,0,0,0,0,0,0,0,0,0,0,0,0,0,0,0,0,0,0,0,0,0,0,0,0,0,0,0,0,0,0,0,0,0,7,6192948,20965916,23140136,0,0,0,0,0,0,0,0,0,0,0,0,0,0,0,0,0,0,0,0,0,0,0,0,0,0,0,0,0,0,0,0,0,0,0,0,0,51484868608,14193360896,3142387,866294,23054631,2957,0,384,3145728,17847359,3111910,147,3090627091,51539607552,0,1064942278,0,0,0,0,0,0,0,0,0,0,0,0,0,0,0,0,0,0,7704359,407275117,0,468,1204,7863,623,15408881,35,0,0,0,0,0,0,0,1,0,0,0,0,0,0,0,0,0,0,21449478,0,23054336,198216,0,0,0,0,0,0,0,0,16384,0,0,0,0,0,0,0,0,0,0,0,4283,115,0,0,0,0,0,23414722,0,72,0,16,115,4283,0,0,0,0,0,0,0,0,0,0,0,0,0,0,0,0,0,0,0,0,0,0,0,0,0,0,0,0,0,0,0,0,0,0,0,0,0,0,0,0,0,0,0,0,0,0,0,0,0,0,0,0,0,0,165075797,0,0,0,866207276,0,0,0,0,0,0,0,21757715,22335241,189950663,193464356352,18731472,0,0,0,0,0,0,0,0,0,0,0,0,0,0,0,0,0,0,0,0,0,0,0,0,0,0,0,0,0,0,0,251,0,0,0,0,0,0,0
1787686692.527,0,0,0,0,0,0,0,675042423,343339469312,663292327424,0,0,0,0,0,0,0,0,0,0,0,0,0,0,0,0,0,0,0,0,0,0,0,0,0,0,0,0,0,0,0,0,0,0,0,0,0,0,0,0,0,0,0,0,0,0,0,0,0,0,0,0,0,0,0,0,0,0,0,0,7,6193002,20975377,23142904,0,0,0,0,0,0,0,0,0,0,0,0,0,0,0,0,0,0,0,0,0,0,0,0,0,0,0,0,0,0,0,0,0,0,0,0,0,51496042496,14199128064,3143069,866646,23057399,2275,0,384,3145728,17856818,3111910,147,3090769797,51539607552,0,1064965229,0,0,0,0,0,0,0,0,0,0,0,0,0,0,0,0,0,0,7705145,407275903,0,468,1204,7863,623,15410453,35,0,0,0,0,0,0,0,1,0,0,0,0,0,0,0,0,0,0,21450463,0,23057104,198240,0,0,0,0,0,0,0,0,16384,0,0,0,0,0,0,0,0,0,0,0,4284,115,0,0,0,0,0,23417115,0,72,0,16,115,4284,0,0,0,0,0,0,0,0,0,0,0,0,0,0,0,0,0,0,0,0,0,0,0,0,0,0,0,0,0,0,0,0,0,0,0,0,0,0,0,0,0,0,0,0,0,0,0,0,0,0,0,0,0,0,165078152,0,0,0,866220923,0,0,0,0,0,0,0,21759493,22344699,189955809,193467995136,18732863,0,0,0,0,0,0,0,0,0,0,0,0,0,0,0,0,0,0,0,0,0,0,0,0,0,0,0,0,0,0,0,106,0,0,0,0,0,0,0
1787686693.599,0,0,0,0,0,0,0,675071362,343494674944,663342262272,0,0,0,0,0,0,0,0,0,0,0,0,0,0,0,0,0,0,0,0,0,0,0,0,0,0,0,0,0,0,0,0,0,0,0,0,0,0,0,0,0,0,0,0,0,0,0,0,0,0,0,0,0,0,0,0,0,0,0,0,7,6193065,20984852,23145645,0,0,0,0,0,0,0,0,0,0,0,0,0,0,0,0,0,0,0,0,0,0,0,0,0,0,0,0,0,0,0,0,0,0,0,0,0,51505627136,14205960192,3143654,867063,23060140,1690,0,384,3145728,17866291,3111910,147,3090915542,51539607552,0,1064988438,0,0,0,0,0,0,0,0,0,0,0,0,0,0,0,0,0,0,7705954,407276712,0,468,1204,7863,623,15412071,35,0,0,0,0,0,0,0,1,0,0,0,0,0,0,0,0,0,0,21451482,0,23059845,198265,0,0,0,0,0,0,0,0,16384,0,0,0,0,0,0,0,0,0,0,0,4285,115,0,0,0,0,0,23419575,0,72,0,16,115,4285,0,0,0,0,0,0,0,0,0,0,0,0,0,0,0,0,0,0,0,0,0,0,0,0,0,0,0,0,0,0,0,0,0,0,0,0,0,0,0,0,0,0,0,0,0,0,0,0,0,0,0,0,0,0,165080574,0,0,0,866234895,0,0,0,0,0,0,0,21761418,22354174,189960996,193471700480,18734357,1,0,0,0,0,0,0,0,0,0,0,0,0,0,0,0,0,0,0,0,0,0,0,0,0,0,0,0,0,0,0,21,0,0,0,0,0,0,0
1787686694.677,0,0,0,0,0,0,0,675099586,343650290176,663392232448,0,0,0,0,0,0,0,0,0,0,0,0,0,0,0,0,0,0,0,0,0,0,0,0,0,0,0,0,0,0,0,0,0,0,0,0,0,0,0,0,0,0,0,0,0,0,0,0,0,0,0,0,0,0,0,0,0,0,0,0,7,6193124,20994349,23148385,0,0,0,0,0,0,0,0,0,0,0,0,0,0,0,0,0,0,0,0,0,0,0,0,0,0,0,0,0,0,0,0,0,0,0,0,0,51517177856,14212825088,3144359,867482,23062880,985,0,384,3145728,17875787,3111910,147,3091057185,51539607552,0,1065010681,0,0,0,0,0,0,0,0,0,0,0,0,0,0,0,0,0,0,7706740,407277498,0,468,1204,7863,623,15413645,35,0,0,0,0,0,0,0,1,0,0,0,0,0,0,0,0,0,0,21452475,0,23062585,198289,0,0,0,0,0,0,0,0,16384,0,0,0,0,0,0,0,0,0,0,0,4286,115,0,0,0,0,0,23421964,0,72,0,16,115,4286,0,0,0,0,0,0,0,0,0,0,0,0,0,0,0,0,0,0,0,0,0,0,0,0,0,0,0,0,0,0,0,0,0,0,0,0,0,0,0,0,0,0,0,0,0,0,0,0,0,0,0,0,0,0,165082916,0,0,0,866248155,0,0,0,0,0,0,0,21763216,22363668,189966102,193475450368,18735771,0,0,0,0,0,0,0,0,0,0,0,0,0,0,0,0,0,0,0,0,0,0,0,0,0,0,0,0,0,0,0,262,0,0,0,0,0,0,0
1787686695.747,0,0,0,0,0,0,0,675127713,343803808256,663442077184,0,0,0,0,0,0,0,0,0,0,0,0,0,0,0,0,0,0,0,0,0,0,0,0,0,0,0,0,0,0,0,0,0,0,0,0,0,0,0,0,0,0,0,0,0,0,0,0,0,0,0,0,0,0,0,0,0,0,0,0,7,6193188,21003719,23151143,0,0,0,0,0,0,0,0,0,0,0,0,0,0,0,0,0,0,0,0,0,0,0,0,0,0,0,0,0,0,0,0,0,0,0,0,0,51526746112,14217887744,3144943,867791,23065638,401,0,384,3145728,17885155,3111910,147,3091199227,51539607552,0,1065033435,0,0,0,0,0,0,0,0,0,0,0,0,0,0,0,0,0,0,7707524,407278282,0,468,1204,7863,623,15415212,35,0,0,0,0,0,0,0,1,0,0,0,0,0,0,0,0,0,0,21453456,0,23065343,198313,0,0,0,0,0,0,0,0,16384,0,0,0,0,0,0,0,0,0,0,0,4287,115,0,0,0,0,0,23424360,0,72,0,16,115,4287,0,0,0,0,0,0,0,0,0,0,0,0,0,0,0,0,0,0,0,0,0,0,0,0,0,0,0,0,0,0,0,0,0,0,0,0,0,0,0,0,0,0,0,0,0,0,0,0,0,0,0,0,0,0,165085237,0,0,0,866261728,0,0,0,0,0,0,0,21765151,22373034,189971203,193478941184,18737314,0,0,0,0,0,0,0,0,0,0,0,0,0,0,0,0,0,0,0,0,0,0,0,0,0,0,0,0,0,0,0,119,0,0,0,0,0,0,0
1787686696.818,0,0,0,0,0,0,0,675155837,343958604288,663492194816,0,0,0,0,0,0,0,0,0,0,0,0,0,0,0,0,0,0,0,0,0,0,0,0,0,0,0,0,0,0,0,0,0,0,0,0,0,0,0,0,0,0,0,0,0,0,0,0,0,0,0,0,0,0,0,0,0,0,0,0,7,6193239,21013169,23153932,0,0,0,0,0,0,0,0,0,0,0,0,0,0,0,0,0,0,0,0,0,0,0,0,0,0,0,0,0,0,0,0,0,0,0,0,0,51532693504,14222802944,3145306,868091,23068427,38,0,384,3145728,17894603,3111910,147,3091341494,51539607552,0,1065056002,0,0,0,0,0,0,0,0,0,0,0,0,0,0,0,0,0,0,7708311,407279069,0,468,1204,7863,623,15416786,35,0,0,0,0,0,0,0,1,0,0,0,0,0,0,0,0,0,0,21454443,0,23068132,198338,0,0,0,0,0,0,0,0,16384,0,0,0,0,0,0,0,0,0,0,0,4289,115,0,0,0,0,0,23426753,0,72,0,16,115,4289,0,0,0,0,0,0,0,0,0,0,0,0,0,0,0,0,0,0,0,0,0,0,0,0,0,0,0,0,0,0,0,0,0,0,0,0,0,0,0,0,0,0,0,0,0,0,0,0,0,0,0,0,0,0,165087589,0,0,0,866275334,0,0,0,0,0,0,0,21766962,22382483,189976363,193482403840,18738763,0,1,0,0,0,0,0,0,0,0,0,0,0,0,0,0,0,0,0,0,0,0,0,0,0,0,0,0,0,0,0,20,0,0,0,0,0,0,0
1787686697.888,0,0,0,0,0,0,0,675183588,344109533696,663575802368,0,0,0,0,0,0,0,0,0,0,0,0,0,0,0,0,0,0,0,0,0,0,0,0,0,0,0,0,0,0,0,0,0,0,0,0,0,0,0,0,0,0,0,0,0,0,0,0,0,0,0,0,0,0,0,0,0,0,0,0,7,6193305,21022380,23158402,0,0,0,0,0,0,0,0,0,0,0,0,0,0,0,0,0,0,0,0,0,0,0,0,0,0,0,0,0,0,0,0,0,0,0,0,0,51400605696,14199521280,3137244,866670,23071206,8100,0,384,3145728,17903813,3111910,147,3091480332,51539607552,0,1065077698,0,0,0,0,0,0,0,0,0,0,0,0,0,0,0,0,0,0,7709083,407279841,0,468,1204,7863,623,15418329,35,0,0,0,0,0,0,0,1,0,0,0,0,0,0,0,0,0,0,21455423,0,23072187,198380,0,0,0,0,0,0,0,0,16384,0,0,0,0,0,0,0,0,0,0,0,4290,115,0,0,0,0,0,23429094,0,72,0,16,115,4290,0,0,0,0,0,0,0,0,0,0,0,0,0,0,0,0,0,0,0,0,0,0,0,0,0,0,0,0,0,0,0,0,0,0,0,0,0,0,0,0,0,0,0,0,0,0,0,0,0,0,0,0,0,0,165089915,0,0,0,866288386,0,0,0,0,0,0,0,21768997,22391691,189983542,193486125056,18740180,1,0,0,0,0,0,0,0,0,0,0,0,0,0,0,0,0,0,0,0,0,0,0,0,0,0,0,0,0,0,0,246,0,0,0,0,0,0,0
1787686698.960,0,0,0,0,0,0,0,675211813,344261872128,663637716480,0,0,0,0,0,0,0,0,0,0,0,0,0,0,0,0,0,0,0,0,0,0,0,0,0,0,0,0,0,0,0,0,0,0,0,0,0,0,0,0,0,0,0,0,0,0,0,0,0,0,0,0,0,0,0,0,0,0,0,0,7,6193362,21031681,23162238,0,0,0,0,0,0,0,0,0,0,0,0,0,0,0,0,0,0,0,0,0,0,0,0,0,0,0,0,0,0,0,0,0,0,0,0,0,51409715200,14187380736,3137800,865929,23076733,7544,0,384,3145728,17913112,3111910,147,3091622577,51539607552,0,1065100214,0,0,0,0,0,0,0,0,0,0,0,0,0,0,0,0,0,0,7709872,407280630,0,468,1204,7863,623,15419908,35,0,0,0,0,0,0,0,1,0,0,0,0,0,0,0,0,0,0,21456417,0,23076438,198411,0,0,0,0,0,0,0,0,16384,0,0,0,0,0,0,0,0,0,0,0,4291,115,0,0,0,0,0,23431508,0,72,0,16,115,4291,0,0,0,0,0,0,0,0,0,0,0,0,0,0,0,0,0,0,0,0,0,0,0,0,0,0,0,0,0,0,0,0,0,0,0,0,0,0,0,0,0,0,0,0,0,0,0,0,0,0,0,0,0,0,165092182,0,0,0,866301949,0,0,0,0,0,0,0,21770975,22400990,189989332,193489467392,18741596,0,0,0,0,0,0,0,0,0,0,0,0,0,0,0,0,0,0,0,0,0,0,0,0,0,0,0,0,0,0,0,192,0,0,0,0,0,0,0
1787686700.032,0,0,0,0,0,0,0,675240416,344419535360,663687374848,0,0,0,0,0,0,0,0,0,0,0,0,0,0,0,0,0,0,0,0,0,0,0,0,0,0,0,0,0,0,0,0,0,0,0,0,0,0,0,0,0,0,0,0,0,0,0,0,0,0,0,0,0,0,0,0,0,0,0,0,7,6193428,21041303,23164967,0,0,0,0,0,0,0,0,0,0,0,0,0,0,0,0,0,0,0,0,0,0,0,0,0,0,0,0,0,0,0,0,0,0,0,0,0,51421462528,14193508352,3138516,866303,23079462,6827,0,385,3145728,17922732,3111910,147,3091767301,51539607552,0,1065123410,0,0,0,0,0,0,0,0,0,0,0,0,0,0,0,0,0,0,7710671,407281429,0,468,1204,7863,623,15421505,35,0,0,0,0,0,0,0,1,0,0,0,0,0,0,0,0,0,0,21457426,0,23079167,198436,0,0,0,0,0,0,0,0,16384,0,0,0,0,0,0,0,0,0,0,0,4292,115,0,0,0,0,0,23433941,0,72,0,16,115,4292,0,0,0,0,0,0,0,0,0,0,0,0,0,0,0,0,0,0,0,0,0,0,0,0,0,0,0,0,0,0,0,0,0,0,0,0,0,0,0,0,0,0,0,0,0,0,0,0,0,0,0,0,0,0,165094605,0,0,0,866315731,0,0,0,0,0,0,0,21772824,22410614,189994509,193493100032,18743058,0,0,0,0,0,0,0,0,0,0,0,0,0,0,0,0,0,0,0,0,0,0,0,0,0,0,0,0,0,0,0,116,0,0,0,0,0,0,0
1787686701.110,0,0,0,0,0,0,0,675268785,344572660224,663737759744,0,0,0,0,0,0,0,0,0,0,0,0,0,0,0,0,0,0,0,0,0,0,0,0,0,0,0,0,0,0,0,0,0,0,0,0,0,0,0,0,0,0,0,0,0,0,0,0,0,0,0,0,0,0,0,0,0,0,0,0,7,6193498,21050651,23167745,0,0,0,0,0,0,0,0,0,0,0,0,0,0,0,0,0,0,0,0,0,0,0,0,0,0,0,0,0,0,0,0,0,0,0,0,0,51432243200,14199717888,3139175,866682,23082240,6169,0,384,3145728,17932078,3111910,147,3091910639,51539607552,0,1065146424,0,0,0,0,0,0,0,0,0,0,0,0,0,0,0,0,0,0,7711461,407282218,0,468,1204,7863,623,15423085,35,0,0,0,0,0,0,0,1,0,0,0,0,0,0,0,0,0,0,21458425,0,23081945,198460,0,0,0,0,0,0,0,0,16384,0,0,0,0,0,0,0,0,0,0,0,4293,115,0,0,0,0,0,23436331,0,72,0,16,115,4293,0,0,0,0,0,0,0,0,0,0,0,0,0,0,0,0,0,0,0,0,0,0,0,0,0,0,0,0,0,0,0,0,0,0,0,0,0,0,0,0,0,0,0,0,0,0,0,0,0,0,0,0,0,0,165096951,0,0,0,866329376,0,0,0,0,0,0,0,21774655,22419959,189999656,193496735744,18744540,0,0,0,0,0,0,0,0,0,0,0,0,0,0,0,0,0,0,0,0,0,0,0,0,0,0,0,0,0,0,0,36,0,0,0,0,0,0,0
1787686702.180,0,0,0,0,0,0,0,675297053,344727505408,663787771904,0,0,0,0,0,0,0,0,0,0,0,0,0,0,0,0,0,0,0,0,0,0,0,0,0,0,0,0,0,0,0,0,0,0,0,0,0,0,0,0,0,0,0,0,0,0,0,0,0,0,0,0,0,0,0,0,0,0,0,0,7,6193559,21060107,23170517,0,0,0,0,0,0,0,0,0,0,0,0,0,0,0,0,0,0,0,0,0,0,0,0,0,0,0,0,0,0,0,0,0,0,0,0,0,51443056640,14206107648,3139835,867072,23085012,5509,0,384,3145728,17941533,3111910,147,3092052394,51539607552,0,1065168693,0,0,0,0,0,0,0,0,0,0,0,0,0,0,0,0,0,0,7712248,407283006,0,468,1204,7863,623,15424659,35,0,0,0,0,0,0,0,1,0,0,0,0,0,0,0,0,0,0,21459420,0,23084717,198484,0,0,0,0,0,0,0,0,16384,0,0,0,0,0,0,0,0,0,0,0,4294,115,0,0,0,0,0,23438742,0,72,0,16,115,4294,0,0,0,0,0,0,0,0,0,0,0,0,0,0,0,0,0,0,0,0,0,0,0,0,0,0,0,0,0,0,0,0,0,0,0,0,0,0,0,0,0,0,0,0,0,0,0,0,0,0,0,0,0,0,165099259,0,0,0,866342685,0,0,0,0,0,0,0,21776453,22429415,190004759,193500228096,18745952,0,0,0,0,0,0,0,0,0,0,0,0,0,0,0,0,0,0,0,0,0,0,0,0,0,0,0,0,0,0,0,234,0,0,0,0,0,0,0
1787686703.252,0,0,0,0,0,0,0,675325270,344882170368,663838419968,0,0,0,0,0,0,0,0,0,0,0,0,0,0,0,0,0,0,0,0,0,0,0,0,0,0,0,0,0,0,0,0,0,0,0,0,0,0,0,0,0,0,0,0,0,0,0,0,0,0,0,0,0,0,0,0,0,0,0,0,7,6193619,21069550,23173318,0,0,0,0,0,0,0,0,0,0,0,0,0,0,0,0,0,0,0,0,0,0,0,0,0,0,0,0,0,0,0,0,0,0,0,0,0,51452231680,14211301376,3140395,867389,23087813,4949,0,384,3145728,17950975,3111910,147,3092194776,51539607552,0,1065191312,0,0,0,0,0,0,0,0,0,0,0,0,0,0,0,0,0,0,7713036,407283794,0,468,1204,7863,623,15426235,35,0,0,0,0,0,0,0,1,0,0,0,0,0,0,0,0,0,0,21460414,0,23087518,198509,0,0,0,0,0,0,0,0,16384,0,0,0,0,0,0,0,0,0,0,0,4295,115,0,0,0,0,0,23441150,0,72,0,16,115,4295,0,0,0,0,0,0,0,0,0,0,0,0,0,0,0,0,0,0,0,0,0,0,0,0,0,0,0,0,0,0,0,0,0,0,0,0,0,0,0,0,0,0,0,0,0,0,0,0,0,0,0,0,0,0,165101595,0,0,0,866356259,0,0,0,0,0,0,0,21778244,22438854,190009918,193503853568,18747368,0,0,0,0,0,0,0,0,0,0,0,0,0,0,0,0,0,0,0,0,0,0,0,0,0,0,0,0,0,0,0,181,0,0,0,0,0,0,0
1787686704.322,0,0,0,0,0,0,0,675353160,345037212160,663888235520,0,0,0,0,0,0,0,0,0,0,0,0,0,0,0,0,0,0,0,0,0,0,0,0,0,0,0,0,0,0,0,0,0,0,0,0,0,0,0,0,0,0,0,0,0,0,0,0,0,0,0,0,0,0,0,0,0,0,0,0,7,6193667,21079012,23176091,0,0,0,0,0,0,0,0,0,0,0,0,0,0,0,0,0,0,0,0,0,0,0,0,0,0,0,0,0,0,0,0,0,0,0,0,0,51464978432,14216675328,3141173,867717,23090586,4171,0,384,3145728,17960437,3111910,147,3092335553,51539607552,0,1065213396,0,0,0,0,0,0,0,0,0,0,0,0,0,0,0,0,0,0,7713816,407284574,0,468,1204,7863,623,15427797,35,0,0,0,0,0,0,0,1,0,0,0,0,0,0,0,0,0,0,21461396,0,23090291,198534,0,0,0,0,0,0,0,0,16384,0,0,0,0,0,0,0,0,0,0,0,4296,115,0,0,0,0,0,23443522,0,72,0,16,115,4296,0,0,0,0,0,0,0,0,0,0,0,0,0,0,0,0,0,0,0,0,0,0,0,0,0,0,0,0,0,0,0,0,0,0,0,0,0,0,0,0,0,0,0,0,0,0,0,0,0,0,0,0,0,0,165103834,0,0,0,866369727,0,0,0,0,0,0,0,21780100,22448316,190014956,193507028992,18748803,0,0,0,0,0,0,0,0,0,0,0,0,0,0,0,0,0,0,0,0,0,0,0,0,0,0,0,0,0,0,0,85,0,0,0,0,0,0,0
1787686705.392,0,0,0,0,0,0,0,675381466,345190730240,663939474432,0,0,0,0,0,0,0,0,0,0,0,0,0,0,0,0,0,0,0,0,0,0,0,0,0,0,0,0,0,0,0,0,0,0,0,0,0,0,0,0,0,0,0,0,0,0,0,0,0,0,0,0,0,0,0,0,0,0,0,0,7,6193734,21088387,23178946,0,0,0,0,0,0,0,0,0,0,0,0,0,0,0,0,0,0,0,0,0,0,0,0,0,0,0,0,0,0,0,0,0,0,0,0,0,51473694720,14220836864,3141705,867971,23093441,3639,0,384,3145728,17969810,3111910,147,3092478385,51539607552,0,1065236051,0,0,0,0,0,0,0,0,0,0,0,0,0,0,0,0,0,0,7714608,407285366,0,468,1204,7863,623,15429379,35,0,0,0,0,0,0,0,1,0,0,0,0,0,0,0,0,0,0,21462400,0,23093146,198560,0,0,0,0,0,0,0,0,16384,0,0,0,0,0,0,0,0,0,0,0,4297,115,0,0,0,0,0,23445929,0,72,0,16,115,4297,0,0,0,0,0,0,0,0,0,0,0,0,0,0,0,0,0,0,0,0,0,0,0,0,0,0,0,0,0,0,0,0,0,0,0,0,0,0,0,0,0,0,0,0,0,0,0,0,0,0,0,0,0,0,165106157,0,0,0,866383358,0,0,0,0,0,0,0,21781898,22457686,190020158,193510430208,18750243,0,0,0,0,0,0,0,0,0,0,0,0,0,0,0,0,0,0,0,0,0,0,0,0,0,0,0,0,0,0,0,23,0,0,0,0,0,0,0
1787686706.463,0,0,0,0,0,0,0,675409817,345343347200,663990156288,0,0,0,0,0,0,0,0,0,0,0,0,0,0,0,0,0,0,0,0,0,0,0,0,0,0,0,0,0,0,0,0,0,0,0,0,0,0,0,0,0,0,0,0,0,0,0,0,0,0,0,0,0,0,0,0,0,0,0,0,7,6193787,21097704,23181742,0,0,0,0,0,0,0,0,0,0,0,0,0,0,0,0,0,0,0,0,0,0,0,0,0,0,0,0,0,0,0,0,0,0,0,0,0,51483410432,14225260544,3142298,868241,23096237,3046,0,384,3145728,17979126,3111910,147,3092620201,51539607552,0,1065258179,0,0,0,0,0,0,0,0,0,0,0,0,0,0,0,0,0,0,7715400,407286158,0,468,1204,7863,623,15430963,35,0,0,0,0,0,0,0,1,0,0,0,0,0,0,0,0,0,0,21463397,0,23095942,198584,0,0,0,0,0,0,0,0,16384,0,0,0,0,0,0,0,0,0,0,0,4298,115,0,0,0,0,0,23448331,0,72,0,16,115,4298,0,0,0,0,0,0,0,0,0,0,0,0,0,0,0,0,0,0,0,0,0,0,0,0,0,0,0,0,0,0,0,0,0,0,0,0,0,0,0,0,0,0,0,0,0,0,0,0,0,0,0,0,0,0,165108490,0,0,0,866396732,0,0,0,0,0,0,0,21783842,22467002,190025307,193514023936,18751759,0,0,0,0,0,0,0,0,0,0,0,0,0,0,0,0,0,0,0,0,0,0,0,0,0,0,0,0,0,0,0,235,0,0,0,0,0,0,0
1787686707.532,0,0,0,0,0,0,0,675438135,345495882240,664040969216,0,0,0,0,0,0,0,0,0,0,0,0,0,0,0,0,0,0,0,0,0,0,0,0,0,0,0,0,0,0,0,0,0,0,0,0,0,0,0,0,0,0,0,0,0,0,0,0,0,0,0,0,0,0,0,0,0,0,0,0,7,6193858,21107016,23184532,0,0,0,0,0,0,0,0,0,0,0,0,0,0,0,0,0,0,0,0,0,0,0,0,0,0,0,0,0,0,0,0,0,0,0,0,0,51493306368,14230732800,3142902,868575,23099027,2442,0,384,3145728,17988437,3111910,147,3092763209,51539607552,0,1065281270,0,0,0,0,0,0,0,0,0,0,0,0,0,0,0,0,0,0,7716189,407286947,0,468,1204,7863,623,15432543,35,0,0,0,0,0,0,0,1,0,0,0,0,0,0,0,0,0,0,21464391,0,23098732,198608,0,0,0,0,0,0,0,0,16384,0,0,0,0,0,0,0,0,0,0,0,4299,115,0,0,0,0,0,23450736,0,72,0,16,115,4299,0,0,0,0,0,0,0,0,0,0,0,0,0,0,0,0,0,0,0,0,0,0,0,0,0,0,0,0,0,0,0,0,0,0,0,0,0,0,0,0,0,0,0,0,0,0,0,0,0,0,0,0,0,0,165110832,0,0,0,866410357,0,0,0,0,0,0,0,21785706,22476314,190030463,193517760000,18753239,0,0,0,0,0,0,0,0,0,0,0,0,0,0,0,0,0,0,0,0,0,0,0,0,0,0,0,0,0,0,0,155,0,0,0,0,0,0,0
1787686708.603,0,0,0,0,0,0,0,675466294,345649826304,664090497536,0,0,0,0,0,0,0,0,0,0,0,0,0,0,0,0,0,0,0,0,0,0,0,0,0,0,0,0,0,0,0,0,0,0,0,0,0,0,0,0,0,0,0,0,0,0,0,0,0,0,0,0,0,0,0,0,0,0,0,0,7,6193921,21116418,23187258,0,0,0,0,0,0,0,0,0,0,0,0,0,0,0,0,0,0,0,0,0,0,0,0,0,0,0,0,0,0,0,0,0,0,0,0,0,51505905664,14236794880,3143671,868945,23101753,1673,0,384,3145728,17997840,3111910,147,3092905473,51539607552,0,1065303876,0,0,0,0,0,0,0,0,0,0,0,0,0,0,0,0,0,0,7716976,407287734,0,468,1204,7863,623,15434115,35,0,0,0,0,0,0,0,1,0,0,0,0,0,0,0,0,0,0,21465378,0,23101458,198632,0,0,0,0,0,0,0,0,16384,0,0,0,0,0,0,0,0,0,0,0,4300,115,0,0,0,0,0,23453134,0,72,0,16,115,4300,0,0,0,0,0,0,0,0,0,0,0,0,0,0,0,0,0,0,0,0,0,0,0,0,0,0,0,0,0,0,0,0,0,0,0,0,0,0,0,0,0,0,0,0,0,0,0,0,0,0,0,0,0,0,165113209,0,0,0,866423988,0,0,0,0,0,0,0,21787489,22485712,190035589,193521323008,18754686,0,0,0,0,0,0,0,0,0,0,0,0,0,0,0,0,0,0,0,0,0,0,0,0,0,0,0,0,0,0,0,26,0,0,0,0,0,0,0
1787686709.673,0,0,0,0,0,0,0,675494368,345803049472,664139949568,0,0,0,0,0,0,0,0,0,0,0,0,0,0,0,0,0,0,0,0,0,0,0,0,0,0,0,0,0,0,0,0,0,0,0,0,0,0,0,0,0,0,0,0,0,0,0,0,0,0,0,0,0,0,0,0,0,0,0,0,7,6193974,21125776,23189991,0,0,0,0,0,0,0,0,0,0,0,0,0,0,0,0,0,0,0,0,0,0,0,0,0,0,0,0,0,0,0,0,0,0,0,0,0,51515506688,14242201600,3144257,869275,23104486,1087,0,384,3145728,18007196,3111910,147,3093046182,51539607552,0,1065325787,0,0,0,0,0,0,0,0,0,0,0,0,0,0,0,0,0,0,7717759,407288516,0,468,1204,7863,623,15435683,35,0,0,0,0,0,0,0,1,0,0,0,0,0,0,0,0,0,0,21466368,0,23104191,198656,0,0,0,0,0,0,0,0,16384,0,0,0,0,0,0,0,0,0,0,0,4301,115,0,0,0,0,0,23455513,0,72,0,16,115,4301,0,0,0,0,0,0,0,0,0,0,0,0,0,0,0,0,0,0,0,0,0,0,0,0,0,0,0,0,0,0,0,0,0,0,0,0,0,0,0,0,0,0,0,0,0,0,0,0,0,0,0,0,0,0,165115483,0,0,0,866437226,0,0,0,0,0,0,0,21789356,22495065,190040620,193524750848,18756157,0,0,0,0,0,0,0,0,0,0,0,0,0,0,0,0,0,0,0,0,0,0,0,0,0,0,0,0,0,0,0,239,0,0,0,0,0,0,0
1787686710.744,0,0,0,0,0,0,0,675522293,345957632512,664190912512,0,0,0,0,0,0,0,0,0,0,0,0,0,0,0,0,0,0,0,0,0,0,0,0,0,0,0,0,0,0,0,0,0,0,0,0,0,0,0,0,0,0,0,0,0,0,0,0,0,0,0,0,0,0,0,0,0,0,0,0,7,6194029,21135219,23192798,0,0,0,0,0,0,0,0,0,0,0,0,0,0,0,0,0,0,0,0,0,0,0,0,0,0,0,0,0,0,0,0,0,0,0,0,0,51526598656,14246821888,3144934,869557,23107293,410,0,384,3145728,18016635,3111910,147,3093187385,51539607552,0,1065348244,0,0,0,0,0,0,0,0,0,0,0,0,0,0,0,0,0,0,7718539,407289297,0,468,1204,7863,623,15437241,35,0,0,0,0,0,0,0,1,0,0,0,0,0,0,0,0,0,0,21467356,0,23106998,198681,0,0,0,0,0,0,0,0,16384,0,0,0,0,0,0,0,0,0,0,0,4302,115,0,0,0,0,0,23457880,0,72,0,16,115,4302,0,0,0,0,0,0,0,0,0,0,0,0,0,0,0,0,0,0,0,0,0,0,0,0,0,0,0,0,0,0,0,0,0,0,0,0,0,0,0,0,0,0,0,0,0,0,0,0,0,0,0,0,0,0,165117776,0,0,0,866450646,0,0,0,0,0,0,0,21791159,22504506,190045743,193528431104,18757603,0,0,0,0,0,0,0,0,0,0,0,0,0,0,0,0,0,0,0,0,0,0,0,0,0,0,0,0,0,0,0,206,0,0,0,0,0,0,0
1787686711.813,0,0,0,0,0,0,0,675550030,346108561920,664241413632,0,0,0,0,0,0,0,0,0,0,0,0,0,0,0,0,0,0,0,0,0,0,0,0,0,0,0,0,0,0,0,0,0,0,0,0,0,0,0,0,0,0,0,0,0,0,0,0,0,0,0,0,0,0,0,0,0,0,0,0,7,6194100,21144432,23195576,0,0,0,0,0,0,0,0,0,0,0,0,0,0,0,0,0,0,0,0,0,0,0,0,0,0,0,0,0,0,0,0,0,0,0,0,0,51532316672,14251163648,3145283,869822,23110071,61,0,384,3145728,18025847,3111910,147,3093327617,51539607552,0,1065370739,0,0,0,0,0,0,0,0,0,0,0,0,0,0,0,0,0,0,7719313,407290071,0,468,1204,7863,623,15438789,35,0,0,0,0,0,0,0,1,0,0,0,0,0,0,0,0,0,0,21468335,0,23109776,198705,0,0,0,0,0,0,0,0,16384,0,0,0,0,0,0,0,0,0,0,0,4304,115,0,0,0,0,0,23460225,0,72,0,16,115,4304,0,0,0,0,0,0,0,0,0,0,0,0,0,0,0,0,0,0,0,0,0,0,0,0,0,0,0,0,0,0,0,0,0,0,0,0,0,0,0,0,0,0,0,0,0,0,0,0,0,0,0,0,0,0,165120072,0,0,0,866463998,0,0,0,0,0,0,0,21792939,22513716,190050845,193532160512,18759063,0,0,0,0,0,0,0,0,0,0,0,0,0,0,0,0,0,0,0,0,0,0,0,0,0,0,0,0,0,0,0,144,0,0,0,0,0,0,0
1787686712.884,0,0,0,0,0,0,0,675577850,346261719552,664323771392,0,0,0,0,0,0,0,0,0,0,0,0,0,0,0,0,0,0,0,0,0,0,0,0,0,0,0,0,0,0,0,0,0,0,0,0,0,0,0,0,0,0,0,0,0,0,0,0,0,0,0,0,0,0,0,0,0,0,0,0,7,6194158,21153780,23200199,0,0,0,0,0,0,0,0,0,0,0,0,0,0,0,0,0,0,0,0,0,0,0,0,0,0,0,0,0,0,0,0,0,0,0,0,0,51400785920,14226210816,3137255,868299,23112913,8089,0,384,3145728,18035195,3111910,147,3093468326,51539607552,0,1065393244,0,0,0,0,0,0,0,0,0,0,0,0,0,0,0,0,0,0,7720088,407290846,0,468,1204,7863,623,15440339,35,0,0,0,0,0,0,0,1,0,0,0,0,0,0,0,0,0,0,21469317,0,23113877,198746,0,0,0,0,0,0,0,0,16384,0,0,0,0,0,0,0,0,0,0,0,4305,115,0,0,0,0,0,23462574,0,72,0,16,115,4305,0,0,0,0,0,0,0,0,0,0,0,0,0,0,0,0,0,0,0,0,0,0,0,0,0,0,0,0,0,0,0,0,0,0,0,0,0,0,0,0,0,0,0,0,0,0,0,0,0,0,0,0,0,0,165122363,0,0,0,866477401,0,0,0,0,0,0,0,21794858,22523064,190057920,193535711744,18760417,1,0,0,0,0,0,0,0,0,0,0,0,0,0,0,0,0,0,0,0,0,0,0,0,0,0,0,0,0,0,0,68,0,0,0,0,0,0,0
1787686713.960,0,0,0,0,0,0,0,675605785,346414549504,664388844032,0,0,0,0,0,0,0,0,0,0,0,0,0,0,0,0,0,0,0,0,0,0,0,0,0,0,0,0,0,0,0,0,0,0,0,0,0,0,0,0,0,0,0,0,0,0,0,0,0,0,0,0,0,0,0,0,0,0,0,0,7,6194216,21163111,23204002,0,0,0,0,0,0,0,0,0,0,0,0,0,0,0,0,0,0,0,0,0,0,0,0,0,0,0,0,0,0,0,0,0,0,0,0,0,51409633280,14213627904,3137795,867531,23118497,7549,0,384,3145728,18044521,3111910,147,3093608434,51539607552,0,1065415133,0,0,0,0,0,0,0,0,0,0,0,0,0,0,0,0,0,0,7720869,407291627,0,468,1204,7863,623,15441901,35,0,0,0,0,0,0,0,1,0,0,0,0,0,0,0,0,0,0,21470304,0,23118202,198778,0,0,0,0,0,0,0,0,16384,0,0,0,0,0,0,0,0,0,0,0,4306,115,0,0,0,0,0,23464958,0,72,0,16,115,4306,0,0,0,0,0,0,0,0,0,0,0,0,0,0,0,0,0,0,0,0,0,0,0,0,0,0,0,0,0,0,0,0,0,0,0,0,0,0,0,0,0,0,0,0,0,0,0,0,0,0,0,0,0,0,165124684,0,0,0,866490582,0,0,0,0,0,0,0,21796811,22532392,190063955,193539302912,18761786,0,0,0,0,0,0,0,0,0,0,0,0,0,0,0,0,0,0,0,0,0,0,0,0,0,0,0,0,0,0,0,275,0,0,0,0,0,0,0
1787686715.029,0,0,0,0,0,0,0,675634136,346568018432,664439501312,0,0,0,0,0,0,0,0,0,0,0,0,0,0,0,0,0,0,0,0,0,0,0,0,0,0,0,0,0,0,0,0,0,0,0,0,0,0,0,0,0,0,0,0,0,0,0,0,0,0,0,0,0,0,0,0,0,0,0,0,7,6194272,21172481,23206801,0,0,0,0,0,0,0,0,0,0,0,0,0,0,0,0,0,0,0,0,0,0,0,0,0,0,0,0,0,0,0,0,0,0,0,0,0,51420102656,14218346496,3138434,867819,23121296,6910,0,384,3145728,18053891,3111910,147,3093751595,51539607552,0,1065437790,0,0,0,0,0,0,0,0,0,0,0,0,0,0,0,0,0,0,7721661,407292419,0,468,1204,7863,623,15443486,35,0,0,0,0,0,0,0,1,0,0,0,0,0,0,0,0,0,0,21471304,0,23121001,198803,0,0,0,0,0,0,0,0,16384,0,0,0,0,0,0,0,0,0,0,0,4307,115,0,0,0,0,0,23467357,0,72,0,16,115,4307,0,0,0,0,0,0,0,0,0,0,0,0,0,0,0,0,0,0,0,0,0,0,0,0,0,0,0,0,0,0,0,0,0,0,0,0,0,0,0,0,0,0,0,0,0,0,0,0,0,0,0,0,0,0,165127012,0,0,0,866504218,0,0,0,0,0,0,0,21798634,22541761,190069104,193542851072,18763205,0,0,0,0,0,0,0,0,0,0,0,0,0,0,0,0,0,0,0,0,0,0,0,0,0,0,0,0,0,0,0,230,0,0,0,0,0,0,0
1787686716.099,0,0,0,0,0,0,0,675662388,346720045568,664491038720,0,0,0,0,0,0,0,0,0,0,0,0,0,0,0,0,0,0,0,0,0,0,0,0,0,0,0,0,0,0,0,0,0,0,0,0,0,0,0,0,0,0,0,0,0,0,0,0,0,0,0,0,0,0,0,0,0,0,0,0,7,6194331,21181762,23209636,0,0,0,0,0,0,0,0,0,0,0,0,0,0,0,0,0,0,0,0,0,0,0,0,0,0,0,0,0,0,0,0,0,0,0,0,0,51429883904,14222917632,3139031,868098,23124131,6313,0,384,3145728,18063167,3111910,147,3093894282,51539607552,0,1065460781,0,0,0,0,0,0,0,0,0,0,0,0,0,0,0,0,0,0,7722448,407293206,0,468,1204,7863,623,15445060,35,0,0,0,0,0,0,0,1,0,0,0,0,0,0,0,0,0,0,21472299,0,23123836,198828,0,0,0,0,0,0,0,0,16384,0,0,0,0,0,0,0,0,0,0,0,4308,115,0,0,0,0,0,23469751,0,72,0,16,115,4308,0,0,0,0,0,0,0,0,0,0,0,0,0,0,0,0,0,0,0,0,0,0,0,0,0,0,0,0,0,0,0,0,0,0,0,0,0,0,0,0,0,0,0,0,0,0,0,0,0,0,0,0,0,0,165129392,0,0,0,866517840,0,0,0,0,0,0,0,21800505,22551040,190074343,193546680320,18764667,0,0,0,0,0,0,0,0,0,0,0,0,0,0,0,0,0,0,0,0,0,0,0,0,0,0,0,0,0,0,0,150,0,0,0,0,0,0,0
1787686717.169,0,0,0,0,0,0,0,675690606,346874923520,664543351296,0,0,0,0,0,0,0,0,0,0,0,0,0,0,0,0,0,0,0,0,0,0,0,0,0,0,0,0,0,0,0,0,0,0,0,0,0,0,0,0,0,0,0,0,0,0,0,0,0,0,0,0,0,0,0,0,0,0,0,0,7,6194381,21191218,23212516,0,0,0,0,0,0,0,0,0,0,0,0,0,0,0,0,0,0,0,0,0,0,0,0,0,0,0,0,0,0,0,0,0,0,0,0,0,51440533504,14227128320,3139681,868355,23127011,5663,0,384,3145728,18072621,3111910,147,3094036953,51539607552,0,1065483820,0,0,0,0,0,0,0,0,0,0,0,0,0,0,0,0,0,0,7723232,407293990,0,468,1204,7863,623,15446629,35,0,0,0,0,0,0,0,1,0,0,0,0,0,0,0,0,0,0,21473287,0,23126716,198852,0,0,0,0,0,0,0,0,16384,0,0,0,0,0,0,0,0,0,0,0,4309,115,0,0,0,0,0,23472146,0,72,0,16,115,4309,0,0,0,0,0,0,0,0,0,0,0,0,0,0,0,0,0,0,0,0,0,0,0,0,0,0,0,0,0,0,0,0,0,0,0,0,0,0,0,0,0,0,0,0,0,0,0,0,0,0,0,0,0,0,165131796,0,0,0,866531375,0,0,0,0,0,0,0,21802385,22560491,190079651,193550491648,18766128,0,0,0,0,0,0,0,0,0,0,0,0,0,0,0,0,0,0,0,0,0,0,0,0,0,0,0,0,0,0,0,89,0,0,0,0,0,0,0
1787686718.239,0,0,0,0,0,0,0,675718663,347026868736,664594042368,0,0,0,0,0,0,0,0,0,0,0,0,0,0,0,0,0,0,0,0,0,0,0,0,0,0,0,0,0,0,0,0,0,0,0,0,0,0,0,0,0,0,0,0,0,0,0,0,0,0,0,0,0,0,0,0,0,0,0,0,7,6194428,21200493,23215337,0,0,0,0,0,0,0,0,0,0,0,0,0,0,0,0,0,0,0,0,0,0,0,0,0,0,0,0,0,0,0,0,0,0,0,0,0,51450331136,14231224320,3140279,868605,23129832,5065,0,384,3145728,18081893,3111910,147,3094178231,51539607552,0,1065506063,0,0,0,0,0,0,0,0,0,0,0,0,0,0,0,0,0,0,7724017,407294775,0,468,1204,7863,623,15448197,35,0,0,0,0,0,0,0,1,0,0,0,0,0,0,0,0,0,0,21474277,0,23129537,198876,0,0,0,0,0,0,0,0,16384,0,0,0,0,0,0,0,0,0,0,0,4310,115,0,0,0,0,0,23474529,0,72,0,16,115,4310,0,0,0,0,0,0,0,0,0,0,0,0,0,0,0,0,0,0,0,0,0,0,0,0,0,0,0,0,0,0,0,0,0,0,0,0,0,0,0,0,0,0,0,0,0,0,0,0,0,0,0,0,0,0,165134133,0,0,0,866544896,0,0,0,0,0,0,0,21804146,22569764,190084833,193553785856,18767513,0,0,0,0,0,0,0,0,0,0,0,0,0,0,0,0,0,0,0,0,0,0,0,0,0,0,0,0,0,0,0,19,0,0,0,0,0,0,0
1787686719.311,0,0,0,0,0,0,0,675746869,347178633728,664645980160,0,0,0,0,0,0,0,0,0,0,0,0,0,0,0,0,0,0,0,0,0,0,0,0,0,0,0,0,0,0,0,0,0,0,0,0,0,0,0,0,0,0,0,0,0,0,0,0,0,0,0,0,0,0,0,0,0,0,0,0,7,6194485,21209760,23218207,0,0,0,0,0,0,0,0,0,0,0,0,0,0,0,0,0,0,0,0,0,0,0,0,0,0,0,0,0,0,0,0,0,0,0,0,0,51461308416,14234566656,3140949,868809,23132702,4395,0,384,3145728,18091160,3111910,147,3094319591,51539607552,0,1065528250,0,0,0,0,0,0,0,0,0,0,0,0,0,0,0,0,0,0,7724804,407295562,0,468,1204,7863,623,15449771,35,0,0,0,0,0,0,0,1,0,0,0,0,0,0,0,0,0,0,21475268,0,23132407,198901,0,0,0,0,0,0,0,0,16384,0,0,0,0,0,0,0,0,0,0,0,4311,115,0,0,0,0,0,23476930,0,72,0,16,115,4311,0,0,0,0,0,0,0,0,0,0,0,0,0,0,0,0,0,0,0,0,0,0,0,0,0,0,0,0,0,0,0,0,0,0,0,0,0,0,0,0,0,0,0,0,0,0,0,0,0,0,0,0,0,0,165136444,0,0,0,866558205,0,0,0,0,0,0,0,21805860,22579032,190090037,193557550592,18768902,0,0,0,0,0,0,0,0,0,0,0,0,0,0,0,0,0,0,0,0,0,0,0,0,0,0,0,0,0,0,0,229,0,0,0,0,0,0,0
1787686720.381,0,0,0,0,0,0,0,675774821,347331594752,664697708032,0,0,0,0,0,0,0,0,0,0,0,0,0,0,0,0,0,0,0,0,0,0,0,0,0,0,0,0,0,0,0,0,0,0,0,0,0,0,0,0,0,0,0,0,0,0,0,0,0,0,0,0,0,0,0,0,0,0,0,0,7,6194536,21219097,23221074,0,0,0,0,0,0,0,0,0,0,0,0,0,0,0,0,0,0,0,0,0,0,0,0,0,0,0,0,0,0,0,0,0,0,0,0,0,51471548416,14237892608,3141574,869012,23135569,3770,0,384,3145728,18100494,3111910,147,3094460716,51539607552,0,1065550497,0,0,0,0,0,0,0,0,0,0,0,0,0,0,0,0,0,0,7725585,407296343,0,468,1204,7863,623,15451335,35,0,0,0,0,0,0,0,1,0,0,0,0,0,0,0,0,0,0,21476255,0,23135274,198926,0,0,0,0,0,0,0,0,16384,0,0,0,0,0,0,0,0,0,0,0,4312,115,0,0,0,0,0,23479309,0,72,0,16,115,4312,0,0,0,0,0,0,0,0,0,0,0,0,0,0,0,0,0,0,0,0,0,0,0,0,0,0,0,0,0,0,0,0,0,0,0,0,0,0,0,0,0,0,0,0,0,0,0,0,0,0,0,0,0,0,165138762,0,0,0,866571692,0,0,0,0,0,0,0,21807656,22588364,190095247,193561057280,18770297,0,0,0,0,0,0,0,0,0,0,0,0,0,0,0,0,0,0,0,0,0,0,0,0,0,0,0,0,0,0,0,161,0,0,0,0,0,0,0
1787686721.450,0,0,0,0,0,0,0,675803163,347485276672,664748798976,0,0,0,0,0,0,0,0,0,0,0,0,0,0,0,0,0,0,0,0,0,0,0,0,0,0,0,0,0,0,0,0,0,0,0,0,0,0,0,0,0,0,0,0,0,0,0,0,0,0,0,0,0,0,0,0,0,0,0,0,7,6194585,21228481,23223902,0,0,0,0,0,0,0,0,0,0,0,0,0,0,0,0,0,0,0,0,0,0,0,0,0,0,0,0,0,0,0,0,0,0,0,0,0,51481837568,14242250752,3142202,869278,23138397,3142,0,384,3145728,18109879,3111910,147,3094604114,51539607552,0,1065573340,0,0,0,0,0,0,0,0,0,0,0,0,0,0,0,0,0,0,7726378,407297136,0,468,1204,7863,623,15452919,35,0,0,0,0,0,0,0,1,0,0,0,0,0,0,0,0,0,0,21477255,0,23138102,198950,0,0,0,0,0,0,0,0,16384,0,0,0,0,0,0,0,0,0,0,0,4313,115,0,0,0,0,0,23481719,0,72,0,16,115,4313,0,0,0,0,0,0,0,0,0,0,0,0,0,0,0,0,0,0,0,0,0,0,0,0,0,0,0,0,0,0,0,0,0,0,0,0,0,0,0,0,0,0,0,0,0,0,0,0,0,0,0,0,0,0,165141094,0,0,0,866585377,0,0,0,0,0,0,0,21809449,22597744,190100430,193564625408,18771691,0,0,0,0,0,0,0,0,0,0,0,0,0,0,0,0,0,0,0,0,0,0,0,0,0,0,0,0,0,0,0,67,0,0,0,0,0,0,0
1787686722.521,0,0,0,0,0,0,0,675831409,347639302656,664801847296,0,0,0,0,0,0,0,0,0,0,0,0,0,0,0,0,0,0,0,0,0,0,0,0,0,0,0,0,0,0,0,0,0,0,0,0,0,0,0,0,0,0,0,0,0,0,0,0,0,0,0,0,0,0,0,0,0,0,0,0,7,6194660,21237883,23226834,0,0,0,0,0,0,0,0,0,0,0,0,0,0,0,0,0,0,0,0,0,0,0,0,0,0,0,0,0,0,0,0,0,0,0,0,0,51492945920,14245888000,3142880,869500,23141329,2464,0,384,3145728,18119279,3111910,147,3094746999,51539607552,0,1065596481,0,0,0,0,0,0,0,0,0,0,0,0,0,0,0,0,0,0,7727163,407297921,0,468,1204,7863,623,15454489,35,0,0,0,0,0,0,0,1,0,0,0,0,0,0,0,0,0,0,21478243,0,23141034,198975,0,0,0,0,0,0,0,0,16384,0,0,0,0,0,0,0,0,0,0,0,4314,115,0,0,0,0,0,23484103,0,72,0,16,115,4314,0,0,0,0,0,0,0,0,0,0,0,0,0,0,0,0,0,0,0,0,0,0,0,0,0,0,0,0,0,0,0,0,0,0,0,0,0,0,0,0,0,0,0,0,0,0,0,0,0,0,0,0,0,0,165143434,0,0,0,866598927,0,0,0,0,0,0,0,21811320,22607146,190105723,193568397824,18773132,0,0,0,0,0,0,0,0,0,0,0,0,0,0,0,0,0,0,0,0,0,0,0,0,0,0,0,0,0,0,0,6,0,0,0,0,0,0,0
1787686723.591,0,0,0,0,0,0,0,675859480,347791378944,664855099392,0,0,0,0,0,0,0,0,0,0,0,0,0,0,0,0,0,0,0,0,0,0,0,0,0,0,0,0,0,0,0,0,0,0,0,0,0,0,0,0,0,0,0,0,0,0,0,0,0,0,0,0,0,0,0,0,0,0,0,0,7,6194733,21247168,23229782,0,0,0,0,0,0,0,0,0,0,0,0,0,0,0,0,0,0,0,0,0,0,0,0,0,0,0,0,0,0,0,0,0,0,0,0,0,51502809088,14248656896,3143482,869669,23144277,1862,0,385,3145728,18128562,3111910,147,3094887985,51539607552,0,1065618833,0,0,0,0,0,0,0,0,0,0,0,0,0,0,0,0,0,0,7727946,407298704,0,468,1204,7863,623,15456055,35,0,0,0,0,0,0,0,1,0,0,0,0,0,0,0,0,0,0,21479225,0,23143982,199001,0,0,0,0,0,0,0,0,16384,0,0,0,0,0,0,0,0,0,0,0,4315,115,0,0,0,0,0,23486479,0,72,0,16,115,4315,0,0,0,0,0,0,0,0,0,0,0,0,0,0,0,0,0,0,0,0,0,0,0,0,0,0,0,0,0,0,0,0,0,0,0,0,0,0,0,0,0,0,0,0,0,0,0,0,0,0,0,0,0,0,165145780,0,0,0,866612215,0,0,0,0,0,0,0,21813161,22616430,190111040,193572087808,18774542,0,0,0,0,0,0,0,0,0,0,0,0,0,0,0,0,0,0,0,0,0,0,0,0,0,0,0,0,0,0,0,158,0,0,0,0,0,0,0
1787686724.661,0,0,0,0,0,0,0,675887372,347943275008,664907004928,0,0,0,0,0,0,0,0,0,0,0,0,0,0,0,0,0,0,0,0,0,0,0,0,0,0,0,0,0,0,0,0,0,0,0,0,0,0,0,0,0,0,0,0,0,0,0,0,0,0,0,0,0,0,0,0,0,0,0,0,7,6194789,21256442,23232663,0,0,0,0,0,0,0,0,0,0,0,0,0,0,0,0,0,0,0,0,0,0,0,0,0,0,0,0,0,0,0,0,0,0,0,0,0,51512246272,14252490752,3144058,869903,23147158,1286,0,384,3145728,18137836,3111910,147,3095028545,51539607552,0,1065641007,0,0,0,0,0,0,0,0,0,0,0,0,0,0,0,0,0,0,7728726,407299484,0,468,1204,7863,623,15457616,35,0,0,0,0,0,0,0,1,0,0,0,0,0,0,0,0,0,0,21480209,0,23146863,199025,0,0,0,0,0,0,0,0,16384,0,0,0,0,0,0,0,0,0,0,0,4316,115,0,0,0,0,0,23488844,0,72,0,16,115,4316,0,0,0,0,0,0,0,0,0,0,0,0,0,0,0,0,0,0,0,0,0,0,0,0,0,0,0,0,0,0,0,0,0,0,0,0,0,0,0,0,0,0,0,0,0,0,0,0,0,0,0,0,0,0,165148097,0,0,0,866625686,0,0,0,0,0,0,0,21814920,22625702,190116259,193575582720,18775946,0,0,0,0,0,0,0,0,0,0,0,0,0,0,0,0,0,0,0,0,0,0,0,0,0,0,0,0,0,0,0,72,0,0,0,0,0,0,0
1787686725.731,0,0,0,0,0,0,0,675915078,348095203840,664959276032,0,0,0,0,0,0,0,0,0,0,0,0,0,0,0,0,0,0,0,0,0,0,0,0,0,0,0,0,0,0,0,0,0,0,0,0,0,0,0,0,0,0,0,0,0,0,0,0,0,0,0,0,0,0,0,0,0,0,0,0,7,6194847,21265718,23235549,0,0,0,0,0,0,0,0,0,0,0,0,0,0,0,0,0,0,0,0,0,0,0,0,0,0,0,0,0,0,0,0,0,0,0,0,0,51522371584,14254915584,3144676,870051,23150044,667,0,384,3145728,18147109,3111910,147,3095167743,51539607552,0,1065662893,0,0,0,0,0,0,0,0,0,0,0,0,0,0,0,0,0,0,7729499,407300257,0,468,1204,7863,623,15459161,35,0,0,0,0,0,0,0,1,0,0,0,0,0,0,0,0,0,0,21481185,0,23149749,199049,0,0,0,0,0,0,0,0,16384,0,0,0,0,0,0,0,0,0,0,0,4317,115,0,0,0,0,0,23491196,0,72,0,16,115,4317,0,0,0,0,0,0,0,0,0,0,0,0,0,0,0,0,0,0,0,0,0,0,0,0,0,0,0,0,0,0,0,0,0,0,0,0,0,0,0,0,0,0,0,0,0,0,0,0,0,0,0,0,0,0,165150375,0,0,0,866638756,0,0,0,0,0,0,0,21816686,22634980,190121443,193579338752,18777334,0,0,0,0,0,0,0,0,0,0,0,0,0,0,0,0,0,0,0,0,0,0,0,0,0,0,0,0,0,0,0,284,0,0,0,0,0,0,0
1787686726.801,0,0,0,0,0,0,0,675943282,348252867072,665011087872,0,0,0,0,0,0,0,0,0,0,0,0,0,0,0,0,0,0,0,0,0,0,0,0,0,0,0,0,0,0,0,0,0,0,0,0,0,0,0,0,0,0,0,0,0,0,0,0,0,0,0,0,0,0,0,0,0,0,0,0,7,6194904,21275344,23238423,0,0,0,0,0,0,0,0,0,0,0,0,0,0,0,0,0,0,0,0,0,0,0,0,0,0,0,0,0,0,0,0,0,0,0,0,0,51533283328,14259175424,3145342,870311,23152918,2,0,384,3145728,18156733,3111910,147,3095310545,51539607552,0,1065685731,0,0,0,0,0,0,0,0,0,0,0,0,0,0,0,0,0,0,7730284,407301042,0,468,1204,7863,623,15460733,35,0,0,0,0,0,0,0,1,0,0,0,0,0,0,0,0,0,0,21482177,0,23152623,199073,0,0,0,0,0,0,0,0,16384,0,0,0,0,0,0,0,0,0,0,0,4319,115,0,0,0,0,0,23493582,0,72,0,16,115,4319,0,0,0,0,0,0,0,0,0,0,0,0,0,0,0,0,0,0,0,0,0,0,0,0,0,0,0,0,0,0,0,0,0,0,0,0,0,0,0,0,0,0,0,0,0,0,0,0,0,0,0,0,0,0,165152717,0,0,0,866652310,0,0,0,0,0,0,0,21818479,22644603,190126682,193582992384,18778741,0,0,0,0,0,0,0,0,0,0,0,0,0,0,0,0,0,0,0,0,0,0,0,0,0,0,0,0,0,0,0,213,0,0,0,0,0,0,0
1787686727.872,0,0,0,0,0,0,0,675971265,348404615680,665079322624,0,0,0,0,0,0,0,0,0,0,0,0,0,0,0,0,0,0,0,0,0,0,0,0,0,0,0,0,0,0,0,0,0,0,0,0,0,0,0,0,0,0,0,0,0,0,0,0,0,0,0,0,0,0,0,0,0,0,0,0,7,6194956,21284603,23241842,0,0,0,0,0,0,0,0,0,0,0,0,0,0,0,0,0,0,0,0,0,0,0,0,0,0,0,0,0,0,0,0,0,0,0,0,0,51407142912,14254243840,3137643,870010,23155884,7701,0,384,3145728,18165992,3111910,147,3095452022,51539607552,0,1065708291,0,0,0,0,0,0,0,0,0,0,0,0,0,0,0,0,0,0,7731066,407301824,0,468,1204,7863,623,15462295,35,0,0,0,0,0,0,0,1,0,0,0,0,0,0,0,0,0,0,21483156,0,23155701,199105,0,0,0,0,0,0,0,0,16384,0,0,0,0,0,0,0,0,0,0,0,4320,115,0,0,0,0,0,23495950,0,72,0,16,115,4320,0,0,0,0,0,0,0,0,0,0,0,0,0,0,0,0,0,0,0,0,0,0,0,0,0,0,0,0,0,0,0,0,0,0,0,0,0,0,0,0,0,0,0,0,0,0,0,0,0,0,0,0,0,0,165155068,0,0,0,866665868,0,0,0,0,0,0,0,21820233,22653861,190132973,193586406912,18780110,1,0,0,0,0,0,0,0,0,0,0,0,0,0,0,0,0,0,0,0,0,0,0,0,0,0,0,0,0,0,0,74,0,0,0,0,0,0,0
1787686728.943,0,0,0,0,0,0,0,675998068,348551694848,665164592128,0,0,0,0,0,0,0,0,0,0,0,0,0,0,0,0,0,0,0,0,0,0,0,0,0,0,0,0,0,0,0,0,0,0,0,0,0,0,0,0,0,0,0,0,0,0,0,0,0,0,0,0,0,0,0,0,0,0,0,0,7,6195018,21293585,23247248,0,0,0,0,0,0,0,0,0,0,0,0,0,0,0,0,0,0,0,0,0,0,0,0,0,0,0,0,0,0,0,0,0,0,0,0,0,51406340096,14213857280,3137594,867545,23161743,7750,0,384,3145728,18174968,3111910,147,3095586459,51539607552,0,1065729180,0,0,0,0,0,0,0,0,0,0,0,0,0,0,0,0,0,0,7731813,407302571,0,468,1204,7863,623,15463791,35,0,0,0,0,0,0,0,1,0,0,0,0,0,0,0,0,0,0,21484104,0,23161448,199145,0,0,0,0,0,0,0,0,16384,0,0,0,0,0,0,0,0,0,0,0,4321,115,0,0,0,0,0,23498226,0,72,0,16,115,4321,0,0,0,0,0,0,0,0,0,0,0,0,0,0,0,0,0,0,0,0,0,0,0,0,0,0,0,0,0,0,0,0,0,0,0,0,0,0,0,0,0,0,0,0,0,0,0,0,0,0,0,0,0,0,165157352,0,0,0,866678513,0,0,0,0,0,0,0,21822421,22662839,190140206,193589833216,18781492,0,0,0,0,0,0,0,0,0,0,0,0,0,0,0,0,0,0,0,0,0,0,0,0,0,0,0,0,0,0,0,261,0,0,0,0,0,0,0
1787686730.012,0,0,0,0,0,0,0,676026410,348704492032,665217317376,0,0,0,0,0,0,0,0,0,0,0,0,0,0,0,0,0,0,0,0,0,0,0,0,0,0,0,0,0,0,0,0,0,0,0,0,0,0,0,0,0,0,0,0,0,0,0,0,0,0,0,0,0,0,0,0,0,0,0,0,7,6195083,21302911,23250160,0,0,0,0,0,0,0,0,0,0,0,0,0,0,0,0,0,0,0,0,0,0,0,0,0,0,0,0,0,0,0,0,0,0,0,0,0,51417989120,14218084352,3138305,867803,23164655,7039,0,384,3145728,18184296,3111910,147,3095729662,51539607552,0,1065752197,0,0,0,0,0,0,0,0,0,0,0,0,0,0,0,0,0,0,7732604,407303362,0,468,1204,7863,623,15465372,35,0,0,0,0,0,0,0,1,0,0,0,0,0,0,0,0,0,0,21485104,0,23164360,199169,0,0,0,0,0,0,0,0,16384,0,0,0,0,0,0,0,0,0,0,0,4322,115,0,0,0,0,0,23500634,0,72,0,16,115,4322,0,0,0,0,0,0,0,0,0,0,0,0,0,0,0,0,0,0,0,0,0,0,0,0,0,0,0,0,0,0,0,0,0,0,0,0,0,0,0,0,0,0,0,0,0,0,0,0,0,0,0,0,0,0,165159736,0,0,0,866692163,0,0,0,0,0,0,0,21824281,22672167,190145526,193593614336,18782976,0,0,0,0,0,0,0,0,0,0,0,0,0,0,0,0,0,0,0,0,0,0,0,0,0,0,0,0,0,0,0,199,0,0,0,0,0,0,0
1787686731.091,0,0,0,0,0,0,0,676054523,348859206144,665269964288,0,0,0,0,0,0,0,0,0,0,0,0,0,0,0,0,0,0,0,0,0,0,0,0,0,0,0,0,0,0,0,0,0,0,0,0,0,0,0,0,0,0,0,0,0,0,0,0,0,0,0,0,0,0,0,0,0,0,0,0,7,6195145,21312359,23253082,0,0,0,0,0,0,0,0,0,0,0,0,0,0,0,0,0,0,0,0,0,0,0,0,0,0,0,0,0,0,0,0,0,0,0,0,0,51427540992,14221590528,3138888,868017,23167577,6456,0,384,3145728,18193741,3111910,147,3095871773,51539607552,0,1065774886,0,0,0,0,0,0,0,0,0,0,0,0,0,0,0,0,0,0,7733389,407304147,0,468,1204,7863,623,15466941,35,0,0,0,0,0,0,0,1,0,0,0,0,0,0,0,0,0,0,21486098,0,23167282,199194,0,0,0,0,0,0,0,0,16384,0,0,0,0,0,0,0,0,0,0,0,4323,115,0,0,0,0,0,23503020,0,72,0,16,115,4323,0,0,0,0,0,0,0,0,0,0,0,0,0,0,0,0,0,0,0,0,0,0,0,0,0,0,0,0,0,0,0,0,0,0,0,0,0,0,0,0,0,0,0,0,0,0,0,0,0,0,0,0,0,0,165162009,0,0,0,866705680,0,0,0,0,0,0,0,21826124,22681614,190150743,193597197312,18784388,1,0,0,0,0,0,0,0,0,0,0,0,0,0,0,0,0,0,0,0,0,0,0,0,0,0,0,0,0,0,0,143,0,0,0,0,0,0,0
1787686732.161,0,0,0,0,0,0,0,676082643,349011036672,665321319936,0,0,0,0,0,0,0,0,0,0,0,0,0,0,0,0,0,0,0,0,0,0,0,0,0,0,0,0,0,0,0,0,0,0,0,0,0,0,0,0,0,0,0,0,0,0,0,0,0,0,0,0,0,0,0,0,0,0,0,0,7,6195201,21321630,23255938,0,0,0,0,0,0,0,0,0,0,0,0,0,0,0,0,0,0,0,0,0,0,0,0,0,0,0,0,0,0,0,0,0,0,0,0,0,51438845952,14226178048,3139578,868297,23170433,5766,0,384,3145728,18203010,3111910,147,3096013563,51539607552,0,1065797489,0,0,0,0,0,0,0,0,0,0,0,0,0,0,0,0,0,0,7734173,407304931,0,468,1204,7863,623,15468509,35,0,0,0,0,0,0,0,1,0,0,0,0,0,0,0,0,0,0,21487088,0,23170138,199218,0,0,0,0,0,0,0,0,16384,0,0,0,0,0,0,0,0,0,0,0,4324,115,0,0,0,0,0,23505406,0,72,0,16,115,4324,0,0,0,0,0,0,0,0,0,0,0,0,0,0,0,0,0,0,0,0,0,0,0,0,0,0,0,0,0,0,0,0,0,0,0,0,0,0,0,0,0,0,0,0,0,0,0,0,0,0,0,0,0,0,165164340,0,0,0,866719189,0,0,0,0,0,0,0,21827876,22690883,190155952,193600618496,18785774,0,0,0,0,0,0,0,0,0,0,0,0,0,0,0,0,0,0,0,0,0,0,0,0,0,0,0,0,0,0,0,76,0,0,0,0,0,0,0
1787686733.230,0,0,0,0,0,0,0,676110845,349164620288,665373400576,0,0,0,0,0,0,0,0,0,0,0,0,0,0,0,0,0,0,0,0,0,0,0,0,0,0,0,0,0,0,0,0,0,0,0,0,0,0,0,0,0,0,0,0,0,0,0,0,0,0,0,0,0,0,0,0,0,0,0,0,7,6195266,21331002,23258824,0,0,0,0,0,0,0,0,0,0,0,0,0,0,0,0,0,0,0,0,0,0,0,0,0,0,0,0,0,0,0,0,0,0,0,0,0,51449053184,14229127168,3140201,868477,23173319,5143,0,384,3145728,18212381,3111910,147,3096156054,51539607552,0,1065820238,0,0,0,0,0,0,0,0,0,0,0,0,0,0,0,0,0,0,7734960,407305718,0,468,1204,7863,623,15470083,35,0,0,0,0,0,0,0,1,0,0,0,0,0,0,0,0,0,0,21488082,0,23173024,199242,0,0,0,0,0,0,0,0,16384,0,0,0,0,0,0,0,0,0,0,0,4325,115,0,0,0,0,0,23507799,0,72,0,16,115,4325,0,0,0,0,0,0,0,0,0,0,0,0,0,0,0,0,0,0,0,0,0,0,0,0,0,0,0,0,0,0,0,0,0,0,0,0,0,0,0,0,0,0,0,0,0,0,0,0,0,0,0,0,0,0,165166655,0,0,0,866732747,0,0,0,0,0,0,0,21829624,22700258,190161177,193604302336,18787149,0,0,0,0,0,0,0,0,0,0,0,0,0,0,0,0,0,0,0,0,0,0,0,0,0,0,0,0,0,0,0,34,0,0,0,0,0,0,0
1787686734.300,0,0,0,0,0,0,0,676138889,349316876800,665425332736,0,0,0,0,0,0,0,0,0,0,0,0,0,0,0,0,0,0,0,0,0,0,0,0,0,0,0,0,0,0,0,0,0,0,0,0,0,0,0,0,0,0,0,0,0,0,0,0,0,0,0,0,0,0,0,0,0,0,0,0,7,6195323,21340304,23261699,0,0,0,0,0,0,0,0,0,0,0,0,0,0,0,0,0,0,0,0,0,0,0,0,0,0,0,0,0,0,0,0,0,0,0,0,0,51459457024,14233092096,3140836,868719,23176194,4508,0,384,3145728,18221681,3111910,147,3096296573,51539607552,0,1065842082,0,0,0,0,0,0,0,0,0,0,0,0,0,0,0,0,0,0,7735742,407306500,0,468,1204,7863,623,15471650,35,0,0,0,0,0,0,0,1,0,0,0,0,0,0,0,0,0,0,21489073,0,23175899,199266,0,0,0,0,0,0,0,0,16384,0,0,0,0,0,0,0,0,0,0,0,4326,115,0,0,0,0,0,23510180,0,72,0,16,115,4326,0,0,0,0,0,0,0,0,0,0,0,0,0,0,0,0,0,0,0,0,0,0,0,0,0,0,0,0,0,0,0,0,0,0,0,0,0,0,0,0,0,0,0,0,0,0,0,0,0,0,0,0,0,0,165169036,0,0,0,866745947,0,0,0,0,0,0,0,21831443,22709551,190166452,193608037888,18788621,0,0,0,0,0,0,0,0,0,0,0,0,0,0,0,0,0,0,0,0,0,0,0,0,0,0,0,0,0,0,0,270,0,0,0,0,0,0,0
1787686735.370,0,0,0,0,0,0,0,676167133,349470001664,665477675008,0,0,0,0,0,0,0,0,0,0,0,0,0,0,0,0,0,0,0,0,0,0,0,0,0,0,0,0,0,0,0,0,0,0,0,0,0,0,0,0,0,0,0,0,0,0,0,0,0,0,0,0,0,0,0,0,0,0,0,0,7,6195384,21349648,23264586,0,0,0,0,0,0,0,0,0,0,0,0,0,0,0,0,0,0,0,0,0,0,0,0,0,0,0,0,0,0,0,0,0,0,0,0,0,51469680640,14237220864,3141460,868971,23179081,3884,0,384,3145728,18231024,3111910,147,3096439194,51539607552,0,1065865104,0,0,0,0,0,0,0,0,0,0,0,0,0,0,0,0,0,0,7736529,407307287,0,468,1204,7863,623,15473221,35,0,0,0,0,0,0,0,1,0,0,0,0,0,0,0,0,0,0,21490065,0,23178786,199290,0,0,0,0,0,0,0,0,16384,0,0,0,0,0,0,0,0,0,0,0,4327,115,0,0,0,0,0,23512576,0,72,0,16,115,4327,0,0,0,0,0,0,0,0,0,0,0,0,0,0,0,0,0,0,0,0,0,0,0,0,0,0,0,0,0,0,0,0,0,0,0,0,0,0,0,0,0,0,0,0,0,0,0,0,0,0,0,0,0,0,165171313,0,0,0,866759531,0,0,0,0,0,0,0,21833254,22718895,190171641,193611821568,18790028,0,0,0,0,0,0,0,0,0,0,0,0,0,0,0,0,0,0,0,0,0,0,0,0,0,0,0,0,0,0,0,206,0,0,0,0,0,0,0
1787686736.440,0,0,0,0,0,0,0,676195141,349621684736,665529412608,0,0,0,0,0,0,0,0,0,0,0,0,0,0,0,0,0,0,0,0,0,0,0,0,0,0,0,0,0,0,0,0,0,0,0,0,0,0,0,0,0,0,0,0,0,0,0,0,0,0,0,0,0,0,0,0,0,0,0,0,7,6195438,21358907,23267461,0,0,0,0,0,0,0,0,0,0,0,0,0,0,0,0,0,0,0,0,0,0,0,0,0,0,0,0,0,0,0,0,0,0,0,0,0,51478593536,14240382976,3142004,869164,23181956,3340,0,384,3145728,18240283,3111910,147,3096580258,51539607552,0,1065887289,0,0,0,0,0,0,0,0,0,0,0,0,0,0,0,0,0,0,7737312,407308070,0,468,1204,7863,623,15474787,35,0,0,0,0,0,0,0,1,0,0,0,0,0,0,0,0,0,0,21491052,0,23181661,199315,0,0,0,0,0,0,0,0,16384,0,0,0,0,0,0,0,0,0,0,0,4328,115,0,0,0,0,0,23514954,0,72,0,16,115,4328,0,0,0,0,0,0,0,0,0,0,0,0,0,0,0,0,0,0,0,0,0,0,0,0,0,0,0,0,0,0,0,0,0,0,0,0,0,0,0,0,0,0,0,0,0,0,0,0,0,0,0,0,0,0,165173635,0,0,0,866773044,0,0,0,0,0,0,0,21835086,22728153,190176861,193615198720,18791449,1,0,0,0,0,0,0,0,0,0,0,0,0,0,0,0,0,0,0,0,0,0,0,0,0,0,0,0,0,0,0,117,0,0,0,0,0,0,0
1787686737.510,0,0,0,0,0,0,0,676222811,349774023168,665580851200,0,0,0,0,0,0,0,0,0,0,0,0,0,0,0,0,0,0,0,0,0,0,0,0,0,0,0,0,0,0,0,0,0,0,0,0,0,0,0,0,0,0,0,0,0,0,0,0,0,0,0,0,0,0,0,0,0,0,0,0,7,6195495,21368211,23270318,0,0,0,0,0,0,0,0,0,0,0,0,0,0,0,0,0,0,0,0,0,0,0,0,0,0,0,0,0,0,0,0,0,0,0,0,0,51489472512,14244970496,3142668,869444,23184813,2676,0,384,3145728,18249583,3111910,147,3096719970,51539607552,0,1065909635,0,0,0,0,0,0,0,0,0,0,0,0,0,0,0,0,0,0,7738082,407308840,0,468,1204,7863,623,15476331,35,0,0,0,0,0,0,0,1,0,0,0,0,0,0,0,0,0,0,21492027,0,23184518,199339,0,0,0,0,0,0,0,0,16384,0,0,0,0,0,0,0,0,0,0,0,4329,115,0,0,0,0,0,23517297,0,72,0,16,115,4329,0,0,0,0,0,0,0,0,0,0,0,0,0,0,0,0,0,0,0,0,0,0,0,0,0,0,0,0,0,0,0,0,0,0,0,0,0,0,0,0,0,0,0,0,0,0,0,0,0,0,0,0,0,0,165175919,0,0,0,866786328,0,0,0,0,0,0,0,21836866,22737450,190182026,193618713600,18792872,0,0,0,0,0,0,0,0,0,0,0,0,0,0,0,0,0,0,0,0,0,0,0,0,0,0,0,0,0,0,0,65,0,0,0,0,0,0,0
1787686738.581,0,0,0,0,0,0,0,676250656,349926869504,665632375808,0,0,0,0,0,0,0,0,0,0,0,0,0,0,0,0,0,0,0,0,0,0,0,0,0,0,0,0,0,0,0,0,0,0,0,0,0,0,0,0,0,0,0,0,0,0,0,0,0,0,0,0,0,0,0,0,0,0,0,0,7,6195544,21377541,23273164,0,0,0,0,0,0,0,0,0,0,0,0,0,0,0,0,0,0,0,0,0,0,0,0,0,0,0,0,0,0,0,0,0,0,0,0,0,51500548096,14248050688,3143344,869632,23187659,2000,0,384,3145728,18258910,3111910,147,3096859435,51539607552,0,1065931313,0,0,0,0,0,0,0,0,0,0,0,0,0,0,0,0,0,0,7738860,407309618,0,468,1204,7863,623,15477883,35,0,0,0,0,0,0,0,1,0,0,0,0,0,0,0,0,0,0,21493012,0,23187364,199363,0,0,0,0,0,0,0,0,16384,0,0,0,0,0,0,0,0,0,0,0,4330,115,0,0,0,0,0,23519664,0,72,0,16,115,4330,0,0,0,0,0,0,0,0,0,0,0,0,0,0,0,0,0,0,0,0,0,0,0,0,0,0,0,0,0,0,0,0,0,0,0,0,0,0,0,0,0,0,0,0,0,0,0,0,0,0,0,0,0,0,165178270,0,0,0,866799443,0,0,0,0,0,0,0,21838714,22746776,190187247,193622314496,18794362,0,0,0,0,0,0,0,0,0,0,0,0,0,0,0,0,0,0,0,0,0,0,0,0,0,0,0,0,0,0,0,298,0,0,0,0,0,0,0
1787686739.652,0,0,0,0,0,0,0,676278591,350079797760,665683997184,0,0,0,0,0,0,0,0,0,0,0,0,0,0,0,0,0,0,0,0,0,0,0,0,0,0,0,0,0,0,0,0,0,0,0,0,0,0,0,0,0,0,0,0,0,0,0,0,0,0,0,0,0,0,0,0,0,0,0,0,7,6195605,21386883,23276014,0,0,0,0,0,0,0,0,0,0,0,0,0,0,0,0,0,0,0,0,0,0,0,0,0,0,0,0,0,0,0,0,0,0,0,0,0,51511951360,14252441600,3144040,869900,23190509,1304,0,384,3145728,18268251,3111910,147,3097000694,51539607552,0,1065953905,0,0,0,0,0,0,0,0,0,0,0,0,0,0,0,0,0,0,7739640,407310398,0,468,1204,7863,623,15479443,35,0,0,0,0,0,0,0,1,0,0,0,0,0,0,0,0,0,0,21493998,0,23190214,199388,0,0,0,0,0,0,0,0,16384,0,0,0,0,0,0,0,0,0,0,0,4331,115,0,0,0,0,0,23522041,0,72,0,16,115,4331,0,0,0,0,0,0,0,0,0,0,0,0,0,0,0,0,0,0,0,0,0,0,0,0,0,0,0,0,0,0,0,0,0,0,0,0,0,0,0,0,0,0,0,0,0,0,0,0,0,0,0,0,0,0,165180580,0,0,0,866812924,0,0,0,0,0,0,0,21840524,22756108,190192433,193625945600,18795779,0,0,0,0,0,0,0,0,0,0,0,0,0,0,0,0,0,0,0,0,0,0,0,0,0,0,0,0,0,0,0,208,0,0,0,0,0,0,0
1787686740.722,0,0,0,0,0,0,0,676306344,350232185344,665734928384,0,0,0,0,0,0,0,0,0,0,0,0,0,0,0,0,0,0,0,0,0,0,0,0,0,0,0,0,0,0,0,0,0,0,0,0,0,0,0,0,0,0,0,0,0,0,0,0,0,0,0,0,0,0,0,0,0,0,0,0,7,6195665,21396190,23278819,0,0,0,0,0,0,0,0,0,0,0,0,0,0,0,0,0,0,0,0,0,0,0,0,0,0,0,0,0,0,0,0,0,0,0,0,0,51520880640,14256635904,3144585,870156,23193314,759,0,384,3145728,18277560,3111910,147,3097141158,51539607552,0,1065976516,0,0,0,0,0,0,0,0,0,0,0,0,0,0,0,0,0,0,7740413,407311171,0,468,1204,7863,623,15480989,35,0,0,0,0,0,0,0,1,0,0,0,0,0,0,0,0,0,0,21494976,0,23193019,199413,0,0,0,0,0,0,0,0,16384,0,0,0,0,0,0,0,0,0,0,0,4332,115,0,0,0,0,0,23524386,0,72,0,16,115,4332,0,0,0,0,0,0,0,0,0,0,0,0,0,0,0,0,0,0,0,0,0,0,0,0,0,0,0,0,0,0,0,0,0,0,0,0,0,0,0,0,0,0,0,0,0,0,0,0,0,0,0,0,0,0,165182881,0,0,0,866826283,0,0,0,0,0,0,0,21842325,22765410,190197564,193629639168,18797183,0,0,0,0,0,0,0,0,0,0,0,0,0,0,0,0,0,0,0,0,0,0,0,0,0,0,0,0,0,0,0,134,0,0,0,0,0,0,0
1787686741.791,0,0,0,0,0,0,0,676333982,350383393280,665786409472,0,0,0,0,0,0,0,0,0,0,0,0,0,0,0,0,0,0,0,0,0,0,0,0,0,0,0,0,0,0,0,0,0,0,0,0,0,0,0,0,0,0,0,0,0,0,0,0,0,0,0,0,0,0,0,0,0,0,0,0,7,6195725,21405424,23281668,0,0,0,0,0,0,0,0,0,0,0,0,0,0,0,0,0,0,0,0,0,0,0,0,0,0,0,0,0,0,0,0,0,0,0,0,0,51529302016,14260453376,3145099,870389,23196163,245,0,384,3145728,18286790,3111910,147,3097280835,51539607552,0,1065998813,0,0,0,0,0,0,0,0,0,0,0,0,0,0,0,0,0,0,7741184,407311942,0,468,1204,7863,623,15482531,35,0,0,0,0,0,0,0,1,0,0,0,0,0,0,0,0,0,0,21495953,0,23195868,199438,0,0,0,0,0,0,0,0,16384,0,0,0,0,0,0,0,0,0,0,0,4333,115,0,0,0,0,0,23526725,0,72,0,16,115,4333,0,0,0,0,0,0,0,0,0,0,0,0,0,0,0,0,0,0,0,0,0,0,0,0,0,0,0,0,0,0,0,0,0,0,0,0,0,0,0,0,0,0,0,0,0,0,0,0,0,0,0,0,0,0,165185173,0,0,0,866839572,0,0,0,0,0,0,0,21844115,22774640,190202729,193633140224,18798571,0,0,0,0,0,0,0,0,0,0,0,0,0,0,0,0,0,0,0,0,0,0,0,0,0,0,0,0,0,0,0,78,0,0,0,0,0,0,0
1787686742.870,0,0,0,0,0,0,0,676361427,350533257728,665851680768,0,0,0,0,0,0,0,0,0,0,0,0,0,0,0,0,0,0,0,0,0,0,0,0,0,0,0,0,0,0,0,0,0,0,0,0,0,0,0,0,0,0,0,0,0,0,0,0,0,0,0,0,0,0,0,0,0,0,0,0,7,6195780,21414574,23284755,0,0,0,0,0,0,0,0,0,0,0,0,0,0,0,0,0,0,0,0,0,0,0,0,0,0,0,0,0,0,0,0,0,0,0,0,0,51411550208,14259470336,3137913,870329,23199016,7432,0,384,3145728,18295939,3111910,147,3097419446,51539607552,0,1066020821,0,0,0,0,0,0,0,0,0,0,0,0,0,0,0,0,0,0,7741951,407312709,0,468,1204,7863,623,15484065,35,0,0,0,0,0,0,0,1,0,0,0,0,0,0,0,0,0,0,21496923,0,23198721,199471,0,0,0,0,0,0,0,0,16384,0,0,0,0,0,0,0,0,0,0,0,4335,115,0,0,0,0,0,23529055,0,72,0,16,115,4335,0,0,0,0,0,0,0,0,0,0,0,0,0,0,0,0,0,0,0,0,0,0,0,0,0,0,0,0,0,0,0,0,0,0,0,0,0,0,0,0,0,0,0,0,0,0,0,0,0,0,0,0,0,0,165187446,0,0,0,866852815,0,0,0,0,0,0,0,21845870,22783783,190208750,193636689920,18799956,1,0,0,0,0,0,0,0,0,0,0,0,0,0,0,0,0,0,0,0,0,0,0,0,0,0,0,0,0,0,0,7,0,0,0,0,0,0,0
1787686743.940,0,0,0,0,0,0,0,676388359,350679796224,665934885376,0,0,0,0,0,0,0,0,0,0,0,0,0,0,0,0,0,0,0,0,0,0,0,0,0,0,0,0,0,0,0,0,0,0,0,0,0,0,0,0,0,0,0,0,0,0,0,0,0,0,0,0,0,0,0,0,0,0,0,0,7,6195840,21423519,23290186,0,0,0,0,0,0,0,0,0,0,0,0,0,0,0,0,0,0,0,0,0,0,0,0,0,0,0,0,0,0,0,0,0,0,0,0,0,51406061568,14219378688,3137577,867882,23204681,7767,0,384,3145728,18304880,3111910,147,3097554456,51539607552,0,1066041881,0,0,0,0,0,0,0,0,0,0,0,0,0,0,0,0,0,0,7742701,407313459,0,468,1204,7863,623,15485565,35,0,0,0,0,0,0,0,1,0,0,0,0,0,0,0,0,0,0,21497873,0,23204386,199512,0,0,0,0,0,0,0,0,16384,0,0,0,0,0,0,0,0,0,0,0,4336,115,0,0,0,0,0,23531336,0,72,0,16,115,4336,0,0,0,0,0,0,0,0,0,0,0,0,0,0,0,0,0,0,0,0,0,0,0,0,0,0,0,0,0,0,0,0,0,0,0,0,0,0,0,0,0,0,0,0,0,0,0,0,0,0,0,0,0,0,165189673,0,0,0,866865490,0,0,0,0,0,0,0,21847958,22792728,190215819,193640008704,18801268,0,0,0,0,0,0,0,0,0,0,0,0,0,0,0,0,0,0,0,0,0,0,0,0,0,0,0,0,0,0,0,203,0,0,0,0,0,0,0
1787686745.011,0,0,0,0,0,0,0,676416066,350832200192,665986088448,0,0,0,0,0,0,0,0,0,0,0,0,0,0,0,0,0,0,0,0,0,0,0,0,0,0,0,0,0,0,0,0,0,0,0,0,0,0,0,0,0,0,0,0,0,0,0,0,0,0,0,0,0,0,0,0,0,0,0,0,7,6195891,21432824,23293024,0,0,0,0,0,0,0,0,0,0,0,0,0,0,0,0,0,0,0,0,0,0,0,0,0,0,0,0,0,0,0,0,0,0,0,0,0,51416694784,14223278080,3138226,868120,23207519,7118,0,384,3145728,18314184,3111910,147,3097694581,51539607552,0,1066064234,0,0,0,0,0,0,0,0,0,0,0,0,0,0,0,0,0,0,7743473,407314231,0,468,1204,7863,623,15487109,35,0,0,0,0,0,0,0,1,0,0,0,0,0,0,0,0,0,0,21498849,0,23207224,199536,0,0,0,0,0,0,0,0,16384,0,0,0,0,0,0,0,0,0,0,0,4337,115,0,0,0,0,0,23533686,0,72,0,16,115,4337,0,0,0,0,0,0,0,0,0,0,0,0,0,0,0,0,0,0,0,0,0,0,0,0,0,0,0,0,0,0,0,0,0,0,0,0,0,0,0,0,0,0,0,0,0,0,0,0,0,0,0,0,0,0,165192000,0,0,0,866878779,0,0,0,0,0,0,0,21849735,22802033,190221006,193643520000,18802646,0,0,0,0,0,0,0,0,0,0,0,0,0,0,0,0,0,0,0,0,0,0,0,0,0,0,0,0,0,0,0,156,0,0,0,0,0,0,0
1787686746.085,0,0,0,0,0,0,0,676444068,350986553856,666038792704,0,0,0,0,0,0,0,0,0,0,0,0,0,0,0,0,0,0,0,0,0,0,0,0,0,0,0,0,0,0,0,0,0,0,0,0,0,0,0,0,0,0,0,0,0,0,0,0,0,0,0,0,0,0,0,0,0,0,0,0,7,6195954,21442252,23295951,0,0,0,0,0,0,0,0,0,0,0,0,0,0,0,0,0,0,0,0,0,0,0,0,0,0,0,0,0,0,0,0,0,0,0,0,0,51429736448,14227357696,3139022,868369,23210446,6322,0,384,3145728,18323607,3111910,147,3097836174,51539607552,0,1066086938,0,0,0,0,0,0,0,0,0,0,0,0,0,0,0,0,0,0,7744255,407315013,0,468,1204,7863,623,15488673,35,0,0,0,0,0,0,0,1,0,0,0,0,0,0,0,0,0,0,21499836,0,23210151,199561,0,0,0,0,0,0,0,0,16384,0,0,0,0,0,0,0,0,0,0,0,4338,115,0,0,0,0,0,23536062,0,72,0,16,115,4338,0,0,0,0,0,0,0,0,0,0,0,0,0,0,0,0,0,0,0,0,0,0,0,0,0,0,0,0,0,0,0,0,0,0,0,0,0,0,0,0,0,0,0,0,0,0,0,0,0,0,0,0,0,0,165194354,0,0,0,866892292,0,0,0,0,0,0,0,21851554,22811455,190226311,193647065088,18804060,0,0,0,0,0,0,0,0,0,0,0,0,0,0,0,0,0,0,0,0,0,0,0,0,0,0,0,0,0,0,0,70,0,0,0,0,0,0,0
1787686747.155,0,0,0,0,0,0,0,676472111,351138777600,666090734080,0,0,0,0,0,0,0,0,0,0,0,0,0,0,0,0,0,0,0,0,0,0,0,0,0,0,0,0,0,0,0,0,0,0,0,0,0,0,0,0,0,0,0,0,0,0,0,0,0,0,0,0,0,0,0,0,0,0,0,0,7,6196010,21451544,23298832,0,0,0,0,0,0,0,0,0,0,0,0,0,0,0,0,0,0,0,0,0,0,0,0,0,0,0,0,0,0,0,0,0,0,0,0,0,51437338624,14231126016,3139486,868599,23213327,5858,0,384,3145728,18332900,3111910,147,3097977613,51539607552,0,1066109407,0,0,0,0,0,0,0,0,0,0,0,0,0,0,0,0,0,0,7745038,407315796,0,468,1204,7863,623,15490239,35,0,0,0,0,0,0,0,1,0,0,0,0,0,0,0,0,0,0,21500827,0,23213032,199585,0,0,0,0,0,0,0,0,16384,0,0,0,0,0,0,0,0,0,0,0,4339,115,0,0,0,0,0,23538430,0,72,0,16,115,4339,0,0,0,0,0,0,0,0,0,0,0,0,0,0,0,0,0,0,0,0,0,0,0,0,0,0,0,0,0,0,0,0,0,0,0,0,0,0,0,0,0,0,0,0,0,0,0,0,0,0,0,0,0,0,165196647,0,0,0,866905766,0,0,0,0,0,0,0,21853404,22820747,190231508,193650602496,18805451,0,0,0,0,0,0,0,0,0,0,0,0,0,0,0,0,0,0,0,0,0,0,0,0,0,0,0,0,0,0,0,22,0,0,0,0,0,0,0
1787686748.226,0,0,0,0,0,0,0,676499831,351290477056,666143818240,0,0,0,0,0,0,0,0,0,0,0,0,0,0,0,0,0,0,0,0,0,0,0,0,0,0,0,0,0,0,0,0,0,0,0,0,0,0,0,0,0,0,0,0,0,0,0,0,0,0,0,0,0,0,0,0,0,0,0,0,7,6196061,21460812,23301779,0,0,0,0,0,0,0,0,0,0,0,0,0,0,0,0,0,0,0,0,0,0,0,0,0,0,0,0,0,0,0,0,0,0,0,0,0,51447037952,14232879104,3140078,868706,23216274,5265,0,384,3145728,18342168,3111910,147,3098116656,51539607552,0,1066131039,0,0,0,0,0,0,0,0,0,0,0,0,0,0,0,0,0,0,7745810,407316568,0,468,1204,7863,623,15491786,35,0,0,0,0,0,0,0,1,0,0,0,0,0,0,0,0,0,0,21501800,0,23215979,199612,0,0,0,0,0,0,0,0,16384,0,0,0,0,0,0,0,0,0,0,0,4340,115,0,0,0,0,0,23540773,0,72,0,16,115,4340,0,0,0,0,0,0,0,0,0,0,0,0,0,0,0,0,0,0,0,0,0,0,0,0,0,0,0,0,0,0,0,0,0,0,0,0,0,0,0,0,0,0,0,0,0,0,0,0,0,0,0,0,0,0,165198969,0,0,0,866918839,0,0,0,0,0,0,0,21855195,22830006,190236804,193654219776,18806843,0,0,0,0,0,0,0,0,0,0,0,0,0,0,0,0,0,0,0,0,0,0,0,0,0,0,0,0,0,0,0,227,0,0,0,0,0,0,0
1787686749.295,0,0,0,0,0,0,0,676527295,351439112704,666195548672,0,0,0,0,0,0,0,0,0,0,0,0,0,0,0,0,0,0,0,0,0,0,0,0,0,0,0,0,0,0,0,0,0,0,0,0,0,0,0,0,0,0,0,0,0,0,0,0,0,0,0,0,0,0,0,0,0,0,0,0,7,6196118,21469885,23304638,0,0,0,0,0,0,0,0,0,0,0,0,0,0,0,0,0,0,0,0,0,0,0,0,0,0,0,0,0,0,0,0,0,0,0,0,0,51456442368,14236286976,3140652,868914,23219133,4692,0,384,3145728,18351240,3111910,147,3098255468,51539607552,0,1066153297,0,0,0,0,0,0,0,0,0,0,0,0,0,0,0,0,0,0,7746579,407317337,0,468,1204,7863,623,15493321,35,0,0,0,0,0,0,0,1,0,0,0,0,0,0,0,0,0,0,21502771,0,23218838,199636,0,0,0,0,0,0,0,0,16384,0,0,0,0,0,0,0,0,0,0,0,4341,115,0,0,0,0,0,23543111,0,72,0,16,115,4341,0,0,0,0,0,0,0,0,0,0,0,0,0,0,0,0,0,0,0,0,0,0,0,0,0,0,0,0,0,0,0,0,0,0,0,0,0,0,0,0,0,0,0,0,0,0,0,0,0,0,0,0,0,0,165201292,0,0,0,866932108,0,0,0,0,0,0,0,21857023,22839079,190242010,193657879040,18808251,0,0,0,0,0,0,0,0,0,0,0,0,0,0,0,0,0,0,0,0,0,0,0,0,0,0,0,0,0,0,0,139,0,0,0,0,0,0,0
1787686750.365,0,0,0,0,0,0,0,676555059,351590042112,666246989312,0,0,0,0,0,0,0,0,0,0,0,0,0,0,0,0,0,0,0,0,0,0,0,0,0,0,0,0,0,0,0,0,0,0,0,0,0,0,0,0,0,0,0,0,0,0,0,0,0,0,0,0,0,0,0,0,0,0,0,0,7,6196160,21479104,23307508,0,0,0,0,0,0,0,0,0,0,0,0,0,0,0,0,0,0,0,0,0,0,0,0,0,0,0,0,0,0,0,0,0,0,0,0,0,51467550720,14239236096,3141330,869094,23222003,4014,0,384,3145728,18360454,3111910,147,3098395382,51539607552,0,1066175352,0,0,0,0,0,0,0,0,0,0,0,0,0,0,0,0,0,0,7747355,407318113,0,468,1204,7863,623,15494873,35,0,0,0,0,0,0,0,1,0,0,0,0,0,0,0,0,0,0,21503752,0,23221708,199662,0,0,0,0,0,0,0,0,16384,0,0,0,0,0,0,0,0,0,0,0,4342,115,0,0,0,0,0,23545473,0,72,0,16,115,4342,0,0,0,0,0,0,0,0,0,0,0,0,0,0,0,0,0,0,0,0,0,0,0,0,0,0,0,0,0,0,0,0,0,0,0,0,0,0,0,0,0,0,0,0,0,0,0,0,0,0,0,0,0,0,165203623,0,0,0,866945489,0,0,0,0,0,0,0,21858907,22848293,190247236,193661225984,18809681,0,0,0,0,0,0,0,0,0,0,0,0,0,0,0,0,0,0,0,0,0,0,0,0,0,0,0,0,0,0,0,67,0,0,0,0,0,0,0
1787686751.434,0,0,0,0,0,0,0,676582715,351742626304,666297922048,0,0,0,0,0,0,0,0,0,0,0,0,0,0,0,0,0,0,0,0,0,0,0,0,0,0,0,0,0,0,0,0,0,0,0,0,0,0,0,0,0,0,0,0,0,0,0,0,0,0,0,0,0,0,0,0,0,0,0,0,7,6196231,21488415,23310310,0,0,0,0,0,0,0,0,0,0,0,0,0,0,0,0,0,0,0,0,0,0,0,0,0,0,0,0,0,0,0,0,0,0,0,0,0,51479609344,14242938880,3142066,869320,23224805,3278,0,384,3145728,18369767,3111910,147,3098534457,51539607552,0,1066197292,0,0,0,0,0,0,0,0,0,0,0,0,0,0,0,0,0,0,7748125,407318883,0,468,1204,7863,623,15496413,35,0,0,0,0,0,0,0,1,0,0,0,0,0,0,0,0,0,0,21504724,0,23224510,199686,0,0,0,0,0,0,0,0,16384,0,0,0,0,0,0,0,0,0,0,0,4343,115,0,0,0,0,0,23547809,0,72,0,16,115,4343,0,0,0,0,0,0,0,0,0,0,0,0,0,0,0,0,0,0,0,0,0,0,0,0,0,0,0,0,0,0,0,0,0,0,0,0,0,0,0,0,0,0,0,0,0,0,0,0,0,0,0,0,0,0,165205939,0,0,0,866958529,0,0,0,0,0,0,0,21860812,22857603,190252378,193664992768,18811178,0,0,0,0,0,0,0,0,0,0,0,0,0,0,0,0,0,0,0,0,0,0,0,0,0,0,0,0,0,0,0,259,0,0,0,0,0,0,0
1787686752.504,0,0,0,0,0,0,0,676610466,351895325184,666348346368,0,0,0,0,0,0,0,0,0,0,0,0,0,0,0,0,0,0,0,0,0,0,0,0,0,0,0,0,0,0,0,0,0,0,0,0,0,0,0,0,0,0,0,0,0,0,0,0,0,0,0,0,0,0,0,0,0,0,0,0,7,6196280,21497740,23313096,0,0,0,0,0,0,0,0,0,0,0,0,0,0,0,0,0,0,0,0,0,0,0,0,0,0,0,0,0,0,0,0,0,0,0,0,0,51490258944,14247100416,3142715,869574,23227591,2628,0,385,3145728,18379092,3111910,147,3098674763,51539607552,0,1066219543,0,0,0,0,0,0,0,0,0,0,0,0,0,0,0,0,0,0,7748900,407319658,0,468,1204,7863,623,15497963,35,0,0,0,0,0,0,0,1,0,0,0,0,0,0,0,0,0,0,21505707,0,23227296,199711,0,0,0,0,0,0,0,0,16384,0,0,0,0,0,0,0,0,0,0,0,4344,115,0,0,0,0,0,23550159,0,72,0,16,115,4344,0,0,0,0,0,0,0,0,0,0,0,0,0,0,0,0,0,0,0,0,0,0,0,0,0,0,0,0,0,0,0,0,0,0,0,0,0,0,0,0,0,0,0,0,0,0,0,0,0,0,0,0,0,0,165208239,0,0,0,866971886,0,0,0,0,0,0,0,21862674,22866924,190257487,193668491776,18812606,0,0,0,0,0,0,0,0,0,0,0,0,0,0,0,0,0,0,0,0,0,0,0,0,0,0,0,0,0,0,0,214,0,0,0,0,0,0,0
1787686753.575,0,0,0,0,0,0,0,676637903,352045156864,666399606272,0,0,0,0,0,0,0,0,0,0,0,0,0,0,0,0,0,0,0,0,0,0,0,0,0,0,0,0,0,0,0,0,0,0,0,0,0,0,0,0,0,0,0,0,0,0,0,0,0,0,0,0,0,0,0,0,0,0,0,0,7,6196331,21506894,23315961,0,0,0,0,0,0,0,0,0,0,0,0,0,0,0,0,0,0,0,0,0,0,0,0,0,0,0,0,0,0,0,0,0,0,0,0,0,51497058304,14249033728,3143131,869692,23230456,2213,0,384,3145728,18388241,3111910,147,3098813097,51539607552,0,1066241177,0,0,0,0,0,0,0,0,0,0,0,0,0,0,0,0,0,0,7749669,407320427,0,468,1204,7863,623,15499501,35,0,0,0,0,0,0,0,1,0,0,0,0,0,0,0,0,0,0,21506676,0,23230161,199736,0,0,0,0,0,0,0,0,16384,0,0,0,0,0,0,0,0,0,0,0,4345,115,0,0,0,0,0,23552504,0,72,0,16,115,4345,0,0,0,0,0,0,0,0,0,0,0,0,0,0,0,0,0,0,0,0,0,0,0,0,0,0,0,0,0,0,0,0,0,0,0,0,0,0,0,0,0,0,0,0,0,0,0,0,0,0,0,0,0,0,165210497,0,0,0,866985138,0,0,0,0,0,0,0,21864404,22876069,190262636,193671750656,18813955,0,0,0,0,0,0,0,0,0,0,0,0,0,0,0,0,0,0,0,0,0,0,0,0,0,0,0,0,0,0,0,136,0,0,0,0,0,0,0
1787686754.645,0,0,0,0,0,0,0,676665432,352195807744,666450279424,0,0,0,0,0,0,0,0,0,0,0,0,0,0,0,0,0,0,0,0,0,0,0,0,0,0,0,0,0,0,0,0,0,0,0,0,0,0,0,0,0,0,0,0,0,0,0,0,0,0,0,0,0,0,0,0,0,0,0,0,7,6196377,21516094,23318766,0,0,0,0,0,0,0,0,0,0,0,0,0,0,0,0,0,0,0,0,0,0,0,0,0,0,0,0,0,0,0,0,0,0,0,0,0,51508232192,14253916160,3143813,869990,23233261,1531,0,384,3145728,18397439,3111910,147,3098952342,51539607552,0,1066263607,0,0,0,0,0,0,0,0,0,0,0,0,0,0,0,0,0,0,7750437,407321194,0,468,1204,7863,623,15501037,35,0,0,0,0,0,0,0,1,0,0,0,0,0,0,0,0,0,0,21507643,0,23232966,199760,0,0,0,0,0,0,0,0,16384,0,0,0,0,0,0,0,0,0,0,0,4346,115,0,0,0,0,0,23554844,0,72,0,16,115,4346,0,0,0,0,0,0,0,0,0,0,0,0,0,0,0,0,0,0,0,0,0,0,0,0,0,0,0,0,0,0,0,0,0,0,0,0,0,0,0,0,0,0,0,0,0,0,0,0,0,0,0,0,0,0,165212810,0,0,0,866998403,0,0,0,0,0,0,0,21866184,22885265,190267775,193675363328,18815361,0,0,0,0,0,0,0,0,0,0,0,0,0,0,0,0,0,0,0,0,0,0,0,0,0,0,0,0,0,0,0,50,0,0,0,0,0,0,0
1787686755.715,0,0,0,0,0,0,0,676692904,352345082368,666501203968,0,0,0,0,0,0,0,0,0,0,0,0,0,0,0,0,0,0,0,0,0,0,0,0,0,0,0,0,0,0,0,0,0,0,0,0,0,0,0,0,0,0,0,0,0,0,0,0,0,0,0,0,0,0,0,0,0,0,0,0,7,6196422,21525211,23321602,0,0,0,0,0,0,0,0,0,0,0,0,0,0,0,0,0,0,0,0,0,0,0,0,0,0,0,0,0,0,0,0,0,0,0,0,0,51517734912,14257618944,3144393,870216,23236097,951,0,384,3145728,18406553,3111910,147,3099089908,51539607552,0,1066284876,0,0,0,0,0,0,0,0,0,0,0,0,0,0,0,0,0,0,7751203,407321961,0,468,1204,7863,623,15502571,35,0,0,0,0,0,0,0,1,0,0,0,0,0,0,0,0,0,0,21508615,0,23235802,199784,0,0,0,0,0,0,0,0,16384,0,0,0,0,0,0,0,0,0,0,0,4347,115,0,0,0,0,0,23557162,0,72,0,16,115,4347,0,0,0,0,0,0,0,0,0,0,0,0,0,0,0,0,0,0,0,0,0,0,0,0,0,0,0,0,0,0,0,0,0,0,0,0,0,0,0,0,0,0,0,0,0,0,0,0,0,0,0,0,0,0,165215043,0,0,0,867011356,0,0,0,0,0,0,0,21867956,22894377,190272868,193678682112,18816730,0,0,0,0,0,0,0,0,0,0,0,0,0,0,0,0,0,0,0,0,0,0,0,0,0,0,0,0,0,0,0,255,0,0,0,0,0,0,0
1787686756.784,0,0,0,0,0,0,0,676721069,352496896512,666551696384,0,0,0,0,0,0,0,0,0,0,0,0,0,0,0,0,0,0,0,0,0,0,0,0,0,0,0,0,0,0,0,0,0,0,0,0,0,0,0,0,0,0,0,0,0,0,0,0,0,0,0,0,0,0,0,0,0,0,0,0,7,6196478,21534484,23324414,0,0,0,0,0,0,0,0,0,0,0,0,0,0,0,0,0,0,0,0,0,0,0,0,0,0,0,0,0,0,0,0,0,0,0,0,0,51529564160,14262910976,3145115,870539,23238909,229,0,384,3145728,18415822,3111910,147,3099231600,51539607552,0,1066307012,0,0,0,0,0,0,0,0,0,0,0,0,0,0,0,0,0,0,7751992,407322750,0,468,1204,7863,623,15504147,35,0,0,0,0,0,0,0,1,0,0,0,0,0,0,0,0,0,0,21509609,0,23238614,199808,0,0,0,0,0,0,0,0,16384,0,0,0,0,0,0,0,0,0,0,0,4348,115,0,0,0,0,0,23559557,0,72,0,16,115,4348,0,0,0,0,0,0,0,0,0,0,0,0,0,0,0,0,0,0,0,0,0,0,0,0,0,0,0,0,0,0,0,0,0,0,0,0,0,0,0,0,0,0,0,0,0,0,0,0,0,0,0,0,0,0,165217313,0,0,0,867024931,0,0,0,0,0,0,0,21869781,22903648,190277971,193682018816,18818148,0,0,0,0,0,0,0,0,0,0,0,0,0,0,0,0,0,0,0,0,0,0,0,0,0,0,0,0,0,0,0,203,0,0,0,0,0,0,0
1787686757.853,0,0,0,0,0,0,0,676748971,352648890880,666602755584,0,0,0,0,0,0,0,0,0,0,0,0,0,0,0,0,0,0,0,0,0,0,0,0,0,0,0,0,0,0,0,0,0,0,0,0,0,0,0,0,0,0,0,0,0,0,0,0,0,0,0,0,0,0,0,0,0,0,0,0,7,6196533,21543769,23327251,0,0,0,0,0,0,0,0,0,0,0,0,0,0,0,0,0,0,0,0,0,0,0,0,0,0,0,0,0,0,0,0,0,0,0,0,0,51533201408,14266613760,3145337,870765,23241746,7,0,384,3145728,18425107,3111910,147,3099372192,51539607552,0,1066329198,0,0,0,0,0,0,0,0,0,0,0,0,0,0,0,0,0,0,7752771,407323529,0,468,1204,7863,623,15505706,35,0,0,0,0,0,0,0,1,0,0,0,0,0,0,0,0,0,0,21510594,0,23241451,199832,0,0,0,0,0,0,0,0,16384,0,0,0,0,0,0,0,0,0,0,0,4350,115,0,0,0,0,0,23561927,0,72,0,16,115,4350,0,0,0,0,0,0,0,0,0,0,0,0,0,0,0,0,0,0,0,0,0,0,0,0,0,0,0,0,0,0,0,0,0,0,0,0,0,0,0,0,0,0,0,0,0,0,0,0,0,0,0,0,0,0,165219583,0,0,0,867038393,0,0,0,0,0,0,0,21871523,22912927,190283099,193685408768,18819503,0,0,0,0,0,0,0,0,0,0,0,0,0,0,0,0,0,0,0,0,0,0,0,0,0,0,0,0,0,0,0,112,0,0,0,0,0,0,0
1787686758.923,0,0,0,0,0,0,0,676776021,352796199424,666700192256,0,0,0,0,0,0,0,0,0,0,0,0,0,0,0,0,0,0,0,0,0,0,0,0,0,0,0,0,0,0,0,0,0,0,0,0,0,0,0,0,0,0,0,0,0,0,0,0,0,0,0,0,0,0,0,0,0,0,0,0,7,6196589,21552760,23332919,0,0,0,0,0,0,0,0,0,0,0,0,0,0,0,0,0,0,0,0,0,0,0,0,0,0,0,0,0,0,0,0,0,0,0,0,0,51403472896,14222786560,3137419,868090,23247414,7925,0,384,3145728,18434097,3111910,147,3099508836,51539607552,0,1066350934,0,0,0,0,0,0,0,0,0,0,0,0,0,0,0,0,0,0,7753529,407324287,0,468,1204,7863,623,15507221,35,0,0,0,0,0,0,0,1,0,0,0,0,0,0,0,0,0,0,21511555,0,23247119,199880,0,0,0,0,0,0,0,0,16384,0,0,0,0,0,0,0,0,0,0,0,4351,115,0,0,0,0,0,23564240,0,72,0,16,115,4351,0,0,0,0,0,0,0,0,0,0,0,0,0,0,0,0,0,0,0,0,0,0,0,0,0,0,0,0,0,0,0,0,0,0,0,0,0,0,0,0,0,0,0,0,0,0,0,0,0,0,0,0,0,0,165221929,0,0,0,867051487,0,0,0,0,0,0,0,21873643,22921916,190291159,193688982528,18820900,0,0,0,0,0,0,0,0,0,0,0,0,0,0,0,0,0,0,0,0,0,0,0,0,0,0,0,0,0,0,0,26,0,0,0,0,0,0,0
1787686759.994,0,0,0,0,0,0,0,676803980,352949357056,666751006208,0,0,0,0,0,0,0,0,0,0,0,0,0,0,0,0,0,0,0,0,0,0,0,0,0,0,0,0,0,0,0,0,0,0,0,0,0,0,0,0,0,0,0,0,0,0,0,0,0,0,0,0,0,0,0,0,0,0,0,0,7,6196650,21562111,23335722,0,0,0,0,0,0,0,0,0,0,0,0,0,0,0,0,0,0,0,0,0,0,0,0,0,0,0,0,0,0,0,0,0,0,0,0,0,51413843968,14229520384,3138052,868501,23250217,7292,0,384,3145728,18443447,3111910,147,3099649361,51539607552,0,1066373094,0,0,0,0,0,0,0,0,0,0,0,0,0,0,0,0,0,0,7754306,407325064,0,468,1204,7863,623,15508775,35,0,0,0,0,0,0,0,1,0,0,0,0,0,0,0,0,0,0,21512534,0,23249922,199904,0,0,0,0,0,0,0,0,16384,0,0,0,0,0,0,0,0,0,0,0,4352,115,0,0,0,0,0,23566605,0,72,0,16,115,4352,0,0,0,0,0,0,0,0,0,0,0,0,0,0,0,0,0,0,0,0,0,0,0,0,0,0,0,0,0,0,0,0,0,0,0,0,0,0,0,0,0,0,0,0,0,0,0,0,0,0,0,0,0,0,165224274,0,0,0,867064649,0,0,0,0,0,0,0,21875515,22931264,190296331,193692637696,18822362,0,0,0,0,0,0,0,0,0,0,0,0,0,0,0,0,0,0,0,0,0,0,0,0,0,0,0,0,0,0,0,226,0,0,0,0,0,0,0
1787686761.064,0,0,0,0,0,0,0,676831649,353101662720,666801022976,0,0,0,0,0,0,0,0,0,0,0,0,0,0,0,0,0,0,0,0,0,0,0,0,0,0,0,0,0,0,0,0,0,0,0,0,0,0,0,0,0,0,0,0,0,0,0,0,0,0,0,0,0,0,0,0,0,0,0,0,7,6196701,21571406,23338512,0,0,0,0,0,0,0,0,0,0,0,0,0,0,0,0,0,0,0,0,0,0,0,0,0,0,0,0,0,0,0,0,0,0,0,0,0,51425148928,14234025984,3138742,868776,23253007,6602,0,384,3145728,18452741,3111910,147,3099788681,51539607552,0,1066394716,0,0,0,0,0,0,0,0,0,0,0,0,0,0,0,0,0,0,7755083,407325841,0,468,1204,7863,623,15510329,35,0,0,0,0,0,0,0,1,0,0,0,0,0,0,0,0,0,0,21513517,0,23252712,199929,0,0,0,0,0,0,0,0,16384,0,0,0,0,0,0,0,0,0,0,0,4353,115,0,0,0,0,0,23568966,0,72,0,16,115,4353,0,0,0,0,0,0,0,0,0,0,0,0,0,0,0,0,0,0,0,0,0,0,0,0,0,0,0,0,0,0,0,0,0,0,0,0,0,0,0,0,0,0,0,0,0,0,0,0,0,0,0,0,0,0,165226563,0,0,0,867078020,0,0,0,0,0,0,0,21877256,22940555,190301439,193695858688,18823732,0,0,0,0,0,0,0,0,0,0,0,0,0,0,0,0,0,0,0,0,0,0,0,0,0,0,0,0,0,0,0,165,0,0,0,0,0,0,0
1787686762.134,0,0,0,0,0,0,0,676859801,353253919232,666851390464,0,0,0,0,0,0,0,0,0,0,0,0,0,0,0,0,0,0,0,0,0,0,0,0,0,0,0,0,0,0,0,0,0,0,0,0,0,0,0,0,0,0,0,0,0,0,0,0,0,0,0,0,0,0,0,0,0,0,0,0,7,6196765,21580708,23341302,0,0,0,0,0,0,0,0,0,0,0,0,0,0,0,0,0,0,0,0,0,0,0,0,0,0,0,0,0,0,0,0,0,0,0,0,0,51434405888,14240825344,3139307,869191,23255797,6037,0,384,3145728,18462040,3111910,147,3099930816,51539607552,0,1066417497,0,0,0,0,0,0,0,0,0,0,0,0,0,0,0,0,0,0,7755867,407326625,0,468,1204,7863,623,15511897,35,0,0,0,0,0,0,0,1,0,0,0,0,0,0,0,0,0,0,21514506,0,23255502,199954,0,0,0,0,0,0,0,0,16384,0,0,0,0,0,0,0,0,0,0,0,4354,115,0,0,0,0,0,23571356,0,72,0,16,115,4354,0,0,0,0,0,0,0,0,0,0,0,0,0,0,0,0,0,0,0,0,0,0,0,0,0,0,0,0,0,0,0,0,0,0,0,0,0,0,0,0,0,0,0,0,0,0,0,0,0,0,0,0,0,0,165228876,0,0,0,867091558,0,0,0,0,0,0,0,21879078,22949851,190306567,193699373056,18825099,0,0,0,0,0,0,0,0,0,0,0,0,0,0,0,0,0,0,0,0,0,0,0,0,0,0,0,0,0,0,0,80,0,0,0,0,0,0,0
1787686763.204,0,0,0,0,0,0,0,676887919,353406126592,666902433792,0,0,0,0,0,0,0,0,0,0,0,0,0,0,0,0,0,0,0,0,0,0,0,0,0,0,0,0,0,0,0,0,0,0,0,0,0,0,0,0,0,0,0,0,0,0,0,0,0,0,0,0,0,0,0,0,0,0,0,0,7,6196820,21590000,23344137,0,0,0,0,0,0,0,0,0,0,0,0,0,0,0,0,0,0,0,0,0,0,0,0,0,0,0,0,0,0,0,0,0,0,0,0,0,51444383744,14246035456,3139916,869509,23258632,5427,0,384,3145728,18471331,3111910,147,3100071343,51539607552,0,1066439284,0,0,0,0,0,0,0,0,0,0,0,0,0,0,0,0,0,0,7756654,407327412,0,468,1204,7863,623,15513471,35,0,0,0,0,0,0,0,1,0,0,0,0,0,0,0,0,0,0,21515496,0,23258337,199978,0,0,0,0,0,0,0,0,16384,0,0,0,0,0,0,0,0,0,0,0,4355,115,0,0,0,0,0,23573750,0,72,0,16,115,4355,0,0,0,0,0,0,0,0,0,0,0,0,0,0,0,0,0,0,0,0,0,0,0,0,0,0,0,0,0,0,0,0,0,0,0,0,0,0,0,0,0,0,0,0,0,0,0,0,0,0,0,0,0,0,165231171,0,0,0,867104855,0,0,0,0,0,0,0,21880855,22959139,190311719,193702760960,18826473,0,0,0,0,0,0,0,0,0,0,0,0,0,0,0,0,0,0,0,0,0,0,0,0,0,0,0,0,0,0,0,262,0,0,0,0,0,0,0
1787686764.275,0,0,0,0,0,0,0,676915607,353557613056,666952763392,0,0,0,0,0,0,0,0,0,0,0,0,0,0,0,0,0,0,0,0,0,0,0,0,0,0,0,0,0,0,0,0,0,0,0,0,0,0,0,0,0,0,0,0,0,0,0,0,0,0,0,0,0,0,0,0,0,0,0,0,7,6196865,21599253,23346933,0,0,0,0,0,0,0,0,0,0,0,0,0,0,0,0,0,0,0,0,0,0,0,0,0,0,0,0,0,0,0,0,0,0,0,0,0,51455311872,14250655744,3140583,869791,23261428,4761,0,384,3145728,18480582,3111910,147,3100211011,51539607552,0,1066461292,0,0,0,0,0,0,0,0,0,0,0,0,0,0,0,0,0,0,7757426,407328184,0,468,1204,7863,623,15515017,35,0,0,0,0,0,0,0,1,0,0,0,0,0,0,0,0,0,0,21516475,0,23261133,200002,0,0,0,0,0,0,0,0,16384,0,0,0,0,0,0,0,0,0,0,0,4356,115,0,0,0,0,0,23576107,0,72,0,16,115,4356,0,0,0,0,0,0,0,0,0,0,0,0,0,0,0,0,0,0,0,0,0,0,0,0,0,0,0,0,0,0,0,0,0,0,0,0,0,0,0,0,0,0,0,0,0,0,0,0,0,0,0,0,0,0,165233436,0,0,0,867118172,0,0,0,0,0,0,0,21882587,22968382,190316803,193706073088,18827821,0,0,0,0,0,0,0,0,0,0,0,0,0,0,0,0,0,0,0,0,0,0,0,0,0,0,0,0,0,0,0,200,0,0,0,0,0,0,0
1787686765.349,0,0,0,0,0,0,0,676943860,353711196672,667003794432,0,0,0,0,0,0,0,0,0,0,0,0,0,0,0,0,0,0,0,0,0,0,0,0,0,0,0,0,0,0,0,0,0,0,0,0,0,0,0,0,0,0,0,0,0,0,0,0,0,0,0,0,0,0,0,0,0,0,0,0,7,6196918,21608630,23349758,0,0,0,0,0,0,0,0,0,0,0,0,0,0,0,0,0,0,0,0,0,0,0,0,0,0,0,0,0,0,0,0,0,0,0,0,0,51467436032,14256373760,3141323,870140,23264253,4020,0,384,3145728,18489958,3111910,147,3100353283,51539607552,0,1066483624,0,0,0,0,0,0,0,0,0,0,0,0,0,0,0,0,0,0,7758217,407328975,0,468,1204,7863,623,15516597,35,0,0,0,0,0,0,0,1,0,0,0,0,0,0,0,0,0,0,21517477,0,23263958,200026,0,0,0,0,0,0,0,0,16384,0,0,0,0,0,0,0,0,0,0,0,4357,115,0,0,0,0,0,23578497,0,72,0,16,115,4357,0,0,0,0,0,0,0,0,0,0,0,0,0,0,0,0,0,0,0,0,0,0,0,0,0,0,0,0,0,0,0,0,0,0,0,0,0,0,0,0,0,0,0,0,0,0,0,0,0,0,0,0,0,0,165235780,0,0,0,867131812,0,0,0,0,0,0,0,21884412,22977759,190321996,193709507072,18829246,0,0,0,0,0,0,0,0,0,0,0,0,0,0,0,0,0,0,0,0,0,0,0,0,0,0,0,0,0,0,0,129,0,0,0,0,0,0,0
1787686766.426,0,0,0,0,0,0,0,676972048,353864600064,667055998976,0,0,0,0,0,0,0,0,0,0,0,0,0,0,0,0,0,0,0,0,0,0,0,0,0,0,0,0,0,0,0,0,0,0,0,0,0,0,0,0,0,0,0,0,0,0,0,0,0,0,0,0,0,0,0,0,0,0,0,0,7,6196971,21617997,23352646,0,0,0,0,0,0,0,0,0,0,0,0,0,0,0,0,0,0,0,0,0,0,0,0,0,0,0,0,0,0,0,0,0,0,0,0,0,51478872064,14260322304,3142021,870381,23267141,3323,0,384,3145728,18499322,3111910,147,3100495773,51539607552,0,1066506623,0,0,0,0,0,0,0,0,0,0,0,0,0,0,0,0,0,0,7759004,407329761,0,468,1204,7863,623,15518171,35,0,0,0,0,0,0,0,1,0,0,0,0,0,0,0,0,0,0,21518467,0,23266846,200050,0,0,0,0,0,0,0,0,16384,0,0,0,0,0,0,0,0,0,0,0,4358,115,0,0,0,0,0,23580880,0,72,0,16,115,4358,0,0,0,0,0,0,0,0,0,0,0,0,0,0,0,0,0,0,0,0,0,0,0,0,0,0,0,0,0,0,0,0,0,0,0,0,0,0,0,0,0,0,0,0,0,0,0,0,0,0,0,0,0,0,165238104,0,0,0,867145409,0,0,0,0,0,0,0,21886362,22987126,190327231,193713137664,18830803,0,0,0,0,0,0,0,0,0,0,0,0,0,0,0,0,0,0,0,0,0,0,0,0,0,0,0,0,0,0,0,33,0,0,0,0,0,0,0
1787686767.497,0,0,0,0,0,0,0,676999865,354017921536,667107363328,0,0,0,0,0,0,0,0,0,0,0,0,0,0,0,0,0,0,0,0,0,0,0,0,0,0,0,0,0,0,0,0,0,0,0,0,0,0,0,0,0,0,0,0,0,0,0,0,0,0,0,0,0,0,0,0,0,0,0,0,7,6197023,21627358,23355512,0,0,0,0,0,0,0,0,0,0,0,0,0,0,0,0,0,0,0,0,0,0,0,0,0,0,0,0,0,0,0,0,0,0,0,0,0,51488489472,14264565760,3142608,870640,23270007,2736,0,384,3145728,18508682,3111910,147,3100635076,51539607552,0,1066528171,0,0,0,0,0,0,0,0,0,0,0,0,0,0,0,0,0,0,7759781,407330538,0,468,1204,7863,623,15519725,35,0,0,0,0,0,0,0,1,0,0,0,0,0,0,0,0,0,0,21519450,0,23269712,200074,0,0,0,0,0,0,0,0,16384,0,0,0,0,0,0,0,0,0,0,0,4359,115,0,0,0,0,0,23583234,0,72,0,16,115,4359,0,0,0,0,0,0,0,0,0,0,0,0,0,0,0,0,0,0,0,0,0,0,0,0,0,0,0,0,0,0,0,0,0,0,0,0,0,0,0,0,0,0,0,0,0,0,0,0,0,0,0,0,0,0,165240398,0,0,0,867158528,0,0,0,0,0,0,0,21888260,22996482,190332416,193716442112,18832322,0,0,0,0,0,0,0,0,0,0,0,0,0,0,0,0,0,0,0,0,0,0,0,0,0,0,0,0,0,0,0,231,0,0,0,0,0,0,0
1787686768.567,0,0,0,0,0,0,0,677027787,354169195008,667159224832,0,0,0,0,0,0,0,0,0,0,0,0,0,0,0,0,0,0,0,0,0,0,0,0,0,0,0,0,0,0,0,0,0,0,0,0,0,0,0,0,0,0,0,0,0,0,0,0,0,0,0,0,0,0,0,0,0,0,0,0,7,6197083,21636595,23358382,0,0,0,0,0,0,0,0,0,0,0,0,0,0,0,0,0,0,0,0,0,0,0,0,0,0,0,0,0,0,0,0,0,0,0,0,0,51498090496,14268940288,3143194,870907,23272877,2150,0,384,3145728,18517920,3111910,147,3100776032,51539607552,0,1066550888,0,0,0,0,0,0,0,0,0,0,0,0,0,0,0,0,0,0,7760558,407331316,0,468,1204,7863,623,15521279,35,0,0,0,0,0,0,0,1,0,0,0,0,0,0,0,0,0,0,21520431,0,23272582,200099,0,0,0,0,0,0,0,0,16384,0,0,0,0,0,0,0,0,0,0,0,4360,115,0,0,0,0,0,23585601,0,72,0,16,115,4360,0,0,0,0,0,0,0,0,0,0,0,0,0,0,0,0,0,0,0,0,0,0,0,0,0,0,0,0,0,0,0,0,0,0,0,0,0,0,0,0,0,0,0,0,0,0,0,0,0,0,0,0,0,0,165242639,0,0,0,867171947,0,0,0,0,0,0,0,21890111,23005718,190337550,193720061440,18833745,0,0,0,0,0,0,0,0,0,0,0,0,0,0,0,0,0,0,0,0,0,0,0,0,0,0,0,0,0,0,0,168,0,0,0,0,0,0,0
1787686769.637,0,0,0,0,0,0,0,677055446,354319403520,667210364416,0,0,0,0,0,0,0,0,0,0,0,0,0,0,0,0,0,0,0,0,0,0,0,0,0,0,0,0,0,0,0,0,0,0,0,0,0,0,0,0,0,0,0,0,0,0,0,0,0,0,0,0,0,0,0,0,0,0,0,0,7,6197146,21645765,23361216,0,0,0,0,0,0,0,0,0,0,0,0,0,0,0,0,0,0,0,0,0,0,0,0,0,0,0,0,0,0,0,0,0,0,0,0,0,51507167232,14273773568,3143748,871202,23275711,1595,0,386,3145728,18527088,3111910,147,3100915700,51539607552,0,1066573035,0,0,0,0,0,0,0,0,0,0,0,0,0,0,0,0,0,0,7761332,407332090,0,468,1204,7863,623,15522827,35,0,0,0,0,0,0,0,1,0,0,0,0,0,0,0,0,0,0,21521410,0,23275416,200123,0,0,0,0,0,0,0,0,16384,0,0,0,0,0,0,0,0,0,0,0,4361,115,0,0,0,0,0,23587943,0,72,0,16,115,4361,0,0,0,0,0,0,0,0,0,0,0,0,0,0,0,0,0,0,0,0,0,0,0,0,0,0,0,0,0,0,0,0,0,0,0,0,0,0,0,0,0,0,0,0,0,0,0,0,0,0,0,0,0,0,165244982,0,0,0,867185301,0,0,0,0,0,0,0,21891912,23014880,190342751,193723515904,18835156,0,0,0,0,0,0,0,0,0,0,0,0,0,0,0,0,0,0,0,0,0,0,0,0,0,0,0,0,0,0,0,89,0,0,0,0,0,0,0
1787686770.707,0,0,0,0,0,0,0,677083302,354470021632,667262692352,0,0,0,0,0,0,0,0,0,0,0,0,0,0,0,0,0,0,0,0,0,0,0,0,0,0,0,0,0,0,0,0,0,0,0,0,0,0,0,0,0,0,0,0,0,0,0,0,0,0,0,0,0,0,0,0,0,0,0,0,7,6197194,21654962,23364117,0,0,0,0,0,0,0,0,0,0,0,0,0,0,0,0,0,0,0,0,0,0,0,0,0,0,0,0,0,0,0,0,0,0,0,0,0,51517571072,14276919296,3144383,871394,23278612,961,0,384,3145728,18536284,3111910,147,3101056068,51539607552,0,1066594977,0,0,0,0,0,0,0,0,0,0,0,0,0,0,0,0,0,0,7762112,407332870,0,468,1204,7863,623,15524387,35,0,0,0,0,0,0,0,1,0,0,0,0,0,0,0,0,0,0,21522396,0,23278317,200148,0,0,0,0,0,0,0,0,16384,0,0,0,0,0,0,0,0,0,0,0,4362,115,0,0,0,0,0,23590304,0,72,0,16,115,4362,0,0,0,0,0,0,0,0,0,0,0,0,0,0,0,0,0,0,0,0,0,0,0,0,0,0,0,0,0,0,0,0,0,0,0,0,0,0,0,0,0,0,0,0,0,0,0,0,0,0,0,0,0,0,165247312,0,0,0,867198742,0,0,0,0,0,0,0,21893727,23024069,190348006,193727019520,18836582,0,0,0,0,0,0,0,0,0,0,0,0,0,0,0,0,0,0,0,0,0,0,0,0,0,0,0,0,0,0,0,31,0,0,0,0,0,0,0
1787686771.777,0,0,0,0,0,0,0,677110947,354621753856,667313723392,0,0,0,0,0,0,0,0,0,0,0,0,0,0,0,0,0,0,0,0,0,0,0,0,0,0,0,0,0,0,0,0,0,0,0,0,0,0,0,0,0,0,0,0,0,0,0,0,0,0,0,0,0,0,0,0,0,0,0,0,7,6197239,21664228,23366957,0,0,0,0,0,0,0,0,0,0,0,0,0,0,0,0,0,0,0,0,0,0,0,0,0,0,0,0,0,0,0,0,0,0,0,0,0,51528761344,14280540160,3145066,871615,23281452,278,0,384,3145728,18545550,3111910,147,3101194274,51539607552,0,1066616107,0,0,0,0,0,0,0,0,0,0,0,0,0,0,0,0,0,0,7762887,407333645,0,468,1204,7863,623,15525937,35,0,0,0,0,0,0,0,1,0,0,0,0,0,0,0,0,0,0,21523378,0,23281157,200173,0,0,0,0,0,0,0,0,16384,0,0,0,0,0,0,0,0,0,0,0,4363,115,0,0,0,0,0,23592658,0,72,0,16,115,4363,0,0,0,0,0,0,0,0,0,0,0,0,0,0,0,0,0,0,0,0,0,0,0,0,0,0,0,0,0,0,0,0,0,0,0,0,0,0,0,0,0,0,0,0,0,0,0,0,0,0,0,0,0,0,165249653,0,0,0,867211818,0,0,0,0,0,0,0,21895534,23033330,190353206,193730320384,18837966,0,0,0,0,0,0,0,0,0,0,0,0,0,0,0,0,0,0,0,0,0,0,0,0,0,0,0,0,0,0,0,243,0,0,0,0,0,0,0
1787686772.847,0,0,0,0,0,0,0,677138818,354773191168,667364306944,0,0,0,0,0,0,0,0,0,0,0,0,0,0,0,0,0,0,0,0,0,0,0,0,0,0,0,0,0,0,0,0,0,0,0,0,0,0,0,0,0,0,0,0,0,0,0,0,0,0,0,0,0,0,0,0,0,0,0,0,7,6197282,21673476,23369763,0,0,0,0,0,0,0,0,0,0,0,0,0,0,0,0,0,0,0,0,0,0,0,0,0,0,0,0,0,0,0,0,0,0,0,0,0,51533053952,14284619776,3145329,871864,23284258,15,0,384,3145728,18554795,3111910,147,3101334846,51539607552,0,1066638181,0,0,0,0,0,0,0,0,0,0,0,0,0,0,0,0,0,0,7763667,407334425,0,468,1204,7863,623,15527497,35,0,0,0,0,0,0,0,1,0,0,0,0,0,0,0,0,0,0,21524363,0,23283963,200197,0,0,0,0,0,0,0,0,16384,0,0,0,0,0,0,0,0,0,0,0,4365,115,0,0,0,0,0,23595032,0,72,0,16,115,4365,0,0,0,0,0,0,0,0,0,0,0,0,0,0,0,0,0,0,0,0,0,0,0,0,0,0,0,0,0,0,0,0,0,0,0,0,0,0,0,0,0,0,0,0,0,0,0,0,0,0,0,0,0,0,165251976,0,0,0,867225255,0,0,0,0,0,0,0,21897353,23042575,190358359,193733654528,18839375,0,0,0,0,0,0,0,0,0,0,0,0,0,0,0,0,0,0,0,0,0,0,0,0,0,0,0,0,0,0,0,176,0,0,0,0,0,0,0
1787686773.916,0,0,0,0,0,0,0,677165461,354919074304,667462002176,0,0,0,0,0,0,0,0,0,0,0,0,0,0,0,0,0,0,0,0,0,0,0,0,0,0,0,0,0,0,0,0,0,0,0,0,0,0,0,0,0,0,0,0,0,0,0,0,0,0,0,0,0,0,0,0,0,0,0,0,7,6197331,21682385,23375471,0,0,0,0,0,0,0,0,0,0,0,0,0,0,0,0,0,0,0,0,0,0,0,0,0,0,0,0,0,0,0,0,0,0,0,0,0,51402080256,14239956992,3137334,869138,23289966,8010,0,384,3145728,18563698,3111910,147,3101469379,51539607552,0,1066659374,0,0,0,0,0,0,0,0,0,0,0,0,0,0,0,0,0,0,7764412,407335170,0,468,1204,7863,623,15528987,35,0,0,0,0,0,0,0,1,0,0,0,0,0,0,0,0,0,0,21525307,0,23289671,200246,0,0,0,0,0,0,0,0,16384,0,0,0,0,0,0,0,0,0,0,0,4366,115,0,0,0,0,0,23597284,0,72,0,16,115,4366,0,0,0,0,0,0,0,0,0,0,0,0,0,0,0,0,0,0,0,0,0,0,0,0,0,0,0,0,0,0,0,0,0,0,0,0,0,0,0,0,0,0,0,0,0,0,0,0,0,0,0,0,0,0,165254193,0,0,0,867238112,0,0,0,0,0,0,0,21899442,23051478,190366330,193736818688,18840718,0,0,0,0,0,0,0,0,0,0,0,0,0,0,0,0,0,0,0,0,0,0,0,0,0,0,0,0,0,0,0,98,0,0,0,0,0,0,0
1787686774.986,0,0,0,0,0,0,0,677192799,355071707648,667513310208,0,0,0,0,0,0,0,0,0,0,0,0,0,0,0,0,0,0,0,0,0,0,0,0,0,0,0,0,0,0,0,0,0,0,0,0,0,0,0,0,0,0,0,0,0,0,0,0,0,0,0,0,0,0,0,0,0,0,0,0,7,6197391,21691703,23378304,0,0,0,0,0,0,0,0,0,0,0,0,0,0,0,0,0,0,0,0,0,0,0,0,0,0,0,0,0,0,0,0,0,0,0,0,0,51411582976,14243807232,3137914,869373,23292799,7430,0,384,3145728,18573016,3111910,147,3101607737,51539607552,0,1066681315,0,0,0,0,0,0,0,0,0,0,0,0,0,0,0,0,0,0,7765174,407335932,0,468,1204,7863,623,15530511,35,0,0,0,0,0,0,0,1,0,0,0,0,0,0,0,0,0,0,21526275,0,23292504,200270,0,0,0,0,0,0,0,0,16384,0,0,0,0,0,0,0,0,0,0,0,4367,115,0,0,0,0,0,23599620,0,72,0,16,115,4367,0,0,0,0,0,0,0,0,0,0,0,0,0,0,0,0,0,0,0,0,0,0,0,0,0,0,0,0,0,0,0,0,0,0,0,0,0,0,0,0,0,0,0,0,0,0,0,0,0,0,0,0,0,0,165256478,0,0,0,867251241,0,0,0,0,0,0,0,21901252,23060795,190371473,193740399104,18842119,0,0,0,0,0,0,0,0,0,0,0,0,0,0,0,0,0,0,0,0,0,0,0,0,0,0,0,0,0,0,0,57,0,0,0,0,0,0,0
1787686776.056,0,0,0,0,0,0,0,677220715,355223669248,667565379584,0,0,0,0,0,0,0,0,0,0,0,0,0,0,0,0,0,0,0,0,0,0,0,0,0,0,0,0,0,0,0,0,0,0,0,0,0,0,0,0,0,0,0,0,0,0,0,0,0,0,0,0,0,0,0,0,0,0,0,0,7,6197444,21700983,23381188,0,0,0,0,0,0,0,0,0,0,0,0,0,0,0,0,0,0,0,0,0,0,0,0,0,0,0,0,0,0,0,0,0,0,0,0,0,51423477760,14247362560,3138640,869590,23295683,6704,0,384,3145728,18582295,3111910,147,3101747755,51539607552,0,1066703140,0,0,0,0,0,0,0,0,0,0,0,0,0,0,0,0,0,0,7765953,407336711,0,468,1204,7863,623,15532069,35,0,0,0,0,0,0,0,1,0,0,0,0,0,0,0,0,0,0,21527262,0,23295388,200296,0,0,0,0,0,0,0,0,16384,0,0,0,0,0,0,0,0,0,0,0,4368,115,0,0,0,0,0,23601990,0,72,0,16,115,4368,0,0,0,0,0,0,0,0,0,0,0,0,0,0,0,0,0,0,0,0,0,0,0,0,0,0,0,0,0,0,0,0,0,0,0,0,0,0,0,0,0,0,0,0,0,0,0,0,0,0,0,0,0,0,165258844,0,0,0,867264415,0,0,0,0,0,0,0,21903178,23070068,190376748,193743935488,18843604,0,0,0,0,0,0,0,0,0,0,0,0,0,0,0,0,0,0,0,0,0,0,0,0,0,0,0,0,0,0,0,255,0,0,0,0,0,0,0
1787686777.134,0,0,0,0,0,0,0,677248567,355376384512,667615436800,0,0,0,0,0,0,0,0,0,0,0,0,0,0,0,0,0,0,0,0,0,0,0,0,0,0,0,0,0,0,0,0,0,0,0,0,0,0,0,0,0,0,0,0,0,0,0,0,0,0,0,0,0,0,0,0,0,0,0,0,7,6197489,21710304,23383974,0,0,0,0,0,0,0,0,0,0,0,0,0,0,0,0,0,0,0,0,0,0,0,0,0,0,0,0,0,0,0,0,0,0,0,0,0,51434438656,14251655168,3139309,869852,23298469,6035,0,384,3145728,18591615,3111910,147,3101888225,51539607552,0,1066725141,0,0,0,0,0,0,0,0,0,0,0,0,0,0,0,0,0,0,7766733,407337491,0,468,1204,7863,623,15533632,35,0,0,0,0,0,0,0,1,0,0,0,0,0,0,0,0,0,0,21528247,0,23298174,200321,0,0,0,0,0,0,0,0,16384,0,0,0,0,0,0,0,0,0,0,0,4369,115,0,0,0,0,0,23604370,0,72,0,16,115,4369,0,0,0,0,0,0,0,0,0,0,0,0,0,0,0,0,0,0,0,0,0,0,0,0,0,0,0,0,0,0,0,0,0,0,0,0,0,0,0,0,0,0,0,0,0,0,0,0,0,0,0,0,0,0,165261178,0,0,0,867277848,0,0,0,0,0,0,0,21905033,23079389,190381893,193747279360,18845089,0,0,0,0,0,0,0,0,0,0,0,0,0,0,0,0,0,0,0,0,0,0,0,0,0,0,0,0,0,0,0,207,0,0,0,0,0,0,0
1787686778.204,0,0,0,0,0,0,0,677276489,355529247232,667666113536,0,0,0,0,0,0,0,0,0,0,0,0,0,0,0,0,0,0,0,0,0,0,0,0,0,0,0,0,0,0,0,0,0,0,0,0,0,0,0,0,0,0,0,0,0,0,0,0,0,0,0,0,0,0,0,0,0,0,0,0,7,6197538,21719635,23386776,0,0,0,0,0,0,0,0,0,0,0,0,0,0,0,0,0,0,0,0,0,0,0,0,0,0,0,0,0,0,0,0,0,0,0,0,0,51445760000,14256537600,3140000,870150,23301271,5344,0,384,3145728,18600945,3111910,147,3102028984,51539607552,0,1066747462,0,0,0,0,0,0,0,0,0,0,0,0,0,0,0,0,0,0,7767513,407338271,0,468,1204,7863,623,15535189,35,0,0,0,0,0,0,0,1,0,0,0,0,0,0,0,0,0,0,21529234,0,23300976,200345,0,0,0,0,0,0,0,0,16384,0,0,0,0,0,0,0,0,0,0,0,4370,115,0,0,0,0,0,23606749,0,72,0,16,115,4370,0,0,0,0,0,0,0,0,0,0,0,0,0,0,0,0,0,0,0,0,0,0,0,0,0,0,0,0,0,0,0,0,0,0,0,0,0,0,0,0,0,0,0,0,0,0,0,0,0,0,0,0,0,0,165263545,0,0,0,867291262,0,0,0,0,0,0,0,21906856,23088714,190387085,193750829568,18846570,0,0,0,0,0,0,0,0,0,0,0,0,0,0,0,0,0,0,0,0,0,0,0,0,0,0,0,0,0,0,0,158,0,0,0,0,0,0,0
1787686779.275,0,0,0,0,0,0,0,677304663,355681126912,667717046272,0,0,0,0,0,0,0,0,0,0,0,0,0,0,0,0,0,0,0,0,0,0,0,0,0,0,0,0,0,0,0,0,0,0,0,0,0,0,0,0,0,0,0,0,0,0,0,0,0,0,0,0,0,0,0,0,0,0,0,0,7,6197605,21728905,23389591,0,0,0,0,0,0,0,0,0,0,0,0,0,0,0,0,0,0,0,0,0,0,0,0,0,0,0,0,0,0,0,0,0,0,0,0,0,51454312448,14261731328,3140522,870467,23304086,4822,0,384,3145728,18610214,3111910,147,3102171252,51539607552,0,1066770312,0,0,0,0,0,0,0,0,0,0,0,0,0,0,0,0,0,0,7768297,407339055,0,468,1204,7863,623,15536761,35,0,0,0,0,0,0,0,1,0,0,0,0,0,0,0,0,0,0,21530224,0,23303791,200369,0,0,0,0,0,0,0,0,16384,0,0,0,0,0,0,0,0,0,0,0,4371,115,0,0,0,0,0,23609133,0,72,0,16,115,4371,0,0,0,0,0,0,0,0,0,0,0,0,0,0,0,0,0,0,0,0,0,0,0,0,0,0,0,0,0,0,0,0,0,0,0,0,0,0,0,0,0,0,0,0,0,0,0,0,0,0,0,0,0,0,165265864,0,0,0,867304831,0,0,0,0,0,0,0,21908666,23097986,190392240,193754420736,18847991,0,0,0,0,0,0,0,0,0,0,0,0,0,0,0,0,0,0,0,0,0,0,0,0,0,0,0,0,0,0,0,77,0,0,0,0,0,0,0
1787686780.345,0,0,0,0,0,0,0,677332821,355834841600,667767977984,0,0,0,0,0,0,0,0,0,0,0,0,0,0,0,0,0,0,0,0,0,0,0,0,0,0,0,0,0,0,0,0,0,0,0,0,0,0,0,0,0,0,0,0,0,0,0,0,0,0,0,0,0,0,0,0,0,0,0,0,7,6197665,21738290,23392415,0,0,0,0,0,0,0,0,0,0,0,0,0,0,0,0,0,0,0,0,0,0,0,0,0,0,0,0,0,0,0,0,0,0,0,0,0,51465224192,14266580992,3141188,870763,23306910,4156,0,384,3145728,18619598,3111910,147,3102312248,51539607552,0,1066792072,0,0,0,0,0,0,0,0,0,0,0,0,0,0,0,0,0,0,7769086,407339844,0,468,1204,7863,623,15538335,35,0,0,0,0,0,0,0,1,0,0,0,0,0,0,0,0,0,0,21531215,0,23306615,200393,0,0,0,0,0,0,0,0,16384,0,0,0,0,0,0,0,0,0,0,0,4372,115,0,0,0,0,0,23611527,0,72,0,16,115,4372,0,0,0,0,0,0,0,0,0,0,0,0,0,0,0,0,0,0,0,0,0,0,0,0,0,0,0,0,0,0,0,0,0,0,0,0,0,0,0,0,0,0,0,0,0,0,0,0,0,0,0,0,0,0,165268198,0,0,0,867318149,0,0,0,0,0,0,0,21910401,23107367,190397422,193758008320,18849373,0,0,0,0,0,0,0,0,0,0,0,0,0,0,0,0,0,0,0,0,0,0,0,0,0,0,0,0,0,0,0,276,0,0,0,0,0,0,0
1787686781.415,0,0,0,0,0,0,0,677360937,355987966464,667817988096,0,0,0,0,0,0,0,0,0,0,0,0,0,0,0,0,0,0,0,0,0,0,0,0,0,0,0,0,0,0,0,0,0,0,0,0,0,0,0,0,0,0,0,0,0,0,0,0,0,0,0,0,0,0,0,0,0,0,0,0,7,6197720,21747637,23395177,0,0,0,0,0,0,0,0,0,0,0,0,0,0,0,0,0,0,0,0,0,0,0,0,0,0,0,0,0,0,0,0,0,0,0,0,0,51477331968,14272937984,3141927,871151,23309672,3417,0,384,3145728,18628943,3111910,147,3102453838,51539607552,0,1066814403,0,0,0,0,0,0,0,0,0,0,0,0,0,0,0,0,0,0,7769872,407340630,0,468,1204,7863,623,15539908,35,0,0,0,0,0,0,0,1,0,0,0,0,0,0,0,0,0,0,21532210,0,23309377,200417,0,0,0,0,0,0,0,0,16384,0,0,0,0,0,0,0,0,0,0,0,4373,115,0,0,0,0,0,23613924,0,72,0,16,115,4373,0,0,0,0,0,0,0,0,0,0,0,0,0,0,0,0,0,0,0,0,0,0,0,0,0,0,0,0,0,0,0,0,0,0,0,0,0,0,0,0,0,0,0,0,0,0,0,0,0,0,0,0,0,0,165270559,0,0,0,867331676,0,0,0,0,0,0,0,21912175,23116712,190402569,193761622016,18850788,0,0,0,0,0,0,0,0,0,0,0,0,0,0,0,0,0,0,0,0,0,0,0,0,0,0,0,0,0,0,0,234,0,0,0,0,0,0,0
1787686782.485,0,0,0,0,0,0,0,677389263,356142483968,667869090816,0,0,0,0,0,0,0,0,0,0,0,0,0,0,0,0,0,0,0,0,0,0,0,0,0,0,0,0,0,0,0,0,0,0,0,0,0,0,0,0,0,0,0,0,0,0,0,0,0,0,0,0,0,0,0,0,0,0,0,0,7,6197776,21757073,23398024,0,0,0,0,0,0,0,0,0,0,0,0,0,0,0,0,0,0,0,0,0,0,0,0,0,0,0,0,0,0,0,0,0,0,0,0,0,51488243712,14277181440,3142593,871410,23312519,2751,0,384,3145728,18638379,3111910,147,3102596606,51539607552,0,1066836723,0,0,0,0,0,0,0,0,0,0,0,0,0,0,0,0,0,0,7770667,407341425,0,468,1204,7863,623,15541497,35,0,0,0,0,0,0,0,1,0,0,0,0,0,0,0,0,0,0,21533218,0,23312224,200441,0,0,0,0,0,0,0,0,16384,0,0,0,0,0,0,0,0,0,0,0,4374,115,0,0,0,0,0,23616334,0,72,0,16,115,4374,0,0,0,0,0,0,0,0,0,0,0,0,0,0,0,0,0,0,0,0,0,0,0,0,0,0,0,0,0,0,0,0,0,0,0,0,0,0,0,0,0,0,0,0,0,0,0,0,0,0,0,0,0,0,165272833,0,0,0,867345372,0,0,0,0,0,0,0,21913957,23126145,190407708,193764898304,18852147,1,0,0,0,0,0,0,0,0,0,0,0,0,0,0,0,0,0,0,0,0,0,0,0,0,0,0,0,0,0,0,162,0,0,0,0,0,0,0
1787686783.556,0,0,0,0,0,0,0,677417541,356294298112,667921778688,0,0,0,0,0,0,0,0,0,0,0,0,0,0,0,0,0,0,0,0,0,0,0,0,0,0,0,0,0,0,0,0,0,0,0,0,0,0,0,0,0,0,0,0,0,0,0,0,0,0,0,0,0,0,0,0,0,0,0,0,7,6197842,21766342,23400932,0,0,0,0,0,0,0,0,0,0,0,0,0,0,0,0,0,0,0,0,0,0,0,0,0,0,0,0,0,0,0,0,0,0,0,0,0,51496173568,14281572352,3143077,871678,23315427,2267,0,384,3145728,18647645,3111910,147,3102739248,51539607552,0,1066859722,0,0,0,0,0,0,0,0,0,0,0,0,0,0,0,0,0,0,7771452,407342210,0,468,1204,7863,623,15543068,35,0,0,0,0,0,0,0,1,0,0,0,0,0,0,0,0,0,0,21534209,0,23315132,200466,0,0,0,0,0,0,0,0,16384,0,0,0,0,0,0,0,0,0,0,0,4375,115,0,0,0,0,0,23618721,0,72,0,16,115,4375,0,0,0,0,0,0,0,0,0,0,0,0,0,0,0,0,0,0,0,0,0,0,0,0,0,0,0,0,0,0,0,0,0,0,0,0,0,0,0,0,0,0,0,0,0,0,0,0,0,0,0,0,0,0,165275218,0,0,0,867358923,0,0,0,0,0,0,0,21915810,23135413,190413026,193768631808,18853568,0,0,0,0,0,0,0,0,0,0,0,0,0,0,0,0,0,0,0,0,0,0,0,0,0,0,0,0,0,0,0,101,0,0,0,0,0,0,0
1787686784.626,0,0,0,0,0,0,0,677445433,356446407168,667973676032,0,0,0,0,0,0,0,0,0,0,0,0,0,0,0,0,0,0,0,0,0,0,0,0,0,0,0,0,0,0,0,0,0,0,0,0,0,0,0,0,0,0,0,0,0,0,0,0,0,0,0,0,0,0,0,0,0,0,0,0,7,6197907,21775625,23403815,0,0,0,0,0,0,0,0,0,0,0,0,0,0,0,0,0,0,0,0,0,0,0,0,0,0,0,0,0,0,0,0,0,0,0,0,0,51506888704,14284701696,3143731,871869,23318310,1613,0,384,3145728,18656931,3111910,147,3102880404,51539607552,0,1066882255,0,0,0,0,0,0,0,0,0,0,0,0,0,0,0,0,0,0,7772231,407342989,0,468,1204,7863,623,15544626,35,0,0,0,0,0,0,0,1,0,0,0,0,0,0,0,0,0,0,21535195,0,23318015,200490,0,0,0,0,0,0,0,0,16384,0,0,0,0,0,0,0,0,0,0,0,4376,115,0,0,0,0,0,23621083,0,72,0,16,115,4376,0,0,0,0,0,0,0,0,0,0,0,0,0,0,0,0,0,0,0,0,0,0,0,0,0,0,0,0,0,0,0,0,0,0,0,0,0,0,0,0,0,0,0,0,0,0,0,0,0,0,0,0,0,0,165277563,0,0,0,867372357,0,0,0,0,0,0,0,21917695,23144694,190418273,193772133888,18855050,0,0,0,0,0,0,0,0,0,0,0,0,0,0,0,0,0,0,0,0,0,0,0,0,0,0,0,0,0,0,0,31,0,0,0,0,0,0,0
1787686785.696,0,0,0,0,0,0,0,677473501,356598139392,668025051136,0,0,0,0,0,0,0,0,0,0,0,0,0,0,0,0,0,0,0,0,0,0,0,0,0,0,0,0,0,0,0,0,0,0,0,0,0,0,0,0,0,0,0,0,0,0,0,0,0,0,0,0,0,0,0,0,0,0,0,0,7,6197968,21784891,23406651,0,0,0,0,0,0,0,0,0,0,0,0,0,0,0,0,0,0,0,0,0,0,0,0,0,0,0,0,0,0,0,0,0,0,0,0,0,51516325888,14289731584,3144307,872176,23321146,1037,0,384,3145728,18666194,3111910,147,3103020960,51539607552,0,1066904330,0,0,0,0,0,0,0,0,0,0,0,0,0,0,0,0,0,0,7773013,407343771,0,468,1204,7863,623,15546189,35,0,0,0,0,0,0,0,1,0,0,0,0,0,0,0,0,0,0,21536186,0,23320851,200514,0,0,0,0,0,0,0,0,16384,0,0,0,0,0,0,0,0,0,0,0,4377,115,0,0,0,0,0,23623464,0,72,0,16,115,4377,0,0,0,0,0,0,0,0,0,0,0,0,0,0,0,0,0,0,0,0,0,0,0,0,0,0,0,0,0,0,0,0,0,0,0,0,0,0,0,0,0,0,0,0,0,0,0,0,0,0,0,0,0,0,165279856,0,0,0,867385540,0,0,0,0,0,0,0,21919465,23153955,190423422,193775823360,18856457,0,0,0,0,0,0,0,0,0,0,0,0,0,0,0,0,0,0,0,0,0,0,0,0,0,0,0,0,0,0,0,269,0,0,0,0,0,0,0
1787686786.765,0,0,0,0,0,0,0,677501989,356752607744,668076451840,0,0,0,0,0,0,0,0,0,0,0,0,0,0,0,0,0,0,0,0,0,0,0,0,0,0,0,0,0,0,0,0,0,0,0,0,0,0,0,0,0,0,0,0,0,0,0,0,0,0,0,0,0,0,0,0,0,0,0,0,7,6198036,21794321,23409491,0,0,0,0,0,0,0,0,0,0,0,0,0,0,0,0,0,0,0,0,0,0,0,0,0,0,0,0,0,0,0,0,0,0,0,0,0,51528908800,14296285184,3145075,872576,23323986,268,0,385,3145728,18675621,3111910,147,3103164874,51539607552,0,1066927522,0,0,0,0,0,0,0,0,0,0,0,0,0,0,0,0,0,0,7773807,407344565,0,468,1204,7863,623,15547777,35,0,0,0,0,0,0,0,1,0,0,0,0,0,0,0,0,0,0,21537188,0,23323691,200538,0,0,0,0,0,0,0,0,16384,0,0,0,0,0,0,0,0,0,0,0,4378,115,0,0,0,0,0,23625875,0,72,0,16,115,4378,0,0,0,0,0,0,0,0,0,0,0,0,0,0,0,0,0,0,0,0,0,0,0,0,0,0,0,0,0,0,0,0,0,0,0,0,0,0,0,0,0,0,0,0,0,0,0,0,0,0,0,0,0,0,165282217,0,0,0,867399234,0,0,0,0,0,0,0,21921311,23163384,190428646,193779376128,18857897,0,0,0,0,0,0,0,0,0,0,0,0,0,0,0,0,0,0,0,0,0,0,0,0,0,0,0,0,0,0,0,202,0,0,0,0,0,0,0
1787686787.842,0,0,0,0,0,0,0,677530056,356904815104,668128393216,0,0,0,0,0,0,0,0,0,0,0,0,0,0,0,0,0,0,0,0,0,0,0,0,0,0,0,0,0,0,0,0,0,0,0,0,0,0,0,0,0,0,0,0,0,0,0,0,0,0,0,0,0,0,0,0,0,0,0,0,7,6198092,21803623,23412368,0,0,0,0,0,0,0,0,0,0,0,0,0,0,0,0,0,0,0,0,0,0,0,0,0,0,0,0,0,0,0,0,0,0,0,0,0,51533316096,14299725824,3145344,872786,23326863,0,0,384,3145728,18684923,3111910,147,3103306324,51539607552,0,1066949896,0,0,0,0,0,0,0,0,0,0,0,0,0,0,0,0,0,0,7774591,407345349,0,468,1204,7863,623,15549345,35,0,0,0,0,0,0,0,1,0,0,0,0,0,0,0,0,0,0,21538181,0,23326568,200563,0,0,0,0,0,0,0,0,16384,0,0,0,0,0,0,0,0,0,0,0,4380,115,0,0,0,0,0,23628253,0,72,0,16,115,4380,0,0,0,0,0,0,0,0,0,0,0,0,0,0,0,0,0,0,0,0,0,0,0,0,0,0,0,0,0,0,0,0,0,0,0,0,0,0,0,0,0,0,0,0,0,0,0,0,0,0,0,0,0,0,165284537,0,0,0,867412739,0,0,0,0,0,0,0,21923089,23172680,190433867,193782883840,18859289,0,0,0,0,0,0,0,0,0,0,0,0,0,0,0,0,0,0,0,0,0,0,0,0,0,0,0,0,0,0,0,151,0,0,0,0,0,0,0
1787686788.913,0,0,0,0,0,0,0,677557366,357053188608,668225175552,0,0,0,0,0,0,0,0,0,0,0,0,0,0,0,0,0,0,0,0,0,0,0,0,0,0,0,0,0,0,0,0,0,0,0,0,0,0,0,0,0,0,0,0,0,0,0,0,0,0,0,0,0,0,0,0,0,0,0,0,7,6198152,21812685,23418004,0,0,0,0,0,0,0,0,0,0,0,0,0,0,0,0,0,0,0,0,0,0,0,0,0,0,0,0,0,0,0,0,0,0,0,0,0,51402620928,14256750592,3137367,870163,23332499,7977,0,384,3145728,18693983,3111910,147,3103444141,51539607552,0,1066971721,0,0,0,0,0,0,0,0,0,0,0,0,0,0,0,0,0,0,7775354,407346112,0,468,1204,7863,623,15550871,35,0,0,0,0,0,0,0,1,0,0,0,0,0,0,0,0,0,0,21539151,0,23332204,200612,0,0,0,0,0,0,0,0,16384,0,0,0,0,0,0,0,0,0,0,0,4381,115,0,0,0,0,0,23630578,0,72,0,16,115,4381,0,0,0,0,0,0,0,0,0,0,0,0,0,0,0,0,0,0,0,0,0,0,0,0,0,0,0,0,0,0,0,0,0,0,0,0,0,0,0,0,0,0,0,0,0,0,0,0,0,0,0,0,0,0,165286776,0,0,0,867425899,0,0,0,0,0,0,0,21925183,23181734,190441788,193786251776,18860636,0,0,0,0,0,0,0,0,0,0,0,0,0,0,0,0,0,0,0,0,0,0,0,0,0,0,0,0,0,0,0,82,0,0,0,0,0,0,0
1787686789.988,0,0,0,0,0,0,0,677585330,357208230400,668276615168,0,0,0,0,0,0,0,0,0,0,0,0,0,0,0,0,0,0,0,0,0,0,0,0,0,0,0,0,0,0,0,0,0,0,0,0,0,0,0,0,0,0,0,0,0,0,0,0,0,0,0,0,0,0,0,0,0,0,0,0,7,6198212,21822151,23420859,0,0,0,0,0,0,0,0,0,0,0,0,0,0,0,0,0,0,0,0,0,0,0,0,0,0,0,0,0,0,0,0,0,0,0,0,0,51412680704,14261927936,3137981,870479,23335354,7363,0,384,3145728,18703450,3111910,147,3103584692,51539607552,0,1066993546,0,0,0,0,0,0,0,0,0,0,0,0,0,0,0,0,0,0,7776135,407346893,0,468,1204,7863,623,15552433,35,0,0,0,0,0,0,0,1,0,0,0,0,0,0,0,0,0,0,21540135,0,23335059,200636,0,0,0,0,0,0,0,0,16384,0,0,0,0,0,0,0,0,0,0,0,4382,115,0,0,0,0,0,23632949,0,72,0,16,115,4382,0,0,0,0,0,0,0,0,0,0,0,0,0,0,0,0,0,0,0,0,0,0,0,0,0,0,0,0,0,0,0,0,0,0,0,0,0,0,0,0,0,0,0,0,0,0,0,0,0,0,0,0,0,0,165289107,0,0,0,867439096,0,0,0,0,0,0,0,21926910,23191198,190446997,193789700096,18862008,0,0,0,0,0,0,0,0,0,0,0,0,0,0,0,0,0,0,0,0,0,0,0,0,0,0,0,0,0,0,0,283,0,0,0,0,0,0,0
1787686791.057,0,0,0,0,0,0,0,677613619,357358832128,668329132544,0,0,0,0,0,0,0,0,0,0,0,0,0,0,0,0,0,0,0,0,0,0,0,0,0,0,0,0,0,0,0,0,0,0,0,0,0,0,0,0,0,0,0,0,0,0,0,0,0,0,0,0,0,0,0,0,0,0,0,0,7,6198267,21831344,23423751,0,0,0,0,0,0,0,0,0,0,0,0,0,0,0,0,0,0,0,0,0,0,0,0,0,0,0,0,0,0,0,0,0,0,0,0,0,51422150656,14265860096,3138559,870719,23338246,6785,0,384,3145728,18712642,3111910,147,3103727293,51539607552,0,1067016474,0,0,0,0,0,0,0,0,0,0,0,0,0,0,0,0,0,0,7776924,407347682,0,468,1204,7863,623,15554012,35,0,0,0,0,0,0,0,1,0,0,0,0,0,0,0,0,0,0,21541128,0,23337951,200661,0,0,0,0,0,0,0,0,16384,0,0,0,0,0,0,0,0,0,0,0,4383,115,0,0,0,0,0,23635356,0,72,0,16,115,4383,0,0,0,0,0,0,0,0,0,0,0,0,0,0,0,0,0,0,0,0,0,0,0,0,0,0,0,0,0,0,0,0,0,0,0,0,0,0,0,0,0,0,0,0,0,0,0,0,0,0,0,0,0,0,165291469,0,0,0,867452753,0,0,0,0,0,0,0,21928735,23200392,190452276,193793508864,18863421,0,0,0,0,0,0,0,0,0,0,0,0,0,0,0,0,0,0,0,0,0,0,0,0,0,0,0,0,0,0,0,176,0,0,0,0,0,0,0
1787686792.127,0,0,0,0,0,0,0,677641876,357510908416,668380765184,0,0,0,0,0,0,0,0,0,0,0,0,0,0,0,0,0,0,0,0,0,0,0,0,0,0,0,0,0,0,0,0,0,0,0,0,0,0,0,0,0,0,0,0,0,0,0,0,0,0,0,0,0,0,0,0,0,0,0,0,7,6198321,21840626,23426612,0,0,0,0,0,0,0,0,0,0,0,0,0,0,0,0,0,0,0,0,0,0,0,0,0,0,0,0,0,0,0,0,0,0,0,0,0,51432488960,14270808064,3139190,871021,23341107,6154,0,384,3145728,18721924,3111910,147,3103869675,51539607552,0,1067038899,0,0,0,0,0,0,0,0,0,0,0,0,0,0,0,0,0,0,7777714,407348472,0,468,1204,7863,623,15555591,35,0,0,0,0,0,0,0,1,0,0,0,0,0,0,0,0,0,0,21542124,0,23340812,200685,0,0,0,0,0,0,0,0,16384,0,0,0,0,0,0,0,0,0,0,0,4384,115,0,0,0,0,0,23637762,0,72,0,16,115,4384,0,0,0,0,0,0,0,0,0,0,0,0,0,0,0,0,0,0,0,0,0,0,0,0,0,0,0,0,0,0,0,0,0,0,0,0,0,0,0,0,0,0,0,0,0,0,0,0,0,0,0,0,0,0,165293839,0,0,0,867466378,0,0,0,0,0,0,0,21930591,23209671,190457529,193796956160,18864856,0,0,0,0,0,0,0,0,0,0,0,0,0,0,0,0,0,0,0,0,0,0,0,0,0,0,0,0,0,0,0,94,0,0,0,0,0,0,0
1787686793.197,0,0,0,0,0,0,0,677669943,357664295424,668432373248,0,0,0,0,0,0,0,0,0,0,0,0,0,0,0,0,0,0,0,0,0,0,0,0,0,0,0,0,0,0,0,0,0,0,0,0,0,0,0,0,0,0,0,0,0,0,0,0,0,0,0,0,0,0,0,0,0,0,0,0,7,6198378,21849990,23429473,0,0,0,0,0,0,0,0,0,0,0,0,0,0,0,0,0,0,0,0,0,0,0,0,0,0,0,0,0,0,0,0,0,0,0,0,0,51444580352,14275510272,3139928,871308,23343968,5416,0,384,3145728,18731286,3111910,147,3104011617,51539607552,0,1067061626,0,0,0,0,0,0,0,0,0,0,0,0,0,0,0,0,0,0,7778498,407349256,0,468,1204,7863,623,15557161,35,0,0,0,0,0,0,0,1,0,0,0,0,0,0,0,0,0,0,21543113,0,23343673,200709,0,0,0,0,0,0,0,0,16384,0,0,0,0,0,0,0,0,0,0,0,4385,115,0,0,0,0,0,23640148,0,72,0,16,115,4385,0,0,0,0,0,0,0,0,0,0,0,0,0,0,0,0,0,0,0,0,0,0,0,0,0,0,0,0,0,0,0,0,0,0,0,0,0,0,0,0,0,0,0,0,0,0,0,0,0,0,0,0,0,0,165296150,0,0,0,867479906,0,0,0,0,0,0,0,21932535,23219035,190462722,193800412160,18866396,0,0,0,0,0,0,0,0,0,0,0,0,0,0,0,0,0,0,0,0,0,0,0,0,0,0,0,0,0,0,0,28,0,0,0,0,0,0,0
1787686794.267,0,0,0,0,0,0,0,677697869,357816240640,668483834880,0,0,0,0,0,0,0,0,0,0,0,0,0,0,0,0,0,0,0,0,0,0,0,0,0,0,0,0,0,0,0,0,0,0,0,0,0,0,0,0,0,0,0,0,0,0,0,0,0,0,0,0,0,0,0,0,0,0,0,0,7,6198423,21859267,23432357,0,0,0,0,0,0,0,0,0,0,0,0,0,0,0,0,0,0,0,0,0,0,0,0,0,0,0,0,0,0,0,0,0,0,0,0,0,51454164992,14279278592,3140513,871538,23346852,4830,0,385,3145728,18740562,3111910,147,3104150803,51539607552,0,1067082594,0,0,0,0,0,0,0,0,0,0,0,0,0,0,0,0,0,0,7779283,407350040,0,468,1204,7863,623,15558729,35,0,0,0,0,0,0,0,1,0,0,0,0,0,0,0,0,0,0,21544104,0,23346557,200734,0,0,0,0,0,0,0,0,16384,0,0,0,0,0,0,0,0,0,0,0,4386,115,0,0,0,0,0,23642532,0,72,0,16,115,4386,0,0,0,0,0,0,0,0,0,0,0,0,0,0,0,0,0,0,0,0,0,0,0,0,0,0,0,0,0,0,0,0,0,0,0,0,0,0,0,0,0,0,0,0,0,0,0,0,0,0,0,0,0,0,165298375,0,0,0,867493121,0,0,0,0,0,0,0,21934416,23228310,190467854,193803513856,18867867,0,0,0,0,0,0,0,0,0,0,0,0,0,0,0,0,0,0,0,0,0,0,0,0,0,0,0,0,0,0,0,237,0,0,0,0,0,0,0
1787686795.339,0,0,0,0,0,0,0,677726204,357968300544,668535228416,0,0,0,0,0,0,0,0,0,0,0,0,0,0,0,0,0,0,0,0,0,0,0,0,0,0,0,0,0,0,0,0,0,0,0,0,0,0,0,0,0,0,0,0,0,0,0,0,0,0,0,0,0,0,0,0,0,0,0,0,7,6198478,21868549,23435217,0,0,0,0,0,0,0,0,0,0,0,0,0,0,0,0,0,0,0,0,0,0,0,0,0,0,0,0,0,0,0,0,0,0,0,0,0,51465306112,14284570624,3141193,871861,23349712,4151,0,384,3145728,18749843,3111910,147,3104293497,51539607552,0,1067105000,0,0,0,0,0,0,0,0,0,0,0,0,0,0,0,0,0,0,7780076,407350834,0,468,1204,7863,623,15560315,35,0,0,0,0,0,0,0,1,0,0,0,0,0,0,0,0,0,0,21545106,0,23349417,200758,0,0,0,0,0,0,0,0,16384,0,0,0,0,0,0,0,0,0,0,0,4387,115,0,0,0,0,0,23644954,0,72,0,16,115,4387,0,0,0,0,0,0,0,0,0,0,0,0,0,0,0,0,0,0,0,0,0,0,0,0,0,0,0,0,0,0,0,0,0,0,0,0,0,0,0,0,0,0,0,0,0,0,0,0,0,0,0,0,0,0,165300724,0,0,0,867506772,0,0,0,0,0,0,0,21936265,23237587,190473087,193806878208,18869358,0,0,0,0,0,0,0,0,0,0,0,0,0,0,0,0,0,0,0,0,0,0,0,0,0,0,0,0,0,0,0,186,0,0,0,0,0,0,0
1787686796.410,0,0,0,0,0,0,0,677754225,358120278528,668586277376,0,0,0,0,0,0,0,0,0,0,0,0,0,0,0,0,0,0,0,0,0,0,0,0,0,0,0,0,0,0,0,0,0,0,0,0,0,0,0,0,0,0,0,0,0,0,0,0,0,0,0,0,0,0,0,0,0,0,0,0,7,6198525,21877826,23438059,0,0,0,0,0,0,0,0,0,0,0,0,0,0,0,0,0,0,0,0,0,0,0,0,0,0,0,0,0,0,0,0,0,0,0,0,0,51474563072,14288388096,3141758,872094,23352554,3586,0,384,3145728,18759119,3111910,147,3104434448,51539607552,0,1067127039,0,0,0,0,0,0,0,0,0,0,0,0,0,0,0,0,0,0,7780859,407351617,0,468,1204,7863,623,15561881,35,0,0,0,0,0,0,0,1,0,0,0,0,0,0,0,0,0,0,21546095,0,23352259,200782,0,0,0,0,0,0,0,0,16384,0,0,0,0,0,0,0,0,0,0,0,4388,115,0,0,0,0,0,23647341,0,72,0,16,115,4388,0,0,0,0,0,0,0,0,0,0,0,0,0,0,0,0,0,0,0,0,0,0,0,0,0,0,0,0,0,0,0,0,0,0,0,0,0,0,0,0,0,0,0,0,0,0,0,0,0,0,0,0,0,0,165303025,0,0,0,867520261,0,0,0,0,0,0,0,21938014,23246863,190478253,193810121216,18870776,0,0,0,0,0,0,0,0,0,0,0,0,0,0,0,0,0,0,0,0,0,0,0,0,0,0,0,0,0,0,0,130,0,0,0,0,0,0,0
1787686797.480,0,0,0,0,0,0,0,677782125,358273075712,668637886464,0,0,0,0,0,0,0,0,0,0,0,0,0,0,0,0,0,0,0,0,0,0,0,0,0,0,0,0,0,0,0,0,0,0,0,0,0,0,0,0,0,0,0,0,0,0,0,0,0,0,0,0,0,0,0,0,0,0,0,0,7,6198572,21887153,23440926,0,0,0,0,0,0,0,0,0,0,0,0,0,0,0,0,0,0,0,0,0,0,0,0,0,0,0,0,0,0,0,0,0,0,0,0,0,51485818880,14293139456,3142445,872384,23355421,2899,0,384,3145728,18768443,3111910,147,3104575080,51539607552,0,1067149269,0,0,0,0,0,0,0,0,0,0,0,0,0,0,0,0,0,0,7781638,407352396,0,468,1204,7863,623,15563442,35,0,0,0,0,0,0,0,1,0,0,0,0,0,0,0,0,0,0,21547082,0,23355126,200806,0,0,0,0,0,0,0,0,16384,0,0,0,0,0,0,0,0,0,0,0,4389,115,0,0,0,0,0,23649702,0,72,0,16,115,4389,0,0,0,0,0,0,0,0,0,0,0,0,0,0,0,0,0,0,0,0,0,0,0,0,0,0,0,0,0,0,0,0,0,0,0,0,0,0,0,0,0,0,0,0,0,0,0,0,0,0,0,0,0,0,165305329,0,0,0,867533698,0,0,0,0,0,0,0,21939875,23256188,190483448,193813516288,18872222,0,0,0,0,0,0,0,0,0,0,0,0,0,0,0,0,0,0,0,0,0,0,0,0,0,0,0,0,0,0,0,63,0,0,0,0,0,0,0
1787686798.550,0,0,0,0,0,0,0,677809988,358424791552,668690678272,0,0,0,0,0,0,0,0,0,0,0,0,0,0,0,0,0,0,0,0,0,0,0,0,0,0,0,0,0,0,0,0,0,0,0,0,0,0,0,0,0,0,0,0,0,0,0,0,0,0,0,0,0,0,0,0,0,0,0,0,7,6198624,21896415,23443886,0,0,0,0,0,0,0,0,0,0,0,0,0,0,0,0,0,0,0,0,0,0,0,0,0,0,0,0,0,0,0,0,0,0,0,0,0,51495305216,14295236608,3143023,872512,23358381,2320,0,385,3145728,18777702,3111910,147,3104714438,51539607552,0,1067170641,0,0,0,0,0,0,0,0,0,0,0,0,0,0,0,0,0,0,7782418,407353176,0,468,1204,7863,623,15565000,35,0,0,0,0,0,0,0,1,0,0,0,0,0,0,0,0,0,0,21548068,0,23358086,200831,0,0,0,0,0,0,0,0,16384,0,0,0,0,0,0,0,0,0,0,0,4390,115,0,0,0,0,0,23652077,0,72,0,16,115,4390,0,0,0,0,0,0,0,0,0,0,0,0,0,0,0,0,0,0,0,0,0,0,0,0,0,0,0,0,0,0,0,0,0,0,0,0,0,0,0,0,0,0,0,0,0,0,0,0,0,0,0,0,0,0,165307633,0,0,0,867546843,0,0,0,0,0,0,0,21941638,23265446,190488737,193816815616,18873608,0,0,0,0,0,0,0,0,0,0,0,0,0,0,0,0,0,0,0,0,0,0,0,0,0,0,0,0,0,0,0,276,0,0,0,0,0,0,0
1787686799.624,0,0,0,0,0,0,0,677838407,358580095488,668744039424,0,0,0,0,0,0,0,0,0,0,0,0,0,0,0,0,0,0,0,0,0,0,0,0,0,0,0,0,0,0,0,0,0,0,0,0,0,0,0,0,0,0,0,0,0,0,0,0,0,0,0,0,0,0,0,0,0,0,0,0,7,6198687,21905898,23446844,0,0,0,0,0,0,0,0,0,0,0,0,0,0,0,0,0,0,0,0,0,0,0,0,0,0,0,0,0,0,0,0,0,0,0,0,0,51508985856,14299906048,3143859,872797,23361339,1485,0,384,3145728,18787185,3111910,147,3104858088,51539607552,0,1067193693,0,0,0,0,0,0,0,0,0,0,0,0,0,0,0,0,0,0,7783212,407353970,0,468,1204,7863,623,15566587,35,0,0,0,0,0,0,0,1,0,0,0,0,0,0,0,0,0,0,21549069,0,23361044,200855,0,0,0,0,0,0,0,0,16384,0,0,0,0,0,0,0,0,0,0,0,4391,115,0,0,0,0,0,23654494,0,72,0,16,115,4391,0,0,0,0,0,0,0,0,0,0,0,0,0,0,0,0,0,0,0,0,0,0,0,0,0,0,0,0,0,0,0,0,0,0,0,0,0,0,0,0,0,0,0,0,0,0,0,0,0,0,0,0,0,0,165309991,0,0,0,867560534,0,0,0,0,0,0,0,21943424,23274927,190494075,193820506624,18875009,0,0,0,0,0,0,0,0,0,0,0,0,0,0,0,0,0,0,0,0,0,0,0,0,0,0,0,0,0,0,0,216,0,0,0,0,0,0,0
1787686800.694,0,0,0,0,0,0,0,677866432,358732974592,668797037568,0,0,0,0,0,0,0,0,0,0,0,0,0,0,0,0,0,0,0,0,0,0,0,0,0,0,0,0,0,0,0,0,0,0,0,0,0,0,0,0,0,0,0,0,0,0,0,0,0,0,0,0,0,0,0,0,0,0,0,0,7,6198744,21915233,23449803,0,0,0,0,0,0,0,0,0,0,0,0,0,0,0,0,0,0,0,0,0,0,0,0,0,0,0,0,0,0,0,0,0,0,0,0,0,51517358080,14302527488,3144370,872957,23364298,973,0,384,3145728,18796519,3111910,147,3104999799,51539607552,0,1067216288,0,0,0,0,0,0,0,0,0,0,0,0,0,0,0,0,0,0,7783994,407354752,0,468,1204,7863,623,15568151,35,0,0,0,0,0,0,0,1,0,0,0,0,0,0,0,0,0,0,21550056,0,23364003,200880,0,0,0,0,0,0,0,0,16384,0,0,0,0,0,0,0,0,0,0,0,4392,115,0,0,0,0,0,23656871,0,72,0,16,115,4392,0,0,0,0,0,0,0,0,0,0,0,0,0,0,0,0,0,0,0,0,0,0,0,0,0,0,0,0,0,0,0,0,0,0,0,0,0,0,0,0,0,0,0,0,0,0,0,0,0,0,0,0,0,0,165312314,0,0,0,867574023,0,0,0,0,0,0,0,21945209,23284259,190499381,193823967744,18876391,0,0,0,0,0,0,0,0,0,0,0,0,0,0,0,0,0,0,0,0,0,0,0,0,0,0,0,0,0,0,0,143,0,0,0,0,0,0,0
1787686801.765,0,0,0,0,0,0,0,677894502,358884870656,668848581632,0,0,0,0,0,0,0,0,0,0,0,0,0,0,0,0,0,0,0,0,0,0,0,0,0,0,0,0,0,0,0,0,0,0,0,0,0,0,0,0,0,0,0,0,0,0,0,0,0,0,0,0,0,0,0,0,0,0,0,0,7,6198792,21924513,23452675,0,0,0,0,0,0,0,0,0,0,0,0,0,0,0,0,0,0,0,0,0,0,0,0,0,0,0,0,0,0,0,0,0,0,0,0,0,51527417856,14307049472,3144984,873233,23367170,360,0,384,3145728,18805797,3111910,147,3105141424,51539607552,0,1067238699,0,0,0,0,0,0,0,0,0,0,0,0,0,0,0,0,0,0,7784776,407355534,0,468,1204,7863,623,15569715,35,0,0,0,0,0,0,0,1,0,0,0,0,0,0,0,0,0,0,21551044,0,23366875,200904,0,0,0,0,0,0,0,0,16384,0,0,0,0,0,0,0,0,0,0,0,4393,115,0,0,0,0,0,23659248,0,72,0,16,115,4393,0,0,0,0,0,0,0,0,0,0,0,0,0,0,0,0,0,0,0,0,0,0,0,0,0,0,0,0,0,0,0,0,0,0,0,0,0,0,0,0,0,0,0,0,0,0,0,0,0,0,0,0,0,0,165314635,0,0,0,867587506,0,0,0,0,0,0,0,21946870,23293534,190504594,193827395072,18877768,0,0,0,0,0,0,0,0,0,0,0,0,0,0,0,0,0,0,0,0,0,0,0,0,0,0,0,0,0,0,0,83,0,0,0,0,0,0,0
1787686802.836,0,0,0,0,0,0,0,677922683,359037454848,668902203392,0,0,0,0,0,0,0,0,0,0,0,0,0,0,0,0,0,0,0,0,0,0,0,0,0,0,0,0,0,0,0,0,0,0,0,0,0,0,0,0,0,0,0,0,0,0,0,0,0,0,0,0,0,0,0,0,0,0,0,0,7,6198859,21933828,23455633,0,0,0,0,0,0,0,0,0,0,0,0,0,0,0,0,0,0,0,0,0,0,0,0,0,0,0,0,0,0,0,0,0,0,0,0,0,51533250560,14310244352,3145340,873428,23370128,4,0,384,3145728,18815108,3111910,147,3105284019,51539607552,0,1067261780,0,0,0,0,0,0,0,0,0,0,0,0,0,0,0,0,0,0,7785561,407356319,0,468,1204,7863,623,15571285,35,0,0,0,0,0,0,0,1,0,0,0,0,0,0,0,0,0,0,21552040,0,23369833,200936,0,0,0,0,0,0,0,0,16384,0,0,0,0,0,0,0,0,0,0,0,4395,115,0,0,0,0,0,23661632,0,72,0,16,115,4395,0,0,0,0,0,0,0,0,0,0,0,0,0,0,0,0,0,0,0,0,0,0,0,0,0,0,0,0,0,0,0,0,0,0,0,0,0,0,0,0,0,0,0,0,0,0,0,0,0,0,0,0,0,0,165316989,0,0,0,867601042,0,0,0,0,0,0,0,21948734,23302849,190509938,193831195648,18879183,0,0,0,0,0,0,0,0,0,0,0,0,0,0,0,0,0,0,0,0,0,0,0,0,0,0,0,0,0,0,0,37,0,0,0,0,0,0,0
1787686803.906,0,0,0,0,0,0,0,677949823,359185844736,668997631488,0,0,0,0,0,0,0,0,0,0,0,0,0,0,0,0,0,0,0,0,0,0,0,0,0,0,0,0,0,0,0,0,0,0,0,0,0,0,0,0,0,0,0,0,0,0,0,0,0,0,0,0,0,0,0,0,0,0,0,0,7,6198921,21942890,23460709,0,0,0,0,0,0,0,0,0,0,0,0,0,0,0,0,0,0,0,0,0,0,0,0,0,0,0,0,0,0,0,0,0,0,0,0,0,51400949760,14277623808,3137265,871438,23373032,8079,0,384,3145728,18824167,3111910,147,3105420335,51539607552,0,1067283014,0,0,0,0,0,0,0,0,0,0,0,0,0,0,0,0,0,0,7786322,407357080,0,468,1204,7863,623,15572807,35,0,0,0,0,0,0,0,1,0,0,0,0,0,0,0,0,0,0,21553001,0,23374670,200990,0,0,0,0,0,0,0,0,16384,0,0,0,0,0,0,0,0,0,0,0,4396,115,0,0,0,0,0,23663951,0,72,0,16,115,4396,0,0,0,0,0,0,0,0,0,0,0,0,0,0,0,0,0,0,0,0,0,0,0,0,0,0,0,0,0,0,0,0,0,0,0,0,0,0,0,0,0,0,0,0,0,0,0,0,0,0,0,0,0,0,165319219,0,0,0,867613917,0,0,0,0,0,0,0,21950823,23311905,190517799,193834614272,18880507,1,0,0,0,0,0,0,0,0,0,0,0,0,0,0,0,0,0,0,0,0,0,0,0,0,0,0,0,0,0,0,205,0,0,0,0,0,0,0
1787686804.976,0,0,0,0,0,0,0,677977487,359335119360,669055462400,0,0,0,0,0,0,0,0,0,0,0,0,0,0,0,0,0,0,0,0,0,0,0,0,0,0,0,0,0,0,0,0,0,0,0,0,0,0,0,0,0,0,0,0,0,0,0,0,0,0,0,0,0,0,0,0,0,0,0,0,7,6198984,21952002,23464432,0,0,0,0,0,0,0,0,0,0,0,0,0,0,0,0,0,0,0,0,0,0,0,0,0,0,0,0,0,0,0,0,0,0,0,0,0,51410878464,14267219968,3137871,870802,23378927,7473,0,384,3145728,18833277,3111910,147,3105560021,51539607552,0,1067305493,0,0,0,0,0,0,0,0,0,0,0,0,0,0,0,0,0,0,7787090,407357848,0,468,1204,7863,623,15574343,35,0,0,0,0,0,0,0,1,0,0,0,0,0,0,0,0,0,0,21553964,0,23378632,201033,0,0,0,0,0,0,0,0,16384,0,0,0,0,0,0,0,0,0,0,0,4397,115,0,0,0,0,0,23666278,0,72,0,16,115,4397,0,0,0,0,0,0,0,0,0,0,0,0,0,0,0,0,0,0,0,0,0,0,0,0,0,0,0,0,0,0,0,0,0,0,0,0,0,0,0,0,0,0,0,0,0,0,0,0,0,0,0,0,0,0,165321498,0,0,0,867627242,0,0,0,0,0,0,0,21952864,23321016,190523338,193838187520,18881962,0,0,0,0,0,0,0,0,0,0,0,0,0,0,0,0,0,0,0,0,0,0,0,0,0,0,0,0,0,0,0,71,0,0,0,0,0,0,0
1787686806.047,0,0,0,0,0,0,0,678005474,359488571904,669108092416,0,0,0,0,0,0,0,0,0,0,0,0,0,0,0,0,0,0,0,0,0,0,0,0,0,0,0,0,0,0,0,0,0,0,0,0,0,0,0,0,0,0,0,0,0,0,0,0,0,0,0,0,0,0,0,0,0,0,0,0,7,6199036,21961365,23467363,0,0,0,0,0,0,0,0,0,0,0,0,0,0,0,0,0,0,0,0,0,0,0,0,0,0,0,0,0,0,0,0,0,0,0,0,0,51421233152,14270742528,3138503,871017,23381858,6841,0,384,3145728,18842639,3111910,147,3105700278,51539607552,0,1067327295,0,0,0,0,0,0,0,0,0,0,0,0,0,0,0,0,0,0,7787875,407358632,0,468,1204,7863,623,15575913,35,0,0,0,0,0,0,0,1,0,0,0,0,0,0,0,0,0,0,21554948,0,23381563,201057,0,0,0,0,0,0,0,0,16384,0,0,0,0,0,0,0,0,0,0,0,4398,115,0,0,0,0,0,23668659,0,72,0,16,115,4398,0,0,0,0,0,0,0,0,0,0,0,0,0,0,0,0,0,0,0,0,0,0,0,0,0,0,0,0,0,0,0,0,0,0,0,0,0,0,0,0,0,0,0,0,0,0,0,0,0,0,0,0,0,0,165323805,0,0,0,867640480,0,0,0,0,0,0,0,21954658,23330378,190528593,193841605632,18883379,0,0,0,0,0,0,0,0,0,0,0,0,0,0,0,0,0,0,0,0,0,0,0,0,0,0,0,0,0,0,0,274,0,0,0,0,0,0,0
1787686807.118,0,0,0,0,0,0,0,678033520,359640992256,669159841792,0,0,0,0,0,0,0,0,0,0,0,0,0,0,0,0,0,0,0,0,0,0,0,0,0,0,0,0,0,0,0,0,0,0,0,0,0,0,0,0,0,0,0,0,0,0,0,0,0,0,0,0,0,0,0,0,0,0,0,0,7,6199094,21970674,23470243,0,0,0,0,0,0,0,0,0,0,0,0,0,0,0,0,0,0,0,0,0,0,0,0,0,0,0,0,0,0,0,0,0,0,0,0,0,51430735872,14273265664,3139083,871171,23384738,6261,0,384,3145728,18851946,3111910,147,3105841682,51539607552,0,1067349630,0,0,0,0,0,0,0,0,0,0,0,0,0,0,0,0,0,0,7788657,407359415,0,468,1204,7863,623,15577478,35,0,0,0,0,0,0,0,1,0,0,0,0,0,0,0,0,0,0,21555938,0,23384443,201081,0,0,0,0,0,0,0,0,16384,0,0,0,0,0,0,0,0,0,0,0,4399,115,0,0,0,0,0,23671038,0,72,0,16,115,4399,0,0,0,0,0,0,0,0,0,0,0,0,0,0,0,0,0,0,0,0,0,0,0,0,0,0,0,0,0,0,0,0,0,0,0,0,0,0,0,0,0,0,0,0,0,0,0,0,0,0,0,0,0,0,165326079,0,0,0,867654025,0,0,0,0,0,0,0,21956488,23339676,190533768,193845003776,18884816,0,0,0,0,0,0,0,0,0,0,0,0,0,0,0,0,0,0,0,0,0,0,0,0,0,0,0,0,0,0,0,153,0,0,0,0,0,0,0
1787686808.188,0,0,0,0,0,0,0,678061351,359793494528,669213104128,0,0,0,0,0,0,0,0,0,0,0,0,0,0,0,0,0,0,0,0,0,0,0,0,0,0,0,0,0,0,0,0,0,0,0,0,0,0,0,0,0,0,0,0,0,0,0,0,0,0,0,0,0,0,0,0,0,0,0,0,7,6199150,21979983,23473203,0,0,0,0,0,0,0,0,0,0,0,0,0,0,0,0,0,0,0,0,0,0,0,0,0,0,0,0,0,0,0,0,0,0,0,0,0,51442958336,14275657728,3139829,871317,23387698,5515,0,384,3145728,18861255,3111910,147,3105982183,51539607552,0,1067371865,0,0,0,0,0,0,0,0,0,0,0,0,0,0,0,0,0,0,7789437,407360194,0,468,1204,7863,623,15579038,35,0,0,0,0,0,0,0,1,0,0,0,0,0,0,0,0,0,0,21556922,0,23387403,201106,0,0,0,0,0,0,0,0,16384,0,0,0,0,0,0,0,0,0,0,0,4400,115,0,0,0,0,0,23673414,0,72,0,16,115,4400,0,0,0,0,0,0,0,0,0,0,0,0,0,0,0,0,0,0,0,0,0,0,0,0,0,0,0,0,0,0,0,0,0,0,0,0,0,0,0,0,0,0,0,0,0,0,0,0,0,0,0,0,0,0,165328404,0,0,0,867667480,0,0,0,0,0,0,0,21958346,23348985,190539078,193848608256,18886230,0,0,0,0,0,0,0,0,0,0,0,0,0,0,0,0,0,0,0,0,0,0,0,0,0,0,0,0,0,0,0,87,0,0,0,0,0,0,0
1787686809.258,0,0,0,0,0,0,0,678089273,359946979840,669265779712,0,0,0,0,0,0,0,0,0,0,0,0,0,0,0,0,0,0,0,0,0,0,0,0,0,0,0,0,0,0,0,0,0,0,0,0,0,0,0,0,0,0,0,0,0,0,0,0,0,0,0,0,0,0,0,0,0,0,0,0,7,6199208,21989356,23476126,0,0,0,0,0,0,0,0,0,0,0,0,0,0,0,0,0,0,0,0,0,0,0,0,0,0,0,0,0,0,0,0,0,0,0,0,0,51453050880,14278770688,3140445,871507,23390621,4899,0,384,3145728,18870626,3111910,147,3106123043,51539607552,0,1067394196,0,0,0,0,0,0,0,0,0,0,0,0,0,0,0,0,0,0,7790217,407360975,0,468,1204,7863,623,15580597,35,0,0,0,0,0,0,0,1,0,0,0,0,0,0,0,0,0,0,21557909,0,23390326,201131,0,0,0,0,0,0,0,0,16384,0,0,0,0,0,0,0,0,0,0,0,4401,115,0,0,0,0,0,23675785,0,72,0,16,115,4401,0,0,0,0,0,0,0,0,0,0,0,0,0,0,0,0,0,0,0,0,0,0,0,0,0,0,0,0,0,0,0,0,0,0,0,0,0,0,0,0,0,0,0,0,0,0,0,0,0,0,0,0,0,0,165330711,0,0,0,867680948,0,0,0,0,0,0,0,21960285,23358356,190544334,193852125184,18887724,0,0,0,0,0,0,0,0,0,0,0,0,0,0,0,0,0,0,0,0,0,0,0,0,0,0,0,0,0,0,0,16,0,0,0,0,0,0,0
1787686810.329,0,0,0,0,0,0,0,678117158,360098286080,669319100416,0,0,0,0,0,0,0,0,0,0,0,0,0,0,0,0,0,0,0,0,0,0,0,0,0,0,0,0,0,0,0,0,0,0,0,0,0,0,0,0,0,0,0,0,0,0,0,0,0,0,0,0,0,0,0,0,0,0,0,0,7,6199259,21998596,23479102,0,0,0,0,0,0,0,0,0,0,0,0,0,0,0,0,0,0,0,0,0,0,0,0,0,0,0,0,0,0,0,0,0,0,0,0,0,51462455296,14280916992,3141019,871638,23393597,4324,0,384,3145728,18879864,3111910,147,3106262534,51539607552,0,1067415769,0,0,0,0,0,0,0,0,0,0,0,0,0,0,0,0,0,0,7790997,407361755,0,468,1204,7863,623,15582157,35,0,0,0,0,0,0,0,1,0,0,0,0,0,0,0,0,0,0,21558896,0,23393302,201164,0,0,0,0,0,0,0,0,16384,0,0,0,0,0,0,0,0,0,0,0,4402,115,0,0,0,0,0,23678161,0,72,0,16,115,4402,0,0,0,0,0,0,0,0,0,0,0,0,0,0,0,0,0,0,0,0,0,0,0,0,0,0,0,0,0,0,0,0,0,0,0,0,0,0,0,0,0,0,0,0,0,0,0,0,0,0,0,0,0,0,165333018,0,0,0,867694114,0,0,0,0,0,0,0,21962307,23367592,190549652,193855505408,18889264,0,0,0,0,0,0,0,0,0,0,0,0,0,0,0,0,0,0,0,0,0,0,0,0,0,0,0,0,0,0,0,224,0,0,0,0,0,0,0
1787686811.399,0,0,0,0,0,0,0,678144825,360248953344,669371300864,0,0,0,0,0,0,0,0,0,0,0,0,0,0,0,0,0,0,0,0,0,0,0,0,0,0,0,0,0,0,0,0,0,0,0,0,0,0,0,0,0,0,0,0,0,0,0,0,0,0,0,0,0,0,0,0,0,0,0,0,7,6199316,22007796,23482006,0,0,0,0,0,0,0,0,0,0,0,0,0,0,0,0,0,0,0,0,0,0,0,0,0,0,0,0,0,0,0,0,0,0,0,0,0,51472171008,14283685888,3141612,871807,23396501,3732,0,384,3145728,18889061,3111910,147,3106402250,51539607552,0,1067437784,0,0,0,0,0,0,0,0,0,0,0,0,0,0,0,0,0,0,7791771,407362529,0,468,1204,7863,623,15583705,35,0,0,0,0,0,0,0,1,0,0,0,0,0,0,0,0,0,0,21559870,0,23396206,201196,0,0,0,0,0,0,0,0,16384,0,0,0,0,0,0,0,0,0,0,0,4403,115,0,0,0,0,0,23680517,0,72,0,16,115,4403,0,0,0,0,0,0,0,0,0,0,0,0,0,0,0,0,0,0,0,0,0,0,0,0,0,0,0,0,0,0,0,0,0,0,0,0,0,0,0,0,0,0,0,0,0,0,0,0,0,0,0,0,0,0,165335386,0,0,0,867707495,0,0,0,0,0,0,0,21964163,23376788,190554955,193858964480,18890674,0,0,0,0,0,0,0,0,0,0,0,0,0,0,0,0,0,0,0,0,0,0,0,0,0,0,0,0,0,0,0,124,0,0,0,0,0,0,0
1787686812.470,0,0,0,0,0,0,0,678172531,360400734720,669424818688,0,0,0,0,0,0,0,0,0,0,0,0,0,0,0,0,0,0,0,0,0,0,0,0,0,0,0,0,0,0,0,0,0,0,0,0,0,0,0,0,0,0,0,0,0,0,0,0,0,0,0,0,0,0,0,0,0,0,0,0,7,6199372,22017068,23484982,0,0,0,0,0,0,0,0,0,0,0,0,0,0,0,0,0,0,0,0,0,0,0,0,0,0,0,0,0,0,0,0,0,0,0,0,0,51482296320,14286307328,3142230,871967,23399477,3114,0,384,3145728,18898333,3111910,147,3106542199,51539607552,0,1067460112,0,0,0,0,0,0,0,0,0,0,0,0,0,0,0,0,0,0,7792543,407363301,0,468,1204,7863,623,15585250,35,0,0,0,0,0,0,0,1,0,0,0,0,0,0,0,0,0,0,21560843,0,23399182,201228,0,0,0,0,0,0,0,0,16384,0,0,0,0,0,0,0,0,0,0,0,4404,115,0,0,0,0,0,23682871,0,72,0,16,115,4404,0,0,0,0,0,0,0,0,0,0,0,0,0,0,0,0,0,0,0,0,0,0,0,0,0,0,0,0,0,0,0,0,0,0,0,0,0,0,0,0,0,0,0,0,0,0,0,0,0,0,0,0,0,0,165337708,0,0,0,867720859,0,0,0,0,0,0,0,21965973,23386050,190560284,193862511616,18892058,0,0,0,0,0,0,0,0,0,0,0,0,0,0,0,0,0,0,0,0,0,0,0,0,0,0,0,0,0,0,0,21,0,0,0,0,0,0,0
1787686813.541,0,0,0,0,0,0,0,678200718,360551303680,669478026752,0,0,0,0,0,0,0,0,0,0,0,0,0,0,0,0,0,0,0,0,0,0,0,0,0,0,0,0,0,0,0,0,0,0,0,0,0,0,0,0,0,0,0,0,0,0,0,0,0,0,0,0,0,0,0,0,0,0,0,0,7,6199429,22026263,23487920,0,0,0,0,0,0,0,0,0,0,0,0,0,0,0,0,0,0,0,0,0,0,0,0,0,0,0,0,0,0,0,0,0,0,0,0,0,51493748736,14289174528,3142929,872142,23402415,2415,0,384,3145728,18907524,3111910,147,3106683176,51539607552,0,1067482092,0,0,0,0,0,0,0,0,0,0,0,0,0,0,0,0,0,0,7793333,407364091,0,468,1204,7863,623,15586830,35,0,0,0,0,0,0,0,1,0,0,0,0,0,0,0,0,0,0,21561841,0,23402120,201261,0,0,0,0,0,0,0,0,16384,0,0,0,0,0,0,0,0,0,0,0,4405,115,0,0,0,0,0,23685260,0,72,0,16,115,4405,0,0,0,0,0,0,0,0,0,0,0,0,0,0,0,0,0,0,0,0,0,0,0,0,0,0,0,0,0,0,0,0,0,0,0,0,0,0,0,0,0,0,0,0,0,0,0,0,0,0,0,0,0,0,165340116,0,0,0,867734163,0,0,0,0,0,0,0,21967868,23395238,190565663,193866208768,18893507,0,0,0,0,0,0,0,0,0,0,0,0,0,0,0,0,0,0,0,0,0,0,0,0,0,0,0,0,0,0,0,261,0,0,0,0,0,0,0
1787686814.611,0,0,0,0,0,0,0,678228639,360705624576,669531192832,0,0,0,0,0,0,0,0,0,0,0,0,0,0,0,0,0,0,0,0,0,0,0,0,0,0,0,0,0,0,0,0,0,0,0,0,0,0,0,0,0,0,0,0,0,0,0,0,0,0,0,0,0,0,0,0,0,0,0,0,7,6199489,22035683,23490871,0,0,0,0,0,0,0,0,0,0,0,0,0,0,0,0,0,0,0,0,0,0,0,0,0,0,0,0,0,0,0,0,0,0,0,0,0,51504988160,14292467712,3143615,872343,23405366,1729,0,384,3145728,18916944,3111910,147,3106824321,51539607552,0,1067504749,0,0,0,0,0,0,0,0,0,0,0,0,0,0,0,0,0,0,7794110,407364868,0,468,1204,7863,623,15588383,35,0,0,0,0,0,0,0,1,0,0,0,0,0,0,0,0,0,0,21562823,0,23405071,201294,0,0,0,0,0,0,0,0,16384,0,0,0,0,0,0,0,0,0,0,0,4406,115,0,0,0,0,0,23687618,0,72,0,16,115,4406,0,0,0,0,0,0,0,0,0,0,0,0,0,0,0,0,0,0,0,0,0,0,0,0,0,0,0,0,0,0,0,0,0,0,0,0,0,0,0,0,0,0,0,0,0,0,0,0,0,0,0,0,0,0,165342437,0,0,0,867747579,0,0,0,0,0,0,0,21969771,23404657,190570967,193869788672,18894940,0,0,0,0,0,0,0,0,0,0,0,0,0,0,0,0,0,0,0,0,0,0,0,0,0,0,0,0,0,0,0,195,0,0,0,0,0,0,0
1787686815.681,0,0,0,0,0,0,0,678256540,360856504832,669584071680,0,0,0,0,0,0,0,0,0,0,0,0,0,0,0,0,0,0,0,0,0,0,0,0,0,0,0,0,0,0,0,0,0,0,0,0,0,0,0,0,0,0,0,0,0,0,0,0,0,0,0,0,0,0,0,0,0,0,0,0,7,6199545,22044897,23493818,0,0,0,0,0,0,0,0,0,0,0,0,0,0,0,0,0,0,0,0,0,0,0,0,0,0,0,0,0,0,0,0,0,0,0,0,0,51515211776,14295416832,3144239,872523,23408313,1104,0,384,3145728,18926156,3111910,147,3106965294,51539607552,0,1067527354,0,0,0,0,0,0,0,0,0,0,0,0,0,0,0,0,0,0,7794889,407365647,0,468,1204,7863,623,15589941,35,0,0,0,0,0,0,0,1,0,0,0,0,0,0,0,0,0,0,21563810,0,23408018,201320,0,0,0,0,0,0,0,0,16384,0,0,0,0,0,0,0,0,0,0,0,4407,115,0,0,0,0,0,23689988,0,72,0,16,115,4407,0,0,0,0,0,0,0,0,0,0,0,0,0,0,0,0,0,0,0,0,0,0,0,0,0,0,0,0,0,0,0,0,0,0,0,0,0,0,0,0,0,0,0,0,0,0,0,0,0,0,0,0,0,0,165344685,0,0,0,867761024,0,0,0,0,0,0,0,21971569,23413867,190576186,193873278464,18896299,0,0,0,0,0,0,0,0,0,0,0,0,0,0,0,0,0,0,0,0,0,0,0,0,0,0,0,0,0,0,0,110,0,0,0,0,0,0,0
1787686816.755,0,0,0,0,0,0,0,678284842,361011350016,669637178368,0,0,0,0,0,0,0,0,0,0,0,0,0,0,0,0,0,0,0,0,0,0,0,0,0,0,0,0,0,0,0,0,0,0,0,0,0,0,0,0,0,0,0,0,0,0,0,0,0,0,0,0,0,0,0,0,0,0,0,0,7,6199609,22054350,23496775,0,0,0,0,0,0,0,0,0,0,0,0,0,0,0,0,0,0,0,0,0,0,0,0,0,0,0,0,0,0,0,0,0,0,0,0,0,51527712768,14299774976,3145002,872789,23411270,342,0,384,3145728,18935608,3111910,147,3107108134,51539607552,0,1067550038,0,0,0,0,0,0,0,0,0,0,0,0,0,0,0,0,0,0,7795679,407366437,0,468,1204,7863,623,15591522,35,0,0,0,0,0,0,0,1,0,0,0,0,0,0,0,0,0,0,21564808,0,23410975,201345,0,0,0,0,0,0,0,0,16384,0,0,0,0,0,0,0,0,0,0,0,4408,115,0,0,0,0,0,23692383,0,72,0,16,115,4408,0,0,0,0,0,0,0,0,0,0,0,0,0,0,0,0,0,0,0,0,0,0,0,0,0,0,0,0,0,0,0,0,0,0,0,0,0,0,0,0,0,0,0,0,0,0,0,0,0,0,0,0,0,0,165347033,0,0,0,867774645,0,0,0,0,0,0,0,21973404,23423319,190581517,193876764160,18897709,0,0,0,0,0,0,0,0,0,0,0,0,0,0,0,0,0,0,0,0,0,0,0,0,0,0,0,0,0,0,0,46,0,0,0,0,0,0,0
1787686817.825,0,0,0,0,0,0,0,678313201,361164196352,669689525760,0,0,0,0,0,0,0,0,0,0,0,0,0,0,0,0,0,0,0,0,0,0,0,0,0,0,0,0,0,0,0,0,0,0,0,0,0,0,0,0,0,0,0,0,0,0,0,0,0,0,0,0,0,0,0,0,0,0,0,0,7,6199669,22063678,23499675,0,0,0,0,0,0,0,0,0,0,0,0,0,0,0,0,0,0,0,0,0,0,0,0,0,0,0,0,0,0,0,0,0,0,0,0,0,51532513280,14304034816,3145295,873049,23414170,49,0,384,3145728,18944934,3111910,147,3107250976,51539607552,0,1067572731,0,0,0,0,0,0,0,0,0,0,0,0,0,0,0,0,0,0,7796469,407367227,0,468,1204,7863,623,15593101,35,0,0,0,0,0,0,0,1,0,0,0,0,0,0,0,0,0,0,21565806,0,23413875,201369,0,0,0,0,0,0,0,0,16384,0,0,0,0,0,0,0,0,0,0,0,4410,115,0,0,0,0,0,23694783,0,72,0,16,115,4410,0,0,0,0,0,0,0,0,0,0,0,0,0,0,0,0,0,0,0,0,0,0,0,0,0,0,0,0,0,0,0,0,0,0,0,0,0,0,0,0,0,0,0,0,0,0,0,0,0,0,0,0,0,0,165349373,0,0,0,867788244,0,0,0,0,0,0,0,21975227,23432648,190586780,193880329728,18899121,0,0,0,0,0,0,0,0,0,0,0,0,0,0,0,0,0,0,0,0,0,0,0,0,0,0,0,0,0,0,0,11,0,0,0,0,0,0,0
1787686818.896,0,0,0,0,0,0,0,678340138,361311455744,669775158272,0,0,0,0,0,0,0,0,0,0,0,0,0,0,0,0,0,0,0,0,0,0,0,0,0,0,0,0,0,0,0,0,0,0,0,0,0,0,0,0,0,0,0,0,0,0,0,0,0,0,0,0,0,0,0,0,0,0,0,0,7,6199719,22072670,23504525,0,0,0,0,0,0,0,0,0,0,0,0,0,0,0,0,0,0,0,0,0,0,0,0,0,0,0,0,0,0,0,0,0,0,0,0,0,51400261632,14274723840,3137223,871260,23417052,8121,0,384,3145728,18953925,3111910,147,3107386123,51539607552,0,1067593757,0,0,0,0,0,0,0,0,0,0,0,0,0,0,0,0,0,0,7797223,407367981,0,468,1204,7863,623,15594609,35,0,0,0,0,0,0,0,1,0,0,0,0,0,0,0,0,0,0,21566760,0,23418649,201411,0,0,0,0,0,0,0,0,16384,0,0,0,0,0,0,0,0,0,0,0,4411,115,0,0,0,0,0,23697078,0,72,0,16,115,4411,0,0,0,0,0,0,0,0,0,0,0,0,0,0,0,0,0,0,0,0,0,0,0,0,0,0,0,0,0,0,0,0,0,0,0,0,0,0,0,0,0,0,0,0,0,0,0,0,0,0,0,0,0,0,165351625,0,0,0,867800997,0,0,0,0,0,0,0,21977247,23441636,190594045,193883724288,18900475,1,0,0,0,0,0,0,0,0,0,0,0,0,0,0,0,0,0,0,0,0,0,0,0,0,0,0,0,0,0,0,200,0,0,0,0,0,0,0
1787686819.967,0,0,0,0,0,0,0,678368421,361464613376,669839662592,0,0,0,0,0,0,0,0,0,0,0,0,0,0,0,0,0,0,0,0,0,0,0,0,0,0,0,0,0,0,0,0,0,0,0,0,0,0,0,0,0,0,0,0,0,0,0,0,0,0,0,0,0,0,0,0,0,0,0,0,7,6199767,22082020,23508285,0,0,0,0,0,0,0,0,0,0,0,0,0,0,0,0,0,0,0,0,0,0,0,0,0,0,0,0,0,0,0,0,0,0,0,0,0,51410092032,14264369152,3137823,870628,23422780,7521,0,384,3145728,18963273,3111910,147,3107528866,51539607552,0,1067616329,0,0,0,0,0,0,0,0,0,0,0,0,0,0,0,0,0,0,7798013,407368771,0,468,1204,7863,623,15596191,35,0,0,0,0,0,0,0,1,0,0,0,0,0,0,0,0,0,0,21567755,0,23422485,201442,0,0,0,0,0,0,0,0,16384,0,0,0,0,0,0,0,0,0,0,0,4412,115,0,0,0,0,0,23699476,0,72,0,16,115,4412,0,0,0,0,0,0,0,0,0,0,0,0,0,0,0,0,0,0,0,0,0,0,0,0,0,0,0,0,0,0,0,0,0,0,0,0,0,0,0,0,0,0,0,0,0,0,0,0,0,0,0,0,0,0,165353993,0,0,0,867814591,0,0,0,0,0,0,0,21979208,23450983,190600079,193887224832,18901909,0,0,0,0,0,0,0,0,0,0,0,0,0,0,0,0,0,0,0,0,0,0,0,0,0,0,0,0,0,0,0,159,0,0,0,0,0,0,0
1787686821.038,0,0,0,0,0,0,0,678396362,361615886848,669892989952,0,0,0,0,0,0,0,0,0,0,0,0,0,0,0,0,0,0,0,0,0,0,0,0,0,0,0,0,0,0,0,0,0,0,0,0,0,0,0,0,0,0,0,0,0,0,0,0,0,0,0,0,0,0,0,0,0,0,0,0,7,6199828,22091254,23511248,0,0,0,0,0,0,0,0,0,0,0,0,0,0,0,0,0,0,0,0,0,0,0,0,0,0,0,0,0,0,0,0,0,0,0,0,0,51419021312,14266253312,3138368,870743,23425743,6976,0,384,3145728,18972507,3111910,147,3107670048,51539607552,0,1067638986,0,0,0,0,0,0,0,0,0,0,0,0,0,0,0,0,0,0,7798792,407369549,0,468,1204,7863,623,15597749,35,0,0,0,0,0,0,0,1,0,0,0,0,0,0,0,0,0,0,21568738,0,23425448,201467,0,0,0,0,0,0,0,0,16384,0,0,0,0,0,0,0,0,0,0,0,4413,115,0,0,0,0,0,23701846,0,72,0,16,115,4413,0,0,0,0,0,0,0,0,0,0,0,0,0,0,0,0,0,0,0,0,0,0,0,0,0,0,0,0,0,0,0,0,0,0,0,0,0,0,0,0,0,0,0,0,0,0,0,0,0,0,0,0,0,0,165356315,0,0,0,867828070,0,0,0,0,0,0,0,21981006,23460216,190605389,193890765824,18903300,0,0,0,0,0,0,0,0,0,0,0,0,0,0,0,0,0,0,0,0,0,0,0,0,0,0,0,0,0,0,0,51,0,0,0,0,0,0,0
1787686822.107,0,0,0,0,0,0,0,678424164,361768782336,669945090048,0,0,0,0,0,0,0,0,0,0,0,0,0,0,0,0,0,0,0,0,0,0,0,0,0,0,0,0,0,0,0,0,0,0,0,0,0,0,0,0,0,0,0,0,0,0,0,0,0,0,0,0,0,0,0,0,0,0,0,0,7,6199888,22100588,23514148,0,0,0,0,0,0,0,0,0,0,0,0,0,0,0,0,0,0,0,0,0,0,0,0,0,0,0,0,0,0,0,0,0,0,0,0,0,51430014976,14270627840,3139039,871010,23428643,6304,0,384,3145728,18981838,3111910,147,3107809126,51539607552,0,1067660431,0,0,0,0,0,0,0,0,0,0,0,0,0,0,0,0,0,0,7799568,407370326,0,468,1204,7863,623,15599300,35,0,0,0,0,0,0,0,1,0,0,0,0,0,0,0,0,0,0,21569721,0,23428348,201491,0,0,0,0,0,0,0,0,16384,0,0,0,0,0,0,0,0,0,0,0,4414,115,0,0,0,0,0,23704209,0,72,0,16,115,4414,0,0,0,0,0,0,0,0,0,0,0,0,0,0,0,0,0,0,0,0,0,0,0,0,0,0,0,0,0,0,0,0,0,0,0,0,0,0,0,0,0,0,0,0,0,0,0,0,0,0,0,0,0,0,165358633,0,0,0,867841169,0,0,0,0,0,0,0,21982835,23469549,190610628,193894136320,18904711,0,0,0,0,0,0,0,0,0,0,0,0,0,0,0,0,0,0,0,0,0,0,0,0,0,0,0,0,0,0,0,264,0,0,0,0,0,0,0
1787686823.178,0,0,0,0,0,0,0,678452205,361920924160,669997535232,0,0,0,0,0,0,0,0,0,0,0,0,0,0,0,0,0,0,0,0,0,0,0,0,0,0,0,0,0,0,0,0,0,0,0,0,0,0,0,0,0,0,0,0,0,0,0,0,0,0,0,0,0,0,0,0,0,0,0,0,7,6199948,22109875,23517054,0,0,0,0,0,0,0,0,0,0,0,0,0,0,0,0,0,0,0,0,0,0,0,0,0,0,0,0,0,0,0,0,0,0,0,0,0,51440648192,14275035136,3139688,871279,23431549,5656,0,384,3145728,18991124,3111910,147,3107950782,51539607552,0,1067682993,0,0,0,0,0,0,0,0,0,0,0,0,0,0,0,0,0,0,7800353,407371111,0,468,1204,7863,623,15600869,35,0,0,0,0,0,0,0,1,0,0,0,0,0,0,0,0,0,0,21570708,0,23431254,201515,0,0,0,0,0,0,0,0,16384,0,0,0,0,0,0,0,0,0,0,0,4415,115,0,0,0,0,0,23706593,0,72,0,16,115,4415,0,0,0,0,0,0,0,0,0,0,0,0,0,0,0,0,0,0,0,0,0,0,0,0,0,0,0,0,0,0,0,0,0,0,0,0,0,0,0,0,0,0,0,0,0,0,0,0,0,0,0,0,0,0,165361001,0,0,0,867854731,0,0,0,0,0,0,0,21984704,23478836,190615927,193897663488,18906157,0,0,0,0,0,0,0,0,0,0,0,0,0,0,0,0,0,0,0,0,0,0,0,0,0,0,0,0,0,0,0,166,0,0,0,0,0,0,0
1787686824.247,0,0,0,0,0,0,0,678480049,362071427584,670050366464,0,0,0,0,0,0,0,0,0,0,0,0,0,0,0,0,0,0,0,0,0,0,0,0,0,0,0,0,0,0,0,0,0,0,0,0,0,0,0,0,0,0,0,0,0,0,0,0,0,0,0,0,0,0,0,0,0,0,0,0,7,6199996,22119062,23519994,0,0,0,0,0,0,0,0,0,0,0,0,0,0,0,0,0,0,0,0,0,0,0,0,0,0,0,0,0,0,0,0,0,0,0,0,0,51448463360,14276706304,3140165,871381,23434489,5179,0,384,3145728,19000310,3111910,147,3108091126,51539607552,0,1067705120,0,0,0,0,0,0,0,0,0,0,0,0,0,0,0,0,0,0,7801132,407371890,0,468,1204,7863,623,15602429,35,0,0,0,0,0,0,0,1,0,0,0,0,0,0,0,0,0,0,21571690,0,23434194,201540,0,0,0,0,0,0,0,0,16384,0,0,0,0,0,0,0,0,0,0,0,4416,115,0,0,0,0,0,23708959,0,72,0,16,115,4416,0,0,0,0,0,0,0,0,0,0,0,0,0,0,0,0,0,0,0,0,0,0,0,0,0,0,0,0,0,0,0,0,0,0,0,0,0,0,0,0,0,0,0,0,0,0,0,0,0,0,0,0,0,0,165363300,0,0,0,867868194,0,0,0,0,0,0,0,21986534,23488021,190621189,193901033472,18907536,0,0,0,0,0,0,0,0,0,0,0,0,0,0,0,0,0,0,0,0,0,0,0,0,0,0,0,0,0,0,0,58,0,0,0,0,0,0,0
1787686825.317,0,0,0,0,0,0,0,678507628,362222635520,670102705152,0,0,0,0,0,0,0,0,0,0,0,0,0,0,0,0,0,0,0,0,0,0,0,0,0,0,0,0,0,0,0,0,0,0,0,0,0,0,0,0,0,0,0,0,0,0,0,0,0,0,0,0,0,0,0,0,0,0,0,0,7,6200042,22128293,23522929,0,0,0,0,0,0,0,0,0,0,0,0,0,0,0,0,0,0,0,0,0,0,0,0,0,0,0,0,0,0,0,0,0,0,0,0,0,51459424256,14278787072,3140834,871508,23437424,4510,0,384,3145728,19009535,3111910,147,3108228920,51539607552,0,1067726041,0,0,0,0,0,0,0,0,0,0,0,0,0,0,0,0,0,0,7801904,407372662,0,468,1204,7863,623,15603973,35,0,0,0,0,0,0,0,1,0,0,0,0,0,0,0,0,0,0,21572669,0,23437129,201565,0,0,0,0,0,0,0,0,16384,0,0,0,0,0,0,0,0,0,0,0,4417,115,0,0,0,0,0,23711301,0,72,0,16,115,4417,0,0,0,0,0,0,0,0,0,0,0,0,0,0,0,0,0,0,0,0,0,0,0,0,0,0,0,0,0,0,0,0,0,0,0,0,0,0,0,0,0,0,0,0,0,0,0,0,0,0,0,0,0,0,165365534,0,0,0,867881228,0,0,0,0,0,0,0,21988291,23497250,190626381,193904219136,18908901,0,0,0,0,0,0,0,0,0,0,0,0,0,0,0,0,0,0,0,0,0,0,0,0,0,0,0,0,0,0,0,268,0,0,0,0,0,0,0
1787686826.389,0,0,0,0,0,0,0,678535164,362373106176,670155182592,0,0,0,0,0,0,0,0,0,0,0,0,0,0,0,0,0,0,0,0,0,0,0,0,0,0,0,0,0,0,0,0,0,0,0,0,0,0,0,0,0,0,0,0,0,0,0,0,0,0,0,0,0,0,0,0,0,0,0,0,7,6200110,22137476,23525832,0,0,0,0,0,0,0,0,0,0,0,0,0,0,0,0,0,0,0,0,0,0,0,0,0,0,0,0,0,0,0,0,0,0,0,0,0,51468713984,14282391552,3141401,871728,23440327,3943,0,384,3145728,19018715,3111910,147,3108368459,51539607552,0,1067748705,0,0,0,0,0,0,0,0,0,0,0,0,0,0,0,0,0,0,7802671,407373429,0,468,1204,7863,623,15605506,35,0,0,0,0,0,0,0,1,0,0,0,0,0,0,0,0,0,0,21573639,0,23440032,201590,0,0,0,0,0,0,0,0,16384,0,0,0,0,0,0,0,0,0,0,0,4418,115,0,0,0,0,0,23713629,0,72,0,16,115,4418,0,0,0,0,0,0,0,0,0,0,0,0,0,0,0,0,0,0,0,0,0,0,0,0,0,0,0,0,0,0,0,0,0,0,0,0,0,0,0,0,0,0,0,0,0,0,0,0,0,0,0,0,0,0,165367835,0,0,0,867894493,0,0,0,0,0,0,0,21990156,23506432,190631603,193907887616,18910367,0,0,0,0,0,0,0,0,0,0,0,0,0,0,0,0,0,0,0,0,0,0,0,0,0,0,0,0,0,0,0,169,0,0,0,0,0,0,0
1787686827.457,0,0,0,0,0,0,0,678562681,362523445760,670208175616,0,0,0,0,0,0,0,0,0,0,0,0,0,0,0,0,0,0,0,0,0,0,0,0,0,0,0,0,0,0,0,0,0,0,0,0,0,0,0,0,0,0,0,0,0,0,0,0,0,0,0,0,0,0,0,0,0,0,0,0,7,6200180,22146658,23528758,0,0,0,0,0,0,0,0,0,0,0,0,0,0,0,0,0,0,0,0,0,0,0,0,0,0,0,0,0,0,0,0,0,0,0,0,0,51480068096,14285897728,3142094,871942,23443253,3250,0,384,3145728,19027898,3111910,147,3108507626,51539607552,0,1067771151,0,0,0,0,0,0,0,0,0,0,0,0,0,0,0,0,0,0,7803438,407374196,0,468,1204,7863,623,15607039,35,0,0,0,0,0,0,0,1,0,0,0,0,0,0,0,0,0,0,21574610,0,23442958,201614,0,0,0,0,0,0,0,0,16384,0,0,0,0,0,0,0,0,0,0,0,4419,115,0,0,0,0,0,23715956,0,72,0,16,115,4419,0,0,0,0,0,0,0,0,0,0,0,0,0,0,0,0,0,0,0,0,0,0,0,0,0,0,0,0,0,0,0,0,0,0,0,0,0,0,0,0,0,0,0,0,0,0,0,0,0,0,0,0,0,0,165370221,0,0,0,867907731,0,0,0,0,0,0,0,21992003,23515611,190636937,193911643648,18911861,0,0,0,0,0,0,0,0,0,0,0,0,0,0,0,0,0,0,0,0,0,0,0,0,0,0,0,0,0,0,0,103,0,0,0,0,0,0,0
1787686828.526,0,0,0,0,0,0,0,678589984,362672622080,670260442624,0,0,0,0,0,0,0,0,0,0,0,0,0,0,0,0,0,0,0,0,0,0,0,0,0,0,0,0,0,0,0,0,0,0,0,0,0,0,0,0,0,0,0,0,0,0,0,0,0,0,0,0,0,0,0,0,0,0,0,0,7,6200237,22155767,23531654,0,0,0,0,0,0,0,0,0,0,0,0,0,0,0,0,0,0,0,0,0,0,0,0,0,0,0,0,0,0,0,0,0,0,0,0,0,51489980416,14288502784,3142699,872101,23446149,2645,0,384,3145728,19037004,3111910,147,3108645631,51539607552,0,1067793134,0,0,0,0,0,0,0,0,0,0,0,0,0,0,0,0,0,0,7804199,407374957,0,468,1204,7863,623,15608561,35,0,0,0,0,0,0,0,1,0,0,0,0,0,0,0,0,0,0,21575572,0,23445854,201639,0,0,0,0,0,0,0,0,16384,0,0,0,0,0,0,0,0,0,0,0,4420,115,0,0,0,0,0,23718266,0,72,0,16,115,4420,0,0,0,0,0,0,0,0,0,0,0,0,0,0,0,0,0,0,0,0,0,0,0,0,0,0,0,0,0,0,0,0,0,0,0,0,0,0,0,0,0,0,0,0,0,0,0,0,0,0,0,0,0,0,165372422,0,0,0,867920842,0,0,0,0,0,0,0,21993845,23524715,190642059,193915175424,18913265,0,0,0,0,0,0,0,0,0,0,0,0,0,0,0,0,0,0,0,0,0,0,0,0,0,0,0,0,0,0,0,46,0,0,0,0,0,0,0
1787686829.596,0,0,0,0,0,0,0,678617843,362824043008,670313068544,0,0,0,0,0,0,0,0,0,0,0,0,0,0,0,0,0,0,0,0,0,0,0,0,0,0,0,0,0,0,0,0,0,0,0,0,0,0,0,0,0,0,0,0,0,0,0,0,0,0,0,0,0,0,0,0,0,0,0,0,7,6200285,22165010,23534597,0,0,0,0,0,0,0,0,0,0,0,0,0,0,0,0,0,0,0,0,0,0,0,0,0,0,0,0,0,0,0,0,0,0,0,0,0,51500548096,14290485248,3143344,872222,23449092,2000,0,384,3145728,19046247,3111910,147,3108784970,51539607552,0,1067814611,0,0,0,0,0,0,0,0,0,0,0,0,0,0,0,0,0,0,7804977,407375735,0,468,1204,7863,623,15610119,35,0,0,0,0,0,0,0,1,0,0,0,0,0,0,0,0,0,0,21576558,0,23448797,201671,0,0,0,0,0,0,0,0,16384,0,0,0,0,0,0,0,0,0,0,0,4421,115,0,0,0,0,0,23720628,0,72,0,16,115,4421,0,0,0,0,0,0,0,0,0,0,0,0,0,0,0,0,0,0,0,0,0,0,0,0,0,0,0,0,0,0,0,0,0,0,0,0,0,0,0,0,0,0,0,0,0,0,0,0,0,0,0,0,0,0,165374625,0,0,0,867933976,0,0,0,0,0,0,0,21995623,23533955,190647237,193918405632,18914612,0,0,0,0,0,0,0,0,0,0,0,0,0,0,0,0,0,0,0,0,0,0,0,0,0,0,0,0,0,0,0,261,0,0,0,0,0,0,0
1787686830.671,0,0,0,0,0,0,0,678645461,362974824960,670365565440,0,0,0,0,0,0,0,0,0,0,0,0,0,0,0,0,0,0,0,0,0,0,0,0,0,0,0,0,0,0,0,0,0,0,0,0,0,0,0,0,0,0,0,0,0,0,0,0,0,0,0,0,0,0,0,0,0,0,0,0,7,6200339,22174219,23537515,0,0,0,0,0,0,0,0,0,0,0,0,0,0,0,0,0,0,0,0,0,0,0,0,0,0,0,0,0,0,0,0,0,0,0,0,0,51512754176,14293647360,3144089,872415,23452010,1255,0,384,3145728,19055452,3111910,147,3108924210,51539607552,0,1067836560,0,0,0,0,0,0,0,0,0,0,0,0,0,0,0,0,0,0,7805750,407376508,0,468,1204,7863,623,15611663,35,0,0,0,0,0,0,0,1,0,0,0,0,0,0,0,0,0,0,21577538,0,23451715,201696,0,0,0,0,0,0,0,0,16384,0,0,0,0,0,0,0,0,0,0,0,4422,115,0,0,0,0,0,23722979,0,72,0,16,115,4422,0,0,0,0,0,0,0,0,0,0,0,0,0,0,0,0,0,0,0,0,0,0,0,0,0,0,0,0,0,0,0,0,0,0,0,0,0,0,0,0,0,0,0,0,0,0,0,0,0,0,0,0,0,0,165376901,0,0,0,867947276,0,0,0,0,0,0,0,21997425,23543159,190652456,193921804800,18915980,0,0,0,0,0,0,0,0,0,0,0,0,0,0,0,0,0,0,0,0,0,0,0,0,0,0,0,0,0,0,0,209,0,0,0,0,0,0,0
1787686831.740,0,0,0,0,0,0,0,678673178,363125623296,670417782784,0,0,0,0,0,0,0,0,0,0,0,0,0,0,0,0,0,0,0,0,0,0,0,0,0,0,0,0,0,0,0,0,0,0,0,0,0,0,0,0,0,0,0,0,0,0,0,0,0,0,0,0,0,0,0,0,0,0,0,0,7,6200399,22183424,23540402,0,0,0,0,0,0,0,0,0,0,0,0,0,0,0,0,0,0,0,0,0,0,0,0,0,0,0,0,0,0,0,0,0,0,0,0,0,51522584576,14297382912,3144689,872643,23454897,655,0,384,3145728,19064654,3111910,147,3109064181,51539607552,0,1067858971,0,0,0,0,0,0,0,0,0,0,0,0,0,0,0,0,0,0,7806522,407377280,0,468,1204,7863,623,15613210,35,0,0,0,0,0,0,0,1,0,0,0,0,0,0,0,0,0,0,21578514,0,23454602,201728,0,0,0,0,0,0,0,0,16384,0,0,0,0,0,0,0,0,0,0,0,4423,115,0,0,0,0,0,23725325,0,72,0,16,115,4423,0,0,0,0,0,0,0,0,0,0,0,0,0,0,0,0,0,0,0,0,0,0,0,0,0,0,0,0,0,0,0,0,0,0,0,0,0,0,0,0,0,0,0,0,0,0,0,0,0,0,0,0,0,0,165379211,0,0,0,867960630,0,0,0,0,0,0,0,21999244,23552360,190657684,193925494272,18917365,0,0,0,0,0,0,0,0,0,0,0,0,0,0,0,0,0,0,0,0,0,0,0,0,0,0,0,0,0,0,0,123,0,0,0,0,0,0,0
1787686832.810,0,0,0,0,0,0,0,678700876,363275143680,670470467584,0,0,0,0,0,0,0,0,0,0,0,0,0,0,0,0,0,0,0,0,0,0,0,0,0,0,0,0,0,0,0,0,0,0,0,0,0,0,0,0,0,0,0,0,0,0,0,0,0,0,0,0,0,0,0,0,0,0,0,0,7,6200455,22192556,23543332,0,0,0,0,0,0,0,0,0,0,0,0,0,0,0,0,0,0,0,0,0,0,0,0,0,0,0,0,0,0,0,0,0,0,0,0,0,51529777152,14300250112,3145128,872818,23457827,216,0,384,3145728,19073784,3111910,147,3109202811,51539607552,0,1067880716,0,0,0,0,0,0,0,0,0,0,0,0,0,0,0,0,0,0,7807297,407378055,0,468,1204,7863,623,15614757,35,0,0,0,0,0,0,0,1,0,0,0,0,0,0,0,0,0,0,21579488,0,23457532,201760,0,0,0,0,0,0,0,0,16384,0,0,0,0,0,0,0,0,0,0,0,4425,115,0,0,0,0,0,23727674,0,72,0,16,115,4425,0,0,0,0,0,0,0,0,0,0,0,0,0,0,0,0,0,0,0,0,0,0,0,0,0,0,0,0,0,0,0,0,0,0,0,0,0,0,0,0,0,0,0,0,0,0,0,0,0,0,0,0,0,0,165381490,0,0,0,867973748,0,0,0,0,0,0,0,22001061,23561486,190662925,193928894976,18918736,0,0,0,0,0,0,0,0,0,0,0,0,0,0,0,0,0,0,0,0,0,0,0,0,0,0,0,0,0,0,0,283,0,0,0,0,0,0,0
1787686833.880,0,0,0,0,0,0,0,678728342,363423812096,670540255744,0,0,0,0,0,0,0,0,0,0,0,0,0,0,0,0,0,0,0,0,0,0,0,0,0,0,0,0,0,0,0,0,0,0,0,0,0,0,0,0,0,0,0,0,0,0,0,0,0,0,0,0,0,0,0,0,0,0,0,0,7,6200506,22201630,23546918,0,0,0,0,0,0,0,0,0,0,0,0,0,0,0,0,0,0,0,0,0,0,0,0,0,0,0,0,0,0,0,0,0,0,0,0,0,51405094912,14291959808,3137518,872312,23460775,7826,0,384,3145728,19082854,3111910,147,3109341451,51539607552,0,1067902593,0,0,0,0,0,0,0,0,0,0,0,0,0,0,0,0,0,0,7808065,407378823,0,468,1204,7863,623,15616293,35,0,0,0,0,0,0,0,1,0,0,0,0,0,0,0,0,0,0,21580462,0,23460699,201801,0,0,0,0,0,0,0,0,16384,0,0,0,0,0,0,0,0,0,0,0,4426,115,0,0,0,0,0,23730011,0,72,0,16,115,4426,0,0,0,0,0,0,0,0,0,0,0,0,0,0,0,0,0,0,0,0,0,0,0,0,0,0,0,0,0,0,0,0,0,0,0,0,0,0,0,0,0,0,0,0,0,0,0,0,0,0,0,0,0,0,165383740,0,0,0,867986978,0,0,0,0,0,0,0,22002867,23570556,190669219,193932115456,18920086,0,0,0,0,0,0,0,0,0,0,0,0,0,0,0,0,0,0,0,0,0,0,0,0,0,0,0,0,0,0,0,221,0,0,0,0,0,0,0
1787686834.951,0,0,0,0,0,0,0,678755258,363570743808,670627025408,0,0,0,0,0,0,0,0,0,0,0,0,0,0,0,0,0,0,0,0,0,0,0,0,0,0,0,0,0,0,0,0,0,0,0,0,0,0,0,0,0,0,0,0,0,0,0,0,0,0,0,0,0,0,0,0,0,0,0,0,7,6200576,22210603,23552347,0,0,0,0,0,0,0,0,0,0,0,0,0,0,0,0,0,0,0,0,0,0,0,0,0,0,0,0,0,0,0,0,0,0,0,0,0,51405045760,14252589056,3137515,869909,23466842,7829,0,384,3145728,19091825,3111910,147,3109477668,51539607552,0,1067924451,0,0,0,0,0,0,0,0,0,0,0,0,0,0,0,0,0,0,7808816,407379574,0,468,1204,7863,623,15617796,35,0,0,0,0,0,0,0,1,0,0,0,0,0,0,0,0,0,0,21581413,0,23466547,201858,0,0,0,0,0,0,0,0,16384,0,0,0,0,0,0,0,0,0,0,0,4427,115,0,0,0,0,0,23732297,0,72,0,16,115,4427,0,0,0,0,0,0,0,0,0,0,0,0,0,0,0,0,0,0,0,0,0,0,0,0,0,0,0,0,0,0,0,0,0,0,0,0,0,0,0,0,0,0,0,0,0,0,0,0,0,0,0,0,0,0,165385985,0,0,0,867999976,0,0,0,0,0,0,0,22005086,23579521,190676528,193935634432,18921429,0,0,0,0,0,0,0,0,0,0,0,0,0,0,0,0,0,0,0,0,0,0,0,0,0,0,0,0,0,0,0,107,0,0,0,0,0,0,0
1787686836.020,0,0,0,0,0,0,0,678782978,363722148352,670681209344,0,0,0,0,0,0,0,0,0,0,0,0,0,0,0,0,0,0,0,0,0,0,0,0,0,0,0,0,0,0,0,0,0,0,0,0,0,0,0,0,0,0,0,0,0,0,0,0,0,0,0,0,0,0,0,0,0,0,0,0,7,6200638,22219848,23555366,0,0,0,0,0,0,0,0,0,0,0,0,0,0,0,0,0,0,0,0,0,0,0,0,0,0,0,0,0,0,0,0,0,0,0,0,0,51416645632,14253359104,3138223,869956,23469861,7121,0,384,3145728,19101067,3111910,147,3109617638,51539607552,0,1067946458,0,0,0,0,0,0,0,0,0,0,0,0,0,0,0,0,0,0,7809592,407380350,0,468,1204,7863,623,15619347,35,0,0,0,0,0,0,0,1,0,0,0,0,0,0,0,0,0,0,21582397,0,23469566,201890,0,0,0,0,0,0,0,0,16384,0,0,0,0,0,0,0,0,0,0,0,4428,115,0,0,0,0,0,23734665,0,72,0,16,115,4428,0,0,0,0,0,0,0,0,0,0,0,0,0,0,0,0,0,0,0,0,0,0,0,0,0,0,0,0,0,0,0,0,0,0,0,0,0,0,0,0,0,0,0,0,0,0,0,0,0,0,0,0,0,0,165388293,0,0,0,868013334,0,0,0,0,0,0,0,22006963,23588765,190681887,193939079680,18922826,0,0,0,0,0,0,0,0,0,0,0,0,0,0,0,0,0,0,0,0,0,0,0,0,0,0,0,0,0,0,0,60,0,0,0,0,0,0,0
1787686837.090,0,0,0,0,0,0,0,678810559,363874519552,670734675456,0,0,0,0,0,0,0,0,0,0,0,0,0,0,0,0,0,0,0,0,0,0,0,0,0,0,0,0,0,0,0,0,0,0,0,0,0,0,0,0,0,0,0,0,0,0,0,0,0,0,0,0,0,0,0,0,0,0,0,0,7,6200690,22229151,23558348,0,0,0,0,0,0,0,0,0,0,0,0,0,0,0,0,0,0,0,0,0,0,0,0,0,0,0,0,0,0,0,0,0,0,0,0,0,51428868096,14254473216,3138969,870024,23472843,6374,0,384,3145728,19110369,3111910,147,3109755808,51539607552,0,1067967574,0,0,0,0,0,0,0,0,0,0,0,0,0,0,0,0,0,0,7810365,407381123,0,468,1204,7863,623,15620893,35,0,0,0,0,0,0,0,1,0,0,0,0,0,0,0,0,0,0,21583376,0,23472548,201922,0,0,0,0,0,0,0,0,16384,0,0,0,0,0,0,0,0,0,0,0,4429,115,0,0,0,0,0,23737004,0,72,0,16,115,4429,0,0,0,0,0,0,0,0,0,0,0,0,0,0,0,0,0,0,0,0,0,0,0,0,0,0,0,0,0,0,0,0,0,0,0,0,0,0,0,0,0,0,0,0,0,0,0,0,0,0,0,0,0,0,165390595,0,0,0,868026411,0,0,0,0,0,0,0,22008791,23598064,190687201,193942543360,18924233,0,0,0,0,0,0,0,0,0,0,0,0,0,0,0,0,0,0,0,0,0,0,0,0,0,0,0,0,0,0,0,245,0,0,0,0,0,0,0
1787686838.160,0,0,0,0,0,0,0,678838266,364027120128,670788553728,0,0,0,0,0,0,0,0,0,0,0,0,0,0,0,0,0,0,0,0,0,0,0,0,0,0,0,0,0,0,0,0,0,0,0,0,0,0,0,0,0,0,0,0,0,0,0,0,0,0,0,0,0,0,0,0,0,0,0,0,7,6200752,22238468,23561351,0,0,0,0,0,0,0,0,0,0,0,0,0,0,0,0,0,0,0,0,0,0,0,0,0,0,0,0,0,0,0,0,0,0,0,0,0,51438043136,14256078848,3139529,870122,23475846,5815,0,384,3145728,19119686,3111910,147,3109895722,51539607552,0,1067989544,0,0,0,0,0,0,0,0,0,0,0,0,0,0,0,0,0,0,7811139,407381897,0,468,1204,7863,623,15622442,35,0,0,0,0,0,0,0,1,0,0,0,0,0,0,0,0,0,0,21584353,0,23475551,201954,0,0,0,0,0,0,0,0,16384,0,0,0,0,0,0,0,0,0,0,0,4430,115,0,0,0,0,0,23739355,0,72,0,16,115,4430,0,0,0,0,0,0,0,0,0,0,0,0,0,0,0,0,0,0,0,0,0,0,0,0,0,0,0,0,0,0,0,0,0,0,0,0,0,0,0,0,0,0,0,0,0,0,0,0,0,0,0,0,0,0,165392926,0,0,0,868039777,0,0,0,0,0,0,0,22010630,23607377,190692567,193945983488,18925622,0,0,0,0,0,0,0,0,0,0,0,0,0,0,0,0,0,0,0,0,0,0,0,0,0,0,0,0,0,0,0,176,0,0,0,0,0,0,0
1787686839.229,0,0,0,0,0,0,0,678865880,364179491328,670840151040,0,0,0,0,0,0,0,0,0,0,0,0,0,0,0,0,0,0,0,0,0,0,0,0,0,0,0,0,0,0,0,0,0,0,0,0,0,0,0,0,0,0,0,0,0,0,0,0,0,0,0,0,0,0,0,0,0,0,0,0,7,6200804,22247776,23564232,0,0,0,0,0,0,0,0,0,0,0,0,0,0,0,0,0,0,0,0,0,0,0,0,0,0,0,0,0,0,0,0,0,0,0,0,0,51448512512,14260174848,3140168,870372,23478727,5176,0,384,3145728,19128993,3111910,147,3110035076,51539607552,0,1068011530,0,0,0,0,0,0,0,0,0,0,0,0,0,0,0,0,0,0,7811911,407382669,0,468,1204,7863,623,15623985,35,0,0,0,0,0,0,0,1,0,0,0,0,0,0,0,0,0,0,21585332,0,23478432,201978,0,0,0,0,0,0,0,0,16384,0,0,0,0,0,0,0,0,0,0,0,4431,115,0,0,0,0,0,23741704,0,72,0,16,115,4431,0,0,0,0,0,0,0,0,0,0,0,0,0,0,0,0,0,0,0,0,0,0,0,0,0,0,0,0,0,0,0,0,0,0,0,0,0,0,0,0,0,0,0,0,0,0,0,0,0,0,0,0,0,0,165395179,0,0,0,868053056,0,0,0,0,0,0,0,22012472,23616681,190697722,193949312512,18927023,0,1,0,0,0,0,0,0,0,0,0,0,0,0,0,0,0,0,0,0,0,0,0,0,0,0,0,0,0,0,0,128,0,0,0,0,0,0,0
1787686840.299,0,0,0,0,0,0,0,678893256,364329978368,670892886528,0,0,0,0,0,0,0,0,0,0,0,0,0,0,0,0,0,0,0,0,0,0,0,0,0,0,0,0,0,0,0,0,0,0,0,0,0,0,0,0,0,0,0,0,0,0,0,0,0,0,0,0,0,0,0,0,0,0,0,0,7,6200855,22256962,23567184,0,0,0,0,0,0,0,0,0,0,0,0,0,0,0,0,0,0,0,0,0,0,0,0,0,0,0,0,0,0,0,0,0,0,0,0,0,51455655936,14261633024,3140604,870461,23481679,4740,0,384,3145728,19138176,3111910,147,3110172219,51539607552,0,1068032515,0,0,0,0,0,0,0,0,0,0,0,0,0,0,0,0,0,0,7812678,407383436,0,468,1204,7863,623,15625519,35,0,0,0,0,0,0,0,1,0,0,0,0,0,0,0,0,0,0,21586294,0,23481384,202003,0,0,0,0,0,0,0,0,16384,0,0,0,0,0,0,0,0,0,0,0,4432,115,0,0,0,0,0,23744052,0,72,0,16,115,4432,0,0,0,0,0,0,0,0,0,0,0,0,0,0,0,0,0,0,0,0,0,0,0,0,0,0,0,0,0,0,0,0,0,0,0,0,0,0,0,0,0,0,0,0,0,0,0,0,0,0,0,0,0,0,165397372,0,0,0,868066024,0,0,0,0,0,0,0,22014387,23625866,190702893,193952573952,18928508,0,0,0,0,0,0,0,0,0,0,0,0,0,0,0,0,0,0,0,0,0,0,0,0,0,0,0,0,0,0,0,309,0,0,0,0,0,0,0
1787686841.370,0,0,0,0,0,0,0,678920823,364480170496,670945883648,0,0,0,0,0,0,0,0,0,0,0,0,0,0,0,0,0,0,0,0,0,0,0,0,0,0,0,0,0,0,0,0,0,0,0,0,0,0,0,0,0,0,0,0,0,0,0,0,0,0,0,0,0,0,0,0,0,0,0,0,7,6200903,22266131,23570136,0,0,0,0,0,0,0,0,0,0,0,0,0,0,0,0,0,0,0,0,0,0,0,0,0,0,0,0,0,0,0,0,0,0,0,0,0,51466272768,14263549952,3141252,870578,23484631,4092,0,384,3145728,19147346,3111910,147,3110311491,51539607552,0,1068054697,0,0,0,0,0,0,0,0,0,0,0,0,0,0,0,0,0,0,7813448,407384206,0,468,1204,7863,623,15627060,35,0,0,0,0,0,0,0,1,0,0,0,0,0,0,0,0,0,0,21587270,0,23484336,202027,0,0,0,0,0,0,0,0,16384,0,0,0,0,0,0,0,0,0,0,0,4433,115,0,0,0,0,0,23746389,0,72,0,16,115,4433,0,0,0,0,0,0,0,0,0,0,0,0,0,0,0,0,0,0,0,0,0,0,0,0,0,0,0,0,0,0,0,0,0,0,0,0,0,0,0,0,0,0,0,0,0,0,0,0,0,0,0,0,0,0,165399649,0,0,0,868079330,0,0,0,0,0,0,0,22016190,23635034,190708145,193956020224,18929888,0,0,0,0,0,0,0,0,0,0,0,0,0,0,0,0,0,0,0,0,0,0,0,0,0,0,0,0,0,0,0,218,0,0,0,0,0,0,0
1787686842.439,0,0,0,0,0,0,0,678948425,364632541696,670998398976,0,0,0,0,0,0,0,0,0,0,0,0,0,0,0,0,0,0,0,0,0,0,0,0,0,0,0,0,0,0,0,0,0,0,0,0,0,0,0,0,0,0,0,0,0,0,0,0,0,0,0,0,0,0,0,0,0,0,0,0,7,6200955,22275431,23573063,0,0,0,0,0,0,0,0,0,0,0,0,0,0,0,0,0,0,0,0,0,0,0,0,0,0,0,0,0,0,0,0,0,0,0,0,0,51479166976,14266417152,3142039,870753,23487558,3305,0,384,3145728,19156643,3111910,147,3110451079,51539607552,0,1068076873,0,0,0,0,0,0,0,0,0,0,0,0,0,0,0,0,0,0,7814220,407384978,0,468,1204,7863,623,15628603,35,0,0,0,0,0,0,0,1,0,0,0,0,0,0,0,0,0,0,21588242,0,23487263,202051,0,0,0,0,0,0,0,0,16384,0,0,0,0,0,0,0,0,0,0,0,4434,115,0,0,0,0,0,23748743,0,72,0,16,115,4434,0,0,0,0,0,0,0,0,0,0,0,0,0,0,0,0,0,0,0,0,0,0,0,0,0,0,0,0,0,0,0,0,0,0,0,0,0,0,0,0,0,0,0,0,0,0,0,0,0,0,0,0,0,0,165401932,0,0,0,868092681,0,0,0,0,0,0,0,22018037,23644336,190713377,193959463424,18931329,0,0,0,0,0,0,0,0,0,0,0,0,0,0,0,0,0,0,0,0,0,0,0,0,0,0,0,0,0,0,0,108,0,0,0,0,0,0,0
1787686843.517,0,0,0,0,0,0,0,678976589,364785437184,671050872320,0,0,0,0,0,0,0,0,0,0,0,0,0,0,0,0,0,0,0,0,0,0,0,0,0,0,0,0,0,0,0,0,0,0,0,0,0,0,0,0,0,0,0,0,0,0,0,0,0,0,0,0,0,0,0,0,0,0,0,0,7,6200992,22284764,23575990,0,0,0,0,0,0,0,0,0,0,0,0,0,0,0,0,0,0,0,0,0,0,0,0,0,0,0,0,0,0,0,0,0,0,0,0,0,51490029568,14269284352,3142702,870928,23490485,2642,0,384,3145728,19165975,3111910,147,3110592740,51539607552,0,1068098900,0,0,0,0,0,0,0,0,0,0,0,0,0,0,0,0,0,0,7815009,407385767,0,468,1204,7863,623,15630181,35,0,0,0,0,0,0,0,1,0,0,0,0,0,0,0,0,0,0,21589243,0,23490190,202083,0,0,0,0,0,0,0,0,16384,0,0,0,0,0,0,0,0,0,0,0,4435,115,0,0,0,0,0,23751141,0,72,0,16,115,4435,0,0,0,0,0,0,0,0,0,0,0,0,0,0,0,0,0,0,0,0,0,0,0,0,0,0,0,0,0,0,0,0,0,0,0,0,0,0,0,0,0,0,0,0,0,0,0,0,0,0,0,0,0,0,165404229,0,0,0,868106252,0,0,0,0,0,0,0,22019923,23653666,190718631,193962735616,18932763,0,0,0,0,0,0,0,0,0,0,0,0,0,0,0,0,0,0,0,0,0,0,0,0,0,0,0,0,0,0,0,61,0,0,0,0,0,0,0
1787686844.586,0,0,0,0,0,0,0,679004391,364937021952,671104068608,0,0,0,0,0,0,0,0,0,0,0,0,0,0,0,0,0,0,0,0,0,0,0,0,0,0,0,0,0,0,0,0,0,0,0,0,0,0,0,0,0,0,0,0,0,0,0,0,0,0,0,0,0,0,0,0,0,0,0,0,7,6201071,22294018,23578916,0,0,0,0,0,0,0,0,0,0,0,0,0,0,0,0,0,0,0,0,0,0,0,0,0,0,0,0,0,0,0,0,0,0,0,0,0,51499696128,14272036864,3143292,871096,23493411,2052,0,384,3145728,19175225,3111910,147,3110732363,51539607552,0,1068120953,0,0,0,0,0,0,0,0,0,0,0,0,0,0,0,0,0,0,7815784,407386542,0,468,1204,7863,623,15631731,35,0,0,0,0,0,0,0,1,0,0,0,0,0,0,0,0,0,0,21590220,0,23493116,202107,0,0,0,0,0,0,0,0,16384,0,0,0,0,0,0,0,0,0,0,0,4436,115,0,0,0,0,0,23753488,0,72,0,16,115,4436,0,0,0,0,0,0,0,0,0,0,0,0,0,0,0,0,0,0,0,0,0,0,0,0,0,0,0,0,0,0,0,0,0,0,0,0,0,0,0,0,0,0,0,0,0,0,0,0,0,0,0,0,0,0,165406565,0,0,0,868119405,0,0,0,0,0,0,0,22021842,23662920,190723915,193966709760,18934279,0,0,0,0,0,0,0,0,0,0,0,0,0,0,0,0,0,0,0,0,0,0,0,0,0,0,0,0,0,0,0,245,0,0,0,0,0,0,0
1787686845.657,0,0,0,0,0,0,0,679032440,365090032128,671156912640,0,0,0,0,0,0,0,0,0,0,0,0,0,0,0,0,0,0,0,0,0,0,0,0,0,0,0,0,0,0,0,0,0,0,0,0,0,0,0,0,0,0,0,0,0,0,0,0,0,0,0,0,0,0,0,0,0,0,0,0,7,6201113,22303358,23581866,0,0,0,0,0,0,0,0,0,0,0,0,0,0,0,0,0,0,0,0,0,0,0,0,0,0,0,0,0,0,0,0,0,0,0,0,0,51511181312,14275035136,3143993,871279,23496361,1351,0,385,3145728,19184564,3111910,147,3110873798,51539607552,0,1068143121,0,0,0,0,0,0,0,0,0,0,0,0,0,0,0,0,0,0,7816569,407387327,0,468,1204,7863,623,15633303,35,0,0,0,0,0,0,0,1,0,0,0,0,0,0,0,0,0,0,21591209,0,23496066,202132,0,0,0,0,0,0,0,0,16384,0,0,0,0,0,0,0,0,0,0,0,4437,115,0,0,0,0,0,23755879,0,72,0,16,115,4437,0,0,0,0,0,0,0,0,0,0,0,0,0,0,0,0,0,0,0,0,0,0,0,0,0,0,0,0,0,0,0,0,0,0,0,0,0,0,0,0,0,0,0,0,0,0,0,0,0,0,0,0,0,0,165408905,0,0,0,868132960,0,0,0,0,0,0,0,22023760,23672259,190729228,193969999360,18935785,0,0,0,0,0,0,0,0,0,0,0,0,0,0,0,0,0,0,0,0,0,0,0,0,0,0,0,0,0,0,0,160,0,0,0,0,0,0,0
1787686846.728,0,0,0,0,0,0,0,679060556,365242796544,671209207808,0,0,0,0,0,0,0,0,0,0,0,0,0,0,0,0,0,0,0,0,0,0,0,0,0,0,0,0,0,0,0,0,0,0,0,0,0,0,0,0,0,0,0,0,0,0,0,0,0,0,0,0,0,0,0,0,0,0,0,0,7,6201163,22312686,23584783,0,0,0,0,0,0,0,0,0,0,0,0,0,0,0,0,0,0,0,0,0,0,0,0,0,0,0,0,0,0,0,0,0,0,0,0,0,51521961984,14278033408,3144651,871462,23499278,693,0,384,3145728,19193890,3111910,147,3111015391,51539607552,0,1068165212,0,0,0,0,0,0,0,0,0,0,0,0,0,0,0,0,0,0,7817357,407388115,0,468,1204,7863,623,15634878,35,0,0,0,0,0,0,0,1,0,0,0,0,0,0,0,0,0,0,21592202,0,23498983,202156,0,0,0,0,0,0,0,0,16384,0,0,0,0,0,0,0,0,0,0,0,4438,115,0,0,0,0,0,23758284,0,72,0,16,115,4438,0,0,0,0,0,0,0,0,0,0,0,0,0,0,0,0,0,0,0,0,0,0,0,0,0,0,0,0,0,0,0,0,0,0,0,0,0,0,0,0,0,0,0,0,0,0,0,0,0,0,0,0,0,0,165411143,0,0,0,868146517,0,0,0,0,0,0,0,22025609,23681586,190734409,193973294592,18937194,0,0,0,0,0,0,0,0,0,0,0,0,0,0,0,0,0,0,0,0,0,0,0,0,0,0,0,0,0,0,0,99,0,0,0,0,0,0,0
1787686847.798,0,0,0,0,0,0,0,679088733,365395544576,671261825024,0,0,0,0,0,0,0,0,0,0,0,0,0,0,0,0,0,0,0,0,0,0,0,0,0,0,0,0,0,0,0,0,0,0,0,0,0,0,0,0,0,0,0,0,0,0,0,0,0,0,0,0,0,0,0,0,0,0,0,0,7,6201223,22322014,23587690,0,0,0,0,0,0,0,0,0,0,0,0,0,0,0,0,0,0,0,0,0,0,0,0,0,0,0,0,0,0,0,0,0,0,0,0,0,51530678272,14281818112,3145183,871693,23502185,161,0,384,3145728,19203217,3111910,147,3111157607,51539607552,0,1068187840,0,0,0,0,0,0,0,0,0,0,0,0,0,0,0,0,0,0,7818145,407388903,0,468,1204,7863,623,15636453,35,0,0,0,0,0,0,0,1,0,0,0,0,0,0,0,0,0,0,21593201,0,23501890,202180,0,0,0,0,0,0,0,0,16384,0,0,0,0,0,0,0,0,0,0,0,4439,115,0,0,0,0,0,23760688,0,72,0,16,115,4439,0,0,0,0,0,0,0,0,0,0,0,0,0,0,0,0,0,0,0,0,0,0,0,0,0,0,0,0,0,0,0,0,0,0,0,0,0,0,0,0,0,0,0,0,0,0,0,0,0,0,0,0,0,0,165413515,0,0,0,868160115,0,0,0,0,0,0,0,22027433,23690909,190739710,193976979968,18938652,0,0,0,0,0,0,0,0,0,0,0,0,0,0,0,0,0,0,0,0,0,0,0,0,0,0,0,0,0,0,0,29,0,0,0,0,0,0,0
1787686848.868,0,0,0,0,0,0,0,679117095,365548161536,671314416128,0,0,0,0,0,0,0,0,0,0,0,0,0,0,0,0,0,0,0,0,0,0,0,0,0,0,0,0,0,0,0,0,0,0,0,0,0,0,0,0,0,0,0,0,0,0,0,0,0,0,0,0,0,0,0,0,0,0,0,0,7,6201284,22331332,23590602,0,0,0,0,0,0,0,0,0,0,0,0,0,0,0,0,0,0,0,0,0,0,0,0,0,0,0,0,0,0,0,0,0,0,0,0,0,51434389504,14285914112,3139309,871943,23505097,6053,0,387,3145728,19212529,3111910,147,3111299794,51539607552,0,1068210134,0,0,0,0,0,0,0,0,0,0,0,0,0,0,0,0,0,0,7818934,407389692,0,468,1204,7863,623,15638031,35,0,0,0,0,0,0,0,1,0,0,0,0,0,0,0,0,0,0,21594197,0,23504802,202213,0,0,0,0,0,0,0,0,16384,0,0,0,0,0,0,0,0,0,0,0,4441,115,0,0,0,0,0,23763096,0,72,0,16,115,4441,0,0,0,0,0,0,0,0,0,0,0,0,0,0,0,0,0,0,0,0,0,0,0,0,0,0,0,0,0,0,0,0,0,0,0,0,0,0,0,0,0,0,0,0,0,0,0,0,0,0,0,0,0,0,165415846,0,0,0,868173451,0,0,0,0,0,0,0,22029258,23700226,190744986,193980546048,18940068,0,0,0,0,0,0,0,0,0,0,0,0,0,0,0,0,0,0,0,0,0,0,0,0,0,0,0,0,0,0,0,242,0,0,0,0,0,0,0
1787686849.939,0,0,0,0,0,0,0,679144287,365696436736,671416664576,0,0,0,0,0,0,0,0,0,0,0,0,0,0,0,0,0,0,0,0,0,0,0,0,0,0,0,0,0,0,0,0,0,0,0,0,0,0,0,0,0,0,0,0,0,0,0,0,0,0,0,0,0,0,0,0,0,0,0,0,7,6201342,22340383,23596567,0,0,0,0,0,0,0,0,0,0,0,0,0,0,0,0,0,0,0,0,0,0,0,0,0,0,0,0,0,0,0,0,0,0,0,0,0,51404636160,14237204480,3137490,868970,23511062,7854,0,384,3145728,19221577,3111910,147,3111437361,51539607552,0,1068232139,0,0,0,0,0,0,0,0,0,0,0,0,0,0,0,0,0,0,7819695,407390453,0,468,1204,7863,623,15639553,35,0,0,0,0,0,0,0,1,0,0,0,0,0,0,0,0,0,0,21595150,0,23510767,202279,0,0,0,0,0,0,0,0,16384,0,0,0,0,0,0,0,0,0,0,0,4442,115,0,0,0,0,0,23765408,0,72,0,16,115,4442,0,0,0,0,0,0,0,0,0,0,0,0,0,0,0,0,0,0,0,0,0,0,0,0,0,0,0,0,0,0,0,0,0,0,0,0,0,0,0,0,0,0,0,0,0,0,0,0,0,0,0,0,0,0,165418107,0,0,0,868186673,0,0,0,0,0,0,0,22031514,23709277,190753273,193984114176,18941533,0,0,0,0,0,0,0,0,0,0,0,0,0,0,0,0,0,0,0,0,0,0,0,0,0,0,0,0,0,0,0,79,0,0,0,0,0,0,0
1787686851.013,0,0,0,0,0,0,0,679172142,365848562176,671468809728,0,0,0,0,0,0,0,0,0,0,0,0,0,0,0,0,0,0,0,0,0,0,0,0,0,0,0,0,0,0,0,0,0,0,0,0,0,0,0,0,0,0,0,0,0,0,0,0,0,0,0,0,0,0,0,0,0,0,0,0,7,6201391,22349675,23599504,0,0,0,0,0,0,0,0,0,0,0,0,0,0,0,0,0,0,0,0,0,0,0,0,0,0,0,0,0,0,0,0,0,0,0,0,0,51415744512,14239596544,3138168,869116,23513999,7175,0,384,3145728,19230868,3111910,147,3111576474,51539607552,0,1068253317,0,0,0,0,0,0,0,0,0,0,0,0,0,0,0,0,0,0,7820477,407391235,0,468,1204,7863,623,15641117,35,0,0,0,0,0,0,0,1,0,0,0,0,0,0,0,0,0,0,21596137,0,23513704,202311,0,0,0,0,0,0,0,0,16384,0,0,0,0,0,0,0,0,0,0,0,4443,115,0,0,0,0,0,23767780,0,72,0,16,115,4443,0,0,0,0,0,0,0,0,0,0,0,0,0,0,0,0,0,0,0,0,0,0,0,0,0,0,0,0,0,0,0,0,0,0,0,0,0,0,0,0,0,0,0,0,0,0,0,0,0,0,0,0,0,0,165420328,0,0,0,868199860,0,0,0,0,0,0,0,22033264,23718564,190758460,193987181056,18942913,0,0,0,0,0,0,0,0,0,0,0,0,0,0,0,0,0,0,0,0,0,0,0,0,0,0,0,0,0,0,0,276,0,0,0,0,0,0,0
1787686852.083,0,0,0,0,0,0,0,679200326,366002964992,671521844224,0,0,0,0,0,0,0,0,0,0,0,0,0,0,0,0,0,0,0,0,0,0,0,0,0,0,0,0,0,0,0,0,0,0,0,0,0,0,0,0,0,0,0,0,0,0,0,0,0,0,0,0,0,0,0,0,0,0,0,0,7,6201455,22359101,23602451,0,0,0,0,0,0,0,0,0,0,0,0,0,0,0,0,0,0,0,0,0,0,0,0,0,0,0,0,0,0,0,0,0,0,0,0,0,51426492416,14243266560,3138824,869340,23516946,6520,0,384,3145728,19240290,3111910,147,3111718511,51539607552,0,1068275643,0,0,0,0,0,0,0,0,0,0,0,0,0,0,0,0,0,0,7821264,407392022,0,468,1204,7863,623,15642691,35,0,0,0,0,0,0,0,1,0,0,0,0,0,0,0,0,0,0,21597134,0,23516651,202343,0,0,0,0,0,0,0,0,16384,0,0,0,0,0,0,0,0,0,0,0,4444,115,0,0,0,0,0,23770163,0,72,0,16,115,4444,0,0,0,0,0,0,0,0,0,0,0,0,0,0,0,0,0,0,0,0,0,0,0,0,0,0,0,0,0,0,0,0,0,0,0,0,0,0,0,0,0,0,0,0,0,0,0,0,0,0,0,0,0,0,165422682,0,0,0,868213438,0,0,0,0,0,0,0,22035199,23727986,190763794,193990713344,18944424,1,0,0,0,0,0,0,0,0,0,0,0,0,0,0,0,0,0,0,0,0,0,0,0,0,0,0,0,0,0,0,215,0,0,0,0,0,0,0
1787686853.154,0,0,0,0,0,0,0,679228850,366157974016,671575451648,0,0,0,0,0,0,0,0,0,0,0,0,0,0,0,0,0,0,0,0,0,0,0,0,0,0,0,0,0,0,0,0,0,0,0,0,0,0,0,0,0,0,0,0,0,0,0,0,0,0,0,0,0,0,0,0,0,0,0,0,7,6201519,22368565,23605410,0,0,0,0,0,0,0,0,0,0,0,0,0,0,0,0,0,0,0,0,0,0,0,0,0,0,0,0,0,0,0,0,0,0,0,0,0,51437912064,14246363136,3139521,869529,23519905,5823,0,384,3145728,19249751,3111910,147,3111862566,51539607552,0,1068298514,0,0,0,0,0,0,0,0,0,0,0,0,0,0,0,0,0,0,7822061,407392819,0,468,1204,7863,623,15644285,35,0,0,0,0,0,0,0,1,0,0,0,0,0,0,0,0,0,0,21598138,0,23519610,202376,0,0,0,0,0,0,0,0,16384,0,0,0,0,0,0,0,0,0,0,0,4445,115,0,0,0,0,0,23772588,0,72,0,16,115,4445,0,0,0,0,0,0,0,0,0,0,0,0,0,0,0,0,0,0,0,0,0,0,0,0,0,0,0,0,0,0,0,0,0,0,0,0,0,0,0,0,0,0,0,0,0,0,0,0,0,0,0,0,0,0,165425008,0,0,0,868227164,0,0,0,0,0,0,0,22037092,23737450,190769112,193994523648,18945856,0,0,0,0,0,0,0,0,0,0,0,0,0,0,0,0,0,0,0,0,0,0,0,0,0,0,0,0,0,0,0,177,0,0,0,0,0,0,0
1787686854.224,0,0,0,0,0,0,0,679257240,366311492096,671628438528,0,0,0,0,0,0,0,0,0,0,0,0,0,0,0,0,0,0,0,0,0,0,0,0,0,0,0,0,0,0,0,0,0,0,0,0,0,0,0,0,0,0,0,0,0,0,0,0,0,0,0,0,0,0,0,0,0,0,0,0,7,6201579,22377936,23608363,0,0,0,0,0,0,0,0,0,0,0,0,0,0,0,0,0,0,0,0,0,0,0,0,0,0,0,0,0,0,0,0,0,0,0,0,0,51446923264,14251180032,3140071,869823,23522858,5273,0,384,3145728,19259122,3111910,147,3112005795,51539607552,0,1068321296,0,0,0,0,0,0,0,0,0,0,0,0,0,0,0,0,0,0,7822855,407393613,0,468,1204,7863,623,15645873,35,0,0,0,0,0,0,0,1,0,0,0,0,0,0,0,0,0,0,21599131,0,23522563,202408,0,0,0,0,0,0,0,0,16384,0,0,0,0,0,0,0,0,0,0,0,4446,115,0,0,0,0,0,23775004,0,72,0,16,115,4446,0,0,0,0,0,0,0,0,0,0,0,0,0,0,0,0,0,0,0,0,0,0,0,0,0,0,0,0,0,0,0,0,0,0,0,0,0,0,0,0,0,0,0,0,0,0,0,0,0,0,0,0,0,0,165427330,0,0,0,868240910,0,0,0,0,0,0,0,22038963,23746818,190774418,193997883904,18947313,0,0,0,0,0,0,0,0,0,0,0,0,0,0,0,0,0,0,0,0,0,0,0,0,0,0,0,0,0,0,0,42,0,0,0,0,0,0,0
1787686855.295,0,0,0,0,0,0,0,679285321,366464797184,671681712640,0,0,0,0,0,0,0,0,0,0,0,0,0,0,0,0,0,0,0,0,0,0,0,0,0,0,0,0,0,0,0,0,0,0,0,0,0,0,0,0,0,0,0,0,0,0,0,0,0,0,0,0,0,0,0,0,0,0,0,0,7,6201635,22387294,23611323,0,0,0,0,0,0,0,0,0,0,0,0,0,0,0,0,0,0,0,0,0,0,0,0,0,0,0,0,0,0,0,0,0,0,0,0,0,51457277952,14253932544,3140703,869991,23525818,4641,0,384,3145728,19268481,3111910,147,3112146412,51539607552,0,1068343081,0,0,0,0,0,0,0,0,0,0,0,0,0,0,0,0,0,0,7823640,407394398,0,468,1204,7863,623,15647443,35,0,0,0,0,0,0,0,1,0,0,0,0,0,0,0,0,0,0,21600124,0,23525523,202440,0,0,0,0,0,0,0,0,16384,0,0,0,0,0,0,0,0,0,0,0,4447,115,0,0,0,0,0,23777382,0,72,0,16,115,4447,0,0,0,0,0,0,0,0,0,0,0,0,0,0,0,0,0,0,0,0,0,0,0,0,0,0,0,0,0,0,0,0,0,0,0,0,0,0,0,0,0,0,0,0,0,0,0,0,0,0,0,0,0,0,165429700,0,0,0,868254164,0,0,0,0,0,0,0,22040906,23756176,190779780,194001391616,18948842,0,0,0,0,0,0,0,0,0,0,0,0,0,0,0,0,0,0,0,0,0,0,0,0,0,0,0,0,0,0,0,250,0,0,0,0,0,0,0
1787686856.364,0,0,0,0,0,0,0,679313744,366619036160,671735774208,0,0,0,0,0,0,0,0,0,0,0,0,0,0,0,0,0,0,0,0,0,0,0,0,0,0,0,0,0,0,0,0,0,0,0,0,0,0,0,0,0,0,0,0,0,0,0,0,0,0,0,0,0,0,0,0,0,0,0,0,7,6201693,22396710,23614326,0,0,0,0,0,0,0,0,0,0,0,0,0,0,0,0,0,0,0,0,0,0,0,0,0,0,0,0,0,0,0,0,0,0,0,0,0,51468533760,14257651712,3141390,870218,23528821,3954,0,384,3145728,19277896,3111910,147,3112289821,51539607552,0,1068365928,0,0,0,0,0,0,0,0,0,0,0,0,0,0,0,0,0,0,7824432,407395190,0,468,1204,7863,623,15649027,35,0,0,0,0,0,0,0,1,0,0,0,0,0,0,0,0,0,0,21601126,0,23528526,202475,0,0,0,0,0,0,0,0,16384,0,0,0,0,0,0,0,0,0,0,0,4448,115,0,0,0,0,0,23779788,0,72,0,16,115,4448,0,0,0,0,0,0,0,0,0,0,0,0,0,0,0,0,0,0,0,0,0,0,0,0,0,0,0,0,0,0,0,0,0,0,0,0,0,0,0,0,0,0,0,0,0,0,0,0,0,0,0,0,0,0,165432063,0,0,0,868267834,0,0,0,0,0,0,0,22042743,23765591,190785178,194004973056,18950271,0,0,0,0,0,0,0,0,0,0,0,0,0,0,0,0,0,0,0,0,0,0,0,0,0,0,0,0,0,0,0,185,0,0,0,0,0,0,0
1787686857.435,0,0,0,0,0,0,0,679341863,366773897728,671790192640,0,0,0,0,0,0,0,0,0,0,0,0,0,0,0,0,0,0,0,0,0,0,0,0,0,0,0,0,0,0,0,0,0,0,0,0,0,0,0,0,0,0,0,0,0,0,0,0,0,0,0,0,0,0,0,0,0,0,0,0,7,6201760,22406160,23617347,0,0,0,0,0,0,0,0,0,0,0,0,0,0,0,0,0,0,0,0,0,0,0,0,0,0,0,0,0,0,0,0,0,0,0,0,0,51479740416,14260125696,3142074,870369,23531842,3270,0,385,3145728,19287343,3111910,147,3112431974,51539607552,0,1068388468,0,0,0,0,0,0,0,0,0,0,0,0,0,0,0,0,0,0,7825218,407395976,0,468,1204,7863,623,15650600,35,0,0,0,0,0,0,0,1,0,0,0,0,0,0,0,0,0,0,21602121,0,23531547,202508,0,0,0,0,0,0,0,0,16384,0,0,0,0,0,0,0,0,0,0,0,4449,115,0,0,0,0,0,23782190,0,72,0,16,115,4449,0,0,0,0,0,0,0,0,0,0,0,0,0,0,0,0,0,0,0,0,0,0,0,0,0,0,0,0,0,0,0,0,0,0,0,0,0,0,0,0,0,0,0,0,0,0,0,0,0,0,0,0,0,0,165434425,0,0,0,868281372,0,0,0,0,0,0,0,22044639,23775038,190790593,194008645120,18951729,0,0,0,0,0,0,0,0,0,0,0,0,0,0,0,0,0,0,0,0,0,0,0,0,0,0,0,0,0,0,0,142,0,0,0,0,0,0,0
1787686858.507,0,0,0,0,0,0,0,679369739,366928562688,671844557824,0,0,0,0,0,0,0,0,0,0,0,0,0,0,0,0,0,0,0,0,0,0,0,0,0,0,0,0,0,0,0,0,0,0,0,0,0,0,0,0,0,0,0,0,0,0,0,0,0,0,0,0,0,0,0,0,0,0,0,0,7,6201823,22415604,23620368,0,0,0,0,0,0,0,0,0,0,0,0,0,0,0,0,0,0,0,0,0,0,0,0,0,0,0,0,0,0,0,0,0,0,0,0,0,51490521088,14262108160,3142732,870490,23534863,2612,0,384,3145728,19296786,3111910,147,3112572871,51539607552,0,1068411007,0,0,0,0,0,0,0,0,0,0,0,0,0,0,0,0,0,0,7825995,407396753,0,468,1204,7863,623,15652155,35,0,0,0,0,0,0,0,1,0,0,0,0,0,0,0,0,0,0,21603104,0,23534568,202541,0,0,0,0,0,0,0,0,16384,0,0,0,0,0,0,0,0,0,0,0,4450,115,0,0,0,0,0,23784543,0,72,0,16,115,4450,0,0,0,0,0,0,0,0,0,0,0,0,0,0,0,0,0,0,0,0,0,0,0,0,0,0,0,0,0,0,0,0,0,0,0,0,0,0,0,0,0,0,0,0,0,0,0,0,0,0,0,0,0,0,165436738,0,0,0,868294785,0,0,0,0,0,0,0,22046482,23784482,190795961,194012284416,18953124,0,0,0,0,0,0,0,0,0,0,0,0,0,0,0,0,0,0,0,0,0,0,0,0,0,0,0,0,0,0,0,75,0,0,0,0,0,0,0
1787686859.577,0,0,0,0,0,0,0,679398207,367083997696,671898429440,0,0,0,0,0,0,0,0,0,0,0,0,0,0,0,0,0,0,0,0,0,0,0,0,0,0,0,0,0,0,0,0,0,0,0,0,0,0,0,0,0,0,0,0,0,0,0,0,0,0,0,0,0,0,0,0,0,0,0,0,7,6201896,22425095,23623365,0,0,0,0,0,0,0,0,0,0,0,0,0,0,0,0,0,0,0,0,0,0,0,0,0,0,0,0,0,0,0,0,0,0,0,0,0,51500417024,14265729024,3143336,870711,23537860,2008,0,384,3145728,19306277,3111910,147,3112716702,51539607552,0,1068433965,0,0,0,0,0,0,0,0,0,0,0,0,0,0,0,0,0,0,7826789,407397547,0,468,1204,7863,623,15653741,35,0,0,0,0,0,0,0,1,0,0,0,0,0,0,0,0,0,0,21604106,0,23537565,202574,0,0,0,0,0,0,0,0,16384,0,0,0,0,0,0,0,0,0,0,0,4451,115,0,0,0,0,0,23786957,0,72,0,16,115,4451,0,0,0,0,0,0,0,0,0,0,0,0,0,0,0,0,0,0,0,0,0,0,0,0,0,0,0,0,0,0,0,0,0,0,0,0,0,0,0,0,0,0,0,0,0,0,0,0,0,0,0,0,0,0,165439059,0,0,0,868308487,0,0,0,0,0,0,0,22048453,23793972,190801309,194015923200,18954615,0,0,0,0,0,0,0,0,0,0,0,0,0,0,0,0,0,0,0,0,0,0,0,0,0,0,0,0,0,0,0,6,0,0,0,0,0,0,0
1787686860.647,0,0,0,0,0,0,0,679426416,367237040640,671952398336,0,0,0,0,0,0,0,0,0,0,0,0,0,0,0,0,0,0,0,0,0,0,0,0,0,0,0,0,0,0,0,0,0,0,0,0,0,0,0,0,0,0,0,0,0,0,0,0,0,0,0,0,0,0,0,0,0,0,0,0,7,6201957,22434441,23626362,0,0,0,0,0,0,0,0,0,0,0,0,0,0,0,0,0,0,0,0,0,0,0,0,0,0,0,0,0,0,0,0,0,0,0,0,0,51509870592,14268252160,3143913,870865,23540857,1431,0,384,3145728,19315620,3111910,147,3112857920,51539607552,0,1068455875,0,0,0,0,0,0,0,0,0,0,0,0,0,0,0,0,0,0,7827578,407398336,0,468,1204,7863,623,15655322,35,0,0,0,0,0,0,0,1,0,0,0,0,0,0,0,0,0,0,21605100,0,23540562,202608,0,0,0,0,0,0,0,0,16384,0,0,0,0,0,0,0,0,0,0,0,4452,115,0,0,0,0,0,23789353,0,72,0,16,115,4452,0,0,0,0,0,0,0,0,0,0,0,0,0,0,0,0,0,0,0,0,0,0,0,0,0,0,0,0,0,0,0,0,0,0,0,0,0,0,0,0,0,0,0,0,0,0,0,0,0,0,0,0,0,0,165441359,0,0,0,868321809,0,0,0,0,0,0,0,22050479,23803318,190806642,194019559424,18956126,0,0,0,0,0,0,0,0,0,0,0,0,0,0,0,0,0,0,0,0,0,0,0,0,0,0,0,0,0,0,0,234,0,0,0,0,0,0,0
1787686861.717,0,0,0,0,0,0,0,679454511,367389739520,672005097984,0,0,0,0,0,0,0,0,0,0,0,0,0,0,0,0,0,0,0,0,0,0,0,0,0,0,0,0,0,0,0,0,0,0,0,0,0,0,0,0,0,0,0,0,0,0,0,0,0,0,0,0,0,0,0,0,0,0,0,0,7,6202008,22443763,23629287,0,0,0,0,0,0,0,0,0,0,0,0,0,0,0,0,0,0,0,0,0,0,0,0,0,0,0,0,0,0,0,0,0,0,0,0,0,51520208896,14270889984,3144544,871026,23543782,800,0,384,3145728,19324942,3111910,147,3112999490,51539607552,0,1068478280,0,0,0,0,0,0,0,0,0,0,0,0,0,0,0,0,0,0,7828363,407399121,0,468,1204,7863,623,15656889,35,0,0,0,0,0,0,0,1,0,0,0,0,0,0,0,0,0,0,21606090,0,23543487,202640,0,0,0,0,0,0,0,0,16384,0,0,0,0,0,0,0,0,0,0,0,4453,115,0,0,0,0,0,23791745,0,72,0,16,115,4453,0,0,0,0,0,0,0,0,0,0,0,0,0,0,0,0,0,0,0,0,0,0,0,0,0,0,0,0,0,0,0,0,0,0,0,0,0,0,0,0,0,0,0,0,0,0,0,0,0,0,0,0,0,0,165443779,0,0,0,868335335,0,0,0,0,0,0,0,22052349,23812639,190812019,194023090176,18957584,0,0,0,0,0,0,0,0,0,0,0,0,0,0,0,0,0,0,0,0,0,0,0,0,0,0,0,0,0,0,0,168,0,0,0,0,0,0,0
1787686862.787,0,0,0,0,0,0,0,679482616,367542323712,672058314240,0,0,0,0,0,0,0,0,0,0,0,0,0,0,0,0,0,0,0,0,0,0,0,0,0,0,0,0,0,0,0,0,0,0,0,0,0,0,0,0,0,0,0,0,0,0,0,0,0,0,0,0,0,0,0,0,0,0,0,0,7,6202072,22453078,23632257,0,0,0,0,0,0,0,0,0,0,0,0,0,0,0,0,0,0,0,0,0,0,0,0,0,0,0,0,0,0,0,0,0,0,0,0,0,51530006528,14273363968,3145142,871177,23546752,202,0,384,3145728,19334256,3111910,147,3113141068,51539607552,0,1068500622,0,0,0,0,0,0,0,0,0,0,0,0,0,0,0,0,0,0,7829148,407399906,0,468,1204,7863,623,15658459,35,0,0,0,0,0,0,0,1,0,0,0,0,0,0,0,0,0,0,21607086,0,23546457,202672,0,0,0,0,0,0,0,0,16384,0,0,0,0,0,0,0,0,0,0,0,4454,115,0,0,0,0,0,23794140,0,72,0,16,115,4454,0,0,0,0,0,0,0,0,0,0,0,0,0,0,0,0,0,0,0,0,0,0,0,0,0,0,0,0,0,0,0,0,0,0,0,0,0,0,0,0,0,0,0,0,0,0,0,0,0,0,0,0,0,0,165446139,0,0,0,868348847,0,0,0,0,0,0,0,22054225,23821953,190817380,194026457600,18959043,0,0,0,0,0,0,0,0,0,0,0,0,0,0,0,0,0,0,0,0,0,0,0,0,0,0,0,0,0,0,0,116,0,0,0,0,0,0,0
1787686863.865,0,0,0,0,0,0,0,679510613,367696529920,672111330304,0,0,0,0,0,0,0,0,0,0,0,0,0,0,0,0,0,0,0,0,0,0,0,0,0,0,0,0,0,0,0,0,0,0,0,0,0,0,0,0,0,0,0,0,0,0,0,0,0,0,0,0,0,0,0,0,0,0,0,0,7,6202148,22462491,23635188,0,0,0,0,0,0,0,0,0,0,0,0,0,0,0,0,0,0,0,0,0,0,0,0,0,0,0,0,0,0,0,0,0,0,0,0,0,51468124160,14277509120,3141374,871430,23549683,3997,0,389,3145728,19343670,3111910,147,3113282712,51539607552,0,1068523394,0,0,0,0,0,0,0,0,0,0,0,0,0,0,0,0,0,0,7829929,407400687,0,468,1204,7863,623,15660021,35,0,0,0,0,0,0,0,1,0,0,0,0,0,0,0,0,0,0,21608072,0,23549388,202704,0,0,0,0,0,0,0,0,16384,0,0,0,0,0,0,0,0,0,0,0,4456,115,0,0,0,0,0,23796512,0,72,0,16,115,4456,0,0,0,0,0,0,0,0,0,0,0,0,0,0,0,0,0,0,0,0,0,0,0,0,0,0,0,0,0,0,0,0,0,0,0,0,0,0,0,0,0,0,0,0,0,0,0,0,0,0,0,0,0,0,165448505,0,0,0,868362339,0,0,0,0,0,0,0,22056068,23831366,190822707,194030199296,18960455,0,0,0,0,0,0,0,0,0,0,0,0,0,0,0,0,0,0,0,0,0,0,0,0,0,0,0,0,0,0,0,37,0,0,0,0,0,0,0
1787686864.939,0,0,0,0,0,0,0,679537669,367846558208,672211834880,0,0,0,0,0,0,0,0,0,0,0,0,0,0,0,0,0,0,0,0,0,0,0,0,0,0,0,0,0,0,0,0,0,0,0,0,0,0,0,0,0,0,0,0,0,0,0,0,0,0,0,0,0,0,0,0,0,0,0,0,7,6202198,22471650,23641068,0,0,0,0,0,0,0,0,0,0,0,0,0,0,0,0,0,0,0,0,0,0,0,0,0,0,0,0,0,0,0,0,0,0,0,0,0,51404996608,14231011328,3137512,868592,23555563,7832,0,384,3145728,19352827,3111910,147,3113417973,51539607552,0,1068543981,0,0,0,0,0,0,0,0,0,0,0,0,0,0,0,0,0,0,7830687,407401445,0,468,1204,7863,623,15661538,35,0,0,0,0,0,0,0,1,0,0,0,0,0,0,0,0,0,0,21609034,0,23555268,202762,0,0,0,0,0,0,0,0,16384,0,0,0,0,0,0,0,0,0,0,0,4457,115,0,0,0,0,0,23798818,0,72,0,16,115,4457,0,0,0,0,0,0,0,0,0,0,0,0,0,0,0,0,0,0,0,0,0,0,0,0,0,0,0,0,0,0,0,0,0,0,0,0,0,0,0,0,0,0,0,0,0,0,0,0,0,0,0,0,0,0,165450776,0,0,0,868375113,0,0,0,0,0,0,0,22058388,23840522,190830914,194033448960,18961937,0,0,0,0,0,0,0,0,0,0,0,0,0,0,0,0,0,0,0,0,0,0,0,0,0,0,0,0,0,0,0,254,0,0,0,0,0,0,0
1787686866.011,0,0,0,0,0,0,0,679565795,367998126592,672264835584,0,0,0,0,0,0,0,0,0,0,0,0,0,0,0,0,0,0,0,0,0,0,0,0,0,0,0,0,0,0,0,0,0,0,0,0,0,0,0,0,0,0,0,0,0,0,0,0,0,0,0,0,0,0,0,0,0,0,0,0,7,6202266,22480909,23643993,0,0,0,0,0,0,0,0,0,0,0,0,0,0,0,0,0,0,0,0,0,0,0,0,0,0,0,0,0,0,0,0,0,0,0,0,0,51414302720,14234107904,3138080,868781,23558488,7264,0,384,3145728,19362084,3111910,147,3113560230,51539607552,0,1068567041,0,0,0,0,0,0,0,0,0,0,0,0,0,0,0,0,0,0,7831471,407402229,0,468,1204,7863,623,15663105,35,0,0,0,0,0,0,0,1,0,0,0,0,0,0,0,0,0,0,21610018,0,23558193,202794,0,0,0,0,0,0,0,0,16384,0,0,0,0,0,0,0,0,0,0,0,4458,115,0,0,0,0,0,23801189,0,72,0,16,115,4458,0,0,0,0,0,0,0,0,0,0,0,0,0,0,0,0,0,0,0,0,0,0,0,0,0,0,0,0,0,0,0,0,0,0,0,0,0,0,0,0,0,0,0,0,0,0,0,0,0,0,0,0,0,0,165453080,0,0,0,868388629,0,0,0,0,0,0,0,22060298,23849780,190836176,194037260800,18963409,0,0,0,0,0,0,0,0,0,0,0,0,0,0,0,0,0,0,0,0,0,0,0,0,0,0,0,0,0,0,0,199,0,0,0,0,0,0,0
1787686867.081,0,0,0,0,0,0,0,679594154,368150514176,672318437888,0,0,0,0,0,0,0,0,0,0,0,0,0,0,0,0,0,0,0,0,0,0,0,0,0,0,0,0,0,0,0,0,0,0,0,0,0,0,0,0,0,0,0,0,0,0,0,0,0,0,0,0,0,0,0,0,0,0,0,0,7,6202330,22490210,23646979,0,0,0,0,0,0,0,0,0,0,0,0,0,0,0,0,0,0,0,0,0,0,0,0,0,0,0,0,0,0,0,0,0,0,0,0,0,51424886784,14237777920,3138726,869005,23561474,6618,0,384,3145728,19371384,3111910,147,3113703248,51539607552,0,1068589781,0,0,0,0,0,0,0,0,0,0,0,0,0,0,0,0,0,0,7832261,407403019,0,468,1204,7863,623,15664685,35,0,0,0,0,0,0,0,1,0,0,0,0,0,0,0,0,0,0,21611016,0,23561179,202826,0,0,0,0,0,0,0,0,16384,0,0,0,0,0,0,0,0,0,0,0,4459,115,0,0,0,0,0,23803595,0,72,0,16,115,4459,0,0,0,0,0,0,0,0,0,0,0,0,0,0,0,0,0,0,0,0,0,0,0,0,0,0,0,0,0,0,0,0,0,0,0,0,0,0,0,0,0,0,0,0,0,0,0,0,0,0,0,0,0,0,165455432,0,0,0,868402308,0,0,0,0,0,0,0,22062304,23859080,190841545,194040774144,18964966,0,0,0,0,0,0,0,0,0,0,0,0,0,0,0,0,0,0,0,0,0,0,0,0,0,0,0,0,0,0,0,89,0,0,0,0,0,0,0
1787686868.151,0,0,0,0,0,0,0,679622202,368300673536,672371399168,0,0,0,0,0,0,0,0,0,0,0,0,0,0,0,0,0,0,0,0,0,0,0,0,0,0,0,0,0,0,0,0,0,0,0,0,0,0,0,0,0,0,0,0,0,0,0,0,0,0,0,0,0,0,0,0,0,0,0,0,7,6202386,22499380,23649929,0,0,0,0,0,0,0,0,0,0,0,0,0,0,0,0,0,0,0,0,0,0,0,0,0,0,0,0,0,0,0,0,0,0,0,0,0,51435831296,14240333824,3139394,869161,23564424,5950,0,384,3145728,19380552,3111910,147,3113844424,51539607552,0,1068612199,0,0,0,0,0,0,0,0,0,0,0,0,0,0,0,0,0,0,7833043,407403801,0,468,1204,7863,623,15666252,35,0,0,0,0,0,0,0,1,0,0,0,0,0,0,0,0,0,0,21612003,0,23564129,202858,0,0,0,0,0,0,0,0,16384,0,0,0,0,0,0,0,0,0,0,0,4460,115,0,0,0,0,0,23805966,0,72,0,16,115,4460,0,0,0,0,0,0,0,0,0,0,0,0,0,0,0,0,0,0,0,0,0,0,0,0,0,0,0,0,0,0,0,0,0,0,0,0,0,0,0,0,0,0,0,0,0,0,0,0,0,0,0,0,0,0,165457767,0,0,0,868415812,0,0,0,0,0,0,0,22064127,23868245,190846857,194044240896,18966363,0,0,0,0,0,0,0,0,0,0,0,0,0,0,0,0,0,0,0,0,0,0,0,0,0,0,0,0,0,0,0,11,0,0,0,0,0,0,0
1787686869.221,0,0,0,0,0,0,0,679649907,368451783168,672424398848,0,0,0,0,0,0,0,0,0,0,0,0,0,0,0,0,0,0,0,0,0,0,0,0,0,0,0,0,0,0,0,0,0,0,0,0,0,0,0,0,0,0,0,0,0,0,0,0,0,0,0,0,0,0,0,0,0,0,0,0,7,6202441,22508603,23652871,0,0,0,0,0,0,0,0,0,0,0,0,0,0,0,0,0,0,0,0,0,0,0,0,0,0,0,0,0,0,0,0,0,0,0,0,0,51445579776,14243004416,3139989,869324,23567366,5355,0,384,3145728,19389773,3111910,147,3113983212,51539607552,0,1068633884,0,0,0,0,0,0,0,0,0,0,0,0,0,0,0,0,0,0,7833817,407404575,0,468,1204,7863,623,15667797,35,0,0,0,0,0,0,0,1,0,0,0,0,0,0,0,0,0,0,21612984,0,23567071,202891,0,0,0,0,0,0,0,0,16384,0,0,0,0,0,0,0,0,0,0,0,4461,115,0,0,0,0,0,23808313,0,72,0,16,115,4461,0,0,0,0,0,0,0,0,0,0,0,0,0,0,0,0,0,0,0,0,0,0,0,0,0,0,0,0,0,0,0,0,0,0,0,0,0,0,0,0,0,0,0,0,0,0,0,0,0,0,0,0,0,0,165460077,0,0,0,868428878,0,0,0,0,0,0,0,22065935,23877469,190852143,194047724032,18967717,0,0,0,0,0,0,0,0,0,0,0,0,0,0,0,0,0,0,0,0,0,0,0,0,0,0,0,0,0,0,0,223,0,0,0,0,0,0,0
1787686870.298,0,0,0,0,0,0,0,679677587,368601565696,672478291456,0,0,0,0,0,0,0,0,0,0,0,0,0,0,0,0,0,0,0,0,0,0,0,0,0,0,0,0,0,0,0,0,0,0,0,0,0,0,0,0,0,0,0,0,0,0,0,0,0,0,0,0,0,0,0,0,0,0,0,0,7,6202507,22517750,23655869,0,0,0,0,0,0,0,0,0,0,0,0,0,0,0,0,0,0,0,0,0,0,0,0,0,0,0,0,0,0,0,0,0,0,0,0,0,51455213568,14243381248,3140577,869347,23570364,4767,0,384,3145728,19398920,3111910,147,3114122852,51539607552,0,1068655987,0,0,0,0,0,0,0,0,0,0,0,0,0,0,0,0,0,0,7834592,407405350,0,468,1204,7863,623,15669348,35,0,0,0,0,0,0,0,1,0,0,0,0,0,0,0,0,0,0,21613961,0,23570069,202924,0,0,0,0,0,0,0,0,16384,0,0,0,0,0,0,0,0,0,0,0,4462,115,0,0,0,0,0,23810669,0,72,0,16,115,4462,0,0,0,0,0,0,0,0,0,0,0,0,0,0,0,0,0,0,0,0,0,0,0,0,0,0,0,0,0,0,0,0,0,0,0,0,0,0,0,0,0,0,0,0,0,0,0,0,0,0,0,0,0,0,165462377,0,0,0,868442247,0,0,0,0,0,0,0,22067769,23886612,190857473,194051289600,18969061,0,0,0,0,0,0,0,0,0,0,0,0,0,0,0,0,0,0,0,0,0,0,0,0,0,0,0,0,0,0,0,155,0,0,0,0,0,0,0
1787686871.369,0,0,0,0,0,0,0,679705646,368753003008,672530870784,0,0,0,0,0,0,0,0,0,0,0,0,0,0,0,0,0,0,0,0,0,0,0,0,0,0,0,0,0,0,0,0,0,0,0,0,0,0,0,0,0,0,0,0,0,0,0,0,0,0,0,0,0,0,0,0,0,0,0,0,7,6202569,22527000,23658775,0,0,0,0,0,0,0,0,0,0,0,0,0,0,0,0,0,0,0,0,0,0,0,0,0,0,0,0,0,0,0,0,0,0,0,0,0,51467649024,14247690240,3141336,869610,23573270,4008,0,384,3145728,19408168,3111910,147,3114264581,51539607552,0,1068678876,0,0,0,0,0,0,0,0,0,0,0,0,0,0,0,0,0,0,7835374,407406131,0,468,1204,7863,623,15670911,35,0,0,0,0,0,0,0,1,0,0,0,0,0,0,0,0,0,0,21614949,0,23572973,202956,0,0,0,0,0,0,0,0,16384,0,0,0,0,0,0,0,0,0,0,0,4463,115,0,0,0,0,0,23813034,0,72,0,16,115,4463,0,0,0,0,0,0,0,0,0,0,0,0,0,0,0,0,0,0,0,0,0,0,0,0,0,0,0,0,0,0,0,0,0,0,0,0,0,0,0,0,0,0,0,0,0,0,0,0,0,0,0,0,0,0,165464752,0,0,0,868455728,0,0,0,0,0,0,0,22069537,23895860,190862785,194055075840,18970477,0,0,0,0,0,0,0,0,0,0,0,0,0,0,0,0,0,0,0,0,0,0,0,0,0,0,0,0,0,0,0,90,0,0,0,0,0,0,0
1787686872.440,0,0,0,0,0,0,0,679733712,368906668544,672584134144,0,0,0,0,0,0,0,0,0,0,0,0,0,0,0,0,0,0,0,0,0,0,0,0,0,0,0,0,0,0,0,0,0,0,0,0,0,0,0,0,0,0,0,0,0,0,0,0,0,0,0,0,0,0,0,0,0,0,0,0,7,6202624,22536380,23661738,0,0,0,0,0,0,0,0,0,0,0,0,0,0,0,0,0,0,0,0,0,0,0,0,0,0,0,0,0,0,0,0,0,0,0,0,0,51480133632,14250311680,3142098,869770,23576233,3246,0,384,3145728,19417548,3111910,147,3114406111,51539607552,0,1068701194,0,0,0,0,0,0,0,0,0,0,0,0,0,0,0,0,0,0,7836158,407406916,0,468,1204,7863,623,15672479,35,0,0,0,0,0,0,0,1,0,0,0,0,0,0,0,0,0,0,21615940,0,23575936,202988,0,0,0,0,0,0,0,0,16384,0,0,0,0,0,0,0,0,0,0,0,4464,115,0,0,0,0,0,23815421,0,72,0,16,115,4464,0,0,0,0,0,0,0,0,0,0,0,0,0,0,0,0,0,0,0,0,0,0,0,0,0,0,0,0,0,0,0,0,0,0,0,0,0,0,0,0,0,0,0,0,0,0,0,0,0,0,0,0,0,0,165467083,0,0,0,868469246,0,0,0,0,0,0,0,22071377,23905239,190868111,194058611200,18971864,0,0,0,0,0,0,0,0,0,0,0,0,0,0,0,0,0,0,0,0,0,0,0,0,0,0,0,0,0,0,0,48,0,0,0,0,0,0,0
1787686873.517,0,0,0,0,0,0,0,679761857,369059908096,672638105600,0,0,0,0,0,0,0,0,0,0,0,0,0,0,0,0,0,0,0,0,0,0,0,0,0,0,0,0,0,0,0,0,0,0,0,0,0,0,0,0,0,0,0,0,0,0,0,0,0,0,0,0,0,0,0,0,0,0,0,0,7,6202677,22545741,23664732,0,0,0,0,0,0,0,0,0,0,0,0,0,0,0,0,0,0,0,0,0,0,0,0,0,0,0,0,0,0,0,0,0,0,0,0,0,51490160640,14253129728,3142710,869942,23579227,2634,0,384,3145728,19426909,3111910,147,3114547238,51539607552,0,1068723185,0,0,0,0,0,0,0,0,0,0,0,0,0,0,0,0,0,0,7836944,407407702,0,468,1204,7863,623,15674051,35,0,0,0,0,0,0,0,1,0,0,0,0,0,0,0,0,0,0,21616933,0,23578930,203021,0,0,0,0,0,0,0,0,16384,0,0,0,0,0,0,0,0,0,0,0,4465,115,0,0,0,0,0,23817807,0,72,0,16,115,4465,0,0,0,0,0,0,0,0,0,0,0,0,0,0,0,0,0,0,0,0,0,0,0,0,0,0,0,0,0,0,0,0,0,0,0,0,0,0,0,0,0,0,0,0,0,0,0,0,0,0,0,0,0,0,165469382,0,0,0,868482512,0,0,0,0,0,0,0,22073216,23914596,190873435,194062285312,18973257,0,0,0,0,0,0,0,0,0,0,0,0,0,0,0,0,0,0,0,0,0,0,0,0,0,0,0,0,0,0,0,269,0,0,0,0,0,0,0
1787686874.585,0,0,0,0,0,0,0,679789738,369210427904,672691269632,0,0,0,0,0,0,0,0,0,0,0,0,0,0,0,0,0,0,0,0,0,0,0,0,0,0,0,0,0,0,0,0,0,0,0,0,0,0,0,0,0,0,0,0,0,0,0,0,0,0,0,0,0,0,0,0,0,0,0,0,7,6202726,22554932,23667687,0,0,0,0,0,0,0,0,0,0,0,0,0,0,0,0,0,0,0,0,0,0,0,0,0,0,0,0,0,0,0,0,0,0,0,0,0,51499565056,14256128000,3143284,870125,23582182,2060,0,384,3145728,19436095,3111910,147,3114687998,51539607552,0,1068745420,0,0,0,0,0,0,0,0,0,0,0,0,0,0,0,0,0,0,7837724,407408482,0,468,1204,7863,623,15675611,35,0,0,0,0,0,0,0,1,0,0,0,0,0,0,0,0,0,0,21617918,0,23581885,203054,0,0,0,0,0,0,0,0,16384,0,0,0,0,0,0,0,0,0,0,0,4466,115,0,0,0,0,0,23820176,0,72,0,16,115,4466,0,0,0,0,0,0,0,0,0,0,0,0,0,0,0,0,0,0,0,0,0,0,0,0,0,0,0,0,0,0,0,0,0,0,0,0,0,0,0,0,0,0,0,0,0,0,0,0,0,0,0,0,0,0,165471757,0,0,0,868495978,0,0,0,0,0,0,0,22075099,23923786,190878796,194065772544,18974675,0,0,0,0,0,0,0,0,0,0,0,0,0,0,0,0,0,0,0,0,0,0,0,0,0,0,0,0,0,0,0,195,0,0,0,0,0,0,0
1787686875.654,0,0,0,0,0,0,0,679817737,369365535232,672744517120,0,0,0,0,0,0,0,0,0,0,0,0,0,0,0,0,0,0,0,0,0,0,0,0,0,0,0,0,0,0,0,0,0,0,0,0,0,0,0,0,0,0,0,0,0,0,0,0,0,0,0,0,0,0,0,0,0,0,0,0,7,6202773,22564405,23670651,0,0,0,0,0,0,0,0,0,0,0,0,0,0,0,0,0,0,0,0,0,0,0,0,0,0,0,0,0,0,0,0,0,0,0,0,0,51512197120,14258520064,3144055,870271,23585146,1289,0,384,3145728,19445566,3111910,147,3114829537,51539607552,0,1068767634,0,0,0,0,0,0,0,0,0,0,0,0,0,0,0,0,0,0,7838507,407409265,0,468,1204,7863,623,15677179,35,0,0,0,0,0,0,0,1,0,0,0,0,0,0,0,0,0,0,21618908,0,23584849,203086,0,0,0,0,0,0,0,0,16384,0,0,0,0,0,0,0,0,0,0,0,4467,115,0,0,0,0,0,23822558,0,72,0,16,115,4467,0,0,0,0,0,0,0,0,0,0,0,0,0,0,0,0,0,0,0,0,0,0,0,0,0,0,0,0,0,0,0,0,0,0,0,0,0,0,0,0,0,0,0,0,0,0,0,0,0,0,0,0,0,0,165474076,0,0,0,868509481,0,0,0,0,0,0,0,22076876,23933253,190884110,194069258240,18976035,0,0,0,0,0,0,0,0,0,0,0,0,0,0,0,0,0,0,0,0,0,0,0,0,0,0,0,0,0,0,0,127,0,0,0,0,0,0,0
1787686876.726,0,0,0,0,0,0,0,679845709,369518479872,672799149568,0,0,0,0,0,0,0,0,0,0,0,0,0,0,0,0,0,0,0,0,0,0,0,0,0,0,0,0,0,0,0,0,0,0,0,0,0,0,0,0,0,0,0,0,0,0,0,0,0,0,0,0,0,0,0,0,0,0,0,0,7,6202822,22573739,23673704,0,0,0,0,0,0,0,0,0,0,0,0,0,0,0,0,0,0,0,0,0,0,0,0,0,0,0,0,0,0,0,0,0,0,0,0,0,51521273856,14259552256,3144609,870334,23588199,735,0,384,3145728,19454896,3111910,147,3114970573,51539607552,0,1068789761,0,0,0,0,0,0,0,0,0,0,0,0,0,0,0,0,0,0,7839290,407410048,0,468,1204,7863,623,15678743,35,0,0,0,0,0,0,0,1,0,0,0,0,0,0,0,0,0,0,21619900,0,23587902,203118,0,0,0,0,0,0,0,0,16384,0,0,0,0,0,0,0,0,0,0,0,4468,115,0,0,0,0,0,23824931,0,72,0,16,115,4468,0,0,0,0,0,0,0,0,0,0,0,0,0,0,0,0,0,0,0,0,0,0,0,0,0,0,0,0,0,0,0,0,0,0,0,0,0,0,0,0,0,0,0,0,0,0,0,0,0,0,0,0,0,0,165476367,0,0,0,868522961,0,0,0,0,0,0,0,22078689,23942585,190889486,194072622080,18977419,0,0,0,0,0,0,0,0,0,0,0,0,0,0,0,0,0,0,0,0,0,0,0,0,0,0,0,0,0,0,0,65,0,0,0,0,0,0,0
1787686877.796,0,0,0,0,0,0,0,679873688,369670261248,672853141504,0,0,0,0,0,0,0,0,0,0,0,0,0,0,0,0,0,0,0,0,0,0,0,0,0,0,0,0,0,0,0,0,0,0,0,0,0,0,0,0,0,0,0,0,0,0,0,0,0,0,0,0,0,0,0,0,0,0,0,0,7,6202888,22583004,23676702,0,0,0,0,0,0,0,0,0,0,0,0,0,0,0,0,0,0,0,0,0,0,0,0,0,0,0,0,0,0,0,0,0,0,0,0,0,51529777152,14261714944,3145128,870466,23591197,215,0,385,3145728,19464162,3111910,147,3115110929,51539607552,0,1068811705,0,0,0,0,0,0,0,0,0,0,0,0,0,0,0,0,0,0,7840070,407410828,0,468,1204,7863,623,15680303,35,0,0,0,0,0,0,0,1,0,0,0,0,0,0,0,0,0,0,21620886,0,23590900,203150,0,0,0,0,0,0,0,0,16384,0,0,0,0,0,0,0,0,0,0,0,4469,115,0,0,0,0,0,23827303,0,72,0,16,115,4469,0,0,0,0,0,0,0,0,0,0,0,0,0,0,0,0,0,0,0,0,0,0,0,0,0,0,0,0,0,0,0,0,0,0,0,0,0,0,0,0,0,0,0,0,0,0,0,0,0,0,0,0,0,0,165478752,0,0,0,868536138,0,0,0,0,0,0,0,22080582,23951846,190894901,194076254208,18978856,0,0,0,0,0,0,0,0,0,0,0,0,0,0,0,0,0,0,0,0,0,0,0,0,0,0,0,0,0,0,0,284,0,0,0,0,0,0,0
1787686878.866,0,0,0,0,0,0,0,679901637,369821960704,672906864128,0,0,0,0,0,0,0,0,0,0,0,0,0,0,0,0,0,0,0,0,0,0,0,0,0,0,0,0,0,0,0,0,0,0,0,0,0,0,0,0,0,0,0,0,0,0,0,0,0,0,0,0,0,0,0,0,0,0,0,0,7,6202947,22592265,23679677,0,0,0,0,0,0,0,0,0,0,0,0,0,0,0,0,0,0,0,0,0,0,0,0,0,0,0,0,0,0,0,0,0,0,0,0,0,51532627968,14265040896,3145302,870669,23594172,42,0,384,3145728,19473420,3111910,147,3115252374,51539607552,0,1068834355,0,0,0,0,0,0,0,0,0,0,0,0,0,0,0,0,0,0,7840849,407411607,0,468,1204,7863,623,15681862,35,0,0,0,0,0,0,0,1,0,0,0,0,0,0,0,0,0,0,21621867,0,23593875,203182,0,0,0,0,0,0,0,0,16384,0,0,0,0,0,0,0,0,0,0,0,4471,115,0,0,0,0,0,23829684,0,72,0,16,115,4471,0,0,0,0,0,0,0,0,0,0,0,0,0,0,0,0,0,0,0,0,0,0,0,0,0,0,0,0,0,0,0,0,0,0,0,0,0,0,0,0,0,0,0,0,0,0,0,0,0,0,0,0,0,0,165481101,0,0,0,868549631,0,0,0,0,0,0,0,22082594,23961107,190900257,194079946240,18980376,0,0,0,0,0,0,0,0,0,0,0,0,0,0,0,0,0,0,0,0,0,0,0,0,0,0,0,0,0,0,0,181,0,0,0,0,0,0,0
1787686879.935,0,0,0,0,0,0,0,679928603,369969908224,673009601024,0,0,0,0,0,0,0,0,0,0,0,0,0,0,0,0,0,0,0,0,0,0,0,0,0,0,0,0,0,0,0,0,0,0,0,0,0,0,0,0,0,0,0,0,0,0,0,0,0,0,0,0,0,0,0,0,0,0,0,0,7,6203000,22601298,23685677,0,0,0,0,0,0,0,0,0,0,0,0,0,0,0,0,0,0,0,0,0,0,0,0,0,0,0,0,0,0,0,0,0,0,0,0,0,51403816960,14215528448,3137440,867647,23600172,7904,0,384,3145728,19482451,3111910,147,3115388756,51539607552,0,1068856032,0,0,0,0,0,0,0,0,0,0,0,0,0,0,0,0,0,0,7841603,407412361,0,468,1204,7863,623,15683369,35,0,0,0,0,0,0,0,1,0,0,0,0,0,0,0,0,0,0,21622822,0,23599875,203247,0,0,0,0,0,0,0,0,16384,0,0,0,0,0,0,0,0,0,0,0,4472,115,0,0,0,0,0,23831974,0,72,0,16,115,4472,0,0,0,0,0,0,0,0,0,0,0,0,0,0,0,0,0,0,0,0,0,0,0,0,0,0,0,0,0,0,0,0,0,0,0,0,0,0,0,0,0,0,0,0,0,0,0,0,0,0,0,0,0,0,165483375,0,0,0,868562666,0,0,0,0,0,0,0,22084914,23970140,190908596,194083317760,18981847,0,0,0,0,0,0,0,0,0,0,0,0,0,0,0,0,0,0,0,0,0,0,0,0,0,0,0,0,0,0,0,79,0,0,0,0,0,0,0
1787686881.005,0,0,0,0,0,0,0,679956474,370122607104,673062952448,0,0,0,0,0,0,0,0,0,0,0,0,0,0,0,0,0,0,0,0,0,0,0,0,0,0,0,0,0,0,0,0,0,0,0,0,0,0,0,0,0,0,0,0,0,0,0,0,0,0,0,0,0,0,0,0,0,0,0,0,7,6203058,22610622,23688635,0,0,0,0,0,0,0,0,0,0,0,0,0,0,0,0,0,0,0,0,0,0,0,0,0,0,0,0,0,0,0,0,0,0,0,0,0,51414220800,14218772480,3138075,867845,23603130,7269,0,384,3145728,19491773,3111910,147,3115529363,51539607552,0,1068878362,0,0,0,0,0,0,0,0,0,0,0,0,0,0,0,0,0,0,7842383,407413141,0,468,1204,7863,623,15684929,35,0,0,0,0,0,0,0,1,0,0,0,0,0,0,0,0,0,0,21623809,0,23602833,203279,0,0,0,0,0,0,0,0,16384,0,0,0,0,0,0,0,0,0,0,0,4473,115,0,0,0,0,0,23834341,0,72,0,16,115,4473,0,0,0,0,0,0,0,0,0,0,0,0,0,0,0,0,0,0,0,0,0,0,0,0,0,0,0,0,0,0,0,0,0,0,0,0,0,0,0,0,0,0,0,0,0,0,0,0,0,0,0,0,0,0,165485684,0,0,0,868576125,0,0,0,0,0,0,0,22086866,23979461,190913895,194086933504,18983356,0,0,0,0,0,0,0,0,0,0,0,0,0,0,0,0,0,0,0,0,0,0,0,0,0,0,0,0,0,0,0,11,0,0,0,0,0,0,0
1787686882.075,0,0,0,0,0,0,0,679984076,370273192448,673116358144,0,0,0,0,0,0,0,0,0,0,0,0,0,0,0,0,0,0,0,0,0,0,0,0,0,0,0,0,0,0,0,0,0,0,0,0,0,0,0,0,0,0,0,0,0,0,0,0,0,0,0,0,0,0,0,0,0,0,0,0,7,6203113,22619820,23691610,0,0,0,0,0,0,0,0,0,0,0,0,0,0,0,0,0,0,0,0,0,0,0,0,0,0,0,0,0,0,0,0,0,0,0,0,0,51423723520,14221524992,3138655,868013,23606105,6689,0,384,3145728,19500970,3111910,147,3115667676,51539607552,0,1068899810,0,0,0,0,0,0,0,0,0,0,0,0,0,0,0,0,0,0,7843154,407413911,0,468,1204,7863,623,15686471,35,0,0,0,0,0,0,0,1,0,0,0,0,0,0,0,0,0,0,21624782,0,23605808,203312,0,0,0,0,0,0,0,0,16384,0,0,0,0,0,0,0,0,0,0,0,4474,115,0,0,0,0,0,23836693,0,72,0,16,115,4474,0,0,0,0,0,0,0,0,0,0,0,0,0,0,0,0,0,0,0,0,0,0,0,0,0,0,0,0,0,0,0,0,0,0,0,0,0,0,0,0,0,0,0,0,0,0,0,0,0,0,0,0,0,0,165487925,0,0,0,868589147,0,0,0,0,0,0,0,22088653,23988654,190919143,194090435584,18984680,0,0,0,0,0,0,0,0,0,0,0,0,0,0,0,0,0,0,0,0,0,0,0,0,0,0,0,0,0,0,0,228,0,0,0,0,0,0,0
1787686883.145,0,0,0,0,0,0,0,680011435,370421762560,673168797696,0,0,0,0,0,0,0,0,0,0,0,0,0,0,0,0,0,0,0,0,0,0,0,0,0,0,0,0,0,0,0,0,0,0,0,0,0,0,0,0,0,0,0,0,0,0,0,0,0,0,0,0,0,0,0,0,0,0,0,0,7,6203156,22628894,23694556,0,0,0,0,0,0,0,0,0,0,0,0,0,0,0,0,0,0,0,0,0,0,0,0,0,0,0,0,0,0,0,0,0,0,0,0,0,51433275392,14223622144,3139238,868141,23609051,6106,0,384,3145728,19510043,3111910,147,3115805724,51539607552,0,1068921662,0,0,0,0,0,0,0,0,0,0,0,0,0,0,0,0,0,0,7843918,407414676,0,468,1204,7863,623,15687999,35,0,0,0,0,0,0,0,1,0,0,0,0,0,0,0,0,0,0,21625738,0,23608754,203344,0,0,0,0,0,0,0,0,16384,0,0,0,0,0,0,0,0,0,0,0,4475,115,0,0,0,0,0,23839021,0,72,0,16,115,4475,0,0,0,0,0,0,0,0,0,0,0,0,0,0,0,0,0,0,0,0,0,0,0,0,0,0,0,0,0,0,0,0,0,0,0,0,0,0,0,0,0,0,0,0,0,0,0,0,0,0,0,0,0,0,165490187,0,0,0,868602399,0,0,0,0,0,0,0,22090349,23997719,190924379,194093687808,18986027,0,0,0,0,0,0,0,0,0,0,0,0,0,0,0,0,0,0,0,0,0,0,0,0,0,0,0,0,0,0,0,91,0,0,0,0,0,0,0
1787686884.214,0,0,0,0,0,0,0,680038954,370570824192,673222030848,0,0,0,0,0,0,0,0,0,0,0,0,0,0,0,0,0,0,0,0,0,0,0,0,0,0,0,0,0,0,0,0,0,0,0,0,0,0,0,0,0,0,0,0,0,0,0,0,0,0,0,0,0,0,0,0,0,0,0,0,7,6203213,22637999,23697533,0,0,0,0,0,0,0,0,0,0,0,0,0,0,0,0,0,0,0,0,0,0,0,0,0,0,0,0,0,0,0,0,0,0,0,0,0,51443843072,14225424384,3139883,868251,23612028,5461,0,384,3145728,19519146,3111910,147,3115944439,51539607552,0,1068943592,0,0,0,0,0,0,0,0,0,0,0,0,0,0,0,0,0,0,7844688,407415446,0,468,1204,7863,623,15689541,35,0,0,0,0,0,0,0,1,0,0,0,0,0,0,0,0,0,0,21626712,0,23611731,203377,0,0,0,0,0,0,0,0,16384,0,0,0,0,0,0,0,0,0,0,0,4476,115,0,0,0,0,0,23841365,0,72,0,16,115,4476,0,0,0,0,0,0,0,0,0,0,0,0,0,0,0,0,0,0,0,0,0,0,0,0,0,0,0,0,0,0,0,0,0,0,0,0,0,0,0,0,0,0,0,0,0,0,0,0,0,0,0,0,0,0,165492497,0,0,0,868615668,0,0,0,0,0,0,0,22092144,24006816,190929699,194096961536,18987416,0,0,0,0,0,0,0,0,0,0,0,0,0,0,0,0,0,0,0,0,0,0,0,0,0,0,0,0,0,0,0,23,0,0,0,0,0,0,0
1787686885.284,0,0,0,0,0,0,0,680067023,370724915712,673275762688,0,0,0,0,0,0,0,0,0,0,0,0,0,0,0,0,0,0,0,0,0,0,0,0,0,0,0,0,0,0,0,0,0,0,0,0,0,0,0,0,0,0,0,0,0,0,0,0,0,0,0,0,0,0,0,0,0,0,0,0,7,6203277,22647403,23700524,0,0,0,0,0,0,0,0,0,0,0,0,0,0,0,0,0,0,0,0,0,0,0,0,0,0,0,0,0,0,0,0,0,0,0,0,0,51456622592,14229291008,3140663,868487,23615019,4681,0,384,3145728,19528546,3111910,147,3116085061,51539607552,0,1068965303,0,0,0,0,0,0,0,0,0,0,0,0,0,0,0,0,0,0,7845474,407416232,0,468,1204,7863,623,15691113,35,0,0,0,0,0,0,0,1,0,0,0,0,0,0,0,0,0,0,21627700,0,23614722,203409,0,0,0,0,0,0,0,0,16384,0,0,0,0,0,0,0,0,0,0,0,4477,115,0,0,0,0,0,23843747,0,72,0,16,115,4477,0,0,0,0,0,0,0,0,0,0,0,0,0,0,0,0,0,0,0,0,0,0,0,0,0,0,0,0,0,0,0,0,0,0,0,0,0,0,0,0,0,0,0,0,0,0,0,0,0,0,0,0,0,0,165494838,0,0,0,868628938,0,0,0,0,0,0,0,22093962,24016221,190935063,194100476416,18988810,0,0,0,0,0,0,0,0,0,0,0,0,0,0,0,0,0,0,0,0,0,0,0,0,0,0,0,0,0,0,0,232,0,0,0,0,0,0,0
1787686886.361,0,0,0,0,0,0,0,680094691,370875910656,673329266688,0,0,0,0,0,0,0,0,0,0,0,0,0,0,0,0,0,0,0,0,0,0,0,0,0,0,0,0,0,0,0,0,0,0,0,0,0,0,0,0,0,0,0,0,0,0,0,0,0,0,0,0,0,0,0,0,0,0,0,0,7,6203329,22656623,23703498,0,0,0,0,0,0,0,0,0,0,0,0,0,0,0,0,0,0,0,0,0,0,0,0,0,0,0,0,0,0,0,0,0,0,0,0,0,51466174464,14230716416,3141246,868574,23617993,4098,0,384,3145728,19537767,3111910,147,3116224838,51539607552,0,1068987434,0,0,0,0,0,0,0,0,0,0,0,0,0,0,0,0,0,0,7846246,407417004,0,468,1204,7863,623,15692657,35,0,0,0,0,0,0,0,1,0,0,0,0,0,0,0,0,0,0,21628679,0,23617696,203441,0,0,0,0,0,0,0,0,16384,0,0,0,0,0,0,0,0,0,0,0,4478,115,0,0,0,0,0,23846104,0,72,0,16,115,4478,0,0,0,0,0,0,0,0,0,0,0,0,0,0,0,0,0,0,0,0,0,0,0,0,0,0,0,0,0,0,0,0,0,0,0,0,0,0,0,0,0,0,0,0,0,0,0,0,0,0,0,0,0,0,165497124,0,0,0,868642278,0,0,0,0,0,0,0,22095868,24025440,190940356,194104056832,18990272,0,0,0,0,0,0,0,0,0,0,0,0,0,0,0,0,0,0,0,0,0,0,0,0,0,0,0,0,0,0,0,148,0,0,0,0,0,0,0
1787686887.430,0,0,0,0,0,0,0,680122522,371026872832,673383848448,0,0,0,0,0,0,0,0,0,0,0,0,0,0,0,0,0,0,0,0,0,0,0,0,0,0,0,0,0,0,0,0,0,0,0,0,0,0,0,0,0,0,0,0,0,0,0,0,0,0,0,0,0,0,0,0,0,0,0,0,7,6203370,22665837,23706561,0,0,0,0,0,0,0,0,0,0,0,0,0,0,0,0,0,0,0,0,0,0,0,0,0,0,0,0,0,0,0,0,0,0,0,0,0,51475628032,14231830528,3141823,868642,23621056,3521,0,384,3145728,19546979,3111910,147,3116364974,51539607552,0,1069009306,0,0,0,0,0,0,0,0,0,0,0,0,0,0,0,0,0,0,7847028,407417786,0,468,1204,7863,623,15694219,35,0,0,0,0,0,0,0,1,0,0,0,0,0,0,0,0,0,0,21629667,0,23620759,203475,0,0,0,0,0,0,0,0,16384,0,0,0,0,0,0,0,0,0,0,0,4479,115,0,0,0,0,0,23848483,0,72,0,16,115,4479,0,0,0,0,0,0,0,0,0,0,0,0,0,0,0,0,0,0,0,0,0,0,0,0,0,0,0,0,0,0,0,0,0,0,0,0,0,0,0,0,0,0,0,0,0,0,0,0,0,0,0,0,0,0,165499423,0,0,0,868655749,0,0,0,0,0,0,0,22097787,24034653,190945747,194107418112,18991713,0,0,0,0,0,0,0,0,0,0,0,0,0,0,0,0,0,0,0,0,0,0,0,0,0,0,0,0,0,0,0,75,0,0,0,0,0,0,0
1787686888.499,0,0,0,0,0,0,0,680150073,371178899968,673437667328,0,0,0,0,0,0,0,0,0,0,0,0,0,0,0,0,0,0,0,0,0,0,0,0,0,0,0,0,0,0,0,0,0,0,0,0,0,0,0,0,0,0,0,0,0,0,0,0,0,0,0,0,0,0,0,0,0,0,0,0,7,6203429,22675120,23709574,0,0,0,0,0,0,0,0,0,0,0,0,0,0,0,0,0,0,0,0,0,0,0,0,0,0,0,0,0,0,0,0,0,0,0,0,0,51485999104,14232879104,3142456,868706,23624069,2888,0,384,3145728,19556260,3111910,147,3116503354,51539607552,0,1069030989,0,0,0,0,0,0,0,0,0,0,0,0,0,0,0,0,0,0,7847795,407418553,0,468,1204,7863,623,15695753,35,0,0,0,0,0,0,0,1,0,0,0,0,0,0,0,0,0,0,21630635,0,23623772,203508,0,0,0,0,0,0,0,0,16384,0,0,0,0,0,0,0,0,0,0,0,4480,115,0,0,0,0,0,23850817,0,72,0,16,115,4480,0,0,0,0,0,0,0,0,0,0,0,0,0,0,0,0,0,0,0,0,0,0,0,0,0,0,0,0,0,0,0,0,0,0,0,0,0,0,0,0,0,0,0,0,0,0,0,0,0,0,0,0,0,0,165501662,0,0,0,868668702,0,0,0,0,0,0,0,22099632,24043928,190951033,194110796800,18993124,0,0,0,0,0,0,0,0,0,0,0,0,0,0,0,0,0,0,0,0,0,0,0,0,0,0,0,0,0,0,0,276,0,0,0,0,0,0,0
1787686889.567,0,0,0,0,0,0,0,680177928,371330140672,673491032576,0,0,0,0,0,0,0,0,0,0,0,0,0,0,0,0,0,0,0,0,0,0,0,0,0,0,0,0,0,0,0,0,0,0,0,0,0,0,0,0,0,0,0,0,0,0,0,0,0,0,0,0,0,0,0,0,0,0,0,0,7,6203503,22684353,23712523,0,0,0,0,0,0,0,0,0,0,0,0,0,0,0,0,0,0,0,0,0,0,0,0,0,0,0,0,0,0,0,0,0,0,0,0,0,51495895040,14236647424,3143060,868936,23627018,2284,0,384,3145728,19565493,3111910,147,3116644250,51539607552,0,1069053819,0,0,0,0,0,0,0,0,0,0,0,0,0,0,0,0,0,0,7848571,407419329,0,468,1204,7863,623,15697305,35,0,0,0,0,0,0,0,1,0,0,0,0,0,0,0,0,0,0,21631618,0,23626721,203540,0,0,0,0,0,0,0,0,16384,0,0,0,0,0,0,0,0,0,0,0,4481,115,0,0,0,0,0,23853179,0,72,0,16,115,4481,0,0,0,0,0,0,0,0,0,0,0,0,0,0,0,0,0,0,0,0,0,0,0,0,0,0,0,0,0,0,0,0,0,0,0,0,0,0,0,0,0,0,0,0,0,0,0,0,0,0,0,0,0,0,165504019,0,0,0,868682091,0,0,0,0,0,0,0,22101428,24053163,190956369,194114673664,18994521,0,0,0,0,0,0,0,0,0,0,0,0,0,0,0,0,0,0,0,0,0,0,0,0,0,0,0,0,0,0,0,227,0,0,0,0,0,0,0
1787686890.636,0,0,0,0,0,0,0,680206162,371484248576,673543915520,0,0,0,0,0,0,0,0,0,0,0,0,0,0,0,0,0,0,0,0,0,0,0,0,0,0,0,0,0,0,0,0,0,0,0,0,0,0,0,0,0,0,0,0,0,0,0,0,0,0,0,0,0,0,0,0,0,0,0,0,7,6203563,22693763,23715464,0,0,0,0,0,0,0,0,0,0,0,0,0,0,0,0,0,0,0,0,0,0,0,0,0,0,0,0,0,0,0,0,0,0,0,0,0,51509018624,14240940032,3143861,869198,23629959,1483,0,384,3145728,19574901,3111910,147,3116786548,51539607552,0,1069076217,0,0,0,0,0,0,0,0,0,0,0,0,0,0,0,0,0,0,7849360,407420118,0,468,1204,7863,623,15698887,35,0,0,0,0,0,0,0,1,0,0,0,0,0,0,0,0,0,0,21632614,0,23629662,203573,0,0,0,0,0,0,0,0,16384,0,0,0,0,0,0,0,0,0,0,0,4482,115,0,0,0,0,0,23855583,0,72,0,16,115,4482,0,0,0,0,0,0,0,0,0,0,0,0,0,0,0,0,0,0,0,0,0,0,0,0,0,0,0,0,0,0,0,0,0,0,0,0,0,0,0,0,0,0,0,0,0,0,0,0,0,0,0,0,0,0,165506383,0,0,0,868695708,0,0,0,0,0,0,0,22103311,24062571,190961706,194118194688,18995956,0,0,0,0,0,0,0,0,0,0,0,0,0,0,0,0,0,0,0,0,0,0,0,0,0,0,0,0,0,0,0,159,0,0,0,0,0,0,0
1787686891.714,0,0,0,0,0,0,0,680233941,371636718080,673597604864,0,0,0,0,0,0,0,0,0,0,0,0,0,0,0,0,0,0,0,0,0,0,0,0,0,0,0,0,0,0,0,0,0,0,0,0,0,0,0,0,0,0,0,0,0,0,0,0,0,0,0,0,0,0,0,0,0,0,0,0,7,6203628,22703068,23718450,0,0,0,0,0,0,0,0,0,0,0,0,0,0,0,0,0,0,0,0,0,0,0,0,0,0,0,0,0,0,0,0,0,0,0,0,0,51519275008,14243823616,3144487,869374,23632945,857,0,384,3145728,19584205,3111910,147,3116926868,51539607552,0,1069098536,0,0,0,0,0,0,0,0,0,0,0,0,0,0,0,0,0,0,7850135,407420893,0,468,1204,7863,623,15700437,35,0,0,0,0,0,0,0,1,0,0,0,0,0,0,0,0,0,0,21633594,0,23632648,203607,0,0,0,0,0,0,0,0,16384,0,0,0,0,0,0,0,0,0,0,0,4483,115,0,0,0,0,0,23857931,0,72,0,16,115,4483,0,0,0,0,0,0,0,0,0,0,0,0,0,0,0,0,0,0,0,0,0,0,0,0,0,0,0,0,0,0,0,0,0,0,0,0,0,0,0,0,0,0,0,0,0,0,0,0,0,0,0,0,0,0,165508730,0,0,0,868709079,0,0,0,0,0,0,0,22105096,24071876,190967070,194121802752,18997350,0,0,0,0,0,0,0,0,0,0,0,0,0,0,0,0,0,0,0,0,0,0,0,0,0,0,0,0,0,0,0,95,0,0,0,0,0,0,0
1787686892.784,0,0,0,0,0,0,0,680262132,371790367232,673651074048,0,0,0,0,0,0,0,0,0,0,0,0,0,0,0,0,0,0,0,0,0,0,0,0,0,0,0,0,0,0,0,0,0,0,0,0,0,0,0,0,0,0,0,0,0,0,0,0,0,0,0,0,0,0,0,0,0,0,0,0,7,6203678,22712452,23721433,0,0,0,0,0,0,0,0,0,0,0,0,0,0,0,0,0,0,0,0,0,0,0,0,0,0,0,0,0,0,0,0,0,0,0,0,0,51530432512,14246707200,3145168,869550,23635928,176,0,384,3145728,19593587,3111910,147,3117067855,51539607552,0,1069120069,0,0,0,0,0,0,0,0,0,0,0,0,0,0,0,0,0,0,7850925,407421683,0,468,1204,7863,623,15702016,35,0,0,0,0,0,0,0,1,0,0,0,0,0,0,0,0,0,0,21634589,0,23635631,203641,0,0,0,0,0,0,0,0,16384,0,0,0,0,0,0,0,0,0,0,0,4484,115,0,0,0,0,0,23860331,0,72,0,16,115,4484,0,0,0,0,0,0,0,0,0,0,0,0,0,0,0,0,0,0,0,0,0,0,0,0,0,0,0,0,0,0,0,0,0,0,0,0,0,0,0,0,0,0,0,0,0,0,0,0,0,0,0,0,0,0,165511031,0,0,0,868722430,0,0,0,0,0,0,0,22106960,24081255,190972382,194125171712,18998731,0,0,0,0,0,0,0,0,0,0,0,0,0,0,0,0,0,0,0,0,0,0,0,0,0,0,0,0,0,0,0,293,0,0,0,0,0,0,0
1787686893.853,0,0,0,0,0,0,0,680290020,371943262720,673704782848,0,0,0,0,0,0,0,0,0,0,0,0,0,0,0,0,0,0,0,0,0,0,0,0,0,0,0,0,0,0,0,0,0,0,0,0,0,0,0,0,0,0,0,0,0,0,0,0,0,0,0,0,0,0,0,0,0,0,0,0,7,6203728,22721789,23724428,0,0,0,0,0,0,0,0,0,0,0,0,0,0,0,0,0,0,0,0,0,0,0,0,0,0,0,0,0,0,0,0,0,0,0,0,0,51532742656,14249279488,3145309,869707,23638923,35,0,384,3145728,19602921,3111910,147,3117208593,51539607552,0,1069142465,0,0,0,0,0,0,0,0,0,0,0,0,0,0,0,0,0,0,7851706,407422464,0,468,1204,7863,623,15703575,35,0,0,0,0,0,0,0,1,0,0,0,0,0,0,0,0,0,0,21635576,0,23638626,203674,0,0,0,0,0,0,0,0,16384,0,0,0,0,0,0,0,0,0,0,0,4486,115,0,0,0,0,0,23862700,0,72,0,16,115,4486,0,0,0,0,0,0,0,0,0,0,0,0,0,0,0,0,0,0,0,0,0,0,0,0,0,0,0,0,0,0,0,0,0,0,0,0,0,0,0,0,0,0,0,0,0,0,0,0,0,0,0,0,0,0,165513385,0,0,0,868735902,0,0,0,0,0,0,0,22108859,24090591,190977763,194128655872,19000188,0,0,0,0,0,0,0,0,0,0,0,0,0,0,0,0,0,0,0,0,0,0,0,0,0,0,0,0,0,0,0,201,0,0,0,0,0,0,0
1787686894.922,0,0,0,0,0,0,0,680316754,372091931136,673805618688,0,0,0,0,0,0,0,0,0,0,0,0,0,0,0,0,0,0,0,0,0,0,0,0,0,0,0,0,0,0,0,0,0,0,0,0,0,0,0,0,0,0,0,0,0,0,0,0,0,0,0,0,0,0,0,0,0,0,0,0,7,6203771,22730865,23730351,0,0,0,0,0,0,0,0,0,0,0,0,0,0,0,0,0,0,0,0,0,0,0,0,0,0,0,0,0,0,0,0,0,0,0,0,0,51402162176,14200700928,3137339,866742,23644846,8005,0,384,3145728,19611997,3111910,147,3117343095,51539607552,0,1069163023,0,0,0,0,0,0,0,0,0,0,0,0,0,0,0,0,0,0,7852458,407423216,0,468,1204,7863,623,15705079,35,0,0,0,0,0,0,0,1,0,0,0,0,0,0,0,0,0,0,21636527,0,23644549,203738,0,0,0,0,0,0,0,0,16384,0,0,0,0,0,0,0,0,0,0,0,4487,115,0,0,0,0,0,23864999,0,72,0,16,115,4487,0,0,0,0,0,0,0,0,0,0,0,0,0,0,0,0,0,0,0,0,0,0,0,0,0,0,0,0,0,0,0,0,0,0,0,0,0,0,0,0,0,0,0,0,0,0,0,0,0,0,0,0,0,0,165515615,0,0,0,868748888,0,0,0,0,0,0,0,22110977,24099664,190985977,194131535872,19001504,0,0,0,0,0,0,0,0,0,0,0,0,0,0,0,0,0,0,0,0,0,0,0,0,0,0,0,0,0,0,0,84,0,0,0,0,0,0,0
1787686895.994,0,0,0,0,0,0,0,680344530,372245498368,673860258304,0,0,0,0,0,0,0,0,0,0,0,0,0,0,0,0,0,0,0,0,0,0,0,0,0,0,0,0,0,0,0,0,0,0,0,0,0,0,0,0,0,0,0,0,0,0,0,0,0,0,0,0,0,0,0,0,0,0,0,0,7,6203833,22740239,23733391,0,0,0,0,0,0,0,0,0,0,0,0,0,0,0,0,0,0,0,0,0,0,0,0,0,0,0,0,0,0,0,0,0,0,0,0,0,51412074496,14202454016,3137944,866849,23647886,7400,0,384,3145728,19621370,3111910,147,3117483561,51539607552,0,1069185383,0,0,0,0,0,0,0,0,0,0,0,0,0,0,0,0,0,0,7853233,407423991,0,468,1204,7863,623,15706629,35,0,0,0,0,0,0,0,1,0,0,0,0,0,0,0,0,0,0,21637506,0,23647589,203771,0,0,0,0,0,0,0,0,16384,0,0,0,0,0,0,0,0,0,0,0,4488,115,0,0,0,0,0,23867353,0,72,0,16,115,4488,0,0,0,0,0,0,0,0,0,0,0,0,0,0,0,0,0,0,0,0,0,0,0,0,0,0,0,0,0,0,0,0,0,0,0,0,0,0,0,0,0,0,0,0,0,0,0,0,0,0,0,0,0,0,165517925,0,0,0,868762226,0,0,0,0,0,0,0,22112864,24109035,190991358,194135116800,19002909,0,0,0,0,0,0,0,0,0,0,0,0,0,0,0,0,0,0,0,0,0,0,0,0,0,0,0,0,0,0,0,35,0,0,0,0,0,0,0
1787686897.062,0,0,0,0,0,0,0,680372357,372396313088,673915068416,0,0,0,0,0,0,0,0,0,0,0,0,0,0,0,0,0,0,0,0,0,0,0,0,0,0,0,0,0,0,0,0,0,0,0,0,0,0,0,0,0,0,0,0,0,0,0,0,0,0,0,0,0,0,0,0,0,0,0,0,7,6203887,22749451,23736456,0,0,0,0,0,0,0,0,0,0,0,0,0,0,0,0,0,0,0,0,0,0,0,0,0,0,0,0,0,0,0,0,0,0,0,0,0,51422625792,14203289600,3138588,866900,23650951,6756,0,384,3145728,19630581,3111910,147,3117623021,51539607552,0,1069207042,0,0,0,0,0,0,0,0,0,0,0,0,0,0,0,0,0,0,7854010,407424768,0,468,1204,7863,623,15708183,35,0,0,0,0,0,0,0,1,0,0,0,0,0,0,0,0,0,0,21638487,0,23650654,203805,0,0,0,0,0,0,0,0,16384,0,0,0,0,0,0,0,0,0,0,0,4489,115,0,0,0,0,0,23869712,0,72,0,16,115,4489,0,0,0,0,0,0,0,0,0,0,0,0,0,0,0,0,0,0,0,0,0,0,0,0,0,0,0,0,0,0,0,0,0,0,0,0,0,0,0,0,0,0,0,0,0,0,0,0,0,0,0,0,0,0,165520271,0,0,0,868775349,0,0,0,0,0,0,0,22114829,24118240,190996801,194138518016,19004354,0,0,0,0,0,0,0,0,0,0,0,0,0,0,0,0,0,0,0,0,0,0,0,0,0,0,0,0,0,0,0,234,0,0,0,0,0,0,0
1787686898.131,0,0,0,0,0,0,0,680400244,372547340800,673969162240,0,0,0,0,0,0,0,0,0,0,0,0,0,0,0,0,0,0,0,0,0,0,0,0,0,0,0,0,0,0,0,0,0,0,0,0,0,0,0,0,0,0,0,0,0,0,0,0,0,0,0,0,0,0,0,0,0,0,0,0,7,6203937,22758672,23739480,0,0,0,0,0,0,0,0,0,0,0,0,0,0,0,0,0,0,0,0,0,0,0,0,0,0,0,0,0,0,0,0,0,0,0,0,0,51431587840,14205140992,3139135,867013,23653975,6209,0,384,3145728,19639800,3111910,147,3117763470,51539607552,0,1069229035,0,0,0,0,0,0,0,0,0,0,0,0,0,0,0,0,0,0,7854790,407425548,0,468,1204,7863,623,15709743,35,0,0,0,0,0,0,0,1,0,0,0,0,0,0,0,0,0,0,21639473,0,23653678,203837,0,0,0,0,0,0,0,0,16384,0,0,0,0,0,0,0,0,0,0,0,4490,115,0,0,0,0,0,23872080,0,72,0,16,115,4490,0,0,0,0,0,0,0,0,0,0,0,0,0,0,0,0,0,0,0,0,0,0,0,0,0,0,0,0,0,0,0,0,0,0,0,0,0,0,0,0,0,0,0,0,0,0,0,0,0,0,0,0,0,0,165522595,0,0,0,868788795,0,0,0,0,0,0,0,22116644,24127454,191002178,194141821440,19005727,0,0,0,0,0,0,0,0,0,0,0,0,0,0,0,0,0,0,0,0,0,0,0,0,0,0,0,0,0,0,0,162,0,0,0,0,0,0,0
1787686899.199,0,0,0,0,0,0,0,680428321,372701383168,674024217600,0,0,0,0,0,0,0,0,0,0,0,0,0,0,0,0,0,0,0,0,0,0,0,0,0,0,0,0,0,0,0,0,0,0,0,0,0,0,0,0,0,0,0,0,0,0,0,0,0,0,0,0,0,0,0,0,0,0,0,0,7,6204001,22768077,23742556,0,0,0,0,0,0,0,0,0,0,0,0,0,0,0,0,0,0,0,0,0,0,0,0,0,0,0,0,0,0,0,0,0,0,0,0,0,51443990528,14206550016,3139891,867099,23657051,5452,0,385,3145728,19649205,3111910,147,3117905140,51539607552,0,1069251536,0,0,0,0,0,0,0,0,0,0,0,0,0,0,0,0,0,0,7855575,407426333,0,468,1204,7863,623,15711313,35,0,0,0,0,0,0,0,1,0,0,0,0,0,0,0,0,0,0,21640465,0,23656754,203869,0,0,0,0,0,0,0,0,16384,0,0,0,0,0,0,0,0,0,0,0,4491,115,0,0,0,0,0,23874464,0,72,0,16,115,4491,0,0,0,0,0,0,0,0,0,0,0,0,0,0,0,0,0,0,0,0,0,0,0,0,0,0,0,0,0,0,0,0,0,0,0,0,0,0,0,0,0,0,0,0,0,0,0,0,0,0,0,0,0,0,165524881,0,0,0,868802321,0,0,0,0,0,0,0,22118439,24136857,191007569,194145274880,19007097,0,0,0,0,0,0,0,0,0,0,0,0,0,0,0,0,0,0,0,0,0,0,0,0,0,0,0,0,0,0,0,96,0,0,0,0,0,0,0
1787686900.275,0,0,0,0,0,0,0,680456511,372855523840,674079229440,0,0,0,0,0,0,0,0,0,0,0,0,0,0,0,0,0,0,0,0,0,0,0,0,0,0,0,0,0,0,0,0,0,0,0,0,0,0,0,0,0,0,0,0,0,0,0,0,0,0,0,0,0,0,0,0,0,0,0,0,7,6204061,22777486,23745620,0,0,0,0,0,0,0,0,0,0,0,0,0,0,0,0,0,0,0,0,0,0,0,0,0,0,0,0,0,0,0,0,0,0,0,0,0,51454853120,14208237568,3140555,867202,23660115,4788,0,384,3145728,19658613,3111910,147,3118046435,51539607552,0,1069273488,0,0,0,0,0,0,0,0,0,0,0,0,0,0,0,0,0,0,7856364,407427122,0,468,1204,7863,623,15712891,35,0,0,0,0,0,0,0,1,0,0,0,0,0,0,0,0,0,0,21641459,0,23659818,203903,0,0,0,0,0,0,0,0,16384,0,0,0,0,0,0,0,0,0,0,0,4492,115,0,0,0,0,0,23876859,0,72,0,16,115,4492,0,0,0,0,0,0,0,0,0,0,0,0,0,0,0,0,0,0,0,0,0,0,0,0,0,0,0,0,0,0,0,0,0,0,0,0,0,0,0,0,0,0,0,0,0,0,0,0,0,0,0,0,0,0,165527253,0,0,0,868815674,0,0,0,0,0,0,0,22120385,24146265,191013037,194148862976,19008530,0,0,0,0,0,0,0,0,0,0,0,0,0,0,0,0,0,0,0,0,0,0,0,0,0,0,0,0,0,0,0,276,0,0,0,0,0,0,0
1787686901.344,0,0,0,0,0,0,0,680484483,373008845312,674133681152,0,0,0,0,0,0,0,0,0,0,0,0,0,0,0,0,0,0,0,0,0,0,0,0,0,0,0,0,0,0,0,0,0,0,0,0,0,0,0,0,0,0,0,0,0,0,0,0,0,0,0,0,0,0,0,0,0,0,0,0,7,6204106,22786848,23748666,0,0,0,0,0,0,0,0,0,0,0,0,0,0,0,0,0,0,0,0,0,0,0,0,0,0,0,0,0,0,0,0,0,0,0,0,0,51464175616,14209499136,3141124,867279,23663161,4219,0,384,3145728,19667974,3111910,147,3118187475,51539607552,0,1069295660,0,0,0,0,0,0,0,0,0,0,0,0,0,0,0,0,0,0,7857146,407427904,0,468,1204,7863,623,15714455,35,0,0,0,0,0,0,0,1,0,0,0,0,0,0,0,0,0,0,21642447,0,23662864,203935,0,0,0,0,0,0,0,0,16384,0,0,0,0,0,0,0,0,0,0,0,4493,115,0,0,0,0,0,23879231,0,72,0,16,115,4493,0,0,0,0,0,0,0,0,0,0,0,0,0,0,0,0,0,0,0,0,0,0,0,0,0,0,0,0,0,0,0,0,0,0,0,0,0,0,0,0,0,0,0,0,0,0,0,0,0,0,0,0,0,0,165529534,0,0,0,868829174,0,0,0,0,0,0,0,22122262,24155625,191018396,194152248832,19010006,0,0,0,0,0,0,0,0,0,0,0,0,0,0,0,0,0,0,0,0,0,0,0,0,0,0,0,0,0,0,0,204,0,0,0,0,0,0,0
1787686902.413,0,0,0,0,0,0,0,680512704,373161478656,674188378624,0,0,0,0,0,0,0,0,0,0,0,0,0,0,0,0,0,0,0,0,0,0,0,0,0,0,0,0,0,0,0,0,0,0,0,0,0,0,0,0,0,0,0,0,0,0,0,0,0,0,0,0,0,0,0,0,0,0,0,0,7,6204163,22796164,23751718,0,0,0,0,0,0,0,0,0,0,0,0,0,0,0,0,0,0,0,0,0,0,0,0,0,0,0,0,0,0,0,0,0,0,0,0,0,51474300928,14211956736,3141742,867429,23666213,3602,0,385,3145728,19677289,3111910,147,3118329724,51539607552,0,1069318315,0,0,0,0,0,0,0,0,0,0,0,0,0,0,0,0,0,0,7857932,407428690,0,468,1204,7863,623,15716027,35,0,0,0,0,0,0,0,1,0,0,0,0,0,0,0,0,0,0,21643440,0,23665916,203968,0,0,0,0,0,0,0,0,16384,0,0,0,0,0,0,0,0,0,0,0,4494,115,0,0,0,0,0,23881626,0,72,0,16,115,4494,0,0,0,0,0,0,0,0,0,0,0,0,0,0,0,0,0,0,0,0,0,0,0,0,0,0,0,0,0,0,0,0,0,0,0,0,0,0,0,0,0,0,0,0,0,0,0,0,0,0,0,0,0,0,165531855,0,0,0,868842729,0,0,0,0,0,0,0,22124197,24164940,191023801,194155782144,19011443,0,0,0,0,0,0,0,0,0,0,0,0,0,0,0,0,0,0,0,0,0,0,0,0,0,0,0,0,0,0,0,141,0,0,0,0,0,0,0
1787686903.482,0,0,0,0,0,0,0,680540971,373314292224,674242863104,0,0,0,0,0,0,0,0,0,0,0,0,0,0,0,0,0,0,0,0,0,0,0,0,0,0,0,0,0,0,0,0,0,0,0,0,0,0,0,0,0,0,0,0,0,0,0,0,0,0,0,0,0,0,0,0,0,0,0,0,7,6204219,22805494,23754761,0,0,0,0,0,0,0,0,0,0,0,0,0,0,0,0,0,0,0,0,0,0,0,0,0,0,0,0,0,0,0,0,0,0,0,0,0,51485048832,14213201920,3142398,867505,23669256,2946,0,384,3145728,19686618,3111910,147,3118471934,51539607552,0,1069340612,0,0,0,0,0,0,0,0,0,0,0,0,0,0,0,0,0,0,7858722,407429480,0,468,1204,7863,623,15717611,35,0,0,0,0,0,0,0,1,0,0,0,0,0,0,0,0,0,0,21644441,0,23668959,204001,0,0,0,0,0,0,0,0,16384,0,0,0,0,0,0,0,0,0,0,0,4495,115,0,0,0,0,0,23884021,0,72,0,16,115,4495,0,0,0,0,0,0,0,0,0,0,0,0,0,0,0,0,0,0,0,0,0,0,0,0,0,0,0,0,0,0,0,0,0,0,0,0,0,0,0,0,0,0,0,0,0,0,0,0,0,0,0,0,0,0,165534211,0,0,0,868856354,0,0,0,0,0,0,0,22126274,24174269,191029232,194159216128,19013027,0,0,0,0,0,0,0,0,0,0,0,0,0,0,0,0,0,0,0,0,0,0,0,0,0,0,0,0,0,0,0,82,0,0,0,0,0,0,0
1787686904.554,0,0,0,0,0,0,0,680569072,373467908608,674297599488,0,0,0,0,0,0,0,0,0,0,0,0,0,0,0,0,0,0,0,0,0,0,0,0,0,0,0,0,0,0,0,0,0,0,0,0,0,0,0,0,0,0,0,0,0,0,0,0,0,0,0,0,0,0,0,0,0,0,0,0,7,6204269,22814871,23757822,0,0,0,0,0,0,0,0,0,0,0,0,0,0,0,0,0,0,0,0,0,0,0,0,0,0,0,0,0,0,0,0,0,0,0,0,0,51496189952,14214316032,3143078,867573,23672317,2266,0,384,3145728,19695994,3111910,147,3118613478,51539607552,0,1069362852,0,0,0,0,0,0,0,0,0,0,0,0,0,0,0,0,0,0,7859509,407430267,0,468,1204,7863,623,15719181,35,0,0,0,0,0,0,0,1,0,0,0,0,0,0,0,0,0,0,21645439,0,23672020,204035,0,0,0,0,0,0,0,0,16384,0,0,0,0,0,0,0,0,0,0,0,4496,115,0,0,0,0,0,23886416,0,72,0,16,115,4496,0,0,0,0,0,0,0,0,0,0,0,0,0,0,0,0,0,0,0,0,0,0,0,0,0,0,0,0,0,0,0,0,0,0,0,0,0,0,0,0,0,0,0,0,0,0,0,0,0,0,0,0,0,0,165536511,0,0,0,868869876,0,0,0,0,0,0,0,22128168,24183645,191034625,194162596864,19014396,0,0,0,0,0,0,0,0,0,0,0,0,0,0,0,0,0,0,0,0,0,0,0,0,0,0,0,0,0,0,0,35,0,0,0,0,0,0,0
1787686905.623,0,0,0,0,0,0,0,680596866,373619165696,674351911936,0,0,0,0,0,0,0,0,0,0,0,0,0,0,0,0,0,0,0,0,0,0,0,0,0,0,0,0,0,0,0,0,0,0,0,0,0,0,0,0,0,0,0,0,0,0,0,0,0,0,0,0,0,0,0,0,0,0,0,0,7,6204318,22824107,23760859,0,0,0,0,0,0,0,0,0,0,0,0,0,0,0,0,0,0,0,0,0,0,0,0,0,0,0,0,0,0,0,0,0,0,0,0,0,51504119808,14215675904,3143562,867656,23675354,1782,0,384,3145728,19705226,3111910,147,3118752431,51539607552,0,1069384115,0,0,0,0,0,0,0,0,0,0,0,0,0,0,0,0,0,0,7860289,407431046,0,468,1204,7863,623,15720741,35,0,0,0,0,0,0,0,1,0,0,0,0,0,0,0,0,0,0,21646426,0,23675057,204068,0,0,0,0,0,0,0,0,16384,0,0,0,0,0,0,0,0,0,0,0,4497,115,0,0,0,0,0,23888781,0,72,0,16,115,4497,0,0,0,0,0,0,0,0,0,0,0,0,0,0,0,0,0,0,0,0,0,0,0,0,0,0,0,0,0,0,0,0,0,0,0,0,0,0,0,0,0,0,0,0,0,0,0,0,0,0,0,0,0,0,165538799,0,0,0,868883009,0,0,0,0,0,0,0,22130010,24192882,191039979,194166033920,19015813,0,0,0,0,0,0,0,0,0,0,0,0,0,0,0,0,0,0,0,0,0,0,0,0,0,0,0,0,0,0,0,267,0,0,0,0,0,0,0
1787686906.692,0,0,0,0,0,0,0,680625066,373774731776,674406626304,0,0,0,0,0,0,0,0,0,0,0,0,0,0,0,0,0,0,0,0,0,0,0,0,0,0,0,0,0,0,0,0,0,0,0,0,0,0,0,0,0,0,0,0,0,0,0,0,0,0,0,0,0,0,0,0,0,0,0,0,7,6204379,22833602,23763902,0,0,0,0,0,0,0,0,0,0,0,0,0,0,0,0,0,0,0,0,0,0,0,0,0,0,0,0,0,0,0,0,0,0,0,0,0,51517882368,14217953280,3144402,867795,23678397,941,0,384,3145728,19714716,3111910,147,3118895202,51539607552,0,1069407046,0,0,0,0,0,0,0,0,0,0,0,0,0,0,0,0,0,0,7861074,407431832,0,468,1204,7863,623,15722312,35,0,0,0,0,0,0,0,1,0,0,0,0,0,0,0,0,0,0,21647419,0,23678100,204101,0,0,0,0,0,0,0,0,16384,0,0,0,0,0,0,0,0,0,0,0,4498,115,0,0,0,0,0,23891161,0,72,0,16,115,4498,0,0,0,0,0,0,0,0,0,0,0,0,0,0,0,0,0,0,0,0,0,0,0,0,0,0,0,0,0,0,0,0,0,0,0,0,0,0,0,0,0,0,0,0,0,0,0,0,0,0,0,0,0,0,165541229,0,0,0,868896564,0,0,0,0,0,0,0,22132002,24202375,191045484,194169651200,19017306,0,0,0,0,0,0,0,0,0,0,0,0,0,0,0,0,0,0,0,0,0,0,0,0,0,0,0,0,0,0,0,189,0,0,0,0,0,0,0
1787686907.761,0,0,0,0,0,0,0,680653099,373928790528,674460866048,0,0,0,0,0,0,0,0,0,0,0,0,0,0,0,0,0,0,0,0,0,0,0,0,0,0,0,0,0,0,0,0,0,0,0,0,0,0,0,0,0,0,0,0,0,0,0,0,0,0,0,0,0,0,0,0,0,0,0,0,7,6204436,22843006,23766911,0,0,0,0,0,0,0,0,0,0,0,0,0,0,0,0,0,0,0,0,0,0,0,0,0,0,0,0,0,0,0,0,0,0,0,0,0,51527221248,14220050432,3144972,867923,23681406,372,0,384,3145728,19724118,3111910,147,3119037081,51539607552,0,1069429747,0,0,0,0,0,0,0,0,0,0,0,0,0,0,0,0,0,0,7861856,407432614,0,468,1204,7863,623,15723875,35,0,0,0,0,0,0,0,1,0,0,0,0,0,0,0,0,0,0,21648402,0,23681109,204134,0,0,0,0,0,0,0,0,16384,0,0,0,0,0,0,0,0,0,0,0,4499,115,0,0,0,0,0,23893537,0,72,0,16,115,4499,0,0,0,0,0,0,0,0,0,0,0,0,0,0,0,0,0,0,0,0,0,0,0,0,0,0,0,0,0,0,0,0,0,0,0,0,0,0,0,0,0,0,0,0,0,0,0,0,0,0,0,0,0,0,165543533,0,0,0,868910080,0,0,0,0,0,0,0,22133921,24211776,191050830,194173204480,19018748,0,0,0,0,0,0,0,0,0,0,0,0,0,0,0,0,0,0,0,0,0,0,0,0,0,0,0,0,0,0,0,87,0,0,0,0,0,0,0
1787686908.830,0,0,0,0,0,0,0,680681047,374081505792,674514871296,0,0,0,0,0,0,0,0,0,0,0,0,0,0,0,0,0,0,0,0,0,0,0,0,0,0,0,0,0,0,0,0,0,0,0,0,0,0,0,0,0,0,0,0,0,0,0,0,0,0,0,0,0,0,0,0,0,0,0,0,7,6204480,22852329,23769922,0,0,0,0,0,0,0,0,0,0,0,0,0,0,0,0,0,0,0,0,0,0,0,0,0,0,0,0,0,0,0,0,0,0,0,0,0,51532873728,14222409728,3145317,868067,23684417,27,0,384,3145728,19733437,3111910,147,3119177112,51539607552,0,1069451339,0,0,0,0,0,0,0,0,0,0,0,0,0,0,0,0,0,0,7862637,407433395,0,468,1204,7863,623,15725437,35,0,0,0,0,0,0,0,1,0,0,0,0,0,0,0,0,0,0,21649389,0,23684120,204167,0,0,0,0,0,0,0,0,16384,0,0,0,0,0,0,0,0,0,0,0,4501,115,0,0,0,0,0,23895904,0,72,0,16,115,4501,0,0,0,0,0,0,0,0,0,0,0,0,0,0,0,0,0,0,0,0,0,0,0,0,0,0,0,0,0,0,0,0,0,0,0,0,0,0,0,0,0,0,0,0,0,0,0,0,0,0,0,0,0,0,165545910,0,0,0,868923282,0,0,0,0,0,0,0,22135834,24221097,191056250,194176581632,19020159,0,0,0,0,0,0,0,0,0,0,0,0,0,0,0,0,0,0,0,0,0,0,0,0,0,0,0,0,0,0,0,290,0,0,0,0,0,0,0
1787686909.899,0,0,0,0,0,0,0,680708631,374230419968,674600469504,0,0,0,0,0,0,0,0,0,0,0,0,0,0,0,0,0,0,0,0,0,0,0,0,0,0,0,0,0,0,0,0,0,0,0,0,0,0,0,0,0,0,0,0,0,0,0,0,0,0,0,0,0,0,0,0,0,0,0,0,7,6204532,22861421,23774349,0,0,0,0,0,0,0,0,0,0,0,0,0,0,0,0,0,0,0,0,0,0,0,0,0,0,0,0,0,0,0,0,0,0,0,0,0,51400179712,14200487936,3137218,866729,23687409,8126,0,384,3145728,19742528,3111910,147,3119316108,51539607552,0,1069473324,0,0,0,0,0,0,0,0,0,0,0,0,0,0,0,0,0,0,7863410,407434168,0,468,1204,7863,623,15726983,35,0,0,0,0,0,0,0,1,0,0,0,0,0,0,0,0,0,0,21650366,0,23688297,204217,0,0,0,0,0,0,0,0,16384,0,0,0,0,0,0,0,0,0,0,0,4502,115,0,0,0,0,0,23898252,0,72,0,16,115,4502,0,0,0,0,0,0,0,0,0,0,0,0,0,0,0,0,0,0,0,0,0,0,0,0,0,0,0,0,0,0,0,0,0,0,0,0,0,0,0,0,0,0,0,0,0,0,0,0,0,0,0,0,0,0,165548223,0,0,0,868936647,0,0,0,0,0,0,0,22137872,24230186,191063564,194180004864,19021572,1,0,0,0,0,0,0,0,0,0,0,0,0,0,0,0,0,0,0,0,0,0,0,0,0,0,0,0,0,0,0,186,0,0,0,0,0,0,0
1787686910.969,0,0,0,0,0,0,0,680736130,374380907008,674670707712,0,0,0,0,0,0,0,0,0,0,0,0,0,0,0,0,0,0,0,0,0,0,0,0,0,0,0,0,0,0,0,0,0,0,0,0,0,0,0,0,0,0,0,0,0,0,0,0,0,0,0,0,0,0,0,0,0,0,0,0,7,6204593,22870608,23778879,0,0,0,0,0,0,0,0,0,0,0,0,0,0,0,0,0,0,0,0,0,0,0,0,0,0,0,0,0,0,0,0,0,0,0,0,0,51408601088,14177566720,3137732,865330,23693374,7612,0,384,3145728,19751711,3111910,147,3119454572,51539607552,0,1069495110,0,0,0,0,0,0,0,0,0,0,0,0,0,0,0,0,0,0,7864179,407434936,0,468,1204,7863,623,15728522,35,0,0,0,0,0,0,0,1,0,0,0,0,0,0,0,0,0,0,21651337,0,23693077,204265,0,0,0,0,0,0,0,0,16384,0,0,0,0,0,0,0,0,0,0,0,4503,115,0,0,0,0,0,23900590,0,72,0,16,115,4503,0,0,0,0,0,0,0,0,0,0,0,0,0,0,0,0,0,0,0,0,0,0,0,0,0,0,0,0,0,0,0,0,0,0,0,0,0,0,0,0,0,0,0,0,0,0,0,0,0,0,0,0,0,0,165550465,0,0,0,868949918,0,0,0,0,0,0,0,22139889,24239371,191069863,194183348736,19022925,0,0,0,0,0,0,0,0,0,0,0,0,0,0,0,0,0,0,0,0,0,0,0,0,0,0,0,0,0,0,0,89,0,0,0,0,0,0,0
1787686912.040,0,0,0,0,0,0,0,680764032,374532688384,674723584512,0,0,0,0,0,0,0,0,0,0,0,0,0,0,0,0,0,0,0,0,0,0,0,0,0,0,0,0,0,0,0,0,0,0,0,0,0,0,0,0,0,0,0,0,0,0,0,0,0,0,0,0,0,0,0,0,0,0,0,0,7,6204650,22879877,23781820,0,0,0,0,0,0,0,0,0,0,0,0,0,0,0,0,0,0,0,0,0,0,0,0,0,0,0,0,0,0,0,0,0,0,0,0,0,51419774976,14181351424,3138414,865561,23696315,6930,0,384,3145728,19760976,3111910,147,3119594999,51539607552,0,1069517174,0,0,0,0,0,0,0,0,0,0,0,0,0,0,0,0,0,0,7864959,407435717,0,468,1204,7863,623,15730081,35,0,0,0,0,0,0,0,1,0,0,0,0,0,0,0,0,0,0,21652325,0,23696018,204297,0,0,0,0,0,0,0,0,16384,0,0,0,0,0,0,0,0,0,0,0,4504,115,0,0,0,0,0,23902977,0,72,0,16,115,4504,0,0,0,0,0,0,0,0,0,0,0,0,0,0,0,0,0,0,0,0,0,0,0,0,0,0,0,0,0,0,0,0,0,0,0,0,0,0,0,0,0,0,0,0,0,0,0,0,0,0,0,0,0,0,165552798,0,0,0,868963354,0,0,0,0,0,0,0,22141743,24248637,191075167,194186722304,19024318,0,0,0,0,0,0,0,0,0,0,0,0,0,0,0,0,0,0,0,0,0,0,0,0,0,0,0,0,0,0,0,29,0,0,0,0,0,0,0
1787686913.110,0,0,0,0,0,0,0,680792587,374688860672,674777446912,0,0,0,0,0,0,0,0,0,0,0,0,0,0,0,0,0,0,0,0,0,0,0,0,0,0,0,0,0,0,0,0,0,0,0,0,0,0,0,0,0,0,0,0,0,0,0,0,0,0,0,0,0,0,0,0,0,0,0,0,7,6204714,22889408,23784805,0,0,0,0,0,0,0,0,0,0,0,0,0,0,0,0,0,0,0,0,0,0,0,0,0,0,0,0,0,0,0,0,0,0,0,0,0,51430916096,14185791488,3139094,865832,23699300,6250,0,384,3145728,19770506,3111910,147,3119738159,51539607552,0,1069539539,0,0,0,0,0,0,0,0,0,0,0,0,0,0,0,0,0,0,7865756,407436514,0,468,1204,7863,623,15731675,35,0,0,0,0,0,0,0,1,0,0,0,0,0,0,0,0,0,0,21653327,0,23699003,204331,0,0,0,0,0,0,0,0,16384,0,0,0,0,0,0,0,0,0,0,0,4505,115,0,0,0,0,0,23905412,0,72,0,16,115,4505,0,0,0,0,0,0,0,0,0,0,0,0,0,0,0,0,0,0,0,0,0,0,0,0,0,0,0,0,0,0,0,0,0,0,0,0,0,0,0,0,0,0,0,0,0,0,0,0,0,0,0,0,0,0,165555167,0,0,0,868976826,0,0,0,0,0,0,0,22143591,24258166,191080557,194190408192,19025735,0,0,0,0,0,0,0,0,0,0,0,0,0,0,0,0,0,0,0,0,0,0,0,0,0,0,0,0,0,0,0,246,0,0,0,0,0,0,0
1787686914.182,0,0,0,0,0,0,0,680820682,374841002496,674830437888,0,0,0,0,0,0,0,0,0,0,0,0,0,0,0,0,0,0,0,0,0,0,0,0,0,0,0,0,0,0,0,0,0,0,0,0,0,0,0,0,0,0,0,0,0,0,0,0,0,0,0,0,0,0,0,0,0,0,0,0,7,6204759,22898696,23787772,0,0,0,0,0,0,0,0,0,0,0,0,0,0,0,0,0,0,0,0,0,0,0,0,0,0,0,0,0,0,0,0,0,0,0,0,0,51440189440,14189658112,3139660,866068,23702267,5684,0,384,3145728,19779794,3111910,147,3119879550,51539607552,0,1069561610,0,0,0,0,0,0,0,0,0,0,0,0,0,0,0,0,0,0,7866544,407437301,0,468,1204,7863,623,15733251,35,0,0,0,0,0,0,0,1,0,0,0,0,0,0,0,0,0,0,21654320,0,23701970,204363,0,0,0,0,0,0,0,0,16384,0,0,0,0,0,0,0,0,0,0,0,4506,115,0,0,0,0,0,23907813,0,72,0,16,115,4506,0,0,0,0,0,0,0,0,0,0,0,0,0,0,0,0,0,0,0,0,0,0,0,0,0,0,0,0,0,0,0,0,0,0,0,0,0,0,0,0,0,0,0,0,0,0,0,0,0,0,0,0,0,0,165557560,0,0,0,868990410,0,0,0,0,0,0,0,22145651,24267452,191085949,194193622016,19027356,0,0,0,0,0,0,0,0,0,0,0,0,0,0,0,0,0,0,0,0,0,0,0,0,0,0,0,0,0,0,0,158,0,0,0,0,0,0,0
1787686915.251,0,0,0,0,0,0,0,680848445,374995765760,674883897344,0,0,0,0,0,0,0,0,0,0,0,0,0,0,0,0,0,0,0,0,0,0,0,0,0,0,0,0,0,0,0,0,0,0,0,0,0,0,0,0,0,0,0,0,0,0,0,0,0,0,0,0,0,0,0,0,0,0,0,0,7,6204821,22908145,23790754,0,0,0,0,0,0,0,0,0,0,0,0,0,0,0,0,0,0,0,0,0,0,0,0,0,0,0,0,0,0,0,0,0,0,0,0,0,51450970112,14192640000,3140318,866250,23705249,5026,0,384,3145728,19789242,3111910,147,3120019935,51539607552,0,1069583817,0,0,0,0,0,0,0,0,0,0,0,0,0,0,0,0,0,0,7867320,407438078,0,468,1204,7863,623,15734803,35,0,0,0,0,0,0,0,1,0,0,0,0,0,0,0,0,0,0,21655299,0,23704952,204395,0,0,0,0,0,0,0,0,16384,0,0,0,0,0,0,0,0,0,0,0,4507,115,0,0,0,0,0,23910180,0,72,0,16,115,4507,0,0,0,0,0,0,0,0,0,0,0,0,0,0,0,0,0,0,0,0,0,0,0,0,0,0,0,0,0,0,0,0,0,0,0,0,0,0,0,0,0,0,0,0,0,0,0,0,0,0,0,0,0,0,165559846,0,0,0,869003822,0,0,0,0,0,0,0,22147418,24276900,191091249,194196962816,19028701,0,0,0,0,0,0,0,0,0,0,0,0,0,0,0,0,0,0,0,0,0,0,0,0,0,0,0,0,0,0,0,52,0,0,0,0,0,0,0
1787686916.320,0,0,0,0,0,0,0,680876092,375146400256,674938725888,0,0,0,0,0,0,0,0,0,0,0,0,0,0,0,0,0,0,0,0,0,0,0,0,0,0,0,0,0,0,0,0,0,0,0,0,0,0,0,0,0,0,0,0,0,0,0,0,0,0,0,0,0,0,0,0,0,0,0,0,7,6204878,22917342,23793817,0,0,0,0,0,0,0,0,0,0,0,0,0,0,0,0,0,0,0,0,0,0,0,0,0,0,0,0,0,0,0,0,0,0,0,0,0,51458867200,14193819648,3140800,866322,23708312,4544,0,384,3145728,19798437,3111910,147,3120158378,51539607552,0,1069605425,0,0,0,0,0,0,0,0,0,0,0,0,0,0,0,0,0,0,7868090,407438848,0,468,1204,7863,623,15736344,35,0,0,0,0,0,0,0,1,0,0,0,0,0,0,0,0,0,0,21656277,0,23708015,204427,0,0,0,0,0,0,0,0,16384,0,0,0,0,0,0,0,0,0,0,0,4508,115,0,0,0,0,0,23912524,0,72,0,16,115,4508,0,0,0,0,0,0,0,0,0,0,0,0,0,0,0,0,0,0,0,0,0,0,0,0,0,0,0,0,0,0,0,0,0,0,0,0,0,0,0,0,0,0,0,0,0,0,0,0,0,0,0,0,0,0,165562116,0,0,0,869016853,0,0,0,0,0,0,0,22149246,24286095,191096613,194200467968,19030126,0,0,0,0,0,0,0,0,0,0,0,0,0,0,0,0,0,0,0,0,0,0,0,0,0,0,0,0,0,0,0,274,0,0,0,0,0,0,0
1787686917.389,0,0,0,0,0,0,0,680903774,375297690112,674992153088,0,0,0,0,0,0,0,0,0,0,0,0,0,0,0,0,0,0,0,0,0,0,0,0,0,0,0,0,0,0,0,0,0,0,0,0,0,0,0,0,0,0,0,0,0,0,0,0,0,0,0,0,0,0,0,0,0,0,0,0,7,6204932,22926577,23796798,0,0,0,0,0,0,0,0,0,0,0,0,0,0,0,0,0,0,0,0,0,0,0,0,0,0,0,0,0,0,0,0,0,0,0,0,0,51469058048,14196031488,3141422,866457,23711293,3921,0,384,3145728,19807667,3111910,147,3120297928,51539607552,0,1069627378,0,0,0,0,0,0,0,0,0,0,0,0,0,0,0,0,0,0,7868866,407439624,0,468,1204,7863,623,15737897,35,0,0,0,0,0,0,0,1,0,0,0,0,0,0,0,0,0,0,21657257,0,23710996,204459,0,0,0,0,0,0,0,0,16384,0,0,0,0,0,0,0,0,0,0,0,4509,115,0,0,0,0,0,23914870,0,72,0,16,115,4509,0,0,0,0,0,0,0,0,0,0,0,0,0,0,0,0,0,0,0,0,0,0,0,0,0,0,0,0,0,0,0,0,0,0,0,0,0,0,0,0,0,0,0,0,0,0,0,0,0,0,0,0,0,0,165564366,0,0,0,869030221,0,0,0,0,0,0,0,22151026,24295331,191101875,194203836416,19031472,0,0,0,0,0,0,0,0,0,0,0,0,0,0,0,0,0,0,0,0,0,0,0,0,0,0,0,0,0,0,0,194,0,0,0,0,0,0,0
1787686918.460,0,0,0,0,0,0,0,680931591,375448422912,675045807104,0,0,0,0,0,0,0,0,0,0,0,0,0,0,0,0,0,0,0,0,0,0,0,0,0,0,0,0,0,0,0,0,0,0,0,0,0,0,0,0,0,0,0,0,0,0,0,0,0,0,0,0,0,0,0,0,0,0,0,0,7,6204996,22935777,23799773,0,0,0,0,0,0,0,0,0,0,0,0,0,0,0,0,0,0,0,0,0,0,0,0,0,0,0,0,0,0,0,0,0,0,0,0,0,51479396352,14198112256,3142053,866584,23714268,3291,0,384,3145728,19816870,3111910,147,3120438585,51539607552,0,1069649936,0,0,0,0,0,0,0,0,0,0,0,0,0,0,0,0,0,0,7869642,407440400,0,468,1204,7863,623,15739447,35,0,0,0,0,0,0,0,1,0,0,0,0,0,0,0,0,0,0,21658230,0,23713971,204491,0,0,0,0,0,0,0,0,16384,0,0,0,0,0,0,0,0,0,0,0,4510,115,0,0,0,0,0,23917228,0,72,0,16,115,4510,0,0,0,0,0,0,0,0,0,0,0,0,0,0,0,0,0,0,0,0,0,0,0,0,0,0,0,0,0,0,0,0,0,0,0,0,0,0,0,0,0,0,0,0,0,0,0,0,0,0,0,0,0,0,165566669,0,0,0,869043679,0,0,0,0,0,0,0,22152923,24304532,191107182,194207557632,19032896,0,0,0,0,0,0,0,0,0,0,0,0,0,0,0,0,0,0,0,0,0,0,0,0,0,0,0,0,0,0,0,64,0,0,0,0,0,0,0
1787686919.531,0,0,0,0,0,0,0,680959520,375600646656,675100468224,0,0,0,0,0,0,0,0,0,0,0,0,0,0,0,0,0,0,0,0,0,0,0,0,0,0,0,0,0,0,0,0,0,0,0,0,0,0,0,0,0,0,0,0,0,0,0,0,0,0,0,0,0,0,0,0,0,0,0,0,7,6205053,22945069,23802819,0,0,0,0,0,0,0,0,0,0,0,0,0,0,0,0,0,0,0,0,0,0,0,0,0,0,0,0,0,0,0,0,0,0,0,0,0,51491274752,14198980608,3142778,866637,23717314,2566,0,384,3145728,19826162,3111910,147,3120578496,51539607552,0,1069671616,0,0,0,0,0,0,0,0,0,0,0,0,0,0,0,0,0,0,7870424,407441182,0,468,1204,7863,623,15741011,35,0,0,0,0,0,0,0,1,0,0,0,0,0,0,0,0,0,0,21659217,0,23717017,204524,0,0,0,0,0,0,0,0,16384,0,0,0,0,0,0,0,0,0,0,0,4511,115,0,0,0,0,0,23919596,0,72,0,16,115,4511,0,0,0,0,0,0,0,0,0,0,0,0,0,0,0,0,0,0,0,0,0,0,0,0,0,0,0,0,0,0,0,0,0,0,0,0,0,0,0,0,0,0,0,0,0,0,0,0,0,0,0,0,0,0,165569007,0,0,0,869056870,0,0,0,0,0,0,0,22154861,24313821,191112597,194211095552,19034427,0,0,0,0,0,0,0,0,0,0,0,0,0,0,0,0,0,0,0,0,0,0,0,0,0,0,0,0,0,0,0,287,0,0,0,0,0,0,0
1787686920.602,0,0,0,0,0,0,0,680987184,375751789056,675155126272,0,0,0,0,0,0,0,0,0,0,0,0,0,0,0,0,0,0,0,0,0,0,0,0,0,0,0,0,0,0,0,0,0,0,0,0,0,0,0,0,0,0,0,0,0,0,0,0,0,0,0,0,0,0,0,0,0,0,0,0,7,6205102,22954295,23805877,0,0,0,0,0,0,0,0,0,0,0,0,0,0,0,0,0,0,0,0,0,0,0,0,0,0,0,0,0,0,0,0,0,0,0,0,0,51500957696,14200111104,3143369,866706,23720372,1975,0,384,3145728,19835385,3111910,147,3120717916,51539607552,0,1069693437,0,0,0,0,0,0,0,0,0,0,0,0,0,0,0,0,0,0,7871198,407441956,0,468,1204,7863,623,15742561,35,0,0,0,0,0,0,0,1,0,0,0,0,0,0,0,0,0,0,21660194,0,23720075,204556,0,0,0,0,0,0,0,0,16384,0,0,0,0,0,0,0,0,0,0,0,4512,115,0,0,0,0,0,23921955,0,72,0,16,115,4512,0,0,0,0,0,0,0,0,0,0,0,0,0,0,0,0,0,0,0,0,0,0,0,0,0,0,0,0,0,0,0,0,0,0,0,0,0,0,0,0,0,0,0,0,0,0,0,0,0,0,0,0,0,0,165571266,0,0,0,869070250,0,0,0,0,0,0,0,22156727,24323044,191117940,194214370816,19035821,0,0,0,0,0,0,0,0,0,0,0,0,0,0,0,0,0,0,0,0,0,0,0,0,0,0,0,0,0,0,0,194,0,0,0,0,0,0,0
1787686921.672,0,0,0,0,0,0,0,681014599,375902325248,675209099264,0,0,0,0,0,0,0,0,0,0,0,0,0,0,0,0,0,0,0,0,0,0,0,0,0,0,0,0,0,0,0,0,0,0,0,0,0,0,0,0,0,0,0,0,0,0,0,0,0,0,0,0,0,0,0,0,0,0,0,0,7,6205156,22963484,23808881,0,0,0,0,0,0,0,0,0,0,0,0,0,0,0,0,0,0,0,0,0,0,0,0,0,0,0,0,0,0,0,0,0,0,0,0,0,51510738944,14201815040,3143966,866810,23723376,1378,0,384,3145728,19844575,3111910,147,3120856308,51539607552,0,1069715244,0,0,0,0,0,0,0,0,0,0,0,0,0,0,0,0,0,0,7871966,407442724,0,468,1204,7863,623,15744095,35,0,0,0,0,0,0,0,1,0,0,0,0,0,0,0,0,0,0,21661166,0,23723079,204588,0,0,0,0,0,0,0,0,16384,0,0,0,0,0,0,0,0,0,0,0,4513,115,0,0,0,0,0,23924289,0,72,0,16,115,4513,0,0,0,0,0,0,0,0,0,0,0,0,0,0,0,0,0,0,0,0,0,0,0,0,0,0,0,0,0,0,0,0,0,0,0,0,0,0,0,0,0,0,0,0,0,0,0,0,0,0,0,0,0,0,165573591,0,0,0,869083499,0,0,0,0,0,0,0,22158556,24332230,191123301,194217864192,19037211,0,0,0,0,0,0,0,0,0,0,0,0,0,0,0,0,0,0,0,0,0,0,0,0,0,0,0,0,0,0,0,115,0,0,0,0,0,0,0
1787686922.740,0,0,0,0,0,0,0,681042199,376052206080,675263906816,0,0,0,0,0,0,0,0,0,0,0,0,0,0,0,0,0,0,0,0,0,0,0,0,0,0,0,0,0,0,0,0,0,0,0,0,0,0,0,0,0,0,0,0,0,0,0,0,0,0,0,0,0,0,0,0,0,0,0,0,7,6205209,22972631,23811950,0,0,0,0,0,0,0,0,0,0,0,0,0,0,0,0,0,0,0,0,0,0,0,0,0,0,0,0,0,0,0,0,0,0,0,0,0,51519963136,14201749504,3144529,866806,23726445,815,0,384,3145728,19853718,3111910,147,3120995372,51539607552,0,1069736991,0,0,0,0,0,0,0,0,0,0,0,0,0,0,0,0,0,0,7872741,407443498,0,468,1204,7863,623,15745645,35,0,0,0,0,0,0,0,1,0,0,0,0,0,0,0,0,0,0,21662143,0,23726148,204620,0,0,0,0,0,0,0,0,16384,0,0,0,0,0,0,0,0,0,0,0,4514,115,0,0,0,0,0,23926631,0,72,0,16,115,4514,0,0,0,0,0,0,0,0,0,0,0,0,0,0,0,0,0,0,0,0,0,0,0,0,0,0,0,0,0,0,0,0,0,0,0,0,0,0,0,0,0,0,0,0,0,0,0,0,0,0,0,0,0,0,165575873,0,0,0,869096856,0,0,0,0,0,0,0,22160396,24341379,191128684,194221138432,19038601,0,0,0,0,0,0,0,0,0,0,0,0,0,0,0,0,0,0,0,0,0,0,0,0,0,0,0,0,0,0,0,32,0,0,0,0,0,0,0
1787686923.810,0,0,0,0,0,0,0,681069912,376203201024,675318100480,0,0,0,0,0,0,0,0,0,0,0,0,0,0,0,0,0,0,0,0,0,0,0,0,0,0,0,0,0,0,0,0,0,0,0,0,0,0,0,0,0,0,0,0,0,0,0,0,0,0,0,0,0,0,0,0,0,0,0,0,7,6205255,22981854,23814980,0,0,0,0,0,0,0,0,0,0,0,0,0,0,0,0,0,0,0,0,0,0,0,0,0,0,0,0,0,0,0,0,0,0,0,0,0,51530039296,14203076608,3145144,866887,23729475,200,0,384,3145728,19862941,3111910,147,3121133726,51539607552,0,1069758025,0,0,0,0,0,0,0,0,0,0,0,0,0,0,0,0,0,0,7873516,407444274,0,468,1204,7863,623,15747197,35,0,0,0,0,0,0,0,1,0,0,0,0,0,0,0,0,0,0,21663124,0,23729178,204653,0,0,0,0,0,0,0,0,16384,0,0,0,0,0,0,0,0,0,0,0,4515,115,0,0,0,0,0,23929000,0,72,0,16,115,4515,0,0,0,0,0,0,0,0,0,0,0,0,0,0,0,0,0,0,0,0,0,0,0,0,0,0,0,0,0,0,0,0,0,0,0,0,0,0,0,0,0,0,0,0,0,0,0,0,0,0,0,0,0,0,165578166,0,0,0,869109938,0,0,0,0,0,0,0,22162243,24350600,191134039,194224457728,19039979,0,0,0,0,0,0,0,0,0,0,0,0,0,0,0,0,0,0,0,0,0,0,0,0,0,0,0,0,0,0,0,263,0,0,0,0,0,0,0
1787686924.879,0,0,0,0,0,0,0,681097748,376352393728,675379935744,0,0,0,0,0,0,0,0,0,0,0,0,0,0,0,0,0,0,0,0,0,0,0,0,0,0,0,0,0,0,0,0,0,0,0,0,0,0,0,0,0,0,0,0,0,0,0,0,0,0,0,0,0,0,0,0,0,0,0,0,7,6205315,22990961,23818052,0,0,0,0,0,0,0,0,0,0,0,0,0,0,0,0,0,0,0,0,0,0,0,0,0,0,0,0,0,0,0,0,0,0,0,0,0,51413942272,14203338752,3138058,866903,23732547,7286,0,384,3145728,19872045,3111910,147,3121274133,51539607552,0,1069780326,0,0,0,0,0,0,0,0,0,0,0,0,0,0,0,0,0,0,7874294,407445052,0,468,1204,7863,623,15748753,35,0,0,0,0,0,0,0,1,0,0,0,0,0,0,0,0,0,0,21664103,0,23732250,204689,0,0,0,0,0,0,0,0,16384,0,0,0,0,0,0,0,0,0,0,0,4517,115,0,0,0,0,0,23931365,0,72,0,16,115,4517,0,0,0,0,0,0,0,0,0,0,0,0,0,0,0,0,0,0,0,0,0,0,0,0,0,0,0,0,0,0,0,0,0,0,0,0,0,0,0,0,0,0,0,0,0,0,0,0,0,0,0,0,0,0,165580434,0,0,0,869123385,0,0,0,0,0,0,0,22164131,24359708,191139843,194227939328,19041375,1,0,0,0,0,0,0,0,0,0,0,0,0,0,0,0,0,0,0,0,0,0,0,0,0,0,0,0,0,0,0,163,0,0,0,0,0,0,0
1787686925.949,0,0,0,0,0,0,0,681124831,376499767808,675476664832,0,0,0,0,0,0,0,0,0,0,0,0,0,0,0,0,0,0,0,0,0,0,0,0,0,0,0,0,0,0,0,0,0,0,0,0,0,0,0,0,0,0,0,0,0,0,0,0,0,0,0,0,0,0,0,0,0,0,0,0,7,6205364,22999962,23824107,0,0,0,0,0,0,0,0,0,0,0,0,0,0,0,0,0,0,0,0,0,0,0,0,0,0,0,0,0,0,0,0,0,0,0,0,0,51405307904,14153580544,3137531,863866,23738602,7813,0,384,3145728,19881044,3111910,147,3121410856,51539607552,0,1069801941,0,0,0,0,0,0,0,0,0,0,0,0,0,0,0,0,0,0,7875051,407445809,0,468,1204,7863,623,15750266,35,0,0,0,0,0,0,0,1,0,0,0,0,0,0,0,0,0,0,21665062,0,23738305,204749,0,0,0,0,0,0,0,0,16384,0,0,0,0,0,0,0,0,0,0,0,4518,115,0,0,0,0,0,23933651,0,72,0,16,115,4518,0,0,0,0,0,0,0,0,0,0,0,0,0,0,0,0,0,0,0,0,0,0,0,0,0,0,0,0,0,0,0,0,0,0,0,0,0,0,0,0,0,0,0,0,0,0,0,0,0,0,0,0,0,0,165582679,0,0,0,869136460,0,0,0,0,0,0,0,22166292,24368706,191147773,194231169536,19042687,0,0,0,0,0,0,0,0,0,0,0,0,0,0,0,0,0,0,0,0,0,0,0,0,0,0,0,0,0,0,0,66,0,0,0,0,0,0,0
1787686927.020,0,0,0,0,0,0,0,681152686,376651713024,675529926656,0,0,0,0,0,0,0,0,0,0,0,0,0,0,0,0,0,0,0,0,0,0,0,0,0,0,0,0,0,0,0,0,0,0,0,0,0,0,0,0,0,0,0,0,0,0,0,0,0,0,0,0,0,0,0,0,0,0,0,0,7,6205422,23009246,23827078,0,0,0,0,0,0,0,0,0,0,0,0,0,0,0,0,0,0,0,0,0,0,0,0,0,0,0,0,0,0,0,0,0,0,0,0,0,51415105536,14156218368,3138129,864027,23741573,7215,0,384,3145728,19890324,3111910,147,3121551457,51539607552,0,1069824157,0,0,0,0,0,0,0,0,0,0,0,0,0,0,0,0,0,0,7875830,407446587,0,468,1204,7863,623,15751825,35,0,0,0,0,0,0,0,1,0,0,0,0,0,0,0,0,0,0,21666047,0,23741276,204781,0,0,0,0,0,0,0,0,16384,0,0,0,0,0,0,0,0,0,0,0,4519,115,0,0,0,0,0,23936024,0,72,0,16,115,4519,0,0,0,0,0,0,0,0,0,0,0,0,0,0,0,0,0,0,0,0,0,0,0,0,0,0,0,0,0,0,0,0,0,0,0,0,0,0,0,0,0,0,0,0,0,0,0,0,0,0,0,0,0,0,165584906,0,0,0,869149876,0,0,0,0,0,0,0,22168052,24377985,191153000,194234607616,19044041,0,0,0,0,0,0,0,0,0,0,0,0,0,0,0,0,0,0,0,0,0,0,0,0,0,0,0,0,0,0,0,5,0,0,0,0,0,0,0
1787686928.090,0,0,0,0,0,0,0,681180564,376803985920,675582391296,0,0,0,0,0,0,0,0,0,0,0,0,0,0,0,0,0,0,0,0,0,0,0,0,0,0,0,0,0,0,0,0,0,0,0,0,0,0,0,0,0,0,0,0,0,0,0,0,0,0,0,0,0,0,0,0,0,0,0,0,7,6205478,23018542,23829999,0,0,0,0,0,0,0,0,0,0,0,0,0,0,0,0,0,0,0,0,0,0,0,0,0,0,0,0,0,0,0,0,0,0,0,0,0,51426902016,14159446016,3138849,864224,23744494,6495,0,384,3145728,19899620,3111910,147,3121690841,51539607552,0,1069845493,0,0,0,0,0,0,0,0,0,0,0,0,0,0,0,0,0,0,7876611,407447369,0,468,1204,7863,623,15753385,35,0,0,0,0,0,0,0,1,0,0,0,0,0,0,0,0,0,0,21667038,0,23744197,204813,0,0,0,0,0,0,0,0,16384,0,0,0,0,0,0,0,0,0,0,0,4520,115,0,0,0,0,0,23938396,0,72,0,16,115,4520,0,0,0,0,0,0,0,0,0,0,0,0,0,0,0,0,0,0,0,0,0,0,0,0,0,0,0,0,0,0,0,0,0,0,0,0,0,0,0,0,0,0,0,0,0,0,0,0,0,0,0,0,0,0,165587166,0,0,0,869163054,0,0,0,0,0,0,0,22169883,24387276,191158213,194237925376,19045416,0,0,0,0,0,0,0,0,0,0,0,0,0,0,0,0,0,0,0,0,0,0,0,0,0,0,0,0,0,0,0,224,0,0,0,0,0,0,0
1787686929.167,0,0,0,0,0,0,0,681208254,376953801216,675636276224,0,0,0,0,0,0,0,0,0,0,0,0,0,0,0,0,0,0,0,0,0,0,0,0,0,0,0,0,0,0,0,0,0,0,0,0,0,0,0,0,0,0,0,0,0,0,0,0,0,0,0,0,0,0,0,0,0,0,0,0,7,6205544,23027686,23832978,0,0,0,0,0,0,0,0,0,0,0,0,0,0,0,0,0,0,0,0,0,0,0,0,0,0,0,0,0,0,0,0,0,0,0,0,0,51436257280,14161608704,3139420,864356,23747473,5924,0,384,3145728,19908763,3111910,147,3121830890,51539607552,0,1069868075,0,0,0,0,0,0,0,0,0,0,0,0,0,0,0,0,0,0,7877383,407448141,0,468,1204,7863,623,15754929,35,0,0,0,0,0,0,0,1,0,0,0,0,0,0,0,0,0,0,21668012,0,23747176,204845,0,0,0,0,0,0,0,0,16384,0,0,0,0,0,0,0,0,0,0,0,4521,115,0,0,0,0,0,23940753,0,72,0,16,115,4521,0,0,0,0,0,0,0,0,0,0,0,0,0,0,0,0,0,0,0,0,0,0,0,0,0,0,0,0,0,0,0,0,0,0,0,0,0,0,0,0,0,0,0,0,0,0,0,0,0,0,0,0,0,0,165589450,0,0,0,869176386,0,0,0,0,0,0,0,22171757,24396420,191163509,194241780736,19046863,0,0,0,0,0,0,0,0,0,0,0,0,0,0,0,0,0,0,0,0,0,0,0,0,0,0,0,0,0,0,0,163,0,0,0,0,0,0,0
1787686930.236,0,0,0,0,0,0,0,681236071,377107089920,675689957376,0,0,0,0,0,0,0,0,0,0,0,0,0,0,0,0,0,0,0,0,0,0,0,0,0,0,0,0,0,0,0,0,0,0,0,0,0,0,0,0,0,0,0,0,0,0,0,0,0,0,0,0,0,0,0,0,0,0,0,0,7,6205596,23037051,23835992,0,0,0,0,0,0,0,0,0,0,0,0,0,0,0,0,0,0,0,0,0,0,0,0,0,0,0,0,0,0,0,0,0,0,0,0,0,51449479168,14163263488,3140227,864457,23750487,5117,0,384,3145728,19918126,3111910,147,3121970915,51539607552,0,1069889702,0,0,0,0,0,0,0,0,0,0,0,0,0,0,0,0,0,0,7878162,407448920,0,468,1204,7863,623,15756487,35,0,0,0,0,0,0,0,1,0,0,0,0,0,0,0,0,0,0,21668999,0,23750190,204877,0,0,0,0,0,0,0,0,16384,0,0,0,0,0,0,0,0,0,0,0,4522,115,0,0,0,0,0,23943116,0,72,0,16,115,4522,0,0,0,0,0,0,0,0,0,0,0,0,0,0,0,0,0,0,0,0,0,0,0,0,0,0,0,0,0,0,0,0,0,0,0,0,0,0,0,0,0,0,0,0,0,0,0,0,0,0,0,0,0,0,165591697,0,0,0,869189803,0,0,0,0,0,0,0,22173684,24405775,191168802,194244875264,19048311,0,0,0,0,0,0,0,0,0,0,0,0,0,0,0,0,0,0,0,0,0,0,0,0,0,0,0,0,0,0,0,86,0,0,0,0,0,0,0
1787686931.313,0,0,0,0,0,0,0,681263347,377257806336,675743357440,0,0,0,0,0,0,0,0,0,0,0,0,0,0,0,0,0,0,0,0,0,0,0,0,0,0,0,0,0,0,0,0,0,0,0,0,0,0,0,0,0,0,0,0,0,0,0,0,0,0,0,0,0,0,0,0,0,0,0,0,7,6205644,23046248,23838983,0,0,0,0,0,0,0,0,0,0,0,0,0,0,0,0,0,0,0,0,0,0,0,0,0,0,0,0,0,0,0,0,0,0,0,0,0,51457294336,14164426752,3140704,864528,23753478,4640,0,384,3145728,19927322,3111910,147,3122107322,51539607552,0,1069910355,0,0,0,0,0,0,0,0,0,0,0,0,0,0,0,0,0,0,7878930,407449688,0,468,1204,7863,623,15758023,35,0,0,0,0,0,0,0,1,0,0,0,0,0,0,0,0,0,0,21669967,0,23753181,204909,0,0,0,0,0,0,0,0,16384,0,0,0,0,0,0,0,0,0,0,0,4523,115,0,0,0,0,0,23945446,0,72,0,16,115,4523,0,0,0,0,0,0,0,0,0,0,0,0,0,0,0,0,0,0,0,0,0,0,0,0,0,0,0,0,0,0,0,0,0,0,0,0,0,0,0,0,0,0,0,0,0,0,0,0,0,0,0,0,0,0,165593959,0,0,0,869202765,0,0,0,0,0,0,0,22175492,24414974,191174086,194248113664,19049675,0,0,0,0,0,0,0,0,0,0,0,0,0,0,0,0,0,0,0,0,0,0,0,0,0,0,0,0,0,0,0,284,0,0,0,0,0,0,0
1787686932.382,0,0,0,0,0,0,0,681291272,377410914816,675796598784,0,0,0,0,0,0,0,0,0,0,0,0,0,0,0,0,0,0,0,0,0,0,0,0,0,0,0,0,0,0,0,0,0,0,0,0,0,0,0,0,0,0,0,0,0,0,0,0,0,0,0,0,0,0,0,0,0,0,0,0,7,6205699,23055597,23841947,0,0,0,0,0,0,0,0,0,0,0,0,0,0,0,0,0,0,0,0,0,0,0,0,0,0,0,0,0,0,0,0,0,0,0,0,0,51469221888,14167736320,3141432,864730,23756442,3912,0,384,3145728,19936669,3111910,147,3122248468,51539607552,0,1069932910,0,0,0,0,0,0,0,0,0,0,0,0,0,0,0,0,0,0,7879707,407450465,0,468,1204,7863,623,15759579,35,0,0,0,0,0,0,0,1,0,0,0,0,0,0,0,0,0,0,21670946,0,23756145,204941,0,0,0,0,0,0,0,0,16384,0,0,0,0,0,0,0,0,0,0,0,4524,115,0,0,0,0,0,23947820,0,72,0,16,115,4524,0,0,0,0,0,0,0,0,0,0,0,0,0,0,0,0,0,0,0,0,0,0,0,0,0,0,0,0,0,0,0,0,0,0,0,0,0,0,0,0,0,0,0,0,0,0,0,0,0,0,0,0,0,0,165596260,0,0,0,869216207,0,0,0,0,0,0,0,22177334,24424320,191179381,194251634176,19051050,0,0,0,0,0,0,0,0,0,0,0,0,0,0,0,0,0,0,0,0,0,0,0,0,0,0,0,0,0,0,0,186,0,0,0,0,0,0,0
1787686933.452,0,0,0,0,0,0,0,681319113,377563236864,675850336256,0,0,0,0,0,0,0,0,0,0,0,0,0,0,0,0,0,0,0,0,0,0,0,0,0,0,0,0,0,0,0,0,0,0,0,0,0,0,0,0,0,0,0,0,0,0,0,0,0,0,0,0,0,0,0,0,0,0,0,0,7,6205750,23064893,23844931,0,0,0,0,0,0,0,0,0,0,0,0,0,0,0,0,0,0,0,0,0,0,0,0,0,0,0,0,0,0,0,0,0,0,0,0,0,51478052864,14169833472,3141971,864858,23759426,3373,0,385,3145728,19945966,3111910,147,3122389386,51539607552,0,1069955475,0,0,0,0,0,0,0,0,0,0,0,0,0,0,0,0,0,0,7880484,407451242,0,468,1204,7863,623,15761133,35,0,0,0,0,0,0,0,1,0,0,0,0,0,0,0,0,0,0,21671925,0,23759129,204974,0,0,0,0,0,0,0,0,16384,0,0,0,0,0,0,0,0,0,0,0,4525,115,0,0,0,0,0,23950174,0,72,0,16,115,4525,0,0,0,0,0,0,0,0,0,0,0,0,0,0,0,0,0,0,0,0,0,0,0,0,0,0,0,0,0,0,0,0,0,0,0,0,0,0,0,0,0,0,0,0,0,0,0,0,0,0,0,0,0,0,165598576,0,0,0,869229646,0,0,0,0,0,0,0,22179149,24433617,191184714,194255152128,19052419,0,0,0,0,0,0,0,0,0,0,0,0,0,0,0,0,0,0,0,0,0,0,0,0,0,0,0,0,0,0,0,81,0,0,0,0,0,0,0
1787686934.520,0,0,0,0,0,0,0,681346661,377713199616,675903884800,0,0,0,0,0,0,0,0,0,0,0,0,0,0,0,0,0,0,0,0,0,0,0,0,0,0,0,0,0,0,0,0,0,0,0,0,0,0,0,0,0,0,0,0,0,0,0,0,0,0,0,0,0,0,0,0,0,0,0,0,7,6205793,23074045,23847928,0,0,0,0,0,0,0,0,0,0,0,0,0,0,0,0,0,0,0,0,0,0,0,0,0,0,0,0,0,0,0,0,0,0,0,0,0,51487457280,14170947584,3142545,864926,23762423,2799,0,384,3145728,19955117,3111910,147,3122528168,51539607552,0,1069977095,0,0,0,0,0,0,0,0,0,0,0,0,0,0,0,0,0,0,7881257,407452015,0,468,1204,7863,623,15762677,35,0,0,0,0,0,0,0,1,0,0,0,0,0,0,0,0,0,0,21672903,0,23762126,205007,0,0,0,0,0,0,0,0,16384,0,0,0,0,0,0,0,0,0,0,0,4526,115,0,0,0,0,0,23952526,0,72,0,16,115,4526,0,0,0,0,0,0,0,0,0,0,0,0,0,0,0,0,0,0,0,0,0,0,0,0,0,0,0,0,0,0,0,0,0,0,0,0,0,0,0,0,0,0,0,0,0,0,0,0,0,0,0,0,0,0,165600899,0,0,0,869242948,0,0,0,0,0,0,0,22180987,24442767,191190065,194258439168,19053832,0,0,0,0,0,0,0,0,0,0,0,0,0,0,0,0,0,0,0,0,0,0,0,0,0,0,0,0,0,0,0,11,0,0,0,0,0,0,0
1787686935.589,0,0,0,0,0,0,0,681374213,377862081024,675957940224,0,0,0,0,0,0,0,0,0,0,0,0,0,0,0,0,0,0,0,0,0,0,0,0,0,0,0,0,0,0,0,0,0,0,0,0,0,0,0,0,0,0,0,0,0,0,0,0,0,0,0,0,0,0,0,0,0,0,0,0,7,6205857,23083134,23850941,0,0,0,0,0,0,0,0,0,0,0,0,0,0,0,0,0,0,0,0,0,0,0,0,0,0,0,0,0,0,0,0,0,0,0,0,0,51496386560,14172012544,3143090,864991,23765436,2254,0,384,3145728,19964203,3111910,147,3122666069,51539607552,0,1069998648,0,0,0,0,0,0,0,0,0,0,0,0,0,0,0,0,0,0,7882025,407452783,0,468,1204,7863,623,15764213,35,0,0,0,0,0,0,0,1,0,0,0,0,0,0,0,0,0,0,21673873,0,23765139,205040,0,0,0,0,0,0,0,0,16384,0,0,0,0,0,0,0,0,0,0,0,4527,115,0,0,0,0,0,23954859,0,72,0,16,115,4527,0,0,0,0,0,0,0,0,0,0,0,0,0,0,0,0,0,0,0,0,0,0,0,0,0,0,0,0,0,0,0,0,0,0,0,0,0,0,0,0,0,0,0,0,0,0,0,0,0,0,0,0,0,0,165603185,0,0,0,869255919,0,0,0,0,0,0,0,22182905,24451854,191195398,194261985280,19055277,0,0,0,0,0,0,0,0,0,0,0,0,0,0,0,0,0,0,0,0,0,0,0,0,0,0,0,0,0,0,0,237,0,0,0,0,0,0,0
1787686936.658,0,0,0,0,0,0,0,681401878,378013534720,676011237376,0,0,0,0,0,0,0,0,0,0,0,0,0,0,0,0,0,0,0,0,0,0,0,0,0,0,0,0,0,0,0,0,0,0,0,0,0,0,0,0,0,0,0,0,0,0,0,0,0,0,0,0,0,0,0,0,0,0,0,0,7,6205900,23092377,23853928,0,0,0,0,0,0,0,0,0,0,0,0,0,0,0,0,0,0,0,0,0,0,0,0,0,0,0,0,0,0,0,0,0,0,0,0,0,51509592064,14174633984,3143896,865151,23768423,1447,0,384,3145728,19973444,3111910,147,3122805245,51539607552,0,1070020061,0,0,0,0,0,0,0,0,0,0,0,0,0,0,0,0,0,0,7882804,407453562,0,468,1204,7863,623,15765771,35,0,0,0,0,0,0,0,1,0,0,0,0,0,0,0,0,0,0,21674860,0,23768126,205072,0,0,0,0,0,0,0,0,16384,0,0,0,0,0,0,0,0,0,0,0,4528,115,0,0,0,0,0,23957228,0,72,0,16,115,4528,0,0,0,0,0,0,0,0,0,0,0,0,0,0,0,0,0,0,0,0,0,0,0,0,0,0,0,0,0,0,0,0,0,0,0,0,0,0,0,0,0,0,0,0,0,0,0,0,0,0,0,0,0,0,165605438,0,0,0,869269319,0,0,0,0,0,0,0,22184773,24461095,191200670,194265147392,19056694,0,0,0,0,0,0,0,0,0,0,0,0,0,0,0,0,0,0,0,0,0,0,0,0,0,0,0,0,0,0,0,168,0,0,0,0,0,0,0
1787686937.726,0,0,0,0,0,0,0,681429615,378164611584,676065372160,0,0,0,0,0,0,0,0,0,0,0,0,0,0,0,0,0,0,0,0,0,0,0,0,0,0,0,0,0,0,0,0,0,0,0,0,0,0,0,0,0,0,0,0,0,0,0,0,0,0,0,0,0,0,0,0,0,0,0,0,7,6205968,23101603,23856941,0,0,0,0,0,0,0,0,0,0,0,0,0,0,0,0,0,0,0,0,0,0,0,0,0,0,0,0,0,0,0,0,0,0,0,0,0,51519307776,14176043008,3144489,865237,23771436,855,0,384,3145728,19982671,3111910,147,3122945195,51539607552,0,1070042395,0,0,0,0,0,0,0,0,0,0,0,0,0,0,0,0,0,0,7883579,407454337,0,468,1204,7863,623,15767321,35,0,0,0,0,0,0,0,1,0,0,0,0,0,0,0,0,0,0,21675840,0,23771139,205104,0,0,0,0,0,0,0,0,16384,0,0,0,0,0,0,0,0,0,0,0,4529,115,0,0,0,0,0,23959590,0,72,0,16,115,4529,0,0,0,0,0,0,0,0,0,0,0,0,0,0,0,0,0,0,0,0,0,0,0,0,0,0,0,0,0,0,0,0,0,0,0,0,0,0,0,0,0,0,0,0,0,0,0,0,0,0,0,0,0,0,165607704,0,0,0,869282730,0,0,0,0,0,0,0,22186624,24470314,191205981,194268653568,19058080,0,0,0,0,0,0,0,0,0,0,0,0,0,0,0,0,0,0,0,0,0,0,0,0,0,0,0,0,0,0,0,63,0,0,0,0,0,0,0
1787686938.795,0,0,0,0,0,0,0,681457432,378316474880,676119293440,0,0,0,0,0,0,0,0,0,0,0,0,0,0,0,0,0,0,0,0,0,0,0,0,0,0,0,0,0,0,0,0,0,0,0,0,0,0,0,0,0,0,0,0,0,0,0,0,0,0,0,0,0,0,0,0,0,0,0,0,7,6206032,23110874,23859954,0,0,0,0,0,0,0,0,0,0,0,0,0,0,0,0,0,0,0,0,0,0,0,0,0,0,0,0,0,0,0,0,0,0,0,0,0,51530334208,14177992704,3145162,865356,23774449,182,0,384,3145728,19991940,3111910,147,3123084453,51539607552,0,1070063837,0,0,0,0,0,0,0,0,0,0,0,0,0,0,0,0,0,0,7884357,407455115,0,468,1204,7863,623,15768877,35,0,0,0,0,0,0,0,1,0,0,0,0,0,0,0,0,0,0,21676819,0,23774152,205136,0,0,0,0,0,0,0,0,16384,0,0,0,0,0,0,0,0,0,0,0,4530,115,0,0,0,0,0,23961949,0,72,0,16,115,4530,0,0,0,0,0,0,0,0,0,0,0,0,0,0,0,0,0,0,0,0,0,0,0,0,0,0,0,0,0,0,0,0,0,0,0,0,0,0,0,0,0,0,0,0,0,0,0,0,0,0,0,0,0,0,165609930,0,0,0,869295878,0,0,0,0,0,0,0,22188366,24479583,191211252,194272017408,19059407,0,0,0,0,0,0,0,0,0,0,0,0,0,0,0,0,0,0,0,0,0,0,0,0,0,0,0,0,0,0,0,258,0,0,0,0,0,0,0
1787686939.864,0,0,0,0,0,0,0,681485658,378469861888,676173305344,0,0,0,0,0,0,0,0,0,0,0,0,0,0,0,0,0,0,0,0,0,0,0,0,0,0,0,0,0,0,0,0,0,0,0,0,0,0,0,0,0,0,0,0,0,0,0,0,0,0,0,0,0,0,0,0,0,0,0,0,7,6206081,23120241,23862982,0,0,0,0,0,0,0,0,0,0,0,0,0,0,0,0,0,0,0,0,0,0,0,0,0,0,0,0,0,0,0,0,0,0,0,0,0,51533299712,14179647488,3145343,865457,23777477,1,0,384,3145728,20001303,3111910,147,3123226541,51539607552,0,1070085803,0,0,0,0,0,0,0,0,0,0,0,0,0,0,0,0,0,0,7885150,407455908,0,468,1204,7863,623,15770465,35,0,0,0,0,0,0,0,1,0,0,0,0,0,0,0,0,0,0,21677823,0,23777180,205168,0,0,0,0,0,0,0,0,16384,0,0,0,0,0,0,0,0,0,0,0,4532,115,0,0,0,0,0,23964354,0,72,0,16,115,4532,0,0,0,0,0,0,0,0,0,0,0,0,0,0,0,0,0,0,0,0,0,0,0,0,0,0,0,0,0,0,0,0,0,0,0,0,0,0,0,0,0,0,0,0,0,0,0,0,0,0,0,0,0,0,165612247,0,0,0,869309530,0,0,0,0,0,0,0,22190223,24488949,191216629,194275188224,19060806,0,0,0,0,0,0,0,0,0,0,0,0,0,0,0,0,0,0,0,0,0,0,0,0,0,0,0,0,0,0,0,195,0,0,0,0,0,0,0
1787686940.934,0,0,0,0,0,0,0,681512814,378616072704,676277147648,0,0,0,0,0,0,0,0,0,0,0,0,0,0,0,0,0,0,0,0,0,0,0,0,0,0,0,0,0,0,0,0,0,0,0,0,0,0,0,0,0,0,0,0,0,0,0,0,0,0,0,0,0,0,0,0,0,0,0,0,7,6206137,23129168,23869057,0,0,0,0,0,0,0,0,0,0,0,0,0,0,0,0,0,0,0,0,0,0,0,0,0,0,0,0,0,0,0,0,0,0,0,0,0,51402620928,14129856512,3137367,862418,23783552,7977,0,384,3145728,20010228,3111910,147,3123363696,51539607552,0,1070107500,0,0,0,0,0,0,0,0,0,0,0,0,0,0,0,0,0,0,7885909,407456667,0,468,1204,7863,623,15771983,35,0,0,0,0,0,0,0,1,0,0,0,0,0,0,0,0,0,0,21678783,0,23783255,205233,0,0,0,0,0,0,0,0,16384,0,0,0,0,0,0,0,0,0,0,0,4533,115,0,0,0,0,0,23966661,0,72,0,16,115,4533,0,0,0,0,0,0,0,0,0,0,0,0,0,0,0,0,0,0,0,0,0,0,0,0,0,0,0,0,0,0,0,0,0,0,0,0,0,0,0,0,0,0,0,0,0,0,0,0,0,0,0,0,0,0,165614513,0,0,0,869322678,0,0,0,0,0,0,0,22192534,24497873,191225033,194278557184,19062173,0,0,0,0,0,0,0,0,0,0,0,0,0,0,0,0,0,0,0,0,0,0,0,0,0,0,0,0,0,0,0,73,0,0,0,0,0,0,0
1787686942.004,0,0,0,0,0,0,0,681540373,378767690240,676331320832,0,0,0,0,0,0,0,0,0,0,0,0,0,0,0,0,0,0,0,0,0,0,0,0,0,0,0,0,0,0,0,0,0,0,0,0,0,0,0,0,0,0,0,0,0,0,0,0,0,0,0,0,0,0,0,0,0,0,0,0,7,6206196,23138423,23872084,0,0,0,0,0,0,0,0,0,0,0,0,0,0,0,0,0,0,0,0,0,0,0,0,0,0,0,0,0,0,0,0,0,0,0,0,0,51412746240,14132035584,3137985,862551,23786579,7359,0,384,3145728,20019480,3111910,147,3123501668,51539607552,0,1070128655,0,0,0,0,0,0,0,0,0,0,0,0,0,0,0,0,0,0,7886682,407457440,0,468,1204,7863,623,15773527,35,0,0,0,0,0,0,0,1,0,0,0,0,0,0,0,0,0,0,21679753,0,23786282,205265,0,0,0,0,0,0,0,0,16384,0,0,0,0,0,0,0,0,0,0,0,4534,115,0,0,0,0,0,23969001,0,72,0,16,115,4534,0,0,0,0,0,0,0,0,0,0,0,0,0,0,0,0,0,0,0,0,0,0,0,0,0,0,0,0,0,0,0,0,0,0,0,0,0,0,0,0,0,0,0,0,0,0,0,0,0,0,0,0,0,0,165616795,0,0,0,869335695,0,0,0,0,0,0,0,22194396,24507129,191230374,194281845248,19063584,0,0,0,0,0,0,0,0,0,0,0,0,0,0,0,0,0,0,0,0,0,0,0,0,0,0,0,0,0,0,0,283,0,0,0,0,0,0,0
1787686943.074,0,0,0,0,0,0,0,681568388,378920290816,676385080320,0,0,0,0,0,0,0,0,0,0,0,0,0,0,0,0,0,0,0,0,0,0,0,0,0,0,0,0,0,0,0,0,0,0,0,0,0,0,0,0,0,0,0,0,0,0,0,0,0,0,0,0,0,0,0,0,0,0,0,0,7,6206241,23147740,23875099,0,0,0,0,0,0,0,0,0,0,0,0,0,0,0,0,0,0,0,0,0,0,0,0,0,0,0,0,0,0,0,0,0,0,0,0,0,51422707712,14135066624,3138593,862736,23789594,6751,0,384,3145728,20028794,3111910,147,3123642912,51539607552,0,1070151029,0,0,0,0,0,0,0,0,0,0,0,0,0,0,0,0,0,0,7887463,407458221,0,468,1204,7863,623,15775091,35,0,0,0,0,0,0,0,1,0,0,0,0,0,0,0,0,0,0,21680745,0,23789297,205297,0,0,0,0,0,0,0,0,16384,0,0,0,0,0,0,0,0,0,0,0,4535,115,0,0,0,0,0,23971382,0,72,0,16,115,4535,0,0,0,0,0,0,0,0,0,0,0,0,0,0,0,0,0,0,0,0,0,0,0,0,0,0,0,0,0,0,0,0,0,0,0,0,0,0,0,0,0,0,0,0,0,0,0,0,0,0,0,0,0,0,165619109,0,0,0,869349209,0,0,0,0,0,0,0,22196214,24516447,191235735,194285061120,19064962,0,0,0,0,0,0,0,0,0,0,0,0,0,0,0,0,0,0,0,0,0,0,0,0,0,0,0,0,0,0,0,179,0,0,0,0,0,0,0
1787686944.143,0,0,0,0,0,0,0,681595921,379070990848,676439480832,0,0,0,0,0,0,0,0,0,0,0,0,0,0,0,0,0,0,0,0,0,0,0,0,0,0,0,0,0,0,0,0,0,0,0,0,0,0,0,0,0,0,0,0,0,0,0,0,0,0,0,0,0,0,0,0,0,0,0,0,7,6206298,23156939,23878132,0,0,0,0,0,0,0,0,0,0,0,0,0,0,0,0,0,0,0,0,0,0,0,0,0,0,0,0,0,0,0,0,0,0,0,0,0,51433488384,14137032704,3139251,862856,23792627,6093,0,384,3145728,20037992,3111910,147,3123781789,51539607552,0,1070172828,0,0,0,0,0,0,0,0,0,0,0,0,0,0,0,0,0,0,7888233,407458991,0,468,1204,7863,623,15776630,35,0,0,0,0,0,0,0,1,0,0,0,0,0,0,0,0,0,0,21681723,0,23792330,205330,0,0,0,0,0,0,0,0,16384,0,0,0,0,0,0,0,0,0,0,0,4536,115,0,0,0,0,0,23973731,0,72,0,16,115,4536,0,0,0,0,0,0,0,0,0,0,0,0,0,0,0,0,0,0,0,0,0,0,0,0,0,0,0,0,0,0,0,0,0,0,0,0,0,0,0,0,0,0,0,0,0,0,0,0,0,0,0,0,0,0,165621415,0,0,0,869362449,0,0,0,0,0,0,0,22198048,24525643,191241106,194288524800,19066351,0,0,0,0,0,0,0,0,0,0,0,0,0,0,0,0,0,0,0,0,0,0,0,0,0,0,0,0,0,0,0,147,0,0,0,0,0,0,0
1787686945.214,0,0,0,0,0,0,0,681623774,379222739456,676493519872,0,0,0,0,0,0,0,0,0,0,0,0,0,0,0,0,0,0,0,0,0,0,0,0,0,0,0,0,0,0,0,0,0,0,0,0,0,0,0,0,0,0,0,0,0,0,0,0,0,0,0,0,0,0,0,0,0,0,0,0,7,6206353,23166209,23881145,0,0,0,0,0,0,0,0,0,0,0,0,0,0,0,0,0,0,0,0,0,0,0,0,0,0,0,0,0,0,0,0,0,0,0,0,0,51444400128,14139162624,3139917,862986,23795640,5426,0,384,3145728,20047259,3111910,147,3123922258,51539607552,0,1070195082,0,0,0,0,0,0,0,0,0,0,0,0,0,0,0,0,0,0,7889013,407459771,0,468,1204,7863,623,15778189,35,0,0,0,0,0,0,0,1,0,0,0,0,0,0,0,0,0,0,21682706,0,23795343,205363,0,0,0,0,0,0,0,0,16384,0,0,0,0,0,0,0,0,0,0,0,4537,115,0,0,0,0,0,23976096,0,72,0,16,115,4537,0,0,0,0,0,0,0,0,0,0,0,0,0,0,0,0,0,0,0,0,0,0,0,0,0,0,0,0,0,0,0,0,0,0,0,0,0,0,0,0,0,0,0,0,0,0,0,0,0,0,0,0,0,0,165623745,0,0,0,869375911,0,0,0,0,0,0,0,22199952,24534903,191246481,194291965440,19067752,0,0,0,0,0,0,0,0,0,0,0,0,0,0,0,0,0,0,0,0,0,0,0,0,0,0,0,0,0,0,0,59,0,0,0,0,0,0,0
1787686946.291,0,0,0,0,0,0,0,681651692,379377142272,676547496960,0,0,0,0,0,0,0,0,0,0,0,0,0,0,0,0,0,0,0,0,0,0,0,0,0,0,0,0,0,0,0,0,0,0,0,0,0,0,0,0,0,0,0,0,0,0,0,0,0,0,0,0,0,0,0,0,0,0,0,0,7,6206408,23175633,23884168,0,0,0,0,0,0,0,0,0,0,0,0,0,0,0,0,0,0,0,0,0,0,0,0,0,0,0,0,0,0,0,0,0,0,0,0,0,51456540672,14141472768,3140658,863127,23798663,4686,0,384,3145728,20056683,3111910,147,3124061858,51539607552,0,1070216318,0,0,0,0,0,0,0,0,0,0,0,0,0,0,0,0,0,0,7889795,407460553,0,468,1204,7863,623,15779753,35,0,0,0,0,0,0,0,1,0,0,0,0,0,0,0,0,0,0,21683695,0,23798366,205395,0,0,0,0,0,0,0,0,16384,0,0,0,0,0,0,0,0,0,0,0,4538,115,0,0,0,0,0,23978478,0,72,0,16,115,4538,0,0,0,0,0,0,0,0,0,0,0,0,0,0,0,0,0,0,0,0,0,0,0,0,0,0,0,0,0,0,0,0,0,0,0,0,0,0,0,0,0,0,0,0,0,0,0,0,0,0,0,0,0,0,165626025,0,0,0,869389092,0,0,0,0,0,0,0,22201831,24544325,191251816,194295147008,19069156,0,0,0,0,0,0,0,0,0,0,0,0,0,0,0,0,0,0,0,0,0,0,0,0,0,0,0,0,0,0,0,269,0,0,0,0,0,0,0
1787686947.360,0,0,0,0,0,0,0,681679713,379531528704,676602403328,0,0,0,0,0,0,0,0,0,0,0,0,0,0,0,0,0,0,0,0,0,0,0,0,0,0,0,0,0,0,0,0,0,0,0,0,0,0,0,0,0,0,0,0,0,0,0,0,0,0,0,0,0,0,0,0,0,0,0,0,7,6206468,23185057,23887222,0,0,0,0,0,0,0,0,0,0,0,0,0,0,0,0,0,0,0,0,0,0,0,0,0,0,0,0,0,0,0,0,0,0,0,0,0,51466141696,14143635456,3141244,863259,23801717,4100,0,384,3145728,20066105,3111910,147,3124203425,51539607552,0,1070238614,0,0,0,0,0,0,0,0,0,0,0,0,0,0,0,0,0,0,7890580,407461338,0,468,1204,7863,623,15781325,35,0,0,0,0,0,0,0,1,0,0,0,0,0,0,0,0,0,0,21684680,0,23801420,205427,0,0,0,0,0,0,0,0,16384,0,0,0,0,0,0,0,0,0,0,0,4539,115,0,0,0,0,0,23980856,0,72,0,16,115,4539,0,0,0,0,0,0,0,0,0,0,0,0,0,0,0,0,0,0,0,0,0,0,0,0,0,0,0,0,0,0,0,0,0,0,0,0,0,0,0,0,0,0,0,0,0,0,0,0,0,0,0,0,0,0,165628399,0,0,0,869402686,0,0,0,0,0,0,0,22203742,24553749,191257276,194298696704,19070594,0,0,0,0,0,0,0,0,0,0,0,0,0,0,0,0,0,0,0,0,0,0,0,0,0,0,0,0,0,0,0,151,0,0,0,0,0,0,0
1787686948.429,0,0,0,0,0,0,0,681707815,379683867136,676657103872,0,0,0,0,0,0,0,0,0,0,0,0,0,0,0,0,0,0,0,0,0,0,0,0,0,0,0,0,0,0,0,0,0,0,0,0,0,0,0,0,0,0,0,0,0,0,0,0,0,0,0,0,0,0,0,0,0,0,0,0,7,6206537,23194359,23890277,0,0,0,0,0,0,0,0,0,0,0,0,0,0,0,0,0,0,0,0,0,0,0,0,0,0,0,0,0,0,0,0,0,0,0,0,0,51476103168,14144929792,3141852,863338,23804772,3492,0,384,3145728,20075405,3111910,147,3124345082,51539607552,0,1070260851,0,0,0,0,0,0,0,0,0,0,0,0,0,0,0,0,0,0,7891368,407462126,0,468,1204,7863,623,15782899,35,0,0,0,0,0,0,0,1,0,0,0,0,0,0,0,0,0,0,21685677,0,23804475,205460,0,0,0,0,0,0,0,0,16384,0,0,0,0,0,0,0,0,0,0,0,4540,115,0,0,0,0,0,23983241,0,72,0,16,115,4540,0,0,0,0,0,0,0,0,0,0,0,0,0,0,0,0,0,0,0,0,0,0,0,0,0,0,0,0,0,0,0,0,0,0,0,0,0,0,0,0,0,0,0,0,0,0,0,0,0,0,0,0,0,0,165630701,0,0,0,869416254,0,0,0,0,0,0,0,22205580,24563048,191262666,194302018048,19072015,0,0,0,0,0,0,0,0,0,0,0,0,0,0,0,0,0,0,0,0,0,0,0,0,0,0,0,0,0,0,0,69,0,0,0,0,0,0,0
1787686949.498,0,0,0,0,0,0,0,681735911,379836320256,676711312384,0,0,0,0,0,0,0,0,0,0,0,0,0,0,0,0,0,0,0,0,0,0,0,0,0,0,0,0,0,0,0,0,0,0,0,0,0,0,0,0,0,0,0,0,0,0,0,0,0,0,0,0,0,0,0,0,0,0,0,0,7,6206605,23203664,23893281,0,0,0,0,0,0,0,0,0,0,0,0,0,0,0,0,0,0,0,0,0,0,0,0,0,0,0,0,0,0,0,0,0,0,0,0,0,51486130176,14147993600,3142463,863525,23807776,2880,0,385,3145728,20084711,3111910,147,3124486375,51539607552,0,1070283252,0,0,0,0,0,0,0,0,0,0,0,0,0,0,0,0,0,0,7892151,407462909,0,468,1204,7863,623,15784466,35,0,0,0,0,0,0,0,1,0,0,0,0,0,0,0,0,0,0,21686670,0,23807479,205492,0,0,0,0,0,0,0,0,16384,0,0,0,0,0,0,0,0,0,0,0,4541,115,0,0,0,0,0,23985615,0,72,0,16,115,4541,0,0,0,0,0,0,0,0,0,0,0,0,0,0,0,0,0,0,0,0,0,0,0,0,0,0,0,0,0,0,0,0,0,0,0,0,0,0,0,0,0,0,0,0,0,0,0,0,0,0,0,0,0,0,165632988,0,0,0,869429766,0,0,0,0,0,0,0,22207496,24572353,191267988,194305720320,19073496,0,0,0,0,0,0,0,0,0,0,0,0,0,0,0,0,0,0,0,0,0,0,0,0,0,0,0,0,0,0,0,36,0,0,0,0,0,0,0
1787686950.568,0,0,0,0,0,0,0,681764156,379989264896,676765003776,0,0,0,0,0,0,0,0,0,0,0,0,0,0,0,0,0,0,0,0,0,0,0,0,0,0,0,0,0,0,0,0,0,0,0,0,0,0,0,0,0,0,0,0,0,0,0,0,0,0,0,0,0,0,0,0,0,0,0,0,7,6206666,23213003,23896281,0,0,0,0,0,0,0,0,0,0,0,0,0,0,0,0,0,0,0,0,0,0,0,0,0,0,0,0,0,0,0,0,0,0,0,0,0,51497304064,14150811648,3143146,863697,23810776,2198,0,384,3145728,20094046,3111910,147,3124627982,51539607552,0,1070305084,0,0,0,0,0,0,0,0,0,0,0,0,0,0,0,0,0,0,7892941,407463699,0,468,1204,7863,623,15786047,35,0,0,0,0,0,0,0,1,0,0,0,0,0,0,0,0,0,0,21687674,0,23810479,205525,0,0,0,0,0,0,0,0,16384,0,0,0,0,0,0,0,0,0,0,0,4542,115,0,0,0,0,0,23988016,0,72,0,16,115,4542,0,0,0,0,0,0,0,0,0,0,0,0,0,0,0,0,0,0,0,0,0,0,0,0,0,0,0,0,0,0,0,0,0,0,0,0,0,0,0,0,0,0,0,0,0,0,0,0,0,0,0,0,0,0,165635288,0,0,0,869443085,0,0,0,0,0,0,0,22209410,24581689,191273321,194309058048,19074937,0,0,0,0,0,0,0,0,0,0,0,0,0,0,0,0,0,0,0,0,0,0,0,0,0,0,0,0,0,0,0,249,0,0,0,0,0,0,0
1787686951.638,0,0,0,0,0,0,0,681791929,380141324800,676819244032,0,0,0,0,0,0,0,0,0,0,0,0,0,0,0,0,0,0,0,0,0,0,0,0,0,0,0,0,0,0,0,0,0,0,0,0,0,0,0,0,0,0,0,0,0,0,0,0,0,0,0,0,0,0,0,0,0,0,0,0,7,6206720,23222283,23899315,0,0,0,0,0,0,0,0,0,0,0,0,0,0,0,0,0,0,0,0,0,0,0,0,0,0,0,0,0,0,0,0,0,0,0,0,0,51506135040,14151974912,3143685,863768,23813810,1659,0,384,3145728,20103323,3111910,147,3124767989,51539607552,0,1070326988,0,0,0,0,0,0,0,0,0,0,0,0,0,0,0,0,0,0,7893719,407464477,0,468,1204,7863,623,15787603,35,0,0,0,0,0,0,0,1,0,0,0,0,0,0,0,0,0,0,21688656,0,23813513,205557,0,0,0,0,0,0,0,0,16384,0,0,0,0,0,0,0,0,0,0,0,4543,115,0,0,0,0,0,23990375,0,72,0,16,115,4543,0,0,0,0,0,0,0,0,0,0,0,0,0,0,0,0,0,0,0,0,0,0,0,0,0,0,0,0,0,0,0,0,0,0,0,0,0,0,0,0,0,0,0,0,0,0,0,0,0,0,0,0,0,0,165637560,0,0,0,869456484,0,0,0,0,0,0,0,22211255,24590970,191278657,194312372224,19076299,0,0,0,0,0,0,0,0,0,0,0,0,0,0,0,0,0,0,0,0,0,0,0,0,0,0,0,0,0,0,0,181,0,0,0,0,0,0,0
1787686952.707,0,0,0,0,0,0,0,681819734,380292991488,676873226240,0,0,0,0,0,0,0,0,0,0,0,0,0,0,0,0,0,0,0,0,0,0,0,0,0,0,0,0,0,0,0,0,0,0,0,0,0,0,0,0,0,0,0,0,0,0,0,0,0,0,0,0,0,0,0,0,0,0,0,0,7,6206777,23231547,23902328,0,0,0,0,0,0,0,0,0,0,0,0,0,0,0,0,0,0,0,0,0,0,0,0,0,0,0,0,0,0,0,0,0,0,0,0,0,51516833792,14153203712,3144338,863843,23816823,1006,0,384,3145728,20112586,3111910,147,3124908181,51539607552,0,1070348974,0,0,0,0,0,0,0,0,0,0,0,0,0,0,0,0,0,0,7894499,407465257,0,468,1204,7863,623,15789161,35,0,0,0,0,0,0,0,1,0,0,0,0,0,0,0,0,0,0,21689639,0,23816526,205589,0,0,0,0,0,0,0,0,16384,0,0,0,0,0,0,0,0,0,0,0,4544,115,0,0,0,0,0,23992748,0,72,0,16,115,4544,0,0,0,0,0,0,0,0,0,0,0,0,0,0,0,0,0,0,0,0,0,0,0,0,0,0,0,0,0,0,0,0,0,0,0,0,0,0,0,0,0,0,0,0,0,0,0,0,0,0,0,0,0,0,165639841,0,0,0,869469935,0,0,0,0,0,0,0,22213041,24600228,191283982,194315759104,19077650,0,0,0,0,0,0,0,0,0,0,0,0,0,0,0,0,0,0,0,0,0,0,0,0,0,0,0,0,0,0,0,98,0,0,0,0,0,0,0
1787686953.776,0,0,0,0,0,0,0,681847551,380445149696,676927252480,0,0,0,0,0,0,0,0,0,0,0,0,0,0,0,0,0,0,0,0,0,0,0,0,0,0,0,0,0,0,0,0,0,0,0,0,0,0,0,0,0,0,0,0,0,0,0,0,0,0,0,0,0,0,0,0,0,0,0,0,7,6206845,23240837,23905327,0,0,0,0,0,0,0,0,0,0,0,0,0,0,0,0,0,0,0,0,0,0,0,0,0,0,0,0,0,0,0,0,0,0,0,0,0,51527991296,14155186176,3145019,863964,23819822,325,0,385,3145728,20121873,3111910,147,3125048703,51539607552,0,1070371196,0,0,0,0,0,0,0,0,0,0,0,0,0,0,0,0,0,0,7895278,407466036,0,468,1204,7863,623,15790719,35,0,0,0,0,0,0,0,1,0,0,0,0,0,0,0,0,0,0,21690625,0,23819525,205622,0,0,0,0,0,0,0,0,16384,0,0,0,0,0,0,0,0,0,0,0,4545,115,0,0,0,0,0,23995119,0,72,0,16,115,4545,0,0,0,0,0,0,0,0,0,0,0,0,0,0,0,0,0,0,0,0,0,0,0,0,0,0,0,0,0,0,0,0,0,0,0,0,0,0,0,0,0,0,0,0,0,0,0,0,0,0,0,0,0,0,165642177,0,0,0,869483356,0,0,0,0,0,0,0,22214940,24609512,191289345,194319289856,19079053,0,0,0,0,0,0,0,0,0,0,0,0,0,0,0,0,0,0,0,0,0,0,0,0,0,0,0,0,0,0,0,35,0,0,0,0,0,0,0
1787686954.850,0,0,0,0,0,0,0,681874953,380593031680,676979644416,0,0,0,0,0,0,0,0,0,0,0,0,0,0,0,0,0,0,0,0,0,0,0,0,0,0,0,0,0,0,0,0,0,0,0,0,0,0,0,0,0,0,0,0,0,0,0,0,0,0,0,0,0,0,0,0,0,0,0,0,7,6206895,23249865,23908258,0,0,0,0,0,0,0,0,0,0,0,0,0,0,0,0,0,0,0,0,0,0,0,0,0,0,0,0,0,0,0,0,0,0,0,0,0,51532447744,14156890112,3145291,864068,23822753,53,0,384,3145728,20130901,3111910,147,3125185742,51539607552,0,1070392250,0,0,0,0,0,0,0,0,0,0,0,0,0,0,0,0,0,0,7896043,407466801,0,468,1204,7863,623,15792252,35,0,0,0,0,0,0,0,1,0,0,0,0,0,0,0,0,0,0,21691600,0,23822456,205654,0,0,0,0,0,0,0,0,16384,0,0,0,0,0,0,0,0,0,0,0,4547,115,0,0,0,0,0,23997450,0,72,0,16,115,4547,0,0,0,0,0,0,0,0,0,0,0,0,0,0,0,0,0,0,0,0,0,0,0,0,0,0,0,0,0,0,0,0,0,0,0,0,0,0,0,0,0,0,0,0,0,0,0,0,0,0,0,0,0,0,165644474,0,0,0,869496266,0,0,0,0,0,0,0,22216766,24618539,191294607,194322451968,19080459,0,0,0,0,0,0,0,0,0,0,0,0,0,0,0,0,0,0,0,0,0,0,0,0,0,0,0,0,0,0,0,256,0,0,0,0,0,0,0
1787686955.919,0,0,0,0,0,0,0,681901829,380739029504,677075793920,0,0,0,0,0,0,0,0,0,0,0,0,0,0,0,0,0,0,0,0,0,0,0,0,0,0,0,0,0,0,0,0,0,0,0,0,0,0,0,0,0,0,0,0,0,0,0,0,0,0,0,0,0,0,0,0,0,0,0,0,7,6206942,23258779,23913584,0,0,0,0,0,0,0,0,0,0,0,0,0,0,0,0,0,0,0,0,0,0,0,0,0,0,0,0,0,0,0,0,0,0,0,0,0,51400933376,14118846464,3137264,861746,23825737,8080,0,384,3145728,20139812,3111910,147,3125321260,51539607552,0,1070413419,0,0,0,0,0,0,0,0,0,0,0,0,0,0,0,0,0,0,7896798,407467556,0,468,1204,7863,623,15793759,35,0,0,0,0,0,0,0,1,0,0,0,0,0,0,0,0,0,0,21692558,0,23827484,205710,0,0,0,0,0,0,0,0,16384,0,0,0,0,0,0,0,0,0,0,0,4548,115,0,0,0,0,0,23999738,0,72,0,16,115,4548,0,0,0,0,0,0,0,0,0,0,0,0,0,0,0,0,0,0,0,0,0,0,0,0,0,0,0,0,0,0,0,0,0,0,0,0,0,0,0,0,0,0,0,0,0,0,0,0,0,0,0,0,0,0,165646767,0,0,0,869509290,0,0,0,0,0,0,0,22218876,24627450,191302563,194325643776,19081812,1,0,0,0,0,0,0,0,0,0,0,0,0,0,0,0,0,0,0,0,0,0,0,0,0,0,0,0,0,0,0,168,0,0,0,0,0,0,0
1787686956.989,0,0,0,0,0,0,0,681929526,380890909184,677136745984,0,0,0,0,0,0,0,0,0,0,0,0,0,0,0,0,0,0,0,0,0,0,0,0,0,0,0,0,0,0,0,0,0,0,0,0,0,0,0,0,0,0,0,0,0,0,0,0,0,0,0,0,0,0,0,0,0,0,0,0,7,6206996,23268050,23917295,0,0,0,0,0,0,0,0,0,0,0,0,0,0,0,0,0,0,0,0,0,0,0,0,0,0,0,0,0,0,0,0,0,0,0,0,0,51411566592,14108311552,3137913,861103,23831790,7431,0,384,3145728,20149082,3111910,147,3125460868,51539607552,0,1070435100,0,0,0,0,0,0,0,0,0,0,0,0,0,0,0,0,0,0,7897575,407468333,0,468,1204,7863,623,15795313,35,0,0,0,0,0,0,0,1,0,0,0,0,0,0,0,0,0,0,21693540,0,23831493,205754,0,0,0,0,0,0,0,0,16384,0,0,0,0,0,0,0,0,0,0,0,4549,115,0,0,0,0,0,24002093,0,72,0,16,115,4549,0,0,0,0,0,0,0,0,0,0,0,0,0,0,0,0,0,0,0,0,0,0,0,0,0,0,0,0,0,0,0,0,0,0,0,0,0,0,0,0,0,0,0,0,0,0,0,0,0,0,0,0,0,0,165649048,0,0,0,869522659,0,0,0,0,0,0,0,22221054,24636721,191308315,194329071616,19083267,0,0,0,0,0,0,0,0,0,0,0,0,0,0,0,0,0,0,0,0,0,0,0,0,0,0,0,0,0,0,0,118,0,0,0,0,0,0,0
1787686958.058,0,0,0,0,0,0,0,681957489,381043149312,677190029824,0,0,0,0,0,0,0,0,0,0,0,0,0,0,0,0,0,0,0,0,0,0,0,0,0,0,0,0,0,0,0,0,0,0,0,0,0,0,0,0,0,0,0,0,0,0,0,0,0,0,0,0,0,0,0,0,0,0,0,0,7,6207043,23277342,23920253,0,0,0,0,0,0,0,0,0,0,0,0,0,0,0,0,0,0,0,0,0,0,0,0,0,0,0,0,0,0,0,0,0,0,0,0,0,51421806592,14111375360,3138538,861290,23834748,6806,0,384,3145728,20158371,3111910,147,3125601868,51539607552,0,1070457415,0,0,0,0,0,0,0,0,0,0,0,0,0,0,0,0,0,0,7898355,407469113,0,468,1204,7863,623,15796873,35,0,0,0,0,0,0,0,1,0,0,0,0,0,0,0,0,0,0,21694523,0,23834451,205787,0,0,0,0,0,0,0,0,16384,0,0,0,0,0,0,0,0,0,0,0,4550,115,0,0,0,0,0,24004469,0,72,0,16,115,4550,0,0,0,0,0,0,0,0,0,0,0,0,0,0,0,0,0,0,0,0,0,0,0,0,0,0,0,0,0,0,0,0,0,0,0,0,0,0,0,0,0,0,0,0,0,0,0,0,0,0,0,0,0,0,165651372,0,0,0,869536123,0,0,0,0,0,0,0,22223014,24646011,191313629,194332604928,19084780,0,0,0,0,0,0,0,0,0,0,0,0,0,0,0,0,0,0,0,0,0,0,0,0,0,0,0,0,0,0,0,49,0,0,0,0,0,0,0
1787686959.127,0,0,0,0,0,0,0,681985325,381194865152,677243182592,0,0,0,0,0,0,0,0,0,0,0,0,0,0,0,0,0,0,0,0,0,0,0,0,0,0,0,0,0,0,0,0,0,0,0,0,0,0,0,0,0,0,0,0,0,0,0,0,0,0,0,0,0,0,0,0,0,0,0,0,7,6207099,23286602,23923231,0,0,0,0,0,0,0,0,0,0,0,0,0,0,0,0,0,0,0,0,0,0,0,0,0,0,0,0,0,0,0,0,0,0,0,0,0,51430735872,14114635776,3139083,861489,23837726,6261,0,384,3145728,20167629,3111910,147,3125741165,51539607552,0,1070478838,0,0,0,0,0,0,0,0,0,0,0,0,0,0,0,0,0,0,7899134,407469892,0,468,1204,7863,623,15798432,35,0,0,0,0,0,0,0,1,0,0,0,0,0,0,0,0,0,0,21695506,0,23837429,205819,0,0,0,0,0,0,0,0,16384,0,0,0,0,0,0,0,0,0,0,0,4551,115,0,0,0,0,0,24006838,0,72,0,16,115,4551,0,0,0,0,0,0,0,0,0,0,0,0,0,0,0,0,0,0,0,0,0,0,0,0,0,0,0,0,0,0,0,0,0,0,0,0,0,0,0,0,0,0,0,0,0,0,0,0,0,0,0,0,0,0,165653664,0,0,0,869549265,0,0,0,0,0,0,0,22224845,24655269,191318929,194335785472,19086189,0,0,0,0,0,0,0,0,0,0,0,0,0,0,0,0,0,0,0,0,0,0,0,0,0,0,0,0,0,0,0,248,0,0,0,0,0,0,0
1787686960.197,0,0,0,0,0,0,0,682013039,381345958400,677295861248,0,0,0,0,0,0,0,0,0,0,0,0,0,0,0,0,0,0,0,0,0,0,0,0,0,0,0,0,0,0,0,0,0,0,0,0,0,0,0,0,0,0,0,0,0,0,0,0,0,0,0,0,0,0,0,0,0,0,0,0,7,6207146,23295826,23926179,0,0,0,0,0,0,0,0,0,0,0,0,0,0,0,0,0,0,0,0,0,0,0,0,0,0,0,0,0,0,0,0,0,0,0,0,0,51440746496,14116618240,3139694,861610,23840674,5650,0,384,3145728,20176852,3111910,147,3125880788,51539607552,0,1070500576,0,0,0,0,0,0,0,0,0,0,0,0,0,0,0,0,0,0,7899911,407470669,0,468,1204,7863,623,15799987,35,0,0,0,0,0,0,0,1,0,0,0,0,0,0,0,0,0,0,21696486,0,23840377,205851,0,0,0,0,0,0,0,0,16384,0,0,0,0,0,0,0,0,0,0,0,4552,115,0,0,0,0,0,24009203,0,72,0,16,115,4552,0,0,0,0,0,0,0,0,0,0,0,0,0,0,0,0,0,0,0,0,0,0,0,0,0,0,0,0,0,0,0,0,0,0,0,0,0,0,0,0,0,0,0,0,0,0,0,0,0,0,0,0,0,0,165655928,0,0,0,869562680,0,0,0,0,0,0,0,22226683,24664492,191324171,194338958336,19087530,0,0,0,0,0,0,0,0,0,0,0,0,0,0,0,0,0,0,0,0,0,0,0,0,0,0,0,0,0,0,0,155,0,0,0,0,0,0,0
1787686961.267,0,0,0,0,0,0,0,682040557,381498542592,677349904896,0,0,0,0,0,0,0,0,0,0,0,0,0,0,0,0,0,0,0,0,0,0,0,0,0,0,0,0,0,0,0,0,0,0,0,0,0,0,0,0,0,0,0,0,0,0,0,0,0,0,0,0,0,0,0,0,0,0,0,0,7,6207195,23305141,23929200,0,0,0,0,0,0,0,0,0,0,0,0,0,0,0,0,0,0,0,0,0,0,0,0,0,0,0,0,0,0,0,0,0,0,0,0,0,51450707968,14117388288,3140302,861657,23843695,5042,0,384,3145728,20186166,3111910,147,3126019649,51539607552,0,1070522320,0,0,0,0,0,0,0,0,0,0,0,0,0,0,0,0,0,0,7900681,407471438,0,468,1204,7863,623,15801528,35,0,0,0,0,0,0,0,1,0,0,0,0,0,0,0,0,0,0,21697461,0,23843398,205883,0,0,0,0,0,0,0,0,16384,0,0,0,0,0,0,0,0,0,0,0,4553,115,0,0,0,0,0,24011545,0,72,0,16,115,4553,0,0,0,0,0,0,0,0,0,0,0,0,0,0,0,0,0,0,0,0,0,0,0,0,0,0,0,0,0,0,0,0,0,0,0,0,0,0,0,0,0,0,0,0,0,0,0,0,0,0,0,0,0,0,165658211,0,0,0,869575942,0,0,0,0,0,0,0,22228481,24673803,191329506,194342320640,19088910,0,0,0,0,0,0,0,0,0,0,0,0,0,0,0,0,0,0,0,0,0,0,0,0,0,0,0,0,0,0,0,99,0,0,0,0,0,0,0
1787686962.336,0,0,0,0,0,0,0,682068624,381651585536,677403228160,0,0,0,0,0,0,0,0,0,0,0,0,0,0,0,0,0,0,0,0,0,0,0,0,0,0,0,0,0,0,0,0,0,0,0,0,0,0,0,0,0,0,0,0,0,0,0,0,0,0,0,0,0,0,0,0,0,0,0,0,7,6207248,23314486,23932181,0,0,0,0,0,0,0,0,0,0,0,0,0,0,0,0,0,0,0,0,0,0,0,0,0,0,0,0,0,0,0,0,0,0,0,0,0,51463028736,14119550976,3141054,861789,23846676,4290,0,384,3145728,20195511,3111910,147,3126161180,51539607552,0,1070544549,0,0,0,0,0,0,0,0,0,0,0,0,0,0,0,0,0,0,7901468,407472226,0,468,1204,7863,623,15803099,35,0,0,0,0,0,0,0,1,0,0,0,0,0,0,0,0,0,0,21698458,0,23846379,205915,0,0,0,0,0,0,0,0,16384,0,0,0,0,0,0,0,0,0,0,0,4554,115,0,0,0,0,0,24013944,0,72,0,16,115,4554,0,0,0,0,0,0,0,0,0,0,0,0,0,0,0,0,0,0,0,0,0,0,0,0,0,0,0,0,0,0,0,0,0,0,0,0,0,0,0,0,0,0,0,0,0,0,0,0,0,0,0,0,0,0,165660528,0,0,0,869589467,0,0,0,0,0,0,0,22230296,24683145,191334838,194345662464,19090303,0,0,0,0,0,0,0,0,0,0,0,0,0,0,0,0,0,0,0,0,0,0,0,0,0,0,0,0,0,0,0,53,0,0,0,0,0,0,0
1787686963.413,0,0,0,0,0,0,0,682096376,381802940928,677456437760,0,0,0,0,0,0,0,0,0,0,0,0,0,0,0,0,0,0,0,0,0,0,0,0,0,0,0,0,0,0,0,0,0,0,0,0,0,0,0,0,0,0,0,0,0,0,0,0,0,0,0,0,0,0,0,0,0,0,0,0,7,6207313,23323724,23935158,0,0,0,0,0,0,0,0,0,0,0,0,0,0,0,0,0,0,0,0,0,0,0,0,0,0,0,0,0,0,0,0,0,0,0,0,0,51473596416,14121926656,3141699,861934,23849653,3645,0,384,3145728,20204747,3111910,147,3126299849,51539607552,0,1070565871,0,0,0,0,0,0,0,0,0,0,0,0,0,0,0,0,0,0,7902244,407473002,0,468,1204,7863,623,15804651,35,0,0,0,0,0,0,0,1,0,0,0,0,0,0,0,0,0,0,21699435,0,23849356,205947,0,0,0,0,0,0,0,0,16384,0,0,0,0,0,0,0,0,0,0,0,4555,115,0,0,0,0,0,24016319,0,72,0,16,115,4555,0,0,0,0,0,0,0,0,0,0,0,0,0,0,0,0,0,0,0,0,0,0,0,0,0,0,0,0,0,0,0,0,0,0,0,0,0,0,0,0,0,0,0,0,0,0,0,0,0,0,0,0,0,0,165662787,0,0,0,869602585,0,0,0,0,0,0,0,22232090,24692382,191340107,194348973568,19091649,0,0,0,0,0,0,0,0,0,0,0,0,0,0,0,0,0,0,0,0,0,0,0,0,0,0,0,0,0,0,0,238,0,0,0,0,0,0,0
1787686964.483,0,0,0,0,0,0,0,682124024,381953722880,677510996480,0,0,0,0,0,0,0,0,0,0,0,0,0,0,0,0,0,0,0,0,0,0,0,0,0,0,0,0,0,0,0,0,0,0,0,0,0,0,0,0,0,0,0,0,0,0,0,0,0,0,0,0,0,0,0,0,0,0,0,0,7,6207371,23332929,23938197,0,0,0,0,0,0,0,0,0,0,0,0,0,0,0,0,0,0,0,0,0,0,0,0,0,0,0,0,0,0,0,0,0,0,0,0,0,51482542080,14122483712,3142245,861968,23852692,3098,0,385,3145728,20213950,3111910,147,3126439664,51539607552,0,1070588283,0,0,0,0,0,0,0,0,0,0,0,0,0,0,0,0,0,0,7903017,407473775,0,468,1204,7863,623,15806197,35,0,0,0,0,0,0,0,1,0,0,0,0,0,0,0,0,0,0,21700407,0,23852395,205980,0,0,0,0,0,0,0,0,16384,0,0,0,0,0,0,0,0,0,0,0,4556,115,0,0,0,0,0,24018679,0,72,0,16,115,4556,0,0,0,0,0,0,0,0,0,0,0,0,0,0,0,0,0,0,0,0,0,0,0,0,0,0,0,0,0,0,0,0,0,0,0,0,0,0,0,0,0,0,0,0,0,0,0,0,0,0,0,0,0,0,165665136,0,0,0,869615963,0,0,0,0,0,0,0,22233987,24701586,191345527,194352604672,19093095,0,0,0,0,0,0,0,0,0,0,0,0,0,0,0,0,0,0,0,0,0,0,0,0,0,0,0,0,0,0,0,133,0,0,0,0,0,0,0
1787686965.552,0,0,0,0,0,0,0,682151580,382104062464,677563700736,0,0,0,0,0,0,0,0,0,0,0,0,0,0,0,0,0,0,0,0,0,0,0,0,0,0,0,0,0,0,0,0,0,0,0,0,0,0,0,0,0,0,0,0,0,0,0,0,0,0,0,0,0,0,0,0,0,0,0,0,7,6207429,23342112,23941135,0,0,0,0,0,0,0,0,0,0,0,0,0,0,0,0,0,0,0,0,0,0,0,0,0,0,0,0,0,0,0,0,0,0,0,0,0,51492356096,14124433408,3142844,862087,23855630,2500,0,384,3145728,20223130,3111910,147,3126578401,51539607552,0,1070609968,0,0,0,0,0,0,0,0,0,0,0,0,0,0,0,0,0,0,7903788,407474546,0,468,1204,7863,623,15807739,35,0,0,0,0,0,0,0,1,0,0,0,0,0,0,0,0,0,0,21701385,0,23855333,206012,0,0,0,0,0,0,0,0,16384,0,0,0,0,0,0,0,0,0,0,0,4557,115,0,0,0,0,0,24021015,0,72,0,16,115,4557,0,0,0,0,0,0,0,0,0,0,0,0,0,0,0,0,0,0,0,0,0,0,0,0,0,0,0,0,0,0,0,0,0,0,0,0,0,0,0,0,0,0,0,0,0,0,0,0,0,0,0,0,0,0,165667370,0,0,0,869629249,0,0,0,0,0,0,0,22235948,24710762,191350731,194355956224,19094604,0,0,0,0,0,0,0,0,0,0,0,0,0,0,0,0,0,0,0,0,0,0,0,0,0,0,0,0,0,0,0,64,0,0,0,0,0,0,0
1787686966.621,0,0,0,0,0,0,0,682179529,382256613888,677617102336,0,0,0,0,0,0,0,0,0,0,0,0,0,0,0,0,0,0,0,0,0,0,0,0,0,0,0,0,0,0,0,0,0,0,0,0,0,0,0,0,0,0,0,0,0,0,0,0,0,0,0,0,0,0,0,0,0,0,0,0,7,6207478,23351424,23944115,0,0,0,0,0,0,0,0,0,0,0,0,0,0,0,0,0,0,0,0,0,0,0,0,0,0,0,0,0,0,0,0,0,0,0,0,0,51504283648,14126268416,3143572,862199,23858610,1772,0,384,3145728,20232441,3111910,147,3126718341,51539607552,0,1070631653,0,0,0,0,0,0,0,0,0,0,0,0,0,0,0,0,0,0,7904571,407475329,0,468,1204,7863,623,15809305,35,0,0,0,0,0,0,0,1,0,0,0,0,0,0,0,0,0,0,21702368,0,23858313,206045,0,0,0,0,0,0,0,0,16384,0,0,0,0,0,0,0,0,0,0,0,4558,115,0,0,0,0,0,24023405,0,72,0,16,115,4558,0,0,0,0,0,0,0,0,0,0,0,0,0,0,0,0,0,0,0,0,0,0,0,0,0,0,0,0,0,0,0,0,0,0,0,0,0,0,0,0,0,0,0,0,0,0,0,0,0,0,0,0,0,0,165669629,0,0,0,869642487,0,0,0,0,0,0,0,22237975,24720075,191356002,194359352832,19096146,0,0,0,0,0,0,0,0,0,0,0,0,0,0,0,0,0,0,0,0,0,0,0,0,0,0,0,0,0,0,0,249,0,0,0,0,0,0,0
1787686967.690,0,0,0,0,0,0,0,682207345,382406134272,677668976640,0,0,0,0,0,0,0,0,0,0,0,0,0,0,0,0,0,0,0,0,0,0,0,0,0,0,0,0,0,0,0,0,0,0,0,0,0,0,0,0,0,0,0,0,0,0,0,0,0,0,0,0,0,0,0,0,0,0,0,0,7,6207532,23360554,23947022,0,0,0,0,0,0,0,0,0,0,0,0,0,0,0,0,0,0,0,0,0,0,0,0,0,0,0,0,0,0,0,0,0,0,0,0,0,51511427072,14129364992,3144008,862388,23861517,1336,0,384,3145728,20241569,3111910,147,3126858378,51539607552,0,1070653636,0,0,0,0,0,0,0,0,0,0,0,0,0,0,0,0,0,0,7905348,407476105,0,468,1204,7863,623,15810859,35,0,0,0,0,0,0,0,1,0,0,0,0,0,0,0,0,0,0,21703349,0,23861220,206070,0,0,0,0,0,0,0,0,16384,0,0,0,0,0,0,0,0,0,0,0,4559,115,0,0,0,0,0,24025757,0,72,0,16,115,4559,0,0,0,0,0,0,0,0,0,0,0,0,0,0,0,0,0,0,0,0,0,0,0,0,0,0,0,0,0,0,0,0,0,0,0,0,0,0,0,0,0,0,0,0,0,0,0,0,0,0,0,0,0,0,165671871,0,0,0,869655883,0,0,0,0,0,0,0,22239820,24729198,191361174,194362574848,19097557,0,0,0,0,0,0,0,0,0,0,0,0,0,0,0,0,0,0,0,0,0,0,0,0,0,0,0,0,0,0,0,176,0,0,0,0,0,0,0
1787686968.759,0,0,0,0,0,0,0,682234986,382557522432,677721513472,0,0,0,0,0,0,0,0,0,0,0,0,0,0,0,0,0,0,0,0,0,0,0,0,0,0,0,0,0,0,0,0,0,0,0,0,0,0,0,0,0,0,0,0,0,0,0,0,0,0,0,0,0,0,0,0,0,0,0,0,7,6207591,23369798,23949943,0,0,0,0,0,0,0,0,0,0,0,0,0,0,0,0,0,0,0,0,0,0,0,0,0,0,0,0,0,0,0,0,0,0,0,0,0,51524157440,14131249152,3144785,862503,23864438,559,0,384,3145728,20250813,3111910,147,3126997966,51539607552,0,1070675676,0,0,0,0,0,0,0,0,0,0,0,0,0,0,0,0,0,0,7906120,407476878,0,468,1204,7863,623,15812403,35,0,0,0,0,0,0,0,1,0,0,0,0,0,0,0,0,0,0,21704330,0,23864141,206102,0,0,0,0,0,0,0,0,16384,0,0,0,0,0,0,0,0,0,0,0,4560,115,0,0,0,0,0,24028112,0,72,0,16,115,4560,0,0,0,0,0,0,0,0,0,0,0,0,0,0,0,0,0,0,0,0,0,0,0,0,0,0,0,0,0,0,0,0,0,0,0,0,0,0,0,0,0,0,0,0,0,0,0,0,0,0,0,0,0,0,165674173,0,0,0,869669199,0,0,0,0,0,0,0,22241731,24738440,191366429,194366059008,19099023,0,0,0,0,0,0,0,0,0,0,0,0,0,0,0,0,0,0,0,0,0,0,0,0,0,0,0,0,0,0,0,113,0,0,0,0,0,0,0
1787686969.829,0,0,0,0,0,0,0,682263024,382709664256,677774264320,0,0,0,0,0,0,0,0,0,0,0,0,0,0,0,0,0,0,0,0,0,0,0,0,0,0,0,0,0,0,0,0,0,0,0,0,0,0,0,0,0,0,0,0,0,0,0,0,0,0,0,0,0,0,0,0,0,0,0,0,7,6207642,23379084,23952868,0,0,0,0,0,0,0,0,0,0,0,0,0,0,0,0,0,0,0,0,0,0,0,0,0,0,0,0,0,0,0,0,0,0,0,0,0,51532759040,14134296576,3145310,862689,23867363,34,0,384,3145728,20260096,3111910,147,3127139432,51539607552,0,1070697982,0,0,0,0,0,0,0,0,0,0,0,0,0,0,0,0,0,0,7906906,407477664,0,468,1204,7863,623,15813975,35,0,0,0,0,0,0,0,1,0,0,0,0,0,0,0,0,0,0,21705319,0,23867066,206127,0,0,0,0,0,0,0,0,16384,0,0,0,0,0,0,0,0,0,0,0,4562,115,0,0,0,0,0,24030516,0,72,0,16,115,4562,0,0,0,0,0,0,0,0,0,0,0,0,0,0,0,0,0,0,0,0,0,0,0,0,0,0,0,0,0,0,0,0,0,0,0,0,0,0,0,0,0,0,0,0,0,0,0,0,0,0,0,0,0,0,165676517,0,0,0,869682749,0,0,0,0,0,0,0,22243616,24747726,191371723,194369619456,19100483,0,0,0,0,0,0,0,0,0,0,0,0,0,0,0,0,0,0,0,0,0,0,0,0,0,0,0,0,0,0,0,39,0,0,0,0,0,0,0
1787686970.898,0,0,0,0,0,0,0,682290326,382858955264,677849001984,0,0,0,0,0,0,0,0,0,0,0,0,0,0,0,0,0,0,0,0,0,0,0,0,0,0,0,0,0,0,0,0,0,0,0,0,0,0,0,0,0,0,0,0,0,0,0,0,0,0,0,0,0,0,0,0,0,0,0,0,7,6207703,23388200,23956903,0,0,0,0,0,0,0,0,0,0,0,0,0,0,0,0,0,0,0,0,0,0,0,0,0,0,0,0,0,0,0,0,0,0,0,0,0,51400310784,14117650432,3137226,861673,23870311,8118,0,384,3145728,20269211,3111910,147,3127276329,51539607552,0,1070719477,0,0,0,0,0,0,0,0,0,0,0,0,0,0,0,0,0,0,7907666,407478424,0,468,1204,7863,623,15815495,35,0,0,0,0,0,0,0,1,0,0,0,0,0,0,0,0,0,0,21706279,0,23870778,206163,0,0,0,0,0,0,0,0,16384,0,0,0,0,0,0,0,0,0,0,0,4563,115,0,0,0,0,0,24032831,0,72,0,16,115,4563,0,0,0,0,0,0,0,0,0,0,0,0,0,0,0,0,0,0,0,0,0,0,0,0,0,0,0,0,0,0,0,0,0,0,0,0,0,0,0,0,0,0,0,0,0,0,0,0,0,0,0,0,0,0,165678800,0,0,0,869695629,0,0,0,0,0,0,0,22245507,24756839,191378337,194373196800,19101897,1,0,0,0,0,0,0,0,0,0,0,0,0,0,0,0,0,0,0,0,0,0,0,0,0,0,0,0,0,0,0,225,0,0,0,0,0,0,0
1787686971.967,0,0,0,0,0,0,0,682317805,383008557568,677929016832,0,0,0,0,0,0,0,0,0,0,0,0,0,0,0,0,0,0,0,0,0,0,0,0,0,0,0,0,0,0,0,0,0,0,0,0,0,0,0,0,0,0,0,0,0,0,0,0,0,0,0,0,0,0,0,0,0,0,0,0,7,6207743,23397330,23961765,0,0,0,0,0,0,0,0,0,0,0,0,0,0,0,0,0,0,0,0,0,0,0,0,0,0,0,0,0,0,0,0,0,0,0,0,0,51407601664,14088241152,3137671,859878,23876260,7673,0,384,3145728,20278340,3111910,147,3127414711,51539607552,0,1070741009,0,0,0,0,0,0,0,0,0,0,0,0,0,0,0,0,0,0,7908439,407479197,0,468,1204,7863,623,15817041,35,0,0,0,0,0,0,0,1,0,0,0,0,0,0,0,0,0,0,21707255,0,23875963,206219,0,0,0,0,0,0,0,0,16384,0,0,0,0,0,0,0,0,0,0,0,4564,115,0,0,0,0,0,24035184,0,72,0,16,115,4564,0,0,0,0,0,0,0,0,0,0,0,0,0,0,0,0,0,0,0,0,0,0,0,0,0,0,0,0,0,0,0,0,0,0,0,0,0,0,0,0,0,0,0,0,0,0,0,0,0,0,0,0,0,0,165681076,0,0,0,869708979,0,0,0,0,0,0,0,22247694,24765970,191385270,194376441344,19103267,0,0,0,0,0,0,0,0,0,0,0,0,0,0,0,0,0,0,0,0,0,0,0,0,0,0,0,0,0,0,0,110,0,0,0,0,0,0,0
1787686973.037,0,0,0,0,0,0,0,682345725,383161108992,677982005760,0,0,0,0,0,0,0,0,0,0,0,0,0,0,0,0,0,0,0,0,0,0,0,0,0,0,0,0,0,0,0,0,0,0,0,0,0,0,0,0,0,0,0,0,0,0,0,0,0,0,0,0,0,0,0,0,0,0,0,0,7,6207798,23406644,23964720,0,0,0,0,0,0,0,0,0,0,0,0,0,0,0,0,0,0,0,0,0,0,0,0,0,0,0,0,0,0,0,0,0,0,0,0,0,51417645056,14090534912,3138284,860018,23879215,7060,0,384,3145728,20287653,3111910,147,3127555506,51539607552,0,1070763030,0,0,0,0,0,0,0,0,0,0,0,0,0,0,0,0,0,0,7909220,407479978,0,468,1204,7863,623,15818603,35,0,0,0,0,0,0,0,1,0,0,0,0,0,0,0,0,0,0,21708241,0,23878918,206251,0,0,0,0,0,0,0,0,16384,0,0,0,0,0,0,0,0,0,0,0,4565,115,0,0,0,0,0,24037550,0,72,0,16,115,4565,0,0,0,0,0,0,0,0,0,0,0,0,0,0,0,0,0,0,0,0,0,0,0,0,0,0,0,0,0,0,0,0,0,0,0,0,0,0,0,0,0,0,0,0,0,0,0,0,0,0,0,0,0,0,165683360,0,0,0,869722423,0,0,0,0,0,0,0,22249467,24775282,191390537,194379866112,19104638,0,0,0,0,0,0,0,0,0,0,0,0,0,0,0,0,0,0,0,0,0,0,0,0,0,0,0,0,0,0,0,75,0,0,0,0,0,0,0
1787686974.106,0,0,0,0,0,0,0,682373648,383312644608,678035471360,0,0,0,0,0,0,0,0,0,0,0,0,0,0,0,0,0,0,0,0,0,0,0,0,0,0,0,0,0,0,0,0,0,0,0,0,0,0,0,0,0,0,0,0,0,0,0,0,0,0,0,0,0,0,0,0,0,0,0,0,7,6207854,23415896,23967701,0,0,0,0,0,0,0,0,0,0,0,0,0,0,0,0,0,0,0,0,0,0,0,0,0,0,0,0,0,0,0,0,0,0,0,0,0,51428114432,14093516800,3138923,860200,23882196,6421,0,384,3145728,20296902,3111910,147,3127695262,51539607552,0,1070784909,0,0,0,0,0,0,0,0,0,0,0,0,0,0,0,0,0,0,7910000,407480758,0,468,1204,7863,623,15820163,35,0,0,0,0,0,0,0,1,0,0,0,0,0,0,0,0,0,0,21709227,0,23881899,206284,0,0,0,0,0,0,0,0,16384,0,0,0,0,0,0,0,0,0,0,0,4566,115,0,0,0,0,0,24039912,0,72,0,16,115,4566,0,0,0,0,0,0,0,0,0,0,0,0,0,0,0,0,0,0,0,0,0,0,0,0,0,0,0,0,0,0,0,0,0,0,0,0,0,0,0,0,0,0,0,0,0,0,0,0,0,0,0,0,0,0,165685739,0,0,0,869735597,0,0,0,0,0,0,0,22251306,24784531,191395930,194383422976,19106062,0,0,0,0,0,0,0,0,0,0,0,0,0,0,0,0,0,0,0,0,0,0,0,0,0,0,0,0,0,0,0,279,0,0,0,0,0,0,0
1787686975.176,0,0,0,0,0,0,0,682401489,383465327104,678087966208,0,0,0,0,0,0,0,0,0,0,0,0,0,0,0,0,0,0,0,0,0,0,0,0,0,0,0,0,0,0,0,0,0,0,0,0,0,0,0,0,0,0,0,0,0,0,0,0,0,0,0,0,0,0,0,0,0,0,0,0,7,6207916,23425216,23970619,0,0,0,0,0,0,0,0,0,0,0,0,0,0,0,0,0,0,0,0,0,0,0,0,0,0,0,0,0,0,0,0,0,0,0,0,0,51437977600,14097530880,3139525,860445,23885114,5819,0,384,3145728,20306222,3111910,147,3127835768,51539607552,0,1070807098,0,0,0,0,0,0,0,0,0,0,0,0,0,0,0,0,0,0,7910778,407481536,0,468,1204,7863,623,15821721,35,0,0,0,0,0,0,0,1,0,0,0,0,0,0,0,0,0,0,21710203,0,23884817,206316,0,0,0,0,0,0,0,0,16384,0,0,0,0,0,0,0,0,0,0,0,4567,115,0,0,0,0,0,24042270,0,72,0,16,115,4567,0,0,0,0,0,0,0,0,0,0,0,0,0,0,0,0,0,0,0,0,0,0,0,0,0,0,0,0,0,0,0,0,0,0,0,0,0,0,0,0,0,0,0,0,0,0,0,0,0,0,0,0,0,0,165688061,0,0,0,869749082,0,0,0,0,0,0,0,22253152,24793850,191401200,194386897408,19107517,0,0,0,0,0,0,0,0,0,0,0,0,0,0,0,0,0,0,0,0,0,0,0,0,0,0,0,0,0,0,0,161,0,0,0,0,0,0,0
1787686976.245,0,0,0,0,0,0,0,682428828,383616076288,678142062080,0,0,0,0,0,0,0,0,0,0,0,0,0,0,0,0,0,0,0,0,0,0,0,0,0,0,0,0,0,0,0,0,0,0,0,0,0,0,0,0,0,0,0,0,0,0,0,0,0,0,0,0,0,0,0,0,0,0,0,0,7,6207971,23434419,23973643,0,0,0,0,0,0,0,0,0,0,0,0,0,0,0,0,0,0,0,0,0,0,0,0,0,0,0,0,0,0,0,0,0,0,0,0,0,51448430592,14098104320,3140163,860480,23888138,5181,0,384,3145728,20315422,3111910,147,3127973846,51539607552,0,1070828889,0,0,0,0,0,0,0,0,0,0,0,0,0,0,0,0,0,0,7911542,407482300,0,468,1204,7863,623,15823247,35,0,0,0,0,0,0,0,1,0,0,0,0,0,0,0,0,0,0,21711173,0,23887841,206348,0,0,0,0,0,0,0,0,16384,0,0,0,0,0,0,0,0,0,0,0,4568,115,0,0,0,0,0,24044595,0,72,0,16,115,4568,0,0,0,0,0,0,0,0,0,0,0,0,0,0,0,0,0,0,0,0,0,0,0,0,0,0,0,0,0,0,0,0,0,0,0,0,0,0,0,0,0,0,0,0,0,0,0,0,0,0,0,0,0,0,165690348,0,0,0,869762245,0,0,0,0,0,0,0,22255054,24803050,191406543,194390351872,19108978,0,0,0,0,0,0,0,0,0,0,0,0,0,0,0,0,0,0,0,0,0,0,0,0,0,0,0,0,0,0,0,98,0,0,0,0,0,0,0
1787686977.314,0,0,0,0,0,0,0,682456612,383768545792,678195232256,0,0,0,0,0,0,0,0,0,0,0,0,0,0,0,0,0,0,0,0,0,0,0,0,0,0,0,0,0,0,0,0,0,0,0,0,0,0,0,0,0,0,0,0,0,0,0,0,0,0,0,0,0,0,0,0,0,0,0,0,7,6208017,23443725,23976629,0,0,0,0,0,0,0,0,0,0,0,0,0,0,0,0,0,0,0,0,0,0,0,0,0,0,0,0,0,0,0,0,0,0,0,0,0,51459080192,14099955712,3140813,860593,23891124,4531,0,384,3145728,20324725,3111910,147,3128113863,51539607552,0,1070850682,0,0,0,0,0,0,0,0,0,0,0,0,0,0,0,0,0,0,7912321,407483079,0,468,1204,7863,623,15824805,35,0,0,0,0,0,0,0,1,0,0,0,0,0,0,0,0,0,0,21712157,0,23890827,206380,0,0,0,0,0,0,0,0,16384,0,0,0,0,0,0,0,0,0,0,0,4569,115,0,0,0,0,0,24046961,0,72,0,16,115,4569,0,0,0,0,0,0,0,0,0,0,0,0,0,0,0,0,0,0,0,0,0,0,0,0,0,0,0,0,0,0,0,0,0,0,0,0,0,0,0,0,0,0,0,0,0,0,0,0,0,0,0,0,0,0,165692626,0,0,0,869775647,0,0,0,0,0,0,0,22256989,24812353,191411839,194393522688,19110475,0,0,0,0,0,0,0,0,0,0,0,0,0,0,0,0,0,0,0,0,0,0,0,0,0,0,0,0,0,0,0,39,0,0,0,0,0,0,0
1787686978.383,0,0,0,0,0,0,0,682484423,383919606272,678248305152,0,0,0,0,0,0,0,0,0,0,0,0,0,0,0,0,0,0,0,0,0,0,0,0,0,0,0,0,0,0,0,0,0,0,0,0,0,0,0,0,0,0,0,0,0,0,0,0,0,0,0,0,0,0,0,0,0,0,0,0,7,6208077,23452946,23979591,0,0,0,0,0,0,0,0,0,0,0,0,0,0,0,0,0,0,0,0,0,0,0,0,0,0,0,0,0,0,0,0,0,0,0,0,0,51468419072,14103281664,3141383,860796,23894086,3961,0,384,3145728,20333946,3111910,147,3128253202,51539607552,0,1070872225,0,0,0,0,0,0,0,0,0,0,0,0,0,0,0,0,0,0,7913098,407483856,0,468,1204,7863,623,15826361,35,0,0,0,0,0,0,0,1,0,0,0,0,0,0,0,0,0,0,21713142,0,23893789,206412,0,0,0,0,0,0,0,0,16384,0,0,0,0,0,0,0,0,0,0,0,4570,115,0,0,0,0,0,24049324,0,72,0,16,115,4570,0,0,0,0,0,0,0,0,0,0,0,0,0,0,0,0,0,0,0,0,0,0,0,0,0,0,0,0,0,0,0,0,0,0,0,0,0,0,0,0,0,0,0,0,0,0,0,0,0,0,0,0,0,0,165694891,0,0,0,869788738,0,0,0,0,0,0,0,22258802,24821574,191417098,194396890112,19111870,0,0,0,0,0,0,0,0,0,0,0,0,0,0,0,0,0,0,0,0,0,0,0,0,0,0,0,0,0,0,0,277,0,0,0,0,0,0,0
1787686979.452,0,0,0,0,0,0,0,682512717,384074484224,678302451712,0,0,0,0,0,0,0,0,0,0,0,0,0,0,0,0,0,0,0,0,0,0,0,0,0,0,0,0,0,0,0,0,0,0,0,0,0,0,0,0,0,0,0,0,0,0,0,0,0,0,0,0,0,0,0,0,0,0,0,0,7,6208133,23462400,23982602,0,0,0,0,0,0,0,0,0,0,0,0,0,0,0,0,0,0,0,0,0,0,0,0,0,0,0,0,0,0,0,0,0,0,0,0,0,51481182208,14106230784,3142162,860976,23897097,3182,0,384,3145728,20343396,3111910,147,3128396096,51539607552,0,1070894884,0,0,0,0,0,0,0,0,0,0,0,0,0,0,0,0,0,0,7913889,407484647,0,468,1204,7863,623,15827941,35,0,0,0,0,0,0,0,1,0,0,0,0,0,0,0,0,0,0,21714136,0,23896800,206445,0,0,0,0,0,0,0,0,16384,0,0,0,0,0,0,0,0,0,0,0,4571,115,0,0,0,0,0,24051735,0,72,0,16,115,4571,0,0,0,0,0,0,0,0,0,0,0,0,0,0,0,0,0,0,0,0,0,0,0,0,0,0,0,0,0,0,0,0,0,0,0,0,0,0,0,0,0,0,0,0,0,0,0,0,0,0,0,0,0,0,165697262,0,0,0,869802410,0,0,0,0,0,0,0,22260693,24831027,191422510,194400507392,19113322,1,0,0,0,0,0,0,0,0,0,0,0,0,0,0,0,0,0,0,0,0,0,0,0,0,0,0,0,0,0,0,180,0,0,0,0,0,0,0
1787686980.522,0,0,0,0,0,0,0,682540725,384225610240,678356512256,0,0,0,0,0,0,0,0,0,0,0,0,0,0,0,0,0,0,0,0,0,0,0,0,0,0,0,0,0,0,0,0,0,0,0,0,0,0,0,0,0,0,0,0,0,0,0,0,0,0,0,0,0,0,0,0,0,0,0,0,7,6208178,23471628,23985610,0,0,0,0,0,0,0,0,0,0,0,0,0,0,0,0,0,0,0,0,0,0,0,0,0,0,0,0,0,0,0,0,0,0,0,0,0,51488751616,14108098560,3142624,861090,23900105,2720,0,384,3145728,20352623,3111910,147,3128537260,51539607552,0,1070917356,0,0,0,0,0,0,0,0,0,0,0,0,0,0,0,0,0,0,7914672,407485430,0,468,1204,7863,623,15829507,35,0,0,0,0,0,0,0,1,0,0,0,0,0,0,0,0,0,0,21715124,0,23899808,206478,0,0,0,0,0,0,0,0,16384,0,0,0,0,0,0,0,0,0,0,0,4572,115,0,0,0,0,0,24054116,0,72,0,16,115,4572,0,0,0,0,0,0,0,0,0,0,0,0,0,0,0,0,0,0,0,0,0,0,0,0,0,0,0,0,0,0,0,0,0,0,0,0,0,0,0,0,0,0,0,0,0,0,0,0,0,0,0,0,0,0,165699620,0,0,0,869815913,0,0,0,0,0,0,0,22262569,24840253,191427905,194404079616,19114761,0,0,0,0,0,0,0,0,0,0,0,0,0,0,0,0,0,0,0,0,0,0,0,0,0,0,0,0,0,0,0,112,0,0,0,0,0,0,0
1787686981.591,0,0,0,0,0,0,0,682568969,384378718720,678410595328,0,0,0,0,0,0,0,0,0,0,0,0,0,0,0,0,0,0,0,0,0,0,0,0,0,0,0,0,0,0,0,0,0,0,0,0,0,0,0,0,0,0,0,0,0,0,0,0,0,0,0,0,0,0,0,0,0,0,0,0,7,6208232,23480976,23988620,0,0,0,0,0,0,0,0,0,0,0,0,0,0,0,0,0,0,0,0,0,0,0,0,0,0,0,0,0,0,0,0,0,0,0,0,0,51499728896,14110212096,3143294,861219,23903115,2050,0,384,3145728,20361970,3111910,147,3128679584,51539607552,0,1070939660,0,0,0,0,0,0,0,0,0,0,0,0,0,0,0,0,0,0,7915464,407486222,0,468,1204,7863,623,15831092,35,0,0,0,0,0,0,0,1,0,0,0,0,0,0,0,0,0,0,21716124,0,23902818,206511,0,0,0,0,0,0,0,0,16384,0,0,0,0,0,0,0,0,0,0,0,4573,115,0,0,0,0,0,24056521,0,72,0,16,115,4573,0,0,0,0,0,0,0,0,0,0,0,0,0,0,0,0,0,0,0,0,0,0,0,0,0,0,0,0,0,0,0,0,0,0,0,0,0,0,0,0,0,0,0,0,0,0,0,0,0,0,0,0,0,0,165702028,0,0,0,869829578,0,0,0,0,0,0,0,22264556,24849598,191433354,194407669760,19116262,0,0,0,0,0,0,0,0,0,0,0,0,0,0,0,0,0,0,0,0,0,0,0,0,0,0,0,0,0,0,0,33,0,0,0,0,0,0,0
1787686982.661,0,0,0,0,0,0,0,682596789,384530958848,678464312832,0,0,0,0,0,0,0,0,0,0,0,0,0,0,0,0,0,0,0,0,0,0,0,0,0,0,0,0,0,0,0,0,0,0,0,0,0,0,0,0,0,0,0,0,0,0,0,0,0,0,0,0,0,0,0,0,0,0,0,0,7,6208292,23490270,23991603,0,0,0,0,0,0,0,0,0,0,0,0,0,0,0,0,0,0,0,0,0,0,0,0,0,0,0,0,0,0,0,0,0,0,0,0,0,51510231040,14112456704,3143935,861356,23906098,1409,0,384,3145728,20371261,3111910,147,3128818957,51539607552,0,1070961332,0,0,0,0,0,0,0,0,0,0,0,0,0,0,0,0,0,0,7916243,407487001,0,468,1204,7863,623,15832649,35,0,0,0,0,0,0,0,1,0,0,0,0,0,0,0,0,0,0,21717098,0,23905801,206544,0,0,0,0,0,0,0,0,16384,0,0,0,0,0,0,0,0,0,0,0,4574,115,0,0,0,0,0,24058887,0,72,0,16,115,4574,0,0,0,0,0,0,0,0,0,0,0,0,0,0,0,0,0,0,0,0,0,0,0,0,0,0,0,0,0,0,0,0,0,0,0,0,0,0,0,0,0,0,0,0,0,0,0,0,0,0,0,0,0,0,165704371,0,0,0,869842777,0,0,0,0,0,0,0,22266454,24858889,191438713,194411242496,19117725,0,0,0,0,0,0,0,0,0,0,0,0,0,0,0,0,0,0,0,0,0,0,0,0,0,0,0,0,0,0,0,195,0,0,0,0,0,0,0
1787686983.730,0,0,0,0,0,0,0,682624626,384682772992,678516841472,0,0,0,0,0,0,0,0,0,0,0,0,0,0,0,0,0,0,0,0,0,0,0,0,0,0,0,0,0,0,0,0,0,0,0,0,0,0,0,0,0,0,0,0,0,0,0,0,0,0,0,0,0,0,0,0,0,0,0,0,7,6208337,23499539,23994539,0,0,0,0,0,0,0,0,0,0,0,0,0,0,0,0,0,0,0,0,0,0,0,0,0,0,0,0,0,0,0,0,0,0,0,0,0,51519881216,14115127296,3144524,861519,23909034,820,0,384,3145728,20380529,3111910,147,3128959377,51539607552,0,1070983376,0,0,0,0,0,0,0,0,0,0,0,0,0,0,0,0,0,0,7917023,407487781,0,468,1204,7863,623,15834209,35,0,0,0,0,0,0,0,1,0,0,0,0,0,0,0,0,0,0,21718080,0,23908737,206576,0,0,0,0,0,0,0,0,16384,0,0,0,0,0,0,0,0,0,0,0,4575,115,0,0,0,0,0,24061258,0,72,0,16,115,4575,0,0,0,0,0,0,0,0,0,0,0,0,0,0,0,0,0,0,0,0,0,0,0,0,0,0,0,0,0,0,0,0,0,0,0,0,0,0,0,0,0,0,0,0,0,0,0,0,0,0,0,0,0,0,165706751,0,0,0,869856249,0,0,0,0,0,0,0,22268253,24868155,191444058,194414555136,19119135,0,0,0,0,0,0,0,0,0,0,0,0,0,0,0,0,0,0,0,0,0,0,0,0,0,0,0,0,0,0,0,94,0,0,0,0,0,0,0
1787686984.801,0,0,0,0,0,0,0,682652163,384834210304,678569352192,0,0,0,0,0,0,0,0,0,0,0,0,0,0,0,0,0,0,0,0,0,0,0,0,0,0,0,0,0,0,0,0,0,0,0,0,0,0,0,0,0,0,0,0,0,0,0,0,0,0,0,0,0,0,0,0,0,0,0,0,7,6208393,23508786,23997460,0,0,0,0,0,0,0,0,0,0,0,0,0,0,0,0,0,0,0,0,0,0,0,0,0,0,0,0,0,0,0,0,0,0,0,0,0,51528155136,14118912000,3145029,861750,23911955,315,0,385,3145728,20389774,3111910,147,3129097509,51539607552,0,1071004833,0,0,0,0,0,0,0,0,0,0,0,0,0,0,0,0,0,0,7917792,407488550,0,468,1204,7863,623,15835747,35,0,0,0,0,0,0,0,1,0,0,0,0,0,0,0,0,0,0,21719050,0,23911658,206608,0,0,0,0,0,0,0,0,16384,0,0,0,0,0,0,0,0,0,0,0,4576,115,0,0,0,0,0,24063593,0,72,0,16,115,4576,0,0,0,0,0,0,0,0,0,0,0,0,0,0,0,0,0,0,0,0,0,0,0,0,0,0,0,0,0,0,0,0,0,0,0,0,0,0,0,0,0,0,0,0,0,0,0,0,0,0,0,0,0,0,165708988,0,0,0,869869243,0,0,0,0,0,0,0,22270169,24877397,191449247,194418058240,19120605,0,0,0,0,0,0,0,0,0,0,0,0,0,0,0,0,0,0,0,0,0,0,0,0,0,0,0,0,0,0,0,303,0,0,0,0,0,0,0
1787686985.870,0,0,0,0,0,0,0,682679819,384987105792,678621742080,0,0,0,0,0,0,0,0,0,0,0,0,0,0,0,0,0,0,0,0,0,0,0,0,0,0,0,0,0,0,0,0,0,0,0,0,0,0,0,0,0,0,0,0,0,0,0,0,0,0,0,0,0,0,0,0,0,0,0,0,7,6208447,23518130,24000381,0,0,0,0,0,0,0,0,0,0,0,0,0,0,0,0,0,0,0,0,0,0,0,0,0,0,0,0,0,0,0,0,0,0,0,0,0,51533316096,14121615360,3145344,861915,23914876,0,0,384,3145728,20399114,3111910,147,3129237192,51539607552,0,1071027057,0,0,0,0,0,0,0,0,0,0,0,0,0,0,0,0,0,0,7918564,407489322,0,468,1204,7863,623,15837291,35,0,0,0,0,0,0,0,1,0,0,0,0,0,0,0,0,0,0,21720026,0,23914579,206640,0,0,0,0,0,0,0,0,16384,0,0,0,0,0,0,0,0,0,0,0,4578,115,0,0,0,0,0,24065939,0,72,0,16,115,4578,0,0,0,0,0,0,0,0,0,0,0,0,0,0,0,0,0,0,0,0,0,0,0,0,0,0,0,0,0,0,0,0,0,0,0,0,0,0,0,0,0,0,0,0,0,0,0,0,0,0,0,0,0,0,165711222,0,0,0,869882589,0,0,0,0,0,0,0,22271948,24886731,191454433,194421536256,19121965,0,0,0,0,0,0,0,0,0,0,0,0,0,0,0,0,0,0,0,0,0,0,0,0,0,0,0,0,0,0,0,217,0,0,0,0,0,0,0
1787686986.940,0,0,0,0,0,0,0,682706865,385134922240,678722048000,0,0,0,0,0,0,0,0,0,0,0,0,0,0,0,0,0,0,0,0,0,0,0,0,0,0,0,0,0,0,0,0,0,0,0,0,0,0,0,0,0,0,0,0,0,0,0,0,0,0,0,0,0,0,0,0,0,0,0,0,7,6208495,23527153,24006247,0,0,0,0,0,0,0,0,0,0,0,0,0,0,0,0,0,0,0,0,0,0,0,0,0,0,0,0,0,0,0,0,0,0,0,0,0,51404029952,14073954304,3137453,859006,23920742,7891,0,384,3145728,20408136,3111910,147,3129373728,51539607552,0,1071048739,0,0,0,0,0,0,0,0,0,0,0,0,0,0,0,0,0,0,7919322,407490080,0,468,1204,7863,623,15838808,35,0,0,0,0,0,0,0,1,0,0,0,0,0,0,0,0,0,0,21720979,0,23920445,206697,0,0,0,0,0,0,0,0,16384,0,0,0,0,0,0,0,0,0,0,0,4579,115,0,0,0,0,0,24068238,0,72,0,16,115,4579,0,0,0,0,0,0,0,0,0,0,0,0,0,0,0,0,0,0,0,0,0,0,0,0,0,0,0,0,0,0,0,0,0,0,0,0,0,0,0,0,0,0,0,0,0,0,0,0,0,0,0,0,0,0,165713446,0,0,0,869895736,0,0,0,0,0,0,0,22274026,24895748,191462576,194424838144,19123294,0,0,0,0,0,0,0,0,0,0,0,0,0,0,0,0,0,0,0,0,0,0,0,0,0,0,0,0,0,0,0,59,0,0,0,0,0,0,0
1787686988.013,0,0,0,0,0,0,0,682735134,385287440896,678774195712,0,0,0,0,0,0,0,0,0,0,0,0,0,0,0,0,0,0,0,0,0,0,0,0,0,0,0,0,0,0,0,0,0,0,0,0,0,0,0,0,0,0,0,0,0,0,0,0,0,0,0,0,0,0,0,0,0,0,0,0,7,6208540,23536467,24009146,0,0,0,0,0,0,0,0,0,0,0,0,0,0,0,0,0,0,0,0,0,0,0,0,0,0,0,0,0,0,0,0,0,0,0,0,0,51414728704,14077394944,3138106,859216,23923641,7238,0,384,3145728,20417448,3111910,147,3129515148,51539607552,0,1071070430,0,0,0,0,0,0,0,0,0,0,0,0,0,0,0,0,0,0,7920114,407490871,0,468,1204,7863,623,15840391,35,0,0,0,0,0,0,0,1,0,0,0,0,0,0,0,0,0,0,21721974,0,23923344,206721,0,0,0,0,0,0,0,0,16384,0,0,0,0,0,0,0,0,0,0,0,4580,115,0,0,0,0,0,24070626,0,72,0,16,115,4580,0,0,0,0,0,0,0,0,0,0,0,0,0,0,0,0,0,0,0,0,0,0,0,0,0,0,0,0,0,0,0,0,0,0,0,0,0,0,0,0,0,0,0,0,0,0,0,0,0,0,0,0,0,0,165715747,0,0,0,869909167,0,0,0,0,0,0,0,22275847,24905057,191467799,194428316672,19124696,0,0,0,0,0,0,0,0,0,0,0,0,0,0,0,0,0,0,0,0,0,0,0,0,0,0,0,0,0,0,0,212,0,0,0,0,0,0,0
1787686989.082,0,0,0,0,0,0,0,682762942,385441073664,678826716672,0,0,0,0,0,0,0,0,0,0,0,0,0,0,0,0,0,0,0,0,0,0,0,0,0,0,0,0,0,0,0,0,0,0,0,0,0,0,0,0,0,0,0,0,0,0,0,0,0,0,0,0,0,0,0,0,0,0,0,0,7,6208610,23545844,24012064,0,0,0,0,0,0,0,0,0,0,0,0,0,0,0,0,0,0,0,0,0,0,0,0,0,0,0,0,0,0,0,0,0,0,0,0,0,51424870400,14081081344,3138725,859441,23926559,6619,0,384,3145728,20426823,3111910,147,3129655767,51539607552,0,1071092884,0,0,0,0,0,0,0,0,0,0,0,0,0,0,0,0,0,0,7920890,407491648,0,468,1204,7863,623,15841944,35,0,0,0,0,0,0,0,1,0,0,0,0,0,0,0,0,0,0,21722956,0,23926262,206745,0,0,0,0,0,0,0,0,16384,0,0,0,0,0,0,0,0,0,0,0,4581,115,0,0,0,0,0,24072978,0,72,0,16,115,4581,0,0,0,0,0,0,0,0,0,0,0,0,0,0,0,0,0,0,0,0,0,0,0,0,0,0,0,0,0,0,0,0,0,0,0,0,0,0,0,0,0,0,0,0,0,0,0,0,0,0,0,0,0,0,165718049,0,0,0,869922562,0,0,0,0,0,0,0,22277612,24914434,191473042,194431760896,19126073,0,0,0,0,0,0,0,0,0,0,0,0,0,0,0,0,0,0,0,0,0,0,0,0,0,0,0,0,0,0,0,138,0,0,0,0,0,0,0
1787686990.151,0,0,0,0,0,0,0,682791000,385594247680,678879192576,0,0,0,0,0,0,0,0,0,0,0,0,0,0,0,0,0,0,0,0,0,0,0,0,0,0,0,0,0,0,0,0,0,0,0,0,0,0,0,0,0,0,0,0,0,0,0,0,0,0,0,0,0,0,0,0,0,0,0,0,7,6208656,23555194,24014999,0,0,0,0,0,0,0,0,0,0,0,0,0,0,0,0,0,0,0,0,0,0,0,0,0,0,0,0,0,0,0,0,0,0,0,0,0,51434045440,14083653632,3139285,859598,23929494,6059,0,384,3145728,20436170,3111910,147,3129797024,51539607552,0,1071114791,0,0,0,0,0,0,0,0,0,0,0,0,0,0,0,0,0,0,7921677,407492435,0,468,1204,7863,623,15843517,35,0,0,0,0,0,0,0,1,0,0,0,0,0,0,0,0,0,0,21723943,0,23929197,206769,0,0,0,0,0,0,0,0,16384,0,0,0,0,0,0,0,0,0,0,0,4582,115,0,0,0,0,0,24075372,0,72,0,16,115,4582,0,0,0,0,0,0,0,0,0,0,0,0,0,0,0,0,0,0,0,0,0,0,0,0,0,0,0,0,0,0,0,0,0,0,0,0,0,0,0,0,0,0,0,0,0,0,0,0,0,0,0,0,0,0,165720289,0,0,0,869936132,0,0,0,0,0,0,0,22279339,24923779,191478240,194434959360,19127435,0,0,0,0,0,0,0,0,0,0,0,0,0,0,0,0,0,0,0,0,0,0,0,0,0,0,0,0,0,0,0,44,0,0,0,0,0,0,0
1787686991.220,0,0,0,0,0,0,0,682819266,385747503616,678930682880,0,0,0,0,0,0,0,0,0,0,0,0,0,0,0,0,0,0,0,0,0,0,0,0,0,0,0,0,0,0,0,0,0,0,0,0,0,0,0,0,0,0,0,0,0,0,0,0,0,0,0,0,0,0,0,0,0,0,0,0,7,6208701,23564548,24017874,0,0,0,0,0,0,0,0,0,0,0,0,0,0,0,0,0,0,0,0,0,0,0,0,0,0,0,0,0,0,0,0,0,0,0,0,0,51445514240,14088077312,3139985,859868,23932369,5359,0,384,3145728,20445522,3111910,147,3129938340,51539607552,0,1071136365,0,0,0,0,0,0,0,0,0,0,0,0,0,0,0,0,0,0,7922469,407493227,0,468,1204,7863,623,15845101,35,0,0,0,0,0,0,0,1,0,0,0,0,0,0,0,0,0,0,21724939,0,23932072,206801,0,0,0,0,0,0,0,0,16384,0,0,0,0,0,0,0,0,0,0,0,4583,115,0,0,0,0,0,24077785,0,72,0,16,115,4583,0,0,0,0,0,0,0,0,0,0,0,0,0,0,0,0,0,0,0,0,0,0,0,0,0,0,0,0,0,0,0,0,0,0,0,0,0,0,0,0,0,0,0,0,0,0,0,0,0,0,0,0,0,0,165722590,0,0,0,869949472,0,0,0,0,0,0,0,22281157,24933137,191483447,194438091776,19128828,0,0,0,0,0,0,0,0,0,0,0,0,0,0,0,0,0,0,0,0,0,0,0,0,0,0,0,0,0,0,0,266,0,0,0,0,0,0,0
1787686992.297,0,0,0,0,0,0,0,682847585,385900481024,678983297536,0,0,0,0,0,0,0,0,0,0,0,0,0,0,0,0,0,0,0,0,0,0,0,0,0,0,0,0,0,0,0,0,0,0,0,0,0,0,0,0,0,0,0,0,0,0,0,0,0,0,0,0,0,0,0,0,0,0,0,0,7,6208751,23573889,24020809,0,0,0,0,0,0,0,0,0,0,0,0,0,0,0,0,0,0,0,0,0,0,0,0,0,0,0,0,0,0,0,0,0,0,0,0,0,51456770048,14091747328,3140672,860092,23935304,4672,0,384,3145728,20454860,3111910,147,3130080810,51539607552,0,1071158620,0,0,0,0,0,0,0,0,0,0,0,0,0,0,0,0,0,0,7923262,407494020,0,468,1204,7863,623,15846687,35,0,0,0,0,0,0,0,1,0,0,0,0,0,0,0,0,0,0,21725942,0,23935007,206826,0,0,0,0,0,0,0,0,16384,0,0,0,0,0,0,0,0,0,0,0,4584,115,0,0,0,0,0,24080193,0,72,0,16,115,4584,0,0,0,0,0,0,0,0,0,0,0,0,0,0,0,0,0,0,0,0,0,0,0,0,0,0,0,0,0,0,0,0,0,0,0,0,0,0,0,0,0,0,0,0,0,0,0,0,0,0,0,0,0,0,165724947,0,0,0,869963169,0,0,0,0,0,0,0,22283000,24942476,191488758,194441504256,19130283,0,0,0,0,0,0,0,0,0,0,0,0,0,0,0,0,0,0,0,0,0,0,0,0,0,0,0,0,0,0,0,182,0,0,0,0,0,0,0
1787686993.367,0,0,0,0,0,0,0,682875639,386054588928,679036254208,0,0,0,0,0,0,0,0,0,0,0,0,0,0,0,0,0,0,0,0,0,0,0,0,0,0,0,0,0,0,0,0,0,0,0,0,0,0,0,0,0,0,0,0,0,0,0,0,0,0,0,0,0,0,0,0,0,0,0,0,7,6208816,23583296,24023731,0,0,0,0,0,0,0,0,0,0,0,0,0,0,0,0,0,0,0,0,0,0,0,0,0,0,0,0,0,0,0,0,0,0,0,0,0,51467616256,14096515072,3141334,860383,23938226,4010,0,384,3145728,20464266,3111910,147,3130222839,51539607552,0,1071181613,0,0,0,0,0,0,0,0,0,0,0,0,0,0,0,0,0,0,7924045,407494802,0,468,1204,7863,623,15848253,35,0,0,0,0,0,0,0,1,0,0,0,0,0,0,0,0,0,0,21726927,0,23937929,206850,0,0,0,0,0,0,0,0,16384,0,0,0,0,0,0,0,0,0,0,0,4585,115,0,0,0,0,0,24082575,0,72,0,16,115,4585,0,0,0,0,0,0,0,0,0,0,0,0,0,0,0,0,0,0,0,0,0,0,0,0,0,0,0,0,0,0,0,0,0,0,0,0,0,0,0,0,0,0,0,0,0,0,0,0,0,0,0,0,0,0,165727325,0,0,0,869976678,0,0,0,0,0,0,0,22284821,24951882,191494080,194445289984,19131712,0,0,0,0,0,0,0,0,0,0,0,0,0,0,0,0,0,0,0,0,0,0,0,0,0,0,0,0,0,0,0,104,0,0,0,0,0,0,0
1787686994.436,0,0,0,0,0,0,0,682903470,386209237504,679089223680,0,0,0,0,0,0,0,0,0,0,0,0,0,0,0,0,0,0,0,0,0,0,0,0,0,0,0,0,0,0,0,0,0,0,0,0,0,0,0,0,0,0,0,0,0,0,0,0,0,0,0,0,0,0,0,0,0,0,0,0,7,6208871,23592737,24026692,0,0,0,0,0,0,0,0,0,0,0,0,0,0,0,0,0,0,0,0,0,0,0,0,0,0,0,0,0,0,0,0,0,0,0,0,0,51478085632,14098710528,3141973,860517,23941187,3371,0,384,3145728,20473706,3111910,147,3130363195,51539607552,0,1071203346,0,0,0,0,0,0,0,0,0,0,0,0,0,0,0,0,0,0,7924824,407495582,0,468,1204,7863,623,15849813,35,0,0,0,0,0,0,0,1,0,0,0,0,0,0,0,0,0,0,21727920,0,23940890,206876,0,0,0,0,0,0,0,0,16384,0,0,0,0,0,0,0,0,0,0,0,4586,115,0,0,0,0,0,24084952,0,72,0,16,115,4586,0,0,0,0,0,0,0,0,0,0,0,0,0,0,0,0,0,0,0,0,0,0,0,0,0,0,0,0,0,0,0,0,0,0,0,0,0,0,0,0,0,0,0,0,0,0,0,0,0,0,0,0,0,0,165729636,0,0,0,869990077,0,0,0,0,0,0,0,22286685,24961321,191499376,194448648704,19133138,0,0,0,0,0,0,0,0,0,0,0,0,0,0,0,0,0,0,0,0,0,0,0,0,0,0,0,0,0,0,0,66,0,0,0,0,0,0,0
1787686995.506,0,0,0,0,0,0,0,682931424,386361297408,679141299200,0,0,0,0,0,0,0,0,0,0,0,0,0,0,0,0,0,0,0,0,0,0,0,0,0,0,0,0,0,0,0,0,0,0,0,0,0,0,0,0,0,0,0,0,0,0,0,0,0,0,0,0,0,0,0,0,0,0,0,0,7,6208920,23602018,24029591,0,0,0,0,0,0,0,0,0,0,0,0,0,0,0,0,0,0,0,0,0,0,0,0,0,0,0,0,0,0,0,0,0,0,0,0,0,51486670848,14102331392,3142497,860738,23944086,2847,0,384,3145728,20482984,3111910,147,3130504029,51539607552,0,1071225461,0,0,0,0,0,0,0,0,0,0,0,0,0,0,0,0,0,0,7925608,407496366,0,468,1204,7863,623,15851379,35,0,0,0,0,0,0,0,1,0,0,0,0,0,0,0,0,0,0,21728911,0,23943789,206900,0,0,0,0,0,0,0,0,16384,0,0,0,0,0,0,0,0,0,0,0,4587,115,0,0,0,0,0,24087343,0,72,0,16,115,4587,0,0,0,0,0,0,0,0,0,0,0,0,0,0,0,0,0,0,0,0,0,0,0,0,0,0,0,0,0,0,0,0,0,0,0,0,0,0,0,0,0,0,0,0,0,0,0,0,0,0,0,0,0,0,165731929,0,0,0,870003563,0,0,0,0,0,0,0,22288438,24970601,191504591,194452066816,19134507,0,0,0,0,0,0,0,0,0,0,0,0,0,0,0,0,0,0,0,0,0,0,0,0,0,0,0,0,0,0,0,16,0,0,0,0,0,0,0
1787686996.579,0,0,0,0,0,0,0,682959178,386514405888,679193950720,0,0,0,0,0,0,0,0,0,0,0,0,0,0,0,0,0,0,0,0,0,0,0,0,0,0,0,0,0,0,0,0,0,0,0,0,0,0,0,0,0,0,0,0,0,0,0,0,0,0,0,0,0,0,0,0,0,0,0,0,7,6208968,23611366,24032528,0,0,0,0,0,0,0,0,0,0,0,0,0,0,0,0,0,0,0,0,0,0,0,0,0,0,0,0,0,0,0,0,0,0,0,0,0,51498221568,14105182208,3143202,860912,23947023,2142,0,384,3145728,20492332,3111910,147,3130643173,51539607552,0,1071246797,0,0,0,0,0,0,0,0,0,0,0,0,0,0,0,0,0,0,7926384,407497142,0,468,1204,7863,623,15852933,35,0,0,0,0,0,0,0,1,0,0,0,0,0,0,0,0,0,0,21729888,0,23946726,206924,0,0,0,0,0,0,0,0,16384,0,0,0,0,0,0,0,0,0,0,0,4588,115,0,0,0,0,0,24089704,0,72,0,16,115,4588,0,0,0,0,0,0,0,0,0,0,0,0,0,0,0,0,0,0,0,0,0,0,0,0,0,0,0,0,0,0,0,0,0,0,0,0,0,0,0,0,0,0,0,0,0,0,0,0,0,0,0,0,0,0,165734234,0,0,0,870016747,0,0,0,0,0,0,0,22290296,24979949,191509855,194455478272,19135967,0,0,0,0,0,0,0,0,0,0,0,0,0,0,0,0,0,0,0,0,0,0,0,0,0,0,0,0,0,0,0,165,0,0,0,0,0,0,0
1787686997.649,0,0,0,0,0,0,0,682986626,386666138112,679246545920,0,0,0,0,0,0,0,0,0,0,0,0,0,0,0,0,0,0,0,0,0,0,0,0,0,0,0,0,0,0,0,0,0,0,0,0,0,0,0,0,0,0,0,0,0,0,0,0,0,0,0,0,0,0,0,0,0,0,0,0,7,6209024,23620631,24035476,0,0,0,0,0,0,0,0,0,0,0,0,0,0,0,0,0,0,0,0,0,0,0,0,0,0,0,0,0,0,0,0,0,0,0,0,0,51507658752,14107279360,3143778,861040,23949971,1566,0,384,3145728,20501594,3111910,147,3130781607,51539607552,0,1071268384,0,0,0,0,0,0,0,0,0,0,0,0,0,0,0,0,0,0,7927154,407497912,0,468,1204,7863,623,15854471,35,0,0,0,0,0,0,0,1,0,0,0,0,0,0,0,0,0,0,21730863,0,23949674,206949,0,0,0,0,0,0,0,0,16384,0,0,0,0,0,0,0,0,0,0,0,4589,115,0,0,0,0,0,24092040,0,72,0,16,115,4589,0,0,0,0,0,0,0,0,0,0,0,0,0,0,0,0,0,0,0,0,0,0,0,0,0,0,0,0,0,0,0,0,0,0,0,0,0,0,0,0,0,0,0,0,0,0,0,0,0,0,0,0,0,0,165736487,0,0,0,870029988,0,0,0,0,0,0,0,22292034,24989213,191515080,194458657792,19137332,0,0,0,0,0,0,0,0,0,0,0,0,0,0,0,0,0,0,0,0,0,0,0,0,0,0,0,0,0,0,0,97,0,0,0,0,0,0,0
1787686998.719,0,0,0,0,0,0,0,683014729,386817559040,679299341312,0,0,0,0,0,0,0,0,0,0,0,0,0,0,0,0,0,0,0,0,0,0,0,0,0,0,0,0,0,0,0,0,0,0,0,0,0,0,0,0,0,0,0,0,0,0,0,0,0,0,0,0,0,0,0,0,0,0,0,0,7,6209077,23629874,24038409,0,0,0,0,0,0,0,0,0,0,0,0,0,0,0,0,0,0,0,0,0,0,0,0,0,0,0,0,0,0,0,0,0,0,0,0,0,51517308928,14109999104,3144367,861206,23952904,977,0,384,3145728,20510835,3111910,147,3130922933,51539607552,0,1071290458,0,0,0,0,0,0,0,0,0,0,0,0,0,0,0,0,0,0,7927942,407498700,0,468,1204,7863,623,15856047,35,0,0,0,0,0,0,0,1,0,0,0,0,0,0,0,0,0,0,21731859,0,23952607,206974,0,0,0,0,0,0,0,0,16384,0,0,0,0,0,0,0,0,0,0,0,4590,115,0,0,0,0,0,24094448,0,72,0,16,115,4590,0,0,0,0,0,0,0,0,0,0,0,0,0,0,0,0,0,0,0,0,0,0,0,0,0,0,0,0,0,0,0,0,0,0,0,0,0,0,0,0,0,0,0,0,0,0,0,0,0,0,0,0,0,0,165738810,0,0,0,870043555,0,0,0,0,0,0,0,22293865,24998456,191520360,194462147072,19138759,0,0,0,0,0,0,0,0,0,0,0,0,0,0,0,0,0,0,0,0,0,0,0,0,0,0,0,0,0,0,0,44,0,0,0,0,0,0,0
1787686999.789,0,0,0,0,0,0,0,683042592,386969799168,679351410688,0,0,0,0,0,0,0,0,0,0,0,0,0,0,0,0,0,0,0,0,0,0,0,0,0,0,0,0,0,0,0,0,0,0,0,0,0,0,0,0,0,0,0,0,0,0,0,0,0,0,0,0,0,0,0,0,0,0,0,0,7,6209122,23639168,24041302,0,0,0,0,0,0,0,0,0,0,0,0,0,0,0,0,0,0,0,0,0,0,0,0,0,0,0,0,0,0,0,0,0,0,0,0,0,51528318976,14112964608,3145039,861387,23955797,305,0,384,3145728,20520127,3111910,147,3131063337,51539607552,0,1071312316,0,0,0,0,0,0,0,0,0,0,0,0,0,0,0,0,0,0,7928724,407499482,0,468,1204,7863,623,15857611,35,0,0,0,0,0,0,0,1,0,0,0,0,0,0,0,0,0,0,21732855,0,23955500,206998,0,0,0,0,0,0,0,0,16384,0,0,0,0,0,0,0,0,0,0,0,4591,115,0,0,0,0,0,24096821,0,72,0,16,115,4591,0,0,0,0,0,0,0,0,0,0,0,0,0,0,0,0,0,0,0,0,0,0,0,0,0,0,0,0,0,0,0,0,0,0,0,0,0,0,0,0,0,0,0,0,0,0,0,0,0,0,0,0,0,0,165741132,0,0,0,870057000,0,0,0,0,0,0,0,22295669,25007748,191525599,194465607168,19140184,0,0,0,0,0,0,0,0,0,0,0,0,0,0,0,0,0,0,0,0,0,0,0,0,0,0,0,0,0,0,0,13,0,0,0,0,0,0,0
1787687000.860,0,0,0,0,0,0,0,683070602,387120663040,679403165184,0,0,0,0,0,0,0,0,0,0,0,0,0,0,0,0,0,0,0,0,0,0,0,0,0,0,0,0,0,0,0,0,0,0,0,0,0,0,0,0,0,0,0,0,0,0,0,0,0,0,0,0,0,0,0,0,0,0,0,0,7,6209181,23648374,24044167,0,0,0,0,0,0,0,0,0,0,0,0,0,0,0,0,0,0,0,0,0,0,0,0,0,0,0,0,0,0,0,0,0,0,0,0,0,51533004800,14117994496,3145325,861694,23958662,19,0,384,3145728,20529334,3111910,147,3131203494,51539607552,0,1071334115,0,0,0,0,0,0,0,0,0,0,0,0,0,0,0,0,0,0,7929506,407500264,0,468,1204,7863,623,15859175,35,0,0,0,0,0,0,0,1,0,0,0,0,0,0,0,0,0,0,21733846,0,23958365,207024,0,0,0,0,0,0,0,0,16384,0,0,0,0,0,0,0,0,0,0,0,4593,115,0,0,0,0,0,24099191,0,72,0,16,115,4593,0,0,0,0,0,0,0,0,0,0,0,0,0,0,0,0,0,0,0,0,0,0,0,0,0,0,0,0,0,0,0,0,0,0,0,0,0,0,0,0,0,0,0,0,0,0,0,0,0,0,0,0,0,0,165743393,0,0,0,870070190,0,0,0,0,0,0,0,22297603,25016953,191530747,194469109760,19141689,0,0,0,0,0,0,0,0,0,0,0,0,0,0,0,0,0,0,0,0,0,0,0,0,0,0,0,0,0,0,0,255,0,0,0,0,0,0,0
1787687001.930,0,0,0,0,0,0,0,683097673,387268676096,679502310912,0,0,0,0,0,0,0,0,0,0,0,0,0,0,0,0,0,0,0,0,0,0,0,0,0,0,0,0,0,0,0,0,0,0,0,0,0,0,0,0,0,0,0,0,0,0,0,0,0,0,0,0,0,0,0,0,0,0,0,0,7,6209235,23657412,24049971,0,0,0,0,0,0,0,0,0,0,0,0,0,0,0,0,0,0,0,0,0,0,0,0,0,0,0,0,0,0,0,0,0,0,0,0,0,51402129408,14073790464,3137337,858996,23964466,8007,0,384,3145728,20538370,3111910,147,3131339991,51539607552,0,1071355508,0,0,0,0,0,0,0,0,0,0,0,0,0,0,0,0,0,0,7930264,407501021,0,468,1204,7863,623,15860691,35,0,0,0,0,0,0,0,1,0,0,0,0,0,0,0,0,0,0,21734807,0,23964169,207072,0,0,0,0,0,0,0,0,16384,0,0,0,0,0,0,0,0,0,0,0,4594,115,0,0,0,0,0,24101495,0,72,0,16,115,4594,0,0,0,0,0,0,0,0,0,0,0,0,0,0,0,0,0,0,0,0,0,0,0,0,0,0,0,0,0,0,0,0,0,0,0,0,0,0,0,0,0,0,0,0,0,0,0,0,0,0,0,0,0,0,165745609,0,0,0,870083260,0,0,0,0,0,0,0,22299666,25025989,191538810,194472348160,19142998,0,0,0,0,0,0,0,0,0,0,0,0,0,0,0,0,0,0,0,0,0,0,0,0,0,0,0,0,0,0,0,171,0,0,0,0,0,0,0
1787687003.003,0,0,0,0,0,0,0,683125585,387420539392,679553725952,0,0,0,0,0,0,0,0,0,0,0,0,0,0,0,0,0,0,0,0,0,0,0,0,0,0,0,0,0,0,0,0,0,0,0,0,0,0,0,0,0,0,0,0,0,0,0,0,0,0,0,0,0,0,0,0,0,0,0,0,7,6209289,23666684,24052829,0,0,0,0,0,0,0,0,0,0,0,0,0,0,0,0,0,0,0,0,0,0,0,0,0,0,0,0,0,0,0,0,0,0,0,0,0,51412189184,14078033920,3137951,859255,23967324,7393,0,384,3145728,20547642,3111910,147,3131480837,51539607552,0,1071378068,0,0,0,0,0,0,0,0,0,0,0,0,0,0,0,0,0,0,7931041,407501799,0,468,1204,7863,623,15862245,35,0,0,0,0,0,0,0,1,0,0,0,0,0,0,0,0,0,0,21735793,0,23967027,207096,0,0,0,0,0,0,0,0,16384,0,0,0,0,0,0,0,0,0,0,0,4595,115,0,0,0,0,0,24103859,0,72,0,16,115,4595,0,0,0,0,0,0,0,0,0,0,0,0,0,0,0,0,0,0,0,0,0,0,0,0,0,0,0,0,0,0,0,0,0,0,0,0,0,0,0,0,0,0,0,0,0,0,0,0,0,0,0,0,0,0,165747898,0,0,0,870096676,0,0,0,0,0,0,0,22301454,25035263,191543979,194475782144,19144363,0,0,0,0,0,0,0,0,0,0,0,0,0,0,0,0,0,0,0,0,0,0,0,0,0,0,0,0,0,0,0,93,0,0,0,0,0,0,0
1787687004.078,0,0,0,0,0,0,0,683153703,387570797056,679606816768,0,0,0,0,0,0,0,0,0,0,0,0,0,0,0,0,0,0,0,0,0,0,0,0,0,0,0,0,0,0,0,0,0,0,0,0,0,0,0,0,0,0,0,0,0,0,0,0,0,0,0,0,0,0,0,0,0,0,0,0,7,6209336,23675854,24055785,0,0,0,0,0,0,0,0,0,0,0,0,0,0,0,0,0,0,0,0,0,0,0,0,0,0,0,0,0,0,0,0,0,0,0,0,0,51423952896,14080638976,3138669,859414,23970280,6674,0,384,3145728,20556810,3111910,147,3131622220,51539607552,0,1071400206,0,0,0,0,0,0,0,0,0,0,0,0,0,0,0,0,0,0,7931830,407502588,0,468,1204,7863,623,15863823,35,0,0,0,0,0,0,0,1,0,0,0,0,0,0,0,0,0,0,21736787,0,23969983,207121,0,0,0,0,0,0,0,0,16384,0,0,0,0,0,0,0,0,0,0,0,4596,115,0,0,0,0,0,24106264,0,72,0,16,115,4596,0,0,0,0,0,0,0,0,0,0,0,0,0,0,0,0,0,0,0,0,0,0,0,0,0,0,0,0,0,0,0,0,0,0,0,0,0,0,0,0,0,0,0,0,0,0,0,0,0,0,0,0,0,0,165750291,0,0,0,870110251,0,0,0,0,0,0,0,22303293,25044430,191549350,194479253504,19145755,0,0,0,0,0,0,0,0,0,0,0,0,0,0,0,0,0,0,0,0,0,0,0,0,0,0,0,0,0,0,0,48,0,0,0,0,0,0,0
1787687005.147,0,0,0,0,0,0,0,683181335,387720923648,679659609600,0,0,0,0,0,0,0,0,0,0,0,0,0,0,0,0,0,0,0,0,0,0,0,0,0,0,0,0,0,0,0,0,0,0,0,0,0,0,0,0,0,0,0,0,0,0,0,0,0,0,0,0,0,0,0,0,0,0,0,0,7,6209395,23685021,24058713,0,0,0,0,0,0,0,0,0,0,0,0,0,0,0,0,0,0,0,0,0,0,0,0,0,0,0,0,0,0,0,0,0,0,0,0,0,51434323968,14083145728,3139302,859567,23973208,6042,0,384,3145728,20565975,3111910,147,3131760727,51539607552,0,1071421783,0,0,0,0,0,0,0,0,0,0,0,0,0,0,0,0,0,0,7932602,407503360,0,468,1204,7863,623,15865368,35,0,0,0,0,0,0,0,1,0,0,0,0,0,0,0,0,0,0,21737751,0,23972911,207145,0,0,0,0,0,0,0,0,16384,0,0,0,0,0,0,0,0,0,0,0,4597,115,0,0,0,0,0,24108594,0,72,0,16,115,4597,0,0,0,0,0,0,0,0,0,0,0,0,0,0,0,0,0,0,0,0,0,0,0,0,0,0,0,0,0,0,0,0,0,0,0,0,0,0,0,0,0,0,0,0,0,0,0,0,0,0,0,0,0,0,165752629,0,0,0,870123282,0,0,0,0,0,0,0,22305101,25053594,191554639,194482867200,19147191,0,0,0,0,0,0,0,0,0,0,0,0,0,0,0,0,0,0,0,0,0,0,0,0,0,0,0,0,0,0,0,261,0,0,0,0,0,0,0
1787687006.216,0,0,0,0,0,0,0,683209486,387873425920,679711105536,0,0,0,0,0,0,0,0,0,0,0,0,0,0,0,0,0,0,0,0,0,0,0,0,0,0,0,0,0,0,0,0,0,0,0,0,0,0,0,0,0,0,0,0,0,0,0,0,0,0,0,0,0,0,0,0,0,0,0,0,7,6209443,23694333,24061593,0,0,0,0,0,0,0,0,0,0,0,0,0,0,0,0,0,0,0,0,0,0,0,0,0,0,0,0,0,0,0,0,0,0,0,0,0,51445317632,14087045120,3139973,859805,23976088,5370,0,384,3145728,20575286,3111910,147,3131902611,51539607552,0,1071444099,0,0,0,0,0,0,0,0,0,0,0,0,0,0,0,0,0,0,7933389,407504147,0,468,1204,7863,623,15866944,35,0,0,0,0,0,0,0,1,0,0,0,0,0,0,0,0,0,0,21738748,0,23975791,207169,0,0,0,0,0,0,0,0,16384,0,0,0,0,0,0,0,0,0,0,0,4598,115,0,0,0,0,0,24110988,0,72,0,16,115,4598,0,0,0,0,0,0,0,0,0,0,0,0,0,0,0,0,0,0,0,0,0,0,0,0,0,0,0,0,0,0,0,0,0,0,0,0,0,0,0,0,0,0,0,0,0,0,0,0,0,0,0,0,0,0,165754910,0,0,0,870136892,0,0,0,0,0,0,0,22306915,25062904,191559817,194486240768,19148617,0,0,0,0,0,0,0,0,0,0,0,0,0,0,0,0,0,0,0,0,0,0,0,0,0,0,0,0,0,0,0,155,0,0,0,0,0,0,0
1787687007.286,0,0,0,0,0,0,0,683237051,388024027648,679763399680,0,0,0,0,0,0,0,0,0,0,0,0,0,0,0,0,0,0,0,0,0,0,0,0,0,0,0,0,0,0,0,0,0,0,0,0,0,0,0,0,0,0,0,0,0,0,0,0,0,0,0,0,0,0,0,0,0,0,0,0,7,6209495,23703526,24064508,0,0,0,0,0,0,0,0,0,0,0,0,0,0,0,0,0,0,0,0,0,0,0,0,0,0,0,0,0,0,0,0,0,0,0,0,0,51452723200,14090125312,3140425,859993,23979003,4919,0,384,3145728,20584478,3111910,147,3132041888,51539607552,0,1071466302,0,0,0,0,0,0,0,0,0,0,0,0,0,0,0,0,0,0,7934160,407504918,0,468,1204,7863,623,15868483,35,0,0,0,0,0,0,0,1,0,0,0,0,0,0,0,0,0,0,21739719,0,23978706,207194,0,0,0,0,0,0,0,0,16384,0,0,0,0,0,0,0,0,0,0,0,4599,115,0,0,0,0,0,24113326,0,72,0,16,115,4599,0,0,0,0,0,0,0,0,0,0,0,0,0,0,0,0,0,0,0,0,0,0,0,0,0,0,0,0,0,0,0,0,0,0,0,0,0,0,0,0,0,0,0,0,0,0,0,0,0,0,0,0,0,0,165757110,0,0,0,870150227,0,0,0,0,0,0,0,22308622,25072097,191564955,194489545728,19149921,0,0,0,0,0,0,0,0,0,0,0,0,0,0,0,0,0,0,0,0,0,0,0,0,0,0,0,0,0,0,0,31,0,0,0,0,0,0,0
1787687008.355,0,0,0,0,0,0,0,683264827,388175825408,679815038976,0,0,0,0,0,0,0,0,0,0,0,0,0,0,0,0,0,0,0,0,0,0,0,0,0,0,0,0,0,0,0,0,0,0,0,0,0,0,0,0,0,0,0,0,0,0,0,0,0,0,0,0,0,0,0,0,0,0,0,0,7,6209552,23712797,24067391,0,0,0,0,0,0,0,0,0,0,0,0,0,0,0,0,0,0,0,0,0,0,0,0,0,0,0,0,0,0,0,0,0,0,0,0,0,51463766016,14093615104,3141099,860206,23981886,4245,0,384,3145728,20593747,3111910,147,3132180653,51539607552,0,1071487428,0,0,0,0,0,0,0,0,0,0,0,0,0,0,0,0,0,0,7934939,407505697,0,468,1204,7863,623,15870042,35,0,0,0,0,0,0,0,1,0,0,0,0,0,0,0,0,0,0,21740696,0,23981589,207218,0,0,0,0,0,0,0,0,16384,0,0,0,0,0,0,0,0,0,0,0,4600,115,0,0,0,0,0,24115689,0,72,0,16,115,4600,0,0,0,0,0,0,0,0,0,0,0,0,0,0,0,0,0,0,0,0,0,0,0,0,0,0,0,0,0,0,0,0,0,0,0,0,0,0,0,0,0,0,0,0,0,0,0,0,0,0,0,0,0,0,165759402,0,0,0,870163400,0,0,0,0,0,0,0,22310328,25081364,191570152,194492745216,19151273,0,0,0,0,0,0,0,0,0,0,0,0,0,0,0,0,0,0,0,0,0,0,0,0,0,0,0,0,0,0,0,197,0,0,0,0,0,0,0
1787687009.427,0,0,0,0,0,0,0,683292567,388327098880,679866801664,0,0,0,0,0,0,0,0,0,0,0,0,0,0,0,0,0,0,0,0,0,0,0,0,0,0,0,0,0,0,0,0,0,0,0,0,0,0,0,0,0,0,0,0,0,0,0,0,0,0,0,0,0,0,0,0,0,0,0,0,7,6209619,23722032,24070263,0,0,0,0,0,0,0,0,0,0,0,0,0,0,0,0,0,0,0,0,0,0,0,0,0,0,0,0,0,0,0,0,0,0,0,0,0,51473580032,14097432576,3141698,860439,23984758,3646,0,384,3145728,20602982,3111910,147,3132320735,51539607552,0,1071509650,0,0,0,0,0,0,0,0,0,0,0,0,0,0,0,0,0,0,7935716,407506474,0,468,1204,7863,623,15871595,35,0,0,0,0,0,0,0,1,0,0,0,0,0,0,0,0,0,0,21741672,0,23984461,207242,0,0,0,0,0,0,0,0,16384,0,0,0,0,0,0,0,0,0,0,0,4601,115,0,0,0,0,0,24118055,0,72,0,16,115,4601,0,0,0,0,0,0,0,0,0,0,0,0,0,0,0,0,0,0,0,0,0,0,0,0,0,0,0,0,0,0,0,0,0,0,0,0,0,0,0,0,0,0,0,0,0,0,0,0,0,0,0,0,0,0,165761757,0,0,0,870176842,0,0,0,0,0,0,0,22312137,25090598,191575401,194496236032,19152684,0,0,0,0,0,0,0,0,0,0,0,0,0,0,0,0,0,0,0,0,0,0,0,0,0,0,0,0,0,0,0,87,0,0,0,0,0,0,0
1787687010.495,0,0,0,0,0,0,0,683320466,388480797184,679918389248,0,0,0,0,0,0,0,0,0,0,0,0,0,0,0,0,0,0,0,0,0,0,0,0,0,0,0,0,0,0,0,0,0,0,0,0,0,0,0,0,0,0,0,0,0,0,0,0,0,0,0,0,0,0,0,0,0,0,0,0,7,6209673,23731415,24073130,0,0,0,0,0,0,0,0,0,0,0,0,0,0,0,0,0,0,0,0,0,0,0,0,0,0,0,0,0,0,0,0,0,0,0,0,0,51486130176,14101348352,3142464,860678,23987625,2880,0,384,3145728,20612364,3111910,147,3132461321,51539607552,0,1071531621,0,0,0,0,0,0,0,0,0,0,0,0,0,0,0,0,0,0,7936496,407507254,0,468,1204,7863,623,15873155,35,0,0,0,0,0,0,0,1,0,0,0,0,0,0,0,0,0,0,21742660,0,23987328,207266,0,0,0,0,0,0,0,0,16384,0,0,0,0,0,0,0,0,0,0,0,4602,115,0,0,0,0,0,24120437,0,72,0,16,115,4602,0,0,0,0,0,0,0,0,0,0,0,0,0,0,0,0,0,0,0,0,0,0,0,0,0,0,0,0,0,0,0,0,0,0,0,0,0,0,0,0,0,0,0,0,0,0,0,0,0,0,0,0,0,0,165764056,0,0,0,870190305,0,0,0,0,0,0,0,22313904,25099977,191580590,194499660800,19154059,0,0,0,0,0,0,0,0,0,0,0,0,0,0,0,0,0,0,0,0,0,0,0,0,0,0,0,0,0,0,0,8,0,0,0,0,0,0,0
1787687011.564,0,0,0,0,0,0,0,683348505,388633545216,679970896384,0,0,0,0,0,0,0,0,0,0,0,0,0,0,0,0,0,0,0,0,0,0,0,0,0,0,0,0,0,0,0,0,0,0,0,0,0,0,0,0,0,0,0,0,0,0,0,0,0,0,0,0,0,0,0,0,0,0,0,0,7,6209736,23740741,24076044,0,0,0,0,0,0,0,0,0,0,0,0,0,0,0,0,0,0,0,0,0,0,0,0,0,0,0,0,0,0,0,0,0,0,0,0,0,51496140800,14105051136,3143075,860904,23990539,2269,0,384,3145728,20621689,3111910,147,3132601656,51539607552,0,1071553497,0,0,0,0,0,0,0,0,0,0,0,0,0,0,0,0,0,0,7937278,407508036,0,468,1204,7863,623,15874719,35,0,0,0,0,0,0,0,1,0,0,0,0,0,0,0,0,0,0,21743638,0,23990242,207291,0,0,0,0,0,0,0,0,16384,0,0,0,0,0,0,0,0,0,0,0,4603,115,0,0,0,0,0,24122816,0,72,0,16,115,4603,0,0,0,0,0,0,0,0,0,0,0,0,0,0,0,0,0,0,0,0,0,0,0,0,0,0,0,0,0,0,0,0,0,0,0,0,0,0,0,0,0,0,0,0,0,0,0,0,0,0,0,0,0,0,165766386,0,0,0,870203558,0,0,0,0,0,0,0,22315695,25109299,191585859,194503139328,19155442,0,0,0,0,0,0,0,0,0,0,0,0,0,0,0,0,0,0,0,0,0,0,0,0,0,0,0,0,0,0,0,162,0,0,0,0,0,0,0
1787687012.633,0,0,0,0,0,0,0,683376393,388785998336,680023384064,0,0,0,0,0,0,0,0,0,0,0,0,0,0,0,0,0,0,0,0,0,0,0,0,0,0,0,0,0,0,0,0,0,0,0,0,0,0,0,0,0,0,0,0,0,0,0,0,0,0,0,0,0,0,0,0,0,0,0,0,7,6209789,23750047,24078962,0,0,0,0,0,0,0,0,0,0,0,0,0,0,0,0,0,0,0,0,0,0,0,0,0,0,0,0,0,0,0,0,0,0,0,0,0,51505266688,14107688960,3143632,861065,23993457,1712,0,384,3145728,20630996,3111910,147,3132742435,51539607552,0,1071575539,0,0,0,0,0,0,0,0,0,0,0,0,0,0,0,0,0,0,7938059,407508817,0,468,1204,7863,623,15876281,35,0,0,0,0,0,0,0,1,0,0,0,0,0,0,0,0,0,0,21744624,0,23993160,207317,0,0,0,0,0,0,0,0,16384,0,0,0,0,0,0,0,0,0,0,0,4604,115,0,0,0,0,0,24125186,0,72,0,16,115,4604,0,0,0,0,0,0,0,0,0,0,0,0,0,0,0,0,0,0,0,0,0,0,0,0,0,0,0,0,0,0,0,0,0,0,0,0,0,0,0,0,0,0,0,0,0,0,0,0,0,0,0,0,0,0,165768741,0,0,0,870217036,0,0,0,0,0,0,0,22317516,25118605,191591162,194506558464,19156831,0,0,0,0,0,0,0,0,0,0,0,0,0,0,0,0,0,0,0,0,0,0,0,0,0,0,0,0,0,0,0,96,0,0,0,0,0,0,0
1787687013.703,0,0,0,0,0,0,0,683404420,388942137856,680074642944,0,0,0,0,0,0,0,0,0,0,0,0,0,0,0,0,0,0,0,0,0,0,0,0,0,0,0,0,0,0,0,0,0,0,0,0,0,0,0,0,0,0,0,0,0,0,0,0,0,0,0,0,0,0,0,0,0,0,0,0,7,6209839,23759578,24081837,0,0,0,0,0,0,0,0,0,0,0,0,0,0,0,0,0,0,0,0,0,0,0,0,0,0,0,0,0,0,0,0,0,0,0,0,0,51518963712,14112194560,3144468,861340,23996332,876,0,384,3145728,20640524,3111910,147,3132883642,51539607552,0,1071597425,0,0,0,0,0,0,0,0,0,0,0,0,0,0,0,0,0,0,7938847,407509605,0,468,1204,7863,623,15877857,35,0,0,0,0,0,0,0,1,0,0,0,0,0,0,0,0,0,0,21745622,0,23996035,207341,0,0,0,0,0,0,0,0,16384,0,0,0,0,0,0,0,0,0,0,0,4605,115,0,0,0,0,0,24127577,0,72,0,16,115,4605,0,0,0,0,0,0,0,0,0,0,0,0,0,0,0,0,0,0,0,0,0,0,0,0,0,0,0,0,0,0,0,0,0,0,0,0,0,0,0,0,0,0,0,0,0,0,0,0,0,0,0,0,0,0,165770994,0,0,0,870230612,0,0,0,0,0,0,0,22319197,25128132,191596313,194509665792,19158173,0,0,0,0,0,0,0,0,0,0,0,0,0,0,0,0,0,0,0,0,0,0,0,0,0,0,0,0,0,0,0,13,0,0,0,0,0,0,0
1787687014.774,0,0,0,0,0,0,0,683432447,389096327680,680126433280,0,0,0,0,0,0,0,0,0,0,0,0,0,0,0,0,0,0,0,0,0,0,0,0,0,0,0,0,0,0,0,0,0,0,0,0,0,0,0,0,0,0,0,0,0,0,0,0,0,0,0,0,0,0,0,0,0,0,0,0,7,6209896,23768992,24084717,0,0,0,0,0,0,0,0,0,0,0,0,0,0,0,0,0,0,0,0,0,0,0,0,0,0,0,0,0,0,0,0,0,0,0,0,0,51528548352,14116077568,3145053,861577,23999212,291,0,384,3145728,20649935,3111910,147,3133024067,51539607552,0,1071619159,0,0,0,0,0,0,0,0,0,0,0,0,0,0,0,0,0,0,7939632,407510389,0,468,1204,7863,623,15879427,35,0,0,0,0,0,0,0,1,0,0,0,0,0,0,0,0,0,0,21746601,0,23998915,207365,0,0,0,0,0,0,0,0,16384,0,0,0,0,0,0,0,0,0,0,0,4606,115,0,0,0,0,0,24129957,0,72,0,16,115,4606,0,0,0,0,0,0,0,0,0,0,0,0,0,0,0,0,0,0,0,0,0,0,0,0,0,0,0,0,0,0,0,0,0,0,0,0,0,0,0,0,0,0,0,0,0,0,0,0,0,0,0,0,0,0,165773335,0,0,0,870243918,0,0,0,0,0,0,0,22320982,25137545,191601556,194513015808,19159568,0,0,0,0,0,0,0,0,0,0,0,0,0,0,0,0,0,0,0,0,0,0,0,0,0,0,0,0,0,0,0,144,0,0,0,0,0,0,0
1787687015.845,0,0,0,0,0,0,0,683460609,389249354240,680179635712,0,0,0,0,0,0,0,0,0,0,0,0,0,0,0,0,0,0,0,0,0,0,0,0,0,0,0,0,0,0,0,0,0,0,0,0,0,0,0,0,0,0,0,0,0,0,0,0,0,0,0,0,0,0,0,0,0,0,0,0,7,6209961,23778336,24087675,0,0,0,0,0,0,0,0,0,0,0,0,0,0,0,0,0,0,0,0,0,0,0,0,0,0,0,0,0,0,0,0,0,0,0,0,0,51532890112,14119944192,3145318,861812,24002170,26,0,384,3145728,20659277,3111910,147,3133165971,51539607552,0,1071641564,0,0,0,0,0,0,0,0,0,0,0,0,0,0,0,0,0,0,7940418,407511176,0,468,1204,7863,623,15881001,35,0,0,0,0,0,0,0,1,0,0,0,0,0,0,0,0,0,0,21747591,0,24001873,207390,0,0,0,0,0,0,0,0,16384,0,0,0,0,0,0,0,0,0,0,0,4608,115,0,0,0,0,0,24132358,0,72,0,16,115,4608,0,0,0,0,0,0,0,0,0,0,0,0,0,0,0,0,0,0,0,0,0,0,0,0,0,0,0,0,0,0,0,0,0,0,0,0,0,0,0,0,0,0,0,0,0,0,0,0,0,0,0,0,0,0,165775655,0,0,0,870257502,0,0,0,0,0,0,0,22322779,25146887,191606857,194516517376,19160955,0,0,0,0,0,0,0,0,0,0,0,0,0,0,0,0,0,0,0,0,0,0,0,0,0,0,0,0,0,0,0,62,0,0,0,0,0,0,0
1787687016.914,0,0,0,0,0,0,0,683488209,389401119232,680261102080,0,0,0,0,0,0,0,0,0,0,0,0,0,0,0,0,0,0,0,0,0,0,0,0,0,0,0,0,0,0,0,0,0,0,0,0,0,0,0,0,0,0,0,0,0,0,0,0,0,0,0,0,0,0,0,0,0,0,0,0,7,6210015,23787600,24092243,0,0,0,0,0,0,0,0,0,0,0,0,0,0,0,0,0,0,0,0,0,0,0,0,0,0,0,0,0,0,0,0,0,0,0,0,0,51400998912,14096433152,3137268,860378,24005018,8076,0,384,3145728,20668539,3111910,147,3133304553,51539607552,0,1071663241,0,0,0,0,0,0,0,0,0,0,0,0,0,0,0,0,0,0,7941189,407511947,0,468,1204,7863,623,15882543,35,0,0,0,0,0,0,0,1,0,0,0,0,0,0,0,0,0,0,21748556,0,24006398,207431,0,0,0,0,0,0,0,0,16384,0,0,0,0,0,0,0,0,0,0,0,4609,115,0,0,0,0,0,24134698,0,72,0,16,115,4609,0,0,0,0,0,0,0,0,0,0,0,0,0,0,0,0,0,0,0,0,0,0,0,0,0,0,0,0,0,0,0,0,0,0,0,0,0,0,0,0,0,0,0,0,0,0,0,0,0,0,0,0,0,0,165777957,0,0,0,870270610,0,0,0,0,0,0,0,22324774,25156146,191613894,194520079360,19162299,1,0,0,0,0,0,0,0,0,0,0,0,0,0,0,0,0,0,0,0,0,0,0,0,0,0,0,0,0,0,0,202,0,0,0,0,0,0,0
1787687017.984,0,0,0,0,0,0,0,683515852,389551524352,680330333184,0,0,0,0,0,0,0,0,0,0,0,0,0,0,0,0,0,0,0,0,0,0,0,0,0,0,0,0,0,0,0,0,0,0,0,0,0,0,0,0,0,0,0,0,0,0,0,0,0,0,0,0,0,0,0,0,0,0,0,0,7,6210066,23796784,24096291,0,0,0,0,0,0,0,0,0,0,0,0,0,0,0,0,0,0,0,0,0,0,0,0,0,0,0,0,0,0,0,0,0,0,0,0,0,51409846272,14079410176,3137808,859339,24010786,7536,0,384,3145728,20677724,3111910,147,3133443924,51539607552,0,1071685048,0,0,0,0,0,0,0,0,0,0,0,0,0,0,0,0,0,0,7941965,407512723,0,468,1204,7863,623,15884095,35,0,0,0,0,0,0,0,1,0,0,0,0,0,0,0,0,0,0,21749537,0,24010489,207465,0,0,0,0,0,0,0,0,16384,0,0,0,0,0,0,0,0,0,0,0,4610,115,0,0,0,0,0,24137062,0,72,0,16,115,4610,0,0,0,0,0,0,0,0,0,0,0,0,0,0,0,0,0,0,0,0,0,0,0,0,0,0,0,0,0,0,0,0,0,0,0,0,0,0,0,0,0,0,0,0,0,0,0,0,0,0,0,0,0,0,165780321,0,0,0,870283999,0,0,0,0,0,0,0,22326812,25165329,191620210,194523536384,19163716,0,0,0,0,0,0,0,0,0,0,0,0,0,0,0,0,0,0,0,0,0,0,0,0,0,0,0,0,0,0,0,120,0,0,0,0,0,0,0
1787687019.054,0,0,0,0,0,0,0,683543928,389706271232,680381281280,0,0,0,0,0,0,0,0,0,0,0,0,0,0,0,0,0,0,0,0,0,0,0,0,0,0,0,0,0,0,0,0,0,0,0,0,0,0,0,0,0,0,0,0,0,0,0,0,0,0,0,0,0,0,0,0,0,0,0,0,7,6210126,23806231,24099127,0,0,0,0,0,0,0,0,0,0,0,0,0,0,0,0,0,0,0,0,0,0,0,0,0,0,0,0,0,0,0,0,0,0,0,0,0,51420086272,14085341184,3138433,859701,24013622,6911,0,384,3145728,20687169,3111910,147,3133584297,51539607552,0,1071706338,0,0,0,0,0,0,0,0,0,0,0,0,0,0,0,0,0,0,7942753,407513511,0,468,1204,7863,623,15885670,35,0,0,0,0,0,0,0,1,0,0,0,0,0,0,0,0,0,0,21750521,0,24013325,207489,0,0,0,0,0,0,0,0,16384,0,0,0,0,0,0,0,0,0,0,0,4611,115,0,0,0,0,0,24139455,0,72,0,16,115,4611,0,0,0,0,0,0,0,0,0,0,0,0,0,0,0,0,0,0,0,0,0,0,0,0,0,0,0,0,0,0,0,0,0,0,0,0,0,0,0,0,0,0,0,0,0,0,0,0,0,0,0,0,0,0,165782622,0,0,0,870297295,0,0,0,0,0,0,0,22328589,25174769,191625371,194526854144,19165101,0,0,0,0,0,0,0,0,0,0,0,0,0,0,0,0,0,0,0,0,0,0,0,0,0,0,0,0,0,0,0,327,0,0,0,0,0,0,0
1787687020.124,0,0,0,0,0,0,0,683571825,389859232256,680432175104,0,0,0,0,0,0,0,0,0,0,0,0,0,0,0,0,0,0,0,0,0,0,0,0,0,0,0,0,0,0,0,0,0,0,0,0,0,0,0,0,0,0,0,0,0,0,0,0,0,0,0,0,0,0,0,0,0,0,0,0,7,6210169,23815568,24101970,0,0,0,0,0,0,0,0,0,0,0,0,0,0,0,0,0,0,0,0,0,0,0,0,0,0,0,0,0,0,0,0,0,0,0,0,0,51429933056,14089453568,3139034,859952,24016465,6310,0,384,3145728,20696506,3111910,147,3133725116,51539607552,0,1071728306,0,0,0,0,0,0,0,0,0,0,0,0,0,0,0,0,0,0,7943537,407514295,0,468,1204,7863,623,15887239,35,0,0,0,0,0,0,0,1,0,0,0,0,0,0,0,0,0,0,21751509,0,24016168,207514,0,0,0,0,0,0,0,0,16384,0,0,0,0,0,0,0,0,0,0,0,4612,115,0,0,0,0,0,24141834,0,72,0,16,115,4612,0,0,0,0,0,0,0,0,0,0,0,0,0,0,0,0,0,0,0,0,0,0,0,0,0,0,0,0,0,0,0,0,0,0,0,0,0,0,0,0,0,0,0,0,0,0,0,0,0,0,0,0,0,0,165784888,0,0,0,870310878,0,0,0,0,0,0,0,22330360,25184104,191630506,194530027520,19166439,0,0,0,0,0,0,0,0,0,0,0,0,0,0,0,0,0,0,0,0,0,0,0,0,0,0,0,0,0,0,0,172,0,0,0,0,0,0,0
1787687021.193,0,0,0,0,0,0,0,683599502,390010833408,680482336768,0,0,0,0,0,0,0,0,0,0,0,0,0,0,0,0,0,0,0,0,0,0,0,0,0,0,0,0,0,0,0,0,0,0,0,0,0,0,0,0,0,0,0,0,0,0,0,0,0,0,0,0,0,0,0,0,0,0,0,0,7,6210217,23824829,24104760,0,0,0,0,0,0,0,0,0,0,0,0,0,0,0,0,0,0,0,0,0,0,0,0,0,0,0,0,0,0,0,0,0,0,0,0,0,51439566848,14093910016,3139622,860224,24019255,5722,0,384,3145728,20705763,3111910,147,3133864649,51539607552,0,1071750132,0,0,0,0,0,0,0,0,0,0,0,0,0,0,0,0,0,0,7944311,407515069,0,468,1204,7863,623,15888785,35,0,0,0,0,0,0,0,1,0,0,0,0,0,0,0,0,0,0,21752492,0,24018958,207538,0,0,0,0,0,0,0,0,16384,0,0,0,0,0,0,0,0,0,0,0,4613,115,0,0,0,0,0,24144194,0,72,0,16,115,4613,0,0,0,0,0,0,0,0,0,0,0,0,0,0,0,0,0,0,0,0,0,0,0,0,0,0,0,0,0,0,0,0,0,0,0,0,0,0,0,0,0,0,0,0,0,0,0,0,0,0,0,0,0,0,165787137,0,0,0,870324199,0,0,0,0,0,0,0,22332101,25193363,191635566,194533306368,19167775,0,0,0,0,0,0,0,0,0,0,0,0,0,0,0,0,0,0,0,0,0,0,0,0,0,0,0,0,0,0,0,127,0,0,0,0,0,0,0
1787687022.263,0,0,0,0,0,0,0,683627214,390162893312,680533979136,0,0,0,0,0,0,0,0,0,0,0,0,0,0,0,0,0,0,0,0,0,0,0,0,0,0,0,0,0,0,0,0,0,0,0,0,0,0,0,0,0,0,0,0,0,0,0,0,0,0,0,0,0,0,0,0,0,0,0,0,7,6210273,23834112,24107620,0,0,0,0,0,0,0,0,0,0,0,0,0,0,0,0,0,0,0,0,0,0,0,0,0,0,0,0,0,0,0,0,0,0,0,0,0,51449626624,14098464768,3140236,860502,24022115,5108,0,384,3145728,20715045,3111910,147,3134004775,51539607552,0,1071772362,0,0,0,0,0,0,0,0,0,0,0,0,0,0,0,0,0,0,7945087,407515845,0,468,1204,7863,623,15890337,35,0,0,0,0,0,0,0,1,0,0,0,0,0,0,0,0,0,0,21753475,0,24021818,207563,0,0,0,0,0,0,0,0,16384,0,0,0,0,0,0,0,0,0,0,0,4614,115,0,0,0,0,0,24146566,0,72,0,16,115,4614,0,0,0,0,0,0,0,0,0,0,0,0,0,0,0,0,0,0,0,0,0,0,0,0,0,0,0,0,0,0,0,0,0,0,0,0,0,0,0,0,0,0,0,0,0,0,0,0,0,0,0,0,0,0,165789405,0,0,0,870337586,0,0,0,0,0,0,0,22333991,25202640,191640718,194536892416,19169235,0,0,0,0,0,0,0,0,0,0,0,0,0,0,0,0,0,0,0,0,0,0,0,0,0,0,0,0,0,0,0,55,0,0,0,0,0,0,0
1787687023.333,0,0,0,0,0,0,0,683654807,390314265088,680583931392,0,0,0,0,0,0,0,0,0,0,0,0,0,0,0,0,0,0,0,0,0,0,0,0,0,0,0,0,0,0,0,0,0,0,0,0,0,0,0,0,0,0,0,0,0,0,0,0,0,0,0,0,0,0,0,0,0,0,0,0,7,6210323,23843356,24110403,0,0,0,0,0,0,0,0,0,0,0,0,0,0,0,0,0,0,0,0,0,0,0,0,0,0,0,0,0,0,0,0,0,0,0,0,0,51459375104,14102675456,3140831,860759,24024898,4513,0,384,3145728,20724287,3111910,147,3134142619,51539607552,0,1071793342,0,0,0,0,0,0,0,0,0,0,0,0,0,0,0,0,0,0,7945860,407516618,0,468,1204,7863,623,15891883,35,0,0,0,0,0,0,0,1,0,0,0,0,0,0,0,0,0,0,21754453,0,24024601,207587,0,0,0,0,0,0,0,0,16384,0,0,0,0,0,0,0,0,0,0,0,4615,115,0,0,0,0,0,24148910,0,72,0,16,115,4615,0,0,0,0,0,0,0,0,0,0,0,0,0,0,0,0,0,0,0,0,0,0,0,0,0,0,0,0,0,0,0,0,0,0,0,0,0,0,0,0,0,0,0,0,0,0,0,0,0,0,0,0,0,0,165791654,0,0,0,870350603,0,0,0,0,0,0,0,22335767,25211877,191645772,194540016128,19170591,0,0,0,0,0,0,0,0,0,0,0,0,0,0,0,0,0,0,0,0,0,0,0,0,0,0,0,0,0,0,0,279,0,0,0,0,0,0,0
1787687024.402,0,0,0,0,0,0,0,683682636,390465587712,680635494400,0,0,0,0,0,0,0,0,0,0,0,0,0,0,0,0,0,0,0,0,0,0,0,0,0,0,0,0,0,0,0,0,0,0,0,0,0,0,0,0,0,0,0,0,0,0,0,0,0,0,0,0,0,0,0,0,0,0,0,0,7,6210384,23852593,24113264,0,0,0,0,0,0,0,0,0,0,0,0,0,0,0,0,0,0,0,0,0,0,0,0,0,0,0,0,0,0,0,0,0,0,0,0,0,51470073856,14107262976,3141484,861039,24027759,3860,0,384,3145728,20733524,3111910,147,3134282950,51539607552,0,1071815460,0,0,0,0,0,0,0,0,0,0,0,0,0,0,0,0,0,0,7946638,407517396,0,468,1204,7863,623,15893440,35,0,0,0,0,0,0,0,1,0,0,0,0,0,0,0,0,0,0,21755436,0,24027462,207611,0,0,0,0,0,0,0,0,16384,0,0,0,0,0,0,0,0,0,0,0,4616,115,0,0,0,0,0,24151281,0,72,0,16,115,4616,0,0,0,0,0,0,0,0,0,0,0,0,0,0,0,0,0,0,0,0,0,0,0,0,0,0,0,0,0,0,0,0,0,0,0,0,0,0,0,0,0,0,0,0,0,0,0,0,0,0,0,0,0,0,165793964,0,0,0,870364012,0,0,0,0,0,0,0,22337637,25221114,191650963,194543521792,19172098,0,0,0,0,0,0,0,0,0,0,0,0,0,0,0,0,0,0,0,0,0,0,0,0,0,0,0,0,0,0,0,217,0,0,0,0,0,0,0
1787687025.472,0,0,0,0,0,0,0,683710370,390617483776,680686710272,0,0,0,0,0,0,0,0,0,0,0,0,0,0,0,0,0,0,0,0,0,0,0,0,0,0,0,0,0,0,0,0,0,0,0,0,0,0,0,0,0,0,0,0,0,0,0,0,0,0,0,0,0,0,0,0,0,0,0,0,7,6210441,23861865,24116102,0,0,0,0,0,0,0,0,0,0,0,0,0,0,0,0,0,0,0,0,0,0,0,0,0,0,0,0,0,0,0,0,0,0,0,0,0,51481542656,14111539200,3142184,861300,24030597,3160,0,384,3145728,20742794,3111910,147,3134422846,51539607552,0,1071837480,0,0,0,0,0,0,0,0,0,0,0,0,0,0,0,0,0,0,7947416,407518174,0,468,1204,7863,623,15894995,35,0,0,0,0,0,0,0,1,0,0,0,0,0,0,0,0,0,0,21756412,0,24030300,207636,0,0,0,0,0,0,0,0,16384,0,0,0,0,0,0,0,0,0,0,0,4617,115,0,0,0,0,0,24153645,0,72,0,16,115,4617,0,0,0,0,0,0,0,0,0,0,0,0,0,0,0,0,0,0,0,0,0,0,0,0,0,0,0,0,0,0,0,0,0,0,0,0,0,0,0,0,0,0,0,0,0,0,0,0,0,0,0,0,0,0,165796239,0,0,0,870377460,0,0,0,0,0,0,0,22339578,25230381,191656100,194546993152,19173638,0,0,0,0,0,0,0,0,0,0,0,0,0,0,0,0,0,0,0,0,0,0,0,0,0,0,0,0,0,0,0,112,0,0,0,0,0,0,0
1787687026.542,0,0,0,0,0,0,0,683738320,390769871360,680737919488,0,0,0,0,0,0,0,0,0,0,0,0,0,0,0,0,0,0,0,0,0,0,0,0,0,0,0,0,0,0,0,0,0,0,0,0,0,0,0,0,0,0,0,0,0,0,0,0,0,0,0,0,0,0,0,0,0,0,0,0,7,6210495,23871165,24118947,0,0,0,0,0,0,0,0,0,0,0,0,0,0,0,0,0,0,0,0,0,0,0,0,0,0,0,0,0,0,0,0,0,0,0,0,0,51491766272,14113898496,3142808,861444,24033442,2536,0,384,3145728,20752092,3111910,147,3134562920,51539607552,0,1071858983,0,0,0,0,0,0,0,0,0,0,0,0,0,0,0,0,0,0,7948198,407518956,0,468,1204,7863,623,15896559,35,0,0,0,0,0,0,0,1,0,0,0,0,0,0,0,0,0,0,21757391,0,24033145,207660,0,0,0,0,0,0,0,0,16384,0,0,0,0,0,0,0,0,0,0,0,4618,115,0,0,0,0,0,24156014,0,72,0,16,115,4618,0,0,0,0,0,0,0,0,0,0,0,0,0,0,0,0,0,0,0,0,0,0,0,0,0,0,0,0,0,0,0,0,0,0,0,0,0,0,0,0,0,0,0,0,0,0,0,0,0,0,0,0,0,0,165798565,0,0,0,870390740,0,0,0,0,0,0,0,22341452,25239680,191661296,194550382080,19175113,0,0,0,0,0,0,0,0,0,0,0,0,0,0,0,0,0,0,0,0,0,0,0,0,0,0,0,0,0,0,0,263,0,0,0,0,0,0,0
1787687027.610,0,0,0,0,0,0,0,683766127,390921472512,680789896704,0,0,0,0,0,0,0,0,0,0,0,0,0,0,0,0,0,0,0,0,0,0,0,0,0,0,0,0,0,0,0,0,0,0,0,0,0,0,0,0,0,0,0,0,0,0,0,0,0,0,0,0,0,0,0,0,0,0,0,0,7,6210555,23880420,24121833,0,0,0,0,0,0,0,0,0,0,0,0,0,0,0,0,0,0,0,0,0,0,0,0,0,0,0,0,0,0,0,0,0,0,0,0,0,51501842432,14117404672,3143423,861658,24036328,1921,0,384,3145728,20761346,3111910,147,3134703391,51539607552,0,1071881350,0,0,0,0,0,0,0,0,0,0,0,0,0,0,0,0,0,0,7948977,407519735,0,468,1204,7863,623,15898117,35,0,0,0,0,0,0,0,1,0,0,0,0,0,0,0,0,0,0,21758375,0,24036031,207684,0,0,0,0,0,0,0,0,16384,0,0,0,0,0,0,0,0,0,0,0,4619,115,0,0,0,0,0,24158384,0,72,0,16,115,4619,0,0,0,0,0,0,0,0,0,0,0,0,0,0,0,0,0,0,0,0,0,0,0,0,0,0,0,0,0,0,0,0,0,0,0,0,0,0,0,0,0,0,0,0,0,0,0,0,0,0,0,0,0,0,165800931,0,0,0,870404168,0,0,0,0,0,0,0,22343397,25248934,191666572,194553976320,19176686,0,0,0,0,0,0,0,0,0,0,0,0,0,0,0,0,0,0,0,0,0,0,0,0,0,0,0,0,0,0,0,188,0,0,0,0,0,0,0
1787687028.680,0,0,0,0,0,0,0,683793629,391072664064,680840462336,0,0,0,0,0,0,0,0,0,0,0,0,0,0,0,0,0,0,0,0,0,0,0,0,0,0,0,0,0,0,0,0,0,0,0,0,0,0,0,0,0,0,0,0,0,0,0,0,0,0,0,0,0,0,0,0,0,0,0,0,7,6210604,23889650,24124645,0,0,0,0,0,0,0,0,0,0,0,0,0,0,0,0,0,0,0,0,0,0,0,0,0,0,0,0,0,0,0,0,0,0,0,0,0,51511869440,14121975808,3144035,861937,24039140,1308,0,385,3145728,20770574,3111910,147,3134842085,51539607552,0,1071903197,0,0,0,0,0,0,0,0,0,0,0,0,0,0,0,0,0,0,7949746,407520503,0,468,1204,7863,623,15899655,35,0,0,0,0,0,0,0,1,0,0,0,0,0,0,0,0,0,0,21759346,0,24038843,207708,0,0,0,0,0,0,0,0,16384,0,0,0,0,0,0,0,0,0,0,0,4620,115,0,0,0,0,0,24160719,0,72,0,16,115,4620,0,0,0,0,0,0,0,0,0,0,0,0,0,0,0,0,0,0,0,0,0,0,0,0,0,0,0,0,0,0,0,0,0,0,0,0,0,0,0,0,0,0,0,0,0,0,0,0,0,0,0,0,0,0,165803248,0,0,0,870417420,0,0,0,0,0,0,0,22345219,25258161,191671725,194557301760,19178081,0,0,0,0,0,0,0,0,0,0,0,0,0,0,0,0,0,0,0,0,0,0,0,0,0,0,0,0,0,0,0,121,0,0,0,0,0,0,0
1787687029.750,0,0,0,0,0,0,0,683821452,391225920000,680891576320,0,0,0,0,0,0,0,0,0,0,0,0,0,0,0,0,0,0,0,0,0,0,0,0,0,0,0,0,0,0,0,0,0,0,0,0,0,0,0,0,0,0,0,0,0,0,0,0,0,0,0,0,0,0,0,0,0,0,0,0,7,6210652,23899007,24127502,0,0,0,0,0,0,0,0,0,0,0,0,0,0,0,0,0,0,0,0,0,0,0,0,0,0,0,0,0,0,0,0,0,0,0,0,0,51524026368,14126809088,3144777,862232,24041997,567,0,384,3145728,20779930,3111910,147,3134982002,51539607552,0,1071924744,0,0,0,0,0,0,0,0,0,0,0,0,0,0,0,0,0,0,7950527,407521285,0,468,1204,7863,623,15901218,35,0,0,0,0,0,0,0,1,0,0,0,0,0,0,0,0,0,0,21760335,0,24041700,207732,0,0,0,0,0,0,0,0,16384,0,0,0,0,0,0,0,0,0,0,0,4621,115,0,0,0,0,0,24163104,0,72,0,16,115,4621,0,0,0,0,0,0,0,0,0,0,0,0,0,0,0,0,0,0,0,0,0,0,0,0,0,0,0,0,0,0,0,0,0,0,0,0,0,0,0,0,0,0,0,0,0,0,0,0,0,0,0,0,0,0,165805521,0,0,0,870430858,0,0,0,0,0,0,0,22347025,25267516,191676877,194560389632,19179497,0,0,0,0,0,0,0,0,0,0,0,0,0,0,0,0,0,0,0,0,0,0,0,0,0,0,0,0,0,0,0,68,0,0,0,0,0,0,0
1787687030.819,0,0,0,0,0,0,0,683849251,391377406464,680943195648,0,0,0,0,0,0,0,0,0,0,0,0,0,0,0,0,0,0,0,0,0,0,0,0,0,0,0,0,0,0,0,0,0,0,0,0,0,0,0,0,0,0,0,0,0,0,0,0,0,0,0,0,0,0,0,0,0,0,0,0,7,6210698,23908252,24130392,0,0,0,0,0,0,0,0,0,0,0,0,0,0,0,0,0,0,0,0,0,0,0,0,0,0,0,0,0,0,0,0,0,0,0,0,0,51531776000,14129479680,3145250,862395,24044887,94,0,384,3145728,20789173,3111910,147,3135120801,51539607552,0,1071945622,0,0,0,0,0,0,0,0,0,0,0,0,0,0,0,0,0,0,7951308,407522066,0,468,1204,7863,623,15902781,35,0,0,0,0,0,0,0,1,0,0,0,0,0,0,0,0,0,0,21761324,0,24044590,207756,0,0,0,0,0,0,0,0,16384,0,0,0,0,0,0,0,0,0,0,0,4622,115,0,0,0,0,0,24165482,0,72,0,16,115,4622,0,0,0,0,0,0,0,0,0,0,0,0,0,0,0,0,0,0,0,0,0,0,0,0,0,0,0,0,0,0,0,0,0,0,0,0,0,0,0,0,0,0,0,0,0,0,0,0,0,0,0,0,0,0,165807835,0,0,0,870444028,0,0,0,0,0,0,0,22348790,25276761,191682105,194563470848,19180881,0,0,0,0,0,0,0,0,0,0,0,0,0,0,0,0,0,0,0,0,0,0,0,0,0,0,0,0,0,0,0,283,0,0,0,0,0,0,0
1787687031.889,0,0,0,0,0,0,0,683877140,391529253376,681009392128,0,0,0,0,0,0,0,0,0,0,0,0,0,0,0,0,0,0,0,0,0,0,0,0,0,0,0,0,0,0,0,0,0,0,0,0,0,0,0,0,0,0,0,0,0,0,0,0,0,0,0,0,0,0,0,0,0,0,0,0,7,6210750,23917525,24133539,0,0,0,0,0,0,0,0,0,0,0,0,0,0,0,0,0,0,0,0,0,0,0,0,0,0,0,0,0,0,0,0,0,0,0,0,0,51411140608,14129184768,3137887,862377,24047775,7458,0,384,3145728,20798445,3111910,147,3135261537,51539607552,0,1071968078,0,0,0,0,0,0,0,0,0,0,0,0,0,0,0,0,0,0,7952086,407522844,0,468,1204,7863,623,15904335,35,0,0,0,0,0,0,0,1,0,0,0,0,0,0,0,0,0,0,21762309,0,24047576,207788,0,0,0,0,0,0,0,0,16384,0,0,0,0,0,0,0,0,0,0,0,4624,115,0,0,0,0,0,24167837,0,72,0,16,115,4624,0,0,0,0,0,0,0,0,0,0,0,0,0,0,0,0,0,0,0,0,0,0,0,0,0,0,0,0,0,0,0,0,0,0,0,0,0,0,0,0,0,0,0,0,0,0,0,0,0,0,0,0,0,0,165810135,0,0,0,870457447,0,0,0,0,0,0,0,22350627,25286026,191688213,194566903808,19182257,1,0,0,0,0,0,0,0,0,0,0,0,0,0,0,0,0,0,0,0,0,0,0,0,0,0,0,0,0,0,0,209,0,0,0,0,0,0,0
1787687032.958,0,0,0,0,0,0,0,683903134,391673350656,681092628992,0,0,0,0,0,0,0,0,0,0,0,0,0,0,0,0,0,0,0,0,0,0,0,0,0,0,0,0,0,0,0,0,0,0,0,0,0,0,0,0,0,0,0,0,0,0,0,0,0,0,0,0,0,0,0,0,0,0,0,0,7,6210791,23926323,24138996,0,0,0,0,0,0,0,0,0,0,0,0,0,0,0,0,0,0,0,0,0,0,0,0,0,0,0,0,0,0,0,0,0,0,0,0,0,51403702272,14086569984,3137433,859776,24053491,7909,0,384,3145728,20807242,3111910,147,3135392640,51539607552,0,1071988222,0,0,0,0,0,0,0,0,0,0,0,0,0,0,0,0,0,0,7952827,407523585,0,468,1204,7863,623,15905817,35,0,0,0,0,0,0,0,1,0,0,0,0,0,0,0,0,0,0,21763231,0,24053194,207830,0,0,0,0,0,0,0,0,16384,0,0,0,0,0,0,0,0,0,0,0,4625,115,0,0,0,0,0,24170094,0,72,0,16,115,4625,0,0,0,0,0,0,0,0,0,0,0,0,0,0,0,0,0,0,0,0,0,0,0,0,0,0,0,0,0,0,0,0,0,0,0,0,0,0,0,0,0,0,0,0,0,0,0,0,0,0,0,0,0,0,165812242,0,0,0,870470091,0,0,0,0,0,0,0,22352699,25294823,191695186,194569795072,19183557,0,0,0,0,0,0,0,0,0,0,0,0,0,0,0,0,0,0,0,0,0,0,0,0,0,0,0,0,0,0,0,85,0,0,0,0,0,0,0
1787687034.026,0,0,0,0,0,0,0,683930764,391823034880,681143205376,0,0,0,0,0,0,0,0,0,0,0,0,0,0,0,0,0,0,0,0,0,0,0,0,0,0,0,0,0,0,0,0,0,0,0,0,0,0,0,0,0,0,0,0,0,0,0,0,0,0,0,0,0,0,0,0,0,0,0,0,7,6210839,23935461,24141831,0,0,0,0,0,0,0,0,0,0,0,0,0,0,0,0,0,0,0,0,0,0,0,0,0,0,0,0,0,0,0,0,0,0,0,0,0,51415744512,14089502720,3138168,859955,24056326,7176,0,384,3145728,20816379,3111910,147,3135530949,51539607552,0,1072009681,0,0,0,0,0,0,0,0,0,0,0,0,0,0,0,0,0,0,7953591,407524349,0,468,1204,7863,623,15907345,35,0,0,0,0,0,0,0,1,0,0,0,0,0,0,0,0,0,0,21764186,0,24056029,207854,0,0,0,0,0,0,0,0,16384,0,0,0,0,0,0,0,0,0,0,0,4626,115,0,0,0,0,0,24172420,0,72,0,16,115,4626,0,0,0,0,0,0,0,0,0,0,0,0,0,0,0,0,0,0,0,0,0,0,0,0,0,0,0,0,0,0,0,0,0,0,0,0,0,0,0,0,0,0,0,0,0,0,0,0,0,0,0,0,0,0,165814461,0,0,0,870483263,0,0,0,0,0,0,0,22354436,25303958,191700262,194572932096,19184921,0,0,0,0,0,0,0,0,0,0,0,0,0,0,0,0,0,0,0,0,0,0,0,0,0,0,0,0,0,0,0,165,0,0,0,0,0,0,0
1787687035.094,0,0,0,0,0,0,0,683958978,391976733184,681194629120,0,0,0,0,0,0,0,0,0,0,0,0,0,0,0,0,0,0,0,0,0,0,0,0,0,0,0,0,0,0,0,0,0,0,0,0,0,0,0,0,0,0,0,0,0,0,0,0,0,0,0,0,0,0,0,0,0,0,0,0,7,6210904,23944843,24144672,0,0,0,0,0,0,0,0,0,0,0,0,0,0,0,0,0,0,0,0,0,0,0,0,0,0,0,0,0,0,0,0,0,0,0,0,0,51426852864,14094417920,3138846,860255,24059167,6498,0,384,3145728,20825759,3111910,147,3135673135,51539607552,0,1072032294,0,0,0,0,0,0,0,0,0,0,0,0,0,0,0,0,0,0,7954377,407525135,0,468,1204,7863,623,15908917,35,0,0,0,0,0,0,0,1,0,0,0,0,0,0,0,0,0,0,21765181,0,24058870,207878,0,0,0,0,0,0,0,0,16384,0,0,0,0,0,0,0,0,0,0,0,4627,115,0,0,0,0,0,24174815,0,72,0,16,115,4627,0,0,0,0,0,0,0,0,0,0,0,0,0,0,0,0,0,0,0,0,0,0,0,0,0,0,0,0,0,0,0,0,0,0,0,0,0,0,0,0,0,0,0,0,0,0,0,0,0,0,0,0,0,0,165816860,0,0,0,870496814,0,0,0,0,0,0,0,22356235,25313341,191705524,194576635904,19186376,0,0,0,0,0,0,0,0,0,0,0,0,0,0,0,0,0,0,0,0,0,0,0,0,0,0,0,0,0,0,0,124,0,0,0,0,0,0,0
1787687036.170,0,0,0,0,0,0,0,683987180,392130464256,681246187008,0,0,0,0,0,0,0,0,0,0,0,0,0,0,0,0,0,0,0,0,0,0,0,0,0,0,0,0,0,0,0,0,0,0,0,0,0,0,0,0,0,0,0,0,0,0,0,0,0,0,0,0,0,0,0,0,0,0,0,0,7,6210949,23954230,24147539,0,0,0,0,0,0,0,0,0,0,0,0,0,0,0,0,0,0,0,0,0,0,0,0,0,0,0,0,0,0,0,0,0,0,0,0,0,51437846528,14099070976,3139517,860539,24062034,5827,0,384,3145728,20835141,3111910,147,3135815205,51539607552,0,1072054372,0,0,0,0,0,0,0,0,0,0,0,0,0,0,0,0,0,0,7955169,407525927,0,468,1204,7863,623,15910501,35,0,0,0,0,0,0,0,1,0,0,0,0,0,0,0,0,0,0,21766187,0,24061737,207903,0,0,0,0,0,0,0,0,16384,0,0,0,0,0,0,0,0,0,0,0,4628,115,0,0,0,0,0,24177222,0,72,0,16,115,4628,0,0,0,0,0,0,0,0,0,0,0,0,0,0,0,0,0,0,0,0,0,0,0,0,0,0,0,0,0,0,0,0,0,0,0,0,0,0,0,0,0,0,0,0,0,0,0,0,0,0,0,0,0,0,165819199,0,0,0,870510446,0,0,0,0,0,0,0,22358126,25322722,191710755,194580026368,19187851,0,0,0,0,0,0,0,0,0,0,0,0,0,0,0,0,0,0,0,0,0,0,0,0,0,0,0,0,0,0,0,63,0,0,0,0,0,0,0
1787687037.240,0,0,0,0,0,0,0,684015089,392281000448,681296748544,0,0,0,0,0,0,0,0,0,0,0,0,0,0,0,0,0,0,0,0,0,0,0,0,0,0,0,0,0,0,0,0,0,0,0,0,0,0,0,0,0,0,0,0,0,0,0,0,0,0,0,0,0,0,0,0,0,0,0,0,7,6210988,23963421,24150348,0,0,0,0,0,0,0,0,0,0,0,0,0,0,0,0,0,0,0,0,0,0,0,0,0,0,0,0,0,0,0,0,0,0,0,0,0,51446906880,14102724608,3140070,860762,24064843,5274,0,384,3145728,20844333,3111910,147,3135955452,51539607552,0,1072076056,0,0,0,0,0,0,0,0,0,0,0,0,0,0,0,0,0,0,7955952,407526710,0,468,1204,7863,623,15912067,35,0,0,0,0,0,0,0,1,0,0,0,0,0,0,0,0,0,0,21767177,0,24064546,207927,0,0,0,0,0,0,0,0,16384,0,0,0,0,0,0,0,0,0,0,0,4629,115,0,0,0,0,0,24179586,0,72,0,16,115,4629,0,0,0,0,0,0,0,0,0,0,0,0,0,0,0,0,0,0,0,0,0,0,0,0,0,0,0,0,0,0,0,0,0,0,0,0,0,0,0,0,0,0,0,0,0,0,0,0,0,0,0,0,0,0,165821527,0,0,0,870523939,0,0,0,0,0,0,0,22359998,25331913,191715916,194583399424,19189350,0,0,0,0,0,0,0,0,0,0,0,0,0,0,0,0,0,0,0,0,0,0,0,0,0,0,0,0,0,0,0,5,0,0,0,0,0,0,0
1787687038.309,0,0,0,0,0,0,0,684042946,392434436608,681347422720,0,0,0,0,0,0,0,0,0,0,0,0,0,0,0,0,0,0,0,0,0,0,0,0,0,0,0,0,0,0,0,0,0,0,0,0,0,0,0,0,0,0,0,0,0,0,0,0,0,0,0,0,0,0,0,0,0,0,0,0,7,6211050,23972787,24153164,0,0,0,0,0,0,0,0,0,0,0,0,0,0,0,0,0,0,0,0,0,0,0,0,0,0,0,0,0,0,0,0,0,0,0,0,0,51458818048,14107475968,3140797,861052,24067659,4546,0,384,3145728,20853697,3111910,147,3136094868,51539607552,0,1072097482,0,0,0,0,0,0,0,0,0,0,0,0,0,0,0,0,0,0,7956731,407527489,0,468,1204,7863,623,15913625,35,0,0,0,0,0,0,0,1,0,0,0,0,0,0,0,0,0,0,21768165,0,24067362,207951,0,0,0,0,0,0,0,0,16384,0,0,0,0,0,0,0,0,0,0,0,4630,115,0,0,0,0,0,24181966,0,72,0,16,115,4630,0,0,0,0,0,0,0,0,0,0,0,0,0,0,0,0,0,0,0,0,0,0,0,0,0,0,0,0,0,0,0,0,0,0,0,0,0,0,0,0,0,0,0,0,0,0,0,0,0,0,0,0,0,0,165823877,0,0,0,870537068,0,0,0,0,0,0,0,22361859,25341277,191721103,194586821632,19190806,0,0,0,0,0,0,0,0,0,0,0,0,0,0,0,0,0,0,0,0,0,0,0,0,0,0,0,0,0,0,0,241,0,0,0,0,0,0,0
1787687039.378,0,0,0,0,0,0,0,684071188,392587610624,681397233152,0,0,0,0,0,0,0,0,0,0,0,0,0,0,0,0,0,0,0,0,0,0,0,0,0,0,0,0,0,0,0,0,0,0,0,0,0,0,0,0,0,0,0,0,0,0,0,0,0,0,0,0,0,0,0,0,0,0,0,0,7,6211101,23982138,24155932,0,0,0,0,0,0,0,0,0,0,0,0,0,0,0,0,0,0,0,0,0,0,0,0,0,0,0,0,0,0,0,0,0,0,0,0,0,51467665408,14114488320,3141337,861480,24070427,4006,0,384,3145728,20863043,3111910,147,3136236986,51539607552,0,1072119622,0,0,0,0,0,0,0,0,0,0,0,0,0,0,0,0,0,0,7957523,407528281,0,468,1204,7863,623,15915209,35,0,0,0,0,0,0,0,1,0,0,0,0,0,0,0,0,0,0,21769164,0,24070130,207975,0,0,0,0,0,0,0,0,16384,0,0,0,0,0,0,0,0,0,0,0,4631,115,0,0,0,0,0,24184369,0,72,0,16,115,4631,0,0,0,0,0,0,0,0,0,0,0,0,0,0,0,0,0,0,0,0,0,0,0,0,0,0,0,0,0,0,0,0,0,0,0,0,0,0,0,0,0,0,0,0,0,0,0,0,0,0,0,0,0,0,165826173,0,0,0,870550683,0,0,0,0,0,0,0,22363583,25350630,191726191,194590128128,19192190,0,0,0,0,0,0,0,0,0,0,0,0,0,0,0,0,0,0,0,0,0,0,0,0,0,0,0,0,0,0,0,193,0,0,0,0,0,0,0
1787687040.447,0,0,0,0,0,0,0,684098946,392740702720,681448441344,0,0,0,0,0,0,0,0,0,0,0,0,0,0,0,0,0,0,0,0,0,0,0,0,0,0,0,0,0,0,0,0,0,0,0,0,0,0,0,0,0,0,0,0,0,0,0,0,0,0,0,0,0,0,0,0,0,0,0,0,7,6211167,23991484,24158778,0,0,0,0,0,0,0,0,0,0,0,0,0,0,0,0,0,0,0,0,0,0,0,0,0,0,0,0,0,0,0,0,0,0,0,0,0,51478839296,14118404096,3142019,861719,24073273,3324,0,384,3145728,20872385,3111910,147,3136377255,51539607552,0,1072142083,0,0,0,0,0,0,0,0,0,0,0,0,0,0,0,0,0,0,7958297,407529055,0,468,1204,7863,623,15916758,35,0,0,0,0,0,0,0,1,0,0,0,0,0,0,0,0,0,0,21770143,0,24072976,208000,0,0,0,0,0,0,0,0,16384,0,0,0,0,0,0,0,0,0,0,0,4632,115,0,0,0,0,0,24186726,0,72,0,16,115,4632,0,0,0,0,0,0,0,0,0,0,0,0,0,0,0,0,0,0,0,0,0,0,0,0,0,0,0,0,0,0,0,0,0,0,0,0,0,0,0,0,0,0,0,0,0,0,0,0,0,0,0,0,0,0,165828507,0,0,0,870564033,0,0,0,0,0,0,0,22365372,25359975,191731394,194593756160,19193596,0,0,0,0,0,0,0,0,0,0,0,0,0,0,0,0,0,0,0,0,0,0,0,0,0,0,0,0,0,0,0,138,0,0,0,0,0,0,0
1787687041.517,0,0,0,0,0,0,0,684127033,392892549632,681499563008,0,0,0,0,0,0,0,0,0,0,0,0,0,0,0,0,0,0,0,0,0,0,0,0,0,0,0,0,0,0,0,0,0,0,0,0,0,0,0,0,0,0,0,0,0,0,0,0,0,0,0,0,0,0,0,0,0,0,0,0,7,6211224,24000757,24161599,0,0,0,0,0,0,0,0,0,0,0,0,0,0,0,0,0,0,0,0,0,0,0,0,0,0,0,0,0,0,0,0,0,0,0,0,0,51487293440,14123401216,3142535,862024,24076094,2809,0,384,3145728,20881658,3111910,147,3136518853,51539607552,0,1072164570,0,0,0,0,0,0,0,0,0,0,0,0,0,0,0,0,0,0,7959082,407529840,0,468,1204,7863,623,15918327,35,0,0,0,0,0,0,0,1,0,0,0,0,0,0,0,0,0,0,21771136,0,24075797,208024,0,0,0,0,0,0,0,0,16384,0,0,0,0,0,0,0,0,0,0,0,4633,115,0,0,0,0,0,24189118,0,72,0,16,115,4633,0,0,0,0,0,0,0,0,0,0,0,0,0,0,0,0,0,0,0,0,0,0,0,0,0,0,0,0,0,0,0,0,0,0,0,0,0,0,0,0,0,0,0,0,0,0,0,0,0,0,0,0,0,0,165830874,0,0,0,870577565,0,0,0,0,0,0,0,22367261,25369241,191736605,194597376000,19195123,0,0,0,0,0,0,0,0,0,0,0,0,0,0,0,0,0,0,0,0,0,0,0,0,0,0,0,0,0,0,0,85,0,0,0,0,0,0,0
1787687042.585,0,0,0,0,0,0,0,684155150,393045723648,681550443520,0,0,0,0,0,0,0,0,0,0,0,0,0,0,0,0,0,0,0,0,0,0,0,0,0,0,0,0,0,0,0,0,0,0,0,0,0,0,0,0,0,0,0,0,0,0,0,0,0,0,0,0,0,0,0,0,0,0,0,0,7,6211284,24010110,24164427,0,0,0,0,0,0,0,0,0,0,0,0,0,0,0,0,0,0,0,0,0,0,0,0,0,0,0,0,0,0,0,0,0,0,0,0,0,51499548672,14128660480,3143283,862345,24078922,2061,0,384,3145728,20891010,3111910,147,3136660425,51539607552,0,1072186709,0,0,0,0,0,0,0,0,0,0,0,0,0,0,0,0,0,0,7959869,407530627,0,468,1204,7863,623,15919901,35,0,0,0,0,0,0,0,1,0,0,0,0,0,0,0,0,0,0,21772130,0,24078625,208049,0,0,0,0,0,0,0,0,16384,0,0,0,0,0,0,0,0,0,0,0,4634,115,0,0,0,0,0,24191509,0,72,0,16,115,4634,0,0,0,0,0,0,0,0,0,0,0,0,0,0,0,0,0,0,0,0,0,0,0,0,0,0,0,0,0,0,0,0,0,0,0,0,0,0,0,0,0,0,0,0,0,0,0,0,0,0,0,0,0,0,165833224,0,0,0,870591113,0,0,0,0,0,0,0,22369095,25378589,191741808,194600699904,19196544,0,0,0,0,0,0,0,0,0,0,0,0,0,0,0,0,0,0,0,0,0,0,0,0,0,0,0,0,0,0,0,19,0,0,0,0,0,0,0
1787687043.655,0,0,0,0,0,0,0,684182929,393199094272,681600955904,0,0,0,0,0,0,0,0,0,0,0,0,0,0,0,0,0,0,0,0,0,0,0,0,0,0,0,0,0,0,0,0,0,0,0,0,0,0,0,0,0,0,0,0,0,0,0,0,0,0,0,0,0,0,0,0,0,0,0,0,7,6211346,24019473,24167225,0,0,0,0,0,0,0,0,0,0,0,0,0,0,0,0,0,0,0,0,0,0,0,0,0,0,0,0,0,0,0,0,0,0,0,0,0,51510083584,14133821440,3143926,862660,24081720,1418,0,384,3145728,20900370,3111910,147,3136799664,51539607552,0,1072208313,0,0,0,0,0,0,0,0,0,0,0,0,0,0,0,0,0,0,7960644,407531402,0,468,1204,7863,623,15921451,35,0,0,0,0,0,0,0,1,0,0,0,0,0,0,0,0,0,0,21773111,0,24081423,208073,0,0,0,0,0,0,0,0,16384,0,0,0,0,0,0,0,0,0,0,0,4635,115,0,0,0,0,0,24193875,0,72,0,16,115,4635,0,0,0,0,0,0,0,0,0,0,0,0,0,0,0,0,0,0,0,0,0,0,0,0,0,0,0,0,0,0,0,0,0,0,0,0,0,0,0,0,0,0,0,0,0,0,0,0,0,0,0,0,0,0,165835578,0,0,0,870604200,0,0,0,0,0,0,0,22370913,25387950,191746984,194604187136,19197980,0,0,0,0,0,0,0,0,0,0,0,0,0,0,0,0,0,0,0,0,0,0,0,0,0,0,0,0,0,0,0,241,0,0,0,0,0,0,0
1787687044.725,0,0,0,0,0,0,0,684210585,393350023680,681652048384,0,0,0,0,0,0,0,0,0,0,0,0,0,0,0,0,0,0,0,0,0,0,0,0,0,0,0,0,0,0,0,0,0,0,0,0,0,0,0,0,0,0,0,0,0,0,0,0,0,0,0,0,0,0,0,0,0,0,0,0,7,6211404,24028691,24170060,0,0,0,0,0,0,0,0,0,0,0,0,0,0,0,0,0,0,0,0,0,0,0,0,0,0,0,0,0,0,0,0,0,0,0,0,0,51518095360,14137507840,3144415,862885,24084555,928,0,384,3145728,20909586,3111910,147,3136939356,51539607552,0,1072230536,0,0,0,0,0,0,0,0,0,0,0,0,0,0,0,0,0,0,7961417,407532175,0,468,1204,7863,623,15922997,35,0,0,0,0,0,0,0,1,0,0,0,0,0,0,0,0,0,0,21774089,0,24084258,208097,0,0,0,0,0,0,0,0,16384,0,0,0,0,0,0,0,0,0,0,0,4636,115,0,0,0,0,0,24196223,0,72,0,16,115,4636,0,0,0,0,0,0,0,0,0,0,0,0,0,0,0,0,0,0,0,0,0,0,0,0,0,0,0,0,0,0,0,0,0,0,0,0,0,0,0,0,0,0,0,0,0,0,0,0,0,0,0,0,0,0,165837892,0,0,0,870617524,0,0,0,0,0,0,0,22372722,25397159,191752157,194607595520,19199404,0,0,0,0,0,0,0,0,0,0,0,0,0,0,0,0,0,0,0,0,0,0,0,0,0,0,0,0,0,0,0,182,0,0,0,0,0,0,0
1787687045.795,0,0,0,0,0,0,0,684238634,393504049664,681702463488,0,0,0,0,0,0,0,0,0,0,0,0,0,0,0,0,0,0,0,0,0,0,0,0,0,0,0,0,0,0,0,0,0,0,0,0,0,0,0,0,0,0,0,0,0,0,0,0,0,0,0,0,0,0,0,0,0,0,0,0,7,6211462,24038097,24172853,0,0,0,0,0,0,0,0,0,0,0,0,0,0,0,0,0,0,0,0,0,0,0,0,0,0,0,0,0,0,0,0,0,0,0,0,0,51530694656,14142406656,3145184,863184,24087348,159,0,384,3145728,20918991,3111910,147,3137080595,51539607552,0,1072252645,0,0,0,0,0,0,0,0,0,0,0,0,0,0,0,0,0,0,7962202,407532960,0,468,1204,7863,623,15924568,35,0,0,0,0,0,0,0,1,0,0,0,0,0,0,0,0,0,0,21775083,0,24087051,208121,0,0,0,0,0,0,0,0,16384,0,0,0,0,0,0,0,0,0,0,0,4637,115,0,0,0,0,0,24198619,0,72,0,16,115,4637,0,0,0,0,0,0,0,0,0,0,0,0,0,0,0,0,0,0,0,0,0,0,0,0,0,0,0,0,0,0,0,0,0,0,0,0,0,0,0,0,0,0,0,0,0,0,0,0,0,0,0,0,0,0,165840223,0,0,0,870631019,0,0,0,0,0,0,0,22374562,25406564,191757301,194611037184,19200856,0,0,0,0,0,0,0,0,0,0,0,0,0,0,0,0,0,0,0,0,0,0,0,0,0,0,0,0,0,0,0,141,0,0,0,0,0,0,0
1787687046.864,0,0,0,0,0,0,0,684266660,393657076224,681752638464,0,0,0,0,0,0,0,0,0,0,0,0,0,0,0,0,0,0,0,0,0,0,0,0,0,0,0,0,0,0,0,0,0,0,0,0,0,0,0,0,0,0,0,0,0,0,0,0,0,0,0,0,0,0,0,0,0,0,0,0,7,6211525,24047441,24175619,0,0,0,0,0,0,0,0,0,0,0,0,0,0,0,0,0,0,0,0,0,0,0,0,0,0,0,0,0,0,0,0,0,0,0,0,0,51533316096,14147665920,3145344,863505,24090114,0,0,384,3145728,20928333,3111910,147,3137222058,51539607552,0,1072274989,0,0,0,0,0,0,0,0,0,0,0,0,0,0,0,0,0,0,7962987,407533745,0,468,1204,7863,623,15926137,35,0,0,0,0,0,0,0,1,0,0,0,0,0,0,0,0,0,0,21776076,0,24089817,208145,0,0,0,0,0,0,0,0,16384,0,0,0,0,0,0,0,0,0,0,0,4639,115,0,0,0,0,0,24201008,0,72,0,16,115,4639,0,0,0,0,0,0,0,0,0,0,0,0,0,0,0,0,0,0,0,0,0,0,0,0,0,0,0,0,0,0,0,0,0,0,0,0,0,0,0,0,0,0,0,0,0,0,0,0,0,0,0,0,0,0,165842529,0,0,0,870644543,0,0,0,0,0,0,0,22376421,25415899,191762396,194614626816,19202292,0,0,0,0,0,0,0,0,0,0,0,0,0,0,0,0,0,0,0,0,0,0,0,0,0,0,0,0,0,0,0,93,0,0,0,0,0,0,0
1787687047.934,0,0,0,0,0,0,0,684293732,393804220928,681849157632,0,0,0,0,0,0,0,0,0,0,0,0,0,0,0,0,0,0,0,0,0,0,0,0,0,0,0,0,0,0,0,0,0,0,0,0,0,0,0,0,0,0,0,0,0,0,0,0,0,0,0,0,0,0,0,0,0,0,0,0,7,6211574,24056427,24181258,0,0,0,0,0,0,0,0,0,0,0,0,0,0,0,0,0,0,0,0,0,0,0,0,0,0,0,0,0,0,0,0,0,0,0,0,0,51402375168,14104461312,3137352,860868,24095753,7992,0,384,3145728,20937317,3111910,147,3137357327,51539607552,0,1072295411,0,0,0,0,0,0,0,0,0,0,0,0,0,0,0,0,0,0,7963746,407534504,0,468,1204,7863,623,15927658,35,0,0,0,0,0,0,0,1,0,0,0,0,0,0,0,0,0,0,21777038,0,24095456,208193,0,0,0,0,0,0,0,0,16384,0,0,0,0,0,0,0,0,0,0,0,4640,115,0,0,0,0,0,24203311,0,72,0,16,115,4640,0,0,0,0,0,0,0,0,0,0,0,0,0,0,0,0,0,0,0,0,0,0,0,0,0,0,0,0,0,0,0,0,0,0,0,0,0,0,0,0,0,0,0,0,0,0,0,0,0,0,0,0,0,0,165844691,0,0,0,870657387,0,0,0,0,0,0,0,22378511,25424881,191770241,194617719296,19203626,0,0,0,0,0,0,0,0,0,0,0,0,0,0,0,0,0,0,0,0,0,0,0,0,0,0,0,0,0,0,0,269,0,0,0,0,0,0,0
1787687049.004,0,0,0,0,0,0,0,684322165,393957198336,681901370368,0,0,0,0,0,0,0,0,0,0,0,0,0,0,0,0,0,0,0,0,0,0,0,0,0,0,0,0,0,0,0,0,0,0,0,0,0,0,0,0,0,0,0,0,0,0,0,0,0,0,0,0,0,0,0,0,0,0,0,0,7,6211626,24065768,24184144,0,0,0,0,0,0,0,0,0,0,0,0,0,0,0,0,0,0,0,0,0,0,0,0,0,0,0,0,0,0,0,0,0,0,0,0,0,51412942848,14109016064,3137996,861146,24098639,7347,0,385,3145728,20946654,3111910,147,3137500687,51539607552,0,1072318133,0,0,0,0,0,0,0,0,0,0,0,0,0,0,0,0,0,0,7964541,407535299,0,468,1204,7863,623,15929245,35,0,0,0,0,0,0,0,1,0,0,0,0,0,0,0,0,0,0,21778044,0,24098342,208219,0,0,0,0,0,0,0,0,16384,0,0,0,0,0,0,0,0,0,0,0,4641,115,0,0,0,0,0,24205723,0,72,0,16,115,4641,0,0,0,0,0,0,0,0,0,0,0,0,0,0,0,0,0,0,0,0,0,0,0,0,0,0,0,0,0,0,0,0,0,0,0,0,0,0,0,0,0,0,0,0,0,0,0,0,0,0,0,0,0,0,165847095,0,0,0,870671080,0,0,0,0,0,0,0,22380409,25434218,191775555,194621359104,19205070,0,0,0,0,0,0,0,0,0,0,0,0,0,0,0,0,0,0,0,0,0,0,0,0,0,0,0,0,0,0,0,212,0,0,0,0,0,0,0
1787687050.082,0,0,0,0,0,0,0,684350207,394109536768,681951687680,0,0,0,0,0,0,0,0,0,0,0,0,0,0,0,0,0,0,0,0,0,0,0,0,0,0,0,0,0,0,0,0,0,0,0,0,0,0,0,0,0,0,0,0,0,0,0,0,0,0,0,0,0,0,0,0,0,0,0,0,7,6211685,24075066,24186943,0,0,0,0,0,0,0,0,0,0,0,0,0,0,0,0,0,0,0,0,0,0,0,0,0,0,0,0,0,0,0,0,0,0,0,0,0,51424968704,14114291712,3138731,861468,24101438,6613,0,385,3145728,20955949,3111910,147,3137641702,51539607552,0,1072340019,0,0,0,0,0,0,0,0,0,0,0,0,0,0,0,0,0,0,7965329,407536087,0,468,1204,7863,623,15930821,35,0,0,0,0,0,0,0,1,0,0,0,0,0,0,0,0,0,0,21779039,0,24101141,208243,0,0,0,0,0,0,0,0,16384,0,0,0,0,0,0,0,0,0,0,0,4642,115,0,0,0,0,0,24208120,0,72,0,16,115,4642,0,0,0,0,0,0,0,0,0,0,0,0,0,0,0,0,0,0,0,0,0,0,0,0,0,0,0,0,0,0,0,0,0,0,0,0,0,0,0,0,0,0,0,0,0,0,0,0,0,0,0,0,0,0,165849445,0,0,0,870684640,0,0,0,0,0,0,0,22382168,25443514,191780725,194624698368,19206454,0,0,0,0,0,0,0,0,0,0,0,0,0,0,0,0,0,0,0,0,0,0,0,0,0,0,0,0,0,0,0,146,0,0,0,0,0,0,0
1787687051.158,0,0,0,0,0,0,0,684378591,394264906240,682003416576,0,0,0,0,0,0,0,0,0,0,0,0,0,0,0,0,0,0,0,0,0,0,0,0,0,0,0,0,0,0,0,0,0,0,0,0,0,0,0,0,0,0,0,0,0,0,0,0,0,0,0,0,0,0,0,0,0,0,0,0,7,6211746,24084550,24189801,0,0,0,0,0,0,0,0,0,0,0,0,0,0,0,0,0,0,0,0,0,0,0,0,0,0,0,0,0,0,0,0,0,0,0,0,0,51436929024,14118879232,3139461,861748,24104296,5883,0,384,3145728,20965432,3111910,147,3137784941,51539607552,0,1072362800,0,0,0,0,0,0,0,0,0,0,0,0,0,0,0,0,0,0,7966121,407536879,0,468,1204,7863,623,15932405,35,0,0,0,0,0,0,0,1,0,0,0,0,0,0,0,0,0,0,21780041,0,24103999,208268,0,0,0,0,0,0,0,0,16384,0,0,0,0,0,0,0,0,0,0,0,4643,115,0,0,0,0,0,24210520,0,72,0,16,115,4643,0,0,0,0,0,0,0,0,0,0,0,0,0,0,0,0,0,0,0,0,0,0,0,0,0,0,0,0,0,0,0,0,0,0,0,0,0,0,0,0,0,0,0,0,0,0,0,0,0,0,0,0,0,0,165851752,0,0,0,870698275,0,0,0,0,0,0,0,22384012,25452997,191785915,194628346368,19207858,0,0,0,0,0,0,0,0,0,0,0,0,0,0,0,0,0,0,0,0,0,0,0,0,0,0,0,0,0,0,0,115,0,0,0,0,0,0,0
1787687052.235,0,0,0,0,0,0,0,684407001,394417883648,682054359552,0,0,0,0,0,0,0,0,0,0,0,0,0,0,0,0,0,0,0,0,0,0,0,0,0,0,0,0,0,0,0,0,0,0,0,0,0,0,0,0,0,0,0,0,0,0,0,0,0,0,0,0,0,0,0,0,0,0,0,0,7,6211810,24093889,24192609,0,0,0,0,0,0,0,0,0,0,0,0,0,0,0,0,0,0,0,0,0,0,0,0,0,0,0,0,0,0,0,0,0,0,0,0,0,51447496704,14124072960,3140106,862065,24107104,5238,0,384,3145728,20974769,3111910,147,3137928273,51539607552,0,1072385730,0,0,0,0,0,0,0,0,0,0,0,0,0,0,0,0,0,0,7966914,407537672,0,468,1204,7863,623,15933991,35,0,0,0,0,0,0,0,1,0,0,0,0,0,0,0,0,0,0,21781040,0,24106807,208293,0,0,0,0,0,0,0,0,16384,0,0,0,0,0,0,0,0,0,0,0,4644,115,0,0,0,0,0,24212929,0,72,0,16,115,4644,0,0,0,0,0,0,0,0,0,0,0,0,0,0,0,0,0,0,0,0,0,0,0,0,0,0,0,0,0,0,0,0,0,0,0,0,0,0,0,0,0,0,0,0,0,0,0,0,0,0,0,0,0,0,165854087,0,0,0,870711967,0,0,0,0,0,0,0,22385825,25462337,191791080,194631991808,19209264,0,0,0,0,0,0,0,0,0,0,0,0,0,0,0,0,0,0,0,0,0,0,0,0,0,0,0,0,0,0,0,33,0,0,0,0,0,0,0
1787687053.303,0,0,0,0,0,0,0,684435323,394570336768,682105115136,0,0,0,0,0,0,0,0,0,0,0,0,0,0,0,0,0,0,0,0,0,0,0,0,0,0,0,0,0,0,0,0,0,0,0,0,0,0,0,0,0,0,0,0,0,0,0,0,0,0,0,0,0,0,0,0,0,0,0,0,7,6211864,24103200,24195416,0,0,0,0,0,0,0,0,0,0,0,0,0,0,0,0,0,0,0,0,0,0,0,0,0,0,0,0,0,0,0,0,0,0,0,0,0,51456442368,14128955392,3140652,862363,24109911,4692,0,384,3145728,20984080,3111910,147,3138070148,51539607552,0,1072407806,0,0,0,0,0,0,0,0,0,0,0,0,0,0,0,0,0,0,7967705,407538463,0,468,1204,7863,623,15935573,35,0,0,0,0,0,0,0,1,0,0,0,0,0,0,0,0,0,0,21782038,0,24109614,208317,0,0,0,0,0,0,0,0,16384,0,0,0,0,0,0,0,0,0,0,0,4645,115,0,0,0,0,0,24215343,0,72,0,16,115,4645,0,0,0,0,0,0,0,0,0,0,0,0,0,0,0,0,0,0,0,0,0,0,0,0,0,0,0,0,0,0,0,0,0,0,0,0,0,0,0,0,0,0,0,0,0,0,0,0,0,0,0,0,0,0,165856450,0,0,0,870725343,0,0,0,0,0,0,0,22387649,25471644,191796270,194635545088,19210695,0,0,0,0,0,0,0,0,0,0,0,0,0,0,0,0,0,0,0,0,0,0,0,0,0,0,0,0,0,0,0,236,0,0,0,0,0,0,0
1787687054.373,0,0,0,0,0,0,0,684463175,394724968960,682156635648,0,0,0,0,0,0,0,0,0,0,0,0,0,0,0,0,0,0,0,0,0,0,0,0,0,0,0,0,0,0,0,0,0,0,0,0,0,0,0,0,0,0,0,0,0,0,0,0,0,0,0,0,0,0,0,0,0,0,0,0,7,6211929,24112646,24198282,0,0,0,0,0,0,0,0,0,0,0,0,0,0,0,0,0,0,0,0,0,0,0,0,0,0,0,0,0,0,0,0,0,0,0,0,0,51468058624,14132936704,3141361,862606,24112777,3983,0,384,3145728,20993526,3111910,147,3138210904,51539607552,0,1072430088,0,0,0,0,0,0,0,0,0,0,0,0,0,0,0,0,0,0,7968483,407539241,0,468,1204,7863,623,15937130,35,0,0,0,0,0,0,0,1,0,0,0,0,0,0,0,0,0,0,21783021,0,24112480,208341,0,0,0,0,0,0,0,0,16384,0,0,0,0,0,0,0,0,0,0,0,4646,115,0,0,0,0,0,24217712,0,72,0,16,115,4646,0,0,0,0,0,0,0,0,0,0,0,0,0,0,0,0,0,0,0,0,0,0,0,0,0,0,0,0,0,0,0,0,0,0,0,0,0,0,0,0,0,0,0,0,0,0,0,0,0,0,0,0,0,0,165858720,0,0,0,870738773,0,0,0,0,0,0,0,22389440,25481087,191801431,194638907392,19212099,0,0,0,0,0,0,0,0,0,0,0,0,0,0,0,0,0,0,0,0,0,0,0,0,0,0,0,0,0,0,0,148,0,0,0,0,0,0,0
1787687055.442,0,0,0,0,0,0,0,684491215,394877946368,682207582720,0,0,0,0,0,0,0,0,0,0,0,0,0,0,0,0,0,0,0,0,0,0,0,0,0,0,0,0,0,0,0,0,0,0,0,0,0,0,0,0,0,0,0,0,0,0,0,0,0,0,0,0,0,0,0,0,0,0,0,0,7,6211978,24121984,24201111,0,0,0,0,0,0,0,0,0,0,0,0,0,0,0,0,0,0,0,0,0,0,0,0,0,0,0,0,0,0,0,0,0,0,0,0,0,51477200896,14138621952,3141919,862953,24115606,3425,0,384,3145728,21002863,3111910,147,3138352379,51539607552,0,1072452373,0,0,0,0,0,0,0,0,0,0,0,0,0,0,0,0,0,0,7969267,407540025,0,468,1204,7863,623,15938699,35,0,0,0,0,0,0,0,1,0,0,0,0,0,0,0,0,0,0,21784011,0,24115309,208366,0,0,0,0,0,0,0,0,16384,0,0,0,0,0,0,0,0,0,0,0,4647,115,0,0,0,0,0,24220100,0,72,0,16,115,4647,0,0,0,0,0,0,0,0,0,0,0,0,0,0,0,0,0,0,0,0,0,0,0,0,0,0,0,0,0,0,0,0,0,0,0,0,0,0,0,0,0,0,0,0,0,0,0,0,0,0,0,0,0,0,165861070,0,0,0,870752301,0,0,0,0,0,0,0,22391294,25490424,191806635,194642312192,19213532,1,0,0,0,0,0,0,0,0,0,0,0,0,0,0,0,0,0,0,0,0,0,0,0,0,0,0,0,0,0,0,71,0,0,0,0,0,0,0
1787687056.512,0,0,0,0,0,0,0,684519526,395031726592,682258236416,0,0,0,0,0,0,0,0,0,0,0,0,0,0,0,0,0,0,0,0,0,0,0,0,0,0,0,0,0,0,0,0,0,0,0,0,0,0,0,0,0,0,0,0,0,0,0,0,0,0,0,0,0,0,0,0,0,0,0,0,7,6212036,24131369,24203915,0,0,0,0,0,0,0,0,0,0,0,0,0,0,0,0,0,0,0,0,0,0,0,0,0,0,0,0,0,0,0,0,0,0,0,0,0,51488653312,14145044480,3142618,863345,24118410,2726,0,384,3145728,21012247,3111910,147,3138494735,51539607552,0,1072474718,0,0,0,0,0,0,0,0,0,0,0,0,0,0,0,0,0,0,7970059,407540817,0,468,1204,7863,623,15940281,35,0,0,0,0,0,0,0,1,0,0,0,0,0,0,0,0,0,0,21785016,0,24118113,208391,0,0,0,0,0,0,0,0,16384,0,0,0,0,0,0,0,0,0,0,0,4648,115,0,0,0,0,0,24222503,0,72,0,16,115,4648,0,0,0,0,0,0,0,0,0,0,0,0,0,0,0,0,0,0,0,0,0,0,0,0,0,0,0,0,0,0,0,0,0,0,0,0,0,0,0,0,0,0,0,0,0,0,0,0,0,0,0,0,0,0,165863396,0,0,0,870765885,0,0,0,0,0,0,0,22393369,25499807,191811789,194645790208,19215185,0,0,0,0,0,0,0,0,0,0,0,0,0,0,0,0,0,0,0,0,0,0,0,0,0,0,0,0,0,0,0,56,0,0,0,0,0,0,0
1787687057.581,0,0,0,0,0,0,0,684547479,395186833920,682309151744,0,0,0,0,0,0,0,0,0,0,0,0,0,0,0,0,0,0,0,0,0,0,0,0,0,0,0,0,0,0,0,0,0,0,0,0,0,0,0,0,0,0,0,0,0,0,0,0,0,0,0,0,0,0,0,0,0,0,0,0,7,6212085,24140841,24206745,0,0,0,0,0,0,0,0,0,0,0,0,0,0,0,0,0,0,0,0,0,0,0,0,0,0,0,0,0,0,0,0,0,0,0,0,0,51499220992,14150025216,3143263,863649,24121240,2081,0,384,3145728,21021715,3111910,147,3138634777,51539607552,0,1072496407,0,0,0,0,0,0,0,0,0,0,0,0,0,0,0,0,0,0,7970842,407541600,0,468,1204,7863,623,15941847,35,0,0,0,0,0,0,0,1,0,0,0,0,0,0,0,0,0,0,21785997,0,24120943,208416,0,0,0,0,0,0,0,0,16384,0,0,0,0,0,0,0,0,0,0,0,4649,115,0,0,0,0,0,24224884,0,72,0,16,115,4649,0,0,0,0,0,0,0,0,0,0,0,0,0,0,0,0,0,0,0,0,0,0,0,0,0,0,0,0,0,0,0,0,0,0,0,0,0,0,0,0,0,0,0,0,0,0,0,0,0,0,0,0,0,0,165865670,0,0,0,870779178,0,0,0,0,0,0,0,22395278,25509279,191816917,194649175040,19216671,0,0,0,0,0,0,0,0,0,0,0,0,0,0,0,0,0,0,0,0,0,0,0,0,0,0,0,0,0,0,0,194,0,0,0,0,0,0,0
1787687058.650,0,0,0,0,0,0,0,684575736,395339827712,682359993856,0,0,0,0,0,0,0,0,0,0,0,0,0,0,0,0,0,0,0,0,0,0,0,0,0,0,0,0,0,0,0,0,0,0,0,0,0,0,0,0,0,0,0,0,0,0,0,0,0,0,0,0,0,0,0,0,0,0,0,0,7,6212144,24150183,24209576,0,0,0,0,0,0,0,0,0,0,0,0,0,0,0,0,0,0,0,0,0,0,0,0,0,0,0,0,0,0,0,0,0,0,0,0,0,51508281344,14155087872,3143816,863958,24124071,1528,0,384,3145728,21031058,3111910,147,3138776814,51539607552,0,1072518527,0,0,0,0,0,0,0,0,0,0,0,0,0,0,0,0,0,0,7971635,407542392,0,468,1204,7863,623,15943433,35,0,0,0,0,0,0,0,1,0,0,0,0,0,0,0,0,0,0,21786996,0,24123774,208442,0,0,0,0,0,0,0,0,16384,0,0,0,0,0,0,0,0,0,0,0,4650,115,0,0,0,0,0,24227292,0,72,0,16,115,4650,0,0,0,0,0,0,0,0,0,0,0,0,0,0,0,0,0,0,0,0,0,0,0,0,0,0,0,0,0,0,0,0,0,0,0,0,0,0,0,0,0,0,0,0,0,0,0,0,0,0,0,0,0,0,165867974,0,0,0,870792821,0,0,0,0,0,0,0,22397105,25518619,191822077,194652448256,19218051,0,0,0,0,0,0,0,0,0,0,0,0,0,0,0,0,0,0,0,0,0,0,0,0,0,0,0,0,0,0,0,128,0,0,0,0,0,0,0
1787687059.719,0,0,0,0,0,0,0,684604287,395493870080,682411335168,0,0,0,0,0,0,0,0,0,0,0,0,0,0,0,0,0,0,0,0,0,0,0,0,0,0,0,0,0,0,0,0,0,0,0,0,0,0,0,0,0,0,0,0,0,0,0,0,0,0,0,0,0,0,0,0,0,0,0,0,7,6212214,24159583,24212397,0,0,0,0,0,0,0,0,0,0,0,0,0,0,0,0,0,0,0,0,0,0,0,0,0,0,0,0,0,0,0,0,0,0,0,0,0,51520520192,14161608704,3144563,864356,24126892,780,0,384,3145728,21040458,3111910,147,3138921012,51539607552,0,1072541671,0,0,0,0,0,0,0,0,0,0,0,0,0,0,0,0,0,0,7972431,407543189,0,468,1204,7863,623,15945025,35,0,0,0,0,0,0,0,1,0,0,0,0,0,0,0,0,0,0,21787999,0,24126595,208466,0,0,0,0,0,0,0,0,16384,0,0,0,0,0,0,0,0,0,0,0,4651,115,0,0,0,0,0,24229717,0,72,0,16,115,4651,0,0,0,0,0,0,0,0,0,0,0,0,0,0,0,0,0,0,0,0,0,0,0,0,0,0,0,0,0,0,0,0,0,0,0,0,0,0,0,0,0,0,0,0,0,0,0,0,0,0,0,0,0,0,165870333,0,0,0,870806563,0,0,0,0,0,0,0,22398938,25528018,191827281,194656199680,19219474,0,0,0,0,0,0,0,0,0,0,0,0,0,0,0,0,0,0,0,0,0,0,0,0,0,0,0,0,0,0,0,60,0,0,0,0,0,0,0
1787687060.788,0,0,0,0,0,0,0,684632451,395645241856,682462803456,0,0,0,0,0,0,0,0,0,0,0,0,0,0,0,0,0,0,0,0,0,0,0,0,0,0,0,0,0,0,0,0,0,0,0,0,0,0,0,0,0,0,0,0,0,0,0,0,0,0,0,0,0,0,0,0,0,0,0,0,7,6212270,24168823,24215262,0,0,0,0,0,0,0,0,0,0,0,0,0,0,0,0,0,0,0,0,0,0,0,0,0,0,0,0,0,0,0,0,0,0,0,0,0,51526680576,14165344256,3144939,864584,24129757,405,0,384,3145728,21049696,3111910,147,3139062776,51539607552,0,1072564012,0,0,0,0,0,0,0,0,0,0,0,0,0,0,0,0,0,0,7973219,407543977,0,468,1204,7863,623,15946601,35,0,0,0,0,0,0,0,1,0,0,0,0,0,0,0,0,0,0,21788997,0,24129460,208491,0,0,0,0,0,0,0,0,16384,0,0,0,0,0,0,0,0,0,0,0,4652,115,0,0,0,0,0,24232110,0,72,0,16,115,4652,0,0,0,0,0,0,0,0,0,0,0,0,0,0,0,0,0,0,0,0,0,0,0,0,0,0,0,0,0,0,0,0,0,0,0,0,0,0,0,0,0,0,0,0,0,0,0,0,0,0,0,0,0,0,165872631,0,0,0,870820106,0,0,0,0,0,0,0,22400694,25537256,191832467,194659567616,19220843,1,0,0,0,0,0,0,0,0,0,0,0,0,0,0,0,0,0,0,0,0,0,0,0,0,0,0,0,0,0,0,20,0,0,0,0,0,0,0
1787687061.857,0,0,0,0,0,0,0,684660575,395799218688,682512924160,0,0,0,0,0,0,0,0,0,0,0,0,0,0,0,0,0,0,0,0,0,0,0,0,0,0,0,0,0,0,0,0,0,0,0,0,0,0,0,0,0,0,0,0,0,0,0,0,0,0,0,0,0,0,0,0,0,0,0,0,7,6212326,24178223,24218041,0,0,0,0,0,0,0,0,0,0,0,0,0,0,0,0,0,0,0,0,0,0,0,0,0,0,0,0,0,0,0,0,0,0,0,0,0,51533283328,14170210304,3145342,864881,24132536,2,0,384,3145728,21059096,3111910,147,3139203520,51539607552,0,1072585539,0,0,0,0,0,0,0,0,0,0,0,0,0,0,0,0,0,0,7974005,407544763,0,468,1204,7863,623,15948173,35,0,0,0,0,0,0,0,1,0,0,0,0,0,0,0,0,0,0,21789994,0,24132239,208515,0,0,0,0,0,0,0,0,16384,0,0,0,0,0,0,0,0,0,0,0,4654,115,0,0,0,0,0,24234502,0,72,0,16,115,4654,0,0,0,0,0,0,0,0,0,0,0,0,0,0,0,0,0,0,0,0,0,0,0,0,0,0,0,0,0,0,0,0,0,0,0,0,0,0,0,0,0,0,0,0,0,0,0,0,0,0,0,0,0,0,165874960,0,0,0,870833359,0,0,0,0,0,0,0,22402444,25546654,191837599,194662970368,19222203,0,0,0,0,0,0,0,0,0,0,0,0,0,0,0,0,0,0,0,0,0,0,0,0,0,0,0,0,0,0,0,255,0,0,0,0,0,0,0
1787687062.927,0,0,0,0,0,0,0,684687872,395947870720,682606510592,0,0,0,0,0,0,0,0,0,0,0,0,0,0,0,0,0,0,0,0,0,0,0,0,0,0,0,0,0,0,0,0,0,0,0,0,0,0,0,0,0,0,0,0,0,0,0,0,0,0,0,0,0,0,0,0,0,0,0,0,7,6212388,24187296,24223261,0,0,0,0,0,0,0,0,0,0,0,0,0,0,0,0,0,0,0,0,0,0,0,0,0,0,0,0,0,0,0,0,0,0,0,0,0,51401097216,14134214656,3137274,862684,24135305,8070,0,384,3145728,21068169,3111910,147,3139341346,51539607552,0,1072607461,0,0,0,0,0,0,0,0,0,0,0,0,0,0,0,0,0,0,7974768,407545526,0,468,1204,7863,623,15949699,35,0,0,0,0,0,0,0,1,0,0,0,0,0,0,0,0,0,0,21790960,0,24137266,208561,0,0,0,0,0,0,0,0,16384,0,0,0,0,0,0,0,0,0,0,0,4655,115,0,0,0,0,0,24236835,0,72,0,16,115,4655,0,0,0,0,0,0,0,0,0,0,0,0,0,0,0,0,0,0,0,0,0,0,0,0,0,0,0,0,0,0,0,0,0,0,0,0,0,0,0,0,0,0,0,0,0,0,0,0,0,0,0,0,0,0,165877189,0,0,0,870846534,0,0,0,0,0,0,0,22404490,25555727,191845303,194666465280,19223532,1,0,0,0,0,0,0,0,0,0,0,0,0,0,0,0,0,0,0,0,0,0,0,0,0,0,0,0,0,0,0,186,0,0,0,0,0,0,0
1787687063.999,0,0,0,0,0,0,0,684716054,396103076352,682660670464,0,0,0,0,0,0,0,0,0,0,0,0,0,0,0,0,0,0,0,0,0,0,0,0,0,0,0,0,0,0,0,0,0,0,0,0,0,0,0,0,0,0,0,0,0,0,0,0,0,0,0,0,0,0,0,0,0,0,0,0,7,6212446,24196769,24226480,0,0,0,0,0,0,0,0,0,0,0,0,0,0,0,0,0,0,0,0,0,0,0,0,0,0,0,0,0,0,0,0,0,0,0,0,0,51412992000,14132445184,3138000,862576,24140975,7344,0,384,3145728,21077641,3111910,147,3139483440,51539607552,0,1072629763,0,0,0,0,0,0,0,0,0,0,0,0,0,0,0,0,0,0,7975557,407546314,0,468,1204,7863,623,15951277,35,0,0,0,0,0,0,0,1,0,0,0,0,0,0,0,0,0,0,21791956,0,24140678,208587,0,0,0,0,0,0,0,0,16384,0,0,0,0,0,0,0,0,0,0,0,4656,115,0,0,0,0,0,24239237,0,72,0,16,115,4656,0,0,0,0,0,0,0,0,0,0,0,0,0,0,0,0,0,0,0,0,0,0,0,0,0,0,0,0,0,0,0,0,0,0,0,0,0,0,0,0,0,0,0,0,0,0,0,0,0,0,0,0,0,0,165879526,0,0,0,870860113,0,0,0,0,0,0,0,22406415,25565200,191850677,194669939712,19224946,0,0,0,0,0,0,0,0,0,0,0,0,0,0,0,0,0,0,0,0,0,0,0,0,0,0,0,0,0,0,0,116,0,0,0,0,0,0,0
1787687065.075,0,0,0,0,0,0,0,684744379,396257659392,682712116224,0,0,0,0,0,0,0,0,0,0,0,0,0,0,0,0,0,0,0,0,0,0,0,0,0,0,0,0,0,0,0,0,0,0,0,0,0,0,0,0,0,0,0,0,0,0,0,0,0,0,0,0,0,0,0,0,0,0,0,0,7,6212511,24206207,24229337,0,0,0,0,0,0,0,0,0,0,0,0,0,0,0,0,0,0,0,0,0,0,0,0,0,0,0,0,0,0,0,0,0,0,0,0,0,51423133696,14136737792,3138619,862838,24143832,6725,0,384,3145728,21087078,3111910,147,3139626250,51539607552,0,1072652143,0,0,0,0,0,0,0,0,0,0,0,0,0,0,0,0,0,0,7976349,407547107,0,468,1204,7863,623,15952862,35,0,0,0,0,0,0,0,1,0,0,0,0,0,0,0,0,0,0,21792954,0,24143535,208611,0,0,0,0,0,0,0,0,16384,0,0,0,0,0,0,0,0,0,0,0,4657,115,0,0,0,0,0,24241649,0,72,0,16,115,4657,0,0,0,0,0,0,0,0,0,0,0,0,0,0,0,0,0,0,0,0,0,0,0,0,0,0,0,0,0,0,0,0,0,0,0,0,0,0,0,0,0,0,0,0,0,0,0,0,0,0,0,0,0,0,165881917,0,0,0,870873781,0,0,0,0,0,0,0,22408212,25574636,191855948,194673446912,19226408,0,0,0,0,0,0,0,0,0,0,0,0,0,0,0,0,0,0,0,0,0,0,0,0,0,0,0,0,0,0,0,49,0,0,0,0,0,0,0
1787687066.145,0,0,0,0,0,0,0,684772540,396411701760,682763616256,0,0,0,0,0,0,0,0,0,0,0,0,0,0,0,0,0,0,0,0,0,0,0,0,0,0,0,0,0,0,0,0,0,0,0,0,0,0,0,0,0,0,0,0,0,0,0,0,0,0,0,0,0,0,0,0,0,0,0,0,7,6212568,24215609,24232185,0,0,0,0,0,0,0,0,0,0,0,0,0,0,0,0,0,0,0,0,0,0,0,0,0,0,0,0,0,0,0,0,0,0,0,0,0,51432931328,14142029824,3139217,863161,24146680,6126,0,384,3145728,21096479,3111910,147,3139767398,51539607552,0,1072673983,0,0,0,0,0,0,0,0,0,0,0,0,0,0,0,0,0,0,7977137,407547895,0,468,1204,7863,623,15954438,35,0,0,0,0,0,0,0,1,0,0,0,0,0,0,0,0,0,0,21793949,0,24146383,208635,0,0,0,0,0,0,0,0,16384,0,0,0,0,0,0,0,0,0,0,0,4658,115,0,0,0,0,0,24244051,0,72,0,16,115,4658,0,0,0,0,0,0,0,0,0,0,0,0,0,0,0,0,0,0,0,0,0,0,0,0,0,0,0,0,0,0,0,0,0,0,0,0,0,0,0,0,0,0,0,0,0,0,0,0,0,0,0,0,0,0,165884276,0,0,0,870887103,0,0,0,0,0,0,0,22410046,25584036,191861175,194676988416,19227851,1,0,0,0,0,0,0,0,0,0,0,0,0,0,0,0,0,0,0,0,0,0,0,0,0,0,0,0,0,0,0,248,0,0,0,0,0,0,0
1787687067.213,0,0,0,0,0,0,0,684800951,396565842432,682814852096,0,0,0,0,0,0,0,0,0,0,0,0,0,0,0,0,0,0,0,0,0,0,0,0,0,0,0,0,0,0,0,0,0,0,0,0,0,0,0,0,0,0,0,0,0,0,0,0,0,0,0,0,0,0,0,0,0,0,0,0,7,6212634,24225021,24235010,0,0,0,0,0,0,0,0,0,0,0,0,0,0,0,0,0,0,0,0,0,0,0,0,0,0,0,0,0,0,0,0,0,0,0,0,0,51443875840,14146633728,3139885,863442,24149505,5459,0,384,3145728,21105889,3111910,147,3139910971,51539607552,0,1072696933,0,0,0,0,0,0,0,0,0,0,0,0,0,0,0,0,0,0,7977931,407548689,0,468,1204,7863,623,15956025,35,0,0,0,0,0,0,0,1,0,0,0,0,0,0,0,0,0,0,21794947,0,24149208,208659,0,0,0,0,0,0,0,0,16384,0,0,0,0,0,0,0,0,0,0,0,4659,115,0,0,0,0,0,24246449,0,72,0,16,115,4659,0,0,0,0,0,0,0,0,0,0,0,0,0,0,0,0,0,0,0,0,0,0,0,0,0,0,0,0,0,0,0,0,0,0,0,0,0,0,0,0,0,0,0,0,0,0,0,0,0,0,0,0,0,0,165886639,0,0,0,870900795,0,0,0,0,0,0,0,22411842,25593445,191866386,194680639488,19229278,0,0,0,0,0,0,0,0,0,0,0,0,0,0,0,0,0,0,0,0,0,0,0,0,0,0,0,0,0,0,0,187,0,0,0,0,0,0,0
1787687068.282,0,0,0,0,0,0,0,684829017,396719802880,682867576832,0,0,0,0,0,0,0,0,0,0,0,0,0,0,0,0,0,0,0,0,0,0,0,0,0,0,0,0,0,0,0,0,0,0,0,0,0,0,0,0,0,0,0,0,0,0,0,0,0,0,0,0,0,0,0,0,0,0,0,0,7,6212694,24234421,24237944,0,0,0,0,0,0,0,0,0,0,0,0,0,0,0,0,0,0,0,0,0,0,0,0,0,0,0,0,0,0,0,0,0,0,0,0,0,51453493248,14150221824,3140472,863661,24152439,4872,0,384,3145728,21115287,3111910,147,3140052429,51539607552,0,1072718996,0,0,0,0,0,0,0,0,0,0,0,0,0,0,0,0,0,0,7978718,407549476,0,468,1204,7863,623,15957599,35,0,0,0,0,0,0,0,1,0,0,0,0,0,0,0,0,0,0,21795943,0,24152142,208685,0,0,0,0,0,0,0,0,16384,0,0,0,0,0,0,0,0,0,0,0,4660,115,0,0,0,0,0,24248848,0,72,0,16,115,4660,0,0,0,0,0,0,0,0,0,0,0,0,0,0,0,0,0,0,0,0,0,0,0,0,0,0,0,0,0,0,0,0,0,0,0,0,0,0,0,0,0,0,0,0,0,0,0,0,0,0,0,0,0,0,165888924,0,0,0,870914355,0,0,0,0,0,0,0,22413734,25602844,191871632,194683972096,19230708,0,0,0,0,0,0,0,0,0,0,0,0,0,0,0,0,0,0,0,0,0,0,0,0,0,0,0,0,0,0,0,111,0,0,0,0,0,0,0
1787687069.351,0,0,0,0,0,0,0,684857175,396872518144,682920251392,0,0,0,0,0,0,0,0,0,0,0,0,0,0,0,0,0,0,0,0,0,0,0,0,0,0,0,0,0,0,0,0,0,0,0,0,0,0,0,0,0,0,0,0,0,0,0,0,0,0,0,0,0,0,0,0,0,0,0,0,7,6212751,24243740,24240864,0,0,0,0,0,0,0,0,0,0,0,0,0,0,0,0,0,0,0,0,0,0,0,0,0,0,0,0,0,0,0,0,0,0,0,0,0,51463962624,14153629696,3141111,863869,24155359,4233,0,384,3145728,21124605,3111910,147,3140194395,51539607552,0,1072741332,0,0,0,0,0,0,0,0,0,0,0,0,0,0,0,0,0,0,7979505,407550263,0,468,1204,7863,623,15959173,35,0,0,0,0,0,0,0,1,0,0,0,0,0,0,0,0,0,0,21796939,0,24155062,208710,0,0,0,0,0,0,0,0,16384,0,0,0,0,0,0,0,0,0,0,0,4661,115,0,0,0,0,0,24251254,0,72,0,16,115,4661,0,0,0,0,0,0,0,0,0,0,0,0,0,0,0,0,0,0,0,0,0,0,0,0,0,0,0,0,0,0,0,0,0,0,0,0,0,0,0,0,0,0,0,0,0,0,0,0,0,0,0,0,0,0,165891242,0,0,0,870927942,0,0,0,0,0,0,0,22415590,25612162,191876893,194687519232,19232178,0,0,0,0,0,0,0,0,0,0,0,0,0,0,0,0,0,0,0,0,0,0,0,0,0,0,0,0,0,0,0,46,0,0,0,0,0,0,0
1787687070.420,0,0,0,0,0,0,0,684885288,397026380288,682972752384,0,0,0,0,0,0,0,0,0,0,0,0,0,0,0,0,0,0,0,0,0,0,0,0,0,0,0,0,0,0,0,0,0,0,0,0,0,0,0,0,0,0,0,0,0,0,0,0,0,0,0,0,0,0,0,0,0,0,0,0,7,6212809,24253132,24243777,0,0,0,0,0,0,0,0,0,0,0,0,0,0,0,0,0,0,0,0,0,0,0,0,0,0,0,0,0,0,0,0,0,0,0,0,0,51475152896,14157021184,3141794,864076,24158272,3550,0,384,3145728,21133997,3111910,147,3140335093,51539607552,0,1072762915,0,0,0,0,0,0,0,0,0,0,0,0,0,0,0,0,0,0,7980292,407551050,0,468,1204,7863,623,15960748,35,0,0,0,0,0,0,0,1,0,0,0,0,0,0,0,0,0,0,21797935,0,24157975,208736,0,0,0,0,0,0,0,0,16384,0,0,0,0,0,0,0,0,0,0,0,4662,115,0,0,0,0,0,24253656,0,72,0,16,115,4662,0,0,0,0,0,0,0,0,0,0,0,0,0,0,0,0,0,0,0,0,0,0,0,0,0,0,0,0,0,0,0,0,0,0,0,0,0,0,0,0,0,0,0,0,0,0,0,0,0,0,0,0,0,0,165893533,0,0,0,870941228,0,0,0,0,0,0,0,22417447,25621555,191882118,194691026432,19233617,0,0,0,0,0,0,0,0,0,0,0,0,0,0,0,0,0,0,0,0,0,0,0,0,0,0,0,0,0,0,0,270,0,0,0,0,0,0,0
1787687071.489,0,0,0,0,0,0,0,684913147,397177457152,683022998016,0,0,0,0,0,0,0,0,0,0,0,0,0,0,0,0,0,0,0,0,0,0,0,0,0,0,0,0,0,0,0,0,0,0,0,0,0,0,0,0,0,0,0,0,0,0,0,0,0,0,0,0,0,0,0,0,0,0,0,0,7,6212860,24262357,24246568,0,0,0,0,0,0,0,0,0,0,0,0,0,0,0,0,0,0,0,0,0,0,0,0,0,0,0,0,0,0,0,0,0,0,0,0,0,51483099136,14161117184,3142279,864326,24161063,3065,0,384,3145728,21143221,3111910,147,3140475296,51539607552,0,1072784862,0,0,0,0,0,0,0,0,0,0,0,0,0,0,0,0,0,0,7981072,407551829,0,468,1204,7863,623,15962309,35,0,0,0,0,0,0,0,1,0,0,0,0,0,0,0,0,0,0,21798921,0,24160766,208760,0,0,0,0,0,0,0,0,16384,0,0,0,0,0,0,0,0,0,0,0,4663,115,0,0,0,0,0,24256026,0,72,0,16,115,4663,0,0,0,0,0,0,0,0,0,0,0,0,0,0,0,0,0,0,0,0,0,0,0,0,0,0,0,0,0,0,0,0,0,0,0,0,0,0,0,0,0,0,0,0,0,0,0,0,0,0,0,0,0,0,165895811,0,0,0,870954661,0,0,0,0,0,0,0,22419224,25630776,191887210,194694318592,19235065,0,0,0,0,0,0,0,0,0,0,0,0,0,0,0,0,0,0,0,0,0,0,0,0,0,0,0,0,0,0,0,203,0,0,0,0,0,0,0
1787687072.558,0,0,0,0,0,0,0,684941174,397332957696,683074586112,0,0,0,0,0,0,0,0,0,0,0,0,0,0,0,0,0,0,0,0,0,0,0,0,0,0,0,0,0,0,0,0,0,0,0,0,0,0,0,0,0,0,0,0,0,0,0,0,0,0,0,0,0,0,0,0,0,0,0,0,7,6212927,24271848,24249409,0,0,0,0,0,0,0,0,0,0,0,0,0,0,0,0,0,0,0,0,0,0,0,0,0,0,0,0,0,0,0,0,0,0,0,0,0,51495780352,14165573632,3143053,864598,24163904,2290,0,384,3145728,21152709,3111910,147,3140616992,51539607552,0,1072807271,0,0,0,0,0,0,0,0,0,0,0,0,0,0,0,0,0,0,7981855,407552613,0,468,1204,7863,623,15963874,35,0,0,0,0,0,0,0,1,0,0,0,0,0,0,0,0,0,0,21799912,0,24163607,208784,0,0,0,0,0,0,0,0,16384,0,0,0,0,0,0,0,0,0,0,0,4664,115,0,0,0,0,0,24258413,0,72,0,16,115,4664,0,0,0,0,0,0,0,0,0,0,0,0,0,0,0,0,0,0,0,0,0,0,0,0,0,0,0,0,0,0,0,0,0,0,0,0,0,0,0,0,0,0,0,0,0,0,0,0,0,0,0,0,0,0,165898177,0,0,0,870968175,0,0,0,0,0,0,0,22421166,25640266,191892440,194698001920,19236577,0,0,0,0,0,0,0,0,0,0,0,0,0,0,0,0,0,0,0,0,0,0,0,0,0,0,0,0,0,0,0,140,0,0,0,0,0,0,0
1787687073.627,0,0,0,0,0,0,0,684969168,397485738496,683126566912,0,0,0,0,0,0,0,0,0,0,0,0,0,0,0,0,0,0,0,0,0,0,0,0,0,0,0,0,0,0,0,0,0,0,0,0,0,0,0,0,0,0,0,0,0,0,0,0,0,0,0,0,0,0,0,0,0,0,0,0,7,6212985,24281173,24252299,0,0,0,0,0,0,0,0,0,0,0,0,0,0,0,0,0,0,0,0,0,0,0,0,0,0,0,0,0,0,0,0,0,0,0,0,0,51503759360,14169260032,3143540,864823,24166794,1804,0,384,3145728,21162034,3111910,147,3140758423,51539607552,0,1072829529,0,0,0,0,0,0,0,0,0,0,0,0,0,0,0,0,0,0,7982641,407553399,0,468,1204,7863,623,15965445,35,0,0,0,0,0,0,0,1,0,0,0,0,0,0,0,0,0,0,21800906,0,24166497,208809,0,0,0,0,0,0,0,0,16384,0,0,0,0,0,0,0,0,0,0,0,4665,115,0,0,0,0,0,24260798,0,72,0,16,115,4665,0,0,0,0,0,0,0,0,0,0,0,0,0,0,0,0,0,0,0,0,0,0,0,0,0,0,0,0,0,0,0,0,0,0,0,0,0,0,0,0,0,0,0,0,0,0,0,0,0,0,0,0,0,0,165900540,0,0,0,870981706,0,0,0,0,0,0,0,22423011,25649589,191897718,194701465088,19238027,0,0,0,0,0,0,0,0,0,0,0,0,0,0,0,0,0,0,0,0,0,0,0,0,0,0,0,0,0,0,0,80,0,0,0,0,0,0,0
1787687074.695,0,0,0,0,0,0,0,684996985,397639223808,683177019904,0,0,0,0,0,0,0,0,0,0,0,0,0,0,0,0,0,0,0,0,0,0,0,0,0,0,0,0,0,0,0,0,0,0,0,0,0,0,0,0,0,0,0,0,0,0,0,0,0,0,0,0,0,0,0,0,0,0,0,0,7,6213033,24290547,24255112,0,0,0,0,0,0,0,0,0,0,0,0,0,0,0,0,0,0,0,0,0,0,0,0,0,0,0,0,0,0,0,0,0,0,0,0,0,51515211776,14174224384,3144239,865126,24169607,1105,0,384,3145728,21171406,3111910,147,3140898677,51539607552,0,1072851385,0,0,0,0,0,0,0,0,0,0,0,0,0,0,0,0,0,0,7983418,407554176,0,468,1204,7863,623,15967000,35,0,0,0,0,0,0,0,1,0,0,0,0,0,0,0,0,0,0,21801892,0,24169310,208834,0,0,0,0,0,0,0,0,16384,0,0,0,0,0,0,0,0,0,0,0,4666,115,0,0,0,0,0,24263163,0,72,0,16,115,4666,0,0,0,0,0,0,0,0,0,0,0,0,0,0,0,0,0,0,0,0,0,0,0,0,0,0,0,0,0,0,0,0,0,0,0,0,0,0,0,0,0,0,0,0,0,0,0,0,0,0,0,0,0,0,165902853,0,0,0,870995085,0,0,0,0,0,0,0,22424828,25658958,191902867,194704670720,19239425,0,0,0,0,0,0,0,0,0,0,0,0,0,0,0,0,0,0,0,0,0,0,0,0,0,0,0,0,0,0,0,24,0,0,0,0,0,0,0
1787687075.764,0,0,0,0,0,0,0,685025027,397790398976,683227773952,0,0,0,0,0,0,0,0,0,0,0,0,0,0,0,0,0,0,0,0,0,0,0,0,0,0,0,0,0,0,0,0,0,0,0,0,0,0,0,0,0,0,0,0,0,0,0,0,0,0,0,0,0,0,0,0,0,0,0,0,7,6213076,24299774,24257930,0,0,0,0,0,0,0,0,0,0,0,0,0,0,0,0,0,0,0,0,0,0,0,0,0,0,0,0,0,0,0,0,0,0,0,0,0,51524059136,14178729984,3144779,865401,24172425,565,0,384,3145728,21180632,3111910,147,3141038834,51539607552,0,1072872838,0,0,0,0,0,0,0,0,0,0,0,0,0,0,0,0,0,0,7984205,407554963,0,468,1204,7863,623,15968574,35,0,0,0,0,0,0,0,1,0,0,0,0,0,0,0,0,0,0,21802886,0,24172128,208858,0,0,0,0,0,0,0,0,16384,0,0,0,0,0,0,0,0,0,0,0,4667,115,0,0,0,0,0,24265559,0,72,0,16,115,4667,0,0,0,0,0,0,0,0,0,0,0,0,0,0,0,0,0,0,0,0,0,0,0,0,0,0,0,0,0,0,0,0,0,0,0,0,0,0,0,0,0,0,0,0,0,0,0,0,0,0,0,0,0,0,165905175,0,0,0,871008399,0,0,0,0,0,0,0,22426579,25668185,191908032,194708066304,19240796,0,0,0,0,0,0,0,0,0,0,0,0,0,0,0,0,0,0,0,0,0,0,0,0,0,0,0,0,0,0,0,210,0,0,0,0,0,0,0
1787687076.833,0,0,0,0,0,0,0,685053158,397943654912,683278570496,0,0,0,0,0,0,0,0,0,0,0,0,0,0,0,0,0,0,0,0,0,0,0,0,0,0,0,0,0,0,0,0,0,0,0,0,0,0,0,0,0,0,0,0,0,0,0,0,0,0,0,0,0,0,0,0,0,0,0,0,7,6213135,24309131,24260744,0,0,0,0,0,0,0,0,0,0,0,0,0,0,0,0,0,0,0,0,0,0,0,0,0,0,0,0,0,0,0,0,0,0,0,0,0,51532480512,14183120896,3145293,865669,24175239,51,0,384,3145728,21189988,3111910,147,3141180643,51539607552,0,1072895260,0,0,0,0,0,0,0,0,0,0,0,0,0,0,0,0,0,0,7984990,407555748,0,468,1204,7863,623,15970143,35,0,0,0,0,0,0,0,1,0,0,0,0,0,0,0,0,0,0,21803877,0,24174942,208883,0,0,0,0,0,0,0,0,16384,0,0,0,0,0,0,0,0,0,0,0,4669,115,0,0,0,0,0,24267945,0,72,0,16,115,4669,0,0,0,0,0,0,0,0,0,0,0,0,0,0,0,0,0,0,0,0,0,0,0,0,0,0,0,0,0,0,0,0,0,0,0,0,0,0,0,0,0,0,0,0,0,0,0,0,0,0,0,0,0,0,165907479,0,0,0,871021924,0,0,0,0,0,0,0,22428388,25677539,191913175,194711527424,19242182,0,0,0,0,0,0,0,0,0,0,0,0,0,0,0,0,0,0,0,0,0,0,0,0,0,0,0,0,0,0,0,151,0,0,0,0,0,0,0
1787687077.902,0,0,0,0,0,0,0,685080846,398095518208,683350581760,0,0,0,0,0,0,0,0,0,0,0,0,0,0,0,0,0,0,0,0,0,0,0,0,0,0,0,0,0,0,0,0,0,0,0,0,0,0,0,0,0,0,0,0,0,0,0,0,0,0,0,0,0,0,0,0,0,0,0,0,7,6213204,24318401,24264498,0,0,0,0,0,0,0,0,0,0,0,0,0,0,0,0,0,0,0,0,0,0,0,0,0,0,0,0,0,0,0,0,0,0,0,0,0,51400376320,14171537408,3137230,864962,24178000,8114,0,384,3145728,21199257,3111910,147,3141320377,51539607552,0,1072917249,0,0,0,0,0,0,0,0,0,0,0,0,0,0,0,0,0,0,7985766,407556524,0,468,1204,7863,623,15971695,35,0,0,0,0,0,0,0,1,0,0,0,0,0,0,0,0,0,0,21804861,0,24178490,208919,0,0,0,0,0,0,0,0,16384,0,0,0,0,0,0,0,0,0,0,0,4670,115,0,0,0,0,0,24270310,0,72,0,16,115,4670,0,0,0,0,0,0,0,0,0,0,0,0,0,0,0,0,0,0,0,0,0,0,0,0,0,0,0,0,0,0,0,0,0,0,0,0,0,0,0,0,0,0,0,0,0,0,0,0,0,0,0,0,0,0,165909784,0,0,0,871035325,0,0,0,0,0,0,0,22430305,25686805,191919649,194714846720,19243549,1,0,0,0,0,0,0,0,0,0,0,0,0,0,0,0,0,0,0,0,0,0,0,0,0,0,0,0,0,0,0,67,0,0,0,0,0,0,0
1787687078.972,0,0,0,0,0,0,0,685108543,398247856640,683426526720,0,0,0,0,0,0,0,0,0,0,0,0,0,0,0,0,0,0,0,0,0,0,0,0,0,0,0,0,0,0,0,0,0,0,0,0,0,0,0,0,0,0,0,0,0,0,0,0,0,0,0,0,0,0,0,0,0,0,0,0,7,6213257,24327701,24269240,0,0,0,0,0,0,0,0,0,0,0,0,0,0,0,0,0,0,0,0,0,0,0,0,0,0,0,0,0,0,0,0,0,0,0,0,0,51407896576,14144421888,3137689,863307,24183735,7655,0,384,3145728,21208554,3111910,147,3141458797,51539607552,0,1072938236,0,0,0,0,0,0,0,0,0,0,0,0,0,0,0,0,0,0,7986544,407557302,0,468,1204,7863,623,15973251,35,0,0,0,0,0,0,0,1,0,0,0,0,0,0,0,0,0,0,21805841,0,24183438,208959,0,0,0,0,0,0,0,0,16384,0,0,0,0,0,0,0,0,0,0,0,4671,115,0,0,0,0,0,24272663,0,72,0,16,115,4671,0,0,0,0,0,0,0,0,0,0,0,0,0,0,0,0,0,0,0,0,0,0,0,0,0,0,0,0,0,0,0,0,0,0,0,0,0,0,0,0,0,0,0,0,0,0,0,0,0,0,0,0,0,0,165911972,0,0,0,871048439,0,0,0,0,0,0,0,22432287,25696105,191926235,194718050816,19244862,0,0,0,0,0,0,0,0,0,0,0,0,0,0,0,0,0,0,0,0,0,0,0,0,0,0,0,0,0,0,0,264,0,0,0,0,0,0,0
1787687080.045,0,0,0,0,0,0,0,685137123,398401767936,683477222912,0,0,0,0,0,0,0,0,0,0,0,0,0,0,0,0,0,0,0,0,0,0,0,0,0,0,0,0,0,0,0,0,0,0,0,0,0,0,0,0,0,0,0,0,0,0,0,0,0,0,0,0,0,0,0,0,0,0,0,0,7,6213305,24337100,24272064,0,0,0,0,0,0,0,0,0,0,0,0,0,0,0,0,0,0,0,0,0,0,0,0,0,0,0,0,0,0,0,0,0,0,0,0,0,51418824704,14149861376,3138356,863639,24186559,6988,0,384,3145728,21217953,3111910,147,3141602724,51539607552,0,1072960660,0,0,0,0,0,0,0,0,0,0,0,0,0,0,0,0,0,0,7987346,407558103,0,468,1204,7863,623,15974855,35,0,0,0,0,0,0,0,1,0,0,0,0,0,0,0,0,0,0,21806854,0,24186262,208984,0,0,0,0,0,0,0,0,16384,0,0,0,0,0,0,0,0,0,0,0,4672,115,0,0,0,0,0,24275099,0,72,0,16,115,4672,0,0,0,0,0,0,0,0,0,0,0,0,0,0,0,0,0,0,0,0,0,0,0,0,0,0,0,0,0,0,0,0,0,0,0,0,0,0,0,0,0,0,0,0,0,0,0,0,0,0,0,0,0,0,165914336,0,0,0,871062238,0,0,0,0,0,0,0,22434133,25705503,191931448,194721316352,19246282,0,0,0,0,0,0,0,0,0,0,0,0,0,0,0,0,0,0,0,0,0,0,0,0,0,0,0,0,0,0,0,193,0,0,0,0,0,0,0
1787687081.114,0,0,0,0,0,0,0,685165296,398554909184,683528807424,0,0,0,0,0,0,0,0,0,0,0,0,0,0,0,0,0,0,0,0,0,0,0,0,0,0,0,0,0,0,0,0,0,0,0,0,0,0,0,0,0,0,0,0,0,0,0,0,0,0,0,0,0,0,0,0,0,0,0,0,7,6213371,24346450,24274924,0,0,0,0,0,0,0,0,0,0,0,0,0,0,0,0,0,0,0,0,0,0,0,0,0,0,0,0,0,0,0,0,0,0,0,0,0,51428818944,14153990144,3138966,863891,24189419,6378,0,384,3145728,21227303,3111910,147,3141744607,51539607552,0,1072982781,0,0,0,0,0,0,0,0,0,0,0,0,0,0,0,0,0,0,7988134,407558892,0,468,1204,7863,623,15976431,35,0,0,0,0,0,0,0,1,0,0,0,0,0,0,0,0,0,0,21807853,0,24189122,209009,0,0,0,0,0,0,0,0,16384,0,0,0,0,0,0,0,0,0,0,0,4673,115,0,0,0,0,0,24277494,0,72,0,16,115,4673,0,0,0,0,0,0,0,0,0,0,0,0,0,0,0,0,0,0,0,0,0,0,0,0,0,0,0,0,0,0,0,0,0,0,0,0,0,0,0,0,0,0,0,0,0,0,0,0,0,0,0,0,0,0,165916659,0,0,0,871075821,0,0,0,0,0,0,0,22435958,25714852,191936656,194724737536,19247671,0,0,0,0,0,0,0,0,0,0,0,0,0,0,0,0,0,0,0,0,0,0,0,0,0,0,0,0,0,0,0,145,0,0,0,0,0,0,0
1787687082.184,0,0,0,0,0,0,0,685193303,398708083200,683581493760,0,0,0,0,0,0,0,0,0,0,0,0,0,0,0,0,0,0,0,0,0,0,0,0,0,0,0,0,0,0,0,0,0,0,0,0,0,0,0,0,0,0,0,0,0,0,0,0,0,0,0,0,0,0,0,0,0,0,0,0,7,6213439,24355800,24277840,0,0,0,0,0,0,0,0,0,0,0,0,0,0,0,0,0,0,0,0,0,0,0,0,0,0,0,0,0,0,0,0,0,0,0,0,0,51438927872,14157152256,3139583,864084,24192335,5761,0,384,3145728,21236644,3111910,147,3141886079,51539607552,0,1073005232,0,0,0,0,0,0,0,0,0,0,0,0,0,0,0,0,0,0,7988918,407559675,0,468,1204,7863,623,15977999,35,0,0,0,0,0,0,0,1,0,0,0,0,0,0,0,0,0,0,21808848,0,24192038,209034,0,0,0,0,0,0,0,0,16384,0,0,0,0,0,0,0,0,0,0,0,4674,115,0,0,0,0,0,24279868,0,72,0,16,115,4674,0,0,0,0,0,0,0,0,0,0,0,0,0,0,0,0,0,0,0,0,0,0,0,0,0,0,0,0,0,0,0,0,0,0,0,0,0,0,0,0,0,0,0,0,0,0,0,0,0,0,0,0,0,0,165919001,0,0,0,871089307,0,0,0,0,0,0,0,22437749,25724199,191941938,194728388608,19249060,0,0,0,0,0,0,0,0,0,0,0,0,0,0,0,0,0,0,0,0,0,0,0,0,0,0,0,0,0,0,0,104,0,0,0,0,0,0,0
1787687083.254,0,0,0,0,0,0,0,685221338,398861142528,683631811072,0,0,0,0,0,0,0,0,0,0,0,0,0,0,0,0,0,0,0,0,0,0,0,0,0,0,0,0,0,0,0,0,0,0,0,0,0,0,0,0,0,0,0,0,0,0,0,0,0,0,0,0,0,0,0,0,0,0,0,0,7,6213490,24365144,24280638,0,0,0,0,0,0,0,0,0,0,0,0,0,0,0,0,0,0,0,0,0,0,0,0,0,0,0,0,0,0,0,0,0,0,0,0,0,51449495552,14161985536,3140228,864378,24195133,5116,0,384,3145728,21245988,3111910,147,3142027040,51539607552,0,1073026938,0,0,0,0,0,0,0,0,0,0,0,0,0,0,0,0,0,0,7989705,407560463,0,468,1204,7863,623,15979575,35,0,0,0,0,0,0,0,1,0,0,0,0,0,0,0,0,0,0,21809841,0,24194836,209058,0,0,0,0,0,0,0,0,16384,0,0,0,0,0,0,0,0,0,0,0,4675,115,0,0,0,0,0,24282258,0,72,0,16,115,4675,0,0,0,0,0,0,0,0,0,0,0,0,0,0,0,0,0,0,0,0,0,0,0,0,0,0,0,0,0,0,0,0,0,0,0,0,0,0,0,0,0,0,0,0,0,0,0,0,0,0,0,0,0,0,165921318,0,0,0,871102871,0,0,0,0,0,0,0,22439524,25733544,191947076,194731747840,19250447,0,0,0,0,0,0,0,0,0,0,0,0,0,0,0,0,0,0,0,0,0,0,0,0,0,0,0,0,0,0,0,49,0,0,0,0,0,0,0
1787687084.323,0,0,0,0,0,0,0,685249610,399014758912,683681975808,0,0,0,0,0,0,0,0,0,0,0,0,0,0,0,0,0,0,0,0,0,0,0,0,0,0,0,0,0,0,0,0,0,0,0,0,0,0,0,0,0,0,0,0,0,0,0,0,0,0,0,0,0,0,0,0,0,0,0,0,7,6213536,24374522,24283433,0,0,0,0,0,0,0,0,0,0,0,0,0,0,0,0,0,0,0,0,0,0,0,0,0,0,0,0,0,0,0,0,0,0,0,0,0,51460079616,14166425600,3140874,864650,24197928,4470,0,384,3145728,21255364,3111910,147,3142168258,51539607552,0,1073048329,0,0,0,0,0,0,0,0,0,0,0,0,0,0,0,0,0,0,7990497,407561255,0,468,1204,7863,623,15981160,35,0,0,0,0,0,0,0,1,0,0,0,0,0,0,0,0,0,0,21810842,0,24197631,209082,0,0,0,0,0,0,0,0,16384,0,0,0,0,0,0,0,0,0,0,0,4676,115,0,0,0,0,0,24284671,0,72,0,16,115,4676,0,0,0,0,0,0,0,0,0,0,0,0,0,0,0,0,0,0,0,0,0,0,0,0,0,0,0,0,0,0,0,0,0,0,0,0,0,0,0,0,0,0,0,0,0,0,0,0,0,0,0,0,0,0,165923678,0,0,0,871116229,0,0,0,0,0,0,0,22441315,25742920,191952252,194735008768,19251889,0,0,0,0,0,0,0,0,0,0,0,0,0,0,0,0,0,0,0,0,0,0,0,0,0,0,0,0,0,0,0,269,0,0,0,0,0,0,0
1787687085.393,0,0,0,0,0,0,0,685277611,399167031808,683732451840,0,0,0,0,0,0,0,0,0,0,0,0,0,0,0,0,0,0,0,0,0,0,0,0,0,0,0,0,0,0,0,0,0,0,0,0,0,0,0,0,0,0,0,0,0,0,0,0,0,0,0,0,0,0,0,0,0,0,0,0,7,6213599,24383816,24286232,0,0,0,0,0,0,0,0,0,0,0,0,0,0,0,0,0,0,0,0,0,0,0,0,0,0,0,0,0,0,0,0,0,0,0,0,0,51470336000,14171488256,3141499,864959,24200727,3844,0,385,3145728,21264657,3111910,147,3142309179,51539607552,0,1073070378,0,0,0,0,0,0,0,0,0,0,0,0,0,0,0,0,0,0,7991282,407562040,0,468,1204,7863,623,15982727,35,0,0,0,0,0,0,0,1,0,0,0,0,0,0,0,0,0,0,21811833,0,24200430,209107,0,0,0,0,0,0,0,0,16384,0,0,0,0,0,0,0,0,0,0,0,4677,115,0,0,0,0,0,24287065,0,72,0,16,115,4677,0,0,0,0,0,0,0,0,0,0,0,0,0,0,0,0,0,0,0,0,0,0,0,0,0,0,0,0,0,0,0,0,0,0,0,0,0,0,0,0,0,0,0,0,0,0,0,0,0,0,0,0,0,0,165925982,0,0,0,871129748,0,0,0,0,0,0,0,22443152,25752214,191957377,194738399232,19253289,0,0,0,0,0,0,0,0,0,0,0,0,0,0,0,0,0,0,0,0,0,0,0,0,0,0,0,0,0,0,0,199,0,0,0,0,0,0,0
1787687086.466,0,0,0,0,0,0,0,685305735,399320664576,683782582272,0,0,0,0,0,0,0,0,0,0,0,0,0,0,0,0,0,0,0,0,0,0,0,0,0,0,0,0,0,0,0,0,0,0,0,0,0,0,0,0,0,0,0,0,0,0,0,0,0,0,0,0,0,0,0,0,0,0,0,0,7,6213648,24393193,24289001,0,0,0,0,0,0,0,0,0,0,0,0,0,0,0,0,0,0,0,0,0,0,0,0,0,0,0,0,0,0,0,0,0,0,0,0,0,51481591808,14177763328,3142187,865342,24203496,3157,0,384,3145728,21274033,3111910,147,3142451202,51539607552,0,1073092869,0,0,0,0,0,0,0,0,0,0,0,0,0,0,0,0,0,0,7992070,407562827,0,468,1204,7863,623,15984303,35,0,0,0,0,0,0,0,1,0,0,0,0,0,0,0,0,0,0,21812826,0,24203199,209131,0,0,0,0,0,0,0,0,16384,0,0,0,0,0,0,0,0,0,0,0,4678,115,0,0,0,0,0,24289461,0,72,0,16,115,4678,0,0,0,0,0,0,0,0,0,0,0,0,0,0,0,0,0,0,0,0,0,0,0,0,0,0,0,0,0,0,0,0,0,0,0,0,0,0,0,0,0,0,0,0,0,0,0,0,0,0,0,0,0,0,165928388,0,0,0,871143333,0,0,0,0,0,0,0,22445031,25761591,191962575,194741889536,19254779,0,0,0,0,0,0,0,0,0,0,0,0,0,0,0,0,0,0,0,0,0,0,0,0,0,0,0,0,0,0,0,115,0,0,0,0,0,0,0
1787687087.534,0,0,0,0,0,0,0,685333632,399473052160,683833494528,0,0,0,0,0,0,0,0,0,0,0,0,0,0,0,0,0,0,0,0,0,0,0,0,0,0,0,0,0,0,0,0,0,0,0,0,0,0,0,0,0,0,0,0,0,0,0,0,0,0,0,0,0,0,0,0,0,0,0,0,7,6213696,24402499,24291845,0,0,0,0,0,0,0,0,0,0,0,0,0,0,0,0,0,0,0,0,0,0,0,0,0,0,0,0,0,0,0,0,0,0,0,0,0,51490717696,14182170624,3142744,865611,24206340,2600,0,384,3145728,21283337,3111910,147,3142591426,51539607552,0,1073114431,0,0,0,0,0,0,0,0,0,0,0,0,0,0,0,0,0,0,7992853,407563611,0,468,1204,7863,623,15985869,35,0,0,0,0,0,0,0,1,0,0,0,0,0,0,0,0,0,0,21813814,0,24206043,209156,0,0,0,0,0,0,0,0,16384,0,0,0,0,0,0,0,0,0,0,0,4679,115,0,0,0,0,0,24291852,0,72,0,16,115,4679,0,0,0,0,0,0,0,0,0,0,0,0,0,0,0,0,0,0,0,0,0,0,0,0,0,0,0,0,0,0,0,0,0,0,0,0,0,0,0,0,0,0,0,0,0,0,0,0,0,0,0,0,0,0,165930742,0,0,0,871156829,0,0,0,0,0,0,0,22446871,25770890,191967798,194745095168,19256233,0,0,0,0,0,0,0,0,0,0,0,0,0,0,0,0,0,0,0,0,0,0,0,0,0,0,0,0,0,0,0,44,0,0,0,0,0,0,0
1787687088.603,0,0,0,0,0,0,0,685361541,399625488896,683883867648,0,0,0,0,0,0,0,0,0,0,0,0,0,0,0,0,0,0,0,0,0,0,0,0,0,0,0,0,0,0,0,0,0,0,0,0,0,0,0,0,0,0,0,0,0,0,0,0,0,0,0,0,0,0,0,0,0,0,0,0,7,6213751,24411805,24294644,0,0,0,0,0,0,0,0,0,0,0,0,0,0,0,0,0,0,0,0,0,0,0,0,0,0,0,0,0,0,0,0,0,0,0,0,0,51500859392,14187151360,3143363,865915,24209139,1981,0,384,3145728,21292643,3111910,147,3142731068,51539607552,0,1073136011,0,0,0,0,0,0,0,0,0,0,0,0,0,0,0,0,0,0,7993635,407564393,0,468,1204,7863,623,15987433,35,0,0,0,0,0,0,0,1,0,0,0,0,0,0,0,0,0,0,21814800,0,24208842,209180,0,0,0,0,0,0,0,0,16384,0,0,0,0,0,0,0,0,0,0,0,4680,115,0,0,0,0,0,24294230,0,72,0,16,115,4680,0,0,0,0,0,0,0,0,0,0,0,0,0,0,0,0,0,0,0,0,0,0,0,0,0,0,0,0,0,0,0,0,0,0,0,0,0,0,0,0,0,0,0,0,0,0,0,0,0,0,0,0,0,0,165933039,0,0,0,871170044,0,0,0,0,0,0,0,22448674,25780195,191972918,194748374016,19257655,0,0,0,0,0,0,0,0,0,0,0,0,0,0,0,0,0,0,0,0,0,0,0,0,0,0,0,0,0,0,0,229,0,0,0,0,0,0,0
1787687089.672,0,0,0,0,0,0,0,685389656,399779547648,683933632512,0,0,0,0,0,0,0,0,0,0,0,0,0,0,0,0,0,0,0,0,0,0,0,0,0,0,0,0,0,0,0,0,0,0,0,0,0,0,0,0,0,0,0,0,0,0,0,0,0,0,0,0,0,0,0,0,0,0,0,0,7,6213794,24421210,24297414,0,0,0,0,0,0,0,0,0,0,0,0,0,0,0,0,0,0,0,0,0,0,0,0,0,0,0,0,0,0,0,0,0,0,0,0,0,51512279040,14192574464,3144060,866246,24211909,1284,0,384,3145728,21302048,3111910,147,3142872614,51539607552,0,1073158169,0,0,0,0,0,0,0,0,0,0,0,0,0,0,0,0,0,0,7994421,407565179,0,468,1204,7863,623,15989007,35,0,0,0,0,0,0,0,1,0,0,0,0,0,0,0,0,0,0,21815797,0,24211612,209204,0,0,0,0,0,0,0,0,16384,0,0,0,0,0,0,0,0,0,0,0,4681,115,0,0,0,0,0,24296614,0,72,0,16,115,4681,0,0,0,0,0,0,0,0,0,0,0,0,0,0,0,0,0,0,0,0,0,0,0,0,0,0,0,0,0,0,0,0,0,0,0,0,0,0,0,0,0,0,0,0,0,0,0,0,0,0,0,0,0,0,165935302,0,0,0,871183586,0,0,0,0,0,0,0,22450500,25789597,191977973,194751624192,19259105,0,0,0,0,0,0,0,0,0,0,0,0,0,0,0,0,0,0,0,0,0,0,0,0,0,0,0,0,0,0,0,169,0,0,0,0,0,0,0
1787687090.742,0,0,0,0,0,0,0,685417740,399933000192,683984871424,0,0,0,0,0,0,0,0,0,0,0,0,0,0,0,0,0,0,0,0,0,0,0,0,0,0,0,0,0,0,0,0,0,0,0,0,0,0,0,0,0,0,0,0,0,0,0,0,0,0,0,0,0,0,0,0,0,0,0,0,7,6213840,24430574,24300282,0,0,0,0,0,0,0,0,0,0,0,0,0,0,0,0,0,0,0,0,0,0,0,0,0,0,0,0,0,0,0,0,0,0,0,0,0,51522011136,14196981760,3144654,866515,24214777,689,0,384,3145728,21311409,3111910,147,3143013925,51539607552,0,1073180010,0,0,0,0,0,0,0,0,0,0,0,0,0,0,0,0,0,0,7995208,407565965,0,468,1204,7863,623,15990581,35,0,0,0,0,0,0,0,1,0,0,0,0,0,0,0,0,0,0,21816791,0,24214480,209230,0,0,0,0,0,0,0,0,16384,0,0,0,0,0,0,0,0,0,0,0,4682,115,0,0,0,0,0,24299016,0,72,0,16,115,4682,0,0,0,0,0,0,0,0,0,0,0,0,0,0,0,0,0,0,0,0,0,0,0,0,0,0,0,0,0,0,0,0,0,0,0,0,0,0,0,0,0,0,0,0,0,0,0,0,0,0,0,0,0,0,165937577,0,0,0,871197159,0,0,0,0,0,0,0,22452302,25798960,191983138,194754775040,19260468,0,0,0,0,0,0,0,0,0,0,0,0,0,0,0,0,0,0,0,0,0,0,0,0,0,0,0,0,0,0,0,80,0,0,0,0,0,0,0
1787687091.812,0,0,0,0,0,0,0,685446212,400085486080,684035174912,0,0,0,0,0,0,0,0,0,0,0,0,0,0,0,0,0,0,0,0,0,0,0,0,0,0,0,0,0,0,0,0,0,0,0,0,0,0,0,0,0,0,0,0,0,0,0,0,0,0,0,0,0,0,0,0,0,0,0,0,7,6213894,24439883,24303071,0,0,0,0,0,0,0,0,0,0,0,0,0,0,0,0,0,0,0,0,0,0,0,0,0,0,0,0,0,0,0,0,0,0,0,0,0,51530711040,14203092992,3145185,866888,24217566,159,0,384,3145728,21320717,3111910,147,3143157097,51539607552,0,1073202462,0,0,0,0,0,0,0,0,0,0,0,0,0,0,0,0,0,0,7996004,407566762,0,468,1204,7863,623,15992172,35,0,0,0,0,0,0,0,1,0,0,0,0,0,0,0,0,0,0,21817799,0,24217269,209255,0,0,0,0,0,0,0,0,16384,0,0,0,0,0,0,0,0,0,0,0,4683,115,0,0,0,0,0,24301426,0,72,0,16,115,4683,0,0,0,0,0,0,0,0,0,0,0,0,0,0,0,0,0,0,0,0,0,0,0,0,0,0,0,0,0,0,0,0,0,0,0,0,0,0,0,0,0,0,0,0,0,0,0,0,0,0,0,0,0,0,165939889,0,0,0,871210859,0,0,0,0,0,0,0,22454081,25808267,191988263,194758192640,19261865,0,0,0,0,0,0,0,0,0,0,0,0,0,0,0,0,0,0,0,0,0,0,0,0,0,0,0,0,0,0,0,29,0,0,0,0,0,0,0
1787687092.881,0,0,0,0,0,0,0,685474696,400241707520,684089917952,0,0,0,0,0,0,0,0,0,0,0,0,0,0,0,0,0,0,0,0,0,0,0,0,0,0,0,0,0,0,0,0,0,0,0,0,0,0,0,0,0,0,0,0,0,0,0,0,0,0,0,0,0,0,0,0,0,0,0,0,7,6213943,24449417,24305916,0,0,0,0,0,0,0,0,0,0,0,0,0,0,0,0,0,0,0,0,0,0,0,0,0,0,0,0,0,0,0,0,0,0,0,0,0,51414581248,14207844352,3138097,867178,24220411,7247,0,384,3145728,21330248,3111910,147,3143299380,51539607552,0,1073224165,0,0,0,0,0,0,0,0,0,0,0,0,0,0,0,0,0,0,7996803,407567561,0,468,1204,7863,623,15993770,35,0,0,0,0,0,0,0,1,0,0,0,0,0,0,0,0,0,0,21818805,0,24220114,209282,0,0,0,0,0,0,0,0,16384,0,0,0,0,0,0,0,0,0,0,0,4685,115,0,0,0,0,0,24303856,0,72,0,16,115,4685,0,0,0,0,0,0,0,0,0,0,0,0,0,0,0,0,0,0,0,0,0,0,0,0,0,0,0,0,0,0,0,0,0,0,0,0,0,0,0,0,0,0,0,0,0,0,0,0,0,0,0,0,0,0,165942226,0,0,0,871224359,0,0,0,0,0,0,0,22455881,25817802,191993705,194761536000,19263256,1,0,0,0,0,0,0,0,0,0,0,0,0,0,0,0,0,0,0,0,0,0,0,0,0,0,0,0,0,0,0,230,0,0,0,0,0,0,0
1787687093.958,0,0,0,0,0,0,0,685501931,400391408128,684183332864,0,0,0,0,0,0,0,0,0,0,0,0,0,0,0,0,0,0,0,0,0,0,0,0,0,0,0,0,0,0,0,0,0,0,0,0,0,0,0,0,0,0,0,0,0,0,0,0,0,0,0,0,0,0,0,0,0,0,0,0,7,6213994,24458561,24311572,0,0,0,0,0,0,0,0,0,0,0,0,0,0,0,0,0,0,0,0,0,0,0,0,0,0,0,0,0,0,0,0,0,0,0,0,0,51405832192,14164426752,3137563,864528,24226067,7781,0,384,3145728,21339385,3111910,147,3143436877,51539607552,0,1073245637,0,0,0,0,0,0,0,0,0,0,0,0,0,0,0,0,0,0,7997568,407568326,0,468,1204,7863,623,15995301,35,0,0,0,0,0,0,0,1,0,0,0,0,0,0,0,0,0,0,21819774,0,24225770,209329,0,0,0,0,0,0,0,0,16384,0,0,0,0,0,0,0,0,0,0,0,4686,115,0,0,0,0,0,24306186,0,72,0,16,115,4686,0,0,0,0,0,0,0,0,0,0,0,0,0,0,0,0,0,0,0,0,0,0,0,0,0,0,0,0,0,0,0,0,0,0,0,0,0,0,0,0,0,0,0,0,0,0,0,0,0,0,0,0,0,0,165944442,0,0,0,871237598,0,0,0,0,0,0,0,22457921,25826938,192001389,194764710912,19264583,0,0,0,0,0,0,0,0,0,0,0,0,0,0,0,0,0,0,0,0,0,0,0,0,0,0,0,0,0,0,0,105,0,0,0,0,0,0,0
1787687095.028,0,0,0,0,0,0,0,685529883,400542272000,684234356736,0,0,0,0,0,0,0,0,0,0,0,0,0,0,0,0,0,0,0,0,0,0,0,0,0,0,0,0,0,0,0,0,0,0,0,0,0,0,0,0,0,0,0,0,0,0,0,0,0,0,0,0,0,0,0,0,0,0,0,0,7,6214061,24467769,24314394,0,0,0,0,0,0,0,0,0,0,0,0,0,0,0,0,0,0,0,0,0,0,0,0,0,0,0,0,0,0,0,0,0,0,0,0,0,51415367680,14169620480,3138145,864845,24228889,7199,0,384,3145728,21348591,3111910,147,3143577935,51539607552,0,1073267920,0,0,0,0,0,0,0,0,0,0,0,0,0,0,0,0,0,0,7998352,407569110,0,468,1204,7863,623,15996867,35,0,0,0,0,0,0,0,1,0,0,0,0,0,0,0,0,0,0,21820758,0,24228592,209353,0,0,0,0,0,0,0,0,16384,0,0,0,0,0,0,0,0,0,0,0,4687,115,0,0,0,0,0,24308566,0,72,0,16,115,4687,0,0,0,0,0,0,0,0,0,0,0,0,0,0,0,0,0,0,0,0,0,0,0,0,0,0,0,0,0,0,0,0,0,0,0,0,0,0,0,0,0,0,0,0,0,0,0,0,0,0,0,0,0,0,165946758,0,0,0,871251120,0,0,0,0,0,0,0,22459665,25836144,192006550,194768250880,19265982,0,0,0,0,0,0,0,0,0,0,0,0,0,0,0,0,0,0,0,0,0,0,0,0,0,0,0,0,0,0,0,23,0,0,0,0,0,0,0
1787687096.097,0,0,0,0,0,0,0,685557962,400693840384,684284640256,0,0,0,0,0,0,0,0,0,0,0,0,0,0,0,0,0,0,0,0,0,0,0,0,0,0,0,0,0,0,0,0,0,0,0,0,0,0,0,0,0,0,0,0,0,0,0,0,0,0,0,0,0,0,0,0,0,0,0,0,7,6214121,24477022,24317175,0,0,0,0,0,0,0,0,0,0,0,0,0,0,0,0,0,0,0,0,0,0,0,0,0,0,0,0,0,0,0,0,0,0,0,0,0,51425689600,14175174656,3138775,865184,24231670,6569,0,384,3145728,21357843,3111910,147,3143718649,51539607552,0,1073289885,0,0,0,0,0,0,0,0,0,0,0,0,0,0,0,0,0,0,7999136,407569894,0,468,1204,7863,623,15998437,35,0,0,0,0,0,0,0,1,0,0,0,0,0,0,0,0,0,0,21821750,0,24231373,209378,0,0,0,0,0,0,0,0,16384,0,0,0,0,0,0,0,0,0,0,0,4688,115,0,0,0,0,0,24310947,0,72,0,16,115,4688,0,0,0,0,0,0,0,0,0,0,0,0,0,0,0,0,0,0,0,0,0,0,0,0,0,0,0,0,0,0,0,0,0,0,0,0,0,0,0,0,0,0,0,0,0,0,0,0,0,0,0,0,0,0,165949043,0,0,0,871264375,0,0,0,0,0,0,0,22461507,25845394,192011641,194771757568,19267415,0,0,0,0,0,0,0,0,0,0,0,0,0,0,0,0,0,0,0,0,0,0,0,0,0,0,0,0,0,0,0,218,0,0,0,0,0,0,0
1787687097.166,0,0,0,0,0,0,0,685585577,400844999168,684334987776,0,0,0,0,0,0,0,0,0,0,0,0,0,0,0,0,0,0,0,0,0,0,0,0,0,0,0,0,0,0,0,0,0,0,0,0,0,0,0,0,0,0,0,0,0,0,0,0,0,0,0,0,0,0,0,0,0,0,0,0,7,6214166,24486254,24319978,0,0,0,0,0,0,0,0,0,0,0,0,0,0,0,0,0,0,0,0,0,0,0,0,0,0,0,0,0,0,0,0,0,0,0,0,0,51435929600,14179303424,3139400,865436,24234473,5944,0,384,3145728,21367076,3111910,147,3143857867,51539607552,0,1073311623,0,0,0,0,0,0,0,0,0,0,0,0,0,0,0,0,0,0,7999911,407570668,0,468,1204,7863,623,15999985,35,0,0,0,0,0,0,0,1,0,0,0,0,0,0,0,0,0,0,21822728,0,24234176,209403,0,0,0,0,0,0,0,0,16384,0,0,0,0,0,0,0,0,0,0,0,4689,115,0,0,0,0,0,24313306,0,72,0,16,115,4689,0,0,0,0,0,0,0,0,0,0,0,0,0,0,0,0,0,0,0,0,0,0,0,0,0,0,0,0,0,0,0,0,0,0,0,0,0,0,0,0,0,0,0,0,0,0,0,0,0,0,0,0,0,0,165951302,0,0,0,871277707,0,0,0,0,0,0,0,22463258,25854622,192016728,194775119360,19268769,0,0,0,0,0,0,0,0,0,0,0,0,0,0,0,0,0,0,0,0,0,0,0,0,0,0,0,0,0,0,0,166,0,0,0,0,0,0,0
1787687098.236,0,0,0,0,0,0,0,685613257,400998468096,684384747008,0,0,0,0,0,0,0,0,0,0,0,0,0,0,0,0,0,0,0,0,0,0,0,0,0,0,0,0,0,0,0,0,0,0,0,0,0,0,0,0,0,0,0,0,0,0,0,0,0,0,0,0,0,0,0,0,0,0,0,0,7,6214219,24495626,24322746,0,0,0,0,0,0,0,0,0,0,0,0,0,0,0,0,0,0,0,0,0,0,0,0,0,0,0,0,0,0,0,0,0,0,0,0,0,51447152640,14184775680,3140085,865770,24237241,5259,0,384,3145728,21376445,3111910,147,3143997572,51539607552,0,1073333684,0,0,0,0,0,0,0,0,0,0,0,0,0,0,0,0,0,0,8000683,407571441,0,468,1204,7863,623,16001529,35,0,0,0,0,0,0,0,1,0,0,0,0,0,0,0,0,0,0,21823707,0,24236944,209427,0,0,0,0,0,0,0,0,16384,0,0,0,0,0,0,0,0,0,0,0,4690,115,0,0,0,0,0,24315660,0,72,0,16,115,4690,0,0,0,0,0,0,0,0,0,0,0,0,0,0,0,0,0,0,0,0,0,0,0,0,0,0,0,0,0,0,0,0,0,0,0,0,0,0,0,0,0,0,0,0,0,0,0,0,0,0,0,0,0,0,165953567,0,0,0,871291052,0,0,0,0,0,0,0,22464998,25863990,192021783,194778405888,19270137,0,0,0,0,0,0,0,0,0,0,0,0,0,0,0,0,0,0,0,0,0,0,0,0,0,0,0,0,0,0,0,77,0,0,0,0,0,0,0
1787687099.306,0,0,0,0,0,0,0,685641326,401151429120,684434811392,0,0,0,0,0,0,0,0,0,0,0,0,0,0,0,0,0,0,0,0,0,0,0,0,0,0,0,0,0,0,0,0,0,0,0,0,0,0,0,0,0,0,0,0,0,0,0,0,0,0,0,0,0,0,0,0,0,0,0,0,7,6214272,24504964,24325527,0,0,0,0,0,0,0,0,0,0,0,0,0,0,0,0,0,0,0,0,0,0,0,0,0,0,0,0,0,0,0,0,0,0,0,0,0,51457163264,14190346240,3140696,866110,24240022,4648,0,384,3145728,21385781,3111910,147,3144138162,51539607552,0,1073355272,0,0,0,0,0,0,0,0,0,0,0,0,0,0,0,0,0,0,8001468,407572226,0,468,1204,7863,623,16003099,35,0,0,0,0,0,0,0,1,0,0,0,0,0,0,0,0,0,0,21824695,0,24239725,209451,0,0,0,0,0,0,0,0,16384,0,0,0,0,0,0,0,0,0,0,0,4691,115,0,0,0,0,0,24318048,0,72,0,16,115,4691,0,0,0,0,0,0,0,0,0,0,0,0,0,0,0,0,0,0,0,0,0,0,0,0,0,0,0,0,0,0,0,0,0,0,0,0,0,0,0,0,0,0,0,0,0,0,0,0,0,0,0,0,0,0,165955939,0,0,0,871304340,0,0,0,0,0,0,0,22466704,25873325,192026959,194781758464,19271527,0,0,0,0,0,0,0,0,0,0,0,0,0,0,0,0,0,0,0,0,0,0,0,0,0,0,0,0,0,0,0,248,0,0,0,0,0,0,0
1787687100.375,0,0,0,0,0,0,0,685669543,401304472064,684485704192,0,0,0,0,0,0,0,0,0,0,0,0,0,0,0,0,0,0,0,0,0,0,0,0,0,0,0,0,0,0,0,0,0,0,0,0,0,0,0,0,0,0,0,0,0,0,0,0,0,0,0,0,0,0,0,0,0,0,0,0,7,6214331,24514304,24328341,0,0,0,0,0,0,0,0,0,0,0,0,0,0,0,0,0,0,0,0,0,0,0,0,0,0,0,0,0,0,0,0,0,0,0,0,0,51468238848,14195113984,3141372,866401,24242836,3972,0,384,3145728,21395119,3111910,147,3144280548,51539607552,0,1073377765,0,0,0,0,0,0,0,0,0,0,0,0,0,0,0,0,0,0,8002258,407573016,0,468,1204,7863,623,16004679,35,0,0,0,0,0,0,0,1,0,0,0,0,0,0,0,0,0,0,21825693,0,24242539,209477,0,0,0,0,0,0,0,0,16384,0,0,0,0,0,0,0,0,0,0,0,4692,115,0,0,0,0,0,24320447,0,72,0,16,115,4692,0,0,0,0,0,0,0,0,0,0,0,0,0,0,0,0,0,0,0,0,0,0,0,0,0,0,0,0,0,0,0,0,0,0,0,0,0,0,0,0,0,0,0,0,0,0,0,0,0,0,0,0,0,0,165958261,0,0,0,871317928,0,0,0,0,0,0,0,22468469,25882668,192032120,194785345536,19272923,0,0,0,0,0,0,0,0,0,0,0,0,0,0,0,0,0,0,0,0,0,0,0,0,0,0,0,0,0,0,0,216,0,0,0,0,0,0,0
1787687101.445,0,0,0,0,0,0,0,685697248,401457170944,684535733248,0,0,0,0,0,0,0,0,0,0,0,0,0,0,0,0,0,0,0,0,0,0,0,0,0,0,0,0,0,0,0,0,0,0,0,0,0,0,0,0,0,0,0,0,0,0,0,0,0,0,0,0,0,0,0,0,0,0,0,0,7,6214381,24523625,24331135,0,0,0,0,0,0,0,0,0,0,0,0,0,0,0,0,0,0,0,0,0,0,0,0,0,0,0,0,0,0,0,0,0,0,0,0,0,51476430848,14199635968,3141872,866677,24245630,3472,0,384,3145728,21404440,3111910,147,3144419955,51539607552,0,1073399389,0,0,0,0,0,0,0,0,0,0,0,0,0,0,0,0,0,0,8003037,407573794,0,468,1204,7863,623,16006237,35,0,0,0,0,0,0,0,1,0,0,0,0,0,0,0,0,0,0,21826675,0,24245333,209503,0,0,0,0,0,0,0,0,16384,0,0,0,0,0,0,0,0,0,0,0,4693,115,0,0,0,0,0,24322814,0,72,0,16,115,4693,0,0,0,0,0,0,0,0,0,0,0,0,0,0,0,0,0,0,0,0,0,0,0,0,0,0,0,0,0,0,0,0,0,0,0,0,0,0,0,0,0,0,0,0,0,0,0,0,0,0,0,0,0,0,165960538,0,0,0,871331328,0,0,0,0,0,0,0,22470251,25891989,192037213,194788413440,19274257,0,0,0,0,0,0,0,0,0,0,0,0,0,0,0,0,0,0,0,0,0,0,0,0,0,0,0,0,0,0,0,139,0,0,0,0,0,0,0
1787687102.514,0,0,0,0,0,0,0,685725361,401608919552,684586138112,0,0,0,0,0,0,0,0,0,0,0,0,0,0,0,0,0,0,0,0,0,0,0,0,0,0,0,0,0,0,0,0,0,0,0,0,0,0,0,0,0,0,0,0,0,0,0,0,0,0,0,0,0,0,0,0,0,0,0,0,7,6214430,24532895,24333929,0,0,0,0,0,0,0,0,0,0,0,0,0,0,0,0,0,0,0,0,0,0,0,0,0,0,0,0,0,0,0,0,0,0,0,0,0,51487293440,14205419520,3142535,867030,24248424,2809,0,384,3145728,21413705,3111910,147,3144561150,51539607552,0,1073421226,0,0,0,0,0,0,0,0,0,0,0,0,0,0,0,0,0,0,8003824,407574582,0,468,1204,7863,623,16007812,35,0,0,0,0,0,0,0,1,0,0,0,0,0,0,0,0,0,0,21827672,0,24248127,209527,0,0,0,0,0,0,0,0,16384,0,0,0,0,0,0,0,0,0,0,0,4694,115,0,0,0,0,0,24325202,0,72,0,16,115,4694,0,0,0,0,0,0,0,0,0,0,0,0,0,0,0,0,0,0,0,0,0,0,0,0,0,0,0,0,0,0,0,0,0,0,0,0,0,0,0,0,0,0,0,0,0,0,0,0,0,0,0,0,0,0,165962884,0,0,0,871344911,0,0,0,0,0,0,0,22472045,25901252,192042375,194791808512,19275653,0,0,0,0,0,0,0,0,0,0,0,0,0,0,0,0,0,0,0,0,0,0,0,0,0,0,0,0,0,0,0,76,0,0,0,0,0,0,0
1787687103.587,0,0,0,0,0,0,0,685752987,401761192448,684636384768,0,0,0,0,0,0,0,0,0,0,0,0,0,0,0,0,0,0,0,0,0,0,0,0,0,0,0,0,0,0,0,0,0,0,0,0,0,0,0,0,0,0,0,0,0,0,0,0,0,0,0,0,0,0,0,0,0,0,0,0,7,6214486,24542195,24336726,0,0,0,0,0,0,0,0,0,0,0,0,0,0,0,0,0,0,0,0,0,0,0,0,0,0,0,0,0,0,0,0,0,0,0,0,0,51498991616,14210760704,3143249,867356,24251221,2095,0,384,3145728,21423004,3111910,147,3144699370,51539607552,0,1073442280,0,0,0,0,0,0,0,0,0,0,0,0,0,0,0,0,0,0,8004599,407575357,0,468,1204,7863,623,16009361,35,0,0,0,0,0,0,0,1,0,0,0,0,0,0,0,0,0,0,21828651,0,24250924,209551,0,0,0,0,0,0,0,0,16384,0,0,0,0,0,0,0,0,0,0,0,4695,115,0,0,0,0,0,24327568,0,72,0,16,115,4695,0,0,0,0,0,0,0,0,0,0,0,0,0,0,0,0,0,0,0,0,0,0,0,0,0,0,0,0,0,0,0,0,0,0,0,0,0,0,0,0,0,0,0,0,0,0,0,0,0,0,0,0,0,0,165965141,0,0,0,871357986,0,0,0,0,0,0,0,22473834,25910545,192047454,194795010048,19277030,0,0,0,0,0,0,0,0,0,0,0,0,0,0,0,0,0,0,0,0,0,0,0,0,0,0,0,0,0,0,0,277,0,0,0,0,0,0,0
1787687104.657,0,0,0,0,0,0,0,685780895,401915808256,684687597568,0,0,0,0,0,0,0,0,0,0,0,0,0,0,0,0,0,0,0,0,0,0,0,0,0,0,0,0,0,0,0,0,0,0,0,0,0,0,0,0,0,0,0,0,0,0,0,0,0,0,0,0,0,0,0,0,0,0,0,0,7,6214530,24551630,24339581,0,0,0,0,0,0,0,0,0,0,0,0,0,0,0,0,0,0,0,0,0,0,0,0,0,0,0,0,0,0,0,0,0,0,0,0,0,51510280192,14214266880,3143938,867570,24254076,1406,0,384,3145728,21432440,3111910,147,3144839934,51539607552,0,1073464164,0,0,0,0,0,0,0,0,0,0,0,0,0,0,0,0,0,0,8005383,407576141,0,468,1204,7863,623,16010929,35,0,0,0,0,0,0,0,1,0,0,0,0,0,0,0,0,0,0,21829640,0,24253779,209575,0,0,0,0,0,0,0,0,16384,0,0,0,0,0,0,0,0,0,0,0,4696,115,0,0,0,0,0,24329947,0,72,0,16,115,4696,0,0,0,0,0,0,0,0,0,0,0,0,0,0,0,0,0,0,0,0,0,0,0,0,0,0,0,0,0,0,0,0,0,0,0,0,0,0,0,0,0,0,0,0,0,0,0,0,0,0,0,0,0,0,165967418,0,0,0,871371515,0,0,0,0,0,0,0,22475621,25919980,192052610,194798183424,19278406,1,0,0,0,0,0,0,0,0,0,0,0,0,0,0,0,0,0,0,0,0,0,0,0,0,0,0,0,0,0,0,173,0,0,0,0,0,0,0
1787687105.727,0,0,0,0,0,0,0,685808850,402067311104,684738945536,0,0,0,0,0,0,0,0,0,0,0,0,0,0,0,0,0,0,0,0,0,0,0,0,0,0,0,0,0,0,0,0,0,0,0,0,0,0,0,0,0,0,0,0,0,0,0,0,0,0,0,0,0,0,0,0,0,0,0,0,7,6214576,24560885,24342458,0,0,0,0,0,0,0,0,0,0,0,0,0,0,0,0,0,0,0,0,0,0,0,0,0,0,0,0,0,0,0,0,0,0,0,0,0,51519209472,14217363456,3144483,867759,24256953,861,0,384,3145728,21441694,3111910,147,3144980319,51539607552,0,1073485561,0,0,0,0,0,0,0,0,0,0,0,0,0,0,0,0,0,0,8006169,407576927,0,468,1204,7863,623,16012503,35,0,0,0,0,0,0,0,1,0,0,0,0,0,0,0,0,0,0,21830635,0,24256656,209601,0,0,0,0,0,0,0,0,16384,0,0,0,0,0,0,0,0,0,0,0,4697,115,0,0,0,0,0,24332337,0,72,0,16,115,4697,0,0,0,0,0,0,0,0,0,0,0,0,0,0,0,0,0,0,0,0,0,0,0,0,0,0,0,0,0,0,0,0,0,0,0,0,0,0,0,0,0,0,0,0,0,0,0,0,0,0,0,0,0,0,165969664,0,0,0,871385012,0,0,0,0,0,0,0,22477348,25929224,192057757,194801240064,19279764,0,0,0,0,0,0,0,0,0,0,0,0,0,0,0,0,0,0,0,0,0,0,0,0,0,0,0,0,0,0,0,132,0,0,0,0,0,0,0
1787687106.796,0,0,0,0,0,0,0,685836900,402218158592,684789736960,0,0,0,0,0,0,0,0,0,0,0,0,0,0,0,0,0,0,0,0,0,0,0,0,0,0,0,0,0,0,0,0,0,0,0,0,0,0,0,0,0,0,0,0,0,0,0,0,0,0,0,0,0,0,0,0,0,0,0,0,7,6214635,24570096,24345263,0,0,0,0,0,0,0,0,0,0,0,0,0,0,0,0,0,0,0,0,0,0,0,0,0,0,0,0,0,0,0,0,0,0,0,0,0,51526123520,14222442496,3144905,868069,24259758,439,0,384,3145728,21450904,3111910,147,3145122004,51539607552,0,1073508302,0,0,0,0,0,0,0,0,0,0,0,0,0,0,0,0,0,0,8006953,407577711,0,468,1204,7863,623,16014069,35,0,0,0,0,0,0,0,1,0,0,0,0,0,0,0,0,0,0,21831623,0,24259461,209625,0,0,0,0,0,0,0,0,16384,0,0,0,0,0,0,0,0,0,0,0,4698,115,0,0,0,0,0,24334723,0,72,0,16,115,4698,0,0,0,0,0,0,0,0,0,0,0,0,0,0,0,0,0,0,0,0,0,0,0,0,0,0,0,0,0,0,0,0,0,0,0,0,0,0,0,0,0,0,0,0,0,0,0,0,0,0,0,0,0,0,165972034,0,0,0,871398540,0,0,0,0,0,0,0,22479129,25938433,192062954,194804811264,19281184,0,0,0,0,0,0,0,0,0,0,0,0,0,0,0,0,0,0,0,0,0,0,0,0,0,0,0,0,0,0,0,45,0,0,0,0,0,0,0
1787687107.866,0,0,0,0,0,0,0,685864343,402367187456,684841063936,0,0,0,0,0,0,0,0,0,0,0,0,0,0,0,0,0,0,0,0,0,0,0,0,0,0,0,0,0,0,0,0,0,0,0,0,0,0,0,0,0,0,0,0,0,0,0,0,0,0,0,0,0,0,0,0,0,0,0,0,7,6214677,24579196,24348142,0,0,0,0,0,0,0,0,0,0,0,0,0,0,0,0,0,0,0,0,0,0,0,0,0,0,0,0,0,0,0,0,0,0,0,0,0,51532611584,14224293888,3145301,868182,24262637,43,0,384,3145728,21460004,3111910,147,3145258511,51539607552,0,1073528579,0,0,0,0,0,0,0,0,0,0,0,0,0,0,0,0,0,0,8007726,407578484,0,468,1204,7863,623,16015615,35,0,0,0,0,0,0,0,1,0,0,0,0,0,0,0,0,0,0,21832599,0,24262340,209650,0,0,0,0,0,0,0,0,16384,0,0,0,0,0,0,0,0,0,0,0,4700,115,0,0,0,0,0,24337069,0,72,0,16,115,4700,0,0,0,0,0,0,0,0,0,0,0,0,0,0,0,0,0,0,0,0,0,0,0,0,0,0,0,0,0,0,0,0,0,0,0,0,0,0,0,0,0,0,0,0,0,0,0,0,0,0,0,0,0,0,165974271,0,0,0,871411571,0,0,0,0,0,0,0,22480841,25947527,192068095,194807816192,19282514,0,0,0,0,0,0,0,0,0,0,0,0,0,0,0,0,0,0,0,0,0,0,0,0,0,0,0,0,0,0,0,247,0,0,0,0,0,0,0
1787687108.936,0,0,0,0,0,0,0,685891100,402513185280,684937717760,0,0,0,0,0,0,0,0,0,0,0,0,0,0,0,0,0,0,0,0,0,0,0,0,0,0,0,0,0,0,0,0,0,0,0,0,0,0,0,0,0,0,0,0,0,0,0,0,0,0,0,0,0,0,0,0,0,0,0,0,7,6214717,24588108,24353633,0,0,0,0,0,0,0,0,0,0,0,0,0,0,0,0,0,0,0,0,0,0,0,0,0,0,0,0,0,0,0,0,0,0,0,0,0,51402424320,14182252544,3137355,865616,24265472,7989,0,384,3145728,21468916,3111910,147,3145393454,51539607552,0,1073549549,0,0,0,0,0,0,0,0,0,0,0,0,0,0,0,0,0,0,8008477,407579235,0,468,1204,7863,623,16017117,35,0,0,0,0,0,0,0,1,0,0,0,0,0,0,0,0,0,0,21833551,0,24267646,209697,0,0,0,0,0,0,0,0,16384,0,0,0,0,0,0,0,0,0,0,0,4701,115,0,0,0,0,0,24339352,0,72,0,16,115,4701,0,0,0,0,0,0,0,0,0,0,0,0,0,0,0,0,0,0,0,0,0,0,0,0,0,0,0,0,0,0,0,0,0,0,0,0,0,0,0,0,0,0,0,0,0,0,0,0,0,0,0,0,0,0,165976507,0,0,0,871424556,0,0,0,0,0,0,0,22482941,25956437,192076020,194810998784,19283904,0,0,0,0,0,0,0,0,0,0,0,0,0,0,0,0,0,0,0,0,0,0,0,0,0,0,0,0,0,0,0,136,0,0,0,0,0,0,0
1787687110.009,0,0,0,0,0,0,0,685918685,402664573440,684989886464,0,0,0,0,0,0,0,0,0,0,0,0,0,0,0,0,0,0,0,0,0,0,0,0,0,0,0,0,0,0,0,0,0,0,0,0,0,0,0,0,0,0,0,0,0,0,0,0,0,0,0,0,0,0,0,0,0,0,0,0,7,6214769,24597348,24356685,0,0,0,0,0,0,0,0,0,0,0,0,0,0,0,0,0,0,0,0,0,0,0,0,0,0,0,0,0,0,0,0,0,0,0,0,0,51411927040,14183153664,3137935,865671,24271180,7409,0,384,3145728,21478153,3111910,147,3145532412,51539607552,0,1073571422,0,0,0,0,0,0,0,0,0,0,0,0,0,0,0,0,0,0,8009249,407580007,0,468,1204,7863,623,16018661,35,0,0,0,0,0,0,0,1,0,0,0,0,0,0,0,0,0,0,21834526,0,24270883,209722,0,0,0,0,0,0,0,0,16384,0,0,0,0,0,0,0,0,0,0,0,4702,115,0,0,0,0,0,24341700,0,72,0,16,115,4702,0,0,0,0,0,0,0,0,0,0,0,0,0,0,0,0,0,0,0,0,0,0,0,0,0,0,0,0,0,0,0,0,0,0,0,0,0,0,0,0,0,0,0,0,0,0,0,0,0,0,0,0,0,0,165978787,0,0,0,871437861,0,0,0,0,0,0,0,22484767,25965678,192081222,194814341632,19285271,0,0,0,0,0,0,0,0,0,0,0,0,0,0,0,0,0,0,0,0,0,0,0,0,0,0,0,0,0,0,0,67,0,0,0,0,0,0,0
1787687111.079,0,0,0,0,0,0,0,685946126,402817157632,685041430528,0,0,0,0,0,0,0,0,0,0,0,0,0,0,0,0,0,0,0,0,0,0,0,0,0,0,0,0,0,0,0,0,0,0,0,0,0,0,0,0,0,0,0,0,0,0,0,0,0,0,0,0,0,0,0,0,0,0,0,0,7,6214819,24606663,24359562,0,0,0,0,0,0,0,0,0,0,0,0,0,0,0,0,0,0,0,0,0,0,0,0,0,0,0,0,0,0,0,0,0,0,0,0,0,51422265344,14185512960,3138566,865815,24274057,6778,0,384,3145728,21487466,3111910,147,3145669967,51539607552,0,1073592456,0,0,0,0,0,0,0,0,0,0,0,0,0,0,0,0,0,0,8010019,407580777,0,468,1204,7863,623,16020201,35,0,0,0,0,0,0,0,1,0,0,0,0,0,0,0,0,0,0,21835499,0,24273760,209746,0,0,0,0,0,0,0,0,16384,0,0,0,0,0,0,0,0,0,0,0,4703,115,0,0,0,0,0,24344044,0,72,0,16,115,4703,0,0,0,0,0,0,0,0,0,0,0,0,0,0,0,0,0,0,0,0,0,0,0,0,0,0,0,0,0,0,0,0,0,0,0,0,0,0,0,0,0,0,0,0,0,0,0,0,0,0,0,0,0,0,165981066,0,0,0,871450862,0,0,0,0,0,0,0,22486486,25974990,192086403,194817581568,19286633,0,0,0,0,0,0,0,0,0,0,0,0,0,0,0,0,0,0,0,0,0,0,0,0,0,0,0,0,0,0,0,262,0,0,0,0,0,0,0
1787687112.148,0,0,0,0,0,0,0,685974189,402970216960,685092492800,0,0,0,0,0,0,0,0,0,0,0,0,0,0,0,0,0,0,0,0,0,0,0,0,0,0,0,0,0,0,0,0,0,0,0,0,0,0,0,0,0,0,0,0,0,0,0,0,0,0,0,0,0,0,0,0,0,0,0,0,7,6214876,24616007,24362401,0,0,0,0,0,0,0,0,0,0,0,0,0,0,0,0,0,0,0,0,0,0,0,0,0,0,0,0,0,0,0,0,0,0,0,0,0,51433865216,14189379584,3139274,866051,24276896,6070,0,384,3145728,21496810,3111910,147,3145811111,51539607552,0,1073614299,0,0,0,0,0,0,0,0,0,0,0,0,0,0,0,0,0,0,8010806,407581564,0,468,1204,7863,623,16021776,35,0,0,0,0,0,0,0,1,0,0,0,0,0,0,0,0,0,0,21836492,0,24276599,209770,0,0,0,0,0,0,0,0,16384,0,0,0,0,0,0,0,0,0,0,0,4704,115,0,0,0,0,0,24346439,0,72,0,16,115,4704,0,0,0,0,0,0,0,0,0,0,0,0,0,0,0,0,0,0,0,0,0,0,0,0,0,0,0,0,0,0,0,0,0,0,0,0,0,0,0,0,0,0,0,0,0,0,0,0,0,0,0,0,0,0,165983394,0,0,0,871464454,0,0,0,0,0,0,0,22488232,25984334,192091592,194820987904,19288014,0,0,0,0,0,0,0,0,0,0,0,0,0,0,0,0,0,0,0,0,0,0,0,0,0,0,0,0,0,0,0,177,0,0,0,0,0,0,0
1787687113.218,0,0,0,0,0,0,0,686002309,403123603968,685144163328,0,0,0,0,0,0,0,0,0,0,0,0,0,0,0,0,0,0,0,0,0,0,0,0,0,0,0,0,0,0,0,0,0,0,0,0,0,0,0,0,0,0,0,0,0,0,0,0,0,0,0,0,0,0,0,0,0,0,0,0,7,6214922,24625371,24365281,0,0,0,0,0,0,0,0,0,0,0,0,0,0,0,0,0,0,0,0,0,0,0,0,0,0,0,0,0,0,0,0,0,0,0,0,0,51443433472,14193229824,3139858,866286,24279776,5486,0,384,3145728,21506167,3111910,147,3145953144,51539607552,0,1073636511,0,0,0,0,0,0,0,0,0,0,0,0,0,0,0,0,0,0,8011596,407582353,0,468,1204,7863,623,16023355,35,0,0,0,0,0,0,0,1,0,0,0,0,0,0,0,0,0,0,21837484,0,24279479,209795,0,0,0,0,0,0,0,0,16384,0,0,0,0,0,0,0,0,0,0,0,4705,115,0,0,0,0,0,24348841,0,72,0,16,115,4705,0,0,0,0,0,0,0,0,0,0,0,0,0,0,0,0,0,0,0,0,0,0,0,0,0,0,0,0,0,0,0,0,0,0,0,0,0,0,0,0,0,0,0,0,0,0,0,0,0,0,0,0,0,0,165985624,0,0,0,871478072,0,0,0,0,0,0,0,22490054,25993695,192096727,194824281600,19289401,0,0,0,0,0,0,0,0,0,0,0,0,0,0,0,0,0,0,0,0,0,0,0,0,0,0,0,0,0,0,0,83,0,0,0,0,0,0,0
1787687114.291,0,0,0,0,0,0,0,686029796,403275991552,685194394624,0,0,0,0,0,0,0,0,0,0,0,0,0,0,0,0,0,0,0,0,0,0,0,0,0,0,0,0,0,0,0,0,0,0,0,0,0,0,0,0,0,0,0,0,0,0,0,0,0,0,0,0,0,0,0,0,0,0,0,0,7,6214965,24634676,24368087,0,0,0,0,0,0,0,0,0,0,0,0,0,0,0,0,0,0,0,0,0,0,0,0,0,0,0,0,0,0,0,0,0,0,0,0,0,51454574592,14196916224,3140538,866511,24282582,4806,0,384,3145728,21515472,3111910,147,3146090634,51539607552,0,1073657216,0,0,0,0,0,0,0,0,0,0,0,0,0,0,0,0,0,0,8012368,407583126,0,468,1204,7863,623,16024899,35,0,0,0,0,0,0,0,1,0,0,0,0,0,0,0,0,0,0,21838455,0,24282285,209819,0,0,0,0,0,0,0,0,16384,0,0,0,0,0,0,0,0,0,0,0,4706,115,0,0,0,0,0,24351190,0,72,0,16,115,4706,0,0,0,0,0,0,0,0,0,0,0,0,0,0,0,0,0,0,0,0,0,0,0,0,0,0,0,0,0,0,0,0,0,0,0,0,0,0,0,0,0,0,0,0,0,0,0,0,0,0,0,0,0,0,165987876,0,0,0,871491115,0,0,0,0,0,0,0,22491808,26002997,192101809,194827440640,19290774,0,0,0,0,0,0,0,0,0,0,0,0,0,0,0,0,0,0,0,0,0,0,0,0,0,0,0,0,0,0,0,281,0,0,0,0,0,0,0
1787687115.360,0,0,0,0,0,0,0,686057756,403427052032,685245732352,0,0,0,0,0,0,0,0,0,0,0,0,0,0,0,0,0,0,0,0,0,0,0,0,0,0,0,0,0,0,0,0,0,0,0,0,0,0,0,0,0,0,0,0,0,0,0,0,0,0,0,0,0,0,0,0,0,0,0,0,7,6215012,24643896,24370951,0,0,0,0,0,0,0,0,0,0,0,0,0,0,0,0,0,0,0,0,0,0,0,0,0,0,0,0,0,0,0,0,0,0,0,0,0,51463651328,14200242176,3141092,866714,24285446,4252,0,384,3145728,21524692,3111910,147,3146231255,51539607552,0,1073679140,0,0,0,0,0,0,0,0,0,0,0,0,0,0,0,0,0,0,8013152,407583910,0,468,1204,7863,623,16026467,35,0,0,0,0,0,0,0,1,0,0,0,0,0,0,0,0,0,0,21839442,0,24285149,209844,0,0,0,0,0,0,0,0,16384,0,0,0,0,0,0,0,0,0,0,0,4707,115,0,0,0,0,0,24353577,0,72,0,16,115,4707,0,0,0,0,0,0,0,0,0,0,0,0,0,0,0,0,0,0,0,0,0,0,0,0,0,0,0,0,0,0,0,0,0,0,0,0,0,0,0,0,0,0,0,0,0,0,0,0,0,0,0,0,0,0,165990138,0,0,0,871504670,0,0,0,0,0,0,0,22493579,26012216,192106959,194830713344,19292117,0,0,0,0,0,0,0,0,0,0,0,0,0,0,0,0,0,0,0,0,0,0,0,0,0,0,0,0,0,0,0,171,0,0,0,0,0,0,0
1787687116.430,0,0,0,0,0,0,0,686085918,403577457152,685296860160,0,0,0,0,0,0,0,0,0,0,0,0,0,0,0,0,0,0,0,0,0,0,0,0,0,0,0,0,0,0,0,0,0,0,0,0,0,0,0,0,0,0,0,0,0,0,0,0,0,0,0,0,0,0,0,0,0,0,0,0,7,6215068,24653078,24373782,0,0,0,0,0,0,0,0,0,0,0,0,0,0,0,0,0,0,0,0,0,0,0,0,0,0,0,0,0,0,0,0,0,0,0,0,0,51474612224,14204026880,3141761,866945,24288277,3583,0,384,3145728,21533873,3111910,147,3146373133,51539607552,0,1073701746,0,0,0,0,0,0,0,0,0,0,0,0,0,0,0,0,0,0,8013938,407584695,0,468,1204,7863,623,16028039,35,0,0,0,0,0,0,0,1,0,0,0,0,0,0,0,0,0,0,21840434,0,24287980,209868,0,0,0,0,0,0,0,0,16384,0,0,0,0,0,0,0,0,0,0,0,4708,115,0,0,0,0,0,24355964,0,72,0,16,115,4708,0,0,0,0,0,0,0,0,0,0,0,0,0,0,0,0,0,0,0,0,0,0,0,0,0,0,0,0,0,0,0,0,0,0,0,0,0,0,0,0,0,0,0,0,0,0,0,0,0,0,0,0,0,0,165992452,0,0,0,871518271,0,0,0,0,0,0,0,22495369,26021397,192112130,194834203136,19293514,0,0,0,0,0,0,0,0,0,0,0,0,0,0,0,0,0,0,0,0,0,0,0,0,0,0,0,0,0,0,0,55,0,0,0,0,0,0,0
1787687117.499,0,0,0,0,0,0,0,686114056,403729517056,685348451840,0,0,0,0,0,0,0,0,0,0,0,0,0,0,0,0,0,0,0,0,0,0,0,0,0,0,0,0,0,0,0,0,0,0,0,0,0,0,0,0,0,0,0,0,0,0,0,0,0,0,0,0,0,0,0,0,0,0,0,0,7,6215129,24662360,24376646,0,0,0,0,0,0,0,0,0,0,0,0,0,0,0,0,0,0,0,0,0,0,0,0,0,0,0,0,0,0,0,0,0,0,0,0,0,51485261824,14207959040,3142410,867185,24291141,2933,0,385,3145728,21543152,3111910,147,3146514853,51539607552,0,1073724091,0,0,0,0,0,0,0,0,0,0,0,0,0,0,0,0,0,0,8014724,407585482,0,468,1204,7863,623,16029612,35,0,0,0,0,0,0,0,1,0,0,0,0,0,0,0,0,0,0,21841432,0,24290844,209892,0,0,0,0,0,0,0,0,16384,0,0,0,0,0,0,0,0,0,0,0,4709,115,0,0,0,0,0,24358357,0,72,0,16,115,4709,0,0,0,0,0,0,0,0,0,0,0,0,0,0,0,0,0,0,0,0,0,0,0,0,0,0,0,0,0,0,0,0,0,0,0,0,0,0,0,0,0,0,0,0,0,0,0,0,0,0,0,0,0,0,165994797,0,0,0,871531795,0,0,0,0,0,0,0,22497209,26030677,192117361,194837620736,19294958,0,0,0,0,0,0,0,0,0,0,0,0,0,0,0,0,0,0,0,0,0,0,0,0,0,0,0,0,0,0,0,21,0,0,0,0,0,0,0
1787687118.569,0,0,0,0,0,0,0,686141972,403881200128,685399799808,0,0,0,0,0,0,0,0,0,0,0,0,0,0,0,0,0,0,0,0,0,0,0,0,0,0,0,0,0,0,0,0,0,0,0,0,0,0,0,0,0,0,0,0,0,0,0,0,0,0,0,0,0,0,0,0,0,0,0,0,7,6215184,24671618,24379485,0,0,0,0,0,0,0,0,0,0,0,0,0,0,0,0,0,0,0,0,0,0,0,0,0,0,0,0,0,0,0,0,0,0,0,0,0,51494273024,14211006464,3142961,867371,24293980,2382,0,384,3145728,21552405,3111910,147,3146654555,51539607552,0,1073745625,0,0,0,0,0,0,0,0,0,0,0,0,0,0,0,0,0,0,8015505,407586263,0,468,1204,7863,623,16031173,35,0,0,0,0,0,0,0,1,0,0,0,0,0,0,0,0,0,0,21842417,0,24293683,209916,0,0,0,0,0,0,0,0,16384,0,0,0,0,0,0,0,0,0,0,0,4710,115,0,0,0,0,0,24360728,0,72,0,16,115,4710,0,0,0,0,0,0,0,0,0,0,0,0,0,0,0,0,0,0,0,0,0,0,0,0,0,0,0,0,0,0,0,0,0,0,0,0,0,0,0,0,0,0,0,0,0,0,0,0,0,0,0,0,0,0,165997123,0,0,0,871544971,0,0,0,0,0,0,0,22499017,26039934,192122550,194841145344,19296359,0,0,0,0,0,0,0,0,0,0,0,0,0,0,0,0,0,0,0,0,0,0,0,0,0,0,0,0,0,0,0,244,0,0,0,0,0,0,0
1787687119.638,0,0,0,0,0,0,0,686169923,404030917120,685450752512,0,0,0,0,0,0,0,0,0,0,0,0,0,0,0,0,0,0,0,0,0,0,0,0,0,0,0,0,0,0,0,0,0,0,0,0,0,0,0,0,0,0,0,0,0,0,0,0,0,0,0,0,0,0,0,0,0,0,0,0,7,6215233,24680760,24382310,0,0,0,0,0,0,0,0,0,0,0,0,0,0,0,0,0,0,0,0,0,0,0,0,0,0,0,0,0,0,0,0,0,0,0,0,0,51502940160,14214823936,3143490,867604,24296805,1854,0,384,3145728,21561547,3111910,147,3146795300,51539607552,0,1073767829,0,0,0,0,0,0,0,0,0,0,0,0,0,0,0,0,0,0,8016287,407587045,0,468,1204,7863,623,16032737,35,0,0,0,0,0,0,0,1,0,0,0,0,0,0,0,0,0,0,21843401,0,24296508,209940,0,0,0,0,0,0,0,0,16384,0,0,0,0,0,0,0,0,0,0,0,4711,115,0,0,0,0,0,24363103,0,72,0,16,115,4711,0,0,0,0,0,0,0,0,0,0,0,0,0,0,0,0,0,0,0,0,0,0,0,0,0,0,0,0,0,0,0,0,0,0,0,0,0,0,0,0,0,0,0,0,0,0,0,0,0,0,0,0,0,0,165999456,0,0,0,871558446,0,0,0,0,0,0,0,22500832,26049074,192127731,194844532736,19297768,0,0,0,0,0,0,0,0,0,0,0,0,0,0,0,0,0,0,0,0,0,0,0,0,0,0,0,0,0,0,0,170,0,0,0,0,0,0,0
1787687120.708,0,0,0,0,0,0,0,686197317,404181617152,685502197760,0,0,0,0,0,0,0,0,0,0,0,0,0,0,0,0,0,0,0,0,0,0,0,0,0,0,0,0,0,0,0,0,0,0,0,0,0,0,0,0,0,0,0,0,0,0,0,0,0,0,0,0,0,0,0,0,0,0,0,0,7,6215287,24689960,24385169,0,0,0,0,0,0,0,0,0,0,0,0,0,0,0,0,0,0,0,0,0,0,0,0,0,0,0,0,0,0,0,0,0,0,0,0,0,51514130432,14218133504,3144173,867806,24299664,1171,0,384,3145728,21570748,3111910,147,3146933255,51539607552,0,1073789290,0,0,0,0,0,0,0,0,0,0,0,0,0,0,0,0,0,0,8017056,407587814,0,468,1204,7863,623,16034275,35,0,0,0,0,0,0,0,1,0,0,0,0,0,0,0,0,0,0,21844375,0,24299367,209965,0,0,0,0,0,0,0,0,16384,0,0,0,0,0,0,0,0,0,0,0,4712,115,0,0,0,0,0,24365441,0,72,0,16,115,4712,0,0,0,0,0,0,0,0,0,0,0,0,0,0,0,0,0,0,0,0,0,0,0,0,0,0,0,0,0,0,0,0,0,0,0,0,0,0,0,0,0,0,0,0,0,0,0,0,0,0,0,0,0,0,166001774,0,0,0,871571696,0,0,0,0,0,0,0,22502602,26058273,192132930,194847930368,19299139,0,0,0,0,0,0,0,0,0,0,0,0,0,0,0,0,0,0,0,0,0,0,0,0,0,0,0,0,0,0,0,110,0,0,0,0,0,0,0
1787687121.777,0,0,0,0,0,0,0,686224826,404331268608,685552923136,0,0,0,0,0,0,0,0,0,0,0,0,0,0,0,0,0,0,0,0,0,0,0,0,0,0,0,0,0,0,0,0,0,0,0,0,0,0,0,0,0,0,0,0,0,0,0,0,0,0,0,0,0,0,0,0,0,0,0,0,7,6215335,24699098,24387991,0,0,0,0,0,0,0,0,0,0,0,0,0,0,0,0,0,0,0,0,0,0,0,0,0,0,0,0,0,0,0,0,0,0,0,0,0,51523846144,14222589952,3144766,868078,24302486,578,0,384,3145728,21579884,3111910,147,3147070677,51539607552,0,1073810206,0,0,0,0,0,0,0,0,0,0,0,0,0,0,0,0,0,0,8017828,407588586,0,468,1204,7863,623,16035820,35,0,0,0,0,0,0,0,1,0,0,0,0,0,0,0,0,0,0,21845349,0,24302189,209989,0,0,0,0,0,0,0,0,16384,0,0,0,0,0,0,0,0,0,0,0,4713,115,0,0,0,0,0,24367794,0,72,0,16,115,4713,0,0,0,0,0,0,0,0,0,0,0,0,0,0,0,0,0,0,0,0,0,0,0,0,0,0,0,0,0,0,0,0,0,0,0,0,0,0,0,0,0,0,0,0,0,0,0,0,0,0,0,0,0,0,166004061,0,0,0,871584727,0,0,0,0,0,0,0,22504365,26067408,192138065,194851215872,19300506,0,0,0,0,0,0,0,0,0,0,0,0,0,0,0,0,0,0,0,0,0,0,0,0,0,0,0,0,0,0,0,311,0,0,0,0,0,0,0
1787687122.845,0,0,0,0,0,0,0,686252571,404482607616,685605420544,0,0,0,0,0,0,0,0,0,0,0,0,0,0,0,0,0,0,0,0,0,0,0,0,0,0,0,0,0,0,0,0,0,0,0,0,0,0,0,0,0,0,0,0,0,0,0,0,0,0,0,0,0,0,0,0,0,0,0,0,7,6215388,24708337,24390906,0,0,0,0,0,0,0,0,0,0,0,0,0,0,0,0,0,0,0,0,0,0,0,0,0,0,0,0,0,0,0,0,0,0,0,0,0,51532267520,14225162240,3145280,868235,24305401,64,0,384,3145728,21589121,3111910,147,3147210658,51539607552,0,1073832281,0,0,0,0,0,0,0,0,0,0,0,0,0,0,0,0,0,0,8018604,407589362,0,468,1204,7863,623,16037371,35,0,0,0,0,0,0,0,1,0,0,0,0,0,0,0,0,0,0,21846322,0,24305104,210013,0,0,0,0,0,0,0,0,16384,0,0,0,0,0,0,0,0,0,0,0,4715,115,0,0,0,0,0,24370162,0,72,0,16,115,4715,0,0,0,0,0,0,0,0,0,0,0,0,0,0,0,0,0,0,0,0,0,0,0,0,0,0,0,0,0,0,0,0,0,0,0,0,0,0,0,0,0,0,0,0,0,0,0,0,0,0,0,0,0,0,166006393,0,0,0,871598176,0,0,0,0,0,0,0,22506164,26076644,192143336,194854731776,19301908,0,0,0,0,0,0,0,0,0,0,0,0,0,0,0,0,0,0,0,0,0,0,0,0,0,0,0,0,0,0,0,191,0,0,0,0,0,0,0
1787687123.916,0,0,0,0,0,0,0,686279507,404628605440,685687714304,0,0,0,0,0,0,0,0,0,0,0,0,0,0,0,0,0,0,0,0,0,0,0,0,0,0,0,0,0,0,0,0,0,0,0,0,0,0,0,0,0,0,0,0,0,0,0,0,0,0,0,0,0,0,0,0,0,0,0,0,7,6215427,24717246,24395386,0,0,0,0,0,0,0,0,0,0,0,0,0,0,0,0,0,0,0,0,0,0,0,0,0,0,0,0,0,0,0,0,0,0,0,0,0,51400884224,14199406592,3137261,866663,24308292,8083,0,384,3145728,21598030,3111910,147,3147346331,51539607552,0,1073853340,0,0,0,0,0,0,0,0,0,0,0,0,0,0,0,0,0,0,8019360,407590118,0,468,1204,7863,623,16038883,35,0,0,0,0,0,0,0,1,0,0,0,0,0,0,0,0,0,0,21847277,0,24309226,210053,0,0,0,0,0,0,0,0,16384,0,0,0,0,0,0,0,0,0,0,0,4716,115,0,0,0,0,0,24372463,0,72,0,16,115,4716,0,0,0,0,0,0,0,0,0,0,0,0,0,0,0,0,0,0,0,0,0,0,0,0,0,0,0,0,0,0,0,0,0,0,0,0,0,0,0,0,0,0,0,0,0,0,0,0,0,0,0,0,0,0,166008671,0,0,0,871611237,0,0,0,0,0,0,0,22508133,26085555,192150417,194857982464,19303274,0,0,0,0,0,0,0,0,0,0,0,0,0,0,0,0,0,0,0,0,0,0,0,0,0,0,0,0,0,0,0,99,0,0,0,0,0,0,0
1787687124.987,0,0,0,0,0,0,0,686306820,404775881216,685754806272,0,0,0,0,0,0,0,0,0,0,0,0,0,0,0,0,0,0,0,0,0,0,0,0,0,0,0,0,0,0,0,0,0,0,0,0,0,0,0,0,0,0,0,0,0,0,0,0,0,0,0,0,0,0,0,0,0,0,0,0,7,6215493,24726238,24399473,0,0,0,0,0,0,0,0,0,0,0,0,0,0,0,0,0,0,0,0,0,0,0,0,0,0,0,0,0,0,0,0,0,0,0,0,0,51407339520,14182039552,3137655,865603,24313968,7689,0,384,3145728,21607021,3111910,147,3147484239,51539607552,0,1073875504,0,0,0,0,0,0,0,0,0,0,0,0,0,0,0,0,0,0,8020121,407590879,0,468,1204,7863,623,16040407,35,0,0,0,0,0,0,0,1,0,0,0,0,0,0,0,0,0,0,21848239,0,24313671,210085,0,0,0,0,0,0,0,0,16384,0,0,0,0,0,0,0,0,0,0,0,4717,115,0,0,0,0,0,24374777,0,72,0,16,115,4717,0,0,0,0,0,0,0,0,0,0,0,0,0,0,0,0,0,0,0,0,0,0,0,0,0,0,0,0,0,0,0,0,0,0,0,0,0,0,0,0,0,0,0,0,0,0,0,0,0,0,0,0,0,0,166010975,0,0,0,871624375,0,0,0,0,0,0,0,22510130,26094548,192156555,194861548544,19304673,1,0,0,0,0,0,0,0,0,0,0,0,0,0,0,0,0,0,0,0,0,0,0,0,0,0,0,0,0,0,0,27,0,0,0,0,0,0,0
1787687126.056,0,0,0,0,0,0,0,686334906,404926695936,685806955008,0,0,0,0,0,0,0,0,0,0,0,0,0,0,0,0,0,0,0,0,0,0,0,0,0,0,0,0,0,0,0,0,0,0,0,0,0,0,0,0,0,0,0,0,0,0,0,0,0,0,0,0,0,0,0,0,0,0,0,0,7,6215544,24735442,24402371,0,0,0,0,0,0,0,0,0,0,0,0,0,0,0,0,0,0,0,0,0,0,0,0,0,0,0,0,0,0,0,0,0,0,0,0,0,51418284032,14185119744,3138323,865791,24316866,7021,0,384,3145728,21616224,3111910,147,3147624388,51539607552,0,1073896996,0,0,0,0,0,0,0,0,0,0,0,0,0,0,0,0,0,0,8020908,407591666,0,468,1204,7863,623,16041979,35,0,0,0,0,0,0,0,1,0,0,0,0,0,0,0,0,0,0,21849227,0,24316569,210109,0,0,0,0,0,0,0,0,16384,0,0,0,0,0,0,0,0,0,0,0,4718,115,0,0,0,0,0,24377163,0,72,0,16,115,4718,0,0,0,0,0,0,0,0,0,0,0,0,0,0,0,0,0,0,0,0,0,0,0,0,0,0,0,0,0,0,0,0,0,0,0,0,0,0,0,0,0,0,0,0,0,0,0,0,0,0,0,0,0,0,166013279,0,0,0,871637672,0,0,0,0,0,0,0,22511939,26103752,192161781,194864945664,19306066,0,0,0,0,0,0,0,0,0,0,0,0,0,0,0,0,0,0,0,0,0,0,0,0,0,0,0,0,0,0,0,224,0,0,0,0,0,0,0
1787687127.125,0,0,0,0,0,0,0,686362932,405077395968,685858407936,0,0,0,0,0,0,0,0,0,0,0,0,0,0,0,0,0,0,0,0,0,0,0,0,0,0,0,0,0,0,0,0,0,0,0,0,0,0,0,0,0,0,0,0,0,0,0,0,0,0,0,0,0,0,0,0,0,0,0,0,7,6215592,24744643,24405236,0,0,0,0,0,0,0,0,0,0,0,0,0,0,0,0,0,0,0,0,0,0,0,0,0,0,0,0,0,0,0,0,0,0,0,0,0,51428442112,14188249088,3138943,865982,24319731,6401,0,384,3145728,21625424,3111910,147,3147765747,51539607552,0,1073919309,0,0,0,0,0,0,0,0,0,0,0,0,0,0,0,0,0,0,8021692,407592450,0,468,1204,7863,623,16043547,35,0,0,0,0,0,0,0,1,0,0,0,0,0,0,0,0,0,0,21850219,0,24319434,210133,0,0,0,0,0,0,0,0,16384,0,0,0,0,0,0,0,0,0,0,0,4719,115,0,0,0,0,0,24379541,0,72,0,16,115,4719,0,0,0,0,0,0,0,0,0,0,0,0,0,0,0,0,0,0,0,0,0,0,0,0,0,0,0,0,0,0,0,0,0,0,0,0,0,0,0,0,0,0,0,0,0,0,0,0,0,0,0,0,0,0,166015607,0,0,0,871651211,0,0,0,0,0,0,0,22513709,26112948,192166998,194868344832,19307455,0,0,0,0,0,0,0,0,0,0,0,0,0,0,0,0,0,0,0,0,0,0,0,0,0,0,0,0,0,0,0,134,0,0,0,0,0,0,0
1787687128.194,0,0,0,0,0,0,0,686390622,405230127616,685909388800,0,0,0,0,0,0,0,0,0,0,0,0,0,0,0,0,0,0,0,0,0,0,0,0,0,0,0,0,0,0,0,0,0,0,0,0,0,0,0,0,0,0,0,0,0,0,0,0,0,0,0,0,0,0,0,0,0,0,0,0,7,6215642,24753967,24408072,0,0,0,0,0,0,0,0,0,0,0,0,0,0,0,0,0,0,0,0,0,0,0,0,0,0,0,0,0,0,0,0,0,0,0,0,0,51439812608,14191509504,3139637,866181,24322567,5707,0,384,3145728,21634746,3111910,147,3147905499,51539607552,0,1073941183,0,0,0,0,0,0,0,0,0,0,0,0,0,0,0,0,0,0,8022468,407593225,0,468,1204,7863,623,16045100,35,0,0,0,0,0,0,0,1,0,0,0,0,0,0,0,0,0,0,21851198,0,24322270,210157,0,0,0,0,0,0,0,0,16384,0,0,0,0,0,0,0,0,0,0,0,4720,115,0,0,0,0,0,24381898,0,72,0,16,115,4720,0,0,0,0,0,0,0,0,0,0,0,0,0,0,0,0,0,0,0,0,0,0,0,0,0,0,0,0,0,0,0,0,0,0,0,0,0,0,0,0,0,0,0,0,0,0,0,0,0,0,0,0,0,0,166017891,0,0,0,871664602,0,0,0,0,0,0,0,22515481,26122269,192172141,194871718912,19308850,0,0,0,0,0,0,0,0,0,0,0,0,0,0,0,0,0,0,0,0,0,0,0,0,0,0,0,0,0,0,0,47,0,0,0,0,0,0,0
1787687129.265,0,0,0,0,0,0,0,686418473,405381106176,685961071104,0,0,0,0,0,0,0,0,0,0,0,0,0,0,0,0,0,0,0,0,0,0,0,0,0,0,0,0,0,0,0,0,0,0,0,0,0,0,0,0,0,0,0,0,0,0,0,0,0,0,0,0,0,0,0,0,0,0,0,0,7,6215697,24763182,24410952,0,0,0,0,0,0,0,0,0,0,0,0,0,0,0,0,0,0,0,0,0,0,0,0,0,0,0,0,0,0,0,0,0,0,0,0,0,51449446400,14194753536,3140225,866379,24325447,5119,0,384,3145728,21643961,3111910,147,3148044615,51539607552,0,1073962426,0,0,0,0,0,0,0,0,0,0,0,0,0,0,0,0,0,0,8023248,407594006,0,468,1204,7863,623,16046659,35,0,0,0,0,0,0,0,1,0,0,0,0,0,0,0,0,0,0,21852184,0,24325150,210182,0,0,0,0,0,0,0,0,16384,0,0,0,0,0,0,0,0,0,0,0,4721,115,0,0,0,0,0,24384272,0,72,0,16,115,4721,0,0,0,0,0,0,0,0,0,0,0,0,0,0,0,0,0,0,0,0,0,0,0,0,0,0,0,0,0,0,0,0,0,0,0,0,0,0,0,0,0,0,0,0,0,0,0,0,0,0,0,0,0,0,166020207,0,0,0,871677736,0,0,0,0,0,0,0,22517272,26131483,192177360,194875013120,19310265,0,0,0,0,0,0,0,0,0,0,0,0,0,0,0,0,0,0,0,0,0,0,0,0,0,0,0,0,0,0,0,274,0,0,0,0,0,0,0
1787687130.334,0,0,0,0,0,0,0,686445894,405531986432,686012511744,0,0,0,0,0,0,0,0,0,0,0,0,0,0,0,0,0,0,0,0,0,0,0,0,0,0,0,0,0,0,0,0,0,0,0,0,0,0,0,0,0,0,0,0,0,0,0,0,0,0,0,0,0,0,0,0,0,0,0,0,7,6215750,24772396,24413819,0,0,0,0,0,0,0,0,0,0,0,0,0,0,0,0,0,0,0,0,0,0,0,0,0,0,0,0,0,0,0,0,0,0,0,0,0,51459768320,14197243904,3140855,866531,24328314,4489,0,384,3145728,21653174,3111910,147,3148182550,51539607552,0,1073983772,0,0,0,0,0,0,0,0,0,0,0,0,0,0,0,0,0,0,8024017,407594775,0,468,1204,7863,623,16048197,35,0,0,0,0,0,0,0,1,0,0,0,0,0,0,0,0,0,0,21853155,0,24328017,210206,0,0,0,0,0,0,0,0,16384,0,0,0,0,0,0,0,0,0,0,0,4722,115,0,0,0,0,0,24386605,0,72,0,16,115,4722,0,0,0,0,0,0,0,0,0,0,0,0,0,0,0,0,0,0,0,0,0,0,0,0,0,0,0,0,0,0,0,0,0,0,0,0,0,0,0,0,0,0,0,0,0,0,0,0,0,0,0,0,0,0,166022441,0,0,0,871690994,0,0,0,0,0,0,0,22518975,26140695,192182482,194878259200,19311607,0,0,0,0,0,0,0,0,0,0,0,0,0,0,0,0,0,0,0,0,0,0,0,0,0,0,0,0,0,0,0,197,0,0,0,0,0,0,0
1787687131.404,0,0,0,0,0,0,0,686473737,405682506240,686063714304,0,0,0,0,0,0,0,0,0,0,0,0,0,0,0,0,0,0,0,0,0,0,0,0,0,0,0,0,0,0,0,0,0,0,0,0,0,0,0,0,0,0,0,0,0,0,0,0,0,0,0,0,0,0,0,0,0,0,0,0,7,6215809,24781582,24416657,0,0,0,0,0,0,0,0,0,0,0,0,0,0,0,0,0,0,0,0,0,0,0,0,0,0,0,0,0,0,0,0,0,0,0,0,0,51470221312,14201798656,3141493,866809,24331152,3851,0,384,3145728,21662360,3111910,147,3148323047,51539607552,0,1074006065,0,0,0,0,0,0,0,0,0,0,0,0,0,0,0,0,0,0,8024795,407595553,0,468,1204,7863,623,16049754,35,0,0,0,0,0,0,0,1,0,0,0,0,0,0,0,0,0,0,21854142,0,24330855,210230,0,0,0,0,0,0,0,0,16384,0,0,0,0,0,0,0,0,0,0,0,4723,115,0,0,0,0,0,24388963,0,72,0,16,115,4723,0,0,0,0,0,0,0,0,0,0,0,0,0,0,0,0,0,0,0,0,0,0,0,0,0,0,0,0,0,0,0,0,0,0,0,0,0,0,0,0,0,0,0,0,0,0,0,0,0,0,0,0,0,0,166024750,0,0,0,871704413,0,0,0,0,0,0,0,22520766,26149883,192187651,194881739264,19313008,0,0,0,0,0,0,0,0,0,0,0,0,0,0,0,0,0,0,0,0,0,0,0,0,0,0,0,0,0,0,0,134,0,0,0,0,0,0,0
1787687132.473,0,0,0,0,0,0,0,686501228,405833763328,686114979328,0,0,0,0,0,0,0,0,0,0,0,0,0,0,0,0,0,0,0,0,0,0,0,0,0,0,0,0,0,0,0,0,0,0,0,0,0,0,0,0,0,0,0,0,0,0,0,0,0,0,0,0,0,0,0,0,0,0,0,0,7,6215863,24790819,24419519,0,0,0,0,0,0,0,0,0,0,0,0,0,0,0,0,0,0,0,0,0,0,0,0,0,0,0,0,0,0,0,0,0,0,0,0,0,51480559616,14204059648,3142124,866947,24334014,3220,0,384,3145728,21671594,3111910,147,3148461270,51539607552,0,1074027409,0,0,0,0,0,0,0,0,0,0,0,0,0,0,0,0,0,0,8025567,407596324,0,468,1204,7863,623,16051297,35,0,0,0,0,0,0,0,1,0,0,0,0,0,0,0,0,0,0,21855120,0,24333717,210255,0,0,0,0,0,0,0,0,16384,0,0,0,0,0,0,0,0,0,0,0,4724,115,0,0,0,0,0,24391307,0,72,0,16,115,4724,0,0,0,0,0,0,0,0,0,0,0,0,0,0,0,0,0,0,0,0,0,0,0,0,0,0,0,0,0,0,0,0,0,0,0,0,0,0,0,0,0,0,0,0,0,0,0,0,0,0,0,0,0,0,166027037,0,0,0,871717706,0,0,0,0,0,0,0,22522608,26159109,192192825,194884946432,19314417,0,0,0,0,0,0,0,0,0,0,0,0,0,0,0,0,0,0,0,0,0,0,0,0,0,0,0,0,0,0,0,67,0,0,0,0,0,0,0
1787687133.541,0,0,0,0,0,0,0,686530010,405988641280,686166575104,0,0,0,0,0,0,0,0,0,0,0,0,0,0,0,0,0,0,0,0,0,0,0,0,0,0,0,0,0,0,0,0,0,0,0,0,0,0,0,0,0,0,0,0,0,0,0,0,0,0,0,0,0,0,0,0,0,0,0,0,7,6215920,24800271,24422380,0,0,0,0,0,0,0,0,0,0,0,0,0,0,0,0,0,0,0,0,0,0,0,0,0,0,0,0,0,0,0,0,0,0,0,0,0,51492519936,14209024000,3142854,867250,24336875,2490,0,384,3145728,21681046,3111910,147,3148606142,51539607552,0,1074050294,0,0,0,0,0,0,0,0,0,0,0,0,0,0,0,0,0,0,8026372,407597130,0,468,1204,7863,623,16052907,35,0,0,0,0,0,0,0,1,0,0,0,0,0,0,0,0,0,0,21856136,0,24336578,210279,0,0,0,0,0,0,0,0,16384,0,0,0,0,0,0,0,0,0,0,0,4725,115,0,0,0,0,0,24393756,0,72,0,16,115,4725,0,0,0,0,0,0,0,0,0,0,0,0,0,0,0,0,0,0,0,0,0,0,0,0,0,0,0,0,0,0,0,0,0,0,0,0,0,0,0,0,0,0,0,0,0,0,0,0,0,0,0,0,0,0,166029384,0,0,0,871731589,0,0,0,0,0,0,0,22524428,26168562,192198056,194888465920,19315852,0,0,0,0,0,0,0,0,0,0,0,0,0,0,0,0,0,0,0,0,0,0,0,0,0,0,0,0,0,0,0,5,0,0,0,0,0,0,0
1787687134.613,0,0,0,0,0,0,0,686557616,406139275776,686218129408,0,0,0,0,0,0,0,0,0,0,0,0,0,0,0,0,0,0,0,0,0,0,0,0,0,0,0,0,0,0,0,0,0,0,0,0,0,0,0,0,0,0,0,0,0,0,0,0,0,0,0,0,0,0,0,0,0,0,0,0,7,6215985,24809468,24425249,0,0,0,0,0,0,0,0,0,0,0,0,0,0,0,0,0,0,0,0,0,0,0,0,0,0,0,0,0,0,0,0,0,0,0,0,0,51500761088,14212169728,3143357,867442,24339744,1987,0,384,3145728,21690241,3111910,147,3148744216,51539607552,0,1074071474,0,0,0,0,0,0,0,0,0,0,0,0,0,0,0,0,0,0,8027146,407597903,0,468,1204,7863,623,16054455,35,0,0,0,0,0,0,0,1,0,0,0,0,0,0,0,0,0,0,21857116,0,24339447,210304,0,0,0,0,0,0,0,0,16384,0,0,0,0,0,0,0,0,0,0,0,4726,115,0,0,0,0,0,24396106,0,72,0,16,115,4726,0,0,0,0,0,0,0,0,0,0,0,0,0,0,0,0,0,0,0,0,0,0,0,0,0,0,0,0,0,0,0,0,0,0,0,0,0,0,0,0,0,0,0,0,0,0,0,0,0,0,0,0,0,0,166031710,0,0,0,871744640,0,0,0,0,0,0,0,22526382,26177756,192203275,194891866112,19317385,0,0,0,0,0,0,0,0,0,0,0,0,0,0,0,0,0,0,0,0,0,0,0,0,0,0,0,0,0,0,0,222,0,0,0,0,0,0,0
1787687135.682,0,0,0,0,0,0,0,686585170,406289254912,686269273600,0,0,0,0,0,0,0,0,0,0,0,0,0,0,0,0,0,0,0,0,0,0,0,0,0,0,0,0,0,0,0,0,0,0,0,0,0,0,0,0,0,0,0,0,0,0,0,0,0,0,0,0,0,0,0,0,0,0,0,0,7,6216037,24818628,24428103,0,0,0,0,0,0,0,0,0,0,0,0,0,0,0,0,0,0,0,0,0,0,0,0,0,0,0,0,0,0,0,0,0,0,0,0,0,51510657024,14215053312,3143961,867618,24342598,1383,0,384,3145728,21699398,3111910,147,3148882872,51539607552,0,1074093029,0,0,0,0,0,0,0,0,0,0,0,0,0,0,0,0,0,0,8027918,407598676,0,468,1204,7863,623,16055999,35,0,0,0,0,0,0,0,1,0,0,0,0,0,0,0,0,0,0,21858096,0,24342301,210329,0,0,0,0,0,0,0,0,16384,0,0,0,0,0,0,0,0,0,0,0,4727,115,0,0,0,0,0,24398458,0,72,0,16,115,4727,0,0,0,0,0,0,0,0,0,0,0,0,0,0,0,0,0,0,0,0,0,0,0,0,0,0,0,0,0,0,0,0,0,0,0,0,0,0,0,0,0,0,0,0,0,0,0,0,0,0,0,0,0,0,166033964,0,0,0,871757945,0,0,0,0,0,0,0,22528131,26186910,192208406,194895036928,19318737,0,0,0,0,0,0,0,0,0,0,0,0,0,0,0,0,0,0,0,0,0,0,0,0,0,0,0,0,0,0,0,159,0,0,0,0,0,0,0
1787687136.753,0,0,0,0,0,0,0,686612887,406437579264,686319887360,0,0,0,0,0,0,0,0,0,0,0,0,0,0,0,0,0,0,0,0,0,0,0,0,0,0,0,0,0,0,0,0,0,0,0,0,0,0,0,0,0,0,0,0,0,0,0,0,0,0,0,0,0,0,0,0,0,0,0,0,7,6216093,24827686,24430903,0,0,0,0,0,0,0,0,0,0,0,0,0,0,0,0,0,0,0,0,0,0,0,0,0,0,0,0,0,0,0,0,0,0,0,0,0,51519127552,14220001280,3144478,867920,24345398,866,0,384,3145728,21708457,3111910,147,3149022066,51539607552,0,1074114671,0,0,0,0,0,0,0,0,0,0,0,0,0,0,0,0,0,0,8028696,407599454,0,468,1204,7863,623,16057556,35,0,0,0,0,0,0,0,1,0,0,0,0,0,0,0,0,0,0,21859081,0,24345101,210353,0,0,0,0,0,0,0,0,16384,0,0,0,0,0,0,0,0,0,0,0,4728,115,0,0,0,0,0,24400819,0,72,0,16,115,4728,0,0,0,0,0,0,0,0,0,0,0,0,0,0,0,0,0,0,0,0,0,0,0,0,0,0,0,0,0,0,0,0,0,0,0,0,0,0,0,0,0,0,0,0,0,0,0,0,0,0,0,0,0,0,166036264,0,0,0,871771340,0,0,0,0,0,0,0,22529927,26195960,192213529,194898486272,19320149,0,0,0,0,0,0,0,0,0,0,0,0,0,0,0,0,0,0,0,0,0,0,0,0,0,0,0,0,0,0,0,107,0,0,0,0,0,0,0
1787687137.828,0,0,0,0,0,0,0,686640889,406591326720,686370033152,0,0,0,0,0,0,0,0,0,0,0,0,0,0,0,0,0,0,0,0,0,0,0,0,0,0,0,0,0,0,0,0,0,0,0,0,0,0,0,0,0,0,0,0,0,0,0,0,0,0,0,0,0,0,0,0,0,0,0,0,7,6216142,24837068,24433690,0,0,0,0,0,0,0,0,0,0,0,0,0,0,0,0,0,0,0,0,0,0,0,0,0,0,0,0,0,0,0,0,0,0,0,0,0,51531661312,14225309696,3145243,868244,24348185,101,0,385,3145728,21717838,3111910,147,3149162877,51539607552,0,1074136486,0,0,0,0,0,0,0,0,0,0,0,0,0,0,0,0,0,0,8029482,407600240,0,468,1204,7863,623,16059127,35,0,0,0,0,0,0,0,1,0,0,0,0,0,0,0,0,0,0,21860071,0,24347888,210377,0,0,0,0,0,0,0,0,16384,0,0,0,0,0,0,0,0,0,0,0,4730,115,0,0,0,0,0,24403204,0,72,0,16,115,4730,0,0,0,0,0,0,0,0,0,0,0,0,0,0,0,0,0,0,0,0,0,0,0,0,0,0,0,0,0,0,0,0,0,0,0,0,0,0,0,0,0,0,0,0,0,0,0,0,0,0,0,0,0,0,166038587,0,0,0,871784872,0,0,0,0,0,0,0,22531717,26205341,192218662,194901733888,19321555,0,0,0,0,0,0,0,0,0,0,0,0,0,0,0,0,0,0,0,0,0,0,0,0,0,0,0,0,0,0,0,35,0,0,0,0,0,0,0
1787687138.902,0,0,0,0,0,0,0,686668479,406744058368,686441571328,0,0,0,0,0,0,0,0,0,0,0,0,0,0,0,0,0,0,0,0,0,0,0,0,0,0,0,0,0,0,0,0,0,0,0,0,0,0,0,0,0,0,0,0,0,0,0,0,0,0,0,0,0,0,0,0,0,0,0,0,7,6216194,24846392,24437490,0,0,0,0,0,0,0,0,0,0,0,0,0,0,0,0,0,0,0,0,0,0,0,0,0,0,0,0,0,0,0,0,0,0,0,0,0,51401310208,14213021696,3137287,867494,24351079,8057,0,384,3145728,21727159,3111910,147,3149300978,51539607552,0,1074157415,0,0,0,0,0,0,0,0,0,0,0,0,0,0,0,0,0,0,8030254,407601012,0,468,1204,7863,623,16060671,35,0,0,0,0,0,0,0,1,0,0,0,0,0,0,0,0,0,0,21861052,0,24351220,210412,0,0,0,0,0,0,0,0,16384,0,0,0,0,0,0,0,0,0,0,0,4731,115,0,0,0,0,0,24405552,0,72,0,16,115,4731,0,0,0,0,0,0,0,0,0,0,0,0,0,0,0,0,0,0,0,0,0,0,0,0,0,0,0,0,0,0,0,0,0,0,0,0,0,0,0,0,0,0,0,0,0,0,0,0,0,0,0,0,0,0,166040912,0,0,0,871797897,0,0,0,0,0,0,0,22533592,26214662,192225130,194905018368,19322946,1,0,0,0,0,0,0,0,0,0,0,0,0,0,0,0,0,0,0,0,0,0,0,0,0,0,0,0,0,0,0,265,0,0,0,0,0,0,0
1787687139.975,0,0,0,0,0,0,0,686695778,406893087232,686519572480,0,0,0,0,0,0,0,0,0,0,0,0,0,0,0,0,0,0,0,0,0,0,0,0,0,0,0,0,0,0,0,0,0,0,0,0,0,0,0,0,0,0,0,0,0,0,0,0,0,0,0,0,0,0,0,0,0,0,0,0,7,6216236,24855489,24442284,0,0,0,0,0,0,0,0,0,0,0,0,0,0,0,0,0,0,0,0,0,0,0,0,0,0,0,0,0,0,0,0,0,0,0,0,0,51407110144,14182875136,3137641,865654,24356779,7703,0,384,3145728,21736256,3111910,147,3149438226,51539607552,0,1074178557,0,0,0,0,0,0,0,0,0,0,0,0,0,0,0,0,0,0,8031023,407601781,0,468,1204,7863,623,16062209,35,0,0,0,0,0,0,0,1,0,0,0,0,0,0,0,0,0,0,21862022,0,24356482,210451,0,0,0,0,0,0,0,0,16384,0,0,0,0,0,0,0,0,0,0,0,4732,115,0,0,0,0,0,24407890,0,72,0,16,115,4732,0,0,0,0,0,0,0,0,0,0,0,0,0,0,0,0,0,0,0,0,0,0,0,0,0,0,0,0,0,0,0,0,0,0,0,0,0,0,0,0,0,0,0,0,0,0,0,0,0,0,0,0,0,0,166043140,0,0,0,871811154,0,0,0,0,0,0,0,22535633,26223759,192231880,194908114944,19324257,0,1,0,0,0,0,0,0,0,0,0,0,0,0,0,0,0,0,0,0,0,0,0,0,0,0,0,0,0,0,0,188,0,0,0,0,0,0,0
1787687141.044,0,0,0,0,0,0,0,686723901,407046703616,686571560448,0,0,0,0,0,0,0,0,0,0,0,0,0,0,0,0,0,0,0,0,0,0,0,0,0,0,0,0,0,0,0,0,0,0,0,0,0,0,0,0,0,0,0,0,0,0,0,0,0,0,0,0,0,0,0,0,0,0,0,0,7,6216292,24864868,24445156,0,0,0,0,0,0,0,0,0,0,0,0,0,0,0,0,0,0,0,0,0,0,0,0,0,0,0,0,0,0,0,0,0,0,0,0,0,51417972736,14186954752,3138304,865903,24359651,7040,0,384,3145728,21745633,3111910,147,3149580161,51539607552,0,1074200868,0,0,0,0,0,0,0,0,0,0,0,0,0,0,0,0,0,0,8031811,407602569,0,468,1204,7863,623,16063785,35,0,0,0,0,0,0,0,1,0,0,0,0,0,0,0,0,0,0,21863020,0,24359354,210475,0,0,0,0,0,0,0,0,16384,0,0,0,0,0,0,0,0,0,0,0,4733,115,0,0,0,0,0,24410286,0,72,0,16,115,4733,0,0,0,0,0,0,0,0,0,0,0,0,0,0,0,0,0,0,0,0,0,0,0,0,0,0,0,0,0,0,0,0,0,0,0,0,0,0,0,0,0,0,0,0,0,0,0,0,0,0,0,0,0,0,166045546,0,0,0,871824739,0,0,0,0,0,0,0,22537513,26233133,192237181,194911688704,19325721,0,0,0,0,0,0,0,0,0,0,0,0,0,0,0,0,0,0,0,0,0,0,0,0,0,0,0,0,0,0,0,116,0,0,0,0,0,0,0
1787687142.113,0,0,0,0,0,0,0,686751697,407198976512,686622251520,0,0,0,0,0,0,0,0,0,0,0,0,0,0,0,0,0,0,0,0,0,0,0,0,0,0,0,0,0,0,0,0,0,0,0,0,0,0,0,0,0,0,0,0,0,0,0,0,0,0,0,0,0,0,0,0,0,0,0,0,7,6216346,24874163,24447978,0,0,0,0,0,0,0,0,0,0,0,0,0,0,0,0,0,0,0,0,0,0,0,0,0,0,0,0,0,0,0,0,0,0,0,0,0,51427966976,14191935488,3138914,866207,24362473,6430,0,384,3145728,21754928,3111910,147,3149720111,51539607552,0,1074222818,0,0,0,0,0,0,0,0,0,0,0,0,0,0,0,0,0,0,8032588,407603346,0,468,1204,7863,623,16065339,35,0,0,0,0,0,0,0,1,0,0,0,0,0,0,0,0,0,0,21864005,0,24362176,210499,0,0,0,0,0,0,0,0,16384,0,0,0,0,0,0,0,0,0,0,0,4734,115,0,0,0,0,0,24412647,0,72,0,16,115,4734,0,0,0,0,0,0,0,0,0,0,0,0,0,0,0,0,0,0,0,0,0,0,0,0,0,0,0,0,0,0,0,0,0,0,0,0,0,0,0,0,0,0,0,0,0,0,0,0,0,0,0,0,0,0,166047834,0,0,0,871838091,0,0,0,0,0,0,0,22539314,26242429,192242315,194914898944,19327134,0,0,0,0,0,0,0,0,0,0,0,0,0,0,0,0,0,0,0,0,0,0,0,0,0,0,0,0,0,0,0,85,0,0,0,0,0,0,0
1787687143.182,0,0,0,0,0,0,0,686779049,407349791232,686673756160,0,0,0,0,0,0,0,0,0,0,0,0,0,0,0,0,0,0,0,0,0,0,0,0,0,0,0,0,0,0,0,0,0,0,0,0,0,0,0,0,0,0,0,0,0,0,0,0,0,0,0,0,0,0,0,0,0,0,0,0,7,6216391,24883375,24450865,0,0,0,0,0,0,0,0,0,0,0,0,0,0,0,0,0,0,0,0,0,0,0,0,0,0,0,0,0,0,0,0,0,0,0,0,0,51437223936,14193967104,3139479,866331,24365360,5864,0,384,3145728,21764139,3111910,147,3149856997,51539607552,0,1074243637,0,0,0,0,0,0,0,0,0,0,0,0,0,0,0,0,0,0,8033352,407604110,0,468,1204,7863,623,16066867,35,0,0,0,0,0,0,0,1,0,0,0,0,0,0,0,0,0,0,21864973,0,24365063,210524,0,0,0,0,0,0,0,0,16384,0,0,0,0,0,0,0,0,0,0,0,4735,115,0,0,0,0,0,24414972,0,72,0,16,115,4735,0,0,0,0,0,0,0,0,0,0,0,0,0,0,0,0,0,0,0,0,0,0,0,0,0,0,0,0,0,0,0,0,0,0,0,0,0,0,0,0,0,0,0,0,0,0,0,0,0,0,0,0,0,0,166050010,0,0,0,871851023,0,0,0,0,0,0,0,22541104,26251628,192247403,194917939200,19328518,0,0,0,0,0,0,0,0,0,0,0,0,0,0,0,0,0,0,0,0,0,0,0,0,0,0,0,0,0,0,0,256,0,0,0,0,0,0,0
1787687144.252,0,0,0,0,0,0,0,686806809,407500933632,686724837888,0,0,0,0,0,0,0,0,0,0,0,0,0,0,0,0,0,0,0,0,0,0,0,0,0,0,0,0,0,0,0,0,0,0,0,0,0,0,0,0,0,0,0,0,0,0,0,0,0,0,0,0,0,0,0,0,0,0,0,0,7,6216442,24892602,24453708,0,0,0,0,0,0,0,0,0,0,0,0,0,0,0,0,0,0,0,0,0,0,0,0,0,0,0,0,0,0,0,0,0,0,0,0,0,51448201216,14197620736,3140149,866554,24368203,5195,0,384,3145728,21773367,3111910,147,3149996607,51539607552,0,1074265215,0,0,0,0,0,0,0,0,0,0,0,0,0,0,0,0,0,0,8034133,407604891,0,468,1204,7863,623,16068429,35,0,0,0,0,0,0,0,1,0,0,0,0,0,0,0,0,0,0,21865961,0,24367906,210548,0,0,0,0,0,0,0,0,16384,0,0,0,0,0,0,0,0,0,0,0,4736,115,0,0,0,0,0,24417344,0,72,0,16,115,4736,0,0,0,0,0,0,0,0,0,0,0,0,0,0,0,0,0,0,0,0,0,0,0,0,0,0,0,0,0,0,0,0,0,0,0,0,0,0,0,0,0,0,0,0,0,0,0,0,0,0,0,0,0,0,166052313,0,0,0,871864455,0,0,0,0,0,0,0,22542835,26260853,192252572,194921264128,19329928,0,0,0,0,0,0,0,0,0,0,0,0,0,0,0,0,0,0,0,0,0,0,0,0,0,0,0,0,0,0,0,210,0,0,0,0,0,0,0
1787687145.322,0,0,0,0,0,0,0,686834155,407651011072,686776059904,0,0,0,0,0,0,0,0,0,0,0,0,0,0,0,0,0,0,0,0,0,0,0,0,0,0,0,0,0,0,0,0,0,0,0,0,0,0,0,0,0,0,0,0,0,0,0,0,0,0,0,0,0,0,0,0,0,0,0,0,7,6216494,24901763,24456571,0,0,0,0,0,0,0,0,0,0,0,0,0,0,0,0,0,0,0,0,0,0,0,0,0,0,0,0,0,0,0,0,0,0,0,0,0,51457687552,14199881728,3140728,866692,24371066,4615,0,384,3145728,21782524,3111910,147,3150134642,51539607552,0,1074286854,0,0,0,0,0,0,0,0,0,0,0,0,0,0,0,0,0,0,8034898,407605655,0,468,1204,7863,623,16069959,35,0,0,0,0,0,0,0,1,0,0,0,0,0,0,0,0,0,0,21866925,0,24370769,210572,0,0,0,0,0,0,0,0,16384,0,0,0,0,0,0,0,0,0,0,0,4737,115,0,0,0,0,0,24419674,0,72,0,16,115,4737,0,0,0,0,0,0,0,0,0,0,0,0,0,0,0,0,0,0,0,0,0,0,0,0,0,0,0,0,0,0,0,0,0,0,0,0,0,0,0,0,0,0,0,0,0,0,0,0,0,0,0,0,0,0,166054522,0,0,0,871877633,0,0,0,0,0,0,0,22544592,26270013,192257665,194924499968,19331300,0,0,0,0,0,0,0,0,0,0,0,0,0,0,0,0,0,0,0,0,0,0,0,0,0,0,0,0,0,0,0,149,0,0,0,0,0,0,0
1787687146.391,0,0,0,0,0,0,0,686861580,407800154624,686827660288,0,0,0,0,0,0,0,0,0,0,0,0,0,0,0,0,0,0,0,0,0,0,0,0,0,0,0,0,0,0,0,0,0,0,0,0,0,0,0,0,0,0,0,0,0,0,0,0,0,0,0,0,0,0,0,0,0,0,0,0,7,6216554,24910871,24459434,0,0,0,0,0,0,0,0,0,0,0,0,0,0,0,0,0,0,0,0,0,0,0,0,0,0,0,0,0,0,0,0,0,0,0,0,0,51467534336,14203174912,3141328,866893,24373929,4015,0,385,3145728,21791631,3111910,147,3150273061,51539607552,0,1074308707,0,0,0,0,0,0,0,0,0,0,0,0,0,0,0,0,0,0,8035665,407606423,0,468,1204,7863,623,16071493,35,0,0,0,0,0,0,0,1,0,0,0,0,0,0,0,0,0,0,21867898,0,24373632,210596,0,0,0,0,0,0,0,0,16384,0,0,0,0,0,0,0,0,0,0,0,4738,115,0,0,0,0,0,24422014,0,72,0,16,115,4738,0,0,0,0,0,0,0,0,0,0,0,0,0,0,0,0,0,0,0,0,0,0,0,0,0,0,0,0,0,0,0,0,0,0,0,0,0,0,0,0,0,0,0,0,0,0,0,0,0,0,0,0,0,0,166056848,0,0,0,871890848,0,0,0,0,0,0,0,22546394,26279119,192262880,194927992320,19332710,0,0,0,0,0,0,0,0,0,0,0,0,0,0,0,0,0,0,0,0,0,0,0,0,0,0,0,0,0,0,0,100,0,0,0,0,0,0,0
1787687147.459,0,0,0,0,0,0,0,686889778,407951690240,686879477760,0,0,0,0,0,0,0,0,0,0,0,0,0,0,0,0,0,0,0,0,0,0,0,0,0,0,0,0,0,0,0,0,0,0,0,0,0,0,0,0,0,0,0,0,0,0,0,0,0,0,0,0,0,0,0,0,0,0,0,0,7,6216617,24920121,24462316,0,0,0,0,0,0,0,0,0,0,0,0,0,0,0,0,0,0,0,0,0,0,0,0,0,0,0,0,0,0,0,0,0,0,0,0,0,51478446080,14206205952,3141995,867078,24376811,3349,0,384,3145728,21800881,3111910,147,3150414314,51539607552,0,1074330639,0,0,0,0,0,0,0,0,0,0,0,0,0,0,0,0,0,0,8036454,407607212,0,468,1204,7863,623,16073072,35,0,0,0,0,0,0,0,1,0,0,0,0,0,0,0,0,0,0,21868884,0,24376514,210620,0,0,0,0,0,0,0,0,16384,0,0,0,0,0,0,0,0,0,0,0,4739,115,0,0,0,0,0,24424419,0,72,0,16,115,4739,0,0,0,0,0,0,0,0,0,0,0,0,0,0,0,0,0,0,0,0,0,0,0,0,0,0,0,0,0,0,0,0,0,0,0,0,0,0,0,0,0,0,0,0,0,0,0,0,0,0,0,0,0,0,166059188,0,0,0,871904186,0,0,0,0,0,0,0,22548263,26288366,192268125,194931453952,19334190,0,0,0,0,0,0,0,0,0,0,0,0,0,0,0,0,0,0,0,0,0,0,0,0,0,0,0,0,0,0,0,292,0,0,0,0,0,0,0
1787687148.527,0,0,0,0,0,0,0,686917767,408102865408,686931392000,0,0,0,0,0,0,0,0,0,0,0,0,0,0,0,0,0,0,0,0,0,0,0,0,0,0,0,0,0,0,0,0,0,0,0,0,0,0,0,0,0,0,0,0,0,0,0,0,0,0,0,0,0,0,0,0,0,0,0,0,7,6216683,24929353,24465208,0,0,0,0,0,0,0,0,0,0,0,0,0,0,0,0,0,0,0,0,0,0,0,0,0,0,0,0,0,0,0,0,0,0,0,0,0,51489341440,14209548288,3142660,867282,24379703,2683,0,384,3145728,21810110,3111910,147,3150555122,51539607552,0,1074352775,0,0,0,0,0,0,0,0,0,0,0,0,0,0,0,0,0,0,8037237,407607995,0,468,1204,7863,623,16074639,35,0,0,0,0,0,0,0,1,0,0,0,0,0,0,0,0,0,0,21869880,0,24379406,210645,0,0,0,0,0,0,0,0,16384,0,0,0,0,0,0,0,0,0,0,0,4740,115,0,0,0,0,0,24426796,0,72,0,16,115,4740,0,0,0,0,0,0,0,0,0,0,0,0,0,0,0,0,0,0,0,0,0,0,0,0,0,0,0,0,0,0,0,0,0,0,0,0,0,0,0,0,0,0,0,0,0,0,0,0,0,0,0,0,0,0,166061490,0,0,0,871917693,0,0,0,0,0,0,0,22550077,26297594,192273343,194934832640,19335568,0,0,0,0,0,0,0,0,0,0,0,0,0,0,0,0,0,0,0,0,0,0,0,0,0,0,0,0,0,0,0,223,0,0,0,0,0,0,0
1787687149.601,0,0,0,0,0,0,0,686945773,408256350720,686983441408,0,0,0,0,0,0,0,0,0,0,0,0,0,0,0,0,0,0,0,0,0,0,0,0,0,0,0,0,0,0,0,0,0,0,0,0,0,0,0,0,0,0,0,0,0,0,0,0,0,0,0,0,0,0,0,0,0,0,0,0,7,6216730,24938722,24468114,0,0,0,0,0,0,0,0,0,0,0,0,0,0,0,0,0,0,0,0,0,0,0,0,0,0,0,0,0,0,0,0,0,0,0,0,0,51501023232,14212562944,3143373,867466,24382609,1971,0,384,3145728,21819477,3111910,147,3150696287,51539607552,0,1074374858,0,0,0,0,0,0,0,0,0,0,0,0,0,0,0,0,0,0,8038020,407608778,0,468,1204,7863,623,16076203,35,0,0,0,0,0,0,0,1,0,0,0,0,0,0,0,0,0,0,21870870,0,24382312,210670,0,0,0,0,0,0,0,0,16384,0,0,0,0,0,0,0,0,0,0,0,4741,115,0,0,0,0,0,24429167,0,72,0,16,115,4741,0,0,0,0,0,0,0,0,0,0,0,0,0,0,0,0,0,0,0,0,0,0,0,0,0,0,0,0,0,0,0,0,0,0,0,0,0,0,0,0,0,0,0,0,0,0,0,0,0,0,0,0,0,0,166063747,0,0,0,871931172,0,0,0,0,0,0,0,22551847,26306959,192278529,194938117632,19336918,0,0,0,0,0,0,0,0,0,0,0,0,0,0,0,0,0,0,0,0,0,0,0,0,0,0,0,0,0,0,0,165,0,0,0,0,0,0,0
1787687150.670,0,0,0,0,0,0,0,686973805,408408508928,687035095552,0,0,0,0,0,0,0,0,0,0,0,0,0,0,0,0,0,0,0,0,0,0,0,0,0,0,0,0,0,0,0,0,0,0,0,0,0,0,0,0,0,0,0,0,0,0,0,0,0,0,0,0,0,0,0,0,0,0,0,0,7,6216783,24948012,24471012,0,0,0,0,0,0,0,0,0,0,0,0,0,0,0,0,0,0,0,0,0,0,0,0,0,0,0,0,0,0,0,0,0,0,0,0,0,51510263808,14215839744,3143937,867666,24385507,1407,0,384,3145728,21828765,3111910,147,3150836991,51539607552,0,1074396424,0,0,0,0,0,0,0,0,0,0,0,0,0,0,0,0,0,0,8038809,407609567,0,468,1204,7863,623,16077781,35,0,0,0,0,0,0,0,1,0,0,0,0,0,0,0,0,0,0,21871867,0,24385210,210694,0,0,0,0,0,0,0,0,16384,0,0,0,0,0,0,0,0,0,0,0,4742,115,0,0,0,0,0,24431563,0,72,0,16,115,4742,0,0,0,0,0,0,0,0,0,0,0,0,0,0,0,0,0,0,0,0,0,0,0,0,0,0,0,0,0,0,0,0,0,0,0,0,0,0,0,0,0,0,0,0,0,0,0,0,0,0,0,0,0,0,166066101,0,0,0,871944730,0,0,0,0,0,0,0,22553603,26316248,192283802,194941153792,19338320,0,0,0,0,0,0,0,0,0,0,0,0,0,0,0,0,0,0,0,0,0,0,0,0,0,0,0,0,0,0,0,100,0,0,0,0,0,0,0
1787687151.740,0,0,0,0,0,0,0,687001747,408559536640,687087071232,0,0,0,0,0,0,0,0,0,0,0,0,0,0,0,0,0,0,0,0,0,0,0,0,0,0,0,0,0,0,0,0,0,0,0,0,0,0,0,0,0,0,0,0,0,0,0,0,0,0,0,0,0,0,0,0,0,0,0,0,7,6216836,24957235,24473909,0,0,0,0,0,0,0,0,0,0,0,0,0,0,0,0,0,0,0,0,0,0,0,0,0,0,0,0,0,0,0,0,0,0,0,0,0,51518980096,14218526720,3144469,867830,24388404,875,0,384,3145728,21837986,3111910,147,3150977774,51539607552,0,1074418426,0,0,0,0,0,0,0,0,0,0,0,0,0,0,0,0,0,0,8039593,407610351,0,468,1204,7863,623,16079349,35,0,0,0,0,0,0,0,1,0,0,0,0,0,0,0,0,0,0,21872854,0,24388107,210718,0,0,0,0,0,0,0,0,16384,0,0,0,0,0,0,0,0,0,0,0,4743,115,0,0,0,0,0,24433942,0,72,0,16,115,4743,0,0,0,0,0,0,0,0,0,0,0,0,0,0,0,0,0,0,0,0,0,0,0,0,0,0,0,0,0,0,0,0,0,0,0,0,0,0,0,0,0,0,0,0,0,0,0,0,0,0,0,0,0,0,166068426,0,0,0,871958247,0,0,0,0,0,0,0,22555330,26325467,192289048,194944529408,19339690,0,0,0,0,0,0,0,0,0,0,0,0,0,0,0,0,0,0,0,0,0,0,0,0,0,0,0,0,0,0,0,25,0,0,0,0,0,0,0
1787687152.809,0,0,0,0,0,0,0,687029602,408712481280,687139883520,0,0,0,0,0,0,0,0,0,0,0,0,0,0,0,0,0,0,0,0,0,0,0,0,0,0,0,0,0,0,0,0,0,0,0,0,0,0,0,0,0,0,0,0,0,0,0,0,0,0,0,0,0,0,0,0,0,0,0,0,7,6216893,24966571,24476861,0,0,0,0,0,0,0,0,0,0,0,0,0,0,0,0,0,0,0,0,0,0,0,0,0,0,0,0,0,0,0,0,0,0,0,0,0,51529678848,14220017664,3145122,867921,24391356,222,0,384,3145728,21847320,3111910,147,3151117093,51539607552,0,1074439664,0,0,0,0,0,0,0,0,0,0,0,0,0,0,0,0,0,0,8040374,407611132,0,468,1204,7863,623,16080911,35,0,0,0,0,0,0,0,1,0,0,0,0,0,0,0,0,0,0,21873842,0,24391059,210742,0,0,0,0,0,0,0,0,16384,0,0,0,0,0,0,0,0,0,0,0,4744,115,0,0,0,0,0,24436315,0,72,0,16,115,4744,0,0,0,0,0,0,0,0,0,0,0,0,0,0,0,0,0,0,0,0,0,0,0,0,0,0,0,0,0,0,0,0,0,0,0,0,0,0,0,0,0,0,0,0,0,0,0,0,0,0,0,0,0,0,166070735,0,0,0,871971419,0,0,0,0,0,0,0,22557120,26334801,192294334,194947829248,19341078,0,0,0,0,0,0,0,0,0,0,0,0,0,0,0,0,0,0,0,0,0,0,0,0,0,0,0,0,0,0,0,236,0,0,0,0,0,0,0
1787687153.878,0,0,0,0,0,0,0,687057494,408862886400,687191804928,0,0,0,0,0,0,0,0,0,0,0,0,0,0,0,0,0,0,0,0,0,0,0,0,0,0,0,0,0,0,0,0,0,0,0,0,0,0,0,0,0,0,0,0,0,0,0,0,0,0,0,0,0,0,0,0,0,0,0,0,7,6216934,24975752,24479761,0,0,0,0,0,0,0,0,0,0,0,0,0,0,0,0,0,0,0,0,0,0,0,0,0,0,0,0,0,0,0,0,0,0,0,0,0,51532939264,14223130624,3145321,868111,24394256,23,0,384,3145728,21856500,3111910,147,3151257259,51539607552,0,1074461455,0,0,0,0,0,0,0,0,0,0,0,0,0,0,0,0,0,0,8041155,407611913,0,468,1204,7863,623,16082473,35,0,0,0,0,0,0,0,1,0,0,0,0,0,0,0,0,0,0,21874829,0,24393959,210767,0,0,0,0,0,0,0,0,16384,0,0,0,0,0,0,0,0,0,0,0,4746,115,0,0,0,0,0,24438689,0,72,0,16,115,4746,0,0,0,0,0,0,0,0,0,0,0,0,0,0,0,0,0,0,0,0,0,0,0,0,0,0,0,0,0,0,0,0,0,0,0,0,0,0,0,0,0,0,0,0,0,0,0,0,0,0,0,0,0,0,166073103,0,0,0,871984901,0,0,0,0,0,0,0,22559028,26343981,192299626,194951145472,19342583,0,0,0,0,0,0,0,0,0,0,0,0,0,0,0,0,0,0,0,0,0,0,0,0,0,0,0,0,0,0,0,156,0,0,0,0,0,0,0
1787687154.947,0,0,0,0,0,0,0,687084690,409012144640,687290805760,0,0,0,0,0,0,0,0,0,0,0,0,0,0,0,0,0,0,0,0,0,0,0,0,0,0,0,0,0,0,0,0,0,0,0,0,0,0,0,0,0,0,0,0,0,0,0,0,0,0,0,0,0,0,0,0,0,0,0,0,7,6216994,24984867,24485525,0,0,0,0,0,0,0,0,0,0,0,0,0,0,0,0,0,0,0,0,0,0,0,0,0,0,0,0,0,0,0,0,0,0,0,0,0,51402719232,14177681408,3137373,865337,24400020,7971,0,384,3145728,21865616,3111910,147,3151394784,51539607552,0,1074483356,0,0,0,0,0,0,0,0,0,0,0,0,0,0,0,0,0,0,8041917,407612675,0,468,1204,7863,623,16083997,35,0,0,0,0,0,0,0,1,0,0,0,0,0,0,0,0,0,0,21875793,0,24399723,210816,0,0,0,0,0,0,0,0,16384,0,0,0,0,0,0,0,0,0,0,0,4747,115,0,0,0,0,0,24441013,0,72,0,16,115,4747,0,0,0,0,0,0,0,0,0,0,0,0,0,0,0,0,0,0,0,0,0,0,0,0,0,0,0,0,0,0,0,0,0,0,0,0,0,0,0,0,0,0,0,0,0,0,0,0,0,0,0,0,0,0,166075368,0,0,0,871998083,0,0,0,0,0,0,0,22561348,26353093,192307702,194954607616,19344126,0,0,0,0,0,0,0,0,0,0,0,0,0,0,0,0,0,0,0,0,0,0,0,0,0,0,0,0,0,0,0,42,0,0,0,0,0,0,0
1787687156.016,0,0,0,0,0,0,0,687112891,409164155392,687342100480,0,0,0,0,0,0,0,0,0,0,0,0,0,0,0,0,0,0,0,0,0,0,0,0,0,0,0,0,0,0,0,0,0,0,0,0,0,0,0,0,0,0,0,0,0,0,0,0,0,0,0,0,0,0,0,0,0,0,0,0,7,6217058,24994142,24488370,0,0,0,0,0,0,0,0,0,0,0,0,0,0,0,0,0,0,0,0,0,0,0,0,0,0,0,0,0,0,0,0,0,0,0,0,0,51413581824,14182547456,3138036,865634,24402865,7308,0,384,3145728,21874891,3111910,147,3151536824,51539607552,0,1074505683,0,0,0,0,0,0,0,0,0,0,0,0,0,0,0,0,0,0,8042705,407613463,0,468,1204,7863,623,16085573,35,0,0,0,0,0,0,0,1,0,0,0,0,0,0,0,0,0,0,21876789,0,24402568,210840,0,0,0,0,0,0,0,0,16384,0,0,0,0,0,0,0,0,0,0,0,4748,115,0,0,0,0,0,24443405,0,72,0,16,115,4748,0,0,0,0,0,0,0,0,0,0,0,0,0,0,0,0,0,0,0,0,0,0,0,0,0,0,0,0,0,0,0,0,0,0,0,0,0,0,0,0,0,0,0,0,0,0,0,0,0,0,0,0,0,0,166077752,0,0,0,872011623,0,0,0,0,0,0,0,22563167,26362369,192312952,194958060544,19345571,0,0,0,0,0,0,0,0,0,0,0,0,0,0,0,0,0,0,0,0,0,0,0,0,0,0,0,0,0,0,0,26,0,0,0,0,0,0,0
1787687157.093,0,0,0,0,0,0,0,687140668,409316379136,687394326528,0,0,0,0,0,0,0,0,0,0,0,0,0,0,0,0,0,0,0,0,0,0,0,0,0,0,0,0,0,0,0,0,0,0,0,0,0,0,0,0,0,0,0,0,0,0,0,0,0,0,0,0,0,0,0,0,0,0,0,0,7,6217110,25003434,24491284,0,0,0,0,0,0,0,0,0,0,0,0,0,0,0,0,0,0,0,0,0,0,0,0,0,0,0,0,0,0,0,0,0,0,0,0,0,51423920128,14184857600,3138667,865775,24405779,6677,0,384,3145728,21884181,3111910,147,3151675599,51539607552,0,1074526794,0,0,0,0,0,0,0,0,0,0,0,0,0,0,0,0,0,0,8043484,407614242,0,468,1204,7863,623,16087133,35,0,0,0,0,0,0,0,1,0,0,0,0,0,0,0,0,0,0,21877782,0,24405482,210864,0,0,0,0,0,0,0,0,16384,0,0,0,0,0,0,0,0,0,0,0,4749,115,0,0,0,0,0,24445778,0,72,0,16,115,4749,0,0,0,0,0,0,0,0,0,0,0,0,0,0,0,0,0,0,0,0,0,0,0,0,0,0,0,0,0,0,0,0,0,0,0,0,0,0,0,0,0,0,0,0,0,0,0,0,0,0,0,0,0,0,166079993,0,0,0,872024776,0,0,0,0,0,0,0,22565042,26371658,192318130,194961353728,19347077,0,0,0,0,0,0,0,0,0,0,0,0,0,0,0,0,0,0,0,0,0,0,0,0,0,0,0,0,0,0,0,231,0,0,0,0,0,0,0
1787687158.162,0,0,0,0,0,0,0,687168466,409467750912,687445653504,0,0,0,0,0,0,0,0,0,0,0,0,0,0,0,0,0,0,0,0,0,0,0,0,0,0,0,0,0,0,0,0,0,0,0,0,0,0,0,0,0,0,0,0,0,0,0,0,0,0,0,0,0,0,0,0,0,0,0,0,7,6217151,25012675,24494151,0,0,0,0,0,0,0,0,0,0,0,0,0,0,0,0,0,0,0,0,0,0,0,0,0,0,0,0,0,0,0,0,0,0,0,0,0,51433504768,14188052480,3139252,865970,24408646,6092,0,384,3145728,21893421,3111910,147,3151815380,51539607552,0,1074548364,0,0,0,0,0,0,0,0,0,0,0,0,0,0,0,0,0,0,8044265,407615022,0,468,1204,7863,623,16088693,35,0,0,0,0,0,0,0,1,0,0,0,0,0,0,0,0,0,0,21878758,0,24408349,210888,0,0,0,0,0,0,0,0,16384,0,0,0,0,0,0,0,0,0,0,0,4750,115,0,0,0,0,0,24448144,0,72,0,16,115,4750,0,0,0,0,0,0,0,0,0,0,0,0,0,0,0,0,0,0,0,0,0,0,0,0,0,0,0,0,0,0,0,0,0,0,0,0,0,0,0,0,0,0,0,0,0,0,0,0,0,0,0,0,0,0,166082300,0,0,0,872038260,0,0,0,0,0,0,0,22566738,26380900,192323327,194964519936,19348447,0,0,0,0,0,0,0,0,0,0,0,0,0,0,0,0,0,0,0,0,0,0,0,0,0,0,0,0,0,0,0,112,0,0,0,0,0,0,0
1787687159.231,0,0,0,0,0,0,0,687196119,409617533440,687496934912,0,0,0,0,0,0,0,0,0,0,0,0,0,0,0,0,0,0,0,0,0,0,0,0,0,0,0,0,0,0,0,0,0,0,0,0,0,0,0,0,0,0,0,0,0,0,0,0,0,0,0,0,0,0,0,0,0,0,0,0,7,6217211,25021821,24497015,0,0,0,0,0,0,0,0,0,0,0,0,0,0,0,0,0,0,0,0,0,0,0,0,0,0,0,0,0,0,0,0,0,0,0,0,0,51443924992,14190542848,3139888,866122,24411510,5456,0,384,3145728,21902564,3111910,147,3151954706,51539607552,0,1074570066,0,0,0,0,0,0,0,0,0,0,0,0,0,0,0,0,0,0,8045041,407615799,0,468,1204,7863,623,16090245,35,0,0,0,0,0,0,0,1,0,0,0,0,0,0,0,0,0,0,21879739,0,24411213,210912,0,0,0,0,0,0,0,0,16384,0,0,0,0,0,0,0,0,0,0,0,4751,115,0,0,0,0,0,24450502,0,72,0,16,115,4751,0,0,0,0,0,0,0,0,0,0,0,0,0,0,0,0,0,0,0,0,0,0,0,0,0,0,0,0,0,0,0,0,0,0,0,0,0,0,0,0,0,0,0,0,0,0,0,0,0,0,0,0,0,0,166084599,0,0,0,872051647,0,0,0,0,0,0,0,22568524,26390041,192328513,194967763456,19349872,0,0,0,0,0,0,0,0,0,0,0,0,0,0,0,0,0,0,0,0,0,0,0,0,0,0,0,0,0,0,0,30,0,0,0,0,0,0,0
1787687160.300,0,0,0,0,0,0,0,687223993,409769019904,687549251584,0,0,0,0,0,0,0,0,0,0,0,0,0,0,0,0,0,0,0,0,0,0,0,0,0,0,0,0,0,0,0,0,0,0,0,0,0,0,0,0,0,0,0,0,0,0,0,0,0,0,0,0,0,0,0,0,0,0,0,0,7,6217253,25031071,24499930,0,0,0,0,0,0,0,0,0,0,0,0,0,0,0,0,0,0,0,0,0,0,0,0,0,0,0,0,0,0,0,0,0,0,0,0,0,51453804544,14192803840,3140491,866260,24414425,4853,0,384,3145728,21911813,3111910,147,3152094272,51539607552,0,1074591304,0,0,0,0,0,0,0,0,0,0,0,0,0,0,0,0,0,0,8045823,407616581,0,468,1204,7863,623,16091811,35,0,0,0,0,0,0,0,1,0,0,0,0,0,0,0,0,0,0,21880726,0,24414128,210936,0,0,0,0,0,0,0,0,16384,0,0,0,0,0,0,0,0,0,0,0,4752,115,0,0,0,0,0,24452871,0,72,0,16,115,4752,0,0,0,0,0,0,0,0,0,0,0,0,0,0,0,0,0,0,0,0,0,0,0,0,0,0,0,0,0,0,0,0,0,0,0,0,0,0,0,0,0,0,0,0,0,0,0,0,0,0,0,0,0,0,166086873,0,0,0,872064849,0,0,0,0,0,0,0,22570262,26399286,192333725,194971143680,19351242,0,0,0,0,0,0,0,0,0,0,0,0,0,0,0,0,0,0,0,0,0,0,0,0,0,0,0,0,0,0,0,244,0,0,0,0,0,0,0
1787687161.369,0,0,0,0,0,0,0,687252019,409923029504,687602062848,0,0,0,0,0,0,0,0,0,0,0,0,0,0,0,0,0,0,0,0,0,0,0,0,0,0,0,0,0,0,0,0,0,0,0,0,0,0,0,0,0,0,0,0,0,0,0,0,0,0,0,0,0,0,0,0,0,0,0,0,7,6217306,25040472,24502878,0,0,0,0,0,0,0,0,0,0,0,0,0,0,0,0,0,0,0,0,0,0,0,0,0,0,0,0,0,0,0,0,0,0,0,0,0,51465764864,14194917376,3141221,866389,24417373,4123,0,384,3145728,21921212,3111910,147,3152235575,51539607552,0,1074613285,0,0,0,0,0,0,0,0,0,0,0,0,0,0,0,0,0,0,8046611,407617369,0,468,1204,7863,623,16093385,35,0,0,0,0,0,0,0,1,0,0,0,0,0,0,0,0,0,0,21881718,0,24417076,210961,0,0,0,0,0,0,0,0,16384,0,0,0,0,0,0,0,0,0,0,0,4753,115,0,0,0,0,0,24455270,0,72,0,16,115,4753,0,0,0,0,0,0,0,0,0,0,0,0,0,0,0,0,0,0,0,0,0,0,0,0,0,0,0,0,0,0,0,0,0,0,0,0,0,0,0,0,0,0,0,0,0,0,0,0,0,0,0,0,0,0,166089228,0,0,0,872078428,0,0,0,0,0,0,0,22572142,26408690,192339052,194974448128,19352668,0,0,0,0,0,0,0,0,0,0,0,0,0,0,0,0,0,0,0,0,0,0,0,0,0,0,0,0,0,0,0,152,0,0,0,0,0,0,0
1787687162.438,0,0,0,0,0,0,0,687279659,410072795648,687652858880,0,0,0,0,0,0,0,0,0,0,0,0,0,0,0,0,0,0,0,0,0,0,0,0,0,0,0,0,0,0,0,0,0,0,0,0,0,0,0,0,0,0,0,0,0,0,0,0,0,0,0,0,0,0,0,0,0,0,0,0,7,6217350,25049614,24505704,0,0,0,0,0,0,0,0,0,0,0,0,0,0,0,0,0,0,0,0,0,0,0,0,0,0,0,0,0,0,0,0,0,0,0,0,0,51473498112,14197522432,3141693,866548,24420199,3651,0,384,3145728,21930353,3111910,147,3152374753,51539607552,0,1074634928,0,0,0,0,0,0,0,0,0,0,0,0,0,0,0,0,0,0,8047386,407618144,0,468,1204,7863,623,16094936,35,0,0,0,0,0,0,0,1,0,0,0,0,0,0,0,0,0,0,21882698,0,24419902,210986,0,0,0,0,0,0,0,0,16384,0,0,0,0,0,0,0,0,0,0,0,4754,115,0,0,0,0,0,24457629,0,72,0,16,115,4754,0,0,0,0,0,0,0,0,0,0,0,0,0,0,0,0,0,0,0,0,0,0,0,0,0,0,0,0,0,0,0,0,0,0,0,0,0,0,0,0,0,0,0,0,0,0,0,0,0,0,0,0,0,0,166091534,0,0,0,872091806,0,0,0,0,0,0,0,22574003,26417827,192344209,194977718784,19354100,0,0,0,0,0,0,0,0,0,0,0,0,0,0,0,0,0,0,0,0,0,0,0,0,0,0,0,0,0,0,0,61,0,0,0,0,0,0,0
1787687163.507,0,0,0,0,0,0,0,687307401,410222971392,687703763968,0,0,0,0,0,0,0,0,0,0,0,0,0,0,0,0,0,0,0,0,0,0,0,0,0,0,0,0,0,0,0,0,0,0,0,0,0,0,0,0,0,0,0,0,0,0,0,0,0,0,0,0,0,0,0,0,0,0,0,0,7,6217390,25058782,24508561,0,0,0,0,0,0,0,0,0,0,0,0,0,0,0,0,0,0,0,0,0,0,0,0,0,0,0,0,0,0,0,0,0,0,0,0,0,51483869184,14200897536,3142326,866754,24423056,3018,0,384,3145728,21939520,3111910,147,3152513112,51539607552,0,1074655837,0,0,0,0,0,0,0,0,0,0,0,0,0,0,0,0,0,0,8048166,407618924,0,468,1204,7863,623,16096497,35,0,0,0,0,0,0,0,1,0,0,0,0,0,0,0,0,0,0,21883677,0,24422759,211010,0,0,0,0,0,0,0,0,16384,0,0,0,0,0,0,0,0,0,0,0,4755,115,0,0,0,0,0,24460003,0,72,0,16,115,4755,0,0,0,0,0,0,0,0,0,0,0,0,0,0,0,0,0,0,0,0,0,0,0,0,0,0,0,0,0,0,0,0,0,0,0,0,0,0,0,0,0,0,0,0,0,0,0,0,0,0,0,0,0,0,166093879,0,0,0,872104987,0,0,0,0,0,0,0,22575848,26426993,192349433,194980744704,19355532,0,0,0,0,0,0,0,0,0,0,0,0,0,0,0,0,0,0,0,0,0,0,0,0,0,0,0,0,0,0,0,229,0,0,0,0,0,0,0
1787687164.576,0,0,0,0,0,0,0,687334919,410373884416,687755496448,0,0,0,0,0,0,0,0,0,0,0,0,0,0,0,0,0,0,0,0,0,0,0,0,0,0,0,0,0,0,0,0,0,0,0,0,0,0,0,0,0,0,0,0,0,0,0,0,0,0,0,0,0,0,0,0,0,0,0,0,7,6217455,25067997,24511439,0,0,0,0,0,0,0,0,0,0,0,0,0,0,0,0,0,0,0,0,0,0,0,0,0,0,0,0,0,0,0,0,0,0,0,0,0,51493765120,14204076032,3142930,866948,24425934,2414,0,384,3145728,21948732,3111910,147,3152652133,51539607552,0,1074677903,0,0,0,0,0,0,0,0,0,0,0,0,0,0,0,0,0,0,8048935,407619693,0,468,1204,7863,623,16098033,35,0,0,0,0,0,0,0,1,0,0,0,0,0,0,0,0,0,0,21884646,0,24425637,211034,0,0,0,0,0,0,0,0,16384,0,0,0,0,0,0,0,0,0,0,0,4756,115,0,0,0,0,0,24462349,0,72,0,16,115,4756,0,0,0,0,0,0,0,0,0,0,0,0,0,0,0,0,0,0,0,0,0,0,0,0,0,0,0,0,0,0,0,0,0,0,0,0,0,0,0,0,0,0,0,0,0,0,0,0,0,0,0,0,0,0,166096154,0,0,0,872118304,0,0,0,0,0,0,0,22577639,26436204,192354607,194984217600,19356989,0,0,0,0,0,0,0,0,0,0,0,0,0,0,0,0,0,0,0,0,0,0,0,0,0,0,0,0,0,0,0,119,0,0,0,0,0,0,0
1787687165.645,0,0,0,0,0,0,0,687362750,410525059584,687807926272,0,0,0,0,0,0,0,0,0,0,0,0,0,0,0,0,0,0,0,0,0,0,0,0,0,0,0,0,0,0,0,0,0,0,0,0,0,0,0,0,0,0,0,0,0,0,0,0,0,0,0,0,0,0,0,0,0,0,0,0,7,6217512,25077228,24514357,0,0,0,0,0,0,0,0,0,0,0,0,0,0,0,0,0,0,0,0,0,0,0,0,0,0,0,0,0,0,0,0,0,0,0,0,0,51504857088,14206042112,3143607,867068,24428852,1737,0,384,3145728,21957960,3111910,147,3152792134,51539607552,0,1074699732,0,0,0,0,0,0,0,0,0,0,0,0,0,0,0,0,0,0,8049715,407620473,0,468,1204,7863,623,16099593,35,0,0,0,0,0,0,0,1,0,0,0,0,0,0,0,0,0,0,21885634,0,24428555,211059,0,0,0,0,0,0,0,0,16384,0,0,0,0,0,0,0,0,0,0,0,4757,115,0,0,0,0,0,24464726,0,72,0,16,115,4757,0,0,0,0,0,0,0,0,0,0,0,0,0,0,0,0,0,0,0,0,0,0,0,0,0,0,0,0,0,0,0,0,0,0,0,0,0,0,0,0,0,0,0,0,0,0,0,0,0,0,0,0,0,0,166098495,0,0,0,872131769,0,0,0,0,0,0,0,22579582,26445433,192359888,194987673600,19358502,0,0,0,0,0,0,0,0,0,0,0,0,0,0,0,0,0,0,0,0,0,0,0,0,0,0,0,0,0,0,0,39,0,0,0,0,0,0,0
1787687166.714,0,0,0,0,0,0,0,687390480,410677332480,687859972096,0,0,0,0,0,0,0,0,0,0,0,0,0,0,0,0,0,0,0,0,0,0,0,0,0,0,0,0,0,0,0,0,0,0,0,0,0,0,0,0,0,0,0,0,0,0,0,0,0,0,0,0,0,0,0,0,0,0,0,0,7,6217555,25086524,24517266,0,0,0,0,0,0,0,0,0,0,0,0,0,0,0,0,0,0,0,0,0,0,0,0,0,0,0,0,0,0,0,0,0,0,0,0,0,51516948480,14208155648,3144345,867197,24431761,998,0,384,3145728,21967256,3111910,147,3152930822,51539607552,0,1074720733,0,0,0,0,0,0,0,0,0,0,0,0,0,0,0,0,0,0,8050494,407621252,0,468,1204,7863,623,16101151,35,0,0,0,0,0,0,0,1,0,0,0,0,0,0,0,0,0,0,21886620,0,24431464,211083,0,0,0,0,0,0,0,0,16384,0,0,0,0,0,0,0,0,0,0,0,4758,115,0,0,0,0,0,24467099,0,72,0,16,115,4758,0,0,0,0,0,0,0,0,0,0,0,0,0,0,0,0,0,0,0,0,0,0,0,0,0,0,0,0,0,0,0,0,0,0,0,0,0,0,0,0,0,0,0,0,0,0,0,0,0,0,0,0,0,0,166100763,0,0,0,872144900,0,0,0,0,0,0,0,22581551,26454729,192365090,194990889472,19360057,0,0,0,0,0,0,0,0,0,0,0,0,0,0,0,0,0,0,0,0,0,0,0,0,0,0,0,0,0,0,0,251,0,0,0,0,0,0,0
1787687167.783,0,0,0,0,0,0,0,687418939,410830768640,687912499712,0,0,0,0,0,0,0,0,0,0,0,0,0,0,0,0,0,0,0,0,0,0,0,0,0,0,0,0,0,0,0,0,0,0,0,0,0,0,0,0,0,0,0,0,0,0,0,0,0,0,0,0,0,0,0,0,0,0,0,0,7,6217609,25095894,24520212,0,0,0,0,0,0,0,0,0,0,0,0,0,0,0,0,0,0,0,0,0,0,0,0,0,0,0,0,0,0,0,0,0,0,0,0,0,51528007680,14211203072,3145020,867383,24434707,324,0,384,3145728,21976626,3111910,147,3153073856,51539607552,0,1074742916,0,0,0,0,0,0,0,0,0,0,0,0,0,0,0,0,0,0,8051292,407622050,0,468,1204,7863,623,16102749,35,0,0,0,0,0,0,0,1,0,0,0,0,0,0,0,0,0,0,21887626,0,24434410,211107,0,0,0,0,0,0,0,0,16384,0,0,0,0,0,0,0,0,0,0,0,4759,115,0,0,0,0,0,24469518,0,72,0,16,115,4759,0,0,0,0,0,0,0,0,0,0,0,0,0,0,0,0,0,0,0,0,0,0,0,0,0,0,0,0,0,0,0,0,0,0,0,0,0,0,0,0,0,0,0,0,0,0,0,0,0,0,0,0,0,0,166103077,0,0,0,872158609,0,0,0,0,0,0,0,22583447,26464098,192370372,194994119680,19361537,0,0,0,0,0,0,0,0,0,0,0,0,0,0,0,0,0,0,0,0,0,0,0,0,0,0,0,0,0,0,0,211,0,0,0,0,0,0,0
1787687168.852,0,0,0,0,0,0,0,687446369,410980895232,687964700672,0,0,0,0,0,0,0,0,0,0,0,0,0,0,0,0,0,0,0,0,0,0,0,0,0,0,0,0,0,0,0,0,0,0,0,0,0,0,0,0,0,0,0,0,0,0,0,0,0,0,0,0,0,0,0,0,0,0,0,0,7,6217673,25105057,24523132,0,0,0,0,0,0,0,0,0,0,0,0,0,0,0,0,0,0,0,0,0,0,0,0,0,0,0,0,0,0,0,0,0,0,0,0,0,51532185600,14213480448,3145275,867522,24437627,69,0,384,3145728,21985787,3111910,147,3153212111,51539607552,0,1074764613,0,0,0,0,0,0,0,0,0,0,0,0,0,0,0,0,0,0,8052060,407622818,0,468,1204,7863,623,16104285,35,0,0,0,0,0,0,0,1,0,0,0,0,0,0,0,0,0,0,21888592,0,24437330,211132,0,0,0,0,0,0,0,0,16384,0,0,0,0,0,0,0,0,0,0,0,4761,115,0,0,0,0,0,24471851,0,72,0,16,115,4761,0,0,0,0,0,0,0,0,0,0,0,0,0,0,0,0,0,0,0,0,0,0,0,0,0,0,0,0,0,0,0,0,0,0,0,0,0,0,0,0,0,0,0,0,0,0,0,0,0,0,0,0,0,0,166105374,0,0,0,872171912,0,0,0,0,0,0,0,22585223,26473257,192375618,194997260800,19362884,0,0,0,0,0,0,0,0,0,0,0,0,0,0,0,0,0,0,0,0,0,0,0,0,0,0,0,0,0,0,0,68,0,0,0,0,0,0,0
1787687169.922,0,0,0,0,0,0,0,687473749,411128416768,688056747008,0,0,0,0,0,0,0,0,0,0,0,0,0,0,0,0,0,0,0,0,0,0,0,0,0,0,0,0,0,0,0,0,0,0,0,0,0,0,0,0,0,0,0,0,0,0,0,0,0,0,0,0,0,0,0,0,0,0,0,0,7,6217725,25114063,24528080,0,0,0,0,0,0,0,0,0,0,0,0,0,0,0,0,0,0,0,0,0,0,0,0,0,0,0,0,0,0,0,0,0,0,0,0,0,51400966144,14182268928,3137266,865617,24440549,8078,0,384,3145728,21994792,3111910,147,3153349304,51539607552,0,1074785953,0,0,0,0,0,0,0,0,0,0,0,0,0,0,0,0,0,0,8052826,407623584,0,468,1204,7863,623,16105815,35,0,0,0,0,0,0,0,1,0,0,0,0,0,0,0,0,0,0,21889563,0,24442126,211184,0,0,0,0,0,0,0,0,16384,0,0,0,0,0,0,0,0,0,0,0,4762,115,0,0,0,0,0,24474183,0,72,0,16,115,4762,0,0,0,0,0,0,0,0,0,0,0,0,0,0,0,0,0,0,0,0,0,0,0,0,0,0,0,0,0,0,0,0,0,0,0,0,0,0,0,0,0,0,0,0,0,0,0,0,0,0,0,0,0,0,166107674,0,0,0,872184854,0,0,0,0,0,0,0,22587232,26482259,192383323,195000680448,19364239,1,0,0,0,0,0,0,0,0,0,0,0,0,0,0,0,0,0,0,0,0,0,0,0,0,0,0,0,0,0,0,272,0,0,0,0,0,0,0
1787687170.995,0,0,0,0,0,0,0,687500873,411278985728,688118549504,0,0,0,0,0,0,0,0,0,0,0,0,0,0,0,0,0,0,0,0,0,0,0,0,0,0,0,0,0,0,0,0,0,0,0,0,0,0,0,0,0,0,0,0,0,0,0,0,0,0,0,0,0,0,0,0,0,0,0,0,7,6217775,25123258,24532009,0,0,0,0,0,0,0,0,0,0,0,0,0,0,0,0,0,0,0,0,0,0,0,0,0,0,0,0,0,0,0,0,0,0,0,0,0,51410108416,14167015424,3137824,864686,24446504,7520,0,384,3145728,22003987,3111910,147,3153485641,51539607552,0,1074806638,0,0,0,0,0,0,0,0,0,0,0,0,0,0,0,0,0,0,8053594,407624352,0,468,1204,7863,623,16107351,35,0,0,0,0,0,0,0,1,0,0,0,0,0,0,0,0,0,0,21890531,0,24446207,211228,0,0,0,0,0,0,0,0,16384,0,0,0,0,0,0,0,0,0,0,0,4763,115,0,0,0,0,0,24476516,0,72,0,16,115,4763,0,0,0,0,0,0,0,0,0,0,0,0,0,0,0,0,0,0,0,0,0,0,0,0,0,0,0,0,0,0,0,0,0,0,0,0,0,0,0,0,0,0,0,0,0,0,0,0,0,0,0,0,0,0,166109903,0,0,0,872197984,0,0,0,0,0,0,0,22589135,26491452,192389113,195003547648,19365572,0,0,0,0,0,0,0,0,0,0,0,0,0,0,0,0,0,0,0,0,0,0,0,0,0,0,0,0,0,0,0,189,0,0,0,0,0,0,0
1787687172.064,0,0,0,0,0,0,0,687528928,411430881792,688171799040,0,0,0,0,0,0,0,0,0,0,0,0,0,0,0,0,0,0,0,0,0,0,0,0,0,0,0,0,0,0,0,0,0,0,0,0,0,0,0,0,0,0,0,0,0,0,0,0,0,0,0,0,0,0,0,0,0,0,0,0,7,6217841,25132532,24534962,0,0,0,0,0,0,0,0,0,0,0,0,0,0,0,0,0,0,0,0,0,0,0,0,0,0,0,0,0,0,0,0,0,0,0,0,0,51420266496,14169882624,3138444,864861,24449457,6900,0,384,3145728,22013258,3111910,147,3153627301,51539607552,0,1074829289,0,0,0,0,0,0,0,0,0,0,0,0,0,0,0,0,0,0,8054373,407625131,0,468,1204,7863,623,16108909,35,0,0,0,0,0,0,0,1,0,0,0,0,0,0,0,0,0,0,21891509,0,24449160,211260,0,0,0,0,0,0,0,0,16384,0,0,0,0,0,0,0,0,0,0,0,4764,115,0,0,0,0,0,24478881,0,72,0,16,115,4764,0,0,0,0,0,0,0,0,0,0,0,0,0,0,0,0,0,0,0,0,0,0,0,0,0,0,0,0,0,0,0,0,0,0,0,0,0,0,0,0,0,0,0,0,0,0,0,0,0,0,0,0,0,0,166112215,0,0,0,872211597,0,0,0,0,0,0,0,22590974,26500719,192394409,195007149056,19366946,0,0,0,0,0,0,0,0,0,0,0,0,0,0,0,0,0,0,0,0,0,0,0,0,0,0,0,0,0,0,0,30,0,0,0,0,0,0,0
1787687173.134,0,0,0,0,0,0,0,687556900,411582827008,688226059776,0,0,0,0,0,0,0,0,0,0,0,0,0,0,0,0,0,0,0,0,0,0,0,0,0,0,0,0,0,0,0,0,0,0,0,0,0,0,0,0,0,0,0,0,0,0,0,0,0,0,0,0,0,0,0,0,0,0,0,0,7,6217886,25141806,24538002,0,0,0,0,0,0,0,0,0,0,0,0,0,0,0,0,0,0,0,0,0,0,0,0,0,0,0,0,0,0,0,0,0,0,0,0,0,51430391808,14171078656,3139062,864934,24452497,6282,0,384,3145728,22022532,3111910,147,3153767232,51539607552,0,1074850717,0,0,0,0,0,0,0,0,0,0,0,0,0,0,0,0,0,0,8055158,407625916,0,468,1204,7863,623,16110479,35,0,0,0,0,0,0,0,1,0,0,0,0,0,0,0,0,0,0,21892504,0,24452200,211293,0,0,0,0,0,0,0,0,16384,0,0,0,0,0,0,0,0,0,0,0,4765,115,0,0,0,0,0,24481281,0,72,0,16,115,4765,0,0,0,0,0,0,0,0,0,0,0,0,0,0,0,0,0,0,0,0,0,0,0,0,0,0,0,0,0,0,0,0,0,0,0,0,0,0,0,0,0,0,0,0,0,0,0,0,0,0,0,0,0,0,166114516,0,0,0,872224846,0,0,0,0,0,0,0,22592877,26509995,192399782,195010356736,19368363,0,0,0,0,0,0,0,0,0,0,0,0,0,0,0,0,0,0,0,0,0,0,0,0,0,0,0,0,0,0,0,228,0,0,0,0,0,0,0
1787687174.203,0,0,0,0,0,0,0,687585062,411736214016,688279687680,0,0,0,0,0,0,0,0,0,0,0,0,0,0,0,0,0,0,0,0,0,0,0,0,0,0,0,0,0,0,0,0,0,0,0,0,0,0,0,0,0,0,0,0,0,0,0,0,0,0,0,0,0,0,0,0,0,0,0,0,7,6217941,25151169,24541000,0,0,0,0,0,0,0,0,0,0,0,0,0,0,0,0,0,0,0,0,0,0,0,0,0,0,0,0,0,0,0,0,0,0,0,0,0,51441565696,14172635136,3139744,865029,24455495,5600,0,384,3145728,22031891,3111910,147,3153909156,51539607552,0,1074873055,0,0,0,0,0,0,0,0,0,0,0,0,0,0,0,0,0,0,8055944,407626702,0,468,1204,7863,623,16112052,35,0,0,0,0,0,0,0,1,0,0,0,0,0,0,0,0,0,0,21893495,0,24455198,211326,0,0,0,0,0,0,0,0,16384,0,0,0,0,0,0,0,0,0,0,0,4766,115,0,0,0,0,0,24483667,0,72,0,16,115,4766,0,0,0,0,0,0,0,0,0,0,0,0,0,0,0,0,0,0,0,0,0,0,0,0,0,0,0,0,0,0,0,0,0,0,0,0,0,0,0,0,0,0,0,0,0,0,0,0,0,0,0,0,0,0,166116854,0,0,0,872238390,0,0,0,0,0,0,0,22594785,26519354,192405148,195013817856,19369777,0,0,0,0,0,0,0,0,0,0,0,0,0,0,0,0,0,0,0,0,0,0,0,0,0,0,0,0,0,0,0,183,0,0,0,0,0,0,0
1787687175.271,0,0,0,0,0,0,0,687613013,411886963200,688333600768,0,0,0,0,0,0,0,0,0,0,0,0,0,0,0,0,0,0,0,0,0,0,0,0,0,0,0,0,0,0,0,0,0,0,0,0,0,0,0,0,0,0,0,0,0,0,0,0,0,0,0,0,0,0,0,0,0,0,0,0,7,6218005,25160373,24544015,0,0,0,0,0,0,0,0,0,0,0,0,0,0,0,0,0,0,0,0,0,0,0,0,0,0,0,0,0,0,0,0,0,0,0,0,0,51449544704,14173782016,3140231,865099,24458510,5113,0,384,3145728,22041093,3111910,147,3154049865,51539607552,0,1074894933,0,0,0,0,0,0,0,0,0,0,0,0,0,0,0,0,0,0,8056729,407627486,0,468,1204,7863,623,16113621,35,0,0,0,0,0,0,0,1,0,0,0,0,0,0,0,0,0,0,21894487,0,24458213,211359,0,0,0,0,0,0,0,0,16384,0,0,0,0,0,0,0,0,0,0,0,4767,115,0,0,0,0,0,24486045,0,72,0,16,115,4767,0,0,0,0,0,0,0,0,0,0,0,0,0,0,0,0,0,0,0,0,0,0,0,0,0,0,0,0,0,0,0,0,0,0,0,0,0,0,0,0,0,0,0,0,0,0,0,0,0,0,0,0,0,0,166119129,0,0,0,872251910,0,0,0,0,0,0,0,22596593,26528557,192410469,195017160704,19371145,0,0,0,0,0,0,0,0,0,0,0,0,0,0,0,0,0,0,0,0,0,0,0,0,0,0,0,0,0,0,0,111,0,0,0,0,0,0,0
1787687176.340,0,0,0,0,0,0,0,687640765,412039350784,688386086912,0,0,0,0,0,0,0,0,0,0,0,0,0,0,0,0,0,0,0,0,0,0,0,0,0,0,0,0,0,0,0,0,0,0,0,0,0,0,0,0,0,0,0,0,0,0,0,0,0,0,0,0,0,0,0,0,0,0,0,0,7,6218049,25169673,24546951,0,0,0,0,0,0,0,0,0,0,0,0,0,0,0,0,0,0,0,0,0,0,0,0,0,0,0,0,0,0,0,0,0,0,0,0,0,51461865472,14175600640,3140983,865210,24461446,4361,0,384,3145728,22050391,3111910,147,3154189469,51539607552,0,1074916220,0,0,0,0,0,0,0,0,0,0,0,0,0,0,0,0,0,0,8057510,407628268,0,468,1204,7863,623,16115183,35,0,0,0,0,0,0,0,1,0,0,0,0,0,0,0,0,0,0,21895475,0,24461149,211392,0,0,0,0,0,0,0,0,16384,0,0,0,0,0,0,0,0,0,0,0,4768,115,0,0,0,0,0,24488428,0,72,0,16,115,4768,0,0,0,0,0,0,0,0,0,0,0,0,0,0,0,0,0,0,0,0,0,0,0,0,0,0,0,0,0,0,0,0,0,0,0,0,0,0,0,0,0,0,0,0,0,0,0,0,0,0,0,0,0,0,166121428,0,0,0,872265384,0,0,0,0,0,0,0,22598452,26537856,192415735,195020335616,19372514,0,0,0,0,0,0,0,0,0,0,0,0,0,0,0,0,0,0,0,0,0,0,0,0,0,0,0,0,0,0,0,28,0,0,0,0,0,0,0
1787687177.409,0,0,0,0,0,0,0,687668671,412191918592,688438829568,0,0,0,0,0,0,0,0,0,0,0,0,0,0,0,0,0,0,0,0,0,0,0,0,0,0,0,0,0,0,0,0,0,0,0,0,0,0,0,0,0,0,0,0,0,0,0,0,0,0,0,0,0,0,0,0,0,0,0,0,7,6218099,25178986,24549905,0,0,0,0,0,0,0,0,0,0,0,0,0,0,0,0,0,0,0,0,0,0,0,0,0,0,0,0,0,0,0,0,0,0,0,0,0,51472007168,14177566720,3141602,865330,24464400,3742,0,384,3145728,22059702,3111910,147,3154328531,51539607552,0,1074937066,0,0,0,0,0,0,0,0,0,0,0,0,0,0,0,0,0,0,8058295,407629053,0,468,1204,7863,623,16116753,35,0,0,0,0,0,0,0,1,0,0,0,0,0,0,0,0,0,0,21896466,0,24464103,211424,0,0,0,0,0,0,0,0,16384,0,0,0,0,0,0,0,0,0,0,0,4769,115,0,0,0,0,0,24490819,0,72,0,16,115,4769,0,0,0,0,0,0,0,0,0,0,0,0,0,0,0,0,0,0,0,0,0,0,0,0,0,0,0,0,0,0,0,0,0,0,0,0,0,0,0,0,0,0,0,0,0,0,0,0,0,0,0,0,0,0,166123700,0,0,0,872278618,0,0,0,0,0,0,0,22600386,26547169,192420993,195023446016,19374005,0,0,0,0,0,0,0,0,0,0,0,0,0,0,0,0,0,0,0,0,0,0,0,0,0,0,0,0,0,0,0,234,0,0,0,0,0,0,0
1787687178.480,0,0,0,0,0,0,0,687696476,412344060416,688492844544,0,0,0,0,0,0,0,0,0,0,0,0,0,0,0,0,0,0,0,0,0,0,0,0,0,0,0,0,0,0,0,0,0,0,0,0,0,0,0,0,0,0,0,0,0,0,0,0,0,0,0,0,0,0,0,0,0,0,0,0,7,6218143,25188274,24552930,0,0,0,0,0,0,0,0,0,0,0,0,0,0,0,0,0,0,0,0,0,0,0,0,0,0,0,0,0,0,0,0,0,0,0,0,0,51481509888,14178713600,3142182,865400,24467425,3162,0,384,3145728,22068990,3111910,147,3154468710,51539607552,0,1074958938,0,0,0,0,0,0,0,0,0,0,0,0,0,0,0,0,0,0,8059075,407629833,0,468,1204,7863,623,16118313,35,0,0,0,0,0,0,0,1,0,0,0,0,0,0,0,0,0,0,21897449,0,24467128,211457,0,0,0,0,0,0,0,0,16384,0,0,0,0,0,0,0,0,0,0,0,4770,115,0,0,0,0,0,24493186,0,72,0,16,115,4770,0,0,0,0,0,0,0,0,0,0,0,0,0,0,0,0,0,0,0,0,0,0,0,0,0,0,0,0,0,0,0,0,0,0,0,0,0,0,0,0,0,0,0,0,0,0,0,0,0,0,0,0,0,0,166125941,0,0,0,872292037,0,0,0,0,0,0,0,22602249,26556456,192426290,195026692608,19375375,0,0,0,0,0,0,0,0,0,0,0,0,0,0,0,0,0,0,0,0,0,0,0,0,0,0,0,0,0,0,0,169,0,0,0,0,0,0,0
1787687179.550,0,0,0,0,0,0,0,687724691,412496562688,688546330624,0,0,0,0,0,0,0,0,0,0,0,0,0,0,0,0,0,0,0,0,0,0,0,0,0,0,0,0,0,0,0,0,0,0,0,0,0,0,0,0,0,0,0,0,0,0,0,0,0,0,0,0,0,0,0,0,0,0,0,0,7,6218201,25197584,24555919,0,0,0,0,0,0,0,0,0,0,0,0,0,0,0,0,0,0,0,0,0,0,0,0,0,0,0,0,0,0,0,0,0,0,0,0,0,51493289984,14180679680,3142901,865520,24470414,2443,0,384,3145728,22078300,3111910,147,3154610537,51539607552,0,1074980996,0,0,0,0,0,0,0,0,0,0,0,0,0,0,0,0,0,0,8059867,407630625,0,468,1204,7863,623,16119897,35,0,0,0,0,0,0,0,1,0,0,0,0,0,0,0,0,0,0,21898447,0,24470117,211489,0,0,0,0,0,0,0,0,16384,0,0,0,0,0,0,0,0,0,0,0,4771,115,0,0,0,0,0,24495603,0,72,0,16,115,4771,0,0,0,0,0,0,0,0,0,0,0,0,0,0,0,0,0,0,0,0,0,0,0,0,0,0,0,0,0,0,0,0,0,0,0,0,0,0,0,0,0,0,0,0,0,0,0,0,0,0,0,0,0,0,166128258,0,0,0,872305672,0,0,0,0,0,0,0,22604089,26565765,192431627,195029999104,19376783,0,0,0,0,0,0,0,0,0,0,0,0,0,0,0,0,0,0,0,0,0,0,0,0,0,0,0,0,0,0,0,97,0,0,0,0,0,0,0
1787687180.618,0,0,0,0,0,0,0,687752819,412651080192,688598481920,0,0,0,0,0,0,0,0,0,0,0,0,0,0,0,0,0,0,0,0,0,0,0,0,0,0,0,0,0,0,0,0,0,0,0,0,0,0,0,0,0,0,0,0,0,0,0,0,0,0,0,0,0,0,0,0,0,0,0,0,7,6218242,25207015,24558841,0,0,0,0,0,0,0,0,0,0,0,0,0,0,0,0,0,0,0,0,0,0,0,0,0,0,0,0,0,0,0,0,0,0,0,0,0,51503693824,14184448000,3143536,865750,24473336,1808,0,384,3145728,22087728,3111910,147,3154752087,51539607552,0,1075002932,0,0,0,0,0,0,0,0,0,0,0,0,0,0,0,0,0,0,8060657,407631415,0,468,1204,7863,623,16121477,35,0,0,0,0,0,0,0,1,0,0,0,0,0,0,0,0,0,0,21899445,0,24473039,211521,0,0,0,0,0,0,0,0,16384,0,0,0,0,0,0,0,0,0,0,0,4772,115,0,0,0,0,0,24498005,0,72,0,16,115,4772,0,0,0,0,0,0,0,0,0,0,0,0,0,0,0,0,0,0,0,0,0,0,0,0,0,0,0,0,0,0,0,0,0,0,0,0,0,0,0,0,0,0,0,0,0,0,0,0,0,0,0,0,0,0,166130522,0,0,0,872319286,0,0,0,0,0,0,0,22605912,26575194,192436846,195033033728,19378159,0,0,0,0,0,0,0,0,0,0,0,0,0,0,0,0,0,0,0,0,0,0,0,0,0,0,0,0,0,0,0,10,0,0,0,0,0,0,0
1787687181.687,0,0,0,0,0,0,0,687781049,412803926528,688651238912,0,0,0,0,0,0,0,0,0,0,0,0,0,0,0,0,0,0,0,0,0,0,0,0,0,0,0,0,0,0,0,0,0,0,0,0,0,0,0,0,0,0,0,0,0,0,0,0,0,0,0,0,0,0,0,0,0,0,0,0,7,6218289,25216348,24561806,0,0,0,0,0,0,0,0,0,0,0,0,0,0,0,0,0,0,0,0,0,0,0,0,0,0,0,0,0,0,0,0,0,0,0,0,0,51512819712,14186545152,3144093,865878,24476301,1251,0,384,3145728,22097060,3111910,147,3154893049,51539607552,0,1075024491,0,0,0,0,0,0,0,0,0,0,0,0,0,0,0,0,0,0,8061447,407632205,0,468,1204,7863,623,16123059,35,0,0,0,0,0,0,0,1,0,0,0,0,0,0,0,0,0,0,21900439,0,24476004,211553,0,0,0,0,0,0,0,0,16384,0,0,0,0,0,0,0,0,0,0,0,4773,115,0,0,0,0,0,24500404,0,72,0,16,115,4773,0,0,0,0,0,0,0,0,0,0,0,0,0,0,0,0,0,0,0,0,0,0,0,0,0,0,0,0,0,0,0,0,0,0,0,0,0,0,0,0,0,0,0,0,0,0,0,0,0,0,0,0,0,0,166132802,0,0,0,872332644,0,0,0,0,0,0,0,22607729,26584525,192442122,195036117504,19379560,0,0,0,0,0,0,0,0,0,0,0,0,0,0,0,0,0,0,0,0,0,0,0,0,0,0,0,0,0,0,0,197,0,0,0,0,0,0,0
1787687182.757,0,0,0,0,0,0,0,687809071,412957198848,688704503296,0,0,0,0,0,0,0,0,0,0,0,0,0,0,0,0,0,0,0,0,0,0,0,0,0,0,0,0,0,0,0,0,0,0,0,0,0,0,0,0,0,0,0,0,0,0,0,0,0,0,0,0,0,0,0,0,0,0,0,0,7,6218334,25225704,24564786,0,0,0,0,0,0,0,0,0,0,0,0,0,0,0,0,0,0,0,0,0,0,0,0,0,0,0,0,0,0,0,0,0,0,0,0,0,51523239936,14188036096,3144729,865969,24479281,615,0,384,3145728,22106413,3111910,147,3155034133,51539607552,0,1075046520,0,0,0,0,0,0,0,0,0,0,0,0,0,0,0,0,0,0,8062231,407632989,0,468,1204,7863,623,16124625,35,0,0,0,0,0,0,0,1,0,0,0,0,0,0,0,0,0,0,21901428,0,24478984,211586,0,0,0,0,0,0,0,0,16384,0,0,0,0,0,0,0,0,0,0,0,4774,115,0,0,0,0,0,24502790,0,72,0,16,115,4774,0,0,0,0,0,0,0,0,0,0,0,0,0,0,0,0,0,0,0,0,0,0,0,0,0,0,0,0,0,0,0,0,0,0,0,0,0,0,0,0,0,0,0,0,0,0,0,0,0,0,0,0,0,0,166135126,0,0,0,872346142,0,0,0,0,0,0,0,22609615,26593877,192447458,195039382016,19380992,0,0,0,0,0,0,0,0,0,0,0,0,0,0,0,0,0,0,0,0,0,0,0,0,0,0,0,0,0,0,0,130,0,0,0,0,0,0,0
1787687183.826,0,0,0,0,0,0,0,687837130,413110667776,688758026752,0,0,0,0,0,0,0,0,0,0,0,0,0,0,0,0,0,0,0,0,0,0,0,0,0,0,0,0,0,0,0,0,0,0,0,0,0,0,0,0,0,0,0,0,0,0,0,0,0,0,0,0,0,0,0,0,0,0,0,0,7,6218390,25235075,24567779,0,0,0,0,0,0,0,0,0,0,0,0,0,0,0,0,0,0,0,0,0,0,0,0,0,0,0,0,0,0,0,0,0,0,0,0,0,51531792384,14189625344,3145251,866066,24482274,93,0,384,3145728,22115785,3111910,147,3155175454,51539607552,0,1075068387,0,0,0,0,0,0,0,0,0,0,0,0,0,0,0,0,0,0,8063020,407633778,0,468,1204,7863,623,16126203,35,0,0,0,0,0,0,0,1,0,0,0,0,0,0,0,0,0,0,21902426,0,24481977,211619,0,0,0,0,0,0,0,0,16384,0,0,0,0,0,0,0,0,0,0,0,4775,115,0,0,0,0,0,24505187,0,72,0,16,115,4775,0,0,0,0,0,0,0,0,0,0,0,0,0,0,0,0,0,0,0,0,0,0,0,0,0,0,0,0,0,0,0,0,0,0,0,0,0,0,0,0,0,0,0,0,0,0,0,0,0,0,0,0,0,0,166137448,0,0,0,872359744,0,0,0,0,0,0,0,22611498,26603246,192452803,195042756096,19382415,0,0,0,0,0,0,0,0,0,0,0,0,0,0,0,0,0,0,0,0,0,0,0,0,0,0,0,0,0,0,0,51,0,0,0,0,0,0,0
1787687184.899,0,0,0,0,0,0,0,687864924,413261220352,688825438208,0,0,0,0,0,0,0,0,0,0,0,0,0,0,0,0,0,0,0,0,0,0,0,0,0,0,0,0,0,0,0,0,0,0,0,0,0,0,0,0,0,0,0,0,0,0,0,0,0,0,0,0,0,0,0,0,0,0,0,0,7,6218444,25244267,24570996,0,0,0,0,0,0,0,0,0,0,0,0,0,0,0,0,0,0,0,0,0,0,0,0,0,0,0,0,0,0,0,0,0,0,0,0,0,51409944576,14187708416,3137814,865949,24485223,7531,0,384,3145728,22124976,3111910,147,3155314414,51539607552,0,1075089726,0,0,0,0,0,0,0,0,0,0,0,0,0,0,0,0,0,0,8063799,407634557,0,468,1204,7863,623,16127761,35,0,0,0,0,0,0,0,1,0,0,0,0,0,0,0,0,0,0,21903408,0,24485020,211659,0,0,0,0,0,0,0,0,16384,0,0,0,0,0,0,0,0,0,0,0,4777,115,0,0,0,0,0,24507555,0,72,0,16,115,4777,0,0,0,0,0,0,0,0,0,0,0,0,0,0,0,0,0,0,0,0,0,0,0,0,0,0,0,0,0,0,0,0,0,0,0,0,0,0,0,0,0,0,0,0,0,0,0,0,0,0,0,0,0,0,166139735,0,0,0,872372890,0,0,0,0,0,0,0,22613335,26612435,192458981,195046057472,19383799,1,0,0,0,0,0,0,0,0,0,0,0,0,0,0,0,0,0,0,0,0,0,0,0,0,0,0,0,0,0,0,259,0,0,0,0,0,0,0
1787687185.968,0,0,0,0,0,0,0,687892268,413409839616,688911395328,0,0,0,0,0,0,0,0,0,0,0,0,0,0,0,0,0,0,0,0,0,0,0,0,0,0,0,0,0,0,0,0,0,0,0,0,0,0,0,0,0,0,0,0,0,0,0,0,0,0,0,0,0,0,0,0,0,0,0,0,7,6218489,25253338,24576620,0,0,0,0,0,0,0,0,0,0,0,0,0,0,0,0,0,0,0,0,0,0,0,0,0,0,0,0,0,0,0,0,0,0,0,0,0,51406405632,14145519616,3137598,863374,24491115,7746,0,384,3145728,22134044,3111910,147,3155452051,51539607552,0,1075111326,0,0,0,0,0,0,0,0,0,0,0,0,0,0,0,0,0,0,8064562,407635320,0,468,1204,7863,623,16129289,35,0,0,0,0,0,0,0,1,0,0,0,0,0,0,0,0,0,0,21904373,0,24490818,211715,0,0,0,0,0,0,0,0,16384,0,0,0,0,0,0,0,0,0,0,0,4778,115,0,0,0,0,0,24509875,0,72,0,16,115,4778,0,0,0,0,0,0,0,0,0,0,0,0,0,0,0,0,0,0,0,0,0,0,0,0,0,0,0,0,0,0,0,0,0,0,0,0,0,0,0,0,0,0,0,0,0,0,0,0,0,0,0,0,0,0,166141968,0,0,0,872386094,0,0,0,0,0,0,0,22615603,26621508,192466258,195049127424,19385189,0,0,0,0,0,0,0,0,0,0,0,0,0,0,0,0,0,0,0,0,0,0,0,0,0,0,0,0,0,0,0,137,0,0,0,0,0,0,0
1787687187.036,0,0,0,0,0,0,0,687920349,413563849216,688964560384,0,0,0,0,0,0,0,0,0,0,0,0,0,0,0,0,0,0,0,0,0,0,0,0,0,0,0,0,0,0,0,0,0,0,0,0,0,0,0,0,0,0,0,0,0,0,0,0,0,0,0,0,0,0,0,0,0,0,0,0,7,6218539,25262737,24579602,0,0,0,0,0,0,0,0,0,0,0,0,0,0,0,0,0,0,0,0,0,0,0,0,0,0,0,0,0,0,0,0,0,0,0,0,0,51416530944,14148878336,3138216,863579,24494097,7128,0,384,3145728,22143442,3111910,147,3155593711,51539607552,0,1075133477,0,0,0,0,0,0,0,0,0,0,0,0,0,0,0,0,0,0,8065349,407636107,0,468,1204,7863,623,16130861,35,0,0,0,0,0,0,0,1,0,0,0,0,0,0,0,0,0,0,21905363,0,24493800,211747,0,0,0,0,0,0,0,0,16384,0,0,0,0,0,0,0,0,0,0,0,4779,115,0,0,0,0,0,24512264,0,72,0,16,115,4779,0,0,0,0,0,0,0,0,0,0,0,0,0,0,0,0,0,0,0,0,0,0,0,0,0,0,0,0,0,0,0,0,0,0,0,0,0,0,0,0,0,0,0,0,0,0,0,0,0,0,0,0,0,0,166144289,0,0,0,872399638,0,0,0,0,0,0,0,22617587,26630906,192471593,195052297216,19386745,0,0,0,0,0,0,0,0,0,0,0,0,0,0,0,0,0,0,0,0,0,0,0,0,0,0,0,0,0,0,0,72,0,0,0,0,0,0,0
1787687188.105,0,0,0,0,0,0,0,687948569,413718268416,689017467904,0,0,0,0,0,0,0,0,0,0,0,0,0,0,0,0,0,0,0,0,0,0,0,0,0,0,0,0,0,0,0,0,0,0,0,0,0,0,0,0,0,0,0,0,0,0,0,0,0,0,0,0,0,0,0,0,0,0,0,0,7,6218596,25272165,24582550,0,0,0,0,0,0,0,0,0,0,0,0,0,0,0,0,0,0,0,0,0,0,0,0,0,0,0,0,0,0,0,0,0,0,0,0,0,51426181120,14151647232,3138805,863748,24497045,6539,0,384,3145728,22152870,3111910,147,3155734875,51539607552,0,1075155118,0,0,0,0,0,0,0,0,0,0,0,0,0,0,0,0,0,0,8066139,407636897,0,468,1204,7863,623,16132441,35,0,0,0,0,0,0,0,1,0,0,0,0,0,0,0,0,0,0,21906352,0,24496748,211780,0,0,0,0,0,0,0,0,16384,0,0,0,0,0,0,0,0,0,0,0,4780,115,0,0,0,0,0,24514667,0,72,0,16,115,4780,0,0,0,0,0,0,0,0,0,0,0,0,0,0,0,0,0,0,0,0,0,0,0,0,0,0,0,0,0,0,0,0,0,0,0,0,0,0,0,0,0,0,0,0,0,0,0,0,0,0,0,0,0,0,166146623,0,0,0,872412964,0,0,0,0,0,0,0,22619457,26640334,192476907,195055749120,19388143,0,0,0,0,0,0,0,0,0,0,0,0,0,0,0,0,0,0,0,0,0,0,0,0,0,0,0,0,0,0,0,286,0,0,0,0,0,0,0
1787687189.176,0,0,0,0,0,0,0,687976506,413871704576,689070717440,0,0,0,0,0,0,0,0,0,0,0,0,0,0,0,0,0,0,0,0,0,0,0,0,0,0,0,0,0,0,0,0,0,0,0,0,0,0,0,0,0,0,0,0,0,0,0,0,0,0,0,0,0,0,0,0,0,0,0,0,7,6218648,25281532,24585517,0,0,0,0,0,0,0,0,0,0,0,0,0,0,0,0,0,0,0,0,0,0,0,0,0,0,0,0,0,0,0,0,0,0,0,0,0,51436781568,14153678848,3139452,863872,24500012,5891,0,384,3145728,22162236,3111910,147,3155875919,51539607552,0,1075177375,0,0,0,0,0,0,0,0,0,0,0,0,0,0,0,0,0,0,8066922,407637679,0,468,1204,7863,623,16134007,35,0,0,0,0,0,0,0,1,0,0,0,0,0,0,0,0,0,0,21907343,0,24499715,211813,0,0,0,0,0,0,0,0,16384,0,0,0,0,0,0,0,0,0,0,0,4781,115,0,0,0,0,0,24517039,0,72,0,16,115,4781,0,0,0,0,0,0,0,0,0,0,0,0,0,0,0,0,0,0,0,0,0,0,0,0,0,0,0,0,0,0,0,0,0,0,0,0,0,0,0,0,0,0,0,0,0,0,0,0,0,0,0,0,0,0,166148889,0,0,0,872426516,0,0,0,0,0,0,0,22621268,26649697,192482172,195059255808,19389516,0,0,0,0,0,0,0,0,0,0,0,0,0,0,0,0,0,0,0,0,0,0,0,0,0,0,0,0,0,0,0,165,0,0,0,0,0,0,0
1787687190.246,0,0,0,0,0,0,0,688004156,414025091584,689122227200,0,0,0,0,0,0,0,0,0,0,0,0,0,0,0,0,0,0,0,0,0,0,0,0,0,0,0,0,0,0,0,0,0,0,0,0,0,0,0,0,0,0,0,0,0,0,0,0,0,0,0,0,0,0,0,0,0,0,0,0,7,6218692,25290894,24588405,0,0,0,0,0,0,0,0,0,0,0,0,0,0,0,0,0,0,0,0,0,0,0,0,0,0,0,0,0,0,0,0,0,0,0,0,0,51447250944,14156644352,3140091,864053,24502900,5253,0,384,3145728,22171597,3111910,147,3156015399,51539607552,0,1075198981,0,0,0,0,0,0,0,0,0,0,0,0,0,0,0,0,0,0,8067698,407638456,0,468,1204,7863,623,16135559,35,0,0,0,0,0,0,0,1,0,0,0,0,0,0,0,0,0,0,21908325,0,24502603,211838,0,0,0,0,0,0,0,0,16384,0,0,0,0,0,0,0,0,0,0,0,4782,115,0,0,0,0,0,24519406,0,72,0,16,115,4782,0,0,0,0,0,0,0,0,0,0,0,0,0,0,0,0,0,0,0,0,0,0,0,0,0,0,0,0,0,0,0,0,0,0,0,0,0,0,0,0,0,0,0,0,0,0,0,0,0,0,0,0,0,0,166151072,0,0,0,872439879,0,0,0,0,0,0,0,22623060,26659060,192487268,195062300160,19390855,0,0,0,0,0,0,0,0,0,0,0,0,0,0,0,0,0,0,0,0,0,0,0,0,0,0,0,0,0,0,0,86,0,0,0,0,0,0,0
1787687191.316,0,0,0,0,0,0,0,688032311,414177233408,689175588864,0,0,0,0,0,0,0,0,0,0,0,0,0,0,0,0,0,0,0,0,0,0,0,0,0,0,0,0,0,0,0,0,0,0,0,0,0,0,0,0,0,0,0,0,0,0,0,0,0,0,0,0,0,0,0,0,0,0,0,0,7,6218749,25300184,24591381,0,0,0,0,0,0,0,0,0,0,0,0,0,0,0,0,0,0,0,0,0,0,0,0,0,0,0,0,0,0,0,0,0,0,0,0,0,51457277952,14159085568,3140703,864202,24505876,4641,0,385,3145728,22180882,3111910,147,3156156107,51539607552,0,1075220696,0,0,0,0,0,0,0,0,0,0,0,0,0,0,0,0,0,0,8068486,407639244,0,468,1204,7863,623,16137135,35,0,0,0,0,0,0,0,1,0,0,0,0,0,0,0,0,0,0,21909311,0,24505579,211870,0,0,0,0,0,0,0,0,16384,0,0,0,0,0,0,0,0,0,0,0,4783,115,0,0,0,0,0,24521800,0,72,0,16,115,4783,0,0,0,0,0,0,0,0,0,0,0,0,0,0,0,0,0,0,0,0,0,0,0,0,0,0,0,0,0,0,0,0,0,0,0,0,0,0,0,0,0,0,0,0,0,0,0,0,0,0,0,0,0,0,166153344,0,0,0,872453195,0,0,0,0,0,0,0,22624830,26668346,192492547,195065741312,19392217,0,0,0,0,0,0,0,0,0,0,0,0,0,0,0,0,0,0,0,0,0,0,0,0,0,0,0,0,0,0,0,293,0,0,0,0,0,0,0
1787687192.386,0,0,0,0,0,0,0,688060385,414330407424,689228459520,0,0,0,0,0,0,0,0,0,0,0,0,0,0,0,0,0,0,0,0,0,0,0,0,0,0,0,0,0,0,0,0,0,0,0,0,0,0,0,0,0,0,0,0,0,0,0,0,0,0,0,0,0,0,0,0,0,0,0,0,7,6218805,25309532,24594346,0,0,0,0,0,0,0,0,0,0,0,0,0,0,0,0,0,0,0,0,0,0,0,0,0,0,0,0,0,0,0,0,0,0,0,0,0,51467616256,14161821696,3141334,864369,24508841,4010,0,384,3145728,22190232,3111910,147,3156297367,51539607552,0,1075242524,0,0,0,0,0,0,0,0,0,0,0,0,0,0,0,0,0,0,8069273,407640031,0,468,1204,7863,623,16138711,35,0,0,0,0,0,0,0,1,0,0,0,0,0,0,0,0,0,0,21910307,0,24508544,211903,0,0,0,0,0,0,0,0,16384,0,0,0,0,0,0,0,0,0,0,0,4784,115,0,0,0,0,0,24524191,0,72,0,16,115,4784,0,0,0,0,0,0,0,0,0,0,0,0,0,0,0,0,0,0,0,0,0,0,0,0,0,0,0,0,0,0,0,0,0,0,0,0,0,0,0,0,0,0,0,0,0,0,0,0,0,0,0,0,0,0,166155672,0,0,0,872466813,0,0,0,0,0,0,0,22626668,26677695,192497873,195068944384,19393602,0,0,0,0,0,0,0,0,0,0,0,0,0,0,0,0,0,0,0,0,0,0,0,0,0,0,0,0,0,0,0,173,0,0,0,0,0,0,0
1787687193.457,0,0,0,0,0,0,0,688088587,414484122112,689281238528,0,0,0,0,0,0,0,0,0,0,0,0,0,0,0,0,0,0,0,0,0,0,0,0,0,0,0,0,0,0,0,0,0,0,0,0,0,0,0,0,0,0,0,0,0,0,0,0,0,0,0,0,0,0,0,0,0,0,0,0,7,6218868,25318918,24597296,0,0,0,0,0,0,0,0,0,0,0,0,0,0,0,0,0,0,0,0,0,0,0,0,0,0,0,0,0,0,0,0,0,0,0,0,0,51478986752,14165213184,3142028,864576,24511791,3316,0,384,3145728,22199616,3111910,147,3156439602,51539607552,0,1075264689,0,0,0,0,0,0,0,0,0,0,0,0,0,0,0,0,0,0,8070064,407640822,0,468,1204,7863,623,16140293,35,0,0,0,0,0,0,0,1,0,0,0,0,0,0,0,0,0,0,21911302,0,24511494,211935,0,0,0,0,0,0,0,0,16384,0,0,0,0,0,0,0,0,0,0,0,4785,115,0,0,0,0,0,24526594,0,72,0,16,115,4785,0,0,0,0,0,0,0,0,0,0,0,0,0,0,0,0,0,0,0,0,0,0,0,0,0,0,0,0,0,0,0,0,0,0,0,0,0,0,0,0,0,0,0,0,0,0,0,0,0,0,0,0,0,0,166158002,0,0,0,872480458,0,0,0,0,0,0,0,22628503,26687078,192503182,195072240128,19394992,0,0,0,0,0,0,0,0,0,0,0,0,0,0,0,0,0,0,0,0,0,0,0,0,0,0,0,0,0,0,0,81,0,0,0,0,0,0,0
1787687194.526,0,0,0,0,0,0,0,688115501,414629038592,689335154688,0,0,0,0,0,0,0,0,0,0,0,0,0,0,0,0,0,0,0,0,0,0,0,0,0,0,0,0,0,0,0,0,0,0,0,0,0,0,0,0,0,0,0,0,0,0,0,0,0,0,0,0,0,0,0,0,0,0,0,0,7,6218920,25327764,24600313,0,0,0,0,0,0,0,0,0,0,0,0,0,0,0,0,0,0,0,0,0,0,0,0,0,0,0,0,0,0,0,0,0,0,0,0,0,51480543232,14164918272,3142123,864558,24514808,3221,0,384,3145728,22208461,3111910,147,3156574352,51539607552,0,1075285561,0,0,0,0,0,0,0,0,0,0,0,0,0,0,0,0,0,0,8070818,407641576,0,468,1204,7863,623,16141799,35,0,0,0,0,0,0,0,1,0,0,0,0,0,0,0,0,0,0,21912231,0,24514511,211968,0,0,0,0,0,0,0,0,16384,0,0,0,0,0,0,0,0,0,0,0,4786,115,0,0,0,0,0,24528891,0,72,0,16,115,4786,0,0,0,0,0,0,0,0,0,0,0,0,0,0,0,0,0,0,0,0,0,0,0,0,0,0,0,0,0,0,0,0,0,0,0,0,0,0,0,0,0,0,0,0,0,0,0,0,0,0,0,0,0,0,166160247,0,0,0,872493198,0,0,0,0,0,0,0,22630224,26695921,192508474,195075664896,19396339,0,0,0,0,0,0,0,0,0,0,0,0,0,0,0,0,0,0,0,0,0,0,0,0,0,0,0,0,0,0,0,282,0,0,0,0,0,0,0
1787687195.597,0,0,0,0,0,0,0,688143172,414780230144,689388150272,0,0,0,0,0,0,0,0,0,0,0,0,0,0,0,0,0,0,0,0,0,0,0,0,0,0,0,0,0,0,0,0,0,0,0,0,0,0,0,0,0,0,0,0,0,0,0,0,0,0,0,0,0,0,0,0,0,0,0,0,7,6218979,25336993,24603265,0,0,0,0,0,0,0,0,0,0,0,0,0,0,0,0,0,0,0,0,0,0,0,0,0,0,0,0,0,0,0,0,0,0,0,0,0,51496714240,14166933504,3143110,864681,24517760,2234,0,384,3145728,22217689,3111910,147,3156714143,51539607552,0,1075307581,0,0,0,0,0,0,0,0,0,0,0,0,0,0,0,0,0,0,8071592,407642350,0,468,1204,7863,623,16143349,35,0,0,0,0,0,0,0,1,0,0,0,0,0,0,0,0,0,0,21913210,0,24517463,212000,0,0,0,0,0,0,0,0,16384,0,0,0,0,0,0,0,0,0,0,0,4787,115,0,0,0,0,0,24531238,0,72,0,16,115,4787,0,0,0,0,0,0,0,0,0,0,0,0,0,0,0,0,0,0,0,0,0,0,0,0,0,0,0,0,0,0,0,0,0,0,0,0,0,0,0,0,0,0,0,0,0,0,0,0,0,0,0,0,0,0,166162520,0,0,0,872506660,0,0,0,0,0,0,0,22632058,26705143,192513729,195079172608,19397754,0,0,0,0,0,0,0,0,0,0,0,0,0,0,0,0,0,0,0,0,0,0,0,0,0,0,0,0,0,0,0,119,0,0,0,0,0,0,0
1787687196.668,0,0,0,0,0,0,0,688171231,414932765184,689440747008,0,0,0,0,0,0,0,0,0,0,0,0,0,0,0,0,0,0,0,0,0,0,0,0,0,0,0,0,0,0,0,0,0,0,0,0,0,0,0,0,0,0,0,0,0,0,0,0,0,0,0,0,0,0,0,0,0,0,0,0,7,6219033,25346309,24606205,0,0,0,0,0,0,0,0,0,0,0,0,0,0,0,0,0,0,0,0,0,0,0,0,0,0,0,0,0,0,0,0,0,0,0,0,0,51509739520,14169702400,3143905,864850,24520700,1439,0,384,3145728,22227002,3111910,147,3156855463,51539607552,0,1075329673,0,0,0,0,0,0,0,0,0,0,0,0,0,0,0,0,0,0,8072379,407643137,0,468,1204,7863,623,16144922,35,0,0,0,0,0,0,0,1,0,0,0,0,0,0,0,0,0,0,21914204,0,24520403,212032,0,0,0,0,0,0,0,0,16384,0,0,0,0,0,0,0,0,0,0,0,4788,115,0,0,0,0,0,24533632,0,72,0,16,115,4788,0,0,0,0,0,0,0,0,0,0,0,0,0,0,0,0,0,0,0,0,0,0,0,0,0,0,0,0,0,0,0,0,0,0,0,0,0,0,0,0,0,0,0,0,0,0,0,0,0,0,0,0,0,0,166164872,0,0,0,872520224,0,0,0,0,0,0,0,22633939,26714458,192519051,195082460160,19399260,0,0,0,0,0,0,0,0,0,0,0,0,0,0,0,0,0,0,0,0,0,0,0,0,0,0,0,0,0,0,0,38,0,0,0,0,0,0,0
1787687197.738,0,0,0,0,0,0,0,688199327,415085513216,689494582272,0,0,0,0,0,0,0,0,0,0,0,0,0,0,0,0,0,0,0,0,0,0,0,0,0,0,0,0,0,0,0,0,0,0,0,0,0,0,0,0,0,0,0,0,0,0,0,0,0,0,0,0,0,0,0,0,0,0,0,0,7,6219094,25355635,24609206,0,0,0,0,0,0,0,0,0,0,0,0,0,0,0,0,0,0,0,0,0,0,0,0,0,0,0,0,0,0,0,0,0,0,0,0,0,51520094208,14171652096,3144537,864969,24523701,807,0,384,3145728,22236327,3111910,147,3156996128,51539607552,0,1075351172,0,0,0,0,0,0,0,0,0,0,0,0,0,0,0,0,0,0,8073167,407643925,0,468,1204,7863,623,16146497,35,0,0,0,0,0,0,0,1,0,0,0,0,0,0,0,0,0,0,21915200,0,24523404,212064,0,0,0,0,0,0,0,0,16384,0,0,0,0,0,0,0,0,0,0,0,4789,115,0,0,0,0,0,24536021,0,72,0,16,115,4789,0,0,0,0,0,0,0,0,0,0,0,0,0,0,0,0,0,0,0,0,0,0,0,0,0,0,0,0,0,0,0,0,0,0,0,0,0,0,0,0,0,0,0,0,0,0,0,0,0,0,0,0,0,0,166167191,0,0,0,872533510,0,0,0,0,0,0,0,22635841,26723781,192524401,195085906432,19400723,0,0,0,0,0,0,0,0,0,0,0,0,0,0,0,0,0,0,0,0,0,0,0,0,0,0,0,0,0,0,0,267,0,0,0,0,0,0,0
1787687198.815,0,0,0,0,0,0,0,688226952,415238244864,689548277248,0,0,0,0,0,0,0,0,0,0,0,0,0,0,0,0,0,0,0,0,0,0,0,0,0,0,0,0,0,0,0,0,0,0,0,0,0,0,0,0,0,0,0,0,0,0,0,0,0,0,0,0,0,0,0,0,0,0,0,0,7,6219151,25364957,24612209,0,0,0,0,0,0,0,0,0,0,0,0,0,0,0,0,0,0,0,0,0,0,0,0,0,0,0,0,0,0,0,0,0,0,0,0,0,51530170368,14172962816,3145152,865049,24526704,191,0,385,3145728,22245650,3111910,147,3157135633,51539607552,0,1075373115,0,0,0,0,0,0,0,0,0,0,0,0,0,0,0,0,0,0,8073940,407644698,0,468,1204,7863,623,16148043,35,0,0,0,0,0,0,0,1,0,0,0,0,0,0,0,0,0,0,21916177,0,24526407,212096,0,0,0,0,0,0,0,0,16384,0,0,0,0,0,0,0,0,0,0,0,4790,115,0,0,0,0,0,24538371,0,72,0,16,115,4790,0,0,0,0,0,0,0,0,0,0,0,0,0,0,0,0,0,0,0,0,0,0,0,0,0,0,0,0,0,0,0,0,0,0,0,0,0,0,0,0,0,0,0,0,0,0,0,0,0,0,0,0,0,0,166169445,0,0,0,872546844,0,0,0,0,0,0,0,22637764,26733101,192529688,195089288192,19402182,0,0,0,0,0,0,0,0,0,0,0,0,0,0,0,0,0,0,0,0,0,0,0,0,0,0,0,0,0,0,0,184,0,0,0,0,0,0,0
1787687199.884,0,0,0,0,0,0,0,688254371,415387306496,689602168320,0,0,0,0,0,0,0,0,0,0,0,0,0,0,0,0,0,0,0,0,0,0,0,0,0,0,0,0,0,0,0,0,0,0,0,0,0,0,0,0,0,0,0,0,0,0,0,0,0,0,0,0,0,0,0,0,0,0,0,0,7,6219202,25374060,24615227,0,0,0,0,0,0,0,0,0,0,0,0,0,0,0,0,0,0,0,0,0,0,0,0,0,0,0,0,0,0,0,0,0,0,0,0,0,51533135872,14172782592,3145333,865038,24529722,11,0,384,3145728,22254752,3111910,147,3157274115,51539607552,0,1075394848,0,0,0,0,0,0,0,0,0,0,0,0,0,0,0,0,0,0,8074709,407645467,0,468,1204,7863,623,16149581,35,0,0,0,0,0,0,0,1,0,0,0,0,0,0,0,0,0,0,21917138,0,24529425,212128,0,0,0,0,0,0,0,0,16384,0,0,0,0,0,0,0,0,0,0,0,4792,115,0,0,0,0,0,24540707,0,72,0,16,115,4792,0,0,0,0,0,0,0,0,0,0,0,0,0,0,0,0,0,0,0,0,0,0,0,0,0,0,0,0,0,0,0,0,0,0,0,0,0,0,0,0,0,0,0,0,0,0,0,0,0,0,0,0,0,0,166171764,0,0,0,872560197,0,0,0,0,0,0,0,22639492,26742202,192535057,195092598784,19403549,0,0,0,0,0,0,0,0,0,0,0,0,0,0,0,0,0,0,0,0,0,0,0,0,0,0,0,0,0,0,0,17,0,0,0,0,0,0,0
1787687200.953,0,0,0,0,0,0,0,688280774,415529945600,689705467392,0,0,0,0,0,0,0,0,0,0,0,0,0,0,0,0,0,0,0,0,0,0,0,0,0,0,0,0,0,0,0,0,0,0,0,0,0,0,0,0,0,0,0,0,0,0,0,0,0,0,0,0,0,0,0,0,0,0,0,0,7,6219251,25382767,24621281,0,0,0,0,0,0,0,0,0,0,0,0,0,0,0,0,0,0,0,0,0,0,0,0,0,0,0,0,0,0,0,0,0,0,0,0,0,51402063872,14120714240,3137333,861860,24535776,8011,0,384,3145728,22263459,3111910,147,3157406115,51539607552,0,1075414836,0,0,0,0,0,0,0,0,0,0,0,0,0,0,0,0,0,0,8075449,407646207,0,468,1204,7863,623,16151062,35,0,0,0,0,0,0,0,1,0,0,0,0,0,0,0,0,0,0,21918077,0,24535479,212194,0,0,0,0,0,0,0,0,16384,0,0,0,0,0,0,0,0,0,0,0,4793,115,0,0,0,0,0,24542949,0,72,0,16,115,4793,0,0,0,0,0,0,0,0,0,0,0,0,0,0,0,0,0,0,0,0,0,0,0,0,0,0,0,0,0,0,0,0,0,0,0,0,0,0,0,0,0,0,0,0,0,0,0,0,0,0,0,0,0,0,166173928,0,0,0,872572711,0,0,0,0,0,0,0,22641713,26750906,192543339,195095623680,19404831,0,0,0,0,0,0,0,0,0,0,0,0,0,0,0,0,0,0,0,0,0,0,0,0,0,0,0,0,0,0,0,194,0,0,0,0,0,0,0
1787687202.024,0,0,0,0,0,0,0,688308500,415680891392,689759686144,0,0,0,0,0,0,0,0,0,0,0,0,0,0,0,0,0,0,0,0,0,0,0,0,0,0,0,0,0,0,0,0,0,0,0,0,0,0,0,0,0,0,0,0,0,0,0,0,0,0,0,0,0,0,0,0,0,0,0,0,7,6219298,25391979,24624327,0,0,0,0,0,0,0,0,0,0,0,0,0,0,0,0,0,0,0,0,0,0,0,0,0,0,0,0,0,0,0,0,0,0,0,0,0,51413041152,14121205760,3138003,861890,24538822,7341,0,384,3145728,22272672,3111910,147,3157545596,51539607552,0,1075436394,0,0,0,0,0,0,0,0,0,0,0,0,0,0,0,0,0,0,8076229,407646987,0,468,1204,7863,623,16152622,35,0,0,0,0,0,0,0,1,0,0,0,0,0,0,0,0,0,0,21919059,0,24538525,212227,0,0,0,0,0,0,0,0,16384,0,0,0,0,0,0,0,0,0,0,0,4794,115,0,0,0,0,0,24545319,0,72,0,16,115,4794,0,0,0,0,0,0,0,0,0,0,0,0,0,0,0,0,0,0,0,0,0,0,0,0,0,0,0,0,0,0,0,0,0,0,0,0,0,0,0,0,0,0,0,0,0,0,0,0,0,0,0,0,0,0,166176223,0,0,0,872586161,0,0,0,0,0,0,0,22643603,26760121,192548714,195098886144,19406299,0,0,0,0,0,0,0,0,0,0,0,0,0,0,0,0,0,0,0,0,0,0,0,0,0,0,0,0,0,0,0,112,0,0,0,0,0,0,0
1787687203.094,0,0,0,0,0,0,0,688336012,415831509504,689812921856,0,0,0,0,0,0,0,0,0,0,0,0,0,0,0,0,0,0,0,0,0,0,0,0,0,0,0,0,0,0,0,0,0,0,0,0,0,0,0,0,0,0,0,0,0,0,0,0,0,0,0,0,0,0,0,0,0,0,0,0,7,6219338,25401175,24627307,0,0,0,0,0,0,0,0,0,0,0,0,0,0,0,0,0,0,0,0,0,0,0,0,0,0,0,0,0,0,0,0,0,0,0,0,0,51422199808,14121533440,3138562,861910,24541802,6782,0,384,3145728,22281864,3111910,147,3157684131,51539607552,0,1075457814,0,0,0,0,0,0,0,0,0,0,0,0,0,0,0,0,0,0,8077003,407647760,0,468,1204,7863,623,16154169,35,0,0,0,0,0,0,0,1,0,0,0,0,0,0,0,0,0,0,21920035,0,24541505,212259,0,0,0,0,0,0,0,0,16384,0,0,0,0,0,0,0,0,0,0,0,4795,115,0,0,0,0,0,24547670,0,72,0,16,115,4795,0,0,0,0,0,0,0,0,0,0,0,0,0,0,0,0,0,0,0,0,0,0,0,0,0,0,0,0,0,0,0,0,0,0,0,0,0,0,0,0,0,0,0,0,0,0,0,0,0,0,0,0,0,0,166178471,0,0,0,872599490,0,0,0,0,0,0,0,22645433,26769317,192553974,195102156288,19407677,0,0,0,0,0,0,0,0,0,0,0,0,0,0,0,0,0,0,0,0,0,0,0,0,0,0,0,0,0,0,0,32,0,0,0,0,0,0,0
1787687204.164,0,0,0,0,0,0,0,688363566,415982766592,689865820160,0,0,0,0,0,0,0,0,0,0,0,0,0,0,0,0,0,0,0,0,0,0,0,0,0,0,0,0,0,0,0,0,0,0,0,0,0,0,0,0,0,0,0,0,0,0,0,0,0,0,0,0,0,0,0,0,0,0,0,0,7,6219393,25410412,24630278,0,0,0,0,0,0,0,0,0,0,0,0,0,0,0,0,0,0,0,0,0,0,0,0,0,0,0,0,0,0,0,0,0,0,0,0,0,51433930752,14123204608,3139278,862012,24544773,6066,0,384,3145728,22291100,3111910,147,3157821897,51539607552,0,1075478690,0,0,0,0,0,0,0,0,0,0,0,0,0,0,0,0,0,0,8077774,407648532,0,468,1204,7863,623,16155713,35,0,0,0,0,0,0,0,1,0,0,0,0,0,0,0,0,0,0,21921013,0,24544476,212291,0,0,0,0,0,0,0,0,16384,0,0,0,0,0,0,0,0,0,0,0,4796,115,0,0,0,0,0,24550011,0,72,0,16,115,4796,0,0,0,0,0,0,0,0,0,0,0,0,0,0,0,0,0,0,0,0,0,0,0,0,0,0,0,0,0,0,0,0,0,0,0,0,0,0,0,0,0,0,0,0,0,0,0,0,0,0,0,0,0,0,166180714,0,0,0,872612533,0,0,0,0,0,0,0,22647233,26778547,192559216,195105310208,19409076,0,0,0,0,0,0,0,0,0,0,0,0,0,0,0,0,0,0,0,0,0,0,0,0,0,0,0,0,0,0,0,229,0,0,0,0,0,0,0
1787687205.234,0,0,0,0,0,0,0,688391003,416134171136,689919814144,0,0,0,0,0,0,0,0,0,0,0,0,0,0,0,0,0,0,0,0,0,0,0,0,0,0,0,0,0,0,0,0,0,0,0,0,0,0,0,0,0,0,0,0,0,0,0,0,0,0,0,0,0,0,0,0,0,0,0,0,7,6219447,25419656,24633299,0,0,0,0,0,0,0,0,0,0,0,0,0,0,0,0,0,0,0,0,0,0,0,0,0,0,0,0,0,0,0,0,0,0,0,0,0,51443662848,14124089344,3139872,862066,24547794,5471,0,384,3145728,22300339,3111910,147,3157960365,51539607552,0,1075500454,0,0,0,0,0,0,0,0,0,0,0,0,0,0,0,0,0,0,8078543,407649301,0,468,1204,7863,623,16157251,35,0,0,0,0,0,0,0,1,0,0,0,0,0,0,0,0,0,0,21921985,0,24547497,212323,0,0,0,0,0,0,0,0,16384,0,0,0,0,0,0,0,0,0,0,0,4797,115,0,0,0,0,0,24552352,0,72,0,16,115,4797,0,0,0,0,0,0,0,0,0,0,0,0,0,0,0,0,0,0,0,0,0,0,0,0,0,0,0,0,0,0,0,0,0,0,0,0,0,0,0,0,0,0,0,0,0,0,0,0,0,0,0,0,0,0,166183016,0,0,0,872625802,0,0,0,0,0,0,0,22649073,26787791,192564569,195108753920,19410517,0,0,0,0,0,0,0,0,0,0,0,0,0,0,0,0,0,0,0,0,0,0,0,0,0,0,0,0,0,0,0,149,0,0,0,0,0,0,0
1787687206.304,0,0,0,0,0,0,0,688418897,416285608448,689973112320,0,0,0,0,0,0,0,0,0,0,0,0,0,0,0,0,0,0,0,0,0,0,0,0,0,0,0,0,0,0,0,0,0,0,0,0,0,0,0,0,0,0,0,0,0,0,0,0,0,0,0,0,0,0,0,0,0,0,0,0,7,6219503,25428906,24636274,0,0,0,0,0,0,0,0,0,0,0,0,0,0,0,0,0,0,0,0,0,0,0,0,0,0,0,0,0,0,0,0,0,0,0,0,0,51455442944,14126678016,3140591,862224,24550769,4752,0,385,3145728,22309589,3111910,147,3158100864,51539607552,0,1075522576,0,0,0,0,0,0,0,0,0,0,0,0,0,0,0,0,0,0,8079325,407650082,0,468,1204,7863,623,16158813,35,0,0,0,0,0,0,0,1,0,0,0,0,0,0,0,0,0,0,21922978,0,24550472,212356,0,0,0,0,0,0,0,0,16384,0,0,0,0,0,0,0,0,0,0,0,4798,115,0,0,0,0,0,24554736,0,72,0,16,115,4798,0,0,0,0,0,0,0,0,0,0,0,0,0,0,0,0,0,0,0,0,0,0,0,0,0,0,0,0,0,0,0,0,0,0,0,0,0,0,0,0,0,0,0,0,0,0,0,0,0,0,0,0,0,0,166185286,0,0,0,872639259,0,0,0,0,0,0,0,22651031,26797040,192569846,195112134656,19412006,0,0,0,0,0,0,0,0,0,0,0,0,0,0,0,0,0,0,0,0,0,0,0,0,0,0,0,0,0,0,0,93,0,0,0,0,0,0,0
1787687207.373,0,0,0,0,0,0,0,688447018,416439847424,690027058688,0,0,0,0,0,0,0,0,0,0,0,0,0,0,0,0,0,0,0,0,0,0,0,0,0,0,0,0,0,0,0,0,0,0,0,0,0,0,0,0,0,0,0,0,0,0,0,0,0,0,0,0,0,0,0,0,0,0,0,0,7,6219571,25438319,24639263,0,0,0,0,0,0,0,0,0,0,0,0,0,0,0,0,0,0,0,0,0,0,0,0,0,0,0,0,0,0,0,0,0,0,0,0,0,51465912320,14129594368,3141230,862402,24553758,4114,0,384,3145728,22319002,3111910,147,3158242864,51539607552,0,1075545176,0,0,0,0,0,0,0,0,0,0,0,0,0,0,0,0,0,0,8080111,407650869,0,468,1204,7863,623,16160385,35,0,0,0,0,0,0,0,1,0,0,0,0,0,0,0,0,0,0,21923973,0,24553461,212388,0,0,0,0,0,0,0,0,16384,0,0,0,0,0,0,0,0,0,0,0,4799,115,0,0,0,0,0,24557128,0,72,0,16,115,4799,0,0,0,0,0,0,0,0,0,0,0,0,0,0,0,0,0,0,0,0,0,0,0,0,0,0,0,0,0,0,0,0,0,0,0,0,0,0,0,0,0,0,0,0,0,0,0,0,0,0,0,0,0,0,166187662,0,0,0,872652803,0,0,0,0,0,0,0,22652970,26806451,192575239,195115835904,19413500,0,0,0,0,0,0,0,0,0,0,0,0,0,0,0,0,0,0,0,0,0,0,0,0,0,0,0,0,0,0,0,51,0,0,0,0,0,0,0
1787687208.446,0,0,0,0,0,0,0,688474565,416589990400,690080717312,0,0,0,0,0,0,0,0,0,0,0,0,0,0,0,0,0,0,0,0,0,0,0,0,0,0,0,0,0,0,0,0,0,0,0,0,0,0,0,0,0,0,0,0,0,0,0,0,0,0,0,0,0,0,0,0,0,0,0,0,7,6219616,25447487,24642275,0,0,0,0,0,0,0,0,0,0,0,0,0,0,0,0,0,0,0,0,0,0,0,0,0,0,0,0,0,0,0,0,0,0,0,0,0,51475202048,14129889280,3141797,862420,24556770,3547,0,384,3145728,22328168,3111910,147,3158380498,51539607552,0,1075565912,0,0,0,0,0,0,0,0,0,0,0,0,0,0,0,0,0,0,8080883,407651641,0,468,1204,7863,623,16161931,35,0,0,0,0,0,0,0,1,0,0,0,0,0,0,0,0,0,0,21924952,0,24556473,212420,0,0,0,0,0,0,0,0,16384,0,0,0,0,0,0,0,0,0,0,0,4800,115,0,0,0,0,0,24559491,0,72,0,16,115,4800,0,0,0,0,0,0,0,0,0,0,0,0,0,0,0,0,0,0,0,0,0,0,0,0,0,0,0,0,0,0,0,0,0,0,0,0,0,0,0,0,0,0,0,0,0,0,0,0,0,0,0,0,0,0,166189943,0,0,0,872665812,0,0,0,0,0,0,0,22654906,26815615,192580565,195118939648,19414978,0,0,0,0,0,0,0,0,0,0,0,0,0,0,0,0,0,0,0,0,0,0,0,0,0,0,0,0,0,0,0,277,0,0,0,0,0,0,0
1787687209.515,0,0,0,0,0,0,0,688502632,416743197184,690133929984,0,0,0,0,0,0,0,0,0,0,0,0,0,0,0,0,0,0,0,0,0,0,0,0,0,0,0,0,0,0,0,0,0,0,0,0,0,0,0,0,0,0,0,0,0,0,0,0,0,0,0,0,0,0,0,0,0,0,0,0,7,6219667,25456839,24645253,0,0,0,0,0,0,0,0,0,0,0,0,0,0,0,0,0,0,0,0,0,0,0,0,0,0,0,0,0,0,0,0,0,0,0,0,0,51486785536,14131593216,3142504,862524,24559748,2840,0,384,3145728,22337520,3111910,147,3158521871,51539607552,0,1075588000,0,0,0,0,0,0,0,0,0,0,0,0,0,0,0,0,0,0,8081670,407652428,0,468,1204,7863,623,16163503,35,0,0,0,0,0,0,0,1,0,0,0,0,0,0,0,0,0,0,21925946,0,24559451,212453,0,0,0,0,0,0,0,0,16384,0,0,0,0,0,0,0,0,0,0,0,4801,115,0,0,0,0,0,24561878,0,72,0,16,115,4801,0,0,0,0,0,0,0,0,0,0,0,0,0,0,0,0,0,0,0,0,0,0,0,0,0,0,0,0,0,0,0,0,0,0,0,0,0,0,0,0,0,0,0,0,0,0,0,0,0,0,0,0,0,0,166192233,0,0,0,872679372,0,0,0,0,0,0,0,22656737,26824966,192585864,195122273792,19416388,0,0,0,0,0,0,0,0,0,0,0,0,0,0,0,0,0,0,0,0,0,0,0,0,0,0,0,0,0,0,0,204,0,0,0,0,0,0,0
1787687210.586,0,0,0,0,0,0,0,688530637,416894896640,690187204608,0,0,0,0,0,0,0,0,0,0,0,0,0,0,0,0,0,0,0,0,0,0,0,0,0,0,0,0,0,0,0,0,0,0,0,0,0,0,0,0,0,0,0,0,0,0,0,0,0,0,0,0,0,0,0,0,0,0,0,0,7,6219721,25466099,24648237,0,0,0,0,0,0,0,0,0,0,0,0,0,0,0,0,0,0,0,0,0,0,0,0,0,0,0,0,0,0,0,0,0,0,0,0,0,51496484864,14132920320,3143096,862605,24562732,2248,0,384,3145728,22346781,3111910,147,3158662611,51539607552,0,1075609733,0,0,0,0,0,0,0,0,0,0,0,0,0,0,0,0,0,0,8082455,407653213,0,468,1204,7863,623,16165075,35,0,0,0,0,0,0,0,1,0,0,0,0,0,0,0,0,0,0,21926938,0,24562435,212485,0,0,0,0,0,0,0,0,16384,0,0,0,0,0,0,0,0,0,0,0,4802,115,0,0,0,0,0,24564270,0,72,0,16,115,4802,0,0,0,0,0,0,0,0,0,0,0,0,0,0,0,0,0,0,0,0,0,0,0,0,0,0,0,0,0,0,0,0,0,0,0,0,0,0,0,0,0,0,0,0,0,0,0,0,0,0,0,0,0,0,166194528,0,0,0,872692903,0,0,0,0,0,0,0,22658515,26834226,192591174,195125591040,19417765,0,0,0,0,0,0,0,0,0,0,0,0,0,0,0,0,0,0,0,0,0,0,0,0,0,0,0,0,0,0,0,145,0,0,0,0,0,0,0
1787687211.656,0,0,0,0,0,0,0,688558390,417047005696,690240363008,0,0,0,0,0,0,0,0,0,0,0,0,0,0,0,0,0,0,0,0,0,0,0,0,0,0,0,0,0,0,0,0,0,0,0,0,0,0,0,0,0,0,0,0,0,0,0,0,0,0,0,0,0,0,0,0,0,0,0,0,7,6219764,25475383,24651214,0,0,0,0,0,0,0,0,0,0,0,0,0,0,0,0,0,0,0,0,0,0,0,0,0,0,0,0,0,0,0,0,0,0,0,0,0,51507265536,14135001088,3143754,862732,24565709,1588,0,384,3145728,22356065,3111910,147,3158802416,51539607552,0,1075631564,0,0,0,0,0,0,0,0,0,0,0,0,0,0,0,0,0,0,8083233,407653991,0,468,1204,7863,623,16166629,35,0,0,0,0,0,0,0,1,0,0,0,0,0,0,0,0,0,0,21927922,0,24565412,212517,0,0,0,0,0,0,0,0,16384,0,0,0,0,0,0,0,0,0,0,0,4803,115,0,0,0,0,0,24566641,0,72,0,16,115,4803,0,0,0,0,0,0,0,0,0,0,0,0,0,0,0,0,0,0,0,0,0,0,0,0,0,0,0,0,0,0,0,0,0,0,0,0,0,0,0,0,0,0,0,0,0,0,0,0,0,0,0,0,0,0,166196809,0,0,0,872706290,0,0,0,0,0,0,0,22660303,26843507,192596462,195128861696,19419121,0,0,0,0,0,0,0,0,0,0,0,0,0,0,0,0,0,0,0,0,0,0,0,0,0,0,0,0,0,0,0,80,0,0,0,0,0,0,0
1787687212.726,0,0,0,0,0,0,0,688585935,417199262208,690293487104,0,0,0,0,0,0,0,0,0,0,0,0,0,0,0,0,0,0,0,0,0,0,0,0,0,0,0,0,0,0,0,0,0,0,0,0,0,0,0,0,0,0,0,0,0,0,0,0,0,0,0,0,0,0,0,0,0,0,0,0,7,6219806,25484683,24654188,0,0,0,0,0,0,0,0,0,0,0,0,0,0,0,0,0,0,0,0,0,0,0,0,0,0,0,0,0,0,0,0,0,0,0,0,0,51517128704,14137065472,3144355,862858,24568683,988,0,385,3145728,22365361,3111910,147,3158940075,51539607552,0,1075652263,0,0,0,0,0,0,0,0,0,0,0,0,0,0,0,0,0,0,8084007,407654765,0,468,1204,7863,623,16168177,35,0,0,0,0,0,0,0,1,0,0,0,0,0,0,0,0,0,0,21928898,0,24568386,212542,0,0,0,0,0,0,0,0,16384,0,0,0,0,0,0,0,0,0,0,0,4804,115,0,0,0,0,0,24569002,0,72,0,16,115,4804,0,0,0,0,0,0,0,0,0,0,0,0,0,0,0,0,0,0,0,0,0,0,0,0,0,0,0,0,0,0,0,0,0,0,0,0,0,0,0,0,0,0,0,0,0,0,0,0,0,0,0,0,0,0,166199102,0,0,0,872719325,0,0,0,0,0,0,0,22662101,26852804,192601753,195131990528,19420532,0,0,0,0,0,0,0,0,0,0,0,0,0,0,0,0,0,0,0,0,0,0,0,0,0,0,0,0,0,0,0,298,0,0,0,0,0,0,0
1787687213.796,0,0,0,0,0,0,0,688613306,417350846976,690346262528,0,0,0,0,0,0,0,0,0,0,0,0,0,0,0,0,0,0,0,0,0,0,0,0,0,0,0,0,0,0,0,0,0,0,0,0,0,0,0,0,0,0,0,0,0,0,0,0,0,0,0,0,0,0,0,0,0,0,0,0,7,6219851,25493944,24657156,0,0,0,0,0,0,0,0,0,0,0,0,0,0,0,0,0,0,0,0,0,0,0,0,0,0,0,0,0,0,0,0,0,0,0,0,0,51527352320,14139031552,3144980,862978,24571651,364,0,384,3145728,22374619,3111910,147,3159078323,51539607552,0,1075673835,0,0,0,0,0,0,0,0,0,0,0,0,0,0,0,0,0,0,8084773,407655531,0,468,1204,7863,623,16169713,35,0,0,0,0,0,0,0,1,0,0,0,0,0,0,0,0,0,0,21929868,0,24571354,212574,0,0,0,0,0,0,0,0,16384,0,0,0,0,0,0,0,0,0,0,0,4805,115,0,0,0,0,0,24571328,0,72,0,16,115,4805,0,0,0,0,0,0,0,0,0,0,0,0,0,0,0,0,0,0,0,0,0,0,0,0,0,0,0,0,0,0,0,0,0,0,0,0,0,0,0,0,0,0,0,0,0,0,0,0,0,0,0,0,0,0,166201304,0,0,0,872732558,0,0,0,0,0,0,0,22663820,26862053,192606953,195135086592,19421846,0,0,0,0,0,0,0,0,0,0,0,0,0,0,0,0,0,0,0,0,0,0,0,0,0,0,0,0,0,0,0,212,0,0,0,0,0,0,0
1787687214.866,0,0,0,0,0,0,0,688641182,417501530624,690398944768,0,0,0,0,0,0,0,0,0,0,0,0,0,0,0,0,0,0,0,0,0,0,0,0,0,0,0,0,0,0,0,0,0,0,0,0,0,0,0,0,0,0,0,0,0,0,0,0,0,0,0,0,0,0,0,0,0,0,0,0,7,6219904,25503143,24660104,0,0,0,0,0,0,0,0,0,0,0,0,0,0,0,0,0,0,0,0,0,0,0,0,0,0,0,0,0,0,0,0,0,0,0,0,0,51532988416,14140964864,3145324,863096,24574599,20,0,384,3145728,22383818,3111910,147,3159218639,51539607552,0,1075695567,0,0,0,0,0,0,0,0,0,0,0,0,0,0,0,0,0,0,8085557,407656315,0,468,1204,7863,623,16171277,35,0,0,0,0,0,0,0,1,0,0,0,0,0,0,0,0,0,0,21930859,0,24574302,212606,0,0,0,0,0,0,0,0,16384,0,0,0,0,0,0,0,0,0,0,0,4807,115,0,0,0,0,0,24573715,0,72,0,16,115,4807,0,0,0,0,0,0,0,0,0,0,0,0,0,0,0,0,0,0,0,0,0,0,0,0,0,0,0,0,0,0,0,0,0,0,0,0,0,0,0,0,0,0,0,0,0,0,0,0,0,0,0,0,0,0,166203580,0,0,0,872746087,0,0,0,0,0,0,0,22665601,26871248,192612208,195138280960,19423200,0,0,0,0,0,0,0,0,0,0,0,0,0,0,0,0,0,0,0,0,0,0,0,0,0,0,0,0,0,0,0,102,0,0,0,0,0,0,0
1787687215.936,0,0,0,0,0,0,0,688668199,417648658944,690489839616,0,0,0,0,0,0,0,0,0,0,0,0,0,0,0,0,0,0,0,0,0,0,0,0,0,0,0,0,0,0,0,0,0,0,0,0,0,0,0,0,0,0,0,0,0,0,0,0,0,0,0,0,0,0,0,0,0,0,0,0,7,6219945,25512124,24665110,0,0,0,0,0,0,0,0,0,0,0,0,0,0,0,0,0,0,0,0,0,0,0,0,0,0,0,0,0,0,0,0,0,0,0,0,0,51401801728,14108622848,3137317,861122,24577552,8027,0,384,3145728,22392801,3111910,147,3159354649,51539607552,0,1075716710,0,0,0,0,0,0,0,0,0,0,0,0,0,0,0,0,0,0,8086317,407657075,0,468,1204,7863,623,16172797,35,0,0,0,0,0,0,0,1,0,0,0,0,0,0,0,0,0,0,21931820,0,24579179,212657,0,0,0,0,0,0,0,0,16384,0,0,0,0,0,0,0,0,0,0,0,4808,115,0,0,0,0,0,24576029,0,72,0,16,115,4808,0,0,0,0,0,0,0,0,0,0,0,0,0,0,0,0,0,0,0,0,0,0,0,0,0,0,0,0,0,0,0,0,0,0,0,0,0,0,0,0,0,0,0,0,0,0,0,0,0,0,0,0,0,0,166205836,0,0,0,872759208,0,0,0,0,0,0,0,22667662,26880227,192619813,195141506048,19424591,1,0,0,0,0,0,0,0,0,0,0,0,0,0,0,0,0,0,0,0,0,0,0,0,0,0,0,0,0,0,0,6,0,0,0,0,0,0,0
1787687217.008,0,0,0,0,0,0,0,688696224,417800309248,690552938496,0,0,0,0,0,0,0,0,0,0,0,0,0,0,0,0,0,0,0,0,0,0,0,0,0,0,0,0,0,0,0,0,0,0,0,0,0,0,0,0,0,0,0,0,0,0,0,0,0,0,0,0,0,0,0,0,0,0,0,0,7,6219993,25521381,24668989,0,0,0,0,0,0,0,0,0,0,0,0,0,0,0,0,0,0,0,0,0,0,0,0,0,0,0,0,0,0,0,0,0,0,0,0,0,51411451904,14095155200,3137906,860300,24583484,7438,0,384,3145728,22402055,3111910,147,3159494309,51539607552,0,1075737799,0,0,0,0,0,0,0,0,0,0,0,0,0,0,0,0,0,0,8087102,407657860,0,468,1204,7863,623,16174368,35,0,0,0,0,0,0,0,1,0,0,0,0,0,0,0,0,0,0,21932809,0,24583187,212702,0,0,0,0,0,0,0,0,16384,0,0,0,0,0,0,0,0,0,0,0,4809,115,0,0,0,0,0,24578417,0,72,0,16,115,4809,0,0,0,0,0,0,0,0,0,0,0,0,0,0,0,0,0,0,0,0,0,0,0,0,0,0,0,0,0,0,0,0,0,0,0,0,0,0,0,0,0,0,0,0,0,0,0,0,0,0,0,0,0,0,166208113,0,0,0,872772457,0,0,0,0,0,0,0,22669567,26889482,192625715,195144563712,19425965,0,0,0,0,0,0,0,0,0,0,0,0,0,0,0,0,0,0,0,0,0,0,0,0,0,0,0,0,0,0,0,191,0,0,0,0,0,0,0
1787687218.077,0,0,0,0,0,0,0,688723977,417950714368,690605604352,0,0,0,0,0,0,0,0,0,0,0,0,0,0,0,0,0,0,0,0,0,0,0,0,0,0,0,0,0,0,0,0,0,0,0,0,0,0,0,0,0,0,0,0,0,0,0,0,0,0,0,0,0,0,0,0,0,0,0,0,7,6220034,25530561,24671940,0,0,0,0,0,0,0,0,0,0,0,0,0,0,0,0,0,0,0,0,0,0,0,0,0,0,0,0,0,0,0,0,0,0,0,0,0,51420528640,14096334848,3138460,860372,24586435,6884,0,384,3145728,22411234,3111910,147,3159633750,51539607552,0,1075759256,0,0,0,0,0,0,0,0,0,0,0,0,0,0,0,0,0,0,8087883,407658641,0,468,1204,7863,623,16175929,35,0,0,0,0,0,0,0,1,0,0,0,0,0,0,0,0,0,0,21933790,0,24586138,212727,0,0,0,0,0,0,0,0,16384,0,0,0,0,0,0,0,0,0,0,0,4810,115,0,0,0,0,0,24580777,0,72,0,16,115,4810,0,0,0,0,0,0,0,0,0,0,0,0,0,0,0,0,0,0,0,0,0,0,0,0,0,0,0,0,0,0,0,0,0,0,0,0,0,0,0,0,0,0,0,0,0,0,0,0,0,0,0,0,0,0,166210386,0,0,0,872785929,0,0,0,0,0,0,0,22671305,26898662,192630963,195147788800,19427288,0,0,0,0,0,0,0,0,0,0,0,0,0,0,0,0,0,0,0,0,0,0,0,0,0,0,0,0,0,0,0,105,0,0,0,0,0,0,0
1787687219.146,0,0,0,0,0,0,0,688752008,418104838656,690657969152,0,0,0,0,0,0,0,0,0,0,0,0,0,0,0,0,0,0,0,0,0,0,0,0,0,0,0,0,0,0,0,0,0,0,0,0,0,0,0,0,0,0,0,0,0,0,0,0,0,0,0,0,0,0,0,0,0,0,0,0,7,6220071,25539975,24674903,0,0,0,0,0,0,0,0,0,0,0,0,0,0,0,0,0,0,0,0,0,0,0,0,0,0,0,0,0,0,0,0,0,0,0,0,0,51431997440,14098432000,3139160,860500,24589398,6184,0,384,3145728,22420648,3111910,147,3159773334,51539607552,0,1075779879,0,0,0,0,0,0,0,0,0,0,0,0,0,0,0,0,0,0,8088672,407659430,0,468,1204,7863,623,16177507,35,0,0,0,0,0,0,0,1,0,0,0,0,0,0,0,0,0,0,21934785,0,24589101,212759,0,0,0,0,0,0,0,0,16384,0,0,0,0,0,0,0,0,0,0,0,4811,115,0,0,0,0,0,24583165,0,72,0,16,115,4811,0,0,0,0,0,0,0,0,0,0,0,0,0,0,0,0,0,0,0,0,0,0,0,0,0,0,0,0,0,0,0,0,0,0,0,0,0,0,0,0,0,0,0,0,0,0,0,0,0,0,0,0,0,0,166212592,0,0,0,872799271,0,0,0,0,0,0,0,22673044,26908068,192636162,195150704640,19428621,0,0,0,0,0,0,0,0,0,0,0,0,0,0,0,0,0,0,0,0,0,0,0,0,0,0,0,0,0,0,0,272,0,0,0,0,0,0,0
1787687220.216,0,0,0,0,0,0,0,688779749,418256423424,690710369280,0,0,0,0,0,0,0,0,0,0,0,0,0,0,0,0,0,0,0,0,0,0,0,0,0,0,0,0,0,0,0,0,0,0,0,0,0,0,0,0,0,0,0,0,0,0,0,0,0,0,0,0,0,0,0,0,0,0,0,0,7,6220122,25549230,24677820,0,0,0,0,0,0,0,0,0,0,0,0,0,0,0,0,0,0,0,0,0,0,0,0,0,0,0,0,0,0,0,0,0,0,0,0,0,51442122752,14101069824,3139778,860661,24592315,5566,0,384,3145728,22429901,3111910,147,3159913724,51539607552,0,1075801991,0,0,0,0,0,0,0,0,0,0,0,0,0,0,0,0,0,0,8089450,407660208,0,468,1204,7863,623,16179065,35,0,0,0,0,0,0,0,1,0,0,0,0,0,0,0,0,0,0,21935771,0,24592018,212783,0,0,0,0,0,0,0,0,16384,0,0,0,0,0,0,0,0,0,0,0,4812,115,0,0,0,0,0,24585523,0,72,0,16,115,4812,0,0,0,0,0,0,0,0,0,0,0,0,0,0,0,0,0,0,0,0,0,0,0,0,0,0,0,0,0,0,0,0,0,0,0,0,0,0,0,0,0,0,0,0,0,0,0,0,0,0,0,0,0,0,166214905,0,0,0,872812691,0,0,0,0,0,0,0,22674829,26917322,192641414,195154176000,19430042,0,0,0,0,0,0,0,0,0,0,0,0,0,0,0,0,0,0,0,0,0,0,0,0,0,0,0,0,0,0,0,196,0,0,0,0,0,0,0
1787687221.285,0,0,0,0,0,0,0,688807634,418409302528,690762192384,0,0,0,0,0,0,0,0,0,0,0,0,0,0,0,0,0,0,0,0,0,0,0,0,0,0,0,0,0,0,0,0,0,0,0,0,0,0,0,0,0,0,0,0,0,0,0,0,0,0,0,0,0,0,0,0,0,0,0,0,7,6220195,25558566,24680708,0,0,0,0,0,0,0,0,0,0,0,0,0,0,0,0,0,0,0,0,0,0,0,0,0,0,0,0,0,0,0,0,0,0,0,0,0,51452968960,14104920064,3140440,860896,24595203,4904,0,384,3145728,22439233,3111910,147,3160054323,51539607552,0,1075824263,0,0,0,0,0,0,0,0,0,0,0,0,0,0,0,0,0,0,8090231,407660989,0,468,1204,7863,623,16180625,35,0,0,0,0,0,0,0,1,0,0,0,0,0,0,0,0,0,0,21936753,0,24594906,212808,0,0,0,0,0,0,0,0,16384,0,0,0,0,0,0,0,0,0,0,0,4813,115,0,0,0,0,0,24587892,0,72,0,16,115,4813,0,0,0,0,0,0,0,0,0,0,0,0,0,0,0,0,0,0,0,0,0,0,0,0,0,0,0,0,0,0,0,0,0,0,0,0,0,0,0,0,0,0,0,0,0,0,0,0,0,0,0,0,0,0,166217128,0,0,0,872826159,0,0,0,0,0,0,0,22676603,26926655,192646548,195157605888,19431416,0,0,0,0,0,0,0,0,0,0,0,0,0,0,0,0,0,0,0,0,0,0,0,0,0,0,0,0,0,0,0,122,0,0,0,0,0,0,0
1787687222.355,0,0,0,0,0,0,0,688835576,418560723456,690813505024,0,0,0,0,0,0,0,0,0,0,0,0,0,0,0,0,0,0,0,0,0,0,0,0,0,0,0,0,0,0,0,0,0,0,0,0,0,0,0,0,0,0,0,0,0,0,0,0,0,0,0,0,0,0,0,0,0,0,0,0,7,6220260,25567805,24683574,0,0,0,0,0,0,0,0,0,0,0,0,0,0,0,0,0,0,0,0,0,0,0,0,0,0,0,0,0,0,0,0,0,0,0,0,0,51463077888,14108803072,3141057,861133,24598069,4287,0,384,3145728,22448470,3111910,147,3160194736,51539607552,0,1075846069,0,0,0,0,0,0,0,0,0,0,0,0,0,0,0,0,0,0,8091015,407661773,0,468,1204,7863,623,16182193,35,0,0,0,0,0,0,0,1,0,0,0,0,0,0,0,0,0,0,21937741,0,24597772,212832,0,0,0,0,0,0,0,0,16384,0,0,0,0,0,0,0,0,0,0,0,4814,115,0,0,0,0,0,24590280,0,72,0,16,115,4814,0,0,0,0,0,0,0,0,0,0,0,0,0,0,0,0,0,0,0,0,0,0,0,0,0,0,0,0,0,0,0,0,0,0,0,0,0,0,0,0,0,0,0,0,0,0,0,0,0,0,0,0,0,0,166219392,0,0,0,872839672,0,0,0,0,0,0,0,22678376,26935895,192651706,195160893440,19432790,0,0,0,0,0,0,0,0,0,0,0,0,0,0,0,0,0,0,0,0,0,0,0,0,0,0,0,0,0,0,0,50,0,0,0,0,0,0,0
1787687223.425,0,0,0,0,0,0,0,688863524,418712062464,690865560064,0,0,0,0,0,0,0,0,0,0,0,0,0,0,0,0,0,0,0,0,0,0,0,0,0,0,0,0,0,0,0,0,0,0,0,0,0,0,0,0,0,0,0,0,0,0,0,0,0,0,0,0,0,0,0,0,0,0,0,0,7,6220322,25577047,24686480,0,0,0,0,0,0,0,0,0,0,0,0,0,0,0,0,0,0,0,0,0,0,0,0,0,0,0,0,0,0,0,0,0,0,0,0,0,51472793600,14113472512,3141650,861418,24600975,3694,0,384,3145728,22457711,3111910,147,3160334353,51539607552,0,1075867396,0,0,0,0,0,0,0,0,0,0,0,0,0,0,0,0,0,0,8091797,407662555,0,468,1204,7863,623,16183757,35,0,0,0,0,0,0,0,1,0,0,0,0,0,0,0,0,0,0,21938728,0,24600678,212857,0,0,0,0,0,0,0,0,16384,0,0,0,0,0,0,0,0,0,0,0,4815,115,0,0,0,0,0,24592646,0,72,0,16,115,4815,0,0,0,0,0,0,0,0,0,0,0,0,0,0,0,0,0,0,0,0,0,0,0,0,0,0,0,0,0,0,0,0,0,0,0,0,0,0,0,0,0,0,0,0,0,0,0,0,0,0,0,0,0,0,166221639,0,0,0,872852868,0,0,0,0,0,0,0,22680141,26945132,192656884,195164147200,19434159,0,0,0,0,0,0,0,0,0,0,0,0,0,0,0,0,0,0,0,0,0,0,0,0,0,0,0,0,0,0,0,259,0,0,0,0,0,0,0
1787687224.494,0,0,0,0,0,0,0,688891587,418863974912,690916902400,0,0,0,0,0,0,0,0,0,0,0,0,0,0,0,0,0,0,0,0,0,0,0,0,0,0,0,0,0,0,0,0,0,0,0,0,0,0,0,0,0,0,0,0,0,0,0,0,0,0,0,0,0,0,0,0,0,0,0,0,7,6220383,25586318,24689316,0,0,0,0,0,0,0,0,0,0,0,0,0,0,0,0,0,0,0,0,0,0,0,0,0,0,0,0,0,0,0,0,0,0,0,0,0,51483901952,14118322176,3142328,861714,24603811,3016,0,384,3145728,22466980,3111910,147,3160475680,51539607552,0,1075889659,0,0,0,0,0,0,0,0,0,0,0,0,0,0,0,0,0,0,8092583,407663341,0,468,1204,7863,623,16185329,35,0,0,0,0,0,0,0,1,0,0,0,0,0,0,0,0,0,0,21939719,0,24603514,212881,0,0,0,0,0,0,0,0,16384,0,0,0,0,0,0,0,0,0,0,0,4816,115,0,0,0,0,0,24595033,0,72,0,16,115,4816,0,0,0,0,0,0,0,0,0,0,0,0,0,0,0,0,0,0,0,0,0,0,0,0,0,0,0,0,0,0,0,0,0,0,0,0,0,0,0,0,0,0,0,0,0,0,0,0,0,0,0,0,0,0,166223989,0,0,0,872866430,0,0,0,0,0,0,0,22681935,26954402,192662092,195167699968,19435587,0,0,0,0,0,0,0,0,0,0,0,0,0,0,0,0,0,0,0,0,0,0,0,0,0,0,0,0,0,0,0,178,0,0,0,0,0,0,0
1787687225.563,0,0,0,0,0,0,0,688919233,419015559680,690968673792,0,0,0,0,0,0,0,0,0,0,0,0,0,0,0,0,0,0,0,0,0,0,0,0,0,0,0,0,0,0,0,0,0,0,0,0,0,0,0,0,0,0,0,0,0,0,0,0,0,0,0,0,0,0,0,0,0,0,0,0,7,6220432,25595576,24692191,0,0,0,0,0,0,0,0,0,0,0,0,0,0,0,0,0,0,0,0,0,0,0,0,0,0,0,0,0,0,0,0,0,0,0,0,0,51492896768,14121533440,3142877,861910,24606686,2467,0,384,3145728,22476233,3111910,147,3160615094,51539607552,0,1075911622,0,0,0,0,0,0,0,0,0,0,0,0,0,0,0,0,0,0,8093355,407664113,0,468,1204,7863,623,16186875,35,0,0,0,0,0,0,0,1,0,0,0,0,0,0,0,0,0,0,21940699,0,24606389,212906,0,0,0,0,0,0,0,0,16384,0,0,0,0,0,0,0,0,0,0,0,4817,115,0,0,0,0,0,24597380,0,72,0,16,115,4817,0,0,0,0,0,0,0,0,0,0,0,0,0,0,0,0,0,0,0,0,0,0,0,0,0,0,0,0,0,0,0,0,0,0,0,0,0,0,0,0,0,0,0,0,0,0,0,0,0,0,0,0,0,0,166226310,0,0,0,872879790,0,0,0,0,0,0,0,22683775,26963656,192667313,195171167744,19437056,0,0,0,0,0,0,0,0,0,0,0,0,0,0,0,0,0,0,0,0,0,0,0,0,0,0,0,0,0,0,0,91,0,0,0,0,0,0,0
1787687226.632,0,0,0,0,0,0,0,688947042,419166095872,691020430336,0,0,0,0,0,0,0,0,0,0,0,0,0,0,0,0,0,0,0,0,0,0,0,0,0,0,0,0,0,0,0,0,0,0,0,0,0,0,0,0,0,0,0,0,0,0,0,0,0,0,0,0,0,0,0,0,0,0,0,0,7,6220479,25604770,24695086,0,0,0,0,0,0,0,0,0,0,0,0,0,0,0,0,0,0,0,0,0,0,0,0,0,0,0,0,0,0,0,0,0,0,0,0,0,51503022080,14124023808,3143495,862062,24609581,1848,0,384,3145728,22485427,3111910,147,3160754997,51539607552,0,1075933316,0,0,0,0,0,0,0,0,0,0,0,0,0,0,0,0,0,0,8094139,407664897,0,468,1204,7863,623,16188441,35,0,0,0,0,0,0,0,1,0,0,0,0,0,0,0,0,0,0,21941691,0,24609284,212931,0,0,0,0,0,0,0,0,16384,0,0,0,0,0,0,0,0,0,0,0,4818,115,0,0,0,0,0,24599764,0,72,0,16,115,4818,0,0,0,0,0,0,0,0,0,0,0,0,0,0,0,0,0,0,0,0,0,0,0,0,0,0,0,0,0,0,0,0,0,0,0,0,0,0,0,0,0,0,0,0,0,0,0,0,0,0,0,0,0,0,166228611,0,0,0,872893280,0,0,0,0,0,0,0,22685581,26972845,192672533,195174387712,19438467,0,0,0,0,0,0,0,0,0,0,0,0,0,0,0,0,0,0,0,0,0,0,0,0,0,0,0,0,0,0,0,23,0,0,0,0,0,0,0
1787687227.701,0,0,0,0,0,0,0,688974935,419317484032,691073364992,0,0,0,0,0,0,0,0,0,0,0,0,0,0,0,0,0,0,0,0,0,0,0,0,0,0,0,0,0,0,0,0,0,0,0,0,0,0,0,0,0,0,0,0,0,0,0,0,0,0,0,0,0,0,0,0,0,0,0,0,7,6220531,25614012,24698041,0,0,0,0,0,0,0,0,0,0,0,0,0,0,0,0,0,0,0,0,0,0,0,0,0,0,0,0,0,0,0,0,0,0,0,0,0,51513163776,14126759936,3144114,862229,24612536,1230,0,384,3145728,22494666,3111910,147,3160894581,51539607552,0,1075954944,0,0,0,0,0,0,0,0,0,0,0,0,0,0,0,0,0,0,8094917,407665675,0,468,1204,7863,623,16189997,35,0,0,0,0,0,0,0,1,0,0,0,0,0,0,0,0,0,0,21942673,0,24612239,212955,0,0,0,0,0,0,0,0,16384,0,0,0,0,0,0,0,0,0,0,0,4819,115,0,0,0,0,0,24602133,0,72,0,16,115,4819,0,0,0,0,0,0,0,0,0,0,0,0,0,0,0,0,0,0,0,0,0,0,0,0,0,0,0,0,0,0,0,0,0,0,0,0,0,0,0,0,0,0,0,0,0,0,0,0,0,0,0,0,0,0,166230894,0,0,0,872906431,0,0,0,0,0,0,0,22687366,26982082,192677792,195177924608,19439867,0,0,0,0,0,0,0,0,0,0,0,0,0,0,0,0,0,0,0,0,0,0,0,0,0,0,0,0,0,0,0,230,0,0,0,0,0,0,0
1787687228.770,0,0,0,0,0,0,0,689002497,419470461440,691125021696,0,0,0,0,0,0,0,0,0,0,0,0,0,0,0,0,0,0,0,0,0,0,0,0,0,0,0,0,0,0,0,0,0,0,0,0,0,0,0,0,0,0,0,0,0,0,0,0,0,0,0,0,0,0,0,0,0,0,0,0,7,6220577,25623352,24700929,0,0,0,0,0,0,0,0,0,0,0,0,0,0,0,0,0,0,0,0,0,0,0,0,0,0,0,0,0,0,0,0,0,0,0,0,0,51524534272,14129954816,3144808,862424,24615424,535,0,384,3145728,22504004,3111910,147,3161033486,51539607552,0,1075976420,0,0,0,0,0,0,0,0,0,0,0,0,0,0,0,0,0,0,8095692,407666450,0,468,1204,7863,623,16191547,35,0,0,0,0,0,0,0,1,0,0,0,0,0,0,0,0,0,0,21943652,0,24615127,212979,0,0,0,0,0,0,0,0,16384,0,0,0,0,0,0,0,0,0,0,0,4820,115,0,0,0,0,0,24604486,0,72,0,16,115,4820,0,0,0,0,0,0,0,0,0,0,0,0,0,0,0,0,0,0,0,0,0,0,0,0,0,0,0,0,0,0,0,0,0,0,0,0,0,0,0,0,0,0,0,0,0,0,0,0,0,0,0,0,0,0,166233169,0,0,0,872919791,0,0,0,0,0,0,0,22689136,26991423,192682978,195181130240,19441244,0,0,0,0,0,0,0,0,0,0,0,0,0,0,0,0,0,0,0,0,0,0,0,0,0,0,0,0,0,0,0,149,0,0,0,0,0,0,0
1787687229.839,0,0,0,0,0,0,0,689030364,419623504384,691176424960,0,0,0,0,0,0,0,0,0,0,0,0,0,0,0,0,0,0,0,0,0,0,0,0,0,0,0,0,0,0,0,0,0,0,0,0,0,0,0,0,0,0,0,0,0,0,0,0,0,0,0,0,0,0,0,0,0,0,0,0,7,6220622,25632693,24703805,0,0,0,0,0,0,0,0,0,0,0,0,0,0,0,0,0,0,0,0,0,0,0,0,0,0,0,0,0,0,0,0,0,0,0,0,0,51532169216,14133805056,3145274,862659,24618300,70,0,384,3145728,22513344,3111910,147,3161173643,51539607552,0,1075997934,0,0,0,0,0,0,0,0,0,0,0,0,0,0,0,0,0,0,8096476,407667234,0,468,1204,7863,623,16193115,35,0,0,0,0,0,0,0,1,0,0,0,0,0,0,0,0,0,0,21944642,0,24618003,213003,0,0,0,0,0,0,0,0,16384,0,0,0,0,0,0,0,0,0,0,0,4822,115,0,0,0,0,0,24606870,0,72,0,16,115,4822,0,0,0,0,0,0,0,0,0,0,0,0,0,0,0,0,0,0,0,0,0,0,0,0,0,0,0,0,0,0,0,0,0,0,0,0,0,0,0,0,0,0,0,0,0,0,0,0,0,0,0,0,0,0,166235494,0,0,0,872933276,0,0,0,0,0,0,0,22690960,27000761,192688204,195184238592,19442630,0,0,0,0,0,0,0,0,0,0,0,0,0,0,0,0,0,0,0,0,0,0,0,0,0,0,0,0,0,0,0,76,0,0,0,0,0,0,0
1787687230.909,0,0,0,0,0,0,0,689057898,419774089728,691247510016,0,0,0,0,0,0,0,0,0,0,0,0,0,0,0,0,0,0,0,0,0,0,0,0,0,0,0,0,0,0,0,0,0,0,0,0,0,0,0,0,0,0,0,0,0,0,0,0,0,0,0,0,0,0,0,0,0,0,0,0,7,6220673,25641886,24707398,0,0,0,0,0,0,0,0,0,0,0,0,0,0,0,0,0,0,0,0,0,0,0,0,0,0,0,0,0,0,0,0,0,0,0,0,0,51402309632,14125400064,3137348,862146,24621121,7996,0,384,3145728,22522536,3111910,147,3161311363,51539607552,0,1076019043,0,0,0,0,0,0,0,0,0,0,0,0,0,0,0,0,0,0,8097246,407668004,0,468,1204,7863,623,16194655,35,0,0,0,0,0,0,0,1,0,0,0,0,0,0,0,0,0,0,21945616,0,24621114,213037,0,0,0,0,0,0,0,0,16384,0,0,0,0,0,0,0,0,0,0,0,4823,115,0,0,0,0,0,24609199,0,72,0,16,115,4823,0,0,0,0,0,0,0,0,0,0,0,0,0,0,0,0,0,0,0,0,0,0,0,0,0,0,0,0,0,0,0,0,0,0,0,0,0,0,0,0,0,0,0,0,0,0,0,0,0,0,0,0,0,0,166237770,0,0,0,872946277,0,0,0,0,0,0,0,22692808,27009953,192694604,195187461632,19443998,1,0,0,0,0,0,0,0,0,0,0,0,0,0,0,0,0,0,0,0,0,0,0,0,0,0,0,0,0,0,0,287,0,0,0,0,0,0,0
1787687231.978,0,0,0,0,0,0,0,689085362,419924281856,691324698112,0,0,0,0,0,0,0,0,0,0,0,0,0,0,0,0,0,0,0,0,0,0,0,0,0,0,0,0,0,0,0,0,0,0,0,0,0,0,0,0,0,0,0,0,0,0,0,0,0,0,0,0,0,0,0,0,0,0,0,0,7,6220717,25651054,24712339,0,0,0,0,0,0,0,0,0,0,0,0,0,0,0,0,0,0,0,0,0,0,0,0,0,0,0,0,0,0,0,0,0,0,0,0,0,51407749120,14093402112,3137680,860193,24626834,7662,0,384,3145728,22531702,3111910,147,3161449920,51539607552,0,1076040622,0,0,0,0,0,0,0,0,0,0,0,0,0,0,0,0,0,0,8098015,407668773,0,468,1204,7863,623,16196199,35,0,0,0,0,0,0,0,1,0,0,0,0,0,0,0,0,0,0,21946595,0,24626537,213075,0,0,0,0,0,0,0,0,16384,0,0,0,0,0,0,0,0,0,0,0,4824,115,0,0,0,0,0,24611545,0,72,0,16,115,4824,0,0,0,0,0,0,0,0,0,0,0,0,0,0,0,0,0,0,0,0,0,0,0,0,0,0,0,0,0,0,0,0,0,0,0,0,0,0,0,0,0,0,0,0,0,0,0,0,0,0,0,0,0,0,166240050,0,0,0,872959589,0,0,0,0,0,0,0,22694942,27019118,192701361,195190505984,19445364,0,0,0,0,0,0,0,0,0,0,0,0,0,0,0,0,0,0,0,0,0,0,0,0,0,0,0,0,0,0,0,167,0,0,0,0,0,0,0
1787687233.047,0,0,0,0,0,0,0,689113148,420075719168,691375705600,0,0,0,0,0,0,0,0,0,0,0,0,0,0,0,0,0,0,0,0,0,0,0,0,0,0,0,0,0,0,0,0,0,0,0,0,0,0,0,0,0,0,0,0,0,0,0,0,0,0,0,0,0,0,0,0,0,0,0,0,7,6220763,25660299,24715183,0,0,0,0,0,0,0,0,0,0,0,0,0,0,0,0,0,0,0,0,0,0,0,0,0,0,0,0,0,0,0,0,0,0,0,0,0,51417612288,14096646144,3138282,860391,24629678,7062,0,384,3145728,22540942,3111910,147,3161589896,51539607552,0,1076062336,0,0,0,0,0,0,0,0,0,0,0,0,0,0,0,0,0,0,8098795,407669553,0,468,1204,7863,623,16197754,35,0,0,0,0,0,0,0,1,0,0,0,0,0,0,0,0,0,0,21947585,0,24629381,213099,0,0,0,0,0,0,0,0,16384,0,0,0,0,0,0,0,0,0,0,0,4825,115,0,0,0,0,0,24613918,0,72,0,16,115,4825,0,0,0,0,0,0,0,0,0,0,0,0,0,0,0,0,0,0,0,0,0,0,0,0,0,0,0,0,0,0,0,0,0,0,0,0,0,0,0,0,0,0,0,0,0,0,0,0,0,0,0,0,0,0,166242352,0,0,0,872972994,0,0,0,0,0,0,0,22696697,27028361,192706531,195193866240,19446729,0,0,0,0,0,0,0,0,0,0,0,0,0,0,0,0,0,0,0,0,0,0,0,0,0,0,0,0,0,0,0,132,0,0,0,0,0,0,0
1787687234.116,0,0,0,0,0,0,0,689141183,420228057600,691427168256,0,0,0,0,0,0,0,0,0,0,0,0,0,0,0,0,0,0,0,0,0,0,0,0,0,0,0,0,0,0,0,0,0,0,0,0,0,0,0,0,0,0,0,0,0,0,0,0,0,0,0,0,0,0,0,0,0,0,0,0,7,6220812,25669600,24718066,0,0,0,0,0,0,0,0,0,0,0,0,0,0,0,0,0,0,0,0,0,0,0,0,0,0,0,0,0,0,0,0,0,0,0,0,0,51427606528,14100840448,3138892,860647,24632561,6452,0,384,3145728,22550244,3111910,147,3161730963,51539607552,0,1076084236,0,0,0,0,0,0,0,0,0,0,0,0,0,0,0,0,0,0,8099582,407670340,0,468,1204,7863,623,16199327,35,0,0,0,0,0,0,0,1,0,0,0,0,0,0,0,0,0,0,21948574,0,24632264,213123,0,0,0,0,0,0,0,0,16384,0,0,0,0,0,0,0,0,0,0,0,4826,115,0,0,0,0,0,24616306,0,72,0,16,115,4826,0,0,0,0,0,0,0,0,0,0,0,0,0,0,0,0,0,0,0,0,0,0,0,0,0,0,0,0,0,0,0,0,0,0,0,0,0,0,0,0,0,0,0,0,0,0,0,0,0,0,0,0,0,0,166244655,0,0,0,872986547,0,0,0,0,0,0,0,22698478,27037658,192711738,195197011968,19448105,0,0,0,0,0,0,0,0,0,0,0,0,0,0,0,0,0,0,0,0,0,0,0,0,0,0,0,0,0,0,0,48,0,0,0,0,0,0,0
1787687235.186,0,0,0,0,0,0,0,689169212,420380822016,691478352384,0,0,0,0,0,0,0,0,0,0,0,0,0,0,0,0,0,0,0,0,0,0,0,0,0,0,0,0,0,0,0,0,0,0,0,0,0,0,0,0,0,0,0,0,0,0,0,0,0,0,0,0,0,0,0,0,0,0,0,0,7,6220856,25678928,24720914,0,0,0,0,0,0,0,0,0,0,0,0,0,0,0,0,0,0,0,0,0,0,0,0,0,0,0,0,0,0,0,0,0,0,0,0,0,51438026752,14104526848,3139528,860872,24635409,5816,0,384,3145728,22559569,3111910,147,3161871171,51539607552,0,1076105847,0,0,0,0,0,0,0,0,0,0,0,0,0,0,0,0,0,0,8100368,407671126,0,468,1204,7863,623,16200899,35,0,0,0,0,0,0,0,1,0,0,0,0,0,0,0,0,0,0,21949566,0,24635112,213147,0,0,0,0,0,0,0,0,16384,0,0,0,0,0,0,0,0,0,0,0,4827,115,0,0,0,0,0,24618698,0,72,0,16,115,4827,0,0,0,0,0,0,0,0,0,0,0,0,0,0,0,0,0,0,0,0,0,0,0,0,0,0,0,0,0,0,0,0,0,0,0,0,0,0,0,0,0,0,0,0,0,0,0,0,0,0,0,0,0,0,166246998,0,0,0,872999826,0,0,0,0,0,0,0,22700258,27046982,192716950,195200444928,19449493,0,0,0,0,0,0,0,0,0,0,0,0,0,0,0,0,0,0,0,0,0,0,0,0,0,0,0,0,0,0,0,242,0,0,0,0,0,0,0
1787687236.258,0,0,0,0,0,0,0,689197022,420532718080,691529926144,0,0,0,0,0,0,0,0,0,0,0,0,0,0,0,0,0,0,0,0,0,0,0,0,0,0,0,0,0,0,0,0,0,0,0,0,0,0,0,0,0,0,0,0,0,0,0,0,0,0,0,0,0,0,0,0,0,0,0,0,7,6220907,25688203,24723790,0,0,0,0,0,0,0,0,0,0,0,0,0,0,0,0,0,0,0,0,0,0,0,0,0,0,0,0,0,0,0,0,0,0,0,0,0,51447955456,14108901376,3140134,861139,24638285,5210,0,384,3145728,22568842,3111910,147,3162010905,51539607552,0,1076127381,0,0,0,0,0,0,0,0,0,0,0,0,0,0,0,0,0,0,8101148,407671906,0,468,1204,7863,623,16202460,35,0,0,0,0,0,0,0,1,0,0,0,0,0,0,0,0,0,0,21950554,0,24637988,213173,0,0,0,0,0,0,0,0,16384,0,0,0,0,0,0,0,0,0,0,0,4828,115,0,0,0,0,0,24621069,0,72,0,16,115,4828,0,0,0,0,0,0,0,0,0,0,0,0,0,0,0,0,0,0,0,0,0,0,0,0,0,0,0,0,0,0,0,0,0,0,0,0,0,0,0,0,0,0,0,0,0,0,0,0,0,0,0,0,0,0,166249273,0,0,0,873013244,0,0,0,0,0,0,0,22702067,27056253,192722126,195203690496,19450869,0,0,0,0,0,0,0,0,0,0,0,0,0,0,0,0,0,0,0,0,0,0,0,0,0,0,0,0,0,0,0,211,0,0,0,0,0,0,0
1787687237.326,0,0,0,0,0,0,0,689224906,420684548608,691581423616,0,0,0,0,0,0,0,0,0,0,0,0,0,0,0,0,0,0,0,0,0,0,0,0,0,0,0,0,0,0,0,0,0,0,0,0,0,0,0,0,0,0,0,0,0,0,0,0,0,0,0,0,0,0,0,0,0,0,0,0,7,6220964,25697471,24726651,0,0,0,0,0,0,0,0,0,0,0,0,0,0,0,0,0,0,0,0,0,0,0,0,0,0,0,0,0,0,0,0,0,0,0,0,0,51458195456,14112489472,3140759,861358,24641146,4585,0,384,3145728,22578108,3111910,147,3162151400,51539607552,0,1076149455,0,0,0,0,0,0,0,0,0,0,0,0,0,0,0,0,0,0,8101929,407672687,0,468,1204,7863,623,16204021,35,0,0,0,0,0,0,0,1,0,0,0,0,0,0,0,0,0,0,21951543,0,24640849,213197,0,0,0,0,0,0,0,0,16384,0,0,0,0,0,0,0,0,0,0,0,4829,115,0,0,0,0,0,24623435,0,72,0,16,115,4829,0,0,0,0,0,0,0,0,0,0,0,0,0,0,0,0,0,0,0,0,0,0,0,0,0,0,0,0,0,0,0,0,0,0,0,0,0,0,0,0,0,0,0,0,0,0,0,0,0,0,0,0,0,0,166251562,0,0,0,873026701,0,0,0,0,0,0,0,22703794,27065518,192727299,195207226368,19452235,0,0,0,0,0,0,0,0,0,0,0,0,0,0,0,0,0,0,0,0,0,0,0,0,0,0,0,0,0,0,0,155,0,0,0,0,0,0,0
1787687238.395,0,0,0,0,0,0,0,689252764,420837607936,691633612288,0,0,0,0,0,0,0,0,0,0,0,0,0,0,0,0,0,0,0,0,0,0,0,0,0,0,0,0,0,0,0,0,0,0,0,0,0,0,0,0,0,0,0,0,0,0,0,0,0,0,0,0,0,0,0,0,0,0,0,0,7,6221016,25706811,24729555,0,0,0,0,0,0,0,0,0,0,0,0,0,0,0,0,0,0,0,0,0,0,0,0,0,0,0,0,0,0,0,0,0,0,0,0,0,51468812288,14115618816,3141407,861549,24644050,3937,0,384,3145728,22587444,3111910,147,3162291818,51539607552,0,1076171380,0,0,0,0,0,0,0,0,0,0,0,0,0,0,0,0,0,0,8102708,407673466,0,468,1204,7863,623,16205581,35,0,0,0,0,0,0,0,1,0,0,0,0,0,0,0,0,0,0,21952530,0,24643753,213222,0,0,0,0,0,0,0,0,16384,0,0,0,0,0,0,0,0,0,0,0,4830,115,0,0,0,0,0,24625802,0,72,0,16,115,4830,0,0,0,0,0,0,0,0,0,0,0,0,0,0,0,0,0,0,0,0,0,0,0,0,0,0,0,0,0,0,0,0,0,0,0,0,0,0,0,0,0,0,0,0,0,0,0,0,0,0,0,0,0,0,166253848,0,0,0,873040130,0,0,0,0,0,0,0,22705634,27074860,192732511,195210680832,19453649,0,0,0,0,0,0,0,0,0,0,0,0,0,0,0,0,0,0,0,0,0,0,0,0,0,0,0,0,0,0,0,114,0,0,0,0,0,0,0
1787687239.464,0,0,0,0,0,0,0,689280205,420988340736,691685126656,0,0,0,0,0,0,0,0,0,0,0,0,0,0,0,0,0,0,0,0,0,0,0,0,0,0,0,0,0,0,0,0,0,0,0,0,0,0,0,0,0,0,0,0,0,0,0,0,0,0,0,0,0,0,0,0,0,0,0,0,7,6221066,25716016,24732427,0,0,0,0,0,0,0,0,0,0,0,0,0,0,0,0,0,0,0,0,0,0,0,0,0,0,0,0,0,0,0,0,0,0,0,0,0,51477528576,14118354944,3141939,861716,24646922,3405,0,384,3145728,22596643,3111910,147,3162430129,51539607552,0,1076192788,0,0,0,0,0,0,0,0,0,0,0,0,0,0,0,0,0,0,8103478,407674236,0,468,1204,7863,623,16207120,35,0,0,0,0,0,0,0,1,0,0,0,0,0,0,0,0,0,0,21953500,0,24646625,213246,0,0,0,0,0,0,0,0,16384,0,0,0,0,0,0,0,0,0,0,0,4831,115,0,0,0,0,0,24628136,0,72,0,16,115,4831,0,0,0,0,0,0,0,0,0,0,0,0,0,0,0,0,0,0,0,0,0,0,0,0,0,0,0,0,0,0,0,0,0,0,0,0,0,0,0,0,0,0,0,0,0,0,0,0,0,0,0,0,0,0,166256104,0,0,0,873053426,0,0,0,0,0,0,0,22707435,27084060,192737661,195213996544,19455092,0,0,0,0,0,0,0,0,0,0,0,0,0,0,0,0,0,0,0,0,0,0,0,0,0,0,0,0,0,0,0,23,0,0,0,0,0,0,0
1787687240.532,0,0,0,0,0,0,0,689308219,421140826624,691736429568,0,0,0,0,0,0,0,0,0,0,0,0,0,0,0,0,0,0,0,0,0,0,0,0,0,0,0,0,0,0,0,0,0,0,0,0,0,0,0,0,0,0,0,0,0,0,0,0,0,0,0,0,0,0,0,0,0,0,0,0,7,6221121,25725324,24735294,0,0,0,0,0,0,0,0,0,0,0,0,0,0,0,0,0,0,0,0,0,0,0,0,0,0,0,0,0,0,0,0,0,0,0,0,0,51489734656,14122188800,3142684,861950,24649789,2660,0,384,3145728,22605951,3111910,147,3162570070,51539607552,0,1076213920,0,0,0,0,0,0,0,0,0,0,0,0,0,0,0,0,0,0,8104266,407675024,0,468,1204,7863,623,16208697,35,0,0,0,0,0,0,0,1,0,0,0,0,0,0,0,0,0,0,21954497,0,24649492,213271,0,0,0,0,0,0,0,0,16384,0,0,0,0,0,0,0,0,0,0,0,4832,115,0,0,0,0,0,24630544,0,72,0,16,115,4832,0,0,0,0,0,0,0,0,0,0,0,0,0,0,0,0,0,0,0,0,0,0,0,0,0,0,0,0,0,0,0,0,0,0,0,0,0,0,0,0,0,0,0,0,0,0,0,0,0,0,0,0,0,0,166258406,0,0,0,873066681,0,0,0,0,0,0,0,22709211,27093368,192742855,195217156096,19456466,1,1,0,0,0,0,0,0,0,0,0,0,0,0,0,0,0,0,0,0,0,0,0,0,0,0,0,0,0,0,0,261,0,0,0,0,0,0,0
1787687241.602,0,0,0,0,0,0,0,689335867,421290920448,691787951104,0,0,0,0,0,0,0,0,0,0,0,0,0,0,0,0,0,0,0,0,0,0,0,0,0,0,0,0,0,0,0,0,0,0,0,0,0,0,0,0,0,0,0,0,0,0,0,0,0,0,0,0,0,0,0,0,0,0,0,0,7,6221162,25734487,24738193,0,0,0,0,0,0,0,0,0,0,0,0,0,0,0,0,0,0,0,0,0,0,0,0,0,0,0,0,0,0,0,0,0,0,0,0,0,51496796160,14123810816,3143115,862049,24652688,2229,0,384,3145728,22615113,3111910,147,3162708779,51539607552,0,1076234995,0,0,0,0,0,0,0,0,0,0,0,0,0,0,0,0,0,0,8105046,407675804,0,468,1204,7863,623,16210255,35,0,0,0,0,0,0,0,1,0,0,0,0,0,0,0,0,0,0,21955483,0,24652391,213296,0,0,0,0,0,0,0,0,16384,0,0,0,0,0,0,0,0,0,0,0,4833,115,0,0,0,0,0,24632907,0,72,0,16,115,4833,0,0,0,0,0,0,0,0,0,0,0,0,0,0,0,0,0,0,0,0,0,0,0,0,0,0,0,0,0,0,0,0,0,0,0,0,0,0,0,0,0,0,0,0,0,0,0,0,0,0,0,0,0,0,166260683,0,0,0,873080104,0,0,0,0,0,0,0,22710971,27102527,192748055,195220106240,19457815,0,0,0,0,0,0,0,0,0,0,0,0,0,0,0,0,0,0,0,0,0,0,0,0,0,0,0,0,0,0,0,180,0,0,0,0,0,0,0
1787687242.670,0,0,0,0,0,0,0,689363638,421443537408,691839917568,0,0,0,0,0,0,0,0,0,0,0,0,0,0,0,0,0,0,0,0,0,0,0,0,0,0,0,0,0,0,0,0,0,0,0,0,0,0,0,0,0,0,0,0,0,0,0,0,0,0,0,0,0,0,0,0,0,0,0,0,7,6221218,25743807,24741092,0,0,0,0,0,0,0,0,0,0,0,0,0,0,0,0,0,0,0,0,0,0,0,0,0,0,0,0,0,0,0,0,0,0,0,0,0,51509297152,14127841280,3143878,862295,24655587,1466,0,384,3145728,22624432,3111910,147,3162848700,51539607552,0,1076256851,0,0,0,0,0,0,0,0,0,0,0,0,0,0,0,0,0,0,8105824,407676582,0,468,1204,7863,623,16211811,35,0,0,0,0,0,0,0,1,0,0,0,0,0,0,0,0,0,0,21956466,0,24655290,213321,0,0,0,0,0,0,0,0,16384,0,0,0,0,0,0,0,0,0,0,0,4834,115,0,0,0,0,0,24635270,0,72,0,16,115,4834,0,0,0,0,0,0,0,0,0,0,0,0,0,0,0,0,0,0,0,0,0,0,0,0,0,0,0,0,0,0,0,0,0,0,0,0,0,0,0,0,0,0,0,0,0,0,0,0,0,0,0,0,0,0,166262958,0,0,0,873093551,0,0,0,0,0,0,0,22712774,27111845,192753252,195223474688,19459214,0,0,0,0,0,0,0,0,0,0,0,0,0,0,0,0,0,0,0,0,0,0,0,0,0,0,0,0,0,0,0,86,0,0,0,0,0,0,0
1787687243.744,0,0,0,0,0,0,0,689391144,421593713152,691891301888,0,0,0,0,0,0,0,0,0,0,0,0,0,0,0,0,0,0,0,0,0,0,0,0,0,0,0,0,0,0,0,0,0,0,0,0,0,0,0,0,0,0,0,0,0,0,0,0,0,0,0,0,0,0,0,0,0,0,0,0,7,6221258,25752974,24743970,0,0,0,0,0,0,0,0,0,0,0,0,0,0,0,0,0,0,0,0,0,0,0,0,0,0,0,0,0,0,0,0,0,0,0,0,0,51518455808,14130315264,3144437,862446,24658465,907,0,384,3145728,22633595,3111910,147,3162985775,51539607552,0,1076277355,0,0,0,0,0,0,0,0,0,0,0,0,0,0,0,0,0,0,8106599,407677357,0,468,1204,7863,623,16213361,35,0,0,0,0,0,0,0,1,0,0,0,0,0,0,0,0,0,0,21957444,0,24658168,213346,0,0,0,0,0,0,0,0,16384,0,0,0,0,0,0,0,0,0,0,0,4835,115,0,0,0,0,0,24637621,0,72,0,16,115,4835,0,0,0,0,0,0,0,0,0,0,0,0,0,0,0,0,0,0,0,0,0,0,0,0,0,0,0,0,0,0,0,0,0,0,0,0,0,0,0,0,0,0,0,0,0,0,0,0,0,0,0,0,0,0,166265226,0,0,0,873106599,0,0,0,0,0,0,0,22714518,27121011,192758424,195226518528,19460575,0,0,0,0,0,0,0,0,0,0,0,0,0,0,0,0,0,0,0,0,0,0,0,0,0,0,0,0,0,0,0,295,0,0,0,0,0,0,0
1787687244.812,0,0,0,0,0,0,0,689418981,421745314304,691943299072,0,0,0,0,0,0,0,0,0,0,0,0,0,0,0,0,0,0,0,0,0,0,0,0,0,0,0,0,0,0,0,0,0,0,0,0,0,0,0,0,0,0,0,0,0,0,0,0,0,0,0,0,0,0,0,0,0,0,0,0,7,6221312,25762232,24746883,0,0,0,0,0,0,0,0,0,0,0,0,0,0,0,0,0,0,0,0,0,0,0,0,0,0,0,0,0,0,0,0,0,0,0,0,0,51528105984,14134018048,3145026,862672,24661378,318,0,384,3145728,22642851,3111910,147,3163125917,51539607552,0,1076299142,0,0,0,0,0,0,0,0,0,0,0,0,0,0,0,0,0,0,8107381,407678138,0,468,1204,7863,623,16214925,35,0,0,0,0,0,0,0,1,0,0,0,0,0,0,0,0,0,0,21958430,0,24661081,213370,0,0,0,0,0,0,0,0,16384,0,0,0,0,0,0,0,0,0,0,0,4836,115,0,0,0,0,0,24640007,0,72,0,16,115,4836,0,0,0,0,0,0,0,0,0,0,0,0,0,0,0,0,0,0,0,0,0,0,0,0,0,0,0,0,0,0,0,0,0,0,0,0,0,0,0,0,0,0,0,0,0,0,0,0,0,0,0,0,0,0,166267435,0,0,0,873120080,0,0,0,0,0,0,0,22716322,27130265,192763569,195229762560,19461999,1,0,0,0,0,0,0,0,0,0,0,0,0,0,0,0,0,0,0,0,0,0,0,0,0,0,0,0,0,0,0,213,0,0,0,0,0,0,0
1787687245.889,0,0,0,0,0,0,0,689446988,421896948224,691995489792,0,0,0,0,0,0,0,0,0,0,0,0,0,0,0,0,0,0,0,0,0,0,0,0,0,0,0,0,0,0,0,0,0,0,0,0,0,0,0,0,0,0,0,0,0,0,0,0,0,0,0,0,0,0,0,0,0,0,0,0,7,6221362,25771494,24749787,0,0,0,0,0,0,0,0,0,0,0,0,0,0,0,0,0,0,0,0,0,0,0,0,0,0,0,0,0,0,0,0,0,0,0,0,0,51533299712,14137753600,3145343,862900,24664282,1,0,384,3145728,22652110,3111910,147,3163266812,51539607552,0,1076321153,0,0,0,0,0,0,0,0,0,0,0,0,0,0,0,0,0,0,8108164,407678922,0,468,1204,7863,623,16216491,35,0,0,0,0,0,0,0,1,0,0,0,0,0,0,0,0,0,0,21959420,0,24663985,213395,0,0,0,0,0,0,0,0,16384,0,0,0,0,0,0,0,0,0,0,0,4838,115,0,0,0,0,0,24642392,0,72,0,16,115,4838,0,0,0,0,0,0,0,0,0,0,0,0,0,0,0,0,0,0,0,0,0,0,0,0,0,0,0,0,0,0,0,0,0,0,0,0,0,0,0,0,0,0,0,0,0,0,0,0,0,0,0,0,0,0,166269768,0,0,0,873133604,0,0,0,0,0,0,0,22718173,27139520,192768829,195233288192,19463447,0,0,0,0,0,0,0,0,0,0,0,0,0,0,0,0,0,0,0,0,0,0,0,0,0,0,0,0,0,0,0,140,0,0,0,0,0,0,0
1787687246.957,0,0,0,0,0,0,0,689474069,422045288960,692093236224,0,0,0,0,0,0,0,0,0,0,0,0,0,0,0,0,0,0,0,0,0,0,0,0,0,0,0,0,0,0,0,0,0,0,0,0,0,0,0,0,0,0,0,0,0,0,0,0,0,0,0,0,0,0,0,0,0,0,0,0,7,6221402,25780554,24755503,0,0,0,0,0,0,0,0,0,0,0,0,0,0,0,0,0,0,0,0,0,0,0,0,0,0,0,0,0,0,0,0,0,0,0,0,0,51404505088,14093647872,3137482,860208,24669998,7862,0,384,3145728,22661169,3111910,147,3163403403,51539607552,0,1076342356,0,0,0,0,0,0,0,0,0,0,0,0,0,0,0,0,0,0,8108926,407679684,0,468,1204,7863,623,16218017,35,0,0,0,0,0,0,0,1,0,0,0,0,0,0,0,0,0,0,21960382,0,24669701,213444,0,0,0,0,0,0,0,0,16384,0,0,0,0,0,0,0,0,0,0,0,4839,115,0,0,0,0,0,24644708,0,72,0,16,115,4839,0,0,0,0,0,0,0,0,0,0,0,0,0,0,0,0,0,0,0,0,0,0,0,0,0,0,0,0,0,0,0,0,0,0,0,0,0,0,0,0,0,0,0,0,0,0,0,0,0,0,0,0,0,0,166272019,0,0,0,873146782,0,0,0,0,0,0,0,22720332,27148574,192776839,195236471808,19464793,0,0,0,0,0,0,0,0,0,0,0,0,0,0,0,0,0,0,0,0,0,0,0,0,0,0,0,0,0,0,0,23,0,0,0,0,0,0,0
1787687248.029,0,0,0,0,0,0,0,689501683,422198462976,692144477696,0,0,0,0,0,0,0,0,0,0,0,0,0,0,0,0,0,0,0,0,0,0,0,0,0,0,0,0,0,0,0,0,0,0,0,0,0,0,0,0,0,0,0,0,0,0,0,0,0,0,0,0,0,0,0,0,0,0,0,0,7,6221455,25789909,24758362,0,0,0,0,0,0,0,0,0,0,0,0,0,0,0,0,0,0,0,0,0,0,0,0,0,0,0,0,0,0,0,0,0,0,0,0,0,51414368256,14096252928,3138084,860367,24672857,7260,0,384,3145728,22670523,3111910,147,3163541370,51539607552,0,1076362897,0,0,0,0,0,0,0,0,0,0,0,0,0,0,0,0,0,0,8109703,407680461,0,468,1204,7863,623,16219569,35,0,0,0,0,0,0,0,1,0,0,0,0,0,0,0,0,0,0,21961359,0,24672560,213469,0,0,0,0,0,0,0,0,16384,0,0,0,0,0,0,0,0,0,0,0,4840,115,0,0,0,0,0,24647077,0,72,0,16,115,4840,0,0,0,0,0,0,0,0,0,0,0,0,0,0,0,0,0,0,0,0,0,0,0,0,0,0,0,0,0,0,0,0,0,0,0,0,0,0,0,0,0,0,0,0,0,0,0,0,0,0,0,0,0,0,166274275,0,0,0,873159850,0,0,0,0,0,0,0,22722111,27157924,192781979,195239662592,19466191,0,0,0,0,0,0,0,0,0,0,0,0,0,0,0,0,0,0,0,0,0,0,0,0,0,0,0,0,0,0,0,256,0,0,0,0,0,0,0
1787687249.097,0,0,0,0,0,0,0,689529526,422349949440,692195965952,0,0,0,0,0,0,0,0,0,0,0,0,0,0,0,0,0,0,0,0,0,0,0,0,0,0,0,0,0,0,0,0,0,0,0,0,0,0,0,0,0,0,0,0,0,0,0,0,0,0,0,0,0,0,0,0,0,0,0,0,7,6221514,25799156,24761223,0,0,0,0,0,0,0,0,0,0,0,0,0,0,0,0,0,0,0,0,0,0,0,0,0,0,0,0,0,0,0,0,0,0,0,0,0,51424198656,14099660800,3138684,860575,24675718,6660,0,384,3145728,22679770,3111910,147,3163681878,51539607552,0,1076385059,0,0,0,0,0,0,0,0,0,0,0,0,0,0,0,0,0,0,8110482,407681240,0,468,1204,7863,623,16221129,35,0,0,0,0,0,0,0,1,0,0,0,0,0,0,0,0,0,0,21962344,0,24675421,213495,0,0,0,0,0,0,0,0,16384,0,0,0,0,0,0,0,0,0,0,0,4841,115,0,0,0,0,0,24649454,0,72,0,16,115,4841,0,0,0,0,0,0,0,0,0,0,0,0,0,0,0,0,0,0,0,0,0,0,0,0,0,0,0,0,0,0,0,0,0,0,0,0,0,0,0,0,0,0,0,0,0,0,0,0,0,0,0,0,0,0,166276560,0,0,0,873173311,0,0,0,0,0,0,0,22723910,27167169,192787150,195243093504,19467547,0,0,0,0,0,0,0,0,0,0,0,0,0,0,0,0,0,0,0,0,0,0,0,0,0,0,0,0,0,0,0,157,0,0,0,0,0,0,0
1787687250.166,0,0,0,0,0,0,0,689557647,422503549440,692247049728,0,0,0,0,0,0,0,0,0,0,0,0,0,0,0,0,0,0,0,0,0,0,0,0,0,0,0,0,0,0,0,0,0,0,0,0,0,0,0,0,0,0,0,0,0,0,0,0,0,0,0,0,0,0,0,0,0,0,0,0,7,6221570,25808532,24764059,0,0,0,0,0,0,0,0,0,0,0,0,0,0,0,0,0,0,0,0,0,0,0,0,0,0,0,0,0,0,0,0,0,0,0,0,0,51434733568,14104428544,3139327,860866,24678554,6017,0,384,3145728,22689145,3111910,147,3163823381,51539607552,0,1076407078,0,0,0,0,0,0,0,0,0,0,0,0,0,0,0,0,0,0,8111271,407682029,0,468,1204,7863,623,16222705,35,0,0,0,0,0,0,0,1,0,0,0,0,0,0,0,0,0,0,21963340,0,24678257,213519,0,0,0,0,0,0,0,0,16384,0,0,0,0,0,0,0,0,0,0,0,4842,115,0,0,0,0,0,24651857,0,72,0,16,115,4842,0,0,0,0,0,0,0,0,0,0,0,0,0,0,0,0,0,0,0,0,0,0,0,0,0,0,0,0,0,0,0,0,0,0,0,0,0,0,0,0,0,0,0,0,0,0,0,0,0,0,0,0,0,0,166278938,0,0,0,873186909,0,0,0,0,0,0,0,22725693,27176547,192792389,195246577664,19468965,0,0,0,0,0,0,0,0,0,0,0,0,0,0,0,0,0,0,0,0,0,0,0,0,0,0,0,0,0,0,0,88,0,0,0,0,0,0,0
1787687251.235,0,0,0,0,0,0,0,689585415,422654413312,692298510336,0,0,0,0,0,0,0,0,0,0,0,0,0,0,0,0,0,0,0,0,0,0,0,0,0,0,0,0,0,0,0,0,0,0,0,0,0,0,0,0,0,0,0,0,0,0,0,0,0,0,0,0,0,0,0,0,0,0,0,0,7,6221617,25817741,24766930,0,0,0,0,0,0,0,0,0,0,0,0,0,0,0,0,0,0,0,0,0,0,0,0,0,0,0,0,0,0,0,0,0,0,0,0,0,51443400704,14108262400,3139856,861100,24681425,5487,0,385,3145728,22698351,3111910,147,3163963097,51539607552,0,1076428670,0,0,0,0,0,0,0,0,0,0,0,0,0,0,0,0,0,0,8112051,407682809,0,468,1204,7863,623,16224267,35,0,0,0,0,0,0,0,1,0,0,0,0,0,0,0,0,0,0,21964327,0,24681128,213543,0,0,0,0,0,0,0,0,16384,0,0,0,0,0,0,0,0,0,0,0,4843,115,0,0,0,0,0,24654226,0,72,0,16,115,4843,0,0,0,0,0,0,0,0,0,0,0,0,0,0,0,0,0,0,0,0,0,0,0,0,0,0,0,0,0,0,0,0,0,0,0,0,0,0,0,0,0,0,0,0,0,0,0,0,0,0,0,0,0,0,166281233,0,0,0,873200360,0,0,0,0,0,0,0,22727433,27185751,192797579,195249872896,19470358,0,0,0,0,0,0,0,0,0,0,0,0,0,0,0,0,0,0,0,0,0,0,0,0,0,0,0,0,0,0,0,20,0,0,0,0,0,0,0
1787687252.305,0,0,0,0,0,0,0,689613291,422807063040,692349241344,0,0,0,0,0,0,0,0,0,0,0,0,0,0,0,0,0,0,0,0,0,0,0,0,0,0,0,0,0,0,0,0,0,0,0,0,0,0,0,0,0,0,0,0,0,0,0,0,0,0,0,0,0,0,0,0,0,0,0,0,7,6221673,25827059,24769757,0,0,0,0,0,0,0,0,0,0,0,0,0,0,0,0,0,0,0,0,0,0,0,0,0,0,0,0,0,0,0,0,0,0,0,0,0,51456049152,14112571392,3140628,861363,24684252,4716,0,384,3145728,22707666,3111910,147,3164102080,51539607552,0,1076449723,0,0,0,0,0,0,0,0,0,0,0,0,0,0,0,0,0,0,8112834,407683592,0,468,1204,7863,623,16225831,35,0,0,0,0,0,0,0,1,0,0,0,0,0,0,0,0,0,0,21965316,0,24683955,213567,0,0,0,0,0,0,0,0,16384,0,0,0,0,0,0,0,0,0,0,0,4844,115,0,0,0,0,0,24656609,0,72,0,16,115,4844,0,0,0,0,0,0,0,0,0,0,0,0,0,0,0,0,0,0,0,0,0,0,0,0,0,0,0,0,0,0,0,0,0,0,0,0,0,0,0,0,0,0,0,0,0,0,0,0,0,0,0,0,0,0,166283548,0,0,0,873213553,0,0,0,0,0,0,0,22729277,27195064,192802745,195253089280,19471771,0,0,0,0,0,0,0,0,0,0,0,0,0,0,0,0,0,0,0,0,0,0,0,0,0,0,0,0,0,0,0,231,0,0,0,0,0,0,0
1787687253.377,0,0,0,0,0,0,0,689641287,422960663040,692401602048,0,0,0,0,0,0,0,0,0,0,0,0,0,0,0,0,0,0,0,0,0,0,0,0,0,0,0,0,0,0,0,0,0,0,0,0,0,0,0,0,0,0,0,0,0,0,0,0,0,0,0,0,0,0,0,0,0,0,0,0,7,6221736,25836435,24772662,0,0,0,0,0,0,0,0,0,0,0,0,0,0,0,0,0,0,0,0,0,0,0,0,0,0,0,0,0,0,0,0,0,0,0,0,0,51466731520,14116306944,3141280,861591,24687157,4064,0,384,3145728,22717042,3111910,147,3164243530,51539607552,0,1076472151,0,0,0,0,0,0,0,0,0,0,0,0,0,0,0,0,0,0,8113617,407684374,0,468,1204,7863,623,16227397,35,0,0,0,0,0,0,0,1,0,0,0,0,0,0,0,0,0,0,21966299,0,24686860,213592,0,0,0,0,0,0,0,0,16384,0,0,0,0,0,0,0,0,0,0,0,4845,115,0,0,0,0,0,24658987,0,72,0,16,115,4845,0,0,0,0,0,0,0,0,0,0,0,0,0,0,0,0,0,0,0,0,0,0,0,0,0,0,0,0,0,0,0,0,0,0,0,0,0,0,0,0,0,0,0,0,0,0,0,0,0,0,0,0,0,0,166285874,0,0,0,873227076,0,0,0,0,0,0,0,22731138,27204438,192807998,195256760832,19473212,0,0,0,0,0,0,0,0,0,0,0,0,0,0,0,0,0,0,0,0,0,0,0,0,0,0,0,0,0,0,0,147,0,0,0,0,0,0,0
1787687254.450,0,0,0,0,0,0,0,689669205,423114656256,692454211584,0,0,0,0,0,0,0,0,0,0,0,0,0,0,0,0,0,0,0,0,0,0,0,0,0,0,0,0,0,0,0,0,0,0,0,0,0,0,0,0,0,0,0,0,0,0,0,0,0,0,0,0,0,0,0,0,0,0,0,0,7,6221788,25845836,24775599,0,0,0,0,0,0,0,0,0,0,0,0,0,0,0,0,0,0,0,0,0,0,0,0,0,0,0,0,0,0,0,0,0,0,0,0,0,51476447232,14118600704,3141873,861731,24690094,3471,0,384,3145728,22726442,3111910,147,3164384367,51539607552,0,1076494044,0,0,0,0,0,0,0,0,0,0,0,0,0,0,0,0,0,0,8114399,407685157,0,468,1204,7863,623,16228961,35,0,0,0,0,0,0,0,1,0,0,0,0,0,0,0,0,0,0,21967290,0,24689797,213617,0,0,0,0,0,0,0,0,16384,0,0,0,0,0,0,0,0,0,0,0,4846,115,0,0,0,0,0,24661372,0,72,0,16,115,4846,0,0,0,0,0,0,0,0,0,0,0,0,0,0,0,0,0,0,0,0,0,0,0,0,0,0,0,0,0,0,0,0,0,0,0,0,0,0,0,0,0,0,0,0,0,0,0,0,0,0,0,0,0,0,166288256,0,0,0,873240559,0,0,0,0,0,0,0,22732934,27213834,192813338,195260196864,19474614,0,0,0,0,0,0,0,0,0,0,0,0,0,0,0,0,0,0,0,0,0,0,0,0,0,0,0,0,0,0,0,87,0,0,0,0,0,0,0
