timestamp_unix,timestamp_human,type,name,spins,waits,calls
1787307844.528,2026-08-21 10:24:04.529,InnoDB,BUF_POOL_LRU_LIST,698899641,15033006,40923796
1787307844.528,2026-08-21 10:24:04.529,InnoDB,FLUSH_LIST,1385164,17794,786680
1787307844.528,2026-08-21 10:24:04.529,InnoDB,BUF_POOL_FLUSH_STATE,5790416,7394,2620140
1787307844.528,2026-08-21 10:24:04.529,InnoDB,LOG_WRITER,94715,3132,215
1787307844.528,2026-08-21 10:24:04.529,InnoDB,BUF_BLOCK_MUTEX,56176,917,11275
1787307844.528,2026-08-21 10:24:04.529,InnoDB,TRX_SYS,257147,875,199511
1787307844.528,2026-08-21 10:24:04.529,InnoDB,TRX_SYS_SERIALISATION,32975,360,20355
1787307844.528,2026-08-21 10:24:04.529,InnoDB,BUF_POOL_FREE_LIST,2482539,241,1912117
1787307844.528,2026-08-21 10:24:04.529,InnoDB,DICT_PERSIST_DIRTY_TABLES,4420,119,203
1787307844.528,2026-08-21 10:24:04.529,InnoDB,IBUF_BITMAP,6154,109,1751
1787307844.528,2026-08-21 10:24:04.529,InnoDB,LOG_FILES,3354,78,124
1787307844.528,2026-08-21 10:24:04.529,InnoDB,LOG_FLUSHER,1771,42,79
1787307844.528,2026-08-21 10:24:04.529,InnoDB,DICT_SYS,73580,38,44004
1787307844.528,2026-08-21 10:24:04.529,InnoDB,FIL_SHARD,47145,30,46786
1787307844.528,2026-08-21 10:24:04.529,InnoDB,FIL_SHARD,40387,27,42880
1787307844.528,2026-08-21 10:24:04.529,InnoDB,FIL_SHARD,41564,26,43877
1787307844.528,2026-08-21 10:24:04.529,InnoDB,FIL_SHARD,40479,26,41322
1787307844.528,2026-08-21 10:24:04.529,InnoDB,FIL_SHARD,47761,26,49823
1787307844.528,2026-08-21 10:24:04.529,InnoDB,FIL_SHARD,73621,26,62755
1787307844.528,2026-08-21 10:24:04.529,InnoDB,FIL_SHARD,40112,25,40214
1787307844.528,2026-08-21 10:24:04.529,InnoDB,FIL_SHARD,39802,25,39908
1787307844.528,2026-08-21 10:24:04.529,InnoDB,FIL_SHARD,38281,24,38673
1787307844.528,2026-08-21 10:24:04.529,InnoDB,FIL_SHARD,45420,24,45109
1787307844.528,2026-08-21 10:24:04.529,InnoDB,FIL_SHARD,40674,23,40956
1787307844.528,2026-08-21 10:24:04.529,InnoDB,FIL_SHARD,44158,23,43834
1787307844.528,2026-08-21 10:24:04.529,InnoDB,FIL_SHARD,42852,23,42265
1787307844.528,2026-08-21 10:24:04.529,InnoDB,FIL_SHARD,44269,22,43664
1787307844.528,2026-08-21 10:24:04.529,InnoDB,FIL_SHARD,38694,20,39145
1787307844.528,2026-08-21 10:24:04.529,InnoDB,FIL_SHARD,44765,20,43901
1787307844.528,2026-08-21 10:24:04.529,InnoDB,FIL_SHARD,44897,20,47053
1787307844.528,2026-08-21 10:24:04.529,InnoDB,FIL_SHARD,41301,20,40655
1787307844.528,2026-08-21 10:24:04.529,InnoDB,FIL_SHARD,39008,17,39943
1787307844.528,2026-08-21 10:24:04.529,InnoDB,FIL_SHARD,42883,15,46175
1787307844.528,2026-08-21 10:24:04.529,InnoDB,UNDO_SPACE_RSEG,395,12,25
1787307844.528,2026-08-21 10:24:04.529,InnoDB,UNDO_SPACE_RSEG,422,11,24
1787307844.528,2026-08-21 10:24:04.529,InnoDB,UNDO_SPACE_RSEG,449,11,37
1787307844.528,2026-08-21 10:24:04.529,InnoDB,UNDO_SPACE_RSEG,443,11,32
1787307844.528,2026-08-21 10:24:04.529,InnoDB,UNDO_SPACE_RSEG,353,10,26
1787307844.528,2026-08-21 10:24:04.529,InnoDB,UNDO_SPACE_RSEG,371,10,28
1787307844.528,2026-08-21 10:24:04.529,InnoDB,UNDO_SPACE_RSEG,377,10,35
1787307844.528,2026-08-21 10:24:04.529,InnoDB,UNDO_SPACE_RSEG,412,10,39
1787307844.528,2026-08-21 10:24:04.529,InnoDB,UNDO_SPACE_RSEG,391,10,30
1787307844.528,2026-08-21 10:24:04.529,InnoDB,UNDO_SPACE_RSEG,365,10,30
1787307844.528,2026-08-21 10:24:04.529,InnoDB,UNDO_SPACE_RSEG,350,10,27
1787307844.528,2026-08-21 10:24:04.529,InnoDB,UNDO_SPACE_RSEG,349,10,25
1787307844.528,2026-08-21 10:24:04.529,InnoDB,UNDO_SPACE_RSEG,354,10,23
1787307844.528,2026-08-21 10:24:04.529,InnoDB,UNDO_SPACE_RSEG,372,10,29
1787307844.528,2026-08-21 10:24:04.529,InnoDB,UNDO_SPACE_RSEG,367,9,40
1787307844.528,2026-08-21 10:24:04.529,InnoDB,UNDO_SPACE_RSEG,387,9,31
1787307844.528,2026-08-21 10:24:04.529,InnoDB,UNDO_SPACE_RSEG,373,9,28
1787307844.528,2026-08-21 10:24:04.529,InnoDB,UNDO_SPACE_RSEG,322,9,24
1787307844.528,2026-08-21 10:24:04.529,InnoDB,UNDO_SPACE_RSEG,321,8,28
1787307844.528,2026-08-21 10:24:04.529,InnoDB,UNDO_SPACE_RSEG,314,8,28
1787307844.528,2026-08-21 10:24:04.529,InnoDB,UNDO_SPACE_RSEG,281,8,22
1787307844.528,2026-08-21 10:24:04.529,InnoDB,UNDO_SPACE_RSEG,280,8,24
1787307844.528,2026-08-21 10:24:04.529,InnoDB,UNDO_SPACE_RSEG,267,8,17
1787307844.528,2026-08-21 10:24:04.529,InnoDB,UNDO_SPACE_RSEG,312,8,24
1787307844.528,2026-08-21 10:24:04.529,InnoDB,UNDO_SPACE_RSEG,287,8,24
1787307844.528,2026-08-21 10:24:04.529,InnoDB,UNDO_SPACE_RSEG,261,8,13
1787307844.528,2026-08-21 10:24:04.529,InnoDB,FIL_SHARD,2113,8,2125
1787307844.528,2026-08-21 10:24:04.529,InnoDB,UNDO_SPACE_RSEG,272,8,21
1787307844.528,2026-08-21 10:24:04.529,InnoDB,UNDO_SPACE_RSEG,305,8,26
1787307844.528,2026-08-21 10:24:04.529,InnoDB,UNDO_SPACE_RSEG,363,8,25
1787307844.528,2026-08-21 10:24:04.529,InnoDB,UNDO_SPACE_RSEG,317,8,30
1787307844.528,2026-08-21 10:24:04.529,InnoDB,UNDO_SPACE_RSEG,284,8,24
1787307844.528,2026-08-21 10:24:04.529,InnoDB,UNDO_SPACE_RSEG,315,8,27
1787307844.528,2026-08-21 10:24:04.529,InnoDB,UNDO_SPACE_RSEG,290,8,21
1787307844.528,2026-08-21 10:24:04.529,InnoDB,UNDO_SPACE_RSEG,239,7,19
1787307844.528,2026-08-21 10:24:04.529,InnoDB,UNDO_SPACE_RSEG,228,7,12
1787307844.528,2026-08-21 10:24:04.529,InnoDB,UNDO_SPACE_RSEG,238,7,23
1787307844.528,2026-08-21 10:24:04.529,InnoDB,UNDO_SPACE_RSEG,244,7,22
1787307844.528,2026-08-21 10:24:04.529,InnoDB,UNDO_SPACE_RSEG,252,7,26
1787307844.528,2026-08-21 10:24:04.529,InnoDB,UNDO_SPACE_RSEG,275,7,29
1787307844.528,2026-08-21 10:24:04.529,InnoDB,UNDO_SPACE_RSEG,266,7,33
1787307844.528,2026-08-21 10:24:04.529,InnoDB,UNDO_SPACE_RSEG,260,7,17
1787307844.528,2026-08-21 10:24:04.529,InnoDB,UNDO_SPACE_RSEG,244,7,21
1787307844.528,2026-08-21 10:24:04.529,InnoDB,UNDO_SPACE_RSEG,280,7,32
1787307844.528,2026-08-21 10:24:04.529,InnoDB,UNDO_SPACE_RSEG,273,7,23
1787307844.528,2026-08-21 10:24:04.529,InnoDB,UNDO_SPACE_RSEG,272,7,29
1787307844.528,2026-08-21 10:24:04.529,InnoDB,UNDO_SPACE_RSEG,252,7,29
1787307844.528,2026-08-21 10:24:04.529,InnoDB,UNDO_SPACE_RSEG,265,7,24
1787307844.528,2026-08-21 10:24:04.529,InnoDB,UNDO_SPACE_RSEG,258,7,23
1787307844.528,2026-08-21 10:24:04.529,InnoDB,UNDO_SPACE_RSEG,249,7,31
1787307844.528,2026-08-21 10:24:04.529,InnoDB,UNDO_SPACE_RSEG,277,7,25
1787307844.528,2026-08-21 10:24:04.529,InnoDB,UNDO_SPACE_RSEG,265,7,25
1787307844.528,2026-08-21 10:24:04.529,InnoDB,UNDO_SPACE_RSEG,244,7,17
1787307844.528,2026-08-21 10:24:04.529,InnoDB,UNDO_SPACE_RSEG,280,7,33
1787307844.528,2026-08-21 10:24:04.529,InnoDB,UNDO_SPACE_RSEG,254,7,21
1787307844.528,2026-08-21 10:24:04.529,InnoDB,UNDO_SPACE_RSEG,287,7,17
1787307844.528,2026-08-21 10:24:04.529,InnoDB,UNDO_SPACE_RSEG,199,6,12
1787307844.528,2026-08-21 10:24:04.529,InnoDB,UNDO_SPACE_RSEG,258,6,27
1787307844.528,2026-08-21 10:24:04.529,InnoDB,UNDO_SPACE_RSEG,241,6,24
1787307844.528,2026-08-21 10:24:04.529,InnoDB,UNDO_SPACE_RSEG,218,6,15
1787307844.528,2026-08-21 10:24:04.529,InnoDB,UNDO_SPACE_RSEG,248,6,22
1787307844.528,2026-08-21 10:24:04.529,InnoDB,UNDO_SPACE_RSEG,226,6,22
1787307844.528,2026-08-21 10:24:04.529,InnoDB,UNDO_SPACE_RSEG,228,6,17
1787307844.528,2026-08-21 10:24:04.529,InnoDB,UNDO_SPACE_RSEG,269,6,24
1787307844.528,2026-08-21 10:24:04.529,InnoDB,UNDO_SPACE_RSEG,231,6,16
1787307844.528,2026-08-21 10:24:04.529,InnoDB,UNDO_SPACE_RSEG,258,6,17
1787307844.528,2026-08-21 10:24:04.529,InnoDB,UNDO_SPACE_RSEG,291,6,29
1787307844.528,2026-08-21 10:24:04.529,InnoDB,UNDO_SPACE_RSEG,255,6,22
1787307844.528,2026-08-21 10:24:04.529,InnoDB,UNDO_SPACE_RSEG,254,6,20
1787307844.528,2026-08-21 10:24:04.529,InnoDB,UNDO_SPACE_RSEG,217,6,18
1787307844.528,2026-08-21 10:24:04.529,InnoDB,UNDO_SPACE_RSEG,236,6,21
1787307844.528,2026-08-21 10:24:04.529,InnoDB,UNDO_SPACE_RSEG,212,6,17
1787307844.528,2026-08-21 10:24:04.529,InnoDB,UNDO_SPACE_RSEG,200,6,15
1787307844.528,2026-08-21 10:24:04.529,InnoDB,UNDO_SPACE_RSEG,216,6,11
1787307844.528,2026-08-21 10:24:04.529,InnoDB,UNDO_SPACE_RSEG,265,6,23
1787307844.528,2026-08-21 10:24:04.529,InnoDB,UNDO_SPACE_RSEG,202,6,14
1787307844.528,2026-08-21 10:24:04.529,InnoDB,UNDO_SPACE_RSEG,248,6,22
1787307844.528,2026-08-21 10:24:04.529,InnoDB,UNDO_SPACE_RSEG,188,6,9
1787307844.528,2026-08-21 10:24:04.529,InnoDB,UNDO_SPACE_RSEG,227,6,26
1787307844.528,2026-08-21 10:24:04.529,InnoDB,UNDO_SPACE_RSEG,242,6,23
1787307844.528,2026-08-21 10:24:04.529,InnoDB,UNDO_SPACE_RSEG,265,6,27
1787307844.528,2026-08-21 10:24:04.529,InnoDB,UNDO_SPACE_RSEG,227,6,21
1787307844.528,2026-08-21 10:24:04.529,InnoDB,UNDO_SPACE_RSEG,180,5,7
1787307844.528,2026-08-21 10:24:04.529,InnoDB,UNDO_SPACE_RSEG,177,5,13
1787307844.528,2026-08-21 10:24:04.529,InnoDB,UNDO_SPACE_RSEG,193,5,16
1787307844.528,2026-08-21 10:24:04.529,InnoDB,UNDO_SPACE_RSEG,216,5,17
1787307844.528,2026-08-21 10:24:04.529,InnoDB,UNDO_SPACE_RSEG,166,5,11
1787307844.528,2026-08-21 10:24:04.529,InnoDB,UNDO_SPACE_RSEG,208,5,20
1787307844.528,2026-08-21 10:24:04.529,InnoDB,UNDO_SPACE_RSEG,200,5,20
1787307844.528,2026-08-21 10:24:04.529,InnoDB,UNDO_SPACE_RSEG,167,5,14
1787307844.528,2026-08-21 10:24:04.529,InnoDB,UNDO_SPACE_RSEG,183,5,13
1787307844.528,2026-08-21 10:24:04.529,InnoDB,UNDO_SPACE_RSEG,232,5,17
1787307844.528,2026-08-21 10:24:04.529,InnoDB,UNDO_SPACE_RSEG,169,5,8
1787307844.528,2026-08-21 10:24:04.529,InnoDB,UNDO_SPACE_RSEG,166,5,13
1787307844.528,2026-08-21 10:24:04.529,InnoDB,UNDO_SPACE_RSEG,166,5,8
1787307844.528,2026-08-21 10:24:04.529,InnoDB,UNDO_SPACE_RSEG,191,5,18
1787307844.528,2026-08-21 10:24:04.529,InnoDB,UNDO_SPACE_RSEG,190,5,20
1787307844.528,2026-08-21 10:24:04.529,InnoDB,UNDO_SPACE_RSEG,186,5,17
1787307844.528,2026-08-21 10:24:04.529,InnoDB,UNDO_SPACE_RSEG,276,5,21
1787307844.528,2026-08-21 10:24:04.529,InnoDB,UNDO_SPACE_RSEG,202,5,15
1787307844.528,2026-08-21 10:24:04.529,InnoDB,UNDO_SPACE_RSEG,178,5,17
1787307844.528,2026-08-21 10:24:04.529,InnoDB,UNDO_SPACE_RSEG,207,5,27
1787307844.528,2026-08-21 10:24:04.529,InnoDB,UNDO_SPACE_RSEG,199,5,20
1787307844.528,2026-08-21 10:24:04.529,InnoDB,UNDO_SPACE_RSEG,204,5,15
1787307844.528,2026-08-21 10:24:04.529,InnoDB,UNDO_SPACE_RSEG,185,5,15
1787307844.528,2026-08-21 10:24:04.529,InnoDB,UNDO_SPACE_RSEG,191,5,21
1787307844.528,2026-08-21 10:24:04.529,InnoDB,UNDO_SPACE_RSEG,209,5,24
1787307844.528,2026-08-21 10:24:04.529,InnoDB,UNDO_SPACE_RSEG,246,5,30
1787307844.528,2026-08-21 10:24:04.529,InnoDB,UNDO_SPACE_RSEG,204,5,21
1787307844.528,2026-08-21 10:24:04.529,InnoDB,UNDO_SPACE_RSEG,253,5,25
1787307844.528,2026-08-21 10:24:04.529,InnoDB,UNDO_SPACE_RSEG,213,5,19
1787307844.528,2026-08-21 10:24:04.529,InnoDB,UNDO_SPACE_RSEG,202,5,19
1787307844.528,2026-08-21 10:24:04.529,InnoDB,UNDO_SPACE_RSEG,242,5,21
1787307844.528,2026-08-21 10:24:04.529,InnoDB,UNDO_SPACE_RSEG,184,5,18
1787307844.528,2026-08-21 10:24:04.529,InnoDB,UNDO_SPACE_RSEG,183,5,16
1787307844.528,2026-08-21 10:24:04.529,InnoDB,UNDO_SPACE_RSEG,174,4,15
1787307844.528,2026-08-21 10:24:04.529,InnoDB,UNDO_SPACE_RSEG,131,4,9
1787307844.528,2026-08-21 10:24:04.529,InnoDB,UNDO_SPACE_RSEG,180,4,21
1787307844.528,2026-08-21 10:24:04.529,InnoDB,UNDO_SPACE_RSEG,143,4,8
1787307844.528,2026-08-21 10:24:04.529,InnoDB,UNDO_SPACE_RSEG,158,4,22
1787307844.528,2026-08-21 10:24:04.529,InnoDB,UNDO_SPACE_RSEG,157,4,13
1787307844.528,2026-08-21 10:24:04.529,InnoDB,UNDO_SPACE_RSEG,202,4,20
1787307844.528,2026-08-21 10:24:04.529,InnoDB,UNDO_SPACE_RSEG,192,4,24
1787307844.528,2026-08-21 10:24:04.529,InnoDB,UNDO_SPACE_RSEG,149,4,11
1787307844.528,2026-08-21 10:24:04.529,InnoDB,UNDO_SPACE_RSEG,157,4,16
1787307844.528,2026-08-21 10:24:04.529,InnoDB,UNDO_SPACE_RSEG,162,4,18
1787307844.528,2026-08-21 10:24:04.529,InnoDB,UNDO_SPACE_RSEG,155,4,12
1787307844.528,2026-08-21 10:24:04.529,InnoDB,UNDO_SPACE_RSEG,138,4,9
1787307844.528,2026-08-21 10:24:04.529,InnoDB,UNDO_SPACE_RSEG,158,4,18
1787307844.528,2026-08-21 10:24:04.529,InnoDB,UNDO_SPACE_RSEG,231,4,21
1787307844.528,2026-08-21 10:24:04.529,InnoDB,UNDO_SPACE_RSEG,165,4,11
1787307844.528,2026-08-21 10:24:04.529,InnoDB,UNDO_SPACE_RSEG,175,4,15
1787307844.528,2026-08-21 10:24:04.529,InnoDB,UNDO_SPACE_RSEG,182,4,15
1787307844.528,2026-08-21 10:24:04.529,InnoDB,UNDO_SPACE_RSEG,224,4,29
1787307844.528,2026-08-21 10:24:04.529,InnoDB,UNDO_SPACE_RSEG,142,4,15
1787307844.528,2026-08-21 10:24:04.529,InnoDB,UNDO_SPACE_RSEG,148,4,17
1787307844.528,2026-08-21 10:24:04.529,InnoDB,UNDO_SPACE_RSEG,136,4,11
1787307844.528,2026-08-21 10:24:04.529,InnoDB,UNDO_SPACE_RSEG,139,4,10
1787307844.528,2026-08-21 10:24:04.529,InnoDB,UNDO_SPACE_RSEG,145,4,11
1787307844.528,2026-08-21 10:24:04.529,InnoDB,UNDO_SPACE_RSEG,137,4,12
1787307844.528,2026-08-21 10:24:04.529,InnoDB,UNDO_SPACE_RSEG,161,4,13
1787307844.528,2026-08-21 10:24:04.529,InnoDB,UNDO_SPACE_RSEG,144,4,18
1787307844.528,2026-08-21 10:24:04.529,InnoDB,UNDO_SPACE_RSEG,149,4,13
1787307844.528,2026-08-21 10:24:04.529,InnoDB,UNDO_SPACE_RSEG,172,4,18
1787307844.528,2026-08-21 10:24:04.529,InnoDB,UNDO_SPACE_RSEG,175,4,24
1787307844.528,2026-08-21 10:24:04.529,InnoDB,UNDO_SPACE_RSEG,162,4,20
1787307844.528,2026-08-21 10:24:04.529,InnoDB,UNDO_SPACE_RSEG,163,4,20
1787307844.528,2026-08-21 10:24:04.529,InnoDB,UNDO_SPACE_RSEG,177,4,17
1787307844.528,2026-08-21 10:24:04.529,InnoDB,UNDO_SPACE_RSEG,139,4,15
1787307844.528,2026-08-21 10:24:04.529,InnoDB,UNDO_SPACE_RSEG,191,4,17
1787307844.528,2026-08-21 10:24:04.529,InnoDB,UNDO_SPACE_RSEG,170,4,22
1787307844.528,2026-08-21 10:24:04.529,InnoDB,UNDO_SPACE_RSEG,155,4,14
1787307844.528,2026-08-21 10:24:04.529,InnoDB,UNDO_SPACE_RSEG,153,4,14
1787307844.528,2026-08-21 10:24:04.529,InnoDB,UNDO_SPACE_RSEG,176,4,18
1787307844.528,2026-08-21 10:24:04.529,InnoDB,UNDO_SPACE_RSEG,176,4,23
1787307844.528,2026-08-21 10:24:04.529,InnoDB,UNDO_SPACE_RSEG,165,4,19
1787307844.528,2026-08-21 10:24:04.529,InnoDB,UNDO_SPACE_RSEG,135,4,8
1787307844.528,2026-08-21 10:24:04.529,InnoDB,UNDO_SPACE_RSEG,164,4,18
1787307844.528,2026-08-21 10:24:04.529,InnoDB,UNDO_SPACE_RSEG,127,3,12
1787307844.528,2026-08-21 10:24:04.529,InnoDB,UNDO_SPACE_RSEG,141,3,12
1787307844.528,2026-08-21 10:24:04.529,InnoDB,UNDO_SPACE_RSEG,153,3,14
1787307844.528,2026-08-21 10:24:04.529,InnoDB,UNDO_SPACE_RSEG,122,3,19
1787307844.528,2026-08-21 10:24:04.529,InnoDB,UNDO_SPACE_RSEG,104,3,7
1787307844.528,2026-08-21 10:24:04.529,InnoDB,UNDO_SPACE_RSEG,111,3,11
1787307844.528,2026-08-21 10:24:04.529,InnoDB,UNDO_SPACE_RSEG,109,3,11
1787307844.528,2026-08-21 10:24:04.529,InnoDB,UNDO_SPACE_RSEG,137,3,19
1787307844.528,2026-08-21 10:24:04.529,InnoDB,UNDO_SPACE_RSEG,139,3,17
1787307844.528,2026-08-21 10:24:04.529,InnoDB,UNDO_SPACE_RSEG,97,3,7
1787307844.528,2026-08-21 10:24:04.529,InnoDB,UNDO_SPACE_RSEG,104,3,9
1787307844.528,2026-08-21 10:24:04.529,InnoDB,UNDO_SPACE_RSEG,98,3,8
1787307844.528,2026-08-21 10:24:04.529,InnoDB,UNDO_SPACE_RSEG,110,3,7
1787307844.528,2026-08-21 10:24:04.529,InnoDB,UNDO_SPACE_RSEG,102,3,9
1787307844.528,2026-08-21 10:24:04.529,InnoDB,UNDO_SPACE_RSEG,141,3,22
1787307844.528,2026-08-21 10:24:04.529,InnoDB,UNDO_SPACE_RSEG,150,3,23
1787307844.528,2026-08-21 10:24:04.529,InnoDB,UNDO_SPACE_RSEG,105,3,9
1787307844.528,2026-08-21 10:24:04.529,InnoDB,UNDO_SPACE_RSEG,118,3,15
1787307844.528,2026-08-21 10:24:04.529,InnoDB,UNDO_SPACE_RSEG,154,3,23
1787307844.528,2026-08-21 10:24:04.529,InnoDB,UNDO_SPACE_RSEG,135,3,16
1787307844.528,2026-08-21 10:24:04.529,InnoDB,UNDO_SPACE_RSEG,152,3,22
1787307844.528,2026-08-21 10:24:04.529,InnoDB,UNDO_SPACE_RSEG,127,3,12
1787307844.528,2026-08-21 10:24:04.529,InnoDB,UNDO_SPACE_RSEG,122,3,12
1787307844.528,2026-08-21 10:24:04.529,InnoDB,UNDO_SPACE_RSEG,116,3,13
1787307844.528,2026-08-21 10:24:04.529,InnoDB,UNDO_SPACE_RSEG,139,3,15
1787307844.528,2026-08-21 10:24:04.529,InnoDB,UNDO_SPACE_RSEG,124,3,12
1787307844.528,2026-08-21 10:24:04.529,InnoDB,UNDO_SPACE_RSEG,116,3,13
1787307844.528,2026-08-21 10:24:04.529,InnoDB,UNDO_SPACE_RSEG,123,3,9
1787307844.528,2026-08-21 10:24:04.529,InnoDB,UNDO_SPACE_RSEG,115,3,12
1787307844.528,2026-08-21 10:24:04.529,InnoDB,UNDO_SPACE_RSEG,118,3,10
1787307844.528,2026-08-21 10:24:04.529,InnoDB,UNDO_SPACE_RSEG,155,3,13
1787307844.528,2026-08-21 10:24:04.529,InnoDB,UNDO_SPACE_RSEG,141,3,19
1787307844.528,2026-08-21 10:24:04.529,InnoDB,UNDO_SPACE_RSEG,155,3,20
1787307844.528,2026-08-21 10:24:04.529,InnoDB,UNDO_SPACE_RSEG,106,3,12
1787307844.528,2026-08-21 10:24:04.529,InnoDB,UNDO_SPACE_RSEG,115,3,17
1787307844.528,2026-08-21 10:24:04.529,InnoDB,UNDO_SPACE_RSEG,116,3,12
1787307844.528,2026-08-21 10:24:04.529,InnoDB,UNDO_SPACE_RSEG,123,3,12
1787307844.528,2026-08-21 10:24:04.529,InnoDB,UNDO_SPACE_RSEG,100,3,8
1787307844.528,2026-08-21 10:24:04.529,InnoDB,UNDO_SPACE_RSEG,154,3,19
1787307844.528,2026-08-21 10:24:04.529,InnoDB,UNDO_SPACE_RSEG,103,3,8
1787307844.528,2026-08-21 10:24:04.529,InnoDB,UNDO_SPACE_RSEG,114,3,14
1787307844.528,2026-08-21 10:24:04.529,InnoDB,UNDO_SPACE_RSEG,109,3,11
1787307844.528,2026-08-21 10:24:04.529,InnoDB,UNDO_SPACE_RSEG,112,3,10
1787307844.528,2026-08-21 10:24:04.529,InnoDB,UNDO_SPACE_RSEG,107,3,11
1787307844.528,2026-08-21 10:24:04.529,InnoDB,UNDO_SPACE_RSEG,136,3,12
1787307844.528,2026-08-21 10:24:04.529,InnoDB,UNDO_SPACE_RSEG,123,3,12
1787307844.528,2026-08-21 10:24:04.529,InnoDB,UNDO_SPACE_RSEG,104,3,7
1787307844.528,2026-08-21 10:24:04.529,InnoDB,UNDO_SPACE_RSEG,87,2,11
1787307844.528,2026-08-21 10:24:04.529,InnoDB,UNDO_SPACE_RSEG,72,2,8
1787307844.528,2026-08-21 10:24:04.529,InnoDB,FIL_SHARD,1430,2,1527
1787307844.528,2026-08-21 10:24:04.529,InnoDB,UNDO_SPACE_RSEG,84,2,13
1787307844.528,2026-08-21 10:24:04.529,InnoDB,UNDO_SPACE_RSEG,71,2,7
1787307844.528,2026-08-21 10:24:04.529,InnoDB,UNDO_SPACE_RSEG,93,2,12
1787307844.528,2026-08-21 10:24:04.529,InnoDB,UNDO_SPACE_RSEG,93,2,16
1787307844.528,2026-08-21 10:24:04.529,InnoDB,UNDO_SPACE_RSEG,70,2,6
1787307844.528,2026-08-21 10:24:04.529,InnoDB,UNDO_SPACE_RSEG,64,2,5
1787307844.528,2026-08-21 10:24:04.529,InnoDB,UNDO_SPACE_RSEG,153,2,21
1787307844.528,2026-08-21 10:24:04.529,InnoDB,UNDO_SPACE_RSEG,64,2,4
1787307844.528,2026-08-21 10:24:04.529,InnoDB,UNDO_SPACE_RSEG,64,2,4
1787307844.528,2026-08-21 10:24:04.529,InnoDB,UNDO_SPACE_RSEG,82,2,14
1787307844.528,2026-08-21 10:24:04.529,InnoDB,UNDO_SPACE_RSEG,82,2,8
1787307844.528,2026-08-21 10:24:04.529,InnoDB,UNDO_SPACE_RSEG,87,2,15
1787307844.528,2026-08-21 10:24:04.529,InnoDB,UNDO_SPACE_RSEG,84,2,13
1787307844.528,2026-08-21 10:24:04.529,InnoDB,LOCK_SYS_PAGE,85,2,31
1787307844.528,2026-08-21 10:24:04.529,InnoDB,UNDO_SPACE_RSEG,124,2,16
1787307844.528,2026-08-21 10:24:04.529,InnoDB,UNDO_SPACE_RSEG,66,2,5
1787307844.528,2026-08-21 10:24:04.529,InnoDB,UNDO_SPACE_RSEG,81,2,10
1787307844.528,2026-08-21 10:24:04.529,InnoDB,UNDO_SPACE_RSEG,75,2,7
1787307844.528,2026-08-21 10:24:04.529,InnoDB,UNDO_SPACE_RSEG,67,2,4
1787307844.528,2026-08-21 10:24:04.529,InnoDB,UNDO_SPACE_RSEG,95,2,14
1787307844.528,2026-08-21 10:24:04.529,InnoDB,UNDO_SPACE_RSEG,79,2,10
1787307844.528,2026-08-21 10:24:04.529,InnoDB,UNDO_SPACE_RSEG,83,2,7
1787307844.528,2026-08-21 10:24:04.529,InnoDB,UNDO_SPACE_RSEG,73,2,7
1787307844.528,2026-08-21 10:24:04.529,InnoDB,UNDO_SPACE_RSEG,71,2,6
1787307844.528,2026-08-21 10:24:04.529,InnoDB,UNDO_SPACE_RSEG,99,2,10
1787307844.528,2026-08-21 10:24:04.529,InnoDB,UNDO_SPACE_RSEG,116,2,12
1787307844.528,2026-08-21 10:24:04.529,InnoDB,UNDO_SPACE_RSEG,92,2,14
1787307844.528,2026-08-21 10:24:04.529,InnoDB,UNDO_SPACE_RSEG,107,2,11
1787307844.528,2026-08-21 10:24:04.529,InnoDB,UNDO_SPACE_RSEG,69,1,6
1787307844.528,2026-08-21 10:24:04.529,InnoDB,UNDO_SPACE_RSEG,78,1,15
1787307844.528,2026-08-21 10:24:04.529,InnoDB,UNDO_SPACE_RSEG,56,1,13
1787307844.528,2026-08-21 10:24:04.529,InnoDB,UNDO_SPACE_RSEG,81,1,11
1787307844.528,2026-08-21 10:24:04.529,InnoDB,UNDO_SPACE_RSEG,53,1,15
1787307844.528,2026-08-21 10:24:04.529,InnoDB,UNDO_SPACE_RSEG,42,1,7
1787307844.528,2026-08-21 10:24:04.529,InnoDB,UNDO_SPACE_RSEG,42,1,4
1787307844.528,2026-08-21 10:24:04.529,InnoDB,TRX,550,1,629
1787307844.528,2026-08-21 10:24:04.529,InnoDB,UNDO_SPACE_RSEG,48,1,7
1787307844.528,2026-08-21 10:24:04.529,InnoDB,UNDO_SPACE_RSEG,35,1,4
1787307844.528,2026-08-21 10:24:04.529,InnoDB,UNDO_SPACE_RSEG,48,1,11
1787307844.528,2026-08-21 10:24:04.529,InnoDB,UNDO_SPACE_RSEG,41,1,7
1787307844.528,2026-08-21 10:24:04.529,InnoDB,UNDO_SPACE_RSEG,54,1,7
1787307844.528,2026-08-21 10:24:04.529,InnoDB,TRX_POOL,57,1,25
1787307844.528,2026-08-21 10:24:04.529,InnoDB,UNDO_SPACE_RSEG,39,1,5
1787307844.528,2026-08-21 10:24:04.529,InnoDB,UNDO_SPACE_RSEG,81,1,10
1787307844.528,2026-08-21 10:24:04.529,InnoDB,UNDO_SPACE_RSEG,49,1,5
1787307844.528,2026-08-21 10:24:04.529,InnoDB,UNDO_SPACE_RSEG,43,1,7
1787307844.528,2026-08-21 10:24:04.529,InnoDB,LOCK_SYS_PAGE,16,0,23
1787307844.528,2026-08-21 10:24:04.529,InnoDB,LOCK_SYS_PAGE,9,0,18
1787307844.528,2026-08-21 10:24:04.529,InnoDB,LOCK_SYS_PAGE,15,0,27
1787307844.528,2026-08-21 10:24:04.529,InnoDB,LOCK_SYS_PAGE,14,0,25
1787307844.528,2026-08-21 10:24:04.529,InnoDB,LOCK_SYS_PAGE,20,0,28
1787307844.528,2026-08-21 10:24:04.529,InnoDB,LOCK_SYS_PAGE,19,0,29
1787307844.528,2026-08-21 10:24:04.529,InnoDB,LOCK_SYS_PAGE,18,0,18
1787307844.528,2026-08-21 10:24:04.529,InnoDB,LOCK_SYS_PAGE,13,0,22
1787307844.528,2026-08-21 10:24:04.529,InnoDB,LOCK_SYS_PAGE,27,0,31
1787307844.528,2026-08-21 10:24:04.529,InnoDB,LOCK_SYS_PAGE,23,0,32
1787307844.528,2026-08-21 10:24:04.529,InnoDB,LOCK_SYS_PAGE,18,0,25
1787307844.528,2026-08-21 10:24:04.529,InnoDB,LOCK_SYS_PAGE,17,0,24
1787307844.528,2026-08-21 10:24:04.529,InnoDB,LOCK_SYS_PAGE,21,0,33
1787307844.528,2026-08-21 10:24:04.529,InnoDB,LOCK_SYS_PAGE,23,0,31
1787307844.528,2026-08-21 10:24:04.529,InnoDB,LOCK_SYS_PAGE,28,0,26
1787307844.528,2026-08-21 10:24:04.529,InnoDB,LOCK_SYS_PAGE,20,0,24
1787307844.528,2026-08-21 10:24:04.529,InnoDB,LOCK_SYS_PAGE,17,0,24
1787307844.528,2026-08-21 10:24:04.529,InnoDB,LOCK_SYS_PAGE,21,0,35
1787307844.528,2026-08-21 10:24:04.529,InnoDB,LOCK_SYS_PAGE,19,0,29
1787307844.528,2026-08-21 10:24:04.529,InnoDB,LOCK_SYS_PAGE,20,0,26
1787307844.528,2026-08-21 10:24:04.529,InnoDB,LOCK_SYS_PAGE,20,0,26
1787307844.528,2026-08-21 10:24:04.529,InnoDB,LOCK_SYS_PAGE,52,0,35
1787307844.528,2026-08-21 10:24:04.529,InnoDB,LOCK_SYS_PAGE,18,0,23
1787307844.528,2026-08-21 10:24:04.529,InnoDB,LOCK_SYS_PAGE,16,0,27
1787307844.528,2026-08-21 10:24:04.529,InnoDB,LOCK_SYS_PAGE,7,0,13
1787307844.528,2026-08-21 10:24:04.529,InnoDB,LOCK_SYS_PAGE,15,0,24
1787307844.528,2026-08-21 10:24:04.529,InnoDB,LOCK_SYS_PAGE,16,0,20
1787307844.528,2026-08-21 10:24:04.529,InnoDB,LOCK_SYS_PAGE,23,0,35
1787307844.528,2026-08-21 10:24:04.529,InnoDB,LOCK_SYS_PAGE,9,0,18
1787307844.528,2026-08-21 10:24:04.529,InnoDB,LOCK_SYS_PAGE,65,0,32
1787307844.528,2026-08-21 10:24:04.529,InnoDB,LOCK_SYS_PAGE,17,0,24
1787307844.528,2026-08-21 10:24:04.529,InnoDB,LOCK_SYS_PAGE,20,0,36
1787307844.528,2026-08-21 10:24:04.529,InnoDB,LOCK_SYS_PAGE,11,0,14
1787307844.528,2026-08-21 10:24:04.529,InnoDB,LOCK_SYS_PAGE,11,0,19
1787307844.528,2026-08-21 10:24:04.529,InnoDB,LOCK_SYS_PAGE,8,0,24
1787307844.528,2026-08-21 10:24:04.529,InnoDB,LOCK_SYS_PAGE,15,0,19
1787307844.528,2026-08-21 10:24:04.529,InnoDB,LOCK_SYS_PAGE,16,0,21
1787307844.528,2026-08-21 10:24:04.529,InnoDB,LOCK_SYS_PAGE,17,0,21
1787307844.528,2026-08-21 10:24:04.529,InnoDB,LOCK_SYS_PAGE,23,0,27
1787307844.528,2026-08-21 10:24:04.529,InnoDB,LOCK_SYS_PAGE,18,0,25
1787307844.528,2026-08-21 10:24:04.529,InnoDB,LOCK_SYS_PAGE,19,0,21
1787307844.528,2026-08-21 10:24:04.529,InnoDB,LOCK_SYS_PAGE,30,0,38
1787307844.528,2026-08-21 10:24:04.529,InnoDB,LOCK_SYS_PAGE,28,0,33
1787307844.528,2026-08-21 10:24:04.529,InnoDB,LOCK_SYS_PAGE,20,0,23
1787307844.528,2026-08-21 10:24:04.529,InnoDB,LOCK_SYS_PAGE,22,0,24
1787307844.528,2026-08-21 10:24:04.529,InnoDB,LOCK_SYS_PAGE,33,0,36
1787307844.528,2026-08-21 10:24:04.529,InnoDB,LOCK_SYS_PAGE,20,0,29
1787307844.528,2026-08-21 10:24:04.529,InnoDB,LOCK_SYS_PAGE,16,0,27
1787307844.528,2026-08-21 10:24:04.529,InnoDB,LOCK_SYS_PAGE,14,0,24
1787307844.528,2026-08-21 10:24:04.529,InnoDB,LOCK_SYS_PAGE,17,0,26
1787307844.528,2026-08-21 10:24:04.529,InnoDB,LOCK_SYS_PAGE,30,0,42
1787307844.528,2026-08-21 10:24:04.529,InnoDB,LOCK_SYS_PAGE,16,0,20
1787307844.528,2026-08-21 10:24:04.529,InnoDB,LOCK_SYS_PAGE,50,0,34
1787307844.528,2026-08-21 10:24:04.529,InnoDB,LOCK_SYS_PAGE,23,0,29
1787307844.528,2026-08-21 10:24:04.529,InnoDB,LOCK_SYS_PAGE,23,0,38
1787307844.528,2026-08-21 10:24:04.529,InnoDB,LOCK_SYS_PAGE,26,0,32
1787307844.528,2026-08-21 10:24:04.529,InnoDB,LOCK_SYS_PAGE,18,0,34
1787307844.528,2026-08-21 10:24:04.529,InnoDB,LOCK_SYS_PAGE,25,0,28
1787307844.528,2026-08-21 10:24:04.529,InnoDB,LOCK_SYS_PAGE,22,0,32
1787307844.528,2026-08-21 10:24:04.529,InnoDB,LOCK_SYS_PAGE,9,0,20
1787307844.528,2026-08-21 10:24:04.529,InnoDB,LOCK_SYS_PAGE,7,0,17
1787307844.528,2026-08-21 10:24:04.529,InnoDB,LOCK_SYS_PAGE,23,0,29
1787307844.528,2026-08-21 10:24:04.529,InnoDB,LOCK_SYS_PAGE,26,0,40
1787307844.528,2026-08-21 10:24:04.529,InnoDB,LOCK_SYS_PAGE,30,0,32
1787307844.528,2026-08-21 10:24:04.529,InnoDB,LOCK_SYS_PAGE,13,0,23
1787307844.528,2026-08-21 10:24:04.529,InnoDB,LOCK_SYS_PAGE,15,0,31
1787307844.528,2026-08-21 10:24:04.529,InnoDB,LOCK_SYS_PAGE,29,0,28
1787307844.528,2026-08-21 10:24:04.529,InnoDB,LOCK_SYS_PAGE,14,0,22
1787307844.528,2026-08-21 10:24:04.529,InnoDB,LOCK_SYS_PAGE,19,0,31
1787307844.528,2026-08-21 10:24:04.529,InnoDB,LOCK_SYS_PAGE,27,0,34
1787307844.528,2026-08-21 10:24:04.529,InnoDB,LOCK_SYS_PAGE,23,0,30
1787307844.528,2026-08-21 10:24:04.529,InnoDB,LOCK_SYS_PAGE,19,0,25
1787307844.528,2026-08-21 10:24:04.529,InnoDB,LOCK_SYS_PAGE,20,0,29
1787307844.528,2026-08-21 10:24:04.529,InnoDB,LOCK_SYS_TABLE,843,0,835
1787307844.528,2026-08-21 10:24:04.529,InnoDB,LOCK_SYS_TABLE,879,0,839
1787307844.528,2026-08-21 10:24:04.529,InnoDB,LOCK_SYS_TABLE,940,0,933
1787307844.528,2026-08-21 10:24:04.529,InnoDB,LOCK_SYS_TABLE,854,0,877
1787307844.528,2026-08-21 10:24:04.529,InnoDB,LOCK_SYS_TABLE,843,0,804
1787307844.528,2026-08-21 10:24:04.529,InnoDB,LOCK_SYS_TABLE,908,0,895
1787307844.528,2026-08-21 10:24:04.529,InnoDB,LOCK_SYS_TABLE,859,0,902
1787307844.528,2026-08-21 10:24:04.529,InnoDB,LOCK_SYS_TABLE,848,0,889
1787307844.528,2026-08-21 10:24:04.529,InnoDB,LOCK_SYS_TABLE,929,0,897
1787307844.528,2026-08-21 10:24:04.529,InnoDB,LOCK_SYS_TABLE,917,0,897
1787307844.528,2026-08-21 10:24:04.529,InnoDB,LOCK_SYS_TABLE,949,0,919
1787307844.528,2026-08-21 10:24:04.529,InnoDB,LOCK_SYS_TABLE,867,0,897
1787307844.528,2026-08-21 10:24:04.529,InnoDB,LOCK_SYS_TABLE,896,0,877
1787307844.528,2026-08-21 10:24:04.529,InnoDB,LOCK_SYS_TABLE,906,0,857
1787307844.528,2026-08-21 10:24:04.529,InnoDB,LOCK_SYS_TABLE,861,0,882
1787307844.528,2026-08-21 10:24:04.529,InnoDB,LOCK_SYS_TABLE,811,0,838
1787307844.528,2026-08-21 10:24:04.529,InnoDB,LOCK_SYS_TABLE,857,0,838
1787307844.528,2026-08-21 10:24:04.529,InnoDB,LOCK_SYS_TABLE,870,0,873
1787307844.528,2026-08-21 10:24:04.529,InnoDB,LOCK_SYS_TABLE,922,0,934
1787307844.528,2026-08-21 10:24:04.529,InnoDB,UNDO_SPACE_RSEG,52,0,11
1787307844.528,2026-08-21 10:24:04.529,InnoDB,UNDO_SPACE_RSEG,31,0,6
1787307844.528,2026-08-21 10:24:04.529,InnoDB,UNDO_SPACE_RSEG,8,0,5
1787307844.528,2026-08-21 10:24:04.529,InnoDB,UNDO_SPACE_RSEG,5,0,3
1787307844.528,2026-08-21 10:24:04.529,InnoDB,UNDO_SPACE_RSEG,9,0,5
1787307844.528,2026-08-21 10:24:04.529,InnoDB,SRV_SYS_TASKS,239,0,228
1787307844.528,2026-08-21 10:24:04.529,InnoDB,TRX_POOL_MANAGER,2,0,2
1787307844.528,2026-08-21 10:24:04.529,InnoDB,UNDO_SPACE_RSEG,24,0,7
1787307844.528,2026-08-21 10:24:04.529,InnoDB,UNDO_SPACE_RSEG,17,0,8
1787307844.528,2026-08-21 10:24:04.529,InnoDB,LOCK_SYS_PAGE,26,0,30
1787307844.528,2026-08-21 10:24:04.529,InnoDB,TRX,3,0,1
1787307844.528,2026-08-21 10:24:04.529,InnoDB,TRX,1,0,1
1787307844.528,2026-08-21 10:24:04.529,InnoDB,PURGE_SYS_PQ,10,0,11
1787307844.528,2026-08-21 10:24:04.529,InnoDB,TRX_SYS_SHARD,1,0,1
1787307844.528,2026-08-21 10:24:04.529,InnoDB,SRV_SYS,1978,0,1388
1787307844.528,2026-08-21 10:24:04.529,InnoDB,LOG_LIMITS,31,0,24
1787307844.528,2026-08-21 10:24:04.529,InnoDB,AUTOINC,65,0,179
1787307844.528,2026-08-21 10:24:04.529,InnoDB,LOCK_SYS_TABLE,824,0,848
1787307844.528,2026-08-21 10:24:04.529,InnoDB,LOCK_SYS_PAGE,32,0,35
1787307844.528,2026-08-21 10:24:04.529,InnoDB,LOCK_SYS_PAGE,24,0,28
1787307844.528,2026-08-21 10:24:04.529,InnoDB,LOCK_SYS_PAGE,31,0,39
1787307844.528,2026-08-21 10:24:04.529,InnoDB,LOCK_SYS_PAGE,9,0,20
1787307844.528,2026-08-21 10:24:04.529,InnoDB,LOCK_SYS_PAGE,20,0,19
1787307844.528,2026-08-21 10:24:04.529,InnoDB,LOCK_SYS_PAGE,22,0,23
1787307844.528,2026-08-21 10:24:04.529,InnoDB,LOCK_SYS_PAGE,16,0,19
1787307844.528,2026-08-21 10:24:04.529,InnoDB,LOCK_SYS_PAGE,18,0,22
1787307844.528,2026-08-21 10:24:04.529,InnoDB,LOCK_SYS_PAGE,17,0,22
1787307844.528,2026-08-21 10:24:04.529,InnoDB,LOCK_SYS_PAGE,19,0,30
1787307844.528,2026-08-21 10:24:04.529,InnoDB,LOCK_SYS_PAGE,42,0,34
1787307844.528,2026-08-21 10:24:04.529,InnoDB,LOCK_SYS_PAGE,29,0,18
1787307844.528,2026-08-21 10:24:04.529,InnoDB,LOCK_SYS_PAGE,15,0,19
1787307844.528,2026-08-21 10:24:04.529,InnoDB,LOCK_SYS_PAGE,24,0,32
1787307844.528,2026-08-21 10:24:04.529,InnoDB,LOCK_SYS_PAGE,29,0,34
1787307844.528,2026-08-21 10:24:04.529,InnoDB,LOCK_SYS_PAGE,10,0,18
1787307844.528,2026-08-21 10:24:04.529,InnoDB,LOCK_SYS_PAGE,17,0,24
1787307844.528,2026-08-21 10:24:04.529,InnoDB,LOCK_SYS_PAGE,31,0,36
1787307844.528,2026-08-21 10:24:04.529,InnoDB,LOCK_SYS_PAGE,16,0,25
1787307844.528,2026-08-21 10:24:04.529,InnoDB,LOCK_SYS_PAGE,10,0,17
1787307844.528,2026-08-21 10:24:04.529,InnoDB,LOCK_SYS_PAGE,18,0,23
1787307844.528,2026-08-21 10:24:04.529,InnoDB,LOCK_SYS_PAGE,27,0,35
1787307844.528,2026-08-21 10:24:04.529,InnoDB,LOCK_SYS_PAGE,15,0,26
1787307844.528,2026-08-21 10:24:04.529,InnoDB,LOCK_SYS_PAGE,19,0,25
1787307844.528,2026-08-21 10:24:04.529,InnoDB,LOCK_SYS_PAGE,14,0,18
1787307844.528,2026-08-21 10:24:04.529,InnoDB,LOCK_SYS_PAGE,22,0,22
1787307844.528,2026-08-21 10:24:04.529,InnoDB,LOCK_SYS_PAGE,54,0,31
1787307844.528,2026-08-21 10:24:04.529,InnoDB,LOCK_SYS_PAGE,30,0,36
1787307844.528,2026-08-21 10:24:04.529,InnoDB,LOCK_SYS_PAGE,16,0,26
1787307844.528,2026-08-21 10:24:04.529,InnoDB,LOCK_SYS_PAGE,40,0,25
1787307844.528,2026-08-21 10:24:04.529,InnoDB,LOCK_SYS_PAGE,17,0,23
1787307844.528,2026-08-21 10:24:04.529,InnoDB,LOCK_SYS_PAGE,21,0,34
1787307844.528,2026-08-21 10:24:04.529,InnoDB,LOCK_SYS_PAGE,11,0,17
1787307844.528,2026-08-21 10:24:04.529,InnoDB,LOCK_SYS_PAGE,29,0,34
1787307844.528,2026-08-21 10:24:04.529,InnoDB,LOCK_SYS_PAGE,21,0,28
1787307844.528,2026-08-21 10:24:04.529,InnoDB,LOCK_SYS_PAGE,13,0,22
1787307844.528,2026-08-21 10:24:04.529,InnoDB,LOCK_SYS_PAGE,17,0,21
1787307844.528,2026-08-21 10:24:04.529,InnoDB,LOCK_SYS_PAGE,21,0,22
1787307844.528,2026-08-21 10:24:04.529,InnoDB,LOCK_SYS_PAGE,22,0,24
1787307844.528,2026-08-21 10:24:04.529,InnoDB,LOCK_SYS_PAGE,16,0,25
1787307844.528,2026-08-21 10:24:04.529,InnoDB,LOCK_SYS_PAGE,22,0,30
1787307844.528,2026-08-21 10:24:04.529,InnoDB,LOCK_SYS_PAGE,7,0,19
1787307844.528,2026-08-21 10:24:04.529,InnoDB,LOCK_SYS_PAGE,17,0,22
1787307844.528,2026-08-21 10:24:04.529,InnoDB,LOCK_SYS_PAGE,20,0,23
1787307844.528,2026-08-21 10:24:04.529,InnoDB,LOCK_SYS_PAGE,27,0,28
1787307844.528,2026-08-21 10:24:04.529,InnoDB,LOCK_SYS_PAGE,15,0,22
1787307844.528,2026-08-21 10:24:04.529,InnoDB,LOCK_SYS_PAGE,16,0,17
1787307844.528,2026-08-21 10:24:04.529,InnoDB,LOCK_SYS_PAGE,32,0,32
1787307844.528,2026-08-21 10:24:04.529,InnoDB,LOCK_SYS_PAGE,19,0,30
1787307844.528,2026-08-21 10:24:04.529,InnoDB,LOCK_SYS_PAGE,16,0,20
1787307844.528,2026-08-21 10:24:04.529,InnoDB,LOCK_SYS_PAGE,19,0,22
1787307844.528,2026-08-21 10:24:04.529,InnoDB,LOCK_SYS_PAGE,17,0,25
1787307844.528,2026-08-21 10:24:04.529,InnoDB,LOCK_SYS_PAGE,31,0,35
1787307844.528,2026-08-21 10:24:04.529,InnoDB,LOCK_SYS_PAGE,14,0,18
1787307844.528,2026-08-21 10:24:04.529,InnoDB,LOCK_SYS_PAGE,18,0,29
1787307844.528,2026-08-21 10:24:04.529,InnoDB,LOCK_SYS_PAGE,22,0,34
1787307844.528,2026-08-21 10:24:04.529,InnoDB,LOCK_SYS_PAGE,21,0,35
1787307844.528,2026-08-21 10:24:04.529,InnoDB,LOCK_SYS_PAGE,20,0,25
1787307844.528,2026-08-21 10:24:04.529,InnoDB,LOCK_SYS_PAGE,18,0,23
1787307844.528,2026-08-21 10:24:04.529,InnoDB,LOCK_SYS_PAGE,22,0,31
1787307844.528,2026-08-21 10:24:04.529,InnoDB,LOCK_SYS_PAGE,28,0,43
1787307844.528,2026-08-21 10:24:04.529,InnoDB,LOCK_SYS_PAGE,12,0,21
1787307844.528,2026-08-21 10:24:04.529,InnoDB,LOCK_SYS_PAGE,31,0,32
1787307844.528,2026-08-21 10:24:04.529,InnoDB,LOCK_SYS_PAGE,39,0,43
1787307844.528,2026-08-21 10:24:04.529,InnoDB,LOCK_SYS_PAGE,26,0,28
1787307844.528,2026-08-21 10:24:04.529,InnoDB,LOCK_SYS_PAGE,18,0,19
1787307844.528,2026-08-21 10:24:04.529,InnoDB,LOCK_SYS_PAGE,11,0,20
1787307844.528,2026-08-21 10:24:04.529,InnoDB,LOCK_SYS_PAGE,36,0,41
1787307844.528,2026-08-21 10:24:04.529,InnoDB,LOCK_SYS_PAGE,22,0,31
1787307844.528,2026-08-21 10:24:04.529,InnoDB,LOCK_SYS_PAGE,14,0,23
1787307844.528,2026-08-21 10:24:04.529,InnoDB,LOCK_SYS_PAGE,10,0,20
1787307844.528,2026-08-21 10:24:04.529,InnoDB,LOCK_SYS_PAGE,19,0,28
1787307844.528,2026-08-21 10:24:04.529,InnoDB,LOCK_SYS_PAGE,25,0,33
1787307844.528,2026-08-21 10:24:04.529,InnoDB,LOCK_SYS_PAGE,16,0,27
1787307844.528,2026-08-21 10:24:04.529,InnoDB,LOCK_SYS_PAGE,19,0,35
1787307844.528,2026-08-21 10:24:04.529,InnoDB,LOCK_SYS_PAGE,9,0,18
1787307844.528,2026-08-21 10:24:04.529,InnoDB,LOCK_SYS_PAGE,24,0,30
1787307844.528,2026-08-21 10:24:04.529,InnoDB,LOCK_SYS_PAGE,18,0,32
1787307844.528,2026-08-21 10:24:04.529,InnoDB,LOCK_SYS_PAGE,12,0,25
1787307844.528,2026-08-21 10:24:04.529,InnoDB,LOCK_SYS_PAGE,22,0,33
1787307844.528,2026-08-21 10:24:04.529,InnoDB,LOCK_SYS_PAGE,19,0,31
1787307844.528,2026-08-21 10:24:04.529,InnoDB,LOCK_SYS_PAGE,27,0,34
1787307844.528,2026-08-21 10:24:04.529,InnoDB,LOCK_SYS_PAGE,17,0,21
1787307844.528,2026-08-21 10:24:04.529,InnoDB,LOCK_SYS_PAGE,33,0,41
1787307844.528,2026-08-21 10:24:04.529,InnoDB,LOCK_SYS_PAGE,32,0,42
1787307844.528,2026-08-21 10:24:04.529,InnoDB,LOCK_SYS_PAGE,13,0,21
1787307844.528,2026-08-21 10:24:04.529,InnoDB,LOCK_SYS_PAGE,16,0,19
1787307844.528,2026-08-21 10:24:04.529,InnoDB,LOCK_SYS_PAGE,14,0,22
1787307844.528,2026-08-21 10:24:04.529,InnoDB,LOCK_SYS_PAGE,41,0,31
1787307844.528,2026-08-21 10:24:04.529,InnoDB,LOCK_SYS_PAGE,23,0,27
1787307844.528,2026-08-21 10:24:04.529,InnoDB,LOCK_SYS_PAGE,11,0,13
1787307844.528,2026-08-21 10:24:04.529,InnoDB,LOCK_SYS_PAGE,18,0,20
1787307844.528,2026-08-21 10:24:04.529,InnoDB,LOCK_SYS_PAGE,23,0,26
1787307844.528,2026-08-21 10:24:04.529,InnoDB,LOCK_SYS_PAGE,16,0,14
1787307844.528,2026-08-21 10:24:04.529,InnoDB,LOCK_SYS_PAGE,21,0,25
1787307844.528,2026-08-21 10:24:04.529,InnoDB,LOCK_SYS_PAGE,28,0,30
1787307844.528,2026-08-21 10:24:04.529,InnoDB,LOCK_SYS_PAGE,12,0,19
1787307844.528,2026-08-21 10:24:04.529,InnoDB,LOCK_SYS_PAGE,20,0,26
1787307844.528,2026-08-21 10:24:04.529,InnoDB,LOCK_SYS_PAGE,12,0,19
1787307844.528,2026-08-21 10:24:04.529,InnoDB,LOCK_SYS_PAGE,32,0,38
1787307844.528,2026-08-21 10:24:04.529,InnoDB,LOCK_SYS_PAGE,27,0,34
1787307844.528,2026-08-21 10:24:04.529,InnoDB,LOCK_SYS_PAGE,20,0,20
1787307844.528,2026-08-21 10:24:04.529,InnoDB,LOCK_SYS_PAGE,22,0,32
1787307844.528,2026-08-21 10:24:04.529,InnoDB,LOCK_SYS_PAGE,29,0,34
1787307844.528,2026-08-21 10:24:04.529,InnoDB,LOCK_SYS_PAGE,20,0,25
1787307844.528,2026-08-21 10:24:04.529,InnoDB,LOCK_SYS_PAGE,11,0,19
1787307844.528,2026-08-21 10:24:04.529,InnoDB,LOCK_SYS_PAGE,24,0,26
1787307844.528,2026-08-21 10:24:04.529,InnoDB,LOCK_SYS_PAGE,31,0,39
1787307844.528,2026-08-21 10:24:04.529,InnoDB,LOCK_SYS_PAGE,30,0,39
1787307844.528,2026-08-21 10:24:04.529,InnoDB,LOCK_SYS_PAGE,18,0,26
1787307844.528,2026-08-21 10:24:04.529,InnoDB,LOCK_SYS_PAGE,25,0,28
1787307844.528,2026-08-21 10:24:04.529,InnoDB,LOCK_SYS_PAGE,36,0,45
1787307844.528,2026-08-21 10:24:04.529,InnoDB,LOCK_SYS_PAGE,18,0,21
1787307844.528,2026-08-21 10:24:04.529,InnoDB,LOCK_SYS_PAGE,19,0,24
1787307844.528,2026-08-21 10:24:04.529,InnoDB,LOCK_SYS_PAGE,22,0,24
1787307844.528,2026-08-21 10:24:04.529,InnoDB,LOCK_SYS_PAGE,9,0,10
1787307844.528,2026-08-21 10:24:04.529,InnoDB,LOCK_SYS_PAGE,17,0,22
1787307844.528,2026-08-21 10:24:04.529,InnoDB,LOCK_SYS_PAGE,16,0,25
1787307844.528,2026-08-21 10:24:04.529,InnoDB,LOCK_SYS_PAGE,18,0,29
1787307844.528,2026-08-21 10:24:04.529,InnoDB,LOCK_SYS_PAGE,18,0,26
1787307844.528,2026-08-21 10:24:04.529,InnoDB,LOCK_SYS_PAGE,22,0,27
1787307844.528,2026-08-21 10:24:04.529,InnoDB,LOCK_SYS_PAGE,27,0,22
1787307844.528,2026-08-21 10:24:04.529,InnoDB,LOCK_SYS_PAGE,20,0,30
1787307844.528,2026-08-21 10:24:04.529,InnoDB,LOCK_SYS_PAGE,13,0,15
1787307844.528,2026-08-21 10:24:04.529,InnoDB,LOCK_SYS_PAGE,12,0,17
1787307844.528,2026-08-21 10:24:04.529,InnoDB,LOCK_SYS_PAGE,10,0,16
1787307844.528,2026-08-21 10:24:04.529,InnoDB,LOCK_SYS_PAGE,26,0,27
1787307844.528,2026-08-21 10:24:04.529,InnoDB,LOCK_SYS_PAGE,15,0,27
1787307844.528,2026-08-21 10:24:04.529,InnoDB,LOCK_SYS_PAGE,19,0,20
1787307844.528,2026-08-21 10:24:04.529,InnoDB,LOCK_SYS_PAGE,25,0,34
1787307844.528,2026-08-21 10:24:04.529,InnoDB,LOCK_SYS_PAGE,29,0,29
1787307844.528,2026-08-21 10:24:04.529,InnoDB,LOCK_SYS_PAGE,19,0,34
1787307844.528,2026-08-21 10:24:04.529,InnoDB,LOCK_SYS_PAGE,12,0,20
1787307844.528,2026-08-21 10:24:04.529,InnoDB,LOCK_SYS_PAGE,24,0,32
1787307844.528,2026-08-21 10:24:04.529,InnoDB,LOCK_SYS_PAGE,18,0,31
1787307844.528,2026-08-21 10:24:04.529,InnoDB,LOCK_SYS_PAGE,10,0,19
1787307844.528,2026-08-21 10:24:04.529,InnoDB,LOCK_SYS_PAGE,12,0,18
1787307844.528,2026-08-21 10:24:04.529,InnoDB,LOCK_SYS_PAGE,14,0,20
1787307844.528,2026-08-21 10:24:04.529,InnoDB,LOCK_SYS_PAGE,24,0,27
1787307844.528,2026-08-21 10:24:04.529,InnoDB,LOCK_SYS_PAGE,13,0,21
1787307844.528,2026-08-21 10:24:04.529,InnoDB,LOCK_SYS_PAGE,13,0,22
1787307844.528,2026-08-21 10:24:04.529,InnoDB,LOCK_SYS_PAGE,9,0,17
1787307844.528,2026-08-21 10:24:04.529,InnoDB,LOCK_SYS_PAGE,18,0,26
1787307844.528,2026-08-21 10:24:04.529,InnoDB,LOCK_SYS_PAGE,13,0,18
1787307844.528,2026-08-21 10:24:04.529,InnoDB,LOCK_SYS_PAGE,27,0,27
1787307844.528,2026-08-21 10:24:04.529,InnoDB,LOCK_SYS_PAGE,25,0,31
1787307844.528,2026-08-21 10:24:04.529,InnoDB,LOCK_SYS_PAGE,13,0,20
1787307844.528,2026-08-21 10:24:04.529,InnoDB,LOCK_SYS_PAGE,17,0,23
1787307844.528,2026-08-21 10:24:04.529,InnoDB,LOCK_SYS_PAGE,12,0,13
1787307844.528,2026-08-21 10:24:04.529,InnoDB,LOCK_SYS_PAGE,18,0,30
1787307844.528,2026-08-21 10:24:04.529,InnoDB,LOCK_SYS_PAGE,29,0,31
1787307844.528,2026-08-21 10:24:04.529,InnoDB,LOCK_SYS_PAGE,26,0,22
1787307844.528,2026-08-21 10:24:04.529,InnoDB,LOCK_SYS_PAGE,15,0,19
1787307844.528,2026-08-21 10:24:04.529,InnoDB,LOCK_SYS_PAGE,14,0,20
1787307844.528,2026-08-21 10:24:04.529,InnoDB,LOCK_SYS_PAGE,18,0,28
1787307844.528,2026-08-21 10:24:04.529,InnoDB,LOCK_SYS_PAGE,12,0,21
1787307844.528,2026-08-21 10:24:04.529,InnoDB,LOCK_SYS_PAGE,21,0,27
1787307844.528,2026-08-21 10:24:04.529,InnoDB,LOCK_SYS_PAGE,17,0,24
1787307844.528,2026-08-21 10:24:04.529,InnoDB,LOCK_SYS_PAGE,24,0,22
1787307844.528,2026-08-21 10:24:04.529,InnoDB,LOCK_SYS_PAGE,10,0,20
1787307844.528,2026-08-21 10:24:04.529,InnoDB,LOCK_SYS_PAGE,18,0,26
1787307844.528,2026-08-21 10:24:04.529,InnoDB,LOCK_SYS_PAGE,30,0,34
1787307844.528,2026-08-21 10:24:04.529,InnoDB,LOCK_SYS_PAGE,25,0,30
1787307844.528,2026-08-21 10:24:04.529,InnoDB,FIL_SHARD,19,0,26
1787307844.528,2026-08-21 10:24:04.529,InnoDB,LOCK_SYS_PAGE,27,0,37
1787307844.528,2026-08-21 10:24:04.529,InnoDB,LOCK_SYS_PAGE,19,0,35
1787307844.528,2026-08-21 10:24:04.529,InnoDB,LOCK_SYS_PAGE,35,0,18
1787307844.528,2026-08-21 10:24:04.529,InnoDB,LOCK_SYS_PAGE,42,0,47
1787307844.528,2026-08-21 10:24:04.529,InnoDB,LOCK_SYS_PAGE,38,0,41
1787307844.528,2026-08-21 10:24:04.529,InnoDB,LOCK_SYS_PAGE,19,0,23
1787307844.528,2026-08-21 10:24:04.529,InnoDB,LOCK_SYS_PAGE,15,0,22
1787307844.528,2026-08-21 10:24:04.529,InnoDB,LOCK_SYS_PAGE,23,0,33
1787307844.528,2026-08-21 10:24:04.529,InnoDB,LOCK_SYS_PAGE,28,0,39
1787307844.528,2026-08-21 10:24:04.529,InnoDB,LOCK_SYS_PAGE,29,0,30
1787307844.528,2026-08-21 10:24:04.529,InnoDB,LOCK_SYS_PAGE,11,0,23
1787307844.528,2026-08-21 10:24:04.529,InnoDB,LOCK_SYS_PAGE,23,0,38
1787307844.528,2026-08-21 10:24:04.529,InnoDB,LOCK_SYS_PAGE,31,0,38
1787307844.528,2026-08-21 10:24:04.529,InnoDB,LOCK_SYS_PAGE,21,0,26
1787307844.528,2026-08-21 10:24:04.529,InnoDB,LOCK_SYS_PAGE,17,0,22
1787307844.528,2026-08-21 10:24:04.529,InnoDB,LOCK_SYS_PAGE,17,0,28
1787307844.528,2026-08-21 10:24:04.529,InnoDB,LOCK_SYS_PAGE,25,0,27
1787307844.528,2026-08-21 10:24:04.529,InnoDB,LOCK_SYS_PAGE,8,0,23
1787307844.528,2026-08-21 10:24:04.529,InnoDB,LOCK_SYS_PAGE,22,0,23
1787307844.528,2026-08-21 10:24:04.529,InnoDB,LOCK_SYS_PAGE,20,0,34
1787307844.528,2026-08-21 10:24:04.529,InnoDB,LOCK_SYS_PAGE,20,0,21
1787307844.528,2026-08-21 10:24:04.529,InnoDB,LOCK_SYS_PAGE,20,0,28
1787307844.528,2026-08-21 10:24:04.529,InnoDB,LOCK_SYS_PAGE,27,0,24
1787307844.528,2026-08-21 10:24:04.529,InnoDB,LOCK_SYS_PAGE,13,0,22
1787307844.528,2026-08-21 10:24:04.529,InnoDB,LOCK_SYS_PAGE,24,0,30
1787307844.528,2026-08-21 10:24:04.529,InnoDB,LOCK_SYS_PAGE,19,0,26
1787307844.528,2026-08-21 10:24:04.529,InnoDB,LOCK_SYS_PAGE,31,0,34
1787307844.528,2026-08-21 10:24:04.529,InnoDB,LOCK_SYS_PAGE,16,0,20
1787307844.528,2026-08-21 10:24:04.529,InnoDB,LOCK_SYS_PAGE,17,0,22
1787307844.528,2026-08-21 10:24:04.529,InnoDB,LOCK_SYS_PAGE,17,0,23
1787307844.528,2026-08-21 10:24:04.529,InnoDB,LOCK_SYS_PAGE,29,0,31
1787307844.528,2026-08-21 10:24:04.529,InnoDB,LOCK_SYS_PAGE,14,0,24
1787307844.528,2026-08-21 10:24:04.529,InnoDB,LOCK_SYS_PAGE,13,0,17
1787307844.528,2026-08-21 10:24:04.529,InnoDB,LOCK_SYS_PAGE,38,0,31
1787307844.528,2026-08-21 10:24:04.529,InnoDB,LOCK_SYS_PAGE,24,0,31
1787307844.528,2026-08-21 10:24:04.529,InnoDB,LOCK_SYS_PAGE,11,0,20
1787307844.528,2026-08-21 10:24:04.529,InnoDB,LOCK_SYS_PAGE,17,0,23
1787307844.528,2026-08-21 10:24:04.529,InnoDB,LOCK_SYS_PAGE,24,0,30
1787307844.528,2026-08-21 10:24:04.529,InnoDB,LOCK_SYS_PAGE,28,0,31
1787307844.528,2026-08-21 10:24:04.529,InnoDB,LOCK_SYS_PAGE,14,0,22
1787307844.528,2026-08-21 10:24:04.529,InnoDB,LOCK_SYS_PAGE,26,0,32
1787307844.528,2026-08-21 10:24:04.529,InnoDB,LOCK_SYS_PAGE,21,0,28
1787307844.528,2026-08-21 10:24:04.529,InnoDB,LOCK_SYS_PAGE,25,0,39
1787307844.528,2026-08-21 10:24:04.529,InnoDB,LOCK_SYS_PAGE,17,0,27
1787307844.528,2026-08-21 10:24:04.529,InnoDB,LOCK_SYS_PAGE,17,0,27
1787307844.528,2026-08-21 10:24:04.529,InnoDB,LOCK_SYS_PAGE,32,0,41
1787307844.528,2026-08-21 10:24:04.529,InnoDB,LOCK_SYS_PAGE,40,0,44
1787307844.528,2026-08-21 10:24:04.529,InnoDB,LOCK_SYS_PAGE,15,0,25
1787307844.528,2026-08-21 10:24:04.529,InnoDB,LOCK_SYS_PAGE,18,0,25
1787307844.528,2026-08-21 10:24:04.529,InnoDB,LOCK_SYS_PAGE,18,0,21
1787307844.528,2026-08-21 10:24:04.529,InnoDB,LOCK_SYS_PAGE,17,0,25
1787307844.528,2026-08-21 10:24:04.529,InnoDB,LOCK_SYS_PAGE,24,0,27
1787307844.528,2026-08-21 10:24:04.529,InnoDB,LOCK_SYS_PAGE,12,0,23
1787307844.528,2026-08-21 10:24:04.529,InnoDB,LOCK_SYS_PAGE,25,0,32
1787307844.528,2026-08-21 10:24:04.529,InnoDB,LOCK_SYS_PAGE,19,0,26
1787307844.528,2026-08-21 10:24:04.529,InnoDB,LOCK_SYS_PAGE,23,0,30
1787307844.528,2026-08-21 10:24:04.529,InnoDB,LOCK_SYS_PAGE,29,0,33
1787307844.528,2026-08-21 10:24:04.529,InnoDB,LOCK_SYS_PAGE,42,0,28
1787307844.528,2026-08-21 10:24:04.529,InnoDB,LOCK_SYS_PAGE,17,0,33
1787307844.528,2026-08-21 10:24:04.529,InnoDB,LOCK_SYS_PAGE,41,0,38
1787307844.528,2026-08-21 10:24:04.529,InnoDB,LOCK_SYS_PAGE,26,0,31
1787307844.528,2026-08-21 10:24:04.529,InnoDB,LOCK_SYS_PAGE,23,0,32
1787307844.528,2026-08-21 10:24:04.529,InnoDB,LOCK_SYS_PAGE,15,0,34
1787307844.528,2026-08-21 10:24:04.529,InnoDB,LOCK_SYS_PAGE,30,0,37
1787307844.528,2026-08-21 10:24:04.529,InnoDB,LOCK_SYS_PAGE,27,0,28
1787307844.528,2026-08-21 10:24:04.529,InnoDB,LOCK_SYS_PAGE,13,0,30
1787307844.528,2026-08-21 10:24:04.529,InnoDB,LOCK_SYS_PAGE,14,0,22
1787307844.528,2026-08-21 10:24:04.529,InnoDB,LOCK_SYS_PAGE,19,0,22
1787307844.528,2026-08-21 10:24:04.529,InnoDB,LOCK_SYS_PAGE,23,0,28
1787307844.528,2026-08-21 10:24:04.529,InnoDB,LOCK_SYS_PAGE,20,0,25
1787307844.528,2026-08-21 10:24:04.529,InnoDB,LOCK_SYS_PAGE,17,0,19
1787307844.528,2026-08-21 10:24:04.529,InnoDB,LOCK_SYS_PAGE,31,0,34
1787307844.528,2026-08-21 10:24:04.529,InnoDB,LOCK_SYS_PAGE,19,0,28
1787307844.528,2026-08-21 10:24:04.529,InnoDB,LOCK_SYS_PAGE,11,0,21
1787307844.528,2026-08-21 10:24:04.529,InnoDB,LOCK_SYS_PAGE,7,0,10
1787307844.528,2026-08-21 10:24:04.529,InnoDB,LOCK_SYS_PAGE,14,0,20
1787307844.528,2026-08-21 10:24:04.529,InnoDB,LOCK_SYS_PAGE,18,0,26
1787307844.528,2026-08-21 10:24:04.529,InnoDB,LOCK_SYS_PAGE,14,0,21
1787307844.528,2026-08-21 10:24:04.529,InnoDB,LOCK_SYS_PAGE,12,0,19
1787307844.528,2026-08-21 10:24:04.529,InnoDB,LOCK_SYS_PAGE,19,0,28
1787307844.528,2026-08-21 10:24:04.529,InnoDB,LOCK_SYS_PAGE,17,0,24
1787307844.528,2026-08-21 10:24:04.529,InnoDB,LOCK_SYS_PAGE,28,0,31
1787307844.528,2026-08-21 10:24:04.529,InnoDB,LOCK_SYS_PAGE,22,0,22
1787307844.528,2026-08-21 10:24:04.529,InnoDB,LOCK_SYS_PAGE,39,0,51
1787307844.528,2026-08-21 10:24:04.529,InnoDB,LOCK_SYS_PAGE,25,0,37
1787307844.528,2026-08-21 10:24:04.529,InnoDB,LOCK_SYS_PAGE,16,0,23
1787307844.528,2026-08-21 10:24:04.529,InnoDB,LOCK_SYS_PAGE,25,0,28
1787307844.528,2026-08-21 10:24:04.529,InnoDB,LOCK_SYS_PAGE,25,0,35
1787307844.528,2026-08-21 10:24:04.529,InnoDB,LOCK_SYS_PAGE,24,0,31
1787307844.528,2026-08-21 10:24:04.529,InnoDB,LOCK_SYS_PAGE,14,0,31
1787307844.528,2026-08-21 10:24:04.529,InnoDB,LOCK_SYS_PAGE,25,0,32
1787307844.528,2026-08-21 10:24:04.529,InnoDB,LOCK_SYS_PAGE,30,0,43
1787307844.528,2026-08-21 10:24:04.529,InnoDB,LOCK_SYS_PAGE,17,0,25
1787307844.528,2026-08-21 10:24:04.529,InnoDB,LOCK_SYS_PAGE,16,0,21
1787307844.528,2026-08-21 10:24:04.529,InnoDB,LOCK_SYS_PAGE,42,0,29
1787307844.528,2026-08-21 10:24:04.529,InnoDB,LOCK_SYS_PAGE,18,0,28
1787307844.528,2026-08-21 10:24:04.529,InnoDB,LOCK_SYS_PAGE,23,0,24
1787307844.528,2026-08-21 10:24:04.529,InnoDB,LOCK_SYS_PAGE,24,0,26
1787307844.528,2026-08-21 10:24:04.529,InnoDB,LOCK_SYS_PAGE,19,0,23
1787307844.528,2026-08-21 10:24:04.529,InnoDB,LOCK_SYS_PAGE,10,0,19
1787307844.528,2026-08-21 10:24:04.529,InnoDB,LOCK_SYS_PAGE,17,0,25
1787307844.528,2026-08-21 10:24:04.529,InnoDB,LOCK_SYS_PAGE,14,0,24
1787307844.528,2026-08-21 10:24:04.529,InnoDB,LOCK_SYS_PAGE,41,0,33
1787307844.528,2026-08-21 10:24:04.529,InnoDB,LOCK_SYS_PAGE,12,0,20
1787307844.528,2026-08-21 10:24:04.529,InnoDB,LOCK_SYS_PAGE,14,0,18
1787307844.528,2026-08-21 10:24:04.529,InnoDB,LOCK_SYS_PAGE,23,0,25
1787307844.528,2026-08-21 10:24:04.529,InnoDB,LOCK_SYS_PAGE,29,0,36
1787307844.528,2026-08-21 10:24:04.529,InnoDB,LOCK_SYS_PAGE,29,0,42
1787307844.528,2026-08-21 10:24:04.529,InnoDB,LOCK_SYS_PAGE,29,0,29
1787307844.528,2026-08-21 10:24:04.529,InnoDB,LOCK_SYS_PAGE,21,0,22
1787307844.528,2026-08-21 10:24:04.529,InnoDB,LOCK_SYS_PAGE,26,0,25
1787307844.528,2026-08-21 10:24:04.529,InnoDB,LOCK_SYS_PAGE,22,0,29
1787307844.528,2026-08-21 10:24:04.529,InnoDB,LOCK_SYS_PAGE,23,0,40
1787307844.528,2026-08-21 10:24:04.529,InnoDB,LOCK_SYS_PAGE,17,0,22
1787307844.528,2026-08-21 10:24:04.529,InnoDB,LOCK_SYS_PAGE,24,0,28
1787307844.528,2026-08-21 10:24:04.529,InnoDB,LOCK_SYS_PAGE,33,0,35
1787307844.528,2026-08-21 10:24:04.529,InnoDB,LOCK_SYS_PAGE,16,0,24
1787307844.528,2026-08-21 10:24:04.529,InnoDB,LOCK_SYS_PAGE,11,0,23
1787307844.528,2026-08-21 10:24:04.529,InnoDB,LOCK_SYS_PAGE,24,0,30
1787307844.528,2026-08-21 10:24:04.529,InnoDB,LOCK_SYS_PAGE,13,0,17
1787307844.528,2026-08-21 10:24:04.529,InnoDB,LOCK_SYS_PAGE,4,0,13
1787307844.528,2026-08-21 10:24:04.529,InnoDB,LOCK_SYS_PAGE,18,0,22
1787307844.528,2026-08-21 10:24:04.529,InnoDB,LOCK_SYS_PAGE,37,0,41
1787307844.528,2026-08-21 10:24:04.529,InnoDB,LOCK_SYS_PAGE,23,0,28
1787307844.528,2026-08-21 10:24:04.529,InnoDB,LOCK_SYS_PAGE,8,0,20
1787307844.528,2026-08-21 10:24:04.529,InnoDB,LOCK_SYS_PAGE,24,0,25
1787307844.528,2026-08-21 10:24:04.529,InnoDB,LOCK_SYS_PAGE,12,0,19
1787307844.528,2026-08-21 10:24:04.529,InnoDB,LOCK_SYS_PAGE,15,0,25
1787307844.528,2026-08-21 10:24:04.529,InnoDB,LOCK_SYS_PAGE,13,0,23
1787307844.528,2026-08-21 10:24:04.529,InnoDB,LOCK_SYS_PAGE,11,0,17
1787307844.528,2026-08-21 10:24:04.529,InnoDB,LOCK_SYS_PAGE,20,0,28
1787307844.528,2026-08-21 10:24:04.529,InnoDB,LOCK_SYS_PAGE,23,0,32
1787307844.528,2026-08-21 10:24:04.529,InnoDB,LOCK_SYS_PAGE,28,0,32
1787307844.528,2026-08-21 10:24:04.529,InnoDB,LOCK_SYS_PAGE,11,0,21
1787307844.528,2026-08-21 10:24:04.529,InnoDB,LOCK_SYS_PAGE,21,0,25
1787307844.528,2026-08-21 10:24:04.529,InnoDB,LOCK_SYS_PAGE,19,0,23
1787307844.528,2026-08-21 10:24:04.529,InnoDB,LOCK_SYS_PAGE,20,0,25
1787307844.528,2026-08-21 10:24:04.529,InnoDB,LOCK_SYS_PAGE,28,0,26
1787307844.528,2026-08-21 10:24:04.529,InnoDB,LOCK_SYS_PAGE,30,0,30
1787307844.528,2026-08-21 10:24:04.529,InnoDB,LOCK_SYS_PAGE,25,0,31
1787307844.528,2026-08-21 10:24:04.529,InnoDB,LOCK_SYS_PAGE,23,0,39
1787307844.528,2026-08-21 10:24:04.529,InnoDB,LOCK_SYS_PAGE,16,0,22
1787307844.528,2026-08-21 10:24:04.529,InnoDB,LOCK_SYS_PAGE,15,0,26
1787307844.528,2026-08-21 10:24:04.529,InnoDB,LOCK_SYS_PAGE,24,0,31
1787307844.528,2026-08-21 10:24:04.529,InnoDB,LOCK_SYS_PAGE,37,0,38
1787307844.528,2026-08-21 10:24:04.529,InnoDB,LOCK_SYS_PAGE,10,0,10
1787307844.528,2026-08-21 10:24:04.529,InnoDB,LOCK_SYS_PAGE,19,0,23
1787307844.528,2026-08-21 10:24:04.529,InnoDB,LOCK_SYS_PAGE,18,0,28
1787307844.528,2026-08-21 10:24:04.529,InnoDB,LOCK_SYS_PAGE,25,0,35
1787307844.528,2026-08-21 10:24:04.529,InnoDB,LOCK_SYS_PAGE,17,0,22
1787307844.528,2026-08-21 10:24:04.529,InnoDB,LOCK_SYS_PAGE,37,0,47
1787307844.528,2026-08-21 10:24:04.529,InnoDB,LOCK_SYS_PAGE,18,0,30
1787307844.528,2026-08-21 10:24:04.529,InnoDB,LOCK_SYS_PAGE,10,0,19
1787307844.528,2026-08-21 10:24:04.529,InnoDB,LOCK_SYS_PAGE,23,0,27
1787307844.528,2026-08-21 10:24:04.529,InnoDB,LOCK_SYS_PAGE,46,0,38
1787307844.528,2026-08-21 10:24:04.529,InnoDB,LOCK_SYS_PAGE,28,0,33
1787307844.528,2026-08-21 10:24:04.529,InnoDB,LOCK_SYS_PAGE,7,0,17
1787307844.528,2026-08-21 10:24:04.529,InnoDB,LOCK_SYS_PAGE,32,0,26
1787307844.528,2026-08-21 10:24:04.529,InnoDB,LOCK_SYS_PAGE,17,0,24
1787307844.528,2026-08-21 10:24:04.529,InnoDB,LOCK_SYS_PAGE,12,0,25
1787307844.528,2026-08-21 10:24:04.529,InnoDB,LOCK_SYS_PAGE,20,0,19
1787307844.528,2026-08-21 10:24:04.529,InnoDB,LOCK_SYS_PAGE,21,0,30
1787307844.528,2026-08-21 10:24:04.529,InnoDB,LOCK_SYS_PAGE,14,0,17
1787307844.528,2026-08-21 10:24:04.529,InnoDB,LOCK_SYS_PAGE,15,0,17
1787307844.528,2026-08-21 10:24:04.529,InnoDB,LOCK_SYS_PAGE,23,0,19
1787307844.528,2026-08-21 10:24:04.529,InnoDB,LOCK_SYS_PAGE,19,0,19
1787307844.528,2026-08-21 10:24:04.529,InnoDB,LOCK_SYS_PAGE,18,0,27
1787307844.528,2026-08-21 10:24:04.529,InnoDB,LOCK_SYS_PAGE,31,0,15
1787307844.528,2026-08-21 10:24:04.529,InnoDB,LOCK_SYS_PAGE,14,0,14
1787307844.528,2026-08-21 10:24:04.529,InnoDB,LOCK_SYS_PAGE,19,0,22
1787307844.528,2026-08-21 10:24:04.529,InnoDB,LOCK_SYS_PAGE,25,0,24
1787307844.528,2026-08-21 10:24:04.529,InnoDB,LOCK_SYS_PAGE,17,0,24
1787307844.528,2026-08-21 10:24:04.529,InnoDB,LOCK_SYS_PAGE,19,0,28
1787307844.528,2026-08-21 10:24:04.529,InnoDB,LOCK_SYS_PAGE,22,0,29
1787307844.528,2026-08-21 10:24:04.529,InnoDB,LOCK_SYS_PAGE,15,0,19
1787307844.528,2026-08-21 10:24:04.529,InnoDB,LOCK_SYS_PAGE,10,0,24
1787307844.528,2026-08-21 10:24:04.529,InnoDB,LOCK_SYS_PAGE,25,0,39
1787307844.528,2026-08-21 10:24:04.529,InnoDB,LOCK_SYS_PAGE,31,0,32
1787307844.528,2026-08-21 10:24:04.529,InnoDB,LOCK_SYS_PAGE,20,0,24
1787307844.528,2026-08-21 10:24:04.529,InnoDB,LOCK_SYS_PAGE,13,0,22
1787307844.528,2026-08-21 10:24:04.529,InnoDB,LOCK_SYS_PAGE,40,0,38
1787307844.528,2026-08-21 10:24:04.529,InnoDB,LOCK_SYS_PAGE,17,0,30
1787307844.528,2026-08-21 10:24:04.529,InnoDB,LOCK_SYS_PAGE,17,0,31
1787307844.528,2026-08-21 10:24:04.529,InnoDB,LOCK_SYS_PAGE,21,0,29
1787307844.528,2026-08-21 10:24:04.529,InnoDB,LOCK_SYS_PAGE,30,0,38
1787307844.528,2026-08-21 10:24:04.529,InnoDB,LOCK_SYS_PAGE,23,0,29
1787307844.528,2026-08-21 10:24:04.529,InnoDB,LOCK_SYS_PAGE,19,0,27
1787307844.528,2026-08-21 10:24:04.529,InnoDB,LOCK_SYS_PAGE,17,0,31
1787307844.528,2026-08-21 10:24:04.529,InnoDB,LOCK_SYS_PAGE,8,0,19
1787307844.528,2026-08-21 10:24:04.529,InnoDB,LOCK_SYS_PAGE,15,0,25
1787307844.528,2026-08-21 10:24:04.529,InnoDB,LOCK_SYS_PAGE,13,0,17
1787307844.528,2026-08-21 10:24:04.529,InnoDB,LOCK_SYS_PAGE,44,0,24
1787307844.528,2026-08-21 10:24:04.529,InnoDB,LOCK_SYS_PAGE,27,0,34
1787307844.528,2026-08-21 10:24:04.529,InnoDB,LOCK_SYS_PAGE,17,0,25
1787307844.528,2026-08-21 10:24:04.529,InnoDB,LOCK_SYS_PAGE,7,0,14
1787307844.528,2026-08-21 10:24:04.529,InnoDB,LOCK_SYS_PAGE,22,0,34
1787307844.528,2026-08-21 10:24:04.529,InnoDB,LOCK_SYS_PAGE,23,0,26
1787307844.528,2026-08-21 10:24:04.529,InnoDB,LOCK_SYS_PAGE,32,0,37
1787307844.528,2026-08-21 10:24:04.529,InnoDB,LOCK_SYS_PAGE,11,0,23
1787307844.528,2026-08-21 10:24:04.529,InnoDB,LOCK_SYS_PAGE,24,0,32
1787307844.528,2026-08-21 10:24:04.529,InnoDB,LOCK_SYS_PAGE,16,0,20
1787307844.528,2026-08-21 10:24:04.529,InnoDB,LOCK_SYS_PAGE,12,0,21
1787307844.528,2026-08-21 10:24:04.529,InnoDB,LOCK_SYS_PAGE,27,0,37
1787307844.528,2026-08-21 10:24:04.529,InnoDB,LOCK_SYS_PAGE,22,0,33
1787307844.528,2026-08-21 10:24:04.529,InnoDB,LOCK_SYS_PAGE,18,0,32
1787307844.528,2026-08-21 10:24:04.529,InnoDB,LOCK_SYS_PAGE,23,0,38
1787307844.528,2026-08-21 10:24:04.529,InnoDB,LOCK_SYS_PAGE,23,0,38
1787307844.528,2026-08-21 10:24:04.529,InnoDB,LOCK_SYS_PAGE,20,0,22
1787307844.528,2026-08-21 10:24:04.529,InnoDB,LOCK_SYS_PAGE,13,0,28
1787307844.528,2026-08-21 10:24:04.529,InnoDB,LOCK_SYS_PAGE,13,0,22
1787307844.528,2026-08-21 10:24:04.529,InnoDB,LOCK_SYS_PAGE,29,0,32
1787307844.528,2026-08-21 10:24:04.529,InnoDB,LOCK_SYS_PAGE,22,0,31
1787307844.528,2026-08-21 10:24:04.529,InnoDB,LOCK_SYS_PAGE,22,0,28
1787307844.528,2026-08-21 10:24:04.529,InnoDB,LOCK_SYS_PAGE,16,0,28
1787307844.528,2026-08-21 10:24:04.529,InnoDB,LOCK_SYS_PAGE,40,0,39
1787307844.528,2026-08-21 10:24:04.529,InnoDB,LOCK_SYS_PAGE,25,0,33
1787307844.528,2026-08-21 10:24:04.529,InnoDB,LOCK_SYS_PAGE,15,0,24
1787307844.528,2026-08-21 10:24:04.529,InnoDB,LOCK_SYS_PAGE,8,0,18
1787307844.528,2026-08-21 10:24:04.529,InnoDB,LOCK_SYS_PAGE,18,0,20
1787307844.528,2026-08-21 10:24:04.529,InnoDB,LOCK_SYS_PAGE,25,0,33
1787307844.528,2026-08-21 10:24:04.529,InnoDB,LOCK_SYS_PAGE,23,0,26
1787307844.528,2026-08-21 10:24:04.529,InnoDB,LOCK_SYS_PAGE,19,0,29
1787307844.528,2026-08-21 10:24:04.529,InnoDB,LOCK_SYS_PAGE,33,0,38
1787307844.528,2026-08-21 10:24:04.529,InnoDB,LOCK_SYS_PAGE,29,0,37
1787307844.528,2026-08-21 10:24:04.529,InnoDB,LOCK_SYS_PAGE,23,0,36
1787307844.528,2026-08-21 10:24:04.529,InnoDB,LOCK_SYS_PAGE,25,0,32
1787307844.528,2026-08-21 10:24:04.529,InnoDB,LOCK_SYS_PAGE,15,0,26
1787307844.528,2026-08-21 10:24:04.529,InnoDB,LOCK_SYS_PAGE,14,0,31
1787307844.528,2026-08-21 10:24:04.529,InnoDB,LOCK_SYS_PAGE,26,0,33
1787307844.528,2026-08-21 10:24:04.529,InnoDB,LOCK_SYS_PAGE,16,0,27
1787307844.528,2026-08-21 10:24:04.529,InnoDB,LOCK_SYS_PAGE,13,0,21
1787307844.528,2026-08-21 10:24:04.529,InnoDB,LOCK_SYS_PAGE,11,0,18
1787307844.528,2026-08-21 10:24:04.529,InnoDB,LOCK_SYS_PAGE,22,0,32
1787307844.528,2026-08-21 10:24:04.529,InnoDB,LOCK_SYS_PAGE,27,0,31
1787307844.528,2026-08-21 10:24:04.529,InnoDB,LOCK_SYS_PAGE,17,0,23
1787307844.528,2026-08-21 10:24:04.529,InnoDB,LOCK_SYS_PAGE,26,0,35
1787307844.528,2026-08-21 10:24:04.529,InnoDB,LOCK_SYS_PAGE,21,0,38
1787307844.528,2026-08-21 10:24:04.529,InnoDB,LOCK_SYS_PAGE,31,0,38
1787307844.528,2026-08-21 10:24:04.529,InnoDB,LOCK_SYS_PAGE,20,0,36
1787307844.528,2026-08-21 10:24:04.529,InnoDB,LOCK_SYS_PAGE,13,0,27
1787307844.528,2026-08-21 10:24:04.529,InnoDB,LOCK_SYS_PAGE,27,0,36
1787307844.528,2026-08-21 10:24:04.529,InnoDB,LOCK_SYS_PAGE,21,0,28
1787307844.528,2026-08-21 10:24:04.529,InnoDB,LOCK_SYS_PAGE,9,0,19
1787307844.528,2026-08-21 10:24:04.529,InnoDB,LOCK_SYS_PAGE,15,0,23
1787307844.528,2026-08-21 10:24:04.529,InnoDB,LOCK_SYS_PAGE,18,0,22
1787307844.528,2026-08-21 10:24:04.529,InnoDB,LOCK_SYS_PAGE,29,0,33
1787307844.528,2026-08-21 10:24:04.529,InnoDB,LOCK_SYS_PAGE,15,0,20
1787307844.528,2026-08-21 10:24:04.529,InnoDB,LOCK_SYS_PAGE,7,0,11
1787307844.528,2026-08-21 10:24:04.529,InnoDB,LOCK_SYS_PAGE,32,0,32
1787307844.528,2026-08-21 10:24:04.529,InnoDB,LOCK_SYS_PAGE,16,0,20
1787307844.528,2026-08-21 10:24:04.529,InnoDB,LOCK_SYS_PAGE,24,0,30
1787307844.528,2026-08-21 10:24:04.529,InnoDB,LOCK_SYS_PAGE,22,0,25
1787307844.528,2026-08-21 10:24:04.529,InnoDB,LOCK_SYS_PAGE,14,0,20
1787307844.528,2026-08-21 10:24:04.529,InnoDB,LOCK_SYS_PAGE,11,0,18
1787307844.528,2026-08-21 10:24:04.529,InnoDB,LOCK_SYS_PAGE,25,0,28
1787307844.528,2026-08-21 10:24:04.529,InnoDB,LOCK_SYS_PAGE,50,0,43
1787307844.528,2026-08-21 10:24:04.529,InnoDB,LOCK_SYS_PAGE,15,0,21
1787307844.528,2026-08-21 10:24:04.529,InnoDB,LOCK_SYS_PAGE,18,0,26
1787307844.528,2026-08-21 10:24:04.529,InnoDB,LOCK_SYS_PAGE,25,0,32
1787307844.528,2026-08-21 10:24:04.529,InnoDB,LOCK_SYS_PAGE,21,0,27
1787307844.528,2026-08-21 10:24:04.529,InnoDB,LOCK_SYS_PAGE,24,0,27
1787307844.528,2026-08-21 10:24:04.529,InnoDB,LOCK_SYS_PAGE,18,0,31
1787307844.528,2026-08-21 10:24:04.529,InnoDB,LOCK_SYS_PAGE,16,0,23
1787307844.528,2026-08-21 10:24:04.529,InnoDB,LOCK_SYS_PAGE,27,0,37
1787307844.528,2026-08-21 10:24:04.529,InnoDB,LOCK_SYS_PAGE,18,0,25
1787307844.528,2026-08-21 10:24:04.529,InnoDB,LOCK_SYS_PAGE,10,0,18
1787307844.528,2026-08-21 10:24:04.529,InnoDB,LOCK_SYS_PAGE,15,0,25
1787307844.528,2026-08-21 10:24:04.529,InnoDB,LOCK_SYS_PAGE,50,0,35
1787307844.528,2026-08-21 10:24:04.529,InnoDB,LOCK_SYS_PAGE,10,0,17
1787307844.528,2026-08-21 10:24:04.529,InnoDB,LOCK_SYS_PAGE,26,0,26
1787307844.528,2026-08-21 10:24:04.529,InnoDB,LOCK_SYS_PAGE,15,0,17
1787307844.528,2026-08-21 10:24:04.529,InnoDB,LOCK_SYS_PAGE,23,0,31
1787307844.528,2026-08-21 10:24:04.529,InnoDB,LOCK_SYS_PAGE,14,0,20
1787307844.528,2026-08-21 10:24:04.529,InnoDB,LOCK_SYS_PAGE,15,0,30
1787307844.528,2026-08-21 10:24:04.529,InnoDB,rwlock: dict0dict.cc:2560,,38590,
1787307844.528,2026-08-21 10:24:04.529,InnoDB,rwlock: dict0dict.cc:2560,,38702,
1787307844.528,2026-08-21 10:24:04.529,InnoDB,rwlock: dict0dict.cc:2560,,38538,
1787307844.528,2026-08-21 10:24:04.529,InnoDB,rwlock: dict0dict.cc:2560,,38155,
1787307844.528,2026-08-21 10:24:04.529,InnoDB,rwlock: dict0dict.cc:2560,,38359,
1787307844.528,2026-08-21 10:24:04.529,InnoDB,rwlock: dict0dict.cc:2560,,38470,
1787307844.528,2026-08-21 10:24:04.529,InnoDB,rwlock: dict0dict.cc:2560,,38564,
1787307844.528,2026-08-21 10:24:04.529,InnoDB,rwlock: dict0dict.cc:2560,,38067,
1787307844.528,2026-08-21 10:24:04.529,InnoDB,rwlock: dict0dict.cc:2560,,38823,
1787307844.528,2026-08-21 10:24:04.529,InnoDB,rwlock: dict0dict.cc:2560,,38048,
1787307844.528,2026-08-21 10:24:04.529,InnoDB,rwlock: dict0dict.cc:2560,,38092,
1787307844.528,2026-08-21 10:24:04.529,InnoDB,rwlock: dict0dict.cc:2560,,38384,
1787307844.528,2026-08-21 10:24:04.529,InnoDB,rwlock: dict0dict.cc:2560,,38245,
1787307844.528,2026-08-21 10:24:04.529,InnoDB,rwlock: dict0dict.cc:2560,,38155,
1787307844.528,2026-08-21 10:24:04.529,InnoDB,rwlock: dict0dict.cc:2560,,38390,
1787307844.528,2026-08-21 10:24:04.529,InnoDB,rwlock: dict0dict.cc:2560,,37871,
1787307844.528,2026-08-21 10:24:04.529,InnoDB,rwlock: dict0dict.cc:2560,,37993,
1787307844.528,2026-08-21 10:24:04.529,InnoDB,rwlock: dict0dict.cc:2560,,38299,
1787307844.528,2026-08-21 10:24:04.529,InnoDB,rwlock: dict0dict.cc:2560,,38371,
1787307844.528,2026-08-21 10:24:04.529,InnoDB,rwlock: dict0dict.cc:2560,,38225,
1787307844.528,2026-08-21 10:24:04.529,InnoDB,rwlock: dict0dict.cc:2560,,1,
1787307844.528,2026-08-21 10:24:04.529,InnoDB,rwlock: dict0dict.cc:2560,,1,
1787307844.528,2026-08-21 10:24:04.529,InnoDB,rwlock: dict0dict.cc:2560,,1,
1787307844.528,2026-08-21 10:24:04.529,InnoDB,rwlock: dict0dict.cc:2560,,1,
1787307844.528,2026-08-21 10:24:04.529,InnoDB,rwlock: fil0fil.cc:3310,,1,
1787307844.528,2026-08-21 10:24:04.529,InnoDB,rwlock: dict0dict.cc:2560,,1,
1787307844.528,2026-08-21 10:24:04.529,InnoDB,rwlock: dict0dict.cc:2560,,1,
1787307844.528,2026-08-21 10:24:04.529,InnoDB,rwlock: dict0dict.cc:2560,,2,
1787307844.528,2026-08-21 10:24:04.529,InnoDB,rwlock: dict0dict.cc:2560,,1,
1787307844.528,2026-08-21 10:24:04.529,InnoDB,rwlock: dict0dict.cc:2560,,1,
1787307844.528,2026-08-21 10:24:04.529,InnoDB,rwlock: dict0dict.cc:2560,,1,
1787307844.528,2026-08-21 10:24:04.529,InnoDB,rwlock: dict0dict.cc:2560,,2,
1787307844.528,2026-08-21 10:24:04.529,InnoDB,rwlock: dict0dict.cc:2560,,1,
1787307844.528,2026-08-21 10:24:04.529,InnoDB,rwlock: dict0dict.cc:2560,,1,
1787307844.528,2026-08-21 10:24:04.529,InnoDB,rwlock: dict0dict.cc:2560,,1,
1787307844.528,2026-08-21 10:24:04.529,InnoDB,rwlock: dict0dict.cc:2560,,1,
1787307844.528,2026-08-21 10:24:04.529,InnoDB,rwlock: dict0dict.cc:2560,,2,
1787307844.528,2026-08-21 10:24:04.529,InnoDB,rwlock: fil0fil.cc:3310,,1,
1787307844.528,2026-08-21 10:24:04.529,InnoDB,rwlock: fil0fil.cc:3310,,13445,
1787307844.528,2026-08-21 10:24:04.529,InnoDB,rwlock: fil0fil.cc:3310,,8804,
1787307844.528,2026-08-21 10:24:04.529,InnoDB,rwlock: dict0dict.cc:1032,,4,
1787307844.528,2026-08-21 10:24:04.529,InnoDB,rwlock: hash0hash.cc:117,,18917,
1787307844.528,2026-08-21 10:24:04.529,InnoDB,rwlock: hash0hash.cc:117,,17343,
1787307844.528,2026-08-21 10:24:04.529,InnoDB,rwlock: hash0hash.cc:117,,21295,
1787307844.528,2026-08-21 10:24:04.529,InnoDB,rwlock: hash0hash.cc:117,,20277,
1787307844.528,2026-08-21 10:24:04.529,InnoDB,rwlock: hash0hash.cc:117,,14650,
1787307844.528,2026-08-21 10:24:04.529,InnoDB,rwlock: hash0hash.cc:117,,18878,
1787307844.528,2026-08-21 10:24:04.529,InnoDB,rwlock: hash0hash.cc:117,,14461,
1787307844.528,2026-08-21 10:24:04.529,InnoDB,rwlock: hash0hash.cc:117,,21415,
1787307844.528,2026-08-21 10:24:04.529,InnoDB,rwlock: hash0hash.cc:117,,21117,
1787307844.528,2026-08-21 10:24:04.529,InnoDB,rwlock: hash0hash.cc:117,,13382,
1787307844.528,2026-08-21 10:24:04.529,InnoDB,rwlock: hash0hash.cc:117,,17299,
1787307844.528,2026-08-21 10:24:04.529,InnoDB,rwlock: hash0hash.cc:117,,18232,
1787307844.528,2026-08-21 10:24:04.529,InnoDB,rwlock: hash0hash.cc:117,,17739,
1787307844.528,2026-08-21 10:24:04.529,InnoDB,rwlock: hash0hash.cc:117,,22598,
1787307844.528,2026-08-21 10:24:04.529,InnoDB,rwlock: hash0hash.cc:117,,18604,
1787307844.528,2026-08-21 10:24:04.529,InnoDB,rwlock: hash0hash.cc:117,,14173,
1787307844.528,2026-08-21 10:24:04.529,InnoDB,sum rwlock: buf0buf.cc:880,,1016586,
1787307855.052,2026-08-21 10:24:15.060,InnoDB,BUF_POOL_LRU_LIST,698936386,15033140,40934297
1787307855.052,2026-08-21 10:24:15.060,InnoDB,FLUSH_LIST,1390056,17838,788998
1787307855.052,2026-08-21 10:24:15.060,InnoDB,BUF_POOL_FLUSH_STATE,5835595,7628,2630711
1787307855.052,2026-08-21 10:24:15.060,InnoDB,LOG_WRITER,94862,3135,221
1787307855.052,2026-08-21 10:24:15.060,InnoDB,BUF_BLOCK_MUTEX,73846,1491,11867
1787307855.052,2026-08-21 10:24:15.060,InnoDB,TRX_SYS,257147,875,199511
1787307855.052,2026-08-21 10:24:15.060,InnoDB,TRX_SYS_SERIALISATION,32975,360,20355
1787307855.052,2026-08-21 10:24:15.060,InnoDB,BUF_POOL_FREE_LIST,2483656,244,1912766
1787307855.052,2026-08-21 10:24:15.060,InnoDB,DICT_PERSIST_DIRTY_TABLES,4420,119,203
1787307855.052,2026-08-21 10:24:15.060,InnoDB,IBUF_BITMAP,6154,109,1751
1787307855.052,2026-08-21 10:24:15.060,InnoDB,LOG_FILES,3384,79,125
1787307855.052,2026-08-21 10:24:15.060,InnoDB,DICT_SYS,79416,67,46408
1787307855.052,2026-08-21 10:24:15.060,InnoDB,FIL_SHARD,74566,49,62843
1787307855.052,2026-08-21 10:24:15.060,InnoDB,FIL_SHARD,41402,48,41436
1787307855.052,2026-08-21 10:24:15.060,InnoDB,FIL_SHARD,45111,46,43928
1787307855.052,2026-08-21 10:24:15.060,InnoDB,FIL_SHARD,40551,43,40000
1787307855.052,2026-08-21 10:24:15.060,InnoDB,FIL_SHARD,47777,43,46885
1787307855.052,2026-08-21 10:24:15.060,InnoDB,FIL_SHARD,41529,43,41056
1787307855.052,2026-08-21 10:24:15.060,InnoDB,FIL_SHARD,41058,42,42963
1787307855.052,2026-08-21 10:24:15.060,InnoDB,LOG_FLUSHER,1771,42,79
1787307855.052,2026-08-21 10:24:15.060,InnoDB,FIL_SHARD,45092,41,43751
1787307855.052,2026-08-21 10:24:15.060,InnoDB,FIL_SHARD,43625,41,42352
1787307855.052,2026-08-21 10:24:15.060,InnoDB,FIL_SHARD,42190,39,43966
1787307855.052,2026-08-21 10:24:15.060,InnoDB,FIL_SHARD,48398,39,49911
1787307855.052,2026-08-21 10:24:15.060,InnoDB,FIL_SHARD,38853,39,38746
1787307855.052,2026-08-21 10:24:15.060,InnoDB,FIL_SHARD,42085,38,40755
1787307855.052,2026-08-21 10:24:15.060,InnoDB,FIL_SHARD,46053,37,45181
1787307855.052,2026-08-21 10:24:15.060,InnoDB,FIL_SHARD,3044,37,2166
1787307855.052,2026-08-21 10:24:15.060,InnoDB,FIL_SHARD,45484,36,44011
1787307855.052,2026-08-21 10:24:15.060,InnoDB,FIL_SHARD,43779,36,46273
1787307855.052,2026-08-21 10:24:15.060,InnoDB,FIL_SHARD,45572,35,47146
1787307855.052,2026-08-21 10:24:15.060,InnoDB,FIL_SHARD,40608,34,40296
1787307855.052,2026-08-21 10:24:15.060,InnoDB,FIL_SHARD,39733,33,40044
1787307855.052,2026-08-21 10:24:15.060,InnoDB,FIL_SHARD,39208,32,39223
1787307855.052,2026-08-21 10:24:15.060,InnoDB,FIL_SHARD,1928,17,1553
1787307855.052,2026-08-21 10:24:15.060,InnoDB,UNDO_SPACE_RSEG,395,12,25
1787307855.052,2026-08-21 10:24:15.060,InnoDB,UNDO_SPACE_RSEG,422,11,24
1787307855.052,2026-08-21 10:24:15.060,InnoDB,UNDO_SPACE_RSEG,449,11,37
1787307855.052,2026-08-21 10:24:15.060,InnoDB,UNDO_SPACE_RSEG,443,11,32
1787307855.052,2026-08-21 10:24:15.060,InnoDB,UNDO_SPACE_RSEG,391,10,30
1787307855.052,2026-08-21 10:24:15.060,InnoDB,UNDO_SPACE_RSEG,412,10,39
1787307855.052,2026-08-21 10:24:15.060,InnoDB,UNDO_SPACE_RSEG,371,10,28
1787307855.052,2026-08-21 10:24:15.060,InnoDB,UNDO_SPACE_RSEG,377,10,35
1787307855.052,2026-08-21 10:24:15.060,InnoDB,UNDO_SPACE_RSEG,349,10,25
1787307855.052,2026-08-21 10:24:15.060,InnoDB,UNDO_SPACE_RSEG,365,10,30
1787307855.052,2026-08-21 10:24:15.060,InnoDB,UNDO_SPACE_RSEG,353,10,26
1787307855.052,2026-08-21 10:24:15.060,InnoDB,UNDO_SPACE_RSEG,350,10,27
1787307855.052,2026-08-21 10:24:15.060,InnoDB,UNDO_SPACE_RSEG,354,10,23
1787307855.052,2026-08-21 10:24:15.060,InnoDB,UNDO_SPACE_RSEG,372,10,29
1787307855.052,2026-08-21 10:24:15.060,InnoDB,UNDO_SPACE_RSEG,373,9,28
1787307855.052,2026-08-21 10:24:15.060,InnoDB,UNDO_SPACE_RSEG,322,9,24
1787307855.052,2026-08-21 10:24:15.060,InnoDB,UNDO_SPACE_RSEG,387,9,31
1787307855.052,2026-08-21 10:24:15.060,InnoDB,UNDO_SPACE_RSEG,367,9,40
1787307855.052,2026-08-21 10:24:15.060,InnoDB,UNDO_SPACE_RSEG,267,8,17
1787307855.052,2026-08-21 10:24:15.060,InnoDB,UNDO_SPACE_RSEG,261,8,13
1787307855.052,2026-08-21 10:24:15.060,InnoDB,UNDO_SPACE_RSEG,281,8,22
1787307855.052,2026-08-21 10:24:15.060,InnoDB,UNDO_SPACE_RSEG,287,8,24
1787307855.052,2026-08-21 10:24:15.060,InnoDB,UNDO_SPACE_RSEG,272,8,21
1787307855.052,2026-08-21 10:24:15.060,InnoDB,UNDO_SPACE_RSEG,317,8,30
1787307855.052,2026-08-21 10:24:15.060,InnoDB,UNDO_SPACE_RSEG,315,8,27
1787307855.052,2026-08-21 10:24:15.060,InnoDB,UNDO_SPACE_RSEG,290,8,21
1787307855.052,2026-08-21 10:24:15.060,InnoDB,UNDO_SPACE_RSEG,314,8,28
1787307855.052,2026-08-21 10:24:15.060,InnoDB,UNDO_SPACE_RSEG,284,8,24
1787307855.052,2026-08-21 10:24:15.060,InnoDB,UNDO_SPACE_RSEG,363,8,25
1787307855.052,2026-08-21 10:24:15.060,InnoDB,UNDO_SPACE_RSEG,312,8,24
1787307855.052,2026-08-21 10:24:15.060,InnoDB,UNDO_SPACE_RSEG,321,8,28
1787307855.052,2026-08-21 10:24:15.060,InnoDB,UNDO_SPACE_RSEG,280,8,24
1787307855.052,2026-08-21 10:24:15.060,InnoDB,UNDO_SPACE_RSEG,305,8,26
1787307855.052,2026-08-21 10:24:15.060,InnoDB,UNDO_SPACE_RSEG,277,7,25
1787307855.052,2026-08-21 10:24:15.060,InnoDB,UNDO_SPACE_RSEG,244,7,21
1787307855.052,2026-08-21 10:24:15.060,InnoDB,UNDO_SPACE_RSEG,266,7,33
1787307855.052,2026-08-21 10:24:15.060,InnoDB,UNDO_SPACE_RSEG,265,7,24
1787307855.052,2026-08-21 10:24:15.060,InnoDB,UNDO_SPACE_RSEG,272,7,29
1787307855.052,2026-08-21 10:24:15.060,InnoDB,UNDO_SPACE_RSEG,275,7,29
1787307855.052,2026-08-21 10:24:15.060,InnoDB,UNDO_SPACE_RSEG,252,7,26
1787307855.052,2026-08-21 10:24:15.060,InnoDB,UNDO_SPACE_RSEG,244,7,22
1787307855.052,2026-08-21 10:24:15.060,InnoDB,UNDO_SPACE_RSEG,239,7,19
1787307855.052,2026-08-21 10:24:15.060,InnoDB,UNDO_SPACE_RSEG,265,7,25
1787307855.052,2026-08-21 10:24:15.060,InnoDB,UNDO_SPACE_RSEG,252,7,29
1787307855.052,2026-08-21 10:24:15.060,InnoDB,UNDO_SPACE_RSEG,249,7,31
1787307855.052,2026-08-21 10:24:15.060,InnoDB,UNDO_SPACE_RSEG,258,7,23
1787307855.052,2026-08-21 10:24:15.060,InnoDB,UNDO_SPACE_RSEG,280,7,32
1787307855.052,2026-08-21 10:24:15.060,InnoDB,UNDO_SPACE_RSEG,273,7,23
1787307855.052,2026-08-21 10:24:15.060,InnoDB,UNDO_SPACE_RSEG,280,7,33
1787307855.052,2026-08-21 10:24:15.060,InnoDB,UNDO_SPACE_RSEG,254,7,21
1787307855.052,2026-08-21 10:24:15.060,InnoDB,UNDO_SPACE_RSEG,244,7,17
1787307855.052,2026-08-21 10:24:15.060,InnoDB,UNDO_SPACE_RSEG,228,7,12
1787307855.052,2026-08-21 10:24:15.060,InnoDB,UNDO_SPACE_RSEG,238,7,23
1787307855.052,2026-08-21 10:24:15.060,InnoDB,UNDO_SPACE_RSEG,260,7,17
1787307855.052,2026-08-21 10:24:15.060,InnoDB,UNDO_SPACE_RSEG,287,7,17
1787307855.052,2026-08-21 10:24:15.060,InnoDB,UNDO_SPACE_RSEG,241,6,24
1787307855.052,2026-08-21 10:24:15.060,InnoDB,UNDO_SPACE_RSEG,258,6,27
1787307855.052,2026-08-21 10:24:15.060,InnoDB,UNDO_SPACE_RSEG,218,6,15
1787307855.052,2026-08-21 10:24:15.060,InnoDB,UNDO_SPACE_RSEG,216,6,11
1787307855.052,2026-08-21 10:24:15.060,InnoDB,UNDO_SPACE_RSEG,212,6,17
1787307855.052,2026-08-21 10:24:15.060,InnoDB,UNDO_SPACE_RSEG,269,6,24
1787307855.052,2026-08-21 10:24:15.060,InnoDB,UNDO_SPACE_RSEG,228,6,17
1787307855.052,2026-08-21 10:24:15.060,InnoDB,UNDO_SPACE_RSEG,236,6,21
1787307855.052,2026-08-21 10:24:15.060,InnoDB,UNDO_SPACE_RSEG,202,6,14
1787307855.052,2026-08-21 10:24:15.060,InnoDB,UNDO_SPACE_RSEG,188,6,9
1787307855.052,2026-08-21 10:24:15.060,InnoDB,UNDO_SPACE_RSEG,226,6,22
1787307855.052,2026-08-21 10:24:15.060,InnoDB,UNDO_SPACE_RSEG,265,6,23
1787307855.052,2026-08-21 10:24:15.060,InnoDB,UNDO_SPACE_RSEG,248,6,22
1787307855.052,2026-08-21 10:24:15.060,InnoDB,UNDO_SPACE_RSEG,254,6,20
1787307855.052,2026-08-21 10:24:15.060,InnoDB,UNDO_SPACE_RSEG,217,6,18
1787307855.052,2026-08-21 10:24:15.060,InnoDB,UNDO_SPACE_RSEG,199,6,12
1787307855.052,2026-08-21 10:24:15.060,InnoDB,UNDO_SPACE_RSEG,200,6,15
1787307855.052,2026-08-21 10:24:15.060,InnoDB,UNDO_SPACE_RSEG,227,6,21
1787307855.052,2026-08-21 10:24:15.060,InnoDB,UNDO_SPACE_RSEG,242,6,23
1787307855.052,2026-08-21 10:24:15.060,InnoDB,UNDO_SPACE_RSEG,231,6,16
1787307855.052,2026-08-21 10:24:15.060,InnoDB,UNDO_SPACE_RSEG,291,6,29
1787307855.052,2026-08-21 10:24:15.060,InnoDB,UNDO_SPACE_RSEG,258,6,17
1787307855.052,2026-08-21 10:24:15.060,InnoDB,UNDO_SPACE_RSEG,265,6,27
1787307855.052,2026-08-21 10:24:15.060,InnoDB,UNDO_SPACE_RSEG,255,6,22
1787307855.052,2026-08-21 10:24:15.060,InnoDB,UNDO_SPACE_RSEG,227,6,26
1787307855.052,2026-08-21 10:24:15.060,InnoDB,UNDO_SPACE_RSEG,248,6,22
1787307855.052,2026-08-21 10:24:15.060,InnoDB,UNDO_SPACE_RSEG,276,5,21
1787307855.052,2026-08-21 10:24:15.060,InnoDB,UNDO_SPACE_RSEG,186,5,17
1787307855.052,2026-08-21 10:24:15.060,InnoDB,UNDO_SPACE_RSEG,183,5,13
1787307855.052,2026-08-21 10:24:15.060,InnoDB,UNDO_SPACE_RSEG,208,5,20
1787307855.052,2026-08-21 10:24:15.060,InnoDB,UNDO_SPACE_RSEG,202,5,15
1787307855.052,2026-08-21 10:24:15.060,InnoDB,UNDO_SPACE_RSEG,167,5,14
1787307855.052,2026-08-21 10:24:15.060,InnoDB,UNDO_SPACE_RSEG,193,5,16
1787307855.052,2026-08-21 10:24:15.060,InnoDB,UNDO_SPACE_RSEG,200,5,20
1787307855.052,2026-08-21 10:24:15.060,InnoDB,UNDO_SPACE_RSEG,177,5,13
1787307855.052,2026-08-21 10:24:15.060,InnoDB,UNDO_SPACE_RSEG,180,5,7
1787307855.052,2026-08-21 10:24:15.060,InnoDB,UNDO_SPACE_RSEG,232,5,17
1787307855.052,2026-08-21 10:24:15.060,InnoDB,UNDO_SPACE_RSEG,190,5,20
1787307855.052,2026-08-21 10:24:15.060,InnoDB,UNDO_SPACE_RSEG,166,5,11
1787307855.052,2026-08-21 10:24:15.060,InnoDB,UNDO_SPACE_RSEG,178,5,17
1787307855.052,2026-08-21 10:24:15.060,InnoDB,UNDO_SPACE_RSEG,169,5,8
1787307855.052,2026-08-21 10:24:15.060,InnoDB,UNDO_SPACE_RSEG,191,5,18
1787307855.052,2026-08-21 10:24:15.060,InnoDB,UNDO_SPACE_RSEG,216,5,17
1787307855.052,2026-08-21 10:24:15.060,InnoDB,UNDO_SPACE_RSEG,166,5,8
1787307855.052,2026-08-21 10:24:15.060,InnoDB,UNDO_SPACE_RSEG,166,5,13
1787307855.052,2026-08-21 10:24:15.060,InnoDB,UNDO_SPACE_RSEG,242,5,21
1787307855.052,2026-08-21 10:24:15.060,InnoDB,UNDO_SPACE_RSEG,191,5,21
1787307855.052,2026-08-21 10:24:15.060,InnoDB,UNDO_SPACE_RSEG,246,5,30
1787307855.052,2026-08-21 10:24:15.060,InnoDB,UNDO_SPACE_RSEG,185,5,15
1787307855.052,2026-08-21 10:24:15.060,InnoDB,UNDO_SPACE_RSEG,207,5,27
1787307855.052,2026-08-21 10:24:15.060,InnoDB,UNDO_SPACE_RSEG,253,5,25
1787307855.052,2026-08-21 10:24:15.060,InnoDB,UNDO_SPACE_RSEG,202,5,19
1787307855.052,2026-08-21 10:24:15.060,InnoDB,UNDO_SPACE_RSEG,184,5,18
1787307855.052,2026-08-21 10:24:15.060,InnoDB,UNDO_SPACE_RSEG,183,5,16
1787307855.052,2026-08-21 10:24:15.060,InnoDB,UNDO_SPACE_RSEG,213,5,19
1787307855.052,2026-08-21 10:24:15.060,InnoDB,UNDO_SPACE_RSEG,204,5,21
1787307855.052,2026-08-21 10:24:15.060,InnoDB,UNDO_SPACE_RSEG,209,5,24
1787307855.052,2026-08-21 10:24:15.060,InnoDB,UNDO_SPACE_RSEG,204,5,15
1787307855.052,2026-08-21 10:24:15.060,InnoDB,UNDO_SPACE_RSEG,199,5,20
1787307855.052,2026-08-21 10:24:15.060,InnoDB,UNDO_SPACE_RSEG,157,4,13
1787307855.052,2026-08-21 10:24:15.060,InnoDB,UNDO_SPACE_RSEG,155,4,14
1787307855.052,2026-08-21 10:24:15.060,InnoDB,UNDO_SPACE_RSEG,164,4,18
1787307855.052,2026-08-21 10:24:15.060,InnoDB,UNDO_SPACE_RSEG,161,4,13
1787307855.052,2026-08-21 10:24:15.060,InnoDB,UNDO_SPACE_RSEG,175,4,24
1787307855.052,2026-08-21 10:24:15.060,InnoDB,UNDO_SPACE_RSEG,165,4,19
1787307855.052,2026-08-21 10:24:15.060,InnoDB,UNDO_SPACE_RSEG,162,4,18
1787307855.052,2026-08-21 10:24:15.060,InnoDB,UNDO_SPACE_RSEG,149,4,13
1787307855.052,2026-08-21 10:24:15.060,InnoDB,UNDO_SPACE_RSEG,180,4,21
1787307855.052,2026-08-21 10:24:15.060,InnoDB,UNDO_SPACE_RSEG,176,4,23
1787307855.052,2026-08-21 10:24:15.060,InnoDB,UNDO_SPACE_RSEG,157,4,16
1787307855.052,2026-08-21 10:24:15.060,InnoDB,UNDO_SPACE_RSEG,145,4,11
1787307855.052,2026-08-21 10:24:15.060,InnoDB,UNDO_SPACE_RSEG,202,4,20
1787307855.052,2026-08-21 10:24:15.060,InnoDB,UNDO_SPACE_RSEG,162,4,20
1787307855.052,2026-08-21 10:24:15.060,InnoDB,UNDO_SPACE_RSEG,192,4,24
1787307855.052,2026-08-21 10:24:15.060,InnoDB,TRX,757,4,717
1787307855.052,2026-08-21 10:24:15.060,InnoDB,UNDO_SPACE_RSEG,143,4,8
1787307855.052,2026-08-21 10:24:15.060,InnoDB,UNDO_SPACE_RSEG,139,4,10
1787307855.052,2026-08-21 10:24:15.060,InnoDB,UNDO_SPACE_RSEG,158,4,22
1787307855.052,2026-08-21 10:24:15.060,InnoDB,UNDO_SPACE_RSEG,172,4,18
1787307855.052,2026-08-21 10:24:15.060,InnoDB,UNDO_SPACE_RSEG,131,4,9
1787307855.052,2026-08-21 10:24:15.060,InnoDB,UNDO_SPACE_RSEG,136,4,11
1787307855.052,2026-08-21 10:24:15.060,InnoDB,UNDO_SPACE_RSEG,138,4,9
1787307855.052,2026-08-21 10:24:15.060,InnoDB,UNDO_SPACE_RSEG,148,4,17
1787307855.052,2026-08-21 10:24:15.060,InnoDB,UNDO_SPACE_RSEG,182,4,15
1787307855.052,2026-08-21 10:24:15.060,InnoDB,UNDO_SPACE_RSEG,165,4,11
1787307855.052,2026-08-21 10:24:15.060,InnoDB,UNDO_SPACE_RSEG,142,4,15
1787307855.052,2026-08-21 10:24:15.060,InnoDB,UNDO_SPACE_RSEG,231,4,21
1787307855.052,2026-08-21 10:24:15.060,InnoDB,UNDO_SPACE_RSEG,139,4,15
1787307855.052,2026-08-21 10:24:15.060,InnoDB,UNDO_SPACE_RSEG,224,4,29
1787307855.052,2026-08-21 10:24:15.060,InnoDB,UNDO_SPACE_RSEG,163,4,20
1787307855.052,2026-08-21 10:24:15.060,InnoDB,UNDO_SPACE_RSEG,149,4,11
1787307855.052,2026-08-21 10:24:15.060,InnoDB,UNDO_SPACE_RSEG,177,4,17
1787307855.052,2026-08-21 10:24:15.060,InnoDB,UNDO_SPACE_RSEG,176,4,18
1787307855.052,2026-08-21 10:24:15.060,InnoDB,UNDO_SPACE_RSEG,175,4,15
1787307855.052,2026-08-21 10:24:15.060,InnoDB,UNDO_SPACE_RSEG,191,4,17
1787307855.052,2026-08-21 10:24:15.060,InnoDB,UNDO_SPACE_RSEG,155,4,12
1787307855.052,2026-08-21 10:24:15.060,InnoDB,UNDO_SPACE_RSEG,170,4,22
1787307855.052,2026-08-21 10:24:15.060,InnoDB,UNDO_SPACE_RSEG,158,4,18
1787307855.052,2026-08-21 10:24:15.060,InnoDB,UNDO_SPACE_RSEG,153,4,14
1787307855.052,2026-08-21 10:24:15.060,InnoDB,UNDO_SPACE_RSEG,144,4,18
1787307855.052,2026-08-21 10:24:15.060,InnoDB,UNDO_SPACE_RSEG,135,4,8
1787307855.052,2026-08-21 10:24:15.060,InnoDB,UNDO_SPACE_RSEG,174,4,15
1787307855.052,2026-08-21 10:24:15.060,InnoDB,UNDO_SPACE_RSEG,137,4,12
1787307855.052,2026-08-21 10:24:15.060,InnoDB,UNDO_SPACE_RSEG,114,3,14
1787307855.052,2026-08-21 10:24:15.060,InnoDB,UNDO_SPACE_RSEG,155,3,13
1787307855.052,2026-08-21 10:24:15.060,InnoDB,UNDO_SPACE_RSEG,122,3,19
1787307855.052,2026-08-21 10:24:15.060,InnoDB,UNDO_SPACE_RSEG,110,3,7
1787307855.052,2026-08-21 10:24:15.060,InnoDB,UNDO_SPACE_RSEG,104,3,9
1787307855.052,2026-08-21 10:24:15.060,InnoDB,UNDO_SPACE_RSEG,100,3,8
1787307855.052,2026-08-21 10:24:15.060,InnoDB,UNDO_SPACE_RSEG,111,3,11
1787307855.052,2026-08-21 10:24:15.060,InnoDB,UNDO_SPACE_RSEG,123,3,9
1787307855.052,2026-08-21 10:24:15.060,InnoDB,UNDO_SPACE_RSEG,104,3,7
1787307855.052,2026-08-21 10:24:15.060,InnoDB,UNDO_SPACE_RSEG,137,3,19
1787307855.052,2026-08-21 10:24:15.060,InnoDB,UNDO_SPACE_RSEG,102,3,9
1787307855.052,2026-08-21 10:24:15.060,InnoDB,UNDO_SPACE_RSEG,106,3,12
1787307855.052,2026-08-21 10:24:15.060,InnoDB,UNDO_SPACE_RSEG,105,3,9
1787307855.052,2026-08-21 10:24:15.060,InnoDB,UNDO_SPACE_RSEG,118,3,15
1787307855.052,2026-08-21 10:24:15.060,InnoDB,UNDO_SPACE_RSEG,123,3,12
1787307855.052,2026-08-21 10:24:15.060,InnoDB,UNDO_SPACE_RSEG,122,3,12
1787307855.052,2026-08-21 10:24:15.060,InnoDB,UNDO_SPACE_RSEG,127,3,12
1787307855.052,2026-08-21 10:24:15.060,InnoDB,UNDO_SPACE_RSEG,150,3,23
1787307855.052,2026-08-21 10:24:15.060,InnoDB,UNDO_SPACE_RSEG,152,3,22
1787307855.052,2026-08-21 10:24:15.060,InnoDB,UNDO_SPACE_RSEG,109,3,11
1787307855.052,2026-08-21 10:24:15.060,InnoDB,UNDO_SPACE_RSEG,107,3,11
1787307855.052,2026-08-21 10:24:15.060,InnoDB,UNDO_SPACE_RSEG,97,3,7
1787307855.052,2026-08-21 10:24:15.060,InnoDB,UNDO_SPACE_RSEG,98,3,8
1787307855.052,2026-08-21 10:24:15.060,InnoDB,UNDO_SPACE_RSEG,141,3,12
1787307855.052,2026-08-21 10:24:15.060,InnoDB,UNDO_SPACE_RSEG,116,3,13
1787307855.052,2026-08-21 10:24:15.060,InnoDB,UNDO_SPACE_RSEG,154,3,19
1787307855.052,2026-08-21 10:24:15.060,InnoDB,UNDO_SPACE_RSEG,116,3,12
1787307855.052,2026-08-21 10:24:15.060,InnoDB,UNDO_SPACE_RSEG,124,3,12
1787307855.052,2026-08-21 10:24:15.060,InnoDB,UNDO_SPACE_RSEG,127,3,12
1787307855.052,2026-08-21 10:24:15.060,InnoDB,UNDO_SPACE_RSEG,116,3,13
1787307855.052,2026-08-21 10:24:15.060,InnoDB,UNDO_SPACE_RSEG,141,3,19
1787307855.052,2026-08-21 10:24:15.060,InnoDB,UNDO_SPACE_RSEG,153,3,14
1787307855.052,2026-08-21 10:24:15.060,InnoDB,UNDO_SPACE_RSEG,115,3,12
1787307855.052,2026-08-21 10:24:15.060,InnoDB,UNDO_SPACE_RSEG,112,3,10
1787307855.052,2026-08-21 10:24:15.060,InnoDB,UNDO_SPACE_RSEG,139,3,17
1787307855.052,2026-08-21 10:24:15.060,InnoDB,UNDO_SPACE_RSEG,104,3,7
1787307855.052,2026-08-21 10:24:15.060,InnoDB,UNDO_SPACE_RSEG,118,3,10
1787307855.052,2026-08-21 10:24:15.060,InnoDB,UNDO_SPACE_RSEG,123,3,12
1787307855.052,2026-08-21 10:24:15.060,InnoDB,UNDO_SPACE_RSEG,154,3,23
1787307855.052,2026-08-21 10:24:15.060,InnoDB,UNDO_SPACE_RSEG,136,3,12
1787307855.052,2026-08-21 10:24:15.060,InnoDB,UNDO_SPACE_RSEG,103,3,8
1787307855.052,2026-08-21 10:24:15.060,InnoDB,UNDO_SPACE_RSEG,135,3,16
1787307855.052,2026-08-21 10:24:15.060,InnoDB,UNDO_SPACE_RSEG,115,3,17
1787307855.052,2026-08-21 10:24:15.060,InnoDB,UNDO_SPACE_RSEG,141,3,22
1787307855.052,2026-08-21 10:24:15.060,InnoDB,UNDO_SPACE_RSEG,155,3,20
1787307855.052,2026-08-21 10:24:15.060,InnoDB,UNDO_SPACE_RSEG,139,3,15
1787307855.052,2026-08-21 10:24:15.060,InnoDB,UNDO_SPACE_RSEG,109,3,11
1787307855.052,2026-08-21 10:24:15.060,InnoDB,UNDO_SPACE_RSEG,64,2,4
1787307855.052,2026-08-21 10:24:15.060,InnoDB,LOCK_SYS_PAGE,85,2,31
1787307855.052,2026-08-21 10:24:15.060,InnoDB,UNDO_SPACE_RSEG,71,2,7
1787307855.052,2026-08-21 10:24:15.060,InnoDB,UNDO_SPACE_RSEG,84,2,13
1787307855.052,2026-08-21 10:24:15.060,InnoDB,UNDO_SPACE_RSEG,124,2,16
1787307855.052,2026-08-21 10:24:15.060,InnoDB,UNDO_SPACE_RSEG,72,2,8
1787307855.052,2026-08-21 10:24:15.060,InnoDB,UNDO_SPACE_RSEG,70,2,6
1787307855.052,2026-08-21 10:24:15.060,InnoDB,UNDO_SPACE_RSEG,66,2,5
1787307855.052,2026-08-21 10:24:15.060,InnoDB,UNDO_SPACE_RSEG,64,2,5
1787307855.052,2026-08-21 10:24:15.060,InnoDB,UNDO_SPACE_RSEG,153,2,21
1787307855.052,2026-08-21 10:24:15.060,InnoDB,UNDO_SPACE_RSEG,82,2,8
1787307855.052,2026-08-21 10:24:15.060,InnoDB,UNDO_SPACE_RSEG,83,2,7
1787307855.052,2026-08-21 10:24:15.060,InnoDB,UNDO_SPACE_RSEG,87,2,15
1787307855.052,2026-08-21 10:24:15.060,InnoDB,UNDO_SPACE_RSEG,73,2,7
1787307855.052,2026-08-21 10:24:15.060,InnoDB,UNDO_SPACE_RSEG,79,2,10
1787307855.052,2026-08-21 10:24:15.060,InnoDB,UNDO_SPACE_RSEG,64,2,4
1787307855.052,2026-08-21 10:24:15.060,InnoDB,UNDO_SPACE_RSEG,82,2,14
1787307855.052,2026-08-21 10:24:15.060,InnoDB,UNDO_SPACE_RSEG,95,2,14
1787307855.052,2026-08-21 10:24:15.060,InnoDB,UNDO_SPACE_RSEG,67,2,4
1787307855.052,2026-08-21 10:24:15.060,InnoDB,UNDO_SPACE_RSEG,87,2,11
1787307855.052,2026-08-21 10:24:15.060,InnoDB,UNDO_SPACE_RSEG,75,2,7
1787307855.052,2026-08-21 10:24:15.060,InnoDB,UNDO_SPACE_RSEG,99,2,10
1787307855.052,2026-08-21 10:24:15.060,InnoDB,UNDO_SPACE_RSEG,116,2,12
1787307855.052,2026-08-21 10:24:15.060,InnoDB,UNDO_SPACE_RSEG,84,2,13
1787307855.052,2026-08-21 10:24:15.060,InnoDB,UNDO_SPACE_RSEG,81,2,10
1787307855.052,2026-08-21 10:24:15.060,InnoDB,UNDO_SPACE_RSEG,107,2,11
1787307855.052,2026-08-21 10:24:15.060,InnoDB,UNDO_SPACE_RSEG,93,2,16
1787307855.052,2026-08-21 10:24:15.060,InnoDB,UNDO_SPACE_RSEG,93,2,12
1787307855.052,2026-08-21 10:24:15.060,InnoDB,UNDO_SPACE_RSEG,71,2,6
1787307855.052,2026-08-21 10:24:15.060,InnoDB,UNDO_SPACE_RSEG,92,2,14
1787307855.052,2026-08-21 10:24:15.060,InnoDB,TRX_POOL,61,1,28
1787307855.052,2026-08-21 10:24:15.060,InnoDB,UNDO_SPACE_RSEG,42,1,7
1787307855.052,2026-08-21 10:24:15.060,InnoDB,UNDO_SPACE_RSEG,56,1,13
1787307855.052,2026-08-21 10:24:15.060,InnoDB,UNDO_SPACE_RSEG,78,1,15
1787307855.052,2026-08-21 10:24:15.060,InnoDB,UNDO_SPACE_RSEG,42,1,4
1787307855.052,2026-08-21 10:24:15.060,InnoDB,UNDO_SPACE_RSEG,53,1,15
1787307855.052,2026-08-21 10:24:15.060,InnoDB,UNDO_SPACE_RSEG,35,1,4
1787307855.052,2026-08-21 10:24:15.060,InnoDB,UNDO_SPACE_RSEG,48,1,7
1787307855.052,2026-08-21 10:24:15.060,InnoDB,UNDO_SPACE_RSEG,81,1,11
1787307855.052,2026-08-21 10:24:15.060,InnoDB,UNDO_SPACE_RSEG,43,1,7
1787307855.052,2026-08-21 10:24:15.060,InnoDB,UNDO_SPACE_RSEG,49,1,5
1787307855.052,2026-08-21 10:24:15.060,InnoDB,UNDO_SPACE_RSEG,41,1,7
1787307855.052,2026-08-21 10:24:15.060,InnoDB,UNDO_SPACE_RSEG,81,1,10
1787307855.052,2026-08-21 10:24:15.060,InnoDB,UNDO_SPACE_RSEG,69,1,6
1787307855.052,2026-08-21 10:24:15.060,InnoDB,UNDO_SPACE_RSEG,48,1,11
1787307855.052,2026-08-21 10:24:15.060,InnoDB,UNDO_SPACE_RSEG,39,1,5
1787307855.052,2026-08-21 10:24:15.060,InnoDB,UNDO_SPACE_RSEG,54,1,7
1787307855.052,2026-08-21 10:24:15.060,InnoDB,LOCK_SYS_PAGE,18,0,25
1787307855.052,2026-08-21 10:24:15.060,InnoDB,LOCK_SYS_PAGE,13,0,22
1787307855.052,2026-08-21 10:24:15.060,InnoDB,LOCK_SYS_PAGE,16,0,23
1787307855.052,2026-08-21 10:24:15.060,InnoDB,LOCK_SYS_PAGE,15,0,27
1787307855.052,2026-08-21 10:24:15.060,InnoDB,LOCK_SYS_PAGE,14,0,25
1787307855.052,2026-08-21 10:24:15.060,InnoDB,LOCK_SYS_PAGE,20,0,28
1787307855.052,2026-08-21 10:24:15.060,InnoDB,LOCK_SYS_PAGE,19,0,29
1787307855.052,2026-08-21 10:24:15.060,InnoDB,LOCK_SYS_PAGE,18,0,18
1787307855.052,2026-08-21 10:24:15.060,InnoDB,LOCK_SYS_PAGE,13,0,23
1787307855.052,2026-08-21 10:24:15.060,InnoDB,LOCK_SYS_PAGE,17,0,24
1787307855.052,2026-08-21 10:24:15.060,InnoDB,LOCK_SYS_PAGE,9,0,18
1787307855.052,2026-08-21 10:24:15.060,InnoDB,LOCK_SYS_PAGE,23,0,31
1787307855.052,2026-08-21 10:24:15.060,InnoDB,LOCK_SYS_PAGE,28,0,26
1787307855.052,2026-08-21 10:24:15.060,InnoDB,LOCK_SYS_PAGE,20,0,24
1787307855.052,2026-08-21 10:24:15.060,InnoDB,LOCK_SYS_PAGE,17,0,24
1787307855.052,2026-08-21 10:24:15.060,InnoDB,LOCK_SYS_PAGE,21,0,35
1787307855.052,2026-08-21 10:24:15.060,InnoDB,LOCK_SYS_PAGE,19,0,29
1787307855.052,2026-08-21 10:24:15.060,InnoDB,LOCK_SYS_PAGE,8,0,24
1787307855.052,2026-08-21 10:24:15.060,InnoDB,LOCK_SYS_PAGE,65,0,32
1787307855.052,2026-08-21 10:24:15.060,InnoDB,LOCK_SYS_PAGE,23,0,35
1787307855.052,2026-08-21 10:24:15.060,InnoDB,LOCK_SYS_PAGE,16,0,20
1787307855.052,2026-08-21 10:24:15.060,InnoDB,LOCK_SYS_PAGE,16,0,27
1787307855.052,2026-08-21 10:24:15.060,InnoDB,LOCK_SYS_PAGE,20,0,26
1787307855.052,2026-08-21 10:24:15.060,InnoDB,LOCK_SYS_PAGE,52,0,35
1787307855.052,2026-08-21 10:24:15.060,InnoDB,LOCK_SYS_PAGE,18,0,23
1787307855.052,2026-08-21 10:24:15.060,InnoDB,LOCK_SYS_PAGE,15,0,24
1787307855.052,2026-08-21 10:24:15.060,InnoDB,LOCK_SYS_PAGE,20,0,26
1787307855.052,2026-08-21 10:24:15.060,InnoDB,LOCK_SYS_PAGE,27,0,31
1787307855.052,2026-08-21 10:24:15.060,InnoDB,LOCK_SYS_PAGE,17,0,24
1787307855.052,2026-08-21 10:24:15.060,InnoDB,LOCK_SYS_PAGE,20,0,36
1787307855.052,2026-08-21 10:24:15.060,InnoDB,LOCK_SYS_PAGE,11,0,14
1787307855.052,2026-08-21 10:24:15.060,InnoDB,LOCK_SYS_PAGE,21,0,33
1787307855.052,2026-08-21 10:24:15.060,InnoDB,LOCK_SYS_PAGE,15,0,19
1787307855.052,2026-08-21 10:24:15.060,InnoDB,LOCK_SYS_PAGE,16,0,21
1787307855.052,2026-08-21 10:24:15.060,InnoDB,LOCK_SYS_PAGE,9,0,18
1787307855.052,2026-08-21 10:24:15.060,InnoDB,LOCK_SYS_PAGE,23,0,32
1787307855.052,2026-08-21 10:24:15.060,InnoDB,SRV_SYS_TASKS,251,0,233
1787307855.052,2026-08-21 10:24:15.060,InnoDB,LOCK_SYS_PAGE,18,0,25
1787307855.052,2026-08-21 10:24:15.060,InnoDB,LOCK_SYS_PAGE,19,0,21
1787307855.052,2026-08-21 10:24:15.060,InnoDB,LOCK_SYS_PAGE,30,0,38
1787307855.052,2026-08-21 10:24:15.060,InnoDB,LOCK_SYS_PAGE,28,0,33
1787307855.052,2026-08-21 10:24:15.060,InnoDB,LOCK_SYS_PAGE,20,0,23
1787307855.052,2026-08-21 10:24:15.060,InnoDB,LOCK_SYS_PAGE,22,0,24
1787307855.052,2026-08-21 10:24:15.060,InnoDB,LOCK_SYS_PAGE,33,0,36
1787307855.052,2026-08-21 10:24:15.060,InnoDB,LOCK_SYS_PAGE,17,0,21
1787307855.052,2026-08-21 10:24:15.060,InnoDB,LOCK_SYS_PAGE,16,0,27
1787307855.052,2026-08-21 10:24:15.060,InnoDB,LOCK_SYS_PAGE,23,0,27
1787307855.052,2026-08-21 10:24:15.060,InnoDB,LOCK_SYS_PAGE,7,0,13
1787307855.052,2026-08-21 10:24:15.060,InnoDB,LOCK_SYS_PAGE,23,0,38
1787307855.052,2026-08-21 10:24:15.060,InnoDB,LOCK_SYS_PAGE,14,0,24
1787307855.052,2026-08-21 10:24:15.060,InnoDB,LOCK_SYS_PAGE,23,0,29
1787307855.052,2026-08-21 10:24:15.060,InnoDB,LOCK_SYS_PAGE,50,0,34
1787307855.052,2026-08-21 10:24:15.060,InnoDB,LOCK_SYS_PAGE,16,0,20
1787307855.052,2026-08-21 10:24:15.060,InnoDB,LOCK_SYS_PAGE,30,0,42
1787307855.052,2026-08-21 10:24:15.060,InnoDB,LOCK_SYS_PAGE,17,0,26
1787307855.052,2026-08-21 10:24:15.060,InnoDB,LOCK_SYS_PAGE,15,0,31
1787307855.052,2026-08-21 10:24:15.060,InnoDB,LOCK_SYS_PAGE,25,0,28
1787307855.052,2026-08-21 10:24:15.060,InnoDB,LOCK_SYS_PAGE,22,0,32
1787307855.052,2026-08-21 10:24:15.060,InnoDB,LOCK_SYS_PAGE,9,0,20
1787307855.052,2026-08-21 10:24:15.060,InnoDB,LOCK_SYS_PAGE,7,0,17
1787307855.052,2026-08-21 10:24:15.060,InnoDB,LOCK_SYS_PAGE,23,0,29
1787307855.052,2026-08-21 10:24:15.060,InnoDB,LOCK_SYS_PAGE,26,0,40
1787307855.052,2026-08-21 10:24:15.060,InnoDB,LOCK_SYS_PAGE,30,0,32
1787307855.052,2026-08-21 10:24:15.060,InnoDB,LOCK_SYS_PAGE,26,0,32
1787307855.052,2026-08-21 10:24:15.060,InnoDB,LOCK_SYS_PAGE,18,0,34
1787307855.052,2026-08-21 10:24:15.060,InnoDB,LOCK_SYS_PAGE,29,0,28
1787307855.052,2026-08-21 10:24:15.060,InnoDB,LOCK_SYS_PAGE,14,0,22
1787307855.052,2026-08-21 10:24:15.060,InnoDB,LOCK_SYS_PAGE,19,0,31
1787307855.052,2026-08-21 10:24:15.060,InnoDB,LOCK_SYS_PAGE,27,0,34
1787307855.052,2026-08-21 10:24:15.060,InnoDB,LOCK_SYS_PAGE,23,0,30
1787307855.052,2026-08-21 10:24:15.060,InnoDB,LOCK_SYS_PAGE,19,0,25
1787307855.052,2026-08-21 10:24:15.060,InnoDB,LOCK_SYS_PAGE,20,0,29
1787307855.052,2026-08-21 10:24:15.060,InnoDB,LOCK_SYS_PAGE,20,0,29
1787307855.052,2026-08-21 10:24:15.060,InnoDB,LOCK_SYS_TABLE,867,0,897
1787307855.052,2026-08-21 10:24:15.060,InnoDB,LOCK_SYS_TABLE,940,0,933
1787307855.052,2026-08-21 10:24:15.060,InnoDB,LOCK_SYS_TABLE,854,0,877
1787307855.052,2026-08-21 10:24:15.060,InnoDB,LOCK_SYS_TABLE,843,0,804
1787307855.052,2026-08-21 10:24:15.060,InnoDB,LOCK_SYS_TABLE,908,0,895
1787307855.052,2026-08-21 10:24:15.060,InnoDB,LOCK_SYS_TABLE,859,0,902
1787307855.052,2026-08-21 10:24:15.060,InnoDB,LOCK_SYS_TABLE,848,0,889
1787307855.052,2026-08-21 10:24:15.060,InnoDB,LOCK_SYS_TABLE,929,0,897
1787307855.052,2026-08-21 10:24:15.060,InnoDB,LOCK_SYS_TABLE,917,0,897
1787307855.052,2026-08-21 10:24:15.060,InnoDB,LOCK_SYS_TABLE,843,0,835
1787307855.052,2026-08-21 10:24:15.060,InnoDB,LOCK_SYS_TABLE,879,0,839
1787307855.052,2026-08-21 10:24:15.060,InnoDB,LOCK_SYS_TABLE,896,0,877
1787307855.052,2026-08-21 10:24:15.060,InnoDB,LOCK_SYS_TABLE,906,0,857
1787307855.052,2026-08-21 10:24:15.060,InnoDB,LOCK_SYS_TABLE,861,0,882
1787307855.052,2026-08-21 10:24:15.060,InnoDB,LOCK_SYS_TABLE,811,0,838
1787307855.052,2026-08-21 10:24:15.060,InnoDB,LOCK_SYS_TABLE,857,0,838
1787307855.052,2026-08-21 10:24:15.060,InnoDB,LOCK_SYS_TABLE,870,0,873
1787307855.052,2026-08-21 10:24:15.060,InnoDB,LOCK_SYS_TABLE,922,0,934
1787307855.052,2026-08-21 10:24:15.060,InnoDB,LOCK_SYS_PAGE,26,0,30
1787307855.052,2026-08-21 10:24:15.060,InnoDB,TRX,3,0,1
1787307855.052,2026-08-21 10:24:15.060,InnoDB,UNDO_SPACE_RSEG,9,0,5
1787307855.052,2026-08-21 10:24:15.060,InnoDB,UNDO_SPACE_RSEG,24,0,7
1787307855.052,2026-08-21 10:24:15.060,InnoDB,UNDO_SPACE_RSEG,5,0,3
1787307855.052,2026-08-21 10:24:15.060,InnoDB,UNDO_SPACE_RSEG,8,0,5
1787307855.052,2026-08-21 10:24:15.060,InnoDB,UNDO_SPACE_RSEG,17,0,8
1787307855.052,2026-08-21 10:24:15.060,InnoDB,UNDO_SPACE_RSEG,31,0,6
1787307855.052,2026-08-21 10:24:15.060,InnoDB,UNDO_SPACE_RSEG,52,0,11
1787307855.052,2026-08-21 10:24:15.060,InnoDB,TRX_POOL_MANAGER,4,0,5
1787307855.052,2026-08-21 10:24:15.060,InnoDB,LOCK_SYS_PAGE,10,0,17
1787307855.052,2026-08-21 10:24:15.060,InnoDB,PURGE_SYS_PQ,10,0,11
1787307855.052,2026-08-21 10:24:15.060,InnoDB,TRX,1,0,1
1787307855.052,2026-08-21 10:24:15.060,InnoDB,TRX_SYS_SHARD,1,0,1
1787307855.052,2026-08-21 10:24:15.060,InnoDB,LOG_LIMITS,37,0,27
1787307855.052,2026-08-21 10:24:15.060,InnoDB,SRV_SYS,1978,0,1388
1787307855.052,2026-08-21 10:24:15.060,InnoDB,AUTOINC,65,0,179
1787307855.052,2026-08-21 10:24:15.060,InnoDB,LOCK_SYS_TABLE,824,0,848
1787307855.052,2026-08-21 10:24:15.060,InnoDB,LOCK_SYS_TABLE,949,0,919
1787307855.052,2026-08-21 10:24:15.060,InnoDB,LOCK_SYS_PAGE,42,0,34
1787307855.052,2026-08-21 10:24:15.060,InnoDB,LOCK_SYS_PAGE,31,0,39
1787307855.052,2026-08-21 10:24:15.060,InnoDB,LOCK_SYS_PAGE,9,0,20
1787307855.052,2026-08-21 10:24:15.060,InnoDB,LOCK_SYS_PAGE,20,0,19
1787307855.052,2026-08-21 10:24:15.060,InnoDB,LOCK_SYS_PAGE,22,0,23
1787307855.052,2026-08-21 10:24:15.060,InnoDB,LOCK_SYS_PAGE,16,0,19
1787307855.052,2026-08-21 10:24:15.060,InnoDB,LOCK_SYS_PAGE,18,0,22
1787307855.052,2026-08-21 10:24:15.060,InnoDB,LOCK_SYS_PAGE,17,0,22
1787307855.052,2026-08-21 10:24:15.060,InnoDB,LOCK_SYS_PAGE,32,0,35
1787307855.052,2026-08-21 10:24:15.060,InnoDB,LOCK_SYS_PAGE,24,0,28
1787307855.052,2026-08-21 10:24:15.060,InnoDB,LOCK_SYS_PAGE,29,0,18
1787307855.052,2026-08-21 10:24:15.060,InnoDB,LOCK_SYS_PAGE,15,0,19
1787307855.052,2026-08-21 10:24:15.060,InnoDB,LOCK_SYS_PAGE,24,0,32
1787307855.052,2026-08-21 10:24:15.060,InnoDB,LOCK_SYS_PAGE,29,0,34
1787307855.052,2026-08-21 10:24:15.060,InnoDB,LOCK_SYS_PAGE,10,0,18
1787307855.052,2026-08-21 10:24:15.060,InnoDB,LOCK_SYS_PAGE,17,0,24
1787307855.052,2026-08-21 10:24:15.060,InnoDB,LOCK_SYS_PAGE,31,0,36
1787307855.052,2026-08-21 10:24:15.060,InnoDB,LOCK_SYS_PAGE,30,0,36
1787307855.052,2026-08-21 10:24:15.060,InnoDB,LOCK_SYS_PAGE,16,0,26
1787307855.052,2026-08-21 10:24:15.060,InnoDB,LOCK_SYS_PAGE,18,0,23
1787307855.052,2026-08-21 10:24:15.060,InnoDB,LOCK_SYS_PAGE,27,0,35
1787307855.052,2026-08-21 10:24:15.060,InnoDB,LOCK_SYS_PAGE,15,0,26
1787307855.052,2026-08-21 10:24:15.060,InnoDB,LOCK_SYS_PAGE,19,0,25
1787307855.052,2026-08-21 10:24:15.060,InnoDB,LOCK_SYS_PAGE,14,0,18
1787307855.052,2026-08-21 10:24:15.060,InnoDB,LOCK_SYS_PAGE,22,0,22
1787307855.052,2026-08-21 10:24:15.060,InnoDB,LOCK_SYS_PAGE,54,0,31
1787307855.052,2026-08-21 10:24:15.060,InnoDB,LOCK_SYS_PAGE,16,0,25
1787307855.052,2026-08-21 10:24:15.060,InnoDB,LOCK_SYS_PAGE,11,0,19
1787307855.052,2026-08-21 10:24:15.060,InnoDB,LOCK_SYS_PAGE,40,0,25
1787307855.052,2026-08-21 10:24:15.060,InnoDB,LOCK_SYS_PAGE,17,0,23
1787307855.052,2026-08-21 10:24:15.060,InnoDB,LOCK_SYS_PAGE,21,0,34
1787307855.052,2026-08-21 10:24:15.060,InnoDB,LOCK_SYS_PAGE,11,0,17
1787307855.052,2026-08-21 10:24:15.060,InnoDB,LOCK_SYS_PAGE,29,0,34
1787307855.052,2026-08-21 10:24:15.060,InnoDB,LOCK_SYS_PAGE,21,0,28
1787307855.052,2026-08-21 10:24:15.060,InnoDB,LOCK_SYS_PAGE,13,0,22
1787307855.052,2026-08-21 10:24:15.060,InnoDB,LOCK_SYS_PAGE,19,0,30
1787307855.052,2026-08-21 10:24:15.060,InnoDB,LOCK_SYS_PAGE,17,0,21
1787307855.052,2026-08-21 10:24:15.060,InnoDB,LOCK_SYS_PAGE,21,0,22
1787307855.052,2026-08-21 10:24:15.060,InnoDB,LOCK_SYS_PAGE,22,0,24
1787307855.052,2026-08-21 10:24:15.060,InnoDB,LOCK_SYS_PAGE,16,0,25
1787307855.052,2026-08-21 10:24:15.060,InnoDB,LOCK_SYS_PAGE,22,0,30
1787307855.052,2026-08-21 10:24:15.060,InnoDB,LOCK_SYS_PAGE,7,0,19
1787307855.052,2026-08-21 10:24:15.060,InnoDB,LOCK_SYS_PAGE,17,0,22
1787307855.052,2026-08-21 10:24:15.060,InnoDB,LOCK_SYS_PAGE,20,0,23
1787307855.052,2026-08-21 10:24:15.060,InnoDB,LOCK_SYS_PAGE,27,0,28
1787307855.052,2026-08-21 10:24:15.060,InnoDB,LOCK_SYS_PAGE,15,0,22
1787307855.052,2026-08-21 10:24:15.060,InnoDB,LOCK_SYS_PAGE,16,0,17
1787307855.052,2026-08-21 10:24:15.060,InnoDB,LOCK_SYS_PAGE,32,0,32
1787307855.052,2026-08-21 10:24:15.060,InnoDB,LOCK_SYS_PAGE,19,0,30
1787307855.052,2026-08-21 10:24:15.060,InnoDB,LOCK_SYS_PAGE,16,0,20
1787307855.052,2026-08-21 10:24:15.060,InnoDB,LOCK_SYS_PAGE,19,0,22
1787307855.052,2026-08-21 10:24:15.060,InnoDB,LOCK_SYS_PAGE,17,0,25
1787307855.052,2026-08-21 10:24:15.060,InnoDB,LOCK_SYS_PAGE,31,0,35
1787307855.052,2026-08-21 10:24:15.060,InnoDB,LOCK_SYS_PAGE,14,0,18
1787307855.052,2026-08-21 10:24:15.060,InnoDB,LOCK_SYS_PAGE,18,0,29
1787307855.052,2026-08-21 10:24:15.060,InnoDB,LOCK_SYS_PAGE,22,0,34
1787307855.052,2026-08-21 10:24:15.060,InnoDB,LOCK_SYS_PAGE,21,0,35
1787307855.052,2026-08-21 10:24:15.060,InnoDB,LOCK_SYS_PAGE,20,0,25
1787307855.052,2026-08-21 10:24:15.060,InnoDB,LOCK_SYS_PAGE,18,0,23
1787307855.052,2026-08-21 10:24:15.060,InnoDB,LOCK_SYS_PAGE,22,0,31
1787307855.052,2026-08-21 10:24:15.060,InnoDB,LOCK_SYS_PAGE,28,0,43
1787307855.052,2026-08-21 10:24:15.060,InnoDB,LOCK_SYS_PAGE,12,0,21
1787307855.052,2026-08-21 10:24:15.060,InnoDB,LOCK_SYS_PAGE,31,0,32
1787307855.052,2026-08-21 10:24:15.060,InnoDB,LOCK_SYS_PAGE,39,0,43
1787307855.052,2026-08-21 10:24:15.060,InnoDB,LOCK_SYS_PAGE,26,0,28
1787307855.052,2026-08-21 10:24:15.060,InnoDB,LOCK_SYS_PAGE,18,0,19
1787307855.052,2026-08-21 10:24:15.060,InnoDB,LOCK_SYS_PAGE,11,0,20
1787307855.052,2026-08-21 10:24:15.060,InnoDB,LOCK_SYS_PAGE,36,0,41
1787307855.052,2026-08-21 10:24:15.060,InnoDB,LOCK_SYS_PAGE,22,0,31
1787307855.052,2026-08-21 10:24:15.060,InnoDB,LOCK_SYS_PAGE,14,0,23
1787307855.052,2026-08-21 10:24:15.060,InnoDB,LOCK_SYS_PAGE,10,0,20
1787307855.052,2026-08-21 10:24:15.060,InnoDB,LOCK_SYS_PAGE,19,0,28
1787307855.052,2026-08-21 10:24:15.060,InnoDB,LOCK_SYS_PAGE,25,0,33
1787307855.052,2026-08-21 10:24:15.060,InnoDB,LOCK_SYS_PAGE,16,0,27
1787307855.052,2026-08-21 10:24:15.060,InnoDB,LOCK_SYS_PAGE,19,0,35
1787307855.052,2026-08-21 10:24:15.060,InnoDB,LOCK_SYS_PAGE,9,0,18
1787307855.052,2026-08-21 10:24:15.060,InnoDB,LOCK_SYS_PAGE,24,0,30
1787307855.052,2026-08-21 10:24:15.060,InnoDB,LOCK_SYS_PAGE,18,0,32
1787307855.052,2026-08-21 10:24:15.060,InnoDB,LOCK_SYS_PAGE,12,0,25
1787307855.052,2026-08-21 10:24:15.060,InnoDB,LOCK_SYS_PAGE,22,0,33
1787307855.052,2026-08-21 10:24:15.060,InnoDB,LOCK_SYS_PAGE,19,0,31
1787307855.052,2026-08-21 10:24:15.060,InnoDB,LOCK_SYS_PAGE,27,0,34
1787307855.052,2026-08-21 10:24:15.060,InnoDB,LOCK_SYS_PAGE,17,0,21
1787307855.052,2026-08-21 10:24:15.060,InnoDB,LOCK_SYS_PAGE,33,0,41
1787307855.052,2026-08-21 10:24:15.060,InnoDB,LOCK_SYS_PAGE,32,0,42
1787307855.052,2026-08-21 10:24:15.060,InnoDB,LOCK_SYS_PAGE,13,0,21
1787307855.052,2026-08-21 10:24:15.060,InnoDB,LOCK_SYS_PAGE,16,0,19
1787307855.052,2026-08-21 10:24:15.060,InnoDB,LOCK_SYS_PAGE,14,0,22
1787307855.052,2026-08-21 10:24:15.060,InnoDB,LOCK_SYS_PAGE,41,0,31
1787307855.052,2026-08-21 10:24:15.060,InnoDB,LOCK_SYS_PAGE,23,0,27
1787307855.052,2026-08-21 10:24:15.060,InnoDB,LOCK_SYS_PAGE,11,0,13
1787307855.052,2026-08-21 10:24:15.060,InnoDB,LOCK_SYS_PAGE,18,0,20
1787307855.052,2026-08-21 10:24:15.060,InnoDB,LOCK_SYS_PAGE,23,0,26
1787307855.052,2026-08-21 10:24:15.060,InnoDB,LOCK_SYS_PAGE,16,0,14
1787307855.052,2026-08-21 10:24:15.060,InnoDB,LOCK_SYS_PAGE,21,0,25
1787307855.052,2026-08-21 10:24:15.060,InnoDB,LOCK_SYS_PAGE,28,0,30
1787307855.052,2026-08-21 10:24:15.060,InnoDB,LOCK_SYS_PAGE,12,0,19
1787307855.052,2026-08-21 10:24:15.060,InnoDB,LOCK_SYS_PAGE,20,0,26
1787307855.052,2026-08-21 10:24:15.060,InnoDB,LOCK_SYS_PAGE,12,0,19
1787307855.052,2026-08-21 10:24:15.060,InnoDB,LOCK_SYS_PAGE,32,0,38
1787307855.052,2026-08-21 10:24:15.060,InnoDB,LOCK_SYS_PAGE,27,0,34
1787307855.052,2026-08-21 10:24:15.060,InnoDB,LOCK_SYS_PAGE,20,0,20
1787307855.052,2026-08-21 10:24:15.060,InnoDB,LOCK_SYS_PAGE,22,0,32
1787307855.052,2026-08-21 10:24:15.060,InnoDB,LOCK_SYS_PAGE,29,0,34
1787307855.052,2026-08-21 10:24:15.060,InnoDB,LOCK_SYS_PAGE,20,0,25
1787307855.052,2026-08-21 10:24:15.060,InnoDB,LOCK_SYS_PAGE,11,0,19
1787307855.052,2026-08-21 10:24:15.060,InnoDB,LOCK_SYS_PAGE,24,0,26
1787307855.052,2026-08-21 10:24:15.060,InnoDB,LOCK_SYS_PAGE,31,0,39
1787307855.052,2026-08-21 10:24:15.060,InnoDB,LOCK_SYS_PAGE,30,0,39
1787307855.052,2026-08-21 10:24:15.060,InnoDB,LOCK_SYS_PAGE,18,0,26
1787307855.052,2026-08-21 10:24:15.060,InnoDB,LOCK_SYS_PAGE,25,0,28
1787307855.052,2026-08-21 10:24:15.060,InnoDB,LOCK_SYS_PAGE,36,0,45
1787307855.052,2026-08-21 10:24:15.060,InnoDB,LOCK_SYS_PAGE,18,0,21
1787307855.052,2026-08-21 10:24:15.060,InnoDB,LOCK_SYS_PAGE,19,0,24
1787307855.052,2026-08-21 10:24:15.060,InnoDB,LOCK_SYS_PAGE,22,0,24
1787307855.052,2026-08-21 10:24:15.060,InnoDB,LOCK_SYS_PAGE,9,0,10
1787307855.052,2026-08-21 10:24:15.060,InnoDB,LOCK_SYS_PAGE,17,0,22
1787307855.052,2026-08-21 10:24:15.060,InnoDB,LOCK_SYS_PAGE,16,0,25
1787307855.052,2026-08-21 10:24:15.060,InnoDB,LOCK_SYS_PAGE,18,0,29
1787307855.052,2026-08-21 10:24:15.060,InnoDB,LOCK_SYS_PAGE,18,0,26
1787307855.052,2026-08-21 10:24:15.060,InnoDB,LOCK_SYS_PAGE,22,0,27
1787307855.052,2026-08-21 10:24:15.060,InnoDB,LOCK_SYS_PAGE,27,0,22
1787307855.052,2026-08-21 10:24:15.060,InnoDB,LOCK_SYS_PAGE,20,0,30
1787307855.052,2026-08-21 10:24:15.060,InnoDB,LOCK_SYS_PAGE,13,0,15
1787307855.052,2026-08-21 10:24:15.060,InnoDB,LOCK_SYS_PAGE,12,0,17
1787307855.052,2026-08-21 10:24:15.060,InnoDB,LOCK_SYS_PAGE,10,0,16
1787307855.052,2026-08-21 10:24:15.060,InnoDB,LOCK_SYS_PAGE,26,0,27
1787307855.052,2026-08-21 10:24:15.060,InnoDB,LOCK_SYS_PAGE,15,0,27
1787307855.052,2026-08-21 10:24:15.060,InnoDB,LOCK_SYS_PAGE,19,0,20
1787307855.052,2026-08-21 10:24:15.060,InnoDB,LOCK_SYS_PAGE,25,0,34
1787307855.052,2026-08-21 10:24:15.060,InnoDB,LOCK_SYS_PAGE,29,0,29
1787307855.052,2026-08-21 10:24:15.060,InnoDB,LOCK_SYS_PAGE,19,0,34
1787307855.052,2026-08-21 10:24:15.060,InnoDB,LOCK_SYS_PAGE,12,0,20
1787307855.052,2026-08-21 10:24:15.060,InnoDB,LOCK_SYS_PAGE,24,0,32
1787307855.052,2026-08-21 10:24:15.060,InnoDB,LOCK_SYS_PAGE,18,0,31
1787307855.052,2026-08-21 10:24:15.060,InnoDB,LOCK_SYS_PAGE,10,0,19
1787307855.052,2026-08-21 10:24:15.060,InnoDB,LOCK_SYS_PAGE,12,0,18
1787307855.052,2026-08-21 10:24:15.060,InnoDB,LOCK_SYS_PAGE,14,0,20
1787307855.052,2026-08-21 10:24:15.060,InnoDB,LOCK_SYS_PAGE,24,0,27
1787307855.052,2026-08-21 10:24:15.060,InnoDB,LOCK_SYS_PAGE,13,0,21
1787307855.052,2026-08-21 10:24:15.060,InnoDB,LOCK_SYS_PAGE,13,0,22
1787307855.052,2026-08-21 10:24:15.060,InnoDB,LOCK_SYS_PAGE,9,0,17
1787307855.052,2026-08-21 10:24:15.060,InnoDB,LOCK_SYS_PAGE,18,0,26
1787307855.052,2026-08-21 10:24:15.060,InnoDB,LOCK_SYS_PAGE,13,0,18
1787307855.052,2026-08-21 10:24:15.060,InnoDB,LOCK_SYS_PAGE,27,0,27
1787307855.052,2026-08-21 10:24:15.060,InnoDB,LOCK_SYS_PAGE,25,0,31
1787307855.052,2026-08-21 10:24:15.060,InnoDB,LOCK_SYS_PAGE,13,0,20
1787307855.052,2026-08-21 10:24:15.060,InnoDB,LOCK_SYS_PAGE,17,0,23
1787307855.052,2026-08-21 10:24:15.060,InnoDB,LOCK_SYS_PAGE,12,0,13
1787307855.052,2026-08-21 10:24:15.060,InnoDB,LOCK_SYS_PAGE,18,0,30
1787307855.052,2026-08-21 10:24:15.060,InnoDB,LOCK_SYS_PAGE,29,0,31
1787307855.052,2026-08-21 10:24:15.060,InnoDB,LOCK_SYS_PAGE,26,0,22
1787307855.052,2026-08-21 10:24:15.060,InnoDB,LOCK_SYS_PAGE,15,0,19
1787307855.052,2026-08-21 10:24:15.060,InnoDB,LOCK_SYS_PAGE,14,0,20
1787307855.052,2026-08-21 10:24:15.060,InnoDB,LOCK_SYS_PAGE,18,0,28
1787307855.052,2026-08-21 10:24:15.060,InnoDB,LOCK_SYS_PAGE,12,0,21
1787307855.052,2026-08-21 10:24:15.060,InnoDB,LOCK_SYS_PAGE,21,0,27
1787307855.052,2026-08-21 10:24:15.060,InnoDB,LOCK_SYS_PAGE,17,0,24
1787307855.052,2026-08-21 10:24:15.060,InnoDB,LOCK_SYS_PAGE,24,0,22
1787307855.052,2026-08-21 10:24:15.060,InnoDB,LOCK_SYS_PAGE,10,0,20
1787307855.052,2026-08-21 10:24:15.060,InnoDB,LOCK_SYS_PAGE,18,0,26
1787307855.052,2026-08-21 10:24:15.060,InnoDB,LOCK_SYS_PAGE,30,0,34
1787307855.052,2026-08-21 10:24:15.060,InnoDB,LOCK_SYS_PAGE,25,0,30
1787307855.052,2026-08-21 10:24:15.060,InnoDB,FIL_SHARD,19,0,26
1787307855.052,2026-08-21 10:24:15.060,InnoDB,LOCK_SYS_PAGE,27,0,37
1787307855.052,2026-08-21 10:24:15.060,InnoDB,LOCK_SYS_PAGE,19,0,35
1787307855.052,2026-08-21 10:24:15.060,InnoDB,LOCK_SYS_PAGE,35,0,18
1787307855.052,2026-08-21 10:24:15.060,InnoDB,LOCK_SYS_PAGE,42,0,47
1787307855.052,2026-08-21 10:24:15.060,InnoDB,LOCK_SYS_PAGE,38,0,41
1787307855.052,2026-08-21 10:24:15.060,InnoDB,LOCK_SYS_PAGE,19,0,23
1787307855.052,2026-08-21 10:24:15.060,InnoDB,LOCK_SYS_PAGE,15,0,22
1787307855.052,2026-08-21 10:24:15.060,InnoDB,LOCK_SYS_PAGE,23,0,33
1787307855.052,2026-08-21 10:24:15.060,InnoDB,LOCK_SYS_PAGE,28,0,39
1787307855.052,2026-08-21 10:24:15.060,InnoDB,LOCK_SYS_PAGE,29,0,30
1787307855.052,2026-08-21 10:24:15.060,InnoDB,LOCK_SYS_PAGE,11,0,23
1787307855.052,2026-08-21 10:24:15.060,InnoDB,LOCK_SYS_PAGE,23,0,38
1787307855.052,2026-08-21 10:24:15.060,InnoDB,LOCK_SYS_PAGE,31,0,38
1787307855.052,2026-08-21 10:24:15.060,InnoDB,LOCK_SYS_PAGE,21,0,26
1787307855.052,2026-08-21 10:24:15.060,InnoDB,LOCK_SYS_PAGE,17,0,22
1787307855.052,2026-08-21 10:24:15.060,InnoDB,LOCK_SYS_PAGE,17,0,28
1787307855.052,2026-08-21 10:24:15.060,InnoDB,LOCK_SYS_PAGE,25,0,27
1787307855.052,2026-08-21 10:24:15.060,InnoDB,LOCK_SYS_PAGE,8,0,23
1787307855.052,2026-08-21 10:24:15.060,InnoDB,LOCK_SYS_PAGE,22,0,23
1787307855.052,2026-08-21 10:24:15.060,InnoDB,LOCK_SYS_PAGE,20,0,34
1787307855.052,2026-08-21 10:24:15.060,InnoDB,LOCK_SYS_PAGE,20,0,21
1787307855.052,2026-08-21 10:24:15.060,InnoDB,LOCK_SYS_PAGE,20,0,28
1787307855.052,2026-08-21 10:24:15.060,InnoDB,LOCK_SYS_PAGE,27,0,24
1787307855.052,2026-08-21 10:24:15.060,InnoDB,LOCK_SYS_PAGE,13,0,22
1787307855.052,2026-08-21 10:24:15.060,InnoDB,LOCK_SYS_PAGE,24,0,30
1787307855.052,2026-08-21 10:24:15.060,InnoDB,LOCK_SYS_PAGE,19,0,26
1787307855.052,2026-08-21 10:24:15.060,InnoDB,LOCK_SYS_PAGE,31,0,34
1787307855.052,2026-08-21 10:24:15.060,InnoDB,LOCK_SYS_PAGE,16,0,20
1787307855.052,2026-08-21 10:24:15.060,InnoDB,LOCK_SYS_PAGE,17,0,22
1787307855.052,2026-08-21 10:24:15.060,InnoDB,LOCK_SYS_PAGE,17,0,23
1787307855.052,2026-08-21 10:24:15.060,InnoDB,LOCK_SYS_PAGE,29,0,31
1787307855.052,2026-08-21 10:24:15.060,InnoDB,LOCK_SYS_PAGE,14,0,24
1787307855.052,2026-08-21 10:24:15.060,InnoDB,LOCK_SYS_PAGE,13,0,17
1787307855.052,2026-08-21 10:24:15.060,InnoDB,LOCK_SYS_PAGE,38,0,31
1787307855.052,2026-08-21 10:24:15.060,InnoDB,LOCK_SYS_PAGE,24,0,31
1787307855.052,2026-08-21 10:24:15.060,InnoDB,LOCK_SYS_PAGE,11,0,20
1787307855.052,2026-08-21 10:24:15.060,InnoDB,LOCK_SYS_PAGE,17,0,23
1787307855.052,2026-08-21 10:24:15.060,InnoDB,LOCK_SYS_PAGE,24,0,30
1787307855.052,2026-08-21 10:24:15.060,InnoDB,LOCK_SYS_PAGE,28,0,31
1787307855.052,2026-08-21 10:24:15.060,InnoDB,LOCK_SYS_PAGE,14,0,22
1787307855.052,2026-08-21 10:24:15.060,InnoDB,LOCK_SYS_PAGE,26,0,32
1787307855.052,2026-08-21 10:24:15.060,InnoDB,LOCK_SYS_PAGE,21,0,28
1787307855.052,2026-08-21 10:24:15.060,InnoDB,LOCK_SYS_PAGE,25,0,39
1787307855.052,2026-08-21 10:24:15.060,InnoDB,LOCK_SYS_PAGE,17,0,27
1787307855.052,2026-08-21 10:24:15.060,InnoDB,LOCK_SYS_PAGE,17,0,27
1787307855.052,2026-08-21 10:24:15.060,InnoDB,LOCK_SYS_PAGE,32,0,41
1787307855.052,2026-08-21 10:24:15.060,InnoDB,LOCK_SYS_PAGE,40,0,44
1787307855.052,2026-08-21 10:24:15.060,InnoDB,LOCK_SYS_PAGE,15,0,25
1787307855.052,2026-08-21 10:24:15.060,InnoDB,LOCK_SYS_PAGE,18,0,25
1787307855.052,2026-08-21 10:24:15.060,InnoDB,LOCK_SYS_PAGE,18,0,21
1787307855.052,2026-08-21 10:24:15.060,InnoDB,LOCK_SYS_PAGE,17,0,25
1787307855.052,2026-08-21 10:24:15.060,InnoDB,LOCK_SYS_PAGE,24,0,27
1787307855.052,2026-08-21 10:24:15.060,InnoDB,LOCK_SYS_PAGE,12,0,23
1787307855.052,2026-08-21 10:24:15.060,InnoDB,LOCK_SYS_PAGE,25,0,32
1787307855.052,2026-08-21 10:24:15.060,InnoDB,LOCK_SYS_PAGE,19,0,26
1787307855.052,2026-08-21 10:24:15.060,InnoDB,LOCK_SYS_PAGE,23,0,30
1787307855.052,2026-08-21 10:24:15.060,InnoDB,LOCK_SYS_PAGE,29,0,33
1787307855.052,2026-08-21 10:24:15.060,InnoDB,LOCK_SYS_PAGE,42,0,28
1787307855.052,2026-08-21 10:24:15.060,InnoDB,LOCK_SYS_PAGE,17,0,33
1787307855.052,2026-08-21 10:24:15.060,InnoDB,LOCK_SYS_PAGE,41,0,38
1787307855.052,2026-08-21 10:24:15.060,InnoDB,LOCK_SYS_PAGE,26,0,31
1787307855.052,2026-08-21 10:24:15.060,InnoDB,LOCK_SYS_PAGE,23,0,32
1787307855.052,2026-08-21 10:24:15.060,InnoDB,LOCK_SYS_PAGE,15,0,34
1787307855.052,2026-08-21 10:24:15.060,InnoDB,LOCK_SYS_PAGE,30,0,37
1787307855.052,2026-08-21 10:24:15.060,InnoDB,LOCK_SYS_PAGE,27,0,28
1787307855.052,2026-08-21 10:24:15.060,InnoDB,LOCK_SYS_PAGE,13,0,30
1787307855.052,2026-08-21 10:24:15.060,InnoDB,LOCK_SYS_PAGE,14,0,22
1787307855.052,2026-08-21 10:24:15.060,InnoDB,LOCK_SYS_PAGE,19,0,22
1787307855.052,2026-08-21 10:24:15.060,InnoDB,LOCK_SYS_PAGE,23,0,28
1787307855.052,2026-08-21 10:24:15.060,InnoDB,LOCK_SYS_PAGE,20,0,25
1787307855.052,2026-08-21 10:24:15.060,InnoDB,LOCK_SYS_PAGE,17,0,19
1787307855.052,2026-08-21 10:24:15.060,InnoDB,LOCK_SYS_PAGE,31,0,34
1787307855.052,2026-08-21 10:24:15.060,InnoDB,LOCK_SYS_PAGE,19,0,28
1787307855.052,2026-08-21 10:24:15.060,InnoDB,LOCK_SYS_PAGE,11,0,21
1787307855.052,2026-08-21 10:24:15.060,InnoDB,LOCK_SYS_PAGE,7,0,10
1787307855.052,2026-08-21 10:24:15.060,InnoDB,LOCK_SYS_PAGE,14,0,20
1787307855.052,2026-08-21 10:24:15.060,InnoDB,LOCK_SYS_PAGE,18,0,26
1787307855.052,2026-08-21 10:24:15.060,InnoDB,LOCK_SYS_PAGE,14,0,21
1787307855.052,2026-08-21 10:24:15.060,InnoDB,LOCK_SYS_PAGE,12,0,19
1787307855.052,2026-08-21 10:24:15.060,InnoDB,LOCK_SYS_PAGE,19,0,28
1787307855.052,2026-08-21 10:24:15.060,InnoDB,LOCK_SYS_PAGE,17,0,24
1787307855.052,2026-08-21 10:24:15.060,InnoDB,LOCK_SYS_PAGE,28,0,31
1787307855.052,2026-08-21 10:24:15.060,InnoDB,LOCK_SYS_PAGE,22,0,22
1787307855.052,2026-08-21 10:24:15.060,InnoDB,LOCK_SYS_PAGE,39,0,51
1787307855.052,2026-08-21 10:24:15.060,InnoDB,LOCK_SYS_PAGE,25,0,37
1787307855.052,2026-08-21 10:24:15.060,InnoDB,LOCK_SYS_PAGE,16,0,23
1787307855.052,2026-08-21 10:24:15.060,InnoDB,LOCK_SYS_PAGE,25,0,28
1787307855.052,2026-08-21 10:24:15.060,InnoDB,LOCK_SYS_PAGE,25,0,35
1787307855.052,2026-08-21 10:24:15.060,InnoDB,LOCK_SYS_PAGE,24,0,31
1787307855.052,2026-08-21 10:24:15.060,InnoDB,LOCK_SYS_PAGE,14,0,31
1787307855.052,2026-08-21 10:24:15.060,InnoDB,LOCK_SYS_PAGE,25,0,32
1787307855.052,2026-08-21 10:24:15.060,InnoDB,LOCK_SYS_PAGE,30,0,43
1787307855.052,2026-08-21 10:24:15.060,InnoDB,LOCK_SYS_PAGE,17,0,25
1787307855.052,2026-08-21 10:24:15.060,InnoDB,LOCK_SYS_PAGE,16,0,21
1787307855.052,2026-08-21 10:24:15.060,InnoDB,LOCK_SYS_PAGE,42,0,29
1787307855.052,2026-08-21 10:24:15.060,InnoDB,LOCK_SYS_PAGE,18,0,28
1787307855.052,2026-08-21 10:24:15.060,InnoDB,LOCK_SYS_PAGE,23,0,24
1787307855.052,2026-08-21 10:24:15.060,InnoDB,LOCK_SYS_PAGE,24,0,26
1787307855.052,2026-08-21 10:24:15.060,InnoDB,LOCK_SYS_PAGE,19,0,23
1787307855.052,2026-08-21 10:24:15.060,InnoDB,LOCK_SYS_PAGE,10,0,19
1787307855.052,2026-08-21 10:24:15.060,InnoDB,LOCK_SYS_PAGE,17,0,25
1787307855.052,2026-08-21 10:24:15.060,InnoDB,LOCK_SYS_PAGE,14,0,24
1787307855.052,2026-08-21 10:24:15.060,InnoDB,LOCK_SYS_PAGE,41,0,33
1787307855.052,2026-08-21 10:24:15.060,InnoDB,LOCK_SYS_PAGE,12,0,20
1787307855.052,2026-08-21 10:24:15.060,InnoDB,LOCK_SYS_PAGE,14,0,18
1787307855.052,2026-08-21 10:24:15.060,InnoDB,LOCK_SYS_PAGE,23,0,25
1787307855.052,2026-08-21 10:24:15.060,InnoDB,LOCK_SYS_PAGE,29,0,36
1787307855.052,2026-08-21 10:24:15.060,InnoDB,LOCK_SYS_PAGE,29,0,42
1787307855.052,2026-08-21 10:24:15.060,InnoDB,LOCK_SYS_PAGE,29,0,29
1787307855.052,2026-08-21 10:24:15.060,InnoDB,LOCK_SYS_PAGE,21,0,22
1787307855.052,2026-08-21 10:24:15.060,InnoDB,LOCK_SYS_PAGE,26,0,25
1787307855.052,2026-08-21 10:24:15.060,InnoDB,LOCK_SYS_PAGE,22,0,29
1787307855.052,2026-08-21 10:24:15.060,InnoDB,LOCK_SYS_PAGE,23,0,40
1787307855.052,2026-08-21 10:24:15.060,InnoDB,LOCK_SYS_PAGE,17,0,22
1787307855.052,2026-08-21 10:24:15.060,InnoDB,LOCK_SYS_PAGE,24,0,28
1787307855.052,2026-08-21 10:24:15.060,InnoDB,LOCK_SYS_PAGE,33,0,35
1787307855.052,2026-08-21 10:24:15.060,InnoDB,LOCK_SYS_PAGE,16,0,24
1787307855.052,2026-08-21 10:24:15.060,InnoDB,LOCK_SYS_PAGE,11,0,23
1787307855.052,2026-08-21 10:24:15.060,InnoDB,LOCK_SYS_PAGE,24,0,30
1787307855.052,2026-08-21 10:24:15.060,InnoDB,LOCK_SYS_PAGE,13,0,17
1787307855.052,2026-08-21 10:24:15.060,InnoDB,LOCK_SYS_PAGE,4,0,13
1787307855.052,2026-08-21 10:24:15.060,InnoDB,LOCK_SYS_PAGE,18,0,22
1787307855.052,2026-08-21 10:24:15.060,InnoDB,LOCK_SYS_PAGE,37,0,41
1787307855.052,2026-08-21 10:24:15.060,InnoDB,LOCK_SYS_PAGE,23,0,28
1787307855.052,2026-08-21 10:24:15.060,InnoDB,LOCK_SYS_PAGE,8,0,20
1787307855.052,2026-08-21 10:24:15.060,InnoDB,LOCK_SYS_PAGE,24,0,25
1787307855.052,2026-08-21 10:24:15.060,InnoDB,LOCK_SYS_PAGE,12,0,19
1787307855.052,2026-08-21 10:24:15.060,InnoDB,LOCK_SYS_PAGE,15,0,25
1787307855.052,2026-08-21 10:24:15.060,InnoDB,LOCK_SYS_PAGE,13,0,23
1787307855.052,2026-08-21 10:24:15.060,InnoDB,LOCK_SYS_PAGE,11,0,17
1787307855.052,2026-08-21 10:24:15.060,InnoDB,LOCK_SYS_PAGE,20,0,28
1787307855.052,2026-08-21 10:24:15.060,InnoDB,LOCK_SYS_PAGE,23,0,32
1787307855.052,2026-08-21 10:24:15.060,InnoDB,LOCK_SYS_PAGE,28,0,32
1787307855.052,2026-08-21 10:24:15.060,InnoDB,LOCK_SYS_PAGE,11,0,21
1787307855.052,2026-08-21 10:24:15.060,InnoDB,LOCK_SYS_PAGE,21,0,25
1787307855.052,2026-08-21 10:24:15.060,InnoDB,LOCK_SYS_PAGE,19,0,23
1787307855.052,2026-08-21 10:24:15.060,InnoDB,LOCK_SYS_PAGE,20,0,25
1787307855.052,2026-08-21 10:24:15.060,InnoDB,LOCK_SYS_PAGE,28,0,26
1787307855.052,2026-08-21 10:24:15.060,InnoDB,LOCK_SYS_PAGE,30,0,30
1787307855.052,2026-08-21 10:24:15.060,InnoDB,LOCK_SYS_PAGE,25,0,31
1787307855.052,2026-08-21 10:24:15.060,InnoDB,LOCK_SYS_PAGE,23,0,39
1787307855.052,2026-08-21 10:24:15.060,InnoDB,LOCK_SYS_PAGE,16,0,22
1787307855.052,2026-08-21 10:24:15.060,InnoDB,LOCK_SYS_PAGE,15,0,26
1787307855.052,2026-08-21 10:24:15.060,InnoDB,LOCK_SYS_PAGE,24,0,31
1787307855.052,2026-08-21 10:24:15.060,InnoDB,LOCK_SYS_PAGE,37,0,38
1787307855.052,2026-08-21 10:24:15.060,InnoDB,LOCK_SYS_PAGE,10,0,10
1787307855.052,2026-08-21 10:24:15.060,InnoDB,LOCK_SYS_PAGE,19,0,23
1787307855.052,2026-08-21 10:24:15.060,InnoDB,LOCK_SYS_PAGE,18,0,28
1787307855.052,2026-08-21 10:24:15.060,InnoDB,LOCK_SYS_PAGE,25,0,35
1787307855.052,2026-08-21 10:24:15.060,InnoDB,LOCK_SYS_PAGE,17,0,22
1787307855.052,2026-08-21 10:24:15.060,InnoDB,LOCK_SYS_PAGE,37,0,47
1787307855.052,2026-08-21 10:24:15.060,InnoDB,LOCK_SYS_PAGE,18,0,30
1787307855.052,2026-08-21 10:24:15.060,InnoDB,LOCK_SYS_PAGE,10,0,19
1787307855.052,2026-08-21 10:24:15.060,InnoDB,LOCK_SYS_PAGE,23,0,27
1787307855.052,2026-08-21 10:24:15.060,InnoDB,LOCK_SYS_PAGE,46,0,38
1787307855.052,2026-08-21 10:24:15.060,InnoDB,LOCK_SYS_PAGE,28,0,33
1787307855.052,2026-08-21 10:24:15.060,InnoDB,LOCK_SYS_PAGE,7,0,17
1787307855.052,2026-08-21 10:24:15.060,InnoDB,LOCK_SYS_PAGE,32,0,26
1787307855.052,2026-08-21 10:24:15.060,InnoDB,LOCK_SYS_PAGE,17,0,24
1787307855.052,2026-08-21 10:24:15.060,InnoDB,LOCK_SYS_PAGE,12,0,25
1787307855.052,2026-08-21 10:24:15.060,InnoDB,LOCK_SYS_PAGE,20,0,19
1787307855.052,2026-08-21 10:24:15.060,InnoDB,LOCK_SYS_PAGE,21,0,30
1787307855.052,2026-08-21 10:24:15.060,InnoDB,LOCK_SYS_PAGE,14,0,17
1787307855.052,2026-08-21 10:24:15.060,InnoDB,LOCK_SYS_PAGE,15,0,17
1787307855.052,2026-08-21 10:24:15.060,InnoDB,LOCK_SYS_PAGE,23,0,19
1787307855.052,2026-08-21 10:24:15.060,InnoDB,LOCK_SYS_PAGE,19,0,19
1787307855.052,2026-08-21 10:24:15.060,InnoDB,LOCK_SYS_PAGE,18,0,27
1787307855.052,2026-08-21 10:24:15.060,InnoDB,LOCK_SYS_PAGE,31,0,15
1787307855.052,2026-08-21 10:24:15.060,InnoDB,LOCK_SYS_PAGE,14,0,14
1787307855.052,2026-08-21 10:24:15.060,InnoDB,LOCK_SYS_PAGE,19,0,22
1787307855.052,2026-08-21 10:24:15.060,InnoDB,LOCK_SYS_PAGE,25,0,24
1787307855.052,2026-08-21 10:24:15.060,InnoDB,LOCK_SYS_PAGE,17,0,24
1787307855.052,2026-08-21 10:24:15.060,InnoDB,LOCK_SYS_PAGE,19,0,28
1787307855.052,2026-08-21 10:24:15.060,InnoDB,LOCK_SYS_PAGE,22,0,29
1787307855.052,2026-08-21 10:24:15.060,InnoDB,LOCK_SYS_PAGE,15,0,19
1787307855.052,2026-08-21 10:24:15.060,InnoDB,LOCK_SYS_PAGE,10,0,24
1787307855.052,2026-08-21 10:24:15.060,InnoDB,LOCK_SYS_PAGE,25,0,39
1787307855.052,2026-08-21 10:24:15.060,InnoDB,LOCK_SYS_PAGE,31,0,32
1787307855.052,2026-08-21 10:24:15.060,InnoDB,LOCK_SYS_PAGE,20,0,24
1787307855.052,2026-08-21 10:24:15.060,InnoDB,LOCK_SYS_PAGE,13,0,22
1787307855.052,2026-08-21 10:24:15.060,InnoDB,LOCK_SYS_PAGE,40,0,38
1787307855.052,2026-08-21 10:24:15.060,InnoDB,LOCK_SYS_PAGE,17,0,30
1787307855.052,2026-08-21 10:24:15.060,InnoDB,LOCK_SYS_PAGE,17,0,31
1787307855.052,2026-08-21 10:24:15.060,InnoDB,LOCK_SYS_PAGE,21,0,29
1787307855.052,2026-08-21 10:24:15.060,InnoDB,LOCK_SYS_PAGE,30,0,38
1787307855.052,2026-08-21 10:24:15.060,InnoDB,LOCK_SYS_PAGE,23,0,29
1787307855.052,2026-08-21 10:24:15.060,InnoDB,LOCK_SYS_PAGE,19,0,27
1787307855.052,2026-08-21 10:24:15.060,InnoDB,LOCK_SYS_PAGE,17,0,31
1787307855.052,2026-08-21 10:24:15.060,InnoDB,LOCK_SYS_PAGE,8,0,19
1787307855.052,2026-08-21 10:24:15.060,InnoDB,LOCK_SYS_PAGE,15,0,25
1787307855.052,2026-08-21 10:24:15.060,InnoDB,LOCK_SYS_PAGE,14,0,18
1787307855.052,2026-08-21 10:24:15.060,InnoDB,LOCK_SYS_PAGE,44,0,24
1787307855.052,2026-08-21 10:24:15.060,InnoDB,LOCK_SYS_PAGE,27,0,34
1787307855.052,2026-08-21 10:24:15.060,InnoDB,LOCK_SYS_PAGE,17,0,25
1787307855.052,2026-08-21 10:24:15.060,InnoDB,LOCK_SYS_PAGE,7,0,14
1787307855.052,2026-08-21 10:24:15.060,InnoDB,LOCK_SYS_PAGE,22,0,34
1787307855.052,2026-08-21 10:24:15.060,InnoDB,LOCK_SYS_PAGE,23,0,26
1787307855.052,2026-08-21 10:24:15.060,InnoDB,LOCK_SYS_PAGE,32,0,37
1787307855.052,2026-08-21 10:24:15.060,InnoDB,LOCK_SYS_PAGE,11,0,23
1787307855.052,2026-08-21 10:24:15.060,InnoDB,LOCK_SYS_PAGE,24,0,32
1787307855.052,2026-08-21 10:24:15.060,InnoDB,LOCK_SYS_PAGE,16,0,20
1787307855.052,2026-08-21 10:24:15.060,InnoDB,LOCK_SYS_PAGE,12,0,21
1787307855.052,2026-08-21 10:24:15.060,InnoDB,LOCK_SYS_PAGE,27,0,37
1787307855.052,2026-08-21 10:24:15.060,InnoDB,LOCK_SYS_PAGE,22,0,33
1787307855.052,2026-08-21 10:24:15.060,InnoDB,LOCK_SYS_PAGE,18,0,32
1787307855.052,2026-08-21 10:24:15.060,InnoDB,LOCK_SYS_PAGE,23,0,38
1787307855.052,2026-08-21 10:24:15.060,InnoDB,LOCK_SYS_PAGE,23,0,38
1787307855.052,2026-08-21 10:24:15.060,InnoDB,LOCK_SYS_PAGE,20,0,22
1787307855.052,2026-08-21 10:24:15.060,InnoDB,LOCK_SYS_PAGE,13,0,28
1787307855.052,2026-08-21 10:24:15.060,InnoDB,LOCK_SYS_PAGE,13,0,22
1787307855.052,2026-08-21 10:24:15.060,InnoDB,LOCK_SYS_PAGE,29,0,32
1787307855.052,2026-08-21 10:24:15.060,InnoDB,LOCK_SYS_PAGE,22,0,31
1787307855.052,2026-08-21 10:24:15.060,InnoDB,LOCK_SYS_PAGE,22,0,28
1787307855.052,2026-08-21 10:24:15.060,InnoDB,LOCK_SYS_PAGE,16,0,28
1787307855.052,2026-08-21 10:24:15.060,InnoDB,LOCK_SYS_PAGE,40,0,39
1787307855.052,2026-08-21 10:24:15.060,InnoDB,LOCK_SYS_PAGE,25,0,33
1787307855.052,2026-08-21 10:24:15.060,InnoDB,LOCK_SYS_PAGE,15,0,24
1787307855.052,2026-08-21 10:24:15.060,InnoDB,LOCK_SYS_PAGE,8,0,18
1787307855.052,2026-08-21 10:24:15.060,InnoDB,LOCK_SYS_PAGE,18,0,20
1787307855.052,2026-08-21 10:24:15.060,InnoDB,LOCK_SYS_PAGE,25,0,33
1787307855.052,2026-08-21 10:24:15.060,InnoDB,LOCK_SYS_PAGE,23,0,26
1787307855.052,2026-08-21 10:24:15.060,InnoDB,LOCK_SYS_PAGE,19,0,29
1787307855.052,2026-08-21 10:24:15.060,InnoDB,LOCK_SYS_PAGE,33,0,38
1787307855.052,2026-08-21 10:24:15.060,InnoDB,LOCK_SYS_PAGE,29,0,37
1787307855.052,2026-08-21 10:24:15.060,InnoDB,LOCK_SYS_PAGE,23,0,36
1787307855.052,2026-08-21 10:24:15.060,InnoDB,LOCK_SYS_PAGE,25,0,32
1787307855.052,2026-08-21 10:24:15.060,InnoDB,LOCK_SYS_PAGE,15,0,26
1787307855.052,2026-08-21 10:24:15.060,InnoDB,LOCK_SYS_PAGE,14,0,31
1787307855.052,2026-08-21 10:24:15.060,InnoDB,LOCK_SYS_PAGE,26,0,33
1787307855.052,2026-08-21 10:24:15.060,InnoDB,LOCK_SYS_PAGE,16,0,27
1787307855.052,2026-08-21 10:24:15.060,InnoDB,LOCK_SYS_PAGE,13,0,21
1787307855.052,2026-08-21 10:24:15.060,InnoDB,LOCK_SYS_PAGE,11,0,18
1787307855.052,2026-08-21 10:24:15.060,InnoDB,LOCK_SYS_PAGE,22,0,32
1787307855.052,2026-08-21 10:24:15.060,InnoDB,LOCK_SYS_PAGE,27,0,31
1787307855.052,2026-08-21 10:24:15.060,InnoDB,LOCK_SYS_PAGE,17,0,23
1787307855.052,2026-08-21 10:24:15.060,InnoDB,LOCK_SYS_PAGE,26,0,35
1787307855.052,2026-08-21 10:24:15.060,InnoDB,LOCK_SYS_PAGE,21,0,38
1787307855.052,2026-08-21 10:24:15.060,InnoDB,LOCK_SYS_PAGE,31,0,38
1787307855.052,2026-08-21 10:24:15.060,InnoDB,LOCK_SYS_PAGE,20,0,36
1787307855.052,2026-08-21 10:24:15.060,InnoDB,LOCK_SYS_PAGE,13,0,27
1787307855.052,2026-08-21 10:24:15.060,InnoDB,LOCK_SYS_PAGE,27,0,36
1787307855.052,2026-08-21 10:24:15.060,InnoDB,LOCK_SYS_PAGE,21,0,28
1787307855.052,2026-08-21 10:24:15.060,InnoDB,LOCK_SYS_PAGE,9,0,19
1787307855.052,2026-08-21 10:24:15.060,InnoDB,LOCK_SYS_PAGE,15,0,23
1787307855.052,2026-08-21 10:24:15.060,InnoDB,LOCK_SYS_PAGE,18,0,22
1787307855.052,2026-08-21 10:24:15.060,InnoDB,LOCK_SYS_PAGE,29,0,33
1787307855.052,2026-08-21 10:24:15.060,InnoDB,LOCK_SYS_PAGE,15,0,20
1787307855.052,2026-08-21 10:24:15.060,InnoDB,LOCK_SYS_PAGE,7,0,11
1787307855.052,2026-08-21 10:24:15.060,InnoDB,LOCK_SYS_PAGE,32,0,32
1787307855.052,2026-08-21 10:24:15.060,InnoDB,LOCK_SYS_PAGE,16,0,20
1787307855.052,2026-08-21 10:24:15.060,InnoDB,LOCK_SYS_PAGE,24,0,30
1787307855.052,2026-08-21 10:24:15.060,InnoDB,LOCK_SYS_PAGE,22,0,25
1787307855.052,2026-08-21 10:24:15.060,InnoDB,LOCK_SYS_PAGE,14,0,20
1787307855.052,2026-08-21 10:24:15.060,InnoDB,LOCK_SYS_PAGE,11,0,18
1787307855.052,2026-08-21 10:24:15.060,InnoDB,LOCK_SYS_PAGE,25,0,28
1787307855.052,2026-08-21 10:24:15.060,InnoDB,LOCK_SYS_PAGE,50,0,43
1787307855.052,2026-08-21 10:24:15.060,InnoDB,LOCK_SYS_PAGE,15,0,21
1787307855.052,2026-08-21 10:24:15.060,InnoDB,LOCK_SYS_PAGE,18,0,26
1787307855.052,2026-08-21 10:24:15.060,InnoDB,LOCK_SYS_PAGE,25,0,32
1787307855.052,2026-08-21 10:24:15.060,InnoDB,LOCK_SYS_PAGE,21,0,27
1787307855.052,2026-08-21 10:24:15.060,InnoDB,LOCK_SYS_PAGE,24,0,27
1787307855.052,2026-08-21 10:24:15.060,InnoDB,LOCK_SYS_PAGE,18,0,31
1787307855.052,2026-08-21 10:24:15.060,InnoDB,LOCK_SYS_PAGE,16,0,23
1787307855.052,2026-08-21 10:24:15.060,InnoDB,LOCK_SYS_PAGE,27,0,37
1787307855.052,2026-08-21 10:24:15.060,InnoDB,LOCK_SYS_PAGE,18,0,25
1787307855.052,2026-08-21 10:24:15.060,InnoDB,LOCK_SYS_PAGE,10,0,18
1787307855.052,2026-08-21 10:24:15.060,InnoDB,LOCK_SYS_PAGE,15,0,25
1787307855.052,2026-08-21 10:24:15.060,InnoDB,LOCK_SYS_PAGE,50,0,35
1787307855.052,2026-08-21 10:24:15.060,InnoDB,LOCK_SYS_PAGE,10,0,17
1787307855.052,2026-08-21 10:24:15.060,InnoDB,LOCK_SYS_PAGE,26,0,26
1787307855.052,2026-08-21 10:24:15.060,InnoDB,LOCK_SYS_PAGE,15,0,17
1787307855.052,2026-08-21 10:24:15.060,InnoDB,LOCK_SYS_PAGE,23,0,31
1787307855.052,2026-08-21 10:24:15.060,InnoDB,LOCK_SYS_PAGE,14,0,20
1787307855.052,2026-08-21 10:24:15.060,InnoDB,LOCK_SYS_PAGE,15,0,30
1787307855.052,2026-08-21 10:24:15.060,InnoDB,rwlock: dict0dict.cc:2560,,38590,
1787307855.052,2026-08-21 10:24:15.060,InnoDB,rwlock: dict0dict.cc:2560,,38702,
1787307855.052,2026-08-21 10:24:15.060,InnoDB,rwlock: dict0dict.cc:2560,,38538,
1787307855.052,2026-08-21 10:24:15.060,InnoDB,rwlock: dict0dict.cc:2560,,38155,
1787307855.052,2026-08-21 10:24:15.060,InnoDB,rwlock: dict0dict.cc:2560,,38359,
1787307855.052,2026-08-21 10:24:15.060,InnoDB,rwlock: dict0dict.cc:2560,,38470,
1787307855.052,2026-08-21 10:24:15.060,InnoDB,rwlock: dict0dict.cc:2560,,38564,
1787307855.052,2026-08-21 10:24:15.060,InnoDB,rwlock: dict0dict.cc:2560,,38067,
1787307855.052,2026-08-21 10:24:15.060,InnoDB,rwlock: dict0dict.cc:2560,,38823,
1787307855.052,2026-08-21 10:24:15.060,InnoDB,rwlock: dict0dict.cc:2560,,38048,
1787307855.052,2026-08-21 10:24:15.060,InnoDB,rwlock: dict0dict.cc:2560,,38092,
1787307855.052,2026-08-21 10:24:15.060,InnoDB,rwlock: dict0dict.cc:2560,,38384,
1787307855.052,2026-08-21 10:24:15.060,InnoDB,rwlock: dict0dict.cc:2560,,38245,
1787307855.052,2026-08-21 10:24:15.060,InnoDB,rwlock: dict0dict.cc:2560,,38155,
1787307855.052,2026-08-21 10:24:15.060,InnoDB,rwlock: dict0dict.cc:2560,,38390,
1787307855.052,2026-08-21 10:24:15.060,InnoDB,rwlock: dict0dict.cc:2560,,37871,
1787307855.052,2026-08-21 10:24:15.060,InnoDB,rwlock: dict0dict.cc:2560,,37993,
1787307855.052,2026-08-21 10:24:15.060,InnoDB,rwlock: dict0dict.cc:2560,,38299,
1787307855.052,2026-08-21 10:24:15.060,InnoDB,rwlock: dict0dict.cc:2560,,38371,
1787307855.052,2026-08-21 10:24:15.060,InnoDB,rwlock: dict0dict.cc:2560,,38225,
1787307855.052,2026-08-21 10:24:15.060,InnoDB,rwlock: dict0dict.cc:2560,,1,
1787307855.052,2026-08-21 10:24:15.060,InnoDB,rwlock: dict0dict.cc:2560,,1,
1787307855.052,2026-08-21 10:24:15.060,InnoDB,rwlock: dict0dict.cc:2560,,1,
1787307855.052,2026-08-21 10:24:15.060,InnoDB,rwlock: dict0dict.cc:2560,,1,
1787307855.052,2026-08-21 10:24:15.060,InnoDB,rwlock: fil0fil.cc:3310,,1,
1787307855.052,2026-08-21 10:24:15.060,InnoDB,rwlock: dict0dict.cc:2560,,1,
1787307855.052,2026-08-21 10:24:15.060,InnoDB,rwlock: dict0dict.cc:2560,,1,
1787307855.052,2026-08-21 10:24:15.060,InnoDB,rwlock: dict0dict.cc:2560,,2,
1787307855.052,2026-08-21 10:24:15.060,InnoDB,rwlock: dict0dict.cc:2560,,1,
1787307855.052,2026-08-21 10:24:15.060,InnoDB,rwlock: dict0dict.cc:2560,,1,
1787307855.052,2026-08-21 10:24:15.060,InnoDB,rwlock: dict0dict.cc:2560,,1,
1787307855.052,2026-08-21 10:24:15.060,InnoDB,rwlock: dict0dict.cc:2560,,2,
1787307855.052,2026-08-21 10:24:15.060,InnoDB,rwlock: dict0dict.cc:2560,,1,
1787307855.052,2026-08-21 10:24:15.060,InnoDB,rwlock: dict0dict.cc:2560,,1,
1787307855.052,2026-08-21 10:24:15.060,InnoDB,rwlock: dict0dict.cc:2560,,1,
1787307855.052,2026-08-21 10:24:15.060,InnoDB,rwlock: dict0dict.cc:2560,,1,
1787307855.052,2026-08-21 10:24:15.060,InnoDB,rwlock: dict0dict.cc:2560,,2,
1787307855.052,2026-08-21 10:24:15.060,InnoDB,rwlock: fil0fil.cc:3310,,1,
1787307855.052,2026-08-21 10:24:15.060,InnoDB,rwlock: fil0fil.cc:3310,,13445,
1787307855.052,2026-08-21 10:24:15.060,InnoDB,rwlock: fil0fil.cc:3310,,8804,
1787307855.052,2026-08-21 10:24:15.060,InnoDB,rwlock: dict0dict.cc:1032,,4,
1787307855.052,2026-08-21 10:24:15.060,InnoDB,rwlock: hash0hash.cc:117,,18923,
1787307855.052,2026-08-21 10:24:15.060,InnoDB,rwlock: hash0hash.cc:117,,17347,
1787307855.052,2026-08-21 10:24:15.060,InnoDB,rwlock: hash0hash.cc:117,,21298,
1787307855.052,2026-08-21 10:24:15.060,InnoDB,rwlock: hash0hash.cc:117,,20280,
1787307855.052,2026-08-21 10:24:15.060,InnoDB,rwlock: hash0hash.cc:117,,14652,
1787307855.052,2026-08-21 10:24:15.060,InnoDB,rwlock: hash0hash.cc:117,,18886,
1787307855.052,2026-08-21 10:24:15.060,InnoDB,rwlock: hash0hash.cc:117,,14465,
1787307855.052,2026-08-21 10:24:15.060,InnoDB,rwlock: hash0hash.cc:117,,21417,
1787307855.052,2026-08-21 10:24:15.060,InnoDB,rwlock: hash0hash.cc:117,,21125,
1787307855.052,2026-08-21 10:24:15.060,InnoDB,rwlock: hash0hash.cc:117,,13384,
1787307855.052,2026-08-21 10:24:15.060,InnoDB,rwlock: hash0hash.cc:117,,17306,
1787307855.052,2026-08-21 10:24:15.060,InnoDB,rwlock: hash0hash.cc:117,,18234,
1787307855.052,2026-08-21 10:24:15.060,InnoDB,rwlock: hash0hash.cc:117,,17745,
1787307855.052,2026-08-21 10:24:15.060,InnoDB,rwlock: hash0hash.cc:117,,22606,
1787307855.052,2026-08-21 10:24:15.060,InnoDB,rwlock: hash0hash.cc:117,,18611,
1787307855.052,2026-08-21 10:24:15.060,InnoDB,rwlock: hash0hash.cc:117,,14183,
1787307855.052,2026-08-21 10:24:15.060,InnoDB,sum rwlock: buf0buf.cc:880,,1028274,
