timestamp_unix,timestamp_human,type,name,spins,waits,calls
1787562728.841,2026-08-24 09:12:08.842,InnoDB,BUF_POOL_LRU_LIST,3589986272,1144338588,352216107
1787562728.841,2026-08-24 09:12:08.842,InnoDB,LOG_WRITER,3954888,131765,567
1787562728.841,2026-08-24 09:12:08.842,InnoDB,FLUSH_LIST,2864141,43191,1516110
1787562728.841,2026-08-24 09:12:08.842,InnoDB,BUF_BLOCK_MUTEX,1021189,16992,131618
1787562728.841,2026-08-24 09:12:08.842,InnoDB,BUF_POOL_FLUSH_STATE,12315654,11065,6305039
1787562728.841,2026-08-24 09:12:08.842,InnoDB,TRX_SYS,406388,3238,266736
1787562728.841,2026-08-24 09:12:08.842,InnoDB,BUF_POOL_FREE_LIST,11568911,1950,11523156
1787562728.841,2026-08-24 09:12:08.842,InnoDB,TRX_SYS_SERIALISATION,55895,1018,22442
1787562728.841,2026-08-24 09:12:08.842,InnoDB,UNDO_SPACE_RSEG,10855,353,92
1787562728.841,2026-08-24 09:12:08.842,InnoDB,UNDO_SPACE_RSEG,10583,339,107
1787562728.841,2026-08-24 09:12:08.842,InnoDB,UNDO_SPACE_RSEG,10345,336,78
1787562728.841,2026-08-24 09:12:08.842,InnoDB,UNDO_SPACE_RSEG,9892,324,87
1787562728.841,2026-08-24 09:12:08.842,InnoDB,DICT_PERSIST_DIRTY_TABLES,11429,315,627
1787562728.841,2026-08-24 09:12:08.842,InnoDB,PURGE_SYS_PQ,30894,303,19544
1787562728.841,2026-08-24 09:12:08.842,InnoDB,UNDO_SPACE_RSEG,9107,299,63
1787562728.841,2026-08-24 09:12:08.842,InnoDB,UNDO_SPACE_RSEG,9096,289,101
1787562728.841,2026-08-24 09:12:08.842,InnoDB,UNDO_SPACE_RSEG,8671,282,96
1787562728.841,2026-08-24 09:12:08.842,InnoDB,UNDO_SPACE_RSEG,8680,280,89
1787562728.841,2026-08-24 09:12:08.842,InnoDB,UNDO_SPACE_RSEG,8456,275,86
1787562728.841,2026-08-24 09:12:08.842,InnoDB,UNDO_SPACE_RSEG,8265,267,74
1787562728.841,2026-08-24 09:12:08.842,InnoDB,UNDO_SPACE_RSEG,7762,252,78
1787562728.841,2026-08-24 09:12:08.842,InnoDB,UNDO_SPACE_RSEG,7154,232,80
1787562728.841,2026-08-24 09:12:08.842,InnoDB,IBUF_BITMAP,13779,221,3806
1787562728.841,2026-08-24 09:12:08.842,InnoDB,UNDO_SPACE_RSEG,6902,220,77
1787562728.841,2026-08-24 09:12:08.842,InnoDB,UNDO_SPACE_RSEG,6407,210,71
1787562728.841,2026-08-24 09:12:08.842,InnoDB,LOG_FILES,9490,209,373
1787562728.841,2026-08-24 09:12:08.842,InnoDB,UNDO_SPACE_RSEG,6196,203,70
1787562728.841,2026-08-24 09:12:08.842,InnoDB,UNDO_SPACE_RSEG,6002,192,78
1787562728.841,2026-08-24 09:12:08.842,InnoDB,UNDO_SPACE_RSEG,5657,184,68
1787562728.841,2026-08-24 09:12:08.842,InnoDB,UNDO_SPACE_RSEG,5685,180,84
1787562728.841,2026-08-24 09:12:08.842,InnoDB,UNDO_SPACE_RSEG,5630,180,90
1787562728.841,2026-08-24 09:12:08.842,InnoDB,UNDO_SPACE_RSEG,5642,178,82
1787562728.841,2026-08-24 09:12:08.842,InnoDB,UNDO_SPACE_RSEG,5538,173,90
1787562728.841,2026-08-24 09:12:08.842,InnoDB,UNDO_SPACE_RSEG,5270,170,56
1787562728.841,2026-08-24 09:12:08.842,InnoDB,UNDO_SPACE_RSEG,5085,162,88
1787562728.841,2026-08-24 09:12:08.842,InnoDB,LOG_FLUSHER,4848,139,207
1787562728.841,2026-08-24 09:12:08.842,InnoDB,UNDO_SPACE_RSEG,4363,137,67
1787562728.841,2026-08-24 09:12:08.842,InnoDB,UNDO_SPACE_RSEG,4140,134,76
1787562728.841,2026-08-24 09:12:08.842,InnoDB,DICT_SYS,4441174,129,2542416
1787562728.841,2026-08-24 09:12:08.842,InnoDB,SRV_SYS,261271,129,167742
1787562728.841,2026-08-24 09:12:08.842,InnoDB,UNDO_SPACE_RSEG,4065,128,65
1787562728.841,2026-08-24 09:12:08.842,InnoDB,UNDO_SPACE_RSEG,3971,128,69
1787562728.841,2026-08-24 09:12:08.842,InnoDB,UNDO_SPACE_RSEG,3976,126,69
1787562728.841,2026-08-24 09:12:08.842,InnoDB,UNDO_SPACE_RSEG,3861,125,64
1787562728.841,2026-08-24 09:12:08.842,InnoDB,UNDO_SPACE_RSEG,3803,123,63
1787562728.841,2026-08-24 09:12:08.842,InnoDB,UNDO_SPACE_RSEG,3984,123,78
1787562728.841,2026-08-24 09:12:08.842,InnoDB,UNDO_SPACE_RSEG,3945,121,70
1787562728.841,2026-08-24 09:12:08.842,InnoDB,UNDO_SPACE_RSEG,3786,120,65
1787562728.841,2026-08-24 09:12:08.842,InnoDB,UNDO_SPACE_RSEG,3807,119,60
1787562728.841,2026-08-24 09:12:08.842,InnoDB,UNDO_SPACE_RSEG,3699,118,62
1787562728.841,2026-08-24 09:12:08.842,InnoDB,UNDO_SPACE_RSEG,3677,114,78
1787562728.841,2026-08-24 09:12:08.842,InnoDB,UNDO_SPACE_RSEG,3570,114,59
1787562728.841,2026-08-24 09:12:08.842,InnoDB,UNDO_SPACE_RSEG,3515,113,78
1787562728.841,2026-08-24 09:12:08.842,InnoDB,UNDO_SPACE_RSEG,3471,108,74
1787562728.841,2026-08-24 09:12:08.842,InnoDB,UNDO_SPACE_RSEG,3370,107,66
1787562728.841,2026-08-24 09:12:08.842,InnoDB,UNDO_SPACE_RSEG,3278,106,66
1787562728.841,2026-08-24 09:12:08.842,InnoDB,UNDO_SPACE_RSEG,3283,105,70
1787562728.841,2026-08-24 09:12:08.842,InnoDB,UNDO_SPACE_RSEG,3267,103,57
1787562728.841,2026-08-24 09:12:08.842,InnoDB,UNDO_SPACE_RSEG,3337,102,88
1787562728.841,2026-08-24 09:12:08.842,InnoDB,UNDO_SPACE_RSEG,3179,101,62
1787562728.841,2026-08-24 09:12:08.842,InnoDB,UNDO_SPACE_RSEG,3003,97,56
1787562728.841,2026-08-24 09:12:08.842,InnoDB,UNDO_SPACE_RSEG,3001,96,59
1787562728.841,2026-08-24 09:12:08.842,InnoDB,UNDO_SPACE_RSEG,2973,96,68
1787562728.841,2026-08-24 09:12:08.842,InnoDB,UNDO_SPACE_RSEG,3000,95,56
1787562728.841,2026-08-24 09:12:08.842,InnoDB,UNDO_SPACE_RSEG,2926,94,66
1787562728.841,2026-08-24 09:12:08.842,InnoDB,FIL_SHARD,181492,93,188782
1787562728.841,2026-08-24 09:12:08.842,InnoDB,UNDO_SPACE_RSEG,2904,92,65
1787562728.841,2026-08-24 09:12:08.842,InnoDB,UNDO_SPACE_RSEG,2998,92,65
1787562728.841,2026-08-24 09:12:08.842,InnoDB,UNDO_SPACE_RSEG,2827,90,54
1787562728.841,2026-08-24 09:12:08.842,InnoDB,UNDO_SPACE_RSEG,2788,90,61
1787562728.841,2026-08-24 09:12:08.842,InnoDB,UNDO_SPACE_RSEG,2824,88,63
1787562728.841,2026-08-24 09:12:08.842,InnoDB,UNDO_SPACE_RSEG,2733,88,50
1787562728.841,2026-08-24 09:12:08.842,InnoDB,UNDO_SPACE_RSEG,2836,88,59
1787562728.841,2026-08-24 09:12:08.842,InnoDB,UNDO_SPACE_RSEG,2680,88,49
1787562728.841,2026-08-24 09:12:08.842,InnoDB,UNDO_SPACE_RSEG,2677,86,61
1787562728.841,2026-08-24 09:12:08.842,InnoDB,UNDO_SPACE_RSEG,2621,85,57
1787562728.841,2026-08-24 09:12:08.842,InnoDB,UNDO_SPACE_RSEG,2609,84,58
1787562728.841,2026-08-24 09:12:08.842,InnoDB,UNDO_SPACE_RSEG,2728,84,61
1787562728.841,2026-08-24 09:12:08.842,InnoDB,FIL_SHARD,193387,83,217567
1787562728.841,2026-08-24 09:12:08.842,InnoDB,UNDO_SPACE_RSEG,2641,82,60
1787562728.841,2026-08-24 09:12:08.842,InnoDB,UNDO_SPACE_RSEG,2559,82,64
1787562728.841,2026-08-24 09:12:08.842,InnoDB,FIL_SHARD,194282,81,215173
1787562728.841,2026-08-24 09:12:08.842,InnoDB,UNDO_SPACE_RSEG,2541,81,57
1787562728.841,2026-08-24 09:12:08.842,InnoDB,UNDO_SPACE_RSEG,2582,79,58
1787562728.841,2026-08-24 09:12:08.842,InnoDB,UNDO_SPACE_RSEG,2429,78,47
1787562728.841,2026-08-24 09:12:08.842,InnoDB,UNDO_SPACE_RSEG,2417,78,69
1787562728.841,2026-08-24 09:12:08.842,InnoDB,UNDO_SPACE_RSEG,2328,76,48
1787562728.841,2026-08-24 09:12:08.842,InnoDB,UNDO_SPACE_RSEG,2381,76,42
1787562728.841,2026-08-24 09:12:08.842,InnoDB,FIL_SHARD,194293,76,214176
1787562728.841,2026-08-24 09:12:08.842,InnoDB,FIL_SHARD,210730,76,227300
1787562728.841,2026-08-24 09:12:08.842,InnoDB,UNDO_SPACE_RSEG,2341,75,53
1787562728.841,2026-08-24 09:12:08.842,InnoDB,UNDO_SPACE_RSEG,2334,75,63
1787562728.841,2026-08-24 09:12:08.842,InnoDB,UNDO_SPACE_RSEG,2425,75,60
1787562728.841,2026-08-24 09:12:08.842,InnoDB,FIL_SHARD,186018,75,193871
1787562728.841,2026-08-24 09:12:08.842,InnoDB,UNDO_SPACE_RSEG,2320,74,59
1787562728.841,2026-08-24 09:12:08.842,InnoDB,FIL_SHARD,194062,73,199116
1787562728.841,2026-08-24 09:12:08.842,InnoDB,UNDO_SPACE_RSEG,2386,73,62
1787562728.841,2026-08-24 09:12:08.842,InnoDB,UNDO_SPACE_RSEG,2341,73,72
1787562728.841,2026-08-24 09:12:08.842,InnoDB,FIL_SHARD,189917,73,209810
1787562728.841,2026-08-24 09:12:08.842,InnoDB,FIL_SHARD,179641,72,189490
1787562728.841,2026-08-24 09:12:08.842,InnoDB,UNDO_SPACE_RSEG,2268,72,55
1787562728.841,2026-08-24 09:12:08.842,InnoDB,UNDO_SPACE_RSEG,2193,72,43
1787562728.841,2026-08-24 09:12:08.842,InnoDB,UNDO_SPACE_RSEG,2352,72,61
1787562728.841,2026-08-24 09:12:08.842,InnoDB,FIL_SHARD,211967,71,228794
1787562728.841,2026-08-24 09:12:08.842,InnoDB,UNDO_SPACE_RSEG,2371,71,63
1787562728.841,2026-08-24 09:12:08.842,InnoDB,FIL_SHARD,187556,71,192851
1787562728.841,2026-08-24 09:12:08.842,InnoDB,UNDO_SPACE_RSEG,2249,70,54
1787562728.841,2026-08-24 09:12:08.842,InnoDB,UNDO_SPACE_RSEG,2280,70,54
1787562728.841,2026-08-24 09:12:08.842,InnoDB,UNDO_SPACE_RSEG,2131,69,48
1787562728.841,2026-08-24 09:12:08.842,InnoDB,UNDO_SPACE_RSEG,2227,68,53
1787562728.841,2026-08-24 09:12:08.842,InnoDB,UNDO_SPACE_RSEG,2203,68,83
1787562728.841,2026-08-24 09:12:08.842,InnoDB,UNDO_SPACE_RSEG,2131,68,51
1787562728.841,2026-08-24 09:12:08.842,InnoDB,FIL_SHARD,186440,68,193717
1787562728.841,2026-08-24 09:12:08.842,InnoDB,FIL_SHARD,222925,68,240426
1787562728.841,2026-08-24 09:12:08.842,InnoDB,UNDO_SPACE_RSEG,2141,68,59
1787562728.841,2026-08-24 09:12:08.842,InnoDB,UNDO_SPACE_RSEG,2160,67,54
1787562728.841,2026-08-24 09:12:08.842,InnoDB,UNDO_SPACE_RSEG,2041,67,38
1787562728.841,2026-08-24 09:12:08.842,InnoDB,UNDO_SPACE_RSEG,2111,66,52
1787562728.841,2026-08-24 09:12:08.842,InnoDB,UNDO_SPACE_RSEG,2036,64,62
1787562728.841,2026-08-24 09:12:08.842,InnoDB,FIL_SHARD,179513,64,186642
1787562728.841,2026-08-24 09:12:08.842,InnoDB,UNDO_SPACE_RSEG,1967,63,55
1787562728.841,2026-08-24 09:12:08.842,InnoDB,UNDO_SPACE_RSEG,2020,63,53
1787562728.841,2026-08-24 09:12:08.842,InnoDB,UNDO_SPACE_RSEG,1979,63,49
1787562728.841,2026-08-24 09:12:08.842,InnoDB,FIL_SHARD,195987,62,217081
1787562728.841,2026-08-24 09:12:08.842,InnoDB,FIL_SHARD,191749,62,200030
1787562728.841,2026-08-24 09:12:08.842,InnoDB,UNDO_SPACE_RSEG,2032,62,61
1787562728.841,2026-08-24 09:12:08.842,InnoDB,UNDO_SPACE_RSEG,2026,62,55
1787562728.841,2026-08-24 09:12:08.842,InnoDB,UNDO_SPACE_RSEG,1988,61,51
1787562728.841,2026-08-24 09:12:08.842,InnoDB,UNDO_SPACE_RSEG,1910,61,52
1787562728.841,2026-08-24 09:12:08.842,InnoDB,UNDO_SPACE_RSEG,1964,61,51
1787562728.841,2026-08-24 09:12:08.842,InnoDB,UNDO_SPACE_RSEG,1883,61,51
1787562728.841,2026-08-24 09:12:08.842,InnoDB,UNDO_SPACE_RSEG,1902,61,52
1787562728.841,2026-08-24 09:12:08.842,InnoDB,UNDO_SPACE_RSEG,1945,61,54
1787562728.841,2026-08-24 09:12:08.842,InnoDB,FIL_SHARD,184508,61,191483
1787562728.841,2026-08-24 09:12:08.842,InnoDB,FIL_SHARD,196156,61,215708
1787562728.841,2026-08-24 09:12:08.842,InnoDB,UNDO_SPACE_RSEG,1950,60,69
1787562728.841,2026-08-24 09:12:08.842,InnoDB,FIL_SHARD,197648,59,218679
1787562728.841,2026-08-24 09:12:08.842,InnoDB,UNDO_SPACE_RSEG,1922,59,53
1787562728.841,2026-08-24 09:12:08.842,InnoDB,UNDO_SPACE_RSEG,1951,59,47
1787562728.841,2026-08-24 09:12:08.842,InnoDB,UNDO_SPACE_RSEG,1909,59,42
1787562728.841,2026-08-24 09:12:08.842,InnoDB,UNDO_SPACE_RSEG,1866,58,55
1787562728.841,2026-08-24 09:12:08.842,InnoDB,UNDO_SPACE_RSEG,1821,57,57
1787562728.841,2026-08-24 09:12:08.842,InnoDB,UNDO_SPACE_RSEG,1877,57,56
1787562728.841,2026-08-24 09:12:08.842,InnoDB,UNDO_SPACE_RSEG,1879,57,60
1787562728.841,2026-08-24 09:12:08.842,InnoDB,UNDO_SPACE_RSEG,1787,57,46
1787562728.841,2026-08-24 09:12:08.842,InnoDB,FIL_SHARD,183687,56,204341
1787562728.841,2026-08-24 09:12:08.842,InnoDB,UNDO_SPACE_RSEG,1800,56,50
1787562728.841,2026-08-24 09:12:08.842,InnoDB,UNDO_SPACE_RSEG,1797,56,53
1787562728.841,2026-08-24 09:12:08.842,InnoDB,UNDO_SPACE_RSEG,1756,55,53
1787562728.841,2026-08-24 09:12:08.842,InnoDB,UNDO_SPACE_RSEG,1748,54,57
1787562728.841,2026-08-24 09:12:08.842,InnoDB,UNDO_SPACE_RSEG,1731,54,51
1787562728.841,2026-08-24 09:12:08.842,InnoDB,UNDO_SPACE_RSEG,1816,54,57
1787562728.841,2026-08-24 09:12:08.842,InnoDB,UNDO_SPACE_RSEG,1717,54,38
1787562728.841,2026-08-24 09:12:08.842,InnoDB,UNDO_SPACE_RSEG,1795,54,58
1787562728.841,2026-08-24 09:12:08.842,InnoDB,UNDO_SPACE_RSEG,1752,53,66
1787562728.841,2026-08-24 09:12:08.842,InnoDB,UNDO_SPACE_RSEG,1738,53,62
1787562728.841,2026-08-24 09:12:08.842,InnoDB,UNDO_SPACE_RSEG,1660,53,50
1787562728.841,2026-08-24 09:12:08.842,InnoDB,UNDO_SPACE_RSEG,1641,53,47
1787562728.841,2026-08-24 09:12:08.842,InnoDB,UNDO_SPACE_RSEG,1706,53,48
1787562728.841,2026-08-24 09:12:08.842,InnoDB,UNDO_SPACE_RSEG,1799,52,57
1787562728.841,2026-08-24 09:12:08.842,InnoDB,UNDO_SPACE_RSEG,1653,52,58
1787562728.841,2026-08-24 09:12:08.842,InnoDB,UNDO_SPACE_RSEG,1719,52,43
1787562728.841,2026-08-24 09:12:08.842,InnoDB,UNDO_SPACE_RSEG,1656,51,56
1787562728.841,2026-08-24 09:12:08.842,InnoDB,UNDO_SPACE_RSEG,1585,51,55
1787562728.841,2026-08-24 09:12:08.842,InnoDB,UNDO_SPACE_RSEG,1580,50,48
1787562728.841,2026-08-24 09:12:08.842,InnoDB,UNDO_SPACE_RSEG,1502,49,44
1787562728.841,2026-08-24 09:12:08.842,InnoDB,UNDO_SPACE_RSEG,1600,49,50
1787562728.841,2026-08-24 09:12:08.842,InnoDB,UNDO_SPACE_RSEG,1525,48,50
1787562728.841,2026-08-24 09:12:08.842,InnoDB,UNDO_SPACE_RSEG,1558,48,61
1787562728.841,2026-08-24 09:12:08.842,InnoDB,UNDO_SPACE_RSEG,1487,48,48
1787562728.841,2026-08-24 09:12:08.842,InnoDB,UNDO_SPACE_RSEG,1504,48,51
1787562728.841,2026-08-24 09:12:08.842,InnoDB,UNDO_SPACE_RSEG,1596,48,63
1787562728.841,2026-08-24 09:12:08.842,InnoDB,UNDO_SPACE_RSEG,1554,48,44
1787562728.841,2026-08-24 09:12:08.842,InnoDB,UNDO_SPACE_RSEG,1546,48,58
1787562728.841,2026-08-24 09:12:08.842,InnoDB,UNDO_SPACE_RSEG,1499,47,44
1787562728.841,2026-08-24 09:12:08.842,InnoDB,UNDO_SPACE_RSEG,1537,47,50
1787562728.841,2026-08-24 09:12:08.842,InnoDB,UNDO_SPACE_RSEG,1566,47,55
1787562728.841,2026-08-24 09:12:08.842,InnoDB,UNDO_SPACE_RSEG,1455,46,44
1787562728.841,2026-08-24 09:12:08.842,InnoDB,UNDO_SPACE_RSEG,1529,46,60
1787562728.841,2026-08-24 09:12:08.842,InnoDB,UNDO_SPACE_RSEG,1554,46,43
1787562728.841,2026-08-24 09:12:08.842,InnoDB,UNDO_SPACE_RSEG,1486,46,38
1787562728.841,2026-08-24 09:12:08.842,InnoDB,UNDO_SPACE_RSEG,1517,46,56
1787562728.841,2026-08-24 09:12:08.842,InnoDB,UNDO_SPACE_RSEG,1446,45,47
1787562728.841,2026-08-24 09:12:08.842,InnoDB,UNDO_SPACE_RSEG,1461,45,47
1787562728.841,2026-08-24 09:12:08.842,InnoDB,UNDO_SPACE_RSEG,1488,45,47
1787562728.841,2026-08-24 09:12:08.842,InnoDB,UNDO_SPACE_RSEG,1538,45,54
1787562728.841,2026-08-24 09:12:08.842,InnoDB,UNDO_SPACE_RSEG,1423,44,48
1787562728.841,2026-08-24 09:12:08.842,InnoDB,UNDO_SPACE_RSEG,1414,44,57
1787562728.841,2026-08-24 09:12:08.842,InnoDB,UNDO_SPACE_RSEG,1372,44,55
1787562728.841,2026-08-24 09:12:08.842,InnoDB,UNDO_SPACE_RSEG,1443,44,57
1787562728.841,2026-08-24 09:12:08.842,InnoDB,UNDO_SPACE_RSEG,1391,43,51
1787562728.841,2026-08-24 09:12:08.842,InnoDB,UNDO_SPACE_RSEG,1416,43,46
1787562728.841,2026-08-24 09:12:08.842,InnoDB,UNDO_SPACE_RSEG,1433,42,53
1787562728.841,2026-08-24 09:12:08.842,InnoDB,UNDO_SPACE_RSEG,1315,41,49
1787562728.841,2026-08-24 09:12:08.842,InnoDB,UNDO_SPACE_RSEG,1327,41,38
1787562728.841,2026-08-24 09:12:08.842,InnoDB,UNDO_SPACE_RSEG,1387,41,54
1787562728.841,2026-08-24 09:12:08.842,InnoDB,UNDO_SPACE_RSEG,1304,41,40
1787562728.841,2026-08-24 09:12:08.842,InnoDB,UNDO_SPACE_RSEG,1267,41,40
1787562728.841,2026-08-24 09:12:08.842,InnoDB,UNDO_SPACE_RSEG,1285,40,46
1787562728.841,2026-08-24 09:12:08.842,InnoDB,UNDO_SPACE_RSEG,1324,40,58
1787562728.841,2026-08-24 09:12:08.842,InnoDB,UNDO_SPACE_RSEG,1299,40,55
1787562728.841,2026-08-24 09:12:08.842,InnoDB,UNDO_SPACE_RSEG,1309,40,46
1787562728.841,2026-08-24 09:12:08.842,InnoDB,UNDO_SPACE_RSEG,1242,39,52
1787562728.841,2026-08-24 09:12:08.842,InnoDB,UNDO_SPACE_RSEG,1267,39,58
1787562728.841,2026-08-24 09:12:08.842,InnoDB,UNDO_SPACE_RSEG,1232,39,41
1787562728.841,2026-08-24 09:12:08.842,InnoDB,UNDO_SPACE_RSEG,1246,38,44
1787562728.841,2026-08-24 09:12:08.842,InnoDB,UNDO_SPACE_RSEG,1228,38,48
1787562728.841,2026-08-24 09:12:08.842,InnoDB,UNDO_SPACE_RSEG,1282,38,45
1787562728.841,2026-08-24 09:12:08.842,InnoDB,UNDO_SPACE_RSEG,1211,37,47
1787562728.841,2026-08-24 09:12:08.842,InnoDB,UNDO_SPACE_RSEG,1174,36,45
1787562728.841,2026-08-24 09:12:08.842,InnoDB,UNDO_SPACE_RSEG,1241,36,54
1787562728.841,2026-08-24 09:12:08.842,InnoDB,UNDO_SPACE_RSEG,1246,36,48
1787562728.841,2026-08-24 09:12:08.842,InnoDB,UNDO_SPACE_RSEG,1170,36,49
1787562728.841,2026-08-24 09:12:08.842,InnoDB,UNDO_SPACE_RSEG,1112,35,43
1787562728.841,2026-08-24 09:12:08.842,InnoDB,UNDO_SPACE_RSEG,1180,35,59
1787562728.841,2026-08-24 09:12:08.842,InnoDB,FIL_SHARD,8318,35,8091
1787562728.841,2026-08-24 09:12:08.842,InnoDB,UNDO_SPACE_RSEG,1107,35,50
1787562728.841,2026-08-24 09:12:08.842,InnoDB,UNDO_SPACE_RSEG,1102,34,47
1787562728.841,2026-08-24 09:12:08.842,InnoDB,UNDO_SPACE_RSEG,1112,34,42
1787562728.841,2026-08-24 09:12:08.842,InnoDB,UNDO_SPACE_RSEG,1099,34,49
1787562728.841,2026-08-24 09:12:08.842,InnoDB,UNDO_SPACE_RSEG,1072,33,60
1787562728.841,2026-08-24 09:12:08.842,InnoDB,UNDO_SPACE_RSEG,1036,33,51
1787562728.841,2026-08-24 09:12:08.842,InnoDB,UNDO_SPACE_RSEG,1069,33,49
1787562728.841,2026-08-24 09:12:08.842,InnoDB,UNDO_SPACE_RSEG,1023,33,44
1787562728.841,2026-08-24 09:12:08.842,InnoDB,UNDO_SPACE_RSEG,1112,33,47
1787562728.841,2026-08-24 09:12:08.842,InnoDB,UNDO_SPACE_RSEG,1025,32,41
1787562728.841,2026-08-24 09:12:08.842,InnoDB,UNDO_SPACE_RSEG,1021,32,46
1787562728.841,2026-08-24 09:12:08.842,InnoDB,UNDO_SPACE_RSEG,1066,32,55
1787562728.841,2026-08-24 09:12:08.842,InnoDB,UNDO_SPACE_RSEG,1027,32,40
1787562728.841,2026-08-24 09:12:08.842,InnoDB,UNDO_SPACE_RSEG,982,31,50
1787562728.841,2026-08-24 09:12:08.842,InnoDB,UNDO_SPACE_RSEG,987,31,53
1787562728.841,2026-08-24 09:12:08.842,InnoDB,UNDO_SPACE_RSEG,997,31,36
1787562728.841,2026-08-24 09:12:08.842,InnoDB,UNDO_SPACE_RSEG,1028,31,47
1787562728.841,2026-08-24 09:12:08.842,InnoDB,UNDO_SPACE_RSEG,1090,31,55
1787562728.841,2026-08-24 09:12:08.842,InnoDB,UNDO_SPACE_RSEG,1016,30,45
1787562728.841,2026-08-24 09:12:08.842,InnoDB,UNDO_SPACE_RSEG,1010,30,43
1787562728.841,2026-08-24 09:12:08.842,InnoDB,FIL_SHARD,2515,30,1641
1787562728.841,2026-08-24 09:12:08.842,InnoDB,UNDO_SPACE_RSEG,951,30,35
1787562728.841,2026-08-24 09:12:08.842,InnoDB,UNDO_SPACE_RSEG,985,30,44
1787562728.841,2026-08-24 09:12:08.842,InnoDB,UNDO_SPACE_RSEG,943,30,39
1787562728.841,2026-08-24 09:12:08.842,InnoDB,UNDO_SPACE_RSEG,968,29,45
1787562728.841,2026-08-24 09:12:08.842,InnoDB,UNDO_SPACE_RSEG,899,29,31
1787562728.841,2026-08-24 09:12:08.842,InnoDB,UNDO_SPACE_RSEG,946,29,39
1787562728.841,2026-08-24 09:12:08.842,InnoDB,UNDO_SPACE_RSEG,966,29,56
1787562728.841,2026-08-24 09:12:08.842,InnoDB,UNDO_SPACE_RSEG,923,28,48
1787562728.841,2026-08-24 09:12:08.842,InnoDB,UNDO_SPACE_RSEG,894,28,44
1787562728.841,2026-08-24 09:12:08.842,InnoDB,UNDO_SPACE_RSEG,936,28,39
1787562728.841,2026-08-24 09:12:08.842,InnoDB,UNDO_SPACE_RSEG,857,27,25
1787562728.841,2026-08-24 09:12:08.842,InnoDB,UNDO_SPACE_RSEG,857,27,39
1787562728.841,2026-08-24 09:12:08.842,InnoDB,UNDO_SPACE_RSEG,850,27,38
1787562728.841,2026-08-24 09:12:08.842,InnoDB,UNDO_SPACE_RSEG,851,26,40
1787562728.841,2026-08-24 09:12:08.842,InnoDB,UNDO_SPACE_RSEG,816,26,37
1787562728.841,2026-08-24 09:12:08.842,InnoDB,UNDO_SPACE_RSEG,841,26,30
1787562728.841,2026-08-24 09:12:08.842,InnoDB,UNDO_SPACE_RSEG,867,26,44
1787562728.841,2026-08-24 09:12:08.842,InnoDB,TRX_POOL,856,25,47
1787562728.841,2026-08-24 09:12:08.842,InnoDB,UNDO_SPACE_RSEG,859,25,47
1787562728.841,2026-08-24 09:12:08.842,InnoDB,UNDO_SPACE_RSEG,795,25,42
1787562728.841,2026-08-24 09:12:08.842,InnoDB,UNDO_SPACE_RSEG,795,25,29
1787562728.841,2026-08-24 09:12:08.842,InnoDB,UNDO_SPACE_RSEG,817,25,38
1787562728.841,2026-08-24 09:12:08.842,InnoDB,UNDO_SPACE_RSEG,766,24,40
1787562728.841,2026-08-24 09:12:08.842,InnoDB,UNDO_SPACE_RSEG,848,24,49
1787562728.841,2026-08-24 09:12:08.842,InnoDB,UNDO_SPACE_RSEG,790,24,37
1787562728.841,2026-08-24 09:12:08.842,InnoDB,UNDO_SPACE_RSEG,759,24,36
1787562728.841,2026-08-24 09:12:08.842,InnoDB,UNDO_SPACE_RSEG,798,24,47
1787562728.841,2026-08-24 09:12:08.842,InnoDB,UNDO_SPACE_RSEG,745,23,39
1787562728.841,2026-08-24 09:12:08.842,InnoDB,UNDO_SPACE_RSEG,736,23,36
1787562728.841,2026-08-24 09:12:08.842,InnoDB,UNDO_SPACE_RSEG,745,23,36
1787562728.841,2026-08-24 09:12:08.842,InnoDB,UNDO_SPACE_RSEG,759,23,35
1787562728.841,2026-08-24 09:12:08.842,InnoDB,UNDO_SPACE_RSEG,776,23,35
1787562728.841,2026-08-24 09:12:08.842,InnoDB,UNDO_SPACE_RSEG,735,23,40
1787562728.841,2026-08-24 09:12:08.842,InnoDB,UNDO_SPACE_RSEG,777,23,46
1787562728.841,2026-08-24 09:12:08.842,InnoDB,UNDO_SPACE_RSEG,736,23,33
1787562728.841,2026-08-24 09:12:08.842,InnoDB,UNDO_SPACE_RSEG,733,22,35
1787562728.841,2026-08-24 09:12:08.842,InnoDB,UNDO_SPACE_RSEG,676,21,32
1787562728.841,2026-08-24 09:12:08.842,InnoDB,UNDO_SPACE_RSEG,704,21,51
1787562728.841,2026-08-24 09:12:08.842,InnoDB,UNDO_SPACE_RSEG,700,20,45
1787562728.841,2026-08-24 09:12:08.842,InnoDB,UNDO_SPACE_RSEG,694,20,36
1787562728.841,2026-08-24 09:12:08.842,InnoDB,UNDO_SPACE_RSEG,670,20,35
1787562728.841,2026-08-24 09:12:08.842,InnoDB,UNDO_SPACE_RSEG,651,20,27
1787562728.841,2026-08-24 09:12:08.842,InnoDB,UNDO_SPACE_RSEG,633,20,35
1787562728.841,2026-08-24 09:12:08.842,InnoDB,UNDO_SPACE_RSEG,672,20,36
1787562728.841,2026-08-24 09:12:08.842,InnoDB,UNDO_SPACE_RSEG,668,19,37
1787562728.841,2026-08-24 09:12:08.842,InnoDB,UNDO_SPACE_RSEG,630,19,39
1787562728.841,2026-08-24 09:12:08.842,InnoDB,UNDO_SPACE_RSEG,622,19,29
1787562728.841,2026-08-24 09:12:08.842,InnoDB,UNDO_SPACE_RSEG,609,18,32
1787562728.841,2026-08-24 09:12:08.842,InnoDB,UNDO_SPACE_RSEG,597,18,28
1787562728.841,2026-08-24 09:12:08.842,InnoDB,UNDO_SPACE_RSEG,605,18,41
1787562728.841,2026-08-24 09:12:08.842,InnoDB,UNDO_SPACE_RSEG,635,18,41
1787562728.841,2026-08-24 09:12:08.842,InnoDB,UNDO_SPACE_RSEG,600,17,45
1787562728.841,2026-08-24 09:12:08.842,InnoDB,UNDO_SPACE_RSEG,611,17,41
1787562728.841,2026-08-24 09:12:08.842,InnoDB,UNDO_SPACE_RSEG,551,17,34
1787562728.841,2026-08-24 09:12:08.842,InnoDB,UNDO_SPACE_RSEG,511,15,35
1787562728.841,2026-08-24 09:12:08.842,InnoDB,UNDO_SPACE_RSEG,447,13,33
1787562728.841,2026-08-24 09:12:08.842,InnoDB,UNDO_SPACE_RSEG,415,11,31
1787562728.841,2026-08-24 09:12:08.842,InnoDB,TRX,104075,5,147263
1787562728.841,2026-08-24 09:12:08.842,InnoDB,LOCK_SYS_TABLE,1112,1,1084
1787562728.841,2026-08-24 09:12:08.842,InnoDB,SRV_SYS_TASKS,109823,1,111760
1787562728.841,2026-08-24 09:12:08.842,InnoDB,LOCK_SYS_TABLE,1140,1,1061
1787562728.841,2026-08-24 09:12:08.842,InnoDB,LOCK_SYS_PAGE,56,1,45
1787562728.841,2026-08-24 09:12:08.842,InnoDB,LOCK_SYS_PAGE,60,1,37
1787562728.841,2026-08-24 09:12:08.842,InnoDB,LOCK_SYS_PAGE,28,0,48
1787562728.841,2026-08-24 09:12:08.842,InnoDB,LOCK_SYS_PAGE,41,0,59
1787562728.841,2026-08-24 09:12:08.842,InnoDB,LOCK_SYS_PAGE,31,0,49
1787562728.841,2026-08-24 09:12:08.842,InnoDB,LOCK_SYS_PAGE,45,0,56
1787562728.841,2026-08-24 09:12:08.842,InnoDB,LOCK_SYS_PAGE,38,0,46
1787562728.841,2026-08-24 09:12:08.842,InnoDB,LOCK_SYS_PAGE,20,0,30
1787562728.841,2026-08-24 09:12:08.842,InnoDB,LOCK_SYS_PAGE,31,0,40
1787562728.841,2026-08-24 09:12:08.842,InnoDB,LOCK_SYS_PAGE,40,0,63
1787562728.841,2026-08-24 09:12:08.842,InnoDB,LOCK_SYS_PAGE,41,0,60
1787562728.841,2026-08-24 09:12:08.842,InnoDB,LOCK_SYS_PAGE,39,0,40
1787562728.841,2026-08-24 09:12:08.842,InnoDB,LOCK_SYS_PAGE,34,0,55
1787562728.841,2026-08-24 09:12:08.842,InnoDB,LOCK_SYS_PAGE,41,0,54
1787562728.841,2026-08-24 09:12:08.842,InnoDB,LOCK_SYS_PAGE,33,0,41
1787562728.841,2026-08-24 09:12:08.842,InnoDB,LOCK_SYS_PAGE,37,0,50
1787562728.841,2026-08-24 09:12:08.842,InnoDB,LOCK_SYS_PAGE,40,0,53
1787562728.841,2026-08-24 09:12:08.842,InnoDB,LOCK_SYS_PAGE,44,0,51
1787562728.841,2026-08-24 09:12:08.842,InnoDB,LOCK_SYS_PAGE,59,0,75
1787562728.841,2026-08-24 09:12:08.842,InnoDB,LOCK_SYS_PAGE,58,0,68
1787562728.841,2026-08-24 09:12:08.842,InnoDB,LOCK_SYS_PAGE,50,0,66
1787562728.841,2026-08-24 09:12:08.842,InnoDB,LOCK_SYS_PAGE,31,0,51
1787562728.841,2026-08-24 09:12:08.842,InnoDB,LOCK_SYS_PAGE,29,0,51
1787562728.841,2026-08-24 09:12:08.842,InnoDB,LOCK_SYS_PAGE,23,0,34
1787562728.841,2026-08-24 09:12:08.842,InnoDB,LOCK_SYS_PAGE,51,0,70
1787562728.841,2026-08-24 09:12:08.842,InnoDB,LOCK_SYS_PAGE,47,0,57
1787562728.841,2026-08-24 09:12:08.842,InnoDB,LOCK_SYS_PAGE,44,0,46
1787562728.841,2026-08-24 09:12:08.842,InnoDB,LOCK_SYS_PAGE,39,0,61
1787562728.841,2026-08-24 09:12:08.842,InnoDB,LOCK_SYS_PAGE,53,0,71
1787562728.841,2026-08-24 09:12:08.842,InnoDB,LOCK_SYS_PAGE,86,0,118
1787562728.841,2026-08-24 09:12:08.842,InnoDB,LOCK_SYS_PAGE,27,0,41
1787562728.841,2026-08-24 09:12:08.842,InnoDB,LOCK_SYS_PAGE,26,0,51
1787562728.841,2026-08-24 09:12:08.842,InnoDB,LOCK_SYS_PAGE,34,0,51
1787562728.841,2026-08-24 09:12:08.842,InnoDB,LOCK_SYS_PAGE,52,0,68
1787562728.841,2026-08-24 09:12:08.842,InnoDB,LOCK_SYS_PAGE,39,0,62
1787562728.841,2026-08-24 09:12:08.842,InnoDB,LOCK_SYS_PAGE,37,0,61
1787562728.841,2026-08-24 09:12:08.842,InnoDB,LOCK_SYS_PAGE,47,0,67
1787562728.841,2026-08-24 09:12:08.842,InnoDB,LOCK_SYS_PAGE,41,0,59
1787562728.841,2026-08-24 09:12:08.842,InnoDB,LOCK_SYS_PAGE,44,0,61
1787562728.841,2026-08-24 09:12:08.842,InnoDB,LOCK_SYS_PAGE,38,0,59
1787562728.841,2026-08-24 09:12:08.842,InnoDB,LOCK_SYS_PAGE,34,0,53
1787562728.841,2026-08-24 09:12:08.842,InnoDB,LOCK_SYS_PAGE,33,0,54
1787562728.841,2026-08-24 09:12:08.842,InnoDB,LOCK_SYS_PAGE,37,0,52
1787562728.841,2026-08-24 09:12:08.842,InnoDB,LOCK_SYS_PAGE,49,0,55
1787562728.841,2026-08-24 09:12:08.842,InnoDB,LOCK_SYS_PAGE,47,0,46
1787562728.841,2026-08-24 09:12:08.842,InnoDB,LOCK_SYS_PAGE,18,0,37
1787562728.841,2026-08-24 09:12:08.842,InnoDB,LOCK_SYS_PAGE,37,0,40
1787562728.841,2026-08-24 09:12:08.842,InnoDB,LOCK_SYS_PAGE,35,0,49
1787562728.841,2026-08-24 09:12:08.842,InnoDB,LOCK_SYS_PAGE,18,0,35
1787562728.841,2026-08-24 09:12:08.842,InnoDB,LOCK_SYS_PAGE,57,0,49
1787562728.841,2026-08-24 09:12:08.842,InnoDB,LOCK_SYS_PAGE,49,0,62
1787562728.841,2026-08-24 09:12:08.842,InnoDB,LOCK_SYS_PAGE,45,0,49
1787562728.841,2026-08-24 09:12:08.842,InnoDB,LOCK_SYS_PAGE,23,0,41
1787562728.841,2026-08-24 09:12:08.842,InnoDB,LOCK_SYS_PAGE,23,0,41
1787562728.841,2026-08-24 09:12:08.842,InnoDB,RECALC_POOL,4,0,10
1787562728.841,2026-08-24 09:12:08.842,InnoDB,LOCK_SYS_PAGE,29,0,48
1787562728.841,2026-08-24 09:12:08.842,InnoDB,LOCK_SYS_PAGE,13,0,40
1787562728.841,2026-08-24 09:12:08.842,InnoDB,LOCK_SYS_PAGE,30,0,53
1787562728.841,2026-08-24 09:12:08.842,InnoDB,LOCK_SYS_PAGE,34,0,53
1787562728.841,2026-08-24 09:12:08.842,InnoDB,LOCK_SYS_PAGE,23,0,34
1787562728.841,2026-08-24 09:12:08.842,InnoDB,LOCK_SYS_PAGE,38,0,55
1787562728.841,2026-08-24 09:12:08.842,InnoDB,LOCK_SYS_PAGE,45,0,59
1787562728.841,2026-08-24 09:12:08.842,InnoDB,LOCK_SYS_PAGE,37,0,42
1787562728.841,2026-08-24 09:12:08.842,InnoDB,LOCK_SYS_PAGE,16,0,34
1787562728.841,2026-08-24 09:12:08.842,InnoDB,LOCK_SYS_PAGE,17,0,41
1787562728.841,2026-08-24 09:12:08.842,InnoDB,LOCK_SYS_PAGE,44,0,62
1787562728.841,2026-08-24 09:12:08.842,InnoDB,LOCK_SYS_PAGE,41,0,61
1787562728.841,2026-08-24 09:12:08.842,InnoDB,LOCK_SYS_PAGE,23,0,38
1787562728.841,2026-08-24 09:12:08.842,InnoDB,LOCK_SYS_PAGE,34,0,49
1787562728.841,2026-08-24 09:12:08.842,InnoDB,LOCK_SYS_PAGE,36,0,64
1787562728.841,2026-08-24 09:12:08.842,InnoDB,LOCK_SYS_PAGE,35,0,43
1787562728.841,2026-08-24 09:12:08.842,InnoDB,LOCK_SYS_PAGE,41,0,47
1787562728.841,2026-08-24 09:12:08.842,InnoDB,LOCK_SYS_TABLE,2,0,2
1787562728.841,2026-08-24 09:12:08.842,InnoDB,LOCK_SYS_TABLE,1119,0,1121
1787562728.841,2026-08-24 09:12:08.842,InnoDB,LOCK_SYS_TABLE,1154,0,1091
1787562728.841,2026-08-24 09:12:08.842,InnoDB,LOCK_SYS_TABLE,1193,0,1100
1787562728.841,2026-08-24 09:12:08.842,InnoDB,LOCK_SYS_TABLE,1142,0,1142
1787562728.841,2026-08-24 09:12:08.842,InnoDB,LOCK_SYS_TABLE,1091,0,1133
1787562728.841,2026-08-24 09:12:08.842,InnoDB,LOCK_SYS_TABLE,1166,0,1085
1787562728.841,2026-08-24 09:12:08.842,InnoDB,LOCK_SYS_TABLE,1045,0,1041
1787562728.841,2026-08-24 09:12:08.842,InnoDB,LOCK_SYS_TABLE,1008,0,1010
1787562728.841,2026-08-24 09:12:08.842,InnoDB,LOCK_SYS_TABLE,1095,0,1107
1787562728.841,2026-08-24 09:12:08.842,InnoDB,LOCK_SYS_PAGE,55,0,61
1787562728.841,2026-08-24 09:12:08.842,InnoDB,LOCK_SYS_PAGE,34,0,54
1787562728.841,2026-08-24 09:12:08.842,InnoDB,LOCK_SYS_PAGE,44,0,54
1787562728.841,2026-08-24 09:12:08.842,InnoDB,LOCK_SYS_PAGE,59,0,52
1787562728.841,2026-08-24 09:12:08.842,InnoDB,LOCK_SYS_PAGE,53,0,74
1787562728.841,2026-08-24 09:12:08.842,InnoDB,LOCK_SYS_PAGE,70,0,61
1787562728.841,2026-08-24 09:12:08.842,InnoDB,LOCK_SYS_PAGE,65,0,61
1787562728.841,2026-08-24 09:12:08.842,InnoDB,LOCK_SYS_PAGE,110,0,88
1787562728.841,2026-08-24 09:12:08.842,InnoDB,LOCK_SYS_TABLE,1132,0,1106
1787562728.841,2026-08-24 09:12:08.842,InnoDB,PARSER,19,0,2
1787562728.841,2026-08-24 09:12:08.842,InnoDB,TRX_POOL_MANAGER,9,0,10
1787562728.841,2026-08-24 09:12:08.842,InnoDB,LOG_LIMITS,81,0,69
1787562728.841,2026-08-24 09:12:08.842,InnoDB,TRX_SYS_SHARD,1,0,1
1787562728.841,2026-08-24 09:12:08.842,InnoDB,TRX_SYS_SHARD,2,0,2
1787562728.841,2026-08-24 09:12:08.842,InnoDB,TRX_SYS_SHARD,1,0,1
1787562728.841,2026-08-24 09:12:08.842,InnoDB,TRX_SYS_SHARD,1,0,1
1787562728.841,2026-08-24 09:12:08.842,InnoDB,LOCK_SYS_TABLE,1162,0,1080
1787562728.841,2026-08-24 09:12:08.842,InnoDB,LOCK_SYS_PAGE,49,0,67
1787562728.841,2026-08-24 09:12:08.842,InnoDB,LOCK_SYS_TABLE,1124,0,1091
1787562728.841,2026-08-24 09:12:08.842,InnoDB,LOCK_SYS_TABLE,1163,0,1075
1787562728.841,2026-08-24 09:12:08.842,InnoDB,LOCK_SYS_TABLE,1184,0,1081
1787562728.841,2026-08-24 09:12:08.842,InnoDB,LOCK_SYS_TABLE,1085,0,1068
1787562728.841,2026-08-24 09:12:08.842,InnoDB,LOCK_SYS_TABLE,1185,0,1159
1787562728.841,2026-08-24 09:12:08.842,InnoDB,LOCK_SYS_TABLE,1103,0,1070
1787562728.841,2026-08-24 09:12:08.842,InnoDB,LOCK_SYS_TABLE,1220,0,1146
1787562728.841,2026-08-24 09:12:08.842,InnoDB,LOCK_SYS_PAGE,50,0,51
1787562728.841,2026-08-24 09:12:08.842,InnoDB,LOCK_SYS_PAGE,25,0,46
1787562728.841,2026-08-24 09:12:08.842,InnoDB,LOCK_SYS_PAGE,52,0,57
1787562728.841,2026-08-24 09:12:08.842,InnoDB,LOCK_SYS_PAGE,60,0,75
1787562728.841,2026-08-24 09:12:08.842,InnoDB,LOCK_SYS_PAGE,29,0,48
1787562728.841,2026-08-24 09:12:08.842,InnoDB,LOCK_SYS_PAGE,27,0,40
1787562728.841,2026-08-24 09:12:08.842,InnoDB,LOCK_SYS_PAGE,69,0,84
1787562728.841,2026-08-24 09:12:08.842,InnoDB,LOCK_SYS_PAGE,48,0,70
1787562728.841,2026-08-24 09:12:08.842,InnoDB,LOCK_SYS_PAGE,43,0,47
1787562728.841,2026-08-24 09:12:08.842,InnoDB,LOCK_SYS_PAGE,33,0,50
1787562728.841,2026-08-24 09:12:08.842,InnoDB,LOCK_SYS_PAGE,44,0,65
1787562728.841,2026-08-24 09:12:08.842,InnoDB,LOCK_SYS_PAGE,47,0,60
1787562728.841,2026-08-24 09:12:08.842,InnoDB,LOCK_SYS_PAGE,41,0,62
1787562728.841,2026-08-24 09:12:08.842,InnoDB,LOCK_SYS_PAGE,32,0,45
1787562728.841,2026-08-24 09:12:08.842,InnoDB,LOCK_SYS_PAGE,63,0,84
1787562728.841,2026-08-24 09:12:08.842,InnoDB,LOCK_SYS_PAGE,40,0,61
1787562728.841,2026-08-24 09:12:08.842,InnoDB,LOCK_SYS_PAGE,27,0,44
1787562728.841,2026-08-24 09:12:08.842,InnoDB,LOCK_SYS_PAGE,21,0,41
1787562728.841,2026-08-24 09:12:08.842,InnoDB,LOCK_SYS_PAGE,29,0,43
1787562728.841,2026-08-24 09:12:08.842,InnoDB,LOCK_SYS_PAGE,36,0,60
1787562728.841,2026-08-24 09:12:08.842,InnoDB,LOCK_SYS_PAGE,36,0,59
1787562728.841,2026-08-24 09:12:08.842,InnoDB,LOCK_SYS_PAGE,39,0,48
1787562728.841,2026-08-24 09:12:08.842,InnoDB,LOCK_SYS_PAGE,58,0,60
1787562728.841,2026-08-24 09:12:08.842,InnoDB,LOCK_SYS_PAGE,33,0,50
1787562728.841,2026-08-24 09:12:08.842,InnoDB,LOCK_SYS_PAGE,32,0,52
1787562728.841,2026-08-24 09:12:08.842,InnoDB,LOCK_SYS_PAGE,36,0,54
1787562728.841,2026-08-24 09:12:08.842,InnoDB,LOCK_SYS_PAGE,48,0,57
1787562728.841,2026-08-24 09:12:08.842,InnoDB,LOCK_SYS_PAGE,51,0,74
1787562728.841,2026-08-24 09:12:08.842,InnoDB,LOCK_SYS_PAGE,60,0,59
1787562728.841,2026-08-24 09:12:08.842,InnoDB,LOCK_SYS_PAGE,33,0,45
1787562728.841,2026-08-24 09:12:08.842,InnoDB,LOCK_SYS_PAGE,36,0,60
1787562728.841,2026-08-24 09:12:08.842,InnoDB,LOCK_SYS_PAGE,31,0,49
1787562728.841,2026-08-24 09:12:08.842,InnoDB,LOCK_SYS_PAGE,30,0,49
1787562728.841,2026-08-24 09:12:08.842,InnoDB,LOCK_SYS_PAGE,47,0,59
1787562728.841,2026-08-24 09:12:08.842,InnoDB,LOCK_SYS_PAGE,42,0,54
1787562728.841,2026-08-24 09:12:08.842,InnoDB,LOCK_SYS_PAGE,27,0,50
1787562728.841,2026-08-24 09:12:08.842,InnoDB,LOCK_SYS_PAGE,33,0,47
1787562728.841,2026-08-24 09:12:08.842,InnoDB,LOCK_SYS_PAGE,48,0,66
1787562728.841,2026-08-24 09:12:08.842,InnoDB,LOCK_SYS_PAGE,44,0,54
1787562728.841,2026-08-24 09:12:08.842,InnoDB,LOCK_SYS_PAGE,27,0,43
1787562728.841,2026-08-24 09:12:08.842,InnoDB,LOCK_SYS_PAGE,32,0,56
1787562728.841,2026-08-24 09:12:08.842,InnoDB,LOCK_SYS_PAGE,62,0,81
1787562728.841,2026-08-24 09:12:08.842,InnoDB,LOCK_SYS_PAGE,45,0,60
1787562728.841,2026-08-24 09:12:08.842,InnoDB,LOCK_SYS_PAGE,39,0,52
1787562728.841,2026-08-24 09:12:08.842,InnoDB,LOCK_SYS_PAGE,38,0,59
1787562728.841,2026-08-24 09:12:08.842,InnoDB,LOCK_SYS_PAGE,58,0,67
1787562728.841,2026-08-24 09:12:08.842,InnoDB,LOCK_SYS_PAGE,62,0,71
1787562728.841,2026-08-24 09:12:08.842,InnoDB,LOCK_SYS_PAGE,25,0,42
1787562728.841,2026-08-24 09:12:08.842,InnoDB,LOCK_SYS_PAGE,28,0,49
1787562728.841,2026-08-24 09:12:08.842,InnoDB,LOCK_SYS_PAGE,57,0,77
1787562728.841,2026-08-24 09:12:08.842,InnoDB,LOCK_SYS_PAGE,52,0,62
1787562728.841,2026-08-24 09:12:08.842,InnoDB,LOCK_SYS_PAGE,25,0,48
1787562728.841,2026-08-24 09:12:08.842,InnoDB,LOCK_SYS_PAGE,38,0,69
1787562728.841,2026-08-24 09:12:08.842,InnoDB,LOCK_SYS_PAGE,40,0,51
1787562728.841,2026-08-24 09:12:08.842,InnoDB,LOCK_SYS_PAGE,58,0,71
1787562728.841,2026-08-24 09:12:08.842,InnoDB,LOCK_SYS_PAGE,43,0,48
1787562728.841,2026-08-24 09:12:08.842,InnoDB,LOCK_SYS_PAGE,29,0,52
1787562728.841,2026-08-24 09:12:08.842,InnoDB,LOCK_SYS_PAGE,43,0,62
1787562728.841,2026-08-24 09:12:08.842,InnoDB,LOCK_SYS_PAGE,43,0,62
1787562728.841,2026-08-24 09:12:08.842,InnoDB,LOCK_SYS_PAGE,26,0,49
1787562728.841,2026-08-24 09:12:08.842,InnoDB,LOCK_SYS_PAGE,29,0,42
1787562728.841,2026-08-24 09:12:08.842,InnoDB,LOCK_SYS_PAGE,27,0,42
1787562728.841,2026-08-24 09:12:08.842,InnoDB,LOCK_SYS_PAGE,45,0,57
1787562728.841,2026-08-24 09:12:08.842,InnoDB,LOCK_SYS_PAGE,31,0,52
1787562728.841,2026-08-24 09:12:08.842,InnoDB,LOCK_SYS_PAGE,56,0,75
1787562728.841,2026-08-24 09:12:08.842,InnoDB,LOCK_SYS_PAGE,43,0,54
1787562728.841,2026-08-24 09:12:08.842,InnoDB,LOCK_SYS_PAGE,41,0,59
1787562728.841,2026-08-24 09:12:08.842,InnoDB,LOCK_SYS_PAGE,31,0,45
1787562728.841,2026-08-24 09:12:08.842,InnoDB,LOCK_SYS_PAGE,44,0,56
1787562728.841,2026-08-24 09:12:08.842,InnoDB,LOCK_SYS_PAGE,34,0,46
1787562728.841,2026-08-24 09:12:08.842,InnoDB,LOCK_SYS_PAGE,37,0,67
1787562728.841,2026-08-24 09:12:08.842,InnoDB,LOCK_SYS_PAGE,21,0,44
1787562728.841,2026-08-24 09:12:08.842,InnoDB,LOCK_SYS_PAGE,38,0,66
1787562728.841,2026-08-24 09:12:08.842,InnoDB,LOCK_SYS_PAGE,38,0,62
1787562728.841,2026-08-24 09:12:08.842,InnoDB,LOCK_SYS_PAGE,37,0,73
1787562728.841,2026-08-24 09:12:08.842,InnoDB,LOCK_SYS_PAGE,22,0,37
1787562728.841,2026-08-24 09:12:08.842,InnoDB,LOCK_SYS_PAGE,50,0,60
1787562728.841,2026-08-24 09:12:08.842,InnoDB,LOCK_SYS_PAGE,44,0,59
1787562728.841,2026-08-24 09:12:08.842,InnoDB,LOCK_SYS_PAGE,50,0,50
1787562728.841,2026-08-24 09:12:08.842,InnoDB,LOCK_SYS_PAGE,32,0,43
1787562728.841,2026-08-24 09:12:08.842,InnoDB,LOCK_SYS_PAGE,36,0,53
1787562728.841,2026-08-24 09:12:08.842,InnoDB,LOCK_SYS_PAGE,47,0,66
1787562728.841,2026-08-24 09:12:08.842,InnoDB,LOCK_SYS_PAGE,33,0,45
1787562728.841,2026-08-24 09:12:08.842,InnoDB,LOCK_SYS_PAGE,34,0,50
1787562728.841,2026-08-24 09:12:08.842,InnoDB,LOCK_SYS_PAGE,32,0,54
1787562728.841,2026-08-24 09:12:08.842,InnoDB,LOCK_SYS_PAGE,35,0,58
1787562728.841,2026-08-24 09:12:08.842,InnoDB,LOCK_SYS_PAGE,29,0,50
1787562728.841,2026-08-24 09:12:08.842,InnoDB,LOCK_SYS_PAGE,32,0,47
1787562728.841,2026-08-24 09:12:08.842,InnoDB,LOCK_SYS_PAGE,29,0,46
1787562728.841,2026-08-24 09:12:08.842,InnoDB,LOCK_SYS_PAGE,31,0,51
1787562728.841,2026-08-24 09:12:08.842,InnoDB,LOCK_SYS_PAGE,20,0,41
1787562728.841,2026-08-24 09:12:08.842,InnoDB,LOCK_SYS_PAGE,35,0,47
1787562728.841,2026-08-24 09:12:08.842,InnoDB,LOCK_SYS_PAGE,30,0,47
1787562728.841,2026-08-24 09:12:08.842,InnoDB,LOCK_SYS_PAGE,23,0,37
1787562728.841,2026-08-24 09:12:08.842,InnoDB,LOCK_SYS_PAGE,49,0,75
1787562728.841,2026-08-24 09:12:08.842,InnoDB,LOCK_SYS_PAGE,24,0,43
1787562728.841,2026-08-24 09:12:08.842,InnoDB,LOCK_SYS_PAGE,17,0,35
1787562728.841,2026-08-24 09:12:08.842,InnoDB,LOCK_SYS_PAGE,49,0,67
1787562728.841,2026-08-24 09:12:08.842,InnoDB,LOCK_SYS_PAGE,55,0,63
1787562728.841,2026-08-24 09:12:08.842,InnoDB,LOCK_SYS_PAGE,41,0,54
1787562728.841,2026-08-24 09:12:08.842,InnoDB,LOCK_SYS_PAGE,29,0,47
1787562728.841,2026-08-24 09:12:08.842,InnoDB,LOCK_SYS_PAGE,45,0,58
1787562728.841,2026-08-24 09:12:08.842,InnoDB,LOCK_SYS_PAGE,38,0,61
1787562728.841,2026-08-24 09:12:08.842,InnoDB,LOCK_SYS_PAGE,68,0,74
1787562728.841,2026-08-24 09:12:08.842,InnoDB,LOCK_SYS_PAGE,22,0,44
1787562728.841,2026-08-24 09:12:08.842,InnoDB,LOCK_SYS_PAGE,52,0,69
1787562728.841,2026-08-24 09:12:08.842,InnoDB,LOCK_SYS_PAGE,50,0,68
1787562728.841,2026-08-24 09:12:08.842,InnoDB,LOCK_SYS_PAGE,26,0,43
1787562728.841,2026-08-24 09:12:08.842,InnoDB,LOCK_SYS_PAGE,40,0,61
1787562728.841,2026-08-24 09:12:08.842,InnoDB,LOCK_SYS_PAGE,51,0,79
1787562728.841,2026-08-24 09:12:08.842,InnoDB,LOCK_SYS_PAGE,60,0,70
1787562728.841,2026-08-24 09:12:08.842,InnoDB,LOCK_SYS_PAGE,36,0,46
1787562728.841,2026-08-24 09:12:08.842,InnoDB,LOCK_SYS_PAGE,42,0,55
1787562728.841,2026-08-24 09:12:08.842,InnoDB,LOCK_SYS_PAGE,51,0,72
1787562728.841,2026-08-24 09:12:08.842,InnoDB,LOCK_SYS_PAGE,20,0,52
1787562728.841,2026-08-24 09:12:08.842,InnoDB,LOCK_SYS_PAGE,31,0,58
1787562728.841,2026-08-24 09:12:08.842,InnoDB,LOCK_SYS_PAGE,35,0,66
1787562728.841,2026-08-24 09:12:08.842,InnoDB,LOCK_SYS_PAGE,50,0,70
1787562728.841,2026-08-24 09:12:08.842,InnoDB,LOCK_SYS_PAGE,33,0,55
1787562728.841,2026-08-24 09:12:08.842,InnoDB,LOCK_SYS_PAGE,29,0,45
1787562728.841,2026-08-24 09:12:08.842,InnoDB,LOCK_SYS_PAGE,109,0,83
1787562728.841,2026-08-24 09:12:08.842,InnoDB,LOCK_SYS_PAGE,35,0,52
1787562728.841,2026-08-24 09:12:08.842,InnoDB,LOCK_SYS_PAGE,57,0,57
1787562728.841,2026-08-24 09:12:08.842,InnoDB,LOCK_SYS_PAGE,26,0,51
1787562728.841,2026-08-24 09:12:08.842,InnoDB,LOCK_SYS_PAGE,40,0,51
1787562728.841,2026-08-24 09:12:08.842,InnoDB,LOCK_SYS_PAGE,37,0,54
1787562728.841,2026-08-24 09:12:08.842,InnoDB,LOCK_SYS_PAGE,35,0,40
1787562728.841,2026-08-24 09:12:08.842,InnoDB,LOCK_SYS_PAGE,32,0,33
1787562728.841,2026-08-24 09:12:08.842,InnoDB,LOCK_SYS_PAGE,48,0,56
1787562728.841,2026-08-24 09:12:08.842,InnoDB,LOCK_SYS_PAGE,45,0,47
1787562728.841,2026-08-24 09:12:08.842,InnoDB,LOCK_SYS_PAGE,21,0,32
1787562728.841,2026-08-24 09:12:08.842,InnoDB,LOCK_SYS_PAGE,54,0,58
1787562728.841,2026-08-24 09:12:08.842,InnoDB,LOCK_SYS_PAGE,37,0,48
1787562728.841,2026-08-24 09:12:08.842,InnoDB,LOCK_SYS_PAGE,37,0,51
1787562728.841,2026-08-24 09:12:08.842,InnoDB,LOCK_SYS_PAGE,27,0,40
1787562728.841,2026-08-24 09:12:08.842,InnoDB,LOCK_SYS_PAGE,32,0,39
1787562728.841,2026-08-24 09:12:08.842,InnoDB,LOCK_SYS_PAGE,46,0,61
1787562728.841,2026-08-24 09:12:08.842,InnoDB,LOCK_SYS_PAGE,52,0,58
1787562728.841,2026-08-24 09:12:08.842,InnoDB,LOCK_SYS_PAGE,36,0,48
1787562728.841,2026-08-24 09:12:08.842,InnoDB,LOCK_SYS_PAGE,45,0,60
1787562728.841,2026-08-24 09:12:08.842,InnoDB,LOCK_SYS_PAGE,22,0,40
1787562728.841,2026-08-24 09:12:08.842,InnoDB,LOCK_SYS_PAGE,17,0,34
1787562728.841,2026-08-24 09:12:08.842,InnoDB,LOCK_SYS_PAGE,57,0,60
1787562728.841,2026-08-24 09:12:08.842,InnoDB,LOCK_SYS_PAGE,46,0,57
1787562728.841,2026-08-24 09:12:08.842,InnoDB,LOCK_SYS_PAGE,27,0,35
1787562728.841,2026-08-24 09:12:08.842,InnoDB,LOCK_SYS_PAGE,28,0,46
1787562728.841,2026-08-24 09:12:08.842,InnoDB,LOCK_SYS_PAGE,41,0,50
1787562728.841,2026-08-24 09:12:08.842,InnoDB,LOCK_SYS_PAGE,47,0,53
1787562728.841,2026-08-24 09:12:08.842,InnoDB,LOCK_SYS_PAGE,24,0,36
1787562728.841,2026-08-24 09:12:08.842,InnoDB,LOCK_SYS_PAGE,42,0,41
1787562728.841,2026-08-24 09:12:08.842,InnoDB,LOCK_SYS_PAGE,29,0,45
1787562728.841,2026-08-24 09:12:08.842,InnoDB,LOCK_SYS_PAGE,20,0,51
1787562728.841,2026-08-24 09:12:08.842,InnoDB,LOCK_SYS_PAGE,43,0,49
1787562728.841,2026-08-24 09:12:08.842,InnoDB,LOCK_SYS_PAGE,35,0,42
1787562728.841,2026-08-24 09:12:08.842,InnoDB,LOCK_SYS_PAGE,33,0,56
1787562728.841,2026-08-24 09:12:08.842,InnoDB,LOCK_SYS_PAGE,40,0,56
1787562728.841,2026-08-24 09:12:08.842,InnoDB,LOCK_SYS_PAGE,27,0,44
1787562728.841,2026-08-24 09:12:08.842,InnoDB,LOCK_SYS_PAGE,21,0,36
1787562728.841,2026-08-24 09:12:08.842,InnoDB,LOCK_SYS_PAGE,34,0,52
1787562728.841,2026-08-24 09:12:08.842,InnoDB,LOCK_SYS_PAGE,44,0,51
1787562728.841,2026-08-24 09:12:08.842,InnoDB,LOCK_SYS_PAGE,27,0,54
1787562728.841,2026-08-24 09:12:08.842,InnoDB,LOCK_SYS_PAGE,35,0,62
1787562728.841,2026-08-24 09:12:08.842,InnoDB,LOCK_SYS_PAGE,38,0,43
1787562728.841,2026-08-24 09:12:08.842,InnoDB,LOCK_SYS_PAGE,30,0,57
1787562728.841,2026-08-24 09:12:08.842,InnoDB,AUTOINC,1,0,1
1787562728.841,2026-08-24 09:12:08.842,InnoDB,AUTOINC,2,0,2
1787562728.841,2026-08-24 09:12:08.842,InnoDB,AUTOINC,1,0,1
1787562728.841,2026-08-24 09:12:08.842,InnoDB,AUTOINC,1,0,2
1787562728.841,2026-08-24 09:12:08.842,InnoDB,FIL_SHARD,2,0,1
1787562728.841,2026-08-24 09:12:08.842,InnoDB,FIL_SHARD,2,0,1
1787562728.841,2026-08-24 09:12:08.842,InnoDB,FIL_SHARD,1,0,1
1787562728.841,2026-08-24 09:12:08.842,InnoDB,FIL_SHARD,1,0,1
1787562728.841,2026-08-24 09:12:08.842,InnoDB,FIL_SHARD,32,0,50
1787562728.841,2026-08-24 09:12:08.842,InnoDB,FIL_SHARD,7895,0,8264
1787562728.841,2026-08-24 09:12:08.842,InnoDB,LOCK_SYS_PAGE,68,0,80
1787562728.841,2026-08-24 09:12:08.842,InnoDB,LOCK_SYS_PAGE,30,0,54
1787562728.841,2026-08-24 09:12:08.842,InnoDB,LOCK_SYS_PAGE,41,0,64
1787562728.841,2026-08-24 09:12:08.842,InnoDB,LOCK_SYS_PAGE,62,0,69
1787562728.841,2026-08-24 09:12:08.842,InnoDB,LOCK_SYS_PAGE,43,0,60
1787562728.841,2026-08-24 09:12:08.842,InnoDB,LOCK_SYS_PAGE,23,0,49
1787562728.841,2026-08-24 09:12:08.842,InnoDB,LOCK_SYS_PAGE,29,0,45
1787562728.841,2026-08-24 09:12:08.842,InnoDB,LOCK_SYS_PAGE,37,0,64
1787562728.841,2026-08-24 09:12:08.842,InnoDB,LOCK_SYS_PAGE,42,0,58
1787562728.841,2026-08-24 09:12:08.842,InnoDB,LOCK_SYS_PAGE,26,0,38
1787562728.841,2026-08-24 09:12:08.842,InnoDB,LOCK_SYS_PAGE,25,0,44
1787562728.841,2026-08-24 09:12:08.842,InnoDB,LOCK_SYS_PAGE,33,0,40
1787562728.841,2026-08-24 09:12:08.842,InnoDB,LOCK_SYS_PAGE,47,0,59
1787562728.841,2026-08-24 09:12:08.842,InnoDB,LOCK_SYS_PAGE,20,0,31
1787562728.841,2026-08-24 09:12:08.842,InnoDB,LOCK_SYS_PAGE,40,0,62
1787562728.841,2026-08-24 09:12:08.842,InnoDB,LOCK_SYS_PAGE,29,0,55
1787562728.841,2026-08-24 09:12:08.842,InnoDB,LOCK_SYS_PAGE,50,0,66
1787562728.841,2026-08-24 09:12:08.842,InnoDB,LOCK_SYS_PAGE,63,0,81
1787562728.841,2026-08-24 09:12:08.842,InnoDB,LOCK_SYS_PAGE,32,0,50
1787562728.841,2026-08-24 09:12:08.842,InnoDB,LOCK_SYS_PAGE,25,0,57
1787562728.841,2026-08-24 09:12:08.842,InnoDB,LOCK_SYS_PAGE,38,0,51
1787562728.841,2026-08-24 09:12:08.842,InnoDB,LOCK_SYS_PAGE,52,0,66
1787562728.841,2026-08-24 09:12:08.842,InnoDB,LOCK_SYS_PAGE,35,0,51
1787562728.841,2026-08-24 09:12:08.842,InnoDB,LOCK_SYS_PAGE,40,0,51
1787562728.841,2026-08-24 09:12:08.842,InnoDB,LOCK_SYS_PAGE,39,0,63
1787562728.841,2026-08-24 09:12:08.842,InnoDB,LOCK_SYS_PAGE,85,0,48
1787562728.841,2026-08-24 09:12:08.842,InnoDB,LOCK_SYS_PAGE,37,0,54
1787562728.841,2026-08-24 09:12:08.842,InnoDB,LOCK_SYS_PAGE,45,0,56
1787562728.841,2026-08-24 09:12:08.842,InnoDB,LOCK_SYS_PAGE,55,0,75
1787562728.841,2026-08-24 09:12:08.842,InnoDB,LOCK_SYS_PAGE,21,0,35
1787562728.841,2026-08-24 09:12:08.842,InnoDB,LOCK_SYS_PAGE,37,0,48
1787562728.841,2026-08-24 09:12:08.842,InnoDB,LOCK_SYS_PAGE,56,0,73
1787562728.841,2026-08-24 09:12:08.842,InnoDB,LOCK_SYS_PAGE,45,0,61
1787562728.841,2026-08-24 09:12:08.842,InnoDB,LOCK_SYS_PAGE,28,0,49
1787562728.841,2026-08-24 09:12:08.842,InnoDB,LOCK_SYS_PAGE,30,0,49
1787562728.841,2026-08-24 09:12:08.842,InnoDB,LOCK_SYS_PAGE,42,0,64
1787562728.841,2026-08-24 09:12:08.842,InnoDB,LOCK_SYS_PAGE,52,0,61
1787562728.841,2026-08-24 09:12:08.842,InnoDB,LOCK_SYS_PAGE,32,0,46
1787562728.841,2026-08-24 09:12:08.842,InnoDB,LOCK_SYS_PAGE,28,0,40
1787562728.841,2026-08-24 09:12:08.842,InnoDB,LOCK_SYS_PAGE,41,0,63
1787562728.841,2026-08-24 09:12:08.842,InnoDB,LOCK_SYS_PAGE,31,0,46
1787562728.841,2026-08-24 09:12:08.842,InnoDB,LOCK_SYS_PAGE,30,0,48
1787562728.841,2026-08-24 09:12:08.842,InnoDB,LOCK_SYS_PAGE,31,0,60
1787562728.841,2026-08-24 09:12:08.842,InnoDB,LOCK_SYS_PAGE,42,0,49
1787562728.841,2026-08-24 09:12:08.842,InnoDB,LOCK_SYS_PAGE,67,0,80
1787562728.841,2026-08-24 09:12:08.842,InnoDB,LOCK_SYS_PAGE,51,0,55
1787562728.841,2026-08-24 09:12:08.842,InnoDB,LOCK_SYS_PAGE,44,0,57
1787562728.841,2026-08-24 09:12:08.842,InnoDB,LOCK_SYS_PAGE,60,0,74
1787562728.841,2026-08-24 09:12:08.842,InnoDB,LOCK_SYS_PAGE,51,0,71
1787562728.841,2026-08-24 09:12:08.842,InnoDB,LOCK_SYS_PAGE,44,0,69
1787562728.841,2026-08-24 09:12:08.842,InnoDB,LOCK_SYS_PAGE,24,0,50
1787562728.841,2026-08-24 09:12:08.842,InnoDB,LOCK_SYS_PAGE,40,0,54
1787562728.841,2026-08-24 09:12:08.842,InnoDB,LOCK_SYS_PAGE,53,0,72
1787562728.841,2026-08-24 09:12:08.842,InnoDB,LOCK_SYS_PAGE,24,0,52
1787562728.841,2026-08-24 09:12:08.842,InnoDB,LOCK_SYS_PAGE,32,0,47
1787562728.841,2026-08-24 09:12:08.842,InnoDB,LOCK_SYS_PAGE,48,0,65
1787562728.841,2026-08-24 09:12:08.842,InnoDB,LOCK_SYS_PAGE,53,0,75
1787562728.841,2026-08-24 09:12:08.842,InnoDB,LOCK_SYS_PAGE,22,0,42
1787562728.841,2026-08-24 09:12:08.842,InnoDB,LOCK_SYS_PAGE,29,0,52
1787562728.841,2026-08-24 09:12:08.842,InnoDB,LOCK_SYS_PAGE,41,0,62
1787562728.841,2026-08-24 09:12:08.842,InnoDB,LOCK_SYS_PAGE,62,0,81
1787562728.841,2026-08-24 09:12:08.842,InnoDB,LOCK_SYS_PAGE,24,0,36
1787562728.841,2026-08-24 09:12:08.842,InnoDB,LOCK_SYS_PAGE,31,0,50
1787562728.841,2026-08-24 09:12:08.842,InnoDB,LOCK_SYS_PAGE,39,0,66
1787562728.841,2026-08-24 09:12:08.842,InnoDB,LOCK_SYS_PAGE,56,0,64
1787562728.841,2026-08-24 09:12:08.842,InnoDB,LOCK_SYS_PAGE,70,0,54
1787562728.841,2026-08-24 09:12:08.842,InnoDB,LOCK_SYS_PAGE,34,0,50
1787562728.841,2026-08-24 09:12:08.842,InnoDB,LOCK_SYS_PAGE,30,0,48
1787562728.841,2026-08-24 09:12:08.842,InnoDB,LOCK_SYS_PAGE,29,0,48
1787562728.841,2026-08-24 09:12:08.842,InnoDB,LOCK_SYS_PAGE,51,0,62
1787562728.841,2026-08-24 09:12:08.842,InnoDB,LOCK_SYS_PAGE,31,0,37
1787562728.841,2026-08-24 09:12:08.842,InnoDB,LOCK_SYS_PAGE,47,0,56
1787562728.841,2026-08-24 09:12:08.842,InnoDB,LOCK_SYS_PAGE,42,0,51
1787562728.841,2026-08-24 09:12:08.842,InnoDB,LOCK_SYS_PAGE,25,0,43
1787562728.841,2026-08-24 09:12:08.842,InnoDB,LOCK_SYS_PAGE,17,0,38
1787562728.841,2026-08-24 09:12:08.842,InnoDB,LOCK_SYS_PAGE,36,0,48
1787562728.841,2026-08-24 09:12:08.842,InnoDB,LOCK_SYS_PAGE,36,0,47
1787562728.841,2026-08-24 09:12:08.842,InnoDB,LOCK_SYS_PAGE,42,0,48
1787562728.841,2026-08-24 09:12:08.842,InnoDB,LOCK_SYS_PAGE,59,0,46
1787562728.841,2026-08-24 09:12:08.842,InnoDB,LOCK_SYS_PAGE,40,0,54
1787562728.841,2026-08-24 09:12:08.842,InnoDB,LOCK_SYS_PAGE,44,0,72
1787562728.841,2026-08-24 09:12:08.842,InnoDB,LOCK_SYS_PAGE,14,0,24
1787562728.841,2026-08-24 09:12:08.842,InnoDB,LOCK_SYS_PAGE,33,0,47
1787562728.841,2026-08-24 09:12:08.842,InnoDB,LOCK_SYS_PAGE,46,0,51
1787562728.841,2026-08-24 09:12:08.842,InnoDB,LOCK_SYS_PAGE,65,0,55
1787562728.841,2026-08-24 09:12:08.842,InnoDB,LOCK_SYS_PAGE,39,0,52
1787562728.841,2026-08-24 09:12:08.842,InnoDB,LOCK_SYS_PAGE,37,0,45
1787562728.841,2026-08-24 09:12:08.842,InnoDB,LOCK_SYS_PAGE,43,0,53
1787562728.841,2026-08-24 09:12:08.842,InnoDB,LOCK_SYS_PAGE,53,0,65
1787562728.841,2026-08-24 09:12:08.842,InnoDB,LOCK_SYS_PAGE,27,0,40
1787562728.841,2026-08-24 09:12:08.842,InnoDB,LOCK_SYS_PAGE,30,0,42
1787562728.841,2026-08-24 09:12:08.842,InnoDB,LOCK_SYS_PAGE,28,0,34
1787562728.841,2026-08-24 09:12:08.842,InnoDB,LOCK_SYS_PAGE,20,0,40
1787562728.841,2026-08-24 09:12:08.842,InnoDB,LOCK_SYS_PAGE,30,0,44
1787562728.841,2026-08-24 09:12:08.842,InnoDB,LOCK_SYS_PAGE,37,0,53
1787562728.841,2026-08-24 09:12:08.842,InnoDB,LOCK_SYS_PAGE,37,0,53
1787562728.841,2026-08-24 09:12:08.842,InnoDB,LOCK_SYS_PAGE,44,0,46
1787562728.841,2026-08-24 09:12:08.842,InnoDB,LOCK_SYS_PAGE,16,0,42
1787562728.841,2026-08-24 09:12:08.842,InnoDB,LOCK_SYS_PAGE,64,0,60
1787562728.841,2026-08-24 09:12:08.842,InnoDB,LOCK_SYS_PAGE,42,0,67
1787562728.841,2026-08-24 09:12:08.842,InnoDB,LOCK_SYS_PAGE,14,0,33
1787562728.841,2026-08-24 09:12:08.842,InnoDB,LOCK_SYS_PAGE,25,0,40
1787562728.841,2026-08-24 09:12:08.842,InnoDB,LOCK_SYS_PAGE,39,0,54
1787562728.841,2026-08-24 09:12:08.842,InnoDB,LOCK_SYS_PAGE,37,0,52
1787562728.841,2026-08-24 09:12:08.842,InnoDB,LOCK_SYS_PAGE,59,0,69
1787562728.841,2026-08-24 09:12:08.842,InnoDB,LOCK_SYS_PAGE,25,0,44
1787562728.841,2026-08-24 09:12:08.842,InnoDB,LOCK_SYS_PAGE,45,0,57
1787562728.841,2026-08-24 09:12:08.842,InnoDB,LOCK_SYS_PAGE,48,0,58
1787562728.841,2026-08-24 09:12:08.842,InnoDB,LOCK_SYS_PAGE,28,0,29
1787562728.841,2026-08-24 09:12:08.842,InnoDB,LOCK_SYS_PAGE,25,0,36
1787562728.841,2026-08-24 09:12:08.842,InnoDB,LOCK_SYS_PAGE,37,0,54
1787562728.841,2026-08-24 09:12:08.842,InnoDB,LOCK_SYS_PAGE,56,0,74
1787562728.841,2026-08-24 09:12:08.842,InnoDB,LOCK_SYS_PAGE,31,0,54
1787562728.841,2026-08-24 09:12:08.842,InnoDB,LOCK_SYS_PAGE,32,0,46
1787562728.841,2026-08-24 09:12:08.842,InnoDB,LOCK_SYS_PAGE,48,0,73
1787562728.841,2026-08-24 09:12:08.842,InnoDB,LOCK_SYS_PAGE,46,0,46
1787562728.841,2026-08-24 09:12:08.842,InnoDB,LOCK_SYS_PAGE,37,0,46
1787562728.841,2026-08-24 09:12:08.842,InnoDB,LOCK_SYS_PAGE,37,0,53
1787562728.841,2026-08-24 09:12:08.842,InnoDB,LOCK_SYS_PAGE,43,0,55
1787562728.841,2026-08-24 09:12:08.842,InnoDB,LOCK_SYS_PAGE,37,0,52
1787562728.841,2026-08-24 09:12:08.842,InnoDB,LOCK_SYS_PAGE,45,0,69
1787562728.841,2026-08-24 09:12:08.842,InnoDB,LOCK_SYS_PAGE,54,0,50
1787562728.841,2026-08-24 09:12:08.842,InnoDB,LOCK_SYS_PAGE,42,0,49
1787562728.841,2026-08-24 09:12:08.842,InnoDB,LOCK_SYS_PAGE,45,0,58
1787562728.841,2026-08-24 09:12:08.842,InnoDB,LOCK_SYS_PAGE,30,0,47
1787562728.841,2026-08-24 09:12:08.842,InnoDB,LOCK_SYS_PAGE,33,0,45
1787562728.841,2026-08-24 09:12:08.842,InnoDB,LOCK_SYS_PAGE,51,0,69
1787562728.841,2026-08-24 09:12:08.842,InnoDB,AUTOINC,3,0,2
1787562728.841,2026-08-24 09:12:08.842,InnoDB,LOCK_SYS_PAGE,28,0,36
1787562728.841,2026-08-24 09:12:08.842,InnoDB,LOCK_SYS_PAGE,30,0,51
1787562728.841,2026-08-24 09:12:08.842,InnoDB,LOCK_SYS_PAGE,53,0,61
1787562728.841,2026-08-24 09:12:08.842,InnoDB,LOCK_SYS_PAGE,39,0,61
1787562728.841,2026-08-24 09:12:08.842,InnoDB,LOCK_SYS_PAGE,23,0,52
1787562728.841,2026-08-24 09:12:08.842,InnoDB,LOCK_SYS_PAGE,28,0,51
1787562728.841,2026-08-24 09:12:08.842,InnoDB,LOCK_SYS_PAGE,54,0,73
1787562728.841,2026-08-24 09:12:08.842,InnoDB,LOCK_SYS_PAGE,50,0,71
1787562728.841,2026-08-24 09:12:08.842,InnoDB,LOCK_SYS_PAGE,37,0,48
1787562728.841,2026-08-24 09:12:08.842,InnoDB,LOCK_SYS_PAGE,24,0,42
1787562728.841,2026-08-24 09:12:08.842,InnoDB,LOCK_SYS_PAGE,48,0,55
1787562728.841,2026-08-24 09:12:08.842,InnoDB,LOCK_SYS_PAGE,51,0,63
1787562728.841,2026-08-24 09:12:08.842,InnoDB,LOCK_SYS_PAGE,23,0,41
1787562728.841,2026-08-24 09:12:08.842,InnoDB,LOCK_SYS_PAGE,22,0,39
1787562728.841,2026-08-24 09:12:08.842,InnoDB,LOCK_SYS_PAGE,30,0,41
1787562728.841,2026-08-24 09:12:08.842,InnoDB,LOCK_SYS_PAGE,30,0,47
1787562728.841,2026-08-24 09:12:08.842,InnoDB,LOCK_SYS_PAGE,38,0,46
1787562728.841,2026-08-24 09:12:08.842,InnoDB,LOCK_SYS_PAGE,36,0,46
1787562728.841,2026-08-24 09:12:08.842,InnoDB,LOCK_SYS_PAGE,33,0,47
1787562728.841,2026-08-24 09:12:08.842,InnoDB,LOCK_SYS_PAGE,38,0,50
1787562728.841,2026-08-24 09:12:08.842,InnoDB,LOCK_SYS_PAGE,22,0,42
1787562728.841,2026-08-24 09:12:08.842,InnoDB,LOCK_SYS_PAGE,18,0,33
1787562728.841,2026-08-24 09:12:08.842,InnoDB,LOCK_SYS_PAGE,27,0,42
1787562728.841,2026-08-24 09:12:08.842,InnoDB,LOCK_SYS_PAGE,40,0,51
1787562728.841,2026-08-24 09:12:08.842,InnoDB,LOCK_SYS_PAGE,21,0,43
1787562728.841,2026-08-24 09:12:08.842,InnoDB,LOCK_SYS_PAGE,32,0,48
1787562728.841,2026-08-24 09:12:08.842,InnoDB,LOCK_SYS_PAGE,33,0,47
1787562728.841,2026-08-24 09:12:08.842,InnoDB,LOCK_SYS_PAGE,27,0,42
1787562728.841,2026-08-24 09:12:08.842,InnoDB,LOCK_SYS_PAGE,29,0,43
1787562728.841,2026-08-24 09:12:08.842,InnoDB,LOCK_SYS_PAGE,30,0,46
1787562728.841,2026-08-24 09:12:08.842,InnoDB,LOCK_SYS_PAGE,47,0,47
1787562728.841,2026-08-24 09:12:08.842,InnoDB,LOCK_SYS_PAGE,18,0,25
1787562728.841,2026-08-24 09:12:08.842,InnoDB,LOCK_SYS_PAGE,22,0,32
1787562728.841,2026-08-24 09:12:08.842,InnoDB,LOCK_SYS_PAGE,47,0,54
1787562728.841,2026-08-24 09:12:08.842,InnoDB,LOCK_SYS_PAGE,44,0,47
1787562728.841,2026-08-24 09:12:08.842,InnoDB,LOCK_SYS_PAGE,22,0,30
1787562728.841,2026-08-24 09:12:08.842,InnoDB,LOCK_SYS_PAGE,28,0,42
1787562728.841,2026-08-24 09:12:08.842,InnoDB,LOCK_SYS_PAGE,46,0,61
1787562728.841,2026-08-24 09:12:08.842,InnoDB,LOCK_SYS_PAGE,57,0,80
1787562728.841,2026-08-24 09:12:08.842,InnoDB,LOCK_SYS_PAGE,45,0,57
1787562728.841,2026-08-24 09:12:08.842,InnoDB,LOCK_SYS_PAGE,35,0,56
1787562728.841,2026-08-24 09:12:08.842,InnoDB,LOCK_SYS_PAGE,27,0,46
1787562728.841,2026-08-24 09:12:08.842,InnoDB,LOCK_SYS_PAGE,34,0,50
1787562728.841,2026-08-24 09:12:08.842,InnoDB,LOCK_SYS_PAGE,27,0,42
1787562728.841,2026-08-24 09:12:08.842,InnoDB,LOCK_SYS_PAGE,39,0,55
1787562728.841,2026-08-24 09:12:08.842,InnoDB,LOCK_SYS_PAGE,31,0,44
1787562728.841,2026-08-24 09:12:08.842,InnoDB,LOCK_SYS_PAGE,22,0,49
1787562728.841,2026-08-24 09:12:08.842,InnoDB,LOCK_SYS_PAGE,34,0,61
1787562728.841,2026-08-24 09:12:08.842,InnoDB,LOCK_SYS_PAGE,51,0,63
1787562728.841,2026-08-24 09:12:08.842,InnoDB,LOCK_SYS_PAGE,24,0,34
1787562728.841,2026-08-24 09:12:08.842,InnoDB,LOCK_SYS_PAGE,36,0,51
1787562728.841,2026-08-24 09:12:08.842,InnoDB,LOCK_SYS_PAGE,38,0,52
1787562728.841,2026-08-24 09:12:08.842,InnoDB,LOCK_SYS_PAGE,57,0,65
1787562728.841,2026-08-24 09:12:08.842,InnoDB,LOCK_SYS_PAGE,25,0,34
1787562728.841,2026-08-24 09:12:08.842,InnoDB,LOCK_SYS_PAGE,23,0,39
1787562728.841,2026-08-24 09:12:08.842,InnoDB,LOCK_SYS_PAGE,45,0,60
1787562728.841,2026-08-24 09:12:08.842,InnoDB,LOCK_SYS_PAGE,82,0,64
1787562728.841,2026-08-24 09:12:08.842,InnoDB,LOCK_SYS_PAGE,22,0,41
1787562728.841,2026-08-24 09:12:08.842,InnoDB,LOCK_SYS_PAGE,39,0,59
1787562728.841,2026-08-24 09:12:08.842,InnoDB,LOCK_SYS_PAGE,44,0,52
1787562728.841,2026-08-24 09:12:08.842,InnoDB,LOCK_SYS_PAGE,57,0,73
1787562728.841,2026-08-24 09:12:08.842,InnoDB,LOCK_SYS_PAGE,30,0,44
1787562728.841,2026-08-24 09:12:08.842,InnoDB,LOCK_SYS_PAGE,26,0,42
1787562728.841,2026-08-24 09:12:08.842,InnoDB,LOCK_SYS_PAGE,39,0,50
1787562728.841,2026-08-24 09:12:08.842,InnoDB,LOCK_SYS_PAGE,43,0,52
1787562728.841,2026-08-24 09:12:08.842,InnoDB,LOCK_SYS_PAGE,67,0,74
1787562728.841,2026-08-24 09:12:08.842,InnoDB,LOCK_SYS_PAGE,59,0,73
1787562728.841,2026-08-24 09:12:08.842,InnoDB,LOCK_SYS_PAGE,60,0,74
1787562728.841,2026-08-24 09:12:08.842,InnoDB,LOCK_SYS_PAGE,35,0,40
1787562728.841,2026-08-24 09:12:08.842,InnoDB,LOCK_SYS_PAGE,31,0,46
1787562728.841,2026-08-24 09:12:08.842,InnoDB,LOCK_SYS_PAGE,48,0,56
1787562728.841,2026-08-24 09:12:08.842,InnoDB,LOCK_SYS_PAGE,53,0,65
1787562728.841,2026-08-24 09:12:08.842,InnoDB,LOCK_SYS_PAGE,31,0,40
1787562728.841,2026-08-24 09:12:08.842,InnoDB,LOCK_SYS_PAGE,29,0,36
1787562728.841,2026-08-24 09:12:08.842,InnoDB,LOCK_SYS_PAGE,56,0,56
1787562728.841,2026-08-24 09:12:08.842,InnoDB,LOCK_SYS_PAGE,66,0,66
1787562728.841,2026-08-24 09:12:08.842,InnoDB,LOCK_SYS_PAGE,28,0,33
1787562728.841,2026-08-24 09:12:08.842,InnoDB,LOCK_SYS_PAGE,28,0,38
1787562728.841,2026-08-24 09:12:08.842,InnoDB,LOCK_SYS_PAGE,29,0,41
1787562728.841,2026-08-24 09:12:08.842,InnoDB,LOCK_SYS_PAGE,38,0,57
1787562728.841,2026-08-24 09:12:08.842,InnoDB,LOCK_SYS_PAGE,25,0,43
1787562728.841,2026-08-24 09:12:08.842,InnoDB,LOCK_SYS_PAGE,21,0,33
1787562728.841,2026-08-24 09:12:08.842,InnoDB,LOCK_SYS_PAGE,62,0,77
1787562728.841,2026-08-24 09:12:08.842,InnoDB,LOCK_SYS_PAGE,45,0,60
1787562728.841,2026-08-24 09:12:08.842,InnoDB,LOCK_SYS_PAGE,27,0,45
1787562728.841,2026-08-24 09:12:08.842,InnoDB,LOCK_SYS_PAGE,19,0,30
1787562728.841,2026-08-24 09:12:08.842,InnoDB,LOCK_SYS_PAGE,39,0,58
1787562728.841,2026-08-24 09:12:08.842,InnoDB,LOCK_SYS_PAGE,46,0,64
1787562728.841,2026-08-24 09:12:08.842,InnoDB,LOCK_SYS_PAGE,45,0,39
1787562728.841,2026-08-24 09:12:08.842,InnoDB,LOCK_SYS_PAGE,28,0,46
1787562728.841,2026-08-24 09:12:08.842,InnoDB,LOCK_SYS_PAGE,40,0,52
1787562728.841,2026-08-24 09:12:08.842,InnoDB,LOCK_SYS_PAGE,59,0,85
1787562728.841,2026-08-24 09:12:08.842,InnoDB,LOCK_SYS_PAGE,66,0,72
1787562728.841,2026-08-24 09:12:08.842,InnoDB,LOCK_SYS_PAGE,30,0,47
1787562728.841,2026-08-24 09:12:08.842,InnoDB,LOCK_SYS_PAGE,32,0,45
1787562728.841,2026-08-24 09:12:08.842,InnoDB,LOCK_SYS_PAGE,48,0,67
1787562728.841,2026-08-24 09:12:08.842,InnoDB,LOCK_SYS_PAGE,58,0,79
1787562728.841,2026-08-24 09:12:08.842,InnoDB,LOCK_SYS_PAGE,24,0,42
1787562728.841,2026-08-24 09:12:08.842,InnoDB,LOCK_SYS_PAGE,34,0,48
1787562728.841,2026-08-24 09:12:08.842,InnoDB,LOCK_SYS_PAGE,53,0,61
1787562728.841,2026-08-24 09:12:08.842,InnoDB,LOCK_SYS_PAGE,37,0,47
1787562728.841,2026-08-24 09:12:08.842,InnoDB,LOCK_SYS_PAGE,37,0,52
1787562728.841,2026-08-24 09:12:08.842,InnoDB,LOCK_SYS_PAGE,24,0,48
1787562728.841,2026-08-24 09:12:08.842,InnoDB,LOCK_SYS_PAGE,31,0,50
1787562728.841,2026-08-24 09:12:08.842,InnoDB,LOCK_SYS_PAGE,55,0,80
1787562728.841,2026-08-24 09:12:08.842,InnoDB,LOCK_SYS_PAGE,37,0,59
1787562728.841,2026-08-24 09:12:08.842,InnoDB,LOCK_SYS_PAGE,24,0,46
1787562728.841,2026-08-24 09:12:08.842,InnoDB,LOCK_SYS_PAGE,47,0,72
1787562728.841,2026-08-24 09:12:08.842,InnoDB,LOCK_SYS_PAGE,58,0,79
1787562728.841,2026-08-24 09:12:08.842,InnoDB,LOCK_SYS_PAGE,29,0,46
1787562728.841,2026-08-24 09:12:08.842,InnoDB,LOCK_SYS_PAGE,22,0,51
1787562728.841,2026-08-24 09:12:08.842,InnoDB,LOCK_SYS_PAGE,48,0,76
1787562728.841,2026-08-24 09:12:08.842,InnoDB,LOCK_SYS_PAGE,37,0,53
1787562728.841,2026-08-24 09:12:08.842,InnoDB,LOCK_SYS_PAGE,17,0,37
1787562728.841,2026-08-24 09:12:08.842,InnoDB,LOCK_SYS_PAGE,36,0,49
1787562728.841,2026-08-24 09:12:08.842,InnoDB,LOCK_SYS_PAGE,33,0,48
1787562728.841,2026-08-24 09:12:08.842,InnoDB,LOCK_SYS_PAGE,24,0,47
1787562728.841,2026-08-24 09:12:08.842,InnoDB,LOCK_SYS_PAGE,23,0,49
1787562728.841,2026-08-24 09:12:08.842,InnoDB,LOCK_SYS_PAGE,34,0,59
1787562728.841,2026-08-24 09:12:08.842,InnoDB,LOCK_SYS_PAGE,38,0,60
1787562728.841,2026-08-24 09:12:08.842,InnoDB,LOCK_SYS_PAGE,21,0,39
1787562728.841,2026-08-24 09:12:08.842,InnoDB,LOCK_SYS_PAGE,24,0,44
1787562728.841,2026-08-24 09:12:08.842,InnoDB,LOCK_SYS_PAGE,79,0,54
1787562728.841,2026-08-24 09:12:08.842,InnoDB,LOCK_SYS_PAGE,55,0,66
1787562728.841,2026-08-24 09:12:08.842,InnoDB,LOCK_SYS_PAGE,33,0,46
1787562728.841,2026-08-24 09:12:08.842,InnoDB,LOCK_SYS_PAGE,37,0,59
1787562728.841,2026-08-24 09:12:08.842,InnoDB,LOCK_SYS_PAGE,63,0,70
1787562728.841,2026-08-24 09:12:08.842,InnoDB,LOCK_SYS_PAGE,71,0,84
1787562728.841,2026-08-24 09:12:08.842,InnoDB,LOCK_SYS_PAGE,36,0,45
1787562728.841,2026-08-24 09:12:08.842,InnoDB,LOCK_SYS_PAGE,35,0,57
1787562728.841,2026-08-24 09:12:08.842,InnoDB,LOCK_SYS_PAGE,55,0,69
1787562728.841,2026-08-24 09:12:08.842,InnoDB,LOCK_SYS_PAGE,44,0,56
1787562728.841,2026-08-24 09:12:08.842,InnoDB,LOCK_SYS_PAGE,29,0,47
1787562728.841,2026-08-24 09:12:08.842,InnoDB,LOCK_SYS_PAGE,40,0,48
1787562728.841,2026-08-24 09:12:08.842,InnoDB,LOCK_SYS_PAGE,45,0,67
1787562728.841,2026-08-24 09:12:08.842,InnoDB,LOCK_SYS_PAGE,58,0,70
1787562728.841,2026-08-24 09:12:08.842,InnoDB,LOCK_SYS_PAGE,24,0,47
1787562728.841,2026-08-24 09:12:08.842,InnoDB,LOCK_SYS_PAGE,28,0,50
1787562728.841,2026-08-24 09:12:08.842,InnoDB,LOCK_SYS_PAGE,51,0,72
1787562728.841,2026-08-24 09:12:08.842,InnoDB,LOCK_SYS_PAGE,51,0,73
1787562728.841,2026-08-24 09:12:08.842,InnoDB,LOCK_SYS_PAGE,33,0,58
1787562728.841,2026-08-24 09:12:08.842,InnoDB,rwlock: fil0fil.cc:3294,,46823,
1787562728.841,2026-08-24 09:12:08.842,InnoDB,rwlock: fil0fil.cc:3294,,48455,
1787562728.841,2026-08-24 09:12:08.842,InnoDB,rwlock: dict0dict.cc:2555,,47309,
1787562728.841,2026-08-24 09:12:08.842,InnoDB,rwlock: dict0dict.cc:2555,,47278,
1787562728.841,2026-08-24 09:12:08.842,InnoDB,rwlock: dict0dict.cc:2555,,48027,
1787562728.841,2026-08-24 09:12:08.842,InnoDB,rwlock: dict0dict.cc:2555,,47850,
1787562728.841,2026-08-24 09:12:08.842,InnoDB,rwlock: dict0dict.cc:2555,,47613,
1787562728.841,2026-08-24 09:12:08.842,InnoDB,rwlock: dict0dict.cc:2555,,47886,
1787562728.841,2026-08-24 09:12:08.842,InnoDB,rwlock: dict0dict.cc:2555,,47938,
1787562728.841,2026-08-24 09:12:08.842,InnoDB,rwlock: dict0dict.cc:2555,,48832,
1787562728.841,2026-08-24 09:12:08.842,InnoDB,rwlock: dict0dict.cc:2555,,47904,
1787562728.841,2026-08-24 09:12:08.842,InnoDB,rwlock: dict0dict.cc:2555,,48138,
1787562728.841,2026-08-24 09:12:08.842,InnoDB,rwlock: dict0dict.cc:2555,,47495,
1787562728.841,2026-08-24 09:12:08.842,InnoDB,rwlock: dict0dict.cc:2555,,47620,
1787562728.841,2026-08-24 09:12:08.842,InnoDB,rwlock: dict0dict.cc:2555,,47133,
1787562728.841,2026-08-24 09:12:08.842,InnoDB,rwlock: dict0dict.cc:2555,,46789,
1787562728.841,2026-08-24 09:12:08.842,InnoDB,rwlock: dict0dict.cc:2555,,47580,
1787562728.841,2026-08-24 09:12:08.842,InnoDB,rwlock: dict0dict.cc:2555,,47041,
1787562728.841,2026-08-24 09:12:08.842,InnoDB,rwlock: dict0dict.cc:2555,,47613,
1787562728.841,2026-08-24 09:12:08.842,InnoDB,rwlock: dict0dict.cc:2555,,47205,
1787562728.841,2026-08-24 09:12:08.842,InnoDB,rwlock: dict0dict.cc:2555,,47993,
1787562728.841,2026-08-24 09:12:08.842,InnoDB,rwlock: dict0dict.cc:2555,,46825,
1787562728.841,2026-08-24 09:12:08.842,InnoDB,rwlock: dict0dict.cc:2555,,2,
1787562728.841,2026-08-24 09:12:08.842,InnoDB,rwlock: dict0dict.cc:2555,,2,
1787562728.841,2026-08-24 09:12:08.842,InnoDB,rwlock: dict0dict.cc:2555,,2,
1787562728.841,2026-08-24 09:12:08.842,InnoDB,rwlock: dict0dict.cc:2555,,2,
1787562728.841,2026-08-24 09:12:08.842,InnoDB,rwlock: dict0dict.cc:2555,,2,
1787562728.841,2026-08-24 09:12:08.842,InnoDB,rwlock: dict0dict.cc:2555,,2,
1787562728.841,2026-08-24 09:12:08.842,InnoDB,rwlock: dict0dict.cc:2555,,2,
1787562728.841,2026-08-24 09:12:08.842,InnoDB,rwlock: dict0dict.cc:2555,,2,
1787562728.841,2026-08-24 09:12:08.842,InnoDB,rwlock: dict0dict.cc:2555,,2,
1787562728.841,2026-08-24 09:12:08.842,InnoDB,rwlock: fil0fil.cc:3294,,1,
1787562728.841,2026-08-24 09:12:08.842,InnoDB,rwlock: dict0dict.cc:2555,,2,
1787562728.841,2026-08-24 09:12:08.842,InnoDB,rwlock: dict0dict.cc:2555,,2,
1787562728.841,2026-08-24 09:12:08.842,InnoDB,rwlock: dict0dict.cc:2555,,2,
1787562728.841,2026-08-24 09:12:08.842,InnoDB,rwlock: dict0dict.cc:2555,,2,
1787562728.841,2026-08-24 09:12:08.842,InnoDB,rwlock: dict0dict.cc:2555,,3,
1787562728.841,2026-08-24 09:12:08.842,InnoDB,rwlock: fil0fil.cc:3294,,1,
1787562728.841,2026-08-24 09:12:08.842,InnoDB,rwlock: dict0dict.cc:2555,,2,
1787562728.841,2026-08-24 09:12:08.842,InnoDB,rwlock: dict0dict.cc:2555,,2,
1787562728.841,2026-08-24 09:12:08.842,InnoDB,rwlock: dict0dict.cc:2555,,2,
1787562728.841,2026-08-24 09:12:08.842,InnoDB,rwlock: dict0dict.cc:2555,,2,
1787562728.841,2026-08-24 09:12:08.842,InnoDB,rwlock: dict0dict.cc:2555,,3,
1787562728.841,2026-08-24 09:12:08.842,InnoDB,rwlock: dict0dict.cc:2555,,2,
1787562728.841,2026-08-24 09:12:08.842,InnoDB,rwlock: dict0dict.cc:326,,153,
1787562728.841,2026-08-24 09:12:08.842,InnoDB,rwlock: dict0dict.cc:2555,,3,
1787562728.841,2026-08-24 09:12:08.842,InnoDB,rwlock: dict0dict.cc:326,,1,
1787562728.841,2026-08-24 09:12:08.842,InnoDB,rwlock: dict0dict.cc:326,,2,
1787562728.841,2026-08-24 09:12:08.842,InnoDB,rwlock: dict0dict.cc:326,,1,
1787562728.841,2026-08-24 09:12:08.842,InnoDB,rwlock: fil0fil.cc:3294,,2,
1787562728.841,2026-08-24 09:12:08.842,InnoDB,rwlock: dict0dict.cc:1027,,19,
1787562728.841,2026-08-24 09:12:08.842,InnoDB,rwlock: hash0hash.cc:117,,1278286,
1787562728.841,2026-08-24 09:12:08.842,InnoDB,rwlock: hash0hash.cc:117,,1453829,
1787562728.841,2026-08-24 09:12:08.842,InnoDB,rwlock: hash0hash.cc:117,,1139581,
1787562728.841,2026-08-24 09:12:08.842,InnoDB,rwlock: hash0hash.cc:117,,965695,
1787562728.841,2026-08-24 09:12:08.842,InnoDB,rwlock: hash0hash.cc:117,,1107066,
1787562728.841,2026-08-24 09:12:08.842,InnoDB,rwlock: hash0hash.cc:117,,1094345,
1787562728.841,2026-08-24 09:12:08.842,InnoDB,rwlock: hash0hash.cc:117,,1101469,
1787562728.841,2026-08-24 09:12:08.842,InnoDB,rwlock: hash0hash.cc:117,,1085760,
1787562728.841,2026-08-24 09:12:08.842,InnoDB,rwlock: hash0hash.cc:117,,1300311,
1787562728.841,2026-08-24 09:12:08.842,InnoDB,rwlock: hash0hash.cc:117,,1358593,
1787562728.841,2026-08-24 09:12:08.842,InnoDB,rwlock: hash0hash.cc:117,,1513435,
1787562728.841,2026-08-24 09:12:08.842,InnoDB,rwlock: hash0hash.cc:117,,1531758,
1787562728.841,2026-08-24 09:12:08.842,InnoDB,rwlock: hash0hash.cc:117,,1528505,
1787562728.841,2026-08-24 09:12:08.842,InnoDB,rwlock: hash0hash.cc:117,,1678438,
1787562728.841,2026-08-24 09:12:08.842,InnoDB,rwlock: hash0hash.cc:117,,1517029,
1787562728.841,2026-08-24 09:12:08.842,InnoDB,rwlock: hash0hash.cc:117,,1371321,
1787562728.841,2026-08-24 09:12:08.842,InnoDB,sum rwlock: buf0buf.cc:857,,7185425,
1787562746.106,2026-08-24 09:12:26.108,InnoDB,BUF_POOL_LRU_LIST,3590011674,1144338952,352221081
1787562746.106,2026-08-24 09:12:26.108,InnoDB,LOG_WRITER,3955014,131768,572
1787562746.106,2026-08-24 09:12:26.108,InnoDB,FLUSH_LIST,2867148,43242,1517124
1787562746.106,2026-08-24 09:12:26.108,InnoDB,BUF_BLOCK_MUTEX,1039160,17578,132216
1787562746.106,2026-08-24 09:12:26.108,InnoDB,BUF_POOL_FLUSH_STATE,12327490,11154,6309775
1787562746.106,2026-08-24 09:12:26.108,InnoDB,TRX_SYS,406405,3238,266749
1787562746.106,2026-08-24 09:12:26.108,InnoDB,BUF_POOL_FREE_LIST,11570100,1978,11523409
1787562746.106,2026-08-24 09:12:26.108,InnoDB,TRX_SYS_SERIALISATION,55895,1018,22442
1787562746.106,2026-08-24 09:12:26.108,InnoDB,UNDO_SPACE_RSEG,10855,353,92
1787562746.106,2026-08-24 09:12:26.108,InnoDB,UNDO_SPACE_RSEG,10583,339,107
1787562746.106,2026-08-24 09:12:26.108,InnoDB,UNDO_SPACE_RSEG,10345,336,78
1787562746.106,2026-08-24 09:12:26.108,InnoDB,UNDO_SPACE_RSEG,9892,324,87
1787562746.106,2026-08-24 09:12:26.108,InnoDB,DICT_PERSIST_DIRTY_TABLES,11429,315,627
1787562746.106,2026-08-24 09:12:26.108,InnoDB,PURGE_SYS_PQ,30894,303,19544
1787562746.106,2026-08-24 09:12:26.108,InnoDB,UNDO_SPACE_RSEG,9107,299,63
1787562746.106,2026-08-24 09:12:26.108,InnoDB,UNDO_SPACE_RSEG,9096,289,101
1787562746.106,2026-08-24 09:12:26.108,InnoDB,UNDO_SPACE_RSEG,8671,282,96
1787562746.106,2026-08-24 09:12:26.108,InnoDB,UNDO_SPACE_RSEG,8680,280,89
1787562746.106,2026-08-24 09:12:26.108,InnoDB,UNDO_SPACE_RSEG,8456,275,86
1787562746.106,2026-08-24 09:12:26.108,InnoDB,UNDO_SPACE_RSEG,8265,267,74
1787562746.106,2026-08-24 09:12:26.108,InnoDB,UNDO_SPACE_RSEG,7762,252,78
1787562746.106,2026-08-24 09:12:26.108,InnoDB,UNDO_SPACE_RSEG,7154,232,80
1787562746.106,2026-08-24 09:12:26.108,InnoDB,IBUF_BITMAP,13779,221,3806
1787562746.106,2026-08-24 09:12:26.108,InnoDB,UNDO_SPACE_RSEG,6902,220,77
1787562746.106,2026-08-24 09:12:26.108,InnoDB,UNDO_SPACE_RSEG,6407,210,71
1787562746.106,2026-08-24 09:12:26.108,InnoDB,LOG_FILES,9528,210,377
1787562746.106,2026-08-24 09:12:26.108,InnoDB,UNDO_SPACE_RSEG,6196,203,70
1787562746.106,2026-08-24 09:12:26.108,InnoDB,UNDO_SPACE_RSEG,6002,192,78
1787562746.106,2026-08-24 09:12:26.108,InnoDB,UNDO_SPACE_RSEG,5657,184,68
1787562746.106,2026-08-24 09:12:26.108,InnoDB,UNDO_SPACE_RSEG,5685,180,84
1787562746.106,2026-08-24 09:12:26.108,InnoDB,UNDO_SPACE_RSEG,5630,180,90
1787562746.106,2026-08-24 09:12:26.108,InnoDB,UNDO_SPACE_RSEG,5642,178,82
1787562746.106,2026-08-24 09:12:26.108,InnoDB,DICT_SYS,4443936,178,2543075
1787562746.106,2026-08-24 09:12:26.108,InnoDB,UNDO_SPACE_RSEG,5538,173,90
1787562746.106,2026-08-24 09:12:26.108,InnoDB,UNDO_SPACE_RSEG,5270,170,56
1787562746.106,2026-08-24 09:12:26.108,InnoDB,UNDO_SPACE_RSEG,5085,162,88
1787562746.106,2026-08-24 09:12:26.108,InnoDB,LOG_FLUSHER,4848,139,207
1787562746.106,2026-08-24 09:12:26.108,InnoDB,UNDO_SPACE_RSEG,4363,137,67
1787562746.106,2026-08-24 09:12:26.108,InnoDB,UNDO_SPACE_RSEG,4140,134,76
1787562746.106,2026-08-24 09:12:26.108,InnoDB,SRV_SYS,261271,129,167742
1787562746.106,2026-08-24 09:12:26.108,InnoDB,UNDO_SPACE_RSEG,3971,128,69
1787562746.106,2026-08-24 09:12:26.108,InnoDB,UNDO_SPACE_RSEG,4065,128,65
1787562746.106,2026-08-24 09:12:26.108,InnoDB,UNDO_SPACE_RSEG,3976,126,69
1787562746.106,2026-08-24 09:12:26.108,InnoDB,UNDO_SPACE_RSEG,3861,125,64
1787562746.106,2026-08-24 09:12:26.108,InnoDB,UNDO_SPACE_RSEG,3984,123,78
1787562746.106,2026-08-24 09:12:26.108,InnoDB,UNDO_SPACE_RSEG,3803,123,63
1787562746.106,2026-08-24 09:12:26.108,InnoDB,UNDO_SPACE_RSEG,3945,121,70
1787562746.106,2026-08-24 09:12:26.108,InnoDB,UNDO_SPACE_RSEG,3786,120,65
1787562746.106,2026-08-24 09:12:26.108,InnoDB,UNDO_SPACE_RSEG,3807,119,60
1787562746.106,2026-08-24 09:12:26.108,InnoDB,UNDO_SPACE_RSEG,3699,118,62
1787562746.106,2026-08-24 09:12:26.108,InnoDB,UNDO_SPACE_RSEG,3677,114,78
1787562746.106,2026-08-24 09:12:26.108,InnoDB,UNDO_SPACE_RSEG,3570,114,59
1787562746.106,2026-08-24 09:12:26.108,InnoDB,UNDO_SPACE_RSEG,3515,113,78
1787562746.106,2026-08-24 09:12:26.108,InnoDB,UNDO_SPACE_RSEG,3471,108,74
1787562746.106,2026-08-24 09:12:26.108,InnoDB,FIL_SHARD,181997,107,188835
1787562746.106,2026-08-24 09:12:26.108,InnoDB,UNDO_SPACE_RSEG,3370,107,66
1787562746.106,2026-08-24 09:12:26.108,InnoDB,UNDO_SPACE_RSEG,3278,106,66
1787562746.106,2026-08-24 09:12:26.108,InnoDB,UNDO_SPACE_RSEG,3283,105,70
1787562746.106,2026-08-24 09:12:26.108,InnoDB,UNDO_SPACE_RSEG,3267,103,57
1787562746.106,2026-08-24 09:12:26.108,InnoDB,UNDO_SPACE_RSEG,3337,102,88
1787562746.106,2026-08-24 09:12:26.108,InnoDB,UNDO_SPACE_RSEG,3179,101,62
1787562746.106,2026-08-24 09:12:26.108,InnoDB,FIL_SHARD,211565,101,227343
1787562746.106,2026-08-24 09:12:26.108,InnoDB,FIL_SHARD,193957,98,217618
1787562746.106,2026-08-24 09:12:26.108,InnoDB,FIL_SHARD,194898,97,199172
1787562746.106,2026-08-24 09:12:26.108,InnoDB,FIL_SHARD,195011,97,214224
1787562746.106,2026-08-24 09:12:26.108,InnoDB,UNDO_SPACE_RSEG,3003,97,56
1787562746.106,2026-08-24 09:12:26.108,InnoDB,FIL_SHARD,186718,96,193923
1787562746.106,2026-08-24 09:12:26.108,InnoDB,UNDO_SPACE_RSEG,3001,96,59
1787562746.106,2026-08-24 09:12:26.108,InnoDB,UNDO_SPACE_RSEG,2973,96,68
1787562746.106,2026-08-24 09:12:26.108,InnoDB,UNDO_SPACE_RSEG,3000,95,56
1787562746.106,2026-08-24 09:12:26.108,InnoDB,FIL_SHARD,194725,94,215214
1787562746.106,2026-08-24 09:12:26.108,InnoDB,UNDO_SPACE_RSEG,2926,94,66
1787562746.106,2026-08-24 09:12:26.108,InnoDB,FIL_SHARD,212752,93,228845
1787562746.106,2026-08-24 09:12:26.108,InnoDB,UNDO_SPACE_RSEG,2904,92,65
1787562746.106,2026-08-24 09:12:26.108,InnoDB,UNDO_SPACE_RSEG,2998,92,65
1787562746.106,2026-08-24 09:12:26.108,InnoDB,FIL_SHARD,180321,92,189544
1787562746.106,2026-08-24 09:12:26.108,InnoDB,UNDO_SPACE_RSEG,2788,90,61
1787562746.106,2026-08-24 09:12:26.108,InnoDB,UNDO_SPACE_RSEG,2827,90,54
1787562746.106,2026-08-24 09:12:26.108,InnoDB,FIL_SHARD,188169,89,192895
1787562746.106,2026-08-24 09:12:26.108,InnoDB,UNDO_SPACE_RSEG,2824,88,63
1787562746.106,2026-08-24 09:12:26.108,InnoDB,FIL_SHARD,197053,88,215768
1787562746.106,2026-08-24 09:12:26.108,InnoDB,UNDO_SPACE_RSEG,2733,88,50
1787562746.106,2026-08-24 09:12:26.108,InnoDB,UNDO_SPACE_RSEG,2680,88,49
1787562746.106,2026-08-24 09:12:26.108,InnoDB,UNDO_SPACE_RSEG,2836,88,59
1787562746.106,2026-08-24 09:12:26.108,InnoDB,FIL_SHARD,187206,88,193770
1787562746.106,2026-08-24 09:12:26.108,InnoDB,FIL_SHARD,190382,87,209856
1787562746.106,2026-08-24 09:12:26.108,InnoDB,UNDO_SPACE_RSEG,2677,86,61
1787562746.106,2026-08-24 09:12:26.108,InnoDB,UNDO_SPACE_RSEG,2621,85,57
1787562746.106,2026-08-24 09:12:26.108,InnoDB,UNDO_SPACE_RSEG,2728,84,61
1787562746.106,2026-08-24 09:12:26.108,InnoDB,UNDO_SPACE_RSEG,2609,84,58
1787562746.106,2026-08-24 09:12:26.108,InnoDB,FIL_SHARD,180227,84,186696
1787562746.106,2026-08-24 09:12:26.108,InnoDB,FIL_SHARD,192401,82,200078
1787562746.106,2026-08-24 09:12:26.108,InnoDB,UNDO_SPACE_RSEG,2559,82,64
1787562746.106,2026-08-24 09:12:26.108,InnoDB,UNDO_SPACE_RSEG,2641,82,60
1787562746.106,2026-08-24 09:12:26.108,InnoDB,FIL_SHARD,196624,81,217129
1787562746.106,2026-08-24 09:12:26.108,InnoDB,UNDO_SPACE_RSEG,2541,81,57
1787562746.106,2026-08-24 09:12:26.108,InnoDB,FIL_SHARD,223338,80,240467
1787562746.106,2026-08-24 09:12:26.108,InnoDB,UNDO_SPACE_RSEG,2582,79,58
1787562746.106,2026-08-24 09:12:26.108,InnoDB,FIL_SHARD,198326,78,218729
1787562746.106,2026-08-24 09:12:26.108,InnoDB,UNDO_SPACE_RSEG,2417,78,69
1787562746.106,2026-08-24 09:12:26.108,InnoDB,UNDO_SPACE_RSEG,2429,78,47
1787562746.106,2026-08-24 09:12:26.108,InnoDB,FIL_SHARD,184403,77,204392
1787562746.106,2026-08-24 09:12:26.108,InnoDB,UNDO_SPACE_RSEG,2381,76,42
1787562746.106,2026-08-24 09:12:26.108,InnoDB,UNDO_SPACE_RSEG,2328,76,48
1787562746.106,2026-08-24 09:12:26.108,InnoDB,FIL_SHARD,185008,76,191521
1787562746.106,2026-08-24 09:12:26.108,InnoDB,UNDO_SPACE_RSEG,2341,75,53
1787562746.106,2026-08-24 09:12:26.108,InnoDB,UNDO_SPACE_RSEG,2425,75,60
1787562746.106,2026-08-24 09:12:26.108,InnoDB,UNDO_SPACE_RSEG,2334,75,63
1787562746.106,2026-08-24 09:12:26.108,InnoDB,UNDO_SPACE_RSEG,2320,74,59
1787562746.106,2026-08-24 09:12:26.108,InnoDB,UNDO_SPACE_RSEG,2341,73,72
1787562746.106,2026-08-24 09:12:26.108,InnoDB,UNDO_SPACE_RSEG,2386,73,62
1787562746.106,2026-08-24 09:12:26.108,InnoDB,UNDO_SPACE_RSEG,2352,72,61
1787562746.106,2026-08-24 09:12:26.108,InnoDB,UNDO_SPACE_RSEG,2268,72,55
1787562746.106,2026-08-24 09:12:26.108,InnoDB,UNDO_SPACE_RSEG,2193,72,43
1787562746.106,2026-08-24 09:12:26.108,InnoDB,UNDO_SPACE_RSEG,2371,71,63
1787562746.106,2026-08-24 09:12:26.108,InnoDB,UNDO_SPACE_RSEG,2280,70,54
1787562746.106,2026-08-24 09:12:26.108,InnoDB,UNDO_SPACE_RSEG,2249,70,54
1787562746.106,2026-08-24 09:12:26.108,InnoDB,UNDO_SPACE_RSEG,2131,69,48
1787562746.106,2026-08-24 09:12:26.108,InnoDB,UNDO_SPACE_RSEG,2203,68,83
1787562746.106,2026-08-24 09:12:26.108,InnoDB,UNDO_SPACE_RSEG,2141,68,59
1787562746.106,2026-08-24 09:12:26.108,InnoDB,UNDO_SPACE_RSEG,2131,68,51
1787562746.106,2026-08-24 09:12:26.108,InnoDB,UNDO_SPACE_RSEG,2227,68,53
1787562746.106,2026-08-24 09:12:26.108,InnoDB,UNDO_SPACE_RSEG,2041,67,38
1787562746.106,2026-08-24 09:12:26.108,InnoDB,UNDO_SPACE_RSEG,2160,67,54
1787562746.106,2026-08-24 09:12:26.108,InnoDB,UNDO_SPACE_RSEG,2111,66,52
1787562746.106,2026-08-24 09:12:26.108,InnoDB,UNDO_SPACE_RSEG,2036,64,62
1787562746.106,2026-08-24 09:12:26.108,InnoDB,UNDO_SPACE_RSEG,1967,63,55
1787562746.106,2026-08-24 09:12:26.108,InnoDB,UNDO_SPACE_RSEG,1979,63,49
1787562746.106,2026-08-24 09:12:26.108,InnoDB,UNDO_SPACE_RSEG,2020,63,53
1787562746.106,2026-08-24 09:12:26.108,InnoDB,UNDO_SPACE_RSEG,2026,62,55
1787562746.106,2026-08-24 09:12:26.108,InnoDB,UNDO_SPACE_RSEG,2032,62,61
1787562746.106,2026-08-24 09:12:26.108,InnoDB,UNDO_SPACE_RSEG,1910,61,52
1787562746.106,2026-08-24 09:12:26.108,InnoDB,UNDO_SPACE_RSEG,1988,61,51
1787562746.106,2026-08-24 09:12:26.108,InnoDB,UNDO_SPACE_RSEG,1883,61,51
1787562746.106,2026-08-24 09:12:26.108,InnoDB,UNDO_SPACE_RSEG,1902,61,52
1787562746.106,2026-08-24 09:12:26.108,InnoDB,UNDO_SPACE_RSEG,1945,61,54
1787562746.106,2026-08-24 09:12:26.108,InnoDB,UNDO_SPACE_RSEG,1964,61,51
1787562746.106,2026-08-24 09:12:26.108,InnoDB,UNDO_SPACE_RSEG,1950,60,69
1787562746.106,2026-08-24 09:12:26.108,InnoDB,UNDO_SPACE_RSEG,1909,59,42
1787562746.106,2026-08-24 09:12:26.108,InnoDB,UNDO_SPACE_RSEG,1951,59,47
1787562746.106,2026-08-24 09:12:26.108,InnoDB,UNDO_SPACE_RSEG,1922,59,53
1787562746.106,2026-08-24 09:12:26.108,InnoDB,UNDO_SPACE_RSEG,1866,58,55
1787562746.106,2026-08-24 09:12:26.108,InnoDB,UNDO_SPACE_RSEG,1879,57,60
1787562746.106,2026-08-24 09:12:26.108,InnoDB,UNDO_SPACE_RSEG,1877,57,56
1787562746.106,2026-08-24 09:12:26.108,InnoDB,UNDO_SPACE_RSEG,1787,57,46
1787562746.106,2026-08-24 09:12:26.108,InnoDB,UNDO_SPACE_RSEG,1821,57,57
1787562746.106,2026-08-24 09:12:26.108,InnoDB,UNDO_SPACE_RSEG,1800,56,50
1787562746.106,2026-08-24 09:12:26.108,InnoDB,UNDO_SPACE_RSEG,1797,56,53
1787562746.106,2026-08-24 09:12:26.108,InnoDB,UNDO_SPACE_RSEG,1756,55,53
1787562746.106,2026-08-24 09:12:26.108,InnoDB,UNDO_SPACE_RSEG,1816,54,57
1787562746.106,2026-08-24 09:12:26.108,InnoDB,UNDO_SPACE_RSEG,1717,54,38
1787562746.106,2026-08-24 09:12:26.108,InnoDB,UNDO_SPACE_RSEG,1795,54,58
1787562746.106,2026-08-24 09:12:26.108,InnoDB,UNDO_SPACE_RSEG,1748,54,57
1787562746.106,2026-08-24 09:12:26.108,InnoDB,UNDO_SPACE_RSEG,1731,54,51
1787562746.106,2026-08-24 09:12:26.108,InnoDB,UNDO_SPACE_RSEG,1752,53,66
1787562746.106,2026-08-24 09:12:26.108,InnoDB,UNDO_SPACE_RSEG,1641,53,47
1787562746.106,2026-08-24 09:12:26.108,InnoDB,UNDO_SPACE_RSEG,1706,53,48
1787562746.106,2026-08-24 09:12:26.108,InnoDB,UNDO_SPACE_RSEG,1738,53,62
1787562746.106,2026-08-24 09:12:26.108,InnoDB,UNDO_SPACE_RSEG,1660,53,50
1787562746.106,2026-08-24 09:12:26.108,InnoDB,UNDO_SPACE_RSEG,1653,52,58
1787562746.106,2026-08-24 09:12:26.108,InnoDB,UNDO_SPACE_RSEG,1799,52,57
1787562746.106,2026-08-24 09:12:26.108,InnoDB,UNDO_SPACE_RSEG,1719,52,43
1787562746.106,2026-08-24 09:12:26.108,InnoDB,UNDO_SPACE_RSEG,1656,51,56
1787562746.106,2026-08-24 09:12:26.108,InnoDB,UNDO_SPACE_RSEG,1585,51,55
1787562746.106,2026-08-24 09:12:26.108,InnoDB,UNDO_SPACE_RSEG,1580,50,48
1787562746.106,2026-08-24 09:12:26.108,InnoDB,UNDO_SPACE_RSEG,1600,49,50
1787562746.106,2026-08-24 09:12:26.108,InnoDB,UNDO_SPACE_RSEG,1502,49,44
1787562746.106,2026-08-24 09:12:26.108,InnoDB,UNDO_SPACE_RSEG,1504,48,51
1787562746.106,2026-08-24 09:12:26.108,InnoDB,UNDO_SPACE_RSEG,1525,48,50
1787562746.106,2026-08-24 09:12:26.108,InnoDB,UNDO_SPACE_RSEG,1554,48,44
1787562746.106,2026-08-24 09:12:26.108,InnoDB,UNDO_SPACE_RSEG,1487,48,48
1787562746.106,2026-08-24 09:12:26.108,InnoDB,UNDO_SPACE_RSEG,1558,48,61
1787562746.106,2026-08-24 09:12:26.108,InnoDB,UNDO_SPACE_RSEG,1596,48,63
1787562746.106,2026-08-24 09:12:26.108,InnoDB,UNDO_SPACE_RSEG,1546,48,58
1787562746.106,2026-08-24 09:12:26.108,InnoDB,UNDO_SPACE_RSEG,1499,47,44
1787562746.106,2026-08-24 09:12:26.108,InnoDB,UNDO_SPACE_RSEG,1537,47,50
1787562746.106,2026-08-24 09:12:26.108,InnoDB,UNDO_SPACE_RSEG,1566,47,55
1787562746.106,2026-08-24 09:12:26.108,InnoDB,UNDO_SPACE_RSEG,1529,46,60
1787562746.106,2026-08-24 09:12:26.108,InnoDB,UNDO_SPACE_RSEG,1517,46,56
1787562746.106,2026-08-24 09:12:26.108,InnoDB,UNDO_SPACE_RSEG,1455,46,44
1787562746.106,2026-08-24 09:12:26.108,InnoDB,UNDO_SPACE_RSEG,1486,46,38
1787562746.106,2026-08-24 09:12:26.108,InnoDB,UNDO_SPACE_RSEG,1554,46,43
1787562746.106,2026-08-24 09:12:26.108,InnoDB,UNDO_SPACE_RSEG,1446,45,47
1787562746.106,2026-08-24 09:12:26.108,InnoDB,UNDO_SPACE_RSEG,1538,45,54
1787562746.106,2026-08-24 09:12:26.108,InnoDB,UNDO_SPACE_RSEG,1461,45,47
1787562746.106,2026-08-24 09:12:26.108,InnoDB,UNDO_SPACE_RSEG,1488,45,47
1787562746.106,2026-08-24 09:12:26.108,InnoDB,UNDO_SPACE_RSEG,1414,44,57
1787562746.106,2026-08-24 09:12:26.108,InnoDB,UNDO_SPACE_RSEG,1443,44,57
1787562746.106,2026-08-24 09:12:26.108,InnoDB,UNDO_SPACE_RSEG,1372,44,55
1787562746.106,2026-08-24 09:12:26.108,InnoDB,UNDO_SPACE_RSEG,1423,44,48
1787562746.106,2026-08-24 09:12:26.108,InnoDB,UNDO_SPACE_RSEG,1391,43,51
1787562746.106,2026-08-24 09:12:26.108,InnoDB,UNDO_SPACE_RSEG,1416,43,46
1787562746.106,2026-08-24 09:12:26.108,InnoDB,UNDO_SPACE_RSEG,1433,42,53
1787562746.106,2026-08-24 09:12:26.108,InnoDB,FIL_SHARD,8597,41,8137
1787562746.106,2026-08-24 09:12:26.108,InnoDB,UNDO_SPACE_RSEG,1327,41,38
1787562746.106,2026-08-24 09:12:26.108,InnoDB,UNDO_SPACE_RSEG,1267,41,40
1787562746.106,2026-08-24 09:12:26.108,InnoDB,UNDO_SPACE_RSEG,1387,41,54
1787562746.106,2026-08-24 09:12:26.108,InnoDB,UNDO_SPACE_RSEG,1304,41,40
1787562746.106,2026-08-24 09:12:26.108,InnoDB,UNDO_SPACE_RSEG,1315,41,49
1787562746.106,2026-08-24 09:12:26.108,InnoDB,UNDO_SPACE_RSEG,1299,40,55
1787562746.106,2026-08-24 09:12:26.108,InnoDB,UNDO_SPACE_RSEG,1285,40,46
1787562746.106,2026-08-24 09:12:26.108,InnoDB,UNDO_SPACE_RSEG,1309,40,46
1787562746.106,2026-08-24 09:12:26.108,InnoDB,UNDO_SPACE_RSEG,1324,40,58
1787562746.106,2026-08-24 09:12:26.108,InnoDB,UNDO_SPACE_RSEG,1232,39,41
1787562746.106,2026-08-24 09:12:26.108,InnoDB,UNDO_SPACE_RSEG,1267,39,58
1787562746.106,2026-08-24 09:12:26.108,InnoDB,UNDO_SPACE_RSEG,1242,39,52
1787562746.106,2026-08-24 09:12:26.108,InnoDB,UNDO_SPACE_RSEG,1282,38,45
1787562746.106,2026-08-24 09:12:26.108,InnoDB,UNDO_SPACE_RSEG,1246,38,44
1787562746.106,2026-08-24 09:12:26.108,InnoDB,UNDO_SPACE_RSEG,1228,38,48
1787562746.106,2026-08-24 09:12:26.108,InnoDB,UNDO_SPACE_RSEG,1211,37,47
1787562746.106,2026-08-24 09:12:26.108,InnoDB,UNDO_SPACE_RSEG,1174,36,45
1787562746.106,2026-08-24 09:12:26.108,InnoDB,UNDO_SPACE_RSEG,1170,36,49
1787562746.106,2026-08-24 09:12:26.108,InnoDB,UNDO_SPACE_RSEG,1246,36,48
1787562746.106,2026-08-24 09:12:26.108,InnoDB,UNDO_SPACE_RSEG,1241,36,54
1787562746.106,2026-08-24 09:12:26.108,InnoDB,UNDO_SPACE_RSEG,1107,35,50
1787562746.106,2026-08-24 09:12:26.108,InnoDB,UNDO_SPACE_RSEG,1112,35,43
1787562746.106,2026-08-24 09:12:26.108,InnoDB,UNDO_SPACE_RSEG,1180,35,59
1787562746.106,2026-08-24 09:12:26.108,InnoDB,UNDO_SPACE_RSEG,1112,34,42
1787562746.106,2026-08-24 09:12:26.108,InnoDB,UNDO_SPACE_RSEG,1102,34,47
1787562746.106,2026-08-24 09:12:26.108,InnoDB,UNDO_SPACE_RSEG,1099,34,49
1787562746.106,2026-08-24 09:12:26.108,InnoDB,FIL_SHARD,2744,34,1688
1787562746.106,2026-08-24 09:12:26.108,InnoDB,UNDO_SPACE_RSEG,1023,33,44
1787562746.106,2026-08-24 09:12:26.108,InnoDB,UNDO_SPACE_RSEG,1072,33,60
1787562746.106,2026-08-24 09:12:26.108,InnoDB,UNDO_SPACE_RSEG,1112,33,47
1787562746.106,2026-08-24 09:12:26.108,InnoDB,UNDO_SPACE_RSEG,1036,33,51
1787562746.106,2026-08-24 09:12:26.108,InnoDB,UNDO_SPACE_RSEG,1069,33,49
1787562746.106,2026-08-24 09:12:26.108,InnoDB,UNDO_SPACE_RSEG,1066,32,55
1787562746.106,2026-08-24 09:12:26.108,InnoDB,UNDO_SPACE_RSEG,1021,32,46
1787562746.106,2026-08-24 09:12:26.108,InnoDB,UNDO_SPACE_RSEG,1025,32,41
1787562746.106,2026-08-24 09:12:26.108,InnoDB,UNDO_SPACE_RSEG,1027,32,40
1787562746.106,2026-08-24 09:12:26.108,InnoDB,UNDO_SPACE_RSEG,997,31,36
1787562746.106,2026-08-24 09:12:26.108,InnoDB,UNDO_SPACE_RSEG,1090,31,55
1787562746.106,2026-08-24 09:12:26.108,InnoDB,UNDO_SPACE_RSEG,982,31,50
1787562746.106,2026-08-24 09:12:26.108,InnoDB,UNDO_SPACE_RSEG,1028,31,47
1787562746.106,2026-08-24 09:12:26.108,InnoDB,UNDO_SPACE_RSEG,987,31,53
1787562746.106,2026-08-24 09:12:26.108,InnoDB,UNDO_SPACE_RSEG,1016,30,45
1787562746.106,2026-08-24 09:12:26.108,InnoDB,UNDO_SPACE_RSEG,943,30,39
1787562746.106,2026-08-24 09:12:26.108,InnoDB,UNDO_SPACE_RSEG,985,30,44
1787562746.106,2026-08-24 09:12:26.108,InnoDB,UNDO_SPACE_RSEG,1010,30,43
1787562746.106,2026-08-24 09:12:26.108,InnoDB,UNDO_SPACE_RSEG,951,30,35
1787562746.106,2026-08-24 09:12:26.108,InnoDB,UNDO_SPACE_RSEG,968,29,45
1787562746.106,2026-08-24 09:12:26.108,InnoDB,UNDO_SPACE_RSEG,966,29,56
1787562746.106,2026-08-24 09:12:26.108,InnoDB,UNDO_SPACE_RSEG,899,29,31
1787562746.106,2026-08-24 09:12:26.108,InnoDB,UNDO_SPACE_RSEG,946,29,39
1787562746.106,2026-08-24 09:12:26.108,InnoDB,UNDO_SPACE_RSEG,936,28,39
1787562746.106,2026-08-24 09:12:26.108,InnoDB,UNDO_SPACE_RSEG,923,28,48
1787562746.106,2026-08-24 09:12:26.108,InnoDB,UNDO_SPACE_RSEG,894,28,44
1787562746.106,2026-08-24 09:12:26.108,InnoDB,UNDO_SPACE_RSEG,857,27,25
1787562746.106,2026-08-24 09:12:26.108,InnoDB,UNDO_SPACE_RSEG,850,27,38
1787562746.106,2026-08-24 09:12:26.108,InnoDB,UNDO_SPACE_RSEG,857,27,39
1787562746.106,2026-08-24 09:12:26.108,InnoDB,UNDO_SPACE_RSEG,816,26,37
1787562746.106,2026-08-24 09:12:26.108,InnoDB,UNDO_SPACE_RSEG,851,26,40
1787562746.106,2026-08-24 09:12:26.108,InnoDB,UNDO_SPACE_RSEG,841,26,30
1787562746.106,2026-08-24 09:12:26.108,InnoDB,UNDO_SPACE_RSEG,867,26,44
1787562746.106,2026-08-24 09:12:26.108,InnoDB,UNDO_SPACE_RSEG,795,25,29
1787562746.106,2026-08-24 09:12:26.108,InnoDB,UNDO_SPACE_RSEG,795,25,42
1787562746.106,2026-08-24 09:12:26.108,InnoDB,TRX_POOL,873,25,60
1787562746.106,2026-08-24 09:12:26.108,InnoDB,UNDO_SPACE_RSEG,817,25,38
1787562746.106,2026-08-24 09:12:26.108,InnoDB,UNDO_SPACE_RSEG,859,25,47
1787562746.106,2026-08-24 09:12:26.108,InnoDB,UNDO_SPACE_RSEG,848,24,49
1787562746.106,2026-08-24 09:12:26.108,InnoDB,UNDO_SPACE_RSEG,790,24,37
1787562746.106,2026-08-24 09:12:26.108,InnoDB,UNDO_SPACE_RSEG,798,24,47
1787562746.106,2026-08-24 09:12:26.108,InnoDB,UNDO_SPACE_RSEG,759,24,36
1787562746.106,2026-08-24 09:12:26.108,InnoDB,UNDO_SPACE_RSEG,766,24,40
1787562746.106,2026-08-24 09:12:26.108,InnoDB,UNDO_SPACE_RSEG,745,23,36
1787562746.106,2026-08-24 09:12:26.108,InnoDB,UNDO_SPACE_RSEG,759,23,35
1787562746.106,2026-08-24 09:12:26.108,InnoDB,UNDO_SPACE_RSEG,745,23,39
1787562746.106,2026-08-24 09:12:26.108,InnoDB,UNDO_SPACE_RSEG,735,23,40
1787562746.106,2026-08-24 09:12:26.108,InnoDB,UNDO_SPACE_RSEG,777,23,46
1787562746.106,2026-08-24 09:12:26.108,InnoDB,UNDO_SPACE_RSEG,736,23,33
1787562746.106,2026-08-24 09:12:26.108,InnoDB,UNDO_SPACE_RSEG,736,23,36
1787562746.106,2026-08-24 09:12:26.108,InnoDB,UNDO_SPACE_RSEG,776,23,35
1787562746.106,2026-08-24 09:12:26.108,InnoDB,UNDO_SPACE_RSEG,733,22,35
1787562746.106,2026-08-24 09:12:26.108,InnoDB,UNDO_SPACE_RSEG,676,21,32
1787562746.106,2026-08-24 09:12:26.108,InnoDB,UNDO_SPACE_RSEG,704,21,51
1787562746.106,2026-08-24 09:12:26.108,InnoDB,UNDO_SPACE_RSEG,670,20,35
1787562746.106,2026-08-24 09:12:26.108,InnoDB,UNDO_SPACE_RSEG,651,20,27
1787562746.106,2026-08-24 09:12:26.108,InnoDB,UNDO_SPACE_RSEG,694,20,36
1787562746.106,2026-08-24 09:12:26.108,InnoDB,UNDO_SPACE_RSEG,700,20,45
1787562746.106,2026-08-24 09:12:26.108,InnoDB,UNDO_SPACE_RSEG,633,20,35
1787562746.106,2026-08-24 09:12:26.108,InnoDB,UNDO_SPACE_RSEG,672,20,36
1787562746.106,2026-08-24 09:12:26.108,InnoDB,UNDO_SPACE_RSEG,668,19,37
1787562746.106,2026-08-24 09:12:26.108,InnoDB,UNDO_SPACE_RSEG,630,19,39
1787562746.106,2026-08-24 09:12:26.108,InnoDB,UNDO_SPACE_RSEG,622,19,29
1787562746.106,2026-08-24 09:12:26.108,InnoDB,UNDO_SPACE_RSEG,597,18,28
1787562746.106,2026-08-24 09:12:26.108,InnoDB,UNDO_SPACE_RSEG,635,18,41
1787562746.106,2026-08-24 09:12:26.108,InnoDB,UNDO_SPACE_RSEG,605,18,41
1787562746.106,2026-08-24 09:12:26.108,InnoDB,UNDO_SPACE_RSEG,609,18,32
1787562746.106,2026-08-24 09:12:26.108,InnoDB,UNDO_SPACE_RSEG,551,17,34
1787562746.106,2026-08-24 09:12:26.108,InnoDB,UNDO_SPACE_RSEG,611,17,41
1787562746.106,2026-08-24 09:12:26.108,InnoDB,UNDO_SPACE_RSEG,600,17,45
1787562746.106,2026-08-24 09:12:26.108,InnoDB,UNDO_SPACE_RSEG,511,15,35
1787562746.106,2026-08-24 09:12:26.108,InnoDB,UNDO_SPACE_RSEG,447,13,33
1787562746.106,2026-08-24 09:12:26.108,InnoDB,UNDO_SPACE_RSEG,415,11,31
1787562746.106,2026-08-24 09:12:26.108,InnoDB,TRX,104080,5,147269
1787562746.106,2026-08-24 09:12:26.108,InnoDB,LOCK_SYS_PAGE,56,1,45
1787562746.106,2026-08-24 09:12:26.108,InnoDB,LOCK_SYS_TABLE,1140,1,1061
1787562746.106,2026-08-24 09:12:26.108,InnoDB,LOCK_SYS_TABLE,1112,1,1084
1787562746.106,2026-08-24 09:12:26.108,InnoDB,SRV_SYS_TASKS,109825,1,111762
1787562746.106,2026-08-24 09:12:26.108,InnoDB,LOCK_SYS_PAGE,60,1,37
1787562746.106,2026-08-24 09:12:26.108,InnoDB,LOCK_SYS_PAGE,28,0,48
1787562746.106,2026-08-24 09:12:26.108,InnoDB,LOCK_SYS_PAGE,41,0,59
1787562746.106,2026-08-24 09:12:26.108,InnoDB,LOCK_SYS_PAGE,31,0,49
1787562746.106,2026-08-24 09:12:26.108,InnoDB,LOCK_SYS_PAGE,45,0,56
1787562746.106,2026-08-24 09:12:26.108,InnoDB,LOCK_SYS_PAGE,38,0,46
1787562746.106,2026-08-24 09:12:26.108,InnoDB,LOCK_SYS_PAGE,20,0,30
1787562746.106,2026-08-24 09:12:26.108,InnoDB,LOCK_SYS_PAGE,31,0,40
1787562746.106,2026-08-24 09:12:26.108,InnoDB,LOCK_SYS_PAGE,40,0,63
1787562746.106,2026-08-24 09:12:26.108,InnoDB,LOCK_SYS_PAGE,41,0,60
1787562746.106,2026-08-24 09:12:26.108,InnoDB,LOCK_SYS_PAGE,39,0,40
1787562746.106,2026-08-24 09:12:26.108,InnoDB,LOCK_SYS_PAGE,34,0,55
1787562746.106,2026-08-24 09:12:26.108,InnoDB,LOCK_SYS_PAGE,41,0,54
1787562746.106,2026-08-24 09:12:26.108,InnoDB,LOCK_SYS_PAGE,33,0,41
1787562746.106,2026-08-24 09:12:26.108,InnoDB,LOCK_SYS_PAGE,37,0,50
1787562746.106,2026-08-24 09:12:26.108,InnoDB,LOCK_SYS_PAGE,40,0,53
1787562746.106,2026-08-24 09:12:26.108,InnoDB,LOCK_SYS_PAGE,44,0,51
1787562746.106,2026-08-24 09:12:26.108,InnoDB,LOCK_SYS_PAGE,59,0,75
1787562746.106,2026-08-24 09:12:26.108,InnoDB,LOCK_SYS_PAGE,58,0,68
1787562746.106,2026-08-24 09:12:26.108,InnoDB,LOCK_SYS_PAGE,50,0,66
1787562746.106,2026-08-24 09:12:26.108,InnoDB,LOCK_SYS_PAGE,31,0,51
1787562746.106,2026-08-24 09:12:26.108,InnoDB,LOCK_SYS_PAGE,29,0,51
1787562746.106,2026-08-24 09:12:26.108,InnoDB,LOCK_SYS_PAGE,23,0,34
1787562746.106,2026-08-24 09:12:26.108,InnoDB,LOCK_SYS_PAGE,51,0,70
1787562746.106,2026-08-24 09:12:26.108,InnoDB,LOCK_SYS_PAGE,47,0,57
1787562746.106,2026-08-24 09:12:26.108,InnoDB,LOCK_SYS_PAGE,44,0,46
1787562746.106,2026-08-24 09:12:26.108,InnoDB,LOCK_SYS_PAGE,39,0,61
1787562746.106,2026-08-24 09:12:26.108,InnoDB,LOCK_SYS_PAGE,53,0,71
1787562746.106,2026-08-24 09:12:26.108,InnoDB,LOCK_SYS_PAGE,86,0,118
1787562746.106,2026-08-24 09:12:26.108,InnoDB,LOCK_SYS_PAGE,27,0,41
1787562746.106,2026-08-24 09:12:26.108,InnoDB,LOCK_SYS_PAGE,26,0,51
1787562746.106,2026-08-24 09:12:26.108,InnoDB,LOCK_SYS_PAGE,34,0,51
1787562746.106,2026-08-24 09:12:26.108,InnoDB,LOCK_SYS_PAGE,52,0,68
1787562746.106,2026-08-24 09:12:26.108,InnoDB,LOCK_SYS_PAGE,39,0,62
1787562746.106,2026-08-24 09:12:26.108,InnoDB,LOCK_SYS_PAGE,37,0,61
1787562746.106,2026-08-24 09:12:26.108,InnoDB,LOCK_SYS_PAGE,47,0,67
1787562746.106,2026-08-24 09:12:26.108,InnoDB,LOCK_SYS_PAGE,41,0,59
1787562746.106,2026-08-24 09:12:26.108,InnoDB,LOCK_SYS_PAGE,44,0,61
1787562746.106,2026-08-24 09:12:26.108,InnoDB,LOCK_SYS_PAGE,38,0,59
1787562746.106,2026-08-24 09:12:26.108,InnoDB,LOCK_SYS_PAGE,34,0,53
1787562746.106,2026-08-24 09:12:26.108,InnoDB,LOCK_SYS_PAGE,33,0,54
1787562746.106,2026-08-24 09:12:26.108,InnoDB,LOCK_SYS_PAGE,37,0,52
1787562746.106,2026-08-24 09:12:26.108,InnoDB,LOCK_SYS_PAGE,49,0,55
1787562746.106,2026-08-24 09:12:26.108,InnoDB,LOCK_SYS_PAGE,47,0,46
1787562746.106,2026-08-24 09:12:26.108,InnoDB,LOCK_SYS_PAGE,18,0,37
1787562746.106,2026-08-24 09:12:26.108,InnoDB,LOCK_SYS_PAGE,37,0,40
1787562746.106,2026-08-24 09:12:26.108,InnoDB,LOCK_SYS_PAGE,35,0,49
1787562746.106,2026-08-24 09:12:26.108,InnoDB,LOCK_SYS_PAGE,18,0,35
1787562746.106,2026-08-24 09:12:26.108,InnoDB,LOCK_SYS_PAGE,57,0,49
1787562746.106,2026-08-24 09:12:26.108,InnoDB,LOCK_SYS_PAGE,49,0,62
1787562746.106,2026-08-24 09:12:26.108,InnoDB,LOCK_SYS_PAGE,45,0,49
1787562746.106,2026-08-24 09:12:26.108,InnoDB,LOCK_SYS_PAGE,23,0,41
1787562746.106,2026-08-24 09:12:26.108,InnoDB,LOCK_SYS_PAGE,23,0,41
1787562746.106,2026-08-24 09:12:26.108,InnoDB,RECALC_POOL,4,0,10
1787562746.106,2026-08-24 09:12:26.108,InnoDB,LOCK_SYS_PAGE,29,0,48
1787562746.106,2026-08-24 09:12:26.108,InnoDB,LOCK_SYS_PAGE,13,0,40
1787562746.106,2026-08-24 09:12:26.108,InnoDB,LOCK_SYS_PAGE,30,0,53
1787562746.106,2026-08-24 09:12:26.108,InnoDB,LOCK_SYS_PAGE,34,0,53
1787562746.106,2026-08-24 09:12:26.108,InnoDB,LOCK_SYS_PAGE,23,0,34
1787562746.106,2026-08-24 09:12:26.108,InnoDB,LOCK_SYS_PAGE,38,0,55
1787562746.106,2026-08-24 09:12:26.108,InnoDB,LOCK_SYS_PAGE,45,0,59
1787562746.106,2026-08-24 09:12:26.108,InnoDB,LOCK_SYS_PAGE,37,0,42
1787562746.106,2026-08-24 09:12:26.108,InnoDB,LOCK_SYS_PAGE,16,0,34
1787562746.106,2026-08-24 09:12:26.108,InnoDB,LOCK_SYS_PAGE,17,0,41
1787562746.106,2026-08-24 09:12:26.108,InnoDB,LOCK_SYS_PAGE,44,0,62
1787562746.106,2026-08-24 09:12:26.108,InnoDB,LOCK_SYS_PAGE,41,0,61
1787562746.106,2026-08-24 09:12:26.108,InnoDB,LOCK_SYS_PAGE,23,0,38
1787562746.106,2026-08-24 09:12:26.108,InnoDB,LOCK_SYS_PAGE,34,0,49
1787562746.106,2026-08-24 09:12:26.108,InnoDB,LOCK_SYS_PAGE,36,0,64
1787562746.106,2026-08-24 09:12:26.108,InnoDB,LOCK_SYS_PAGE,35,0,43
1787562746.106,2026-08-24 09:12:26.108,InnoDB,LOCK_SYS_PAGE,41,0,47
1787562746.106,2026-08-24 09:12:26.108,InnoDB,LOCK_SYS_TABLE,2,0,2
1787562746.106,2026-08-24 09:12:26.108,InnoDB,LOCK_SYS_TABLE,1119,0,1121
1787562746.106,2026-08-24 09:12:26.108,InnoDB,LOCK_SYS_TABLE,1154,0,1091
1787562746.106,2026-08-24 09:12:26.108,InnoDB,LOCK_SYS_TABLE,1193,0,1100
1787562746.106,2026-08-24 09:12:26.108,InnoDB,LOCK_SYS_TABLE,1142,0,1142
1787562746.106,2026-08-24 09:12:26.108,InnoDB,LOCK_SYS_TABLE,1091,0,1133
1787562746.106,2026-08-24 09:12:26.108,InnoDB,LOCK_SYS_TABLE,1166,0,1085
1787562746.106,2026-08-24 09:12:26.108,InnoDB,LOCK_SYS_TABLE,1045,0,1041
1787562746.106,2026-08-24 09:12:26.108,InnoDB,LOCK_SYS_TABLE,1008,0,1010
1787562746.106,2026-08-24 09:12:26.108,InnoDB,LOCK_SYS_TABLE,1095,0,1107
1787562746.106,2026-08-24 09:12:26.108,InnoDB,LOCK_SYS_PAGE,55,0,61
1787562746.106,2026-08-24 09:12:26.108,InnoDB,LOCK_SYS_PAGE,34,0,54
1787562746.106,2026-08-24 09:12:26.108,InnoDB,LOCK_SYS_PAGE,44,0,54
1787562746.106,2026-08-24 09:12:26.108,InnoDB,LOCK_SYS_PAGE,59,0,52
1787562746.106,2026-08-24 09:12:26.108,InnoDB,LOCK_SYS_PAGE,53,0,74
1787562746.106,2026-08-24 09:12:26.108,InnoDB,LOCK_SYS_PAGE,70,0,61
1787562746.106,2026-08-24 09:12:26.108,InnoDB,LOCK_SYS_PAGE,65,0,61
1787562746.106,2026-08-24 09:12:26.108,InnoDB,LOCK_SYS_PAGE,110,0,88
1787562746.106,2026-08-24 09:12:26.108,InnoDB,LOCK_SYS_TABLE,1132,0,1106
1787562746.106,2026-08-24 09:12:26.108,InnoDB,PARSER,19,0,2
1787562746.106,2026-08-24 09:12:26.108,InnoDB,TRX_POOL_MANAGER,9,0,10
1787562746.106,2026-08-24 09:12:26.108,InnoDB,LOG_LIMITS,81,0,69
1787562746.106,2026-08-24 09:12:26.108,InnoDB,TRX_SYS_SHARD,1,0,1
1787562746.106,2026-08-24 09:12:26.108,InnoDB,TRX_SYS_SHARD,2,0,2
1787562746.106,2026-08-24 09:12:26.108,InnoDB,TRX_SYS_SHARD,1,0,1
1787562746.106,2026-08-24 09:12:26.108,InnoDB,TRX_SYS_SHARD,1,0,1
1787562746.106,2026-08-24 09:12:26.108,InnoDB,LOCK_SYS_TABLE,1162,0,1080
1787562746.106,2026-08-24 09:12:26.108,InnoDB,LOCK_SYS_PAGE,49,0,67
1787562746.106,2026-08-24 09:12:26.108,InnoDB,LOCK_SYS_TABLE,1124,0,1091
1787562746.106,2026-08-24 09:12:26.108,InnoDB,LOCK_SYS_TABLE,1163,0,1075
1787562746.106,2026-08-24 09:12:26.108,InnoDB,LOCK_SYS_TABLE,1184,0,1081
1787562746.106,2026-08-24 09:12:26.108,InnoDB,LOCK_SYS_TABLE,1085,0,1068
1787562746.106,2026-08-24 09:12:26.108,InnoDB,LOCK_SYS_TABLE,1185,0,1159
1787562746.106,2026-08-24 09:12:26.108,InnoDB,LOCK_SYS_TABLE,1103,0,1070
1787562746.106,2026-08-24 09:12:26.108,InnoDB,LOCK_SYS_TABLE,1220,0,1146
1787562746.106,2026-08-24 09:12:26.108,InnoDB,LOCK_SYS_PAGE,50,0,51
1787562746.106,2026-08-24 09:12:26.108,InnoDB,LOCK_SYS_PAGE,25,0,46
1787562746.106,2026-08-24 09:12:26.108,InnoDB,LOCK_SYS_PAGE,52,0,57
1787562746.106,2026-08-24 09:12:26.108,InnoDB,LOCK_SYS_PAGE,60,0,75
1787562746.106,2026-08-24 09:12:26.108,InnoDB,LOCK_SYS_PAGE,29,0,48
1787562746.106,2026-08-24 09:12:26.108,InnoDB,LOCK_SYS_PAGE,27,0,40
1787562746.106,2026-08-24 09:12:26.108,InnoDB,LOCK_SYS_PAGE,69,0,84
1787562746.106,2026-08-24 09:12:26.108,InnoDB,LOCK_SYS_PAGE,48,0,70
1787562746.106,2026-08-24 09:12:26.108,InnoDB,LOCK_SYS_PAGE,43,0,47
1787562746.106,2026-08-24 09:12:26.108,InnoDB,LOCK_SYS_PAGE,33,0,50
1787562746.106,2026-08-24 09:12:26.108,InnoDB,LOCK_SYS_PAGE,44,0,65
1787562746.106,2026-08-24 09:12:26.108,InnoDB,LOCK_SYS_PAGE,47,0,60
1787562746.106,2026-08-24 09:12:26.108,InnoDB,LOCK_SYS_PAGE,41,0,62
1787562746.106,2026-08-24 09:12:26.108,InnoDB,LOCK_SYS_PAGE,32,0,45
1787562746.106,2026-08-24 09:12:26.108,InnoDB,LOCK_SYS_PAGE,63,0,84
1787562746.106,2026-08-24 09:12:26.108,InnoDB,LOCK_SYS_PAGE,40,0,61
1787562746.106,2026-08-24 09:12:26.108,InnoDB,LOCK_SYS_PAGE,27,0,44
1787562746.106,2026-08-24 09:12:26.108,InnoDB,LOCK_SYS_PAGE,21,0,41
1787562746.106,2026-08-24 09:12:26.108,InnoDB,LOCK_SYS_PAGE,29,0,43
1787562746.106,2026-08-24 09:12:26.108,InnoDB,LOCK_SYS_PAGE,36,0,60
1787562746.106,2026-08-24 09:12:26.108,InnoDB,LOCK_SYS_PAGE,36,0,59
1787562746.106,2026-08-24 09:12:26.108,InnoDB,LOCK_SYS_PAGE,39,0,48
1787562746.106,2026-08-24 09:12:26.108,InnoDB,LOCK_SYS_PAGE,58,0,60
1787562746.106,2026-08-24 09:12:26.108,InnoDB,LOCK_SYS_PAGE,33,0,50
1787562746.106,2026-08-24 09:12:26.108,InnoDB,LOCK_SYS_PAGE,32,0,52
1787562746.106,2026-08-24 09:12:26.108,InnoDB,LOCK_SYS_PAGE,36,0,54
1787562746.106,2026-08-24 09:12:26.108,InnoDB,LOCK_SYS_PAGE,48,0,57
1787562746.106,2026-08-24 09:12:26.108,InnoDB,LOCK_SYS_PAGE,51,0,74
1787562746.106,2026-08-24 09:12:26.108,InnoDB,LOCK_SYS_PAGE,60,0,59
1787562746.106,2026-08-24 09:12:26.108,InnoDB,LOCK_SYS_PAGE,33,0,45
1787562746.106,2026-08-24 09:12:26.108,InnoDB,LOCK_SYS_PAGE,36,0,60
1787562746.106,2026-08-24 09:12:26.108,InnoDB,LOCK_SYS_PAGE,31,0,49
1787562746.106,2026-08-24 09:12:26.108,InnoDB,LOCK_SYS_PAGE,30,0,49
1787562746.106,2026-08-24 09:12:26.108,InnoDB,LOCK_SYS_PAGE,47,0,59
1787562746.106,2026-08-24 09:12:26.108,InnoDB,LOCK_SYS_PAGE,42,0,54
1787562746.106,2026-08-24 09:12:26.108,InnoDB,LOCK_SYS_PAGE,27,0,50
1787562746.106,2026-08-24 09:12:26.108,InnoDB,LOCK_SYS_PAGE,33,0,47
1787562746.106,2026-08-24 09:12:26.108,InnoDB,LOCK_SYS_PAGE,48,0,66
1787562746.106,2026-08-24 09:12:26.108,InnoDB,LOCK_SYS_PAGE,44,0,54
1787562746.106,2026-08-24 09:12:26.108,InnoDB,LOCK_SYS_PAGE,27,0,43
1787562746.106,2026-08-24 09:12:26.108,InnoDB,LOCK_SYS_PAGE,32,0,56
1787562746.106,2026-08-24 09:12:26.108,InnoDB,LOCK_SYS_PAGE,62,0,81
1787562746.106,2026-08-24 09:12:26.108,InnoDB,LOCK_SYS_PAGE,45,0,60
1787562746.106,2026-08-24 09:12:26.108,InnoDB,LOCK_SYS_PAGE,39,0,52
1787562746.106,2026-08-24 09:12:26.108,InnoDB,LOCK_SYS_PAGE,38,0,59
1787562746.106,2026-08-24 09:12:26.108,InnoDB,LOCK_SYS_PAGE,58,0,67
1787562746.106,2026-08-24 09:12:26.108,InnoDB,LOCK_SYS_PAGE,62,0,71
1787562746.106,2026-08-24 09:12:26.108,InnoDB,LOCK_SYS_PAGE,25,0,42
1787562746.106,2026-08-24 09:12:26.108,InnoDB,LOCK_SYS_PAGE,28,0,49
1787562746.106,2026-08-24 09:12:26.108,InnoDB,LOCK_SYS_PAGE,57,0,77
1787562746.106,2026-08-24 09:12:26.108,InnoDB,LOCK_SYS_PAGE,52,0,62
1787562746.106,2026-08-24 09:12:26.108,InnoDB,LOCK_SYS_PAGE,25,0,48
1787562746.106,2026-08-24 09:12:26.108,InnoDB,LOCK_SYS_PAGE,38,0,69
1787562746.106,2026-08-24 09:12:26.108,InnoDB,LOCK_SYS_PAGE,40,0,51
1787562746.106,2026-08-24 09:12:26.108,InnoDB,LOCK_SYS_PAGE,58,0,71
1787562746.106,2026-08-24 09:12:26.108,InnoDB,LOCK_SYS_PAGE,43,0,48
1787562746.106,2026-08-24 09:12:26.108,InnoDB,LOCK_SYS_PAGE,29,0,52
1787562746.106,2026-08-24 09:12:26.108,InnoDB,LOCK_SYS_PAGE,43,0,62
1787562746.106,2026-08-24 09:12:26.108,InnoDB,LOCK_SYS_PAGE,43,0,62
1787562746.106,2026-08-24 09:12:26.108,InnoDB,LOCK_SYS_PAGE,26,0,49
1787562746.106,2026-08-24 09:12:26.108,InnoDB,LOCK_SYS_PAGE,29,0,42
1787562746.106,2026-08-24 09:12:26.108,InnoDB,LOCK_SYS_PAGE,27,0,42
1787562746.106,2026-08-24 09:12:26.108,InnoDB,LOCK_SYS_PAGE,45,0,57
1787562746.106,2026-08-24 09:12:26.108,InnoDB,LOCK_SYS_PAGE,31,0,52
1787562746.106,2026-08-24 09:12:26.108,InnoDB,LOCK_SYS_PAGE,56,0,75
1787562746.106,2026-08-24 09:12:26.108,InnoDB,LOCK_SYS_PAGE,43,0,54
1787562746.106,2026-08-24 09:12:26.108,InnoDB,LOCK_SYS_PAGE,41,0,59
1787562746.106,2026-08-24 09:12:26.108,InnoDB,LOCK_SYS_PAGE,31,0,45
1787562746.106,2026-08-24 09:12:26.108,InnoDB,LOCK_SYS_PAGE,44,0,56
1787562746.106,2026-08-24 09:12:26.108,InnoDB,LOCK_SYS_PAGE,34,0,46
1787562746.106,2026-08-24 09:12:26.108,InnoDB,LOCK_SYS_PAGE,37,0,67
1787562746.106,2026-08-24 09:12:26.108,InnoDB,LOCK_SYS_PAGE,21,0,44
1787562746.106,2026-08-24 09:12:26.108,InnoDB,LOCK_SYS_PAGE,38,0,66
1787562746.106,2026-08-24 09:12:26.108,InnoDB,LOCK_SYS_PAGE,38,0,62
1787562746.106,2026-08-24 09:12:26.108,InnoDB,LOCK_SYS_PAGE,37,0,73
1787562746.106,2026-08-24 09:12:26.108,InnoDB,LOCK_SYS_PAGE,22,0,37
1787562746.106,2026-08-24 09:12:26.108,InnoDB,LOCK_SYS_PAGE,50,0,60
1787562746.106,2026-08-24 09:12:26.108,InnoDB,LOCK_SYS_PAGE,44,0,59
1787562746.106,2026-08-24 09:12:26.108,InnoDB,LOCK_SYS_PAGE,50,0,50
1787562746.106,2026-08-24 09:12:26.108,InnoDB,LOCK_SYS_PAGE,32,0,43
1787562746.106,2026-08-24 09:12:26.108,InnoDB,LOCK_SYS_PAGE,36,0,53
1787562746.106,2026-08-24 09:12:26.108,InnoDB,LOCK_SYS_PAGE,47,0,66
1787562746.106,2026-08-24 09:12:26.108,InnoDB,LOCK_SYS_PAGE,33,0,45
1787562746.106,2026-08-24 09:12:26.108,InnoDB,LOCK_SYS_PAGE,34,0,50
1787562746.106,2026-08-24 09:12:26.108,InnoDB,LOCK_SYS_PAGE,32,0,54
1787562746.106,2026-08-24 09:12:26.108,InnoDB,LOCK_SYS_PAGE,35,0,58
1787562746.106,2026-08-24 09:12:26.108,InnoDB,LOCK_SYS_PAGE,29,0,50
1787562746.106,2026-08-24 09:12:26.108,InnoDB,LOCK_SYS_PAGE,32,0,47
1787562746.106,2026-08-24 09:12:26.108,InnoDB,LOCK_SYS_PAGE,29,0,46
1787562746.106,2026-08-24 09:12:26.108,InnoDB,LOCK_SYS_PAGE,31,0,51
1787562746.106,2026-08-24 09:12:26.108,InnoDB,LOCK_SYS_PAGE,20,0,41
1787562746.106,2026-08-24 09:12:26.108,InnoDB,LOCK_SYS_PAGE,35,0,47
1787562746.106,2026-08-24 09:12:26.108,InnoDB,LOCK_SYS_PAGE,30,0,47
1787562746.106,2026-08-24 09:12:26.108,InnoDB,LOCK_SYS_PAGE,23,0,37
1787562746.106,2026-08-24 09:12:26.108,InnoDB,LOCK_SYS_PAGE,49,0,75
1787562746.106,2026-08-24 09:12:26.108,InnoDB,LOCK_SYS_PAGE,24,0,43
1787562746.106,2026-08-24 09:12:26.108,InnoDB,LOCK_SYS_PAGE,17,0,35
1787562746.106,2026-08-24 09:12:26.108,InnoDB,LOCK_SYS_PAGE,49,0,67
1787562746.106,2026-08-24 09:12:26.108,InnoDB,LOCK_SYS_PAGE,55,0,63
1787562746.106,2026-08-24 09:12:26.108,InnoDB,LOCK_SYS_PAGE,41,0,54
1787562746.106,2026-08-24 09:12:26.108,InnoDB,LOCK_SYS_PAGE,29,0,47
1787562746.106,2026-08-24 09:12:26.108,InnoDB,LOCK_SYS_PAGE,45,0,58
1787562746.106,2026-08-24 09:12:26.108,InnoDB,LOCK_SYS_PAGE,38,0,61
1787562746.106,2026-08-24 09:12:26.108,InnoDB,LOCK_SYS_PAGE,68,0,74
1787562746.106,2026-08-24 09:12:26.108,InnoDB,LOCK_SYS_PAGE,22,0,44
1787562746.106,2026-08-24 09:12:26.108,InnoDB,LOCK_SYS_PAGE,52,0,69
1787562746.106,2026-08-24 09:12:26.108,InnoDB,LOCK_SYS_PAGE,50,0,68
1787562746.106,2026-08-24 09:12:26.108,InnoDB,LOCK_SYS_PAGE,26,0,43
1787562746.106,2026-08-24 09:12:26.108,InnoDB,LOCK_SYS_PAGE,40,0,61
1787562746.106,2026-08-24 09:12:26.108,InnoDB,LOCK_SYS_PAGE,51,0,79
1787562746.106,2026-08-24 09:12:26.108,InnoDB,LOCK_SYS_PAGE,60,0,70
1787562746.106,2026-08-24 09:12:26.108,InnoDB,LOCK_SYS_PAGE,36,0,46
1787562746.106,2026-08-24 09:12:26.108,InnoDB,LOCK_SYS_PAGE,42,0,55
1787562746.106,2026-08-24 09:12:26.108,InnoDB,LOCK_SYS_PAGE,51,0,72
1787562746.106,2026-08-24 09:12:26.108,InnoDB,LOCK_SYS_PAGE,20,0,52
1787562746.106,2026-08-24 09:12:26.108,InnoDB,LOCK_SYS_PAGE,31,0,58
1787562746.106,2026-08-24 09:12:26.108,InnoDB,LOCK_SYS_PAGE,35,0,66
1787562746.106,2026-08-24 09:12:26.108,InnoDB,LOCK_SYS_PAGE,50,0,70
1787562746.106,2026-08-24 09:12:26.108,InnoDB,LOCK_SYS_PAGE,33,0,55
1787562746.106,2026-08-24 09:12:26.108,InnoDB,LOCK_SYS_PAGE,29,0,45
1787562746.106,2026-08-24 09:12:26.108,InnoDB,LOCK_SYS_PAGE,109,0,83
1787562746.106,2026-08-24 09:12:26.108,InnoDB,LOCK_SYS_PAGE,35,0,52
1787562746.106,2026-08-24 09:12:26.108,InnoDB,LOCK_SYS_PAGE,57,0,57
1787562746.106,2026-08-24 09:12:26.108,InnoDB,LOCK_SYS_PAGE,26,0,51
1787562746.106,2026-08-24 09:12:26.108,InnoDB,LOCK_SYS_PAGE,40,0,51
1787562746.106,2026-08-24 09:12:26.108,InnoDB,LOCK_SYS_PAGE,37,0,54
1787562746.106,2026-08-24 09:12:26.108,InnoDB,LOCK_SYS_PAGE,35,0,40
1787562746.106,2026-08-24 09:12:26.108,InnoDB,LOCK_SYS_PAGE,32,0,33
1787562746.106,2026-08-24 09:12:26.108,InnoDB,LOCK_SYS_PAGE,48,0,56
1787562746.106,2026-08-24 09:12:26.108,InnoDB,LOCK_SYS_PAGE,45,0,47
1787562746.106,2026-08-24 09:12:26.108,InnoDB,LOCK_SYS_PAGE,21,0,32
1787562746.106,2026-08-24 09:12:26.108,InnoDB,LOCK_SYS_PAGE,54,0,58
1787562746.106,2026-08-24 09:12:26.108,InnoDB,LOCK_SYS_PAGE,37,0,48
1787562746.106,2026-08-24 09:12:26.108,InnoDB,LOCK_SYS_PAGE,37,0,51
1787562746.106,2026-08-24 09:12:26.108,InnoDB,LOCK_SYS_PAGE,27,0,40
1787562746.106,2026-08-24 09:12:26.108,InnoDB,LOCK_SYS_PAGE,32,0,39
1787562746.106,2026-08-24 09:12:26.108,InnoDB,LOCK_SYS_PAGE,46,0,61
1787562746.106,2026-08-24 09:12:26.108,InnoDB,LOCK_SYS_PAGE,52,0,58
1787562746.106,2026-08-24 09:12:26.108,InnoDB,LOCK_SYS_PAGE,36,0,48
1787562746.106,2026-08-24 09:12:26.108,InnoDB,LOCK_SYS_PAGE,45,0,60
1787562746.106,2026-08-24 09:12:26.108,InnoDB,LOCK_SYS_PAGE,22,0,40
1787562746.106,2026-08-24 09:12:26.108,InnoDB,LOCK_SYS_PAGE,17,0,34
1787562746.106,2026-08-24 09:12:26.108,InnoDB,LOCK_SYS_PAGE,57,0,60
1787562746.106,2026-08-24 09:12:26.108,InnoDB,LOCK_SYS_PAGE,46,0,57
1787562746.106,2026-08-24 09:12:26.108,InnoDB,LOCK_SYS_PAGE,27,0,35
1787562746.106,2026-08-24 09:12:26.108,InnoDB,LOCK_SYS_PAGE,28,0,46
1787562746.106,2026-08-24 09:12:26.108,InnoDB,LOCK_SYS_PAGE,41,0,50
1787562746.106,2026-08-24 09:12:26.108,InnoDB,LOCK_SYS_PAGE,47,0,53
1787562746.106,2026-08-24 09:12:26.108,InnoDB,LOCK_SYS_PAGE,24,0,36
1787562746.106,2026-08-24 09:12:26.108,InnoDB,LOCK_SYS_PAGE,42,0,41
1787562746.106,2026-08-24 09:12:26.108,InnoDB,LOCK_SYS_PAGE,29,0,45
1787562746.106,2026-08-24 09:12:26.108,InnoDB,LOCK_SYS_PAGE,20,0,51
1787562746.106,2026-08-24 09:12:26.108,InnoDB,LOCK_SYS_PAGE,43,0,49
1787562746.106,2026-08-24 09:12:26.108,InnoDB,LOCK_SYS_PAGE,35,0,42
1787562746.106,2026-08-24 09:12:26.108,InnoDB,LOCK_SYS_PAGE,33,0,56
1787562746.106,2026-08-24 09:12:26.108,InnoDB,LOCK_SYS_PAGE,40,0,56
1787562746.106,2026-08-24 09:12:26.108,InnoDB,LOCK_SYS_PAGE,27,0,44
1787562746.106,2026-08-24 09:12:26.108,InnoDB,LOCK_SYS_PAGE,21,0,36
1787562746.106,2026-08-24 09:12:26.108,InnoDB,LOCK_SYS_PAGE,34,0,52
1787562746.106,2026-08-24 09:12:26.108,InnoDB,LOCK_SYS_PAGE,44,0,51
1787562746.106,2026-08-24 09:12:26.108,InnoDB,LOCK_SYS_PAGE,27,0,54
1787562746.106,2026-08-24 09:12:26.108,InnoDB,LOCK_SYS_PAGE,35,0,62
1787562746.106,2026-08-24 09:12:26.108,InnoDB,LOCK_SYS_PAGE,38,0,43
1787562746.106,2026-08-24 09:12:26.108,InnoDB,LOCK_SYS_PAGE,30,0,57
1787562746.106,2026-08-24 09:12:26.108,InnoDB,AUTOINC,1,0,1
1787562746.106,2026-08-24 09:12:26.108,InnoDB,AUTOINC,2,0,2
1787562746.106,2026-08-24 09:12:26.108,InnoDB,AUTOINC,1,0,1
1787562746.106,2026-08-24 09:12:26.108,InnoDB,AUTOINC,1,0,2
1787562746.106,2026-08-24 09:12:26.108,InnoDB,FIL_SHARD,2,0,1
1787562746.106,2026-08-24 09:12:26.108,InnoDB,FIL_SHARD,2,0,1
1787562746.106,2026-08-24 09:12:26.108,InnoDB,FIL_SHARD,1,0,1
1787562746.106,2026-08-24 09:12:26.108,InnoDB,FIL_SHARD,1,0,1
1787562746.106,2026-08-24 09:12:26.108,InnoDB,FIL_SHARD,32,0,50
1787562746.106,2026-08-24 09:12:26.108,InnoDB,FIL_SHARD,7895,0,8264
1787562746.106,2026-08-24 09:12:26.108,InnoDB,LOCK_SYS_PAGE,68,0,80
1787562746.106,2026-08-24 09:12:26.108,InnoDB,LOCK_SYS_PAGE,30,0,54
1787562746.106,2026-08-24 09:12:26.108,InnoDB,LOCK_SYS_PAGE,41,0,64
1787562746.106,2026-08-24 09:12:26.108,InnoDB,LOCK_SYS_PAGE,62,0,69
1787562746.106,2026-08-24 09:12:26.108,InnoDB,LOCK_SYS_PAGE,43,0,60
1787562746.106,2026-08-24 09:12:26.108,InnoDB,LOCK_SYS_PAGE,23,0,49
1787562746.106,2026-08-24 09:12:26.108,InnoDB,LOCK_SYS_PAGE,29,0,45
1787562746.106,2026-08-24 09:12:26.108,InnoDB,LOCK_SYS_PAGE,37,0,64
1787562746.106,2026-08-24 09:12:26.108,InnoDB,LOCK_SYS_PAGE,42,0,58
1787562746.106,2026-08-24 09:12:26.108,InnoDB,LOCK_SYS_PAGE,26,0,38
1787562746.106,2026-08-24 09:12:26.108,InnoDB,LOCK_SYS_PAGE,25,0,44
1787562746.106,2026-08-24 09:12:26.108,InnoDB,LOCK_SYS_PAGE,33,0,40
1787562746.106,2026-08-24 09:12:26.108,InnoDB,LOCK_SYS_PAGE,47,0,59
1787562746.106,2026-08-24 09:12:26.108,InnoDB,LOCK_SYS_PAGE,20,0,31
1787562746.106,2026-08-24 09:12:26.108,InnoDB,LOCK_SYS_PAGE,40,0,62
1787562746.106,2026-08-24 09:12:26.108,InnoDB,LOCK_SYS_PAGE,29,0,55
1787562746.106,2026-08-24 09:12:26.108,InnoDB,LOCK_SYS_PAGE,50,0,66
1787562746.106,2026-08-24 09:12:26.108,InnoDB,LOCK_SYS_PAGE,63,0,81
1787562746.106,2026-08-24 09:12:26.108,InnoDB,LOCK_SYS_PAGE,32,0,50
1787562746.106,2026-08-24 09:12:26.108,InnoDB,LOCK_SYS_PAGE,25,0,57
1787562746.106,2026-08-24 09:12:26.108,InnoDB,LOCK_SYS_PAGE,38,0,51
1787562746.106,2026-08-24 09:12:26.108,InnoDB,LOCK_SYS_PAGE,52,0,66
1787562746.106,2026-08-24 09:12:26.108,InnoDB,LOCK_SYS_PAGE,35,0,51
1787562746.106,2026-08-24 09:12:26.108,InnoDB,LOCK_SYS_PAGE,40,0,51
1787562746.106,2026-08-24 09:12:26.108,InnoDB,LOCK_SYS_PAGE,39,0,63
1787562746.106,2026-08-24 09:12:26.108,InnoDB,LOCK_SYS_PAGE,85,0,48
1787562746.106,2026-08-24 09:12:26.108,InnoDB,LOCK_SYS_PAGE,37,0,54
1787562746.106,2026-08-24 09:12:26.108,InnoDB,LOCK_SYS_PAGE,45,0,56
1787562746.106,2026-08-24 09:12:26.108,InnoDB,LOCK_SYS_PAGE,55,0,75
1787562746.106,2026-08-24 09:12:26.108,InnoDB,LOCK_SYS_PAGE,21,0,35
1787562746.106,2026-08-24 09:12:26.108,InnoDB,LOCK_SYS_PAGE,37,0,48
1787562746.106,2026-08-24 09:12:26.108,InnoDB,LOCK_SYS_PAGE,56,0,73
1787562746.106,2026-08-24 09:12:26.108,InnoDB,LOCK_SYS_PAGE,45,0,61
1787562746.106,2026-08-24 09:12:26.108,InnoDB,LOCK_SYS_PAGE,28,0,49
1787562746.106,2026-08-24 09:12:26.108,InnoDB,LOCK_SYS_PAGE,30,0,49
1787562746.106,2026-08-24 09:12:26.108,InnoDB,LOCK_SYS_PAGE,42,0,64
1787562746.106,2026-08-24 09:12:26.108,InnoDB,LOCK_SYS_PAGE,52,0,61
1787562746.106,2026-08-24 09:12:26.108,InnoDB,LOCK_SYS_PAGE,32,0,46
1787562746.106,2026-08-24 09:12:26.108,InnoDB,LOCK_SYS_PAGE,28,0,40
1787562746.106,2026-08-24 09:12:26.108,InnoDB,LOCK_SYS_PAGE,41,0,63
1787562746.106,2026-08-24 09:12:26.108,InnoDB,LOCK_SYS_PAGE,31,0,46
1787562746.106,2026-08-24 09:12:26.108,InnoDB,LOCK_SYS_PAGE,30,0,48
1787562746.106,2026-08-24 09:12:26.108,InnoDB,LOCK_SYS_PAGE,31,0,60
1787562746.106,2026-08-24 09:12:26.108,InnoDB,LOCK_SYS_PAGE,42,0,49
1787562746.106,2026-08-24 09:12:26.108,InnoDB,LOCK_SYS_PAGE,67,0,80
1787562746.106,2026-08-24 09:12:26.108,InnoDB,LOCK_SYS_PAGE,51,0,55
1787562746.106,2026-08-24 09:12:26.108,InnoDB,LOCK_SYS_PAGE,44,0,57
1787562746.106,2026-08-24 09:12:26.108,InnoDB,LOCK_SYS_PAGE,60,0,74
1787562746.106,2026-08-24 09:12:26.108,InnoDB,LOCK_SYS_PAGE,51,0,71
1787562746.106,2026-08-24 09:12:26.108,InnoDB,LOCK_SYS_PAGE,44,0,69
1787562746.106,2026-08-24 09:12:26.108,InnoDB,LOCK_SYS_PAGE,24,0,50
1787562746.106,2026-08-24 09:12:26.108,InnoDB,LOCK_SYS_PAGE,40,0,54
1787562746.106,2026-08-24 09:12:26.108,InnoDB,LOCK_SYS_PAGE,53,0,72
1787562746.106,2026-08-24 09:12:26.108,InnoDB,LOCK_SYS_PAGE,24,0,52
1787562746.106,2026-08-24 09:12:26.108,InnoDB,LOCK_SYS_PAGE,32,0,47
1787562746.106,2026-08-24 09:12:26.108,InnoDB,LOCK_SYS_PAGE,48,0,65
1787562746.106,2026-08-24 09:12:26.108,InnoDB,LOCK_SYS_PAGE,53,0,75
1787562746.106,2026-08-24 09:12:26.108,InnoDB,LOCK_SYS_PAGE,22,0,42
1787562746.106,2026-08-24 09:12:26.108,InnoDB,LOCK_SYS_PAGE,29,0,52
1787562746.106,2026-08-24 09:12:26.108,InnoDB,LOCK_SYS_PAGE,41,0,62
1787562746.106,2026-08-24 09:12:26.108,InnoDB,LOCK_SYS_PAGE,62,0,81
1787562746.106,2026-08-24 09:12:26.108,InnoDB,LOCK_SYS_PAGE,24,0,36
1787562746.106,2026-08-24 09:12:26.108,InnoDB,LOCK_SYS_PAGE,31,0,50
1787562746.106,2026-08-24 09:12:26.108,InnoDB,LOCK_SYS_PAGE,39,0,66
1787562746.106,2026-08-24 09:12:26.108,InnoDB,LOCK_SYS_PAGE,56,0,64
1787562746.106,2026-08-24 09:12:26.108,InnoDB,LOCK_SYS_PAGE,70,0,54
1787562746.106,2026-08-24 09:12:26.108,InnoDB,LOCK_SYS_PAGE,34,0,50
1787562746.106,2026-08-24 09:12:26.108,InnoDB,LOCK_SYS_PAGE,30,0,48
1787562746.106,2026-08-24 09:12:26.108,InnoDB,LOCK_SYS_PAGE,29,0,48
1787562746.106,2026-08-24 09:12:26.108,InnoDB,LOCK_SYS_PAGE,51,0,62
1787562746.106,2026-08-24 09:12:26.108,InnoDB,LOCK_SYS_PAGE,31,0,37
1787562746.106,2026-08-24 09:12:26.108,InnoDB,LOCK_SYS_PAGE,47,0,56
1787562746.106,2026-08-24 09:12:26.108,InnoDB,LOCK_SYS_PAGE,42,0,51
1787562746.106,2026-08-24 09:12:26.108,InnoDB,LOCK_SYS_PAGE,25,0,43
1787562746.106,2026-08-24 09:12:26.108,InnoDB,LOCK_SYS_PAGE,17,0,38
1787562746.106,2026-08-24 09:12:26.108,InnoDB,LOCK_SYS_PAGE,36,0,48
1787562746.106,2026-08-24 09:12:26.108,InnoDB,LOCK_SYS_PAGE,36,0,47
1787562746.106,2026-08-24 09:12:26.108,InnoDB,LOCK_SYS_PAGE,42,0,48
1787562746.106,2026-08-24 09:12:26.108,InnoDB,LOCK_SYS_PAGE,59,0,46
1787562746.106,2026-08-24 09:12:26.108,InnoDB,LOCK_SYS_PAGE,40,0,54
1787562746.106,2026-08-24 09:12:26.108,InnoDB,LOCK_SYS_PAGE,44,0,72
1787562746.106,2026-08-24 09:12:26.108,InnoDB,LOCK_SYS_PAGE,14,0,24
1787562746.106,2026-08-24 09:12:26.108,InnoDB,LOCK_SYS_PAGE,33,0,47
1787562746.106,2026-08-24 09:12:26.108,InnoDB,LOCK_SYS_PAGE,46,0,51
1787562746.106,2026-08-24 09:12:26.108,InnoDB,LOCK_SYS_PAGE,65,0,55
1787562746.106,2026-08-24 09:12:26.108,InnoDB,LOCK_SYS_PAGE,39,0,52
1787562746.106,2026-08-24 09:12:26.108,InnoDB,LOCK_SYS_PAGE,37,0,45
1787562746.106,2026-08-24 09:12:26.108,InnoDB,LOCK_SYS_PAGE,43,0,53
1787562746.106,2026-08-24 09:12:26.108,InnoDB,LOCK_SYS_PAGE,53,0,65
1787562746.106,2026-08-24 09:12:26.108,InnoDB,LOCK_SYS_PAGE,27,0,40
1787562746.106,2026-08-24 09:12:26.108,InnoDB,LOCK_SYS_PAGE,30,0,42
1787562746.106,2026-08-24 09:12:26.108,InnoDB,LOCK_SYS_PAGE,28,0,34
1787562746.106,2026-08-24 09:12:26.108,InnoDB,LOCK_SYS_PAGE,20,0,40
1787562746.106,2026-08-24 09:12:26.108,InnoDB,LOCK_SYS_PAGE,30,0,44
1787562746.106,2026-08-24 09:12:26.108,InnoDB,LOCK_SYS_PAGE,37,0,53
1787562746.106,2026-08-24 09:12:26.108,InnoDB,LOCK_SYS_PAGE,37,0,53
1787562746.106,2026-08-24 09:12:26.108,InnoDB,LOCK_SYS_PAGE,44,0,46
1787562746.106,2026-08-24 09:12:26.108,InnoDB,LOCK_SYS_PAGE,16,0,42
1787562746.106,2026-08-24 09:12:26.108,InnoDB,LOCK_SYS_PAGE,64,0,60
1787562746.106,2026-08-24 09:12:26.108,InnoDB,LOCK_SYS_PAGE,42,0,67
1787562746.106,2026-08-24 09:12:26.108,InnoDB,LOCK_SYS_PAGE,14,0,33
1787562746.106,2026-08-24 09:12:26.108,InnoDB,LOCK_SYS_PAGE,25,0,40
1787562746.106,2026-08-24 09:12:26.108,InnoDB,LOCK_SYS_PAGE,39,0,54
1787562746.106,2026-08-24 09:12:26.108,InnoDB,LOCK_SYS_PAGE,37,0,52
1787562746.106,2026-08-24 09:12:26.108,InnoDB,LOCK_SYS_PAGE,59,0,69
1787562746.106,2026-08-24 09:12:26.108,InnoDB,LOCK_SYS_PAGE,25,0,44
1787562746.106,2026-08-24 09:12:26.108,InnoDB,LOCK_SYS_PAGE,45,0,57
1787562746.106,2026-08-24 09:12:26.108,InnoDB,LOCK_SYS_PAGE,48,0,58
1787562746.106,2026-08-24 09:12:26.108,InnoDB,LOCK_SYS_PAGE,28,0,29
1787562746.106,2026-08-24 09:12:26.108,InnoDB,LOCK_SYS_PAGE,25,0,36
1787562746.106,2026-08-24 09:12:26.108,InnoDB,LOCK_SYS_PAGE,37,0,54
1787562746.106,2026-08-24 09:12:26.108,InnoDB,LOCK_SYS_PAGE,56,0,74
1787562746.106,2026-08-24 09:12:26.108,InnoDB,LOCK_SYS_PAGE,31,0,54
1787562746.106,2026-08-24 09:12:26.108,InnoDB,LOCK_SYS_PAGE,32,0,46
1787562746.106,2026-08-24 09:12:26.108,InnoDB,LOCK_SYS_PAGE,48,0,73
1787562746.106,2026-08-24 09:12:26.108,InnoDB,LOCK_SYS_PAGE,46,0,46
1787562746.106,2026-08-24 09:12:26.108,InnoDB,LOCK_SYS_PAGE,37,0,46
1787562746.106,2026-08-24 09:12:26.108,InnoDB,LOCK_SYS_PAGE,37,0,53
1787562746.106,2026-08-24 09:12:26.108,InnoDB,LOCK_SYS_PAGE,43,0,55
1787562746.106,2026-08-24 09:12:26.108,InnoDB,LOCK_SYS_PAGE,37,0,52
1787562746.106,2026-08-24 09:12:26.108,InnoDB,LOCK_SYS_PAGE,45,0,69
1787562746.106,2026-08-24 09:12:26.108,InnoDB,LOCK_SYS_PAGE,54,0,50
1787562746.106,2026-08-24 09:12:26.108,InnoDB,LOCK_SYS_PAGE,42,0,49
1787562746.106,2026-08-24 09:12:26.108,InnoDB,LOCK_SYS_PAGE,45,0,58
1787562746.106,2026-08-24 09:12:26.108,InnoDB,LOCK_SYS_PAGE,30,0,47
1787562746.106,2026-08-24 09:12:26.108,InnoDB,LOCK_SYS_PAGE,33,0,45
1787562746.106,2026-08-24 09:12:26.108,InnoDB,LOCK_SYS_PAGE,51,0,69
1787562746.106,2026-08-24 09:12:26.108,InnoDB,AUTOINC,3,0,2
1787562746.106,2026-08-24 09:12:26.108,InnoDB,LOCK_SYS_PAGE,28,0,36
1787562746.106,2026-08-24 09:12:26.108,InnoDB,LOCK_SYS_PAGE,30,0,51
1787562746.106,2026-08-24 09:12:26.108,InnoDB,LOCK_SYS_PAGE,53,0,61
1787562746.106,2026-08-24 09:12:26.108,InnoDB,LOCK_SYS_PAGE,39,0,61
1787562746.106,2026-08-24 09:12:26.108,InnoDB,LOCK_SYS_PAGE,23,0,52
1787562746.106,2026-08-24 09:12:26.108,InnoDB,LOCK_SYS_PAGE,28,0,51
1787562746.106,2026-08-24 09:12:26.108,InnoDB,LOCK_SYS_PAGE,54,0,73
1787562746.106,2026-08-24 09:12:26.108,InnoDB,LOCK_SYS_PAGE,50,0,71
1787562746.106,2026-08-24 09:12:26.108,InnoDB,LOCK_SYS_PAGE,37,0,48
1787562746.106,2026-08-24 09:12:26.108,InnoDB,LOCK_SYS_PAGE,24,0,42
1787562746.106,2026-08-24 09:12:26.108,InnoDB,LOCK_SYS_PAGE,48,0,55
1787562746.106,2026-08-24 09:12:26.108,InnoDB,LOCK_SYS_PAGE,51,0,63
1787562746.106,2026-08-24 09:12:26.108,InnoDB,LOCK_SYS_PAGE,23,0,41
1787562746.106,2026-08-24 09:12:26.108,InnoDB,LOCK_SYS_PAGE,22,0,39
1787562746.106,2026-08-24 09:12:26.108,InnoDB,LOCK_SYS_PAGE,30,0,41
1787562746.106,2026-08-24 09:12:26.108,InnoDB,LOCK_SYS_PAGE,30,0,47
1787562746.106,2026-08-24 09:12:26.108,InnoDB,LOCK_SYS_PAGE,38,0,46
1787562746.106,2026-08-24 09:12:26.108,InnoDB,LOCK_SYS_PAGE,36,0,46
1787562746.106,2026-08-24 09:12:26.108,InnoDB,LOCK_SYS_PAGE,33,0,47
1787562746.106,2026-08-24 09:12:26.108,InnoDB,LOCK_SYS_PAGE,38,0,50
1787562746.106,2026-08-24 09:12:26.108,InnoDB,LOCK_SYS_PAGE,22,0,42
1787562746.106,2026-08-24 09:12:26.108,InnoDB,LOCK_SYS_PAGE,18,0,33
1787562746.106,2026-08-24 09:12:26.108,InnoDB,LOCK_SYS_PAGE,27,0,42
1787562746.106,2026-08-24 09:12:26.108,InnoDB,LOCK_SYS_PAGE,40,0,51
1787562746.106,2026-08-24 09:12:26.108,InnoDB,LOCK_SYS_PAGE,21,0,43
1787562746.106,2026-08-24 09:12:26.108,InnoDB,LOCK_SYS_PAGE,32,0,48
1787562746.106,2026-08-24 09:12:26.108,InnoDB,LOCK_SYS_PAGE,33,0,47
1787562746.106,2026-08-24 09:12:26.108,InnoDB,LOCK_SYS_PAGE,27,0,42
1787562746.106,2026-08-24 09:12:26.108,InnoDB,LOCK_SYS_PAGE,29,0,43
1787562746.106,2026-08-24 09:12:26.108,InnoDB,LOCK_SYS_PAGE,30,0,46
1787562746.106,2026-08-24 09:12:26.108,InnoDB,LOCK_SYS_PAGE,47,0,47
1787562746.106,2026-08-24 09:12:26.108,InnoDB,LOCK_SYS_PAGE,18,0,25
1787562746.106,2026-08-24 09:12:26.108,InnoDB,LOCK_SYS_PAGE,22,0,32
1787562746.106,2026-08-24 09:12:26.108,InnoDB,LOCK_SYS_PAGE,47,0,54
1787562746.106,2026-08-24 09:12:26.108,InnoDB,LOCK_SYS_PAGE,44,0,47
1787562746.106,2026-08-24 09:12:26.108,InnoDB,LOCK_SYS_PAGE,22,0,30
1787562746.106,2026-08-24 09:12:26.108,InnoDB,LOCK_SYS_PAGE,28,0,42
1787562746.106,2026-08-24 09:12:26.108,InnoDB,LOCK_SYS_PAGE,46,0,61
1787562746.106,2026-08-24 09:12:26.108,InnoDB,LOCK_SYS_PAGE,57,0,80
1787562746.106,2026-08-24 09:12:26.108,InnoDB,LOCK_SYS_PAGE,45,0,57
1787562746.106,2026-08-24 09:12:26.108,InnoDB,LOCK_SYS_PAGE,35,0,56
1787562746.106,2026-08-24 09:12:26.108,InnoDB,LOCK_SYS_PAGE,27,0,46
1787562746.106,2026-08-24 09:12:26.108,InnoDB,LOCK_SYS_PAGE,34,0,50
1787562746.106,2026-08-24 09:12:26.108,InnoDB,LOCK_SYS_PAGE,27,0,42
1787562746.106,2026-08-24 09:12:26.108,InnoDB,LOCK_SYS_PAGE,39,0,55
1787562746.106,2026-08-24 09:12:26.108,InnoDB,LOCK_SYS_PAGE,31,0,44
1787562746.106,2026-08-24 09:12:26.108,InnoDB,LOCK_SYS_PAGE,22,0,49
1787562746.106,2026-08-24 09:12:26.108,InnoDB,LOCK_SYS_PAGE,34,0,61
1787562746.106,2026-08-24 09:12:26.108,InnoDB,LOCK_SYS_PAGE,51,0,63
1787562746.106,2026-08-24 09:12:26.108,InnoDB,LOCK_SYS_PAGE,24,0,34
1787562746.106,2026-08-24 09:12:26.108,InnoDB,LOCK_SYS_PAGE,36,0,51
1787562746.106,2026-08-24 09:12:26.108,InnoDB,LOCK_SYS_PAGE,38,0,52
1787562746.106,2026-08-24 09:12:26.108,InnoDB,LOCK_SYS_PAGE,57,0,65
1787562746.106,2026-08-24 09:12:26.108,InnoDB,LOCK_SYS_PAGE,25,0,34
1787562746.106,2026-08-24 09:12:26.108,InnoDB,LOCK_SYS_PAGE,23,0,39
1787562746.106,2026-08-24 09:12:26.108,InnoDB,LOCK_SYS_PAGE,45,0,60
1787562746.106,2026-08-24 09:12:26.108,InnoDB,LOCK_SYS_PAGE,82,0,64
1787562746.106,2026-08-24 09:12:26.108,InnoDB,LOCK_SYS_PAGE,22,0,41
1787562746.106,2026-08-24 09:12:26.108,InnoDB,LOCK_SYS_PAGE,39,0,59
1787562746.106,2026-08-24 09:12:26.108,InnoDB,LOCK_SYS_PAGE,44,0,52
1787562746.106,2026-08-24 09:12:26.108,InnoDB,LOCK_SYS_PAGE,57,0,73
1787562746.106,2026-08-24 09:12:26.108,InnoDB,LOCK_SYS_PAGE,30,0,44
1787562746.106,2026-08-24 09:12:26.108,InnoDB,LOCK_SYS_PAGE,26,0,42
1787562746.106,2026-08-24 09:12:26.108,InnoDB,LOCK_SYS_PAGE,39,0,50
1787562746.106,2026-08-24 09:12:26.108,InnoDB,LOCK_SYS_PAGE,43,0,52
1787562746.106,2026-08-24 09:12:26.108,InnoDB,LOCK_SYS_PAGE,67,0,74
1787562746.106,2026-08-24 09:12:26.108,InnoDB,LOCK_SYS_PAGE,59,0,73
1787562746.106,2026-08-24 09:12:26.108,InnoDB,LOCK_SYS_PAGE,60,0,74
1787562746.106,2026-08-24 09:12:26.108,InnoDB,LOCK_SYS_PAGE,35,0,40
1787562746.106,2026-08-24 09:12:26.108,InnoDB,LOCK_SYS_PAGE,31,0,46
1787562746.106,2026-08-24 09:12:26.108,InnoDB,LOCK_SYS_PAGE,48,0,56
1787562746.106,2026-08-24 09:12:26.108,InnoDB,LOCK_SYS_PAGE,53,0,65
1787562746.106,2026-08-24 09:12:26.108,InnoDB,LOCK_SYS_PAGE,31,0,40
1787562746.106,2026-08-24 09:12:26.108,InnoDB,LOCK_SYS_PAGE,29,0,36
1787562746.106,2026-08-24 09:12:26.108,InnoDB,LOCK_SYS_PAGE,56,0,56
1787562746.106,2026-08-24 09:12:26.108,InnoDB,LOCK_SYS_PAGE,66,0,66
1787562746.106,2026-08-24 09:12:26.108,InnoDB,LOCK_SYS_PAGE,28,0,33
1787562746.106,2026-08-24 09:12:26.108,InnoDB,LOCK_SYS_PAGE,28,0,38
1787562746.106,2026-08-24 09:12:26.108,InnoDB,LOCK_SYS_PAGE,29,0,41
1787562746.106,2026-08-24 09:12:26.108,InnoDB,LOCK_SYS_PAGE,38,0,57
1787562746.106,2026-08-24 09:12:26.108,InnoDB,LOCK_SYS_PAGE,25,0,43
1787562746.106,2026-08-24 09:12:26.108,InnoDB,LOCK_SYS_PAGE,21,0,33
1787562746.106,2026-08-24 09:12:26.108,InnoDB,LOCK_SYS_PAGE,62,0,77
1787562746.106,2026-08-24 09:12:26.108,InnoDB,LOCK_SYS_PAGE,45,0,60
1787562746.106,2026-08-24 09:12:26.108,InnoDB,LOCK_SYS_PAGE,27,0,45
1787562746.106,2026-08-24 09:12:26.108,InnoDB,LOCK_SYS_PAGE,19,0,30
1787562746.106,2026-08-24 09:12:26.108,InnoDB,LOCK_SYS_PAGE,39,0,58
1787562746.106,2026-08-24 09:12:26.108,InnoDB,LOCK_SYS_PAGE,46,0,64
1787562746.106,2026-08-24 09:12:26.108,InnoDB,LOCK_SYS_PAGE,45,0,39
1787562746.106,2026-08-24 09:12:26.108,InnoDB,LOCK_SYS_PAGE,28,0,46
1787562746.106,2026-08-24 09:12:26.108,InnoDB,LOCK_SYS_PAGE,40,0,52
1787562746.106,2026-08-24 09:12:26.108,InnoDB,LOCK_SYS_PAGE,59,0,85
1787562746.106,2026-08-24 09:12:26.108,InnoDB,LOCK_SYS_PAGE,66,0,72
1787562746.106,2026-08-24 09:12:26.108,InnoDB,LOCK_SYS_PAGE,30,0,47
1787562746.106,2026-08-24 09:12:26.108,InnoDB,LOCK_SYS_PAGE,32,0,45
1787562746.106,2026-08-24 09:12:26.108,InnoDB,LOCK_SYS_PAGE,48,0,67
1787562746.106,2026-08-24 09:12:26.108,InnoDB,LOCK_SYS_PAGE,58,0,79
1787562746.106,2026-08-24 09:12:26.108,InnoDB,LOCK_SYS_PAGE,24,0,42
1787562746.106,2026-08-24 09:12:26.108,InnoDB,LOCK_SYS_PAGE,34,0,48
1787562746.106,2026-08-24 09:12:26.108,InnoDB,LOCK_SYS_PAGE,53,0,61
1787562746.106,2026-08-24 09:12:26.108,InnoDB,LOCK_SYS_PAGE,37,0,47
1787562746.106,2026-08-24 09:12:26.108,InnoDB,LOCK_SYS_PAGE,37,0,52
1787562746.106,2026-08-24 09:12:26.108,InnoDB,LOCK_SYS_PAGE,24,0,48
1787562746.106,2026-08-24 09:12:26.108,InnoDB,LOCK_SYS_PAGE,31,0,50
1787562746.106,2026-08-24 09:12:26.108,InnoDB,LOCK_SYS_PAGE,55,0,80
1787562746.106,2026-08-24 09:12:26.108,InnoDB,LOCK_SYS_PAGE,37,0,59
1787562746.106,2026-08-24 09:12:26.108,InnoDB,LOCK_SYS_PAGE,24,0,46
1787562746.106,2026-08-24 09:12:26.108,InnoDB,LOCK_SYS_PAGE,47,0,72
1787562746.106,2026-08-24 09:12:26.108,InnoDB,LOCK_SYS_PAGE,58,0,79
1787562746.106,2026-08-24 09:12:26.108,InnoDB,LOCK_SYS_PAGE,29,0,46
1787562746.106,2026-08-24 09:12:26.108,InnoDB,LOCK_SYS_PAGE,22,0,51
1787562746.106,2026-08-24 09:12:26.108,InnoDB,LOCK_SYS_PAGE,48,0,76
1787562746.106,2026-08-24 09:12:26.108,InnoDB,LOCK_SYS_PAGE,37,0,53
1787562746.106,2026-08-24 09:12:26.108,InnoDB,LOCK_SYS_PAGE,17,0,37
1787562746.106,2026-08-24 09:12:26.108,InnoDB,LOCK_SYS_PAGE,36,0,49
1787562746.106,2026-08-24 09:12:26.108,InnoDB,LOCK_SYS_PAGE,33,0,48
1787562746.106,2026-08-24 09:12:26.108,InnoDB,LOCK_SYS_PAGE,24,0,47
1787562746.106,2026-08-24 09:12:26.108,InnoDB,LOCK_SYS_PAGE,23,0,49
1787562746.106,2026-08-24 09:12:26.108,InnoDB,LOCK_SYS_PAGE,34,0,59
1787562746.106,2026-08-24 09:12:26.108,InnoDB,LOCK_SYS_PAGE,38,0,60
1787562746.106,2026-08-24 09:12:26.108,InnoDB,LOCK_SYS_PAGE,21,0,39
1787562746.106,2026-08-24 09:12:26.108,InnoDB,LOCK_SYS_PAGE,24,0,44
1787562746.106,2026-08-24 09:12:26.108,InnoDB,LOCK_SYS_PAGE,79,0,54
1787562746.106,2026-08-24 09:12:26.108,InnoDB,LOCK_SYS_PAGE,55,0,66
1787562746.106,2026-08-24 09:12:26.108,InnoDB,LOCK_SYS_PAGE,33,0,46
1787562746.106,2026-08-24 09:12:26.108,InnoDB,LOCK_SYS_PAGE,37,0,59
1787562746.106,2026-08-24 09:12:26.108,InnoDB,LOCK_SYS_PAGE,63,0,70
1787562746.106,2026-08-24 09:12:26.108,InnoDB,LOCK_SYS_PAGE,71,0,84
1787562746.106,2026-08-24 09:12:26.108,InnoDB,LOCK_SYS_PAGE,36,0,45
1787562746.106,2026-08-24 09:12:26.108,InnoDB,LOCK_SYS_PAGE,35,0,57
1787562746.106,2026-08-24 09:12:26.108,InnoDB,LOCK_SYS_PAGE,55,0,69
1787562746.106,2026-08-24 09:12:26.108,InnoDB,LOCK_SYS_PAGE,44,0,56
1787562746.106,2026-08-24 09:12:26.108,InnoDB,LOCK_SYS_PAGE,29,0,47
1787562746.106,2026-08-24 09:12:26.108,InnoDB,LOCK_SYS_PAGE,40,0,48
1787562746.106,2026-08-24 09:12:26.108,InnoDB,LOCK_SYS_PAGE,45,0,67
1787562746.106,2026-08-24 09:12:26.108,InnoDB,LOCK_SYS_PAGE,58,0,70
1787562746.106,2026-08-24 09:12:26.108,InnoDB,LOCK_SYS_PAGE,24,0,47
1787562746.106,2026-08-24 09:12:26.108,InnoDB,LOCK_SYS_PAGE,28,0,50
1787562746.106,2026-08-24 09:12:26.108,InnoDB,LOCK_SYS_PAGE,51,0,72
1787562746.106,2026-08-24 09:12:26.108,InnoDB,LOCK_SYS_PAGE,51,0,73
1787562746.106,2026-08-24 09:12:26.108,InnoDB,LOCK_SYS_PAGE,33,0,58
1787562746.106,2026-08-24 09:12:26.108,InnoDB,rwlock: fil0fil.cc:3294,,46823,
1787562746.106,2026-08-24 09:12:26.108,InnoDB,rwlock: fil0fil.cc:3294,,48455,
1787562746.106,2026-08-24 09:12:26.108,InnoDB,rwlock: dict0dict.cc:2555,,47309,
1787562746.106,2026-08-24 09:12:26.108,InnoDB,rwlock: dict0dict.cc:2555,,47278,
1787562746.106,2026-08-24 09:12:26.108,InnoDB,rwlock: dict0dict.cc:2555,,48027,
1787562746.106,2026-08-24 09:12:26.108,InnoDB,rwlock: dict0dict.cc:2555,,47850,
1787562746.106,2026-08-24 09:12:26.108,InnoDB,rwlock: dict0dict.cc:2555,,47613,
1787562746.106,2026-08-24 09:12:26.108,InnoDB,rwlock: dict0dict.cc:2555,,47886,
1787562746.106,2026-08-24 09:12:26.108,InnoDB,rwlock: dict0dict.cc:2555,,47938,
1787562746.106,2026-08-24 09:12:26.108,InnoDB,rwlock: dict0dict.cc:2555,,48832,
1787562746.106,2026-08-24 09:12:26.108,InnoDB,rwlock: dict0dict.cc:2555,,47904,
1787562746.106,2026-08-24 09:12:26.108,InnoDB,rwlock: dict0dict.cc:2555,,48138,
1787562746.106,2026-08-24 09:12:26.108,InnoDB,rwlock: dict0dict.cc:2555,,47495,
1787562746.106,2026-08-24 09:12:26.108,InnoDB,rwlock: dict0dict.cc:2555,,47620,
1787562746.106,2026-08-24 09:12:26.108,InnoDB,rwlock: dict0dict.cc:2555,,47133,
1787562746.106,2026-08-24 09:12:26.108,InnoDB,rwlock: dict0dict.cc:2555,,46789,
1787562746.106,2026-08-24 09:12:26.108,InnoDB,rwlock: dict0dict.cc:2555,,47580,
1787562746.106,2026-08-24 09:12:26.108,InnoDB,rwlock: dict0dict.cc:2555,,47041,
1787562746.106,2026-08-24 09:12:26.108,InnoDB,rwlock: dict0dict.cc:2555,,47613,
1787562746.106,2026-08-24 09:12:26.108,InnoDB,rwlock: dict0dict.cc:2555,,47205,
1787562746.106,2026-08-24 09:12:26.108,InnoDB,rwlock: dict0dict.cc:2555,,47993,
1787562746.106,2026-08-24 09:12:26.108,InnoDB,rwlock: dict0dict.cc:2555,,46825,
1787562746.106,2026-08-24 09:12:26.108,InnoDB,rwlock: dict0dict.cc:2555,,2,
1787562746.106,2026-08-24 09:12:26.108,InnoDB,rwlock: dict0dict.cc:2555,,2,
1787562746.106,2026-08-24 09:12:26.108,InnoDB,rwlock: dict0dict.cc:2555,,2,
1787562746.106,2026-08-24 09:12:26.108,InnoDB,rwlock: dict0dict.cc:2555,,2,
1787562746.106,2026-08-24 09:12:26.108,InnoDB,rwlock: dict0dict.cc:2555,,2,
1787562746.106,2026-08-24 09:12:26.108,InnoDB,rwlock: dict0dict.cc:2555,,2,
1787562746.106,2026-08-24 09:12:26.108,InnoDB,rwlock: dict0dict.cc:2555,,2,
1787562746.106,2026-08-24 09:12:26.108,InnoDB,rwlock: dict0dict.cc:2555,,2,
1787562746.106,2026-08-24 09:12:26.108,InnoDB,rwlock: dict0dict.cc:2555,,2,
1787562746.106,2026-08-24 09:12:26.108,InnoDB,rwlock: fil0fil.cc:3294,,1,
1787562746.106,2026-08-24 09:12:26.108,InnoDB,rwlock: dict0dict.cc:2555,,2,
1787562746.106,2026-08-24 09:12:26.108,InnoDB,rwlock: dict0dict.cc:2555,,2,
1787562746.106,2026-08-24 09:12:26.108,InnoDB,rwlock: dict0dict.cc:2555,,2,
1787562746.106,2026-08-24 09:12:26.108,InnoDB,rwlock: dict0dict.cc:2555,,2,
1787562746.106,2026-08-24 09:12:26.108,InnoDB,rwlock: dict0dict.cc:2555,,3,
1787562746.106,2026-08-24 09:12:26.108,InnoDB,rwlock: fil0fil.cc:3294,,1,
1787562746.106,2026-08-24 09:12:26.108,InnoDB,rwlock: dict0dict.cc:2555,,2,
1787562746.106,2026-08-24 09:12:26.108,InnoDB,rwlock: dict0dict.cc:2555,,2,
1787562746.106,2026-08-24 09:12:26.108,InnoDB,rwlock: dict0dict.cc:2555,,2,
1787562746.106,2026-08-24 09:12:26.108,InnoDB,rwlock: dict0dict.cc:2555,,2,
1787562746.106,2026-08-24 09:12:26.108,InnoDB,rwlock: dict0dict.cc:2555,,3,
1787562746.106,2026-08-24 09:12:26.108,InnoDB,rwlock: dict0dict.cc:2555,,2,
1787562746.106,2026-08-24 09:12:26.108,InnoDB,rwlock: dict0dict.cc:326,,153,
1787562746.106,2026-08-24 09:12:26.108,InnoDB,rwlock: dict0dict.cc:2555,,3,
1787562746.106,2026-08-24 09:12:26.108,InnoDB,rwlock: dict0dict.cc:326,,1,
1787562746.106,2026-08-24 09:12:26.108,InnoDB,rwlock: dict0dict.cc:326,,2,
1787562746.106,2026-08-24 09:12:26.108,InnoDB,rwlock: dict0dict.cc:326,,1,
1787562746.106,2026-08-24 09:12:26.108,InnoDB,rwlock: fil0fil.cc:3294,,2,
1787562746.106,2026-08-24 09:12:26.108,InnoDB,rwlock: dict0dict.cc:1027,,19,
1787562746.106,2026-08-24 09:12:26.108,InnoDB,rwlock: hash0hash.cc:117,,1278293,
1787562746.106,2026-08-24 09:12:26.108,InnoDB,rwlock: hash0hash.cc:117,,1453840,
1787562746.106,2026-08-24 09:12:26.108,InnoDB,rwlock: hash0hash.cc:117,,1139594,
1787562746.106,2026-08-24 09:12:26.108,InnoDB,rwlock: hash0hash.cc:117,,965700,
1787562746.106,2026-08-24 09:12:26.108,InnoDB,rwlock: hash0hash.cc:117,,1107071,
1787562746.106,2026-08-24 09:12:26.108,InnoDB,rwlock: hash0hash.cc:117,,1094352,
1787562746.106,2026-08-24 09:12:26.108,InnoDB,rwlock: hash0hash.cc:117,,1101486,
1787562746.106,2026-08-24 09:12:26.108,InnoDB,rwlock: hash0hash.cc:117,,1085772,
1787562746.106,2026-08-24 09:12:26.108,InnoDB,rwlock: hash0hash.cc:117,,1300320,
1787562746.106,2026-08-24 09:12:26.108,InnoDB,rwlock: hash0hash.cc:117,,1358604,
1787562746.106,2026-08-24 09:12:26.108,InnoDB,rwlock: hash0hash.cc:117,,1513447,
1787562746.106,2026-08-24 09:12:26.108,InnoDB,rwlock: hash0hash.cc:117,,1531767,
1787562746.106,2026-08-24 09:12:26.108,InnoDB,rwlock: hash0hash.cc:117,,1528518,
1787562746.106,2026-08-24 09:12:26.108,InnoDB,rwlock: hash0hash.cc:117,,1678464,
1787562746.106,2026-08-24 09:12:26.108,InnoDB,rwlock: hash0hash.cc:117,,1517042,
1787562746.106,2026-08-24 09:12:26.108,InnoDB,rwlock: hash0hash.cc:117,,1371342,
1787562746.106,2026-08-24 09:12:26.108,InnoDB,sum rwlock: buf0buf.cc:857,,7192405,
