timestamp_unix,timestamp_human,type,name,spins,waits,calls
1787563194.676,2026-08-24 09:19:54.677,InnoDB,BUF_POOL_LRU_LIST,3641136539,1145184627,355142120
1787563194.676,2026-08-24 09:19:54.677,InnoDB,LOG_WRITER,4086509,136159,613
1787563194.676,2026-08-24 09:19:54.677,InnoDB,FLUSH_LIST,3106414,49786,1473018
1787563194.676,2026-08-24 09:19:54.677,InnoDB,BUF_BLOCK_MUTEX,947450,15656,122811
1787563194.676,2026-08-24 09:19:54.677,InnoDB,BUF_POOL_FLUSH_STATE,13066831,12301,6682599
1787563194.676,2026-08-24 09:19:54.677,InnoDB,BUF_POOL_FREE_LIST,16147054,2271,15712284
1787563194.676,2026-08-24 09:19:54.677,InnoDB,TRX_SYS,349950,1561,262822
1787563194.676,2026-08-24 09:19:54.677,InnoDB,UNDO_SPACE_RSEG,21689,710,93
1787563194.676,2026-08-24 09:19:54.677,InnoDB,TRX_SYS_SERIALISATION,44187,604,23402
1787563194.676,2026-08-24 09:19:54.677,InnoDB,UNDO_SPACE_RSEG,17966,590,111
1787563194.676,2026-08-24 09:19:54.677,InnoDB,UNDO_SPACE_RSEG,15570,508,109
1787563194.676,2026-08-24 09:19:54.677,InnoDB,UNDO_SPACE_RSEG,15319,501,101
1787563194.676,2026-08-24 09:19:54.677,InnoDB,UNDO_SPACE_RSEG,14925,484,131
1787563194.676,2026-08-24 09:19:54.677,InnoDB,UNDO_SPACE_RSEG,13313,438,77
1787563194.676,2026-08-24 09:19:54.677,InnoDB,DICT_PERSIST_DIRTY_TABLES,16199,428,932
1787563194.676,2026-08-24 09:19:54.677,InnoDB,UNDO_SPACE_RSEG,12926,420,100
1787563194.676,2026-08-24 09:19:54.677,InnoDB,UNDO_SPACE_RSEG,12020,386,107
1787563194.676,2026-08-24 09:19:54.677,InnoDB,UNDO_SPACE_RSEG,11688,379,87
1787563194.676,2026-08-24 09:19:54.677,InnoDB,UNDO_SPACE_RSEG,11758,375,131
1787563194.676,2026-08-24 09:19:54.677,InnoDB,IBUF_BITMAP,25269,371,7559
1787563194.676,2026-08-24 09:19:54.677,InnoDB,UNDO_SPACE_RSEG,10559,343,87
1787563194.676,2026-08-24 09:19:54.677,InnoDB,UNDO_SPACE_RSEG,10336,335,89
1787563194.676,2026-08-24 09:19:54.677,InnoDB,UNDO_SPACE_RSEG,10238,326,94
1787563194.676,2026-08-24 09:19:54.677,InnoDB,UNDO_SPACE_RSEG,10155,322,102
1787563194.676,2026-08-24 09:19:54.677,InnoDB,UNDO_SPACE_RSEG,9826,318,89
1787563194.676,2026-08-24 09:19:54.677,InnoDB,UNDO_SPACE_RSEG,9612,312,96
1787563194.676,2026-08-24 09:19:54.677,InnoDB,UNDO_SPACE_RSEG,9516,309,87
1787563194.676,2026-08-24 09:19:54.677,InnoDB,UNDO_SPACE_RSEG,9529,307,86
1787563194.676,2026-08-24 09:19:54.677,InnoDB,LOG_FILES,12623,293,485
1787563194.676,2026-08-24 09:19:54.677,InnoDB,UNDO_SPACE_RSEG,9011,292,85
1787563194.676,2026-08-24 09:19:54.677,InnoDB,UNDO_SPACE_RSEG,8902,288,78
1787563194.676,2026-08-24 09:19:54.677,InnoDB,UNDO_SPACE_RSEG,8692,277,88
1787563194.676,2026-08-24 09:19:54.677,InnoDB,UNDO_SPACE_RSEG,8702,276,77
1787563194.676,2026-08-24 09:19:54.677,InnoDB,UNDO_SPACE_RSEG,8418,275,78
1787563194.676,2026-08-24 09:19:54.677,InnoDB,UNDO_SPACE_RSEG,8234,269,64
1787563194.676,2026-08-24 09:19:54.677,InnoDB,UNDO_SPACE_RSEG,8009,262,69
1787563194.676,2026-08-24 09:19:54.677,InnoDB,UNDO_SPACE_RSEG,7850,253,74
1787563194.676,2026-08-24 09:19:54.677,InnoDB,UNDO_SPACE_RSEG,7717,252,85
1787563194.676,2026-08-24 09:19:54.677,InnoDB,UNDO_SPACE_RSEG,7870,250,80
1787563194.676,2026-08-24 09:19:54.677,InnoDB,UNDO_SPACE_RSEG,7618,250,58
1787563194.676,2026-08-24 09:19:54.677,InnoDB,UNDO_SPACE_RSEG,7388,238,82
1787563194.676,2026-08-24 09:19:54.677,InnoDB,UNDO_SPACE_RSEG,7203,231,72
1787563194.676,2026-08-24 09:19:54.677,InnoDB,UNDO_SPACE_RSEG,7044,224,85
1787563194.676,2026-08-24 09:19:54.677,InnoDB,UNDO_SPACE_RSEG,6830,219,69
1787563194.676,2026-08-24 09:19:54.677,InnoDB,UNDO_SPACE_RSEG,6381,205,72
1787563194.676,2026-08-24 09:19:54.677,InnoDB,UNDO_SPACE_RSEG,6176,197,83
1787563194.676,2026-08-24 09:19:54.677,InnoDB,UNDO_SPACE_RSEG,5894,189,71
1787563194.676,2026-08-24 09:19:54.677,InnoDB,UNDO_SPACE_RSEG,5762,184,92
1787563194.676,2026-08-24 09:19:54.677,InnoDB,UNDO_SPACE_RSEG,5574,181,63
1787563194.676,2026-08-24 09:19:54.677,InnoDB,UNDO_SPACE_RSEG,5488,177,78
1787563194.676,2026-08-24 09:19:54.677,InnoDB,UNDO_SPACE_RSEG,5475,177,74
1787563194.676,2026-08-24 09:19:54.677,InnoDB,LOG_FLUSHER,6321,177,277
1787563194.676,2026-08-24 09:19:54.677,InnoDB,UNDO_SPACE_RSEG,5418,173,67
1787563194.676,2026-08-24 09:19:54.677,InnoDB,UNDO_SPACE_RSEG,5491,172,77
1787563194.676,2026-08-24 09:19:54.677,InnoDB,UNDO_SPACE_RSEG,5073,165,55
1787563194.676,2026-08-24 09:19:54.677,InnoDB,UNDO_SPACE_RSEG,5207,165,72
1787563194.676,2026-08-24 09:19:54.677,InnoDB,UNDO_SPACE_RSEG,4802,156,62
1787563194.676,2026-08-24 09:19:54.677,InnoDB,UNDO_SPACE_RSEG,4945,156,70
1787563194.676,2026-08-24 09:19:54.677,InnoDB,PURGE_SYS_PQ,25823,154,19312
1787563194.676,2026-08-24 09:19:54.677,InnoDB,UNDO_SPACE_RSEG,4783,148,72
1787563194.676,2026-08-24 09:19:54.677,InnoDB,UNDO_SPACE_RSEG,4484,147,63
1787563194.676,2026-08-24 09:19:54.677,InnoDB,UNDO_SPACE_RSEG,4535,145,68
1787563194.676,2026-08-24 09:19:54.677,InnoDB,UNDO_SPACE_RSEG,4540,145,82
1787563194.676,2026-08-24 09:19:54.677,InnoDB,UNDO_SPACE_RSEG,4632,144,62
1787563194.676,2026-08-24 09:19:54.677,InnoDB,UNDO_SPACE_RSEG,4554,143,65
1787563194.676,2026-08-24 09:19:54.677,InnoDB,SRV_SYS,262451,141,170864
1787563194.676,2026-08-24 09:19:54.677,InnoDB,UNDO_SPACE_RSEG,4338,141,62
1787563194.676,2026-08-24 09:19:54.677,InnoDB,UNDO_SPACE_RSEG,4493,141,78
1787563194.676,2026-08-24 09:19:54.677,InnoDB,UNDO_SPACE_RSEG,4551,140,62
1787563194.676,2026-08-24 09:19:54.677,InnoDB,UNDO_SPACE_RSEG,4351,138,59
1787563194.676,2026-08-24 09:19:54.677,InnoDB,UNDO_SPACE_RSEG,4272,136,67
1787563194.676,2026-08-24 09:19:54.677,InnoDB,UNDO_SPACE_RSEG,4151,133,73
1787563194.676,2026-08-24 09:19:54.677,InnoDB,UNDO_SPACE_RSEG,4055,131,71
1787563194.676,2026-08-24 09:19:54.677,InnoDB,UNDO_SPACE_RSEG,4141,129,72
1787563194.676,2026-08-24 09:19:54.677,InnoDB,UNDO_SPACE_RSEG,3981,127,63
1787563194.676,2026-08-24 09:19:54.677,InnoDB,UNDO_SPACE_RSEG,3835,123,62
1787563194.676,2026-08-24 09:19:54.677,InnoDB,UNDO_SPACE_RSEG,3776,121,53
1787563194.676,2026-08-24 09:19:54.677,InnoDB,UNDO_SPACE_RSEG,3688,121,68
1787563194.676,2026-08-24 09:19:54.677,InnoDB,UNDO_SPACE_RSEG,3671,116,61
1787563194.676,2026-08-24 09:19:54.677,InnoDB,UNDO_SPACE_RSEG,3530,115,65
1787563194.676,2026-08-24 09:19:54.677,InnoDB,UNDO_SPACE_RSEG,3473,112,58
1787563194.676,2026-08-24 09:19:54.677,InnoDB,UNDO_SPACE_RSEG,3530,112,57
1787563194.676,2026-08-24 09:19:54.677,InnoDB,UNDO_SPACE_RSEG,3596,112,74
1787563194.676,2026-08-24 09:19:54.677,InnoDB,UNDO_SPACE_RSEG,3533,110,72
1787563194.676,2026-08-24 09:19:54.677,InnoDB,UNDO_SPACE_RSEG,3382,109,66
1787563194.676,2026-08-24 09:19:54.677,InnoDB,DICT_SYS,4381878,108,2497077
1787563194.676,2026-08-24 09:19:54.677,InnoDB,UNDO_SPACE_RSEG,3290,107,48
1787563194.676,2026-08-24 09:19:54.677,InnoDB,UNDO_SPACE_RSEG,3339,105,62
1787563194.676,2026-08-24 09:19:54.677,InnoDB,UNDO_SPACE_RSEG,3304,104,65
1787563194.676,2026-08-24 09:19:54.677,InnoDB,UNDO_SPACE_RSEG,3408,104,52
1787563194.676,2026-08-24 09:19:54.677,InnoDB,UNDO_SPACE_RSEG,3261,104,54
1787563194.676,2026-08-24 09:19:54.677,InnoDB,UNDO_SPACE_RSEG,3189,103,58
1787563194.676,2026-08-24 09:19:54.677,InnoDB,UNDO_SPACE_RSEG,3137,100,60
1787563194.676,2026-08-24 09:19:54.677,InnoDB,UNDO_SPACE_RSEG,3105,99,54
1787563194.676,2026-08-24 09:19:54.677,InnoDB,UNDO_SPACE_RSEG,3188,96,62
1787563194.676,2026-08-24 09:19:54.677,InnoDB,UNDO_SPACE_RSEG,3045,96,62
1787563194.676,2026-08-24 09:19:54.677,InnoDB,UNDO_SPACE_RSEG,3066,96,59
1787563194.676,2026-08-24 09:19:54.677,InnoDB,UNDO_SPACE_RSEG,3006,94,62
1787563194.676,2026-08-24 09:19:54.677,InnoDB,UNDO_SPACE_RSEG,2922,94,56
1787563194.676,2026-08-24 09:19:54.677,InnoDB,UNDO_SPACE_RSEG,2968,94,52
1787563194.676,2026-08-24 09:19:54.677,InnoDB,UNDO_SPACE_RSEG,2865,92,58
1787563194.676,2026-08-24 09:19:54.677,InnoDB,UNDO_SPACE_RSEG,2938,92,60
1787563194.676,2026-08-24 09:19:54.677,InnoDB,UNDO_SPACE_RSEG,2995,92,53
1787563194.676,2026-08-24 09:19:54.677,InnoDB,UNDO_SPACE_RSEG,2795,91,42
1787563194.676,2026-08-24 09:19:54.677,InnoDB,UNDO_SPACE_RSEG,2859,91,53
1787563194.676,2026-08-24 09:19:54.677,InnoDB,UNDO_SPACE_RSEG,2849,89,46
1787563194.676,2026-08-24 09:19:54.677,InnoDB,UNDO_SPACE_RSEG,2755,88,62
1787563194.676,2026-08-24 09:19:54.677,InnoDB,UNDO_SPACE_RSEG,2761,87,46
1787563194.676,2026-08-24 09:19:54.677,InnoDB,UNDO_SPACE_RSEG,2773,85,60
1787563194.676,2026-08-24 09:19:54.677,InnoDB,UNDO_SPACE_RSEG,2733,84,54
1787563194.676,2026-08-24 09:19:54.677,InnoDB,UNDO_SPACE_RSEG,2638,83,71
1787563194.676,2026-08-24 09:19:54.677,InnoDB,UNDO_SPACE_RSEG,2669,82,56
1787563194.676,2026-08-24 09:19:54.677,InnoDB,UNDO_SPACE_RSEG,2601,80,68
1787563194.676,2026-08-24 09:19:54.677,InnoDB,UNDO_SPACE_RSEG,2516,80,63
1787563194.676,2026-08-24 09:19:54.677,InnoDB,UNDO_SPACE_RSEG,2500,79,65
1787563194.676,2026-08-24 09:19:54.677,InnoDB,UNDO_SPACE_RSEG,2393,79,45
1787563194.676,2026-08-24 09:19:54.677,InnoDB,UNDO_SPACE_RSEG,2515,78,47
1787563194.676,2026-08-24 09:19:54.677,InnoDB,UNDO_SPACE_RSEG,2404,76,58
1787563194.676,2026-08-24 09:19:54.677,InnoDB,UNDO_SPACE_RSEG,2393,75,49
1787563194.676,2026-08-24 09:19:54.677,InnoDB,UNDO_SPACE_RSEG,2404,75,48
1787563194.676,2026-08-24 09:19:54.677,InnoDB,UNDO_SPACE_RSEG,2319,75,43
1787563194.676,2026-08-24 09:19:54.677,InnoDB,UNDO_SPACE_RSEG,2343,74,41
1787563194.676,2026-08-24 09:19:54.677,InnoDB,UNDO_SPACE_RSEG,2343,74,53
1787563194.676,2026-08-24 09:19:54.677,InnoDB,UNDO_SPACE_RSEG,2353,74,62
1787563194.676,2026-08-24 09:19:54.677,InnoDB,UNDO_SPACE_RSEG,2343,73,45
1787563194.676,2026-08-24 09:19:54.677,InnoDB,UNDO_SPACE_RSEG,2198,72,49
1787563194.676,2026-08-24 09:19:54.677,InnoDB,UNDO_SPACE_RSEG,2236,72,41
1787563194.676,2026-08-24 09:19:54.677,InnoDB,UNDO_SPACE_RSEG,2349,72,45
1787563194.676,2026-08-24 09:19:54.677,InnoDB,UNDO_SPACE_RSEG,2320,72,61
1787563194.676,2026-08-24 09:19:54.677,InnoDB,UNDO_SPACE_RSEG,2284,72,51
1787563194.676,2026-08-24 09:19:54.677,InnoDB,UNDO_SPACE_RSEG,2348,71,52
1787563194.676,2026-08-24 09:19:54.677,InnoDB,UNDO_SPACE_RSEG,2227,71,55
1787563194.676,2026-08-24 09:19:54.677,InnoDB,UNDO_SPACE_RSEG,2247,70,44
1787563194.676,2026-08-24 09:19:54.677,InnoDB,UNDO_SPACE_RSEG,2315,70,51
1787563194.676,2026-08-24 09:19:54.677,InnoDB,UNDO_SPACE_RSEG,2136,69,49
1787563194.676,2026-08-24 09:19:54.677,InnoDB,UNDO_SPACE_RSEG,2190,67,52
1787563194.676,2026-08-24 09:19:54.677,InnoDB,UNDO_SPACE_RSEG,2020,66,42
1787563194.676,2026-08-24 09:19:54.677,InnoDB,UNDO_SPACE_RSEG,2145,66,45
1787563194.676,2026-08-24 09:19:54.677,InnoDB,UNDO_SPACE_RSEG,2105,65,54
1787563194.676,2026-08-24 09:19:54.677,InnoDB,UNDO_SPACE_RSEG,2083,65,56
1787563194.676,2026-08-24 09:19:54.677,InnoDB,UNDO_SPACE_RSEG,1959,63,59
1787563194.676,2026-08-24 09:19:54.677,InnoDB,UNDO_SPACE_RSEG,1985,62,54
1787563194.676,2026-08-24 09:19:54.677,InnoDB,UNDO_SPACE_RSEG,1932,60,44
1787563194.676,2026-08-24 09:19:54.677,InnoDB,UNDO_SPACE_RSEG,1939,60,51
1787563194.676,2026-08-24 09:19:54.677,InnoDB,UNDO_SPACE_RSEG,1841,59,59
1787563194.676,2026-08-24 09:19:54.677,InnoDB,UNDO_SPACE_RSEG,1942,59,51
1787563194.676,2026-08-24 09:19:54.677,InnoDB,UNDO_SPACE_RSEG,1823,58,52
1787563194.676,2026-08-24 09:19:54.677,InnoDB,UNDO_SPACE_RSEG,1884,57,48
1787563194.676,2026-08-24 09:19:54.677,InnoDB,UNDO_SPACE_RSEG,1939,56,55
1787563194.676,2026-08-24 09:19:54.677,InnoDB,UNDO_SPACE_RSEG,1707,55,47
1787563194.676,2026-08-24 09:19:54.677,InnoDB,UNDO_SPACE_RSEG,1690,55,47
1787563194.676,2026-08-24 09:19:54.677,InnoDB,UNDO_SPACE_RSEG,1756,53,50
1787563194.676,2026-08-24 09:19:54.677,InnoDB,UNDO_SPACE_RSEG,1693,53,36
1787563194.676,2026-08-24 09:19:54.677,InnoDB,UNDO_SPACE_RSEG,1632,53,47
1787563194.676,2026-08-24 09:19:54.677,InnoDB,UNDO_SPACE_RSEG,1722,53,56
1787563194.676,2026-08-24 09:19:54.677,InnoDB,UNDO_SPACE_RSEG,1613,52,46
1787563194.676,2026-08-24 09:19:54.677,InnoDB,UNDO_SPACE_RSEG,1659,52,40
1787563194.676,2026-08-24 09:19:54.677,InnoDB,UNDO_SPACE_RSEG,1709,52,48
1787563194.676,2026-08-24 09:19:54.677,InnoDB,UNDO_SPACE_RSEG,1620,51,53
1787563194.676,2026-08-24 09:19:54.677,InnoDB,UNDO_SPACE_RSEG,1554,50,47
1787563194.676,2026-08-24 09:19:54.677,InnoDB,UNDO_SPACE_RSEG,1563,50,43
1787563194.676,2026-08-24 09:19:54.677,InnoDB,UNDO_SPACE_RSEG,1614,50,42
1787563194.676,2026-08-24 09:19:54.677,InnoDB,FIL_SHARD,199998,50,217841
1787563194.676,2026-08-24 09:19:54.677,InnoDB,UNDO_SPACE_RSEG,1518,49,39
1787563194.676,2026-08-24 09:19:54.677,InnoDB,FIL_SHARD,223799,48,225809
1787563194.676,2026-08-24 09:19:54.677,InnoDB,UNDO_SPACE_RSEG,1616,47,52
1787563194.676,2026-08-24 09:19:54.677,InnoDB,UNDO_SPACE_RSEG,1508,47,54
1787563194.676,2026-08-24 09:19:54.677,InnoDB,UNDO_SPACE_RSEG,1544,47,42
1787563194.676,2026-08-24 09:19:54.677,InnoDB,UNDO_SPACE_RSEG,1483,47,44
1787563194.676,2026-08-24 09:19:54.677,InnoDB,UNDO_SPACE_RSEG,1487,47,48
1787563194.676,2026-08-24 09:19:54.677,InnoDB,UNDO_SPACE_RSEG,1442,47,38
1787563194.676,2026-08-24 09:19:54.677,InnoDB,UNDO_SPACE_RSEG,1422,46,44
1787563194.676,2026-08-24 09:19:54.677,InnoDB,UNDO_SPACE_RSEG,1407,46,40
1787563194.676,2026-08-24 09:19:54.677,InnoDB,UNDO_SPACE_RSEG,1453,46,41
1787563194.676,2026-08-24 09:19:54.677,InnoDB,UNDO_SPACE_RSEG,1431,45,50
1787563194.676,2026-08-24 09:19:54.677,InnoDB,UNDO_SPACE_RSEG,1444,45,45
1787563194.676,2026-08-24 09:19:54.677,InnoDB,UNDO_SPACE_RSEG,1408,44,39
1787563194.676,2026-08-24 09:19:54.677,InnoDB,UNDO_SPACE_RSEG,1418,44,43
1787563194.676,2026-08-24 09:19:54.677,InnoDB,UNDO_SPACE_RSEG,1409,44,38
1787563194.676,2026-08-24 09:19:54.677,InnoDB,UNDO_SPACE_RSEG,1391,44,37
1787563194.676,2026-08-24 09:19:54.677,InnoDB,UNDO_SPACE_RSEG,1323,43,35
1787563194.676,2026-08-24 09:19:54.677,InnoDB,UNDO_SPACE_RSEG,1381,43,46
1787563194.676,2026-08-24 09:19:54.677,InnoDB,UNDO_SPACE_RSEG,1395,42,44
1787563194.676,2026-08-24 09:19:54.677,InnoDB,UNDO_SPACE_RSEG,1342,42,51
1787563194.676,2026-08-24 09:19:54.677,InnoDB,FIL_SHARD,188173,41,194874
1787563194.676,2026-08-24 09:19:54.677,InnoDB,UNDO_SPACE_RSEG,1294,41,49
1787563194.676,2026-08-24 09:19:54.677,InnoDB,UNDO_SPACE_RSEG,1405,41,49
1787563194.676,2026-08-24 09:19:54.677,InnoDB,FIL_SHARD,190514,41,197334
1787563194.676,2026-08-24 09:19:54.677,InnoDB,UNDO_SPACE_RSEG,1346,41,27
1787563194.676,2026-08-24 09:19:54.677,InnoDB,UNDO_SPACE_RSEG,1273,40,35
1787563194.676,2026-08-24 09:19:54.677,InnoDB,UNDO_SPACE_RSEG,1266,40,38
1787563194.676,2026-08-24 09:19:54.677,InnoDB,UNDO_SPACE_RSEG,1312,40,44
1787563194.676,2026-08-24 09:19:54.677,InnoDB,UNDO_SPACE_RSEG,1217,40,27
1787563194.676,2026-08-24 09:19:54.677,InnoDB,UNDO_SPACE_RSEG,1295,40,41
1787563194.676,2026-08-24 09:19:54.677,InnoDB,UNDO_SPACE_RSEG,1303,40,42
1787563194.676,2026-08-24 09:19:54.677,InnoDB,UNDO_SPACE_RSEG,1245,39,42
1787563194.676,2026-08-24 09:19:54.677,InnoDB,UNDO_SPACE_RSEG,1300,39,39
1787563194.676,2026-08-24 09:19:54.677,InnoDB,FIL_SHARD,202788,39,208132
1787563194.676,2026-08-24 09:19:54.677,InnoDB,FIL_SHARD,197267,39,201173
1787563194.676,2026-08-24 09:19:54.677,InnoDB,UNDO_SPACE_RSEG,1286,39,43
1787563194.676,2026-08-24 09:19:54.677,InnoDB,FIL_SHARD,190191,39,198203
1787563194.676,2026-08-24 09:19:54.677,InnoDB,FIL_SHARD,208902,39,227873
1787563194.676,2026-08-24 09:19:54.677,InnoDB,UNDO_SPACE_RSEG,1299,38,46
1787563194.676,2026-08-24 09:19:54.677,InnoDB,UNDO_SPACE_RSEG,1187,37,44
1787563194.676,2026-08-24 09:19:54.677,InnoDB,UNDO_SPACE_RSEG,1165,37,41
1787563194.676,2026-08-24 09:19:54.677,InnoDB,FIL_SHARD,193139,37,212546
1787563194.676,2026-08-24 09:19:54.677,InnoDB,UNDO_SPACE_RSEG,1219,37,39
1787563194.676,2026-08-24 09:19:54.677,InnoDB,UNDO_SPACE_RSEG,1159,37,38
1787563194.676,2026-08-24 09:19:54.677,InnoDB,UNDO_SPACE_RSEG,1165,37,37
1787563194.676,2026-08-24 09:19:54.677,InnoDB,UNDO_SPACE_RSEG,1216,37,38
1787563194.676,2026-08-24 09:19:54.677,InnoDB,UNDO_SPACE_RSEG,1180,36,42
1787563194.676,2026-08-24 09:19:54.677,InnoDB,UNDO_SPACE_RSEG,1182,36,44
1787563194.676,2026-08-24 09:19:54.677,InnoDB,UNDO_SPACE_RSEG,1165,35,41
1787563194.676,2026-08-24 09:19:54.677,InnoDB,UNDO_SPACE_RSEG,1099,35,36
1787563194.676,2026-08-24 09:19:54.677,InnoDB,FIL_SHARD,185226,35,206012
1787563194.676,2026-08-24 09:19:54.677,InnoDB,UNDO_SPACE_RSEG,1084,35,39
1787563194.676,2026-08-24 09:19:54.677,InnoDB,FIL_SHARD,200339,35,204599
1787563194.676,2026-08-24 09:19:54.677,InnoDB,UNDO_SPACE_RSEG,1143,35,46
1787563194.676,2026-08-24 09:19:54.677,InnoDB,UNDO_SPACE_RSEG,1129,35,36
1787563194.676,2026-08-24 09:19:54.677,InnoDB,UNDO_SPACE_RSEG,1126,35,43
1787563194.676,2026-08-24 09:19:54.677,InnoDB,UNDO_SPACE_RSEG,1122,35,43
1787563194.676,2026-08-24 09:19:54.677,InnoDB,UNDO_SPACE_RSEG,1085,35,38
1787563194.676,2026-08-24 09:19:54.677,InnoDB,FIL_SHARD,192252,33,200072
1787563194.676,2026-08-24 09:19:54.677,InnoDB,FIL_SHARD,187700,33,207979
1787563194.676,2026-08-24 09:19:54.677,InnoDB,UNDO_SPACE_RSEG,1054,33,41
1787563194.676,2026-08-24 09:19:54.677,InnoDB,FIL_SHARD,189057,33,208904
1787563194.676,2026-08-24 09:19:54.677,InnoDB,UNDO_SPACE_RSEG,1040,33,40
1787563194.676,2026-08-24 09:19:54.677,InnoDB,UNDO_SPACE_RSEG,1123,33,33
1787563194.676,2026-08-24 09:19:54.677,InnoDB,FIL_SHARD,190828,33,210657
1787563194.676,2026-08-24 09:19:54.677,InnoDB,UNDO_SPACE_RSEG,1046,32,40
1787563194.676,2026-08-24 09:19:54.677,InnoDB,UNDO_SPACE_RSEG,1070,32,42
1787563194.676,2026-08-24 09:19:54.677,InnoDB,UNDO_SPACE_RSEG,1040,32,45
1787563194.676,2026-08-24 09:19:54.677,InnoDB,FIL_SHARD,2409,32,1417
1787563194.676,2026-08-24 09:19:54.677,InnoDB,FIL_SHARD,196213,31,222261
1787563194.676,2026-08-24 09:19:54.677,InnoDB,UNDO_SPACE_RSEG,975,31,34
1787563194.676,2026-08-24 09:19:54.677,InnoDB,FIL_SHARD,188557,31,196261
1787563194.676,2026-08-24 09:19:54.677,InnoDB,UNDO_SPACE_RSEG,979,31,34
1787563194.676,2026-08-24 09:19:54.677,InnoDB,UNDO_SPACE_RSEG,1017,31,37
1787563194.676,2026-08-24 09:19:54.677,InnoDB,UNDO_SPACE_RSEG,903,29,38
1787563194.676,2026-08-24 09:19:54.677,InnoDB,UNDO_SPACE_RSEG,921,28,46
1787563194.676,2026-08-24 09:19:54.677,InnoDB,UNDO_SPACE_RSEG,932,28,39
1787563194.676,2026-08-24 09:19:54.677,InnoDB,UNDO_SPACE_RSEG,908,28,30
1787563194.676,2026-08-24 09:19:54.677,InnoDB,UNDO_SPACE_RSEG,876,28,30
1787563194.676,2026-08-24 09:19:54.677,InnoDB,UNDO_SPACE_RSEG,933,28,49
1787563194.676,2026-08-24 09:19:54.677,InnoDB,UNDO_SPACE_RSEG,884,28,33
1787563194.676,2026-08-24 09:19:54.677,InnoDB,UNDO_SPACE_RSEG,945,27,34
1787563194.676,2026-08-24 09:19:54.677,InnoDB,UNDO_SPACE_RSEG,940,27,40
1787563194.676,2026-08-24 09:19:54.677,InnoDB,UNDO_SPACE_RSEG,858,27,33
1787563194.676,2026-08-24 09:19:54.677,InnoDB,UNDO_SPACE_RSEG,898,27,36
1787563194.676,2026-08-24 09:19:54.677,InnoDB,UNDO_SPACE_RSEG,863,26,36
1787563194.676,2026-08-24 09:19:54.677,InnoDB,UNDO_SPACE_RSEG,934,26,49
1787563194.676,2026-08-24 09:19:54.677,InnoDB,UNDO_SPACE_RSEG,838,26,43
1787563194.676,2026-08-24 09:19:54.677,InnoDB,FIL_SHARD,189950,26,210102
1787563194.676,2026-08-24 09:19:54.677,InnoDB,UNDO_SPACE_RSEG,802,25,32
1787563194.676,2026-08-24 09:19:54.677,InnoDB,UNDO_SPACE_RSEG,796,25,36
1787563194.676,2026-08-24 09:19:54.677,InnoDB,UNDO_SPACE_RSEG,774,25,34
1787563194.676,2026-08-24 09:19:54.677,InnoDB,UNDO_SPACE_RSEG,830,24,49
1787563194.676,2026-08-24 09:19:54.677,InnoDB,UNDO_SPACE_RSEG,819,24,36
1787563194.676,2026-08-24 09:19:54.677,InnoDB,UNDO_SPACE_RSEG,740,24,32
1787563194.676,2026-08-24 09:19:54.677,InnoDB,FIL_SHARD,191353,24,213097
1787563194.676,2026-08-24 09:19:54.677,InnoDB,UNDO_SPACE_RSEG,732,23,29
1787563194.676,2026-08-24 09:19:54.677,InnoDB,UNDO_SPACE_RSEG,719,23,36
1787563194.676,2026-08-24 09:19:54.677,InnoDB,UNDO_SPACE_RSEG,727,23,38
1787563194.676,2026-08-24 09:19:54.677,InnoDB,FIL_SHARD,209589,22,232981
1787563194.676,2026-08-24 09:19:54.677,InnoDB,UNDO_SPACE_RSEG,715,22,42
1787563194.676,2026-08-24 09:19:54.677,InnoDB,UNDO_SPACE_RSEG,714,22,33
1787563194.676,2026-08-24 09:19:54.677,InnoDB,UNDO_SPACE_RSEG,678,21,34
1787563194.676,2026-08-24 09:19:54.677,InnoDB,UNDO_SPACE_RSEG,690,21,37
1787563194.676,2026-08-24 09:19:54.677,InnoDB,UNDO_SPACE_RSEG,647,20,32
1787563194.676,2026-08-24 09:19:54.677,InnoDB,UNDO_SPACE_RSEG,640,20,34
1787563194.676,2026-08-24 09:19:54.677,InnoDB,UNDO_SPACE_RSEG,651,20,32
1787563194.676,2026-08-24 09:19:54.677,InnoDB,UNDO_SPACE_RSEG,662,20,24
1787563194.676,2026-08-24 09:19:54.677,InnoDB,UNDO_SPACE_RSEG,738,20,36
1787563194.676,2026-08-24 09:19:54.677,InnoDB,UNDO_SPACE_RSEG,608,19,29
1787563194.676,2026-08-24 09:19:54.677,InnoDB,UNDO_SPACE_RSEG,620,18,29
1787563194.676,2026-08-24 09:19:54.677,InnoDB,UNDO_SPACE_RSEG,598,18,37
1787563194.676,2026-08-24 09:19:54.677,InnoDB,UNDO_SPACE_RSEG,567,18,29
1787563194.676,2026-08-24 09:19:54.677,InnoDB,UNDO_SPACE_RSEG,602,18,35
1787563194.676,2026-08-24 09:19:54.677,InnoDB,UNDO_SPACE_RSEG,549,17,24
1787563194.676,2026-08-24 09:19:54.677,InnoDB,TRX_POOL,573,17,40
1787563194.676,2026-08-24 09:19:54.677,InnoDB,UNDO_SPACE_RSEG,541,17,32
1787563194.676,2026-08-24 09:19:54.677,InnoDB,FIL_SHARD,7621,17,7511
1787563194.676,2026-08-24 09:19:54.677,InnoDB,UNDO_SPACE_RSEG,542,17,34
1787563194.676,2026-08-24 09:19:54.677,InnoDB,UNDO_SPACE_RSEG,579,17,24
1787563194.676,2026-08-24 09:19:54.677,InnoDB,UNDO_SPACE_RSEG,464,14,25
1787563194.676,2026-08-24 09:19:54.677,InnoDB,UNDO_SPACE_RSEG,437,14,25
1787563194.676,2026-08-24 09:19:54.677,InnoDB,UNDO_SPACE_RSEG,459,13,32
1787563194.676,2026-08-24 09:19:54.677,InnoDB,UNDO_SPACE_RSEG,393,12,25
1787563194.676,2026-08-24 09:19:54.677,InnoDB,UNDO_SPACE_RSEG,428,11,35
1787563194.676,2026-08-24 09:19:54.677,InnoDB,UNDO_SPACE_RSEG,383,11,24
1787563194.676,2026-08-24 09:19:54.677,InnoDB,UNDO_SPACE_RSEG,370,11,29
1787563194.676,2026-08-24 09:19:54.677,InnoDB,UNDO_SPACE_RSEG,382,10,23
1787563194.676,2026-08-24 09:19:54.677,InnoDB,UNDO_SPACE_RSEG,284,8,26
1787563194.676,2026-08-24 09:19:54.677,InnoDB,UNDO_SPACE_RSEG,284,8,25
1787563194.676,2026-08-24 09:19:54.677,InnoDB,TRX,109299,6,145198
1787563194.676,2026-08-24 09:19:54.677,InnoDB,PARSER,207,5,6
1787563194.676,2026-08-24 09:19:54.677,InnoDB,SRV_SYS_TASKS,111953,1,114985
1787563194.676,2026-08-24 09:19:54.677,InnoDB,LOCK_SYS_PAGE,109,1,96
1787563194.676,2026-08-24 09:19:54.677,InnoDB,LOCK_SYS_PAGE,80,1,71
1787563194.676,2026-08-24 09:19:54.677,InnoDB,LOCK_SYS_PAGE,42,0,71
1787563194.676,2026-08-24 09:19:54.677,InnoDB,LOCK_SYS_PAGE,99,0,127
1787563194.676,2026-08-24 09:19:54.677,InnoDB,LOCK_SYS_PAGE,109,0,136
1787563194.676,2026-08-24 09:19:54.677,InnoDB,LOCK_SYS_PAGE,48,0,82
1787563194.676,2026-08-24 09:19:54.677,InnoDB,LOCK_SYS_PAGE,51,0,93
1787563194.676,2026-08-24 09:19:54.677,InnoDB,LOCK_SYS_PAGE,97,0,123
1787563194.676,2026-08-24 09:19:54.677,InnoDB,LOCK_SYS_PAGE,78,0,104
1787563194.676,2026-08-24 09:19:54.677,InnoDB,LOCK_SYS_PAGE,40,0,73
1787563194.676,2026-08-24 09:19:54.677,InnoDB,LOCK_SYS_PAGE,49,0,86
1787563194.676,2026-08-24 09:19:54.677,InnoDB,LOCK_SYS_PAGE,70,0,101
1787563194.676,2026-08-24 09:19:54.677,InnoDB,LOCK_SYS_PAGE,70,0,102
1787563194.676,2026-08-24 09:19:54.677,InnoDB,LOCK_SYS_PAGE,48,0,69
1787563194.676,2026-08-24 09:19:54.677,InnoDB,LOCK_SYS_PAGE,55,0,64
1787563194.676,2026-08-24 09:19:54.677,InnoDB,LOCK_SYS_PAGE,92,0,118
1787563194.676,2026-08-24 09:19:54.677,InnoDB,LOCK_SYS_PAGE,85,0,103
1787563194.676,2026-08-24 09:19:54.677,InnoDB,LOCK_SYS_PAGE,114,0,81
1787563194.676,2026-08-24 09:19:54.677,InnoDB,LOCK_SYS_PAGE,40,0,75
1787563194.676,2026-08-24 09:19:54.677,InnoDB,LOCK_SYS_PAGE,43,0,83
1787563194.676,2026-08-24 09:19:54.677,InnoDB,LOCK_SYS_PAGE,46,0,75
1787563194.676,2026-08-24 09:19:54.677,InnoDB,LOCK_SYS_PAGE,60,0,95
1787563194.676,2026-08-24 09:19:54.677,InnoDB,LOCK_SYS_PAGE,64,0,106
1787563194.676,2026-08-24 09:19:54.677,InnoDB,LOCK_SYS_PAGE,59,0,73
1787563194.676,2026-08-24 09:19:54.677,InnoDB,LOCK_SYS_PAGE,32,0,69
1787563194.676,2026-08-24 09:19:54.677,InnoDB,LOCK_SYS_PAGE,65,0,84
1787563194.676,2026-08-24 09:19:54.677,InnoDB,LOCK_SYS_PAGE,51,0,93
1787563194.676,2026-08-24 09:19:54.677,InnoDB,LOCK_SYS_PAGE,38,0,67
1787563194.676,2026-08-24 09:19:54.677,InnoDB,LOCK_SYS_PAGE,101,0,127
1787563194.676,2026-08-24 09:19:54.677,InnoDB,LOCK_SYS_PAGE,68,0,99
1787563194.676,2026-08-24 09:19:54.677,InnoDB,LOCK_SYS_PAGE,69,0,98
1787563194.676,2026-08-24 09:19:54.677,InnoDB,LOCK_SYS_PAGE,58,0,79
1787563194.676,2026-08-24 09:19:54.677,InnoDB,LOCK_SYS_PAGE,48,0,77
1787563194.676,2026-08-24 09:19:54.677,InnoDB,LOCK_SYS_PAGE,81,0,107
1787563194.676,2026-08-24 09:19:54.677,InnoDB,LOCK_SYS_PAGE,90,0,119
1787563194.676,2026-08-24 09:19:54.677,InnoDB,LOCK_SYS_PAGE,48,0,81
1787563194.676,2026-08-24 09:19:54.677,InnoDB,LOCK_SYS_PAGE,49,0,82
1787563194.676,2026-08-24 09:19:54.677,InnoDB,LOCK_SYS_PAGE,47,0,73
1787563194.676,2026-08-24 09:19:54.677,InnoDB,LOCK_SYS_PAGE,36,0,81
1787563194.676,2026-08-24 09:19:54.677,InnoDB,LOCK_SYS_PAGE,68,0,102
1787563194.676,2026-08-24 09:19:54.677,InnoDB,LOCK_SYS_PAGE,98,0,133
1787563194.676,2026-08-24 09:19:54.677,InnoDB,LOCK_SYS_PAGE,43,0,70
1787563194.676,2026-08-24 09:19:54.677,InnoDB,LOCK_SYS_PAGE,36,0,68
1787563194.676,2026-08-24 09:19:54.677,InnoDB,LOCK_SYS_PAGE,117,0,131
1787563194.676,2026-08-24 09:19:54.677,InnoDB,LOCK_SYS_PAGE,72,0,104
1787563194.676,2026-08-24 09:19:54.677,InnoDB,LOCK_SYS_PAGE,88,0,116
1787563194.676,2026-08-24 09:19:54.677,InnoDB,LOCK_SYS_PAGE,107,0,103
1787563194.676,2026-08-24 09:19:54.677,InnoDB,LOCK_SYS_PAGE,92,0,116
1787563194.676,2026-08-24 09:19:54.677,InnoDB,LOCK_SYS_PAGE,91,0,118
1787563194.676,2026-08-24 09:19:54.677,InnoDB,LOCK_SYS_PAGE,41,0,74
1787563194.676,2026-08-24 09:19:54.677,InnoDB,LOCK_SYS_PAGE,52,0,75
1787563194.676,2026-08-24 09:19:54.677,InnoDB,LOCK_SYS_PAGE,64,0,88
1787563194.676,2026-08-24 09:19:54.677,InnoDB,LOCK_SYS_PAGE,92,0,117
1787563194.676,2026-08-24 09:19:54.677,InnoDB,LOCK_SYS_PAGE,81,0,117
1787563194.676,2026-08-24 09:19:54.677,InnoDB,LOCK_SYS_PAGE,95,0,120
1787563194.676,2026-08-24 09:19:54.677,InnoDB,LOCK_SYS_PAGE,61,0,90
1787563194.676,2026-08-24 09:19:54.677,InnoDB,LOCK_SYS_PAGE,58,0,97
1787563194.676,2026-08-24 09:19:54.677,InnoDB,LOCK_SYS_PAGE,96,0,120
1787563194.676,2026-08-24 09:19:54.677,InnoDB,LOCK_SYS_PAGE,85,0,122
1787563194.676,2026-08-24 09:19:54.677,InnoDB,LOCK_SYS_PAGE,154,0,91
1787563194.676,2026-08-24 09:19:54.677,InnoDB,LOCK_SYS_PAGE,43,0,84
1787563194.676,2026-08-24 09:19:54.677,InnoDB,LOCK_SYS_PAGE,86,0,120
1787563194.676,2026-08-24 09:19:54.677,InnoDB,LOCK_SYS_PAGE,92,0,124
1787563194.676,2026-08-24 09:19:54.677,InnoDB,LOCK_SYS_PAGE,51,0,74
1787563194.676,2026-08-24 09:19:54.677,InnoDB,LOCK_SYS_PAGE,63,0,88
1787563194.676,2026-08-24 09:19:54.677,InnoDB,LOCK_SYS_PAGE,99,0,127
1787563194.676,2026-08-24 09:19:54.677,InnoDB,LOCK_SYS_PAGE,75,0,107
1787563194.676,2026-08-24 09:19:54.677,InnoDB,LOCK_SYS_PAGE,38,0,76
1787563194.676,2026-08-24 09:19:54.677,InnoDB,LOCK_SYS_PAGE,31,0,64
1787563194.676,2026-08-24 09:19:54.677,InnoDB,LOCK_SYS_PAGE,78,0,102
1787563194.676,2026-08-24 09:19:54.677,InnoDB,LOCK_SYS_PAGE,66,0,80
1787563194.676,2026-08-24 09:19:54.677,InnoDB,LOCK_SYS_PAGE,58,0,88
1787563194.676,2026-08-24 09:19:54.677,InnoDB,LOCK_SYS_PAGE,75,0,96
1787563194.676,2026-08-24 09:19:54.677,InnoDB,LOCK_SYS_PAGE,32,0,72
1787563194.676,2026-08-24 09:19:54.677,InnoDB,LOCK_SYS_PAGE,40,0,74
1787563194.676,2026-08-24 09:19:54.677,InnoDB,LOCK_SYS_PAGE,68,0,98
1787563194.676,2026-08-24 09:19:54.677,InnoDB,LOCK_SYS_PAGE,58,0,87
1787563194.676,2026-08-24 09:19:54.677,InnoDB,LOCK_SYS_PAGE,37,0,61
1787563194.676,2026-08-24 09:19:54.677,InnoDB,LOCK_SYS_PAGE,43,0,71
1787563194.676,2026-08-24 09:19:54.677,InnoDB,LOCK_SYS_PAGE,60,0,77
1787563194.676,2026-08-24 09:19:54.677,InnoDB,LOCK_SYS_PAGE,56,0,87
1787563194.676,2026-08-24 09:19:54.677,InnoDB,LOCK_SYS_PAGE,39,0,61
1787563194.676,2026-08-24 09:19:54.677,InnoDB,LOCK_SYS_PAGE,42,0,74
1787563194.676,2026-08-24 09:19:54.677,InnoDB,LOCK_SYS_PAGE,86,0,105
1787563194.676,2026-08-24 09:19:54.677,InnoDB,LOCK_SYS_PAGE,59,0,80
1787563194.676,2026-08-24 09:19:54.677,InnoDB,LOCK_SYS_PAGE,41,0,75
1787563194.676,2026-08-24 09:19:54.677,InnoDB,LOCK_SYS_PAGE,50,0,67
1787563194.676,2026-08-24 09:19:54.677,InnoDB,LOCK_SYS_PAGE,38,0,66
1787563194.676,2026-08-24 09:19:54.677,InnoDB,LOG_LIMITS,139,0,106
1787563194.676,2026-08-24 09:19:54.677,InnoDB,LOCK_SYS_PAGE,66,0,93
1787563194.676,2026-08-24 09:19:54.677,InnoDB,LOCK_SYS_PAGE,49,0,84
1787563194.676,2026-08-24 09:19:54.677,InnoDB,LOCK_SYS_PAGE,51,0,93
1787563194.676,2026-08-24 09:19:54.677,InnoDB,LOCK_SYS_PAGE,129,0,176
1787563194.676,2026-08-24 09:19:54.677,InnoDB,RECALC_POOL,4,0,5
1787563194.676,2026-08-24 09:19:54.677,InnoDB,LOCK_SYS_PAGE,95,0,121
1787563194.676,2026-08-24 09:19:54.677,InnoDB,LOCK_SYS_PAGE,45,0,78
1787563194.676,2026-08-24 09:19:54.677,InnoDB,LOCK_SYS_PAGE,71,0,86
1787563194.676,2026-08-24 09:19:54.677,InnoDB,LOCK_SYS_PAGE,53,0,77
1787563194.676,2026-08-24 09:19:54.677,InnoDB,LOCK_SYS_PAGE,75,0,86
1787563194.676,2026-08-24 09:19:54.677,InnoDB,LOCK_SYS_PAGE,23,0,46
1787563194.676,2026-08-24 09:19:54.677,InnoDB,LOCK_SYS_PAGE,51,0,62
1787563194.676,2026-08-24 09:19:54.677,InnoDB,LOCK_SYS_PAGE,58,0,83
1787563194.676,2026-08-24 09:19:54.677,InnoDB,LOCK_SYS_PAGE,77,0,113
1787563194.676,2026-08-24 09:19:54.677,InnoDB,LOCK_SYS_PAGE,61,0,95
1787563194.676,2026-08-24 09:19:54.677,InnoDB,LOCK_SYS_PAGE,24,0,39
1787563194.676,2026-08-24 09:19:54.677,InnoDB,LOCK_SYS_PAGE,27,0,63
1787563194.676,2026-08-24 09:19:54.677,InnoDB,LOCK_SYS_PAGE,42,0,70
1787563194.676,2026-08-24 09:19:54.677,InnoDB,LOCK_SYS_PAGE,71,0,92
1787563194.676,2026-08-24 09:19:54.677,InnoDB,LOCK_SYS_PAGE,55,0,88
1787563194.676,2026-08-24 09:19:54.677,InnoDB,LOCK_SYS_PAGE,32,0,67
1787563194.676,2026-08-24 09:19:54.677,InnoDB,LOCK_SYS_PAGE,44,0,82
1787563194.676,2026-08-24 09:19:54.677,InnoDB,LOCK_SYS_PAGE,60,0,77
1787563194.676,2026-08-24 09:19:54.677,InnoDB,LOCK_SYS_PAGE,63,0,89
1787563194.676,2026-08-24 09:19:54.677,InnoDB,LOCK_SYS_PAGE,101,0,139
1787563194.676,2026-08-24 09:19:54.677,InnoDB,LOCK_SYS_PAGE,38,0,64
1787563194.676,2026-08-24 09:19:54.677,InnoDB,LOCK_SYS_PAGE,71,0,101
1787563194.676,2026-08-24 09:19:54.677,InnoDB,LOCK_SYS_PAGE,74,0,99
1787563194.676,2026-08-24 09:19:54.677,InnoDB,LOCK_SYS_PAGE,45,0,67
1787563194.676,2026-08-24 09:19:54.677,InnoDB,LOCK_SYS_PAGE,52,0,78
1787563194.676,2026-08-24 09:19:54.677,InnoDB,LOCK_SYS_PAGE,67,0,92
1787563194.676,2026-08-24 09:19:54.677,InnoDB,LOCK_SYS_PAGE,40,0,84
1787563194.676,2026-08-24 09:19:54.677,InnoDB,LOCK_SYS_PAGE,80,0,82
1787563194.676,2026-08-24 09:19:54.677,InnoDB,LOCK_SYS_PAGE,96,0,116
1787563194.676,2026-08-24 09:19:54.677,InnoDB,LOCK_SYS_PAGE,27,0,58
1787563194.676,2026-08-24 09:19:54.677,InnoDB,LOCK_SYS_PAGE,40,0,79
1787563194.676,2026-08-24 09:19:54.677,InnoDB,LOCK_SYS_PAGE,69,0,95
1787563194.676,2026-08-24 09:19:54.677,InnoDB,LOCK_SYS_PAGE,77,0,91
1787563194.676,2026-08-24 09:19:54.677,InnoDB,LOCK_SYS_PAGE,41,0,72
1787563194.676,2026-08-24 09:19:54.677,InnoDB,LOCK_SYS_PAGE,44,0,76
1787563194.676,2026-08-24 09:19:54.677,InnoDB,LOCK_SYS_PAGE,73,0,97
1787563194.676,2026-08-24 09:19:54.677,InnoDB,LOCK_SYS_PAGE,26,0,65
1787563194.676,2026-08-24 09:19:54.677,InnoDB,LOCK_SYS_PAGE,39,0,65
1787563194.676,2026-08-24 09:19:54.677,InnoDB,LOCK_SYS_PAGE,30,0,59
1787563194.676,2026-08-24 09:19:54.677,InnoDB,LOCK_SYS_PAGE,64,0,91
1787563194.676,2026-08-24 09:19:54.677,InnoDB,LOCK_SYS_PAGE,68,0,105
1787563194.676,2026-08-24 09:19:54.677,InnoDB,LOCK_SYS_PAGE,62,0,92
1787563194.676,2026-08-24 09:19:54.677,InnoDB,LOCK_SYS_PAGE,58,0,82
1787563194.676,2026-08-24 09:19:54.677,InnoDB,LOCK_SYS_PAGE,74,0,103
1787563194.676,2026-08-24 09:19:54.677,InnoDB,LOCK_SYS_PAGE,109,0,107
1787563194.676,2026-08-24 09:19:54.677,InnoDB,LOCK_SYS_PAGE,32,0,58
1787563194.676,2026-08-24 09:19:54.677,InnoDB,LOCK_SYS_PAGE,92,0,106
1787563194.676,2026-08-24 09:19:54.677,InnoDB,LOCK_SYS_PAGE,80,0,109
1787563194.676,2026-08-24 09:19:54.677,InnoDB,LOCK_SYS_PAGE,54,0,86
1787563194.676,2026-08-24 09:19:54.677,InnoDB,LOCK_SYS_PAGE,136,0,141
1787563194.676,2026-08-24 09:19:54.677,InnoDB,LOCK_SYS_PAGE,79,0,105
1787563194.676,2026-08-24 09:19:54.677,InnoDB,LOCK_SYS_PAGE,78,0,78
1787563194.676,2026-08-24 09:19:54.677,InnoDB,LOCK_SYS_PAGE,34,0,53
1787563194.676,2026-08-24 09:19:54.677,InnoDB,LOCK_SYS_PAGE,45,0,81
1787563194.676,2026-08-24 09:19:54.677,InnoDB,LOCK_SYS_PAGE,59,0,83
1787563194.676,2026-08-24 09:19:54.677,InnoDB,LOCK_SYS_PAGE,62,0,83
1787563194.676,2026-08-24 09:19:54.677,InnoDB,LOCK_SYS_PAGE,65,0,82
1787563194.676,2026-08-24 09:19:54.677,InnoDB,LOCK_SYS_PAGE,108,0,141
1787563194.676,2026-08-24 09:19:54.677,InnoDB,LOCK_SYS_PAGE,88,0,112
1787563194.676,2026-08-24 09:19:54.677,InnoDB,LOCK_SYS_PAGE,71,0,66
1787563194.676,2026-08-24 09:19:54.677,InnoDB,LOCK_SYS_PAGE,37,0,76
1787563194.676,2026-08-24 09:19:54.677,InnoDB,LOCK_SYS_PAGE,46,0,75
1787563194.676,2026-08-24 09:19:54.677,InnoDB,LOCK_SYS_PAGE,44,0,81
1787563194.676,2026-08-24 09:19:54.677,InnoDB,LOCK_SYS_PAGE,31,0,53
1787563194.676,2026-08-24 09:19:54.677,InnoDB,LOCK_SYS_PAGE,83,0,109
1787563194.676,2026-08-24 09:19:54.677,InnoDB,LOCK_SYS_PAGE,57,0,98
1787563194.676,2026-08-24 09:19:54.677,InnoDB,LOCK_SYS_PAGE,35,0,82
1787563194.676,2026-08-24 09:19:54.677,InnoDB,LOCK_SYS_PAGE,46,0,69
1787563194.676,2026-08-24 09:19:54.677,InnoDB,LOCK_SYS_PAGE,77,0,113
1787563194.676,2026-08-24 09:19:54.677,InnoDB,LOCK_SYS_PAGE,108,0,138
1787563194.676,2026-08-24 09:19:54.677,InnoDB,LOCK_SYS_PAGE,73,0,98
1787563194.676,2026-08-24 09:19:54.677,InnoDB,LOCK_SYS_PAGE,31,0,55
1787563194.676,2026-08-24 09:19:54.677,InnoDB,LOCK_SYS_PAGE,82,0,111
1787563194.676,2026-08-24 09:19:54.677,InnoDB,LOCK_SYS_PAGE,83,0,116
1787563194.676,2026-08-24 09:19:54.677,InnoDB,LOCK_SYS_PAGE,49,0,72
1787563194.676,2026-08-24 09:19:54.677,InnoDB,LOCK_SYS_PAGE,70,0,101
1787563194.676,2026-08-24 09:19:54.677,InnoDB,LOCK_SYS_PAGE,86,0,122
1787563194.676,2026-08-24 09:19:54.677,InnoDB,LOCK_SYS_PAGE,90,0,117
1787563194.676,2026-08-24 09:19:54.677,InnoDB,TRX_POOL_MANAGER,7,0,7
1787563194.676,2026-08-24 09:19:54.677,InnoDB,LOCK_SYS_PAGE,74,0,99
1787563194.676,2026-08-24 09:19:54.677,InnoDB,LOCK_SYS_PAGE,62,0,83
1787563194.676,2026-08-24 09:19:54.677,InnoDB,LOCK_SYS_PAGE,95,0,117
1787563194.676,2026-08-24 09:19:54.677,InnoDB,LOCK_SYS_PAGE,200,0,135
1787563194.676,2026-08-24 09:19:54.677,InnoDB,LOCK_SYS_PAGE,43,0,75
1787563194.676,2026-08-24 09:19:54.677,InnoDB,LOCK_SYS_PAGE,42,0,73
1787563194.676,2026-08-24 09:19:54.677,InnoDB,LOCK_SYS_PAGE,116,0,150
1787563194.676,2026-08-24 09:19:54.677,InnoDB,FIL_SHARD,7065,0,6886
1787563194.676,2026-08-24 09:19:54.677,InnoDB,LOCK_SYS_PAGE,110,0,120
1787563194.676,2026-08-24 09:19:54.677,InnoDB,FIL_SHARD,53,0,65
1787563194.676,2026-08-24 09:19:54.677,InnoDB,FIL_SHARD,1,0,1
1787563194.676,2026-08-24 09:19:54.677,InnoDB,TRX_SYS_SHARD,1,0,1
1787563194.676,2026-08-24 09:19:54.677,InnoDB,TRX_SYS_SHARD,1,0,1
1787563194.676,2026-08-24 09:19:54.677,InnoDB,FIL_SHARD,1,0,1
1787563194.676,2026-08-24 09:19:54.677,InnoDB,FIL_SHARD,1,0,1
1787563194.676,2026-08-24 09:19:54.677,InnoDB,AUTOINC,2,0,2
1787563194.676,2026-08-24 09:19:54.677,InnoDB,LOCK_SYS_PAGE,79,0,112
1787563194.676,2026-08-24 09:19:54.677,InnoDB,LOCK_SYS_PAGE,106,0,129
1787563194.676,2026-08-24 09:19:54.677,InnoDB,LOCK_SYS_PAGE,49,0,79
1787563194.676,2026-08-24 09:19:54.677,InnoDB,LOCK_SYS_PAGE,46,0,87
1787563194.676,2026-08-24 09:19:54.677,InnoDB,LOCK_SYS_PAGE,82,0,103
1787563194.676,2026-08-24 09:19:54.677,InnoDB,LOCK_SYS_PAGE,108,0,125
1787563194.676,2026-08-24 09:19:54.677,InnoDB,LOCK_SYS_PAGE,31,0,55
1787563194.676,2026-08-24 09:19:54.677,InnoDB,LOCK_SYS_PAGE,49,0,79
1787563194.676,2026-08-24 09:19:54.677,InnoDB,LOCK_SYS_PAGE,83,0,97
1787563194.676,2026-08-24 09:19:54.677,InnoDB,LOCK_SYS_PAGE,82,0,112
1787563194.676,2026-08-24 09:19:54.677,InnoDB,LOCK_SYS_PAGE,58,0,71
1787563194.676,2026-08-24 09:19:54.677,InnoDB,LOCK_SYS_PAGE,67,0,87
1787563194.676,2026-08-24 09:19:54.677,InnoDB,LOCK_SYS_PAGE,93,0,119
1787563194.676,2026-08-24 09:19:54.677,InnoDB,LOCK_SYS_PAGE,99,0,135
1787563194.676,2026-08-24 09:19:54.677,InnoDB,LOCK_SYS_PAGE,56,0,78
1787563194.676,2026-08-24 09:19:54.677,InnoDB,LOCK_SYS_PAGE,62,0,70
1787563194.676,2026-08-24 09:19:54.677,InnoDB,LOCK_SYS_PAGE,82,0,108
1787563194.676,2026-08-24 09:19:54.677,InnoDB,LOCK_SYS_PAGE,98,0,107
1787563194.676,2026-08-24 09:19:54.677,InnoDB,LOCK_SYS_PAGE,67,0,105
1787563194.676,2026-08-24 09:19:54.677,InnoDB,LOCK_SYS_PAGE,95,0,111
1787563194.676,2026-08-24 09:19:54.677,InnoDB,LOCK_SYS_PAGE,41,0,57
1787563194.676,2026-08-24 09:19:54.677,InnoDB,LOCK_SYS_PAGE,31,0,65
1787563194.676,2026-08-24 09:19:54.677,InnoDB,LOCK_SYS_PAGE,87,0,109
1787563194.676,2026-08-24 09:19:54.677,InnoDB,LOCK_SYS_PAGE,76,0,97
1787563194.676,2026-08-24 09:19:54.677,InnoDB,LOCK_SYS_PAGE,55,0,75
1787563194.676,2026-08-24 09:19:54.677,InnoDB,LOCK_SYS_PAGE,59,0,96
1787563194.676,2026-08-24 09:19:54.677,InnoDB,LOCK_SYS_PAGE,57,0,84
1787563194.676,2026-08-24 09:19:54.677,InnoDB,LOCK_SYS_PAGE,102,0,137
1787563194.676,2026-08-24 09:19:54.677,InnoDB,LOCK_SYS_PAGE,41,0,66
1787563194.676,2026-08-24 09:19:54.677,InnoDB,LOCK_SYS_PAGE,58,0,91
1787563194.676,2026-08-24 09:19:54.677,InnoDB,LOCK_SYS_PAGE,101,0,135
1787563194.676,2026-08-24 09:19:54.677,InnoDB,LOCK_SYS_PAGE,63,0,90
1787563194.676,2026-08-24 09:19:54.677,InnoDB,LOCK_SYS_PAGE,54,0,79
1787563194.676,2026-08-24 09:19:54.677,InnoDB,LOCK_SYS_PAGE,54,0,72
1787563194.676,2026-08-24 09:19:54.677,InnoDB,LOCK_SYS_PAGE,58,0,89
1787563194.676,2026-08-24 09:19:54.677,InnoDB,LOCK_SYS_PAGE,61,0,93
1787563194.676,2026-08-24 09:19:54.677,InnoDB,LOCK_SYS_PAGE,85,0,116
1787563194.676,2026-08-24 09:19:54.677,InnoDB,LOCK_SYS_PAGE,94,0,134
1787563194.676,2026-08-24 09:19:54.677,InnoDB,LOCK_SYS_PAGE,37,0,79
1787563194.676,2026-08-24 09:19:54.677,InnoDB,LOCK_SYS_PAGE,34,0,67
1787563194.676,2026-08-24 09:19:54.677,InnoDB,LOCK_SYS_PAGE,71,0,98
1787563194.676,2026-08-24 09:19:54.677,InnoDB,LOCK_SYS_PAGE,104,0,111
1787563194.676,2026-08-24 09:19:54.677,InnoDB,LOCK_SYS_PAGE,53,0,76
1787563194.676,2026-08-24 09:19:54.677,InnoDB,LOCK_SYS_PAGE,90,0,112
1787563194.676,2026-08-24 09:19:54.677,InnoDB,LOCK_SYS_PAGE,81,0,112
1787563194.676,2026-08-24 09:19:54.677,InnoDB,LOCK_SYS_PAGE,84,0,101
1787563194.676,2026-08-24 09:19:54.677,InnoDB,LOCK_SYS_PAGE,47,0,72
1787563194.676,2026-08-24 09:19:54.677,InnoDB,LOCK_SYS_PAGE,43,0,79
1787563194.676,2026-08-24 09:19:54.677,InnoDB,LOCK_SYS_PAGE,82,0,97
1787563194.676,2026-08-24 09:19:54.677,InnoDB,LOCK_SYS_PAGE,84,0,107
1787563194.676,2026-08-24 09:19:54.677,InnoDB,LOCK_SYS_PAGE,40,0,75
1787563194.676,2026-08-24 09:19:54.677,InnoDB,LOCK_SYS_PAGE,69,0,92
1787563194.676,2026-08-24 09:19:54.677,InnoDB,LOCK_SYS_PAGE,95,0,115
1787563194.676,2026-08-24 09:19:54.677,InnoDB,LOCK_SYS_PAGE,34,0,59
1787563194.676,2026-08-24 09:19:54.677,InnoDB,LOCK_SYS_PAGE,42,0,70
1787563194.676,2026-08-24 09:19:54.677,InnoDB,LOCK_SYS_PAGE,64,0,99
1787563194.676,2026-08-24 09:19:54.677,InnoDB,LOCK_SYS_PAGE,83,0,108
1787563194.676,2026-08-24 09:19:54.677,InnoDB,LOCK_SYS_PAGE,51,0,80
1787563194.676,2026-08-24 09:19:54.677,InnoDB,LOCK_SYS_PAGE,55,0,82
1787563194.676,2026-08-24 09:19:54.677,InnoDB,LOCK_SYS_PAGE,101,0,114
1787563194.676,2026-08-24 09:19:54.677,InnoDB,LOCK_SYS_PAGE,74,0,101
1787563194.676,2026-08-24 09:19:54.677,InnoDB,LOCK_SYS_PAGE,35,0,60
1787563194.676,2026-08-24 09:19:54.677,InnoDB,LOCK_SYS_PAGE,124,0,93
1787563194.676,2026-08-24 09:19:54.677,InnoDB,LOCK_SYS_PAGE,76,0,96
1787563194.676,2026-08-24 09:19:54.677,InnoDB,LOCK_SYS_PAGE,75,0,108
1787563194.676,2026-08-24 09:19:54.677,InnoDB,LOCK_SYS_PAGE,51,0,66
1787563194.676,2026-08-24 09:19:54.677,InnoDB,LOCK_SYS_PAGE,45,0,72
1787563194.676,2026-08-24 09:19:54.677,InnoDB,LOCK_SYS_PAGE,96,0,93
1787563194.676,2026-08-24 09:19:54.677,InnoDB,LOCK_SYS_PAGE,72,0,107
1787563194.676,2026-08-24 09:19:54.677,InnoDB,LOCK_SYS_PAGE,62,0,74
1787563194.676,2026-08-24 09:19:54.677,InnoDB,LOCK_SYS_PAGE,43,0,73
1787563194.676,2026-08-24 09:19:54.677,InnoDB,LOCK_SYS_PAGE,104,0,141
1787563194.676,2026-08-24 09:19:54.677,InnoDB,LOCK_SYS_PAGE,86,0,106
1787563194.676,2026-08-24 09:19:54.677,InnoDB,LOCK_SYS_PAGE,34,0,64
1787563194.676,2026-08-24 09:19:54.677,InnoDB,LOCK_SYS_PAGE,45,0,81
1787563194.676,2026-08-24 09:19:54.677,InnoDB,LOCK_SYS_PAGE,126,0,142
1787563194.676,2026-08-24 09:19:54.677,InnoDB,LOCK_SYS_PAGE,98,0,108
1787563194.676,2026-08-24 09:19:54.677,InnoDB,LOCK_SYS_PAGE,64,0,90
1787563194.676,2026-08-24 09:19:54.677,InnoDB,LOCK_SYS_PAGE,66,0,92
1787563194.676,2026-08-24 09:19:54.677,InnoDB,LOCK_SYS_PAGE,86,0,104
1787563194.676,2026-08-24 09:19:54.677,InnoDB,LOCK_SYS_PAGE,62,0,90
1787563194.676,2026-08-24 09:19:54.677,InnoDB,LOCK_SYS_PAGE,156,0,77
1787563194.676,2026-08-24 09:19:54.677,InnoDB,LOCK_SYS_PAGE,56,0,73
1787563194.676,2026-08-24 09:19:54.677,InnoDB,LOCK_SYS_PAGE,72,0,86
1787563194.676,2026-08-24 09:19:54.677,InnoDB,LOCK_SYS_PAGE,59,0,94
1787563194.676,2026-08-24 09:19:54.677,InnoDB,LOCK_SYS_PAGE,52,0,78
1787563194.676,2026-08-24 09:19:54.677,InnoDB,LOCK_SYS_PAGE,38,0,65
1787563194.676,2026-08-24 09:19:54.677,InnoDB,LOCK_SYS_PAGE,56,0,96
1787563194.676,2026-08-24 09:19:54.677,InnoDB,LOCK_SYS_PAGE,69,0,110
1787563194.676,2026-08-24 09:19:54.677,InnoDB,LOCK_SYS_PAGE,46,0,68
1787563194.676,2026-08-24 09:19:54.677,InnoDB,LOCK_SYS_PAGE,45,0,70
1787563194.676,2026-08-24 09:19:54.677,InnoDB,LOCK_SYS_PAGE,44,0,76
1787563194.676,2026-08-24 09:19:54.677,InnoDB,LOCK_SYS_PAGE,63,0,90
1787563194.676,2026-08-24 09:19:54.677,InnoDB,LOCK_SYS_PAGE,74,0,91
1787563194.676,2026-08-24 09:19:54.677,InnoDB,LOCK_SYS_PAGE,45,0,61
1787563194.676,2026-08-24 09:19:54.677,InnoDB,LOCK_SYS_PAGE,62,0,89
1787563194.676,2026-08-24 09:19:54.677,InnoDB,LOCK_SYS_PAGE,72,0,99
1787563194.676,2026-08-24 09:19:54.677,InnoDB,LOCK_SYS_PAGE,35,0,57
1787563194.676,2026-08-24 09:19:54.677,InnoDB,LOCK_SYS_PAGE,38,0,70
1787563194.676,2026-08-24 09:19:54.677,InnoDB,LOCK_SYS_PAGE,58,0,99
1787563194.676,2026-08-24 09:19:54.677,InnoDB,LOCK_SYS_PAGE,59,0,96
1787563194.676,2026-08-24 09:19:54.677,InnoDB,LOCK_SYS_PAGE,41,0,72
1787563194.676,2026-08-24 09:19:54.677,InnoDB,LOCK_SYS_PAGE,59,0,85
1787563194.676,2026-08-24 09:19:54.677,InnoDB,LOCK_SYS_PAGE,51,0,79
1787563194.676,2026-08-24 09:19:54.677,InnoDB,LOCK_SYS_PAGE,42,0,76
1787563194.676,2026-08-24 09:19:54.677,InnoDB,LOCK_SYS_PAGE,72,0,115
1787563194.676,2026-08-24 09:19:54.677,InnoDB,LOCK_SYS_PAGE,72,0,86
1787563194.676,2026-08-24 09:19:54.677,InnoDB,LOCK_SYS_PAGE,48,0,83
1787563194.676,2026-08-24 09:19:54.677,InnoDB,LOCK_SYS_PAGE,40,0,83
1787563194.676,2026-08-24 09:19:54.677,InnoDB,LOCK_SYS_PAGE,70,0,98
1787563194.676,2026-08-24 09:19:54.677,InnoDB,LOCK_SYS_PAGE,35,0,68
1787563194.676,2026-08-24 09:19:54.677,InnoDB,LOCK_SYS_PAGE,46,0,68
1787563194.676,2026-08-24 09:19:54.677,InnoDB,LOCK_SYS_PAGE,37,0,63
1787563194.676,2026-08-24 09:19:54.677,InnoDB,LOCK_SYS_PAGE,42,0,65
1787563194.676,2026-08-24 09:19:54.677,InnoDB,LOCK_SYS_PAGE,61,0,80
1787563194.676,2026-08-24 09:19:54.677,InnoDB,LOCK_SYS_PAGE,38,0,61
1787563194.676,2026-08-24 09:19:54.677,InnoDB,LOCK_SYS_PAGE,37,0,73
1787563194.676,2026-08-24 09:19:54.677,InnoDB,LOCK_SYS_PAGE,54,0,74
1787563194.676,2026-08-24 09:19:54.677,InnoDB,LOCK_SYS_PAGE,76,0,95
1787563194.676,2026-08-24 09:19:54.677,InnoDB,LOCK_SYS_PAGE,70,0,82
1787563194.676,2026-08-24 09:19:54.677,InnoDB,LOCK_SYS_PAGE,65,0,80
1787563194.676,2026-08-24 09:19:54.677,InnoDB,LOCK_SYS_PAGE,86,0,82
1787563194.676,2026-08-24 09:19:54.677,InnoDB,LOCK_SYS_PAGE,37,0,63
1787563194.676,2026-08-24 09:19:54.677,InnoDB,LOCK_SYS_PAGE,137,0,107
1787563194.676,2026-08-24 09:19:54.677,InnoDB,LOCK_SYS_PAGE,58,0,79
1787563194.676,2026-08-24 09:19:54.677,InnoDB,LOCK_SYS_PAGE,100,0,84
1787563194.676,2026-08-24 09:19:54.677,InnoDB,LOCK_SYS_PAGE,60,0,77
1787563194.676,2026-08-24 09:19:54.677,InnoDB,LOCK_SYS_PAGE,39,0,66
1787563194.676,2026-08-24 09:19:54.677,InnoDB,LOCK_SYS_PAGE,85,0,101
1787563194.676,2026-08-24 09:19:54.677,InnoDB,LOCK_SYS_PAGE,39,0,66
1787563194.676,2026-08-24 09:19:54.677,InnoDB,LOCK_SYS_PAGE,39,0,52
1787563194.676,2026-08-24 09:19:54.677,InnoDB,LOCK_SYS_PAGE,61,0,81
1787563194.676,2026-08-24 09:19:54.677,InnoDB,LOCK_SYS_PAGE,64,0,92
1787563194.676,2026-08-24 09:19:54.677,InnoDB,LOCK_SYS_PAGE,39,0,76
1787563194.676,2026-08-24 09:19:54.677,InnoDB,LOCK_SYS_PAGE,36,0,70
1787563194.676,2026-08-24 09:19:54.677,InnoDB,LOCK_SYS_PAGE,49,0,90
1787563194.676,2026-08-24 09:19:54.677,InnoDB,LOCK_SYS_PAGE,42,0,65
1787563194.676,2026-08-24 09:19:54.677,InnoDB,LOCK_SYS_PAGE,59,0,93
1787563194.676,2026-08-24 09:19:54.677,InnoDB,LOCK_SYS_PAGE,76,0,108
1787563194.676,2026-08-24 09:19:54.677,InnoDB,LOCK_SYS_PAGE,37,0,62
1787563194.676,2026-08-24 09:19:54.677,InnoDB,LOCK_SYS_PAGE,47,0,75
1787563194.676,2026-08-24 09:19:54.677,InnoDB,LOCK_SYS_PAGE,66,0,84
1787563194.676,2026-08-24 09:19:54.677,InnoDB,LOCK_SYS_PAGE,73,0,89
1787563194.676,2026-08-24 09:19:54.677,InnoDB,LOCK_SYS_PAGE,64,0,91
1787563194.676,2026-08-24 09:19:54.677,InnoDB,LOCK_SYS_PAGE,83,0,85
1787563194.676,2026-08-24 09:19:54.677,InnoDB,LOCK_SYS_PAGE,70,0,104
1787563194.676,2026-08-24 09:19:54.677,InnoDB,LOCK_SYS_PAGE,65,0,92
1787563194.676,2026-08-24 09:19:54.677,InnoDB,LOCK_SYS_PAGE,46,0,72
1787563194.676,2026-08-24 09:19:54.677,InnoDB,LOCK_SYS_PAGE,20,0,47
1787563194.676,2026-08-24 09:19:54.677,InnoDB,LOCK_SYS_PAGE,140,0,110
1787563194.676,2026-08-24 09:19:54.677,InnoDB,LOCK_SYS_PAGE,49,0,79
1787563194.676,2026-08-24 09:19:54.677,InnoDB,LOCK_SYS_PAGE,36,0,52
1787563194.676,2026-08-24 09:19:54.677,InnoDB,LOCK_SYS_PAGE,44,0,90
1787563194.676,2026-08-24 09:19:54.677,InnoDB,LOCK_SYS_PAGE,38,0,62
1787563194.676,2026-08-24 09:19:54.677,InnoDB,LOCK_SYS_PAGE,36,0,70
1787563194.676,2026-08-24 09:19:54.677,InnoDB,LOCK_SYS_PAGE,87,0,111
1787563194.676,2026-08-24 09:19:54.677,InnoDB,LOCK_SYS_PAGE,106,0,147
1787563194.676,2026-08-24 09:19:54.677,InnoDB,LOCK_SYS_PAGE,44,0,81
1787563194.676,2026-08-24 09:19:54.677,InnoDB,LOCK_SYS_PAGE,63,0,96
1787563194.676,2026-08-24 09:19:54.677,InnoDB,LOCK_SYS_PAGE,67,0,103
1787563194.676,2026-08-24 09:19:54.677,InnoDB,LOCK_SYS_PAGE,84,0,112
1787563194.676,2026-08-24 09:19:54.677,InnoDB,LOCK_SYS_PAGE,64,0,106
1787563194.676,2026-08-24 09:19:54.677,InnoDB,LOCK_SYS_PAGE,48,0,79
1787563194.676,2026-08-24 09:19:54.677,InnoDB,LOCK_SYS_PAGE,75,0,93
1787563194.676,2026-08-24 09:19:54.677,InnoDB,LOCK_SYS_PAGE,142,0,108
1787563194.676,2026-08-24 09:19:54.677,InnoDB,LOCK_SYS_PAGE,46,0,74
1787563194.676,2026-08-24 09:19:54.677,InnoDB,LOCK_SYS_PAGE,44,0,65
1787563194.676,2026-08-24 09:19:54.677,InnoDB,LOCK_SYS_PAGE,93,0,124
1787563194.676,2026-08-24 09:19:54.677,InnoDB,LOCK_SYS_PAGE,85,0,98
1787563194.676,2026-08-24 09:19:54.677,InnoDB,LOCK_SYS_PAGE,88,0,113
1787563194.676,2026-08-24 09:19:54.677,InnoDB,LOCK_SYS_PAGE,83,0,103
1787563194.676,2026-08-24 09:19:54.677,InnoDB,LOCK_SYS_PAGE,34,0,66
1787563194.676,2026-08-24 09:19:54.677,InnoDB,LOCK_SYS_PAGE,33,0,53
1787563194.676,2026-08-24 09:19:54.677,InnoDB,LOCK_SYS_PAGE,78,0,104
1787563194.676,2026-08-24 09:19:54.677,InnoDB,LOCK_SYS_PAGE,92,0,106
1787563194.676,2026-08-24 09:19:54.677,InnoDB,LOCK_SYS_PAGE,36,0,65
1787563194.676,2026-08-24 09:19:54.677,InnoDB,LOCK_SYS_PAGE,36,0,55
1787563194.676,2026-08-24 09:19:54.677,InnoDB,LOCK_SYS_PAGE,84,0,111
1787563194.676,2026-08-24 09:19:54.677,InnoDB,LOCK_SYS_PAGE,51,0,79
1787563194.676,2026-08-24 09:19:54.677,InnoDB,LOCK_SYS_PAGE,48,0,74
1787563194.676,2026-08-24 09:19:54.677,InnoDB,LOCK_SYS_PAGE,39,0,70
1787563194.676,2026-08-24 09:19:54.677,InnoDB,LOCK_SYS_PAGE,71,0,100
1787563194.676,2026-08-24 09:19:54.677,InnoDB,LOCK_SYS_PAGE,77,0,90
1787563194.676,2026-08-24 09:19:54.677,InnoDB,LOCK_SYS_PAGE,56,0,76
1787563194.676,2026-08-24 09:19:54.677,InnoDB,LOCK_SYS_PAGE,62,0,77
1787563194.676,2026-08-24 09:19:54.677,InnoDB,LOCK_SYS_PAGE,80,0,123
1787563194.676,2026-08-24 09:19:54.677,InnoDB,LOCK_SYS_PAGE,73,0,96
1787563194.676,2026-08-24 09:19:54.677,InnoDB,LOCK_SYS_PAGE,112,0,133
1787563194.676,2026-08-24 09:19:54.677,InnoDB,LOCK_SYS_PAGE,100,0,124
1787563194.676,2026-08-24 09:19:54.677,InnoDB,LOCK_SYS_PAGE,70,0,115
1787563194.676,2026-08-24 09:19:54.677,InnoDB,LOCK_SYS_PAGE,55,0,99
1787563194.676,2026-08-24 09:19:54.677,InnoDB,LOCK_SYS_PAGE,109,0,122
1787563194.676,2026-08-24 09:19:54.677,InnoDB,LOCK_SYS_PAGE,197,0,143
1787563194.676,2026-08-24 09:19:54.677,InnoDB,LOCK_SYS_PAGE,48,0,85
1787563194.676,2026-08-24 09:19:54.677,InnoDB,LOCK_SYS_PAGE,33,0,68
1787563194.676,2026-08-24 09:19:54.677,InnoDB,LOCK_SYS_PAGE,43,0,58
1787563194.676,2026-08-24 09:19:54.677,InnoDB,LOCK_SYS_PAGE,107,0,129
1787563194.676,2026-08-24 09:19:54.677,InnoDB,LOCK_SYS_PAGE,60,0,86
1787563194.676,2026-08-24 09:19:54.677,InnoDB,LOCK_SYS_PAGE,57,0,93
1787563194.676,2026-08-24 09:19:54.677,InnoDB,LOCK_SYS_PAGE,61,0,84
1787563194.676,2026-08-24 09:19:54.677,InnoDB,LOCK_SYS_PAGE,83,0,106
1787563194.676,2026-08-24 09:19:54.677,InnoDB,LOCK_SYS_PAGE,38,0,74
1787563194.676,2026-08-24 09:19:54.677,InnoDB,LOCK_SYS_PAGE,46,0,76
1787563194.676,2026-08-24 09:19:54.677,InnoDB,LOCK_SYS_PAGE,38,0,67
1787563194.676,2026-08-24 09:19:54.677,InnoDB,LOCK_SYS_PAGE,42,0,77
1787563194.676,2026-08-24 09:19:54.677,InnoDB,LOCK_SYS_PAGE,74,0,111
1787563194.676,2026-08-24 09:19:54.677,InnoDB,LOCK_SYS_PAGE,77,0,110
1787563194.676,2026-08-24 09:19:54.677,InnoDB,LOCK_SYS_PAGE,63,0,98
1787563194.676,2026-08-24 09:19:54.677,InnoDB,LOCK_SYS_PAGE,69,0,89
1787563194.676,2026-08-24 09:19:54.677,InnoDB,LOCK_SYS_PAGE,107,0,140
1787563194.676,2026-08-24 09:19:54.677,InnoDB,LOCK_SYS_PAGE,87,0,110
1787563194.676,2026-08-24 09:19:54.677,InnoDB,LOCK_SYS_PAGE,40,0,69
1787563194.676,2026-08-24 09:19:54.677,InnoDB,LOCK_SYS_PAGE,65,0,74
1787563194.676,2026-08-24 09:19:54.677,InnoDB,LOCK_SYS_PAGE,71,0,102
1787563194.676,2026-08-24 09:19:54.677,InnoDB,LOCK_SYS_PAGE,76,0,96
1787563194.676,2026-08-24 09:19:54.677,InnoDB,LOCK_SYS_PAGE,49,0,81
1787563194.676,2026-08-24 09:19:54.677,InnoDB,LOCK_SYS_PAGE,49,0,75
1787563194.676,2026-08-24 09:19:54.677,InnoDB,LOCK_SYS_PAGE,73,0,98
1787563194.676,2026-08-24 09:19:54.677,InnoDB,LOCK_SYS_PAGE,102,0,109
1787563194.676,2026-08-24 09:19:54.677,InnoDB,LOCK_SYS_PAGE,48,0,82
1787563194.676,2026-08-24 09:19:54.677,InnoDB,LOCK_SYS_PAGE,57,0,82
1787563194.676,2026-08-24 09:19:54.677,InnoDB,LOCK_SYS_PAGE,81,0,92
1787563194.676,2026-08-24 09:19:54.677,InnoDB,LOCK_SYS_PAGE,33,0,65
1787563194.676,2026-08-24 09:19:54.677,InnoDB,LOCK_SYS_PAGE,38,0,66
1787563194.676,2026-08-24 09:19:54.677,InnoDB,LOCK_SYS_PAGE,58,0,85
1787563194.676,2026-08-24 09:19:54.677,InnoDB,LOCK_SYS_PAGE,58,0,77
1787563194.676,2026-08-24 09:19:54.677,InnoDB,LOCK_SYS_PAGE,45,0,70
1787563194.676,2026-08-24 09:19:54.677,InnoDB,LOCK_SYS_PAGE,45,0,67
1787563194.676,2026-08-24 09:19:54.677,InnoDB,LOCK_SYS_PAGE,65,0,85
1787563194.676,2026-08-24 09:19:54.677,InnoDB,LOCK_SYS_PAGE,72,0,87
1787563194.676,2026-08-24 09:19:54.677,InnoDB,LOCK_SYS_PAGE,43,0,72
1787563194.676,2026-08-24 09:19:54.677,InnoDB,LOCK_SYS_PAGE,56,0,78
1787563194.676,2026-08-24 09:19:54.677,InnoDB,LOCK_SYS_PAGE,48,0,75
1787563194.676,2026-08-24 09:19:54.677,InnoDB,LOCK_SYS_PAGE,49,0,79
1787563194.676,2026-08-24 09:19:54.677,InnoDB,LOCK_SYS_PAGE,32,0,68
1787563194.676,2026-08-24 09:19:54.677,InnoDB,LOCK_SYS_PAGE,36,0,54
1787563194.676,2026-08-24 09:19:54.677,InnoDB,LOCK_SYS_PAGE,64,0,88
1787563194.676,2026-08-24 09:19:54.677,InnoDB,LOCK_SYS_PAGE,83,0,92
1787563194.676,2026-08-24 09:19:54.677,InnoDB,LOCK_SYS_PAGE,87,0,126
1787563194.676,2026-08-24 09:19:54.677,InnoDB,LOCK_SYS_PAGE,80,0,109
1787563194.676,2026-08-24 09:19:54.677,InnoDB,LOCK_SYS_PAGE,37,0,63
1787563194.676,2026-08-24 09:19:54.677,InnoDB,LOCK_SYS_PAGE,54,0,81
1787563194.676,2026-08-24 09:19:54.677,InnoDB,LOCK_SYS_PAGE,91,0,121
1787563194.676,2026-08-24 09:19:54.677,InnoDB,LOCK_SYS_PAGE,70,0,97
1787563194.676,2026-08-24 09:19:54.677,InnoDB,LOCK_SYS_PAGE,37,0,68
1787563194.676,2026-08-24 09:19:54.677,InnoDB,LOCK_SYS_PAGE,46,0,85
1787563194.676,2026-08-24 09:19:54.677,InnoDB,LOCK_SYS_PAGE,53,0,73
1787563194.676,2026-08-24 09:19:54.677,InnoDB,LOCK_SYS_PAGE,98,0,87
1787563194.676,2026-08-24 09:19:54.677,InnoDB,LOCK_SYS_PAGE,39,0,67
1787563194.676,2026-08-24 09:19:54.677,InnoDB,LOCK_SYS_PAGE,43,0,71
1787563194.676,2026-08-24 09:19:54.677,InnoDB,LOCK_SYS_PAGE,120,0,97
1787563194.676,2026-08-24 09:19:54.677,InnoDB,LOCK_SYS_PAGE,212,0,135
1787563194.676,2026-08-24 09:19:54.677,InnoDB,LOCK_SYS_PAGE,41,0,74
1787563194.676,2026-08-24 09:19:54.677,InnoDB,LOCK_SYS_PAGE,41,0,81
1787563194.676,2026-08-24 09:19:54.677,InnoDB,LOCK_SYS_TABLE,1139,0,1073
1787563194.676,2026-08-24 09:19:54.677,InnoDB,LOCK_SYS_TABLE,1165,0,1098
1787563194.676,2026-08-24 09:19:54.677,InnoDB,LOCK_SYS_TABLE,1161,0,1104
1787563194.676,2026-08-24 09:19:54.677,InnoDB,LOCK_SYS_TABLE,1085,0,1080
1787563194.676,2026-08-24 09:19:54.677,InnoDB,LOCK_SYS_TABLE,1052,0,1089
1787563194.676,2026-08-24 09:19:54.677,InnoDB,LOCK_SYS_TABLE,1140,0,1079
1787563194.676,2026-08-24 09:19:54.677,InnoDB,LOCK_SYS_TABLE,1140,0,1055
1787563194.676,2026-08-24 09:19:54.677,InnoDB,LOCK_SYS_TABLE,1074,0,1044
1787563194.676,2026-08-24 09:19:54.677,InnoDB,LOCK_SYS_TABLE,1135,0,1146
1787563194.676,2026-08-24 09:19:54.677,InnoDB,LOCK_SYS_TABLE,1143,0,1115
1787563194.676,2026-08-24 09:19:54.677,InnoDB,LOCK_SYS_TABLE,1214,0,1134
1787563194.676,2026-08-24 09:19:54.677,InnoDB,LOCK_SYS_TABLE,1117,0,1099
1787563194.676,2026-08-24 09:19:54.677,InnoDB,LOCK_SYS_TABLE,1139,0,1100
1787563194.676,2026-08-24 09:19:54.677,InnoDB,LOCK_SYS_TABLE,1011,0,977
1787563194.676,2026-08-24 09:19:54.677,InnoDB,LOCK_SYS_TABLE,1163,0,1075
1787563194.676,2026-08-24 09:19:54.677,InnoDB,LOCK_SYS_TABLE,1088,0,1084
1787563194.676,2026-08-24 09:19:54.677,InnoDB,LOCK_SYS_PAGE,46,0,71
1787563194.676,2026-08-24 09:19:54.677,InnoDB,LOCK_SYS_PAGE,39,0,72
1787563194.676,2026-08-24 09:19:54.677,InnoDB,LOCK_SYS_PAGE,42,0,60
1787563194.676,2026-08-24 09:19:54.677,InnoDB,LOCK_SYS_PAGE,42,0,77
1787563194.676,2026-08-24 09:19:54.677,InnoDB,LOCK_SYS_PAGE,85,0,112
1787563194.676,2026-08-24 09:19:54.677,InnoDB,LOCK_SYS_PAGE,81,0,100
1787563194.676,2026-08-24 09:19:54.677,InnoDB,LOCK_SYS_PAGE,47,0,62
1787563194.676,2026-08-24 09:19:54.677,InnoDB,LOCK_SYS_PAGE,42,0,70
1787563194.676,2026-08-24 09:19:54.677,InnoDB,LOCK_SYS_PAGE,193,0,124
1787563194.676,2026-08-24 09:19:54.677,InnoDB,LOCK_SYS_PAGE,63,0,82
1787563194.676,2026-08-24 09:19:54.677,InnoDB,LOCK_SYS_PAGE,32,0,80
1787563194.676,2026-08-24 09:19:54.677,InnoDB,LOCK_SYS_PAGE,38,0,62
1787563194.676,2026-08-24 09:19:54.677,InnoDB,LOCK_SYS_PAGE,107,0,96
1787563194.676,2026-08-24 09:19:54.677,InnoDB,LOCK_SYS_TABLE,3,0,2
1787563194.676,2026-08-24 09:19:54.677,InnoDB,LOCK_SYS_TABLE,970,0,978
1787563194.676,2026-08-24 09:19:54.677,InnoDB,LOCK_SYS_TABLE,1167,0,1124
1787563194.676,2026-08-24 09:19:54.677,InnoDB,LOCK_SYS_TABLE,1164,0,1064
1787563194.676,2026-08-24 09:19:54.677,InnoDB,LOCK_SYS_TABLE,1099,0,1066
1787563194.676,2026-08-24 09:19:54.677,InnoDB,LOCK_SYS_PAGE,49,0,85
1787563194.676,2026-08-24 09:19:54.677,InnoDB,LOCK_SYS_PAGE,44,0,82
1787563194.676,2026-08-24 09:19:54.677,InnoDB,LOCK_SYS_PAGE,35,0,66
1787563194.676,2026-08-24 09:19:54.677,InnoDB,LOCK_SYS_PAGE,72,0,99
1787563194.676,2026-08-24 09:19:54.677,InnoDB,LOCK_SYS_PAGE,78,0,102
1787563194.676,2026-08-24 09:19:54.677,InnoDB,LOCK_SYS_PAGE,57,0,101
1787563194.676,2026-08-24 09:19:54.677,InnoDB,LOCK_SYS_PAGE,54,0,91
1787563194.676,2026-08-24 09:19:54.677,InnoDB,LOCK_SYS_PAGE,101,0,135
1787563194.676,2026-08-24 09:19:54.677,InnoDB,LOCK_SYS_PAGE,100,0,123
1787563194.676,2026-08-24 09:19:54.677,InnoDB,LOCK_SYS_PAGE,68,0,99
1787563194.676,2026-08-24 09:19:54.677,InnoDB,LOCK_SYS_PAGE,47,0,70
1787563194.676,2026-08-24 09:19:54.677,InnoDB,LOCK_SYS_PAGE,85,0,122
1787563194.676,2026-08-24 09:19:54.677,InnoDB,LOCK_SYS_PAGE,84,0,122
1787563194.676,2026-08-24 09:19:54.677,InnoDB,LOCK_SYS_PAGE,50,0,95
1787563194.676,2026-08-24 09:19:54.677,InnoDB,LOCK_SYS_PAGE,57,0,95
1787563194.676,2026-08-24 09:19:54.677,InnoDB,LOCK_SYS_PAGE,87,0,111
1787563194.676,2026-08-24 09:19:54.677,InnoDB,LOCK_SYS_PAGE,91,0,114
1787563194.676,2026-08-24 09:19:54.677,InnoDB,LOCK_SYS_PAGE,71,0,107
1787563194.676,2026-08-24 09:19:54.677,InnoDB,LOCK_SYS_PAGE,69,0,93
1787563194.676,2026-08-24 09:19:54.677,InnoDB,LOCK_SYS_PAGE,40,0,70
1787563194.676,2026-08-24 09:19:54.677,InnoDB,LOCK_SYS_PAGE,46,0,88
1787563194.676,2026-08-24 09:19:54.677,InnoDB,LOCK_SYS_PAGE,89,0,117
1787563194.676,2026-08-24 09:19:54.677,InnoDB,LOCK_SYS_PAGE,72,0,93
1787563194.676,2026-08-24 09:19:54.677,InnoDB,LOCK_SYS_PAGE,42,0,59
1787563194.676,2026-08-24 09:19:54.677,InnoDB,LOCK_SYS_PAGE,59,0,86
1787563194.676,2026-08-24 09:19:54.677,InnoDB,LOCK_SYS_PAGE,89,0,113
1787563194.676,2026-08-24 09:19:54.677,InnoDB,LOCK_SYS_PAGE,41,0,84
1787563194.676,2026-08-24 09:19:54.677,InnoDB,LOCK_SYS_PAGE,40,0,67
1787563194.676,2026-08-24 09:19:54.677,InnoDB,LOCK_SYS_PAGE,49,0,80
1787563194.676,2026-08-24 09:19:54.677,InnoDB,LOCK_SYS_PAGE,82,0,106
1787563194.676,2026-08-24 09:19:54.677,InnoDB,LOCK_SYS_PAGE,81,0,109
1787563194.676,2026-08-24 09:19:54.677,InnoDB,LOCK_SYS_PAGE,58,0,80
1787563194.676,2026-08-24 09:19:54.677,InnoDB,LOCK_SYS_PAGE,49,0,69
1787563194.676,2026-08-24 09:19:54.677,InnoDB,LOCK_SYS_PAGE,82,0,105
1787563194.676,2026-08-24 09:19:54.677,InnoDB,LOCK_SYS_PAGE,27,0,67
1787563194.676,2026-08-24 09:19:54.677,InnoDB,LOCK_SYS_PAGE,44,0,87
1787563194.676,2026-08-24 09:19:54.677,InnoDB,LOCK_SYS_PAGE,105,0,151
1787563194.676,2026-08-24 09:19:54.677,InnoDB,LOCK_SYS_PAGE,72,0,105
1787563194.676,2026-08-24 09:19:54.677,InnoDB,LOCK_SYS_PAGE,42,0,75
1787563194.676,2026-08-24 09:19:54.677,InnoDB,LOCK_SYS_PAGE,39,0,73
1787563194.676,2026-08-24 09:19:54.677,InnoDB,LOCK_SYS_PAGE,84,0,102
1787563194.676,2026-08-24 09:19:54.677,InnoDB,LOCK_SYS_PAGE,68,0,107
1787563194.676,2026-08-24 09:19:54.677,InnoDB,LOCK_SYS_PAGE,70,0,74
1787563194.676,2026-08-24 09:19:54.677,InnoDB,LOCK_SYS_PAGE,43,0,83
1787563194.676,2026-08-24 09:19:54.677,InnoDB,LOCK_SYS_PAGE,69,0,106
1787563194.676,2026-08-24 09:19:54.677,InnoDB,LOCK_SYS_PAGE,81,0,112
1787563194.676,2026-08-24 09:19:54.677,InnoDB,LOCK_SYS_PAGE,52,0,78
1787563194.676,2026-08-24 09:19:54.677,InnoDB,LOCK_SYS_PAGE,54,0,83
1787563194.676,2026-08-24 09:19:54.677,InnoDB,LOCK_SYS_PAGE,87,0,105
1787563194.676,2026-08-24 09:19:54.677,InnoDB,LOCK_SYS_PAGE,72,0,102
1787563194.676,2026-08-24 09:19:54.677,InnoDB,LOCK_SYS_PAGE,40,0,73
1787563194.676,2026-08-24 09:19:54.677,InnoDB,LOCK_SYS_PAGE,76,0,105
1787563194.676,2026-08-24 09:19:54.677,InnoDB,LOCK_SYS_PAGE,66,0,105
1787563194.676,2026-08-24 09:19:54.677,InnoDB,LOCK_SYS_PAGE,79,0,107
1787563194.676,2026-08-24 09:19:54.677,InnoDB,LOCK_SYS_PAGE,75,0,76
1787563194.676,2026-08-24 09:19:54.677,InnoDB,LOCK_SYS_PAGE,47,0,68
1787563194.676,2026-08-24 09:19:54.677,InnoDB,LOCK_SYS_PAGE,86,0,111
1787563194.676,2026-08-24 09:19:54.677,InnoDB,LOCK_SYS_PAGE,70,0,100
1787563194.676,2026-08-24 09:19:54.677,InnoDB,LOCK_SYS_PAGE,63,0,65
1787563194.676,2026-08-24 09:19:54.677,InnoDB,LOCK_SYS_PAGE,38,0,79
1787563194.676,2026-08-24 09:19:54.677,InnoDB,LOCK_SYS_PAGE,99,0,110
1787563194.676,2026-08-24 09:19:54.677,InnoDB,LOCK_SYS_PAGE,78,0,98
1787563194.676,2026-08-24 09:19:54.677,InnoDB,LOCK_SYS_PAGE,45,0,64
1787563194.676,2026-08-24 09:19:54.677,InnoDB,LOCK_SYS_PAGE,47,0,70
1787563194.676,2026-08-24 09:19:54.677,InnoDB,LOCK_SYS_PAGE,78,0,107
1787563194.676,2026-08-24 09:19:54.677,InnoDB,LOCK_SYS_PAGE,71,0,90
1787563194.676,2026-08-24 09:19:54.677,InnoDB,LOCK_SYS_PAGE,39,0,72
1787563194.676,2026-08-24 09:19:54.677,InnoDB,rwlock: fil0fil.cc:3294,,51791,
1787563194.676,2026-08-24 09:19:54.677,InnoDB,rwlock: fil0fil.cc:3294,,62644,
1787563194.676,2026-08-24 09:19:54.677,InnoDB,rwlock: dict0dict.cc:2555,,52900,
1787563194.676,2026-08-24 09:19:54.677,InnoDB,rwlock: dict0dict.cc:2555,,53545,
1787563194.676,2026-08-24 09:19:54.677,InnoDB,rwlock: dict0dict.cc:2555,,53736,
1787563194.676,2026-08-24 09:19:54.677,InnoDB,rwlock: dict0dict.cc:2555,,52539,
1787563194.676,2026-08-24 09:19:54.677,InnoDB,rwlock: dict0dict.cc:2555,,53767,
1787563194.676,2026-08-24 09:19:54.677,InnoDB,rwlock: dict0dict.cc:2555,,53702,
1787563194.676,2026-08-24 09:19:54.677,InnoDB,rwlock: dict0dict.cc:2555,,53810,
1787563194.676,2026-08-24 09:19:54.677,InnoDB,rwlock: dict0dict.cc:2555,,53741,
1787563194.676,2026-08-24 09:19:54.677,InnoDB,rwlock: dict0dict.cc:2555,,53875,
1787563194.676,2026-08-24 09:19:54.677,InnoDB,rwlock: dict0dict.cc:2555,,52979,
1787563194.676,2026-08-24 09:19:54.677,InnoDB,rwlock: dict0dict.cc:2555,,54390,
1787563194.676,2026-08-24 09:19:54.677,InnoDB,rwlock: dict0dict.cc:2555,,53860,
1787563194.676,2026-08-24 09:19:54.677,InnoDB,rwlock: dict0dict.cc:2555,,53383,
1787563194.676,2026-08-24 09:19:54.677,InnoDB,rwlock: dict0dict.cc:2555,,53343,
1787563194.676,2026-08-24 09:19:54.677,InnoDB,rwlock: dict0dict.cc:2555,,54057,
1787563194.676,2026-08-24 09:19:54.677,InnoDB,rwlock: dict0dict.cc:2555,,53569,
1787563194.676,2026-08-24 09:19:54.677,InnoDB,rwlock: dict0dict.cc:2555,,53405,
1787563194.676,2026-08-24 09:19:54.677,InnoDB,rwlock: dict0dict.cc:2555,,53425,
1787563194.676,2026-08-24 09:19:54.677,InnoDB,rwlock: dict0dict.cc:2555,,53694,
1787563194.676,2026-08-24 09:19:54.677,InnoDB,rwlock: dict0dict.cc:2555,,53913,
1787563194.676,2026-08-24 09:19:54.677,InnoDB,rwlock: dict0dict.cc:2555,,6,
1787563194.676,2026-08-24 09:19:54.677,InnoDB,rwlock: dict0dict.cc:2555,,4,
1787563194.676,2026-08-24 09:19:54.677,InnoDB,rwlock: dict0dict.cc:2555,,6,
1787563194.676,2026-08-24 09:19:54.677,InnoDB,rwlock: dict0dict.cc:2555,,4,
1787563194.676,2026-08-24 09:19:54.677,InnoDB,rwlock: dict0dict.cc:2555,,7,
1787563194.676,2026-08-24 09:19:54.677,InnoDB,rwlock: dict0dict.cc:2555,,4,
1787563194.676,2026-08-24 09:19:54.677,InnoDB,rwlock: dict0dict.cc:2555,,5,
1787563194.676,2026-08-24 09:19:54.677,InnoDB,rwlock: dict0dict.cc:2555,,6,
1787563194.676,2026-08-24 09:19:54.677,InnoDB,rwlock: dict0dict.cc:2555,,2,
1787563194.676,2026-08-24 09:19:54.677,InnoDB,rwlock: dict0dict.cc:2555,,3,
1787563194.676,2026-08-24 09:19:54.677,InnoDB,rwlock: dict0dict.cc:2555,,5,
1787563194.676,2026-08-24 09:19:54.677,InnoDB,rwlock: dict0dict.cc:2555,,4,
1787563194.676,2026-08-24 09:19:54.677,InnoDB,rwlock: dict0dict.cc:2555,,6,
1787563194.676,2026-08-24 09:19:54.677,InnoDB,rwlock: dict0dict.cc:2555,,6,
1787563194.676,2026-08-24 09:19:54.677,InnoDB,rwlock: dict0dict.cc:2555,,6,
1787563194.676,2026-08-24 09:19:54.677,InnoDB,rwlock: dict0dict.cc:2555,,4,
1787563194.676,2026-08-24 09:19:54.677,InnoDB,rwlock: dict0dict.cc:2555,,5,
1787563194.676,2026-08-24 09:19:54.677,InnoDB,rwlock: dict0dict.cc:2555,,7,
1787563194.676,2026-08-24 09:19:54.677,InnoDB,rwlock: dict0dict.cc:2555,,4,
1787563194.676,2026-08-24 09:19:54.677,InnoDB,rwlock: dict0dict.cc:2555,,5,
1787563194.676,2026-08-24 09:19:54.677,InnoDB,rwlock: dict0dict.cc:2555,,1,
1787563194.676,2026-08-24 09:19:54.677,InnoDB,rwlock: dict0dict.cc:326,,3,
1787563194.676,2026-08-24 09:19:54.677,InnoDB,rwlock: dict0dict.cc:326,,28,
1787563194.676,2026-08-24 09:19:54.677,InnoDB,rwlock: fil0fil.cc:3294,,4,
1787563194.676,2026-08-24 09:19:54.677,InnoDB,rwlock: dict0dict.cc:1027,,7,
1787563194.676,2026-08-24 09:19:54.677,InnoDB,rwlock: hash0hash.cc:117,,960854,
1787563194.676,2026-08-24 09:19:54.677,InnoDB,rwlock: hash0hash.cc:117,,1126760,
1787563194.676,2026-08-24 09:19:54.677,InnoDB,rwlock: hash0hash.cc:117,,1500622,
1787563194.676,2026-08-24 09:19:54.677,InnoDB,rwlock: hash0hash.cc:117,,977364,
1787563194.676,2026-08-24 09:19:54.677,InnoDB,rwlock: hash0hash.cc:117,,1078397,
1787563194.676,2026-08-24 09:19:54.677,InnoDB,rwlock: hash0hash.cc:117,,2238696,
1787563194.676,2026-08-24 09:19:54.677,InnoDB,rwlock: hash0hash.cc:117,,967045,
1787563194.676,2026-08-24 09:19:54.677,InnoDB,rwlock: hash0hash.cc:117,,1127088,
1787563194.676,2026-08-24 09:19:54.677,InnoDB,rwlock: hash0hash.cc:117,,1730939,
1787563194.676,2026-08-24 09:19:54.677,InnoDB,rwlock: hash0hash.cc:117,,958314,
1787563194.676,2026-08-24 09:19:54.677,InnoDB,rwlock: hash0hash.cc:117,,972774,
1787563194.676,2026-08-24 09:19:54.677,InnoDB,rwlock: hash0hash.cc:117,,1679860,
1787563194.676,2026-08-24 09:19:54.677,InnoDB,rwlock: hash0hash.cc:117,,1534628,
1787563194.676,2026-08-24 09:19:54.677,InnoDB,rwlock: hash0hash.cc:117,,999437,
1787563194.676,2026-08-24 09:19:54.677,InnoDB,rwlock: hash0hash.cc:117,,1790216,
1787563194.676,2026-08-24 09:19:54.677,InnoDB,rwlock: hash0hash.cc:117,,1575887,
1787563194.676,2026-08-24 09:19:54.677,InnoDB,sum rwlock: buf0buf.cc:857,,7484218,
1787563211.756,2026-08-24 09:20:11.757,InnoDB,BUF_POOL_LRU_LIST,3641166078,1145184995,355147280
1787563211.756,2026-08-24 09:20:11.757,InnoDB,LOG_WRITER,4086612,136162,617
1787563211.756,2026-08-24 09:20:11.757,InnoDB,FLUSH_LIST,3109353,49837,1474034
1787563211.756,2026-08-24 09:20:11.757,InnoDB,BUF_BLOCK_MUTEX,963715,16187,123349
1787563211.756,2026-08-24 09:20:11.757,InnoDB,BUF_POOL_FLUSH_STATE,13084077,12506,6688201
1787563211.756,2026-08-24 09:20:11.757,InnoDB,BUF_POOL_FREE_LIST,16147991,2288,15712529
1787563211.756,2026-08-24 09:20:11.757,InnoDB,TRX_SYS,349950,1561,262822
1787563211.756,2026-08-24 09:20:11.757,InnoDB,UNDO_SPACE_RSEG,21689,710,93
1787563211.756,2026-08-24 09:20:11.757,InnoDB,TRX_SYS_SERIALISATION,44187,604,23402
1787563211.756,2026-08-24 09:20:11.757,InnoDB,UNDO_SPACE_RSEG,17966,590,111
1787563211.756,2026-08-24 09:20:11.757,InnoDB,UNDO_SPACE_RSEG,15570,508,109
1787563211.756,2026-08-24 09:20:11.757,InnoDB,UNDO_SPACE_RSEG,15319,501,101
1787563211.756,2026-08-24 09:20:11.757,InnoDB,UNDO_SPACE_RSEG,14925,484,131
1787563211.756,2026-08-24 09:20:11.757,InnoDB,UNDO_SPACE_RSEG,13313,438,77
1787563211.756,2026-08-24 09:20:11.757,InnoDB,DICT_PERSIST_DIRTY_TABLES,16199,428,932
1787563211.756,2026-08-24 09:20:11.757,InnoDB,UNDO_SPACE_RSEG,12926,420,100
1787563211.756,2026-08-24 09:20:11.757,InnoDB,UNDO_SPACE_RSEG,12020,386,107
1787563211.756,2026-08-24 09:20:11.757,InnoDB,UNDO_SPACE_RSEG,11688,379,87
1787563211.756,2026-08-24 09:20:11.757,InnoDB,UNDO_SPACE_RSEG,11758,375,131
1787563211.756,2026-08-24 09:20:11.757,InnoDB,IBUF_BITMAP,25269,371,7559
1787563211.756,2026-08-24 09:20:11.757,InnoDB,UNDO_SPACE_RSEG,10559,343,87
1787563211.756,2026-08-24 09:20:11.757,InnoDB,UNDO_SPACE_RSEG,10336,335,89
1787563211.756,2026-08-24 09:20:11.757,InnoDB,UNDO_SPACE_RSEG,10238,326,94
1787563211.756,2026-08-24 09:20:11.757,InnoDB,UNDO_SPACE_RSEG,10155,322,102
1787563211.756,2026-08-24 09:20:11.757,InnoDB,UNDO_SPACE_RSEG,9826,318,89
1787563211.756,2026-08-24 09:20:11.757,InnoDB,UNDO_SPACE_RSEG,9612,312,96
1787563211.756,2026-08-24 09:20:11.757,InnoDB,UNDO_SPACE_RSEG,9516,309,87
1787563211.756,2026-08-24 09:20:11.757,InnoDB,UNDO_SPACE_RSEG,9529,307,86
1787563211.756,2026-08-24 09:20:11.757,InnoDB,LOG_FILES,12661,294,487
1787563211.756,2026-08-24 09:20:11.757,InnoDB,UNDO_SPACE_RSEG,9011,292,85
1787563211.756,2026-08-24 09:20:11.757,InnoDB,UNDO_SPACE_RSEG,8902,288,78
1787563211.756,2026-08-24 09:20:11.757,InnoDB,UNDO_SPACE_RSEG,8692,277,88
1787563211.756,2026-08-24 09:20:11.757,InnoDB,UNDO_SPACE_RSEG,8702,276,77
1787563211.756,2026-08-24 09:20:11.757,InnoDB,UNDO_SPACE_RSEG,8418,275,78
1787563211.756,2026-08-24 09:20:11.757,InnoDB,UNDO_SPACE_RSEG,8234,269,64
1787563211.756,2026-08-24 09:20:11.757,InnoDB,UNDO_SPACE_RSEG,8009,262,69
1787563211.756,2026-08-24 09:20:11.757,InnoDB,UNDO_SPACE_RSEG,7850,253,74
1787563211.756,2026-08-24 09:20:11.757,InnoDB,UNDO_SPACE_RSEG,7717,252,85
1787563211.756,2026-08-24 09:20:11.757,InnoDB,UNDO_SPACE_RSEG,7870,250,80
1787563211.756,2026-08-24 09:20:11.757,InnoDB,UNDO_SPACE_RSEG,7618,250,58
1787563211.756,2026-08-24 09:20:11.757,InnoDB,UNDO_SPACE_RSEG,7388,238,82
1787563211.756,2026-08-24 09:20:11.757,InnoDB,UNDO_SPACE_RSEG,7203,231,72
1787563211.756,2026-08-24 09:20:11.757,InnoDB,UNDO_SPACE_RSEG,7044,224,85
1787563211.756,2026-08-24 09:20:11.757,InnoDB,UNDO_SPACE_RSEG,6830,219,69
1787563211.756,2026-08-24 09:20:11.757,InnoDB,UNDO_SPACE_RSEG,6381,205,72
1787563211.756,2026-08-24 09:20:11.757,InnoDB,UNDO_SPACE_RSEG,6176,197,83
1787563211.756,2026-08-24 09:20:11.757,InnoDB,UNDO_SPACE_RSEG,5894,189,71
1787563211.756,2026-08-24 09:20:11.757,InnoDB,UNDO_SPACE_RSEG,5762,184,92
1787563211.756,2026-08-24 09:20:11.757,InnoDB,UNDO_SPACE_RSEG,5574,181,63
1787563211.756,2026-08-24 09:20:11.757,InnoDB,UNDO_SPACE_RSEG,5488,177,78
1787563211.756,2026-08-24 09:20:11.757,InnoDB,UNDO_SPACE_RSEG,5475,177,74
1787563211.756,2026-08-24 09:20:11.757,InnoDB,LOG_FLUSHER,6321,177,277
1787563211.756,2026-08-24 09:20:11.757,InnoDB,UNDO_SPACE_RSEG,5418,173,67
1787563211.756,2026-08-24 09:20:11.757,InnoDB,UNDO_SPACE_RSEG,5491,172,77
1787563211.756,2026-08-24 09:20:11.757,InnoDB,UNDO_SPACE_RSEG,5073,165,55
1787563211.756,2026-08-24 09:20:11.757,InnoDB,UNDO_SPACE_RSEG,5207,165,72
1787563211.756,2026-08-24 09:20:11.757,InnoDB,UNDO_SPACE_RSEG,4802,156,62
1787563211.756,2026-08-24 09:20:11.757,InnoDB,UNDO_SPACE_RSEG,4945,156,70
1787563211.756,2026-08-24 09:20:11.757,InnoDB,PURGE_SYS_PQ,25823,154,19312
1787563211.756,2026-08-24 09:20:11.757,InnoDB,UNDO_SPACE_RSEG,4783,148,72
1787563211.756,2026-08-24 09:20:11.757,InnoDB,UNDO_SPACE_RSEG,4484,147,63
1787563211.756,2026-08-24 09:20:11.757,InnoDB,UNDO_SPACE_RSEG,4535,145,68
1787563211.756,2026-08-24 09:20:11.757,InnoDB,UNDO_SPACE_RSEG,4540,145,82
1787563211.756,2026-08-24 09:20:11.757,InnoDB,UNDO_SPACE_RSEG,4632,144,62
1787563211.756,2026-08-24 09:20:11.757,InnoDB,UNDO_SPACE_RSEG,4554,143,65
1787563211.756,2026-08-24 09:20:11.757,InnoDB,UNDO_SPACE_RSEG,4493,141,78
1787563211.756,2026-08-24 09:20:11.757,InnoDB,UNDO_SPACE_RSEG,4338,141,62
1787563211.756,2026-08-24 09:20:11.757,InnoDB,SRV_SYS,262451,141,170864
1787563211.756,2026-08-24 09:20:11.757,InnoDB,UNDO_SPACE_RSEG,4551,140,62
1787563211.756,2026-08-24 09:20:11.757,InnoDB,UNDO_SPACE_RSEG,4351,138,59
1787563211.756,2026-08-24 09:20:11.757,InnoDB,DICT_SYS,4383879,137,2497639
1787563211.756,2026-08-24 09:20:11.757,InnoDB,UNDO_SPACE_RSEG,4272,136,67
1787563211.756,2026-08-24 09:20:11.757,InnoDB,UNDO_SPACE_RSEG,4151,133,73
1787563211.756,2026-08-24 09:20:11.757,InnoDB,UNDO_SPACE_RSEG,4055,131,71
1787563211.756,2026-08-24 09:20:11.757,InnoDB,UNDO_SPACE_RSEG,4141,129,72
1787563211.756,2026-08-24 09:20:11.757,InnoDB,UNDO_SPACE_RSEG,3981,127,63
1787563211.756,2026-08-24 09:20:11.757,InnoDB,UNDO_SPACE_RSEG,3835,123,62
1787563211.756,2026-08-24 09:20:11.757,InnoDB,UNDO_SPACE_RSEG,3776,121,53
1787563211.756,2026-08-24 09:20:11.757,InnoDB,UNDO_SPACE_RSEG,3688,121,68
1787563211.756,2026-08-24 09:20:11.757,InnoDB,UNDO_SPACE_RSEG,3671,116,61
1787563211.756,2026-08-24 09:20:11.757,InnoDB,UNDO_SPACE_RSEG,3530,115,65
1787563211.756,2026-08-24 09:20:11.757,InnoDB,UNDO_SPACE_RSEG,3473,112,58
1787563211.756,2026-08-24 09:20:11.757,InnoDB,UNDO_SPACE_RSEG,3530,112,57
1787563211.756,2026-08-24 09:20:11.757,InnoDB,UNDO_SPACE_RSEG,3596,112,74
1787563211.756,2026-08-24 09:20:11.757,InnoDB,UNDO_SPACE_RSEG,3533,110,72
1787563211.756,2026-08-24 09:20:11.757,InnoDB,UNDO_SPACE_RSEG,3382,109,66
1787563211.756,2026-08-24 09:20:11.757,InnoDB,UNDO_SPACE_RSEG,3290,107,48
1787563211.756,2026-08-24 09:20:11.757,InnoDB,UNDO_SPACE_RSEG,3339,105,62
1787563211.756,2026-08-24 09:20:11.757,InnoDB,UNDO_SPACE_RSEG,3304,104,65
1787563211.756,2026-08-24 09:20:11.757,InnoDB,UNDO_SPACE_RSEG,3408,104,52
1787563211.756,2026-08-24 09:20:11.757,InnoDB,UNDO_SPACE_RSEG,3261,104,54
1787563211.756,2026-08-24 09:20:11.757,InnoDB,UNDO_SPACE_RSEG,3189,103,58
1787563211.756,2026-08-24 09:20:11.757,InnoDB,UNDO_SPACE_RSEG,3137,100,60
1787563211.756,2026-08-24 09:20:11.757,InnoDB,UNDO_SPACE_RSEG,3105,99,54
1787563211.756,2026-08-24 09:20:11.757,InnoDB,UNDO_SPACE_RSEG,3188,96,62
1787563211.756,2026-08-24 09:20:11.757,InnoDB,UNDO_SPACE_RSEG,3045,96,62
1787563211.756,2026-08-24 09:20:11.757,InnoDB,UNDO_SPACE_RSEG,3066,96,59
1787563211.756,2026-08-24 09:20:11.757,InnoDB,UNDO_SPACE_RSEG,3006,94,62
1787563211.756,2026-08-24 09:20:11.757,InnoDB,UNDO_SPACE_RSEG,2922,94,56
1787563211.756,2026-08-24 09:20:11.757,InnoDB,UNDO_SPACE_RSEG,2968,94,52
1787563211.756,2026-08-24 09:20:11.757,InnoDB,UNDO_SPACE_RSEG,2865,92,58
1787563211.756,2026-08-24 09:20:11.757,InnoDB,UNDO_SPACE_RSEG,2938,92,60
1787563211.756,2026-08-24 09:20:11.757,InnoDB,UNDO_SPACE_RSEG,2995,92,53
1787563211.756,2026-08-24 09:20:11.757,InnoDB,UNDO_SPACE_RSEG,2795,91,42
1787563211.756,2026-08-24 09:20:11.757,InnoDB,UNDO_SPACE_RSEG,2859,91,53
1787563211.756,2026-08-24 09:20:11.757,InnoDB,UNDO_SPACE_RSEG,2849,89,46
1787563211.756,2026-08-24 09:20:11.757,InnoDB,UNDO_SPACE_RSEG,2755,88,62
1787563211.756,2026-08-24 09:20:11.757,InnoDB,UNDO_SPACE_RSEG,2761,87,46
1787563211.756,2026-08-24 09:20:11.757,InnoDB,UNDO_SPACE_RSEG,2773,85,60
1787563211.756,2026-08-24 09:20:11.757,InnoDB,UNDO_SPACE_RSEG,2733,84,54
1787563211.756,2026-08-24 09:20:11.757,InnoDB,UNDO_SPACE_RSEG,2638,83,71
1787563211.756,2026-08-24 09:20:11.757,InnoDB,UNDO_SPACE_RSEG,2669,82,56
1787563211.756,2026-08-24 09:20:11.757,InnoDB,UNDO_SPACE_RSEG,2601,80,68
1787563211.756,2026-08-24 09:20:11.757,InnoDB,UNDO_SPACE_RSEG,2516,80,63
1787563211.756,2026-08-24 09:20:11.757,InnoDB,UNDO_SPACE_RSEG,2500,79,65
1787563211.756,2026-08-24 09:20:11.757,InnoDB,UNDO_SPACE_RSEG,2393,79,45
1787563211.756,2026-08-24 09:20:11.757,InnoDB,UNDO_SPACE_RSEG,2515,78,47
1787563211.756,2026-08-24 09:20:11.757,InnoDB,UNDO_SPACE_RSEG,2404,76,58
1787563211.756,2026-08-24 09:20:11.757,InnoDB,UNDO_SPACE_RSEG,2393,75,49
1787563211.756,2026-08-24 09:20:11.757,InnoDB,UNDO_SPACE_RSEG,2404,75,48
1787563211.756,2026-08-24 09:20:11.757,InnoDB,UNDO_SPACE_RSEG,2319,75,43
1787563211.756,2026-08-24 09:20:11.757,InnoDB,UNDO_SPACE_RSEG,2343,74,41
1787563211.756,2026-08-24 09:20:11.757,InnoDB,UNDO_SPACE_RSEG,2343,74,53
1787563211.756,2026-08-24 09:20:11.757,InnoDB,UNDO_SPACE_RSEG,2353,74,62
1787563211.756,2026-08-24 09:20:11.757,InnoDB,UNDO_SPACE_RSEG,2343,73,45
1787563211.756,2026-08-24 09:20:11.757,InnoDB,UNDO_SPACE_RSEG,2198,72,49
1787563211.756,2026-08-24 09:20:11.757,InnoDB,UNDO_SPACE_RSEG,2236,72,41
1787563211.756,2026-08-24 09:20:11.757,InnoDB,UNDO_SPACE_RSEG,2349,72,45
1787563211.756,2026-08-24 09:20:11.757,InnoDB,UNDO_SPACE_RSEG,2320,72,61
1787563211.756,2026-08-24 09:20:11.757,InnoDB,UNDO_SPACE_RSEG,2284,72,51
1787563211.756,2026-08-24 09:20:11.757,InnoDB,UNDO_SPACE_RSEG,2227,71,55
1787563211.756,2026-08-24 09:20:11.757,InnoDB,UNDO_SPACE_RSEG,2348,71,52
1787563211.756,2026-08-24 09:20:11.757,InnoDB,UNDO_SPACE_RSEG,2315,70,51
1787563211.756,2026-08-24 09:20:11.757,InnoDB,UNDO_SPACE_RSEG,2247,70,44
1787563211.756,2026-08-24 09:20:11.757,InnoDB,UNDO_SPACE_RSEG,2136,69,49
1787563211.756,2026-08-24 09:20:11.757,InnoDB,UNDO_SPACE_RSEG,2190,67,52
1787563211.756,2026-08-24 09:20:11.757,InnoDB,UNDO_SPACE_RSEG,2020,66,42
1787563211.756,2026-08-24 09:20:11.757,InnoDB,UNDO_SPACE_RSEG,2145,66,45
1787563211.756,2026-08-24 09:20:11.757,InnoDB,UNDO_SPACE_RSEG,2105,65,54
1787563211.756,2026-08-24 09:20:11.757,InnoDB,UNDO_SPACE_RSEG,2083,65,56
1787563211.756,2026-08-24 09:20:11.757,InnoDB,UNDO_SPACE_RSEG,1959,63,59
1787563211.756,2026-08-24 09:20:11.757,InnoDB,UNDO_SPACE_RSEG,1985,62,54
1787563211.756,2026-08-24 09:20:11.757,InnoDB,UNDO_SPACE_RSEG,1932,60,44
1787563211.756,2026-08-24 09:20:11.757,InnoDB,UNDO_SPACE_RSEG,1939,60,51
1787563211.756,2026-08-24 09:20:11.757,InnoDB,UNDO_SPACE_RSEG,1942,59,51
1787563211.756,2026-08-24 09:20:11.757,InnoDB,UNDO_SPACE_RSEG,1841,59,59
1787563211.756,2026-08-24 09:20:11.757,InnoDB,UNDO_SPACE_RSEG,1823,58,52
1787563211.756,2026-08-24 09:20:11.757,InnoDB,UNDO_SPACE_RSEG,1884,57,48
1787563211.756,2026-08-24 09:20:11.757,InnoDB,UNDO_SPACE_RSEG,1939,56,55
1787563211.756,2026-08-24 09:20:11.757,InnoDB,FIL_SHARD,200242,56,217875
1787563211.756,2026-08-24 09:20:11.757,InnoDB,UNDO_SPACE_RSEG,1690,55,47
1787563211.756,2026-08-24 09:20:11.757,InnoDB,UNDO_SPACE_RSEG,1707,55,47
1787563211.756,2026-08-24 09:20:11.757,InnoDB,UNDO_SPACE_RSEG,1693,53,36
1787563211.756,2026-08-24 09:20:11.757,InnoDB,UNDO_SPACE_RSEG,1756,53,50
1787563211.756,2026-08-24 09:20:11.757,InnoDB,UNDO_SPACE_RSEG,1722,53,56
1787563211.756,2026-08-24 09:20:11.757,InnoDB,UNDO_SPACE_RSEG,1632,53,47
1787563211.756,2026-08-24 09:20:11.757,InnoDB,UNDO_SPACE_RSEG,1659,52,40
1787563211.756,2026-08-24 09:20:11.757,InnoDB,FIL_SHARD,223975,52,225843
1787563211.756,2026-08-24 09:20:11.757,InnoDB,UNDO_SPACE_RSEG,1709,52,48
1787563211.756,2026-08-24 09:20:11.757,InnoDB,UNDO_SPACE_RSEG,1613,52,46
1787563211.756,2026-08-24 09:20:11.757,InnoDB,UNDO_SPACE_RSEG,1620,51,53
1787563211.756,2026-08-24 09:20:11.757,InnoDB,UNDO_SPACE_RSEG,1563,50,43
1787563211.756,2026-08-24 09:20:11.757,InnoDB,UNDO_SPACE_RSEG,1614,50,42
1787563211.756,2026-08-24 09:20:11.757,InnoDB,UNDO_SPACE_RSEG,1554,50,47
1787563211.756,2026-08-24 09:20:11.757,InnoDB,UNDO_SPACE_RSEG,1518,49,39
1787563211.756,2026-08-24 09:20:11.757,InnoDB,UNDO_SPACE_RSEG,1442,47,38
1787563211.756,2026-08-24 09:20:11.757,InnoDB,UNDO_SPACE_RSEG,1616,47,52
1787563211.756,2026-08-24 09:20:11.757,InnoDB,UNDO_SPACE_RSEG,1508,47,54
1787563211.756,2026-08-24 09:20:11.757,InnoDB,UNDO_SPACE_RSEG,1544,47,42
1787563211.756,2026-08-24 09:20:11.757,InnoDB,UNDO_SPACE_RSEG,1487,47,48
1787563211.756,2026-08-24 09:20:11.757,InnoDB,UNDO_SPACE_RSEG,1483,47,44
1787563211.756,2026-08-24 09:20:11.757,InnoDB,UNDO_SPACE_RSEG,1453,46,41
1787563211.756,2026-08-24 09:20:11.757,InnoDB,FIL_SHARD,188393,46,194897
1787563211.756,2026-08-24 09:20:11.757,InnoDB,UNDO_SPACE_RSEG,1407,46,40
1787563211.756,2026-08-24 09:20:11.757,InnoDB,FIL_SHARD,193465,46,212587
1787563211.756,2026-08-24 09:20:11.757,InnoDB,FIL_SHARD,190760,46,197369
1787563211.756,2026-08-24 09:20:11.757,InnoDB,UNDO_SPACE_RSEG,1422,46,44
1787563211.756,2026-08-24 09:20:11.757,InnoDB,UNDO_SPACE_RSEG,1444,45,45
1787563211.756,2026-08-24 09:20:11.757,InnoDB,UNDO_SPACE_RSEG,1431,45,50
1787563211.756,2026-08-24 09:20:11.757,InnoDB,UNDO_SPACE_RSEG,1409,44,38
1787563211.756,2026-08-24 09:20:11.757,InnoDB,UNDO_SPACE_RSEG,1408,44,39
1787563211.756,2026-08-24 09:20:11.757,InnoDB,UNDO_SPACE_RSEG,1391,44,37
1787563211.756,2026-08-24 09:20:11.757,InnoDB,UNDO_SPACE_RSEG,1418,44,43
1787563211.756,2026-08-24 09:20:11.757,InnoDB,UNDO_SPACE_RSEG,1323,43,35
1787563211.756,2026-08-24 09:20:11.757,InnoDB,UNDO_SPACE_RSEG,1381,43,46
1787563211.756,2026-08-24 09:20:11.757,InnoDB,FIL_SHARD,203007,43,208167
1787563211.756,2026-08-24 09:20:11.757,InnoDB,FIL_SHARD,209097,42,227899
1787563211.756,2026-08-24 09:20:11.757,InnoDB,FIL_SHARD,185525,42,206047
1787563211.756,2026-08-24 09:20:11.757,InnoDB,UNDO_SPACE_RSEG,1395,42,44
1787563211.756,2026-08-24 09:20:11.757,InnoDB,UNDO_SPACE_RSEG,1342,42,51
1787563211.756,2026-08-24 09:20:11.757,InnoDB,FIL_SHARD,190372,42,198238
1787563211.756,2026-08-24 09:20:11.757,InnoDB,UNDO_SPACE_RSEG,1346,41,27
1787563211.756,2026-08-24 09:20:11.757,InnoDB,UNDO_SPACE_RSEG,1405,41,49
1787563211.756,2026-08-24 09:20:11.757,InnoDB,UNDO_SPACE_RSEG,1294,41,49
1787563211.756,2026-08-24 09:20:11.757,InnoDB,UNDO_SPACE_RSEG,1217,40,27
1787563211.756,2026-08-24 09:20:11.757,InnoDB,UNDO_SPACE_RSEG,1266,40,38
1787563211.756,2026-08-24 09:20:11.757,InnoDB,FIL_SHARD,197345,40,201194
1787563211.756,2026-08-24 09:20:11.757,InnoDB,UNDO_SPACE_RSEG,1303,40,42
1787563211.756,2026-08-24 09:20:11.757,InnoDB,UNDO_SPACE_RSEG,1295,40,41
1787563211.756,2026-08-24 09:20:11.757,InnoDB,UNDO_SPACE_RSEG,1312,40,44
1787563211.756,2026-08-24 09:20:11.757,InnoDB,UNDO_SPACE_RSEG,1273,40,35
1787563211.756,2026-08-24 09:20:11.757,InnoDB,FIL_SHARD,200568,40,204634
1787563211.756,2026-08-24 09:20:11.757,InnoDB,FIL_SHARD,189297,39,208930
1787563211.756,2026-08-24 09:20:11.757,InnoDB,UNDO_SPACE_RSEG,1300,39,39
1787563211.756,2026-08-24 09:20:11.757,InnoDB,UNDO_SPACE_RSEG,1245,39,42
1787563211.756,2026-08-24 09:20:11.757,InnoDB,FIL_SHARD,192499,39,200101
1787563211.756,2026-08-24 09:20:11.757,InnoDB,UNDO_SPACE_RSEG,1286,39,43
1787563211.756,2026-08-24 09:20:11.757,InnoDB,FIL_SHARD,187951,38,208015
1787563211.756,2026-08-24 09:20:11.757,InnoDB,UNDO_SPACE_RSEG,1299,38,46
1787563211.756,2026-08-24 09:20:11.757,InnoDB,UNDO_SPACE_RSEG,1165,37,37
1787563211.756,2026-08-24 09:20:11.757,InnoDB,UNDO_SPACE_RSEG,1165,37,41
1787563211.756,2026-08-24 09:20:11.757,InnoDB,UNDO_SPACE_RSEG,1216,37,38
1787563211.756,2026-08-24 09:20:11.757,InnoDB,UNDO_SPACE_RSEG,1219,37,39
1787563211.756,2026-08-24 09:20:11.757,InnoDB,UNDO_SPACE_RSEG,1159,37,38
1787563211.756,2026-08-24 09:20:11.757,InnoDB,UNDO_SPACE_RSEG,1187,37,44
1787563211.756,2026-08-24 09:20:11.757,InnoDB,UNDO_SPACE_RSEG,1182,36,44
1787563211.756,2026-08-24 09:20:11.757,InnoDB,FIL_SHARD,196414,36,222290
1787563211.756,2026-08-24 09:20:11.757,InnoDB,UNDO_SPACE_RSEG,1180,36,42
1787563211.756,2026-08-24 09:20:11.757,InnoDB,FIL_SHARD,190963,36,210678
1787563211.756,2026-08-24 09:20:11.757,InnoDB,UNDO_SPACE_RSEG,1143,35,46
1787563211.756,2026-08-24 09:20:11.757,InnoDB,UNDO_SPACE_RSEG,1084,35,39
1787563211.756,2026-08-24 09:20:11.757,InnoDB,UNDO_SPACE_RSEG,1122,35,43
1787563211.756,2026-08-24 09:20:11.757,InnoDB,UNDO_SPACE_RSEG,1126,35,43
1787563211.756,2026-08-24 09:20:11.757,InnoDB,UNDO_SPACE_RSEG,1099,35,36
1787563211.756,2026-08-24 09:20:11.757,InnoDB,UNDO_SPACE_RSEG,1129,35,36
1787563211.756,2026-08-24 09:20:11.757,InnoDB,UNDO_SPACE_RSEG,1085,35,38
1787563211.756,2026-08-24 09:20:11.757,InnoDB,UNDO_SPACE_RSEG,1165,35,41
1787563211.756,2026-08-24 09:20:11.757,InnoDB,FIL_SHARD,190316,34,210143
1787563211.756,2026-08-24 09:20:11.757,InnoDB,FIL_SHARD,188735,33,196291
1787563211.756,2026-08-24 09:20:11.757,InnoDB,UNDO_SPACE_RSEG,1123,33,33
1787563211.756,2026-08-24 09:20:11.757,InnoDB,UNDO_SPACE_RSEG,1054,33,41
1787563211.756,2026-08-24 09:20:11.757,InnoDB,UNDO_SPACE_RSEG,1040,33,40
1787563211.756,2026-08-24 09:20:11.757,InnoDB,UNDO_SPACE_RSEG,1070,32,42
1787563211.756,2026-08-24 09:20:11.757,InnoDB,FIL_SHARD,2429,32,1431
1787563211.756,2026-08-24 09:20:11.757,InnoDB,UNDO_SPACE_RSEG,1040,32,45
1787563211.756,2026-08-24 09:20:11.757,InnoDB,UNDO_SPACE_RSEG,1046,32,40
1787563211.756,2026-08-24 09:20:11.757,InnoDB,UNDO_SPACE_RSEG,1017,31,37
1787563211.756,2026-08-24 09:20:11.757,InnoDB,UNDO_SPACE_RSEG,975,31,34
1787563211.756,2026-08-24 09:20:11.757,InnoDB,UNDO_SPACE_RSEG,979,31,34
1787563211.756,2026-08-24 09:20:11.757,InnoDB,UNDO_SPACE_RSEG,903,29,38
1787563211.756,2026-08-24 09:20:11.757,InnoDB,UNDO_SPACE_RSEG,876,28,30
1787563211.756,2026-08-24 09:20:11.757,InnoDB,UNDO_SPACE_RSEG,908,28,30
1787563211.756,2026-08-24 09:20:11.757,InnoDB,UNDO_SPACE_RSEG,932,28,39
1787563211.756,2026-08-24 09:20:11.757,InnoDB,FIL_SHARD,209859,28,233016
1787563211.756,2026-08-24 09:20:11.757,InnoDB,UNDO_SPACE_RSEG,933,28,49
1787563211.756,2026-08-24 09:20:11.757,InnoDB,UNDO_SPACE_RSEG,884,28,33
1787563211.756,2026-08-24 09:20:11.757,InnoDB,UNDO_SPACE_RSEG,921,28,46
1787563211.756,2026-08-24 09:20:11.757,InnoDB,UNDO_SPACE_RSEG,858,27,33
1787563211.756,2026-08-24 09:20:11.757,InnoDB,UNDO_SPACE_RSEG,898,27,36
1787563211.756,2026-08-24 09:20:11.757,InnoDB,UNDO_SPACE_RSEG,945,27,34
1787563211.756,2026-08-24 09:20:11.757,InnoDB,UNDO_SPACE_RSEG,940,27,40
1787563211.756,2026-08-24 09:20:11.757,InnoDB,UNDO_SPACE_RSEG,838,26,43
1787563211.756,2026-08-24 09:20:11.757,InnoDB,UNDO_SPACE_RSEG,863,26,36
1787563211.756,2026-08-24 09:20:11.757,InnoDB,UNDO_SPACE_RSEG,934,26,49
1787563211.756,2026-08-24 09:20:11.757,InnoDB,UNDO_SPACE_RSEG,802,25,32
1787563211.756,2026-08-24 09:20:11.757,InnoDB,UNDO_SPACE_RSEG,796,25,36
1787563211.756,2026-08-24 09:20:11.757,InnoDB,UNDO_SPACE_RSEG,774,25,34
1787563211.756,2026-08-24 09:20:11.757,InnoDB,FIL_SHARD,191444,25,213133
1787563211.756,2026-08-24 09:20:11.757,InnoDB,UNDO_SPACE_RSEG,830,24,49
1787563211.756,2026-08-24 09:20:11.757,InnoDB,UNDO_SPACE_RSEG,740,24,32
1787563211.756,2026-08-24 09:20:11.757,InnoDB,UNDO_SPACE_RSEG,819,24,36
1787563211.756,2026-08-24 09:20:11.757,InnoDB,UNDO_SPACE_RSEG,732,23,29
1787563211.756,2026-08-24 09:20:11.757,InnoDB,UNDO_SPACE_RSEG,719,23,36
1787563211.756,2026-08-24 09:20:11.757,InnoDB,UNDO_SPACE_RSEG,727,23,38
1787563211.756,2026-08-24 09:20:11.757,InnoDB,UNDO_SPACE_RSEG,715,22,42
1787563211.756,2026-08-24 09:20:11.757,InnoDB,UNDO_SPACE_RSEG,714,22,33
1787563211.756,2026-08-24 09:20:11.757,InnoDB,UNDO_SPACE_RSEG,678,21,34
1787563211.756,2026-08-24 09:20:11.757,InnoDB,UNDO_SPACE_RSEG,690,21,37
1787563211.756,2026-08-24 09:20:11.757,InnoDB,UNDO_SPACE_RSEG,647,20,32
1787563211.756,2026-08-24 09:20:11.757,InnoDB,UNDO_SPACE_RSEG,640,20,34
1787563211.756,2026-08-24 09:20:11.757,InnoDB,UNDO_SPACE_RSEG,651,20,32
1787563211.756,2026-08-24 09:20:11.757,InnoDB,UNDO_SPACE_RSEG,662,20,24
1787563211.756,2026-08-24 09:20:11.757,InnoDB,UNDO_SPACE_RSEG,738,20,36
1787563211.756,2026-08-24 09:20:11.757,InnoDB,UNDO_SPACE_RSEG,608,19,29
1787563211.756,2026-08-24 09:20:11.757,InnoDB,UNDO_SPACE_RSEG,620,18,29
1787563211.756,2026-08-24 09:20:11.757,InnoDB,UNDO_SPACE_RSEG,598,18,37
1787563211.756,2026-08-24 09:20:11.757,InnoDB,UNDO_SPACE_RSEG,567,18,29
1787563211.756,2026-08-24 09:20:11.757,InnoDB,UNDO_SPACE_RSEG,602,18,35
1787563211.756,2026-08-24 09:20:11.757,InnoDB,UNDO_SPACE_RSEG,549,17,24
1787563211.756,2026-08-24 09:20:11.757,InnoDB,TRX_POOL,599,17,45
1787563211.756,2026-08-24 09:20:11.757,InnoDB,UNDO_SPACE_RSEG,541,17,32
1787563211.756,2026-08-24 09:20:11.757,InnoDB,FIL_SHARD,7630,17,7518
1787563211.756,2026-08-24 09:20:11.757,InnoDB,UNDO_SPACE_RSEG,542,17,34
1787563211.756,2026-08-24 09:20:11.757,InnoDB,UNDO_SPACE_RSEG,579,17,24
1787563211.756,2026-08-24 09:20:11.757,InnoDB,UNDO_SPACE_RSEG,464,14,25
1787563211.756,2026-08-24 09:20:11.757,InnoDB,UNDO_SPACE_RSEG,437,14,25
1787563211.756,2026-08-24 09:20:11.757,InnoDB,UNDO_SPACE_RSEG,459,13,32
1787563211.756,2026-08-24 09:20:11.757,InnoDB,UNDO_SPACE_RSEG,393,12,25
1787563211.756,2026-08-24 09:20:11.757,InnoDB,UNDO_SPACE_RSEG,428,11,35
1787563211.756,2026-08-24 09:20:11.757,InnoDB,UNDO_SPACE_RSEG,383,11,24
1787563211.756,2026-08-24 09:20:11.757,InnoDB,UNDO_SPACE_RSEG,370,11,29
1787563211.756,2026-08-24 09:20:11.757,InnoDB,UNDO_SPACE_RSEG,382,10,23
1787563211.756,2026-08-24 09:20:11.757,InnoDB,UNDO_SPACE_RSEG,284,8,26
1787563211.756,2026-08-24 09:20:11.757,InnoDB,UNDO_SPACE_RSEG,284,8,25
1787563211.756,2026-08-24 09:20:11.757,InnoDB,TRX,109316,6,145209
1787563211.756,2026-08-24 09:20:11.757,InnoDB,PARSER,207,5,6
1787563211.756,2026-08-24 09:20:11.757,InnoDB,SRV_SYS_TASKS,111953,1,114986
1787563211.756,2026-08-24 09:20:11.757,InnoDB,LOCK_SYS_PAGE,109,1,96
1787563211.756,2026-08-24 09:20:11.757,InnoDB,LOCK_SYS_PAGE,80,1,71
1787563211.756,2026-08-24 09:20:11.757,InnoDB,LOCK_SYS_PAGE,42,0,71
1787563211.756,2026-08-24 09:20:11.757,InnoDB,LOCK_SYS_PAGE,99,0,127
1787563211.756,2026-08-24 09:20:11.757,InnoDB,LOCK_SYS_PAGE,109,0,136
1787563211.756,2026-08-24 09:20:11.757,InnoDB,LOCK_SYS_PAGE,48,0,82
1787563211.756,2026-08-24 09:20:11.757,InnoDB,LOCK_SYS_PAGE,51,0,93
1787563211.756,2026-08-24 09:20:11.757,InnoDB,LOCK_SYS_PAGE,97,0,123
1787563211.756,2026-08-24 09:20:11.757,InnoDB,LOCK_SYS_PAGE,78,0,104
1787563211.756,2026-08-24 09:20:11.757,InnoDB,LOCK_SYS_PAGE,40,0,73
1787563211.756,2026-08-24 09:20:11.757,InnoDB,LOCK_SYS_PAGE,49,0,86
1787563211.756,2026-08-24 09:20:11.757,InnoDB,LOCK_SYS_PAGE,70,0,101
1787563211.756,2026-08-24 09:20:11.757,InnoDB,LOCK_SYS_PAGE,70,0,102
1787563211.756,2026-08-24 09:20:11.757,InnoDB,LOCK_SYS_PAGE,48,0,69
1787563211.756,2026-08-24 09:20:11.757,InnoDB,LOCK_SYS_PAGE,55,0,64
1787563211.756,2026-08-24 09:20:11.757,InnoDB,LOCK_SYS_PAGE,92,0,118
1787563211.756,2026-08-24 09:20:11.757,InnoDB,LOCK_SYS_PAGE,85,0,103
1787563211.756,2026-08-24 09:20:11.757,InnoDB,LOCK_SYS_PAGE,114,0,81
1787563211.756,2026-08-24 09:20:11.757,InnoDB,LOCK_SYS_PAGE,40,0,75
1787563211.756,2026-08-24 09:20:11.757,InnoDB,LOCK_SYS_PAGE,43,0,83
1787563211.756,2026-08-24 09:20:11.757,InnoDB,LOCK_SYS_PAGE,46,0,75
1787563211.756,2026-08-24 09:20:11.757,InnoDB,LOCK_SYS_PAGE,60,0,95
1787563211.756,2026-08-24 09:20:11.757,InnoDB,LOCK_SYS_PAGE,64,0,106
1787563211.756,2026-08-24 09:20:11.757,InnoDB,LOCK_SYS_PAGE,59,0,73
1787563211.756,2026-08-24 09:20:11.757,InnoDB,LOCK_SYS_PAGE,32,0,69
1787563211.756,2026-08-24 09:20:11.757,InnoDB,LOCK_SYS_PAGE,65,0,84
1787563211.756,2026-08-24 09:20:11.757,InnoDB,LOCK_SYS_PAGE,51,0,93
1787563211.756,2026-08-24 09:20:11.757,InnoDB,LOCK_SYS_PAGE,38,0,67
1787563211.756,2026-08-24 09:20:11.757,InnoDB,LOCK_SYS_PAGE,101,0,127
1787563211.756,2026-08-24 09:20:11.757,InnoDB,LOCK_SYS_PAGE,68,0,99
1787563211.756,2026-08-24 09:20:11.757,InnoDB,LOCK_SYS_PAGE,69,0,98
1787563211.756,2026-08-24 09:20:11.757,InnoDB,LOCK_SYS_PAGE,58,0,79
1787563211.756,2026-08-24 09:20:11.757,InnoDB,LOCK_SYS_PAGE,48,0,77
1787563211.756,2026-08-24 09:20:11.757,InnoDB,LOCK_SYS_PAGE,81,0,107
1787563211.756,2026-08-24 09:20:11.757,InnoDB,LOCK_SYS_PAGE,90,0,119
1787563211.756,2026-08-24 09:20:11.757,InnoDB,LOCK_SYS_PAGE,48,0,81
1787563211.756,2026-08-24 09:20:11.757,InnoDB,LOCK_SYS_PAGE,49,0,82
1787563211.756,2026-08-24 09:20:11.757,InnoDB,LOCK_SYS_PAGE,47,0,73
1787563211.756,2026-08-24 09:20:11.757,InnoDB,LOCK_SYS_PAGE,36,0,81
1787563211.756,2026-08-24 09:20:11.757,InnoDB,LOCK_SYS_PAGE,68,0,102
1787563211.756,2026-08-24 09:20:11.757,InnoDB,LOCK_SYS_PAGE,98,0,133
1787563211.756,2026-08-24 09:20:11.757,InnoDB,LOCK_SYS_PAGE,43,0,70
1787563211.756,2026-08-24 09:20:11.757,InnoDB,LOCK_SYS_PAGE,36,0,68
1787563211.756,2026-08-24 09:20:11.757,InnoDB,LOCK_SYS_PAGE,117,0,131
1787563211.756,2026-08-24 09:20:11.757,InnoDB,LOCK_SYS_PAGE,72,0,104
1787563211.756,2026-08-24 09:20:11.757,InnoDB,LOCK_SYS_PAGE,88,0,116
1787563211.756,2026-08-24 09:20:11.757,InnoDB,LOCK_SYS_PAGE,107,0,103
1787563211.756,2026-08-24 09:20:11.757,InnoDB,LOCK_SYS_PAGE,92,0,116
1787563211.756,2026-08-24 09:20:11.757,InnoDB,LOCK_SYS_PAGE,91,0,118
1787563211.756,2026-08-24 09:20:11.757,InnoDB,LOCK_SYS_PAGE,41,0,74
1787563211.756,2026-08-24 09:20:11.757,InnoDB,LOCK_SYS_PAGE,52,0,75
1787563211.756,2026-08-24 09:20:11.757,InnoDB,LOCK_SYS_PAGE,64,0,88
1787563211.756,2026-08-24 09:20:11.757,InnoDB,LOCK_SYS_PAGE,92,0,117
1787563211.756,2026-08-24 09:20:11.757,InnoDB,LOCK_SYS_PAGE,81,0,117
1787563211.756,2026-08-24 09:20:11.757,InnoDB,LOCK_SYS_PAGE,95,0,120
1787563211.756,2026-08-24 09:20:11.757,InnoDB,LOCK_SYS_PAGE,61,0,90
1787563211.756,2026-08-24 09:20:11.757,InnoDB,LOCK_SYS_PAGE,58,0,97
1787563211.756,2026-08-24 09:20:11.757,InnoDB,LOCK_SYS_PAGE,96,0,120
1787563211.756,2026-08-24 09:20:11.757,InnoDB,LOCK_SYS_PAGE,85,0,122
1787563211.756,2026-08-24 09:20:11.757,InnoDB,LOCK_SYS_PAGE,154,0,91
1787563211.756,2026-08-24 09:20:11.757,InnoDB,LOCK_SYS_PAGE,43,0,84
1787563211.756,2026-08-24 09:20:11.757,InnoDB,LOCK_SYS_PAGE,86,0,120
1787563211.756,2026-08-24 09:20:11.757,InnoDB,LOCK_SYS_PAGE,92,0,124
1787563211.756,2026-08-24 09:20:11.757,InnoDB,LOCK_SYS_PAGE,51,0,74
1787563211.756,2026-08-24 09:20:11.757,InnoDB,LOCK_SYS_PAGE,63,0,88
1787563211.756,2026-08-24 09:20:11.757,InnoDB,LOCK_SYS_PAGE,99,0,127
1787563211.756,2026-08-24 09:20:11.757,InnoDB,LOCK_SYS_PAGE,75,0,107
1787563211.756,2026-08-24 09:20:11.757,InnoDB,LOCK_SYS_PAGE,38,0,76
1787563211.756,2026-08-24 09:20:11.757,InnoDB,LOCK_SYS_PAGE,31,0,64
1787563211.756,2026-08-24 09:20:11.757,InnoDB,LOCK_SYS_PAGE,78,0,102
1787563211.756,2026-08-24 09:20:11.757,InnoDB,LOCK_SYS_PAGE,66,0,80
1787563211.756,2026-08-24 09:20:11.757,InnoDB,LOCK_SYS_PAGE,58,0,88
1787563211.756,2026-08-24 09:20:11.757,InnoDB,LOCK_SYS_PAGE,75,0,96
1787563211.756,2026-08-24 09:20:11.757,InnoDB,LOCK_SYS_PAGE,32,0,72
1787563211.756,2026-08-24 09:20:11.757,InnoDB,LOCK_SYS_PAGE,40,0,74
1787563211.756,2026-08-24 09:20:11.757,InnoDB,LOCK_SYS_PAGE,68,0,98
1787563211.756,2026-08-24 09:20:11.757,InnoDB,LOCK_SYS_PAGE,58,0,87
1787563211.756,2026-08-24 09:20:11.757,InnoDB,LOCK_SYS_PAGE,37,0,61
1787563211.756,2026-08-24 09:20:11.757,InnoDB,LOCK_SYS_PAGE,43,0,71
1787563211.756,2026-08-24 09:20:11.757,InnoDB,LOCK_SYS_PAGE,60,0,77
1787563211.756,2026-08-24 09:20:11.757,InnoDB,LOCK_SYS_PAGE,56,0,87
1787563211.756,2026-08-24 09:20:11.757,InnoDB,LOCK_SYS_PAGE,39,0,61
1787563211.756,2026-08-24 09:20:11.757,InnoDB,LOCK_SYS_PAGE,42,0,74
1787563211.756,2026-08-24 09:20:11.757,InnoDB,LOCK_SYS_PAGE,86,0,105
1787563211.756,2026-08-24 09:20:11.757,InnoDB,LOCK_SYS_PAGE,59,0,80
1787563211.756,2026-08-24 09:20:11.757,InnoDB,LOCK_SYS_PAGE,41,0,75
1787563211.756,2026-08-24 09:20:11.757,InnoDB,LOCK_SYS_PAGE,50,0,67
1787563211.756,2026-08-24 09:20:11.757,InnoDB,LOCK_SYS_PAGE,38,0,66
1787563211.756,2026-08-24 09:20:11.757,InnoDB,LOG_LIMITS,164,0,115
1787563211.756,2026-08-24 09:20:11.757,InnoDB,LOCK_SYS_PAGE,66,0,93
1787563211.756,2026-08-24 09:20:11.757,InnoDB,LOCK_SYS_PAGE,49,0,84
1787563211.756,2026-08-24 09:20:11.757,InnoDB,LOCK_SYS_PAGE,51,0,93
1787563211.756,2026-08-24 09:20:11.757,InnoDB,LOCK_SYS_PAGE,129,0,176
1787563211.756,2026-08-24 09:20:11.757,InnoDB,RECALC_POOL,4,0,5
1787563211.756,2026-08-24 09:20:11.757,InnoDB,LOCK_SYS_PAGE,95,0,121
1787563211.756,2026-08-24 09:20:11.757,InnoDB,LOCK_SYS_PAGE,45,0,78
1787563211.756,2026-08-24 09:20:11.757,InnoDB,LOCK_SYS_PAGE,71,0,86
1787563211.756,2026-08-24 09:20:11.757,InnoDB,LOCK_SYS_PAGE,53,0,77
1787563211.756,2026-08-24 09:20:11.757,InnoDB,LOCK_SYS_PAGE,75,0,86
1787563211.756,2026-08-24 09:20:11.757,InnoDB,LOCK_SYS_PAGE,23,0,46
1787563211.756,2026-08-24 09:20:11.757,InnoDB,LOCK_SYS_PAGE,51,0,62
1787563211.756,2026-08-24 09:20:11.757,InnoDB,LOCK_SYS_PAGE,58,0,83
1787563211.756,2026-08-24 09:20:11.757,InnoDB,LOCK_SYS_PAGE,77,0,113
1787563211.756,2026-08-24 09:20:11.757,InnoDB,LOCK_SYS_PAGE,61,0,95
1787563211.756,2026-08-24 09:20:11.757,InnoDB,LOCK_SYS_PAGE,24,0,39
1787563211.756,2026-08-24 09:20:11.757,InnoDB,LOCK_SYS_PAGE,27,0,63
1787563211.756,2026-08-24 09:20:11.757,InnoDB,LOCK_SYS_PAGE,42,0,70
1787563211.756,2026-08-24 09:20:11.757,InnoDB,LOCK_SYS_PAGE,71,0,92
1787563211.756,2026-08-24 09:20:11.757,InnoDB,LOCK_SYS_PAGE,55,0,88
1787563211.756,2026-08-24 09:20:11.757,InnoDB,LOCK_SYS_PAGE,32,0,67
1787563211.756,2026-08-24 09:20:11.757,InnoDB,LOCK_SYS_PAGE,44,0,82
1787563211.756,2026-08-24 09:20:11.757,InnoDB,LOCK_SYS_PAGE,60,0,77
1787563211.756,2026-08-24 09:20:11.757,InnoDB,LOCK_SYS_PAGE,63,0,89
1787563211.756,2026-08-24 09:20:11.757,InnoDB,LOCK_SYS_PAGE,101,0,139
1787563211.756,2026-08-24 09:20:11.757,InnoDB,LOCK_SYS_PAGE,38,0,64
1787563211.756,2026-08-24 09:20:11.757,InnoDB,LOCK_SYS_PAGE,71,0,101
1787563211.756,2026-08-24 09:20:11.757,InnoDB,LOCK_SYS_PAGE,74,0,99
1787563211.756,2026-08-24 09:20:11.757,InnoDB,LOCK_SYS_PAGE,45,0,67
1787563211.756,2026-08-24 09:20:11.757,InnoDB,LOCK_SYS_PAGE,52,0,78
1787563211.756,2026-08-24 09:20:11.757,InnoDB,LOCK_SYS_PAGE,67,0,92
1787563211.756,2026-08-24 09:20:11.757,InnoDB,LOCK_SYS_PAGE,40,0,84
1787563211.756,2026-08-24 09:20:11.757,InnoDB,LOCK_SYS_PAGE,80,0,82
1787563211.756,2026-08-24 09:20:11.757,InnoDB,LOCK_SYS_PAGE,96,0,116
1787563211.756,2026-08-24 09:20:11.757,InnoDB,LOCK_SYS_PAGE,27,0,58
1787563211.756,2026-08-24 09:20:11.757,InnoDB,LOCK_SYS_PAGE,40,0,79
1787563211.756,2026-08-24 09:20:11.757,InnoDB,LOCK_SYS_PAGE,69,0,95
1787563211.756,2026-08-24 09:20:11.757,InnoDB,LOCK_SYS_PAGE,77,0,91
1787563211.756,2026-08-24 09:20:11.757,InnoDB,LOCK_SYS_PAGE,41,0,72
1787563211.756,2026-08-24 09:20:11.757,InnoDB,LOCK_SYS_PAGE,44,0,76
1787563211.756,2026-08-24 09:20:11.757,InnoDB,LOCK_SYS_PAGE,73,0,97
1787563211.756,2026-08-24 09:20:11.757,InnoDB,LOCK_SYS_PAGE,26,0,65
1787563211.756,2026-08-24 09:20:11.757,InnoDB,LOCK_SYS_PAGE,39,0,65
1787563211.756,2026-08-24 09:20:11.757,InnoDB,LOCK_SYS_PAGE,30,0,59
1787563211.756,2026-08-24 09:20:11.757,InnoDB,LOCK_SYS_PAGE,64,0,91
1787563211.756,2026-08-24 09:20:11.757,InnoDB,LOCK_SYS_PAGE,68,0,105
1787563211.756,2026-08-24 09:20:11.757,InnoDB,LOCK_SYS_PAGE,62,0,92
1787563211.756,2026-08-24 09:20:11.757,InnoDB,LOCK_SYS_PAGE,58,0,82
1787563211.756,2026-08-24 09:20:11.757,InnoDB,LOCK_SYS_PAGE,74,0,103
1787563211.756,2026-08-24 09:20:11.757,InnoDB,LOCK_SYS_PAGE,109,0,107
1787563211.756,2026-08-24 09:20:11.757,InnoDB,LOCK_SYS_PAGE,32,0,58
1787563211.756,2026-08-24 09:20:11.757,InnoDB,LOCK_SYS_PAGE,92,0,106
1787563211.756,2026-08-24 09:20:11.757,InnoDB,LOCK_SYS_PAGE,80,0,109
1787563211.756,2026-08-24 09:20:11.757,InnoDB,LOCK_SYS_PAGE,54,0,86
1787563211.756,2026-08-24 09:20:11.757,InnoDB,LOCK_SYS_PAGE,136,0,141
1787563211.756,2026-08-24 09:20:11.757,InnoDB,LOCK_SYS_PAGE,79,0,105
1787563211.756,2026-08-24 09:20:11.757,InnoDB,LOCK_SYS_PAGE,78,0,78
1787563211.756,2026-08-24 09:20:11.757,InnoDB,LOCK_SYS_PAGE,34,0,53
1787563211.756,2026-08-24 09:20:11.757,InnoDB,LOCK_SYS_PAGE,45,0,81
1787563211.756,2026-08-24 09:20:11.757,InnoDB,LOCK_SYS_PAGE,59,0,83
1787563211.756,2026-08-24 09:20:11.757,InnoDB,LOCK_SYS_PAGE,62,0,83
1787563211.756,2026-08-24 09:20:11.757,InnoDB,LOCK_SYS_PAGE,65,0,82
1787563211.756,2026-08-24 09:20:11.757,InnoDB,LOCK_SYS_PAGE,108,0,141
1787563211.756,2026-08-24 09:20:11.757,InnoDB,LOCK_SYS_PAGE,88,0,112
1787563211.756,2026-08-24 09:20:11.757,InnoDB,LOCK_SYS_PAGE,71,0,66
1787563211.756,2026-08-24 09:20:11.757,InnoDB,LOCK_SYS_PAGE,37,0,76
1787563211.756,2026-08-24 09:20:11.757,InnoDB,LOCK_SYS_PAGE,46,0,75
1787563211.756,2026-08-24 09:20:11.757,InnoDB,LOCK_SYS_PAGE,44,0,81
1787563211.756,2026-08-24 09:20:11.757,InnoDB,LOCK_SYS_PAGE,31,0,53
1787563211.756,2026-08-24 09:20:11.757,InnoDB,LOCK_SYS_PAGE,83,0,109
1787563211.756,2026-08-24 09:20:11.757,InnoDB,LOCK_SYS_PAGE,57,0,98
1787563211.756,2026-08-24 09:20:11.757,InnoDB,LOCK_SYS_PAGE,35,0,82
1787563211.756,2026-08-24 09:20:11.757,InnoDB,LOCK_SYS_PAGE,46,0,69
1787563211.756,2026-08-24 09:20:11.757,InnoDB,LOCK_SYS_PAGE,77,0,113
1787563211.756,2026-08-24 09:20:11.757,InnoDB,LOCK_SYS_PAGE,108,0,138
1787563211.756,2026-08-24 09:20:11.757,InnoDB,LOCK_SYS_PAGE,73,0,98
1787563211.756,2026-08-24 09:20:11.757,InnoDB,LOCK_SYS_PAGE,31,0,55
1787563211.756,2026-08-24 09:20:11.757,InnoDB,LOCK_SYS_PAGE,82,0,111
1787563211.756,2026-08-24 09:20:11.757,InnoDB,LOCK_SYS_PAGE,83,0,116
1787563211.756,2026-08-24 09:20:11.757,InnoDB,LOCK_SYS_PAGE,49,0,72
1787563211.756,2026-08-24 09:20:11.757,InnoDB,LOCK_SYS_PAGE,70,0,101
1787563211.756,2026-08-24 09:20:11.757,InnoDB,LOCK_SYS_PAGE,86,0,122
1787563211.756,2026-08-24 09:20:11.757,InnoDB,LOCK_SYS_PAGE,90,0,117
1787563211.756,2026-08-24 09:20:11.757,InnoDB,TRX_POOL_MANAGER,7,0,7
1787563211.756,2026-08-24 09:20:11.757,InnoDB,LOCK_SYS_PAGE,74,0,99
1787563211.756,2026-08-24 09:20:11.757,InnoDB,LOCK_SYS_PAGE,62,0,83
1787563211.756,2026-08-24 09:20:11.757,InnoDB,LOCK_SYS_PAGE,95,0,117
1787563211.756,2026-08-24 09:20:11.757,InnoDB,LOCK_SYS_PAGE,200,0,135
1787563211.756,2026-08-24 09:20:11.757,InnoDB,LOCK_SYS_PAGE,43,0,75
1787563211.756,2026-08-24 09:20:11.757,InnoDB,LOCK_SYS_PAGE,42,0,73
1787563211.756,2026-08-24 09:20:11.757,InnoDB,LOCK_SYS_PAGE,116,0,150
1787563211.756,2026-08-24 09:20:11.757,InnoDB,FIL_SHARD,7065,0,6886
1787563211.756,2026-08-24 09:20:11.757,InnoDB,LOCK_SYS_PAGE,110,0,120
1787563211.756,2026-08-24 09:20:11.757,InnoDB,FIL_SHARD,53,0,65
1787563211.756,2026-08-24 09:20:11.757,InnoDB,FIL_SHARD,1,0,1
1787563211.756,2026-08-24 09:20:11.757,InnoDB,TRX_SYS_SHARD,1,0,1
1787563211.756,2026-08-24 09:20:11.757,InnoDB,TRX_SYS_SHARD,1,0,1
1787563211.756,2026-08-24 09:20:11.757,InnoDB,FIL_SHARD,1,0,1
1787563211.756,2026-08-24 09:20:11.757,InnoDB,FIL_SHARD,1,0,1
1787563211.756,2026-08-24 09:20:11.757,InnoDB,AUTOINC,2,0,2
1787563211.756,2026-08-24 09:20:11.757,InnoDB,LOCK_SYS_PAGE,79,0,112
1787563211.756,2026-08-24 09:20:11.757,InnoDB,LOCK_SYS_PAGE,106,0,129
1787563211.756,2026-08-24 09:20:11.757,InnoDB,LOCK_SYS_PAGE,49,0,79
1787563211.756,2026-08-24 09:20:11.757,InnoDB,LOCK_SYS_PAGE,46,0,87
1787563211.756,2026-08-24 09:20:11.757,InnoDB,LOCK_SYS_PAGE,82,0,103
1787563211.756,2026-08-24 09:20:11.757,InnoDB,LOCK_SYS_PAGE,108,0,125
1787563211.756,2026-08-24 09:20:11.757,InnoDB,LOCK_SYS_PAGE,31,0,55
1787563211.756,2026-08-24 09:20:11.757,InnoDB,LOCK_SYS_PAGE,49,0,79
1787563211.756,2026-08-24 09:20:11.757,InnoDB,LOCK_SYS_PAGE,83,0,97
1787563211.756,2026-08-24 09:20:11.757,InnoDB,LOCK_SYS_PAGE,82,0,112
1787563211.756,2026-08-24 09:20:11.757,InnoDB,LOCK_SYS_PAGE,58,0,71
1787563211.756,2026-08-24 09:20:11.757,InnoDB,LOCK_SYS_PAGE,67,0,87
1787563211.756,2026-08-24 09:20:11.757,InnoDB,LOCK_SYS_PAGE,93,0,119
1787563211.756,2026-08-24 09:20:11.757,InnoDB,LOCK_SYS_PAGE,99,0,135
1787563211.756,2026-08-24 09:20:11.757,InnoDB,LOCK_SYS_PAGE,56,0,78
1787563211.756,2026-08-24 09:20:11.757,InnoDB,LOCK_SYS_PAGE,62,0,70
1787563211.756,2026-08-24 09:20:11.757,InnoDB,LOCK_SYS_PAGE,82,0,108
1787563211.756,2026-08-24 09:20:11.757,InnoDB,LOCK_SYS_PAGE,98,0,107
1787563211.756,2026-08-24 09:20:11.757,InnoDB,LOCK_SYS_PAGE,67,0,105
1787563211.756,2026-08-24 09:20:11.757,InnoDB,LOCK_SYS_PAGE,95,0,111
1787563211.756,2026-08-24 09:20:11.757,InnoDB,LOCK_SYS_PAGE,41,0,57
1787563211.756,2026-08-24 09:20:11.757,InnoDB,LOCK_SYS_PAGE,31,0,65
1787563211.756,2026-08-24 09:20:11.757,InnoDB,LOCK_SYS_PAGE,87,0,109
1787563211.756,2026-08-24 09:20:11.757,InnoDB,LOCK_SYS_PAGE,76,0,97
1787563211.756,2026-08-24 09:20:11.757,InnoDB,LOCK_SYS_PAGE,55,0,75
1787563211.756,2026-08-24 09:20:11.757,InnoDB,LOCK_SYS_PAGE,59,0,96
1787563211.756,2026-08-24 09:20:11.757,InnoDB,LOCK_SYS_PAGE,57,0,84
1787563211.756,2026-08-24 09:20:11.757,InnoDB,LOCK_SYS_PAGE,102,0,137
1787563211.756,2026-08-24 09:20:11.757,InnoDB,LOCK_SYS_PAGE,41,0,66
1787563211.756,2026-08-24 09:20:11.757,InnoDB,LOCK_SYS_PAGE,58,0,91
1787563211.756,2026-08-24 09:20:11.757,InnoDB,LOCK_SYS_PAGE,101,0,135
1787563211.756,2026-08-24 09:20:11.757,InnoDB,LOCK_SYS_PAGE,63,0,90
1787563211.756,2026-08-24 09:20:11.757,InnoDB,LOCK_SYS_PAGE,54,0,79
1787563211.756,2026-08-24 09:20:11.757,InnoDB,LOCK_SYS_PAGE,54,0,72
1787563211.756,2026-08-24 09:20:11.757,InnoDB,LOCK_SYS_PAGE,58,0,89
1787563211.756,2026-08-24 09:20:11.757,InnoDB,LOCK_SYS_PAGE,61,0,93
1787563211.756,2026-08-24 09:20:11.757,InnoDB,LOCK_SYS_PAGE,85,0,116
1787563211.756,2026-08-24 09:20:11.757,InnoDB,LOCK_SYS_PAGE,94,0,134
1787563211.756,2026-08-24 09:20:11.757,InnoDB,LOCK_SYS_PAGE,37,0,79
1787563211.756,2026-08-24 09:20:11.757,InnoDB,LOCK_SYS_PAGE,34,0,67
1787563211.756,2026-08-24 09:20:11.757,InnoDB,LOCK_SYS_PAGE,71,0,98
1787563211.756,2026-08-24 09:20:11.757,InnoDB,LOCK_SYS_PAGE,104,0,111
1787563211.756,2026-08-24 09:20:11.757,InnoDB,LOCK_SYS_PAGE,53,0,76
1787563211.756,2026-08-24 09:20:11.757,InnoDB,LOCK_SYS_PAGE,90,0,112
1787563211.756,2026-08-24 09:20:11.757,InnoDB,LOCK_SYS_PAGE,81,0,112
1787563211.756,2026-08-24 09:20:11.757,InnoDB,LOCK_SYS_PAGE,84,0,101
1787563211.756,2026-08-24 09:20:11.757,InnoDB,LOCK_SYS_PAGE,47,0,72
1787563211.756,2026-08-24 09:20:11.757,InnoDB,LOCK_SYS_PAGE,43,0,79
1787563211.756,2026-08-24 09:20:11.757,InnoDB,LOCK_SYS_PAGE,82,0,97
1787563211.756,2026-08-24 09:20:11.757,InnoDB,LOCK_SYS_PAGE,84,0,107
1787563211.756,2026-08-24 09:20:11.757,InnoDB,LOCK_SYS_PAGE,40,0,75
1787563211.756,2026-08-24 09:20:11.757,InnoDB,LOCK_SYS_PAGE,69,0,92
1787563211.756,2026-08-24 09:20:11.757,InnoDB,LOCK_SYS_PAGE,95,0,115
1787563211.756,2026-08-24 09:20:11.757,InnoDB,LOCK_SYS_PAGE,34,0,59
1787563211.756,2026-08-24 09:20:11.757,InnoDB,LOCK_SYS_PAGE,42,0,70
1787563211.756,2026-08-24 09:20:11.757,InnoDB,LOCK_SYS_PAGE,64,0,99
1787563211.756,2026-08-24 09:20:11.757,InnoDB,LOCK_SYS_PAGE,83,0,108
1787563211.756,2026-08-24 09:20:11.757,InnoDB,LOCK_SYS_PAGE,51,0,80
1787563211.756,2026-08-24 09:20:11.757,InnoDB,LOCK_SYS_PAGE,55,0,82
1787563211.756,2026-08-24 09:20:11.757,InnoDB,LOCK_SYS_PAGE,101,0,114
1787563211.756,2026-08-24 09:20:11.757,InnoDB,LOCK_SYS_PAGE,74,0,101
1787563211.756,2026-08-24 09:20:11.757,InnoDB,LOCK_SYS_PAGE,35,0,60
1787563211.756,2026-08-24 09:20:11.757,InnoDB,LOCK_SYS_PAGE,124,0,93
1787563211.756,2026-08-24 09:20:11.757,InnoDB,LOCK_SYS_PAGE,76,0,96
1787563211.756,2026-08-24 09:20:11.757,InnoDB,LOCK_SYS_PAGE,75,0,108
1787563211.756,2026-08-24 09:20:11.757,InnoDB,LOCK_SYS_PAGE,51,0,66
1787563211.756,2026-08-24 09:20:11.757,InnoDB,LOCK_SYS_PAGE,45,0,72
1787563211.756,2026-08-24 09:20:11.757,InnoDB,LOCK_SYS_PAGE,96,0,93
1787563211.756,2026-08-24 09:20:11.757,InnoDB,LOCK_SYS_PAGE,72,0,107
1787563211.756,2026-08-24 09:20:11.757,InnoDB,LOCK_SYS_PAGE,62,0,74
1787563211.756,2026-08-24 09:20:11.757,InnoDB,LOCK_SYS_PAGE,43,0,73
1787563211.756,2026-08-24 09:20:11.757,InnoDB,LOCK_SYS_PAGE,104,0,141
1787563211.756,2026-08-24 09:20:11.757,InnoDB,LOCK_SYS_PAGE,86,0,106
1787563211.756,2026-08-24 09:20:11.757,InnoDB,LOCK_SYS_PAGE,34,0,64
1787563211.756,2026-08-24 09:20:11.757,InnoDB,LOCK_SYS_PAGE,45,0,81
1787563211.756,2026-08-24 09:20:11.757,InnoDB,LOCK_SYS_PAGE,126,0,142
1787563211.756,2026-08-24 09:20:11.757,InnoDB,LOCK_SYS_PAGE,98,0,108
1787563211.756,2026-08-24 09:20:11.757,InnoDB,LOCK_SYS_PAGE,64,0,90
1787563211.756,2026-08-24 09:20:11.757,InnoDB,LOCK_SYS_PAGE,66,0,92
1787563211.756,2026-08-24 09:20:11.757,InnoDB,LOCK_SYS_PAGE,86,0,104
1787563211.756,2026-08-24 09:20:11.757,InnoDB,LOCK_SYS_PAGE,62,0,90
1787563211.756,2026-08-24 09:20:11.757,InnoDB,LOCK_SYS_PAGE,156,0,77
1787563211.756,2026-08-24 09:20:11.757,InnoDB,LOCK_SYS_PAGE,56,0,73
1787563211.756,2026-08-24 09:20:11.757,InnoDB,LOCK_SYS_PAGE,72,0,86
1787563211.756,2026-08-24 09:20:11.757,InnoDB,LOCK_SYS_PAGE,59,0,94
1787563211.756,2026-08-24 09:20:11.757,InnoDB,LOCK_SYS_PAGE,52,0,78
1787563211.756,2026-08-24 09:20:11.757,InnoDB,LOCK_SYS_PAGE,38,0,65
1787563211.756,2026-08-24 09:20:11.757,InnoDB,LOCK_SYS_PAGE,56,0,96
1787563211.756,2026-08-24 09:20:11.757,InnoDB,LOCK_SYS_PAGE,69,0,110
1787563211.756,2026-08-24 09:20:11.757,InnoDB,LOCK_SYS_PAGE,46,0,68
1787563211.756,2026-08-24 09:20:11.757,InnoDB,LOCK_SYS_PAGE,45,0,70
1787563211.756,2026-08-24 09:20:11.757,InnoDB,LOCK_SYS_PAGE,44,0,76
1787563211.756,2026-08-24 09:20:11.757,InnoDB,LOCK_SYS_PAGE,63,0,90
1787563211.756,2026-08-24 09:20:11.757,InnoDB,LOCK_SYS_PAGE,74,0,91
1787563211.756,2026-08-24 09:20:11.757,InnoDB,LOCK_SYS_PAGE,45,0,61
1787563211.756,2026-08-24 09:20:11.757,InnoDB,LOCK_SYS_PAGE,62,0,89
1787563211.756,2026-08-24 09:20:11.757,InnoDB,LOCK_SYS_PAGE,72,0,99
1787563211.756,2026-08-24 09:20:11.757,InnoDB,LOCK_SYS_PAGE,35,0,57
1787563211.756,2026-08-24 09:20:11.757,InnoDB,LOCK_SYS_PAGE,38,0,70
1787563211.756,2026-08-24 09:20:11.757,InnoDB,LOCK_SYS_PAGE,58,0,99
1787563211.756,2026-08-24 09:20:11.757,InnoDB,LOCK_SYS_PAGE,59,0,96
1787563211.756,2026-08-24 09:20:11.757,InnoDB,LOCK_SYS_PAGE,41,0,72
1787563211.756,2026-08-24 09:20:11.757,InnoDB,LOCK_SYS_PAGE,59,0,85
1787563211.756,2026-08-24 09:20:11.757,InnoDB,LOCK_SYS_PAGE,51,0,79
1787563211.756,2026-08-24 09:20:11.757,InnoDB,LOCK_SYS_PAGE,42,0,76
1787563211.756,2026-08-24 09:20:11.757,InnoDB,LOCK_SYS_PAGE,72,0,115
1787563211.756,2026-08-24 09:20:11.757,InnoDB,LOCK_SYS_PAGE,72,0,86
1787563211.756,2026-08-24 09:20:11.757,InnoDB,LOCK_SYS_PAGE,48,0,83
1787563211.756,2026-08-24 09:20:11.757,InnoDB,LOCK_SYS_PAGE,40,0,83
1787563211.756,2026-08-24 09:20:11.757,InnoDB,LOCK_SYS_PAGE,70,0,98
1787563211.756,2026-08-24 09:20:11.757,InnoDB,LOCK_SYS_PAGE,35,0,68
1787563211.756,2026-08-24 09:20:11.757,InnoDB,LOCK_SYS_PAGE,46,0,68
1787563211.756,2026-08-24 09:20:11.757,InnoDB,LOCK_SYS_PAGE,37,0,63
1787563211.756,2026-08-24 09:20:11.757,InnoDB,LOCK_SYS_PAGE,42,0,65
1787563211.756,2026-08-24 09:20:11.757,InnoDB,LOCK_SYS_PAGE,61,0,80
1787563211.756,2026-08-24 09:20:11.757,InnoDB,LOCK_SYS_PAGE,38,0,61
1787563211.756,2026-08-24 09:20:11.757,InnoDB,LOCK_SYS_PAGE,37,0,73
1787563211.756,2026-08-24 09:20:11.757,InnoDB,LOCK_SYS_PAGE,54,0,74
1787563211.756,2026-08-24 09:20:11.757,InnoDB,LOCK_SYS_PAGE,76,0,95
1787563211.756,2026-08-24 09:20:11.757,InnoDB,LOCK_SYS_PAGE,70,0,82
1787563211.756,2026-08-24 09:20:11.757,InnoDB,LOCK_SYS_PAGE,65,0,80
1787563211.756,2026-08-24 09:20:11.757,InnoDB,LOCK_SYS_PAGE,86,0,82
1787563211.756,2026-08-24 09:20:11.757,InnoDB,LOCK_SYS_PAGE,37,0,63
1787563211.756,2026-08-24 09:20:11.757,InnoDB,LOCK_SYS_PAGE,137,0,107
1787563211.756,2026-08-24 09:20:11.757,InnoDB,LOCK_SYS_PAGE,58,0,79
1787563211.756,2026-08-24 09:20:11.757,InnoDB,LOCK_SYS_PAGE,100,0,84
1787563211.756,2026-08-24 09:20:11.757,InnoDB,LOCK_SYS_PAGE,60,0,77
1787563211.756,2026-08-24 09:20:11.757,InnoDB,LOCK_SYS_PAGE,39,0,66
1787563211.756,2026-08-24 09:20:11.757,InnoDB,LOCK_SYS_PAGE,85,0,101
1787563211.756,2026-08-24 09:20:11.757,InnoDB,LOCK_SYS_PAGE,39,0,66
1787563211.756,2026-08-24 09:20:11.757,InnoDB,LOCK_SYS_PAGE,39,0,52
1787563211.756,2026-08-24 09:20:11.757,InnoDB,LOCK_SYS_PAGE,61,0,81
1787563211.756,2026-08-24 09:20:11.757,InnoDB,LOCK_SYS_PAGE,64,0,92
1787563211.756,2026-08-24 09:20:11.757,InnoDB,LOCK_SYS_PAGE,39,0,76
1787563211.756,2026-08-24 09:20:11.757,InnoDB,LOCK_SYS_PAGE,36,0,70
1787563211.756,2026-08-24 09:20:11.757,InnoDB,LOCK_SYS_PAGE,49,0,90
1787563211.756,2026-08-24 09:20:11.757,InnoDB,LOCK_SYS_PAGE,42,0,65
1787563211.756,2026-08-24 09:20:11.757,InnoDB,LOCK_SYS_PAGE,59,0,93
1787563211.756,2026-08-24 09:20:11.757,InnoDB,LOCK_SYS_PAGE,76,0,108
1787563211.756,2026-08-24 09:20:11.757,InnoDB,LOCK_SYS_PAGE,37,0,62
1787563211.756,2026-08-24 09:20:11.757,InnoDB,LOCK_SYS_PAGE,47,0,75
1787563211.756,2026-08-24 09:20:11.757,InnoDB,LOCK_SYS_PAGE,66,0,84
1787563211.756,2026-08-24 09:20:11.757,InnoDB,LOCK_SYS_PAGE,73,0,89
1787563211.756,2026-08-24 09:20:11.757,InnoDB,LOCK_SYS_PAGE,64,0,91
1787563211.756,2026-08-24 09:20:11.757,InnoDB,LOCK_SYS_PAGE,83,0,85
1787563211.756,2026-08-24 09:20:11.757,InnoDB,LOCK_SYS_PAGE,70,0,104
1787563211.756,2026-08-24 09:20:11.757,InnoDB,LOCK_SYS_PAGE,65,0,92
1787563211.756,2026-08-24 09:20:11.757,InnoDB,LOCK_SYS_PAGE,46,0,72
1787563211.756,2026-08-24 09:20:11.757,InnoDB,LOCK_SYS_PAGE,20,0,47
1787563211.756,2026-08-24 09:20:11.757,InnoDB,LOCK_SYS_PAGE,140,0,110
1787563211.756,2026-08-24 09:20:11.757,InnoDB,LOCK_SYS_PAGE,49,0,79
1787563211.756,2026-08-24 09:20:11.757,InnoDB,LOCK_SYS_PAGE,36,0,52
1787563211.756,2026-08-24 09:20:11.757,InnoDB,LOCK_SYS_PAGE,44,0,90
1787563211.756,2026-08-24 09:20:11.757,InnoDB,LOCK_SYS_PAGE,38,0,62
1787563211.756,2026-08-24 09:20:11.757,InnoDB,LOCK_SYS_PAGE,36,0,70
1787563211.756,2026-08-24 09:20:11.757,InnoDB,LOCK_SYS_PAGE,87,0,111
1787563211.756,2026-08-24 09:20:11.757,InnoDB,LOCK_SYS_PAGE,106,0,147
1787563211.756,2026-08-24 09:20:11.757,InnoDB,LOCK_SYS_PAGE,44,0,81
1787563211.756,2026-08-24 09:20:11.757,InnoDB,LOCK_SYS_PAGE,63,0,96
1787563211.756,2026-08-24 09:20:11.757,InnoDB,LOCK_SYS_PAGE,67,0,103
1787563211.756,2026-08-24 09:20:11.757,InnoDB,LOCK_SYS_PAGE,84,0,112
1787563211.756,2026-08-24 09:20:11.757,InnoDB,LOCK_SYS_PAGE,64,0,106
1787563211.756,2026-08-24 09:20:11.757,InnoDB,LOCK_SYS_PAGE,48,0,79
1787563211.756,2026-08-24 09:20:11.757,InnoDB,LOCK_SYS_PAGE,75,0,93
1787563211.756,2026-08-24 09:20:11.757,InnoDB,LOCK_SYS_PAGE,142,0,108
1787563211.756,2026-08-24 09:20:11.757,InnoDB,LOCK_SYS_PAGE,46,0,74
1787563211.756,2026-08-24 09:20:11.757,InnoDB,LOCK_SYS_PAGE,44,0,65
1787563211.756,2026-08-24 09:20:11.757,InnoDB,LOCK_SYS_PAGE,93,0,124
1787563211.756,2026-08-24 09:20:11.757,InnoDB,LOCK_SYS_PAGE,85,0,98
1787563211.756,2026-08-24 09:20:11.757,InnoDB,LOCK_SYS_PAGE,88,0,113
1787563211.756,2026-08-24 09:20:11.757,InnoDB,LOCK_SYS_PAGE,83,0,103
1787563211.756,2026-08-24 09:20:11.757,InnoDB,LOCK_SYS_PAGE,34,0,66
1787563211.756,2026-08-24 09:20:11.757,InnoDB,LOCK_SYS_PAGE,33,0,53
1787563211.756,2026-08-24 09:20:11.757,InnoDB,LOCK_SYS_PAGE,78,0,104
1787563211.756,2026-08-24 09:20:11.757,InnoDB,LOCK_SYS_PAGE,92,0,106
1787563211.756,2026-08-24 09:20:11.757,InnoDB,LOCK_SYS_PAGE,36,0,65
1787563211.756,2026-08-24 09:20:11.757,InnoDB,LOCK_SYS_PAGE,36,0,55
1787563211.756,2026-08-24 09:20:11.757,InnoDB,LOCK_SYS_PAGE,84,0,111
1787563211.756,2026-08-24 09:20:11.757,InnoDB,LOCK_SYS_PAGE,51,0,79
1787563211.756,2026-08-24 09:20:11.757,InnoDB,LOCK_SYS_PAGE,48,0,74
1787563211.756,2026-08-24 09:20:11.757,InnoDB,LOCK_SYS_PAGE,39,0,70
1787563211.756,2026-08-24 09:20:11.757,InnoDB,LOCK_SYS_PAGE,71,0,100
1787563211.756,2026-08-24 09:20:11.757,InnoDB,LOCK_SYS_PAGE,77,0,90
1787563211.756,2026-08-24 09:20:11.757,InnoDB,LOCK_SYS_PAGE,56,0,76
1787563211.756,2026-08-24 09:20:11.757,InnoDB,LOCK_SYS_PAGE,62,0,77
1787563211.756,2026-08-24 09:20:11.757,InnoDB,LOCK_SYS_PAGE,80,0,123
1787563211.756,2026-08-24 09:20:11.757,InnoDB,LOCK_SYS_PAGE,73,0,96
1787563211.756,2026-08-24 09:20:11.757,InnoDB,LOCK_SYS_PAGE,112,0,133
1787563211.756,2026-08-24 09:20:11.757,InnoDB,LOCK_SYS_PAGE,100,0,124
1787563211.756,2026-08-24 09:20:11.757,InnoDB,LOCK_SYS_PAGE,70,0,115
1787563211.756,2026-08-24 09:20:11.757,InnoDB,LOCK_SYS_PAGE,55,0,99
1787563211.756,2026-08-24 09:20:11.757,InnoDB,LOCK_SYS_PAGE,109,0,122
1787563211.756,2026-08-24 09:20:11.757,InnoDB,LOCK_SYS_PAGE,197,0,143
1787563211.756,2026-08-24 09:20:11.757,InnoDB,LOCK_SYS_PAGE,48,0,85
1787563211.756,2026-08-24 09:20:11.757,InnoDB,LOCK_SYS_PAGE,33,0,68
1787563211.756,2026-08-24 09:20:11.757,InnoDB,LOCK_SYS_PAGE,43,0,58
1787563211.756,2026-08-24 09:20:11.757,InnoDB,LOCK_SYS_PAGE,107,0,129
1787563211.756,2026-08-24 09:20:11.757,InnoDB,LOCK_SYS_PAGE,60,0,86
1787563211.756,2026-08-24 09:20:11.757,InnoDB,LOCK_SYS_PAGE,57,0,93
1787563211.756,2026-08-24 09:20:11.757,InnoDB,LOCK_SYS_PAGE,61,0,84
1787563211.756,2026-08-24 09:20:11.757,InnoDB,LOCK_SYS_PAGE,83,0,106
1787563211.756,2026-08-24 09:20:11.757,InnoDB,LOCK_SYS_PAGE,38,0,74
1787563211.756,2026-08-24 09:20:11.757,InnoDB,LOCK_SYS_PAGE,46,0,76
1787563211.756,2026-08-24 09:20:11.757,InnoDB,LOCK_SYS_PAGE,38,0,67
1787563211.756,2026-08-24 09:20:11.757,InnoDB,LOCK_SYS_PAGE,42,0,77
1787563211.756,2026-08-24 09:20:11.757,InnoDB,LOCK_SYS_PAGE,74,0,111
1787563211.756,2026-08-24 09:20:11.757,InnoDB,LOCK_SYS_PAGE,77,0,110
1787563211.756,2026-08-24 09:20:11.757,InnoDB,LOCK_SYS_PAGE,63,0,98
1787563211.756,2026-08-24 09:20:11.757,InnoDB,LOCK_SYS_PAGE,69,0,89
1787563211.756,2026-08-24 09:20:11.757,InnoDB,LOCK_SYS_PAGE,107,0,140
1787563211.756,2026-08-24 09:20:11.757,InnoDB,LOCK_SYS_PAGE,87,0,110
1787563211.756,2026-08-24 09:20:11.757,InnoDB,LOCK_SYS_PAGE,40,0,69
1787563211.756,2026-08-24 09:20:11.757,InnoDB,LOCK_SYS_PAGE,65,0,74
1787563211.756,2026-08-24 09:20:11.757,InnoDB,LOCK_SYS_PAGE,71,0,102
1787563211.756,2026-08-24 09:20:11.757,InnoDB,LOCK_SYS_PAGE,76,0,96
1787563211.756,2026-08-24 09:20:11.757,InnoDB,LOCK_SYS_PAGE,49,0,81
1787563211.756,2026-08-24 09:20:11.757,InnoDB,LOCK_SYS_PAGE,49,0,75
1787563211.756,2026-08-24 09:20:11.757,InnoDB,LOCK_SYS_PAGE,73,0,98
1787563211.756,2026-08-24 09:20:11.757,InnoDB,LOCK_SYS_PAGE,102,0,109
1787563211.756,2026-08-24 09:20:11.757,InnoDB,LOCK_SYS_PAGE,48,0,82
1787563211.756,2026-08-24 09:20:11.757,InnoDB,LOCK_SYS_PAGE,57,0,82
1787563211.756,2026-08-24 09:20:11.757,InnoDB,LOCK_SYS_PAGE,81,0,92
1787563211.756,2026-08-24 09:20:11.757,InnoDB,LOCK_SYS_PAGE,33,0,65
1787563211.756,2026-08-24 09:20:11.757,InnoDB,LOCK_SYS_PAGE,38,0,66
1787563211.756,2026-08-24 09:20:11.757,InnoDB,LOCK_SYS_PAGE,58,0,85
1787563211.756,2026-08-24 09:20:11.757,InnoDB,LOCK_SYS_PAGE,58,0,77
1787563211.756,2026-08-24 09:20:11.757,InnoDB,LOCK_SYS_PAGE,45,0,70
1787563211.756,2026-08-24 09:20:11.757,InnoDB,LOCK_SYS_PAGE,45,0,67
1787563211.756,2026-08-24 09:20:11.757,InnoDB,LOCK_SYS_PAGE,65,0,85
1787563211.756,2026-08-24 09:20:11.757,InnoDB,LOCK_SYS_PAGE,72,0,87
1787563211.756,2026-08-24 09:20:11.757,InnoDB,LOCK_SYS_PAGE,43,0,72
1787563211.756,2026-08-24 09:20:11.757,InnoDB,LOCK_SYS_PAGE,56,0,78
1787563211.756,2026-08-24 09:20:11.757,InnoDB,LOCK_SYS_PAGE,48,0,75
1787563211.756,2026-08-24 09:20:11.757,InnoDB,LOCK_SYS_PAGE,49,0,79
1787563211.756,2026-08-24 09:20:11.757,InnoDB,LOCK_SYS_PAGE,32,0,68
1787563211.756,2026-08-24 09:20:11.757,InnoDB,LOCK_SYS_PAGE,36,0,54
1787563211.756,2026-08-24 09:20:11.757,InnoDB,LOCK_SYS_PAGE,64,0,88
1787563211.756,2026-08-24 09:20:11.757,InnoDB,LOCK_SYS_PAGE,83,0,92
1787563211.756,2026-08-24 09:20:11.757,InnoDB,LOCK_SYS_PAGE,87,0,126
1787563211.756,2026-08-24 09:20:11.757,InnoDB,LOCK_SYS_PAGE,80,0,109
1787563211.756,2026-08-24 09:20:11.757,InnoDB,LOCK_SYS_PAGE,37,0,63
1787563211.756,2026-08-24 09:20:11.757,InnoDB,LOCK_SYS_PAGE,54,0,81
1787563211.756,2026-08-24 09:20:11.757,InnoDB,LOCK_SYS_PAGE,91,0,121
1787563211.756,2026-08-24 09:20:11.757,InnoDB,LOCK_SYS_PAGE,70,0,97
1787563211.756,2026-08-24 09:20:11.757,InnoDB,LOCK_SYS_PAGE,37,0,68
1787563211.756,2026-08-24 09:20:11.757,InnoDB,LOCK_SYS_PAGE,46,0,85
1787563211.756,2026-08-24 09:20:11.757,InnoDB,LOCK_SYS_PAGE,53,0,73
1787563211.756,2026-08-24 09:20:11.757,InnoDB,LOCK_SYS_PAGE,98,0,87
1787563211.756,2026-08-24 09:20:11.757,InnoDB,LOCK_SYS_PAGE,39,0,67
1787563211.756,2026-08-24 09:20:11.757,InnoDB,LOCK_SYS_PAGE,43,0,71
1787563211.756,2026-08-24 09:20:11.757,InnoDB,LOCK_SYS_PAGE,120,0,97
1787563211.756,2026-08-24 09:20:11.757,InnoDB,LOCK_SYS_PAGE,212,0,135
1787563211.756,2026-08-24 09:20:11.757,InnoDB,LOCK_SYS_PAGE,41,0,74
1787563211.756,2026-08-24 09:20:11.757,InnoDB,LOCK_SYS_PAGE,41,0,81
1787563211.756,2026-08-24 09:20:11.757,InnoDB,LOCK_SYS_TABLE,1139,0,1073
1787563211.756,2026-08-24 09:20:11.757,InnoDB,LOCK_SYS_TABLE,1165,0,1098
1787563211.756,2026-08-24 09:20:11.757,InnoDB,LOCK_SYS_TABLE,1161,0,1104
1787563211.756,2026-08-24 09:20:11.757,InnoDB,LOCK_SYS_TABLE,1085,0,1080
1787563211.756,2026-08-24 09:20:11.757,InnoDB,LOCK_SYS_TABLE,1052,0,1089
1787563211.756,2026-08-24 09:20:11.757,InnoDB,LOCK_SYS_TABLE,1140,0,1079
1787563211.756,2026-08-24 09:20:11.757,InnoDB,LOCK_SYS_TABLE,1140,0,1055
1787563211.756,2026-08-24 09:20:11.757,InnoDB,LOCK_SYS_TABLE,1074,0,1044
1787563211.756,2026-08-24 09:20:11.757,InnoDB,LOCK_SYS_TABLE,1135,0,1146
1787563211.756,2026-08-24 09:20:11.757,InnoDB,LOCK_SYS_TABLE,1143,0,1115
1787563211.756,2026-08-24 09:20:11.757,InnoDB,LOCK_SYS_TABLE,1214,0,1134
1787563211.756,2026-08-24 09:20:11.757,InnoDB,LOCK_SYS_TABLE,1117,0,1099
1787563211.756,2026-08-24 09:20:11.757,InnoDB,LOCK_SYS_TABLE,1139,0,1100
1787563211.756,2026-08-24 09:20:11.757,InnoDB,LOCK_SYS_TABLE,1011,0,977
1787563211.756,2026-08-24 09:20:11.757,InnoDB,LOCK_SYS_TABLE,1163,0,1075
1787563211.756,2026-08-24 09:20:11.757,InnoDB,LOCK_SYS_TABLE,1088,0,1084
1787563211.756,2026-08-24 09:20:11.757,InnoDB,LOCK_SYS_PAGE,46,0,71
1787563211.756,2026-08-24 09:20:11.757,InnoDB,LOCK_SYS_PAGE,39,0,72
1787563211.756,2026-08-24 09:20:11.757,InnoDB,LOCK_SYS_PAGE,42,0,60
1787563211.756,2026-08-24 09:20:11.757,InnoDB,LOCK_SYS_PAGE,42,0,77
1787563211.756,2026-08-24 09:20:11.757,InnoDB,LOCK_SYS_PAGE,85,0,112
1787563211.756,2026-08-24 09:20:11.757,InnoDB,LOCK_SYS_PAGE,81,0,100
1787563211.756,2026-08-24 09:20:11.757,InnoDB,LOCK_SYS_PAGE,47,0,62
1787563211.756,2026-08-24 09:20:11.757,InnoDB,LOCK_SYS_PAGE,42,0,70
1787563211.756,2026-08-24 09:20:11.757,InnoDB,LOCK_SYS_PAGE,193,0,124
1787563211.756,2026-08-24 09:20:11.757,InnoDB,LOCK_SYS_PAGE,63,0,82
1787563211.756,2026-08-24 09:20:11.757,InnoDB,LOCK_SYS_PAGE,32,0,80
1787563211.756,2026-08-24 09:20:11.757,InnoDB,LOCK_SYS_PAGE,38,0,62
1787563211.756,2026-08-24 09:20:11.757,InnoDB,LOCK_SYS_PAGE,107,0,96
1787563211.756,2026-08-24 09:20:11.757,InnoDB,LOCK_SYS_TABLE,3,0,2
1787563211.756,2026-08-24 09:20:11.757,InnoDB,LOCK_SYS_TABLE,970,0,978
1787563211.756,2026-08-24 09:20:11.757,InnoDB,LOCK_SYS_TABLE,1167,0,1124
1787563211.756,2026-08-24 09:20:11.757,InnoDB,LOCK_SYS_TABLE,1164,0,1064
1787563211.756,2026-08-24 09:20:11.757,InnoDB,LOCK_SYS_TABLE,1099,0,1066
1787563211.756,2026-08-24 09:20:11.757,InnoDB,LOCK_SYS_PAGE,49,0,85
1787563211.756,2026-08-24 09:20:11.757,InnoDB,LOCK_SYS_PAGE,44,0,82
1787563211.756,2026-08-24 09:20:11.757,InnoDB,LOCK_SYS_PAGE,35,0,66
1787563211.756,2026-08-24 09:20:11.757,InnoDB,LOCK_SYS_PAGE,72,0,99
1787563211.756,2026-08-24 09:20:11.757,InnoDB,LOCK_SYS_PAGE,78,0,102
1787563211.756,2026-08-24 09:20:11.757,InnoDB,LOCK_SYS_PAGE,57,0,101
1787563211.756,2026-08-24 09:20:11.757,InnoDB,LOCK_SYS_PAGE,54,0,91
1787563211.756,2026-08-24 09:20:11.757,InnoDB,LOCK_SYS_PAGE,101,0,135
1787563211.756,2026-08-24 09:20:11.757,InnoDB,LOCK_SYS_PAGE,100,0,123
1787563211.756,2026-08-24 09:20:11.757,InnoDB,LOCK_SYS_PAGE,68,0,99
1787563211.756,2026-08-24 09:20:11.757,InnoDB,LOCK_SYS_PAGE,47,0,70
1787563211.756,2026-08-24 09:20:11.757,InnoDB,LOCK_SYS_PAGE,85,0,122
1787563211.756,2026-08-24 09:20:11.757,InnoDB,LOCK_SYS_PAGE,84,0,122
1787563211.756,2026-08-24 09:20:11.757,InnoDB,LOCK_SYS_PAGE,50,0,95
1787563211.756,2026-08-24 09:20:11.757,InnoDB,LOCK_SYS_PAGE,57,0,95
1787563211.756,2026-08-24 09:20:11.757,InnoDB,LOCK_SYS_PAGE,87,0,111
1787563211.756,2026-08-24 09:20:11.757,InnoDB,LOCK_SYS_PAGE,91,0,114
1787563211.756,2026-08-24 09:20:11.757,InnoDB,LOCK_SYS_PAGE,71,0,107
1787563211.756,2026-08-24 09:20:11.757,InnoDB,LOCK_SYS_PAGE,69,0,93
1787563211.756,2026-08-24 09:20:11.757,InnoDB,LOCK_SYS_PAGE,40,0,70
1787563211.756,2026-08-24 09:20:11.757,InnoDB,LOCK_SYS_PAGE,46,0,88
1787563211.756,2026-08-24 09:20:11.757,InnoDB,LOCK_SYS_PAGE,89,0,117
1787563211.756,2026-08-24 09:20:11.757,InnoDB,LOCK_SYS_PAGE,72,0,93
1787563211.756,2026-08-24 09:20:11.757,InnoDB,LOCK_SYS_PAGE,42,0,59
1787563211.756,2026-08-24 09:20:11.757,InnoDB,LOCK_SYS_PAGE,59,0,86
1787563211.756,2026-08-24 09:20:11.757,InnoDB,LOCK_SYS_PAGE,89,0,113
1787563211.756,2026-08-24 09:20:11.757,InnoDB,LOCK_SYS_PAGE,41,0,84
1787563211.756,2026-08-24 09:20:11.757,InnoDB,LOCK_SYS_PAGE,40,0,67
1787563211.756,2026-08-24 09:20:11.757,InnoDB,LOCK_SYS_PAGE,49,0,80
1787563211.756,2026-08-24 09:20:11.757,InnoDB,LOCK_SYS_PAGE,82,0,106
1787563211.756,2026-08-24 09:20:11.757,InnoDB,LOCK_SYS_PAGE,81,0,109
1787563211.756,2026-08-24 09:20:11.757,InnoDB,LOCK_SYS_PAGE,58,0,80
1787563211.756,2026-08-24 09:20:11.757,InnoDB,LOCK_SYS_PAGE,49,0,69
1787563211.756,2026-08-24 09:20:11.757,InnoDB,LOCK_SYS_PAGE,82,0,105
1787563211.756,2026-08-24 09:20:11.757,InnoDB,LOCK_SYS_PAGE,27,0,67
1787563211.756,2026-08-24 09:20:11.757,InnoDB,LOCK_SYS_PAGE,44,0,87
1787563211.756,2026-08-24 09:20:11.757,InnoDB,LOCK_SYS_PAGE,105,0,151
1787563211.756,2026-08-24 09:20:11.757,InnoDB,LOCK_SYS_PAGE,72,0,105
1787563211.756,2026-08-24 09:20:11.757,InnoDB,LOCK_SYS_PAGE,42,0,75
1787563211.756,2026-08-24 09:20:11.757,InnoDB,LOCK_SYS_PAGE,39,0,73
1787563211.756,2026-08-24 09:20:11.757,InnoDB,LOCK_SYS_PAGE,84,0,102
1787563211.756,2026-08-24 09:20:11.757,InnoDB,LOCK_SYS_PAGE,68,0,107
1787563211.756,2026-08-24 09:20:11.757,InnoDB,LOCK_SYS_PAGE,70,0,74
1787563211.756,2026-08-24 09:20:11.757,InnoDB,LOCK_SYS_PAGE,43,0,83
1787563211.756,2026-08-24 09:20:11.757,InnoDB,LOCK_SYS_PAGE,69,0,106
1787563211.756,2026-08-24 09:20:11.757,InnoDB,LOCK_SYS_PAGE,81,0,112
1787563211.756,2026-08-24 09:20:11.757,InnoDB,LOCK_SYS_PAGE,52,0,78
1787563211.756,2026-08-24 09:20:11.757,InnoDB,LOCK_SYS_PAGE,54,0,83
1787563211.756,2026-08-24 09:20:11.757,InnoDB,LOCK_SYS_PAGE,87,0,105
1787563211.756,2026-08-24 09:20:11.757,InnoDB,LOCK_SYS_PAGE,72,0,102
1787563211.756,2026-08-24 09:20:11.757,InnoDB,LOCK_SYS_PAGE,40,0,73
1787563211.756,2026-08-24 09:20:11.757,InnoDB,LOCK_SYS_PAGE,76,0,105
1787563211.756,2026-08-24 09:20:11.757,InnoDB,LOCK_SYS_PAGE,66,0,105
1787563211.756,2026-08-24 09:20:11.757,InnoDB,LOCK_SYS_PAGE,79,0,107
1787563211.756,2026-08-24 09:20:11.757,InnoDB,LOCK_SYS_PAGE,75,0,76
1787563211.756,2026-08-24 09:20:11.757,InnoDB,LOCK_SYS_PAGE,47,0,68
1787563211.756,2026-08-24 09:20:11.757,InnoDB,LOCK_SYS_PAGE,86,0,111
1787563211.756,2026-08-24 09:20:11.757,InnoDB,LOCK_SYS_PAGE,70,0,100
1787563211.756,2026-08-24 09:20:11.757,InnoDB,LOCK_SYS_PAGE,63,0,65
1787563211.756,2026-08-24 09:20:11.757,InnoDB,LOCK_SYS_PAGE,38,0,79
1787563211.756,2026-08-24 09:20:11.757,InnoDB,LOCK_SYS_PAGE,99,0,110
1787563211.756,2026-08-24 09:20:11.757,InnoDB,LOCK_SYS_PAGE,78,0,98
1787563211.756,2026-08-24 09:20:11.757,InnoDB,LOCK_SYS_PAGE,45,0,64
1787563211.756,2026-08-24 09:20:11.757,InnoDB,LOCK_SYS_PAGE,47,0,70
1787563211.756,2026-08-24 09:20:11.757,InnoDB,LOCK_SYS_PAGE,78,0,107
1787563211.756,2026-08-24 09:20:11.757,InnoDB,LOCK_SYS_PAGE,71,0,90
1787563211.756,2026-08-24 09:20:11.757,InnoDB,LOCK_SYS_PAGE,39,0,72
1787563211.756,2026-08-24 09:20:11.757,InnoDB,rwlock: fil0fil.cc:3294,,51791,
1787563211.756,2026-08-24 09:20:11.757,InnoDB,rwlock: fil0fil.cc:3294,,62644,
1787563211.756,2026-08-24 09:20:11.757,InnoDB,rwlock: dict0dict.cc:2555,,52900,
1787563211.756,2026-08-24 09:20:11.757,InnoDB,rwlock: dict0dict.cc:2555,,53545,
1787563211.756,2026-08-24 09:20:11.757,InnoDB,rwlock: dict0dict.cc:2555,,53736,
1787563211.756,2026-08-24 09:20:11.757,InnoDB,rwlock: dict0dict.cc:2555,,52539,
1787563211.756,2026-08-24 09:20:11.757,InnoDB,rwlock: dict0dict.cc:2555,,53767,
1787563211.756,2026-08-24 09:20:11.757,InnoDB,rwlock: dict0dict.cc:2555,,53702,
1787563211.756,2026-08-24 09:20:11.757,InnoDB,rwlock: dict0dict.cc:2555,,53810,
1787563211.756,2026-08-24 09:20:11.757,InnoDB,rwlock: dict0dict.cc:2555,,53741,
1787563211.756,2026-08-24 09:20:11.757,InnoDB,rwlock: dict0dict.cc:2555,,53875,
1787563211.756,2026-08-24 09:20:11.757,InnoDB,rwlock: dict0dict.cc:2555,,52979,
1787563211.756,2026-08-24 09:20:11.757,InnoDB,rwlock: dict0dict.cc:2555,,54390,
1787563211.756,2026-08-24 09:20:11.757,InnoDB,rwlock: dict0dict.cc:2555,,53860,
1787563211.756,2026-08-24 09:20:11.757,InnoDB,rwlock: dict0dict.cc:2555,,53383,
1787563211.756,2026-08-24 09:20:11.757,InnoDB,rwlock: dict0dict.cc:2555,,53343,
1787563211.756,2026-08-24 09:20:11.757,InnoDB,rwlock: dict0dict.cc:2555,,54057,
1787563211.756,2026-08-24 09:20:11.757,InnoDB,rwlock: dict0dict.cc:2555,,53569,
1787563211.756,2026-08-24 09:20:11.757,InnoDB,rwlock: dict0dict.cc:2555,,53405,
1787563211.756,2026-08-24 09:20:11.757,InnoDB,rwlock: dict0dict.cc:2555,,53425,
1787563211.756,2026-08-24 09:20:11.757,InnoDB,rwlock: dict0dict.cc:2555,,53694,
1787563211.756,2026-08-24 09:20:11.757,InnoDB,rwlock: dict0dict.cc:2555,,53913,
1787563211.756,2026-08-24 09:20:11.757,InnoDB,rwlock: dict0dict.cc:2555,,6,
1787563211.756,2026-08-24 09:20:11.757,InnoDB,rwlock: dict0dict.cc:2555,,4,
1787563211.756,2026-08-24 09:20:11.757,InnoDB,rwlock: dict0dict.cc:2555,,6,
1787563211.756,2026-08-24 09:20:11.757,InnoDB,rwlock: dict0dict.cc:2555,,4,
1787563211.756,2026-08-24 09:20:11.757,InnoDB,rwlock: dict0dict.cc:2555,,7,
1787563211.756,2026-08-24 09:20:11.757,InnoDB,rwlock: dict0dict.cc:2555,,4,
1787563211.756,2026-08-24 09:20:11.757,InnoDB,rwlock: dict0dict.cc:2555,,5,
1787563211.756,2026-08-24 09:20:11.757,InnoDB,rwlock: dict0dict.cc:2555,,6,
1787563211.756,2026-08-24 09:20:11.757,InnoDB,rwlock: dict0dict.cc:2555,,2,
1787563211.756,2026-08-24 09:20:11.757,InnoDB,rwlock: dict0dict.cc:2555,,3,
1787563211.756,2026-08-24 09:20:11.757,InnoDB,rwlock: dict0dict.cc:2555,,5,
1787563211.756,2026-08-24 09:20:11.757,InnoDB,rwlock: dict0dict.cc:2555,,4,
1787563211.756,2026-08-24 09:20:11.757,InnoDB,rwlock: dict0dict.cc:2555,,6,
1787563211.756,2026-08-24 09:20:11.757,InnoDB,rwlock: dict0dict.cc:2555,,6,
1787563211.756,2026-08-24 09:20:11.757,InnoDB,rwlock: dict0dict.cc:2555,,6,
1787563211.756,2026-08-24 09:20:11.757,InnoDB,rwlock: dict0dict.cc:2555,,4,
1787563211.756,2026-08-24 09:20:11.757,InnoDB,rwlock: dict0dict.cc:2555,,5,
1787563211.756,2026-08-24 09:20:11.757,InnoDB,rwlock: dict0dict.cc:2555,,7,
1787563211.756,2026-08-24 09:20:11.757,InnoDB,rwlock: dict0dict.cc:2555,,4,
1787563211.756,2026-08-24 09:20:11.757,InnoDB,rwlock: dict0dict.cc:2555,,5,
1787563211.756,2026-08-24 09:20:11.757,InnoDB,rwlock: dict0dict.cc:2555,,1,
1787563211.756,2026-08-24 09:20:11.757,InnoDB,rwlock: dict0dict.cc:326,,3,
1787563211.756,2026-08-24 09:20:11.757,InnoDB,rwlock: dict0dict.cc:326,,28,
1787563211.756,2026-08-24 09:20:11.757,InnoDB,rwlock: fil0fil.cc:3294,,4,
1787563211.756,2026-08-24 09:20:11.757,InnoDB,rwlock: dict0dict.cc:1027,,7,
1787563211.756,2026-08-24 09:20:11.757,InnoDB,rwlock: hash0hash.cc:117,,960865,
1787563211.756,2026-08-24 09:20:11.757,InnoDB,rwlock: hash0hash.cc:117,,1126765,
1787563211.756,2026-08-24 09:20:11.757,InnoDB,rwlock: hash0hash.cc:117,,1500637,
1787563211.756,2026-08-24 09:20:11.757,InnoDB,rwlock: hash0hash.cc:117,,977366,
1787563211.756,2026-08-24 09:20:11.757,InnoDB,rwlock: hash0hash.cc:117,,1078411,
1787563211.756,2026-08-24 09:20:11.757,InnoDB,rwlock: hash0hash.cc:117,,2238706,
1787563211.756,2026-08-24 09:20:11.757,InnoDB,rwlock: hash0hash.cc:117,,967054,
1787563211.756,2026-08-24 09:20:11.757,InnoDB,rwlock: hash0hash.cc:117,,1127092,
1787563211.756,2026-08-24 09:20:11.757,InnoDB,rwlock: hash0hash.cc:117,,1730951,
1787563211.756,2026-08-24 09:20:11.757,InnoDB,rwlock: hash0hash.cc:117,,958319,
1787563211.756,2026-08-24 09:20:11.757,InnoDB,rwlock: hash0hash.cc:117,,972782,
1787563211.756,2026-08-24 09:20:11.757,InnoDB,rwlock: hash0hash.cc:117,,1679867,
1787563211.756,2026-08-24 09:20:11.757,InnoDB,rwlock: hash0hash.cc:117,,1534641,
1787563211.756,2026-08-24 09:20:11.757,InnoDB,rwlock: hash0hash.cc:117,,999447,
1787563211.756,2026-08-24 09:20:11.757,InnoDB,rwlock: hash0hash.cc:117,,1790234,
1787563211.756,2026-08-24 09:20:11.757,InnoDB,rwlock: hash0hash.cc:117,,1575894,
1787563211.756,2026-08-24 09:20:11.757,InnoDB,sum rwlock: buf0buf.cc:857,,7490606,
