timestamp_unix,timestamp_human,type,name,spins,waits,calls
1787549548.626,2026-08-24 05:32:28.628,InnoDB,SRV_SYS,11645966,299476,1158330
1787549548.626,2026-08-24 05:32:28.628,InnoDB,TRX_SYS,22106047,276516,10038819
1787549548.626,2026-08-24 05:32:28.628,InnoDB,LOG_WRITER,3795446,126421,1784
1787549548.626,2026-08-24 05:32:28.628,InnoDB,BUF_POOL_LRU_LIST,6458785,98103,2547043
1787549548.626,2026-08-24 05:32:28.628,InnoDB,BUF_POOL_LRU_LIST,6067607,97833,2293044
1787549548.626,2026-08-24 05:32:28.628,InnoDB,BUF_POOL_LRU_LIST,6186329,91165,2498982
1787549548.626,2026-08-24 05:32:28.628,InnoDB,BUF_POOL_LRU_LIST,6165644,88000,2593572
1787549548.626,2026-08-24 05:32:28.628,InnoDB,BUF_POOL_LRU_LIST,5809602,85503,2445406
1787549548.626,2026-08-24 05:32:28.628,InnoDB,BUF_POOL_LRU_LIST,5955008,84784,2554994
1787549548.626,2026-08-24 05:32:28.628,InnoDB,DICT_SYS,31749196,34533,21738200
1787549548.626,2026-08-24 05:32:28.628,InnoDB,FLUSH_LIST,1078334,29945,151271
1787549548.626,2026-08-24 05:32:28.628,InnoDB,FLUSH_LIST,917927,24783,142440
1787549548.626,2026-08-24 05:32:28.628,InnoDB,BUF_POOL_FLUSH_STATE,1458309,21098,476025
1787549548.626,2026-08-24 05:32:28.628,InnoDB,FLUSH_LIST,780681,20362,133624
1787549548.626,2026-08-24 05:32:28.628,InnoDB,BUF_POOL_FLUSH_STATE,1410186,20074,456054
1787549548.626,2026-08-24 05:32:28.628,InnoDB,FLUSH_LIST,769203,19951,133263
1787549548.626,2026-08-24 05:32:28.628,InnoDB,BUF_POOL_FLUSH_STATE,1367719,19925,440680
1787549548.626,2026-08-24 05:32:28.628,InnoDB,BUF_POOL_FLUSH_STATE,1410688,19899,454046
1787549548.626,2026-08-24 05:32:28.628,InnoDB,BUF_POOL_FLUSH_STATE,1400133,19857,447540
1787549548.626,2026-08-24 05:32:28.628,InnoDB,BUF_POOL_FLUSH_STATE,1385334,19473,450252
1787549548.626,2026-08-24 05:32:28.628,InnoDB,FLUSH_LIST,696963,17448,134791
1787549548.626,2026-08-24 05:32:28.628,InnoDB,FLUSH_LIST,667592,16462,136750
1787549548.626,2026-08-24 05:32:28.628,InnoDB,PURGE_SYS_PQ,1948434,13925,1253594
1787549548.626,2026-08-24 05:32:28.628,InnoDB,TRX_SYS_SERIALISATION,1328077,11998,798370
1787549548.626,2026-08-24 05:32:28.628,InnoDB,FIL_SHARD,156298,2804,40526
1787549548.626,2026-08-24 05:32:28.628,InnoDB,FIL_SHARD,167284,2752,44727
1787549548.626,2026-08-24 05:32:28.628,InnoDB,FIL_SHARD,148297,2678,39529
1787549548.626,2026-08-24 05:32:28.628,InnoDB,FIL_SHARD,148492,2624,40197
1787549548.626,2026-08-24 05:32:28.628,InnoDB,FIL_SHARD,137898,2508,37826
1787549548.626,2026-08-24 05:32:28.628,InnoDB,FIL_SHARD,141550,2473,40611
1787549548.626,2026-08-24 05:32:28.628,InnoDB,TRX,723326,2421,1083144
1787549548.626,2026-08-24 05:32:28.628,InnoDB,FIL_SHARD,136263,2417,37670
1787549548.626,2026-08-24 05:32:28.628,InnoDB,FIL_SHARD,135260,2403,38467
1787549548.626,2026-08-24 05:32:28.628,InnoDB,FIL_SHARD,135273,2391,38682
1787549548.626,2026-08-24 05:32:28.628,InnoDB,FIL_SHARD,132701,2367,38288
1787549548.626,2026-08-24 05:32:28.628,InnoDB,FIL_SHARD,131250,2317,37353
1787549548.626,2026-08-24 05:32:28.628,InnoDB,FIL_SHARD,128744,2283,37814
1787549548.626,2026-08-24 05:32:28.628,InnoDB,FIL_SHARD,128264,2258,36767
1787549548.626,2026-08-24 05:32:28.628,InnoDB,FIL_SHARD,125198,2242,35814
1787549548.626,2026-08-24 05:32:28.628,InnoDB,FIL_SHARD,128928,2232,37073
1787549548.626,2026-08-24 05:32:28.628,InnoDB,FIL_SHARD,124295,2147,37837
1787549548.626,2026-08-24 05:32:28.628,InnoDB,FIL_SHARD,123414,2146,35768
1787549548.626,2026-08-24 05:32:28.628,InnoDB,FIL_SHARD,124044,2145,37001
1787549548.626,2026-08-24 05:32:28.628,InnoDB,FIL_SHARD,113704,1971,34288
1787549548.626,2026-08-24 05:32:28.628,InnoDB,FIL_SHARD,109086,1952,32167
1787549548.626,2026-08-24 05:32:28.628,InnoDB,LOCK_SYS_TABLE,87935,1241,39980
1787549548.626,2026-08-24 05:32:28.628,InnoDB,LOCK_SYS_TABLE,85915,1198,40110
1787549548.626,2026-08-24 05:32:28.628,InnoDB,LOG_FILES,41864,1192,1463
1787549548.626,2026-08-24 05:32:28.628,InnoDB,LOCK_SYS_TABLE,84527,1166,39131
1787549548.626,2026-08-24 05:32:28.628,InnoDB,LOCK_SYS_TABLE,85175,1164,39180
1787549548.626,2026-08-24 05:32:28.628,InnoDB,LOCK_SYS_TABLE,83887,1154,40324
1787549548.626,2026-08-24 05:32:28.628,InnoDB,LOCK_SYS_TABLE,86939,1146,41253
1787549548.626,2026-08-24 05:32:28.628,InnoDB,LOCK_SYS_TABLE,84256,1145,40390
1787549548.626,2026-08-24 05:32:28.628,InnoDB,LOCK_SYS_TABLE,83592,1125,41648
1787549548.626,2026-08-24 05:32:28.628,InnoDB,LOCK_SYS_TABLE,81991,1123,40162
1787549548.626,2026-08-24 05:32:28.628,InnoDB,LOCK_SYS_TABLE,85468,1120,40744
1787549548.626,2026-08-24 05:32:28.628,InnoDB,LOCK_SYS_TABLE,81962,1110,41005
1787549548.626,2026-08-24 05:32:28.628,InnoDB,LOCK_SYS_TABLE,85590,1104,42567
1787549548.626,2026-08-24 05:32:28.628,InnoDB,LOCK_SYS_TABLE,84686,1102,42525
1787549548.626,2026-08-24 05:32:28.628,InnoDB,BUF_BLOCK_MUTEX,36684,1100,2088
1787549548.626,2026-08-24 05:32:28.628,InnoDB,LOCK_SYS_TABLE,84423,1087,41244
1787549548.626,2026-08-24 05:32:28.628,InnoDB,LOCK_SYS_TABLE,80287,1054,40026
1787549548.626,2026-08-24 05:32:28.628,InnoDB,LOCK_SYS_TABLE,83530,1054,42799
1787549548.626,2026-08-24 05:32:28.628,InnoDB,LOCK_SYS_TABLE,82261,1052,39833
1787549548.626,2026-08-24 05:32:28.628,InnoDB,LOG_FLUSHER,41623,1033,1774
1787549548.626,2026-08-24 05:32:28.628,InnoDB,LOCK_SYS_TABLE,82872,1030,42032
1787549548.626,2026-08-24 05:32:28.628,InnoDB,LOCK_SYS_TABLE,76206,925,38763
1787549548.626,2026-08-24 05:32:28.628,InnoDB,LOCK_SYS_TABLE,75261,897,38213
1787549548.626,2026-08-24 05:32:28.628,InnoDB,SRV_SYS_TASKS,480882,851,456282
1787549548.626,2026-08-24 05:32:28.628,InnoDB,PAGE_CLEANER,326635,501,212059
1787549548.626,2026-08-24 05:32:28.628,InnoDB,FIL_SHARD,29737,342,26773
1787549548.626,2026-08-24 05:32:28.628,InnoDB,FIL_SHARD,27658,264,26733
1787549548.626,2026-08-24 05:32:28.628,InnoDB,DICT_PERSIST_DIRTY_TABLES,608988,233,248069
1787549548.626,2026-08-24 05:32:28.628,InnoDB,IBUF_BITMAP,17401,162,9949
1787549548.626,2026-08-24 05:32:28.628,InnoDB,BUF_POOL_FREE_LIST,47025,90,42369
1787549548.626,2026-08-24 05:32:28.628,InnoDB,BUF_POOL_FREE_LIST,34385,72,32830
1787549548.626,2026-08-24 05:32:28.628,InnoDB,BUF_POOL_FREE_LIST,48354,67,43744
1787549548.626,2026-08-24 05:32:28.628,InnoDB,BUF_POOL_FREE_LIST,39352,56,36973
1787549548.626,2026-08-24 05:32:28.628,InnoDB,BUF_POOL_FREE_LIST,35885,56,35594
1787549548.626,2026-08-24 05:32:28.628,InnoDB,BUF_POOL_FREE_LIST,34016,53,32971
1787549548.626,2026-08-24 05:32:28.628,InnoDB,UNDO_SPACE_RSEG,4203,43,1421
1787549548.626,2026-08-24 05:32:28.628,InnoDB,UNDO_SPACE_RSEG,4301,40,1473
1787549548.626,2026-08-24 05:32:28.628,InnoDB,UNDO_SPACE_RSEG,4079,40,1397
1787549548.626,2026-08-24 05:32:28.628,InnoDB,UNDO_SPACE_RSEG,3974,39,1418
1787549548.626,2026-08-24 05:32:28.628,InnoDB,UNDO_SPACE_RSEG,4145,39,1450
1787549548.626,2026-08-24 05:32:28.628,InnoDB,UNDO_SPACE_RSEG,4020,39,1362
1787549548.626,2026-08-24 05:32:28.628,InnoDB,UNDO_SPACE_RSEG,4047,38,1418
1787549548.626,2026-08-24 05:32:28.628,InnoDB,UNDO_SPACE_RSEG,3935,38,1417
1787549548.626,2026-08-24 05:32:28.628,InnoDB,UNDO_SPACE_RSEG,4240,38,1482
1787549548.626,2026-08-24 05:32:28.628,InnoDB,UNDO_SPACE_RSEG,4029,38,1411
1787549548.626,2026-08-24 05:32:28.628,InnoDB,UNDO_SPACE_RSEG,4281,38,1484
1787549548.626,2026-08-24 05:32:28.628,InnoDB,UNDO_SPACE_RSEG,4007,37,1418
1787549548.626,2026-08-24 05:32:28.628,InnoDB,UNDO_SPACE_RSEG,3984,37,1421
1787549548.626,2026-08-24 05:32:28.628,InnoDB,UNDO_SPACE_RSEG,3922,37,1395
1787549548.626,2026-08-24 05:32:28.628,InnoDB,UNDO_SPACE_RSEG,3898,37,1405
1787549548.626,2026-08-24 05:32:28.628,InnoDB,UNDO_SPACE_RSEG,4062,37,1471
1787549548.626,2026-08-24 05:32:28.628,InnoDB,UNDO_SPACE_RSEG,4199,37,1498
1787549548.626,2026-08-24 05:32:28.628,InnoDB,UNDO_SPACE_RSEG,4227,37,1454
1787549548.626,2026-08-24 05:32:28.628,InnoDB,UNDO_SPACE_RSEG,3939,36,1392
1787549548.626,2026-08-24 05:32:28.628,InnoDB,UNDO_SPACE_RSEG,4057,36,1475
1787549548.626,2026-08-24 05:32:28.628,InnoDB,UNDO_SPACE_RSEG,3777,36,1395
1787549548.626,2026-08-24 05:32:28.628,InnoDB,UNDO_SPACE_RSEG,4010,36,1450
1787549548.626,2026-08-24 05:32:28.628,InnoDB,UNDO_SPACE_RSEG,3953,36,1442
1787549548.626,2026-08-24 05:32:28.628,InnoDB,UNDO_SPACE_RSEG,3993,36,1393
1787549548.626,2026-08-24 05:32:28.628,InnoDB,UNDO_SPACE_RSEG,4009,36,1375
1787549548.626,2026-08-24 05:32:28.628,InnoDB,UNDO_SPACE_RSEG,3871,35,1405
1787549548.626,2026-08-24 05:32:28.628,InnoDB,UNDO_SPACE_RSEG,4160,35,1511
1787549548.626,2026-08-24 05:32:28.628,InnoDB,UNDO_SPACE_RSEG,3978,35,1384
1787549548.626,2026-08-24 05:32:28.628,InnoDB,UNDO_SPACE_RSEG,4009,35,1439
1787549548.626,2026-08-24 05:32:28.628,InnoDB,UNDO_SPACE_RSEG,4064,35,1459
1787549548.626,2026-08-24 05:32:28.628,InnoDB,UNDO_SPACE_RSEG,3817,34,1394
1787549548.626,2026-08-24 05:32:28.628,InnoDB,UNDO_SPACE_RSEG,3963,34,1405
1787549548.626,2026-08-24 05:32:28.628,InnoDB,UNDO_SPACE_RSEG,4056,34,1441
1787549548.626,2026-08-24 05:32:28.628,InnoDB,UNDO_SPACE_RSEG,4012,34,1487
1787549548.626,2026-08-24 05:32:28.628,InnoDB,UNDO_SPACE_RSEG,3894,34,1412
1787549548.626,2026-08-24 05:32:28.628,InnoDB,UNDO_SPACE_RSEG,3697,33,1353
1787549548.626,2026-08-24 05:32:28.628,InnoDB,UNDO_SPACE_RSEG,3843,33,1459
1787549548.626,2026-08-24 05:32:28.628,InnoDB,UNDO_SPACE_RSEG,4065,33,1454
1787549548.626,2026-08-24 05:32:28.628,InnoDB,UNDO_SPACE_RSEG,3795,33,1404
1787549548.626,2026-08-24 05:32:28.628,InnoDB,UNDO_SPACE_RSEG,3918,33,1488
1787549548.626,2026-08-24 05:32:28.628,InnoDB,UNDO_SPACE_RSEG,4020,33,1477
1787549548.626,2026-08-24 05:32:28.628,InnoDB,UNDO_SPACE_RSEG,3885,33,1423
1787549548.626,2026-08-24 05:32:28.628,InnoDB,UNDO_SPACE_RSEG,3769,33,1340
1787549548.626,2026-08-24 05:32:28.628,InnoDB,UNDO_SPACE_RSEG,3810,33,1391
1787549548.626,2026-08-24 05:32:28.628,InnoDB,UNDO_SPACE_RSEG,3876,33,1436
1787549548.626,2026-08-24 05:32:28.628,InnoDB,UNDO_SPACE_RSEG,4174,33,1506
1787549548.626,2026-08-24 05:32:28.628,InnoDB,LOCK_SYS_PAGE,1831,33,541
1787549548.626,2026-08-24 05:32:28.628,InnoDB,UNDO_SPACE_RSEG,3962,33,1438
1787549548.626,2026-08-24 05:32:28.628,InnoDB,UNDO_SPACE_RSEG,4170,33,1493
1787549548.626,2026-08-24 05:32:28.628,InnoDB,UNDO_SPACE_RSEG,3755,33,1335
1787549548.626,2026-08-24 05:32:28.628,InnoDB,UNDO_SPACE_RSEG,3908,32,1472
1787549548.626,2026-08-24 05:32:28.628,InnoDB,UNDO_SPACE_RSEG,4139,32,1528
1787549548.626,2026-08-24 05:32:28.628,InnoDB,UNDO_SPACE_RSEG,3864,32,1391
1787549548.626,2026-08-24 05:32:28.628,InnoDB,UNDO_SPACE_RSEG,3983,32,1471
1787549548.626,2026-08-24 05:32:28.628,InnoDB,UNDO_SPACE_RSEG,3770,32,1359
1787549548.626,2026-08-24 05:32:28.628,InnoDB,UNDO_SPACE_RSEG,4202,32,1499
1787549548.626,2026-08-24 05:32:28.628,InnoDB,UNDO_SPACE_RSEG,4007,32,1486
1787549548.626,2026-08-24 05:32:28.628,InnoDB,UNDO_SPACE_RSEG,3694,32,1397
1787549548.626,2026-08-24 05:32:28.628,InnoDB,UNDO_SPACE_RSEG,3881,32,1422
1787549548.626,2026-08-24 05:32:28.628,InnoDB,UNDO_SPACE_RSEG,3743,32,1360
1787549548.626,2026-08-24 05:32:28.628,InnoDB,UNDO_SPACE_RSEG,3806,31,1389
1787549548.626,2026-08-24 05:32:28.628,InnoDB,UNDO_SPACE_RSEG,3956,31,1437
1787549548.626,2026-08-24 05:32:28.628,InnoDB,UNDO_SPACE_RSEG,3773,31,1357
1787549548.626,2026-08-24 05:32:28.628,InnoDB,UNDO_SPACE_RSEG,3640,31,1370
1787549548.626,2026-08-24 05:32:28.628,InnoDB,UNDO_SPACE_RSEG,3805,31,1373
1787549548.626,2026-08-24 05:32:28.628,InnoDB,UNDO_SPACE_RSEG,3965,31,1480
1787549548.626,2026-08-24 05:32:28.628,InnoDB,UNDO_SPACE_RSEG,4094,31,1514
1787549548.626,2026-08-24 05:32:28.628,InnoDB,UNDO_SPACE_RSEG,3846,31,1371
1787549548.626,2026-08-24 05:32:28.628,InnoDB,UNDO_SPACE_RSEG,3611,31,1365
1787549548.626,2026-08-24 05:32:28.628,InnoDB,UNDO_SPACE_RSEG,3990,31,1453
1787549548.626,2026-08-24 05:32:28.628,InnoDB,UNDO_SPACE_RSEG,3862,31,1486
1787549548.626,2026-08-24 05:32:28.628,InnoDB,UNDO_SPACE_RSEG,3641,31,1406
1787549548.626,2026-08-24 05:32:28.628,InnoDB,UNDO_SPACE_RSEG,3797,31,1412
1787549548.626,2026-08-24 05:32:28.628,InnoDB,UNDO_SPACE_RSEG,3668,31,1420
1787549548.626,2026-08-24 05:32:28.628,InnoDB,UNDO_SPACE_RSEG,3809,31,1398
1787549548.626,2026-08-24 05:32:28.628,InnoDB,UNDO_SPACE_RSEG,3766,30,1433
1787549548.626,2026-08-24 05:32:28.628,InnoDB,UNDO_SPACE_RSEG,3814,30,1373
1787549548.626,2026-08-24 05:32:28.628,InnoDB,LOCK_SYS_PAGE,1651,30,543
1787549548.626,2026-08-24 05:32:28.628,InnoDB,UNDO_SPACE_RSEG,3649,30,1362
1787549548.626,2026-08-24 05:32:28.628,InnoDB,UNDO_SPACE_RSEG,3761,30,1431
1787549548.626,2026-08-24 05:32:28.628,InnoDB,UNDO_SPACE_RSEG,3713,30,1392
1787549548.626,2026-08-24 05:32:28.628,InnoDB,UNDO_SPACE_RSEG,3870,30,1416
1787549548.626,2026-08-24 05:32:28.628,InnoDB,UNDO_SPACE_RSEG,3838,30,1422
1787549548.626,2026-08-24 05:32:28.628,InnoDB,UNDO_SPACE_RSEG,3872,30,1436
1787549548.626,2026-08-24 05:32:28.628,InnoDB,UNDO_SPACE_RSEG,3790,30,1437
1787549548.626,2026-08-24 05:32:28.628,InnoDB,UNDO_SPACE_RSEG,3965,30,1451
1787549548.626,2026-08-24 05:32:28.628,InnoDB,UNDO_SPACE_RSEG,3608,30,1359
1787549548.626,2026-08-24 05:32:28.628,InnoDB,UNDO_SPACE_RSEG,3882,30,1480
1787549548.626,2026-08-24 05:32:28.628,InnoDB,UNDO_SPACE_RSEG,3784,30,1384
1787549548.626,2026-08-24 05:32:28.628,InnoDB,UNDO_SPACE_RSEG,3855,30,1402
1787549548.626,2026-08-24 05:32:28.628,InnoDB,UNDO_SPACE_RSEG,3843,30,1470
1787549548.626,2026-08-24 05:32:28.628,InnoDB,UNDO_SPACE_RSEG,3864,29,1459
1787549548.626,2026-08-24 05:32:28.628,InnoDB,UNDO_SPACE_RSEG,3824,29,1382
1787549548.626,2026-08-24 05:32:28.628,InnoDB,UNDO_SPACE_RSEG,3872,29,1420
1787549548.626,2026-08-24 05:32:28.628,InnoDB,UNDO_SPACE_RSEG,3921,29,1483
1787549548.626,2026-08-24 05:32:28.628,InnoDB,UNDO_SPACE_RSEG,3650,29,1396
1787549548.626,2026-08-24 05:32:28.628,InnoDB,UNDO_SPACE_RSEG,3643,29,1435
1787549548.626,2026-08-24 05:32:28.628,InnoDB,UNDO_SPACE_RSEG,4105,29,1481
1787549548.626,2026-08-24 05:32:28.628,InnoDB,UNDO_SPACE_RSEG,3813,29,1454
1787549548.626,2026-08-24 05:32:28.628,InnoDB,UNDO_SPACE_RSEG,3811,29,1440
1787549548.626,2026-08-24 05:32:28.628,InnoDB,UNDO_SPACE_RSEG,3773,29,1414
1787549548.626,2026-08-24 05:32:28.628,InnoDB,UNDO_SPACE_RSEG,3669,29,1408
1787549548.626,2026-08-24 05:32:28.628,InnoDB,UNDO_SPACE_RSEG,3620,29,1406
1787549548.626,2026-08-24 05:32:28.628,InnoDB,UNDO_SPACE_RSEG,3709,29,1436
1787549548.626,2026-08-24 05:32:28.628,InnoDB,UNDO_SPACE_RSEG,3638,29,1407
1787549548.626,2026-08-24 05:32:28.628,InnoDB,UNDO_SPACE_RSEG,3642,29,1373
1787549548.626,2026-08-24 05:32:28.628,InnoDB,UNDO_SPACE_RSEG,3699,29,1369
1787549548.626,2026-08-24 05:32:28.628,InnoDB,UNDO_SPACE_RSEG,3822,29,1401
1787549548.626,2026-08-24 05:32:28.628,InnoDB,UNDO_SPACE_RSEG,3882,29,1465
1787549548.626,2026-08-24 05:32:28.628,InnoDB,UNDO_SPACE_RSEG,3988,29,1479
1787549548.626,2026-08-24 05:32:28.628,InnoDB,UNDO_SPACE_RSEG,3794,29,1422
1787549548.626,2026-08-24 05:32:28.628,InnoDB,UNDO_SPACE_RSEG,3788,28,1458
1787549548.626,2026-08-24 05:32:28.628,InnoDB,UNDO_SPACE_RSEG,3839,28,1436
1787549548.626,2026-08-24 05:32:28.628,InnoDB,UNDO_SPACE_RSEG,3762,28,1469
1787549548.626,2026-08-24 05:32:28.628,InnoDB,UNDO_SPACE_RSEG,3833,28,1460
1787549548.626,2026-08-24 05:32:28.628,InnoDB,UNDO_SPACE_RSEG,3670,28,1383
1787549548.626,2026-08-24 05:32:28.628,InnoDB,UNDO_SPACE_RSEG,3691,28,1453
1787549548.626,2026-08-24 05:32:28.628,InnoDB,UNDO_SPACE_RSEG,3572,28,1338
1787549548.626,2026-08-24 05:32:28.628,InnoDB,UNDO_SPACE_RSEG,3768,28,1457
1787549548.626,2026-08-24 05:32:28.628,InnoDB,UNDO_SPACE_RSEG,3857,28,1451
1787549548.626,2026-08-24 05:32:28.628,InnoDB,UNDO_SPACE_RSEG,3511,28,1389
1787549548.626,2026-08-24 05:32:28.628,InnoDB,UNDO_SPACE_RSEG,3653,28,1431
1787549548.626,2026-08-24 05:32:28.628,InnoDB,UNDO_SPACE_RSEG,3706,28,1414
1787549548.626,2026-08-24 05:32:28.628,InnoDB,UNDO_SPACE_RSEG,3655,28,1400
1787549548.626,2026-08-24 05:32:28.628,InnoDB,UNDO_SPACE_RSEG,3765,28,1465
1787549548.626,2026-08-24 05:32:28.628,InnoDB,UNDO_SPACE_RSEG,3779,28,1402
1787549548.626,2026-08-24 05:32:28.628,InnoDB,UNDO_SPACE_RSEG,3871,28,1480
1787549548.626,2026-08-24 05:32:28.628,InnoDB,UNDO_SPACE_RSEG,3760,28,1496
1787549548.626,2026-08-24 05:32:28.628,InnoDB,UNDO_SPACE_RSEG,3779,28,1443
1787549548.626,2026-08-24 05:32:28.628,InnoDB,UNDO_SPACE_RSEG,3781,28,1427
1787549548.626,2026-08-24 05:32:28.628,InnoDB,UNDO_SPACE_RSEG,3743,28,1374
1787549548.626,2026-08-24 05:32:28.628,InnoDB,UNDO_SPACE_RSEG,3781,28,1398
1787549548.626,2026-08-24 05:32:28.628,InnoDB,UNDO_SPACE_RSEG,3911,28,1455
1787549548.626,2026-08-24 05:32:28.628,InnoDB,UNDO_SPACE_RSEG,3785,28,1437
1787549548.626,2026-08-24 05:32:28.628,InnoDB,UNDO_SPACE_RSEG,3917,28,1475
1787549548.626,2026-08-24 05:32:28.628,InnoDB,UNDO_SPACE_RSEG,3698,27,1438
1787549548.626,2026-08-24 05:32:28.628,InnoDB,UNDO_SPACE_RSEG,3813,27,1448
1787549548.626,2026-08-24 05:32:28.628,InnoDB,UNDO_SPACE_RSEG,3629,27,1401
1787549548.626,2026-08-24 05:32:28.628,InnoDB,UNDO_SPACE_RSEG,3475,27,1362
1787549548.626,2026-08-24 05:32:28.628,InnoDB,UNDO_SPACE_RSEG,3637,27,1361
1787549548.626,2026-08-24 05:32:28.628,InnoDB,LOCK_SYS_PAGE,1583,27,552
1787549548.626,2026-08-24 05:32:28.628,InnoDB,UNDO_SPACE_RSEG,3792,27,1456
1787549548.626,2026-08-24 05:32:28.628,InnoDB,UNDO_SPACE_RSEG,3763,27,1440
1787549548.626,2026-08-24 05:32:28.628,InnoDB,UNDO_SPACE_RSEG,3899,27,1474
1787549548.626,2026-08-24 05:32:28.628,InnoDB,UNDO_SPACE_RSEG,3720,27,1438
1787549548.626,2026-08-24 05:32:28.628,InnoDB,UNDO_SPACE_RSEG,3768,27,1461
1787549548.626,2026-08-24 05:32:28.628,InnoDB,UNDO_SPACE_RSEG,3719,26,1464
1787549548.626,2026-08-24 05:32:28.628,InnoDB,UNDO_SPACE_RSEG,3723,26,1437
1787549548.626,2026-08-24 05:32:28.628,InnoDB,UNDO_SPACE_RSEG,3828,26,1534
1787549548.626,2026-08-24 05:32:28.628,InnoDB,UNDO_SPACE_RSEG,3612,26,1373
1787549548.626,2026-08-24 05:32:28.628,InnoDB,UNDO_SPACE_RSEG,3623,26,1387
1787549548.626,2026-08-24 05:32:28.628,InnoDB,UNDO_SPACE_RSEG,3685,26,1388
1787549548.626,2026-08-24 05:32:28.628,InnoDB,UNDO_SPACE_RSEG,3804,26,1435
1787549548.626,2026-08-24 05:32:28.628,InnoDB,UNDO_SPACE_RSEG,3632,26,1365
1787549548.626,2026-08-24 05:32:28.628,InnoDB,UNDO_SPACE_RSEG,3290,26,1330
1787549548.626,2026-08-24 05:32:28.628,InnoDB,UNDO_SPACE_RSEG,3637,26,1418
1787549548.626,2026-08-24 05:32:28.628,InnoDB,UNDO_SPACE_RSEG,3778,26,1487
1787549548.626,2026-08-24 05:32:28.628,InnoDB,UNDO_SPACE_RSEG,3664,26,1451
1787549548.626,2026-08-24 05:32:28.628,InnoDB,UNDO_SPACE_RSEG,3826,26,1466
1787549548.626,2026-08-24 05:32:28.628,InnoDB,UNDO_SPACE_RSEG,3685,26,1445
1787549548.626,2026-08-24 05:32:28.628,InnoDB,UNDO_SPACE_RSEG,3649,26,1417
1787549548.626,2026-08-24 05:32:28.628,InnoDB,UNDO_SPACE_RSEG,3601,26,1379
1787549548.626,2026-08-24 05:32:28.628,InnoDB,LOCK_SYS_PAGE,1453,26,564
1787549548.626,2026-08-24 05:32:28.628,InnoDB,UNDO_SPACE_RSEG,3684,26,1451
1787549548.626,2026-08-24 05:32:28.628,InnoDB,LOCK_SYS_PAGE,1414,26,507
1787549548.626,2026-08-24 05:32:28.628,InnoDB,UNDO_SPACE_RSEG,3721,26,1444
1787549548.626,2026-08-24 05:32:28.628,InnoDB,LOCK_SYS_PAGE,1429,26,520
1787549548.626,2026-08-24 05:32:28.628,InnoDB,UNDO_SPACE_RSEG,3657,26,1395
1787549548.626,2026-08-24 05:32:28.628,InnoDB,UNDO_SPACE_RSEG,3724,26,1434
1787549548.626,2026-08-24 05:32:28.628,InnoDB,LOCK_SYS_PAGE,1434,26,477
1787549548.626,2026-08-24 05:32:28.628,InnoDB,UNDO_SPACE_RSEG,3719,26,1396
1787549548.626,2026-08-24 05:32:28.628,InnoDB,UNDO_SPACE_RSEG,3778,26,1497
1787549548.626,2026-08-24 05:32:28.628,InnoDB,UNDO_SPACE_RSEG,3651,26,1441
1787549548.626,2026-08-24 05:32:28.628,InnoDB,UNDO_SPACE_RSEG,3815,25,1430
1787549548.626,2026-08-24 05:32:28.628,InnoDB,UNDO_SPACE_RSEG,3554,25,1406
1787549548.626,2026-08-24 05:32:28.628,InnoDB,UNDO_SPACE_RSEG,3678,25,1397
1787549548.626,2026-08-24 05:32:28.628,InnoDB,UNDO_SPACE_RSEG,3755,25,1466
1787549548.626,2026-08-24 05:32:28.628,InnoDB,UNDO_SPACE_RSEG,3739,25,1407
1787549548.626,2026-08-24 05:32:28.628,InnoDB,UNDO_SPACE_RSEG,3800,25,1480
1787549548.626,2026-08-24 05:32:28.628,InnoDB,UNDO_SPACE_RSEG,3765,25,1470
1787549548.626,2026-08-24 05:32:28.628,InnoDB,UNDO_SPACE_RSEG,3702,25,1417
1787549548.626,2026-08-24 05:32:28.628,InnoDB,UNDO_SPACE_RSEG,3790,25,1456
1787549548.626,2026-08-24 05:32:28.628,InnoDB,UNDO_SPACE_RSEG,3758,25,1438
1787549548.626,2026-08-24 05:32:28.628,InnoDB,UNDO_SPACE_RSEG,3673,25,1383
1787549548.626,2026-08-24 05:32:28.628,InnoDB,UNDO_SPACE_RSEG,3492,25,1356
1787549548.626,2026-08-24 05:32:28.628,InnoDB,UNDO_SPACE_RSEG,3730,25,1433
1787549548.626,2026-08-24 05:32:28.628,InnoDB,UNDO_SPACE_RSEG,3741,25,1435
1787549548.626,2026-08-24 05:32:28.628,InnoDB,UNDO_SPACE_RSEG,4021,25,1518
1787549548.626,2026-08-24 05:32:28.628,InnoDB,UNDO_SPACE_RSEG,3857,25,1473
1787549548.626,2026-08-24 05:32:28.628,InnoDB,UNDO_SPACE_RSEG,3734,25,1482
1787549548.626,2026-08-24 05:32:28.628,InnoDB,UNDO_SPACE_RSEG,3741,25,1417
1787549548.626,2026-08-24 05:32:28.628,InnoDB,UNDO_SPACE_RSEG,3587,25,1436
1787549548.626,2026-08-24 05:32:28.628,InnoDB,UNDO_SPACE_RSEG,3791,24,1429
1787549548.626,2026-08-24 05:32:28.628,InnoDB,UNDO_SPACE_RSEG,3502,24,1378
1787549548.626,2026-08-24 05:32:28.628,InnoDB,LOCK_SYS_PAGE,1321,24,496
1787549548.626,2026-08-24 05:32:28.628,InnoDB,UNDO_SPACE_RSEG,3757,24,1384
1787549548.626,2026-08-24 05:32:28.628,InnoDB,UNDO_SPACE_RSEG,3695,24,1518
1787549548.626,2026-08-24 05:32:28.628,InnoDB,UNDO_SPACE_RSEG,3577,24,1354
1787549548.626,2026-08-24 05:32:28.628,InnoDB,UNDO_SPACE_RSEG,3701,24,1431
1787549548.626,2026-08-24 05:32:28.628,InnoDB,UNDO_SPACE_RSEG,3811,24,1493
1787549548.626,2026-08-24 05:32:28.628,InnoDB,UNDO_SPACE_RSEG,3668,24,1425
1787549548.626,2026-08-24 05:32:28.628,InnoDB,UNDO_SPACE_RSEG,3707,24,1447
1787549548.626,2026-08-24 05:32:28.628,InnoDB,UNDO_SPACE_RSEG,3726,24,1394
1787549548.626,2026-08-24 05:32:28.628,InnoDB,UNDO_SPACE_RSEG,3476,24,1365
1787549548.626,2026-08-24 05:32:28.628,InnoDB,UNDO_SPACE_RSEG,3550,24,1411
1787549548.626,2026-08-24 05:32:28.628,InnoDB,UNDO_SPACE_RSEG,3488,24,1379
1787549548.626,2026-08-24 05:32:28.628,InnoDB,UNDO_SPACE_RSEG,3499,24,1425
1787549548.626,2026-08-24 05:32:28.628,InnoDB,UNDO_SPACE_RSEG,3585,24,1396
1787549548.626,2026-08-24 05:32:28.628,InnoDB,UNDO_SPACE_RSEG,3680,24,1453
1787549548.626,2026-08-24 05:32:28.628,InnoDB,UNDO_SPACE_RSEG,3785,24,1451
1787549548.626,2026-08-24 05:32:28.628,InnoDB,UNDO_SPACE_RSEG,3527,24,1370
1787549548.626,2026-08-24 05:32:28.628,InnoDB,UNDO_SPACE_RSEG,3549,24,1368
1787549548.626,2026-08-24 05:32:28.628,InnoDB,UNDO_SPACE_RSEG,3736,23,1495
1787549548.626,2026-08-24 05:32:28.628,InnoDB,LOCK_SYS_PAGE,1327,23,567
1787549548.626,2026-08-24 05:32:28.628,InnoDB,LOCK_SYS_WAIT,728,23,25
1787549548.626,2026-08-24 05:32:28.628,InnoDB,LOCK_SYS_PAGE,1420,23,597
1787549548.626,2026-08-24 05:32:28.628,InnoDB,UNDO_SPACE_RSEG,3953,23,1483
1787549548.626,2026-08-24 05:32:28.628,InnoDB,UNDO_SPACE_RSEG,3439,23,1377
1787549548.626,2026-08-24 05:32:28.628,InnoDB,UNDO_SPACE_RSEG,3662,23,1446
1787549548.626,2026-08-24 05:32:28.628,InnoDB,UNDO_SPACE_RSEG,3568,23,1443
1787549548.626,2026-08-24 05:32:28.628,InnoDB,UNDO_SPACE_RSEG,3580,23,1480
1787549548.626,2026-08-24 05:32:28.628,InnoDB,LOCK_SYS_PAGE,1410,23,557
1787549548.626,2026-08-24 05:32:28.628,InnoDB,UNDO_SPACE_RSEG,3750,23,1431
1787549548.626,2026-08-24 05:32:28.628,InnoDB,UNDO_SPACE_RSEG,3682,23,1392
1787549548.626,2026-08-24 05:32:28.628,InnoDB,LOCK_SYS_PAGE,1445,23,561
1787549548.626,2026-08-24 05:32:28.628,InnoDB,UNDO_SPACE_RSEG,3739,22,1468
1787549548.626,2026-08-24 05:32:28.628,InnoDB,UNDO_SPACE_RSEG,3516,22,1425
1787549548.626,2026-08-24 05:32:28.628,InnoDB,LOCK_SYS_PAGE,1285,22,537
1787549548.626,2026-08-24 05:32:28.628,InnoDB,UNDO_SPACE_RSEG,3518,22,1429
1787549548.626,2026-08-24 05:32:28.628,InnoDB,UNDO_SPACE_RSEG,3516,22,1414
1787549548.626,2026-08-24 05:32:28.628,InnoDB,UNDO_SPACE_RSEG,3586,22,1489
1787549548.626,2026-08-24 05:32:28.628,InnoDB,LOCK_SYS_PAGE,1320,22,510
1787549548.626,2026-08-24 05:32:28.628,InnoDB,LOCK_SYS_PAGE,1331,22,530
1787549548.626,2026-08-24 05:32:28.628,InnoDB,LOCK_SYS_PAGE,1273,22,507
1787549548.626,2026-08-24 05:32:28.628,InnoDB,LOCK_SYS_PAGE,1442,22,543
1787549548.626,2026-08-24 05:32:28.628,InnoDB,UNDO_SPACE_RSEG,3631,22,1448
1787549548.626,2026-08-24 05:32:28.628,InnoDB,LOCK_SYS_PAGE,1279,22,533
1787549548.626,2026-08-24 05:32:28.628,InnoDB,LOCK_SYS_PAGE,1358,22,584
1787549548.626,2026-08-24 05:32:28.628,InnoDB,LOCK_SYS_PAGE,1186,21,478
1787549548.626,2026-08-24 05:32:28.628,InnoDB,UNDO_SPACE_RSEG,3546,21,1382
1787549548.626,2026-08-24 05:32:28.628,InnoDB,UNDO_SPACE_RSEG,3489,21,1374
1787549548.626,2026-08-24 05:32:28.628,InnoDB,UNDO_SPACE_RSEG,3649,21,1444
1787549548.626,2026-08-24 05:32:28.628,InnoDB,LOCK_SYS_PAGE,1273,21,518
1787549548.626,2026-08-24 05:32:28.628,InnoDB,LOCK_SYS_PAGE,1261,21,550
1787549548.626,2026-08-24 05:32:28.628,InnoDB,UNDO_SPACE_RSEG,3766,21,1511
1787549548.626,2026-08-24 05:32:28.628,InnoDB,LOCK_SYS_PAGE,1329,21,543
1787549548.626,2026-08-24 05:32:28.628,InnoDB,UNDO_SPACE_RSEG,3569,21,1406
1787549548.626,2026-08-24 05:32:28.628,InnoDB,LOCK_SYS_PAGE,1307,21,526
1787549548.626,2026-08-24 05:32:28.628,InnoDB,UNDO_SPACE_RSEG,3534,21,1423
1787549548.626,2026-08-24 05:32:28.628,InnoDB,LOCK_SYS_PAGE,1277,21,509
1787549548.626,2026-08-24 05:32:28.628,InnoDB,LOCK_SYS_PAGE,1369,21,460
1787549548.626,2026-08-24 05:32:28.628,InnoDB,LOCK_SYS_PAGE,1228,21,545
1787549548.626,2026-08-24 05:32:28.628,InnoDB,UNDO_SPACE_RSEG,3447,21,1398
1787549548.626,2026-08-24 05:32:28.628,InnoDB,UNDO_SPACE_RSEG,3763,21,1492
1787549548.626,2026-08-24 05:32:28.628,InnoDB,UNDO_SPACE_RSEG,3415,20,1329
1787549548.626,2026-08-24 05:32:28.628,InnoDB,LOCK_SYS_PAGE,1283,20,521
1787549548.626,2026-08-24 05:32:28.628,InnoDB,LOCK_SYS_PAGE,1371,20,553
1787549548.626,2026-08-24 05:32:28.628,InnoDB,LOCK_SYS_PAGE,1296,20,509
1787549548.626,2026-08-24 05:32:28.628,InnoDB,UNDO_SPACE_RSEG,3682,20,1443
1787549548.626,2026-08-24 05:32:28.628,InnoDB,LOCK_SYS_PAGE,1337,20,518
1787549548.626,2026-08-24 05:32:28.628,InnoDB,LOCK_SYS_PAGE,1224,20,508
1787549548.626,2026-08-24 05:32:28.628,InnoDB,LOCK_SYS_PAGE,1314,20,610
1787549548.626,2026-08-24 05:32:28.628,InnoDB,LOCK_SYS_PAGE,1351,20,539
1787549548.626,2026-08-24 05:32:28.628,InnoDB,UNDO_SPACE_RSEG,3508,20,1458
1787549548.626,2026-08-24 05:32:28.628,InnoDB,UNDO_SPACE_RSEG,3621,20,1432
1787549548.626,2026-08-24 05:32:28.628,InnoDB,LOCK_SYS_PAGE,1218,20,544
1787549548.626,2026-08-24 05:32:28.628,InnoDB,UNDO_SPACE_RSEG,3565,20,1462
1787549548.626,2026-08-24 05:32:28.628,InnoDB,LOCK_SYS_PAGE,1244,20,499
1787549548.626,2026-08-24 05:32:28.628,InnoDB,LOCK_SYS_PAGE,1269,20,551
1787549548.626,2026-08-24 05:32:28.628,InnoDB,UNDO_SPACE_RSEG,3573,20,1448
1787549548.626,2026-08-24 05:32:28.628,InnoDB,UNDO_SPACE_RSEG,3446,20,1466
1787549548.626,2026-08-24 05:32:28.628,InnoDB,LOCK_SYS_PAGE,1224,20,539
1787549548.626,2026-08-24 05:32:28.628,InnoDB,LOCK_SYS_PAGE,1304,20,542
1787549548.626,2026-08-24 05:32:28.628,InnoDB,LOCK_SYS_PAGE,1183,20,479
1787549548.626,2026-08-24 05:32:28.628,InnoDB,LOCK_SYS_PAGE,1152,19,478
1787549548.626,2026-08-24 05:32:28.628,InnoDB,LOCK_SYS_PAGE,1309,19,551
1787549548.626,2026-08-24 05:32:28.628,InnoDB,LOCK_SYS_PAGE,1164,19,494
1787549548.626,2026-08-24 05:32:28.628,InnoDB,LOCK_SYS_PAGE,1236,19,502
1787549548.626,2026-08-24 05:32:28.628,InnoDB,LOCK_SYS_PAGE,1261,19,491
1787549548.626,2026-08-24 05:32:28.628,InnoDB,LOCK_SYS_PAGE,1213,19,535
1787549548.626,2026-08-24 05:32:28.628,InnoDB,UNDO_SPACE_RSEG,3372,19,1410
1787549548.626,2026-08-24 05:32:28.628,InnoDB,LOCK_SYS_PAGE,1216,19,527
1787549548.626,2026-08-24 05:32:28.628,InnoDB,LOCK_SYS_PAGE,1305,19,499
1787549548.626,2026-08-24 05:32:28.628,InnoDB,UNDO_SPACE_RSEG,3566,19,1475
1787549548.626,2026-08-24 05:32:28.628,InnoDB,LOCK_SYS_PAGE,1248,19,525
1787549548.626,2026-08-24 05:32:28.628,InnoDB,LOCK_SYS_PAGE,1305,19,527
1787549548.626,2026-08-24 05:32:28.628,InnoDB,LOCK_SYS_PAGE,1141,19,441
1787549548.626,2026-08-24 05:32:28.628,InnoDB,UNDO_SPACE_RSEG,3337,19,1371
1787549548.626,2026-08-24 05:32:28.628,InnoDB,TRX_POOL,632,19,46
1787549548.626,2026-08-24 05:32:28.628,InnoDB,LOCK_SYS_PAGE,1147,19,514
1787549548.626,2026-08-24 05:32:28.628,InnoDB,UNDO_SPACE_RSEG,3304,19,1409
1787549548.626,2026-08-24 05:32:28.628,InnoDB,UNDO_SPACE_RSEG,3384,19,1436
1787549548.626,2026-08-24 05:32:28.628,InnoDB,LOCK_SYS_PAGE,1484,19,570
1787549548.626,2026-08-24 05:32:28.628,InnoDB,UNDO_SPACE_RSEG,3595,19,1484
1787549548.626,2026-08-24 05:32:28.628,InnoDB,LOCK_SYS_PAGE,1268,19,508
1787549548.626,2026-08-24 05:32:28.628,InnoDB,LOCK_SYS_PAGE,1192,19,488
1787549548.626,2026-08-24 05:32:28.628,InnoDB,LOCK_SYS_PAGE,1321,19,509
1787549548.626,2026-08-24 05:32:28.628,InnoDB,UNDO_SPACE_RSEG,3503,19,1448
1787549548.626,2026-08-24 05:32:28.628,InnoDB,LOCK_SYS_PAGE,1148,19,468
1787549548.626,2026-08-24 05:32:28.628,InnoDB,LOCK_SYS_PAGE,1204,19,532
1787549548.626,2026-08-24 05:32:28.628,InnoDB,LOCK_SYS_PAGE,1161,19,476
1787549548.626,2026-08-24 05:32:28.628,InnoDB,LOCK_SYS_PAGE,1139,19,469
1787549548.626,2026-08-24 05:32:28.628,InnoDB,LOCK_SYS_PAGE,1192,19,504
1787549548.626,2026-08-24 05:32:28.628,InnoDB,LOCK_SYS_PAGE,1202,19,467
1787549548.626,2026-08-24 05:32:28.628,InnoDB,LOCK_SYS_PAGE,1192,18,514
1787549548.626,2026-08-24 05:32:28.628,InnoDB,LOCK_SYS_PAGE,1222,18,534
1787549548.626,2026-08-24 05:32:28.628,InnoDB,LOCK_SYS_PAGE,1159,18,528
1787549548.626,2026-08-24 05:32:28.628,InnoDB,LOCK_SYS_PAGE,1148,18,440
1787549548.626,2026-08-24 05:32:28.628,InnoDB,LOCK_SYS_PAGE,1224,18,517
1787549548.626,2026-08-24 05:32:28.628,InnoDB,LOCK_SYS_PAGE,1087,18,462
1787549548.626,2026-08-24 05:32:28.628,InnoDB,LOCK_SYS_PAGE,1084,18,500
1787549548.626,2026-08-24 05:32:28.628,InnoDB,LOCK_SYS_PAGE,1155,18,508
1787549548.626,2026-08-24 05:32:28.628,InnoDB,LOCK_SYS_PAGE,1154,18,487
1787549548.626,2026-08-24 05:32:28.628,InnoDB,LOCK_SYS_PAGE,1139,18,495
1787549548.626,2026-08-24 05:32:28.628,InnoDB,LOCK_SYS_PAGE,1252,18,527
1787549548.626,2026-08-24 05:32:28.628,InnoDB,LOCK_SYS_PAGE,1235,18,536
1787549548.626,2026-08-24 05:32:28.628,InnoDB,LOCK_SYS_PAGE,1268,18,562
1787549548.626,2026-08-24 05:32:28.628,InnoDB,LOCK_SYS_PAGE,1160,18,487
1787549548.626,2026-08-24 05:32:28.628,InnoDB,LOCK_SYS_PAGE,1126,18,525
1787549548.626,2026-08-24 05:32:28.628,InnoDB,LOCK_SYS_PAGE,1190,18,485
1787549548.626,2026-08-24 05:32:28.628,InnoDB,LOCK_SYS_PAGE,1184,18,542
1787549548.626,2026-08-24 05:32:28.628,InnoDB,LOCK_SYS_PAGE,1254,18,572
1787549548.626,2026-08-24 05:32:28.628,InnoDB,LOCK_SYS_PAGE,1116,18,525
1787549548.626,2026-08-24 05:32:28.628,InnoDB,LOCK_SYS_PAGE,1079,18,510
1787549548.626,2026-08-24 05:32:28.628,InnoDB,LOCK_SYS_PAGE,1071,18,470
1787549548.626,2026-08-24 05:32:28.628,InnoDB,LOCK_SYS_PAGE,1130,18,492
1787549548.626,2026-08-24 05:32:28.628,InnoDB,LOCK_SYS_PAGE,1193,18,514
1787549548.626,2026-08-24 05:32:28.628,InnoDB,LOCK_SYS_PAGE,1209,18,522
1787549548.626,2026-08-24 05:32:28.628,InnoDB,LOCK_SYS_PAGE,1237,18,486
1787549548.626,2026-08-24 05:32:28.628,InnoDB,LOCK_SYS_PAGE,1112,18,500
1787549548.626,2026-08-24 05:32:28.628,InnoDB,LOCK_SYS_PAGE,1189,18,551
1787549548.626,2026-08-24 05:32:28.628,InnoDB,UNDO_SPACE_RSEG,3455,18,1422
1787549548.626,2026-08-24 05:32:28.628,InnoDB,UNDO_SPACE_RSEG,3358,18,1404
1787549548.626,2026-08-24 05:32:28.628,InnoDB,LOCK_SYS_PAGE,1183,18,545
1787549548.626,2026-08-24 05:32:28.628,InnoDB,UNDO_SPACE_RSEG,3464,18,1453
1787549548.626,2026-08-24 05:32:28.628,InnoDB,LOCK_SYS_PAGE,1181,18,521
1787549548.626,2026-08-24 05:32:28.628,InnoDB,UNDO_SPACE_RSEG,3343,18,1368
1787549548.626,2026-08-24 05:32:28.628,InnoDB,LOCK_SYS_PAGE,1154,18,516
1787549548.626,2026-08-24 05:32:28.628,InnoDB,LOCK_SYS_PAGE,1308,18,580
1787549548.626,2026-08-24 05:32:28.628,InnoDB,UNDO_SPACE_RSEG,3456,18,1419
1787549548.626,2026-08-24 05:32:28.628,InnoDB,LOCK_SYS_PAGE,1222,18,537
1787549548.626,2026-08-24 05:32:28.628,InnoDB,LOCK_SYS_PAGE,1081,17,516
1787549548.626,2026-08-24 05:32:28.628,InnoDB,LOCK_SYS_PAGE,1248,17,569
1787549548.626,2026-08-24 05:32:28.628,InnoDB,LOCK_SYS_PAGE,1198,17,529
1787549548.626,2026-08-24 05:32:28.628,InnoDB,LOCK_SYS_PAGE,1164,17,558
1787549548.626,2026-08-24 05:32:28.628,InnoDB,LOCK_SYS_PAGE,1225,17,554
1787549548.626,2026-08-24 05:32:28.628,InnoDB,LOCK_SYS_PAGE,1205,17,525
1787549548.626,2026-08-24 05:32:28.628,InnoDB,LOCK_SYS_PAGE,1153,17,511
1787549548.626,2026-08-24 05:32:28.628,InnoDB,LOCK_SYS_PAGE,1176,17,477
1787549548.626,2026-08-24 05:32:28.628,InnoDB,LOCK_SYS_PAGE,1141,17,521
1787549548.626,2026-08-24 05:32:28.628,InnoDB,UNDO_SPACE_RSEG,3548,17,1483
1787549548.626,2026-08-24 05:32:28.628,InnoDB,LOCK_SYS_PAGE,1125,17,546
1787549548.626,2026-08-24 05:32:28.628,InnoDB,LOCK_SYS_PAGE,1121,17,512
1787549548.626,2026-08-24 05:32:28.628,InnoDB,LOCK_SYS_PAGE,1215,17,519
1787549548.626,2026-08-24 05:32:28.628,InnoDB,LOCK_SYS_PAGE,1281,17,505
1787549548.626,2026-08-24 05:32:28.628,InnoDB,LOCK_SYS_PAGE,1121,17,512
1787549548.626,2026-08-24 05:32:28.628,InnoDB,LOCK_SYS_PAGE,1195,17,563
1787549548.626,2026-08-24 05:32:28.628,InnoDB,LOCK_SYS_PAGE,1215,17,529
1787549548.626,2026-08-24 05:32:28.628,InnoDB,UNDO_SPACE_RSEG,3496,17,1424
1787549548.626,2026-08-24 05:32:28.628,InnoDB,LOCK_SYS_PAGE,1141,17,492
1787549548.626,2026-08-24 05:32:28.628,InnoDB,LOCK_SYS_PAGE,1151,17,534
1787549548.626,2026-08-24 05:32:28.628,InnoDB,LOCK_SYS_PAGE,1139,17,555
1787549548.626,2026-08-24 05:32:28.628,InnoDB,LOCK_SYS_PAGE,1107,17,508
1787549548.626,2026-08-24 05:32:28.628,InnoDB,UNDO_SPACE_RSEG,3522,17,1422
1787549548.626,2026-08-24 05:32:28.628,InnoDB,LOCK_SYS_PAGE,1228,16,557
1787549548.626,2026-08-24 05:32:28.628,InnoDB,LOCK_SYS_PAGE,1183,16,543
1787549548.626,2026-08-24 05:32:28.628,InnoDB,LOCK_SYS_PAGE,1120,16,516
1787549548.626,2026-08-24 05:32:28.628,InnoDB,LOCK_SYS_PAGE,1179,16,533
1787549548.626,2026-08-24 05:32:28.628,InnoDB,LOCK_SYS_PAGE,1146,16,548
1787549548.626,2026-08-24 05:32:28.628,InnoDB,LOCK_SYS_PAGE,1045,16,495
1787549548.626,2026-08-24 05:32:28.628,InnoDB,LOCK_SYS_PAGE,1217,16,563
1787549548.626,2026-08-24 05:32:28.628,InnoDB,LOCK_SYS_PAGE,1145,16,506
1787549548.626,2026-08-24 05:32:28.628,InnoDB,UNDO_SPACE_RSEG,3400,16,1452
1787549548.626,2026-08-24 05:32:28.628,InnoDB,LOCK_SYS_PAGE,1138,16,487
1787549548.626,2026-08-24 05:32:28.628,InnoDB,UNDO_SPACE_RSEG,3273,16,1388
1787549548.626,2026-08-24 05:32:28.628,InnoDB,LOCK_SYS_PAGE,1010,16,504
1787549548.626,2026-08-24 05:32:28.628,InnoDB,LOCK_SYS_PAGE,1065,16,471
1787549548.626,2026-08-24 05:32:28.628,InnoDB,LOCK_SYS_PAGE,1138,16,509
1787549548.626,2026-08-24 05:32:28.628,InnoDB,LOCK_SYS_PAGE,1086,16,463
1787549548.626,2026-08-24 05:32:28.628,InnoDB,LOCK_SYS_PAGE,1039,16,437
1787549548.626,2026-08-24 05:32:28.628,InnoDB,LOCK_SYS_PAGE,1166,16,556
1787549548.626,2026-08-24 05:32:28.628,InnoDB,LOCK_SYS_PAGE,1078,16,507
1787549548.626,2026-08-24 05:32:28.628,InnoDB,LOCK_SYS_PAGE,1062,16,508
1787549548.626,2026-08-24 05:32:28.628,InnoDB,LOCK_SYS_PAGE,1077,16,523
1787549548.626,2026-08-24 05:32:28.628,InnoDB,LOCK_SYS_PAGE,1080,16,516
1787549548.626,2026-08-24 05:32:28.628,InnoDB,LOCK_SYS_PAGE,1254,16,625
1787549548.626,2026-08-24 05:32:28.628,InnoDB,LOCK_SYS_PAGE,1124,16,491
1787549548.626,2026-08-24 05:32:28.628,InnoDB,LOCK_SYS_PAGE,1174,16,531
1787549548.626,2026-08-24 05:32:28.628,InnoDB,LOCK_SYS_PAGE,1107,16,488
1787549548.626,2026-08-24 05:32:28.628,InnoDB,LOCK_SYS_PAGE,1129,16,480
1787549548.626,2026-08-24 05:32:28.628,InnoDB,LOCK_SYS_PAGE,1113,16,517
1787549548.626,2026-08-24 05:32:28.628,InnoDB,LOCK_SYS_PAGE,1140,16,516
1787549548.626,2026-08-24 05:32:28.628,InnoDB,LOCK_SYS_PAGE,1121,16,514
1787549548.626,2026-08-24 05:32:28.628,InnoDB,LOCK_SYS_PAGE,1096,16,533
1787549548.626,2026-08-24 05:32:28.628,InnoDB,LOCK_SYS_PAGE,1045,16,507
1787549548.626,2026-08-24 05:32:28.628,InnoDB,LOCK_SYS_PAGE,1187,16,562
1787549548.626,2026-08-24 05:32:28.628,InnoDB,LOCK_SYS_PAGE,1170,16,521
1787549548.626,2026-08-24 05:32:28.628,InnoDB,LOCK_SYS_PAGE,1126,16,531
1787549548.626,2026-08-24 05:32:28.628,InnoDB,LOCK_SYS_PAGE,1212,16,512
1787549548.626,2026-08-24 05:32:28.628,InnoDB,LOCK_SYS_PAGE,1145,16,494
1787549548.626,2026-08-24 05:32:28.628,InnoDB,LOCK_SYS_PAGE,1066,16,513
1787549548.626,2026-08-24 05:32:28.628,InnoDB,LOCK_SYS_PAGE,1068,16,508
1787549548.626,2026-08-24 05:32:28.628,InnoDB,LOCK_SYS_PAGE,1188,16,506
1787549548.626,2026-08-24 05:32:28.628,InnoDB,LOCK_SYS_PAGE,1064,16,487
1787549548.626,2026-08-24 05:32:28.628,InnoDB,LOCK_SYS_PAGE,1105,16,492
1787549548.626,2026-08-24 05:32:28.628,InnoDB,LOCK_SYS_PAGE,1182,16,499
1787549548.626,2026-08-24 05:32:28.628,InnoDB,LOCK_SYS_PAGE,1267,16,547
1787549548.626,2026-08-24 05:32:28.628,InnoDB,LOCK_SYS_PAGE,1154,16,485
1787549548.626,2026-08-24 05:32:28.628,InnoDB,LOCK_SYS_PAGE,1032,15,474
1787549548.626,2026-08-24 05:32:28.628,InnoDB,LOCK_SYS_PAGE,1118,15,540
1787549548.626,2026-08-24 05:32:28.628,InnoDB,LOCK_SYS_PAGE,1098,15,502
1787549548.626,2026-08-24 05:32:28.628,InnoDB,LOCK_SYS_PAGE,1137,15,539
1787549548.626,2026-08-24 05:32:28.628,InnoDB,LOCK_SYS_PAGE,1136,15,546
1787549548.626,2026-08-24 05:32:28.628,InnoDB,LOCK_SYS_PAGE,1166,15,544
1787549548.626,2026-08-24 05:32:28.628,InnoDB,LOCK_SYS_PAGE,1078,15,551
1787549548.626,2026-08-24 05:32:28.628,InnoDB,LOCK_SYS_PAGE,1079,15,497
1787549548.626,2026-08-24 05:32:28.628,InnoDB,LOCK_SYS_PAGE,1158,15,557
1787549548.626,2026-08-24 05:32:28.628,InnoDB,LOCK_SYS_PAGE,1089,15,473
1787549548.626,2026-08-24 05:32:28.628,InnoDB,LOCK_SYS_PAGE,971,15,457
1787549548.626,2026-08-24 05:32:28.628,InnoDB,LOCK_SYS_PAGE,1108,15,541
1787549548.626,2026-08-24 05:32:28.628,InnoDB,LOCK_SYS_PAGE,1042,15,474
1787549548.626,2026-08-24 05:32:28.628,InnoDB,LOCK_SYS_PAGE,1200,15,533
1787549548.626,2026-08-24 05:32:28.628,InnoDB,UNDO_SPACE_RSEG,3368,15,1434
1787549548.626,2026-08-24 05:32:28.628,InnoDB,UNDO_SPACE_RSEG,3215,15,1432
1787549548.626,2026-08-24 05:32:28.628,InnoDB,LOCK_SYS_PAGE,1067,15,530
1787549548.626,2026-08-24 05:32:28.628,InnoDB,LOCK_SYS_PAGE,1045,15,504
1787549548.626,2026-08-24 05:32:28.628,InnoDB,LOCK_SYS_PAGE,1032,15,488
1787549548.626,2026-08-24 05:32:28.628,InnoDB,LOCK_SYS_PAGE,1019,15,451
1787549548.626,2026-08-24 05:32:28.628,InnoDB,LOCK_SYS_PAGE,1080,15,506
1787549548.626,2026-08-24 05:32:28.628,InnoDB,LOCK_SYS_PAGE,1074,15,511
1787549548.626,2026-08-24 05:32:28.628,InnoDB,LOCK_SYS_PAGE,1150,15,582
1787549548.626,2026-08-24 05:32:28.628,InnoDB,LOCK_SYS_PAGE,1045,15,515
1787549548.626,2026-08-24 05:32:28.628,InnoDB,LOCK_SYS_PAGE,1128,15,516
1787549548.626,2026-08-24 05:32:28.628,InnoDB,LOCK_SYS_PAGE,1083,15,506
1787549548.626,2026-08-24 05:32:28.628,InnoDB,LOCK_SYS_PAGE,1100,15,524
1787549548.626,2026-08-24 05:32:28.628,InnoDB,LOCK_SYS_PAGE,1072,15,508
1787549548.626,2026-08-24 05:32:28.628,InnoDB,LOCK_SYS_PAGE,1120,15,570
1787549548.626,2026-08-24 05:32:28.628,InnoDB,UNDO_SPACE_RSEG,3254,15,1412
1787549548.626,2026-08-24 05:32:28.628,InnoDB,LOCK_SYS_PAGE,1018,15,504
1787549548.626,2026-08-24 05:32:28.628,InnoDB,LOCK_SYS_PAGE,1149,15,575
1787549548.626,2026-08-24 05:32:28.628,InnoDB,LOCK_SYS_PAGE,1043,15,528
1787549548.626,2026-08-24 05:32:28.628,InnoDB,LOCK_SYS_PAGE,1120,15,555
1787549548.626,2026-08-24 05:32:28.628,InnoDB,LOCK_SYS_PAGE,1055,15,478
1787549548.626,2026-08-24 05:32:28.628,InnoDB,LOCK_SYS_PAGE,1036,15,486
1787549548.626,2026-08-24 05:32:28.628,InnoDB,LOCK_SYS_PAGE,1113,15,539
1787549548.626,2026-08-24 05:32:28.628,InnoDB,LOCK_SYS_PAGE,1072,15,511
1787549548.626,2026-08-24 05:32:28.628,InnoDB,LOCK_SYS_PAGE,1173,15,515
1787549548.626,2026-08-24 05:32:28.628,InnoDB,LOCK_SYS_PAGE,1042,15,482
1787549548.626,2026-08-24 05:32:28.628,InnoDB,LOCK_SYS_PAGE,1093,15,521
1787549548.626,2026-08-24 05:32:28.628,InnoDB,LOCK_SYS_PAGE,1024,15,527
1787549548.626,2026-08-24 05:32:28.628,InnoDB,LOCK_SYS_PAGE,1008,14,466
1787549548.626,2026-08-24 05:32:28.628,InnoDB,LOCK_SYS_PAGE,939,14,462
1787549548.626,2026-08-24 05:32:28.628,InnoDB,UNDO_SPACE_RSEG,3475,14,1470
1787549548.626,2026-08-24 05:32:28.628,InnoDB,LOCK_SYS_PAGE,1047,14,551
1787549548.626,2026-08-24 05:32:28.628,InnoDB,LOCK_SYS_PAGE,1007,14,478
1787549548.626,2026-08-24 05:32:28.628,InnoDB,LOCK_SYS_PAGE,1057,14,528
1787549548.626,2026-08-24 05:32:28.628,InnoDB,LOCK_SYS_PAGE,1082,14,546
1787549548.626,2026-08-24 05:32:28.628,InnoDB,LOCK_SYS_PAGE,1054,14,534
1787549548.626,2026-08-24 05:32:28.628,InnoDB,LOCK_SYS_PAGE,1054,14,516
1787549548.626,2026-08-24 05:32:28.628,InnoDB,LOCK_SYS_PAGE,1025,14,522
1787549548.626,2026-08-24 05:32:28.628,InnoDB,LOCK_SYS_PAGE,1042,14,497
1787549548.626,2026-08-24 05:32:28.628,InnoDB,LOCK_SYS_PAGE,959,14,481
1787549548.626,2026-08-24 05:32:28.628,InnoDB,LOCK_SYS_PAGE,1061,14,531
1787549548.626,2026-08-24 05:32:28.628,InnoDB,LOCK_SYS_PAGE,1077,14,527
1787549548.626,2026-08-24 05:32:28.628,InnoDB,LOCK_SYS_PAGE,1046,14,520
1787549548.626,2026-08-24 05:32:28.628,InnoDB,LOCK_SYS_PAGE,1014,14,520
1787549548.626,2026-08-24 05:32:28.628,InnoDB,LOCK_SYS_PAGE,1104,14,532
1787549548.626,2026-08-24 05:32:28.628,InnoDB,LOCK_SYS_PAGE,1124,14,534
1787549548.626,2026-08-24 05:32:28.628,InnoDB,LOCK_SYS_PAGE,1022,14,474
1787549548.626,2026-08-24 05:32:28.628,InnoDB,LOCK_SYS_PAGE,1104,14,482
1787549548.626,2026-08-24 05:32:28.628,InnoDB,LOCK_SYS_PAGE,1106,14,555
1787549548.626,2026-08-24 05:32:28.628,InnoDB,LOCK_SYS_PAGE,1028,14,498
1787549548.626,2026-08-24 05:32:28.628,InnoDB,LOCK_SYS_PAGE,1033,14,528
1787549548.626,2026-08-24 05:32:28.628,InnoDB,LOCK_SYS_PAGE,1109,14,546
1787549548.626,2026-08-24 05:32:28.628,InnoDB,UNDO_SPACE_RSEG,3265,14,1411
1787549548.626,2026-08-24 05:32:28.628,InnoDB,LOCK_SYS_PAGE,1019,14,474
1787549548.626,2026-08-24 05:32:28.628,InnoDB,LOCK_SYS_PAGE,1068,14,532
1787549548.626,2026-08-24 05:32:28.628,InnoDB,LOCK_SYS_PAGE,1029,14,499
1787549548.626,2026-08-24 05:32:28.628,InnoDB,LOCK_SYS_PAGE,1019,14,497
1787549548.626,2026-08-24 05:32:28.628,InnoDB,LOCK_SYS_PAGE,1076,14,521
1787549548.626,2026-08-24 05:32:28.628,InnoDB,LOCK_SYS_PAGE,1068,14,560
1787549548.626,2026-08-24 05:32:28.628,InnoDB,LOCK_SYS_PAGE,963,14,488
1787549548.626,2026-08-24 05:32:28.628,InnoDB,LOCK_SYS_PAGE,1033,14,512
1787549548.626,2026-08-24 05:32:28.628,InnoDB,LOCK_SYS_PAGE,1032,14,509
1787549548.626,2026-08-24 05:32:28.628,InnoDB,LOCK_SYS_PAGE,1033,14,498
1787549548.626,2026-08-24 05:32:28.628,InnoDB,LOCK_SYS_PAGE,1024,14,515
1787549548.626,2026-08-24 05:32:28.628,InnoDB,LOCK_SYS_PAGE,1152,14,523
1787549548.626,2026-08-24 05:32:28.628,InnoDB,LOCK_SYS_PAGE,1046,14,485
1787549548.626,2026-08-24 05:32:28.628,InnoDB,LOCK_SYS_PAGE,1028,14,466
1787549548.626,2026-08-24 05:32:28.628,InnoDB,LOCK_SYS_PAGE,1005,14,456
1787549548.626,2026-08-24 05:32:28.628,InnoDB,LOCK_SYS_PAGE,1062,14,541
1787549548.626,2026-08-24 05:32:28.628,InnoDB,LOCK_SYS_PAGE,1034,14,510
1787549548.626,2026-08-24 05:32:28.628,InnoDB,LOCK_SYS_PAGE,1096,14,556
1787549548.626,2026-08-24 05:32:28.628,InnoDB,LOCK_SYS_PAGE,965,14,442
1787549548.626,2026-08-24 05:32:28.628,InnoDB,LOCK_SYS_PAGE,1050,14,525
1787549548.626,2026-08-24 05:32:28.628,InnoDB,LOCK_SYS_PAGE,1066,14,518
1787549548.626,2026-08-24 05:32:28.628,InnoDB,LOCK_SYS_PAGE,1043,14,509
1787549548.626,2026-08-24 05:32:28.628,InnoDB,LOCK_SYS_PAGE,1072,14,555
1787549548.626,2026-08-24 05:32:28.628,InnoDB,LOCK_SYS_PAGE,1013,13,500
1787549548.626,2026-08-24 05:32:28.628,InnoDB,LOCK_SYS_PAGE,1059,13,440
1787549548.626,2026-08-24 05:32:28.628,InnoDB,LOCK_SYS_PAGE,1031,13,522
1787549548.626,2026-08-24 05:32:28.628,InnoDB,LOCK_SYS_PAGE,1036,13,522
1787549548.626,2026-08-24 05:32:28.628,InnoDB,LOCK_SYS_PAGE,1052,13,528
1787549548.626,2026-08-24 05:32:28.628,InnoDB,LOCK_SYS_PAGE,1014,13,497
1787549548.626,2026-08-24 05:32:28.628,InnoDB,LOCK_SYS_PAGE,1073,13,528
1787549548.626,2026-08-24 05:32:28.628,InnoDB,LOCK_SYS_PAGE,986,13,496
1787549548.626,2026-08-24 05:32:28.628,InnoDB,LOCK_SYS_PAGE,1062,13,497
1787549548.626,2026-08-24 05:32:28.628,InnoDB,LOCK_SYS_PAGE,1001,13,488
1787549548.626,2026-08-24 05:32:28.628,InnoDB,LOCK_SYS_PAGE,987,13,508
1787549548.626,2026-08-24 05:32:28.628,InnoDB,LOCK_SYS_PAGE,1130,13,578
1787549548.626,2026-08-24 05:32:28.628,InnoDB,LOCK_SYS_PAGE,1134,13,525
1787549548.626,2026-08-24 05:32:28.628,InnoDB,LOCK_SYS_PAGE,1002,13,511
1787549548.626,2026-08-24 05:32:28.628,InnoDB,UNDO_SPACE_RSEG,3378,13,1470
1787549548.626,2026-08-24 05:32:28.628,InnoDB,LOCK_SYS_PAGE,980,13,507
1787549548.626,2026-08-24 05:32:28.628,InnoDB,LOCK_SYS_PAGE,955,13,480
1787549548.626,2026-08-24 05:32:28.628,InnoDB,LOCK_SYS_PAGE,1086,13,539
1787549548.626,2026-08-24 05:32:28.628,InnoDB,LOCK_SYS_PAGE,949,13,463
1787549548.626,2026-08-24 05:32:28.628,InnoDB,LOCK_SYS_PAGE,989,13,563
1787549548.626,2026-08-24 05:32:28.628,InnoDB,LOCK_SYS_PAGE,1069,13,520
1787549548.626,2026-08-24 05:32:28.628,InnoDB,LOCK_SYS_PAGE,924,13,477
1787549548.626,2026-08-24 05:32:28.628,InnoDB,LOCK_SYS_PAGE,1037,13,495
1787549548.626,2026-08-24 05:32:28.628,InnoDB,LOCK_SYS_PAGE,1105,13,504
1787549548.626,2026-08-24 05:32:28.628,InnoDB,LOCK_SYS_PAGE,970,13,526
1787549548.626,2026-08-24 05:32:28.628,InnoDB,LOCK_SYS_PAGE,999,13,515
1787549548.626,2026-08-24 05:32:28.628,InnoDB,LOCK_SYS_PAGE,1194,13,545
1787549548.626,2026-08-24 05:32:28.628,InnoDB,LOCK_SYS_PAGE,1064,13,539
1787549548.626,2026-08-24 05:32:28.628,InnoDB,LOCK_SYS_PAGE,1071,13,489
1787549548.626,2026-08-24 05:32:28.628,InnoDB,LOCK_SYS_PAGE,1016,13,529
1787549548.626,2026-08-24 05:32:28.628,InnoDB,LOCK_SYS_PAGE,958,13,527
1787549548.626,2026-08-24 05:32:28.628,InnoDB,LOCK_SYS_PAGE,1060,13,517
1787549548.626,2026-08-24 05:32:28.628,InnoDB,LOCK_SYS_PAGE,1047,13,508
1787549548.626,2026-08-24 05:32:28.628,InnoDB,LOCK_SYS_PAGE,941,13,446
1787549548.626,2026-08-24 05:32:28.628,InnoDB,LOCK_SYS_PAGE,1046,13,502
1787549548.626,2026-08-24 05:32:28.628,InnoDB,LOCK_SYS_PAGE,1022,13,506
1787549548.626,2026-08-24 05:32:28.628,InnoDB,LOCK_SYS_PAGE,1010,13,548
1787549548.626,2026-08-24 05:32:28.628,InnoDB,LOCK_SYS_PAGE,976,13,498
1787549548.626,2026-08-24 05:32:28.628,InnoDB,LOCK_SYS_PAGE,1140,13,540
1787549548.626,2026-08-24 05:32:28.628,InnoDB,LOCK_SYS_PAGE,981,13,489
1787549548.626,2026-08-24 05:32:28.628,InnoDB,LOCK_SYS_PAGE,1027,13,513
1787549548.626,2026-08-24 05:32:28.628,InnoDB,LOCK_SYS_PAGE,973,13,519
1787549548.626,2026-08-24 05:32:28.628,InnoDB,LOCK_SYS_PAGE,993,13,506
1787549548.626,2026-08-24 05:32:28.628,InnoDB,LOCK_SYS_PAGE,997,13,528
1787549548.626,2026-08-24 05:32:28.628,InnoDB,LOCK_SYS_PAGE,1145,13,538
1787549548.626,2026-08-24 05:32:28.628,InnoDB,LOCK_SYS_PAGE,976,13,488
1787549548.626,2026-08-24 05:32:28.628,InnoDB,LOCK_SYS_PAGE,1069,13,530
1787549548.626,2026-08-24 05:32:28.628,InnoDB,LOCK_SYS_PAGE,1181,13,575
1787549548.626,2026-08-24 05:32:28.628,InnoDB,LOCK_SYS_PAGE,1020,12,516
1787549548.626,2026-08-24 05:32:28.628,InnoDB,LOCK_SYS_PAGE,1082,12,506
1787549548.626,2026-08-24 05:32:28.628,InnoDB,LOCK_SYS_PAGE,1091,12,584
1787549548.626,2026-08-24 05:32:28.628,InnoDB,LOCK_SYS_PAGE,977,12,508
1787549548.626,2026-08-24 05:32:28.628,InnoDB,LOCK_SYS_PAGE,1010,12,511
1787549548.626,2026-08-24 05:32:28.628,InnoDB,LOCK_SYS_PAGE,1034,12,567
1787549548.626,2026-08-24 05:32:28.628,InnoDB,LOCK_SYS_PAGE,1013,12,552
1787549548.626,2026-08-24 05:32:28.628,InnoDB,LOCK_SYS_PAGE,1037,12,496
1787549548.626,2026-08-24 05:32:28.628,InnoDB,LOCK_SYS_PAGE,1002,12,498
1787549548.626,2026-08-24 05:32:28.628,InnoDB,LOCK_SYS_PAGE,1022,12,558
1787549548.626,2026-08-24 05:32:28.628,InnoDB,LOCK_SYS_PAGE,1033,12,516
1787549548.626,2026-08-24 05:32:28.628,InnoDB,LOCK_SYS_PAGE,1030,12,532
1787549548.626,2026-08-24 05:32:28.628,InnoDB,LOCK_SYS_PAGE,1119,12,522
1787549548.626,2026-08-24 05:32:28.628,InnoDB,LOCK_SYS_PAGE,1089,12,536
1787549548.626,2026-08-24 05:32:28.628,InnoDB,LOCK_SYS_PAGE,1064,12,517
1787549548.626,2026-08-24 05:32:28.628,InnoDB,LOCK_SYS_PAGE,1060,12,590
1787549548.626,2026-08-24 05:32:28.628,InnoDB,LOCK_SYS_PAGE,983,12,509
1787549548.626,2026-08-24 05:32:28.628,InnoDB,LOCK_SYS_PAGE,990,12,506
1787549548.626,2026-08-24 05:32:28.628,InnoDB,LOCK_SYS_PAGE,1137,12,552
1787549548.626,2026-08-24 05:32:28.628,InnoDB,LOCK_SYS_PAGE,1000,12,511
1787549548.626,2026-08-24 05:32:28.628,InnoDB,LOCK_SYS_PAGE,932,12,524
1787549548.626,2026-08-24 05:32:28.628,InnoDB,LOCK_SYS_PAGE,1038,12,536
1787549548.626,2026-08-24 05:32:28.628,InnoDB,LOCK_SYS_PAGE,1034,12,483
1787549548.626,2026-08-24 05:32:28.628,InnoDB,LOCK_SYS_PAGE,993,12,535
1787549548.626,2026-08-24 05:32:28.628,InnoDB,LOCK_SYS_PAGE,1061,12,501
1787549548.626,2026-08-24 05:32:28.628,InnoDB,LOCK_SYS_PAGE,931,12,479
1787549548.626,2026-08-24 05:32:28.628,InnoDB,LOCK_SYS_PAGE,953,12,518
1787549548.626,2026-08-24 05:32:28.628,InnoDB,LOCK_SYS_PAGE,928,12,461
1787549548.626,2026-08-24 05:32:28.628,InnoDB,LOCK_SYS_PAGE,1029,12,522
1787549548.626,2026-08-24 05:32:28.628,InnoDB,LOCK_SYS_PAGE,1055,12,515
1787549548.626,2026-08-24 05:32:28.628,InnoDB,LOCK_SYS_PAGE,1134,12,570
1787549548.626,2026-08-24 05:32:28.628,InnoDB,LOCK_SYS_PAGE,965,12,533
1787549548.626,2026-08-24 05:32:28.628,InnoDB,LOCK_SYS_PAGE,956,12,500
1787549548.626,2026-08-24 05:32:28.628,InnoDB,LOCK_SYS_PAGE,1013,12,497
1787549548.626,2026-08-24 05:32:28.628,InnoDB,LOCK_SYS_PAGE,908,12,443
1787549548.626,2026-08-24 05:32:28.628,InnoDB,LOCK_SYS_PAGE,930,12,479
1787549548.626,2026-08-24 05:32:28.628,InnoDB,LOCK_SYS_PAGE,1050,12,562
1787549548.626,2026-08-24 05:32:28.628,InnoDB,LOCK_SYS_PAGE,1014,11,496
1787549548.626,2026-08-24 05:32:28.628,InnoDB,LOCK_SYS_PAGE,1032,11,540
1787549548.626,2026-08-24 05:32:28.628,InnoDB,LOCK_SYS_PAGE,978,11,538
1787549548.626,2026-08-24 05:32:28.628,InnoDB,LOCK_SYS_PAGE,955,11,508
1787549548.626,2026-08-24 05:32:28.628,InnoDB,LOCK_SYS_PAGE,1052,11,602
1787549548.626,2026-08-24 05:32:28.628,InnoDB,LOCK_SYS_PAGE,946,11,526
1787549548.626,2026-08-24 05:32:28.628,InnoDB,LOCK_SYS_PAGE,939,11,521
1787549548.626,2026-08-24 05:32:28.628,InnoDB,LOCK_SYS_PAGE,873,11,485
1787549548.626,2026-08-24 05:32:28.628,InnoDB,LOCK_SYS_PAGE,917,11,463
1787549548.626,2026-08-24 05:32:28.628,InnoDB,LOCK_SYS_PAGE,1042,11,564
1787549548.626,2026-08-24 05:32:28.628,InnoDB,LOCK_SYS_PAGE,976,11,498
1787549548.626,2026-08-24 05:32:28.628,InnoDB,LOCK_SYS_PAGE,894,11,504
1787549548.626,2026-08-24 05:32:28.628,InnoDB,LOCK_SYS_PAGE,951,11,516
1787549548.626,2026-08-24 05:32:28.628,InnoDB,LOCK_SYS_PAGE,932,11,505
1787549548.626,2026-08-24 05:32:28.628,InnoDB,LOCK_SYS_PAGE,871,11,479
1787549548.626,2026-08-24 05:32:28.628,InnoDB,LOCK_SYS_PAGE,947,11,513
1787549548.626,2026-08-24 05:32:28.628,InnoDB,LOCK_SYS_PAGE,1010,11,517
1787549548.626,2026-08-24 05:32:28.628,InnoDB,LOCK_SYS_PAGE,986,11,534
1787549548.626,2026-08-24 05:32:28.628,InnoDB,LOCK_SYS_PAGE,925,11,511
1787549548.626,2026-08-24 05:32:28.628,InnoDB,LOCK_SYS_PAGE,958,11,486
1787549548.626,2026-08-24 05:32:28.628,InnoDB,LOCK_SYS_PAGE,843,11,481
1787549548.626,2026-08-24 05:32:28.628,InnoDB,LOCK_SYS_PAGE,925,11,466
1787549548.626,2026-08-24 05:32:28.628,InnoDB,LOCK_SYS_PAGE,978,11,495
1787549548.626,2026-08-24 05:32:28.628,InnoDB,LOCK_SYS_PAGE,1029,11,532
1787549548.626,2026-08-24 05:32:28.628,InnoDB,LOCK_SYS_PAGE,1082,11,594
1787549548.626,2026-08-24 05:32:28.628,InnoDB,LOCK_SYS_PAGE,1034,11,535
1787549548.626,2026-08-24 05:32:28.628,InnoDB,LOCK_SYS_PAGE,961,11,515
1787549548.626,2026-08-24 05:32:28.628,InnoDB,LOCK_SYS_PAGE,982,11,493
1787549548.626,2026-08-24 05:32:28.628,InnoDB,LOCK_SYS_PAGE,920,11,471
1787549548.626,2026-08-24 05:32:28.628,InnoDB,LOCK_SYS_PAGE,942,11,531
1787549548.626,2026-08-24 05:32:28.628,InnoDB,LOCK_SYS_PAGE,948,11,500
1787549548.626,2026-08-24 05:32:28.628,InnoDB,LOCK_SYS_PAGE,965,11,470
1787549548.626,2026-08-24 05:32:28.628,InnoDB,LOCK_SYS_PAGE,940,11,523
1787549548.626,2026-08-24 05:32:28.628,InnoDB,LOCK_SYS_PAGE,986,11,535
1787549548.626,2026-08-24 05:32:28.628,InnoDB,LOCK_SYS_PAGE,932,10,525
1787549548.626,2026-08-24 05:32:28.628,InnoDB,LOCK_SYS_PAGE,1034,10,511
1787549548.626,2026-08-24 05:32:28.628,InnoDB,LOCK_SYS_PAGE,966,10,485
1787549548.626,2026-08-24 05:32:28.628,InnoDB,LOCK_SYS_PAGE,920,10,544
1787549548.626,2026-08-24 05:32:28.628,InnoDB,LOCK_SYS_PAGE,895,10,466
1787549548.626,2026-08-24 05:32:28.628,InnoDB,LOCK_SYS_PAGE,873,10,494
1787549548.626,2026-08-24 05:32:28.628,InnoDB,LOCK_SYS_PAGE,841,10,447
1787549548.626,2026-08-24 05:32:28.628,InnoDB,LOCK_SYS_PAGE,954,10,501
1787549548.626,2026-08-24 05:32:28.628,InnoDB,LOCK_SYS_PAGE,933,10,501
1787549548.626,2026-08-24 05:32:28.628,InnoDB,LOCK_SYS_PAGE,900,10,484
1787549548.626,2026-08-24 05:32:28.628,InnoDB,LOCK_SYS_PAGE,913,10,531
1787549548.626,2026-08-24 05:32:28.628,InnoDB,LOCK_SYS_PAGE,970,10,518
1787549548.626,2026-08-24 05:32:28.628,InnoDB,LOCK_SYS_PAGE,894,10,519
1787549548.626,2026-08-24 05:32:28.628,InnoDB,LOCK_SYS_PAGE,937,10,486
1787549548.626,2026-08-24 05:32:28.628,InnoDB,LOCK_SYS_PAGE,960,10,508
1787549548.626,2026-08-24 05:32:28.628,InnoDB,LOCK_SYS_PAGE,918,10,497
1787549548.626,2026-08-24 05:32:28.628,InnoDB,LOCK_SYS_PAGE,920,10,533
1787549548.626,2026-08-24 05:32:28.628,InnoDB,LOCK_SYS_PAGE,884,10,489
1787549548.626,2026-08-24 05:32:28.628,InnoDB,LOCK_SYS_PAGE,925,10,509
1787549548.626,2026-08-24 05:32:28.628,InnoDB,LOCK_SYS_PAGE,996,10,500
1787549548.626,2026-08-24 05:32:28.628,InnoDB,LOCK_SYS_PAGE,991,10,558
1787549548.626,2026-08-24 05:32:28.628,InnoDB,LOCK_SYS_PAGE,934,10,468
1787549548.626,2026-08-24 05:32:28.628,InnoDB,LOCK_SYS_PAGE,891,10,482
1787549548.626,2026-08-24 05:32:28.628,InnoDB,LOCK_SYS_PAGE,939,10,492
1787549548.626,2026-08-24 05:32:28.628,InnoDB,LOCK_SYS_PAGE,873,10,495
1787549548.626,2026-08-24 05:32:28.628,InnoDB,LOCK_SYS_PAGE,902,10,509
1787549548.626,2026-08-24 05:32:28.628,InnoDB,LOCK_SYS_PAGE,893,10,472
1787549548.626,2026-08-24 05:32:28.628,InnoDB,LOCK_SYS_PAGE,920,10,481
1787549548.626,2026-08-24 05:32:28.628,InnoDB,LOCK_SYS_PAGE,904,10,494
1787549548.626,2026-08-24 05:32:28.628,InnoDB,LOCK_SYS_PAGE,929,10,580
1787549548.626,2026-08-24 05:32:28.628,InnoDB,LOCK_SYS_PAGE,946,10,525
1787549548.626,2026-08-24 05:32:28.628,InnoDB,LOCK_SYS_PAGE,946,10,503
1787549548.626,2026-08-24 05:32:28.628,InnoDB,LOCK_SYS_PAGE,895,10,470
1787549548.626,2026-08-24 05:32:28.628,InnoDB,LOCK_SYS_PAGE,973,10,473
1787549548.626,2026-08-24 05:32:28.628,InnoDB,LOCK_SYS_PAGE,942,10,529
1787549548.626,2026-08-24 05:32:28.628,InnoDB,LOCK_SYS_PAGE,894,10,537
1787549548.626,2026-08-24 05:32:28.628,InnoDB,LOCK_SYS_PAGE,1064,10,546
1787549548.626,2026-08-24 05:32:28.628,InnoDB,LOCK_SYS_PAGE,912,10,523
1787549548.626,2026-08-24 05:32:28.628,InnoDB,LOCK_SYS_PAGE,979,10,513
1787549548.626,2026-08-24 05:32:28.628,InnoDB,LOCK_SYS_PAGE,983,10,593
1787549548.626,2026-08-24 05:32:28.628,InnoDB,LOCK_SYS_PAGE,997,10,553
1787549548.626,2026-08-24 05:32:28.628,InnoDB,LOCK_SYS_PAGE,954,10,540
1787549548.626,2026-08-24 05:32:28.628,InnoDB,LOCK_SYS_PAGE,907,10,502
1787549548.626,2026-08-24 05:32:28.628,InnoDB,LOCK_SYS_PAGE,925,10,542
1787549548.626,2026-08-24 05:32:28.628,InnoDB,LOCK_SYS_PAGE,891,10,464
1787549548.626,2026-08-24 05:32:28.628,InnoDB,LOCK_SYS_PAGE,841,10,467
1787549548.626,2026-08-24 05:32:28.628,InnoDB,LOCK_SYS_PAGE,928,10,506
1787549548.626,2026-08-24 05:32:28.628,InnoDB,LOCK_SYS_PAGE,937,9,489
1787549548.626,2026-08-24 05:32:28.628,InnoDB,LOCK_SYS_PAGE,908,9,471
1787549548.626,2026-08-24 05:32:28.628,InnoDB,LOCK_SYS_PAGE,1071,9,554
1787549548.626,2026-08-24 05:32:28.628,InnoDB,LOCK_SYS_PAGE,890,9,516
1787549548.626,2026-08-24 05:32:28.628,InnoDB,LOCK_SYS_PAGE,998,9,523
1787549548.626,2026-08-24 05:32:28.628,InnoDB,LOCK_SYS_PAGE,850,9,498
1787549548.626,2026-08-24 05:32:28.628,InnoDB,LOCK_SYS_PAGE,879,9,506
1787549548.626,2026-08-24 05:32:28.628,InnoDB,LOCK_SYS_PAGE,910,9,548
1787549548.626,2026-08-24 05:32:28.628,InnoDB,LOCK_SYS_PAGE,825,9,490
1787549548.626,2026-08-24 05:32:28.628,InnoDB,LOCK_SYS_PAGE,921,9,530
1787549548.626,2026-08-24 05:32:28.628,InnoDB,LOCK_SYS_PAGE,839,9,515
1787549548.626,2026-08-24 05:32:28.628,InnoDB,LOCK_SYS_PAGE,1037,9,561
1787549548.626,2026-08-24 05:32:28.628,InnoDB,LOCK_SYS_PAGE,927,9,569
1787549548.626,2026-08-24 05:32:28.628,InnoDB,LOCK_SYS_PAGE,830,9,474
1787549548.626,2026-08-24 05:32:28.628,InnoDB,LOCK_SYS_PAGE,855,9,514
1787549548.626,2026-08-24 05:32:28.628,InnoDB,LOCK_SYS_PAGE,908,9,467
1787549548.626,2026-08-24 05:32:28.628,InnoDB,LOCK_SYS_PAGE,1031,9,565
1787549548.626,2026-08-24 05:32:28.628,InnoDB,LOCK_SYS_PAGE,903,9,516
1787549548.626,2026-08-24 05:32:28.628,InnoDB,LOCK_SYS_PAGE,795,9,470
1787549548.626,2026-08-24 05:32:28.628,InnoDB,LOCK_SYS_PAGE,910,9,485
1787549548.626,2026-08-24 05:32:28.628,InnoDB,LOCK_SYS_PAGE,892,9,489
1787549548.626,2026-08-24 05:32:28.628,InnoDB,LOCK_SYS_PAGE,962,9,554
1787549548.626,2026-08-24 05:32:28.628,InnoDB,LOCK_SYS_PAGE,920,9,480
1787549548.626,2026-08-24 05:32:28.628,InnoDB,LOCK_SYS_PAGE,910,9,517
1787549548.626,2026-08-24 05:32:28.628,InnoDB,LOCK_SYS_PAGE,864,9,475
1787549548.626,2026-08-24 05:32:28.628,InnoDB,LOCK_SYS_PAGE,886,9,484
1787549548.626,2026-08-24 05:32:28.628,InnoDB,LOCK_SYS_PAGE,849,9,491
1787549548.626,2026-08-24 05:32:28.628,InnoDB,LOCK_SYS_PAGE,871,9,521
1787549548.626,2026-08-24 05:32:28.628,InnoDB,LOCK_SYS_PAGE,874,9,518
1787549548.626,2026-08-24 05:32:28.628,InnoDB,LOCK_SYS_PAGE,835,8,506
1787549548.626,2026-08-24 05:32:28.628,InnoDB,LOCK_SYS_PAGE,872,8,563
1787549548.626,2026-08-24 05:32:28.628,InnoDB,LOCK_SYS_PAGE,826,8,509
1787549548.626,2026-08-24 05:32:28.628,InnoDB,LOCK_SYS_PAGE,850,8,502
1787549548.626,2026-08-24 05:32:28.628,InnoDB,LOCK_SYS_PAGE,851,8,480
1787549548.626,2026-08-24 05:32:28.628,InnoDB,LOCK_SYS_PAGE,881,8,500
1787549548.626,2026-08-24 05:32:28.628,InnoDB,LOCK_SYS_PAGE,958,8,491
1787549548.626,2026-08-24 05:32:28.628,InnoDB,LOCK_SYS_PAGE,876,8,554
1787549548.626,2026-08-24 05:32:28.628,InnoDB,LOCK_SYS_PAGE,931,8,515
1787549548.626,2026-08-24 05:32:28.628,InnoDB,LOCK_SYS_PAGE,925,8,552
1787549548.626,2026-08-24 05:32:28.628,InnoDB,LOCK_SYS_PAGE,876,8,498
1787549548.626,2026-08-24 05:32:28.628,InnoDB,RECALC_POOL,292,8,19
1787549548.626,2026-08-24 05:32:28.628,InnoDB,LOCK_SYS_PAGE,903,8,571
1787549548.626,2026-08-24 05:32:28.628,InnoDB,LOCK_SYS_PAGE,846,8,528
1787549548.626,2026-08-24 05:32:28.628,InnoDB,LOCK_SYS_PAGE,941,8,546
1787549548.626,2026-08-24 05:32:28.628,InnoDB,LOCK_SYS_PAGE,890,8,500
1787549548.626,2026-08-24 05:32:28.628,InnoDB,LOCK_SYS_PAGE,813,8,513
1787549548.626,2026-08-24 05:32:28.628,InnoDB,LOCK_SYS_PAGE,901,8,503
1787549548.626,2026-08-24 05:32:28.628,InnoDB,LOCK_SYS_PAGE,797,8,504
1787549548.626,2026-08-24 05:32:28.628,InnoDB,LOCK_SYS_PAGE,785,8,490
1787549548.626,2026-08-24 05:32:28.628,InnoDB,LOCK_SYS_PAGE,876,8,511
1787549548.626,2026-08-24 05:32:28.628,InnoDB,LOCK_SYS_PAGE,907,8,512
1787549548.626,2026-08-24 05:32:28.628,InnoDB,LOCK_SYS_PAGE,970,8,526
1787549548.626,2026-08-24 05:32:28.628,InnoDB,LOCK_SYS_PAGE,897,8,504
1787549548.626,2026-08-24 05:32:28.628,InnoDB,LOCK_SYS_PAGE,832,8,477
1787549548.626,2026-08-24 05:32:28.628,InnoDB,LOCK_SYS_PAGE,805,7,525
1787549548.626,2026-08-24 05:32:28.628,InnoDB,LOCK_SYS_PAGE,875,7,535
1787549548.626,2026-08-24 05:32:28.628,InnoDB,LOCK_SYS_PAGE,886,7,556
1787549548.626,2026-08-24 05:32:28.628,InnoDB,LOCK_SYS_PAGE,843,7,516
1787549548.626,2026-08-24 05:32:28.628,InnoDB,LOCK_SYS_PAGE,862,7,546
1787549548.626,2026-08-24 05:32:28.628,InnoDB,LOCK_SYS_PAGE,816,7,511
1787549548.626,2026-08-24 05:32:28.628,InnoDB,LOCK_SYS_PAGE,835,7,473
1787549548.626,2026-08-24 05:32:28.628,InnoDB,LOCK_SYS_PAGE,846,7,505
1787549548.626,2026-08-24 05:32:28.628,InnoDB,LOCK_SYS_PAGE,815,7,484
1787549548.626,2026-08-24 05:32:28.628,InnoDB,LOCK_SYS_PAGE,958,7,551
1787549548.626,2026-08-24 05:32:28.628,InnoDB,LOCK_SYS_PAGE,825,7,558
1787549548.626,2026-08-24 05:32:28.628,InnoDB,LOCK_SYS_PAGE,721,7,462
1787549548.626,2026-08-24 05:32:28.628,InnoDB,LOCK_SYS_PAGE,828,7,536
1787549548.626,2026-08-24 05:32:28.628,InnoDB,LOCK_SYS_PAGE,860,7,522
1787549548.626,2026-08-24 05:32:28.628,InnoDB,PARSER,238,7,5
1787549548.626,2026-08-24 05:32:28.628,InnoDB,LOCK_SYS_PAGE,730,7,470
1787549548.626,2026-08-24 05:32:28.628,InnoDB,LOCK_SYS_PAGE,893,7,512
1787549548.626,2026-08-24 05:32:28.628,InnoDB,LOCK_SYS_PAGE,834,7,479
1787549548.626,2026-08-24 05:32:28.628,InnoDB,LOCK_SYS_PAGE,860,7,521
1787549548.626,2026-08-24 05:32:28.628,InnoDB,LOCK_SYS_PAGE,804,7,479
1787549548.626,2026-08-24 05:32:28.628,InnoDB,LOCK_SYS_PAGE,819,7,517
1787549548.626,2026-08-24 05:32:28.628,InnoDB,LOCK_SYS_PAGE,822,7,515
1787549548.626,2026-08-24 05:32:28.628,InnoDB,LOCK_SYS_PAGE,905,7,478
1787549548.626,2026-08-24 05:32:28.628,InnoDB,LOCK_SYS_PAGE,922,7,554
1787549548.626,2026-08-24 05:32:28.628,InnoDB,LOCK_SYS_PAGE,770,7,532
1787549548.626,2026-08-24 05:32:28.628,InnoDB,LOCK_SYS_PAGE,808,7,492
1787549548.626,2026-08-24 05:32:28.628,InnoDB,LOCK_SYS_PAGE,782,6,546
1787549548.626,2026-08-24 05:32:28.628,InnoDB,LOCK_SYS_PAGE,757,6,543
1787549548.626,2026-08-24 05:32:28.628,InnoDB,LOCK_SYS_PAGE,906,6,499
1787549548.626,2026-08-24 05:32:28.628,InnoDB,LOCK_SYS_PAGE,879,6,550
1787549548.626,2026-08-24 05:32:28.628,InnoDB,LOCK_SYS_PAGE,782,6,490
1787549548.626,2026-08-24 05:32:28.628,InnoDB,LOCK_SYS_PAGE,806,6,512
1787549548.626,2026-08-24 05:32:28.628,InnoDB,LOCK_SYS_PAGE,833,6,522
1787549548.626,2026-08-24 05:32:28.628,InnoDB,LOCK_SYS_PAGE,840,6,501
1787549548.626,2026-08-24 05:32:28.628,InnoDB,LOCK_SYS_PAGE,703,6,455
1787549548.626,2026-08-24 05:32:28.628,InnoDB,LOCK_SYS_PAGE,973,6,548
1787549548.626,2026-08-24 05:32:28.628,InnoDB,LOCK_SYS_PAGE,783,6,489
1787549548.626,2026-08-24 05:32:28.628,InnoDB,LOCK_SYS_PAGE,808,6,517
1787549548.626,2026-08-24 05:32:28.628,InnoDB,LOCK_SYS_PAGE,730,6,504
1787549548.626,2026-08-24 05:32:28.628,InnoDB,LOCK_SYS_PAGE,800,6,500
1787549548.626,2026-08-24 05:32:28.628,InnoDB,LOCK_SYS_PAGE,809,6,484
1787549548.626,2026-08-24 05:32:28.628,InnoDB,LOCK_SYS_PAGE,672,6,468
1787549548.626,2026-08-24 05:32:28.628,InnoDB,LOCK_SYS_PAGE,729,5,456
1787549548.626,2026-08-24 05:32:28.628,InnoDB,LOCK_SYS_PAGE,747,5,489
1787549548.626,2026-08-24 05:32:28.628,InnoDB,DICT_TABLE_STATS_COMPUTE,174,5,4
1787549548.626,2026-08-24 05:32:28.628,InnoDB,LOCK_SYS_PAGE,814,5,562
1787549548.626,2026-08-24 05:32:28.628,InnoDB,LOCK_SYS_PAGE,656,5,461
1787549548.626,2026-08-24 05:32:28.628,InnoDB,LOCK_SYS_PAGE,785,5,529
1787549548.626,2026-08-24 05:32:28.628,InnoDB,LOCK_SYS_PAGE,733,4,483
1787549548.626,2026-08-24 05:32:28.628,InnoDB,LOCK_SYS_PAGE,694,4,489
1787549548.626,2026-08-24 05:32:28.628,InnoDB,LOCK_SYS_PAGE,661,4,457
1787549548.626,2026-08-24 05:32:28.628,InnoDB,LOCK_SYS_PAGE,728,4,494
1787549548.626,2026-08-24 05:32:28.628,InnoDB,LOCK_SYS_PAGE,726,4,497
1787549548.626,2026-08-24 05:32:28.628,InnoDB,DICT_TABLE_STATS_COMPUTE,90,3,2
1787549548.626,2026-08-24 05:32:28.628,InnoDB,LOCK_SYS_PAGE,769,3,518
1787549548.626,2026-08-24 05:32:28.628,InnoDB,FIL_SHARD,99,2,44
1787549548.626,2026-08-24 05:32:28.628,InnoDB,FIL_SHARD,144,2,91
1787549548.626,2026-08-24 05:32:28.628,InnoDB,LOCK_SYS_PAGE,620,2,465
1787549548.626,2026-08-24 05:32:28.628,InnoDB,FIL_SHARD,96,2,25
1787549548.626,2026-08-24 05:32:28.628,InnoDB,FIL_SHARD,78,2,28
1787549548.626,2026-08-24 05:32:28.628,InnoDB,FIL_SHARD,63,1,35
1787549548.626,2026-08-24 05:32:28.628,InnoDB,TRX_SYS_SHARD,34,1,1
1787549548.626,2026-08-24 05:32:28.628,InnoDB,TRX_SYS_SHARD,32,1,3
1787549548.626,2026-08-24 05:32:28.628,InnoDB,FIL_SHARD,73,1,43
1787549548.626,2026-08-24 05:32:28.628,InnoDB,FIL_SHARD,38,1,11
1787549548.626,2026-08-24 05:32:28.628,InnoDB,TRX_SYS_SHARD,35,1,2
1787549548.626,2026-08-24 05:32:28.628,InnoDB,TRX_SYS_SHARD,31,1,2
1787549548.626,2026-08-24 05:32:28.628,InnoDB,LOG_LIMITS,238,1,140
1787549548.626,2026-08-24 05:32:28.628,InnoDB,FIL_SHARD,80,1,72
1787549548.626,2026-08-24 05:32:28.628,InnoDB,TRX_SYS_SHARD,30,1,1
1787549548.626,2026-08-24 05:32:28.628,InnoDB,FIL_SHARD,47,1,24
1787549548.626,2026-08-24 05:32:28.628,InnoDB,TRX_SYS_SHARD,4,0,3
1787549548.626,2026-08-24 05:32:28.628,InnoDB,TRX_SYS_SHARD,1,0,1
1787549548.626,2026-08-24 05:32:28.628,InnoDB,TRX_SYS_SHARD,1,0,1
1787549548.626,2026-08-24 05:32:28.628,InnoDB,TRX_SYS_SHARD,1,0,1
1787549548.626,2026-08-24 05:32:28.628,InnoDB,TRX_SYS_SHARD,2,0,1
1787549548.626,2026-08-24 05:32:28.628,InnoDB,TRX_SYS_SHARD,1,0,1
1787549548.626,2026-08-24 05:32:28.628,InnoDB,TRX_SYS_SHARD,1,0,1
1787549548.626,2026-08-24 05:32:28.628,InnoDB,TRX_SYS_SHARD,1,0,1
1787549548.626,2026-08-24 05:32:28.628,InnoDB,TRX_SYS_SHARD,1,0,1
1787549548.626,2026-08-24 05:32:28.628,InnoDB,TRX_SYS_SHARD,1,0,1
1787549548.626,2026-08-24 05:32:28.628,InnoDB,TRX_SYS_SHARD,1,0,1
1787549548.626,2026-08-24 05:32:28.628,InnoDB,TRX_SYS_SHARD,1,0,1
1787549548.626,2026-08-24 05:32:28.628,InnoDB,TRX_SYS_SHARD,1,0,1
1787549548.626,2026-08-24 05:32:28.628,InnoDB,TRX_SYS_SHARD,1,0,1
1787549548.626,2026-08-24 05:32:28.628,InnoDB,TRX_SYS_SHARD,1,0,1
1787549548.626,2026-08-24 05:32:28.628,InnoDB,TRX_SYS_SHARD,1,0,1
1787549548.626,2026-08-24 05:32:28.628,InnoDB,TRX_SYS_SHARD,1,0,1
1787549548.626,2026-08-24 05:32:28.628,InnoDB,TRX_SYS_SHARD,2,0,1
1787549548.626,2026-08-24 05:32:28.628,InnoDB,TRX_SYS_SHARD,2,0,1
1787549548.626,2026-08-24 05:32:28.628,InnoDB,TRX_SYS_SHARD,1,0,1
1787549548.626,2026-08-24 05:32:28.628,InnoDB,TRX_SYS_SHARD,1,0,1
1787549548.626,2026-08-24 05:32:28.628,InnoDB,TRX_SYS_SHARD,2,0,2
1787549548.626,2026-08-24 05:32:28.628,InnoDB,TRX_SYS_SHARD,1,0,1
1787549548.626,2026-08-24 05:32:28.628,InnoDB,TRX_SYS_SHARD,1,0,1
1787549548.626,2026-08-24 05:32:28.628,InnoDB,TRX_SYS_SHARD,2,0,2
1787549548.626,2026-08-24 05:32:28.628,InnoDB,TRX_SYS_SHARD,2,0,1
1787549548.626,2026-08-24 05:32:28.628,InnoDB,TRX_SYS_SHARD,1,0,1
1787549548.626,2026-08-24 05:32:28.628,InnoDB,TRX_SYS_SHARD,1,0,1
1787549548.626,2026-08-24 05:32:28.628,InnoDB,TRX_SYS_SHARD,2,0,1
1787549548.626,2026-08-24 05:32:28.628,InnoDB,TRX_SYS_SHARD,2,0,1
1787549548.626,2026-08-24 05:32:28.628,InnoDB,TRX_SYS_SHARD,1,0,1
1787549548.626,2026-08-24 05:32:28.628,InnoDB,TRX_SYS_SHARD,1,0,1
1787549548.626,2026-08-24 05:32:28.628,InnoDB,TRX_SYS_SHARD,1,0,1
1787549548.626,2026-08-24 05:32:28.628,InnoDB,TRX_SYS_SHARD,1,0,1
1787549548.626,2026-08-24 05:32:28.628,InnoDB,TRX_SYS_SHARD,4,0,2
1787549548.626,2026-08-24 05:32:28.628,InnoDB,TRX_SYS_SHARD,1,0,1
1787549548.626,2026-08-24 05:32:28.628,InnoDB,TRX_SYS_SHARD,1,0,1
1787549548.626,2026-08-24 05:32:28.628,InnoDB,TRX_SYS_SHARD,2,0,1
1787549548.626,2026-08-24 05:32:28.628,InnoDB,TRX_SYS_SHARD,1,0,1
1787549548.626,2026-08-24 05:32:28.628,InnoDB,FIL_SHARD,135,0,167
1787549548.626,2026-08-24 05:32:28.628,InnoDB,TRX_SYS_SHARD,2,0,2
1787549548.626,2026-08-24 05:32:28.628,InnoDB,TRX_SYS_SHARD,2,0,1
1787549548.626,2026-08-24 05:32:28.628,InnoDB,TRX_SYS_SHARD,2,0,1
1787549548.626,2026-08-24 05:32:28.628,InnoDB,TRX_SYS_SHARD,1,0,1
1787549548.626,2026-08-24 05:32:28.628,InnoDB,FIL_SHARD,25,0,8
1787549548.626,2026-08-24 05:32:28.628,InnoDB,TRX_SYS_SHARD,2,0,1
1787549548.626,2026-08-24 05:32:28.628,InnoDB,TRX_SYS_SHARD,1,0,1
1787549548.626,2026-08-24 05:32:28.628,InnoDB,CLONE_SYS,1,0,1
1787549548.626,2026-08-24 05:32:28.628,InnoDB,TRX_SYS_SHARD,1,0,1
1787549548.626,2026-08-24 05:32:28.628,InnoDB,TRX_SYS_SHARD,1,0,1
1787549548.626,2026-08-24 05:32:28.628,InnoDB,TRX_SYS_SHARD,2,0,2
1787549548.626,2026-08-24 05:32:28.628,InnoDB,TRX_SYS_SHARD,1,0,1
1787549548.626,2026-08-24 05:32:28.628,InnoDB,TRX_SYS_SHARD,2,0,2
1787549548.626,2026-08-24 05:32:28.628,InnoDB,TRX_SYS_SHARD,1,0,1
1787549548.626,2026-08-24 05:32:28.628,InnoDB,TRX_SYS_SHARD,2,0,1
1787549548.626,2026-08-24 05:32:28.628,InnoDB,TRX_SYS_SHARD,1,0,1
1787549548.626,2026-08-24 05:32:28.628,InnoDB,FIL_SHARD,3,0,12
1787549548.626,2026-08-24 05:32:28.628,InnoDB,FIL_SHARD,5,0,15
1787549548.626,2026-08-24 05:32:28.628,InnoDB,FIL_SHARD,9,0,21
1787549548.626,2026-08-24 05:32:28.628,InnoDB,FIL_SHARD,8,0,22
1787549548.626,2026-08-24 05:32:28.628,InnoDB,FIL_SHARD,52,0,36
1787549548.626,2026-08-24 05:32:28.628,InnoDB,FIL_SHARD,7,0,13
1787549548.626,2026-08-24 05:32:28.628,InnoDB,FIL_SHARD,7,0,14
1787549548.626,2026-08-24 05:32:28.628,InnoDB,FIL_SHARD,17,0,30
1787549548.626,2026-08-24 05:32:28.628,InnoDB,FIL_SHARD,8,0,15
1787549548.626,2026-08-24 05:32:28.628,InnoDB,FIL_SHARD,6,0,11
1787549548.626,2026-08-24 05:32:28.628,InnoDB,FIL_SHARD,39,0,49
1787549548.626,2026-08-24 05:32:28.628,InnoDB,FIL_SHARD,4,0,7
1787549548.626,2026-08-24 05:32:28.628,InnoDB,FIL_SHARD,21,0,29
1787549548.626,2026-08-24 05:32:28.628,InnoDB,FIL_SHARD,22,0,30
1787549548.626,2026-08-24 05:32:28.628,InnoDB,FIL_SHARD,33,0,56
1787549548.626,2026-08-24 05:32:28.628,InnoDB,FIL_SHARD,40,0,53
1787549548.626,2026-08-24 05:32:28.628,InnoDB,FIL_SHARD,31,0,50
1787549548.626,2026-08-24 05:32:28.628,InnoDB,FIL_SHARD,30,0,47
1787549548.626,2026-08-24 05:32:28.628,InnoDB,FIL_SHARD,17,0,29
1787549548.626,2026-08-24 05:32:28.628,InnoDB,FIL_SHARD,42,0,32
1787549548.626,2026-08-24 05:32:28.628,InnoDB,FIL_SHARD,5,0,9
1787549548.626,2026-08-24 05:32:28.628,InnoDB,FIL_SHARD,15,0,18
1787549548.626,2026-08-24 05:32:28.628,InnoDB,FIL_SHARD,8,0,23
1787549548.626,2026-08-24 05:32:28.628,InnoDB,FIL_SHARD,9,0,23
1787549548.626,2026-08-24 05:32:28.628,InnoDB,FIL_SHARD,8,0,12
1787549548.626,2026-08-24 05:32:28.628,InnoDB,FIL_SHARD,4,0,17
1787549548.626,2026-08-24 05:32:28.628,InnoDB,FIL_SHARD,31,0,24
1787549548.626,2026-08-24 05:32:28.628,InnoDB,FIL_SHARD,8,0,18
1787549548.626,2026-08-24 05:32:28.628,InnoDB,FIL_SHARD,9,0,18
1787549548.626,2026-08-24 05:32:28.628,InnoDB,FIL_SHARD,10,0,14
1787549548.626,2026-08-24 05:32:28.628,InnoDB,FIL_SHARD,19,0,27
1787549548.626,2026-08-24 05:32:28.628,InnoDB,FIL_SHARD,6,0,13
1787549548.626,2026-08-24 05:32:28.628,InnoDB,AUTOINC,1,0,1
1787549548.626,2026-08-24 05:32:28.628,InnoDB,TRX_SYS_SHARD,1,0,1
1787549548.626,2026-08-24 05:32:28.628,InnoDB,TRX_SYS_SHARD,2,0,2
1787549548.626,2026-08-24 05:32:28.628,InnoDB,TRX_SYS_SHARD,1,0,1
1787549548.626,2026-08-24 05:32:28.628,InnoDB,TRX_SYS_SHARD,1,0,1
1787549548.626,2026-08-24 05:32:28.628,InnoDB,TRX_SYS_SHARD,1,0,1
1787549548.626,2026-08-24 05:32:28.628,InnoDB,TRX_SYS_SHARD,5,0,3
1787549548.626,2026-08-24 05:32:28.628,InnoDB,TRX_SYS_SHARD,8,0,1
1787549548.626,2026-08-24 05:32:28.628,InnoDB,TRX_SYS_SHARD,1,0,1
1787549548.626,2026-08-24 05:32:28.628,InnoDB,TRX_SYS_SHARD,2,0,2
1787549548.626,2026-08-24 05:32:28.628,InnoDB,TRX_SYS_SHARD,6,0,1
1787549548.626,2026-08-24 05:32:28.628,InnoDB,TRX_SYS_SHARD,1,0,1
1787549548.626,2026-08-24 05:32:28.628,InnoDB,TRX_SYS_SHARD,1,0,1
1787549548.626,2026-08-24 05:32:28.628,InnoDB,TRX_SYS_SHARD,2,0,1
1787549548.626,2026-08-24 05:32:28.628,InnoDB,TRX_SYS_SHARD,1,0,1
1787549548.626,2026-08-24 05:32:28.628,InnoDB,TRX_SYS_SHARD,2,0,2
1787549548.626,2026-08-24 05:32:28.628,InnoDB,TRX_SYS_SHARD,3,0,2
1787549548.626,2026-08-24 05:32:28.628,InnoDB,TRX_SYS_SHARD,1,0,1
1787549548.626,2026-08-24 05:32:28.628,InnoDB,TRX_SYS_SHARD,1,0,1
1787549548.626,2026-08-24 05:32:28.628,InnoDB,TRX_SYS_SHARD,1,0,1
1787549548.626,2026-08-24 05:32:28.628,InnoDB,TRX_SYS_SHARD,2,0,2
1787549548.626,2026-08-24 05:32:28.628,InnoDB,TRX_SYS_SHARD,1,0,1
1787549548.626,2026-08-24 05:32:28.628,InnoDB,TRX_SYS_SHARD,1,0,1
1787549548.626,2026-08-24 05:32:28.628,InnoDB,TRX_SYS_SHARD,1,0,1
1787549548.626,2026-08-24 05:32:28.628,InnoDB,TRX_SYS_SHARD,2,0,2
1787549548.626,2026-08-24 05:32:28.628,InnoDB,TRX_SYS_SHARD,2,0,1
1787549548.626,2026-08-24 05:32:28.628,InnoDB,FIL_SHARD,72,0,107
1787549548.626,2026-08-24 05:32:28.628,InnoDB,TRX,1,0,1
1787549548.626,2026-08-24 05:32:28.628,InnoDB,TRX,1,0,1
1787549548.626,2026-08-24 05:32:28.628,InnoDB,TRX,1,0,1
1787549548.626,2026-08-24 05:32:28.628,InnoDB,TRX_POOL_MANAGER,3,0,3
1787549548.626,2026-08-24 05:32:28.628,InnoDB,FIL_SHARD,54,0,77
1787549548.626,2026-08-24 05:32:28.628,InnoDB,FIL_SHARD,56,0,62
1787549548.626,2026-08-24 05:32:28.628,InnoDB,rwlock: dict0dict.cc:2631,,10518,
1787549548.626,2026-08-24 05:32:28.628,InnoDB,rwlock: dict0dict.cc:2631,,10702,
1787549548.626,2026-08-24 05:32:28.628,InnoDB,rwlock: dict0dict.cc:2631,,11054,
1787549548.626,2026-08-24 05:32:28.628,InnoDB,rwlock: dict0dict.cc:2631,,10841,
1787549548.626,2026-08-24 05:32:28.628,InnoDB,rwlock: dict0dict.cc:2631,,11121,
1787549548.626,2026-08-24 05:32:28.628,InnoDB,rwlock: dict0dict.cc:2631,,10721,
1787549548.626,2026-08-24 05:32:28.628,InnoDB,rwlock: dict0dict.cc:2631,,10765,
1787549548.626,2026-08-24 05:32:28.628,InnoDB,rwlock: dict0dict.cc:2631,,10901,
1787549548.626,2026-08-24 05:32:28.628,InnoDB,rwlock: dict0dict.cc:2631,,10918,
1787549548.626,2026-08-24 05:32:28.628,InnoDB,rwlock: dict0dict.cc:2631,,11119,
1787549548.626,2026-08-24 05:32:28.628,InnoDB,rwlock: dict0dict.cc:2631,,10455,
1787549548.626,2026-08-24 05:32:28.628,InnoDB,rwlock: dict0dict.cc:2631,,10423,
1787549548.626,2026-08-24 05:32:28.628,InnoDB,rwlock: dict0dict.cc:2631,,10630,
1787549548.626,2026-08-24 05:32:28.628,InnoDB,rwlock: dict0dict.cc:2631,,10782,
1787549548.626,2026-08-24 05:32:28.628,InnoDB,rwlock: dict0dict.cc:2631,,10735,
1787549548.626,2026-08-24 05:32:28.628,InnoDB,rwlock: dict0dict.cc:2631,,10232,
1787549548.626,2026-08-24 05:32:28.628,InnoDB,rwlock: dict0dict.cc:2631,,10777,
1787549548.626,2026-08-24 05:32:28.628,InnoDB,rwlock: dict0dict.cc:2631,,10152,
1787549548.626,2026-08-24 05:32:28.628,InnoDB,rwlock: dict0dict.cc:2631,,10099,
1787549548.626,2026-08-24 05:32:28.628,InnoDB,rwlock: dict0dict.cc:2631,,11144,
1787549548.626,2026-08-24 05:32:28.628,InnoDB,rwlock: dict0dict.cc:2631,,1,
1787549548.626,2026-08-24 05:32:28.628,InnoDB,rwlock: dict0dict.cc:2631,,1,
1787549548.626,2026-08-24 05:32:28.628,InnoDB,rwlock: dict0dict.cc:2631,,1,
1787549548.626,2026-08-24 05:32:28.628,InnoDB,rwlock: dict0dict.cc:2631,,1,
1787549548.626,2026-08-24 05:32:28.628,InnoDB,rwlock: dict0dict.cc:2631,,1,
1787549548.626,2026-08-24 05:32:28.628,InnoDB,rwlock: fil0fil.cc:10242,,1,
1787549548.626,2026-08-24 05:32:28.628,InnoDB,rwlock: fil0fil.cc:10242,,1,
1787549548.626,2026-08-24 05:32:28.628,InnoDB,rwlock: dict0dict.cc:2631,,2,
1787549548.626,2026-08-24 05:32:28.628,InnoDB,rwlock: dict0dict.cc:2631,,1,
1787549548.626,2026-08-24 05:32:28.628,InnoDB,rwlock: dict0dict.cc:2631,,2,
1787549548.626,2026-08-24 05:32:28.628,InnoDB,rwlock: fil0fil.cc:10242,,1,
1787549548.626,2026-08-24 05:32:28.628,InnoDB,rwlock: dict0dict.cc:2631,,1,
1787549548.626,2026-08-24 05:32:28.628,InnoDB,rwlock: dict0dict.cc:2631,,1,
1787549548.626,2026-08-24 05:32:28.628,InnoDB,rwlock: dict0dict.cc:2631,,3,
1787549548.626,2026-08-24 05:32:28.628,InnoDB,rwlock: trx0purge.cc:232,,29,
1787549548.626,2026-08-24 05:32:28.628,InnoDB,rwlock: fil0fil.cc:10242,,5105,
1787549548.626,2026-08-24 05:32:28.628,InnoDB,rwlock: fil0fil.cc:10242,,4618,
1787549548.626,2026-08-24 05:32:28.628,InnoDB,rwlock: dict0dict.cc:1180,,25,
1787549548.626,2026-08-24 05:32:28.628,InnoDB,rwlock: hash0hash.cc:117,,705,
1787549548.626,2026-08-24 05:32:28.628,InnoDB,rwlock: hash0hash.cc:117,,1444,
1787549548.626,2026-08-24 05:32:28.628,InnoDB,rwlock: hash0hash.cc:117,,2532,
1787549548.626,2026-08-24 05:32:28.628,InnoDB,rwlock: hash0hash.cc:117,,580,
1787549548.626,2026-08-24 05:32:28.628,InnoDB,rwlock: hash0hash.cc:117,,714,
1787549548.626,2026-08-24 05:32:28.628,InnoDB,rwlock: hash0hash.cc:117,,835,
1787549548.626,2026-08-24 05:32:28.628,InnoDB,rwlock: hash0hash.cc:117,,1066,
1787549548.626,2026-08-24 05:32:28.628,InnoDB,rwlock: hash0hash.cc:117,,486,
1787549548.626,2026-08-24 05:32:28.628,InnoDB,rwlock: hash0hash.cc:117,,993,
1787549548.626,2026-08-24 05:32:28.628,InnoDB,rwlock: hash0hash.cc:117,,1998,
1787549548.626,2026-08-24 05:32:28.628,InnoDB,rwlock: hash0hash.cc:117,,742,
1787549548.626,2026-08-24 05:32:28.628,InnoDB,rwlock: hash0hash.cc:117,,2334,
1787549548.626,2026-08-24 05:32:28.628,InnoDB,rwlock: hash0hash.cc:117,,678,
1787549548.626,2026-08-24 05:32:28.628,InnoDB,rwlock: hash0hash.cc:117,,1123,
1787549548.626,2026-08-24 05:32:28.628,InnoDB,rwlock: hash0hash.cc:117,,1051,
1787549548.626,2026-08-24 05:32:28.628,InnoDB,rwlock: hash0hash.cc:117,,1228,
1787549548.626,2026-08-24 05:32:28.628,InnoDB,rwlock: hash0hash.cc:117,,833,
1787549548.626,2026-08-24 05:32:28.628,InnoDB,rwlock: hash0hash.cc:117,,505,
1787549548.626,2026-08-24 05:32:28.628,InnoDB,rwlock: hash0hash.cc:117,,630,
1787549548.626,2026-08-24 05:32:28.628,InnoDB,rwlock: hash0hash.cc:117,,1073,
1787549548.626,2026-08-24 05:32:28.628,InnoDB,rwlock: hash0hash.cc:117,,510,
1787549548.626,2026-08-24 05:32:28.628,InnoDB,rwlock: hash0hash.cc:117,,662,
1787549548.626,2026-08-24 05:32:28.628,InnoDB,rwlock: hash0hash.cc:117,,839,
1787549548.626,2026-08-24 05:32:28.628,InnoDB,rwlock: hash0hash.cc:117,,482,
1787549548.626,2026-08-24 05:32:28.628,InnoDB,rwlock: hash0hash.cc:117,,537,
1787549548.626,2026-08-24 05:32:28.628,InnoDB,rwlock: hash0hash.cc:117,,991,
1787549548.626,2026-08-24 05:32:28.628,InnoDB,rwlock: hash0hash.cc:117,,589,
1787549548.626,2026-08-24 05:32:28.628,InnoDB,rwlock: hash0hash.cc:117,,962,
1787549548.626,2026-08-24 05:32:28.628,InnoDB,rwlock: hash0hash.cc:117,,872,
1787549548.626,2026-08-24 05:32:28.628,InnoDB,rwlock: hash0hash.cc:117,,534,
1787549548.626,2026-08-24 05:32:28.628,InnoDB,rwlock: hash0hash.cc:117,,1148,
1787549548.626,2026-08-24 05:32:28.628,InnoDB,rwlock: hash0hash.cc:117,,556,
1787549548.626,2026-08-24 05:32:28.628,InnoDB,rwlock: hash0hash.cc:117,,568,
1787549548.626,2026-08-24 05:32:28.628,InnoDB,rwlock: hash0hash.cc:117,,500,
1787549548.626,2026-08-24 05:32:28.628,InnoDB,rwlock: hash0hash.cc:117,,2172,
1787549548.626,2026-08-24 05:32:28.628,InnoDB,rwlock: hash0hash.cc:117,,731,
1787549548.626,2026-08-24 05:32:28.628,InnoDB,rwlock: hash0hash.cc:117,,687,
1787549548.626,2026-08-24 05:32:28.628,InnoDB,rwlock: hash0hash.cc:117,,1298,
1787549548.626,2026-08-24 05:32:28.628,InnoDB,rwlock: hash0hash.cc:117,,2097,
1787549548.626,2026-08-24 05:32:28.628,InnoDB,rwlock: hash0hash.cc:117,,1138,
1787549548.626,2026-08-24 05:32:28.628,InnoDB,rwlock: hash0hash.cc:117,,650,
1787549548.626,2026-08-24 05:32:28.628,InnoDB,rwlock: hash0hash.cc:117,,1039,
1787549548.626,2026-08-24 05:32:28.628,InnoDB,rwlock: hash0hash.cc:117,,716,
1787549548.626,2026-08-24 05:32:28.628,InnoDB,rwlock: hash0hash.cc:117,,747,
1787549548.626,2026-08-24 05:32:28.628,InnoDB,rwlock: hash0hash.cc:117,,1339,
1787549548.626,2026-08-24 05:32:28.628,InnoDB,rwlock: hash0hash.cc:117,,1805,
1787549548.626,2026-08-24 05:32:28.628,InnoDB,rwlock: hash0hash.cc:117,,1329,
1787549548.626,2026-08-24 05:32:28.628,InnoDB,rwlock: hash0hash.cc:117,,597,
1787549548.626,2026-08-24 05:32:28.628,InnoDB,rwlock: hash0hash.cc:117,,798,
1787549548.626,2026-08-24 05:32:28.628,InnoDB,rwlock: hash0hash.cc:117,,830,
1787549548.626,2026-08-24 05:32:28.628,InnoDB,rwlock: hash0hash.cc:117,,699,
1787549548.626,2026-08-24 05:32:28.628,InnoDB,rwlock: hash0hash.cc:117,,830,
1787549548.626,2026-08-24 05:32:28.628,InnoDB,rwlock: hash0hash.cc:117,,752,
1787549548.626,2026-08-24 05:32:28.628,InnoDB,rwlock: hash0hash.cc:117,,744,
1787549548.626,2026-08-24 05:32:28.628,InnoDB,rwlock: hash0hash.cc:117,,647,
1787549548.626,2026-08-24 05:32:28.628,InnoDB,rwlock: hash0hash.cc:117,,692,
1787549548.626,2026-08-24 05:32:28.628,InnoDB,rwlock: hash0hash.cc:117,,391,
1787549548.626,2026-08-24 05:32:28.628,InnoDB,rwlock: hash0hash.cc:117,,688,
1787549548.626,2026-08-24 05:32:28.628,InnoDB,rwlock: hash0hash.cc:117,,1029,
1787549548.626,2026-08-24 05:32:28.628,InnoDB,rwlock: hash0hash.cc:117,,758,
1787549548.626,2026-08-24 05:32:28.628,InnoDB,rwlock: hash0hash.cc:117,,673,
1787549548.626,2026-08-24 05:32:28.628,InnoDB,rwlock: hash0hash.cc:117,,686,
1787549548.626,2026-08-24 05:32:28.628,InnoDB,rwlock: hash0hash.cc:117,,776,
1787549548.626,2026-08-24 05:32:28.628,InnoDB,rwlock: hash0hash.cc:117,,840,
1787549548.626,2026-08-24 05:32:28.628,InnoDB,rwlock: hash0hash.cc:117,,2581,
1787549548.626,2026-08-24 05:32:28.628,InnoDB,rwlock: hash0hash.cc:117,,2970,
1787549548.626,2026-08-24 05:32:28.628,InnoDB,rwlock: hash0hash.cc:117,,2634,
1787549548.626,2026-08-24 05:32:28.628,InnoDB,rwlock: hash0hash.cc:117,,858,
1787549548.626,2026-08-24 05:32:28.628,InnoDB,rwlock: hash0hash.cc:117,,1379,
1787549548.626,2026-08-24 05:32:28.628,InnoDB,rwlock: hash0hash.cc:117,,1091,
1787549548.626,2026-08-24 05:32:28.628,InnoDB,rwlock: hash0hash.cc:117,,1198,
1787549548.626,2026-08-24 05:32:28.628,InnoDB,rwlock: hash0hash.cc:117,,1010,
1787549548.626,2026-08-24 05:32:28.628,InnoDB,rwlock: hash0hash.cc:117,,3393,
1787549548.626,2026-08-24 05:32:28.628,InnoDB,rwlock: hash0hash.cc:117,,3090,
1787549548.626,2026-08-24 05:32:28.628,InnoDB,rwlock: hash0hash.cc:117,,1291,
1787549548.626,2026-08-24 05:32:28.628,InnoDB,rwlock: hash0hash.cc:117,,2621,
1787549548.626,2026-08-24 05:32:28.628,InnoDB,rwlock: hash0hash.cc:117,,1431,
1787549548.626,2026-08-24 05:32:28.628,InnoDB,rwlock: hash0hash.cc:117,,1036,
1787549548.626,2026-08-24 05:32:28.628,InnoDB,rwlock: hash0hash.cc:117,,1161,
1787549548.626,2026-08-24 05:32:28.628,InnoDB,rwlock: hash0hash.cc:117,,2877,
1787549548.626,2026-08-24 05:32:28.628,InnoDB,rwlock: hash0hash.cc:117,,2316,
1787549548.626,2026-08-24 05:32:28.628,InnoDB,rwlock: hash0hash.cc:117,,1172,
1787549548.626,2026-08-24 05:32:28.628,InnoDB,rwlock: hash0hash.cc:117,,2431,
1787549548.626,2026-08-24 05:32:28.628,InnoDB,rwlock: hash0hash.cc:117,,1232,
1787549548.626,2026-08-24 05:32:28.628,InnoDB,rwlock: hash0hash.cc:117,,1070,
1787549548.626,2026-08-24 05:32:28.628,InnoDB,rwlock: hash0hash.cc:117,,1568,
1787549548.626,2026-08-24 05:32:28.628,InnoDB,rwlock: hash0hash.cc:117,,2395,
1787549548.626,2026-08-24 05:32:28.628,InnoDB,rwlock: hash0hash.cc:117,,2001,
1787549548.626,2026-08-24 05:32:28.628,InnoDB,rwlock: hash0hash.cc:117,,852,
1787549548.626,2026-08-24 05:32:28.628,InnoDB,rwlock: hash0hash.cc:117,,1136,
1787549548.626,2026-08-24 05:32:28.628,InnoDB,rwlock: hash0hash.cc:117,,1202,
1787549548.626,2026-08-24 05:32:28.628,InnoDB,rwlock: hash0hash.cc:117,,3220,
1787549548.626,2026-08-24 05:32:28.628,InnoDB,rwlock: hash0hash.cc:117,,2576,
1787549548.626,2026-08-24 05:32:28.628,InnoDB,rwlock: hash0hash.cc:117,,1939,
1787549548.626,2026-08-24 05:32:28.628,InnoDB,rwlock: hash0hash.cc:117,,948,
1787549548.626,2026-08-24 05:32:28.628,InnoDB,rwlock: hash0hash.cc:117,,1003,
1787549548.626,2026-08-24 05:32:28.628,InnoDB,sum rwlock: buf0buf.cc:852,,445169,
1787549566.955,2026-08-24 05:32:46.956,InnoDB,SRV_SYS,11646344,299488,1158344
1787549566.955,2026-08-24 05:32:46.956,InnoDB,TRX_SYS,22106047,276516,10038819
1787549566.955,2026-08-24 05:32:46.956,InnoDB,LOG_WRITER,3795476,126422,1785
1787549566.955,2026-08-24 05:32:46.956,InnoDB,BUF_POOL_LRU_LIST,6458785,98103,2547043
1787549566.955,2026-08-24 05:32:46.956,InnoDB,BUF_POOL_LRU_LIST,6067607,97833,2293044
1787549566.955,2026-08-24 05:32:46.956,InnoDB,BUF_POOL_LRU_LIST,6186329,91165,2498982
1787549566.955,2026-08-24 05:32:46.956,InnoDB,BUF_POOL_LRU_LIST,6165644,88000,2593572
1787549566.955,2026-08-24 05:32:46.956,InnoDB,BUF_POOL_LRU_LIST,5809602,85503,2445406
1787549566.955,2026-08-24 05:32:46.956,InnoDB,BUF_POOL_LRU_LIST,5955008,84784,2554994
1787549566.955,2026-08-24 05:32:46.956,InnoDB,DICT_SYS,31749196,34533,21738200
1787549566.955,2026-08-24 05:32:46.956,InnoDB,FLUSH_LIST,1078901,29961,151322
1787549566.955,2026-08-24 05:32:46.956,InnoDB,FLUSH_LIST,918318,24794,142487
1787549566.955,2026-08-24 05:32:46.956,InnoDB,BUF_POOL_FLUSH_STATE,1464470,21105,477879
1787549566.955,2026-08-24 05:32:46.956,InnoDB,FLUSH_LIST,781059,20372,133676
1787549566.955,2026-08-24 05:32:46.956,InnoDB,BUF_POOL_FLUSH_STATE,1415958,20130,457641
1787549566.955,2026-08-24 05:32:46.956,InnoDB,FLUSH_LIST,769735,19966,133310
1787549566.955,2026-08-24 05:32:46.956,InnoDB,BUF_POOL_FLUSH_STATE,1374548,19949,442629
1787549566.955,2026-08-24 05:32:46.956,InnoDB,BUF_POOL_FLUSH_STATE,1414740,19906,455328
1787549566.955,2026-08-24 05:32:46.956,InnoDB,BUF_POOL_FLUSH_STATE,1406333,19881,449186
1787549566.955,2026-08-24 05:32:46.956,InnoDB,BUF_POOL_FLUSH_STATE,1392735,19528,451804
1787549566.955,2026-08-24 05:32:46.956,InnoDB,FLUSH_LIST,697464,17462,134846
1787549566.955,2026-08-24 05:32:46.956,InnoDB,FLUSH_LIST,668156,16477,136812
1787549566.955,2026-08-24 05:32:46.956,InnoDB,PURGE_SYS_PQ,1948434,13925,1253594
1787549566.955,2026-08-24 05:32:46.956,InnoDB,TRX_SYS_SERIALISATION,1328077,11998,798370
1787549566.955,2026-08-24 05:32:46.956,InnoDB,FIL_SHARD,156778,2817,40553
1787549566.955,2026-08-24 05:32:46.956,InnoDB,FIL_SHARD,168126,2778,44775
1787549566.955,2026-08-24 05:32:46.956,InnoDB,FIL_SHARD,148683,2689,39559
1787549566.955,2026-08-24 05:32:46.956,InnoDB,FIL_SHARD,148960,2638,40227
1787549566.955,2026-08-24 05:32:46.956,InnoDB,FIL_SHARD,138233,2518,37842
1787549566.955,2026-08-24 05:32:46.956,InnoDB,FIL_SHARD,142086,2490,40649
1787549566.955,2026-08-24 05:32:46.956,InnoDB,FIL_SHARD,136646,2428,37696
1787549566.955,2026-08-24 05:32:46.956,InnoDB,TRX,723329,2421,1083145
1787549566.955,2026-08-24 05:32:46.956,InnoDB,FIL_SHARD,135692,2416,38499
1787549566.955,2026-08-24 05:32:46.956,InnoDB,FIL_SHARD,135795,2406,38716
1787549566.955,2026-08-24 05:32:46.956,InnoDB,FIL_SHARD,133148,2380,38319
1787549566.955,2026-08-24 05:32:46.956,InnoDB,FIL_SHARD,132053,2341,37397
1787549566.955,2026-08-24 05:32:46.956,InnoDB,FIL_SHARD,129232,2298,37843
1787549566.955,2026-08-24 05:32:46.956,InnoDB,FIL_SHARD,128654,2269,36797
1787549566.955,2026-08-24 05:32:46.956,InnoDB,FIL_SHARD,125713,2258,35850
1787549566.955,2026-08-24 05:32:46.956,InnoDB,FIL_SHARD,129540,2250,37109
1787549566.955,2026-08-24 05:32:46.956,InnoDB,FIL_SHARD,123856,2160,35798
1787549566.955,2026-08-24 05:32:46.956,InnoDB,FIL_SHARD,124667,2159,37855
1787549566.955,2026-08-24 05:32:46.956,InnoDB,FIL_SHARD,124378,2155,37029
1787549566.955,2026-08-24 05:32:46.956,InnoDB,FIL_SHARD,114338,1989,34325
1787549566.955,2026-08-24 05:32:46.956,InnoDB,FIL_SHARD,109679,1970,32196
1787549566.955,2026-08-24 05:32:46.956,InnoDB,LOCK_SYS_TABLE,87935,1241,39980
1787549566.955,2026-08-24 05:32:46.956,InnoDB,LOCK_SYS_TABLE,85915,1198,40110
1787549566.955,2026-08-24 05:32:46.956,InnoDB,LOG_FILES,42014,1197,1468
1787549566.955,2026-08-24 05:32:46.956,InnoDB,LOCK_SYS_TABLE,84527,1166,39131
1787549566.955,2026-08-24 05:32:46.956,InnoDB,LOCK_SYS_TABLE,85175,1164,39180
1787549566.955,2026-08-24 05:32:46.956,InnoDB,LOCK_SYS_TABLE,83887,1154,40324
1787549566.955,2026-08-24 05:32:46.956,InnoDB,LOCK_SYS_TABLE,86939,1146,41253
1787549566.955,2026-08-24 05:32:46.956,InnoDB,LOCK_SYS_TABLE,84256,1145,40390
1787549566.955,2026-08-24 05:32:46.956,InnoDB,LOCK_SYS_TABLE,83592,1125,41648
1787549566.955,2026-08-24 05:32:46.956,InnoDB,LOCK_SYS_TABLE,81991,1123,40162
1787549566.955,2026-08-24 05:32:46.956,InnoDB,LOCK_SYS_TABLE,85468,1120,40744
1787549566.955,2026-08-24 05:32:46.956,InnoDB,LOCK_SYS_TABLE,81962,1110,41005
1787549566.955,2026-08-24 05:32:46.956,InnoDB,LOCK_SYS_TABLE,85590,1104,42567
1787549566.955,2026-08-24 05:32:46.956,InnoDB,LOCK_SYS_TABLE,84686,1102,42525
1787549566.955,2026-08-24 05:32:46.956,InnoDB,BUF_BLOCK_MUTEX,36684,1100,2088
1787549566.955,2026-08-24 05:32:46.956,InnoDB,LOCK_SYS_TABLE,84423,1087,41244
1787549566.955,2026-08-24 05:32:46.956,InnoDB,LOCK_SYS_TABLE,80287,1054,40026
1787549566.955,2026-08-24 05:32:46.956,InnoDB,LOCK_SYS_TABLE,83530,1054,42799
1787549566.955,2026-08-24 05:32:46.956,InnoDB,LOCK_SYS_TABLE,82261,1052,39833
1787549566.955,2026-08-24 05:32:46.956,InnoDB,LOG_FLUSHER,41623,1033,1774
1787549566.955,2026-08-24 05:32:46.956,InnoDB,LOCK_SYS_TABLE,82872,1030,42032
1787549566.955,2026-08-24 05:32:46.956,InnoDB,LOCK_SYS_TABLE,76206,925,38763
1787549566.955,2026-08-24 05:32:46.956,InnoDB,LOCK_SYS_TABLE,75261,897,38213
1787549566.955,2026-08-24 05:32:46.956,InnoDB,SRV_SYS_TASKS,480887,851,456283
1787549566.955,2026-08-24 05:32:46.956,InnoDB,PAGE_CLEANER,326635,501,212059
1787549566.955,2026-08-24 05:32:46.956,InnoDB,FIL_SHARD,29741,342,26775
1787549566.955,2026-08-24 05:32:46.956,InnoDB,FIL_SHARD,27688,265,26734
1787549566.955,2026-08-24 05:32:46.956,InnoDB,DICT_PERSIST_DIRTY_TABLES,608988,233,248069
1787549566.955,2026-08-24 05:32:46.956,InnoDB,IBUF_BITMAP,17401,162,9949
1787549566.955,2026-08-24 05:32:46.956,InnoDB,BUF_POOL_FREE_LIST,47025,90,42369
1787549566.955,2026-08-24 05:32:46.956,InnoDB,BUF_POOL_FREE_LIST,34385,72,32830
1787549566.955,2026-08-24 05:32:46.956,InnoDB,BUF_POOL_FREE_LIST,48354,67,43744
1787549566.955,2026-08-24 05:32:46.956,InnoDB,BUF_POOL_FREE_LIST,39352,56,36973
1787549566.955,2026-08-24 05:32:46.956,InnoDB,BUF_POOL_FREE_LIST,35885,56,35594
1787549566.955,2026-08-24 05:32:46.956,InnoDB,BUF_POOL_FREE_LIST,34016,53,32971
1787549566.955,2026-08-24 05:32:46.956,InnoDB,UNDO_SPACE_RSEG,4203,43,1421
1787549566.955,2026-08-24 05:32:46.956,InnoDB,UNDO_SPACE_RSEG,4301,40,1473
1787549566.955,2026-08-24 05:32:46.956,InnoDB,UNDO_SPACE_RSEG,4079,40,1397
1787549566.955,2026-08-24 05:32:46.956,InnoDB,UNDO_SPACE_RSEG,3974,39,1418
1787549566.955,2026-08-24 05:32:46.956,InnoDB,UNDO_SPACE_RSEG,4145,39,1450
1787549566.955,2026-08-24 05:32:46.956,InnoDB,UNDO_SPACE_RSEG,4020,39,1362
1787549566.955,2026-08-24 05:32:46.956,InnoDB,UNDO_SPACE_RSEG,4047,38,1418
1787549566.955,2026-08-24 05:32:46.956,InnoDB,UNDO_SPACE_RSEG,3935,38,1417
1787549566.955,2026-08-24 05:32:46.956,InnoDB,UNDO_SPACE_RSEG,4240,38,1482
1787549566.955,2026-08-24 05:32:46.956,InnoDB,UNDO_SPACE_RSEG,4029,38,1411
1787549566.955,2026-08-24 05:32:46.956,InnoDB,UNDO_SPACE_RSEG,4281,38,1484
1787549566.955,2026-08-24 05:32:46.956,InnoDB,UNDO_SPACE_RSEG,4007,37,1418
1787549566.955,2026-08-24 05:32:46.956,InnoDB,UNDO_SPACE_RSEG,3984,37,1421
1787549566.955,2026-08-24 05:32:46.956,InnoDB,UNDO_SPACE_RSEG,3922,37,1395
1787549566.955,2026-08-24 05:32:46.956,InnoDB,UNDO_SPACE_RSEG,3898,37,1405
1787549566.955,2026-08-24 05:32:46.956,InnoDB,UNDO_SPACE_RSEG,4062,37,1471
1787549566.955,2026-08-24 05:32:46.956,InnoDB,UNDO_SPACE_RSEG,4199,37,1498
1787549566.955,2026-08-24 05:32:46.956,InnoDB,UNDO_SPACE_RSEG,4227,37,1454
1787549566.955,2026-08-24 05:32:46.956,InnoDB,UNDO_SPACE_RSEG,3939,36,1392
1787549566.955,2026-08-24 05:32:46.956,InnoDB,UNDO_SPACE_RSEG,4057,36,1475
1787549566.955,2026-08-24 05:32:46.956,InnoDB,UNDO_SPACE_RSEG,3777,36,1395
1787549566.955,2026-08-24 05:32:46.956,InnoDB,UNDO_SPACE_RSEG,4010,36,1450
1787549566.955,2026-08-24 05:32:46.956,InnoDB,UNDO_SPACE_RSEG,3953,36,1442
1787549566.955,2026-08-24 05:32:46.956,InnoDB,UNDO_SPACE_RSEG,3993,36,1393
1787549566.955,2026-08-24 05:32:46.956,InnoDB,UNDO_SPACE_RSEG,4009,36,1375
1787549566.955,2026-08-24 05:32:46.956,InnoDB,UNDO_SPACE_RSEG,3871,35,1405
1787549566.955,2026-08-24 05:32:46.956,InnoDB,UNDO_SPACE_RSEG,4160,35,1511
1787549566.955,2026-08-24 05:32:46.956,InnoDB,UNDO_SPACE_RSEG,3978,35,1384
1787549566.955,2026-08-24 05:32:46.956,InnoDB,UNDO_SPACE_RSEG,4009,35,1439
1787549566.955,2026-08-24 05:32:46.956,InnoDB,UNDO_SPACE_RSEG,4064,35,1459
1787549566.955,2026-08-24 05:32:46.956,InnoDB,UNDO_SPACE_RSEG,3817,34,1394
1787549566.955,2026-08-24 05:32:46.956,InnoDB,UNDO_SPACE_RSEG,3963,34,1405
1787549566.955,2026-08-24 05:32:46.956,InnoDB,UNDO_SPACE_RSEG,4056,34,1441
1787549566.955,2026-08-24 05:32:46.956,InnoDB,UNDO_SPACE_RSEG,4012,34,1487
1787549566.955,2026-08-24 05:32:46.956,InnoDB,UNDO_SPACE_RSEG,3894,34,1412
1787549566.955,2026-08-24 05:32:46.956,InnoDB,UNDO_SPACE_RSEG,3697,33,1353
1787549566.955,2026-08-24 05:32:46.956,InnoDB,UNDO_SPACE_RSEG,3843,33,1459
1787549566.955,2026-08-24 05:32:46.956,InnoDB,UNDO_SPACE_RSEG,4065,33,1454
1787549566.955,2026-08-24 05:32:46.956,InnoDB,UNDO_SPACE_RSEG,3795,33,1404
1787549566.955,2026-08-24 05:32:46.956,InnoDB,UNDO_SPACE_RSEG,3918,33,1488
1787549566.955,2026-08-24 05:32:46.956,InnoDB,UNDO_SPACE_RSEG,4020,33,1477
1787549566.955,2026-08-24 05:32:46.956,InnoDB,UNDO_SPACE_RSEG,3885,33,1423
1787549566.955,2026-08-24 05:32:46.956,InnoDB,UNDO_SPACE_RSEG,3769,33,1340
1787549566.955,2026-08-24 05:32:46.956,InnoDB,UNDO_SPACE_RSEG,3810,33,1391
1787549566.955,2026-08-24 05:32:46.956,InnoDB,UNDO_SPACE_RSEG,3876,33,1436
1787549566.955,2026-08-24 05:32:46.956,InnoDB,UNDO_SPACE_RSEG,4174,33,1506
1787549566.955,2026-08-24 05:32:46.956,InnoDB,LOCK_SYS_PAGE,1831,33,541
1787549566.955,2026-08-24 05:32:46.956,InnoDB,UNDO_SPACE_RSEG,3962,33,1438
1787549566.955,2026-08-24 05:32:46.956,InnoDB,UNDO_SPACE_RSEG,4170,33,1493
1787549566.955,2026-08-24 05:32:46.956,InnoDB,UNDO_SPACE_RSEG,3755,33,1335
1787549566.955,2026-08-24 05:32:46.956,InnoDB,UNDO_SPACE_RSEG,3908,32,1472
1787549566.955,2026-08-24 05:32:46.956,InnoDB,UNDO_SPACE_RSEG,4139,32,1528
1787549566.955,2026-08-24 05:32:46.956,InnoDB,UNDO_SPACE_RSEG,3864,32,1391
1787549566.955,2026-08-24 05:32:46.956,InnoDB,UNDO_SPACE_RSEG,3983,32,1471
1787549566.955,2026-08-24 05:32:46.956,InnoDB,UNDO_SPACE_RSEG,3770,32,1359
1787549566.955,2026-08-24 05:32:46.956,InnoDB,UNDO_SPACE_RSEG,4202,32,1499
1787549566.955,2026-08-24 05:32:46.956,InnoDB,UNDO_SPACE_RSEG,4007,32,1486
1787549566.955,2026-08-24 05:32:46.956,InnoDB,UNDO_SPACE_RSEG,3694,32,1397
1787549566.955,2026-08-24 05:32:46.956,InnoDB,UNDO_SPACE_RSEG,3881,32,1422
1787549566.955,2026-08-24 05:32:46.956,InnoDB,UNDO_SPACE_RSEG,3743,32,1360
1787549566.955,2026-08-24 05:32:46.956,InnoDB,UNDO_SPACE_RSEG,3806,31,1389
1787549566.955,2026-08-24 05:32:46.956,InnoDB,UNDO_SPACE_RSEG,3956,31,1437
1787549566.955,2026-08-24 05:32:46.956,InnoDB,UNDO_SPACE_RSEG,3773,31,1357
1787549566.955,2026-08-24 05:32:46.956,InnoDB,UNDO_SPACE_RSEG,3640,31,1370
1787549566.955,2026-08-24 05:32:46.956,InnoDB,UNDO_SPACE_RSEG,3805,31,1373
1787549566.955,2026-08-24 05:32:46.956,InnoDB,UNDO_SPACE_RSEG,3965,31,1480
1787549566.955,2026-08-24 05:32:46.956,InnoDB,UNDO_SPACE_RSEG,4094,31,1514
1787549566.955,2026-08-24 05:32:46.956,InnoDB,UNDO_SPACE_RSEG,3846,31,1371
1787549566.955,2026-08-24 05:32:46.956,InnoDB,UNDO_SPACE_RSEG,3611,31,1365
1787549566.955,2026-08-24 05:32:46.956,InnoDB,UNDO_SPACE_RSEG,3990,31,1453
1787549566.955,2026-08-24 05:32:46.956,InnoDB,UNDO_SPACE_RSEG,3862,31,1486
1787549566.955,2026-08-24 05:32:46.956,InnoDB,UNDO_SPACE_RSEG,3641,31,1406
1787549566.955,2026-08-24 05:32:46.956,InnoDB,UNDO_SPACE_RSEG,3797,31,1412
1787549566.955,2026-08-24 05:32:46.956,InnoDB,UNDO_SPACE_RSEG,3668,31,1420
1787549566.955,2026-08-24 05:32:46.956,InnoDB,UNDO_SPACE_RSEG,3809,31,1398
1787549566.955,2026-08-24 05:32:46.956,InnoDB,UNDO_SPACE_RSEG,3766,30,1433
1787549566.955,2026-08-24 05:32:46.956,InnoDB,UNDO_SPACE_RSEG,3814,30,1373
1787549566.955,2026-08-24 05:32:46.956,InnoDB,LOCK_SYS_PAGE,1651,30,543
1787549566.955,2026-08-24 05:32:46.956,InnoDB,UNDO_SPACE_RSEG,3649,30,1362
1787549566.955,2026-08-24 05:32:46.956,InnoDB,UNDO_SPACE_RSEG,3761,30,1431
1787549566.955,2026-08-24 05:32:46.956,InnoDB,UNDO_SPACE_RSEG,3713,30,1392
1787549566.955,2026-08-24 05:32:46.956,InnoDB,UNDO_SPACE_RSEG,3870,30,1416
1787549566.955,2026-08-24 05:32:46.956,InnoDB,UNDO_SPACE_RSEG,3838,30,1422
1787549566.955,2026-08-24 05:32:46.956,InnoDB,UNDO_SPACE_RSEG,3872,30,1436
1787549566.955,2026-08-24 05:32:46.956,InnoDB,UNDO_SPACE_RSEG,3790,30,1437
1787549566.955,2026-08-24 05:32:46.956,InnoDB,UNDO_SPACE_RSEG,3965,30,1451
1787549566.955,2026-08-24 05:32:46.956,InnoDB,UNDO_SPACE_RSEG,3608,30,1359
1787549566.955,2026-08-24 05:32:46.956,InnoDB,UNDO_SPACE_RSEG,3882,30,1480
1787549566.955,2026-08-24 05:32:46.956,InnoDB,UNDO_SPACE_RSEG,3784,30,1384
1787549566.955,2026-08-24 05:32:46.956,InnoDB,UNDO_SPACE_RSEG,3855,30,1402
1787549566.955,2026-08-24 05:32:46.956,InnoDB,UNDO_SPACE_RSEG,3843,30,1470
1787549566.955,2026-08-24 05:32:46.956,InnoDB,UNDO_SPACE_RSEG,3864,29,1459
1787549566.955,2026-08-24 05:32:46.956,InnoDB,UNDO_SPACE_RSEG,3824,29,1382
1787549566.955,2026-08-24 05:32:46.956,InnoDB,UNDO_SPACE_RSEG,3872,29,1420
1787549566.955,2026-08-24 05:32:46.956,InnoDB,UNDO_SPACE_RSEG,3921,29,1483
1787549566.955,2026-08-24 05:32:46.956,InnoDB,UNDO_SPACE_RSEG,3650,29,1396
1787549566.955,2026-08-24 05:32:46.956,InnoDB,UNDO_SPACE_RSEG,3643,29,1435
1787549566.955,2026-08-24 05:32:46.956,InnoDB,UNDO_SPACE_RSEG,4105,29,1481
1787549566.955,2026-08-24 05:32:46.956,InnoDB,UNDO_SPACE_RSEG,3813,29,1454
1787549566.955,2026-08-24 05:32:46.956,InnoDB,UNDO_SPACE_RSEG,3811,29,1440
1787549566.955,2026-08-24 05:32:46.956,InnoDB,UNDO_SPACE_RSEG,3773,29,1414
1787549566.955,2026-08-24 05:32:46.956,InnoDB,UNDO_SPACE_RSEG,3669,29,1408
1787549566.955,2026-08-24 05:32:46.956,InnoDB,UNDO_SPACE_RSEG,3620,29,1406
1787549566.955,2026-08-24 05:32:46.956,InnoDB,UNDO_SPACE_RSEG,3709,29,1436
1787549566.955,2026-08-24 05:32:46.956,InnoDB,UNDO_SPACE_RSEG,3638,29,1407
1787549566.955,2026-08-24 05:32:46.956,InnoDB,UNDO_SPACE_RSEG,3642,29,1373
1787549566.955,2026-08-24 05:32:46.956,InnoDB,UNDO_SPACE_RSEG,3699,29,1369
1787549566.955,2026-08-24 05:32:46.956,InnoDB,UNDO_SPACE_RSEG,3822,29,1401
1787549566.955,2026-08-24 05:32:46.956,InnoDB,UNDO_SPACE_RSEG,3882,29,1465
1787549566.955,2026-08-24 05:32:46.956,InnoDB,UNDO_SPACE_RSEG,3988,29,1479
1787549566.955,2026-08-24 05:32:46.956,InnoDB,UNDO_SPACE_RSEG,3794,29,1422
1787549566.955,2026-08-24 05:32:46.956,InnoDB,UNDO_SPACE_RSEG,3788,28,1458
1787549566.955,2026-08-24 05:32:46.956,InnoDB,UNDO_SPACE_RSEG,3839,28,1436
1787549566.955,2026-08-24 05:32:46.956,InnoDB,UNDO_SPACE_RSEG,3762,28,1469
1787549566.955,2026-08-24 05:32:46.956,InnoDB,UNDO_SPACE_RSEG,3833,28,1460
1787549566.955,2026-08-24 05:32:46.956,InnoDB,UNDO_SPACE_RSEG,3670,28,1383
1787549566.955,2026-08-24 05:32:46.956,InnoDB,UNDO_SPACE_RSEG,3691,28,1453
1787549566.955,2026-08-24 05:32:46.956,InnoDB,UNDO_SPACE_RSEG,3572,28,1338
1787549566.955,2026-08-24 05:32:46.956,InnoDB,UNDO_SPACE_RSEG,3768,28,1457
1787549566.955,2026-08-24 05:32:46.956,InnoDB,UNDO_SPACE_RSEG,3857,28,1451
1787549566.955,2026-08-24 05:32:46.956,InnoDB,UNDO_SPACE_RSEG,3511,28,1389
1787549566.955,2026-08-24 05:32:46.956,InnoDB,UNDO_SPACE_RSEG,3653,28,1431
1787549566.955,2026-08-24 05:32:46.956,InnoDB,UNDO_SPACE_RSEG,3706,28,1414
1787549566.955,2026-08-24 05:32:46.956,InnoDB,UNDO_SPACE_RSEG,3655,28,1400
1787549566.955,2026-08-24 05:32:46.956,InnoDB,UNDO_SPACE_RSEG,3765,28,1465
1787549566.955,2026-08-24 05:32:46.956,InnoDB,UNDO_SPACE_RSEG,3779,28,1402
1787549566.955,2026-08-24 05:32:46.956,InnoDB,UNDO_SPACE_RSEG,3871,28,1480
1787549566.955,2026-08-24 05:32:46.956,InnoDB,UNDO_SPACE_RSEG,3760,28,1496
1787549566.955,2026-08-24 05:32:46.956,InnoDB,UNDO_SPACE_RSEG,3779,28,1443
1787549566.955,2026-08-24 05:32:46.956,InnoDB,UNDO_SPACE_RSEG,3781,28,1427
1787549566.955,2026-08-24 05:32:46.956,InnoDB,UNDO_SPACE_RSEG,3743,28,1374
1787549566.955,2026-08-24 05:32:46.956,InnoDB,UNDO_SPACE_RSEG,3781,28,1398
1787549566.955,2026-08-24 05:32:46.956,InnoDB,UNDO_SPACE_RSEG,3911,28,1455
1787549566.955,2026-08-24 05:32:46.956,InnoDB,UNDO_SPACE_RSEG,3785,28,1437
1787549566.955,2026-08-24 05:32:46.956,InnoDB,UNDO_SPACE_RSEG,3917,28,1475
1787549566.955,2026-08-24 05:32:46.956,InnoDB,UNDO_SPACE_RSEG,3698,27,1438
1787549566.955,2026-08-24 05:32:46.956,InnoDB,UNDO_SPACE_RSEG,3813,27,1448
1787549566.955,2026-08-24 05:32:46.956,InnoDB,UNDO_SPACE_RSEG,3629,27,1401
1787549566.955,2026-08-24 05:32:46.956,InnoDB,UNDO_SPACE_RSEG,3475,27,1362
1787549566.955,2026-08-24 05:32:46.956,InnoDB,UNDO_SPACE_RSEG,3637,27,1361
1787549566.955,2026-08-24 05:32:46.956,InnoDB,LOCK_SYS_PAGE,1583,27,552
1787549566.955,2026-08-24 05:32:46.956,InnoDB,UNDO_SPACE_RSEG,3792,27,1456
1787549566.955,2026-08-24 05:32:46.956,InnoDB,UNDO_SPACE_RSEG,3763,27,1440
1787549566.955,2026-08-24 05:32:46.956,InnoDB,UNDO_SPACE_RSEG,3899,27,1474
1787549566.955,2026-08-24 05:32:46.956,InnoDB,UNDO_SPACE_RSEG,3720,27,1438
1787549566.955,2026-08-24 05:32:46.956,InnoDB,UNDO_SPACE_RSEG,3768,27,1461
1787549566.955,2026-08-24 05:32:46.956,InnoDB,UNDO_SPACE_RSEG,3719,26,1464
1787549566.955,2026-08-24 05:32:46.956,InnoDB,UNDO_SPACE_RSEG,3723,26,1437
1787549566.955,2026-08-24 05:32:46.956,InnoDB,UNDO_SPACE_RSEG,3828,26,1534
1787549566.955,2026-08-24 05:32:46.956,InnoDB,UNDO_SPACE_RSEG,3612,26,1373
1787549566.955,2026-08-24 05:32:46.956,InnoDB,UNDO_SPACE_RSEG,3623,26,1387
1787549566.955,2026-08-24 05:32:46.956,InnoDB,UNDO_SPACE_RSEG,3685,26,1388
1787549566.955,2026-08-24 05:32:46.956,InnoDB,UNDO_SPACE_RSEG,3804,26,1435
1787549566.955,2026-08-24 05:32:46.956,InnoDB,UNDO_SPACE_RSEG,3632,26,1365
1787549566.955,2026-08-24 05:32:46.956,InnoDB,UNDO_SPACE_RSEG,3290,26,1330
1787549566.955,2026-08-24 05:32:46.956,InnoDB,UNDO_SPACE_RSEG,3637,26,1418
1787549566.955,2026-08-24 05:32:46.956,InnoDB,UNDO_SPACE_RSEG,3778,26,1487
1787549566.955,2026-08-24 05:32:46.956,InnoDB,UNDO_SPACE_RSEG,3664,26,1451
1787549566.955,2026-08-24 05:32:46.956,InnoDB,UNDO_SPACE_RSEG,3826,26,1466
1787549566.955,2026-08-24 05:32:46.956,InnoDB,UNDO_SPACE_RSEG,3685,26,1445
1787549566.955,2026-08-24 05:32:46.956,InnoDB,UNDO_SPACE_RSEG,3649,26,1417
1787549566.955,2026-08-24 05:32:46.956,InnoDB,UNDO_SPACE_RSEG,3601,26,1379
1787549566.955,2026-08-24 05:32:46.956,InnoDB,LOCK_SYS_PAGE,1453,26,564
1787549566.955,2026-08-24 05:32:46.956,InnoDB,UNDO_SPACE_RSEG,3684,26,1451
1787549566.955,2026-08-24 05:32:46.956,InnoDB,LOCK_SYS_PAGE,1414,26,507
1787549566.955,2026-08-24 05:32:46.956,InnoDB,UNDO_SPACE_RSEG,3721,26,1444
1787549566.955,2026-08-24 05:32:46.956,InnoDB,LOCK_SYS_PAGE,1429,26,520
1787549566.955,2026-08-24 05:32:46.956,InnoDB,UNDO_SPACE_RSEG,3657,26,1395
1787549566.955,2026-08-24 05:32:46.956,InnoDB,UNDO_SPACE_RSEG,3724,26,1434
1787549566.955,2026-08-24 05:32:46.956,InnoDB,LOCK_SYS_PAGE,1434,26,477
1787549566.955,2026-08-24 05:32:46.956,InnoDB,UNDO_SPACE_RSEG,3719,26,1396
1787549566.955,2026-08-24 05:32:46.956,InnoDB,UNDO_SPACE_RSEG,3778,26,1497
1787549566.955,2026-08-24 05:32:46.956,InnoDB,UNDO_SPACE_RSEG,3651,26,1441
1787549566.955,2026-08-24 05:32:46.956,InnoDB,UNDO_SPACE_RSEG,3815,25,1430
1787549566.955,2026-08-24 05:32:46.956,InnoDB,UNDO_SPACE_RSEG,3554,25,1406
1787549566.955,2026-08-24 05:32:46.956,InnoDB,UNDO_SPACE_RSEG,3678,25,1397
1787549566.955,2026-08-24 05:32:46.956,InnoDB,UNDO_SPACE_RSEG,3755,25,1466
1787549566.955,2026-08-24 05:32:46.956,InnoDB,UNDO_SPACE_RSEG,3739,25,1407
1787549566.955,2026-08-24 05:32:46.956,InnoDB,UNDO_SPACE_RSEG,3800,25,1480
1787549566.955,2026-08-24 05:32:46.956,InnoDB,UNDO_SPACE_RSEG,3765,25,1470
1787549566.955,2026-08-24 05:32:46.956,InnoDB,UNDO_SPACE_RSEG,3702,25,1417
1787549566.955,2026-08-24 05:32:46.956,InnoDB,UNDO_SPACE_RSEG,3790,25,1456
1787549566.955,2026-08-24 05:32:46.956,InnoDB,UNDO_SPACE_RSEG,3758,25,1438
1787549566.955,2026-08-24 05:32:46.956,InnoDB,UNDO_SPACE_RSEG,3673,25,1383
1787549566.955,2026-08-24 05:32:46.956,InnoDB,UNDO_SPACE_RSEG,3492,25,1356
1787549566.955,2026-08-24 05:32:46.956,InnoDB,UNDO_SPACE_RSEG,3730,25,1433
1787549566.955,2026-08-24 05:32:46.956,InnoDB,UNDO_SPACE_RSEG,3741,25,1435
1787549566.955,2026-08-24 05:32:46.956,InnoDB,UNDO_SPACE_RSEG,4021,25,1518
1787549566.955,2026-08-24 05:32:46.956,InnoDB,UNDO_SPACE_RSEG,3857,25,1473
1787549566.955,2026-08-24 05:32:46.956,InnoDB,UNDO_SPACE_RSEG,3734,25,1482
1787549566.955,2026-08-24 05:32:46.956,InnoDB,UNDO_SPACE_RSEG,3741,25,1417
1787549566.955,2026-08-24 05:32:46.956,InnoDB,UNDO_SPACE_RSEG,3587,25,1436
1787549566.955,2026-08-24 05:32:46.956,InnoDB,UNDO_SPACE_RSEG,3791,24,1429
1787549566.955,2026-08-24 05:32:46.956,InnoDB,UNDO_SPACE_RSEG,3502,24,1378
1787549566.955,2026-08-24 05:32:46.956,InnoDB,LOCK_SYS_PAGE,1321,24,496
1787549566.955,2026-08-24 05:32:46.956,InnoDB,UNDO_SPACE_RSEG,3757,24,1384
1787549566.955,2026-08-24 05:32:46.956,InnoDB,UNDO_SPACE_RSEG,3695,24,1518
1787549566.955,2026-08-24 05:32:46.956,InnoDB,UNDO_SPACE_RSEG,3577,24,1354
1787549566.955,2026-08-24 05:32:46.956,InnoDB,UNDO_SPACE_RSEG,3701,24,1431
1787549566.955,2026-08-24 05:32:46.956,InnoDB,UNDO_SPACE_RSEG,3811,24,1493
1787549566.955,2026-08-24 05:32:46.956,InnoDB,UNDO_SPACE_RSEG,3668,24,1425
1787549566.955,2026-08-24 05:32:46.956,InnoDB,UNDO_SPACE_RSEG,3707,24,1447
1787549566.955,2026-08-24 05:32:46.956,InnoDB,UNDO_SPACE_RSEG,3726,24,1394
1787549566.955,2026-08-24 05:32:46.956,InnoDB,UNDO_SPACE_RSEG,3476,24,1365
1787549566.955,2026-08-24 05:32:46.956,InnoDB,UNDO_SPACE_RSEG,3550,24,1411
1787549566.955,2026-08-24 05:32:46.956,InnoDB,UNDO_SPACE_RSEG,3488,24,1379
1787549566.955,2026-08-24 05:32:46.956,InnoDB,UNDO_SPACE_RSEG,3499,24,1425
1787549566.955,2026-08-24 05:32:46.956,InnoDB,UNDO_SPACE_RSEG,3585,24,1396
1787549566.955,2026-08-24 05:32:46.956,InnoDB,UNDO_SPACE_RSEG,3680,24,1453
1787549566.955,2026-08-24 05:32:46.956,InnoDB,UNDO_SPACE_RSEG,3785,24,1451
1787549566.955,2026-08-24 05:32:46.956,InnoDB,UNDO_SPACE_RSEG,3527,24,1370
1787549566.955,2026-08-24 05:32:46.956,InnoDB,UNDO_SPACE_RSEG,3549,24,1368
1787549566.955,2026-08-24 05:32:46.956,InnoDB,UNDO_SPACE_RSEG,3736,23,1495
1787549566.955,2026-08-24 05:32:46.956,InnoDB,LOCK_SYS_PAGE,1327,23,567
1787549566.955,2026-08-24 05:32:46.956,InnoDB,LOCK_SYS_WAIT,728,23,25
1787549566.955,2026-08-24 05:32:46.956,InnoDB,LOCK_SYS_PAGE,1420,23,597
1787549566.955,2026-08-24 05:32:46.956,InnoDB,UNDO_SPACE_RSEG,3953,23,1483
1787549566.955,2026-08-24 05:32:46.956,InnoDB,UNDO_SPACE_RSEG,3439,23,1377
1787549566.955,2026-08-24 05:32:46.956,InnoDB,UNDO_SPACE_RSEG,3662,23,1446
1787549566.955,2026-08-24 05:32:46.956,InnoDB,UNDO_SPACE_RSEG,3568,23,1443
1787549566.955,2026-08-24 05:32:46.956,InnoDB,UNDO_SPACE_RSEG,3580,23,1480
1787549566.955,2026-08-24 05:32:46.956,InnoDB,LOCK_SYS_PAGE,1410,23,557
1787549566.955,2026-08-24 05:32:46.956,InnoDB,UNDO_SPACE_RSEG,3750,23,1431
1787549566.955,2026-08-24 05:32:46.956,InnoDB,UNDO_SPACE_RSEG,3682,23,1392
1787549566.955,2026-08-24 05:32:46.956,InnoDB,LOCK_SYS_PAGE,1445,23,561
1787549566.955,2026-08-24 05:32:46.956,InnoDB,UNDO_SPACE_RSEG,3739,22,1468
1787549566.955,2026-08-24 05:32:46.956,InnoDB,UNDO_SPACE_RSEG,3516,22,1425
1787549566.955,2026-08-24 05:32:46.956,InnoDB,LOCK_SYS_PAGE,1285,22,537
1787549566.955,2026-08-24 05:32:46.956,InnoDB,UNDO_SPACE_RSEG,3518,22,1429
1787549566.955,2026-08-24 05:32:46.956,InnoDB,UNDO_SPACE_RSEG,3516,22,1414
1787549566.955,2026-08-24 05:32:46.956,InnoDB,UNDO_SPACE_RSEG,3586,22,1489
1787549566.955,2026-08-24 05:32:46.956,InnoDB,LOCK_SYS_PAGE,1320,22,510
1787549566.955,2026-08-24 05:32:46.956,InnoDB,LOCK_SYS_PAGE,1331,22,530
1787549566.955,2026-08-24 05:32:46.956,InnoDB,LOCK_SYS_PAGE,1273,22,507
1787549566.955,2026-08-24 05:32:46.956,InnoDB,LOCK_SYS_PAGE,1442,22,543
1787549566.955,2026-08-24 05:32:46.956,InnoDB,UNDO_SPACE_RSEG,3631,22,1448
1787549566.955,2026-08-24 05:32:46.956,InnoDB,LOCK_SYS_PAGE,1279,22,533
1787549566.955,2026-08-24 05:32:46.956,InnoDB,LOCK_SYS_PAGE,1358,22,584
1787549566.955,2026-08-24 05:32:46.956,InnoDB,LOCK_SYS_PAGE,1186,21,478
1787549566.955,2026-08-24 05:32:46.956,InnoDB,UNDO_SPACE_RSEG,3546,21,1382
1787549566.955,2026-08-24 05:32:46.956,InnoDB,UNDO_SPACE_RSEG,3489,21,1374
1787549566.955,2026-08-24 05:32:46.956,InnoDB,UNDO_SPACE_RSEG,3649,21,1444
1787549566.955,2026-08-24 05:32:46.956,InnoDB,LOCK_SYS_PAGE,1273,21,518
1787549566.955,2026-08-24 05:32:46.956,InnoDB,LOCK_SYS_PAGE,1261,21,550
1787549566.955,2026-08-24 05:32:46.956,InnoDB,UNDO_SPACE_RSEG,3766,21,1511
1787549566.955,2026-08-24 05:32:46.956,InnoDB,LOCK_SYS_PAGE,1329,21,543
1787549566.955,2026-08-24 05:32:46.956,InnoDB,UNDO_SPACE_RSEG,3569,21,1406
1787549566.955,2026-08-24 05:32:46.956,InnoDB,LOCK_SYS_PAGE,1307,21,526
1787549566.955,2026-08-24 05:32:46.956,InnoDB,UNDO_SPACE_RSEG,3534,21,1423
1787549566.955,2026-08-24 05:32:46.956,InnoDB,LOCK_SYS_PAGE,1277,21,509
1787549566.955,2026-08-24 05:32:46.956,InnoDB,LOCK_SYS_PAGE,1369,21,460
1787549566.955,2026-08-24 05:32:46.956,InnoDB,LOCK_SYS_PAGE,1228,21,545
1787549566.955,2026-08-24 05:32:46.956,InnoDB,UNDO_SPACE_RSEG,3447,21,1398
1787549566.955,2026-08-24 05:32:46.956,InnoDB,UNDO_SPACE_RSEG,3763,21,1492
1787549566.955,2026-08-24 05:32:46.956,InnoDB,UNDO_SPACE_RSEG,3415,20,1329
1787549566.955,2026-08-24 05:32:46.956,InnoDB,LOCK_SYS_PAGE,1283,20,521
1787549566.955,2026-08-24 05:32:46.956,InnoDB,LOCK_SYS_PAGE,1371,20,553
1787549566.955,2026-08-24 05:32:46.956,InnoDB,LOCK_SYS_PAGE,1296,20,509
1787549566.955,2026-08-24 05:32:46.956,InnoDB,UNDO_SPACE_RSEG,3682,20,1443
1787549566.955,2026-08-24 05:32:46.956,InnoDB,LOCK_SYS_PAGE,1337,20,518
1787549566.955,2026-08-24 05:32:46.956,InnoDB,LOCK_SYS_PAGE,1224,20,508
1787549566.955,2026-08-24 05:32:46.956,InnoDB,LOCK_SYS_PAGE,1314,20,610
1787549566.955,2026-08-24 05:32:46.956,InnoDB,LOCK_SYS_PAGE,1351,20,539
1787549566.955,2026-08-24 05:32:46.956,InnoDB,UNDO_SPACE_RSEG,3508,20,1458
1787549566.955,2026-08-24 05:32:46.956,InnoDB,UNDO_SPACE_RSEG,3621,20,1432
1787549566.955,2026-08-24 05:32:46.956,InnoDB,LOCK_SYS_PAGE,1218,20,544
1787549566.955,2026-08-24 05:32:46.956,InnoDB,UNDO_SPACE_RSEG,3565,20,1462
1787549566.955,2026-08-24 05:32:46.956,InnoDB,LOCK_SYS_PAGE,1244,20,499
1787549566.955,2026-08-24 05:32:46.956,InnoDB,LOCK_SYS_PAGE,1269,20,551
1787549566.955,2026-08-24 05:32:46.956,InnoDB,UNDO_SPACE_RSEG,3573,20,1448
1787549566.955,2026-08-24 05:32:46.956,InnoDB,UNDO_SPACE_RSEG,3446,20,1466
1787549566.955,2026-08-24 05:32:46.956,InnoDB,LOCK_SYS_PAGE,1224,20,539
1787549566.955,2026-08-24 05:32:46.956,InnoDB,LOCK_SYS_PAGE,1304,20,542
1787549566.955,2026-08-24 05:32:46.956,InnoDB,LOCK_SYS_PAGE,1183,20,479
1787549566.955,2026-08-24 05:32:46.956,InnoDB,LOCK_SYS_PAGE,1152,19,478
1787549566.955,2026-08-24 05:32:46.956,InnoDB,LOCK_SYS_PAGE,1309,19,551
1787549566.955,2026-08-24 05:32:46.956,InnoDB,LOCK_SYS_PAGE,1164,19,494
1787549566.955,2026-08-24 05:32:46.956,InnoDB,LOCK_SYS_PAGE,1236,19,502
1787549566.955,2026-08-24 05:32:46.956,InnoDB,LOCK_SYS_PAGE,1261,19,491
1787549566.955,2026-08-24 05:32:46.956,InnoDB,LOCK_SYS_PAGE,1213,19,535
1787549566.955,2026-08-24 05:32:46.956,InnoDB,UNDO_SPACE_RSEG,3372,19,1410
1787549566.955,2026-08-24 05:32:46.956,InnoDB,LOCK_SYS_PAGE,1216,19,527
1787549566.955,2026-08-24 05:32:46.956,InnoDB,LOCK_SYS_PAGE,1305,19,499
1787549566.955,2026-08-24 05:32:46.956,InnoDB,UNDO_SPACE_RSEG,3566,19,1475
1787549566.955,2026-08-24 05:32:46.956,InnoDB,LOCK_SYS_PAGE,1248,19,525
1787549566.955,2026-08-24 05:32:46.956,InnoDB,LOCK_SYS_PAGE,1305,19,527
1787549566.955,2026-08-24 05:32:46.956,InnoDB,LOCK_SYS_PAGE,1141,19,441
1787549566.955,2026-08-24 05:32:46.956,InnoDB,UNDO_SPACE_RSEG,3337,19,1371
1787549566.955,2026-08-24 05:32:46.956,InnoDB,TRX_POOL,634,19,47
1787549566.955,2026-08-24 05:32:46.956,InnoDB,LOCK_SYS_PAGE,1147,19,514
1787549566.955,2026-08-24 05:32:46.956,InnoDB,UNDO_SPACE_RSEG,3304,19,1409
1787549566.955,2026-08-24 05:32:46.956,InnoDB,UNDO_SPACE_RSEG,3384,19,1436
1787549566.955,2026-08-24 05:32:46.956,InnoDB,LOCK_SYS_PAGE,1484,19,570
1787549566.955,2026-08-24 05:32:46.956,InnoDB,UNDO_SPACE_RSEG,3595,19,1484
1787549566.955,2026-08-24 05:32:46.956,InnoDB,LOCK_SYS_PAGE,1268,19,508
1787549566.955,2026-08-24 05:32:46.956,InnoDB,LOCK_SYS_PAGE,1192,19,488
1787549566.955,2026-08-24 05:32:46.956,InnoDB,LOCK_SYS_PAGE,1321,19,509
1787549566.955,2026-08-24 05:32:46.956,InnoDB,UNDO_SPACE_RSEG,3503,19,1448
1787549566.955,2026-08-24 05:32:46.956,InnoDB,LOCK_SYS_PAGE,1148,19,468
1787549566.955,2026-08-24 05:32:46.956,InnoDB,LOCK_SYS_PAGE,1204,19,532
1787549566.955,2026-08-24 05:32:46.956,InnoDB,LOCK_SYS_PAGE,1161,19,476
1787549566.955,2026-08-24 05:32:46.956,InnoDB,LOCK_SYS_PAGE,1139,19,469
1787549566.955,2026-08-24 05:32:46.956,InnoDB,LOCK_SYS_PAGE,1192,19,504
1787549566.955,2026-08-24 05:32:46.956,InnoDB,LOCK_SYS_PAGE,1202,19,467
1787549566.955,2026-08-24 05:32:46.956,InnoDB,LOCK_SYS_PAGE,1192,18,514
1787549566.955,2026-08-24 05:32:46.956,InnoDB,LOCK_SYS_PAGE,1222,18,534
1787549566.955,2026-08-24 05:32:46.956,InnoDB,LOCK_SYS_PAGE,1159,18,528
1787549566.955,2026-08-24 05:32:46.956,InnoDB,LOCK_SYS_PAGE,1148,18,440
1787549566.955,2026-08-24 05:32:46.956,InnoDB,LOCK_SYS_PAGE,1224,18,517
1787549566.955,2026-08-24 05:32:46.956,InnoDB,LOCK_SYS_PAGE,1087,18,462
1787549566.955,2026-08-24 05:32:46.956,InnoDB,LOCK_SYS_PAGE,1084,18,500
1787549566.955,2026-08-24 05:32:46.956,InnoDB,LOCK_SYS_PAGE,1155,18,508
1787549566.955,2026-08-24 05:32:46.956,InnoDB,LOCK_SYS_PAGE,1154,18,487
1787549566.955,2026-08-24 05:32:46.956,InnoDB,LOCK_SYS_PAGE,1139,18,495
1787549566.955,2026-08-24 05:32:46.956,InnoDB,LOCK_SYS_PAGE,1252,18,527
1787549566.955,2026-08-24 05:32:46.956,InnoDB,LOCK_SYS_PAGE,1235,18,536
1787549566.955,2026-08-24 05:32:46.956,InnoDB,LOCK_SYS_PAGE,1268,18,562
1787549566.955,2026-08-24 05:32:46.956,InnoDB,LOCK_SYS_PAGE,1160,18,487
1787549566.955,2026-08-24 05:32:46.956,InnoDB,LOCK_SYS_PAGE,1126,18,525
1787549566.955,2026-08-24 05:32:46.956,InnoDB,LOCK_SYS_PAGE,1190,18,485
1787549566.955,2026-08-24 05:32:46.956,InnoDB,LOCK_SYS_PAGE,1184,18,542
1787549566.955,2026-08-24 05:32:46.956,InnoDB,LOCK_SYS_PAGE,1254,18,572
1787549566.955,2026-08-24 05:32:46.956,InnoDB,LOCK_SYS_PAGE,1116,18,525
1787549566.955,2026-08-24 05:32:46.956,InnoDB,LOCK_SYS_PAGE,1079,18,510
1787549566.955,2026-08-24 05:32:46.956,InnoDB,LOCK_SYS_PAGE,1071,18,470
1787549566.955,2026-08-24 05:32:46.956,InnoDB,LOCK_SYS_PAGE,1130,18,492
1787549566.955,2026-08-24 05:32:46.956,InnoDB,LOCK_SYS_PAGE,1193,18,514
1787549566.955,2026-08-24 05:32:46.956,InnoDB,LOCK_SYS_PAGE,1209,18,522
1787549566.955,2026-08-24 05:32:46.956,InnoDB,LOCK_SYS_PAGE,1237,18,486
1787549566.955,2026-08-24 05:32:46.956,InnoDB,LOCK_SYS_PAGE,1112,18,500
1787549566.955,2026-08-24 05:32:46.956,InnoDB,LOCK_SYS_PAGE,1189,18,551
1787549566.955,2026-08-24 05:32:46.956,InnoDB,UNDO_SPACE_RSEG,3455,18,1422
1787549566.955,2026-08-24 05:32:46.956,InnoDB,UNDO_SPACE_RSEG,3358,18,1404
1787549566.955,2026-08-24 05:32:46.956,InnoDB,LOCK_SYS_PAGE,1183,18,545
1787549566.955,2026-08-24 05:32:46.956,InnoDB,UNDO_SPACE_RSEG,3464,18,1453
1787549566.955,2026-08-24 05:32:46.956,InnoDB,LOCK_SYS_PAGE,1181,18,521
1787549566.955,2026-08-24 05:32:46.956,InnoDB,UNDO_SPACE_RSEG,3343,18,1368
1787549566.955,2026-08-24 05:32:46.956,InnoDB,LOCK_SYS_PAGE,1154,18,516
1787549566.955,2026-08-24 05:32:46.956,InnoDB,LOCK_SYS_PAGE,1308,18,580
1787549566.955,2026-08-24 05:32:46.956,InnoDB,UNDO_SPACE_RSEG,3456,18,1419
1787549566.955,2026-08-24 05:32:46.956,InnoDB,LOCK_SYS_PAGE,1222,18,537
1787549566.955,2026-08-24 05:32:46.956,InnoDB,LOCK_SYS_PAGE,1081,17,516
1787549566.955,2026-08-24 05:32:46.956,InnoDB,LOCK_SYS_PAGE,1248,17,569
1787549566.955,2026-08-24 05:32:46.956,InnoDB,LOCK_SYS_PAGE,1198,17,529
1787549566.955,2026-08-24 05:32:46.956,InnoDB,LOCK_SYS_PAGE,1164,17,558
1787549566.955,2026-08-24 05:32:46.956,InnoDB,LOCK_SYS_PAGE,1225,17,554
1787549566.955,2026-08-24 05:32:46.956,InnoDB,LOCK_SYS_PAGE,1205,17,525
1787549566.955,2026-08-24 05:32:46.956,InnoDB,LOCK_SYS_PAGE,1153,17,511
1787549566.955,2026-08-24 05:32:46.956,InnoDB,LOCK_SYS_PAGE,1176,17,477
1787549566.955,2026-08-24 05:32:46.956,InnoDB,LOCK_SYS_PAGE,1141,17,521
1787549566.955,2026-08-24 05:32:46.956,InnoDB,UNDO_SPACE_RSEG,3548,17,1483
1787549566.955,2026-08-24 05:32:46.956,InnoDB,LOCK_SYS_PAGE,1125,17,546
1787549566.955,2026-08-24 05:32:46.956,InnoDB,LOCK_SYS_PAGE,1121,17,512
1787549566.955,2026-08-24 05:32:46.956,InnoDB,LOCK_SYS_PAGE,1215,17,519
1787549566.955,2026-08-24 05:32:46.956,InnoDB,LOCK_SYS_PAGE,1281,17,505
1787549566.955,2026-08-24 05:32:46.956,InnoDB,LOCK_SYS_PAGE,1121,17,512
1787549566.955,2026-08-24 05:32:46.956,InnoDB,LOCK_SYS_PAGE,1195,17,563
1787549566.955,2026-08-24 05:32:46.956,InnoDB,LOCK_SYS_PAGE,1215,17,529
1787549566.955,2026-08-24 05:32:46.956,InnoDB,UNDO_SPACE_RSEG,3496,17,1424
1787549566.955,2026-08-24 05:32:46.956,InnoDB,LOCK_SYS_PAGE,1141,17,492
1787549566.955,2026-08-24 05:32:46.956,InnoDB,LOCK_SYS_PAGE,1151,17,534
1787549566.955,2026-08-24 05:32:46.956,InnoDB,LOCK_SYS_PAGE,1139,17,555
1787549566.955,2026-08-24 05:32:46.956,InnoDB,LOCK_SYS_PAGE,1107,17,508
1787549566.955,2026-08-24 05:32:46.956,InnoDB,UNDO_SPACE_RSEG,3522,17,1422
1787549566.955,2026-08-24 05:32:46.956,InnoDB,LOCK_SYS_PAGE,1228,16,557
1787549566.955,2026-08-24 05:32:46.956,InnoDB,LOCK_SYS_PAGE,1183,16,543
1787549566.955,2026-08-24 05:32:46.956,InnoDB,LOCK_SYS_PAGE,1120,16,516
1787549566.955,2026-08-24 05:32:46.956,InnoDB,LOCK_SYS_PAGE,1179,16,533
1787549566.955,2026-08-24 05:32:46.956,InnoDB,LOCK_SYS_PAGE,1146,16,548
1787549566.955,2026-08-24 05:32:46.956,InnoDB,LOCK_SYS_PAGE,1045,16,495
1787549566.955,2026-08-24 05:32:46.956,InnoDB,LOCK_SYS_PAGE,1217,16,563
1787549566.955,2026-08-24 05:32:46.956,InnoDB,LOCK_SYS_PAGE,1145,16,506
1787549566.955,2026-08-24 05:32:46.956,InnoDB,UNDO_SPACE_RSEG,3400,16,1452
1787549566.955,2026-08-24 05:32:46.956,InnoDB,LOCK_SYS_PAGE,1138,16,487
1787549566.955,2026-08-24 05:32:46.956,InnoDB,UNDO_SPACE_RSEG,3273,16,1388
1787549566.955,2026-08-24 05:32:46.956,InnoDB,LOCK_SYS_PAGE,1010,16,504
1787549566.955,2026-08-24 05:32:46.956,InnoDB,LOCK_SYS_PAGE,1065,16,471
1787549566.955,2026-08-24 05:32:46.956,InnoDB,LOCK_SYS_PAGE,1138,16,509
1787549566.955,2026-08-24 05:32:46.956,InnoDB,LOCK_SYS_PAGE,1086,16,463
1787549566.955,2026-08-24 05:32:46.956,InnoDB,LOCK_SYS_PAGE,1039,16,437
1787549566.955,2026-08-24 05:32:46.956,InnoDB,LOCK_SYS_PAGE,1166,16,556
1787549566.955,2026-08-24 05:32:46.956,InnoDB,LOCK_SYS_PAGE,1078,16,507
1787549566.955,2026-08-24 05:32:46.956,InnoDB,LOCK_SYS_PAGE,1062,16,508
1787549566.955,2026-08-24 05:32:46.956,InnoDB,LOCK_SYS_PAGE,1077,16,523
1787549566.955,2026-08-24 05:32:46.956,InnoDB,LOCK_SYS_PAGE,1080,16,516
1787549566.955,2026-08-24 05:32:46.956,InnoDB,LOCK_SYS_PAGE,1254,16,625
1787549566.955,2026-08-24 05:32:46.956,InnoDB,LOCK_SYS_PAGE,1124,16,491
1787549566.955,2026-08-24 05:32:46.956,InnoDB,LOCK_SYS_PAGE,1174,16,531
1787549566.955,2026-08-24 05:32:46.956,InnoDB,LOCK_SYS_PAGE,1107,16,488
1787549566.955,2026-08-24 05:32:46.956,InnoDB,LOCK_SYS_PAGE,1129,16,480
1787549566.955,2026-08-24 05:32:46.956,InnoDB,LOCK_SYS_PAGE,1113,16,517
1787549566.955,2026-08-24 05:32:46.956,InnoDB,LOCK_SYS_PAGE,1140,16,516
1787549566.955,2026-08-24 05:32:46.956,InnoDB,LOCK_SYS_PAGE,1121,16,514
1787549566.955,2026-08-24 05:32:46.956,InnoDB,LOCK_SYS_PAGE,1096,16,533
1787549566.955,2026-08-24 05:32:46.956,InnoDB,LOCK_SYS_PAGE,1045,16,507
1787549566.955,2026-08-24 05:32:46.956,InnoDB,LOCK_SYS_PAGE,1187,16,562
1787549566.955,2026-08-24 05:32:46.956,InnoDB,LOCK_SYS_PAGE,1170,16,521
1787549566.955,2026-08-24 05:32:46.956,InnoDB,LOCK_SYS_PAGE,1126,16,531
1787549566.955,2026-08-24 05:32:46.956,InnoDB,LOCK_SYS_PAGE,1212,16,512
1787549566.955,2026-08-24 05:32:46.956,InnoDB,LOCK_SYS_PAGE,1145,16,494
1787549566.955,2026-08-24 05:32:46.956,InnoDB,LOCK_SYS_PAGE,1066,16,513
1787549566.955,2026-08-24 05:32:46.956,InnoDB,LOCK_SYS_PAGE,1068,16,508
1787549566.955,2026-08-24 05:32:46.956,InnoDB,LOCK_SYS_PAGE,1188,16,506
1787549566.955,2026-08-24 05:32:46.956,InnoDB,LOCK_SYS_PAGE,1064,16,487
1787549566.955,2026-08-24 05:32:46.956,InnoDB,LOCK_SYS_PAGE,1105,16,492
1787549566.955,2026-08-24 05:32:46.956,InnoDB,LOCK_SYS_PAGE,1182,16,499
1787549566.955,2026-08-24 05:32:46.956,InnoDB,LOCK_SYS_PAGE,1267,16,547
1787549566.955,2026-08-24 05:32:46.956,InnoDB,LOCK_SYS_PAGE,1154,16,485
1787549566.955,2026-08-24 05:32:46.956,InnoDB,LOCK_SYS_PAGE,1032,15,474
1787549566.955,2026-08-24 05:32:46.956,InnoDB,LOCK_SYS_PAGE,1118,15,540
1787549566.955,2026-08-24 05:32:46.956,InnoDB,LOCK_SYS_PAGE,1098,15,502
1787549566.955,2026-08-24 05:32:46.956,InnoDB,LOCK_SYS_PAGE,1137,15,539
1787549566.955,2026-08-24 05:32:46.956,InnoDB,LOCK_SYS_PAGE,1136,15,546
1787549566.955,2026-08-24 05:32:46.956,InnoDB,LOCK_SYS_PAGE,1166,15,544
1787549566.955,2026-08-24 05:32:46.956,InnoDB,LOCK_SYS_PAGE,1078,15,551
1787549566.955,2026-08-24 05:32:46.956,InnoDB,LOCK_SYS_PAGE,1079,15,497
1787549566.955,2026-08-24 05:32:46.956,InnoDB,LOCK_SYS_PAGE,1158,15,557
1787549566.955,2026-08-24 05:32:46.956,InnoDB,LOCK_SYS_PAGE,1089,15,473
1787549566.955,2026-08-24 05:32:46.956,InnoDB,LOCK_SYS_PAGE,971,15,457
1787549566.955,2026-08-24 05:32:46.956,InnoDB,LOCK_SYS_PAGE,1108,15,541
1787549566.955,2026-08-24 05:32:46.956,InnoDB,LOCK_SYS_PAGE,1042,15,474
1787549566.955,2026-08-24 05:32:46.956,InnoDB,LOCK_SYS_PAGE,1200,15,533
1787549566.955,2026-08-24 05:32:46.956,InnoDB,UNDO_SPACE_RSEG,3368,15,1434
1787549566.955,2026-08-24 05:32:46.956,InnoDB,UNDO_SPACE_RSEG,3215,15,1432
1787549566.955,2026-08-24 05:32:46.956,InnoDB,LOCK_SYS_PAGE,1067,15,530
1787549566.955,2026-08-24 05:32:46.956,InnoDB,LOCK_SYS_PAGE,1045,15,504
1787549566.955,2026-08-24 05:32:46.956,InnoDB,LOCK_SYS_PAGE,1032,15,488
1787549566.955,2026-08-24 05:32:46.956,InnoDB,LOCK_SYS_PAGE,1019,15,451
1787549566.955,2026-08-24 05:32:46.956,InnoDB,LOCK_SYS_PAGE,1080,15,506
1787549566.955,2026-08-24 05:32:46.956,InnoDB,LOCK_SYS_PAGE,1074,15,511
1787549566.955,2026-08-24 05:32:46.956,InnoDB,LOCK_SYS_PAGE,1150,15,582
1787549566.955,2026-08-24 05:32:46.956,InnoDB,LOCK_SYS_PAGE,1045,15,515
1787549566.955,2026-08-24 05:32:46.956,InnoDB,LOCK_SYS_PAGE,1128,15,516
1787549566.955,2026-08-24 05:32:46.956,InnoDB,LOCK_SYS_PAGE,1083,15,506
1787549566.955,2026-08-24 05:32:46.956,InnoDB,LOCK_SYS_PAGE,1100,15,524
1787549566.955,2026-08-24 05:32:46.956,InnoDB,LOCK_SYS_PAGE,1072,15,508
1787549566.955,2026-08-24 05:32:46.956,InnoDB,LOCK_SYS_PAGE,1120,15,570
1787549566.955,2026-08-24 05:32:46.956,InnoDB,UNDO_SPACE_RSEG,3254,15,1412
1787549566.955,2026-08-24 05:32:46.956,InnoDB,LOCK_SYS_PAGE,1018,15,504
1787549566.955,2026-08-24 05:32:46.956,InnoDB,LOCK_SYS_PAGE,1149,15,575
1787549566.955,2026-08-24 05:32:46.956,InnoDB,LOCK_SYS_PAGE,1043,15,528
1787549566.955,2026-08-24 05:32:46.956,InnoDB,LOCK_SYS_PAGE,1120,15,555
1787549566.955,2026-08-24 05:32:46.956,InnoDB,LOCK_SYS_PAGE,1055,15,478
1787549566.955,2026-08-24 05:32:46.956,InnoDB,LOCK_SYS_PAGE,1036,15,486
1787549566.955,2026-08-24 05:32:46.956,InnoDB,LOCK_SYS_PAGE,1113,15,539
1787549566.955,2026-08-24 05:32:46.956,InnoDB,LOCK_SYS_PAGE,1072,15,511
1787549566.955,2026-08-24 05:32:46.956,InnoDB,LOCK_SYS_PAGE,1173,15,515
1787549566.955,2026-08-24 05:32:46.956,InnoDB,LOCK_SYS_PAGE,1042,15,482
1787549566.955,2026-08-24 05:32:46.956,InnoDB,LOCK_SYS_PAGE,1093,15,521
1787549566.955,2026-08-24 05:32:46.956,InnoDB,LOCK_SYS_PAGE,1024,15,527
1787549566.955,2026-08-24 05:32:46.956,InnoDB,LOCK_SYS_PAGE,1008,14,466
1787549566.955,2026-08-24 05:32:46.956,InnoDB,LOCK_SYS_PAGE,939,14,462
1787549566.955,2026-08-24 05:32:46.956,InnoDB,UNDO_SPACE_RSEG,3475,14,1470
1787549566.955,2026-08-24 05:32:46.956,InnoDB,LOCK_SYS_PAGE,1047,14,551
1787549566.955,2026-08-24 05:32:46.956,InnoDB,LOCK_SYS_PAGE,1007,14,478
1787549566.955,2026-08-24 05:32:46.956,InnoDB,LOCK_SYS_PAGE,1057,14,528
1787549566.955,2026-08-24 05:32:46.956,InnoDB,LOCK_SYS_PAGE,1082,14,546
1787549566.955,2026-08-24 05:32:46.956,InnoDB,LOCK_SYS_PAGE,1054,14,534
1787549566.955,2026-08-24 05:32:46.956,InnoDB,LOCK_SYS_PAGE,1054,14,516
1787549566.955,2026-08-24 05:32:46.956,InnoDB,LOCK_SYS_PAGE,1025,14,522
1787549566.955,2026-08-24 05:32:46.956,InnoDB,LOCK_SYS_PAGE,1042,14,497
1787549566.955,2026-08-24 05:32:46.956,InnoDB,LOCK_SYS_PAGE,959,14,481
1787549566.955,2026-08-24 05:32:46.956,InnoDB,LOCK_SYS_PAGE,1061,14,531
1787549566.955,2026-08-24 05:32:46.956,InnoDB,LOCK_SYS_PAGE,1077,14,527
1787549566.955,2026-08-24 05:32:46.956,InnoDB,LOCK_SYS_PAGE,1046,14,520
1787549566.955,2026-08-24 05:32:46.956,InnoDB,LOCK_SYS_PAGE,1014,14,520
1787549566.955,2026-08-24 05:32:46.956,InnoDB,LOCK_SYS_PAGE,1104,14,532
1787549566.955,2026-08-24 05:32:46.956,InnoDB,LOCK_SYS_PAGE,1124,14,534
1787549566.955,2026-08-24 05:32:46.956,InnoDB,LOCK_SYS_PAGE,1022,14,474
1787549566.955,2026-08-24 05:32:46.956,InnoDB,LOCK_SYS_PAGE,1104,14,482
1787549566.955,2026-08-24 05:32:46.956,InnoDB,LOCK_SYS_PAGE,1106,14,555
1787549566.955,2026-08-24 05:32:46.956,InnoDB,LOCK_SYS_PAGE,1028,14,498
1787549566.955,2026-08-24 05:32:46.956,InnoDB,LOCK_SYS_PAGE,1033,14,528
1787549566.955,2026-08-24 05:32:46.956,InnoDB,LOCK_SYS_PAGE,1109,14,546
1787549566.955,2026-08-24 05:32:46.956,InnoDB,UNDO_SPACE_RSEG,3265,14,1411
1787549566.955,2026-08-24 05:32:46.956,InnoDB,LOCK_SYS_PAGE,1019,14,474
1787549566.955,2026-08-24 05:32:46.956,InnoDB,LOCK_SYS_PAGE,1068,14,532
1787549566.955,2026-08-24 05:32:46.956,InnoDB,LOCK_SYS_PAGE,1029,14,499
1787549566.955,2026-08-24 05:32:46.956,InnoDB,LOCK_SYS_PAGE,1019,14,497
1787549566.955,2026-08-24 05:32:46.956,InnoDB,LOCK_SYS_PAGE,1076,14,521
1787549566.955,2026-08-24 05:32:46.956,InnoDB,LOCK_SYS_PAGE,1068,14,560
1787549566.955,2026-08-24 05:32:46.956,InnoDB,LOCK_SYS_PAGE,963,14,488
1787549566.955,2026-08-24 05:32:46.956,InnoDB,LOCK_SYS_PAGE,1033,14,512
1787549566.955,2026-08-24 05:32:46.956,InnoDB,LOCK_SYS_PAGE,1032,14,509
1787549566.955,2026-08-24 05:32:46.956,InnoDB,LOCK_SYS_PAGE,1033,14,498
1787549566.955,2026-08-24 05:32:46.956,InnoDB,LOCK_SYS_PAGE,1024,14,515
1787549566.955,2026-08-24 05:32:46.956,InnoDB,LOCK_SYS_PAGE,1152,14,523
1787549566.955,2026-08-24 05:32:46.956,InnoDB,LOCK_SYS_PAGE,1046,14,485
1787549566.955,2026-08-24 05:32:46.956,InnoDB,LOCK_SYS_PAGE,1028,14,466
1787549566.955,2026-08-24 05:32:46.956,InnoDB,LOCK_SYS_PAGE,1005,14,456
1787549566.955,2026-08-24 05:32:46.956,InnoDB,LOCK_SYS_PAGE,1062,14,541
1787549566.955,2026-08-24 05:32:46.956,InnoDB,LOCK_SYS_PAGE,1034,14,510
1787549566.955,2026-08-24 05:32:46.956,InnoDB,LOCK_SYS_PAGE,1096,14,556
1787549566.955,2026-08-24 05:32:46.956,InnoDB,LOCK_SYS_PAGE,965,14,442
1787549566.955,2026-08-24 05:32:46.956,InnoDB,LOCK_SYS_PAGE,1050,14,525
1787549566.955,2026-08-24 05:32:46.956,InnoDB,LOCK_SYS_PAGE,1066,14,518
1787549566.955,2026-08-24 05:32:46.956,InnoDB,LOCK_SYS_PAGE,1043,14,509
1787549566.955,2026-08-24 05:32:46.956,InnoDB,LOCK_SYS_PAGE,1072,14,555
1787549566.955,2026-08-24 05:32:46.956,InnoDB,LOCK_SYS_PAGE,1013,13,500
1787549566.955,2026-08-24 05:32:46.956,InnoDB,LOCK_SYS_PAGE,1059,13,440
1787549566.955,2026-08-24 05:32:46.956,InnoDB,LOCK_SYS_PAGE,1031,13,522
1787549566.955,2026-08-24 05:32:46.956,InnoDB,LOCK_SYS_PAGE,1036,13,522
1787549566.955,2026-08-24 05:32:46.956,InnoDB,LOCK_SYS_PAGE,1052,13,528
1787549566.955,2026-08-24 05:32:46.956,InnoDB,LOCK_SYS_PAGE,1014,13,497
1787549566.955,2026-08-24 05:32:46.956,InnoDB,LOCK_SYS_PAGE,1073,13,528
1787549566.955,2026-08-24 05:32:46.956,InnoDB,LOCK_SYS_PAGE,986,13,496
1787549566.955,2026-08-24 05:32:46.956,InnoDB,LOCK_SYS_PAGE,1062,13,497
1787549566.955,2026-08-24 05:32:46.956,InnoDB,LOCK_SYS_PAGE,1001,13,488
1787549566.955,2026-08-24 05:32:46.956,InnoDB,LOCK_SYS_PAGE,987,13,508
1787549566.955,2026-08-24 05:32:46.956,InnoDB,LOCK_SYS_PAGE,1130,13,578
1787549566.955,2026-08-24 05:32:46.956,InnoDB,LOCK_SYS_PAGE,1134,13,525
1787549566.955,2026-08-24 05:32:46.956,InnoDB,LOCK_SYS_PAGE,1002,13,511
1787549566.955,2026-08-24 05:32:46.956,InnoDB,UNDO_SPACE_RSEG,3378,13,1470
1787549566.955,2026-08-24 05:32:46.956,InnoDB,LOCK_SYS_PAGE,980,13,507
1787549566.955,2026-08-24 05:32:46.956,InnoDB,LOCK_SYS_PAGE,955,13,480
1787549566.955,2026-08-24 05:32:46.956,InnoDB,LOCK_SYS_PAGE,1086,13,539
1787549566.955,2026-08-24 05:32:46.956,InnoDB,LOCK_SYS_PAGE,949,13,463
1787549566.955,2026-08-24 05:32:46.956,InnoDB,LOCK_SYS_PAGE,989,13,563
1787549566.955,2026-08-24 05:32:46.956,InnoDB,LOCK_SYS_PAGE,1069,13,520
1787549566.955,2026-08-24 05:32:46.956,InnoDB,LOCK_SYS_PAGE,924,13,477
1787549566.955,2026-08-24 05:32:46.956,InnoDB,LOCK_SYS_PAGE,1037,13,495
1787549566.955,2026-08-24 05:32:46.956,InnoDB,LOCK_SYS_PAGE,1105,13,504
1787549566.955,2026-08-24 05:32:46.956,InnoDB,LOCK_SYS_PAGE,970,13,526
1787549566.955,2026-08-24 05:32:46.956,InnoDB,LOCK_SYS_PAGE,999,13,515
1787549566.955,2026-08-24 05:32:46.956,InnoDB,LOCK_SYS_PAGE,1194,13,545
1787549566.955,2026-08-24 05:32:46.956,InnoDB,LOCK_SYS_PAGE,1064,13,539
1787549566.955,2026-08-24 05:32:46.956,InnoDB,LOCK_SYS_PAGE,1071,13,489
1787549566.955,2026-08-24 05:32:46.956,InnoDB,LOCK_SYS_PAGE,1016,13,529
1787549566.955,2026-08-24 05:32:46.956,InnoDB,LOCK_SYS_PAGE,958,13,527
1787549566.955,2026-08-24 05:32:46.956,InnoDB,LOCK_SYS_PAGE,1060,13,517
1787549566.955,2026-08-24 05:32:46.956,InnoDB,LOCK_SYS_PAGE,1047,13,508
1787549566.955,2026-08-24 05:32:46.956,InnoDB,LOCK_SYS_PAGE,941,13,446
1787549566.955,2026-08-24 05:32:46.956,InnoDB,LOCK_SYS_PAGE,1046,13,502
1787549566.955,2026-08-24 05:32:46.956,InnoDB,LOCK_SYS_PAGE,1022,13,506
1787549566.955,2026-08-24 05:32:46.956,InnoDB,LOCK_SYS_PAGE,1010,13,548
1787549566.955,2026-08-24 05:32:46.956,InnoDB,LOCK_SYS_PAGE,976,13,498
1787549566.955,2026-08-24 05:32:46.956,InnoDB,LOCK_SYS_PAGE,1140,13,540
1787549566.955,2026-08-24 05:32:46.956,InnoDB,LOCK_SYS_PAGE,981,13,489
1787549566.955,2026-08-24 05:32:46.956,InnoDB,LOCK_SYS_PAGE,1027,13,513
1787549566.955,2026-08-24 05:32:46.956,InnoDB,LOCK_SYS_PAGE,973,13,519
1787549566.955,2026-08-24 05:32:46.956,InnoDB,LOCK_SYS_PAGE,993,13,506
1787549566.955,2026-08-24 05:32:46.956,InnoDB,LOCK_SYS_PAGE,997,13,528
1787549566.955,2026-08-24 05:32:46.956,InnoDB,LOCK_SYS_PAGE,1145,13,538
1787549566.955,2026-08-24 05:32:46.956,InnoDB,LOCK_SYS_PAGE,976,13,488
1787549566.955,2026-08-24 05:32:46.956,InnoDB,LOCK_SYS_PAGE,1069,13,530
1787549566.955,2026-08-24 05:32:46.956,InnoDB,LOCK_SYS_PAGE,1181,13,575
1787549566.955,2026-08-24 05:32:46.956,InnoDB,LOCK_SYS_PAGE,1020,12,516
1787549566.955,2026-08-24 05:32:46.956,InnoDB,LOCK_SYS_PAGE,1082,12,506
1787549566.955,2026-08-24 05:32:46.956,InnoDB,LOCK_SYS_PAGE,1091,12,584
1787549566.955,2026-08-24 05:32:46.956,InnoDB,LOCK_SYS_PAGE,977,12,508
1787549566.955,2026-08-24 05:32:46.956,InnoDB,LOCK_SYS_PAGE,1010,12,511
1787549566.955,2026-08-24 05:32:46.956,InnoDB,LOCK_SYS_PAGE,1034,12,567
1787549566.955,2026-08-24 05:32:46.956,InnoDB,LOCK_SYS_PAGE,1013,12,552
1787549566.955,2026-08-24 05:32:46.956,InnoDB,LOCK_SYS_PAGE,1037,12,496
1787549566.955,2026-08-24 05:32:46.956,InnoDB,LOCK_SYS_PAGE,1002,12,498
1787549566.955,2026-08-24 05:32:46.956,InnoDB,LOCK_SYS_PAGE,1022,12,558
1787549566.955,2026-08-24 05:32:46.956,InnoDB,LOCK_SYS_PAGE,1033,12,516
1787549566.955,2026-08-24 05:32:46.956,InnoDB,LOCK_SYS_PAGE,1030,12,532
1787549566.955,2026-08-24 05:32:46.956,InnoDB,LOCK_SYS_PAGE,1119,12,522
1787549566.955,2026-08-24 05:32:46.956,InnoDB,LOCK_SYS_PAGE,1089,12,536
1787549566.955,2026-08-24 05:32:46.956,InnoDB,LOCK_SYS_PAGE,1064,12,517
1787549566.955,2026-08-24 05:32:46.956,InnoDB,LOCK_SYS_PAGE,1060,12,590
1787549566.955,2026-08-24 05:32:46.956,InnoDB,LOCK_SYS_PAGE,983,12,509
1787549566.955,2026-08-24 05:32:46.956,InnoDB,LOCK_SYS_PAGE,990,12,506
1787549566.955,2026-08-24 05:32:46.956,InnoDB,LOCK_SYS_PAGE,1137,12,552
1787549566.955,2026-08-24 05:32:46.956,InnoDB,LOCK_SYS_PAGE,1000,12,511
1787549566.955,2026-08-24 05:32:46.956,InnoDB,LOCK_SYS_PAGE,932,12,524
1787549566.955,2026-08-24 05:32:46.956,InnoDB,LOCK_SYS_PAGE,1038,12,536
1787549566.955,2026-08-24 05:32:46.956,InnoDB,LOCK_SYS_PAGE,1034,12,483
1787549566.955,2026-08-24 05:32:46.956,InnoDB,LOCK_SYS_PAGE,993,12,535
1787549566.955,2026-08-24 05:32:46.956,InnoDB,LOCK_SYS_PAGE,1061,12,501
1787549566.955,2026-08-24 05:32:46.956,InnoDB,LOCK_SYS_PAGE,931,12,479
1787549566.955,2026-08-24 05:32:46.956,InnoDB,LOCK_SYS_PAGE,953,12,518
1787549566.955,2026-08-24 05:32:46.956,InnoDB,LOCK_SYS_PAGE,928,12,461
1787549566.955,2026-08-24 05:32:46.956,InnoDB,LOCK_SYS_PAGE,1029,12,522
1787549566.955,2026-08-24 05:32:46.956,InnoDB,LOCK_SYS_PAGE,1055,12,515
1787549566.955,2026-08-24 05:32:46.956,InnoDB,LOCK_SYS_PAGE,1134,12,570
1787549566.955,2026-08-24 05:32:46.956,InnoDB,LOCK_SYS_PAGE,965,12,533
1787549566.955,2026-08-24 05:32:46.956,InnoDB,LOCK_SYS_PAGE,956,12,500
1787549566.955,2026-08-24 05:32:46.956,InnoDB,LOCK_SYS_PAGE,1013,12,497
1787549566.955,2026-08-24 05:32:46.956,InnoDB,LOCK_SYS_PAGE,908,12,443
1787549566.955,2026-08-24 05:32:46.956,InnoDB,LOCK_SYS_PAGE,930,12,479
1787549566.955,2026-08-24 05:32:46.956,InnoDB,LOCK_SYS_PAGE,1050,12,562
1787549566.955,2026-08-24 05:32:46.956,InnoDB,LOCK_SYS_PAGE,1014,11,496
1787549566.955,2026-08-24 05:32:46.956,InnoDB,LOCK_SYS_PAGE,1032,11,540
1787549566.955,2026-08-24 05:32:46.956,InnoDB,LOCK_SYS_PAGE,978,11,538
1787549566.955,2026-08-24 05:32:46.956,InnoDB,LOCK_SYS_PAGE,955,11,508
1787549566.955,2026-08-24 05:32:46.956,InnoDB,LOCK_SYS_PAGE,1052,11,602
1787549566.955,2026-08-24 05:32:46.956,InnoDB,LOCK_SYS_PAGE,946,11,526
1787549566.955,2026-08-24 05:32:46.956,InnoDB,LOCK_SYS_PAGE,939,11,521
1787549566.955,2026-08-24 05:32:46.956,InnoDB,LOCK_SYS_PAGE,873,11,485
1787549566.955,2026-08-24 05:32:46.956,InnoDB,LOCK_SYS_PAGE,917,11,463
1787549566.955,2026-08-24 05:32:46.956,InnoDB,LOCK_SYS_PAGE,1042,11,564
1787549566.955,2026-08-24 05:32:46.956,InnoDB,LOCK_SYS_PAGE,976,11,498
1787549566.955,2026-08-24 05:32:46.956,InnoDB,LOCK_SYS_PAGE,894,11,504
1787549566.955,2026-08-24 05:32:46.956,InnoDB,LOCK_SYS_PAGE,951,11,516
1787549566.955,2026-08-24 05:32:46.956,InnoDB,LOCK_SYS_PAGE,932,11,505
1787549566.955,2026-08-24 05:32:46.956,InnoDB,LOCK_SYS_PAGE,871,11,479
1787549566.955,2026-08-24 05:32:46.956,InnoDB,LOCK_SYS_PAGE,947,11,513
1787549566.955,2026-08-24 05:32:46.956,InnoDB,LOCK_SYS_PAGE,1010,11,517
1787549566.955,2026-08-24 05:32:46.956,InnoDB,LOCK_SYS_PAGE,986,11,534
1787549566.955,2026-08-24 05:32:46.956,InnoDB,LOCK_SYS_PAGE,925,11,511
1787549566.955,2026-08-24 05:32:46.956,InnoDB,LOCK_SYS_PAGE,958,11,486
1787549566.955,2026-08-24 05:32:46.956,InnoDB,LOCK_SYS_PAGE,843,11,481
1787549566.955,2026-08-24 05:32:46.956,InnoDB,LOCK_SYS_PAGE,925,11,466
1787549566.955,2026-08-24 05:32:46.956,InnoDB,LOCK_SYS_PAGE,978,11,495
1787549566.955,2026-08-24 05:32:46.956,InnoDB,LOCK_SYS_PAGE,1029,11,532
1787549566.955,2026-08-24 05:32:46.956,InnoDB,LOCK_SYS_PAGE,1082,11,594
1787549566.955,2026-08-24 05:32:46.956,InnoDB,LOCK_SYS_PAGE,1034,11,535
1787549566.955,2026-08-24 05:32:46.956,InnoDB,LOCK_SYS_PAGE,961,11,515
1787549566.955,2026-08-24 05:32:46.956,InnoDB,LOCK_SYS_PAGE,982,11,493
1787549566.955,2026-08-24 05:32:46.956,InnoDB,LOCK_SYS_PAGE,920,11,471
1787549566.955,2026-08-24 05:32:46.956,InnoDB,LOCK_SYS_PAGE,942,11,531
1787549566.955,2026-08-24 05:32:46.956,InnoDB,LOCK_SYS_PAGE,948,11,500
1787549566.955,2026-08-24 05:32:46.956,InnoDB,LOCK_SYS_PAGE,965,11,470
1787549566.955,2026-08-24 05:32:46.956,InnoDB,LOCK_SYS_PAGE,940,11,523
1787549566.955,2026-08-24 05:32:46.956,InnoDB,LOCK_SYS_PAGE,986,11,535
1787549566.955,2026-08-24 05:32:46.956,InnoDB,LOCK_SYS_PAGE,932,10,525
1787549566.955,2026-08-24 05:32:46.956,InnoDB,LOCK_SYS_PAGE,1034,10,511
1787549566.955,2026-08-24 05:32:46.956,InnoDB,LOCK_SYS_PAGE,966,10,485
1787549566.955,2026-08-24 05:32:46.956,InnoDB,LOCK_SYS_PAGE,920,10,544
1787549566.955,2026-08-24 05:32:46.956,InnoDB,LOCK_SYS_PAGE,895,10,466
1787549566.955,2026-08-24 05:32:46.956,InnoDB,LOCK_SYS_PAGE,873,10,494
1787549566.955,2026-08-24 05:32:46.956,InnoDB,LOCK_SYS_PAGE,841,10,447
1787549566.955,2026-08-24 05:32:46.956,InnoDB,LOCK_SYS_PAGE,954,10,501
1787549566.955,2026-08-24 05:32:46.956,InnoDB,LOCK_SYS_PAGE,933,10,501
1787549566.955,2026-08-24 05:32:46.956,InnoDB,LOCK_SYS_PAGE,900,10,484
1787549566.955,2026-08-24 05:32:46.956,InnoDB,LOCK_SYS_PAGE,913,10,531
1787549566.955,2026-08-24 05:32:46.956,InnoDB,LOCK_SYS_PAGE,970,10,518
1787549566.955,2026-08-24 05:32:46.956,InnoDB,LOCK_SYS_PAGE,894,10,519
1787549566.955,2026-08-24 05:32:46.956,InnoDB,LOCK_SYS_PAGE,937,10,486
1787549566.955,2026-08-24 05:32:46.956,InnoDB,LOCK_SYS_PAGE,960,10,508
1787549566.955,2026-08-24 05:32:46.956,InnoDB,LOCK_SYS_PAGE,918,10,497
1787549566.955,2026-08-24 05:32:46.956,InnoDB,LOCK_SYS_PAGE,920,10,533
1787549566.955,2026-08-24 05:32:46.956,InnoDB,LOCK_SYS_PAGE,884,10,489
1787549566.955,2026-08-24 05:32:46.956,InnoDB,LOCK_SYS_PAGE,925,10,509
1787549566.955,2026-08-24 05:32:46.956,InnoDB,LOCK_SYS_PAGE,996,10,500
1787549566.955,2026-08-24 05:32:46.956,InnoDB,LOCK_SYS_PAGE,991,10,558
1787549566.955,2026-08-24 05:32:46.956,InnoDB,LOCK_SYS_PAGE,934,10,468
1787549566.955,2026-08-24 05:32:46.956,InnoDB,LOCK_SYS_PAGE,891,10,482
1787549566.955,2026-08-24 05:32:46.956,InnoDB,LOCK_SYS_PAGE,939,10,492
1787549566.955,2026-08-24 05:32:46.956,InnoDB,LOCK_SYS_PAGE,873,10,495
1787549566.955,2026-08-24 05:32:46.956,InnoDB,LOCK_SYS_PAGE,902,10,509
1787549566.955,2026-08-24 05:32:46.956,InnoDB,LOCK_SYS_PAGE,893,10,472
1787549566.955,2026-08-24 05:32:46.956,InnoDB,LOCK_SYS_PAGE,920,10,481
1787549566.955,2026-08-24 05:32:46.956,InnoDB,LOCK_SYS_PAGE,904,10,494
1787549566.955,2026-08-24 05:32:46.956,InnoDB,LOCK_SYS_PAGE,929,10,580
1787549566.955,2026-08-24 05:32:46.956,InnoDB,LOCK_SYS_PAGE,946,10,525
1787549566.955,2026-08-24 05:32:46.956,InnoDB,LOCK_SYS_PAGE,946,10,503
1787549566.955,2026-08-24 05:32:46.956,InnoDB,LOCK_SYS_PAGE,895,10,470
1787549566.955,2026-08-24 05:32:46.956,InnoDB,LOCK_SYS_PAGE,973,10,473
1787549566.955,2026-08-24 05:32:46.956,InnoDB,LOCK_SYS_PAGE,942,10,529
1787549566.955,2026-08-24 05:32:46.956,InnoDB,LOCK_SYS_PAGE,894,10,537
1787549566.955,2026-08-24 05:32:46.956,InnoDB,LOCK_SYS_PAGE,1064,10,546
1787549566.955,2026-08-24 05:32:46.956,InnoDB,LOCK_SYS_PAGE,912,10,523
1787549566.955,2026-08-24 05:32:46.956,InnoDB,LOCK_SYS_PAGE,979,10,513
1787549566.955,2026-08-24 05:32:46.956,InnoDB,LOCK_SYS_PAGE,983,10,593
1787549566.955,2026-08-24 05:32:46.956,InnoDB,LOCK_SYS_PAGE,997,10,553
1787549566.955,2026-08-24 05:32:46.956,InnoDB,LOCK_SYS_PAGE,954,10,540
1787549566.955,2026-08-24 05:32:46.956,InnoDB,LOCK_SYS_PAGE,907,10,502
1787549566.955,2026-08-24 05:32:46.956,InnoDB,LOCK_SYS_PAGE,925,10,542
1787549566.955,2026-08-24 05:32:46.956,InnoDB,LOCK_SYS_PAGE,891,10,464
1787549566.955,2026-08-24 05:32:46.956,InnoDB,LOCK_SYS_PAGE,841,10,467
1787549566.955,2026-08-24 05:32:46.956,InnoDB,LOCK_SYS_PAGE,928,10,506
1787549566.955,2026-08-24 05:32:46.956,InnoDB,LOCK_SYS_PAGE,937,9,489
1787549566.955,2026-08-24 05:32:46.956,InnoDB,LOCK_SYS_PAGE,908,9,471
1787549566.955,2026-08-24 05:32:46.956,InnoDB,LOCK_SYS_PAGE,1071,9,554
1787549566.955,2026-08-24 05:32:46.956,InnoDB,LOCK_SYS_PAGE,890,9,516
1787549566.955,2026-08-24 05:32:46.956,InnoDB,LOCK_SYS_PAGE,998,9,523
1787549566.955,2026-08-24 05:32:46.956,InnoDB,LOCK_SYS_PAGE,850,9,498
1787549566.955,2026-08-24 05:32:46.956,InnoDB,LOCK_SYS_PAGE,879,9,506
1787549566.955,2026-08-24 05:32:46.956,InnoDB,LOCK_SYS_PAGE,910,9,548
1787549566.955,2026-08-24 05:32:46.956,InnoDB,LOCK_SYS_PAGE,825,9,490
1787549566.955,2026-08-24 05:32:46.956,InnoDB,LOCK_SYS_PAGE,921,9,530
1787549566.955,2026-08-24 05:32:46.956,InnoDB,LOCK_SYS_PAGE,839,9,515
1787549566.955,2026-08-24 05:32:46.956,InnoDB,LOCK_SYS_PAGE,1037,9,561
1787549566.955,2026-08-24 05:32:46.956,InnoDB,LOCK_SYS_PAGE,927,9,569
1787549566.955,2026-08-24 05:32:46.956,InnoDB,LOCK_SYS_PAGE,830,9,474
1787549566.955,2026-08-24 05:32:46.956,InnoDB,LOCK_SYS_PAGE,855,9,514
1787549566.955,2026-08-24 05:32:46.956,InnoDB,LOCK_SYS_PAGE,908,9,467
1787549566.955,2026-08-24 05:32:46.956,InnoDB,LOCK_SYS_PAGE,1031,9,565
1787549566.955,2026-08-24 05:32:46.956,InnoDB,LOCK_SYS_PAGE,903,9,516
1787549566.955,2026-08-24 05:32:46.956,InnoDB,LOCK_SYS_PAGE,795,9,470
1787549566.955,2026-08-24 05:32:46.956,InnoDB,LOCK_SYS_PAGE,910,9,485
1787549566.955,2026-08-24 05:32:46.956,InnoDB,LOCK_SYS_PAGE,892,9,489
1787549566.955,2026-08-24 05:32:46.956,InnoDB,LOCK_SYS_PAGE,962,9,554
1787549566.955,2026-08-24 05:32:46.956,InnoDB,LOCK_SYS_PAGE,920,9,480
1787549566.955,2026-08-24 05:32:46.956,InnoDB,LOCK_SYS_PAGE,910,9,517
1787549566.955,2026-08-24 05:32:46.956,InnoDB,LOCK_SYS_PAGE,864,9,475
1787549566.955,2026-08-24 05:32:46.956,InnoDB,LOCK_SYS_PAGE,886,9,484
1787549566.955,2026-08-24 05:32:46.956,InnoDB,LOCK_SYS_PAGE,849,9,491
1787549566.955,2026-08-24 05:32:46.956,InnoDB,LOCK_SYS_PAGE,871,9,521
1787549566.955,2026-08-24 05:32:46.956,InnoDB,LOCK_SYS_PAGE,874,9,518
1787549566.955,2026-08-24 05:32:46.956,InnoDB,LOCK_SYS_PAGE,835,8,506
1787549566.955,2026-08-24 05:32:46.956,InnoDB,LOCK_SYS_PAGE,872,8,563
1787549566.955,2026-08-24 05:32:46.956,InnoDB,LOCK_SYS_PAGE,826,8,509
1787549566.955,2026-08-24 05:32:46.956,InnoDB,LOCK_SYS_PAGE,850,8,502
1787549566.955,2026-08-24 05:32:46.956,InnoDB,LOCK_SYS_PAGE,851,8,480
1787549566.955,2026-08-24 05:32:46.956,InnoDB,LOCK_SYS_PAGE,881,8,500
1787549566.955,2026-08-24 05:32:46.956,InnoDB,LOCK_SYS_PAGE,958,8,491
1787549566.955,2026-08-24 05:32:46.956,InnoDB,LOCK_SYS_PAGE,876,8,554
1787549566.955,2026-08-24 05:32:46.956,InnoDB,LOCK_SYS_PAGE,931,8,515
1787549566.955,2026-08-24 05:32:46.956,InnoDB,LOCK_SYS_PAGE,925,8,552
1787549566.955,2026-08-24 05:32:46.956,InnoDB,LOCK_SYS_PAGE,876,8,498
1787549566.955,2026-08-24 05:32:46.956,InnoDB,RECALC_POOL,292,8,19
1787549566.955,2026-08-24 05:32:46.956,InnoDB,LOCK_SYS_PAGE,903,8,571
1787549566.955,2026-08-24 05:32:46.956,InnoDB,LOCK_SYS_PAGE,846,8,528
1787549566.955,2026-08-24 05:32:46.956,InnoDB,LOCK_SYS_PAGE,941,8,546
1787549566.955,2026-08-24 05:32:46.956,InnoDB,LOCK_SYS_PAGE,890,8,500
1787549566.955,2026-08-24 05:32:46.956,InnoDB,LOCK_SYS_PAGE,813,8,513
1787549566.955,2026-08-24 05:32:46.956,InnoDB,LOCK_SYS_PAGE,901,8,503
1787549566.955,2026-08-24 05:32:46.956,InnoDB,LOCK_SYS_PAGE,797,8,504
1787549566.955,2026-08-24 05:32:46.956,InnoDB,LOCK_SYS_PAGE,785,8,490
1787549566.955,2026-08-24 05:32:46.956,InnoDB,LOCK_SYS_PAGE,876,8,511
1787549566.955,2026-08-24 05:32:46.956,InnoDB,LOCK_SYS_PAGE,907,8,512
1787549566.955,2026-08-24 05:32:46.956,InnoDB,LOCK_SYS_PAGE,970,8,526
1787549566.955,2026-08-24 05:32:46.956,InnoDB,LOCK_SYS_PAGE,897,8,504
1787549566.955,2026-08-24 05:32:46.956,InnoDB,LOCK_SYS_PAGE,832,8,477
1787549566.955,2026-08-24 05:32:46.956,InnoDB,LOCK_SYS_PAGE,805,7,525
1787549566.955,2026-08-24 05:32:46.956,InnoDB,LOCK_SYS_PAGE,875,7,535
1787549566.955,2026-08-24 05:32:46.956,InnoDB,LOCK_SYS_PAGE,886,7,556
1787549566.955,2026-08-24 05:32:46.956,InnoDB,LOCK_SYS_PAGE,843,7,516
1787549566.955,2026-08-24 05:32:46.956,InnoDB,LOCK_SYS_PAGE,862,7,546
1787549566.955,2026-08-24 05:32:46.956,InnoDB,LOCK_SYS_PAGE,816,7,511
1787549566.955,2026-08-24 05:32:46.956,InnoDB,LOCK_SYS_PAGE,835,7,473
1787549566.955,2026-08-24 05:32:46.956,InnoDB,LOCK_SYS_PAGE,846,7,505
1787549566.955,2026-08-24 05:32:46.956,InnoDB,LOCK_SYS_PAGE,815,7,484
1787549566.955,2026-08-24 05:32:46.956,InnoDB,LOCK_SYS_PAGE,958,7,551
1787549566.955,2026-08-24 05:32:46.956,InnoDB,LOCK_SYS_PAGE,825,7,558
1787549566.955,2026-08-24 05:32:46.956,InnoDB,LOCK_SYS_PAGE,721,7,462
1787549566.955,2026-08-24 05:32:46.956,InnoDB,LOCK_SYS_PAGE,828,7,536
1787549566.955,2026-08-24 05:32:46.956,InnoDB,LOCK_SYS_PAGE,860,7,522
1787549566.955,2026-08-24 05:32:46.956,InnoDB,PARSER,238,7,5
1787549566.955,2026-08-24 05:32:46.956,InnoDB,LOCK_SYS_PAGE,730,7,470
1787549566.955,2026-08-24 05:32:46.956,InnoDB,LOCK_SYS_PAGE,893,7,512
1787549566.955,2026-08-24 05:32:46.956,InnoDB,LOCK_SYS_PAGE,834,7,479
1787549566.955,2026-08-24 05:32:46.956,InnoDB,LOCK_SYS_PAGE,860,7,521
1787549566.955,2026-08-24 05:32:46.956,InnoDB,LOCK_SYS_PAGE,804,7,479
1787549566.955,2026-08-24 05:32:46.956,InnoDB,LOCK_SYS_PAGE,819,7,517
1787549566.955,2026-08-24 05:32:46.956,InnoDB,LOCK_SYS_PAGE,822,7,515
1787549566.955,2026-08-24 05:32:46.956,InnoDB,LOCK_SYS_PAGE,905,7,478
1787549566.955,2026-08-24 05:32:46.956,InnoDB,LOCK_SYS_PAGE,922,7,554
1787549566.955,2026-08-24 05:32:46.956,InnoDB,LOCK_SYS_PAGE,770,7,532
1787549566.955,2026-08-24 05:32:46.956,InnoDB,LOCK_SYS_PAGE,808,7,492
1787549566.955,2026-08-24 05:32:46.956,InnoDB,LOCK_SYS_PAGE,782,6,546
1787549566.955,2026-08-24 05:32:46.956,InnoDB,LOCK_SYS_PAGE,757,6,543
1787549566.955,2026-08-24 05:32:46.956,InnoDB,LOCK_SYS_PAGE,906,6,499
1787549566.955,2026-08-24 05:32:46.956,InnoDB,LOCK_SYS_PAGE,879,6,550
1787549566.955,2026-08-24 05:32:46.956,InnoDB,LOCK_SYS_PAGE,782,6,490
1787549566.955,2026-08-24 05:32:46.956,InnoDB,LOCK_SYS_PAGE,806,6,512
1787549566.955,2026-08-24 05:32:46.956,InnoDB,LOCK_SYS_PAGE,833,6,522
1787549566.955,2026-08-24 05:32:46.956,InnoDB,LOCK_SYS_PAGE,840,6,501
1787549566.955,2026-08-24 05:32:46.956,InnoDB,LOCK_SYS_PAGE,703,6,455
1787549566.955,2026-08-24 05:32:46.956,InnoDB,LOCK_SYS_PAGE,973,6,548
1787549566.955,2026-08-24 05:32:46.956,InnoDB,LOCK_SYS_PAGE,783,6,489
1787549566.955,2026-08-24 05:32:46.956,InnoDB,LOCK_SYS_PAGE,808,6,517
1787549566.955,2026-08-24 05:32:46.956,InnoDB,LOCK_SYS_PAGE,730,6,504
1787549566.955,2026-08-24 05:32:46.956,InnoDB,LOCK_SYS_PAGE,800,6,500
1787549566.955,2026-08-24 05:32:46.956,InnoDB,LOCK_SYS_PAGE,809,6,484
1787549566.955,2026-08-24 05:32:46.956,InnoDB,LOCK_SYS_PAGE,672,6,468
1787549566.955,2026-08-24 05:32:46.956,InnoDB,LOCK_SYS_PAGE,729,5,456
1787549566.955,2026-08-24 05:32:46.956,InnoDB,LOCK_SYS_PAGE,747,5,489
1787549566.955,2026-08-24 05:32:46.956,InnoDB,DICT_TABLE_STATS_COMPUTE,174,5,4
1787549566.955,2026-08-24 05:32:46.956,InnoDB,LOCK_SYS_PAGE,814,5,562
1787549566.955,2026-08-24 05:32:46.956,InnoDB,LOCK_SYS_PAGE,656,5,461
1787549566.955,2026-08-24 05:32:46.956,InnoDB,LOCK_SYS_PAGE,785,5,529
1787549566.955,2026-08-24 05:32:46.956,InnoDB,LOCK_SYS_PAGE,733,4,483
1787549566.955,2026-08-24 05:32:46.956,InnoDB,LOCK_SYS_PAGE,694,4,489
1787549566.955,2026-08-24 05:32:46.956,InnoDB,LOCK_SYS_PAGE,661,4,457
1787549566.955,2026-08-24 05:32:46.956,InnoDB,LOCK_SYS_PAGE,728,4,494
1787549566.955,2026-08-24 05:32:46.956,InnoDB,LOCK_SYS_PAGE,726,4,497
1787549566.955,2026-08-24 05:32:46.956,InnoDB,DICT_TABLE_STATS_COMPUTE,90,3,2
1787549566.955,2026-08-24 05:32:46.956,InnoDB,LOCK_SYS_PAGE,769,3,518
1787549566.955,2026-08-24 05:32:46.956,InnoDB,FIL_SHARD,99,2,44
1787549566.955,2026-08-24 05:32:46.956,InnoDB,FIL_SHARD,144,2,91
1787549566.955,2026-08-24 05:32:46.956,InnoDB,LOCK_SYS_PAGE,620,2,465
1787549566.955,2026-08-24 05:32:46.956,InnoDB,FIL_SHARD,96,2,25
1787549566.955,2026-08-24 05:32:46.956,InnoDB,FIL_SHARD,78,2,28
1787549566.955,2026-08-24 05:32:46.956,InnoDB,FIL_SHARD,63,1,35
1787549566.955,2026-08-24 05:32:46.956,InnoDB,TRX_SYS_SHARD,34,1,1
1787549566.955,2026-08-24 05:32:46.956,InnoDB,TRX_SYS_SHARD,32,1,3
1787549566.955,2026-08-24 05:32:46.956,InnoDB,FIL_SHARD,73,1,43
1787549566.955,2026-08-24 05:32:46.956,InnoDB,FIL_SHARD,38,1,11
1787549566.955,2026-08-24 05:32:46.956,InnoDB,TRX_SYS_SHARD,35,1,2
1787549566.955,2026-08-24 05:32:46.956,InnoDB,TRX_SYS_SHARD,31,1,2
1787549566.955,2026-08-24 05:32:46.956,InnoDB,LOG_LIMITS,238,1,140
1787549566.955,2026-08-24 05:32:46.956,InnoDB,FIL_SHARD,80,1,72
1787549566.955,2026-08-24 05:32:46.956,InnoDB,TRX_SYS_SHARD,30,1,1
1787549566.955,2026-08-24 05:32:46.956,InnoDB,FIL_SHARD,47,1,24
1787549566.955,2026-08-24 05:32:46.956,InnoDB,TRX_SYS_SHARD,4,0,3
1787549566.955,2026-08-24 05:32:46.956,InnoDB,TRX_SYS_SHARD,1,0,1
1787549566.955,2026-08-24 05:32:46.956,InnoDB,TRX_SYS_SHARD,1,0,1
1787549566.955,2026-08-24 05:32:46.956,InnoDB,TRX_SYS_SHARD,1,0,1
1787549566.955,2026-08-24 05:32:46.956,InnoDB,TRX_SYS_SHARD,2,0,1
1787549566.955,2026-08-24 05:32:46.956,InnoDB,TRX_SYS_SHARD,1,0,1
1787549566.955,2026-08-24 05:32:46.956,InnoDB,TRX_SYS_SHARD,1,0,1
1787549566.955,2026-08-24 05:32:46.956,InnoDB,TRX_SYS_SHARD,1,0,1
1787549566.955,2026-08-24 05:32:46.956,InnoDB,TRX_SYS_SHARD,1,0,1
1787549566.955,2026-08-24 05:32:46.956,InnoDB,TRX_SYS_SHARD,1,0,1
1787549566.955,2026-08-24 05:32:46.956,InnoDB,TRX_SYS_SHARD,1,0,1
1787549566.955,2026-08-24 05:32:46.956,InnoDB,TRX_SYS_SHARD,1,0,1
1787549566.955,2026-08-24 05:32:46.956,InnoDB,TRX_SYS_SHARD,1,0,1
1787549566.955,2026-08-24 05:32:46.956,InnoDB,TRX_SYS_SHARD,1,0,1
1787549566.955,2026-08-24 05:32:46.956,InnoDB,TRX_SYS_SHARD,1,0,1
1787549566.955,2026-08-24 05:32:46.956,InnoDB,TRX_SYS_SHARD,1,0,1
1787549566.955,2026-08-24 05:32:46.956,InnoDB,TRX_SYS_SHARD,1,0,1
1787549566.955,2026-08-24 05:32:46.956,InnoDB,TRX_SYS_SHARD,2,0,1
1787549566.955,2026-08-24 05:32:46.956,InnoDB,TRX_SYS_SHARD,2,0,1
1787549566.955,2026-08-24 05:32:46.956,InnoDB,TRX_SYS_SHARD,1,0,1
1787549566.955,2026-08-24 05:32:46.956,InnoDB,TRX_SYS_SHARD,1,0,1
1787549566.955,2026-08-24 05:32:46.956,InnoDB,TRX_SYS_SHARD,2,0,2
1787549566.955,2026-08-24 05:32:46.956,InnoDB,TRX_SYS_SHARD,1,0,1
1787549566.955,2026-08-24 05:32:46.956,InnoDB,TRX_SYS_SHARD,1,0,1
1787549566.955,2026-08-24 05:32:46.956,InnoDB,TRX_SYS_SHARD,2,0,2
1787549566.955,2026-08-24 05:32:46.956,InnoDB,TRX_SYS_SHARD,2,0,1
1787549566.955,2026-08-24 05:32:46.956,InnoDB,TRX_SYS_SHARD,1,0,1
1787549566.955,2026-08-24 05:32:46.956,InnoDB,TRX_SYS_SHARD,1,0,1
1787549566.955,2026-08-24 05:32:46.956,InnoDB,TRX_SYS_SHARD,2,0,1
1787549566.955,2026-08-24 05:32:46.956,InnoDB,TRX_SYS_SHARD,2,0,1
1787549566.955,2026-08-24 05:32:46.956,InnoDB,TRX_SYS_SHARD,1,0,1
1787549566.955,2026-08-24 05:32:46.956,InnoDB,TRX_SYS_SHARD,1,0,1
1787549566.955,2026-08-24 05:32:46.956,InnoDB,TRX_SYS_SHARD,1,0,1
1787549566.955,2026-08-24 05:32:46.956,InnoDB,TRX_SYS_SHARD,1,0,1
1787549566.955,2026-08-24 05:32:46.956,InnoDB,TRX_SYS_SHARD,4,0,2
1787549566.955,2026-08-24 05:32:46.956,InnoDB,TRX_SYS_SHARD,1,0,1
1787549566.955,2026-08-24 05:32:46.956,InnoDB,TRX_SYS_SHARD,1,0,1
1787549566.955,2026-08-24 05:32:46.956,InnoDB,TRX_SYS_SHARD,2,0,1
1787549566.955,2026-08-24 05:32:46.956,InnoDB,TRX_SYS_SHARD,1,0,1
1787549566.955,2026-08-24 05:32:46.956,InnoDB,FIL_SHARD,135,0,167
1787549566.955,2026-08-24 05:32:46.956,InnoDB,TRX_SYS_SHARD,2,0,2
1787549566.955,2026-08-24 05:32:46.956,InnoDB,TRX_SYS_SHARD,2,0,1
1787549566.955,2026-08-24 05:32:46.956,InnoDB,TRX_SYS_SHARD,2,0,1
1787549566.955,2026-08-24 05:32:46.956,InnoDB,TRX_SYS_SHARD,1,0,1
1787549566.955,2026-08-24 05:32:46.956,InnoDB,FIL_SHARD,25,0,8
1787549566.955,2026-08-24 05:32:46.956,InnoDB,TRX_SYS_SHARD,2,0,1
1787549566.955,2026-08-24 05:32:46.956,InnoDB,TRX_SYS_SHARD,1,0,1
1787549566.955,2026-08-24 05:32:46.956,InnoDB,CLONE_SYS,1,0,1
1787549566.955,2026-08-24 05:32:46.956,InnoDB,TRX_SYS_SHARD,1,0,1
1787549566.955,2026-08-24 05:32:46.956,InnoDB,TRX_SYS_SHARD,1,0,1
1787549566.955,2026-08-24 05:32:46.956,InnoDB,TRX_SYS_SHARD,2,0,2
1787549566.955,2026-08-24 05:32:46.956,InnoDB,TRX_SYS_SHARD,1,0,1
1787549566.955,2026-08-24 05:32:46.956,InnoDB,TRX_SYS_SHARD,2,0,2
1787549566.955,2026-08-24 05:32:46.956,InnoDB,TRX_SYS_SHARD,1,0,1
1787549566.955,2026-08-24 05:32:46.956,InnoDB,TRX_SYS_SHARD,2,0,1
1787549566.955,2026-08-24 05:32:46.956,InnoDB,TRX_SYS_SHARD,1,0,1
1787549566.955,2026-08-24 05:32:46.956,InnoDB,FIL_SHARD,3,0,12
1787549566.955,2026-08-24 05:32:46.956,InnoDB,FIL_SHARD,5,0,15
1787549566.955,2026-08-24 05:32:46.956,InnoDB,FIL_SHARD,9,0,21
1787549566.955,2026-08-24 05:32:46.956,InnoDB,FIL_SHARD,8,0,22
1787549566.955,2026-08-24 05:32:46.956,InnoDB,FIL_SHARD,52,0,36
1787549566.955,2026-08-24 05:32:46.956,InnoDB,FIL_SHARD,7,0,13
1787549566.955,2026-08-24 05:32:46.956,InnoDB,FIL_SHARD,7,0,14
1787549566.955,2026-08-24 05:32:46.956,InnoDB,FIL_SHARD,17,0,30
1787549566.955,2026-08-24 05:32:46.956,InnoDB,FIL_SHARD,8,0,15
1787549566.955,2026-08-24 05:32:46.956,InnoDB,FIL_SHARD,6,0,11
1787549566.955,2026-08-24 05:32:46.956,InnoDB,FIL_SHARD,39,0,49
1787549566.955,2026-08-24 05:32:46.956,InnoDB,FIL_SHARD,4,0,7
1787549566.955,2026-08-24 05:32:46.956,InnoDB,FIL_SHARD,21,0,29
1787549566.955,2026-08-24 05:32:46.956,InnoDB,FIL_SHARD,22,0,30
1787549566.955,2026-08-24 05:32:46.956,InnoDB,FIL_SHARD,33,0,56
1787549566.955,2026-08-24 05:32:46.956,InnoDB,FIL_SHARD,40,0,53
1787549566.955,2026-08-24 05:32:46.956,InnoDB,FIL_SHARD,31,0,50
1787549566.955,2026-08-24 05:32:46.956,InnoDB,FIL_SHARD,30,0,47
1787549566.955,2026-08-24 05:32:46.956,InnoDB,FIL_SHARD,17,0,29
1787549566.955,2026-08-24 05:32:46.956,InnoDB,FIL_SHARD,42,0,32
1787549566.955,2026-08-24 05:32:46.956,InnoDB,FIL_SHARD,5,0,9
1787549566.955,2026-08-24 05:32:46.956,InnoDB,FIL_SHARD,15,0,18
1787549566.955,2026-08-24 05:32:46.956,InnoDB,FIL_SHARD,8,0,23
1787549566.955,2026-08-24 05:32:46.956,InnoDB,FIL_SHARD,9,0,23
1787549566.955,2026-08-24 05:32:46.956,InnoDB,FIL_SHARD,8,0,12
1787549566.955,2026-08-24 05:32:46.956,InnoDB,FIL_SHARD,4,0,17
1787549566.955,2026-08-24 05:32:46.956,InnoDB,FIL_SHARD,31,0,24
1787549566.955,2026-08-24 05:32:46.956,InnoDB,FIL_SHARD,8,0,18
1787549566.955,2026-08-24 05:32:46.956,InnoDB,FIL_SHARD,9,0,18
1787549566.955,2026-08-24 05:32:46.956,InnoDB,FIL_SHARD,10,0,14
1787549566.955,2026-08-24 05:32:46.956,InnoDB,FIL_SHARD,19,0,27
1787549566.955,2026-08-24 05:32:46.956,InnoDB,FIL_SHARD,6,0,13
1787549566.955,2026-08-24 05:32:46.956,InnoDB,AUTOINC,1,0,1
1787549566.955,2026-08-24 05:32:46.956,InnoDB,TRX_SYS_SHARD,1,0,1
1787549566.955,2026-08-24 05:32:46.956,InnoDB,TRX_SYS_SHARD,2,0,2
1787549566.955,2026-08-24 05:32:46.956,InnoDB,TRX_SYS_SHARD,1,0,1
1787549566.955,2026-08-24 05:32:46.956,InnoDB,TRX_SYS_SHARD,1,0,1
1787549566.955,2026-08-24 05:32:46.956,InnoDB,TRX_SYS_SHARD,1,0,1
1787549566.955,2026-08-24 05:32:46.956,InnoDB,TRX_SYS_SHARD,5,0,3
1787549566.955,2026-08-24 05:32:46.956,InnoDB,TRX_SYS_SHARD,8,0,1
1787549566.955,2026-08-24 05:32:46.956,InnoDB,TRX_SYS_SHARD,1,0,1
1787549566.955,2026-08-24 05:32:46.956,InnoDB,TRX_SYS_SHARD,2,0,2
1787549566.955,2026-08-24 05:32:46.956,InnoDB,TRX_SYS_SHARD,6,0,1
1787549566.955,2026-08-24 05:32:46.956,InnoDB,TRX_SYS_SHARD,1,0,1
1787549566.955,2026-08-24 05:32:46.956,InnoDB,TRX_SYS_SHARD,1,0,1
1787549566.955,2026-08-24 05:32:46.956,InnoDB,TRX_SYS_SHARD,2,0,1
1787549566.955,2026-08-24 05:32:46.956,InnoDB,TRX_SYS_SHARD,1,0,1
1787549566.955,2026-08-24 05:32:46.956,InnoDB,TRX_SYS_SHARD,2,0,2
1787549566.955,2026-08-24 05:32:46.956,InnoDB,TRX_SYS_SHARD,3,0,2
1787549566.955,2026-08-24 05:32:46.956,InnoDB,TRX_SYS_SHARD,1,0,1
1787549566.955,2026-08-24 05:32:46.956,InnoDB,TRX_SYS_SHARD,1,0,1
1787549566.955,2026-08-24 05:32:46.956,InnoDB,TRX_SYS_SHARD,1,0,1
1787549566.955,2026-08-24 05:32:46.956,InnoDB,TRX_SYS_SHARD,2,0,2
1787549566.955,2026-08-24 05:32:46.956,InnoDB,TRX_SYS_SHARD,1,0,1
1787549566.955,2026-08-24 05:32:46.956,InnoDB,TRX_SYS_SHARD,1,0,1
1787549566.955,2026-08-24 05:32:46.956,InnoDB,TRX_SYS_SHARD,1,0,1
1787549566.955,2026-08-24 05:32:46.956,InnoDB,TRX_SYS_SHARD,2,0,2
1787549566.955,2026-08-24 05:32:46.956,InnoDB,TRX_SYS_SHARD,2,0,1
1787549566.955,2026-08-24 05:32:46.956,InnoDB,FIL_SHARD,72,0,107
1787549566.955,2026-08-24 05:32:46.956,InnoDB,TRX,1,0,1
1787549566.955,2026-08-24 05:32:46.956,InnoDB,TRX,1,0,1
1787549566.955,2026-08-24 05:32:46.956,InnoDB,TRX,1,0,1
1787549566.955,2026-08-24 05:32:46.956,InnoDB,TRX_POOL_MANAGER,5,0,5
1787549566.955,2026-08-24 05:32:46.956,InnoDB,FIL_SHARD,54,0,77
1787549566.955,2026-08-24 05:32:46.956,InnoDB,FIL_SHARD,56,0,62
1787549566.955,2026-08-24 05:32:46.956,InnoDB,rwlock: dict0dict.cc:2631,,10518,
1787549566.955,2026-08-24 05:32:46.956,InnoDB,rwlock: dict0dict.cc:2631,,10702,
1787549566.955,2026-08-24 05:32:46.956,InnoDB,rwlock: dict0dict.cc:2631,,11054,
1787549566.955,2026-08-24 05:32:46.956,InnoDB,rwlock: dict0dict.cc:2631,,10841,
1787549566.955,2026-08-24 05:32:46.956,InnoDB,rwlock: dict0dict.cc:2631,,11121,
1787549566.955,2026-08-24 05:32:46.956,InnoDB,rwlock: dict0dict.cc:2631,,10721,
1787549566.955,2026-08-24 05:32:46.956,InnoDB,rwlock: dict0dict.cc:2631,,10765,
1787549566.955,2026-08-24 05:32:46.956,InnoDB,rwlock: dict0dict.cc:2631,,10901,
1787549566.955,2026-08-24 05:32:46.956,InnoDB,rwlock: dict0dict.cc:2631,,10918,
1787549566.955,2026-08-24 05:32:46.956,InnoDB,rwlock: dict0dict.cc:2631,,11119,
1787549566.955,2026-08-24 05:32:46.956,InnoDB,rwlock: dict0dict.cc:2631,,10455,
1787549566.955,2026-08-24 05:32:46.956,InnoDB,rwlock: dict0dict.cc:2631,,10423,
1787549566.955,2026-08-24 05:32:46.956,InnoDB,rwlock: dict0dict.cc:2631,,10630,
1787549566.955,2026-08-24 05:32:46.956,InnoDB,rwlock: dict0dict.cc:2631,,10782,
1787549566.955,2026-08-24 05:32:46.956,InnoDB,rwlock: dict0dict.cc:2631,,10735,
1787549566.955,2026-08-24 05:32:46.956,InnoDB,rwlock: dict0dict.cc:2631,,10232,
1787549566.955,2026-08-24 05:32:46.956,InnoDB,rwlock: dict0dict.cc:2631,,10777,
1787549566.955,2026-08-24 05:32:46.956,InnoDB,rwlock: dict0dict.cc:2631,,10152,
1787549566.955,2026-08-24 05:32:46.956,InnoDB,rwlock: dict0dict.cc:2631,,10099,
1787549566.955,2026-08-24 05:32:46.956,InnoDB,rwlock: dict0dict.cc:2631,,11144,
1787549566.955,2026-08-24 05:32:46.956,InnoDB,rwlock: dict0dict.cc:2631,,1,
1787549566.955,2026-08-24 05:32:46.956,InnoDB,rwlock: dict0dict.cc:2631,,1,
1787549566.955,2026-08-24 05:32:46.956,InnoDB,rwlock: dict0dict.cc:2631,,1,
1787549566.955,2026-08-24 05:32:46.956,InnoDB,rwlock: dict0dict.cc:2631,,1,
1787549566.955,2026-08-24 05:32:46.956,InnoDB,rwlock: dict0dict.cc:2631,,1,
1787549566.955,2026-08-24 05:32:46.956,InnoDB,rwlock: fil0fil.cc:10242,,1,
1787549566.955,2026-08-24 05:32:46.956,InnoDB,rwlock: fil0fil.cc:10242,,1,
1787549566.955,2026-08-24 05:32:46.956,InnoDB,rwlock: dict0dict.cc:2631,,2,
1787549566.955,2026-08-24 05:32:46.956,InnoDB,rwlock: dict0dict.cc:2631,,1,
1787549566.955,2026-08-24 05:32:46.956,InnoDB,rwlock: dict0dict.cc:2631,,2,
1787549566.955,2026-08-24 05:32:46.956,InnoDB,rwlock: fil0fil.cc:10242,,1,
1787549566.955,2026-08-24 05:32:46.956,InnoDB,rwlock: dict0dict.cc:2631,,1,
1787549566.955,2026-08-24 05:32:46.956,InnoDB,rwlock: dict0dict.cc:2631,,1,
1787549566.955,2026-08-24 05:32:46.956,InnoDB,rwlock: dict0dict.cc:2631,,3,
1787549566.955,2026-08-24 05:32:46.956,InnoDB,rwlock: trx0purge.cc:232,,29,
1787549566.955,2026-08-24 05:32:46.956,InnoDB,rwlock: fil0fil.cc:10242,,5105,
1787549566.955,2026-08-24 05:32:46.956,InnoDB,rwlock: fil0fil.cc:10242,,4618,
1787549566.955,2026-08-24 05:32:46.956,InnoDB,rwlock: dict0dict.cc:1180,,25,
1787549566.955,2026-08-24 05:32:46.956,InnoDB,rwlock: hash0hash.cc:117,,705,
1787549566.955,2026-08-24 05:32:46.956,InnoDB,rwlock: hash0hash.cc:117,,1444,
1787549566.955,2026-08-24 05:32:46.956,InnoDB,rwlock: hash0hash.cc:117,,2532,
1787549566.955,2026-08-24 05:32:46.956,InnoDB,rwlock: hash0hash.cc:117,,580,
1787549566.955,2026-08-24 05:32:46.956,InnoDB,rwlock: hash0hash.cc:117,,714,
1787549566.955,2026-08-24 05:32:46.956,InnoDB,rwlock: hash0hash.cc:117,,835,
1787549566.955,2026-08-24 05:32:46.956,InnoDB,rwlock: hash0hash.cc:117,,1066,
1787549566.955,2026-08-24 05:32:46.956,InnoDB,rwlock: hash0hash.cc:117,,486,
1787549566.955,2026-08-24 05:32:46.956,InnoDB,rwlock: hash0hash.cc:117,,993,
1787549566.955,2026-08-24 05:32:46.956,InnoDB,rwlock: hash0hash.cc:117,,1998,
1787549566.955,2026-08-24 05:32:46.956,InnoDB,rwlock: hash0hash.cc:117,,742,
1787549566.955,2026-08-24 05:32:46.956,InnoDB,rwlock: hash0hash.cc:117,,2334,
1787549566.955,2026-08-24 05:32:46.956,InnoDB,rwlock: hash0hash.cc:117,,678,
1787549566.955,2026-08-24 05:32:46.956,InnoDB,rwlock: hash0hash.cc:117,,1123,
1787549566.955,2026-08-24 05:32:46.956,InnoDB,rwlock: hash0hash.cc:117,,1051,
1787549566.955,2026-08-24 05:32:46.956,InnoDB,rwlock: hash0hash.cc:117,,1228,
1787549566.955,2026-08-24 05:32:46.956,InnoDB,rwlock: hash0hash.cc:117,,833,
1787549566.955,2026-08-24 05:32:46.956,InnoDB,rwlock: hash0hash.cc:117,,505,
1787549566.955,2026-08-24 05:32:46.956,InnoDB,rwlock: hash0hash.cc:117,,630,
1787549566.955,2026-08-24 05:32:46.956,InnoDB,rwlock: hash0hash.cc:117,,1073,
1787549566.955,2026-08-24 05:32:46.956,InnoDB,rwlock: hash0hash.cc:117,,510,
1787549566.955,2026-08-24 05:32:46.956,InnoDB,rwlock: hash0hash.cc:117,,662,
1787549566.955,2026-08-24 05:32:46.956,InnoDB,rwlock: hash0hash.cc:117,,839,
1787549566.955,2026-08-24 05:32:46.956,InnoDB,rwlock: hash0hash.cc:117,,482,
1787549566.955,2026-08-24 05:32:46.956,InnoDB,rwlock: hash0hash.cc:117,,537,
1787549566.955,2026-08-24 05:32:46.956,InnoDB,rwlock: hash0hash.cc:117,,991,
1787549566.955,2026-08-24 05:32:46.956,InnoDB,rwlock: hash0hash.cc:117,,589,
1787549566.955,2026-08-24 05:32:46.956,InnoDB,rwlock: hash0hash.cc:117,,962,
1787549566.955,2026-08-24 05:32:46.956,InnoDB,rwlock: hash0hash.cc:117,,872,
1787549566.955,2026-08-24 05:32:46.956,InnoDB,rwlock: hash0hash.cc:117,,534,
1787549566.955,2026-08-24 05:32:46.956,InnoDB,rwlock: hash0hash.cc:117,,1148,
1787549566.955,2026-08-24 05:32:46.956,InnoDB,rwlock: hash0hash.cc:117,,556,
1787549566.955,2026-08-24 05:32:46.956,InnoDB,rwlock: hash0hash.cc:117,,568,
1787549566.955,2026-08-24 05:32:46.956,InnoDB,rwlock: hash0hash.cc:117,,500,
1787549566.955,2026-08-24 05:32:46.956,InnoDB,rwlock: hash0hash.cc:117,,2172,
1787549566.955,2026-08-24 05:32:46.956,InnoDB,rwlock: hash0hash.cc:117,,731,
1787549566.955,2026-08-24 05:32:46.956,InnoDB,rwlock: hash0hash.cc:117,,687,
1787549566.955,2026-08-24 05:32:46.956,InnoDB,rwlock: hash0hash.cc:117,,1298,
1787549566.955,2026-08-24 05:32:46.956,InnoDB,rwlock: hash0hash.cc:117,,2097,
1787549566.955,2026-08-24 05:32:46.956,InnoDB,rwlock: hash0hash.cc:117,,1138,
1787549566.955,2026-08-24 05:32:46.956,InnoDB,rwlock: hash0hash.cc:117,,650,
1787549566.955,2026-08-24 05:32:46.956,InnoDB,rwlock: hash0hash.cc:117,,1039,
1787549566.955,2026-08-24 05:32:46.956,InnoDB,rwlock: hash0hash.cc:117,,716,
1787549566.955,2026-08-24 05:32:46.956,InnoDB,rwlock: hash0hash.cc:117,,747,
1787549566.955,2026-08-24 05:32:46.956,InnoDB,rwlock: hash0hash.cc:117,,1339,
1787549566.955,2026-08-24 05:32:46.956,InnoDB,rwlock: hash0hash.cc:117,,1805,
1787549566.955,2026-08-24 05:32:46.956,InnoDB,rwlock: hash0hash.cc:117,,1329,
1787549566.955,2026-08-24 05:32:46.956,InnoDB,rwlock: hash0hash.cc:117,,597,
1787549566.955,2026-08-24 05:32:46.956,InnoDB,rwlock: hash0hash.cc:117,,798,
1787549566.955,2026-08-24 05:32:46.956,InnoDB,rwlock: hash0hash.cc:117,,830,
1787549566.955,2026-08-24 05:32:46.956,InnoDB,rwlock: hash0hash.cc:117,,699,
1787549566.955,2026-08-24 05:32:46.956,InnoDB,rwlock: hash0hash.cc:117,,830,
1787549566.955,2026-08-24 05:32:46.956,InnoDB,rwlock: hash0hash.cc:117,,752,
1787549566.955,2026-08-24 05:32:46.956,InnoDB,rwlock: hash0hash.cc:117,,744,
1787549566.955,2026-08-24 05:32:46.956,InnoDB,rwlock: hash0hash.cc:117,,647,
1787549566.955,2026-08-24 05:32:46.956,InnoDB,rwlock: hash0hash.cc:117,,692,
1787549566.955,2026-08-24 05:32:46.956,InnoDB,rwlock: hash0hash.cc:117,,391,
1787549566.955,2026-08-24 05:32:46.956,InnoDB,rwlock: hash0hash.cc:117,,688,
1787549566.955,2026-08-24 05:32:46.956,InnoDB,rwlock: hash0hash.cc:117,,1029,
1787549566.955,2026-08-24 05:32:46.956,InnoDB,rwlock: hash0hash.cc:117,,758,
1787549566.955,2026-08-24 05:32:46.956,InnoDB,rwlock: hash0hash.cc:117,,673,
1787549566.955,2026-08-24 05:32:46.956,InnoDB,rwlock: hash0hash.cc:117,,686,
1787549566.955,2026-08-24 05:32:46.956,InnoDB,rwlock: hash0hash.cc:117,,776,
1787549566.955,2026-08-24 05:32:46.956,InnoDB,rwlock: hash0hash.cc:117,,840,
1787549566.955,2026-08-24 05:32:46.956,InnoDB,rwlock: hash0hash.cc:117,,2581,
1787549566.955,2026-08-24 05:32:46.956,InnoDB,rwlock: hash0hash.cc:117,,2970,
1787549566.955,2026-08-24 05:32:46.956,InnoDB,rwlock: hash0hash.cc:117,,2634,
1787549566.955,2026-08-24 05:32:46.956,InnoDB,rwlock: hash0hash.cc:117,,858,
1787549566.955,2026-08-24 05:32:46.956,InnoDB,rwlock: hash0hash.cc:117,,1379,
1787549566.955,2026-08-24 05:32:46.956,InnoDB,rwlock: hash0hash.cc:117,,1091,
1787549566.955,2026-08-24 05:32:46.956,InnoDB,rwlock: hash0hash.cc:117,,1198,
1787549566.955,2026-08-24 05:32:46.956,InnoDB,rwlock: hash0hash.cc:117,,1010,
1787549566.955,2026-08-24 05:32:46.956,InnoDB,rwlock: hash0hash.cc:117,,3393,
1787549566.955,2026-08-24 05:32:46.956,InnoDB,rwlock: hash0hash.cc:117,,3090,
1787549566.955,2026-08-24 05:32:46.956,InnoDB,rwlock: hash0hash.cc:117,,1291,
1787549566.955,2026-08-24 05:32:46.956,InnoDB,rwlock: hash0hash.cc:117,,2621,
1787549566.955,2026-08-24 05:32:46.956,InnoDB,rwlock: hash0hash.cc:117,,1431,
1787549566.955,2026-08-24 05:32:46.956,InnoDB,rwlock: hash0hash.cc:117,,1036,
1787549566.955,2026-08-24 05:32:46.956,InnoDB,rwlock: hash0hash.cc:117,,1161,
1787549566.955,2026-08-24 05:32:46.956,InnoDB,rwlock: hash0hash.cc:117,,2877,
1787549566.955,2026-08-24 05:32:46.956,InnoDB,rwlock: hash0hash.cc:117,,2316,
1787549566.955,2026-08-24 05:32:46.956,InnoDB,rwlock: hash0hash.cc:117,,1172,
1787549566.955,2026-08-24 05:32:46.956,InnoDB,rwlock: hash0hash.cc:117,,2431,
1787549566.955,2026-08-24 05:32:46.956,InnoDB,rwlock: hash0hash.cc:117,,1232,
1787549566.955,2026-08-24 05:32:46.956,InnoDB,rwlock: hash0hash.cc:117,,1070,
1787549566.955,2026-08-24 05:32:46.956,InnoDB,rwlock: hash0hash.cc:117,,1568,
1787549566.955,2026-08-24 05:32:46.956,InnoDB,rwlock: hash0hash.cc:117,,2395,
1787549566.955,2026-08-24 05:32:46.956,InnoDB,rwlock: hash0hash.cc:117,,2001,
1787549566.955,2026-08-24 05:32:46.956,InnoDB,rwlock: hash0hash.cc:117,,852,
1787549566.955,2026-08-24 05:32:46.956,InnoDB,rwlock: hash0hash.cc:117,,1136,
1787549566.955,2026-08-24 05:32:46.956,InnoDB,rwlock: hash0hash.cc:117,,1202,
1787549566.955,2026-08-24 05:32:46.956,InnoDB,rwlock: hash0hash.cc:117,,3220,
1787549566.955,2026-08-24 05:32:46.956,InnoDB,rwlock: hash0hash.cc:117,,2576,
1787549566.955,2026-08-24 05:32:46.956,InnoDB,rwlock: hash0hash.cc:117,,1939,
1787549566.955,2026-08-24 05:32:46.956,InnoDB,rwlock: hash0hash.cc:117,,948,
1787549566.955,2026-08-24 05:32:46.956,InnoDB,rwlock: hash0hash.cc:117,,1003,
1787549566.955,2026-08-24 05:32:46.956,InnoDB,sum rwlock: buf0buf.cc:852,,445169,
1787549583.116,2026-08-24 05:33:03.117,InnoDB,SRV_SYS,11646348,299488,1158347
1787549583.116,2026-08-24 05:33:03.117,InnoDB,TRX_SYS,22106049,276516,10038821
1787549583.116,2026-08-24 05:33:03.117,InnoDB,LOG_WRITER,3795476,126422,1785
1787549583.116,2026-08-24 05:33:03.117,InnoDB,BUF_POOL_LRU_LIST,6458785,98103,2547043
1787549583.116,2026-08-24 05:33:03.117,InnoDB,BUF_POOL_LRU_LIST,6067607,97833,2293044
1787549583.116,2026-08-24 05:33:03.117,InnoDB,BUF_POOL_LRU_LIST,6186329,91165,2498982
1787549583.116,2026-08-24 05:33:03.117,InnoDB,BUF_POOL_LRU_LIST,6165644,88000,2593572
1787549583.116,2026-08-24 05:33:03.117,InnoDB,BUF_POOL_LRU_LIST,5809602,85503,2445406
1787549583.116,2026-08-24 05:33:03.117,InnoDB,BUF_POOL_LRU_LIST,5955008,84784,2554994
1787549583.116,2026-08-24 05:33:03.117,InnoDB,DICT_SYS,31749196,34533,21738200
1787549583.116,2026-08-24 05:33:03.117,InnoDB,FLUSH_LIST,1078933,29961,151354
1787549583.116,2026-08-24 05:33:03.117,InnoDB,FLUSH_LIST,918338,24794,142504
1787549583.116,2026-08-24 05:33:03.117,InnoDB,BUF_POOL_FLUSH_STATE,1470186,21105,480089
1787549583.116,2026-08-24 05:33:03.117,InnoDB,FLUSH_LIST,781132,20372,133748
1787549583.116,2026-08-24 05:33:03.117,InnoDB,BUF_POOL_FLUSH_STATE,1418811,20135,459190
1787549583.116,2026-08-24 05:33:03.117,InnoDB,FLUSH_LIST,769765,19966,133343
1787549583.116,2026-08-24 05:33:03.117,InnoDB,BUF_POOL_FLUSH_STATE,1377655,19955,444243
1787549583.116,2026-08-24 05:33:03.117,InnoDB,BUF_POOL_FLUSH_STATE,1417776,19906,456943
1787549583.116,2026-08-24 05:33:03.117,InnoDB,BUF_POOL_FLUSH_STATE,1409592,19882,450846
1787549583.116,2026-08-24 05:33:03.117,InnoDB,BUF_POOL_FLUSH_STATE,1396886,19534,453601
1787549583.116,2026-08-24 05:33:03.117,InnoDB,FLUSH_LIST,697523,17462,134888
1787549583.116,2026-08-24 05:33:03.117,InnoDB,FLUSH_LIST,668216,16478,136831
1787549583.116,2026-08-24 05:33:03.117,InnoDB,PURGE_SYS_PQ,1948434,13925,1253594
1787549583.116,2026-08-24 05:33:03.117,InnoDB,TRX_SYS_SERIALISATION,1328077,11998,798370
1787549583.116,2026-08-24 05:33:03.117,InnoDB,FIL_SHARD,156820,2818,40563
1787549583.116,2026-08-24 05:33:03.117,InnoDB,FIL_SHARD,168128,2778,44780
1787549583.116,2026-08-24 05:33:03.117,InnoDB,FIL_SHARD,148715,2689,39577
1787549583.116,2026-08-24 05:33:03.117,InnoDB,FIL_SHARD,148969,2638,40238
1787549583.116,2026-08-24 05:33:03.117,InnoDB,FIL_SHARD,138238,2518,37850
1787549583.116,2026-08-24 05:33:03.117,InnoDB,FIL_SHARD,142095,2490,40658
1787549583.116,2026-08-24 05:33:03.117,InnoDB,FIL_SHARD,136661,2428,37708
1787549583.116,2026-08-24 05:33:03.117,InnoDB,TRX,723329,2421,1083145
1787549583.116,2026-08-24 05:33:03.117,InnoDB,FIL_SHARD,135700,2416,38506
1787549583.116,2026-08-24 05:33:03.117,InnoDB,FIL_SHARD,135828,2406,38731
1787549583.116,2026-08-24 05:33:03.117,InnoDB,FIL_SHARD,133151,2380,38325
1787549583.116,2026-08-24 05:33:03.117,InnoDB,FIL_SHARD,132077,2341,37413
1787549583.116,2026-08-24 05:33:03.117,InnoDB,FIL_SHARD,129238,2298,37855
1787549583.116,2026-08-24 05:33:03.117,InnoDB,FIL_SHARD,128658,2269,36801
1787549583.116,2026-08-24 05:33:03.117,InnoDB,FIL_SHARD,125719,2258,35859
1787549583.116,2026-08-24 05:33:03.117,InnoDB,FIL_SHARD,129548,2250,37117
1787549583.116,2026-08-24 05:33:03.117,InnoDB,FIL_SHARD,123864,2160,35807
1787549583.116,2026-08-24 05:33:03.117,InnoDB,FIL_SHARD,124679,2159,37868
1787549583.116,2026-08-24 05:33:03.117,InnoDB,FIL_SHARD,124400,2155,37048
1787549583.116,2026-08-24 05:33:03.117,InnoDB,FIL_SHARD,114343,1989,34330
1787549583.116,2026-08-24 05:33:03.117,InnoDB,FIL_SHARD,109687,1970,32206
1787549583.116,2026-08-24 05:33:03.117,InnoDB,LOCK_SYS_TABLE,87935,1241,39980
1787549583.116,2026-08-24 05:33:03.117,InnoDB,LOCK_SYS_TABLE,85915,1198,40110
1787549583.116,2026-08-24 05:33:03.117,InnoDB,LOG_FILES,42042,1197,1469
1787549583.116,2026-08-24 05:33:03.117,InnoDB,LOCK_SYS_TABLE,84527,1166,39131
1787549583.116,2026-08-24 05:33:03.117,InnoDB,LOCK_SYS_TABLE,85175,1164,39180
1787549583.116,2026-08-24 05:33:03.117,InnoDB,LOCK_SYS_TABLE,83887,1154,40324
1787549583.116,2026-08-24 05:33:03.117,InnoDB,LOCK_SYS_TABLE,86939,1146,41253
1787549583.116,2026-08-24 05:33:03.117,InnoDB,LOCK_SYS_TABLE,84256,1145,40390
1787549583.116,2026-08-24 05:33:03.117,InnoDB,LOCK_SYS_TABLE,83592,1125,41648
1787549583.116,2026-08-24 05:33:03.117,InnoDB,LOCK_SYS_TABLE,81991,1123,40162
1787549583.116,2026-08-24 05:33:03.117,InnoDB,LOCK_SYS_TABLE,85468,1120,40744
1787549583.116,2026-08-24 05:33:03.117,InnoDB,LOCK_SYS_TABLE,81962,1110,41005
1787549583.116,2026-08-24 05:33:03.117,InnoDB,LOCK_SYS_TABLE,85590,1104,42567
1787549583.116,2026-08-24 05:33:03.117,InnoDB,LOCK_SYS_TABLE,84686,1102,42525
1787549583.116,2026-08-24 05:33:03.117,InnoDB,BUF_BLOCK_MUTEX,36684,1100,2088
1787549583.116,2026-08-24 05:33:03.117,InnoDB,LOCK_SYS_TABLE,84423,1087,41244
1787549583.116,2026-08-24 05:33:03.117,InnoDB,LOCK_SYS_TABLE,80287,1054,40026
1787549583.116,2026-08-24 05:33:03.117,InnoDB,LOCK_SYS_TABLE,83530,1054,42799
1787549583.116,2026-08-24 05:33:03.117,InnoDB,LOCK_SYS_TABLE,82261,1052,39833
1787549583.116,2026-08-24 05:33:03.117,InnoDB,LOG_FLUSHER,41623,1033,1774
1787549583.116,2026-08-24 05:33:03.117,InnoDB,LOCK_SYS_TABLE,82872,1030,42032
1787549583.116,2026-08-24 05:33:03.117,InnoDB,LOCK_SYS_TABLE,76206,925,38763
1787549583.116,2026-08-24 05:33:03.117,InnoDB,LOCK_SYS_TABLE,75261,897,38213
1787549583.116,2026-08-24 05:33:03.117,InnoDB,SRV_SYS_TASKS,480887,851,456284
1787549583.116,2026-08-24 05:33:03.117,InnoDB,PAGE_CLEANER,326635,501,212059
1787549583.116,2026-08-24 05:33:03.117,InnoDB,FIL_SHARD,29741,342,26775
1787549583.116,2026-08-24 05:33:03.117,InnoDB,FIL_SHARD,27690,265,26736
1787549583.116,2026-08-24 05:33:03.117,InnoDB,DICT_PERSIST_DIRTY_TABLES,608988,233,248069
1787549583.116,2026-08-24 05:33:03.117,InnoDB,IBUF_BITMAP,17401,162,9949
1787549583.116,2026-08-24 05:33:03.117,InnoDB,BUF_POOL_FREE_LIST,47025,90,42369
1787549583.116,2026-08-24 05:33:03.117,InnoDB,BUF_POOL_FREE_LIST,34385,72,32830
1787549583.116,2026-08-24 05:33:03.117,InnoDB,BUF_POOL_FREE_LIST,48354,67,43744
1787549583.116,2026-08-24 05:33:03.117,InnoDB,BUF_POOL_FREE_LIST,39352,56,36973
1787549583.116,2026-08-24 05:33:03.117,InnoDB,BUF_POOL_FREE_LIST,35885,56,35594
1787549583.116,2026-08-24 05:33:03.117,InnoDB,BUF_POOL_FREE_LIST,34016,53,32971
1787549583.116,2026-08-24 05:33:03.117,InnoDB,UNDO_SPACE_RSEG,4203,43,1421
1787549583.116,2026-08-24 05:33:03.117,InnoDB,UNDO_SPACE_RSEG,4301,40,1473
1787549583.116,2026-08-24 05:33:03.117,InnoDB,UNDO_SPACE_RSEG,4079,40,1397
1787549583.116,2026-08-24 05:33:03.117,InnoDB,UNDO_SPACE_RSEG,3974,39,1418
1787549583.116,2026-08-24 05:33:03.117,InnoDB,UNDO_SPACE_RSEG,4145,39,1450
1787549583.116,2026-08-24 05:33:03.117,InnoDB,UNDO_SPACE_RSEG,4020,39,1362
1787549583.116,2026-08-24 05:33:03.117,InnoDB,UNDO_SPACE_RSEG,4047,38,1418
1787549583.116,2026-08-24 05:33:03.117,InnoDB,UNDO_SPACE_RSEG,3935,38,1417
1787549583.116,2026-08-24 05:33:03.117,InnoDB,UNDO_SPACE_RSEG,4240,38,1482
1787549583.116,2026-08-24 05:33:03.117,InnoDB,UNDO_SPACE_RSEG,4029,38,1411
1787549583.116,2026-08-24 05:33:03.117,InnoDB,UNDO_SPACE_RSEG,4281,38,1484
1787549583.116,2026-08-24 05:33:03.117,InnoDB,UNDO_SPACE_RSEG,4007,37,1418
1787549583.116,2026-08-24 05:33:03.117,InnoDB,UNDO_SPACE_RSEG,3984,37,1421
1787549583.116,2026-08-24 05:33:03.117,InnoDB,UNDO_SPACE_RSEG,3922,37,1395
1787549583.116,2026-08-24 05:33:03.117,InnoDB,UNDO_SPACE_RSEG,3898,37,1405
1787549583.116,2026-08-24 05:33:03.117,InnoDB,UNDO_SPACE_RSEG,4062,37,1471
1787549583.116,2026-08-24 05:33:03.117,InnoDB,UNDO_SPACE_RSEG,4199,37,1498
1787549583.116,2026-08-24 05:33:03.117,InnoDB,UNDO_SPACE_RSEG,4227,37,1454
1787549583.116,2026-08-24 05:33:03.117,InnoDB,UNDO_SPACE_RSEG,3939,36,1392
1787549583.116,2026-08-24 05:33:03.117,InnoDB,UNDO_SPACE_RSEG,4057,36,1475
1787549583.116,2026-08-24 05:33:03.117,InnoDB,UNDO_SPACE_RSEG,3777,36,1395
1787549583.116,2026-08-24 05:33:03.117,InnoDB,UNDO_SPACE_RSEG,4010,36,1450
1787549583.116,2026-08-24 05:33:03.117,InnoDB,UNDO_SPACE_RSEG,3953,36,1442
1787549583.116,2026-08-24 05:33:03.117,InnoDB,UNDO_SPACE_RSEG,3993,36,1393
1787549583.116,2026-08-24 05:33:03.117,InnoDB,UNDO_SPACE_RSEG,4009,36,1375
1787549583.116,2026-08-24 05:33:03.117,InnoDB,UNDO_SPACE_RSEG,3871,35,1405
1787549583.116,2026-08-24 05:33:03.117,InnoDB,UNDO_SPACE_RSEG,4160,35,1511
1787549583.116,2026-08-24 05:33:03.117,InnoDB,UNDO_SPACE_RSEG,3978,35,1384
1787549583.116,2026-08-24 05:33:03.117,InnoDB,UNDO_SPACE_RSEG,4009,35,1439
1787549583.116,2026-08-24 05:33:03.117,InnoDB,UNDO_SPACE_RSEG,4064,35,1459
1787549583.116,2026-08-24 05:33:03.117,InnoDB,UNDO_SPACE_RSEG,3817,34,1394
1787549583.116,2026-08-24 05:33:03.117,InnoDB,UNDO_SPACE_RSEG,3963,34,1405
1787549583.116,2026-08-24 05:33:03.117,InnoDB,UNDO_SPACE_RSEG,4056,34,1441
1787549583.116,2026-08-24 05:33:03.117,InnoDB,UNDO_SPACE_RSEG,4012,34,1487
1787549583.116,2026-08-24 05:33:03.117,InnoDB,UNDO_SPACE_RSEG,3894,34,1412
1787549583.116,2026-08-24 05:33:03.117,InnoDB,UNDO_SPACE_RSEG,3697,33,1353
1787549583.116,2026-08-24 05:33:03.117,InnoDB,UNDO_SPACE_RSEG,3843,33,1459
1787549583.116,2026-08-24 05:33:03.117,InnoDB,UNDO_SPACE_RSEG,4065,33,1454
1787549583.116,2026-08-24 05:33:03.117,InnoDB,UNDO_SPACE_RSEG,3795,33,1404
1787549583.116,2026-08-24 05:33:03.117,InnoDB,UNDO_SPACE_RSEG,3918,33,1488
1787549583.116,2026-08-24 05:33:03.117,InnoDB,UNDO_SPACE_RSEG,4020,33,1477
1787549583.116,2026-08-24 05:33:03.117,InnoDB,UNDO_SPACE_RSEG,3885,33,1423
1787549583.116,2026-08-24 05:33:03.117,InnoDB,UNDO_SPACE_RSEG,3769,33,1340
1787549583.116,2026-08-24 05:33:03.117,InnoDB,UNDO_SPACE_RSEG,3810,33,1391
1787549583.116,2026-08-24 05:33:03.117,InnoDB,UNDO_SPACE_RSEG,3876,33,1436
1787549583.116,2026-08-24 05:33:03.117,InnoDB,UNDO_SPACE_RSEG,4174,33,1506
1787549583.116,2026-08-24 05:33:03.117,InnoDB,LOCK_SYS_PAGE,1831,33,541
1787549583.116,2026-08-24 05:33:03.117,InnoDB,UNDO_SPACE_RSEG,3962,33,1438
1787549583.116,2026-08-24 05:33:03.117,InnoDB,UNDO_SPACE_RSEG,4170,33,1493
1787549583.116,2026-08-24 05:33:03.117,InnoDB,UNDO_SPACE_RSEG,3755,33,1335
1787549583.116,2026-08-24 05:33:03.117,InnoDB,UNDO_SPACE_RSEG,3908,32,1472
1787549583.116,2026-08-24 05:33:03.117,InnoDB,UNDO_SPACE_RSEG,4139,32,1528
1787549583.116,2026-08-24 05:33:03.117,InnoDB,UNDO_SPACE_RSEG,3864,32,1391
1787549583.116,2026-08-24 05:33:03.117,InnoDB,UNDO_SPACE_RSEG,3983,32,1471
1787549583.116,2026-08-24 05:33:03.117,InnoDB,UNDO_SPACE_RSEG,3770,32,1359
1787549583.116,2026-08-24 05:33:03.117,InnoDB,UNDO_SPACE_RSEG,4202,32,1499
1787549583.116,2026-08-24 05:33:03.117,InnoDB,UNDO_SPACE_RSEG,4007,32,1486
1787549583.116,2026-08-24 05:33:03.117,InnoDB,UNDO_SPACE_RSEG,3694,32,1397
1787549583.116,2026-08-24 05:33:03.117,InnoDB,UNDO_SPACE_RSEG,3881,32,1422
1787549583.116,2026-08-24 05:33:03.117,InnoDB,UNDO_SPACE_RSEG,3743,32,1360
1787549583.116,2026-08-24 05:33:03.117,InnoDB,UNDO_SPACE_RSEG,3806,31,1389
1787549583.116,2026-08-24 05:33:03.117,InnoDB,UNDO_SPACE_RSEG,3956,31,1437
1787549583.116,2026-08-24 05:33:03.117,InnoDB,UNDO_SPACE_RSEG,3773,31,1357
1787549583.116,2026-08-24 05:33:03.117,InnoDB,UNDO_SPACE_RSEG,3640,31,1370
1787549583.116,2026-08-24 05:33:03.117,InnoDB,UNDO_SPACE_RSEG,3805,31,1373
1787549583.116,2026-08-24 05:33:03.117,InnoDB,UNDO_SPACE_RSEG,3965,31,1480
1787549583.116,2026-08-24 05:33:03.117,InnoDB,UNDO_SPACE_RSEG,4094,31,1514
1787549583.116,2026-08-24 05:33:03.117,InnoDB,UNDO_SPACE_RSEG,3846,31,1371
1787549583.116,2026-08-24 05:33:03.117,InnoDB,UNDO_SPACE_RSEG,3611,31,1365
1787549583.116,2026-08-24 05:33:03.117,InnoDB,UNDO_SPACE_RSEG,3990,31,1453
1787549583.116,2026-08-24 05:33:03.117,InnoDB,UNDO_SPACE_RSEG,3862,31,1486
1787549583.116,2026-08-24 05:33:03.117,InnoDB,UNDO_SPACE_RSEG,3641,31,1406
1787549583.116,2026-08-24 05:33:03.117,InnoDB,UNDO_SPACE_RSEG,3797,31,1412
1787549583.116,2026-08-24 05:33:03.117,InnoDB,UNDO_SPACE_RSEG,3668,31,1420
1787549583.116,2026-08-24 05:33:03.117,InnoDB,UNDO_SPACE_RSEG,3809,31,1398
1787549583.116,2026-08-24 05:33:03.117,InnoDB,UNDO_SPACE_RSEG,3766,30,1433
1787549583.116,2026-08-24 05:33:03.117,InnoDB,UNDO_SPACE_RSEG,3814,30,1373
1787549583.116,2026-08-24 05:33:03.117,InnoDB,LOCK_SYS_PAGE,1651,30,543
1787549583.116,2026-08-24 05:33:03.117,InnoDB,UNDO_SPACE_RSEG,3649,30,1362
1787549583.116,2026-08-24 05:33:03.117,InnoDB,UNDO_SPACE_RSEG,3761,30,1431
1787549583.116,2026-08-24 05:33:03.117,InnoDB,UNDO_SPACE_RSEG,3713,30,1392
1787549583.116,2026-08-24 05:33:03.117,InnoDB,UNDO_SPACE_RSEG,3870,30,1416
1787549583.116,2026-08-24 05:33:03.117,InnoDB,UNDO_SPACE_RSEG,3838,30,1422
1787549583.116,2026-08-24 05:33:03.117,InnoDB,UNDO_SPACE_RSEG,3872,30,1436
1787549583.116,2026-08-24 05:33:03.117,InnoDB,UNDO_SPACE_RSEG,3790,30,1437
1787549583.116,2026-08-24 05:33:03.117,InnoDB,UNDO_SPACE_RSEG,3965,30,1451
1787549583.116,2026-08-24 05:33:03.117,InnoDB,UNDO_SPACE_RSEG,3608,30,1359
1787549583.116,2026-08-24 05:33:03.117,InnoDB,UNDO_SPACE_RSEG,3882,30,1480
1787549583.116,2026-08-24 05:33:03.117,InnoDB,UNDO_SPACE_RSEG,3784,30,1384
1787549583.116,2026-08-24 05:33:03.117,InnoDB,UNDO_SPACE_RSEG,3855,30,1402
1787549583.116,2026-08-24 05:33:03.117,InnoDB,UNDO_SPACE_RSEG,3843,30,1470
1787549583.116,2026-08-24 05:33:03.117,InnoDB,UNDO_SPACE_RSEG,3864,29,1459
1787549583.116,2026-08-24 05:33:03.117,InnoDB,UNDO_SPACE_RSEG,3824,29,1382
1787549583.116,2026-08-24 05:33:03.117,InnoDB,UNDO_SPACE_RSEG,3872,29,1420
1787549583.116,2026-08-24 05:33:03.117,InnoDB,UNDO_SPACE_RSEG,3921,29,1483
1787549583.116,2026-08-24 05:33:03.117,InnoDB,UNDO_SPACE_RSEG,3650,29,1396
1787549583.116,2026-08-24 05:33:03.117,InnoDB,UNDO_SPACE_RSEG,3643,29,1435
1787549583.116,2026-08-24 05:33:03.117,InnoDB,UNDO_SPACE_RSEG,4105,29,1481
1787549583.116,2026-08-24 05:33:03.117,InnoDB,UNDO_SPACE_RSEG,3813,29,1454
1787549583.116,2026-08-24 05:33:03.117,InnoDB,UNDO_SPACE_RSEG,3811,29,1440
1787549583.116,2026-08-24 05:33:03.117,InnoDB,UNDO_SPACE_RSEG,3773,29,1414
1787549583.116,2026-08-24 05:33:03.117,InnoDB,UNDO_SPACE_RSEG,3669,29,1408
1787549583.116,2026-08-24 05:33:03.117,InnoDB,UNDO_SPACE_RSEG,3620,29,1406
1787549583.116,2026-08-24 05:33:03.117,InnoDB,UNDO_SPACE_RSEG,3709,29,1436
1787549583.116,2026-08-24 05:33:03.117,InnoDB,UNDO_SPACE_RSEG,3638,29,1407
1787549583.116,2026-08-24 05:33:03.117,InnoDB,UNDO_SPACE_RSEG,3642,29,1373
1787549583.116,2026-08-24 05:33:03.117,InnoDB,UNDO_SPACE_RSEG,3699,29,1369
1787549583.116,2026-08-24 05:33:03.117,InnoDB,UNDO_SPACE_RSEG,3822,29,1401
1787549583.116,2026-08-24 05:33:03.117,InnoDB,UNDO_SPACE_RSEG,3882,29,1465
1787549583.116,2026-08-24 05:33:03.117,InnoDB,UNDO_SPACE_RSEG,3988,29,1479
1787549583.116,2026-08-24 05:33:03.117,InnoDB,UNDO_SPACE_RSEG,3794,29,1422
1787549583.116,2026-08-24 05:33:03.117,InnoDB,UNDO_SPACE_RSEG,3788,28,1458
1787549583.116,2026-08-24 05:33:03.117,InnoDB,UNDO_SPACE_RSEG,3839,28,1436
1787549583.116,2026-08-24 05:33:03.117,InnoDB,UNDO_SPACE_RSEG,3762,28,1469
1787549583.116,2026-08-24 05:33:03.117,InnoDB,UNDO_SPACE_RSEG,3833,28,1460
1787549583.116,2026-08-24 05:33:03.117,InnoDB,UNDO_SPACE_RSEG,3670,28,1383
1787549583.116,2026-08-24 05:33:03.117,InnoDB,UNDO_SPACE_RSEG,3691,28,1453
1787549583.116,2026-08-24 05:33:03.117,InnoDB,UNDO_SPACE_RSEG,3572,28,1338
1787549583.116,2026-08-24 05:33:03.117,InnoDB,UNDO_SPACE_RSEG,3768,28,1457
1787549583.116,2026-08-24 05:33:03.117,InnoDB,UNDO_SPACE_RSEG,3857,28,1451
1787549583.116,2026-08-24 05:33:03.117,InnoDB,UNDO_SPACE_RSEG,3511,28,1389
1787549583.116,2026-08-24 05:33:03.117,InnoDB,UNDO_SPACE_RSEG,3653,28,1431
1787549583.116,2026-08-24 05:33:03.117,InnoDB,UNDO_SPACE_RSEG,3706,28,1414
1787549583.116,2026-08-24 05:33:03.117,InnoDB,UNDO_SPACE_RSEG,3655,28,1400
1787549583.116,2026-08-24 05:33:03.117,InnoDB,UNDO_SPACE_RSEG,3765,28,1465
1787549583.116,2026-08-24 05:33:03.117,InnoDB,UNDO_SPACE_RSEG,3779,28,1402
1787549583.116,2026-08-24 05:33:03.117,InnoDB,UNDO_SPACE_RSEG,3871,28,1480
1787549583.116,2026-08-24 05:33:03.117,InnoDB,UNDO_SPACE_RSEG,3760,28,1496
1787549583.116,2026-08-24 05:33:03.117,InnoDB,UNDO_SPACE_RSEG,3779,28,1443
1787549583.116,2026-08-24 05:33:03.117,InnoDB,UNDO_SPACE_RSEG,3781,28,1427
1787549583.116,2026-08-24 05:33:03.117,InnoDB,UNDO_SPACE_RSEG,3743,28,1374
1787549583.116,2026-08-24 05:33:03.117,InnoDB,UNDO_SPACE_RSEG,3781,28,1398
1787549583.116,2026-08-24 05:33:03.117,InnoDB,UNDO_SPACE_RSEG,3911,28,1455
1787549583.116,2026-08-24 05:33:03.117,InnoDB,UNDO_SPACE_RSEG,3785,28,1437
1787549583.116,2026-08-24 05:33:03.117,InnoDB,UNDO_SPACE_RSEG,3917,28,1475
1787549583.116,2026-08-24 05:33:03.117,InnoDB,UNDO_SPACE_RSEG,3698,27,1438
1787549583.116,2026-08-24 05:33:03.117,InnoDB,UNDO_SPACE_RSEG,3813,27,1448
1787549583.116,2026-08-24 05:33:03.117,InnoDB,UNDO_SPACE_RSEG,3629,27,1401
1787549583.116,2026-08-24 05:33:03.117,InnoDB,UNDO_SPACE_RSEG,3475,27,1362
1787549583.116,2026-08-24 05:33:03.117,InnoDB,UNDO_SPACE_RSEG,3637,27,1361
1787549583.116,2026-08-24 05:33:03.117,InnoDB,LOCK_SYS_PAGE,1583,27,552
1787549583.116,2026-08-24 05:33:03.117,InnoDB,UNDO_SPACE_RSEG,3792,27,1456
1787549583.116,2026-08-24 05:33:03.117,InnoDB,UNDO_SPACE_RSEG,3763,27,1440
1787549583.116,2026-08-24 05:33:03.117,InnoDB,UNDO_SPACE_RSEG,3899,27,1474
1787549583.116,2026-08-24 05:33:03.117,InnoDB,UNDO_SPACE_RSEG,3720,27,1438
1787549583.116,2026-08-24 05:33:03.117,InnoDB,UNDO_SPACE_RSEG,3768,27,1461
1787549583.116,2026-08-24 05:33:03.117,InnoDB,UNDO_SPACE_RSEG,3719,26,1464
1787549583.116,2026-08-24 05:33:03.117,InnoDB,UNDO_SPACE_RSEG,3723,26,1437
1787549583.116,2026-08-24 05:33:03.117,InnoDB,UNDO_SPACE_RSEG,3828,26,1534
1787549583.116,2026-08-24 05:33:03.117,InnoDB,UNDO_SPACE_RSEG,3612,26,1373
1787549583.116,2026-08-24 05:33:03.117,InnoDB,UNDO_SPACE_RSEG,3623,26,1387
1787549583.116,2026-08-24 05:33:03.117,InnoDB,UNDO_SPACE_RSEG,3685,26,1388
1787549583.116,2026-08-24 05:33:03.117,InnoDB,UNDO_SPACE_RSEG,3804,26,1435
1787549583.116,2026-08-24 05:33:03.117,InnoDB,UNDO_SPACE_RSEG,3632,26,1365
1787549583.116,2026-08-24 05:33:03.117,InnoDB,UNDO_SPACE_RSEG,3290,26,1330
1787549583.116,2026-08-24 05:33:03.117,InnoDB,UNDO_SPACE_RSEG,3637,26,1418
1787549583.116,2026-08-24 05:33:03.117,InnoDB,UNDO_SPACE_RSEG,3778,26,1487
1787549583.116,2026-08-24 05:33:03.117,InnoDB,UNDO_SPACE_RSEG,3664,26,1451
1787549583.116,2026-08-24 05:33:03.117,InnoDB,UNDO_SPACE_RSEG,3826,26,1466
1787549583.116,2026-08-24 05:33:03.117,InnoDB,UNDO_SPACE_RSEG,3685,26,1445
1787549583.116,2026-08-24 05:33:03.117,InnoDB,UNDO_SPACE_RSEG,3649,26,1417
1787549583.116,2026-08-24 05:33:03.117,InnoDB,UNDO_SPACE_RSEG,3601,26,1379
1787549583.116,2026-08-24 05:33:03.117,InnoDB,LOCK_SYS_PAGE,1453,26,564
1787549583.116,2026-08-24 05:33:03.117,InnoDB,UNDO_SPACE_RSEG,3684,26,1451
1787549583.116,2026-08-24 05:33:03.117,InnoDB,LOCK_SYS_PAGE,1414,26,507
1787549583.116,2026-08-24 05:33:03.117,InnoDB,UNDO_SPACE_RSEG,3721,26,1444
1787549583.116,2026-08-24 05:33:03.117,InnoDB,LOCK_SYS_PAGE,1429,26,520
1787549583.116,2026-08-24 05:33:03.117,InnoDB,UNDO_SPACE_RSEG,3657,26,1395
1787549583.116,2026-08-24 05:33:03.117,InnoDB,UNDO_SPACE_RSEG,3724,26,1434
1787549583.116,2026-08-24 05:33:03.117,InnoDB,LOCK_SYS_PAGE,1434,26,477
1787549583.116,2026-08-24 05:33:03.117,InnoDB,UNDO_SPACE_RSEG,3719,26,1396
1787549583.116,2026-08-24 05:33:03.117,InnoDB,UNDO_SPACE_RSEG,3778,26,1497
1787549583.116,2026-08-24 05:33:03.117,InnoDB,UNDO_SPACE_RSEG,3651,26,1441
1787549583.116,2026-08-24 05:33:03.117,InnoDB,UNDO_SPACE_RSEG,3815,25,1430
1787549583.116,2026-08-24 05:33:03.117,InnoDB,UNDO_SPACE_RSEG,3554,25,1406
1787549583.116,2026-08-24 05:33:03.117,InnoDB,UNDO_SPACE_RSEG,3678,25,1397
1787549583.116,2026-08-24 05:33:03.117,InnoDB,UNDO_SPACE_RSEG,3755,25,1466
1787549583.116,2026-08-24 05:33:03.117,InnoDB,UNDO_SPACE_RSEG,3739,25,1407
1787549583.116,2026-08-24 05:33:03.117,InnoDB,UNDO_SPACE_RSEG,3800,25,1480
1787549583.116,2026-08-24 05:33:03.117,InnoDB,UNDO_SPACE_RSEG,3765,25,1470
1787549583.116,2026-08-24 05:33:03.117,InnoDB,UNDO_SPACE_RSEG,3702,25,1417
1787549583.116,2026-08-24 05:33:03.117,InnoDB,UNDO_SPACE_RSEG,3790,25,1456
1787549583.116,2026-08-24 05:33:03.117,InnoDB,UNDO_SPACE_RSEG,3758,25,1438
1787549583.116,2026-08-24 05:33:03.117,InnoDB,UNDO_SPACE_RSEG,3673,25,1383
1787549583.116,2026-08-24 05:33:03.117,InnoDB,UNDO_SPACE_RSEG,3492,25,1356
1787549583.116,2026-08-24 05:33:03.117,InnoDB,UNDO_SPACE_RSEG,3730,25,1433
1787549583.116,2026-08-24 05:33:03.117,InnoDB,UNDO_SPACE_RSEG,3741,25,1435
1787549583.116,2026-08-24 05:33:03.117,InnoDB,UNDO_SPACE_RSEG,4021,25,1518
1787549583.116,2026-08-24 05:33:03.117,InnoDB,UNDO_SPACE_RSEG,3857,25,1473
1787549583.116,2026-08-24 05:33:03.117,InnoDB,UNDO_SPACE_RSEG,3734,25,1482
1787549583.116,2026-08-24 05:33:03.117,InnoDB,UNDO_SPACE_RSEG,3741,25,1417
1787549583.116,2026-08-24 05:33:03.117,InnoDB,UNDO_SPACE_RSEG,3587,25,1436
1787549583.116,2026-08-24 05:33:03.117,InnoDB,UNDO_SPACE_RSEG,3791,24,1429
1787549583.116,2026-08-24 05:33:03.117,InnoDB,UNDO_SPACE_RSEG,3502,24,1378
1787549583.116,2026-08-24 05:33:03.117,InnoDB,LOCK_SYS_PAGE,1321,24,496
1787549583.116,2026-08-24 05:33:03.117,InnoDB,UNDO_SPACE_RSEG,3757,24,1384
1787549583.116,2026-08-24 05:33:03.117,InnoDB,UNDO_SPACE_RSEG,3695,24,1518
1787549583.116,2026-08-24 05:33:03.117,InnoDB,UNDO_SPACE_RSEG,3577,24,1354
1787549583.116,2026-08-24 05:33:03.117,InnoDB,UNDO_SPACE_RSEG,3701,24,1431
1787549583.116,2026-08-24 05:33:03.117,InnoDB,UNDO_SPACE_RSEG,3811,24,1493
1787549583.116,2026-08-24 05:33:03.117,InnoDB,UNDO_SPACE_RSEG,3668,24,1425
1787549583.116,2026-08-24 05:33:03.117,InnoDB,UNDO_SPACE_RSEG,3707,24,1447
1787549583.116,2026-08-24 05:33:03.117,InnoDB,UNDO_SPACE_RSEG,3726,24,1394
1787549583.116,2026-08-24 05:33:03.117,InnoDB,UNDO_SPACE_RSEG,3476,24,1365
1787549583.116,2026-08-24 05:33:03.117,InnoDB,UNDO_SPACE_RSEG,3550,24,1411
1787549583.116,2026-08-24 05:33:03.117,InnoDB,UNDO_SPACE_RSEG,3488,24,1379
1787549583.116,2026-08-24 05:33:03.117,InnoDB,UNDO_SPACE_RSEG,3499,24,1425
1787549583.116,2026-08-24 05:33:03.117,InnoDB,UNDO_SPACE_RSEG,3585,24,1396
1787549583.116,2026-08-24 05:33:03.117,InnoDB,UNDO_SPACE_RSEG,3680,24,1453
1787549583.116,2026-08-24 05:33:03.117,InnoDB,UNDO_SPACE_RSEG,3785,24,1451
1787549583.116,2026-08-24 05:33:03.117,InnoDB,UNDO_SPACE_RSEG,3527,24,1370
1787549583.116,2026-08-24 05:33:03.117,InnoDB,UNDO_SPACE_RSEG,3549,24,1368
1787549583.116,2026-08-24 05:33:03.117,InnoDB,UNDO_SPACE_RSEG,3736,23,1495
1787549583.116,2026-08-24 05:33:03.117,InnoDB,LOCK_SYS_PAGE,1327,23,567
1787549583.116,2026-08-24 05:33:03.117,InnoDB,LOCK_SYS_WAIT,728,23,25
1787549583.116,2026-08-24 05:33:03.117,InnoDB,LOCK_SYS_PAGE,1420,23,597
1787549583.116,2026-08-24 05:33:03.117,InnoDB,UNDO_SPACE_RSEG,3953,23,1483
1787549583.116,2026-08-24 05:33:03.117,InnoDB,UNDO_SPACE_RSEG,3439,23,1377
1787549583.116,2026-08-24 05:33:03.117,InnoDB,UNDO_SPACE_RSEG,3662,23,1446
1787549583.116,2026-08-24 05:33:03.117,InnoDB,UNDO_SPACE_RSEG,3568,23,1443
1787549583.116,2026-08-24 05:33:03.117,InnoDB,UNDO_SPACE_RSEG,3580,23,1480
1787549583.116,2026-08-24 05:33:03.117,InnoDB,LOCK_SYS_PAGE,1410,23,557
1787549583.116,2026-08-24 05:33:03.117,InnoDB,UNDO_SPACE_RSEG,3750,23,1431
1787549583.116,2026-08-24 05:33:03.117,InnoDB,UNDO_SPACE_RSEG,3682,23,1392
1787549583.116,2026-08-24 05:33:03.117,InnoDB,LOCK_SYS_PAGE,1445,23,561
1787549583.116,2026-08-24 05:33:03.117,InnoDB,UNDO_SPACE_RSEG,3739,22,1468
1787549583.116,2026-08-24 05:33:03.117,InnoDB,UNDO_SPACE_RSEG,3516,22,1425
1787549583.116,2026-08-24 05:33:03.117,InnoDB,LOCK_SYS_PAGE,1285,22,537
1787549583.116,2026-08-24 05:33:03.117,InnoDB,UNDO_SPACE_RSEG,3518,22,1429
1787549583.116,2026-08-24 05:33:03.117,InnoDB,UNDO_SPACE_RSEG,3516,22,1414
1787549583.116,2026-08-24 05:33:03.117,InnoDB,UNDO_SPACE_RSEG,3586,22,1489
1787549583.116,2026-08-24 05:33:03.117,InnoDB,LOCK_SYS_PAGE,1320,22,510
1787549583.116,2026-08-24 05:33:03.117,InnoDB,LOCK_SYS_PAGE,1331,22,530
1787549583.116,2026-08-24 05:33:03.117,InnoDB,LOCK_SYS_PAGE,1273,22,507
1787549583.116,2026-08-24 05:33:03.117,InnoDB,LOCK_SYS_PAGE,1442,22,543
1787549583.116,2026-08-24 05:33:03.117,InnoDB,UNDO_SPACE_RSEG,3631,22,1448
1787549583.116,2026-08-24 05:33:03.117,InnoDB,LOCK_SYS_PAGE,1279,22,533
1787549583.116,2026-08-24 05:33:03.117,InnoDB,LOCK_SYS_PAGE,1358,22,584
1787549583.116,2026-08-24 05:33:03.117,InnoDB,LOCK_SYS_PAGE,1186,21,478
1787549583.116,2026-08-24 05:33:03.117,InnoDB,UNDO_SPACE_RSEG,3546,21,1382
1787549583.116,2026-08-24 05:33:03.117,InnoDB,UNDO_SPACE_RSEG,3489,21,1374
1787549583.116,2026-08-24 05:33:03.117,InnoDB,UNDO_SPACE_RSEG,3649,21,1444
1787549583.116,2026-08-24 05:33:03.117,InnoDB,LOCK_SYS_PAGE,1273,21,518
1787549583.116,2026-08-24 05:33:03.117,InnoDB,LOCK_SYS_PAGE,1261,21,550
1787549583.116,2026-08-24 05:33:03.117,InnoDB,UNDO_SPACE_RSEG,3766,21,1511
1787549583.116,2026-08-24 05:33:03.117,InnoDB,LOCK_SYS_PAGE,1329,21,543
1787549583.116,2026-08-24 05:33:03.117,InnoDB,UNDO_SPACE_RSEG,3569,21,1406
1787549583.116,2026-08-24 05:33:03.117,InnoDB,LOCK_SYS_PAGE,1307,21,526
1787549583.116,2026-08-24 05:33:03.117,InnoDB,UNDO_SPACE_RSEG,3534,21,1423
1787549583.116,2026-08-24 05:33:03.117,InnoDB,LOCK_SYS_PAGE,1277,21,509
1787549583.116,2026-08-24 05:33:03.117,InnoDB,LOCK_SYS_PAGE,1369,21,460
1787549583.116,2026-08-24 05:33:03.117,InnoDB,LOCK_SYS_PAGE,1228,21,545
1787549583.116,2026-08-24 05:33:03.117,InnoDB,UNDO_SPACE_RSEG,3447,21,1398
1787549583.116,2026-08-24 05:33:03.117,InnoDB,UNDO_SPACE_RSEG,3763,21,1492
1787549583.116,2026-08-24 05:33:03.117,InnoDB,UNDO_SPACE_RSEG,3415,20,1329
1787549583.116,2026-08-24 05:33:03.117,InnoDB,LOCK_SYS_PAGE,1283,20,521
1787549583.116,2026-08-24 05:33:03.117,InnoDB,LOCK_SYS_PAGE,1371,20,553
1787549583.116,2026-08-24 05:33:03.117,InnoDB,LOCK_SYS_PAGE,1296,20,509
1787549583.116,2026-08-24 05:33:03.117,InnoDB,UNDO_SPACE_RSEG,3682,20,1443
1787549583.116,2026-08-24 05:33:03.117,InnoDB,LOCK_SYS_PAGE,1337,20,518
1787549583.116,2026-08-24 05:33:03.117,InnoDB,LOCK_SYS_PAGE,1224,20,508
1787549583.116,2026-08-24 05:33:03.117,InnoDB,LOCK_SYS_PAGE,1314,20,610
1787549583.116,2026-08-24 05:33:03.117,InnoDB,LOCK_SYS_PAGE,1351,20,539
1787549583.116,2026-08-24 05:33:03.117,InnoDB,UNDO_SPACE_RSEG,3508,20,1458
1787549583.116,2026-08-24 05:33:03.117,InnoDB,UNDO_SPACE_RSEG,3621,20,1432
1787549583.116,2026-08-24 05:33:03.117,InnoDB,LOCK_SYS_PAGE,1218,20,544
1787549583.116,2026-08-24 05:33:03.117,InnoDB,UNDO_SPACE_RSEG,3565,20,1462
1787549583.116,2026-08-24 05:33:03.117,InnoDB,LOCK_SYS_PAGE,1244,20,499
1787549583.116,2026-08-24 05:33:03.117,InnoDB,LOCK_SYS_PAGE,1269,20,551
1787549583.116,2026-08-24 05:33:03.117,InnoDB,UNDO_SPACE_RSEG,3573,20,1448
1787549583.116,2026-08-24 05:33:03.117,InnoDB,UNDO_SPACE_RSEG,3446,20,1466
1787549583.116,2026-08-24 05:33:03.117,InnoDB,LOCK_SYS_PAGE,1224,20,539
1787549583.116,2026-08-24 05:33:03.117,InnoDB,LOCK_SYS_PAGE,1304,20,542
1787549583.116,2026-08-24 05:33:03.117,InnoDB,LOCK_SYS_PAGE,1183,20,479
1787549583.116,2026-08-24 05:33:03.117,InnoDB,LOCK_SYS_PAGE,1152,19,478
1787549583.116,2026-08-24 05:33:03.117,InnoDB,LOCK_SYS_PAGE,1309,19,551
1787549583.116,2026-08-24 05:33:03.117,InnoDB,LOCK_SYS_PAGE,1164,19,494
1787549583.116,2026-08-24 05:33:03.117,InnoDB,LOCK_SYS_PAGE,1236,19,502
1787549583.116,2026-08-24 05:33:03.117,InnoDB,LOCK_SYS_PAGE,1261,19,491
1787549583.116,2026-08-24 05:33:03.117,InnoDB,LOCK_SYS_PAGE,1213,19,535
1787549583.116,2026-08-24 05:33:03.117,InnoDB,UNDO_SPACE_RSEG,3372,19,1410
1787549583.116,2026-08-24 05:33:03.117,InnoDB,LOCK_SYS_PAGE,1216,19,527
1787549583.116,2026-08-24 05:33:03.117,InnoDB,LOCK_SYS_PAGE,1305,19,499
1787549583.116,2026-08-24 05:33:03.117,InnoDB,UNDO_SPACE_RSEG,3566,19,1475
1787549583.116,2026-08-24 05:33:03.117,InnoDB,LOCK_SYS_PAGE,1248,19,525
1787549583.116,2026-08-24 05:33:03.117,InnoDB,LOCK_SYS_PAGE,1305,19,527
1787549583.116,2026-08-24 05:33:03.117,InnoDB,LOCK_SYS_PAGE,1141,19,441
1787549583.116,2026-08-24 05:33:03.117,InnoDB,UNDO_SPACE_RSEG,3337,19,1371
1787549583.116,2026-08-24 05:33:03.117,InnoDB,TRX_POOL,634,19,47
1787549583.116,2026-08-24 05:33:03.117,InnoDB,LOCK_SYS_PAGE,1147,19,514
1787549583.116,2026-08-24 05:33:03.117,InnoDB,UNDO_SPACE_RSEG,3304,19,1409
1787549583.116,2026-08-24 05:33:03.117,InnoDB,UNDO_SPACE_RSEG,3384,19,1436
1787549583.116,2026-08-24 05:33:03.117,InnoDB,LOCK_SYS_PAGE,1484,19,570
1787549583.116,2026-08-24 05:33:03.117,InnoDB,UNDO_SPACE_RSEG,3595,19,1484
1787549583.116,2026-08-24 05:33:03.117,InnoDB,LOCK_SYS_PAGE,1268,19,508
1787549583.116,2026-08-24 05:33:03.117,InnoDB,LOCK_SYS_PAGE,1192,19,488
1787549583.116,2026-08-24 05:33:03.117,InnoDB,LOCK_SYS_PAGE,1321,19,509
1787549583.116,2026-08-24 05:33:03.117,InnoDB,UNDO_SPACE_RSEG,3503,19,1448
1787549583.116,2026-08-24 05:33:03.117,InnoDB,LOCK_SYS_PAGE,1148,19,468
1787549583.116,2026-08-24 05:33:03.117,InnoDB,LOCK_SYS_PAGE,1204,19,532
1787549583.116,2026-08-24 05:33:03.117,InnoDB,LOCK_SYS_PAGE,1161,19,476
1787549583.116,2026-08-24 05:33:03.117,InnoDB,LOCK_SYS_PAGE,1139,19,469
1787549583.116,2026-08-24 05:33:03.117,InnoDB,LOCK_SYS_PAGE,1192,19,504
1787549583.116,2026-08-24 05:33:03.117,InnoDB,LOCK_SYS_PAGE,1202,19,467
1787549583.116,2026-08-24 05:33:03.117,InnoDB,LOCK_SYS_PAGE,1192,18,514
1787549583.116,2026-08-24 05:33:03.117,InnoDB,LOCK_SYS_PAGE,1222,18,534
1787549583.116,2026-08-24 05:33:03.117,InnoDB,LOCK_SYS_PAGE,1159,18,528
1787549583.116,2026-08-24 05:33:03.117,InnoDB,LOCK_SYS_PAGE,1148,18,440
1787549583.116,2026-08-24 05:33:03.117,InnoDB,LOCK_SYS_PAGE,1224,18,517
1787549583.116,2026-08-24 05:33:03.117,InnoDB,LOCK_SYS_PAGE,1087,18,462
1787549583.116,2026-08-24 05:33:03.117,InnoDB,LOCK_SYS_PAGE,1084,18,500
1787549583.116,2026-08-24 05:33:03.117,InnoDB,LOCK_SYS_PAGE,1155,18,508
1787549583.116,2026-08-24 05:33:03.117,InnoDB,LOCK_SYS_PAGE,1154,18,487
1787549583.116,2026-08-24 05:33:03.117,InnoDB,LOCK_SYS_PAGE,1139,18,495
1787549583.116,2026-08-24 05:33:03.117,InnoDB,LOCK_SYS_PAGE,1252,18,527
1787549583.116,2026-08-24 05:33:03.117,InnoDB,LOCK_SYS_PAGE,1235,18,536
1787549583.116,2026-08-24 05:33:03.117,InnoDB,LOCK_SYS_PAGE,1268,18,562
1787549583.116,2026-08-24 05:33:03.117,InnoDB,LOCK_SYS_PAGE,1160,18,487
1787549583.116,2026-08-24 05:33:03.117,InnoDB,LOCK_SYS_PAGE,1126,18,525
1787549583.116,2026-08-24 05:33:03.117,InnoDB,LOCK_SYS_PAGE,1190,18,485
1787549583.116,2026-08-24 05:33:03.117,InnoDB,LOCK_SYS_PAGE,1184,18,542
1787549583.116,2026-08-24 05:33:03.117,InnoDB,LOCK_SYS_PAGE,1254,18,572
1787549583.116,2026-08-24 05:33:03.117,InnoDB,LOCK_SYS_PAGE,1116,18,525
1787549583.116,2026-08-24 05:33:03.117,InnoDB,LOCK_SYS_PAGE,1079,18,510
1787549583.116,2026-08-24 05:33:03.117,InnoDB,LOCK_SYS_PAGE,1071,18,470
1787549583.116,2026-08-24 05:33:03.117,InnoDB,LOCK_SYS_PAGE,1130,18,492
1787549583.116,2026-08-24 05:33:03.117,InnoDB,LOCK_SYS_PAGE,1193,18,514
1787549583.116,2026-08-24 05:33:03.117,InnoDB,LOCK_SYS_PAGE,1209,18,522
1787549583.116,2026-08-24 05:33:03.117,InnoDB,LOCK_SYS_PAGE,1237,18,486
1787549583.116,2026-08-24 05:33:03.117,InnoDB,LOCK_SYS_PAGE,1112,18,500
1787549583.116,2026-08-24 05:33:03.117,InnoDB,LOCK_SYS_PAGE,1189,18,551
1787549583.116,2026-08-24 05:33:03.117,InnoDB,UNDO_SPACE_RSEG,3455,18,1422
1787549583.116,2026-08-24 05:33:03.117,InnoDB,UNDO_SPACE_RSEG,3358,18,1404
1787549583.116,2026-08-24 05:33:03.117,InnoDB,LOCK_SYS_PAGE,1183,18,545
1787549583.116,2026-08-24 05:33:03.117,InnoDB,UNDO_SPACE_RSEG,3464,18,1453
1787549583.116,2026-08-24 05:33:03.117,InnoDB,LOCK_SYS_PAGE,1181,18,521
1787549583.116,2026-08-24 05:33:03.117,InnoDB,UNDO_SPACE_RSEG,3343,18,1368
1787549583.116,2026-08-24 05:33:03.117,InnoDB,LOCK_SYS_PAGE,1154,18,516
1787549583.116,2026-08-24 05:33:03.117,InnoDB,LOCK_SYS_PAGE,1308,18,580
1787549583.116,2026-08-24 05:33:03.117,InnoDB,UNDO_SPACE_RSEG,3456,18,1419
1787549583.116,2026-08-24 05:33:03.117,InnoDB,LOCK_SYS_PAGE,1222,18,537
1787549583.116,2026-08-24 05:33:03.117,InnoDB,LOCK_SYS_PAGE,1081,17,516
1787549583.116,2026-08-24 05:33:03.117,InnoDB,LOCK_SYS_PAGE,1248,17,569
1787549583.116,2026-08-24 05:33:03.117,InnoDB,LOCK_SYS_PAGE,1198,17,529
1787549583.116,2026-08-24 05:33:03.117,InnoDB,LOCK_SYS_PAGE,1164,17,558
1787549583.116,2026-08-24 05:33:03.117,InnoDB,LOCK_SYS_PAGE,1225,17,554
1787549583.116,2026-08-24 05:33:03.117,InnoDB,LOCK_SYS_PAGE,1205,17,525
1787549583.116,2026-08-24 05:33:03.117,InnoDB,LOCK_SYS_PAGE,1153,17,511
1787549583.116,2026-08-24 05:33:03.117,InnoDB,LOCK_SYS_PAGE,1176,17,477
1787549583.116,2026-08-24 05:33:03.117,InnoDB,LOCK_SYS_PAGE,1141,17,521
1787549583.116,2026-08-24 05:33:03.117,InnoDB,UNDO_SPACE_RSEG,3548,17,1483
1787549583.116,2026-08-24 05:33:03.117,InnoDB,LOCK_SYS_PAGE,1125,17,546
1787549583.116,2026-08-24 05:33:03.117,InnoDB,LOCK_SYS_PAGE,1121,17,512
1787549583.116,2026-08-24 05:33:03.117,InnoDB,LOCK_SYS_PAGE,1215,17,519
1787549583.116,2026-08-24 05:33:03.117,InnoDB,LOCK_SYS_PAGE,1281,17,505
1787549583.116,2026-08-24 05:33:03.117,InnoDB,LOCK_SYS_PAGE,1121,17,512
1787549583.116,2026-08-24 05:33:03.117,InnoDB,LOCK_SYS_PAGE,1195,17,563
1787549583.116,2026-08-24 05:33:03.117,InnoDB,LOCK_SYS_PAGE,1215,17,529
1787549583.116,2026-08-24 05:33:03.117,InnoDB,UNDO_SPACE_RSEG,3496,17,1424
1787549583.116,2026-08-24 05:33:03.117,InnoDB,LOCK_SYS_PAGE,1141,17,492
1787549583.116,2026-08-24 05:33:03.117,InnoDB,LOCK_SYS_PAGE,1151,17,534
1787549583.116,2026-08-24 05:33:03.117,InnoDB,LOCK_SYS_PAGE,1139,17,555
1787549583.116,2026-08-24 05:33:03.117,InnoDB,LOCK_SYS_PAGE,1107,17,508
1787549583.116,2026-08-24 05:33:03.117,InnoDB,UNDO_SPACE_RSEG,3522,17,1422
1787549583.116,2026-08-24 05:33:03.117,InnoDB,LOCK_SYS_PAGE,1228,16,557
1787549583.116,2026-08-24 05:33:03.117,InnoDB,LOCK_SYS_PAGE,1183,16,543
1787549583.116,2026-08-24 05:33:03.117,InnoDB,LOCK_SYS_PAGE,1120,16,516
1787549583.116,2026-08-24 05:33:03.117,InnoDB,LOCK_SYS_PAGE,1179,16,533
1787549583.116,2026-08-24 05:33:03.117,InnoDB,LOCK_SYS_PAGE,1146,16,548
1787549583.116,2026-08-24 05:33:03.117,InnoDB,LOCK_SYS_PAGE,1045,16,495
1787549583.116,2026-08-24 05:33:03.117,InnoDB,LOCK_SYS_PAGE,1217,16,563
1787549583.116,2026-08-24 05:33:03.117,InnoDB,LOCK_SYS_PAGE,1145,16,506
1787549583.116,2026-08-24 05:33:03.117,InnoDB,UNDO_SPACE_RSEG,3400,16,1452
1787549583.116,2026-08-24 05:33:03.117,InnoDB,LOCK_SYS_PAGE,1138,16,487
1787549583.116,2026-08-24 05:33:03.117,InnoDB,UNDO_SPACE_RSEG,3273,16,1388
1787549583.116,2026-08-24 05:33:03.117,InnoDB,LOCK_SYS_PAGE,1010,16,504
1787549583.116,2026-08-24 05:33:03.117,InnoDB,LOCK_SYS_PAGE,1065,16,471
1787549583.116,2026-08-24 05:33:03.117,InnoDB,LOCK_SYS_PAGE,1138,16,509
1787549583.116,2026-08-24 05:33:03.117,InnoDB,LOCK_SYS_PAGE,1086,16,463
1787549583.116,2026-08-24 05:33:03.117,InnoDB,LOCK_SYS_PAGE,1039,16,437
1787549583.116,2026-08-24 05:33:03.117,InnoDB,LOCK_SYS_PAGE,1166,16,556
1787549583.116,2026-08-24 05:33:03.117,InnoDB,LOCK_SYS_PAGE,1078,16,507
1787549583.116,2026-08-24 05:33:03.117,InnoDB,LOCK_SYS_PAGE,1062,16,508
1787549583.116,2026-08-24 05:33:03.117,InnoDB,LOCK_SYS_PAGE,1077,16,523
1787549583.116,2026-08-24 05:33:03.117,InnoDB,LOCK_SYS_PAGE,1080,16,516
1787549583.116,2026-08-24 05:33:03.117,InnoDB,LOCK_SYS_PAGE,1254,16,625
1787549583.116,2026-08-24 05:33:03.117,InnoDB,LOCK_SYS_PAGE,1124,16,491
1787549583.116,2026-08-24 05:33:03.117,InnoDB,LOCK_SYS_PAGE,1174,16,531
1787549583.116,2026-08-24 05:33:03.117,InnoDB,LOCK_SYS_PAGE,1107,16,488
1787549583.116,2026-08-24 05:33:03.117,InnoDB,LOCK_SYS_PAGE,1129,16,480
1787549583.116,2026-08-24 05:33:03.117,InnoDB,LOCK_SYS_PAGE,1113,16,517
1787549583.116,2026-08-24 05:33:03.117,InnoDB,LOCK_SYS_PAGE,1140,16,516
1787549583.116,2026-08-24 05:33:03.117,InnoDB,LOCK_SYS_PAGE,1121,16,514
1787549583.116,2026-08-24 05:33:03.117,InnoDB,LOCK_SYS_PAGE,1096,16,533
1787549583.116,2026-08-24 05:33:03.117,InnoDB,LOCK_SYS_PAGE,1045,16,507
1787549583.116,2026-08-24 05:33:03.117,InnoDB,LOCK_SYS_PAGE,1187,16,562
1787549583.116,2026-08-24 05:33:03.117,InnoDB,LOCK_SYS_PAGE,1170,16,521
1787549583.116,2026-08-24 05:33:03.117,InnoDB,LOCK_SYS_PAGE,1126,16,531
1787549583.116,2026-08-24 05:33:03.117,InnoDB,LOCK_SYS_PAGE,1212,16,512
1787549583.116,2026-08-24 05:33:03.117,InnoDB,LOCK_SYS_PAGE,1145,16,494
1787549583.116,2026-08-24 05:33:03.117,InnoDB,LOCK_SYS_PAGE,1066,16,513
1787549583.116,2026-08-24 05:33:03.117,InnoDB,LOCK_SYS_PAGE,1068,16,508
1787549583.116,2026-08-24 05:33:03.117,InnoDB,LOCK_SYS_PAGE,1188,16,506
1787549583.116,2026-08-24 05:33:03.117,InnoDB,LOCK_SYS_PAGE,1064,16,487
1787549583.116,2026-08-24 05:33:03.117,InnoDB,LOCK_SYS_PAGE,1105,16,492
1787549583.116,2026-08-24 05:33:03.117,InnoDB,LOCK_SYS_PAGE,1182,16,499
1787549583.116,2026-08-24 05:33:03.117,InnoDB,LOCK_SYS_PAGE,1267,16,547
1787549583.116,2026-08-24 05:33:03.117,InnoDB,LOCK_SYS_PAGE,1154,16,485
1787549583.116,2026-08-24 05:33:03.117,InnoDB,LOCK_SYS_PAGE,1032,15,474
1787549583.116,2026-08-24 05:33:03.117,InnoDB,LOCK_SYS_PAGE,1118,15,540
1787549583.116,2026-08-24 05:33:03.117,InnoDB,LOCK_SYS_PAGE,1098,15,502
1787549583.116,2026-08-24 05:33:03.117,InnoDB,LOCK_SYS_PAGE,1137,15,539
1787549583.116,2026-08-24 05:33:03.117,InnoDB,LOCK_SYS_PAGE,1136,15,546
1787549583.116,2026-08-24 05:33:03.117,InnoDB,LOCK_SYS_PAGE,1166,15,544
1787549583.116,2026-08-24 05:33:03.117,InnoDB,LOCK_SYS_PAGE,1078,15,551
1787549583.116,2026-08-24 05:33:03.117,InnoDB,LOCK_SYS_PAGE,1079,15,497
1787549583.116,2026-08-24 05:33:03.117,InnoDB,LOCK_SYS_PAGE,1158,15,557
1787549583.116,2026-08-24 05:33:03.117,InnoDB,LOCK_SYS_PAGE,1089,15,473
1787549583.116,2026-08-24 05:33:03.117,InnoDB,LOCK_SYS_PAGE,971,15,457
1787549583.116,2026-08-24 05:33:03.117,InnoDB,LOCK_SYS_PAGE,1108,15,541
1787549583.116,2026-08-24 05:33:03.117,InnoDB,LOCK_SYS_PAGE,1042,15,474
1787549583.116,2026-08-24 05:33:03.117,InnoDB,LOCK_SYS_PAGE,1200,15,533
1787549583.116,2026-08-24 05:33:03.117,InnoDB,UNDO_SPACE_RSEG,3368,15,1434
1787549583.116,2026-08-24 05:33:03.117,InnoDB,UNDO_SPACE_RSEG,3215,15,1432
1787549583.116,2026-08-24 05:33:03.117,InnoDB,LOCK_SYS_PAGE,1067,15,530
1787549583.116,2026-08-24 05:33:03.117,InnoDB,LOCK_SYS_PAGE,1045,15,504
1787549583.116,2026-08-24 05:33:03.117,InnoDB,LOCK_SYS_PAGE,1032,15,488
1787549583.116,2026-08-24 05:33:03.117,InnoDB,LOCK_SYS_PAGE,1019,15,451
1787549583.116,2026-08-24 05:33:03.117,InnoDB,LOCK_SYS_PAGE,1080,15,506
1787549583.116,2026-08-24 05:33:03.117,InnoDB,LOCK_SYS_PAGE,1074,15,511
1787549583.116,2026-08-24 05:33:03.117,InnoDB,LOCK_SYS_PAGE,1150,15,582
1787549583.116,2026-08-24 05:33:03.117,InnoDB,LOCK_SYS_PAGE,1045,15,515
1787549583.116,2026-08-24 05:33:03.117,InnoDB,LOCK_SYS_PAGE,1128,15,516
1787549583.116,2026-08-24 05:33:03.117,InnoDB,LOCK_SYS_PAGE,1083,15,506
1787549583.116,2026-08-24 05:33:03.117,InnoDB,LOCK_SYS_PAGE,1100,15,524
1787549583.116,2026-08-24 05:33:03.117,InnoDB,LOCK_SYS_PAGE,1072,15,508
1787549583.116,2026-08-24 05:33:03.117,InnoDB,LOCK_SYS_PAGE,1120,15,570
1787549583.116,2026-08-24 05:33:03.117,InnoDB,UNDO_SPACE_RSEG,3254,15,1412
1787549583.116,2026-08-24 05:33:03.117,InnoDB,LOCK_SYS_PAGE,1018,15,504
1787549583.116,2026-08-24 05:33:03.117,InnoDB,LOCK_SYS_PAGE,1149,15,575
1787549583.116,2026-08-24 05:33:03.117,InnoDB,LOCK_SYS_PAGE,1043,15,528
1787549583.116,2026-08-24 05:33:03.117,InnoDB,LOCK_SYS_PAGE,1120,15,555
1787549583.116,2026-08-24 05:33:03.117,InnoDB,LOCK_SYS_PAGE,1055,15,478
1787549583.116,2026-08-24 05:33:03.117,InnoDB,LOCK_SYS_PAGE,1036,15,486
1787549583.116,2026-08-24 05:33:03.117,InnoDB,LOCK_SYS_PAGE,1113,15,539
1787549583.116,2026-08-24 05:33:03.117,InnoDB,LOCK_SYS_PAGE,1072,15,511
1787549583.116,2026-08-24 05:33:03.117,InnoDB,LOCK_SYS_PAGE,1173,15,515
1787549583.116,2026-08-24 05:33:03.117,InnoDB,LOCK_SYS_PAGE,1042,15,482
1787549583.116,2026-08-24 05:33:03.117,InnoDB,LOCK_SYS_PAGE,1093,15,521
1787549583.116,2026-08-24 05:33:03.117,InnoDB,LOCK_SYS_PAGE,1024,15,527
1787549583.116,2026-08-24 05:33:03.117,InnoDB,LOCK_SYS_PAGE,1008,14,466
1787549583.116,2026-08-24 05:33:03.117,InnoDB,LOCK_SYS_PAGE,939,14,462
1787549583.116,2026-08-24 05:33:03.117,InnoDB,UNDO_SPACE_RSEG,3475,14,1470
1787549583.116,2026-08-24 05:33:03.117,InnoDB,LOCK_SYS_PAGE,1047,14,551
1787549583.116,2026-08-24 05:33:03.117,InnoDB,LOCK_SYS_PAGE,1007,14,478
1787549583.116,2026-08-24 05:33:03.117,InnoDB,LOCK_SYS_PAGE,1057,14,528
1787549583.116,2026-08-24 05:33:03.117,InnoDB,LOCK_SYS_PAGE,1082,14,546
1787549583.116,2026-08-24 05:33:03.117,InnoDB,LOCK_SYS_PAGE,1054,14,534
1787549583.116,2026-08-24 05:33:03.117,InnoDB,LOCK_SYS_PAGE,1054,14,516
1787549583.116,2026-08-24 05:33:03.117,InnoDB,LOCK_SYS_PAGE,1025,14,522
1787549583.116,2026-08-24 05:33:03.117,InnoDB,LOCK_SYS_PAGE,1042,14,497
1787549583.116,2026-08-24 05:33:03.117,InnoDB,LOCK_SYS_PAGE,959,14,481
1787549583.116,2026-08-24 05:33:03.117,InnoDB,LOCK_SYS_PAGE,1061,14,531
1787549583.116,2026-08-24 05:33:03.117,InnoDB,LOCK_SYS_PAGE,1077,14,527
1787549583.116,2026-08-24 05:33:03.117,InnoDB,LOCK_SYS_PAGE,1046,14,520
1787549583.116,2026-08-24 05:33:03.117,InnoDB,LOCK_SYS_PAGE,1014,14,520
1787549583.116,2026-08-24 05:33:03.117,InnoDB,LOCK_SYS_PAGE,1104,14,532
1787549583.116,2026-08-24 05:33:03.117,InnoDB,LOCK_SYS_PAGE,1124,14,534
1787549583.116,2026-08-24 05:33:03.117,InnoDB,LOCK_SYS_PAGE,1022,14,474
1787549583.116,2026-08-24 05:33:03.117,InnoDB,LOCK_SYS_PAGE,1104,14,482
1787549583.116,2026-08-24 05:33:03.117,InnoDB,LOCK_SYS_PAGE,1106,14,555
1787549583.116,2026-08-24 05:33:03.117,InnoDB,LOCK_SYS_PAGE,1028,14,498
1787549583.116,2026-08-24 05:33:03.117,InnoDB,LOCK_SYS_PAGE,1033,14,528
1787549583.116,2026-08-24 05:33:03.117,InnoDB,LOCK_SYS_PAGE,1109,14,546
1787549583.116,2026-08-24 05:33:03.117,InnoDB,UNDO_SPACE_RSEG,3265,14,1411
1787549583.116,2026-08-24 05:33:03.117,InnoDB,LOCK_SYS_PAGE,1019,14,474
1787549583.116,2026-08-24 05:33:03.117,InnoDB,LOCK_SYS_PAGE,1068,14,532
1787549583.116,2026-08-24 05:33:03.117,InnoDB,LOCK_SYS_PAGE,1029,14,499
1787549583.116,2026-08-24 05:33:03.117,InnoDB,LOCK_SYS_PAGE,1019,14,497
1787549583.116,2026-08-24 05:33:03.117,InnoDB,LOCK_SYS_PAGE,1076,14,521
1787549583.116,2026-08-24 05:33:03.117,InnoDB,LOCK_SYS_PAGE,1068,14,560
1787549583.116,2026-08-24 05:33:03.117,InnoDB,LOCK_SYS_PAGE,963,14,488
1787549583.116,2026-08-24 05:33:03.117,InnoDB,LOCK_SYS_PAGE,1033,14,512
1787549583.116,2026-08-24 05:33:03.117,InnoDB,LOCK_SYS_PAGE,1032,14,509
1787549583.116,2026-08-24 05:33:03.117,InnoDB,LOCK_SYS_PAGE,1033,14,498
1787549583.116,2026-08-24 05:33:03.117,InnoDB,LOCK_SYS_PAGE,1024,14,515
1787549583.116,2026-08-24 05:33:03.117,InnoDB,LOCK_SYS_PAGE,1152,14,523
1787549583.116,2026-08-24 05:33:03.117,InnoDB,LOCK_SYS_PAGE,1046,14,485
1787549583.116,2026-08-24 05:33:03.117,InnoDB,LOCK_SYS_PAGE,1028,14,466
1787549583.116,2026-08-24 05:33:03.117,InnoDB,LOCK_SYS_PAGE,1005,14,456
1787549583.116,2026-08-24 05:33:03.117,InnoDB,LOCK_SYS_PAGE,1062,14,541
1787549583.116,2026-08-24 05:33:03.117,InnoDB,LOCK_SYS_PAGE,1034,14,510
1787549583.116,2026-08-24 05:33:03.117,InnoDB,LOCK_SYS_PAGE,1096,14,556
1787549583.116,2026-08-24 05:33:03.117,InnoDB,LOCK_SYS_PAGE,965,14,442
1787549583.116,2026-08-24 05:33:03.117,InnoDB,LOCK_SYS_PAGE,1050,14,525
1787549583.116,2026-08-24 05:33:03.117,InnoDB,LOCK_SYS_PAGE,1066,14,518
1787549583.116,2026-08-24 05:33:03.117,InnoDB,LOCK_SYS_PAGE,1043,14,509
1787549583.116,2026-08-24 05:33:03.117,InnoDB,LOCK_SYS_PAGE,1072,14,555
1787549583.116,2026-08-24 05:33:03.117,InnoDB,LOCK_SYS_PAGE,1013,13,500
1787549583.116,2026-08-24 05:33:03.117,InnoDB,LOCK_SYS_PAGE,1059,13,440
1787549583.116,2026-08-24 05:33:03.117,InnoDB,LOCK_SYS_PAGE,1031,13,522
1787549583.116,2026-08-24 05:33:03.117,InnoDB,LOCK_SYS_PAGE,1036,13,522
1787549583.116,2026-08-24 05:33:03.117,InnoDB,LOCK_SYS_PAGE,1052,13,528
1787549583.116,2026-08-24 05:33:03.117,InnoDB,LOCK_SYS_PAGE,1014,13,497
1787549583.116,2026-08-24 05:33:03.117,InnoDB,LOCK_SYS_PAGE,1073,13,528
1787549583.116,2026-08-24 05:33:03.117,InnoDB,LOCK_SYS_PAGE,986,13,496
1787549583.116,2026-08-24 05:33:03.117,InnoDB,LOCK_SYS_PAGE,1062,13,497
1787549583.116,2026-08-24 05:33:03.117,InnoDB,LOCK_SYS_PAGE,1001,13,488
1787549583.116,2026-08-24 05:33:03.117,InnoDB,LOCK_SYS_PAGE,987,13,508
1787549583.116,2026-08-24 05:33:03.117,InnoDB,LOCK_SYS_PAGE,1130,13,578
1787549583.116,2026-08-24 05:33:03.117,InnoDB,LOCK_SYS_PAGE,1134,13,525
1787549583.116,2026-08-24 05:33:03.117,InnoDB,LOCK_SYS_PAGE,1002,13,511
1787549583.116,2026-08-24 05:33:03.117,InnoDB,UNDO_SPACE_RSEG,3378,13,1470
1787549583.116,2026-08-24 05:33:03.117,InnoDB,LOCK_SYS_PAGE,980,13,507
1787549583.116,2026-08-24 05:33:03.117,InnoDB,LOCK_SYS_PAGE,955,13,480
1787549583.116,2026-08-24 05:33:03.117,InnoDB,LOCK_SYS_PAGE,1086,13,539
1787549583.116,2026-08-24 05:33:03.117,InnoDB,LOCK_SYS_PAGE,949,13,463
1787549583.116,2026-08-24 05:33:03.117,InnoDB,LOCK_SYS_PAGE,989,13,563
1787549583.116,2026-08-24 05:33:03.117,InnoDB,LOCK_SYS_PAGE,1069,13,520
1787549583.116,2026-08-24 05:33:03.117,InnoDB,LOCK_SYS_PAGE,924,13,477
1787549583.116,2026-08-24 05:33:03.117,InnoDB,LOCK_SYS_PAGE,1037,13,495
1787549583.116,2026-08-24 05:33:03.117,InnoDB,LOCK_SYS_PAGE,1105,13,504
1787549583.116,2026-08-24 05:33:03.117,InnoDB,LOCK_SYS_PAGE,970,13,526
1787549583.116,2026-08-24 05:33:03.117,InnoDB,LOCK_SYS_PAGE,999,13,515
1787549583.116,2026-08-24 05:33:03.117,InnoDB,LOCK_SYS_PAGE,1194,13,545
1787549583.116,2026-08-24 05:33:03.117,InnoDB,LOCK_SYS_PAGE,1064,13,539
1787549583.116,2026-08-24 05:33:03.117,InnoDB,LOCK_SYS_PAGE,1071,13,489
1787549583.116,2026-08-24 05:33:03.117,InnoDB,LOCK_SYS_PAGE,1016,13,529
1787549583.116,2026-08-24 05:33:03.117,InnoDB,LOCK_SYS_PAGE,958,13,527
1787549583.116,2026-08-24 05:33:03.117,InnoDB,LOCK_SYS_PAGE,1060,13,517
1787549583.116,2026-08-24 05:33:03.117,InnoDB,LOCK_SYS_PAGE,1047,13,508
1787549583.116,2026-08-24 05:33:03.117,InnoDB,LOCK_SYS_PAGE,941,13,446
1787549583.116,2026-08-24 05:33:03.117,InnoDB,LOCK_SYS_PAGE,1046,13,502
1787549583.116,2026-08-24 05:33:03.117,InnoDB,LOCK_SYS_PAGE,1022,13,506
1787549583.116,2026-08-24 05:33:03.117,InnoDB,LOCK_SYS_PAGE,1010,13,548
1787549583.116,2026-08-24 05:33:03.117,InnoDB,LOCK_SYS_PAGE,976,13,498
1787549583.116,2026-08-24 05:33:03.117,InnoDB,LOCK_SYS_PAGE,1140,13,540
1787549583.116,2026-08-24 05:33:03.117,InnoDB,LOCK_SYS_PAGE,981,13,489
1787549583.116,2026-08-24 05:33:03.117,InnoDB,LOCK_SYS_PAGE,1027,13,513
1787549583.116,2026-08-24 05:33:03.117,InnoDB,LOCK_SYS_PAGE,973,13,519
1787549583.116,2026-08-24 05:33:03.117,InnoDB,LOCK_SYS_PAGE,993,13,506
1787549583.116,2026-08-24 05:33:03.117,InnoDB,LOCK_SYS_PAGE,997,13,528
1787549583.116,2026-08-24 05:33:03.117,InnoDB,LOCK_SYS_PAGE,1145,13,538
1787549583.116,2026-08-24 05:33:03.117,InnoDB,LOCK_SYS_PAGE,976,13,488
1787549583.116,2026-08-24 05:33:03.117,InnoDB,LOCK_SYS_PAGE,1069,13,530
1787549583.116,2026-08-24 05:33:03.117,InnoDB,LOCK_SYS_PAGE,1181,13,575
1787549583.116,2026-08-24 05:33:03.117,InnoDB,LOCK_SYS_PAGE,1020,12,516
1787549583.116,2026-08-24 05:33:03.117,InnoDB,LOCK_SYS_PAGE,1082,12,506
1787549583.116,2026-08-24 05:33:03.117,InnoDB,LOCK_SYS_PAGE,1091,12,584
1787549583.116,2026-08-24 05:33:03.117,InnoDB,LOCK_SYS_PAGE,977,12,508
1787549583.116,2026-08-24 05:33:03.117,InnoDB,LOCK_SYS_PAGE,1010,12,511
1787549583.116,2026-08-24 05:33:03.117,InnoDB,LOCK_SYS_PAGE,1034,12,567
1787549583.116,2026-08-24 05:33:03.117,InnoDB,LOCK_SYS_PAGE,1013,12,552
1787549583.116,2026-08-24 05:33:03.117,InnoDB,LOCK_SYS_PAGE,1037,12,496
1787549583.116,2026-08-24 05:33:03.117,InnoDB,LOCK_SYS_PAGE,1002,12,498
1787549583.116,2026-08-24 05:33:03.117,InnoDB,LOCK_SYS_PAGE,1022,12,558
1787549583.116,2026-08-24 05:33:03.117,InnoDB,LOCK_SYS_PAGE,1033,12,516
1787549583.116,2026-08-24 05:33:03.117,InnoDB,LOCK_SYS_PAGE,1030,12,532
1787549583.116,2026-08-24 05:33:03.117,InnoDB,LOCK_SYS_PAGE,1119,12,522
1787549583.116,2026-08-24 05:33:03.117,InnoDB,LOCK_SYS_PAGE,1089,12,536
1787549583.116,2026-08-24 05:33:03.117,InnoDB,LOCK_SYS_PAGE,1064,12,517
1787549583.116,2026-08-24 05:33:03.117,InnoDB,LOCK_SYS_PAGE,1060,12,590
1787549583.116,2026-08-24 05:33:03.117,InnoDB,LOCK_SYS_PAGE,983,12,509
1787549583.116,2026-08-24 05:33:03.117,InnoDB,LOCK_SYS_PAGE,990,12,506
1787549583.116,2026-08-24 05:33:03.117,InnoDB,LOCK_SYS_PAGE,1137,12,552
1787549583.116,2026-08-24 05:33:03.117,InnoDB,LOCK_SYS_PAGE,1000,12,511
1787549583.116,2026-08-24 05:33:03.117,InnoDB,LOCK_SYS_PAGE,932,12,524
1787549583.116,2026-08-24 05:33:03.117,InnoDB,LOCK_SYS_PAGE,1038,12,536
1787549583.116,2026-08-24 05:33:03.117,InnoDB,LOCK_SYS_PAGE,1034,12,483
1787549583.116,2026-08-24 05:33:03.117,InnoDB,LOCK_SYS_PAGE,993,12,535
1787549583.116,2026-08-24 05:33:03.117,InnoDB,LOCK_SYS_PAGE,1061,12,501
1787549583.116,2026-08-24 05:33:03.117,InnoDB,LOCK_SYS_PAGE,931,12,479
1787549583.116,2026-08-24 05:33:03.117,InnoDB,LOCK_SYS_PAGE,953,12,518
1787549583.116,2026-08-24 05:33:03.117,InnoDB,LOCK_SYS_PAGE,928,12,461
1787549583.116,2026-08-24 05:33:03.117,InnoDB,LOCK_SYS_PAGE,1029,12,522
1787549583.116,2026-08-24 05:33:03.117,InnoDB,LOCK_SYS_PAGE,1055,12,515
1787549583.116,2026-08-24 05:33:03.117,InnoDB,LOCK_SYS_PAGE,1134,12,570
1787549583.116,2026-08-24 05:33:03.117,InnoDB,LOCK_SYS_PAGE,965,12,533
1787549583.116,2026-08-24 05:33:03.117,InnoDB,LOCK_SYS_PAGE,956,12,500
1787549583.116,2026-08-24 05:33:03.117,InnoDB,LOCK_SYS_PAGE,1013,12,497
1787549583.116,2026-08-24 05:33:03.117,InnoDB,LOCK_SYS_PAGE,908,12,443
1787549583.116,2026-08-24 05:33:03.117,InnoDB,LOCK_SYS_PAGE,930,12,479
1787549583.116,2026-08-24 05:33:03.117,InnoDB,LOCK_SYS_PAGE,1050,12,562
1787549583.116,2026-08-24 05:33:03.117,InnoDB,LOCK_SYS_PAGE,1014,11,496
1787549583.116,2026-08-24 05:33:03.117,InnoDB,LOCK_SYS_PAGE,1032,11,540
1787549583.116,2026-08-24 05:33:03.117,InnoDB,LOCK_SYS_PAGE,978,11,538
1787549583.116,2026-08-24 05:33:03.117,InnoDB,LOCK_SYS_PAGE,955,11,508
1787549583.116,2026-08-24 05:33:03.117,InnoDB,LOCK_SYS_PAGE,1052,11,602
1787549583.116,2026-08-24 05:33:03.117,InnoDB,LOCK_SYS_PAGE,946,11,526
1787549583.116,2026-08-24 05:33:03.117,InnoDB,LOCK_SYS_PAGE,939,11,521
1787549583.116,2026-08-24 05:33:03.117,InnoDB,LOCK_SYS_PAGE,873,11,485
1787549583.116,2026-08-24 05:33:03.117,InnoDB,LOCK_SYS_PAGE,917,11,463
1787549583.116,2026-08-24 05:33:03.117,InnoDB,LOCK_SYS_PAGE,1042,11,564
1787549583.116,2026-08-24 05:33:03.117,InnoDB,LOCK_SYS_PAGE,976,11,498
1787549583.116,2026-08-24 05:33:03.117,InnoDB,LOCK_SYS_PAGE,894,11,504
1787549583.116,2026-08-24 05:33:03.117,InnoDB,LOCK_SYS_PAGE,951,11,516
1787549583.116,2026-08-24 05:33:03.117,InnoDB,LOCK_SYS_PAGE,932,11,505
1787549583.116,2026-08-24 05:33:03.117,InnoDB,LOCK_SYS_PAGE,871,11,479
1787549583.116,2026-08-24 05:33:03.117,InnoDB,LOCK_SYS_PAGE,947,11,513
1787549583.116,2026-08-24 05:33:03.117,InnoDB,LOCK_SYS_PAGE,1010,11,517
1787549583.116,2026-08-24 05:33:03.117,InnoDB,LOCK_SYS_PAGE,986,11,534
1787549583.116,2026-08-24 05:33:03.117,InnoDB,LOCK_SYS_PAGE,925,11,511
1787549583.116,2026-08-24 05:33:03.117,InnoDB,LOCK_SYS_PAGE,958,11,486
1787549583.116,2026-08-24 05:33:03.117,InnoDB,LOCK_SYS_PAGE,843,11,481
1787549583.116,2026-08-24 05:33:03.117,InnoDB,LOCK_SYS_PAGE,925,11,466
1787549583.116,2026-08-24 05:33:03.117,InnoDB,LOCK_SYS_PAGE,978,11,495
1787549583.116,2026-08-24 05:33:03.117,InnoDB,LOCK_SYS_PAGE,1029,11,532
1787549583.116,2026-08-24 05:33:03.117,InnoDB,LOCK_SYS_PAGE,1082,11,594
1787549583.116,2026-08-24 05:33:03.117,InnoDB,LOCK_SYS_PAGE,1034,11,535
1787549583.116,2026-08-24 05:33:03.117,InnoDB,LOCK_SYS_PAGE,961,11,515
1787549583.116,2026-08-24 05:33:03.117,InnoDB,LOCK_SYS_PAGE,982,11,493
1787549583.116,2026-08-24 05:33:03.117,InnoDB,LOCK_SYS_PAGE,920,11,471
1787549583.116,2026-08-24 05:33:03.117,InnoDB,LOCK_SYS_PAGE,942,11,531
1787549583.116,2026-08-24 05:33:03.117,InnoDB,LOCK_SYS_PAGE,948,11,500
1787549583.116,2026-08-24 05:33:03.117,InnoDB,LOCK_SYS_PAGE,965,11,470
1787549583.116,2026-08-24 05:33:03.117,InnoDB,LOCK_SYS_PAGE,940,11,523
1787549583.116,2026-08-24 05:33:03.117,InnoDB,LOCK_SYS_PAGE,986,11,535
1787549583.116,2026-08-24 05:33:03.117,InnoDB,LOCK_SYS_PAGE,932,10,525
1787549583.116,2026-08-24 05:33:03.117,InnoDB,LOCK_SYS_PAGE,1034,10,511
1787549583.116,2026-08-24 05:33:03.117,InnoDB,LOCK_SYS_PAGE,966,10,485
1787549583.116,2026-08-24 05:33:03.117,InnoDB,LOCK_SYS_PAGE,920,10,544
1787549583.116,2026-08-24 05:33:03.117,InnoDB,LOCK_SYS_PAGE,895,10,466
1787549583.116,2026-08-24 05:33:03.117,InnoDB,LOCK_SYS_PAGE,873,10,494
1787549583.116,2026-08-24 05:33:03.117,InnoDB,LOCK_SYS_PAGE,841,10,447
1787549583.116,2026-08-24 05:33:03.117,InnoDB,LOCK_SYS_PAGE,954,10,501
1787549583.116,2026-08-24 05:33:03.117,InnoDB,LOCK_SYS_PAGE,933,10,501
1787549583.116,2026-08-24 05:33:03.117,InnoDB,LOCK_SYS_PAGE,900,10,484
1787549583.116,2026-08-24 05:33:03.117,InnoDB,LOCK_SYS_PAGE,913,10,531
1787549583.116,2026-08-24 05:33:03.117,InnoDB,LOCK_SYS_PAGE,970,10,518
1787549583.116,2026-08-24 05:33:03.117,InnoDB,LOCK_SYS_PAGE,894,10,519
1787549583.116,2026-08-24 05:33:03.117,InnoDB,LOCK_SYS_PAGE,937,10,486
1787549583.116,2026-08-24 05:33:03.117,InnoDB,LOCK_SYS_PAGE,960,10,508
1787549583.116,2026-08-24 05:33:03.117,InnoDB,LOCK_SYS_PAGE,918,10,497
1787549583.116,2026-08-24 05:33:03.117,InnoDB,LOCK_SYS_PAGE,920,10,533
1787549583.116,2026-08-24 05:33:03.117,InnoDB,LOCK_SYS_PAGE,884,10,489
1787549583.116,2026-08-24 05:33:03.117,InnoDB,LOCK_SYS_PAGE,925,10,509
1787549583.116,2026-08-24 05:33:03.117,InnoDB,LOCK_SYS_PAGE,996,10,500
1787549583.116,2026-08-24 05:33:03.117,InnoDB,LOCK_SYS_PAGE,991,10,558
1787549583.116,2026-08-24 05:33:03.117,InnoDB,LOCK_SYS_PAGE,934,10,468
1787549583.116,2026-08-24 05:33:03.117,InnoDB,LOCK_SYS_PAGE,891,10,482
1787549583.116,2026-08-24 05:33:03.117,InnoDB,LOCK_SYS_PAGE,939,10,492
1787549583.116,2026-08-24 05:33:03.117,InnoDB,LOCK_SYS_PAGE,873,10,495
1787549583.116,2026-08-24 05:33:03.117,InnoDB,LOCK_SYS_PAGE,902,10,509
1787549583.116,2026-08-24 05:33:03.117,InnoDB,LOCK_SYS_PAGE,893,10,472
1787549583.116,2026-08-24 05:33:03.117,InnoDB,LOCK_SYS_PAGE,920,10,481
1787549583.116,2026-08-24 05:33:03.117,InnoDB,LOCK_SYS_PAGE,904,10,494
1787549583.116,2026-08-24 05:33:03.117,InnoDB,LOCK_SYS_PAGE,929,10,580
1787549583.116,2026-08-24 05:33:03.117,InnoDB,LOCK_SYS_PAGE,946,10,525
1787549583.116,2026-08-24 05:33:03.117,InnoDB,LOCK_SYS_PAGE,946,10,503
1787549583.116,2026-08-24 05:33:03.117,InnoDB,LOCK_SYS_PAGE,895,10,470
1787549583.116,2026-08-24 05:33:03.117,InnoDB,LOCK_SYS_PAGE,973,10,473
1787549583.116,2026-08-24 05:33:03.117,InnoDB,LOCK_SYS_PAGE,942,10,529
1787549583.116,2026-08-24 05:33:03.117,InnoDB,LOCK_SYS_PAGE,894,10,537
1787549583.116,2026-08-24 05:33:03.117,InnoDB,LOCK_SYS_PAGE,1064,10,546
1787549583.116,2026-08-24 05:33:03.117,InnoDB,LOCK_SYS_PAGE,912,10,523
1787549583.116,2026-08-24 05:33:03.117,InnoDB,LOCK_SYS_PAGE,979,10,513
1787549583.116,2026-08-24 05:33:03.117,InnoDB,LOCK_SYS_PAGE,983,10,593
1787549583.116,2026-08-24 05:33:03.117,InnoDB,LOCK_SYS_PAGE,997,10,553
1787549583.116,2026-08-24 05:33:03.117,InnoDB,LOCK_SYS_PAGE,954,10,540
1787549583.116,2026-08-24 05:33:03.117,InnoDB,LOCK_SYS_PAGE,907,10,502
1787549583.116,2026-08-24 05:33:03.117,InnoDB,LOCK_SYS_PAGE,925,10,542
1787549583.116,2026-08-24 05:33:03.117,InnoDB,LOCK_SYS_PAGE,891,10,464
1787549583.116,2026-08-24 05:33:03.117,InnoDB,LOCK_SYS_PAGE,841,10,467
1787549583.116,2026-08-24 05:33:03.117,InnoDB,LOCK_SYS_PAGE,928,10,506
1787549583.116,2026-08-24 05:33:03.117,InnoDB,LOCK_SYS_PAGE,937,9,489
1787549583.116,2026-08-24 05:33:03.117,InnoDB,LOCK_SYS_PAGE,908,9,471
1787549583.116,2026-08-24 05:33:03.117,InnoDB,LOCK_SYS_PAGE,1071,9,554
1787549583.116,2026-08-24 05:33:03.117,InnoDB,LOCK_SYS_PAGE,890,9,516
1787549583.116,2026-08-24 05:33:03.117,InnoDB,LOCK_SYS_PAGE,998,9,523
1787549583.116,2026-08-24 05:33:03.117,InnoDB,LOCK_SYS_PAGE,850,9,498
1787549583.116,2026-08-24 05:33:03.117,InnoDB,LOCK_SYS_PAGE,879,9,506
1787549583.116,2026-08-24 05:33:03.117,InnoDB,LOCK_SYS_PAGE,910,9,548
1787549583.116,2026-08-24 05:33:03.117,InnoDB,LOCK_SYS_PAGE,825,9,490
1787549583.116,2026-08-24 05:33:03.117,InnoDB,LOCK_SYS_PAGE,921,9,530
1787549583.116,2026-08-24 05:33:03.117,InnoDB,LOCK_SYS_PAGE,839,9,515
1787549583.116,2026-08-24 05:33:03.117,InnoDB,LOCK_SYS_PAGE,1037,9,561
1787549583.116,2026-08-24 05:33:03.117,InnoDB,LOCK_SYS_PAGE,927,9,569
1787549583.116,2026-08-24 05:33:03.117,InnoDB,LOCK_SYS_PAGE,830,9,474
1787549583.116,2026-08-24 05:33:03.117,InnoDB,LOCK_SYS_PAGE,855,9,514
1787549583.116,2026-08-24 05:33:03.117,InnoDB,LOCK_SYS_PAGE,908,9,467
1787549583.116,2026-08-24 05:33:03.117,InnoDB,LOCK_SYS_PAGE,1031,9,565
1787549583.116,2026-08-24 05:33:03.117,InnoDB,LOCK_SYS_PAGE,903,9,516
1787549583.116,2026-08-24 05:33:03.117,InnoDB,LOCK_SYS_PAGE,795,9,470
1787549583.116,2026-08-24 05:33:03.117,InnoDB,LOCK_SYS_PAGE,910,9,485
1787549583.116,2026-08-24 05:33:03.117,InnoDB,LOCK_SYS_PAGE,892,9,489
1787549583.116,2026-08-24 05:33:03.117,InnoDB,LOCK_SYS_PAGE,962,9,554
1787549583.116,2026-08-24 05:33:03.117,InnoDB,LOCK_SYS_PAGE,920,9,480
1787549583.116,2026-08-24 05:33:03.117,InnoDB,LOCK_SYS_PAGE,910,9,517
1787549583.116,2026-08-24 05:33:03.117,InnoDB,LOCK_SYS_PAGE,864,9,475
1787549583.116,2026-08-24 05:33:03.117,InnoDB,LOCK_SYS_PAGE,886,9,484
1787549583.116,2026-08-24 05:33:03.117,InnoDB,LOCK_SYS_PAGE,849,9,491
1787549583.116,2026-08-24 05:33:03.117,InnoDB,LOCK_SYS_PAGE,871,9,521
1787549583.116,2026-08-24 05:33:03.117,InnoDB,LOCK_SYS_PAGE,874,9,518
1787549583.116,2026-08-24 05:33:03.117,InnoDB,LOCK_SYS_PAGE,835,8,506
1787549583.116,2026-08-24 05:33:03.117,InnoDB,LOCK_SYS_PAGE,872,8,563
1787549583.116,2026-08-24 05:33:03.117,InnoDB,LOCK_SYS_PAGE,826,8,509
1787549583.116,2026-08-24 05:33:03.117,InnoDB,LOCK_SYS_PAGE,850,8,502
1787549583.116,2026-08-24 05:33:03.117,InnoDB,LOCK_SYS_PAGE,851,8,480
1787549583.116,2026-08-24 05:33:03.117,InnoDB,LOCK_SYS_PAGE,881,8,500
1787549583.116,2026-08-24 05:33:03.117,InnoDB,LOCK_SYS_PAGE,958,8,491
1787549583.116,2026-08-24 05:33:03.117,InnoDB,LOCK_SYS_PAGE,876,8,554
1787549583.116,2026-08-24 05:33:03.117,InnoDB,LOCK_SYS_PAGE,931,8,515
1787549583.116,2026-08-24 05:33:03.117,InnoDB,LOCK_SYS_PAGE,925,8,552
1787549583.116,2026-08-24 05:33:03.117,InnoDB,LOCK_SYS_PAGE,876,8,498
1787549583.116,2026-08-24 05:33:03.117,InnoDB,RECALC_POOL,292,8,19
1787549583.116,2026-08-24 05:33:03.117,InnoDB,LOCK_SYS_PAGE,903,8,571
1787549583.116,2026-08-24 05:33:03.117,InnoDB,LOCK_SYS_PAGE,846,8,528
1787549583.116,2026-08-24 05:33:03.117,InnoDB,LOCK_SYS_PAGE,941,8,546
1787549583.116,2026-08-24 05:33:03.117,InnoDB,LOCK_SYS_PAGE,890,8,500
1787549583.116,2026-08-24 05:33:03.117,InnoDB,LOCK_SYS_PAGE,813,8,513
1787549583.116,2026-08-24 05:33:03.117,InnoDB,LOCK_SYS_PAGE,901,8,503
1787549583.116,2026-08-24 05:33:03.117,InnoDB,LOCK_SYS_PAGE,797,8,504
1787549583.116,2026-08-24 05:33:03.117,InnoDB,LOCK_SYS_PAGE,785,8,490
1787549583.116,2026-08-24 05:33:03.117,InnoDB,LOCK_SYS_PAGE,876,8,511
1787549583.116,2026-08-24 05:33:03.117,InnoDB,LOCK_SYS_PAGE,907,8,512
1787549583.116,2026-08-24 05:33:03.117,InnoDB,LOCK_SYS_PAGE,970,8,526
1787549583.116,2026-08-24 05:33:03.117,InnoDB,LOCK_SYS_PAGE,897,8,504
1787549583.116,2026-08-24 05:33:03.117,InnoDB,LOCK_SYS_PAGE,832,8,477
1787549583.116,2026-08-24 05:33:03.117,InnoDB,LOCK_SYS_PAGE,805,7,525
1787549583.116,2026-08-24 05:33:03.117,InnoDB,LOCK_SYS_PAGE,875,7,535
1787549583.116,2026-08-24 05:33:03.117,InnoDB,LOCK_SYS_PAGE,886,7,556
1787549583.116,2026-08-24 05:33:03.117,InnoDB,LOCK_SYS_PAGE,843,7,516
1787549583.116,2026-08-24 05:33:03.117,InnoDB,LOCK_SYS_PAGE,862,7,546
1787549583.116,2026-08-24 05:33:03.117,InnoDB,LOCK_SYS_PAGE,816,7,511
1787549583.116,2026-08-24 05:33:03.117,InnoDB,LOCK_SYS_PAGE,835,7,473
1787549583.116,2026-08-24 05:33:03.117,InnoDB,LOCK_SYS_PAGE,846,7,505
1787549583.116,2026-08-24 05:33:03.117,InnoDB,LOCK_SYS_PAGE,815,7,484
1787549583.116,2026-08-24 05:33:03.117,InnoDB,LOCK_SYS_PAGE,958,7,551
1787549583.116,2026-08-24 05:33:03.117,InnoDB,LOCK_SYS_PAGE,825,7,558
1787549583.116,2026-08-24 05:33:03.117,InnoDB,LOCK_SYS_PAGE,721,7,462
1787549583.116,2026-08-24 05:33:03.117,InnoDB,LOCK_SYS_PAGE,828,7,536
1787549583.116,2026-08-24 05:33:03.117,InnoDB,LOCK_SYS_PAGE,860,7,522
1787549583.116,2026-08-24 05:33:03.117,InnoDB,PARSER,238,7,5
1787549583.116,2026-08-24 05:33:03.117,InnoDB,LOCK_SYS_PAGE,730,7,470
1787549583.116,2026-08-24 05:33:03.117,InnoDB,LOCK_SYS_PAGE,893,7,512
1787549583.116,2026-08-24 05:33:03.117,InnoDB,LOCK_SYS_PAGE,834,7,479
1787549583.116,2026-08-24 05:33:03.117,InnoDB,LOCK_SYS_PAGE,860,7,521
1787549583.116,2026-08-24 05:33:03.117,InnoDB,LOCK_SYS_PAGE,804,7,479
1787549583.116,2026-08-24 05:33:03.117,InnoDB,LOCK_SYS_PAGE,819,7,517
1787549583.116,2026-08-24 05:33:03.117,InnoDB,LOCK_SYS_PAGE,822,7,515
1787549583.116,2026-08-24 05:33:03.117,InnoDB,LOCK_SYS_PAGE,905,7,478
1787549583.116,2026-08-24 05:33:03.117,InnoDB,LOCK_SYS_PAGE,922,7,554
1787549583.116,2026-08-24 05:33:03.117,InnoDB,LOCK_SYS_PAGE,770,7,532
1787549583.116,2026-08-24 05:33:03.117,InnoDB,LOCK_SYS_PAGE,808,7,492
1787549583.116,2026-08-24 05:33:03.117,InnoDB,LOCK_SYS_PAGE,782,6,546
1787549583.116,2026-08-24 05:33:03.117,InnoDB,LOCK_SYS_PAGE,757,6,543
1787549583.116,2026-08-24 05:33:03.117,InnoDB,LOCK_SYS_PAGE,906,6,499
1787549583.116,2026-08-24 05:33:03.117,InnoDB,LOCK_SYS_PAGE,879,6,550
1787549583.116,2026-08-24 05:33:03.117,InnoDB,LOCK_SYS_PAGE,782,6,490
1787549583.116,2026-08-24 05:33:03.117,InnoDB,LOCK_SYS_PAGE,806,6,512
1787549583.116,2026-08-24 05:33:03.117,InnoDB,LOCK_SYS_PAGE,833,6,522
1787549583.116,2026-08-24 05:33:03.117,InnoDB,LOCK_SYS_PAGE,840,6,501
1787549583.116,2026-08-24 05:33:03.117,InnoDB,LOCK_SYS_PAGE,703,6,455
1787549583.116,2026-08-24 05:33:03.117,InnoDB,LOCK_SYS_PAGE,973,6,548
1787549583.116,2026-08-24 05:33:03.117,InnoDB,LOCK_SYS_PAGE,783,6,489
1787549583.116,2026-08-24 05:33:03.117,InnoDB,LOCK_SYS_PAGE,808,6,517
1787549583.116,2026-08-24 05:33:03.117,InnoDB,LOCK_SYS_PAGE,730,6,504
1787549583.116,2026-08-24 05:33:03.117,InnoDB,LOCK_SYS_PAGE,800,6,500
1787549583.116,2026-08-24 05:33:03.117,InnoDB,LOCK_SYS_PAGE,809,6,484
1787549583.116,2026-08-24 05:33:03.117,InnoDB,LOCK_SYS_PAGE,672,6,468
1787549583.116,2026-08-24 05:33:03.117,InnoDB,LOCK_SYS_PAGE,729,5,456
1787549583.116,2026-08-24 05:33:03.117,InnoDB,LOCK_SYS_PAGE,747,5,489
1787549583.116,2026-08-24 05:33:03.117,InnoDB,DICT_TABLE_STATS_COMPUTE,174,5,4
1787549583.116,2026-08-24 05:33:03.117,InnoDB,LOCK_SYS_PAGE,814,5,562
1787549583.116,2026-08-24 05:33:03.117,InnoDB,LOCK_SYS_PAGE,656,5,461
1787549583.116,2026-08-24 05:33:03.117,InnoDB,LOCK_SYS_PAGE,785,5,529
1787549583.116,2026-08-24 05:33:03.117,InnoDB,LOCK_SYS_PAGE,733,4,483
1787549583.116,2026-08-24 05:33:03.117,InnoDB,LOCK_SYS_PAGE,694,4,489
1787549583.116,2026-08-24 05:33:03.117,InnoDB,LOCK_SYS_PAGE,661,4,457
1787549583.116,2026-08-24 05:33:03.117,InnoDB,LOCK_SYS_PAGE,728,4,494
1787549583.116,2026-08-24 05:33:03.117,InnoDB,LOCK_SYS_PAGE,726,4,497
1787549583.116,2026-08-24 05:33:03.117,InnoDB,DICT_TABLE_STATS_COMPUTE,90,3,2
1787549583.116,2026-08-24 05:33:03.117,InnoDB,LOCK_SYS_PAGE,769,3,518
1787549583.116,2026-08-24 05:33:03.117,InnoDB,FIL_SHARD,99,2,44
1787549583.116,2026-08-24 05:33:03.117,InnoDB,FIL_SHARD,144,2,91
1787549583.116,2026-08-24 05:33:03.117,InnoDB,LOCK_SYS_PAGE,620,2,465
1787549583.116,2026-08-24 05:33:03.117,InnoDB,FIL_SHARD,96,2,25
1787549583.116,2026-08-24 05:33:03.117,InnoDB,FIL_SHARD,78,2,28
1787549583.116,2026-08-24 05:33:03.117,InnoDB,FIL_SHARD,63,1,35
1787549583.116,2026-08-24 05:33:03.117,InnoDB,TRX_SYS_SHARD,34,1,1
1787549583.116,2026-08-24 05:33:03.117,InnoDB,TRX_SYS_SHARD,32,1,3
1787549583.116,2026-08-24 05:33:03.117,InnoDB,FIL_SHARD,73,1,43
1787549583.116,2026-08-24 05:33:03.117,InnoDB,FIL_SHARD,38,1,11
1787549583.116,2026-08-24 05:33:03.117,InnoDB,TRX_SYS_SHARD,35,1,2
1787549583.116,2026-08-24 05:33:03.117,InnoDB,TRX_SYS_SHARD,31,1,2
1787549583.116,2026-08-24 05:33:03.117,InnoDB,LOG_LIMITS,238,1,140
1787549583.116,2026-08-24 05:33:03.117,InnoDB,FIL_SHARD,80,1,72
1787549583.116,2026-08-24 05:33:03.117,InnoDB,TRX_SYS_SHARD,30,1,1
1787549583.116,2026-08-24 05:33:03.117,InnoDB,FIL_SHARD,47,1,24
1787549583.116,2026-08-24 05:33:03.117,InnoDB,TRX_SYS_SHARD,4,0,3
1787549583.116,2026-08-24 05:33:03.117,InnoDB,TRX_SYS_SHARD,1,0,1
1787549583.116,2026-08-24 05:33:03.117,InnoDB,TRX_SYS_SHARD,1,0,1
1787549583.116,2026-08-24 05:33:03.117,InnoDB,TRX_SYS_SHARD,1,0,1
1787549583.116,2026-08-24 05:33:03.117,InnoDB,TRX_SYS_SHARD,2,0,1
1787549583.116,2026-08-24 05:33:03.117,InnoDB,TRX_SYS_SHARD,1,0,1
1787549583.116,2026-08-24 05:33:03.117,InnoDB,TRX_SYS_SHARD,1,0,1
1787549583.116,2026-08-24 05:33:03.117,InnoDB,TRX_SYS_SHARD,1,0,1
1787549583.116,2026-08-24 05:33:03.117,InnoDB,TRX_SYS_SHARD,1,0,1
1787549583.116,2026-08-24 05:33:03.117,InnoDB,TRX_SYS_SHARD,1,0,1
1787549583.116,2026-08-24 05:33:03.117,InnoDB,TRX_SYS_SHARD,1,0,1
1787549583.116,2026-08-24 05:33:03.117,InnoDB,TRX_SYS_SHARD,1,0,1
1787549583.116,2026-08-24 05:33:03.117,InnoDB,TRX_SYS_SHARD,1,0,1
1787549583.116,2026-08-24 05:33:03.117,InnoDB,TRX_SYS_SHARD,1,0,1
1787549583.116,2026-08-24 05:33:03.117,InnoDB,TRX_SYS_SHARD,1,0,1
1787549583.116,2026-08-24 05:33:03.117,InnoDB,TRX_SYS_SHARD,1,0,1
1787549583.116,2026-08-24 05:33:03.117,InnoDB,TRX_SYS_SHARD,1,0,1
1787549583.116,2026-08-24 05:33:03.117,InnoDB,TRX_SYS_SHARD,2,0,1
1787549583.116,2026-08-24 05:33:03.117,InnoDB,TRX_SYS_SHARD,2,0,1
1787549583.116,2026-08-24 05:33:03.117,InnoDB,TRX_SYS_SHARD,1,0,1
1787549583.116,2026-08-24 05:33:03.117,InnoDB,TRX_SYS_SHARD,1,0,1
1787549583.116,2026-08-24 05:33:03.117,InnoDB,TRX_SYS_SHARD,2,0,2
1787549583.116,2026-08-24 05:33:03.117,InnoDB,TRX_SYS_SHARD,1,0,1
1787549583.116,2026-08-24 05:33:03.117,InnoDB,TRX_SYS_SHARD,1,0,1
1787549583.116,2026-08-24 05:33:03.117,InnoDB,TRX_SYS_SHARD,2,0,2
1787549583.116,2026-08-24 05:33:03.117,InnoDB,TRX_SYS_SHARD,2,0,1
1787549583.116,2026-08-24 05:33:03.117,InnoDB,TRX_SYS_SHARD,1,0,1
1787549583.116,2026-08-24 05:33:03.117,InnoDB,TRX_SYS_SHARD,1,0,1
1787549583.116,2026-08-24 05:33:03.117,InnoDB,TRX_SYS_SHARD,2,0,1
1787549583.116,2026-08-24 05:33:03.117,InnoDB,TRX_SYS_SHARD,2,0,1
1787549583.116,2026-08-24 05:33:03.117,InnoDB,TRX_SYS_SHARD,1,0,1
1787549583.116,2026-08-24 05:33:03.117,InnoDB,TRX_SYS_SHARD,1,0,1
1787549583.116,2026-08-24 05:33:03.117,InnoDB,TRX_SYS_SHARD,1,0,1
1787549583.116,2026-08-24 05:33:03.117,InnoDB,TRX_SYS_SHARD,1,0,1
1787549583.116,2026-08-24 05:33:03.117,InnoDB,TRX_SYS_SHARD,4,0,2
1787549583.116,2026-08-24 05:33:03.117,InnoDB,TRX_SYS_SHARD,1,0,1
1787549583.116,2026-08-24 05:33:03.117,InnoDB,TRX_SYS_SHARD,1,0,1
1787549583.116,2026-08-24 05:33:03.117,InnoDB,TRX_SYS_SHARD,2,0,1
1787549583.116,2026-08-24 05:33:03.117,InnoDB,TRX_SYS_SHARD,1,0,1
1787549583.116,2026-08-24 05:33:03.117,InnoDB,FIL_SHARD,135,0,167
1787549583.116,2026-08-24 05:33:03.117,InnoDB,TRX_SYS_SHARD,2,0,2
1787549583.116,2026-08-24 05:33:03.117,InnoDB,TRX_SYS_SHARD,2,0,1
1787549583.116,2026-08-24 05:33:03.117,InnoDB,TRX_SYS_SHARD,2,0,1
1787549583.116,2026-08-24 05:33:03.117,InnoDB,TRX_SYS_SHARD,1,0,1
1787549583.116,2026-08-24 05:33:03.117,InnoDB,FIL_SHARD,25,0,8
1787549583.116,2026-08-24 05:33:03.117,InnoDB,TRX_SYS_SHARD,2,0,1
1787549583.116,2026-08-24 05:33:03.117,InnoDB,TRX_SYS_SHARD,1,0,1
1787549583.116,2026-08-24 05:33:03.117,InnoDB,CLONE_SYS,1,0,1
1787549583.116,2026-08-24 05:33:03.117,InnoDB,TRX_SYS_SHARD,1,0,1
1787549583.116,2026-08-24 05:33:03.117,InnoDB,TRX_SYS_SHARD,1,0,1
1787549583.116,2026-08-24 05:33:03.117,InnoDB,TRX_SYS_SHARD,2,0,2
1787549583.116,2026-08-24 05:33:03.117,InnoDB,TRX_SYS_SHARD,1,0,1
1787549583.116,2026-08-24 05:33:03.117,InnoDB,TRX_SYS_SHARD,2,0,2
1787549583.116,2026-08-24 05:33:03.117,InnoDB,TRX_SYS_SHARD,1,0,1
1787549583.116,2026-08-24 05:33:03.117,InnoDB,TRX_SYS_SHARD,2,0,1
1787549583.116,2026-08-24 05:33:03.117,InnoDB,TRX_SYS_SHARD,1,0,1
1787549583.116,2026-08-24 05:33:03.117,InnoDB,FIL_SHARD,3,0,12
1787549583.116,2026-08-24 05:33:03.117,InnoDB,FIL_SHARD,5,0,15
1787549583.116,2026-08-24 05:33:03.117,InnoDB,FIL_SHARD,9,0,21
1787549583.116,2026-08-24 05:33:03.117,InnoDB,FIL_SHARD,8,0,22
1787549583.116,2026-08-24 05:33:03.117,InnoDB,FIL_SHARD,52,0,36
1787549583.116,2026-08-24 05:33:03.117,InnoDB,FIL_SHARD,7,0,13
1787549583.116,2026-08-24 05:33:03.117,InnoDB,FIL_SHARD,7,0,14
1787549583.116,2026-08-24 05:33:03.117,InnoDB,FIL_SHARD,17,0,30
1787549583.116,2026-08-24 05:33:03.117,InnoDB,FIL_SHARD,8,0,15
1787549583.116,2026-08-24 05:33:03.117,InnoDB,FIL_SHARD,6,0,11
1787549583.116,2026-08-24 05:33:03.117,InnoDB,FIL_SHARD,39,0,49
1787549583.116,2026-08-24 05:33:03.117,InnoDB,FIL_SHARD,4,0,7
1787549583.116,2026-08-24 05:33:03.117,InnoDB,FIL_SHARD,21,0,29
1787549583.116,2026-08-24 05:33:03.117,InnoDB,FIL_SHARD,22,0,30
1787549583.116,2026-08-24 05:33:03.117,InnoDB,FIL_SHARD,33,0,56
1787549583.116,2026-08-24 05:33:03.117,InnoDB,FIL_SHARD,40,0,53
1787549583.116,2026-08-24 05:33:03.117,InnoDB,FIL_SHARD,31,0,50
1787549583.116,2026-08-24 05:33:03.117,InnoDB,FIL_SHARD,30,0,47
1787549583.116,2026-08-24 05:33:03.117,InnoDB,FIL_SHARD,17,0,29
1787549583.116,2026-08-24 05:33:03.117,InnoDB,FIL_SHARD,42,0,32
1787549583.116,2026-08-24 05:33:03.117,InnoDB,FIL_SHARD,5,0,9
1787549583.116,2026-08-24 05:33:03.117,InnoDB,FIL_SHARD,15,0,18
1787549583.116,2026-08-24 05:33:03.117,InnoDB,FIL_SHARD,8,0,23
1787549583.116,2026-08-24 05:33:03.117,InnoDB,FIL_SHARD,9,0,23
1787549583.116,2026-08-24 05:33:03.117,InnoDB,FIL_SHARD,8,0,12
1787549583.116,2026-08-24 05:33:03.117,InnoDB,FIL_SHARD,4,0,17
1787549583.116,2026-08-24 05:33:03.117,InnoDB,FIL_SHARD,31,0,24
1787549583.116,2026-08-24 05:33:03.117,InnoDB,FIL_SHARD,8,0,18
1787549583.116,2026-08-24 05:33:03.117,InnoDB,FIL_SHARD,9,0,18
1787549583.116,2026-08-24 05:33:03.117,InnoDB,FIL_SHARD,10,0,14
1787549583.116,2026-08-24 05:33:03.117,InnoDB,FIL_SHARD,19,0,27
1787549583.116,2026-08-24 05:33:03.117,InnoDB,FIL_SHARD,6,0,13
1787549583.116,2026-08-24 05:33:03.117,InnoDB,AUTOINC,1,0,1
1787549583.116,2026-08-24 05:33:03.117,InnoDB,TRX_SYS_SHARD,1,0,1
1787549583.116,2026-08-24 05:33:03.117,InnoDB,TRX_SYS_SHARD,2,0,2
1787549583.116,2026-08-24 05:33:03.117,InnoDB,TRX_SYS_SHARD,1,0,1
1787549583.116,2026-08-24 05:33:03.117,InnoDB,TRX_SYS_SHARD,1,0,1
1787549583.116,2026-08-24 05:33:03.117,InnoDB,TRX_SYS_SHARD,1,0,1
1787549583.116,2026-08-24 05:33:03.117,InnoDB,TRX_SYS_SHARD,5,0,3
1787549583.116,2026-08-24 05:33:03.117,InnoDB,TRX_SYS_SHARD,8,0,1
1787549583.116,2026-08-24 05:33:03.117,InnoDB,TRX_SYS_SHARD,1,0,1
1787549583.116,2026-08-24 05:33:03.117,InnoDB,TRX_SYS_SHARD,2,0,2
1787549583.116,2026-08-24 05:33:03.117,InnoDB,TRX_SYS_SHARD,6,0,1
1787549583.116,2026-08-24 05:33:03.117,InnoDB,TRX_SYS_SHARD,1,0,1
1787549583.116,2026-08-24 05:33:03.117,InnoDB,TRX_SYS_SHARD,1,0,1
1787549583.116,2026-08-24 05:33:03.117,InnoDB,TRX_SYS_SHARD,2,0,1
1787549583.116,2026-08-24 05:33:03.117,InnoDB,TRX_SYS_SHARD,1,0,1
1787549583.116,2026-08-24 05:33:03.117,InnoDB,TRX_SYS_SHARD,2,0,2
1787549583.116,2026-08-24 05:33:03.117,InnoDB,TRX_SYS_SHARD,3,0,2
1787549583.116,2026-08-24 05:33:03.117,InnoDB,TRX_SYS_SHARD,1,0,1
1787549583.116,2026-08-24 05:33:03.117,InnoDB,TRX_SYS_SHARD,1,0,1
1787549583.116,2026-08-24 05:33:03.117,InnoDB,TRX_SYS_SHARD,1,0,1
1787549583.116,2026-08-24 05:33:03.117,InnoDB,TRX_SYS_SHARD,2,0,2
1787549583.116,2026-08-24 05:33:03.117,InnoDB,TRX_SYS_SHARD,1,0,1
1787549583.116,2026-08-24 05:33:03.117,InnoDB,TRX_SYS_SHARD,1,0,1
1787549583.116,2026-08-24 05:33:03.117,InnoDB,TRX_SYS_SHARD,1,0,1
1787549583.116,2026-08-24 05:33:03.117,InnoDB,TRX_SYS_SHARD,2,0,2
1787549583.116,2026-08-24 05:33:03.117,InnoDB,TRX_SYS_SHARD,2,0,1
1787549583.116,2026-08-24 05:33:03.117,InnoDB,FIL_SHARD,72,0,107
1787549583.116,2026-08-24 05:33:03.117,InnoDB,TRX,1,0,1
1787549583.116,2026-08-24 05:33:03.117,InnoDB,TRX,1,0,1
1787549583.116,2026-08-24 05:33:03.117,InnoDB,TRX,1,0,1
1787549583.116,2026-08-24 05:33:03.117,InnoDB,TRX_POOL_MANAGER,5,0,5
1787549583.116,2026-08-24 05:33:03.117,InnoDB,FIL_SHARD,54,0,77
1787549583.116,2026-08-24 05:33:03.117,InnoDB,FIL_SHARD,56,0,62
1787549583.116,2026-08-24 05:33:03.117,InnoDB,rwlock: dict0dict.cc:2631,,10518,
1787549583.116,2026-08-24 05:33:03.117,InnoDB,rwlock: dict0dict.cc:2631,,10702,
1787549583.116,2026-08-24 05:33:03.117,InnoDB,rwlock: dict0dict.cc:2631,,11054,
1787549583.116,2026-08-24 05:33:03.117,InnoDB,rwlock: dict0dict.cc:2631,,10841,
1787549583.116,2026-08-24 05:33:03.117,InnoDB,rwlock: dict0dict.cc:2631,,11121,
1787549583.116,2026-08-24 05:33:03.117,InnoDB,rwlock: dict0dict.cc:2631,,10721,
1787549583.116,2026-08-24 05:33:03.117,InnoDB,rwlock: dict0dict.cc:2631,,10765,
1787549583.116,2026-08-24 05:33:03.117,InnoDB,rwlock: dict0dict.cc:2631,,10901,
1787549583.116,2026-08-24 05:33:03.117,InnoDB,rwlock: dict0dict.cc:2631,,10918,
1787549583.116,2026-08-24 05:33:03.117,InnoDB,rwlock: dict0dict.cc:2631,,11119,
1787549583.116,2026-08-24 05:33:03.117,InnoDB,rwlock: dict0dict.cc:2631,,10455,
1787549583.116,2026-08-24 05:33:03.117,InnoDB,rwlock: dict0dict.cc:2631,,10423,
1787549583.116,2026-08-24 05:33:03.117,InnoDB,rwlock: dict0dict.cc:2631,,10630,
1787549583.116,2026-08-24 05:33:03.117,InnoDB,rwlock: dict0dict.cc:2631,,10782,
1787549583.116,2026-08-24 05:33:03.117,InnoDB,rwlock: dict0dict.cc:2631,,10735,
1787549583.116,2026-08-24 05:33:03.117,InnoDB,rwlock: dict0dict.cc:2631,,10232,
1787549583.116,2026-08-24 05:33:03.117,InnoDB,rwlock: dict0dict.cc:2631,,10777,
1787549583.116,2026-08-24 05:33:03.117,InnoDB,rwlock: dict0dict.cc:2631,,10152,
1787549583.116,2026-08-24 05:33:03.117,InnoDB,rwlock: dict0dict.cc:2631,,10099,
1787549583.116,2026-08-24 05:33:03.117,InnoDB,rwlock: dict0dict.cc:2631,,11144,
1787549583.116,2026-08-24 05:33:03.117,InnoDB,rwlock: dict0dict.cc:2631,,1,
1787549583.116,2026-08-24 05:33:03.117,InnoDB,rwlock: dict0dict.cc:2631,,1,
1787549583.116,2026-08-24 05:33:03.117,InnoDB,rwlock: dict0dict.cc:2631,,1,
1787549583.116,2026-08-24 05:33:03.117,InnoDB,rwlock: dict0dict.cc:2631,,1,
1787549583.116,2026-08-24 05:33:03.117,InnoDB,rwlock: dict0dict.cc:2631,,1,
1787549583.116,2026-08-24 05:33:03.117,InnoDB,rwlock: fil0fil.cc:10242,,1,
1787549583.116,2026-08-24 05:33:03.117,InnoDB,rwlock: fil0fil.cc:10242,,1,
1787549583.116,2026-08-24 05:33:03.117,InnoDB,rwlock: dict0dict.cc:2631,,2,
1787549583.116,2026-08-24 05:33:03.117,InnoDB,rwlock: dict0dict.cc:2631,,1,
1787549583.116,2026-08-24 05:33:03.117,InnoDB,rwlock: dict0dict.cc:2631,,2,
1787549583.116,2026-08-24 05:33:03.117,InnoDB,rwlock: fil0fil.cc:10242,,1,
1787549583.116,2026-08-24 05:33:03.117,InnoDB,rwlock: dict0dict.cc:2631,,1,
1787549583.116,2026-08-24 05:33:03.117,InnoDB,rwlock: dict0dict.cc:2631,,1,
1787549583.116,2026-08-24 05:33:03.117,InnoDB,rwlock: dict0dict.cc:2631,,3,
1787549583.116,2026-08-24 05:33:03.117,InnoDB,rwlock: trx0purge.cc:232,,29,
1787549583.116,2026-08-24 05:33:03.117,InnoDB,rwlock: fil0fil.cc:10242,,5105,
1787549583.116,2026-08-24 05:33:03.117,InnoDB,rwlock: fil0fil.cc:10242,,4618,
1787549583.116,2026-08-24 05:33:03.117,InnoDB,rwlock: dict0dict.cc:1180,,25,
1787549583.116,2026-08-24 05:33:03.117,InnoDB,rwlock: hash0hash.cc:117,,705,
1787549583.116,2026-08-24 05:33:03.117,InnoDB,rwlock: hash0hash.cc:117,,1444,
1787549583.116,2026-08-24 05:33:03.117,InnoDB,rwlock: hash0hash.cc:117,,2532,
1787549583.116,2026-08-24 05:33:03.117,InnoDB,rwlock: hash0hash.cc:117,,580,
1787549583.116,2026-08-24 05:33:03.117,InnoDB,rwlock: hash0hash.cc:117,,714,
1787549583.116,2026-08-24 05:33:03.117,InnoDB,rwlock: hash0hash.cc:117,,835,
1787549583.116,2026-08-24 05:33:03.117,InnoDB,rwlock: hash0hash.cc:117,,1066,
1787549583.116,2026-08-24 05:33:03.117,InnoDB,rwlock: hash0hash.cc:117,,486,
1787549583.116,2026-08-24 05:33:03.117,InnoDB,rwlock: hash0hash.cc:117,,993,
1787549583.116,2026-08-24 05:33:03.117,InnoDB,rwlock: hash0hash.cc:117,,1998,
1787549583.116,2026-08-24 05:33:03.117,InnoDB,rwlock: hash0hash.cc:117,,742,
1787549583.116,2026-08-24 05:33:03.117,InnoDB,rwlock: hash0hash.cc:117,,2334,
1787549583.116,2026-08-24 05:33:03.117,InnoDB,rwlock: hash0hash.cc:117,,678,
1787549583.116,2026-08-24 05:33:03.117,InnoDB,rwlock: hash0hash.cc:117,,1123,
1787549583.116,2026-08-24 05:33:03.117,InnoDB,rwlock: hash0hash.cc:117,,1051,
1787549583.116,2026-08-24 05:33:03.117,InnoDB,rwlock: hash0hash.cc:117,,1228,
1787549583.116,2026-08-24 05:33:03.117,InnoDB,rwlock: hash0hash.cc:117,,833,
1787549583.116,2026-08-24 05:33:03.117,InnoDB,rwlock: hash0hash.cc:117,,505,
1787549583.116,2026-08-24 05:33:03.117,InnoDB,rwlock: hash0hash.cc:117,,630,
1787549583.116,2026-08-24 05:33:03.117,InnoDB,rwlock: hash0hash.cc:117,,1073,
1787549583.116,2026-08-24 05:33:03.117,InnoDB,rwlock: hash0hash.cc:117,,510,
1787549583.116,2026-08-24 05:33:03.117,InnoDB,rwlock: hash0hash.cc:117,,662,
1787549583.116,2026-08-24 05:33:03.117,InnoDB,rwlock: hash0hash.cc:117,,839,
1787549583.116,2026-08-24 05:33:03.117,InnoDB,rwlock: hash0hash.cc:117,,482,
1787549583.116,2026-08-24 05:33:03.117,InnoDB,rwlock: hash0hash.cc:117,,537,
1787549583.116,2026-08-24 05:33:03.117,InnoDB,rwlock: hash0hash.cc:117,,991,
1787549583.116,2026-08-24 05:33:03.117,InnoDB,rwlock: hash0hash.cc:117,,589,
1787549583.116,2026-08-24 05:33:03.117,InnoDB,rwlock: hash0hash.cc:117,,962,
1787549583.116,2026-08-24 05:33:03.117,InnoDB,rwlock: hash0hash.cc:117,,872,
1787549583.116,2026-08-24 05:33:03.117,InnoDB,rwlock: hash0hash.cc:117,,534,
1787549583.116,2026-08-24 05:33:03.117,InnoDB,rwlock: hash0hash.cc:117,,1148,
1787549583.116,2026-08-24 05:33:03.117,InnoDB,rwlock: hash0hash.cc:117,,556,
1787549583.116,2026-08-24 05:33:03.117,InnoDB,rwlock: hash0hash.cc:117,,568,
1787549583.116,2026-08-24 05:33:03.117,InnoDB,rwlock: hash0hash.cc:117,,500,
1787549583.116,2026-08-24 05:33:03.117,InnoDB,rwlock: hash0hash.cc:117,,2172,
1787549583.116,2026-08-24 05:33:03.117,InnoDB,rwlock: hash0hash.cc:117,,731,
1787549583.116,2026-08-24 05:33:03.117,InnoDB,rwlock: hash0hash.cc:117,,687,
1787549583.116,2026-08-24 05:33:03.117,InnoDB,rwlock: hash0hash.cc:117,,1298,
1787549583.116,2026-08-24 05:33:03.117,InnoDB,rwlock: hash0hash.cc:117,,2097,
1787549583.116,2026-08-24 05:33:03.117,InnoDB,rwlock: hash0hash.cc:117,,1138,
1787549583.116,2026-08-24 05:33:03.117,InnoDB,rwlock: hash0hash.cc:117,,650,
1787549583.116,2026-08-24 05:33:03.117,InnoDB,rwlock: hash0hash.cc:117,,1039,
1787549583.116,2026-08-24 05:33:03.117,InnoDB,rwlock: hash0hash.cc:117,,716,
1787549583.116,2026-08-24 05:33:03.117,InnoDB,rwlock: hash0hash.cc:117,,747,
1787549583.116,2026-08-24 05:33:03.117,InnoDB,rwlock: hash0hash.cc:117,,1339,
1787549583.116,2026-08-24 05:33:03.117,InnoDB,rwlock: hash0hash.cc:117,,1805,
1787549583.116,2026-08-24 05:33:03.117,InnoDB,rwlock: hash0hash.cc:117,,1329,
1787549583.116,2026-08-24 05:33:03.117,InnoDB,rwlock: hash0hash.cc:117,,597,
1787549583.116,2026-08-24 05:33:03.117,InnoDB,rwlock: hash0hash.cc:117,,798,
1787549583.116,2026-08-24 05:33:03.117,InnoDB,rwlock: hash0hash.cc:117,,830,
1787549583.116,2026-08-24 05:33:03.117,InnoDB,rwlock: hash0hash.cc:117,,699,
1787549583.116,2026-08-24 05:33:03.117,InnoDB,rwlock: hash0hash.cc:117,,830,
1787549583.116,2026-08-24 05:33:03.117,InnoDB,rwlock: hash0hash.cc:117,,752,
1787549583.116,2026-08-24 05:33:03.117,InnoDB,rwlock: hash0hash.cc:117,,744,
1787549583.116,2026-08-24 05:33:03.117,InnoDB,rwlock: hash0hash.cc:117,,647,
1787549583.116,2026-08-24 05:33:03.117,InnoDB,rwlock: hash0hash.cc:117,,692,
1787549583.116,2026-08-24 05:33:03.117,InnoDB,rwlock: hash0hash.cc:117,,391,
1787549583.116,2026-08-24 05:33:03.117,InnoDB,rwlock: hash0hash.cc:117,,688,
1787549583.116,2026-08-24 05:33:03.117,InnoDB,rwlock: hash0hash.cc:117,,1029,
1787549583.116,2026-08-24 05:33:03.117,InnoDB,rwlock: hash0hash.cc:117,,758,
1787549583.116,2026-08-24 05:33:03.117,InnoDB,rwlock: hash0hash.cc:117,,673,
1787549583.116,2026-08-24 05:33:03.117,InnoDB,rwlock: hash0hash.cc:117,,686,
1787549583.116,2026-08-24 05:33:03.117,InnoDB,rwlock: hash0hash.cc:117,,776,
1787549583.116,2026-08-24 05:33:03.117,InnoDB,rwlock: hash0hash.cc:117,,840,
1787549583.116,2026-08-24 05:33:03.117,InnoDB,rwlock: hash0hash.cc:117,,2581,
1787549583.116,2026-08-24 05:33:03.117,InnoDB,rwlock: hash0hash.cc:117,,2970,
1787549583.116,2026-08-24 05:33:03.117,InnoDB,rwlock: hash0hash.cc:117,,2634,
1787549583.116,2026-08-24 05:33:03.117,InnoDB,rwlock: hash0hash.cc:117,,858,
1787549583.116,2026-08-24 05:33:03.117,InnoDB,rwlock: hash0hash.cc:117,,1379,
1787549583.116,2026-08-24 05:33:03.117,InnoDB,rwlock: hash0hash.cc:117,,1091,
1787549583.116,2026-08-24 05:33:03.117,InnoDB,rwlock: hash0hash.cc:117,,1198,
1787549583.116,2026-08-24 05:33:03.117,InnoDB,rwlock: hash0hash.cc:117,,1010,
1787549583.116,2026-08-24 05:33:03.117,InnoDB,rwlock: hash0hash.cc:117,,3393,
1787549583.116,2026-08-24 05:33:03.117,InnoDB,rwlock: hash0hash.cc:117,,3090,
1787549583.116,2026-08-24 05:33:03.117,InnoDB,rwlock: hash0hash.cc:117,,1291,
1787549583.116,2026-08-24 05:33:03.117,InnoDB,rwlock: hash0hash.cc:117,,2621,
1787549583.116,2026-08-24 05:33:03.117,InnoDB,rwlock: hash0hash.cc:117,,1431,
1787549583.116,2026-08-24 05:33:03.117,InnoDB,rwlock: hash0hash.cc:117,,1036,
1787549583.116,2026-08-24 05:33:03.117,InnoDB,rwlock: hash0hash.cc:117,,1161,
1787549583.116,2026-08-24 05:33:03.117,InnoDB,rwlock: hash0hash.cc:117,,2877,
1787549583.116,2026-08-24 05:33:03.117,InnoDB,rwlock: hash0hash.cc:117,,2316,
1787549583.116,2026-08-24 05:33:03.117,InnoDB,rwlock: hash0hash.cc:117,,1172,
1787549583.116,2026-08-24 05:33:03.117,InnoDB,rwlock: hash0hash.cc:117,,2431,
1787549583.116,2026-08-24 05:33:03.117,InnoDB,rwlock: hash0hash.cc:117,,1232,
1787549583.116,2026-08-24 05:33:03.117,InnoDB,rwlock: hash0hash.cc:117,,1070,
1787549583.116,2026-08-24 05:33:03.117,InnoDB,rwlock: hash0hash.cc:117,,1568,
1787549583.116,2026-08-24 05:33:03.117,InnoDB,rwlock: hash0hash.cc:117,,2395,
1787549583.116,2026-08-24 05:33:03.117,InnoDB,rwlock: hash0hash.cc:117,,2001,
1787549583.116,2026-08-24 05:33:03.117,InnoDB,rwlock: hash0hash.cc:117,,852,
1787549583.116,2026-08-24 05:33:03.117,InnoDB,rwlock: hash0hash.cc:117,,1136,
1787549583.116,2026-08-24 05:33:03.117,InnoDB,rwlock: hash0hash.cc:117,,1202,
1787549583.116,2026-08-24 05:33:03.117,InnoDB,rwlock: hash0hash.cc:117,,3220,
1787549583.116,2026-08-24 05:33:03.117,InnoDB,rwlock: hash0hash.cc:117,,2576,
1787549583.116,2026-08-24 05:33:03.117,InnoDB,rwlock: hash0hash.cc:117,,1939,
1787549583.116,2026-08-24 05:33:03.117,InnoDB,rwlock: hash0hash.cc:117,,948,
1787549583.116,2026-08-24 05:33:03.117,InnoDB,rwlock: hash0hash.cc:117,,1003,
1787549583.116,2026-08-24 05:33:03.117,InnoDB,sum rwlock: buf0buf.cc:852,,445169,
1787549590.125,2026-08-24 05:33:10.127,InnoDB,SRV_SYS,11646356,299488,1158352
1787549590.125,2026-08-24 05:33:10.127,InnoDB,TRX_SYS,22106049,276516,10038821
1787549590.125,2026-08-24 05:33:10.127,InnoDB,LOG_WRITER,3795476,126422,1785
1787549590.125,2026-08-24 05:33:10.127,InnoDB,BUF_POOL_LRU_LIST,6458785,98103,2547043
1787549590.125,2026-08-24 05:33:10.127,InnoDB,BUF_POOL_LRU_LIST,6067607,97833,2293044
1787549590.125,2026-08-24 05:33:10.127,InnoDB,BUF_POOL_LRU_LIST,6186329,91165,2498982
1787549590.125,2026-08-24 05:33:10.127,InnoDB,BUF_POOL_LRU_LIST,6165644,88000,2593572
1787549590.125,2026-08-24 05:33:10.127,InnoDB,BUF_POOL_LRU_LIST,5809602,85503,2445406
1787549590.125,2026-08-24 05:33:10.127,InnoDB,BUF_POOL_LRU_LIST,5955008,84784,2554994
1787549590.125,2026-08-24 05:33:10.127,InnoDB,DICT_SYS,31749196,34533,21738200
1787549590.125,2026-08-24 05:33:10.127,InnoDB,FLUSH_LIST,1078954,29961,151378
1787549590.125,2026-08-24 05:33:10.127,InnoDB,FLUSH_LIST,918374,24794,142537
1787549590.125,2026-08-24 05:33:10.127,InnoDB,BUF_POOL_FLUSH_STATE,1472409,21105,481726
1787549590.125,2026-08-24 05:33:10.127,InnoDB,FLUSH_LIST,781132,20372,133748
1787549590.125,2026-08-24 05:33:10.127,InnoDB,BUF_POOL_FLUSH_STATE,1421076,20135,460839
1787549590.125,2026-08-24 05:33:10.127,InnoDB,FLUSH_LIST,769769,19966,133347
1787549590.125,2026-08-24 05:33:10.127,InnoDB,BUF_POOL_FLUSH_STATE,1379699,19955,445760
1787549590.125,2026-08-24 05:33:10.127,InnoDB,BUF_POOL_FLUSH_STATE,1419965,19906,458514
1787549590.125,2026-08-24 05:33:10.127,InnoDB,BUF_POOL_FLUSH_STATE,1411683,19882,452360
1787549590.125,2026-08-24 05:33:10.127,InnoDB,BUF_POOL_FLUSH_STATE,1399010,19534,455116
1787549590.125,2026-08-24 05:33:10.127,InnoDB,FLUSH_LIST,697523,17462,134888
1787549590.125,2026-08-24 05:33:10.127,InnoDB,FLUSH_LIST,668216,16478,136831
1787549590.125,2026-08-24 05:33:10.127,InnoDB,PURGE_SYS_PQ,1948434,13925,1253594
1787549590.125,2026-08-24 05:33:10.127,InnoDB,TRX_SYS_SERIALISATION,1328077,11998,798370
1787549590.125,2026-08-24 05:33:10.127,InnoDB,FIL_SHARD,156823,2818,40572
1787549590.125,2026-08-24 05:33:10.127,InnoDB,FIL_SHARD,168135,2778,44795
1787549590.125,2026-08-24 05:33:10.127,InnoDB,FIL_SHARD,148719,2689,39588
1787549590.125,2026-08-24 05:33:10.127,InnoDB,FIL_SHARD,148976,2638,40246
1787549590.125,2026-08-24 05:33:10.127,InnoDB,FIL_SHARD,138242,2518,37861
1787549590.125,2026-08-24 05:33:10.127,InnoDB,FIL_SHARD,142100,2490,40667
1787549590.125,2026-08-24 05:33:10.127,InnoDB,FIL_SHARD,136667,2428,37716
1787549590.125,2026-08-24 05:33:10.127,InnoDB,TRX,723329,2421,1083145
1787549590.125,2026-08-24 05:33:10.127,InnoDB,FIL_SHARD,135704,2416,38512
1787549590.125,2026-08-24 05:33:10.127,InnoDB,FIL_SHARD,135834,2406,38742
1787549590.125,2026-08-24 05:33:10.127,InnoDB,FIL_SHARD,133157,2380,38338
1787549590.125,2026-08-24 05:33:10.127,InnoDB,FIL_SHARD,132084,2341,37420
1787549590.125,2026-08-24 05:33:10.127,InnoDB,FIL_SHARD,129244,2298,37865
1787549590.125,2026-08-24 05:33:10.127,InnoDB,FIL_SHARD,128668,2269,36814
1787549590.125,2026-08-24 05:33:10.127,InnoDB,FIL_SHARD,125726,2258,35871
1787549590.125,2026-08-24 05:33:10.127,InnoDB,FIL_SHARD,129557,2250,37128
1787549590.125,2026-08-24 05:33:10.127,InnoDB,FIL_SHARD,123871,2160,35817
1787549590.125,2026-08-24 05:33:10.127,InnoDB,FIL_SHARD,124683,2159,37876
1787549590.125,2026-08-24 05:33:10.127,InnoDB,FIL_SHARD,124403,2155,37064
1787549590.125,2026-08-24 05:33:10.127,InnoDB,FIL_SHARD,114346,1989,34335
1787549590.125,2026-08-24 05:33:10.127,InnoDB,FIL_SHARD,109692,1970,32215
1787549590.125,2026-08-24 05:33:10.127,InnoDB,LOCK_SYS_TABLE,87935,1241,39980
1787549590.125,2026-08-24 05:33:10.127,InnoDB,LOG_FILES,42072,1198,1470
1787549590.125,2026-08-24 05:33:10.127,InnoDB,LOCK_SYS_TABLE,85915,1198,40110
1787549590.125,2026-08-24 05:33:10.127,InnoDB,LOCK_SYS_TABLE,84527,1166,39131
1787549590.125,2026-08-24 05:33:10.127,InnoDB,LOCK_SYS_TABLE,85175,1164,39180
1787549590.125,2026-08-24 05:33:10.127,InnoDB,LOCK_SYS_TABLE,83887,1154,40324
1787549590.125,2026-08-24 05:33:10.127,InnoDB,LOCK_SYS_TABLE,86939,1146,41253
1787549590.125,2026-08-24 05:33:10.127,InnoDB,LOCK_SYS_TABLE,84256,1145,40390
1787549590.125,2026-08-24 05:33:10.127,InnoDB,LOCK_SYS_TABLE,83592,1125,41648
1787549590.125,2026-08-24 05:33:10.127,InnoDB,LOCK_SYS_TABLE,81991,1123,40162
1787549590.125,2026-08-24 05:33:10.127,InnoDB,LOCK_SYS_TABLE,85468,1120,40744
1787549590.125,2026-08-24 05:33:10.127,InnoDB,LOCK_SYS_TABLE,81962,1110,41005
1787549590.125,2026-08-24 05:33:10.127,InnoDB,LOCK_SYS_TABLE,85590,1104,42567
1787549590.125,2026-08-24 05:33:10.127,InnoDB,LOCK_SYS_TABLE,84686,1102,42525
1787549590.125,2026-08-24 05:33:10.127,InnoDB,BUF_BLOCK_MUTEX,36684,1100,2088
1787549590.125,2026-08-24 05:33:10.127,InnoDB,LOCK_SYS_TABLE,84423,1087,41244
1787549590.125,2026-08-24 05:33:10.127,InnoDB,LOCK_SYS_TABLE,80287,1054,40026
1787549590.125,2026-08-24 05:33:10.127,InnoDB,LOCK_SYS_TABLE,83530,1054,42799
1787549590.125,2026-08-24 05:33:10.127,InnoDB,LOCK_SYS_TABLE,82261,1052,39833
1787549590.125,2026-08-24 05:33:10.127,InnoDB,LOG_FLUSHER,41623,1033,1774
1787549590.125,2026-08-24 05:33:10.127,InnoDB,LOCK_SYS_TABLE,82872,1030,42032
1787549590.125,2026-08-24 05:33:10.127,InnoDB,LOCK_SYS_TABLE,76206,925,38763
1787549590.125,2026-08-24 05:33:10.127,InnoDB,LOCK_SYS_TABLE,75261,897,38213
1787549590.125,2026-08-24 05:33:10.127,InnoDB,SRV_SYS_TASKS,480887,851,456284
1787549590.125,2026-08-24 05:33:10.127,InnoDB,PAGE_CLEANER,326635,501,212059
1787549590.125,2026-08-24 05:33:10.127,InnoDB,FIL_SHARD,29741,342,26775
1787549590.125,2026-08-24 05:33:10.127,InnoDB,FIL_SHARD,27691,265,26739
1787549590.125,2026-08-24 05:33:10.127,InnoDB,DICT_PERSIST_DIRTY_TABLES,608988,233,248069
1787549590.125,2026-08-24 05:33:10.127,InnoDB,IBUF_BITMAP,17401,162,9949
1787549590.125,2026-08-24 05:33:10.127,InnoDB,BUF_POOL_FREE_LIST,47025,90,42369
1787549590.125,2026-08-24 05:33:10.127,InnoDB,BUF_POOL_FREE_LIST,34385,72,32830
1787549590.125,2026-08-24 05:33:10.127,InnoDB,BUF_POOL_FREE_LIST,48354,67,43744
1787549590.125,2026-08-24 05:33:10.127,InnoDB,BUF_POOL_FREE_LIST,39352,56,36973
1787549590.125,2026-08-24 05:33:10.127,InnoDB,BUF_POOL_FREE_LIST,35885,56,35594
1787549590.125,2026-08-24 05:33:10.127,InnoDB,BUF_POOL_FREE_LIST,34016,53,32971
1787549590.125,2026-08-24 05:33:10.127,InnoDB,UNDO_SPACE_RSEG,4203,43,1421
1787549590.125,2026-08-24 05:33:10.127,InnoDB,UNDO_SPACE_RSEG,4301,40,1473
1787549590.125,2026-08-24 05:33:10.127,InnoDB,UNDO_SPACE_RSEG,4079,40,1397
1787549590.125,2026-08-24 05:33:10.127,InnoDB,UNDO_SPACE_RSEG,3974,39,1418
1787549590.125,2026-08-24 05:33:10.127,InnoDB,UNDO_SPACE_RSEG,4145,39,1450
1787549590.125,2026-08-24 05:33:10.127,InnoDB,UNDO_SPACE_RSEG,4020,39,1362
1787549590.125,2026-08-24 05:33:10.127,InnoDB,UNDO_SPACE_RSEG,4047,38,1418
1787549590.125,2026-08-24 05:33:10.127,InnoDB,UNDO_SPACE_RSEG,3935,38,1417
1787549590.125,2026-08-24 05:33:10.127,InnoDB,UNDO_SPACE_RSEG,4240,38,1482
1787549590.125,2026-08-24 05:33:10.127,InnoDB,UNDO_SPACE_RSEG,4029,38,1411
1787549590.125,2026-08-24 05:33:10.127,InnoDB,UNDO_SPACE_RSEG,4281,38,1484
1787549590.125,2026-08-24 05:33:10.127,InnoDB,UNDO_SPACE_RSEG,4007,37,1418
1787549590.125,2026-08-24 05:33:10.127,InnoDB,UNDO_SPACE_RSEG,3984,37,1421
1787549590.125,2026-08-24 05:33:10.127,InnoDB,UNDO_SPACE_RSEG,3922,37,1395
1787549590.125,2026-08-24 05:33:10.127,InnoDB,UNDO_SPACE_RSEG,3898,37,1405
1787549590.125,2026-08-24 05:33:10.127,InnoDB,UNDO_SPACE_RSEG,4062,37,1471
1787549590.125,2026-08-24 05:33:10.127,InnoDB,UNDO_SPACE_RSEG,4199,37,1498
1787549590.125,2026-08-24 05:33:10.127,InnoDB,UNDO_SPACE_RSEG,4227,37,1454
1787549590.125,2026-08-24 05:33:10.127,InnoDB,UNDO_SPACE_RSEG,3939,36,1392
1787549590.125,2026-08-24 05:33:10.127,InnoDB,UNDO_SPACE_RSEG,4057,36,1475
1787549590.125,2026-08-24 05:33:10.127,InnoDB,UNDO_SPACE_RSEG,3777,36,1395
1787549590.125,2026-08-24 05:33:10.127,InnoDB,UNDO_SPACE_RSEG,4010,36,1450
1787549590.125,2026-08-24 05:33:10.127,InnoDB,UNDO_SPACE_RSEG,3953,36,1442
1787549590.125,2026-08-24 05:33:10.127,InnoDB,UNDO_SPACE_RSEG,3993,36,1393
1787549590.125,2026-08-24 05:33:10.127,InnoDB,UNDO_SPACE_RSEG,4009,36,1375
1787549590.125,2026-08-24 05:33:10.127,InnoDB,UNDO_SPACE_RSEG,3871,35,1405
1787549590.125,2026-08-24 05:33:10.127,InnoDB,UNDO_SPACE_RSEG,4160,35,1511
1787549590.125,2026-08-24 05:33:10.127,InnoDB,UNDO_SPACE_RSEG,3978,35,1384
1787549590.125,2026-08-24 05:33:10.127,InnoDB,UNDO_SPACE_RSEG,4009,35,1439
1787549590.125,2026-08-24 05:33:10.127,InnoDB,UNDO_SPACE_RSEG,4064,35,1459
1787549590.125,2026-08-24 05:33:10.127,InnoDB,UNDO_SPACE_RSEG,3817,34,1394
1787549590.125,2026-08-24 05:33:10.127,InnoDB,UNDO_SPACE_RSEG,3963,34,1405
1787549590.125,2026-08-24 05:33:10.127,InnoDB,UNDO_SPACE_RSEG,4056,34,1441
1787549590.125,2026-08-24 05:33:10.127,InnoDB,UNDO_SPACE_RSEG,4012,34,1487
1787549590.125,2026-08-24 05:33:10.127,InnoDB,UNDO_SPACE_RSEG,3894,34,1412
1787549590.125,2026-08-24 05:33:10.127,InnoDB,UNDO_SPACE_RSEG,3697,33,1353
1787549590.125,2026-08-24 05:33:10.127,InnoDB,UNDO_SPACE_RSEG,3843,33,1459
1787549590.125,2026-08-24 05:33:10.127,InnoDB,UNDO_SPACE_RSEG,4065,33,1454
1787549590.125,2026-08-24 05:33:10.127,InnoDB,UNDO_SPACE_RSEG,3795,33,1404
1787549590.125,2026-08-24 05:33:10.127,InnoDB,UNDO_SPACE_RSEG,3918,33,1488
1787549590.125,2026-08-24 05:33:10.127,InnoDB,UNDO_SPACE_RSEG,4020,33,1477
1787549590.125,2026-08-24 05:33:10.127,InnoDB,UNDO_SPACE_RSEG,3885,33,1423
1787549590.125,2026-08-24 05:33:10.127,InnoDB,UNDO_SPACE_RSEG,3769,33,1340
1787549590.125,2026-08-24 05:33:10.127,InnoDB,UNDO_SPACE_RSEG,3810,33,1391
1787549590.125,2026-08-24 05:33:10.127,InnoDB,UNDO_SPACE_RSEG,3876,33,1436
1787549590.125,2026-08-24 05:33:10.127,InnoDB,UNDO_SPACE_RSEG,4174,33,1506
1787549590.125,2026-08-24 05:33:10.127,InnoDB,LOCK_SYS_PAGE,1831,33,541
1787549590.125,2026-08-24 05:33:10.127,InnoDB,UNDO_SPACE_RSEG,3962,33,1438
1787549590.125,2026-08-24 05:33:10.127,InnoDB,UNDO_SPACE_RSEG,4170,33,1493
1787549590.125,2026-08-24 05:33:10.127,InnoDB,UNDO_SPACE_RSEG,3755,33,1335
1787549590.125,2026-08-24 05:33:10.127,InnoDB,UNDO_SPACE_RSEG,3908,32,1472
1787549590.125,2026-08-24 05:33:10.127,InnoDB,UNDO_SPACE_RSEG,4139,32,1528
1787549590.125,2026-08-24 05:33:10.127,InnoDB,UNDO_SPACE_RSEG,3864,32,1391
1787549590.125,2026-08-24 05:33:10.127,InnoDB,UNDO_SPACE_RSEG,3983,32,1471
1787549590.125,2026-08-24 05:33:10.127,InnoDB,UNDO_SPACE_RSEG,3770,32,1359
1787549590.125,2026-08-24 05:33:10.127,InnoDB,UNDO_SPACE_RSEG,4202,32,1499
1787549590.125,2026-08-24 05:33:10.127,InnoDB,UNDO_SPACE_RSEG,4007,32,1486
1787549590.125,2026-08-24 05:33:10.127,InnoDB,UNDO_SPACE_RSEG,3694,32,1397
1787549590.125,2026-08-24 05:33:10.127,InnoDB,UNDO_SPACE_RSEG,3881,32,1422
1787549590.125,2026-08-24 05:33:10.127,InnoDB,UNDO_SPACE_RSEG,3743,32,1360
1787549590.125,2026-08-24 05:33:10.127,InnoDB,UNDO_SPACE_RSEG,3806,31,1389
1787549590.125,2026-08-24 05:33:10.127,InnoDB,UNDO_SPACE_RSEG,3956,31,1437
1787549590.125,2026-08-24 05:33:10.127,InnoDB,UNDO_SPACE_RSEG,3773,31,1357
1787549590.125,2026-08-24 05:33:10.127,InnoDB,UNDO_SPACE_RSEG,3640,31,1370
1787549590.125,2026-08-24 05:33:10.127,InnoDB,UNDO_SPACE_RSEG,3805,31,1373
1787549590.125,2026-08-24 05:33:10.127,InnoDB,UNDO_SPACE_RSEG,3965,31,1480
1787549590.125,2026-08-24 05:33:10.127,InnoDB,UNDO_SPACE_RSEG,4094,31,1514
1787549590.125,2026-08-24 05:33:10.127,InnoDB,UNDO_SPACE_RSEG,3846,31,1371
1787549590.125,2026-08-24 05:33:10.127,InnoDB,UNDO_SPACE_RSEG,3611,31,1365
1787549590.125,2026-08-24 05:33:10.127,InnoDB,UNDO_SPACE_RSEG,3990,31,1453
1787549590.125,2026-08-24 05:33:10.127,InnoDB,UNDO_SPACE_RSEG,3862,31,1486
1787549590.125,2026-08-24 05:33:10.127,InnoDB,UNDO_SPACE_RSEG,3641,31,1406
1787549590.125,2026-08-24 05:33:10.127,InnoDB,UNDO_SPACE_RSEG,3797,31,1412
1787549590.125,2026-08-24 05:33:10.127,InnoDB,UNDO_SPACE_RSEG,3668,31,1420
1787549590.125,2026-08-24 05:33:10.127,InnoDB,UNDO_SPACE_RSEG,3809,31,1398
1787549590.125,2026-08-24 05:33:10.127,InnoDB,UNDO_SPACE_RSEG,3766,30,1433
1787549590.125,2026-08-24 05:33:10.127,InnoDB,UNDO_SPACE_RSEG,3814,30,1373
1787549590.125,2026-08-24 05:33:10.127,InnoDB,LOCK_SYS_PAGE,1651,30,543
1787549590.125,2026-08-24 05:33:10.127,InnoDB,UNDO_SPACE_RSEG,3649,30,1362
1787549590.125,2026-08-24 05:33:10.127,InnoDB,UNDO_SPACE_RSEG,3761,30,1431
1787549590.125,2026-08-24 05:33:10.127,InnoDB,UNDO_SPACE_RSEG,3713,30,1392
1787549590.125,2026-08-24 05:33:10.127,InnoDB,UNDO_SPACE_RSEG,3870,30,1416
1787549590.125,2026-08-24 05:33:10.127,InnoDB,UNDO_SPACE_RSEG,3838,30,1422
1787549590.125,2026-08-24 05:33:10.127,InnoDB,UNDO_SPACE_RSEG,3872,30,1436
1787549590.125,2026-08-24 05:33:10.127,InnoDB,UNDO_SPACE_RSEG,3790,30,1437
1787549590.125,2026-08-24 05:33:10.127,InnoDB,UNDO_SPACE_RSEG,3965,30,1451
1787549590.125,2026-08-24 05:33:10.127,InnoDB,UNDO_SPACE_RSEG,3608,30,1359
1787549590.125,2026-08-24 05:33:10.127,InnoDB,UNDO_SPACE_RSEG,3882,30,1480
1787549590.125,2026-08-24 05:33:10.127,InnoDB,UNDO_SPACE_RSEG,3784,30,1384
1787549590.125,2026-08-24 05:33:10.127,InnoDB,UNDO_SPACE_RSEG,3855,30,1402
1787549590.125,2026-08-24 05:33:10.127,InnoDB,UNDO_SPACE_RSEG,3843,30,1470
1787549590.125,2026-08-24 05:33:10.127,InnoDB,UNDO_SPACE_RSEG,3864,29,1459
1787549590.125,2026-08-24 05:33:10.127,InnoDB,UNDO_SPACE_RSEG,3824,29,1382
1787549590.125,2026-08-24 05:33:10.127,InnoDB,UNDO_SPACE_RSEG,3872,29,1420
1787549590.125,2026-08-24 05:33:10.127,InnoDB,UNDO_SPACE_RSEG,3921,29,1483
1787549590.125,2026-08-24 05:33:10.127,InnoDB,UNDO_SPACE_RSEG,3650,29,1396
1787549590.125,2026-08-24 05:33:10.127,InnoDB,UNDO_SPACE_RSEG,3643,29,1435
1787549590.125,2026-08-24 05:33:10.127,InnoDB,UNDO_SPACE_RSEG,4105,29,1481
1787549590.125,2026-08-24 05:33:10.127,InnoDB,UNDO_SPACE_RSEG,3813,29,1454
1787549590.125,2026-08-24 05:33:10.127,InnoDB,UNDO_SPACE_RSEG,3811,29,1440
1787549590.125,2026-08-24 05:33:10.127,InnoDB,UNDO_SPACE_RSEG,3773,29,1414
1787549590.125,2026-08-24 05:33:10.127,InnoDB,UNDO_SPACE_RSEG,3669,29,1408
1787549590.125,2026-08-24 05:33:10.127,InnoDB,UNDO_SPACE_RSEG,3620,29,1406
1787549590.125,2026-08-24 05:33:10.127,InnoDB,UNDO_SPACE_RSEG,3709,29,1436
1787549590.125,2026-08-24 05:33:10.127,InnoDB,UNDO_SPACE_RSEG,3638,29,1407
1787549590.125,2026-08-24 05:33:10.127,InnoDB,UNDO_SPACE_RSEG,3642,29,1373
1787549590.125,2026-08-24 05:33:10.127,InnoDB,UNDO_SPACE_RSEG,3699,29,1369
1787549590.125,2026-08-24 05:33:10.127,InnoDB,UNDO_SPACE_RSEG,3822,29,1401
1787549590.125,2026-08-24 05:33:10.127,InnoDB,UNDO_SPACE_RSEG,3882,29,1465
1787549590.125,2026-08-24 05:33:10.127,InnoDB,UNDO_SPACE_RSEG,3988,29,1479
1787549590.125,2026-08-24 05:33:10.127,InnoDB,UNDO_SPACE_RSEG,3794,29,1422
1787549590.125,2026-08-24 05:33:10.127,InnoDB,UNDO_SPACE_RSEG,3788,28,1458
1787549590.125,2026-08-24 05:33:10.127,InnoDB,UNDO_SPACE_RSEG,3839,28,1436
1787549590.125,2026-08-24 05:33:10.127,InnoDB,UNDO_SPACE_RSEG,3762,28,1469
1787549590.125,2026-08-24 05:33:10.127,InnoDB,UNDO_SPACE_RSEG,3833,28,1460
1787549590.125,2026-08-24 05:33:10.127,InnoDB,UNDO_SPACE_RSEG,3670,28,1383
1787549590.125,2026-08-24 05:33:10.127,InnoDB,UNDO_SPACE_RSEG,3691,28,1453
1787549590.125,2026-08-24 05:33:10.127,InnoDB,UNDO_SPACE_RSEG,3572,28,1338
1787549590.125,2026-08-24 05:33:10.127,InnoDB,UNDO_SPACE_RSEG,3768,28,1457
1787549590.125,2026-08-24 05:33:10.127,InnoDB,UNDO_SPACE_RSEG,3857,28,1451
1787549590.125,2026-08-24 05:33:10.127,InnoDB,UNDO_SPACE_RSEG,3511,28,1389
1787549590.125,2026-08-24 05:33:10.127,InnoDB,UNDO_SPACE_RSEG,3653,28,1431
1787549590.125,2026-08-24 05:33:10.127,InnoDB,UNDO_SPACE_RSEG,3706,28,1414
1787549590.125,2026-08-24 05:33:10.127,InnoDB,UNDO_SPACE_RSEG,3655,28,1400
1787549590.125,2026-08-24 05:33:10.127,InnoDB,UNDO_SPACE_RSEG,3765,28,1465
1787549590.125,2026-08-24 05:33:10.127,InnoDB,UNDO_SPACE_RSEG,3779,28,1402
1787549590.125,2026-08-24 05:33:10.127,InnoDB,UNDO_SPACE_RSEG,3871,28,1480
1787549590.125,2026-08-24 05:33:10.127,InnoDB,UNDO_SPACE_RSEG,3760,28,1496
1787549590.125,2026-08-24 05:33:10.127,InnoDB,UNDO_SPACE_RSEG,3779,28,1443
1787549590.125,2026-08-24 05:33:10.127,InnoDB,UNDO_SPACE_RSEG,3781,28,1427
1787549590.125,2026-08-24 05:33:10.127,InnoDB,UNDO_SPACE_RSEG,3743,28,1374
1787549590.125,2026-08-24 05:33:10.127,InnoDB,UNDO_SPACE_RSEG,3781,28,1398
1787549590.125,2026-08-24 05:33:10.127,InnoDB,UNDO_SPACE_RSEG,3911,28,1455
1787549590.125,2026-08-24 05:33:10.127,InnoDB,UNDO_SPACE_RSEG,3785,28,1437
1787549590.125,2026-08-24 05:33:10.127,InnoDB,UNDO_SPACE_RSEG,3917,28,1475
1787549590.125,2026-08-24 05:33:10.127,InnoDB,UNDO_SPACE_RSEG,3698,27,1438
1787549590.125,2026-08-24 05:33:10.127,InnoDB,UNDO_SPACE_RSEG,3813,27,1448
1787549590.125,2026-08-24 05:33:10.127,InnoDB,UNDO_SPACE_RSEG,3629,27,1401
1787549590.125,2026-08-24 05:33:10.127,InnoDB,UNDO_SPACE_RSEG,3475,27,1362
1787549590.125,2026-08-24 05:33:10.127,InnoDB,UNDO_SPACE_RSEG,3637,27,1361
1787549590.125,2026-08-24 05:33:10.127,InnoDB,LOCK_SYS_PAGE,1583,27,552
1787549590.125,2026-08-24 05:33:10.127,InnoDB,UNDO_SPACE_RSEG,3792,27,1456
1787549590.125,2026-08-24 05:33:10.127,InnoDB,UNDO_SPACE_RSEG,3763,27,1440
1787549590.125,2026-08-24 05:33:10.127,InnoDB,UNDO_SPACE_RSEG,3899,27,1474
1787549590.125,2026-08-24 05:33:10.127,InnoDB,UNDO_SPACE_RSEG,3720,27,1438
1787549590.125,2026-08-24 05:33:10.127,InnoDB,UNDO_SPACE_RSEG,3768,27,1461
1787549590.125,2026-08-24 05:33:10.127,InnoDB,UNDO_SPACE_RSEG,3719,26,1464
1787549590.125,2026-08-24 05:33:10.127,InnoDB,UNDO_SPACE_RSEG,3723,26,1437
1787549590.125,2026-08-24 05:33:10.127,InnoDB,UNDO_SPACE_RSEG,3828,26,1534
1787549590.125,2026-08-24 05:33:10.127,InnoDB,UNDO_SPACE_RSEG,3612,26,1373
1787549590.125,2026-08-24 05:33:10.127,InnoDB,UNDO_SPACE_RSEG,3623,26,1387
1787549590.125,2026-08-24 05:33:10.127,InnoDB,UNDO_SPACE_RSEG,3685,26,1388
1787549590.125,2026-08-24 05:33:10.127,InnoDB,UNDO_SPACE_RSEG,3804,26,1435
1787549590.125,2026-08-24 05:33:10.127,InnoDB,UNDO_SPACE_RSEG,3632,26,1365
1787549590.125,2026-08-24 05:33:10.127,InnoDB,UNDO_SPACE_RSEG,3290,26,1330
1787549590.125,2026-08-24 05:33:10.127,InnoDB,UNDO_SPACE_RSEG,3637,26,1418
1787549590.125,2026-08-24 05:33:10.127,InnoDB,UNDO_SPACE_RSEG,3778,26,1487
1787549590.125,2026-08-24 05:33:10.127,InnoDB,UNDO_SPACE_RSEG,3664,26,1451
1787549590.125,2026-08-24 05:33:10.127,InnoDB,UNDO_SPACE_RSEG,3826,26,1466
1787549590.125,2026-08-24 05:33:10.127,InnoDB,UNDO_SPACE_RSEG,3685,26,1445
1787549590.125,2026-08-24 05:33:10.127,InnoDB,UNDO_SPACE_RSEG,3649,26,1417
1787549590.125,2026-08-24 05:33:10.127,InnoDB,UNDO_SPACE_RSEG,3601,26,1379
1787549590.125,2026-08-24 05:33:10.127,InnoDB,LOCK_SYS_PAGE,1453,26,564
1787549590.125,2026-08-24 05:33:10.127,InnoDB,UNDO_SPACE_RSEG,3684,26,1451
1787549590.125,2026-08-24 05:33:10.127,InnoDB,LOCK_SYS_PAGE,1414,26,507
1787549590.125,2026-08-24 05:33:10.127,InnoDB,UNDO_SPACE_RSEG,3721,26,1444
1787549590.125,2026-08-24 05:33:10.127,InnoDB,LOCK_SYS_PAGE,1429,26,520
1787549590.125,2026-08-24 05:33:10.127,InnoDB,UNDO_SPACE_RSEG,3657,26,1395
1787549590.125,2026-08-24 05:33:10.127,InnoDB,UNDO_SPACE_RSEG,3724,26,1434
1787549590.125,2026-08-24 05:33:10.127,InnoDB,LOCK_SYS_PAGE,1434,26,477
1787549590.125,2026-08-24 05:33:10.127,InnoDB,UNDO_SPACE_RSEG,3719,26,1396
1787549590.125,2026-08-24 05:33:10.127,InnoDB,UNDO_SPACE_RSEG,3778,26,1497
1787549590.125,2026-08-24 05:33:10.127,InnoDB,UNDO_SPACE_RSEG,3651,26,1441
1787549590.125,2026-08-24 05:33:10.127,InnoDB,UNDO_SPACE_RSEG,3815,25,1430
1787549590.125,2026-08-24 05:33:10.127,InnoDB,UNDO_SPACE_RSEG,3554,25,1406
1787549590.125,2026-08-24 05:33:10.127,InnoDB,UNDO_SPACE_RSEG,3678,25,1397
1787549590.125,2026-08-24 05:33:10.127,InnoDB,UNDO_SPACE_RSEG,3755,25,1466
1787549590.125,2026-08-24 05:33:10.127,InnoDB,UNDO_SPACE_RSEG,3739,25,1407
1787549590.125,2026-08-24 05:33:10.127,InnoDB,UNDO_SPACE_RSEG,3800,25,1480
1787549590.125,2026-08-24 05:33:10.127,InnoDB,UNDO_SPACE_RSEG,3765,25,1470
1787549590.125,2026-08-24 05:33:10.127,InnoDB,UNDO_SPACE_RSEG,3702,25,1417
1787549590.125,2026-08-24 05:33:10.127,InnoDB,UNDO_SPACE_RSEG,3790,25,1456
1787549590.125,2026-08-24 05:33:10.127,InnoDB,UNDO_SPACE_RSEG,3758,25,1438
1787549590.125,2026-08-24 05:33:10.127,InnoDB,UNDO_SPACE_RSEG,3673,25,1383
1787549590.125,2026-08-24 05:33:10.127,InnoDB,UNDO_SPACE_RSEG,3492,25,1356
1787549590.125,2026-08-24 05:33:10.127,InnoDB,UNDO_SPACE_RSEG,3730,25,1433
1787549590.125,2026-08-24 05:33:10.127,InnoDB,UNDO_SPACE_RSEG,3741,25,1435
1787549590.125,2026-08-24 05:33:10.127,InnoDB,UNDO_SPACE_RSEG,4021,25,1518
1787549590.125,2026-08-24 05:33:10.127,InnoDB,UNDO_SPACE_RSEG,3857,25,1473
1787549590.125,2026-08-24 05:33:10.127,InnoDB,UNDO_SPACE_RSEG,3734,25,1482
1787549590.125,2026-08-24 05:33:10.127,InnoDB,UNDO_SPACE_RSEG,3741,25,1417
1787549590.125,2026-08-24 05:33:10.127,InnoDB,UNDO_SPACE_RSEG,3587,25,1436
1787549590.125,2026-08-24 05:33:10.127,InnoDB,UNDO_SPACE_RSEG,3791,24,1429
1787549590.125,2026-08-24 05:33:10.127,InnoDB,UNDO_SPACE_RSEG,3502,24,1378
1787549590.125,2026-08-24 05:33:10.127,InnoDB,LOCK_SYS_PAGE,1321,24,496
1787549590.125,2026-08-24 05:33:10.127,InnoDB,UNDO_SPACE_RSEG,3757,24,1384
1787549590.125,2026-08-24 05:33:10.127,InnoDB,UNDO_SPACE_RSEG,3695,24,1518
1787549590.125,2026-08-24 05:33:10.127,InnoDB,UNDO_SPACE_RSEG,3577,24,1354
1787549590.125,2026-08-24 05:33:10.127,InnoDB,UNDO_SPACE_RSEG,3701,24,1431
1787549590.125,2026-08-24 05:33:10.127,InnoDB,UNDO_SPACE_RSEG,3811,24,1493
1787549590.125,2026-08-24 05:33:10.127,InnoDB,UNDO_SPACE_RSEG,3668,24,1425
1787549590.125,2026-08-24 05:33:10.127,InnoDB,UNDO_SPACE_RSEG,3707,24,1447
1787549590.125,2026-08-24 05:33:10.127,InnoDB,UNDO_SPACE_RSEG,3726,24,1394
1787549590.125,2026-08-24 05:33:10.127,InnoDB,UNDO_SPACE_RSEG,3476,24,1365
1787549590.125,2026-08-24 05:33:10.127,InnoDB,UNDO_SPACE_RSEG,3550,24,1411
1787549590.125,2026-08-24 05:33:10.127,InnoDB,UNDO_SPACE_RSEG,3488,24,1379
1787549590.125,2026-08-24 05:33:10.127,InnoDB,UNDO_SPACE_RSEG,3499,24,1425
1787549590.125,2026-08-24 05:33:10.127,InnoDB,UNDO_SPACE_RSEG,3585,24,1396
1787549590.125,2026-08-24 05:33:10.127,InnoDB,UNDO_SPACE_RSEG,3680,24,1453
1787549590.125,2026-08-24 05:33:10.127,InnoDB,UNDO_SPACE_RSEG,3785,24,1451
1787549590.125,2026-08-24 05:33:10.127,InnoDB,UNDO_SPACE_RSEG,3527,24,1370
1787549590.125,2026-08-24 05:33:10.127,InnoDB,UNDO_SPACE_RSEG,3549,24,1368
1787549590.125,2026-08-24 05:33:10.127,InnoDB,UNDO_SPACE_RSEG,3736,23,1495
1787549590.125,2026-08-24 05:33:10.127,InnoDB,LOCK_SYS_PAGE,1327,23,567
1787549590.125,2026-08-24 05:33:10.127,InnoDB,LOCK_SYS_WAIT,728,23,25
1787549590.125,2026-08-24 05:33:10.127,InnoDB,LOCK_SYS_PAGE,1420,23,597
1787549590.125,2026-08-24 05:33:10.127,InnoDB,UNDO_SPACE_RSEG,3953,23,1483
1787549590.125,2026-08-24 05:33:10.127,InnoDB,UNDO_SPACE_RSEG,3439,23,1377
1787549590.125,2026-08-24 05:33:10.127,InnoDB,UNDO_SPACE_RSEG,3662,23,1446
1787549590.125,2026-08-24 05:33:10.127,InnoDB,UNDO_SPACE_RSEG,3568,23,1443
1787549590.125,2026-08-24 05:33:10.127,InnoDB,UNDO_SPACE_RSEG,3580,23,1480
1787549590.125,2026-08-24 05:33:10.127,InnoDB,LOCK_SYS_PAGE,1410,23,557
1787549590.125,2026-08-24 05:33:10.127,InnoDB,UNDO_SPACE_RSEG,3750,23,1431
1787549590.125,2026-08-24 05:33:10.127,InnoDB,UNDO_SPACE_RSEG,3682,23,1392
1787549590.125,2026-08-24 05:33:10.127,InnoDB,LOCK_SYS_PAGE,1445,23,561
1787549590.125,2026-08-24 05:33:10.127,InnoDB,UNDO_SPACE_RSEG,3739,22,1468
1787549590.125,2026-08-24 05:33:10.127,InnoDB,UNDO_SPACE_RSEG,3516,22,1425
1787549590.125,2026-08-24 05:33:10.127,InnoDB,LOCK_SYS_PAGE,1285,22,537
1787549590.125,2026-08-24 05:33:10.127,InnoDB,UNDO_SPACE_RSEG,3518,22,1429
1787549590.125,2026-08-24 05:33:10.127,InnoDB,UNDO_SPACE_RSEG,3516,22,1414
1787549590.125,2026-08-24 05:33:10.127,InnoDB,UNDO_SPACE_RSEG,3586,22,1489
1787549590.125,2026-08-24 05:33:10.127,InnoDB,LOCK_SYS_PAGE,1320,22,510
1787549590.125,2026-08-24 05:33:10.127,InnoDB,LOCK_SYS_PAGE,1331,22,530
1787549590.125,2026-08-24 05:33:10.127,InnoDB,LOCK_SYS_PAGE,1273,22,507
1787549590.125,2026-08-24 05:33:10.127,InnoDB,LOCK_SYS_PAGE,1442,22,543
1787549590.125,2026-08-24 05:33:10.127,InnoDB,UNDO_SPACE_RSEG,3631,22,1448
1787549590.125,2026-08-24 05:33:10.127,InnoDB,LOCK_SYS_PAGE,1279,22,533
1787549590.125,2026-08-24 05:33:10.127,InnoDB,LOCK_SYS_PAGE,1358,22,584
1787549590.125,2026-08-24 05:33:10.127,InnoDB,LOCK_SYS_PAGE,1186,21,478
1787549590.125,2026-08-24 05:33:10.127,InnoDB,UNDO_SPACE_RSEG,3546,21,1382
1787549590.125,2026-08-24 05:33:10.127,InnoDB,UNDO_SPACE_RSEG,3489,21,1374
1787549590.125,2026-08-24 05:33:10.127,InnoDB,UNDO_SPACE_RSEG,3649,21,1444
1787549590.125,2026-08-24 05:33:10.127,InnoDB,LOCK_SYS_PAGE,1273,21,518
1787549590.125,2026-08-24 05:33:10.127,InnoDB,LOCK_SYS_PAGE,1261,21,550
1787549590.125,2026-08-24 05:33:10.127,InnoDB,UNDO_SPACE_RSEG,3766,21,1511
1787549590.125,2026-08-24 05:33:10.127,InnoDB,LOCK_SYS_PAGE,1329,21,543
1787549590.125,2026-08-24 05:33:10.127,InnoDB,UNDO_SPACE_RSEG,3569,21,1406
1787549590.125,2026-08-24 05:33:10.127,InnoDB,LOCK_SYS_PAGE,1307,21,526
1787549590.125,2026-08-24 05:33:10.127,InnoDB,UNDO_SPACE_RSEG,3534,21,1423
1787549590.125,2026-08-24 05:33:10.127,InnoDB,LOCK_SYS_PAGE,1277,21,509
1787549590.125,2026-08-24 05:33:10.127,InnoDB,LOCK_SYS_PAGE,1369,21,460
1787549590.125,2026-08-24 05:33:10.127,InnoDB,LOCK_SYS_PAGE,1228,21,545
1787549590.125,2026-08-24 05:33:10.127,InnoDB,UNDO_SPACE_RSEG,3447,21,1398
1787549590.125,2026-08-24 05:33:10.127,InnoDB,UNDO_SPACE_RSEG,3763,21,1492
1787549590.125,2026-08-24 05:33:10.127,InnoDB,UNDO_SPACE_RSEG,3415,20,1329
1787549590.125,2026-08-24 05:33:10.127,InnoDB,LOCK_SYS_PAGE,1283,20,521
1787549590.125,2026-08-24 05:33:10.127,InnoDB,LOCK_SYS_PAGE,1371,20,553
1787549590.125,2026-08-24 05:33:10.127,InnoDB,LOCK_SYS_PAGE,1296,20,509
1787549590.125,2026-08-24 05:33:10.127,InnoDB,UNDO_SPACE_RSEG,3682,20,1443
1787549590.125,2026-08-24 05:33:10.127,InnoDB,LOCK_SYS_PAGE,1337,20,518
1787549590.125,2026-08-24 05:33:10.127,InnoDB,LOCK_SYS_PAGE,1224,20,508
1787549590.125,2026-08-24 05:33:10.127,InnoDB,LOCK_SYS_PAGE,1314,20,610
1787549590.125,2026-08-24 05:33:10.127,InnoDB,LOCK_SYS_PAGE,1351,20,539
1787549590.125,2026-08-24 05:33:10.127,InnoDB,UNDO_SPACE_RSEG,3508,20,1458
1787549590.125,2026-08-24 05:33:10.127,InnoDB,UNDO_SPACE_RSEG,3621,20,1432
1787549590.125,2026-08-24 05:33:10.127,InnoDB,LOCK_SYS_PAGE,1218,20,544
1787549590.125,2026-08-24 05:33:10.127,InnoDB,UNDO_SPACE_RSEG,3565,20,1462
1787549590.125,2026-08-24 05:33:10.127,InnoDB,LOCK_SYS_PAGE,1244,20,499
1787549590.125,2026-08-24 05:33:10.127,InnoDB,LOCK_SYS_PAGE,1269,20,551
1787549590.125,2026-08-24 05:33:10.127,InnoDB,UNDO_SPACE_RSEG,3573,20,1448
1787549590.125,2026-08-24 05:33:10.127,InnoDB,UNDO_SPACE_RSEG,3446,20,1466
1787549590.125,2026-08-24 05:33:10.127,InnoDB,LOCK_SYS_PAGE,1224,20,539
1787549590.125,2026-08-24 05:33:10.127,InnoDB,LOCK_SYS_PAGE,1304,20,542
1787549590.125,2026-08-24 05:33:10.127,InnoDB,LOCK_SYS_PAGE,1183,20,479
1787549590.125,2026-08-24 05:33:10.127,InnoDB,LOCK_SYS_PAGE,1152,19,478
1787549590.125,2026-08-24 05:33:10.127,InnoDB,LOCK_SYS_PAGE,1309,19,551
1787549590.125,2026-08-24 05:33:10.127,InnoDB,LOCK_SYS_PAGE,1164,19,494
1787549590.125,2026-08-24 05:33:10.127,InnoDB,LOCK_SYS_PAGE,1236,19,502
1787549590.125,2026-08-24 05:33:10.127,InnoDB,LOCK_SYS_PAGE,1261,19,491
1787549590.125,2026-08-24 05:33:10.127,InnoDB,LOCK_SYS_PAGE,1213,19,535
1787549590.125,2026-08-24 05:33:10.127,InnoDB,UNDO_SPACE_RSEG,3372,19,1410
1787549590.125,2026-08-24 05:33:10.127,InnoDB,LOCK_SYS_PAGE,1216,19,527
1787549590.125,2026-08-24 05:33:10.127,InnoDB,LOCK_SYS_PAGE,1305,19,499
1787549590.125,2026-08-24 05:33:10.127,InnoDB,UNDO_SPACE_RSEG,3566,19,1475
1787549590.125,2026-08-24 05:33:10.127,InnoDB,LOCK_SYS_PAGE,1248,19,525
1787549590.125,2026-08-24 05:33:10.127,InnoDB,LOCK_SYS_PAGE,1305,19,527
1787549590.125,2026-08-24 05:33:10.127,InnoDB,LOCK_SYS_PAGE,1141,19,441
1787549590.125,2026-08-24 05:33:10.127,InnoDB,UNDO_SPACE_RSEG,3337,19,1371
1787549590.125,2026-08-24 05:33:10.127,InnoDB,TRX_POOL,634,19,47
1787549590.125,2026-08-24 05:33:10.127,InnoDB,LOCK_SYS_PAGE,1147,19,514
1787549590.125,2026-08-24 05:33:10.127,InnoDB,UNDO_SPACE_RSEG,3304,19,1409
1787549590.125,2026-08-24 05:33:10.127,InnoDB,UNDO_SPACE_RSEG,3384,19,1436
1787549590.125,2026-08-24 05:33:10.127,InnoDB,LOCK_SYS_PAGE,1484,19,570
1787549590.125,2026-08-24 05:33:10.127,InnoDB,UNDO_SPACE_RSEG,3595,19,1484
1787549590.125,2026-08-24 05:33:10.127,InnoDB,LOCK_SYS_PAGE,1268,19,508
1787549590.125,2026-08-24 05:33:10.127,InnoDB,LOCK_SYS_PAGE,1192,19,488
1787549590.125,2026-08-24 05:33:10.127,InnoDB,LOCK_SYS_PAGE,1321,19,509
1787549590.125,2026-08-24 05:33:10.127,InnoDB,UNDO_SPACE_RSEG,3503,19,1448
1787549590.125,2026-08-24 05:33:10.127,InnoDB,LOCK_SYS_PAGE,1148,19,468
1787549590.125,2026-08-24 05:33:10.127,InnoDB,LOCK_SYS_PAGE,1204,19,532
1787549590.125,2026-08-24 05:33:10.127,InnoDB,LOCK_SYS_PAGE,1161,19,476
1787549590.125,2026-08-24 05:33:10.127,InnoDB,LOCK_SYS_PAGE,1139,19,469
1787549590.125,2026-08-24 05:33:10.127,InnoDB,LOCK_SYS_PAGE,1192,19,504
1787549590.125,2026-08-24 05:33:10.127,InnoDB,LOCK_SYS_PAGE,1202,19,467
1787549590.125,2026-08-24 05:33:10.127,InnoDB,LOCK_SYS_PAGE,1192,18,514
1787549590.125,2026-08-24 05:33:10.127,InnoDB,LOCK_SYS_PAGE,1222,18,534
1787549590.125,2026-08-24 05:33:10.127,InnoDB,LOCK_SYS_PAGE,1159,18,528
1787549590.125,2026-08-24 05:33:10.127,InnoDB,LOCK_SYS_PAGE,1148,18,440
1787549590.125,2026-08-24 05:33:10.127,InnoDB,LOCK_SYS_PAGE,1224,18,517
1787549590.125,2026-08-24 05:33:10.127,InnoDB,LOCK_SYS_PAGE,1087,18,462
1787549590.125,2026-08-24 05:33:10.127,InnoDB,LOCK_SYS_PAGE,1084,18,500
1787549590.125,2026-08-24 05:33:10.127,InnoDB,LOCK_SYS_PAGE,1155,18,508
1787549590.125,2026-08-24 05:33:10.127,InnoDB,LOCK_SYS_PAGE,1154,18,487
1787549590.125,2026-08-24 05:33:10.127,InnoDB,LOCK_SYS_PAGE,1139,18,495
1787549590.125,2026-08-24 05:33:10.127,InnoDB,LOCK_SYS_PAGE,1252,18,527
1787549590.125,2026-08-24 05:33:10.127,InnoDB,LOCK_SYS_PAGE,1235,18,536
1787549590.125,2026-08-24 05:33:10.127,InnoDB,LOCK_SYS_PAGE,1268,18,562
1787549590.125,2026-08-24 05:33:10.127,InnoDB,LOCK_SYS_PAGE,1160,18,487
1787549590.125,2026-08-24 05:33:10.127,InnoDB,LOCK_SYS_PAGE,1126,18,525
1787549590.125,2026-08-24 05:33:10.127,InnoDB,LOCK_SYS_PAGE,1190,18,485
1787549590.125,2026-08-24 05:33:10.127,InnoDB,LOCK_SYS_PAGE,1184,18,542
1787549590.125,2026-08-24 05:33:10.127,InnoDB,LOCK_SYS_PAGE,1254,18,572
1787549590.125,2026-08-24 05:33:10.127,InnoDB,LOCK_SYS_PAGE,1116,18,525
1787549590.125,2026-08-24 05:33:10.127,InnoDB,LOCK_SYS_PAGE,1079,18,510
1787549590.125,2026-08-24 05:33:10.127,InnoDB,LOCK_SYS_PAGE,1071,18,470
1787549590.125,2026-08-24 05:33:10.127,InnoDB,LOCK_SYS_PAGE,1130,18,492
1787549590.125,2026-08-24 05:33:10.127,InnoDB,LOCK_SYS_PAGE,1193,18,514
1787549590.125,2026-08-24 05:33:10.127,InnoDB,LOCK_SYS_PAGE,1209,18,522
1787549590.125,2026-08-24 05:33:10.127,InnoDB,LOCK_SYS_PAGE,1237,18,486
1787549590.125,2026-08-24 05:33:10.127,InnoDB,LOCK_SYS_PAGE,1112,18,500
1787549590.125,2026-08-24 05:33:10.127,InnoDB,LOCK_SYS_PAGE,1189,18,551
1787549590.125,2026-08-24 05:33:10.127,InnoDB,UNDO_SPACE_RSEG,3455,18,1422
1787549590.125,2026-08-24 05:33:10.127,InnoDB,UNDO_SPACE_RSEG,3358,18,1404
1787549590.125,2026-08-24 05:33:10.127,InnoDB,LOCK_SYS_PAGE,1183,18,545
1787549590.125,2026-08-24 05:33:10.127,InnoDB,UNDO_SPACE_RSEG,3464,18,1453
1787549590.125,2026-08-24 05:33:10.127,InnoDB,LOCK_SYS_PAGE,1181,18,521
1787549590.125,2026-08-24 05:33:10.127,InnoDB,UNDO_SPACE_RSEG,3343,18,1368
1787549590.125,2026-08-24 05:33:10.127,InnoDB,LOCK_SYS_PAGE,1154,18,516
1787549590.125,2026-08-24 05:33:10.127,InnoDB,LOCK_SYS_PAGE,1308,18,580
1787549590.125,2026-08-24 05:33:10.127,InnoDB,UNDO_SPACE_RSEG,3456,18,1419
1787549590.125,2026-08-24 05:33:10.127,InnoDB,LOCK_SYS_PAGE,1222,18,537
1787549590.125,2026-08-24 05:33:10.127,InnoDB,LOCK_SYS_PAGE,1081,17,516
1787549590.125,2026-08-24 05:33:10.127,InnoDB,LOCK_SYS_PAGE,1248,17,569
1787549590.125,2026-08-24 05:33:10.127,InnoDB,LOCK_SYS_PAGE,1198,17,529
1787549590.125,2026-08-24 05:33:10.127,InnoDB,LOCK_SYS_PAGE,1164,17,558
1787549590.125,2026-08-24 05:33:10.127,InnoDB,LOCK_SYS_PAGE,1225,17,554
1787549590.125,2026-08-24 05:33:10.127,InnoDB,LOCK_SYS_PAGE,1205,17,525
1787549590.125,2026-08-24 05:33:10.127,InnoDB,LOCK_SYS_PAGE,1153,17,511
1787549590.125,2026-08-24 05:33:10.127,InnoDB,LOCK_SYS_PAGE,1176,17,477
1787549590.125,2026-08-24 05:33:10.127,InnoDB,LOCK_SYS_PAGE,1141,17,521
1787549590.125,2026-08-24 05:33:10.127,InnoDB,UNDO_SPACE_RSEG,3548,17,1483
1787549590.125,2026-08-24 05:33:10.127,InnoDB,LOCK_SYS_PAGE,1125,17,546
1787549590.125,2026-08-24 05:33:10.127,InnoDB,LOCK_SYS_PAGE,1121,17,512
1787549590.125,2026-08-24 05:33:10.127,InnoDB,LOCK_SYS_PAGE,1215,17,519
1787549590.125,2026-08-24 05:33:10.127,InnoDB,LOCK_SYS_PAGE,1281,17,505
1787549590.125,2026-08-24 05:33:10.127,InnoDB,LOCK_SYS_PAGE,1121,17,512
1787549590.125,2026-08-24 05:33:10.127,InnoDB,LOCK_SYS_PAGE,1195,17,563
1787549590.125,2026-08-24 05:33:10.127,InnoDB,LOCK_SYS_PAGE,1215,17,529
1787549590.125,2026-08-24 05:33:10.127,InnoDB,UNDO_SPACE_RSEG,3496,17,1424
1787549590.125,2026-08-24 05:33:10.127,InnoDB,LOCK_SYS_PAGE,1141,17,492
1787549590.125,2026-08-24 05:33:10.127,InnoDB,LOCK_SYS_PAGE,1151,17,534
1787549590.125,2026-08-24 05:33:10.127,InnoDB,LOCK_SYS_PAGE,1139,17,555
1787549590.125,2026-08-24 05:33:10.127,InnoDB,LOCK_SYS_PAGE,1107,17,508
1787549590.125,2026-08-24 05:33:10.127,InnoDB,UNDO_SPACE_RSEG,3522,17,1422
1787549590.125,2026-08-24 05:33:10.127,InnoDB,LOCK_SYS_PAGE,1228,16,557
1787549590.125,2026-08-24 05:33:10.127,InnoDB,LOCK_SYS_PAGE,1183,16,543
1787549590.125,2026-08-24 05:33:10.127,InnoDB,LOCK_SYS_PAGE,1120,16,516
1787549590.125,2026-08-24 05:33:10.127,InnoDB,LOCK_SYS_PAGE,1179,16,533
1787549590.125,2026-08-24 05:33:10.127,InnoDB,LOCK_SYS_PAGE,1146,16,548
1787549590.125,2026-08-24 05:33:10.127,InnoDB,LOCK_SYS_PAGE,1045,16,495
1787549590.125,2026-08-24 05:33:10.127,InnoDB,LOCK_SYS_PAGE,1217,16,563
1787549590.125,2026-08-24 05:33:10.127,InnoDB,LOCK_SYS_PAGE,1145,16,506
1787549590.125,2026-08-24 05:33:10.127,InnoDB,UNDO_SPACE_RSEG,3400,16,1452
1787549590.125,2026-08-24 05:33:10.127,InnoDB,LOCK_SYS_PAGE,1138,16,487
1787549590.125,2026-08-24 05:33:10.127,InnoDB,UNDO_SPACE_RSEG,3273,16,1388
1787549590.125,2026-08-24 05:33:10.127,InnoDB,LOCK_SYS_PAGE,1010,16,504
1787549590.125,2026-08-24 05:33:10.127,InnoDB,LOCK_SYS_PAGE,1065,16,471
1787549590.125,2026-08-24 05:33:10.127,InnoDB,LOCK_SYS_PAGE,1138,16,509
1787549590.125,2026-08-24 05:33:10.127,InnoDB,LOCK_SYS_PAGE,1086,16,463
1787549590.125,2026-08-24 05:33:10.127,InnoDB,LOCK_SYS_PAGE,1039,16,437
1787549590.125,2026-08-24 05:33:10.127,InnoDB,LOCK_SYS_PAGE,1166,16,556
1787549590.125,2026-08-24 05:33:10.127,InnoDB,LOCK_SYS_PAGE,1078,16,507
1787549590.125,2026-08-24 05:33:10.127,InnoDB,LOCK_SYS_PAGE,1062,16,508
1787549590.125,2026-08-24 05:33:10.127,InnoDB,LOCK_SYS_PAGE,1077,16,523
1787549590.125,2026-08-24 05:33:10.127,InnoDB,LOCK_SYS_PAGE,1080,16,516
1787549590.125,2026-08-24 05:33:10.127,InnoDB,LOCK_SYS_PAGE,1254,16,625
1787549590.125,2026-08-24 05:33:10.127,InnoDB,LOCK_SYS_PAGE,1124,16,491
1787549590.125,2026-08-24 05:33:10.127,InnoDB,LOCK_SYS_PAGE,1174,16,531
1787549590.125,2026-08-24 05:33:10.127,InnoDB,LOCK_SYS_PAGE,1107,16,488
1787549590.125,2026-08-24 05:33:10.127,InnoDB,LOCK_SYS_PAGE,1129,16,480
1787549590.125,2026-08-24 05:33:10.127,InnoDB,LOCK_SYS_PAGE,1113,16,517
1787549590.125,2026-08-24 05:33:10.127,InnoDB,LOCK_SYS_PAGE,1140,16,516
1787549590.125,2026-08-24 05:33:10.127,InnoDB,LOCK_SYS_PAGE,1121,16,514
1787549590.125,2026-08-24 05:33:10.127,InnoDB,LOCK_SYS_PAGE,1096,16,533
1787549590.125,2026-08-24 05:33:10.127,InnoDB,LOCK_SYS_PAGE,1045,16,507
1787549590.125,2026-08-24 05:33:10.127,InnoDB,LOCK_SYS_PAGE,1187,16,562
1787549590.125,2026-08-24 05:33:10.127,InnoDB,LOCK_SYS_PAGE,1170,16,521
1787549590.125,2026-08-24 05:33:10.127,InnoDB,LOCK_SYS_PAGE,1126,16,531
1787549590.125,2026-08-24 05:33:10.127,InnoDB,LOCK_SYS_PAGE,1212,16,512
1787549590.125,2026-08-24 05:33:10.127,InnoDB,LOCK_SYS_PAGE,1145,16,494
1787549590.125,2026-08-24 05:33:10.127,InnoDB,LOCK_SYS_PAGE,1066,16,513
1787549590.125,2026-08-24 05:33:10.127,InnoDB,LOCK_SYS_PAGE,1068,16,508
1787549590.125,2026-08-24 05:33:10.127,InnoDB,LOCK_SYS_PAGE,1188,16,506
1787549590.125,2026-08-24 05:33:10.127,InnoDB,LOCK_SYS_PAGE,1064,16,487
1787549590.125,2026-08-24 05:33:10.127,InnoDB,LOCK_SYS_PAGE,1105,16,492
1787549590.125,2026-08-24 05:33:10.127,InnoDB,LOCK_SYS_PAGE,1182,16,499
1787549590.125,2026-08-24 05:33:10.127,InnoDB,LOCK_SYS_PAGE,1267,16,547
1787549590.125,2026-08-24 05:33:10.127,InnoDB,LOCK_SYS_PAGE,1154,16,485
1787549590.125,2026-08-24 05:33:10.127,InnoDB,LOCK_SYS_PAGE,1032,15,474
1787549590.125,2026-08-24 05:33:10.127,InnoDB,LOCK_SYS_PAGE,1118,15,540
1787549590.125,2026-08-24 05:33:10.127,InnoDB,LOCK_SYS_PAGE,1098,15,502
1787549590.125,2026-08-24 05:33:10.127,InnoDB,LOCK_SYS_PAGE,1137,15,539
1787549590.125,2026-08-24 05:33:10.127,InnoDB,LOCK_SYS_PAGE,1136,15,546
1787549590.125,2026-08-24 05:33:10.127,InnoDB,LOCK_SYS_PAGE,1166,15,544
1787549590.125,2026-08-24 05:33:10.127,InnoDB,LOCK_SYS_PAGE,1078,15,551
1787549590.125,2026-08-24 05:33:10.127,InnoDB,LOCK_SYS_PAGE,1079,15,497
1787549590.125,2026-08-24 05:33:10.127,InnoDB,LOCK_SYS_PAGE,1158,15,557
1787549590.125,2026-08-24 05:33:10.127,InnoDB,LOCK_SYS_PAGE,1089,15,473
1787549590.125,2026-08-24 05:33:10.127,InnoDB,LOCK_SYS_PAGE,971,15,457
1787549590.125,2026-08-24 05:33:10.127,InnoDB,LOCK_SYS_PAGE,1108,15,541
1787549590.125,2026-08-24 05:33:10.127,InnoDB,LOCK_SYS_PAGE,1042,15,474
1787549590.125,2026-08-24 05:33:10.127,InnoDB,LOCK_SYS_PAGE,1200,15,533
1787549590.125,2026-08-24 05:33:10.127,InnoDB,UNDO_SPACE_RSEG,3368,15,1434
1787549590.125,2026-08-24 05:33:10.127,InnoDB,UNDO_SPACE_RSEG,3215,15,1432
1787549590.125,2026-08-24 05:33:10.127,InnoDB,LOCK_SYS_PAGE,1067,15,530
1787549590.125,2026-08-24 05:33:10.127,InnoDB,LOCK_SYS_PAGE,1045,15,504
1787549590.125,2026-08-24 05:33:10.127,InnoDB,LOCK_SYS_PAGE,1032,15,488
1787549590.125,2026-08-24 05:33:10.127,InnoDB,LOCK_SYS_PAGE,1019,15,451
1787549590.125,2026-08-24 05:33:10.127,InnoDB,LOCK_SYS_PAGE,1080,15,506
1787549590.125,2026-08-24 05:33:10.127,InnoDB,LOCK_SYS_PAGE,1074,15,511
1787549590.125,2026-08-24 05:33:10.127,InnoDB,LOCK_SYS_PAGE,1150,15,582
1787549590.125,2026-08-24 05:33:10.127,InnoDB,LOCK_SYS_PAGE,1045,15,515
1787549590.125,2026-08-24 05:33:10.127,InnoDB,LOCK_SYS_PAGE,1128,15,516
1787549590.125,2026-08-24 05:33:10.127,InnoDB,LOCK_SYS_PAGE,1083,15,506
1787549590.125,2026-08-24 05:33:10.127,InnoDB,LOCK_SYS_PAGE,1100,15,524
1787549590.125,2026-08-24 05:33:10.127,InnoDB,LOCK_SYS_PAGE,1072,15,508
1787549590.125,2026-08-24 05:33:10.127,InnoDB,LOCK_SYS_PAGE,1120,15,570
1787549590.125,2026-08-24 05:33:10.127,InnoDB,UNDO_SPACE_RSEG,3254,15,1412
1787549590.125,2026-08-24 05:33:10.127,InnoDB,LOCK_SYS_PAGE,1018,15,504
1787549590.125,2026-08-24 05:33:10.127,InnoDB,LOCK_SYS_PAGE,1149,15,575
1787549590.125,2026-08-24 05:33:10.127,InnoDB,LOCK_SYS_PAGE,1043,15,528
1787549590.125,2026-08-24 05:33:10.127,InnoDB,LOCK_SYS_PAGE,1120,15,555
1787549590.125,2026-08-24 05:33:10.127,InnoDB,LOCK_SYS_PAGE,1055,15,478
1787549590.125,2026-08-24 05:33:10.127,InnoDB,LOCK_SYS_PAGE,1036,15,486
1787549590.125,2026-08-24 05:33:10.127,InnoDB,LOCK_SYS_PAGE,1113,15,539
1787549590.125,2026-08-24 05:33:10.127,InnoDB,LOCK_SYS_PAGE,1072,15,511
1787549590.125,2026-08-24 05:33:10.127,InnoDB,LOCK_SYS_PAGE,1173,15,515
1787549590.125,2026-08-24 05:33:10.127,InnoDB,LOCK_SYS_PAGE,1042,15,482
1787549590.125,2026-08-24 05:33:10.127,InnoDB,LOCK_SYS_PAGE,1093,15,521
1787549590.125,2026-08-24 05:33:10.127,InnoDB,LOCK_SYS_PAGE,1024,15,527
1787549590.125,2026-08-24 05:33:10.127,InnoDB,LOCK_SYS_PAGE,1008,14,466
1787549590.125,2026-08-24 05:33:10.127,InnoDB,LOCK_SYS_PAGE,939,14,462
1787549590.125,2026-08-24 05:33:10.127,InnoDB,UNDO_SPACE_RSEG,3475,14,1470
1787549590.125,2026-08-24 05:33:10.127,InnoDB,LOCK_SYS_PAGE,1047,14,551
1787549590.125,2026-08-24 05:33:10.127,InnoDB,LOCK_SYS_PAGE,1007,14,478
1787549590.125,2026-08-24 05:33:10.127,InnoDB,LOCK_SYS_PAGE,1057,14,528
1787549590.125,2026-08-24 05:33:10.127,InnoDB,LOCK_SYS_PAGE,1082,14,546
1787549590.125,2026-08-24 05:33:10.127,InnoDB,LOCK_SYS_PAGE,1054,14,534
1787549590.125,2026-08-24 05:33:10.127,InnoDB,LOCK_SYS_PAGE,1054,14,516
1787549590.125,2026-08-24 05:33:10.127,InnoDB,LOCK_SYS_PAGE,1025,14,522
1787549590.125,2026-08-24 05:33:10.127,InnoDB,LOCK_SYS_PAGE,1042,14,497
1787549590.125,2026-08-24 05:33:10.127,InnoDB,LOCK_SYS_PAGE,959,14,481
1787549590.125,2026-08-24 05:33:10.127,InnoDB,LOCK_SYS_PAGE,1061,14,531
1787549590.125,2026-08-24 05:33:10.127,InnoDB,LOCK_SYS_PAGE,1077,14,527
1787549590.125,2026-08-24 05:33:10.127,InnoDB,LOCK_SYS_PAGE,1046,14,520
1787549590.125,2026-08-24 05:33:10.127,InnoDB,LOCK_SYS_PAGE,1014,14,520
1787549590.125,2026-08-24 05:33:10.127,InnoDB,LOCK_SYS_PAGE,1104,14,532
1787549590.125,2026-08-24 05:33:10.127,InnoDB,LOCK_SYS_PAGE,1124,14,534
1787549590.125,2026-08-24 05:33:10.127,InnoDB,LOCK_SYS_PAGE,1022,14,474
1787549590.125,2026-08-24 05:33:10.127,InnoDB,LOCK_SYS_PAGE,1104,14,482
1787549590.125,2026-08-24 05:33:10.127,InnoDB,LOCK_SYS_PAGE,1106,14,555
1787549590.125,2026-08-24 05:33:10.127,InnoDB,LOCK_SYS_PAGE,1028,14,498
1787549590.125,2026-08-24 05:33:10.127,InnoDB,LOCK_SYS_PAGE,1033,14,528
1787549590.125,2026-08-24 05:33:10.127,InnoDB,LOCK_SYS_PAGE,1109,14,546
1787549590.125,2026-08-24 05:33:10.127,InnoDB,UNDO_SPACE_RSEG,3265,14,1411
1787549590.125,2026-08-24 05:33:10.127,InnoDB,LOCK_SYS_PAGE,1019,14,474
1787549590.125,2026-08-24 05:33:10.127,InnoDB,LOCK_SYS_PAGE,1068,14,532
1787549590.125,2026-08-24 05:33:10.127,InnoDB,LOCK_SYS_PAGE,1029,14,499
1787549590.125,2026-08-24 05:33:10.127,InnoDB,LOCK_SYS_PAGE,1019,14,497
1787549590.125,2026-08-24 05:33:10.127,InnoDB,LOCK_SYS_PAGE,1076,14,521
1787549590.125,2026-08-24 05:33:10.127,InnoDB,LOCK_SYS_PAGE,1068,14,560
1787549590.125,2026-08-24 05:33:10.127,InnoDB,LOCK_SYS_PAGE,963,14,488
1787549590.125,2026-08-24 05:33:10.127,InnoDB,LOCK_SYS_PAGE,1033,14,512
1787549590.125,2026-08-24 05:33:10.127,InnoDB,LOCK_SYS_PAGE,1032,14,509
1787549590.125,2026-08-24 05:33:10.127,InnoDB,LOCK_SYS_PAGE,1033,14,498
1787549590.125,2026-08-24 05:33:10.127,InnoDB,LOCK_SYS_PAGE,1024,14,515
1787549590.125,2026-08-24 05:33:10.127,InnoDB,LOCK_SYS_PAGE,1152,14,523
1787549590.125,2026-08-24 05:33:10.127,InnoDB,LOCK_SYS_PAGE,1046,14,485
1787549590.125,2026-08-24 05:33:10.127,InnoDB,LOCK_SYS_PAGE,1028,14,466
1787549590.125,2026-08-24 05:33:10.127,InnoDB,LOCK_SYS_PAGE,1005,14,456
1787549590.125,2026-08-24 05:33:10.127,InnoDB,LOCK_SYS_PAGE,1062,14,541
1787549590.125,2026-08-24 05:33:10.127,InnoDB,LOCK_SYS_PAGE,1034,14,510
1787549590.125,2026-08-24 05:33:10.127,InnoDB,LOCK_SYS_PAGE,1096,14,556
1787549590.125,2026-08-24 05:33:10.127,InnoDB,LOCK_SYS_PAGE,965,14,442
1787549590.125,2026-08-24 05:33:10.127,InnoDB,LOCK_SYS_PAGE,1050,14,525
1787549590.125,2026-08-24 05:33:10.127,InnoDB,LOCK_SYS_PAGE,1066,14,518
1787549590.125,2026-08-24 05:33:10.127,InnoDB,LOCK_SYS_PAGE,1043,14,509
1787549590.125,2026-08-24 05:33:10.127,InnoDB,LOCK_SYS_PAGE,1072,14,555
1787549590.125,2026-08-24 05:33:10.127,InnoDB,LOCK_SYS_PAGE,1013,13,500
1787549590.125,2026-08-24 05:33:10.127,InnoDB,LOCK_SYS_PAGE,1059,13,440
1787549590.125,2026-08-24 05:33:10.127,InnoDB,LOCK_SYS_PAGE,1031,13,522
1787549590.125,2026-08-24 05:33:10.127,InnoDB,LOCK_SYS_PAGE,1036,13,522
1787549590.125,2026-08-24 05:33:10.127,InnoDB,LOCK_SYS_PAGE,1052,13,528
1787549590.125,2026-08-24 05:33:10.127,InnoDB,LOCK_SYS_PAGE,1014,13,497
1787549590.125,2026-08-24 05:33:10.127,InnoDB,LOCK_SYS_PAGE,1073,13,528
1787549590.125,2026-08-24 05:33:10.127,InnoDB,LOCK_SYS_PAGE,986,13,496
1787549590.125,2026-08-24 05:33:10.127,InnoDB,LOCK_SYS_PAGE,1062,13,497
1787549590.125,2026-08-24 05:33:10.127,InnoDB,LOCK_SYS_PAGE,1001,13,488
1787549590.125,2026-08-24 05:33:10.127,InnoDB,LOCK_SYS_PAGE,987,13,508
1787549590.125,2026-08-24 05:33:10.127,InnoDB,LOCK_SYS_PAGE,1130,13,578
1787549590.125,2026-08-24 05:33:10.127,InnoDB,LOCK_SYS_PAGE,1134,13,525
1787549590.125,2026-08-24 05:33:10.127,InnoDB,LOCK_SYS_PAGE,1002,13,511
1787549590.125,2026-08-24 05:33:10.127,InnoDB,UNDO_SPACE_RSEG,3378,13,1470
1787549590.125,2026-08-24 05:33:10.127,InnoDB,LOCK_SYS_PAGE,980,13,507
1787549590.125,2026-08-24 05:33:10.127,InnoDB,LOCK_SYS_PAGE,955,13,480
1787549590.125,2026-08-24 05:33:10.127,InnoDB,LOCK_SYS_PAGE,1086,13,539
1787549590.125,2026-08-24 05:33:10.127,InnoDB,LOCK_SYS_PAGE,949,13,463
1787549590.125,2026-08-24 05:33:10.127,InnoDB,LOCK_SYS_PAGE,989,13,563
1787549590.125,2026-08-24 05:33:10.127,InnoDB,LOCK_SYS_PAGE,1069,13,520
1787549590.125,2026-08-24 05:33:10.127,InnoDB,LOCK_SYS_PAGE,924,13,477
1787549590.125,2026-08-24 05:33:10.127,InnoDB,LOCK_SYS_PAGE,1037,13,495
1787549590.125,2026-08-24 05:33:10.127,InnoDB,LOCK_SYS_PAGE,1105,13,504
1787549590.125,2026-08-24 05:33:10.127,InnoDB,LOCK_SYS_PAGE,970,13,526
1787549590.125,2026-08-24 05:33:10.127,InnoDB,LOCK_SYS_PAGE,999,13,515
1787549590.125,2026-08-24 05:33:10.127,InnoDB,LOCK_SYS_PAGE,1194,13,545
1787549590.125,2026-08-24 05:33:10.127,InnoDB,LOCK_SYS_PAGE,1064,13,539
1787549590.125,2026-08-24 05:33:10.127,InnoDB,LOCK_SYS_PAGE,1071,13,489
1787549590.125,2026-08-24 05:33:10.127,InnoDB,LOCK_SYS_PAGE,1016,13,529
1787549590.125,2026-08-24 05:33:10.127,InnoDB,LOCK_SYS_PAGE,958,13,527
1787549590.125,2026-08-24 05:33:10.127,InnoDB,LOCK_SYS_PAGE,1060,13,517
1787549590.125,2026-08-24 05:33:10.127,InnoDB,LOCK_SYS_PAGE,1047,13,508
1787549590.125,2026-08-24 05:33:10.127,InnoDB,LOCK_SYS_PAGE,941,13,446
1787549590.125,2026-08-24 05:33:10.127,InnoDB,LOCK_SYS_PAGE,1046,13,502
1787549590.125,2026-08-24 05:33:10.127,InnoDB,LOCK_SYS_PAGE,1022,13,506
1787549590.125,2026-08-24 05:33:10.127,InnoDB,LOCK_SYS_PAGE,1010,13,548
1787549590.125,2026-08-24 05:33:10.127,InnoDB,LOCK_SYS_PAGE,976,13,498
1787549590.125,2026-08-24 05:33:10.127,InnoDB,LOCK_SYS_PAGE,1140,13,540
1787549590.125,2026-08-24 05:33:10.127,InnoDB,LOCK_SYS_PAGE,981,13,489
1787549590.125,2026-08-24 05:33:10.127,InnoDB,LOCK_SYS_PAGE,1027,13,513
1787549590.125,2026-08-24 05:33:10.127,InnoDB,LOCK_SYS_PAGE,973,13,519
1787549590.125,2026-08-24 05:33:10.127,InnoDB,LOCK_SYS_PAGE,993,13,506
1787549590.125,2026-08-24 05:33:10.127,InnoDB,LOCK_SYS_PAGE,997,13,528
1787549590.125,2026-08-24 05:33:10.127,InnoDB,LOCK_SYS_PAGE,1145,13,538
1787549590.125,2026-08-24 05:33:10.127,InnoDB,LOCK_SYS_PAGE,976,13,488
1787549590.125,2026-08-24 05:33:10.127,InnoDB,LOCK_SYS_PAGE,1069,13,530
1787549590.125,2026-08-24 05:33:10.127,InnoDB,LOCK_SYS_PAGE,1181,13,575
1787549590.125,2026-08-24 05:33:10.127,InnoDB,LOCK_SYS_PAGE,1020,12,516
1787549590.125,2026-08-24 05:33:10.127,InnoDB,LOCK_SYS_PAGE,1082,12,506
1787549590.125,2026-08-24 05:33:10.127,InnoDB,LOCK_SYS_PAGE,1091,12,584
1787549590.125,2026-08-24 05:33:10.127,InnoDB,LOCK_SYS_PAGE,977,12,508
1787549590.125,2026-08-24 05:33:10.127,InnoDB,LOCK_SYS_PAGE,1010,12,511
1787549590.125,2026-08-24 05:33:10.127,InnoDB,LOCK_SYS_PAGE,1034,12,567
1787549590.125,2026-08-24 05:33:10.127,InnoDB,LOCK_SYS_PAGE,1013,12,552
1787549590.125,2026-08-24 05:33:10.127,InnoDB,LOCK_SYS_PAGE,1037,12,496
1787549590.125,2026-08-24 05:33:10.127,InnoDB,LOCK_SYS_PAGE,1002,12,498
1787549590.125,2026-08-24 05:33:10.127,InnoDB,LOCK_SYS_PAGE,1022,12,558
1787549590.125,2026-08-24 05:33:10.127,InnoDB,LOCK_SYS_PAGE,1033,12,516
1787549590.125,2026-08-24 05:33:10.127,InnoDB,LOCK_SYS_PAGE,1030,12,532
1787549590.125,2026-08-24 05:33:10.127,InnoDB,LOCK_SYS_PAGE,1119,12,522
1787549590.125,2026-08-24 05:33:10.127,InnoDB,LOCK_SYS_PAGE,1089,12,536
1787549590.125,2026-08-24 05:33:10.127,InnoDB,LOCK_SYS_PAGE,1064,12,517
1787549590.125,2026-08-24 05:33:10.127,InnoDB,LOCK_SYS_PAGE,1060,12,590
1787549590.125,2026-08-24 05:33:10.127,InnoDB,LOCK_SYS_PAGE,983,12,509
1787549590.125,2026-08-24 05:33:10.127,InnoDB,LOCK_SYS_PAGE,990,12,506
1787549590.125,2026-08-24 05:33:10.127,InnoDB,LOCK_SYS_PAGE,1137,12,552
1787549590.125,2026-08-24 05:33:10.127,InnoDB,LOCK_SYS_PAGE,1000,12,511
1787549590.125,2026-08-24 05:33:10.127,InnoDB,LOCK_SYS_PAGE,932,12,524
1787549590.125,2026-08-24 05:33:10.127,InnoDB,LOCK_SYS_PAGE,1038,12,536
1787549590.125,2026-08-24 05:33:10.127,InnoDB,LOCK_SYS_PAGE,1034,12,483
1787549590.125,2026-08-24 05:33:10.127,InnoDB,LOCK_SYS_PAGE,993,12,535
1787549590.125,2026-08-24 05:33:10.127,InnoDB,LOCK_SYS_PAGE,1061,12,501
1787549590.125,2026-08-24 05:33:10.127,InnoDB,LOCK_SYS_PAGE,931,12,479
1787549590.125,2026-08-24 05:33:10.127,InnoDB,LOCK_SYS_PAGE,953,12,518
1787549590.125,2026-08-24 05:33:10.127,InnoDB,LOCK_SYS_PAGE,928,12,461
1787549590.125,2026-08-24 05:33:10.127,InnoDB,LOCK_SYS_PAGE,1029,12,522
1787549590.125,2026-08-24 05:33:10.127,InnoDB,LOCK_SYS_PAGE,1055,12,515
1787549590.125,2026-08-24 05:33:10.127,InnoDB,LOCK_SYS_PAGE,1134,12,570
1787549590.125,2026-08-24 05:33:10.127,InnoDB,LOCK_SYS_PAGE,965,12,533
1787549590.125,2026-08-24 05:33:10.127,InnoDB,LOCK_SYS_PAGE,956,12,500
1787549590.125,2026-08-24 05:33:10.127,InnoDB,LOCK_SYS_PAGE,1013,12,497
1787549590.125,2026-08-24 05:33:10.127,InnoDB,LOCK_SYS_PAGE,908,12,443
1787549590.125,2026-08-24 05:33:10.127,InnoDB,LOCK_SYS_PAGE,930,12,479
1787549590.125,2026-08-24 05:33:10.127,InnoDB,LOCK_SYS_PAGE,1050,12,562
1787549590.125,2026-08-24 05:33:10.127,InnoDB,LOCK_SYS_PAGE,1014,11,496
1787549590.125,2026-08-24 05:33:10.127,InnoDB,LOCK_SYS_PAGE,1032,11,540
1787549590.125,2026-08-24 05:33:10.127,InnoDB,LOCK_SYS_PAGE,978,11,538
1787549590.125,2026-08-24 05:33:10.127,InnoDB,LOCK_SYS_PAGE,955,11,508
1787549590.125,2026-08-24 05:33:10.127,InnoDB,LOCK_SYS_PAGE,1052,11,602
1787549590.125,2026-08-24 05:33:10.127,InnoDB,LOCK_SYS_PAGE,946,11,526
1787549590.125,2026-08-24 05:33:10.127,InnoDB,LOCK_SYS_PAGE,939,11,521
1787549590.125,2026-08-24 05:33:10.127,InnoDB,LOCK_SYS_PAGE,873,11,485
1787549590.125,2026-08-24 05:33:10.127,InnoDB,LOCK_SYS_PAGE,917,11,463
1787549590.125,2026-08-24 05:33:10.127,InnoDB,LOCK_SYS_PAGE,1042,11,564
1787549590.125,2026-08-24 05:33:10.127,InnoDB,LOCK_SYS_PAGE,976,11,498
1787549590.125,2026-08-24 05:33:10.127,InnoDB,LOCK_SYS_PAGE,894,11,504
1787549590.125,2026-08-24 05:33:10.127,InnoDB,LOCK_SYS_PAGE,951,11,516
1787549590.125,2026-08-24 05:33:10.127,InnoDB,LOCK_SYS_PAGE,932,11,505
1787549590.125,2026-08-24 05:33:10.127,InnoDB,LOCK_SYS_PAGE,871,11,479
1787549590.125,2026-08-24 05:33:10.127,InnoDB,LOCK_SYS_PAGE,947,11,513
1787549590.125,2026-08-24 05:33:10.127,InnoDB,LOCK_SYS_PAGE,1010,11,517
1787549590.125,2026-08-24 05:33:10.127,InnoDB,LOCK_SYS_PAGE,986,11,534
1787549590.125,2026-08-24 05:33:10.127,InnoDB,LOCK_SYS_PAGE,925,11,511
1787549590.125,2026-08-24 05:33:10.127,InnoDB,LOCK_SYS_PAGE,958,11,486
1787549590.125,2026-08-24 05:33:10.127,InnoDB,LOCK_SYS_PAGE,843,11,481
1787549590.125,2026-08-24 05:33:10.127,InnoDB,LOCK_SYS_PAGE,925,11,466
1787549590.125,2026-08-24 05:33:10.127,InnoDB,LOCK_SYS_PAGE,978,11,495
1787549590.125,2026-08-24 05:33:10.127,InnoDB,LOCK_SYS_PAGE,1029,11,532
1787549590.125,2026-08-24 05:33:10.127,InnoDB,LOCK_SYS_PAGE,1082,11,594
1787549590.125,2026-08-24 05:33:10.127,InnoDB,LOCK_SYS_PAGE,1034,11,535
1787549590.125,2026-08-24 05:33:10.127,InnoDB,LOCK_SYS_PAGE,961,11,515
1787549590.125,2026-08-24 05:33:10.127,InnoDB,LOCK_SYS_PAGE,982,11,493
1787549590.125,2026-08-24 05:33:10.127,InnoDB,LOCK_SYS_PAGE,920,11,471
1787549590.125,2026-08-24 05:33:10.127,InnoDB,LOCK_SYS_PAGE,942,11,531
1787549590.125,2026-08-24 05:33:10.127,InnoDB,LOCK_SYS_PAGE,948,11,500
1787549590.125,2026-08-24 05:33:10.127,InnoDB,LOCK_SYS_PAGE,965,11,470
1787549590.125,2026-08-24 05:33:10.127,InnoDB,LOCK_SYS_PAGE,940,11,523
1787549590.125,2026-08-24 05:33:10.127,InnoDB,LOCK_SYS_PAGE,986,11,535
1787549590.125,2026-08-24 05:33:10.127,InnoDB,LOCK_SYS_PAGE,932,10,525
1787549590.125,2026-08-24 05:33:10.127,InnoDB,LOCK_SYS_PAGE,1034,10,511
1787549590.125,2026-08-24 05:33:10.127,InnoDB,LOCK_SYS_PAGE,966,10,485
1787549590.125,2026-08-24 05:33:10.127,InnoDB,LOCK_SYS_PAGE,920,10,544
1787549590.125,2026-08-24 05:33:10.127,InnoDB,LOCK_SYS_PAGE,895,10,466
1787549590.125,2026-08-24 05:33:10.127,InnoDB,LOCK_SYS_PAGE,873,10,494
1787549590.125,2026-08-24 05:33:10.127,InnoDB,LOCK_SYS_PAGE,841,10,447
1787549590.125,2026-08-24 05:33:10.127,InnoDB,LOCK_SYS_PAGE,954,10,501
1787549590.125,2026-08-24 05:33:10.127,InnoDB,LOCK_SYS_PAGE,933,10,501
1787549590.125,2026-08-24 05:33:10.127,InnoDB,LOCK_SYS_PAGE,900,10,484
1787549590.125,2026-08-24 05:33:10.127,InnoDB,LOCK_SYS_PAGE,913,10,531
1787549590.125,2026-08-24 05:33:10.127,InnoDB,LOCK_SYS_PAGE,970,10,518
1787549590.125,2026-08-24 05:33:10.127,InnoDB,LOCK_SYS_PAGE,894,10,519
1787549590.125,2026-08-24 05:33:10.127,InnoDB,LOCK_SYS_PAGE,937,10,486
1787549590.125,2026-08-24 05:33:10.127,InnoDB,LOCK_SYS_PAGE,960,10,508
1787549590.125,2026-08-24 05:33:10.127,InnoDB,LOCK_SYS_PAGE,918,10,497
1787549590.125,2026-08-24 05:33:10.127,InnoDB,LOCK_SYS_PAGE,920,10,533
1787549590.125,2026-08-24 05:33:10.127,InnoDB,LOCK_SYS_PAGE,884,10,489
1787549590.125,2026-08-24 05:33:10.127,InnoDB,LOCK_SYS_PAGE,925,10,509
1787549590.125,2026-08-24 05:33:10.127,InnoDB,LOCK_SYS_PAGE,996,10,500
1787549590.125,2026-08-24 05:33:10.127,InnoDB,LOCK_SYS_PAGE,991,10,558
1787549590.125,2026-08-24 05:33:10.127,InnoDB,LOCK_SYS_PAGE,934,10,468
1787549590.125,2026-08-24 05:33:10.127,InnoDB,LOCK_SYS_PAGE,891,10,482
1787549590.125,2026-08-24 05:33:10.127,InnoDB,LOCK_SYS_PAGE,939,10,492
1787549590.125,2026-08-24 05:33:10.127,InnoDB,LOCK_SYS_PAGE,873,10,495
1787549590.125,2026-08-24 05:33:10.127,InnoDB,LOCK_SYS_PAGE,902,10,509
1787549590.125,2026-08-24 05:33:10.127,InnoDB,LOCK_SYS_PAGE,893,10,472
1787549590.125,2026-08-24 05:33:10.127,InnoDB,LOCK_SYS_PAGE,920,10,481
1787549590.125,2026-08-24 05:33:10.127,InnoDB,LOCK_SYS_PAGE,904,10,494
1787549590.125,2026-08-24 05:33:10.127,InnoDB,LOCK_SYS_PAGE,929,10,580
1787549590.125,2026-08-24 05:33:10.127,InnoDB,LOCK_SYS_PAGE,946,10,525
1787549590.125,2026-08-24 05:33:10.127,InnoDB,LOCK_SYS_PAGE,946,10,503
1787549590.125,2026-08-24 05:33:10.127,InnoDB,LOCK_SYS_PAGE,895,10,470
1787549590.125,2026-08-24 05:33:10.127,InnoDB,LOCK_SYS_PAGE,973,10,473
1787549590.125,2026-08-24 05:33:10.127,InnoDB,LOCK_SYS_PAGE,942,10,529
1787549590.125,2026-08-24 05:33:10.127,InnoDB,LOCK_SYS_PAGE,894,10,537
1787549590.125,2026-08-24 05:33:10.127,InnoDB,LOCK_SYS_PAGE,1064,10,546
1787549590.125,2026-08-24 05:33:10.127,InnoDB,LOCK_SYS_PAGE,912,10,523
1787549590.125,2026-08-24 05:33:10.127,InnoDB,LOCK_SYS_PAGE,979,10,513
1787549590.125,2026-08-24 05:33:10.127,InnoDB,LOCK_SYS_PAGE,983,10,593
1787549590.125,2026-08-24 05:33:10.127,InnoDB,LOCK_SYS_PAGE,997,10,553
1787549590.125,2026-08-24 05:33:10.127,InnoDB,LOCK_SYS_PAGE,954,10,540
1787549590.125,2026-08-24 05:33:10.127,InnoDB,LOCK_SYS_PAGE,907,10,502
1787549590.125,2026-08-24 05:33:10.127,InnoDB,LOCK_SYS_PAGE,925,10,542
1787549590.125,2026-08-24 05:33:10.127,InnoDB,LOCK_SYS_PAGE,891,10,464
1787549590.125,2026-08-24 05:33:10.127,InnoDB,LOCK_SYS_PAGE,841,10,467
1787549590.125,2026-08-24 05:33:10.127,InnoDB,LOCK_SYS_PAGE,928,10,506
1787549590.125,2026-08-24 05:33:10.127,InnoDB,LOCK_SYS_PAGE,937,9,489
1787549590.125,2026-08-24 05:33:10.127,InnoDB,LOCK_SYS_PAGE,908,9,471
1787549590.125,2026-08-24 05:33:10.127,InnoDB,LOCK_SYS_PAGE,1071,9,554
1787549590.125,2026-08-24 05:33:10.127,InnoDB,LOCK_SYS_PAGE,890,9,516
1787549590.125,2026-08-24 05:33:10.127,InnoDB,LOCK_SYS_PAGE,998,9,523
1787549590.125,2026-08-24 05:33:10.127,InnoDB,LOCK_SYS_PAGE,850,9,498
1787549590.125,2026-08-24 05:33:10.127,InnoDB,LOCK_SYS_PAGE,879,9,506
1787549590.125,2026-08-24 05:33:10.127,InnoDB,LOCK_SYS_PAGE,910,9,548
1787549590.125,2026-08-24 05:33:10.127,InnoDB,LOCK_SYS_PAGE,825,9,490
1787549590.125,2026-08-24 05:33:10.127,InnoDB,LOCK_SYS_PAGE,921,9,530
1787549590.125,2026-08-24 05:33:10.127,InnoDB,LOCK_SYS_PAGE,839,9,515
1787549590.125,2026-08-24 05:33:10.127,InnoDB,LOCK_SYS_PAGE,1037,9,561
1787549590.125,2026-08-24 05:33:10.127,InnoDB,LOCK_SYS_PAGE,927,9,569
1787549590.125,2026-08-24 05:33:10.127,InnoDB,LOCK_SYS_PAGE,830,9,474
1787549590.125,2026-08-24 05:33:10.127,InnoDB,LOCK_SYS_PAGE,855,9,514
1787549590.125,2026-08-24 05:33:10.127,InnoDB,LOCK_SYS_PAGE,908,9,467
1787549590.125,2026-08-24 05:33:10.127,InnoDB,LOCK_SYS_PAGE,1031,9,565
1787549590.125,2026-08-24 05:33:10.127,InnoDB,LOCK_SYS_PAGE,903,9,516
1787549590.125,2026-08-24 05:33:10.127,InnoDB,LOCK_SYS_PAGE,795,9,470
1787549590.125,2026-08-24 05:33:10.127,InnoDB,LOCK_SYS_PAGE,910,9,485
1787549590.125,2026-08-24 05:33:10.127,InnoDB,LOCK_SYS_PAGE,892,9,489
1787549590.125,2026-08-24 05:33:10.127,InnoDB,LOCK_SYS_PAGE,962,9,554
1787549590.125,2026-08-24 05:33:10.127,InnoDB,LOCK_SYS_PAGE,920,9,480
1787549590.125,2026-08-24 05:33:10.127,InnoDB,LOCK_SYS_PAGE,910,9,517
1787549590.125,2026-08-24 05:33:10.127,InnoDB,LOCK_SYS_PAGE,864,9,475
1787549590.125,2026-08-24 05:33:10.127,InnoDB,LOCK_SYS_PAGE,886,9,484
1787549590.125,2026-08-24 05:33:10.127,InnoDB,LOCK_SYS_PAGE,849,9,491
1787549590.125,2026-08-24 05:33:10.127,InnoDB,LOCK_SYS_PAGE,871,9,521
1787549590.125,2026-08-24 05:33:10.127,InnoDB,LOCK_SYS_PAGE,874,9,518
1787549590.125,2026-08-24 05:33:10.127,InnoDB,LOCK_SYS_PAGE,835,8,506
1787549590.125,2026-08-24 05:33:10.127,InnoDB,LOCK_SYS_PAGE,872,8,563
1787549590.125,2026-08-24 05:33:10.127,InnoDB,LOCK_SYS_PAGE,826,8,509
1787549590.125,2026-08-24 05:33:10.127,InnoDB,LOCK_SYS_PAGE,850,8,502
1787549590.125,2026-08-24 05:33:10.127,InnoDB,LOCK_SYS_PAGE,851,8,480
1787549590.125,2026-08-24 05:33:10.127,InnoDB,LOCK_SYS_PAGE,881,8,500
1787549590.125,2026-08-24 05:33:10.127,InnoDB,LOCK_SYS_PAGE,958,8,491
1787549590.125,2026-08-24 05:33:10.127,InnoDB,LOCK_SYS_PAGE,876,8,554
1787549590.125,2026-08-24 05:33:10.127,InnoDB,LOCK_SYS_PAGE,931,8,515
1787549590.125,2026-08-24 05:33:10.127,InnoDB,LOCK_SYS_PAGE,925,8,552
1787549590.125,2026-08-24 05:33:10.127,InnoDB,LOCK_SYS_PAGE,876,8,498
1787549590.125,2026-08-24 05:33:10.127,InnoDB,RECALC_POOL,292,8,19
1787549590.125,2026-08-24 05:33:10.127,InnoDB,LOCK_SYS_PAGE,903,8,571
1787549590.125,2026-08-24 05:33:10.127,InnoDB,LOCK_SYS_PAGE,846,8,528
1787549590.125,2026-08-24 05:33:10.127,InnoDB,LOCK_SYS_PAGE,941,8,546
1787549590.125,2026-08-24 05:33:10.127,InnoDB,LOCK_SYS_PAGE,890,8,500
1787549590.125,2026-08-24 05:33:10.127,InnoDB,LOCK_SYS_PAGE,813,8,513
1787549590.125,2026-08-24 05:33:10.127,InnoDB,LOCK_SYS_PAGE,901,8,503
1787549590.125,2026-08-24 05:33:10.127,InnoDB,LOCK_SYS_PAGE,797,8,504
1787549590.125,2026-08-24 05:33:10.127,InnoDB,LOCK_SYS_PAGE,785,8,490
1787549590.125,2026-08-24 05:33:10.127,InnoDB,LOCK_SYS_PAGE,876,8,511
1787549590.125,2026-08-24 05:33:10.127,InnoDB,LOCK_SYS_PAGE,907,8,512
1787549590.125,2026-08-24 05:33:10.127,InnoDB,LOCK_SYS_PAGE,970,8,526
1787549590.125,2026-08-24 05:33:10.127,InnoDB,LOCK_SYS_PAGE,897,8,504
1787549590.125,2026-08-24 05:33:10.127,InnoDB,LOCK_SYS_PAGE,832,8,477
1787549590.125,2026-08-24 05:33:10.127,InnoDB,LOCK_SYS_PAGE,805,7,525
1787549590.125,2026-08-24 05:33:10.127,InnoDB,LOCK_SYS_PAGE,875,7,535
1787549590.125,2026-08-24 05:33:10.127,InnoDB,LOCK_SYS_PAGE,886,7,556
1787549590.125,2026-08-24 05:33:10.127,InnoDB,LOCK_SYS_PAGE,843,7,516
1787549590.125,2026-08-24 05:33:10.127,InnoDB,LOCK_SYS_PAGE,862,7,546
1787549590.125,2026-08-24 05:33:10.127,InnoDB,LOCK_SYS_PAGE,816,7,511
1787549590.125,2026-08-24 05:33:10.127,InnoDB,LOCK_SYS_PAGE,835,7,473
1787549590.125,2026-08-24 05:33:10.127,InnoDB,LOCK_SYS_PAGE,846,7,505
1787549590.125,2026-08-24 05:33:10.127,InnoDB,LOCK_SYS_PAGE,815,7,484
1787549590.125,2026-08-24 05:33:10.127,InnoDB,LOCK_SYS_PAGE,958,7,551
1787549590.125,2026-08-24 05:33:10.127,InnoDB,LOCK_SYS_PAGE,825,7,558
1787549590.125,2026-08-24 05:33:10.127,InnoDB,LOCK_SYS_PAGE,721,7,462
1787549590.125,2026-08-24 05:33:10.127,InnoDB,LOCK_SYS_PAGE,828,7,536
1787549590.125,2026-08-24 05:33:10.127,InnoDB,LOCK_SYS_PAGE,860,7,522
1787549590.125,2026-08-24 05:33:10.127,InnoDB,PARSER,238,7,5
1787549590.125,2026-08-24 05:33:10.127,InnoDB,LOCK_SYS_PAGE,730,7,470
1787549590.125,2026-08-24 05:33:10.127,InnoDB,LOCK_SYS_PAGE,893,7,512
1787549590.125,2026-08-24 05:33:10.127,InnoDB,LOCK_SYS_PAGE,834,7,479
1787549590.125,2026-08-24 05:33:10.127,InnoDB,LOCK_SYS_PAGE,860,7,521
1787549590.125,2026-08-24 05:33:10.127,InnoDB,LOCK_SYS_PAGE,804,7,479
1787549590.125,2026-08-24 05:33:10.127,InnoDB,LOCK_SYS_PAGE,819,7,517
1787549590.125,2026-08-24 05:33:10.127,InnoDB,LOCK_SYS_PAGE,822,7,515
1787549590.125,2026-08-24 05:33:10.127,InnoDB,LOCK_SYS_PAGE,905,7,478
1787549590.125,2026-08-24 05:33:10.127,InnoDB,LOCK_SYS_PAGE,922,7,554
1787549590.125,2026-08-24 05:33:10.127,InnoDB,LOCK_SYS_PAGE,770,7,532
1787549590.125,2026-08-24 05:33:10.127,InnoDB,LOCK_SYS_PAGE,808,7,492
1787549590.125,2026-08-24 05:33:10.127,InnoDB,LOCK_SYS_PAGE,782,6,546
1787549590.125,2026-08-24 05:33:10.127,InnoDB,LOCK_SYS_PAGE,757,6,543
1787549590.125,2026-08-24 05:33:10.127,InnoDB,LOCK_SYS_PAGE,906,6,499
1787549590.125,2026-08-24 05:33:10.127,InnoDB,LOCK_SYS_PAGE,879,6,550
1787549590.125,2026-08-24 05:33:10.127,InnoDB,LOCK_SYS_PAGE,782,6,490
1787549590.125,2026-08-24 05:33:10.127,InnoDB,LOCK_SYS_PAGE,806,6,512
1787549590.125,2026-08-24 05:33:10.127,InnoDB,LOCK_SYS_PAGE,833,6,522
1787549590.125,2026-08-24 05:33:10.127,InnoDB,LOCK_SYS_PAGE,840,6,501
1787549590.125,2026-08-24 05:33:10.127,InnoDB,LOCK_SYS_PAGE,703,6,455
1787549590.125,2026-08-24 05:33:10.127,InnoDB,LOCK_SYS_PAGE,973,6,548
1787549590.125,2026-08-24 05:33:10.127,InnoDB,LOCK_SYS_PAGE,783,6,489
1787549590.125,2026-08-24 05:33:10.127,InnoDB,LOCK_SYS_PAGE,808,6,517
1787549590.125,2026-08-24 05:33:10.127,InnoDB,LOCK_SYS_PAGE,730,6,504
1787549590.125,2026-08-24 05:33:10.127,InnoDB,LOCK_SYS_PAGE,800,6,500
1787549590.125,2026-08-24 05:33:10.127,InnoDB,LOCK_SYS_PAGE,809,6,484
1787549590.125,2026-08-24 05:33:10.127,InnoDB,LOCK_SYS_PAGE,672,6,468
1787549590.125,2026-08-24 05:33:10.127,InnoDB,LOCK_SYS_PAGE,729,5,456
1787549590.125,2026-08-24 05:33:10.127,InnoDB,LOCK_SYS_PAGE,747,5,489
1787549590.125,2026-08-24 05:33:10.127,InnoDB,DICT_TABLE_STATS_COMPUTE,174,5,4
1787549590.125,2026-08-24 05:33:10.127,InnoDB,LOCK_SYS_PAGE,814,5,562
1787549590.125,2026-08-24 05:33:10.127,InnoDB,LOCK_SYS_PAGE,656,5,461
1787549590.125,2026-08-24 05:33:10.127,InnoDB,LOCK_SYS_PAGE,785,5,529
1787549590.125,2026-08-24 05:33:10.127,InnoDB,LOCK_SYS_PAGE,733,4,483
1787549590.125,2026-08-24 05:33:10.127,InnoDB,LOCK_SYS_PAGE,694,4,489
1787549590.125,2026-08-24 05:33:10.127,InnoDB,LOCK_SYS_PAGE,661,4,457
1787549590.125,2026-08-24 05:33:10.127,InnoDB,LOCK_SYS_PAGE,728,4,494
1787549590.125,2026-08-24 05:33:10.127,InnoDB,LOCK_SYS_PAGE,726,4,497
1787549590.125,2026-08-24 05:33:10.127,InnoDB,DICT_TABLE_STATS_COMPUTE,90,3,2
1787549590.125,2026-08-24 05:33:10.127,InnoDB,LOCK_SYS_PAGE,769,3,518
1787549590.125,2026-08-24 05:33:10.127,InnoDB,FIL_SHARD,99,2,44
1787549590.125,2026-08-24 05:33:10.127,InnoDB,FIL_SHARD,144,2,91
1787549590.125,2026-08-24 05:33:10.127,InnoDB,LOCK_SYS_PAGE,620,2,465
1787549590.125,2026-08-24 05:33:10.127,InnoDB,FIL_SHARD,96,2,25
1787549590.125,2026-08-24 05:33:10.127,InnoDB,FIL_SHARD,78,2,28
1787549590.125,2026-08-24 05:33:10.127,InnoDB,FIL_SHARD,63,1,35
1787549590.125,2026-08-24 05:33:10.127,InnoDB,TRX_SYS_SHARD,34,1,1
1787549590.125,2026-08-24 05:33:10.127,InnoDB,TRX_SYS_SHARD,32,1,3
1787549590.125,2026-08-24 05:33:10.127,InnoDB,FIL_SHARD,73,1,43
1787549590.125,2026-08-24 05:33:10.127,InnoDB,FIL_SHARD,38,1,11
1787549590.125,2026-08-24 05:33:10.127,InnoDB,TRX_SYS_SHARD,35,1,2
1787549590.125,2026-08-24 05:33:10.127,InnoDB,TRX_SYS_SHARD,31,1,2
1787549590.125,2026-08-24 05:33:10.127,InnoDB,LOG_LIMITS,238,1,140
1787549590.125,2026-08-24 05:33:10.127,InnoDB,FIL_SHARD,80,1,72
1787549590.125,2026-08-24 05:33:10.127,InnoDB,TRX_SYS_SHARD,30,1,1
1787549590.125,2026-08-24 05:33:10.127,InnoDB,FIL_SHARD,47,1,24
1787549590.125,2026-08-24 05:33:10.127,InnoDB,TRX_SYS_SHARD,4,0,3
1787549590.125,2026-08-24 05:33:10.127,InnoDB,TRX_SYS_SHARD,1,0,1
1787549590.125,2026-08-24 05:33:10.127,InnoDB,TRX_SYS_SHARD,1,0,1
1787549590.125,2026-08-24 05:33:10.127,InnoDB,TRX_SYS_SHARD,1,0,1
1787549590.125,2026-08-24 05:33:10.127,InnoDB,TRX_SYS_SHARD,2,0,1
1787549590.125,2026-08-24 05:33:10.127,InnoDB,TRX_SYS_SHARD,1,0,1
1787549590.125,2026-08-24 05:33:10.127,InnoDB,TRX_SYS_SHARD,1,0,1
1787549590.125,2026-08-24 05:33:10.127,InnoDB,TRX_SYS_SHARD,1,0,1
1787549590.125,2026-08-24 05:33:10.127,InnoDB,TRX_SYS_SHARD,1,0,1
1787549590.125,2026-08-24 05:33:10.127,InnoDB,TRX_SYS_SHARD,1,0,1
1787549590.125,2026-08-24 05:33:10.127,InnoDB,TRX_SYS_SHARD,1,0,1
1787549590.125,2026-08-24 05:33:10.127,InnoDB,TRX_SYS_SHARD,1,0,1
1787549590.125,2026-08-24 05:33:10.127,InnoDB,TRX_SYS_SHARD,1,0,1
1787549590.125,2026-08-24 05:33:10.127,InnoDB,TRX_SYS_SHARD,1,0,1
1787549590.125,2026-08-24 05:33:10.127,InnoDB,TRX_SYS_SHARD,1,0,1
1787549590.125,2026-08-24 05:33:10.127,InnoDB,TRX_SYS_SHARD,1,0,1
1787549590.125,2026-08-24 05:33:10.127,InnoDB,TRX_SYS_SHARD,1,0,1
1787549590.125,2026-08-24 05:33:10.127,InnoDB,TRX_SYS_SHARD,2,0,1
1787549590.125,2026-08-24 05:33:10.127,InnoDB,TRX_SYS_SHARD,2,0,1
1787549590.125,2026-08-24 05:33:10.127,InnoDB,TRX_SYS_SHARD,1,0,1
1787549590.125,2026-08-24 05:33:10.127,InnoDB,TRX_SYS_SHARD,1,0,1
1787549590.125,2026-08-24 05:33:10.127,InnoDB,TRX_SYS_SHARD,2,0,2
1787549590.125,2026-08-24 05:33:10.127,InnoDB,TRX_SYS_SHARD,1,0,1
1787549590.125,2026-08-24 05:33:10.127,InnoDB,TRX_SYS_SHARD,1,0,1
1787549590.125,2026-08-24 05:33:10.127,InnoDB,TRX_SYS_SHARD,2,0,2
1787549590.125,2026-08-24 05:33:10.127,InnoDB,TRX_SYS_SHARD,2,0,1
1787549590.125,2026-08-24 05:33:10.127,InnoDB,TRX_SYS_SHARD,1,0,1
1787549590.125,2026-08-24 05:33:10.127,InnoDB,TRX_SYS_SHARD,1,0,1
1787549590.125,2026-08-24 05:33:10.127,InnoDB,TRX_SYS_SHARD,2,0,1
1787549590.125,2026-08-24 05:33:10.127,InnoDB,TRX_SYS_SHARD,2,0,1
1787549590.125,2026-08-24 05:33:10.127,InnoDB,TRX_SYS_SHARD,1,0,1
1787549590.125,2026-08-24 05:33:10.127,InnoDB,TRX_SYS_SHARD,1,0,1
1787549590.125,2026-08-24 05:33:10.127,InnoDB,TRX_SYS_SHARD,1,0,1
1787549590.125,2026-08-24 05:33:10.127,InnoDB,TRX_SYS_SHARD,1,0,1
1787549590.125,2026-08-24 05:33:10.127,InnoDB,TRX_SYS_SHARD,4,0,2
1787549590.125,2026-08-24 05:33:10.127,InnoDB,TRX_SYS_SHARD,1,0,1
1787549590.125,2026-08-24 05:33:10.127,InnoDB,TRX_SYS_SHARD,1,0,1
1787549590.125,2026-08-24 05:33:10.127,InnoDB,TRX_SYS_SHARD,2,0,1
1787549590.125,2026-08-24 05:33:10.127,InnoDB,TRX_SYS_SHARD,1,0,1
1787549590.125,2026-08-24 05:33:10.127,InnoDB,FIL_SHARD,135,0,167
1787549590.125,2026-08-24 05:33:10.127,InnoDB,TRX_SYS_SHARD,2,0,2
1787549590.125,2026-08-24 05:33:10.127,InnoDB,TRX_SYS_SHARD,2,0,1
1787549590.125,2026-08-24 05:33:10.127,InnoDB,TRX_SYS_SHARD,2,0,1
1787549590.125,2026-08-24 05:33:10.127,InnoDB,TRX_SYS_SHARD,1,0,1
1787549590.125,2026-08-24 05:33:10.127,InnoDB,FIL_SHARD,25,0,8
1787549590.125,2026-08-24 05:33:10.127,InnoDB,TRX_SYS_SHARD,2,0,1
1787549590.125,2026-08-24 05:33:10.127,InnoDB,TRX_SYS_SHARD,1,0,1
1787549590.125,2026-08-24 05:33:10.127,InnoDB,CLONE_SYS,1,0,1
1787549590.125,2026-08-24 05:33:10.127,InnoDB,TRX_SYS_SHARD,1,0,1
1787549590.125,2026-08-24 05:33:10.127,InnoDB,TRX_SYS_SHARD,1,0,1
1787549590.125,2026-08-24 05:33:10.127,InnoDB,TRX_SYS_SHARD,2,0,2
1787549590.125,2026-08-24 05:33:10.127,InnoDB,TRX_SYS_SHARD,1,0,1
1787549590.125,2026-08-24 05:33:10.127,InnoDB,TRX_SYS_SHARD,2,0,2
1787549590.125,2026-08-24 05:33:10.127,InnoDB,TRX_SYS_SHARD,1,0,1
1787549590.125,2026-08-24 05:33:10.127,InnoDB,TRX_SYS_SHARD,2,0,1
1787549590.125,2026-08-24 05:33:10.127,InnoDB,TRX_SYS_SHARD,1,0,1
1787549590.125,2026-08-24 05:33:10.127,InnoDB,FIL_SHARD,3,0,12
1787549590.125,2026-08-24 05:33:10.127,InnoDB,FIL_SHARD,5,0,15
1787549590.125,2026-08-24 05:33:10.127,InnoDB,FIL_SHARD,9,0,21
1787549590.125,2026-08-24 05:33:10.127,InnoDB,FIL_SHARD,8,0,22
1787549590.125,2026-08-24 05:33:10.127,InnoDB,FIL_SHARD,52,0,36
1787549590.125,2026-08-24 05:33:10.127,InnoDB,FIL_SHARD,7,0,13
1787549590.125,2026-08-24 05:33:10.127,InnoDB,FIL_SHARD,7,0,14
1787549590.125,2026-08-24 05:33:10.127,InnoDB,FIL_SHARD,17,0,30
1787549590.125,2026-08-24 05:33:10.127,InnoDB,FIL_SHARD,8,0,15
1787549590.125,2026-08-24 05:33:10.127,InnoDB,FIL_SHARD,6,0,11
1787549590.125,2026-08-24 05:33:10.127,InnoDB,FIL_SHARD,39,0,49
1787549590.125,2026-08-24 05:33:10.127,InnoDB,FIL_SHARD,4,0,7
1787549590.125,2026-08-24 05:33:10.127,InnoDB,FIL_SHARD,21,0,29
1787549590.125,2026-08-24 05:33:10.127,InnoDB,FIL_SHARD,22,0,30
1787549590.125,2026-08-24 05:33:10.127,InnoDB,FIL_SHARD,33,0,56
1787549590.125,2026-08-24 05:33:10.127,InnoDB,FIL_SHARD,40,0,53
1787549590.125,2026-08-24 05:33:10.127,InnoDB,FIL_SHARD,31,0,50
1787549590.125,2026-08-24 05:33:10.127,InnoDB,FIL_SHARD,30,0,47
1787549590.125,2026-08-24 05:33:10.127,InnoDB,FIL_SHARD,17,0,29
1787549590.125,2026-08-24 05:33:10.127,InnoDB,FIL_SHARD,42,0,32
1787549590.125,2026-08-24 05:33:10.127,InnoDB,FIL_SHARD,5,0,9
1787549590.125,2026-08-24 05:33:10.127,InnoDB,FIL_SHARD,15,0,18
1787549590.125,2026-08-24 05:33:10.127,InnoDB,FIL_SHARD,8,0,23
1787549590.125,2026-08-24 05:33:10.127,InnoDB,FIL_SHARD,9,0,23
1787549590.125,2026-08-24 05:33:10.127,InnoDB,FIL_SHARD,8,0,12
1787549590.125,2026-08-24 05:33:10.127,InnoDB,FIL_SHARD,4,0,17
1787549590.125,2026-08-24 05:33:10.127,InnoDB,FIL_SHARD,31,0,24
1787549590.125,2026-08-24 05:33:10.127,InnoDB,FIL_SHARD,8,0,18
1787549590.125,2026-08-24 05:33:10.127,InnoDB,FIL_SHARD,9,0,18
1787549590.125,2026-08-24 05:33:10.127,InnoDB,FIL_SHARD,10,0,14
1787549590.125,2026-08-24 05:33:10.127,InnoDB,FIL_SHARD,19,0,27
1787549590.125,2026-08-24 05:33:10.127,InnoDB,FIL_SHARD,6,0,13
1787549590.125,2026-08-24 05:33:10.127,InnoDB,AUTOINC,1,0,1
1787549590.125,2026-08-24 05:33:10.127,InnoDB,TRX_SYS_SHARD,1,0,1
1787549590.125,2026-08-24 05:33:10.127,InnoDB,TRX_SYS_SHARD,2,0,2
1787549590.125,2026-08-24 05:33:10.127,InnoDB,TRX_SYS_SHARD,1,0,1
1787549590.125,2026-08-24 05:33:10.127,InnoDB,TRX_SYS_SHARD,1,0,1
1787549590.125,2026-08-24 05:33:10.127,InnoDB,TRX_SYS_SHARD,1,0,1
1787549590.125,2026-08-24 05:33:10.127,InnoDB,TRX_SYS_SHARD,5,0,3
1787549590.125,2026-08-24 05:33:10.127,InnoDB,TRX_SYS_SHARD,8,0,1
1787549590.125,2026-08-24 05:33:10.127,InnoDB,TRX_SYS_SHARD,1,0,1
1787549590.125,2026-08-24 05:33:10.127,InnoDB,TRX_SYS_SHARD,2,0,2
1787549590.125,2026-08-24 05:33:10.127,InnoDB,TRX_SYS_SHARD,6,0,1
1787549590.125,2026-08-24 05:33:10.127,InnoDB,TRX_SYS_SHARD,1,0,1
1787549590.125,2026-08-24 05:33:10.127,InnoDB,TRX_SYS_SHARD,1,0,1
1787549590.125,2026-08-24 05:33:10.127,InnoDB,TRX_SYS_SHARD,2,0,1
1787549590.125,2026-08-24 05:33:10.127,InnoDB,TRX_SYS_SHARD,1,0,1
1787549590.125,2026-08-24 05:33:10.127,InnoDB,TRX_SYS_SHARD,2,0,2
1787549590.125,2026-08-24 05:33:10.127,InnoDB,TRX_SYS_SHARD,3,0,2
1787549590.125,2026-08-24 05:33:10.127,InnoDB,TRX_SYS_SHARD,1,0,1
1787549590.125,2026-08-24 05:33:10.127,InnoDB,TRX_SYS_SHARD,1,0,1
1787549590.125,2026-08-24 05:33:10.127,InnoDB,TRX_SYS_SHARD,1,0,1
1787549590.125,2026-08-24 05:33:10.127,InnoDB,TRX_SYS_SHARD,2,0,2
1787549590.125,2026-08-24 05:33:10.127,InnoDB,TRX_SYS_SHARD,1,0,1
1787549590.125,2026-08-24 05:33:10.127,InnoDB,TRX_SYS_SHARD,1,0,1
1787549590.125,2026-08-24 05:33:10.127,InnoDB,TRX_SYS_SHARD,1,0,1
1787549590.125,2026-08-24 05:33:10.127,InnoDB,TRX_SYS_SHARD,2,0,2
1787549590.125,2026-08-24 05:33:10.127,InnoDB,TRX_SYS_SHARD,2,0,1
1787549590.125,2026-08-24 05:33:10.127,InnoDB,FIL_SHARD,72,0,107
1787549590.125,2026-08-24 05:33:10.127,InnoDB,TRX,1,0,1
1787549590.125,2026-08-24 05:33:10.127,InnoDB,TRX,1,0,1
1787549590.125,2026-08-24 05:33:10.127,InnoDB,TRX,1,0,1
1787549590.125,2026-08-24 05:33:10.127,InnoDB,TRX_POOL_MANAGER,5,0,5
1787549590.125,2026-08-24 05:33:10.127,InnoDB,FIL_SHARD,54,0,77
1787549590.125,2026-08-24 05:33:10.127,InnoDB,FIL_SHARD,56,0,62
1787549590.125,2026-08-24 05:33:10.127,InnoDB,rwlock: dict0dict.cc:2631,,10518,
1787549590.125,2026-08-24 05:33:10.127,InnoDB,rwlock: dict0dict.cc:2631,,10702,
1787549590.125,2026-08-24 05:33:10.127,InnoDB,rwlock: dict0dict.cc:2631,,11054,
1787549590.125,2026-08-24 05:33:10.127,InnoDB,rwlock: dict0dict.cc:2631,,10841,
1787549590.125,2026-08-24 05:33:10.127,InnoDB,rwlock: dict0dict.cc:2631,,11121,
1787549590.125,2026-08-24 05:33:10.127,InnoDB,rwlock: dict0dict.cc:2631,,10721,
1787549590.125,2026-08-24 05:33:10.127,InnoDB,rwlock: dict0dict.cc:2631,,10765,
1787549590.125,2026-08-24 05:33:10.127,InnoDB,rwlock: dict0dict.cc:2631,,10901,
1787549590.125,2026-08-24 05:33:10.127,InnoDB,rwlock: dict0dict.cc:2631,,10918,
1787549590.125,2026-08-24 05:33:10.127,InnoDB,rwlock: dict0dict.cc:2631,,11119,
1787549590.125,2026-08-24 05:33:10.127,InnoDB,rwlock: dict0dict.cc:2631,,10455,
1787549590.125,2026-08-24 05:33:10.127,InnoDB,rwlock: dict0dict.cc:2631,,10423,
1787549590.125,2026-08-24 05:33:10.127,InnoDB,rwlock: dict0dict.cc:2631,,10630,
1787549590.125,2026-08-24 05:33:10.127,InnoDB,rwlock: dict0dict.cc:2631,,10782,
1787549590.125,2026-08-24 05:33:10.127,InnoDB,rwlock: dict0dict.cc:2631,,10735,
1787549590.125,2026-08-24 05:33:10.127,InnoDB,rwlock: dict0dict.cc:2631,,10232,
1787549590.125,2026-08-24 05:33:10.127,InnoDB,rwlock: dict0dict.cc:2631,,10777,
1787549590.125,2026-08-24 05:33:10.127,InnoDB,rwlock: dict0dict.cc:2631,,10152,
1787549590.125,2026-08-24 05:33:10.127,InnoDB,rwlock: dict0dict.cc:2631,,10099,
1787549590.125,2026-08-24 05:33:10.127,InnoDB,rwlock: dict0dict.cc:2631,,11144,
1787549590.125,2026-08-24 05:33:10.127,InnoDB,rwlock: dict0dict.cc:2631,,1,
1787549590.125,2026-08-24 05:33:10.127,InnoDB,rwlock: dict0dict.cc:2631,,1,
1787549590.125,2026-08-24 05:33:10.127,InnoDB,rwlock: dict0dict.cc:2631,,1,
1787549590.125,2026-08-24 05:33:10.127,InnoDB,rwlock: dict0dict.cc:2631,,1,
1787549590.125,2026-08-24 05:33:10.127,InnoDB,rwlock: dict0dict.cc:2631,,1,
1787549590.125,2026-08-24 05:33:10.127,InnoDB,rwlock: fil0fil.cc:10242,,1,
1787549590.125,2026-08-24 05:33:10.127,InnoDB,rwlock: fil0fil.cc:10242,,1,
1787549590.125,2026-08-24 05:33:10.127,InnoDB,rwlock: dict0dict.cc:2631,,2,
1787549590.125,2026-08-24 05:33:10.127,InnoDB,rwlock: dict0dict.cc:2631,,1,
1787549590.125,2026-08-24 05:33:10.127,InnoDB,rwlock: dict0dict.cc:2631,,2,
1787549590.125,2026-08-24 05:33:10.127,InnoDB,rwlock: fil0fil.cc:10242,,1,
1787549590.125,2026-08-24 05:33:10.127,InnoDB,rwlock: dict0dict.cc:2631,,1,
1787549590.125,2026-08-24 05:33:10.127,InnoDB,rwlock: dict0dict.cc:2631,,1,
1787549590.125,2026-08-24 05:33:10.127,InnoDB,rwlock: dict0dict.cc:2631,,3,
1787549590.125,2026-08-24 05:33:10.127,InnoDB,rwlock: trx0purge.cc:232,,29,
1787549590.125,2026-08-24 05:33:10.127,InnoDB,rwlock: fil0fil.cc:10242,,5105,
1787549590.125,2026-08-24 05:33:10.127,InnoDB,rwlock: fil0fil.cc:10242,,4618,
1787549590.125,2026-08-24 05:33:10.127,InnoDB,rwlock: dict0dict.cc:1180,,25,
1787549590.125,2026-08-24 05:33:10.127,InnoDB,rwlock: hash0hash.cc:117,,705,
1787549590.125,2026-08-24 05:33:10.127,InnoDB,rwlock: hash0hash.cc:117,,1444,
1787549590.125,2026-08-24 05:33:10.127,InnoDB,rwlock: hash0hash.cc:117,,2532,
1787549590.125,2026-08-24 05:33:10.127,InnoDB,rwlock: hash0hash.cc:117,,580,
1787549590.125,2026-08-24 05:33:10.127,InnoDB,rwlock: hash0hash.cc:117,,714,
1787549590.125,2026-08-24 05:33:10.127,InnoDB,rwlock: hash0hash.cc:117,,835,
1787549590.125,2026-08-24 05:33:10.127,InnoDB,rwlock: hash0hash.cc:117,,1066,
1787549590.125,2026-08-24 05:33:10.127,InnoDB,rwlock: hash0hash.cc:117,,486,
1787549590.125,2026-08-24 05:33:10.127,InnoDB,rwlock: hash0hash.cc:117,,993,
1787549590.125,2026-08-24 05:33:10.127,InnoDB,rwlock: hash0hash.cc:117,,1998,
1787549590.125,2026-08-24 05:33:10.127,InnoDB,rwlock: hash0hash.cc:117,,742,
1787549590.125,2026-08-24 05:33:10.127,InnoDB,rwlock: hash0hash.cc:117,,2334,
1787549590.125,2026-08-24 05:33:10.127,InnoDB,rwlock: hash0hash.cc:117,,678,
1787549590.125,2026-08-24 05:33:10.127,InnoDB,rwlock: hash0hash.cc:117,,1123,
1787549590.125,2026-08-24 05:33:10.127,InnoDB,rwlock: hash0hash.cc:117,,1051,
1787549590.125,2026-08-24 05:33:10.127,InnoDB,rwlock: hash0hash.cc:117,,1228,
1787549590.125,2026-08-24 05:33:10.127,InnoDB,rwlock: hash0hash.cc:117,,833,
1787549590.125,2026-08-24 05:33:10.127,InnoDB,rwlock: hash0hash.cc:117,,505,
1787549590.125,2026-08-24 05:33:10.127,InnoDB,rwlock: hash0hash.cc:117,,630,
1787549590.125,2026-08-24 05:33:10.127,InnoDB,rwlock: hash0hash.cc:117,,1073,
1787549590.125,2026-08-24 05:33:10.127,InnoDB,rwlock: hash0hash.cc:117,,510,
1787549590.125,2026-08-24 05:33:10.127,InnoDB,rwlock: hash0hash.cc:117,,662,
1787549590.125,2026-08-24 05:33:10.127,InnoDB,rwlock: hash0hash.cc:117,,839,
1787549590.125,2026-08-24 05:33:10.127,InnoDB,rwlock: hash0hash.cc:117,,482,
1787549590.125,2026-08-24 05:33:10.127,InnoDB,rwlock: hash0hash.cc:117,,537,
1787549590.125,2026-08-24 05:33:10.127,InnoDB,rwlock: hash0hash.cc:117,,991,
1787549590.125,2026-08-24 05:33:10.127,InnoDB,rwlock: hash0hash.cc:117,,589,
1787549590.125,2026-08-24 05:33:10.127,InnoDB,rwlock: hash0hash.cc:117,,962,
1787549590.125,2026-08-24 05:33:10.127,InnoDB,rwlock: hash0hash.cc:117,,872,
1787549590.125,2026-08-24 05:33:10.127,InnoDB,rwlock: hash0hash.cc:117,,534,
1787549590.125,2026-08-24 05:33:10.127,InnoDB,rwlock: hash0hash.cc:117,,1148,
1787549590.125,2026-08-24 05:33:10.127,InnoDB,rwlock: hash0hash.cc:117,,556,
1787549590.125,2026-08-24 05:33:10.127,InnoDB,rwlock: hash0hash.cc:117,,568,
1787549590.125,2026-08-24 05:33:10.127,InnoDB,rwlock: hash0hash.cc:117,,500,
1787549590.125,2026-08-24 05:33:10.127,InnoDB,rwlock: hash0hash.cc:117,,2172,
1787549590.125,2026-08-24 05:33:10.127,InnoDB,rwlock: hash0hash.cc:117,,731,
1787549590.125,2026-08-24 05:33:10.127,InnoDB,rwlock: hash0hash.cc:117,,687,
1787549590.125,2026-08-24 05:33:10.127,InnoDB,rwlock: hash0hash.cc:117,,1298,
1787549590.125,2026-08-24 05:33:10.127,InnoDB,rwlock: hash0hash.cc:117,,2097,
1787549590.125,2026-08-24 05:33:10.127,InnoDB,rwlock: hash0hash.cc:117,,1138,
1787549590.125,2026-08-24 05:33:10.127,InnoDB,rwlock: hash0hash.cc:117,,650,
1787549590.125,2026-08-24 05:33:10.127,InnoDB,rwlock: hash0hash.cc:117,,1039,
1787549590.125,2026-08-24 05:33:10.127,InnoDB,rwlock: hash0hash.cc:117,,716,
1787549590.125,2026-08-24 05:33:10.127,InnoDB,rwlock: hash0hash.cc:117,,747,
1787549590.125,2026-08-24 05:33:10.127,InnoDB,rwlock: hash0hash.cc:117,,1339,
1787549590.125,2026-08-24 05:33:10.127,InnoDB,rwlock: hash0hash.cc:117,,1805,
1787549590.125,2026-08-24 05:33:10.127,InnoDB,rwlock: hash0hash.cc:117,,1329,
1787549590.125,2026-08-24 05:33:10.127,InnoDB,rwlock: hash0hash.cc:117,,597,
1787549590.125,2026-08-24 05:33:10.127,InnoDB,rwlock: hash0hash.cc:117,,798,
1787549590.125,2026-08-24 05:33:10.127,InnoDB,rwlock: hash0hash.cc:117,,830,
1787549590.125,2026-08-24 05:33:10.127,InnoDB,rwlock: hash0hash.cc:117,,699,
1787549590.125,2026-08-24 05:33:10.127,InnoDB,rwlock: hash0hash.cc:117,,830,
1787549590.125,2026-08-24 05:33:10.127,InnoDB,rwlock: hash0hash.cc:117,,752,
1787549590.125,2026-08-24 05:33:10.127,InnoDB,rwlock: hash0hash.cc:117,,744,
1787549590.125,2026-08-24 05:33:10.127,InnoDB,rwlock: hash0hash.cc:117,,647,
1787549590.125,2026-08-24 05:33:10.127,InnoDB,rwlock: hash0hash.cc:117,,692,
1787549590.125,2026-08-24 05:33:10.127,InnoDB,rwlock: hash0hash.cc:117,,391,
1787549590.125,2026-08-24 05:33:10.127,InnoDB,rwlock: hash0hash.cc:117,,688,
1787549590.125,2026-08-24 05:33:10.127,InnoDB,rwlock: hash0hash.cc:117,,1029,
1787549590.125,2026-08-24 05:33:10.127,InnoDB,rwlock: hash0hash.cc:117,,758,
1787549590.125,2026-08-24 05:33:10.127,InnoDB,rwlock: hash0hash.cc:117,,673,
1787549590.125,2026-08-24 05:33:10.127,InnoDB,rwlock: hash0hash.cc:117,,686,
1787549590.125,2026-08-24 05:33:10.127,InnoDB,rwlock: hash0hash.cc:117,,776,
1787549590.125,2026-08-24 05:33:10.127,InnoDB,rwlock: hash0hash.cc:117,,840,
1787549590.125,2026-08-24 05:33:10.127,InnoDB,rwlock: hash0hash.cc:117,,2581,
1787549590.125,2026-08-24 05:33:10.127,InnoDB,rwlock: hash0hash.cc:117,,2970,
1787549590.125,2026-08-24 05:33:10.127,InnoDB,rwlock: hash0hash.cc:117,,2634,
1787549590.125,2026-08-24 05:33:10.127,InnoDB,rwlock: hash0hash.cc:117,,858,
1787549590.125,2026-08-24 05:33:10.127,InnoDB,rwlock: hash0hash.cc:117,,1379,
1787549590.125,2026-08-24 05:33:10.127,InnoDB,rwlock: hash0hash.cc:117,,1091,
1787549590.125,2026-08-24 05:33:10.127,InnoDB,rwlock: hash0hash.cc:117,,1198,
1787549590.125,2026-08-24 05:33:10.127,InnoDB,rwlock: hash0hash.cc:117,,1010,
1787549590.125,2026-08-24 05:33:10.127,InnoDB,rwlock: hash0hash.cc:117,,3393,
1787549590.125,2026-08-24 05:33:10.127,InnoDB,rwlock: hash0hash.cc:117,,3090,
1787549590.125,2026-08-24 05:33:10.127,InnoDB,rwlock: hash0hash.cc:117,,1291,
1787549590.125,2026-08-24 05:33:10.127,InnoDB,rwlock: hash0hash.cc:117,,2621,
1787549590.125,2026-08-24 05:33:10.127,InnoDB,rwlock: hash0hash.cc:117,,1431,
1787549590.125,2026-08-24 05:33:10.127,InnoDB,rwlock: hash0hash.cc:117,,1036,
1787549590.125,2026-08-24 05:33:10.127,InnoDB,rwlock: hash0hash.cc:117,,1161,
1787549590.125,2026-08-24 05:33:10.127,InnoDB,rwlock: hash0hash.cc:117,,2877,
1787549590.125,2026-08-24 05:33:10.127,InnoDB,rwlock: hash0hash.cc:117,,2316,
1787549590.125,2026-08-24 05:33:10.127,InnoDB,rwlock: hash0hash.cc:117,,1172,
1787549590.125,2026-08-24 05:33:10.127,InnoDB,rwlock: hash0hash.cc:117,,2431,
1787549590.125,2026-08-24 05:33:10.127,InnoDB,rwlock: hash0hash.cc:117,,1232,
1787549590.125,2026-08-24 05:33:10.127,InnoDB,rwlock: hash0hash.cc:117,,1070,
1787549590.125,2026-08-24 05:33:10.127,InnoDB,rwlock: hash0hash.cc:117,,1568,
1787549590.125,2026-08-24 05:33:10.127,InnoDB,rwlock: hash0hash.cc:117,,2395,
1787549590.125,2026-08-24 05:33:10.127,InnoDB,rwlock: hash0hash.cc:117,,2001,
1787549590.125,2026-08-24 05:33:10.127,InnoDB,rwlock: hash0hash.cc:117,,852,
1787549590.125,2026-08-24 05:33:10.127,InnoDB,rwlock: hash0hash.cc:117,,1136,
1787549590.125,2026-08-24 05:33:10.127,InnoDB,rwlock: hash0hash.cc:117,,1202,
1787549590.125,2026-08-24 05:33:10.127,InnoDB,rwlock: hash0hash.cc:117,,3220,
1787549590.125,2026-08-24 05:33:10.127,InnoDB,rwlock: hash0hash.cc:117,,2576,
1787549590.125,2026-08-24 05:33:10.127,InnoDB,rwlock: hash0hash.cc:117,,1939,
1787549590.125,2026-08-24 05:33:10.127,InnoDB,rwlock: hash0hash.cc:117,,948,
1787549590.125,2026-08-24 05:33:10.127,InnoDB,rwlock: hash0hash.cc:117,,1003,
1787549590.125,2026-08-24 05:33:10.127,InnoDB,sum rwlock: buf0buf.cc:852,,445169,
1787549597.221,2026-08-24 05:33:17.223,InnoDB,SRV_SYS,11646361,299488,1158357
1787549597.221,2026-08-24 05:33:17.223,InnoDB,TRX_SYS,22106049,276516,10038821
1787549597.221,2026-08-24 05:33:17.223,InnoDB,LOG_WRITER,3795476,126422,1785
1787549597.221,2026-08-24 05:33:17.223,InnoDB,BUF_POOL_LRU_LIST,6458785,98103,2547043
1787549597.221,2026-08-24 05:33:17.223,InnoDB,BUF_POOL_LRU_LIST,6067607,97833,2293044
1787549597.221,2026-08-24 05:33:17.223,InnoDB,BUF_POOL_LRU_LIST,6186329,91165,2498982
1787549597.221,2026-08-24 05:33:17.223,InnoDB,BUF_POOL_LRU_LIST,6165644,88000,2593572
1787549597.221,2026-08-24 05:33:17.223,InnoDB,BUF_POOL_LRU_LIST,5809602,85503,2445406
1787549597.221,2026-08-24 05:33:17.223,InnoDB,BUF_POOL_LRU_LIST,5955008,84784,2554994
1787549597.221,2026-08-24 05:33:17.223,InnoDB,DICT_SYS,31749196,34533,21738200
1787549597.221,2026-08-24 05:33:17.223,InnoDB,FLUSH_LIST,1078984,29961,151414
1787549597.221,2026-08-24 05:33:17.223,InnoDB,FLUSH_LIST,918406,24794,142574
1787549597.221,2026-08-24 05:33:17.223,InnoDB,BUF_POOL_FLUSH_STATE,1474728,21105,483384
1787549597.221,2026-08-24 05:33:17.223,InnoDB,FLUSH_LIST,781141,20372,133757
1787549597.221,2026-08-24 05:33:17.223,InnoDB,BUF_POOL_FLUSH_STATE,1423388,20135,462495
1787549597.221,2026-08-24 05:33:17.223,InnoDB,FLUSH_LIST,769801,19966,133382
1787549597.221,2026-08-24 05:33:17.223,InnoDB,BUF_POOL_FLUSH_STATE,1382147,19955,447537
1787549597.221,2026-08-24 05:33:17.223,InnoDB,BUF_POOL_FLUSH_STATE,1422263,19906,460169
1787549597.221,2026-08-24 05:33:17.223,InnoDB,BUF_POOL_FLUSH_STATE,1414073,19882,454066
1787549597.221,2026-08-24 05:33:17.223,InnoDB,BUF_POOL_FLUSH_STATE,1401173,19534,456686
1787549597.221,2026-08-24 05:33:17.223,InnoDB,FLUSH_LIST,697540,17462,134910
1787549597.221,2026-08-24 05:33:17.223,InnoDB,FLUSH_LIST,668227,16478,136845
1787549597.221,2026-08-24 05:33:17.223,InnoDB,PURGE_SYS_PQ,1948434,13925,1253594
1787549597.221,2026-08-24 05:33:17.223,InnoDB,TRX_SYS_SERIALISATION,1328077,11998,798370
1787549597.221,2026-08-24 05:33:17.223,InnoDB,FIL_SHARD,156831,2818,40586
1787549597.221,2026-08-24 05:33:17.223,InnoDB,FIL_SHARD,168141,2778,44807
1787549597.221,2026-08-24 05:33:17.223,InnoDB,FIL_SHARD,148722,2689,39594
1787549597.221,2026-08-24 05:33:17.223,InnoDB,FIL_SHARD,148980,2638,40253
1787549597.221,2026-08-24 05:33:17.223,InnoDB,FIL_SHARD,138247,2518,37870
1787549597.221,2026-08-24 05:33:17.223,InnoDB,FIL_SHARD,142105,2490,40675
1787549597.221,2026-08-24 05:33:17.223,InnoDB,FIL_SHARD,136671,2428,37722
1787549597.221,2026-08-24 05:33:17.223,InnoDB,TRX,723329,2421,1083146
1787549597.221,2026-08-24 05:33:17.223,InnoDB,FIL_SHARD,135715,2416,38523
1787549597.221,2026-08-24 05:33:17.223,InnoDB,FIL_SHARD,135840,2406,38752
1787549597.221,2026-08-24 05:33:17.223,InnoDB,FIL_SHARD,133157,2380,38339
1787549597.221,2026-08-24 05:33:17.223,InnoDB,FIL_SHARD,132087,2341,37425
1787549597.221,2026-08-24 05:33:17.223,InnoDB,FIL_SHARD,129246,2298,37869
1787549597.221,2026-08-24 05:33:17.223,InnoDB,FIL_SHARD,128677,2269,36826
1787549597.221,2026-08-24 05:33:17.223,InnoDB,FIL_SHARD,125729,2258,35876
1787549597.221,2026-08-24 05:33:17.223,InnoDB,FIL_SHARD,129558,2250,37131
1787549597.221,2026-08-24 05:33:17.223,InnoDB,FIL_SHARD,123878,2160,35829
1787549597.221,2026-08-24 05:33:17.223,InnoDB,FIL_SHARD,124685,2159,37886
1787549597.221,2026-08-24 05:33:17.223,InnoDB,FIL_SHARD,124410,2155,37074
1787549597.221,2026-08-24 05:33:17.223,InnoDB,FIL_SHARD,114348,1989,34344
1787549597.221,2026-08-24 05:33:17.223,InnoDB,FIL_SHARD,109696,1970,32222
1787549597.221,2026-08-24 05:33:17.223,InnoDB,LOCK_SYS_TABLE,87935,1241,39980
1787549597.221,2026-08-24 05:33:17.223,InnoDB,LOG_FILES,42072,1198,1470
1787549597.221,2026-08-24 05:33:17.223,InnoDB,LOCK_SYS_TABLE,85915,1198,40110
1787549597.221,2026-08-24 05:33:17.223,InnoDB,LOCK_SYS_TABLE,84527,1166,39131
1787549597.221,2026-08-24 05:33:17.223,InnoDB,LOCK_SYS_TABLE,85175,1164,39180
1787549597.221,2026-08-24 05:33:17.223,InnoDB,LOCK_SYS_TABLE,83887,1154,40324
1787549597.221,2026-08-24 05:33:17.223,InnoDB,LOCK_SYS_TABLE,86939,1146,41253
1787549597.221,2026-08-24 05:33:17.223,InnoDB,LOCK_SYS_TABLE,84256,1145,40390
1787549597.221,2026-08-24 05:33:17.223,InnoDB,LOCK_SYS_TABLE,83592,1125,41648
1787549597.221,2026-08-24 05:33:17.223,InnoDB,LOCK_SYS_TABLE,81991,1123,40162
1787549597.221,2026-08-24 05:33:17.223,InnoDB,LOCK_SYS_TABLE,85468,1120,40744
1787549597.221,2026-08-24 05:33:17.223,InnoDB,LOCK_SYS_TABLE,81962,1110,41005
1787549597.221,2026-08-24 05:33:17.223,InnoDB,LOCK_SYS_TABLE,85590,1104,42567
1787549597.221,2026-08-24 05:33:17.223,InnoDB,LOCK_SYS_TABLE,84686,1102,42525
1787549597.221,2026-08-24 05:33:17.223,InnoDB,BUF_BLOCK_MUTEX,36684,1100,2088
1787549597.221,2026-08-24 05:33:17.223,InnoDB,LOCK_SYS_TABLE,84423,1087,41244
1787549597.221,2026-08-24 05:33:17.223,InnoDB,LOCK_SYS_TABLE,80287,1054,40026
1787549597.221,2026-08-24 05:33:17.223,InnoDB,LOCK_SYS_TABLE,83530,1054,42799
1787549597.221,2026-08-24 05:33:17.223,InnoDB,LOCK_SYS_TABLE,82261,1052,39833
1787549597.221,2026-08-24 05:33:17.223,InnoDB,LOG_FLUSHER,41623,1033,1774
1787549597.221,2026-08-24 05:33:17.223,InnoDB,LOCK_SYS_TABLE,82872,1030,42032
1787549597.221,2026-08-24 05:33:17.223,InnoDB,LOCK_SYS_TABLE,76206,925,38763
1787549597.221,2026-08-24 05:33:17.223,InnoDB,LOCK_SYS_TABLE,75261,897,38213
1787549597.221,2026-08-24 05:33:17.223,InnoDB,SRV_SYS_TASKS,480887,851,456284
1787549597.221,2026-08-24 05:33:17.223,InnoDB,PAGE_CLEANER,326635,501,212059
1787549597.221,2026-08-24 05:33:17.223,InnoDB,FIL_SHARD,29743,342,26781
1787549597.221,2026-08-24 05:33:17.223,InnoDB,FIL_SHARD,27691,265,26740
1787549597.221,2026-08-24 05:33:17.223,InnoDB,DICT_PERSIST_DIRTY_TABLES,608988,233,248069
1787549597.221,2026-08-24 05:33:17.223,InnoDB,IBUF_BITMAP,17401,162,9949
1787549597.221,2026-08-24 05:33:17.223,InnoDB,BUF_POOL_FREE_LIST,47025,90,42369
1787549597.221,2026-08-24 05:33:17.223,InnoDB,BUF_POOL_FREE_LIST,34385,72,32830
1787549597.221,2026-08-24 05:33:17.223,InnoDB,BUF_POOL_FREE_LIST,48354,67,43744
1787549597.221,2026-08-24 05:33:17.223,InnoDB,BUF_POOL_FREE_LIST,39352,56,36973
1787549597.221,2026-08-24 05:33:17.223,InnoDB,BUF_POOL_FREE_LIST,35885,56,35594
1787549597.221,2026-08-24 05:33:17.223,InnoDB,BUF_POOL_FREE_LIST,34016,53,32971
1787549597.221,2026-08-24 05:33:17.223,InnoDB,UNDO_SPACE_RSEG,4203,43,1421
1787549597.221,2026-08-24 05:33:17.223,InnoDB,UNDO_SPACE_RSEG,4301,40,1473
1787549597.221,2026-08-24 05:33:17.223,InnoDB,UNDO_SPACE_RSEG,4079,40,1397
1787549597.221,2026-08-24 05:33:17.223,InnoDB,UNDO_SPACE_RSEG,3974,39,1418
1787549597.221,2026-08-24 05:33:17.223,InnoDB,UNDO_SPACE_RSEG,4145,39,1450
1787549597.221,2026-08-24 05:33:17.223,InnoDB,UNDO_SPACE_RSEG,4020,39,1362
1787549597.221,2026-08-24 05:33:17.223,InnoDB,UNDO_SPACE_RSEG,4047,38,1418
1787549597.221,2026-08-24 05:33:17.223,InnoDB,UNDO_SPACE_RSEG,3935,38,1417
1787549597.221,2026-08-24 05:33:17.223,InnoDB,UNDO_SPACE_RSEG,4240,38,1482
1787549597.221,2026-08-24 05:33:17.223,InnoDB,UNDO_SPACE_RSEG,4029,38,1411
1787549597.221,2026-08-24 05:33:17.223,InnoDB,UNDO_SPACE_RSEG,4281,38,1484
1787549597.221,2026-08-24 05:33:17.223,InnoDB,UNDO_SPACE_RSEG,4007,37,1418
1787549597.221,2026-08-24 05:33:17.223,InnoDB,UNDO_SPACE_RSEG,3984,37,1421
1787549597.221,2026-08-24 05:33:17.223,InnoDB,UNDO_SPACE_RSEG,3922,37,1395
1787549597.221,2026-08-24 05:33:17.223,InnoDB,UNDO_SPACE_RSEG,3898,37,1405
1787549597.221,2026-08-24 05:33:17.223,InnoDB,UNDO_SPACE_RSEG,4062,37,1471
1787549597.221,2026-08-24 05:33:17.223,InnoDB,UNDO_SPACE_RSEG,4199,37,1498
1787549597.221,2026-08-24 05:33:17.223,InnoDB,UNDO_SPACE_RSEG,4227,37,1454
1787549597.221,2026-08-24 05:33:17.223,InnoDB,UNDO_SPACE_RSEG,3939,36,1392
1787549597.221,2026-08-24 05:33:17.223,InnoDB,UNDO_SPACE_RSEG,4057,36,1475
1787549597.221,2026-08-24 05:33:17.223,InnoDB,UNDO_SPACE_RSEG,3777,36,1395
1787549597.221,2026-08-24 05:33:17.223,InnoDB,UNDO_SPACE_RSEG,4010,36,1450
1787549597.221,2026-08-24 05:33:17.223,InnoDB,UNDO_SPACE_RSEG,3953,36,1442
1787549597.221,2026-08-24 05:33:17.223,InnoDB,UNDO_SPACE_RSEG,3993,36,1393
1787549597.221,2026-08-24 05:33:17.223,InnoDB,UNDO_SPACE_RSEG,4009,36,1375
1787549597.221,2026-08-24 05:33:17.223,InnoDB,UNDO_SPACE_RSEG,3871,35,1405
1787549597.221,2026-08-24 05:33:17.223,InnoDB,UNDO_SPACE_RSEG,4160,35,1511
1787549597.221,2026-08-24 05:33:17.223,InnoDB,UNDO_SPACE_RSEG,3978,35,1384
1787549597.221,2026-08-24 05:33:17.223,InnoDB,UNDO_SPACE_RSEG,4009,35,1439
1787549597.221,2026-08-24 05:33:17.223,InnoDB,UNDO_SPACE_RSEG,4064,35,1459
1787549597.221,2026-08-24 05:33:17.223,InnoDB,UNDO_SPACE_RSEG,3817,34,1394
1787549597.221,2026-08-24 05:33:17.223,InnoDB,UNDO_SPACE_RSEG,3963,34,1405
1787549597.221,2026-08-24 05:33:17.223,InnoDB,UNDO_SPACE_RSEG,4056,34,1441
1787549597.221,2026-08-24 05:33:17.223,InnoDB,UNDO_SPACE_RSEG,4012,34,1487
1787549597.221,2026-08-24 05:33:17.223,InnoDB,UNDO_SPACE_RSEG,3894,34,1412
1787549597.221,2026-08-24 05:33:17.223,InnoDB,UNDO_SPACE_RSEG,3697,33,1353
1787549597.221,2026-08-24 05:33:17.223,InnoDB,UNDO_SPACE_RSEG,3843,33,1459
1787549597.221,2026-08-24 05:33:17.223,InnoDB,UNDO_SPACE_RSEG,4065,33,1454
1787549597.221,2026-08-24 05:33:17.223,InnoDB,UNDO_SPACE_RSEG,3795,33,1404
1787549597.221,2026-08-24 05:33:17.223,InnoDB,UNDO_SPACE_RSEG,3918,33,1488
1787549597.221,2026-08-24 05:33:17.223,InnoDB,UNDO_SPACE_RSEG,4020,33,1477
1787549597.221,2026-08-24 05:33:17.223,InnoDB,UNDO_SPACE_RSEG,3885,33,1423
1787549597.221,2026-08-24 05:33:17.223,InnoDB,UNDO_SPACE_RSEG,3769,33,1340
1787549597.221,2026-08-24 05:33:17.223,InnoDB,UNDO_SPACE_RSEG,3810,33,1391
1787549597.221,2026-08-24 05:33:17.223,InnoDB,UNDO_SPACE_RSEG,3876,33,1436
1787549597.221,2026-08-24 05:33:17.223,InnoDB,UNDO_SPACE_RSEG,4174,33,1506
1787549597.221,2026-08-24 05:33:17.223,InnoDB,LOCK_SYS_PAGE,1831,33,541
1787549597.221,2026-08-24 05:33:17.223,InnoDB,UNDO_SPACE_RSEG,3962,33,1438
1787549597.221,2026-08-24 05:33:17.223,InnoDB,UNDO_SPACE_RSEG,4170,33,1493
1787549597.221,2026-08-24 05:33:17.223,InnoDB,UNDO_SPACE_RSEG,3755,33,1335
1787549597.221,2026-08-24 05:33:17.223,InnoDB,UNDO_SPACE_RSEG,3908,32,1472
1787549597.221,2026-08-24 05:33:17.223,InnoDB,UNDO_SPACE_RSEG,4139,32,1528
1787549597.221,2026-08-24 05:33:17.223,InnoDB,UNDO_SPACE_RSEG,3864,32,1391
1787549597.221,2026-08-24 05:33:17.223,InnoDB,UNDO_SPACE_RSEG,3983,32,1471
1787549597.221,2026-08-24 05:33:17.223,InnoDB,UNDO_SPACE_RSEG,3770,32,1359
1787549597.221,2026-08-24 05:33:17.223,InnoDB,UNDO_SPACE_RSEG,4202,32,1499
1787549597.221,2026-08-24 05:33:17.223,InnoDB,UNDO_SPACE_RSEG,4007,32,1486
1787549597.221,2026-08-24 05:33:17.223,InnoDB,UNDO_SPACE_RSEG,3694,32,1397
1787549597.221,2026-08-24 05:33:17.223,InnoDB,UNDO_SPACE_RSEG,3881,32,1422
1787549597.221,2026-08-24 05:33:17.223,InnoDB,UNDO_SPACE_RSEG,3743,32,1360
1787549597.221,2026-08-24 05:33:17.223,InnoDB,UNDO_SPACE_RSEG,3806,31,1389
1787549597.221,2026-08-24 05:33:17.223,InnoDB,UNDO_SPACE_RSEG,3956,31,1437
1787549597.221,2026-08-24 05:33:17.223,InnoDB,UNDO_SPACE_RSEG,3773,31,1357
1787549597.221,2026-08-24 05:33:17.223,InnoDB,UNDO_SPACE_RSEG,3640,31,1370
1787549597.221,2026-08-24 05:33:17.223,InnoDB,UNDO_SPACE_RSEG,3805,31,1373
1787549597.221,2026-08-24 05:33:17.223,InnoDB,UNDO_SPACE_RSEG,3965,31,1480
1787549597.221,2026-08-24 05:33:17.223,InnoDB,UNDO_SPACE_RSEG,4094,31,1514
1787549597.221,2026-08-24 05:33:17.223,InnoDB,UNDO_SPACE_RSEG,3846,31,1371
1787549597.221,2026-08-24 05:33:17.223,InnoDB,UNDO_SPACE_RSEG,3611,31,1365
1787549597.221,2026-08-24 05:33:17.223,InnoDB,UNDO_SPACE_RSEG,3990,31,1453
1787549597.221,2026-08-24 05:33:17.223,InnoDB,UNDO_SPACE_RSEG,3862,31,1486
1787549597.221,2026-08-24 05:33:17.223,InnoDB,UNDO_SPACE_RSEG,3641,31,1406
1787549597.221,2026-08-24 05:33:17.223,InnoDB,UNDO_SPACE_RSEG,3797,31,1412
1787549597.221,2026-08-24 05:33:17.223,InnoDB,UNDO_SPACE_RSEG,3668,31,1420
1787549597.221,2026-08-24 05:33:17.223,InnoDB,UNDO_SPACE_RSEG,3809,31,1398
1787549597.221,2026-08-24 05:33:17.223,InnoDB,UNDO_SPACE_RSEG,3766,30,1433
1787549597.221,2026-08-24 05:33:17.223,InnoDB,UNDO_SPACE_RSEG,3814,30,1373
1787549597.221,2026-08-24 05:33:17.223,InnoDB,LOCK_SYS_PAGE,1651,30,543
1787549597.221,2026-08-24 05:33:17.223,InnoDB,UNDO_SPACE_RSEG,3649,30,1362
1787549597.221,2026-08-24 05:33:17.223,InnoDB,UNDO_SPACE_RSEG,3761,30,1431
1787549597.221,2026-08-24 05:33:17.223,InnoDB,UNDO_SPACE_RSEG,3713,30,1392
1787549597.221,2026-08-24 05:33:17.223,InnoDB,UNDO_SPACE_RSEG,3870,30,1416
1787549597.221,2026-08-24 05:33:17.223,InnoDB,UNDO_SPACE_RSEG,3838,30,1422
1787549597.221,2026-08-24 05:33:17.223,InnoDB,UNDO_SPACE_RSEG,3872,30,1436
1787549597.221,2026-08-24 05:33:17.223,InnoDB,UNDO_SPACE_RSEG,3790,30,1437
1787549597.221,2026-08-24 05:33:17.223,InnoDB,UNDO_SPACE_RSEG,3965,30,1451
1787549597.221,2026-08-24 05:33:17.223,InnoDB,UNDO_SPACE_RSEG,3608,30,1359
1787549597.221,2026-08-24 05:33:17.223,InnoDB,UNDO_SPACE_RSEG,3882,30,1480
1787549597.221,2026-08-24 05:33:17.223,InnoDB,UNDO_SPACE_RSEG,3784,30,1384
1787549597.221,2026-08-24 05:33:17.223,InnoDB,UNDO_SPACE_RSEG,3855,30,1402
1787549597.221,2026-08-24 05:33:17.223,InnoDB,UNDO_SPACE_RSEG,3843,30,1470
1787549597.221,2026-08-24 05:33:17.223,InnoDB,UNDO_SPACE_RSEG,3864,29,1459
1787549597.221,2026-08-24 05:33:17.223,InnoDB,UNDO_SPACE_RSEG,3824,29,1382
1787549597.221,2026-08-24 05:33:17.223,InnoDB,UNDO_SPACE_RSEG,3872,29,1420
1787549597.221,2026-08-24 05:33:17.223,InnoDB,UNDO_SPACE_RSEG,3921,29,1483
1787549597.221,2026-08-24 05:33:17.223,InnoDB,UNDO_SPACE_RSEG,3650,29,1396
1787549597.221,2026-08-24 05:33:17.223,InnoDB,UNDO_SPACE_RSEG,3643,29,1435
1787549597.221,2026-08-24 05:33:17.223,InnoDB,UNDO_SPACE_RSEG,4105,29,1481
1787549597.221,2026-08-24 05:33:17.223,InnoDB,UNDO_SPACE_RSEG,3813,29,1454
1787549597.221,2026-08-24 05:33:17.223,InnoDB,UNDO_SPACE_RSEG,3811,29,1440
1787549597.221,2026-08-24 05:33:17.223,InnoDB,UNDO_SPACE_RSEG,3773,29,1414
1787549597.221,2026-08-24 05:33:17.223,InnoDB,UNDO_SPACE_RSEG,3669,29,1408
1787549597.221,2026-08-24 05:33:17.223,InnoDB,UNDO_SPACE_RSEG,3620,29,1406
1787549597.221,2026-08-24 05:33:17.223,InnoDB,UNDO_SPACE_RSEG,3709,29,1436
1787549597.221,2026-08-24 05:33:17.223,InnoDB,UNDO_SPACE_RSEG,3638,29,1407
1787549597.221,2026-08-24 05:33:17.223,InnoDB,UNDO_SPACE_RSEG,3642,29,1373
1787549597.221,2026-08-24 05:33:17.223,InnoDB,UNDO_SPACE_RSEG,3699,29,1369
1787549597.221,2026-08-24 05:33:17.223,InnoDB,UNDO_SPACE_RSEG,3822,29,1401
1787549597.221,2026-08-24 05:33:17.223,InnoDB,UNDO_SPACE_RSEG,3882,29,1465
1787549597.221,2026-08-24 05:33:17.223,InnoDB,UNDO_SPACE_RSEG,3988,29,1479
1787549597.221,2026-08-24 05:33:17.223,InnoDB,UNDO_SPACE_RSEG,3794,29,1422
1787549597.221,2026-08-24 05:33:17.223,InnoDB,UNDO_SPACE_RSEG,3788,28,1458
1787549597.221,2026-08-24 05:33:17.223,InnoDB,UNDO_SPACE_RSEG,3839,28,1436
1787549597.221,2026-08-24 05:33:17.223,InnoDB,UNDO_SPACE_RSEG,3762,28,1469
1787549597.221,2026-08-24 05:33:17.223,InnoDB,UNDO_SPACE_RSEG,3833,28,1460
1787549597.221,2026-08-24 05:33:17.223,InnoDB,UNDO_SPACE_RSEG,3670,28,1383
1787549597.221,2026-08-24 05:33:17.223,InnoDB,UNDO_SPACE_RSEG,3691,28,1453
1787549597.221,2026-08-24 05:33:17.223,InnoDB,UNDO_SPACE_RSEG,3572,28,1338
1787549597.221,2026-08-24 05:33:17.223,InnoDB,UNDO_SPACE_RSEG,3768,28,1457
1787549597.221,2026-08-24 05:33:17.223,InnoDB,UNDO_SPACE_RSEG,3857,28,1451
1787549597.221,2026-08-24 05:33:17.223,InnoDB,UNDO_SPACE_RSEG,3511,28,1389
1787549597.221,2026-08-24 05:33:17.223,InnoDB,UNDO_SPACE_RSEG,3653,28,1431
1787549597.221,2026-08-24 05:33:17.223,InnoDB,UNDO_SPACE_RSEG,3706,28,1414
1787549597.221,2026-08-24 05:33:17.223,InnoDB,UNDO_SPACE_RSEG,3655,28,1400
1787549597.221,2026-08-24 05:33:17.223,InnoDB,UNDO_SPACE_RSEG,3765,28,1465
1787549597.221,2026-08-24 05:33:17.223,InnoDB,UNDO_SPACE_RSEG,3779,28,1402
1787549597.221,2026-08-24 05:33:17.223,InnoDB,UNDO_SPACE_RSEG,3871,28,1480
1787549597.221,2026-08-24 05:33:17.223,InnoDB,UNDO_SPACE_RSEG,3760,28,1496
1787549597.221,2026-08-24 05:33:17.223,InnoDB,UNDO_SPACE_RSEG,3779,28,1443
1787549597.221,2026-08-24 05:33:17.223,InnoDB,UNDO_SPACE_RSEG,3781,28,1427
1787549597.221,2026-08-24 05:33:17.223,InnoDB,UNDO_SPACE_RSEG,3743,28,1374
1787549597.221,2026-08-24 05:33:17.223,InnoDB,UNDO_SPACE_RSEG,3781,28,1398
1787549597.221,2026-08-24 05:33:17.223,InnoDB,UNDO_SPACE_RSEG,3911,28,1455
1787549597.221,2026-08-24 05:33:17.223,InnoDB,UNDO_SPACE_RSEG,3785,28,1437
1787549597.221,2026-08-24 05:33:17.223,InnoDB,UNDO_SPACE_RSEG,3917,28,1475
1787549597.221,2026-08-24 05:33:17.223,InnoDB,UNDO_SPACE_RSEG,3698,27,1438
1787549597.221,2026-08-24 05:33:17.223,InnoDB,UNDO_SPACE_RSEG,3813,27,1448
1787549597.221,2026-08-24 05:33:17.223,InnoDB,UNDO_SPACE_RSEG,3629,27,1401
1787549597.221,2026-08-24 05:33:17.223,InnoDB,UNDO_SPACE_RSEG,3475,27,1362
1787549597.221,2026-08-24 05:33:17.223,InnoDB,UNDO_SPACE_RSEG,3637,27,1361
1787549597.221,2026-08-24 05:33:17.223,InnoDB,LOCK_SYS_PAGE,1583,27,552
1787549597.221,2026-08-24 05:33:17.223,InnoDB,UNDO_SPACE_RSEG,3792,27,1456
1787549597.221,2026-08-24 05:33:17.223,InnoDB,UNDO_SPACE_RSEG,3763,27,1440
1787549597.221,2026-08-24 05:33:17.223,InnoDB,UNDO_SPACE_RSEG,3899,27,1474
1787549597.221,2026-08-24 05:33:17.223,InnoDB,UNDO_SPACE_RSEG,3720,27,1438
1787549597.221,2026-08-24 05:33:17.223,InnoDB,UNDO_SPACE_RSEG,3768,27,1461
1787549597.221,2026-08-24 05:33:17.223,InnoDB,UNDO_SPACE_RSEG,3719,26,1464
1787549597.221,2026-08-24 05:33:17.223,InnoDB,UNDO_SPACE_RSEG,3723,26,1437
1787549597.221,2026-08-24 05:33:17.223,InnoDB,UNDO_SPACE_RSEG,3828,26,1534
1787549597.221,2026-08-24 05:33:17.223,InnoDB,UNDO_SPACE_RSEG,3612,26,1373
1787549597.221,2026-08-24 05:33:17.223,InnoDB,UNDO_SPACE_RSEG,3623,26,1387
1787549597.221,2026-08-24 05:33:17.223,InnoDB,UNDO_SPACE_RSEG,3685,26,1388
1787549597.221,2026-08-24 05:33:17.223,InnoDB,UNDO_SPACE_RSEG,3804,26,1435
1787549597.221,2026-08-24 05:33:17.223,InnoDB,UNDO_SPACE_RSEG,3632,26,1365
1787549597.221,2026-08-24 05:33:17.223,InnoDB,UNDO_SPACE_RSEG,3290,26,1330
1787549597.221,2026-08-24 05:33:17.223,InnoDB,UNDO_SPACE_RSEG,3637,26,1418
1787549597.221,2026-08-24 05:33:17.223,InnoDB,UNDO_SPACE_RSEG,3778,26,1487
1787549597.221,2026-08-24 05:33:17.223,InnoDB,UNDO_SPACE_RSEG,3664,26,1451
1787549597.221,2026-08-24 05:33:17.223,InnoDB,UNDO_SPACE_RSEG,3826,26,1466
1787549597.221,2026-08-24 05:33:17.223,InnoDB,UNDO_SPACE_RSEG,3685,26,1445
1787549597.221,2026-08-24 05:33:17.223,InnoDB,UNDO_SPACE_RSEG,3649,26,1417
1787549597.221,2026-08-24 05:33:17.223,InnoDB,UNDO_SPACE_RSEG,3601,26,1379
1787549597.221,2026-08-24 05:33:17.223,InnoDB,LOCK_SYS_PAGE,1453,26,564
1787549597.221,2026-08-24 05:33:17.223,InnoDB,UNDO_SPACE_RSEG,3684,26,1451
1787549597.221,2026-08-24 05:33:17.223,InnoDB,LOCK_SYS_PAGE,1414,26,507
1787549597.221,2026-08-24 05:33:17.223,InnoDB,UNDO_SPACE_RSEG,3721,26,1444
1787549597.221,2026-08-24 05:33:17.223,InnoDB,LOCK_SYS_PAGE,1429,26,520
1787549597.221,2026-08-24 05:33:17.223,InnoDB,UNDO_SPACE_RSEG,3657,26,1395
1787549597.221,2026-08-24 05:33:17.223,InnoDB,UNDO_SPACE_RSEG,3724,26,1434
1787549597.221,2026-08-24 05:33:17.223,InnoDB,LOCK_SYS_PAGE,1434,26,477
1787549597.221,2026-08-24 05:33:17.223,InnoDB,UNDO_SPACE_RSEG,3719,26,1396
1787549597.221,2026-08-24 05:33:17.223,InnoDB,UNDO_SPACE_RSEG,3778,26,1497
1787549597.221,2026-08-24 05:33:17.223,InnoDB,UNDO_SPACE_RSEG,3651,26,1441
1787549597.221,2026-08-24 05:33:17.223,InnoDB,UNDO_SPACE_RSEG,3815,25,1430
1787549597.221,2026-08-24 05:33:17.223,InnoDB,UNDO_SPACE_RSEG,3554,25,1406
1787549597.221,2026-08-24 05:33:17.223,InnoDB,UNDO_SPACE_RSEG,3678,25,1397
1787549597.221,2026-08-24 05:33:17.223,InnoDB,UNDO_SPACE_RSEG,3755,25,1466
1787549597.221,2026-08-24 05:33:17.223,InnoDB,UNDO_SPACE_RSEG,3739,25,1407
1787549597.221,2026-08-24 05:33:17.223,InnoDB,UNDO_SPACE_RSEG,3800,25,1480
1787549597.221,2026-08-24 05:33:17.223,InnoDB,UNDO_SPACE_RSEG,3765,25,1470
1787549597.221,2026-08-24 05:33:17.223,InnoDB,UNDO_SPACE_RSEG,3702,25,1417
1787549597.221,2026-08-24 05:33:17.223,InnoDB,UNDO_SPACE_RSEG,3790,25,1456
1787549597.221,2026-08-24 05:33:17.223,InnoDB,UNDO_SPACE_RSEG,3758,25,1438
1787549597.221,2026-08-24 05:33:17.223,InnoDB,UNDO_SPACE_RSEG,3673,25,1383
1787549597.221,2026-08-24 05:33:17.223,InnoDB,UNDO_SPACE_RSEG,3492,25,1356
1787549597.221,2026-08-24 05:33:17.223,InnoDB,UNDO_SPACE_RSEG,3730,25,1433
1787549597.221,2026-08-24 05:33:17.223,InnoDB,UNDO_SPACE_RSEG,3741,25,1435
1787549597.221,2026-08-24 05:33:17.223,InnoDB,UNDO_SPACE_RSEG,4021,25,1518
1787549597.221,2026-08-24 05:33:17.223,InnoDB,UNDO_SPACE_RSEG,3857,25,1473
1787549597.221,2026-08-24 05:33:17.223,InnoDB,UNDO_SPACE_RSEG,3734,25,1482
1787549597.221,2026-08-24 05:33:17.223,InnoDB,UNDO_SPACE_RSEG,3741,25,1417
1787549597.221,2026-08-24 05:33:17.223,InnoDB,UNDO_SPACE_RSEG,3587,25,1436
1787549597.221,2026-08-24 05:33:17.223,InnoDB,UNDO_SPACE_RSEG,3791,24,1429
1787549597.221,2026-08-24 05:33:17.223,InnoDB,UNDO_SPACE_RSEG,3502,24,1378
1787549597.221,2026-08-24 05:33:17.223,InnoDB,LOCK_SYS_PAGE,1321,24,496
1787549597.221,2026-08-24 05:33:17.223,InnoDB,UNDO_SPACE_RSEG,3757,24,1384
1787549597.221,2026-08-24 05:33:17.223,InnoDB,UNDO_SPACE_RSEG,3695,24,1518
1787549597.221,2026-08-24 05:33:17.223,InnoDB,UNDO_SPACE_RSEG,3577,24,1354
1787549597.221,2026-08-24 05:33:17.223,InnoDB,UNDO_SPACE_RSEG,3701,24,1431
1787549597.221,2026-08-24 05:33:17.223,InnoDB,UNDO_SPACE_RSEG,3811,24,1493
1787549597.221,2026-08-24 05:33:17.223,InnoDB,UNDO_SPACE_RSEG,3668,24,1425
1787549597.221,2026-08-24 05:33:17.223,InnoDB,UNDO_SPACE_RSEG,3707,24,1447
1787549597.221,2026-08-24 05:33:17.223,InnoDB,UNDO_SPACE_RSEG,3726,24,1394
1787549597.221,2026-08-24 05:33:17.223,InnoDB,UNDO_SPACE_RSEG,3476,24,1365
1787549597.221,2026-08-24 05:33:17.223,InnoDB,UNDO_SPACE_RSEG,3550,24,1411
1787549597.221,2026-08-24 05:33:17.223,InnoDB,UNDO_SPACE_RSEG,3488,24,1379
1787549597.221,2026-08-24 05:33:17.223,InnoDB,UNDO_SPACE_RSEG,3499,24,1425
1787549597.221,2026-08-24 05:33:17.223,InnoDB,UNDO_SPACE_RSEG,3585,24,1396
1787549597.221,2026-08-24 05:33:17.223,InnoDB,UNDO_SPACE_RSEG,3680,24,1453
1787549597.221,2026-08-24 05:33:17.223,InnoDB,UNDO_SPACE_RSEG,3785,24,1451
1787549597.221,2026-08-24 05:33:17.223,InnoDB,UNDO_SPACE_RSEG,3527,24,1370
1787549597.221,2026-08-24 05:33:17.223,InnoDB,UNDO_SPACE_RSEG,3549,24,1368
1787549597.221,2026-08-24 05:33:17.223,InnoDB,UNDO_SPACE_RSEG,3736,23,1495
1787549597.221,2026-08-24 05:33:17.223,InnoDB,LOCK_SYS_PAGE,1327,23,567
1787549597.221,2026-08-24 05:33:17.223,InnoDB,LOCK_SYS_WAIT,728,23,25
1787549597.221,2026-08-24 05:33:17.223,InnoDB,LOCK_SYS_PAGE,1420,23,597
1787549597.221,2026-08-24 05:33:17.223,InnoDB,UNDO_SPACE_RSEG,3953,23,1483
1787549597.221,2026-08-24 05:33:17.223,InnoDB,UNDO_SPACE_RSEG,3439,23,1377
1787549597.221,2026-08-24 05:33:17.223,InnoDB,UNDO_SPACE_RSEG,3662,23,1446
1787549597.221,2026-08-24 05:33:17.223,InnoDB,UNDO_SPACE_RSEG,3568,23,1443
1787549597.221,2026-08-24 05:33:17.223,InnoDB,UNDO_SPACE_RSEG,3580,23,1480
1787549597.221,2026-08-24 05:33:17.223,InnoDB,LOCK_SYS_PAGE,1410,23,557
1787549597.221,2026-08-24 05:33:17.223,InnoDB,UNDO_SPACE_RSEG,3750,23,1431
1787549597.221,2026-08-24 05:33:17.223,InnoDB,UNDO_SPACE_RSEG,3682,23,1392
1787549597.221,2026-08-24 05:33:17.223,InnoDB,LOCK_SYS_PAGE,1445,23,561
1787549597.221,2026-08-24 05:33:17.223,InnoDB,UNDO_SPACE_RSEG,3739,22,1468
1787549597.221,2026-08-24 05:33:17.223,InnoDB,UNDO_SPACE_RSEG,3516,22,1425
1787549597.221,2026-08-24 05:33:17.223,InnoDB,LOCK_SYS_PAGE,1285,22,537
1787549597.221,2026-08-24 05:33:17.223,InnoDB,UNDO_SPACE_RSEG,3518,22,1429
1787549597.221,2026-08-24 05:33:17.223,InnoDB,UNDO_SPACE_RSEG,3516,22,1414
1787549597.221,2026-08-24 05:33:17.223,InnoDB,UNDO_SPACE_RSEG,3586,22,1489
1787549597.221,2026-08-24 05:33:17.223,InnoDB,LOCK_SYS_PAGE,1320,22,510
1787549597.221,2026-08-24 05:33:17.223,InnoDB,LOCK_SYS_PAGE,1331,22,530
1787549597.221,2026-08-24 05:33:17.223,InnoDB,LOCK_SYS_PAGE,1273,22,507
1787549597.221,2026-08-24 05:33:17.223,InnoDB,LOCK_SYS_PAGE,1442,22,543
1787549597.221,2026-08-24 05:33:17.223,InnoDB,UNDO_SPACE_RSEG,3631,22,1448
1787549597.221,2026-08-24 05:33:17.223,InnoDB,LOCK_SYS_PAGE,1279,22,533
1787549597.221,2026-08-24 05:33:17.223,InnoDB,LOCK_SYS_PAGE,1358,22,584
1787549597.221,2026-08-24 05:33:17.223,InnoDB,LOCK_SYS_PAGE,1186,21,478
1787549597.221,2026-08-24 05:33:17.223,InnoDB,UNDO_SPACE_RSEG,3546,21,1382
1787549597.221,2026-08-24 05:33:17.223,InnoDB,UNDO_SPACE_RSEG,3489,21,1374
1787549597.221,2026-08-24 05:33:17.223,InnoDB,UNDO_SPACE_RSEG,3649,21,1444
1787549597.221,2026-08-24 05:33:17.223,InnoDB,LOCK_SYS_PAGE,1273,21,518
1787549597.221,2026-08-24 05:33:17.223,InnoDB,LOCK_SYS_PAGE,1261,21,550
1787549597.221,2026-08-24 05:33:17.223,InnoDB,UNDO_SPACE_RSEG,3766,21,1511
1787549597.221,2026-08-24 05:33:17.223,InnoDB,LOCK_SYS_PAGE,1329,21,543
1787549597.221,2026-08-24 05:33:17.223,InnoDB,UNDO_SPACE_RSEG,3569,21,1406
1787549597.221,2026-08-24 05:33:17.223,InnoDB,LOCK_SYS_PAGE,1307,21,526
1787549597.221,2026-08-24 05:33:17.223,InnoDB,UNDO_SPACE_RSEG,3534,21,1423
1787549597.221,2026-08-24 05:33:17.223,InnoDB,LOCK_SYS_PAGE,1277,21,509
1787549597.221,2026-08-24 05:33:17.223,InnoDB,LOCK_SYS_PAGE,1369,21,460
1787549597.221,2026-08-24 05:33:17.223,InnoDB,LOCK_SYS_PAGE,1228,21,545
1787549597.221,2026-08-24 05:33:17.223,InnoDB,UNDO_SPACE_RSEG,3447,21,1398
1787549597.221,2026-08-24 05:33:17.223,InnoDB,UNDO_SPACE_RSEG,3763,21,1492
1787549597.221,2026-08-24 05:33:17.223,InnoDB,UNDO_SPACE_RSEG,3415,20,1329
1787549597.221,2026-08-24 05:33:17.223,InnoDB,LOCK_SYS_PAGE,1283,20,521
1787549597.221,2026-08-24 05:33:17.223,InnoDB,LOCK_SYS_PAGE,1371,20,553
1787549597.221,2026-08-24 05:33:17.223,InnoDB,LOCK_SYS_PAGE,1296,20,509
1787549597.221,2026-08-24 05:33:17.223,InnoDB,UNDO_SPACE_RSEG,3682,20,1443
1787549597.221,2026-08-24 05:33:17.223,InnoDB,LOCK_SYS_PAGE,1337,20,518
1787549597.221,2026-08-24 05:33:17.223,InnoDB,LOCK_SYS_PAGE,1224,20,508
1787549597.221,2026-08-24 05:33:17.223,InnoDB,LOCK_SYS_PAGE,1314,20,610
1787549597.221,2026-08-24 05:33:17.223,InnoDB,LOCK_SYS_PAGE,1351,20,539
1787549597.221,2026-08-24 05:33:17.223,InnoDB,UNDO_SPACE_RSEG,3508,20,1458
1787549597.221,2026-08-24 05:33:17.223,InnoDB,UNDO_SPACE_RSEG,3621,20,1432
1787549597.221,2026-08-24 05:33:17.223,InnoDB,LOCK_SYS_PAGE,1218,20,544
1787549597.221,2026-08-24 05:33:17.223,InnoDB,UNDO_SPACE_RSEG,3565,20,1462
1787549597.221,2026-08-24 05:33:17.223,InnoDB,LOCK_SYS_PAGE,1244,20,499
1787549597.221,2026-08-24 05:33:17.223,InnoDB,LOCK_SYS_PAGE,1269,20,551
1787549597.221,2026-08-24 05:33:17.223,InnoDB,UNDO_SPACE_RSEG,3573,20,1448
1787549597.221,2026-08-24 05:33:17.223,InnoDB,UNDO_SPACE_RSEG,3446,20,1466
1787549597.221,2026-08-24 05:33:17.223,InnoDB,LOCK_SYS_PAGE,1224,20,539
1787549597.221,2026-08-24 05:33:17.223,InnoDB,LOCK_SYS_PAGE,1304,20,542
1787549597.221,2026-08-24 05:33:17.223,InnoDB,LOCK_SYS_PAGE,1183,20,479
1787549597.221,2026-08-24 05:33:17.223,InnoDB,LOCK_SYS_PAGE,1152,19,478
1787549597.221,2026-08-24 05:33:17.223,InnoDB,LOCK_SYS_PAGE,1309,19,551
1787549597.221,2026-08-24 05:33:17.223,InnoDB,LOCK_SYS_PAGE,1164,19,494
1787549597.221,2026-08-24 05:33:17.223,InnoDB,LOCK_SYS_PAGE,1236,19,502
1787549597.221,2026-08-24 05:33:17.223,InnoDB,LOCK_SYS_PAGE,1261,19,491
1787549597.221,2026-08-24 05:33:17.223,InnoDB,LOCK_SYS_PAGE,1213,19,535
1787549597.221,2026-08-24 05:33:17.223,InnoDB,UNDO_SPACE_RSEG,3372,19,1410
1787549597.221,2026-08-24 05:33:17.223,InnoDB,LOCK_SYS_PAGE,1216,19,527
1787549597.221,2026-08-24 05:33:17.223,InnoDB,LOCK_SYS_PAGE,1305,19,499
1787549597.221,2026-08-24 05:33:17.223,InnoDB,UNDO_SPACE_RSEG,3566,19,1475
1787549597.221,2026-08-24 05:33:17.223,InnoDB,LOCK_SYS_PAGE,1248,19,525
1787549597.221,2026-08-24 05:33:17.223,InnoDB,LOCK_SYS_PAGE,1305,19,527
1787549597.221,2026-08-24 05:33:17.223,InnoDB,LOCK_SYS_PAGE,1141,19,441
1787549597.221,2026-08-24 05:33:17.223,InnoDB,UNDO_SPACE_RSEG,3337,19,1371
1787549597.221,2026-08-24 05:33:17.223,InnoDB,TRX_POOL,634,19,47
1787549597.221,2026-08-24 05:33:17.223,InnoDB,LOCK_SYS_PAGE,1147,19,514
1787549597.221,2026-08-24 05:33:17.223,InnoDB,UNDO_SPACE_RSEG,3304,19,1409
1787549597.221,2026-08-24 05:33:17.223,InnoDB,UNDO_SPACE_RSEG,3384,19,1436
1787549597.221,2026-08-24 05:33:17.223,InnoDB,LOCK_SYS_PAGE,1484,19,570
1787549597.221,2026-08-24 05:33:17.223,InnoDB,UNDO_SPACE_RSEG,3595,19,1484
1787549597.221,2026-08-24 05:33:17.223,InnoDB,LOCK_SYS_PAGE,1268,19,508
1787549597.221,2026-08-24 05:33:17.223,InnoDB,LOCK_SYS_PAGE,1192,19,488
1787549597.221,2026-08-24 05:33:17.223,InnoDB,LOCK_SYS_PAGE,1321,19,509
1787549597.221,2026-08-24 05:33:17.223,InnoDB,UNDO_SPACE_RSEG,3503,19,1448
1787549597.221,2026-08-24 05:33:17.223,InnoDB,LOCK_SYS_PAGE,1148,19,468
1787549597.221,2026-08-24 05:33:17.223,InnoDB,LOCK_SYS_PAGE,1204,19,532
1787549597.221,2026-08-24 05:33:17.223,InnoDB,LOCK_SYS_PAGE,1161,19,476
1787549597.221,2026-08-24 05:33:17.223,InnoDB,LOCK_SYS_PAGE,1139,19,469
1787549597.221,2026-08-24 05:33:17.223,InnoDB,LOCK_SYS_PAGE,1192,19,504
1787549597.221,2026-08-24 05:33:17.223,InnoDB,LOCK_SYS_PAGE,1202,19,467
1787549597.221,2026-08-24 05:33:17.223,InnoDB,LOCK_SYS_PAGE,1192,18,514
1787549597.221,2026-08-24 05:33:17.223,InnoDB,LOCK_SYS_PAGE,1222,18,534
1787549597.221,2026-08-24 05:33:17.223,InnoDB,LOCK_SYS_PAGE,1159,18,528
1787549597.221,2026-08-24 05:33:17.223,InnoDB,LOCK_SYS_PAGE,1148,18,440
1787549597.221,2026-08-24 05:33:17.223,InnoDB,LOCK_SYS_PAGE,1224,18,517
1787549597.221,2026-08-24 05:33:17.223,InnoDB,LOCK_SYS_PAGE,1087,18,462
1787549597.221,2026-08-24 05:33:17.223,InnoDB,LOCK_SYS_PAGE,1084,18,500
1787549597.221,2026-08-24 05:33:17.223,InnoDB,LOCK_SYS_PAGE,1155,18,508
1787549597.221,2026-08-24 05:33:17.223,InnoDB,LOCK_SYS_PAGE,1154,18,487
1787549597.221,2026-08-24 05:33:17.223,InnoDB,LOCK_SYS_PAGE,1139,18,495
1787549597.221,2026-08-24 05:33:17.223,InnoDB,LOCK_SYS_PAGE,1252,18,527
1787549597.221,2026-08-24 05:33:17.223,InnoDB,LOCK_SYS_PAGE,1235,18,536
1787549597.221,2026-08-24 05:33:17.223,InnoDB,LOCK_SYS_PAGE,1268,18,562
1787549597.221,2026-08-24 05:33:17.223,InnoDB,LOCK_SYS_PAGE,1160,18,487
1787549597.221,2026-08-24 05:33:17.223,InnoDB,LOCK_SYS_PAGE,1126,18,525
1787549597.221,2026-08-24 05:33:17.223,InnoDB,LOCK_SYS_PAGE,1190,18,485
1787549597.221,2026-08-24 05:33:17.223,InnoDB,LOCK_SYS_PAGE,1184,18,542
1787549597.221,2026-08-24 05:33:17.223,InnoDB,LOCK_SYS_PAGE,1254,18,572
1787549597.221,2026-08-24 05:33:17.223,InnoDB,LOCK_SYS_PAGE,1116,18,525
1787549597.221,2026-08-24 05:33:17.223,InnoDB,LOCK_SYS_PAGE,1079,18,510
1787549597.221,2026-08-24 05:33:17.223,InnoDB,LOCK_SYS_PAGE,1071,18,470
1787549597.221,2026-08-24 05:33:17.223,InnoDB,LOCK_SYS_PAGE,1130,18,492
1787549597.221,2026-08-24 05:33:17.223,InnoDB,LOCK_SYS_PAGE,1193,18,514
1787549597.221,2026-08-24 05:33:17.223,InnoDB,LOCK_SYS_PAGE,1209,18,522
1787549597.221,2026-08-24 05:33:17.223,InnoDB,LOCK_SYS_PAGE,1237,18,486
1787549597.221,2026-08-24 05:33:17.223,InnoDB,LOCK_SYS_PAGE,1112,18,500
1787549597.221,2026-08-24 05:33:17.223,InnoDB,LOCK_SYS_PAGE,1189,18,551
1787549597.221,2026-08-24 05:33:17.223,InnoDB,UNDO_SPACE_RSEG,3455,18,1422
1787549597.221,2026-08-24 05:33:17.223,InnoDB,UNDO_SPACE_RSEG,3358,18,1404
1787549597.221,2026-08-24 05:33:17.223,InnoDB,LOCK_SYS_PAGE,1183,18,545
1787549597.221,2026-08-24 05:33:17.223,InnoDB,UNDO_SPACE_RSEG,3464,18,1453
1787549597.221,2026-08-24 05:33:17.223,InnoDB,LOCK_SYS_PAGE,1181,18,521
1787549597.221,2026-08-24 05:33:17.223,InnoDB,UNDO_SPACE_RSEG,3343,18,1368
1787549597.221,2026-08-24 05:33:17.223,InnoDB,LOCK_SYS_PAGE,1154,18,516
1787549597.221,2026-08-24 05:33:17.223,InnoDB,LOCK_SYS_PAGE,1308,18,580
1787549597.221,2026-08-24 05:33:17.223,InnoDB,UNDO_SPACE_RSEG,3456,18,1419
1787549597.221,2026-08-24 05:33:17.223,InnoDB,LOCK_SYS_PAGE,1222,18,537
1787549597.221,2026-08-24 05:33:17.223,InnoDB,LOCK_SYS_PAGE,1081,17,516
1787549597.221,2026-08-24 05:33:17.223,InnoDB,LOCK_SYS_PAGE,1248,17,569
1787549597.221,2026-08-24 05:33:17.223,InnoDB,LOCK_SYS_PAGE,1198,17,529
1787549597.221,2026-08-24 05:33:17.223,InnoDB,LOCK_SYS_PAGE,1164,17,558
1787549597.221,2026-08-24 05:33:17.223,InnoDB,LOCK_SYS_PAGE,1225,17,554
1787549597.221,2026-08-24 05:33:17.223,InnoDB,LOCK_SYS_PAGE,1205,17,525
1787549597.221,2026-08-24 05:33:17.223,InnoDB,LOCK_SYS_PAGE,1153,17,511
1787549597.221,2026-08-24 05:33:17.223,InnoDB,LOCK_SYS_PAGE,1176,17,477
1787549597.221,2026-08-24 05:33:17.223,InnoDB,LOCK_SYS_PAGE,1141,17,521
1787549597.221,2026-08-24 05:33:17.223,InnoDB,UNDO_SPACE_RSEG,3548,17,1483
1787549597.221,2026-08-24 05:33:17.223,InnoDB,LOCK_SYS_PAGE,1125,17,546
1787549597.221,2026-08-24 05:33:17.223,InnoDB,LOCK_SYS_PAGE,1121,17,512
1787549597.221,2026-08-24 05:33:17.223,InnoDB,LOCK_SYS_PAGE,1215,17,519
1787549597.221,2026-08-24 05:33:17.223,InnoDB,LOCK_SYS_PAGE,1281,17,505
1787549597.221,2026-08-24 05:33:17.223,InnoDB,LOCK_SYS_PAGE,1121,17,512
1787549597.221,2026-08-24 05:33:17.223,InnoDB,LOCK_SYS_PAGE,1195,17,563
1787549597.221,2026-08-24 05:33:17.223,InnoDB,LOCK_SYS_PAGE,1215,17,529
1787549597.221,2026-08-24 05:33:17.223,InnoDB,UNDO_SPACE_RSEG,3496,17,1424
1787549597.221,2026-08-24 05:33:17.223,InnoDB,LOCK_SYS_PAGE,1141,17,492
1787549597.221,2026-08-24 05:33:17.223,InnoDB,LOCK_SYS_PAGE,1151,17,534
1787549597.221,2026-08-24 05:33:17.223,InnoDB,LOCK_SYS_PAGE,1139,17,555
1787549597.221,2026-08-24 05:33:17.223,InnoDB,LOCK_SYS_PAGE,1107,17,508
1787549597.221,2026-08-24 05:33:17.223,InnoDB,UNDO_SPACE_RSEG,3522,17,1422
1787549597.221,2026-08-24 05:33:17.223,InnoDB,LOCK_SYS_PAGE,1228,16,557
1787549597.221,2026-08-24 05:33:17.223,InnoDB,LOCK_SYS_PAGE,1183,16,543
1787549597.221,2026-08-24 05:33:17.223,InnoDB,LOCK_SYS_PAGE,1120,16,516
1787549597.221,2026-08-24 05:33:17.223,InnoDB,LOCK_SYS_PAGE,1179,16,533
1787549597.221,2026-08-24 05:33:17.223,InnoDB,LOCK_SYS_PAGE,1146,16,548
1787549597.221,2026-08-24 05:33:17.223,InnoDB,LOCK_SYS_PAGE,1045,16,495
1787549597.221,2026-08-24 05:33:17.223,InnoDB,LOCK_SYS_PAGE,1217,16,563
1787549597.221,2026-08-24 05:33:17.223,InnoDB,LOCK_SYS_PAGE,1145,16,506
1787549597.221,2026-08-24 05:33:17.223,InnoDB,UNDO_SPACE_RSEG,3400,16,1452
1787549597.221,2026-08-24 05:33:17.223,InnoDB,LOCK_SYS_PAGE,1138,16,487
1787549597.221,2026-08-24 05:33:17.223,InnoDB,UNDO_SPACE_RSEG,3273,16,1388
1787549597.221,2026-08-24 05:33:17.223,InnoDB,LOCK_SYS_PAGE,1010,16,504
1787549597.221,2026-08-24 05:33:17.223,InnoDB,LOCK_SYS_PAGE,1065,16,471
1787549597.221,2026-08-24 05:33:17.223,InnoDB,LOCK_SYS_PAGE,1138,16,509
1787549597.221,2026-08-24 05:33:17.223,InnoDB,LOCK_SYS_PAGE,1086,16,463
1787549597.221,2026-08-24 05:33:17.223,InnoDB,LOCK_SYS_PAGE,1039,16,437
1787549597.221,2026-08-24 05:33:17.223,InnoDB,LOCK_SYS_PAGE,1166,16,556
1787549597.221,2026-08-24 05:33:17.223,InnoDB,LOCK_SYS_PAGE,1078,16,507
1787549597.221,2026-08-24 05:33:17.223,InnoDB,LOCK_SYS_PAGE,1062,16,508
1787549597.221,2026-08-24 05:33:17.223,InnoDB,LOCK_SYS_PAGE,1077,16,523
1787549597.221,2026-08-24 05:33:17.223,InnoDB,LOCK_SYS_PAGE,1080,16,516
1787549597.221,2026-08-24 05:33:17.223,InnoDB,LOCK_SYS_PAGE,1254,16,625
1787549597.221,2026-08-24 05:33:17.223,InnoDB,LOCK_SYS_PAGE,1124,16,491
1787549597.221,2026-08-24 05:33:17.223,InnoDB,LOCK_SYS_PAGE,1174,16,531
1787549597.221,2026-08-24 05:33:17.223,InnoDB,LOCK_SYS_PAGE,1107,16,488
1787549597.221,2026-08-24 05:33:17.223,InnoDB,LOCK_SYS_PAGE,1129,16,480
1787549597.221,2026-08-24 05:33:17.223,InnoDB,LOCK_SYS_PAGE,1113,16,517
1787549597.221,2026-08-24 05:33:17.223,InnoDB,LOCK_SYS_PAGE,1140,16,516
1787549597.221,2026-08-24 05:33:17.223,InnoDB,LOCK_SYS_PAGE,1121,16,514
1787549597.221,2026-08-24 05:33:17.223,InnoDB,LOCK_SYS_PAGE,1096,16,533
1787549597.221,2026-08-24 05:33:17.223,InnoDB,LOCK_SYS_PAGE,1045,16,507
1787549597.221,2026-08-24 05:33:17.223,InnoDB,LOCK_SYS_PAGE,1187,16,562
1787549597.221,2026-08-24 05:33:17.223,InnoDB,LOCK_SYS_PAGE,1170,16,521
1787549597.221,2026-08-24 05:33:17.223,InnoDB,LOCK_SYS_PAGE,1126,16,531
1787549597.221,2026-08-24 05:33:17.223,InnoDB,LOCK_SYS_PAGE,1212,16,512
1787549597.221,2026-08-24 05:33:17.223,InnoDB,LOCK_SYS_PAGE,1145,16,494
1787549597.221,2026-08-24 05:33:17.223,InnoDB,LOCK_SYS_PAGE,1066,16,513
1787549597.221,2026-08-24 05:33:17.223,InnoDB,LOCK_SYS_PAGE,1068,16,508
1787549597.221,2026-08-24 05:33:17.223,InnoDB,LOCK_SYS_PAGE,1188,16,506
1787549597.221,2026-08-24 05:33:17.223,InnoDB,LOCK_SYS_PAGE,1064,16,487
1787549597.221,2026-08-24 05:33:17.223,InnoDB,LOCK_SYS_PAGE,1105,16,492
1787549597.221,2026-08-24 05:33:17.223,InnoDB,LOCK_SYS_PAGE,1182,16,499
1787549597.221,2026-08-24 05:33:17.223,InnoDB,LOCK_SYS_PAGE,1267,16,547
1787549597.221,2026-08-24 05:33:17.223,InnoDB,LOCK_SYS_PAGE,1154,16,485
1787549597.221,2026-08-24 05:33:17.223,InnoDB,LOCK_SYS_PAGE,1032,15,474
1787549597.221,2026-08-24 05:33:17.223,InnoDB,LOCK_SYS_PAGE,1118,15,540
1787549597.221,2026-08-24 05:33:17.223,InnoDB,LOCK_SYS_PAGE,1098,15,502
1787549597.221,2026-08-24 05:33:17.223,InnoDB,LOCK_SYS_PAGE,1137,15,539
1787549597.221,2026-08-24 05:33:17.223,InnoDB,LOCK_SYS_PAGE,1136,15,546
1787549597.221,2026-08-24 05:33:17.223,InnoDB,LOCK_SYS_PAGE,1166,15,544
1787549597.221,2026-08-24 05:33:17.223,InnoDB,LOCK_SYS_PAGE,1078,15,551
1787549597.221,2026-08-24 05:33:17.223,InnoDB,LOCK_SYS_PAGE,1079,15,497
1787549597.221,2026-08-24 05:33:17.223,InnoDB,LOCK_SYS_PAGE,1158,15,557
1787549597.221,2026-08-24 05:33:17.223,InnoDB,LOCK_SYS_PAGE,1089,15,473
1787549597.221,2026-08-24 05:33:17.223,InnoDB,LOCK_SYS_PAGE,971,15,457
1787549597.221,2026-08-24 05:33:17.223,InnoDB,LOCK_SYS_PAGE,1108,15,541
1787549597.221,2026-08-24 05:33:17.223,InnoDB,LOCK_SYS_PAGE,1042,15,474
1787549597.221,2026-08-24 05:33:17.223,InnoDB,LOCK_SYS_PAGE,1200,15,533
1787549597.221,2026-08-24 05:33:17.223,InnoDB,UNDO_SPACE_RSEG,3368,15,1434
1787549597.221,2026-08-24 05:33:17.223,InnoDB,UNDO_SPACE_RSEG,3215,15,1432
1787549597.221,2026-08-24 05:33:17.223,InnoDB,LOCK_SYS_PAGE,1067,15,530
1787549597.221,2026-08-24 05:33:17.223,InnoDB,LOCK_SYS_PAGE,1045,15,504
1787549597.221,2026-08-24 05:33:17.223,InnoDB,LOCK_SYS_PAGE,1032,15,488
1787549597.221,2026-08-24 05:33:17.223,InnoDB,LOCK_SYS_PAGE,1019,15,451
1787549597.221,2026-08-24 05:33:17.223,InnoDB,LOCK_SYS_PAGE,1080,15,506
1787549597.221,2026-08-24 05:33:17.223,InnoDB,LOCK_SYS_PAGE,1074,15,511
1787549597.221,2026-08-24 05:33:17.223,InnoDB,LOCK_SYS_PAGE,1150,15,582
1787549597.221,2026-08-24 05:33:17.223,InnoDB,LOCK_SYS_PAGE,1045,15,515
1787549597.221,2026-08-24 05:33:17.223,InnoDB,LOCK_SYS_PAGE,1128,15,516
1787549597.221,2026-08-24 05:33:17.223,InnoDB,LOCK_SYS_PAGE,1083,15,506
1787549597.221,2026-08-24 05:33:17.223,InnoDB,LOCK_SYS_PAGE,1100,15,524
1787549597.221,2026-08-24 05:33:17.223,InnoDB,LOCK_SYS_PAGE,1072,15,508
1787549597.221,2026-08-24 05:33:17.223,InnoDB,LOCK_SYS_PAGE,1120,15,570
1787549597.221,2026-08-24 05:33:17.223,InnoDB,UNDO_SPACE_RSEG,3254,15,1412
1787549597.221,2026-08-24 05:33:17.223,InnoDB,LOCK_SYS_PAGE,1018,15,504
1787549597.221,2026-08-24 05:33:17.223,InnoDB,LOCK_SYS_PAGE,1149,15,575
1787549597.221,2026-08-24 05:33:17.223,InnoDB,LOCK_SYS_PAGE,1043,15,528
1787549597.221,2026-08-24 05:33:17.223,InnoDB,LOCK_SYS_PAGE,1120,15,555
1787549597.221,2026-08-24 05:33:17.223,InnoDB,LOCK_SYS_PAGE,1055,15,478
1787549597.221,2026-08-24 05:33:17.223,InnoDB,LOCK_SYS_PAGE,1036,15,486
1787549597.221,2026-08-24 05:33:17.223,InnoDB,LOCK_SYS_PAGE,1113,15,539
1787549597.221,2026-08-24 05:33:17.223,InnoDB,LOCK_SYS_PAGE,1072,15,511
1787549597.221,2026-08-24 05:33:17.223,InnoDB,LOCK_SYS_PAGE,1173,15,515
1787549597.221,2026-08-24 05:33:17.223,InnoDB,LOCK_SYS_PAGE,1042,15,482
1787549597.221,2026-08-24 05:33:17.223,InnoDB,LOCK_SYS_PAGE,1093,15,521
1787549597.221,2026-08-24 05:33:17.223,InnoDB,LOCK_SYS_PAGE,1024,15,527
1787549597.221,2026-08-24 05:33:17.223,InnoDB,LOCK_SYS_PAGE,1008,14,466
1787549597.221,2026-08-24 05:33:17.223,InnoDB,LOCK_SYS_PAGE,939,14,462
1787549597.221,2026-08-24 05:33:17.223,InnoDB,UNDO_SPACE_RSEG,3475,14,1470
1787549597.221,2026-08-24 05:33:17.223,InnoDB,LOCK_SYS_PAGE,1047,14,551
1787549597.221,2026-08-24 05:33:17.223,InnoDB,LOCK_SYS_PAGE,1007,14,478
1787549597.221,2026-08-24 05:33:17.223,InnoDB,LOCK_SYS_PAGE,1057,14,528
1787549597.221,2026-08-24 05:33:17.223,InnoDB,LOCK_SYS_PAGE,1082,14,546
1787549597.221,2026-08-24 05:33:17.223,InnoDB,LOCK_SYS_PAGE,1054,14,534
1787549597.221,2026-08-24 05:33:17.223,InnoDB,LOCK_SYS_PAGE,1054,14,516
1787549597.221,2026-08-24 05:33:17.223,InnoDB,LOCK_SYS_PAGE,1025,14,522
1787549597.221,2026-08-24 05:33:17.223,InnoDB,LOCK_SYS_PAGE,1042,14,497
1787549597.221,2026-08-24 05:33:17.223,InnoDB,LOCK_SYS_PAGE,959,14,481
1787549597.221,2026-08-24 05:33:17.223,InnoDB,LOCK_SYS_PAGE,1061,14,531
1787549597.221,2026-08-24 05:33:17.223,InnoDB,LOCK_SYS_PAGE,1077,14,527
1787549597.221,2026-08-24 05:33:17.223,InnoDB,LOCK_SYS_PAGE,1046,14,520
1787549597.221,2026-08-24 05:33:17.223,InnoDB,LOCK_SYS_PAGE,1014,14,520
1787549597.221,2026-08-24 05:33:17.223,InnoDB,LOCK_SYS_PAGE,1104,14,532
1787549597.221,2026-08-24 05:33:17.223,InnoDB,LOCK_SYS_PAGE,1124,14,534
1787549597.221,2026-08-24 05:33:17.223,InnoDB,LOCK_SYS_PAGE,1022,14,474
1787549597.221,2026-08-24 05:33:17.223,InnoDB,LOCK_SYS_PAGE,1104,14,482
1787549597.221,2026-08-24 05:33:17.223,InnoDB,LOCK_SYS_PAGE,1106,14,555
1787549597.221,2026-08-24 05:33:17.223,InnoDB,LOCK_SYS_PAGE,1028,14,498
1787549597.221,2026-08-24 05:33:17.223,InnoDB,LOCK_SYS_PAGE,1033,14,528
1787549597.221,2026-08-24 05:33:17.223,InnoDB,LOCK_SYS_PAGE,1109,14,546
1787549597.221,2026-08-24 05:33:17.223,InnoDB,UNDO_SPACE_RSEG,3265,14,1411
1787549597.221,2026-08-24 05:33:17.223,InnoDB,LOCK_SYS_PAGE,1019,14,474
1787549597.221,2026-08-24 05:33:17.223,InnoDB,LOCK_SYS_PAGE,1068,14,532
1787549597.221,2026-08-24 05:33:17.223,InnoDB,LOCK_SYS_PAGE,1029,14,499
1787549597.221,2026-08-24 05:33:17.223,InnoDB,LOCK_SYS_PAGE,1019,14,497
1787549597.221,2026-08-24 05:33:17.223,InnoDB,LOCK_SYS_PAGE,1076,14,521
1787549597.221,2026-08-24 05:33:17.223,InnoDB,LOCK_SYS_PAGE,1068,14,560
1787549597.221,2026-08-24 05:33:17.223,InnoDB,LOCK_SYS_PAGE,963,14,488
1787549597.221,2026-08-24 05:33:17.223,InnoDB,LOCK_SYS_PAGE,1033,14,512
1787549597.221,2026-08-24 05:33:17.223,InnoDB,LOCK_SYS_PAGE,1032,14,509
1787549597.221,2026-08-24 05:33:17.223,InnoDB,LOCK_SYS_PAGE,1033,14,498
1787549597.221,2026-08-24 05:33:17.223,InnoDB,LOCK_SYS_PAGE,1024,14,515
1787549597.221,2026-08-24 05:33:17.223,InnoDB,LOCK_SYS_PAGE,1152,14,523
1787549597.221,2026-08-24 05:33:17.223,InnoDB,LOCK_SYS_PAGE,1046,14,485
1787549597.221,2026-08-24 05:33:17.223,InnoDB,LOCK_SYS_PAGE,1028,14,466
1787549597.221,2026-08-24 05:33:17.223,InnoDB,LOCK_SYS_PAGE,1005,14,456
1787549597.221,2026-08-24 05:33:17.223,InnoDB,LOCK_SYS_PAGE,1062,14,541
1787549597.221,2026-08-24 05:33:17.223,InnoDB,LOCK_SYS_PAGE,1034,14,510
1787549597.221,2026-08-24 05:33:17.223,InnoDB,LOCK_SYS_PAGE,1096,14,556
1787549597.221,2026-08-24 05:33:17.223,InnoDB,LOCK_SYS_PAGE,965,14,442
1787549597.221,2026-08-24 05:33:17.223,InnoDB,LOCK_SYS_PAGE,1050,14,525
1787549597.221,2026-08-24 05:33:17.223,InnoDB,LOCK_SYS_PAGE,1066,14,518
1787549597.221,2026-08-24 05:33:17.223,InnoDB,LOCK_SYS_PAGE,1043,14,509
1787549597.221,2026-08-24 05:33:17.223,InnoDB,LOCK_SYS_PAGE,1072,14,555
1787549597.221,2026-08-24 05:33:17.223,InnoDB,LOCK_SYS_PAGE,1013,13,500
1787549597.221,2026-08-24 05:33:17.223,InnoDB,LOCK_SYS_PAGE,1059,13,440
1787549597.221,2026-08-24 05:33:17.223,InnoDB,LOCK_SYS_PAGE,1031,13,522
1787549597.221,2026-08-24 05:33:17.223,InnoDB,LOCK_SYS_PAGE,1036,13,522
1787549597.221,2026-08-24 05:33:17.223,InnoDB,LOCK_SYS_PAGE,1052,13,528
1787549597.221,2026-08-24 05:33:17.223,InnoDB,LOCK_SYS_PAGE,1014,13,497
1787549597.221,2026-08-24 05:33:17.223,InnoDB,LOCK_SYS_PAGE,1073,13,528
1787549597.221,2026-08-24 05:33:17.223,InnoDB,LOCK_SYS_PAGE,986,13,496
1787549597.221,2026-08-24 05:33:17.223,InnoDB,LOCK_SYS_PAGE,1062,13,497
1787549597.221,2026-08-24 05:33:17.223,InnoDB,LOCK_SYS_PAGE,1001,13,488
1787549597.221,2026-08-24 05:33:17.223,InnoDB,LOCK_SYS_PAGE,987,13,508
1787549597.221,2026-08-24 05:33:17.223,InnoDB,LOCK_SYS_PAGE,1130,13,578
1787549597.221,2026-08-24 05:33:17.223,InnoDB,LOCK_SYS_PAGE,1134,13,525
1787549597.221,2026-08-24 05:33:17.223,InnoDB,LOCK_SYS_PAGE,1002,13,511
1787549597.221,2026-08-24 05:33:17.223,InnoDB,UNDO_SPACE_RSEG,3378,13,1470
1787549597.221,2026-08-24 05:33:17.223,InnoDB,LOCK_SYS_PAGE,980,13,507
1787549597.221,2026-08-24 05:33:17.223,InnoDB,LOCK_SYS_PAGE,955,13,480
1787549597.221,2026-08-24 05:33:17.223,InnoDB,LOCK_SYS_PAGE,1086,13,539
1787549597.221,2026-08-24 05:33:17.223,InnoDB,LOCK_SYS_PAGE,949,13,463
1787549597.221,2026-08-24 05:33:17.223,InnoDB,LOCK_SYS_PAGE,989,13,563
1787549597.221,2026-08-24 05:33:17.223,InnoDB,LOCK_SYS_PAGE,1069,13,520
1787549597.221,2026-08-24 05:33:17.223,InnoDB,LOCK_SYS_PAGE,924,13,477
1787549597.221,2026-08-24 05:33:17.223,InnoDB,LOCK_SYS_PAGE,1037,13,495
1787549597.221,2026-08-24 05:33:17.223,InnoDB,LOCK_SYS_PAGE,1105,13,504
1787549597.221,2026-08-24 05:33:17.223,InnoDB,LOCK_SYS_PAGE,970,13,526
1787549597.221,2026-08-24 05:33:17.223,InnoDB,LOCK_SYS_PAGE,999,13,515
1787549597.221,2026-08-24 05:33:17.223,InnoDB,LOCK_SYS_PAGE,1194,13,545
1787549597.221,2026-08-24 05:33:17.223,InnoDB,LOCK_SYS_PAGE,1064,13,539
1787549597.221,2026-08-24 05:33:17.223,InnoDB,LOCK_SYS_PAGE,1071,13,489
1787549597.221,2026-08-24 05:33:17.223,InnoDB,LOCK_SYS_PAGE,1016,13,529
1787549597.221,2026-08-24 05:33:17.223,InnoDB,LOCK_SYS_PAGE,958,13,527
1787549597.221,2026-08-24 05:33:17.223,InnoDB,LOCK_SYS_PAGE,1060,13,517
1787549597.221,2026-08-24 05:33:17.223,InnoDB,LOCK_SYS_PAGE,1047,13,508
1787549597.221,2026-08-24 05:33:17.223,InnoDB,LOCK_SYS_PAGE,941,13,446
1787549597.221,2026-08-24 05:33:17.223,InnoDB,LOCK_SYS_PAGE,1046,13,502
1787549597.221,2026-08-24 05:33:17.223,InnoDB,LOCK_SYS_PAGE,1022,13,506
1787549597.221,2026-08-24 05:33:17.223,InnoDB,LOCK_SYS_PAGE,1010,13,548
1787549597.221,2026-08-24 05:33:17.223,InnoDB,LOCK_SYS_PAGE,976,13,498
1787549597.221,2026-08-24 05:33:17.223,InnoDB,LOCK_SYS_PAGE,1140,13,540
1787549597.221,2026-08-24 05:33:17.223,InnoDB,LOCK_SYS_PAGE,981,13,489
1787549597.221,2026-08-24 05:33:17.223,InnoDB,LOCK_SYS_PAGE,1027,13,513
1787549597.221,2026-08-24 05:33:17.223,InnoDB,LOCK_SYS_PAGE,973,13,519
1787549597.221,2026-08-24 05:33:17.223,InnoDB,LOCK_SYS_PAGE,993,13,506
1787549597.221,2026-08-24 05:33:17.223,InnoDB,LOCK_SYS_PAGE,997,13,528
1787549597.221,2026-08-24 05:33:17.223,InnoDB,LOCK_SYS_PAGE,1145,13,538
1787549597.221,2026-08-24 05:33:17.223,InnoDB,LOCK_SYS_PAGE,976,13,488
1787549597.221,2026-08-24 05:33:17.223,InnoDB,LOCK_SYS_PAGE,1069,13,530
1787549597.221,2026-08-24 05:33:17.223,InnoDB,LOCK_SYS_PAGE,1181,13,575
1787549597.221,2026-08-24 05:33:17.223,InnoDB,LOCK_SYS_PAGE,1020,12,516
1787549597.221,2026-08-24 05:33:17.223,InnoDB,LOCK_SYS_PAGE,1082,12,506
1787549597.221,2026-08-24 05:33:17.223,InnoDB,LOCK_SYS_PAGE,1091,12,584
1787549597.221,2026-08-24 05:33:17.223,InnoDB,LOCK_SYS_PAGE,977,12,508
1787549597.221,2026-08-24 05:33:17.223,InnoDB,LOCK_SYS_PAGE,1010,12,511
1787549597.221,2026-08-24 05:33:17.223,InnoDB,LOCK_SYS_PAGE,1034,12,567
1787549597.221,2026-08-24 05:33:17.223,InnoDB,LOCK_SYS_PAGE,1013,12,552
1787549597.221,2026-08-24 05:33:17.223,InnoDB,LOCK_SYS_PAGE,1037,12,496
1787549597.221,2026-08-24 05:33:17.223,InnoDB,LOCK_SYS_PAGE,1002,12,498
1787549597.221,2026-08-24 05:33:17.223,InnoDB,LOCK_SYS_PAGE,1022,12,558
1787549597.221,2026-08-24 05:33:17.223,InnoDB,LOCK_SYS_PAGE,1033,12,516
1787549597.221,2026-08-24 05:33:17.223,InnoDB,LOCK_SYS_PAGE,1030,12,532
1787549597.221,2026-08-24 05:33:17.223,InnoDB,LOCK_SYS_PAGE,1119,12,522
1787549597.221,2026-08-24 05:33:17.223,InnoDB,LOCK_SYS_PAGE,1089,12,536
1787549597.221,2026-08-24 05:33:17.223,InnoDB,LOCK_SYS_PAGE,1064,12,517
1787549597.221,2026-08-24 05:33:17.223,InnoDB,LOCK_SYS_PAGE,1060,12,590
1787549597.221,2026-08-24 05:33:17.223,InnoDB,LOCK_SYS_PAGE,983,12,509
1787549597.221,2026-08-24 05:33:17.223,InnoDB,LOCK_SYS_PAGE,990,12,506
1787549597.221,2026-08-24 05:33:17.223,InnoDB,LOCK_SYS_PAGE,1137,12,552
1787549597.221,2026-08-24 05:33:17.223,InnoDB,LOCK_SYS_PAGE,1000,12,511
1787549597.221,2026-08-24 05:33:17.223,InnoDB,LOCK_SYS_PAGE,932,12,524
1787549597.221,2026-08-24 05:33:17.223,InnoDB,LOCK_SYS_PAGE,1038,12,536
1787549597.221,2026-08-24 05:33:17.223,InnoDB,LOCK_SYS_PAGE,1034,12,483
1787549597.221,2026-08-24 05:33:17.223,InnoDB,LOCK_SYS_PAGE,993,12,535
1787549597.221,2026-08-24 05:33:17.223,InnoDB,LOCK_SYS_PAGE,1061,12,501
1787549597.221,2026-08-24 05:33:17.223,InnoDB,LOCK_SYS_PAGE,931,12,479
1787549597.221,2026-08-24 05:33:17.223,InnoDB,LOCK_SYS_PAGE,953,12,518
1787549597.221,2026-08-24 05:33:17.223,InnoDB,LOCK_SYS_PAGE,928,12,461
1787549597.221,2026-08-24 05:33:17.223,InnoDB,LOCK_SYS_PAGE,1029,12,522
1787549597.221,2026-08-24 05:33:17.223,InnoDB,LOCK_SYS_PAGE,1055,12,515
1787549597.221,2026-08-24 05:33:17.223,InnoDB,LOCK_SYS_PAGE,1134,12,570
1787549597.221,2026-08-24 05:33:17.223,InnoDB,LOCK_SYS_PAGE,965,12,533
1787549597.221,2026-08-24 05:33:17.223,InnoDB,LOCK_SYS_PAGE,956,12,500
1787549597.221,2026-08-24 05:33:17.223,InnoDB,LOCK_SYS_PAGE,1013,12,497
1787549597.221,2026-08-24 05:33:17.223,InnoDB,LOCK_SYS_PAGE,908,12,443
1787549597.221,2026-08-24 05:33:17.223,InnoDB,LOCK_SYS_PAGE,930,12,479
1787549597.221,2026-08-24 05:33:17.223,InnoDB,LOCK_SYS_PAGE,1050,12,562
1787549597.221,2026-08-24 05:33:17.223,InnoDB,LOCK_SYS_PAGE,1014,11,496
1787549597.221,2026-08-24 05:33:17.223,InnoDB,LOCK_SYS_PAGE,1032,11,540
1787549597.221,2026-08-24 05:33:17.223,InnoDB,LOCK_SYS_PAGE,978,11,538
1787549597.221,2026-08-24 05:33:17.223,InnoDB,LOCK_SYS_PAGE,955,11,508
1787549597.221,2026-08-24 05:33:17.223,InnoDB,LOCK_SYS_PAGE,1052,11,602
1787549597.221,2026-08-24 05:33:17.223,InnoDB,LOCK_SYS_PAGE,946,11,526
1787549597.221,2026-08-24 05:33:17.223,InnoDB,LOCK_SYS_PAGE,939,11,521
1787549597.221,2026-08-24 05:33:17.223,InnoDB,LOCK_SYS_PAGE,873,11,485
1787549597.221,2026-08-24 05:33:17.223,InnoDB,LOCK_SYS_PAGE,917,11,463
1787549597.221,2026-08-24 05:33:17.223,InnoDB,LOCK_SYS_PAGE,1042,11,564
1787549597.221,2026-08-24 05:33:17.223,InnoDB,LOCK_SYS_PAGE,976,11,498
1787549597.221,2026-08-24 05:33:17.223,InnoDB,LOCK_SYS_PAGE,894,11,504
1787549597.221,2026-08-24 05:33:17.223,InnoDB,LOCK_SYS_PAGE,951,11,516
1787549597.221,2026-08-24 05:33:17.223,InnoDB,LOCK_SYS_PAGE,932,11,505
1787549597.221,2026-08-24 05:33:17.223,InnoDB,LOCK_SYS_PAGE,871,11,479
1787549597.221,2026-08-24 05:33:17.223,InnoDB,LOCK_SYS_PAGE,947,11,513
1787549597.221,2026-08-24 05:33:17.223,InnoDB,LOCK_SYS_PAGE,1010,11,517
1787549597.221,2026-08-24 05:33:17.223,InnoDB,LOCK_SYS_PAGE,986,11,534
1787549597.221,2026-08-24 05:33:17.223,InnoDB,LOCK_SYS_PAGE,925,11,511
1787549597.221,2026-08-24 05:33:17.223,InnoDB,LOCK_SYS_PAGE,958,11,486
1787549597.221,2026-08-24 05:33:17.223,InnoDB,LOCK_SYS_PAGE,843,11,481
1787549597.221,2026-08-24 05:33:17.223,InnoDB,LOCK_SYS_PAGE,925,11,466
1787549597.221,2026-08-24 05:33:17.223,InnoDB,LOCK_SYS_PAGE,978,11,495
1787549597.221,2026-08-24 05:33:17.223,InnoDB,LOCK_SYS_PAGE,1029,11,532
1787549597.221,2026-08-24 05:33:17.223,InnoDB,LOCK_SYS_PAGE,1082,11,594
1787549597.221,2026-08-24 05:33:17.223,InnoDB,LOCK_SYS_PAGE,1034,11,535
1787549597.221,2026-08-24 05:33:17.223,InnoDB,LOCK_SYS_PAGE,961,11,515
1787549597.221,2026-08-24 05:33:17.223,InnoDB,LOCK_SYS_PAGE,982,11,493
1787549597.221,2026-08-24 05:33:17.223,InnoDB,LOCK_SYS_PAGE,920,11,471
1787549597.221,2026-08-24 05:33:17.223,InnoDB,LOCK_SYS_PAGE,942,11,531
1787549597.221,2026-08-24 05:33:17.223,InnoDB,LOCK_SYS_PAGE,948,11,500
1787549597.221,2026-08-24 05:33:17.223,InnoDB,LOCK_SYS_PAGE,965,11,470
1787549597.221,2026-08-24 05:33:17.223,InnoDB,LOCK_SYS_PAGE,940,11,523
1787549597.221,2026-08-24 05:33:17.223,InnoDB,LOCK_SYS_PAGE,986,11,535
1787549597.221,2026-08-24 05:33:17.223,InnoDB,LOCK_SYS_PAGE,932,10,525
1787549597.221,2026-08-24 05:33:17.223,InnoDB,LOCK_SYS_PAGE,1034,10,511
1787549597.221,2026-08-24 05:33:17.223,InnoDB,LOCK_SYS_PAGE,966,10,485
1787549597.221,2026-08-24 05:33:17.223,InnoDB,LOCK_SYS_PAGE,920,10,544
1787549597.221,2026-08-24 05:33:17.223,InnoDB,LOCK_SYS_PAGE,895,10,466
1787549597.221,2026-08-24 05:33:17.223,InnoDB,LOCK_SYS_PAGE,873,10,494
1787549597.221,2026-08-24 05:33:17.223,InnoDB,LOCK_SYS_PAGE,841,10,447
1787549597.221,2026-08-24 05:33:17.223,InnoDB,LOCK_SYS_PAGE,954,10,501
1787549597.221,2026-08-24 05:33:17.223,InnoDB,LOCK_SYS_PAGE,933,10,501
1787549597.221,2026-08-24 05:33:17.223,InnoDB,LOCK_SYS_PAGE,900,10,484
1787549597.221,2026-08-24 05:33:17.223,InnoDB,LOCK_SYS_PAGE,913,10,531
1787549597.221,2026-08-24 05:33:17.223,InnoDB,LOCK_SYS_PAGE,970,10,518
1787549597.221,2026-08-24 05:33:17.223,InnoDB,LOCK_SYS_PAGE,894,10,519
1787549597.221,2026-08-24 05:33:17.223,InnoDB,LOCK_SYS_PAGE,937,10,486
1787549597.221,2026-08-24 05:33:17.223,InnoDB,LOCK_SYS_PAGE,960,10,508
1787549597.221,2026-08-24 05:33:17.223,InnoDB,LOCK_SYS_PAGE,918,10,497
1787549597.221,2026-08-24 05:33:17.223,InnoDB,LOCK_SYS_PAGE,920,10,533
1787549597.221,2026-08-24 05:33:17.223,InnoDB,LOCK_SYS_PAGE,884,10,489
1787549597.221,2026-08-24 05:33:17.223,InnoDB,LOCK_SYS_PAGE,925,10,509
1787549597.221,2026-08-24 05:33:17.223,InnoDB,LOCK_SYS_PAGE,996,10,500
1787549597.221,2026-08-24 05:33:17.223,InnoDB,LOCK_SYS_PAGE,991,10,558
1787549597.221,2026-08-24 05:33:17.223,InnoDB,LOCK_SYS_PAGE,934,10,468
1787549597.221,2026-08-24 05:33:17.223,InnoDB,LOCK_SYS_PAGE,891,10,482
1787549597.221,2026-08-24 05:33:17.223,InnoDB,LOCK_SYS_PAGE,939,10,492
1787549597.221,2026-08-24 05:33:17.223,InnoDB,LOCK_SYS_PAGE,873,10,495
1787549597.221,2026-08-24 05:33:17.223,InnoDB,LOCK_SYS_PAGE,902,10,509
1787549597.221,2026-08-24 05:33:17.223,InnoDB,LOCK_SYS_PAGE,893,10,472
1787549597.221,2026-08-24 05:33:17.223,InnoDB,LOCK_SYS_PAGE,920,10,481
1787549597.221,2026-08-24 05:33:17.223,InnoDB,LOCK_SYS_PAGE,904,10,494
1787549597.221,2026-08-24 05:33:17.223,InnoDB,LOCK_SYS_PAGE,929,10,580
1787549597.221,2026-08-24 05:33:17.223,InnoDB,LOCK_SYS_PAGE,946,10,525
1787549597.221,2026-08-24 05:33:17.223,InnoDB,LOCK_SYS_PAGE,946,10,503
1787549597.221,2026-08-24 05:33:17.223,InnoDB,LOCK_SYS_PAGE,895,10,470
1787549597.221,2026-08-24 05:33:17.223,InnoDB,LOCK_SYS_PAGE,973,10,473
1787549597.221,2026-08-24 05:33:17.223,InnoDB,LOCK_SYS_PAGE,942,10,529
1787549597.221,2026-08-24 05:33:17.223,InnoDB,LOCK_SYS_PAGE,894,10,537
1787549597.221,2026-08-24 05:33:17.223,InnoDB,LOCK_SYS_PAGE,1064,10,546
1787549597.221,2026-08-24 05:33:17.223,InnoDB,LOCK_SYS_PAGE,912,10,523
1787549597.221,2026-08-24 05:33:17.223,InnoDB,LOCK_SYS_PAGE,979,10,513
1787549597.221,2026-08-24 05:33:17.223,InnoDB,LOCK_SYS_PAGE,983,10,593
1787549597.221,2026-08-24 05:33:17.223,InnoDB,LOCK_SYS_PAGE,997,10,553
1787549597.221,2026-08-24 05:33:17.223,InnoDB,LOCK_SYS_PAGE,954,10,540
1787549597.221,2026-08-24 05:33:17.223,InnoDB,LOCK_SYS_PAGE,907,10,502
1787549597.221,2026-08-24 05:33:17.223,InnoDB,LOCK_SYS_PAGE,925,10,542
1787549597.221,2026-08-24 05:33:17.223,InnoDB,LOCK_SYS_PAGE,891,10,464
1787549597.221,2026-08-24 05:33:17.223,InnoDB,LOCK_SYS_PAGE,841,10,467
1787549597.221,2026-08-24 05:33:17.223,InnoDB,LOCK_SYS_PAGE,928,10,506
1787549597.221,2026-08-24 05:33:17.223,InnoDB,LOCK_SYS_PAGE,937,9,489
1787549597.221,2026-08-24 05:33:17.223,InnoDB,LOCK_SYS_PAGE,908,9,471
1787549597.221,2026-08-24 05:33:17.223,InnoDB,LOCK_SYS_PAGE,1071,9,554
1787549597.221,2026-08-24 05:33:17.223,InnoDB,LOCK_SYS_PAGE,890,9,516
1787549597.221,2026-08-24 05:33:17.223,InnoDB,LOCK_SYS_PAGE,998,9,523
1787549597.221,2026-08-24 05:33:17.223,InnoDB,LOCK_SYS_PAGE,850,9,498
1787549597.221,2026-08-24 05:33:17.223,InnoDB,LOCK_SYS_PAGE,879,9,506
1787549597.221,2026-08-24 05:33:17.223,InnoDB,LOCK_SYS_PAGE,910,9,548
1787549597.221,2026-08-24 05:33:17.223,InnoDB,LOCK_SYS_PAGE,825,9,490
1787549597.221,2026-08-24 05:33:17.223,InnoDB,LOCK_SYS_PAGE,921,9,530
1787549597.221,2026-08-24 05:33:17.223,InnoDB,LOCK_SYS_PAGE,839,9,515
1787549597.221,2026-08-24 05:33:17.223,InnoDB,LOCK_SYS_PAGE,1037,9,561
1787549597.221,2026-08-24 05:33:17.223,InnoDB,LOCK_SYS_PAGE,927,9,569
1787549597.221,2026-08-24 05:33:17.223,InnoDB,LOCK_SYS_PAGE,830,9,474
1787549597.221,2026-08-24 05:33:17.223,InnoDB,LOCK_SYS_PAGE,855,9,514
1787549597.221,2026-08-24 05:33:17.223,InnoDB,LOCK_SYS_PAGE,908,9,467
1787549597.221,2026-08-24 05:33:17.223,InnoDB,LOCK_SYS_PAGE,1031,9,565
1787549597.221,2026-08-24 05:33:17.223,InnoDB,LOCK_SYS_PAGE,903,9,516
1787549597.221,2026-08-24 05:33:17.223,InnoDB,LOCK_SYS_PAGE,795,9,470
1787549597.221,2026-08-24 05:33:17.223,InnoDB,LOCK_SYS_PAGE,910,9,485
1787549597.221,2026-08-24 05:33:17.223,InnoDB,LOCK_SYS_PAGE,892,9,489
1787549597.221,2026-08-24 05:33:17.223,InnoDB,LOCK_SYS_PAGE,962,9,554
1787549597.221,2026-08-24 05:33:17.223,InnoDB,LOCK_SYS_PAGE,920,9,480
1787549597.221,2026-08-24 05:33:17.223,InnoDB,LOCK_SYS_PAGE,910,9,517
1787549597.221,2026-08-24 05:33:17.223,InnoDB,LOCK_SYS_PAGE,864,9,475
1787549597.221,2026-08-24 05:33:17.223,InnoDB,LOCK_SYS_PAGE,886,9,484
1787549597.221,2026-08-24 05:33:17.223,InnoDB,LOCK_SYS_PAGE,849,9,491
1787549597.221,2026-08-24 05:33:17.223,InnoDB,LOCK_SYS_PAGE,871,9,521
1787549597.221,2026-08-24 05:33:17.223,InnoDB,LOCK_SYS_PAGE,874,9,518
1787549597.221,2026-08-24 05:33:17.223,InnoDB,LOCK_SYS_PAGE,835,8,506
1787549597.221,2026-08-24 05:33:17.223,InnoDB,LOCK_SYS_PAGE,872,8,563
1787549597.221,2026-08-24 05:33:17.223,InnoDB,LOCK_SYS_PAGE,826,8,509
1787549597.221,2026-08-24 05:33:17.223,InnoDB,LOCK_SYS_PAGE,850,8,502
1787549597.221,2026-08-24 05:33:17.223,InnoDB,LOCK_SYS_PAGE,851,8,480
1787549597.221,2026-08-24 05:33:17.223,InnoDB,LOCK_SYS_PAGE,881,8,500
1787549597.221,2026-08-24 05:33:17.223,InnoDB,LOCK_SYS_PAGE,958,8,491
1787549597.221,2026-08-24 05:33:17.223,InnoDB,LOCK_SYS_PAGE,876,8,554
1787549597.221,2026-08-24 05:33:17.223,InnoDB,LOCK_SYS_PAGE,931,8,515
1787549597.221,2026-08-24 05:33:17.223,InnoDB,LOCK_SYS_PAGE,925,8,552
1787549597.221,2026-08-24 05:33:17.223,InnoDB,LOCK_SYS_PAGE,876,8,498
1787549597.221,2026-08-24 05:33:17.223,InnoDB,RECALC_POOL,292,8,19
1787549597.221,2026-08-24 05:33:17.223,InnoDB,LOCK_SYS_PAGE,903,8,571
1787549597.221,2026-08-24 05:33:17.223,InnoDB,LOCK_SYS_PAGE,846,8,528
1787549597.221,2026-08-24 05:33:17.223,InnoDB,LOCK_SYS_PAGE,941,8,546
1787549597.221,2026-08-24 05:33:17.223,InnoDB,LOCK_SYS_PAGE,890,8,500
1787549597.221,2026-08-24 05:33:17.223,InnoDB,LOCK_SYS_PAGE,813,8,513
1787549597.221,2026-08-24 05:33:17.223,InnoDB,LOCK_SYS_PAGE,901,8,503
1787549597.221,2026-08-24 05:33:17.223,InnoDB,LOCK_SYS_PAGE,797,8,504
1787549597.221,2026-08-24 05:33:17.223,InnoDB,LOCK_SYS_PAGE,785,8,490
1787549597.221,2026-08-24 05:33:17.223,InnoDB,LOCK_SYS_PAGE,876,8,511
1787549597.221,2026-08-24 05:33:17.223,InnoDB,LOCK_SYS_PAGE,907,8,512
1787549597.221,2026-08-24 05:33:17.223,InnoDB,LOCK_SYS_PAGE,970,8,526
1787549597.221,2026-08-24 05:33:17.223,InnoDB,LOCK_SYS_PAGE,897,8,504
1787549597.221,2026-08-24 05:33:17.223,InnoDB,LOCK_SYS_PAGE,832,8,477
1787549597.221,2026-08-24 05:33:17.223,InnoDB,LOCK_SYS_PAGE,805,7,525
1787549597.221,2026-08-24 05:33:17.223,InnoDB,LOCK_SYS_PAGE,875,7,535
1787549597.221,2026-08-24 05:33:17.223,InnoDB,LOCK_SYS_PAGE,886,7,556
1787549597.221,2026-08-24 05:33:17.223,InnoDB,LOCK_SYS_PAGE,843,7,516
1787549597.221,2026-08-24 05:33:17.223,InnoDB,LOCK_SYS_PAGE,862,7,546
1787549597.221,2026-08-24 05:33:17.223,InnoDB,LOCK_SYS_PAGE,816,7,511
1787549597.221,2026-08-24 05:33:17.223,InnoDB,LOCK_SYS_PAGE,835,7,473
1787549597.221,2026-08-24 05:33:17.223,InnoDB,LOCK_SYS_PAGE,846,7,505
1787549597.221,2026-08-24 05:33:17.223,InnoDB,LOCK_SYS_PAGE,815,7,484
1787549597.221,2026-08-24 05:33:17.223,InnoDB,LOCK_SYS_PAGE,958,7,551
1787549597.221,2026-08-24 05:33:17.223,InnoDB,LOCK_SYS_PAGE,825,7,558
1787549597.221,2026-08-24 05:33:17.223,InnoDB,LOCK_SYS_PAGE,721,7,462
1787549597.221,2026-08-24 05:33:17.223,InnoDB,LOCK_SYS_PAGE,828,7,536
1787549597.221,2026-08-24 05:33:17.223,InnoDB,LOCK_SYS_PAGE,860,7,522
1787549597.221,2026-08-24 05:33:17.223,InnoDB,PARSER,238,7,5
1787549597.221,2026-08-24 05:33:17.223,InnoDB,LOCK_SYS_PAGE,730,7,470
1787549597.221,2026-08-24 05:33:17.223,InnoDB,LOCK_SYS_PAGE,893,7,512
1787549597.221,2026-08-24 05:33:17.223,InnoDB,LOCK_SYS_PAGE,834,7,479
1787549597.221,2026-08-24 05:33:17.223,InnoDB,LOCK_SYS_PAGE,860,7,521
1787549597.221,2026-08-24 05:33:17.223,InnoDB,LOCK_SYS_PAGE,804,7,479
1787549597.221,2026-08-24 05:33:17.223,InnoDB,LOCK_SYS_PAGE,819,7,517
1787549597.221,2026-08-24 05:33:17.223,InnoDB,LOCK_SYS_PAGE,822,7,515
1787549597.221,2026-08-24 05:33:17.223,InnoDB,LOCK_SYS_PAGE,905,7,478
1787549597.221,2026-08-24 05:33:17.223,InnoDB,LOCK_SYS_PAGE,922,7,554
1787549597.221,2026-08-24 05:33:17.223,InnoDB,LOCK_SYS_PAGE,770,7,532
1787549597.221,2026-08-24 05:33:17.223,InnoDB,LOCK_SYS_PAGE,808,7,492
1787549597.221,2026-08-24 05:33:17.223,InnoDB,LOCK_SYS_PAGE,782,6,546
1787549597.221,2026-08-24 05:33:17.223,InnoDB,LOCK_SYS_PAGE,757,6,543
1787549597.221,2026-08-24 05:33:17.223,InnoDB,LOCK_SYS_PAGE,906,6,499
1787549597.221,2026-08-24 05:33:17.223,InnoDB,LOCK_SYS_PAGE,879,6,550
1787549597.221,2026-08-24 05:33:17.223,InnoDB,LOCK_SYS_PAGE,782,6,490
1787549597.221,2026-08-24 05:33:17.223,InnoDB,LOCK_SYS_PAGE,806,6,512
1787549597.221,2026-08-24 05:33:17.223,InnoDB,LOCK_SYS_PAGE,833,6,522
1787549597.221,2026-08-24 05:33:17.223,InnoDB,LOCK_SYS_PAGE,840,6,501
1787549597.221,2026-08-24 05:33:17.223,InnoDB,LOCK_SYS_PAGE,703,6,455
1787549597.221,2026-08-24 05:33:17.223,InnoDB,LOCK_SYS_PAGE,973,6,548
1787549597.221,2026-08-24 05:33:17.223,InnoDB,LOCK_SYS_PAGE,783,6,489
1787549597.221,2026-08-24 05:33:17.223,InnoDB,LOCK_SYS_PAGE,808,6,517
1787549597.221,2026-08-24 05:33:17.223,InnoDB,LOCK_SYS_PAGE,730,6,504
1787549597.221,2026-08-24 05:33:17.223,InnoDB,LOCK_SYS_PAGE,800,6,500
1787549597.221,2026-08-24 05:33:17.223,InnoDB,LOCK_SYS_PAGE,809,6,484
1787549597.221,2026-08-24 05:33:17.223,InnoDB,LOCK_SYS_PAGE,672,6,468
1787549597.221,2026-08-24 05:33:17.223,InnoDB,LOCK_SYS_PAGE,729,5,456
1787549597.221,2026-08-24 05:33:17.223,InnoDB,LOCK_SYS_PAGE,747,5,489
1787549597.221,2026-08-24 05:33:17.223,InnoDB,DICT_TABLE_STATS_COMPUTE,174,5,4
1787549597.221,2026-08-24 05:33:17.223,InnoDB,LOCK_SYS_PAGE,814,5,562
1787549597.221,2026-08-24 05:33:17.223,InnoDB,LOCK_SYS_PAGE,656,5,461
1787549597.221,2026-08-24 05:33:17.223,InnoDB,LOCK_SYS_PAGE,785,5,529
1787549597.221,2026-08-24 05:33:17.223,InnoDB,LOCK_SYS_PAGE,733,4,483
1787549597.221,2026-08-24 05:33:17.223,InnoDB,LOCK_SYS_PAGE,694,4,489
1787549597.221,2026-08-24 05:33:17.223,InnoDB,LOCK_SYS_PAGE,661,4,457
1787549597.221,2026-08-24 05:33:17.223,InnoDB,LOCK_SYS_PAGE,728,4,494
1787549597.221,2026-08-24 05:33:17.223,InnoDB,LOCK_SYS_PAGE,726,4,497
1787549597.221,2026-08-24 05:33:17.223,InnoDB,DICT_TABLE_STATS_COMPUTE,90,3,2
1787549597.221,2026-08-24 05:33:17.223,InnoDB,LOCK_SYS_PAGE,769,3,518
1787549597.221,2026-08-24 05:33:17.223,InnoDB,FIL_SHARD,99,2,44
1787549597.221,2026-08-24 05:33:17.223,InnoDB,FIL_SHARD,144,2,91
1787549597.221,2026-08-24 05:33:17.223,InnoDB,LOCK_SYS_PAGE,620,2,465
1787549597.221,2026-08-24 05:33:17.223,InnoDB,FIL_SHARD,96,2,25
1787549597.221,2026-08-24 05:33:17.223,InnoDB,FIL_SHARD,78,2,28
1787549597.221,2026-08-24 05:33:17.223,InnoDB,FIL_SHARD,63,1,35
1787549597.221,2026-08-24 05:33:17.223,InnoDB,TRX_SYS_SHARD,34,1,1
1787549597.221,2026-08-24 05:33:17.223,InnoDB,TRX_SYS_SHARD,32,1,3
1787549597.221,2026-08-24 05:33:17.223,InnoDB,FIL_SHARD,73,1,43
1787549597.221,2026-08-24 05:33:17.223,InnoDB,FIL_SHARD,38,1,11
1787549597.221,2026-08-24 05:33:17.223,InnoDB,TRX_SYS_SHARD,35,1,2
1787549597.221,2026-08-24 05:33:17.223,InnoDB,TRX_SYS_SHARD,31,1,2
1787549597.221,2026-08-24 05:33:17.223,InnoDB,LOG_LIMITS,238,1,140
1787549597.221,2026-08-24 05:33:17.223,InnoDB,FIL_SHARD,80,1,72
1787549597.221,2026-08-24 05:33:17.223,InnoDB,TRX_SYS_SHARD,30,1,1
1787549597.221,2026-08-24 05:33:17.223,InnoDB,FIL_SHARD,47,1,24
1787549597.221,2026-08-24 05:33:17.223,InnoDB,TRX_SYS_SHARD,4,0,3
1787549597.221,2026-08-24 05:33:17.223,InnoDB,TRX_SYS_SHARD,1,0,1
1787549597.221,2026-08-24 05:33:17.223,InnoDB,TRX_SYS_SHARD,1,0,1
1787549597.221,2026-08-24 05:33:17.223,InnoDB,TRX_SYS_SHARD,1,0,1
1787549597.221,2026-08-24 05:33:17.223,InnoDB,TRX_SYS_SHARD,2,0,1
1787549597.221,2026-08-24 05:33:17.223,InnoDB,TRX_SYS_SHARD,1,0,1
1787549597.221,2026-08-24 05:33:17.223,InnoDB,TRX_SYS_SHARD,1,0,1
1787549597.221,2026-08-24 05:33:17.223,InnoDB,TRX_SYS_SHARD,1,0,1
1787549597.221,2026-08-24 05:33:17.223,InnoDB,TRX_SYS_SHARD,1,0,1
1787549597.221,2026-08-24 05:33:17.223,InnoDB,TRX_SYS_SHARD,1,0,1
1787549597.221,2026-08-24 05:33:17.223,InnoDB,TRX_SYS_SHARD,1,0,1
1787549597.221,2026-08-24 05:33:17.223,InnoDB,TRX_SYS_SHARD,1,0,1
1787549597.221,2026-08-24 05:33:17.223,InnoDB,TRX_SYS_SHARD,1,0,1
1787549597.221,2026-08-24 05:33:17.223,InnoDB,TRX_SYS_SHARD,1,0,1
1787549597.221,2026-08-24 05:33:17.223,InnoDB,TRX_SYS_SHARD,1,0,1
1787549597.221,2026-08-24 05:33:17.223,InnoDB,TRX_SYS_SHARD,1,0,1
1787549597.221,2026-08-24 05:33:17.223,InnoDB,TRX_SYS_SHARD,1,0,1
1787549597.221,2026-08-24 05:33:17.223,InnoDB,TRX_SYS_SHARD,2,0,1
1787549597.221,2026-08-24 05:33:17.223,InnoDB,TRX_SYS_SHARD,2,0,1
1787549597.221,2026-08-24 05:33:17.223,InnoDB,TRX_SYS_SHARD,1,0,1
1787549597.221,2026-08-24 05:33:17.223,InnoDB,TRX_SYS_SHARD,1,0,1
1787549597.221,2026-08-24 05:33:17.223,InnoDB,TRX_SYS_SHARD,2,0,2
1787549597.221,2026-08-24 05:33:17.223,InnoDB,TRX_SYS_SHARD,1,0,1
1787549597.221,2026-08-24 05:33:17.223,InnoDB,TRX_SYS_SHARD,1,0,1
1787549597.221,2026-08-24 05:33:17.223,InnoDB,TRX_SYS_SHARD,2,0,2
1787549597.221,2026-08-24 05:33:17.223,InnoDB,TRX_SYS_SHARD,2,0,1
1787549597.221,2026-08-24 05:33:17.223,InnoDB,TRX_SYS_SHARD,1,0,1
1787549597.221,2026-08-24 05:33:17.223,InnoDB,TRX_SYS_SHARD,1,0,1
1787549597.221,2026-08-24 05:33:17.223,InnoDB,TRX_SYS_SHARD,2,0,1
1787549597.221,2026-08-24 05:33:17.223,InnoDB,TRX_SYS_SHARD,2,0,1
1787549597.221,2026-08-24 05:33:17.223,InnoDB,TRX_SYS_SHARD,1,0,1
1787549597.221,2026-08-24 05:33:17.223,InnoDB,TRX_SYS_SHARD,1,0,1
1787549597.221,2026-08-24 05:33:17.223,InnoDB,TRX_SYS_SHARD,1,0,1
1787549597.221,2026-08-24 05:33:17.223,InnoDB,TRX_SYS_SHARD,1,0,1
1787549597.221,2026-08-24 05:33:17.223,InnoDB,TRX_SYS_SHARD,4,0,2
1787549597.221,2026-08-24 05:33:17.223,InnoDB,TRX_SYS_SHARD,1,0,1
1787549597.221,2026-08-24 05:33:17.223,InnoDB,TRX_SYS_SHARD,1,0,1
1787549597.221,2026-08-24 05:33:17.223,InnoDB,TRX_SYS_SHARD,2,0,1
1787549597.221,2026-08-24 05:33:17.223,InnoDB,TRX_SYS_SHARD,1,0,1
1787549597.221,2026-08-24 05:33:17.223,InnoDB,FIL_SHARD,135,0,167
1787549597.221,2026-08-24 05:33:17.223,InnoDB,TRX_SYS_SHARD,2,0,2
1787549597.221,2026-08-24 05:33:17.223,InnoDB,TRX_SYS_SHARD,2,0,1
1787549597.221,2026-08-24 05:33:17.223,InnoDB,TRX_SYS_SHARD,2,0,1
1787549597.221,2026-08-24 05:33:17.223,InnoDB,TRX_SYS_SHARD,1,0,1
1787549597.221,2026-08-24 05:33:17.223,InnoDB,FIL_SHARD,25,0,8
1787549597.221,2026-08-24 05:33:17.223,InnoDB,TRX_SYS_SHARD,2,0,1
1787549597.221,2026-08-24 05:33:17.223,InnoDB,TRX_SYS_SHARD,1,0,1
1787549597.221,2026-08-24 05:33:17.223,InnoDB,CLONE_SYS,1,0,1
1787549597.221,2026-08-24 05:33:17.223,InnoDB,TRX_SYS_SHARD,1,0,1
1787549597.221,2026-08-24 05:33:17.223,InnoDB,TRX_SYS_SHARD,1,0,1
1787549597.221,2026-08-24 05:33:17.223,InnoDB,TRX_SYS_SHARD,2,0,2
1787549597.221,2026-08-24 05:33:17.223,InnoDB,TRX_SYS_SHARD,1,0,1
1787549597.221,2026-08-24 05:33:17.223,InnoDB,TRX_SYS_SHARD,2,0,2
1787549597.221,2026-08-24 05:33:17.223,InnoDB,TRX_SYS_SHARD,1,0,1
1787549597.221,2026-08-24 05:33:17.223,InnoDB,TRX_SYS_SHARD,2,0,1
1787549597.221,2026-08-24 05:33:17.223,InnoDB,TRX_SYS_SHARD,1,0,1
1787549597.221,2026-08-24 05:33:17.223,InnoDB,FIL_SHARD,3,0,12
1787549597.221,2026-08-24 05:33:17.223,InnoDB,FIL_SHARD,5,0,15
1787549597.221,2026-08-24 05:33:17.223,InnoDB,FIL_SHARD,9,0,21
1787549597.221,2026-08-24 05:33:17.223,InnoDB,FIL_SHARD,8,0,22
1787549597.221,2026-08-24 05:33:17.223,InnoDB,FIL_SHARD,52,0,36
1787549597.221,2026-08-24 05:33:17.223,InnoDB,FIL_SHARD,7,0,13
1787549597.221,2026-08-24 05:33:17.223,InnoDB,FIL_SHARD,7,0,14
1787549597.221,2026-08-24 05:33:17.223,InnoDB,FIL_SHARD,17,0,30
1787549597.221,2026-08-24 05:33:17.223,InnoDB,FIL_SHARD,8,0,15
1787549597.221,2026-08-24 05:33:17.223,InnoDB,FIL_SHARD,6,0,11
1787549597.221,2026-08-24 05:33:17.223,InnoDB,FIL_SHARD,39,0,49
1787549597.221,2026-08-24 05:33:17.223,InnoDB,FIL_SHARD,4,0,7
1787549597.221,2026-08-24 05:33:17.223,InnoDB,FIL_SHARD,21,0,29
1787549597.221,2026-08-24 05:33:17.223,InnoDB,FIL_SHARD,22,0,30
1787549597.221,2026-08-24 05:33:17.223,InnoDB,FIL_SHARD,33,0,56
1787549597.221,2026-08-24 05:33:17.223,InnoDB,FIL_SHARD,40,0,53
1787549597.221,2026-08-24 05:33:17.223,InnoDB,FIL_SHARD,31,0,50
1787549597.221,2026-08-24 05:33:17.223,InnoDB,FIL_SHARD,30,0,47
1787549597.221,2026-08-24 05:33:17.223,InnoDB,FIL_SHARD,17,0,29
1787549597.221,2026-08-24 05:33:17.223,InnoDB,FIL_SHARD,42,0,32
1787549597.221,2026-08-24 05:33:17.223,InnoDB,FIL_SHARD,5,0,9
1787549597.221,2026-08-24 05:33:17.223,InnoDB,FIL_SHARD,15,0,18
1787549597.221,2026-08-24 05:33:17.223,InnoDB,FIL_SHARD,8,0,23
1787549597.221,2026-08-24 05:33:17.223,InnoDB,FIL_SHARD,9,0,23
1787549597.221,2026-08-24 05:33:17.223,InnoDB,FIL_SHARD,8,0,12
1787549597.221,2026-08-24 05:33:17.223,InnoDB,FIL_SHARD,4,0,17
1787549597.221,2026-08-24 05:33:17.223,InnoDB,FIL_SHARD,31,0,24
1787549597.221,2026-08-24 05:33:17.223,InnoDB,FIL_SHARD,8,0,18
1787549597.221,2026-08-24 05:33:17.223,InnoDB,FIL_SHARD,9,0,18
1787549597.221,2026-08-24 05:33:17.223,InnoDB,FIL_SHARD,10,0,14
1787549597.221,2026-08-24 05:33:17.223,InnoDB,FIL_SHARD,19,0,27
1787549597.221,2026-08-24 05:33:17.223,InnoDB,FIL_SHARD,6,0,13
1787549597.221,2026-08-24 05:33:17.223,InnoDB,AUTOINC,1,0,1
1787549597.221,2026-08-24 05:33:17.223,InnoDB,TRX_SYS_SHARD,1,0,1
1787549597.221,2026-08-24 05:33:17.223,InnoDB,TRX_SYS_SHARD,2,0,2
1787549597.221,2026-08-24 05:33:17.223,InnoDB,TRX_SYS_SHARD,1,0,1
1787549597.221,2026-08-24 05:33:17.223,InnoDB,TRX_SYS_SHARD,1,0,1
1787549597.221,2026-08-24 05:33:17.223,InnoDB,TRX_SYS_SHARD,1,0,1
1787549597.221,2026-08-24 05:33:17.223,InnoDB,TRX_SYS_SHARD,5,0,3
1787549597.221,2026-08-24 05:33:17.223,InnoDB,TRX_SYS_SHARD,8,0,1
1787549597.221,2026-08-24 05:33:17.223,InnoDB,TRX_SYS_SHARD,1,0,1
1787549597.221,2026-08-24 05:33:17.223,InnoDB,TRX_SYS_SHARD,2,0,2
1787549597.221,2026-08-24 05:33:17.223,InnoDB,TRX_SYS_SHARD,6,0,1
1787549597.221,2026-08-24 05:33:17.223,InnoDB,TRX_SYS_SHARD,1,0,1
1787549597.221,2026-08-24 05:33:17.223,InnoDB,TRX_SYS_SHARD,1,0,1
1787549597.221,2026-08-24 05:33:17.223,InnoDB,TRX_SYS_SHARD,2,0,1
1787549597.221,2026-08-24 05:33:17.223,InnoDB,TRX_SYS_SHARD,1,0,1
1787549597.221,2026-08-24 05:33:17.223,InnoDB,TRX_SYS_SHARD,2,0,2
1787549597.221,2026-08-24 05:33:17.223,InnoDB,TRX_SYS_SHARD,3,0,2
1787549597.221,2026-08-24 05:33:17.223,InnoDB,TRX_SYS_SHARD,1,0,1
1787549597.221,2026-08-24 05:33:17.223,InnoDB,TRX_SYS_SHARD,1,0,1
1787549597.221,2026-08-24 05:33:17.223,InnoDB,TRX_SYS_SHARD,1,0,1
1787549597.221,2026-08-24 05:33:17.223,InnoDB,TRX_SYS_SHARD,2,0,2
1787549597.221,2026-08-24 05:33:17.223,InnoDB,TRX_SYS_SHARD,1,0,1
1787549597.221,2026-08-24 05:33:17.223,InnoDB,TRX_SYS_SHARD,1,0,1
1787549597.221,2026-08-24 05:33:17.223,InnoDB,TRX_SYS_SHARD,1,0,1
1787549597.221,2026-08-24 05:33:17.223,InnoDB,TRX_SYS_SHARD,2,0,2
1787549597.221,2026-08-24 05:33:17.223,InnoDB,TRX_SYS_SHARD,2,0,1
1787549597.221,2026-08-24 05:33:17.223,InnoDB,FIL_SHARD,72,0,107
1787549597.221,2026-08-24 05:33:17.223,InnoDB,TRX,1,0,1
1787549597.221,2026-08-24 05:33:17.223,InnoDB,TRX,1,0,1
1787549597.221,2026-08-24 05:33:17.223,InnoDB,TRX,1,0,1
1787549597.221,2026-08-24 05:33:17.223,InnoDB,TRX_POOL_MANAGER,5,0,5
1787549597.221,2026-08-24 05:33:17.223,InnoDB,FIL_SHARD,54,0,77
1787549597.221,2026-08-24 05:33:17.223,InnoDB,FIL_SHARD,56,0,62
1787549597.221,2026-08-24 05:33:17.223,InnoDB,rwlock: dict0dict.cc:2631,,10518,
1787549597.221,2026-08-24 05:33:17.223,InnoDB,rwlock: dict0dict.cc:2631,,10702,
1787549597.221,2026-08-24 05:33:17.223,InnoDB,rwlock: dict0dict.cc:2631,,11054,
1787549597.221,2026-08-24 05:33:17.223,InnoDB,rwlock: dict0dict.cc:2631,,10841,
1787549597.221,2026-08-24 05:33:17.223,InnoDB,rwlock: dict0dict.cc:2631,,11121,
1787549597.221,2026-08-24 05:33:17.223,InnoDB,rwlock: dict0dict.cc:2631,,10721,
1787549597.221,2026-08-24 05:33:17.223,InnoDB,rwlock: dict0dict.cc:2631,,10765,
1787549597.221,2026-08-24 05:33:17.223,InnoDB,rwlock: dict0dict.cc:2631,,10901,
1787549597.221,2026-08-24 05:33:17.223,InnoDB,rwlock: dict0dict.cc:2631,,10918,
1787549597.221,2026-08-24 05:33:17.223,InnoDB,rwlock: dict0dict.cc:2631,,11119,
1787549597.221,2026-08-24 05:33:17.223,InnoDB,rwlock: dict0dict.cc:2631,,10455,
1787549597.221,2026-08-24 05:33:17.223,InnoDB,rwlock: dict0dict.cc:2631,,10423,
1787549597.221,2026-08-24 05:33:17.223,InnoDB,rwlock: dict0dict.cc:2631,,10630,
1787549597.221,2026-08-24 05:33:17.223,InnoDB,rwlock: dict0dict.cc:2631,,10782,
1787549597.221,2026-08-24 05:33:17.223,InnoDB,rwlock: dict0dict.cc:2631,,10735,
1787549597.221,2026-08-24 05:33:17.223,InnoDB,rwlock: dict0dict.cc:2631,,10232,
1787549597.221,2026-08-24 05:33:17.223,InnoDB,rwlock: dict0dict.cc:2631,,10777,
1787549597.221,2026-08-24 05:33:17.223,InnoDB,rwlock: dict0dict.cc:2631,,10152,
1787549597.221,2026-08-24 05:33:17.223,InnoDB,rwlock: dict0dict.cc:2631,,10099,
1787549597.221,2026-08-24 05:33:17.223,InnoDB,rwlock: dict0dict.cc:2631,,11144,
1787549597.221,2026-08-24 05:33:17.223,InnoDB,rwlock: dict0dict.cc:2631,,1,
1787549597.221,2026-08-24 05:33:17.223,InnoDB,rwlock: dict0dict.cc:2631,,1,
1787549597.221,2026-08-24 05:33:17.223,InnoDB,rwlock: dict0dict.cc:2631,,1,
1787549597.221,2026-08-24 05:33:17.223,InnoDB,rwlock: dict0dict.cc:2631,,1,
1787549597.221,2026-08-24 05:33:17.223,InnoDB,rwlock: dict0dict.cc:2631,,1,
1787549597.221,2026-08-24 05:33:17.223,InnoDB,rwlock: fil0fil.cc:10242,,1,
1787549597.221,2026-08-24 05:33:17.223,InnoDB,rwlock: fil0fil.cc:10242,,1,
1787549597.221,2026-08-24 05:33:17.223,InnoDB,rwlock: dict0dict.cc:2631,,2,
1787549597.221,2026-08-24 05:33:17.223,InnoDB,rwlock: dict0dict.cc:2631,,1,
1787549597.221,2026-08-24 05:33:17.223,InnoDB,rwlock: dict0dict.cc:2631,,2,
1787549597.221,2026-08-24 05:33:17.223,InnoDB,rwlock: fil0fil.cc:10242,,1,
1787549597.221,2026-08-24 05:33:17.223,InnoDB,rwlock: dict0dict.cc:2631,,1,
1787549597.221,2026-08-24 05:33:17.223,InnoDB,rwlock: dict0dict.cc:2631,,1,
1787549597.221,2026-08-24 05:33:17.223,InnoDB,rwlock: dict0dict.cc:2631,,3,
1787549597.221,2026-08-24 05:33:17.223,InnoDB,rwlock: trx0purge.cc:232,,29,
1787549597.221,2026-08-24 05:33:17.223,InnoDB,rwlock: fil0fil.cc:10242,,5105,
1787549597.221,2026-08-24 05:33:17.223,InnoDB,rwlock: fil0fil.cc:10242,,4618,
1787549597.221,2026-08-24 05:33:17.223,InnoDB,rwlock: dict0dict.cc:1180,,25,
1787549597.221,2026-08-24 05:33:17.223,InnoDB,rwlock: hash0hash.cc:117,,705,
1787549597.221,2026-08-24 05:33:17.223,InnoDB,rwlock: hash0hash.cc:117,,1444,
1787549597.221,2026-08-24 05:33:17.223,InnoDB,rwlock: hash0hash.cc:117,,2532,
1787549597.221,2026-08-24 05:33:17.223,InnoDB,rwlock: hash0hash.cc:117,,580,
1787549597.221,2026-08-24 05:33:17.223,InnoDB,rwlock: hash0hash.cc:117,,714,
1787549597.221,2026-08-24 05:33:17.223,InnoDB,rwlock: hash0hash.cc:117,,835,
1787549597.221,2026-08-24 05:33:17.223,InnoDB,rwlock: hash0hash.cc:117,,1066,
1787549597.221,2026-08-24 05:33:17.223,InnoDB,rwlock: hash0hash.cc:117,,486,
1787549597.221,2026-08-24 05:33:17.223,InnoDB,rwlock: hash0hash.cc:117,,993,
1787549597.221,2026-08-24 05:33:17.223,InnoDB,rwlock: hash0hash.cc:117,,1998,
1787549597.221,2026-08-24 05:33:17.223,InnoDB,rwlock: hash0hash.cc:117,,742,
1787549597.221,2026-08-24 05:33:17.223,InnoDB,rwlock: hash0hash.cc:117,,2334,
1787549597.221,2026-08-24 05:33:17.223,InnoDB,rwlock: hash0hash.cc:117,,678,
1787549597.221,2026-08-24 05:33:17.223,InnoDB,rwlock: hash0hash.cc:117,,1123,
1787549597.221,2026-08-24 05:33:17.223,InnoDB,rwlock: hash0hash.cc:117,,1051,
1787549597.221,2026-08-24 05:33:17.223,InnoDB,rwlock: hash0hash.cc:117,,1228,
1787549597.221,2026-08-24 05:33:17.223,InnoDB,rwlock: hash0hash.cc:117,,833,
1787549597.221,2026-08-24 05:33:17.223,InnoDB,rwlock: hash0hash.cc:117,,505,
1787549597.221,2026-08-24 05:33:17.223,InnoDB,rwlock: hash0hash.cc:117,,630,
1787549597.221,2026-08-24 05:33:17.223,InnoDB,rwlock: hash0hash.cc:117,,1073,
1787549597.221,2026-08-24 05:33:17.223,InnoDB,rwlock: hash0hash.cc:117,,510,
1787549597.221,2026-08-24 05:33:17.223,InnoDB,rwlock: hash0hash.cc:117,,662,
1787549597.221,2026-08-24 05:33:17.223,InnoDB,rwlock: hash0hash.cc:117,,839,
1787549597.221,2026-08-24 05:33:17.223,InnoDB,rwlock: hash0hash.cc:117,,482,
1787549597.221,2026-08-24 05:33:17.223,InnoDB,rwlock: hash0hash.cc:117,,537,
1787549597.221,2026-08-24 05:33:17.223,InnoDB,rwlock: hash0hash.cc:117,,991,
1787549597.221,2026-08-24 05:33:17.223,InnoDB,rwlock: hash0hash.cc:117,,589,
1787549597.221,2026-08-24 05:33:17.223,InnoDB,rwlock: hash0hash.cc:117,,962,
1787549597.221,2026-08-24 05:33:17.223,InnoDB,rwlock: hash0hash.cc:117,,872,
1787549597.221,2026-08-24 05:33:17.223,InnoDB,rwlock: hash0hash.cc:117,,534,
1787549597.221,2026-08-24 05:33:17.223,InnoDB,rwlock: hash0hash.cc:117,,1148,
1787549597.221,2026-08-24 05:33:17.223,InnoDB,rwlock: hash0hash.cc:117,,556,
1787549597.221,2026-08-24 05:33:17.223,InnoDB,rwlock: hash0hash.cc:117,,568,
1787549597.221,2026-08-24 05:33:17.223,InnoDB,rwlock: hash0hash.cc:117,,500,
1787549597.221,2026-08-24 05:33:17.223,InnoDB,rwlock: hash0hash.cc:117,,2172,
1787549597.221,2026-08-24 05:33:17.223,InnoDB,rwlock: hash0hash.cc:117,,731,
1787549597.221,2026-08-24 05:33:17.223,InnoDB,rwlock: hash0hash.cc:117,,687,
1787549597.221,2026-08-24 05:33:17.223,InnoDB,rwlock: hash0hash.cc:117,,1298,
1787549597.221,2026-08-24 05:33:17.223,InnoDB,rwlock: hash0hash.cc:117,,2097,
1787549597.221,2026-08-24 05:33:17.223,InnoDB,rwlock: hash0hash.cc:117,,1138,
1787549597.221,2026-08-24 05:33:17.223,InnoDB,rwlock: hash0hash.cc:117,,650,
1787549597.221,2026-08-24 05:33:17.223,InnoDB,rwlock: hash0hash.cc:117,,1039,
1787549597.221,2026-08-24 05:33:17.223,InnoDB,rwlock: hash0hash.cc:117,,716,
1787549597.221,2026-08-24 05:33:17.223,InnoDB,rwlock: hash0hash.cc:117,,747,
1787549597.221,2026-08-24 05:33:17.223,InnoDB,rwlock: hash0hash.cc:117,,1339,
1787549597.221,2026-08-24 05:33:17.223,InnoDB,rwlock: hash0hash.cc:117,,1805,
1787549597.221,2026-08-24 05:33:17.223,InnoDB,rwlock: hash0hash.cc:117,,1329,
1787549597.221,2026-08-24 05:33:17.223,InnoDB,rwlock: hash0hash.cc:117,,597,
1787549597.221,2026-08-24 05:33:17.223,InnoDB,rwlock: hash0hash.cc:117,,798,
1787549597.221,2026-08-24 05:33:17.223,InnoDB,rwlock: hash0hash.cc:117,,830,
1787549597.221,2026-08-24 05:33:17.223,InnoDB,rwlock: hash0hash.cc:117,,699,
1787549597.221,2026-08-24 05:33:17.223,InnoDB,rwlock: hash0hash.cc:117,,830,
1787549597.221,2026-08-24 05:33:17.223,InnoDB,rwlock: hash0hash.cc:117,,752,
1787549597.221,2026-08-24 05:33:17.223,InnoDB,rwlock: hash0hash.cc:117,,744,
1787549597.221,2026-08-24 05:33:17.223,InnoDB,rwlock: hash0hash.cc:117,,647,
1787549597.221,2026-08-24 05:33:17.223,InnoDB,rwlock: hash0hash.cc:117,,692,
1787549597.221,2026-08-24 05:33:17.223,InnoDB,rwlock: hash0hash.cc:117,,391,
1787549597.221,2026-08-24 05:33:17.223,InnoDB,rwlock: hash0hash.cc:117,,688,
1787549597.221,2026-08-24 05:33:17.223,InnoDB,rwlock: hash0hash.cc:117,,1029,
1787549597.221,2026-08-24 05:33:17.223,InnoDB,rwlock: hash0hash.cc:117,,758,
1787549597.221,2026-08-24 05:33:17.223,InnoDB,rwlock: hash0hash.cc:117,,673,
1787549597.221,2026-08-24 05:33:17.223,InnoDB,rwlock: hash0hash.cc:117,,686,
1787549597.221,2026-08-24 05:33:17.223,InnoDB,rwlock: hash0hash.cc:117,,776,
1787549597.221,2026-08-24 05:33:17.223,InnoDB,rwlock: hash0hash.cc:117,,840,
1787549597.221,2026-08-24 05:33:17.223,InnoDB,rwlock: hash0hash.cc:117,,2581,
1787549597.221,2026-08-24 05:33:17.223,InnoDB,rwlock: hash0hash.cc:117,,2970,
1787549597.221,2026-08-24 05:33:17.223,InnoDB,rwlock: hash0hash.cc:117,,2634,
1787549597.221,2026-08-24 05:33:17.223,InnoDB,rwlock: hash0hash.cc:117,,858,
1787549597.221,2026-08-24 05:33:17.223,InnoDB,rwlock: hash0hash.cc:117,,1379,
1787549597.221,2026-08-24 05:33:17.223,InnoDB,rwlock: hash0hash.cc:117,,1091,
1787549597.221,2026-08-24 05:33:17.223,InnoDB,rwlock: hash0hash.cc:117,,1198,
1787549597.221,2026-08-24 05:33:17.223,InnoDB,rwlock: hash0hash.cc:117,,1010,
1787549597.221,2026-08-24 05:33:17.223,InnoDB,rwlock: hash0hash.cc:117,,3393,
1787549597.221,2026-08-24 05:33:17.223,InnoDB,rwlock: hash0hash.cc:117,,3090,
1787549597.221,2026-08-24 05:33:17.223,InnoDB,rwlock: hash0hash.cc:117,,1291,
1787549597.221,2026-08-24 05:33:17.223,InnoDB,rwlock: hash0hash.cc:117,,2621,
1787549597.221,2026-08-24 05:33:17.223,InnoDB,rwlock: hash0hash.cc:117,,1431,
1787549597.221,2026-08-24 05:33:17.223,InnoDB,rwlock: hash0hash.cc:117,,1036,
1787549597.221,2026-08-24 05:33:17.223,InnoDB,rwlock: hash0hash.cc:117,,1161,
1787549597.221,2026-08-24 05:33:17.223,InnoDB,rwlock: hash0hash.cc:117,,2877,
1787549597.221,2026-08-24 05:33:17.223,InnoDB,rwlock: hash0hash.cc:117,,2316,
1787549597.221,2026-08-24 05:33:17.223,InnoDB,rwlock: hash0hash.cc:117,,1172,
1787549597.221,2026-08-24 05:33:17.223,InnoDB,rwlock: hash0hash.cc:117,,2431,
1787549597.221,2026-08-24 05:33:17.223,InnoDB,rwlock: hash0hash.cc:117,,1232,
1787549597.221,2026-08-24 05:33:17.223,InnoDB,rwlock: hash0hash.cc:117,,1070,
1787549597.221,2026-08-24 05:33:17.223,InnoDB,rwlock: hash0hash.cc:117,,1568,
1787549597.221,2026-08-24 05:33:17.223,InnoDB,rwlock: hash0hash.cc:117,,2395,
1787549597.221,2026-08-24 05:33:17.223,InnoDB,rwlock: hash0hash.cc:117,,2001,
1787549597.221,2026-08-24 05:33:17.223,InnoDB,rwlock: hash0hash.cc:117,,852,
1787549597.221,2026-08-24 05:33:17.223,InnoDB,rwlock: hash0hash.cc:117,,1136,
1787549597.221,2026-08-24 05:33:17.223,InnoDB,rwlock: hash0hash.cc:117,,1202,
1787549597.221,2026-08-24 05:33:17.223,InnoDB,rwlock: hash0hash.cc:117,,3220,
1787549597.221,2026-08-24 05:33:17.223,InnoDB,rwlock: hash0hash.cc:117,,2576,
1787549597.221,2026-08-24 05:33:17.223,InnoDB,rwlock: hash0hash.cc:117,,1939,
1787549597.221,2026-08-24 05:33:17.223,InnoDB,rwlock: hash0hash.cc:117,,948,
1787549597.221,2026-08-24 05:33:17.223,InnoDB,rwlock: hash0hash.cc:117,,1003,
1787549597.221,2026-08-24 05:33:17.223,InnoDB,sum rwlock: buf0buf.cc:852,,445169,
1787549604.415,2026-08-24 05:33:24.416,InnoDB,SRV_SYS,11646364,299488,1158360
1787549604.415,2026-08-24 05:33:24.416,InnoDB,TRX_SYS,22106049,276516,10038821
1787549604.415,2026-08-24 05:33:24.416,InnoDB,LOG_WRITER,3795476,126422,1785
1787549604.415,2026-08-24 05:33:24.416,InnoDB,BUF_POOL_LRU_LIST,6458785,98103,2547043
1787549604.415,2026-08-24 05:33:24.416,InnoDB,BUF_POOL_LRU_LIST,6067607,97833,2293044
1787549604.415,2026-08-24 05:33:24.416,InnoDB,BUF_POOL_LRU_LIST,6186329,91165,2498982
1787549604.415,2026-08-24 05:33:24.416,InnoDB,BUF_POOL_LRU_LIST,6165644,88000,2593572
1787549604.415,2026-08-24 05:33:24.416,InnoDB,BUF_POOL_LRU_LIST,5809602,85503,2445406
1787549604.415,2026-08-24 05:33:24.416,InnoDB,BUF_POOL_LRU_LIST,5955008,84784,2554994
1787549604.415,2026-08-24 05:33:24.416,InnoDB,DICT_SYS,31749196,34533,21738200
1787549604.415,2026-08-24 05:33:24.416,InnoDB,FLUSH_LIST,1079020,29961,151457
1787549604.415,2026-08-24 05:33:24.416,InnoDB,FLUSH_LIST,918425,24794,142592
1787549604.415,2026-08-24 05:33:24.416,InnoDB,BUF_POOL_FLUSH_STATE,1477199,21105,485199
1787549604.415,2026-08-24 05:33:24.416,InnoDB,FLUSH_LIST,781163,20372,133780
1787549604.415,2026-08-24 05:33:24.416,InnoDB,BUF_POOL_FLUSH_STATE,1425786,20135,464227
1787549604.415,2026-08-24 05:33:24.416,InnoDB,FLUSH_LIST,769848,19966,133439
1787549604.415,2026-08-24 05:33:24.416,InnoDB,BUF_POOL_FLUSH_STATE,1384197,19955,449088
1787549604.415,2026-08-24 05:33:24.416,InnoDB,BUF_POOL_FLUSH_STATE,1424424,19906,461747
1787549604.415,2026-08-24 05:33:24.416,InnoDB,BUF_POOL_FLUSH_STATE,1416591,19882,455751
1787549604.415,2026-08-24 05:33:24.416,InnoDB,BUF_POOL_FLUSH_STATE,1403543,19534,458348
1787549604.415,2026-08-24 05:33:24.416,InnoDB,FLUSH_LIST,697558,17462,134927
1787549604.415,2026-08-24 05:33:24.416,InnoDB,FLUSH_LIST,668249,16478,136874
1787549604.415,2026-08-24 05:33:24.416,InnoDB,PURGE_SYS_PQ,1948434,13925,1253594
1787549604.415,2026-08-24 05:33:24.416,InnoDB,TRX_SYS_SERIALISATION,1328077,11998,798370
1787549604.415,2026-08-24 05:33:24.416,InnoDB,FIL_SHARD,156834,2818,40594
1787549604.415,2026-08-24 05:33:24.416,InnoDB,FIL_SHARD,168149,2778,44816
1787549604.415,2026-08-24 05:33:24.416,InnoDB,FIL_SHARD,148731,2689,39607
1787549604.415,2026-08-24 05:33:24.416,InnoDB,FIL_SHARD,148995,2638,40271
1787549604.415,2026-08-24 05:33:24.416,InnoDB,FIL_SHARD,138252,2518,37879
1787549604.415,2026-08-24 05:33:24.416,InnoDB,FIL_SHARD,142108,2490,40682
1787549604.415,2026-08-24 05:33:24.416,InnoDB,FIL_SHARD,136671,2428,37726
1787549604.415,2026-08-24 05:33:24.416,InnoDB,TRX,723329,2421,1083147
1787549604.415,2026-08-24 05:33:24.416,InnoDB,FIL_SHARD,135723,2416,38532
1787549604.415,2026-08-24 05:33:24.416,InnoDB,FIL_SHARD,135843,2406,38757
1787549604.415,2026-08-24 05:33:24.416,InnoDB,FIL_SHARD,133163,2380,38349
1787549604.415,2026-08-24 05:33:24.416,InnoDB,FIL_SHARD,132090,2341,37434
1787549604.415,2026-08-24 05:33:24.416,InnoDB,FIL_SHARD,129255,2298,37881
1787549604.415,2026-08-24 05:33:24.416,InnoDB,FIL_SHARD,128682,2269,36836
1787549604.415,2026-08-24 05:33:24.416,InnoDB,FIL_SHARD,125736,2258,35884
1787549604.415,2026-08-24 05:33:24.416,InnoDB,FIL_SHARD,129561,2250,37139
1787549604.415,2026-08-24 05:33:24.416,InnoDB,FIL_SHARD,123881,2160,35837
1787549604.415,2026-08-24 05:33:24.416,InnoDB,FIL_SHARD,124692,2159,37898
1787549604.415,2026-08-24 05:33:24.416,InnoDB,FIL_SHARD,124421,2155,37089
1787549604.415,2026-08-24 05:33:24.416,InnoDB,FIL_SHARD,114354,1989,34355
1787549604.415,2026-08-24 05:33:24.416,InnoDB,FIL_SHARD,109699,1970,32226
1787549604.415,2026-08-24 05:33:24.416,InnoDB,LOCK_SYS_TABLE,87935,1241,39980
1787549604.415,2026-08-24 05:33:24.416,InnoDB,LOG_FILES,42098,1198,1471
1787549604.415,2026-08-24 05:33:24.416,InnoDB,LOCK_SYS_TABLE,85915,1198,40110
1787549604.415,2026-08-24 05:33:24.416,InnoDB,LOCK_SYS_TABLE,84527,1166,39131
1787549604.415,2026-08-24 05:33:24.416,InnoDB,LOCK_SYS_TABLE,85175,1164,39180
1787549604.415,2026-08-24 05:33:24.416,InnoDB,LOCK_SYS_TABLE,83887,1154,40324
1787549604.415,2026-08-24 05:33:24.416,InnoDB,LOCK_SYS_TABLE,86939,1146,41253
1787549604.415,2026-08-24 05:33:24.416,InnoDB,LOCK_SYS_TABLE,84256,1145,40390
1787549604.415,2026-08-24 05:33:24.416,InnoDB,LOCK_SYS_TABLE,83592,1125,41648
1787549604.415,2026-08-24 05:33:24.416,InnoDB,LOCK_SYS_TABLE,81991,1123,40162
1787549604.415,2026-08-24 05:33:24.416,InnoDB,LOCK_SYS_TABLE,85468,1120,40744
1787549604.415,2026-08-24 05:33:24.416,InnoDB,LOCK_SYS_TABLE,81962,1110,41005
1787549604.415,2026-08-24 05:33:24.416,InnoDB,LOCK_SYS_TABLE,85590,1104,42567
1787549604.415,2026-08-24 05:33:24.416,InnoDB,LOCK_SYS_TABLE,84686,1102,42525
1787549604.415,2026-08-24 05:33:24.416,InnoDB,BUF_BLOCK_MUTEX,36684,1100,2088
1787549604.415,2026-08-24 05:33:24.416,InnoDB,LOCK_SYS_TABLE,84423,1087,41244
1787549604.415,2026-08-24 05:33:24.416,InnoDB,LOCK_SYS_TABLE,80287,1054,40026
1787549604.415,2026-08-24 05:33:24.416,InnoDB,LOCK_SYS_TABLE,83530,1054,42799
1787549604.415,2026-08-24 05:33:24.416,InnoDB,LOCK_SYS_TABLE,82261,1052,39833
1787549604.415,2026-08-24 05:33:24.416,InnoDB,LOG_FLUSHER,41623,1033,1774
1787549604.415,2026-08-24 05:33:24.416,InnoDB,LOCK_SYS_TABLE,82872,1030,42032
1787549604.415,2026-08-24 05:33:24.416,InnoDB,LOCK_SYS_TABLE,76206,925,38763
1787549604.415,2026-08-24 05:33:24.416,InnoDB,LOCK_SYS_TABLE,75261,897,38213
1787549604.415,2026-08-24 05:33:24.416,InnoDB,SRV_SYS_TASKS,480888,851,456285
1787549604.415,2026-08-24 05:33:24.416,InnoDB,PAGE_CLEANER,326635,501,212059
1787549604.415,2026-08-24 05:33:24.416,InnoDB,FIL_SHARD,29746,342,26784
1787549604.415,2026-08-24 05:33:24.416,InnoDB,FIL_SHARD,27693,265,26743
1787549604.415,2026-08-24 05:33:24.416,InnoDB,DICT_PERSIST_DIRTY_TABLES,608988,233,248069
1787549604.415,2026-08-24 05:33:24.416,InnoDB,IBUF_BITMAP,17401,162,9949
1787549604.415,2026-08-24 05:33:24.416,InnoDB,BUF_POOL_FREE_LIST,47025,90,42369
1787549604.415,2026-08-24 05:33:24.416,InnoDB,BUF_POOL_FREE_LIST,34385,72,32830
1787549604.415,2026-08-24 05:33:24.416,InnoDB,BUF_POOL_FREE_LIST,48354,67,43744
1787549604.415,2026-08-24 05:33:24.416,InnoDB,BUF_POOL_FREE_LIST,39352,56,36973
1787549604.415,2026-08-24 05:33:24.416,InnoDB,BUF_POOL_FREE_LIST,35885,56,35594
1787549604.415,2026-08-24 05:33:24.416,InnoDB,BUF_POOL_FREE_LIST,34016,53,32971
1787549604.415,2026-08-24 05:33:24.416,InnoDB,UNDO_SPACE_RSEG,4203,43,1421
1787549604.415,2026-08-24 05:33:24.416,InnoDB,UNDO_SPACE_RSEG,4301,40,1473
1787549604.415,2026-08-24 05:33:24.416,InnoDB,UNDO_SPACE_RSEG,4079,40,1397
1787549604.415,2026-08-24 05:33:24.416,InnoDB,UNDO_SPACE_RSEG,3974,39,1418
1787549604.415,2026-08-24 05:33:24.416,InnoDB,UNDO_SPACE_RSEG,4145,39,1450
1787549604.415,2026-08-24 05:33:24.416,InnoDB,UNDO_SPACE_RSEG,4020,39,1362
1787549604.415,2026-08-24 05:33:24.416,InnoDB,UNDO_SPACE_RSEG,4047,38,1418
1787549604.415,2026-08-24 05:33:24.416,InnoDB,UNDO_SPACE_RSEG,3935,38,1417
1787549604.415,2026-08-24 05:33:24.416,InnoDB,UNDO_SPACE_RSEG,4240,38,1482
1787549604.415,2026-08-24 05:33:24.416,InnoDB,UNDO_SPACE_RSEG,4029,38,1411
1787549604.415,2026-08-24 05:33:24.416,InnoDB,UNDO_SPACE_RSEG,4281,38,1484
1787549604.415,2026-08-24 05:33:24.416,InnoDB,UNDO_SPACE_RSEG,4007,37,1418
1787549604.415,2026-08-24 05:33:24.416,InnoDB,UNDO_SPACE_RSEG,3984,37,1421
1787549604.415,2026-08-24 05:33:24.416,InnoDB,UNDO_SPACE_RSEG,3922,37,1395
1787549604.415,2026-08-24 05:33:24.416,InnoDB,UNDO_SPACE_RSEG,3898,37,1405
1787549604.415,2026-08-24 05:33:24.416,InnoDB,UNDO_SPACE_RSEG,4062,37,1471
1787549604.415,2026-08-24 05:33:24.416,InnoDB,UNDO_SPACE_RSEG,4199,37,1498
1787549604.415,2026-08-24 05:33:24.416,InnoDB,UNDO_SPACE_RSEG,4227,37,1454
1787549604.415,2026-08-24 05:33:24.416,InnoDB,UNDO_SPACE_RSEG,3939,36,1392
1787549604.415,2026-08-24 05:33:24.416,InnoDB,UNDO_SPACE_RSEG,4057,36,1475
1787549604.415,2026-08-24 05:33:24.416,InnoDB,UNDO_SPACE_RSEG,3777,36,1395
1787549604.415,2026-08-24 05:33:24.416,InnoDB,UNDO_SPACE_RSEG,4010,36,1450
1787549604.415,2026-08-24 05:33:24.416,InnoDB,UNDO_SPACE_RSEG,3953,36,1442
1787549604.415,2026-08-24 05:33:24.416,InnoDB,UNDO_SPACE_RSEG,3993,36,1393
1787549604.415,2026-08-24 05:33:24.416,InnoDB,UNDO_SPACE_RSEG,4009,36,1375
1787549604.415,2026-08-24 05:33:24.416,InnoDB,UNDO_SPACE_RSEG,3871,35,1405
1787549604.415,2026-08-24 05:33:24.416,InnoDB,UNDO_SPACE_RSEG,4160,35,1511
1787549604.415,2026-08-24 05:33:24.416,InnoDB,UNDO_SPACE_RSEG,3978,35,1384
1787549604.415,2026-08-24 05:33:24.416,InnoDB,UNDO_SPACE_RSEG,4009,35,1439
1787549604.415,2026-08-24 05:33:24.416,InnoDB,UNDO_SPACE_RSEG,4064,35,1459
1787549604.415,2026-08-24 05:33:24.416,InnoDB,UNDO_SPACE_RSEG,3817,34,1394
1787549604.415,2026-08-24 05:33:24.416,InnoDB,UNDO_SPACE_RSEG,3963,34,1405
1787549604.415,2026-08-24 05:33:24.416,InnoDB,UNDO_SPACE_RSEG,4056,34,1441
1787549604.415,2026-08-24 05:33:24.416,InnoDB,UNDO_SPACE_RSEG,4012,34,1487
1787549604.415,2026-08-24 05:33:24.416,InnoDB,UNDO_SPACE_RSEG,3894,34,1412
1787549604.415,2026-08-24 05:33:24.416,InnoDB,UNDO_SPACE_RSEG,3697,33,1353
1787549604.415,2026-08-24 05:33:24.416,InnoDB,UNDO_SPACE_RSEG,3843,33,1459
1787549604.415,2026-08-24 05:33:24.416,InnoDB,UNDO_SPACE_RSEG,4065,33,1454
1787549604.415,2026-08-24 05:33:24.416,InnoDB,UNDO_SPACE_RSEG,3795,33,1404
1787549604.415,2026-08-24 05:33:24.416,InnoDB,UNDO_SPACE_RSEG,3918,33,1488
1787549604.415,2026-08-24 05:33:24.416,InnoDB,UNDO_SPACE_RSEG,4020,33,1477
1787549604.415,2026-08-24 05:33:24.416,InnoDB,UNDO_SPACE_RSEG,3885,33,1423
1787549604.415,2026-08-24 05:33:24.416,InnoDB,UNDO_SPACE_RSEG,3769,33,1340
1787549604.415,2026-08-24 05:33:24.416,InnoDB,UNDO_SPACE_RSEG,3810,33,1391
1787549604.415,2026-08-24 05:33:24.416,InnoDB,UNDO_SPACE_RSEG,3876,33,1436
1787549604.415,2026-08-24 05:33:24.416,InnoDB,UNDO_SPACE_RSEG,4174,33,1506
1787549604.415,2026-08-24 05:33:24.416,InnoDB,LOCK_SYS_PAGE,1831,33,541
1787549604.415,2026-08-24 05:33:24.416,InnoDB,UNDO_SPACE_RSEG,3962,33,1438
1787549604.415,2026-08-24 05:33:24.416,InnoDB,UNDO_SPACE_RSEG,4170,33,1493
1787549604.415,2026-08-24 05:33:24.416,InnoDB,UNDO_SPACE_RSEG,3755,33,1335
1787549604.415,2026-08-24 05:33:24.416,InnoDB,UNDO_SPACE_RSEG,3908,32,1472
1787549604.415,2026-08-24 05:33:24.416,InnoDB,UNDO_SPACE_RSEG,4139,32,1528
1787549604.415,2026-08-24 05:33:24.416,InnoDB,UNDO_SPACE_RSEG,3864,32,1391
1787549604.415,2026-08-24 05:33:24.416,InnoDB,UNDO_SPACE_RSEG,3983,32,1471
1787549604.415,2026-08-24 05:33:24.416,InnoDB,UNDO_SPACE_RSEG,3770,32,1359
1787549604.415,2026-08-24 05:33:24.416,InnoDB,UNDO_SPACE_RSEG,4202,32,1499
1787549604.415,2026-08-24 05:33:24.416,InnoDB,UNDO_SPACE_RSEG,4007,32,1486
1787549604.415,2026-08-24 05:33:24.416,InnoDB,UNDO_SPACE_RSEG,3694,32,1397
1787549604.415,2026-08-24 05:33:24.416,InnoDB,UNDO_SPACE_RSEG,3881,32,1422
1787549604.415,2026-08-24 05:33:24.416,InnoDB,UNDO_SPACE_RSEG,3743,32,1360
1787549604.415,2026-08-24 05:33:24.416,InnoDB,UNDO_SPACE_RSEG,3806,31,1389
1787549604.415,2026-08-24 05:33:24.416,InnoDB,UNDO_SPACE_RSEG,3956,31,1437
1787549604.415,2026-08-24 05:33:24.416,InnoDB,UNDO_SPACE_RSEG,3773,31,1357
1787549604.415,2026-08-24 05:33:24.416,InnoDB,UNDO_SPACE_RSEG,3640,31,1370
1787549604.415,2026-08-24 05:33:24.416,InnoDB,UNDO_SPACE_RSEG,3805,31,1373
1787549604.415,2026-08-24 05:33:24.416,InnoDB,UNDO_SPACE_RSEG,3965,31,1480
1787549604.415,2026-08-24 05:33:24.416,InnoDB,UNDO_SPACE_RSEG,4094,31,1514
1787549604.415,2026-08-24 05:33:24.416,InnoDB,UNDO_SPACE_RSEG,3846,31,1371
1787549604.415,2026-08-24 05:33:24.416,InnoDB,UNDO_SPACE_RSEG,3611,31,1365
1787549604.415,2026-08-24 05:33:24.416,InnoDB,UNDO_SPACE_RSEG,3990,31,1453
1787549604.415,2026-08-24 05:33:24.416,InnoDB,UNDO_SPACE_RSEG,3862,31,1486
1787549604.415,2026-08-24 05:33:24.416,InnoDB,UNDO_SPACE_RSEG,3641,31,1406
1787549604.415,2026-08-24 05:33:24.416,InnoDB,UNDO_SPACE_RSEG,3797,31,1412
1787549604.415,2026-08-24 05:33:24.416,InnoDB,UNDO_SPACE_RSEG,3668,31,1420
1787549604.415,2026-08-24 05:33:24.416,InnoDB,UNDO_SPACE_RSEG,3809,31,1398
1787549604.415,2026-08-24 05:33:24.416,InnoDB,UNDO_SPACE_RSEG,3766,30,1433
1787549604.415,2026-08-24 05:33:24.416,InnoDB,UNDO_SPACE_RSEG,3814,30,1373
1787549604.415,2026-08-24 05:33:24.416,InnoDB,LOCK_SYS_PAGE,1651,30,543
1787549604.415,2026-08-24 05:33:24.416,InnoDB,UNDO_SPACE_RSEG,3649,30,1362
1787549604.415,2026-08-24 05:33:24.416,InnoDB,UNDO_SPACE_RSEG,3761,30,1431
1787549604.415,2026-08-24 05:33:24.416,InnoDB,UNDO_SPACE_RSEG,3713,30,1392
1787549604.415,2026-08-24 05:33:24.416,InnoDB,UNDO_SPACE_RSEG,3870,30,1416
1787549604.415,2026-08-24 05:33:24.416,InnoDB,UNDO_SPACE_RSEG,3838,30,1422
1787549604.415,2026-08-24 05:33:24.416,InnoDB,UNDO_SPACE_RSEG,3872,30,1436
1787549604.415,2026-08-24 05:33:24.416,InnoDB,UNDO_SPACE_RSEG,3790,30,1437
1787549604.415,2026-08-24 05:33:24.416,InnoDB,UNDO_SPACE_RSEG,3965,30,1451
1787549604.415,2026-08-24 05:33:24.416,InnoDB,UNDO_SPACE_RSEG,3608,30,1359
1787549604.415,2026-08-24 05:33:24.416,InnoDB,UNDO_SPACE_RSEG,3882,30,1480
1787549604.415,2026-08-24 05:33:24.416,InnoDB,UNDO_SPACE_RSEG,3784,30,1384
1787549604.415,2026-08-24 05:33:24.416,InnoDB,UNDO_SPACE_RSEG,3855,30,1402
1787549604.415,2026-08-24 05:33:24.416,InnoDB,UNDO_SPACE_RSEG,3843,30,1470
1787549604.415,2026-08-24 05:33:24.416,InnoDB,UNDO_SPACE_RSEG,3864,29,1459
1787549604.415,2026-08-24 05:33:24.416,InnoDB,UNDO_SPACE_RSEG,3824,29,1382
1787549604.415,2026-08-24 05:33:24.416,InnoDB,UNDO_SPACE_RSEG,3872,29,1420
1787549604.415,2026-08-24 05:33:24.416,InnoDB,UNDO_SPACE_RSEG,3921,29,1483
1787549604.415,2026-08-24 05:33:24.416,InnoDB,UNDO_SPACE_RSEG,3650,29,1396
1787549604.415,2026-08-24 05:33:24.416,InnoDB,UNDO_SPACE_RSEG,3643,29,1435
1787549604.415,2026-08-24 05:33:24.416,InnoDB,UNDO_SPACE_RSEG,4105,29,1481
1787549604.415,2026-08-24 05:33:24.416,InnoDB,UNDO_SPACE_RSEG,3813,29,1454
1787549604.415,2026-08-24 05:33:24.416,InnoDB,UNDO_SPACE_RSEG,3811,29,1440
1787549604.415,2026-08-24 05:33:24.416,InnoDB,UNDO_SPACE_RSEG,3773,29,1414
1787549604.415,2026-08-24 05:33:24.416,InnoDB,UNDO_SPACE_RSEG,3669,29,1408
1787549604.415,2026-08-24 05:33:24.416,InnoDB,UNDO_SPACE_RSEG,3620,29,1406
1787549604.415,2026-08-24 05:33:24.416,InnoDB,UNDO_SPACE_RSEG,3709,29,1436
1787549604.415,2026-08-24 05:33:24.416,InnoDB,UNDO_SPACE_RSEG,3638,29,1407
1787549604.415,2026-08-24 05:33:24.416,InnoDB,UNDO_SPACE_RSEG,3642,29,1373
1787549604.415,2026-08-24 05:33:24.416,InnoDB,UNDO_SPACE_RSEG,3699,29,1369
1787549604.415,2026-08-24 05:33:24.416,InnoDB,UNDO_SPACE_RSEG,3822,29,1401
1787549604.415,2026-08-24 05:33:24.416,InnoDB,UNDO_SPACE_RSEG,3882,29,1465
1787549604.415,2026-08-24 05:33:24.416,InnoDB,UNDO_SPACE_RSEG,3988,29,1479
1787549604.415,2026-08-24 05:33:24.416,InnoDB,UNDO_SPACE_RSEG,3794,29,1422
1787549604.415,2026-08-24 05:33:24.416,InnoDB,UNDO_SPACE_RSEG,3788,28,1458
1787549604.415,2026-08-24 05:33:24.416,InnoDB,UNDO_SPACE_RSEG,3839,28,1436
1787549604.415,2026-08-24 05:33:24.416,InnoDB,UNDO_SPACE_RSEG,3762,28,1469
1787549604.415,2026-08-24 05:33:24.416,InnoDB,UNDO_SPACE_RSEG,3833,28,1460
1787549604.415,2026-08-24 05:33:24.416,InnoDB,UNDO_SPACE_RSEG,3670,28,1383
1787549604.415,2026-08-24 05:33:24.416,InnoDB,UNDO_SPACE_RSEG,3691,28,1453
1787549604.415,2026-08-24 05:33:24.416,InnoDB,UNDO_SPACE_RSEG,3572,28,1338
1787549604.415,2026-08-24 05:33:24.416,InnoDB,UNDO_SPACE_RSEG,3768,28,1457
1787549604.415,2026-08-24 05:33:24.416,InnoDB,UNDO_SPACE_RSEG,3857,28,1451
1787549604.415,2026-08-24 05:33:24.416,InnoDB,UNDO_SPACE_RSEG,3511,28,1389
1787549604.415,2026-08-24 05:33:24.416,InnoDB,UNDO_SPACE_RSEG,3653,28,1431
1787549604.415,2026-08-24 05:33:24.416,InnoDB,UNDO_SPACE_RSEG,3706,28,1414
1787549604.415,2026-08-24 05:33:24.416,InnoDB,UNDO_SPACE_RSEG,3655,28,1400
1787549604.415,2026-08-24 05:33:24.416,InnoDB,UNDO_SPACE_RSEG,3765,28,1465
1787549604.415,2026-08-24 05:33:24.416,InnoDB,UNDO_SPACE_RSEG,3779,28,1402
1787549604.415,2026-08-24 05:33:24.416,InnoDB,UNDO_SPACE_RSEG,3871,28,1480
1787549604.415,2026-08-24 05:33:24.416,InnoDB,UNDO_SPACE_RSEG,3760,28,1496
1787549604.415,2026-08-24 05:33:24.416,InnoDB,UNDO_SPACE_RSEG,3779,28,1443
1787549604.415,2026-08-24 05:33:24.416,InnoDB,UNDO_SPACE_RSEG,3781,28,1427
1787549604.415,2026-08-24 05:33:24.416,InnoDB,UNDO_SPACE_RSEG,3743,28,1374
1787549604.415,2026-08-24 05:33:24.416,InnoDB,UNDO_SPACE_RSEG,3781,28,1398
1787549604.415,2026-08-24 05:33:24.416,InnoDB,UNDO_SPACE_RSEG,3911,28,1455
1787549604.415,2026-08-24 05:33:24.416,InnoDB,UNDO_SPACE_RSEG,3785,28,1437
1787549604.415,2026-08-24 05:33:24.416,InnoDB,UNDO_SPACE_RSEG,3917,28,1475
1787549604.415,2026-08-24 05:33:24.416,InnoDB,UNDO_SPACE_RSEG,3698,27,1438
1787549604.415,2026-08-24 05:33:24.416,InnoDB,UNDO_SPACE_RSEG,3813,27,1448
1787549604.415,2026-08-24 05:33:24.416,InnoDB,UNDO_SPACE_RSEG,3629,27,1401
1787549604.415,2026-08-24 05:33:24.416,InnoDB,UNDO_SPACE_RSEG,3475,27,1362
1787549604.415,2026-08-24 05:33:24.416,InnoDB,UNDO_SPACE_RSEG,3637,27,1361
1787549604.415,2026-08-24 05:33:24.416,InnoDB,LOCK_SYS_PAGE,1583,27,552
1787549604.415,2026-08-24 05:33:24.416,InnoDB,UNDO_SPACE_RSEG,3792,27,1456
1787549604.415,2026-08-24 05:33:24.416,InnoDB,UNDO_SPACE_RSEG,3763,27,1440
1787549604.415,2026-08-24 05:33:24.416,InnoDB,UNDO_SPACE_RSEG,3899,27,1474
1787549604.415,2026-08-24 05:33:24.416,InnoDB,UNDO_SPACE_RSEG,3720,27,1438
1787549604.415,2026-08-24 05:33:24.416,InnoDB,UNDO_SPACE_RSEG,3768,27,1461
1787549604.415,2026-08-24 05:33:24.416,InnoDB,UNDO_SPACE_RSEG,3719,26,1464
1787549604.415,2026-08-24 05:33:24.416,InnoDB,UNDO_SPACE_RSEG,3723,26,1437
1787549604.415,2026-08-24 05:33:24.416,InnoDB,UNDO_SPACE_RSEG,3828,26,1534
1787549604.415,2026-08-24 05:33:24.416,InnoDB,UNDO_SPACE_RSEG,3612,26,1373
1787549604.415,2026-08-24 05:33:24.416,InnoDB,UNDO_SPACE_RSEG,3623,26,1387
1787549604.415,2026-08-24 05:33:24.416,InnoDB,UNDO_SPACE_RSEG,3685,26,1388
1787549604.415,2026-08-24 05:33:24.416,InnoDB,UNDO_SPACE_RSEG,3804,26,1435
1787549604.415,2026-08-24 05:33:24.416,InnoDB,UNDO_SPACE_RSEG,3632,26,1365
1787549604.415,2026-08-24 05:33:24.416,InnoDB,UNDO_SPACE_RSEG,3290,26,1330
1787549604.415,2026-08-24 05:33:24.416,InnoDB,UNDO_SPACE_RSEG,3637,26,1418
1787549604.415,2026-08-24 05:33:24.416,InnoDB,UNDO_SPACE_RSEG,3778,26,1487
1787549604.415,2026-08-24 05:33:24.416,InnoDB,UNDO_SPACE_RSEG,3664,26,1451
1787549604.415,2026-08-24 05:33:24.416,InnoDB,UNDO_SPACE_RSEG,3826,26,1466
1787549604.415,2026-08-24 05:33:24.416,InnoDB,UNDO_SPACE_RSEG,3685,26,1445
1787549604.415,2026-08-24 05:33:24.416,InnoDB,UNDO_SPACE_RSEG,3649,26,1417
1787549604.415,2026-08-24 05:33:24.416,InnoDB,UNDO_SPACE_RSEG,3601,26,1379
1787549604.415,2026-08-24 05:33:24.416,InnoDB,LOCK_SYS_PAGE,1453,26,564
1787549604.415,2026-08-24 05:33:24.416,InnoDB,UNDO_SPACE_RSEG,3684,26,1451
1787549604.415,2026-08-24 05:33:24.416,InnoDB,LOCK_SYS_PAGE,1414,26,507
1787549604.415,2026-08-24 05:33:24.416,InnoDB,UNDO_SPACE_RSEG,3721,26,1444
1787549604.415,2026-08-24 05:33:24.416,InnoDB,LOCK_SYS_PAGE,1429,26,520
1787549604.415,2026-08-24 05:33:24.416,InnoDB,UNDO_SPACE_RSEG,3657,26,1395
1787549604.415,2026-08-24 05:33:24.416,InnoDB,UNDO_SPACE_RSEG,3724,26,1434
1787549604.415,2026-08-24 05:33:24.416,InnoDB,LOCK_SYS_PAGE,1434,26,477
1787549604.415,2026-08-24 05:33:24.416,InnoDB,UNDO_SPACE_RSEG,3719,26,1396
1787549604.415,2026-08-24 05:33:24.416,InnoDB,UNDO_SPACE_RSEG,3778,26,1497
1787549604.415,2026-08-24 05:33:24.416,InnoDB,UNDO_SPACE_RSEG,3651,26,1441
1787549604.415,2026-08-24 05:33:24.416,InnoDB,UNDO_SPACE_RSEG,3815,25,1430
1787549604.415,2026-08-24 05:33:24.416,InnoDB,UNDO_SPACE_RSEG,3554,25,1406
1787549604.415,2026-08-24 05:33:24.416,InnoDB,UNDO_SPACE_RSEG,3678,25,1397
1787549604.415,2026-08-24 05:33:24.416,InnoDB,UNDO_SPACE_RSEG,3755,25,1466
1787549604.415,2026-08-24 05:33:24.416,InnoDB,UNDO_SPACE_RSEG,3739,25,1407
1787549604.415,2026-08-24 05:33:24.416,InnoDB,UNDO_SPACE_RSEG,3800,25,1480
1787549604.415,2026-08-24 05:33:24.416,InnoDB,UNDO_SPACE_RSEG,3765,25,1470
1787549604.415,2026-08-24 05:33:24.416,InnoDB,UNDO_SPACE_RSEG,3702,25,1417
1787549604.415,2026-08-24 05:33:24.416,InnoDB,UNDO_SPACE_RSEG,3790,25,1456
1787549604.415,2026-08-24 05:33:24.416,InnoDB,UNDO_SPACE_RSEG,3758,25,1438
1787549604.415,2026-08-24 05:33:24.416,InnoDB,UNDO_SPACE_RSEG,3673,25,1383
1787549604.415,2026-08-24 05:33:24.416,InnoDB,UNDO_SPACE_RSEG,3492,25,1356
1787549604.415,2026-08-24 05:33:24.416,InnoDB,UNDO_SPACE_RSEG,3730,25,1433
1787549604.415,2026-08-24 05:33:24.416,InnoDB,UNDO_SPACE_RSEG,3741,25,1435
1787549604.415,2026-08-24 05:33:24.416,InnoDB,UNDO_SPACE_RSEG,4021,25,1518
1787549604.415,2026-08-24 05:33:24.416,InnoDB,UNDO_SPACE_RSEG,3857,25,1473
1787549604.415,2026-08-24 05:33:24.416,InnoDB,UNDO_SPACE_RSEG,3734,25,1482
1787549604.415,2026-08-24 05:33:24.416,InnoDB,UNDO_SPACE_RSEG,3741,25,1417
1787549604.415,2026-08-24 05:33:24.416,InnoDB,UNDO_SPACE_RSEG,3587,25,1436
1787549604.415,2026-08-24 05:33:24.416,InnoDB,UNDO_SPACE_RSEG,3791,24,1429
1787549604.415,2026-08-24 05:33:24.416,InnoDB,UNDO_SPACE_RSEG,3502,24,1378
1787549604.415,2026-08-24 05:33:24.416,InnoDB,LOCK_SYS_PAGE,1321,24,496
1787549604.415,2026-08-24 05:33:24.416,InnoDB,UNDO_SPACE_RSEG,3757,24,1384
1787549604.415,2026-08-24 05:33:24.416,InnoDB,UNDO_SPACE_RSEG,3695,24,1518
1787549604.415,2026-08-24 05:33:24.416,InnoDB,UNDO_SPACE_RSEG,3577,24,1354
1787549604.415,2026-08-24 05:33:24.416,InnoDB,UNDO_SPACE_RSEG,3701,24,1431
1787549604.415,2026-08-24 05:33:24.416,InnoDB,UNDO_SPACE_RSEG,3811,24,1493
1787549604.415,2026-08-24 05:33:24.416,InnoDB,UNDO_SPACE_RSEG,3668,24,1425
1787549604.415,2026-08-24 05:33:24.416,InnoDB,UNDO_SPACE_RSEG,3707,24,1447
1787549604.415,2026-08-24 05:33:24.416,InnoDB,UNDO_SPACE_RSEG,3726,24,1394
1787549604.415,2026-08-24 05:33:24.416,InnoDB,UNDO_SPACE_RSEG,3476,24,1365
1787549604.415,2026-08-24 05:33:24.416,InnoDB,UNDO_SPACE_RSEG,3550,24,1411
1787549604.415,2026-08-24 05:33:24.416,InnoDB,UNDO_SPACE_RSEG,3488,24,1379
1787549604.415,2026-08-24 05:33:24.416,InnoDB,UNDO_SPACE_RSEG,3499,24,1425
1787549604.415,2026-08-24 05:33:24.416,InnoDB,UNDO_SPACE_RSEG,3585,24,1396
1787549604.415,2026-08-24 05:33:24.416,InnoDB,UNDO_SPACE_RSEG,3680,24,1453
1787549604.415,2026-08-24 05:33:24.416,InnoDB,UNDO_SPACE_RSEG,3785,24,1451
1787549604.415,2026-08-24 05:33:24.416,InnoDB,UNDO_SPACE_RSEG,3527,24,1370
1787549604.415,2026-08-24 05:33:24.416,InnoDB,UNDO_SPACE_RSEG,3549,24,1368
1787549604.415,2026-08-24 05:33:24.416,InnoDB,UNDO_SPACE_RSEG,3736,23,1495
1787549604.415,2026-08-24 05:33:24.416,InnoDB,LOCK_SYS_PAGE,1327,23,567
1787549604.415,2026-08-24 05:33:24.416,InnoDB,LOCK_SYS_WAIT,728,23,25
1787549604.415,2026-08-24 05:33:24.416,InnoDB,LOCK_SYS_PAGE,1420,23,597
1787549604.415,2026-08-24 05:33:24.416,InnoDB,UNDO_SPACE_RSEG,3953,23,1483
1787549604.415,2026-08-24 05:33:24.416,InnoDB,UNDO_SPACE_RSEG,3439,23,1377
1787549604.415,2026-08-24 05:33:24.416,InnoDB,UNDO_SPACE_RSEG,3662,23,1446
1787549604.415,2026-08-24 05:33:24.416,InnoDB,UNDO_SPACE_RSEG,3568,23,1443
1787549604.415,2026-08-24 05:33:24.416,InnoDB,UNDO_SPACE_RSEG,3580,23,1480
1787549604.415,2026-08-24 05:33:24.416,InnoDB,LOCK_SYS_PAGE,1410,23,557
1787549604.415,2026-08-24 05:33:24.416,InnoDB,UNDO_SPACE_RSEG,3750,23,1431
1787549604.415,2026-08-24 05:33:24.416,InnoDB,UNDO_SPACE_RSEG,3682,23,1392
1787549604.415,2026-08-24 05:33:24.416,InnoDB,LOCK_SYS_PAGE,1445,23,561
1787549604.415,2026-08-24 05:33:24.416,InnoDB,UNDO_SPACE_RSEG,3739,22,1468
1787549604.415,2026-08-24 05:33:24.416,InnoDB,UNDO_SPACE_RSEG,3516,22,1425
1787549604.415,2026-08-24 05:33:24.416,InnoDB,LOCK_SYS_PAGE,1285,22,537
1787549604.415,2026-08-24 05:33:24.416,InnoDB,UNDO_SPACE_RSEG,3518,22,1429
1787549604.415,2026-08-24 05:33:24.416,InnoDB,UNDO_SPACE_RSEG,3516,22,1414
1787549604.415,2026-08-24 05:33:24.416,InnoDB,UNDO_SPACE_RSEG,3586,22,1489
1787549604.415,2026-08-24 05:33:24.416,InnoDB,LOCK_SYS_PAGE,1320,22,510
1787549604.415,2026-08-24 05:33:24.416,InnoDB,LOCK_SYS_PAGE,1331,22,530
1787549604.415,2026-08-24 05:33:24.416,InnoDB,LOCK_SYS_PAGE,1273,22,507
1787549604.415,2026-08-24 05:33:24.416,InnoDB,LOCK_SYS_PAGE,1442,22,543
1787549604.415,2026-08-24 05:33:24.416,InnoDB,UNDO_SPACE_RSEG,3631,22,1448
1787549604.415,2026-08-24 05:33:24.416,InnoDB,LOCK_SYS_PAGE,1279,22,533
1787549604.415,2026-08-24 05:33:24.416,InnoDB,LOCK_SYS_PAGE,1358,22,584
1787549604.415,2026-08-24 05:33:24.416,InnoDB,LOCK_SYS_PAGE,1186,21,478
1787549604.415,2026-08-24 05:33:24.416,InnoDB,UNDO_SPACE_RSEG,3546,21,1382
1787549604.415,2026-08-24 05:33:24.416,InnoDB,UNDO_SPACE_RSEG,3489,21,1374
1787549604.415,2026-08-24 05:33:24.416,InnoDB,UNDO_SPACE_RSEG,3649,21,1444
1787549604.415,2026-08-24 05:33:24.416,InnoDB,LOCK_SYS_PAGE,1273,21,518
1787549604.415,2026-08-24 05:33:24.416,InnoDB,LOCK_SYS_PAGE,1261,21,550
1787549604.415,2026-08-24 05:33:24.416,InnoDB,UNDO_SPACE_RSEG,3766,21,1511
1787549604.415,2026-08-24 05:33:24.416,InnoDB,LOCK_SYS_PAGE,1329,21,543
1787549604.415,2026-08-24 05:33:24.416,InnoDB,UNDO_SPACE_RSEG,3569,21,1406
1787549604.415,2026-08-24 05:33:24.416,InnoDB,LOCK_SYS_PAGE,1307,21,526
1787549604.415,2026-08-24 05:33:24.416,InnoDB,UNDO_SPACE_RSEG,3534,21,1423
1787549604.415,2026-08-24 05:33:24.416,InnoDB,LOCK_SYS_PAGE,1277,21,509
1787549604.415,2026-08-24 05:33:24.416,InnoDB,LOCK_SYS_PAGE,1369,21,460
1787549604.415,2026-08-24 05:33:24.416,InnoDB,LOCK_SYS_PAGE,1228,21,545
1787549604.415,2026-08-24 05:33:24.416,InnoDB,UNDO_SPACE_RSEG,3447,21,1398
1787549604.415,2026-08-24 05:33:24.416,InnoDB,UNDO_SPACE_RSEG,3763,21,1492
1787549604.415,2026-08-24 05:33:24.416,InnoDB,UNDO_SPACE_RSEG,3415,20,1329
1787549604.415,2026-08-24 05:33:24.416,InnoDB,LOCK_SYS_PAGE,1283,20,521
1787549604.415,2026-08-24 05:33:24.416,InnoDB,LOCK_SYS_PAGE,1371,20,553
1787549604.415,2026-08-24 05:33:24.416,InnoDB,LOCK_SYS_PAGE,1296,20,509
1787549604.415,2026-08-24 05:33:24.416,InnoDB,UNDO_SPACE_RSEG,3682,20,1443
1787549604.415,2026-08-24 05:33:24.416,InnoDB,LOCK_SYS_PAGE,1337,20,518
1787549604.415,2026-08-24 05:33:24.416,InnoDB,LOCK_SYS_PAGE,1224,20,508
1787549604.415,2026-08-24 05:33:24.416,InnoDB,LOCK_SYS_PAGE,1314,20,610
1787549604.415,2026-08-24 05:33:24.416,InnoDB,LOCK_SYS_PAGE,1351,20,539
1787549604.415,2026-08-24 05:33:24.416,InnoDB,UNDO_SPACE_RSEG,3508,20,1458
1787549604.415,2026-08-24 05:33:24.416,InnoDB,UNDO_SPACE_RSEG,3621,20,1432
1787549604.415,2026-08-24 05:33:24.416,InnoDB,LOCK_SYS_PAGE,1218,20,544
1787549604.415,2026-08-24 05:33:24.416,InnoDB,UNDO_SPACE_RSEG,3565,20,1462
1787549604.415,2026-08-24 05:33:24.416,InnoDB,LOCK_SYS_PAGE,1244,20,499
1787549604.415,2026-08-24 05:33:24.416,InnoDB,LOCK_SYS_PAGE,1269,20,551
1787549604.415,2026-08-24 05:33:24.416,InnoDB,UNDO_SPACE_RSEG,3573,20,1448
1787549604.415,2026-08-24 05:33:24.416,InnoDB,UNDO_SPACE_RSEG,3446,20,1466
1787549604.415,2026-08-24 05:33:24.416,InnoDB,LOCK_SYS_PAGE,1224,20,539
1787549604.415,2026-08-24 05:33:24.416,InnoDB,LOCK_SYS_PAGE,1304,20,542
1787549604.415,2026-08-24 05:33:24.416,InnoDB,LOCK_SYS_PAGE,1183,20,479
1787549604.415,2026-08-24 05:33:24.416,InnoDB,LOCK_SYS_PAGE,1152,19,478
1787549604.415,2026-08-24 05:33:24.416,InnoDB,LOCK_SYS_PAGE,1309,19,551
1787549604.415,2026-08-24 05:33:24.416,InnoDB,LOCK_SYS_PAGE,1164,19,494
1787549604.415,2026-08-24 05:33:24.416,InnoDB,LOCK_SYS_PAGE,1236,19,502
1787549604.415,2026-08-24 05:33:24.416,InnoDB,LOCK_SYS_PAGE,1261,19,491
1787549604.415,2026-08-24 05:33:24.416,InnoDB,LOCK_SYS_PAGE,1213,19,535
1787549604.415,2026-08-24 05:33:24.416,InnoDB,UNDO_SPACE_RSEG,3372,19,1410
1787549604.415,2026-08-24 05:33:24.416,InnoDB,LOCK_SYS_PAGE,1216,19,527
1787549604.415,2026-08-24 05:33:24.416,InnoDB,LOCK_SYS_PAGE,1305,19,499
1787549604.415,2026-08-24 05:33:24.416,InnoDB,UNDO_SPACE_RSEG,3566,19,1475
1787549604.415,2026-08-24 05:33:24.416,InnoDB,LOCK_SYS_PAGE,1248,19,525
1787549604.415,2026-08-24 05:33:24.416,InnoDB,LOCK_SYS_PAGE,1305,19,527
1787549604.415,2026-08-24 05:33:24.416,InnoDB,LOCK_SYS_PAGE,1141,19,441
1787549604.415,2026-08-24 05:33:24.416,InnoDB,UNDO_SPACE_RSEG,3337,19,1371
1787549604.415,2026-08-24 05:33:24.416,InnoDB,TRX_POOL,634,19,47
1787549604.415,2026-08-24 05:33:24.416,InnoDB,LOCK_SYS_PAGE,1147,19,514
1787549604.415,2026-08-24 05:33:24.416,InnoDB,UNDO_SPACE_RSEG,3304,19,1409
1787549604.415,2026-08-24 05:33:24.416,InnoDB,UNDO_SPACE_RSEG,3384,19,1436
1787549604.415,2026-08-24 05:33:24.416,InnoDB,LOCK_SYS_PAGE,1484,19,570
1787549604.415,2026-08-24 05:33:24.416,InnoDB,UNDO_SPACE_RSEG,3595,19,1484
1787549604.415,2026-08-24 05:33:24.416,InnoDB,LOCK_SYS_PAGE,1268,19,508
1787549604.415,2026-08-24 05:33:24.416,InnoDB,LOCK_SYS_PAGE,1192,19,488
1787549604.415,2026-08-24 05:33:24.416,InnoDB,LOCK_SYS_PAGE,1321,19,509
1787549604.415,2026-08-24 05:33:24.416,InnoDB,UNDO_SPACE_RSEG,3503,19,1448
1787549604.415,2026-08-24 05:33:24.416,InnoDB,LOCK_SYS_PAGE,1148,19,468
1787549604.415,2026-08-24 05:33:24.416,InnoDB,LOCK_SYS_PAGE,1204,19,532
1787549604.415,2026-08-24 05:33:24.416,InnoDB,LOCK_SYS_PAGE,1161,19,476
1787549604.415,2026-08-24 05:33:24.416,InnoDB,LOCK_SYS_PAGE,1139,19,469
1787549604.415,2026-08-24 05:33:24.416,InnoDB,LOCK_SYS_PAGE,1192,19,504
1787549604.415,2026-08-24 05:33:24.416,InnoDB,LOCK_SYS_PAGE,1202,19,467
1787549604.415,2026-08-24 05:33:24.416,InnoDB,LOCK_SYS_PAGE,1192,18,514
1787549604.415,2026-08-24 05:33:24.416,InnoDB,LOCK_SYS_PAGE,1222,18,534
1787549604.415,2026-08-24 05:33:24.416,InnoDB,LOCK_SYS_PAGE,1159,18,528
1787549604.415,2026-08-24 05:33:24.416,InnoDB,LOCK_SYS_PAGE,1148,18,440
1787549604.415,2026-08-24 05:33:24.416,InnoDB,LOCK_SYS_PAGE,1224,18,517
1787549604.415,2026-08-24 05:33:24.416,InnoDB,LOCK_SYS_PAGE,1087,18,462
1787549604.415,2026-08-24 05:33:24.416,InnoDB,LOCK_SYS_PAGE,1084,18,500
1787549604.415,2026-08-24 05:33:24.416,InnoDB,LOCK_SYS_PAGE,1155,18,508
1787549604.415,2026-08-24 05:33:24.416,InnoDB,LOCK_SYS_PAGE,1154,18,487
1787549604.415,2026-08-24 05:33:24.416,InnoDB,LOCK_SYS_PAGE,1139,18,495
1787549604.415,2026-08-24 05:33:24.416,InnoDB,LOCK_SYS_PAGE,1252,18,527
1787549604.415,2026-08-24 05:33:24.416,InnoDB,LOCK_SYS_PAGE,1235,18,536
1787549604.415,2026-08-24 05:33:24.416,InnoDB,LOCK_SYS_PAGE,1268,18,562
1787549604.415,2026-08-24 05:33:24.416,InnoDB,LOCK_SYS_PAGE,1160,18,487
1787549604.415,2026-08-24 05:33:24.416,InnoDB,LOCK_SYS_PAGE,1126,18,525
1787549604.415,2026-08-24 05:33:24.416,InnoDB,LOCK_SYS_PAGE,1190,18,485
1787549604.415,2026-08-24 05:33:24.416,InnoDB,LOCK_SYS_PAGE,1184,18,542
1787549604.415,2026-08-24 05:33:24.416,InnoDB,LOCK_SYS_PAGE,1254,18,572
1787549604.415,2026-08-24 05:33:24.416,InnoDB,LOCK_SYS_PAGE,1116,18,525
1787549604.415,2026-08-24 05:33:24.416,InnoDB,LOCK_SYS_PAGE,1079,18,510
1787549604.415,2026-08-24 05:33:24.416,InnoDB,LOCK_SYS_PAGE,1071,18,470
1787549604.415,2026-08-24 05:33:24.416,InnoDB,LOCK_SYS_PAGE,1130,18,492
1787549604.415,2026-08-24 05:33:24.416,InnoDB,LOCK_SYS_PAGE,1193,18,514
1787549604.415,2026-08-24 05:33:24.416,InnoDB,LOCK_SYS_PAGE,1209,18,522
1787549604.415,2026-08-24 05:33:24.416,InnoDB,LOCK_SYS_PAGE,1237,18,486
1787549604.415,2026-08-24 05:33:24.416,InnoDB,LOCK_SYS_PAGE,1112,18,500
1787549604.415,2026-08-24 05:33:24.416,InnoDB,LOCK_SYS_PAGE,1189,18,551
1787549604.415,2026-08-24 05:33:24.416,InnoDB,UNDO_SPACE_RSEG,3455,18,1422
1787549604.415,2026-08-24 05:33:24.416,InnoDB,UNDO_SPACE_RSEG,3358,18,1404
1787549604.415,2026-08-24 05:33:24.416,InnoDB,LOCK_SYS_PAGE,1183,18,545
1787549604.415,2026-08-24 05:33:24.416,InnoDB,UNDO_SPACE_RSEG,3464,18,1453
1787549604.415,2026-08-24 05:33:24.416,InnoDB,LOCK_SYS_PAGE,1181,18,521
1787549604.415,2026-08-24 05:33:24.416,InnoDB,UNDO_SPACE_RSEG,3343,18,1368
1787549604.415,2026-08-24 05:33:24.416,InnoDB,LOCK_SYS_PAGE,1154,18,516
1787549604.415,2026-08-24 05:33:24.416,InnoDB,LOCK_SYS_PAGE,1308,18,580
1787549604.415,2026-08-24 05:33:24.416,InnoDB,UNDO_SPACE_RSEG,3456,18,1419
1787549604.415,2026-08-24 05:33:24.416,InnoDB,LOCK_SYS_PAGE,1222,18,537
1787549604.415,2026-08-24 05:33:24.416,InnoDB,LOCK_SYS_PAGE,1081,17,516
1787549604.415,2026-08-24 05:33:24.416,InnoDB,LOCK_SYS_PAGE,1248,17,569
1787549604.415,2026-08-24 05:33:24.416,InnoDB,LOCK_SYS_PAGE,1198,17,529
1787549604.415,2026-08-24 05:33:24.416,InnoDB,LOCK_SYS_PAGE,1164,17,558
1787549604.415,2026-08-24 05:33:24.416,InnoDB,LOCK_SYS_PAGE,1225,17,554
1787549604.415,2026-08-24 05:33:24.416,InnoDB,LOCK_SYS_PAGE,1205,17,525
1787549604.415,2026-08-24 05:33:24.416,InnoDB,LOCK_SYS_PAGE,1153,17,511
1787549604.415,2026-08-24 05:33:24.416,InnoDB,LOCK_SYS_PAGE,1176,17,477
1787549604.415,2026-08-24 05:33:24.416,InnoDB,LOCK_SYS_PAGE,1141,17,521
1787549604.415,2026-08-24 05:33:24.416,InnoDB,UNDO_SPACE_RSEG,3548,17,1483
1787549604.415,2026-08-24 05:33:24.416,InnoDB,LOCK_SYS_PAGE,1125,17,546
1787549604.415,2026-08-24 05:33:24.416,InnoDB,LOCK_SYS_PAGE,1121,17,512
1787549604.415,2026-08-24 05:33:24.416,InnoDB,LOCK_SYS_PAGE,1215,17,519
1787549604.415,2026-08-24 05:33:24.416,InnoDB,LOCK_SYS_PAGE,1281,17,505
1787549604.415,2026-08-24 05:33:24.416,InnoDB,LOCK_SYS_PAGE,1121,17,512
1787549604.415,2026-08-24 05:33:24.416,InnoDB,LOCK_SYS_PAGE,1195,17,563
1787549604.415,2026-08-24 05:33:24.416,InnoDB,LOCK_SYS_PAGE,1215,17,529
1787549604.415,2026-08-24 05:33:24.416,InnoDB,UNDO_SPACE_RSEG,3496,17,1424
1787549604.415,2026-08-24 05:33:24.416,InnoDB,LOCK_SYS_PAGE,1141,17,492
1787549604.415,2026-08-24 05:33:24.416,InnoDB,LOCK_SYS_PAGE,1151,17,534
1787549604.415,2026-08-24 05:33:24.416,InnoDB,LOCK_SYS_PAGE,1139,17,555
1787549604.415,2026-08-24 05:33:24.416,InnoDB,LOCK_SYS_PAGE,1107,17,508
1787549604.415,2026-08-24 05:33:24.416,InnoDB,UNDO_SPACE_RSEG,3522,17,1422
1787549604.415,2026-08-24 05:33:24.416,InnoDB,LOCK_SYS_PAGE,1228,16,557
1787549604.415,2026-08-24 05:33:24.416,InnoDB,LOCK_SYS_PAGE,1183,16,543
1787549604.415,2026-08-24 05:33:24.416,InnoDB,LOCK_SYS_PAGE,1120,16,516
1787549604.415,2026-08-24 05:33:24.416,InnoDB,LOCK_SYS_PAGE,1179,16,533
1787549604.415,2026-08-24 05:33:24.416,InnoDB,LOCK_SYS_PAGE,1146,16,548
1787549604.415,2026-08-24 05:33:24.416,InnoDB,LOCK_SYS_PAGE,1045,16,495
1787549604.415,2026-08-24 05:33:24.416,InnoDB,LOCK_SYS_PAGE,1217,16,563
1787549604.415,2026-08-24 05:33:24.416,InnoDB,LOCK_SYS_PAGE,1145,16,506
1787549604.415,2026-08-24 05:33:24.416,InnoDB,UNDO_SPACE_RSEG,3400,16,1452
1787549604.415,2026-08-24 05:33:24.416,InnoDB,LOCK_SYS_PAGE,1138,16,487
1787549604.415,2026-08-24 05:33:24.416,InnoDB,UNDO_SPACE_RSEG,3273,16,1388
1787549604.415,2026-08-24 05:33:24.416,InnoDB,LOCK_SYS_PAGE,1010,16,504
1787549604.415,2026-08-24 05:33:24.416,InnoDB,LOCK_SYS_PAGE,1065,16,471
1787549604.415,2026-08-24 05:33:24.416,InnoDB,LOCK_SYS_PAGE,1138,16,509
1787549604.415,2026-08-24 05:33:24.416,InnoDB,LOCK_SYS_PAGE,1086,16,463
1787549604.415,2026-08-24 05:33:24.416,InnoDB,LOCK_SYS_PAGE,1039,16,437
1787549604.415,2026-08-24 05:33:24.416,InnoDB,LOCK_SYS_PAGE,1166,16,556
1787549604.415,2026-08-24 05:33:24.416,InnoDB,LOCK_SYS_PAGE,1078,16,507
1787549604.415,2026-08-24 05:33:24.416,InnoDB,LOCK_SYS_PAGE,1062,16,508
1787549604.415,2026-08-24 05:33:24.416,InnoDB,LOCK_SYS_PAGE,1077,16,523
1787549604.415,2026-08-24 05:33:24.416,InnoDB,LOCK_SYS_PAGE,1080,16,516
1787549604.415,2026-08-24 05:33:24.416,InnoDB,LOCK_SYS_PAGE,1254,16,625
1787549604.415,2026-08-24 05:33:24.416,InnoDB,LOCK_SYS_PAGE,1124,16,491
1787549604.415,2026-08-24 05:33:24.416,InnoDB,LOCK_SYS_PAGE,1174,16,531
1787549604.415,2026-08-24 05:33:24.416,InnoDB,LOCK_SYS_PAGE,1107,16,488
1787549604.415,2026-08-24 05:33:24.416,InnoDB,LOCK_SYS_PAGE,1129,16,480
1787549604.415,2026-08-24 05:33:24.416,InnoDB,LOCK_SYS_PAGE,1113,16,517
1787549604.415,2026-08-24 05:33:24.416,InnoDB,LOCK_SYS_PAGE,1140,16,516
1787549604.415,2026-08-24 05:33:24.416,InnoDB,LOCK_SYS_PAGE,1121,16,514
1787549604.415,2026-08-24 05:33:24.416,InnoDB,LOCK_SYS_PAGE,1096,16,533
1787549604.415,2026-08-24 05:33:24.416,InnoDB,LOCK_SYS_PAGE,1045,16,507
1787549604.415,2026-08-24 05:33:24.416,InnoDB,LOCK_SYS_PAGE,1187,16,562
1787549604.415,2026-08-24 05:33:24.416,InnoDB,LOCK_SYS_PAGE,1170,16,521
1787549604.415,2026-08-24 05:33:24.416,InnoDB,LOCK_SYS_PAGE,1126,16,531
1787549604.415,2026-08-24 05:33:24.416,InnoDB,LOCK_SYS_PAGE,1212,16,512
1787549604.415,2026-08-24 05:33:24.416,InnoDB,LOCK_SYS_PAGE,1145,16,494
1787549604.415,2026-08-24 05:33:24.416,InnoDB,LOCK_SYS_PAGE,1066,16,513
1787549604.415,2026-08-24 05:33:24.416,InnoDB,LOCK_SYS_PAGE,1068,16,508
1787549604.415,2026-08-24 05:33:24.416,InnoDB,LOCK_SYS_PAGE,1188,16,506
1787549604.415,2026-08-24 05:33:24.416,InnoDB,LOCK_SYS_PAGE,1064,16,487
1787549604.415,2026-08-24 05:33:24.416,InnoDB,LOCK_SYS_PAGE,1105,16,492
1787549604.415,2026-08-24 05:33:24.416,InnoDB,LOCK_SYS_PAGE,1182,16,499
1787549604.415,2026-08-24 05:33:24.416,InnoDB,LOCK_SYS_PAGE,1267,16,547
1787549604.415,2026-08-24 05:33:24.416,InnoDB,LOCK_SYS_PAGE,1154,16,485
1787549604.415,2026-08-24 05:33:24.416,InnoDB,LOCK_SYS_PAGE,1032,15,474
1787549604.415,2026-08-24 05:33:24.416,InnoDB,LOCK_SYS_PAGE,1118,15,540
1787549604.415,2026-08-24 05:33:24.416,InnoDB,LOCK_SYS_PAGE,1098,15,502
1787549604.415,2026-08-24 05:33:24.416,InnoDB,LOCK_SYS_PAGE,1137,15,539
1787549604.415,2026-08-24 05:33:24.416,InnoDB,LOCK_SYS_PAGE,1136,15,546
1787549604.415,2026-08-24 05:33:24.416,InnoDB,LOCK_SYS_PAGE,1166,15,544
1787549604.415,2026-08-24 05:33:24.416,InnoDB,LOCK_SYS_PAGE,1078,15,551
1787549604.415,2026-08-24 05:33:24.416,InnoDB,LOCK_SYS_PAGE,1079,15,497
1787549604.415,2026-08-24 05:33:24.416,InnoDB,LOCK_SYS_PAGE,1158,15,557
1787549604.415,2026-08-24 05:33:24.416,InnoDB,LOCK_SYS_PAGE,1089,15,473
1787549604.415,2026-08-24 05:33:24.416,InnoDB,LOCK_SYS_PAGE,971,15,457
1787549604.415,2026-08-24 05:33:24.416,InnoDB,LOCK_SYS_PAGE,1108,15,541
1787549604.415,2026-08-24 05:33:24.416,InnoDB,LOCK_SYS_PAGE,1042,15,474
1787549604.415,2026-08-24 05:33:24.416,InnoDB,LOCK_SYS_PAGE,1200,15,533
1787549604.415,2026-08-24 05:33:24.416,InnoDB,UNDO_SPACE_RSEG,3368,15,1434
1787549604.415,2026-08-24 05:33:24.416,InnoDB,UNDO_SPACE_RSEG,3215,15,1432
1787549604.415,2026-08-24 05:33:24.416,InnoDB,LOCK_SYS_PAGE,1067,15,530
1787549604.415,2026-08-24 05:33:24.416,InnoDB,LOCK_SYS_PAGE,1045,15,504
1787549604.415,2026-08-24 05:33:24.416,InnoDB,LOCK_SYS_PAGE,1032,15,488
1787549604.415,2026-08-24 05:33:24.416,InnoDB,LOCK_SYS_PAGE,1019,15,451
1787549604.415,2026-08-24 05:33:24.416,InnoDB,LOCK_SYS_PAGE,1080,15,506
1787549604.415,2026-08-24 05:33:24.416,InnoDB,LOCK_SYS_PAGE,1074,15,511
1787549604.415,2026-08-24 05:33:24.416,InnoDB,LOCK_SYS_PAGE,1150,15,582
1787549604.415,2026-08-24 05:33:24.416,InnoDB,LOCK_SYS_PAGE,1045,15,515
1787549604.415,2026-08-24 05:33:24.416,InnoDB,LOCK_SYS_PAGE,1128,15,516
1787549604.415,2026-08-24 05:33:24.416,InnoDB,LOCK_SYS_PAGE,1083,15,506
1787549604.415,2026-08-24 05:33:24.416,InnoDB,LOCK_SYS_PAGE,1100,15,524
1787549604.415,2026-08-24 05:33:24.416,InnoDB,LOCK_SYS_PAGE,1072,15,508
1787549604.415,2026-08-24 05:33:24.416,InnoDB,LOCK_SYS_PAGE,1120,15,570
1787549604.415,2026-08-24 05:33:24.416,InnoDB,UNDO_SPACE_RSEG,3254,15,1412
1787549604.415,2026-08-24 05:33:24.416,InnoDB,LOCK_SYS_PAGE,1018,15,504
1787549604.415,2026-08-24 05:33:24.416,InnoDB,LOCK_SYS_PAGE,1149,15,575
1787549604.415,2026-08-24 05:33:24.416,InnoDB,LOCK_SYS_PAGE,1043,15,528
1787549604.415,2026-08-24 05:33:24.416,InnoDB,LOCK_SYS_PAGE,1120,15,555
1787549604.415,2026-08-24 05:33:24.416,InnoDB,LOCK_SYS_PAGE,1055,15,478
1787549604.415,2026-08-24 05:33:24.416,InnoDB,LOCK_SYS_PAGE,1036,15,486
1787549604.415,2026-08-24 05:33:24.416,InnoDB,LOCK_SYS_PAGE,1113,15,539
1787549604.415,2026-08-24 05:33:24.416,InnoDB,LOCK_SYS_PAGE,1072,15,511
1787549604.415,2026-08-24 05:33:24.416,InnoDB,LOCK_SYS_PAGE,1173,15,515
1787549604.415,2026-08-24 05:33:24.416,InnoDB,LOCK_SYS_PAGE,1042,15,482
1787549604.415,2026-08-24 05:33:24.416,InnoDB,LOCK_SYS_PAGE,1093,15,521
1787549604.415,2026-08-24 05:33:24.416,InnoDB,LOCK_SYS_PAGE,1024,15,527
1787549604.415,2026-08-24 05:33:24.416,InnoDB,LOCK_SYS_PAGE,1008,14,466
1787549604.415,2026-08-24 05:33:24.416,InnoDB,LOCK_SYS_PAGE,939,14,462
1787549604.415,2026-08-24 05:33:24.416,InnoDB,UNDO_SPACE_RSEG,3475,14,1470
1787549604.415,2026-08-24 05:33:24.416,InnoDB,LOCK_SYS_PAGE,1047,14,551
1787549604.415,2026-08-24 05:33:24.416,InnoDB,LOCK_SYS_PAGE,1007,14,478
1787549604.415,2026-08-24 05:33:24.416,InnoDB,LOCK_SYS_PAGE,1057,14,528
1787549604.415,2026-08-24 05:33:24.416,InnoDB,LOCK_SYS_PAGE,1082,14,546
1787549604.415,2026-08-24 05:33:24.416,InnoDB,LOCK_SYS_PAGE,1054,14,534
1787549604.415,2026-08-24 05:33:24.416,InnoDB,LOCK_SYS_PAGE,1054,14,516
1787549604.415,2026-08-24 05:33:24.416,InnoDB,LOCK_SYS_PAGE,1025,14,522
1787549604.415,2026-08-24 05:33:24.416,InnoDB,LOCK_SYS_PAGE,1042,14,497
1787549604.415,2026-08-24 05:33:24.416,InnoDB,LOCK_SYS_PAGE,959,14,481
1787549604.415,2026-08-24 05:33:24.416,InnoDB,LOCK_SYS_PAGE,1061,14,531
1787549604.415,2026-08-24 05:33:24.416,InnoDB,LOCK_SYS_PAGE,1077,14,527
1787549604.415,2026-08-24 05:33:24.416,InnoDB,LOCK_SYS_PAGE,1046,14,520
1787549604.415,2026-08-24 05:33:24.416,InnoDB,LOCK_SYS_PAGE,1014,14,520
1787549604.415,2026-08-24 05:33:24.416,InnoDB,LOCK_SYS_PAGE,1104,14,532
1787549604.415,2026-08-24 05:33:24.416,InnoDB,LOCK_SYS_PAGE,1124,14,534
1787549604.415,2026-08-24 05:33:24.416,InnoDB,LOCK_SYS_PAGE,1022,14,474
1787549604.415,2026-08-24 05:33:24.416,InnoDB,LOCK_SYS_PAGE,1104,14,482
1787549604.415,2026-08-24 05:33:24.416,InnoDB,LOCK_SYS_PAGE,1106,14,555
1787549604.415,2026-08-24 05:33:24.416,InnoDB,LOCK_SYS_PAGE,1028,14,498
1787549604.415,2026-08-24 05:33:24.416,InnoDB,LOCK_SYS_PAGE,1033,14,528
1787549604.415,2026-08-24 05:33:24.416,InnoDB,LOCK_SYS_PAGE,1109,14,546
1787549604.415,2026-08-24 05:33:24.416,InnoDB,UNDO_SPACE_RSEG,3265,14,1411
1787549604.415,2026-08-24 05:33:24.416,InnoDB,LOCK_SYS_PAGE,1019,14,474
1787549604.415,2026-08-24 05:33:24.416,InnoDB,LOCK_SYS_PAGE,1068,14,532
1787549604.415,2026-08-24 05:33:24.416,InnoDB,LOCK_SYS_PAGE,1029,14,499
1787549604.415,2026-08-24 05:33:24.416,InnoDB,LOCK_SYS_PAGE,1019,14,497
1787549604.415,2026-08-24 05:33:24.416,InnoDB,LOCK_SYS_PAGE,1076,14,521
1787549604.415,2026-08-24 05:33:24.416,InnoDB,LOCK_SYS_PAGE,1068,14,560
1787549604.415,2026-08-24 05:33:24.416,InnoDB,LOCK_SYS_PAGE,963,14,488
1787549604.415,2026-08-24 05:33:24.416,InnoDB,LOCK_SYS_PAGE,1033,14,512
1787549604.415,2026-08-24 05:33:24.416,InnoDB,LOCK_SYS_PAGE,1032,14,509
1787549604.415,2026-08-24 05:33:24.416,InnoDB,LOCK_SYS_PAGE,1033,14,498
1787549604.415,2026-08-24 05:33:24.416,InnoDB,LOCK_SYS_PAGE,1024,14,515
1787549604.415,2026-08-24 05:33:24.416,InnoDB,LOCK_SYS_PAGE,1152,14,523
1787549604.415,2026-08-24 05:33:24.416,InnoDB,LOCK_SYS_PAGE,1046,14,485
1787549604.415,2026-08-24 05:33:24.416,InnoDB,LOCK_SYS_PAGE,1028,14,466
1787549604.415,2026-08-24 05:33:24.416,InnoDB,LOCK_SYS_PAGE,1005,14,456
1787549604.415,2026-08-24 05:33:24.416,InnoDB,LOCK_SYS_PAGE,1062,14,541
1787549604.415,2026-08-24 05:33:24.416,InnoDB,LOCK_SYS_PAGE,1034,14,510
1787549604.415,2026-08-24 05:33:24.416,InnoDB,LOCK_SYS_PAGE,1096,14,556
1787549604.415,2026-08-24 05:33:24.416,InnoDB,LOCK_SYS_PAGE,965,14,442
1787549604.415,2026-08-24 05:33:24.416,InnoDB,LOCK_SYS_PAGE,1050,14,525
1787549604.415,2026-08-24 05:33:24.416,InnoDB,LOCK_SYS_PAGE,1066,14,518
1787549604.415,2026-08-24 05:33:24.416,InnoDB,LOCK_SYS_PAGE,1043,14,509
1787549604.415,2026-08-24 05:33:24.416,InnoDB,LOCK_SYS_PAGE,1072,14,555
1787549604.415,2026-08-24 05:33:24.416,InnoDB,LOCK_SYS_PAGE,1013,13,500
1787549604.415,2026-08-24 05:33:24.416,InnoDB,LOCK_SYS_PAGE,1059,13,440
1787549604.415,2026-08-24 05:33:24.416,InnoDB,LOCK_SYS_PAGE,1031,13,522
1787549604.415,2026-08-24 05:33:24.416,InnoDB,LOCK_SYS_PAGE,1036,13,522
1787549604.415,2026-08-24 05:33:24.416,InnoDB,LOCK_SYS_PAGE,1052,13,528
1787549604.415,2026-08-24 05:33:24.416,InnoDB,LOCK_SYS_PAGE,1014,13,497
1787549604.415,2026-08-24 05:33:24.416,InnoDB,LOCK_SYS_PAGE,1073,13,528
1787549604.415,2026-08-24 05:33:24.416,InnoDB,LOCK_SYS_PAGE,986,13,496
1787549604.415,2026-08-24 05:33:24.416,InnoDB,LOCK_SYS_PAGE,1062,13,497
1787549604.415,2026-08-24 05:33:24.416,InnoDB,LOCK_SYS_PAGE,1001,13,488
1787549604.415,2026-08-24 05:33:24.416,InnoDB,LOCK_SYS_PAGE,987,13,508
1787549604.415,2026-08-24 05:33:24.416,InnoDB,LOCK_SYS_PAGE,1130,13,578
1787549604.415,2026-08-24 05:33:24.416,InnoDB,LOCK_SYS_PAGE,1134,13,525
1787549604.415,2026-08-24 05:33:24.416,InnoDB,LOCK_SYS_PAGE,1002,13,511
1787549604.415,2026-08-24 05:33:24.416,InnoDB,UNDO_SPACE_RSEG,3378,13,1470
1787549604.415,2026-08-24 05:33:24.416,InnoDB,LOCK_SYS_PAGE,980,13,507
1787549604.415,2026-08-24 05:33:24.416,InnoDB,LOCK_SYS_PAGE,955,13,480
1787549604.415,2026-08-24 05:33:24.416,InnoDB,LOCK_SYS_PAGE,1086,13,539
1787549604.415,2026-08-24 05:33:24.416,InnoDB,LOCK_SYS_PAGE,949,13,463
1787549604.415,2026-08-24 05:33:24.416,InnoDB,LOCK_SYS_PAGE,989,13,563
1787549604.415,2026-08-24 05:33:24.416,InnoDB,LOCK_SYS_PAGE,1069,13,520
1787549604.415,2026-08-24 05:33:24.416,InnoDB,LOCK_SYS_PAGE,924,13,477
1787549604.415,2026-08-24 05:33:24.416,InnoDB,LOCK_SYS_PAGE,1037,13,495
1787549604.415,2026-08-24 05:33:24.416,InnoDB,LOCK_SYS_PAGE,1105,13,504
1787549604.415,2026-08-24 05:33:24.416,InnoDB,LOCK_SYS_PAGE,970,13,526
1787549604.415,2026-08-24 05:33:24.416,InnoDB,LOCK_SYS_PAGE,999,13,515
1787549604.415,2026-08-24 05:33:24.416,InnoDB,LOCK_SYS_PAGE,1194,13,545
1787549604.415,2026-08-24 05:33:24.416,InnoDB,LOCK_SYS_PAGE,1064,13,539
1787549604.415,2026-08-24 05:33:24.416,InnoDB,LOCK_SYS_PAGE,1071,13,489
1787549604.415,2026-08-24 05:33:24.416,InnoDB,LOCK_SYS_PAGE,1016,13,529
1787549604.415,2026-08-24 05:33:24.416,InnoDB,LOCK_SYS_PAGE,958,13,527
1787549604.415,2026-08-24 05:33:24.416,InnoDB,LOCK_SYS_PAGE,1060,13,517
1787549604.415,2026-08-24 05:33:24.416,InnoDB,LOCK_SYS_PAGE,1047,13,508
1787549604.415,2026-08-24 05:33:24.416,InnoDB,LOCK_SYS_PAGE,941,13,446
1787549604.415,2026-08-24 05:33:24.416,InnoDB,LOCK_SYS_PAGE,1046,13,502
1787549604.415,2026-08-24 05:33:24.416,InnoDB,LOCK_SYS_PAGE,1022,13,506
1787549604.415,2026-08-24 05:33:24.416,InnoDB,LOCK_SYS_PAGE,1010,13,548
1787549604.415,2026-08-24 05:33:24.416,InnoDB,LOCK_SYS_PAGE,976,13,498
1787549604.415,2026-08-24 05:33:24.416,InnoDB,LOCK_SYS_PAGE,1140,13,540
1787549604.415,2026-08-24 05:33:24.416,InnoDB,LOCK_SYS_PAGE,981,13,489
1787549604.415,2026-08-24 05:33:24.416,InnoDB,LOCK_SYS_PAGE,1027,13,513
1787549604.415,2026-08-24 05:33:24.416,InnoDB,LOCK_SYS_PAGE,973,13,519
1787549604.415,2026-08-24 05:33:24.416,InnoDB,LOCK_SYS_PAGE,993,13,506
1787549604.415,2026-08-24 05:33:24.416,InnoDB,LOCK_SYS_PAGE,997,13,528
1787549604.415,2026-08-24 05:33:24.416,InnoDB,LOCK_SYS_PAGE,1145,13,538
1787549604.415,2026-08-24 05:33:24.416,InnoDB,LOCK_SYS_PAGE,976,13,488
1787549604.415,2026-08-24 05:33:24.416,InnoDB,LOCK_SYS_PAGE,1069,13,530
1787549604.415,2026-08-24 05:33:24.416,InnoDB,LOCK_SYS_PAGE,1181,13,575
1787549604.415,2026-08-24 05:33:24.416,InnoDB,LOCK_SYS_PAGE,1020,12,516
1787549604.415,2026-08-24 05:33:24.416,InnoDB,LOCK_SYS_PAGE,1082,12,506
1787549604.415,2026-08-24 05:33:24.416,InnoDB,LOCK_SYS_PAGE,1091,12,584
1787549604.415,2026-08-24 05:33:24.416,InnoDB,LOCK_SYS_PAGE,977,12,508
1787549604.415,2026-08-24 05:33:24.416,InnoDB,LOCK_SYS_PAGE,1010,12,511
1787549604.415,2026-08-24 05:33:24.416,InnoDB,LOCK_SYS_PAGE,1034,12,567
1787549604.415,2026-08-24 05:33:24.416,InnoDB,LOCK_SYS_PAGE,1013,12,552
1787549604.415,2026-08-24 05:33:24.416,InnoDB,LOCK_SYS_PAGE,1037,12,496
1787549604.415,2026-08-24 05:33:24.416,InnoDB,LOCK_SYS_PAGE,1002,12,498
1787549604.415,2026-08-24 05:33:24.416,InnoDB,LOCK_SYS_PAGE,1022,12,558
1787549604.415,2026-08-24 05:33:24.416,InnoDB,LOCK_SYS_PAGE,1033,12,516
1787549604.415,2026-08-24 05:33:24.416,InnoDB,LOCK_SYS_PAGE,1030,12,532
1787549604.415,2026-08-24 05:33:24.416,InnoDB,LOCK_SYS_PAGE,1119,12,522
1787549604.415,2026-08-24 05:33:24.416,InnoDB,LOCK_SYS_PAGE,1089,12,536
1787549604.415,2026-08-24 05:33:24.416,InnoDB,LOCK_SYS_PAGE,1064,12,517
1787549604.415,2026-08-24 05:33:24.416,InnoDB,LOCK_SYS_PAGE,1060,12,590
1787549604.415,2026-08-24 05:33:24.416,InnoDB,LOCK_SYS_PAGE,983,12,509
1787549604.415,2026-08-24 05:33:24.416,InnoDB,LOCK_SYS_PAGE,990,12,506
1787549604.415,2026-08-24 05:33:24.416,InnoDB,LOCK_SYS_PAGE,1137,12,552
1787549604.415,2026-08-24 05:33:24.416,InnoDB,LOCK_SYS_PAGE,1000,12,511
1787549604.415,2026-08-24 05:33:24.416,InnoDB,LOCK_SYS_PAGE,932,12,524
1787549604.415,2026-08-24 05:33:24.416,InnoDB,LOCK_SYS_PAGE,1038,12,536
1787549604.415,2026-08-24 05:33:24.416,InnoDB,LOCK_SYS_PAGE,1034,12,483
1787549604.415,2026-08-24 05:33:24.416,InnoDB,LOCK_SYS_PAGE,993,12,535
1787549604.415,2026-08-24 05:33:24.416,InnoDB,LOCK_SYS_PAGE,1061,12,501
1787549604.415,2026-08-24 05:33:24.416,InnoDB,LOCK_SYS_PAGE,931,12,479
1787549604.415,2026-08-24 05:33:24.416,InnoDB,LOCK_SYS_PAGE,953,12,518
1787549604.415,2026-08-24 05:33:24.416,InnoDB,LOCK_SYS_PAGE,928,12,461
1787549604.415,2026-08-24 05:33:24.416,InnoDB,LOCK_SYS_PAGE,1029,12,522
1787549604.415,2026-08-24 05:33:24.416,InnoDB,LOCK_SYS_PAGE,1055,12,515
1787549604.415,2026-08-24 05:33:24.416,InnoDB,LOCK_SYS_PAGE,1134,12,570
1787549604.415,2026-08-24 05:33:24.416,InnoDB,LOCK_SYS_PAGE,965,12,533
1787549604.415,2026-08-24 05:33:24.416,InnoDB,LOCK_SYS_PAGE,956,12,500
1787549604.415,2026-08-24 05:33:24.416,InnoDB,LOCK_SYS_PAGE,1013,12,497
1787549604.415,2026-08-24 05:33:24.416,InnoDB,LOCK_SYS_PAGE,908,12,443
1787549604.415,2026-08-24 05:33:24.416,InnoDB,LOCK_SYS_PAGE,930,12,479
1787549604.415,2026-08-24 05:33:24.416,InnoDB,LOCK_SYS_PAGE,1050,12,562
1787549604.415,2026-08-24 05:33:24.416,InnoDB,LOCK_SYS_PAGE,1014,11,496
1787549604.415,2026-08-24 05:33:24.416,InnoDB,LOCK_SYS_PAGE,1032,11,540
1787549604.415,2026-08-24 05:33:24.416,InnoDB,LOCK_SYS_PAGE,978,11,538
1787549604.415,2026-08-24 05:33:24.416,InnoDB,LOCK_SYS_PAGE,955,11,508
1787549604.415,2026-08-24 05:33:24.416,InnoDB,LOCK_SYS_PAGE,1052,11,602
1787549604.415,2026-08-24 05:33:24.416,InnoDB,LOCK_SYS_PAGE,946,11,526
1787549604.415,2026-08-24 05:33:24.416,InnoDB,LOCK_SYS_PAGE,939,11,521
1787549604.415,2026-08-24 05:33:24.416,InnoDB,LOCK_SYS_PAGE,873,11,485
1787549604.415,2026-08-24 05:33:24.416,InnoDB,LOCK_SYS_PAGE,917,11,463
1787549604.415,2026-08-24 05:33:24.416,InnoDB,LOCK_SYS_PAGE,1042,11,564
1787549604.415,2026-08-24 05:33:24.416,InnoDB,LOCK_SYS_PAGE,976,11,498
1787549604.415,2026-08-24 05:33:24.416,InnoDB,LOCK_SYS_PAGE,894,11,504
1787549604.415,2026-08-24 05:33:24.416,InnoDB,LOCK_SYS_PAGE,951,11,516
1787549604.415,2026-08-24 05:33:24.416,InnoDB,LOCK_SYS_PAGE,932,11,505
1787549604.415,2026-08-24 05:33:24.416,InnoDB,LOCK_SYS_PAGE,871,11,479
1787549604.415,2026-08-24 05:33:24.416,InnoDB,LOCK_SYS_PAGE,947,11,513
1787549604.415,2026-08-24 05:33:24.416,InnoDB,LOCK_SYS_PAGE,1010,11,517
1787549604.415,2026-08-24 05:33:24.416,InnoDB,LOCK_SYS_PAGE,986,11,534
1787549604.415,2026-08-24 05:33:24.416,InnoDB,LOCK_SYS_PAGE,925,11,511
1787549604.415,2026-08-24 05:33:24.416,InnoDB,LOCK_SYS_PAGE,958,11,486
1787549604.415,2026-08-24 05:33:24.416,InnoDB,LOCK_SYS_PAGE,843,11,481
1787549604.415,2026-08-24 05:33:24.416,InnoDB,LOCK_SYS_PAGE,925,11,466
1787549604.415,2026-08-24 05:33:24.416,InnoDB,LOCK_SYS_PAGE,978,11,495
1787549604.415,2026-08-24 05:33:24.416,InnoDB,LOCK_SYS_PAGE,1029,11,532
1787549604.415,2026-08-24 05:33:24.416,InnoDB,LOCK_SYS_PAGE,1082,11,594
1787549604.415,2026-08-24 05:33:24.416,InnoDB,LOCK_SYS_PAGE,1034,11,535
1787549604.415,2026-08-24 05:33:24.416,InnoDB,LOCK_SYS_PAGE,961,11,515
1787549604.415,2026-08-24 05:33:24.416,InnoDB,LOCK_SYS_PAGE,982,11,493
1787549604.415,2026-08-24 05:33:24.416,InnoDB,LOCK_SYS_PAGE,920,11,471
1787549604.415,2026-08-24 05:33:24.416,InnoDB,LOCK_SYS_PAGE,942,11,531
1787549604.415,2026-08-24 05:33:24.416,InnoDB,LOCK_SYS_PAGE,948,11,500
1787549604.415,2026-08-24 05:33:24.416,InnoDB,LOCK_SYS_PAGE,965,11,470
1787549604.415,2026-08-24 05:33:24.416,InnoDB,LOCK_SYS_PAGE,940,11,523
1787549604.415,2026-08-24 05:33:24.416,InnoDB,LOCK_SYS_PAGE,986,11,535
1787549604.415,2026-08-24 05:33:24.416,InnoDB,LOCK_SYS_PAGE,932,10,525
1787549604.415,2026-08-24 05:33:24.416,InnoDB,LOCK_SYS_PAGE,1034,10,511
1787549604.415,2026-08-24 05:33:24.416,InnoDB,LOCK_SYS_PAGE,966,10,485
1787549604.415,2026-08-24 05:33:24.416,InnoDB,LOCK_SYS_PAGE,920,10,544
1787549604.415,2026-08-24 05:33:24.416,InnoDB,LOCK_SYS_PAGE,895,10,466
1787549604.415,2026-08-24 05:33:24.416,InnoDB,LOCK_SYS_PAGE,873,10,494
1787549604.415,2026-08-24 05:33:24.416,InnoDB,LOCK_SYS_PAGE,841,10,447
1787549604.415,2026-08-24 05:33:24.416,InnoDB,LOCK_SYS_PAGE,954,10,501
1787549604.415,2026-08-24 05:33:24.416,InnoDB,LOCK_SYS_PAGE,933,10,501
1787549604.415,2026-08-24 05:33:24.416,InnoDB,LOCK_SYS_PAGE,900,10,484
1787549604.415,2026-08-24 05:33:24.416,InnoDB,LOCK_SYS_PAGE,913,10,531
1787549604.415,2026-08-24 05:33:24.416,InnoDB,LOCK_SYS_PAGE,970,10,518
1787549604.415,2026-08-24 05:33:24.416,InnoDB,LOCK_SYS_PAGE,894,10,519
1787549604.415,2026-08-24 05:33:24.416,InnoDB,LOCK_SYS_PAGE,937,10,486
1787549604.415,2026-08-24 05:33:24.416,InnoDB,LOCK_SYS_PAGE,960,10,508
1787549604.415,2026-08-24 05:33:24.416,InnoDB,LOCK_SYS_PAGE,918,10,497
1787549604.415,2026-08-24 05:33:24.416,InnoDB,LOCK_SYS_PAGE,920,10,533
1787549604.415,2026-08-24 05:33:24.416,InnoDB,LOCK_SYS_PAGE,884,10,489
1787549604.415,2026-08-24 05:33:24.416,InnoDB,LOCK_SYS_PAGE,925,10,509
1787549604.415,2026-08-24 05:33:24.416,InnoDB,LOCK_SYS_PAGE,996,10,500
1787549604.415,2026-08-24 05:33:24.416,InnoDB,LOCK_SYS_PAGE,991,10,558
1787549604.415,2026-08-24 05:33:24.416,InnoDB,LOCK_SYS_PAGE,934,10,468
1787549604.415,2026-08-24 05:33:24.416,InnoDB,LOCK_SYS_PAGE,891,10,482
1787549604.415,2026-08-24 05:33:24.416,InnoDB,LOCK_SYS_PAGE,939,10,492
1787549604.415,2026-08-24 05:33:24.416,InnoDB,LOCK_SYS_PAGE,873,10,495
1787549604.415,2026-08-24 05:33:24.416,InnoDB,LOCK_SYS_PAGE,902,10,509
1787549604.415,2026-08-24 05:33:24.416,InnoDB,LOCK_SYS_PAGE,893,10,472
1787549604.415,2026-08-24 05:33:24.416,InnoDB,LOCK_SYS_PAGE,920,10,481
1787549604.415,2026-08-24 05:33:24.416,InnoDB,LOCK_SYS_PAGE,904,10,494
1787549604.415,2026-08-24 05:33:24.416,InnoDB,LOCK_SYS_PAGE,929,10,580
1787549604.415,2026-08-24 05:33:24.416,InnoDB,LOCK_SYS_PAGE,946,10,525
1787549604.415,2026-08-24 05:33:24.416,InnoDB,LOCK_SYS_PAGE,946,10,503
1787549604.415,2026-08-24 05:33:24.416,InnoDB,LOCK_SYS_PAGE,895,10,470
1787549604.415,2026-08-24 05:33:24.416,InnoDB,LOCK_SYS_PAGE,973,10,473
1787549604.415,2026-08-24 05:33:24.416,InnoDB,LOCK_SYS_PAGE,942,10,529
1787549604.415,2026-08-24 05:33:24.416,InnoDB,LOCK_SYS_PAGE,894,10,537
1787549604.415,2026-08-24 05:33:24.416,InnoDB,LOCK_SYS_PAGE,1064,10,546
1787549604.415,2026-08-24 05:33:24.416,InnoDB,LOCK_SYS_PAGE,912,10,523
1787549604.415,2026-08-24 05:33:24.416,InnoDB,LOCK_SYS_PAGE,979,10,513
1787549604.415,2026-08-24 05:33:24.416,InnoDB,LOCK_SYS_PAGE,983,10,593
1787549604.415,2026-08-24 05:33:24.416,InnoDB,LOCK_SYS_PAGE,997,10,553
1787549604.415,2026-08-24 05:33:24.416,InnoDB,LOCK_SYS_PAGE,954,10,540
1787549604.415,2026-08-24 05:33:24.416,InnoDB,LOCK_SYS_PAGE,907,10,502
1787549604.415,2026-08-24 05:33:24.416,InnoDB,LOCK_SYS_PAGE,925,10,542
1787549604.415,2026-08-24 05:33:24.416,InnoDB,LOCK_SYS_PAGE,891,10,464
1787549604.415,2026-08-24 05:33:24.416,InnoDB,LOCK_SYS_PAGE,841,10,467
1787549604.415,2026-08-24 05:33:24.416,InnoDB,LOCK_SYS_PAGE,928,10,506
1787549604.415,2026-08-24 05:33:24.416,InnoDB,LOCK_SYS_PAGE,937,9,489
1787549604.415,2026-08-24 05:33:24.416,InnoDB,LOCK_SYS_PAGE,908,9,471
1787549604.415,2026-08-24 05:33:24.416,InnoDB,LOCK_SYS_PAGE,1071,9,554
1787549604.415,2026-08-24 05:33:24.416,InnoDB,LOCK_SYS_PAGE,890,9,516
1787549604.415,2026-08-24 05:33:24.416,InnoDB,LOCK_SYS_PAGE,998,9,523
1787549604.415,2026-08-24 05:33:24.416,InnoDB,LOCK_SYS_PAGE,850,9,498
1787549604.415,2026-08-24 05:33:24.416,InnoDB,LOCK_SYS_PAGE,879,9,506
1787549604.415,2026-08-24 05:33:24.416,InnoDB,LOCK_SYS_PAGE,910,9,548
1787549604.415,2026-08-24 05:33:24.416,InnoDB,LOCK_SYS_PAGE,825,9,490
1787549604.415,2026-08-24 05:33:24.416,InnoDB,LOCK_SYS_PAGE,921,9,530
1787549604.415,2026-08-24 05:33:24.416,InnoDB,LOCK_SYS_PAGE,839,9,515
1787549604.415,2026-08-24 05:33:24.416,InnoDB,LOCK_SYS_PAGE,1037,9,561
1787549604.415,2026-08-24 05:33:24.416,InnoDB,LOCK_SYS_PAGE,927,9,569
1787549604.415,2026-08-24 05:33:24.416,InnoDB,LOCK_SYS_PAGE,830,9,474
1787549604.415,2026-08-24 05:33:24.416,InnoDB,LOCK_SYS_PAGE,855,9,514
1787549604.415,2026-08-24 05:33:24.416,InnoDB,LOCK_SYS_PAGE,908,9,467
1787549604.415,2026-08-24 05:33:24.416,InnoDB,LOCK_SYS_PAGE,1031,9,565
1787549604.415,2026-08-24 05:33:24.416,InnoDB,LOCK_SYS_PAGE,903,9,516
1787549604.415,2026-08-24 05:33:24.416,InnoDB,LOCK_SYS_PAGE,795,9,470
1787549604.415,2026-08-24 05:33:24.416,InnoDB,LOCK_SYS_PAGE,910,9,485
1787549604.415,2026-08-24 05:33:24.416,InnoDB,LOCK_SYS_PAGE,892,9,489
1787549604.415,2026-08-24 05:33:24.416,InnoDB,LOCK_SYS_PAGE,962,9,554
1787549604.415,2026-08-24 05:33:24.416,InnoDB,LOCK_SYS_PAGE,920,9,480
1787549604.415,2026-08-24 05:33:24.416,InnoDB,LOCK_SYS_PAGE,910,9,517
1787549604.415,2026-08-24 05:33:24.416,InnoDB,LOCK_SYS_PAGE,864,9,475
1787549604.415,2026-08-24 05:33:24.416,InnoDB,LOCK_SYS_PAGE,886,9,484
1787549604.415,2026-08-24 05:33:24.416,InnoDB,LOCK_SYS_PAGE,849,9,491
1787549604.415,2026-08-24 05:33:24.416,InnoDB,LOCK_SYS_PAGE,871,9,521
1787549604.415,2026-08-24 05:33:24.416,InnoDB,LOCK_SYS_PAGE,874,9,518
1787549604.415,2026-08-24 05:33:24.416,InnoDB,LOCK_SYS_PAGE,835,8,506
1787549604.415,2026-08-24 05:33:24.416,InnoDB,LOCK_SYS_PAGE,872,8,563
1787549604.415,2026-08-24 05:33:24.416,InnoDB,LOCK_SYS_PAGE,826,8,509
1787549604.415,2026-08-24 05:33:24.416,InnoDB,LOCK_SYS_PAGE,850,8,502
1787549604.415,2026-08-24 05:33:24.416,InnoDB,LOCK_SYS_PAGE,851,8,480
1787549604.415,2026-08-24 05:33:24.416,InnoDB,LOCK_SYS_PAGE,881,8,500
1787549604.415,2026-08-24 05:33:24.416,InnoDB,LOCK_SYS_PAGE,958,8,491
1787549604.415,2026-08-24 05:33:24.416,InnoDB,LOCK_SYS_PAGE,876,8,554
1787549604.415,2026-08-24 05:33:24.416,InnoDB,LOCK_SYS_PAGE,931,8,515
1787549604.415,2026-08-24 05:33:24.416,InnoDB,LOCK_SYS_PAGE,925,8,552
1787549604.415,2026-08-24 05:33:24.416,InnoDB,LOCK_SYS_PAGE,876,8,498
1787549604.415,2026-08-24 05:33:24.416,InnoDB,RECALC_POOL,292,8,19
1787549604.415,2026-08-24 05:33:24.416,InnoDB,LOCK_SYS_PAGE,903,8,571
1787549604.415,2026-08-24 05:33:24.416,InnoDB,LOCK_SYS_PAGE,846,8,528
1787549604.415,2026-08-24 05:33:24.416,InnoDB,LOCK_SYS_PAGE,941,8,546
1787549604.415,2026-08-24 05:33:24.416,InnoDB,LOCK_SYS_PAGE,890,8,500
1787549604.415,2026-08-24 05:33:24.416,InnoDB,LOCK_SYS_PAGE,813,8,513
1787549604.415,2026-08-24 05:33:24.416,InnoDB,LOCK_SYS_PAGE,901,8,503
1787549604.415,2026-08-24 05:33:24.416,InnoDB,LOCK_SYS_PAGE,797,8,504
1787549604.415,2026-08-24 05:33:24.416,InnoDB,LOCK_SYS_PAGE,785,8,490
1787549604.415,2026-08-24 05:33:24.416,InnoDB,LOCK_SYS_PAGE,876,8,511
1787549604.415,2026-08-24 05:33:24.416,InnoDB,LOCK_SYS_PAGE,907,8,512
1787549604.415,2026-08-24 05:33:24.416,InnoDB,LOCK_SYS_PAGE,970,8,526
1787549604.415,2026-08-24 05:33:24.416,InnoDB,LOCK_SYS_PAGE,897,8,504
1787549604.415,2026-08-24 05:33:24.416,InnoDB,LOCK_SYS_PAGE,832,8,477
1787549604.415,2026-08-24 05:33:24.416,InnoDB,LOCK_SYS_PAGE,805,7,525
1787549604.415,2026-08-24 05:33:24.416,InnoDB,LOCK_SYS_PAGE,875,7,535
1787549604.415,2026-08-24 05:33:24.416,InnoDB,LOCK_SYS_PAGE,886,7,556
1787549604.415,2026-08-24 05:33:24.416,InnoDB,LOCK_SYS_PAGE,843,7,516
1787549604.415,2026-08-24 05:33:24.416,InnoDB,LOCK_SYS_PAGE,862,7,546
1787549604.415,2026-08-24 05:33:24.416,InnoDB,LOCK_SYS_PAGE,816,7,511
1787549604.415,2026-08-24 05:33:24.416,InnoDB,LOCK_SYS_PAGE,835,7,473
1787549604.415,2026-08-24 05:33:24.416,InnoDB,LOCK_SYS_PAGE,846,7,505
1787549604.415,2026-08-24 05:33:24.416,InnoDB,LOCK_SYS_PAGE,815,7,484
1787549604.415,2026-08-24 05:33:24.416,InnoDB,LOCK_SYS_PAGE,958,7,551
1787549604.415,2026-08-24 05:33:24.416,InnoDB,LOCK_SYS_PAGE,825,7,558
1787549604.415,2026-08-24 05:33:24.416,InnoDB,LOCK_SYS_PAGE,721,7,462
1787549604.415,2026-08-24 05:33:24.416,InnoDB,LOCK_SYS_PAGE,828,7,536
1787549604.415,2026-08-24 05:33:24.416,InnoDB,LOCK_SYS_PAGE,860,7,522
1787549604.415,2026-08-24 05:33:24.416,InnoDB,PARSER,238,7,5
1787549604.415,2026-08-24 05:33:24.416,InnoDB,LOCK_SYS_PAGE,730,7,470
1787549604.415,2026-08-24 05:33:24.416,InnoDB,LOCK_SYS_PAGE,893,7,512
1787549604.415,2026-08-24 05:33:24.416,InnoDB,LOCK_SYS_PAGE,834,7,479
1787549604.415,2026-08-24 05:33:24.416,InnoDB,LOCK_SYS_PAGE,860,7,521
1787549604.415,2026-08-24 05:33:24.416,InnoDB,LOCK_SYS_PAGE,804,7,479
1787549604.415,2026-08-24 05:33:24.416,InnoDB,LOCK_SYS_PAGE,819,7,517
1787549604.415,2026-08-24 05:33:24.416,InnoDB,LOCK_SYS_PAGE,822,7,515
1787549604.415,2026-08-24 05:33:24.416,InnoDB,LOCK_SYS_PAGE,905,7,478
1787549604.415,2026-08-24 05:33:24.416,InnoDB,LOCK_SYS_PAGE,922,7,554
1787549604.415,2026-08-24 05:33:24.416,InnoDB,LOCK_SYS_PAGE,770,7,532
1787549604.415,2026-08-24 05:33:24.416,InnoDB,LOCK_SYS_PAGE,808,7,492
1787549604.415,2026-08-24 05:33:24.416,InnoDB,LOCK_SYS_PAGE,782,6,546
1787549604.415,2026-08-24 05:33:24.416,InnoDB,LOCK_SYS_PAGE,757,6,543
1787549604.415,2026-08-24 05:33:24.416,InnoDB,LOCK_SYS_PAGE,906,6,499
1787549604.415,2026-08-24 05:33:24.416,InnoDB,LOCK_SYS_PAGE,879,6,550
1787549604.415,2026-08-24 05:33:24.416,InnoDB,LOCK_SYS_PAGE,782,6,490
1787549604.415,2026-08-24 05:33:24.416,InnoDB,LOCK_SYS_PAGE,806,6,512
1787549604.415,2026-08-24 05:33:24.416,InnoDB,LOCK_SYS_PAGE,833,6,522
1787549604.415,2026-08-24 05:33:24.416,InnoDB,LOCK_SYS_PAGE,840,6,501
1787549604.415,2026-08-24 05:33:24.416,InnoDB,LOCK_SYS_PAGE,703,6,455
1787549604.415,2026-08-24 05:33:24.416,InnoDB,LOCK_SYS_PAGE,973,6,548
1787549604.415,2026-08-24 05:33:24.416,InnoDB,LOCK_SYS_PAGE,783,6,489
1787549604.415,2026-08-24 05:33:24.416,InnoDB,LOCK_SYS_PAGE,808,6,517
1787549604.415,2026-08-24 05:33:24.416,InnoDB,LOCK_SYS_PAGE,730,6,504
1787549604.415,2026-08-24 05:33:24.416,InnoDB,LOCK_SYS_PAGE,800,6,500
1787549604.415,2026-08-24 05:33:24.416,InnoDB,LOCK_SYS_PAGE,809,6,484
1787549604.415,2026-08-24 05:33:24.416,InnoDB,LOCK_SYS_PAGE,672,6,468
1787549604.415,2026-08-24 05:33:24.416,InnoDB,LOCK_SYS_PAGE,729,5,456
1787549604.415,2026-08-24 05:33:24.416,InnoDB,LOCK_SYS_PAGE,747,5,489
1787549604.415,2026-08-24 05:33:24.416,InnoDB,DICT_TABLE_STATS_COMPUTE,174,5,4
1787549604.415,2026-08-24 05:33:24.416,InnoDB,LOCK_SYS_PAGE,814,5,562
1787549604.415,2026-08-24 05:33:24.416,InnoDB,LOCK_SYS_PAGE,656,5,461
1787549604.415,2026-08-24 05:33:24.416,InnoDB,LOCK_SYS_PAGE,785,5,529
1787549604.415,2026-08-24 05:33:24.416,InnoDB,LOCK_SYS_PAGE,733,4,483
1787549604.415,2026-08-24 05:33:24.416,InnoDB,LOCK_SYS_PAGE,694,4,489
1787549604.415,2026-08-24 05:33:24.416,InnoDB,LOCK_SYS_PAGE,661,4,457
1787549604.415,2026-08-24 05:33:24.416,InnoDB,LOCK_SYS_PAGE,728,4,494
1787549604.415,2026-08-24 05:33:24.416,InnoDB,LOCK_SYS_PAGE,726,4,497
1787549604.415,2026-08-24 05:33:24.416,InnoDB,DICT_TABLE_STATS_COMPUTE,90,3,2
1787549604.415,2026-08-24 05:33:24.416,InnoDB,LOCK_SYS_PAGE,769,3,518
1787549604.415,2026-08-24 05:33:24.416,InnoDB,FIL_SHARD,99,2,44
1787549604.415,2026-08-24 05:33:24.416,InnoDB,FIL_SHARD,144,2,91
1787549604.415,2026-08-24 05:33:24.416,InnoDB,LOCK_SYS_PAGE,620,2,465
1787549604.415,2026-08-24 05:33:24.416,InnoDB,FIL_SHARD,96,2,25
1787549604.415,2026-08-24 05:33:24.416,InnoDB,FIL_SHARD,78,2,28
1787549604.415,2026-08-24 05:33:24.416,InnoDB,FIL_SHARD,63,1,35
1787549604.415,2026-08-24 05:33:24.416,InnoDB,TRX_SYS_SHARD,34,1,1
1787549604.415,2026-08-24 05:33:24.416,InnoDB,TRX_SYS_SHARD,32,1,3
1787549604.415,2026-08-24 05:33:24.416,InnoDB,FIL_SHARD,73,1,43
1787549604.415,2026-08-24 05:33:24.416,InnoDB,FIL_SHARD,38,1,11
1787549604.415,2026-08-24 05:33:24.416,InnoDB,TRX_SYS_SHARD,35,1,2
1787549604.415,2026-08-24 05:33:24.416,InnoDB,TRX_SYS_SHARD,31,1,2
1787549604.415,2026-08-24 05:33:24.416,InnoDB,LOG_LIMITS,238,1,140
1787549604.415,2026-08-24 05:33:24.416,InnoDB,FIL_SHARD,80,1,72
1787549604.415,2026-08-24 05:33:24.416,InnoDB,TRX_SYS_SHARD,30,1,1
1787549604.415,2026-08-24 05:33:24.416,InnoDB,FIL_SHARD,47,1,24
1787549604.415,2026-08-24 05:33:24.416,InnoDB,TRX_SYS_SHARD,4,0,3
1787549604.415,2026-08-24 05:33:24.416,InnoDB,TRX_SYS_SHARD,1,0,1
1787549604.415,2026-08-24 05:33:24.416,InnoDB,TRX_SYS_SHARD,1,0,1
1787549604.415,2026-08-24 05:33:24.416,InnoDB,TRX_SYS_SHARD,1,0,1
1787549604.415,2026-08-24 05:33:24.416,InnoDB,TRX_SYS_SHARD,2,0,1
1787549604.415,2026-08-24 05:33:24.416,InnoDB,TRX_SYS_SHARD,1,0,1
1787549604.415,2026-08-24 05:33:24.416,InnoDB,TRX_SYS_SHARD,1,0,1
1787549604.415,2026-08-24 05:33:24.416,InnoDB,TRX_SYS_SHARD,1,0,1
1787549604.415,2026-08-24 05:33:24.416,InnoDB,TRX_SYS_SHARD,1,0,1
1787549604.415,2026-08-24 05:33:24.416,InnoDB,TRX_SYS_SHARD,1,0,1
1787549604.415,2026-08-24 05:33:24.416,InnoDB,TRX_SYS_SHARD,1,0,1
1787549604.415,2026-08-24 05:33:24.416,InnoDB,TRX_SYS_SHARD,1,0,1
1787549604.415,2026-08-24 05:33:24.416,InnoDB,TRX_SYS_SHARD,1,0,1
1787549604.415,2026-08-24 05:33:24.416,InnoDB,TRX_SYS_SHARD,1,0,1
1787549604.415,2026-08-24 05:33:24.416,InnoDB,TRX_SYS_SHARD,1,0,1
1787549604.415,2026-08-24 05:33:24.416,InnoDB,TRX_SYS_SHARD,1,0,1
1787549604.415,2026-08-24 05:33:24.416,InnoDB,TRX_SYS_SHARD,1,0,1
1787549604.415,2026-08-24 05:33:24.416,InnoDB,TRX_SYS_SHARD,2,0,1
1787549604.415,2026-08-24 05:33:24.416,InnoDB,TRX_SYS_SHARD,2,0,1
1787549604.415,2026-08-24 05:33:24.416,InnoDB,TRX_SYS_SHARD,1,0,1
1787549604.415,2026-08-24 05:33:24.416,InnoDB,TRX_SYS_SHARD,1,0,1
1787549604.415,2026-08-24 05:33:24.416,InnoDB,TRX_SYS_SHARD,2,0,2
1787549604.415,2026-08-24 05:33:24.416,InnoDB,TRX_SYS_SHARD,1,0,1
1787549604.415,2026-08-24 05:33:24.416,InnoDB,TRX_SYS_SHARD,1,0,1
1787549604.415,2026-08-24 05:33:24.416,InnoDB,TRX_SYS_SHARD,2,0,2
1787549604.415,2026-08-24 05:33:24.416,InnoDB,TRX_SYS_SHARD,2,0,1
1787549604.415,2026-08-24 05:33:24.416,InnoDB,TRX_SYS_SHARD,1,0,1
1787549604.415,2026-08-24 05:33:24.416,InnoDB,TRX_SYS_SHARD,1,0,1
1787549604.415,2026-08-24 05:33:24.416,InnoDB,TRX_SYS_SHARD,2,0,1
1787549604.415,2026-08-24 05:33:24.416,InnoDB,TRX_SYS_SHARD,2,0,1
1787549604.415,2026-08-24 05:33:24.416,InnoDB,TRX_SYS_SHARD,1,0,1
1787549604.415,2026-08-24 05:33:24.416,InnoDB,TRX_SYS_SHARD,1,0,1
1787549604.415,2026-08-24 05:33:24.416,InnoDB,TRX_SYS_SHARD,1,0,1
1787549604.415,2026-08-24 05:33:24.416,InnoDB,TRX_SYS_SHARD,1,0,1
1787549604.415,2026-08-24 05:33:24.416,InnoDB,TRX_SYS_SHARD,4,0,2
1787549604.415,2026-08-24 05:33:24.416,InnoDB,TRX_SYS_SHARD,1,0,1
1787549604.415,2026-08-24 05:33:24.416,InnoDB,TRX_SYS_SHARD,1,0,1
1787549604.415,2026-08-24 05:33:24.416,InnoDB,TRX_SYS_SHARD,2,0,1
1787549604.415,2026-08-24 05:33:24.416,InnoDB,TRX_SYS_SHARD,1,0,1
1787549604.415,2026-08-24 05:33:24.416,InnoDB,FIL_SHARD,135,0,167
1787549604.415,2026-08-24 05:33:24.416,InnoDB,TRX_SYS_SHARD,2,0,2
1787549604.415,2026-08-24 05:33:24.416,InnoDB,TRX_SYS_SHARD,2,0,1
1787549604.415,2026-08-24 05:33:24.416,InnoDB,TRX_SYS_SHARD,2,0,1
1787549604.415,2026-08-24 05:33:24.416,InnoDB,TRX_SYS_SHARD,1,0,1
1787549604.415,2026-08-24 05:33:24.416,InnoDB,FIL_SHARD,25,0,8
1787549604.415,2026-08-24 05:33:24.416,InnoDB,TRX_SYS_SHARD,2,0,1
1787549604.415,2026-08-24 05:33:24.416,InnoDB,TRX_SYS_SHARD,1,0,1
1787549604.415,2026-08-24 05:33:24.416,InnoDB,CLONE_SYS,1,0,1
1787549604.415,2026-08-24 05:33:24.416,InnoDB,TRX_SYS_SHARD,1,0,1
1787549604.415,2026-08-24 05:33:24.416,InnoDB,TRX_SYS_SHARD,1,0,1
1787549604.415,2026-08-24 05:33:24.416,InnoDB,TRX_SYS_SHARD,2,0,2
1787549604.415,2026-08-24 05:33:24.416,InnoDB,TRX_SYS_SHARD,1,0,1
1787549604.415,2026-08-24 05:33:24.416,InnoDB,TRX_SYS_SHARD,2,0,2
1787549604.415,2026-08-24 05:33:24.416,InnoDB,TRX_SYS_SHARD,1,0,1
1787549604.415,2026-08-24 05:33:24.416,InnoDB,TRX_SYS_SHARD,2,0,1
1787549604.415,2026-08-24 05:33:24.416,InnoDB,TRX_SYS_SHARD,1,0,1
1787549604.415,2026-08-24 05:33:24.416,InnoDB,FIL_SHARD,3,0,12
1787549604.415,2026-08-24 05:33:24.416,InnoDB,FIL_SHARD,5,0,15
1787549604.415,2026-08-24 05:33:24.416,InnoDB,FIL_SHARD,9,0,21
1787549604.415,2026-08-24 05:33:24.416,InnoDB,FIL_SHARD,8,0,22
1787549604.415,2026-08-24 05:33:24.416,InnoDB,FIL_SHARD,52,0,36
1787549604.415,2026-08-24 05:33:24.416,InnoDB,FIL_SHARD,7,0,13
1787549604.415,2026-08-24 05:33:24.416,InnoDB,FIL_SHARD,7,0,14
1787549604.415,2026-08-24 05:33:24.416,InnoDB,FIL_SHARD,17,0,30
1787549604.415,2026-08-24 05:33:24.416,InnoDB,FIL_SHARD,8,0,15
1787549604.415,2026-08-24 05:33:24.416,InnoDB,FIL_SHARD,6,0,11
1787549604.415,2026-08-24 05:33:24.416,InnoDB,FIL_SHARD,39,0,49
1787549604.415,2026-08-24 05:33:24.416,InnoDB,FIL_SHARD,4,0,7
1787549604.415,2026-08-24 05:33:24.416,InnoDB,FIL_SHARD,21,0,29
1787549604.415,2026-08-24 05:33:24.416,InnoDB,FIL_SHARD,22,0,30
1787549604.415,2026-08-24 05:33:24.416,InnoDB,FIL_SHARD,33,0,56
1787549604.415,2026-08-24 05:33:24.416,InnoDB,FIL_SHARD,40,0,53
1787549604.415,2026-08-24 05:33:24.416,InnoDB,FIL_SHARD,31,0,50
1787549604.415,2026-08-24 05:33:24.416,InnoDB,FIL_SHARD,30,0,47
1787549604.415,2026-08-24 05:33:24.416,InnoDB,FIL_SHARD,17,0,29
1787549604.415,2026-08-24 05:33:24.416,InnoDB,FIL_SHARD,42,0,32
1787549604.415,2026-08-24 05:33:24.416,InnoDB,FIL_SHARD,5,0,9
1787549604.415,2026-08-24 05:33:24.416,InnoDB,FIL_SHARD,15,0,18
1787549604.415,2026-08-24 05:33:24.416,InnoDB,FIL_SHARD,8,0,23
1787549604.415,2026-08-24 05:33:24.416,InnoDB,FIL_SHARD,9,0,23
1787549604.415,2026-08-24 05:33:24.416,InnoDB,FIL_SHARD,8,0,12
1787549604.415,2026-08-24 05:33:24.416,InnoDB,FIL_SHARD,4,0,17
1787549604.415,2026-08-24 05:33:24.416,InnoDB,FIL_SHARD,31,0,24
1787549604.415,2026-08-24 05:33:24.416,InnoDB,FIL_SHARD,8,0,18
1787549604.415,2026-08-24 05:33:24.416,InnoDB,FIL_SHARD,9,0,18
1787549604.415,2026-08-24 05:33:24.416,InnoDB,FIL_SHARD,10,0,14
1787549604.415,2026-08-24 05:33:24.416,InnoDB,FIL_SHARD,19,0,27
1787549604.415,2026-08-24 05:33:24.416,InnoDB,FIL_SHARD,6,0,13
1787549604.415,2026-08-24 05:33:24.416,InnoDB,AUTOINC,1,0,1
1787549604.415,2026-08-24 05:33:24.416,InnoDB,TRX_SYS_SHARD,1,0,1
1787549604.415,2026-08-24 05:33:24.416,InnoDB,TRX_SYS_SHARD,2,0,2
1787549604.415,2026-08-24 05:33:24.416,InnoDB,TRX_SYS_SHARD,1,0,1
1787549604.415,2026-08-24 05:33:24.416,InnoDB,TRX_SYS_SHARD,1,0,1
1787549604.415,2026-08-24 05:33:24.416,InnoDB,TRX_SYS_SHARD,1,0,1
1787549604.415,2026-08-24 05:33:24.416,InnoDB,TRX_SYS_SHARD,5,0,3
1787549604.415,2026-08-24 05:33:24.416,InnoDB,TRX_SYS_SHARD,8,0,1
1787549604.415,2026-08-24 05:33:24.416,InnoDB,TRX_SYS_SHARD,1,0,1
1787549604.415,2026-08-24 05:33:24.416,InnoDB,TRX_SYS_SHARD,2,0,2
1787549604.415,2026-08-24 05:33:24.416,InnoDB,TRX_SYS_SHARD,6,0,1
1787549604.415,2026-08-24 05:33:24.416,InnoDB,TRX_SYS_SHARD,1,0,1
1787549604.415,2026-08-24 05:33:24.416,InnoDB,TRX_SYS_SHARD,1,0,1
1787549604.415,2026-08-24 05:33:24.416,InnoDB,TRX_SYS_SHARD,2,0,1
1787549604.415,2026-08-24 05:33:24.416,InnoDB,TRX_SYS_SHARD,1,0,1
1787549604.415,2026-08-24 05:33:24.416,InnoDB,TRX_SYS_SHARD,2,0,2
1787549604.415,2026-08-24 05:33:24.416,InnoDB,TRX_SYS_SHARD,3,0,2
1787549604.415,2026-08-24 05:33:24.416,InnoDB,TRX_SYS_SHARD,1,0,1
1787549604.415,2026-08-24 05:33:24.416,InnoDB,TRX_SYS_SHARD,1,0,1
1787549604.415,2026-08-24 05:33:24.416,InnoDB,TRX_SYS_SHARD,1,0,1
1787549604.415,2026-08-24 05:33:24.416,InnoDB,TRX_SYS_SHARD,2,0,2
1787549604.415,2026-08-24 05:33:24.416,InnoDB,TRX_SYS_SHARD,1,0,1
1787549604.415,2026-08-24 05:33:24.416,InnoDB,TRX_SYS_SHARD,1,0,1
1787549604.415,2026-08-24 05:33:24.416,InnoDB,TRX_SYS_SHARD,1,0,1
1787549604.415,2026-08-24 05:33:24.416,InnoDB,TRX_SYS_SHARD,2,0,2
1787549604.415,2026-08-24 05:33:24.416,InnoDB,TRX_SYS_SHARD,2,0,1
1787549604.415,2026-08-24 05:33:24.416,InnoDB,FIL_SHARD,72,0,107
1787549604.415,2026-08-24 05:33:24.416,InnoDB,TRX,1,0,1
1787549604.415,2026-08-24 05:33:24.416,InnoDB,TRX,1,0,1
1787549604.415,2026-08-24 05:33:24.416,InnoDB,TRX,1,0,1
1787549604.415,2026-08-24 05:33:24.416,InnoDB,TRX_POOL_MANAGER,5,0,5
1787549604.415,2026-08-24 05:33:24.416,InnoDB,FIL_SHARD,54,0,77
1787549604.415,2026-08-24 05:33:24.416,InnoDB,FIL_SHARD,56,0,62
1787549604.415,2026-08-24 05:33:24.416,InnoDB,rwlock: dict0dict.cc:2631,,10518,
1787549604.415,2026-08-24 05:33:24.416,InnoDB,rwlock: dict0dict.cc:2631,,10702,
1787549604.415,2026-08-24 05:33:24.416,InnoDB,rwlock: dict0dict.cc:2631,,11054,
1787549604.415,2026-08-24 05:33:24.416,InnoDB,rwlock: dict0dict.cc:2631,,10841,
1787549604.415,2026-08-24 05:33:24.416,InnoDB,rwlock: dict0dict.cc:2631,,11121,
1787549604.415,2026-08-24 05:33:24.416,InnoDB,rwlock: dict0dict.cc:2631,,10721,
1787549604.415,2026-08-24 05:33:24.416,InnoDB,rwlock: dict0dict.cc:2631,,10765,
1787549604.415,2026-08-24 05:33:24.416,InnoDB,rwlock: dict0dict.cc:2631,,10901,
1787549604.415,2026-08-24 05:33:24.416,InnoDB,rwlock: dict0dict.cc:2631,,10918,
1787549604.415,2026-08-24 05:33:24.416,InnoDB,rwlock: dict0dict.cc:2631,,11119,
1787549604.415,2026-08-24 05:33:24.416,InnoDB,rwlock: dict0dict.cc:2631,,10455,
1787549604.415,2026-08-24 05:33:24.416,InnoDB,rwlock: dict0dict.cc:2631,,10423,
1787549604.415,2026-08-24 05:33:24.416,InnoDB,rwlock: dict0dict.cc:2631,,10630,
1787549604.415,2026-08-24 05:33:24.416,InnoDB,rwlock: dict0dict.cc:2631,,10782,
1787549604.415,2026-08-24 05:33:24.416,InnoDB,rwlock: dict0dict.cc:2631,,10735,
1787549604.415,2026-08-24 05:33:24.416,InnoDB,rwlock: dict0dict.cc:2631,,10232,
1787549604.415,2026-08-24 05:33:24.416,InnoDB,rwlock: dict0dict.cc:2631,,10777,
1787549604.415,2026-08-24 05:33:24.416,InnoDB,rwlock: dict0dict.cc:2631,,10152,
1787549604.415,2026-08-24 05:33:24.416,InnoDB,rwlock: dict0dict.cc:2631,,10099,
1787549604.415,2026-08-24 05:33:24.416,InnoDB,rwlock: dict0dict.cc:2631,,11144,
1787549604.415,2026-08-24 05:33:24.416,InnoDB,rwlock: dict0dict.cc:2631,,1,
1787549604.415,2026-08-24 05:33:24.416,InnoDB,rwlock: dict0dict.cc:2631,,1,
1787549604.415,2026-08-24 05:33:24.416,InnoDB,rwlock: dict0dict.cc:2631,,1,
1787549604.415,2026-08-24 05:33:24.416,InnoDB,rwlock: dict0dict.cc:2631,,1,
1787549604.415,2026-08-24 05:33:24.416,InnoDB,rwlock: dict0dict.cc:2631,,1,
1787549604.415,2026-08-24 05:33:24.416,InnoDB,rwlock: fil0fil.cc:10242,,1,
1787549604.415,2026-08-24 05:33:24.416,InnoDB,rwlock: fil0fil.cc:10242,,1,
1787549604.415,2026-08-24 05:33:24.416,InnoDB,rwlock: dict0dict.cc:2631,,2,
1787549604.415,2026-08-24 05:33:24.416,InnoDB,rwlock: dict0dict.cc:2631,,1,
1787549604.415,2026-08-24 05:33:24.416,InnoDB,rwlock: dict0dict.cc:2631,,2,
1787549604.415,2026-08-24 05:33:24.416,InnoDB,rwlock: fil0fil.cc:10242,,1,
1787549604.415,2026-08-24 05:33:24.416,InnoDB,rwlock: dict0dict.cc:2631,,1,
1787549604.415,2026-08-24 05:33:24.416,InnoDB,rwlock: dict0dict.cc:2631,,1,
1787549604.415,2026-08-24 05:33:24.416,InnoDB,rwlock: dict0dict.cc:2631,,3,
1787549604.415,2026-08-24 05:33:24.416,InnoDB,rwlock: trx0purge.cc:232,,29,
1787549604.415,2026-08-24 05:33:24.416,InnoDB,rwlock: fil0fil.cc:10242,,5105,
1787549604.415,2026-08-24 05:33:24.416,InnoDB,rwlock: fil0fil.cc:10242,,4618,
1787549604.415,2026-08-24 05:33:24.416,InnoDB,rwlock: dict0dict.cc:1180,,25,
1787549604.415,2026-08-24 05:33:24.416,InnoDB,rwlock: hash0hash.cc:117,,705,
1787549604.415,2026-08-24 05:33:24.416,InnoDB,rwlock: hash0hash.cc:117,,1444,
1787549604.415,2026-08-24 05:33:24.416,InnoDB,rwlock: hash0hash.cc:117,,2532,
1787549604.415,2026-08-24 05:33:24.416,InnoDB,rwlock: hash0hash.cc:117,,580,
1787549604.415,2026-08-24 05:33:24.416,InnoDB,rwlock: hash0hash.cc:117,,714,
1787549604.415,2026-08-24 05:33:24.416,InnoDB,rwlock: hash0hash.cc:117,,835,
1787549604.415,2026-08-24 05:33:24.416,InnoDB,rwlock: hash0hash.cc:117,,1066,
1787549604.415,2026-08-24 05:33:24.416,InnoDB,rwlock: hash0hash.cc:117,,486,
1787549604.415,2026-08-24 05:33:24.416,InnoDB,rwlock: hash0hash.cc:117,,993,
1787549604.415,2026-08-24 05:33:24.416,InnoDB,rwlock: hash0hash.cc:117,,1998,
1787549604.415,2026-08-24 05:33:24.416,InnoDB,rwlock: hash0hash.cc:117,,742,
1787549604.415,2026-08-24 05:33:24.416,InnoDB,rwlock: hash0hash.cc:117,,2334,
1787549604.415,2026-08-24 05:33:24.416,InnoDB,rwlock: hash0hash.cc:117,,678,
1787549604.415,2026-08-24 05:33:24.416,InnoDB,rwlock: hash0hash.cc:117,,1123,
1787549604.415,2026-08-24 05:33:24.416,InnoDB,rwlock: hash0hash.cc:117,,1051,
1787549604.415,2026-08-24 05:33:24.416,InnoDB,rwlock: hash0hash.cc:117,,1228,
1787549604.415,2026-08-24 05:33:24.416,InnoDB,rwlock: hash0hash.cc:117,,833,
1787549604.415,2026-08-24 05:33:24.416,InnoDB,rwlock: hash0hash.cc:117,,505,
1787549604.415,2026-08-24 05:33:24.416,InnoDB,rwlock: hash0hash.cc:117,,630,
1787549604.415,2026-08-24 05:33:24.416,InnoDB,rwlock: hash0hash.cc:117,,1073,
1787549604.415,2026-08-24 05:33:24.416,InnoDB,rwlock: hash0hash.cc:117,,510,
1787549604.415,2026-08-24 05:33:24.416,InnoDB,rwlock: hash0hash.cc:117,,662,
1787549604.415,2026-08-24 05:33:24.416,InnoDB,rwlock: hash0hash.cc:117,,839,
1787549604.415,2026-08-24 05:33:24.416,InnoDB,rwlock: hash0hash.cc:117,,482,
1787549604.415,2026-08-24 05:33:24.416,InnoDB,rwlock: hash0hash.cc:117,,537,
1787549604.415,2026-08-24 05:33:24.416,InnoDB,rwlock: hash0hash.cc:117,,991,
1787549604.415,2026-08-24 05:33:24.416,InnoDB,rwlock: hash0hash.cc:117,,589,
1787549604.415,2026-08-24 05:33:24.416,InnoDB,rwlock: hash0hash.cc:117,,962,
1787549604.415,2026-08-24 05:33:24.416,InnoDB,rwlock: hash0hash.cc:117,,872,
1787549604.415,2026-08-24 05:33:24.416,InnoDB,rwlock: hash0hash.cc:117,,534,
1787549604.415,2026-08-24 05:33:24.416,InnoDB,rwlock: hash0hash.cc:117,,1148,
1787549604.415,2026-08-24 05:33:24.416,InnoDB,rwlock: hash0hash.cc:117,,556,
1787549604.415,2026-08-24 05:33:24.416,InnoDB,rwlock: hash0hash.cc:117,,568,
1787549604.415,2026-08-24 05:33:24.416,InnoDB,rwlock: hash0hash.cc:117,,500,
1787549604.415,2026-08-24 05:33:24.416,InnoDB,rwlock: hash0hash.cc:117,,2172,
1787549604.415,2026-08-24 05:33:24.416,InnoDB,rwlock: hash0hash.cc:117,,731,
1787549604.415,2026-08-24 05:33:24.416,InnoDB,rwlock: hash0hash.cc:117,,687,
1787549604.415,2026-08-24 05:33:24.416,InnoDB,rwlock: hash0hash.cc:117,,1298,
1787549604.415,2026-08-24 05:33:24.416,InnoDB,rwlock: hash0hash.cc:117,,2097,
1787549604.415,2026-08-24 05:33:24.416,InnoDB,rwlock: hash0hash.cc:117,,1138,
1787549604.415,2026-08-24 05:33:24.416,InnoDB,rwlock: hash0hash.cc:117,,650,
1787549604.415,2026-08-24 05:33:24.416,InnoDB,rwlock: hash0hash.cc:117,,1039,
1787549604.415,2026-08-24 05:33:24.416,InnoDB,rwlock: hash0hash.cc:117,,716,
1787549604.415,2026-08-24 05:33:24.416,InnoDB,rwlock: hash0hash.cc:117,,747,
1787549604.415,2026-08-24 05:33:24.416,InnoDB,rwlock: hash0hash.cc:117,,1339,
1787549604.415,2026-08-24 05:33:24.416,InnoDB,rwlock: hash0hash.cc:117,,1805,
1787549604.415,2026-08-24 05:33:24.416,InnoDB,rwlock: hash0hash.cc:117,,1329,
1787549604.415,2026-08-24 05:33:24.416,InnoDB,rwlock: hash0hash.cc:117,,597,
1787549604.415,2026-08-24 05:33:24.416,InnoDB,rwlock: hash0hash.cc:117,,798,
1787549604.415,2026-08-24 05:33:24.416,InnoDB,rwlock: hash0hash.cc:117,,830,
1787549604.415,2026-08-24 05:33:24.416,InnoDB,rwlock: hash0hash.cc:117,,699,
1787549604.415,2026-08-24 05:33:24.416,InnoDB,rwlock: hash0hash.cc:117,,830,
1787549604.415,2026-08-24 05:33:24.416,InnoDB,rwlock: hash0hash.cc:117,,752,
1787549604.415,2026-08-24 05:33:24.416,InnoDB,rwlock: hash0hash.cc:117,,744,
1787549604.415,2026-08-24 05:33:24.416,InnoDB,rwlock: hash0hash.cc:117,,647,
1787549604.415,2026-08-24 05:33:24.416,InnoDB,rwlock: hash0hash.cc:117,,692,
1787549604.415,2026-08-24 05:33:24.416,InnoDB,rwlock: hash0hash.cc:117,,391,
1787549604.415,2026-08-24 05:33:24.416,InnoDB,rwlock: hash0hash.cc:117,,688,
1787549604.415,2026-08-24 05:33:24.416,InnoDB,rwlock: hash0hash.cc:117,,1029,
1787549604.415,2026-08-24 05:33:24.416,InnoDB,rwlock: hash0hash.cc:117,,758,
1787549604.415,2026-08-24 05:33:24.416,InnoDB,rwlock: hash0hash.cc:117,,673,
1787549604.415,2026-08-24 05:33:24.416,InnoDB,rwlock: hash0hash.cc:117,,686,
1787549604.415,2026-08-24 05:33:24.416,InnoDB,rwlock: hash0hash.cc:117,,776,
1787549604.415,2026-08-24 05:33:24.416,InnoDB,rwlock: hash0hash.cc:117,,840,
1787549604.415,2026-08-24 05:33:24.416,InnoDB,rwlock: hash0hash.cc:117,,2581,
1787549604.415,2026-08-24 05:33:24.416,InnoDB,rwlock: hash0hash.cc:117,,2970,
1787549604.415,2026-08-24 05:33:24.416,InnoDB,rwlock: hash0hash.cc:117,,2634,
1787549604.415,2026-08-24 05:33:24.416,InnoDB,rwlock: hash0hash.cc:117,,858,
1787549604.415,2026-08-24 05:33:24.416,InnoDB,rwlock: hash0hash.cc:117,,1379,
1787549604.415,2026-08-24 05:33:24.416,InnoDB,rwlock: hash0hash.cc:117,,1091,
1787549604.415,2026-08-24 05:33:24.416,InnoDB,rwlock: hash0hash.cc:117,,1198,
1787549604.415,2026-08-24 05:33:24.416,InnoDB,rwlock: hash0hash.cc:117,,1010,
1787549604.415,2026-08-24 05:33:24.416,InnoDB,rwlock: hash0hash.cc:117,,3393,
1787549604.415,2026-08-24 05:33:24.416,InnoDB,rwlock: hash0hash.cc:117,,3090,
1787549604.415,2026-08-24 05:33:24.416,InnoDB,rwlock: hash0hash.cc:117,,1291,
1787549604.415,2026-08-24 05:33:24.416,InnoDB,rwlock: hash0hash.cc:117,,2621,
1787549604.415,2026-08-24 05:33:24.416,InnoDB,rwlock: hash0hash.cc:117,,1431,
1787549604.415,2026-08-24 05:33:24.416,InnoDB,rwlock: hash0hash.cc:117,,1036,
1787549604.415,2026-08-24 05:33:24.416,InnoDB,rwlock: hash0hash.cc:117,,1161,
1787549604.415,2026-08-24 05:33:24.416,InnoDB,rwlock: hash0hash.cc:117,,2877,
1787549604.415,2026-08-24 05:33:24.416,InnoDB,rwlock: hash0hash.cc:117,,2316,
1787549604.415,2026-08-24 05:33:24.416,InnoDB,rwlock: hash0hash.cc:117,,1172,
1787549604.415,2026-08-24 05:33:24.416,InnoDB,rwlock: hash0hash.cc:117,,2431,
1787549604.415,2026-08-24 05:33:24.416,InnoDB,rwlock: hash0hash.cc:117,,1232,
1787549604.415,2026-08-24 05:33:24.416,InnoDB,rwlock: hash0hash.cc:117,,1070,
1787549604.415,2026-08-24 05:33:24.416,InnoDB,rwlock: hash0hash.cc:117,,1568,
1787549604.415,2026-08-24 05:33:24.416,InnoDB,rwlock: hash0hash.cc:117,,2395,
1787549604.415,2026-08-24 05:33:24.416,InnoDB,rwlock: hash0hash.cc:117,,2001,
1787549604.415,2026-08-24 05:33:24.416,InnoDB,rwlock: hash0hash.cc:117,,852,
1787549604.415,2026-08-24 05:33:24.416,InnoDB,rwlock: hash0hash.cc:117,,1136,
1787549604.415,2026-08-24 05:33:24.416,InnoDB,rwlock: hash0hash.cc:117,,1202,
1787549604.415,2026-08-24 05:33:24.416,InnoDB,rwlock: hash0hash.cc:117,,3220,
1787549604.415,2026-08-24 05:33:24.416,InnoDB,rwlock: hash0hash.cc:117,,2576,
1787549604.415,2026-08-24 05:33:24.416,InnoDB,rwlock: hash0hash.cc:117,,1939,
1787549604.415,2026-08-24 05:33:24.416,InnoDB,rwlock: hash0hash.cc:117,,948,
1787549604.415,2026-08-24 05:33:24.416,InnoDB,rwlock: hash0hash.cc:117,,1003,
1787549604.415,2026-08-24 05:33:24.416,InnoDB,sum rwlock: buf0buf.cc:852,,445169,
1787549611.600,2026-08-24 05:33:31.601,InnoDB,SRV_SYS,11646370,299488,1158364
1787549611.600,2026-08-24 05:33:31.601,InnoDB,TRX_SYS,22106049,276516,10038821
1787549611.600,2026-08-24 05:33:31.601,InnoDB,LOG_WRITER,3795476,126422,1785
1787549611.600,2026-08-24 05:33:31.601,InnoDB,BUF_POOL_LRU_LIST,6458785,98103,2547043
1787549611.600,2026-08-24 05:33:31.601,InnoDB,BUF_POOL_LRU_LIST,6067607,97833,2293044
1787549611.600,2026-08-24 05:33:31.601,InnoDB,BUF_POOL_LRU_LIST,6186329,91165,2498982
1787549611.600,2026-08-24 05:33:31.601,InnoDB,BUF_POOL_LRU_LIST,6165644,88000,2593572
1787549611.600,2026-08-24 05:33:31.601,InnoDB,BUF_POOL_LRU_LIST,5809602,85503,2445406
1787549611.600,2026-08-24 05:33:31.601,InnoDB,BUF_POOL_LRU_LIST,5955008,84784,2554994
1787549611.600,2026-08-24 05:33:31.601,InnoDB,DICT_SYS,31749196,34533,21738200
1787549611.600,2026-08-24 05:33:31.601,InnoDB,FLUSH_LIST,1079026,29961,151464
1787549611.600,2026-08-24 05:33:31.601,InnoDB,FLUSH_LIST,918439,24794,142607
1787549611.600,2026-08-24 05:33:31.601,InnoDB,BUF_POOL_FLUSH_STATE,1479429,21105,486835
1787549611.600,2026-08-24 05:33:31.601,InnoDB,FLUSH_LIST,781187,20372,133800
1787549611.600,2026-08-24 05:33:31.601,InnoDB,BUF_POOL_FLUSH_STATE,1428152,20135,465976
1787549611.600,2026-08-24 05:33:31.601,InnoDB,FLUSH_LIST,769874,19966,133467
1787549611.600,2026-08-24 05:33:31.601,InnoDB,BUF_POOL_FLUSH_STATE,1386013,19955,450451
1787549611.600,2026-08-24 05:33:31.601,InnoDB,BUF_POOL_FLUSH_STATE,1426634,19906,463353
1787549611.600,2026-08-24 05:33:31.601,InnoDB,BUF_POOL_FLUSH_STATE,1418675,19882,457302
1787549611.600,2026-08-24 05:33:31.601,InnoDB,BUF_POOL_FLUSH_STATE,1405656,19534,459902
1787549611.600,2026-08-24 05:33:31.601,InnoDB,FLUSH_LIST,697558,17462,134927
1787549611.600,2026-08-24 05:33:31.601,InnoDB,FLUSH_LIST,668254,16478,136880
1787549611.600,2026-08-24 05:33:31.601,InnoDB,PURGE_SYS_PQ,1948434,13925,1253594
1787549611.600,2026-08-24 05:33:31.601,InnoDB,TRX_SYS_SERIALISATION,1328077,11998,798370
1787549611.600,2026-08-24 05:33:31.601,InnoDB,FIL_SHARD,156836,2818,40598
1787549611.600,2026-08-24 05:33:31.601,InnoDB,FIL_SHARD,168153,2778,44824
1787549611.600,2026-08-24 05:33:31.601,InnoDB,FIL_SHARD,148737,2689,39617
1787549611.600,2026-08-24 05:33:31.601,InnoDB,FIL_SHARD,148998,2638,40279
1787549611.600,2026-08-24 05:33:31.601,InnoDB,FIL_SHARD,138258,2518,37888
1787549611.600,2026-08-24 05:33:31.601,InnoDB,FIL_SHARD,142113,2490,40695
1787549611.600,2026-08-24 05:33:31.601,InnoDB,FIL_SHARD,136673,2428,37731
1787549611.600,2026-08-24 05:33:31.601,InnoDB,TRX,723329,2421,1083148
1787549611.600,2026-08-24 05:33:31.601,InnoDB,FIL_SHARD,135726,2416,38538
1787549611.600,2026-08-24 05:33:31.601,InnoDB,FIL_SHARD,135845,2406,38762
1787549611.600,2026-08-24 05:33:31.601,InnoDB,FIL_SHARD,133168,2380,38357
1787549611.600,2026-08-24 05:33:31.601,InnoDB,FIL_SHARD,132096,2341,37444
1787549611.600,2026-08-24 05:33:31.601,InnoDB,FIL_SHARD,129259,2298,37891
1787549611.600,2026-08-24 05:33:31.601,InnoDB,FIL_SHARD,128689,2269,36847
1787549611.600,2026-08-24 05:33:31.601,InnoDB,FIL_SHARD,125740,2258,35889
1787549611.600,2026-08-24 05:33:31.601,InnoDB,FIL_SHARD,129570,2250,37152
1787549611.600,2026-08-24 05:33:31.601,InnoDB,FIL_SHARD,123884,2160,35845
1787549611.600,2026-08-24 05:33:31.601,InnoDB,FIL_SHARD,124699,2159,37908
1787549611.600,2026-08-24 05:33:31.601,InnoDB,FIL_SHARD,124424,2155,37096
1787549611.600,2026-08-24 05:33:31.601,InnoDB,FIL_SHARD,114356,1989,34364
1787549611.600,2026-08-24 05:33:31.601,InnoDB,FIL_SHARD,109705,1970,32237
1787549611.600,2026-08-24 05:33:31.601,InnoDB,LOCK_SYS_TABLE,87935,1241,39980
1787549611.600,2026-08-24 05:33:31.601,InnoDB,LOG_FILES,42123,1198,1472
1787549611.600,2026-08-24 05:33:31.601,InnoDB,LOCK_SYS_TABLE,85915,1198,40110
1787549611.600,2026-08-24 05:33:31.601,InnoDB,LOCK_SYS_TABLE,84527,1166,39131
1787549611.600,2026-08-24 05:33:31.601,InnoDB,LOCK_SYS_TABLE,85175,1164,39180
1787549611.600,2026-08-24 05:33:31.601,InnoDB,LOCK_SYS_TABLE,83887,1154,40324
1787549611.600,2026-08-24 05:33:31.601,InnoDB,LOCK_SYS_TABLE,86939,1146,41253
1787549611.600,2026-08-24 05:33:31.601,InnoDB,LOCK_SYS_TABLE,84256,1145,40390
1787549611.600,2026-08-24 05:33:31.601,InnoDB,LOCK_SYS_TABLE,83592,1125,41648
1787549611.600,2026-08-24 05:33:31.601,InnoDB,LOCK_SYS_TABLE,81991,1123,40162
1787549611.600,2026-08-24 05:33:31.601,InnoDB,LOCK_SYS_TABLE,85468,1120,40744
1787549611.600,2026-08-24 05:33:31.601,InnoDB,LOCK_SYS_TABLE,81962,1110,41005
1787549611.600,2026-08-24 05:33:31.601,InnoDB,LOCK_SYS_TABLE,85590,1104,42567
1787549611.600,2026-08-24 05:33:31.601,InnoDB,LOCK_SYS_TABLE,84686,1102,42525
1787549611.600,2026-08-24 05:33:31.601,InnoDB,BUF_BLOCK_MUTEX,36684,1100,2088
1787549611.600,2026-08-24 05:33:31.601,InnoDB,LOCK_SYS_TABLE,84423,1087,41244
1787549611.600,2026-08-24 05:33:31.601,InnoDB,LOCK_SYS_TABLE,80287,1054,40026
1787549611.600,2026-08-24 05:33:31.601,InnoDB,LOCK_SYS_TABLE,83530,1054,42799
1787549611.600,2026-08-24 05:33:31.601,InnoDB,LOCK_SYS_TABLE,82261,1052,39833
1787549611.600,2026-08-24 05:33:31.601,InnoDB,LOG_FLUSHER,41623,1033,1774
1787549611.600,2026-08-24 05:33:31.601,InnoDB,LOCK_SYS_TABLE,82872,1030,42032
1787549611.600,2026-08-24 05:33:31.601,InnoDB,LOCK_SYS_TABLE,76206,925,38763
1787549611.600,2026-08-24 05:33:31.601,InnoDB,LOCK_SYS_TABLE,75261,897,38213
1787549611.600,2026-08-24 05:33:31.601,InnoDB,SRV_SYS_TASKS,480888,851,456285
1787549611.600,2026-08-24 05:33:31.601,InnoDB,PAGE_CLEANER,326635,501,212059
1787549611.600,2026-08-24 05:33:31.601,InnoDB,FIL_SHARD,29746,342,26784
1787549611.600,2026-08-24 05:33:31.601,InnoDB,FIL_SHARD,27693,265,26744
1787549611.600,2026-08-24 05:33:31.601,InnoDB,DICT_PERSIST_DIRTY_TABLES,608988,233,248069
1787549611.600,2026-08-24 05:33:31.601,InnoDB,IBUF_BITMAP,17401,162,9949
1787549611.600,2026-08-24 05:33:31.601,InnoDB,BUF_POOL_FREE_LIST,47025,90,42369
1787549611.600,2026-08-24 05:33:31.601,InnoDB,BUF_POOL_FREE_LIST,34385,72,32830
1787549611.600,2026-08-24 05:33:31.601,InnoDB,BUF_POOL_FREE_LIST,48354,67,43744
1787549611.600,2026-08-24 05:33:31.601,InnoDB,BUF_POOL_FREE_LIST,39352,56,36973
1787549611.600,2026-08-24 05:33:31.601,InnoDB,BUF_POOL_FREE_LIST,35885,56,35594
1787549611.600,2026-08-24 05:33:31.601,InnoDB,BUF_POOL_FREE_LIST,34016,53,32971
1787549611.600,2026-08-24 05:33:31.601,InnoDB,UNDO_SPACE_RSEG,4203,43,1421
1787549611.600,2026-08-24 05:33:31.601,InnoDB,UNDO_SPACE_RSEG,4301,40,1473
1787549611.600,2026-08-24 05:33:31.601,InnoDB,UNDO_SPACE_RSEG,4079,40,1397
1787549611.600,2026-08-24 05:33:31.601,InnoDB,UNDO_SPACE_RSEG,3974,39,1418
1787549611.600,2026-08-24 05:33:31.601,InnoDB,UNDO_SPACE_RSEG,4145,39,1450
1787549611.600,2026-08-24 05:33:31.601,InnoDB,UNDO_SPACE_RSEG,4020,39,1362
1787549611.600,2026-08-24 05:33:31.601,InnoDB,UNDO_SPACE_RSEG,4047,38,1418
1787549611.600,2026-08-24 05:33:31.601,InnoDB,UNDO_SPACE_RSEG,3935,38,1417
1787549611.600,2026-08-24 05:33:31.601,InnoDB,UNDO_SPACE_RSEG,4240,38,1482
1787549611.600,2026-08-24 05:33:31.601,InnoDB,UNDO_SPACE_RSEG,4029,38,1411
1787549611.600,2026-08-24 05:33:31.601,InnoDB,UNDO_SPACE_RSEG,4281,38,1484
1787549611.600,2026-08-24 05:33:31.601,InnoDB,UNDO_SPACE_RSEG,4007,37,1418
1787549611.600,2026-08-24 05:33:31.601,InnoDB,UNDO_SPACE_RSEG,3984,37,1421
1787549611.600,2026-08-24 05:33:31.601,InnoDB,UNDO_SPACE_RSEG,3922,37,1395
1787549611.600,2026-08-24 05:33:31.601,InnoDB,UNDO_SPACE_RSEG,3898,37,1405
1787549611.600,2026-08-24 05:33:31.601,InnoDB,UNDO_SPACE_RSEG,4062,37,1471
1787549611.600,2026-08-24 05:33:31.601,InnoDB,UNDO_SPACE_RSEG,4199,37,1498
1787549611.600,2026-08-24 05:33:31.601,InnoDB,UNDO_SPACE_RSEG,4227,37,1454
1787549611.600,2026-08-24 05:33:31.601,InnoDB,UNDO_SPACE_RSEG,3939,36,1392
1787549611.600,2026-08-24 05:33:31.601,InnoDB,UNDO_SPACE_RSEG,4057,36,1475
1787549611.600,2026-08-24 05:33:31.601,InnoDB,UNDO_SPACE_RSEG,3777,36,1395
1787549611.600,2026-08-24 05:33:31.601,InnoDB,UNDO_SPACE_RSEG,4010,36,1450
1787549611.600,2026-08-24 05:33:31.601,InnoDB,UNDO_SPACE_RSEG,3953,36,1442
1787549611.600,2026-08-24 05:33:31.601,InnoDB,UNDO_SPACE_RSEG,3993,36,1393
1787549611.600,2026-08-24 05:33:31.601,InnoDB,UNDO_SPACE_RSEG,4009,36,1375
1787549611.600,2026-08-24 05:33:31.601,InnoDB,UNDO_SPACE_RSEG,3871,35,1405
1787549611.600,2026-08-24 05:33:31.601,InnoDB,UNDO_SPACE_RSEG,4160,35,1511
1787549611.600,2026-08-24 05:33:31.601,InnoDB,UNDO_SPACE_RSEG,3978,35,1384
1787549611.600,2026-08-24 05:33:31.601,InnoDB,UNDO_SPACE_RSEG,4009,35,1439
1787549611.600,2026-08-24 05:33:31.601,InnoDB,UNDO_SPACE_RSEG,4064,35,1459
1787549611.600,2026-08-24 05:33:31.601,InnoDB,UNDO_SPACE_RSEG,3817,34,1394
1787549611.600,2026-08-24 05:33:31.601,InnoDB,UNDO_SPACE_RSEG,3963,34,1405
1787549611.600,2026-08-24 05:33:31.601,InnoDB,UNDO_SPACE_RSEG,4056,34,1441
1787549611.600,2026-08-24 05:33:31.601,InnoDB,UNDO_SPACE_RSEG,4012,34,1487
1787549611.600,2026-08-24 05:33:31.601,InnoDB,UNDO_SPACE_RSEG,3894,34,1412
1787549611.600,2026-08-24 05:33:31.601,InnoDB,UNDO_SPACE_RSEG,3697,33,1353
1787549611.600,2026-08-24 05:33:31.601,InnoDB,UNDO_SPACE_RSEG,3843,33,1459
1787549611.600,2026-08-24 05:33:31.601,InnoDB,UNDO_SPACE_RSEG,4065,33,1454
1787549611.600,2026-08-24 05:33:31.601,InnoDB,UNDO_SPACE_RSEG,3795,33,1404
1787549611.600,2026-08-24 05:33:31.601,InnoDB,UNDO_SPACE_RSEG,3918,33,1488
1787549611.600,2026-08-24 05:33:31.601,InnoDB,UNDO_SPACE_RSEG,4020,33,1477
1787549611.600,2026-08-24 05:33:31.601,InnoDB,UNDO_SPACE_RSEG,3885,33,1423
1787549611.600,2026-08-24 05:33:31.601,InnoDB,UNDO_SPACE_RSEG,3769,33,1340
1787549611.600,2026-08-24 05:33:31.601,InnoDB,UNDO_SPACE_RSEG,3810,33,1391
1787549611.600,2026-08-24 05:33:31.601,InnoDB,UNDO_SPACE_RSEG,3876,33,1436
1787549611.600,2026-08-24 05:33:31.601,InnoDB,UNDO_SPACE_RSEG,4174,33,1506
1787549611.600,2026-08-24 05:33:31.601,InnoDB,LOCK_SYS_PAGE,1831,33,541
1787549611.600,2026-08-24 05:33:31.601,InnoDB,UNDO_SPACE_RSEG,3962,33,1438
1787549611.600,2026-08-24 05:33:31.601,InnoDB,UNDO_SPACE_RSEG,4170,33,1493
1787549611.600,2026-08-24 05:33:31.601,InnoDB,UNDO_SPACE_RSEG,3755,33,1335
1787549611.600,2026-08-24 05:33:31.601,InnoDB,UNDO_SPACE_RSEG,3908,32,1472
1787549611.600,2026-08-24 05:33:31.601,InnoDB,UNDO_SPACE_RSEG,4139,32,1528
1787549611.600,2026-08-24 05:33:31.601,InnoDB,UNDO_SPACE_RSEG,3864,32,1391
1787549611.600,2026-08-24 05:33:31.601,InnoDB,UNDO_SPACE_RSEG,3983,32,1471
1787549611.600,2026-08-24 05:33:31.601,InnoDB,UNDO_SPACE_RSEG,3770,32,1359
1787549611.600,2026-08-24 05:33:31.601,InnoDB,UNDO_SPACE_RSEG,4202,32,1499
1787549611.600,2026-08-24 05:33:31.601,InnoDB,UNDO_SPACE_RSEG,4007,32,1486
1787549611.600,2026-08-24 05:33:31.601,InnoDB,UNDO_SPACE_RSEG,3694,32,1397
1787549611.600,2026-08-24 05:33:31.601,InnoDB,UNDO_SPACE_RSEG,3881,32,1422
1787549611.600,2026-08-24 05:33:31.601,InnoDB,UNDO_SPACE_RSEG,3743,32,1360
1787549611.600,2026-08-24 05:33:31.601,InnoDB,UNDO_SPACE_RSEG,3806,31,1389
1787549611.600,2026-08-24 05:33:31.601,InnoDB,UNDO_SPACE_RSEG,3956,31,1437
1787549611.600,2026-08-24 05:33:31.601,InnoDB,UNDO_SPACE_RSEG,3773,31,1357
1787549611.600,2026-08-24 05:33:31.601,InnoDB,UNDO_SPACE_RSEG,3640,31,1370
1787549611.600,2026-08-24 05:33:31.601,InnoDB,UNDO_SPACE_RSEG,3805,31,1373
1787549611.600,2026-08-24 05:33:31.601,InnoDB,UNDO_SPACE_RSEG,3965,31,1480
1787549611.600,2026-08-24 05:33:31.601,InnoDB,UNDO_SPACE_RSEG,4094,31,1514
1787549611.600,2026-08-24 05:33:31.601,InnoDB,UNDO_SPACE_RSEG,3846,31,1371
1787549611.600,2026-08-24 05:33:31.601,InnoDB,UNDO_SPACE_RSEG,3611,31,1365
1787549611.600,2026-08-24 05:33:31.601,InnoDB,UNDO_SPACE_RSEG,3990,31,1453
1787549611.600,2026-08-24 05:33:31.601,InnoDB,UNDO_SPACE_RSEG,3862,31,1486
1787549611.600,2026-08-24 05:33:31.601,InnoDB,UNDO_SPACE_RSEG,3641,31,1406
1787549611.600,2026-08-24 05:33:31.601,InnoDB,UNDO_SPACE_RSEG,3797,31,1412
1787549611.600,2026-08-24 05:33:31.601,InnoDB,UNDO_SPACE_RSEG,3668,31,1420
1787549611.600,2026-08-24 05:33:31.601,InnoDB,UNDO_SPACE_RSEG,3809,31,1398
1787549611.600,2026-08-24 05:33:31.601,InnoDB,UNDO_SPACE_RSEG,3766,30,1433
1787549611.600,2026-08-24 05:33:31.601,InnoDB,UNDO_SPACE_RSEG,3814,30,1373
1787549611.600,2026-08-24 05:33:31.601,InnoDB,LOCK_SYS_PAGE,1651,30,543
1787549611.600,2026-08-24 05:33:31.601,InnoDB,UNDO_SPACE_RSEG,3649,30,1362
1787549611.600,2026-08-24 05:33:31.601,InnoDB,UNDO_SPACE_RSEG,3761,30,1431
1787549611.600,2026-08-24 05:33:31.601,InnoDB,UNDO_SPACE_RSEG,3713,30,1392
1787549611.600,2026-08-24 05:33:31.601,InnoDB,UNDO_SPACE_RSEG,3870,30,1416
1787549611.600,2026-08-24 05:33:31.601,InnoDB,UNDO_SPACE_RSEG,3838,30,1422
1787549611.600,2026-08-24 05:33:31.601,InnoDB,UNDO_SPACE_RSEG,3872,30,1436
1787549611.600,2026-08-24 05:33:31.601,InnoDB,UNDO_SPACE_RSEG,3790,30,1437
1787549611.600,2026-08-24 05:33:31.601,InnoDB,UNDO_SPACE_RSEG,3965,30,1451
1787549611.600,2026-08-24 05:33:31.601,InnoDB,UNDO_SPACE_RSEG,3608,30,1359
1787549611.600,2026-08-24 05:33:31.601,InnoDB,UNDO_SPACE_RSEG,3882,30,1480
1787549611.600,2026-08-24 05:33:31.601,InnoDB,UNDO_SPACE_RSEG,3784,30,1384
1787549611.600,2026-08-24 05:33:31.601,InnoDB,UNDO_SPACE_RSEG,3855,30,1402
1787549611.600,2026-08-24 05:33:31.601,InnoDB,UNDO_SPACE_RSEG,3843,30,1470
1787549611.600,2026-08-24 05:33:31.601,InnoDB,UNDO_SPACE_RSEG,3864,29,1459
1787549611.600,2026-08-24 05:33:31.601,InnoDB,UNDO_SPACE_RSEG,3824,29,1382
1787549611.600,2026-08-24 05:33:31.601,InnoDB,UNDO_SPACE_RSEG,3872,29,1420
1787549611.600,2026-08-24 05:33:31.601,InnoDB,UNDO_SPACE_RSEG,3921,29,1483
1787549611.600,2026-08-24 05:33:31.601,InnoDB,UNDO_SPACE_RSEG,3650,29,1396
1787549611.600,2026-08-24 05:33:31.601,InnoDB,UNDO_SPACE_RSEG,3643,29,1435
1787549611.600,2026-08-24 05:33:31.601,InnoDB,UNDO_SPACE_RSEG,4105,29,1481
1787549611.600,2026-08-24 05:33:31.601,InnoDB,UNDO_SPACE_RSEG,3813,29,1454
1787549611.600,2026-08-24 05:33:31.601,InnoDB,UNDO_SPACE_RSEG,3811,29,1440
1787549611.600,2026-08-24 05:33:31.601,InnoDB,UNDO_SPACE_RSEG,3773,29,1414
1787549611.600,2026-08-24 05:33:31.601,InnoDB,UNDO_SPACE_RSEG,3669,29,1408
1787549611.600,2026-08-24 05:33:31.601,InnoDB,UNDO_SPACE_RSEG,3620,29,1406
1787549611.600,2026-08-24 05:33:31.601,InnoDB,UNDO_SPACE_RSEG,3709,29,1436
1787549611.600,2026-08-24 05:33:31.601,InnoDB,UNDO_SPACE_RSEG,3638,29,1407
1787549611.600,2026-08-24 05:33:31.601,InnoDB,UNDO_SPACE_RSEG,3642,29,1373
1787549611.600,2026-08-24 05:33:31.601,InnoDB,UNDO_SPACE_RSEG,3699,29,1369
1787549611.600,2026-08-24 05:33:31.601,InnoDB,UNDO_SPACE_RSEG,3822,29,1401
1787549611.600,2026-08-24 05:33:31.601,InnoDB,UNDO_SPACE_RSEG,3882,29,1465
1787549611.600,2026-08-24 05:33:31.601,InnoDB,UNDO_SPACE_RSEG,3988,29,1479
1787549611.600,2026-08-24 05:33:31.601,InnoDB,UNDO_SPACE_RSEG,3794,29,1422
1787549611.600,2026-08-24 05:33:31.601,InnoDB,UNDO_SPACE_RSEG,3788,28,1458
1787549611.600,2026-08-24 05:33:31.601,InnoDB,UNDO_SPACE_RSEG,3839,28,1436
1787549611.600,2026-08-24 05:33:31.601,InnoDB,UNDO_SPACE_RSEG,3762,28,1469
1787549611.600,2026-08-24 05:33:31.601,InnoDB,UNDO_SPACE_RSEG,3833,28,1460
1787549611.600,2026-08-24 05:33:31.601,InnoDB,UNDO_SPACE_RSEG,3670,28,1383
1787549611.600,2026-08-24 05:33:31.601,InnoDB,UNDO_SPACE_RSEG,3691,28,1453
1787549611.600,2026-08-24 05:33:31.601,InnoDB,UNDO_SPACE_RSEG,3572,28,1338
1787549611.600,2026-08-24 05:33:31.601,InnoDB,UNDO_SPACE_RSEG,3768,28,1457
1787549611.600,2026-08-24 05:33:31.601,InnoDB,UNDO_SPACE_RSEG,3857,28,1451
1787549611.600,2026-08-24 05:33:31.601,InnoDB,UNDO_SPACE_RSEG,3511,28,1389
1787549611.600,2026-08-24 05:33:31.601,InnoDB,UNDO_SPACE_RSEG,3653,28,1431
1787549611.600,2026-08-24 05:33:31.601,InnoDB,UNDO_SPACE_RSEG,3706,28,1414
1787549611.600,2026-08-24 05:33:31.601,InnoDB,UNDO_SPACE_RSEG,3655,28,1400
1787549611.600,2026-08-24 05:33:31.601,InnoDB,UNDO_SPACE_RSEG,3765,28,1465
1787549611.600,2026-08-24 05:33:31.601,InnoDB,UNDO_SPACE_RSEG,3779,28,1402
1787549611.600,2026-08-24 05:33:31.601,InnoDB,UNDO_SPACE_RSEG,3871,28,1480
1787549611.600,2026-08-24 05:33:31.601,InnoDB,UNDO_SPACE_RSEG,3760,28,1496
1787549611.600,2026-08-24 05:33:31.601,InnoDB,UNDO_SPACE_RSEG,3779,28,1443
1787549611.600,2026-08-24 05:33:31.601,InnoDB,UNDO_SPACE_RSEG,3781,28,1427
1787549611.600,2026-08-24 05:33:31.601,InnoDB,UNDO_SPACE_RSEG,3743,28,1374
1787549611.600,2026-08-24 05:33:31.601,InnoDB,UNDO_SPACE_RSEG,3781,28,1398
1787549611.600,2026-08-24 05:33:31.601,InnoDB,UNDO_SPACE_RSEG,3911,28,1455
1787549611.600,2026-08-24 05:33:31.601,InnoDB,UNDO_SPACE_RSEG,3785,28,1437
1787549611.600,2026-08-24 05:33:31.601,InnoDB,UNDO_SPACE_RSEG,3917,28,1475
1787549611.600,2026-08-24 05:33:31.601,InnoDB,UNDO_SPACE_RSEG,3698,27,1438
1787549611.600,2026-08-24 05:33:31.601,InnoDB,UNDO_SPACE_RSEG,3813,27,1448
1787549611.600,2026-08-24 05:33:31.601,InnoDB,UNDO_SPACE_RSEG,3629,27,1401
1787549611.600,2026-08-24 05:33:31.601,InnoDB,UNDO_SPACE_RSEG,3475,27,1362
1787549611.600,2026-08-24 05:33:31.601,InnoDB,UNDO_SPACE_RSEG,3637,27,1361
1787549611.600,2026-08-24 05:33:31.601,InnoDB,LOCK_SYS_PAGE,1583,27,552
1787549611.600,2026-08-24 05:33:31.601,InnoDB,UNDO_SPACE_RSEG,3792,27,1456
1787549611.600,2026-08-24 05:33:31.601,InnoDB,UNDO_SPACE_RSEG,3763,27,1440
1787549611.600,2026-08-24 05:33:31.601,InnoDB,UNDO_SPACE_RSEG,3899,27,1474
1787549611.600,2026-08-24 05:33:31.601,InnoDB,UNDO_SPACE_RSEG,3720,27,1438
1787549611.600,2026-08-24 05:33:31.601,InnoDB,UNDO_SPACE_RSEG,3768,27,1461
1787549611.600,2026-08-24 05:33:31.601,InnoDB,UNDO_SPACE_RSEG,3719,26,1464
1787549611.600,2026-08-24 05:33:31.601,InnoDB,UNDO_SPACE_RSEG,3723,26,1437
1787549611.600,2026-08-24 05:33:31.601,InnoDB,UNDO_SPACE_RSEG,3828,26,1534
1787549611.600,2026-08-24 05:33:31.601,InnoDB,UNDO_SPACE_RSEG,3612,26,1373
1787549611.600,2026-08-24 05:33:31.601,InnoDB,UNDO_SPACE_RSEG,3623,26,1387
1787549611.600,2026-08-24 05:33:31.601,InnoDB,UNDO_SPACE_RSEG,3685,26,1388
1787549611.600,2026-08-24 05:33:31.601,InnoDB,UNDO_SPACE_RSEG,3804,26,1435
1787549611.600,2026-08-24 05:33:31.601,InnoDB,UNDO_SPACE_RSEG,3632,26,1365
1787549611.600,2026-08-24 05:33:31.601,InnoDB,UNDO_SPACE_RSEG,3290,26,1330
1787549611.600,2026-08-24 05:33:31.601,InnoDB,UNDO_SPACE_RSEG,3637,26,1418
1787549611.600,2026-08-24 05:33:31.601,InnoDB,UNDO_SPACE_RSEG,3778,26,1487
1787549611.600,2026-08-24 05:33:31.601,InnoDB,UNDO_SPACE_RSEG,3664,26,1451
1787549611.600,2026-08-24 05:33:31.601,InnoDB,UNDO_SPACE_RSEG,3826,26,1466
1787549611.600,2026-08-24 05:33:31.601,InnoDB,UNDO_SPACE_RSEG,3685,26,1445
1787549611.600,2026-08-24 05:33:31.601,InnoDB,UNDO_SPACE_RSEG,3649,26,1417
1787549611.600,2026-08-24 05:33:31.601,InnoDB,UNDO_SPACE_RSEG,3601,26,1379
1787549611.600,2026-08-24 05:33:31.601,InnoDB,LOCK_SYS_PAGE,1453,26,564
1787549611.600,2026-08-24 05:33:31.601,InnoDB,UNDO_SPACE_RSEG,3684,26,1451
1787549611.600,2026-08-24 05:33:31.601,InnoDB,LOCK_SYS_PAGE,1414,26,507
1787549611.600,2026-08-24 05:33:31.601,InnoDB,UNDO_SPACE_RSEG,3721,26,1444
1787549611.600,2026-08-24 05:33:31.601,InnoDB,LOCK_SYS_PAGE,1429,26,520
1787549611.600,2026-08-24 05:33:31.601,InnoDB,UNDO_SPACE_RSEG,3657,26,1395
1787549611.600,2026-08-24 05:33:31.601,InnoDB,UNDO_SPACE_RSEG,3724,26,1434
1787549611.600,2026-08-24 05:33:31.601,InnoDB,LOCK_SYS_PAGE,1434,26,477
1787549611.600,2026-08-24 05:33:31.601,InnoDB,UNDO_SPACE_RSEG,3719,26,1396
1787549611.600,2026-08-24 05:33:31.601,InnoDB,UNDO_SPACE_RSEG,3778,26,1497
1787549611.600,2026-08-24 05:33:31.601,InnoDB,UNDO_SPACE_RSEG,3651,26,1441
1787549611.600,2026-08-24 05:33:31.601,InnoDB,UNDO_SPACE_RSEG,3815,25,1430
1787549611.600,2026-08-24 05:33:31.601,InnoDB,UNDO_SPACE_RSEG,3554,25,1406
1787549611.600,2026-08-24 05:33:31.601,InnoDB,UNDO_SPACE_RSEG,3678,25,1397
1787549611.600,2026-08-24 05:33:31.601,InnoDB,UNDO_SPACE_RSEG,3755,25,1466
1787549611.600,2026-08-24 05:33:31.601,InnoDB,UNDO_SPACE_RSEG,3739,25,1407
1787549611.600,2026-08-24 05:33:31.601,InnoDB,UNDO_SPACE_RSEG,3800,25,1480
1787549611.600,2026-08-24 05:33:31.601,InnoDB,UNDO_SPACE_RSEG,3765,25,1470
1787549611.600,2026-08-24 05:33:31.601,InnoDB,UNDO_SPACE_RSEG,3702,25,1417
1787549611.600,2026-08-24 05:33:31.601,InnoDB,UNDO_SPACE_RSEG,3790,25,1456
1787549611.600,2026-08-24 05:33:31.601,InnoDB,UNDO_SPACE_RSEG,3758,25,1438
1787549611.600,2026-08-24 05:33:31.601,InnoDB,UNDO_SPACE_RSEG,3673,25,1383
1787549611.600,2026-08-24 05:33:31.601,InnoDB,UNDO_SPACE_RSEG,3492,25,1356
1787549611.600,2026-08-24 05:33:31.601,InnoDB,UNDO_SPACE_RSEG,3730,25,1433
1787549611.600,2026-08-24 05:33:31.601,InnoDB,UNDO_SPACE_RSEG,3741,25,1435
1787549611.600,2026-08-24 05:33:31.601,InnoDB,UNDO_SPACE_RSEG,4021,25,1518
1787549611.600,2026-08-24 05:33:31.601,InnoDB,UNDO_SPACE_RSEG,3857,25,1473
1787549611.600,2026-08-24 05:33:31.601,InnoDB,UNDO_SPACE_RSEG,3734,25,1482
1787549611.600,2026-08-24 05:33:31.601,InnoDB,UNDO_SPACE_RSEG,3741,25,1417
1787549611.600,2026-08-24 05:33:31.601,InnoDB,UNDO_SPACE_RSEG,3587,25,1436
1787549611.600,2026-08-24 05:33:31.601,InnoDB,UNDO_SPACE_RSEG,3791,24,1429
1787549611.600,2026-08-24 05:33:31.601,InnoDB,UNDO_SPACE_RSEG,3502,24,1378
1787549611.600,2026-08-24 05:33:31.601,InnoDB,LOCK_SYS_PAGE,1321,24,496
1787549611.600,2026-08-24 05:33:31.601,InnoDB,UNDO_SPACE_RSEG,3757,24,1384
1787549611.600,2026-08-24 05:33:31.601,InnoDB,UNDO_SPACE_RSEG,3695,24,1518
1787549611.600,2026-08-24 05:33:31.601,InnoDB,UNDO_SPACE_RSEG,3577,24,1354
1787549611.600,2026-08-24 05:33:31.601,InnoDB,UNDO_SPACE_RSEG,3701,24,1431
1787549611.600,2026-08-24 05:33:31.601,InnoDB,UNDO_SPACE_RSEG,3811,24,1493
1787549611.600,2026-08-24 05:33:31.601,InnoDB,UNDO_SPACE_RSEG,3668,24,1425
1787549611.600,2026-08-24 05:33:31.601,InnoDB,UNDO_SPACE_RSEG,3707,24,1447
1787549611.600,2026-08-24 05:33:31.601,InnoDB,UNDO_SPACE_RSEG,3726,24,1394
1787549611.600,2026-08-24 05:33:31.601,InnoDB,UNDO_SPACE_RSEG,3476,24,1365
1787549611.600,2026-08-24 05:33:31.601,InnoDB,UNDO_SPACE_RSEG,3550,24,1411
1787549611.600,2026-08-24 05:33:31.601,InnoDB,UNDO_SPACE_RSEG,3488,24,1379
1787549611.600,2026-08-24 05:33:31.601,InnoDB,UNDO_SPACE_RSEG,3499,24,1425
1787549611.600,2026-08-24 05:33:31.601,InnoDB,UNDO_SPACE_RSEG,3585,24,1396
1787549611.600,2026-08-24 05:33:31.601,InnoDB,UNDO_SPACE_RSEG,3680,24,1453
1787549611.600,2026-08-24 05:33:31.601,InnoDB,UNDO_SPACE_RSEG,3785,24,1451
1787549611.600,2026-08-24 05:33:31.601,InnoDB,UNDO_SPACE_RSEG,3527,24,1370
1787549611.600,2026-08-24 05:33:31.601,InnoDB,UNDO_SPACE_RSEG,3549,24,1368
1787549611.600,2026-08-24 05:33:31.601,InnoDB,UNDO_SPACE_RSEG,3736,23,1495
1787549611.600,2026-08-24 05:33:31.601,InnoDB,LOCK_SYS_PAGE,1327,23,567
1787549611.600,2026-08-24 05:33:31.601,InnoDB,LOCK_SYS_WAIT,728,23,25
1787549611.600,2026-08-24 05:33:31.601,InnoDB,LOCK_SYS_PAGE,1420,23,597
1787549611.600,2026-08-24 05:33:31.601,InnoDB,UNDO_SPACE_RSEG,3953,23,1483
1787549611.600,2026-08-24 05:33:31.601,InnoDB,UNDO_SPACE_RSEG,3439,23,1377
1787549611.600,2026-08-24 05:33:31.601,InnoDB,UNDO_SPACE_RSEG,3662,23,1446
1787549611.600,2026-08-24 05:33:31.601,InnoDB,UNDO_SPACE_RSEG,3568,23,1443
1787549611.600,2026-08-24 05:33:31.601,InnoDB,UNDO_SPACE_RSEG,3580,23,1480
1787549611.600,2026-08-24 05:33:31.601,InnoDB,LOCK_SYS_PAGE,1410,23,557
1787549611.600,2026-08-24 05:33:31.601,InnoDB,UNDO_SPACE_RSEG,3750,23,1431
1787549611.600,2026-08-24 05:33:31.601,InnoDB,UNDO_SPACE_RSEG,3682,23,1392
1787549611.600,2026-08-24 05:33:31.601,InnoDB,LOCK_SYS_PAGE,1445,23,561
1787549611.600,2026-08-24 05:33:31.601,InnoDB,UNDO_SPACE_RSEG,3739,22,1468
1787549611.600,2026-08-24 05:33:31.601,InnoDB,UNDO_SPACE_RSEG,3516,22,1425
1787549611.600,2026-08-24 05:33:31.601,InnoDB,LOCK_SYS_PAGE,1285,22,537
1787549611.600,2026-08-24 05:33:31.601,InnoDB,UNDO_SPACE_RSEG,3518,22,1429
1787549611.600,2026-08-24 05:33:31.601,InnoDB,UNDO_SPACE_RSEG,3516,22,1414
1787549611.600,2026-08-24 05:33:31.601,InnoDB,UNDO_SPACE_RSEG,3586,22,1489
1787549611.600,2026-08-24 05:33:31.601,InnoDB,LOCK_SYS_PAGE,1320,22,510
1787549611.600,2026-08-24 05:33:31.601,InnoDB,LOCK_SYS_PAGE,1331,22,530
1787549611.600,2026-08-24 05:33:31.601,InnoDB,LOCK_SYS_PAGE,1273,22,507
1787549611.600,2026-08-24 05:33:31.601,InnoDB,LOCK_SYS_PAGE,1442,22,543
1787549611.600,2026-08-24 05:33:31.601,InnoDB,UNDO_SPACE_RSEG,3631,22,1448
1787549611.600,2026-08-24 05:33:31.601,InnoDB,LOCK_SYS_PAGE,1279,22,533
1787549611.600,2026-08-24 05:33:31.601,InnoDB,LOCK_SYS_PAGE,1358,22,584
1787549611.600,2026-08-24 05:33:31.601,InnoDB,LOCK_SYS_PAGE,1186,21,478
1787549611.600,2026-08-24 05:33:31.601,InnoDB,UNDO_SPACE_RSEG,3546,21,1382
1787549611.600,2026-08-24 05:33:31.601,InnoDB,UNDO_SPACE_RSEG,3489,21,1374
1787549611.600,2026-08-24 05:33:31.601,InnoDB,UNDO_SPACE_RSEG,3649,21,1444
1787549611.600,2026-08-24 05:33:31.601,InnoDB,LOCK_SYS_PAGE,1273,21,518
1787549611.600,2026-08-24 05:33:31.601,InnoDB,LOCK_SYS_PAGE,1261,21,550
1787549611.600,2026-08-24 05:33:31.601,InnoDB,UNDO_SPACE_RSEG,3766,21,1511
1787549611.600,2026-08-24 05:33:31.601,InnoDB,LOCK_SYS_PAGE,1329,21,543
1787549611.600,2026-08-24 05:33:31.601,InnoDB,UNDO_SPACE_RSEG,3569,21,1406
1787549611.600,2026-08-24 05:33:31.601,InnoDB,LOCK_SYS_PAGE,1307,21,526
1787549611.600,2026-08-24 05:33:31.601,InnoDB,UNDO_SPACE_RSEG,3534,21,1423
1787549611.600,2026-08-24 05:33:31.601,InnoDB,LOCK_SYS_PAGE,1277,21,509
1787549611.600,2026-08-24 05:33:31.601,InnoDB,LOCK_SYS_PAGE,1369,21,460
1787549611.600,2026-08-24 05:33:31.601,InnoDB,LOCK_SYS_PAGE,1228,21,545
1787549611.600,2026-08-24 05:33:31.601,InnoDB,UNDO_SPACE_RSEG,3447,21,1398
1787549611.600,2026-08-24 05:33:31.601,InnoDB,UNDO_SPACE_RSEG,3763,21,1492
1787549611.600,2026-08-24 05:33:31.601,InnoDB,UNDO_SPACE_RSEG,3415,20,1329
1787549611.600,2026-08-24 05:33:31.601,InnoDB,LOCK_SYS_PAGE,1283,20,521
1787549611.600,2026-08-24 05:33:31.601,InnoDB,LOCK_SYS_PAGE,1371,20,553
1787549611.600,2026-08-24 05:33:31.601,InnoDB,LOCK_SYS_PAGE,1296,20,509
1787549611.600,2026-08-24 05:33:31.601,InnoDB,UNDO_SPACE_RSEG,3682,20,1443
1787549611.600,2026-08-24 05:33:31.601,InnoDB,LOCK_SYS_PAGE,1337,20,518
1787549611.600,2026-08-24 05:33:31.601,InnoDB,LOCK_SYS_PAGE,1224,20,508
1787549611.600,2026-08-24 05:33:31.601,InnoDB,LOCK_SYS_PAGE,1314,20,610
1787549611.600,2026-08-24 05:33:31.601,InnoDB,LOCK_SYS_PAGE,1351,20,539
1787549611.600,2026-08-24 05:33:31.601,InnoDB,UNDO_SPACE_RSEG,3508,20,1458
1787549611.600,2026-08-24 05:33:31.601,InnoDB,UNDO_SPACE_RSEG,3621,20,1432
1787549611.600,2026-08-24 05:33:31.601,InnoDB,LOCK_SYS_PAGE,1218,20,544
1787549611.600,2026-08-24 05:33:31.601,InnoDB,UNDO_SPACE_RSEG,3565,20,1462
1787549611.600,2026-08-24 05:33:31.601,InnoDB,LOCK_SYS_PAGE,1244,20,499
1787549611.600,2026-08-24 05:33:31.601,InnoDB,LOCK_SYS_PAGE,1269,20,551
1787549611.600,2026-08-24 05:33:31.601,InnoDB,UNDO_SPACE_RSEG,3573,20,1448
1787549611.600,2026-08-24 05:33:31.601,InnoDB,UNDO_SPACE_RSEG,3446,20,1466
1787549611.600,2026-08-24 05:33:31.601,InnoDB,LOCK_SYS_PAGE,1224,20,539
1787549611.600,2026-08-24 05:33:31.601,InnoDB,LOCK_SYS_PAGE,1304,20,542
1787549611.600,2026-08-24 05:33:31.601,InnoDB,LOCK_SYS_PAGE,1183,20,479
1787549611.600,2026-08-24 05:33:31.601,InnoDB,LOCK_SYS_PAGE,1152,19,478
1787549611.600,2026-08-24 05:33:31.601,InnoDB,LOCK_SYS_PAGE,1309,19,551
1787549611.600,2026-08-24 05:33:31.601,InnoDB,LOCK_SYS_PAGE,1164,19,494
1787549611.600,2026-08-24 05:33:31.601,InnoDB,LOCK_SYS_PAGE,1236,19,502
1787549611.600,2026-08-24 05:33:31.601,InnoDB,LOCK_SYS_PAGE,1261,19,491
1787549611.600,2026-08-24 05:33:31.601,InnoDB,LOCK_SYS_PAGE,1213,19,535
1787549611.600,2026-08-24 05:33:31.601,InnoDB,UNDO_SPACE_RSEG,3372,19,1410
1787549611.600,2026-08-24 05:33:31.601,InnoDB,LOCK_SYS_PAGE,1216,19,527
1787549611.600,2026-08-24 05:33:31.601,InnoDB,LOCK_SYS_PAGE,1305,19,499
1787549611.600,2026-08-24 05:33:31.601,InnoDB,UNDO_SPACE_RSEG,3566,19,1475
1787549611.600,2026-08-24 05:33:31.601,InnoDB,LOCK_SYS_PAGE,1248,19,525
1787549611.600,2026-08-24 05:33:31.601,InnoDB,LOCK_SYS_PAGE,1305,19,527
1787549611.600,2026-08-24 05:33:31.601,InnoDB,LOCK_SYS_PAGE,1141,19,441
1787549611.600,2026-08-24 05:33:31.601,InnoDB,UNDO_SPACE_RSEG,3337,19,1371
1787549611.600,2026-08-24 05:33:31.601,InnoDB,TRX_POOL,634,19,47
1787549611.600,2026-08-24 05:33:31.601,InnoDB,LOCK_SYS_PAGE,1147,19,514
1787549611.600,2026-08-24 05:33:31.601,InnoDB,UNDO_SPACE_RSEG,3304,19,1409
1787549611.600,2026-08-24 05:33:31.601,InnoDB,UNDO_SPACE_RSEG,3384,19,1436
1787549611.600,2026-08-24 05:33:31.601,InnoDB,LOCK_SYS_PAGE,1484,19,570
1787549611.600,2026-08-24 05:33:31.601,InnoDB,UNDO_SPACE_RSEG,3595,19,1484
1787549611.600,2026-08-24 05:33:31.601,InnoDB,LOCK_SYS_PAGE,1268,19,508
1787549611.600,2026-08-24 05:33:31.601,InnoDB,LOCK_SYS_PAGE,1192,19,488
1787549611.600,2026-08-24 05:33:31.601,InnoDB,LOCK_SYS_PAGE,1321,19,509
1787549611.600,2026-08-24 05:33:31.601,InnoDB,UNDO_SPACE_RSEG,3503,19,1448
1787549611.600,2026-08-24 05:33:31.601,InnoDB,LOCK_SYS_PAGE,1148,19,468
1787549611.600,2026-08-24 05:33:31.601,InnoDB,LOCK_SYS_PAGE,1204,19,532
1787549611.600,2026-08-24 05:33:31.601,InnoDB,LOCK_SYS_PAGE,1161,19,476
1787549611.600,2026-08-24 05:33:31.601,InnoDB,LOCK_SYS_PAGE,1139,19,469
1787549611.600,2026-08-24 05:33:31.601,InnoDB,LOCK_SYS_PAGE,1192,19,504
1787549611.600,2026-08-24 05:33:31.601,InnoDB,LOCK_SYS_PAGE,1202,19,467
1787549611.600,2026-08-24 05:33:31.601,InnoDB,LOCK_SYS_PAGE,1192,18,514
1787549611.600,2026-08-24 05:33:31.601,InnoDB,LOCK_SYS_PAGE,1222,18,534
1787549611.600,2026-08-24 05:33:31.601,InnoDB,LOCK_SYS_PAGE,1159,18,528
1787549611.600,2026-08-24 05:33:31.601,InnoDB,LOCK_SYS_PAGE,1148,18,440
1787549611.600,2026-08-24 05:33:31.601,InnoDB,LOCK_SYS_PAGE,1224,18,517
1787549611.600,2026-08-24 05:33:31.601,InnoDB,LOCK_SYS_PAGE,1087,18,462
1787549611.600,2026-08-24 05:33:31.601,InnoDB,LOCK_SYS_PAGE,1084,18,500
1787549611.600,2026-08-24 05:33:31.601,InnoDB,LOCK_SYS_PAGE,1155,18,508
1787549611.600,2026-08-24 05:33:31.601,InnoDB,LOCK_SYS_PAGE,1154,18,487
1787549611.600,2026-08-24 05:33:31.601,InnoDB,LOCK_SYS_PAGE,1139,18,495
1787549611.600,2026-08-24 05:33:31.601,InnoDB,LOCK_SYS_PAGE,1252,18,527
1787549611.600,2026-08-24 05:33:31.601,InnoDB,LOCK_SYS_PAGE,1235,18,536
1787549611.600,2026-08-24 05:33:31.601,InnoDB,LOCK_SYS_PAGE,1268,18,562
1787549611.600,2026-08-24 05:33:31.601,InnoDB,LOCK_SYS_PAGE,1160,18,487
1787549611.600,2026-08-24 05:33:31.601,InnoDB,LOCK_SYS_PAGE,1126,18,525
1787549611.600,2026-08-24 05:33:31.601,InnoDB,LOCK_SYS_PAGE,1190,18,485
1787549611.600,2026-08-24 05:33:31.601,InnoDB,LOCK_SYS_PAGE,1184,18,542
1787549611.600,2026-08-24 05:33:31.601,InnoDB,LOCK_SYS_PAGE,1254,18,572
1787549611.600,2026-08-24 05:33:31.601,InnoDB,LOCK_SYS_PAGE,1116,18,525
1787549611.600,2026-08-24 05:33:31.601,InnoDB,LOCK_SYS_PAGE,1079,18,510
1787549611.600,2026-08-24 05:33:31.601,InnoDB,LOCK_SYS_PAGE,1071,18,470
1787549611.600,2026-08-24 05:33:31.601,InnoDB,LOCK_SYS_PAGE,1130,18,492
1787549611.600,2026-08-24 05:33:31.601,InnoDB,LOCK_SYS_PAGE,1193,18,514
1787549611.600,2026-08-24 05:33:31.601,InnoDB,LOCK_SYS_PAGE,1209,18,522
1787549611.600,2026-08-24 05:33:31.601,InnoDB,LOCK_SYS_PAGE,1237,18,486
1787549611.600,2026-08-24 05:33:31.601,InnoDB,LOCK_SYS_PAGE,1112,18,500
1787549611.600,2026-08-24 05:33:31.601,InnoDB,LOCK_SYS_PAGE,1189,18,551
1787549611.600,2026-08-24 05:33:31.601,InnoDB,UNDO_SPACE_RSEG,3455,18,1422
1787549611.600,2026-08-24 05:33:31.601,InnoDB,UNDO_SPACE_RSEG,3358,18,1404
1787549611.600,2026-08-24 05:33:31.601,InnoDB,LOCK_SYS_PAGE,1183,18,545
1787549611.600,2026-08-24 05:33:31.601,InnoDB,UNDO_SPACE_RSEG,3464,18,1453
1787549611.600,2026-08-24 05:33:31.601,InnoDB,LOCK_SYS_PAGE,1181,18,521
1787549611.600,2026-08-24 05:33:31.601,InnoDB,UNDO_SPACE_RSEG,3343,18,1368
1787549611.600,2026-08-24 05:33:31.601,InnoDB,LOCK_SYS_PAGE,1154,18,516
1787549611.600,2026-08-24 05:33:31.601,InnoDB,LOCK_SYS_PAGE,1308,18,580
1787549611.600,2026-08-24 05:33:31.601,InnoDB,UNDO_SPACE_RSEG,3456,18,1419
1787549611.600,2026-08-24 05:33:31.601,InnoDB,LOCK_SYS_PAGE,1222,18,537
1787549611.600,2026-08-24 05:33:31.601,InnoDB,LOCK_SYS_PAGE,1081,17,516
1787549611.600,2026-08-24 05:33:31.601,InnoDB,LOCK_SYS_PAGE,1248,17,569
1787549611.600,2026-08-24 05:33:31.601,InnoDB,LOCK_SYS_PAGE,1198,17,529
1787549611.600,2026-08-24 05:33:31.601,InnoDB,LOCK_SYS_PAGE,1164,17,558
1787549611.600,2026-08-24 05:33:31.601,InnoDB,LOCK_SYS_PAGE,1225,17,554
1787549611.600,2026-08-24 05:33:31.601,InnoDB,LOCK_SYS_PAGE,1205,17,525
1787549611.600,2026-08-24 05:33:31.601,InnoDB,LOCK_SYS_PAGE,1153,17,511
1787549611.600,2026-08-24 05:33:31.601,InnoDB,LOCK_SYS_PAGE,1176,17,477
1787549611.600,2026-08-24 05:33:31.601,InnoDB,LOCK_SYS_PAGE,1141,17,521
1787549611.600,2026-08-24 05:33:31.601,InnoDB,UNDO_SPACE_RSEG,3548,17,1483
1787549611.600,2026-08-24 05:33:31.601,InnoDB,LOCK_SYS_PAGE,1125,17,546
1787549611.600,2026-08-24 05:33:31.601,InnoDB,LOCK_SYS_PAGE,1121,17,512
1787549611.600,2026-08-24 05:33:31.601,InnoDB,LOCK_SYS_PAGE,1215,17,519
1787549611.600,2026-08-24 05:33:31.601,InnoDB,LOCK_SYS_PAGE,1281,17,505
1787549611.600,2026-08-24 05:33:31.601,InnoDB,LOCK_SYS_PAGE,1121,17,512
1787549611.600,2026-08-24 05:33:31.601,InnoDB,LOCK_SYS_PAGE,1195,17,563
1787549611.600,2026-08-24 05:33:31.601,InnoDB,LOCK_SYS_PAGE,1215,17,529
1787549611.600,2026-08-24 05:33:31.601,InnoDB,UNDO_SPACE_RSEG,3496,17,1424
1787549611.600,2026-08-24 05:33:31.601,InnoDB,LOCK_SYS_PAGE,1141,17,492
1787549611.600,2026-08-24 05:33:31.601,InnoDB,LOCK_SYS_PAGE,1151,17,534
1787549611.600,2026-08-24 05:33:31.601,InnoDB,LOCK_SYS_PAGE,1139,17,555
1787549611.600,2026-08-24 05:33:31.601,InnoDB,LOCK_SYS_PAGE,1107,17,508
1787549611.600,2026-08-24 05:33:31.601,InnoDB,UNDO_SPACE_RSEG,3522,17,1422
1787549611.600,2026-08-24 05:33:31.601,InnoDB,LOCK_SYS_PAGE,1228,16,557
1787549611.600,2026-08-24 05:33:31.601,InnoDB,LOCK_SYS_PAGE,1183,16,543
1787549611.600,2026-08-24 05:33:31.601,InnoDB,LOCK_SYS_PAGE,1120,16,516
1787549611.600,2026-08-24 05:33:31.601,InnoDB,LOCK_SYS_PAGE,1179,16,533
1787549611.600,2026-08-24 05:33:31.601,InnoDB,LOCK_SYS_PAGE,1146,16,548
1787549611.600,2026-08-24 05:33:31.601,InnoDB,LOCK_SYS_PAGE,1045,16,495
1787549611.600,2026-08-24 05:33:31.601,InnoDB,LOCK_SYS_PAGE,1217,16,563
1787549611.600,2026-08-24 05:33:31.601,InnoDB,LOCK_SYS_PAGE,1145,16,506
1787549611.600,2026-08-24 05:33:31.601,InnoDB,UNDO_SPACE_RSEG,3400,16,1452
1787549611.600,2026-08-24 05:33:31.601,InnoDB,LOCK_SYS_PAGE,1138,16,487
1787549611.600,2026-08-24 05:33:31.601,InnoDB,UNDO_SPACE_RSEG,3273,16,1388
1787549611.600,2026-08-24 05:33:31.601,InnoDB,LOCK_SYS_PAGE,1010,16,504
1787549611.600,2026-08-24 05:33:31.601,InnoDB,LOCK_SYS_PAGE,1065,16,471
1787549611.600,2026-08-24 05:33:31.601,InnoDB,LOCK_SYS_PAGE,1138,16,509
1787549611.600,2026-08-24 05:33:31.601,InnoDB,LOCK_SYS_PAGE,1086,16,463
1787549611.600,2026-08-24 05:33:31.601,InnoDB,LOCK_SYS_PAGE,1039,16,437
1787549611.600,2026-08-24 05:33:31.601,InnoDB,LOCK_SYS_PAGE,1166,16,556
1787549611.600,2026-08-24 05:33:31.601,InnoDB,LOCK_SYS_PAGE,1078,16,507
1787549611.600,2026-08-24 05:33:31.601,InnoDB,LOCK_SYS_PAGE,1062,16,508
1787549611.600,2026-08-24 05:33:31.601,InnoDB,LOCK_SYS_PAGE,1077,16,523
1787549611.600,2026-08-24 05:33:31.601,InnoDB,LOCK_SYS_PAGE,1080,16,516
1787549611.600,2026-08-24 05:33:31.601,InnoDB,LOCK_SYS_PAGE,1254,16,625
1787549611.600,2026-08-24 05:33:31.601,InnoDB,LOCK_SYS_PAGE,1124,16,491
1787549611.600,2026-08-24 05:33:31.601,InnoDB,LOCK_SYS_PAGE,1174,16,531
1787549611.600,2026-08-24 05:33:31.601,InnoDB,LOCK_SYS_PAGE,1107,16,488
1787549611.600,2026-08-24 05:33:31.601,InnoDB,LOCK_SYS_PAGE,1129,16,480
1787549611.600,2026-08-24 05:33:31.601,InnoDB,LOCK_SYS_PAGE,1113,16,517
1787549611.600,2026-08-24 05:33:31.601,InnoDB,LOCK_SYS_PAGE,1140,16,516
1787549611.600,2026-08-24 05:33:31.601,InnoDB,LOCK_SYS_PAGE,1121,16,514
1787549611.600,2026-08-24 05:33:31.601,InnoDB,LOCK_SYS_PAGE,1096,16,533
1787549611.600,2026-08-24 05:33:31.601,InnoDB,LOCK_SYS_PAGE,1045,16,507
1787549611.600,2026-08-24 05:33:31.601,InnoDB,LOCK_SYS_PAGE,1187,16,562
1787549611.600,2026-08-24 05:33:31.601,InnoDB,LOCK_SYS_PAGE,1170,16,521
1787549611.600,2026-08-24 05:33:31.601,InnoDB,LOCK_SYS_PAGE,1126,16,531
1787549611.600,2026-08-24 05:33:31.601,InnoDB,LOCK_SYS_PAGE,1212,16,512
1787549611.600,2026-08-24 05:33:31.601,InnoDB,LOCK_SYS_PAGE,1145,16,494
1787549611.600,2026-08-24 05:33:31.601,InnoDB,LOCK_SYS_PAGE,1066,16,513
1787549611.600,2026-08-24 05:33:31.601,InnoDB,LOCK_SYS_PAGE,1068,16,508
1787549611.600,2026-08-24 05:33:31.601,InnoDB,LOCK_SYS_PAGE,1188,16,506
1787549611.600,2026-08-24 05:33:31.601,InnoDB,LOCK_SYS_PAGE,1064,16,487
1787549611.600,2026-08-24 05:33:31.601,InnoDB,LOCK_SYS_PAGE,1105,16,492
1787549611.600,2026-08-24 05:33:31.601,InnoDB,LOCK_SYS_PAGE,1182,16,499
1787549611.600,2026-08-24 05:33:31.601,InnoDB,LOCK_SYS_PAGE,1267,16,547
1787549611.600,2026-08-24 05:33:31.601,InnoDB,LOCK_SYS_PAGE,1154,16,485
1787549611.600,2026-08-24 05:33:31.601,InnoDB,LOCK_SYS_PAGE,1032,15,474
1787549611.600,2026-08-24 05:33:31.601,InnoDB,LOCK_SYS_PAGE,1118,15,540
1787549611.600,2026-08-24 05:33:31.601,InnoDB,LOCK_SYS_PAGE,1098,15,502
1787549611.600,2026-08-24 05:33:31.601,InnoDB,LOCK_SYS_PAGE,1137,15,539
1787549611.600,2026-08-24 05:33:31.601,InnoDB,LOCK_SYS_PAGE,1136,15,546
1787549611.600,2026-08-24 05:33:31.601,InnoDB,LOCK_SYS_PAGE,1166,15,544
1787549611.600,2026-08-24 05:33:31.601,InnoDB,LOCK_SYS_PAGE,1078,15,551
1787549611.600,2026-08-24 05:33:31.601,InnoDB,LOCK_SYS_PAGE,1079,15,497
1787549611.600,2026-08-24 05:33:31.601,InnoDB,LOCK_SYS_PAGE,1158,15,557
1787549611.600,2026-08-24 05:33:31.601,InnoDB,LOCK_SYS_PAGE,1089,15,473
1787549611.600,2026-08-24 05:33:31.601,InnoDB,LOCK_SYS_PAGE,971,15,457
1787549611.600,2026-08-24 05:33:31.601,InnoDB,LOCK_SYS_PAGE,1108,15,541
1787549611.600,2026-08-24 05:33:31.601,InnoDB,LOCK_SYS_PAGE,1042,15,474
1787549611.600,2026-08-24 05:33:31.601,InnoDB,LOCK_SYS_PAGE,1200,15,533
1787549611.600,2026-08-24 05:33:31.601,InnoDB,UNDO_SPACE_RSEG,3368,15,1434
1787549611.600,2026-08-24 05:33:31.601,InnoDB,UNDO_SPACE_RSEG,3215,15,1432
1787549611.600,2026-08-24 05:33:31.601,InnoDB,LOCK_SYS_PAGE,1067,15,530
1787549611.600,2026-08-24 05:33:31.601,InnoDB,LOCK_SYS_PAGE,1045,15,504
1787549611.600,2026-08-24 05:33:31.601,InnoDB,LOCK_SYS_PAGE,1032,15,488
1787549611.600,2026-08-24 05:33:31.601,InnoDB,LOCK_SYS_PAGE,1019,15,451
1787549611.600,2026-08-24 05:33:31.601,InnoDB,LOCK_SYS_PAGE,1080,15,506
1787549611.600,2026-08-24 05:33:31.601,InnoDB,LOCK_SYS_PAGE,1074,15,511
1787549611.600,2026-08-24 05:33:31.601,InnoDB,LOCK_SYS_PAGE,1150,15,582
1787549611.600,2026-08-24 05:33:31.601,InnoDB,LOCK_SYS_PAGE,1045,15,515
1787549611.600,2026-08-24 05:33:31.601,InnoDB,LOCK_SYS_PAGE,1128,15,516
1787549611.600,2026-08-24 05:33:31.601,InnoDB,LOCK_SYS_PAGE,1083,15,506
1787549611.600,2026-08-24 05:33:31.601,InnoDB,LOCK_SYS_PAGE,1100,15,524
1787549611.600,2026-08-24 05:33:31.601,InnoDB,LOCK_SYS_PAGE,1072,15,508
1787549611.600,2026-08-24 05:33:31.601,InnoDB,LOCK_SYS_PAGE,1120,15,570
1787549611.600,2026-08-24 05:33:31.601,InnoDB,UNDO_SPACE_RSEG,3254,15,1412
1787549611.600,2026-08-24 05:33:31.601,InnoDB,LOCK_SYS_PAGE,1018,15,504
1787549611.600,2026-08-24 05:33:31.601,InnoDB,LOCK_SYS_PAGE,1149,15,575
1787549611.600,2026-08-24 05:33:31.601,InnoDB,LOCK_SYS_PAGE,1043,15,528
1787549611.600,2026-08-24 05:33:31.601,InnoDB,LOCK_SYS_PAGE,1120,15,555
1787549611.600,2026-08-24 05:33:31.601,InnoDB,LOCK_SYS_PAGE,1055,15,478
1787549611.600,2026-08-24 05:33:31.601,InnoDB,LOCK_SYS_PAGE,1036,15,486
1787549611.600,2026-08-24 05:33:31.601,InnoDB,LOCK_SYS_PAGE,1113,15,539
1787549611.600,2026-08-24 05:33:31.601,InnoDB,LOCK_SYS_PAGE,1072,15,511
1787549611.600,2026-08-24 05:33:31.601,InnoDB,LOCK_SYS_PAGE,1173,15,515
1787549611.600,2026-08-24 05:33:31.601,InnoDB,LOCK_SYS_PAGE,1042,15,482
1787549611.600,2026-08-24 05:33:31.601,InnoDB,LOCK_SYS_PAGE,1093,15,521
1787549611.600,2026-08-24 05:33:31.601,InnoDB,LOCK_SYS_PAGE,1024,15,527
1787549611.600,2026-08-24 05:33:31.601,InnoDB,LOCK_SYS_PAGE,1008,14,466
1787549611.600,2026-08-24 05:33:31.601,InnoDB,LOCK_SYS_PAGE,939,14,462
1787549611.600,2026-08-24 05:33:31.601,InnoDB,UNDO_SPACE_RSEG,3475,14,1470
1787549611.600,2026-08-24 05:33:31.601,InnoDB,LOCK_SYS_PAGE,1047,14,551
1787549611.600,2026-08-24 05:33:31.601,InnoDB,LOCK_SYS_PAGE,1007,14,478
1787549611.600,2026-08-24 05:33:31.601,InnoDB,LOCK_SYS_PAGE,1057,14,528
1787549611.600,2026-08-24 05:33:31.601,InnoDB,LOCK_SYS_PAGE,1082,14,546
1787549611.600,2026-08-24 05:33:31.601,InnoDB,LOCK_SYS_PAGE,1054,14,534
1787549611.600,2026-08-24 05:33:31.601,InnoDB,LOCK_SYS_PAGE,1054,14,516
1787549611.600,2026-08-24 05:33:31.601,InnoDB,LOCK_SYS_PAGE,1025,14,522
1787549611.600,2026-08-24 05:33:31.601,InnoDB,LOCK_SYS_PAGE,1042,14,497
1787549611.600,2026-08-24 05:33:31.601,InnoDB,LOCK_SYS_PAGE,959,14,481
1787549611.600,2026-08-24 05:33:31.601,InnoDB,LOCK_SYS_PAGE,1061,14,531
1787549611.600,2026-08-24 05:33:31.601,InnoDB,LOCK_SYS_PAGE,1077,14,527
1787549611.600,2026-08-24 05:33:31.601,InnoDB,LOCK_SYS_PAGE,1046,14,520
1787549611.600,2026-08-24 05:33:31.601,InnoDB,LOCK_SYS_PAGE,1014,14,520
1787549611.600,2026-08-24 05:33:31.601,InnoDB,LOCK_SYS_PAGE,1104,14,532
1787549611.600,2026-08-24 05:33:31.601,InnoDB,LOCK_SYS_PAGE,1124,14,534
1787549611.600,2026-08-24 05:33:31.601,InnoDB,LOCK_SYS_PAGE,1022,14,474
1787549611.600,2026-08-24 05:33:31.601,InnoDB,LOCK_SYS_PAGE,1104,14,482
1787549611.600,2026-08-24 05:33:31.601,InnoDB,LOCK_SYS_PAGE,1106,14,555
1787549611.600,2026-08-24 05:33:31.601,InnoDB,LOCK_SYS_PAGE,1028,14,498
1787549611.600,2026-08-24 05:33:31.601,InnoDB,LOCK_SYS_PAGE,1033,14,528
1787549611.600,2026-08-24 05:33:31.601,InnoDB,LOCK_SYS_PAGE,1109,14,546
1787549611.600,2026-08-24 05:33:31.601,InnoDB,UNDO_SPACE_RSEG,3265,14,1411
1787549611.600,2026-08-24 05:33:31.601,InnoDB,LOCK_SYS_PAGE,1019,14,474
1787549611.600,2026-08-24 05:33:31.601,InnoDB,LOCK_SYS_PAGE,1068,14,532
1787549611.600,2026-08-24 05:33:31.601,InnoDB,LOCK_SYS_PAGE,1029,14,499
1787549611.600,2026-08-24 05:33:31.601,InnoDB,LOCK_SYS_PAGE,1019,14,497
1787549611.600,2026-08-24 05:33:31.601,InnoDB,LOCK_SYS_PAGE,1076,14,521
1787549611.600,2026-08-24 05:33:31.601,InnoDB,LOCK_SYS_PAGE,1068,14,560
1787549611.600,2026-08-24 05:33:31.601,InnoDB,LOCK_SYS_PAGE,963,14,488
1787549611.600,2026-08-24 05:33:31.601,InnoDB,LOCK_SYS_PAGE,1033,14,512
1787549611.600,2026-08-24 05:33:31.601,InnoDB,LOCK_SYS_PAGE,1032,14,509
1787549611.600,2026-08-24 05:33:31.601,InnoDB,LOCK_SYS_PAGE,1033,14,498
1787549611.600,2026-08-24 05:33:31.601,InnoDB,LOCK_SYS_PAGE,1024,14,515
1787549611.600,2026-08-24 05:33:31.601,InnoDB,LOCK_SYS_PAGE,1152,14,523
1787549611.600,2026-08-24 05:33:31.601,InnoDB,LOCK_SYS_PAGE,1046,14,485
1787549611.600,2026-08-24 05:33:31.601,InnoDB,LOCK_SYS_PAGE,1028,14,466
1787549611.600,2026-08-24 05:33:31.601,InnoDB,LOCK_SYS_PAGE,1005,14,456
1787549611.600,2026-08-24 05:33:31.601,InnoDB,LOCK_SYS_PAGE,1062,14,541
1787549611.600,2026-08-24 05:33:31.601,InnoDB,LOCK_SYS_PAGE,1034,14,510
1787549611.600,2026-08-24 05:33:31.601,InnoDB,LOCK_SYS_PAGE,1096,14,556
1787549611.600,2026-08-24 05:33:31.601,InnoDB,LOCK_SYS_PAGE,965,14,442
1787549611.600,2026-08-24 05:33:31.601,InnoDB,LOCK_SYS_PAGE,1050,14,525
1787549611.600,2026-08-24 05:33:31.601,InnoDB,LOCK_SYS_PAGE,1066,14,518
1787549611.600,2026-08-24 05:33:31.601,InnoDB,LOCK_SYS_PAGE,1043,14,509
1787549611.600,2026-08-24 05:33:31.601,InnoDB,LOCK_SYS_PAGE,1072,14,555
1787549611.600,2026-08-24 05:33:31.601,InnoDB,LOCK_SYS_PAGE,1013,13,500
1787549611.600,2026-08-24 05:33:31.601,InnoDB,LOCK_SYS_PAGE,1059,13,440
1787549611.600,2026-08-24 05:33:31.601,InnoDB,LOCK_SYS_PAGE,1031,13,522
1787549611.600,2026-08-24 05:33:31.601,InnoDB,LOCK_SYS_PAGE,1036,13,522
1787549611.600,2026-08-24 05:33:31.601,InnoDB,LOCK_SYS_PAGE,1052,13,528
1787549611.600,2026-08-24 05:33:31.601,InnoDB,LOCK_SYS_PAGE,1014,13,497
1787549611.600,2026-08-24 05:33:31.601,InnoDB,LOCK_SYS_PAGE,1073,13,528
1787549611.600,2026-08-24 05:33:31.601,InnoDB,LOCK_SYS_PAGE,986,13,496
1787549611.600,2026-08-24 05:33:31.601,InnoDB,LOCK_SYS_PAGE,1062,13,497
1787549611.600,2026-08-24 05:33:31.601,InnoDB,LOCK_SYS_PAGE,1001,13,488
1787549611.600,2026-08-24 05:33:31.601,InnoDB,LOCK_SYS_PAGE,987,13,508
1787549611.600,2026-08-24 05:33:31.601,InnoDB,LOCK_SYS_PAGE,1130,13,578
1787549611.600,2026-08-24 05:33:31.601,InnoDB,LOCK_SYS_PAGE,1134,13,525
1787549611.600,2026-08-24 05:33:31.601,InnoDB,LOCK_SYS_PAGE,1002,13,511
1787549611.600,2026-08-24 05:33:31.601,InnoDB,UNDO_SPACE_RSEG,3378,13,1470
1787549611.600,2026-08-24 05:33:31.601,InnoDB,LOCK_SYS_PAGE,980,13,507
1787549611.600,2026-08-24 05:33:31.601,InnoDB,LOCK_SYS_PAGE,955,13,480
1787549611.600,2026-08-24 05:33:31.601,InnoDB,LOCK_SYS_PAGE,1086,13,539
1787549611.600,2026-08-24 05:33:31.601,InnoDB,LOCK_SYS_PAGE,949,13,463
1787549611.600,2026-08-24 05:33:31.601,InnoDB,LOCK_SYS_PAGE,989,13,563
1787549611.600,2026-08-24 05:33:31.601,InnoDB,LOCK_SYS_PAGE,1069,13,520
1787549611.600,2026-08-24 05:33:31.601,InnoDB,LOCK_SYS_PAGE,924,13,477
1787549611.600,2026-08-24 05:33:31.601,InnoDB,LOCK_SYS_PAGE,1037,13,495
1787549611.600,2026-08-24 05:33:31.601,InnoDB,LOCK_SYS_PAGE,1105,13,504
1787549611.600,2026-08-24 05:33:31.601,InnoDB,LOCK_SYS_PAGE,970,13,526
1787549611.600,2026-08-24 05:33:31.601,InnoDB,LOCK_SYS_PAGE,999,13,515
1787549611.600,2026-08-24 05:33:31.601,InnoDB,LOCK_SYS_PAGE,1194,13,545
1787549611.600,2026-08-24 05:33:31.601,InnoDB,LOCK_SYS_PAGE,1064,13,539
1787549611.600,2026-08-24 05:33:31.601,InnoDB,LOCK_SYS_PAGE,1071,13,489
1787549611.600,2026-08-24 05:33:31.601,InnoDB,LOCK_SYS_PAGE,1016,13,529
1787549611.600,2026-08-24 05:33:31.601,InnoDB,LOCK_SYS_PAGE,958,13,527
1787549611.600,2026-08-24 05:33:31.601,InnoDB,LOCK_SYS_PAGE,1060,13,517
1787549611.600,2026-08-24 05:33:31.601,InnoDB,LOCK_SYS_PAGE,1047,13,508
1787549611.600,2026-08-24 05:33:31.601,InnoDB,LOCK_SYS_PAGE,941,13,446
1787549611.600,2026-08-24 05:33:31.601,InnoDB,LOCK_SYS_PAGE,1046,13,502
1787549611.600,2026-08-24 05:33:31.601,InnoDB,LOCK_SYS_PAGE,1022,13,506
1787549611.600,2026-08-24 05:33:31.601,InnoDB,LOCK_SYS_PAGE,1010,13,548
1787549611.600,2026-08-24 05:33:31.601,InnoDB,LOCK_SYS_PAGE,976,13,498
1787549611.600,2026-08-24 05:33:31.601,InnoDB,LOCK_SYS_PAGE,1140,13,540
1787549611.600,2026-08-24 05:33:31.601,InnoDB,LOCK_SYS_PAGE,981,13,489
1787549611.600,2026-08-24 05:33:31.601,InnoDB,LOCK_SYS_PAGE,1027,13,513
1787549611.600,2026-08-24 05:33:31.601,InnoDB,LOCK_SYS_PAGE,973,13,519
1787549611.600,2026-08-24 05:33:31.601,InnoDB,LOCK_SYS_PAGE,993,13,506
1787549611.600,2026-08-24 05:33:31.601,InnoDB,LOCK_SYS_PAGE,997,13,528
1787549611.600,2026-08-24 05:33:31.601,InnoDB,LOCK_SYS_PAGE,1145,13,538
1787549611.600,2026-08-24 05:33:31.601,InnoDB,LOCK_SYS_PAGE,976,13,488
1787549611.600,2026-08-24 05:33:31.601,InnoDB,LOCK_SYS_PAGE,1069,13,530
1787549611.600,2026-08-24 05:33:31.601,InnoDB,LOCK_SYS_PAGE,1181,13,575
1787549611.600,2026-08-24 05:33:31.601,InnoDB,LOCK_SYS_PAGE,1020,12,516
1787549611.600,2026-08-24 05:33:31.601,InnoDB,LOCK_SYS_PAGE,1082,12,506
1787549611.600,2026-08-24 05:33:31.601,InnoDB,LOCK_SYS_PAGE,1091,12,584
1787549611.600,2026-08-24 05:33:31.601,InnoDB,LOCK_SYS_PAGE,977,12,508
1787549611.600,2026-08-24 05:33:31.601,InnoDB,LOCK_SYS_PAGE,1010,12,511
1787549611.600,2026-08-24 05:33:31.601,InnoDB,LOCK_SYS_PAGE,1034,12,567
1787549611.600,2026-08-24 05:33:31.601,InnoDB,LOCK_SYS_PAGE,1013,12,552
1787549611.600,2026-08-24 05:33:31.601,InnoDB,LOCK_SYS_PAGE,1037,12,496
1787549611.600,2026-08-24 05:33:31.601,InnoDB,LOCK_SYS_PAGE,1002,12,498
1787549611.600,2026-08-24 05:33:31.601,InnoDB,LOCK_SYS_PAGE,1022,12,558
1787549611.600,2026-08-24 05:33:31.601,InnoDB,LOCK_SYS_PAGE,1033,12,516
1787549611.600,2026-08-24 05:33:31.601,InnoDB,LOCK_SYS_PAGE,1030,12,532
1787549611.600,2026-08-24 05:33:31.601,InnoDB,LOCK_SYS_PAGE,1119,12,522
1787549611.600,2026-08-24 05:33:31.601,InnoDB,LOCK_SYS_PAGE,1089,12,536
1787549611.600,2026-08-24 05:33:31.601,InnoDB,LOCK_SYS_PAGE,1064,12,517
1787549611.600,2026-08-24 05:33:31.601,InnoDB,LOCK_SYS_PAGE,1060,12,590
1787549611.600,2026-08-24 05:33:31.601,InnoDB,LOCK_SYS_PAGE,983,12,509
1787549611.600,2026-08-24 05:33:31.601,InnoDB,LOCK_SYS_PAGE,990,12,506
1787549611.600,2026-08-24 05:33:31.601,InnoDB,LOCK_SYS_PAGE,1137,12,552
1787549611.600,2026-08-24 05:33:31.601,InnoDB,LOCK_SYS_PAGE,1000,12,511
1787549611.600,2026-08-24 05:33:31.601,InnoDB,LOCK_SYS_PAGE,932,12,524
1787549611.600,2026-08-24 05:33:31.601,InnoDB,LOCK_SYS_PAGE,1038,12,536
1787549611.600,2026-08-24 05:33:31.601,InnoDB,LOCK_SYS_PAGE,1034,12,483
1787549611.600,2026-08-24 05:33:31.601,InnoDB,LOCK_SYS_PAGE,993,12,535
1787549611.600,2026-08-24 05:33:31.601,InnoDB,LOCK_SYS_PAGE,1061,12,501
1787549611.600,2026-08-24 05:33:31.601,InnoDB,LOCK_SYS_PAGE,931,12,479
1787549611.600,2026-08-24 05:33:31.601,InnoDB,LOCK_SYS_PAGE,953,12,518
1787549611.600,2026-08-24 05:33:31.601,InnoDB,LOCK_SYS_PAGE,928,12,461
1787549611.600,2026-08-24 05:33:31.601,InnoDB,LOCK_SYS_PAGE,1029,12,522
1787549611.600,2026-08-24 05:33:31.601,InnoDB,LOCK_SYS_PAGE,1055,12,515
1787549611.600,2026-08-24 05:33:31.601,InnoDB,LOCK_SYS_PAGE,1134,12,570
1787549611.600,2026-08-24 05:33:31.601,InnoDB,LOCK_SYS_PAGE,965,12,533
1787549611.600,2026-08-24 05:33:31.601,InnoDB,LOCK_SYS_PAGE,956,12,500
1787549611.600,2026-08-24 05:33:31.601,InnoDB,LOCK_SYS_PAGE,1013,12,497
1787549611.600,2026-08-24 05:33:31.601,InnoDB,LOCK_SYS_PAGE,908,12,443
1787549611.600,2026-08-24 05:33:31.601,InnoDB,LOCK_SYS_PAGE,930,12,479
1787549611.600,2026-08-24 05:33:31.601,InnoDB,LOCK_SYS_PAGE,1050,12,562
1787549611.600,2026-08-24 05:33:31.601,InnoDB,LOCK_SYS_PAGE,1014,11,496
1787549611.600,2026-08-24 05:33:31.601,InnoDB,LOCK_SYS_PAGE,1032,11,540
1787549611.600,2026-08-24 05:33:31.601,InnoDB,LOCK_SYS_PAGE,978,11,538
1787549611.600,2026-08-24 05:33:31.601,InnoDB,LOCK_SYS_PAGE,955,11,508
1787549611.600,2026-08-24 05:33:31.601,InnoDB,LOCK_SYS_PAGE,1052,11,602
1787549611.600,2026-08-24 05:33:31.601,InnoDB,LOCK_SYS_PAGE,946,11,526
1787549611.600,2026-08-24 05:33:31.601,InnoDB,LOCK_SYS_PAGE,939,11,521
1787549611.600,2026-08-24 05:33:31.601,InnoDB,LOCK_SYS_PAGE,873,11,485
1787549611.600,2026-08-24 05:33:31.601,InnoDB,LOCK_SYS_PAGE,917,11,463
1787549611.600,2026-08-24 05:33:31.601,InnoDB,LOCK_SYS_PAGE,1042,11,564
1787549611.600,2026-08-24 05:33:31.601,InnoDB,LOCK_SYS_PAGE,976,11,498
1787549611.600,2026-08-24 05:33:31.601,InnoDB,LOCK_SYS_PAGE,894,11,504
1787549611.600,2026-08-24 05:33:31.601,InnoDB,LOCK_SYS_PAGE,951,11,516
1787549611.600,2026-08-24 05:33:31.601,InnoDB,LOCK_SYS_PAGE,932,11,505
1787549611.600,2026-08-24 05:33:31.601,InnoDB,LOCK_SYS_PAGE,871,11,479
1787549611.600,2026-08-24 05:33:31.601,InnoDB,LOCK_SYS_PAGE,947,11,513
1787549611.600,2026-08-24 05:33:31.601,InnoDB,LOCK_SYS_PAGE,1010,11,517
1787549611.600,2026-08-24 05:33:31.601,InnoDB,LOCK_SYS_PAGE,986,11,534
1787549611.600,2026-08-24 05:33:31.601,InnoDB,LOCK_SYS_PAGE,925,11,511
1787549611.600,2026-08-24 05:33:31.601,InnoDB,LOCK_SYS_PAGE,958,11,486
1787549611.600,2026-08-24 05:33:31.601,InnoDB,LOCK_SYS_PAGE,843,11,481
1787549611.600,2026-08-24 05:33:31.601,InnoDB,LOCK_SYS_PAGE,925,11,466
1787549611.600,2026-08-24 05:33:31.601,InnoDB,LOCK_SYS_PAGE,978,11,495
1787549611.600,2026-08-24 05:33:31.601,InnoDB,LOCK_SYS_PAGE,1029,11,532
1787549611.600,2026-08-24 05:33:31.601,InnoDB,LOCK_SYS_PAGE,1082,11,594
1787549611.600,2026-08-24 05:33:31.601,InnoDB,LOCK_SYS_PAGE,1034,11,535
1787549611.600,2026-08-24 05:33:31.601,InnoDB,LOCK_SYS_PAGE,961,11,515
1787549611.600,2026-08-24 05:33:31.601,InnoDB,LOCK_SYS_PAGE,982,11,493
1787549611.600,2026-08-24 05:33:31.601,InnoDB,LOCK_SYS_PAGE,920,11,471
1787549611.600,2026-08-24 05:33:31.601,InnoDB,LOCK_SYS_PAGE,942,11,531
1787549611.600,2026-08-24 05:33:31.601,InnoDB,LOCK_SYS_PAGE,948,11,500
1787549611.600,2026-08-24 05:33:31.601,InnoDB,LOCK_SYS_PAGE,965,11,470
1787549611.600,2026-08-24 05:33:31.601,InnoDB,LOCK_SYS_PAGE,940,11,523
1787549611.600,2026-08-24 05:33:31.601,InnoDB,LOCK_SYS_PAGE,986,11,535
1787549611.600,2026-08-24 05:33:31.601,InnoDB,LOCK_SYS_PAGE,932,10,525
1787549611.600,2026-08-24 05:33:31.601,InnoDB,LOCK_SYS_PAGE,1034,10,511
1787549611.600,2026-08-24 05:33:31.601,InnoDB,LOCK_SYS_PAGE,966,10,485
1787549611.600,2026-08-24 05:33:31.601,InnoDB,LOCK_SYS_PAGE,920,10,544
1787549611.600,2026-08-24 05:33:31.601,InnoDB,LOCK_SYS_PAGE,895,10,466
1787549611.600,2026-08-24 05:33:31.601,InnoDB,LOCK_SYS_PAGE,873,10,494
1787549611.600,2026-08-24 05:33:31.601,InnoDB,LOCK_SYS_PAGE,841,10,447
1787549611.600,2026-08-24 05:33:31.601,InnoDB,LOCK_SYS_PAGE,954,10,501
1787549611.600,2026-08-24 05:33:31.601,InnoDB,LOCK_SYS_PAGE,933,10,501
1787549611.600,2026-08-24 05:33:31.601,InnoDB,LOCK_SYS_PAGE,900,10,484
1787549611.600,2026-08-24 05:33:31.601,InnoDB,LOCK_SYS_PAGE,913,10,531
1787549611.600,2026-08-24 05:33:31.601,InnoDB,LOCK_SYS_PAGE,970,10,518
1787549611.600,2026-08-24 05:33:31.601,InnoDB,LOCK_SYS_PAGE,894,10,519
1787549611.600,2026-08-24 05:33:31.601,InnoDB,LOCK_SYS_PAGE,937,10,486
1787549611.600,2026-08-24 05:33:31.601,InnoDB,LOCK_SYS_PAGE,960,10,508
1787549611.600,2026-08-24 05:33:31.601,InnoDB,LOCK_SYS_PAGE,918,10,497
1787549611.600,2026-08-24 05:33:31.601,InnoDB,LOCK_SYS_PAGE,920,10,533
1787549611.600,2026-08-24 05:33:31.601,InnoDB,LOCK_SYS_PAGE,884,10,489
1787549611.600,2026-08-24 05:33:31.601,InnoDB,LOCK_SYS_PAGE,925,10,509
1787549611.600,2026-08-24 05:33:31.601,InnoDB,LOCK_SYS_PAGE,996,10,500
1787549611.600,2026-08-24 05:33:31.601,InnoDB,LOCK_SYS_PAGE,991,10,558
1787549611.600,2026-08-24 05:33:31.601,InnoDB,LOCK_SYS_PAGE,934,10,468
1787549611.600,2026-08-24 05:33:31.601,InnoDB,LOCK_SYS_PAGE,891,10,482
1787549611.600,2026-08-24 05:33:31.601,InnoDB,LOCK_SYS_PAGE,939,10,492
1787549611.600,2026-08-24 05:33:31.601,InnoDB,LOCK_SYS_PAGE,873,10,495
1787549611.600,2026-08-24 05:33:31.601,InnoDB,LOCK_SYS_PAGE,902,10,509
1787549611.600,2026-08-24 05:33:31.601,InnoDB,LOCK_SYS_PAGE,893,10,472
1787549611.600,2026-08-24 05:33:31.601,InnoDB,LOCK_SYS_PAGE,920,10,481
1787549611.600,2026-08-24 05:33:31.601,InnoDB,LOCK_SYS_PAGE,904,10,494
1787549611.600,2026-08-24 05:33:31.601,InnoDB,LOCK_SYS_PAGE,929,10,580
1787549611.600,2026-08-24 05:33:31.601,InnoDB,LOCK_SYS_PAGE,946,10,525
1787549611.600,2026-08-24 05:33:31.601,InnoDB,LOCK_SYS_PAGE,946,10,503
1787549611.600,2026-08-24 05:33:31.601,InnoDB,LOCK_SYS_PAGE,895,10,470
1787549611.600,2026-08-24 05:33:31.601,InnoDB,LOCK_SYS_PAGE,973,10,473
1787549611.600,2026-08-24 05:33:31.601,InnoDB,LOCK_SYS_PAGE,942,10,529
1787549611.600,2026-08-24 05:33:31.601,InnoDB,LOCK_SYS_PAGE,894,10,537
1787549611.600,2026-08-24 05:33:31.601,InnoDB,LOCK_SYS_PAGE,1064,10,546
1787549611.600,2026-08-24 05:33:31.601,InnoDB,LOCK_SYS_PAGE,912,10,523
1787549611.600,2026-08-24 05:33:31.601,InnoDB,LOCK_SYS_PAGE,979,10,513
1787549611.600,2026-08-24 05:33:31.601,InnoDB,LOCK_SYS_PAGE,983,10,593
1787549611.600,2026-08-24 05:33:31.601,InnoDB,LOCK_SYS_PAGE,997,10,553
1787549611.600,2026-08-24 05:33:31.601,InnoDB,LOCK_SYS_PAGE,954,10,540
1787549611.600,2026-08-24 05:33:31.601,InnoDB,LOCK_SYS_PAGE,907,10,502
1787549611.600,2026-08-24 05:33:31.601,InnoDB,LOCK_SYS_PAGE,925,10,542
1787549611.600,2026-08-24 05:33:31.601,InnoDB,LOCK_SYS_PAGE,891,10,464
1787549611.600,2026-08-24 05:33:31.601,InnoDB,LOCK_SYS_PAGE,841,10,467
1787549611.600,2026-08-24 05:33:31.601,InnoDB,LOCK_SYS_PAGE,928,10,506
1787549611.600,2026-08-24 05:33:31.601,InnoDB,LOCK_SYS_PAGE,937,9,489
1787549611.600,2026-08-24 05:33:31.601,InnoDB,LOCK_SYS_PAGE,908,9,471
1787549611.600,2026-08-24 05:33:31.601,InnoDB,LOCK_SYS_PAGE,1071,9,554
1787549611.600,2026-08-24 05:33:31.601,InnoDB,LOCK_SYS_PAGE,890,9,516
1787549611.600,2026-08-24 05:33:31.601,InnoDB,LOCK_SYS_PAGE,998,9,523
1787549611.600,2026-08-24 05:33:31.601,InnoDB,LOCK_SYS_PAGE,850,9,498
1787549611.600,2026-08-24 05:33:31.601,InnoDB,LOCK_SYS_PAGE,879,9,506
1787549611.600,2026-08-24 05:33:31.601,InnoDB,LOCK_SYS_PAGE,910,9,548
1787549611.600,2026-08-24 05:33:31.601,InnoDB,LOCK_SYS_PAGE,825,9,490
1787549611.600,2026-08-24 05:33:31.601,InnoDB,LOCK_SYS_PAGE,921,9,530
1787549611.600,2026-08-24 05:33:31.601,InnoDB,LOCK_SYS_PAGE,839,9,515
1787549611.600,2026-08-24 05:33:31.601,InnoDB,LOCK_SYS_PAGE,1037,9,561
1787549611.600,2026-08-24 05:33:31.601,InnoDB,LOCK_SYS_PAGE,927,9,569
1787549611.600,2026-08-24 05:33:31.601,InnoDB,LOCK_SYS_PAGE,830,9,474
1787549611.600,2026-08-24 05:33:31.601,InnoDB,LOCK_SYS_PAGE,855,9,514
1787549611.600,2026-08-24 05:33:31.601,InnoDB,LOCK_SYS_PAGE,908,9,467
1787549611.600,2026-08-24 05:33:31.601,InnoDB,LOCK_SYS_PAGE,1031,9,565
1787549611.600,2026-08-24 05:33:31.601,InnoDB,LOCK_SYS_PAGE,903,9,516
1787549611.600,2026-08-24 05:33:31.601,InnoDB,LOCK_SYS_PAGE,795,9,470
1787549611.600,2026-08-24 05:33:31.601,InnoDB,LOCK_SYS_PAGE,910,9,485
1787549611.600,2026-08-24 05:33:31.601,InnoDB,LOCK_SYS_PAGE,892,9,489
1787549611.600,2026-08-24 05:33:31.601,InnoDB,LOCK_SYS_PAGE,962,9,554
1787549611.600,2026-08-24 05:33:31.601,InnoDB,LOCK_SYS_PAGE,920,9,480
1787549611.600,2026-08-24 05:33:31.601,InnoDB,LOCK_SYS_PAGE,910,9,517
1787549611.600,2026-08-24 05:33:31.601,InnoDB,LOCK_SYS_PAGE,864,9,475
1787549611.600,2026-08-24 05:33:31.601,InnoDB,LOCK_SYS_PAGE,886,9,484
1787549611.600,2026-08-24 05:33:31.601,InnoDB,LOCK_SYS_PAGE,849,9,491
1787549611.600,2026-08-24 05:33:31.601,InnoDB,LOCK_SYS_PAGE,871,9,521
1787549611.600,2026-08-24 05:33:31.601,InnoDB,LOCK_SYS_PAGE,874,9,518
1787549611.600,2026-08-24 05:33:31.601,InnoDB,LOCK_SYS_PAGE,835,8,506
1787549611.600,2026-08-24 05:33:31.601,InnoDB,LOCK_SYS_PAGE,872,8,563
1787549611.600,2026-08-24 05:33:31.601,InnoDB,LOCK_SYS_PAGE,826,8,509
1787549611.600,2026-08-24 05:33:31.601,InnoDB,LOCK_SYS_PAGE,850,8,502
1787549611.600,2026-08-24 05:33:31.601,InnoDB,LOCK_SYS_PAGE,851,8,480
1787549611.600,2026-08-24 05:33:31.601,InnoDB,LOCK_SYS_PAGE,881,8,500
1787549611.600,2026-08-24 05:33:31.601,InnoDB,LOCK_SYS_PAGE,958,8,491
1787549611.600,2026-08-24 05:33:31.601,InnoDB,LOCK_SYS_PAGE,876,8,554
1787549611.600,2026-08-24 05:33:31.601,InnoDB,LOCK_SYS_PAGE,931,8,515
1787549611.600,2026-08-24 05:33:31.601,InnoDB,LOCK_SYS_PAGE,925,8,552
1787549611.600,2026-08-24 05:33:31.601,InnoDB,LOCK_SYS_PAGE,876,8,498
1787549611.600,2026-08-24 05:33:31.601,InnoDB,RECALC_POOL,292,8,19
1787549611.600,2026-08-24 05:33:31.601,InnoDB,LOCK_SYS_PAGE,903,8,571
1787549611.600,2026-08-24 05:33:31.601,InnoDB,LOCK_SYS_PAGE,846,8,528
1787549611.600,2026-08-24 05:33:31.601,InnoDB,LOCK_SYS_PAGE,941,8,546
1787549611.600,2026-08-24 05:33:31.601,InnoDB,LOCK_SYS_PAGE,890,8,500
1787549611.600,2026-08-24 05:33:31.601,InnoDB,LOCK_SYS_PAGE,813,8,513
1787549611.600,2026-08-24 05:33:31.601,InnoDB,LOCK_SYS_PAGE,901,8,503
1787549611.600,2026-08-24 05:33:31.601,InnoDB,LOCK_SYS_PAGE,797,8,504
1787549611.600,2026-08-24 05:33:31.601,InnoDB,LOCK_SYS_PAGE,785,8,490
1787549611.600,2026-08-24 05:33:31.601,InnoDB,LOCK_SYS_PAGE,876,8,511
1787549611.600,2026-08-24 05:33:31.601,InnoDB,LOCK_SYS_PAGE,907,8,512
1787549611.600,2026-08-24 05:33:31.601,InnoDB,LOCK_SYS_PAGE,970,8,526
1787549611.600,2026-08-24 05:33:31.601,InnoDB,LOCK_SYS_PAGE,897,8,504
1787549611.600,2026-08-24 05:33:31.601,InnoDB,LOCK_SYS_PAGE,832,8,477
1787549611.600,2026-08-24 05:33:31.601,InnoDB,LOCK_SYS_PAGE,805,7,525
1787549611.600,2026-08-24 05:33:31.601,InnoDB,LOCK_SYS_PAGE,875,7,535
1787549611.600,2026-08-24 05:33:31.601,InnoDB,LOCK_SYS_PAGE,886,7,556
1787549611.600,2026-08-24 05:33:31.601,InnoDB,LOCK_SYS_PAGE,843,7,516
1787549611.600,2026-08-24 05:33:31.601,InnoDB,LOCK_SYS_PAGE,862,7,546
1787549611.600,2026-08-24 05:33:31.601,InnoDB,LOCK_SYS_PAGE,816,7,511
1787549611.600,2026-08-24 05:33:31.601,InnoDB,LOCK_SYS_PAGE,835,7,473
1787549611.600,2026-08-24 05:33:31.601,InnoDB,LOCK_SYS_PAGE,846,7,505
1787549611.600,2026-08-24 05:33:31.601,InnoDB,LOCK_SYS_PAGE,815,7,484
1787549611.600,2026-08-24 05:33:31.601,InnoDB,LOCK_SYS_PAGE,958,7,551
1787549611.600,2026-08-24 05:33:31.601,InnoDB,LOCK_SYS_PAGE,825,7,558
1787549611.600,2026-08-24 05:33:31.601,InnoDB,LOCK_SYS_PAGE,721,7,462
1787549611.600,2026-08-24 05:33:31.601,InnoDB,LOCK_SYS_PAGE,828,7,536
1787549611.600,2026-08-24 05:33:31.601,InnoDB,LOCK_SYS_PAGE,860,7,522
1787549611.600,2026-08-24 05:33:31.601,InnoDB,PARSER,238,7,5
1787549611.600,2026-08-24 05:33:31.601,InnoDB,LOCK_SYS_PAGE,730,7,470
1787549611.600,2026-08-24 05:33:31.601,InnoDB,LOCK_SYS_PAGE,893,7,512
1787549611.600,2026-08-24 05:33:31.601,InnoDB,LOCK_SYS_PAGE,834,7,479
1787549611.600,2026-08-24 05:33:31.601,InnoDB,LOCK_SYS_PAGE,860,7,521
1787549611.600,2026-08-24 05:33:31.601,InnoDB,LOCK_SYS_PAGE,804,7,479
1787549611.600,2026-08-24 05:33:31.601,InnoDB,LOCK_SYS_PAGE,819,7,517
1787549611.600,2026-08-24 05:33:31.601,InnoDB,LOCK_SYS_PAGE,822,7,515
1787549611.600,2026-08-24 05:33:31.601,InnoDB,LOCK_SYS_PAGE,905,7,478
1787549611.600,2026-08-24 05:33:31.601,InnoDB,LOCK_SYS_PAGE,922,7,554
1787549611.600,2026-08-24 05:33:31.601,InnoDB,LOCK_SYS_PAGE,770,7,532
1787549611.600,2026-08-24 05:33:31.601,InnoDB,LOCK_SYS_PAGE,808,7,492
1787549611.600,2026-08-24 05:33:31.601,InnoDB,LOCK_SYS_PAGE,782,6,546
1787549611.600,2026-08-24 05:33:31.601,InnoDB,LOCK_SYS_PAGE,757,6,543
1787549611.600,2026-08-24 05:33:31.601,InnoDB,LOCK_SYS_PAGE,906,6,499
1787549611.600,2026-08-24 05:33:31.601,InnoDB,LOCK_SYS_PAGE,879,6,550
1787549611.600,2026-08-24 05:33:31.601,InnoDB,LOCK_SYS_PAGE,782,6,490
1787549611.600,2026-08-24 05:33:31.601,InnoDB,LOCK_SYS_PAGE,806,6,512
1787549611.600,2026-08-24 05:33:31.601,InnoDB,LOCK_SYS_PAGE,833,6,522
1787549611.600,2026-08-24 05:33:31.601,InnoDB,LOCK_SYS_PAGE,840,6,501
1787549611.600,2026-08-24 05:33:31.601,InnoDB,LOCK_SYS_PAGE,703,6,455
1787549611.600,2026-08-24 05:33:31.601,InnoDB,LOCK_SYS_PAGE,973,6,548
1787549611.600,2026-08-24 05:33:31.601,InnoDB,LOCK_SYS_PAGE,783,6,489
1787549611.600,2026-08-24 05:33:31.601,InnoDB,LOCK_SYS_PAGE,808,6,517
1787549611.600,2026-08-24 05:33:31.601,InnoDB,LOCK_SYS_PAGE,730,6,504
1787549611.600,2026-08-24 05:33:31.601,InnoDB,LOCK_SYS_PAGE,800,6,500
1787549611.600,2026-08-24 05:33:31.601,InnoDB,LOCK_SYS_PAGE,809,6,484
1787549611.600,2026-08-24 05:33:31.601,InnoDB,LOCK_SYS_PAGE,672,6,468
1787549611.600,2026-08-24 05:33:31.601,InnoDB,LOCK_SYS_PAGE,729,5,456
1787549611.600,2026-08-24 05:33:31.601,InnoDB,LOCK_SYS_PAGE,747,5,489
1787549611.600,2026-08-24 05:33:31.601,InnoDB,DICT_TABLE_STATS_COMPUTE,174,5,4
1787549611.600,2026-08-24 05:33:31.601,InnoDB,LOCK_SYS_PAGE,814,5,562
1787549611.600,2026-08-24 05:33:31.601,InnoDB,LOCK_SYS_PAGE,656,5,461
1787549611.600,2026-08-24 05:33:31.601,InnoDB,LOCK_SYS_PAGE,785,5,529
1787549611.600,2026-08-24 05:33:31.601,InnoDB,LOCK_SYS_PAGE,733,4,483
1787549611.600,2026-08-24 05:33:31.601,InnoDB,LOCK_SYS_PAGE,694,4,489
1787549611.600,2026-08-24 05:33:31.601,InnoDB,LOCK_SYS_PAGE,661,4,457
1787549611.600,2026-08-24 05:33:31.601,InnoDB,LOCK_SYS_PAGE,728,4,494
1787549611.600,2026-08-24 05:33:31.601,InnoDB,LOCK_SYS_PAGE,726,4,497
1787549611.600,2026-08-24 05:33:31.601,InnoDB,DICT_TABLE_STATS_COMPUTE,90,3,2
1787549611.600,2026-08-24 05:33:31.601,InnoDB,LOCK_SYS_PAGE,769,3,518
1787549611.600,2026-08-24 05:33:31.601,InnoDB,FIL_SHARD,99,2,44
1787549611.600,2026-08-24 05:33:31.601,InnoDB,FIL_SHARD,144,2,91
1787549611.600,2026-08-24 05:33:31.601,InnoDB,LOCK_SYS_PAGE,620,2,465
1787549611.600,2026-08-24 05:33:31.601,InnoDB,FIL_SHARD,96,2,25
1787549611.600,2026-08-24 05:33:31.601,InnoDB,FIL_SHARD,78,2,28
1787549611.600,2026-08-24 05:33:31.601,InnoDB,FIL_SHARD,63,1,35
1787549611.600,2026-08-24 05:33:31.601,InnoDB,TRX_SYS_SHARD,34,1,1
1787549611.600,2026-08-24 05:33:31.601,InnoDB,TRX_SYS_SHARD,32,1,3
1787549611.600,2026-08-24 05:33:31.601,InnoDB,FIL_SHARD,73,1,43
1787549611.600,2026-08-24 05:33:31.601,InnoDB,FIL_SHARD,38,1,11
1787549611.600,2026-08-24 05:33:31.601,InnoDB,TRX_SYS_SHARD,35,1,2
1787549611.600,2026-08-24 05:33:31.601,InnoDB,TRX_SYS_SHARD,31,1,2
1787549611.600,2026-08-24 05:33:31.601,InnoDB,LOG_LIMITS,238,1,140
1787549611.600,2026-08-24 05:33:31.601,InnoDB,FIL_SHARD,80,1,72
1787549611.600,2026-08-24 05:33:31.601,InnoDB,TRX_SYS_SHARD,30,1,1
1787549611.600,2026-08-24 05:33:31.601,InnoDB,FIL_SHARD,47,1,24
1787549611.600,2026-08-24 05:33:31.601,InnoDB,TRX_SYS_SHARD,4,0,3
1787549611.600,2026-08-24 05:33:31.601,InnoDB,TRX_SYS_SHARD,1,0,1
1787549611.600,2026-08-24 05:33:31.601,InnoDB,TRX_SYS_SHARD,1,0,1
1787549611.600,2026-08-24 05:33:31.601,InnoDB,TRX_SYS_SHARD,1,0,1
1787549611.600,2026-08-24 05:33:31.601,InnoDB,TRX_SYS_SHARD,2,0,1
1787549611.600,2026-08-24 05:33:31.601,InnoDB,TRX_SYS_SHARD,1,0,1
1787549611.600,2026-08-24 05:33:31.601,InnoDB,TRX_SYS_SHARD,1,0,1
1787549611.600,2026-08-24 05:33:31.601,InnoDB,TRX_SYS_SHARD,1,0,1
1787549611.600,2026-08-24 05:33:31.601,InnoDB,TRX_SYS_SHARD,1,0,1
1787549611.600,2026-08-24 05:33:31.601,InnoDB,TRX_SYS_SHARD,1,0,1
1787549611.600,2026-08-24 05:33:31.601,InnoDB,TRX_SYS_SHARD,1,0,1
1787549611.600,2026-08-24 05:33:31.601,InnoDB,TRX_SYS_SHARD,1,0,1
1787549611.600,2026-08-24 05:33:31.601,InnoDB,TRX_SYS_SHARD,1,0,1
1787549611.600,2026-08-24 05:33:31.601,InnoDB,TRX_SYS_SHARD,1,0,1
1787549611.600,2026-08-24 05:33:31.601,InnoDB,TRX_SYS_SHARD,1,0,1
1787549611.600,2026-08-24 05:33:31.601,InnoDB,TRX_SYS_SHARD,1,0,1
1787549611.600,2026-08-24 05:33:31.601,InnoDB,TRX_SYS_SHARD,1,0,1
1787549611.600,2026-08-24 05:33:31.601,InnoDB,TRX_SYS_SHARD,2,0,1
1787549611.600,2026-08-24 05:33:31.601,InnoDB,TRX_SYS_SHARD,2,0,1
1787549611.600,2026-08-24 05:33:31.601,InnoDB,TRX_SYS_SHARD,1,0,1
1787549611.600,2026-08-24 05:33:31.601,InnoDB,TRX_SYS_SHARD,1,0,1
1787549611.600,2026-08-24 05:33:31.601,InnoDB,TRX_SYS_SHARD,2,0,2
1787549611.600,2026-08-24 05:33:31.601,InnoDB,TRX_SYS_SHARD,1,0,1
1787549611.600,2026-08-24 05:33:31.601,InnoDB,TRX_SYS_SHARD,1,0,1
1787549611.600,2026-08-24 05:33:31.601,InnoDB,TRX_SYS_SHARD,2,0,2
1787549611.600,2026-08-24 05:33:31.601,InnoDB,TRX_SYS_SHARD,2,0,1
1787549611.600,2026-08-24 05:33:31.601,InnoDB,TRX_SYS_SHARD,1,0,1
1787549611.600,2026-08-24 05:33:31.601,InnoDB,TRX_SYS_SHARD,1,0,1
1787549611.600,2026-08-24 05:33:31.601,InnoDB,TRX_SYS_SHARD,2,0,1
1787549611.600,2026-08-24 05:33:31.601,InnoDB,TRX_SYS_SHARD,2,0,1
1787549611.600,2026-08-24 05:33:31.601,InnoDB,TRX_SYS_SHARD,1,0,1
1787549611.600,2026-08-24 05:33:31.601,InnoDB,TRX_SYS_SHARD,1,0,1
1787549611.600,2026-08-24 05:33:31.601,InnoDB,TRX_SYS_SHARD,1,0,1
1787549611.600,2026-08-24 05:33:31.601,InnoDB,TRX_SYS_SHARD,1,0,1
1787549611.600,2026-08-24 05:33:31.601,InnoDB,TRX_SYS_SHARD,4,0,2
1787549611.600,2026-08-24 05:33:31.601,InnoDB,TRX_SYS_SHARD,1,0,1
1787549611.600,2026-08-24 05:33:31.601,InnoDB,TRX_SYS_SHARD,1,0,1
1787549611.600,2026-08-24 05:33:31.601,InnoDB,TRX_SYS_SHARD,2,0,1
1787549611.600,2026-08-24 05:33:31.601,InnoDB,TRX_SYS_SHARD,1,0,1
1787549611.600,2026-08-24 05:33:31.601,InnoDB,FIL_SHARD,135,0,167
1787549611.600,2026-08-24 05:33:31.601,InnoDB,TRX_SYS_SHARD,2,0,2
1787549611.600,2026-08-24 05:33:31.601,InnoDB,TRX_SYS_SHARD,2,0,1
1787549611.600,2026-08-24 05:33:31.601,InnoDB,TRX_SYS_SHARD,2,0,1
1787549611.600,2026-08-24 05:33:31.601,InnoDB,TRX_SYS_SHARD,1,0,1
1787549611.600,2026-08-24 05:33:31.601,InnoDB,FIL_SHARD,25,0,8
1787549611.600,2026-08-24 05:33:31.601,InnoDB,TRX_SYS_SHARD,2,0,1
1787549611.600,2026-08-24 05:33:31.601,InnoDB,TRX_SYS_SHARD,1,0,1
1787549611.600,2026-08-24 05:33:31.601,InnoDB,CLONE_SYS,1,0,1
1787549611.600,2026-08-24 05:33:31.601,InnoDB,TRX_SYS_SHARD,1,0,1
1787549611.600,2026-08-24 05:33:31.601,InnoDB,TRX_SYS_SHARD,1,0,1
1787549611.600,2026-08-24 05:33:31.601,InnoDB,TRX_SYS_SHARD,2,0,2
1787549611.600,2026-08-24 05:33:31.601,InnoDB,TRX_SYS_SHARD,1,0,1
1787549611.600,2026-08-24 05:33:31.601,InnoDB,TRX_SYS_SHARD,2,0,2
1787549611.600,2026-08-24 05:33:31.601,InnoDB,TRX_SYS_SHARD,1,0,1
1787549611.600,2026-08-24 05:33:31.601,InnoDB,TRX_SYS_SHARD,2,0,1
1787549611.600,2026-08-24 05:33:31.601,InnoDB,TRX_SYS_SHARD,1,0,1
1787549611.600,2026-08-24 05:33:31.601,InnoDB,FIL_SHARD,3,0,12
1787549611.600,2026-08-24 05:33:31.601,InnoDB,FIL_SHARD,5,0,15
1787549611.600,2026-08-24 05:33:31.601,InnoDB,FIL_SHARD,9,0,21
1787549611.600,2026-08-24 05:33:31.601,InnoDB,FIL_SHARD,8,0,22
1787549611.600,2026-08-24 05:33:31.601,InnoDB,FIL_SHARD,52,0,36
1787549611.600,2026-08-24 05:33:31.601,InnoDB,FIL_SHARD,7,0,13
1787549611.600,2026-08-24 05:33:31.601,InnoDB,FIL_SHARD,7,0,14
1787549611.600,2026-08-24 05:33:31.601,InnoDB,FIL_SHARD,17,0,30
1787549611.600,2026-08-24 05:33:31.601,InnoDB,FIL_SHARD,8,0,15
1787549611.600,2026-08-24 05:33:31.601,InnoDB,FIL_SHARD,6,0,11
1787549611.600,2026-08-24 05:33:31.601,InnoDB,FIL_SHARD,39,0,49
1787549611.600,2026-08-24 05:33:31.601,InnoDB,FIL_SHARD,4,0,7
1787549611.600,2026-08-24 05:33:31.601,InnoDB,FIL_SHARD,21,0,29
1787549611.600,2026-08-24 05:33:31.601,InnoDB,FIL_SHARD,22,0,30
1787549611.600,2026-08-24 05:33:31.601,InnoDB,FIL_SHARD,33,0,56
1787549611.600,2026-08-24 05:33:31.601,InnoDB,FIL_SHARD,40,0,53
1787549611.600,2026-08-24 05:33:31.601,InnoDB,FIL_SHARD,31,0,50
1787549611.600,2026-08-24 05:33:31.601,InnoDB,FIL_SHARD,30,0,47
1787549611.600,2026-08-24 05:33:31.601,InnoDB,FIL_SHARD,17,0,29
1787549611.600,2026-08-24 05:33:31.601,InnoDB,FIL_SHARD,42,0,32
1787549611.600,2026-08-24 05:33:31.601,InnoDB,FIL_SHARD,5,0,9
1787549611.600,2026-08-24 05:33:31.601,InnoDB,FIL_SHARD,15,0,18
1787549611.600,2026-08-24 05:33:31.601,InnoDB,FIL_SHARD,8,0,23
1787549611.600,2026-08-24 05:33:31.601,InnoDB,FIL_SHARD,9,0,23
1787549611.600,2026-08-24 05:33:31.601,InnoDB,FIL_SHARD,8,0,12
1787549611.600,2026-08-24 05:33:31.601,InnoDB,FIL_SHARD,4,0,17
1787549611.600,2026-08-24 05:33:31.601,InnoDB,FIL_SHARD,31,0,24
1787549611.600,2026-08-24 05:33:31.601,InnoDB,FIL_SHARD,8,0,18
1787549611.600,2026-08-24 05:33:31.601,InnoDB,FIL_SHARD,9,0,18
1787549611.600,2026-08-24 05:33:31.601,InnoDB,FIL_SHARD,10,0,14
1787549611.600,2026-08-24 05:33:31.601,InnoDB,FIL_SHARD,19,0,27
1787549611.600,2026-08-24 05:33:31.601,InnoDB,FIL_SHARD,6,0,13
1787549611.600,2026-08-24 05:33:31.601,InnoDB,AUTOINC,1,0,1
1787549611.600,2026-08-24 05:33:31.601,InnoDB,TRX_SYS_SHARD,1,0,1
1787549611.600,2026-08-24 05:33:31.601,InnoDB,TRX_SYS_SHARD,2,0,2
1787549611.600,2026-08-24 05:33:31.601,InnoDB,TRX_SYS_SHARD,1,0,1
1787549611.600,2026-08-24 05:33:31.601,InnoDB,TRX_SYS_SHARD,1,0,1
1787549611.600,2026-08-24 05:33:31.601,InnoDB,TRX_SYS_SHARD,1,0,1
1787549611.600,2026-08-24 05:33:31.601,InnoDB,TRX_SYS_SHARD,5,0,3
1787549611.600,2026-08-24 05:33:31.601,InnoDB,TRX_SYS_SHARD,8,0,1
1787549611.600,2026-08-24 05:33:31.601,InnoDB,TRX_SYS_SHARD,1,0,1
1787549611.600,2026-08-24 05:33:31.601,InnoDB,TRX_SYS_SHARD,2,0,2
1787549611.600,2026-08-24 05:33:31.601,InnoDB,TRX_SYS_SHARD,6,0,1
1787549611.600,2026-08-24 05:33:31.601,InnoDB,TRX_SYS_SHARD,1,0,1
1787549611.600,2026-08-24 05:33:31.601,InnoDB,TRX_SYS_SHARD,1,0,1
1787549611.600,2026-08-24 05:33:31.601,InnoDB,TRX_SYS_SHARD,2,0,1
1787549611.600,2026-08-24 05:33:31.601,InnoDB,TRX_SYS_SHARD,1,0,1
1787549611.600,2026-08-24 05:33:31.601,InnoDB,TRX_SYS_SHARD,2,0,2
1787549611.600,2026-08-24 05:33:31.601,InnoDB,TRX_SYS_SHARD,3,0,2
1787549611.600,2026-08-24 05:33:31.601,InnoDB,TRX_SYS_SHARD,1,0,1
1787549611.600,2026-08-24 05:33:31.601,InnoDB,TRX_SYS_SHARD,1,0,1
1787549611.600,2026-08-24 05:33:31.601,InnoDB,TRX_SYS_SHARD,1,0,1
1787549611.600,2026-08-24 05:33:31.601,InnoDB,TRX_SYS_SHARD,2,0,2
1787549611.600,2026-08-24 05:33:31.601,InnoDB,TRX_SYS_SHARD,1,0,1
1787549611.600,2026-08-24 05:33:31.601,InnoDB,TRX_SYS_SHARD,1,0,1
1787549611.600,2026-08-24 05:33:31.601,InnoDB,TRX_SYS_SHARD,1,0,1
1787549611.600,2026-08-24 05:33:31.601,InnoDB,TRX_SYS_SHARD,2,0,2
1787549611.600,2026-08-24 05:33:31.601,InnoDB,TRX_SYS_SHARD,2,0,1
1787549611.600,2026-08-24 05:33:31.601,InnoDB,FIL_SHARD,72,0,107
1787549611.600,2026-08-24 05:33:31.601,InnoDB,TRX,1,0,1
1787549611.600,2026-08-24 05:33:31.601,InnoDB,TRX,1,0,1
1787549611.600,2026-08-24 05:33:31.601,InnoDB,TRX,1,0,1
1787549611.600,2026-08-24 05:33:31.601,InnoDB,TRX_POOL_MANAGER,5,0,5
1787549611.600,2026-08-24 05:33:31.601,InnoDB,FIL_SHARD,54,0,77
1787549611.600,2026-08-24 05:33:31.601,InnoDB,FIL_SHARD,56,0,62
1787549611.600,2026-08-24 05:33:31.601,InnoDB,rwlock: dict0dict.cc:2631,,10518,
1787549611.600,2026-08-24 05:33:31.601,InnoDB,rwlock: dict0dict.cc:2631,,10702,
1787549611.600,2026-08-24 05:33:31.601,InnoDB,rwlock: dict0dict.cc:2631,,11054,
1787549611.600,2026-08-24 05:33:31.601,InnoDB,rwlock: dict0dict.cc:2631,,10841,
1787549611.600,2026-08-24 05:33:31.601,InnoDB,rwlock: dict0dict.cc:2631,,11121,
1787549611.600,2026-08-24 05:33:31.601,InnoDB,rwlock: dict0dict.cc:2631,,10721,
1787549611.600,2026-08-24 05:33:31.601,InnoDB,rwlock: dict0dict.cc:2631,,10765,
1787549611.600,2026-08-24 05:33:31.601,InnoDB,rwlock: dict0dict.cc:2631,,10901,
1787549611.600,2026-08-24 05:33:31.601,InnoDB,rwlock: dict0dict.cc:2631,,10918,
1787549611.600,2026-08-24 05:33:31.601,InnoDB,rwlock: dict0dict.cc:2631,,11119,
1787549611.600,2026-08-24 05:33:31.601,InnoDB,rwlock: dict0dict.cc:2631,,10455,
1787549611.600,2026-08-24 05:33:31.601,InnoDB,rwlock: dict0dict.cc:2631,,10423,
1787549611.600,2026-08-24 05:33:31.601,InnoDB,rwlock: dict0dict.cc:2631,,10630,
1787549611.600,2026-08-24 05:33:31.601,InnoDB,rwlock: dict0dict.cc:2631,,10782,
1787549611.600,2026-08-24 05:33:31.601,InnoDB,rwlock: dict0dict.cc:2631,,10735,
1787549611.600,2026-08-24 05:33:31.601,InnoDB,rwlock: dict0dict.cc:2631,,10232,
1787549611.600,2026-08-24 05:33:31.601,InnoDB,rwlock: dict0dict.cc:2631,,10777,
1787549611.600,2026-08-24 05:33:31.601,InnoDB,rwlock: dict0dict.cc:2631,,10152,
1787549611.600,2026-08-24 05:33:31.601,InnoDB,rwlock: dict0dict.cc:2631,,10099,
1787549611.600,2026-08-24 05:33:31.601,InnoDB,rwlock: dict0dict.cc:2631,,11144,
1787549611.600,2026-08-24 05:33:31.601,InnoDB,rwlock: dict0dict.cc:2631,,1,
1787549611.600,2026-08-24 05:33:31.601,InnoDB,rwlock: dict0dict.cc:2631,,1,
1787549611.600,2026-08-24 05:33:31.601,InnoDB,rwlock: dict0dict.cc:2631,,1,
1787549611.600,2026-08-24 05:33:31.601,InnoDB,rwlock: dict0dict.cc:2631,,1,
1787549611.600,2026-08-24 05:33:31.601,InnoDB,rwlock: dict0dict.cc:2631,,1,
1787549611.600,2026-08-24 05:33:31.601,InnoDB,rwlock: fil0fil.cc:10242,,1,
1787549611.600,2026-08-24 05:33:31.601,InnoDB,rwlock: fil0fil.cc:10242,,1,
1787549611.600,2026-08-24 05:33:31.601,InnoDB,rwlock: dict0dict.cc:2631,,2,
1787549611.600,2026-08-24 05:33:31.601,InnoDB,rwlock: dict0dict.cc:2631,,1,
1787549611.600,2026-08-24 05:33:31.601,InnoDB,rwlock: dict0dict.cc:2631,,2,
1787549611.600,2026-08-24 05:33:31.601,InnoDB,rwlock: fil0fil.cc:10242,,1,
1787549611.600,2026-08-24 05:33:31.601,InnoDB,rwlock: dict0dict.cc:2631,,1,
1787549611.600,2026-08-24 05:33:31.601,InnoDB,rwlock: dict0dict.cc:2631,,1,
1787549611.600,2026-08-24 05:33:31.601,InnoDB,rwlock: dict0dict.cc:2631,,3,
1787549611.600,2026-08-24 05:33:31.601,InnoDB,rwlock: trx0purge.cc:232,,29,
1787549611.600,2026-08-24 05:33:31.601,InnoDB,rwlock: fil0fil.cc:10242,,5105,
1787549611.600,2026-08-24 05:33:31.601,InnoDB,rwlock: fil0fil.cc:10242,,4618,
1787549611.600,2026-08-24 05:33:31.601,InnoDB,rwlock: dict0dict.cc:1180,,25,
1787549611.600,2026-08-24 05:33:31.601,InnoDB,rwlock: hash0hash.cc:117,,705,
1787549611.600,2026-08-24 05:33:31.601,InnoDB,rwlock: hash0hash.cc:117,,1444,
1787549611.600,2026-08-24 05:33:31.601,InnoDB,rwlock: hash0hash.cc:117,,2532,
1787549611.600,2026-08-24 05:33:31.601,InnoDB,rwlock: hash0hash.cc:117,,580,
1787549611.600,2026-08-24 05:33:31.601,InnoDB,rwlock: hash0hash.cc:117,,714,
1787549611.600,2026-08-24 05:33:31.601,InnoDB,rwlock: hash0hash.cc:117,,835,
1787549611.600,2026-08-24 05:33:31.601,InnoDB,rwlock: hash0hash.cc:117,,1066,
1787549611.600,2026-08-24 05:33:31.601,InnoDB,rwlock: hash0hash.cc:117,,486,
1787549611.600,2026-08-24 05:33:31.601,InnoDB,rwlock: hash0hash.cc:117,,993,
1787549611.600,2026-08-24 05:33:31.601,InnoDB,rwlock: hash0hash.cc:117,,1998,
1787549611.600,2026-08-24 05:33:31.601,InnoDB,rwlock: hash0hash.cc:117,,742,
1787549611.600,2026-08-24 05:33:31.601,InnoDB,rwlock: hash0hash.cc:117,,2334,
1787549611.600,2026-08-24 05:33:31.601,InnoDB,rwlock: hash0hash.cc:117,,678,
1787549611.600,2026-08-24 05:33:31.601,InnoDB,rwlock: hash0hash.cc:117,,1123,
1787549611.600,2026-08-24 05:33:31.601,InnoDB,rwlock: hash0hash.cc:117,,1051,
1787549611.600,2026-08-24 05:33:31.601,InnoDB,rwlock: hash0hash.cc:117,,1228,
1787549611.600,2026-08-24 05:33:31.601,InnoDB,rwlock: hash0hash.cc:117,,833,
1787549611.600,2026-08-24 05:33:31.601,InnoDB,rwlock: hash0hash.cc:117,,505,
1787549611.600,2026-08-24 05:33:31.601,InnoDB,rwlock: hash0hash.cc:117,,630,
1787549611.600,2026-08-24 05:33:31.601,InnoDB,rwlock: hash0hash.cc:117,,1073,
1787549611.600,2026-08-24 05:33:31.601,InnoDB,rwlock: hash0hash.cc:117,,510,
1787549611.600,2026-08-24 05:33:31.601,InnoDB,rwlock: hash0hash.cc:117,,662,
1787549611.600,2026-08-24 05:33:31.601,InnoDB,rwlock: hash0hash.cc:117,,839,
1787549611.600,2026-08-24 05:33:31.601,InnoDB,rwlock: hash0hash.cc:117,,482,
1787549611.600,2026-08-24 05:33:31.601,InnoDB,rwlock: hash0hash.cc:117,,537,
1787549611.600,2026-08-24 05:33:31.601,InnoDB,rwlock: hash0hash.cc:117,,991,
1787549611.600,2026-08-24 05:33:31.601,InnoDB,rwlock: hash0hash.cc:117,,589,
1787549611.600,2026-08-24 05:33:31.601,InnoDB,rwlock: hash0hash.cc:117,,962,
1787549611.600,2026-08-24 05:33:31.601,InnoDB,rwlock: hash0hash.cc:117,,872,
1787549611.600,2026-08-24 05:33:31.601,InnoDB,rwlock: hash0hash.cc:117,,534,
1787549611.600,2026-08-24 05:33:31.601,InnoDB,rwlock: hash0hash.cc:117,,1148,
1787549611.600,2026-08-24 05:33:31.601,InnoDB,rwlock: hash0hash.cc:117,,556,
1787549611.600,2026-08-24 05:33:31.601,InnoDB,rwlock: hash0hash.cc:117,,568,
1787549611.600,2026-08-24 05:33:31.601,InnoDB,rwlock: hash0hash.cc:117,,500,
1787549611.600,2026-08-24 05:33:31.601,InnoDB,rwlock: hash0hash.cc:117,,2172,
1787549611.600,2026-08-24 05:33:31.601,InnoDB,rwlock: hash0hash.cc:117,,731,
1787549611.600,2026-08-24 05:33:31.601,InnoDB,rwlock: hash0hash.cc:117,,687,
1787549611.600,2026-08-24 05:33:31.601,InnoDB,rwlock: hash0hash.cc:117,,1298,
1787549611.600,2026-08-24 05:33:31.601,InnoDB,rwlock: hash0hash.cc:117,,2097,
1787549611.600,2026-08-24 05:33:31.601,InnoDB,rwlock: hash0hash.cc:117,,1138,
1787549611.600,2026-08-24 05:33:31.601,InnoDB,rwlock: hash0hash.cc:117,,650,
1787549611.600,2026-08-24 05:33:31.601,InnoDB,rwlock: hash0hash.cc:117,,1039,
1787549611.600,2026-08-24 05:33:31.601,InnoDB,rwlock: hash0hash.cc:117,,716,
1787549611.600,2026-08-24 05:33:31.601,InnoDB,rwlock: hash0hash.cc:117,,747,
1787549611.600,2026-08-24 05:33:31.601,InnoDB,rwlock: hash0hash.cc:117,,1339,
1787549611.600,2026-08-24 05:33:31.601,InnoDB,rwlock: hash0hash.cc:117,,1805,
1787549611.600,2026-08-24 05:33:31.601,InnoDB,rwlock: hash0hash.cc:117,,1329,
1787549611.600,2026-08-24 05:33:31.601,InnoDB,rwlock: hash0hash.cc:117,,597,
1787549611.600,2026-08-24 05:33:31.601,InnoDB,rwlock: hash0hash.cc:117,,798,
1787549611.600,2026-08-24 05:33:31.601,InnoDB,rwlock: hash0hash.cc:117,,830,
1787549611.600,2026-08-24 05:33:31.601,InnoDB,rwlock: hash0hash.cc:117,,699,
1787549611.600,2026-08-24 05:33:31.601,InnoDB,rwlock: hash0hash.cc:117,,830,
1787549611.600,2026-08-24 05:33:31.601,InnoDB,rwlock: hash0hash.cc:117,,752,
1787549611.600,2026-08-24 05:33:31.601,InnoDB,rwlock: hash0hash.cc:117,,744,
1787549611.600,2026-08-24 05:33:31.601,InnoDB,rwlock: hash0hash.cc:117,,647,
1787549611.600,2026-08-24 05:33:31.601,InnoDB,rwlock: hash0hash.cc:117,,692,
1787549611.600,2026-08-24 05:33:31.601,InnoDB,rwlock: hash0hash.cc:117,,391,
1787549611.600,2026-08-24 05:33:31.601,InnoDB,rwlock: hash0hash.cc:117,,688,
1787549611.600,2026-08-24 05:33:31.601,InnoDB,rwlock: hash0hash.cc:117,,1029,
1787549611.600,2026-08-24 05:33:31.601,InnoDB,rwlock: hash0hash.cc:117,,758,
1787549611.600,2026-08-24 05:33:31.601,InnoDB,rwlock: hash0hash.cc:117,,673,
1787549611.600,2026-08-24 05:33:31.601,InnoDB,rwlock: hash0hash.cc:117,,686,
1787549611.600,2026-08-24 05:33:31.601,InnoDB,rwlock: hash0hash.cc:117,,776,
1787549611.600,2026-08-24 05:33:31.601,InnoDB,rwlock: hash0hash.cc:117,,840,
1787549611.600,2026-08-24 05:33:31.601,InnoDB,rwlock: hash0hash.cc:117,,2581,
1787549611.600,2026-08-24 05:33:31.601,InnoDB,rwlock: hash0hash.cc:117,,2970,
1787549611.600,2026-08-24 05:33:31.601,InnoDB,rwlock: hash0hash.cc:117,,2634,
1787549611.600,2026-08-24 05:33:31.601,InnoDB,rwlock: hash0hash.cc:117,,858,
1787549611.600,2026-08-24 05:33:31.601,InnoDB,rwlock: hash0hash.cc:117,,1379,
1787549611.600,2026-08-24 05:33:31.601,InnoDB,rwlock: hash0hash.cc:117,,1091,
1787549611.600,2026-08-24 05:33:31.601,InnoDB,rwlock: hash0hash.cc:117,,1198,
1787549611.600,2026-08-24 05:33:31.601,InnoDB,rwlock: hash0hash.cc:117,,1010,
1787549611.600,2026-08-24 05:33:31.601,InnoDB,rwlock: hash0hash.cc:117,,3393,
1787549611.600,2026-08-24 05:33:31.601,InnoDB,rwlock: hash0hash.cc:117,,3090,
1787549611.600,2026-08-24 05:33:31.601,InnoDB,rwlock: hash0hash.cc:117,,1291,
1787549611.600,2026-08-24 05:33:31.601,InnoDB,rwlock: hash0hash.cc:117,,2621,
1787549611.600,2026-08-24 05:33:31.601,InnoDB,rwlock: hash0hash.cc:117,,1431,
1787549611.600,2026-08-24 05:33:31.601,InnoDB,rwlock: hash0hash.cc:117,,1036,
1787549611.600,2026-08-24 05:33:31.601,InnoDB,rwlock: hash0hash.cc:117,,1161,
1787549611.600,2026-08-24 05:33:31.601,InnoDB,rwlock: hash0hash.cc:117,,2877,
1787549611.600,2026-08-24 05:33:31.601,InnoDB,rwlock: hash0hash.cc:117,,2316,
1787549611.600,2026-08-24 05:33:31.601,InnoDB,rwlock: hash0hash.cc:117,,1172,
1787549611.600,2026-08-24 05:33:31.601,InnoDB,rwlock: hash0hash.cc:117,,2431,
1787549611.600,2026-08-24 05:33:31.601,InnoDB,rwlock: hash0hash.cc:117,,1232,
1787549611.600,2026-08-24 05:33:31.601,InnoDB,rwlock: hash0hash.cc:117,,1070,
1787549611.600,2026-08-24 05:33:31.601,InnoDB,rwlock: hash0hash.cc:117,,1568,
1787549611.600,2026-08-24 05:33:31.601,InnoDB,rwlock: hash0hash.cc:117,,2395,
1787549611.600,2026-08-24 05:33:31.601,InnoDB,rwlock: hash0hash.cc:117,,2001,
1787549611.600,2026-08-24 05:33:31.601,InnoDB,rwlock: hash0hash.cc:117,,852,
1787549611.600,2026-08-24 05:33:31.601,InnoDB,rwlock: hash0hash.cc:117,,1136,
1787549611.600,2026-08-24 05:33:31.601,InnoDB,rwlock: hash0hash.cc:117,,1202,
1787549611.600,2026-08-24 05:33:31.601,InnoDB,rwlock: hash0hash.cc:117,,3220,
1787549611.600,2026-08-24 05:33:31.601,InnoDB,rwlock: hash0hash.cc:117,,2576,
1787549611.600,2026-08-24 05:33:31.601,InnoDB,rwlock: hash0hash.cc:117,,1939,
1787549611.600,2026-08-24 05:33:31.601,InnoDB,rwlock: hash0hash.cc:117,,948,
1787549611.600,2026-08-24 05:33:31.601,InnoDB,rwlock: hash0hash.cc:117,,1003,
1787549611.600,2026-08-24 05:33:31.601,InnoDB,sum rwlock: buf0buf.cc:852,,445169,
1787549618.761,2026-08-24 05:33:38.763,InnoDB,SRV_SYS,11646373,299488,1158368
1787549618.761,2026-08-24 05:33:38.763,InnoDB,TRX_SYS,22106049,276516,10038821
1787549618.761,2026-08-24 05:33:38.763,InnoDB,LOG_WRITER,3795476,126422,1785
1787549618.761,2026-08-24 05:33:38.763,InnoDB,BUF_POOL_LRU_LIST,6458785,98103,2547043
1787549618.761,2026-08-24 05:33:38.763,InnoDB,BUF_POOL_LRU_LIST,6067607,97833,2293044
1787549618.761,2026-08-24 05:33:38.763,InnoDB,BUF_POOL_LRU_LIST,6186329,91165,2498982
1787549618.761,2026-08-24 05:33:38.763,InnoDB,BUF_POOL_LRU_LIST,6165644,88000,2593572
1787549618.761,2026-08-24 05:33:38.763,InnoDB,BUF_POOL_LRU_LIST,5809602,85503,2445406
1787549618.761,2026-08-24 05:33:38.763,InnoDB,BUF_POOL_LRU_LIST,5955008,84784,2554994
1787549618.761,2026-08-24 05:33:38.763,InnoDB,DICT_SYS,31749196,34533,21738200
1787549618.761,2026-08-24 05:33:38.763,InnoDB,FLUSH_LIST,1079046,29961,151486
1787549618.761,2026-08-24 05:33:38.763,InnoDB,FLUSH_LIST,918465,24794,142635
1787549618.761,2026-08-24 05:33:38.763,InnoDB,BUF_POOL_FLUSH_STATE,1481874,21105,488600
1787549618.761,2026-08-24 05:33:38.763,InnoDB,FLUSH_LIST,781237,20372,133857
1787549618.761,2026-08-24 05:33:38.763,InnoDB,BUF_POOL_FLUSH_STATE,1430450,20135,467650
1787549618.761,2026-08-24 05:33:38.763,InnoDB,FLUSH_LIST,769883,19966,133478
1787549618.761,2026-08-24 05:33:38.763,InnoDB,BUF_POOL_FLUSH_STATE,1388123,19955,452045
1787549618.761,2026-08-24 05:33:38.763,InnoDB,BUF_POOL_FLUSH_STATE,1428963,19906,464988
1787549618.761,2026-08-24 05:33:38.763,InnoDB,BUF_POOL_FLUSH_STATE,1420657,19882,458766
1787549618.761,2026-08-24 05:33:38.763,InnoDB,BUF_POOL_FLUSH_STATE,1407857,19534,461460
1787549618.761,2026-08-24 05:33:38.763,InnoDB,FLUSH_LIST,697572,17462,134940
1787549618.761,2026-08-24 05:33:38.763,InnoDB,FLUSH_LIST,668254,16478,136880
1787549618.761,2026-08-24 05:33:38.763,InnoDB,PURGE_SYS_PQ,1948434,13925,1253594
1787549618.761,2026-08-24 05:33:38.763,InnoDB,TRX_SYS_SERIALISATION,1328077,11998,798370
1787549618.761,2026-08-24 05:33:38.763,InnoDB,FIL_SHARD,156843,2818,40610
1787549618.761,2026-08-24 05:33:38.763,InnoDB,FIL_SHARD,168160,2778,44833
1787549618.761,2026-08-24 05:33:38.763,InnoDB,FIL_SHARD,148747,2689,39628
1787549618.761,2026-08-24 05:33:38.763,InnoDB,FIL_SHARD,149002,2638,40289
1787549618.761,2026-08-24 05:33:38.763,InnoDB,FIL_SHARD,138264,2518,37900
1787549618.761,2026-08-24 05:33:38.763,InnoDB,FIL_SHARD,142119,2490,40703
1787549618.761,2026-08-24 05:33:38.763,InnoDB,FIL_SHARD,136680,2428,37739
1787549618.761,2026-08-24 05:33:38.763,InnoDB,TRX,723331,2421,1083149
1787549618.761,2026-08-24 05:33:38.763,InnoDB,FIL_SHARD,135731,2416,38545
1787549618.761,2026-08-24 05:33:38.763,InnoDB,FIL_SHARD,135850,2406,38771
1787549618.761,2026-08-24 05:33:38.763,InnoDB,FIL_SHARD,133179,2380,38371
1787549618.761,2026-08-24 05:33:38.763,InnoDB,FIL_SHARD,132100,2341,37454
1787549618.761,2026-08-24 05:33:38.763,InnoDB,FIL_SHARD,129263,2298,37897
1787549618.761,2026-08-24 05:33:38.763,InnoDB,FIL_SHARD,128692,2269,36856
1787549618.761,2026-08-24 05:33:38.763,InnoDB,FIL_SHARD,125742,2258,35896
1787549618.761,2026-08-24 05:33:38.763,InnoDB,FIL_SHARD,129576,2250,37160
1787549618.761,2026-08-24 05:33:38.763,InnoDB,FIL_SHARD,123890,2160,35852
1787549618.761,2026-08-24 05:33:38.763,InnoDB,FIL_SHARD,124703,2159,37915
1787549618.761,2026-08-24 05:33:38.763,InnoDB,FIL_SHARD,124428,2155,37105
1787549618.761,2026-08-24 05:33:38.763,InnoDB,FIL_SHARD,114360,1989,34374
1787549618.761,2026-08-24 05:33:38.763,InnoDB,FIL_SHARD,109710,1970,32242
1787549618.761,2026-08-24 05:33:38.763,InnoDB,LOCK_SYS_TABLE,87935,1241,39980
1787549618.761,2026-08-24 05:33:38.763,InnoDB,LOG_FILES,42143,1198,1473
1787549618.761,2026-08-24 05:33:38.763,InnoDB,LOCK_SYS_TABLE,85915,1198,40110
1787549618.761,2026-08-24 05:33:38.763,InnoDB,LOCK_SYS_TABLE,84527,1166,39131
1787549618.761,2026-08-24 05:33:38.763,InnoDB,LOCK_SYS_TABLE,85175,1164,39180
1787549618.761,2026-08-24 05:33:38.763,InnoDB,LOCK_SYS_TABLE,83887,1154,40324
1787549618.761,2026-08-24 05:33:38.763,InnoDB,LOCK_SYS_TABLE,86939,1146,41253
1787549618.761,2026-08-24 05:33:38.763,InnoDB,LOCK_SYS_TABLE,84256,1145,40390
1787549618.761,2026-08-24 05:33:38.763,InnoDB,LOCK_SYS_TABLE,83592,1125,41648
1787549618.761,2026-08-24 05:33:38.763,InnoDB,LOCK_SYS_TABLE,81991,1123,40162
1787549618.761,2026-08-24 05:33:38.763,InnoDB,LOCK_SYS_TABLE,85468,1120,40744
1787549618.761,2026-08-24 05:33:38.763,InnoDB,LOCK_SYS_TABLE,81962,1110,41005
1787549618.761,2026-08-24 05:33:38.763,InnoDB,LOCK_SYS_TABLE,85590,1104,42567
1787549618.761,2026-08-24 05:33:38.763,InnoDB,LOCK_SYS_TABLE,84686,1102,42525
1787549618.761,2026-08-24 05:33:38.763,InnoDB,BUF_BLOCK_MUTEX,36684,1100,2088
1787549618.761,2026-08-24 05:33:38.763,InnoDB,LOCK_SYS_TABLE,84423,1087,41244
1787549618.761,2026-08-24 05:33:38.763,InnoDB,LOCK_SYS_TABLE,80287,1054,40026
1787549618.761,2026-08-24 05:33:38.763,InnoDB,LOCK_SYS_TABLE,83530,1054,42799
1787549618.761,2026-08-24 05:33:38.763,InnoDB,LOCK_SYS_TABLE,82261,1052,39833
1787549618.761,2026-08-24 05:33:38.763,InnoDB,LOG_FLUSHER,41623,1033,1774
1787549618.761,2026-08-24 05:33:38.763,InnoDB,LOCK_SYS_TABLE,82872,1030,42032
1787549618.761,2026-08-24 05:33:38.763,InnoDB,LOCK_SYS_TABLE,76206,925,38763
1787549618.761,2026-08-24 05:33:38.763,InnoDB,LOCK_SYS_TABLE,75261,897,38213
1787549618.761,2026-08-24 05:33:38.763,InnoDB,SRV_SYS_TASKS,480889,851,456286
1787549618.761,2026-08-24 05:33:38.763,InnoDB,PAGE_CLEANER,326635,501,212059
1787549618.761,2026-08-24 05:33:38.763,InnoDB,FIL_SHARD,29746,342,26784
1787549618.761,2026-08-24 05:33:38.763,InnoDB,FIL_SHARD,27693,265,26745
1787549618.761,2026-08-24 05:33:38.763,InnoDB,DICT_PERSIST_DIRTY_TABLES,608988,233,248069
1787549618.761,2026-08-24 05:33:38.763,InnoDB,IBUF_BITMAP,17401,162,9949
1787549618.761,2026-08-24 05:33:38.763,InnoDB,BUF_POOL_FREE_LIST,47025,90,42369
1787549618.761,2026-08-24 05:33:38.763,InnoDB,BUF_POOL_FREE_LIST,34385,72,32830
1787549618.761,2026-08-24 05:33:38.763,InnoDB,BUF_POOL_FREE_LIST,48354,67,43744
1787549618.761,2026-08-24 05:33:38.763,InnoDB,BUF_POOL_FREE_LIST,39352,56,36973
1787549618.761,2026-08-24 05:33:38.763,InnoDB,BUF_POOL_FREE_LIST,35885,56,35594
1787549618.761,2026-08-24 05:33:38.763,InnoDB,BUF_POOL_FREE_LIST,34016,53,32971
1787549618.761,2026-08-24 05:33:38.763,InnoDB,UNDO_SPACE_RSEG,4203,43,1421
1787549618.761,2026-08-24 05:33:38.763,InnoDB,UNDO_SPACE_RSEG,4301,40,1473
1787549618.761,2026-08-24 05:33:38.763,InnoDB,UNDO_SPACE_RSEG,4079,40,1397
1787549618.761,2026-08-24 05:33:38.763,InnoDB,UNDO_SPACE_RSEG,3974,39,1418
1787549618.761,2026-08-24 05:33:38.763,InnoDB,UNDO_SPACE_RSEG,4145,39,1450
1787549618.761,2026-08-24 05:33:38.763,InnoDB,UNDO_SPACE_RSEG,4020,39,1362
1787549618.761,2026-08-24 05:33:38.763,InnoDB,UNDO_SPACE_RSEG,4047,38,1418
1787549618.761,2026-08-24 05:33:38.763,InnoDB,UNDO_SPACE_RSEG,3935,38,1417
1787549618.761,2026-08-24 05:33:38.763,InnoDB,UNDO_SPACE_RSEG,4240,38,1482
1787549618.761,2026-08-24 05:33:38.763,InnoDB,UNDO_SPACE_RSEG,4029,38,1411
1787549618.761,2026-08-24 05:33:38.763,InnoDB,UNDO_SPACE_RSEG,4281,38,1484
1787549618.761,2026-08-24 05:33:38.763,InnoDB,UNDO_SPACE_RSEG,4007,37,1418
1787549618.761,2026-08-24 05:33:38.763,InnoDB,UNDO_SPACE_RSEG,3984,37,1421
1787549618.761,2026-08-24 05:33:38.763,InnoDB,UNDO_SPACE_RSEG,3922,37,1395
1787549618.761,2026-08-24 05:33:38.763,InnoDB,UNDO_SPACE_RSEG,3898,37,1405
1787549618.761,2026-08-24 05:33:38.763,InnoDB,UNDO_SPACE_RSEG,4062,37,1471
1787549618.761,2026-08-24 05:33:38.763,InnoDB,UNDO_SPACE_RSEG,4199,37,1498
1787549618.761,2026-08-24 05:33:38.763,InnoDB,UNDO_SPACE_RSEG,4227,37,1454
1787549618.761,2026-08-24 05:33:38.763,InnoDB,UNDO_SPACE_RSEG,3939,36,1392
1787549618.761,2026-08-24 05:33:38.763,InnoDB,UNDO_SPACE_RSEG,4057,36,1475
1787549618.761,2026-08-24 05:33:38.763,InnoDB,UNDO_SPACE_RSEG,3777,36,1395
1787549618.761,2026-08-24 05:33:38.763,InnoDB,UNDO_SPACE_RSEG,4010,36,1450
1787549618.761,2026-08-24 05:33:38.763,InnoDB,UNDO_SPACE_RSEG,3953,36,1442
1787549618.761,2026-08-24 05:33:38.763,InnoDB,UNDO_SPACE_RSEG,3993,36,1393
1787549618.761,2026-08-24 05:33:38.763,InnoDB,UNDO_SPACE_RSEG,4009,36,1375
1787549618.761,2026-08-24 05:33:38.763,InnoDB,UNDO_SPACE_RSEG,3871,35,1405
1787549618.761,2026-08-24 05:33:38.763,InnoDB,UNDO_SPACE_RSEG,4160,35,1511
1787549618.761,2026-08-24 05:33:38.763,InnoDB,UNDO_SPACE_RSEG,3978,35,1384
1787549618.761,2026-08-24 05:33:38.763,InnoDB,UNDO_SPACE_RSEG,4009,35,1439
1787549618.761,2026-08-24 05:33:38.763,InnoDB,UNDO_SPACE_RSEG,4064,35,1459
1787549618.761,2026-08-24 05:33:38.763,InnoDB,UNDO_SPACE_RSEG,3817,34,1394
1787549618.761,2026-08-24 05:33:38.763,InnoDB,UNDO_SPACE_RSEG,3963,34,1405
1787549618.761,2026-08-24 05:33:38.763,InnoDB,UNDO_SPACE_RSEG,4056,34,1441
1787549618.761,2026-08-24 05:33:38.763,InnoDB,UNDO_SPACE_RSEG,4012,34,1487
1787549618.761,2026-08-24 05:33:38.763,InnoDB,UNDO_SPACE_RSEG,3894,34,1412
1787549618.761,2026-08-24 05:33:38.763,InnoDB,UNDO_SPACE_RSEG,3697,33,1353
1787549618.761,2026-08-24 05:33:38.763,InnoDB,UNDO_SPACE_RSEG,3843,33,1459
1787549618.761,2026-08-24 05:33:38.763,InnoDB,UNDO_SPACE_RSEG,4065,33,1454
1787549618.761,2026-08-24 05:33:38.763,InnoDB,UNDO_SPACE_RSEG,3795,33,1404
1787549618.761,2026-08-24 05:33:38.763,InnoDB,UNDO_SPACE_RSEG,3918,33,1488
1787549618.761,2026-08-24 05:33:38.763,InnoDB,UNDO_SPACE_RSEG,4020,33,1477
1787549618.761,2026-08-24 05:33:38.763,InnoDB,UNDO_SPACE_RSEG,3885,33,1423
1787549618.761,2026-08-24 05:33:38.763,InnoDB,UNDO_SPACE_RSEG,3769,33,1340
1787549618.761,2026-08-24 05:33:38.763,InnoDB,UNDO_SPACE_RSEG,3810,33,1391
1787549618.761,2026-08-24 05:33:38.763,InnoDB,UNDO_SPACE_RSEG,3876,33,1436
1787549618.761,2026-08-24 05:33:38.763,InnoDB,UNDO_SPACE_RSEG,4174,33,1506
1787549618.761,2026-08-24 05:33:38.763,InnoDB,LOCK_SYS_PAGE,1831,33,541
1787549618.761,2026-08-24 05:33:38.763,InnoDB,UNDO_SPACE_RSEG,3962,33,1438
1787549618.761,2026-08-24 05:33:38.763,InnoDB,UNDO_SPACE_RSEG,4170,33,1493
1787549618.761,2026-08-24 05:33:38.763,InnoDB,UNDO_SPACE_RSEG,3755,33,1335
1787549618.761,2026-08-24 05:33:38.763,InnoDB,UNDO_SPACE_RSEG,3908,32,1472
1787549618.761,2026-08-24 05:33:38.763,InnoDB,UNDO_SPACE_RSEG,4139,32,1528
1787549618.761,2026-08-24 05:33:38.763,InnoDB,UNDO_SPACE_RSEG,3864,32,1391
1787549618.761,2026-08-24 05:33:38.763,InnoDB,UNDO_SPACE_RSEG,3983,32,1471
1787549618.761,2026-08-24 05:33:38.763,InnoDB,UNDO_SPACE_RSEG,3770,32,1359
1787549618.761,2026-08-24 05:33:38.763,InnoDB,UNDO_SPACE_RSEG,4202,32,1499
1787549618.761,2026-08-24 05:33:38.763,InnoDB,UNDO_SPACE_RSEG,4007,32,1486
1787549618.761,2026-08-24 05:33:38.763,InnoDB,UNDO_SPACE_RSEG,3694,32,1397
1787549618.761,2026-08-24 05:33:38.763,InnoDB,UNDO_SPACE_RSEG,3881,32,1422
1787549618.761,2026-08-24 05:33:38.763,InnoDB,UNDO_SPACE_RSEG,3743,32,1360
1787549618.761,2026-08-24 05:33:38.763,InnoDB,UNDO_SPACE_RSEG,3806,31,1389
1787549618.761,2026-08-24 05:33:38.763,InnoDB,UNDO_SPACE_RSEG,3956,31,1437
1787549618.761,2026-08-24 05:33:38.763,InnoDB,UNDO_SPACE_RSEG,3773,31,1357
1787549618.761,2026-08-24 05:33:38.763,InnoDB,UNDO_SPACE_RSEG,3640,31,1370
1787549618.761,2026-08-24 05:33:38.763,InnoDB,UNDO_SPACE_RSEG,3805,31,1373
1787549618.761,2026-08-24 05:33:38.763,InnoDB,UNDO_SPACE_RSEG,3965,31,1480
1787549618.761,2026-08-24 05:33:38.763,InnoDB,UNDO_SPACE_RSEG,4094,31,1514
1787549618.761,2026-08-24 05:33:38.763,InnoDB,UNDO_SPACE_RSEG,3846,31,1371
1787549618.761,2026-08-24 05:33:38.763,InnoDB,UNDO_SPACE_RSEG,3611,31,1365
1787549618.761,2026-08-24 05:33:38.763,InnoDB,UNDO_SPACE_RSEG,3990,31,1453
1787549618.761,2026-08-24 05:33:38.763,InnoDB,UNDO_SPACE_RSEG,3862,31,1486
1787549618.761,2026-08-24 05:33:38.763,InnoDB,UNDO_SPACE_RSEG,3641,31,1406
1787549618.761,2026-08-24 05:33:38.763,InnoDB,UNDO_SPACE_RSEG,3797,31,1412
1787549618.761,2026-08-24 05:33:38.763,InnoDB,UNDO_SPACE_RSEG,3668,31,1420
1787549618.761,2026-08-24 05:33:38.763,InnoDB,UNDO_SPACE_RSEG,3809,31,1398
1787549618.761,2026-08-24 05:33:38.763,InnoDB,UNDO_SPACE_RSEG,3766,30,1433
1787549618.761,2026-08-24 05:33:38.763,InnoDB,UNDO_SPACE_RSEG,3814,30,1373
1787549618.761,2026-08-24 05:33:38.763,InnoDB,LOCK_SYS_PAGE,1651,30,543
1787549618.761,2026-08-24 05:33:38.763,InnoDB,UNDO_SPACE_RSEG,3649,30,1362
1787549618.761,2026-08-24 05:33:38.763,InnoDB,UNDO_SPACE_RSEG,3761,30,1431
1787549618.761,2026-08-24 05:33:38.763,InnoDB,UNDO_SPACE_RSEG,3713,30,1392
1787549618.761,2026-08-24 05:33:38.763,InnoDB,UNDO_SPACE_RSEG,3870,30,1416
1787549618.761,2026-08-24 05:33:38.763,InnoDB,UNDO_SPACE_RSEG,3838,30,1422
1787549618.761,2026-08-24 05:33:38.763,InnoDB,UNDO_SPACE_RSEG,3872,30,1436
1787549618.761,2026-08-24 05:33:38.763,InnoDB,UNDO_SPACE_RSEG,3790,30,1437
1787549618.761,2026-08-24 05:33:38.763,InnoDB,UNDO_SPACE_RSEG,3965,30,1451
1787549618.761,2026-08-24 05:33:38.763,InnoDB,UNDO_SPACE_RSEG,3608,30,1359
1787549618.761,2026-08-24 05:33:38.763,InnoDB,UNDO_SPACE_RSEG,3882,30,1480
1787549618.761,2026-08-24 05:33:38.763,InnoDB,UNDO_SPACE_RSEG,3784,30,1384
1787549618.761,2026-08-24 05:33:38.763,InnoDB,UNDO_SPACE_RSEG,3855,30,1402
1787549618.761,2026-08-24 05:33:38.763,InnoDB,UNDO_SPACE_RSEG,3843,30,1470
1787549618.761,2026-08-24 05:33:38.763,InnoDB,UNDO_SPACE_RSEG,3864,29,1459
1787549618.761,2026-08-24 05:33:38.763,InnoDB,UNDO_SPACE_RSEG,3824,29,1382
1787549618.761,2026-08-24 05:33:38.763,InnoDB,UNDO_SPACE_RSEG,3872,29,1420
1787549618.761,2026-08-24 05:33:38.763,InnoDB,UNDO_SPACE_RSEG,3921,29,1483
1787549618.761,2026-08-24 05:33:38.763,InnoDB,UNDO_SPACE_RSEG,3650,29,1396
1787549618.761,2026-08-24 05:33:38.763,InnoDB,UNDO_SPACE_RSEG,3643,29,1435
1787549618.761,2026-08-24 05:33:38.763,InnoDB,UNDO_SPACE_RSEG,4105,29,1481
1787549618.761,2026-08-24 05:33:38.763,InnoDB,UNDO_SPACE_RSEG,3813,29,1454
1787549618.761,2026-08-24 05:33:38.763,InnoDB,UNDO_SPACE_RSEG,3811,29,1440
1787549618.761,2026-08-24 05:33:38.763,InnoDB,UNDO_SPACE_RSEG,3773,29,1414
1787549618.761,2026-08-24 05:33:38.763,InnoDB,UNDO_SPACE_RSEG,3669,29,1408
1787549618.761,2026-08-24 05:33:38.763,InnoDB,UNDO_SPACE_RSEG,3620,29,1406
1787549618.761,2026-08-24 05:33:38.763,InnoDB,UNDO_SPACE_RSEG,3709,29,1436
1787549618.761,2026-08-24 05:33:38.763,InnoDB,UNDO_SPACE_RSEG,3638,29,1407
1787549618.761,2026-08-24 05:33:38.763,InnoDB,UNDO_SPACE_RSEG,3642,29,1373
1787549618.761,2026-08-24 05:33:38.763,InnoDB,UNDO_SPACE_RSEG,3699,29,1369
1787549618.761,2026-08-24 05:33:38.763,InnoDB,UNDO_SPACE_RSEG,3822,29,1401
1787549618.761,2026-08-24 05:33:38.763,InnoDB,UNDO_SPACE_RSEG,3882,29,1465
1787549618.761,2026-08-24 05:33:38.763,InnoDB,UNDO_SPACE_RSEG,3988,29,1479
1787549618.761,2026-08-24 05:33:38.763,InnoDB,UNDO_SPACE_RSEG,3794,29,1422
1787549618.761,2026-08-24 05:33:38.763,InnoDB,UNDO_SPACE_RSEG,3788,28,1458
1787549618.761,2026-08-24 05:33:38.763,InnoDB,UNDO_SPACE_RSEG,3839,28,1436
1787549618.761,2026-08-24 05:33:38.763,InnoDB,UNDO_SPACE_RSEG,3762,28,1469
1787549618.761,2026-08-24 05:33:38.763,InnoDB,UNDO_SPACE_RSEG,3833,28,1460
1787549618.761,2026-08-24 05:33:38.763,InnoDB,UNDO_SPACE_RSEG,3670,28,1383
1787549618.761,2026-08-24 05:33:38.763,InnoDB,UNDO_SPACE_RSEG,3691,28,1453
1787549618.761,2026-08-24 05:33:38.763,InnoDB,UNDO_SPACE_RSEG,3572,28,1338
1787549618.761,2026-08-24 05:33:38.763,InnoDB,UNDO_SPACE_RSEG,3768,28,1457
1787549618.761,2026-08-24 05:33:38.763,InnoDB,UNDO_SPACE_RSEG,3857,28,1451
1787549618.761,2026-08-24 05:33:38.763,InnoDB,UNDO_SPACE_RSEG,3511,28,1389
1787549618.761,2026-08-24 05:33:38.763,InnoDB,UNDO_SPACE_RSEG,3653,28,1431
1787549618.761,2026-08-24 05:33:38.763,InnoDB,UNDO_SPACE_RSEG,3706,28,1414
1787549618.761,2026-08-24 05:33:38.763,InnoDB,UNDO_SPACE_RSEG,3655,28,1400
1787549618.761,2026-08-24 05:33:38.763,InnoDB,UNDO_SPACE_RSEG,3765,28,1465
1787549618.761,2026-08-24 05:33:38.763,InnoDB,UNDO_SPACE_RSEG,3779,28,1402
1787549618.761,2026-08-24 05:33:38.763,InnoDB,UNDO_SPACE_RSEG,3871,28,1480
1787549618.761,2026-08-24 05:33:38.763,InnoDB,UNDO_SPACE_RSEG,3760,28,1496
1787549618.761,2026-08-24 05:33:38.763,InnoDB,UNDO_SPACE_RSEG,3779,28,1443
1787549618.761,2026-08-24 05:33:38.763,InnoDB,UNDO_SPACE_RSEG,3781,28,1427
1787549618.761,2026-08-24 05:33:38.763,InnoDB,UNDO_SPACE_RSEG,3743,28,1374
1787549618.761,2026-08-24 05:33:38.763,InnoDB,UNDO_SPACE_RSEG,3781,28,1398
1787549618.761,2026-08-24 05:33:38.763,InnoDB,UNDO_SPACE_RSEG,3911,28,1455
1787549618.761,2026-08-24 05:33:38.763,InnoDB,UNDO_SPACE_RSEG,3785,28,1437
1787549618.761,2026-08-24 05:33:38.763,InnoDB,UNDO_SPACE_RSEG,3917,28,1475
1787549618.761,2026-08-24 05:33:38.763,InnoDB,UNDO_SPACE_RSEG,3698,27,1438
1787549618.761,2026-08-24 05:33:38.763,InnoDB,UNDO_SPACE_RSEG,3813,27,1448
1787549618.761,2026-08-24 05:33:38.763,InnoDB,UNDO_SPACE_RSEG,3629,27,1401
1787549618.761,2026-08-24 05:33:38.763,InnoDB,UNDO_SPACE_RSEG,3475,27,1362
1787549618.761,2026-08-24 05:33:38.763,InnoDB,UNDO_SPACE_RSEG,3637,27,1361
1787549618.761,2026-08-24 05:33:38.763,InnoDB,LOCK_SYS_PAGE,1583,27,552
1787549618.761,2026-08-24 05:33:38.763,InnoDB,UNDO_SPACE_RSEG,3792,27,1456
1787549618.761,2026-08-24 05:33:38.763,InnoDB,UNDO_SPACE_RSEG,3763,27,1440
1787549618.761,2026-08-24 05:33:38.763,InnoDB,UNDO_SPACE_RSEG,3899,27,1474
1787549618.761,2026-08-24 05:33:38.763,InnoDB,UNDO_SPACE_RSEG,3720,27,1438
1787549618.761,2026-08-24 05:33:38.763,InnoDB,UNDO_SPACE_RSEG,3768,27,1461
1787549618.761,2026-08-24 05:33:38.763,InnoDB,UNDO_SPACE_RSEG,3719,26,1464
1787549618.761,2026-08-24 05:33:38.763,InnoDB,UNDO_SPACE_RSEG,3723,26,1437
1787549618.761,2026-08-24 05:33:38.763,InnoDB,UNDO_SPACE_RSEG,3828,26,1534
1787549618.761,2026-08-24 05:33:38.763,InnoDB,UNDO_SPACE_RSEG,3612,26,1373
1787549618.761,2026-08-24 05:33:38.763,InnoDB,UNDO_SPACE_RSEG,3623,26,1387
1787549618.761,2026-08-24 05:33:38.763,InnoDB,UNDO_SPACE_RSEG,3685,26,1388
1787549618.761,2026-08-24 05:33:38.763,InnoDB,UNDO_SPACE_RSEG,3804,26,1435
1787549618.761,2026-08-24 05:33:38.763,InnoDB,UNDO_SPACE_RSEG,3632,26,1365
1787549618.761,2026-08-24 05:33:38.763,InnoDB,UNDO_SPACE_RSEG,3290,26,1330
1787549618.761,2026-08-24 05:33:38.763,InnoDB,UNDO_SPACE_RSEG,3637,26,1418
1787549618.761,2026-08-24 05:33:38.763,InnoDB,UNDO_SPACE_RSEG,3778,26,1487
1787549618.761,2026-08-24 05:33:38.763,InnoDB,UNDO_SPACE_RSEG,3664,26,1451
1787549618.761,2026-08-24 05:33:38.763,InnoDB,UNDO_SPACE_RSEG,3826,26,1466
1787549618.761,2026-08-24 05:33:38.763,InnoDB,UNDO_SPACE_RSEG,3685,26,1445
1787549618.761,2026-08-24 05:33:38.763,InnoDB,UNDO_SPACE_RSEG,3649,26,1417
1787549618.761,2026-08-24 05:33:38.763,InnoDB,UNDO_SPACE_RSEG,3601,26,1379
1787549618.761,2026-08-24 05:33:38.763,InnoDB,LOCK_SYS_PAGE,1453,26,564
1787549618.761,2026-08-24 05:33:38.763,InnoDB,UNDO_SPACE_RSEG,3684,26,1451
1787549618.761,2026-08-24 05:33:38.763,InnoDB,LOCK_SYS_PAGE,1414,26,507
1787549618.761,2026-08-24 05:33:38.763,InnoDB,UNDO_SPACE_RSEG,3721,26,1444
1787549618.761,2026-08-24 05:33:38.763,InnoDB,LOCK_SYS_PAGE,1429,26,520
1787549618.761,2026-08-24 05:33:38.763,InnoDB,UNDO_SPACE_RSEG,3657,26,1395
1787549618.761,2026-08-24 05:33:38.763,InnoDB,UNDO_SPACE_RSEG,3724,26,1434
1787549618.761,2026-08-24 05:33:38.763,InnoDB,LOCK_SYS_PAGE,1434,26,477
1787549618.761,2026-08-24 05:33:38.763,InnoDB,UNDO_SPACE_RSEG,3719,26,1396
1787549618.761,2026-08-24 05:33:38.763,InnoDB,UNDO_SPACE_RSEG,3778,26,1497
1787549618.761,2026-08-24 05:33:38.763,InnoDB,UNDO_SPACE_RSEG,3651,26,1441
1787549618.761,2026-08-24 05:33:38.763,InnoDB,UNDO_SPACE_RSEG,3815,25,1430
1787549618.761,2026-08-24 05:33:38.763,InnoDB,UNDO_SPACE_RSEG,3554,25,1406
1787549618.761,2026-08-24 05:33:38.763,InnoDB,UNDO_SPACE_RSEG,3678,25,1397
1787549618.761,2026-08-24 05:33:38.763,InnoDB,UNDO_SPACE_RSEG,3755,25,1466
1787549618.761,2026-08-24 05:33:38.763,InnoDB,UNDO_SPACE_RSEG,3739,25,1407
1787549618.761,2026-08-24 05:33:38.763,InnoDB,UNDO_SPACE_RSEG,3800,25,1480
1787549618.761,2026-08-24 05:33:38.763,InnoDB,UNDO_SPACE_RSEG,3765,25,1470
1787549618.761,2026-08-24 05:33:38.763,InnoDB,UNDO_SPACE_RSEG,3702,25,1417
1787549618.761,2026-08-24 05:33:38.763,InnoDB,UNDO_SPACE_RSEG,3790,25,1456
1787549618.761,2026-08-24 05:33:38.763,InnoDB,UNDO_SPACE_RSEG,3758,25,1438
1787549618.761,2026-08-24 05:33:38.763,InnoDB,UNDO_SPACE_RSEG,3673,25,1383
1787549618.761,2026-08-24 05:33:38.763,InnoDB,UNDO_SPACE_RSEG,3492,25,1356
1787549618.761,2026-08-24 05:33:38.763,InnoDB,UNDO_SPACE_RSEG,3730,25,1433
1787549618.761,2026-08-24 05:33:38.763,InnoDB,UNDO_SPACE_RSEG,3741,25,1435
1787549618.761,2026-08-24 05:33:38.763,InnoDB,UNDO_SPACE_RSEG,4021,25,1518
1787549618.761,2026-08-24 05:33:38.763,InnoDB,UNDO_SPACE_RSEG,3857,25,1473
1787549618.761,2026-08-24 05:33:38.763,InnoDB,UNDO_SPACE_RSEG,3734,25,1482
1787549618.761,2026-08-24 05:33:38.763,InnoDB,UNDO_SPACE_RSEG,3741,25,1417
1787549618.761,2026-08-24 05:33:38.763,InnoDB,UNDO_SPACE_RSEG,3587,25,1436
1787549618.761,2026-08-24 05:33:38.763,InnoDB,UNDO_SPACE_RSEG,3791,24,1429
1787549618.761,2026-08-24 05:33:38.763,InnoDB,UNDO_SPACE_RSEG,3502,24,1378
1787549618.761,2026-08-24 05:33:38.763,InnoDB,LOCK_SYS_PAGE,1321,24,496
1787549618.761,2026-08-24 05:33:38.763,InnoDB,UNDO_SPACE_RSEG,3757,24,1384
1787549618.761,2026-08-24 05:33:38.763,InnoDB,UNDO_SPACE_RSEG,3695,24,1518
1787549618.761,2026-08-24 05:33:38.763,InnoDB,UNDO_SPACE_RSEG,3577,24,1354
1787549618.761,2026-08-24 05:33:38.763,InnoDB,UNDO_SPACE_RSEG,3701,24,1431
1787549618.761,2026-08-24 05:33:38.763,InnoDB,UNDO_SPACE_RSEG,3811,24,1493
1787549618.761,2026-08-24 05:33:38.763,InnoDB,UNDO_SPACE_RSEG,3668,24,1425
1787549618.761,2026-08-24 05:33:38.763,InnoDB,UNDO_SPACE_RSEG,3707,24,1447
1787549618.761,2026-08-24 05:33:38.763,InnoDB,UNDO_SPACE_RSEG,3726,24,1394
1787549618.761,2026-08-24 05:33:38.763,InnoDB,UNDO_SPACE_RSEG,3476,24,1365
1787549618.761,2026-08-24 05:33:38.763,InnoDB,UNDO_SPACE_RSEG,3550,24,1411
1787549618.761,2026-08-24 05:33:38.763,InnoDB,UNDO_SPACE_RSEG,3488,24,1379
1787549618.761,2026-08-24 05:33:38.763,InnoDB,UNDO_SPACE_RSEG,3499,24,1425
1787549618.761,2026-08-24 05:33:38.763,InnoDB,UNDO_SPACE_RSEG,3585,24,1396
1787549618.761,2026-08-24 05:33:38.763,InnoDB,UNDO_SPACE_RSEG,3680,24,1453
1787549618.761,2026-08-24 05:33:38.763,InnoDB,UNDO_SPACE_RSEG,3785,24,1451
1787549618.761,2026-08-24 05:33:38.763,InnoDB,UNDO_SPACE_RSEG,3527,24,1370
1787549618.761,2026-08-24 05:33:38.763,InnoDB,UNDO_SPACE_RSEG,3549,24,1368
1787549618.761,2026-08-24 05:33:38.763,InnoDB,UNDO_SPACE_RSEG,3736,23,1495
1787549618.761,2026-08-24 05:33:38.763,InnoDB,LOCK_SYS_PAGE,1327,23,567
1787549618.761,2026-08-24 05:33:38.763,InnoDB,LOCK_SYS_WAIT,728,23,25
1787549618.761,2026-08-24 05:33:38.763,InnoDB,LOCK_SYS_PAGE,1420,23,597
1787549618.761,2026-08-24 05:33:38.763,InnoDB,UNDO_SPACE_RSEG,3953,23,1483
1787549618.761,2026-08-24 05:33:38.763,InnoDB,UNDO_SPACE_RSEG,3439,23,1377
1787549618.761,2026-08-24 05:33:38.763,InnoDB,UNDO_SPACE_RSEG,3662,23,1446
1787549618.761,2026-08-24 05:33:38.763,InnoDB,UNDO_SPACE_RSEG,3568,23,1443
1787549618.761,2026-08-24 05:33:38.763,InnoDB,UNDO_SPACE_RSEG,3580,23,1480
1787549618.761,2026-08-24 05:33:38.763,InnoDB,LOCK_SYS_PAGE,1410,23,557
1787549618.761,2026-08-24 05:33:38.763,InnoDB,UNDO_SPACE_RSEG,3750,23,1431
1787549618.761,2026-08-24 05:33:38.763,InnoDB,UNDO_SPACE_RSEG,3682,23,1392
1787549618.761,2026-08-24 05:33:38.763,InnoDB,LOCK_SYS_PAGE,1445,23,561
1787549618.761,2026-08-24 05:33:38.763,InnoDB,UNDO_SPACE_RSEG,3739,22,1468
1787549618.761,2026-08-24 05:33:38.763,InnoDB,UNDO_SPACE_RSEG,3516,22,1425
1787549618.761,2026-08-24 05:33:38.763,InnoDB,LOCK_SYS_PAGE,1285,22,537
1787549618.761,2026-08-24 05:33:38.763,InnoDB,UNDO_SPACE_RSEG,3518,22,1429
1787549618.761,2026-08-24 05:33:38.763,InnoDB,UNDO_SPACE_RSEG,3516,22,1414
1787549618.761,2026-08-24 05:33:38.763,InnoDB,UNDO_SPACE_RSEG,3586,22,1489
1787549618.761,2026-08-24 05:33:38.763,InnoDB,LOCK_SYS_PAGE,1320,22,510
1787549618.761,2026-08-24 05:33:38.763,InnoDB,LOCK_SYS_PAGE,1331,22,530
1787549618.761,2026-08-24 05:33:38.763,InnoDB,LOCK_SYS_PAGE,1273,22,507
1787549618.761,2026-08-24 05:33:38.763,InnoDB,LOCK_SYS_PAGE,1442,22,543
1787549618.761,2026-08-24 05:33:38.763,InnoDB,UNDO_SPACE_RSEG,3631,22,1448
1787549618.761,2026-08-24 05:33:38.763,InnoDB,LOCK_SYS_PAGE,1279,22,533
1787549618.761,2026-08-24 05:33:38.763,InnoDB,LOCK_SYS_PAGE,1358,22,584
1787549618.761,2026-08-24 05:33:38.763,InnoDB,LOCK_SYS_PAGE,1186,21,478
1787549618.761,2026-08-24 05:33:38.763,InnoDB,UNDO_SPACE_RSEG,3546,21,1382
1787549618.761,2026-08-24 05:33:38.763,InnoDB,UNDO_SPACE_RSEG,3489,21,1374
1787549618.761,2026-08-24 05:33:38.763,InnoDB,UNDO_SPACE_RSEG,3649,21,1444
1787549618.761,2026-08-24 05:33:38.763,InnoDB,LOCK_SYS_PAGE,1273,21,518
1787549618.761,2026-08-24 05:33:38.763,InnoDB,LOCK_SYS_PAGE,1261,21,550
1787549618.761,2026-08-24 05:33:38.763,InnoDB,UNDO_SPACE_RSEG,3766,21,1511
1787549618.761,2026-08-24 05:33:38.763,InnoDB,LOCK_SYS_PAGE,1329,21,543
1787549618.761,2026-08-24 05:33:38.763,InnoDB,UNDO_SPACE_RSEG,3569,21,1406
1787549618.761,2026-08-24 05:33:38.763,InnoDB,LOCK_SYS_PAGE,1307,21,526
1787549618.761,2026-08-24 05:33:38.763,InnoDB,UNDO_SPACE_RSEG,3534,21,1423
1787549618.761,2026-08-24 05:33:38.763,InnoDB,LOCK_SYS_PAGE,1277,21,509
1787549618.761,2026-08-24 05:33:38.763,InnoDB,LOCK_SYS_PAGE,1369,21,460
1787549618.761,2026-08-24 05:33:38.763,InnoDB,LOCK_SYS_PAGE,1228,21,545
1787549618.761,2026-08-24 05:33:38.763,InnoDB,UNDO_SPACE_RSEG,3447,21,1398
1787549618.761,2026-08-24 05:33:38.763,InnoDB,UNDO_SPACE_RSEG,3763,21,1492
1787549618.761,2026-08-24 05:33:38.763,InnoDB,UNDO_SPACE_RSEG,3415,20,1329
1787549618.761,2026-08-24 05:33:38.763,InnoDB,LOCK_SYS_PAGE,1283,20,521
1787549618.761,2026-08-24 05:33:38.763,InnoDB,LOCK_SYS_PAGE,1371,20,553
1787549618.761,2026-08-24 05:33:38.763,InnoDB,LOCK_SYS_PAGE,1296,20,509
1787549618.761,2026-08-24 05:33:38.763,InnoDB,UNDO_SPACE_RSEG,3682,20,1443
1787549618.761,2026-08-24 05:33:38.763,InnoDB,LOCK_SYS_PAGE,1337,20,518
1787549618.761,2026-08-24 05:33:38.763,InnoDB,LOCK_SYS_PAGE,1224,20,508
1787549618.761,2026-08-24 05:33:38.763,InnoDB,LOCK_SYS_PAGE,1314,20,610
1787549618.761,2026-08-24 05:33:38.763,InnoDB,LOCK_SYS_PAGE,1351,20,539
1787549618.761,2026-08-24 05:33:38.763,InnoDB,UNDO_SPACE_RSEG,3508,20,1458
1787549618.761,2026-08-24 05:33:38.763,InnoDB,UNDO_SPACE_RSEG,3621,20,1432
1787549618.761,2026-08-24 05:33:38.763,InnoDB,LOCK_SYS_PAGE,1218,20,544
1787549618.761,2026-08-24 05:33:38.763,InnoDB,UNDO_SPACE_RSEG,3565,20,1462
1787549618.761,2026-08-24 05:33:38.763,InnoDB,LOCK_SYS_PAGE,1244,20,499
1787549618.761,2026-08-24 05:33:38.763,InnoDB,LOCK_SYS_PAGE,1269,20,551
1787549618.761,2026-08-24 05:33:38.763,InnoDB,UNDO_SPACE_RSEG,3573,20,1448
1787549618.761,2026-08-24 05:33:38.763,InnoDB,UNDO_SPACE_RSEG,3446,20,1466
1787549618.761,2026-08-24 05:33:38.763,InnoDB,LOCK_SYS_PAGE,1224,20,539
1787549618.761,2026-08-24 05:33:38.763,InnoDB,LOCK_SYS_PAGE,1304,20,542
1787549618.761,2026-08-24 05:33:38.763,InnoDB,LOCK_SYS_PAGE,1183,20,479
1787549618.761,2026-08-24 05:33:38.763,InnoDB,LOCK_SYS_PAGE,1152,19,478
1787549618.761,2026-08-24 05:33:38.763,InnoDB,LOCK_SYS_PAGE,1309,19,551
1787549618.761,2026-08-24 05:33:38.763,InnoDB,LOCK_SYS_PAGE,1164,19,494
1787549618.761,2026-08-24 05:33:38.763,InnoDB,LOCK_SYS_PAGE,1236,19,502
1787549618.761,2026-08-24 05:33:38.763,InnoDB,LOCK_SYS_PAGE,1261,19,491
1787549618.761,2026-08-24 05:33:38.763,InnoDB,LOCK_SYS_PAGE,1213,19,535
1787549618.761,2026-08-24 05:33:38.763,InnoDB,UNDO_SPACE_RSEG,3372,19,1410
1787549618.761,2026-08-24 05:33:38.763,InnoDB,LOCK_SYS_PAGE,1216,19,527
1787549618.761,2026-08-24 05:33:38.763,InnoDB,LOCK_SYS_PAGE,1305,19,499
1787549618.761,2026-08-24 05:33:38.763,InnoDB,UNDO_SPACE_RSEG,3566,19,1475
1787549618.761,2026-08-24 05:33:38.763,InnoDB,LOCK_SYS_PAGE,1248,19,525
1787549618.761,2026-08-24 05:33:38.763,InnoDB,LOCK_SYS_PAGE,1305,19,527
1787549618.761,2026-08-24 05:33:38.763,InnoDB,LOCK_SYS_PAGE,1141,19,441
1787549618.761,2026-08-24 05:33:38.763,InnoDB,UNDO_SPACE_RSEG,3337,19,1371
1787549618.761,2026-08-24 05:33:38.763,InnoDB,TRX_POOL,634,19,47
1787549618.761,2026-08-24 05:33:38.763,InnoDB,LOCK_SYS_PAGE,1147,19,514
1787549618.761,2026-08-24 05:33:38.763,InnoDB,UNDO_SPACE_RSEG,3304,19,1409
1787549618.761,2026-08-24 05:33:38.763,InnoDB,UNDO_SPACE_RSEG,3384,19,1436
1787549618.761,2026-08-24 05:33:38.763,InnoDB,LOCK_SYS_PAGE,1484,19,570
1787549618.761,2026-08-24 05:33:38.763,InnoDB,UNDO_SPACE_RSEG,3595,19,1484
1787549618.761,2026-08-24 05:33:38.763,InnoDB,LOCK_SYS_PAGE,1268,19,508
1787549618.761,2026-08-24 05:33:38.763,InnoDB,LOCK_SYS_PAGE,1192,19,488
1787549618.761,2026-08-24 05:33:38.763,InnoDB,LOCK_SYS_PAGE,1321,19,509
1787549618.761,2026-08-24 05:33:38.763,InnoDB,UNDO_SPACE_RSEG,3503,19,1448
1787549618.761,2026-08-24 05:33:38.763,InnoDB,LOCK_SYS_PAGE,1148,19,468
1787549618.761,2026-08-24 05:33:38.763,InnoDB,LOCK_SYS_PAGE,1204,19,532
1787549618.761,2026-08-24 05:33:38.763,InnoDB,LOCK_SYS_PAGE,1161,19,476
1787549618.761,2026-08-24 05:33:38.763,InnoDB,LOCK_SYS_PAGE,1139,19,469
1787549618.761,2026-08-24 05:33:38.763,InnoDB,LOCK_SYS_PAGE,1192,19,504
1787549618.761,2026-08-24 05:33:38.763,InnoDB,LOCK_SYS_PAGE,1202,19,467
1787549618.761,2026-08-24 05:33:38.763,InnoDB,LOCK_SYS_PAGE,1192,18,514
1787549618.761,2026-08-24 05:33:38.763,InnoDB,LOCK_SYS_PAGE,1222,18,534
1787549618.761,2026-08-24 05:33:38.763,InnoDB,LOCK_SYS_PAGE,1159,18,528
1787549618.761,2026-08-24 05:33:38.763,InnoDB,LOCK_SYS_PAGE,1148,18,440
1787549618.761,2026-08-24 05:33:38.763,InnoDB,LOCK_SYS_PAGE,1224,18,517
1787549618.761,2026-08-24 05:33:38.763,InnoDB,LOCK_SYS_PAGE,1087,18,462
1787549618.761,2026-08-24 05:33:38.763,InnoDB,LOCK_SYS_PAGE,1084,18,500
1787549618.761,2026-08-24 05:33:38.763,InnoDB,LOCK_SYS_PAGE,1155,18,508
1787549618.761,2026-08-24 05:33:38.763,InnoDB,LOCK_SYS_PAGE,1154,18,487
1787549618.761,2026-08-24 05:33:38.763,InnoDB,LOCK_SYS_PAGE,1139,18,495
1787549618.761,2026-08-24 05:33:38.763,InnoDB,LOCK_SYS_PAGE,1252,18,527
1787549618.761,2026-08-24 05:33:38.763,InnoDB,LOCK_SYS_PAGE,1235,18,536
1787549618.761,2026-08-24 05:33:38.763,InnoDB,LOCK_SYS_PAGE,1268,18,562
1787549618.761,2026-08-24 05:33:38.763,InnoDB,LOCK_SYS_PAGE,1160,18,487
1787549618.761,2026-08-24 05:33:38.763,InnoDB,LOCK_SYS_PAGE,1126,18,525
1787549618.761,2026-08-24 05:33:38.763,InnoDB,LOCK_SYS_PAGE,1190,18,485
1787549618.761,2026-08-24 05:33:38.763,InnoDB,LOCK_SYS_PAGE,1184,18,542
1787549618.761,2026-08-24 05:33:38.763,InnoDB,LOCK_SYS_PAGE,1254,18,572
1787549618.761,2026-08-24 05:33:38.763,InnoDB,LOCK_SYS_PAGE,1116,18,525
1787549618.761,2026-08-24 05:33:38.763,InnoDB,LOCK_SYS_PAGE,1079,18,510
1787549618.761,2026-08-24 05:33:38.763,InnoDB,LOCK_SYS_PAGE,1071,18,470
1787549618.761,2026-08-24 05:33:38.763,InnoDB,LOCK_SYS_PAGE,1130,18,492
1787549618.761,2026-08-24 05:33:38.763,InnoDB,LOCK_SYS_PAGE,1193,18,514
1787549618.761,2026-08-24 05:33:38.763,InnoDB,LOCK_SYS_PAGE,1209,18,522
1787549618.761,2026-08-24 05:33:38.763,InnoDB,LOCK_SYS_PAGE,1237,18,486
1787549618.761,2026-08-24 05:33:38.763,InnoDB,LOCK_SYS_PAGE,1112,18,500
1787549618.761,2026-08-24 05:33:38.763,InnoDB,LOCK_SYS_PAGE,1189,18,551
1787549618.761,2026-08-24 05:33:38.763,InnoDB,UNDO_SPACE_RSEG,3455,18,1422
1787549618.761,2026-08-24 05:33:38.763,InnoDB,UNDO_SPACE_RSEG,3358,18,1404
1787549618.761,2026-08-24 05:33:38.763,InnoDB,LOCK_SYS_PAGE,1183,18,545
1787549618.761,2026-08-24 05:33:38.763,InnoDB,UNDO_SPACE_RSEG,3464,18,1453
1787549618.761,2026-08-24 05:33:38.763,InnoDB,LOCK_SYS_PAGE,1181,18,521
1787549618.761,2026-08-24 05:33:38.763,InnoDB,UNDO_SPACE_RSEG,3343,18,1368
1787549618.761,2026-08-24 05:33:38.763,InnoDB,LOCK_SYS_PAGE,1154,18,516
1787549618.761,2026-08-24 05:33:38.763,InnoDB,LOCK_SYS_PAGE,1308,18,580
1787549618.761,2026-08-24 05:33:38.763,InnoDB,UNDO_SPACE_RSEG,3456,18,1419
1787549618.761,2026-08-24 05:33:38.763,InnoDB,LOCK_SYS_PAGE,1222,18,537
1787549618.761,2026-08-24 05:33:38.763,InnoDB,LOCK_SYS_PAGE,1081,17,516
1787549618.761,2026-08-24 05:33:38.763,InnoDB,LOCK_SYS_PAGE,1248,17,569
1787549618.761,2026-08-24 05:33:38.763,InnoDB,LOCK_SYS_PAGE,1198,17,529
1787549618.761,2026-08-24 05:33:38.763,InnoDB,LOCK_SYS_PAGE,1164,17,558
1787549618.761,2026-08-24 05:33:38.763,InnoDB,LOCK_SYS_PAGE,1225,17,554
1787549618.761,2026-08-24 05:33:38.763,InnoDB,LOCK_SYS_PAGE,1205,17,525
1787549618.761,2026-08-24 05:33:38.763,InnoDB,LOCK_SYS_PAGE,1153,17,511
1787549618.761,2026-08-24 05:33:38.763,InnoDB,LOCK_SYS_PAGE,1176,17,477
1787549618.761,2026-08-24 05:33:38.763,InnoDB,LOCK_SYS_PAGE,1141,17,521
1787549618.761,2026-08-24 05:33:38.763,InnoDB,UNDO_SPACE_RSEG,3548,17,1483
1787549618.761,2026-08-24 05:33:38.763,InnoDB,LOCK_SYS_PAGE,1125,17,546
1787549618.761,2026-08-24 05:33:38.763,InnoDB,LOCK_SYS_PAGE,1121,17,512
1787549618.761,2026-08-24 05:33:38.763,InnoDB,LOCK_SYS_PAGE,1215,17,519
1787549618.761,2026-08-24 05:33:38.763,InnoDB,LOCK_SYS_PAGE,1281,17,505
1787549618.761,2026-08-24 05:33:38.763,InnoDB,LOCK_SYS_PAGE,1121,17,512
1787549618.761,2026-08-24 05:33:38.763,InnoDB,LOCK_SYS_PAGE,1195,17,563
1787549618.761,2026-08-24 05:33:38.763,InnoDB,LOCK_SYS_PAGE,1215,17,529
1787549618.761,2026-08-24 05:33:38.763,InnoDB,UNDO_SPACE_RSEG,3496,17,1424
1787549618.761,2026-08-24 05:33:38.763,InnoDB,LOCK_SYS_PAGE,1141,17,492
1787549618.761,2026-08-24 05:33:38.763,InnoDB,LOCK_SYS_PAGE,1151,17,534
1787549618.761,2026-08-24 05:33:38.763,InnoDB,LOCK_SYS_PAGE,1139,17,555
1787549618.761,2026-08-24 05:33:38.763,InnoDB,LOCK_SYS_PAGE,1107,17,508
1787549618.761,2026-08-24 05:33:38.763,InnoDB,UNDO_SPACE_RSEG,3522,17,1422
1787549618.761,2026-08-24 05:33:38.763,InnoDB,LOCK_SYS_PAGE,1228,16,557
1787549618.761,2026-08-24 05:33:38.763,InnoDB,LOCK_SYS_PAGE,1183,16,543
1787549618.761,2026-08-24 05:33:38.763,InnoDB,LOCK_SYS_PAGE,1120,16,516
1787549618.761,2026-08-24 05:33:38.763,InnoDB,LOCK_SYS_PAGE,1179,16,533
1787549618.761,2026-08-24 05:33:38.763,InnoDB,LOCK_SYS_PAGE,1146,16,548
1787549618.761,2026-08-24 05:33:38.763,InnoDB,LOCK_SYS_PAGE,1045,16,495
1787549618.761,2026-08-24 05:33:38.763,InnoDB,LOCK_SYS_PAGE,1217,16,563
1787549618.761,2026-08-24 05:33:38.763,InnoDB,LOCK_SYS_PAGE,1145,16,506
1787549618.761,2026-08-24 05:33:38.763,InnoDB,UNDO_SPACE_RSEG,3400,16,1452
1787549618.761,2026-08-24 05:33:38.763,InnoDB,LOCK_SYS_PAGE,1138,16,487
1787549618.761,2026-08-24 05:33:38.763,InnoDB,UNDO_SPACE_RSEG,3273,16,1388
1787549618.761,2026-08-24 05:33:38.763,InnoDB,LOCK_SYS_PAGE,1010,16,504
1787549618.761,2026-08-24 05:33:38.763,InnoDB,LOCK_SYS_PAGE,1065,16,471
1787549618.761,2026-08-24 05:33:38.763,InnoDB,LOCK_SYS_PAGE,1138,16,509
1787549618.761,2026-08-24 05:33:38.763,InnoDB,LOCK_SYS_PAGE,1086,16,463
1787549618.761,2026-08-24 05:33:38.763,InnoDB,LOCK_SYS_PAGE,1039,16,437
1787549618.761,2026-08-24 05:33:38.763,InnoDB,LOCK_SYS_PAGE,1166,16,556
1787549618.761,2026-08-24 05:33:38.763,InnoDB,LOCK_SYS_PAGE,1078,16,507
1787549618.761,2026-08-24 05:33:38.763,InnoDB,LOCK_SYS_PAGE,1062,16,508
1787549618.761,2026-08-24 05:33:38.763,InnoDB,LOCK_SYS_PAGE,1077,16,523
1787549618.761,2026-08-24 05:33:38.763,InnoDB,LOCK_SYS_PAGE,1080,16,516
1787549618.761,2026-08-24 05:33:38.763,InnoDB,LOCK_SYS_PAGE,1254,16,625
1787549618.761,2026-08-24 05:33:38.763,InnoDB,LOCK_SYS_PAGE,1124,16,491
1787549618.761,2026-08-24 05:33:38.763,InnoDB,LOCK_SYS_PAGE,1174,16,531
1787549618.761,2026-08-24 05:33:38.763,InnoDB,LOCK_SYS_PAGE,1107,16,488
1787549618.761,2026-08-24 05:33:38.763,InnoDB,LOCK_SYS_PAGE,1129,16,480
1787549618.761,2026-08-24 05:33:38.763,InnoDB,LOCK_SYS_PAGE,1113,16,517
1787549618.761,2026-08-24 05:33:38.763,InnoDB,LOCK_SYS_PAGE,1140,16,516
1787549618.761,2026-08-24 05:33:38.763,InnoDB,LOCK_SYS_PAGE,1121,16,514
1787549618.761,2026-08-24 05:33:38.763,InnoDB,LOCK_SYS_PAGE,1096,16,533
1787549618.761,2026-08-24 05:33:38.763,InnoDB,LOCK_SYS_PAGE,1045,16,507
1787549618.761,2026-08-24 05:33:38.763,InnoDB,LOCK_SYS_PAGE,1187,16,562
1787549618.761,2026-08-24 05:33:38.763,InnoDB,LOCK_SYS_PAGE,1170,16,521
1787549618.761,2026-08-24 05:33:38.763,InnoDB,LOCK_SYS_PAGE,1126,16,531
1787549618.761,2026-08-24 05:33:38.763,InnoDB,LOCK_SYS_PAGE,1212,16,512
1787549618.761,2026-08-24 05:33:38.763,InnoDB,LOCK_SYS_PAGE,1145,16,494
1787549618.761,2026-08-24 05:33:38.763,InnoDB,LOCK_SYS_PAGE,1066,16,513
1787549618.761,2026-08-24 05:33:38.763,InnoDB,LOCK_SYS_PAGE,1068,16,508
1787549618.761,2026-08-24 05:33:38.763,InnoDB,LOCK_SYS_PAGE,1188,16,506
1787549618.761,2026-08-24 05:33:38.763,InnoDB,LOCK_SYS_PAGE,1064,16,487
1787549618.761,2026-08-24 05:33:38.763,InnoDB,LOCK_SYS_PAGE,1105,16,492
1787549618.761,2026-08-24 05:33:38.763,InnoDB,LOCK_SYS_PAGE,1182,16,499
1787549618.761,2026-08-24 05:33:38.763,InnoDB,LOCK_SYS_PAGE,1267,16,547
1787549618.761,2026-08-24 05:33:38.763,InnoDB,LOCK_SYS_PAGE,1154,16,485
1787549618.761,2026-08-24 05:33:38.763,InnoDB,LOCK_SYS_PAGE,1032,15,474
1787549618.761,2026-08-24 05:33:38.763,InnoDB,LOCK_SYS_PAGE,1118,15,540
1787549618.761,2026-08-24 05:33:38.763,InnoDB,LOCK_SYS_PAGE,1098,15,502
1787549618.761,2026-08-24 05:33:38.763,InnoDB,LOCK_SYS_PAGE,1137,15,539
1787549618.761,2026-08-24 05:33:38.763,InnoDB,LOCK_SYS_PAGE,1136,15,546
1787549618.761,2026-08-24 05:33:38.763,InnoDB,LOCK_SYS_PAGE,1166,15,544
1787549618.761,2026-08-24 05:33:38.763,InnoDB,LOCK_SYS_PAGE,1078,15,551
1787549618.761,2026-08-24 05:33:38.763,InnoDB,LOCK_SYS_PAGE,1079,15,497
1787549618.761,2026-08-24 05:33:38.763,InnoDB,LOCK_SYS_PAGE,1158,15,557
1787549618.761,2026-08-24 05:33:38.763,InnoDB,LOCK_SYS_PAGE,1089,15,473
1787549618.761,2026-08-24 05:33:38.763,InnoDB,LOCK_SYS_PAGE,971,15,457
1787549618.761,2026-08-24 05:33:38.763,InnoDB,LOCK_SYS_PAGE,1108,15,541
1787549618.761,2026-08-24 05:33:38.763,InnoDB,LOCK_SYS_PAGE,1042,15,474
1787549618.761,2026-08-24 05:33:38.763,InnoDB,LOCK_SYS_PAGE,1200,15,533
1787549618.761,2026-08-24 05:33:38.763,InnoDB,UNDO_SPACE_RSEG,3368,15,1434
1787549618.761,2026-08-24 05:33:38.763,InnoDB,UNDO_SPACE_RSEG,3215,15,1432
1787549618.761,2026-08-24 05:33:38.763,InnoDB,LOCK_SYS_PAGE,1067,15,530
1787549618.761,2026-08-24 05:33:38.763,InnoDB,LOCK_SYS_PAGE,1045,15,504
1787549618.761,2026-08-24 05:33:38.763,InnoDB,LOCK_SYS_PAGE,1032,15,488
1787549618.761,2026-08-24 05:33:38.763,InnoDB,LOCK_SYS_PAGE,1019,15,451
1787549618.761,2026-08-24 05:33:38.763,InnoDB,LOCK_SYS_PAGE,1080,15,506
1787549618.761,2026-08-24 05:33:38.763,InnoDB,LOCK_SYS_PAGE,1074,15,511
1787549618.761,2026-08-24 05:33:38.763,InnoDB,LOCK_SYS_PAGE,1150,15,582
1787549618.761,2026-08-24 05:33:38.763,InnoDB,LOCK_SYS_PAGE,1045,15,515
1787549618.761,2026-08-24 05:33:38.763,InnoDB,LOCK_SYS_PAGE,1128,15,516
1787549618.761,2026-08-24 05:33:38.763,InnoDB,LOCK_SYS_PAGE,1083,15,506
1787549618.761,2026-08-24 05:33:38.763,InnoDB,LOCK_SYS_PAGE,1100,15,524
1787549618.761,2026-08-24 05:33:38.763,InnoDB,LOCK_SYS_PAGE,1072,15,508
1787549618.761,2026-08-24 05:33:38.763,InnoDB,LOCK_SYS_PAGE,1120,15,570
1787549618.761,2026-08-24 05:33:38.763,InnoDB,UNDO_SPACE_RSEG,3254,15,1412
1787549618.761,2026-08-24 05:33:38.763,InnoDB,LOCK_SYS_PAGE,1018,15,504
1787549618.761,2026-08-24 05:33:38.763,InnoDB,LOCK_SYS_PAGE,1149,15,575
1787549618.761,2026-08-24 05:33:38.763,InnoDB,LOCK_SYS_PAGE,1043,15,528
1787549618.761,2026-08-24 05:33:38.763,InnoDB,LOCK_SYS_PAGE,1120,15,555
1787549618.761,2026-08-24 05:33:38.763,InnoDB,LOCK_SYS_PAGE,1055,15,478
1787549618.761,2026-08-24 05:33:38.763,InnoDB,LOCK_SYS_PAGE,1036,15,486
1787549618.761,2026-08-24 05:33:38.763,InnoDB,LOCK_SYS_PAGE,1113,15,539
1787549618.761,2026-08-24 05:33:38.763,InnoDB,LOCK_SYS_PAGE,1072,15,511
1787549618.761,2026-08-24 05:33:38.763,InnoDB,LOCK_SYS_PAGE,1173,15,515
1787549618.761,2026-08-24 05:33:38.763,InnoDB,LOCK_SYS_PAGE,1042,15,482
1787549618.761,2026-08-24 05:33:38.763,InnoDB,LOCK_SYS_PAGE,1093,15,521
1787549618.761,2026-08-24 05:33:38.763,InnoDB,LOCK_SYS_PAGE,1024,15,527
1787549618.761,2026-08-24 05:33:38.763,InnoDB,LOCK_SYS_PAGE,1008,14,466
1787549618.761,2026-08-24 05:33:38.763,InnoDB,LOCK_SYS_PAGE,939,14,462
1787549618.761,2026-08-24 05:33:38.763,InnoDB,UNDO_SPACE_RSEG,3475,14,1470
1787549618.761,2026-08-24 05:33:38.763,InnoDB,LOCK_SYS_PAGE,1047,14,551
1787549618.761,2026-08-24 05:33:38.763,InnoDB,LOCK_SYS_PAGE,1007,14,478
1787549618.761,2026-08-24 05:33:38.763,InnoDB,LOCK_SYS_PAGE,1057,14,528
1787549618.761,2026-08-24 05:33:38.763,InnoDB,LOCK_SYS_PAGE,1082,14,546
1787549618.761,2026-08-24 05:33:38.763,InnoDB,LOCK_SYS_PAGE,1054,14,534
1787549618.761,2026-08-24 05:33:38.763,InnoDB,LOCK_SYS_PAGE,1054,14,516
1787549618.761,2026-08-24 05:33:38.763,InnoDB,LOCK_SYS_PAGE,1025,14,522
1787549618.761,2026-08-24 05:33:38.763,InnoDB,LOCK_SYS_PAGE,1042,14,497
1787549618.761,2026-08-24 05:33:38.763,InnoDB,LOCK_SYS_PAGE,959,14,481
1787549618.761,2026-08-24 05:33:38.763,InnoDB,LOCK_SYS_PAGE,1061,14,531
1787549618.761,2026-08-24 05:33:38.763,InnoDB,LOCK_SYS_PAGE,1077,14,527
1787549618.761,2026-08-24 05:33:38.763,InnoDB,LOCK_SYS_PAGE,1046,14,520
1787549618.761,2026-08-24 05:33:38.763,InnoDB,LOCK_SYS_PAGE,1014,14,520
1787549618.761,2026-08-24 05:33:38.763,InnoDB,LOCK_SYS_PAGE,1104,14,532
1787549618.761,2026-08-24 05:33:38.763,InnoDB,LOCK_SYS_PAGE,1124,14,534
1787549618.761,2026-08-24 05:33:38.763,InnoDB,LOCK_SYS_PAGE,1022,14,474
1787549618.761,2026-08-24 05:33:38.763,InnoDB,LOCK_SYS_PAGE,1104,14,482
1787549618.761,2026-08-24 05:33:38.763,InnoDB,LOCK_SYS_PAGE,1106,14,555
1787549618.761,2026-08-24 05:33:38.763,InnoDB,LOCK_SYS_PAGE,1028,14,498
1787549618.761,2026-08-24 05:33:38.763,InnoDB,LOCK_SYS_PAGE,1033,14,528
1787549618.761,2026-08-24 05:33:38.763,InnoDB,LOCK_SYS_PAGE,1109,14,546
1787549618.761,2026-08-24 05:33:38.763,InnoDB,UNDO_SPACE_RSEG,3265,14,1411
1787549618.761,2026-08-24 05:33:38.763,InnoDB,LOCK_SYS_PAGE,1019,14,474
1787549618.761,2026-08-24 05:33:38.763,InnoDB,LOCK_SYS_PAGE,1068,14,532
1787549618.761,2026-08-24 05:33:38.763,InnoDB,LOCK_SYS_PAGE,1029,14,499
1787549618.761,2026-08-24 05:33:38.763,InnoDB,LOCK_SYS_PAGE,1019,14,497
1787549618.761,2026-08-24 05:33:38.763,InnoDB,LOCK_SYS_PAGE,1076,14,521
1787549618.761,2026-08-24 05:33:38.763,InnoDB,LOCK_SYS_PAGE,1068,14,560
1787549618.761,2026-08-24 05:33:38.763,InnoDB,LOCK_SYS_PAGE,963,14,488
1787549618.761,2026-08-24 05:33:38.763,InnoDB,LOCK_SYS_PAGE,1033,14,512
1787549618.761,2026-08-24 05:33:38.763,InnoDB,LOCK_SYS_PAGE,1032,14,509
1787549618.761,2026-08-24 05:33:38.763,InnoDB,LOCK_SYS_PAGE,1033,14,498
1787549618.761,2026-08-24 05:33:38.763,InnoDB,LOCK_SYS_PAGE,1024,14,515
1787549618.761,2026-08-24 05:33:38.763,InnoDB,LOCK_SYS_PAGE,1152,14,523
1787549618.761,2026-08-24 05:33:38.763,InnoDB,LOCK_SYS_PAGE,1046,14,485
1787549618.761,2026-08-24 05:33:38.763,InnoDB,LOCK_SYS_PAGE,1028,14,466
1787549618.761,2026-08-24 05:33:38.763,InnoDB,LOCK_SYS_PAGE,1005,14,456
1787549618.761,2026-08-24 05:33:38.763,InnoDB,LOCK_SYS_PAGE,1062,14,541
1787549618.761,2026-08-24 05:33:38.763,InnoDB,LOCK_SYS_PAGE,1034,14,510
1787549618.761,2026-08-24 05:33:38.763,InnoDB,LOCK_SYS_PAGE,1096,14,556
1787549618.761,2026-08-24 05:33:38.763,InnoDB,LOCK_SYS_PAGE,965,14,442
1787549618.761,2026-08-24 05:33:38.763,InnoDB,LOCK_SYS_PAGE,1050,14,525
1787549618.761,2026-08-24 05:33:38.763,InnoDB,LOCK_SYS_PAGE,1066,14,518
1787549618.761,2026-08-24 05:33:38.763,InnoDB,LOCK_SYS_PAGE,1043,14,509
1787549618.761,2026-08-24 05:33:38.763,InnoDB,LOCK_SYS_PAGE,1072,14,555
1787549618.761,2026-08-24 05:33:38.763,InnoDB,LOCK_SYS_PAGE,1013,13,500
1787549618.761,2026-08-24 05:33:38.763,InnoDB,LOCK_SYS_PAGE,1059,13,440
1787549618.761,2026-08-24 05:33:38.763,InnoDB,LOCK_SYS_PAGE,1031,13,522
1787549618.761,2026-08-24 05:33:38.763,InnoDB,LOCK_SYS_PAGE,1036,13,522
1787549618.761,2026-08-24 05:33:38.763,InnoDB,LOCK_SYS_PAGE,1052,13,528
1787549618.761,2026-08-24 05:33:38.763,InnoDB,LOCK_SYS_PAGE,1014,13,497
1787549618.761,2026-08-24 05:33:38.763,InnoDB,LOCK_SYS_PAGE,1073,13,528
1787549618.761,2026-08-24 05:33:38.763,InnoDB,LOCK_SYS_PAGE,986,13,496
1787549618.761,2026-08-24 05:33:38.763,InnoDB,LOCK_SYS_PAGE,1062,13,497
1787549618.761,2026-08-24 05:33:38.763,InnoDB,LOCK_SYS_PAGE,1001,13,488
1787549618.761,2026-08-24 05:33:38.763,InnoDB,LOCK_SYS_PAGE,987,13,508
1787549618.761,2026-08-24 05:33:38.763,InnoDB,LOCK_SYS_PAGE,1130,13,578
1787549618.761,2026-08-24 05:33:38.763,InnoDB,LOCK_SYS_PAGE,1134,13,525
1787549618.761,2026-08-24 05:33:38.763,InnoDB,LOCK_SYS_PAGE,1002,13,511
1787549618.761,2026-08-24 05:33:38.763,InnoDB,UNDO_SPACE_RSEG,3378,13,1470
1787549618.761,2026-08-24 05:33:38.763,InnoDB,LOCK_SYS_PAGE,980,13,507
1787549618.761,2026-08-24 05:33:38.763,InnoDB,LOCK_SYS_PAGE,955,13,480
1787549618.761,2026-08-24 05:33:38.763,InnoDB,LOCK_SYS_PAGE,1086,13,539
1787549618.761,2026-08-24 05:33:38.763,InnoDB,LOCK_SYS_PAGE,949,13,463
1787549618.761,2026-08-24 05:33:38.763,InnoDB,LOCK_SYS_PAGE,989,13,563
1787549618.761,2026-08-24 05:33:38.763,InnoDB,LOCK_SYS_PAGE,1069,13,520
1787549618.761,2026-08-24 05:33:38.763,InnoDB,LOCK_SYS_PAGE,924,13,477
1787549618.761,2026-08-24 05:33:38.763,InnoDB,LOCK_SYS_PAGE,1037,13,495
1787549618.761,2026-08-24 05:33:38.763,InnoDB,LOCK_SYS_PAGE,1105,13,504
1787549618.761,2026-08-24 05:33:38.763,InnoDB,LOCK_SYS_PAGE,970,13,526
1787549618.761,2026-08-24 05:33:38.763,InnoDB,LOCK_SYS_PAGE,999,13,515
1787549618.761,2026-08-24 05:33:38.763,InnoDB,LOCK_SYS_PAGE,1194,13,545
1787549618.761,2026-08-24 05:33:38.763,InnoDB,LOCK_SYS_PAGE,1064,13,539
1787549618.761,2026-08-24 05:33:38.763,InnoDB,LOCK_SYS_PAGE,1071,13,489
1787549618.761,2026-08-24 05:33:38.763,InnoDB,LOCK_SYS_PAGE,1016,13,529
1787549618.761,2026-08-24 05:33:38.763,InnoDB,LOCK_SYS_PAGE,958,13,527
1787549618.761,2026-08-24 05:33:38.763,InnoDB,LOCK_SYS_PAGE,1060,13,517
1787549618.761,2026-08-24 05:33:38.763,InnoDB,LOCK_SYS_PAGE,1047,13,508
1787549618.761,2026-08-24 05:33:38.763,InnoDB,LOCK_SYS_PAGE,941,13,446
1787549618.761,2026-08-24 05:33:38.763,InnoDB,LOCK_SYS_PAGE,1046,13,502
1787549618.761,2026-08-24 05:33:38.763,InnoDB,LOCK_SYS_PAGE,1022,13,506
1787549618.761,2026-08-24 05:33:38.763,InnoDB,LOCK_SYS_PAGE,1010,13,548
1787549618.761,2026-08-24 05:33:38.763,InnoDB,LOCK_SYS_PAGE,976,13,498
1787549618.761,2026-08-24 05:33:38.763,InnoDB,LOCK_SYS_PAGE,1140,13,540
1787549618.761,2026-08-24 05:33:38.763,InnoDB,LOCK_SYS_PAGE,981,13,489
1787549618.761,2026-08-24 05:33:38.763,InnoDB,LOCK_SYS_PAGE,1027,13,513
1787549618.761,2026-08-24 05:33:38.763,InnoDB,LOCK_SYS_PAGE,973,13,519
1787549618.761,2026-08-24 05:33:38.763,InnoDB,LOCK_SYS_PAGE,993,13,506
1787549618.761,2026-08-24 05:33:38.763,InnoDB,LOCK_SYS_PAGE,997,13,528
1787549618.761,2026-08-24 05:33:38.763,InnoDB,LOCK_SYS_PAGE,1145,13,538
1787549618.761,2026-08-24 05:33:38.763,InnoDB,LOCK_SYS_PAGE,976,13,488
1787549618.761,2026-08-24 05:33:38.763,InnoDB,LOCK_SYS_PAGE,1069,13,530
1787549618.761,2026-08-24 05:33:38.763,InnoDB,LOCK_SYS_PAGE,1181,13,575
1787549618.761,2026-08-24 05:33:38.763,InnoDB,LOCK_SYS_PAGE,1020,12,516
1787549618.761,2026-08-24 05:33:38.763,InnoDB,LOCK_SYS_PAGE,1082,12,506
1787549618.761,2026-08-24 05:33:38.763,InnoDB,LOCK_SYS_PAGE,1091,12,584
1787549618.761,2026-08-24 05:33:38.763,InnoDB,LOCK_SYS_PAGE,977,12,508
1787549618.761,2026-08-24 05:33:38.763,InnoDB,LOCK_SYS_PAGE,1010,12,511
1787549618.761,2026-08-24 05:33:38.763,InnoDB,LOCK_SYS_PAGE,1034,12,567
1787549618.761,2026-08-24 05:33:38.763,InnoDB,LOCK_SYS_PAGE,1013,12,552
1787549618.761,2026-08-24 05:33:38.763,InnoDB,LOCK_SYS_PAGE,1037,12,496
1787549618.761,2026-08-24 05:33:38.763,InnoDB,LOCK_SYS_PAGE,1002,12,498
1787549618.761,2026-08-24 05:33:38.763,InnoDB,LOCK_SYS_PAGE,1022,12,558
1787549618.761,2026-08-24 05:33:38.763,InnoDB,LOCK_SYS_PAGE,1033,12,516
1787549618.761,2026-08-24 05:33:38.763,InnoDB,LOCK_SYS_PAGE,1030,12,532
1787549618.761,2026-08-24 05:33:38.763,InnoDB,LOCK_SYS_PAGE,1119,12,522
1787549618.761,2026-08-24 05:33:38.763,InnoDB,LOCK_SYS_PAGE,1089,12,536
1787549618.761,2026-08-24 05:33:38.763,InnoDB,LOCK_SYS_PAGE,1064,12,517
1787549618.761,2026-08-24 05:33:38.763,InnoDB,LOCK_SYS_PAGE,1060,12,590
1787549618.761,2026-08-24 05:33:38.763,InnoDB,LOCK_SYS_PAGE,983,12,509
1787549618.761,2026-08-24 05:33:38.763,InnoDB,LOCK_SYS_PAGE,990,12,506
1787549618.761,2026-08-24 05:33:38.763,InnoDB,LOCK_SYS_PAGE,1137,12,552
1787549618.761,2026-08-24 05:33:38.763,InnoDB,LOCK_SYS_PAGE,1000,12,511
1787549618.761,2026-08-24 05:33:38.763,InnoDB,LOCK_SYS_PAGE,932,12,524
1787549618.761,2026-08-24 05:33:38.763,InnoDB,LOCK_SYS_PAGE,1038,12,536
1787549618.761,2026-08-24 05:33:38.763,InnoDB,LOCK_SYS_PAGE,1034,12,483
1787549618.761,2026-08-24 05:33:38.763,InnoDB,LOCK_SYS_PAGE,993,12,535
1787549618.761,2026-08-24 05:33:38.763,InnoDB,LOCK_SYS_PAGE,1061,12,501
1787549618.761,2026-08-24 05:33:38.763,InnoDB,LOCK_SYS_PAGE,931,12,479
1787549618.761,2026-08-24 05:33:38.763,InnoDB,LOCK_SYS_PAGE,953,12,518
1787549618.761,2026-08-24 05:33:38.763,InnoDB,LOCK_SYS_PAGE,928,12,461
1787549618.761,2026-08-24 05:33:38.763,InnoDB,LOCK_SYS_PAGE,1029,12,522
1787549618.761,2026-08-24 05:33:38.763,InnoDB,LOCK_SYS_PAGE,1055,12,515
1787549618.761,2026-08-24 05:33:38.763,InnoDB,LOCK_SYS_PAGE,1134,12,570
1787549618.761,2026-08-24 05:33:38.763,InnoDB,LOCK_SYS_PAGE,965,12,533
1787549618.761,2026-08-24 05:33:38.763,InnoDB,LOCK_SYS_PAGE,956,12,500
1787549618.761,2026-08-24 05:33:38.763,InnoDB,LOCK_SYS_PAGE,1013,12,497
1787549618.761,2026-08-24 05:33:38.763,InnoDB,LOCK_SYS_PAGE,908,12,443
1787549618.761,2026-08-24 05:33:38.763,InnoDB,LOCK_SYS_PAGE,930,12,479
1787549618.761,2026-08-24 05:33:38.763,InnoDB,LOCK_SYS_PAGE,1050,12,562
1787549618.761,2026-08-24 05:33:38.763,InnoDB,LOCK_SYS_PAGE,1014,11,496
1787549618.761,2026-08-24 05:33:38.763,InnoDB,LOCK_SYS_PAGE,1032,11,540
1787549618.761,2026-08-24 05:33:38.763,InnoDB,LOCK_SYS_PAGE,978,11,538
1787549618.761,2026-08-24 05:33:38.763,InnoDB,LOCK_SYS_PAGE,955,11,508
1787549618.761,2026-08-24 05:33:38.763,InnoDB,LOCK_SYS_PAGE,1052,11,602
1787549618.761,2026-08-24 05:33:38.763,InnoDB,LOCK_SYS_PAGE,946,11,526
1787549618.761,2026-08-24 05:33:38.763,InnoDB,LOCK_SYS_PAGE,939,11,521
1787549618.761,2026-08-24 05:33:38.763,InnoDB,LOCK_SYS_PAGE,873,11,485
1787549618.761,2026-08-24 05:33:38.763,InnoDB,LOCK_SYS_PAGE,917,11,463
1787549618.761,2026-08-24 05:33:38.763,InnoDB,LOCK_SYS_PAGE,1042,11,564
1787549618.761,2026-08-24 05:33:38.763,InnoDB,LOCK_SYS_PAGE,976,11,498
1787549618.761,2026-08-24 05:33:38.763,InnoDB,LOCK_SYS_PAGE,894,11,504
1787549618.761,2026-08-24 05:33:38.763,InnoDB,LOCK_SYS_PAGE,951,11,516
1787549618.761,2026-08-24 05:33:38.763,InnoDB,LOCK_SYS_PAGE,932,11,505
1787549618.761,2026-08-24 05:33:38.763,InnoDB,LOCK_SYS_PAGE,871,11,479
1787549618.761,2026-08-24 05:33:38.763,InnoDB,LOCK_SYS_PAGE,947,11,513
1787549618.761,2026-08-24 05:33:38.763,InnoDB,LOCK_SYS_PAGE,1010,11,517
1787549618.761,2026-08-24 05:33:38.763,InnoDB,LOCK_SYS_PAGE,986,11,534
1787549618.761,2026-08-24 05:33:38.763,InnoDB,LOCK_SYS_PAGE,925,11,511
1787549618.761,2026-08-24 05:33:38.763,InnoDB,LOCK_SYS_PAGE,958,11,486
1787549618.761,2026-08-24 05:33:38.763,InnoDB,LOCK_SYS_PAGE,843,11,481
1787549618.761,2026-08-24 05:33:38.763,InnoDB,LOCK_SYS_PAGE,925,11,466
1787549618.761,2026-08-24 05:33:38.763,InnoDB,LOCK_SYS_PAGE,978,11,495
1787549618.761,2026-08-24 05:33:38.763,InnoDB,LOCK_SYS_PAGE,1029,11,532
1787549618.761,2026-08-24 05:33:38.763,InnoDB,LOCK_SYS_PAGE,1082,11,594
1787549618.761,2026-08-24 05:33:38.763,InnoDB,LOCK_SYS_PAGE,1034,11,535
1787549618.761,2026-08-24 05:33:38.763,InnoDB,LOCK_SYS_PAGE,961,11,515
1787549618.761,2026-08-24 05:33:38.763,InnoDB,LOCK_SYS_PAGE,982,11,493
1787549618.761,2026-08-24 05:33:38.763,InnoDB,LOCK_SYS_PAGE,920,11,471
1787549618.761,2026-08-24 05:33:38.763,InnoDB,LOCK_SYS_PAGE,942,11,531
1787549618.761,2026-08-24 05:33:38.763,InnoDB,LOCK_SYS_PAGE,948,11,500
1787549618.761,2026-08-24 05:33:38.763,InnoDB,LOCK_SYS_PAGE,965,11,470
1787549618.761,2026-08-24 05:33:38.763,InnoDB,LOCK_SYS_PAGE,940,11,523
1787549618.761,2026-08-24 05:33:38.763,InnoDB,LOCK_SYS_PAGE,986,11,535
1787549618.761,2026-08-24 05:33:38.763,InnoDB,LOCK_SYS_PAGE,932,10,525
1787549618.761,2026-08-24 05:33:38.763,InnoDB,LOCK_SYS_PAGE,1034,10,511
1787549618.761,2026-08-24 05:33:38.763,InnoDB,LOCK_SYS_PAGE,966,10,485
1787549618.761,2026-08-24 05:33:38.763,InnoDB,LOCK_SYS_PAGE,920,10,544
1787549618.761,2026-08-24 05:33:38.763,InnoDB,LOCK_SYS_PAGE,895,10,466
1787549618.761,2026-08-24 05:33:38.763,InnoDB,LOCK_SYS_PAGE,873,10,494
1787549618.761,2026-08-24 05:33:38.763,InnoDB,LOCK_SYS_PAGE,841,10,447
1787549618.761,2026-08-24 05:33:38.763,InnoDB,LOCK_SYS_PAGE,954,10,501
1787549618.761,2026-08-24 05:33:38.763,InnoDB,LOCK_SYS_PAGE,933,10,501
1787549618.761,2026-08-24 05:33:38.763,InnoDB,LOCK_SYS_PAGE,900,10,484
1787549618.761,2026-08-24 05:33:38.763,InnoDB,LOCK_SYS_PAGE,913,10,531
1787549618.761,2026-08-24 05:33:38.763,InnoDB,LOCK_SYS_PAGE,970,10,518
1787549618.761,2026-08-24 05:33:38.763,InnoDB,LOCK_SYS_PAGE,894,10,519
1787549618.761,2026-08-24 05:33:38.763,InnoDB,LOCK_SYS_PAGE,937,10,486
1787549618.761,2026-08-24 05:33:38.763,InnoDB,LOCK_SYS_PAGE,960,10,508
1787549618.761,2026-08-24 05:33:38.763,InnoDB,LOCK_SYS_PAGE,918,10,497
1787549618.761,2026-08-24 05:33:38.763,InnoDB,LOCK_SYS_PAGE,920,10,533
1787549618.761,2026-08-24 05:33:38.763,InnoDB,LOCK_SYS_PAGE,884,10,489
1787549618.761,2026-08-24 05:33:38.763,InnoDB,LOCK_SYS_PAGE,925,10,509
1787549618.761,2026-08-24 05:33:38.763,InnoDB,LOCK_SYS_PAGE,996,10,500
1787549618.761,2026-08-24 05:33:38.763,InnoDB,LOCK_SYS_PAGE,991,10,558
1787549618.761,2026-08-24 05:33:38.763,InnoDB,LOCK_SYS_PAGE,934,10,468
1787549618.761,2026-08-24 05:33:38.763,InnoDB,LOCK_SYS_PAGE,891,10,482
1787549618.761,2026-08-24 05:33:38.763,InnoDB,LOCK_SYS_PAGE,939,10,492
1787549618.761,2026-08-24 05:33:38.763,InnoDB,LOCK_SYS_PAGE,873,10,495
1787549618.761,2026-08-24 05:33:38.763,InnoDB,LOCK_SYS_PAGE,902,10,509
1787549618.761,2026-08-24 05:33:38.763,InnoDB,LOCK_SYS_PAGE,893,10,472
1787549618.761,2026-08-24 05:33:38.763,InnoDB,LOCK_SYS_PAGE,920,10,481
1787549618.761,2026-08-24 05:33:38.763,InnoDB,LOCK_SYS_PAGE,904,10,494
1787549618.761,2026-08-24 05:33:38.763,InnoDB,LOCK_SYS_PAGE,929,10,580
1787549618.761,2026-08-24 05:33:38.763,InnoDB,LOCK_SYS_PAGE,946,10,525
1787549618.761,2026-08-24 05:33:38.763,InnoDB,LOCK_SYS_PAGE,946,10,503
1787549618.761,2026-08-24 05:33:38.763,InnoDB,LOCK_SYS_PAGE,895,10,470
1787549618.761,2026-08-24 05:33:38.763,InnoDB,LOCK_SYS_PAGE,973,10,473
1787549618.761,2026-08-24 05:33:38.763,InnoDB,LOCK_SYS_PAGE,942,10,529
1787549618.761,2026-08-24 05:33:38.763,InnoDB,LOCK_SYS_PAGE,894,10,537
1787549618.761,2026-08-24 05:33:38.763,InnoDB,LOCK_SYS_PAGE,1064,10,546
1787549618.761,2026-08-24 05:33:38.763,InnoDB,LOCK_SYS_PAGE,912,10,523
1787549618.761,2026-08-24 05:33:38.763,InnoDB,LOCK_SYS_PAGE,979,10,513
1787549618.761,2026-08-24 05:33:38.763,InnoDB,LOCK_SYS_PAGE,983,10,593
1787549618.761,2026-08-24 05:33:38.763,InnoDB,LOCK_SYS_PAGE,997,10,553
1787549618.761,2026-08-24 05:33:38.763,InnoDB,LOCK_SYS_PAGE,954,10,540
1787549618.761,2026-08-24 05:33:38.763,InnoDB,LOCK_SYS_PAGE,907,10,502
1787549618.761,2026-08-24 05:33:38.763,InnoDB,LOCK_SYS_PAGE,925,10,542
1787549618.761,2026-08-24 05:33:38.763,InnoDB,LOCK_SYS_PAGE,891,10,464
1787549618.761,2026-08-24 05:33:38.763,InnoDB,LOCK_SYS_PAGE,841,10,467
1787549618.761,2026-08-24 05:33:38.763,InnoDB,LOCK_SYS_PAGE,928,10,506
1787549618.761,2026-08-24 05:33:38.763,InnoDB,LOCK_SYS_PAGE,937,9,489
1787549618.761,2026-08-24 05:33:38.763,InnoDB,LOCK_SYS_PAGE,908,9,471
1787549618.761,2026-08-24 05:33:38.763,InnoDB,LOCK_SYS_PAGE,1071,9,554
1787549618.761,2026-08-24 05:33:38.763,InnoDB,LOCK_SYS_PAGE,890,9,516
1787549618.761,2026-08-24 05:33:38.763,InnoDB,LOCK_SYS_PAGE,998,9,523
1787549618.761,2026-08-24 05:33:38.763,InnoDB,LOCK_SYS_PAGE,850,9,498
1787549618.761,2026-08-24 05:33:38.763,InnoDB,LOCK_SYS_PAGE,879,9,506
1787549618.761,2026-08-24 05:33:38.763,InnoDB,LOCK_SYS_PAGE,910,9,548
1787549618.761,2026-08-24 05:33:38.763,InnoDB,LOCK_SYS_PAGE,825,9,490
1787549618.761,2026-08-24 05:33:38.763,InnoDB,LOCK_SYS_PAGE,921,9,530
1787549618.761,2026-08-24 05:33:38.763,InnoDB,LOCK_SYS_PAGE,839,9,515
1787549618.761,2026-08-24 05:33:38.763,InnoDB,LOCK_SYS_PAGE,1037,9,561
1787549618.761,2026-08-24 05:33:38.763,InnoDB,LOCK_SYS_PAGE,927,9,569
1787549618.761,2026-08-24 05:33:38.763,InnoDB,LOCK_SYS_PAGE,830,9,474
1787549618.761,2026-08-24 05:33:38.763,InnoDB,LOCK_SYS_PAGE,855,9,514
1787549618.761,2026-08-24 05:33:38.763,InnoDB,LOCK_SYS_PAGE,908,9,467
1787549618.761,2026-08-24 05:33:38.763,InnoDB,LOCK_SYS_PAGE,1031,9,565
1787549618.761,2026-08-24 05:33:38.763,InnoDB,LOCK_SYS_PAGE,903,9,516
1787549618.761,2026-08-24 05:33:38.763,InnoDB,LOCK_SYS_PAGE,795,9,470
1787549618.761,2026-08-24 05:33:38.763,InnoDB,LOCK_SYS_PAGE,910,9,485
1787549618.761,2026-08-24 05:33:38.763,InnoDB,LOCK_SYS_PAGE,892,9,489
1787549618.761,2026-08-24 05:33:38.763,InnoDB,LOCK_SYS_PAGE,962,9,554
1787549618.761,2026-08-24 05:33:38.763,InnoDB,LOCK_SYS_PAGE,920,9,480
1787549618.761,2026-08-24 05:33:38.763,InnoDB,LOCK_SYS_PAGE,910,9,517
1787549618.761,2026-08-24 05:33:38.763,InnoDB,LOCK_SYS_PAGE,864,9,475
1787549618.761,2026-08-24 05:33:38.763,InnoDB,LOCK_SYS_PAGE,886,9,484
1787549618.761,2026-08-24 05:33:38.763,InnoDB,LOCK_SYS_PAGE,849,9,491
1787549618.761,2026-08-24 05:33:38.763,InnoDB,LOCK_SYS_PAGE,871,9,521
1787549618.761,2026-08-24 05:33:38.763,InnoDB,LOCK_SYS_PAGE,874,9,518
1787549618.761,2026-08-24 05:33:38.763,InnoDB,LOCK_SYS_PAGE,835,8,506
1787549618.761,2026-08-24 05:33:38.763,InnoDB,LOCK_SYS_PAGE,872,8,563
1787549618.761,2026-08-24 05:33:38.763,InnoDB,LOCK_SYS_PAGE,826,8,509
1787549618.761,2026-08-24 05:33:38.763,InnoDB,LOCK_SYS_PAGE,850,8,502
1787549618.761,2026-08-24 05:33:38.763,InnoDB,LOCK_SYS_PAGE,851,8,480
1787549618.761,2026-08-24 05:33:38.763,InnoDB,LOCK_SYS_PAGE,881,8,500
1787549618.761,2026-08-24 05:33:38.763,InnoDB,LOCK_SYS_PAGE,958,8,491
1787549618.761,2026-08-24 05:33:38.763,InnoDB,LOCK_SYS_PAGE,876,8,554
1787549618.761,2026-08-24 05:33:38.763,InnoDB,LOCK_SYS_PAGE,931,8,515
1787549618.761,2026-08-24 05:33:38.763,InnoDB,LOCK_SYS_PAGE,925,8,552
1787549618.761,2026-08-24 05:33:38.763,InnoDB,LOCK_SYS_PAGE,876,8,498
1787549618.761,2026-08-24 05:33:38.763,InnoDB,RECALC_POOL,292,8,19
1787549618.761,2026-08-24 05:33:38.763,InnoDB,LOCK_SYS_PAGE,903,8,571
1787549618.761,2026-08-24 05:33:38.763,InnoDB,LOCK_SYS_PAGE,846,8,528
1787549618.761,2026-08-24 05:33:38.763,InnoDB,LOCK_SYS_PAGE,941,8,546
1787549618.761,2026-08-24 05:33:38.763,InnoDB,LOCK_SYS_PAGE,890,8,500
1787549618.761,2026-08-24 05:33:38.763,InnoDB,LOCK_SYS_PAGE,813,8,513
1787549618.761,2026-08-24 05:33:38.763,InnoDB,LOCK_SYS_PAGE,901,8,503
1787549618.761,2026-08-24 05:33:38.763,InnoDB,LOCK_SYS_PAGE,797,8,504
1787549618.761,2026-08-24 05:33:38.763,InnoDB,LOCK_SYS_PAGE,785,8,490
1787549618.761,2026-08-24 05:33:38.763,InnoDB,LOCK_SYS_PAGE,876,8,511
1787549618.761,2026-08-24 05:33:38.763,InnoDB,LOCK_SYS_PAGE,907,8,512
1787549618.761,2026-08-24 05:33:38.763,InnoDB,LOCK_SYS_PAGE,970,8,526
1787549618.761,2026-08-24 05:33:38.763,InnoDB,LOCK_SYS_PAGE,897,8,504
1787549618.761,2026-08-24 05:33:38.763,InnoDB,LOCK_SYS_PAGE,832,8,477
1787549618.761,2026-08-24 05:33:38.763,InnoDB,LOCK_SYS_PAGE,805,7,525
1787549618.761,2026-08-24 05:33:38.763,InnoDB,LOCK_SYS_PAGE,875,7,535
1787549618.761,2026-08-24 05:33:38.763,InnoDB,LOCK_SYS_PAGE,886,7,556
1787549618.761,2026-08-24 05:33:38.763,InnoDB,LOCK_SYS_PAGE,843,7,516
1787549618.761,2026-08-24 05:33:38.763,InnoDB,LOCK_SYS_PAGE,862,7,546
1787549618.761,2026-08-24 05:33:38.763,InnoDB,LOCK_SYS_PAGE,816,7,511
1787549618.761,2026-08-24 05:33:38.763,InnoDB,LOCK_SYS_PAGE,835,7,473
1787549618.761,2026-08-24 05:33:38.763,InnoDB,LOCK_SYS_PAGE,846,7,505
1787549618.761,2026-08-24 05:33:38.763,InnoDB,LOCK_SYS_PAGE,815,7,484
1787549618.761,2026-08-24 05:33:38.763,InnoDB,LOCK_SYS_PAGE,958,7,551
1787549618.761,2026-08-24 05:33:38.763,InnoDB,LOCK_SYS_PAGE,825,7,558
1787549618.761,2026-08-24 05:33:38.763,InnoDB,LOCK_SYS_PAGE,721,7,462
1787549618.761,2026-08-24 05:33:38.763,InnoDB,LOCK_SYS_PAGE,828,7,536
1787549618.761,2026-08-24 05:33:38.763,InnoDB,LOCK_SYS_PAGE,860,7,522
1787549618.761,2026-08-24 05:33:38.763,InnoDB,PARSER,238,7,5
1787549618.761,2026-08-24 05:33:38.763,InnoDB,LOCK_SYS_PAGE,730,7,470
1787549618.761,2026-08-24 05:33:38.763,InnoDB,LOCK_SYS_PAGE,893,7,512
1787549618.761,2026-08-24 05:33:38.763,InnoDB,LOCK_SYS_PAGE,834,7,479
1787549618.761,2026-08-24 05:33:38.763,InnoDB,LOCK_SYS_PAGE,860,7,521
1787549618.761,2026-08-24 05:33:38.763,InnoDB,LOCK_SYS_PAGE,804,7,479
1787549618.761,2026-08-24 05:33:38.763,InnoDB,LOCK_SYS_PAGE,819,7,517
1787549618.761,2026-08-24 05:33:38.763,InnoDB,LOCK_SYS_PAGE,822,7,515
1787549618.761,2026-08-24 05:33:38.763,InnoDB,LOCK_SYS_PAGE,905,7,478
1787549618.761,2026-08-24 05:33:38.763,InnoDB,LOCK_SYS_PAGE,922,7,554
1787549618.761,2026-08-24 05:33:38.763,InnoDB,LOCK_SYS_PAGE,770,7,532
1787549618.761,2026-08-24 05:33:38.763,InnoDB,LOCK_SYS_PAGE,808,7,492
1787549618.761,2026-08-24 05:33:38.763,InnoDB,LOCK_SYS_PAGE,782,6,546
1787549618.761,2026-08-24 05:33:38.763,InnoDB,LOCK_SYS_PAGE,757,6,543
1787549618.761,2026-08-24 05:33:38.763,InnoDB,LOCK_SYS_PAGE,906,6,499
1787549618.761,2026-08-24 05:33:38.763,InnoDB,LOCK_SYS_PAGE,879,6,550
1787549618.761,2026-08-24 05:33:38.763,InnoDB,LOCK_SYS_PAGE,782,6,490
1787549618.761,2026-08-24 05:33:38.763,InnoDB,LOCK_SYS_PAGE,806,6,512
1787549618.761,2026-08-24 05:33:38.763,InnoDB,LOCK_SYS_PAGE,833,6,522
1787549618.761,2026-08-24 05:33:38.763,InnoDB,LOCK_SYS_PAGE,840,6,501
1787549618.761,2026-08-24 05:33:38.763,InnoDB,LOCK_SYS_PAGE,703,6,455
1787549618.761,2026-08-24 05:33:38.763,InnoDB,LOCK_SYS_PAGE,973,6,548
1787549618.761,2026-08-24 05:33:38.763,InnoDB,LOCK_SYS_PAGE,783,6,489
1787549618.761,2026-08-24 05:33:38.763,InnoDB,LOCK_SYS_PAGE,808,6,517
1787549618.761,2026-08-24 05:33:38.763,InnoDB,LOCK_SYS_PAGE,730,6,504
1787549618.761,2026-08-24 05:33:38.763,InnoDB,LOCK_SYS_PAGE,800,6,500
1787549618.761,2026-08-24 05:33:38.763,InnoDB,LOCK_SYS_PAGE,809,6,484
1787549618.761,2026-08-24 05:33:38.763,InnoDB,LOCK_SYS_PAGE,672,6,468
1787549618.761,2026-08-24 05:33:38.763,InnoDB,LOCK_SYS_PAGE,729,5,456
1787549618.761,2026-08-24 05:33:38.763,InnoDB,LOCK_SYS_PAGE,747,5,489
1787549618.761,2026-08-24 05:33:38.763,InnoDB,DICT_TABLE_STATS_COMPUTE,174,5,4
1787549618.761,2026-08-24 05:33:38.763,InnoDB,LOCK_SYS_PAGE,814,5,562
1787549618.761,2026-08-24 05:33:38.763,InnoDB,LOCK_SYS_PAGE,656,5,461
1787549618.761,2026-08-24 05:33:38.763,InnoDB,LOCK_SYS_PAGE,785,5,529
1787549618.761,2026-08-24 05:33:38.763,InnoDB,LOCK_SYS_PAGE,733,4,483
1787549618.761,2026-08-24 05:33:38.763,InnoDB,LOCK_SYS_PAGE,694,4,489
1787549618.761,2026-08-24 05:33:38.763,InnoDB,LOCK_SYS_PAGE,661,4,457
1787549618.761,2026-08-24 05:33:38.763,InnoDB,LOCK_SYS_PAGE,728,4,494
1787549618.761,2026-08-24 05:33:38.763,InnoDB,LOCK_SYS_PAGE,726,4,497
1787549618.761,2026-08-24 05:33:38.763,InnoDB,DICT_TABLE_STATS_COMPUTE,90,3,2
1787549618.761,2026-08-24 05:33:38.763,InnoDB,LOCK_SYS_PAGE,769,3,518
1787549618.761,2026-08-24 05:33:38.763,InnoDB,FIL_SHARD,99,2,44
1787549618.761,2026-08-24 05:33:38.763,InnoDB,FIL_SHARD,144,2,91
1787549618.761,2026-08-24 05:33:38.763,InnoDB,LOCK_SYS_PAGE,620,2,465
1787549618.761,2026-08-24 05:33:38.763,InnoDB,FIL_SHARD,96,2,25
1787549618.761,2026-08-24 05:33:38.763,InnoDB,FIL_SHARD,78,2,28
1787549618.761,2026-08-24 05:33:38.763,InnoDB,FIL_SHARD,63,1,35
1787549618.761,2026-08-24 05:33:38.763,InnoDB,TRX_SYS_SHARD,34,1,1
1787549618.761,2026-08-24 05:33:38.763,InnoDB,TRX_SYS_SHARD,32,1,3
1787549618.761,2026-08-24 05:33:38.763,InnoDB,FIL_SHARD,73,1,43
1787549618.761,2026-08-24 05:33:38.763,InnoDB,FIL_SHARD,38,1,11
1787549618.761,2026-08-24 05:33:38.763,InnoDB,TRX_SYS_SHARD,35,1,2
1787549618.761,2026-08-24 05:33:38.763,InnoDB,TRX_SYS_SHARD,31,1,2
1787549618.761,2026-08-24 05:33:38.763,InnoDB,LOG_LIMITS,239,1,141
1787549618.761,2026-08-24 05:33:38.763,InnoDB,FIL_SHARD,80,1,72
1787549618.761,2026-08-24 05:33:38.763,InnoDB,TRX_SYS_SHARD,30,1,1
1787549618.761,2026-08-24 05:33:38.763,InnoDB,FIL_SHARD,47,1,24
1787549618.761,2026-08-24 05:33:38.763,InnoDB,TRX_SYS_SHARD,4,0,3
1787549618.761,2026-08-24 05:33:38.763,InnoDB,TRX_SYS_SHARD,1,0,1
1787549618.761,2026-08-24 05:33:38.763,InnoDB,TRX_SYS_SHARD,1,0,1
1787549618.761,2026-08-24 05:33:38.763,InnoDB,TRX_SYS_SHARD,1,0,1
1787549618.761,2026-08-24 05:33:38.763,InnoDB,TRX_SYS_SHARD,2,0,1
1787549618.761,2026-08-24 05:33:38.763,InnoDB,TRX_SYS_SHARD,1,0,1
1787549618.761,2026-08-24 05:33:38.763,InnoDB,TRX_SYS_SHARD,1,0,1
1787549618.761,2026-08-24 05:33:38.763,InnoDB,TRX_SYS_SHARD,1,0,1
1787549618.761,2026-08-24 05:33:38.763,InnoDB,TRX_SYS_SHARD,1,0,1
1787549618.761,2026-08-24 05:33:38.763,InnoDB,TRX_SYS_SHARD,1,0,1
1787549618.761,2026-08-24 05:33:38.763,InnoDB,TRX_SYS_SHARD,1,0,1
1787549618.761,2026-08-24 05:33:38.763,InnoDB,TRX_SYS_SHARD,1,0,1
1787549618.761,2026-08-24 05:33:38.763,InnoDB,TRX_SYS_SHARD,1,0,1
1787549618.761,2026-08-24 05:33:38.763,InnoDB,TRX_SYS_SHARD,1,0,1
1787549618.761,2026-08-24 05:33:38.763,InnoDB,TRX_SYS_SHARD,1,0,1
1787549618.761,2026-08-24 05:33:38.763,InnoDB,TRX_SYS_SHARD,1,0,1
1787549618.761,2026-08-24 05:33:38.763,InnoDB,TRX_SYS_SHARD,1,0,1
1787549618.761,2026-08-24 05:33:38.763,InnoDB,TRX_SYS_SHARD,2,0,1
1787549618.761,2026-08-24 05:33:38.763,InnoDB,TRX_SYS_SHARD,2,0,1
1787549618.761,2026-08-24 05:33:38.763,InnoDB,TRX_SYS_SHARD,1,0,1
1787549618.761,2026-08-24 05:33:38.763,InnoDB,TRX_SYS_SHARD,1,0,1
1787549618.761,2026-08-24 05:33:38.763,InnoDB,TRX_SYS_SHARD,2,0,2
1787549618.761,2026-08-24 05:33:38.763,InnoDB,TRX_SYS_SHARD,1,0,1
1787549618.761,2026-08-24 05:33:38.763,InnoDB,TRX_SYS_SHARD,1,0,1
1787549618.761,2026-08-24 05:33:38.763,InnoDB,TRX_SYS_SHARD,2,0,2
1787549618.761,2026-08-24 05:33:38.763,InnoDB,TRX_SYS_SHARD,2,0,1
1787549618.761,2026-08-24 05:33:38.763,InnoDB,TRX_SYS_SHARD,1,0,1
1787549618.761,2026-08-24 05:33:38.763,InnoDB,TRX_SYS_SHARD,1,0,1
1787549618.761,2026-08-24 05:33:38.763,InnoDB,TRX_SYS_SHARD,2,0,1
1787549618.761,2026-08-24 05:33:38.763,InnoDB,TRX_SYS_SHARD,2,0,1
1787549618.761,2026-08-24 05:33:38.763,InnoDB,TRX_SYS_SHARD,1,0,1
1787549618.761,2026-08-24 05:33:38.763,InnoDB,TRX_SYS_SHARD,1,0,1
1787549618.761,2026-08-24 05:33:38.763,InnoDB,TRX_SYS_SHARD,1,0,1
1787549618.761,2026-08-24 05:33:38.763,InnoDB,TRX_SYS_SHARD,1,0,1
1787549618.761,2026-08-24 05:33:38.763,InnoDB,TRX_SYS_SHARD,4,0,2
1787549618.761,2026-08-24 05:33:38.763,InnoDB,TRX_SYS_SHARD,1,0,1
1787549618.761,2026-08-24 05:33:38.763,InnoDB,TRX_SYS_SHARD,1,0,1
1787549618.761,2026-08-24 05:33:38.763,InnoDB,TRX_SYS_SHARD,2,0,1
1787549618.761,2026-08-24 05:33:38.763,InnoDB,TRX_SYS_SHARD,1,0,1
1787549618.761,2026-08-24 05:33:38.763,InnoDB,FIL_SHARD,135,0,167
1787549618.761,2026-08-24 05:33:38.763,InnoDB,TRX_SYS_SHARD,2,0,2
1787549618.761,2026-08-24 05:33:38.763,InnoDB,TRX_SYS_SHARD,2,0,1
1787549618.761,2026-08-24 05:33:38.763,InnoDB,TRX_SYS_SHARD,2,0,1
1787549618.761,2026-08-24 05:33:38.763,InnoDB,TRX_SYS_SHARD,1,0,1
1787549618.761,2026-08-24 05:33:38.763,InnoDB,FIL_SHARD,25,0,8
1787549618.761,2026-08-24 05:33:38.763,InnoDB,TRX_SYS_SHARD,2,0,1
1787549618.761,2026-08-24 05:33:38.763,InnoDB,TRX_SYS_SHARD,1,0,1
1787549618.761,2026-08-24 05:33:38.763,InnoDB,CLONE_SYS,1,0,1
1787549618.761,2026-08-24 05:33:38.763,InnoDB,TRX_SYS_SHARD,1,0,1
1787549618.761,2026-08-24 05:33:38.763,InnoDB,TRX_SYS_SHARD,1,0,1
1787549618.761,2026-08-24 05:33:38.763,InnoDB,TRX_SYS_SHARD,2,0,2
1787549618.761,2026-08-24 05:33:38.763,InnoDB,TRX_SYS_SHARD,1,0,1
1787549618.761,2026-08-24 05:33:38.763,InnoDB,TRX_SYS_SHARD,2,0,2
1787549618.761,2026-08-24 05:33:38.763,InnoDB,TRX_SYS_SHARD,1,0,1
1787549618.761,2026-08-24 05:33:38.763,InnoDB,TRX_SYS_SHARD,2,0,1
1787549618.761,2026-08-24 05:33:38.763,InnoDB,TRX_SYS_SHARD,1,0,1
1787549618.761,2026-08-24 05:33:38.763,InnoDB,FIL_SHARD,3,0,12
1787549618.761,2026-08-24 05:33:38.763,InnoDB,FIL_SHARD,5,0,15
1787549618.761,2026-08-24 05:33:38.763,InnoDB,FIL_SHARD,9,0,21
1787549618.761,2026-08-24 05:33:38.763,InnoDB,FIL_SHARD,8,0,22
1787549618.761,2026-08-24 05:33:38.763,InnoDB,FIL_SHARD,52,0,36
1787549618.761,2026-08-24 05:33:38.763,InnoDB,FIL_SHARD,7,0,13
1787549618.761,2026-08-24 05:33:38.763,InnoDB,FIL_SHARD,7,0,14
1787549618.761,2026-08-24 05:33:38.763,InnoDB,FIL_SHARD,17,0,30
1787549618.761,2026-08-24 05:33:38.763,InnoDB,FIL_SHARD,8,0,15
1787549618.761,2026-08-24 05:33:38.763,InnoDB,FIL_SHARD,6,0,11
1787549618.761,2026-08-24 05:33:38.763,InnoDB,FIL_SHARD,39,0,49
1787549618.761,2026-08-24 05:33:38.763,InnoDB,FIL_SHARD,4,0,7
1787549618.761,2026-08-24 05:33:38.763,InnoDB,FIL_SHARD,21,0,29
1787549618.761,2026-08-24 05:33:38.763,InnoDB,FIL_SHARD,22,0,30
1787549618.761,2026-08-24 05:33:38.763,InnoDB,FIL_SHARD,33,0,56
1787549618.761,2026-08-24 05:33:38.763,InnoDB,FIL_SHARD,40,0,53
1787549618.761,2026-08-24 05:33:38.763,InnoDB,FIL_SHARD,31,0,50
1787549618.761,2026-08-24 05:33:38.763,InnoDB,FIL_SHARD,30,0,47
1787549618.761,2026-08-24 05:33:38.763,InnoDB,FIL_SHARD,17,0,29
1787549618.761,2026-08-24 05:33:38.763,InnoDB,FIL_SHARD,42,0,32
1787549618.761,2026-08-24 05:33:38.763,InnoDB,FIL_SHARD,5,0,9
1787549618.761,2026-08-24 05:33:38.763,InnoDB,FIL_SHARD,15,0,18
1787549618.761,2026-08-24 05:33:38.763,InnoDB,FIL_SHARD,8,0,23
1787549618.761,2026-08-24 05:33:38.763,InnoDB,FIL_SHARD,9,0,23
1787549618.761,2026-08-24 05:33:38.763,InnoDB,FIL_SHARD,8,0,12
1787549618.761,2026-08-24 05:33:38.763,InnoDB,FIL_SHARD,4,0,17
1787549618.761,2026-08-24 05:33:38.763,InnoDB,FIL_SHARD,31,0,24
1787549618.761,2026-08-24 05:33:38.763,InnoDB,FIL_SHARD,8,0,18
1787549618.761,2026-08-24 05:33:38.763,InnoDB,FIL_SHARD,9,0,18
1787549618.761,2026-08-24 05:33:38.763,InnoDB,FIL_SHARD,10,0,14
1787549618.761,2026-08-24 05:33:38.763,InnoDB,FIL_SHARD,19,0,27
1787549618.761,2026-08-24 05:33:38.763,InnoDB,FIL_SHARD,6,0,13
1787549618.761,2026-08-24 05:33:38.763,InnoDB,AUTOINC,1,0,1
1787549618.761,2026-08-24 05:33:38.763,InnoDB,TRX_SYS_SHARD,1,0,1
1787549618.761,2026-08-24 05:33:38.763,InnoDB,TRX_SYS_SHARD,2,0,2
1787549618.761,2026-08-24 05:33:38.763,InnoDB,TRX_SYS_SHARD,1,0,1
1787549618.761,2026-08-24 05:33:38.763,InnoDB,TRX_SYS_SHARD,1,0,1
1787549618.761,2026-08-24 05:33:38.763,InnoDB,TRX_SYS_SHARD,1,0,1
1787549618.761,2026-08-24 05:33:38.763,InnoDB,TRX_SYS_SHARD,5,0,3
1787549618.761,2026-08-24 05:33:38.763,InnoDB,TRX_SYS_SHARD,8,0,1
1787549618.761,2026-08-24 05:33:38.763,InnoDB,TRX_SYS_SHARD,1,0,1
1787549618.761,2026-08-24 05:33:38.763,InnoDB,TRX_SYS_SHARD,2,0,2
1787549618.761,2026-08-24 05:33:38.763,InnoDB,TRX_SYS_SHARD,6,0,1
1787549618.761,2026-08-24 05:33:38.763,InnoDB,TRX_SYS_SHARD,1,0,1
1787549618.761,2026-08-24 05:33:38.763,InnoDB,TRX_SYS_SHARD,1,0,1
1787549618.761,2026-08-24 05:33:38.763,InnoDB,TRX_SYS_SHARD,2,0,1
1787549618.761,2026-08-24 05:33:38.763,InnoDB,TRX_SYS_SHARD,1,0,1
1787549618.761,2026-08-24 05:33:38.763,InnoDB,TRX_SYS_SHARD,2,0,2
1787549618.761,2026-08-24 05:33:38.763,InnoDB,TRX_SYS_SHARD,3,0,2
1787549618.761,2026-08-24 05:33:38.763,InnoDB,TRX_SYS_SHARD,1,0,1
1787549618.761,2026-08-24 05:33:38.763,InnoDB,TRX_SYS_SHARD,1,0,1
1787549618.761,2026-08-24 05:33:38.763,InnoDB,TRX_SYS_SHARD,1,0,1
1787549618.761,2026-08-24 05:33:38.763,InnoDB,TRX_SYS_SHARD,2,0,2
1787549618.761,2026-08-24 05:33:38.763,InnoDB,TRX_SYS_SHARD,1,0,1
1787549618.761,2026-08-24 05:33:38.763,InnoDB,TRX_SYS_SHARD,1,0,1
1787549618.761,2026-08-24 05:33:38.763,InnoDB,TRX_SYS_SHARD,1,0,1
1787549618.761,2026-08-24 05:33:38.763,InnoDB,TRX_SYS_SHARD,2,0,2
1787549618.761,2026-08-24 05:33:38.763,InnoDB,TRX_SYS_SHARD,2,0,1
1787549618.761,2026-08-24 05:33:38.763,InnoDB,FIL_SHARD,72,0,107
1787549618.761,2026-08-24 05:33:38.763,InnoDB,TRX,1,0,1
1787549618.761,2026-08-24 05:33:38.763,InnoDB,TRX,1,0,1
1787549618.761,2026-08-24 05:33:38.763,InnoDB,TRX,1,0,1
1787549618.761,2026-08-24 05:33:38.763,InnoDB,TRX_POOL_MANAGER,5,0,5
1787549618.761,2026-08-24 05:33:38.763,InnoDB,FIL_SHARD,54,0,77
1787549618.761,2026-08-24 05:33:38.763,InnoDB,FIL_SHARD,56,0,62
1787549618.761,2026-08-24 05:33:38.763,InnoDB,rwlock: dict0dict.cc:2631,,10518,
1787549618.761,2026-08-24 05:33:38.763,InnoDB,rwlock: dict0dict.cc:2631,,10702,
1787549618.761,2026-08-24 05:33:38.763,InnoDB,rwlock: dict0dict.cc:2631,,11054,
1787549618.761,2026-08-24 05:33:38.763,InnoDB,rwlock: dict0dict.cc:2631,,10841,
1787549618.761,2026-08-24 05:33:38.763,InnoDB,rwlock: dict0dict.cc:2631,,11121,
1787549618.761,2026-08-24 05:33:38.763,InnoDB,rwlock: dict0dict.cc:2631,,10721,
1787549618.761,2026-08-24 05:33:38.763,InnoDB,rwlock: dict0dict.cc:2631,,10765,
1787549618.761,2026-08-24 05:33:38.763,InnoDB,rwlock: dict0dict.cc:2631,,10901,
1787549618.761,2026-08-24 05:33:38.763,InnoDB,rwlock: dict0dict.cc:2631,,10918,
1787549618.761,2026-08-24 05:33:38.763,InnoDB,rwlock: dict0dict.cc:2631,,11119,
1787549618.761,2026-08-24 05:33:38.763,InnoDB,rwlock: dict0dict.cc:2631,,10455,
1787549618.761,2026-08-24 05:33:38.763,InnoDB,rwlock: dict0dict.cc:2631,,10423,
1787549618.761,2026-08-24 05:33:38.763,InnoDB,rwlock: dict0dict.cc:2631,,10630,
1787549618.761,2026-08-24 05:33:38.763,InnoDB,rwlock: dict0dict.cc:2631,,10782,
1787549618.761,2026-08-24 05:33:38.763,InnoDB,rwlock: dict0dict.cc:2631,,10735,
1787549618.761,2026-08-24 05:33:38.763,InnoDB,rwlock: dict0dict.cc:2631,,10232,
1787549618.761,2026-08-24 05:33:38.763,InnoDB,rwlock: dict0dict.cc:2631,,10777,
1787549618.761,2026-08-24 05:33:38.763,InnoDB,rwlock: dict0dict.cc:2631,,10152,
1787549618.761,2026-08-24 05:33:38.763,InnoDB,rwlock: dict0dict.cc:2631,,10099,
1787549618.761,2026-08-24 05:33:38.763,InnoDB,rwlock: dict0dict.cc:2631,,11144,
1787549618.761,2026-08-24 05:33:38.763,InnoDB,rwlock: dict0dict.cc:2631,,1,
1787549618.761,2026-08-24 05:33:38.763,InnoDB,rwlock: dict0dict.cc:2631,,1,
1787549618.761,2026-08-24 05:33:38.763,InnoDB,rwlock: dict0dict.cc:2631,,1,
1787549618.761,2026-08-24 05:33:38.763,InnoDB,rwlock: dict0dict.cc:2631,,1,
1787549618.761,2026-08-24 05:33:38.763,InnoDB,rwlock: dict0dict.cc:2631,,1,
1787549618.761,2026-08-24 05:33:38.763,InnoDB,rwlock: fil0fil.cc:10242,,1,
1787549618.761,2026-08-24 05:33:38.763,InnoDB,rwlock: fil0fil.cc:10242,,1,
1787549618.761,2026-08-24 05:33:38.763,InnoDB,rwlock: dict0dict.cc:2631,,2,
1787549618.761,2026-08-24 05:33:38.763,InnoDB,rwlock: dict0dict.cc:2631,,1,
1787549618.761,2026-08-24 05:33:38.763,InnoDB,rwlock: dict0dict.cc:2631,,2,
1787549618.761,2026-08-24 05:33:38.763,InnoDB,rwlock: fil0fil.cc:10242,,1,
1787549618.761,2026-08-24 05:33:38.763,InnoDB,rwlock: dict0dict.cc:2631,,1,
1787549618.761,2026-08-24 05:33:38.763,InnoDB,rwlock: dict0dict.cc:2631,,1,
1787549618.761,2026-08-24 05:33:38.763,InnoDB,rwlock: dict0dict.cc:2631,,3,
1787549618.761,2026-08-24 05:33:38.763,InnoDB,rwlock: trx0purge.cc:232,,29,
1787549618.761,2026-08-24 05:33:38.763,InnoDB,rwlock: fil0fil.cc:10242,,5105,
1787549618.761,2026-08-24 05:33:38.763,InnoDB,rwlock: fil0fil.cc:10242,,4618,
1787549618.761,2026-08-24 05:33:38.763,InnoDB,rwlock: dict0dict.cc:1180,,25,
1787549618.761,2026-08-24 05:33:38.763,InnoDB,rwlock: hash0hash.cc:117,,705,
1787549618.761,2026-08-24 05:33:38.763,InnoDB,rwlock: hash0hash.cc:117,,1444,
1787549618.761,2026-08-24 05:33:38.763,InnoDB,rwlock: hash0hash.cc:117,,2532,
1787549618.761,2026-08-24 05:33:38.763,InnoDB,rwlock: hash0hash.cc:117,,580,
1787549618.761,2026-08-24 05:33:38.763,InnoDB,rwlock: hash0hash.cc:117,,714,
1787549618.761,2026-08-24 05:33:38.763,InnoDB,rwlock: hash0hash.cc:117,,835,
1787549618.761,2026-08-24 05:33:38.763,InnoDB,rwlock: hash0hash.cc:117,,1066,
1787549618.761,2026-08-24 05:33:38.763,InnoDB,rwlock: hash0hash.cc:117,,486,
1787549618.761,2026-08-24 05:33:38.763,InnoDB,rwlock: hash0hash.cc:117,,993,
1787549618.761,2026-08-24 05:33:38.763,InnoDB,rwlock: hash0hash.cc:117,,1998,
1787549618.761,2026-08-24 05:33:38.763,InnoDB,rwlock: hash0hash.cc:117,,742,
1787549618.761,2026-08-24 05:33:38.763,InnoDB,rwlock: hash0hash.cc:117,,2334,
1787549618.761,2026-08-24 05:33:38.763,InnoDB,rwlock: hash0hash.cc:117,,678,
1787549618.761,2026-08-24 05:33:38.763,InnoDB,rwlock: hash0hash.cc:117,,1123,
1787549618.761,2026-08-24 05:33:38.763,InnoDB,rwlock: hash0hash.cc:117,,1051,
1787549618.761,2026-08-24 05:33:38.763,InnoDB,rwlock: hash0hash.cc:117,,1228,
1787549618.761,2026-08-24 05:33:38.763,InnoDB,rwlock: hash0hash.cc:117,,833,
1787549618.761,2026-08-24 05:33:38.763,InnoDB,rwlock: hash0hash.cc:117,,505,
1787549618.761,2026-08-24 05:33:38.763,InnoDB,rwlock: hash0hash.cc:117,,630,
1787549618.761,2026-08-24 05:33:38.763,InnoDB,rwlock: hash0hash.cc:117,,1073,
1787549618.761,2026-08-24 05:33:38.763,InnoDB,rwlock: hash0hash.cc:117,,510,
1787549618.761,2026-08-24 05:33:38.763,InnoDB,rwlock: hash0hash.cc:117,,662,
1787549618.761,2026-08-24 05:33:38.763,InnoDB,rwlock: hash0hash.cc:117,,839,
1787549618.761,2026-08-24 05:33:38.763,InnoDB,rwlock: hash0hash.cc:117,,482,
1787549618.761,2026-08-24 05:33:38.763,InnoDB,rwlock: hash0hash.cc:117,,537,
1787549618.761,2026-08-24 05:33:38.763,InnoDB,rwlock: hash0hash.cc:117,,991,
1787549618.761,2026-08-24 05:33:38.763,InnoDB,rwlock: hash0hash.cc:117,,589,
1787549618.761,2026-08-24 05:33:38.763,InnoDB,rwlock: hash0hash.cc:117,,962,
1787549618.761,2026-08-24 05:33:38.763,InnoDB,rwlock: hash0hash.cc:117,,872,
1787549618.761,2026-08-24 05:33:38.763,InnoDB,rwlock: hash0hash.cc:117,,534,
1787549618.761,2026-08-24 05:33:38.763,InnoDB,rwlock: hash0hash.cc:117,,1148,
1787549618.761,2026-08-24 05:33:38.763,InnoDB,rwlock: hash0hash.cc:117,,556,
1787549618.761,2026-08-24 05:33:38.763,InnoDB,rwlock: hash0hash.cc:117,,568,
1787549618.761,2026-08-24 05:33:38.763,InnoDB,rwlock: hash0hash.cc:117,,500,
1787549618.761,2026-08-24 05:33:38.763,InnoDB,rwlock: hash0hash.cc:117,,2172,
1787549618.761,2026-08-24 05:33:38.763,InnoDB,rwlock: hash0hash.cc:117,,731,
1787549618.761,2026-08-24 05:33:38.763,InnoDB,rwlock: hash0hash.cc:117,,687,
1787549618.761,2026-08-24 05:33:38.763,InnoDB,rwlock: hash0hash.cc:117,,1298,
1787549618.761,2026-08-24 05:33:38.763,InnoDB,rwlock: hash0hash.cc:117,,2097,
1787549618.761,2026-08-24 05:33:38.763,InnoDB,rwlock: hash0hash.cc:117,,1138,
1787549618.761,2026-08-24 05:33:38.763,InnoDB,rwlock: hash0hash.cc:117,,650,
1787549618.761,2026-08-24 05:33:38.763,InnoDB,rwlock: hash0hash.cc:117,,1039,
1787549618.761,2026-08-24 05:33:38.763,InnoDB,rwlock: hash0hash.cc:117,,716,
1787549618.761,2026-08-24 05:33:38.763,InnoDB,rwlock: hash0hash.cc:117,,747,
1787549618.761,2026-08-24 05:33:38.763,InnoDB,rwlock: hash0hash.cc:117,,1339,
1787549618.761,2026-08-24 05:33:38.763,InnoDB,rwlock: hash0hash.cc:117,,1805,
1787549618.761,2026-08-24 05:33:38.763,InnoDB,rwlock: hash0hash.cc:117,,1329,
1787549618.761,2026-08-24 05:33:38.763,InnoDB,rwlock: hash0hash.cc:117,,597,
1787549618.761,2026-08-24 05:33:38.763,InnoDB,rwlock: hash0hash.cc:117,,798,
1787549618.761,2026-08-24 05:33:38.763,InnoDB,rwlock: hash0hash.cc:117,,830,
1787549618.761,2026-08-24 05:33:38.763,InnoDB,rwlock: hash0hash.cc:117,,699,
1787549618.761,2026-08-24 05:33:38.763,InnoDB,rwlock: hash0hash.cc:117,,830,
1787549618.761,2026-08-24 05:33:38.763,InnoDB,rwlock: hash0hash.cc:117,,752,
1787549618.761,2026-08-24 05:33:38.763,InnoDB,rwlock: hash0hash.cc:117,,744,
1787549618.761,2026-08-24 05:33:38.763,InnoDB,rwlock: hash0hash.cc:117,,647,
1787549618.761,2026-08-24 05:33:38.763,InnoDB,rwlock: hash0hash.cc:117,,692,
1787549618.761,2026-08-24 05:33:38.763,InnoDB,rwlock: hash0hash.cc:117,,391,
1787549618.761,2026-08-24 05:33:38.763,InnoDB,rwlock: hash0hash.cc:117,,688,
1787549618.761,2026-08-24 05:33:38.763,InnoDB,rwlock: hash0hash.cc:117,,1029,
1787549618.761,2026-08-24 05:33:38.763,InnoDB,rwlock: hash0hash.cc:117,,758,
1787549618.761,2026-08-24 05:33:38.763,InnoDB,rwlock: hash0hash.cc:117,,673,
1787549618.761,2026-08-24 05:33:38.763,InnoDB,rwlock: hash0hash.cc:117,,686,
1787549618.761,2026-08-24 05:33:38.763,InnoDB,rwlock: hash0hash.cc:117,,776,
1787549618.761,2026-08-24 05:33:38.763,InnoDB,rwlock: hash0hash.cc:117,,840,
1787549618.761,2026-08-24 05:33:38.763,InnoDB,rwlock: hash0hash.cc:117,,2581,
1787549618.761,2026-08-24 05:33:38.763,InnoDB,rwlock: hash0hash.cc:117,,2970,
1787549618.761,2026-08-24 05:33:38.763,InnoDB,rwlock: hash0hash.cc:117,,2634,
1787549618.761,2026-08-24 05:33:38.763,InnoDB,rwlock: hash0hash.cc:117,,858,
1787549618.761,2026-08-24 05:33:38.763,InnoDB,rwlock: hash0hash.cc:117,,1379,
1787549618.761,2026-08-24 05:33:38.763,InnoDB,rwlock: hash0hash.cc:117,,1091,
1787549618.761,2026-08-24 05:33:38.763,InnoDB,rwlock: hash0hash.cc:117,,1198,
1787549618.761,2026-08-24 05:33:38.763,InnoDB,rwlock: hash0hash.cc:117,,1010,
1787549618.761,2026-08-24 05:33:38.763,InnoDB,rwlock: hash0hash.cc:117,,3393,
1787549618.761,2026-08-24 05:33:38.763,InnoDB,rwlock: hash0hash.cc:117,,3090,
1787549618.761,2026-08-24 05:33:38.763,InnoDB,rwlock: hash0hash.cc:117,,1291,
1787549618.761,2026-08-24 05:33:38.763,InnoDB,rwlock: hash0hash.cc:117,,2621,
1787549618.761,2026-08-24 05:33:38.763,InnoDB,rwlock: hash0hash.cc:117,,1431,
1787549618.761,2026-08-24 05:33:38.763,InnoDB,rwlock: hash0hash.cc:117,,1036,
1787549618.761,2026-08-24 05:33:38.763,InnoDB,rwlock: hash0hash.cc:117,,1161,
1787549618.761,2026-08-24 05:33:38.763,InnoDB,rwlock: hash0hash.cc:117,,2877,
1787549618.761,2026-08-24 05:33:38.763,InnoDB,rwlock: hash0hash.cc:117,,2316,
1787549618.761,2026-08-24 05:33:38.763,InnoDB,rwlock: hash0hash.cc:117,,1172,
1787549618.761,2026-08-24 05:33:38.763,InnoDB,rwlock: hash0hash.cc:117,,2431,
1787549618.761,2026-08-24 05:33:38.763,InnoDB,rwlock: hash0hash.cc:117,,1232,
1787549618.761,2026-08-24 05:33:38.763,InnoDB,rwlock: hash0hash.cc:117,,1070,
1787549618.761,2026-08-24 05:33:38.763,InnoDB,rwlock: hash0hash.cc:117,,1568,
1787549618.761,2026-08-24 05:33:38.763,InnoDB,rwlock: hash0hash.cc:117,,2395,
1787549618.761,2026-08-24 05:33:38.763,InnoDB,rwlock: hash0hash.cc:117,,2001,
1787549618.761,2026-08-24 05:33:38.763,InnoDB,rwlock: hash0hash.cc:117,,852,
1787549618.761,2026-08-24 05:33:38.763,InnoDB,rwlock: hash0hash.cc:117,,1136,
1787549618.761,2026-08-24 05:33:38.763,InnoDB,rwlock: hash0hash.cc:117,,1202,
1787549618.761,2026-08-24 05:33:38.763,InnoDB,rwlock: hash0hash.cc:117,,3220,
1787549618.761,2026-08-24 05:33:38.763,InnoDB,rwlock: hash0hash.cc:117,,2576,
1787549618.761,2026-08-24 05:33:38.763,InnoDB,rwlock: hash0hash.cc:117,,1939,
1787549618.761,2026-08-24 05:33:38.763,InnoDB,rwlock: hash0hash.cc:117,,948,
1787549618.761,2026-08-24 05:33:38.763,InnoDB,rwlock: hash0hash.cc:117,,1003,
1787549618.761,2026-08-24 05:33:38.763,InnoDB,sum rwlock: buf0buf.cc:852,,445169,
1787549625.921,2026-08-24 05:33:45.922,InnoDB,SRV_SYS,11646377,299488,1158371
1787549625.921,2026-08-24 05:33:45.922,InnoDB,TRX_SYS,22106049,276516,10038821
1787549625.921,2026-08-24 05:33:45.922,InnoDB,LOG_WRITER,3795476,126422,1785
1787549625.921,2026-08-24 05:33:45.922,InnoDB,BUF_POOL_LRU_LIST,6458785,98103,2547043
1787549625.921,2026-08-24 05:33:45.922,InnoDB,BUF_POOL_LRU_LIST,6067607,97833,2293044
1787549625.921,2026-08-24 05:33:45.922,InnoDB,BUF_POOL_LRU_LIST,6186329,91165,2498982
1787549625.921,2026-08-24 05:33:45.922,InnoDB,BUF_POOL_LRU_LIST,6165644,88000,2593572
1787549625.921,2026-08-24 05:33:45.922,InnoDB,BUF_POOL_LRU_LIST,5809602,85503,2445406
1787549625.921,2026-08-24 05:33:45.922,InnoDB,BUF_POOL_LRU_LIST,5955008,84784,2554994
1787549625.921,2026-08-24 05:33:45.922,InnoDB,DICT_SYS,31749196,34533,21738200
1787549625.921,2026-08-24 05:33:45.922,InnoDB,FLUSH_LIST,1079072,29961,151520
1787549625.921,2026-08-24 05:33:45.922,InnoDB,FLUSH_LIST,918478,24794,142650
1787549625.921,2026-08-24 05:33:45.922,InnoDB,BUF_POOL_FLUSH_STATE,1483838,21105,490067
1787549625.921,2026-08-24 05:33:45.922,InnoDB,FLUSH_LIST,781264,20372,133882
1787549625.921,2026-08-24 05:33:45.922,InnoDB,BUF_POOL_FLUSH_STATE,1432786,20135,469328
1787549625.921,2026-08-24 05:33:45.922,InnoDB,FLUSH_LIST,769910,19966,133509
1787549625.921,2026-08-24 05:33:45.922,InnoDB,BUF_POOL_FLUSH_STATE,1390154,19955,453578
1787549625.921,2026-08-24 05:33:45.922,InnoDB,BUF_POOL_FLUSH_STATE,1431200,19906,466608
1787549625.921,2026-08-24 05:33:45.922,InnoDB,BUF_POOL_FLUSH_STATE,1422953,19882,460401
1787549625.921,2026-08-24 05:33:45.922,InnoDB,BUF_POOL_FLUSH_STATE,1410096,19534,463045
1787549625.921,2026-08-24 05:33:45.922,InnoDB,FLUSH_LIST,697588,17462,134959
1787549625.921,2026-08-24 05:33:45.922,InnoDB,FLUSH_LIST,668265,16478,136888
1787549625.921,2026-08-24 05:33:45.922,InnoDB,PURGE_SYS_PQ,1948434,13925,1253594
1787549625.921,2026-08-24 05:33:45.922,InnoDB,TRX_SYS_SERIALISATION,1328077,11998,798370
1787549625.921,2026-08-24 05:33:45.922,InnoDB,FIL_SHARD,156847,2818,40618
1787549625.921,2026-08-24 05:33:45.922,InnoDB,FIL_SHARD,168166,2778,44847
1787549625.921,2026-08-24 05:33:45.922,InnoDB,FIL_SHARD,148748,2689,39632
1787549625.921,2026-08-24 05:33:45.922,InnoDB,FIL_SHARD,149007,2638,40295
1787549625.921,2026-08-24 05:33:45.922,InnoDB,FIL_SHARD,138272,2518,37910
1787549625.921,2026-08-24 05:33:45.922,InnoDB,FIL_SHARD,142122,2490,40712
1787549625.921,2026-08-24 05:33:45.922,InnoDB,FIL_SHARD,136688,2428,37750
1787549625.921,2026-08-24 05:33:45.922,InnoDB,TRX,723331,2421,1083149
1787549625.921,2026-08-24 05:33:45.922,InnoDB,FIL_SHARD,135738,2416,38563
1787549625.921,2026-08-24 05:33:45.922,InnoDB,FIL_SHARD,135854,2406,38780
1787549625.921,2026-08-24 05:33:45.922,InnoDB,FIL_SHARD,133184,2380,38380
1787549625.921,2026-08-24 05:33:45.922,InnoDB,FIL_SHARD,132103,2341,37463
1787549625.921,2026-08-24 05:33:45.922,InnoDB,FIL_SHARD,129272,2298,37912
1787549625.921,2026-08-24 05:33:45.922,InnoDB,FIL_SHARD,128704,2269,36872
1787549625.921,2026-08-24 05:33:45.922,InnoDB,FIL_SHARD,125750,2258,35908
1787549625.921,2026-08-24 05:33:45.922,InnoDB,FIL_SHARD,129583,2250,37174
1787549625.921,2026-08-24 05:33:45.922,InnoDB,FIL_SHARD,123893,2160,35860
1787549625.921,2026-08-24 05:33:45.922,InnoDB,FIL_SHARD,124706,2159,37927
1787549625.921,2026-08-24 05:33:45.922,InnoDB,FIL_SHARD,124432,2155,37110
1787549625.921,2026-08-24 05:33:45.922,InnoDB,FIL_SHARD,114363,1989,34379
1787549625.921,2026-08-24 05:33:45.922,InnoDB,FIL_SHARD,109715,1970,32248
1787549625.921,2026-08-24 05:33:45.922,InnoDB,LOCK_SYS_TABLE,87935,1241,39980
1787549625.921,2026-08-24 05:33:45.922,InnoDB,LOG_FILES,42169,1198,1474
1787549625.921,2026-08-24 05:33:45.922,InnoDB,LOCK_SYS_TABLE,85915,1198,40110
1787549625.921,2026-08-24 05:33:45.922,InnoDB,LOCK_SYS_TABLE,84527,1166,39131
1787549625.921,2026-08-24 05:33:45.922,InnoDB,LOCK_SYS_TABLE,85175,1164,39180
1787549625.921,2026-08-24 05:33:45.922,InnoDB,LOCK_SYS_TABLE,83887,1154,40324
1787549625.921,2026-08-24 05:33:45.922,InnoDB,LOCK_SYS_TABLE,86939,1146,41253
1787549625.921,2026-08-24 05:33:45.922,InnoDB,LOCK_SYS_TABLE,84256,1145,40390
1787549625.921,2026-08-24 05:33:45.922,InnoDB,LOCK_SYS_TABLE,83592,1125,41648
1787549625.921,2026-08-24 05:33:45.922,InnoDB,LOCK_SYS_TABLE,81991,1123,40162
1787549625.921,2026-08-24 05:33:45.922,InnoDB,LOCK_SYS_TABLE,85468,1120,40744
1787549625.921,2026-08-24 05:33:45.922,InnoDB,LOCK_SYS_TABLE,81962,1110,41005
1787549625.921,2026-08-24 05:33:45.922,InnoDB,LOCK_SYS_TABLE,85590,1104,42567
1787549625.921,2026-08-24 05:33:45.922,InnoDB,LOCK_SYS_TABLE,84686,1102,42525
1787549625.921,2026-08-24 05:33:45.922,InnoDB,BUF_BLOCK_MUTEX,36684,1100,2088
1787549625.921,2026-08-24 05:33:45.922,InnoDB,LOCK_SYS_TABLE,84423,1087,41244
1787549625.921,2026-08-24 05:33:45.922,InnoDB,LOCK_SYS_TABLE,80287,1054,40026
1787549625.921,2026-08-24 05:33:45.922,InnoDB,LOCK_SYS_TABLE,83530,1054,42799
1787549625.921,2026-08-24 05:33:45.922,InnoDB,LOCK_SYS_TABLE,82261,1052,39833
1787549625.921,2026-08-24 05:33:45.922,InnoDB,LOG_FLUSHER,41623,1033,1774
1787549625.921,2026-08-24 05:33:45.922,InnoDB,LOCK_SYS_TABLE,82872,1030,42032
1787549625.921,2026-08-24 05:33:45.922,InnoDB,LOCK_SYS_TABLE,76206,925,38763
1787549625.921,2026-08-24 05:33:45.922,InnoDB,LOCK_SYS_TABLE,75261,897,38213
1787549625.921,2026-08-24 05:33:45.922,InnoDB,SRV_SYS_TASKS,480891,851,456288
1787549625.921,2026-08-24 05:33:45.922,InnoDB,PAGE_CLEANER,326635,501,212059
1787549625.921,2026-08-24 05:33:45.922,InnoDB,FIL_SHARD,29747,342,26785
1787549625.921,2026-08-24 05:33:45.922,InnoDB,FIL_SHARD,27701,265,26758
1787549625.921,2026-08-24 05:33:45.922,InnoDB,DICT_PERSIST_DIRTY_TABLES,608988,233,248069
1787549625.921,2026-08-24 05:33:45.922,InnoDB,IBUF_BITMAP,17401,162,9949
1787549625.921,2026-08-24 05:33:45.922,InnoDB,BUF_POOL_FREE_LIST,47025,90,42369
1787549625.921,2026-08-24 05:33:45.922,InnoDB,BUF_POOL_FREE_LIST,34385,72,32830
1787549625.921,2026-08-24 05:33:45.922,InnoDB,BUF_POOL_FREE_LIST,48354,67,43744
1787549625.921,2026-08-24 05:33:45.922,InnoDB,BUF_POOL_FREE_LIST,39352,56,36973
1787549625.921,2026-08-24 05:33:45.922,InnoDB,BUF_POOL_FREE_LIST,35885,56,35594
1787549625.921,2026-08-24 05:33:45.922,InnoDB,BUF_POOL_FREE_LIST,34016,53,32971
1787549625.921,2026-08-24 05:33:45.922,InnoDB,UNDO_SPACE_RSEG,4203,43,1421
1787549625.921,2026-08-24 05:33:45.922,InnoDB,UNDO_SPACE_RSEG,4301,40,1473
1787549625.921,2026-08-24 05:33:45.922,InnoDB,UNDO_SPACE_RSEG,4079,40,1397
1787549625.921,2026-08-24 05:33:45.922,InnoDB,UNDO_SPACE_RSEG,3974,39,1418
1787549625.921,2026-08-24 05:33:45.922,InnoDB,UNDO_SPACE_RSEG,4145,39,1450
1787549625.921,2026-08-24 05:33:45.922,InnoDB,UNDO_SPACE_RSEG,4020,39,1362
1787549625.921,2026-08-24 05:33:45.922,InnoDB,UNDO_SPACE_RSEG,4047,38,1418
1787549625.921,2026-08-24 05:33:45.922,InnoDB,UNDO_SPACE_RSEG,3935,38,1417
1787549625.921,2026-08-24 05:33:45.922,InnoDB,UNDO_SPACE_RSEG,4240,38,1482
1787549625.921,2026-08-24 05:33:45.922,InnoDB,UNDO_SPACE_RSEG,4029,38,1411
1787549625.921,2026-08-24 05:33:45.922,InnoDB,UNDO_SPACE_RSEG,4281,38,1484
1787549625.921,2026-08-24 05:33:45.922,InnoDB,UNDO_SPACE_RSEG,4007,37,1418
1787549625.921,2026-08-24 05:33:45.922,InnoDB,UNDO_SPACE_RSEG,3984,37,1421
1787549625.921,2026-08-24 05:33:45.922,InnoDB,UNDO_SPACE_RSEG,3922,37,1395
1787549625.921,2026-08-24 05:33:45.922,InnoDB,UNDO_SPACE_RSEG,3898,37,1405
1787549625.921,2026-08-24 05:33:45.922,InnoDB,UNDO_SPACE_RSEG,4062,37,1471
1787549625.921,2026-08-24 05:33:45.922,InnoDB,UNDO_SPACE_RSEG,4199,37,1498
1787549625.921,2026-08-24 05:33:45.922,InnoDB,UNDO_SPACE_RSEG,4227,37,1454
1787549625.921,2026-08-24 05:33:45.922,InnoDB,UNDO_SPACE_RSEG,3939,36,1392
1787549625.921,2026-08-24 05:33:45.922,InnoDB,UNDO_SPACE_RSEG,4057,36,1475
1787549625.921,2026-08-24 05:33:45.922,InnoDB,UNDO_SPACE_RSEG,3777,36,1395
1787549625.921,2026-08-24 05:33:45.922,InnoDB,UNDO_SPACE_RSEG,4010,36,1450
1787549625.921,2026-08-24 05:33:45.922,InnoDB,UNDO_SPACE_RSEG,3953,36,1442
1787549625.921,2026-08-24 05:33:45.922,InnoDB,UNDO_SPACE_RSEG,3993,36,1393
1787549625.921,2026-08-24 05:33:45.922,InnoDB,UNDO_SPACE_RSEG,4009,36,1375
1787549625.921,2026-08-24 05:33:45.922,InnoDB,UNDO_SPACE_RSEG,3871,35,1405
1787549625.921,2026-08-24 05:33:45.922,InnoDB,UNDO_SPACE_RSEG,4160,35,1511
1787549625.921,2026-08-24 05:33:45.922,InnoDB,UNDO_SPACE_RSEG,3978,35,1384
1787549625.921,2026-08-24 05:33:45.922,InnoDB,UNDO_SPACE_RSEG,4009,35,1439
1787549625.921,2026-08-24 05:33:45.922,InnoDB,UNDO_SPACE_RSEG,4064,35,1459
1787549625.921,2026-08-24 05:33:45.922,InnoDB,UNDO_SPACE_RSEG,3817,34,1394
1787549625.921,2026-08-24 05:33:45.922,InnoDB,UNDO_SPACE_RSEG,3963,34,1405
1787549625.921,2026-08-24 05:33:45.922,InnoDB,UNDO_SPACE_RSEG,4056,34,1441
1787549625.921,2026-08-24 05:33:45.922,InnoDB,UNDO_SPACE_RSEG,4012,34,1487
1787549625.921,2026-08-24 05:33:45.922,InnoDB,UNDO_SPACE_RSEG,3894,34,1412
1787549625.921,2026-08-24 05:33:45.922,InnoDB,UNDO_SPACE_RSEG,3697,33,1353
1787549625.921,2026-08-24 05:33:45.922,InnoDB,UNDO_SPACE_RSEG,3843,33,1459
1787549625.921,2026-08-24 05:33:45.922,InnoDB,UNDO_SPACE_RSEG,4065,33,1454
1787549625.921,2026-08-24 05:33:45.922,InnoDB,UNDO_SPACE_RSEG,3795,33,1404
1787549625.921,2026-08-24 05:33:45.922,InnoDB,UNDO_SPACE_RSEG,3918,33,1488
1787549625.921,2026-08-24 05:33:45.922,InnoDB,UNDO_SPACE_RSEG,4020,33,1477
1787549625.921,2026-08-24 05:33:45.922,InnoDB,UNDO_SPACE_RSEG,3885,33,1423
1787549625.921,2026-08-24 05:33:45.922,InnoDB,UNDO_SPACE_RSEG,3769,33,1340
1787549625.921,2026-08-24 05:33:45.922,InnoDB,UNDO_SPACE_RSEG,3810,33,1391
1787549625.921,2026-08-24 05:33:45.922,InnoDB,UNDO_SPACE_RSEG,3876,33,1436
1787549625.921,2026-08-24 05:33:45.922,InnoDB,UNDO_SPACE_RSEG,4174,33,1506
1787549625.921,2026-08-24 05:33:45.922,InnoDB,LOCK_SYS_PAGE,1831,33,541
1787549625.921,2026-08-24 05:33:45.922,InnoDB,UNDO_SPACE_RSEG,3962,33,1438
1787549625.921,2026-08-24 05:33:45.922,InnoDB,UNDO_SPACE_RSEG,4170,33,1493
1787549625.921,2026-08-24 05:33:45.922,InnoDB,UNDO_SPACE_RSEG,3755,33,1335
1787549625.921,2026-08-24 05:33:45.922,InnoDB,UNDO_SPACE_RSEG,3908,32,1472
1787549625.921,2026-08-24 05:33:45.922,InnoDB,UNDO_SPACE_RSEG,4139,32,1528
1787549625.921,2026-08-24 05:33:45.922,InnoDB,UNDO_SPACE_RSEG,3864,32,1391
1787549625.921,2026-08-24 05:33:45.922,InnoDB,UNDO_SPACE_RSEG,3983,32,1471
1787549625.921,2026-08-24 05:33:45.922,InnoDB,UNDO_SPACE_RSEG,3770,32,1359
1787549625.921,2026-08-24 05:33:45.922,InnoDB,UNDO_SPACE_RSEG,4202,32,1499
1787549625.921,2026-08-24 05:33:45.922,InnoDB,UNDO_SPACE_RSEG,4007,32,1486
1787549625.921,2026-08-24 05:33:45.922,InnoDB,UNDO_SPACE_RSEG,3694,32,1397
1787549625.921,2026-08-24 05:33:45.922,InnoDB,UNDO_SPACE_RSEG,3881,32,1422
1787549625.921,2026-08-24 05:33:45.922,InnoDB,UNDO_SPACE_RSEG,3743,32,1360
1787549625.921,2026-08-24 05:33:45.922,InnoDB,UNDO_SPACE_RSEG,3806,31,1389
1787549625.921,2026-08-24 05:33:45.922,InnoDB,UNDO_SPACE_RSEG,3956,31,1437
1787549625.921,2026-08-24 05:33:45.922,InnoDB,UNDO_SPACE_RSEG,3773,31,1357
1787549625.921,2026-08-24 05:33:45.922,InnoDB,UNDO_SPACE_RSEG,3640,31,1370
1787549625.921,2026-08-24 05:33:45.922,InnoDB,UNDO_SPACE_RSEG,3805,31,1373
1787549625.921,2026-08-24 05:33:45.922,InnoDB,UNDO_SPACE_RSEG,3965,31,1480
1787549625.921,2026-08-24 05:33:45.922,InnoDB,UNDO_SPACE_RSEG,4094,31,1514
1787549625.921,2026-08-24 05:33:45.922,InnoDB,UNDO_SPACE_RSEG,3846,31,1371
1787549625.921,2026-08-24 05:33:45.922,InnoDB,UNDO_SPACE_RSEG,3611,31,1365
1787549625.921,2026-08-24 05:33:45.922,InnoDB,UNDO_SPACE_RSEG,3990,31,1453
1787549625.921,2026-08-24 05:33:45.922,InnoDB,UNDO_SPACE_RSEG,3862,31,1486
1787549625.921,2026-08-24 05:33:45.922,InnoDB,UNDO_SPACE_RSEG,3641,31,1406
1787549625.921,2026-08-24 05:33:45.922,InnoDB,UNDO_SPACE_RSEG,3797,31,1412
1787549625.921,2026-08-24 05:33:45.922,InnoDB,UNDO_SPACE_RSEG,3668,31,1420
1787549625.921,2026-08-24 05:33:45.922,InnoDB,UNDO_SPACE_RSEG,3809,31,1398
1787549625.921,2026-08-24 05:33:45.922,InnoDB,UNDO_SPACE_RSEG,3766,30,1433
1787549625.921,2026-08-24 05:33:45.922,InnoDB,UNDO_SPACE_RSEG,3814,30,1373
1787549625.921,2026-08-24 05:33:45.922,InnoDB,LOCK_SYS_PAGE,1651,30,543
1787549625.921,2026-08-24 05:33:45.922,InnoDB,UNDO_SPACE_RSEG,3649,30,1362
1787549625.921,2026-08-24 05:33:45.922,InnoDB,UNDO_SPACE_RSEG,3761,30,1431
1787549625.921,2026-08-24 05:33:45.922,InnoDB,UNDO_SPACE_RSEG,3713,30,1392
1787549625.921,2026-08-24 05:33:45.922,InnoDB,UNDO_SPACE_RSEG,3870,30,1416
1787549625.921,2026-08-24 05:33:45.922,InnoDB,UNDO_SPACE_RSEG,3838,30,1422
1787549625.921,2026-08-24 05:33:45.922,InnoDB,UNDO_SPACE_RSEG,3872,30,1436
1787549625.921,2026-08-24 05:33:45.922,InnoDB,UNDO_SPACE_RSEG,3790,30,1437
1787549625.921,2026-08-24 05:33:45.922,InnoDB,UNDO_SPACE_RSEG,3965,30,1451
1787549625.921,2026-08-24 05:33:45.922,InnoDB,UNDO_SPACE_RSEG,3608,30,1359
1787549625.921,2026-08-24 05:33:45.922,InnoDB,UNDO_SPACE_RSEG,3882,30,1480
1787549625.921,2026-08-24 05:33:45.922,InnoDB,UNDO_SPACE_RSEG,3784,30,1384
1787549625.921,2026-08-24 05:33:45.922,InnoDB,UNDO_SPACE_RSEG,3855,30,1402
1787549625.921,2026-08-24 05:33:45.922,InnoDB,UNDO_SPACE_RSEG,3843,30,1470
1787549625.921,2026-08-24 05:33:45.922,InnoDB,UNDO_SPACE_RSEG,3864,29,1459
1787549625.921,2026-08-24 05:33:45.922,InnoDB,UNDO_SPACE_RSEG,3824,29,1382
1787549625.921,2026-08-24 05:33:45.922,InnoDB,UNDO_SPACE_RSEG,3872,29,1420
1787549625.921,2026-08-24 05:33:45.922,InnoDB,UNDO_SPACE_RSEG,3921,29,1483
1787549625.921,2026-08-24 05:33:45.922,InnoDB,UNDO_SPACE_RSEG,3650,29,1396
1787549625.921,2026-08-24 05:33:45.922,InnoDB,UNDO_SPACE_RSEG,3643,29,1435
1787549625.921,2026-08-24 05:33:45.922,InnoDB,UNDO_SPACE_RSEG,4105,29,1481
1787549625.921,2026-08-24 05:33:45.922,InnoDB,UNDO_SPACE_RSEG,3813,29,1454
1787549625.921,2026-08-24 05:33:45.922,InnoDB,UNDO_SPACE_RSEG,3811,29,1440
1787549625.921,2026-08-24 05:33:45.922,InnoDB,UNDO_SPACE_RSEG,3773,29,1414
1787549625.921,2026-08-24 05:33:45.922,InnoDB,UNDO_SPACE_RSEG,3669,29,1408
1787549625.921,2026-08-24 05:33:45.922,InnoDB,UNDO_SPACE_RSEG,3620,29,1406
1787549625.921,2026-08-24 05:33:45.922,InnoDB,UNDO_SPACE_RSEG,3709,29,1436
1787549625.921,2026-08-24 05:33:45.922,InnoDB,UNDO_SPACE_RSEG,3638,29,1407
1787549625.921,2026-08-24 05:33:45.922,InnoDB,UNDO_SPACE_RSEG,3642,29,1373
1787549625.921,2026-08-24 05:33:45.922,InnoDB,UNDO_SPACE_RSEG,3699,29,1369
1787549625.921,2026-08-24 05:33:45.922,InnoDB,UNDO_SPACE_RSEG,3822,29,1401
1787549625.921,2026-08-24 05:33:45.922,InnoDB,UNDO_SPACE_RSEG,3882,29,1465
1787549625.921,2026-08-24 05:33:45.922,InnoDB,UNDO_SPACE_RSEG,3988,29,1479
1787549625.921,2026-08-24 05:33:45.922,InnoDB,UNDO_SPACE_RSEG,3794,29,1422
1787549625.921,2026-08-24 05:33:45.922,InnoDB,UNDO_SPACE_RSEG,3788,28,1458
1787549625.921,2026-08-24 05:33:45.922,InnoDB,UNDO_SPACE_RSEG,3839,28,1436
1787549625.921,2026-08-24 05:33:45.922,InnoDB,UNDO_SPACE_RSEG,3762,28,1469
1787549625.921,2026-08-24 05:33:45.922,InnoDB,UNDO_SPACE_RSEG,3833,28,1460
1787549625.921,2026-08-24 05:33:45.922,InnoDB,UNDO_SPACE_RSEG,3670,28,1383
1787549625.921,2026-08-24 05:33:45.922,InnoDB,UNDO_SPACE_RSEG,3691,28,1453
1787549625.921,2026-08-24 05:33:45.922,InnoDB,UNDO_SPACE_RSEG,3572,28,1338
1787549625.921,2026-08-24 05:33:45.922,InnoDB,UNDO_SPACE_RSEG,3768,28,1457
1787549625.921,2026-08-24 05:33:45.922,InnoDB,UNDO_SPACE_RSEG,3857,28,1451
1787549625.921,2026-08-24 05:33:45.922,InnoDB,UNDO_SPACE_RSEG,3511,28,1389
1787549625.921,2026-08-24 05:33:45.922,InnoDB,UNDO_SPACE_RSEG,3653,28,1431
1787549625.921,2026-08-24 05:33:45.922,InnoDB,UNDO_SPACE_RSEG,3706,28,1414
1787549625.921,2026-08-24 05:33:45.922,InnoDB,UNDO_SPACE_RSEG,3655,28,1400
1787549625.921,2026-08-24 05:33:45.922,InnoDB,UNDO_SPACE_RSEG,3765,28,1465
1787549625.921,2026-08-24 05:33:45.922,InnoDB,UNDO_SPACE_RSEG,3779,28,1402
1787549625.921,2026-08-24 05:33:45.922,InnoDB,UNDO_SPACE_RSEG,3871,28,1480
1787549625.921,2026-08-24 05:33:45.922,InnoDB,UNDO_SPACE_RSEG,3760,28,1496
1787549625.921,2026-08-24 05:33:45.922,InnoDB,UNDO_SPACE_RSEG,3779,28,1443
1787549625.921,2026-08-24 05:33:45.922,InnoDB,UNDO_SPACE_RSEG,3781,28,1427
1787549625.921,2026-08-24 05:33:45.922,InnoDB,UNDO_SPACE_RSEG,3743,28,1374
1787549625.921,2026-08-24 05:33:45.922,InnoDB,UNDO_SPACE_RSEG,3781,28,1398
1787549625.921,2026-08-24 05:33:45.922,InnoDB,UNDO_SPACE_RSEG,3911,28,1455
1787549625.921,2026-08-24 05:33:45.922,InnoDB,UNDO_SPACE_RSEG,3785,28,1437
1787549625.921,2026-08-24 05:33:45.922,InnoDB,UNDO_SPACE_RSEG,3917,28,1475
1787549625.921,2026-08-24 05:33:45.922,InnoDB,UNDO_SPACE_RSEG,3698,27,1438
1787549625.921,2026-08-24 05:33:45.922,InnoDB,UNDO_SPACE_RSEG,3813,27,1448
1787549625.921,2026-08-24 05:33:45.922,InnoDB,UNDO_SPACE_RSEG,3629,27,1401
1787549625.921,2026-08-24 05:33:45.922,InnoDB,UNDO_SPACE_RSEG,3475,27,1362
1787549625.921,2026-08-24 05:33:45.922,InnoDB,UNDO_SPACE_RSEG,3637,27,1361
1787549625.921,2026-08-24 05:33:45.922,InnoDB,LOCK_SYS_PAGE,1583,27,552
1787549625.921,2026-08-24 05:33:45.922,InnoDB,UNDO_SPACE_RSEG,3792,27,1456
1787549625.921,2026-08-24 05:33:45.922,InnoDB,UNDO_SPACE_RSEG,3763,27,1440
1787549625.921,2026-08-24 05:33:45.922,InnoDB,UNDO_SPACE_RSEG,3899,27,1474
1787549625.921,2026-08-24 05:33:45.922,InnoDB,UNDO_SPACE_RSEG,3720,27,1438
1787549625.921,2026-08-24 05:33:45.922,InnoDB,UNDO_SPACE_RSEG,3768,27,1461
1787549625.921,2026-08-24 05:33:45.922,InnoDB,UNDO_SPACE_RSEG,3719,26,1464
1787549625.921,2026-08-24 05:33:45.922,InnoDB,UNDO_SPACE_RSEG,3723,26,1437
1787549625.921,2026-08-24 05:33:45.922,InnoDB,UNDO_SPACE_RSEG,3828,26,1534
1787549625.921,2026-08-24 05:33:45.922,InnoDB,UNDO_SPACE_RSEG,3612,26,1373
1787549625.921,2026-08-24 05:33:45.922,InnoDB,UNDO_SPACE_RSEG,3623,26,1387
1787549625.921,2026-08-24 05:33:45.922,InnoDB,UNDO_SPACE_RSEG,3685,26,1388
1787549625.921,2026-08-24 05:33:45.922,InnoDB,UNDO_SPACE_RSEG,3804,26,1435
1787549625.921,2026-08-24 05:33:45.922,InnoDB,UNDO_SPACE_RSEG,3632,26,1365
1787549625.921,2026-08-24 05:33:45.922,InnoDB,UNDO_SPACE_RSEG,3290,26,1330
1787549625.921,2026-08-24 05:33:45.922,InnoDB,UNDO_SPACE_RSEG,3637,26,1418
1787549625.921,2026-08-24 05:33:45.922,InnoDB,UNDO_SPACE_RSEG,3778,26,1487
1787549625.921,2026-08-24 05:33:45.922,InnoDB,UNDO_SPACE_RSEG,3664,26,1451
1787549625.921,2026-08-24 05:33:45.922,InnoDB,UNDO_SPACE_RSEG,3826,26,1466
1787549625.921,2026-08-24 05:33:45.922,InnoDB,UNDO_SPACE_RSEG,3685,26,1445
1787549625.921,2026-08-24 05:33:45.922,InnoDB,UNDO_SPACE_RSEG,3649,26,1417
1787549625.921,2026-08-24 05:33:45.922,InnoDB,UNDO_SPACE_RSEG,3601,26,1379
1787549625.921,2026-08-24 05:33:45.922,InnoDB,LOCK_SYS_PAGE,1453,26,564
1787549625.921,2026-08-24 05:33:45.922,InnoDB,UNDO_SPACE_RSEG,3684,26,1451
1787549625.921,2026-08-24 05:33:45.922,InnoDB,LOCK_SYS_PAGE,1414,26,507
1787549625.921,2026-08-24 05:33:45.922,InnoDB,UNDO_SPACE_RSEG,3721,26,1444
1787549625.921,2026-08-24 05:33:45.922,InnoDB,LOCK_SYS_PAGE,1429,26,520
1787549625.921,2026-08-24 05:33:45.922,InnoDB,UNDO_SPACE_RSEG,3657,26,1395
1787549625.921,2026-08-24 05:33:45.922,InnoDB,UNDO_SPACE_RSEG,3724,26,1434
1787549625.921,2026-08-24 05:33:45.922,InnoDB,LOCK_SYS_PAGE,1434,26,477
1787549625.921,2026-08-24 05:33:45.922,InnoDB,UNDO_SPACE_RSEG,3719,26,1396
1787549625.921,2026-08-24 05:33:45.922,InnoDB,UNDO_SPACE_RSEG,3778,26,1497
1787549625.921,2026-08-24 05:33:45.922,InnoDB,UNDO_SPACE_RSEG,3651,26,1441
1787549625.921,2026-08-24 05:33:45.922,InnoDB,UNDO_SPACE_RSEG,3815,25,1430
1787549625.921,2026-08-24 05:33:45.922,InnoDB,UNDO_SPACE_RSEG,3554,25,1406
1787549625.921,2026-08-24 05:33:45.922,InnoDB,UNDO_SPACE_RSEG,3678,25,1397
1787549625.921,2026-08-24 05:33:45.922,InnoDB,UNDO_SPACE_RSEG,3755,25,1466
1787549625.921,2026-08-24 05:33:45.922,InnoDB,UNDO_SPACE_RSEG,3739,25,1407
1787549625.921,2026-08-24 05:33:45.922,InnoDB,UNDO_SPACE_RSEG,3800,25,1480
1787549625.921,2026-08-24 05:33:45.922,InnoDB,UNDO_SPACE_RSEG,3765,25,1470
1787549625.921,2026-08-24 05:33:45.922,InnoDB,UNDO_SPACE_RSEG,3702,25,1417
1787549625.921,2026-08-24 05:33:45.922,InnoDB,UNDO_SPACE_RSEG,3790,25,1456
1787549625.921,2026-08-24 05:33:45.922,InnoDB,UNDO_SPACE_RSEG,3758,25,1438
1787549625.921,2026-08-24 05:33:45.922,InnoDB,UNDO_SPACE_RSEG,3673,25,1383
1787549625.921,2026-08-24 05:33:45.922,InnoDB,UNDO_SPACE_RSEG,3492,25,1356
1787549625.921,2026-08-24 05:33:45.922,InnoDB,UNDO_SPACE_RSEG,3730,25,1433
1787549625.921,2026-08-24 05:33:45.922,InnoDB,UNDO_SPACE_RSEG,3741,25,1435
1787549625.921,2026-08-24 05:33:45.922,InnoDB,UNDO_SPACE_RSEG,4021,25,1518
1787549625.921,2026-08-24 05:33:45.922,InnoDB,UNDO_SPACE_RSEG,3857,25,1473
1787549625.921,2026-08-24 05:33:45.922,InnoDB,UNDO_SPACE_RSEG,3734,25,1482
1787549625.921,2026-08-24 05:33:45.922,InnoDB,UNDO_SPACE_RSEG,3741,25,1417
1787549625.921,2026-08-24 05:33:45.922,InnoDB,UNDO_SPACE_RSEG,3587,25,1436
1787549625.921,2026-08-24 05:33:45.922,InnoDB,UNDO_SPACE_RSEG,3791,24,1429
1787549625.921,2026-08-24 05:33:45.922,InnoDB,UNDO_SPACE_RSEG,3502,24,1378
1787549625.921,2026-08-24 05:33:45.922,InnoDB,LOCK_SYS_PAGE,1321,24,496
1787549625.921,2026-08-24 05:33:45.922,InnoDB,UNDO_SPACE_RSEG,3757,24,1384
1787549625.921,2026-08-24 05:33:45.922,InnoDB,UNDO_SPACE_RSEG,3695,24,1518
1787549625.921,2026-08-24 05:33:45.922,InnoDB,UNDO_SPACE_RSEG,3577,24,1354
1787549625.921,2026-08-24 05:33:45.922,InnoDB,UNDO_SPACE_RSEG,3701,24,1431
1787549625.921,2026-08-24 05:33:45.922,InnoDB,UNDO_SPACE_RSEG,3811,24,1493
1787549625.921,2026-08-24 05:33:45.922,InnoDB,UNDO_SPACE_RSEG,3668,24,1425
1787549625.921,2026-08-24 05:33:45.922,InnoDB,UNDO_SPACE_RSEG,3707,24,1447
1787549625.921,2026-08-24 05:33:45.922,InnoDB,UNDO_SPACE_RSEG,3726,24,1394
1787549625.921,2026-08-24 05:33:45.922,InnoDB,UNDO_SPACE_RSEG,3476,24,1365
1787549625.921,2026-08-24 05:33:45.922,InnoDB,UNDO_SPACE_RSEG,3550,24,1411
1787549625.921,2026-08-24 05:33:45.922,InnoDB,UNDO_SPACE_RSEG,3488,24,1379
1787549625.921,2026-08-24 05:33:45.922,InnoDB,UNDO_SPACE_RSEG,3499,24,1425
1787549625.921,2026-08-24 05:33:45.922,InnoDB,UNDO_SPACE_RSEG,3585,24,1396
1787549625.921,2026-08-24 05:33:45.922,InnoDB,UNDO_SPACE_RSEG,3680,24,1453
1787549625.921,2026-08-24 05:33:45.922,InnoDB,UNDO_SPACE_RSEG,3785,24,1451
1787549625.921,2026-08-24 05:33:45.922,InnoDB,UNDO_SPACE_RSEG,3527,24,1370
1787549625.921,2026-08-24 05:33:45.922,InnoDB,UNDO_SPACE_RSEG,3549,24,1368
1787549625.921,2026-08-24 05:33:45.922,InnoDB,UNDO_SPACE_RSEG,3736,23,1495
1787549625.921,2026-08-24 05:33:45.922,InnoDB,LOCK_SYS_PAGE,1327,23,567
1787549625.921,2026-08-24 05:33:45.922,InnoDB,LOCK_SYS_WAIT,728,23,25
1787549625.921,2026-08-24 05:33:45.922,InnoDB,LOCK_SYS_PAGE,1420,23,597
1787549625.921,2026-08-24 05:33:45.922,InnoDB,UNDO_SPACE_RSEG,3953,23,1483
1787549625.921,2026-08-24 05:33:45.922,InnoDB,UNDO_SPACE_RSEG,3439,23,1377
1787549625.921,2026-08-24 05:33:45.922,InnoDB,UNDO_SPACE_RSEG,3662,23,1446
1787549625.921,2026-08-24 05:33:45.922,InnoDB,UNDO_SPACE_RSEG,3568,23,1443
1787549625.921,2026-08-24 05:33:45.922,InnoDB,UNDO_SPACE_RSEG,3580,23,1480
1787549625.921,2026-08-24 05:33:45.922,InnoDB,LOCK_SYS_PAGE,1410,23,557
1787549625.921,2026-08-24 05:33:45.922,InnoDB,UNDO_SPACE_RSEG,3750,23,1431
1787549625.921,2026-08-24 05:33:45.922,InnoDB,UNDO_SPACE_RSEG,3682,23,1392
1787549625.921,2026-08-24 05:33:45.922,InnoDB,LOCK_SYS_PAGE,1445,23,561
1787549625.921,2026-08-24 05:33:45.922,InnoDB,UNDO_SPACE_RSEG,3739,22,1468
1787549625.921,2026-08-24 05:33:45.922,InnoDB,UNDO_SPACE_RSEG,3516,22,1425
1787549625.921,2026-08-24 05:33:45.922,InnoDB,LOCK_SYS_PAGE,1285,22,537
1787549625.921,2026-08-24 05:33:45.922,InnoDB,UNDO_SPACE_RSEG,3518,22,1429
1787549625.921,2026-08-24 05:33:45.922,InnoDB,UNDO_SPACE_RSEG,3516,22,1414
1787549625.921,2026-08-24 05:33:45.922,InnoDB,UNDO_SPACE_RSEG,3586,22,1489
1787549625.921,2026-08-24 05:33:45.922,InnoDB,LOCK_SYS_PAGE,1320,22,510
1787549625.921,2026-08-24 05:33:45.922,InnoDB,LOCK_SYS_PAGE,1331,22,530
1787549625.921,2026-08-24 05:33:45.922,InnoDB,LOCK_SYS_PAGE,1273,22,507
1787549625.921,2026-08-24 05:33:45.922,InnoDB,LOCK_SYS_PAGE,1442,22,543
1787549625.921,2026-08-24 05:33:45.922,InnoDB,UNDO_SPACE_RSEG,3631,22,1448
1787549625.921,2026-08-24 05:33:45.922,InnoDB,LOCK_SYS_PAGE,1279,22,533
1787549625.921,2026-08-24 05:33:45.922,InnoDB,LOCK_SYS_PAGE,1358,22,584
1787549625.921,2026-08-24 05:33:45.922,InnoDB,LOCK_SYS_PAGE,1186,21,478
1787549625.921,2026-08-24 05:33:45.922,InnoDB,UNDO_SPACE_RSEG,3546,21,1382
1787549625.921,2026-08-24 05:33:45.922,InnoDB,UNDO_SPACE_RSEG,3489,21,1374
1787549625.921,2026-08-24 05:33:45.922,InnoDB,UNDO_SPACE_RSEG,3649,21,1444
1787549625.921,2026-08-24 05:33:45.922,InnoDB,LOCK_SYS_PAGE,1273,21,518
1787549625.921,2026-08-24 05:33:45.922,InnoDB,LOCK_SYS_PAGE,1261,21,550
1787549625.921,2026-08-24 05:33:45.922,InnoDB,UNDO_SPACE_RSEG,3766,21,1511
1787549625.921,2026-08-24 05:33:45.922,InnoDB,LOCK_SYS_PAGE,1329,21,543
1787549625.921,2026-08-24 05:33:45.922,InnoDB,UNDO_SPACE_RSEG,3569,21,1406
1787549625.921,2026-08-24 05:33:45.922,InnoDB,LOCK_SYS_PAGE,1307,21,526
1787549625.921,2026-08-24 05:33:45.922,InnoDB,UNDO_SPACE_RSEG,3534,21,1423
1787549625.921,2026-08-24 05:33:45.922,InnoDB,LOCK_SYS_PAGE,1277,21,509
1787549625.921,2026-08-24 05:33:45.922,InnoDB,LOCK_SYS_PAGE,1369,21,460
1787549625.921,2026-08-24 05:33:45.922,InnoDB,LOCK_SYS_PAGE,1228,21,545
1787549625.921,2026-08-24 05:33:45.922,InnoDB,UNDO_SPACE_RSEG,3447,21,1398
1787549625.921,2026-08-24 05:33:45.922,InnoDB,UNDO_SPACE_RSEG,3763,21,1492
1787549625.921,2026-08-24 05:33:45.922,InnoDB,UNDO_SPACE_RSEG,3415,20,1329
1787549625.921,2026-08-24 05:33:45.922,InnoDB,LOCK_SYS_PAGE,1283,20,521
1787549625.921,2026-08-24 05:33:45.922,InnoDB,LOCK_SYS_PAGE,1371,20,553
1787549625.921,2026-08-24 05:33:45.922,InnoDB,LOCK_SYS_PAGE,1296,20,509
1787549625.921,2026-08-24 05:33:45.922,InnoDB,UNDO_SPACE_RSEG,3682,20,1443
1787549625.921,2026-08-24 05:33:45.922,InnoDB,LOCK_SYS_PAGE,1337,20,518
1787549625.921,2026-08-24 05:33:45.922,InnoDB,LOCK_SYS_PAGE,1224,20,508
1787549625.921,2026-08-24 05:33:45.922,InnoDB,LOCK_SYS_PAGE,1314,20,610
1787549625.921,2026-08-24 05:33:45.922,InnoDB,LOCK_SYS_PAGE,1351,20,539
1787549625.921,2026-08-24 05:33:45.922,InnoDB,UNDO_SPACE_RSEG,3508,20,1458
1787549625.921,2026-08-24 05:33:45.922,InnoDB,UNDO_SPACE_RSEG,3621,20,1432
1787549625.921,2026-08-24 05:33:45.922,InnoDB,LOCK_SYS_PAGE,1218,20,544
1787549625.921,2026-08-24 05:33:45.922,InnoDB,UNDO_SPACE_RSEG,3565,20,1462
1787549625.921,2026-08-24 05:33:45.922,InnoDB,LOCK_SYS_PAGE,1244,20,499
1787549625.921,2026-08-24 05:33:45.922,InnoDB,LOCK_SYS_PAGE,1269,20,551
1787549625.921,2026-08-24 05:33:45.922,InnoDB,UNDO_SPACE_RSEG,3573,20,1448
1787549625.921,2026-08-24 05:33:45.922,InnoDB,UNDO_SPACE_RSEG,3446,20,1466
1787549625.921,2026-08-24 05:33:45.922,InnoDB,LOCK_SYS_PAGE,1224,20,539
1787549625.921,2026-08-24 05:33:45.922,InnoDB,LOCK_SYS_PAGE,1304,20,542
1787549625.921,2026-08-24 05:33:45.922,InnoDB,LOCK_SYS_PAGE,1183,20,479
1787549625.921,2026-08-24 05:33:45.922,InnoDB,LOCK_SYS_PAGE,1152,19,478
1787549625.921,2026-08-24 05:33:45.922,InnoDB,LOCK_SYS_PAGE,1309,19,551
1787549625.921,2026-08-24 05:33:45.922,InnoDB,LOCK_SYS_PAGE,1164,19,494
1787549625.921,2026-08-24 05:33:45.922,InnoDB,LOCK_SYS_PAGE,1236,19,502
1787549625.921,2026-08-24 05:33:45.922,InnoDB,LOCK_SYS_PAGE,1261,19,491
1787549625.921,2026-08-24 05:33:45.922,InnoDB,LOCK_SYS_PAGE,1213,19,535
1787549625.921,2026-08-24 05:33:45.922,InnoDB,UNDO_SPACE_RSEG,3372,19,1410
1787549625.921,2026-08-24 05:33:45.922,InnoDB,LOCK_SYS_PAGE,1216,19,527
1787549625.921,2026-08-24 05:33:45.922,InnoDB,LOCK_SYS_PAGE,1305,19,499
1787549625.921,2026-08-24 05:33:45.922,InnoDB,UNDO_SPACE_RSEG,3566,19,1475
1787549625.921,2026-08-24 05:33:45.922,InnoDB,LOCK_SYS_PAGE,1248,19,525
1787549625.921,2026-08-24 05:33:45.922,InnoDB,LOCK_SYS_PAGE,1305,19,527
1787549625.921,2026-08-24 05:33:45.922,InnoDB,LOCK_SYS_PAGE,1141,19,441
1787549625.921,2026-08-24 05:33:45.922,InnoDB,UNDO_SPACE_RSEG,3337,19,1371
1787549625.921,2026-08-24 05:33:45.922,InnoDB,TRX_POOL,634,19,47
1787549625.921,2026-08-24 05:33:45.922,InnoDB,LOCK_SYS_PAGE,1147,19,514
1787549625.921,2026-08-24 05:33:45.922,InnoDB,UNDO_SPACE_RSEG,3304,19,1409
1787549625.921,2026-08-24 05:33:45.922,InnoDB,UNDO_SPACE_RSEG,3384,19,1436
1787549625.921,2026-08-24 05:33:45.922,InnoDB,LOCK_SYS_PAGE,1484,19,570
1787549625.921,2026-08-24 05:33:45.922,InnoDB,UNDO_SPACE_RSEG,3595,19,1484
1787549625.921,2026-08-24 05:33:45.922,InnoDB,LOCK_SYS_PAGE,1268,19,508
1787549625.921,2026-08-24 05:33:45.922,InnoDB,LOCK_SYS_PAGE,1192,19,488
1787549625.921,2026-08-24 05:33:45.922,InnoDB,LOCK_SYS_PAGE,1321,19,509
1787549625.921,2026-08-24 05:33:45.922,InnoDB,UNDO_SPACE_RSEG,3503,19,1448
1787549625.921,2026-08-24 05:33:45.922,InnoDB,LOCK_SYS_PAGE,1148,19,468
1787549625.921,2026-08-24 05:33:45.922,InnoDB,LOCK_SYS_PAGE,1204,19,532
1787549625.921,2026-08-24 05:33:45.922,InnoDB,LOCK_SYS_PAGE,1161,19,476
1787549625.921,2026-08-24 05:33:45.922,InnoDB,LOCK_SYS_PAGE,1139,19,469
1787549625.921,2026-08-24 05:33:45.922,InnoDB,LOCK_SYS_PAGE,1192,19,504
1787549625.921,2026-08-24 05:33:45.922,InnoDB,LOCK_SYS_PAGE,1202,19,467
1787549625.921,2026-08-24 05:33:45.922,InnoDB,LOCK_SYS_PAGE,1192,18,514
1787549625.921,2026-08-24 05:33:45.922,InnoDB,LOCK_SYS_PAGE,1222,18,534
1787549625.921,2026-08-24 05:33:45.922,InnoDB,LOCK_SYS_PAGE,1159,18,528
1787549625.921,2026-08-24 05:33:45.922,InnoDB,LOCK_SYS_PAGE,1148,18,440
1787549625.921,2026-08-24 05:33:45.922,InnoDB,LOCK_SYS_PAGE,1224,18,517
1787549625.921,2026-08-24 05:33:45.922,InnoDB,LOCK_SYS_PAGE,1087,18,462
1787549625.921,2026-08-24 05:33:45.922,InnoDB,LOCK_SYS_PAGE,1084,18,500
1787549625.921,2026-08-24 05:33:45.922,InnoDB,LOCK_SYS_PAGE,1155,18,508
1787549625.921,2026-08-24 05:33:45.922,InnoDB,LOCK_SYS_PAGE,1154,18,487
1787549625.921,2026-08-24 05:33:45.922,InnoDB,LOCK_SYS_PAGE,1139,18,495
1787549625.921,2026-08-24 05:33:45.922,InnoDB,LOCK_SYS_PAGE,1252,18,527
1787549625.921,2026-08-24 05:33:45.922,InnoDB,LOCK_SYS_PAGE,1235,18,536
1787549625.921,2026-08-24 05:33:45.922,InnoDB,LOCK_SYS_PAGE,1268,18,562
1787549625.921,2026-08-24 05:33:45.922,InnoDB,LOCK_SYS_PAGE,1160,18,487
1787549625.921,2026-08-24 05:33:45.922,InnoDB,LOCK_SYS_PAGE,1126,18,525
1787549625.921,2026-08-24 05:33:45.922,InnoDB,LOCK_SYS_PAGE,1190,18,485
1787549625.921,2026-08-24 05:33:45.922,InnoDB,LOCK_SYS_PAGE,1184,18,542
1787549625.921,2026-08-24 05:33:45.922,InnoDB,LOCK_SYS_PAGE,1254,18,572
1787549625.921,2026-08-24 05:33:45.922,InnoDB,LOCK_SYS_PAGE,1116,18,525
1787549625.921,2026-08-24 05:33:45.922,InnoDB,LOCK_SYS_PAGE,1079,18,510
1787549625.921,2026-08-24 05:33:45.922,InnoDB,LOCK_SYS_PAGE,1071,18,470
1787549625.921,2026-08-24 05:33:45.922,InnoDB,LOCK_SYS_PAGE,1130,18,492
1787549625.921,2026-08-24 05:33:45.922,InnoDB,LOCK_SYS_PAGE,1193,18,514
1787549625.921,2026-08-24 05:33:45.922,InnoDB,LOCK_SYS_PAGE,1209,18,522
1787549625.921,2026-08-24 05:33:45.922,InnoDB,LOCK_SYS_PAGE,1237,18,486
1787549625.921,2026-08-24 05:33:45.922,InnoDB,LOCK_SYS_PAGE,1112,18,500
1787549625.921,2026-08-24 05:33:45.922,InnoDB,LOCK_SYS_PAGE,1189,18,551
1787549625.921,2026-08-24 05:33:45.922,InnoDB,UNDO_SPACE_RSEG,3455,18,1422
1787549625.921,2026-08-24 05:33:45.922,InnoDB,UNDO_SPACE_RSEG,3358,18,1404
1787549625.921,2026-08-24 05:33:45.922,InnoDB,LOCK_SYS_PAGE,1183,18,545
1787549625.921,2026-08-24 05:33:45.922,InnoDB,UNDO_SPACE_RSEG,3464,18,1453
1787549625.921,2026-08-24 05:33:45.922,InnoDB,LOCK_SYS_PAGE,1181,18,521
1787549625.921,2026-08-24 05:33:45.922,InnoDB,UNDO_SPACE_RSEG,3343,18,1368
1787549625.921,2026-08-24 05:33:45.922,InnoDB,LOCK_SYS_PAGE,1154,18,516
1787549625.921,2026-08-24 05:33:45.922,InnoDB,LOCK_SYS_PAGE,1308,18,580
1787549625.921,2026-08-24 05:33:45.922,InnoDB,UNDO_SPACE_RSEG,3456,18,1419
1787549625.921,2026-08-24 05:33:45.922,InnoDB,LOCK_SYS_PAGE,1222,18,537
1787549625.921,2026-08-24 05:33:45.922,InnoDB,LOCK_SYS_PAGE,1081,17,516
1787549625.921,2026-08-24 05:33:45.922,InnoDB,LOCK_SYS_PAGE,1248,17,569
1787549625.921,2026-08-24 05:33:45.922,InnoDB,LOCK_SYS_PAGE,1198,17,529
1787549625.921,2026-08-24 05:33:45.922,InnoDB,LOCK_SYS_PAGE,1164,17,558
1787549625.921,2026-08-24 05:33:45.922,InnoDB,LOCK_SYS_PAGE,1225,17,554
1787549625.921,2026-08-24 05:33:45.922,InnoDB,LOCK_SYS_PAGE,1205,17,525
1787549625.921,2026-08-24 05:33:45.922,InnoDB,LOCK_SYS_PAGE,1153,17,511
1787549625.921,2026-08-24 05:33:45.922,InnoDB,LOCK_SYS_PAGE,1176,17,477
1787549625.921,2026-08-24 05:33:45.922,InnoDB,LOCK_SYS_PAGE,1141,17,521
1787549625.921,2026-08-24 05:33:45.922,InnoDB,UNDO_SPACE_RSEG,3548,17,1483
1787549625.921,2026-08-24 05:33:45.922,InnoDB,LOCK_SYS_PAGE,1125,17,546
1787549625.921,2026-08-24 05:33:45.922,InnoDB,LOCK_SYS_PAGE,1121,17,512
1787549625.921,2026-08-24 05:33:45.922,InnoDB,LOCK_SYS_PAGE,1215,17,519
1787549625.921,2026-08-24 05:33:45.922,InnoDB,LOCK_SYS_PAGE,1281,17,505
1787549625.921,2026-08-24 05:33:45.922,InnoDB,LOCK_SYS_PAGE,1121,17,512
1787549625.921,2026-08-24 05:33:45.922,InnoDB,LOCK_SYS_PAGE,1195,17,563
1787549625.921,2026-08-24 05:33:45.922,InnoDB,LOCK_SYS_PAGE,1215,17,529
1787549625.921,2026-08-24 05:33:45.922,InnoDB,UNDO_SPACE_RSEG,3496,17,1424
1787549625.921,2026-08-24 05:33:45.922,InnoDB,LOCK_SYS_PAGE,1141,17,492
1787549625.921,2026-08-24 05:33:45.922,InnoDB,LOCK_SYS_PAGE,1151,17,534
1787549625.921,2026-08-24 05:33:45.922,InnoDB,LOCK_SYS_PAGE,1139,17,555
1787549625.921,2026-08-24 05:33:45.922,InnoDB,LOCK_SYS_PAGE,1107,17,508
1787549625.921,2026-08-24 05:33:45.922,InnoDB,UNDO_SPACE_RSEG,3522,17,1422
1787549625.921,2026-08-24 05:33:45.922,InnoDB,LOCK_SYS_PAGE,1228,16,557
1787549625.921,2026-08-24 05:33:45.922,InnoDB,LOCK_SYS_PAGE,1183,16,543
1787549625.921,2026-08-24 05:33:45.922,InnoDB,LOCK_SYS_PAGE,1120,16,516
1787549625.921,2026-08-24 05:33:45.922,InnoDB,LOCK_SYS_PAGE,1179,16,533
1787549625.921,2026-08-24 05:33:45.922,InnoDB,LOCK_SYS_PAGE,1146,16,548
1787549625.921,2026-08-24 05:33:45.922,InnoDB,LOCK_SYS_PAGE,1045,16,495
1787549625.921,2026-08-24 05:33:45.922,InnoDB,LOCK_SYS_PAGE,1217,16,563
1787549625.921,2026-08-24 05:33:45.922,InnoDB,LOCK_SYS_PAGE,1145,16,506
1787549625.921,2026-08-24 05:33:45.922,InnoDB,UNDO_SPACE_RSEG,3400,16,1452
1787549625.921,2026-08-24 05:33:45.922,InnoDB,LOCK_SYS_PAGE,1138,16,487
1787549625.921,2026-08-24 05:33:45.922,InnoDB,UNDO_SPACE_RSEG,3273,16,1388
1787549625.921,2026-08-24 05:33:45.922,InnoDB,LOCK_SYS_PAGE,1010,16,504
1787549625.921,2026-08-24 05:33:45.922,InnoDB,LOCK_SYS_PAGE,1065,16,471
1787549625.921,2026-08-24 05:33:45.922,InnoDB,LOCK_SYS_PAGE,1138,16,509
1787549625.921,2026-08-24 05:33:45.922,InnoDB,LOCK_SYS_PAGE,1086,16,463
1787549625.921,2026-08-24 05:33:45.922,InnoDB,LOCK_SYS_PAGE,1039,16,437
1787549625.921,2026-08-24 05:33:45.922,InnoDB,LOCK_SYS_PAGE,1166,16,556
1787549625.921,2026-08-24 05:33:45.922,InnoDB,LOCK_SYS_PAGE,1078,16,507
1787549625.921,2026-08-24 05:33:45.922,InnoDB,LOCK_SYS_PAGE,1062,16,508
1787549625.921,2026-08-24 05:33:45.922,InnoDB,LOCK_SYS_PAGE,1077,16,523
1787549625.921,2026-08-24 05:33:45.922,InnoDB,LOCK_SYS_PAGE,1080,16,516
1787549625.921,2026-08-24 05:33:45.922,InnoDB,LOCK_SYS_PAGE,1254,16,625
1787549625.921,2026-08-24 05:33:45.922,InnoDB,LOCK_SYS_PAGE,1124,16,491
1787549625.921,2026-08-24 05:33:45.922,InnoDB,LOCK_SYS_PAGE,1174,16,531
1787549625.921,2026-08-24 05:33:45.922,InnoDB,LOCK_SYS_PAGE,1107,16,488
1787549625.921,2026-08-24 05:33:45.922,InnoDB,LOCK_SYS_PAGE,1129,16,480
1787549625.921,2026-08-24 05:33:45.922,InnoDB,LOCK_SYS_PAGE,1113,16,517
1787549625.921,2026-08-24 05:33:45.922,InnoDB,LOCK_SYS_PAGE,1140,16,516
1787549625.921,2026-08-24 05:33:45.922,InnoDB,LOCK_SYS_PAGE,1121,16,514
1787549625.921,2026-08-24 05:33:45.922,InnoDB,LOCK_SYS_PAGE,1096,16,533
1787549625.921,2026-08-24 05:33:45.922,InnoDB,LOCK_SYS_PAGE,1045,16,507
1787549625.921,2026-08-24 05:33:45.922,InnoDB,LOCK_SYS_PAGE,1187,16,562
1787549625.921,2026-08-24 05:33:45.922,InnoDB,LOCK_SYS_PAGE,1170,16,521
1787549625.921,2026-08-24 05:33:45.922,InnoDB,LOCK_SYS_PAGE,1126,16,531
1787549625.921,2026-08-24 05:33:45.922,InnoDB,LOCK_SYS_PAGE,1212,16,512
1787549625.921,2026-08-24 05:33:45.922,InnoDB,LOCK_SYS_PAGE,1145,16,494
1787549625.921,2026-08-24 05:33:45.922,InnoDB,LOCK_SYS_PAGE,1066,16,513
1787549625.921,2026-08-24 05:33:45.922,InnoDB,LOCK_SYS_PAGE,1068,16,508
1787549625.921,2026-08-24 05:33:45.922,InnoDB,LOCK_SYS_PAGE,1188,16,506
1787549625.921,2026-08-24 05:33:45.922,InnoDB,LOCK_SYS_PAGE,1064,16,487
1787549625.921,2026-08-24 05:33:45.922,InnoDB,LOCK_SYS_PAGE,1105,16,492
1787549625.921,2026-08-24 05:33:45.922,InnoDB,LOCK_SYS_PAGE,1182,16,499
1787549625.921,2026-08-24 05:33:45.922,InnoDB,LOCK_SYS_PAGE,1267,16,547
1787549625.921,2026-08-24 05:33:45.922,InnoDB,LOCK_SYS_PAGE,1154,16,485
1787549625.921,2026-08-24 05:33:45.922,InnoDB,LOCK_SYS_PAGE,1032,15,474
1787549625.921,2026-08-24 05:33:45.922,InnoDB,LOCK_SYS_PAGE,1118,15,540
1787549625.921,2026-08-24 05:33:45.922,InnoDB,LOCK_SYS_PAGE,1098,15,502
1787549625.921,2026-08-24 05:33:45.922,InnoDB,LOCK_SYS_PAGE,1137,15,539
1787549625.921,2026-08-24 05:33:45.922,InnoDB,LOCK_SYS_PAGE,1136,15,546
1787549625.921,2026-08-24 05:33:45.922,InnoDB,LOCK_SYS_PAGE,1166,15,544
1787549625.921,2026-08-24 05:33:45.922,InnoDB,LOCK_SYS_PAGE,1078,15,551
1787549625.921,2026-08-24 05:33:45.922,InnoDB,LOCK_SYS_PAGE,1079,15,497
1787549625.921,2026-08-24 05:33:45.922,InnoDB,LOCK_SYS_PAGE,1158,15,557
1787549625.921,2026-08-24 05:33:45.922,InnoDB,LOCK_SYS_PAGE,1089,15,473
1787549625.921,2026-08-24 05:33:45.922,InnoDB,LOCK_SYS_PAGE,971,15,457
1787549625.921,2026-08-24 05:33:45.922,InnoDB,LOCK_SYS_PAGE,1108,15,541
1787549625.921,2026-08-24 05:33:45.922,InnoDB,LOCK_SYS_PAGE,1042,15,474
1787549625.921,2026-08-24 05:33:45.922,InnoDB,LOCK_SYS_PAGE,1200,15,533
1787549625.921,2026-08-24 05:33:45.922,InnoDB,UNDO_SPACE_RSEG,3368,15,1434
1787549625.921,2026-08-24 05:33:45.922,InnoDB,UNDO_SPACE_RSEG,3215,15,1432
1787549625.921,2026-08-24 05:33:45.922,InnoDB,LOCK_SYS_PAGE,1067,15,530
1787549625.921,2026-08-24 05:33:45.922,InnoDB,LOCK_SYS_PAGE,1045,15,504
1787549625.921,2026-08-24 05:33:45.922,InnoDB,LOCK_SYS_PAGE,1032,15,488
1787549625.921,2026-08-24 05:33:45.922,InnoDB,LOCK_SYS_PAGE,1019,15,451
1787549625.921,2026-08-24 05:33:45.922,InnoDB,LOCK_SYS_PAGE,1080,15,506
1787549625.921,2026-08-24 05:33:45.922,InnoDB,LOCK_SYS_PAGE,1074,15,511
1787549625.921,2026-08-24 05:33:45.922,InnoDB,LOCK_SYS_PAGE,1150,15,582
1787549625.921,2026-08-24 05:33:45.922,InnoDB,LOCK_SYS_PAGE,1045,15,515
1787549625.921,2026-08-24 05:33:45.922,InnoDB,LOCK_SYS_PAGE,1128,15,516
1787549625.921,2026-08-24 05:33:45.922,InnoDB,LOCK_SYS_PAGE,1083,15,506
1787549625.921,2026-08-24 05:33:45.922,InnoDB,LOCK_SYS_PAGE,1100,15,524
1787549625.921,2026-08-24 05:33:45.922,InnoDB,LOCK_SYS_PAGE,1072,15,508
1787549625.921,2026-08-24 05:33:45.922,InnoDB,LOCK_SYS_PAGE,1120,15,570
1787549625.921,2026-08-24 05:33:45.922,InnoDB,UNDO_SPACE_RSEG,3254,15,1412
1787549625.921,2026-08-24 05:33:45.922,InnoDB,LOCK_SYS_PAGE,1018,15,504
1787549625.921,2026-08-24 05:33:45.922,InnoDB,LOCK_SYS_PAGE,1149,15,575
1787549625.921,2026-08-24 05:33:45.922,InnoDB,LOCK_SYS_PAGE,1043,15,528
1787549625.921,2026-08-24 05:33:45.922,InnoDB,LOCK_SYS_PAGE,1120,15,555
1787549625.921,2026-08-24 05:33:45.922,InnoDB,LOCK_SYS_PAGE,1055,15,478
1787549625.921,2026-08-24 05:33:45.922,InnoDB,LOCK_SYS_PAGE,1036,15,486
1787549625.921,2026-08-24 05:33:45.922,InnoDB,LOCK_SYS_PAGE,1113,15,539
1787549625.921,2026-08-24 05:33:45.922,InnoDB,LOCK_SYS_PAGE,1072,15,511
1787549625.921,2026-08-24 05:33:45.922,InnoDB,LOCK_SYS_PAGE,1173,15,515
1787549625.921,2026-08-24 05:33:45.922,InnoDB,LOCK_SYS_PAGE,1042,15,482
1787549625.921,2026-08-24 05:33:45.922,InnoDB,LOCK_SYS_PAGE,1093,15,521
1787549625.921,2026-08-24 05:33:45.922,InnoDB,LOCK_SYS_PAGE,1024,15,527
1787549625.921,2026-08-24 05:33:45.922,InnoDB,LOCK_SYS_PAGE,1008,14,466
1787549625.921,2026-08-24 05:33:45.922,InnoDB,LOCK_SYS_PAGE,939,14,462
1787549625.921,2026-08-24 05:33:45.922,InnoDB,UNDO_SPACE_RSEG,3475,14,1470
1787549625.921,2026-08-24 05:33:45.922,InnoDB,LOCK_SYS_PAGE,1047,14,551
1787549625.921,2026-08-24 05:33:45.922,InnoDB,LOCK_SYS_PAGE,1007,14,478
1787549625.921,2026-08-24 05:33:45.922,InnoDB,LOCK_SYS_PAGE,1057,14,528
1787549625.921,2026-08-24 05:33:45.922,InnoDB,LOCK_SYS_PAGE,1082,14,546
1787549625.921,2026-08-24 05:33:45.922,InnoDB,LOCK_SYS_PAGE,1054,14,534
1787549625.921,2026-08-24 05:33:45.922,InnoDB,LOCK_SYS_PAGE,1054,14,516
1787549625.921,2026-08-24 05:33:45.922,InnoDB,LOCK_SYS_PAGE,1025,14,522
1787549625.921,2026-08-24 05:33:45.922,InnoDB,LOCK_SYS_PAGE,1042,14,497
1787549625.921,2026-08-24 05:33:45.922,InnoDB,LOCK_SYS_PAGE,959,14,481
1787549625.921,2026-08-24 05:33:45.922,InnoDB,LOCK_SYS_PAGE,1061,14,531
1787549625.921,2026-08-24 05:33:45.922,InnoDB,LOCK_SYS_PAGE,1077,14,527
1787549625.921,2026-08-24 05:33:45.922,InnoDB,LOCK_SYS_PAGE,1046,14,520
1787549625.921,2026-08-24 05:33:45.922,InnoDB,LOCK_SYS_PAGE,1014,14,520
1787549625.921,2026-08-24 05:33:45.922,InnoDB,LOCK_SYS_PAGE,1104,14,532
1787549625.921,2026-08-24 05:33:45.922,InnoDB,LOCK_SYS_PAGE,1124,14,534
1787549625.921,2026-08-24 05:33:45.922,InnoDB,LOCK_SYS_PAGE,1022,14,474
1787549625.921,2026-08-24 05:33:45.922,InnoDB,LOCK_SYS_PAGE,1104,14,482
1787549625.921,2026-08-24 05:33:45.922,InnoDB,LOCK_SYS_PAGE,1106,14,555
1787549625.921,2026-08-24 05:33:45.922,InnoDB,LOCK_SYS_PAGE,1028,14,498
1787549625.921,2026-08-24 05:33:45.922,InnoDB,LOCK_SYS_PAGE,1033,14,528
1787549625.921,2026-08-24 05:33:45.922,InnoDB,LOCK_SYS_PAGE,1109,14,546
1787549625.921,2026-08-24 05:33:45.922,InnoDB,UNDO_SPACE_RSEG,3265,14,1411
1787549625.921,2026-08-24 05:33:45.922,InnoDB,LOCK_SYS_PAGE,1019,14,474
1787549625.921,2026-08-24 05:33:45.922,InnoDB,LOCK_SYS_PAGE,1068,14,532
1787549625.921,2026-08-24 05:33:45.922,InnoDB,LOCK_SYS_PAGE,1029,14,499
1787549625.921,2026-08-24 05:33:45.922,InnoDB,LOCK_SYS_PAGE,1019,14,497
1787549625.921,2026-08-24 05:33:45.922,InnoDB,LOCK_SYS_PAGE,1076,14,521
1787549625.921,2026-08-24 05:33:45.922,InnoDB,LOCK_SYS_PAGE,1068,14,560
1787549625.921,2026-08-24 05:33:45.922,InnoDB,LOCK_SYS_PAGE,963,14,488
1787549625.921,2026-08-24 05:33:45.922,InnoDB,LOCK_SYS_PAGE,1033,14,512
1787549625.921,2026-08-24 05:33:45.922,InnoDB,LOCK_SYS_PAGE,1032,14,509
1787549625.921,2026-08-24 05:33:45.922,InnoDB,LOCK_SYS_PAGE,1033,14,498
1787549625.921,2026-08-24 05:33:45.922,InnoDB,LOCK_SYS_PAGE,1024,14,515
1787549625.921,2026-08-24 05:33:45.922,InnoDB,LOCK_SYS_PAGE,1152,14,523
1787549625.921,2026-08-24 05:33:45.922,InnoDB,LOCK_SYS_PAGE,1046,14,485
1787549625.921,2026-08-24 05:33:45.922,InnoDB,LOCK_SYS_PAGE,1028,14,466
1787549625.921,2026-08-24 05:33:45.922,InnoDB,LOCK_SYS_PAGE,1005,14,456
1787549625.921,2026-08-24 05:33:45.922,InnoDB,LOCK_SYS_PAGE,1062,14,541
1787549625.921,2026-08-24 05:33:45.922,InnoDB,LOCK_SYS_PAGE,1034,14,510
1787549625.921,2026-08-24 05:33:45.922,InnoDB,LOCK_SYS_PAGE,1096,14,556
1787549625.921,2026-08-24 05:33:45.922,InnoDB,LOCK_SYS_PAGE,965,14,442
1787549625.921,2026-08-24 05:33:45.922,InnoDB,LOCK_SYS_PAGE,1050,14,525
1787549625.921,2026-08-24 05:33:45.922,InnoDB,LOCK_SYS_PAGE,1066,14,518
1787549625.921,2026-08-24 05:33:45.922,InnoDB,LOCK_SYS_PAGE,1043,14,509
1787549625.921,2026-08-24 05:33:45.922,InnoDB,LOCK_SYS_PAGE,1072,14,555
1787549625.921,2026-08-24 05:33:45.922,InnoDB,LOCK_SYS_PAGE,1013,13,500
1787549625.921,2026-08-24 05:33:45.922,InnoDB,LOCK_SYS_PAGE,1059,13,440
1787549625.921,2026-08-24 05:33:45.922,InnoDB,LOCK_SYS_PAGE,1031,13,522
1787549625.921,2026-08-24 05:33:45.922,InnoDB,LOCK_SYS_PAGE,1036,13,522
1787549625.921,2026-08-24 05:33:45.922,InnoDB,LOCK_SYS_PAGE,1052,13,528
1787549625.921,2026-08-24 05:33:45.922,InnoDB,LOCK_SYS_PAGE,1014,13,497
1787549625.921,2026-08-24 05:33:45.922,InnoDB,LOCK_SYS_PAGE,1073,13,528
1787549625.921,2026-08-24 05:33:45.922,InnoDB,LOCK_SYS_PAGE,986,13,496
1787549625.921,2026-08-24 05:33:45.922,InnoDB,LOCK_SYS_PAGE,1062,13,497
1787549625.921,2026-08-24 05:33:45.922,InnoDB,LOCK_SYS_PAGE,1001,13,488
1787549625.921,2026-08-24 05:33:45.922,InnoDB,LOCK_SYS_PAGE,987,13,508
1787549625.921,2026-08-24 05:33:45.922,InnoDB,LOCK_SYS_PAGE,1130,13,578
1787549625.921,2026-08-24 05:33:45.922,InnoDB,LOCK_SYS_PAGE,1134,13,525
1787549625.921,2026-08-24 05:33:45.922,InnoDB,LOCK_SYS_PAGE,1002,13,511
1787549625.921,2026-08-24 05:33:45.922,InnoDB,UNDO_SPACE_RSEG,3378,13,1470
1787549625.921,2026-08-24 05:33:45.922,InnoDB,LOCK_SYS_PAGE,980,13,507
1787549625.921,2026-08-24 05:33:45.922,InnoDB,LOCK_SYS_PAGE,955,13,480
1787549625.921,2026-08-24 05:33:45.922,InnoDB,LOCK_SYS_PAGE,1086,13,539
1787549625.921,2026-08-24 05:33:45.922,InnoDB,LOCK_SYS_PAGE,949,13,463
1787549625.921,2026-08-24 05:33:45.922,InnoDB,LOCK_SYS_PAGE,989,13,563
1787549625.921,2026-08-24 05:33:45.922,InnoDB,LOCK_SYS_PAGE,1069,13,520
1787549625.921,2026-08-24 05:33:45.922,InnoDB,LOCK_SYS_PAGE,924,13,477
1787549625.921,2026-08-24 05:33:45.922,InnoDB,LOCK_SYS_PAGE,1037,13,495
1787549625.921,2026-08-24 05:33:45.922,InnoDB,LOCK_SYS_PAGE,1105,13,504
1787549625.921,2026-08-24 05:33:45.922,InnoDB,LOCK_SYS_PAGE,970,13,526
1787549625.921,2026-08-24 05:33:45.922,InnoDB,LOCK_SYS_PAGE,999,13,515
1787549625.921,2026-08-24 05:33:45.922,InnoDB,LOCK_SYS_PAGE,1194,13,545
1787549625.921,2026-08-24 05:33:45.922,InnoDB,LOCK_SYS_PAGE,1064,13,539
1787549625.921,2026-08-24 05:33:45.922,InnoDB,LOCK_SYS_PAGE,1071,13,489
1787549625.921,2026-08-24 05:33:45.922,InnoDB,LOCK_SYS_PAGE,1016,13,529
1787549625.921,2026-08-24 05:33:45.922,InnoDB,LOCK_SYS_PAGE,958,13,527
1787549625.921,2026-08-24 05:33:45.922,InnoDB,LOCK_SYS_PAGE,1060,13,517
1787549625.921,2026-08-24 05:33:45.922,InnoDB,LOCK_SYS_PAGE,1047,13,508
1787549625.921,2026-08-24 05:33:45.922,InnoDB,LOCK_SYS_PAGE,941,13,446
1787549625.921,2026-08-24 05:33:45.922,InnoDB,LOCK_SYS_PAGE,1046,13,502
1787549625.921,2026-08-24 05:33:45.922,InnoDB,LOCK_SYS_PAGE,1022,13,506
1787549625.921,2026-08-24 05:33:45.922,InnoDB,LOCK_SYS_PAGE,1010,13,548
1787549625.921,2026-08-24 05:33:45.922,InnoDB,LOCK_SYS_PAGE,976,13,498
1787549625.921,2026-08-24 05:33:45.922,InnoDB,LOCK_SYS_PAGE,1140,13,540
1787549625.921,2026-08-24 05:33:45.922,InnoDB,LOCK_SYS_PAGE,981,13,489
1787549625.921,2026-08-24 05:33:45.922,InnoDB,LOCK_SYS_PAGE,1027,13,513
1787549625.921,2026-08-24 05:33:45.922,InnoDB,LOCK_SYS_PAGE,973,13,519
1787549625.921,2026-08-24 05:33:45.922,InnoDB,LOCK_SYS_PAGE,993,13,506
1787549625.921,2026-08-24 05:33:45.922,InnoDB,LOCK_SYS_PAGE,997,13,528
1787549625.921,2026-08-24 05:33:45.922,InnoDB,LOCK_SYS_PAGE,1145,13,538
1787549625.921,2026-08-24 05:33:45.922,InnoDB,LOCK_SYS_PAGE,976,13,488
1787549625.921,2026-08-24 05:33:45.922,InnoDB,LOCK_SYS_PAGE,1069,13,530
1787549625.921,2026-08-24 05:33:45.922,InnoDB,LOCK_SYS_PAGE,1181,13,575
1787549625.921,2026-08-24 05:33:45.922,InnoDB,LOCK_SYS_PAGE,1020,12,516
1787549625.921,2026-08-24 05:33:45.922,InnoDB,LOCK_SYS_PAGE,1082,12,506
1787549625.921,2026-08-24 05:33:45.922,InnoDB,LOCK_SYS_PAGE,1091,12,584
1787549625.921,2026-08-24 05:33:45.922,InnoDB,LOCK_SYS_PAGE,977,12,508
1787549625.921,2026-08-24 05:33:45.922,InnoDB,LOCK_SYS_PAGE,1010,12,511
1787549625.921,2026-08-24 05:33:45.922,InnoDB,LOCK_SYS_PAGE,1034,12,567
1787549625.921,2026-08-24 05:33:45.922,InnoDB,LOCK_SYS_PAGE,1013,12,552
1787549625.921,2026-08-24 05:33:45.922,InnoDB,LOCK_SYS_PAGE,1037,12,496
1787549625.921,2026-08-24 05:33:45.922,InnoDB,LOCK_SYS_PAGE,1002,12,498
1787549625.921,2026-08-24 05:33:45.922,InnoDB,LOCK_SYS_PAGE,1022,12,558
1787549625.921,2026-08-24 05:33:45.922,InnoDB,LOCK_SYS_PAGE,1033,12,516
1787549625.921,2026-08-24 05:33:45.922,InnoDB,LOCK_SYS_PAGE,1030,12,532
1787549625.921,2026-08-24 05:33:45.922,InnoDB,LOCK_SYS_PAGE,1119,12,522
1787549625.921,2026-08-24 05:33:45.922,InnoDB,LOCK_SYS_PAGE,1089,12,536
1787549625.921,2026-08-24 05:33:45.922,InnoDB,LOCK_SYS_PAGE,1064,12,517
1787549625.921,2026-08-24 05:33:45.922,InnoDB,LOCK_SYS_PAGE,1060,12,590
1787549625.921,2026-08-24 05:33:45.922,InnoDB,LOCK_SYS_PAGE,983,12,509
1787549625.921,2026-08-24 05:33:45.922,InnoDB,LOCK_SYS_PAGE,990,12,506
1787549625.921,2026-08-24 05:33:45.922,InnoDB,LOCK_SYS_PAGE,1137,12,552
1787549625.921,2026-08-24 05:33:45.922,InnoDB,LOCK_SYS_PAGE,1000,12,511
1787549625.921,2026-08-24 05:33:45.922,InnoDB,LOCK_SYS_PAGE,932,12,524
1787549625.921,2026-08-24 05:33:45.922,InnoDB,LOCK_SYS_PAGE,1038,12,536
1787549625.921,2026-08-24 05:33:45.922,InnoDB,LOCK_SYS_PAGE,1034,12,483
1787549625.921,2026-08-24 05:33:45.922,InnoDB,LOCK_SYS_PAGE,993,12,535
1787549625.921,2026-08-24 05:33:45.922,InnoDB,LOCK_SYS_PAGE,1061,12,501
1787549625.921,2026-08-24 05:33:45.922,InnoDB,LOCK_SYS_PAGE,931,12,479
1787549625.921,2026-08-24 05:33:45.922,InnoDB,LOCK_SYS_PAGE,953,12,518
1787549625.921,2026-08-24 05:33:45.922,InnoDB,LOCK_SYS_PAGE,928,12,461
1787549625.921,2026-08-24 05:33:45.922,InnoDB,LOCK_SYS_PAGE,1029,12,522
1787549625.921,2026-08-24 05:33:45.922,InnoDB,LOCK_SYS_PAGE,1055,12,515
1787549625.921,2026-08-24 05:33:45.922,InnoDB,LOCK_SYS_PAGE,1134,12,570
1787549625.921,2026-08-24 05:33:45.922,InnoDB,LOCK_SYS_PAGE,965,12,533
1787549625.921,2026-08-24 05:33:45.922,InnoDB,LOCK_SYS_PAGE,956,12,500
1787549625.921,2026-08-24 05:33:45.922,InnoDB,LOCK_SYS_PAGE,1013,12,497
1787549625.921,2026-08-24 05:33:45.922,InnoDB,LOCK_SYS_PAGE,908,12,443
1787549625.921,2026-08-24 05:33:45.922,InnoDB,LOCK_SYS_PAGE,930,12,479
1787549625.921,2026-08-24 05:33:45.922,InnoDB,LOCK_SYS_PAGE,1050,12,562
1787549625.921,2026-08-24 05:33:45.922,InnoDB,LOCK_SYS_PAGE,1014,11,496
1787549625.921,2026-08-24 05:33:45.922,InnoDB,LOCK_SYS_PAGE,1032,11,540
1787549625.921,2026-08-24 05:33:45.922,InnoDB,LOCK_SYS_PAGE,978,11,538
1787549625.921,2026-08-24 05:33:45.922,InnoDB,LOCK_SYS_PAGE,955,11,508
1787549625.921,2026-08-24 05:33:45.922,InnoDB,LOCK_SYS_PAGE,1052,11,602
1787549625.921,2026-08-24 05:33:45.922,InnoDB,LOCK_SYS_PAGE,946,11,526
1787549625.921,2026-08-24 05:33:45.922,InnoDB,LOCK_SYS_PAGE,939,11,521
1787549625.921,2026-08-24 05:33:45.922,InnoDB,LOCK_SYS_PAGE,873,11,485
1787549625.921,2026-08-24 05:33:45.922,InnoDB,LOCK_SYS_PAGE,917,11,463
1787549625.921,2026-08-24 05:33:45.922,InnoDB,LOCK_SYS_PAGE,1042,11,564
1787549625.921,2026-08-24 05:33:45.922,InnoDB,LOCK_SYS_PAGE,976,11,498
1787549625.921,2026-08-24 05:33:45.922,InnoDB,LOCK_SYS_PAGE,894,11,504
1787549625.921,2026-08-24 05:33:45.922,InnoDB,LOCK_SYS_PAGE,951,11,516
1787549625.921,2026-08-24 05:33:45.922,InnoDB,LOCK_SYS_PAGE,932,11,505
1787549625.921,2026-08-24 05:33:45.922,InnoDB,LOCK_SYS_PAGE,871,11,479
1787549625.921,2026-08-24 05:33:45.922,InnoDB,LOCK_SYS_PAGE,947,11,513
1787549625.921,2026-08-24 05:33:45.922,InnoDB,LOCK_SYS_PAGE,1010,11,517
1787549625.921,2026-08-24 05:33:45.922,InnoDB,LOCK_SYS_PAGE,986,11,534
1787549625.921,2026-08-24 05:33:45.922,InnoDB,LOCK_SYS_PAGE,925,11,511
1787549625.921,2026-08-24 05:33:45.922,InnoDB,LOCK_SYS_PAGE,958,11,486
1787549625.921,2026-08-24 05:33:45.922,InnoDB,LOCK_SYS_PAGE,843,11,481
1787549625.921,2026-08-24 05:33:45.922,InnoDB,LOCK_SYS_PAGE,925,11,466
1787549625.921,2026-08-24 05:33:45.922,InnoDB,LOCK_SYS_PAGE,978,11,495
1787549625.921,2026-08-24 05:33:45.922,InnoDB,LOCK_SYS_PAGE,1029,11,532
1787549625.921,2026-08-24 05:33:45.922,InnoDB,LOCK_SYS_PAGE,1082,11,594
1787549625.921,2026-08-24 05:33:45.922,InnoDB,LOCK_SYS_PAGE,1034,11,535
1787549625.921,2026-08-24 05:33:45.922,InnoDB,LOCK_SYS_PAGE,961,11,515
1787549625.921,2026-08-24 05:33:45.922,InnoDB,LOCK_SYS_PAGE,982,11,493
1787549625.921,2026-08-24 05:33:45.922,InnoDB,LOCK_SYS_PAGE,920,11,471
1787549625.921,2026-08-24 05:33:45.922,InnoDB,LOCK_SYS_PAGE,942,11,531
1787549625.921,2026-08-24 05:33:45.922,InnoDB,LOCK_SYS_PAGE,948,11,500
1787549625.921,2026-08-24 05:33:45.922,InnoDB,LOCK_SYS_PAGE,965,11,470
1787549625.921,2026-08-24 05:33:45.922,InnoDB,LOCK_SYS_PAGE,940,11,523
1787549625.921,2026-08-24 05:33:45.922,InnoDB,LOCK_SYS_PAGE,986,11,535
1787549625.921,2026-08-24 05:33:45.922,InnoDB,LOCK_SYS_PAGE,932,10,525
1787549625.921,2026-08-24 05:33:45.922,InnoDB,LOCK_SYS_PAGE,1034,10,511
1787549625.921,2026-08-24 05:33:45.922,InnoDB,LOCK_SYS_PAGE,966,10,485
1787549625.921,2026-08-24 05:33:45.922,InnoDB,LOCK_SYS_PAGE,920,10,544
1787549625.921,2026-08-24 05:33:45.922,InnoDB,LOCK_SYS_PAGE,895,10,466
1787549625.921,2026-08-24 05:33:45.922,InnoDB,LOCK_SYS_PAGE,873,10,494
1787549625.921,2026-08-24 05:33:45.922,InnoDB,LOCK_SYS_PAGE,841,10,447
1787549625.921,2026-08-24 05:33:45.922,InnoDB,LOCK_SYS_PAGE,954,10,501
1787549625.921,2026-08-24 05:33:45.922,InnoDB,LOCK_SYS_PAGE,933,10,501
1787549625.921,2026-08-24 05:33:45.922,InnoDB,LOCK_SYS_PAGE,900,10,484
1787549625.921,2026-08-24 05:33:45.922,InnoDB,LOCK_SYS_PAGE,913,10,531
1787549625.921,2026-08-24 05:33:45.922,InnoDB,LOCK_SYS_PAGE,970,10,518
1787549625.921,2026-08-24 05:33:45.922,InnoDB,LOCK_SYS_PAGE,894,10,519
1787549625.921,2026-08-24 05:33:45.922,InnoDB,LOCK_SYS_PAGE,937,10,486
1787549625.921,2026-08-24 05:33:45.922,InnoDB,LOCK_SYS_PAGE,960,10,508
1787549625.921,2026-08-24 05:33:45.922,InnoDB,LOCK_SYS_PAGE,918,10,497
1787549625.921,2026-08-24 05:33:45.922,InnoDB,LOCK_SYS_PAGE,920,10,533
1787549625.921,2026-08-24 05:33:45.922,InnoDB,LOCK_SYS_PAGE,884,10,489
1787549625.921,2026-08-24 05:33:45.922,InnoDB,LOCK_SYS_PAGE,925,10,509
1787549625.921,2026-08-24 05:33:45.922,InnoDB,LOCK_SYS_PAGE,996,10,500
1787549625.921,2026-08-24 05:33:45.922,InnoDB,LOCK_SYS_PAGE,991,10,558
1787549625.921,2026-08-24 05:33:45.922,InnoDB,LOCK_SYS_PAGE,934,10,468
1787549625.921,2026-08-24 05:33:45.922,InnoDB,LOCK_SYS_PAGE,891,10,482
1787549625.921,2026-08-24 05:33:45.922,InnoDB,LOCK_SYS_PAGE,939,10,492
1787549625.921,2026-08-24 05:33:45.922,InnoDB,LOCK_SYS_PAGE,873,10,495
1787549625.921,2026-08-24 05:33:45.922,InnoDB,LOCK_SYS_PAGE,902,10,509
1787549625.921,2026-08-24 05:33:45.922,InnoDB,LOCK_SYS_PAGE,893,10,472
1787549625.921,2026-08-24 05:33:45.922,InnoDB,LOCK_SYS_PAGE,920,10,481
1787549625.921,2026-08-24 05:33:45.922,InnoDB,LOCK_SYS_PAGE,904,10,494
1787549625.921,2026-08-24 05:33:45.922,InnoDB,LOCK_SYS_PAGE,929,10,580
1787549625.921,2026-08-24 05:33:45.922,InnoDB,LOCK_SYS_PAGE,946,10,525
1787549625.921,2026-08-24 05:33:45.922,InnoDB,LOCK_SYS_PAGE,946,10,503
1787549625.921,2026-08-24 05:33:45.922,InnoDB,LOCK_SYS_PAGE,895,10,470
1787549625.921,2026-08-24 05:33:45.922,InnoDB,LOCK_SYS_PAGE,973,10,473
1787549625.921,2026-08-24 05:33:45.922,InnoDB,LOCK_SYS_PAGE,942,10,529
1787549625.921,2026-08-24 05:33:45.922,InnoDB,LOCK_SYS_PAGE,894,10,537
1787549625.921,2026-08-24 05:33:45.922,InnoDB,LOCK_SYS_PAGE,1064,10,546
1787549625.921,2026-08-24 05:33:45.922,InnoDB,LOCK_SYS_PAGE,912,10,523
1787549625.921,2026-08-24 05:33:45.922,InnoDB,LOCK_SYS_PAGE,979,10,513
1787549625.921,2026-08-24 05:33:45.922,InnoDB,LOCK_SYS_PAGE,983,10,593
1787549625.921,2026-08-24 05:33:45.922,InnoDB,LOCK_SYS_PAGE,997,10,553
1787549625.921,2026-08-24 05:33:45.922,InnoDB,LOCK_SYS_PAGE,954,10,540
1787549625.921,2026-08-24 05:33:45.922,InnoDB,LOCK_SYS_PAGE,907,10,502
1787549625.921,2026-08-24 05:33:45.922,InnoDB,LOCK_SYS_PAGE,925,10,542
1787549625.921,2026-08-24 05:33:45.922,InnoDB,LOCK_SYS_PAGE,891,10,464
1787549625.921,2026-08-24 05:33:45.922,InnoDB,LOCK_SYS_PAGE,841,10,467
1787549625.921,2026-08-24 05:33:45.922,InnoDB,LOCK_SYS_PAGE,928,10,506
1787549625.921,2026-08-24 05:33:45.922,InnoDB,LOCK_SYS_PAGE,937,9,489
1787549625.921,2026-08-24 05:33:45.922,InnoDB,LOCK_SYS_PAGE,908,9,471
1787549625.921,2026-08-24 05:33:45.922,InnoDB,LOCK_SYS_PAGE,1071,9,554
1787549625.921,2026-08-24 05:33:45.922,InnoDB,LOCK_SYS_PAGE,890,9,516
1787549625.921,2026-08-24 05:33:45.922,InnoDB,LOCK_SYS_PAGE,998,9,523
1787549625.921,2026-08-24 05:33:45.922,InnoDB,LOCK_SYS_PAGE,850,9,498
1787549625.921,2026-08-24 05:33:45.922,InnoDB,LOCK_SYS_PAGE,879,9,506
1787549625.921,2026-08-24 05:33:45.922,InnoDB,LOCK_SYS_PAGE,910,9,548
1787549625.921,2026-08-24 05:33:45.922,InnoDB,LOCK_SYS_PAGE,825,9,490
1787549625.921,2026-08-24 05:33:45.922,InnoDB,LOCK_SYS_PAGE,921,9,530
1787549625.921,2026-08-24 05:33:45.922,InnoDB,LOCK_SYS_PAGE,839,9,515
1787549625.921,2026-08-24 05:33:45.922,InnoDB,LOCK_SYS_PAGE,1037,9,561
1787549625.921,2026-08-24 05:33:45.922,InnoDB,LOCK_SYS_PAGE,927,9,569
1787549625.921,2026-08-24 05:33:45.922,InnoDB,LOCK_SYS_PAGE,830,9,474
1787549625.921,2026-08-24 05:33:45.922,InnoDB,LOCK_SYS_PAGE,855,9,514
1787549625.921,2026-08-24 05:33:45.922,InnoDB,LOCK_SYS_PAGE,908,9,467
1787549625.921,2026-08-24 05:33:45.922,InnoDB,LOCK_SYS_PAGE,1031,9,565
1787549625.921,2026-08-24 05:33:45.922,InnoDB,LOCK_SYS_PAGE,903,9,516
1787549625.921,2026-08-24 05:33:45.922,InnoDB,LOCK_SYS_PAGE,795,9,470
1787549625.921,2026-08-24 05:33:45.922,InnoDB,LOCK_SYS_PAGE,910,9,485
1787549625.921,2026-08-24 05:33:45.922,InnoDB,LOCK_SYS_PAGE,892,9,489
1787549625.921,2026-08-24 05:33:45.922,InnoDB,LOCK_SYS_PAGE,962,9,554
1787549625.921,2026-08-24 05:33:45.922,InnoDB,LOCK_SYS_PAGE,920,9,480
1787549625.921,2026-08-24 05:33:45.922,InnoDB,LOCK_SYS_PAGE,910,9,517
1787549625.921,2026-08-24 05:33:45.922,InnoDB,LOCK_SYS_PAGE,864,9,475
1787549625.921,2026-08-24 05:33:45.922,InnoDB,LOCK_SYS_PAGE,886,9,484
1787549625.921,2026-08-24 05:33:45.922,InnoDB,LOCK_SYS_PAGE,849,9,491
1787549625.921,2026-08-24 05:33:45.922,InnoDB,LOCK_SYS_PAGE,871,9,521
1787549625.921,2026-08-24 05:33:45.922,InnoDB,LOCK_SYS_PAGE,874,9,518
1787549625.921,2026-08-24 05:33:45.922,InnoDB,LOCK_SYS_PAGE,835,8,506
1787549625.921,2026-08-24 05:33:45.922,InnoDB,LOCK_SYS_PAGE,872,8,563
1787549625.921,2026-08-24 05:33:45.922,InnoDB,LOCK_SYS_PAGE,826,8,509
1787549625.921,2026-08-24 05:33:45.922,InnoDB,LOCK_SYS_PAGE,850,8,502
1787549625.921,2026-08-24 05:33:45.922,InnoDB,LOCK_SYS_PAGE,851,8,480
1787549625.921,2026-08-24 05:33:45.922,InnoDB,LOCK_SYS_PAGE,881,8,500
1787549625.921,2026-08-24 05:33:45.922,InnoDB,LOCK_SYS_PAGE,958,8,491
1787549625.921,2026-08-24 05:33:45.922,InnoDB,LOCK_SYS_PAGE,876,8,554
1787549625.921,2026-08-24 05:33:45.922,InnoDB,LOCK_SYS_PAGE,931,8,515
1787549625.921,2026-08-24 05:33:45.922,InnoDB,LOCK_SYS_PAGE,925,8,552
1787549625.921,2026-08-24 05:33:45.922,InnoDB,LOCK_SYS_PAGE,876,8,498
1787549625.921,2026-08-24 05:33:45.922,InnoDB,RECALC_POOL,292,8,19
1787549625.921,2026-08-24 05:33:45.922,InnoDB,LOCK_SYS_PAGE,903,8,571
1787549625.921,2026-08-24 05:33:45.922,InnoDB,LOCK_SYS_PAGE,846,8,528
1787549625.921,2026-08-24 05:33:45.922,InnoDB,LOCK_SYS_PAGE,941,8,546
1787549625.921,2026-08-24 05:33:45.922,InnoDB,LOCK_SYS_PAGE,890,8,500
1787549625.921,2026-08-24 05:33:45.922,InnoDB,LOCK_SYS_PAGE,813,8,513
1787549625.921,2026-08-24 05:33:45.922,InnoDB,LOCK_SYS_PAGE,901,8,503
1787549625.921,2026-08-24 05:33:45.922,InnoDB,LOCK_SYS_PAGE,797,8,504
1787549625.921,2026-08-24 05:33:45.922,InnoDB,LOCK_SYS_PAGE,785,8,490
1787549625.921,2026-08-24 05:33:45.922,InnoDB,LOCK_SYS_PAGE,876,8,511
1787549625.921,2026-08-24 05:33:45.922,InnoDB,LOCK_SYS_PAGE,907,8,512
1787549625.921,2026-08-24 05:33:45.922,InnoDB,LOCK_SYS_PAGE,970,8,526
1787549625.921,2026-08-24 05:33:45.922,InnoDB,LOCK_SYS_PAGE,897,8,504
1787549625.921,2026-08-24 05:33:45.922,InnoDB,LOCK_SYS_PAGE,832,8,477
1787549625.921,2026-08-24 05:33:45.922,InnoDB,LOCK_SYS_PAGE,805,7,525
1787549625.921,2026-08-24 05:33:45.922,InnoDB,LOCK_SYS_PAGE,875,7,535
1787549625.921,2026-08-24 05:33:45.922,InnoDB,LOCK_SYS_PAGE,886,7,556
1787549625.921,2026-08-24 05:33:45.922,InnoDB,LOCK_SYS_PAGE,843,7,516
1787549625.921,2026-08-24 05:33:45.922,InnoDB,LOCK_SYS_PAGE,862,7,546
1787549625.921,2026-08-24 05:33:45.922,InnoDB,LOCK_SYS_PAGE,816,7,511
1787549625.921,2026-08-24 05:33:45.922,InnoDB,LOCK_SYS_PAGE,835,7,473
1787549625.921,2026-08-24 05:33:45.922,InnoDB,LOCK_SYS_PAGE,846,7,505
1787549625.921,2026-08-24 05:33:45.922,InnoDB,LOCK_SYS_PAGE,815,7,484
1787549625.921,2026-08-24 05:33:45.922,InnoDB,LOCK_SYS_PAGE,958,7,551
1787549625.921,2026-08-24 05:33:45.922,InnoDB,LOCK_SYS_PAGE,825,7,558
1787549625.921,2026-08-24 05:33:45.922,InnoDB,LOCK_SYS_PAGE,721,7,462
1787549625.921,2026-08-24 05:33:45.922,InnoDB,LOCK_SYS_PAGE,828,7,536
1787549625.921,2026-08-24 05:33:45.922,InnoDB,LOCK_SYS_PAGE,860,7,522
1787549625.921,2026-08-24 05:33:45.922,InnoDB,PARSER,238,7,5
1787549625.921,2026-08-24 05:33:45.922,InnoDB,LOCK_SYS_PAGE,730,7,470
1787549625.921,2026-08-24 05:33:45.922,InnoDB,LOCK_SYS_PAGE,893,7,512
1787549625.921,2026-08-24 05:33:45.922,InnoDB,LOCK_SYS_PAGE,834,7,479
1787549625.921,2026-08-24 05:33:45.922,InnoDB,LOCK_SYS_PAGE,860,7,521
1787549625.921,2026-08-24 05:33:45.922,InnoDB,LOCK_SYS_PAGE,804,7,479
1787549625.921,2026-08-24 05:33:45.922,InnoDB,LOCK_SYS_PAGE,819,7,517
1787549625.921,2026-08-24 05:33:45.922,InnoDB,LOCK_SYS_PAGE,822,7,515
1787549625.921,2026-08-24 05:33:45.922,InnoDB,LOCK_SYS_PAGE,905,7,478
1787549625.921,2026-08-24 05:33:45.922,InnoDB,LOCK_SYS_PAGE,922,7,554
1787549625.921,2026-08-24 05:33:45.922,InnoDB,LOCK_SYS_PAGE,770,7,532
1787549625.921,2026-08-24 05:33:45.922,InnoDB,LOCK_SYS_PAGE,808,7,492
1787549625.921,2026-08-24 05:33:45.922,InnoDB,LOCK_SYS_PAGE,782,6,546
1787549625.921,2026-08-24 05:33:45.922,InnoDB,LOCK_SYS_PAGE,757,6,543
1787549625.921,2026-08-24 05:33:45.922,InnoDB,LOCK_SYS_PAGE,906,6,499
1787549625.921,2026-08-24 05:33:45.922,InnoDB,LOCK_SYS_PAGE,879,6,550
1787549625.921,2026-08-24 05:33:45.922,InnoDB,LOCK_SYS_PAGE,782,6,490
1787549625.921,2026-08-24 05:33:45.922,InnoDB,LOCK_SYS_PAGE,806,6,512
1787549625.921,2026-08-24 05:33:45.922,InnoDB,LOCK_SYS_PAGE,833,6,522
1787549625.921,2026-08-24 05:33:45.922,InnoDB,LOCK_SYS_PAGE,840,6,501
1787549625.921,2026-08-24 05:33:45.922,InnoDB,LOCK_SYS_PAGE,703,6,455
1787549625.921,2026-08-24 05:33:45.922,InnoDB,LOCK_SYS_PAGE,973,6,548
1787549625.921,2026-08-24 05:33:45.922,InnoDB,LOCK_SYS_PAGE,783,6,489
1787549625.921,2026-08-24 05:33:45.922,InnoDB,LOCK_SYS_PAGE,808,6,517
1787549625.921,2026-08-24 05:33:45.922,InnoDB,LOCK_SYS_PAGE,730,6,504
1787549625.921,2026-08-24 05:33:45.922,InnoDB,LOCK_SYS_PAGE,800,6,500
1787549625.921,2026-08-24 05:33:45.922,InnoDB,LOCK_SYS_PAGE,809,6,484
1787549625.921,2026-08-24 05:33:45.922,InnoDB,LOCK_SYS_PAGE,672,6,468
1787549625.921,2026-08-24 05:33:45.922,InnoDB,LOCK_SYS_PAGE,729,5,456
1787549625.921,2026-08-24 05:33:45.922,InnoDB,LOCK_SYS_PAGE,747,5,489
1787549625.921,2026-08-24 05:33:45.922,InnoDB,DICT_TABLE_STATS_COMPUTE,174,5,4
1787549625.921,2026-08-24 05:33:45.922,InnoDB,LOCK_SYS_PAGE,814,5,562
1787549625.921,2026-08-24 05:33:45.922,InnoDB,LOCK_SYS_PAGE,656,5,461
1787549625.921,2026-08-24 05:33:45.922,InnoDB,LOCK_SYS_PAGE,785,5,529
1787549625.921,2026-08-24 05:33:45.922,InnoDB,LOCK_SYS_PAGE,733,4,483
1787549625.921,2026-08-24 05:33:45.922,InnoDB,LOCK_SYS_PAGE,694,4,489
1787549625.921,2026-08-24 05:33:45.922,InnoDB,LOCK_SYS_PAGE,661,4,457
1787549625.921,2026-08-24 05:33:45.922,InnoDB,LOCK_SYS_PAGE,728,4,494
1787549625.921,2026-08-24 05:33:45.922,InnoDB,LOCK_SYS_PAGE,726,4,497
1787549625.921,2026-08-24 05:33:45.922,InnoDB,DICT_TABLE_STATS_COMPUTE,90,3,2
1787549625.921,2026-08-24 05:33:45.922,InnoDB,LOCK_SYS_PAGE,769,3,518
1787549625.921,2026-08-24 05:33:45.922,InnoDB,FIL_SHARD,99,2,44
1787549625.921,2026-08-24 05:33:45.922,InnoDB,FIL_SHARD,144,2,91
1787549625.921,2026-08-24 05:33:45.922,InnoDB,LOCK_SYS_PAGE,620,2,465
1787549625.921,2026-08-24 05:33:45.922,InnoDB,FIL_SHARD,96,2,25
1787549625.921,2026-08-24 05:33:45.922,InnoDB,FIL_SHARD,78,2,28
1787549625.921,2026-08-24 05:33:45.922,InnoDB,FIL_SHARD,63,1,35
1787549625.921,2026-08-24 05:33:45.922,InnoDB,TRX_SYS_SHARD,34,1,1
1787549625.921,2026-08-24 05:33:45.922,InnoDB,TRX_SYS_SHARD,32,1,3
1787549625.921,2026-08-24 05:33:45.922,InnoDB,FIL_SHARD,73,1,43
1787549625.921,2026-08-24 05:33:45.922,InnoDB,FIL_SHARD,38,1,11
1787549625.921,2026-08-24 05:33:45.922,InnoDB,TRX_SYS_SHARD,35,1,2
1787549625.921,2026-08-24 05:33:45.922,InnoDB,TRX_SYS_SHARD,31,1,2
1787549625.921,2026-08-24 05:33:45.922,InnoDB,LOG_LIMITS,239,1,141
1787549625.921,2026-08-24 05:33:45.922,InnoDB,FIL_SHARD,80,1,72
1787549625.921,2026-08-24 05:33:45.922,InnoDB,TRX_SYS_SHARD,30,1,1
1787549625.921,2026-08-24 05:33:45.922,InnoDB,FIL_SHARD,47,1,24
1787549625.921,2026-08-24 05:33:45.922,InnoDB,TRX_SYS_SHARD,4,0,3
1787549625.921,2026-08-24 05:33:45.922,InnoDB,TRX_SYS_SHARD,1,0,1
1787549625.921,2026-08-24 05:33:45.922,InnoDB,TRX_SYS_SHARD,1,0,1
1787549625.921,2026-08-24 05:33:45.922,InnoDB,TRX_SYS_SHARD,1,0,1
1787549625.921,2026-08-24 05:33:45.922,InnoDB,TRX_SYS_SHARD,2,0,1
1787549625.921,2026-08-24 05:33:45.922,InnoDB,TRX_SYS_SHARD,1,0,1
1787549625.921,2026-08-24 05:33:45.922,InnoDB,TRX_SYS_SHARD,1,0,1
1787549625.921,2026-08-24 05:33:45.922,InnoDB,TRX_SYS_SHARD,1,0,1
1787549625.921,2026-08-24 05:33:45.922,InnoDB,TRX_SYS_SHARD,1,0,1
1787549625.921,2026-08-24 05:33:45.922,InnoDB,TRX_SYS_SHARD,1,0,1
1787549625.921,2026-08-24 05:33:45.922,InnoDB,TRX_SYS_SHARD,1,0,1
1787549625.921,2026-08-24 05:33:45.922,InnoDB,TRX_SYS_SHARD,1,0,1
1787549625.921,2026-08-24 05:33:45.922,InnoDB,TRX_SYS_SHARD,1,0,1
1787549625.921,2026-08-24 05:33:45.922,InnoDB,TRX_SYS_SHARD,1,0,1
1787549625.921,2026-08-24 05:33:45.922,InnoDB,TRX_SYS_SHARD,1,0,1
1787549625.921,2026-08-24 05:33:45.922,InnoDB,TRX_SYS_SHARD,1,0,1
1787549625.921,2026-08-24 05:33:45.922,InnoDB,TRX_SYS_SHARD,1,0,1
1787549625.921,2026-08-24 05:33:45.922,InnoDB,TRX_SYS_SHARD,2,0,1
1787549625.921,2026-08-24 05:33:45.922,InnoDB,TRX_SYS_SHARD,2,0,1
1787549625.921,2026-08-24 05:33:45.922,InnoDB,TRX_SYS_SHARD,1,0,1
1787549625.921,2026-08-24 05:33:45.922,InnoDB,TRX_SYS_SHARD,1,0,1
1787549625.921,2026-08-24 05:33:45.922,InnoDB,TRX_SYS_SHARD,2,0,2
1787549625.921,2026-08-24 05:33:45.922,InnoDB,TRX_SYS_SHARD,1,0,1
1787549625.921,2026-08-24 05:33:45.922,InnoDB,TRX_SYS_SHARD,1,0,1
1787549625.921,2026-08-24 05:33:45.922,InnoDB,TRX_SYS_SHARD,2,0,2
1787549625.921,2026-08-24 05:33:45.922,InnoDB,TRX_SYS_SHARD,2,0,1
1787549625.921,2026-08-24 05:33:45.922,InnoDB,TRX_SYS_SHARD,1,0,1
1787549625.921,2026-08-24 05:33:45.922,InnoDB,TRX_SYS_SHARD,1,0,1
1787549625.921,2026-08-24 05:33:45.922,InnoDB,TRX_SYS_SHARD,2,0,1
1787549625.921,2026-08-24 05:33:45.922,InnoDB,TRX_SYS_SHARD,2,0,1
1787549625.921,2026-08-24 05:33:45.922,InnoDB,TRX_SYS_SHARD,1,0,1
1787549625.921,2026-08-24 05:33:45.922,InnoDB,TRX_SYS_SHARD,1,0,1
1787549625.921,2026-08-24 05:33:45.922,InnoDB,TRX_SYS_SHARD,1,0,1
1787549625.921,2026-08-24 05:33:45.922,InnoDB,TRX_SYS_SHARD,1,0,1
1787549625.921,2026-08-24 05:33:45.922,InnoDB,TRX_SYS_SHARD,4,0,2
1787549625.921,2026-08-24 05:33:45.922,InnoDB,TRX_SYS_SHARD,1,0,1
1787549625.921,2026-08-24 05:33:45.922,InnoDB,TRX_SYS_SHARD,1,0,1
1787549625.921,2026-08-24 05:33:45.922,InnoDB,TRX_SYS_SHARD,2,0,1
1787549625.921,2026-08-24 05:33:45.922,InnoDB,TRX_SYS_SHARD,1,0,1
1787549625.921,2026-08-24 05:33:45.922,InnoDB,FIL_SHARD,135,0,167
1787549625.921,2026-08-24 05:33:45.922,InnoDB,TRX_SYS_SHARD,2,0,2
1787549625.921,2026-08-24 05:33:45.922,InnoDB,TRX_SYS_SHARD,2,0,1
1787549625.921,2026-08-24 05:33:45.922,InnoDB,TRX_SYS_SHARD,2,0,1
1787549625.921,2026-08-24 05:33:45.922,InnoDB,TRX_SYS_SHARD,1,0,1
1787549625.921,2026-08-24 05:33:45.922,InnoDB,FIL_SHARD,25,0,8
1787549625.921,2026-08-24 05:33:45.922,InnoDB,TRX_SYS_SHARD,2,0,1
1787549625.921,2026-08-24 05:33:45.922,InnoDB,TRX_SYS_SHARD,1,0,1
1787549625.921,2026-08-24 05:33:45.922,InnoDB,CLONE_SYS,1,0,1
1787549625.921,2026-08-24 05:33:45.922,InnoDB,TRX_SYS_SHARD,1,0,1
1787549625.921,2026-08-24 05:33:45.922,InnoDB,TRX_SYS_SHARD,1,0,1
1787549625.921,2026-08-24 05:33:45.922,InnoDB,TRX_SYS_SHARD,2,0,2
1787549625.921,2026-08-24 05:33:45.922,InnoDB,TRX_SYS_SHARD,1,0,1
1787549625.921,2026-08-24 05:33:45.922,InnoDB,TRX_SYS_SHARD,2,0,2
1787549625.921,2026-08-24 05:33:45.922,InnoDB,TRX_SYS_SHARD,1,0,1
1787549625.921,2026-08-24 05:33:45.922,InnoDB,TRX_SYS_SHARD,2,0,1
1787549625.921,2026-08-24 05:33:45.922,InnoDB,TRX_SYS_SHARD,1,0,1
1787549625.921,2026-08-24 05:33:45.922,InnoDB,FIL_SHARD,3,0,12
1787549625.921,2026-08-24 05:33:45.922,InnoDB,FIL_SHARD,5,0,15
1787549625.921,2026-08-24 05:33:45.922,InnoDB,FIL_SHARD,9,0,21
1787549625.921,2026-08-24 05:33:45.922,InnoDB,FIL_SHARD,8,0,22
1787549625.921,2026-08-24 05:33:45.922,InnoDB,FIL_SHARD,52,0,36
1787549625.921,2026-08-24 05:33:45.922,InnoDB,FIL_SHARD,7,0,13
1787549625.921,2026-08-24 05:33:45.922,InnoDB,FIL_SHARD,7,0,14
1787549625.921,2026-08-24 05:33:45.922,InnoDB,FIL_SHARD,17,0,30
1787549625.921,2026-08-24 05:33:45.922,InnoDB,FIL_SHARD,8,0,15
1787549625.921,2026-08-24 05:33:45.922,InnoDB,FIL_SHARD,6,0,11
1787549625.921,2026-08-24 05:33:45.922,InnoDB,FIL_SHARD,39,0,49
1787549625.921,2026-08-24 05:33:45.922,InnoDB,FIL_SHARD,4,0,7
1787549625.921,2026-08-24 05:33:45.922,InnoDB,FIL_SHARD,21,0,29
1787549625.921,2026-08-24 05:33:45.922,InnoDB,FIL_SHARD,22,0,30
1787549625.921,2026-08-24 05:33:45.922,InnoDB,FIL_SHARD,33,0,56
1787549625.921,2026-08-24 05:33:45.922,InnoDB,FIL_SHARD,40,0,53
1787549625.921,2026-08-24 05:33:45.922,InnoDB,FIL_SHARD,31,0,50
1787549625.921,2026-08-24 05:33:45.922,InnoDB,FIL_SHARD,30,0,47
1787549625.921,2026-08-24 05:33:45.922,InnoDB,FIL_SHARD,17,0,29
1787549625.921,2026-08-24 05:33:45.922,InnoDB,FIL_SHARD,42,0,32
1787549625.921,2026-08-24 05:33:45.922,InnoDB,FIL_SHARD,5,0,9
1787549625.921,2026-08-24 05:33:45.922,InnoDB,FIL_SHARD,15,0,18
1787549625.921,2026-08-24 05:33:45.922,InnoDB,FIL_SHARD,8,0,23
1787549625.921,2026-08-24 05:33:45.922,InnoDB,FIL_SHARD,9,0,23
1787549625.921,2026-08-24 05:33:45.922,InnoDB,FIL_SHARD,8,0,12
1787549625.921,2026-08-24 05:33:45.922,InnoDB,FIL_SHARD,4,0,17
1787549625.921,2026-08-24 05:33:45.922,InnoDB,FIL_SHARD,31,0,24
1787549625.921,2026-08-24 05:33:45.922,InnoDB,FIL_SHARD,8,0,18
1787549625.921,2026-08-24 05:33:45.922,InnoDB,FIL_SHARD,9,0,18
1787549625.921,2026-08-24 05:33:45.922,InnoDB,FIL_SHARD,10,0,14
1787549625.921,2026-08-24 05:33:45.922,InnoDB,FIL_SHARD,19,0,27
1787549625.921,2026-08-24 05:33:45.922,InnoDB,FIL_SHARD,6,0,13
1787549625.921,2026-08-24 05:33:45.922,InnoDB,AUTOINC,1,0,1
1787549625.921,2026-08-24 05:33:45.922,InnoDB,TRX_SYS_SHARD,1,0,1
1787549625.921,2026-08-24 05:33:45.922,InnoDB,TRX_SYS_SHARD,2,0,2
1787549625.921,2026-08-24 05:33:45.922,InnoDB,TRX_SYS_SHARD,1,0,1
1787549625.921,2026-08-24 05:33:45.922,InnoDB,TRX_SYS_SHARD,1,0,1
1787549625.921,2026-08-24 05:33:45.922,InnoDB,TRX_SYS_SHARD,1,0,1
1787549625.921,2026-08-24 05:33:45.922,InnoDB,TRX_SYS_SHARD,5,0,3
1787549625.921,2026-08-24 05:33:45.922,InnoDB,TRX_SYS_SHARD,8,0,1
1787549625.921,2026-08-24 05:33:45.922,InnoDB,TRX_SYS_SHARD,1,0,1
1787549625.921,2026-08-24 05:33:45.922,InnoDB,TRX_SYS_SHARD,2,0,2
1787549625.921,2026-08-24 05:33:45.922,InnoDB,TRX_SYS_SHARD,6,0,1
1787549625.921,2026-08-24 05:33:45.922,InnoDB,TRX_SYS_SHARD,1,0,1
1787549625.921,2026-08-24 05:33:45.922,InnoDB,TRX_SYS_SHARD,1,0,1
1787549625.921,2026-08-24 05:33:45.922,InnoDB,TRX_SYS_SHARD,2,0,1
1787549625.921,2026-08-24 05:33:45.922,InnoDB,TRX_SYS_SHARD,1,0,1
1787549625.921,2026-08-24 05:33:45.922,InnoDB,TRX_SYS_SHARD,2,0,2
1787549625.921,2026-08-24 05:33:45.922,InnoDB,TRX_SYS_SHARD,3,0,2
1787549625.921,2026-08-24 05:33:45.922,InnoDB,TRX_SYS_SHARD,1,0,1
1787549625.921,2026-08-24 05:33:45.922,InnoDB,TRX_SYS_SHARD,1,0,1
1787549625.921,2026-08-24 05:33:45.922,InnoDB,TRX_SYS_SHARD,1,0,1
1787549625.921,2026-08-24 05:33:45.922,InnoDB,TRX_SYS_SHARD,2,0,2
1787549625.921,2026-08-24 05:33:45.922,InnoDB,TRX_SYS_SHARD,1,0,1
1787549625.921,2026-08-24 05:33:45.922,InnoDB,TRX_SYS_SHARD,1,0,1
1787549625.921,2026-08-24 05:33:45.922,InnoDB,TRX_SYS_SHARD,1,0,1
1787549625.921,2026-08-24 05:33:45.922,InnoDB,TRX_SYS_SHARD,2,0,2
1787549625.921,2026-08-24 05:33:45.922,InnoDB,TRX_SYS_SHARD,2,0,1
1787549625.921,2026-08-24 05:33:45.922,InnoDB,FIL_SHARD,72,0,107
1787549625.921,2026-08-24 05:33:45.922,InnoDB,TRX,1,0,1
1787549625.921,2026-08-24 05:33:45.922,InnoDB,TRX,1,0,1
1787549625.921,2026-08-24 05:33:45.922,InnoDB,TRX,1,0,1
1787549625.921,2026-08-24 05:33:45.922,InnoDB,TRX_POOL_MANAGER,5,0,5
1787549625.921,2026-08-24 05:33:45.922,InnoDB,FIL_SHARD,54,0,77
1787549625.921,2026-08-24 05:33:45.922,InnoDB,FIL_SHARD,56,0,62
1787549625.921,2026-08-24 05:33:45.922,InnoDB,rwlock: dict0dict.cc:2631,,10518,
1787549625.921,2026-08-24 05:33:45.922,InnoDB,rwlock: dict0dict.cc:2631,,10702,
1787549625.921,2026-08-24 05:33:45.922,InnoDB,rwlock: dict0dict.cc:2631,,11054,
1787549625.921,2026-08-24 05:33:45.922,InnoDB,rwlock: dict0dict.cc:2631,,10841,
1787549625.921,2026-08-24 05:33:45.922,InnoDB,rwlock: dict0dict.cc:2631,,11121,
1787549625.921,2026-08-24 05:33:45.922,InnoDB,rwlock: dict0dict.cc:2631,,10721,
1787549625.921,2026-08-24 05:33:45.922,InnoDB,rwlock: dict0dict.cc:2631,,10765,
1787549625.921,2026-08-24 05:33:45.922,InnoDB,rwlock: dict0dict.cc:2631,,10901,
1787549625.921,2026-08-24 05:33:45.922,InnoDB,rwlock: dict0dict.cc:2631,,10918,
1787549625.921,2026-08-24 05:33:45.922,InnoDB,rwlock: dict0dict.cc:2631,,11119,
1787549625.921,2026-08-24 05:33:45.922,InnoDB,rwlock: dict0dict.cc:2631,,10455,
1787549625.921,2026-08-24 05:33:45.922,InnoDB,rwlock: dict0dict.cc:2631,,10423,
1787549625.921,2026-08-24 05:33:45.922,InnoDB,rwlock: dict0dict.cc:2631,,10630,
1787549625.921,2026-08-24 05:33:45.922,InnoDB,rwlock: dict0dict.cc:2631,,10782,
1787549625.921,2026-08-24 05:33:45.922,InnoDB,rwlock: dict0dict.cc:2631,,10735,
1787549625.921,2026-08-24 05:33:45.922,InnoDB,rwlock: dict0dict.cc:2631,,10232,
1787549625.921,2026-08-24 05:33:45.922,InnoDB,rwlock: dict0dict.cc:2631,,10777,
1787549625.921,2026-08-24 05:33:45.922,InnoDB,rwlock: dict0dict.cc:2631,,10152,
1787549625.921,2026-08-24 05:33:45.922,InnoDB,rwlock: dict0dict.cc:2631,,10099,
1787549625.921,2026-08-24 05:33:45.922,InnoDB,rwlock: dict0dict.cc:2631,,11144,
1787549625.921,2026-08-24 05:33:45.922,InnoDB,rwlock: dict0dict.cc:2631,,1,
1787549625.921,2026-08-24 05:33:45.922,InnoDB,rwlock: dict0dict.cc:2631,,1,
1787549625.921,2026-08-24 05:33:45.922,InnoDB,rwlock: dict0dict.cc:2631,,1,
1787549625.921,2026-08-24 05:33:45.922,InnoDB,rwlock: dict0dict.cc:2631,,1,
1787549625.921,2026-08-24 05:33:45.922,InnoDB,rwlock: dict0dict.cc:2631,,1,
1787549625.921,2026-08-24 05:33:45.922,InnoDB,rwlock: fil0fil.cc:10242,,1,
1787549625.921,2026-08-24 05:33:45.922,InnoDB,rwlock: fil0fil.cc:10242,,1,
1787549625.921,2026-08-24 05:33:45.922,InnoDB,rwlock: dict0dict.cc:2631,,2,
1787549625.921,2026-08-24 05:33:45.922,InnoDB,rwlock: dict0dict.cc:2631,,1,
1787549625.921,2026-08-24 05:33:45.922,InnoDB,rwlock: dict0dict.cc:2631,,2,
1787549625.921,2026-08-24 05:33:45.922,InnoDB,rwlock: fil0fil.cc:10242,,1,
1787549625.921,2026-08-24 05:33:45.922,InnoDB,rwlock: dict0dict.cc:2631,,1,
1787549625.921,2026-08-24 05:33:45.922,InnoDB,rwlock: dict0dict.cc:2631,,1,
1787549625.921,2026-08-24 05:33:45.922,InnoDB,rwlock: dict0dict.cc:2631,,3,
1787549625.921,2026-08-24 05:33:45.922,InnoDB,rwlock: trx0purge.cc:232,,29,
1787549625.921,2026-08-24 05:33:45.922,InnoDB,rwlock: fil0fil.cc:10242,,5105,
1787549625.921,2026-08-24 05:33:45.922,InnoDB,rwlock: fil0fil.cc:10242,,4618,
1787549625.921,2026-08-24 05:33:45.922,InnoDB,rwlock: dict0dict.cc:1180,,25,
1787549625.921,2026-08-24 05:33:45.922,InnoDB,rwlock: hash0hash.cc:117,,705,
1787549625.921,2026-08-24 05:33:45.922,InnoDB,rwlock: hash0hash.cc:117,,1444,
1787549625.921,2026-08-24 05:33:45.922,InnoDB,rwlock: hash0hash.cc:117,,2532,
1787549625.921,2026-08-24 05:33:45.922,InnoDB,rwlock: hash0hash.cc:117,,580,
1787549625.921,2026-08-24 05:33:45.922,InnoDB,rwlock: hash0hash.cc:117,,714,
1787549625.921,2026-08-24 05:33:45.922,InnoDB,rwlock: hash0hash.cc:117,,835,
1787549625.921,2026-08-24 05:33:45.922,InnoDB,rwlock: hash0hash.cc:117,,1066,
1787549625.921,2026-08-24 05:33:45.922,InnoDB,rwlock: hash0hash.cc:117,,486,
1787549625.921,2026-08-24 05:33:45.922,InnoDB,rwlock: hash0hash.cc:117,,993,
1787549625.921,2026-08-24 05:33:45.922,InnoDB,rwlock: hash0hash.cc:117,,1998,
1787549625.921,2026-08-24 05:33:45.922,InnoDB,rwlock: hash0hash.cc:117,,742,
1787549625.921,2026-08-24 05:33:45.922,InnoDB,rwlock: hash0hash.cc:117,,2334,
1787549625.921,2026-08-24 05:33:45.922,InnoDB,rwlock: hash0hash.cc:117,,678,
1787549625.921,2026-08-24 05:33:45.922,InnoDB,rwlock: hash0hash.cc:117,,1123,
1787549625.921,2026-08-24 05:33:45.922,InnoDB,rwlock: hash0hash.cc:117,,1051,
1787549625.921,2026-08-24 05:33:45.922,InnoDB,rwlock: hash0hash.cc:117,,1228,
1787549625.921,2026-08-24 05:33:45.922,InnoDB,rwlock: hash0hash.cc:117,,833,
1787549625.921,2026-08-24 05:33:45.922,InnoDB,rwlock: hash0hash.cc:117,,505,
1787549625.921,2026-08-24 05:33:45.922,InnoDB,rwlock: hash0hash.cc:117,,630,
1787549625.921,2026-08-24 05:33:45.922,InnoDB,rwlock: hash0hash.cc:117,,1073,
1787549625.921,2026-08-24 05:33:45.922,InnoDB,rwlock: hash0hash.cc:117,,510,
1787549625.921,2026-08-24 05:33:45.922,InnoDB,rwlock: hash0hash.cc:117,,662,
1787549625.921,2026-08-24 05:33:45.922,InnoDB,rwlock: hash0hash.cc:117,,839,
1787549625.921,2026-08-24 05:33:45.922,InnoDB,rwlock: hash0hash.cc:117,,482,
1787549625.921,2026-08-24 05:33:45.922,InnoDB,rwlock: hash0hash.cc:117,,537,
1787549625.921,2026-08-24 05:33:45.922,InnoDB,rwlock: hash0hash.cc:117,,991,
1787549625.921,2026-08-24 05:33:45.922,InnoDB,rwlock: hash0hash.cc:117,,589,
1787549625.921,2026-08-24 05:33:45.922,InnoDB,rwlock: hash0hash.cc:117,,962,
1787549625.921,2026-08-24 05:33:45.922,InnoDB,rwlock: hash0hash.cc:117,,872,
1787549625.921,2026-08-24 05:33:45.922,InnoDB,rwlock: hash0hash.cc:117,,534,
1787549625.921,2026-08-24 05:33:45.922,InnoDB,rwlock: hash0hash.cc:117,,1148,
1787549625.921,2026-08-24 05:33:45.922,InnoDB,rwlock: hash0hash.cc:117,,556,
1787549625.921,2026-08-24 05:33:45.922,InnoDB,rwlock: hash0hash.cc:117,,568,
1787549625.921,2026-08-24 05:33:45.922,InnoDB,rwlock: hash0hash.cc:117,,500,
1787549625.921,2026-08-24 05:33:45.922,InnoDB,rwlock: hash0hash.cc:117,,2172,
1787549625.921,2026-08-24 05:33:45.922,InnoDB,rwlock: hash0hash.cc:117,,731,
1787549625.921,2026-08-24 05:33:45.922,InnoDB,rwlock: hash0hash.cc:117,,687,
1787549625.921,2026-08-24 05:33:45.922,InnoDB,rwlock: hash0hash.cc:117,,1298,
1787549625.921,2026-08-24 05:33:45.922,InnoDB,rwlock: hash0hash.cc:117,,2097,
1787549625.921,2026-08-24 05:33:45.922,InnoDB,rwlock: hash0hash.cc:117,,1138,
1787549625.921,2026-08-24 05:33:45.922,InnoDB,rwlock: hash0hash.cc:117,,650,
1787549625.921,2026-08-24 05:33:45.922,InnoDB,rwlock: hash0hash.cc:117,,1039,
1787549625.921,2026-08-24 05:33:45.922,InnoDB,rwlock: hash0hash.cc:117,,716,
1787549625.921,2026-08-24 05:33:45.922,InnoDB,rwlock: hash0hash.cc:117,,747,
1787549625.921,2026-08-24 05:33:45.922,InnoDB,rwlock: hash0hash.cc:117,,1339,
1787549625.921,2026-08-24 05:33:45.922,InnoDB,rwlock: hash0hash.cc:117,,1805,
1787549625.921,2026-08-24 05:33:45.922,InnoDB,rwlock: hash0hash.cc:117,,1329,
1787549625.921,2026-08-24 05:33:45.922,InnoDB,rwlock: hash0hash.cc:117,,597,
1787549625.921,2026-08-24 05:33:45.922,InnoDB,rwlock: hash0hash.cc:117,,798,
1787549625.921,2026-08-24 05:33:45.922,InnoDB,rwlock: hash0hash.cc:117,,830,
1787549625.921,2026-08-24 05:33:45.922,InnoDB,rwlock: hash0hash.cc:117,,699,
1787549625.921,2026-08-24 05:33:45.922,InnoDB,rwlock: hash0hash.cc:117,,830,
1787549625.921,2026-08-24 05:33:45.922,InnoDB,rwlock: hash0hash.cc:117,,752,
1787549625.921,2026-08-24 05:33:45.922,InnoDB,rwlock: hash0hash.cc:117,,744,
1787549625.921,2026-08-24 05:33:45.922,InnoDB,rwlock: hash0hash.cc:117,,647,
1787549625.921,2026-08-24 05:33:45.922,InnoDB,rwlock: hash0hash.cc:117,,692,
1787549625.921,2026-08-24 05:33:45.922,InnoDB,rwlock: hash0hash.cc:117,,391,
1787549625.921,2026-08-24 05:33:45.922,InnoDB,rwlock: hash0hash.cc:117,,688,
1787549625.921,2026-08-24 05:33:45.922,InnoDB,rwlock: hash0hash.cc:117,,1029,
1787549625.921,2026-08-24 05:33:45.922,InnoDB,rwlock: hash0hash.cc:117,,758,
1787549625.921,2026-08-24 05:33:45.922,InnoDB,rwlock: hash0hash.cc:117,,673,
1787549625.921,2026-08-24 05:33:45.922,InnoDB,rwlock: hash0hash.cc:117,,686,
1787549625.921,2026-08-24 05:33:45.922,InnoDB,rwlock: hash0hash.cc:117,,776,
1787549625.921,2026-08-24 05:33:45.922,InnoDB,rwlock: hash0hash.cc:117,,840,
1787549625.921,2026-08-24 05:33:45.922,InnoDB,rwlock: hash0hash.cc:117,,2581,
1787549625.921,2026-08-24 05:33:45.922,InnoDB,rwlock: hash0hash.cc:117,,2970,
1787549625.921,2026-08-24 05:33:45.922,InnoDB,rwlock: hash0hash.cc:117,,2634,
1787549625.921,2026-08-24 05:33:45.922,InnoDB,rwlock: hash0hash.cc:117,,858,
1787549625.921,2026-08-24 05:33:45.922,InnoDB,rwlock: hash0hash.cc:117,,1379,
1787549625.921,2026-08-24 05:33:45.922,InnoDB,rwlock: hash0hash.cc:117,,1091,
1787549625.921,2026-08-24 05:33:45.922,InnoDB,rwlock: hash0hash.cc:117,,1198,
1787549625.921,2026-08-24 05:33:45.922,InnoDB,rwlock: hash0hash.cc:117,,1010,
1787549625.921,2026-08-24 05:33:45.922,InnoDB,rwlock: hash0hash.cc:117,,3393,
1787549625.921,2026-08-24 05:33:45.922,InnoDB,rwlock: hash0hash.cc:117,,3090,
1787549625.921,2026-08-24 05:33:45.922,InnoDB,rwlock: hash0hash.cc:117,,1291,
1787549625.921,2026-08-24 05:33:45.922,InnoDB,rwlock: hash0hash.cc:117,,2621,
1787549625.921,2026-08-24 05:33:45.922,InnoDB,rwlock: hash0hash.cc:117,,1431,
1787549625.921,2026-08-24 05:33:45.922,InnoDB,rwlock: hash0hash.cc:117,,1036,
1787549625.921,2026-08-24 05:33:45.922,InnoDB,rwlock: hash0hash.cc:117,,1161,
1787549625.921,2026-08-24 05:33:45.922,InnoDB,rwlock: hash0hash.cc:117,,2877,
1787549625.921,2026-08-24 05:33:45.922,InnoDB,rwlock: hash0hash.cc:117,,2316,
1787549625.921,2026-08-24 05:33:45.922,InnoDB,rwlock: hash0hash.cc:117,,1172,
1787549625.921,2026-08-24 05:33:45.922,InnoDB,rwlock: hash0hash.cc:117,,2431,
1787549625.921,2026-08-24 05:33:45.922,InnoDB,rwlock: hash0hash.cc:117,,1232,
1787549625.921,2026-08-24 05:33:45.922,InnoDB,rwlock: hash0hash.cc:117,,1070,
1787549625.921,2026-08-24 05:33:45.922,InnoDB,rwlock: hash0hash.cc:117,,1568,
1787549625.921,2026-08-24 05:33:45.922,InnoDB,rwlock: hash0hash.cc:117,,2395,
1787549625.921,2026-08-24 05:33:45.922,InnoDB,rwlock: hash0hash.cc:117,,2001,
1787549625.921,2026-08-24 05:33:45.922,InnoDB,rwlock: hash0hash.cc:117,,852,
1787549625.921,2026-08-24 05:33:45.922,InnoDB,rwlock: hash0hash.cc:117,,1136,
1787549625.921,2026-08-24 05:33:45.922,InnoDB,rwlock: hash0hash.cc:117,,1202,
1787549625.921,2026-08-24 05:33:45.922,InnoDB,rwlock: hash0hash.cc:117,,3220,
1787549625.921,2026-08-24 05:33:45.922,InnoDB,rwlock: hash0hash.cc:117,,2576,
1787549625.921,2026-08-24 05:33:45.922,InnoDB,rwlock: hash0hash.cc:117,,1939,
1787549625.921,2026-08-24 05:33:45.922,InnoDB,rwlock: hash0hash.cc:117,,948,
1787549625.921,2026-08-24 05:33:45.922,InnoDB,rwlock: hash0hash.cc:117,,1003,
1787549625.921,2026-08-24 05:33:45.922,InnoDB,sum rwlock: buf0buf.cc:852,,445169,
