timestamp_unix,timestamp_human,type,name,spins,waits,calls
1787567862.336,2026-08-24 10:37:42.337,InnoDB,BUF_POOL_LRU_LIST,1554696459,1072664168,368872653
1787567862.336,2026-08-24 10:37:42.337,InnoDB,LOG_WRITER,3814184,127059,715
1787567862.336,2026-08-24 10:37:42.337,InnoDB,FLUSH_LIST,3355435,53571,1608804
1787567862.336,2026-08-24 10:37:42.337,InnoDB,BUF_BLOCK_MUTEX,1101312,18470,137156
1787567862.336,2026-08-24 10:37:42.337,InnoDB,BUF_POOL_FLUSH_STATE,11489989,13573,6023991
1787567862.336,2026-08-24 10:37:42.337,InnoDB,BUF_POOL_FREE_LIST,16039431,1931,15233229
1787567862.336,2026-08-24 10:37:42.337,InnoDB,TRX_SYS,432071,1281,338997
1787567862.336,2026-08-24 10:37:42.337,InnoDB,DICT_PERSIST_DIRTY_TABLES,2508202,679,1003621
1787567862.336,2026-08-24 10:37:42.337,InnoDB,TRX_SYS_SERIALISATION,55131,653,32036
1787567862.336,2026-08-24 10:37:42.337,InnoDB,UNDO_SPACE_RSEG,11604,375,96
1787567862.336,2026-08-24 10:37:42.337,InnoDB,UNDO_SPACE_RSEG,11292,369,89
1787567862.336,2026-08-24 10:37:42.337,InnoDB,UNDO_SPACE_RSEG,11203,367,100
1787567862.336,2026-08-24 10:37:42.337,InnoDB,UNDO_SPACE_RSEG,10596,349,60
1787567862.336,2026-08-24 10:37:42.337,InnoDB,UNDO_SPACE_RSEG,10874,348,105
1787567862.336,2026-08-24 10:37:42.337,InnoDB,UNDO_SPACE_RSEG,10031,322,102
1787567862.336,2026-08-24 10:37:42.337,InnoDB,UNDO_SPACE_RSEG,9129,298,68
1787567862.336,2026-08-24 10:37:42.337,InnoDB,UNDO_SPACE_RSEG,9008,293,76
1787567862.336,2026-08-24 10:37:42.337,InnoDB,UNDO_SPACE_RSEG,8875,291,77
1787567862.336,2026-08-24 10:37:42.337,InnoDB,UNDO_SPACE_RSEG,8672,282,78
1787567862.336,2026-08-24 10:37:42.337,InnoDB,UNDO_SPACE_RSEG,8732,278,84
1787567862.336,2026-08-24 10:37:42.337,InnoDB,IBUF_BITMAP,23500,271,8315
1787567862.336,2026-08-24 10:37:42.337,InnoDB,UNDO_SPACE_RSEG,8180,266,88
1787567862.336,2026-08-24 10:37:42.337,InnoDB,UNDO_SPACE_RSEG,8099,263,76
1787567862.336,2026-08-24 10:37:42.337,InnoDB,UNDO_SPACE_RSEG,8083,261,75
1787567862.336,2026-08-24 10:37:42.337,InnoDB,UNDO_SPACE_RSEG,7934,258,65
1787567862.336,2026-08-24 10:37:42.337,InnoDB,UNDO_SPACE_RSEG,7808,257,54
1787567862.336,2026-08-24 10:37:42.337,InnoDB,UNDO_SPACE_RSEG,7876,249,94
1787567862.336,2026-08-24 10:37:42.337,InnoDB,LOG_FILES,10698,241,406
1787567862.336,2026-08-24 10:37:42.337,InnoDB,UNDO_SPACE_RSEG,7359,239,74
1787567862.336,2026-08-24 10:37:42.337,InnoDB,UNDO_SPACE_RSEG,7392,238,85
1787567862.336,2026-08-24 10:37:42.337,InnoDB,UNDO_SPACE_RSEG,7308,236,72
1787567862.336,2026-08-24 10:37:42.337,InnoDB,UNDO_SPACE_RSEG,6995,226,68
1787567862.336,2026-08-24 10:37:42.337,InnoDB,UNDO_SPACE_RSEG,6884,224,80
1787567862.336,2026-08-24 10:37:42.337,InnoDB,UNDO_SPACE_RSEG,6893,224,73
1787567862.336,2026-08-24 10:37:42.337,InnoDB,UNDO_SPACE_RSEG,7113,224,85
1787567862.336,2026-08-24 10:37:42.337,InnoDB,UNDO_SPACE_RSEG,6793,219,67
1787567862.336,2026-08-24 10:37:42.337,InnoDB,UNDO_SPACE_RSEG,6192,200,69
1787567862.336,2026-08-24 10:37:42.337,InnoDB,UNDO_SPACE_RSEG,6241,200,75
1787567862.336,2026-08-24 10:37:42.337,InnoDB,UNDO_SPACE_RSEG,6296,199,77
1787567862.336,2026-08-24 10:37:42.337,InnoDB,UNDO_SPACE_RSEG,6212,198,72
1787567862.336,2026-08-24 10:37:42.337,InnoDB,UNDO_SPACE_RSEG,6071,196,64
1787567862.336,2026-08-24 10:37:42.337,InnoDB,UNDO_SPACE_RSEG,5983,193,53
1787567862.336,2026-08-24 10:37:42.337,InnoDB,UNDO_SPACE_RSEG,5874,190,62
1787567862.336,2026-08-24 10:37:42.337,InnoDB,UNDO_SPACE_RSEG,5873,188,85
1787567862.336,2026-08-24 10:37:42.337,InnoDB,UNDO_SPACE_RSEG,5900,186,89
1787567862.336,2026-08-24 10:37:42.337,InnoDB,LOG_FLUSHER,6649,186,296
1787567862.336,2026-08-24 10:37:42.337,InnoDB,UNDO_SPACE_RSEG,5650,181,73
1787567862.336,2026-08-24 10:37:42.337,InnoDB,UNDO_SPACE_RSEG,5704,179,68
1787567862.336,2026-08-24 10:37:42.337,InnoDB,UNDO_SPACE_RSEG,5389,176,55
1787567862.336,2026-08-24 10:37:42.337,InnoDB,UNDO_SPACE_RSEG,5559,175,76
1787567862.336,2026-08-24 10:37:42.337,InnoDB,UNDO_SPACE_RSEG,5277,168,71
1787567862.336,2026-08-24 10:37:42.337,InnoDB,UNDO_SPACE_RSEG,5224,168,66
1787567862.336,2026-08-24 10:37:42.337,InnoDB,UNDO_SPACE_RSEG,5155,165,64
1787567862.336,2026-08-24 10:37:42.337,InnoDB,UNDO_SPACE_RSEG,5150,162,67
1787567862.336,2026-08-24 10:37:42.337,InnoDB,UNDO_SPACE_RSEG,4952,158,58
1787567862.336,2026-08-24 10:37:42.337,InnoDB,UNDO_SPACE_RSEG,5038,152,87
1787567862.336,2026-08-24 10:37:42.337,InnoDB,UNDO_SPACE_RSEG,4638,150,54
1787567862.336,2026-08-24 10:37:42.337,InnoDB,UNDO_SPACE_RSEG,4721,149,64
1787567862.336,2026-08-24 10:37:42.337,InnoDB,UNDO_SPACE_RSEG,4533,147,59
1787567862.336,2026-08-24 10:37:42.337,InnoDB,UNDO_SPACE_RSEG,4632,146,86
1787567862.336,2026-08-24 10:37:42.337,InnoDB,UNDO_SPACE_RSEG,4535,145,59
1787567862.336,2026-08-24 10:37:42.337,InnoDB,UNDO_SPACE_RSEG,4449,144,69
1787567862.336,2026-08-24 10:37:42.337,InnoDB,PURGE_SYS_PQ,26817,142,20361
1787567862.336,2026-08-24 10:37:42.337,InnoDB,UNDO_SPACE_RSEG,4465,142,65
1787567862.336,2026-08-24 10:37:42.337,InnoDB,UNDO_SPACE_RSEG,4537,141,69
1787567862.336,2026-08-24 10:37:42.337,InnoDB,UNDO_SPACE_RSEG,4400,139,50
1787567862.336,2026-08-24 10:37:42.337,InnoDB,UNDO_SPACE_RSEG,4387,138,72
1787567862.336,2026-08-24 10:37:42.337,InnoDB,UNDO_SPACE_RSEG,4286,137,57
1787567862.336,2026-08-24 10:37:42.337,InnoDB,UNDO_SPACE_RSEG,4239,134,61
1787567862.336,2026-08-24 10:37:42.337,InnoDB,UNDO_SPACE_RSEG,4060,132,62
1787567862.336,2026-08-24 10:37:42.337,InnoDB,UNDO_SPACE_RSEG,4074,130,60
1787567862.336,2026-08-24 10:37:42.337,InnoDB,UNDO_SPACE_RSEG,4041,129,51
1787567862.336,2026-08-24 10:37:42.337,InnoDB,UNDO_SPACE_RSEG,4293,128,79
1787567862.336,2026-08-24 10:37:42.337,InnoDB,UNDO_SPACE_RSEG,4036,125,80
1787567862.336,2026-08-24 10:37:42.337,InnoDB,UNDO_SPACE_RSEG,3882,124,66
1787567862.336,2026-08-24 10:37:42.337,InnoDB,UNDO_SPACE_RSEG,3716,122,51
1787567862.336,2026-08-24 10:37:42.337,InnoDB,UNDO_SPACE_RSEG,3874,122,85
1787567862.336,2026-08-24 10:37:42.337,InnoDB,UNDO_SPACE_RSEG,3963,120,72
1787567862.336,2026-08-24 10:37:42.337,InnoDB,UNDO_SPACE_RSEG,3783,120,60
1787567862.336,2026-08-24 10:37:42.337,InnoDB,UNDO_SPACE_RSEG,3809,118,64
1787567862.336,2026-08-24 10:37:42.337,InnoDB,UNDO_SPACE_RSEG,3621,116,56
1787567862.336,2026-08-24 10:37:42.337,InnoDB,UNDO_SPACE_RSEG,3495,114,49
1787567862.336,2026-08-24 10:37:42.337,InnoDB,UNDO_SPACE_RSEG,3449,113,62
1787567862.336,2026-08-24 10:37:42.337,InnoDB,UNDO_SPACE_RSEG,3480,111,51
1787567862.336,2026-08-24 10:37:42.337,InnoDB,UNDO_SPACE_RSEG,3576,111,55
1787567862.336,2026-08-24 10:37:42.337,InnoDB,SRV_SYS,336078,106,221998
1787567862.336,2026-08-24 10:37:42.337,InnoDB,UNDO_SPACE_RSEG,3145,102,49
1787567862.336,2026-08-24 10:37:42.337,InnoDB,UNDO_SPACE_RSEG,3165,100,72
1787567862.336,2026-08-24 10:37:42.337,InnoDB,UNDO_SPACE_RSEG,3262,100,60
1787567862.336,2026-08-24 10:37:42.337,InnoDB,UNDO_SPACE_RSEG,3190,99,66
1787567862.336,2026-08-24 10:37:42.337,InnoDB,UNDO_SPACE_RSEG,3049,98,52
1787567862.336,2026-08-24 10:37:42.337,InnoDB,UNDO_SPACE_RSEG,3069,97,68
1787567862.336,2026-08-24 10:37:42.337,InnoDB,UNDO_SPACE_RSEG,2946,95,58
1787567862.336,2026-08-24 10:37:42.337,InnoDB,UNDO_SPACE_RSEG,2926,93,53
1787567862.336,2026-08-24 10:37:42.337,InnoDB,UNDO_SPACE_RSEG,2954,93,45
1787567862.336,2026-08-24 10:37:42.337,InnoDB,UNDO_SPACE_RSEG,2953,92,48
1787567862.336,2026-08-24 10:37:42.337,InnoDB,UNDO_SPACE_RSEG,2902,91,56
1787567862.336,2026-08-24 10:37:42.337,InnoDB,UNDO_SPACE_RSEG,2835,89,63
1787567862.336,2026-08-24 10:37:42.337,InnoDB,UNDO_SPACE_RSEG,2795,88,64
1787567862.336,2026-08-24 10:37:42.337,InnoDB,UNDO_SPACE_RSEG,2732,86,79
1787567862.336,2026-08-24 10:37:42.337,InnoDB,UNDO_SPACE_RSEG,2588,84,47
1787567862.336,2026-08-24 10:37:42.337,InnoDB,UNDO_SPACE_RSEG,2587,81,43
1787567862.336,2026-08-24 10:37:42.337,InnoDB,UNDO_SPACE_RSEG,2658,81,65
1787567862.336,2026-08-24 10:37:42.337,InnoDB,UNDO_SPACE_RSEG,2504,80,45
1787567862.336,2026-08-24 10:37:42.337,InnoDB,UNDO_SPACE_RSEG,2525,79,47
1787567862.336,2026-08-24 10:37:42.337,InnoDB,UNDO_SPACE_RSEG,2506,78,53
1787567862.336,2026-08-24 10:37:42.337,InnoDB,UNDO_SPACE_RSEG,2462,78,56
1787567862.336,2026-08-24 10:37:42.337,InnoDB,UNDO_SPACE_RSEG,2557,76,53
1787567862.336,2026-08-24 10:37:42.337,InnoDB,UNDO_SPACE_RSEG,2335,76,49
1787567862.336,2026-08-24 10:37:42.337,InnoDB,UNDO_SPACE_RSEG,2456,76,71
1787567862.336,2026-08-24 10:37:42.337,InnoDB,UNDO_SPACE_RSEG,2337,75,38
1787567862.336,2026-08-24 10:37:42.337,InnoDB,UNDO_SPACE_RSEG,2352,75,61
1787567862.336,2026-08-24 10:37:42.337,InnoDB,UNDO_SPACE_RSEG,2400,73,59
1787567862.336,2026-08-24 10:37:42.337,InnoDB,UNDO_SPACE_RSEG,2343,72,48
1787567862.336,2026-08-24 10:37:42.337,InnoDB,UNDO_SPACE_RSEG,2282,72,46
1787567862.336,2026-08-24 10:37:42.337,InnoDB,UNDO_SPACE_RSEG,2288,71,68
1787567862.336,2026-08-24 10:37:42.337,InnoDB,UNDO_SPACE_RSEG,2218,70,48
1787567862.336,2026-08-24 10:37:42.337,InnoDB,UNDO_SPACE_RSEG,2160,70,54
1787567862.336,2026-08-24 10:37:42.337,InnoDB,UNDO_SPACE_RSEG,2189,69,55
1787567862.336,2026-08-24 10:37:42.337,InnoDB,UNDO_SPACE_RSEG,2099,67,60
1787567862.336,2026-08-24 10:37:42.337,InnoDB,DICT_SYS,3632090,67,2242374
1787567862.336,2026-08-24 10:37:42.337,InnoDB,UNDO_SPACE_RSEG,2120,66,47
1787567862.336,2026-08-24 10:37:42.337,InnoDB,UNDO_SPACE_RSEG,2097,66,37
1787567862.336,2026-08-24 10:37:42.337,InnoDB,UNDO_SPACE_RSEG,2122,64,62
1787567862.336,2026-08-24 10:37:42.337,InnoDB,UNDO_SPACE_RSEG,2074,64,46
1787567862.336,2026-08-24 10:37:42.337,InnoDB,UNDO_SPACE_RSEG,2084,64,57
1787567862.336,2026-08-24 10:37:42.337,InnoDB,UNDO_SPACE_RSEG,2085,63,54
1787567862.336,2026-08-24 10:37:42.337,InnoDB,UNDO_SPACE_RSEG,1936,63,42
1787567862.336,2026-08-24 10:37:42.337,InnoDB,UNDO_SPACE_RSEG,2028,63,49
1787567862.336,2026-08-24 10:37:42.337,InnoDB,UNDO_SPACE_RSEG,2119,62,63
1787567862.336,2026-08-24 10:37:42.337,InnoDB,UNDO_SPACE_RSEG,2052,61,53
1787567862.336,2026-08-24 10:37:42.337,InnoDB,UNDO_SPACE_RSEG,1942,60,54
1787567862.336,2026-08-24 10:37:42.337,InnoDB,UNDO_SPACE_RSEG,1885,58,48
1787567862.336,2026-08-24 10:37:42.337,InnoDB,UNDO_SPACE_RSEG,1802,57,52
1787567862.336,2026-08-24 10:37:42.337,InnoDB,UNDO_SPACE_RSEG,1854,57,50
1787567862.336,2026-08-24 10:37:42.337,InnoDB,UNDO_SPACE_RSEG,1795,57,47
1787567862.336,2026-08-24 10:37:42.337,InnoDB,UNDO_SPACE_RSEG,1827,55,56
1787567862.336,2026-08-24 10:37:42.337,InnoDB,UNDO_SPACE_RSEG,1739,55,39
1787567862.336,2026-08-24 10:37:42.337,InnoDB,UNDO_SPACE_RSEG,1730,54,47
1787567862.336,2026-08-24 10:37:42.337,InnoDB,UNDO_SPACE_RSEG,1715,53,48
1787567862.336,2026-08-24 10:37:42.337,InnoDB,UNDO_SPACE_RSEG,1651,53,44
1787567862.336,2026-08-24 10:37:42.337,InnoDB,UNDO_SPACE_RSEG,1640,52,41
1787567862.336,2026-08-24 10:37:42.337,InnoDB,UNDO_SPACE_RSEG,1677,52,42
1787567862.336,2026-08-24 10:37:42.337,InnoDB,UNDO_SPACE_RSEG,1682,51,49
1787567862.336,2026-08-24 10:37:42.337,InnoDB,UNDO_SPACE_RSEG,1719,51,60
1787567862.336,2026-08-24 10:37:42.337,InnoDB,UNDO_SPACE_RSEG,1622,51,48
1787567862.336,2026-08-24 10:37:42.337,InnoDB,UNDO_SPACE_RSEG,1651,51,54
1787567862.336,2026-08-24 10:37:42.337,InnoDB,UNDO_SPACE_RSEG,1716,51,58
1787567862.336,2026-08-24 10:37:42.337,InnoDB,UNDO_SPACE_RSEG,1579,49,57
1787567862.336,2026-08-24 10:37:42.337,InnoDB,UNDO_SPACE_RSEG,1585,49,39
1787567862.336,2026-08-24 10:37:42.337,InnoDB,UNDO_SPACE_RSEG,1474,48,37
1787567862.336,2026-08-24 10:37:42.337,InnoDB,UNDO_SPACE_RSEG,1478,48,36
1787567862.336,2026-08-24 10:37:42.337,InnoDB,UNDO_SPACE_RSEG,1645,48,47
1787567862.336,2026-08-24 10:37:42.337,InnoDB,UNDO_SPACE_RSEG,1474,47,46
1787567862.336,2026-08-24 10:37:42.337,InnoDB,UNDO_SPACE_RSEG,1548,47,54
1787567862.336,2026-08-24 10:37:42.337,InnoDB,UNDO_SPACE_RSEG,1532,47,43
1787567862.336,2026-08-24 10:37:42.337,InnoDB,UNDO_SPACE_RSEG,1545,47,51
1787567862.336,2026-08-24 10:37:42.337,InnoDB,UNDO_SPACE_RSEG,1490,46,34
1787567862.336,2026-08-24 10:37:42.337,InnoDB,UNDO_SPACE_RSEG,1514,46,50
1787567862.336,2026-08-24 10:37:42.337,InnoDB,UNDO_SPACE_RSEG,1455,46,50
1787567862.336,2026-08-24 10:37:42.337,InnoDB,UNDO_SPACE_RSEG,1448,46,42
1787567862.336,2026-08-24 10:37:42.337,InnoDB,UNDO_SPACE_RSEG,1422,45,45
1787567862.336,2026-08-24 10:37:42.337,InnoDB,UNDO_SPACE_RSEG,1448,45,54
1787567862.336,2026-08-24 10:37:42.337,InnoDB,UNDO_SPACE_RSEG,1499,44,55
1787567862.336,2026-08-24 10:37:42.337,InnoDB,UNDO_SPACE_RSEG,1375,44,39
1787567862.336,2026-08-24 10:37:42.337,InnoDB,UNDO_SPACE_RSEG,1435,44,50
1787567862.336,2026-08-24 10:37:42.337,InnoDB,UNDO_SPACE_RSEG,1405,44,49
1787567862.336,2026-08-24 10:37:42.337,InnoDB,UNDO_SPACE_RSEG,1438,43,48
1787567862.336,2026-08-24 10:37:42.337,InnoDB,UNDO_SPACE_RSEG,1382,43,52
1787567862.336,2026-08-24 10:37:42.337,InnoDB,UNDO_SPACE_RSEG,1405,43,45
1787567862.336,2026-08-24 10:37:42.337,InnoDB,UNDO_SPACE_RSEG,1367,43,41
1787567862.336,2026-08-24 10:37:42.337,InnoDB,UNDO_SPACE_RSEG,1313,42,37
1787567862.336,2026-08-24 10:37:42.337,InnoDB,UNDO_SPACE_RSEG,1347,42,41
1787567862.336,2026-08-24 10:37:42.337,InnoDB,UNDO_SPACE_RSEG,1359,40,47
1787567862.336,2026-08-24 10:37:42.337,InnoDB,UNDO_SPACE_RSEG,1257,40,52
1787567862.336,2026-08-24 10:37:42.337,InnoDB,UNDO_SPACE_RSEG,1264,40,44
1787567862.336,2026-08-24 10:37:42.337,InnoDB,UNDO_SPACE_RSEG,1219,39,45
1787567862.336,2026-08-24 10:37:42.337,InnoDB,UNDO_SPACE_RSEG,1180,37,50
1787567862.336,2026-08-24 10:37:42.337,InnoDB,UNDO_SPACE_RSEG,1127,36,41
1787567862.336,2026-08-24 10:37:42.337,InnoDB,UNDO_SPACE_RSEG,1154,36,35
1787567862.336,2026-08-24 10:37:42.337,InnoDB,UNDO_SPACE_RSEG,1148,36,45
1787567862.336,2026-08-24 10:37:42.337,InnoDB,UNDO_SPACE_RSEG,1160,36,41
1787567862.336,2026-08-24 10:37:42.337,InnoDB,UNDO_SPACE_RSEG,1210,36,60
1787567862.336,2026-08-24 10:37:42.337,InnoDB,UNDO_SPACE_RSEG,1196,36,41
1787567862.336,2026-08-24 10:37:42.337,InnoDB,UNDO_SPACE_RSEG,1236,36,44
1787567862.336,2026-08-24 10:37:42.337,InnoDB,UNDO_SPACE_RSEG,1159,35,49
1787567862.336,2026-08-24 10:37:42.337,InnoDB,UNDO_SPACE_RSEG,1119,34,46
1787567862.336,2026-08-24 10:37:42.337,InnoDB,UNDO_SPACE_RSEG,1117,34,35
1787567862.336,2026-08-24 10:37:42.337,InnoDB,UNDO_SPACE_RSEG,1099,34,37
1787567862.336,2026-08-24 10:37:42.337,InnoDB,UNDO_SPACE_RSEG,1164,33,48
1787567862.336,2026-08-24 10:37:42.337,InnoDB,UNDO_SPACE_RSEG,1119,33,46
1787567862.336,2026-08-24 10:37:42.337,InnoDB,FIL_SHARD,197054,33,211557
1787567862.336,2026-08-24 10:37:42.337,InnoDB,UNDO_SPACE_RSEG,1066,33,53
1787567862.336,2026-08-24 10:37:42.337,InnoDB,UNDO_SPACE_RSEG,1035,33,29
1787567862.336,2026-08-24 10:37:42.337,InnoDB,UNDO_SPACE_RSEG,1055,33,36
1787567862.336,2026-08-24 10:37:42.337,InnoDB,UNDO_SPACE_RSEG,1115,33,50
1787567862.336,2026-08-24 10:37:42.337,InnoDB,UNDO_SPACE_RSEG,1057,32,41
1787567862.336,2026-08-24 10:37:42.337,InnoDB,FIL_SHARD,194043,32,220817
1787567862.336,2026-08-24 10:37:42.337,InnoDB,UNDO_SPACE_RSEG,1080,32,48
1787567862.336,2026-08-24 10:37:42.337,InnoDB,UNDO_SPACE_RSEG,1063,32,54
1787567862.336,2026-08-24 10:37:42.337,InnoDB,FIL_SHARD,193780,32,208163
1787567862.336,2026-08-24 10:37:42.337,InnoDB,UNDO_SPACE_RSEG,1019,32,37
1787567862.336,2026-08-24 10:37:42.337,InnoDB,UNDO_SPACE_RSEG,1054,31,50
1787567862.336,2026-08-24 10:37:42.337,InnoDB,UNDO_SPACE_RSEG,1100,31,46
1787567862.336,2026-08-24 10:37:42.337,InnoDB,UNDO_SPACE_RSEG,1128,31,59
1787567862.336,2026-08-24 10:37:42.337,InnoDB,FIL_SHARD,198493,31,213223
1787567862.336,2026-08-24 10:37:42.337,InnoDB,UNDO_SPACE_RSEG,995,31,42
1787567862.336,2026-08-24 10:37:42.337,InnoDB,UNDO_SPACE_RSEG,980,30,48
1787567862.336,2026-08-24 10:37:42.337,InnoDB,UNDO_SPACE_RSEG,1049,30,50
1787567862.336,2026-08-24 10:37:42.337,InnoDB,UNDO_SPACE_RSEG,970,30,40
1787567862.336,2026-08-24 10:37:42.337,InnoDB,UNDO_SPACE_RSEG,982,30,36
1787567862.336,2026-08-24 10:37:42.337,InnoDB,UNDO_SPACE_RSEG,904,29,30
1787567862.336,2026-08-24 10:37:42.337,InnoDB,FIL_SHARD,185225,29,201996
1787567862.336,2026-08-24 10:37:42.337,InnoDB,UNDO_SPACE_RSEG,999,29,53
1787567862.336,2026-08-24 10:37:42.337,InnoDB,FIL_SHARD,180443,29,197778
1787567862.336,2026-08-24 10:37:42.337,InnoDB,UNDO_SPACE_RSEG,930,29,40
1787567862.336,2026-08-24 10:37:42.337,InnoDB,UNDO_SPACE_RSEG,948,28,49
1787567862.336,2026-08-24 10:37:42.337,InnoDB,UNDO_SPACE_RSEG,889,27,47
1787567862.336,2026-08-24 10:37:42.337,InnoDB,FIL_SHARD,194232,27,209947
1787567862.336,2026-08-24 10:37:42.337,InnoDB,UNDO_SPACE_RSEG,835,27,31
1787567862.336,2026-08-24 10:37:42.337,InnoDB,UNDO_SPACE_RSEG,880,27,43
1787567862.336,2026-08-24 10:37:42.337,InnoDB,FIL_SHARD,192587,27,207227
1787567862.336,2026-08-24 10:37:42.337,InnoDB,FIL_SHARD,185856,27,200833
1787567862.336,2026-08-24 10:37:42.337,InnoDB,UNDO_SPACE_RSEG,948,26,41
1787567862.336,2026-08-24 10:37:42.337,InnoDB,UNDO_SPACE_RSEG,873,26,51
1787567862.336,2026-08-24 10:37:42.337,InnoDB,FIL_SHARD,203137,26,215356
1787567862.336,2026-08-24 10:37:42.337,InnoDB,FIL_SHARD,193492,26,208569
1787567862.336,2026-08-24 10:37:42.337,InnoDB,UNDO_SPACE_RSEG,906,26,53
1787567862.336,2026-08-24 10:37:42.337,InnoDB,FIL_SHARD,198923,26,213206
1787567862.336,2026-08-24 10:37:42.337,InnoDB,FIL_SHARD,189130,26,206179
1787567862.336,2026-08-24 10:37:42.337,InnoDB,FIL_SHARD,191634,26,206754
1787567862.336,2026-08-24 10:37:42.337,InnoDB,UNDO_SPACE_RSEG,863,26,51
1787567862.336,2026-08-24 10:37:42.337,InnoDB,UNDO_SPACE_RSEG,921,26,45
1787567862.336,2026-08-24 10:37:42.337,InnoDB,UNDO_SPACE_RSEG,893,26,28
1787567862.336,2026-08-24 10:37:42.337,InnoDB,FIL_SHARD,199974,25,228148
1787567862.336,2026-08-24 10:37:42.337,InnoDB,UNDO_SPACE_RSEG,797,25,40
1787567862.336,2026-08-24 10:37:42.337,InnoDB,UNDO_SPACE_RSEG,850,25,37
1787567862.336,2026-08-24 10:37:42.337,InnoDB,UNDO_SPACE_RSEG,788,24,36
1787567862.336,2026-08-24 10:37:42.337,InnoDB,UNDO_SPACE_RSEG,822,24,39
1787567862.336,2026-08-24 10:37:42.337,InnoDB,FIL_SHARD,185144,24,200724
1787567862.336,2026-08-24 10:37:42.337,InnoDB,FIL_SHARD,195281,24,222209
1787567862.336,2026-08-24 10:37:42.337,InnoDB,UNDO_SPACE_RSEG,793,24,48
1787567862.336,2026-08-24 10:37:42.337,InnoDB,UNDO_SPACE_RSEG,797,23,43
1787567862.336,2026-08-24 10:37:42.337,InnoDB,UNDO_SPACE_RSEG,774,23,37
1787567862.336,2026-08-24 10:37:42.337,InnoDB,FIL_SHARD,184930,23,213736
1787567862.336,2026-08-24 10:37:42.337,InnoDB,UNDO_SPACE_RSEG,765,22,36
1787567862.336,2026-08-24 10:37:42.337,InnoDB,UNDO_SPACE_RSEG,784,22,44
1787567862.336,2026-08-24 10:37:42.337,InnoDB,UNDO_SPACE_RSEG,677,21,43
1787567862.336,2026-08-24 10:37:42.337,InnoDB,UNDO_SPACE_RSEG,683,20,30
1787567862.336,2026-08-24 10:37:42.337,InnoDB,UNDO_SPACE_RSEG,647,20,37
1787567862.336,2026-08-24 10:37:42.337,InnoDB,UNDO_SPACE_RSEG,660,20,35
1787567862.336,2026-08-24 10:37:42.337,InnoDB,UNDO_SPACE_RSEG,704,20,36
1787567862.336,2026-08-24 10:37:42.337,InnoDB,UNDO_SPACE_RSEG,647,19,36
1787567862.336,2026-08-24 10:37:42.337,InnoDB,UNDO_SPACE_RSEG,631,19,45
1787567862.336,2026-08-24 10:37:42.337,InnoDB,UNDO_SPACE_RSEG,587,19,26
1787567862.336,2026-08-24 10:37:42.337,InnoDB,UNDO_SPACE_RSEG,689,19,44
1787567862.336,2026-08-24 10:37:42.337,InnoDB,UNDO_SPACE_RSEG,627,19,27
1787567862.336,2026-08-24 10:37:42.337,InnoDB,FIL_SHARD,197814,19,212100
1787567862.336,2026-08-24 10:37:42.337,InnoDB,UNDO_SPACE_RSEG,608,19,30
1787567862.336,2026-08-24 10:37:42.337,InnoDB,UNDO_SPACE_RSEG,612,19,41
1787567862.336,2026-08-24 10:37:42.337,InnoDB,UNDO_SPACE_RSEG,583,18,26
1787567862.336,2026-08-24 10:37:42.337,InnoDB,UNDO_SPACE_RSEG,575,18,36
1787567862.336,2026-08-24 10:37:42.337,InnoDB,UNDO_SPACE_RSEG,587,18,27
1787567862.336,2026-08-24 10:37:42.337,InnoDB,UNDO_SPACE_RSEG,602,17,41
1787567862.336,2026-08-24 10:37:42.337,InnoDB,UNDO_SPACE_RSEG,526,17,26
1787567862.336,2026-08-24 10:37:42.337,InnoDB,UNDO_SPACE_RSEG,570,17,29
1787567862.336,2026-08-24 10:37:42.337,InnoDB,UNDO_SPACE_RSEG,568,17,35
1787567862.336,2026-08-24 10:37:42.337,InnoDB,TRX_POOL,515,16,30
1787567862.336,2026-08-24 10:37:42.337,InnoDB,UNDO_SPACE_RSEG,543,16,39
1787567862.336,2026-08-24 10:37:42.337,InnoDB,UNDO_SPACE_RSEG,503,16,27
1787567862.336,2026-08-24 10:37:42.337,InnoDB,UNDO_SPACE_RSEG,556,16,43
1787567862.336,2026-08-24 10:37:42.337,InnoDB,UNDO_SPACE_RSEG,497,15,30
1787567862.336,2026-08-24 10:37:42.337,InnoDB,UNDO_SPACE_RSEG,514,15,35
1787567862.336,2026-08-24 10:37:42.337,InnoDB,FIL_SHARD,192533,15,221183
1787567862.336,2026-08-24 10:37:42.337,InnoDB,UNDO_SPACE_RSEG,475,14,26
1787567862.336,2026-08-24 10:37:42.337,InnoDB,UNDO_SPACE_RSEG,446,14,22
1787567862.336,2026-08-24 10:37:42.337,InnoDB,UNDO_SPACE_RSEG,536,14,39
1787567862.336,2026-08-24 10:37:42.337,InnoDB,UNDO_SPACE_RSEG,449,13,29
1787567862.336,2026-08-24 10:37:42.337,InnoDB,UNDO_SPACE_RSEG,457,13,42
1787567862.336,2026-08-24 10:37:42.337,InnoDB,UNDO_SPACE_RSEG,419,13,21
1787567862.336,2026-08-24 10:37:42.337,InnoDB,UNDO_SPACE_RSEG,390,12,25
1787567862.336,2026-08-24 10:37:42.337,InnoDB,UNDO_SPACE_RSEG,438,12,38
1787567862.336,2026-08-24 10:37:42.337,InnoDB,UNDO_SPACE_RSEG,444,12,37
1787567862.336,2026-08-24 10:37:42.337,InnoDB,UNDO_SPACE_RSEG,455,11,38
1787567862.336,2026-08-24 10:37:42.337,InnoDB,UNDO_SPACE_RSEG,400,11,33
1787567862.336,2026-08-24 10:37:42.337,InnoDB,UNDO_SPACE_RSEG,368,11,25
1787567862.336,2026-08-24 10:37:42.337,InnoDB,UNDO_SPACE_RSEG,321,10,23
1787567862.336,2026-08-24 10:37:42.337,InnoDB,UNDO_SPACE_RSEG,330,10,23
1787567862.336,2026-08-24 10:37:42.337,InnoDB,UNDO_SPACE_RSEG,338,10,24
1787567862.336,2026-08-24 10:37:42.337,InnoDB,UNDO_SPACE_RSEG,308,9,21
1787567862.336,2026-08-24 10:37:42.337,InnoDB,UNDO_SPACE_RSEG,306,9,28
1787567862.336,2026-08-24 10:37:42.337,InnoDB,UNDO_SPACE_RSEG,288,8,22
1787567862.336,2026-08-24 10:37:42.337,InnoDB,TRX,112468,5,146702
1787567862.336,2026-08-24 10:37:42.337,InnoDB,DICT_TABLE_STATS_COMPUTE,120,4,3
1787567862.336,2026-08-24 10:37:42.337,InnoDB,PARSER,141,3,4
1787567862.336,2026-08-24 10:37:42.337,InnoDB,FIL_SHARD,3903,2,4782
1787567862.336,2026-08-24 10:37:42.337,InnoDB,LOCK_SYS_PAGE,225,2,120
1787567862.336,2026-08-24 10:37:42.337,InnoDB,FIL_SHARD,1250,2,1368
1787567862.336,2026-08-24 10:37:42.337,InnoDB,LOCK_SYS_PAGE,65,1,61
1787567862.336,2026-08-24 10:37:42.337,InnoDB,LOCK_SYS_PAGE,108,1,112
1787567862.336,2026-08-24 10:37:42.337,InnoDB,LOCK_SYS_PAGE,117,1,110
1787567862.336,2026-08-24 10:37:42.337,InnoDB,LOCK_SYS_PAGE,68,1,63
1787567862.336,2026-08-24 10:37:42.337,InnoDB,LOCK_SYS_PAGE,232,1,115
1787567862.336,2026-08-24 10:37:42.337,InnoDB,LOCK_SYS_PAGE,189,1,124
1787567862.336,2026-08-24 10:37:42.337,InnoDB,LOCK_SYS_PAGE,548,1,146
1787567862.336,2026-08-24 10:37:42.337,InnoDB,LOCK_SYS_PAGE,304,1,126
1787567862.336,2026-08-24 10:37:42.337,InnoDB,LOCK_SYS_PAGE,61,1,52
1787567862.336,2026-08-24 10:37:42.337,InnoDB,LOCK_SYS_PAGE,348,1,103
1787567862.336,2026-08-24 10:37:42.337,InnoDB,LOCK_SYS_PAGE,107,1,89
1787567862.336,2026-08-24 10:37:42.337,InnoDB,LOCK_SYS_PAGE,309,1,114
1787567862.336,2026-08-24 10:37:42.337,InnoDB,LOCK_SYS_PAGE,112,1,107
1787567862.336,2026-08-24 10:37:42.337,InnoDB,LOCK_SYS_PAGE,97,1,55
1787567862.336,2026-08-24 10:37:42.337,InnoDB,LOCK_SYS_PAGE,133,1,114
1787567862.336,2026-08-24 10:37:42.337,InnoDB,FIL_SHARD,4060,1,5630
1787567862.336,2026-08-24 10:37:42.337,InnoDB,LOCK_SYS_PAGE,44,0,66
1787567862.336,2026-08-24 10:37:42.337,InnoDB,LOCK_SYS_PAGE,66,0,94
1787567862.336,2026-08-24 10:37:42.337,InnoDB,LOCK_SYS_PAGE,39,0,55
1787567862.336,2026-08-24 10:37:42.337,InnoDB,LOCK_SYS_PAGE,53,0,83
1787567862.336,2026-08-24 10:37:42.337,InnoDB,LOCK_SYS_PAGE,85,0,106
1787567862.336,2026-08-24 10:37:42.337,InnoDB,LOCK_SYS_PAGE,91,0,123
1787567862.336,2026-08-24 10:37:42.337,InnoDB,LOCK_SYS_PAGE,38,0,62
1787567862.336,2026-08-24 10:37:42.337,InnoDB,LOCK_SYS_PAGE,76,0,92
1787567862.336,2026-08-24 10:37:42.337,InnoDB,LOCK_SYS_PAGE,61,0,80
1787567862.336,2026-08-24 10:37:42.337,InnoDB,LOCK_SYS_PAGE,105,0,119
1787567862.336,2026-08-24 10:37:42.337,InnoDB,LOCK_SYS_PAGE,77,0,94
1787567862.336,2026-08-24 10:37:42.337,InnoDB,LOCK_SYS_PAGE,56,0,70
1787567862.336,2026-08-24 10:37:42.337,InnoDB,LOCK_SYS_PAGE,118,0,112
1787567862.336,2026-08-24 10:37:42.337,InnoDB,LOCK_SYS_PAGE,99,0,104
1787567862.336,2026-08-24 10:37:42.337,InnoDB,LOCK_SYS_PAGE,58,0,86
1787567862.336,2026-08-24 10:37:42.337,InnoDB,LOCK_SYS_PAGE,57,0,77
1787567862.336,2026-08-24 10:37:42.337,InnoDB,LOCK_SYS_PAGE,84,0,107
1787567862.336,2026-08-24 10:37:42.337,InnoDB,LOCK_SYS_PAGE,56,0,77
1787567862.336,2026-08-24 10:37:42.337,InnoDB,LOCK_SYS_PAGE,66,0,88
1787567862.336,2026-08-24 10:37:42.337,InnoDB,LOCK_SYS_PAGE,87,0,111
1787567862.336,2026-08-24 10:37:42.337,InnoDB,LOCK_SYS_PAGE,39,0,65
1787567862.336,2026-08-24 10:37:42.337,InnoDB,LOCK_SYS_PAGE,37,0,60
1787567862.336,2026-08-24 10:37:42.337,InnoDB,LOCK_SYS_PAGE,80,0,101
1787567862.336,2026-08-24 10:37:42.337,InnoDB,LOCK_SYS_PAGE,71,0,98
1787567862.336,2026-08-24 10:37:42.337,InnoDB,LOCK_SYS_PAGE,48,0,71
1787567862.336,2026-08-24 10:37:42.337,InnoDB,LOCK_SYS_PAGE,44,0,68
1787567862.336,2026-08-24 10:37:42.337,InnoDB,LOCK_SYS_PAGE,107,0,96
1787567862.336,2026-08-24 10:37:42.337,InnoDB,LOCK_SYS_PAGE,61,0,82
1787567862.336,2026-08-24 10:37:42.337,InnoDB,LOCK_SYS_PAGE,56,0,78
1787567862.336,2026-08-24 10:37:42.337,InnoDB,LOCK_SYS_PAGE,57,0,83
1787567862.336,2026-08-24 10:37:42.337,InnoDB,LOCK_SYS_PAGE,42,0,68
1787567862.336,2026-08-24 10:37:42.337,InnoDB,LOCK_SYS_PAGE,48,0,76
1787567862.336,2026-08-24 10:37:42.337,InnoDB,LOCK_SYS_PAGE,110,0,139
1787567862.336,2026-08-24 10:37:42.337,InnoDB,LOCK_SYS_PAGE,95,0,127
1787567862.336,2026-08-24 10:37:42.337,InnoDB,LOCK_SYS_PAGE,59,0,76
1787567862.336,2026-08-24 10:37:42.337,InnoDB,LOCK_SYS_PAGE,114,0,106
1787567862.336,2026-08-24 10:37:42.337,InnoDB,LOCK_SYS_PAGE,81,0,108
1787567862.336,2026-08-24 10:37:42.337,InnoDB,LOCK_SYS_PAGE,76,0,101
1787567862.336,2026-08-24 10:37:42.337,InnoDB,LOCK_SYS_PAGE,36,0,60
1787567862.336,2026-08-24 10:37:42.337,InnoDB,LOCK_SYS_PAGE,42,0,75
1787567862.336,2026-08-24 10:37:42.337,InnoDB,LOCK_SYS_PAGE,87,0,128
1787567862.336,2026-08-24 10:37:42.337,InnoDB,LOCK_SYS_PAGE,62,0,96
1787567862.336,2026-08-24 10:37:42.337,InnoDB,LOCK_SYS_PAGE,47,0,70
1787567862.336,2026-08-24 10:37:42.337,InnoDB,LOCK_SYS_PAGE,50,0,89
1787567862.336,2026-08-24 10:37:42.337,InnoDB,LOCK_SYS_PAGE,97,0,117
1787567862.336,2026-08-24 10:37:42.337,InnoDB,LOCK_SYS_PAGE,72,0,117
1787567862.336,2026-08-24 10:37:42.337,InnoDB,LOCK_SYS_PAGE,83,0,115
1787567862.336,2026-08-24 10:37:42.337,InnoDB,LOCK_SYS_PAGE,45,0,77
1787567862.336,2026-08-24 10:37:42.337,InnoDB,LOCK_SYS_PAGE,77,0,111
1787567862.336,2026-08-24 10:37:42.337,InnoDB,LOCK_SYS_PAGE,38,0,77
1787567862.336,2026-08-24 10:37:42.337,InnoDB,LOCK_SYS_PAGE,52,0,84
1787567862.336,2026-08-24 10:37:42.337,InnoDB,LOCK_SYS_PAGE,65,0,88
1787567862.336,2026-08-24 10:37:42.337,InnoDB,LOCK_SYS_PAGE,75,0,92
1787567862.336,2026-08-24 10:37:42.337,InnoDB,LOCK_SYS_PAGE,38,0,62
1787567862.336,2026-08-24 10:37:42.337,InnoDB,LOCK_SYS_PAGE,59,0,72
1787567862.336,2026-08-24 10:37:42.337,InnoDB,LOCK_SYS_PAGE,81,0,99
1787567862.336,2026-08-24 10:37:42.337,InnoDB,LOCK_SYS_PAGE,73,0,112
1787567862.336,2026-08-24 10:37:42.337,InnoDB,LOCK_SYS_PAGE,63,0,85
1787567862.336,2026-08-24 10:37:42.337,InnoDB,LOCK_SYS_PAGE,52,0,87
1787567862.336,2026-08-24 10:37:42.337,InnoDB,LOCK_SYS_PAGE,82,0,112
1787567862.336,2026-08-24 10:37:42.337,InnoDB,LOCK_SYS_PAGE,75,0,102
1787567862.336,2026-08-24 10:37:42.337,InnoDB,LOCK_SYS_PAGE,52,0,80
1787567862.336,2026-08-24 10:37:42.337,InnoDB,LOCK_SYS_TABLE,1302,0,1255
1787567862.336,2026-08-24 10:37:42.337,InnoDB,LOCK_SYS_TABLE,1246,0,1262
1787567862.336,2026-08-24 10:37:42.337,InnoDB,LOCK_SYS_TABLE,1124,0,1053
1787567862.336,2026-08-24 10:37:42.337,InnoDB,LOCK_SYS_TABLE,1229,0,1151
1787567862.336,2026-08-24 10:37:42.337,InnoDB,LOCK_SYS_TABLE,1179,0,1160
1787567862.336,2026-08-24 10:37:42.337,InnoDB,LOCK_SYS_TABLE,1220,0,1196
1787567862.336,2026-08-24 10:37:42.337,InnoDB,LOCK_SYS_TABLE,1247,0,1181
1787567862.336,2026-08-24 10:37:42.337,InnoDB,LOCK_SYS_TABLE,1127,0,1124
1787567862.336,2026-08-24 10:37:42.337,InnoDB,LOCK_SYS_TABLE,1114,0,1088
1787567862.336,2026-08-24 10:37:42.337,InnoDB,LOCK_SYS_TABLE,1170,0,1160
1787567862.336,2026-08-24 10:37:42.337,InnoDB,LOCK_SYS_TABLE,1230,0,1131
1787567862.336,2026-08-24 10:37:42.337,InnoDB,LOCK_SYS_TABLE,1200,0,1183
1787567862.336,2026-08-24 10:37:42.337,InnoDB,LOCK_SYS_TABLE,1207,0,1176
1787567862.336,2026-08-24 10:37:42.337,InnoDB,LOCK_SYS_PAGE,141,0,107
1787567862.336,2026-08-24 10:37:42.337,InnoDB,LOCK_SYS_PAGE,69,0,84
1787567862.336,2026-08-24 10:37:42.337,InnoDB,LOCK_SYS_PAGE,53,0,77
1787567862.336,2026-08-24 10:37:42.337,InnoDB,LOCK_SYS_PAGE,88,0,123
1787567862.336,2026-08-24 10:37:42.337,InnoDB,LOCK_SYS_PAGE,264,0,135
1787567862.336,2026-08-24 10:37:42.337,InnoDB,LOCK_SYS_TABLE,1243,0,1189
1787567862.336,2026-08-24 10:37:42.337,InnoDB,LOCK_SYS_TABLE,1140,0,1142
1787567862.336,2026-08-24 10:37:42.337,InnoDB,LOCK_SYS_TABLE,1256,0,1262
1787567862.336,2026-08-24 10:37:42.337,InnoDB,LOCK_SYS_TABLE,1157,0,1136
1787567862.336,2026-08-24 10:37:42.337,InnoDB,LOCK_SYS_TABLE,1185,0,1135
1787567862.336,2026-08-24 10:37:42.337,InnoDB,LOCK_SYS_TABLE,1217,0,1192
1787567862.336,2026-08-24 10:37:42.337,InnoDB,LOCK_SYS_TABLE,1258,0,1218
1787567862.336,2026-08-24 10:37:42.337,InnoDB,LOG_LIMITS,70,0,53
1787567862.336,2026-08-24 10:37:42.337,InnoDB,RECALC_POOL,1,0,4
1787567862.336,2026-08-24 10:37:42.337,InnoDB,CLONE_SYS,1,0,1
1787567862.336,2026-08-24 10:37:42.337,InnoDB,TRX_POOL_MANAGER,4,0,3
1787567862.336,2026-08-24 10:37:42.337,InnoDB,TRX,1,0,2
1787567862.336,2026-08-24 10:37:42.337,InnoDB,TRX_SYS_SHARD,1,0,1
1787567862.336,2026-08-24 10:37:42.337,InnoDB,TRX_SYS_SHARD,1,0,1
1787567862.336,2026-08-24 10:37:42.337,InnoDB,SRV_SYS_TASKS,200857,0,197524
1787567862.336,2026-08-24 10:37:42.337,InnoDB,LOCK_SYS_PAGE,147,0,72
1787567862.336,2026-08-24 10:37:42.337,InnoDB,LOCK_SYS_PAGE,41,0,65
1787567862.336,2026-08-24 10:37:42.337,InnoDB,LOCK_SYS_PAGE,109,0,107
1787567862.336,2026-08-24 10:37:42.337,InnoDB,LOCK_SYS_PAGE,170,0,110
1787567862.336,2026-08-24 10:37:42.337,InnoDB,LOCK_SYS_PAGE,61,0,85
1787567862.336,2026-08-24 10:37:42.337,InnoDB,LOCK_SYS_PAGE,60,0,82
1787567862.336,2026-08-24 10:37:42.337,InnoDB,LOCK_SYS_PAGE,203,0,110
1787567862.336,2026-08-24 10:37:42.337,InnoDB,LOCK_SYS_PAGE,38,0,64
1787567862.336,2026-08-24 10:37:42.337,InnoDB,LOCK_SYS_PAGE,53,0,80
1787567862.336,2026-08-24 10:37:42.337,InnoDB,LOCK_SYS_PAGE,78,0,99
1787567862.336,2026-08-24 10:37:42.337,InnoDB,LOCK_SYS_PAGE,142,0,110
1787567862.336,2026-08-24 10:37:42.337,InnoDB,LOCK_SYS_PAGE,44,0,70
1787567862.336,2026-08-24 10:37:42.337,InnoDB,LOCK_SYS_PAGE,54,0,76
1787567862.336,2026-08-24 10:37:42.337,InnoDB,LOCK_SYS_PAGE,71,0,91
1787567862.336,2026-08-24 10:37:42.337,InnoDB,LOCK_SYS_PAGE,98,0,128
1787567862.336,2026-08-24 10:37:42.337,InnoDB,LOCK_SYS_PAGE,54,0,77
1787567862.336,2026-08-24 10:37:42.337,InnoDB,LOCK_SYS_PAGE,38,0,70
1787567862.336,2026-08-24 10:37:42.337,InnoDB,LOCK_SYS_PAGE,72,0,95
1787567862.336,2026-08-24 10:37:42.337,InnoDB,LOCK_SYS_PAGE,70,0,104
1787567862.336,2026-08-24 10:37:42.337,InnoDB,LOCK_SYS_PAGE,51,0,73
1787567862.336,2026-08-24 10:37:42.337,InnoDB,LOCK_SYS_PAGE,55,0,88
1787567862.336,2026-08-24 10:37:42.337,InnoDB,LOCK_SYS_PAGE,78,0,101
1787567862.336,2026-08-24 10:37:42.337,InnoDB,LOCK_SYS_PAGE,62,0,87
1787567862.336,2026-08-24 10:37:42.337,InnoDB,LOCK_SYS_PAGE,46,0,68
1787567862.336,2026-08-24 10:37:42.337,InnoDB,LOCK_SYS_PAGE,89,0,109
1787567862.336,2026-08-24 10:37:42.337,InnoDB,LOCK_SYS_PAGE,125,0,101
1787567862.336,2026-08-24 10:37:42.337,InnoDB,LOCK_SYS_PAGE,34,0,56
1787567862.336,2026-08-24 10:37:42.337,InnoDB,LOCK_SYS_PAGE,55,0,78
1787567862.336,2026-08-24 10:37:42.337,InnoDB,LOCK_SYS_PAGE,77,0,109
1787567862.336,2026-08-24 10:37:42.337,InnoDB,LOCK_SYS_PAGE,121,0,109
1787567862.336,2026-08-24 10:37:42.337,InnoDB,LOCK_SYS_PAGE,49,0,73
1787567862.336,2026-08-24 10:37:42.337,InnoDB,LOCK_SYS_PAGE,55,0,83
1787567862.336,2026-08-24 10:37:42.337,InnoDB,LOCK_SYS_PAGE,56,0,80
1787567862.336,2026-08-24 10:37:42.337,InnoDB,LOCK_SYS_PAGE,55,0,87
1787567862.336,2026-08-24 10:37:42.337,InnoDB,LOCK_SYS_PAGE,39,0,64
1787567862.336,2026-08-24 10:37:42.337,InnoDB,LOCK_SYS_PAGE,75,0,98
1787567862.336,2026-08-24 10:37:42.337,InnoDB,LOCK_SYS_PAGE,83,0,96
1787567862.336,2026-08-24 10:37:42.337,InnoDB,LOCK_SYS_PAGE,252,0,86
1787567862.336,2026-08-24 10:37:42.337,InnoDB,LOCK_SYS_PAGE,46,0,76
1787567862.336,2026-08-24 10:37:42.337,InnoDB,LOCK_SYS_PAGE,73,0,101
1787567862.336,2026-08-24 10:37:42.337,InnoDB,LOCK_SYS_PAGE,74,0,95
1787567862.336,2026-08-24 10:37:42.337,InnoDB,LOCK_SYS_PAGE,45,0,60
1787567862.336,2026-08-24 10:37:42.337,InnoDB,LOCK_SYS_PAGE,32,0,68
1787567862.336,2026-08-24 10:37:42.337,InnoDB,LOCK_SYS_PAGE,89,0,116
1787567862.336,2026-08-24 10:37:42.337,InnoDB,LOCK_SYS_PAGE,77,0,104
1787567862.336,2026-08-24 10:37:42.337,InnoDB,LOCK_SYS_PAGE,67,0,95
1787567862.336,2026-08-24 10:37:42.337,InnoDB,LOCK_SYS_PAGE,57,0,93
1787567862.336,2026-08-24 10:37:42.337,InnoDB,LOCK_SYS_PAGE,86,0,110
1787567862.336,2026-08-24 10:37:42.337,InnoDB,LOCK_SYS_PAGE,78,0,96
1787567862.336,2026-08-24 10:37:42.337,InnoDB,LOCK_SYS_PAGE,36,0,54
1787567862.336,2026-08-24 10:37:42.337,InnoDB,LOCK_SYS_PAGE,42,0,59
1787567862.336,2026-08-24 10:37:42.337,InnoDB,LOCK_SYS_PAGE,78,0,93
1787567862.336,2026-08-24 10:37:42.337,InnoDB,LOCK_SYS_PAGE,82,0,96
1787567862.336,2026-08-24 10:37:42.337,InnoDB,LOCK_SYS_PAGE,47,0,72
1787567862.336,2026-08-24 10:37:42.337,InnoDB,LOCK_SYS_PAGE,55,0,88
1787567862.336,2026-08-24 10:37:42.337,InnoDB,LOCK_SYS_PAGE,72,0,100
1787567862.336,2026-08-24 10:37:42.337,InnoDB,LOCK_SYS_PAGE,94,0,113
1787567862.336,2026-08-24 10:37:42.337,InnoDB,LOCK_SYS_PAGE,73,0,88
1787567862.336,2026-08-24 10:37:42.337,InnoDB,LOCK_SYS_PAGE,63,0,88
1787567862.336,2026-08-24 10:37:42.337,InnoDB,LOCK_SYS_PAGE,70,0,101
1787567862.336,2026-08-24 10:37:42.337,InnoDB,LOCK_SYS_PAGE,44,0,70
1787567862.336,2026-08-24 10:37:42.337,InnoDB,LOCK_SYS_PAGE,31,0,70
1787567862.336,2026-08-24 10:37:42.337,InnoDB,LOCK_SYS_PAGE,83,0,124
1787567862.336,2026-08-24 10:37:42.337,InnoDB,LOCK_SYS_PAGE,73,0,112
1787567862.336,2026-08-24 10:37:42.337,InnoDB,LOCK_SYS_PAGE,41,0,76
1787567862.336,2026-08-24 10:37:42.337,InnoDB,LOCK_SYS_PAGE,58,0,88
1787567862.336,2026-08-24 10:37:42.337,InnoDB,LOCK_SYS_PAGE,80,0,100
1787567862.336,2026-08-24 10:37:42.337,InnoDB,LOCK_SYS_PAGE,79,0,91
1787567862.336,2026-08-24 10:37:42.337,InnoDB,LOCK_SYS_PAGE,39,0,70
1787567862.336,2026-08-24 10:37:42.337,InnoDB,LOCK_SYS_PAGE,36,0,60
1787567862.336,2026-08-24 10:37:42.337,InnoDB,LOCK_SYS_PAGE,50,0,69
1787567862.336,2026-08-24 10:37:42.337,InnoDB,LOCK_SYS_PAGE,74,0,98
1787567862.336,2026-08-24 10:37:42.337,InnoDB,LOCK_SYS_PAGE,39,0,64
1787567862.336,2026-08-24 10:37:42.337,InnoDB,LOCK_SYS_PAGE,38,0,59
1787567862.336,2026-08-24 10:37:42.337,InnoDB,LOCK_SYS_PAGE,103,0,133
1787567862.336,2026-08-24 10:37:42.337,InnoDB,LOCK_SYS_PAGE,32,0,51
1787567862.336,2026-08-24 10:37:42.337,InnoDB,LOCK_SYS_PAGE,60,0,62
1787567862.336,2026-08-24 10:37:42.337,InnoDB,LOCK_SYS_PAGE,88,0,119
1787567862.336,2026-08-24 10:37:42.337,InnoDB,LOCK_SYS_PAGE,89,0,116
1787567862.336,2026-08-24 10:37:42.337,InnoDB,LOCK_SYS_PAGE,44,0,71
1787567862.336,2026-08-24 10:37:42.337,InnoDB,LOCK_SYS_PAGE,51,0,76
1787567862.336,2026-08-24 10:37:42.337,InnoDB,LOCK_SYS_PAGE,69,0,96
1787567862.336,2026-08-24 10:37:42.337,InnoDB,LOCK_SYS_PAGE,76,0,111
1787567862.336,2026-08-24 10:37:42.337,InnoDB,LOCK_SYS_PAGE,91,0,114
1787567862.336,2026-08-24 10:37:42.337,InnoDB,LOCK_SYS_PAGE,106,0,120
1787567862.336,2026-08-24 10:37:42.337,InnoDB,LOCK_SYS_PAGE,57,0,95
1787567862.336,2026-08-24 10:37:42.337,InnoDB,LOCK_SYS_PAGE,58,0,73
1787567862.336,2026-08-24 10:37:42.337,InnoDB,LOCK_SYS_PAGE,64,0,88
1787567862.336,2026-08-24 10:37:42.337,InnoDB,LOCK_SYS_PAGE,82,0,113
1787567862.336,2026-08-24 10:37:42.337,InnoDB,LOCK_SYS_PAGE,45,0,72
1787567862.336,2026-08-24 10:37:42.337,InnoDB,LOCK_SYS_PAGE,37,0,62
1787567862.336,2026-08-24 10:37:42.337,InnoDB,LOCK_SYS_PAGE,69,0,101
1787567862.336,2026-08-24 10:37:42.337,InnoDB,LOCK_SYS_PAGE,88,0,114
1787567862.336,2026-08-24 10:37:42.337,InnoDB,LOCK_SYS_PAGE,66,0,98
1787567862.336,2026-08-24 10:37:42.337,InnoDB,LOCK_SYS_PAGE,46,0,75
1787567862.336,2026-08-24 10:37:42.337,InnoDB,LOCK_SYS_PAGE,40,0,61
1787567862.336,2026-08-24 10:37:42.337,InnoDB,LOCK_SYS_PAGE,81,0,104
1787567862.336,2026-08-24 10:37:42.337,InnoDB,LOCK_SYS_PAGE,39,0,62
1787567862.336,2026-08-24 10:37:42.337,InnoDB,LOCK_SYS_PAGE,52,0,86
1787567862.336,2026-08-24 10:37:42.337,InnoDB,LOCK_SYS_PAGE,88,0,115
1787567862.336,2026-08-24 10:37:42.337,InnoDB,LOCK_SYS_PAGE,95,0,128
1787567862.336,2026-08-24 10:37:42.337,InnoDB,LOCK_SYS_PAGE,42,0,62
1787567862.336,2026-08-24 10:37:42.337,InnoDB,LOCK_SYS_PAGE,104,0,80
1787567862.336,2026-08-24 10:37:42.337,InnoDB,LOCK_SYS_PAGE,102,0,125
1787567862.336,2026-08-24 10:37:42.337,InnoDB,LOCK_SYS_PAGE,102,0,117
1787567862.336,2026-08-24 10:37:42.337,InnoDB,LOCK_SYS_PAGE,32,0,60
1787567862.336,2026-08-24 10:37:42.337,InnoDB,LOCK_SYS_PAGE,52,0,82
1787567862.336,2026-08-24 10:37:42.337,InnoDB,LOCK_SYS_PAGE,45,0,67
1787567862.336,2026-08-24 10:37:42.337,InnoDB,LOCK_SYS_PAGE,237,0,84
1787567862.336,2026-08-24 10:37:42.337,InnoDB,LOCK_SYS_PAGE,68,0,98
1787567862.336,2026-08-24 10:37:42.337,InnoDB,LOCK_SYS_PAGE,78,0,113
1787567862.336,2026-08-24 10:37:42.337,InnoDB,LOCK_SYS_PAGE,59,0,86
1787567862.336,2026-08-24 10:37:42.337,InnoDB,LOCK_SYS_PAGE,54,0,78
1787567862.336,2026-08-24 10:37:42.337,InnoDB,LOCK_SYS_PAGE,45,0,73
1787567862.336,2026-08-24 10:37:42.337,InnoDB,LOCK_SYS_PAGE,89,0,112
1787567862.336,2026-08-24 10:37:42.337,InnoDB,LOCK_SYS_PAGE,56,0,77
1787567862.336,2026-08-24 10:37:42.337,InnoDB,LOCK_SYS_PAGE,130,0,66
1787567862.336,2026-08-24 10:37:42.337,InnoDB,LOCK_SYS_PAGE,71,0,97
1787567862.336,2026-08-24 10:37:42.337,InnoDB,LOCK_SYS_PAGE,90,0,115
1787567862.336,2026-08-24 10:37:42.337,InnoDB,LOCK_SYS_PAGE,56,0,91
1787567862.336,2026-08-24 10:37:42.337,InnoDB,LOCK_SYS_PAGE,60,0,79
1787567862.336,2026-08-24 10:37:42.337,InnoDB,LOCK_SYS_PAGE,91,0,110
1787567862.336,2026-08-24 10:37:42.337,InnoDB,LOCK_SYS_PAGE,108,0,121
1787567862.336,2026-08-24 10:37:42.337,InnoDB,LOCK_SYS_PAGE,44,0,62
1787567862.336,2026-08-24 10:37:42.337,InnoDB,LOCK_SYS_PAGE,52,0,74
1787567862.336,2026-08-24 10:37:42.337,InnoDB,LOCK_SYS_PAGE,99,0,125
1787567862.336,2026-08-24 10:37:42.337,InnoDB,LOCK_SYS_PAGE,85,0,97
1787567862.336,2026-08-24 10:37:42.337,InnoDB,LOCK_SYS_PAGE,73,0,72
1787567862.336,2026-08-24 10:37:42.337,InnoDB,LOCK_SYS_PAGE,55,0,76
1787567862.336,2026-08-24 10:37:42.337,InnoDB,LOCK_SYS_PAGE,74,0,102
1787567862.336,2026-08-24 10:37:42.337,InnoDB,LOCK_SYS_PAGE,73,0,100
1787567862.336,2026-08-24 10:37:42.337,InnoDB,LOCK_SYS_PAGE,39,0,55
1787567862.336,2026-08-24 10:37:42.337,InnoDB,LOCK_SYS_PAGE,54,0,84
1787567862.336,2026-08-24 10:37:42.337,InnoDB,LOCK_SYS_PAGE,144,0,84
1787567862.336,2026-08-24 10:37:42.337,InnoDB,LOCK_SYS_PAGE,79,0,101
1787567862.336,2026-08-24 10:37:42.337,InnoDB,LOCK_SYS_PAGE,83,0,111
1787567862.336,2026-08-24 10:37:42.337,InnoDB,LOCK_SYS_PAGE,48,0,77
1787567862.336,2026-08-24 10:37:42.337,InnoDB,LOCK_SYS_PAGE,96,0,74
1787567862.336,2026-08-24 10:37:42.337,InnoDB,LOCK_SYS_PAGE,80,0,112
1787567862.336,2026-08-24 10:37:42.337,InnoDB,LOCK_SYS_PAGE,180,0,121
1787567862.336,2026-08-24 10:37:42.337,InnoDB,LOCK_SYS_PAGE,49,0,82
1787567862.336,2026-08-24 10:37:42.337,InnoDB,LOCK_SYS_PAGE,156,0,84
1787567862.336,2026-08-24 10:37:42.337,InnoDB,LOCK_SYS_PAGE,90,0,105
1787567862.336,2026-08-24 10:37:42.337,InnoDB,LOCK_SYS_PAGE,256,0,136
1787567862.336,2026-08-24 10:37:42.337,InnoDB,LOCK_SYS_PAGE,53,0,79
1787567862.336,2026-08-24 10:37:42.337,InnoDB,LOCK_SYS_PAGE,45,0,74
1787567862.336,2026-08-24 10:37:42.337,InnoDB,LOCK_SYS_PAGE,83,0,100
1787567862.336,2026-08-24 10:37:42.337,InnoDB,LOCK_SYS_PAGE,109,0,122
1787567862.336,2026-08-24 10:37:42.337,InnoDB,LOCK_SYS_PAGE,45,0,63
1787567862.336,2026-08-24 10:37:42.337,InnoDB,LOCK_SYS_PAGE,31,0,64
1787567862.336,2026-08-24 10:37:42.337,InnoDB,LOCK_SYS_PAGE,72,0,106
1787567862.336,2026-08-24 10:37:42.337,InnoDB,LOCK_SYS_PAGE,77,0,99
1787567862.336,2026-08-24 10:37:42.337,InnoDB,LOCK_SYS_PAGE,49,0,81
1787567862.336,2026-08-24 10:37:42.337,InnoDB,LOCK_SYS_PAGE,45,0,69
1787567862.336,2026-08-24 10:37:42.337,InnoDB,LOCK_SYS_PAGE,111,0,134
1787567862.336,2026-08-24 10:37:42.337,InnoDB,LOCK_SYS_PAGE,88,0,108
1787567862.336,2026-08-24 10:37:42.337,InnoDB,LOCK_SYS_PAGE,35,0,61
1787567862.336,2026-08-24 10:37:42.337,InnoDB,LOCK_SYS_PAGE,44,0,64
1787567862.336,2026-08-24 10:37:42.337,InnoDB,FIL_SHARD,1,0,1
1787567862.336,2026-08-24 10:37:42.337,InnoDB,FIL_SHARD,61,0,71
1787567862.336,2026-08-24 10:37:42.337,InnoDB,LOCK_SYS_PAGE,128,0,147
1787567862.336,2026-08-24 10:37:42.337,InnoDB,LOCK_SYS_PAGE,46,0,69
1787567862.336,2026-08-24 10:37:42.337,InnoDB,LOCK_SYS_PAGE,84,0,103
1787567862.336,2026-08-24 10:37:42.337,InnoDB,LOCK_SYS_PAGE,40,0,61
1787567862.336,2026-08-24 10:37:42.337,InnoDB,LOCK_SYS_PAGE,44,0,72
1787567862.336,2026-08-24 10:37:42.337,InnoDB,LOCK_SYS_PAGE,63,0,80
1787567862.336,2026-08-24 10:37:42.337,InnoDB,LOCK_SYS_PAGE,69,0,88
1787567862.336,2026-08-24 10:37:42.337,InnoDB,LOCK_SYS_PAGE,35,0,64
1787567862.336,2026-08-24 10:37:42.337,InnoDB,LOCK_SYS_PAGE,80,0,97
1787567862.336,2026-08-24 10:37:42.337,InnoDB,LOCK_SYS_PAGE,90,0,120
1787567862.336,2026-08-24 10:37:42.337,InnoDB,LOCK_SYS_PAGE,40,0,73
1787567862.336,2026-08-24 10:37:42.337,InnoDB,LOCK_SYS_PAGE,50,0,80
1787567862.336,2026-08-24 10:37:42.337,InnoDB,LOCK_SYS_PAGE,102,0,92
1787567862.336,2026-08-24 10:37:42.337,InnoDB,LOCK_SYS_PAGE,67,0,94
1787567862.336,2026-08-24 10:37:42.337,InnoDB,LOCK_SYS_PAGE,54,0,80
1787567862.336,2026-08-24 10:37:42.337,InnoDB,LOCK_SYS_PAGE,40,0,68
1787567862.336,2026-08-24 10:37:42.337,InnoDB,LOCK_SYS_PAGE,82,0,96
1787567862.336,2026-08-24 10:37:42.337,InnoDB,LOCK_SYS_PAGE,93,0,115
1787567862.336,2026-08-24 10:37:42.337,InnoDB,LOCK_SYS_PAGE,56,0,81
1787567862.336,2026-08-24 10:37:42.337,InnoDB,LOCK_SYS_PAGE,60,0,97
1787567862.336,2026-08-24 10:37:42.337,InnoDB,LOCK_SYS_PAGE,102,0,109
1787567862.336,2026-08-24 10:37:42.337,InnoDB,LOCK_SYS_PAGE,66,0,93
1787567862.336,2026-08-24 10:37:42.337,InnoDB,LOCK_SYS_PAGE,49,0,74
1787567862.336,2026-08-24 10:37:42.337,InnoDB,LOCK_SYS_PAGE,39,0,74
1787567862.336,2026-08-24 10:37:42.337,InnoDB,LOCK_SYS_PAGE,82,0,109
1787567862.336,2026-08-24 10:37:42.337,InnoDB,LOCK_SYS_PAGE,60,0,87
1787567862.336,2026-08-24 10:37:42.337,InnoDB,LOCK_SYS_PAGE,55,0,75
1787567862.336,2026-08-24 10:37:42.337,InnoDB,LOCK_SYS_PAGE,40,0,59
1787567862.336,2026-08-24 10:37:42.337,InnoDB,LOCK_SYS_PAGE,72,0,94
1787567862.336,2026-08-24 10:37:42.337,InnoDB,LOCK_SYS_PAGE,93,0,105
1787567862.336,2026-08-24 10:37:42.337,InnoDB,LOCK_SYS_PAGE,54,0,68
1787567862.336,2026-08-24 10:37:42.337,InnoDB,LOCK_SYS_PAGE,54,0,81
1787567862.336,2026-08-24 10:37:42.337,InnoDB,LOCK_SYS_PAGE,104,0,93
1787567862.336,2026-08-24 10:37:42.337,InnoDB,LOCK_SYS_PAGE,85,0,95
1787567862.336,2026-08-24 10:37:42.337,InnoDB,LOCK_SYS_PAGE,63,0,73
1787567862.336,2026-08-24 10:37:42.337,InnoDB,LOCK_SYS_PAGE,54,0,87
1787567862.336,2026-08-24 10:37:42.337,InnoDB,LOCK_SYS_PAGE,134,0,139
1787567862.336,2026-08-24 10:37:42.337,InnoDB,LOCK_SYS_PAGE,75,0,101
1787567862.336,2026-08-24 10:37:42.337,InnoDB,LOCK_SYS_PAGE,54,0,90
1787567862.336,2026-08-24 10:37:42.337,InnoDB,LOCK_SYS_PAGE,58,0,73
1787567862.336,2026-08-24 10:37:42.337,InnoDB,LOCK_SYS_PAGE,93,0,113
1787567862.336,2026-08-24 10:37:42.337,InnoDB,LOCK_SYS_PAGE,76,0,100
1787567862.336,2026-08-24 10:37:42.337,InnoDB,LOCK_SYS_PAGE,41,0,67
1787567862.336,2026-08-24 10:37:42.337,InnoDB,LOCK_SYS_PAGE,48,0,80
1787567862.336,2026-08-24 10:37:42.337,InnoDB,LOCK_SYS_PAGE,68,0,111
1787567862.336,2026-08-24 10:37:42.337,InnoDB,LOCK_SYS_PAGE,98,0,126
1787567862.336,2026-08-24 10:37:42.337,InnoDB,LOCK_SYS_PAGE,58,0,56
1787567862.336,2026-08-24 10:37:42.337,InnoDB,LOCK_SYS_PAGE,95,0,101
1787567862.336,2026-08-24 10:37:42.337,InnoDB,LOCK_SYS_PAGE,89,0,105
1787567862.336,2026-08-24 10:37:42.337,InnoDB,LOCK_SYS_PAGE,89,0,117
1787567862.336,2026-08-24 10:37:42.337,InnoDB,LOCK_SYS_PAGE,53,0,82
1787567862.336,2026-08-24 10:37:42.337,InnoDB,LOCK_SYS_PAGE,56,0,86
1787567862.336,2026-08-24 10:37:42.337,InnoDB,LOCK_SYS_PAGE,86,0,93
1787567862.336,2026-08-24 10:37:42.337,InnoDB,LOCK_SYS_PAGE,99,0,100
1787567862.336,2026-08-24 10:37:42.337,InnoDB,LOCK_SYS_PAGE,79,0,69
1787567862.336,2026-08-24 10:37:42.337,InnoDB,LOCK_SYS_PAGE,45,0,76
1787567862.336,2026-08-24 10:37:42.337,InnoDB,LOCK_SYS_PAGE,82,0,103
1787567862.336,2026-08-24 10:37:42.337,InnoDB,LOCK_SYS_PAGE,48,0,87
1787567862.336,2026-08-24 10:37:42.337,InnoDB,LOCK_SYS_PAGE,60,0,79
1787567862.336,2026-08-24 10:37:42.337,InnoDB,LOCK_SYS_PAGE,91,0,116
1787567862.336,2026-08-24 10:37:42.337,InnoDB,LOCK_SYS_PAGE,98,0,114
1787567862.336,2026-08-24 10:37:42.337,InnoDB,LOCK_SYS_PAGE,302,0,92
1787567862.336,2026-08-24 10:37:42.337,InnoDB,LOCK_SYS_PAGE,46,0,60
1787567862.336,2026-08-24 10:37:42.337,InnoDB,LOCK_SYS_PAGE,108,0,118
1787567862.336,2026-08-24 10:37:42.337,InnoDB,LOCK_SYS_PAGE,65,0,72
1787567862.336,2026-08-24 10:37:42.337,InnoDB,LOCK_SYS_PAGE,54,0,94
1787567862.336,2026-08-24 10:37:42.337,InnoDB,LOCK_SYS_PAGE,71,0,96
1787567862.336,2026-08-24 10:37:42.337,InnoDB,LOCK_SYS_PAGE,67,0,106
1787567862.336,2026-08-24 10:37:42.337,InnoDB,LOCK_SYS_PAGE,41,0,81
1787567862.336,2026-08-24 10:37:42.337,InnoDB,LOCK_SYS_PAGE,50,0,80
1787567862.336,2026-08-24 10:37:42.337,InnoDB,LOCK_SYS_PAGE,75,0,108
1787567862.336,2026-08-24 10:37:42.337,InnoDB,LOCK_SYS_PAGE,60,0,100
1787567862.336,2026-08-24 10:37:42.337,InnoDB,LOCK_SYS_PAGE,61,0,77
1787567862.336,2026-08-24 10:37:42.337,InnoDB,LOCK_SYS_PAGE,68,0,90
1787567862.336,2026-08-24 10:37:42.337,InnoDB,LOCK_SYS_PAGE,53,0,74
1787567862.336,2026-08-24 10:37:42.337,InnoDB,LOCK_SYS_PAGE,65,0,87
1787567862.336,2026-08-24 10:37:42.337,InnoDB,LOCK_SYS_PAGE,46,0,62
1787567862.336,2026-08-24 10:37:42.337,InnoDB,LOCK_SYS_PAGE,41,0,71
1787567862.336,2026-08-24 10:37:42.337,InnoDB,LOCK_SYS_PAGE,86,0,113
1787567862.336,2026-08-24 10:37:42.337,InnoDB,LOCK_SYS_PAGE,92,0,116
1787567862.336,2026-08-24 10:37:42.337,InnoDB,LOCK_SYS_PAGE,41,0,59
1787567862.336,2026-08-24 10:37:42.337,InnoDB,LOCK_SYS_PAGE,44,0,68
1787567862.336,2026-08-24 10:37:42.337,InnoDB,LOCK_SYS_PAGE,75,0,116
1787567862.336,2026-08-24 10:37:42.337,InnoDB,LOCK_SYS_PAGE,85,0,112
1787567862.336,2026-08-24 10:37:42.337,InnoDB,LOCK_SYS_PAGE,39,0,63
1787567862.336,2026-08-24 10:37:42.337,InnoDB,LOCK_SYS_PAGE,28,0,52
1787567862.336,2026-08-24 10:37:42.337,InnoDB,LOCK_SYS_PAGE,82,0,106
1787567862.336,2026-08-24 10:37:42.337,InnoDB,LOCK_SYS_PAGE,79,0,100
1787567862.336,2026-08-24 10:37:42.337,InnoDB,LOCK_SYS_PAGE,52,0,73
1787567862.336,2026-08-24 10:37:42.337,InnoDB,LOCK_SYS_PAGE,61,0,91
1787567862.336,2026-08-24 10:37:42.337,InnoDB,LOCK_SYS_PAGE,68,0,91
1787567862.336,2026-08-24 10:37:42.337,InnoDB,LOCK_SYS_PAGE,73,0,95
1787567862.336,2026-08-24 10:37:42.337,InnoDB,LOCK_SYS_PAGE,35,0,65
1787567862.336,2026-08-24 10:37:42.337,InnoDB,LOCK_SYS_PAGE,31,0,60
1787567862.336,2026-08-24 10:37:42.337,InnoDB,LOCK_SYS_PAGE,79,0,97
1787567862.336,2026-08-24 10:37:42.337,InnoDB,LOCK_SYS_PAGE,88,0,96
1787567862.336,2026-08-24 10:37:42.337,InnoDB,LOCK_SYS_PAGE,66,0,81
1787567862.336,2026-08-24 10:37:42.337,InnoDB,LOCK_SYS_PAGE,53,0,88
1787567862.336,2026-08-24 10:37:42.337,InnoDB,LOCK_SYS_PAGE,86,0,105
1787567862.336,2026-08-24 10:37:42.337,InnoDB,LOCK_SYS_PAGE,49,0,70
1787567862.336,2026-08-24 10:37:42.337,InnoDB,LOCK_SYS_PAGE,51,0,78
1787567862.336,2026-08-24 10:37:42.337,InnoDB,LOCK_SYS_PAGE,60,0,87
1787567862.336,2026-08-24 10:37:42.337,InnoDB,LOCK_SYS_PAGE,70,0,89
1787567862.336,2026-08-24 10:37:42.337,InnoDB,LOCK_SYS_PAGE,46,0,63
1787567862.336,2026-08-24 10:37:42.337,InnoDB,LOCK_SYS_PAGE,35,0,55
1787567862.336,2026-08-24 10:37:42.337,InnoDB,LOCK_SYS_PAGE,86,0,111
1787567862.336,2026-08-24 10:37:42.337,InnoDB,LOCK_SYS_PAGE,83,0,109
1787567862.336,2026-08-24 10:37:42.337,InnoDB,LOCK_SYS_PAGE,58,0,81
1787567862.336,2026-08-24 10:37:42.337,InnoDB,LOCK_SYS_PAGE,51,0,77
1787567862.336,2026-08-24 10:37:42.337,InnoDB,LOCK_SYS_PAGE,83,0,118
1787567862.336,2026-08-24 10:37:42.337,InnoDB,LOCK_SYS_PAGE,51,0,82
1787567862.336,2026-08-24 10:37:42.337,InnoDB,LOCK_SYS_PAGE,36,0,62
1787567862.336,2026-08-24 10:37:42.337,InnoDB,LOCK_SYS_PAGE,90,0,116
1787567862.336,2026-08-24 10:37:42.337,InnoDB,LOCK_SYS_PAGE,86,0,112
1787567862.336,2026-08-24 10:37:42.337,InnoDB,LOCK_SYS_PAGE,41,0,74
1787567862.336,2026-08-24 10:37:42.337,InnoDB,LOCK_SYS_PAGE,78,0,80
1787567862.336,2026-08-24 10:37:42.337,InnoDB,LOCK_SYS_PAGE,72,0,109
1787567862.336,2026-08-24 10:37:42.337,InnoDB,LOCK_SYS_PAGE,69,0,106
1787567862.336,2026-08-24 10:37:42.337,InnoDB,LOCK_SYS_PAGE,53,0,72
1787567862.336,2026-08-24 10:37:42.337,InnoDB,LOCK_SYS_PAGE,35,0,59
1787567862.336,2026-08-24 10:37:42.337,InnoDB,LOCK_SYS_PAGE,81,0,100
1787567862.336,2026-08-24 10:37:42.337,InnoDB,LOCK_SYS_PAGE,83,0,90
1787567862.336,2026-08-24 10:37:42.337,InnoDB,LOCK_SYS_PAGE,71,0,95
1787567862.336,2026-08-24 10:37:42.337,InnoDB,LOCK_SYS_PAGE,89,0,114
1787567862.336,2026-08-24 10:37:42.337,InnoDB,LOCK_SYS_PAGE,84,0,70
1787567862.336,2026-08-24 10:37:42.337,InnoDB,LOCK_SYS_PAGE,37,0,59
1787567862.336,2026-08-24 10:37:42.337,InnoDB,LOCK_SYS_PAGE,231,0,116
1787567862.336,2026-08-24 10:37:42.337,InnoDB,LOCK_SYS_PAGE,91,0,126
1787567862.336,2026-08-24 10:37:42.337,InnoDB,LOCK_SYS_PAGE,126,0,86
1787567862.336,2026-08-24 10:37:42.337,InnoDB,LOCK_SYS_PAGE,48,0,67
1787567862.336,2026-08-24 10:37:42.337,InnoDB,LOCK_SYS_PAGE,71,0,92
1787567862.336,2026-08-24 10:37:42.337,InnoDB,LOCK_SYS_PAGE,64,0,89
1787567862.336,2026-08-24 10:37:42.337,InnoDB,LOCK_SYS_PAGE,57,0,77
1787567862.336,2026-08-24 10:37:42.337,InnoDB,LOCK_SYS_PAGE,44,0,62
1787567862.336,2026-08-24 10:37:42.337,InnoDB,LOCK_SYS_PAGE,88,0,102
1787567862.336,2026-08-24 10:37:42.337,InnoDB,LOCK_SYS_PAGE,123,0,118
1787567862.336,2026-08-24 10:37:42.337,InnoDB,LOCK_SYS_PAGE,48,0,79
1787567862.336,2026-08-24 10:37:42.337,InnoDB,LOCK_SYS_PAGE,77,0,104
1787567862.336,2026-08-24 10:37:42.337,InnoDB,LOCK_SYS_PAGE,69,0,82
1787567862.336,2026-08-24 10:37:42.337,InnoDB,LOCK_SYS_PAGE,63,0,88
1787567862.336,2026-08-24 10:37:42.337,InnoDB,LOCK_SYS_PAGE,36,0,53
1787567862.336,2026-08-24 10:37:42.337,InnoDB,LOCK_SYS_PAGE,39,0,58
1787567862.336,2026-08-24 10:37:42.337,InnoDB,LOCK_SYS_PAGE,58,0,86
1787567862.336,2026-08-24 10:37:42.337,InnoDB,LOCK_SYS_PAGE,61,0,82
1787567862.336,2026-08-24 10:37:42.337,InnoDB,LOCK_SYS_PAGE,58,0,81
1787567862.336,2026-08-24 10:37:42.337,InnoDB,LOCK_SYS_PAGE,51,0,73
1787567862.336,2026-08-24 10:37:42.337,InnoDB,LOCK_SYS_PAGE,67,0,101
1787567862.336,2026-08-24 10:37:42.337,InnoDB,LOCK_SYS_PAGE,72,0,105
1787567862.336,2026-08-24 10:37:42.337,InnoDB,LOCK_SYS_PAGE,79,0,112
1787567862.336,2026-08-24 10:37:42.337,InnoDB,LOCK_SYS_PAGE,72,0,94
1787567862.336,2026-08-24 10:37:42.337,InnoDB,LOCK_SYS_PAGE,38,0,69
1787567862.336,2026-08-24 10:37:42.337,InnoDB,LOCK_SYS_PAGE,49,0,80
1787567862.336,2026-08-24 10:37:42.337,InnoDB,LOCK_SYS_PAGE,82,0,118
1787567862.336,2026-08-24 10:37:42.337,InnoDB,LOCK_SYS_PAGE,63,0,93
1787567862.336,2026-08-24 10:37:42.337,InnoDB,LOCK_SYS_PAGE,47,0,64
1787567862.336,2026-08-24 10:37:42.337,InnoDB,LOCK_SYS_PAGE,39,0,62
1787567862.336,2026-08-24 10:37:42.337,InnoDB,LOCK_SYS_PAGE,63,0,89
1787567862.336,2026-08-24 10:37:42.337,InnoDB,LOCK_SYS_PAGE,80,0,109
1787567862.336,2026-08-24 10:37:42.337,InnoDB,LOCK_SYS_PAGE,38,0,69
1787567862.336,2026-08-24 10:37:42.337,InnoDB,LOCK_SYS_PAGE,50,0,75
1787567862.336,2026-08-24 10:37:42.337,InnoDB,LOCK_SYS_PAGE,68,0,103
1787567862.336,2026-08-24 10:37:42.337,InnoDB,LOCK_SYS_PAGE,87,0,100
1787567862.336,2026-08-24 10:37:42.337,InnoDB,LOCK_SYS_PAGE,43,0,69
1787567862.336,2026-08-24 10:37:42.337,InnoDB,LOCK_SYS_PAGE,50,0,79
1787567862.336,2026-08-24 10:37:42.337,InnoDB,LOCK_SYS_PAGE,80,0,112
1787567862.336,2026-08-24 10:37:42.337,InnoDB,LOCK_SYS_PAGE,110,0,133
1787567862.336,2026-08-24 10:37:42.337,InnoDB,LOCK_SYS_PAGE,41,0,66
1787567862.336,2026-08-24 10:37:42.337,InnoDB,LOCK_SYS_PAGE,27,0,57
1787567862.336,2026-08-24 10:37:42.337,InnoDB,LOCK_SYS_PAGE,146,0,117
1787567862.336,2026-08-24 10:37:42.337,InnoDB,LOCK_SYS_PAGE,81,0,107
1787567862.336,2026-08-24 10:37:42.337,InnoDB,LOCK_SYS_PAGE,53,0,79
1787567862.336,2026-08-24 10:37:42.337,InnoDB,LOCK_SYS_PAGE,67,0,100
1787567862.336,2026-08-24 10:37:42.337,InnoDB,LOCK_SYS_PAGE,103,0,140
1787567862.336,2026-08-24 10:37:42.337,InnoDB,LOCK_SYS_PAGE,116,0,134
1787567862.336,2026-08-24 10:37:42.337,InnoDB,LOCK_SYS_PAGE,76,0,95
1787567862.336,2026-08-24 10:37:42.337,InnoDB,LOCK_SYS_PAGE,43,0,78
1787567862.336,2026-08-24 10:37:42.337,InnoDB,LOCK_SYS_PAGE,46,0,77
1787567862.336,2026-08-24 10:37:42.337,InnoDB,LOCK_SYS_PAGE,91,0,105
1787567862.336,2026-08-24 10:37:42.337,InnoDB,LOCK_SYS_PAGE,89,0,118
1787567862.336,2026-08-24 10:37:42.337,InnoDB,LOCK_SYS_PAGE,41,0,58
1787567862.336,2026-08-24 10:37:42.337,InnoDB,LOCK_SYS_PAGE,48,0,55
1787567862.336,2026-08-24 10:37:42.337,InnoDB,LOCK_SYS_PAGE,85,0,111
1787567862.336,2026-08-24 10:37:42.337,InnoDB,LOCK_SYS_PAGE,87,0,111
1787567862.336,2026-08-24 10:37:42.337,InnoDB,LOCK_SYS_PAGE,41,0,82
1787567862.336,2026-08-24 10:37:42.337,InnoDB,LOCK_SYS_PAGE,72,0,99
1787567862.336,2026-08-24 10:37:42.337,InnoDB,LOCK_SYS_PAGE,52,0,89
1787567862.336,2026-08-24 10:37:42.337,InnoDB,LOCK_SYS_PAGE,66,0,88
1787567862.336,2026-08-24 10:37:42.337,InnoDB,LOCK_SYS_PAGE,90,0,107
1787567862.336,2026-08-24 10:37:42.337,InnoDB,LOCK_SYS_PAGE,102,0,121
1787567862.336,2026-08-24 10:37:42.337,InnoDB,LOCK_SYS_PAGE,90,0,119
1787567862.336,2026-08-24 10:37:42.337,InnoDB,LOCK_SYS_PAGE,44,0,71
1787567862.336,2026-08-24 10:37:42.337,InnoDB,LOCK_SYS_PAGE,54,0,83
1787567862.336,2026-08-24 10:37:42.337,InnoDB,LOCK_SYS_PAGE,88,0,125
1787567862.336,2026-08-24 10:37:42.337,InnoDB,LOCK_SYS_PAGE,59,0,70
1787567862.336,2026-08-24 10:37:42.337,InnoDB,LOCK_SYS_PAGE,49,0,73
1787567862.336,2026-08-24 10:37:42.337,InnoDB,LOCK_SYS_PAGE,105,0,119
1787567862.336,2026-08-24 10:37:42.337,InnoDB,LOCK_SYS_PAGE,122,0,164
1787567862.336,2026-08-24 10:37:42.337,InnoDB,LOCK_SYS_PAGE,70,0,100
1787567862.336,2026-08-24 10:37:42.337,InnoDB,LOCK_SYS_PAGE,73,0,99
1787567862.336,2026-08-24 10:37:42.337,InnoDB,LOCK_SYS_PAGE,50,0,83
1787567862.336,2026-08-24 10:37:42.337,InnoDB,LOCK_SYS_PAGE,47,0,88
1787567862.336,2026-08-24 10:37:42.337,InnoDB,LOCK_SYS_PAGE,72,0,90
1787567862.336,2026-08-24 10:37:42.337,InnoDB,LOCK_SYS_PAGE,69,0,94
1787567862.336,2026-08-24 10:37:42.337,InnoDB,LOCK_SYS_PAGE,28,0,48
1787567862.336,2026-08-24 10:37:42.337,InnoDB,LOCK_SYS_PAGE,41,0,56
1787567862.336,2026-08-24 10:37:42.337,InnoDB,LOCK_SYS_PAGE,66,0,98
1787567862.336,2026-08-24 10:37:42.337,InnoDB,LOCK_SYS_PAGE,92,0,118
1787567862.336,2026-08-24 10:37:42.337,InnoDB,LOCK_SYS_PAGE,52,0,90
1787567862.336,2026-08-24 10:37:42.337,InnoDB,LOCK_SYS_PAGE,50,0,69
1787567862.336,2026-08-24 10:37:42.337,InnoDB,LOCK_SYS_PAGE,73,0,103
1787567862.336,2026-08-24 10:37:42.337,InnoDB,LOCK_SYS_PAGE,47,0,67
1787567862.336,2026-08-24 10:37:42.337,InnoDB,LOCK_SYS_PAGE,35,0,72
1787567862.336,2026-08-24 10:37:42.337,InnoDB,LOCK_SYS_PAGE,40,0,64
1787567862.336,2026-08-24 10:37:42.337,InnoDB,LOCK_SYS_PAGE,86,0,94
1787567862.336,2026-08-24 10:37:42.337,InnoDB,LOCK_SYS_PAGE,51,0,73
1787567862.336,2026-08-24 10:37:42.337,InnoDB,LOCK_SYS_PAGE,45,0,71
1787567862.336,2026-08-24 10:37:42.337,InnoDB,LOCK_SYS_PAGE,96,0,116
1787567862.336,2026-08-24 10:37:42.337,InnoDB,LOCK_SYS_PAGE,85,0,116
1787567862.336,2026-08-24 10:37:42.337,InnoDB,LOCK_SYS_PAGE,34,0,80
1787567862.336,2026-08-24 10:37:42.337,InnoDB,LOCK_SYS_PAGE,56,0,78
1787567862.336,2026-08-24 10:37:42.337,InnoDB,LOCK_SYS_PAGE,88,0,114
1787567862.336,2026-08-24 10:37:42.337,InnoDB,LOCK_SYS_PAGE,41,0,73
1787567862.336,2026-08-24 10:37:42.337,InnoDB,LOCK_SYS_PAGE,72,0,106
1787567862.336,2026-08-24 10:37:42.337,InnoDB,LOCK_SYS_PAGE,70,0,89
1787567862.336,2026-08-24 10:37:42.337,InnoDB,LOCK_SYS_PAGE,75,0,103
1787567862.336,2026-08-24 10:37:42.337,InnoDB,LOCK_SYS_PAGE,48,0,76
1787567862.336,2026-08-24 10:37:42.337,InnoDB,LOCK_SYS_PAGE,54,0,77
1787567862.336,2026-08-24 10:37:42.337,InnoDB,LOCK_SYS_PAGE,65,0,84
1787567862.336,2026-08-24 10:37:42.337,InnoDB,LOCK_SYS_PAGE,79,0,108
1787567862.336,2026-08-24 10:37:42.337,InnoDB,LOCK_SYS_PAGE,43,0,67
1787567862.336,2026-08-24 10:37:42.337,InnoDB,LOCK_SYS_PAGE,36,0,63
1787567862.336,2026-08-24 10:37:42.337,InnoDB,LOCK_SYS_PAGE,62,0,80
1787567862.336,2026-08-24 10:37:42.337,InnoDB,LOCK_SYS_PAGE,364,0,129
1787567862.336,2026-08-24 10:37:42.337,InnoDB,LOCK_SYS_PAGE,60,0,83
1787567862.336,2026-08-24 10:37:42.337,InnoDB,LOCK_SYS_PAGE,55,0,83
1787567862.336,2026-08-24 10:37:42.337,InnoDB,LOCK_SYS_PAGE,44,0,67
1787567862.336,2026-08-24 10:37:42.337,InnoDB,LOCK_SYS_PAGE,81,0,105
1787567862.336,2026-08-24 10:37:42.337,InnoDB,LOCK_SYS_PAGE,19,0,59
1787567862.336,2026-08-24 10:37:42.337,InnoDB,LOCK_SYS_PAGE,52,0,75
1787567862.336,2026-08-24 10:37:42.337,InnoDB,LOCK_SYS_PAGE,89,0,110
1787567862.336,2026-08-24 10:37:42.337,InnoDB,LOCK_SYS_PAGE,65,0,101
1787567862.336,2026-08-24 10:37:42.337,InnoDB,LOCK_SYS_PAGE,46,0,69
1787567862.336,2026-08-24 10:37:42.337,InnoDB,LOCK_SYS_PAGE,79,0,80
1787567862.336,2026-08-24 10:37:42.337,InnoDB,LOCK_SYS_PAGE,110,0,158
1787567862.336,2026-08-24 10:37:42.337,InnoDB,LOCK_SYS_PAGE,72,0,99
1787567862.336,2026-08-24 10:37:42.337,InnoDB,LOCK_SYS_PAGE,39,0,64
1787567862.336,2026-08-24 10:37:42.337,InnoDB,LOCK_SYS_PAGE,52,0,78
1787567862.336,2026-08-24 10:37:42.337,InnoDB,LOCK_SYS_PAGE,59,0,81
1787567862.336,2026-08-24 10:37:42.337,InnoDB,LOCK_SYS_PAGE,35,0,61
1787567862.336,2026-08-24 10:37:42.337,InnoDB,LOCK_SYS_PAGE,94,0,112
1787567862.336,2026-08-24 10:37:42.337,InnoDB,LOCK_SYS_PAGE,77,0,103
1787567862.336,2026-08-24 10:37:42.337,InnoDB,LOCK_SYS_PAGE,59,0,86
1787567862.336,2026-08-24 10:37:42.337,InnoDB,LOCK_SYS_PAGE,53,0,76
1787567862.336,2026-08-24 10:37:42.337,InnoDB,LOCK_SYS_PAGE,93,0,126
1787567862.336,2026-08-24 10:37:42.337,InnoDB,LOCK_SYS_PAGE,63,0,86
1787567862.336,2026-08-24 10:37:42.337,InnoDB,LOCK_SYS_PAGE,37,0,61
1787567862.336,2026-08-24 10:37:42.337,InnoDB,LOCK_SYS_PAGE,42,0,63
1787567862.336,2026-08-24 10:37:42.337,InnoDB,LOCK_SYS_PAGE,90,0,116
1787567862.336,2026-08-24 10:37:42.337,InnoDB,LOCK_SYS_PAGE,76,0,100
1787567862.336,2026-08-24 10:37:42.337,InnoDB,LOCK_SYS_PAGE,87,0,107
1787567862.336,2026-08-24 10:37:42.337,InnoDB,LOCK_SYS_PAGE,85,0,119
1787567862.336,2026-08-24 10:37:42.337,InnoDB,LOCK_SYS_PAGE,87,0,118
1787567862.336,2026-08-24 10:37:42.337,InnoDB,LOCK_SYS_PAGE,66,0,82
1787567862.336,2026-08-24 10:37:42.337,InnoDB,LOCK_SYS_PAGE,48,0,81
1787567862.336,2026-08-24 10:37:42.337,InnoDB,LOCK_SYS_PAGE,77,0,108
1787567862.336,2026-08-24 10:37:42.337,InnoDB,LOCK_SYS_PAGE,90,0,124
1787567862.336,2026-08-24 10:37:42.337,InnoDB,LOCK_SYS_PAGE,62,0,83
1787567862.336,2026-08-24 10:37:42.337,InnoDB,LOCK_SYS_PAGE,58,0,82
1787567862.336,2026-08-24 10:37:42.337,InnoDB,LOCK_SYS_PAGE,71,0,95
1787567862.336,2026-08-24 10:37:42.337,InnoDB,LOCK_SYS_PAGE,82,0,115
1787567862.336,2026-08-24 10:37:42.337,InnoDB,LOCK_SYS_PAGE,50,0,73
1787567862.336,2026-08-24 10:37:42.337,InnoDB,rwlock: fil0fil.cc:10242,,41107,
1787567862.336,2026-08-24 10:37:42.337,InnoDB,rwlock: fil0fil.cc:10242,,57834,
1787567862.336,2026-08-24 10:37:42.337,InnoDB,rwlock: dict0dict.cc:2631,,59999,
1787567862.336,2026-08-24 10:37:42.337,InnoDB,rwlock: dict0dict.cc:2631,,60050,
1787567862.336,2026-08-24 10:37:42.337,InnoDB,rwlock: dict0dict.cc:2631,,59726,
1787567862.336,2026-08-24 10:37:42.337,InnoDB,rwlock: dict0dict.cc:2631,,59328,
1787567862.336,2026-08-24 10:37:42.337,InnoDB,rwlock: dict0dict.cc:2631,,60203,
1787567862.336,2026-08-24 10:37:42.337,InnoDB,rwlock: dict0dict.cc:2631,,60092,
1787567862.336,2026-08-24 10:37:42.337,InnoDB,rwlock: dict0dict.cc:2631,,60203,
1787567862.336,2026-08-24 10:37:42.337,InnoDB,rwlock: dict0dict.cc:2631,,60388,
1787567862.336,2026-08-24 10:37:42.337,InnoDB,rwlock: dict0dict.cc:2631,,61017,
1787567862.336,2026-08-24 10:37:42.337,InnoDB,rwlock: dict0dict.cc:2631,,60718,
1787567862.336,2026-08-24 10:37:42.337,InnoDB,rwlock: dict0dict.cc:2631,,60657,
1787567862.336,2026-08-24 10:37:42.337,InnoDB,rwlock: dict0dict.cc:2631,,60469,
1787567862.336,2026-08-24 10:37:42.337,InnoDB,rwlock: dict0dict.cc:2631,,60456,
1787567862.336,2026-08-24 10:37:42.337,InnoDB,rwlock: dict0dict.cc:2631,,60663,
1787567862.336,2026-08-24 10:37:42.337,InnoDB,rwlock: dict0dict.cc:2631,,60243,
1787567862.336,2026-08-24 10:37:42.337,InnoDB,rwlock: dict0dict.cc:2631,,59225,
1787567862.336,2026-08-24 10:37:42.337,InnoDB,rwlock: dict0dict.cc:2631,,60106,
1787567862.336,2026-08-24 10:37:42.337,InnoDB,rwlock: dict0dict.cc:2631,,59271,
1787567862.336,2026-08-24 10:37:42.337,InnoDB,rwlock: dict0dict.cc:2631,,60456,
1787567862.336,2026-08-24 10:37:42.337,InnoDB,rwlock: dict0dict.cc:2631,,59713,
1787567862.336,2026-08-24 10:37:42.337,InnoDB,rwlock: dict0dict.cc:2631,,6,
1787567862.336,2026-08-24 10:37:42.337,InnoDB,rwlock: dict0dict.cc:2631,,7,
1787567862.336,2026-08-24 10:37:42.337,InnoDB,rwlock: dict0dict.cc:2631,,6,
1787567862.336,2026-08-24 10:37:42.337,InnoDB,rwlock: dict0dict.cc:2631,,7,
1787567862.336,2026-08-24 10:37:42.337,InnoDB,rwlock: dict0dict.cc:2631,,7,
1787567862.336,2026-08-24 10:37:42.337,InnoDB,rwlock: dict0dict.cc:2631,,7,
1787567862.336,2026-08-24 10:37:42.337,InnoDB,rwlock: dict0dict.cc:2631,,7,
1787567862.336,2026-08-24 10:37:42.337,InnoDB,rwlock: dict0dict.cc:2631,,4,
1787567862.336,2026-08-24 10:37:42.337,InnoDB,rwlock: dict0dict.cc:2631,,7,
1787567862.336,2026-08-24 10:37:42.337,InnoDB,rwlock: dict0dict.cc:2631,,5,
1787567862.336,2026-08-24 10:37:42.337,InnoDB,rwlock: dict0dict.cc:2631,,6,
1787567862.336,2026-08-24 10:37:42.337,InnoDB,rwlock: dict0dict.cc:2631,,5,
1787567862.336,2026-08-24 10:37:42.337,InnoDB,rwlock: dict0dict.cc:2631,,6,
1787567862.336,2026-08-24 10:37:42.337,InnoDB,rwlock: dict0dict.cc:2631,,5,
1787567862.336,2026-08-24 10:37:42.337,InnoDB,rwlock: dict0dict.cc:2631,,6,
1787567862.336,2026-08-24 10:37:42.337,InnoDB,rwlock: dict0dict.cc:2631,,7,
1787567862.336,2026-08-24 10:37:42.337,InnoDB,rwlock: dict0dict.cc:2631,,7,
1787567862.336,2026-08-24 10:37:42.337,InnoDB,rwlock: fil0fil.cc:10242,,1,
1787567862.336,2026-08-24 10:37:42.337,InnoDB,rwlock: dict0dict.cc:2631,,5,
1787567862.336,2026-08-24 10:37:42.337,InnoDB,rwlock: dict0dict.cc:2631,,7,
1787567862.336,2026-08-24 10:37:42.337,InnoDB,rwlock: dict0dict.cc:2631,,7,
1787567862.336,2026-08-24 10:37:42.337,InnoDB,rwlock: dict0dict.cc:2631,,1,
1787567862.336,2026-08-24 10:37:42.337,InnoDB,rwlock: dict0dict.cc:2631,,2,
1787567862.336,2026-08-24 10:37:42.337,InnoDB,rwlock: dict0dict.cc:1180,,15,
1787567862.336,2026-08-24 10:37:42.337,InnoDB,rwlock: hash0hash.cc:117,,1020990,
1787567862.336,2026-08-24 10:37:42.337,InnoDB,rwlock: hash0hash.cc:117,,1191989,
1787567862.336,2026-08-24 10:37:42.337,InnoDB,rwlock: hash0hash.cc:117,,1597259,
1787567862.336,2026-08-24 10:37:42.337,InnoDB,rwlock: hash0hash.cc:117,,1029853,
1787567862.336,2026-08-24 10:37:42.337,InnoDB,rwlock: hash0hash.cc:117,,1142583,
1787567862.336,2026-08-24 10:37:42.337,InnoDB,rwlock: hash0hash.cc:117,,2378016,
1787567862.336,2026-08-24 10:37:42.337,InnoDB,rwlock: hash0hash.cc:117,,1029292,
1787567862.336,2026-08-24 10:37:42.337,InnoDB,rwlock: hash0hash.cc:117,,1179416,
1787567862.336,2026-08-24 10:37:42.337,InnoDB,rwlock: hash0hash.cc:117,,1836065,
1787567862.336,2026-08-24 10:37:42.337,InnoDB,rwlock: hash0hash.cc:117,,1012584,
1787567862.336,2026-08-24 10:37:42.337,InnoDB,rwlock: hash0hash.cc:117,,1028844,
1787567862.336,2026-08-24 10:37:42.337,InnoDB,rwlock: hash0hash.cc:117,,1765895,
1787567862.336,2026-08-24 10:37:42.337,InnoDB,rwlock: hash0hash.cc:117,,1631238,
1787567862.336,2026-08-24 10:37:42.337,InnoDB,rwlock: hash0hash.cc:117,,1051165,
1787567862.336,2026-08-24 10:37:42.337,InnoDB,rwlock: hash0hash.cc:117,,1907052,
1787567862.336,2026-08-24 10:37:42.337,InnoDB,rwlock: hash0hash.cc:117,,1656976,
1787567862.336,2026-08-24 10:37:42.337,InnoDB,sum rwlock: buf0buf.cc:852,,8063120,
1787567875.905,2026-08-24 10:37:55.912,InnoDB,BUF_POOL_LRU_LIST,1554741168,1072664689,368883074
1787567875.905,2026-08-24 10:37:55.912,InnoDB,LOG_WRITER,3814310,127062,721
1787567875.905,2026-08-24 10:37:55.912,InnoDB,FLUSH_LIST,3362312,53693,1611162
1787567875.905,2026-08-24 10:37:55.912,InnoDB,BUF_BLOCK_MUTEX,1148215,20004,138718
1787567875.905,2026-08-24 10:37:55.912,InnoDB,BUF_POOL_FLUSH_STATE,11540688,13865,6036892
1787567875.905,2026-08-24 10:37:55.912,InnoDB,BUF_POOL_FREE_LIST,16040908,1955,15233805
1787567875.905,2026-08-24 10:37:55.912,InnoDB,TRX_SYS,432071,1281,338997
1787567875.905,2026-08-24 10:37:55.912,InnoDB,DICT_PERSIST_DIRTY_TABLES,2508202,679,1003621
1787567875.905,2026-08-24 10:37:55.912,InnoDB,TRX_SYS_SERIALISATION,55131,653,32036
1787567875.905,2026-08-24 10:37:55.912,InnoDB,UNDO_SPACE_RSEG,11604,375,96
1787567875.905,2026-08-24 10:37:55.912,InnoDB,UNDO_SPACE_RSEG,11292,369,89
1787567875.905,2026-08-24 10:37:55.912,InnoDB,UNDO_SPACE_RSEG,11203,367,100
1787567875.905,2026-08-24 10:37:55.912,InnoDB,UNDO_SPACE_RSEG,10596,349,60
1787567875.905,2026-08-24 10:37:55.912,InnoDB,UNDO_SPACE_RSEG,10874,348,105
1787567875.905,2026-08-24 10:37:55.912,InnoDB,UNDO_SPACE_RSEG,10031,322,102
1787567875.905,2026-08-24 10:37:55.912,InnoDB,UNDO_SPACE_RSEG,9129,298,68
1787567875.905,2026-08-24 10:37:55.912,InnoDB,UNDO_SPACE_RSEG,9008,293,76
1787567875.905,2026-08-24 10:37:55.912,InnoDB,UNDO_SPACE_RSEG,8875,291,77
1787567875.905,2026-08-24 10:37:55.912,InnoDB,UNDO_SPACE_RSEG,8672,282,78
1787567875.905,2026-08-24 10:37:55.912,InnoDB,UNDO_SPACE_RSEG,8732,278,84
1787567875.905,2026-08-24 10:37:55.912,InnoDB,IBUF_BITMAP,23500,271,8315
1787567875.905,2026-08-24 10:37:55.912,InnoDB,UNDO_SPACE_RSEG,8180,266,88
1787567875.905,2026-08-24 10:37:55.912,InnoDB,UNDO_SPACE_RSEG,8099,263,76
1787567875.905,2026-08-24 10:37:55.912,InnoDB,UNDO_SPACE_RSEG,8083,261,75
1787567875.905,2026-08-24 10:37:55.912,InnoDB,UNDO_SPACE_RSEG,7934,258,65
1787567875.905,2026-08-24 10:37:55.912,InnoDB,UNDO_SPACE_RSEG,7808,257,54
1787567875.905,2026-08-24 10:37:55.912,InnoDB,UNDO_SPACE_RSEG,7876,249,94
1787567875.905,2026-08-24 10:37:55.912,InnoDB,LOG_FILES,10739,242,408
1787567875.905,2026-08-24 10:37:55.912,InnoDB,UNDO_SPACE_RSEG,7359,239,74
1787567875.905,2026-08-24 10:37:55.912,InnoDB,UNDO_SPACE_RSEG,7392,238,85
1787567875.905,2026-08-24 10:37:55.912,InnoDB,UNDO_SPACE_RSEG,7308,236,72
1787567875.905,2026-08-24 10:37:55.912,InnoDB,UNDO_SPACE_RSEG,6995,226,68
1787567875.905,2026-08-24 10:37:55.912,InnoDB,UNDO_SPACE_RSEG,7113,224,85
1787567875.905,2026-08-24 10:37:55.912,InnoDB,UNDO_SPACE_RSEG,6893,224,73
1787567875.905,2026-08-24 10:37:55.912,InnoDB,UNDO_SPACE_RSEG,6884,224,80
1787567875.905,2026-08-24 10:37:55.912,InnoDB,UNDO_SPACE_RSEG,6793,219,67
1787567875.905,2026-08-24 10:37:55.912,InnoDB,UNDO_SPACE_RSEG,6192,200,69
1787567875.905,2026-08-24 10:37:55.912,InnoDB,UNDO_SPACE_RSEG,6241,200,75
1787567875.905,2026-08-24 10:37:55.912,InnoDB,UNDO_SPACE_RSEG,6296,199,77
1787567875.905,2026-08-24 10:37:55.912,InnoDB,UNDO_SPACE_RSEG,6212,198,72
1787567875.905,2026-08-24 10:37:55.912,InnoDB,UNDO_SPACE_RSEG,6071,196,64
1787567875.905,2026-08-24 10:37:55.912,InnoDB,UNDO_SPACE_RSEG,5983,193,53
1787567875.905,2026-08-24 10:37:55.912,InnoDB,UNDO_SPACE_RSEG,5874,190,62
1787567875.905,2026-08-24 10:37:55.912,InnoDB,UNDO_SPACE_RSEG,5873,188,85
1787567875.905,2026-08-24 10:37:55.912,InnoDB,UNDO_SPACE_RSEG,5900,186,89
1787567875.905,2026-08-24 10:37:55.912,InnoDB,LOG_FLUSHER,6649,186,296
1787567875.905,2026-08-24 10:37:55.912,InnoDB,UNDO_SPACE_RSEG,5650,181,73
1787567875.905,2026-08-24 10:37:55.912,InnoDB,UNDO_SPACE_RSEG,5704,179,68
1787567875.905,2026-08-24 10:37:55.912,InnoDB,UNDO_SPACE_RSEG,5389,176,55
1787567875.905,2026-08-24 10:37:55.912,InnoDB,UNDO_SPACE_RSEG,5559,175,76
1787567875.905,2026-08-24 10:37:55.912,InnoDB,UNDO_SPACE_RSEG,5224,168,66
1787567875.905,2026-08-24 10:37:55.912,InnoDB,UNDO_SPACE_RSEG,5277,168,71
1787567875.905,2026-08-24 10:37:55.912,InnoDB,UNDO_SPACE_RSEG,5155,165,64
1787567875.905,2026-08-24 10:37:55.912,InnoDB,UNDO_SPACE_RSEG,5150,162,67
1787567875.905,2026-08-24 10:37:55.912,InnoDB,UNDO_SPACE_RSEG,4952,158,58
1787567875.905,2026-08-24 10:37:55.912,InnoDB,UNDO_SPACE_RSEG,5038,152,87
1787567875.905,2026-08-24 10:37:55.912,InnoDB,UNDO_SPACE_RSEG,4638,150,54
1787567875.905,2026-08-24 10:37:55.912,InnoDB,UNDO_SPACE_RSEG,4721,149,64
1787567875.905,2026-08-24 10:37:55.912,InnoDB,UNDO_SPACE_RSEG,4533,147,59
1787567875.905,2026-08-24 10:37:55.912,InnoDB,UNDO_SPACE_RSEG,4632,146,86
1787567875.905,2026-08-24 10:37:55.912,InnoDB,UNDO_SPACE_RSEG,4535,145,59
1787567875.905,2026-08-24 10:37:55.912,InnoDB,UNDO_SPACE_RSEG,4449,144,69
1787567875.905,2026-08-24 10:37:55.912,InnoDB,PURGE_SYS_PQ,26817,142,20361
1787567875.905,2026-08-24 10:37:55.912,InnoDB,UNDO_SPACE_RSEG,4465,142,65
1787567875.905,2026-08-24 10:37:55.912,InnoDB,UNDO_SPACE_RSEG,4537,141,69
1787567875.905,2026-08-24 10:37:55.912,InnoDB,UNDO_SPACE_RSEG,4400,139,50
1787567875.905,2026-08-24 10:37:55.912,InnoDB,UNDO_SPACE_RSEG,4387,138,72
1787567875.905,2026-08-24 10:37:55.912,InnoDB,UNDO_SPACE_RSEG,4286,137,57
1787567875.905,2026-08-24 10:37:55.912,InnoDB,UNDO_SPACE_RSEG,4239,134,61
1787567875.905,2026-08-24 10:37:55.912,InnoDB,UNDO_SPACE_RSEG,4060,132,62
1787567875.905,2026-08-24 10:37:55.912,InnoDB,UNDO_SPACE_RSEG,4074,130,60
1787567875.905,2026-08-24 10:37:55.912,InnoDB,UNDO_SPACE_RSEG,4041,129,51
1787567875.905,2026-08-24 10:37:55.912,InnoDB,UNDO_SPACE_RSEG,4293,128,79
1787567875.905,2026-08-24 10:37:55.912,InnoDB,UNDO_SPACE_RSEG,4036,125,80
1787567875.905,2026-08-24 10:37:55.912,InnoDB,UNDO_SPACE_RSEG,3882,124,66
1787567875.905,2026-08-24 10:37:55.912,InnoDB,UNDO_SPACE_RSEG,3874,122,85
1787567875.905,2026-08-24 10:37:55.912,InnoDB,UNDO_SPACE_RSEG,3716,122,51
1787567875.905,2026-08-24 10:37:55.912,InnoDB,UNDO_SPACE_RSEG,3963,120,72
1787567875.905,2026-08-24 10:37:55.912,InnoDB,UNDO_SPACE_RSEG,3783,120,60
1787567875.905,2026-08-24 10:37:55.912,InnoDB,UNDO_SPACE_RSEG,3809,118,64
1787567875.905,2026-08-24 10:37:55.912,InnoDB,UNDO_SPACE_RSEG,3621,116,56
1787567875.905,2026-08-24 10:37:55.912,InnoDB,UNDO_SPACE_RSEG,3495,114,49
1787567875.905,2026-08-24 10:37:55.912,InnoDB,DICT_SYS,3635351,114,2243456
1787567875.905,2026-08-24 10:37:55.912,InnoDB,UNDO_SPACE_RSEG,3449,113,62
1787567875.905,2026-08-24 10:37:55.912,InnoDB,UNDO_SPACE_RSEG,3480,111,51
1787567875.905,2026-08-24 10:37:55.912,InnoDB,UNDO_SPACE_RSEG,3576,111,55
1787567875.905,2026-08-24 10:37:55.912,InnoDB,SRV_SYS,336078,106,221998
1787567875.905,2026-08-24 10:37:55.912,InnoDB,UNDO_SPACE_RSEG,3145,102,49
1787567875.905,2026-08-24 10:37:55.912,InnoDB,UNDO_SPACE_RSEG,3262,100,60
1787567875.905,2026-08-24 10:37:55.912,InnoDB,UNDO_SPACE_RSEG,3165,100,72
1787567875.905,2026-08-24 10:37:55.912,InnoDB,UNDO_SPACE_RSEG,3190,99,66
1787567875.905,2026-08-24 10:37:55.912,InnoDB,UNDO_SPACE_RSEG,3049,98,52
1787567875.905,2026-08-24 10:37:55.912,InnoDB,UNDO_SPACE_RSEG,3069,97,68
1787567875.905,2026-08-24 10:37:55.912,InnoDB,UNDO_SPACE_RSEG,2946,95,58
1787567875.905,2026-08-24 10:37:55.912,InnoDB,UNDO_SPACE_RSEG,2954,93,45
1787567875.905,2026-08-24 10:37:55.912,InnoDB,UNDO_SPACE_RSEG,2926,93,53
1787567875.905,2026-08-24 10:37:55.912,InnoDB,UNDO_SPACE_RSEG,2953,92,48
1787567875.905,2026-08-24 10:37:55.912,InnoDB,UNDO_SPACE_RSEG,2902,91,56
1787567875.905,2026-08-24 10:37:55.912,InnoDB,UNDO_SPACE_RSEG,2835,89,63
1787567875.905,2026-08-24 10:37:55.912,InnoDB,UNDO_SPACE_RSEG,2795,88,64
1787567875.905,2026-08-24 10:37:55.912,InnoDB,UNDO_SPACE_RSEG,2732,86,79
1787567875.905,2026-08-24 10:37:55.912,InnoDB,UNDO_SPACE_RSEG,2588,84,47
1787567875.905,2026-08-24 10:37:55.912,InnoDB,UNDO_SPACE_RSEG,2587,81,43
1787567875.905,2026-08-24 10:37:55.912,InnoDB,UNDO_SPACE_RSEG,2658,81,65
1787567875.905,2026-08-24 10:37:55.912,InnoDB,UNDO_SPACE_RSEG,2504,80,45
1787567875.905,2026-08-24 10:37:55.912,InnoDB,UNDO_SPACE_RSEG,2525,79,47
1787567875.905,2026-08-24 10:37:55.912,InnoDB,UNDO_SPACE_RSEG,2506,78,53
1787567875.905,2026-08-24 10:37:55.912,InnoDB,UNDO_SPACE_RSEG,2462,78,56
1787567875.905,2026-08-24 10:37:55.912,InnoDB,UNDO_SPACE_RSEG,2456,76,71
1787567875.905,2026-08-24 10:37:55.912,InnoDB,UNDO_SPACE_RSEG,2335,76,49
1787567875.905,2026-08-24 10:37:55.912,InnoDB,UNDO_SPACE_RSEG,2557,76,53
1787567875.905,2026-08-24 10:37:55.912,InnoDB,UNDO_SPACE_RSEG,2337,75,38
1787567875.905,2026-08-24 10:37:55.912,InnoDB,UNDO_SPACE_RSEG,2352,75,61
1787567875.905,2026-08-24 10:37:55.912,InnoDB,UNDO_SPACE_RSEG,2400,73,59
1787567875.905,2026-08-24 10:37:55.912,InnoDB,UNDO_SPACE_RSEG,2282,72,46
1787567875.905,2026-08-24 10:37:55.912,InnoDB,UNDO_SPACE_RSEG,2343,72,48
1787567875.905,2026-08-24 10:37:55.912,InnoDB,UNDO_SPACE_RSEG,2288,71,68
1787567875.905,2026-08-24 10:37:55.912,InnoDB,UNDO_SPACE_RSEG,2160,70,54
1787567875.905,2026-08-24 10:37:55.912,InnoDB,UNDO_SPACE_RSEG,2218,70,48
1787567875.905,2026-08-24 10:37:55.912,InnoDB,UNDO_SPACE_RSEG,2189,69,55
1787567875.905,2026-08-24 10:37:55.912,InnoDB,UNDO_SPACE_RSEG,2099,67,60
1787567875.905,2026-08-24 10:37:55.912,InnoDB,UNDO_SPACE_RSEG,2120,66,47
1787567875.905,2026-08-24 10:37:55.912,InnoDB,UNDO_SPACE_RSEG,2097,66,37
1787567875.905,2026-08-24 10:37:55.912,InnoDB,UNDO_SPACE_RSEG,2122,64,62
1787567875.905,2026-08-24 10:37:55.912,InnoDB,UNDO_SPACE_RSEG,2084,64,57
1787567875.905,2026-08-24 10:37:55.912,InnoDB,FIL_SHARD,194866,64,208256
1787567875.905,2026-08-24 10:37:55.912,InnoDB,UNDO_SPACE_RSEG,2074,64,46
1787567875.905,2026-08-24 10:37:55.912,InnoDB,UNDO_SPACE_RSEG,2028,63,49
1787567875.905,2026-08-24 10:37:55.912,InnoDB,UNDO_SPACE_RSEG,1936,63,42
1787567875.905,2026-08-24 10:37:55.912,InnoDB,UNDO_SPACE_RSEG,2085,63,54
1787567875.905,2026-08-24 10:37:55.912,InnoDB,UNDO_SPACE_RSEG,2119,62,63
1787567875.905,2026-08-24 10:37:55.912,InnoDB,FIL_SHARD,199697,61,213335
1787567875.905,2026-08-24 10:37:55.912,InnoDB,UNDO_SPACE_RSEG,2052,61,53
1787567875.905,2026-08-24 10:37:55.912,InnoDB,UNDO_SPACE_RSEG,1942,60,54
1787567875.905,2026-08-24 10:37:55.912,InnoDB,FIL_SHARD,204254,59,215455
1787567875.905,2026-08-24 10:37:55.912,InnoDB,UNDO_SPACE_RSEG,1885,58,48
1787567875.905,2026-08-24 10:37:55.912,InnoDB,UNDO_SPACE_RSEG,1802,57,52
1787567875.905,2026-08-24 10:37:55.912,InnoDB,UNDO_SPACE_RSEG,1854,57,50
1787567875.905,2026-08-24 10:37:55.912,InnoDB,FIL_SHARD,195295,57,210040
1787567875.905,2026-08-24 10:37:55.912,InnoDB,UNDO_SPACE_RSEG,1795,57,47
1787567875.905,2026-08-24 10:37:55.912,InnoDB,FIL_SHARD,193672,56,207339
1787567875.905,2026-08-24 10:37:55.912,InnoDB,UNDO_SPACE_RSEG,1827,55,56
1787567875.905,2026-08-24 10:37:55.912,InnoDB,UNDO_SPACE_RSEG,1739,55,39
1787567875.905,2026-08-24 10:37:55.912,InnoDB,UNDO_SPACE_RSEG,1730,54,47
1787567875.905,2026-08-24 10:37:55.912,InnoDB,FIL_SHARD,190115,54,206288
1787567875.905,2026-08-24 10:37:55.912,InnoDB,UNDO_SPACE_RSEG,1715,53,48
1787567875.905,2026-08-24 10:37:55.912,InnoDB,UNDO_SPACE_RSEG,1651,53,44
1787567875.905,2026-08-24 10:37:55.912,InnoDB,FIL_SHARD,197823,53,211650
1787567875.905,2026-08-24 10:37:55.912,InnoDB,FIL_SHARD,186158,53,202100
1787567875.905,2026-08-24 10:37:55.912,InnoDB,FIL_SHARD,200971,52,228260
1787567875.905,2026-08-24 10:37:55.912,InnoDB,UNDO_SPACE_RSEG,1677,52,42
1787567875.905,2026-08-24 10:37:55.912,InnoDB,UNDO_SPACE_RSEG,1640,52,41
1787567875.905,2026-08-24 10:37:55.912,InnoDB,UNDO_SPACE_RSEG,1651,51,54
1787567875.905,2026-08-24 10:37:55.912,InnoDB,UNDO_SPACE_RSEG,1622,51,48
1787567875.905,2026-08-24 10:37:55.912,InnoDB,UNDO_SPACE_RSEG,1719,51,60
1787567875.905,2026-08-24 10:37:55.912,InnoDB,UNDO_SPACE_RSEG,1682,51,49
1787567875.905,2026-08-24 10:37:55.912,InnoDB,FIL_SHARD,181257,51,197886
1787567875.905,2026-08-24 10:37:55.912,InnoDB,UNDO_SPACE_RSEG,1716,51,58
1787567875.905,2026-08-24 10:37:55.912,InnoDB,FIL_SHARD,194731,51,220891
1787567875.905,2026-08-24 10:37:55.912,InnoDB,FIL_SHARD,194351,50,208667
1787567875.905,2026-08-24 10:37:55.912,InnoDB,FIL_SHARD,185921,50,213843
1787567875.905,2026-08-24 10:37:55.912,InnoDB,UNDO_SPACE_RSEG,1585,49,39
1787567875.905,2026-08-24 10:37:55.912,InnoDB,UNDO_SPACE_RSEG,1579,49,57
1787567875.905,2026-08-24 10:37:55.912,InnoDB,FIL_SHARD,196211,49,222302
1787567875.905,2026-08-24 10:37:55.912,InnoDB,UNDO_SPACE_RSEG,1474,48,37
1787567875.905,2026-08-24 10:37:55.912,InnoDB,FIL_SHARD,186669,48,200931
1787567875.905,2026-08-24 10:37:55.912,InnoDB,UNDO_SPACE_RSEG,1478,48,36
1787567875.905,2026-08-24 10:37:55.912,InnoDB,UNDO_SPACE_RSEG,1645,48,47
1787567875.905,2026-08-24 10:37:55.912,InnoDB,UNDO_SPACE_RSEG,1532,47,43
1787567875.905,2026-08-24 10:37:55.912,InnoDB,UNDO_SPACE_RSEG,1474,47,46
1787567875.905,2026-08-24 10:37:55.912,InnoDB,FIL_SHARD,198879,47,212216
1787567875.905,2026-08-24 10:37:55.912,InnoDB,UNDO_SPACE_RSEG,1545,47,51
1787567875.905,2026-08-24 10:37:55.912,InnoDB,FIL_SHARD,199683,47,213307
1787567875.905,2026-08-24 10:37:55.912,InnoDB,UNDO_SPACE_RSEG,1548,47,54
1787567875.905,2026-08-24 10:37:55.912,InnoDB,FIL_SHARD,192418,47,206847
1787567875.905,2026-08-24 10:37:55.912,InnoDB,UNDO_SPACE_RSEG,1455,46,50
1787567875.905,2026-08-24 10:37:55.912,InnoDB,UNDO_SPACE_RSEG,1490,46,34
1787567875.905,2026-08-24 10:37:55.912,InnoDB,UNDO_SPACE_RSEG,1448,46,42
1787567875.905,2026-08-24 10:37:55.912,InnoDB,UNDO_SPACE_RSEG,1514,46,50
1787567875.905,2026-08-24 10:37:55.912,InnoDB,FIL_SHARD,186046,46,200825
1787567875.905,2026-08-24 10:37:55.912,InnoDB,UNDO_SPACE_RSEG,1422,45,45
1787567875.905,2026-08-24 10:37:55.912,InnoDB,UNDO_SPACE_RSEG,1448,45,54
1787567875.905,2026-08-24 10:37:55.912,InnoDB,UNDO_SPACE_RSEG,1499,44,55
1787567875.905,2026-08-24 10:37:55.912,InnoDB,UNDO_SPACE_RSEG,1435,44,50
1787567875.905,2026-08-24 10:37:55.912,InnoDB,UNDO_SPACE_RSEG,1405,44,49
1787567875.905,2026-08-24 10:37:55.912,InnoDB,UNDO_SPACE_RSEG,1375,44,39
1787567875.905,2026-08-24 10:37:55.912,InnoDB,UNDO_SPACE_RSEG,1405,43,45
1787567875.905,2026-08-24 10:37:55.912,InnoDB,UNDO_SPACE_RSEG,1382,43,52
1787567875.905,2026-08-24 10:37:55.912,InnoDB,UNDO_SPACE_RSEG,1367,43,41
1787567875.905,2026-08-24 10:37:55.912,InnoDB,UNDO_SPACE_RSEG,1438,43,48
1787567875.905,2026-08-24 10:37:55.912,InnoDB,UNDO_SPACE_RSEG,1347,42,41
1787567875.905,2026-08-24 10:37:55.912,InnoDB,UNDO_SPACE_RSEG,1313,42,37
1787567875.905,2026-08-24 10:37:55.912,InnoDB,UNDO_SPACE_RSEG,1257,40,52
1787567875.905,2026-08-24 10:37:55.912,InnoDB,UNDO_SPACE_RSEG,1264,40,44
1787567875.905,2026-08-24 10:37:55.912,InnoDB,UNDO_SPACE_RSEG,1359,40,47
1787567875.905,2026-08-24 10:37:55.912,InnoDB,UNDO_SPACE_RSEG,1219,39,45
1787567875.905,2026-08-24 10:37:55.912,InnoDB,FIL_SHARD,193366,38,221272
1787567875.905,2026-08-24 10:37:55.912,InnoDB,UNDO_SPACE_RSEG,1180,37,50
1787567875.905,2026-08-24 10:37:55.912,InnoDB,UNDO_SPACE_RSEG,1127,36,41
1787567875.905,2026-08-24 10:37:55.912,InnoDB,UNDO_SPACE_RSEG,1154,36,35
1787567875.905,2026-08-24 10:37:55.912,InnoDB,UNDO_SPACE_RSEG,1148,36,45
1787567875.905,2026-08-24 10:37:55.912,InnoDB,UNDO_SPACE_RSEG,1236,36,44
1787567875.905,2026-08-24 10:37:55.912,InnoDB,UNDO_SPACE_RSEG,1210,36,60
1787567875.905,2026-08-24 10:37:55.912,InnoDB,UNDO_SPACE_RSEG,1196,36,41
1787567875.905,2026-08-24 10:37:55.912,InnoDB,UNDO_SPACE_RSEG,1160,36,41
1787567875.905,2026-08-24 10:37:55.912,InnoDB,UNDO_SPACE_RSEG,1159,35,49
1787567875.905,2026-08-24 10:37:55.912,InnoDB,UNDO_SPACE_RSEG,1117,34,35
1787567875.905,2026-08-24 10:37:55.912,InnoDB,UNDO_SPACE_RSEG,1099,34,37
1787567875.905,2026-08-24 10:37:55.912,InnoDB,UNDO_SPACE_RSEG,1119,34,46
1787567875.905,2026-08-24 10:37:55.912,InnoDB,UNDO_SPACE_RSEG,1164,33,48
1787567875.905,2026-08-24 10:37:55.912,InnoDB,UNDO_SPACE_RSEG,1055,33,36
1787567875.905,2026-08-24 10:37:55.912,InnoDB,UNDO_SPACE_RSEG,1066,33,53
1787567875.905,2026-08-24 10:37:55.912,InnoDB,UNDO_SPACE_RSEG,1035,33,29
1787567875.905,2026-08-24 10:37:55.912,InnoDB,UNDO_SPACE_RSEG,1115,33,50
1787567875.905,2026-08-24 10:37:55.912,InnoDB,UNDO_SPACE_RSEG,1119,33,46
1787567875.905,2026-08-24 10:37:55.912,InnoDB,UNDO_SPACE_RSEG,1057,32,41
1787567875.905,2026-08-24 10:37:55.912,InnoDB,UNDO_SPACE_RSEG,1019,32,37
1787567875.905,2026-08-24 10:37:55.912,InnoDB,UNDO_SPACE_RSEG,1063,32,54
1787567875.905,2026-08-24 10:37:55.912,InnoDB,UNDO_SPACE_RSEG,1080,32,48
1787567875.905,2026-08-24 10:37:55.912,InnoDB,UNDO_SPACE_RSEG,1128,31,59
1787567875.905,2026-08-24 10:37:55.912,InnoDB,UNDO_SPACE_RSEG,995,31,42
1787567875.905,2026-08-24 10:37:55.912,InnoDB,UNDO_SPACE_RSEG,1054,31,50
1787567875.905,2026-08-24 10:37:55.912,InnoDB,UNDO_SPACE_RSEG,1100,31,46
1787567875.905,2026-08-24 10:37:55.912,InnoDB,UNDO_SPACE_RSEG,970,30,40
1787567875.905,2026-08-24 10:37:55.912,InnoDB,UNDO_SPACE_RSEG,982,30,36
1787567875.905,2026-08-24 10:37:55.912,InnoDB,UNDO_SPACE_RSEG,980,30,48
1787567875.905,2026-08-24 10:37:55.912,InnoDB,UNDO_SPACE_RSEG,1049,30,50
1787567875.905,2026-08-24 10:37:55.912,InnoDB,UNDO_SPACE_RSEG,930,29,40
1787567875.905,2026-08-24 10:37:55.912,InnoDB,UNDO_SPACE_RSEG,999,29,53
1787567875.905,2026-08-24 10:37:55.912,InnoDB,UNDO_SPACE_RSEG,904,29,30
1787567875.905,2026-08-24 10:37:55.912,InnoDB,UNDO_SPACE_RSEG,948,28,49
1787567875.905,2026-08-24 10:37:55.912,InnoDB,UNDO_SPACE_RSEG,835,27,31
1787567875.905,2026-08-24 10:37:55.912,InnoDB,UNDO_SPACE_RSEG,889,27,47
1787567875.905,2026-08-24 10:37:55.912,InnoDB,UNDO_SPACE_RSEG,880,27,43
1787567875.905,2026-08-24 10:37:55.912,InnoDB,UNDO_SPACE_RSEG,893,26,28
1787567875.905,2026-08-24 10:37:55.912,InnoDB,UNDO_SPACE_RSEG,906,26,53
1787567875.905,2026-08-24 10:37:55.912,InnoDB,UNDO_SPACE_RSEG,863,26,51
1787567875.905,2026-08-24 10:37:55.912,InnoDB,UNDO_SPACE_RSEG,948,26,41
1787567875.905,2026-08-24 10:37:55.912,InnoDB,UNDO_SPACE_RSEG,921,26,45
1787567875.905,2026-08-24 10:37:55.912,InnoDB,UNDO_SPACE_RSEG,873,26,51
1787567875.905,2026-08-24 10:37:55.912,InnoDB,UNDO_SPACE_RSEG,850,25,37
1787567875.905,2026-08-24 10:37:55.912,InnoDB,UNDO_SPACE_RSEG,797,25,40
1787567875.905,2026-08-24 10:37:55.912,InnoDB,UNDO_SPACE_RSEG,822,24,39
1787567875.905,2026-08-24 10:37:55.912,InnoDB,FIL_SHARD,4735,24,4924
1787567875.905,2026-08-24 10:37:55.912,InnoDB,UNDO_SPACE_RSEG,788,24,36
1787567875.905,2026-08-24 10:37:55.912,InnoDB,UNDO_SPACE_RSEG,793,24,48
1787567875.905,2026-08-24 10:37:55.912,InnoDB,UNDO_SPACE_RSEG,797,23,43
1787567875.905,2026-08-24 10:37:55.912,InnoDB,UNDO_SPACE_RSEG,774,23,37
1787567875.905,2026-08-24 10:37:55.912,InnoDB,UNDO_SPACE_RSEG,784,22,44
1787567875.905,2026-08-24 10:37:55.912,InnoDB,UNDO_SPACE_RSEG,765,22,36
1787567875.905,2026-08-24 10:37:55.912,InnoDB,UNDO_SPACE_RSEG,677,21,43
1787567875.905,2026-08-24 10:37:55.912,InnoDB,UNDO_SPACE_RSEG,683,20,30
1787567875.905,2026-08-24 10:37:55.912,InnoDB,UNDO_SPACE_RSEG,660,20,35
1787567875.905,2026-08-24 10:37:55.912,InnoDB,UNDO_SPACE_RSEG,647,20,37
1787567875.905,2026-08-24 10:37:55.912,InnoDB,UNDO_SPACE_RSEG,704,20,36
1787567875.905,2026-08-24 10:37:55.912,InnoDB,UNDO_SPACE_RSEG,612,19,41
1787567875.905,2026-08-24 10:37:55.912,InnoDB,UNDO_SPACE_RSEG,608,19,30
1787567875.905,2026-08-24 10:37:55.912,InnoDB,UNDO_SPACE_RSEG,631,19,45
1787567875.905,2026-08-24 10:37:55.912,InnoDB,UNDO_SPACE_RSEG,647,19,36
1787567875.905,2026-08-24 10:37:55.912,InnoDB,UNDO_SPACE_RSEG,587,19,26
1787567875.905,2026-08-24 10:37:55.912,InnoDB,UNDO_SPACE_RSEG,689,19,44
1787567875.905,2026-08-24 10:37:55.912,InnoDB,UNDO_SPACE_RSEG,627,19,27
1787567875.905,2026-08-24 10:37:55.912,InnoDB,FIL_SHARD,1884,18,1518
1787567875.905,2026-08-24 10:37:55.912,InnoDB,UNDO_SPACE_RSEG,575,18,36
1787567875.905,2026-08-24 10:37:55.912,InnoDB,UNDO_SPACE_RSEG,583,18,26
1787567875.905,2026-08-24 10:37:55.912,InnoDB,UNDO_SPACE_RSEG,587,18,27
1787567875.905,2026-08-24 10:37:55.912,InnoDB,UNDO_SPACE_RSEG,602,17,41
1787567875.905,2026-08-24 10:37:55.912,InnoDB,UNDO_SPACE_RSEG,570,17,29
1787567875.905,2026-08-24 10:37:55.912,InnoDB,UNDO_SPACE_RSEG,526,17,26
1787567875.905,2026-08-24 10:37:55.912,InnoDB,UNDO_SPACE_RSEG,568,17,35
1787567875.905,2026-08-24 10:37:55.912,InnoDB,UNDO_SPACE_RSEG,556,16,43
1787567875.905,2026-08-24 10:37:55.912,InnoDB,UNDO_SPACE_RSEG,503,16,27
1787567875.905,2026-08-24 10:37:55.912,InnoDB,UNDO_SPACE_RSEG,543,16,39
1787567875.905,2026-08-24 10:37:55.912,InnoDB,TRX_POOL,518,16,33
1787567875.905,2026-08-24 10:37:55.912,InnoDB,UNDO_SPACE_RSEG,514,15,35
1787567875.905,2026-08-24 10:37:55.912,InnoDB,UNDO_SPACE_RSEG,497,15,30
1787567875.905,2026-08-24 10:37:55.912,InnoDB,UNDO_SPACE_RSEG,475,14,26
1787567875.905,2026-08-24 10:37:55.912,InnoDB,UNDO_SPACE_RSEG,536,14,39
1787567875.905,2026-08-24 10:37:55.912,InnoDB,UNDO_SPACE_RSEG,446,14,22
1787567875.905,2026-08-24 10:37:55.912,InnoDB,UNDO_SPACE_RSEG,449,13,29
1787567875.905,2026-08-24 10:37:55.912,InnoDB,UNDO_SPACE_RSEG,419,13,21
1787567875.905,2026-08-24 10:37:55.912,InnoDB,UNDO_SPACE_RSEG,457,13,42
1787567875.905,2026-08-24 10:37:55.912,InnoDB,UNDO_SPACE_RSEG,444,12,37
1787567875.905,2026-08-24 10:37:55.912,InnoDB,UNDO_SPACE_RSEG,390,12,25
1787567875.905,2026-08-24 10:37:55.912,InnoDB,UNDO_SPACE_RSEG,438,12,38
1787567875.905,2026-08-24 10:37:55.912,InnoDB,UNDO_SPACE_RSEG,400,11,33
1787567875.905,2026-08-24 10:37:55.912,InnoDB,UNDO_SPACE_RSEG,368,11,25
1787567875.905,2026-08-24 10:37:55.912,InnoDB,UNDO_SPACE_RSEG,455,11,38
1787567875.905,2026-08-24 10:37:55.912,InnoDB,UNDO_SPACE_RSEG,338,10,24
1787567875.905,2026-08-24 10:37:55.912,InnoDB,UNDO_SPACE_RSEG,321,10,23
1787567875.905,2026-08-24 10:37:55.912,InnoDB,TRX,112666,10,146742
1787567875.905,2026-08-24 10:37:55.912,InnoDB,UNDO_SPACE_RSEG,330,10,23
1787567875.905,2026-08-24 10:37:55.912,InnoDB,UNDO_SPACE_RSEG,308,9,21
1787567875.905,2026-08-24 10:37:55.912,InnoDB,UNDO_SPACE_RSEG,306,9,28
1787567875.905,2026-08-24 10:37:55.912,InnoDB,UNDO_SPACE_RSEG,288,8,22
1787567875.905,2026-08-24 10:37:55.912,InnoDB,DICT_TABLE_STATS_COMPUTE,120,4,3
1787567875.905,2026-08-24 10:37:55.912,InnoDB,PARSER,141,3,4
1787567875.905,2026-08-24 10:37:55.912,InnoDB,LOCK_SYS_PAGE,225,2,120
1787567875.905,2026-08-24 10:37:55.912,InnoDB,LOCK_SYS_PAGE,304,1,126
1787567875.905,2026-08-24 10:37:55.912,InnoDB,LOCK_SYS_PAGE,232,1,115
1787567875.905,2026-08-24 10:37:55.912,InnoDB,LOCK_SYS_PAGE,309,1,114
1787567875.905,2026-08-24 10:37:55.912,InnoDB,LOCK_SYS_PAGE,68,1,63
1787567875.905,2026-08-24 10:37:55.912,InnoDB,LOCK_SYS_PAGE,117,1,110
1787567875.905,2026-08-24 10:37:55.912,InnoDB,LOCK_SYS_PAGE,548,1,146
1787567875.905,2026-08-24 10:37:55.912,InnoDB,LOCK_SYS_PAGE,108,1,112
1787567875.905,2026-08-24 10:37:55.912,InnoDB,LOCK_SYS_PAGE,107,1,89
1787567875.905,2026-08-24 10:37:55.912,InnoDB,LOCK_SYS_PAGE,65,1,61
1787567875.905,2026-08-24 10:37:55.912,InnoDB,LOCK_SYS_PAGE,189,1,124
1787567875.905,2026-08-24 10:37:55.912,InnoDB,FIL_SHARD,4060,1,5630
1787567875.905,2026-08-24 10:37:55.912,InnoDB,LOCK_SYS_PAGE,61,1,52
1787567875.905,2026-08-24 10:37:55.912,InnoDB,LOCK_SYS_PAGE,348,1,103
1787567875.905,2026-08-24 10:37:55.912,InnoDB,LOCK_SYS_PAGE,133,1,114
1787567875.905,2026-08-24 10:37:55.912,InnoDB,LOCK_SYS_PAGE,97,1,55
1787567875.905,2026-08-24 10:37:55.912,InnoDB,LOCK_SYS_PAGE,112,1,107
1787567875.905,2026-08-24 10:37:55.912,InnoDB,LOCK_SYS_PAGE,80,0,101
1787567875.905,2026-08-24 10:37:55.912,InnoDB,LOCK_SYS_PAGE,87,0,111
1787567875.905,2026-08-24 10:37:55.912,InnoDB,LOCK_SYS_PAGE,105,0,119
1787567875.905,2026-08-24 10:37:55.912,InnoDB,LOCK_SYS_PAGE,56,0,70
1787567875.905,2026-08-24 10:37:55.912,InnoDB,LOCK_SYS_PAGE,61,0,80
1787567875.905,2026-08-24 10:37:55.912,InnoDB,LOCK_SYS_PAGE,118,0,112
1787567875.905,2026-08-24 10:37:55.912,InnoDB,LOCK_SYS_PAGE,77,0,94
1787567875.905,2026-08-24 10:37:55.912,InnoDB,LOCK_SYS_PAGE,44,0,66
1787567875.905,2026-08-24 10:37:55.912,InnoDB,LOCK_SYS_PAGE,38,0,62
1787567875.905,2026-08-24 10:37:55.912,InnoDB,LOCK_SYS_PAGE,84,0,107
1787567875.905,2026-08-24 10:37:55.912,InnoDB,LOCK_SYS_PAGE,91,0,123
1787567875.905,2026-08-24 10:37:55.912,InnoDB,LOCK_SYS_PAGE,85,0,106
1787567875.905,2026-08-24 10:37:55.912,InnoDB,LOCK_SYS_PAGE,53,0,83
1787567875.905,2026-08-24 10:37:55.912,InnoDB,LOCK_SYS_PAGE,39,0,55
1787567875.905,2026-08-24 10:37:55.912,InnoDB,LOCK_SYS_PAGE,66,0,94
1787567875.905,2026-08-24 10:37:55.912,InnoDB,LOCK_SYS_PAGE,76,0,92
1787567875.905,2026-08-24 10:37:55.912,InnoDB,LOCK_SYS_PAGE,57,0,83
1787567875.905,2026-08-24 10:37:55.912,InnoDB,LOCK_SYS_PAGE,56,0,78
1787567875.905,2026-08-24 10:37:55.912,InnoDB,LOCK_SYS_PAGE,61,0,82
1787567875.905,2026-08-24 10:37:55.912,InnoDB,LOCK_SYS_PAGE,107,0,96
1787567875.905,2026-08-24 10:37:55.912,InnoDB,LOCK_SYS_PAGE,44,0,68
1787567875.905,2026-08-24 10:37:55.912,InnoDB,LOCK_SYS_PAGE,48,0,71
1787567875.905,2026-08-24 10:37:55.912,InnoDB,LOCK_SYS_PAGE,71,0,98
1787567875.905,2026-08-24 10:37:55.912,InnoDB,LOCK_SYS_PAGE,99,0,104
1787567875.905,2026-08-24 10:37:55.912,InnoDB,LOCK_SYS_PAGE,37,0,60
1787567875.905,2026-08-24 10:37:55.912,InnoDB,LOCK_SYS_PAGE,39,0,65
1787567875.905,2026-08-24 10:37:55.912,InnoDB,LOCK_SYS_PAGE,57,0,77
1787567875.905,2026-08-24 10:37:55.912,InnoDB,LOCK_SYS_PAGE,58,0,86
1787567875.905,2026-08-24 10:37:55.912,InnoDB,LOCK_SYS_PAGE,66,0,88
1787567875.905,2026-08-24 10:37:55.912,InnoDB,LOCK_SYS_PAGE,36,0,60
1787567875.905,2026-08-24 10:37:55.912,InnoDB,LOCK_SYS_PAGE,42,0,68
1787567875.905,2026-08-24 10:37:55.912,InnoDB,LOCK_SYS_PAGE,72,0,117
1787567875.905,2026-08-24 10:37:55.912,InnoDB,LOCK_SYS_PAGE,97,0,117
1787567875.905,2026-08-24 10:37:55.912,InnoDB,LOCK_SYS_PAGE,50,0,89
1787567875.905,2026-08-24 10:37:55.912,InnoDB,LOCK_SYS_PAGE,47,0,70
1787567875.905,2026-08-24 10:37:55.912,InnoDB,LOCK_SYS_PAGE,62,0,96
1787567875.905,2026-08-24 10:37:55.912,InnoDB,LOCK_SYS_PAGE,87,0,128
1787567875.905,2026-08-24 10:37:55.912,InnoDB,LOCK_SYS_PAGE,42,0,75
1787567875.905,2026-08-24 10:37:55.912,InnoDB,LOCK_SYS_PAGE,45,0,77
1787567875.905,2026-08-24 10:37:55.912,InnoDB,LOCK_SYS_PAGE,76,0,101
1787567875.905,2026-08-24 10:37:55.912,InnoDB,LOCK_SYS_PAGE,48,0,76
1787567875.905,2026-08-24 10:37:55.912,InnoDB,LOCK_SYS_PAGE,110,0,139
1787567875.905,2026-08-24 10:37:55.912,InnoDB,LOCK_SYS_PAGE,95,0,127
1787567875.905,2026-08-24 10:37:55.912,InnoDB,LOCK_SYS_PAGE,81,0,108
1787567875.905,2026-08-24 10:37:55.912,InnoDB,LOCK_SYS_PAGE,59,0,76
1787567875.905,2026-08-24 10:37:55.912,InnoDB,LOCK_SYS_PAGE,114,0,106
1787567875.905,2026-08-24 10:37:55.912,InnoDB,LOCK_SYS_PAGE,83,0,115
1787567875.905,2026-08-24 10:37:55.912,InnoDB,LOCK_SYS_PAGE,77,0,111
1787567875.905,2026-08-24 10:37:55.912,InnoDB,LOCK_SYS_PAGE,56,0,77
1787567875.905,2026-08-24 10:37:55.912,InnoDB,LOCK_SYS_PAGE,38,0,77
1787567875.905,2026-08-24 10:37:55.912,InnoDB,LOCK_SYS_PAGE,52,0,84
1787567875.905,2026-08-24 10:37:55.912,InnoDB,LOCK_SYS_PAGE,65,0,88
1787567875.905,2026-08-24 10:37:55.912,InnoDB,LOCK_SYS_PAGE,75,0,92
1787567875.905,2026-08-24 10:37:55.912,InnoDB,LOCK_SYS_PAGE,38,0,62
1787567875.905,2026-08-24 10:37:55.912,InnoDB,LOCK_SYS_PAGE,59,0,72
1787567875.905,2026-08-24 10:37:55.912,InnoDB,LOCK_SYS_PAGE,81,0,99
1787567875.905,2026-08-24 10:37:55.912,InnoDB,LOCK_SYS_PAGE,73,0,112
1787567875.905,2026-08-24 10:37:55.912,InnoDB,LOCK_SYS_PAGE,63,0,85
1787567875.905,2026-08-24 10:37:55.912,InnoDB,LOCK_SYS_PAGE,52,0,87
1787567875.905,2026-08-24 10:37:55.912,InnoDB,LOCK_SYS_PAGE,82,0,112
1787567875.905,2026-08-24 10:37:55.912,InnoDB,LOCK_SYS_PAGE,75,0,102
1787567875.905,2026-08-24 10:37:55.912,InnoDB,LOCK_SYS_PAGE,52,0,80
1787567875.905,2026-08-24 10:37:55.912,InnoDB,LOCK_SYS_TABLE,1302,0,1255
1787567875.905,2026-08-24 10:37:55.912,InnoDB,LOCK_SYS_TABLE,1246,0,1262
1787567875.905,2026-08-24 10:37:55.912,InnoDB,LOCK_SYS_TABLE,1124,0,1053
1787567875.905,2026-08-24 10:37:55.912,InnoDB,LOCK_SYS_TABLE,1229,0,1151
1787567875.905,2026-08-24 10:37:55.912,InnoDB,LOCK_SYS_TABLE,1179,0,1160
1787567875.905,2026-08-24 10:37:55.912,InnoDB,LOCK_SYS_TABLE,1220,0,1196
1787567875.905,2026-08-24 10:37:55.912,InnoDB,LOCK_SYS_TABLE,1247,0,1181
1787567875.905,2026-08-24 10:37:55.912,InnoDB,LOCK_SYS_TABLE,1127,0,1124
1787567875.905,2026-08-24 10:37:55.912,InnoDB,LOCK_SYS_TABLE,1114,0,1088
1787567875.905,2026-08-24 10:37:55.912,InnoDB,LOCK_SYS_TABLE,1170,0,1160
1787567875.905,2026-08-24 10:37:55.912,InnoDB,LOCK_SYS_TABLE,1230,0,1131
1787567875.905,2026-08-24 10:37:55.912,InnoDB,LOCK_SYS_TABLE,1200,0,1183
1787567875.905,2026-08-24 10:37:55.912,InnoDB,LOCK_SYS_TABLE,1207,0,1176
1787567875.905,2026-08-24 10:37:55.912,InnoDB,LOCK_SYS_PAGE,141,0,107
1787567875.905,2026-08-24 10:37:55.912,InnoDB,LOCK_SYS_PAGE,69,0,84
1787567875.905,2026-08-24 10:37:55.912,InnoDB,LOCK_SYS_PAGE,53,0,77
1787567875.905,2026-08-24 10:37:55.912,InnoDB,LOCK_SYS_PAGE,88,0,123
1787567875.905,2026-08-24 10:37:55.912,InnoDB,LOCK_SYS_PAGE,264,0,135
1787567875.905,2026-08-24 10:37:55.912,InnoDB,LOCK_SYS_TABLE,1243,0,1189
1787567875.905,2026-08-24 10:37:55.912,InnoDB,LOCK_SYS_TABLE,1140,0,1142
1787567875.905,2026-08-24 10:37:55.912,InnoDB,LOCK_SYS_TABLE,1256,0,1262
1787567875.905,2026-08-24 10:37:55.912,InnoDB,LOCK_SYS_TABLE,1157,0,1136
1787567875.905,2026-08-24 10:37:55.912,InnoDB,LOCK_SYS_TABLE,1185,0,1135
1787567875.905,2026-08-24 10:37:55.912,InnoDB,LOCK_SYS_TABLE,1217,0,1192
1787567875.905,2026-08-24 10:37:55.912,InnoDB,LOCK_SYS_TABLE,1258,0,1218
1787567875.905,2026-08-24 10:37:55.912,InnoDB,LOG_LIMITS,70,0,53
1787567875.905,2026-08-24 10:37:55.912,InnoDB,RECALC_POOL,1,0,4
1787567875.905,2026-08-24 10:37:55.912,InnoDB,CLONE_SYS,1,0,1
1787567875.905,2026-08-24 10:37:55.912,InnoDB,TRX_POOL_MANAGER,5,0,4
1787567875.905,2026-08-24 10:37:55.912,InnoDB,TRX,1,0,2
1787567875.905,2026-08-24 10:37:55.912,InnoDB,TRX_SYS_SHARD,1,0,1
1787567875.905,2026-08-24 10:37:55.912,InnoDB,TRX_SYS_SHARD,1,0,1
1787567875.905,2026-08-24 10:37:55.912,InnoDB,SRV_SYS_TASKS,200865,0,197530
1787567875.905,2026-08-24 10:37:55.912,InnoDB,LOCK_SYS_PAGE,147,0,72
1787567875.905,2026-08-24 10:37:55.912,InnoDB,LOCK_SYS_PAGE,41,0,65
1787567875.905,2026-08-24 10:37:55.912,InnoDB,LOCK_SYS_PAGE,109,0,107
1787567875.905,2026-08-24 10:37:55.912,InnoDB,LOCK_SYS_PAGE,170,0,110
1787567875.905,2026-08-24 10:37:55.912,InnoDB,LOCK_SYS_PAGE,61,0,85
1787567875.905,2026-08-24 10:37:55.912,InnoDB,LOCK_SYS_PAGE,60,0,82
1787567875.905,2026-08-24 10:37:55.912,InnoDB,LOCK_SYS_PAGE,203,0,110
1787567875.905,2026-08-24 10:37:55.912,InnoDB,LOCK_SYS_PAGE,38,0,64
1787567875.905,2026-08-24 10:37:55.912,InnoDB,LOCK_SYS_PAGE,53,0,80
1787567875.905,2026-08-24 10:37:55.912,InnoDB,LOCK_SYS_PAGE,78,0,99
1787567875.905,2026-08-24 10:37:55.912,InnoDB,LOCK_SYS_PAGE,142,0,110
1787567875.905,2026-08-24 10:37:55.912,InnoDB,LOCK_SYS_PAGE,44,0,70
1787567875.905,2026-08-24 10:37:55.912,InnoDB,LOCK_SYS_PAGE,54,0,76
1787567875.905,2026-08-24 10:37:55.912,InnoDB,LOCK_SYS_PAGE,71,0,91
1787567875.905,2026-08-24 10:37:55.912,InnoDB,LOCK_SYS_PAGE,98,0,128
1787567875.905,2026-08-24 10:37:55.912,InnoDB,LOCK_SYS_PAGE,54,0,77
1787567875.905,2026-08-24 10:37:55.912,InnoDB,LOCK_SYS_PAGE,38,0,70
1787567875.905,2026-08-24 10:37:55.912,InnoDB,LOCK_SYS_PAGE,72,0,95
1787567875.905,2026-08-24 10:37:55.912,InnoDB,LOCK_SYS_PAGE,70,0,104
1787567875.905,2026-08-24 10:37:55.912,InnoDB,LOCK_SYS_PAGE,51,0,73
1787567875.905,2026-08-24 10:37:55.912,InnoDB,LOCK_SYS_PAGE,55,0,88
1787567875.905,2026-08-24 10:37:55.912,InnoDB,LOCK_SYS_PAGE,78,0,101
1787567875.905,2026-08-24 10:37:55.912,InnoDB,LOCK_SYS_PAGE,62,0,87
1787567875.905,2026-08-24 10:37:55.912,InnoDB,LOCK_SYS_PAGE,46,0,68
1787567875.905,2026-08-24 10:37:55.912,InnoDB,LOCK_SYS_PAGE,89,0,109
1787567875.905,2026-08-24 10:37:55.912,InnoDB,LOCK_SYS_PAGE,125,0,101
1787567875.905,2026-08-24 10:37:55.912,InnoDB,LOCK_SYS_PAGE,34,0,56
1787567875.905,2026-08-24 10:37:55.912,InnoDB,LOCK_SYS_PAGE,55,0,78
1787567875.905,2026-08-24 10:37:55.912,InnoDB,LOCK_SYS_PAGE,77,0,109
1787567875.905,2026-08-24 10:37:55.912,InnoDB,LOCK_SYS_PAGE,121,0,109
1787567875.905,2026-08-24 10:37:55.912,InnoDB,LOCK_SYS_PAGE,49,0,73
1787567875.905,2026-08-24 10:37:55.912,InnoDB,LOCK_SYS_PAGE,55,0,83
1787567875.905,2026-08-24 10:37:55.912,InnoDB,LOCK_SYS_PAGE,56,0,80
1787567875.905,2026-08-24 10:37:55.912,InnoDB,LOCK_SYS_PAGE,55,0,87
1787567875.905,2026-08-24 10:37:55.912,InnoDB,LOCK_SYS_PAGE,39,0,64
1787567875.905,2026-08-24 10:37:55.912,InnoDB,LOCK_SYS_PAGE,75,0,98
1787567875.905,2026-08-24 10:37:55.912,InnoDB,LOCK_SYS_PAGE,83,0,96
1787567875.905,2026-08-24 10:37:55.912,InnoDB,LOCK_SYS_PAGE,252,0,86
1787567875.905,2026-08-24 10:37:55.912,InnoDB,LOCK_SYS_PAGE,46,0,76
1787567875.905,2026-08-24 10:37:55.912,InnoDB,LOCK_SYS_PAGE,73,0,101
1787567875.905,2026-08-24 10:37:55.912,InnoDB,LOCK_SYS_PAGE,74,0,95
1787567875.905,2026-08-24 10:37:55.912,InnoDB,LOCK_SYS_PAGE,45,0,60
1787567875.905,2026-08-24 10:37:55.912,InnoDB,LOCK_SYS_PAGE,32,0,68
1787567875.905,2026-08-24 10:37:55.912,InnoDB,LOCK_SYS_PAGE,89,0,116
1787567875.905,2026-08-24 10:37:55.912,InnoDB,LOCK_SYS_PAGE,77,0,104
1787567875.905,2026-08-24 10:37:55.912,InnoDB,LOCK_SYS_PAGE,67,0,95
1787567875.905,2026-08-24 10:37:55.912,InnoDB,LOCK_SYS_PAGE,57,0,93
1787567875.905,2026-08-24 10:37:55.912,InnoDB,LOCK_SYS_PAGE,86,0,110
1787567875.905,2026-08-24 10:37:55.912,InnoDB,LOCK_SYS_PAGE,78,0,96
1787567875.905,2026-08-24 10:37:55.912,InnoDB,LOCK_SYS_PAGE,36,0,54
1787567875.905,2026-08-24 10:37:55.912,InnoDB,LOCK_SYS_PAGE,42,0,59
1787567875.905,2026-08-24 10:37:55.912,InnoDB,LOCK_SYS_PAGE,78,0,93
1787567875.905,2026-08-24 10:37:55.912,InnoDB,LOCK_SYS_PAGE,82,0,96
1787567875.905,2026-08-24 10:37:55.912,InnoDB,LOCK_SYS_PAGE,47,0,72
1787567875.905,2026-08-24 10:37:55.912,InnoDB,LOCK_SYS_PAGE,55,0,88
1787567875.905,2026-08-24 10:37:55.912,InnoDB,LOCK_SYS_PAGE,72,0,100
1787567875.905,2026-08-24 10:37:55.912,InnoDB,LOCK_SYS_PAGE,94,0,113
1787567875.905,2026-08-24 10:37:55.912,InnoDB,LOCK_SYS_PAGE,73,0,88
1787567875.905,2026-08-24 10:37:55.912,InnoDB,LOCK_SYS_PAGE,63,0,88
1787567875.905,2026-08-24 10:37:55.912,InnoDB,LOCK_SYS_PAGE,70,0,101
1787567875.905,2026-08-24 10:37:55.912,InnoDB,LOCK_SYS_PAGE,44,0,70
1787567875.905,2026-08-24 10:37:55.912,InnoDB,LOCK_SYS_PAGE,31,0,70
1787567875.905,2026-08-24 10:37:55.912,InnoDB,LOCK_SYS_PAGE,83,0,124
1787567875.905,2026-08-24 10:37:55.912,InnoDB,LOCK_SYS_PAGE,73,0,112
1787567875.905,2026-08-24 10:37:55.912,InnoDB,LOCK_SYS_PAGE,41,0,76
1787567875.905,2026-08-24 10:37:55.912,InnoDB,LOCK_SYS_PAGE,58,0,88
1787567875.905,2026-08-24 10:37:55.912,InnoDB,LOCK_SYS_PAGE,80,0,100
1787567875.905,2026-08-24 10:37:55.912,InnoDB,LOCK_SYS_PAGE,79,0,91
1787567875.905,2026-08-24 10:37:55.912,InnoDB,LOCK_SYS_PAGE,39,0,70
1787567875.905,2026-08-24 10:37:55.912,InnoDB,LOCK_SYS_PAGE,36,0,60
1787567875.905,2026-08-24 10:37:55.912,InnoDB,LOCK_SYS_PAGE,50,0,69
1787567875.905,2026-08-24 10:37:55.912,InnoDB,LOCK_SYS_PAGE,74,0,98
1787567875.905,2026-08-24 10:37:55.912,InnoDB,LOCK_SYS_PAGE,39,0,64
1787567875.905,2026-08-24 10:37:55.912,InnoDB,LOCK_SYS_PAGE,38,0,59
1787567875.905,2026-08-24 10:37:55.912,InnoDB,LOCK_SYS_PAGE,103,0,133
1787567875.905,2026-08-24 10:37:55.912,InnoDB,LOCK_SYS_PAGE,32,0,51
1787567875.905,2026-08-24 10:37:55.912,InnoDB,LOCK_SYS_PAGE,60,0,62
1787567875.905,2026-08-24 10:37:55.912,InnoDB,LOCK_SYS_PAGE,88,0,119
1787567875.905,2026-08-24 10:37:55.912,InnoDB,LOCK_SYS_PAGE,89,0,116
1787567875.905,2026-08-24 10:37:55.912,InnoDB,LOCK_SYS_PAGE,44,0,71
1787567875.905,2026-08-24 10:37:55.912,InnoDB,LOCK_SYS_PAGE,51,0,76
1787567875.905,2026-08-24 10:37:55.912,InnoDB,LOCK_SYS_PAGE,69,0,96
1787567875.905,2026-08-24 10:37:55.912,InnoDB,LOCK_SYS_PAGE,76,0,111
1787567875.905,2026-08-24 10:37:55.912,InnoDB,LOCK_SYS_PAGE,91,0,114
1787567875.905,2026-08-24 10:37:55.912,InnoDB,LOCK_SYS_PAGE,106,0,120
1787567875.905,2026-08-24 10:37:55.912,InnoDB,LOCK_SYS_PAGE,57,0,95
1787567875.905,2026-08-24 10:37:55.912,InnoDB,LOCK_SYS_PAGE,58,0,73
1787567875.905,2026-08-24 10:37:55.912,InnoDB,LOCK_SYS_PAGE,64,0,88
1787567875.905,2026-08-24 10:37:55.912,InnoDB,LOCK_SYS_PAGE,82,0,113
1787567875.905,2026-08-24 10:37:55.912,InnoDB,LOCK_SYS_PAGE,45,0,72
1787567875.905,2026-08-24 10:37:55.912,InnoDB,LOCK_SYS_PAGE,37,0,62
1787567875.905,2026-08-24 10:37:55.912,InnoDB,LOCK_SYS_PAGE,69,0,101
1787567875.905,2026-08-24 10:37:55.912,InnoDB,LOCK_SYS_PAGE,88,0,114
1787567875.905,2026-08-24 10:37:55.912,InnoDB,LOCK_SYS_PAGE,66,0,98
1787567875.905,2026-08-24 10:37:55.912,InnoDB,LOCK_SYS_PAGE,46,0,75
1787567875.905,2026-08-24 10:37:55.912,InnoDB,LOCK_SYS_PAGE,40,0,61
1787567875.905,2026-08-24 10:37:55.912,InnoDB,LOCK_SYS_PAGE,81,0,104
1787567875.905,2026-08-24 10:37:55.912,InnoDB,LOCK_SYS_PAGE,39,0,62
1787567875.905,2026-08-24 10:37:55.912,InnoDB,LOCK_SYS_PAGE,52,0,86
1787567875.905,2026-08-24 10:37:55.912,InnoDB,LOCK_SYS_PAGE,88,0,115
1787567875.905,2026-08-24 10:37:55.912,InnoDB,LOCK_SYS_PAGE,95,0,128
1787567875.905,2026-08-24 10:37:55.912,InnoDB,LOCK_SYS_PAGE,42,0,62
1787567875.905,2026-08-24 10:37:55.912,InnoDB,LOCK_SYS_PAGE,104,0,80
1787567875.905,2026-08-24 10:37:55.912,InnoDB,LOCK_SYS_PAGE,102,0,125
1787567875.905,2026-08-24 10:37:55.912,InnoDB,LOCK_SYS_PAGE,102,0,117
1787567875.905,2026-08-24 10:37:55.912,InnoDB,LOCK_SYS_PAGE,32,0,60
1787567875.905,2026-08-24 10:37:55.912,InnoDB,LOCK_SYS_PAGE,52,0,82
1787567875.905,2026-08-24 10:37:55.912,InnoDB,LOCK_SYS_PAGE,45,0,67
1787567875.905,2026-08-24 10:37:55.912,InnoDB,LOCK_SYS_PAGE,237,0,84
1787567875.905,2026-08-24 10:37:55.912,InnoDB,LOCK_SYS_PAGE,68,0,98
1787567875.905,2026-08-24 10:37:55.912,InnoDB,LOCK_SYS_PAGE,78,0,113
1787567875.905,2026-08-24 10:37:55.912,InnoDB,LOCK_SYS_PAGE,59,0,86
1787567875.905,2026-08-24 10:37:55.912,InnoDB,LOCK_SYS_PAGE,54,0,78
1787567875.905,2026-08-24 10:37:55.912,InnoDB,LOCK_SYS_PAGE,45,0,73
1787567875.905,2026-08-24 10:37:55.912,InnoDB,LOCK_SYS_PAGE,89,0,112
1787567875.905,2026-08-24 10:37:55.912,InnoDB,LOCK_SYS_PAGE,56,0,77
1787567875.905,2026-08-24 10:37:55.912,InnoDB,LOCK_SYS_PAGE,130,0,66
1787567875.905,2026-08-24 10:37:55.912,InnoDB,LOCK_SYS_PAGE,71,0,97
1787567875.905,2026-08-24 10:37:55.912,InnoDB,LOCK_SYS_PAGE,90,0,115
1787567875.905,2026-08-24 10:37:55.912,InnoDB,LOCK_SYS_PAGE,56,0,91
1787567875.905,2026-08-24 10:37:55.912,InnoDB,LOCK_SYS_PAGE,60,0,79
1787567875.905,2026-08-24 10:37:55.912,InnoDB,LOCK_SYS_PAGE,91,0,110
1787567875.905,2026-08-24 10:37:55.912,InnoDB,LOCK_SYS_PAGE,108,0,121
1787567875.905,2026-08-24 10:37:55.912,InnoDB,LOCK_SYS_PAGE,44,0,62
1787567875.905,2026-08-24 10:37:55.912,InnoDB,LOCK_SYS_PAGE,52,0,74
1787567875.905,2026-08-24 10:37:55.912,InnoDB,LOCK_SYS_PAGE,99,0,125
1787567875.905,2026-08-24 10:37:55.912,InnoDB,LOCK_SYS_PAGE,85,0,97
1787567875.905,2026-08-24 10:37:55.912,InnoDB,LOCK_SYS_PAGE,73,0,72
1787567875.905,2026-08-24 10:37:55.912,InnoDB,LOCK_SYS_PAGE,55,0,76
1787567875.905,2026-08-24 10:37:55.912,InnoDB,LOCK_SYS_PAGE,74,0,102
1787567875.905,2026-08-24 10:37:55.912,InnoDB,LOCK_SYS_PAGE,73,0,100
1787567875.905,2026-08-24 10:37:55.912,InnoDB,LOCK_SYS_PAGE,39,0,55
1787567875.905,2026-08-24 10:37:55.912,InnoDB,LOCK_SYS_PAGE,54,0,84
1787567875.905,2026-08-24 10:37:55.912,InnoDB,LOCK_SYS_PAGE,144,0,84
1787567875.905,2026-08-24 10:37:55.912,InnoDB,LOCK_SYS_PAGE,79,0,101
1787567875.905,2026-08-24 10:37:55.912,InnoDB,LOCK_SYS_PAGE,83,0,111
1787567875.905,2026-08-24 10:37:55.912,InnoDB,LOCK_SYS_PAGE,48,0,77
1787567875.905,2026-08-24 10:37:55.912,InnoDB,LOCK_SYS_PAGE,96,0,74
1787567875.905,2026-08-24 10:37:55.912,InnoDB,LOCK_SYS_PAGE,80,0,112
1787567875.905,2026-08-24 10:37:55.912,InnoDB,LOCK_SYS_PAGE,180,0,121
1787567875.905,2026-08-24 10:37:55.912,InnoDB,LOCK_SYS_PAGE,49,0,82
1787567875.905,2026-08-24 10:37:55.912,InnoDB,LOCK_SYS_PAGE,156,0,84
1787567875.905,2026-08-24 10:37:55.912,InnoDB,LOCK_SYS_PAGE,90,0,105
1787567875.905,2026-08-24 10:37:55.912,InnoDB,LOCK_SYS_PAGE,256,0,136
1787567875.905,2026-08-24 10:37:55.912,InnoDB,LOCK_SYS_PAGE,53,0,79
1787567875.905,2026-08-24 10:37:55.912,InnoDB,LOCK_SYS_PAGE,45,0,74
1787567875.905,2026-08-24 10:37:55.912,InnoDB,LOCK_SYS_PAGE,83,0,100
1787567875.905,2026-08-24 10:37:55.912,InnoDB,LOCK_SYS_PAGE,109,0,122
1787567875.905,2026-08-24 10:37:55.912,InnoDB,LOCK_SYS_PAGE,45,0,63
1787567875.905,2026-08-24 10:37:55.912,InnoDB,LOCK_SYS_PAGE,31,0,64
1787567875.905,2026-08-24 10:37:55.912,InnoDB,LOCK_SYS_PAGE,72,0,106
1787567875.905,2026-08-24 10:37:55.912,InnoDB,LOCK_SYS_PAGE,77,0,99
1787567875.905,2026-08-24 10:37:55.912,InnoDB,LOCK_SYS_PAGE,49,0,81
1787567875.905,2026-08-24 10:37:55.912,InnoDB,LOCK_SYS_PAGE,45,0,69
1787567875.905,2026-08-24 10:37:55.912,InnoDB,LOCK_SYS_PAGE,111,0,134
1787567875.905,2026-08-24 10:37:55.912,InnoDB,LOCK_SYS_PAGE,88,0,108
1787567875.905,2026-08-24 10:37:55.912,InnoDB,LOCK_SYS_PAGE,35,0,61
1787567875.905,2026-08-24 10:37:55.912,InnoDB,LOCK_SYS_PAGE,44,0,64
1787567875.905,2026-08-24 10:37:55.912,InnoDB,FIL_SHARD,1,0,1
1787567875.905,2026-08-24 10:37:55.912,InnoDB,FIL_SHARD,61,0,71
1787567875.905,2026-08-24 10:37:55.912,InnoDB,LOCK_SYS_PAGE,128,0,147
1787567875.905,2026-08-24 10:37:55.912,InnoDB,LOCK_SYS_PAGE,46,0,69
1787567875.905,2026-08-24 10:37:55.912,InnoDB,LOCK_SYS_PAGE,84,0,103
1787567875.905,2026-08-24 10:37:55.912,InnoDB,LOCK_SYS_PAGE,40,0,61
1787567875.905,2026-08-24 10:37:55.912,InnoDB,LOCK_SYS_PAGE,44,0,72
1787567875.905,2026-08-24 10:37:55.912,InnoDB,LOCK_SYS_PAGE,63,0,80
1787567875.905,2026-08-24 10:37:55.912,InnoDB,LOCK_SYS_PAGE,69,0,88
1787567875.905,2026-08-24 10:37:55.912,InnoDB,LOCK_SYS_PAGE,35,0,64
1787567875.905,2026-08-24 10:37:55.912,InnoDB,LOCK_SYS_PAGE,80,0,97
1787567875.905,2026-08-24 10:37:55.912,InnoDB,LOCK_SYS_PAGE,90,0,120
1787567875.905,2026-08-24 10:37:55.912,InnoDB,LOCK_SYS_PAGE,40,0,73
1787567875.905,2026-08-24 10:37:55.912,InnoDB,LOCK_SYS_PAGE,50,0,80
1787567875.905,2026-08-24 10:37:55.912,InnoDB,LOCK_SYS_PAGE,102,0,92
1787567875.905,2026-08-24 10:37:55.912,InnoDB,LOCK_SYS_PAGE,67,0,94
1787567875.905,2026-08-24 10:37:55.912,InnoDB,LOCK_SYS_PAGE,54,0,80
1787567875.905,2026-08-24 10:37:55.912,InnoDB,LOCK_SYS_PAGE,40,0,68
1787567875.905,2026-08-24 10:37:55.912,InnoDB,LOCK_SYS_PAGE,82,0,96
1787567875.905,2026-08-24 10:37:55.912,InnoDB,LOCK_SYS_PAGE,93,0,115
1787567875.905,2026-08-24 10:37:55.912,InnoDB,LOCK_SYS_PAGE,56,0,81
1787567875.905,2026-08-24 10:37:55.912,InnoDB,LOCK_SYS_PAGE,60,0,97
1787567875.905,2026-08-24 10:37:55.912,InnoDB,LOCK_SYS_PAGE,102,0,109
1787567875.905,2026-08-24 10:37:55.912,InnoDB,LOCK_SYS_PAGE,66,0,93
1787567875.905,2026-08-24 10:37:55.912,InnoDB,LOCK_SYS_PAGE,49,0,74
1787567875.905,2026-08-24 10:37:55.912,InnoDB,LOCK_SYS_PAGE,39,0,74
1787567875.905,2026-08-24 10:37:55.912,InnoDB,LOCK_SYS_PAGE,82,0,109
1787567875.905,2026-08-24 10:37:55.912,InnoDB,LOCK_SYS_PAGE,60,0,87
1787567875.905,2026-08-24 10:37:55.912,InnoDB,LOCK_SYS_PAGE,55,0,75
1787567875.905,2026-08-24 10:37:55.912,InnoDB,LOCK_SYS_PAGE,40,0,59
1787567875.905,2026-08-24 10:37:55.912,InnoDB,LOCK_SYS_PAGE,72,0,94
1787567875.905,2026-08-24 10:37:55.912,InnoDB,LOCK_SYS_PAGE,93,0,105
1787567875.905,2026-08-24 10:37:55.912,InnoDB,LOCK_SYS_PAGE,54,0,68
1787567875.905,2026-08-24 10:37:55.912,InnoDB,LOCK_SYS_PAGE,54,0,81
1787567875.905,2026-08-24 10:37:55.912,InnoDB,LOCK_SYS_PAGE,104,0,93
1787567875.905,2026-08-24 10:37:55.912,InnoDB,LOCK_SYS_PAGE,85,0,95
1787567875.905,2026-08-24 10:37:55.912,InnoDB,LOCK_SYS_PAGE,63,0,73
1787567875.905,2026-08-24 10:37:55.912,InnoDB,LOCK_SYS_PAGE,54,0,87
1787567875.905,2026-08-24 10:37:55.912,InnoDB,LOCK_SYS_PAGE,134,0,139
1787567875.905,2026-08-24 10:37:55.912,InnoDB,LOCK_SYS_PAGE,75,0,101
1787567875.905,2026-08-24 10:37:55.912,InnoDB,LOCK_SYS_PAGE,54,0,90
1787567875.905,2026-08-24 10:37:55.912,InnoDB,LOCK_SYS_PAGE,58,0,73
1787567875.905,2026-08-24 10:37:55.912,InnoDB,LOCK_SYS_PAGE,93,0,113
1787567875.905,2026-08-24 10:37:55.912,InnoDB,LOCK_SYS_PAGE,76,0,100
1787567875.905,2026-08-24 10:37:55.912,InnoDB,LOCK_SYS_PAGE,41,0,67
1787567875.905,2026-08-24 10:37:55.912,InnoDB,LOCK_SYS_PAGE,48,0,80
1787567875.905,2026-08-24 10:37:55.912,InnoDB,LOCK_SYS_PAGE,68,0,111
1787567875.905,2026-08-24 10:37:55.912,InnoDB,LOCK_SYS_PAGE,98,0,126
1787567875.905,2026-08-24 10:37:55.912,InnoDB,LOCK_SYS_PAGE,58,0,56
1787567875.905,2026-08-24 10:37:55.912,InnoDB,LOCK_SYS_PAGE,95,0,101
1787567875.905,2026-08-24 10:37:55.912,InnoDB,LOCK_SYS_PAGE,89,0,105
1787567875.905,2026-08-24 10:37:55.912,InnoDB,LOCK_SYS_PAGE,89,0,117
1787567875.905,2026-08-24 10:37:55.912,InnoDB,LOCK_SYS_PAGE,53,0,82
1787567875.905,2026-08-24 10:37:55.912,InnoDB,LOCK_SYS_PAGE,56,0,86
1787567875.905,2026-08-24 10:37:55.912,InnoDB,LOCK_SYS_PAGE,86,0,93
1787567875.905,2026-08-24 10:37:55.912,InnoDB,LOCK_SYS_PAGE,99,0,100
1787567875.905,2026-08-24 10:37:55.912,InnoDB,LOCK_SYS_PAGE,79,0,69
1787567875.905,2026-08-24 10:37:55.912,InnoDB,LOCK_SYS_PAGE,45,0,76
1787567875.905,2026-08-24 10:37:55.912,InnoDB,LOCK_SYS_PAGE,82,0,103
1787567875.905,2026-08-24 10:37:55.912,InnoDB,LOCK_SYS_PAGE,48,0,87
1787567875.905,2026-08-24 10:37:55.912,InnoDB,LOCK_SYS_PAGE,60,0,79
1787567875.905,2026-08-24 10:37:55.912,InnoDB,LOCK_SYS_PAGE,91,0,116
1787567875.905,2026-08-24 10:37:55.912,InnoDB,LOCK_SYS_PAGE,98,0,114
1787567875.905,2026-08-24 10:37:55.912,InnoDB,LOCK_SYS_PAGE,302,0,92
1787567875.905,2026-08-24 10:37:55.912,InnoDB,LOCK_SYS_PAGE,46,0,60
1787567875.905,2026-08-24 10:37:55.912,InnoDB,LOCK_SYS_PAGE,108,0,118
1787567875.905,2026-08-24 10:37:55.912,InnoDB,LOCK_SYS_PAGE,65,0,72
1787567875.905,2026-08-24 10:37:55.912,InnoDB,LOCK_SYS_PAGE,54,0,94
1787567875.905,2026-08-24 10:37:55.912,InnoDB,LOCK_SYS_PAGE,71,0,96
1787567875.905,2026-08-24 10:37:55.912,InnoDB,LOCK_SYS_PAGE,67,0,106
1787567875.905,2026-08-24 10:37:55.912,InnoDB,LOCK_SYS_PAGE,41,0,81
1787567875.905,2026-08-24 10:37:55.912,InnoDB,LOCK_SYS_PAGE,50,0,80
1787567875.905,2026-08-24 10:37:55.912,InnoDB,LOCK_SYS_PAGE,75,0,108
1787567875.905,2026-08-24 10:37:55.912,InnoDB,LOCK_SYS_PAGE,60,0,100
1787567875.905,2026-08-24 10:37:55.912,InnoDB,LOCK_SYS_PAGE,61,0,77
1787567875.905,2026-08-24 10:37:55.912,InnoDB,LOCK_SYS_PAGE,68,0,90
1787567875.905,2026-08-24 10:37:55.912,InnoDB,LOCK_SYS_PAGE,53,0,74
1787567875.905,2026-08-24 10:37:55.912,InnoDB,LOCK_SYS_PAGE,65,0,87
1787567875.905,2026-08-24 10:37:55.912,InnoDB,LOCK_SYS_PAGE,46,0,62
1787567875.905,2026-08-24 10:37:55.912,InnoDB,LOCK_SYS_PAGE,41,0,71
1787567875.905,2026-08-24 10:37:55.912,InnoDB,LOCK_SYS_PAGE,86,0,113
1787567875.905,2026-08-24 10:37:55.912,InnoDB,LOCK_SYS_PAGE,92,0,116
1787567875.905,2026-08-24 10:37:55.912,InnoDB,LOCK_SYS_PAGE,41,0,59
1787567875.905,2026-08-24 10:37:55.912,InnoDB,LOCK_SYS_PAGE,44,0,68
1787567875.905,2026-08-24 10:37:55.912,InnoDB,LOCK_SYS_PAGE,75,0,116
1787567875.905,2026-08-24 10:37:55.912,InnoDB,LOCK_SYS_PAGE,85,0,112
1787567875.905,2026-08-24 10:37:55.912,InnoDB,LOCK_SYS_PAGE,39,0,63
1787567875.905,2026-08-24 10:37:55.912,InnoDB,LOCK_SYS_PAGE,28,0,52
1787567875.905,2026-08-24 10:37:55.912,InnoDB,LOCK_SYS_PAGE,82,0,106
1787567875.905,2026-08-24 10:37:55.912,InnoDB,LOCK_SYS_PAGE,79,0,100
1787567875.905,2026-08-24 10:37:55.912,InnoDB,LOCK_SYS_PAGE,52,0,73
1787567875.905,2026-08-24 10:37:55.912,InnoDB,LOCK_SYS_PAGE,61,0,91
1787567875.905,2026-08-24 10:37:55.912,InnoDB,LOCK_SYS_PAGE,68,0,91
1787567875.905,2026-08-24 10:37:55.912,InnoDB,LOCK_SYS_PAGE,73,0,95
1787567875.905,2026-08-24 10:37:55.912,InnoDB,LOCK_SYS_PAGE,35,0,65
1787567875.905,2026-08-24 10:37:55.912,InnoDB,LOCK_SYS_PAGE,31,0,60
1787567875.905,2026-08-24 10:37:55.912,InnoDB,LOCK_SYS_PAGE,79,0,97
1787567875.905,2026-08-24 10:37:55.912,InnoDB,LOCK_SYS_PAGE,88,0,96
1787567875.905,2026-08-24 10:37:55.912,InnoDB,LOCK_SYS_PAGE,66,0,81
1787567875.905,2026-08-24 10:37:55.912,InnoDB,LOCK_SYS_PAGE,53,0,88
1787567875.905,2026-08-24 10:37:55.912,InnoDB,LOCK_SYS_PAGE,86,0,105
1787567875.905,2026-08-24 10:37:55.912,InnoDB,LOCK_SYS_PAGE,49,0,70
1787567875.905,2026-08-24 10:37:55.912,InnoDB,LOCK_SYS_PAGE,51,0,78
1787567875.905,2026-08-24 10:37:55.912,InnoDB,LOCK_SYS_PAGE,60,0,87
1787567875.905,2026-08-24 10:37:55.912,InnoDB,LOCK_SYS_PAGE,70,0,89
1787567875.905,2026-08-24 10:37:55.912,InnoDB,LOCK_SYS_PAGE,46,0,63
1787567875.905,2026-08-24 10:37:55.912,InnoDB,LOCK_SYS_PAGE,35,0,55
1787567875.905,2026-08-24 10:37:55.912,InnoDB,LOCK_SYS_PAGE,86,0,111
1787567875.905,2026-08-24 10:37:55.912,InnoDB,LOCK_SYS_PAGE,83,0,109
1787567875.905,2026-08-24 10:37:55.912,InnoDB,LOCK_SYS_PAGE,58,0,81
1787567875.905,2026-08-24 10:37:55.912,InnoDB,LOCK_SYS_PAGE,51,0,77
1787567875.905,2026-08-24 10:37:55.912,InnoDB,LOCK_SYS_PAGE,83,0,118
1787567875.905,2026-08-24 10:37:55.912,InnoDB,LOCK_SYS_PAGE,51,0,82
1787567875.905,2026-08-24 10:37:55.912,InnoDB,LOCK_SYS_PAGE,36,0,62
1787567875.905,2026-08-24 10:37:55.912,InnoDB,LOCK_SYS_PAGE,90,0,116
1787567875.905,2026-08-24 10:37:55.912,InnoDB,LOCK_SYS_PAGE,86,0,112
1787567875.905,2026-08-24 10:37:55.912,InnoDB,LOCK_SYS_PAGE,41,0,74
1787567875.905,2026-08-24 10:37:55.912,InnoDB,LOCK_SYS_PAGE,78,0,80
1787567875.905,2026-08-24 10:37:55.912,InnoDB,LOCK_SYS_PAGE,72,0,109
1787567875.905,2026-08-24 10:37:55.912,InnoDB,LOCK_SYS_PAGE,69,0,106
1787567875.905,2026-08-24 10:37:55.912,InnoDB,LOCK_SYS_PAGE,53,0,72
1787567875.905,2026-08-24 10:37:55.912,InnoDB,LOCK_SYS_PAGE,35,0,59
1787567875.905,2026-08-24 10:37:55.912,InnoDB,LOCK_SYS_PAGE,81,0,100
1787567875.905,2026-08-24 10:37:55.912,InnoDB,LOCK_SYS_PAGE,83,0,90
1787567875.905,2026-08-24 10:37:55.912,InnoDB,LOCK_SYS_PAGE,71,0,95
1787567875.905,2026-08-24 10:37:55.912,InnoDB,LOCK_SYS_PAGE,89,0,114
1787567875.905,2026-08-24 10:37:55.912,InnoDB,LOCK_SYS_PAGE,84,0,70
1787567875.905,2026-08-24 10:37:55.912,InnoDB,LOCK_SYS_PAGE,37,0,59
1787567875.905,2026-08-24 10:37:55.912,InnoDB,LOCK_SYS_PAGE,231,0,116
1787567875.905,2026-08-24 10:37:55.912,InnoDB,LOCK_SYS_PAGE,91,0,126
1787567875.905,2026-08-24 10:37:55.912,InnoDB,LOCK_SYS_PAGE,126,0,86
1787567875.905,2026-08-24 10:37:55.912,InnoDB,LOCK_SYS_PAGE,48,0,67
1787567875.905,2026-08-24 10:37:55.912,InnoDB,LOCK_SYS_PAGE,71,0,92
1787567875.905,2026-08-24 10:37:55.912,InnoDB,LOCK_SYS_PAGE,64,0,89
1787567875.905,2026-08-24 10:37:55.912,InnoDB,LOCK_SYS_PAGE,57,0,77
1787567875.905,2026-08-24 10:37:55.912,InnoDB,LOCK_SYS_PAGE,44,0,62
1787567875.905,2026-08-24 10:37:55.912,InnoDB,LOCK_SYS_PAGE,88,0,102
1787567875.905,2026-08-24 10:37:55.912,InnoDB,LOCK_SYS_PAGE,123,0,118
1787567875.905,2026-08-24 10:37:55.912,InnoDB,LOCK_SYS_PAGE,48,0,79
1787567875.905,2026-08-24 10:37:55.912,InnoDB,LOCK_SYS_PAGE,77,0,104
1787567875.905,2026-08-24 10:37:55.912,InnoDB,LOCK_SYS_PAGE,69,0,82
1787567875.905,2026-08-24 10:37:55.912,InnoDB,LOCK_SYS_PAGE,63,0,88
1787567875.905,2026-08-24 10:37:55.912,InnoDB,LOCK_SYS_PAGE,36,0,53
1787567875.905,2026-08-24 10:37:55.912,InnoDB,LOCK_SYS_PAGE,39,0,58
1787567875.905,2026-08-24 10:37:55.912,InnoDB,LOCK_SYS_PAGE,58,0,86
1787567875.905,2026-08-24 10:37:55.912,InnoDB,LOCK_SYS_PAGE,61,0,82
1787567875.905,2026-08-24 10:37:55.912,InnoDB,LOCK_SYS_PAGE,58,0,81
1787567875.905,2026-08-24 10:37:55.912,InnoDB,LOCK_SYS_PAGE,51,0,73
1787567875.905,2026-08-24 10:37:55.912,InnoDB,LOCK_SYS_PAGE,67,0,101
1787567875.905,2026-08-24 10:37:55.912,InnoDB,LOCK_SYS_PAGE,72,0,105
1787567875.905,2026-08-24 10:37:55.912,InnoDB,LOCK_SYS_PAGE,79,0,112
1787567875.905,2026-08-24 10:37:55.912,InnoDB,LOCK_SYS_PAGE,72,0,94
1787567875.905,2026-08-24 10:37:55.912,InnoDB,LOCK_SYS_PAGE,38,0,69
1787567875.905,2026-08-24 10:37:55.912,InnoDB,LOCK_SYS_PAGE,49,0,80
1787567875.905,2026-08-24 10:37:55.912,InnoDB,LOCK_SYS_PAGE,82,0,118
1787567875.905,2026-08-24 10:37:55.912,InnoDB,LOCK_SYS_PAGE,63,0,93
1787567875.905,2026-08-24 10:37:55.912,InnoDB,LOCK_SYS_PAGE,47,0,64
1787567875.905,2026-08-24 10:37:55.912,InnoDB,LOCK_SYS_PAGE,39,0,62
1787567875.905,2026-08-24 10:37:55.912,InnoDB,LOCK_SYS_PAGE,63,0,89
1787567875.905,2026-08-24 10:37:55.912,InnoDB,LOCK_SYS_PAGE,80,0,109
1787567875.905,2026-08-24 10:37:55.912,InnoDB,LOCK_SYS_PAGE,38,0,69
1787567875.905,2026-08-24 10:37:55.912,InnoDB,LOCK_SYS_PAGE,50,0,75
1787567875.905,2026-08-24 10:37:55.912,InnoDB,LOCK_SYS_PAGE,68,0,103
1787567875.905,2026-08-24 10:37:55.912,InnoDB,LOCK_SYS_PAGE,87,0,100
1787567875.905,2026-08-24 10:37:55.912,InnoDB,LOCK_SYS_PAGE,43,0,69
1787567875.905,2026-08-24 10:37:55.912,InnoDB,LOCK_SYS_PAGE,50,0,79
1787567875.905,2026-08-24 10:37:55.912,InnoDB,LOCK_SYS_PAGE,80,0,112
1787567875.905,2026-08-24 10:37:55.912,InnoDB,LOCK_SYS_PAGE,110,0,133
1787567875.905,2026-08-24 10:37:55.912,InnoDB,LOCK_SYS_PAGE,41,0,66
1787567875.905,2026-08-24 10:37:55.912,InnoDB,LOCK_SYS_PAGE,27,0,57
1787567875.905,2026-08-24 10:37:55.912,InnoDB,LOCK_SYS_PAGE,146,0,117
1787567875.905,2026-08-24 10:37:55.912,InnoDB,LOCK_SYS_PAGE,81,0,107
1787567875.905,2026-08-24 10:37:55.912,InnoDB,LOCK_SYS_PAGE,53,0,79
1787567875.905,2026-08-24 10:37:55.912,InnoDB,LOCK_SYS_PAGE,67,0,100
1787567875.905,2026-08-24 10:37:55.912,InnoDB,LOCK_SYS_PAGE,103,0,140
1787567875.905,2026-08-24 10:37:55.912,InnoDB,LOCK_SYS_PAGE,116,0,134
1787567875.905,2026-08-24 10:37:55.912,InnoDB,LOCK_SYS_PAGE,76,0,95
1787567875.905,2026-08-24 10:37:55.912,InnoDB,LOCK_SYS_PAGE,43,0,78
1787567875.905,2026-08-24 10:37:55.912,InnoDB,LOCK_SYS_PAGE,46,0,77
1787567875.905,2026-08-24 10:37:55.912,InnoDB,LOCK_SYS_PAGE,91,0,105
1787567875.905,2026-08-24 10:37:55.912,InnoDB,LOCK_SYS_PAGE,89,0,118
1787567875.905,2026-08-24 10:37:55.912,InnoDB,LOCK_SYS_PAGE,41,0,58
1787567875.905,2026-08-24 10:37:55.912,InnoDB,LOCK_SYS_PAGE,48,0,55
1787567875.905,2026-08-24 10:37:55.912,InnoDB,LOCK_SYS_PAGE,85,0,111
1787567875.905,2026-08-24 10:37:55.912,InnoDB,LOCK_SYS_PAGE,87,0,111
1787567875.905,2026-08-24 10:37:55.912,InnoDB,LOCK_SYS_PAGE,41,0,82
1787567875.905,2026-08-24 10:37:55.912,InnoDB,LOCK_SYS_PAGE,72,0,99
1787567875.905,2026-08-24 10:37:55.912,InnoDB,LOCK_SYS_PAGE,52,0,89
1787567875.905,2026-08-24 10:37:55.912,InnoDB,LOCK_SYS_PAGE,66,0,88
1787567875.905,2026-08-24 10:37:55.912,InnoDB,LOCK_SYS_PAGE,90,0,107
1787567875.905,2026-08-24 10:37:55.912,InnoDB,LOCK_SYS_PAGE,102,0,121
1787567875.905,2026-08-24 10:37:55.912,InnoDB,LOCK_SYS_PAGE,90,0,119
1787567875.905,2026-08-24 10:37:55.912,InnoDB,LOCK_SYS_PAGE,44,0,71
1787567875.905,2026-08-24 10:37:55.912,InnoDB,LOCK_SYS_PAGE,54,0,83
1787567875.905,2026-08-24 10:37:55.912,InnoDB,LOCK_SYS_PAGE,88,0,125
1787567875.905,2026-08-24 10:37:55.912,InnoDB,LOCK_SYS_PAGE,59,0,70
1787567875.905,2026-08-24 10:37:55.912,InnoDB,LOCK_SYS_PAGE,49,0,73
1787567875.905,2026-08-24 10:37:55.912,InnoDB,LOCK_SYS_PAGE,105,0,119
1787567875.905,2026-08-24 10:37:55.912,InnoDB,LOCK_SYS_PAGE,122,0,164
1787567875.905,2026-08-24 10:37:55.912,InnoDB,LOCK_SYS_PAGE,70,0,100
1787567875.905,2026-08-24 10:37:55.912,InnoDB,LOCK_SYS_PAGE,73,0,99
1787567875.905,2026-08-24 10:37:55.912,InnoDB,LOCK_SYS_PAGE,50,0,83
1787567875.905,2026-08-24 10:37:55.912,InnoDB,LOCK_SYS_PAGE,47,0,88
1787567875.905,2026-08-24 10:37:55.912,InnoDB,LOCK_SYS_PAGE,72,0,90
1787567875.905,2026-08-24 10:37:55.912,InnoDB,LOCK_SYS_PAGE,69,0,94
1787567875.905,2026-08-24 10:37:55.912,InnoDB,LOCK_SYS_PAGE,28,0,48
1787567875.905,2026-08-24 10:37:55.912,InnoDB,LOCK_SYS_PAGE,41,0,56
1787567875.905,2026-08-24 10:37:55.912,InnoDB,LOCK_SYS_PAGE,66,0,98
1787567875.905,2026-08-24 10:37:55.912,InnoDB,LOCK_SYS_PAGE,92,0,118
1787567875.905,2026-08-24 10:37:55.912,InnoDB,LOCK_SYS_PAGE,52,0,90
1787567875.905,2026-08-24 10:37:55.912,InnoDB,LOCK_SYS_PAGE,50,0,69
1787567875.905,2026-08-24 10:37:55.912,InnoDB,LOCK_SYS_PAGE,73,0,103
1787567875.905,2026-08-24 10:37:55.912,InnoDB,LOCK_SYS_PAGE,47,0,67
1787567875.905,2026-08-24 10:37:55.912,InnoDB,LOCK_SYS_PAGE,35,0,72
1787567875.905,2026-08-24 10:37:55.912,InnoDB,LOCK_SYS_PAGE,40,0,64
1787567875.905,2026-08-24 10:37:55.912,InnoDB,LOCK_SYS_PAGE,86,0,94
1787567875.905,2026-08-24 10:37:55.912,InnoDB,LOCK_SYS_PAGE,51,0,73
1787567875.905,2026-08-24 10:37:55.912,InnoDB,LOCK_SYS_PAGE,45,0,71
1787567875.905,2026-08-24 10:37:55.912,InnoDB,LOCK_SYS_PAGE,96,0,116
1787567875.905,2026-08-24 10:37:55.912,InnoDB,LOCK_SYS_PAGE,85,0,116
1787567875.905,2026-08-24 10:37:55.912,InnoDB,LOCK_SYS_PAGE,34,0,80
1787567875.905,2026-08-24 10:37:55.912,InnoDB,LOCK_SYS_PAGE,56,0,78
1787567875.905,2026-08-24 10:37:55.912,InnoDB,LOCK_SYS_PAGE,88,0,114
1787567875.905,2026-08-24 10:37:55.912,InnoDB,LOCK_SYS_PAGE,41,0,73
1787567875.905,2026-08-24 10:37:55.912,InnoDB,LOCK_SYS_PAGE,72,0,106
1787567875.905,2026-08-24 10:37:55.912,InnoDB,LOCK_SYS_PAGE,70,0,89
1787567875.905,2026-08-24 10:37:55.912,InnoDB,LOCK_SYS_PAGE,75,0,103
1787567875.905,2026-08-24 10:37:55.912,InnoDB,LOCK_SYS_PAGE,48,0,76
1787567875.905,2026-08-24 10:37:55.912,InnoDB,LOCK_SYS_PAGE,54,0,77
1787567875.905,2026-08-24 10:37:55.912,InnoDB,LOCK_SYS_PAGE,65,0,84
1787567875.905,2026-08-24 10:37:55.912,InnoDB,LOCK_SYS_PAGE,79,0,108
1787567875.905,2026-08-24 10:37:55.912,InnoDB,LOCK_SYS_PAGE,43,0,67
1787567875.905,2026-08-24 10:37:55.912,InnoDB,LOCK_SYS_PAGE,36,0,63
1787567875.905,2026-08-24 10:37:55.912,InnoDB,LOCK_SYS_PAGE,62,0,80
1787567875.905,2026-08-24 10:37:55.912,InnoDB,LOCK_SYS_PAGE,364,0,129
1787567875.905,2026-08-24 10:37:55.912,InnoDB,LOCK_SYS_PAGE,60,0,83
1787567875.905,2026-08-24 10:37:55.912,InnoDB,LOCK_SYS_PAGE,55,0,83
1787567875.905,2026-08-24 10:37:55.912,InnoDB,LOCK_SYS_PAGE,44,0,67
1787567875.905,2026-08-24 10:37:55.912,InnoDB,LOCK_SYS_PAGE,81,0,105
1787567875.905,2026-08-24 10:37:55.912,InnoDB,LOCK_SYS_PAGE,19,0,59
1787567875.905,2026-08-24 10:37:55.912,InnoDB,LOCK_SYS_PAGE,52,0,75
1787567875.905,2026-08-24 10:37:55.912,InnoDB,LOCK_SYS_PAGE,89,0,110
1787567875.905,2026-08-24 10:37:55.912,InnoDB,LOCK_SYS_PAGE,65,0,101
1787567875.905,2026-08-24 10:37:55.912,InnoDB,LOCK_SYS_PAGE,46,0,69
1787567875.905,2026-08-24 10:37:55.912,InnoDB,LOCK_SYS_PAGE,79,0,80
1787567875.905,2026-08-24 10:37:55.912,InnoDB,LOCK_SYS_PAGE,110,0,158
1787567875.905,2026-08-24 10:37:55.912,InnoDB,LOCK_SYS_PAGE,72,0,99
1787567875.905,2026-08-24 10:37:55.912,InnoDB,LOCK_SYS_PAGE,39,0,64
1787567875.905,2026-08-24 10:37:55.912,InnoDB,LOCK_SYS_PAGE,52,0,78
1787567875.905,2026-08-24 10:37:55.912,InnoDB,LOCK_SYS_PAGE,59,0,81
1787567875.905,2026-08-24 10:37:55.912,InnoDB,LOCK_SYS_PAGE,35,0,61
1787567875.905,2026-08-24 10:37:55.912,InnoDB,LOCK_SYS_PAGE,94,0,112
1787567875.905,2026-08-24 10:37:55.912,InnoDB,LOCK_SYS_PAGE,77,0,103
1787567875.905,2026-08-24 10:37:55.912,InnoDB,LOCK_SYS_PAGE,59,0,86
1787567875.905,2026-08-24 10:37:55.912,InnoDB,LOCK_SYS_PAGE,53,0,76
1787567875.905,2026-08-24 10:37:55.912,InnoDB,LOCK_SYS_PAGE,93,0,126
1787567875.905,2026-08-24 10:37:55.912,InnoDB,LOCK_SYS_PAGE,63,0,86
1787567875.905,2026-08-24 10:37:55.912,InnoDB,LOCK_SYS_PAGE,37,0,61
1787567875.905,2026-08-24 10:37:55.912,InnoDB,LOCK_SYS_PAGE,42,0,63
1787567875.905,2026-08-24 10:37:55.912,InnoDB,LOCK_SYS_PAGE,90,0,116
1787567875.905,2026-08-24 10:37:55.912,InnoDB,LOCK_SYS_PAGE,76,0,100
1787567875.905,2026-08-24 10:37:55.912,InnoDB,LOCK_SYS_PAGE,87,0,107
1787567875.905,2026-08-24 10:37:55.912,InnoDB,LOCK_SYS_PAGE,85,0,119
1787567875.905,2026-08-24 10:37:55.912,InnoDB,LOCK_SYS_PAGE,87,0,118
1787567875.905,2026-08-24 10:37:55.912,InnoDB,LOCK_SYS_PAGE,66,0,82
1787567875.905,2026-08-24 10:37:55.912,InnoDB,LOCK_SYS_PAGE,48,0,81
1787567875.905,2026-08-24 10:37:55.912,InnoDB,LOCK_SYS_PAGE,77,0,108
1787567875.905,2026-08-24 10:37:55.912,InnoDB,LOCK_SYS_PAGE,90,0,124
1787567875.905,2026-08-24 10:37:55.912,InnoDB,LOCK_SYS_PAGE,62,0,83
1787567875.905,2026-08-24 10:37:55.912,InnoDB,LOCK_SYS_PAGE,58,0,82
1787567875.905,2026-08-24 10:37:55.912,InnoDB,LOCK_SYS_PAGE,71,0,95
1787567875.905,2026-08-24 10:37:55.912,InnoDB,LOCK_SYS_PAGE,82,0,115
1787567875.905,2026-08-24 10:37:55.912,InnoDB,LOCK_SYS_PAGE,50,0,73
1787567875.905,2026-08-24 10:37:55.912,InnoDB,rwlock: fil0fil.cc:10242,,41107,
1787567875.905,2026-08-24 10:37:55.912,InnoDB,rwlock: fil0fil.cc:10242,,57834,
1787567875.905,2026-08-24 10:37:55.912,InnoDB,rwlock: dict0dict.cc:2631,,59999,
1787567875.905,2026-08-24 10:37:55.912,InnoDB,rwlock: dict0dict.cc:2631,,60050,
1787567875.905,2026-08-24 10:37:55.912,InnoDB,rwlock: dict0dict.cc:2631,,59726,
1787567875.905,2026-08-24 10:37:55.912,InnoDB,rwlock: dict0dict.cc:2631,,59328,
1787567875.905,2026-08-24 10:37:55.912,InnoDB,rwlock: dict0dict.cc:2631,,60203,
1787567875.905,2026-08-24 10:37:55.912,InnoDB,rwlock: dict0dict.cc:2631,,60092,
1787567875.905,2026-08-24 10:37:55.912,InnoDB,rwlock: dict0dict.cc:2631,,60203,
1787567875.905,2026-08-24 10:37:55.912,InnoDB,rwlock: dict0dict.cc:2631,,60388,
1787567875.905,2026-08-24 10:37:55.912,InnoDB,rwlock: dict0dict.cc:2631,,61017,
1787567875.905,2026-08-24 10:37:55.912,InnoDB,rwlock: dict0dict.cc:2631,,60718,
1787567875.905,2026-08-24 10:37:55.912,InnoDB,rwlock: dict0dict.cc:2631,,60657,
1787567875.905,2026-08-24 10:37:55.912,InnoDB,rwlock: dict0dict.cc:2631,,60469,
1787567875.905,2026-08-24 10:37:55.912,InnoDB,rwlock: dict0dict.cc:2631,,60456,
1787567875.905,2026-08-24 10:37:55.912,InnoDB,rwlock: dict0dict.cc:2631,,60663,
1787567875.905,2026-08-24 10:37:55.912,InnoDB,rwlock: dict0dict.cc:2631,,60243,
1787567875.905,2026-08-24 10:37:55.912,InnoDB,rwlock: dict0dict.cc:2631,,59225,
1787567875.905,2026-08-24 10:37:55.912,InnoDB,rwlock: dict0dict.cc:2631,,60106,
1787567875.905,2026-08-24 10:37:55.912,InnoDB,rwlock: dict0dict.cc:2631,,59271,
1787567875.905,2026-08-24 10:37:55.912,InnoDB,rwlock: dict0dict.cc:2631,,60456,
1787567875.905,2026-08-24 10:37:55.912,InnoDB,rwlock: dict0dict.cc:2631,,59713,
1787567875.905,2026-08-24 10:37:55.912,InnoDB,rwlock: dict0dict.cc:2631,,6,
1787567875.905,2026-08-24 10:37:55.912,InnoDB,rwlock: dict0dict.cc:2631,,7,
1787567875.905,2026-08-24 10:37:55.912,InnoDB,rwlock: dict0dict.cc:2631,,6,
1787567875.905,2026-08-24 10:37:55.912,InnoDB,rwlock: dict0dict.cc:2631,,7,
1787567875.905,2026-08-24 10:37:55.912,InnoDB,rwlock: dict0dict.cc:2631,,7,
1787567875.905,2026-08-24 10:37:55.912,InnoDB,rwlock: dict0dict.cc:2631,,7,
1787567875.905,2026-08-24 10:37:55.912,InnoDB,rwlock: dict0dict.cc:2631,,7,
1787567875.905,2026-08-24 10:37:55.912,InnoDB,rwlock: dict0dict.cc:2631,,4,
1787567875.905,2026-08-24 10:37:55.912,InnoDB,rwlock: dict0dict.cc:2631,,7,
1787567875.905,2026-08-24 10:37:55.912,InnoDB,rwlock: dict0dict.cc:2631,,5,
1787567875.905,2026-08-24 10:37:55.912,InnoDB,rwlock: dict0dict.cc:2631,,6,
1787567875.905,2026-08-24 10:37:55.912,InnoDB,rwlock: dict0dict.cc:2631,,5,
1787567875.905,2026-08-24 10:37:55.912,InnoDB,rwlock: dict0dict.cc:2631,,6,
1787567875.905,2026-08-24 10:37:55.912,InnoDB,rwlock: dict0dict.cc:2631,,5,
1787567875.905,2026-08-24 10:37:55.912,InnoDB,rwlock: dict0dict.cc:2631,,6,
1787567875.905,2026-08-24 10:37:55.912,InnoDB,rwlock: dict0dict.cc:2631,,7,
1787567875.905,2026-08-24 10:37:55.912,InnoDB,rwlock: dict0dict.cc:2631,,7,
1787567875.905,2026-08-24 10:37:55.912,InnoDB,rwlock: fil0fil.cc:10242,,1,
1787567875.905,2026-08-24 10:37:55.912,InnoDB,rwlock: dict0dict.cc:2631,,5,
1787567875.905,2026-08-24 10:37:55.912,InnoDB,rwlock: dict0dict.cc:2631,,7,
1787567875.905,2026-08-24 10:37:55.912,InnoDB,rwlock: dict0dict.cc:2631,,7,
1787567875.905,2026-08-24 10:37:55.912,InnoDB,rwlock: dict0dict.cc:2631,,1,
1787567875.905,2026-08-24 10:37:55.912,InnoDB,rwlock: dict0dict.cc:2631,,2,
1787567875.905,2026-08-24 10:37:55.912,InnoDB,rwlock: dict0dict.cc:1180,,15,
1787567875.905,2026-08-24 10:37:55.912,InnoDB,rwlock: hash0hash.cc:117,,1021000,
1787567875.905,2026-08-24 10:37:55.912,InnoDB,rwlock: hash0hash.cc:117,,1192006,
1787567875.905,2026-08-24 10:37:55.912,InnoDB,rwlock: hash0hash.cc:117,,1597271,
1787567875.905,2026-08-24 10:37:55.912,InnoDB,rwlock: hash0hash.cc:117,,1029859,
1787567875.905,2026-08-24 10:37:55.912,InnoDB,rwlock: hash0hash.cc:117,,1142602,
1787567875.905,2026-08-24 10:37:55.912,InnoDB,rwlock: hash0hash.cc:117,,2378035,
1787567875.905,2026-08-24 10:37:55.912,InnoDB,rwlock: hash0hash.cc:117,,1029303,
1787567875.905,2026-08-24 10:37:55.912,InnoDB,rwlock: hash0hash.cc:117,,1179432,
1787567875.905,2026-08-24 10:37:55.912,InnoDB,rwlock: hash0hash.cc:117,,1836083,
1787567875.905,2026-08-24 10:37:55.912,InnoDB,rwlock: hash0hash.cc:117,,1012591,
1787567875.905,2026-08-24 10:37:55.912,InnoDB,rwlock: hash0hash.cc:117,,1028849,
1787567875.905,2026-08-24 10:37:55.912,InnoDB,rwlock: hash0hash.cc:117,,1765910,
1787567875.905,2026-08-24 10:37:55.912,InnoDB,rwlock: hash0hash.cc:117,,1631249,
1787567875.905,2026-08-24 10:37:55.912,InnoDB,rwlock: hash0hash.cc:117,,1051180,
1787567875.905,2026-08-24 10:37:55.912,InnoDB,rwlock: hash0hash.cc:117,,1907075,
1787567875.905,2026-08-24 10:37:55.912,InnoDB,rwlock: hash0hash.cc:117,,1656984,
1787567875.905,2026-08-24 10:37:55.912,InnoDB,sum rwlock: buf0buf.cc:852,,8078261,
