timestamp_unix,timestamp_human,type,name,spins,waits,calls
1787557733.072,2026-08-24 07:48:53.073,InnoDB,BUF_POOL_LRU_LIST,709855991,410274998,162615313
1787557733.072,2026-08-24 07:48:53.073,InnoDB,BUF_POOL_LRU_LIST,1218506335,153255150,134266908
1787557733.072,2026-08-24 07:48:53.073,InnoDB,LOG_WRITER,4637803,154462,1270
1787557733.072,2026-08-24 07:48:53.073,InnoDB,FLUSH_LIST,1770352,40125,533198
1787557733.072,2026-08-24 07:48:53.073,InnoDB,FLUSH_LIST,1674301,36915,558515
1787557733.072,2026-08-24 07:48:53.073,InnoDB,BUF_BLOCK_MUTEX,903618,24066,65694
1787557733.072,2026-08-24 07:48:53.073,InnoDB,BUF_POOL_FLUSH_STATE,2575504,6444,1610188
1787557733.072,2026-08-24 07:48:53.073,InnoDB,BUF_POOL_FLUSH_STATE,2585786,5913,1648632
1787557733.072,2026-08-24 07:48:53.073,InnoDB,TRX_SYS,2336600,5620,1829888
1787557733.072,2026-08-24 07:48:53.073,InnoDB,BUF_POOL_FREE_LIST,5337272,2218,5093003
1787557733.072,2026-08-24 07:48:53.073,InnoDB,TRX_SYS_SERIALISATION,206453,2074,128648
1787557733.072,2026-08-24 07:48:53.073,InnoDB,BUF_POOL_FREE_LIST,5647847,2052,5295306
1787557733.072,2026-08-24 07:48:53.073,InnoDB,UNDO_SPACE_RSEG,62959,2016,627
1787557733.072,2026-08-24 07:48:53.073,InnoDB,UNDO_SPACE_RSEG,56416,1794,649
1787557733.072,2026-08-24 07:48:53.073,InnoDB,UNDO_SPACE_RSEG,52936,1681,569
1787557733.072,2026-08-24 07:48:53.073,InnoDB,UNDO_SPACE_RSEG,51891,1655,584
1787557733.072,2026-08-24 07:48:53.073,InnoDB,UNDO_SPACE_RSEG,51688,1637,597
1787557733.072,2026-08-24 07:48:53.073,InnoDB,UNDO_SPACE_RSEG,50984,1633,528
1787557733.072,2026-08-24 07:48:53.073,InnoDB,UNDO_SPACE_RSEG,50257,1595,581
1787557733.072,2026-08-24 07:48:53.073,InnoDB,UNDO_SPACE_RSEG,50031,1580,593
1787557733.072,2026-08-24 07:48:53.073,InnoDB,UNDO_SPACE_RSEG,48556,1536,586
1787557733.072,2026-08-24 07:48:53.073,InnoDB,UNDO_SPACE_RSEG,48096,1517,614
1787557733.072,2026-08-24 07:48:53.073,InnoDB,UNDO_SPACE_RSEG,47443,1508,568
1787557733.072,2026-08-24 07:48:53.073,InnoDB,UNDO_SPACE_RSEG,46983,1506,565
1787557733.072,2026-08-24 07:48:53.073,InnoDB,UNDO_SPACE_RSEG,46929,1494,538
1787557733.072,2026-08-24 07:48:53.073,InnoDB,UNDO_SPACE_RSEG,46493,1480,558
1787557733.072,2026-08-24 07:48:53.073,InnoDB,UNDO_SPACE_RSEG,46395,1476,542
1787557733.072,2026-08-24 07:48:53.073,InnoDB,UNDO_SPACE_RSEG,46183,1472,559
1787557733.072,2026-08-24 07:48:53.073,InnoDB,UNDO_SPACE_RSEG,46663,1463,597
1787557733.072,2026-08-24 07:48:53.073,InnoDB,UNDO_SPACE_RSEG,46019,1461,558
1787557733.072,2026-08-24 07:48:53.073,InnoDB,UNDO_SPACE_RSEG,46365,1459,596
1787557733.072,2026-08-24 07:48:53.073,InnoDB,UNDO_SPACE_RSEG,45633,1441,595
1787557733.072,2026-08-24 07:48:53.073,InnoDB,UNDO_SPACE_RSEG,45005,1440,561
1787557733.072,2026-08-24 07:48:53.073,InnoDB,UNDO_SPACE_RSEG,45020,1430,534
1787557733.072,2026-08-24 07:48:53.073,InnoDB,UNDO_SPACE_RSEG,44794,1419,512
1787557733.072,2026-08-24 07:48:53.073,InnoDB,UNDO_SPACE_RSEG,44417,1408,568
1787557733.072,2026-08-24 07:48:53.073,InnoDB,UNDO_SPACE_RSEG,44239,1408,586
1787557733.072,2026-08-24 07:48:53.073,InnoDB,UNDO_SPACE_RSEG,44538,1397,627
1787557733.072,2026-08-24 07:48:53.073,InnoDB,UNDO_SPACE_RSEG,44041,1395,594
1787557733.072,2026-08-24 07:48:53.073,InnoDB,UNDO_SPACE_RSEG,43729,1387,552
1787557733.072,2026-08-24 07:48:53.073,InnoDB,UNDO_SPACE_RSEG,43392,1379,526
1787557733.072,2026-08-24 07:48:53.073,InnoDB,UNDO_SPACE_RSEG,43561,1376,574
1787557733.072,2026-08-24 07:48:53.073,InnoDB,UNDO_SPACE_RSEG,43627,1371,552
1787557733.072,2026-08-24 07:48:53.073,InnoDB,UNDO_SPACE_RSEG,43325,1364,538
1787557733.072,2026-08-24 07:48:53.073,InnoDB,UNDO_SPACE_RSEG,43165,1358,512
1787557733.072,2026-08-24 07:48:53.073,InnoDB,UNDO_SPACE_RSEG,42980,1356,567
1787557733.072,2026-08-24 07:48:53.073,InnoDB,UNDO_SPACE_RSEG,42787,1353,521
1787557733.072,2026-08-24 07:48:53.073,InnoDB,UNDO_SPACE_RSEG,42867,1341,590
1787557733.072,2026-08-24 07:48:53.073,InnoDB,UNDO_SPACE_RSEG,42058,1336,494
1787557733.072,2026-08-24 07:48:53.073,InnoDB,UNDO_SPACE_RSEG,41848,1336,505
1787557733.072,2026-08-24 07:48:53.073,InnoDB,UNDO_SPACE_RSEG,42310,1336,533
1787557733.072,2026-08-24 07:48:53.073,InnoDB,UNDO_SPACE_RSEG,41678,1330,529
1787557733.072,2026-08-24 07:48:53.073,InnoDB,UNDO_SPACE_RSEG,42477,1329,527
1787557733.072,2026-08-24 07:48:53.073,InnoDB,UNDO_SPACE_RSEG,41755,1325,522
1787557733.072,2026-08-24 07:48:53.073,InnoDB,UNDO_SPACE_RSEG,41816,1325,558
1787557733.072,2026-08-24 07:48:53.073,InnoDB,UNDO_SPACE_RSEG,41639,1322,512
1787557733.072,2026-08-24 07:48:53.073,InnoDB,UNDO_SPACE_RSEG,41055,1313,494
1787557733.072,2026-08-24 07:48:53.073,InnoDB,UNDO_SPACE_RSEG,41677,1311,557
1787557733.072,2026-08-24 07:48:53.073,InnoDB,UNDO_SPACE_RSEG,41088,1300,565
1787557733.072,2026-08-24 07:48:53.073,InnoDB,UNDO_SPACE_RSEG,41547,1297,588
1787557733.072,2026-08-24 07:48:53.073,InnoDB,UNDO_SPACE_RSEG,40882,1291,490
1787557733.072,2026-08-24 07:48:53.073,InnoDB,UNDO_SPACE_RSEG,40974,1288,537
1787557733.072,2026-08-24 07:48:53.073,InnoDB,UNDO_SPACE_RSEG,40967,1286,554
1787557733.072,2026-08-24 07:48:53.073,InnoDB,UNDO_SPACE_RSEG,40417,1283,545
1787557733.072,2026-08-24 07:48:53.073,InnoDB,UNDO_SPACE_RSEG,40628,1280,535
1787557733.072,2026-08-24 07:48:53.073,InnoDB,UNDO_SPACE_RSEG,40346,1270,535
1787557733.072,2026-08-24 07:48:53.073,InnoDB,UNDO_SPACE_RSEG,40002,1269,553
1787557733.072,2026-08-24 07:48:53.073,InnoDB,UNDO_SPACE_RSEG,39902,1266,517
1787557733.072,2026-08-24 07:48:53.073,InnoDB,UNDO_SPACE_RSEG,40058,1264,538
1787557733.072,2026-08-24 07:48:53.073,InnoDB,UNDO_SPACE_RSEG,39932,1262,551
1787557733.072,2026-08-24 07:48:53.073,InnoDB,UNDO_SPACE_RSEG,39967,1262,534
1787557733.072,2026-08-24 07:48:53.073,InnoDB,UNDO_SPACE_RSEG,40086,1262,534
1787557733.072,2026-08-24 07:48:53.073,InnoDB,SRV_SYS,911014,1260,467337
1787557733.072,2026-08-24 07:48:53.073,InnoDB,UNDO_SPACE_RSEG,39828,1260,508
1787557733.072,2026-08-24 07:48:53.073,InnoDB,UNDO_SPACE_RSEG,39621,1255,531
1787557733.072,2026-08-24 07:48:53.073,InnoDB,UNDO_SPACE_RSEG,39521,1240,541
1787557733.072,2026-08-24 07:48:53.073,InnoDB,UNDO_SPACE_RSEG,39225,1239,533
1787557733.072,2026-08-24 07:48:53.073,InnoDB,UNDO_SPACE_RSEG,38855,1236,563
1787557733.072,2026-08-24 07:48:53.073,InnoDB,UNDO_SPACE_RSEG,39188,1234,535
1787557733.072,2026-08-24 07:48:53.073,InnoDB,UNDO_SPACE_RSEG,38872,1228,543
1787557733.072,2026-08-24 07:48:53.073,InnoDB,UNDO_SPACE_RSEG,39157,1227,544
1787557733.072,2026-08-24 07:48:53.073,InnoDB,UNDO_SPACE_RSEG,38867,1224,538
1787557733.072,2026-08-24 07:48:53.073,InnoDB,UNDO_SPACE_RSEG,38709,1221,532
1787557733.072,2026-08-24 07:48:53.073,InnoDB,UNDO_SPACE_RSEG,38713,1220,548
1787557733.072,2026-08-24 07:48:53.073,InnoDB,UNDO_SPACE_RSEG,38160,1212,569
1787557733.072,2026-08-24 07:48:53.073,InnoDB,UNDO_SPACE_RSEG,38557,1211,547
1787557733.072,2026-08-24 07:48:53.073,InnoDB,UNDO_SPACE_RSEG,38469,1207,530
1787557733.072,2026-08-24 07:48:53.073,InnoDB,UNDO_SPACE_RSEG,38431,1203,512
1787557733.072,2026-08-24 07:48:53.073,InnoDB,UNDO_SPACE_RSEG,37676,1194,536
1787557733.072,2026-08-24 07:48:53.073,InnoDB,UNDO_SPACE_RSEG,37797,1194,529
1787557733.072,2026-08-24 07:48:53.073,InnoDB,UNDO_SPACE_RSEG,38039,1193,560
1787557733.072,2026-08-24 07:48:53.073,InnoDB,UNDO_SPACE_RSEG,37731,1193,525
1787557733.072,2026-08-24 07:48:53.073,InnoDB,UNDO_SPACE_RSEG,37755,1186,505
1787557733.072,2026-08-24 07:48:53.073,InnoDB,UNDO_SPACE_RSEG,37158,1185,506
1787557733.072,2026-08-24 07:48:53.073,InnoDB,UNDO_SPACE_RSEG,37633,1183,534
1787557733.072,2026-08-24 07:48:53.073,InnoDB,UNDO_SPACE_RSEG,37638,1181,550
1787557733.072,2026-08-24 07:48:53.073,InnoDB,UNDO_SPACE_RSEG,37612,1178,565
1787557733.072,2026-08-24 07:48:53.073,InnoDB,UNDO_SPACE_RSEG,36977,1178,521
1787557733.072,2026-08-24 07:48:53.073,InnoDB,UNDO_SPACE_RSEG,36973,1165,549
1787557733.072,2026-08-24 07:48:53.073,InnoDB,UNDO_SPACE_RSEG,37028,1163,531
1787557733.072,2026-08-24 07:48:53.073,InnoDB,UNDO_SPACE_RSEG,36799,1161,523
1787557733.072,2026-08-24 07:48:53.073,InnoDB,UNDO_SPACE_RSEG,36307,1156,536
1787557733.072,2026-08-24 07:48:53.073,InnoDB,UNDO_SPACE_RSEG,36266,1156,511
1787557733.072,2026-08-24 07:48:53.073,InnoDB,UNDO_SPACE_RSEG,36288,1153,515
1787557733.072,2026-08-24 07:48:53.073,InnoDB,UNDO_SPACE_RSEG,36753,1152,567
1787557733.072,2026-08-24 07:48:53.073,InnoDB,UNDO_SPACE_RSEG,36318,1151,492
1787557733.072,2026-08-24 07:48:53.073,InnoDB,UNDO_SPACE_RSEG,36407,1145,505
1787557733.072,2026-08-24 07:48:53.073,InnoDB,UNDO_SPACE_RSEG,36509,1141,549
1787557733.072,2026-08-24 07:48:53.073,InnoDB,UNDO_SPACE_RSEG,36257,1138,559
1787557733.072,2026-08-24 07:48:53.073,InnoDB,UNDO_SPACE_RSEG,35787,1133,509
1787557733.072,2026-08-24 07:48:53.073,InnoDB,UNDO_SPACE_RSEG,36032,1133,499
1787557733.072,2026-08-24 07:48:53.073,InnoDB,UNDO_SPACE_RSEG,35559,1131,498
1787557733.072,2026-08-24 07:48:53.073,InnoDB,UNDO_SPACE_RSEG,35586,1125,501
1787557733.072,2026-08-24 07:48:53.073,InnoDB,UNDO_SPACE_RSEG,35390,1122,498
1787557733.072,2026-08-24 07:48:53.073,InnoDB,UNDO_SPACE_RSEG,35416,1121,503
1787557733.072,2026-08-24 07:48:53.073,InnoDB,UNDO_SPACE_RSEG,35889,1120,559
1787557733.072,2026-08-24 07:48:53.073,InnoDB,UNDO_SPACE_RSEG,35372,1118,518
1787557733.072,2026-08-24 07:48:53.073,InnoDB,UNDO_SPACE_RSEG,35302,1117,534
1787557733.072,2026-08-24 07:48:53.073,InnoDB,UNDO_SPACE_RSEG,35442,1117,476
1787557733.072,2026-08-24 07:48:53.073,InnoDB,UNDO_SPACE_RSEG,35467,1113,560
1787557733.072,2026-08-24 07:48:53.073,InnoDB,UNDO_SPACE_RSEG,35422,1113,522
1787557733.072,2026-08-24 07:48:53.073,InnoDB,UNDO_SPACE_RSEG,35152,1108,511
1787557733.072,2026-08-24 07:48:53.073,InnoDB,UNDO_SPACE_RSEG,34934,1103,517
1787557733.072,2026-08-24 07:48:53.073,InnoDB,UNDO_SPACE_RSEG,34670,1097,493
1787557733.072,2026-08-24 07:48:53.073,InnoDB,UNDO_SPACE_RSEG,34208,1090,510
1787557733.072,2026-08-24 07:48:53.073,InnoDB,UNDO_SPACE_RSEG,34535,1085,516
1787557733.072,2026-08-24 07:48:53.073,InnoDB,UNDO_SPACE_RSEG,34274,1085,499
1787557733.072,2026-08-24 07:48:53.073,InnoDB,UNDO_SPACE_RSEG,34291,1082,512
1787557733.072,2026-08-24 07:48:53.073,InnoDB,UNDO_SPACE_RSEG,34487,1081,544
1787557733.072,2026-08-24 07:48:53.073,InnoDB,UNDO_SPACE_RSEG,33986,1079,450
1787557733.072,2026-08-24 07:48:53.073,InnoDB,UNDO_SPACE_RSEG,34081,1077,533
1787557733.072,2026-08-24 07:48:53.073,InnoDB,UNDO_SPACE_RSEG,34099,1071,503
1787557733.072,2026-08-24 07:48:53.073,InnoDB,UNDO_SPACE_RSEG,34080,1069,540
1787557733.072,2026-08-24 07:48:53.073,InnoDB,UNDO_SPACE_RSEG,33798,1066,484
1787557733.072,2026-08-24 07:48:53.073,InnoDB,UNDO_SPACE_RSEG,33581,1059,535
1787557733.072,2026-08-24 07:48:53.073,InnoDB,UNDO_SPACE_RSEG,33553,1057,521
1787557733.072,2026-08-24 07:48:53.073,InnoDB,UNDO_SPACE_RSEG,33544,1056,521
1787557733.072,2026-08-24 07:48:53.073,InnoDB,UNDO_SPACE_RSEG,33448,1044,526
1787557733.072,2026-08-24 07:48:53.073,InnoDB,UNDO_SPACE_RSEG,33088,1041,540
1787557733.072,2026-08-24 07:48:53.073,InnoDB,UNDO_SPACE_RSEG,32843,1039,477
1787557733.072,2026-08-24 07:48:53.073,InnoDB,UNDO_SPACE_RSEG,32732,1035,481
1787557733.072,2026-08-24 07:48:53.073,InnoDB,UNDO_SPACE_RSEG,32819,1032,518
1787557733.072,2026-08-24 07:48:53.073,InnoDB,UNDO_SPACE_RSEG,32401,1031,496
1787557733.072,2026-08-24 07:48:53.073,InnoDB,UNDO_SPACE_RSEG,32777,1026,527
1787557733.072,2026-08-24 07:48:53.073,InnoDB,UNDO_SPACE_RSEG,33214,1026,535
1787557733.072,2026-08-24 07:48:53.073,InnoDB,UNDO_SPACE_RSEG,32578,1026,456
1787557733.072,2026-08-24 07:48:53.073,InnoDB,UNDO_SPACE_RSEG,33066,1022,535
1787557733.072,2026-08-24 07:48:53.073,InnoDB,UNDO_SPACE_RSEG,32432,1019,519
1787557733.072,2026-08-24 07:48:53.073,InnoDB,UNDO_SPACE_RSEG,32240,1017,484
1787557733.072,2026-08-24 07:48:53.073,InnoDB,UNDO_SPACE_RSEG,32056,1016,523
1787557733.072,2026-08-24 07:48:53.073,InnoDB,UNDO_SPACE_RSEG,32023,1016,483
1787557733.072,2026-08-24 07:48:53.073,InnoDB,UNDO_SPACE_RSEG,32013,1014,454
1787557733.072,2026-08-24 07:48:53.073,InnoDB,UNDO_SPACE_RSEG,32318,1013,513
1787557733.072,2026-08-24 07:48:53.073,InnoDB,UNDO_SPACE_RSEG,31905,1011,498
1787557733.072,2026-08-24 07:48:53.073,InnoDB,UNDO_SPACE_RSEG,31539,1003,439
1787557733.072,2026-08-24 07:48:53.073,InnoDB,UNDO_SPACE_RSEG,31845,1000,528
1787557733.072,2026-08-24 07:48:53.073,InnoDB,UNDO_SPACE_RSEG,31444,995,498
1787557733.072,2026-08-24 07:48:53.073,InnoDB,UNDO_SPACE_RSEG,31720,994,507
1787557733.072,2026-08-24 07:48:53.073,InnoDB,UNDO_SPACE_RSEG,31571,991,504
1787557733.072,2026-08-24 07:48:53.073,InnoDB,UNDO_SPACE_RSEG,31559,991,526
1787557733.072,2026-08-24 07:48:53.073,InnoDB,UNDO_SPACE_RSEG,31492,985,511
1787557733.072,2026-08-24 07:48:53.073,InnoDB,UNDO_SPACE_RSEG,31184,984,521
1787557733.072,2026-08-24 07:48:53.073,InnoDB,UNDO_SPACE_RSEG,31513,981,512
1787557733.072,2026-08-24 07:48:53.073,InnoDB,UNDO_SPACE_RSEG,30974,979,485
1787557733.072,2026-08-24 07:48:53.073,InnoDB,UNDO_SPACE_RSEG,31006,979,506
1787557733.072,2026-08-24 07:48:53.073,InnoDB,UNDO_SPACE_RSEG,31252,979,494
1787557733.072,2026-08-24 07:48:53.073,InnoDB,UNDO_SPACE_RSEG,31405,977,494
1787557733.072,2026-08-24 07:48:53.073,InnoDB,UNDO_SPACE_RSEG,30892,966,510
1787557733.072,2026-08-24 07:48:53.073,InnoDB,UNDO_SPACE_RSEG,30783,962,487
1787557733.072,2026-08-24 07:48:53.073,InnoDB,UNDO_SPACE_RSEG,30599,961,545
1787557733.072,2026-08-24 07:48:53.073,InnoDB,UNDO_SPACE_RSEG,30678,960,472
1787557733.072,2026-08-24 07:48:53.073,InnoDB,UNDO_SPACE_RSEG,31000,959,468
1787557733.072,2026-08-24 07:48:53.073,InnoDB,UNDO_SPACE_RSEG,30160,953,474
1787557733.072,2026-08-24 07:48:53.073,InnoDB,UNDO_SPACE_RSEG,30702,949,496
1787557733.072,2026-08-24 07:48:53.073,InnoDB,UNDO_SPACE_RSEG,29807,948,469
1787557733.072,2026-08-24 07:48:53.073,InnoDB,UNDO_SPACE_RSEG,29975,946,422
1787557733.072,2026-08-24 07:48:53.073,InnoDB,UNDO_SPACE_RSEG,30311,946,468
1787557733.072,2026-08-24 07:48:53.073,InnoDB,UNDO_SPACE_RSEG,30267,945,491
1787557733.072,2026-08-24 07:48:53.073,InnoDB,UNDO_SPACE_RSEG,29806,942,475
1787557733.072,2026-08-24 07:48:53.073,InnoDB,UNDO_SPACE_RSEG,30114,940,513
1787557733.072,2026-08-24 07:48:53.073,InnoDB,UNDO_SPACE_RSEG,29812,940,516
1787557733.072,2026-08-24 07:48:53.073,InnoDB,UNDO_SPACE_RSEG,29693,939,456
1787557733.072,2026-08-24 07:48:53.073,InnoDB,UNDO_SPACE_RSEG,29828,936,477
1787557733.072,2026-08-24 07:48:53.073,InnoDB,UNDO_SPACE_RSEG,29497,926,432
1787557733.072,2026-08-24 07:48:53.073,InnoDB,UNDO_SPACE_RSEG,29520,926,464
1787557733.072,2026-08-24 07:48:53.073,InnoDB,UNDO_SPACE_RSEG,29769,925,470
1787557733.072,2026-08-24 07:48:53.073,InnoDB,UNDO_SPACE_RSEG,29551,921,523
1787557733.072,2026-08-24 07:48:53.073,InnoDB,UNDO_SPACE_RSEG,29268,920,501
1787557733.072,2026-08-24 07:48:53.073,InnoDB,UNDO_SPACE_RSEG,29273,919,497
1787557733.072,2026-08-24 07:48:53.073,InnoDB,UNDO_SPACE_RSEG,28938,919,451
1787557733.072,2026-08-24 07:48:53.073,InnoDB,UNDO_SPACE_RSEG,29102,918,488
1787557733.072,2026-08-24 07:48:53.073,InnoDB,UNDO_SPACE_RSEG,29104,915,469
1787557733.072,2026-08-24 07:48:53.073,InnoDB,UNDO_SPACE_RSEG,28941,912,497
1787557733.072,2026-08-24 07:48:53.073,InnoDB,UNDO_SPACE_RSEG,28928,911,469
1787557733.072,2026-08-24 07:48:53.073,InnoDB,UNDO_SPACE_RSEG,29109,910,467
1787557733.072,2026-08-24 07:48:53.073,InnoDB,UNDO_SPACE_RSEG,29154,908,471
1787557733.072,2026-08-24 07:48:53.073,InnoDB,UNDO_SPACE_RSEG,28434,897,511
1787557733.072,2026-08-24 07:48:53.073,InnoDB,UNDO_SPACE_RSEG,28894,897,505
1787557733.072,2026-08-24 07:48:53.073,InnoDB,UNDO_SPACE_RSEG,28748,897,503
1787557733.072,2026-08-24 07:48:53.073,InnoDB,UNDO_SPACE_RSEG,28730,892,502
1787557733.072,2026-08-24 07:48:53.073,InnoDB,UNDO_SPACE_RSEG,28915,890,524
1787557733.072,2026-08-24 07:48:53.073,InnoDB,UNDO_SPACE_RSEG,28069,888,490
1787557733.072,2026-08-24 07:48:53.073,InnoDB,UNDO_SPACE_RSEG,28294,884,457
1787557733.072,2026-08-24 07:48:53.073,InnoDB,UNDO_SPACE_RSEG,28212,882,461
1787557733.072,2026-08-24 07:48:53.073,InnoDB,UNDO_SPACE_RSEG,28016,879,507
1787557733.072,2026-08-24 07:48:53.073,InnoDB,UNDO_SPACE_RSEG,27544,874,425
1787557733.072,2026-08-24 07:48:53.073,InnoDB,UNDO_SPACE_RSEG,28109,868,501
1787557733.072,2026-08-24 07:48:53.073,InnoDB,UNDO_SPACE_RSEG,27629,868,483
1787557733.072,2026-08-24 07:48:53.073,InnoDB,UNDO_SPACE_RSEG,27512,866,469
1787557733.072,2026-08-24 07:48:53.073,InnoDB,UNDO_SPACE_RSEG,27386,862,462
1787557733.072,2026-08-24 07:48:53.073,InnoDB,UNDO_SPACE_RSEG,27052,860,406
1787557733.072,2026-08-24 07:48:53.073,InnoDB,UNDO_SPACE_RSEG,27376,859,490
1787557733.072,2026-08-24 07:48:53.073,InnoDB,UNDO_SPACE_RSEG,27208,857,501
1787557733.072,2026-08-24 07:48:53.073,InnoDB,UNDO_SPACE_RSEG,27551,856,458
1787557733.072,2026-08-24 07:48:53.073,InnoDB,UNDO_SPACE_RSEG,27094,853,493
1787557733.072,2026-08-24 07:48:53.073,InnoDB,UNDO_SPACE_RSEG,27223,849,475
1787557733.072,2026-08-24 07:48:53.073,InnoDB,UNDO_SPACE_RSEG,27486,849,484
1787557733.072,2026-08-24 07:48:53.073,InnoDB,UNDO_SPACE_RSEG,27250,844,467
1787557733.072,2026-08-24 07:48:53.073,InnoDB,UNDO_SPACE_RSEG,26803,842,455
1787557733.072,2026-08-24 07:48:53.073,InnoDB,UNDO_SPACE_RSEG,26499,835,463
1787557733.072,2026-08-24 07:48:53.073,InnoDB,UNDO_SPACE_RSEG,26660,835,487
1787557733.072,2026-08-24 07:48:53.073,InnoDB,UNDO_SPACE_RSEG,26984,834,456
1787557733.072,2026-08-24 07:48:53.073,InnoDB,UNDO_SPACE_RSEG,26597,832,488
1787557733.072,2026-08-24 07:48:53.073,InnoDB,UNDO_SPACE_RSEG,26777,830,446
1787557733.072,2026-08-24 07:48:53.073,InnoDB,UNDO_SPACE_RSEG,26534,828,481
1787557733.072,2026-08-24 07:48:53.073,InnoDB,UNDO_SPACE_RSEG,26732,828,492
1787557733.072,2026-08-24 07:48:53.073,InnoDB,UNDO_SPACE_RSEG,26441,827,453
1787557733.072,2026-08-24 07:48:53.073,InnoDB,UNDO_SPACE_RSEG,26329,827,472
1787557733.072,2026-08-24 07:48:53.073,InnoDB,UNDO_SPACE_RSEG,26424,820,457
1787557733.072,2026-08-24 07:48:53.073,InnoDB,UNDO_SPACE_RSEG,26081,820,472
1787557733.072,2026-08-24 07:48:53.073,InnoDB,UNDO_SPACE_RSEG,26161,816,421
1787557733.072,2026-08-24 07:48:53.073,InnoDB,UNDO_SPACE_RSEG,25659,810,448
1787557733.072,2026-08-24 07:48:53.073,InnoDB,UNDO_SPACE_RSEG,25880,805,497
1787557733.072,2026-08-24 07:48:53.073,InnoDB,UNDO_SPACE_RSEG,25251,794,445
1787557733.072,2026-08-24 07:48:53.073,InnoDB,UNDO_SPACE_RSEG,25137,791,419
1787557733.072,2026-08-24 07:48:53.073,InnoDB,UNDO_SPACE_RSEG,25550,788,482
1787557733.072,2026-08-24 07:48:53.073,InnoDB,UNDO_SPACE_RSEG,25232,783,458
1787557733.072,2026-08-24 07:48:53.073,InnoDB,UNDO_SPACE_RSEG,24678,779,435
1787557733.072,2026-08-24 07:48:53.073,InnoDB,UNDO_SPACE_RSEG,24776,778,445
1787557733.072,2026-08-24 07:48:53.073,InnoDB,UNDO_SPACE_RSEG,24778,775,462
1787557733.072,2026-08-24 07:48:53.073,InnoDB,UNDO_SPACE_RSEG,24560,768,434
1787557733.072,2026-08-24 07:48:53.073,InnoDB,UNDO_SPACE_RSEG,24197,763,426
1787557733.072,2026-08-24 07:48:53.073,InnoDB,UNDO_SPACE_RSEG,24262,759,408
1787557733.072,2026-08-24 07:48:53.073,InnoDB,UNDO_SPACE_RSEG,24276,756,462
1787557733.072,2026-08-24 07:48:53.073,InnoDB,UNDO_SPACE_RSEG,23967,755,467
1787557733.072,2026-08-24 07:48:53.073,InnoDB,UNDO_SPACE_RSEG,24194,753,401
1787557733.072,2026-08-24 07:48:53.073,InnoDB,UNDO_SPACE_RSEG,23513,747,442
1787557733.072,2026-08-24 07:48:53.073,InnoDB,UNDO_SPACE_RSEG,24115,746,443
1787557733.072,2026-08-24 07:48:53.073,InnoDB,UNDO_SPACE_RSEG,23599,738,448
1787557733.072,2026-08-24 07:48:53.073,InnoDB,UNDO_SPACE_RSEG,23256,730,425
1787557733.072,2026-08-24 07:48:53.073,InnoDB,UNDO_SPACE_RSEG,22784,723,407
1787557733.072,2026-08-24 07:48:53.073,InnoDB,UNDO_SPACE_RSEG,23485,721,460
1787557733.072,2026-08-24 07:48:53.073,InnoDB,UNDO_SPACE_RSEG,22861,720,446
1787557733.072,2026-08-24 07:48:53.073,InnoDB,UNDO_SPACE_RSEG,22916,715,481
1787557733.072,2026-08-24 07:48:53.073,InnoDB,UNDO_SPACE_RSEG,22890,714,440
1787557733.072,2026-08-24 07:48:53.073,InnoDB,UNDO_SPACE_RSEG,22118,692,447
1787557733.072,2026-08-24 07:48:53.073,InnoDB,UNDO_SPACE_RSEG,22154,690,421
1787557733.072,2026-08-24 07:48:53.073,InnoDB,UNDO_SPACE_RSEG,22075,687,411
1787557733.072,2026-08-24 07:48:53.073,InnoDB,UNDO_SPACE_RSEG,21347,674,397
1787557733.072,2026-08-24 07:48:53.073,InnoDB,UNDO_SPACE_RSEG,21157,662,414
1787557733.072,2026-08-24 07:48:53.073,InnoDB,UNDO_SPACE_RSEG,20881,661,425
1787557733.072,2026-08-24 07:48:53.073,InnoDB,UNDO_SPACE_RSEG,21015,652,410
1787557733.072,2026-08-24 07:48:53.073,InnoDB,UNDO_SPACE_RSEG,20339,640,415
1787557733.072,2026-08-24 07:48:53.073,InnoDB,UNDO_SPACE_RSEG,20122,631,418
1787557733.072,2026-08-24 07:48:53.073,InnoDB,UNDO_SPACE_RSEG,19948,612,431
1787557733.072,2026-08-24 07:48:53.073,InnoDB,UNDO_SPACE_RSEG,19315,608,382
1787557733.072,2026-08-24 07:48:53.073,InnoDB,UNDO_SPACE_RSEG,19503,598,421
1787557733.072,2026-08-24 07:48:53.073,InnoDB,UNDO_SPACE_RSEG,18324,569,421
1787557733.072,2026-08-24 07:48:53.073,InnoDB,LOG_FLUSHER,19384,513,853
1787557733.072,2026-08-24 07:48:53.073,InnoDB,LOG_FILES,17646,428,656
1787557733.072,2026-08-24 07:48:53.073,InnoDB,UNDO_SPACE_RSEG,13001,394,338
1787557733.072,2026-08-24 07:48:53.073,InnoDB,DICT_SYS,12613512,357,8342651
1787557733.072,2026-08-24 07:48:53.073,InnoDB,PURGE_SYS_PQ,308500,270,268247
1787557733.072,2026-08-24 07:48:53.073,InnoDB,FIL_SHARD,353369,167,359475
1787557733.072,2026-08-24 07:48:53.073,InnoDB,FIL_SHARD,349552,147,358387
1787557733.072,2026-08-24 07:48:53.073,InnoDB,FIL_SHARD,323856,135,340083
1787557733.072,2026-08-24 07:48:53.073,InnoDB,FIL_SHARD,338950,128,351974
1787557733.072,2026-08-24 07:48:53.073,InnoDB,FIL_SHARD,340337,127,351286
1787557733.072,2026-08-24 07:48:53.073,InnoDB,FIL_SHARD,331067,125,343448
1787557733.072,2026-08-24 07:48:53.073,InnoDB,IBUF_BITMAP,16377,125,10056
1787557733.072,2026-08-24 07:48:53.073,InnoDB,FIL_SHARD,345035,119,353891
1787557733.072,2026-08-24 07:48:53.073,InnoDB,FIL_SHARD,322907,119,336819
1787557733.072,2026-08-24 07:48:53.073,InnoDB,DICT_PERSIST_DIRTY_TABLES,631709,118,252749
1787557733.072,2026-08-24 07:48:53.073,InnoDB,FIL_SHARD,333482,117,371224
1787557733.072,2026-08-24 07:48:53.073,InnoDB,FIL_SHARD,324311,114,339597
1787557733.072,2026-08-24 07:48:53.073,InnoDB,FIL_SHARD,297537,108,318432
1787557733.072,2026-08-24 07:48:53.073,InnoDB,FIL_SHARD,321512,108,337334
1787557733.072,2026-08-24 07:48:53.073,InnoDB,FIL_SHARD,322471,108,359348
1787557733.072,2026-08-24 07:48:53.073,InnoDB,FIL_SHARD,319202,105,337326
1787557733.072,2026-08-24 07:48:53.073,InnoDB,FIL_SHARD,321902,101,336024
1787557733.072,2026-08-24 07:48:53.073,InnoDB,FIL_SHARD,336096,100,349315
1787557733.072,2026-08-24 07:48:53.073,InnoDB,FIL_SHARD,325954,97,342464
1787557733.072,2026-08-24 07:48:53.073,InnoDB,FIL_SHARD,328827,93,365388
1787557733.072,2026-08-24 07:48:53.073,InnoDB,FIL_SHARD,303652,92,321734
1787557733.072,2026-08-24 07:48:53.073,InnoDB,FIL_SHARD,339018,87,378465
1787557733.072,2026-08-24 07:48:53.073,InnoDB,DICT_TABLE_STATS_COMPUTE,840,28,7
1787557733.072,2026-08-24 07:48:53.073,InnoDB,TRX_POOL,621,19,38
1787557733.072,2026-08-24 07:48:53.073,InnoDB,TRX,362868,15,532743
1787557733.072,2026-08-24 07:48:53.073,InnoDB,FIL_SHARD,6989,9,8592
1787557733.072,2026-08-24 07:48:53.073,InnoDB,FIL_SHARD,6965,8,8562
1787557733.072,2026-08-24 07:48:53.073,InnoDB,PARSER,355,6,11
1787557733.072,2026-08-24 07:48:53.073,InnoDB,LOCK_SYS_TABLE,7232,5,7064
1787557733.072,2026-08-24 07:48:53.073,InnoDB,LOCK_SYS_TABLE,7076,5,6872
1787557733.072,2026-08-24 07:48:53.073,InnoDB,LOCK_SYS_TABLE,7194,4,6608
1787557733.072,2026-08-24 07:48:53.073,InnoDB,LOCK_SYS_TABLE,7430,4,7011
1787557733.072,2026-08-24 07:48:53.073,InnoDB,PAGE_CLEANER,3009,3,3067
1787557733.072,2026-08-24 07:48:53.073,InnoDB,LOCK_SYS_PAGE,227,3,107
1787557733.072,2026-08-24 07:48:53.073,InnoDB,LOCK_SYS_TABLE,7123,3,6991
1787557733.072,2026-08-24 07:48:53.073,InnoDB,LOCK_SYS_PAGE,186,2,118
1787557733.072,2026-08-24 07:48:53.073,InnoDB,LOCK_SYS_TABLE,7272,2,6888
1787557733.072,2026-08-24 07:48:53.073,InnoDB,LOCK_SYS_TABLE,7667,2,6995
1787557733.072,2026-08-24 07:48:53.073,InnoDB,LOCK_SYS_PAGE,172,2,111
1787557733.072,2026-08-24 07:48:53.073,InnoDB,LOCK_SYS_PAGE,230,2,130
1787557733.072,2026-08-24 07:48:53.073,InnoDB,LOCK_SYS_PAGE,189,2,118
1787557733.072,2026-08-24 07:48:53.073,InnoDB,LOCK_SYS_PAGE,164,2,110
1787557733.072,2026-08-24 07:48:53.073,InnoDB,LOCK_SYS_PAGE,201,2,122
1787557733.072,2026-08-24 07:48:53.073,InnoDB,LOCK_SYS_PAGE,204,2,130
1787557733.072,2026-08-24 07:48:53.073,InnoDB,LOCK_SYS_PAGE,176,2,121
1787557733.072,2026-08-24 07:48:53.073,InnoDB,LOCK_SYS_TABLE,7143,2,6772
1787557733.072,2026-08-24 07:48:53.073,InnoDB,LOCK_SYS_PAGE,180,2,113
1787557733.072,2026-08-24 07:48:53.073,InnoDB,LOCK_SYS_PAGE,349,2,119
1787557733.072,2026-08-24 07:48:53.073,InnoDB,LOCK_SYS_PAGE,179,1,120
1787557733.072,2026-08-24 07:48:53.073,InnoDB,LOCK_SYS_PAGE,133,1,106
1787557733.072,2026-08-24 07:48:53.073,InnoDB,LOCK_SYS_PAGE,138,1,117
1787557733.072,2026-08-24 07:48:53.073,InnoDB,LOCK_SYS_PAGE,186,1,130
1787557733.072,2026-08-24 07:48:53.073,InnoDB,LOCK_SYS_PAGE,144,1,114
1787557733.072,2026-08-24 07:48:53.073,InnoDB,LOCK_SYS_PAGE,195,1,120
1787557733.072,2026-08-24 07:48:53.073,InnoDB,LOCK_SYS_PAGE,150,1,122
1787557733.072,2026-08-24 07:48:53.073,InnoDB,LOCK_SYS_PAGE,136,1,105
1787557733.072,2026-08-24 07:48:53.073,InnoDB,LOCK_SYS_PAGE,173,1,130
1787557733.072,2026-08-24 07:48:53.073,InnoDB,LOCK_SYS_PAGE,167,1,119
1787557733.072,2026-08-24 07:48:53.073,InnoDB,LOCK_SYS_PAGE,134,1,106
1787557733.072,2026-08-24 07:48:53.073,InnoDB,LOCK_SYS_PAGE,170,1,131
1787557733.072,2026-08-24 07:48:53.073,InnoDB,LOCK_SYS_PAGE,149,1,105
1787557733.072,2026-08-24 07:48:53.073,InnoDB,LOCK_SYS_PAGE,143,1,123
1787557733.072,2026-08-24 07:48:53.073,InnoDB,LOCK_SYS_PAGE,160,1,123
1787557733.072,2026-08-24 07:48:53.073,InnoDB,LOCK_SYS_PAGE,157,1,132
1787557733.072,2026-08-24 07:48:53.073,InnoDB,LOCK_SYS_PAGE,160,1,119
1787557733.072,2026-08-24 07:48:53.073,InnoDB,LOCK_SYS_TABLE,7483,1,7275
1787557733.072,2026-08-24 07:48:53.073,InnoDB,LOCK_SYS_PAGE,161,1,105
1787557733.072,2026-08-24 07:48:53.073,InnoDB,LOCK_SYS_PAGE,145,1,124
1787557733.072,2026-08-24 07:48:53.073,InnoDB,LOCK_SYS_PAGE,186,1,119
1787557733.072,2026-08-24 07:48:53.073,InnoDB,LOCK_SYS_PAGE,170,1,120
1787557733.072,2026-08-24 07:48:53.073,InnoDB,LOCK_SYS_PAGE,131,1,98
1787557733.072,2026-08-24 07:48:53.073,InnoDB,LOCK_SYS_PAGE,122,1,93
1787557733.072,2026-08-24 07:48:53.073,InnoDB,LOCK_SYS_PAGE,155,1,117
1787557733.072,2026-08-24 07:48:53.073,InnoDB,LOCK_SYS_PAGE,170,1,116
1787557733.072,2026-08-24 07:48:53.073,InnoDB,LOCK_SYS_PAGE,145,1,108
1787557733.072,2026-08-24 07:48:53.073,InnoDB,LOCK_SYS_PAGE,155,1,115
1787557733.072,2026-08-24 07:48:53.073,InnoDB,LOCK_SYS_PAGE,142,1,119
1787557733.072,2026-08-24 07:48:53.073,InnoDB,LOCK_SYS_TABLE,7430,1,6812
1787557733.072,2026-08-24 07:48:53.073,InnoDB,LOCK_SYS_PAGE,137,1,100
1787557733.072,2026-08-24 07:48:53.073,InnoDB,LOCK_SYS_PAGE,166,1,116
1787557733.072,2026-08-24 07:48:53.073,InnoDB,LOCK_SYS_PAGE,132,1,106
1787557733.072,2026-08-24 07:48:53.073,InnoDB,LOCK_SYS_PAGE,162,1,125
1787557733.072,2026-08-24 07:48:53.073,InnoDB,LOCK_SYS_PAGE,139,1,110
1787557733.072,2026-08-24 07:48:53.073,InnoDB,LOCK_SYS_PAGE,208,1,129
1787557733.072,2026-08-24 07:48:53.073,InnoDB,LOCK_SYS_PAGE,214,1,133
1787557733.072,2026-08-24 07:48:53.073,InnoDB,LOCK_SYS_PAGE,179,1,143
1787557733.072,2026-08-24 07:48:53.073,InnoDB,LOCK_SYS_PAGE,167,1,119
1787557733.072,2026-08-24 07:48:53.073,InnoDB,LOCK_SYS_PAGE,181,1,148
1787557733.072,2026-08-24 07:48:53.073,InnoDB,LOCK_SYS_PAGE,174,1,130
1787557733.072,2026-08-24 07:48:53.073,InnoDB,LOCK_SYS_PAGE,161,1,120
1787557733.072,2026-08-24 07:48:53.073,InnoDB,LOCK_SYS_PAGE,166,1,110
1787557733.072,2026-08-24 07:48:53.073,InnoDB,LOCK_SYS_PAGE,170,1,131
1787557733.072,2026-08-24 07:48:53.073,InnoDB,LOCK_SYS_PAGE,160,1,126
1787557733.072,2026-08-24 07:48:53.073,InnoDB,LOCK_SYS_PAGE,181,1,148
1787557733.072,2026-08-24 07:48:53.073,InnoDB,LOCK_SYS_PAGE,169,1,130
1787557733.072,2026-08-24 07:48:53.073,InnoDB,LOCK_SYS_PAGE,275,1,145
1787557733.072,2026-08-24 07:48:53.073,InnoDB,LOCK_SYS_PAGE,165,1,132
1787557733.072,2026-08-24 07:48:53.073,InnoDB,LOCK_SYS_PAGE,190,1,115
1787557733.072,2026-08-24 07:48:53.073,InnoDB,LOCK_SYS_PAGE,150,1,111
1787557733.072,2026-08-24 07:48:53.073,InnoDB,LOCK_SYS_PAGE,160,1,110
1787557733.072,2026-08-24 07:48:53.073,InnoDB,LOCK_SYS_PAGE,189,1,134
1787557733.072,2026-08-24 07:48:53.073,InnoDB,LOCK_SYS_PAGE,193,1,148
1787557733.072,2026-08-24 07:48:53.073,InnoDB,LOCK_SYS_PAGE,176,1,127
1787557733.072,2026-08-24 07:48:53.073,InnoDB,LOCK_SYS_PAGE,156,1,120
1787557733.072,2026-08-24 07:48:53.073,InnoDB,LOCK_SYS_PAGE,194,1,139
1787557733.072,2026-08-24 07:48:53.073,InnoDB,LOCK_SYS_PAGE,157,1,123
1787557733.072,2026-08-24 07:48:53.073,InnoDB,LOCK_SYS_PAGE,159,1,119
1787557733.072,2026-08-24 07:48:53.073,InnoDB,LOCK_SYS_PAGE,159,1,125
1787557733.072,2026-08-24 07:48:53.073,InnoDB,LOCK_SYS_PAGE,157,1,128
1787557733.072,2026-08-24 07:48:53.073,InnoDB,LOCK_SYS_PAGE,157,1,107
1787557733.072,2026-08-24 07:48:53.073,InnoDB,LOCK_SYS_PAGE,130,1,101
1787557733.072,2026-08-24 07:48:53.073,InnoDB,LOCK_SYS_PAGE,148,1,112
1787557733.072,2026-08-24 07:48:53.073,InnoDB,LOCK_SYS_PAGE,133,1,96
1787557733.072,2026-08-24 07:48:53.073,InnoDB,LOCK_SYS_PAGE,161,1,127
1787557733.072,2026-08-24 07:48:53.073,InnoDB,LOCK_SYS_PAGE,134,1,106
1787557733.072,2026-08-24 07:48:53.073,InnoDB,LOCK_SYS_PAGE,159,1,132
1787557733.072,2026-08-24 07:48:53.073,InnoDB,LOCK_SYS_PAGE,158,1,115
1787557733.072,2026-08-24 07:48:53.073,InnoDB,LOCK_SYS_PAGE,180,1,121
1787557733.072,2026-08-24 07:48:53.073,InnoDB,LOCK_SYS_PAGE,143,1,119
1787557733.072,2026-08-24 07:48:53.073,InnoDB,LOCK_SYS_PAGE,118,1,90
1787557733.072,2026-08-24 07:48:53.073,InnoDB,LOCK_SYS_PAGE,165,1,124
1787557733.072,2026-08-24 07:48:53.073,InnoDB,LOCK_SYS_PAGE,145,1,117
1787557733.072,2026-08-24 07:48:53.073,InnoDB,LOCK_SYS_PAGE,179,1,111
1787557733.072,2026-08-24 07:48:53.073,InnoDB,LOCK_SYS_PAGE,94,0,92
1787557733.072,2026-08-24 07:48:53.073,InnoDB,LOCK_SYS_PAGE,136,0,130
1787557733.072,2026-08-24 07:48:53.073,InnoDB,LOCK_SYS_PAGE,130,0,111
1787557733.072,2026-08-24 07:48:53.073,InnoDB,LOCK_SYS_PAGE,142,0,112
1787557733.072,2026-08-24 07:48:53.073,InnoDB,LOCK_SYS_PAGE,145,0,122
1787557733.072,2026-08-24 07:48:53.073,InnoDB,LOCK_SYS_PAGE,170,0,132
1787557733.072,2026-08-24 07:48:53.073,InnoDB,LOCK_SYS_PAGE,119,0,117
1787557733.072,2026-08-24 07:48:53.073,InnoDB,LOCK_SYS_PAGE,125,0,113
1787557733.072,2026-08-24 07:48:53.073,InnoDB,LOCK_SYS_PAGE,125,0,103
1787557733.072,2026-08-24 07:48:53.073,InnoDB,LOCK_SYS_PAGE,184,0,114
1787557733.072,2026-08-24 07:48:53.073,InnoDB,LOCK_SYS_PAGE,146,0,147
1787557733.072,2026-08-24 07:48:53.073,InnoDB,LOCK_SYS_PAGE,168,0,135
1787557733.072,2026-08-24 07:48:53.073,InnoDB,LOCK_SYS_PAGE,136,0,110
1787557733.072,2026-08-24 07:48:53.073,InnoDB,LOCK_SYS_PAGE,129,0,119
1787557733.072,2026-08-24 07:48:53.073,InnoDB,LOCK_SYS_PAGE,105,0,115
1787557733.072,2026-08-24 07:48:53.073,InnoDB,LOCK_SYS_PAGE,128,0,114
1787557733.072,2026-08-24 07:48:53.073,InnoDB,LOCK_SYS_PAGE,112,0,113
1787557733.072,2026-08-24 07:48:53.073,InnoDB,LOCK_SYS_PAGE,140,0,133
1787557733.072,2026-08-24 07:48:53.073,InnoDB,LOCK_SYS_PAGE,133,0,108
1787557733.072,2026-08-24 07:48:53.073,InnoDB,LOCK_SYS_PAGE,96,0,99
1787557733.072,2026-08-24 07:48:53.073,InnoDB,LOCK_SYS_PAGE,132,0,121
1787557733.072,2026-08-24 07:48:53.073,InnoDB,LOCK_SYS_PAGE,153,0,127
1787557733.072,2026-08-24 07:48:53.073,InnoDB,LOCK_SYS_PAGE,124,0,132
1787557733.072,2026-08-24 07:48:53.073,InnoDB,LOCK_SYS_PAGE,106,0,103
1787557733.072,2026-08-24 07:48:53.073,InnoDB,LOCK_SYS_PAGE,152,0,117
1787557733.072,2026-08-24 07:48:53.073,InnoDB,LOCK_SYS_PAGE,113,0,116
1787557733.072,2026-08-24 07:48:53.073,InnoDB,LOCK_SYS_PAGE,116,0,117
1787557733.072,2026-08-24 07:48:53.073,InnoDB,LOCK_SYS_PAGE,114,0,97
1787557733.072,2026-08-24 07:48:53.073,InnoDB,LOCK_SYS_PAGE,127,0,131
1787557733.072,2026-08-24 07:48:53.073,InnoDB,LOCK_SYS_PAGE,154,0,136
1787557733.072,2026-08-24 07:48:53.073,InnoDB,LOCK_SYS_PAGE,135,0,121
1787557733.072,2026-08-24 07:48:53.073,InnoDB,LOCK_SYS_PAGE,136,0,127
1787557733.072,2026-08-24 07:48:53.073,InnoDB,LOCK_SYS_PAGE,124,0,125
1787557733.072,2026-08-24 07:48:53.073,InnoDB,LOCK_SYS_PAGE,162,0,127
1787557733.072,2026-08-24 07:48:53.073,InnoDB,LOCK_SYS_PAGE,130,0,125
1787557733.072,2026-08-24 07:48:53.073,InnoDB,LOCK_SYS_PAGE,108,0,91
1787557733.072,2026-08-24 07:48:53.073,InnoDB,LOCK_SYS_PAGE,129,0,131
1787557733.072,2026-08-24 07:48:53.073,InnoDB,LOCK_SYS_PAGE,98,0,95
1787557733.072,2026-08-24 07:48:53.073,InnoDB,LOCK_SYS_PAGE,144,0,112
1787557733.072,2026-08-24 07:48:53.073,InnoDB,LOCK_SYS_PAGE,137,0,135
1787557733.072,2026-08-24 07:48:53.073,InnoDB,LOCK_SYS_PAGE,136,0,131
1787557733.072,2026-08-24 07:48:53.073,InnoDB,LOCK_SYS_PAGE,120,0,103
1787557733.072,2026-08-24 07:48:53.073,InnoDB,LOCK_SYS_PAGE,95,0,97
1787557733.072,2026-08-24 07:48:53.073,InnoDB,LOCK_SYS_PAGE,120,0,135
1787557733.072,2026-08-24 07:48:53.073,InnoDB,LOCK_SYS_PAGE,145,0,139
1787557733.072,2026-08-24 07:48:53.073,InnoDB,LOCK_SYS_PAGE,92,0,91
1787557733.072,2026-08-24 07:48:53.073,InnoDB,LOCK_SYS_PAGE,137,0,141
1787557733.072,2026-08-24 07:48:53.073,InnoDB,LOCK_SYS_PAGE,126,0,133
1787557733.072,2026-08-24 07:48:53.073,InnoDB,LOCK_SYS_PAGE,134,0,143
1787557733.072,2026-08-24 07:48:53.073,InnoDB,LOCK_SYS_PAGE,120,0,112
1787557733.072,2026-08-24 07:48:53.073,InnoDB,LOCK_SYS_PAGE,119,0,117
1787557733.072,2026-08-24 07:48:53.073,InnoDB,LOCK_SYS_PAGE,174,0,157
1787557733.072,2026-08-24 07:48:53.073,InnoDB,LOCK_SYS_PAGE,123,0,117
1787557733.072,2026-08-24 07:48:53.073,InnoDB,LOCK_SYS_PAGE,104,0,97
1787557733.072,2026-08-24 07:48:53.073,InnoDB,LOCK_SYS_PAGE,137,0,109
1787557733.072,2026-08-24 07:48:53.073,InnoDB,LOCK_SYS_PAGE,128,0,118
1787557733.072,2026-08-24 07:48:53.073,InnoDB,LOCK_SYS_PAGE,140,0,142
1787557733.072,2026-08-24 07:48:53.073,InnoDB,LOCK_SYS_PAGE,161,0,124
1787557733.072,2026-08-24 07:48:53.073,InnoDB,LOCK_SYS_PAGE,121,0,110
1787557733.072,2026-08-24 07:48:53.073,InnoDB,LOCK_SYS_PAGE,120,0,115
1787557733.072,2026-08-24 07:48:53.073,InnoDB,LOCK_SYS_PAGE,128,0,126
1787557733.072,2026-08-24 07:48:53.073,InnoDB,LOCK_SYS_PAGE,125,0,127
1787557733.072,2026-08-24 07:48:53.073,InnoDB,LOCK_SYS_PAGE,144,0,138
1787557733.072,2026-08-24 07:48:53.073,InnoDB,LOCK_SYS_PAGE,109,0,129
1787557733.072,2026-08-24 07:48:53.073,InnoDB,LOCK_SYS_PAGE,110,0,114
1787557733.072,2026-08-24 07:48:53.073,InnoDB,LOCK_SYS_PAGE,117,0,128
1787557733.072,2026-08-24 07:48:53.073,InnoDB,LOCK_SYS_PAGE,151,0,128
1787557733.072,2026-08-24 07:48:53.073,InnoDB,LOCK_SYS_PAGE,121,0,108
1787557733.072,2026-08-24 07:48:53.073,InnoDB,LOCK_SYS_PAGE,138,0,105
1787557733.072,2026-08-24 07:48:53.073,InnoDB,LOCK_SYS_PAGE,153,0,136
1787557733.072,2026-08-24 07:48:53.073,InnoDB,LOCK_SYS_PAGE,138,0,137
1787557733.072,2026-08-24 07:48:53.073,InnoDB,LOCK_SYS_PAGE,132,0,114
1787557733.072,2026-08-24 07:48:53.073,InnoDB,LOCK_SYS_PAGE,105,0,101
1787557733.072,2026-08-24 07:48:53.073,InnoDB,LOCK_SYS_PAGE,96,0,98
1787557733.072,2026-08-24 07:48:53.073,InnoDB,LOCK_SYS_PAGE,120,0,117
1787557733.072,2026-08-24 07:48:53.073,InnoDB,LOCK_SYS_PAGE,109,0,117
1787557733.072,2026-08-24 07:48:53.073,InnoDB,LOCK_SYS_PAGE,119,0,118
1787557733.072,2026-08-24 07:48:53.073,InnoDB,LOCK_SYS_PAGE,109,0,112
1787557733.072,2026-08-24 07:48:53.073,InnoDB,LOCK_SYS_PAGE,111,0,107
1787557733.072,2026-08-24 07:48:53.073,InnoDB,LOCK_SYS_PAGE,102,0,100
1787557733.072,2026-08-24 07:48:53.073,InnoDB,LOCK_SYS_PAGE,101,0,102
1787557733.072,2026-08-24 07:48:53.073,InnoDB,LOCK_SYS_PAGE,145,0,122
1787557733.072,2026-08-24 07:48:53.073,InnoDB,LOCK_SYS_PAGE,137,0,133
1787557733.072,2026-08-24 07:48:53.073,InnoDB,LOCK_SYS_PAGE,143,0,114
1787557733.072,2026-08-24 07:48:53.073,InnoDB,LOCK_SYS_PAGE,96,0,102
1787557733.072,2026-08-24 07:48:53.073,InnoDB,LOCK_SYS_PAGE,143,0,128
1787557733.072,2026-08-24 07:48:53.073,InnoDB,LOCK_SYS_PAGE,130,0,134
1787557733.072,2026-08-24 07:48:53.073,InnoDB,LOCK_SYS_PAGE,133,0,107
1787557733.072,2026-08-24 07:48:53.073,InnoDB,LOCK_SYS_PAGE,100,0,94
1787557733.072,2026-08-24 07:48:53.073,InnoDB,LOCK_SYS_PAGE,108,0,109
1787557733.072,2026-08-24 07:48:53.073,InnoDB,LOCK_SYS_PAGE,157,0,110
1787557733.072,2026-08-24 07:48:53.073,InnoDB,LOCK_SYS_PAGE,129,0,124
1787557733.072,2026-08-24 07:48:53.073,InnoDB,LOCK_SYS_PAGE,151,0,120
1787557733.072,2026-08-24 07:48:53.073,InnoDB,LOCK_SYS_PAGE,104,0,94
1787557733.072,2026-08-24 07:48:53.073,InnoDB,LOCK_SYS_PAGE,125,0,122
1787557733.072,2026-08-24 07:48:53.073,InnoDB,LOCK_SYS_PAGE,126,0,113
1787557733.072,2026-08-24 07:48:53.073,InnoDB,LOCK_SYS_PAGE,151,0,131
1787557733.072,2026-08-24 07:48:53.073,InnoDB,LOCK_SYS_PAGE,88,0,92
1787557733.072,2026-08-24 07:48:53.073,InnoDB,LOCK_SYS_PAGE,165,0,128
1787557733.072,2026-08-24 07:48:53.073,InnoDB,LOCK_SYS_PAGE,106,0,111
1787557733.072,2026-08-24 07:48:53.073,InnoDB,LOCK_SYS_PAGE,113,0,111
1787557733.072,2026-08-24 07:48:53.073,InnoDB,LOCK_SYS_PAGE,127,0,122
1787557733.072,2026-08-24 07:48:53.073,InnoDB,LOCK_SYS_PAGE,104,0,101
1787557733.072,2026-08-24 07:48:53.073,InnoDB,LOCK_SYS_PAGE,121,0,111
1787557733.072,2026-08-24 07:48:53.073,InnoDB,LOCK_SYS_PAGE,157,0,135
1787557733.072,2026-08-24 07:48:53.073,InnoDB,LOCK_SYS_PAGE,159,0,129
1787557733.072,2026-08-24 07:48:53.073,InnoDB,LOCK_SYS_PAGE,144,0,132
1787557733.072,2026-08-24 07:48:53.073,InnoDB,LOCK_SYS_PAGE,122,0,112
1787557733.072,2026-08-24 07:48:53.073,InnoDB,LOCK_SYS_PAGE,120,0,123
1787557733.072,2026-08-24 07:48:53.073,InnoDB,TRX_SYS_SHARD,12,0,2
1787557733.072,2026-08-24 07:48:53.073,InnoDB,TRX_SYS_SHARD,1,0,1
1787557733.072,2026-08-24 07:48:53.073,InnoDB,TRX_SYS_SHARD,2,0,1
1787557733.072,2026-08-24 07:48:53.073,InnoDB,TRX_SYS_SHARD,1,0,1
1787557733.072,2026-08-24 07:48:53.073,InnoDB,TRX_SYS_SHARD,1,0,1
1787557733.072,2026-08-24 07:48:53.073,InnoDB,TRX_SYS_SHARD,1,0,1
1787557733.072,2026-08-24 07:48:53.073,InnoDB,TRX_SYS_SHARD,2,0,1
1787557733.072,2026-08-24 07:48:53.073,InnoDB,TRX_SYS_SHARD,2,0,1
1787557733.072,2026-08-24 07:48:53.073,InnoDB,TRX_SYS_SHARD,3,0,1
1787557733.072,2026-08-24 07:48:53.073,InnoDB,TRX_SYS_SHARD,1,0,1
1787557733.072,2026-08-24 07:48:53.073,InnoDB,TRX_SYS_SHARD,1,0,1
1787557733.072,2026-08-24 07:48:53.073,InnoDB,TRX_SYS_SHARD,1,0,1
1787557733.072,2026-08-24 07:48:53.073,InnoDB,TRX_SYS_SHARD,1,0,1
1787557733.072,2026-08-24 07:48:53.073,InnoDB,TRX_SYS_SHARD,1,0,1
1787557733.072,2026-08-24 07:48:53.073,InnoDB,TRX_SYS_SHARD,22,0,1
1787557733.072,2026-08-24 07:48:53.073,InnoDB,TRX_SYS_SHARD,1,0,1
1787557733.072,2026-08-24 07:48:53.073,InnoDB,TRX_SYS_SHARD,2,0,2
1787557733.072,2026-08-24 07:48:53.073,InnoDB,TRX_SYS_SHARD,1,0,1
1787557733.072,2026-08-24 07:48:53.073,InnoDB,TRX_SYS_SHARD,1,0,1
1787557733.072,2026-08-24 07:48:53.073,InnoDB,TRX_SYS_SHARD,1,0,1
1787557733.072,2026-08-24 07:48:53.073,InnoDB,TRX_SYS_SHARD,2,0,1
1787557733.072,2026-08-24 07:48:53.073,InnoDB,TRX_SYS_SHARD,1,0,1
1787557733.072,2026-08-24 07:48:53.073,InnoDB,TRX,1,0,1
1787557733.072,2026-08-24 07:48:53.073,InnoDB,TRX,2,0,1
1787557733.072,2026-08-24 07:48:53.073,InnoDB,TRX,2,0,2
1787557733.072,2026-08-24 07:48:53.073,InnoDB,TRX,1,0,1
1787557733.072,2026-08-24 07:48:53.073,InnoDB,FIL_SHARD,104,0,127
1787557733.072,2026-08-24 07:48:53.073,InnoDB,TRX_SYS_SHARD,1,0,1
1787557733.072,2026-08-24 07:48:53.073,InnoDB,TRX_SYS_SHARD,2,0,1
1787557733.072,2026-08-24 07:48:53.073,InnoDB,TRX_SYS_SHARD,1,0,1
1787557733.072,2026-08-24 07:48:53.073,InnoDB,TRX_SYS_SHARD,1,0,2
1787557733.072,2026-08-24 07:48:53.073,InnoDB,TRX_SYS_SHARD,1,0,1
1787557733.072,2026-08-24 07:48:53.073,InnoDB,TRX_SYS_SHARD,2,0,1
1787557733.072,2026-08-24 07:48:53.073,InnoDB,TRX_SYS_SHARD,1,0,1
1787557733.072,2026-08-24 07:48:53.073,InnoDB,TRX_SYS_SHARD,1,0,1
1787557733.072,2026-08-24 07:48:53.073,InnoDB,TRX_SYS_SHARD,2,0,1
1787557733.072,2026-08-24 07:48:53.073,InnoDB,TRX_SYS_SHARD,1,0,1
1787557733.072,2026-08-24 07:48:53.073,InnoDB,TRX_SYS_SHARD,1,0,1
1787557733.072,2026-08-24 07:48:53.073,InnoDB,TRX_SYS_SHARD,1,0,1
1787557733.072,2026-08-24 07:48:53.073,InnoDB,TRX_SYS_SHARD,2,0,1
1787557733.072,2026-08-24 07:48:53.073,InnoDB,TRX_SYS_SHARD,1,0,1
1787557733.072,2026-08-24 07:48:53.073,InnoDB,TRX_SYS_SHARD,1,0,1
1787557733.072,2026-08-24 07:48:53.073,InnoDB,TRX_SYS_SHARD,2,0,2
1787557733.072,2026-08-24 07:48:53.073,InnoDB,TRX_SYS_SHARD,4,0,3
1787557733.072,2026-08-24 07:48:53.073,InnoDB,TRX_SYS_SHARD,1,0,1
1787557733.072,2026-08-24 07:48:53.073,InnoDB,TRX_SYS_SHARD,1,0,1
1787557733.072,2026-08-24 07:48:53.073,InnoDB,TRX_SYS_SHARD,1,0,1
1787557733.072,2026-08-24 07:48:53.073,InnoDB,TRX_SYS_SHARD,2,0,1
1787557733.072,2026-08-24 07:48:53.073,InnoDB,TRX_SYS_SHARD,2,0,2
1787557733.072,2026-08-24 07:48:53.073,InnoDB,TRX_SYS_SHARD,1,0,1
1787557733.072,2026-08-24 07:48:53.073,InnoDB,TRX_SYS_SHARD,1,0,1
1787557733.072,2026-08-24 07:48:53.073,InnoDB,TRX_SYS_SHARD,2,0,2
1787557733.072,2026-08-24 07:48:53.073,InnoDB,TRX_SYS_SHARD,2,0,1
1787557733.072,2026-08-24 07:48:53.073,InnoDB,TRX_SYS_SHARD,1,0,1
1787557733.072,2026-08-24 07:48:53.073,InnoDB,TRX_SYS_SHARD,1,0,1
1787557733.072,2026-08-24 07:48:53.073,InnoDB,TRX_SYS_SHARD,2,0,1
1787557733.072,2026-08-24 07:48:53.073,InnoDB,TRX_SYS_SHARD,1,0,1
1787557733.072,2026-08-24 07:48:53.073,InnoDB,TRX_SYS_SHARD,2,0,2
1787557733.072,2026-08-24 07:48:53.073,InnoDB,FIL_SHARD,10,0,14
1787557733.072,2026-08-24 07:48:53.073,InnoDB,FIL_SHARD,51,0,55
1787557733.072,2026-08-24 07:48:53.073,InnoDB,SRV_SYS_TASKS,277757,0,289082
1787557733.072,2026-08-24 07:48:53.073,InnoDB,AUTOINC,1,0,1
1787557733.072,2026-08-24 07:48:53.073,InnoDB,TRX_SYS_SHARD,1,0,1
1787557733.072,2026-08-24 07:48:53.073,InnoDB,TRX_SYS_SHARD,1,0,1
1787557733.072,2026-08-24 07:48:53.073,InnoDB,TRX_SYS_SHARD,1,0,1
1787557733.072,2026-08-24 07:48:53.073,InnoDB,TRX_SYS_SHARD,1,0,1
1787557733.072,2026-08-24 07:48:53.073,InnoDB,TRX_SYS_SHARD,1,0,1
1787557733.072,2026-08-24 07:48:53.073,InnoDB,TRX_SYS_SHARD,4,0,3
1787557733.072,2026-08-24 07:48:53.073,InnoDB,TRX_SYS_SHARD,1,0,1
1787557733.072,2026-08-24 07:48:53.073,InnoDB,TRX_SYS_SHARD,1,0,1
1787557733.072,2026-08-24 07:48:53.073,InnoDB,TRX_SYS_SHARD,1,0,1
1787557733.072,2026-08-24 07:48:53.073,InnoDB,TRX_SYS_SHARD,3,0,2
1787557733.072,2026-08-24 07:48:53.073,InnoDB,TRX,1,0,1
1787557733.072,2026-08-24 07:48:53.073,InnoDB,TRX_SYS_SHARD,1,0,1
1787557733.072,2026-08-24 07:48:53.073,InnoDB,TRX_SYS_SHARD,1,0,1
1787557733.072,2026-08-24 07:48:53.073,InnoDB,TRX_SYS_SHARD,4,0,3
1787557733.072,2026-08-24 07:48:53.073,InnoDB,TRX_SYS_SHARD,2,0,1
1787557733.072,2026-08-24 07:48:53.073,InnoDB,TRX_SYS_SHARD,3,0,3
1787557733.072,2026-08-24 07:48:53.073,InnoDB,TRX_SYS_SHARD,1,0,1
1787557733.072,2026-08-24 07:48:53.073,InnoDB,TRX_SYS_SHARD,1,0,1
1787557733.072,2026-08-24 07:48:53.073,InnoDB,TRX_SYS_SHARD,1,0,1
1787557733.072,2026-08-24 07:48:53.073,InnoDB,TRX_SYS_SHARD,4,0,2
1787557733.072,2026-08-24 07:48:53.073,InnoDB,LOCK_SYS_PAGE,122,0,130
1787557733.072,2026-08-24 07:48:53.073,InnoDB,LOCK_SYS_PAGE,141,0,137
1787557733.072,2026-08-24 07:48:53.073,InnoDB,LOCK_SYS_PAGE,110,0,103
1787557733.072,2026-08-24 07:48:53.073,InnoDB,LOCK_SYS_PAGE,157,0,146
1787557733.072,2026-08-24 07:48:53.073,InnoDB,LOCK_SYS_PAGE,142,0,145
1787557733.072,2026-08-24 07:48:53.073,InnoDB,LOCK_SYS_PAGE,148,0,130
1787557733.072,2026-08-24 07:48:53.073,InnoDB,LOCK_SYS_PAGE,139,0,133
1787557733.072,2026-08-24 07:48:53.073,InnoDB,LOCK_SYS_PAGE,144,0,111
1787557733.072,2026-08-24 07:48:53.073,InnoDB,LOCK_SYS_PAGE,149,0,151
1787557733.072,2026-08-24 07:48:53.073,InnoDB,LOCK_SYS_PAGE,152,0,128
1787557733.072,2026-08-24 07:48:53.073,InnoDB,LOCK_SYS_PAGE,131,0,99
1787557733.072,2026-08-24 07:48:53.073,InnoDB,LOCK_SYS_PAGE,140,0,106
1787557733.072,2026-08-24 07:48:53.073,InnoDB,LOCK_SYS_PAGE,171,0,116
1787557733.072,2026-08-24 07:48:53.073,InnoDB,LOCK_SYS_PAGE,129,0,129
1787557733.072,2026-08-24 07:48:53.073,InnoDB,LOCK_SYS_PAGE,116,0,110
1787557733.072,2026-08-24 07:48:53.073,InnoDB,LOCK_SYS_PAGE,118,0,117
1787557733.072,2026-08-24 07:48:53.073,InnoDB,LOCK_SYS_PAGE,135,0,134
1787557733.072,2026-08-24 07:48:53.073,InnoDB,FIL_SHARD,20,0,32
1787557733.072,2026-08-24 07:48:53.073,InnoDB,FIL_SHARD,13,0,16
1787557733.072,2026-08-24 07:48:53.073,InnoDB,FIL_SHARD,14,0,33
1787557733.072,2026-08-24 07:48:53.073,InnoDB,FIL_SHARD,43,0,66
1787557733.072,2026-08-24 07:48:53.073,InnoDB,LOCK_SYS_PAGE,112,0,108
1787557733.072,2026-08-24 07:48:53.073,InnoDB,LOCK_SYS_PAGE,133,0,129
1787557733.072,2026-08-24 07:48:53.073,InnoDB,LOCK_SYS_PAGE,133,0,122
1787557733.072,2026-08-24 07:48:53.073,InnoDB,LOCK_SYS_PAGE,123,0,113
1787557733.072,2026-08-24 07:48:53.073,InnoDB,LOCK_SYS_PAGE,142,0,122
1787557733.072,2026-08-24 07:48:53.073,InnoDB,LOCK_SYS_PAGE,168,0,135
1787557733.072,2026-08-24 07:48:53.073,InnoDB,LOCK_SYS_PAGE,148,0,115
1787557733.072,2026-08-24 07:48:53.073,InnoDB,LOCK_SYS_PAGE,142,0,124
1787557733.072,2026-08-24 07:48:53.073,InnoDB,LOCK_SYS_PAGE,115,0,118
1787557733.072,2026-08-24 07:48:53.073,InnoDB,LOCK_SYS_PAGE,109,0,114
1787557733.072,2026-08-24 07:48:53.073,InnoDB,FIL_SHARD,7,0,16
1787557733.072,2026-08-24 07:48:53.073,InnoDB,LOCK_SYS_PAGE,117,0,118
1787557733.072,2026-08-24 07:48:53.073,InnoDB,LOCK_SYS_PAGE,112,0,120
1787557733.072,2026-08-24 07:48:53.073,InnoDB,LOCK_SYS_PAGE,132,0,139
1787557733.072,2026-08-24 07:48:53.073,InnoDB,LOCK_SYS_PAGE,158,0,120
1787557733.072,2026-08-24 07:48:53.073,InnoDB,LOCK_SYS_PAGE,122,0,109
1787557733.072,2026-08-24 07:48:53.073,InnoDB,LOCK_SYS_PAGE,167,0,109
1787557733.072,2026-08-24 07:48:53.073,InnoDB,LOCK_SYS_PAGE,178,0,134
1787557733.072,2026-08-24 07:48:53.073,InnoDB,LOCK_SYS_PAGE,110,0,108
1787557733.072,2026-08-24 07:48:53.073,InnoDB,LOCK_SYS_PAGE,120,0,115
1787557733.072,2026-08-24 07:48:53.073,InnoDB,FIL_SHARD,45,0,71
1787557733.072,2026-08-24 07:48:53.073,InnoDB,FIL_SHARD,7,0,12
1787557733.072,2026-08-24 07:48:53.073,InnoDB,FIL_SHARD,21,0,25
1787557733.072,2026-08-24 07:48:53.073,InnoDB,FIL_SHARD,6,0,8
1787557733.072,2026-08-24 07:48:53.073,InnoDB,FIL_SHARD,16,0,22
1787557733.072,2026-08-24 07:48:53.073,InnoDB,FIL_SHARD,40,0,68
1787557733.072,2026-08-24 07:48:53.073,InnoDB,FIL_SHARD,44,0,46
1787557733.072,2026-08-24 07:48:53.073,InnoDB,FIL_SHARD,11,0,20
1787557733.072,2026-08-24 07:48:53.073,InnoDB,FIL_SHARD,13,0,26
1787557733.072,2026-08-24 07:48:53.073,InnoDB,FIL_SHARD,57,0,71
1787557733.072,2026-08-24 07:48:53.073,InnoDB,FIL_SHARD,35,0,45
1787557733.072,2026-08-24 07:48:53.073,InnoDB,FIL_SHARD,6,0,13
1787557733.072,2026-08-24 07:48:53.073,InnoDB,FIL_SHARD,46,0,54
1787557733.072,2026-08-24 07:48:53.073,InnoDB,FIL_SHARD,22,0,33
1787557733.072,2026-08-24 07:48:53.073,InnoDB,FIL_SHARD,21,0,29
1787557733.072,2026-08-24 07:48:53.073,InnoDB,FIL_SHARD,38,0,55
1787557733.072,2026-08-24 07:48:53.073,InnoDB,FIL_SHARD,19,0,36
1787557733.072,2026-08-24 07:48:53.073,InnoDB,FIL_SHARD,40,0,79
1787557733.072,2026-08-24 07:48:53.073,InnoDB,FIL_SHARD,128,0,153
1787557733.072,2026-08-24 07:48:53.073,InnoDB,RW_LOCK_LIST,1,0,1
1787557733.072,2026-08-24 07:48:53.073,InnoDB,TRX_POOL_MANAGER,7,0,5
1787557733.072,2026-08-24 07:48:53.073,InnoDB,FIL_SHARD,13,0,23
1787557733.072,2026-08-24 07:48:53.073,InnoDB,FIL_SHARD,12,0,18
1787557733.072,2026-08-24 07:48:53.073,InnoDB,FIL_SHARD,14,0,26
1787557733.072,2026-08-24 07:48:53.073,InnoDB,FIL_SHARD,14,0,27
1787557733.072,2026-08-24 07:48:53.073,InnoDB,FIL_SHARD,9,0,23
1787557733.072,2026-08-24 07:48:53.073,InnoDB,FIL_SHARD,5,0,11
1787557733.072,2026-08-24 07:48:53.073,InnoDB,FIL_SHARD,8,0,16
1787557733.072,2026-08-24 07:48:53.073,InnoDB,FIL_SHARD,6,0,13
1787557733.072,2026-08-24 07:48:53.073,InnoDB,FIL_SHARD,8,0,8
1787557733.072,2026-08-24 07:48:53.073,InnoDB,FIL_SHARD,6,0,13
1787557733.072,2026-08-24 07:48:53.073,InnoDB,LOCK_SYS_PAGE,135,0,133
1787557733.072,2026-08-24 07:48:53.073,InnoDB,FIL_SHARD,12,0,17
1787557733.072,2026-08-24 07:48:53.073,InnoDB,FIL_SHARD,13,0,14
1787557733.072,2026-08-24 07:48:53.073,InnoDB,FIL_SHARD,3,0,8
1787557733.072,2026-08-24 07:48:53.073,InnoDB,FIL_SHARD,16,0,24
1787557733.072,2026-08-24 07:48:53.073,InnoDB,FIL_SHARD,8,0,20
1787557733.072,2026-08-24 07:48:53.073,InnoDB,FIL_SHARD,9,0,16
1787557733.072,2026-08-24 07:48:53.073,InnoDB,FIL_SHARD,40,0,44
1787557733.072,2026-08-24 07:48:53.073,InnoDB,FIL_SHARD,10,0,13
1787557733.072,2026-08-24 07:48:53.073,InnoDB,FIL_SHARD,10,0,16
1787557733.072,2026-08-24 07:48:53.073,InnoDB,LOCK_SYS_PAGE,107,0,109
1787557733.072,2026-08-24 07:48:53.073,InnoDB,LOCK_SYS_PAGE,130,0,125
1787557733.072,2026-08-24 07:48:53.073,InnoDB,LOCK_SYS_PAGE,108,0,110
1787557733.072,2026-08-24 07:48:53.073,InnoDB,LOCK_SYS_PAGE,120,0,112
1787557733.072,2026-08-24 07:48:53.073,InnoDB,LOCK_SYS_PAGE,135,0,124
1787557733.072,2026-08-24 07:48:53.073,InnoDB,LOCK_SYS_PAGE,114,0,110
1787557733.072,2026-08-24 07:48:53.073,InnoDB,LOCK_SYS_PAGE,103,0,102
1787557733.072,2026-08-24 07:48:53.073,InnoDB,LOCK_SYS_PAGE,110,0,121
1787557733.072,2026-08-24 07:48:53.073,InnoDB,LOCK_SYS_PAGE,119,0,104
1787557733.072,2026-08-24 07:48:53.073,InnoDB,LOCK_SYS_PAGE,120,0,118
1787557733.072,2026-08-24 07:48:53.073,InnoDB,LOCK_SYS_PAGE,116,0,118
1787557733.072,2026-08-24 07:48:53.073,InnoDB,LOCK_SYS_PAGE,121,0,133
1787557733.072,2026-08-24 07:48:53.073,InnoDB,LOCK_SYS_PAGE,97,0,105
1787557733.072,2026-08-24 07:48:53.073,InnoDB,LOCK_SYS_PAGE,124,0,118
1787557733.072,2026-08-24 07:48:53.073,InnoDB,LOCK_SYS_PAGE,126,0,131
1787557733.072,2026-08-24 07:48:53.073,InnoDB,LOCK_SYS_PAGE,118,0,120
1787557733.072,2026-08-24 07:48:53.073,InnoDB,LOCK_SYS_PAGE,161,0,122
1787557733.072,2026-08-24 07:48:53.073,InnoDB,LOCK_SYS_PAGE,140,0,133
1787557733.072,2026-08-24 07:48:53.073,InnoDB,LOCK_SYS_PAGE,115,0,110
1787557733.072,2026-08-24 07:48:53.073,InnoDB,LOCK_SYS_PAGE,116,0,112
1787557733.072,2026-08-24 07:48:53.073,InnoDB,LOCK_SYS_PAGE,109,0,110
1787557733.072,2026-08-24 07:48:53.073,InnoDB,LOCK_SYS_PAGE,127,0,126
1787557733.072,2026-08-24 07:48:53.073,InnoDB,LOCK_SYS_PAGE,132,0,124
1787557733.072,2026-08-24 07:48:53.073,InnoDB,LOCK_SYS_PAGE,128,0,125
1787557733.072,2026-08-24 07:48:53.073,InnoDB,LOCK_SYS_PAGE,88,0,86
1787557733.072,2026-08-24 07:48:53.073,InnoDB,LOCK_SYS_PAGE,105,0,112
1787557733.072,2026-08-24 07:48:53.073,InnoDB,LOCK_SYS_PAGE,121,0,116
1787557733.072,2026-08-24 07:48:53.073,InnoDB,LOCK_SYS_PAGE,101,0,106
1787557733.072,2026-08-24 07:48:53.073,InnoDB,LOCK_SYS_PAGE,131,0,125
1787557733.072,2026-08-24 07:48:53.073,InnoDB,LOCK_SYS_PAGE,108,0,109
1787557733.072,2026-08-24 07:48:53.073,InnoDB,LOCK_SYS_PAGE,108,0,109
1787557733.072,2026-08-24 07:48:53.073,InnoDB,LOCK_SYS_PAGE,99,0,100
1787557733.072,2026-08-24 07:48:53.073,InnoDB,LOCK_SYS_PAGE,165,0,112
1787557733.072,2026-08-24 07:48:53.073,InnoDB,LOCK_SYS_PAGE,137,0,132
1787557733.072,2026-08-24 07:48:53.073,InnoDB,LOCK_SYS_PAGE,147,0,131
1787557733.072,2026-08-24 07:48:53.073,InnoDB,LOCK_SYS_PAGE,129,0,113
1787557733.072,2026-08-24 07:48:53.073,InnoDB,LOCK_SYS_PAGE,131,0,137
1787557733.072,2026-08-24 07:48:53.073,InnoDB,LOCK_SYS_PAGE,107,0,112
1787557733.072,2026-08-24 07:48:53.073,InnoDB,LOCK_SYS_PAGE,131,0,108
1787557733.072,2026-08-24 07:48:53.073,InnoDB,LOCK_SYS_PAGE,110,0,100
1787557733.072,2026-08-24 07:48:53.073,InnoDB,LOCK_SYS_PAGE,142,0,133
1787557733.072,2026-08-24 07:48:53.073,InnoDB,LOCK_SYS_PAGE,101,0,103
1787557733.072,2026-08-24 07:48:53.073,InnoDB,LOCK_SYS_PAGE,137,0,123
1787557733.072,2026-08-24 07:48:53.073,InnoDB,LOCK_SYS_PAGE,110,0,116
1787557733.072,2026-08-24 07:48:53.073,InnoDB,LOCK_SYS_PAGE,119,0,109
1787557733.072,2026-08-24 07:48:53.073,InnoDB,LOCK_SYS_PAGE,135,0,140
1787557733.072,2026-08-24 07:48:53.073,InnoDB,LOCK_SYS_PAGE,119,0,114
1787557733.072,2026-08-24 07:48:53.073,InnoDB,LOCK_SYS_PAGE,136,0,129
1787557733.072,2026-08-24 07:48:53.073,InnoDB,LOCK_SYS_PAGE,122,0,118
1787557733.072,2026-08-24 07:48:53.073,InnoDB,LOCK_SYS_PAGE,118,0,101
1787557733.072,2026-08-24 07:48:53.073,InnoDB,LOCK_SYS_PAGE,92,0,104
1787557733.072,2026-08-24 07:48:53.073,InnoDB,LOCK_SYS_PAGE,135,0,132
1787557733.072,2026-08-24 07:48:53.073,InnoDB,LOCK_SYS_PAGE,150,0,159
1787557733.072,2026-08-24 07:48:53.073,InnoDB,LOCK_SYS_PAGE,105,0,112
1787557733.072,2026-08-24 07:48:53.073,InnoDB,LOCK_SYS_PAGE,130,0,116
1787557733.072,2026-08-24 07:48:53.073,InnoDB,LOCK_SYS_PAGE,121,0,121
1787557733.072,2026-08-24 07:48:53.073,InnoDB,LOCK_SYS_PAGE,168,0,117
1787557733.072,2026-08-24 07:48:53.073,InnoDB,LOCK_SYS_PAGE,114,0,123
1787557733.072,2026-08-24 07:48:53.073,InnoDB,LOCK_SYS_PAGE,130,0,131
1787557733.072,2026-08-24 07:48:53.073,InnoDB,LOCK_SYS_PAGE,102,0,100
1787557733.072,2026-08-24 07:48:53.073,InnoDB,LOCK_SYS_PAGE,158,0,137
1787557733.072,2026-08-24 07:48:53.073,InnoDB,LOCK_SYS_PAGE,116,0,119
1787557733.072,2026-08-24 07:48:53.073,InnoDB,LOCK_SYS_PAGE,160,0,109
1787557733.072,2026-08-24 07:48:53.073,InnoDB,LOCK_SYS_PAGE,124,0,119
1787557733.072,2026-08-24 07:48:53.073,InnoDB,LOCK_SYS_PAGE,127,0,124
1787557733.072,2026-08-24 07:48:53.073,InnoDB,LOCK_SYS_PAGE,140,0,137
1787557733.072,2026-08-24 07:48:53.073,InnoDB,LOCK_SYS_PAGE,169,0,128
1787557733.072,2026-08-24 07:48:53.073,InnoDB,LOCK_SYS_PAGE,96,0,99
1787557733.072,2026-08-24 07:48:53.073,InnoDB,LOCK_SYS_PAGE,113,0,116
1787557733.072,2026-08-24 07:48:53.073,InnoDB,LOCK_SYS_PAGE,119,0,119
1787557733.072,2026-08-24 07:48:53.073,InnoDB,LOCK_SYS_PAGE,209,0,138
1787557733.072,2026-08-24 07:48:53.073,InnoDB,LOCK_SYS_PAGE,126,0,115
1787557733.072,2026-08-24 07:48:53.073,InnoDB,LOCK_SYS_PAGE,94,0,99
1787557733.072,2026-08-24 07:48:53.073,InnoDB,LOCK_SYS_PAGE,131,0,117
1787557733.072,2026-08-24 07:48:53.073,InnoDB,LOCK_SYS_PAGE,119,0,118
1787557733.072,2026-08-24 07:48:53.073,InnoDB,LOCK_SYS_PAGE,156,0,128
1787557733.072,2026-08-24 07:48:53.073,InnoDB,LOCK_SYS_PAGE,119,0,101
1787557733.072,2026-08-24 07:48:53.073,InnoDB,LOCK_SYS_PAGE,125,0,123
1787557733.072,2026-08-24 07:48:53.073,InnoDB,LOCK_SYS_PAGE,108,0,113
1787557733.072,2026-08-24 07:48:53.073,InnoDB,LOCK_SYS_PAGE,193,0,144
1787557733.072,2026-08-24 07:48:53.073,InnoDB,LOCK_SYS_PAGE,123,0,97
1787557733.072,2026-08-24 07:48:53.073,InnoDB,LOCK_SYS_PAGE,116,0,135
1787557733.072,2026-08-24 07:48:53.073,InnoDB,LOCK_SYS_PAGE,145,0,150
1787557733.072,2026-08-24 07:48:53.073,InnoDB,LOCK_SYS_PAGE,116,0,119
1787557733.072,2026-08-24 07:48:53.073,InnoDB,LOCK_SYS_PAGE,147,0,120
1787557733.072,2026-08-24 07:48:53.073,InnoDB,LOCK_SYS_PAGE,136,0,136
1787557733.072,2026-08-24 07:48:53.073,InnoDB,LOCK_SYS_PAGE,124,0,127
1787557733.072,2026-08-24 07:48:53.073,InnoDB,LOCK_SYS_PAGE,201,0,135
1787557733.072,2026-08-24 07:48:53.073,InnoDB,LOCK_SYS_PAGE,117,0,118
1787557733.072,2026-08-24 07:48:53.073,InnoDB,LOCK_SYS_PAGE,115,0,123
1787557733.072,2026-08-24 07:48:53.073,InnoDB,LOCK_SYS_PAGE,141,0,120
1787557733.072,2026-08-24 07:48:53.073,InnoDB,LOCK_SYS_PAGE,108,0,115
1787557733.072,2026-08-24 07:48:53.073,InnoDB,LOCK_SYS_PAGE,118,0,123
1787557733.072,2026-08-24 07:48:53.073,InnoDB,LOCK_SYS_PAGE,116,0,116
1787557733.072,2026-08-24 07:48:53.073,InnoDB,LOCK_SYS_PAGE,156,0,126
1787557733.072,2026-08-24 07:48:53.073,InnoDB,LOCK_SYS_PAGE,124,0,130
1787557733.072,2026-08-24 07:48:53.073,InnoDB,LOCK_SYS_PAGE,136,0,133
1787557733.072,2026-08-24 07:48:53.073,InnoDB,LOCK_SYS_PAGE,135,0,143
1787557733.072,2026-08-24 07:48:53.073,InnoDB,LOCK_SYS_PAGE,120,0,98
1787557733.072,2026-08-24 07:48:53.073,InnoDB,LOCK_SYS_PAGE,140,0,118
1787557733.072,2026-08-24 07:48:53.073,InnoDB,LOCK_SYS_PAGE,145,0,125
1787557733.072,2026-08-24 07:48:53.073,InnoDB,LOCK_SYS_PAGE,139,0,108
1787557733.072,2026-08-24 07:48:53.073,InnoDB,LOCK_SYS_PAGE,128,0,129
1787557733.072,2026-08-24 07:48:53.073,InnoDB,LOCK_SYS_PAGE,120,0,127
1787557733.072,2026-08-24 07:48:53.073,InnoDB,LOCK_SYS_PAGE,124,0,102
1787557733.072,2026-08-24 07:48:53.073,InnoDB,LOCK_SYS_PAGE,132,0,131
1787557733.072,2026-08-24 07:48:53.073,InnoDB,LOCK_SYS_PAGE,185,0,155
1787557733.072,2026-08-24 07:48:53.073,InnoDB,LOCK_SYS_PAGE,200,0,139
1787557733.072,2026-08-24 07:48:53.073,InnoDB,LOCK_SYS_PAGE,130,0,133
1787557733.072,2026-08-24 07:48:53.073,InnoDB,LOCK_SYS_PAGE,167,0,125
1787557733.072,2026-08-24 07:48:53.073,InnoDB,LOCK_SYS_PAGE,121,0,127
1787557733.072,2026-08-24 07:48:53.073,InnoDB,LOCK_SYS_PAGE,127,0,128
1787557733.072,2026-08-24 07:48:53.073,InnoDB,LOCK_SYS_PAGE,139,0,134
1787557733.072,2026-08-24 07:48:53.073,InnoDB,LOCK_SYS_PAGE,113,0,113
1787557733.072,2026-08-24 07:48:53.073,InnoDB,LOCK_SYS_PAGE,147,0,108
1787557733.072,2026-08-24 07:48:53.073,InnoDB,LOCK_SYS_PAGE,151,0,134
1787557733.072,2026-08-24 07:48:53.073,InnoDB,LOCK_SYS_PAGE,130,0,115
1787557733.072,2026-08-24 07:48:53.073,InnoDB,LOCK_SYS_PAGE,151,0,141
1787557733.072,2026-08-24 07:48:53.073,InnoDB,LOCK_SYS_PAGE,114,0,127
1787557733.072,2026-08-24 07:48:53.073,InnoDB,LOCK_SYS_PAGE,139,0,119
1787557733.072,2026-08-24 07:48:53.073,InnoDB,LOCK_SYS_PAGE,110,0,113
1787557733.072,2026-08-24 07:48:53.073,InnoDB,LOCK_SYS_PAGE,137,0,113
1787557733.072,2026-08-24 07:48:53.073,InnoDB,LOCK_SYS_PAGE,170,0,145
1787557733.072,2026-08-24 07:48:53.073,InnoDB,LOCK_SYS_PAGE,142,0,110
1787557733.072,2026-08-24 07:48:53.073,InnoDB,LOCK_SYS_PAGE,99,0,94
1787557733.072,2026-08-24 07:48:53.073,InnoDB,LOCK_SYS_PAGE,145,0,143
1787557733.072,2026-08-24 07:48:53.073,InnoDB,LOCK_SYS_PAGE,110,0,114
1787557733.072,2026-08-24 07:48:53.073,InnoDB,LOCK_SYS_PAGE,105,0,105
1787557733.072,2026-08-24 07:48:53.073,InnoDB,LOCK_SYS_PAGE,116,0,108
1787557733.072,2026-08-24 07:48:53.073,InnoDB,LOCK_SYS_PAGE,150,0,129
1787557733.072,2026-08-24 07:48:53.073,InnoDB,LOCK_SYS_PAGE,154,0,132
1787557733.072,2026-08-24 07:48:53.073,InnoDB,LOCK_SYS_PAGE,137,0,122
1787557733.072,2026-08-24 07:48:53.073,InnoDB,LOCK_SYS_PAGE,133,0,135
1787557733.072,2026-08-24 07:48:53.073,InnoDB,LOCK_SYS_PAGE,163,0,138
1787557733.072,2026-08-24 07:48:53.073,InnoDB,LOCK_SYS_PAGE,103,0,112
1787557733.072,2026-08-24 07:48:53.073,InnoDB,LOCK_SYS_PAGE,150,0,128
1787557733.072,2026-08-24 07:48:53.073,InnoDB,LOCK_SYS_PAGE,133,0,139
1787557733.072,2026-08-24 07:48:53.073,InnoDB,LOCK_SYS_PAGE,134,0,122
1787557733.072,2026-08-24 07:48:53.073,InnoDB,LOCK_SYS_PAGE,157,0,124
1787557733.072,2026-08-24 07:48:53.073,InnoDB,LOCK_SYS_PAGE,102,0,113
1787557733.072,2026-08-24 07:48:53.073,InnoDB,LOCK_SYS_PAGE,109,0,109
1787557733.072,2026-08-24 07:48:53.073,InnoDB,LOCK_SYS_PAGE,116,0,85
1787557733.072,2026-08-24 07:48:53.073,InnoDB,LOCK_SYS_PAGE,109,0,104
1787557733.072,2026-08-24 07:48:53.073,InnoDB,LOCK_SYS_PAGE,112,0,122
1787557733.072,2026-08-24 07:48:53.073,InnoDB,LOCK_SYS_PAGE,102,0,115
1787557733.072,2026-08-24 07:48:53.073,InnoDB,LOCK_SYS_PAGE,143,0,135
1787557733.072,2026-08-24 07:48:53.073,InnoDB,LOCK_SYS_PAGE,120,0,128
1787557733.072,2026-08-24 07:48:53.073,InnoDB,LOCK_SYS_PAGE,115,0,118
1787557733.072,2026-08-24 07:48:53.073,InnoDB,LOCK_SYS_PAGE,149,0,135
1787557733.072,2026-08-24 07:48:53.073,InnoDB,LOCK_SYS_TABLE,7360,0,7153
1787557733.072,2026-08-24 07:48:53.073,InnoDB,LOCK_SYS_TABLE,7239,0,6661
1787557733.072,2026-08-24 07:48:53.073,InnoDB,LOCK_SYS_TABLE,6848,0,6659
1787557733.072,2026-08-24 07:48:53.073,InnoDB,LOCK_SYS_TABLE,7463,0,6873
1787557733.072,2026-08-24 07:48:53.073,InnoDB,LOCK_SYS_TABLE,7125,0,7168
1787557733.072,2026-08-24 07:48:53.073,InnoDB,LOCK_SYS_TABLE,7022,0,6683
1787557733.072,2026-08-24 07:48:53.073,InnoDB,LOCK_SYS_TABLE,7152,0,6781
1787557733.072,2026-08-24 07:48:53.073,InnoDB,LOCK_SYS_TABLE,7521,0,6995
1787557733.072,2026-08-24 07:48:53.073,InnoDB,LOCK_SYS_WAIT,4,0,2
1787557733.072,2026-08-24 07:48:53.073,InnoDB,LOCK_SYS_TABLE,7600,0,7328
1787557733.072,2026-08-24 07:48:53.073,InnoDB,LOCK_SYS_PAGE,159,0,114
1787557733.072,2026-08-24 07:48:53.073,InnoDB,LOG_LIMITS,150,0,105
1787557733.072,2026-08-24 07:48:53.073,InnoDB,LOCK_SYS_PAGE,117,0,113
1787557733.072,2026-08-24 07:48:53.073,InnoDB,LOCK_SYS_PAGE,126,0,133
1787557733.072,2026-08-24 07:48:53.073,InnoDB,RECALC_POOL,2,0,3
1787557733.072,2026-08-24 07:48:53.073,InnoDB,LOCK_SYS_PAGE,125,0,109
1787557733.072,2026-08-24 07:48:53.073,InnoDB,LOCK_SYS_PAGE,114,0,111
1787557733.072,2026-08-24 07:48:53.073,InnoDB,LOCK_SYS_PAGE,118,0,117
1787557733.072,2026-08-24 07:48:53.073,InnoDB,LOCK_SYS_PAGE,133,0,132
1787557733.072,2026-08-24 07:48:53.073,InnoDB,LOCK_SYS_PAGE,111,0,116
1787557733.072,2026-08-24 07:48:53.073,InnoDB,LOCK_SYS_PAGE,147,0,142
1787557733.072,2026-08-24 07:48:53.073,InnoDB,LOCK_SYS_PAGE,137,0,115
1787557733.072,2026-08-24 07:48:53.073,InnoDB,LOCK_SYS_PAGE,101,0,100
1787557733.072,2026-08-24 07:48:53.073,InnoDB,LOCK_SYS_PAGE,144,0,136
1787557733.072,2026-08-24 07:48:53.073,InnoDB,LOCK_SYS_PAGE,144,0,112
1787557733.072,2026-08-24 07:48:53.073,InnoDB,LOCK_SYS_PAGE,146,0,135
1787557733.072,2026-08-24 07:48:53.073,InnoDB,LOCK_SYS_PAGE,130,0,131
1787557733.072,2026-08-24 07:48:53.073,InnoDB,LOCK_SYS_PAGE,161,0,122
1787557733.072,2026-08-24 07:48:53.073,InnoDB,LOCK_SYS_PAGE,123,0,122
1787557733.072,2026-08-24 07:48:53.073,InnoDB,LOCK_SYS_PAGE,135,0,127
1787557733.072,2026-08-24 07:48:53.073,InnoDB,LOCK_SYS_PAGE,143,0,130
1787557733.072,2026-08-24 07:48:53.073,InnoDB,LOCK_SYS_PAGE,123,0,118
1787557733.072,2026-08-24 07:48:53.073,InnoDB,LOCK_SYS_PAGE,103,0,102
1787557733.072,2026-08-24 07:48:53.073,InnoDB,LOCK_SYS_PAGE,185,0,128
1787557733.072,2026-08-24 07:48:53.073,InnoDB,LOCK_SYS_TABLE,1,0,1
1787557733.072,2026-08-24 07:48:53.073,InnoDB,LOCK_SYS_TABLE,6776,0,6340
1787557733.072,2026-08-24 07:48:53.073,InnoDB,LOCK_SYS_PAGE,172,0,140
1787557733.072,2026-08-24 07:48:53.073,InnoDB,LOCK_SYS_PAGE,128,0,113
1787557733.072,2026-08-24 07:48:53.073,InnoDB,LOCK_SYS_PAGE,121,0,119
1787557733.072,2026-08-24 07:48:53.073,InnoDB,LOCK_SYS_PAGE,126,0,116
1787557733.072,2026-08-24 07:48:53.073,InnoDB,LOCK_SYS_PAGE,121,0,108
1787557733.072,2026-08-24 07:48:53.073,InnoDB,LOCK_SYS_PAGE,146,0,119
1787557733.072,2026-08-24 07:48:53.073,InnoDB,LOCK_SYS_PAGE,124,0,129
1787557733.072,2026-08-24 07:48:53.073,InnoDB,LOCK_SYS_PAGE,126,0,113
1787557733.072,2026-08-24 07:48:53.073,InnoDB,LOCK_SYS_PAGE,141,0,115
1787557733.072,2026-08-24 07:48:53.073,InnoDB,LOCK_SYS_PAGE,162,0,136
1787557733.072,2026-08-24 07:48:53.073,InnoDB,LOCK_SYS_PAGE,111,0,99
1787557733.072,2026-08-24 07:48:53.073,InnoDB,LOCK_SYS_PAGE,154,0,139
1787557733.072,2026-08-24 07:48:53.073,InnoDB,LOCK_SYS_PAGE,175,0,147
1787557733.072,2026-08-24 07:48:53.073,InnoDB,LOCK_SYS_PAGE,108,0,114
1787557733.072,2026-08-24 07:48:53.073,InnoDB,LOCK_SYS_PAGE,127,0,123
1787557733.072,2026-08-24 07:48:53.073,InnoDB,LOCK_SYS_PAGE,113,0,126
1787557733.072,2026-08-24 07:48:53.073,InnoDB,LOCK_SYS_PAGE,136,0,140
1787557733.072,2026-08-24 07:48:53.073,InnoDB,LOCK_SYS_PAGE,134,0,125
1787557733.072,2026-08-24 07:48:53.073,InnoDB,LOCK_SYS_PAGE,118,0,121
1787557733.072,2026-08-24 07:48:53.073,InnoDB,LOCK_SYS_PAGE,117,0,113
1787557733.072,2026-08-24 07:48:53.073,InnoDB,LOCK_SYS_PAGE,145,0,134
1787557733.072,2026-08-24 07:48:53.073,InnoDB,LOCK_SYS_PAGE,139,0,113
1787557733.072,2026-08-24 07:48:53.073,InnoDB,LOCK_SYS_PAGE,132,0,124
1787557733.072,2026-08-24 07:48:53.073,InnoDB,LOCK_SYS_PAGE,120,0,118
1787557733.072,2026-08-24 07:48:53.073,InnoDB,LOCK_SYS_PAGE,135,0,143
1787557733.072,2026-08-24 07:48:53.073,InnoDB,LOCK_SYS_PAGE,115,0,116
1787557733.072,2026-08-24 07:48:53.073,InnoDB,LOCK_SYS_PAGE,121,0,97
1787557733.072,2026-08-24 07:48:53.073,InnoDB,LOCK_SYS_PAGE,116,0,131
1787557733.072,2026-08-24 07:48:53.073,InnoDB,LOCK_SYS_PAGE,117,0,114
1787557733.072,2026-08-24 07:48:53.073,InnoDB,LOCK_SYS_PAGE,129,0,122
1787557733.072,2026-08-24 07:48:53.073,InnoDB,LOCK_SYS_PAGE,125,0,122
1787557733.072,2026-08-24 07:48:53.073,InnoDB,LOCK_SYS_PAGE,110,0,118
1787557733.072,2026-08-24 07:48:53.073,InnoDB,LOCK_SYS_PAGE,162,0,136
1787557733.072,2026-08-24 07:48:53.073,InnoDB,LOCK_SYS_PAGE,151,0,111
1787557733.072,2026-08-24 07:48:53.073,InnoDB,LOCK_SYS_PAGE,107,0,110
1787557733.072,2026-08-24 07:48:53.073,InnoDB,LOCK_SYS_PAGE,127,0,121
1787557733.072,2026-08-24 07:48:53.073,InnoDB,LOCK_SYS_PAGE,133,0,125
1787557733.072,2026-08-24 07:48:53.073,InnoDB,LOCK_SYS_PAGE,114,0,116
1787557733.072,2026-08-24 07:48:53.073,InnoDB,LOCK_SYS_PAGE,156,0,129
1787557733.072,2026-08-24 07:48:53.073,InnoDB,LOCK_SYS_PAGE,137,0,135
1787557733.072,2026-08-24 07:48:53.073,InnoDB,LOCK_SYS_PAGE,122,0,121
1787557733.072,2026-08-24 07:48:53.073,InnoDB,LOCK_SYS_PAGE,133,0,129
1787557733.072,2026-08-24 07:48:53.073,InnoDB,LOCK_SYS_PAGE,151,0,142
1787557733.072,2026-08-24 07:48:53.073,InnoDB,LOCK_SYS_PAGE,139,0,126
1787557733.072,2026-08-24 07:48:53.073,InnoDB,LOCK_SYS_PAGE,103,0,100
1787557733.072,2026-08-24 07:48:53.073,InnoDB,LOCK_SYS_PAGE,141,0,134
1787557733.072,2026-08-24 07:48:53.073,InnoDB,LOCK_SYS_PAGE,117,0,121
1787557733.072,2026-08-24 07:48:53.073,InnoDB,LOCK_SYS_PAGE,124,0,125
1787557733.072,2026-08-24 07:48:53.073,InnoDB,LOCK_SYS_PAGE,128,0,111
1787557733.072,2026-08-24 07:48:53.073,InnoDB,LOCK_SYS_PAGE,128,0,129
1787557733.072,2026-08-24 07:48:53.073,InnoDB,LOCK_SYS_PAGE,128,0,125
1787557733.072,2026-08-24 07:48:53.073,InnoDB,LOCK_SYS_PAGE,107,0,108
1787557733.072,2026-08-24 07:48:53.073,InnoDB,LOCK_SYS_PAGE,143,0,114
1787557733.072,2026-08-24 07:48:53.073,InnoDB,LOCK_SYS_PAGE,135,0,123
1787557733.072,2026-08-24 07:48:53.073,InnoDB,LOCK_SYS_PAGE,122,0,120
1787557733.072,2026-08-24 07:48:53.073,InnoDB,LOCK_SYS_PAGE,93,0,86
1787557733.072,2026-08-24 07:48:53.073,InnoDB,LOCK_SYS_PAGE,132,0,125
1787557733.072,2026-08-24 07:48:53.073,InnoDB,LOCK_SYS_PAGE,146,0,139
1787557733.072,2026-08-24 07:48:53.073,InnoDB,LOCK_SYS_PAGE,153,0,129
1787557733.072,2026-08-24 07:48:53.073,InnoDB,LOCK_SYS_PAGE,114,0,116
1787557733.072,2026-08-24 07:48:53.073,InnoDB,LOCK_SYS_PAGE,133,0,101
1787557733.072,2026-08-24 07:48:53.073,InnoDB,LOCK_SYS_PAGE,145,0,136
1787557733.072,2026-08-24 07:48:53.073,InnoDB,LOCK_SYS_PAGE,157,0,140
1787557733.072,2026-08-24 07:48:53.073,InnoDB,LOCK_SYS_PAGE,107,0,100
1787557733.072,2026-08-24 07:48:53.073,InnoDB,LOCK_SYS_PAGE,157,0,142
1787557733.072,2026-08-24 07:48:53.073,InnoDB,LOCK_SYS_PAGE,126,0,121
1787557733.072,2026-08-24 07:48:53.073,InnoDB,LOCK_SYS_PAGE,131,0,124
1787557733.072,2026-08-24 07:48:53.073,InnoDB,LOCK_SYS_PAGE,128,0,130
1787557733.072,2026-08-24 07:48:53.073,InnoDB,LOCK_SYS_PAGE,140,0,143
1787557733.072,2026-08-24 07:48:53.073,InnoDB,LOCK_SYS_PAGE,100,0,99
1787557733.072,2026-08-24 07:48:53.073,InnoDB,LOCK_SYS_PAGE,99,0,107
1787557733.072,2026-08-24 07:48:53.073,InnoDB,LOCK_SYS_PAGE,143,0,133
1787557733.072,2026-08-24 07:48:53.073,InnoDB,LOCK_SYS_PAGE,136,0,131
1787557733.072,2026-08-24 07:48:53.073,InnoDB,LOCK_SYS_PAGE,135,0,104
1787557733.072,2026-08-24 07:48:53.073,InnoDB,LOCK_SYS_PAGE,150,0,152
1787557733.072,2026-08-24 07:48:53.073,InnoDB,LOCK_SYS_PAGE,98,0,94
1787557733.072,2026-08-24 07:48:53.073,InnoDB,LOCK_SYS_PAGE,168,0,130
1787557733.072,2026-08-24 07:48:53.073,InnoDB,LOCK_SYS_PAGE,187,0,112
1787557733.072,2026-08-24 07:48:53.073,InnoDB,LOCK_SYS_PAGE,155,0,128
1787557733.072,2026-08-24 07:48:53.073,InnoDB,LOCK_SYS_PAGE,153,0,142
1787557733.072,2026-08-24 07:48:53.073,InnoDB,LOCK_SYS_PAGE,154,0,128
1787557733.072,2026-08-24 07:48:53.073,InnoDB,LOCK_SYS_PAGE,136,0,122
1787557733.072,2026-08-24 07:48:53.073,InnoDB,LOCK_SYS_PAGE,152,0,120
1787557733.072,2026-08-24 07:48:53.073,InnoDB,LOCK_SYS_PAGE,138,0,121
1787557733.072,2026-08-24 07:48:53.073,InnoDB,LOCK_SYS_PAGE,133,0,128
1787557733.072,2026-08-24 07:48:53.073,InnoDB,LOCK_SYS_PAGE,92,0,90
1787557733.072,2026-08-24 07:48:53.073,InnoDB,LOCK_SYS_PAGE,133,0,119
1787557733.072,2026-08-24 07:48:53.073,InnoDB,LOCK_SYS_PAGE,123,0,121
1787557733.072,2026-08-24 07:48:53.073,InnoDB,LOCK_SYS_PAGE,142,0,128
1787557733.072,2026-08-24 07:48:53.073,InnoDB,LOCK_SYS_PAGE,111,0,104
1787557733.072,2026-08-24 07:48:53.073,InnoDB,LOCK_SYS_PAGE,116,0,113
1787557733.072,2026-08-24 07:48:53.073,InnoDB,LOCK_SYS_PAGE,135,0,126
1787557733.072,2026-08-24 07:48:53.073,InnoDB,LOCK_SYS_PAGE,115,0,105
1787557733.072,2026-08-24 07:48:53.073,InnoDB,LOCK_SYS_PAGE,125,0,118
1787557733.072,2026-08-24 07:48:53.073,InnoDB,LOCK_SYS_PAGE,115,0,117
1787557733.072,2026-08-24 07:48:53.073,InnoDB,LOCK_SYS_PAGE,133,0,103
1787557733.072,2026-08-24 07:48:53.073,InnoDB,LOCK_SYS_PAGE,116,0,119
1787557733.072,2026-08-24 07:48:53.073,InnoDB,LOCK_SYS_PAGE,147,0,113
1787557733.072,2026-08-24 07:48:53.073,InnoDB,LOCK_SYS_PAGE,131,0,121
1787557733.072,2026-08-24 07:48:53.073,InnoDB,LOCK_SYS_PAGE,127,0,113
1787557733.072,2026-08-24 07:48:53.073,InnoDB,LOCK_SYS_PAGE,187,0,118
1787557733.072,2026-08-24 07:48:53.073,InnoDB,LOCK_SYS_PAGE,154,0,117
1787557733.072,2026-08-24 07:48:53.073,InnoDB,LOCK_SYS_PAGE,133,0,143
1787557733.072,2026-08-24 07:48:53.073,InnoDB,LOCK_SYS_PAGE,156,0,131
1787557733.072,2026-08-24 07:48:53.073,InnoDB,LOCK_SYS_PAGE,136,0,119
1787557733.072,2026-08-24 07:48:53.073,InnoDB,LOCK_SYS_PAGE,138,0,114
1787557733.072,2026-08-24 07:48:53.073,InnoDB,LOCK_SYS_PAGE,121,0,100
1787557733.072,2026-08-24 07:48:53.073,InnoDB,LOCK_SYS_PAGE,165,0,120
1787557733.072,2026-08-24 07:48:53.073,InnoDB,LOCK_SYS_PAGE,131,0,122
1787557733.072,2026-08-24 07:48:53.073,InnoDB,LOCK_SYS_PAGE,170,0,132
1787557733.072,2026-08-24 07:48:53.073,InnoDB,LOCK_SYS_PAGE,129,0,127
1787557733.072,2026-08-24 07:48:53.073,InnoDB,rwlock: dict0dict.cc:2631,,20254,
1787557733.072,2026-08-24 07:48:53.073,InnoDB,rwlock: dict0dict.cc:2631,,19218,
1787557733.072,2026-08-24 07:48:53.073,InnoDB,rwlock: dict0dict.cc:2631,,18191,
1787557733.072,2026-08-24 07:48:53.073,InnoDB,rwlock: dict0dict.cc:2631,,18745,
1787557733.072,2026-08-24 07:48:53.073,InnoDB,rwlock: dict0dict.cc:2631,,20140,
1787557733.072,2026-08-24 07:48:53.073,InnoDB,rwlock: dict0dict.cc:2631,,19378,
1787557733.072,2026-08-24 07:48:53.073,InnoDB,rwlock: dict0dict.cc:2631,,19602,
1787557733.072,2026-08-24 07:48:53.073,InnoDB,rwlock: dict0dict.cc:2631,,19160,
1787557733.072,2026-08-24 07:48:53.073,InnoDB,rwlock: dict0dict.cc:2631,,19453,
1787557733.072,2026-08-24 07:48:53.073,InnoDB,rwlock: dict0dict.cc:2631,,19215,
1787557733.072,2026-08-24 07:48:53.073,InnoDB,rwlock: dict0dict.cc:2631,,19346,
1787557733.072,2026-08-24 07:48:53.073,InnoDB,rwlock: dict0dict.cc:2631,,20089,
1787557733.072,2026-08-24 07:48:53.073,InnoDB,rwlock: dict0dict.cc:2631,,18319,
1787557733.072,2026-08-24 07:48:53.073,InnoDB,rwlock: dict0dict.cc:2631,,19352,
1787557733.072,2026-08-24 07:48:53.073,InnoDB,rwlock: dict0dict.cc:2631,,18713,
1787557733.072,2026-08-24 07:48:53.073,InnoDB,rwlock: dict0dict.cc:2631,,19427,
1787557733.072,2026-08-24 07:48:53.073,InnoDB,rwlock: dict0dict.cc:2631,,19199,
1787557733.072,2026-08-24 07:48:53.073,InnoDB,rwlock: dict0dict.cc:2631,,18932,
1787557733.072,2026-08-24 07:48:53.073,InnoDB,rwlock: dict0dict.cc:2631,,19999,
1787557733.072,2026-08-24 07:48:53.073,InnoDB,rwlock: dict0dict.cc:2631,,19460,
1787557733.072,2026-08-24 07:48:53.073,InnoDB,rwlock: dict0dict.cc:2631,,1,
1787557733.072,2026-08-24 07:48:53.073,InnoDB,rwlock: dict0dict.cc:2631,,1,
1787557733.072,2026-08-24 07:48:53.073,InnoDB,rwlock: dict0dict.cc:2631,,1,
1787557733.072,2026-08-24 07:48:53.073,InnoDB,rwlock: fil0fil.cc:10242,,1,
1787557733.072,2026-08-24 07:48:53.073,InnoDB,rwlock: dict0dict.cc:2631,,1,
1787557733.072,2026-08-24 07:48:53.073,InnoDB,rwlock: dict0dict.cc:2631,,2,
1787557733.072,2026-08-24 07:48:53.073,InnoDB,rwlock: dict0dict.cc:2631,,2,
1787557733.072,2026-08-24 07:48:53.073,InnoDB,rwlock: dict0dict.cc:2631,,1,
1787557733.072,2026-08-24 07:48:53.073,InnoDB,rwlock: dict0dict.cc:2631,,2,
1787557733.072,2026-08-24 07:48:53.073,InnoDB,rwlock: dict0dict.cc:2631,,1,
1787557733.072,2026-08-24 07:48:53.073,InnoDB,rwlock: dict0dict.cc:2631,,2,
1787557733.072,2026-08-24 07:48:53.073,InnoDB,rwlock: dict0dict.cc:2631,,1,
1787557733.072,2026-08-24 07:48:53.073,InnoDB,rwlock: trx0purge.cc:232,,4,
1787557733.072,2026-08-24 07:48:53.073,InnoDB,rwlock: fil0fil.cc:10242,,326441,
1787557733.072,2026-08-24 07:48:53.073,InnoDB,rwlock: fil0fil.cc:10242,,331667,
1787557733.072,2026-08-24 07:48:53.073,InnoDB,rwlock: dict0dict.cc:1180,,19,
1787557733.072,2026-08-24 07:48:53.073,InnoDB,rwlock: hash0hash.cc:117,,658246,
1787557733.072,2026-08-24 07:48:53.073,InnoDB,rwlock: hash0hash.cc:117,,623756,
1787557733.072,2026-08-24 07:48:53.073,InnoDB,rwlock: hash0hash.cc:117,,555586,
1787557733.072,2026-08-24 07:48:53.073,InnoDB,rwlock: hash0hash.cc:117,,496754,
1787557733.072,2026-08-24 07:48:53.073,InnoDB,rwlock: hash0hash.cc:117,,634069,
1787557733.072,2026-08-24 07:48:53.073,InnoDB,rwlock: hash0hash.cc:117,,540217,
1787557733.072,2026-08-24 07:48:53.073,InnoDB,rwlock: hash0hash.cc:117,,405150,
1787557733.072,2026-08-24 07:48:53.073,InnoDB,rwlock: hash0hash.cc:117,,390215,
1787557733.072,2026-08-24 07:48:53.073,InnoDB,rwlock: hash0hash.cc:117,,414607,
1787557733.072,2026-08-24 07:48:53.073,InnoDB,rwlock: hash0hash.cc:117,,476862,
1787557733.072,2026-08-24 07:48:53.073,InnoDB,rwlock: hash0hash.cc:117,,472803,
1787557733.072,2026-08-24 07:48:53.073,InnoDB,rwlock: hash0hash.cc:117,,395248,
1787557733.072,2026-08-24 07:48:53.073,InnoDB,rwlock: hash0hash.cc:117,,507146,
1787557733.072,2026-08-24 07:48:53.073,InnoDB,rwlock: hash0hash.cc:117,,616740,
1787557733.072,2026-08-24 07:48:53.073,InnoDB,rwlock: hash0hash.cc:117,,436655,
1787557733.072,2026-08-24 07:48:53.073,InnoDB,rwlock: hash0hash.cc:117,,429939,
1787557733.072,2026-08-24 07:48:53.073,InnoDB,rwlock: hash0hash.cc:117,,858995,
1787557733.072,2026-08-24 07:48:53.073,InnoDB,rwlock: hash0hash.cc:117,,1259755,
1787557733.072,2026-08-24 07:48:53.073,InnoDB,rwlock: hash0hash.cc:117,,1089016,
1787557733.072,2026-08-24 07:48:53.073,InnoDB,rwlock: hash0hash.cc:117,,952192,
1787557733.072,2026-08-24 07:48:53.073,InnoDB,rwlock: hash0hash.cc:117,,1069945,
1787557733.072,2026-08-24 07:48:53.073,InnoDB,rwlock: hash0hash.cc:117,,1389956,
1787557733.072,2026-08-24 07:48:53.073,InnoDB,rwlock: hash0hash.cc:117,,1138390,
1787557733.072,2026-08-24 07:48:53.073,InnoDB,rwlock: hash0hash.cc:117,,890381,
1787557733.072,2026-08-24 07:48:53.073,InnoDB,rwlock: hash0hash.cc:117,,1067621,
1787557733.072,2026-08-24 07:48:53.073,InnoDB,rwlock: hash0hash.cc:117,,1129235,
1787557733.072,2026-08-24 07:48:53.073,InnoDB,rwlock: hash0hash.cc:117,,992220,
1787557733.072,2026-08-24 07:48:53.073,InnoDB,rwlock: hash0hash.cc:117,,979891,
1787557733.072,2026-08-24 07:48:53.073,InnoDB,rwlock: hash0hash.cc:117,,1020114,
1787557733.072,2026-08-24 07:48:53.073,InnoDB,rwlock: hash0hash.cc:117,,795529,
1787557733.072,2026-08-24 07:48:53.073,InnoDB,rwlock: hash0hash.cc:117,,926931,
1787557733.072,2026-08-24 07:48:53.073,InnoDB,rwlock: hash0hash.cc:117,,802175,
1787557733.072,2026-08-24 07:48:53.073,InnoDB,sum rwlock: buf0buf.cc:852,,2273184,
1787557754.189,2026-08-24 07:49:14.196,InnoDB,BUF_POOL_LRU_LIST,709869760,410275183,162617615
1787557754.189,2026-08-24 07:49:14.196,InnoDB,BUF_POOL_LRU_LIST,1218519156,153255306,134269234
1787557754.189,2026-08-24 07:49:14.196,InnoDB,LOG_WRITER,4638150,154472,1282
1787557754.189,2026-08-24 07:49:14.196,InnoDB,FLUSH_LIST,1773221,40202,533559
1787557754.189,2026-08-24 07:49:14.196,InnoDB,FLUSH_LIST,1677268,36992,558974
1787557754.189,2026-08-24 07:49:14.196,InnoDB,BUF_BLOCK_MUTEX,907613,24197,65826
1787557754.189,2026-08-24 07:49:14.196,InnoDB,BUF_POOL_FLUSH_STATE,2582884,6580,1611858
1787557754.189,2026-08-24 07:49:14.196,InnoDB,BUF_POOL_FLUSH_STATE,2596186,6137,1650080
1787557754.189,2026-08-24 07:49:14.196,InnoDB,TRX_SYS,2336600,5620,1829888
1787557754.189,2026-08-24 07:49:14.196,InnoDB,BUF_POOL_FREE_LIST,5337536,2223,5093093
1787557754.189,2026-08-24 07:49:14.196,InnoDB,TRX_SYS_SERIALISATION,206453,2074,128648
1787557754.189,2026-08-24 07:49:14.196,InnoDB,BUF_POOL_FREE_LIST,5648164,2058,5295409
1787557754.189,2026-08-24 07:49:14.196,InnoDB,UNDO_SPACE_RSEG,62959,2016,627
1787557754.189,2026-08-24 07:49:14.196,InnoDB,UNDO_SPACE_RSEG,56416,1794,649
1787557754.189,2026-08-24 07:49:14.196,InnoDB,UNDO_SPACE_RSEG,52936,1681,569
1787557754.189,2026-08-24 07:49:14.196,InnoDB,UNDO_SPACE_RSEG,51891,1655,584
1787557754.189,2026-08-24 07:49:14.196,InnoDB,UNDO_SPACE_RSEG,51688,1637,597
1787557754.189,2026-08-24 07:49:14.196,InnoDB,UNDO_SPACE_RSEG,50984,1633,528
1787557754.189,2026-08-24 07:49:14.196,InnoDB,UNDO_SPACE_RSEG,50257,1595,581
1787557754.189,2026-08-24 07:49:14.196,InnoDB,UNDO_SPACE_RSEG,50031,1580,593
1787557754.189,2026-08-24 07:49:14.196,InnoDB,UNDO_SPACE_RSEG,48556,1536,586
1787557754.189,2026-08-24 07:49:14.196,InnoDB,UNDO_SPACE_RSEG,48096,1517,614
1787557754.189,2026-08-24 07:49:14.196,InnoDB,UNDO_SPACE_RSEG,47443,1508,568
1787557754.189,2026-08-24 07:49:14.196,InnoDB,UNDO_SPACE_RSEG,46983,1506,565
1787557754.189,2026-08-24 07:49:14.196,InnoDB,UNDO_SPACE_RSEG,46929,1494,538
1787557754.189,2026-08-24 07:49:14.196,InnoDB,UNDO_SPACE_RSEG,46493,1480,558
1787557754.189,2026-08-24 07:49:14.196,InnoDB,UNDO_SPACE_RSEG,46395,1476,542
1787557754.189,2026-08-24 07:49:14.196,InnoDB,UNDO_SPACE_RSEG,46183,1472,559
1787557754.189,2026-08-24 07:49:14.196,InnoDB,UNDO_SPACE_RSEG,46663,1463,597
1787557754.189,2026-08-24 07:49:14.196,InnoDB,UNDO_SPACE_RSEG,46019,1461,558
1787557754.189,2026-08-24 07:49:14.196,InnoDB,UNDO_SPACE_RSEG,46365,1459,596
1787557754.189,2026-08-24 07:49:14.196,InnoDB,UNDO_SPACE_RSEG,45633,1441,595
1787557754.189,2026-08-24 07:49:14.196,InnoDB,UNDO_SPACE_RSEG,45005,1440,561
1787557754.189,2026-08-24 07:49:14.196,InnoDB,UNDO_SPACE_RSEG,45020,1430,534
1787557754.189,2026-08-24 07:49:14.196,InnoDB,UNDO_SPACE_RSEG,44794,1419,512
1787557754.189,2026-08-24 07:49:14.196,InnoDB,UNDO_SPACE_RSEG,44417,1408,568
1787557754.189,2026-08-24 07:49:14.196,InnoDB,UNDO_SPACE_RSEG,44239,1408,586
1787557754.189,2026-08-24 07:49:14.196,InnoDB,UNDO_SPACE_RSEG,44538,1397,627
1787557754.189,2026-08-24 07:49:14.196,InnoDB,UNDO_SPACE_RSEG,44041,1395,594
1787557754.189,2026-08-24 07:49:14.196,InnoDB,UNDO_SPACE_RSEG,43729,1387,552
1787557754.189,2026-08-24 07:49:14.196,InnoDB,UNDO_SPACE_RSEG,43392,1379,526
1787557754.189,2026-08-24 07:49:14.196,InnoDB,UNDO_SPACE_RSEG,43561,1376,574
1787557754.189,2026-08-24 07:49:14.196,InnoDB,UNDO_SPACE_RSEG,43627,1371,552
1787557754.189,2026-08-24 07:49:14.196,InnoDB,UNDO_SPACE_RSEG,43325,1364,538
1787557754.189,2026-08-24 07:49:14.196,InnoDB,UNDO_SPACE_RSEG,43165,1358,512
1787557754.189,2026-08-24 07:49:14.196,InnoDB,UNDO_SPACE_RSEG,42980,1356,567
1787557754.189,2026-08-24 07:49:14.196,InnoDB,UNDO_SPACE_RSEG,42787,1353,521
1787557754.189,2026-08-24 07:49:14.196,InnoDB,UNDO_SPACE_RSEG,42867,1341,590
1787557754.189,2026-08-24 07:49:14.196,InnoDB,UNDO_SPACE_RSEG,42058,1336,494
1787557754.189,2026-08-24 07:49:14.196,InnoDB,UNDO_SPACE_RSEG,41848,1336,505
1787557754.189,2026-08-24 07:49:14.196,InnoDB,UNDO_SPACE_RSEG,42310,1336,533
1787557754.189,2026-08-24 07:49:14.196,InnoDB,UNDO_SPACE_RSEG,41678,1330,529
1787557754.189,2026-08-24 07:49:14.196,InnoDB,UNDO_SPACE_RSEG,42477,1329,527
1787557754.189,2026-08-24 07:49:14.196,InnoDB,UNDO_SPACE_RSEG,41755,1325,522
1787557754.189,2026-08-24 07:49:14.196,InnoDB,UNDO_SPACE_RSEG,41816,1325,558
1787557754.189,2026-08-24 07:49:14.196,InnoDB,UNDO_SPACE_RSEG,41639,1322,512
1787557754.189,2026-08-24 07:49:14.196,InnoDB,UNDO_SPACE_RSEG,41055,1313,494
1787557754.189,2026-08-24 07:49:14.196,InnoDB,UNDO_SPACE_RSEG,41677,1311,557
1787557754.189,2026-08-24 07:49:14.196,InnoDB,UNDO_SPACE_RSEG,41088,1300,565
1787557754.189,2026-08-24 07:49:14.196,InnoDB,UNDO_SPACE_RSEG,41547,1297,588
1787557754.189,2026-08-24 07:49:14.196,InnoDB,UNDO_SPACE_RSEG,40882,1291,490
1787557754.189,2026-08-24 07:49:14.196,InnoDB,UNDO_SPACE_RSEG,40974,1288,537
1787557754.189,2026-08-24 07:49:14.196,InnoDB,UNDO_SPACE_RSEG,40967,1286,554
1787557754.189,2026-08-24 07:49:14.196,InnoDB,UNDO_SPACE_RSEG,40417,1283,545
1787557754.189,2026-08-24 07:49:14.196,InnoDB,UNDO_SPACE_RSEG,40628,1280,535
1787557754.189,2026-08-24 07:49:14.196,InnoDB,UNDO_SPACE_RSEG,40346,1270,535
1787557754.189,2026-08-24 07:49:14.196,InnoDB,UNDO_SPACE_RSEG,40002,1269,553
1787557754.189,2026-08-24 07:49:14.196,InnoDB,UNDO_SPACE_RSEG,39902,1266,517
1787557754.189,2026-08-24 07:49:14.196,InnoDB,UNDO_SPACE_RSEG,40058,1264,538
1787557754.189,2026-08-24 07:49:14.196,InnoDB,UNDO_SPACE_RSEG,39932,1262,551
1787557754.189,2026-08-24 07:49:14.196,InnoDB,UNDO_SPACE_RSEG,39967,1262,534
1787557754.189,2026-08-24 07:49:14.196,InnoDB,UNDO_SPACE_RSEG,40086,1262,534
1787557754.189,2026-08-24 07:49:14.196,InnoDB,SRV_SYS,911014,1260,467337
1787557754.189,2026-08-24 07:49:14.196,InnoDB,UNDO_SPACE_RSEG,39828,1260,508
1787557754.189,2026-08-24 07:49:14.196,InnoDB,UNDO_SPACE_RSEG,39621,1255,531
1787557754.189,2026-08-24 07:49:14.196,InnoDB,UNDO_SPACE_RSEG,39521,1240,541
1787557754.189,2026-08-24 07:49:14.196,InnoDB,UNDO_SPACE_RSEG,39225,1239,533
1787557754.189,2026-08-24 07:49:14.196,InnoDB,UNDO_SPACE_RSEG,38855,1236,563
1787557754.189,2026-08-24 07:49:14.196,InnoDB,UNDO_SPACE_RSEG,39188,1234,535
1787557754.189,2026-08-24 07:49:14.196,InnoDB,UNDO_SPACE_RSEG,38872,1228,543
1787557754.189,2026-08-24 07:49:14.196,InnoDB,UNDO_SPACE_RSEG,39157,1227,544
1787557754.189,2026-08-24 07:49:14.196,InnoDB,UNDO_SPACE_RSEG,38867,1224,538
1787557754.189,2026-08-24 07:49:14.196,InnoDB,UNDO_SPACE_RSEG,38709,1221,532
1787557754.189,2026-08-24 07:49:14.196,InnoDB,UNDO_SPACE_RSEG,38713,1220,548
1787557754.189,2026-08-24 07:49:14.196,InnoDB,UNDO_SPACE_RSEG,38160,1212,569
1787557754.189,2026-08-24 07:49:14.196,InnoDB,UNDO_SPACE_RSEG,38557,1211,547
1787557754.189,2026-08-24 07:49:14.196,InnoDB,UNDO_SPACE_RSEG,38469,1207,530
1787557754.189,2026-08-24 07:49:14.196,InnoDB,UNDO_SPACE_RSEG,38431,1203,512
1787557754.189,2026-08-24 07:49:14.196,InnoDB,UNDO_SPACE_RSEG,37676,1194,536
1787557754.189,2026-08-24 07:49:14.196,InnoDB,UNDO_SPACE_RSEG,37797,1194,529
1787557754.189,2026-08-24 07:49:14.196,InnoDB,UNDO_SPACE_RSEG,38039,1193,560
1787557754.189,2026-08-24 07:49:14.196,InnoDB,UNDO_SPACE_RSEG,37731,1193,525
1787557754.189,2026-08-24 07:49:14.196,InnoDB,UNDO_SPACE_RSEG,37755,1186,505
1787557754.189,2026-08-24 07:49:14.196,InnoDB,UNDO_SPACE_RSEG,37158,1185,506
1787557754.189,2026-08-24 07:49:14.196,InnoDB,UNDO_SPACE_RSEG,37633,1183,534
1787557754.189,2026-08-24 07:49:14.196,InnoDB,UNDO_SPACE_RSEG,37638,1181,550
1787557754.189,2026-08-24 07:49:14.196,InnoDB,UNDO_SPACE_RSEG,37612,1178,565
1787557754.189,2026-08-24 07:49:14.196,InnoDB,UNDO_SPACE_RSEG,36977,1178,521
1787557754.189,2026-08-24 07:49:14.196,InnoDB,UNDO_SPACE_RSEG,36973,1165,549
1787557754.189,2026-08-24 07:49:14.196,InnoDB,UNDO_SPACE_RSEG,37028,1163,531
1787557754.189,2026-08-24 07:49:14.196,InnoDB,UNDO_SPACE_RSEG,36799,1161,523
1787557754.189,2026-08-24 07:49:14.196,InnoDB,UNDO_SPACE_RSEG,36307,1156,536
1787557754.189,2026-08-24 07:49:14.196,InnoDB,UNDO_SPACE_RSEG,36266,1156,511
1787557754.189,2026-08-24 07:49:14.196,InnoDB,UNDO_SPACE_RSEG,36288,1153,515
1787557754.189,2026-08-24 07:49:14.196,InnoDB,UNDO_SPACE_RSEG,36753,1152,567
1787557754.189,2026-08-24 07:49:14.196,InnoDB,UNDO_SPACE_RSEG,36318,1151,492
1787557754.189,2026-08-24 07:49:14.196,InnoDB,UNDO_SPACE_RSEG,36407,1145,505
1787557754.189,2026-08-24 07:49:14.196,InnoDB,UNDO_SPACE_RSEG,36509,1141,549
1787557754.189,2026-08-24 07:49:14.196,InnoDB,UNDO_SPACE_RSEG,36257,1138,559
1787557754.189,2026-08-24 07:49:14.196,InnoDB,UNDO_SPACE_RSEG,35787,1133,509
1787557754.189,2026-08-24 07:49:14.196,InnoDB,UNDO_SPACE_RSEG,36032,1133,499
1787557754.189,2026-08-24 07:49:14.196,InnoDB,UNDO_SPACE_RSEG,35559,1131,498
1787557754.189,2026-08-24 07:49:14.196,InnoDB,UNDO_SPACE_RSEG,35586,1125,501
1787557754.189,2026-08-24 07:49:14.196,InnoDB,UNDO_SPACE_RSEG,35390,1122,498
1787557754.189,2026-08-24 07:49:14.196,InnoDB,UNDO_SPACE_RSEG,35416,1121,503
1787557754.189,2026-08-24 07:49:14.196,InnoDB,UNDO_SPACE_RSEG,35889,1120,559
1787557754.189,2026-08-24 07:49:14.196,InnoDB,UNDO_SPACE_RSEG,35372,1118,518
1787557754.189,2026-08-24 07:49:14.196,InnoDB,UNDO_SPACE_RSEG,35302,1117,534
1787557754.189,2026-08-24 07:49:14.196,InnoDB,UNDO_SPACE_RSEG,35442,1117,476
1787557754.189,2026-08-24 07:49:14.196,InnoDB,UNDO_SPACE_RSEG,35467,1113,560
1787557754.189,2026-08-24 07:49:14.196,InnoDB,UNDO_SPACE_RSEG,35422,1113,522
1787557754.189,2026-08-24 07:49:14.196,InnoDB,UNDO_SPACE_RSEG,35152,1108,511
1787557754.189,2026-08-24 07:49:14.196,InnoDB,UNDO_SPACE_RSEG,34934,1103,517
1787557754.189,2026-08-24 07:49:14.196,InnoDB,UNDO_SPACE_RSEG,34670,1097,493
1787557754.189,2026-08-24 07:49:14.196,InnoDB,UNDO_SPACE_RSEG,34208,1090,510
1787557754.189,2026-08-24 07:49:14.196,InnoDB,UNDO_SPACE_RSEG,34535,1085,516
1787557754.189,2026-08-24 07:49:14.196,InnoDB,UNDO_SPACE_RSEG,34274,1085,499
1787557754.189,2026-08-24 07:49:14.196,InnoDB,UNDO_SPACE_RSEG,34291,1082,512
1787557754.189,2026-08-24 07:49:14.196,InnoDB,UNDO_SPACE_RSEG,34487,1081,544
1787557754.189,2026-08-24 07:49:14.196,InnoDB,UNDO_SPACE_RSEG,33986,1079,450
1787557754.189,2026-08-24 07:49:14.196,InnoDB,UNDO_SPACE_RSEG,34081,1077,533
1787557754.189,2026-08-24 07:49:14.196,InnoDB,UNDO_SPACE_RSEG,34099,1071,503
1787557754.189,2026-08-24 07:49:14.196,InnoDB,UNDO_SPACE_RSEG,34080,1069,540
1787557754.189,2026-08-24 07:49:14.196,InnoDB,UNDO_SPACE_RSEG,33798,1066,484
1787557754.189,2026-08-24 07:49:14.196,InnoDB,UNDO_SPACE_RSEG,33581,1059,535
1787557754.189,2026-08-24 07:49:14.196,InnoDB,UNDO_SPACE_RSEG,33553,1057,521
1787557754.189,2026-08-24 07:49:14.196,InnoDB,UNDO_SPACE_RSEG,33544,1056,521
1787557754.189,2026-08-24 07:49:14.196,InnoDB,UNDO_SPACE_RSEG,33448,1044,526
1787557754.189,2026-08-24 07:49:14.196,InnoDB,UNDO_SPACE_RSEG,33088,1041,540
1787557754.189,2026-08-24 07:49:14.196,InnoDB,UNDO_SPACE_RSEG,32843,1039,477
1787557754.189,2026-08-24 07:49:14.196,InnoDB,UNDO_SPACE_RSEG,32732,1035,481
1787557754.189,2026-08-24 07:49:14.196,InnoDB,UNDO_SPACE_RSEG,32819,1032,518
1787557754.189,2026-08-24 07:49:14.196,InnoDB,UNDO_SPACE_RSEG,32401,1031,496
1787557754.189,2026-08-24 07:49:14.196,InnoDB,UNDO_SPACE_RSEG,32777,1026,527
1787557754.189,2026-08-24 07:49:14.196,InnoDB,UNDO_SPACE_RSEG,33214,1026,535
1787557754.189,2026-08-24 07:49:14.196,InnoDB,UNDO_SPACE_RSEG,32578,1026,456
1787557754.189,2026-08-24 07:49:14.196,InnoDB,UNDO_SPACE_RSEG,33066,1022,535
1787557754.189,2026-08-24 07:49:14.196,InnoDB,UNDO_SPACE_RSEG,32432,1019,519
1787557754.189,2026-08-24 07:49:14.196,InnoDB,UNDO_SPACE_RSEG,32240,1017,484
1787557754.189,2026-08-24 07:49:14.196,InnoDB,UNDO_SPACE_RSEG,32056,1016,523
1787557754.189,2026-08-24 07:49:14.196,InnoDB,UNDO_SPACE_RSEG,32023,1016,483
1787557754.189,2026-08-24 07:49:14.196,InnoDB,UNDO_SPACE_RSEG,32013,1014,454
1787557754.189,2026-08-24 07:49:14.196,InnoDB,UNDO_SPACE_RSEG,32318,1013,513
1787557754.189,2026-08-24 07:49:14.196,InnoDB,UNDO_SPACE_RSEG,31905,1011,498
1787557754.189,2026-08-24 07:49:14.196,InnoDB,UNDO_SPACE_RSEG,31539,1003,439
1787557754.189,2026-08-24 07:49:14.196,InnoDB,UNDO_SPACE_RSEG,31845,1000,528
1787557754.189,2026-08-24 07:49:14.196,InnoDB,UNDO_SPACE_RSEG,31444,995,498
1787557754.189,2026-08-24 07:49:14.196,InnoDB,UNDO_SPACE_RSEG,31720,994,507
1787557754.189,2026-08-24 07:49:14.196,InnoDB,UNDO_SPACE_RSEG,31571,991,504
1787557754.189,2026-08-24 07:49:14.196,InnoDB,UNDO_SPACE_RSEG,31559,991,526
1787557754.189,2026-08-24 07:49:14.196,InnoDB,UNDO_SPACE_RSEG,31492,985,511
1787557754.189,2026-08-24 07:49:14.196,InnoDB,UNDO_SPACE_RSEG,31184,984,521
1787557754.189,2026-08-24 07:49:14.196,InnoDB,UNDO_SPACE_RSEG,31513,981,512
1787557754.189,2026-08-24 07:49:14.196,InnoDB,UNDO_SPACE_RSEG,30974,979,485
1787557754.189,2026-08-24 07:49:14.196,InnoDB,UNDO_SPACE_RSEG,31006,979,506
1787557754.189,2026-08-24 07:49:14.196,InnoDB,UNDO_SPACE_RSEG,31252,979,494
1787557754.189,2026-08-24 07:49:14.196,InnoDB,UNDO_SPACE_RSEG,31405,977,494
1787557754.189,2026-08-24 07:49:14.196,InnoDB,UNDO_SPACE_RSEG,30892,966,510
1787557754.189,2026-08-24 07:49:14.196,InnoDB,UNDO_SPACE_RSEG,30783,962,487
1787557754.189,2026-08-24 07:49:14.196,InnoDB,UNDO_SPACE_RSEG,30599,961,545
1787557754.189,2026-08-24 07:49:14.196,InnoDB,UNDO_SPACE_RSEG,30678,960,472
1787557754.189,2026-08-24 07:49:14.196,InnoDB,UNDO_SPACE_RSEG,31000,959,468
1787557754.189,2026-08-24 07:49:14.196,InnoDB,UNDO_SPACE_RSEG,30160,953,474
1787557754.189,2026-08-24 07:49:14.196,InnoDB,UNDO_SPACE_RSEG,30702,949,496
1787557754.189,2026-08-24 07:49:14.196,InnoDB,UNDO_SPACE_RSEG,29807,948,469
1787557754.189,2026-08-24 07:49:14.196,InnoDB,UNDO_SPACE_RSEG,29975,946,422
1787557754.189,2026-08-24 07:49:14.196,InnoDB,UNDO_SPACE_RSEG,30311,946,468
1787557754.189,2026-08-24 07:49:14.196,InnoDB,UNDO_SPACE_RSEG,30267,945,491
1787557754.189,2026-08-24 07:49:14.196,InnoDB,UNDO_SPACE_RSEG,29806,942,475
1787557754.189,2026-08-24 07:49:14.196,InnoDB,UNDO_SPACE_RSEG,30114,940,513
1787557754.189,2026-08-24 07:49:14.196,InnoDB,UNDO_SPACE_RSEG,29812,940,516
1787557754.189,2026-08-24 07:49:14.196,InnoDB,UNDO_SPACE_RSEG,29693,939,456
1787557754.189,2026-08-24 07:49:14.196,InnoDB,UNDO_SPACE_RSEG,29828,936,477
1787557754.189,2026-08-24 07:49:14.196,InnoDB,UNDO_SPACE_RSEG,29497,926,432
1787557754.189,2026-08-24 07:49:14.196,InnoDB,UNDO_SPACE_RSEG,29520,926,464
1787557754.189,2026-08-24 07:49:14.196,InnoDB,UNDO_SPACE_RSEG,29769,925,470
1787557754.189,2026-08-24 07:49:14.196,InnoDB,UNDO_SPACE_RSEG,29551,921,523
1787557754.189,2026-08-24 07:49:14.196,InnoDB,UNDO_SPACE_RSEG,29268,920,501
1787557754.189,2026-08-24 07:49:14.196,InnoDB,UNDO_SPACE_RSEG,29273,919,497
1787557754.189,2026-08-24 07:49:14.196,InnoDB,UNDO_SPACE_RSEG,28938,919,451
1787557754.189,2026-08-24 07:49:14.196,InnoDB,UNDO_SPACE_RSEG,29102,918,488
1787557754.189,2026-08-24 07:49:14.196,InnoDB,UNDO_SPACE_RSEG,29104,915,469
1787557754.189,2026-08-24 07:49:14.196,InnoDB,UNDO_SPACE_RSEG,28941,912,497
1787557754.189,2026-08-24 07:49:14.196,InnoDB,UNDO_SPACE_RSEG,28928,911,469
1787557754.189,2026-08-24 07:49:14.196,InnoDB,UNDO_SPACE_RSEG,29109,910,467
1787557754.189,2026-08-24 07:49:14.196,InnoDB,UNDO_SPACE_RSEG,29154,908,471
1787557754.189,2026-08-24 07:49:14.196,InnoDB,UNDO_SPACE_RSEG,28434,897,511
1787557754.189,2026-08-24 07:49:14.196,InnoDB,UNDO_SPACE_RSEG,28894,897,505
1787557754.189,2026-08-24 07:49:14.196,InnoDB,UNDO_SPACE_RSEG,28748,897,503
1787557754.189,2026-08-24 07:49:14.196,InnoDB,UNDO_SPACE_RSEG,28730,892,502
1787557754.189,2026-08-24 07:49:14.196,InnoDB,UNDO_SPACE_RSEG,28915,890,524
1787557754.189,2026-08-24 07:49:14.196,InnoDB,UNDO_SPACE_RSEG,28069,888,490
1787557754.189,2026-08-24 07:49:14.196,InnoDB,UNDO_SPACE_RSEG,28294,884,457
1787557754.189,2026-08-24 07:49:14.196,InnoDB,UNDO_SPACE_RSEG,28212,882,461
1787557754.189,2026-08-24 07:49:14.196,InnoDB,UNDO_SPACE_RSEG,28016,879,507
1787557754.189,2026-08-24 07:49:14.196,InnoDB,UNDO_SPACE_RSEG,27544,874,425
1787557754.189,2026-08-24 07:49:14.196,InnoDB,UNDO_SPACE_RSEG,28109,868,501
1787557754.189,2026-08-24 07:49:14.196,InnoDB,UNDO_SPACE_RSEG,27629,868,483
1787557754.189,2026-08-24 07:49:14.196,InnoDB,UNDO_SPACE_RSEG,27512,866,469
1787557754.189,2026-08-24 07:49:14.196,InnoDB,UNDO_SPACE_RSEG,27386,862,462
1787557754.189,2026-08-24 07:49:14.196,InnoDB,UNDO_SPACE_RSEG,27052,860,406
1787557754.189,2026-08-24 07:49:14.196,InnoDB,UNDO_SPACE_RSEG,27376,859,490
1787557754.189,2026-08-24 07:49:14.196,InnoDB,UNDO_SPACE_RSEG,27208,857,501
1787557754.189,2026-08-24 07:49:14.196,InnoDB,UNDO_SPACE_RSEG,27551,856,458
1787557754.189,2026-08-24 07:49:14.196,InnoDB,UNDO_SPACE_RSEG,27094,853,493
1787557754.189,2026-08-24 07:49:14.196,InnoDB,UNDO_SPACE_RSEG,27223,849,475
1787557754.189,2026-08-24 07:49:14.196,InnoDB,UNDO_SPACE_RSEG,27486,849,484
1787557754.189,2026-08-24 07:49:14.196,InnoDB,UNDO_SPACE_RSEG,27250,844,467
1787557754.189,2026-08-24 07:49:14.196,InnoDB,UNDO_SPACE_RSEG,26803,842,455
1787557754.189,2026-08-24 07:49:14.196,InnoDB,UNDO_SPACE_RSEG,26499,835,463
1787557754.189,2026-08-24 07:49:14.196,InnoDB,UNDO_SPACE_RSEG,26660,835,487
1787557754.189,2026-08-24 07:49:14.196,InnoDB,UNDO_SPACE_RSEG,26984,834,456
1787557754.189,2026-08-24 07:49:14.196,InnoDB,UNDO_SPACE_RSEG,26597,832,488
1787557754.189,2026-08-24 07:49:14.196,InnoDB,UNDO_SPACE_RSEG,26777,830,446
1787557754.189,2026-08-24 07:49:14.196,InnoDB,UNDO_SPACE_RSEG,26534,828,481
1787557754.189,2026-08-24 07:49:14.196,InnoDB,UNDO_SPACE_RSEG,26732,828,492
1787557754.189,2026-08-24 07:49:14.196,InnoDB,UNDO_SPACE_RSEG,26441,827,453
1787557754.189,2026-08-24 07:49:14.196,InnoDB,UNDO_SPACE_RSEG,26329,827,472
1787557754.189,2026-08-24 07:49:14.196,InnoDB,UNDO_SPACE_RSEG,26424,820,457
1787557754.189,2026-08-24 07:49:14.196,InnoDB,UNDO_SPACE_RSEG,26081,820,472
1787557754.189,2026-08-24 07:49:14.196,InnoDB,UNDO_SPACE_RSEG,26161,816,421
1787557754.189,2026-08-24 07:49:14.196,InnoDB,UNDO_SPACE_RSEG,25659,810,448
1787557754.189,2026-08-24 07:49:14.196,InnoDB,UNDO_SPACE_RSEG,25880,805,497
1787557754.189,2026-08-24 07:49:14.196,InnoDB,UNDO_SPACE_RSEG,25251,794,445
1787557754.189,2026-08-24 07:49:14.196,InnoDB,UNDO_SPACE_RSEG,25137,791,419
1787557754.189,2026-08-24 07:49:14.196,InnoDB,UNDO_SPACE_RSEG,25550,788,482
1787557754.189,2026-08-24 07:49:14.196,InnoDB,UNDO_SPACE_RSEG,25232,783,458
1787557754.189,2026-08-24 07:49:14.196,InnoDB,UNDO_SPACE_RSEG,24678,779,435
1787557754.189,2026-08-24 07:49:14.196,InnoDB,UNDO_SPACE_RSEG,24776,778,445
1787557754.189,2026-08-24 07:49:14.196,InnoDB,UNDO_SPACE_RSEG,24778,775,462
1787557754.189,2026-08-24 07:49:14.196,InnoDB,UNDO_SPACE_RSEG,24560,768,434
1787557754.189,2026-08-24 07:49:14.196,InnoDB,UNDO_SPACE_RSEG,24197,763,426
1787557754.189,2026-08-24 07:49:14.196,InnoDB,UNDO_SPACE_RSEG,24262,759,408
1787557754.189,2026-08-24 07:49:14.196,InnoDB,UNDO_SPACE_RSEG,24276,756,462
1787557754.189,2026-08-24 07:49:14.196,InnoDB,UNDO_SPACE_RSEG,23967,755,467
1787557754.189,2026-08-24 07:49:14.196,InnoDB,UNDO_SPACE_RSEG,24194,753,401
1787557754.189,2026-08-24 07:49:14.196,InnoDB,UNDO_SPACE_RSEG,23513,747,442
1787557754.189,2026-08-24 07:49:14.196,InnoDB,UNDO_SPACE_RSEG,24115,746,443
1787557754.189,2026-08-24 07:49:14.196,InnoDB,UNDO_SPACE_RSEG,23599,738,448
1787557754.189,2026-08-24 07:49:14.196,InnoDB,UNDO_SPACE_RSEG,23256,730,425
1787557754.189,2026-08-24 07:49:14.196,InnoDB,UNDO_SPACE_RSEG,22784,723,407
1787557754.189,2026-08-24 07:49:14.196,InnoDB,UNDO_SPACE_RSEG,23485,721,460
1787557754.189,2026-08-24 07:49:14.196,InnoDB,UNDO_SPACE_RSEG,22861,720,446
1787557754.189,2026-08-24 07:49:14.196,InnoDB,UNDO_SPACE_RSEG,22916,715,481
1787557754.189,2026-08-24 07:49:14.196,InnoDB,UNDO_SPACE_RSEG,22890,714,440
1787557754.189,2026-08-24 07:49:14.196,InnoDB,UNDO_SPACE_RSEG,22118,692,447
1787557754.189,2026-08-24 07:49:14.196,InnoDB,UNDO_SPACE_RSEG,22154,690,421
1787557754.189,2026-08-24 07:49:14.196,InnoDB,UNDO_SPACE_RSEG,22075,687,411
1787557754.189,2026-08-24 07:49:14.196,InnoDB,UNDO_SPACE_RSEG,21347,674,397
1787557754.189,2026-08-24 07:49:14.196,InnoDB,UNDO_SPACE_RSEG,21157,662,414
1787557754.189,2026-08-24 07:49:14.196,InnoDB,UNDO_SPACE_RSEG,20881,661,425
1787557754.189,2026-08-24 07:49:14.196,InnoDB,UNDO_SPACE_RSEG,21015,652,410
1787557754.189,2026-08-24 07:49:14.196,InnoDB,UNDO_SPACE_RSEG,20339,640,415
1787557754.189,2026-08-24 07:49:14.196,InnoDB,UNDO_SPACE_RSEG,20122,631,418
1787557754.189,2026-08-24 07:49:14.196,InnoDB,UNDO_SPACE_RSEG,19948,612,431
1787557754.189,2026-08-24 07:49:14.196,InnoDB,UNDO_SPACE_RSEG,19315,608,382
1787557754.189,2026-08-24 07:49:14.196,InnoDB,UNDO_SPACE_RSEG,19503,598,421
1787557754.189,2026-08-24 07:49:14.196,InnoDB,UNDO_SPACE_RSEG,18324,569,421
1787557754.189,2026-08-24 07:49:14.196,InnoDB,LOG_FLUSHER,19384,513,853
1787557754.189,2026-08-24 07:49:14.196,InnoDB,DICT_SYS,12621122,477,8345003
1787557754.189,2026-08-24 07:49:14.196,InnoDB,LOG_FILES,17811,433,662
1787557754.189,2026-08-24 07:49:14.196,InnoDB,UNDO_SPACE_RSEG,13001,394,338
1787557754.189,2026-08-24 07:49:14.196,InnoDB,PURGE_SYS_PQ,308500,270,268247
1787557754.189,2026-08-24 07:49:14.196,InnoDB,FIL_SHARD,354295,191,359569
1787557754.189,2026-08-24 07:49:14.196,InnoDB,FIL_SHARD,350345,166,358451
1787557754.189,2026-08-24 07:49:14.196,InnoDB,FIL_SHARD,332211,153,343538
1787557754.189,2026-08-24 07:49:14.196,InnoDB,FIL_SHARD,324632,152,340164
1787557754.189,2026-08-24 07:49:14.196,InnoDB,FIL_SHARD,334666,148,371316
1787557754.189,2026-08-24 07:49:14.196,InnoDB,FIL_SHARD,323849,144,336893
1787557754.189,2026-08-24 07:49:14.196,InnoDB,FIL_SHARD,340914,142,351349
1787557754.189,2026-08-24 07:49:14.196,InnoDB,FIL_SHARD,339600,141,352053
1787557754.189,2026-08-24 07:49:14.196,InnoDB,FIL_SHARD,322669,137,337413
1787557754.189,2026-08-24 07:49:14.196,InnoDB,FIL_SHARD,298599,136,318516
1787557754.189,2026-08-24 07:49:14.196,InnoDB,FIL_SHARD,345784,135,353966
1787557754.189,2026-08-24 07:49:14.196,InnoDB,FIL_SHARD,325095,133,339672
1787557754.189,2026-08-24 07:49:14.196,InnoDB,FIL_SHARD,323365,130,359427
1787557754.189,2026-08-24 07:49:14.196,InnoDB,IBUF_BITMAP,16377,125,10056
1787557754.189,2026-08-24 07:49:14.196,InnoDB,FIL_SHARD,319999,121,337396
1787557754.189,2026-08-24 07:49:14.196,InnoDB,FIL_SHARD,304817,121,321820
1787557754.189,2026-08-24 07:49:14.196,InnoDB,FIL_SHARD,322658,119,336097
1787557754.189,2026-08-24 07:49:14.196,InnoDB,FIL_SHARD,329947,119,365469
1787557754.189,2026-08-24 07:49:14.196,InnoDB,FIL_SHARD,336882,118,349377
1787557754.189,2026-08-24 07:49:14.196,InnoDB,DICT_PERSIST_DIRTY_TABLES,631709,118,252749
1787557754.189,2026-08-24 07:49:14.196,InnoDB,FIL_SHARD,326756,117,342536
1787557754.189,2026-08-24 07:49:14.196,InnoDB,FIL_SHARD,339822,108,378524
1787557754.189,2026-08-24 07:49:14.196,InnoDB,DICT_TABLE_STATS_COMPUTE,840,28,7
1787557754.189,2026-08-24 07:49:14.196,InnoDB,TRX,363156,21,532859
1787557754.189,2026-08-24 07:49:14.196,InnoDB,TRX_POOL,626,19,43
1787557754.189,2026-08-24 07:49:14.196,InnoDB,FIL_SHARD,7131,12,8611
1787557754.189,2026-08-24 07:49:14.196,InnoDB,FIL_SHARD,7159,12,8587
1787557754.189,2026-08-24 07:49:14.196,InnoDB,PARSER,355,6,11
1787557754.189,2026-08-24 07:49:14.196,InnoDB,LOCK_SYS_TABLE,7232,5,7064
1787557754.189,2026-08-24 07:49:14.196,InnoDB,LOCK_SYS_TABLE,7076,5,6872
1787557754.189,2026-08-24 07:49:14.196,InnoDB,LOCK_SYS_TABLE,7194,4,6608
1787557754.189,2026-08-24 07:49:14.196,InnoDB,LOCK_SYS_TABLE,7430,4,7011
1787557754.189,2026-08-24 07:49:14.196,InnoDB,PAGE_CLEANER,3009,3,3067
1787557754.189,2026-08-24 07:49:14.196,InnoDB,LOCK_SYS_PAGE,227,3,107
1787557754.189,2026-08-24 07:49:14.196,InnoDB,LOCK_SYS_TABLE,7123,3,6991
1787557754.189,2026-08-24 07:49:14.196,InnoDB,LOCK_SYS_PAGE,186,2,118
1787557754.189,2026-08-24 07:49:14.196,InnoDB,LOCK_SYS_TABLE,7272,2,6888
1787557754.189,2026-08-24 07:49:14.196,InnoDB,LOCK_SYS_TABLE,7667,2,6995
1787557754.189,2026-08-24 07:49:14.196,InnoDB,LOCK_SYS_PAGE,172,2,111
1787557754.189,2026-08-24 07:49:14.196,InnoDB,LOCK_SYS_PAGE,230,2,130
1787557754.189,2026-08-24 07:49:14.196,InnoDB,LOCK_SYS_PAGE,189,2,118
1787557754.189,2026-08-24 07:49:14.196,InnoDB,LOCK_SYS_PAGE,164,2,110
1787557754.189,2026-08-24 07:49:14.196,InnoDB,LOCK_SYS_PAGE,201,2,122
1787557754.189,2026-08-24 07:49:14.196,InnoDB,LOCK_SYS_PAGE,204,2,130
1787557754.189,2026-08-24 07:49:14.196,InnoDB,LOCK_SYS_PAGE,176,2,121
1787557754.189,2026-08-24 07:49:14.196,InnoDB,LOCK_SYS_TABLE,7143,2,6772
1787557754.189,2026-08-24 07:49:14.196,InnoDB,LOCK_SYS_PAGE,180,2,113
1787557754.189,2026-08-24 07:49:14.196,InnoDB,LOCK_SYS_PAGE,349,2,119
1787557754.189,2026-08-24 07:49:14.196,InnoDB,LOCK_SYS_PAGE,179,1,120
1787557754.189,2026-08-24 07:49:14.196,InnoDB,LOCK_SYS_PAGE,133,1,106
1787557754.189,2026-08-24 07:49:14.196,InnoDB,LOCK_SYS_PAGE,138,1,117
1787557754.189,2026-08-24 07:49:14.196,InnoDB,LOCK_SYS_PAGE,187,1,131
1787557754.189,2026-08-24 07:49:14.196,InnoDB,LOCK_SYS_PAGE,144,1,114
1787557754.189,2026-08-24 07:49:14.196,InnoDB,LOCK_SYS_PAGE,195,1,120
1787557754.189,2026-08-24 07:49:14.196,InnoDB,LOCK_SYS_PAGE,150,1,122
1787557754.189,2026-08-24 07:49:14.196,InnoDB,LOCK_SYS_PAGE,136,1,105
1787557754.189,2026-08-24 07:49:14.196,InnoDB,LOCK_SYS_PAGE,173,1,130
1787557754.189,2026-08-24 07:49:14.196,InnoDB,LOCK_SYS_PAGE,167,1,119
1787557754.189,2026-08-24 07:49:14.196,InnoDB,LOCK_SYS_PAGE,134,1,106
1787557754.189,2026-08-24 07:49:14.196,InnoDB,LOCK_SYS_PAGE,170,1,131
1787557754.189,2026-08-24 07:49:14.196,InnoDB,LOCK_SYS_PAGE,149,1,105
1787557754.189,2026-08-24 07:49:14.196,InnoDB,LOCK_SYS_PAGE,143,1,123
1787557754.189,2026-08-24 07:49:14.196,InnoDB,LOCK_SYS_PAGE,160,1,123
1787557754.189,2026-08-24 07:49:14.196,InnoDB,LOCK_SYS_PAGE,157,1,132
1787557754.189,2026-08-24 07:49:14.196,InnoDB,LOCK_SYS_PAGE,160,1,119
1787557754.189,2026-08-24 07:49:14.196,InnoDB,LOCK_SYS_TABLE,7483,1,7275
1787557754.189,2026-08-24 07:49:14.196,InnoDB,LOCK_SYS_PAGE,161,1,105
1787557754.189,2026-08-24 07:49:14.196,InnoDB,LOCK_SYS_PAGE,145,1,124
1787557754.189,2026-08-24 07:49:14.196,InnoDB,LOCK_SYS_PAGE,186,1,119
1787557754.189,2026-08-24 07:49:14.196,InnoDB,LOCK_SYS_PAGE,170,1,120
1787557754.189,2026-08-24 07:49:14.196,InnoDB,LOCK_SYS_PAGE,131,1,98
1787557754.189,2026-08-24 07:49:14.196,InnoDB,LOCK_SYS_PAGE,122,1,93
1787557754.189,2026-08-24 07:49:14.196,InnoDB,LOCK_SYS_PAGE,155,1,117
1787557754.189,2026-08-24 07:49:14.196,InnoDB,LOCK_SYS_PAGE,170,1,116
1787557754.189,2026-08-24 07:49:14.196,InnoDB,LOCK_SYS_PAGE,145,1,108
1787557754.189,2026-08-24 07:49:14.196,InnoDB,LOCK_SYS_PAGE,155,1,115
1787557754.189,2026-08-24 07:49:14.196,InnoDB,LOCK_SYS_PAGE,142,1,119
1787557754.189,2026-08-24 07:49:14.196,InnoDB,LOCK_SYS_TABLE,7430,1,6812
1787557754.189,2026-08-24 07:49:14.196,InnoDB,LOCK_SYS_PAGE,137,1,100
1787557754.189,2026-08-24 07:49:14.196,InnoDB,LOCK_SYS_PAGE,166,1,116
1787557754.189,2026-08-24 07:49:14.196,InnoDB,LOCK_SYS_PAGE,132,1,106
1787557754.189,2026-08-24 07:49:14.196,InnoDB,LOCK_SYS_PAGE,162,1,125
1787557754.189,2026-08-24 07:49:14.196,InnoDB,LOCK_SYS_PAGE,139,1,110
1787557754.189,2026-08-24 07:49:14.196,InnoDB,LOCK_SYS_PAGE,208,1,129
1787557754.189,2026-08-24 07:49:14.196,InnoDB,LOCK_SYS_PAGE,214,1,133
1787557754.189,2026-08-24 07:49:14.196,InnoDB,LOCK_SYS_PAGE,179,1,143
1787557754.189,2026-08-24 07:49:14.196,InnoDB,LOCK_SYS_PAGE,167,1,119
1787557754.189,2026-08-24 07:49:14.196,InnoDB,LOCK_SYS_PAGE,181,1,148
1787557754.189,2026-08-24 07:49:14.196,InnoDB,LOCK_SYS_PAGE,174,1,130
1787557754.189,2026-08-24 07:49:14.196,InnoDB,LOCK_SYS_PAGE,161,1,120
1787557754.189,2026-08-24 07:49:14.196,InnoDB,LOCK_SYS_PAGE,166,1,110
1787557754.189,2026-08-24 07:49:14.196,InnoDB,LOCK_SYS_PAGE,170,1,131
1787557754.189,2026-08-24 07:49:14.196,InnoDB,LOCK_SYS_PAGE,160,1,126
1787557754.189,2026-08-24 07:49:14.196,InnoDB,LOCK_SYS_PAGE,181,1,148
1787557754.189,2026-08-24 07:49:14.196,InnoDB,LOCK_SYS_PAGE,169,1,130
1787557754.189,2026-08-24 07:49:14.196,InnoDB,LOCK_SYS_PAGE,275,1,145
1787557754.189,2026-08-24 07:49:14.196,InnoDB,LOCK_SYS_PAGE,165,1,132
1787557754.189,2026-08-24 07:49:14.196,InnoDB,LOCK_SYS_PAGE,190,1,115
1787557754.189,2026-08-24 07:49:14.196,InnoDB,LOCK_SYS_PAGE,150,1,111
1787557754.189,2026-08-24 07:49:14.196,InnoDB,LOCK_SYS_PAGE,160,1,110
1787557754.189,2026-08-24 07:49:14.196,InnoDB,LOCK_SYS_PAGE,189,1,134
1787557754.189,2026-08-24 07:49:14.196,InnoDB,LOCK_SYS_PAGE,193,1,148
1787557754.189,2026-08-24 07:49:14.196,InnoDB,LOCK_SYS_PAGE,176,1,127
1787557754.189,2026-08-24 07:49:14.196,InnoDB,LOCK_SYS_PAGE,156,1,120
1787557754.189,2026-08-24 07:49:14.196,InnoDB,LOCK_SYS_PAGE,194,1,139
1787557754.189,2026-08-24 07:49:14.196,InnoDB,LOCK_SYS_PAGE,157,1,123
1787557754.189,2026-08-24 07:49:14.196,InnoDB,LOCK_SYS_PAGE,159,1,119
1787557754.189,2026-08-24 07:49:14.196,InnoDB,LOCK_SYS_PAGE,159,1,125
1787557754.189,2026-08-24 07:49:14.196,InnoDB,LOCK_SYS_PAGE,157,1,128
1787557754.189,2026-08-24 07:49:14.196,InnoDB,LOCK_SYS_PAGE,157,1,107
1787557754.189,2026-08-24 07:49:14.196,InnoDB,LOCK_SYS_PAGE,130,1,101
1787557754.189,2026-08-24 07:49:14.196,InnoDB,LOCK_SYS_PAGE,148,1,112
1787557754.189,2026-08-24 07:49:14.196,InnoDB,LOCK_SYS_PAGE,133,1,96
1787557754.189,2026-08-24 07:49:14.196,InnoDB,LOCK_SYS_PAGE,161,1,127
1787557754.189,2026-08-24 07:49:14.196,InnoDB,LOCK_SYS_PAGE,134,1,106
1787557754.189,2026-08-24 07:49:14.196,InnoDB,LOCK_SYS_PAGE,159,1,132
1787557754.189,2026-08-24 07:49:14.196,InnoDB,LOCK_SYS_PAGE,158,1,115
1787557754.189,2026-08-24 07:49:14.196,InnoDB,LOCK_SYS_PAGE,180,1,121
1787557754.189,2026-08-24 07:49:14.196,InnoDB,LOCK_SYS_PAGE,143,1,119
1787557754.189,2026-08-24 07:49:14.196,InnoDB,LOCK_SYS_PAGE,118,1,90
1787557754.189,2026-08-24 07:49:14.196,InnoDB,LOCK_SYS_PAGE,165,1,124
1787557754.189,2026-08-24 07:49:14.196,InnoDB,LOCK_SYS_PAGE,145,1,117
1787557754.189,2026-08-24 07:49:14.196,InnoDB,LOCK_SYS_PAGE,179,1,111
1787557754.189,2026-08-24 07:49:14.196,InnoDB,LOCK_SYS_PAGE,94,0,92
1787557754.189,2026-08-24 07:49:14.196,InnoDB,LOCK_SYS_PAGE,136,0,130
1787557754.189,2026-08-24 07:49:14.196,InnoDB,LOCK_SYS_PAGE,130,0,111
1787557754.189,2026-08-24 07:49:14.196,InnoDB,LOCK_SYS_PAGE,142,0,112
1787557754.189,2026-08-24 07:49:14.196,InnoDB,LOCK_SYS_PAGE,145,0,122
1787557754.189,2026-08-24 07:49:14.196,InnoDB,LOCK_SYS_PAGE,170,0,132
1787557754.189,2026-08-24 07:49:14.196,InnoDB,LOCK_SYS_PAGE,119,0,117
1787557754.189,2026-08-24 07:49:14.196,InnoDB,LOCK_SYS_PAGE,125,0,113
1787557754.189,2026-08-24 07:49:14.196,InnoDB,LOCK_SYS_PAGE,125,0,103
1787557754.189,2026-08-24 07:49:14.196,InnoDB,LOCK_SYS_PAGE,184,0,114
1787557754.189,2026-08-24 07:49:14.196,InnoDB,LOCK_SYS_PAGE,146,0,147
1787557754.189,2026-08-24 07:49:14.196,InnoDB,LOCK_SYS_PAGE,168,0,135
1787557754.189,2026-08-24 07:49:14.196,InnoDB,LOCK_SYS_PAGE,136,0,110
1787557754.189,2026-08-24 07:49:14.196,InnoDB,LOCK_SYS_PAGE,129,0,119
1787557754.189,2026-08-24 07:49:14.196,InnoDB,LOCK_SYS_PAGE,105,0,115
1787557754.189,2026-08-24 07:49:14.196,InnoDB,LOCK_SYS_PAGE,128,0,114
1787557754.189,2026-08-24 07:49:14.196,InnoDB,LOCK_SYS_PAGE,112,0,113
1787557754.189,2026-08-24 07:49:14.196,InnoDB,LOCK_SYS_PAGE,140,0,133
1787557754.189,2026-08-24 07:49:14.196,InnoDB,LOCK_SYS_PAGE,133,0,108
1787557754.189,2026-08-24 07:49:14.196,InnoDB,LOCK_SYS_PAGE,96,0,99
1787557754.189,2026-08-24 07:49:14.196,InnoDB,LOCK_SYS_PAGE,132,0,121
1787557754.189,2026-08-24 07:49:14.196,InnoDB,LOCK_SYS_PAGE,153,0,127
1787557754.189,2026-08-24 07:49:14.196,InnoDB,LOCK_SYS_PAGE,124,0,132
1787557754.189,2026-08-24 07:49:14.196,InnoDB,LOCK_SYS_PAGE,106,0,103
1787557754.189,2026-08-24 07:49:14.196,InnoDB,LOCK_SYS_PAGE,152,0,117
1787557754.189,2026-08-24 07:49:14.196,InnoDB,LOCK_SYS_PAGE,113,0,116
1787557754.189,2026-08-24 07:49:14.196,InnoDB,LOCK_SYS_PAGE,116,0,117
1787557754.189,2026-08-24 07:49:14.196,InnoDB,LOCK_SYS_PAGE,114,0,97
1787557754.189,2026-08-24 07:49:14.196,InnoDB,LOCK_SYS_PAGE,127,0,131
1787557754.189,2026-08-24 07:49:14.196,InnoDB,LOCK_SYS_PAGE,154,0,136
1787557754.189,2026-08-24 07:49:14.196,InnoDB,LOCK_SYS_PAGE,135,0,121
1787557754.189,2026-08-24 07:49:14.196,InnoDB,LOCK_SYS_PAGE,136,0,127
1787557754.189,2026-08-24 07:49:14.196,InnoDB,LOCK_SYS_PAGE,124,0,125
1787557754.189,2026-08-24 07:49:14.196,InnoDB,LOCK_SYS_PAGE,162,0,127
1787557754.189,2026-08-24 07:49:14.196,InnoDB,LOCK_SYS_PAGE,130,0,125
1787557754.189,2026-08-24 07:49:14.196,InnoDB,LOCK_SYS_PAGE,108,0,91
1787557754.189,2026-08-24 07:49:14.196,InnoDB,LOCK_SYS_PAGE,129,0,131
1787557754.189,2026-08-24 07:49:14.196,InnoDB,LOCK_SYS_PAGE,98,0,95
1787557754.189,2026-08-24 07:49:14.196,InnoDB,LOCK_SYS_PAGE,144,0,112
1787557754.189,2026-08-24 07:49:14.196,InnoDB,LOCK_SYS_PAGE,137,0,135
1787557754.189,2026-08-24 07:49:14.196,InnoDB,LOCK_SYS_PAGE,136,0,131
1787557754.189,2026-08-24 07:49:14.196,InnoDB,LOCK_SYS_PAGE,120,0,103
1787557754.189,2026-08-24 07:49:14.196,InnoDB,LOCK_SYS_PAGE,95,0,97
1787557754.189,2026-08-24 07:49:14.196,InnoDB,LOCK_SYS_PAGE,120,0,135
1787557754.189,2026-08-24 07:49:14.196,InnoDB,LOCK_SYS_PAGE,145,0,139
1787557754.189,2026-08-24 07:49:14.196,InnoDB,LOCK_SYS_PAGE,92,0,91
1787557754.189,2026-08-24 07:49:14.196,InnoDB,LOCK_SYS_PAGE,137,0,141
1787557754.189,2026-08-24 07:49:14.196,InnoDB,LOCK_SYS_PAGE,126,0,133
1787557754.189,2026-08-24 07:49:14.196,InnoDB,LOCK_SYS_PAGE,134,0,143
1787557754.189,2026-08-24 07:49:14.196,InnoDB,LOCK_SYS_PAGE,120,0,112
1787557754.189,2026-08-24 07:49:14.196,InnoDB,LOCK_SYS_PAGE,119,0,117
1787557754.189,2026-08-24 07:49:14.196,InnoDB,LOCK_SYS_PAGE,174,0,157
1787557754.189,2026-08-24 07:49:14.196,InnoDB,LOCK_SYS_PAGE,123,0,117
1787557754.189,2026-08-24 07:49:14.196,InnoDB,LOCK_SYS_PAGE,104,0,97
1787557754.189,2026-08-24 07:49:14.196,InnoDB,LOCK_SYS_PAGE,137,0,109
1787557754.189,2026-08-24 07:49:14.196,InnoDB,LOCK_SYS_PAGE,128,0,118
1787557754.189,2026-08-24 07:49:14.196,InnoDB,LOCK_SYS_PAGE,140,0,142
1787557754.189,2026-08-24 07:49:14.196,InnoDB,LOCK_SYS_PAGE,161,0,124
1787557754.189,2026-08-24 07:49:14.196,InnoDB,LOCK_SYS_PAGE,121,0,110
1787557754.189,2026-08-24 07:49:14.196,InnoDB,LOCK_SYS_PAGE,120,0,115
1787557754.189,2026-08-24 07:49:14.196,InnoDB,LOCK_SYS_PAGE,128,0,126
1787557754.189,2026-08-24 07:49:14.196,InnoDB,LOCK_SYS_PAGE,125,0,127
1787557754.189,2026-08-24 07:49:14.196,InnoDB,LOCK_SYS_PAGE,144,0,138
1787557754.189,2026-08-24 07:49:14.196,InnoDB,LOCK_SYS_PAGE,109,0,129
1787557754.189,2026-08-24 07:49:14.196,InnoDB,LOCK_SYS_PAGE,110,0,114
1787557754.189,2026-08-24 07:49:14.196,InnoDB,LOCK_SYS_PAGE,117,0,128
1787557754.189,2026-08-24 07:49:14.196,InnoDB,LOCK_SYS_PAGE,151,0,128
1787557754.189,2026-08-24 07:49:14.196,InnoDB,LOCK_SYS_PAGE,121,0,108
1787557754.189,2026-08-24 07:49:14.196,InnoDB,LOCK_SYS_PAGE,138,0,105
1787557754.189,2026-08-24 07:49:14.196,InnoDB,LOCK_SYS_PAGE,153,0,136
1787557754.189,2026-08-24 07:49:14.196,InnoDB,LOCK_SYS_PAGE,138,0,137
1787557754.189,2026-08-24 07:49:14.196,InnoDB,LOCK_SYS_PAGE,132,0,114
1787557754.189,2026-08-24 07:49:14.196,InnoDB,LOCK_SYS_PAGE,105,0,101
1787557754.189,2026-08-24 07:49:14.196,InnoDB,LOCK_SYS_PAGE,96,0,98
1787557754.189,2026-08-24 07:49:14.196,InnoDB,LOCK_SYS_PAGE,120,0,117
1787557754.189,2026-08-24 07:49:14.196,InnoDB,LOCK_SYS_PAGE,109,0,117
1787557754.189,2026-08-24 07:49:14.196,InnoDB,LOCK_SYS_PAGE,119,0,118
1787557754.189,2026-08-24 07:49:14.196,InnoDB,LOCK_SYS_PAGE,109,0,112
1787557754.189,2026-08-24 07:49:14.196,InnoDB,LOCK_SYS_PAGE,111,0,107
1787557754.189,2026-08-24 07:49:14.196,InnoDB,LOCK_SYS_PAGE,102,0,100
1787557754.189,2026-08-24 07:49:14.196,InnoDB,LOCK_SYS_PAGE,101,0,102
1787557754.189,2026-08-24 07:49:14.196,InnoDB,LOCK_SYS_PAGE,145,0,122
1787557754.189,2026-08-24 07:49:14.196,InnoDB,LOCK_SYS_PAGE,137,0,133
1787557754.189,2026-08-24 07:49:14.196,InnoDB,LOCK_SYS_PAGE,143,0,114
1787557754.189,2026-08-24 07:49:14.196,InnoDB,LOCK_SYS_PAGE,96,0,102
1787557754.189,2026-08-24 07:49:14.196,InnoDB,LOCK_SYS_PAGE,143,0,128
1787557754.189,2026-08-24 07:49:14.196,InnoDB,LOCK_SYS_PAGE,130,0,134
1787557754.189,2026-08-24 07:49:14.196,InnoDB,LOCK_SYS_PAGE,133,0,107
1787557754.189,2026-08-24 07:49:14.196,InnoDB,LOCK_SYS_PAGE,100,0,94
1787557754.189,2026-08-24 07:49:14.196,InnoDB,LOCK_SYS_PAGE,108,0,109
1787557754.189,2026-08-24 07:49:14.196,InnoDB,LOCK_SYS_PAGE,157,0,110
1787557754.189,2026-08-24 07:49:14.196,InnoDB,LOCK_SYS_PAGE,129,0,124
1787557754.189,2026-08-24 07:49:14.196,InnoDB,LOCK_SYS_PAGE,151,0,120
1787557754.189,2026-08-24 07:49:14.196,InnoDB,LOCK_SYS_PAGE,104,0,94
1787557754.189,2026-08-24 07:49:14.196,InnoDB,LOCK_SYS_PAGE,125,0,122
1787557754.189,2026-08-24 07:49:14.196,InnoDB,LOCK_SYS_PAGE,126,0,113
1787557754.189,2026-08-24 07:49:14.196,InnoDB,LOCK_SYS_PAGE,151,0,131
1787557754.189,2026-08-24 07:49:14.196,InnoDB,LOCK_SYS_PAGE,88,0,92
1787557754.189,2026-08-24 07:49:14.196,InnoDB,LOCK_SYS_PAGE,165,0,128
1787557754.189,2026-08-24 07:49:14.196,InnoDB,LOCK_SYS_PAGE,106,0,111
1787557754.189,2026-08-24 07:49:14.196,InnoDB,LOCK_SYS_PAGE,113,0,111
1787557754.189,2026-08-24 07:49:14.196,InnoDB,LOCK_SYS_PAGE,127,0,122
1787557754.189,2026-08-24 07:49:14.196,InnoDB,LOCK_SYS_PAGE,104,0,101
1787557754.189,2026-08-24 07:49:14.196,InnoDB,LOCK_SYS_PAGE,121,0,111
1787557754.189,2026-08-24 07:49:14.196,InnoDB,LOCK_SYS_PAGE,157,0,135
1787557754.189,2026-08-24 07:49:14.196,InnoDB,LOCK_SYS_PAGE,159,0,129
1787557754.189,2026-08-24 07:49:14.196,InnoDB,LOCK_SYS_PAGE,144,0,132
1787557754.189,2026-08-24 07:49:14.196,InnoDB,LOCK_SYS_PAGE,122,0,112
1787557754.189,2026-08-24 07:49:14.196,InnoDB,LOCK_SYS_PAGE,120,0,123
1787557754.189,2026-08-24 07:49:14.196,InnoDB,TRX_SYS_SHARD,12,0,2
1787557754.189,2026-08-24 07:49:14.196,InnoDB,TRX_SYS_SHARD,1,0,1
1787557754.189,2026-08-24 07:49:14.196,InnoDB,TRX_SYS_SHARD,2,0,1
1787557754.189,2026-08-24 07:49:14.196,InnoDB,TRX_SYS_SHARD,1,0,1
1787557754.189,2026-08-24 07:49:14.196,InnoDB,TRX_SYS_SHARD,1,0,1
1787557754.189,2026-08-24 07:49:14.196,InnoDB,TRX_SYS_SHARD,1,0,1
1787557754.189,2026-08-24 07:49:14.196,InnoDB,TRX_SYS_SHARD,2,0,1
1787557754.189,2026-08-24 07:49:14.196,InnoDB,TRX_SYS_SHARD,2,0,1
1787557754.189,2026-08-24 07:49:14.196,InnoDB,TRX_SYS_SHARD,3,0,1
1787557754.189,2026-08-24 07:49:14.196,InnoDB,TRX_SYS_SHARD,1,0,1
1787557754.189,2026-08-24 07:49:14.196,InnoDB,TRX_SYS_SHARD,1,0,1
1787557754.189,2026-08-24 07:49:14.196,InnoDB,TRX_SYS_SHARD,1,0,1
1787557754.189,2026-08-24 07:49:14.196,InnoDB,TRX_SYS_SHARD,1,0,1
1787557754.189,2026-08-24 07:49:14.196,InnoDB,TRX_SYS_SHARD,1,0,1
1787557754.189,2026-08-24 07:49:14.196,InnoDB,TRX_SYS_SHARD,22,0,1
1787557754.189,2026-08-24 07:49:14.196,InnoDB,TRX_SYS_SHARD,1,0,1
1787557754.189,2026-08-24 07:49:14.196,InnoDB,TRX_SYS_SHARD,2,0,2
1787557754.189,2026-08-24 07:49:14.196,InnoDB,TRX_SYS_SHARD,1,0,1
1787557754.189,2026-08-24 07:49:14.196,InnoDB,TRX_SYS_SHARD,1,0,1
1787557754.189,2026-08-24 07:49:14.196,InnoDB,TRX_SYS_SHARD,1,0,1
1787557754.189,2026-08-24 07:49:14.196,InnoDB,TRX_SYS_SHARD,2,0,1
1787557754.189,2026-08-24 07:49:14.196,InnoDB,TRX_SYS_SHARD,1,0,1
1787557754.189,2026-08-24 07:49:14.196,InnoDB,TRX,1,0,1
1787557754.189,2026-08-24 07:49:14.196,InnoDB,TRX,2,0,1
1787557754.189,2026-08-24 07:49:14.196,InnoDB,TRX,2,0,2
1787557754.189,2026-08-24 07:49:14.196,InnoDB,TRX,1,0,1
1787557754.189,2026-08-24 07:49:14.196,InnoDB,FIL_SHARD,104,0,127
1787557754.189,2026-08-24 07:49:14.196,InnoDB,TRX_SYS_SHARD,1,0,1
1787557754.189,2026-08-24 07:49:14.196,InnoDB,TRX_SYS_SHARD,2,0,1
1787557754.189,2026-08-24 07:49:14.196,InnoDB,TRX_SYS_SHARD,1,0,1
1787557754.189,2026-08-24 07:49:14.196,InnoDB,TRX_SYS_SHARD,1,0,2
1787557754.189,2026-08-24 07:49:14.196,InnoDB,TRX_SYS_SHARD,1,0,1
1787557754.189,2026-08-24 07:49:14.196,InnoDB,TRX_SYS_SHARD,2,0,1
1787557754.189,2026-08-24 07:49:14.196,InnoDB,TRX_SYS_SHARD,1,0,1
1787557754.189,2026-08-24 07:49:14.196,InnoDB,TRX_SYS_SHARD,1,0,1
1787557754.189,2026-08-24 07:49:14.196,InnoDB,TRX_SYS_SHARD,2,0,1
1787557754.189,2026-08-24 07:49:14.196,InnoDB,TRX_SYS_SHARD,1,0,1
1787557754.189,2026-08-24 07:49:14.196,InnoDB,TRX_SYS_SHARD,1,0,1
1787557754.189,2026-08-24 07:49:14.196,InnoDB,TRX_SYS_SHARD,1,0,1
1787557754.189,2026-08-24 07:49:14.196,InnoDB,TRX_SYS_SHARD,2,0,1
1787557754.189,2026-08-24 07:49:14.196,InnoDB,TRX_SYS_SHARD,1,0,1
1787557754.189,2026-08-24 07:49:14.196,InnoDB,TRX_SYS_SHARD,1,0,1
1787557754.189,2026-08-24 07:49:14.196,InnoDB,TRX_SYS_SHARD,2,0,2
1787557754.189,2026-08-24 07:49:14.196,InnoDB,TRX_SYS_SHARD,4,0,3
1787557754.189,2026-08-24 07:49:14.196,InnoDB,TRX_SYS_SHARD,1,0,1
1787557754.189,2026-08-24 07:49:14.196,InnoDB,TRX_SYS_SHARD,1,0,1
1787557754.189,2026-08-24 07:49:14.196,InnoDB,TRX_SYS_SHARD,1,0,1
1787557754.189,2026-08-24 07:49:14.196,InnoDB,TRX_SYS_SHARD,2,0,1
1787557754.189,2026-08-24 07:49:14.196,InnoDB,TRX_SYS_SHARD,2,0,2
1787557754.189,2026-08-24 07:49:14.196,InnoDB,TRX_SYS_SHARD,1,0,1
1787557754.189,2026-08-24 07:49:14.196,InnoDB,TRX_SYS_SHARD,1,0,1
1787557754.189,2026-08-24 07:49:14.196,InnoDB,TRX_SYS_SHARD,2,0,2
1787557754.189,2026-08-24 07:49:14.196,InnoDB,TRX_SYS_SHARD,2,0,1
1787557754.189,2026-08-24 07:49:14.196,InnoDB,TRX_SYS_SHARD,1,0,1
1787557754.189,2026-08-24 07:49:14.196,InnoDB,TRX_SYS_SHARD,1,0,1
1787557754.189,2026-08-24 07:49:14.196,InnoDB,TRX_SYS_SHARD,2,0,1
1787557754.189,2026-08-24 07:49:14.196,InnoDB,TRX_SYS_SHARD,1,0,1
1787557754.189,2026-08-24 07:49:14.196,InnoDB,TRX_SYS_SHARD,2,0,2
1787557754.189,2026-08-24 07:49:14.196,InnoDB,FIL_SHARD,10,0,14
1787557754.189,2026-08-24 07:49:14.196,InnoDB,FIL_SHARD,51,0,55
1787557754.189,2026-08-24 07:49:14.196,InnoDB,SRV_SYS_TASKS,277763,0,289087
1787557754.189,2026-08-24 07:49:14.196,InnoDB,AUTOINC,1,0,1
1787557754.189,2026-08-24 07:49:14.196,InnoDB,TRX_SYS_SHARD,1,0,1
1787557754.189,2026-08-24 07:49:14.196,InnoDB,TRX_SYS_SHARD,1,0,1
1787557754.189,2026-08-24 07:49:14.196,InnoDB,TRX_SYS_SHARD,1,0,1
1787557754.189,2026-08-24 07:49:14.196,InnoDB,TRX_SYS_SHARD,1,0,1
1787557754.189,2026-08-24 07:49:14.196,InnoDB,TRX_SYS_SHARD,1,0,1
1787557754.189,2026-08-24 07:49:14.196,InnoDB,TRX_SYS_SHARD,4,0,3
1787557754.189,2026-08-24 07:49:14.196,InnoDB,TRX_SYS_SHARD,1,0,1
1787557754.189,2026-08-24 07:49:14.196,InnoDB,TRX_SYS_SHARD,1,0,1
1787557754.189,2026-08-24 07:49:14.196,InnoDB,TRX_SYS_SHARD,1,0,1
1787557754.189,2026-08-24 07:49:14.196,InnoDB,TRX_SYS_SHARD,3,0,2
1787557754.189,2026-08-24 07:49:14.196,InnoDB,TRX,1,0,1
1787557754.189,2026-08-24 07:49:14.196,InnoDB,TRX_SYS_SHARD,1,0,1
1787557754.189,2026-08-24 07:49:14.196,InnoDB,TRX_SYS_SHARD,1,0,1
1787557754.189,2026-08-24 07:49:14.196,InnoDB,TRX_SYS_SHARD,4,0,3
1787557754.189,2026-08-24 07:49:14.196,InnoDB,TRX_SYS_SHARD,2,0,1
1787557754.189,2026-08-24 07:49:14.196,InnoDB,TRX_SYS_SHARD,3,0,3
1787557754.189,2026-08-24 07:49:14.196,InnoDB,TRX_SYS_SHARD,1,0,1
1787557754.189,2026-08-24 07:49:14.196,InnoDB,TRX_SYS_SHARD,1,0,1
1787557754.189,2026-08-24 07:49:14.196,InnoDB,TRX_SYS_SHARD,1,0,1
1787557754.189,2026-08-24 07:49:14.196,InnoDB,TRX_SYS_SHARD,4,0,2
1787557754.189,2026-08-24 07:49:14.196,InnoDB,LOCK_SYS_PAGE,122,0,130
1787557754.189,2026-08-24 07:49:14.196,InnoDB,LOCK_SYS_PAGE,141,0,137
1787557754.189,2026-08-24 07:49:14.196,InnoDB,LOCK_SYS_PAGE,110,0,103
1787557754.189,2026-08-24 07:49:14.196,InnoDB,LOCK_SYS_PAGE,157,0,146
1787557754.189,2026-08-24 07:49:14.196,InnoDB,LOCK_SYS_PAGE,142,0,145
1787557754.189,2026-08-24 07:49:14.196,InnoDB,LOCK_SYS_PAGE,148,0,130
1787557754.189,2026-08-24 07:49:14.196,InnoDB,LOCK_SYS_PAGE,139,0,133
1787557754.189,2026-08-24 07:49:14.196,InnoDB,LOCK_SYS_PAGE,144,0,111
1787557754.189,2026-08-24 07:49:14.196,InnoDB,LOCK_SYS_PAGE,149,0,151
1787557754.189,2026-08-24 07:49:14.196,InnoDB,LOCK_SYS_PAGE,152,0,128
1787557754.189,2026-08-24 07:49:14.196,InnoDB,LOCK_SYS_PAGE,131,0,99
1787557754.189,2026-08-24 07:49:14.196,InnoDB,LOCK_SYS_PAGE,140,0,106
1787557754.189,2026-08-24 07:49:14.196,InnoDB,LOCK_SYS_PAGE,171,0,116
1787557754.189,2026-08-24 07:49:14.196,InnoDB,LOCK_SYS_PAGE,129,0,129
1787557754.189,2026-08-24 07:49:14.196,InnoDB,LOCK_SYS_PAGE,116,0,110
1787557754.189,2026-08-24 07:49:14.196,InnoDB,LOCK_SYS_PAGE,118,0,117
1787557754.189,2026-08-24 07:49:14.196,InnoDB,LOCK_SYS_PAGE,135,0,134
1787557754.189,2026-08-24 07:49:14.196,InnoDB,FIL_SHARD,20,0,32
1787557754.189,2026-08-24 07:49:14.196,InnoDB,FIL_SHARD,13,0,16
1787557754.189,2026-08-24 07:49:14.196,InnoDB,FIL_SHARD,14,0,33
1787557754.189,2026-08-24 07:49:14.196,InnoDB,FIL_SHARD,43,0,66
1787557754.189,2026-08-24 07:49:14.196,InnoDB,LOCK_SYS_PAGE,112,0,108
1787557754.189,2026-08-24 07:49:14.196,InnoDB,LOCK_SYS_PAGE,133,0,129
1787557754.189,2026-08-24 07:49:14.196,InnoDB,LOCK_SYS_PAGE,133,0,122
1787557754.189,2026-08-24 07:49:14.196,InnoDB,LOCK_SYS_PAGE,123,0,113
1787557754.189,2026-08-24 07:49:14.196,InnoDB,LOCK_SYS_PAGE,142,0,122
1787557754.189,2026-08-24 07:49:14.196,InnoDB,LOCK_SYS_PAGE,168,0,135
1787557754.189,2026-08-24 07:49:14.196,InnoDB,LOCK_SYS_PAGE,148,0,115
1787557754.189,2026-08-24 07:49:14.196,InnoDB,LOCK_SYS_PAGE,142,0,124
1787557754.189,2026-08-24 07:49:14.196,InnoDB,LOCK_SYS_PAGE,115,0,118
1787557754.189,2026-08-24 07:49:14.196,InnoDB,LOCK_SYS_PAGE,109,0,114
1787557754.189,2026-08-24 07:49:14.196,InnoDB,FIL_SHARD,7,0,16
1787557754.189,2026-08-24 07:49:14.196,InnoDB,LOCK_SYS_PAGE,117,0,118
1787557754.189,2026-08-24 07:49:14.196,InnoDB,LOCK_SYS_PAGE,112,0,120
1787557754.189,2026-08-24 07:49:14.196,InnoDB,LOCK_SYS_PAGE,132,0,139
1787557754.189,2026-08-24 07:49:14.196,InnoDB,LOCK_SYS_PAGE,158,0,120
1787557754.189,2026-08-24 07:49:14.196,InnoDB,LOCK_SYS_PAGE,122,0,109
1787557754.189,2026-08-24 07:49:14.196,InnoDB,LOCK_SYS_PAGE,167,0,109
1787557754.189,2026-08-24 07:49:14.196,InnoDB,LOCK_SYS_PAGE,178,0,134
1787557754.189,2026-08-24 07:49:14.196,InnoDB,LOCK_SYS_PAGE,110,0,108
1787557754.189,2026-08-24 07:49:14.196,InnoDB,LOCK_SYS_PAGE,120,0,115
1787557754.189,2026-08-24 07:49:14.196,InnoDB,FIL_SHARD,45,0,71
1787557754.189,2026-08-24 07:49:14.196,InnoDB,FIL_SHARD,7,0,12
1787557754.189,2026-08-24 07:49:14.196,InnoDB,FIL_SHARD,21,0,25
1787557754.189,2026-08-24 07:49:14.196,InnoDB,FIL_SHARD,6,0,8
1787557754.189,2026-08-24 07:49:14.196,InnoDB,FIL_SHARD,16,0,22
1787557754.189,2026-08-24 07:49:14.196,InnoDB,FIL_SHARD,40,0,68
1787557754.189,2026-08-24 07:49:14.196,InnoDB,FIL_SHARD,44,0,46
1787557754.189,2026-08-24 07:49:14.196,InnoDB,FIL_SHARD,11,0,20
1787557754.189,2026-08-24 07:49:14.196,InnoDB,FIL_SHARD,13,0,26
1787557754.189,2026-08-24 07:49:14.196,InnoDB,FIL_SHARD,57,0,71
1787557754.189,2026-08-24 07:49:14.196,InnoDB,FIL_SHARD,35,0,45
1787557754.189,2026-08-24 07:49:14.196,InnoDB,FIL_SHARD,6,0,13
1787557754.189,2026-08-24 07:49:14.196,InnoDB,FIL_SHARD,46,0,54
1787557754.189,2026-08-24 07:49:14.196,InnoDB,FIL_SHARD,22,0,33
1787557754.189,2026-08-24 07:49:14.196,InnoDB,FIL_SHARD,21,0,29
1787557754.189,2026-08-24 07:49:14.196,InnoDB,FIL_SHARD,38,0,55
1787557754.189,2026-08-24 07:49:14.196,InnoDB,FIL_SHARD,19,0,36
1787557754.189,2026-08-24 07:49:14.196,InnoDB,FIL_SHARD,40,0,79
1787557754.189,2026-08-24 07:49:14.196,InnoDB,FIL_SHARD,128,0,153
1787557754.189,2026-08-24 07:49:14.196,InnoDB,RW_LOCK_LIST,1,0,1
1787557754.189,2026-08-24 07:49:14.196,InnoDB,TRX_POOL_MANAGER,7,0,5
1787557754.189,2026-08-24 07:49:14.196,InnoDB,FIL_SHARD,13,0,23
1787557754.189,2026-08-24 07:49:14.196,InnoDB,FIL_SHARD,12,0,18
1787557754.189,2026-08-24 07:49:14.196,InnoDB,FIL_SHARD,14,0,26
1787557754.189,2026-08-24 07:49:14.196,InnoDB,FIL_SHARD,14,0,27
1787557754.189,2026-08-24 07:49:14.196,InnoDB,FIL_SHARD,9,0,23
1787557754.189,2026-08-24 07:49:14.196,InnoDB,FIL_SHARD,5,0,11
1787557754.189,2026-08-24 07:49:14.196,InnoDB,FIL_SHARD,8,0,16
1787557754.189,2026-08-24 07:49:14.196,InnoDB,FIL_SHARD,6,0,13
1787557754.189,2026-08-24 07:49:14.196,InnoDB,FIL_SHARD,8,0,8
1787557754.189,2026-08-24 07:49:14.196,InnoDB,FIL_SHARD,6,0,13
1787557754.189,2026-08-24 07:49:14.196,InnoDB,LOCK_SYS_PAGE,135,0,133
1787557754.189,2026-08-24 07:49:14.196,InnoDB,FIL_SHARD,12,0,17
1787557754.189,2026-08-24 07:49:14.196,InnoDB,FIL_SHARD,13,0,14
1787557754.189,2026-08-24 07:49:14.196,InnoDB,FIL_SHARD,3,0,8
1787557754.189,2026-08-24 07:49:14.196,InnoDB,FIL_SHARD,16,0,24
1787557754.189,2026-08-24 07:49:14.196,InnoDB,FIL_SHARD,8,0,20
1787557754.189,2026-08-24 07:49:14.196,InnoDB,FIL_SHARD,9,0,16
1787557754.189,2026-08-24 07:49:14.196,InnoDB,FIL_SHARD,40,0,44
1787557754.189,2026-08-24 07:49:14.196,InnoDB,FIL_SHARD,10,0,13
1787557754.189,2026-08-24 07:49:14.196,InnoDB,FIL_SHARD,10,0,16
1787557754.189,2026-08-24 07:49:14.196,InnoDB,LOCK_SYS_PAGE,107,0,109
1787557754.189,2026-08-24 07:49:14.196,InnoDB,LOCK_SYS_PAGE,130,0,125
1787557754.189,2026-08-24 07:49:14.196,InnoDB,LOCK_SYS_PAGE,108,0,110
1787557754.189,2026-08-24 07:49:14.196,InnoDB,LOCK_SYS_PAGE,120,0,112
1787557754.189,2026-08-24 07:49:14.196,InnoDB,LOCK_SYS_PAGE,135,0,124
1787557754.189,2026-08-24 07:49:14.196,InnoDB,LOCK_SYS_PAGE,114,0,110
1787557754.189,2026-08-24 07:49:14.196,InnoDB,LOCK_SYS_PAGE,103,0,102
1787557754.189,2026-08-24 07:49:14.196,InnoDB,LOCK_SYS_PAGE,110,0,121
1787557754.189,2026-08-24 07:49:14.196,InnoDB,LOCK_SYS_PAGE,119,0,104
1787557754.189,2026-08-24 07:49:14.196,InnoDB,LOCK_SYS_PAGE,120,0,118
1787557754.189,2026-08-24 07:49:14.196,InnoDB,LOCK_SYS_PAGE,116,0,118
1787557754.189,2026-08-24 07:49:14.196,InnoDB,LOCK_SYS_PAGE,121,0,133
1787557754.189,2026-08-24 07:49:14.196,InnoDB,LOCK_SYS_PAGE,97,0,105
1787557754.189,2026-08-24 07:49:14.196,InnoDB,LOCK_SYS_PAGE,124,0,118
1787557754.189,2026-08-24 07:49:14.196,InnoDB,LOCK_SYS_PAGE,126,0,131
1787557754.189,2026-08-24 07:49:14.196,InnoDB,LOCK_SYS_PAGE,118,0,120
1787557754.189,2026-08-24 07:49:14.196,InnoDB,LOCK_SYS_PAGE,161,0,122
1787557754.189,2026-08-24 07:49:14.196,InnoDB,LOCK_SYS_PAGE,140,0,133
1787557754.189,2026-08-24 07:49:14.196,InnoDB,LOCK_SYS_PAGE,115,0,110
1787557754.189,2026-08-24 07:49:14.196,InnoDB,LOCK_SYS_PAGE,116,0,112
1787557754.189,2026-08-24 07:49:14.196,InnoDB,LOCK_SYS_PAGE,109,0,110
1787557754.189,2026-08-24 07:49:14.196,InnoDB,LOCK_SYS_PAGE,127,0,126
1787557754.189,2026-08-24 07:49:14.196,InnoDB,LOCK_SYS_PAGE,132,0,124
1787557754.189,2026-08-24 07:49:14.196,InnoDB,LOCK_SYS_PAGE,128,0,125
1787557754.189,2026-08-24 07:49:14.196,InnoDB,LOCK_SYS_PAGE,88,0,86
1787557754.189,2026-08-24 07:49:14.196,InnoDB,LOCK_SYS_PAGE,105,0,112
1787557754.189,2026-08-24 07:49:14.196,InnoDB,LOCK_SYS_PAGE,121,0,116
1787557754.189,2026-08-24 07:49:14.196,InnoDB,LOCK_SYS_PAGE,101,0,106
1787557754.189,2026-08-24 07:49:14.196,InnoDB,LOCK_SYS_PAGE,131,0,125
1787557754.189,2026-08-24 07:49:14.196,InnoDB,LOCK_SYS_PAGE,108,0,109
1787557754.189,2026-08-24 07:49:14.196,InnoDB,LOCK_SYS_PAGE,108,0,109
1787557754.189,2026-08-24 07:49:14.196,InnoDB,LOCK_SYS_PAGE,99,0,100
1787557754.189,2026-08-24 07:49:14.196,InnoDB,LOCK_SYS_PAGE,165,0,112
1787557754.189,2026-08-24 07:49:14.196,InnoDB,LOCK_SYS_PAGE,137,0,132
1787557754.189,2026-08-24 07:49:14.196,InnoDB,LOCK_SYS_PAGE,147,0,131
1787557754.189,2026-08-24 07:49:14.196,InnoDB,LOCK_SYS_PAGE,129,0,113
1787557754.189,2026-08-24 07:49:14.196,InnoDB,LOCK_SYS_PAGE,131,0,137
1787557754.189,2026-08-24 07:49:14.196,InnoDB,LOCK_SYS_PAGE,107,0,112
1787557754.189,2026-08-24 07:49:14.196,InnoDB,LOCK_SYS_PAGE,131,0,108
1787557754.189,2026-08-24 07:49:14.196,InnoDB,LOCK_SYS_PAGE,110,0,100
1787557754.189,2026-08-24 07:49:14.196,InnoDB,LOCK_SYS_PAGE,142,0,133
1787557754.189,2026-08-24 07:49:14.196,InnoDB,LOCK_SYS_PAGE,101,0,103
1787557754.189,2026-08-24 07:49:14.196,InnoDB,LOCK_SYS_PAGE,137,0,123
1787557754.189,2026-08-24 07:49:14.196,InnoDB,LOCK_SYS_PAGE,110,0,116
1787557754.189,2026-08-24 07:49:14.196,InnoDB,LOCK_SYS_PAGE,119,0,109
1787557754.189,2026-08-24 07:49:14.196,InnoDB,LOCK_SYS_PAGE,135,0,140
1787557754.189,2026-08-24 07:49:14.196,InnoDB,LOCK_SYS_PAGE,119,0,114
1787557754.189,2026-08-24 07:49:14.196,InnoDB,LOCK_SYS_PAGE,136,0,129
1787557754.189,2026-08-24 07:49:14.196,InnoDB,LOCK_SYS_PAGE,122,0,118
1787557754.189,2026-08-24 07:49:14.196,InnoDB,LOCK_SYS_PAGE,118,0,101
1787557754.189,2026-08-24 07:49:14.196,InnoDB,LOCK_SYS_PAGE,92,0,104
1787557754.189,2026-08-24 07:49:14.196,InnoDB,LOCK_SYS_PAGE,135,0,132
1787557754.189,2026-08-24 07:49:14.196,InnoDB,LOCK_SYS_PAGE,150,0,159
1787557754.189,2026-08-24 07:49:14.196,InnoDB,LOCK_SYS_PAGE,105,0,112
1787557754.189,2026-08-24 07:49:14.196,InnoDB,LOCK_SYS_PAGE,130,0,116
1787557754.189,2026-08-24 07:49:14.196,InnoDB,LOCK_SYS_PAGE,121,0,121
1787557754.189,2026-08-24 07:49:14.196,InnoDB,LOCK_SYS_PAGE,168,0,117
1787557754.189,2026-08-24 07:49:14.196,InnoDB,LOCK_SYS_PAGE,114,0,123
1787557754.189,2026-08-24 07:49:14.196,InnoDB,LOCK_SYS_PAGE,130,0,131
1787557754.189,2026-08-24 07:49:14.196,InnoDB,LOCK_SYS_PAGE,102,0,100
1787557754.189,2026-08-24 07:49:14.196,InnoDB,LOCK_SYS_PAGE,158,0,137
1787557754.189,2026-08-24 07:49:14.196,InnoDB,LOCK_SYS_PAGE,116,0,119
1787557754.189,2026-08-24 07:49:14.196,InnoDB,LOCK_SYS_PAGE,160,0,109
1787557754.189,2026-08-24 07:49:14.196,InnoDB,LOCK_SYS_PAGE,124,0,119
1787557754.189,2026-08-24 07:49:14.196,InnoDB,LOCK_SYS_PAGE,127,0,124
1787557754.189,2026-08-24 07:49:14.196,InnoDB,LOCK_SYS_PAGE,140,0,137
1787557754.189,2026-08-24 07:49:14.196,InnoDB,LOCK_SYS_PAGE,169,0,128
1787557754.189,2026-08-24 07:49:14.196,InnoDB,LOCK_SYS_PAGE,96,0,99
1787557754.189,2026-08-24 07:49:14.196,InnoDB,LOCK_SYS_PAGE,113,0,116
1787557754.189,2026-08-24 07:49:14.196,InnoDB,LOCK_SYS_PAGE,119,0,119
1787557754.189,2026-08-24 07:49:14.196,InnoDB,LOCK_SYS_PAGE,209,0,138
1787557754.189,2026-08-24 07:49:14.196,InnoDB,LOCK_SYS_PAGE,126,0,115
1787557754.189,2026-08-24 07:49:14.196,InnoDB,LOCK_SYS_PAGE,94,0,99
1787557754.189,2026-08-24 07:49:14.196,InnoDB,LOCK_SYS_PAGE,131,0,117
1787557754.189,2026-08-24 07:49:14.196,InnoDB,LOCK_SYS_PAGE,119,0,118
1787557754.189,2026-08-24 07:49:14.196,InnoDB,LOCK_SYS_PAGE,156,0,128
1787557754.189,2026-08-24 07:49:14.196,InnoDB,LOCK_SYS_PAGE,119,0,101
1787557754.189,2026-08-24 07:49:14.196,InnoDB,LOCK_SYS_PAGE,125,0,123
1787557754.189,2026-08-24 07:49:14.196,InnoDB,LOCK_SYS_PAGE,108,0,113
1787557754.189,2026-08-24 07:49:14.196,InnoDB,LOCK_SYS_PAGE,193,0,144
1787557754.189,2026-08-24 07:49:14.196,InnoDB,LOCK_SYS_PAGE,123,0,97
1787557754.189,2026-08-24 07:49:14.196,InnoDB,LOCK_SYS_PAGE,116,0,135
1787557754.189,2026-08-24 07:49:14.196,InnoDB,LOCK_SYS_PAGE,145,0,150
1787557754.189,2026-08-24 07:49:14.196,InnoDB,LOCK_SYS_PAGE,116,0,119
1787557754.189,2026-08-24 07:49:14.196,InnoDB,LOCK_SYS_PAGE,147,0,120
1787557754.189,2026-08-24 07:49:14.196,InnoDB,LOCK_SYS_PAGE,136,0,136
1787557754.189,2026-08-24 07:49:14.196,InnoDB,LOCK_SYS_PAGE,124,0,127
1787557754.189,2026-08-24 07:49:14.196,InnoDB,LOCK_SYS_PAGE,201,0,135
1787557754.189,2026-08-24 07:49:14.196,InnoDB,LOCK_SYS_PAGE,117,0,118
1787557754.189,2026-08-24 07:49:14.196,InnoDB,LOCK_SYS_PAGE,115,0,123
1787557754.189,2026-08-24 07:49:14.196,InnoDB,LOCK_SYS_PAGE,141,0,120
1787557754.189,2026-08-24 07:49:14.196,InnoDB,LOCK_SYS_PAGE,108,0,115
1787557754.189,2026-08-24 07:49:14.196,InnoDB,LOCK_SYS_PAGE,118,0,123
1787557754.189,2026-08-24 07:49:14.196,InnoDB,LOCK_SYS_PAGE,116,0,116
1787557754.189,2026-08-24 07:49:14.196,InnoDB,LOCK_SYS_PAGE,156,0,126
1787557754.189,2026-08-24 07:49:14.196,InnoDB,LOCK_SYS_PAGE,124,0,130
1787557754.189,2026-08-24 07:49:14.196,InnoDB,LOCK_SYS_PAGE,136,0,133
1787557754.189,2026-08-24 07:49:14.196,InnoDB,LOCK_SYS_PAGE,135,0,143
1787557754.189,2026-08-24 07:49:14.196,InnoDB,LOCK_SYS_PAGE,120,0,98
1787557754.189,2026-08-24 07:49:14.196,InnoDB,LOCK_SYS_PAGE,140,0,118
1787557754.189,2026-08-24 07:49:14.196,InnoDB,LOCK_SYS_PAGE,145,0,125
1787557754.189,2026-08-24 07:49:14.196,InnoDB,LOCK_SYS_PAGE,139,0,108
1787557754.189,2026-08-24 07:49:14.196,InnoDB,LOCK_SYS_PAGE,128,0,129
1787557754.189,2026-08-24 07:49:14.196,InnoDB,LOCK_SYS_PAGE,120,0,127
1787557754.189,2026-08-24 07:49:14.196,InnoDB,LOCK_SYS_PAGE,124,0,102
1787557754.189,2026-08-24 07:49:14.196,InnoDB,LOCK_SYS_PAGE,132,0,131
1787557754.189,2026-08-24 07:49:14.196,InnoDB,LOCK_SYS_PAGE,185,0,155
1787557754.189,2026-08-24 07:49:14.196,InnoDB,LOCK_SYS_PAGE,200,0,139
1787557754.189,2026-08-24 07:49:14.196,InnoDB,LOCK_SYS_PAGE,130,0,133
1787557754.189,2026-08-24 07:49:14.196,InnoDB,LOCK_SYS_PAGE,167,0,125
1787557754.189,2026-08-24 07:49:14.196,InnoDB,LOCK_SYS_PAGE,121,0,127
1787557754.189,2026-08-24 07:49:14.196,InnoDB,LOCK_SYS_PAGE,127,0,128
1787557754.189,2026-08-24 07:49:14.196,InnoDB,LOCK_SYS_PAGE,139,0,134
1787557754.189,2026-08-24 07:49:14.196,InnoDB,LOCK_SYS_PAGE,113,0,113
1787557754.189,2026-08-24 07:49:14.196,InnoDB,LOCK_SYS_PAGE,147,0,108
1787557754.189,2026-08-24 07:49:14.196,InnoDB,LOCK_SYS_PAGE,151,0,134
1787557754.189,2026-08-24 07:49:14.196,InnoDB,LOCK_SYS_PAGE,130,0,115
1787557754.189,2026-08-24 07:49:14.196,InnoDB,LOCK_SYS_PAGE,151,0,141
1787557754.189,2026-08-24 07:49:14.196,InnoDB,LOCK_SYS_PAGE,114,0,127
1787557754.189,2026-08-24 07:49:14.196,InnoDB,LOCK_SYS_PAGE,139,0,119
1787557754.189,2026-08-24 07:49:14.196,InnoDB,LOCK_SYS_PAGE,110,0,113
1787557754.189,2026-08-24 07:49:14.196,InnoDB,LOCK_SYS_PAGE,137,0,113
1787557754.189,2026-08-24 07:49:14.196,InnoDB,LOCK_SYS_PAGE,170,0,145
1787557754.189,2026-08-24 07:49:14.196,InnoDB,LOCK_SYS_PAGE,142,0,110
1787557754.189,2026-08-24 07:49:14.196,InnoDB,LOCK_SYS_PAGE,99,0,94
1787557754.189,2026-08-24 07:49:14.196,InnoDB,LOCK_SYS_PAGE,145,0,143
1787557754.189,2026-08-24 07:49:14.196,InnoDB,LOCK_SYS_PAGE,110,0,114
1787557754.189,2026-08-24 07:49:14.196,InnoDB,LOCK_SYS_PAGE,105,0,105
1787557754.189,2026-08-24 07:49:14.196,InnoDB,LOCK_SYS_PAGE,116,0,108
1787557754.189,2026-08-24 07:49:14.196,InnoDB,LOCK_SYS_PAGE,150,0,129
1787557754.189,2026-08-24 07:49:14.196,InnoDB,LOCK_SYS_PAGE,154,0,132
1787557754.189,2026-08-24 07:49:14.196,InnoDB,LOCK_SYS_PAGE,137,0,122
1787557754.189,2026-08-24 07:49:14.196,InnoDB,LOCK_SYS_PAGE,133,0,135
1787557754.189,2026-08-24 07:49:14.196,InnoDB,LOCK_SYS_PAGE,163,0,138
1787557754.189,2026-08-24 07:49:14.196,InnoDB,LOCK_SYS_PAGE,103,0,112
1787557754.189,2026-08-24 07:49:14.196,InnoDB,LOCK_SYS_PAGE,150,0,128
1787557754.189,2026-08-24 07:49:14.196,InnoDB,LOCK_SYS_PAGE,133,0,139
1787557754.189,2026-08-24 07:49:14.196,InnoDB,LOCK_SYS_PAGE,134,0,122
1787557754.189,2026-08-24 07:49:14.196,InnoDB,LOCK_SYS_PAGE,157,0,124
1787557754.189,2026-08-24 07:49:14.196,InnoDB,LOCK_SYS_PAGE,102,0,113
1787557754.189,2026-08-24 07:49:14.196,InnoDB,LOCK_SYS_PAGE,109,0,109
1787557754.189,2026-08-24 07:49:14.196,InnoDB,LOCK_SYS_PAGE,116,0,85
1787557754.189,2026-08-24 07:49:14.196,InnoDB,LOCK_SYS_PAGE,109,0,104
1787557754.189,2026-08-24 07:49:14.196,InnoDB,LOCK_SYS_PAGE,112,0,122
1787557754.189,2026-08-24 07:49:14.196,InnoDB,LOCK_SYS_PAGE,102,0,115
1787557754.189,2026-08-24 07:49:14.196,InnoDB,LOCK_SYS_PAGE,143,0,135
1787557754.189,2026-08-24 07:49:14.196,InnoDB,LOCK_SYS_PAGE,120,0,128
1787557754.189,2026-08-24 07:49:14.196,InnoDB,LOCK_SYS_PAGE,115,0,118
1787557754.189,2026-08-24 07:49:14.196,InnoDB,LOCK_SYS_PAGE,149,0,135
1787557754.189,2026-08-24 07:49:14.196,InnoDB,LOCK_SYS_TABLE,7360,0,7153
1787557754.189,2026-08-24 07:49:14.196,InnoDB,LOCK_SYS_TABLE,7239,0,6661
1787557754.189,2026-08-24 07:49:14.196,InnoDB,LOCK_SYS_TABLE,6848,0,6659
1787557754.189,2026-08-24 07:49:14.196,InnoDB,LOCK_SYS_TABLE,7463,0,6873
1787557754.189,2026-08-24 07:49:14.196,InnoDB,LOCK_SYS_TABLE,7125,0,7168
1787557754.189,2026-08-24 07:49:14.196,InnoDB,LOCK_SYS_TABLE,7022,0,6683
1787557754.189,2026-08-24 07:49:14.196,InnoDB,LOCK_SYS_TABLE,7152,0,6781
1787557754.189,2026-08-24 07:49:14.196,InnoDB,LOCK_SYS_TABLE,7521,0,6995
1787557754.189,2026-08-24 07:49:14.196,InnoDB,LOCK_SYS_WAIT,4,0,2
1787557754.189,2026-08-24 07:49:14.196,InnoDB,LOCK_SYS_TABLE,7600,0,7328
1787557754.189,2026-08-24 07:49:14.196,InnoDB,LOCK_SYS_PAGE,159,0,114
1787557754.189,2026-08-24 07:49:14.196,InnoDB,LOG_LIMITS,150,0,105
1787557754.189,2026-08-24 07:49:14.196,InnoDB,LOCK_SYS_PAGE,117,0,113
1787557754.189,2026-08-24 07:49:14.196,InnoDB,LOCK_SYS_PAGE,126,0,133
1787557754.189,2026-08-24 07:49:14.196,InnoDB,RECALC_POOL,2,0,3
1787557754.189,2026-08-24 07:49:14.196,InnoDB,LOCK_SYS_PAGE,125,0,109
1787557754.189,2026-08-24 07:49:14.196,InnoDB,LOCK_SYS_PAGE,114,0,111
1787557754.189,2026-08-24 07:49:14.196,InnoDB,LOCK_SYS_PAGE,118,0,117
1787557754.189,2026-08-24 07:49:14.196,InnoDB,LOCK_SYS_PAGE,133,0,132
1787557754.189,2026-08-24 07:49:14.196,InnoDB,LOCK_SYS_PAGE,111,0,116
1787557754.189,2026-08-24 07:49:14.196,InnoDB,LOCK_SYS_PAGE,147,0,142
1787557754.189,2026-08-24 07:49:14.196,InnoDB,LOCK_SYS_PAGE,137,0,115
1787557754.189,2026-08-24 07:49:14.196,InnoDB,LOCK_SYS_PAGE,101,0,100
1787557754.189,2026-08-24 07:49:14.196,InnoDB,LOCK_SYS_PAGE,144,0,136
1787557754.189,2026-08-24 07:49:14.196,InnoDB,LOCK_SYS_PAGE,144,0,112
1787557754.189,2026-08-24 07:49:14.196,InnoDB,LOCK_SYS_PAGE,146,0,135
1787557754.189,2026-08-24 07:49:14.196,InnoDB,LOCK_SYS_PAGE,130,0,131
1787557754.189,2026-08-24 07:49:14.196,InnoDB,LOCK_SYS_PAGE,161,0,122
1787557754.189,2026-08-24 07:49:14.196,InnoDB,LOCK_SYS_PAGE,123,0,122
1787557754.189,2026-08-24 07:49:14.196,InnoDB,LOCK_SYS_PAGE,135,0,127
1787557754.189,2026-08-24 07:49:14.196,InnoDB,LOCK_SYS_PAGE,143,0,130
1787557754.189,2026-08-24 07:49:14.196,InnoDB,LOCK_SYS_PAGE,123,0,118
1787557754.189,2026-08-24 07:49:14.196,InnoDB,LOCK_SYS_PAGE,103,0,102
1787557754.189,2026-08-24 07:49:14.196,InnoDB,LOCK_SYS_PAGE,185,0,128
1787557754.189,2026-08-24 07:49:14.196,InnoDB,LOCK_SYS_TABLE,1,0,1
1787557754.189,2026-08-24 07:49:14.196,InnoDB,LOCK_SYS_TABLE,6776,0,6340
1787557754.189,2026-08-24 07:49:14.196,InnoDB,LOCK_SYS_PAGE,172,0,140
1787557754.189,2026-08-24 07:49:14.196,InnoDB,LOCK_SYS_PAGE,128,0,113
1787557754.189,2026-08-24 07:49:14.196,InnoDB,LOCK_SYS_PAGE,121,0,119
1787557754.189,2026-08-24 07:49:14.196,InnoDB,LOCK_SYS_PAGE,126,0,116
1787557754.189,2026-08-24 07:49:14.196,InnoDB,LOCK_SYS_PAGE,121,0,108
1787557754.189,2026-08-24 07:49:14.196,InnoDB,LOCK_SYS_PAGE,146,0,119
1787557754.189,2026-08-24 07:49:14.196,InnoDB,LOCK_SYS_PAGE,124,0,129
1787557754.189,2026-08-24 07:49:14.196,InnoDB,LOCK_SYS_PAGE,126,0,113
1787557754.189,2026-08-24 07:49:14.196,InnoDB,LOCK_SYS_PAGE,141,0,115
1787557754.189,2026-08-24 07:49:14.196,InnoDB,LOCK_SYS_PAGE,162,0,136
1787557754.189,2026-08-24 07:49:14.196,InnoDB,LOCK_SYS_PAGE,111,0,99
1787557754.189,2026-08-24 07:49:14.196,InnoDB,LOCK_SYS_PAGE,154,0,139
1787557754.189,2026-08-24 07:49:14.196,InnoDB,LOCK_SYS_PAGE,175,0,147
1787557754.189,2026-08-24 07:49:14.196,InnoDB,LOCK_SYS_PAGE,108,0,114
1787557754.189,2026-08-24 07:49:14.196,InnoDB,LOCK_SYS_PAGE,127,0,123
1787557754.189,2026-08-24 07:49:14.196,InnoDB,LOCK_SYS_PAGE,113,0,126
1787557754.189,2026-08-24 07:49:14.196,InnoDB,LOCK_SYS_PAGE,136,0,140
1787557754.189,2026-08-24 07:49:14.196,InnoDB,LOCK_SYS_PAGE,134,0,125
1787557754.189,2026-08-24 07:49:14.196,InnoDB,LOCK_SYS_PAGE,118,0,121
1787557754.189,2026-08-24 07:49:14.196,InnoDB,LOCK_SYS_PAGE,117,0,113
1787557754.189,2026-08-24 07:49:14.196,InnoDB,LOCK_SYS_PAGE,145,0,134
1787557754.189,2026-08-24 07:49:14.196,InnoDB,LOCK_SYS_PAGE,139,0,113
1787557754.189,2026-08-24 07:49:14.196,InnoDB,LOCK_SYS_PAGE,132,0,124
1787557754.189,2026-08-24 07:49:14.196,InnoDB,LOCK_SYS_PAGE,120,0,118
1787557754.189,2026-08-24 07:49:14.196,InnoDB,LOCK_SYS_PAGE,135,0,143
1787557754.189,2026-08-24 07:49:14.196,InnoDB,LOCK_SYS_PAGE,115,0,116
1787557754.189,2026-08-24 07:49:14.196,InnoDB,LOCK_SYS_PAGE,121,0,97
1787557754.189,2026-08-24 07:49:14.196,InnoDB,LOCK_SYS_PAGE,116,0,131
1787557754.189,2026-08-24 07:49:14.196,InnoDB,LOCK_SYS_PAGE,117,0,114
1787557754.189,2026-08-24 07:49:14.196,InnoDB,LOCK_SYS_PAGE,129,0,122
1787557754.189,2026-08-24 07:49:14.196,InnoDB,LOCK_SYS_PAGE,125,0,122
1787557754.189,2026-08-24 07:49:14.196,InnoDB,LOCK_SYS_PAGE,110,0,118
1787557754.189,2026-08-24 07:49:14.196,InnoDB,LOCK_SYS_PAGE,162,0,136
1787557754.189,2026-08-24 07:49:14.196,InnoDB,LOCK_SYS_PAGE,151,0,111
1787557754.189,2026-08-24 07:49:14.196,InnoDB,LOCK_SYS_PAGE,107,0,110
1787557754.189,2026-08-24 07:49:14.196,InnoDB,LOCK_SYS_PAGE,127,0,121
1787557754.189,2026-08-24 07:49:14.196,InnoDB,LOCK_SYS_PAGE,133,0,125
1787557754.189,2026-08-24 07:49:14.196,InnoDB,LOCK_SYS_PAGE,114,0,116
1787557754.189,2026-08-24 07:49:14.196,InnoDB,LOCK_SYS_PAGE,156,0,129
1787557754.189,2026-08-24 07:49:14.196,InnoDB,LOCK_SYS_PAGE,137,0,135
1787557754.189,2026-08-24 07:49:14.196,InnoDB,LOCK_SYS_PAGE,122,0,121
1787557754.189,2026-08-24 07:49:14.196,InnoDB,LOCK_SYS_PAGE,133,0,129
1787557754.189,2026-08-24 07:49:14.196,InnoDB,LOCK_SYS_PAGE,151,0,142
1787557754.189,2026-08-24 07:49:14.196,InnoDB,LOCK_SYS_PAGE,139,0,126
1787557754.189,2026-08-24 07:49:14.196,InnoDB,LOCK_SYS_PAGE,103,0,100
1787557754.189,2026-08-24 07:49:14.196,InnoDB,LOCK_SYS_PAGE,141,0,134
1787557754.189,2026-08-24 07:49:14.196,InnoDB,LOCK_SYS_PAGE,117,0,121
1787557754.189,2026-08-24 07:49:14.196,InnoDB,LOCK_SYS_PAGE,124,0,125
1787557754.189,2026-08-24 07:49:14.196,InnoDB,LOCK_SYS_PAGE,128,0,111
1787557754.189,2026-08-24 07:49:14.196,InnoDB,LOCK_SYS_PAGE,128,0,129
1787557754.189,2026-08-24 07:49:14.196,InnoDB,LOCK_SYS_PAGE,128,0,125
1787557754.189,2026-08-24 07:49:14.196,InnoDB,LOCK_SYS_PAGE,107,0,108
1787557754.189,2026-08-24 07:49:14.196,InnoDB,LOCK_SYS_PAGE,143,0,114
1787557754.189,2026-08-24 07:49:14.196,InnoDB,LOCK_SYS_PAGE,135,0,123
1787557754.189,2026-08-24 07:49:14.196,InnoDB,LOCK_SYS_PAGE,122,0,120
1787557754.189,2026-08-24 07:49:14.196,InnoDB,LOCK_SYS_PAGE,93,0,86
1787557754.189,2026-08-24 07:49:14.196,InnoDB,LOCK_SYS_PAGE,132,0,125
1787557754.189,2026-08-24 07:49:14.196,InnoDB,LOCK_SYS_PAGE,146,0,139
1787557754.189,2026-08-24 07:49:14.196,InnoDB,LOCK_SYS_PAGE,153,0,129
1787557754.189,2026-08-24 07:49:14.196,InnoDB,LOCK_SYS_PAGE,114,0,116
1787557754.189,2026-08-24 07:49:14.196,InnoDB,LOCK_SYS_PAGE,133,0,101
1787557754.189,2026-08-24 07:49:14.196,InnoDB,LOCK_SYS_PAGE,145,0,136
1787557754.189,2026-08-24 07:49:14.196,InnoDB,LOCK_SYS_PAGE,157,0,140
1787557754.189,2026-08-24 07:49:14.196,InnoDB,LOCK_SYS_PAGE,107,0,100
1787557754.189,2026-08-24 07:49:14.196,InnoDB,LOCK_SYS_PAGE,157,0,142
1787557754.189,2026-08-24 07:49:14.196,InnoDB,LOCK_SYS_PAGE,126,0,121
1787557754.189,2026-08-24 07:49:14.196,InnoDB,LOCK_SYS_PAGE,131,0,124
1787557754.189,2026-08-24 07:49:14.196,InnoDB,LOCK_SYS_PAGE,128,0,130
1787557754.189,2026-08-24 07:49:14.196,InnoDB,LOCK_SYS_PAGE,140,0,143
1787557754.189,2026-08-24 07:49:14.196,InnoDB,LOCK_SYS_PAGE,100,0,99
1787557754.189,2026-08-24 07:49:14.196,InnoDB,LOCK_SYS_PAGE,99,0,107
1787557754.189,2026-08-24 07:49:14.196,InnoDB,LOCK_SYS_PAGE,143,0,133
1787557754.189,2026-08-24 07:49:14.196,InnoDB,LOCK_SYS_PAGE,136,0,131
1787557754.189,2026-08-24 07:49:14.196,InnoDB,LOCK_SYS_PAGE,135,0,104
1787557754.189,2026-08-24 07:49:14.196,InnoDB,LOCK_SYS_PAGE,150,0,152
1787557754.189,2026-08-24 07:49:14.196,InnoDB,LOCK_SYS_PAGE,98,0,94
1787557754.189,2026-08-24 07:49:14.196,InnoDB,LOCK_SYS_PAGE,168,0,130
1787557754.189,2026-08-24 07:49:14.196,InnoDB,LOCK_SYS_PAGE,187,0,112
1787557754.189,2026-08-24 07:49:14.196,InnoDB,LOCK_SYS_PAGE,155,0,128
1787557754.189,2026-08-24 07:49:14.196,InnoDB,LOCK_SYS_PAGE,153,0,142
1787557754.189,2026-08-24 07:49:14.196,InnoDB,LOCK_SYS_PAGE,154,0,128
1787557754.189,2026-08-24 07:49:14.196,InnoDB,LOCK_SYS_PAGE,136,0,122
1787557754.189,2026-08-24 07:49:14.196,InnoDB,LOCK_SYS_PAGE,152,0,120
1787557754.189,2026-08-24 07:49:14.196,InnoDB,LOCK_SYS_PAGE,138,0,121
1787557754.189,2026-08-24 07:49:14.196,InnoDB,LOCK_SYS_PAGE,133,0,128
1787557754.189,2026-08-24 07:49:14.196,InnoDB,LOCK_SYS_PAGE,94,0,91
1787557754.189,2026-08-24 07:49:14.196,InnoDB,LOCK_SYS_PAGE,133,0,119
1787557754.189,2026-08-24 07:49:14.196,InnoDB,LOCK_SYS_PAGE,123,0,121
1787557754.189,2026-08-24 07:49:14.196,InnoDB,LOCK_SYS_PAGE,142,0,128
1787557754.189,2026-08-24 07:49:14.196,InnoDB,LOCK_SYS_PAGE,111,0,104
1787557754.189,2026-08-24 07:49:14.196,InnoDB,LOCK_SYS_PAGE,116,0,113
1787557754.189,2026-08-24 07:49:14.196,InnoDB,LOCK_SYS_PAGE,135,0,126
1787557754.189,2026-08-24 07:49:14.196,InnoDB,LOCK_SYS_PAGE,115,0,105
1787557754.189,2026-08-24 07:49:14.196,InnoDB,LOCK_SYS_PAGE,125,0,118
1787557754.189,2026-08-24 07:49:14.196,InnoDB,LOCK_SYS_PAGE,115,0,117
1787557754.189,2026-08-24 07:49:14.196,InnoDB,LOCK_SYS_PAGE,133,0,103
1787557754.189,2026-08-24 07:49:14.196,InnoDB,LOCK_SYS_PAGE,116,0,119
1787557754.189,2026-08-24 07:49:14.196,InnoDB,LOCK_SYS_PAGE,147,0,113
1787557754.189,2026-08-24 07:49:14.196,InnoDB,LOCK_SYS_PAGE,131,0,121
1787557754.189,2026-08-24 07:49:14.196,InnoDB,LOCK_SYS_PAGE,127,0,113
1787557754.189,2026-08-24 07:49:14.196,InnoDB,LOCK_SYS_PAGE,187,0,118
1787557754.189,2026-08-24 07:49:14.196,InnoDB,LOCK_SYS_PAGE,154,0,117
1787557754.189,2026-08-24 07:49:14.196,InnoDB,LOCK_SYS_PAGE,133,0,143
1787557754.189,2026-08-24 07:49:14.196,InnoDB,LOCK_SYS_PAGE,156,0,131
1787557754.189,2026-08-24 07:49:14.196,InnoDB,LOCK_SYS_PAGE,136,0,119
1787557754.189,2026-08-24 07:49:14.196,InnoDB,LOCK_SYS_PAGE,138,0,114
1787557754.189,2026-08-24 07:49:14.196,InnoDB,LOCK_SYS_PAGE,121,0,100
1787557754.189,2026-08-24 07:49:14.196,InnoDB,LOCK_SYS_PAGE,165,0,120
1787557754.189,2026-08-24 07:49:14.196,InnoDB,LOCK_SYS_PAGE,131,0,122
1787557754.189,2026-08-24 07:49:14.196,InnoDB,LOCK_SYS_PAGE,170,0,132
1787557754.189,2026-08-24 07:49:14.196,InnoDB,LOCK_SYS_PAGE,129,0,127
1787557754.189,2026-08-24 07:49:14.196,InnoDB,rwlock: dict0dict.cc:2631,,20254,
1787557754.189,2026-08-24 07:49:14.196,InnoDB,rwlock: dict0dict.cc:2631,,19218,
1787557754.189,2026-08-24 07:49:14.196,InnoDB,rwlock: dict0dict.cc:2631,,18191,
1787557754.189,2026-08-24 07:49:14.196,InnoDB,rwlock: dict0dict.cc:2631,,18745,
1787557754.189,2026-08-24 07:49:14.196,InnoDB,rwlock: dict0dict.cc:2631,,20140,
1787557754.189,2026-08-24 07:49:14.196,InnoDB,rwlock: dict0dict.cc:2631,,19378,
1787557754.189,2026-08-24 07:49:14.196,InnoDB,rwlock: dict0dict.cc:2631,,19602,
1787557754.189,2026-08-24 07:49:14.196,InnoDB,rwlock: dict0dict.cc:2631,,19160,
1787557754.189,2026-08-24 07:49:14.196,InnoDB,rwlock: dict0dict.cc:2631,,19453,
1787557754.189,2026-08-24 07:49:14.196,InnoDB,rwlock: dict0dict.cc:2631,,19215,
1787557754.189,2026-08-24 07:49:14.196,InnoDB,rwlock: dict0dict.cc:2631,,19346,
1787557754.189,2026-08-24 07:49:14.196,InnoDB,rwlock: dict0dict.cc:2631,,20089,
1787557754.189,2026-08-24 07:49:14.196,InnoDB,rwlock: dict0dict.cc:2631,,18319,
1787557754.189,2026-08-24 07:49:14.196,InnoDB,rwlock: dict0dict.cc:2631,,19352,
1787557754.189,2026-08-24 07:49:14.196,InnoDB,rwlock: dict0dict.cc:2631,,18713,
1787557754.189,2026-08-24 07:49:14.196,InnoDB,rwlock: dict0dict.cc:2631,,19427,
1787557754.189,2026-08-24 07:49:14.196,InnoDB,rwlock: dict0dict.cc:2631,,19199,
1787557754.189,2026-08-24 07:49:14.196,InnoDB,rwlock: dict0dict.cc:2631,,18932,
1787557754.189,2026-08-24 07:49:14.196,InnoDB,rwlock: dict0dict.cc:2631,,19999,
1787557754.189,2026-08-24 07:49:14.196,InnoDB,rwlock: dict0dict.cc:2631,,19460,
1787557754.189,2026-08-24 07:49:14.196,InnoDB,rwlock: dict0dict.cc:2631,,1,
1787557754.189,2026-08-24 07:49:14.196,InnoDB,rwlock: dict0dict.cc:2631,,1,
1787557754.189,2026-08-24 07:49:14.196,InnoDB,rwlock: dict0dict.cc:2631,,1,
1787557754.189,2026-08-24 07:49:14.196,InnoDB,rwlock: fil0fil.cc:10242,,1,
1787557754.189,2026-08-24 07:49:14.196,InnoDB,rwlock: dict0dict.cc:2631,,1,
1787557754.189,2026-08-24 07:49:14.196,InnoDB,rwlock: dict0dict.cc:2631,,2,
1787557754.189,2026-08-24 07:49:14.196,InnoDB,rwlock: dict0dict.cc:2631,,2,
1787557754.189,2026-08-24 07:49:14.196,InnoDB,rwlock: dict0dict.cc:2631,,1,
1787557754.189,2026-08-24 07:49:14.196,InnoDB,rwlock: dict0dict.cc:2631,,2,
1787557754.189,2026-08-24 07:49:14.196,InnoDB,rwlock: dict0dict.cc:2631,,1,
1787557754.189,2026-08-24 07:49:14.196,InnoDB,rwlock: dict0dict.cc:2631,,2,
1787557754.189,2026-08-24 07:49:14.196,InnoDB,rwlock: dict0dict.cc:2631,,1,
1787557754.189,2026-08-24 07:49:14.196,InnoDB,rwlock: trx0purge.cc:232,,4,
1787557754.189,2026-08-24 07:49:14.196,InnoDB,rwlock: fil0fil.cc:10242,,326441,
1787557754.189,2026-08-24 07:49:14.196,InnoDB,rwlock: fil0fil.cc:10242,,331667,
1787557754.189,2026-08-24 07:49:14.196,InnoDB,rwlock: dict0dict.cc:1180,,19,
1787557754.189,2026-08-24 07:49:14.196,InnoDB,rwlock: hash0hash.cc:117,,658251,
1787557754.189,2026-08-24 07:49:14.196,InnoDB,rwlock: hash0hash.cc:117,,623760,
1787557754.189,2026-08-24 07:49:14.196,InnoDB,rwlock: hash0hash.cc:117,,555589,
1787557754.189,2026-08-24 07:49:14.196,InnoDB,rwlock: hash0hash.cc:117,,496755,
1787557754.189,2026-08-24 07:49:14.196,InnoDB,rwlock: hash0hash.cc:117,,634071,
1787557754.189,2026-08-24 07:49:14.196,InnoDB,rwlock: hash0hash.cc:117,,540223,
1787557754.189,2026-08-24 07:49:14.196,InnoDB,rwlock: hash0hash.cc:117,,405151,
1787557754.189,2026-08-24 07:49:14.196,InnoDB,rwlock: hash0hash.cc:117,,390217,
1787557754.189,2026-08-24 07:49:14.196,InnoDB,rwlock: hash0hash.cc:117,,414609,
1787557754.189,2026-08-24 07:49:14.196,InnoDB,rwlock: hash0hash.cc:117,,476866,
1787557754.189,2026-08-24 07:49:14.196,InnoDB,rwlock: hash0hash.cc:117,,472804,
1787557754.189,2026-08-24 07:49:14.196,InnoDB,rwlock: hash0hash.cc:117,,395251,
1787557754.189,2026-08-24 07:49:14.196,InnoDB,rwlock: hash0hash.cc:117,,507152,
1787557754.189,2026-08-24 07:49:14.196,InnoDB,rwlock: hash0hash.cc:117,,616744,
1787557754.189,2026-08-24 07:49:14.196,InnoDB,rwlock: hash0hash.cc:117,,436658,
1787557754.189,2026-08-24 07:49:14.196,InnoDB,rwlock: hash0hash.cc:117,,429943,
1787557754.189,2026-08-24 07:49:14.196,InnoDB,rwlock: hash0hash.cc:117,,858997,
1787557754.189,2026-08-24 07:49:14.196,InnoDB,rwlock: hash0hash.cc:117,,1259758,
1787557754.189,2026-08-24 07:49:14.196,InnoDB,rwlock: hash0hash.cc:117,,1089018,
1787557754.189,2026-08-24 07:49:14.196,InnoDB,rwlock: hash0hash.cc:117,,952200,
1787557754.189,2026-08-24 07:49:14.196,InnoDB,rwlock: hash0hash.cc:117,,1069950,
1787557754.189,2026-08-24 07:49:14.196,InnoDB,rwlock: hash0hash.cc:117,,1389962,
1787557754.189,2026-08-24 07:49:14.196,InnoDB,rwlock: hash0hash.cc:117,,1138390,
1787557754.189,2026-08-24 07:49:14.196,InnoDB,rwlock: hash0hash.cc:117,,890387,
1787557754.189,2026-08-24 07:49:14.196,InnoDB,rwlock: hash0hash.cc:117,,1067626,
1787557754.189,2026-08-24 07:49:14.196,InnoDB,rwlock: hash0hash.cc:117,,1129239,
1787557754.189,2026-08-24 07:49:14.196,InnoDB,rwlock: hash0hash.cc:117,,992226,
1787557754.189,2026-08-24 07:49:14.196,InnoDB,rwlock: hash0hash.cc:117,,979893,
1787557754.189,2026-08-24 07:49:14.196,InnoDB,rwlock: hash0hash.cc:117,,1020115,
1787557754.189,2026-08-24 07:49:14.196,InnoDB,rwlock: hash0hash.cc:117,,795531,
1787557754.189,2026-08-24 07:49:14.196,InnoDB,rwlock: hash0hash.cc:117,,926935,
1787557754.189,2026-08-24 07:49:14.196,InnoDB,rwlock: hash0hash.cc:117,,802177,
1787557754.189,2026-08-24 07:49:14.196,InnoDB,sum rwlock: buf0buf.cc:852,,2274167,
