timestamp_unix,timestamp_human,type,name,spins,waits,calls
1787550194.036,2026-08-24 05:43:14.037,InnoDB,TRX_SYS,21969940,287657,9296164
1787550194.036,2026-08-24 05:43:14.037,InnoDB,SRV_SYS,9290181,234061,1013552
1787550194.036,2026-08-24 05:43:14.037,InnoDB,LOG_WRITER,3236618,107805,1941
1787550194.036,2026-08-24 05:43:14.037,InnoDB,BUF_POOL_LRU_LIST,4095992,69953,1454480
1787550194.036,2026-08-24 05:43:14.037,InnoDB,BUF_POOL_LRU_LIST,3811124,62466,1451921
1787550194.036,2026-08-24 05:43:14.037,InnoDB,BUF_POOL_LRU_LIST,3644314,59630,1359133
1787550194.036,2026-08-24 05:43:14.037,InnoDB,BUF_POOL_LRU_LIST,3663516,58314,1396507
1787550194.036,2026-08-24 05:43:14.037,InnoDB,BUF_POOL_LRU_LIST,3659257,57988,1394827
1787550194.036,2026-08-24 05:43:14.037,InnoDB,BUF_POOL_LRU_LIST,3573969,57784,1365248
1787550194.036,2026-08-24 05:43:14.037,InnoDB,BUF_POOL_LRU_LIST,3644703,57327,1441882
1787550194.036,2026-08-24 05:43:14.037,InnoDB,BUF_POOL_LRU_LIST,3546959,56076,1404474
1787550194.036,2026-08-24 05:43:14.037,InnoDB,DICT_SYS,30788698,37015,20867620
1787550194.036,2026-08-24 05:43:14.037,InnoDB,FLUSH_LIST,1086003,30092,152559
1787550194.036,2026-08-24 05:43:14.037,InnoDB,FLUSH_LIST,980834,26682,148748
1787550194.036,2026-08-24 05:43:14.037,InnoDB,FLUSH_LIST,970293,26290,146437
1787550194.036,2026-08-24 05:43:14.037,InnoDB,FLUSH_LIST,966693,26246,147034
1787550194.036,2026-08-24 05:43:14.037,InnoDB,FLUSH_LIST,966821,26047,155760
1787550194.036,2026-08-24 05:43:14.037,InnoDB,FLUSH_LIST,964070,25946,154835
1787550194.036,2026-08-24 05:43:14.037,InnoDB,FLUSH_LIST,938323,25228,145921
1787550194.036,2026-08-24 05:43:14.037,InnoDB,FLUSH_LIST,757430,19218,145292
1787550194.036,2026-08-24 05:43:14.037,InnoDB,BUF_POOL_FLUSH_STATE,1239918,17288,415504
1787550194.036,2026-08-24 05:43:14.037,InnoDB,BUF_POOL_FLUSH_STATE,1232706,17240,404195
1787550194.036,2026-08-24 05:43:14.037,InnoDB,BUF_POOL_FLUSH_STATE,1197079,16744,389691
1787550194.036,2026-08-24 05:43:14.037,InnoDB,BUF_POOL_FLUSH_STATE,1209678,16627,414760
1787550194.036,2026-08-24 05:43:14.037,InnoDB,BUF_POOL_FLUSH_STATE,1185993,16580,386917
1787550194.036,2026-08-24 05:43:14.037,InnoDB,BUF_POOL_FLUSH_STATE,1172883,16193,386490
1787550194.036,2026-08-24 05:43:14.037,InnoDB,BUF_POOL_FLUSH_STATE,1140126,15896,381629
1787550194.036,2026-08-24 05:43:14.037,InnoDB,BUF_POOL_FLUSH_STATE,1174435,15704,398655
1787550194.036,2026-08-24 05:43:14.037,InnoDB,PURGE_SYS_PQ,1787280,12185,1163238
1787550194.036,2026-08-24 05:43:14.037,InnoDB,TRX_SYS_SERIALISATION,1279785,10837,792151
1787550194.036,2026-08-24 05:43:14.037,InnoDB,FIL_SHARD,213119,3850,58605
1787550194.036,2026-08-24 05:43:14.037,InnoDB,FIL_SHARD,203164,3559,58463
1787550194.036,2026-08-24 05:43:14.037,InnoDB,FIL_SHARD,209302,3541,63005
1787550194.036,2026-08-24 05:43:14.037,InnoDB,FIL_SHARD,197710,3532,56400
1787550194.036,2026-08-24 05:43:14.037,InnoDB,FIL_SHARD,216580,3504,62411
1787550194.036,2026-08-24 05:43:14.037,InnoDB,FIL_SHARD,188259,3308,54811
1787550194.036,2026-08-24 05:43:14.037,InnoDB,FIL_SHARD,187025,3264,55611
1787550194.036,2026-08-24 05:43:14.037,InnoDB,FIL_SHARD,184415,3237,53760
1787550194.036,2026-08-24 05:43:14.037,InnoDB,FIL_SHARD,183986,3229,53876
1787550194.036,2026-08-24 05:43:14.037,InnoDB,FIL_SHARD,185076,3227,53738
1787550194.036,2026-08-24 05:43:14.037,InnoDB,FIL_SHARD,175844,3113,51374
1787550194.036,2026-08-24 05:43:14.037,InnoDB,FIL_SHARD,176198,3100,53310
1787550194.036,2026-08-24 05:43:14.037,InnoDB,FIL_SHARD,172843,3074,50055
1787550194.036,2026-08-24 05:43:14.037,InnoDB,FIL_SHARD,165236,2986,48946
1787550194.036,2026-08-24 05:43:14.037,InnoDB,FIL_SHARD,167539,2957,51744
1787550194.036,2026-08-24 05:43:14.037,InnoDB,FIL_SHARD,170913,2944,51410
1787550194.036,2026-08-24 05:43:14.037,InnoDB,FIL_SHARD,154530,2693,46425
1787550194.036,2026-08-24 05:43:14.037,InnoDB,FIL_SHARD,156211,2679,50374
1787550194.036,2026-08-24 05:43:14.037,InnoDB,FIL_SHARD,156686,2668,51466
1787550194.036,2026-08-24 05:43:14.037,InnoDB,FIL_SHARD,146711,2578,46402
1787550194.036,2026-08-24 05:43:14.037,InnoDB,TRX,672034,2339,987997
1787550194.036,2026-08-24 05:43:14.037,InnoDB,LOG_FILES,47798,1388,1666
1787550194.036,2026-08-24 05:43:14.037,InnoDB,LOCK_SYS_TABLE,85301,1202,38794
1787550194.036,2026-08-24 05:43:14.037,InnoDB,LOCK_SYS_TABLE,82229,1184,38009
1787550194.036,2026-08-24 05:43:14.037,InnoDB,LOCK_SYS_TABLE,82189,1130,39844
1787550194.036,2026-08-24 05:43:14.037,InnoDB,LOCK_SYS_TABLE,82461,1109,38253
1787550194.036,2026-08-24 05:43:14.037,InnoDB,LOCK_SYS_TABLE,79769,1108,36893
1787550194.036,2026-08-24 05:43:14.037,InnoDB,LOCK_SYS_TABLE,81007,1091,38039
1787550194.036,2026-08-24 05:43:14.037,InnoDB,LOCK_SYS_TABLE,79158,1079,39149
1787550194.036,2026-08-24 05:43:14.037,InnoDB,LOG_FLUSHER,43453,1072,1843
1787550194.036,2026-08-24 05:43:14.037,InnoDB,LOCK_SYS_TABLE,82092,1071,40687
1787550194.036,2026-08-24 05:43:14.037,InnoDB,LOCK_SYS_TABLE,79545,1061,37981
1787550194.036,2026-08-24 05:43:14.037,InnoDB,LOCK_SYS_TABLE,78951,1057,38478
1787550194.036,2026-08-24 05:43:14.037,InnoDB,LOCK_SYS_TABLE,79488,1037,37620
1787550194.036,2026-08-24 05:43:14.037,InnoDB,LOCK_SYS_TABLE,80418,1029,38656
1787550194.036,2026-08-24 05:43:14.037,InnoDB,LOCK_SYS_TABLE,80031,1029,40839
1787550194.036,2026-08-24 05:43:14.037,InnoDB,LOCK_SYS_TABLE,78022,1022,37598
1787550194.036,2026-08-24 05:43:14.037,InnoDB,LOCK_SYS_TABLE,76783,1018,36602
1787550194.036,2026-08-24 05:43:14.037,InnoDB,LOCK_SYS_TABLE,75168,979,39101
1787550194.036,2026-08-24 05:43:14.037,InnoDB,LOCK_SYS_TABLE,75928,977,38311
1787550194.036,2026-08-24 05:43:14.037,InnoDB,LOCK_SYS_TABLE,74248,940,38251
1787550194.036,2026-08-24 05:43:14.037,InnoDB,LOCK_SYS_TABLE,75521,910,40149
1787550194.036,2026-08-24 05:43:14.037,InnoDB,LOCK_SYS_TABLE,73630,903,38735
1787550194.036,2026-08-24 05:43:14.037,InnoDB,BUF_BLOCK_MUTEX,27525,837,1442
1787550194.036,2026-08-24 05:43:14.037,InnoDB,PAGE_CLEANER,1642984,693,984214
1787550194.036,2026-08-24 05:43:14.037,InnoDB,SRV_SYS_TASKS,407047,612,402607
1787550194.036,2026-08-24 05:43:14.037,InnoDB,IBUF_BITMAP,35205,453,16595
1787550194.036,2026-08-24 05:43:14.037,InnoDB,DICT_PERSIST_DIRTY_TABLES,1159135,414,490530
1787550194.036,2026-08-24 05:43:14.037,InnoDB,FIL_SHARD,27998,284,25912
1787550194.036,2026-08-24 05:43:14.037,InnoDB,FIL_SHARD,25732,236,25162
1787550194.036,2026-08-24 05:43:14.037,InnoDB,BUF_POOL_FREE_LIST,32802,73,29362
1787550194.036,2026-08-24 05:43:14.037,InnoDB,DICT_TABLE_STATS_COMPUTE,1980,66,11
1787550194.036,2026-08-24 05:43:14.037,InnoDB,BUF_POOL_FREE_LIST,24104,55,24052
1787550194.036,2026-08-24 05:43:14.037,InnoDB,BUF_POOL_FREE_LIST,24552,54,24580
1787550194.036,2026-08-24 05:43:14.037,InnoDB,BUF_POOL_FREE_LIST,25638,52,24746
1787550194.036,2026-08-24 05:43:14.037,InnoDB,BUF_POOL_FREE_LIST,26383,51,24982
1787550194.036,2026-08-24 05:43:14.037,InnoDB,BUF_POOL_FREE_LIST,25316,51,25420
1787550194.036,2026-08-24 05:43:14.037,InnoDB,BUF_POOL_FREE_LIST,32453,48,29595
1787550194.036,2026-08-24 05:43:14.037,InnoDB,UNDO_SPACE_RSEG,4868,42,1893
1787550194.036,2026-08-24 05:43:14.037,InnoDB,UNDO_SPACE_RSEG,5106,42,1910
1787550194.036,2026-08-24 05:43:14.037,InnoDB,BUF_POOL_FREE_LIST,25675,40,25283
1787550194.036,2026-08-24 05:43:14.037,InnoDB,UNDO_SPACE_RSEG,5144,39,2012
1787550194.036,2026-08-24 05:43:14.037,InnoDB,UNDO_SPACE_RSEG,5074,39,1908
1787550194.036,2026-08-24 05:43:14.037,InnoDB,UNDO_SPACE_RSEG,5109,39,1933
1787550194.036,2026-08-24 05:43:14.037,InnoDB,UNDO_SPACE_RSEG,5240,39,1912
1787550194.036,2026-08-24 05:43:14.037,InnoDB,UNDO_SPACE_RSEG,4897,38,1908
1787550194.036,2026-08-24 05:43:14.037,InnoDB,UNDO_SPACE_RSEG,4817,38,1810
1787550194.036,2026-08-24 05:43:14.037,InnoDB,UNDO_SPACE_RSEG,4941,38,1878
1787550194.036,2026-08-24 05:43:14.037,InnoDB,UNDO_SPACE_RSEG,4892,38,1851
1787550194.036,2026-08-24 05:43:14.037,InnoDB,UNDO_SPACE_RSEG,4700,38,1860
1787550194.036,2026-08-24 05:43:14.037,InnoDB,UNDO_SPACE_RSEG,5038,37,1910
1787550194.036,2026-08-24 05:43:14.037,InnoDB,UNDO_SPACE_RSEG,5280,37,2061
1787550194.036,2026-08-24 05:43:14.037,InnoDB,UNDO_SPACE_RSEG,4888,37,1940
1787550194.036,2026-08-24 05:43:14.037,InnoDB,UNDO_SPACE_RSEG,4996,37,1900
1787550194.036,2026-08-24 05:43:14.037,InnoDB,UNDO_SPACE_RSEG,4958,36,1946
1787550194.036,2026-08-24 05:43:14.037,InnoDB,LOCK_SYS_PAGE,1744,36,580
1787550194.036,2026-08-24 05:43:14.037,InnoDB,UNDO_SPACE_RSEG,4958,36,1933
1787550194.036,2026-08-24 05:43:14.037,InnoDB,UNDO_SPACE_RSEG,4931,36,1978
1787550194.036,2026-08-24 05:43:14.037,InnoDB,UNDO_SPACE_RSEG,4864,36,1901
1787550194.036,2026-08-24 05:43:14.037,InnoDB,UNDO_SPACE_RSEG,5011,35,1966
1787550194.036,2026-08-24 05:43:14.037,InnoDB,UNDO_SPACE_RSEG,4923,35,1890
1787550194.036,2026-08-24 05:43:14.037,InnoDB,UNDO_SPACE_RSEG,4819,35,1926
1787550194.036,2026-08-24 05:43:14.037,InnoDB,UNDO_SPACE_RSEG,4849,35,1890
1787550194.036,2026-08-24 05:43:14.037,InnoDB,UNDO_SPACE_RSEG,4739,35,1847
1787550194.036,2026-08-24 05:43:14.037,InnoDB,UNDO_SPACE_RSEG,4954,35,2028
1787550194.036,2026-08-24 05:43:14.037,InnoDB,UNDO_SPACE_RSEG,4886,35,1947
1787550194.036,2026-08-24 05:43:14.037,InnoDB,UNDO_SPACE_RSEG,4792,35,1876
1787550194.036,2026-08-24 05:43:14.037,InnoDB,UNDO_SPACE_RSEG,5014,35,1937
1787550194.036,2026-08-24 05:43:14.037,InnoDB,UNDO_SPACE_RSEG,4901,35,1889
1787550194.036,2026-08-24 05:43:14.037,InnoDB,UNDO_SPACE_RSEG,4785,35,1880
1787550194.036,2026-08-24 05:43:14.037,InnoDB,UNDO_SPACE_RSEG,4744,35,1916
1787550194.036,2026-08-24 05:43:14.037,InnoDB,UNDO_SPACE_RSEG,4996,35,1913
1787550194.036,2026-08-24 05:43:14.037,InnoDB,UNDO_SPACE_RSEG,4780,34,1833
1787550194.036,2026-08-24 05:43:14.037,InnoDB,UNDO_SPACE_RSEG,4838,34,1883
1787550194.036,2026-08-24 05:43:14.037,InnoDB,UNDO_SPACE_RSEG,4900,34,1917
1787550194.036,2026-08-24 05:43:14.037,InnoDB,UNDO_SPACE_RSEG,4900,34,1870
1787550194.036,2026-08-24 05:43:14.037,InnoDB,UNDO_SPACE_RSEG,4789,34,1920
1787550194.036,2026-08-24 05:43:14.037,InnoDB,UNDO_SPACE_RSEG,4634,34,1839
1787550194.036,2026-08-24 05:43:14.037,InnoDB,UNDO_SPACE_RSEG,4912,34,1936
1787550194.036,2026-08-24 05:43:14.037,InnoDB,UNDO_SPACE_RSEG,4865,34,1967
1787550194.036,2026-08-24 05:43:14.037,InnoDB,UNDO_SPACE_RSEG,4913,33,1966
1787550194.036,2026-08-24 05:43:14.037,InnoDB,UNDO_SPACE_RSEG,4876,33,1925
1787550194.036,2026-08-24 05:43:14.037,InnoDB,UNDO_SPACE_RSEG,4878,33,1962
1787550194.036,2026-08-24 05:43:14.037,InnoDB,UNDO_SPACE_RSEG,5018,33,1995
1787550194.036,2026-08-24 05:43:14.037,InnoDB,UNDO_SPACE_RSEG,4762,33,1967
1787550194.036,2026-08-24 05:43:14.037,InnoDB,UNDO_SPACE_RSEG,4769,33,1925
1787550194.036,2026-08-24 05:43:14.037,InnoDB,LOCK_SYS_PAGE,1553,32,516
1787550194.036,2026-08-24 05:43:14.037,InnoDB,UNDO_SPACE_RSEG,4950,32,1936
1787550194.036,2026-08-24 05:43:14.037,InnoDB,UNDO_SPACE_RSEG,4818,32,1854
1787550194.036,2026-08-24 05:43:14.037,InnoDB,UNDO_SPACE_RSEG,5054,32,2057
1787550194.036,2026-08-24 05:43:14.037,InnoDB,LOCK_SYS_PAGE,1522,32,488
1787550194.036,2026-08-24 05:43:14.037,InnoDB,UNDO_SPACE_RSEG,4738,32,1922
1787550194.036,2026-08-24 05:43:14.037,InnoDB,UNDO_SPACE_RSEG,4658,32,1852
1787550194.036,2026-08-24 05:43:14.037,InnoDB,UNDO_SPACE_RSEG,4809,32,1979
1787550194.036,2026-08-24 05:43:14.037,InnoDB,UNDO_SPACE_RSEG,4846,32,2006
1787550194.036,2026-08-24 05:43:14.037,InnoDB,UNDO_SPACE_RSEG,4965,32,1947
1787550194.036,2026-08-24 05:43:14.037,InnoDB,UNDO_SPACE_RSEG,4838,32,1945
1787550194.036,2026-08-24 05:43:14.037,InnoDB,UNDO_SPACE_RSEG,4864,32,1976
1787550194.036,2026-08-24 05:43:14.037,InnoDB,UNDO_SPACE_RSEG,4734,31,1993
1787550194.036,2026-08-24 05:43:14.037,InnoDB,UNDO_SPACE_RSEG,4726,31,1963
1787550194.036,2026-08-24 05:43:14.037,InnoDB,UNDO_SPACE_RSEG,4834,31,1916
1787550194.036,2026-08-24 05:43:14.037,InnoDB,UNDO_SPACE_RSEG,4839,31,2004
1787550194.036,2026-08-24 05:43:14.037,InnoDB,UNDO_SPACE_RSEG,4509,31,1838
1787550194.036,2026-08-24 05:43:14.037,InnoDB,UNDO_SPACE_RSEG,4682,31,1904
1787550194.036,2026-08-24 05:43:14.037,InnoDB,LOCK_SYS_PAGE,1660,31,566
1787550194.036,2026-08-24 05:43:14.037,InnoDB,UNDO_SPACE_RSEG,4915,31,1972
1787550194.036,2026-08-24 05:43:14.037,InnoDB,UNDO_SPACE_RSEG,4666,31,1871
1787550194.036,2026-08-24 05:43:14.037,InnoDB,UNDO_SPACE_RSEG,4697,31,1925
1787550194.036,2026-08-24 05:43:14.037,InnoDB,LOCK_SYS_PAGE,1721,31,606
1787550194.036,2026-08-24 05:43:14.037,InnoDB,UNDO_SPACE_RSEG,4772,31,1946
1787550194.036,2026-08-24 05:43:14.037,InnoDB,UNDO_SPACE_RSEG,4811,31,1938
1787550194.036,2026-08-24 05:43:14.037,InnoDB,UNDO_SPACE_RSEG,4844,31,1926
1787550194.036,2026-08-24 05:43:14.037,InnoDB,UNDO_SPACE_RSEG,4902,31,1891
1787550194.036,2026-08-24 05:43:14.037,InnoDB,UNDO_SPACE_RSEG,4772,31,1937
1787550194.036,2026-08-24 05:43:14.037,InnoDB,UNDO_SPACE_RSEG,4684,31,1908
1787550194.036,2026-08-24 05:43:14.037,InnoDB,UNDO_SPACE_RSEG,4643,30,1879
1787550194.036,2026-08-24 05:43:14.037,InnoDB,UNDO_SPACE_RSEG,4803,30,1902
1787550194.036,2026-08-24 05:43:14.037,InnoDB,LOCK_SYS_PAGE,1518,30,575
1787550194.036,2026-08-24 05:43:14.037,InnoDB,UNDO_SPACE_RSEG,4709,30,1918
1787550194.036,2026-08-24 05:43:14.037,InnoDB,UNDO_SPACE_RSEG,4816,30,1940
1787550194.036,2026-08-24 05:43:14.037,InnoDB,UNDO_SPACE_RSEG,4726,30,1942
1787550194.036,2026-08-24 05:43:14.037,InnoDB,UNDO_SPACE_RSEG,4752,30,1889
1787550194.036,2026-08-24 05:43:14.037,InnoDB,LOCK_SYS_PAGE,1655,30,514
1787550194.036,2026-08-24 05:43:14.037,InnoDB,LOCK_SYS_PAGE,1559,30,593
1787550194.036,2026-08-24 05:43:14.037,InnoDB,UNDO_SPACE_RSEG,4510,30,1851
1787550194.036,2026-08-24 05:43:14.037,InnoDB,LOCK_SYS_PAGE,1629,30,559
1787550194.036,2026-08-24 05:43:14.037,InnoDB,UNDO_SPACE_RSEG,4555,30,1882
1787550194.036,2026-08-24 05:43:14.037,InnoDB,UNDO_SPACE_RSEG,4759,30,2006
1787550194.036,2026-08-24 05:43:14.037,InnoDB,UNDO_SPACE_RSEG,4720,30,1896
1787550194.036,2026-08-24 05:43:14.037,InnoDB,UNDO_SPACE_RSEG,4737,30,1885
1787550194.036,2026-08-24 05:43:14.037,InnoDB,UNDO_SPACE_RSEG,4574,29,1866
1787550194.036,2026-08-24 05:43:14.037,InnoDB,UNDO_SPACE_RSEG,4563,29,1914
1787550194.036,2026-08-24 05:43:14.037,InnoDB,UNDO_SPACE_RSEG,4678,29,1911
1787550194.036,2026-08-24 05:43:14.037,InnoDB,LOCK_SYS_PAGE,1568,29,536
1787550194.036,2026-08-24 05:43:14.037,InnoDB,UNDO_SPACE_RSEG,4682,29,1912
1787550194.036,2026-08-24 05:43:14.037,InnoDB,UNDO_SPACE_RSEG,4594,29,1888
1787550194.036,2026-08-24 05:43:14.037,InnoDB,UNDO_SPACE_RSEG,4706,29,1900
1787550194.036,2026-08-24 05:43:14.037,InnoDB,UNDO_SPACE_RSEG,4641,29,1883
1787550194.036,2026-08-24 05:43:14.037,InnoDB,UNDO_SPACE_RSEG,4688,29,1972
1787550194.036,2026-08-24 05:43:14.037,InnoDB,UNDO_SPACE_RSEG,4829,29,1943
1787550194.036,2026-08-24 05:43:14.037,InnoDB,UNDO_SPACE_RSEG,4678,29,1917
1787550194.036,2026-08-24 05:43:14.037,InnoDB,UNDO_SPACE_RSEG,4784,29,1999
1787550194.036,2026-08-24 05:43:14.037,InnoDB,LOCK_SYS_PAGE,1606,29,574
1787550194.036,2026-08-24 05:43:14.037,InnoDB,LOCK_SYS_PAGE,1492,29,498
1787550194.036,2026-08-24 05:43:14.037,InnoDB,LOCK_SYS_PAGE,1508,28,565
1787550194.036,2026-08-24 05:43:14.037,InnoDB,LOCK_SYS_PAGE,1466,28,497
1787550194.036,2026-08-24 05:43:14.037,InnoDB,LOCK_SYS_PAGE,1439,28,490
1787550194.036,2026-08-24 05:43:14.037,InnoDB,LOCK_SYS_PAGE,1444,28,516
1787550194.036,2026-08-24 05:43:14.037,InnoDB,UNDO_SPACE_RSEG,4647,28,1897
1787550194.036,2026-08-24 05:43:14.037,InnoDB,LOCK_SYS_PAGE,1556,28,569
1787550194.036,2026-08-24 05:43:14.037,InnoDB,LOCK_SYS_PAGE,1515,28,575
1787550194.036,2026-08-24 05:43:14.037,InnoDB,LOCK_SYS_PAGE,1509,28,570
1787550194.036,2026-08-24 05:43:14.037,InnoDB,DICT_TABLE_STATS_COMPUTE,840,28,7
1787550194.036,2026-08-24 05:43:14.037,InnoDB,UNDO_SPACE_RSEG,4379,28,1826
1787550194.036,2026-08-24 05:43:14.037,InnoDB,UNDO_SPACE_RSEG,4891,28,1964
1787550194.036,2026-08-24 05:43:14.037,InnoDB,UNDO_SPACE_RSEG,4644,28,1941
1787550194.036,2026-08-24 05:43:14.037,InnoDB,UNDO_SPACE_RSEG,4744,28,1952
1787550194.036,2026-08-24 05:43:14.037,InnoDB,UNDO_SPACE_RSEG,4559,28,1931
1787550194.036,2026-08-24 05:43:14.037,InnoDB,UNDO_SPACE_RSEG,4648,28,1909
1787550194.036,2026-08-24 05:43:14.037,InnoDB,UNDO_SPACE_RSEG,4608,28,1877
1787550194.036,2026-08-24 05:43:14.037,InnoDB,UNDO_SPACE_RSEG,4469,28,1882
1787550194.036,2026-08-24 05:43:14.037,InnoDB,UNDO_SPACE_RSEG,4577,28,1928
1787550194.036,2026-08-24 05:43:14.037,InnoDB,UNDO_SPACE_RSEG,4827,28,1987
1787550194.036,2026-08-24 05:43:14.037,InnoDB,UNDO_SPACE_RSEG,4603,28,1929
1787550194.036,2026-08-24 05:43:14.037,InnoDB,UNDO_SPACE_RSEG,4597,28,1858
1787550194.036,2026-08-24 05:43:14.037,InnoDB,UNDO_SPACE_RSEG,4837,28,1922
1787550194.036,2026-08-24 05:43:14.037,InnoDB,UNDO_SPACE_RSEG,4648,28,1928
1787550194.036,2026-08-24 05:43:14.037,InnoDB,UNDO_SPACE_RSEG,4669,28,1894
1787550194.036,2026-08-24 05:43:14.037,InnoDB,UNDO_SPACE_RSEG,4628,28,1889
1787550194.036,2026-08-24 05:43:14.037,InnoDB,UNDO_SPACE_RSEG,4834,28,1987
1787550194.036,2026-08-24 05:43:14.037,InnoDB,UNDO_SPACE_RSEG,4659,28,1947
1787550194.036,2026-08-24 05:43:14.037,InnoDB,UNDO_SPACE_RSEG,4795,28,1973
1787550194.036,2026-08-24 05:43:14.037,InnoDB,UNDO_SPACE_RSEG,4600,28,1939
1787550194.036,2026-08-24 05:43:14.037,InnoDB,LOCK_SYS_PAGE,1520,28,584
1787550194.036,2026-08-24 05:43:14.037,InnoDB,UNDO_SPACE_RSEG,4769,27,1957
1787550194.036,2026-08-24 05:43:14.037,InnoDB,UNDO_SPACE_RSEG,4752,27,1928
1787550194.036,2026-08-24 05:43:14.037,InnoDB,LOCK_SYS_PAGE,1543,27,542
1787550194.036,2026-08-24 05:43:14.037,InnoDB,UNDO_SPACE_RSEG,4461,27,1823
1787550194.036,2026-08-24 05:43:14.037,InnoDB,UNDO_SPACE_RSEG,4539,27,1963
1787550194.036,2026-08-24 05:43:14.037,InnoDB,UNDO_SPACE_RSEG,4646,27,1935
1787550194.036,2026-08-24 05:43:14.037,InnoDB,LOCK_SYS_PAGE,1441,27,527
1787550194.036,2026-08-24 05:43:14.037,InnoDB,LOCK_SYS_PAGE,1522,27,520
1787550194.036,2026-08-24 05:43:14.037,InnoDB,UNDO_SPACE_RSEG,4383,27,1851
1787550194.036,2026-08-24 05:43:14.037,InnoDB,UNDO_SPACE_RSEG,4573,27,1937
1787550194.036,2026-08-24 05:43:14.037,InnoDB,UNDO_SPACE_RSEG,4756,27,1911
1787550194.036,2026-08-24 05:43:14.037,InnoDB,UNDO_SPACE_RSEG,4805,27,2009
1787550194.036,2026-08-24 05:43:14.037,InnoDB,UNDO_SPACE_RSEG,4356,27,1807
1787550194.036,2026-08-24 05:43:14.037,InnoDB,UNDO_SPACE_RSEG,4462,27,1867
1787550194.036,2026-08-24 05:43:14.037,InnoDB,UNDO_SPACE_RSEG,4627,27,1926
1787550194.036,2026-08-24 05:43:14.037,InnoDB,UNDO_SPACE_RSEG,4295,27,1812
1787550194.036,2026-08-24 05:43:14.037,InnoDB,UNDO_SPACE_RSEG,4737,27,1938
1787550194.036,2026-08-24 05:43:14.037,InnoDB,LOCK_SYS_PAGE,1436,27,548
1787550194.036,2026-08-24 05:43:14.037,InnoDB,UNDO_SPACE_RSEG,4513,27,1872
1787550194.036,2026-08-24 05:43:14.037,InnoDB,UNDO_SPACE_RSEG,4519,27,1911
1787550194.036,2026-08-24 05:43:14.037,InnoDB,UNDO_SPACE_RSEG,4699,27,1906
1787550194.036,2026-08-24 05:43:14.037,InnoDB,LOCK_SYS_PAGE,1527,27,570
1787550194.036,2026-08-24 05:43:14.037,InnoDB,UNDO_SPACE_RSEG,4782,27,1954
1787550194.036,2026-08-24 05:43:14.037,InnoDB,UNDO_SPACE_RSEG,4624,27,1835
1787550194.036,2026-08-24 05:43:14.037,InnoDB,UNDO_SPACE_RSEG,4733,27,1897
1787550194.036,2026-08-24 05:43:14.037,InnoDB,LOCK_SYS_PAGE,1540,27,570
1787550194.036,2026-08-24 05:43:14.037,InnoDB,UNDO_SPACE_RSEG,4578,27,1941
1787550194.036,2026-08-24 05:43:14.037,InnoDB,UNDO_SPACE_RSEG,4425,27,1764
1787550194.036,2026-08-24 05:43:14.037,InnoDB,UNDO_SPACE_RSEG,4510,26,1832
1787550194.036,2026-08-24 05:43:14.037,InnoDB,LOCK_SYS_PAGE,1506,26,539
1787550194.036,2026-08-24 05:43:14.037,InnoDB,LOCK_SYS_PAGE,1431,26,475
1787550194.036,2026-08-24 05:43:14.037,InnoDB,UNDO_SPACE_RSEG,4392,26,1864
1787550194.036,2026-08-24 05:43:14.037,InnoDB,UNDO_SPACE_RSEG,4419,26,1852
1787550194.036,2026-08-24 05:43:14.037,InnoDB,LOCK_SYS_PAGE,1485,26,486
1787550194.036,2026-08-24 05:43:14.037,InnoDB,UNDO_SPACE_RSEG,4769,26,1974
1787550194.036,2026-08-24 05:43:14.037,InnoDB,UNDO_SPACE_RSEG,4633,26,1934
1787550194.036,2026-08-24 05:43:14.037,InnoDB,LOCK_SYS_PAGE,1418,26,541
1787550194.036,2026-08-24 05:43:14.037,InnoDB,UNDO_SPACE_RSEG,4561,26,1926
1787550194.036,2026-08-24 05:43:14.037,InnoDB,UNDO_SPACE_RSEG,5008,26,2060
1787550194.036,2026-08-24 05:43:14.037,InnoDB,LOCK_SYS_PAGE,1443,26,516
1787550194.036,2026-08-24 05:43:14.037,InnoDB,LOCK_SYS_PAGE,1402,26,519
1787550194.036,2026-08-24 05:43:14.037,InnoDB,UNDO_SPACE_RSEG,4589,26,1904
1787550194.036,2026-08-24 05:43:14.037,InnoDB,LOCK_SYS_PAGE,1462,26,532
1787550194.036,2026-08-24 05:43:14.037,InnoDB,UNDO_SPACE_RSEG,4612,26,1938
1787550194.036,2026-08-24 05:43:14.037,InnoDB,UNDO_SPACE_RSEG,4467,26,1836
1787550194.036,2026-08-24 05:43:14.037,InnoDB,LOCK_SYS_PAGE,1519,26,582
1787550194.036,2026-08-24 05:43:14.037,InnoDB,UNDO_SPACE_RSEG,4674,26,1881
1787550194.036,2026-08-24 05:43:14.037,InnoDB,LOCK_SYS_PAGE,1567,26,579
1787550194.036,2026-08-24 05:43:14.037,InnoDB,UNDO_SPACE_RSEG,4623,26,1936
1787550194.036,2026-08-24 05:43:14.037,InnoDB,UNDO_SPACE_RSEG,4637,26,1937
1787550194.036,2026-08-24 05:43:14.037,InnoDB,LOCK_SYS_PAGE,1489,26,509
1787550194.036,2026-08-24 05:43:14.037,InnoDB,UNDO_SPACE_RSEG,4547,26,1939
1787550194.036,2026-08-24 05:43:14.037,InnoDB,UNDO_SPACE_RSEG,4428,26,1823
1787550194.036,2026-08-24 05:43:14.037,InnoDB,UNDO_SPACE_RSEG,4538,26,1877
1787550194.036,2026-08-24 05:43:14.037,InnoDB,UNDO_SPACE_RSEG,4746,26,1929
1787550194.036,2026-08-24 05:43:14.037,InnoDB,LOCK_SYS_PAGE,1363,26,501
1787550194.036,2026-08-24 05:43:14.037,InnoDB,LOCK_SYS_PAGE,1395,26,520
1787550194.036,2026-08-24 05:43:14.037,InnoDB,UNDO_SPACE_RSEG,4642,26,1895
1787550194.036,2026-08-24 05:43:14.037,InnoDB,UNDO_SPACE_RSEG,4582,26,1950
1787550194.036,2026-08-24 05:43:14.037,InnoDB,LOCK_SYS_PAGE,1491,25,585
1787550194.036,2026-08-24 05:43:14.037,InnoDB,UNDO_SPACE_RSEG,4447,25,1940
1787550194.036,2026-08-24 05:43:14.037,InnoDB,UNDO_SPACE_RSEG,4679,25,1899
1787550194.036,2026-08-24 05:43:14.037,InnoDB,UNDO_SPACE_RSEG,4556,25,1936
1787550194.036,2026-08-24 05:43:14.037,InnoDB,UNDO_SPACE_RSEG,4484,25,1901
1787550194.036,2026-08-24 05:43:14.037,InnoDB,LOCK_SYS_PAGE,1479,25,534
1787550194.036,2026-08-24 05:43:14.037,InnoDB,UNDO_SPACE_RSEG,4407,25,1862
1787550194.036,2026-08-24 05:43:14.037,InnoDB,UNDO_SPACE_RSEG,4700,25,1946
1787550194.036,2026-08-24 05:43:14.037,InnoDB,UNDO_SPACE_RSEG,4340,25,1814
1787550194.036,2026-08-24 05:43:14.037,InnoDB,LOCK_SYS_PAGE,1513,25,572
1787550194.036,2026-08-24 05:43:14.037,InnoDB,LOCK_SYS_PAGE,1374,25,515
1787550194.036,2026-08-24 05:43:14.037,InnoDB,UNDO_SPACE_RSEG,4404,25,1862
1787550194.036,2026-08-24 05:43:14.037,InnoDB,UNDO_SPACE_RSEG,4719,25,1900
1787550194.036,2026-08-24 05:43:14.037,InnoDB,UNDO_SPACE_RSEG,4672,25,1936
1787550194.036,2026-08-24 05:43:14.037,InnoDB,LOCK_SYS_PAGE,1401,25,525
1787550194.036,2026-08-24 05:43:14.037,InnoDB,UNDO_SPACE_RSEG,4677,25,2006
1787550194.036,2026-08-24 05:43:14.037,InnoDB,LOCK_SYS_PAGE,1415,25,465
1787550194.036,2026-08-24 05:43:14.037,InnoDB,UNDO_SPACE_RSEG,4760,25,1956
1787550194.036,2026-08-24 05:43:14.037,InnoDB,LOCK_SYS_PAGE,1415,25,579
1787550194.036,2026-08-24 05:43:14.037,InnoDB,UNDO_SPACE_RSEG,4563,25,1904
1787550194.036,2026-08-24 05:43:14.037,InnoDB,UNDO_SPACE_RSEG,4722,25,1980
1787550194.036,2026-08-24 05:43:14.037,InnoDB,LOCK_SYS_PAGE,1374,25,521
1787550194.036,2026-08-24 05:43:14.037,InnoDB,LOCK_SYS_PAGE,1445,25,505
1787550194.036,2026-08-24 05:43:14.037,InnoDB,LOCK_SYS_PAGE,1430,25,551
1787550194.036,2026-08-24 05:43:14.037,InnoDB,UNDO_SPACE_RSEG,4358,25,1880
1787550194.036,2026-08-24 05:43:14.037,InnoDB,UNDO_SPACE_RSEG,4428,25,1878
1787550194.036,2026-08-24 05:43:14.037,InnoDB,LOCK_SYS_PAGE,1502,25,520
1787550194.036,2026-08-24 05:43:14.037,InnoDB,LOCK_SYS_PAGE,1437,25,546
1787550194.036,2026-08-24 05:43:14.037,InnoDB,UNDO_SPACE_RSEG,4483,25,1841
1787550194.036,2026-08-24 05:43:14.037,InnoDB,UNDO_SPACE_RSEG,4454,25,1880
1787550194.036,2026-08-24 05:43:14.037,InnoDB,LOCK_SYS_PAGE,1459,25,563
1787550194.036,2026-08-24 05:43:14.037,InnoDB,UNDO_SPACE_RSEG,4563,25,1941
1787550194.036,2026-08-24 05:43:14.037,InnoDB,UNDO_SPACE_RSEG,4456,25,1849
1787550194.036,2026-08-24 05:43:14.037,InnoDB,UNDO_SPACE_RSEG,4616,24,1928
1787550194.036,2026-08-24 05:43:14.037,InnoDB,LOCK_SYS_PAGE,1438,24,535
1787550194.036,2026-08-24 05:43:14.037,InnoDB,LOCK_SYS_PAGE,1460,24,565
1787550194.036,2026-08-24 05:43:14.037,InnoDB,UNDO_SPACE_RSEG,4540,24,1921
1787550194.036,2026-08-24 05:43:14.037,InnoDB,LOCK_SYS_PAGE,1401,24,538
1787550194.036,2026-08-24 05:43:14.037,InnoDB,LOCK_SYS_PAGE,1462,24,560
1787550194.036,2026-08-24 05:43:14.037,InnoDB,UNDO_SPACE_RSEG,4530,24,1937
1787550194.036,2026-08-24 05:43:14.037,InnoDB,LOCK_SYS_PAGE,1450,24,575
1787550194.036,2026-08-24 05:43:14.037,InnoDB,LOCK_SYS_PAGE,1406,24,533
1787550194.036,2026-08-24 05:43:14.037,InnoDB,UNDO_SPACE_RSEG,4421,24,1808
1787550194.036,2026-08-24 05:43:14.037,InnoDB,LOCK_SYS_PAGE,1368,24,577
1787550194.036,2026-08-24 05:43:14.037,InnoDB,LOCK_SYS_PAGE,1493,24,589
1787550194.036,2026-08-24 05:43:14.037,InnoDB,LOCK_SYS_PAGE,1328,24,530
1787550194.036,2026-08-24 05:43:14.037,InnoDB,LOCK_SYS_PAGE,1275,24,495
1787550194.036,2026-08-24 05:43:14.037,InnoDB,UNDO_SPACE_RSEG,4517,24,1874
1787550194.036,2026-08-24 05:43:14.037,InnoDB,UNDO_SPACE_RSEG,4384,24,1846
1787550194.036,2026-08-24 05:43:14.037,InnoDB,LOCK_SYS_PAGE,1336,24,480
1787550194.036,2026-08-24 05:43:14.037,InnoDB,UNDO_SPACE_RSEG,4401,24,1880
1787550194.036,2026-08-24 05:43:14.037,InnoDB,UNDO_SPACE_RSEG,4584,24,1914
1787550194.036,2026-08-24 05:43:14.037,InnoDB,UNDO_SPACE_RSEG,4384,24,1824
1787550194.036,2026-08-24 05:43:14.037,InnoDB,LOCK_SYS_PAGE,1606,24,596
1787550194.036,2026-08-24 05:43:14.037,InnoDB,LOCK_SYS_PAGE,1428,24,588
1787550194.036,2026-08-24 05:43:14.037,InnoDB,UNDO_SPACE_RSEG,4687,24,1954
1787550194.036,2026-08-24 05:43:14.037,InnoDB,LOCK_SYS_PAGE,1367,24,503
1787550194.036,2026-08-24 05:43:14.037,InnoDB,LOCK_SYS_PAGE,1343,24,515
1787550194.036,2026-08-24 05:43:14.037,InnoDB,UNDO_SPACE_RSEG,4451,24,1869
1787550194.036,2026-08-24 05:43:14.037,InnoDB,UNDO_SPACE_RSEG,4726,24,1985
1787550194.036,2026-08-24 05:43:14.037,InnoDB,UNDO_SPACE_RSEG,4473,24,1915
1787550194.036,2026-08-24 05:43:14.037,InnoDB,UNDO_SPACE_RSEG,4617,24,1980
1787550194.036,2026-08-24 05:43:14.037,InnoDB,UNDO_SPACE_RSEG,4564,24,1962
1787550194.036,2026-08-24 05:43:14.037,InnoDB,LOCK_SYS_PAGE,1308,24,514
1787550194.036,2026-08-24 05:43:14.037,InnoDB,UNDO_SPACE_RSEG,4464,24,1925
1787550194.036,2026-08-24 05:43:14.037,InnoDB,LOCK_SYS_PAGE,1474,24,622
1787550194.036,2026-08-24 05:43:14.037,InnoDB,LOCK_SYS_PAGE,1402,24,481
1787550194.036,2026-08-24 05:43:14.037,InnoDB,LOCK_SYS_PAGE,1366,23,549
1787550194.036,2026-08-24 05:43:14.037,InnoDB,UNDO_SPACE_RSEG,4685,23,1940
1787550194.036,2026-08-24 05:43:14.037,InnoDB,LOCK_SYS_PAGE,1410,23,581
1787550194.036,2026-08-24 05:43:14.037,InnoDB,LOCK_SYS_PAGE,1364,23,554
1787550194.036,2026-08-24 05:43:14.037,InnoDB,LOCK_SYS_PAGE,1343,23,475
1787550194.036,2026-08-24 05:43:14.037,InnoDB,LOCK_SYS_PAGE,1354,23,550
1787550194.036,2026-08-24 05:43:14.037,InnoDB,UNDO_SPACE_RSEG,4531,23,1907
1787550194.036,2026-08-24 05:43:14.037,InnoDB,LOCK_SYS_PAGE,1291,23,536
1787550194.036,2026-08-24 05:43:14.037,InnoDB,UNDO_SPACE_RSEG,4373,23,1856
1787550194.036,2026-08-24 05:43:14.037,InnoDB,LOCK_SYS_PAGE,1356,23,534
1787550194.036,2026-08-24 05:43:14.037,InnoDB,UNDO_SPACE_RSEG,4566,23,1906
1787550194.036,2026-08-24 05:43:14.037,InnoDB,UNDO_SPACE_RSEG,4551,23,1890
1787550194.036,2026-08-24 05:43:14.037,InnoDB,UNDO_SPACE_RSEG,4516,23,1927
1787550194.036,2026-08-24 05:43:14.037,InnoDB,UNDO_SPACE_RSEG,4403,23,1882
1787550194.036,2026-08-24 05:43:14.037,InnoDB,UNDO_SPACE_RSEG,4591,23,1917
1787550194.036,2026-08-24 05:43:14.037,InnoDB,UNDO_SPACE_RSEG,4490,23,1844
1787550194.036,2026-08-24 05:43:14.037,InnoDB,LOCK_SYS_PAGE,1291,23,511
1787550194.036,2026-08-24 05:43:14.037,InnoDB,LOCK_SYS_PAGE,1277,23,506
1787550194.036,2026-08-24 05:43:14.037,InnoDB,LOCK_SYS_PAGE,1275,23,452
1787550194.036,2026-08-24 05:43:14.037,InnoDB,LOCK_SYS_PAGE,1352,23,543
1787550194.036,2026-08-24 05:43:14.037,InnoDB,UNDO_SPACE_RSEG,4484,23,1860
1787550194.036,2026-08-24 05:43:14.037,InnoDB,LOCK_SYS_PAGE,1428,23,603
1787550194.036,2026-08-24 05:43:14.037,InnoDB,UNDO_SPACE_RSEG,4455,23,1865
1787550194.036,2026-08-24 05:43:14.037,InnoDB,LOCK_SYS_PAGE,1384,23,581
1787550194.036,2026-08-24 05:43:14.037,InnoDB,LOCK_SYS_PAGE,1352,23,511
1787550194.036,2026-08-24 05:43:14.037,InnoDB,LOCK_SYS_PAGE,1470,23,563
1787550194.036,2026-08-24 05:43:14.037,InnoDB,LOCK_SYS_PAGE,1309,23,543
1787550194.036,2026-08-24 05:43:14.037,InnoDB,LOCK_SYS_PAGE,1424,23,565
1787550194.036,2026-08-24 05:43:14.037,InnoDB,LOCK_SYS_PAGE,1376,23,570
1787550194.036,2026-08-24 05:43:14.037,InnoDB,LOCK_SYS_PAGE,1287,23,519
1787550194.036,2026-08-24 05:43:14.037,InnoDB,UNDO_SPACE_RSEG,4574,23,1938
1787550194.036,2026-08-24 05:43:14.037,InnoDB,UNDO_SPACE_RSEG,4616,23,1916
1787550194.036,2026-08-24 05:43:14.037,InnoDB,LOCK_SYS_PAGE,1354,23,494
1787550194.036,2026-08-24 05:43:14.037,InnoDB,UNDO_SPACE_RSEG,4556,23,1915
1787550194.036,2026-08-24 05:43:14.037,InnoDB,UNDO_SPACE_RSEG,4240,23,1846
1787550194.036,2026-08-24 05:43:14.037,InnoDB,UNDO_SPACE_RSEG,4371,23,1871
1787550194.036,2026-08-24 05:43:14.037,InnoDB,UNDO_SPACE_RSEG,4377,23,1870
1787550194.036,2026-08-24 05:43:14.037,InnoDB,UNDO_SPACE_RSEG,4795,23,2014
1787550194.036,2026-08-24 05:43:14.037,InnoDB,LOCK_SYS_PAGE,1368,23,549
1787550194.036,2026-08-24 05:43:14.037,InnoDB,LOCK_SYS_PAGE,1426,23,537
1787550194.036,2026-08-24 05:43:14.037,InnoDB,UNDO_SPACE_RSEG,4498,22,1918
1787550194.036,2026-08-24 05:43:14.037,InnoDB,LOCK_SYS_PAGE,1347,22,590
1787550194.036,2026-08-24 05:43:14.037,InnoDB,UNDO_SPACE_RSEG,4451,22,1909
1787550194.036,2026-08-24 05:43:14.037,InnoDB,LOCK_SYS_PAGE,1314,22,543
1787550194.036,2026-08-24 05:43:14.037,InnoDB,LOCK_SYS_PAGE,1293,22,521
1787550194.036,2026-08-24 05:43:14.037,InnoDB,LOCK_SYS_PAGE,1433,22,541
1787550194.036,2026-08-24 05:43:14.037,InnoDB,LOCK_SYS_PAGE,1400,22,581
1787550194.036,2026-08-24 05:43:14.037,InnoDB,LOCK_SYS_PAGE,1290,22,521
1787550194.036,2026-08-24 05:43:14.037,InnoDB,UNDO_SPACE_RSEG,4708,22,1935
1787550194.036,2026-08-24 05:43:14.037,InnoDB,LOCK_SYS_PAGE,1248,22,502
1787550194.036,2026-08-24 05:43:14.037,InnoDB,LOCK_SYS_PAGE,1266,22,505
1787550194.036,2026-08-24 05:43:14.037,InnoDB,LOCK_SYS_PAGE,1302,22,563
1787550194.036,2026-08-24 05:43:14.037,InnoDB,LOCK_SYS_PAGE,1352,22,529
1787550194.036,2026-08-24 05:43:14.037,InnoDB,LOCK_SYS_PAGE,1373,22,556
1787550194.036,2026-08-24 05:43:14.037,InnoDB,LOCK_SYS_PAGE,1415,22,566
1787550194.036,2026-08-24 05:43:14.037,InnoDB,LOCK_SYS_PAGE,1289,22,496
1787550194.036,2026-08-24 05:43:14.037,InnoDB,LOCK_SYS_PAGE,1214,22,488
1787550194.036,2026-08-24 05:43:14.037,InnoDB,UNDO_SPACE_RSEG,4481,22,1891
1787550194.036,2026-08-24 05:43:14.037,InnoDB,UNDO_SPACE_RSEG,4653,22,1885
1787550194.036,2026-08-24 05:43:14.037,InnoDB,UNDO_SPACE_RSEG,4566,22,1974
1787550194.036,2026-08-24 05:43:14.037,InnoDB,LOCK_SYS_PAGE,1265,22,505
1787550194.036,2026-08-24 05:43:14.037,InnoDB,LOCK_SYS_PAGE,1363,22,532
1787550194.036,2026-08-24 05:43:14.037,InnoDB,LOCK_SYS_PAGE,1369,22,522
1787550194.036,2026-08-24 05:43:14.037,InnoDB,LOCK_SYS_PAGE,1336,22,528
1787550194.036,2026-08-24 05:43:14.037,InnoDB,LOCK_SYS_PAGE,1325,22,510
1787550194.036,2026-08-24 05:43:14.037,InnoDB,LOCK_SYS_PAGE,1308,22,551
1787550194.036,2026-08-24 05:43:14.037,InnoDB,LOCK_SYS_PAGE,1362,22,545
1787550194.036,2026-08-24 05:43:14.037,InnoDB,LOCK_SYS_PAGE,1325,22,521
1787550194.036,2026-08-24 05:43:14.037,InnoDB,LOCK_SYS_PAGE,1320,22,522
1787550194.036,2026-08-24 05:43:14.037,InnoDB,UNDO_SPACE_RSEG,4660,22,1924
1787550194.036,2026-08-24 05:43:14.037,InnoDB,LOCK_SYS_PAGE,1324,21,482
1787550194.036,2026-08-24 05:43:14.037,InnoDB,LOCK_SYS_PAGE,1292,21,549
1787550194.036,2026-08-24 05:43:14.037,InnoDB,LOCK_SYS_PAGE,1238,21,522
1787550194.036,2026-08-24 05:43:14.037,InnoDB,LOCK_SYS_PAGE,1292,21,500
1787550194.036,2026-08-24 05:43:14.037,InnoDB,LOCK_SYS_PAGE,1248,21,553
1787550194.036,2026-08-24 05:43:14.037,InnoDB,LOCK_SYS_PAGE,1430,21,538
1787550194.036,2026-08-24 05:43:14.037,InnoDB,LOCK_SYS_PAGE,1334,21,549
1787550194.036,2026-08-24 05:43:14.037,InnoDB,LOCK_SYS_PAGE,1326,21,551
1787550194.036,2026-08-24 05:43:14.037,InnoDB,LOCK_SYS_PAGE,1308,21,525
1787550194.036,2026-08-24 05:43:14.037,InnoDB,LOCK_SYS_PAGE,1242,21,528
1787550194.036,2026-08-24 05:43:14.037,InnoDB,UNDO_SPACE_RSEG,4489,21,1895
1787550194.036,2026-08-24 05:43:14.037,InnoDB,UNDO_SPACE_RSEG,4456,21,1916
1787550194.036,2026-08-24 05:43:14.037,InnoDB,LOCK_SYS_PAGE,1372,21,546
1787550194.036,2026-08-24 05:43:14.037,InnoDB,LOCK_SYS_PAGE,1328,21,527
1787550194.036,2026-08-24 05:43:14.037,InnoDB,UNDO_SPACE_RSEG,4346,21,1906
1787550194.036,2026-08-24 05:43:14.037,InnoDB,UNDO_SPACE_RSEG,4314,21,1808
1787550194.036,2026-08-24 05:43:14.037,InnoDB,LOCK_SYS_PAGE,1296,21,540
1787550194.036,2026-08-24 05:43:14.037,InnoDB,UNDO_SPACE_RSEG,4470,21,1999
1787550194.036,2026-08-24 05:43:14.037,InnoDB,LOCK_SYS_PAGE,1199,21,483
1787550194.036,2026-08-24 05:43:14.037,InnoDB,UNDO_SPACE_RSEG,4342,21,1907
1787550194.036,2026-08-24 05:43:14.037,InnoDB,UNDO_SPACE_RSEG,4706,21,2069
1787550194.036,2026-08-24 05:43:14.037,InnoDB,LOCK_SYS_PAGE,1247,21,523
1787550194.036,2026-08-24 05:43:14.037,InnoDB,LOCK_SYS_PAGE,1373,21,569
1787550194.036,2026-08-24 05:43:14.037,InnoDB,LOCK_SYS_PAGE,1310,21,539
1787550194.036,2026-08-24 05:43:14.037,InnoDB,LOCK_SYS_PAGE,1293,21,490
1787550194.036,2026-08-24 05:43:14.037,InnoDB,LOCK_SYS_PAGE,1245,21,532
1787550194.036,2026-08-24 05:43:14.037,InnoDB,UNDO_SPACE_RSEG,4370,21,1861
1787550194.036,2026-08-24 05:43:14.037,InnoDB,LOCK_SYS_PAGE,1409,21,548
1787550194.036,2026-08-24 05:43:14.037,InnoDB,UNDO_SPACE_RSEG,4429,21,1834
1787550194.036,2026-08-24 05:43:14.037,InnoDB,LOCK_SYS_PAGE,1295,21,557
1787550194.036,2026-08-24 05:43:14.037,InnoDB,LOCK_SYS_PAGE,1326,21,526
1787550194.036,2026-08-24 05:43:14.037,InnoDB,LOCK_SYS_PAGE,1227,21,514
1787550194.036,2026-08-24 05:43:14.037,InnoDB,UNDO_SPACE_RSEG,4490,21,1866
1787550194.036,2026-08-24 05:43:14.037,InnoDB,LOCK_SYS_PAGE,1384,21,514
1787550194.036,2026-08-24 05:43:14.037,InnoDB,LOCK_SYS_PAGE,1245,21,506
1787550194.036,2026-08-24 05:43:14.037,InnoDB,LOCK_SYS_PAGE,1368,21,592
1787550194.036,2026-08-24 05:43:14.037,InnoDB,LOCK_SYS_PAGE,1351,21,504
1787550194.036,2026-08-24 05:43:14.037,InnoDB,LOCK_SYS_PAGE,1293,21,529
1787550194.036,2026-08-24 05:43:14.037,InnoDB,LOCK_SYS_PAGE,1482,21,624
1787550194.036,2026-08-24 05:43:14.037,InnoDB,LOCK_SYS_PAGE,1268,21,568
1787550194.036,2026-08-24 05:43:14.037,InnoDB,LOCK_SYS_PAGE,1215,21,518
1787550194.036,2026-08-24 05:43:14.037,InnoDB,UNDO_SPACE_RSEG,4169,21,1807
1787550194.036,2026-08-24 05:43:14.037,InnoDB,LOCK_SYS_PAGE,1376,21,543
1787550194.036,2026-08-24 05:43:14.037,InnoDB,UNDO_SPACE_RSEG,4717,21,1987
1787550194.036,2026-08-24 05:43:14.037,InnoDB,LOCK_SYS_PAGE,1219,21,496
1787550194.036,2026-08-24 05:43:14.037,InnoDB,LOCK_SYS_PAGE,1401,21,657
1787550194.036,2026-08-24 05:43:14.037,InnoDB,UNDO_SPACE_RSEG,4611,21,1917
1787550194.036,2026-08-24 05:43:14.037,InnoDB,LOCK_SYS_PAGE,1219,21,524
1787550194.036,2026-08-24 05:43:14.037,InnoDB,UNDO_SPACE_RSEG,4411,20,1873
1787550194.036,2026-08-24 05:43:14.037,InnoDB,LOCK_SYS_PAGE,1272,20,551
1787550194.036,2026-08-24 05:43:14.037,InnoDB,LOCK_SYS_PAGE,1369,20,592
1787550194.036,2026-08-24 05:43:14.037,InnoDB,LOCK_SYS_PAGE,1259,20,516
1787550194.036,2026-08-24 05:43:14.037,InnoDB,LOCK_SYS_PAGE,1183,20,461
1787550194.036,2026-08-24 05:43:14.037,InnoDB,LOCK_SYS_PAGE,1520,20,543
1787550194.036,2026-08-24 05:43:14.037,InnoDB,UNDO_SPACE_RSEG,4232,20,1916
1787550194.036,2026-08-24 05:43:14.037,InnoDB,LOCK_SYS_PAGE,1249,20,522
1787550194.036,2026-08-24 05:43:14.037,InnoDB,UNDO_SPACE_RSEG,4536,20,1964
1787550194.036,2026-08-24 05:43:14.037,InnoDB,LOCK_SYS_PAGE,1232,20,541
1787550194.036,2026-08-24 05:43:14.037,InnoDB,LOCK_SYS_PAGE,1190,20,515
1787550194.036,2026-08-24 05:43:14.037,InnoDB,LOCK_SYS_PAGE,1252,20,570
1787550194.036,2026-08-24 05:43:14.037,InnoDB,LOCK_SYS_PAGE,1168,20,504
1787550194.036,2026-08-24 05:43:14.037,InnoDB,LOCK_SYS_PAGE,1270,20,494
1787550194.036,2026-08-24 05:43:14.037,InnoDB,UNDO_SPACE_RSEG,4499,20,1931
1787550194.036,2026-08-24 05:43:14.037,InnoDB,LOCK_SYS_PAGE,1166,20,453
1787550194.036,2026-08-24 05:43:14.037,InnoDB,LOCK_SYS_PAGE,1246,20,597
1787550194.036,2026-08-24 05:43:14.037,InnoDB,LOCK_SYS_PAGE,1303,20,501
1787550194.036,2026-08-24 05:43:14.037,InnoDB,LOCK_SYS_PAGE,1251,20,519
1787550194.036,2026-08-24 05:43:14.037,InnoDB,UNDO_SPACE_RSEG,4355,20,1838
1787550194.036,2026-08-24 05:43:14.037,InnoDB,LOCK_SYS_PAGE,1176,20,525
1787550194.036,2026-08-24 05:43:14.037,InnoDB,LOCK_SYS_PAGE,1406,20,617
1787550194.036,2026-08-24 05:43:14.037,InnoDB,LOCK_SYS_PAGE,1221,20,508
1787550194.036,2026-08-24 05:43:14.037,InnoDB,LOCK_SYS_PAGE,1254,20,560
1787550194.036,2026-08-24 05:43:14.037,InnoDB,LOCK_SYS_PAGE,1292,20,541
1787550194.036,2026-08-24 05:43:14.037,InnoDB,LOCK_SYS_PAGE,1308,20,575
1787550194.036,2026-08-24 05:43:14.037,InnoDB,UNDO_SPACE_RSEG,4404,20,1867
1787550194.036,2026-08-24 05:43:14.037,InnoDB,LOCK_SYS_PAGE,1250,20,578
1787550194.036,2026-08-24 05:43:14.037,InnoDB,LOCK_SYS_PAGE,1170,20,506
1787550194.036,2026-08-24 05:43:14.037,InnoDB,LOCK_SYS_PAGE,1337,20,603
1787550194.036,2026-08-24 05:43:14.037,InnoDB,LOCK_SYS_PAGE,1306,20,509
1787550194.036,2026-08-24 05:43:14.037,InnoDB,LOCK_SYS_PAGE,1279,20,519
1787550194.036,2026-08-24 05:43:14.037,InnoDB,LOCK_SYS_PAGE,1195,20,561
1787550194.036,2026-08-24 05:43:14.037,InnoDB,LOCK_SYS_PAGE,1287,20,507
1787550194.036,2026-08-24 05:43:14.037,InnoDB,UNDO_SPACE_RSEG,4170,20,1915
1787550194.036,2026-08-24 05:43:14.037,InnoDB,LOCK_SYS_PAGE,1249,20,529
1787550194.036,2026-08-24 05:43:14.037,InnoDB,UNDO_SPACE_RSEG,4427,20,1863
1787550194.036,2026-08-24 05:43:14.037,InnoDB,LOCK_SYS_PAGE,1287,20,568
1787550194.036,2026-08-24 05:43:14.037,InnoDB,LOCK_SYS_PAGE,1346,20,537
1787550194.036,2026-08-24 05:43:14.037,InnoDB,LOCK_SYS_PAGE,1345,20,579
1787550194.036,2026-08-24 05:43:14.037,InnoDB,LOCK_SYS_PAGE,1153,20,466
1787550194.036,2026-08-24 05:43:14.037,InnoDB,LOCK_SYS_PAGE,1298,20,521
1787550194.036,2026-08-24 05:43:14.037,InnoDB,UNDO_SPACE_RSEG,4311,20,1820
1787550194.036,2026-08-24 05:43:14.037,InnoDB,LOCK_SYS_PAGE,1315,20,568
1787550194.036,2026-08-24 05:43:14.037,InnoDB,UNDO_SPACE_RSEG,4453,20,1885
1787550194.036,2026-08-24 05:43:14.037,InnoDB,LOCK_SYS_PAGE,1201,19,555
1787550194.036,2026-08-24 05:43:14.037,InnoDB,LOCK_SYS_PAGE,1177,19,539
1787550194.036,2026-08-24 05:43:14.037,InnoDB,LOCK_SYS_PAGE,1226,19,565
1787550194.036,2026-08-24 05:43:14.037,InnoDB,LOCK_SYS_PAGE,1220,19,563
1787550194.036,2026-08-24 05:43:14.037,InnoDB,LOCK_SYS_PAGE,1324,19,585
1787550194.036,2026-08-24 05:43:14.037,InnoDB,UNDO_SPACE_RSEG,4472,19,1930
1787550194.036,2026-08-24 05:43:14.037,InnoDB,LOCK_SYS_PAGE,1121,19,495
1787550194.036,2026-08-24 05:43:14.037,InnoDB,UNDO_SPACE_RSEG,4438,19,1878
1787550194.036,2026-08-24 05:43:14.037,InnoDB,LOCK_SYS_PAGE,1173,19,477
1787550194.036,2026-08-24 05:43:14.037,InnoDB,LOCK_SYS_PAGE,1318,19,556
1787550194.036,2026-08-24 05:43:14.037,InnoDB,LOCK_SYS_PAGE,1227,19,516
1787550194.036,2026-08-24 05:43:14.037,InnoDB,LOCK_SYS_PAGE,1209,19,581
1787550194.036,2026-08-24 05:43:14.037,InnoDB,LOCK_SYS_PAGE,1235,19,498
1787550194.036,2026-08-24 05:43:14.037,InnoDB,LOCK_SYS_PAGE,1311,19,600
1787550194.036,2026-08-24 05:43:14.037,InnoDB,LOCK_SYS_PAGE,1126,19,478
1787550194.036,2026-08-24 05:43:14.037,InnoDB,LOCK_SYS_PAGE,1210,19,543
1787550194.036,2026-08-24 05:43:14.037,InnoDB,LOCK_SYS_PAGE,1201,19,535
1787550194.036,2026-08-24 05:43:14.037,InnoDB,LOCK_SYS_PAGE,1307,19,526
1787550194.036,2026-08-24 05:43:14.037,InnoDB,LOCK_SYS_PAGE,1245,19,527
1787550194.036,2026-08-24 05:43:14.037,InnoDB,UNDO_SPACE_RSEG,4448,19,1874
1787550194.036,2026-08-24 05:43:14.037,InnoDB,UNDO_SPACE_RSEG,4365,19,1855
1787550194.036,2026-08-24 05:43:14.037,InnoDB,LOCK_SYS_PAGE,1362,19,558
1787550194.036,2026-08-24 05:43:14.037,InnoDB,LOCK_SYS_PAGE,1210,19,518
1787550194.036,2026-08-24 05:43:14.037,InnoDB,LOCK_SYS_PAGE,1228,19,573
1787550194.036,2026-08-24 05:43:14.037,InnoDB,LOCK_SYS_PAGE,1207,19,525
1787550194.036,2026-08-24 05:43:14.037,InnoDB,LOCK_SYS_PAGE,1271,19,572
1787550194.036,2026-08-24 05:43:14.037,InnoDB,LOCK_SYS_PAGE,1284,19,533
1787550194.036,2026-08-24 05:43:14.037,InnoDB,LOCK_SYS_PAGE,1317,19,607
1787550194.036,2026-08-24 05:43:14.037,InnoDB,UNDO_SPACE_RSEG,4313,19,1892
1787550194.036,2026-08-24 05:43:14.037,InnoDB,LOCK_SYS_PAGE,1239,19,533
1787550194.036,2026-08-24 05:43:14.037,InnoDB,LOCK_SYS_PAGE,1197,19,500
1787550194.036,2026-08-24 05:43:14.037,InnoDB,LOCK_SYS_PAGE,1256,19,509
1787550194.036,2026-08-24 05:43:14.037,InnoDB,LOCK_SYS_PAGE,1220,19,519
1787550194.036,2026-08-24 05:43:14.037,InnoDB,TRX_POOL,621,19,45
1787550194.036,2026-08-24 05:43:14.037,InnoDB,LOCK_SYS_PAGE,1373,19,544
1787550194.036,2026-08-24 05:43:14.037,InnoDB,LOCK_SYS_PAGE,1282,19,564
1787550194.036,2026-08-24 05:43:14.037,InnoDB,LOCK_SYS_PAGE,1204,19,546
1787550194.036,2026-08-24 05:43:14.037,InnoDB,LOCK_SYS_PAGE,1251,19,552
1787550194.036,2026-08-24 05:43:14.037,InnoDB,LOCK_SYS_PAGE,1268,19,540
1787550194.036,2026-08-24 05:43:14.037,InnoDB,LOCK_SYS_PAGE,1322,19,580
1787550194.036,2026-08-24 05:43:14.037,InnoDB,LOCK_SYS_PAGE,1168,19,545
1787550194.036,2026-08-24 05:43:14.037,InnoDB,LOCK_SYS_PAGE,1337,19,599
1787550194.036,2026-08-24 05:43:14.037,InnoDB,LOCK_SYS_PAGE,1249,19,555
1787550194.036,2026-08-24 05:43:14.037,InnoDB,UNDO_SPACE_RSEG,4398,19,1948
1787550194.036,2026-08-24 05:43:14.037,InnoDB,LOCK_SYS_PAGE,1142,19,481
1787550194.036,2026-08-24 05:43:14.037,InnoDB,LOCK_SYS_PAGE,1195,18,498
1787550194.036,2026-08-24 05:43:14.037,InnoDB,LOCK_SYS_PAGE,1179,18,580
1787550194.036,2026-08-24 05:43:14.037,InnoDB,LOCK_SYS_PAGE,1246,18,562
1787550194.036,2026-08-24 05:43:14.037,InnoDB,LOCK_SYS_PAGE,1161,18,502
1787550194.036,2026-08-24 05:43:14.037,InnoDB,LOCK_SYS_PAGE,1200,18,570
1787550194.036,2026-08-24 05:43:14.037,InnoDB,LOCK_SYS_PAGE,1187,18,515
1787550194.036,2026-08-24 05:43:14.037,InnoDB,LOCK_SYS_PAGE,1225,18,516
1787550194.036,2026-08-24 05:43:14.037,InnoDB,LOCK_SYS_PAGE,1213,18,546
1787550194.036,2026-08-24 05:43:14.037,InnoDB,LOCK_SYS_PAGE,1192,18,491
1787550194.036,2026-08-24 05:43:14.037,InnoDB,UNDO_SPACE_RSEG,4393,18,1926
1787550194.036,2026-08-24 05:43:14.037,InnoDB,LOCK_SYS_PAGE,1176,18,539
1787550194.036,2026-08-24 05:43:14.037,InnoDB,LOCK_SYS_PAGE,1208,18,525
1787550194.036,2026-08-24 05:43:14.037,InnoDB,LOCK_SYS_PAGE,1103,18,534
1787550194.036,2026-08-24 05:43:14.037,InnoDB,LOCK_SYS_PAGE,1176,18,488
1787550194.036,2026-08-24 05:43:14.037,InnoDB,UNDO_SPACE_RSEG,4346,18,1895
1787550194.036,2026-08-24 05:43:14.037,InnoDB,LOCK_SYS_PAGE,1288,18,547
1787550194.036,2026-08-24 05:43:14.037,InnoDB,LOCK_SYS_PAGE,1293,18,594
1787550194.036,2026-08-24 05:43:14.037,InnoDB,LOCK_SYS_PAGE,1214,18,575
1787550194.036,2026-08-24 05:43:14.037,InnoDB,LOCK_SYS_PAGE,1172,18,547
1787550194.036,2026-08-24 05:43:14.037,InnoDB,LOCK_SYS_PAGE,1264,18,587
1787550194.036,2026-08-24 05:43:14.037,InnoDB,LOCK_SYS_PAGE,1241,18,557
1787550194.036,2026-08-24 05:43:14.037,InnoDB,LOCK_SYS_PAGE,1192,18,558
1787550194.036,2026-08-24 05:43:14.037,InnoDB,LOCK_SYS_PAGE,1123,18,518
1787550194.036,2026-08-24 05:43:14.037,InnoDB,LOCK_SYS_PAGE,1197,18,474
1787550194.036,2026-08-24 05:43:14.037,InnoDB,LOCK_SYS_PAGE,1108,18,491
1787550194.036,2026-08-24 05:43:14.037,InnoDB,LOCK_SYS_PAGE,1230,18,517
1787550194.036,2026-08-24 05:43:14.037,InnoDB,LOCK_SYS_PAGE,1233,18,539
1787550194.036,2026-08-24 05:43:14.037,InnoDB,UNDO_SPACE_RSEG,4158,18,1816
1787550194.036,2026-08-24 05:43:14.037,InnoDB,LOCK_SYS_PAGE,1113,18,533
1787550194.036,2026-08-24 05:43:14.037,InnoDB,LOCK_SYS_PAGE,1193,18,529
1787550194.036,2026-08-24 05:43:14.037,InnoDB,UNDO_SPACE_RSEG,4220,18,1851
1787550194.036,2026-08-24 05:43:14.037,InnoDB,LOCK_SYS_PAGE,1215,18,549
1787550194.036,2026-08-24 05:43:14.037,InnoDB,LOCK_SYS_PAGE,1192,18,507
1787550194.036,2026-08-24 05:43:14.037,InnoDB,LOCK_SYS_PAGE,1275,18,580
1787550194.036,2026-08-24 05:43:14.037,InnoDB,UNDO_SPACE_RSEG,4396,18,1970
1787550194.036,2026-08-24 05:43:14.037,InnoDB,LOCK_SYS_PAGE,1145,18,497
1787550194.036,2026-08-24 05:43:14.037,InnoDB,LOCK_SYS_PAGE,1301,18,575
1787550194.036,2026-08-24 05:43:14.037,InnoDB,LOCK_SYS_PAGE,1204,18,507
1787550194.036,2026-08-24 05:43:14.037,InnoDB,LOCK_SYS_PAGE,1148,18,561
1787550194.036,2026-08-24 05:43:14.037,InnoDB,LOCK_SYS_PAGE,1136,18,515
1787550194.036,2026-08-24 05:43:14.037,InnoDB,LOCK_SYS_PAGE,1102,18,485
1787550194.036,2026-08-24 05:43:14.037,InnoDB,LOCK_SYS_PAGE,1255,18,548
1787550194.036,2026-08-24 05:43:14.037,InnoDB,LOCK_SYS_PAGE,1276,18,540
1787550194.036,2026-08-24 05:43:14.037,InnoDB,LOCK_SYS_PAGE,1197,17,506
1787550194.036,2026-08-24 05:43:14.037,InnoDB,LOCK_SYS_PAGE,1206,17,520
1787550194.036,2026-08-24 05:43:14.037,InnoDB,UNDO_SPACE_RSEG,4243,17,1813
1787550194.036,2026-08-24 05:43:14.037,InnoDB,LOCK_SYS_PAGE,1160,17,572
1787550194.036,2026-08-24 05:43:14.037,InnoDB,LOCK_SYS_PAGE,1180,17,538
1787550194.036,2026-08-24 05:43:14.037,InnoDB,LOCK_SYS_PAGE,1242,17,559
1787550194.036,2026-08-24 05:43:14.037,InnoDB,LOCK_SYS_PAGE,1245,17,595
1787550194.036,2026-08-24 05:43:14.037,InnoDB,LOCK_SYS_PAGE,1136,17,524
1787550194.036,2026-08-24 05:43:14.037,InnoDB,LOCK_SYS_PAGE,1176,17,510
1787550194.036,2026-08-24 05:43:14.037,InnoDB,LOCK_SYS_PAGE,1247,17,569
1787550194.036,2026-08-24 05:43:14.037,InnoDB,LOCK_SYS_PAGE,1195,17,538
1787550194.036,2026-08-24 05:43:14.037,InnoDB,LOCK_SYS_PAGE,1150,17,560
1787550194.036,2026-08-24 05:43:14.037,InnoDB,LOCK_SYS_PAGE,1128,17,551
1787550194.036,2026-08-24 05:43:14.037,InnoDB,UNDO_SPACE_RSEG,4566,17,1984
1787550194.036,2026-08-24 05:43:14.037,InnoDB,LOCK_SYS_PAGE,1250,17,486
1787550194.036,2026-08-24 05:43:14.037,InnoDB,LOCK_SYS_PAGE,1204,17,564
1787550194.036,2026-08-24 05:43:14.037,InnoDB,LOCK_SYS_PAGE,1271,17,553
1787550194.036,2026-08-24 05:43:14.037,InnoDB,LOCK_SYS_PAGE,1270,17,537
1787550194.036,2026-08-24 05:43:14.037,InnoDB,LOCK_SYS_PAGE,1214,17,533
1787550194.036,2026-08-24 05:43:14.037,InnoDB,LOCK_SYS_PAGE,1141,17,545
1787550194.036,2026-08-24 05:43:14.037,InnoDB,LOCK_SYS_PAGE,1196,17,584
1787550194.036,2026-08-24 05:43:14.037,InnoDB,LOCK_SYS_PAGE,1172,17,543
1787550194.036,2026-08-24 05:43:14.037,InnoDB,LOCK_SYS_PAGE,1248,17,540
1787550194.036,2026-08-24 05:43:14.037,InnoDB,LOCK_SYS_PAGE,1215,17,519
1787550194.036,2026-08-24 05:43:14.037,InnoDB,LOCK_SYS_PAGE,1147,17,525
1787550194.036,2026-08-24 05:43:14.037,InnoDB,LOCK_SYS_PAGE,1197,17,495
1787550194.036,2026-08-24 05:43:14.037,InnoDB,LOCK_SYS_PAGE,1151,17,552
1787550194.036,2026-08-24 05:43:14.037,InnoDB,LOCK_SYS_PAGE,1271,17,616
1787550194.036,2026-08-24 05:43:14.037,InnoDB,LOCK_SYS_PAGE,1129,17,502
1787550194.036,2026-08-24 05:43:14.037,InnoDB,LOCK_SYS_PAGE,1301,17,637
1787550194.036,2026-08-24 05:43:14.037,InnoDB,LOCK_SYS_PAGE,1289,17,573
1787550194.036,2026-08-24 05:43:14.037,InnoDB,LOCK_SYS_PAGE,1158,17,578
1787550194.036,2026-08-24 05:43:14.037,InnoDB,LOCK_SYS_PAGE,1165,17,531
1787550194.036,2026-08-24 05:43:14.037,InnoDB,LOCK_SYS_PAGE,1101,17,498
1787550194.036,2026-08-24 05:43:14.037,InnoDB,LOCK_SYS_PAGE,1189,17,519
1787550194.036,2026-08-24 05:43:14.037,InnoDB,LOCK_SYS_PAGE,1122,17,533
1787550194.036,2026-08-24 05:43:14.037,InnoDB,LOCK_SYS_PAGE,1122,17,520
1787550194.036,2026-08-24 05:43:14.037,InnoDB,LOCK_SYS_PAGE,1286,17,612
1787550194.036,2026-08-24 05:43:14.037,InnoDB,LOCK_SYS_PAGE,1259,17,532
1787550194.036,2026-08-24 05:43:14.037,InnoDB,LOCK_SYS_PAGE,1217,17,600
1787550194.036,2026-08-24 05:43:14.037,InnoDB,LOCK_SYS_PAGE,1105,17,503
1787550194.036,2026-08-24 05:43:14.037,InnoDB,LOCK_SYS_PAGE,1179,17,486
1787550194.036,2026-08-24 05:43:14.037,InnoDB,LOCK_SYS_PAGE,1211,17,519
1787550194.036,2026-08-24 05:43:14.037,InnoDB,LOCK_SYS_PAGE,1219,17,499
1787550194.036,2026-08-24 05:43:14.037,InnoDB,LOCK_SYS_PAGE,1075,16,483
1787550194.036,2026-08-24 05:43:14.037,InnoDB,LOCK_SYS_PAGE,1132,16,503
1787550194.036,2026-08-24 05:43:14.037,InnoDB,UNDO_SPACE_RSEG,4485,16,1987
1787550194.036,2026-08-24 05:43:14.037,InnoDB,LOCK_SYS_PAGE,1192,16,507
1787550194.036,2026-08-24 05:43:14.037,InnoDB,LOCK_SYS_PAGE,1134,16,554
1787550194.036,2026-08-24 05:43:14.037,InnoDB,LOCK_SYS_PAGE,1154,16,505
1787550194.036,2026-08-24 05:43:14.037,InnoDB,LOCK_SYS_PAGE,1116,16,539
1787550194.036,2026-08-24 05:43:14.037,InnoDB,LOCK_SYS_PAGE,1227,16,524
1787550194.036,2026-08-24 05:43:14.037,InnoDB,LOCK_SYS_PAGE,1177,16,583
1787550194.036,2026-08-24 05:43:14.037,InnoDB,LOCK_SYS_PAGE,1131,16,556
1787550194.036,2026-08-24 05:43:14.037,InnoDB,UNDO_SPACE_RSEG,4334,16,1895
1787550194.036,2026-08-24 05:43:14.037,InnoDB,LOCK_SYS_PAGE,1168,16,531
1787550194.036,2026-08-24 05:43:14.037,InnoDB,LOCK_SYS_PAGE,1094,16,519
1787550194.036,2026-08-24 05:43:14.037,InnoDB,LOCK_SYS_PAGE,1061,16,513
1787550194.036,2026-08-24 05:43:14.037,InnoDB,LOCK_SYS_PAGE,1160,16,531
1787550194.036,2026-08-24 05:43:14.037,InnoDB,LOCK_SYS_PAGE,1224,16,551
1787550194.036,2026-08-24 05:43:14.037,InnoDB,LOCK_SYS_PAGE,1096,16,561
1787550194.036,2026-08-24 05:43:14.037,InnoDB,LOCK_SYS_PAGE,1205,16,533
1787550194.036,2026-08-24 05:43:14.037,InnoDB,LOCK_SYS_PAGE,1125,16,525
1787550194.036,2026-08-24 05:43:14.037,InnoDB,LOCK_SYS_PAGE,1199,16,552
1787550194.036,2026-08-24 05:43:14.037,InnoDB,LOCK_SYS_PAGE,1178,16,567
1787550194.036,2026-08-24 05:43:14.037,InnoDB,LOCK_SYS_PAGE,1174,16,554
1787550194.036,2026-08-24 05:43:14.037,InnoDB,LOCK_SYS_PAGE,1222,16,516
1787550194.036,2026-08-24 05:43:14.037,InnoDB,LOCK_SYS_PAGE,1145,16,528
1787550194.036,2026-08-24 05:43:14.037,InnoDB,LOCK_SYS_PAGE,1112,16,499
1787550194.036,2026-08-24 05:43:14.037,InnoDB,LOCK_SYS_PAGE,1147,16,534
1787550194.036,2026-08-24 05:43:14.037,InnoDB,LOCK_SYS_PAGE,1219,16,539
1787550194.036,2026-08-24 05:43:14.037,InnoDB,LOCK_SYS_PAGE,1014,16,516
1787550194.036,2026-08-24 05:43:14.037,InnoDB,LOCK_SYS_PAGE,1189,16,501
1787550194.036,2026-08-24 05:43:14.037,InnoDB,LOCK_SYS_PAGE,1174,16,500
1787550194.036,2026-08-24 05:43:14.037,InnoDB,LOCK_SYS_PAGE,1191,16,524
1787550194.036,2026-08-24 05:43:14.037,InnoDB,LOCK_SYS_PAGE,1206,16,560
1787550194.036,2026-08-24 05:43:14.037,InnoDB,LOCK_SYS_PAGE,1163,16,549
1787550194.036,2026-08-24 05:43:14.037,InnoDB,LOCK_SYS_PAGE,1088,16,516
1787550194.036,2026-08-24 05:43:14.037,InnoDB,LOCK_SYS_PAGE,1130,16,517
1787550194.036,2026-08-24 05:43:14.037,InnoDB,LOCK_SYS_PAGE,1148,16,602
1787550194.036,2026-08-24 05:43:14.037,InnoDB,LOCK_SYS_PAGE,1107,16,481
1787550194.036,2026-08-24 05:43:14.037,InnoDB,LOCK_SYS_PAGE,1121,16,554
1787550194.036,2026-08-24 05:43:14.037,InnoDB,LOCK_SYS_PAGE,1215,16,521
1787550194.036,2026-08-24 05:43:14.037,InnoDB,LOCK_SYS_PAGE,1073,16,437
1787550194.036,2026-08-24 05:43:14.037,InnoDB,LOCK_SYS_PAGE,1142,16,535
1787550194.036,2026-08-24 05:43:14.037,InnoDB,LOCK_SYS_PAGE,1256,16,581
1787550194.036,2026-08-24 05:43:14.037,InnoDB,LOCK_SYS_PAGE,1152,16,494
1787550194.036,2026-08-24 05:43:14.037,InnoDB,LOCK_SYS_PAGE,1172,16,565
1787550194.036,2026-08-24 05:43:14.037,InnoDB,LOCK_SYS_PAGE,1099,16,537
1787550194.036,2026-08-24 05:43:14.037,InnoDB,LOCK_SYS_PAGE,1154,16,575
1787550194.036,2026-08-24 05:43:14.037,InnoDB,LOCK_SYS_PAGE,1152,16,631
1787550194.036,2026-08-24 05:43:14.037,InnoDB,LOCK_SYS_PAGE,1103,15,557
1787550194.036,2026-08-24 05:43:14.037,InnoDB,LOCK_SYS_PAGE,1110,15,552
1787550194.036,2026-08-24 05:43:14.037,InnoDB,LOCK_SYS_PAGE,1127,15,551
1787550194.036,2026-08-24 05:43:14.037,InnoDB,LOCK_SYS_PAGE,1260,15,522
1787550194.036,2026-08-24 05:43:14.037,InnoDB,LOCK_SYS_PAGE,1035,15,503
1787550194.036,2026-08-24 05:43:14.037,InnoDB,LOCK_SYS_PAGE,1120,15,581
1787550194.036,2026-08-24 05:43:14.037,InnoDB,LOCK_SYS_PAGE,1084,15,521
1787550194.036,2026-08-24 05:43:14.037,InnoDB,LOCK_SYS_PAGE,1158,15,556
1787550194.036,2026-08-24 05:43:14.037,InnoDB,LOCK_SYS_PAGE,1135,15,532
1787550194.036,2026-08-24 05:43:14.037,InnoDB,LOCK_SYS_PAGE,1132,15,522
1787550194.036,2026-08-24 05:43:14.037,InnoDB,LOCK_SYS_PAGE,1018,15,518
1787550194.036,2026-08-24 05:43:14.037,InnoDB,LOCK_SYS_PAGE,1086,15,515
1787550194.036,2026-08-24 05:43:14.037,InnoDB,LOCK_SYS_PAGE,1148,15,526
1787550194.036,2026-08-24 05:43:14.037,InnoDB,LOCK_SYS_PAGE,1077,15,540
1787550194.036,2026-08-24 05:43:14.037,InnoDB,LOCK_SYS_PAGE,1031,15,482
1787550194.036,2026-08-24 05:43:14.037,InnoDB,LOCK_SYS_PAGE,1061,15,519
1787550194.036,2026-08-24 05:43:14.037,InnoDB,UNDO_SPACE_RSEG,4205,15,1892
1787550194.036,2026-08-24 05:43:14.037,InnoDB,LOCK_SYS_PAGE,1109,15,552
1787550194.036,2026-08-24 05:43:14.037,InnoDB,LOCK_SYS_PAGE,969,15,431
1787550194.036,2026-08-24 05:43:14.037,InnoDB,LOCK_SYS_PAGE,1175,15,562
1787550194.036,2026-08-24 05:43:14.037,InnoDB,LOCK_SYS_PAGE,1077,15,471
1787550194.036,2026-08-24 05:43:14.037,InnoDB,LOCK_SYS_PAGE,1075,15,510
1787550194.036,2026-08-24 05:43:14.037,InnoDB,LOCK_SYS_PAGE,1150,15,545
1787550194.036,2026-08-24 05:43:14.037,InnoDB,LOCK_SYS_PAGE,1089,15,505
1787550194.036,2026-08-24 05:43:14.037,InnoDB,LOCK_SYS_PAGE,1154,15,539
1787550194.036,2026-08-24 05:43:14.037,InnoDB,LOCK_SYS_PAGE,1131,15,537
1787550194.036,2026-08-24 05:43:14.037,InnoDB,LOCK_SYS_PAGE,1111,15,517
1787550194.036,2026-08-24 05:43:14.037,InnoDB,LOCK_SYS_PAGE,1095,15,484
1787550194.036,2026-08-24 05:43:14.037,InnoDB,LOCK_SYS_PAGE,1072,15,520
1787550194.036,2026-08-24 05:43:14.037,InnoDB,LOCK_SYS_PAGE,1109,15,511
1787550194.036,2026-08-24 05:43:14.037,InnoDB,LOCK_SYS_PAGE,1126,15,561
1787550194.036,2026-08-24 05:43:14.037,InnoDB,LOCK_SYS_PAGE,1039,15,488
1787550194.036,2026-08-24 05:43:14.037,InnoDB,LOCK_SYS_PAGE,1116,15,534
1787550194.036,2026-08-24 05:43:14.037,InnoDB,LOCK_SYS_PAGE,1114,15,566
1787550194.036,2026-08-24 05:43:14.037,InnoDB,LOCK_SYS_PAGE,1080,15,508
1787550194.036,2026-08-24 05:43:14.037,InnoDB,LOCK_SYS_PAGE,1123,15,574
1787550194.036,2026-08-24 05:43:14.037,InnoDB,LOCK_SYS_PAGE,1090,15,510
1787550194.036,2026-08-24 05:43:14.037,InnoDB,LOCK_SYS_PAGE,1144,15,521
1787550194.036,2026-08-24 05:43:14.037,InnoDB,LOCK_SYS_PAGE,1185,15,516
1787550194.036,2026-08-24 05:43:14.037,InnoDB,LOCK_SYS_PAGE,1084,14,493
1787550194.036,2026-08-24 05:43:14.037,InnoDB,LOCK_SYS_PAGE,1017,14,475
1787550194.036,2026-08-24 05:43:14.037,InnoDB,LOCK_SYS_PAGE,1003,14,495
1787550194.036,2026-08-24 05:43:14.037,InnoDB,LOCK_SYS_PAGE,1092,14,560
1787550194.036,2026-08-24 05:43:14.037,InnoDB,LOCK_SYS_PAGE,1021,14,505
1787550194.036,2026-08-24 05:43:14.037,InnoDB,LOCK_SYS_PAGE,915,14,454
1787550194.036,2026-08-24 05:43:14.037,InnoDB,LOCK_SYS_PAGE,971,14,498
1787550194.036,2026-08-24 05:43:14.037,InnoDB,LOCK_SYS_PAGE,1040,14,514
1787550194.036,2026-08-24 05:43:14.037,InnoDB,LOCK_SYS_PAGE,1111,14,580
1787550194.036,2026-08-24 05:43:14.037,InnoDB,LOCK_SYS_PAGE,1140,14,530
1787550194.036,2026-08-24 05:43:14.037,InnoDB,LOCK_SYS_PAGE,1067,14,538
1787550194.036,2026-08-24 05:43:14.037,InnoDB,LOCK_SYS_PAGE,1129,14,539
1787550194.036,2026-08-24 05:43:14.037,InnoDB,LOCK_SYS_PAGE,1068,14,553
1787550194.036,2026-08-24 05:43:14.037,InnoDB,LOCK_SYS_PAGE,1010,14,516
1787550194.036,2026-08-24 05:43:14.037,InnoDB,LOCK_SYS_PAGE,1116,14,533
1787550194.036,2026-08-24 05:43:14.037,InnoDB,LOCK_SYS_PAGE,1080,14,544
1787550194.036,2026-08-24 05:43:14.037,InnoDB,LOCK_SYS_PAGE,1089,14,529
1787550194.036,2026-08-24 05:43:14.037,InnoDB,LOCK_SYS_PAGE,1045,14,509
1787550194.036,2026-08-24 05:43:14.037,InnoDB,LOCK_SYS_PAGE,1108,14,520
1787550194.036,2026-08-24 05:43:14.037,InnoDB,LOCK_SYS_PAGE,1057,14,518
1787550194.036,2026-08-24 05:43:14.037,InnoDB,LOCK_SYS_PAGE,1180,14,594
1787550194.036,2026-08-24 05:43:14.037,InnoDB,LOCK_SYS_PAGE,1058,14,532
1787550194.036,2026-08-24 05:43:14.037,InnoDB,LOCK_SYS_PAGE,1099,14,546
1787550194.036,2026-08-24 05:43:14.037,InnoDB,LOCK_SYS_PAGE,1087,14,567
1787550194.036,2026-08-24 05:43:14.037,InnoDB,LOCK_SYS_PAGE,1132,14,559
1787550194.036,2026-08-24 05:43:14.037,InnoDB,LOCK_SYS_PAGE,1216,14,592
1787550194.036,2026-08-24 05:43:14.037,InnoDB,LOCK_SYS_PAGE,1018,14,470
1787550194.036,2026-08-24 05:43:14.037,InnoDB,LOCK_SYS_PAGE,1060,14,518
1787550194.036,2026-08-24 05:43:14.037,InnoDB,LOCK_SYS_PAGE,1061,14,522
1787550194.036,2026-08-24 05:43:14.037,InnoDB,LOCK_SYS_PAGE,1200,14,581
1787550194.036,2026-08-24 05:43:14.037,InnoDB,LOCK_SYS_PAGE,1074,14,558
1787550194.036,2026-08-24 05:43:14.037,InnoDB,LOCK_SYS_PAGE,1008,14,513
1787550194.036,2026-08-24 05:43:14.037,InnoDB,LOCK_SYS_PAGE,1014,14,479
1787550194.036,2026-08-24 05:43:14.037,InnoDB,LOCK_SYS_PAGE,1135,14,508
1787550194.036,2026-08-24 05:43:14.037,InnoDB,LOCK_SYS_PAGE,1114,14,551
1787550194.036,2026-08-24 05:43:14.037,InnoDB,LOCK_SYS_PAGE,1178,14,563
1787550194.036,2026-08-24 05:43:14.037,InnoDB,LOCK_SYS_PAGE,1119,14,582
1787550194.036,2026-08-24 05:43:14.037,InnoDB,LOCK_SYS_PAGE,1009,14,487
1787550194.036,2026-08-24 05:43:14.037,InnoDB,LOCK_SYS_PAGE,922,14,495
1787550194.036,2026-08-24 05:43:14.037,InnoDB,LOCK_SYS_PAGE,1005,14,535
1787550194.036,2026-08-24 05:43:14.037,InnoDB,LOCK_SYS_PAGE,1020,14,532
1787550194.036,2026-08-24 05:43:14.037,InnoDB,LOCK_SYS_PAGE,1090,14,561
1787550194.036,2026-08-24 05:43:14.037,InnoDB,LOCK_SYS_PAGE,1014,14,545
1787550194.036,2026-08-24 05:43:14.037,InnoDB,LOCK_SYS_PAGE,1075,14,564
1787550194.036,2026-08-24 05:43:14.037,InnoDB,LOCK_SYS_PAGE,997,13,560
1787550194.036,2026-08-24 05:43:14.037,InnoDB,LOCK_SYS_PAGE,1135,13,573
1787550194.036,2026-08-24 05:43:14.037,InnoDB,LOCK_SYS_PAGE,1051,13,471
1787550194.036,2026-08-24 05:43:14.037,InnoDB,LOCK_SYS_PAGE,938,13,465
1787550194.036,2026-08-24 05:43:14.037,InnoDB,LOCK_SYS_PAGE,1164,13,529
1787550194.036,2026-08-24 05:43:14.037,InnoDB,LOCK_SYS_PAGE,978,13,506
1787550194.036,2026-08-24 05:43:14.037,InnoDB,LOCK_SYS_PAGE,1132,13,541
1787550194.036,2026-08-24 05:43:14.037,InnoDB,LOCK_SYS_PAGE,991,13,494
1787550194.036,2026-08-24 05:43:14.037,InnoDB,LOCK_SYS_PAGE,1086,13,576
1787550194.036,2026-08-24 05:43:14.037,InnoDB,LOCK_SYS_PAGE,987,13,496
1787550194.036,2026-08-24 05:43:14.037,InnoDB,LOCK_SYS_PAGE,1044,13,515
1787550194.036,2026-08-24 05:43:14.037,InnoDB,LOCK_SYS_PAGE,1030,13,601
1787550194.036,2026-08-24 05:43:14.037,InnoDB,LOCK_SYS_PAGE,1048,13,556
1787550194.036,2026-08-24 05:43:14.037,InnoDB,LOCK_SYS_PAGE,1023,13,493
1787550194.036,2026-08-24 05:43:14.037,InnoDB,LOCK_SYS_PAGE,1011,13,515
1787550194.036,2026-08-24 05:43:14.037,InnoDB,LOCK_SYS_PAGE,1139,13,530
1787550194.036,2026-08-24 05:43:14.037,InnoDB,LOCK_SYS_PAGE,1045,13,510
1787550194.036,2026-08-24 05:43:14.037,InnoDB,LOCK_SYS_PAGE,1012,13,507
1787550194.036,2026-08-24 05:43:14.037,InnoDB,LOCK_SYS_PAGE,1065,13,552
1787550194.036,2026-08-24 05:43:14.037,InnoDB,LOCK_SYS_PAGE,1088,13,565
1787550194.036,2026-08-24 05:43:14.037,InnoDB,LOCK_SYS_PAGE,960,13,463
1787550194.036,2026-08-24 05:43:14.037,InnoDB,LOCK_SYS_PAGE,1066,13,551
1787550194.036,2026-08-24 05:43:14.037,InnoDB,LOCK_SYS_PAGE,1057,13,564
1787550194.036,2026-08-24 05:43:14.037,InnoDB,LOCK_SYS_PAGE,993,12,555
1787550194.036,2026-08-24 05:43:14.037,InnoDB,LOCK_SYS_PAGE,1137,12,532
1787550194.036,2026-08-24 05:43:14.037,InnoDB,LOCK_SYS_PAGE,1041,12,494
1787550194.036,2026-08-24 05:43:14.037,InnoDB,LOCK_SYS_PAGE,1099,12,503
1787550194.036,2026-08-24 05:43:14.037,InnoDB,LOCK_SYS_PAGE,1069,12,546
1787550194.036,2026-08-24 05:43:14.037,InnoDB,LOCK_SYS_PAGE,914,12,441
1787550194.036,2026-08-24 05:43:14.037,InnoDB,LOCK_SYS_PAGE,1120,12,513
1787550194.036,2026-08-24 05:43:14.037,InnoDB,LOCK_SYS_PAGE,1011,12,548
1787550194.036,2026-08-24 05:43:14.037,InnoDB,LOCK_SYS_PAGE,1070,12,540
1787550194.036,2026-08-24 05:43:14.037,InnoDB,LOCK_SYS_PAGE,1017,12,556
1787550194.036,2026-08-24 05:43:14.037,InnoDB,LOCK_SYS_PAGE,1013,12,548
1787550194.036,2026-08-24 05:43:14.037,InnoDB,LOCK_SYS_PAGE,940,12,484
1787550194.036,2026-08-24 05:43:14.037,InnoDB,LOCK_SYS_PAGE,962,12,477
1787550194.036,2026-08-24 05:43:14.037,InnoDB,LOCK_SYS_PAGE,1032,12,545
1787550194.036,2026-08-24 05:43:14.037,InnoDB,LOCK_SYS_PAGE,976,12,484
1787550194.036,2026-08-24 05:43:14.037,InnoDB,LOCK_SYS_PAGE,908,12,501
1787550194.036,2026-08-24 05:43:14.037,InnoDB,LOCK_SYS_PAGE,1052,12,573
1787550194.036,2026-08-24 05:43:14.037,InnoDB,LOCK_SYS_PAGE,1030,12,541
1787550194.036,2026-08-24 05:43:14.037,InnoDB,LOCK_SYS_PAGE,986,12,479
1787550194.036,2026-08-24 05:43:14.037,InnoDB,LOCK_SYS_PAGE,980,12,509
1787550194.036,2026-08-24 05:43:14.037,InnoDB,LOCK_SYS_PAGE,951,12,515
1787550194.036,2026-08-24 05:43:14.037,InnoDB,LOCK_SYS_PAGE,986,12,519
1787550194.036,2026-08-24 05:43:14.037,InnoDB,LOCK_SYS_PAGE,1016,12,506
1787550194.036,2026-08-24 05:43:14.037,InnoDB,LOCK_SYS_PAGE,1065,12,529
1787550194.036,2026-08-24 05:43:14.037,InnoDB,LOCK_SYS_PAGE,1071,12,576
1787550194.036,2026-08-24 05:43:14.037,InnoDB,LOCK_SYS_PAGE,921,11,550
1787550194.036,2026-08-24 05:43:14.037,InnoDB,UNDO_SPACE_RSEG,4304,11,1909
1787550194.036,2026-08-24 05:43:14.037,InnoDB,LOCK_SYS_PAGE,905,11,513
1787550194.036,2026-08-24 05:43:14.037,InnoDB,LOCK_SYS_PAGE,969,11,541
1787550194.036,2026-08-24 05:43:14.037,InnoDB,LOCK_SYS_PAGE,970,11,513
1787550194.036,2026-08-24 05:43:14.037,InnoDB,LOCK_SYS_PAGE,1011,11,539
1787550194.036,2026-08-24 05:43:14.037,InnoDB,LOCK_SYS_PAGE,1002,11,577
1787550194.036,2026-08-24 05:43:14.037,InnoDB,LOCK_SYS_PAGE,907,11,500
1787550194.036,2026-08-24 05:43:14.037,InnoDB,LOCK_SYS_PAGE,923,11,516
1787550194.036,2026-08-24 05:43:14.037,InnoDB,LOCK_SYS_PAGE,1025,11,569
1787550194.036,2026-08-24 05:43:14.037,InnoDB,LOCK_SYS_PAGE,1008,11,509
1787550194.036,2026-08-24 05:43:14.037,InnoDB,LOCK_SYS_PAGE,940,11,520
1787550194.036,2026-08-24 05:43:14.037,InnoDB,LOCK_SYS_PAGE,986,11,497
1787550194.036,2026-08-24 05:43:14.037,InnoDB,LOCK_SYS_PAGE,959,11,524
1787550194.036,2026-08-24 05:43:14.037,InnoDB,LOCK_SYS_PAGE,1136,10,621
1787550194.036,2026-08-24 05:43:14.037,InnoDB,LOCK_SYS_PAGE,948,10,550
1787550194.036,2026-08-24 05:43:14.037,InnoDB,LOCK_SYS_PAGE,1020,10,535
1787550194.036,2026-08-24 05:43:14.037,InnoDB,DICT_TABLE_STATS_COMPUTE,300,10,4
1787550194.036,2026-08-24 05:43:14.037,InnoDB,LOCK_SYS_PAGE,971,10,561
1787550194.036,2026-08-24 05:43:14.037,InnoDB,LOCK_SYS_PAGE,975,10,540
1787550194.036,2026-08-24 05:43:14.037,InnoDB,LOCK_SYS_PAGE,1005,10,547
1787550194.036,2026-08-24 05:43:14.037,InnoDB,LOCK_SYS_PAGE,965,10,559
1787550194.036,2026-08-24 05:43:14.037,InnoDB,LOCK_SYS_PAGE,1040,10,589
1787550194.036,2026-08-24 05:43:14.037,InnoDB,LOCK_SYS_PAGE,922,10,524
1787550194.036,2026-08-24 05:43:14.037,InnoDB,LOCK_SYS_PAGE,1088,10,590
1787550194.036,2026-08-24 05:43:14.037,InnoDB,LOCK_SYS_PAGE,1046,10,611
1787550194.036,2026-08-24 05:43:14.037,InnoDB,LOCK_SYS_PAGE,921,9,522
1787550194.036,2026-08-24 05:43:14.037,InnoDB,LOCK_SYS_PAGE,962,9,542
1787550194.036,2026-08-24 05:43:14.037,InnoDB,LOCK_SYS_PAGE,889,9,479
1787550194.036,2026-08-24 05:43:14.037,InnoDB,LOCK_SYS_PAGE,1006,9,526
1787550194.036,2026-08-24 05:43:14.037,InnoDB,LOCK_SYS_PAGE,962,9,547
1787550194.036,2026-08-24 05:43:14.037,InnoDB,LOCK_SYS_PAGE,802,8,497
1787550194.036,2026-08-24 05:43:14.037,InnoDB,LOCK_SYS_PAGE,930,8,556
1787550194.036,2026-08-24 05:43:14.037,InnoDB,LOCK_SYS_PAGE,831,8,521
1787550194.036,2026-08-24 05:43:14.037,InnoDB,LOCK_SYS_PAGE,834,8,528
1787550194.036,2026-08-24 05:43:14.037,InnoDB,LOCK_SYS_PAGE,892,7,584
1787550194.036,2026-08-24 05:43:14.037,InnoDB,LOCK_SYS_PAGE,851,7,528
1787550194.036,2026-08-24 05:43:14.037,InnoDB,LOCK_SYS_WAIT,234,7,9
1787550194.036,2026-08-24 05:43:14.037,InnoDB,PARSER,242,6,6
1787550194.036,2026-08-24 05:43:14.037,InnoDB,FIL_SHARD,203,4,71
1787550194.036,2026-08-24 05:43:14.037,InnoDB,FIL_SHARD,156,3,73
1787550194.036,2026-08-24 05:43:14.037,InnoDB,FIL_SHARD,246,3,177
1787550194.036,2026-08-24 05:43:14.037,InnoDB,FIL_SHARD,100,2,24
1787550194.036,2026-08-24 05:43:14.037,InnoDB,FIL_SHARD,90,2,36
1787550194.036,2026-08-24 05:43:14.037,InnoDB,FIL_SHARD,132,2,93
1787550194.036,2026-08-24 05:43:14.037,InnoDB,FIL_SHARD,87,2,33
1787550194.036,2026-08-24 05:43:14.037,InnoDB,FIL_SHARD,119,2,58
1787550194.036,2026-08-24 05:43:14.037,InnoDB,FIL_SHARD,178,2,134
1787550194.036,2026-08-24 05:43:14.037,InnoDB,FIL_SHARD,136,2,49
1787550194.036,2026-08-24 05:43:14.037,InnoDB,FIL_SHARD,107,1,107
1787550194.036,2026-08-24 05:43:14.037,InnoDB,FIL_SHARD,49,1,29
1787550194.036,2026-08-24 05:43:14.037,InnoDB,TRX_SYS_SHARD,35,1,2
1787550194.036,2026-08-24 05:43:14.037,InnoDB,TRX_SYS_SHARD,30,1,1
1787550194.036,2026-08-24 05:43:14.037,InnoDB,TRX_SYS_SHARD,34,1,1
1787550194.036,2026-08-24 05:43:14.037,InnoDB,TRX_SYS_SHARD,34,1,1
1787550194.036,2026-08-24 05:43:14.037,InnoDB,FIL_SHARD,82,1,78
1787550194.036,2026-08-24 05:43:14.037,InnoDB,FIL_SHARD,98,1,84
1787550194.036,2026-08-24 05:43:14.037,InnoDB,TRX_SYS_SHARD,30,1,1
1787550194.036,2026-08-24 05:43:14.037,InnoDB,FIL_SHARD,65,1,51
1787550194.036,2026-08-24 05:43:14.037,InnoDB,FIL_SHARD,119,1,72
1787550194.036,2026-08-24 05:43:14.037,InnoDB,TRX_SYS_SHARD,30,1,1
1787550194.036,2026-08-24 05:43:14.037,InnoDB,FIL_SHARD,112,1,82
1787550194.036,2026-08-24 05:43:14.037,InnoDB,TRX_SYS_SHARD,34,1,1
1787550194.036,2026-08-24 05:43:14.037,InnoDB,TRX_SYS_SHARD,34,1,1
1787550194.036,2026-08-24 05:43:14.037,InnoDB,TRX_SYS_SHARD,2,0,1
1787550194.036,2026-08-24 05:43:14.037,InnoDB,TRX_SYS_SHARD,2,0,2
1787550194.036,2026-08-24 05:43:14.037,InnoDB,TRX_SYS_SHARD,1,0,1
1787550194.036,2026-08-24 05:43:14.037,InnoDB,TRX_SYS_SHARD,2,0,1
1787550194.036,2026-08-24 05:43:14.037,InnoDB,TRX_SYS_SHARD,1,0,1
1787550194.036,2026-08-24 05:43:14.037,InnoDB,TRX_SYS_SHARD,2,0,2
1787550194.036,2026-08-24 05:43:14.037,InnoDB,TRX_SYS_SHARD,1,0,1
1787550194.036,2026-08-24 05:43:14.037,InnoDB,TRX_SYS_SHARD,1,0,1
1787550194.036,2026-08-24 05:43:14.037,InnoDB,TRX_SYS_SHARD,1,0,1
1787550194.036,2026-08-24 05:43:14.037,InnoDB,TRX_SYS_SHARD,1,0,1
1787550194.036,2026-08-24 05:43:14.037,InnoDB,TRX_SYS_SHARD,1,0,1
1787550194.036,2026-08-24 05:43:14.037,InnoDB,TRX_SYS_SHARD,1,0,1
1787550194.036,2026-08-24 05:43:14.037,InnoDB,TRX_SYS_SHARD,1,0,1
1787550194.036,2026-08-24 05:43:14.037,InnoDB,TRX_SYS_SHARD,2,0,1
1787550194.036,2026-08-24 05:43:14.037,InnoDB,TRX_SYS_SHARD,2,0,1
1787550194.036,2026-08-24 05:43:14.037,InnoDB,TRX_SYS_SHARD,20,0,1
1787550194.036,2026-08-24 05:43:14.037,InnoDB,TRX_SYS_SHARD,1,0,1
1787550194.036,2026-08-24 05:43:14.037,InnoDB,TRX_SYS_SHARD,1,0,1
1787550194.036,2026-08-24 05:43:14.037,InnoDB,TRX_SYS_SHARD,2,0,1
1787550194.036,2026-08-24 05:43:14.037,InnoDB,TRX_SYS_SHARD,4,0,2
1787550194.036,2026-08-24 05:43:14.037,InnoDB,TRX_SYS_SHARD,2,0,2
1787550194.036,2026-08-24 05:43:14.037,InnoDB,TRX_SYS_SHARD,2,0,2
1787550194.036,2026-08-24 05:43:14.037,InnoDB,TRX_SYS_SHARD,1,0,1
1787550194.036,2026-08-24 05:43:14.037,InnoDB,TRX_SYS_SHARD,1,0,1
1787550194.036,2026-08-24 05:43:14.037,InnoDB,TRX_SYS_SHARD,1,0,1
1787550194.036,2026-08-24 05:43:14.037,InnoDB,AUTOINC,6,0,2
1787550194.036,2026-08-24 05:43:14.037,InnoDB,TRX_SYS_SHARD,1,0,1
1787550194.036,2026-08-24 05:43:14.037,InnoDB,TRX_SYS_SHARD,1,0,1
1787550194.036,2026-08-24 05:43:14.037,InnoDB,FIL_SHARD,347,0,404
1787550194.036,2026-08-24 05:43:14.037,InnoDB,TRX_SYS_SHARD,1,0,1
1787550194.036,2026-08-24 05:43:14.037,InnoDB,TRX_SYS_SHARD,1,0,1
1787550194.036,2026-08-24 05:43:14.037,InnoDB,TRX_SYS_SHARD,1,0,1
1787550194.036,2026-08-24 05:43:14.037,InnoDB,TRX_SYS_SHARD,1,0,1
1787550194.036,2026-08-24 05:43:14.037,InnoDB,TRX_SYS_SHARD,1,0,2
1787550194.036,2026-08-24 05:43:14.037,InnoDB,TRX_SYS_SHARD,2,0,1
1787550194.036,2026-08-24 05:43:14.037,InnoDB,TRX_SYS_SHARD,1,0,1
1787550194.036,2026-08-24 05:43:14.037,InnoDB,TRX_SYS_SHARD,2,0,2
1787550194.036,2026-08-24 05:43:14.037,InnoDB,TRX_SYS_SHARD,3,0,2
1787550194.036,2026-08-24 05:43:14.037,InnoDB,TRX_SYS_SHARD,5,0,2
1787550194.036,2026-08-24 05:43:14.037,InnoDB,TRX_SYS_SHARD,1,0,1
1787550194.036,2026-08-24 05:43:14.037,InnoDB,TRX_SYS_SHARD,1,0,1
1787550194.036,2026-08-24 05:43:14.037,InnoDB,TRX_SYS_SHARD,1,0,1
1787550194.036,2026-08-24 05:43:14.037,InnoDB,TRX_SYS_SHARD,1,0,1
1787550194.036,2026-08-24 05:43:14.037,InnoDB,TRX_SYS_SHARD,1,0,1
1787550194.036,2026-08-24 05:43:14.037,InnoDB,TRX_SYS_SHARD,2,0,1
1787550194.036,2026-08-24 05:43:14.037,InnoDB,TRX_SYS_SHARD,1,0,1
1787550194.036,2026-08-24 05:43:14.037,InnoDB,TRX_SYS_SHARD,5,0,3
1787550194.036,2026-08-24 05:43:14.037,InnoDB,TRX_SYS_SHARD,1,0,1
1787550194.036,2026-08-24 05:43:14.037,InnoDB,TRX_SYS_SHARD,1,0,1
1787550194.036,2026-08-24 05:43:14.037,InnoDB,TRX_SYS_SHARD,2,0,1
1787550194.036,2026-08-24 05:43:14.037,InnoDB,TRX_SYS_SHARD,2,0,2
1787550194.036,2026-08-24 05:43:14.037,InnoDB,DICT_TABLE,1,0,1
1787550194.036,2026-08-24 05:43:14.037,InnoDB,TRX_SYS_SHARD,1,0,1
1787550194.036,2026-08-24 05:43:14.037,InnoDB,TRX_SYS_SHARD,1,0,1
1787550194.036,2026-08-24 05:43:14.037,InnoDB,TRX_SYS_SHARD,2,0,1
1787550194.036,2026-08-24 05:43:14.037,InnoDB,TRX_SYS_SHARD,1,0,1
1787550194.036,2026-08-24 05:43:14.037,InnoDB,TRX_SYS_SHARD,1,0,1
1787550194.036,2026-08-24 05:43:14.037,InnoDB,TRX_SYS_SHARD,1,0,1
1787550194.036,2026-08-24 05:43:14.037,InnoDB,TRX_SYS_SHARD,2,0,1
1787550194.036,2026-08-24 05:43:14.037,InnoDB,TRX_SYS_SHARD,1,0,1
1787550194.036,2026-08-24 05:43:14.037,InnoDB,FIL_SHARD,115,0,150
1787550194.036,2026-08-24 05:43:14.037,InnoDB,FIL_SHARD,12,0,19
1787550194.036,2026-08-24 05:43:14.037,InnoDB,FIL_SHARD,22,0,40
1787550194.036,2026-08-24 05:43:14.037,InnoDB,FIL_SHARD,22,0,34
1787550194.036,2026-08-24 05:43:14.037,InnoDB,FIL_SHARD,68,0,85
1787550194.036,2026-08-24 05:43:14.037,InnoDB,FIL_SHARD,32,0,59
1787550194.036,2026-08-24 05:43:14.037,InnoDB,FIL_SHARD,29,0,42
1787550194.036,2026-08-24 05:43:14.037,InnoDB,FIL_SHARD,32,0,48
1787550194.036,2026-08-24 05:43:14.037,InnoDB,FIL_SHARD,41,0,64
1787550194.036,2026-08-24 05:43:14.037,InnoDB,LOG_LIMITS,217,0,150
1787550194.036,2026-08-24 05:43:14.037,InnoDB,FIL_SHARD,79,0,95
1787550194.036,2026-08-24 05:43:14.037,InnoDB,PERSIST_AUTOINC,5,0,1
1787550194.036,2026-08-24 05:43:14.037,InnoDB,FIL_SHARD,64,0,81
1787550194.036,2026-08-24 05:43:14.037,InnoDB,RECALC_POOL,11,0,10
1787550194.036,2026-08-24 05:43:14.037,InnoDB,RW_LOCK_LIST,1,0,1
1787550194.036,2026-08-24 05:43:14.037,InnoDB,TRX_POOL_MANAGER,6,0,2
1787550194.036,2026-08-24 05:43:14.037,InnoDB,TRX,3,0,1
1787550194.036,2026-08-24 05:43:14.037,InnoDB,FIL_SHARD,33,0,49
1787550194.036,2026-08-24 05:43:14.037,InnoDB,FIL_SHARD,75,0,54
1787550194.036,2026-08-24 05:43:14.037,InnoDB,FIL_SHARD,26,0,44
1787550194.036,2026-08-24 05:43:14.037,InnoDB,FIL_SHARD,11,0,18
1787550194.036,2026-08-24 05:43:14.037,InnoDB,FIL_SHARD,20,0,26
1787550194.036,2026-08-24 05:43:14.037,InnoDB,FIL_SHARD,46,0,64
1787550194.036,2026-08-24 05:43:14.037,InnoDB,FIL_SHARD,26,0,41
1787550194.036,2026-08-24 05:43:14.037,InnoDB,FIL_SHARD,20,0,32
1787550194.036,2026-08-24 05:43:14.037,InnoDB,FIL_SHARD,34,0,33
1787550194.036,2026-08-24 05:43:14.037,InnoDB,TRX,1,0,1
1787550194.036,2026-08-24 05:43:14.037,InnoDB,FIL_SHARD,20,0,25
1787550194.036,2026-08-24 05:43:14.037,InnoDB,FIL_SHARD,27,0,55
1787550194.036,2026-08-24 05:43:14.037,InnoDB,FIL_SHARD,29,0,27
1787550194.036,2026-08-24 05:43:14.037,InnoDB,FIL_SHARD,37,0,50
1787550194.036,2026-08-24 05:43:14.037,InnoDB,FIL_SHARD,40,0,42
1787550194.036,2026-08-24 05:43:14.037,InnoDB,FIL_SHARD,48,0,85
1787550194.036,2026-08-24 05:43:14.037,InnoDB,FIL_SHARD,44,0,36
1787550194.036,2026-08-24 05:43:14.037,InnoDB,TRX_SYS_SHARD,12,0,3
1787550194.036,2026-08-24 05:43:14.037,InnoDB,TRX_SYS_SHARD,14,0,1
1787550194.036,2026-08-24 05:43:14.037,InnoDB,TRX_SYS_SHARD,1,0,1
1787550194.036,2026-08-24 05:43:14.037,InnoDB,TRX_SYS_SHARD,3,0,3
1787550194.036,2026-08-24 05:43:14.037,InnoDB,TRX_SYS_SHARD,2,0,2
1787550194.036,2026-08-24 05:43:14.037,InnoDB,TRX_SYS_SHARD,1,0,1
1787550194.036,2026-08-24 05:43:14.037,InnoDB,TRX_SYS_SHARD,1,0,1
1787550194.036,2026-08-24 05:43:14.037,InnoDB,TRX_SYS_SHARD,1,0,1
1787550194.036,2026-08-24 05:43:14.037,InnoDB,TRX_SYS_SHARD,22,0,1
1787550194.036,2026-08-24 05:43:14.037,InnoDB,TRX_SYS_SHARD,1,0,1
1787550194.036,2026-08-24 05:43:14.037,InnoDB,TRX_SYS_SHARD,1,0,1
1787550194.036,2026-08-24 05:43:14.037,InnoDB,TRX_SYS_SHARD,1,0,1
1787550194.036,2026-08-24 05:43:14.037,InnoDB,TRX_SYS_SHARD,26,0,1
1787550194.036,2026-08-24 05:43:14.037,InnoDB,TRX_SYS_SHARD,1,0,1
1787550194.036,2026-08-24 05:43:14.037,InnoDB,TRX_SYS_SHARD,1,0,1
1787550194.036,2026-08-24 05:43:14.037,InnoDB,TRX_SYS_SHARD,2,0,2
1787550194.036,2026-08-24 05:43:14.037,InnoDB,TRX_SYS_SHARD,1,0,1
1787550194.036,2026-08-24 05:43:14.037,InnoDB,TRX_SYS_SHARD,1,0,1
1787550194.036,2026-08-24 05:43:14.037,InnoDB,FIL_SHARD,147,0,166
1787550194.036,2026-08-24 05:43:14.037,InnoDB,TRX_SYS_SHARD,2,0,2
1787550194.036,2026-08-24 05:43:14.037,InnoDB,TRX_SYS_SHARD,1,0,1
1787550194.036,2026-08-24 05:43:14.037,InnoDB,TRX_SYS_SHARD,2,0,1
1787550194.036,2026-08-24 05:43:14.037,InnoDB,TRX_SYS_SHARD,1,0,1
1787550194.036,2026-08-24 05:43:14.037,InnoDB,TRX_SYS_SHARD,1,0,1
1787550194.036,2026-08-24 05:43:14.037,InnoDB,TRX_SYS_SHARD,1,0,1
1787550194.036,2026-08-24 05:43:14.037,InnoDB,TRX_SYS_SHARD,1,0,2
1787550194.036,2026-08-24 05:43:14.037,InnoDB,TRX_SYS_SHARD,1,0,1
1787550194.036,2026-08-24 05:43:14.037,InnoDB,TRX_SYS_SHARD,2,0,1
1787550194.036,2026-08-24 05:43:14.037,InnoDB,TRX_SYS_SHARD,1,0,1
1787550194.036,2026-08-24 05:43:14.037,InnoDB,TRX_SYS_SHARD,1,0,1
1787550194.036,2026-08-24 05:43:14.037,InnoDB,TRX_SYS_SHARD,2,0,1
1787550194.036,2026-08-24 05:43:14.037,InnoDB,TRX_SYS_SHARD,1,0,1
1787550194.036,2026-08-24 05:43:14.037,InnoDB,TRX_SYS_SHARD,1,0,1
1787550194.036,2026-08-24 05:43:14.037,InnoDB,TRX_SYS_SHARD,1,0,1
1787550194.036,2026-08-24 05:43:14.037,InnoDB,rwlock: dict0dict.cc:2631,,16747,
1787550194.036,2026-08-24 05:43:14.037,InnoDB,rwlock: dict0dict.cc:2631,,17413,
1787550194.036,2026-08-24 05:43:14.037,InnoDB,rwlock: dict0dict.cc:2631,,17041,
1787550194.036,2026-08-24 05:43:14.037,InnoDB,rwlock: dict0dict.cc:2631,,16816,
1787550194.036,2026-08-24 05:43:14.037,InnoDB,rwlock: dict0dict.cc:2631,,16969,
1787550194.036,2026-08-24 05:43:14.037,InnoDB,rwlock: dict0dict.cc:2631,,17046,
1787550194.036,2026-08-24 05:43:14.037,InnoDB,rwlock: dict0dict.cc:2631,,16517,
1787550194.036,2026-08-24 05:43:14.037,InnoDB,rwlock: dict0dict.cc:2631,,17007,
1787550194.036,2026-08-24 05:43:14.037,InnoDB,rwlock: dict0dict.cc:2631,,16890,
1787550194.036,2026-08-24 05:43:14.037,InnoDB,rwlock: dict0dict.cc:2631,,16630,
1787550194.036,2026-08-24 05:43:14.037,InnoDB,rwlock: dict0dict.cc:2631,,16912,
1787550194.036,2026-08-24 05:43:14.037,InnoDB,rwlock: dict0dict.cc:2631,,17053,
1787550194.036,2026-08-24 05:43:14.037,InnoDB,rwlock: dict0dict.cc:2631,,16702,
1787550194.036,2026-08-24 05:43:14.037,InnoDB,rwlock: dict0dict.cc:2631,,17011,
1787550194.036,2026-08-24 05:43:14.037,InnoDB,rwlock: dict0dict.cc:2631,,16820,
1787550194.036,2026-08-24 05:43:14.037,InnoDB,rwlock: dict0dict.cc:2631,,16183,
1787550194.036,2026-08-24 05:43:14.037,InnoDB,rwlock: dict0dict.cc:2631,,16726,
1787550194.036,2026-08-24 05:43:14.037,InnoDB,rwlock: dict0dict.cc:2631,,16503,
1787550194.036,2026-08-24 05:43:14.037,InnoDB,rwlock: dict0dict.cc:2631,,16348,
1787550194.036,2026-08-24 05:43:14.037,InnoDB,rwlock: dict0dict.cc:2631,,15355,
1787550194.036,2026-08-24 05:43:14.037,InnoDB,rwlock: dict0dict.cc:2631,,1,
1787550194.036,2026-08-24 05:43:14.037,InnoDB,rwlock: fil0fil.cc:10242,,1,
1787550194.036,2026-08-24 05:43:14.037,InnoDB,rwlock: dict0dict.cc:2631,,2,
1787550194.036,2026-08-24 05:43:14.037,InnoDB,rwlock: dict0dict.cc:2631,,1,
1787550194.036,2026-08-24 05:43:14.037,InnoDB,rwlock: dict0dict.cc:2631,,2,
1787550194.036,2026-08-24 05:43:14.037,InnoDB,rwlock: dict0dict.cc:2631,,1,
1787550194.036,2026-08-24 05:43:14.037,InnoDB,rwlock: dict0dict.cc:2631,,2,
1787550194.036,2026-08-24 05:43:14.037,InnoDB,rwlock: dict0dict.cc:2631,,1,
1787550194.036,2026-08-24 05:43:14.037,InnoDB,rwlock: dict0dict.cc:2631,,2,
1787550194.036,2026-08-24 05:43:14.037,InnoDB,rwlock: dict0dict.cc:2631,,1,
1787550194.036,2026-08-24 05:43:14.037,InnoDB,rwlock: dict0dict.cc:2631,,1,
1787550194.036,2026-08-24 05:43:14.037,InnoDB,rwlock: dict0dict.cc:2631,,2,
1787550194.036,2026-08-24 05:43:14.037,InnoDB,rwlock: dict0dict.cc:2631,,1,
1787550194.036,2026-08-24 05:43:14.037,InnoDB,rwlock: fil0fil.cc:10242,,1,
1787550194.036,2026-08-24 05:43:14.037,InnoDB,rwlock: dict0dict.cc:2631,,1,
1787550194.036,2026-08-24 05:43:14.037,InnoDB,rwlock: dict0dict.cc:2631,,1,
1787550194.036,2026-08-24 05:43:14.037,InnoDB,rwlock: dict0dict.cc:2631,,1,
1787550194.036,2026-08-24 05:43:14.037,InnoDB,rwlock: trx0purge.cc:232,,15,
1787550194.036,2026-08-24 05:43:14.037,InnoDB,rwlock: fil0fil.cc:10242,,5180,
1787550194.036,2026-08-24 05:43:14.037,InnoDB,rwlock: fil0fil.cc:10242,,4950,
1787550194.036,2026-08-24 05:43:14.037,InnoDB,rwlock: dict0dict.cc:1180,,10,
1787550194.036,2026-08-24 05:43:14.037,InnoDB,rwlock: hash0hash.cc:117,,999,
1787550194.036,2026-08-24 05:43:14.037,InnoDB,rwlock: hash0hash.cc:117,,1146,
1787550194.036,2026-08-24 05:43:14.037,InnoDB,rwlock: hash0hash.cc:117,,617,
1787550194.036,2026-08-24 05:43:14.037,InnoDB,rwlock: hash0hash.cc:117,,706,
1787550194.036,2026-08-24 05:43:14.037,InnoDB,rwlock: hash0hash.cc:117,,4351,
1787550194.036,2026-08-24 05:43:14.037,InnoDB,rwlock: hash0hash.cc:117,,757,
1787550194.036,2026-08-24 05:43:14.037,InnoDB,rwlock: hash0hash.cc:117,,1356,
1787550194.036,2026-08-24 05:43:14.037,InnoDB,rwlock: hash0hash.cc:117,,791,
1787550194.036,2026-08-24 05:43:14.037,InnoDB,rwlock: hash0hash.cc:117,,754,
1787550194.036,2026-08-24 05:43:14.037,InnoDB,rwlock: hash0hash.cc:117,,850,
1787550194.036,2026-08-24 05:43:14.037,InnoDB,rwlock: hash0hash.cc:117,,803,
1787550194.036,2026-08-24 05:43:14.037,InnoDB,rwlock: hash0hash.cc:117,,804,
1787550194.036,2026-08-24 05:43:14.037,InnoDB,rwlock: hash0hash.cc:117,,937,
1787550194.036,2026-08-24 05:43:14.037,InnoDB,rwlock: hash0hash.cc:117,,885,
1787550194.036,2026-08-24 05:43:14.037,InnoDB,rwlock: hash0hash.cc:117,,818,
1787550194.036,2026-08-24 05:43:14.037,InnoDB,rwlock: hash0hash.cc:117,,2372,
1787550194.036,2026-08-24 05:43:14.037,InnoDB,rwlock: hash0hash.cc:117,,957,
1787550194.036,2026-08-24 05:43:14.037,InnoDB,rwlock: hash0hash.cc:117,,949,
1787550194.036,2026-08-24 05:43:14.037,InnoDB,rwlock: hash0hash.cc:117,,1064,
1787550194.036,2026-08-24 05:43:14.037,InnoDB,rwlock: hash0hash.cc:117,,585,
1787550194.036,2026-08-24 05:43:14.037,InnoDB,rwlock: hash0hash.cc:117,,614,
1787550194.036,2026-08-24 05:43:14.037,InnoDB,rwlock: hash0hash.cc:117,,2030,
1787550194.036,2026-08-24 05:43:14.037,InnoDB,rwlock: hash0hash.cc:117,,1981,
1787550194.036,2026-08-24 05:43:14.037,InnoDB,rwlock: hash0hash.cc:117,,458,
1787550194.036,2026-08-24 05:43:14.037,InnoDB,rwlock: hash0hash.cc:117,,519,
1787550194.036,2026-08-24 05:43:14.037,InnoDB,rwlock: hash0hash.cc:117,,641,
1787550194.036,2026-08-24 05:43:14.037,InnoDB,rwlock: hash0hash.cc:117,,414,
1787550194.036,2026-08-24 05:43:14.037,InnoDB,rwlock: hash0hash.cc:117,,484,
1787550194.036,2026-08-24 05:43:14.037,InnoDB,rwlock: hash0hash.cc:117,,500,
1787550194.036,2026-08-24 05:43:14.037,InnoDB,rwlock: hash0hash.cc:117,,792,
1787550194.036,2026-08-24 05:43:14.037,InnoDB,rwlock: hash0hash.cc:117,,482,
1787550194.036,2026-08-24 05:43:14.037,InnoDB,rwlock: hash0hash.cc:117,,655,
1787550194.036,2026-08-24 05:43:14.037,InnoDB,rwlock: hash0hash.cc:117,,720,
1787550194.036,2026-08-24 05:43:14.037,InnoDB,rwlock: hash0hash.cc:117,,636,
1787550194.036,2026-08-24 05:43:14.037,InnoDB,rwlock: hash0hash.cc:117,,499,
1787550194.036,2026-08-24 05:43:14.037,InnoDB,rwlock: hash0hash.cc:117,,698,
1787550194.036,2026-08-24 05:43:14.037,InnoDB,rwlock: hash0hash.cc:117,,1261,
1787550194.036,2026-08-24 05:43:14.037,InnoDB,rwlock: hash0hash.cc:117,,576,
1787550194.036,2026-08-24 05:43:14.037,InnoDB,rwlock: hash0hash.cc:117,,2923,
1787550194.036,2026-08-24 05:43:14.037,InnoDB,rwlock: hash0hash.cc:117,,449,
1787550194.036,2026-08-24 05:43:14.037,InnoDB,rwlock: hash0hash.cc:117,,461,
1787550194.036,2026-08-24 05:43:14.037,InnoDB,rwlock: hash0hash.cc:117,,503,
1787550194.036,2026-08-24 05:43:14.037,InnoDB,rwlock: hash0hash.cc:117,,433,
1787550194.036,2026-08-24 05:43:14.037,InnoDB,rwlock: hash0hash.cc:117,,483,
1787550194.036,2026-08-24 05:43:14.037,InnoDB,rwlock: hash0hash.cc:117,,556,
1787550194.036,2026-08-24 05:43:14.037,InnoDB,rwlock: hash0hash.cc:117,,1737,
1787550194.036,2026-08-24 05:43:14.037,InnoDB,rwlock: hash0hash.cc:117,,565,
1787550194.036,2026-08-24 05:43:14.037,InnoDB,rwlock: hash0hash.cc:117,,1141,
1787550194.036,2026-08-24 05:43:14.037,InnoDB,rwlock: hash0hash.cc:117,,658,
1787550194.036,2026-08-24 05:43:14.037,InnoDB,rwlock: hash0hash.cc:117,,705,
1787550194.036,2026-08-24 05:43:14.037,InnoDB,rwlock: hash0hash.cc:117,,619,
1787550194.036,2026-08-24 05:43:14.037,InnoDB,rwlock: hash0hash.cc:117,,748,
1787550194.036,2026-08-24 05:43:14.037,InnoDB,rwlock: hash0hash.cc:117,,625,
1787550194.036,2026-08-24 05:43:14.037,InnoDB,rwlock: hash0hash.cc:117,,994,
1787550194.036,2026-08-24 05:43:14.037,InnoDB,rwlock: hash0hash.cc:117,,1165,
1787550194.036,2026-08-24 05:43:14.037,InnoDB,rwlock: hash0hash.cc:117,,481,
1787550194.036,2026-08-24 05:43:14.037,InnoDB,rwlock: hash0hash.cc:117,,739,
1787550194.036,2026-08-24 05:43:14.037,InnoDB,rwlock: hash0hash.cc:117,,546,
1787550194.036,2026-08-24 05:43:14.037,InnoDB,rwlock: hash0hash.cc:117,,805,
1787550194.036,2026-08-24 05:43:14.037,InnoDB,rwlock: hash0hash.cc:117,,920,
1787550194.036,2026-08-24 05:43:14.037,InnoDB,rwlock: hash0hash.cc:117,,1603,
1787550194.036,2026-08-24 05:43:14.037,InnoDB,rwlock: hash0hash.cc:117,,619,
1787550194.036,2026-08-24 05:43:14.037,InnoDB,rwlock: hash0hash.cc:117,,2189,
1787550194.036,2026-08-24 05:43:14.037,InnoDB,rwlock: hash0hash.cc:117,,1763,
1787550194.036,2026-08-24 05:43:14.037,InnoDB,rwlock: hash0hash.cc:117,,1111,
1787550194.036,2026-08-24 05:43:14.037,InnoDB,rwlock: hash0hash.cc:117,,2634,
1787550194.036,2026-08-24 05:43:14.037,InnoDB,rwlock: hash0hash.cc:117,,922,
1787550194.036,2026-08-24 05:43:14.037,InnoDB,rwlock: hash0hash.cc:117,,1008,
1787550194.036,2026-08-24 05:43:14.037,InnoDB,rwlock: hash0hash.cc:117,,785,
1787550194.036,2026-08-24 05:43:14.037,InnoDB,rwlock: hash0hash.cc:117,,944,
1787550194.036,2026-08-24 05:43:14.037,InnoDB,rwlock: hash0hash.cc:117,,685,
1787550194.036,2026-08-24 05:43:14.037,InnoDB,rwlock: hash0hash.cc:117,,2393,
1787550194.036,2026-08-24 05:43:14.037,InnoDB,rwlock: hash0hash.cc:117,,868,
1787550194.036,2026-08-24 05:43:14.037,InnoDB,rwlock: hash0hash.cc:117,,1454,
1787550194.036,2026-08-24 05:43:14.037,InnoDB,rwlock: hash0hash.cc:117,,661,
1787550194.036,2026-08-24 05:43:14.037,InnoDB,rwlock: hash0hash.cc:117,,1055,
1787550194.036,2026-08-24 05:43:14.037,InnoDB,rwlock: hash0hash.cc:117,,2419,
1787550194.036,2026-08-24 05:43:14.037,InnoDB,rwlock: hash0hash.cc:117,,900,
1787550194.036,2026-08-24 05:43:14.037,InnoDB,rwlock: hash0hash.cc:117,,1047,
1787550194.036,2026-08-24 05:43:14.037,InnoDB,rwlock: hash0hash.cc:117,,897,
1787550194.036,2026-08-24 05:43:14.037,InnoDB,rwlock: hash0hash.cc:117,,720,
1787550194.036,2026-08-24 05:43:14.037,InnoDB,rwlock: hash0hash.cc:117,,524,
1787550194.036,2026-08-24 05:43:14.037,InnoDB,rwlock: hash0hash.cc:117,,782,
1787550194.036,2026-08-24 05:43:14.037,InnoDB,rwlock: hash0hash.cc:117,,588,
1787550194.036,2026-08-24 05:43:14.037,InnoDB,rwlock: hash0hash.cc:117,,584,
1787550194.036,2026-08-24 05:43:14.037,InnoDB,rwlock: hash0hash.cc:117,,680,
1787550194.036,2026-08-24 05:43:14.037,InnoDB,rwlock: hash0hash.cc:117,,866,
1787550194.036,2026-08-24 05:43:14.037,InnoDB,rwlock: hash0hash.cc:117,,517,
1787550194.036,2026-08-24 05:43:14.037,InnoDB,rwlock: hash0hash.cc:117,,1909,
1787550194.036,2026-08-24 05:43:14.037,InnoDB,rwlock: hash0hash.cc:117,,668,
1787550194.036,2026-08-24 05:43:14.037,InnoDB,rwlock: hash0hash.cc:117,,613,
1787550194.036,2026-08-24 05:43:14.037,InnoDB,rwlock: hash0hash.cc:117,,1774,
1787550194.036,2026-08-24 05:43:14.037,InnoDB,rwlock: hash0hash.cc:117,,675,
1787550194.036,2026-08-24 05:43:14.037,InnoDB,rwlock: hash0hash.cc:117,,423,
1787550194.036,2026-08-24 05:43:14.037,InnoDB,rwlock: hash0hash.cc:117,,540,
1787550194.036,2026-08-24 05:43:14.037,InnoDB,rwlock: hash0hash.cc:117,,651,
1787550194.036,2026-08-24 05:43:14.037,InnoDB,rwlock: hash0hash.cc:117,,575,
1787550194.036,2026-08-24 05:43:14.037,InnoDB,rwlock: hash0hash.cc:117,,1046,
1787550194.036,2026-08-24 05:43:14.037,InnoDB,rwlock: hash0hash.cc:117,,593,
1787550194.036,2026-08-24 05:43:14.037,InnoDB,rwlock: hash0hash.cc:117,,482,
1787550194.036,2026-08-24 05:43:14.037,InnoDB,rwlock: hash0hash.cc:117,,537,
1787550194.036,2026-08-24 05:43:14.037,InnoDB,rwlock: hash0hash.cc:117,,2433,
1787550194.036,2026-08-24 05:43:14.037,InnoDB,rwlock: hash0hash.cc:117,,744,
1787550194.036,2026-08-24 05:43:14.037,InnoDB,rwlock: hash0hash.cc:117,,745,
1787550194.036,2026-08-24 05:43:14.037,InnoDB,rwlock: hash0hash.cc:117,,1119,
1787550194.036,2026-08-24 05:43:14.037,InnoDB,rwlock: hash0hash.cc:117,,1003,
1787550194.036,2026-08-24 05:43:14.037,InnoDB,rwlock: hash0hash.cc:117,,688,
1787550194.036,2026-08-24 05:43:14.037,InnoDB,rwlock: hash0hash.cc:117,,645,
1787550194.036,2026-08-24 05:43:14.037,InnoDB,rwlock: hash0hash.cc:117,,545,
1787550194.036,2026-08-24 05:43:14.037,InnoDB,rwlock: hash0hash.cc:117,,727,
1787550194.036,2026-08-24 05:43:14.037,InnoDB,rwlock: hash0hash.cc:117,,1797,
1787550194.036,2026-08-24 05:43:14.037,InnoDB,rwlock: hash0hash.cc:117,,939,
1787550194.036,2026-08-24 05:43:14.037,InnoDB,rwlock: hash0hash.cc:117,,597,
1787550194.036,2026-08-24 05:43:14.037,InnoDB,rwlock: hash0hash.cc:117,,676,
1787550194.036,2026-08-24 05:43:14.037,InnoDB,rwlock: hash0hash.cc:117,,628,
1787550194.036,2026-08-24 05:43:14.037,InnoDB,rwlock: hash0hash.cc:117,,657,
1787550194.036,2026-08-24 05:43:14.037,InnoDB,rwlock: hash0hash.cc:117,,431,
1787550194.036,2026-08-24 05:43:14.037,InnoDB,rwlock: hash0hash.cc:117,,2121,
1787550194.036,2026-08-24 05:43:14.037,InnoDB,rwlock: hash0hash.cc:117,,733,
1787550194.036,2026-08-24 05:43:14.037,InnoDB,rwlock: hash0hash.cc:117,,1859,
1787550194.036,2026-08-24 05:43:14.037,InnoDB,rwlock: hash0hash.cc:117,,946,
1787550194.036,2026-08-24 05:43:14.037,InnoDB,rwlock: hash0hash.cc:117,,587,
1787550194.036,2026-08-24 05:43:14.037,InnoDB,rwlock: hash0hash.cc:117,,720,
1787550194.036,2026-08-24 05:43:14.037,InnoDB,rwlock: hash0hash.cc:117,,484,
1787550194.036,2026-08-24 05:43:14.037,InnoDB,rwlock: hash0hash.cc:117,,514,
1787550194.036,2026-08-24 05:43:14.037,InnoDB,rwlock: hash0hash.cc:117,,540,
1787550194.036,2026-08-24 05:43:14.037,InnoDB,rwlock: hash0hash.cc:117,,2128,
1787550194.036,2026-08-24 05:43:14.037,InnoDB,rwlock: hash0hash.cc:117,,979,
1787550194.036,2026-08-24 05:43:14.037,InnoDB,sum rwlock: buf0buf.cc:852,,253527,
1787550218.769,2026-08-24 05:43:38.776,InnoDB,TRX_SYS,21969940,287657,9296164
1787550218.769,2026-08-24 05:43:38.776,InnoDB,SRV_SYS,9290592,234074,1013571
1787550218.769,2026-08-24 05:43:38.776,InnoDB,LOG_WRITER,3236618,107805,1941
1787550218.769,2026-08-24 05:43:38.776,InnoDB,BUF_POOL_LRU_LIST,4095992,69953,1454480
1787550218.769,2026-08-24 05:43:38.776,InnoDB,BUF_POOL_LRU_LIST,3811124,62466,1451921
1787550218.769,2026-08-24 05:43:38.776,InnoDB,BUF_POOL_LRU_LIST,3644314,59630,1359133
1787550218.769,2026-08-24 05:43:38.776,InnoDB,BUF_POOL_LRU_LIST,3663516,58314,1396507
1787550218.769,2026-08-24 05:43:38.776,InnoDB,BUF_POOL_LRU_LIST,3659257,57988,1394827
1787550218.769,2026-08-24 05:43:38.776,InnoDB,BUF_POOL_LRU_LIST,3573969,57784,1365248
1787550218.769,2026-08-24 05:43:38.776,InnoDB,BUF_POOL_LRU_LIST,3644703,57327,1441882
1787550218.769,2026-08-24 05:43:38.776,InnoDB,BUF_POOL_LRU_LIST,3546959,56076,1404474
1787550218.769,2026-08-24 05:43:38.776,InnoDB,DICT_SYS,30788698,37015,20867620
1787550218.769,2026-08-24 05:43:38.776,InnoDB,FLUSH_LIST,1086637,30111,152618
1787550218.769,2026-08-24 05:43:38.776,InnoDB,FLUSH_LIST,981563,26704,148815
1787550218.769,2026-08-24 05:43:38.776,InnoDB,FLUSH_LIST,970906,26307,146519
1787550218.769,2026-08-24 05:43:38.776,InnoDB,FLUSH_LIST,967259,26262,147104
1787550218.769,2026-08-24 05:43:38.776,InnoDB,FLUSH_LIST,967410,26063,155815
1787550218.769,2026-08-24 05:43:38.776,InnoDB,FLUSH_LIST,964741,25967,154884
1787550218.769,2026-08-24 05:43:38.776,InnoDB,FLUSH_LIST,938938,25247,145978
1787550218.769,2026-08-24 05:43:38.776,InnoDB,FLUSH_LIST,757653,19223,145331
1787550218.769,2026-08-24 05:43:38.776,InnoDB,BUF_POOL_FLUSH_STATE,1242052,17325,416119
1787550218.769,2026-08-24 05:43:38.776,InnoDB,BUF_POOL_FLUSH_STATE,1234139,17259,404655
1787550218.769,2026-08-24 05:43:38.776,InnoDB,BUF_POOL_FLUSH_STATE,1200079,16820,389986
1787550218.769,2026-08-24 05:43:38.776,InnoDB,BUF_POOL_FLUSH_STATE,1212159,16675,415290
1787550218.769,2026-08-24 05:43:38.776,InnoDB,BUF_POOL_FLUSH_STATE,1188677,16634,387440
1787550218.769,2026-08-24 05:43:38.776,InnoDB,BUF_POOL_FLUSH_STATE,1175351,16245,386918
1787550218.769,2026-08-24 05:43:38.776,InnoDB,BUF_POOL_FLUSH_STATE,1143513,15974,382202
1787550218.769,2026-08-24 05:43:38.776,InnoDB,BUF_POOL_FLUSH_STATE,1178018,15787,399188
1787550218.769,2026-08-24 05:43:38.776,InnoDB,PURGE_SYS_PQ,1787280,12185,1163238
1787550218.769,2026-08-24 05:43:38.776,InnoDB,TRX_SYS_SERIALISATION,1279785,10837,792151
1787550218.769,2026-08-24 05:43:38.776,InnoDB,FIL_SHARD,214465,3891,58665
1787550218.769,2026-08-24 05:43:38.776,InnoDB,FIL_SHARD,204008,3584,58509
1787550218.769,2026-08-24 05:43:38.776,InnoDB,FIL_SHARD,209957,3560,63043
1787550218.769,2026-08-24 05:43:38.776,InnoDB,FIL_SHARD,198227,3548,56437
1787550218.769,2026-08-24 05:43:38.776,InnoDB,FIL_SHARD,217337,3526,62460
1787550218.769,2026-08-24 05:43:38.776,InnoDB,FIL_SHARD,189014,3329,54857
1787550218.769,2026-08-24 05:43:38.776,InnoDB,FIL_SHARD,187713,3284,55649
1787550218.769,2026-08-24 05:43:38.776,InnoDB,FIL_SHARD,185146,3258,53799
1787550218.769,2026-08-24 05:43:38.776,InnoDB,FIL_SHARD,184718,3249,53923
1787550218.769,2026-08-24 05:43:38.776,InnoDB,FIL_SHARD,185830,3247,53791
1787550218.769,2026-08-24 05:43:38.776,InnoDB,FIL_SHARD,176717,3136,51424
1787550218.769,2026-08-24 05:43:38.776,InnoDB,FIL_SHARD,177074,3127,53355
1787550218.769,2026-08-24 05:43:38.776,InnoDB,FIL_SHARD,173779,3101,50103
1787550218.769,2026-08-24 05:43:38.776,InnoDB,FIL_SHARD,165995,3008,48987
1787550218.769,2026-08-24 05:43:38.776,InnoDB,FIL_SHARD,168441,2982,51797
1787550218.769,2026-08-24 05:43:38.776,InnoDB,FIL_SHARD,171515,2961,51450
1787550218.769,2026-08-24 05:43:38.776,InnoDB,FIL_SHARD,155432,2721,46471
1787550218.769,2026-08-24 05:43:38.776,InnoDB,FIL_SHARD,156983,2702,50419
1787550218.769,2026-08-24 05:43:38.776,InnoDB,FIL_SHARD,157587,2694,51514
1787550218.769,2026-08-24 05:43:38.776,InnoDB,FIL_SHARD,147394,2598,46440
1787550218.769,2026-08-24 05:43:38.776,InnoDB,TRX,672040,2339,988004
1787550218.769,2026-08-24 05:43:38.776,InnoDB,LOG_FILES,47928,1392,1671
1787550218.769,2026-08-24 05:43:38.776,InnoDB,LOCK_SYS_TABLE,85301,1202,38794
1787550218.769,2026-08-24 05:43:38.776,InnoDB,LOCK_SYS_TABLE,82229,1184,38009
1787550218.769,2026-08-24 05:43:38.776,InnoDB,LOCK_SYS_TABLE,82189,1130,39844
1787550218.769,2026-08-24 05:43:38.776,InnoDB,LOCK_SYS_TABLE,82461,1109,38253
1787550218.769,2026-08-24 05:43:38.776,InnoDB,LOCK_SYS_TABLE,79769,1108,36893
1787550218.769,2026-08-24 05:43:38.776,InnoDB,LOCK_SYS_TABLE,81007,1091,38039
1787550218.769,2026-08-24 05:43:38.776,InnoDB,LOCK_SYS_TABLE,79158,1079,39149
1787550218.769,2026-08-24 05:43:38.776,InnoDB,LOG_FLUSHER,43453,1072,1843
1787550218.769,2026-08-24 05:43:38.776,InnoDB,LOCK_SYS_TABLE,82092,1071,40687
1787550218.769,2026-08-24 05:43:38.776,InnoDB,LOCK_SYS_TABLE,79545,1061,37981
1787550218.769,2026-08-24 05:43:38.776,InnoDB,LOCK_SYS_TABLE,78951,1057,38478
1787550218.769,2026-08-24 05:43:38.776,InnoDB,LOCK_SYS_TABLE,79488,1037,37620
1787550218.769,2026-08-24 05:43:38.776,InnoDB,LOCK_SYS_TABLE,80418,1029,38656
1787550218.769,2026-08-24 05:43:38.776,InnoDB,LOCK_SYS_TABLE,80031,1029,40839
1787550218.769,2026-08-24 05:43:38.776,InnoDB,LOCK_SYS_TABLE,78022,1022,37598
1787550218.769,2026-08-24 05:43:38.776,InnoDB,LOCK_SYS_TABLE,76783,1018,36602
1787550218.769,2026-08-24 05:43:38.776,InnoDB,LOCK_SYS_TABLE,75168,979,39101
1787550218.769,2026-08-24 05:43:38.776,InnoDB,LOCK_SYS_TABLE,75928,977,38311
1787550218.769,2026-08-24 05:43:38.776,InnoDB,LOCK_SYS_TABLE,74248,940,38251
1787550218.769,2026-08-24 05:43:38.776,InnoDB,LOCK_SYS_TABLE,75521,910,40149
1787550218.769,2026-08-24 05:43:38.776,InnoDB,LOCK_SYS_TABLE,73630,903,38735
1787550218.769,2026-08-24 05:43:38.776,InnoDB,BUF_BLOCK_MUTEX,27525,837,1442
1787550218.769,2026-08-24 05:43:38.776,InnoDB,PAGE_CLEANER,1642984,693,984214
1787550218.769,2026-08-24 05:43:38.776,InnoDB,SRV_SYS_TASKS,407047,612,402607
1787550218.769,2026-08-24 05:43:38.776,InnoDB,IBUF_BITMAP,35205,453,16595
1787550218.769,2026-08-24 05:43:38.776,InnoDB,DICT_PERSIST_DIRTY_TABLES,1159135,414,490530
1787550218.769,2026-08-24 05:43:38.776,InnoDB,FIL_SHARD,27998,284,25913
1787550218.769,2026-08-24 05:43:38.776,InnoDB,FIL_SHARD,25734,236,25163
1787550218.769,2026-08-24 05:43:38.776,InnoDB,BUF_POOL_FREE_LIST,32802,73,29362
1787550218.769,2026-08-24 05:43:38.776,InnoDB,DICT_TABLE_STATS_COMPUTE,1980,66,11
1787550218.769,2026-08-24 05:43:38.776,InnoDB,BUF_POOL_FREE_LIST,24104,55,24052
1787550218.769,2026-08-24 05:43:38.776,InnoDB,BUF_POOL_FREE_LIST,24552,54,24580
1787550218.769,2026-08-24 05:43:38.776,InnoDB,BUF_POOL_FREE_LIST,25638,52,24746
1787550218.769,2026-08-24 05:43:38.776,InnoDB,BUF_POOL_FREE_LIST,26383,51,24982
1787550218.769,2026-08-24 05:43:38.776,InnoDB,BUF_POOL_FREE_LIST,25316,51,25420
1787550218.769,2026-08-24 05:43:38.776,InnoDB,BUF_POOL_FREE_LIST,32453,48,29595
1787550218.769,2026-08-24 05:43:38.776,InnoDB,UNDO_SPACE_RSEG,4868,42,1893
1787550218.769,2026-08-24 05:43:38.776,InnoDB,UNDO_SPACE_RSEG,5106,42,1910
1787550218.769,2026-08-24 05:43:38.776,InnoDB,BUF_POOL_FREE_LIST,25675,40,25283
1787550218.769,2026-08-24 05:43:38.776,InnoDB,UNDO_SPACE_RSEG,5144,39,2012
1787550218.769,2026-08-24 05:43:38.776,InnoDB,UNDO_SPACE_RSEG,5074,39,1908
1787550218.769,2026-08-24 05:43:38.776,InnoDB,UNDO_SPACE_RSEG,5109,39,1933
1787550218.769,2026-08-24 05:43:38.776,InnoDB,UNDO_SPACE_RSEG,5240,39,1912
1787550218.769,2026-08-24 05:43:38.776,InnoDB,UNDO_SPACE_RSEG,4897,38,1908
1787550218.769,2026-08-24 05:43:38.776,InnoDB,UNDO_SPACE_RSEG,4817,38,1810
1787550218.769,2026-08-24 05:43:38.776,InnoDB,UNDO_SPACE_RSEG,4941,38,1878
1787550218.769,2026-08-24 05:43:38.776,InnoDB,UNDO_SPACE_RSEG,4892,38,1851
1787550218.769,2026-08-24 05:43:38.776,InnoDB,UNDO_SPACE_RSEG,4700,38,1860
1787550218.769,2026-08-24 05:43:38.776,InnoDB,UNDO_SPACE_RSEG,5038,37,1910
1787550218.769,2026-08-24 05:43:38.776,InnoDB,UNDO_SPACE_RSEG,5280,37,2061
1787550218.769,2026-08-24 05:43:38.776,InnoDB,UNDO_SPACE_RSEG,4888,37,1940
1787550218.769,2026-08-24 05:43:38.776,InnoDB,UNDO_SPACE_RSEG,4996,37,1900
1787550218.769,2026-08-24 05:43:38.776,InnoDB,UNDO_SPACE_RSEG,4958,36,1946
1787550218.769,2026-08-24 05:43:38.776,InnoDB,LOCK_SYS_PAGE,1744,36,580
1787550218.769,2026-08-24 05:43:38.776,InnoDB,UNDO_SPACE_RSEG,4958,36,1933
1787550218.769,2026-08-24 05:43:38.776,InnoDB,UNDO_SPACE_RSEG,4931,36,1978
1787550218.769,2026-08-24 05:43:38.776,InnoDB,UNDO_SPACE_RSEG,4864,36,1901
1787550218.769,2026-08-24 05:43:38.776,InnoDB,UNDO_SPACE_RSEG,5011,35,1966
1787550218.769,2026-08-24 05:43:38.776,InnoDB,UNDO_SPACE_RSEG,4923,35,1890
1787550218.769,2026-08-24 05:43:38.776,InnoDB,UNDO_SPACE_RSEG,4819,35,1926
1787550218.769,2026-08-24 05:43:38.776,InnoDB,UNDO_SPACE_RSEG,4849,35,1890
1787550218.769,2026-08-24 05:43:38.776,InnoDB,UNDO_SPACE_RSEG,4739,35,1847
1787550218.769,2026-08-24 05:43:38.776,InnoDB,UNDO_SPACE_RSEG,4954,35,2028
1787550218.769,2026-08-24 05:43:38.776,InnoDB,UNDO_SPACE_RSEG,4886,35,1947
1787550218.769,2026-08-24 05:43:38.776,InnoDB,UNDO_SPACE_RSEG,4792,35,1876
1787550218.769,2026-08-24 05:43:38.776,InnoDB,UNDO_SPACE_RSEG,5014,35,1937
1787550218.769,2026-08-24 05:43:38.776,InnoDB,UNDO_SPACE_RSEG,4901,35,1889
1787550218.769,2026-08-24 05:43:38.776,InnoDB,UNDO_SPACE_RSEG,4785,35,1880
1787550218.769,2026-08-24 05:43:38.776,InnoDB,UNDO_SPACE_RSEG,4744,35,1916
1787550218.769,2026-08-24 05:43:38.776,InnoDB,UNDO_SPACE_RSEG,4996,35,1913
1787550218.769,2026-08-24 05:43:38.776,InnoDB,UNDO_SPACE_RSEG,4780,34,1833
1787550218.769,2026-08-24 05:43:38.776,InnoDB,UNDO_SPACE_RSEG,4838,34,1883
1787550218.769,2026-08-24 05:43:38.776,InnoDB,UNDO_SPACE_RSEG,4900,34,1917
1787550218.769,2026-08-24 05:43:38.776,InnoDB,UNDO_SPACE_RSEG,4900,34,1870
1787550218.769,2026-08-24 05:43:38.776,InnoDB,UNDO_SPACE_RSEG,4789,34,1920
1787550218.769,2026-08-24 05:43:38.776,InnoDB,UNDO_SPACE_RSEG,4943,34,1967
1787550218.769,2026-08-24 05:43:38.776,InnoDB,UNDO_SPACE_RSEG,4634,34,1839
1787550218.769,2026-08-24 05:43:38.776,InnoDB,UNDO_SPACE_RSEG,4912,34,1936
1787550218.769,2026-08-24 05:43:38.776,InnoDB,UNDO_SPACE_RSEG,4865,34,1967
1787550218.769,2026-08-24 05:43:38.776,InnoDB,UNDO_SPACE_RSEG,4876,33,1925
1787550218.769,2026-08-24 05:43:38.776,InnoDB,UNDO_SPACE_RSEG,4878,33,1962
1787550218.769,2026-08-24 05:43:38.776,InnoDB,UNDO_SPACE_RSEG,5018,33,1995
1787550218.769,2026-08-24 05:43:38.776,InnoDB,UNDO_SPACE_RSEG,4762,33,1967
1787550218.769,2026-08-24 05:43:38.776,InnoDB,UNDO_SPACE_RSEG,4769,33,1925
1787550218.769,2026-08-24 05:43:38.776,InnoDB,LOCK_SYS_PAGE,1553,32,516
1787550218.769,2026-08-24 05:43:38.776,InnoDB,UNDO_SPACE_RSEG,4950,32,1936
1787550218.769,2026-08-24 05:43:38.776,InnoDB,UNDO_SPACE_RSEG,4818,32,1854
1787550218.769,2026-08-24 05:43:38.776,InnoDB,UNDO_SPACE_RSEG,5054,32,2057
1787550218.769,2026-08-24 05:43:38.776,InnoDB,LOCK_SYS_PAGE,1522,32,488
1787550218.769,2026-08-24 05:43:38.776,InnoDB,UNDO_SPACE_RSEG,4738,32,1922
1787550218.769,2026-08-24 05:43:38.776,InnoDB,UNDO_SPACE_RSEG,4658,32,1852
1787550218.769,2026-08-24 05:43:38.776,InnoDB,UNDO_SPACE_RSEG,4809,32,1979
1787550218.769,2026-08-24 05:43:38.776,InnoDB,UNDO_SPACE_RSEG,4846,32,2006
1787550218.769,2026-08-24 05:43:38.776,InnoDB,UNDO_SPACE_RSEG,4965,32,1947
1787550218.769,2026-08-24 05:43:38.776,InnoDB,UNDO_SPACE_RSEG,4838,32,1945
1787550218.769,2026-08-24 05:43:38.776,InnoDB,UNDO_SPACE_RSEG,4864,32,1976
1787550218.769,2026-08-24 05:43:38.776,InnoDB,UNDO_SPACE_RSEG,4734,31,1993
1787550218.769,2026-08-24 05:43:38.776,InnoDB,UNDO_SPACE_RSEG,4726,31,1963
1787550218.769,2026-08-24 05:43:38.776,InnoDB,UNDO_SPACE_RSEG,4834,31,1916
1787550218.769,2026-08-24 05:43:38.776,InnoDB,UNDO_SPACE_RSEG,4839,31,2004
1787550218.769,2026-08-24 05:43:38.776,InnoDB,UNDO_SPACE_RSEG,4509,31,1838
1787550218.769,2026-08-24 05:43:38.776,InnoDB,UNDO_SPACE_RSEG,4682,31,1904
1787550218.769,2026-08-24 05:43:38.776,InnoDB,LOCK_SYS_PAGE,1660,31,566
1787550218.769,2026-08-24 05:43:38.776,InnoDB,UNDO_SPACE_RSEG,4915,31,1972
1787550218.769,2026-08-24 05:43:38.776,InnoDB,UNDO_SPACE_RSEG,4666,31,1871
1787550218.769,2026-08-24 05:43:38.776,InnoDB,UNDO_SPACE_RSEG,4697,31,1925
1787550218.769,2026-08-24 05:43:38.776,InnoDB,LOCK_SYS_PAGE,1721,31,606
1787550218.769,2026-08-24 05:43:38.776,InnoDB,UNDO_SPACE_RSEG,4772,31,1946
1787550218.769,2026-08-24 05:43:38.776,InnoDB,UNDO_SPACE_RSEG,4811,31,1938
1787550218.769,2026-08-24 05:43:38.776,InnoDB,UNDO_SPACE_RSEG,4844,31,1926
1787550218.769,2026-08-24 05:43:38.776,InnoDB,UNDO_SPACE_RSEG,4902,31,1891
1787550218.769,2026-08-24 05:43:38.776,InnoDB,UNDO_SPACE_RSEG,4772,31,1937
1787550218.769,2026-08-24 05:43:38.776,InnoDB,UNDO_SPACE_RSEG,4684,31,1908
1787550218.769,2026-08-24 05:43:38.776,InnoDB,UNDO_SPACE_RSEG,4643,30,1879
1787550218.769,2026-08-24 05:43:38.776,InnoDB,UNDO_SPACE_RSEG,4803,30,1902
1787550218.769,2026-08-24 05:43:38.776,InnoDB,LOCK_SYS_PAGE,1518,30,575
1787550218.769,2026-08-24 05:43:38.776,InnoDB,UNDO_SPACE_RSEG,4709,30,1918
1787550218.769,2026-08-24 05:43:38.776,InnoDB,UNDO_SPACE_RSEG,4816,30,1940
1787550218.769,2026-08-24 05:43:38.776,InnoDB,UNDO_SPACE_RSEG,4726,30,1942
1787550218.769,2026-08-24 05:43:38.776,InnoDB,UNDO_SPACE_RSEG,4752,30,1889
1787550218.769,2026-08-24 05:43:38.776,InnoDB,LOCK_SYS_PAGE,1655,30,514
1787550218.769,2026-08-24 05:43:38.776,InnoDB,LOCK_SYS_PAGE,1559,30,593
1787550218.769,2026-08-24 05:43:38.776,InnoDB,UNDO_SPACE_RSEG,4510,30,1851
1787550218.769,2026-08-24 05:43:38.776,InnoDB,LOCK_SYS_PAGE,1629,30,559
1787550218.769,2026-08-24 05:43:38.776,InnoDB,UNDO_SPACE_RSEG,4555,30,1882
1787550218.769,2026-08-24 05:43:38.776,InnoDB,UNDO_SPACE_RSEG,4759,30,2006
1787550218.769,2026-08-24 05:43:38.776,InnoDB,UNDO_SPACE_RSEG,4720,30,1896
1787550218.769,2026-08-24 05:43:38.776,InnoDB,UNDO_SPACE_RSEG,4737,30,1885
1787550218.769,2026-08-24 05:43:38.776,InnoDB,UNDO_SPACE_RSEG,4574,29,1866
1787550218.769,2026-08-24 05:43:38.776,InnoDB,UNDO_SPACE_RSEG,4563,29,1914
1787550218.769,2026-08-24 05:43:38.776,InnoDB,UNDO_SPACE_RSEG,4678,29,1911
1787550218.769,2026-08-24 05:43:38.776,InnoDB,LOCK_SYS_PAGE,1568,29,536
1787550218.769,2026-08-24 05:43:38.776,InnoDB,UNDO_SPACE_RSEG,4682,29,1912
1787550218.769,2026-08-24 05:43:38.776,InnoDB,UNDO_SPACE_RSEG,4594,29,1888
1787550218.769,2026-08-24 05:43:38.776,InnoDB,UNDO_SPACE_RSEG,4706,29,1900
1787550218.769,2026-08-24 05:43:38.776,InnoDB,UNDO_SPACE_RSEG,4641,29,1883
1787550218.769,2026-08-24 05:43:38.776,InnoDB,UNDO_SPACE_RSEG,4688,29,1972
1787550218.769,2026-08-24 05:43:38.776,InnoDB,UNDO_SPACE_RSEG,4829,29,1943
1787550218.769,2026-08-24 05:43:38.776,InnoDB,UNDO_SPACE_RSEG,4678,29,1917
1787550218.769,2026-08-24 05:43:38.776,InnoDB,UNDO_SPACE_RSEG,4784,29,1999
1787550218.769,2026-08-24 05:43:38.776,InnoDB,LOCK_SYS_PAGE,1606,29,574
1787550218.769,2026-08-24 05:43:38.776,InnoDB,LOCK_SYS_PAGE,1492,29,498
1787550218.769,2026-08-24 05:43:38.776,InnoDB,LOCK_SYS_PAGE,1508,28,565
1787550218.769,2026-08-24 05:43:38.776,InnoDB,LOCK_SYS_PAGE,1466,28,497
1787550218.769,2026-08-24 05:43:38.776,InnoDB,LOCK_SYS_PAGE,1439,28,490
1787550218.769,2026-08-24 05:43:38.776,InnoDB,LOCK_SYS_PAGE,1444,28,516
1787550218.769,2026-08-24 05:43:38.776,InnoDB,UNDO_SPACE_RSEG,4647,28,1897
1787550218.769,2026-08-24 05:43:38.776,InnoDB,LOCK_SYS_PAGE,1556,28,569
1787550218.769,2026-08-24 05:43:38.776,InnoDB,LOCK_SYS_PAGE,1515,28,575
1787550218.769,2026-08-24 05:43:38.776,InnoDB,LOCK_SYS_PAGE,1509,28,570
1787550218.769,2026-08-24 05:43:38.776,InnoDB,DICT_TABLE_STATS_COMPUTE,840,28,7
1787550218.769,2026-08-24 05:43:38.776,InnoDB,UNDO_SPACE_RSEG,4379,28,1826
1787550218.769,2026-08-24 05:43:38.776,InnoDB,UNDO_SPACE_RSEG,4891,28,1964
1787550218.769,2026-08-24 05:43:38.776,InnoDB,UNDO_SPACE_RSEG,4644,28,1941
1787550218.769,2026-08-24 05:43:38.776,InnoDB,UNDO_SPACE_RSEG,4744,28,1952
1787550218.769,2026-08-24 05:43:38.776,InnoDB,UNDO_SPACE_RSEG,4559,28,1931
1787550218.769,2026-08-24 05:43:38.776,InnoDB,UNDO_SPACE_RSEG,4648,28,1909
1787550218.769,2026-08-24 05:43:38.776,InnoDB,UNDO_SPACE_RSEG,4608,28,1877
1787550218.769,2026-08-24 05:43:38.776,InnoDB,UNDO_SPACE_RSEG,4469,28,1882
1787550218.769,2026-08-24 05:43:38.776,InnoDB,UNDO_SPACE_RSEG,4577,28,1928
1787550218.769,2026-08-24 05:43:38.776,InnoDB,UNDO_SPACE_RSEG,4827,28,1987
1787550218.769,2026-08-24 05:43:38.776,InnoDB,UNDO_SPACE_RSEG,4603,28,1929
1787550218.769,2026-08-24 05:43:38.776,InnoDB,UNDO_SPACE_RSEG,4597,28,1858
1787550218.769,2026-08-24 05:43:38.776,InnoDB,UNDO_SPACE_RSEG,4837,28,1922
1787550218.769,2026-08-24 05:43:38.776,InnoDB,UNDO_SPACE_RSEG,4648,28,1928
1787550218.769,2026-08-24 05:43:38.776,InnoDB,UNDO_SPACE_RSEG,4669,28,1894
1787550218.769,2026-08-24 05:43:38.776,InnoDB,UNDO_SPACE_RSEG,4628,28,1889
1787550218.769,2026-08-24 05:43:38.776,InnoDB,UNDO_SPACE_RSEG,4834,28,1987
1787550218.769,2026-08-24 05:43:38.776,InnoDB,UNDO_SPACE_RSEG,4659,28,1947
1787550218.769,2026-08-24 05:43:38.776,InnoDB,UNDO_SPACE_RSEG,4795,28,1973
1787550218.769,2026-08-24 05:43:38.776,InnoDB,UNDO_SPACE_RSEG,4600,28,1939
1787550218.769,2026-08-24 05:43:38.776,InnoDB,LOCK_SYS_PAGE,1520,28,584
1787550218.769,2026-08-24 05:43:38.776,InnoDB,UNDO_SPACE_RSEG,4769,27,1957
1787550218.769,2026-08-24 05:43:38.776,InnoDB,UNDO_SPACE_RSEG,4752,27,1928
1787550218.769,2026-08-24 05:43:38.776,InnoDB,LOCK_SYS_PAGE,1543,27,542
1787550218.769,2026-08-24 05:43:38.776,InnoDB,UNDO_SPACE_RSEG,4461,27,1823
1787550218.769,2026-08-24 05:43:38.776,InnoDB,UNDO_SPACE_RSEG,4539,27,1963
1787550218.769,2026-08-24 05:43:38.776,InnoDB,UNDO_SPACE_RSEG,4646,27,1935
1787550218.769,2026-08-24 05:43:38.776,InnoDB,LOCK_SYS_PAGE,1441,27,527
1787550218.769,2026-08-24 05:43:38.776,InnoDB,LOCK_SYS_PAGE,1522,27,520
1787550218.769,2026-08-24 05:43:38.776,InnoDB,UNDO_SPACE_RSEG,4383,27,1851
1787550218.769,2026-08-24 05:43:38.776,InnoDB,UNDO_SPACE_RSEG,4573,27,1937
1787550218.769,2026-08-24 05:43:38.776,InnoDB,UNDO_SPACE_RSEG,4756,27,1911
1787550218.769,2026-08-24 05:43:38.776,InnoDB,UNDO_SPACE_RSEG,4805,27,2009
1787550218.769,2026-08-24 05:43:38.776,InnoDB,UNDO_SPACE_RSEG,4356,27,1807
1787550218.769,2026-08-24 05:43:38.776,InnoDB,UNDO_SPACE_RSEG,4462,27,1867
1787550218.769,2026-08-24 05:43:38.776,InnoDB,UNDO_SPACE_RSEG,4627,27,1926
1787550218.769,2026-08-24 05:43:38.776,InnoDB,UNDO_SPACE_RSEG,4295,27,1812
1787550218.769,2026-08-24 05:43:38.776,InnoDB,UNDO_SPACE_RSEG,4737,27,1938
1787550218.769,2026-08-24 05:43:38.776,InnoDB,LOCK_SYS_PAGE,1436,27,548
1787550218.769,2026-08-24 05:43:38.776,InnoDB,UNDO_SPACE_RSEG,4513,27,1872
1787550218.769,2026-08-24 05:43:38.776,InnoDB,UNDO_SPACE_RSEG,4519,27,1911
1787550218.769,2026-08-24 05:43:38.776,InnoDB,UNDO_SPACE_RSEG,4699,27,1906
1787550218.769,2026-08-24 05:43:38.776,InnoDB,LOCK_SYS_PAGE,1527,27,570
1787550218.769,2026-08-24 05:43:38.776,InnoDB,UNDO_SPACE_RSEG,4782,27,1954
1787550218.769,2026-08-24 05:43:38.776,InnoDB,UNDO_SPACE_RSEG,4624,27,1835
1787550218.769,2026-08-24 05:43:38.776,InnoDB,UNDO_SPACE_RSEG,4733,27,1897
1787550218.769,2026-08-24 05:43:38.776,InnoDB,LOCK_SYS_PAGE,1540,27,570
1787550218.769,2026-08-24 05:43:38.776,InnoDB,UNDO_SPACE_RSEG,4578,27,1941
1787550218.769,2026-08-24 05:43:38.776,InnoDB,UNDO_SPACE_RSEG,4425,27,1764
1787550218.769,2026-08-24 05:43:38.776,InnoDB,UNDO_SPACE_RSEG,4510,26,1832
1787550218.769,2026-08-24 05:43:38.776,InnoDB,LOCK_SYS_PAGE,1506,26,539
1787550218.769,2026-08-24 05:43:38.776,InnoDB,LOCK_SYS_PAGE,1431,26,475
1787550218.769,2026-08-24 05:43:38.776,InnoDB,UNDO_SPACE_RSEG,4392,26,1864
1787550218.769,2026-08-24 05:43:38.776,InnoDB,UNDO_SPACE_RSEG,4419,26,1852
1787550218.769,2026-08-24 05:43:38.776,InnoDB,LOCK_SYS_PAGE,1485,26,486
1787550218.769,2026-08-24 05:43:38.776,InnoDB,UNDO_SPACE_RSEG,4769,26,1974
1787550218.769,2026-08-24 05:43:38.776,InnoDB,UNDO_SPACE_RSEG,4633,26,1934
1787550218.769,2026-08-24 05:43:38.776,InnoDB,LOCK_SYS_PAGE,1418,26,541
1787550218.769,2026-08-24 05:43:38.776,InnoDB,UNDO_SPACE_RSEG,4561,26,1926
1787550218.769,2026-08-24 05:43:38.776,InnoDB,UNDO_SPACE_RSEG,5008,26,2060
1787550218.769,2026-08-24 05:43:38.776,InnoDB,LOCK_SYS_PAGE,1443,26,516
1787550218.769,2026-08-24 05:43:38.776,InnoDB,LOCK_SYS_PAGE,1402,26,519
1787550218.769,2026-08-24 05:43:38.776,InnoDB,UNDO_SPACE_RSEG,4589,26,1904
1787550218.769,2026-08-24 05:43:38.776,InnoDB,LOCK_SYS_PAGE,1462,26,532
1787550218.769,2026-08-24 05:43:38.776,InnoDB,UNDO_SPACE_RSEG,4612,26,1938
1787550218.769,2026-08-24 05:43:38.776,InnoDB,UNDO_SPACE_RSEG,4467,26,1836
1787550218.769,2026-08-24 05:43:38.776,InnoDB,LOCK_SYS_PAGE,1519,26,582
1787550218.769,2026-08-24 05:43:38.776,InnoDB,UNDO_SPACE_RSEG,4674,26,1881
1787550218.769,2026-08-24 05:43:38.776,InnoDB,LOCK_SYS_PAGE,1567,26,579
1787550218.769,2026-08-24 05:43:38.776,InnoDB,UNDO_SPACE_RSEG,4623,26,1936
1787550218.769,2026-08-24 05:43:38.776,InnoDB,UNDO_SPACE_RSEG,4637,26,1937
1787550218.769,2026-08-24 05:43:38.776,InnoDB,LOCK_SYS_PAGE,1489,26,509
1787550218.769,2026-08-24 05:43:38.776,InnoDB,UNDO_SPACE_RSEG,4547,26,1939
1787550218.769,2026-08-24 05:43:38.776,InnoDB,UNDO_SPACE_RSEG,4428,26,1823
1787550218.769,2026-08-24 05:43:38.776,InnoDB,UNDO_SPACE_RSEG,4538,26,1877
1787550218.769,2026-08-24 05:43:38.776,InnoDB,UNDO_SPACE_RSEG,4746,26,1929
1787550218.769,2026-08-24 05:43:38.776,InnoDB,LOCK_SYS_PAGE,1363,26,501
1787550218.769,2026-08-24 05:43:38.776,InnoDB,LOCK_SYS_PAGE,1395,26,520
1787550218.769,2026-08-24 05:43:38.776,InnoDB,UNDO_SPACE_RSEG,4642,26,1895
1787550218.769,2026-08-24 05:43:38.776,InnoDB,UNDO_SPACE_RSEG,4582,26,1950
1787550218.769,2026-08-24 05:43:38.776,InnoDB,LOCK_SYS_PAGE,1491,25,585
1787550218.769,2026-08-24 05:43:38.776,InnoDB,UNDO_SPACE_RSEG,4447,25,1940
1787550218.769,2026-08-24 05:43:38.776,InnoDB,UNDO_SPACE_RSEG,4679,25,1899
1787550218.769,2026-08-24 05:43:38.776,InnoDB,UNDO_SPACE_RSEG,4556,25,1936
1787550218.769,2026-08-24 05:43:38.776,InnoDB,UNDO_SPACE_RSEG,4484,25,1901
1787550218.769,2026-08-24 05:43:38.776,InnoDB,LOCK_SYS_PAGE,1479,25,534
1787550218.769,2026-08-24 05:43:38.776,InnoDB,UNDO_SPACE_RSEG,4407,25,1862
1787550218.769,2026-08-24 05:43:38.776,InnoDB,UNDO_SPACE_RSEG,4700,25,1946
1787550218.769,2026-08-24 05:43:38.776,InnoDB,UNDO_SPACE_RSEG,4340,25,1814
1787550218.769,2026-08-24 05:43:38.776,InnoDB,LOCK_SYS_PAGE,1513,25,572
1787550218.769,2026-08-24 05:43:38.776,InnoDB,LOCK_SYS_PAGE,1374,25,515
1787550218.769,2026-08-24 05:43:38.776,InnoDB,UNDO_SPACE_RSEG,4404,25,1862
1787550218.769,2026-08-24 05:43:38.776,InnoDB,UNDO_SPACE_RSEG,4719,25,1900
1787550218.769,2026-08-24 05:43:38.776,InnoDB,UNDO_SPACE_RSEG,4672,25,1936
1787550218.769,2026-08-24 05:43:38.776,InnoDB,LOCK_SYS_PAGE,1401,25,525
1787550218.769,2026-08-24 05:43:38.776,InnoDB,UNDO_SPACE_RSEG,4677,25,2006
1787550218.769,2026-08-24 05:43:38.776,InnoDB,LOCK_SYS_PAGE,1415,25,465
1787550218.769,2026-08-24 05:43:38.776,InnoDB,UNDO_SPACE_RSEG,4760,25,1956
1787550218.769,2026-08-24 05:43:38.776,InnoDB,LOCK_SYS_PAGE,1415,25,579
1787550218.769,2026-08-24 05:43:38.776,InnoDB,UNDO_SPACE_RSEG,4563,25,1904
1787550218.769,2026-08-24 05:43:38.776,InnoDB,UNDO_SPACE_RSEG,4722,25,1980
1787550218.769,2026-08-24 05:43:38.776,InnoDB,LOCK_SYS_PAGE,1374,25,521
1787550218.769,2026-08-24 05:43:38.776,InnoDB,LOCK_SYS_PAGE,1445,25,505
1787550218.769,2026-08-24 05:43:38.776,InnoDB,LOCK_SYS_PAGE,1430,25,551
1787550218.769,2026-08-24 05:43:38.776,InnoDB,UNDO_SPACE_RSEG,4358,25,1880
1787550218.769,2026-08-24 05:43:38.776,InnoDB,UNDO_SPACE_RSEG,4428,25,1878
1787550218.769,2026-08-24 05:43:38.776,InnoDB,LOCK_SYS_PAGE,1502,25,520
1787550218.769,2026-08-24 05:43:38.776,InnoDB,LOCK_SYS_PAGE,1437,25,546
1787550218.769,2026-08-24 05:43:38.776,InnoDB,UNDO_SPACE_RSEG,4483,25,1841
1787550218.769,2026-08-24 05:43:38.776,InnoDB,UNDO_SPACE_RSEG,4454,25,1880
1787550218.769,2026-08-24 05:43:38.776,InnoDB,LOCK_SYS_PAGE,1459,25,563
1787550218.769,2026-08-24 05:43:38.776,InnoDB,UNDO_SPACE_RSEG,4563,25,1941
1787550218.769,2026-08-24 05:43:38.776,InnoDB,UNDO_SPACE_RSEG,4456,25,1849
1787550218.769,2026-08-24 05:43:38.776,InnoDB,UNDO_SPACE_RSEG,4616,24,1928
1787550218.769,2026-08-24 05:43:38.776,InnoDB,LOCK_SYS_PAGE,1438,24,535
1787550218.769,2026-08-24 05:43:38.776,InnoDB,LOCK_SYS_PAGE,1460,24,565
1787550218.769,2026-08-24 05:43:38.776,InnoDB,UNDO_SPACE_RSEG,4540,24,1921
1787550218.769,2026-08-24 05:43:38.776,InnoDB,LOCK_SYS_PAGE,1401,24,538
1787550218.769,2026-08-24 05:43:38.776,InnoDB,LOCK_SYS_PAGE,1462,24,560
1787550218.769,2026-08-24 05:43:38.776,InnoDB,UNDO_SPACE_RSEG,4530,24,1937
1787550218.769,2026-08-24 05:43:38.776,InnoDB,LOCK_SYS_PAGE,1450,24,575
1787550218.769,2026-08-24 05:43:38.776,InnoDB,LOCK_SYS_PAGE,1406,24,533
1787550218.769,2026-08-24 05:43:38.776,InnoDB,UNDO_SPACE_RSEG,4421,24,1808
1787550218.769,2026-08-24 05:43:38.776,InnoDB,LOCK_SYS_PAGE,1368,24,577
1787550218.769,2026-08-24 05:43:38.776,InnoDB,LOCK_SYS_PAGE,1493,24,589
1787550218.769,2026-08-24 05:43:38.776,InnoDB,LOCK_SYS_PAGE,1328,24,530
1787550218.769,2026-08-24 05:43:38.776,InnoDB,LOCK_SYS_PAGE,1275,24,495
1787550218.769,2026-08-24 05:43:38.776,InnoDB,UNDO_SPACE_RSEG,4517,24,1874
1787550218.769,2026-08-24 05:43:38.776,InnoDB,UNDO_SPACE_RSEG,4384,24,1846
1787550218.769,2026-08-24 05:43:38.776,InnoDB,LOCK_SYS_PAGE,1336,24,480
1787550218.769,2026-08-24 05:43:38.776,InnoDB,UNDO_SPACE_RSEG,4401,24,1880
1787550218.769,2026-08-24 05:43:38.776,InnoDB,UNDO_SPACE_RSEG,4584,24,1914
1787550218.769,2026-08-24 05:43:38.776,InnoDB,UNDO_SPACE_RSEG,4384,24,1824
1787550218.769,2026-08-24 05:43:38.776,InnoDB,LOCK_SYS_PAGE,1606,24,596
1787550218.769,2026-08-24 05:43:38.776,InnoDB,LOCK_SYS_PAGE,1428,24,588
1787550218.769,2026-08-24 05:43:38.776,InnoDB,UNDO_SPACE_RSEG,4687,24,1954
1787550218.769,2026-08-24 05:43:38.776,InnoDB,LOCK_SYS_PAGE,1367,24,503
1787550218.769,2026-08-24 05:43:38.776,InnoDB,LOCK_SYS_PAGE,1343,24,515
1787550218.769,2026-08-24 05:43:38.776,InnoDB,UNDO_SPACE_RSEG,4451,24,1869
1787550218.769,2026-08-24 05:43:38.776,InnoDB,UNDO_SPACE_RSEG,4726,24,1985
1787550218.769,2026-08-24 05:43:38.776,InnoDB,UNDO_SPACE_RSEG,4473,24,1915
1787550218.769,2026-08-24 05:43:38.776,InnoDB,UNDO_SPACE_RSEG,4617,24,1980
1787550218.769,2026-08-24 05:43:38.776,InnoDB,UNDO_SPACE_RSEG,4564,24,1962
1787550218.769,2026-08-24 05:43:38.776,InnoDB,LOCK_SYS_PAGE,1308,24,514
1787550218.769,2026-08-24 05:43:38.776,InnoDB,UNDO_SPACE_RSEG,4464,24,1925
1787550218.769,2026-08-24 05:43:38.776,InnoDB,LOCK_SYS_PAGE,1474,24,622
1787550218.769,2026-08-24 05:43:38.776,InnoDB,LOCK_SYS_PAGE,1402,24,481
1787550218.769,2026-08-24 05:43:38.776,InnoDB,LOCK_SYS_PAGE,1366,23,549
1787550218.769,2026-08-24 05:43:38.776,InnoDB,UNDO_SPACE_RSEG,4685,23,1940
1787550218.769,2026-08-24 05:43:38.776,InnoDB,LOCK_SYS_PAGE,1410,23,581
1787550218.769,2026-08-24 05:43:38.776,InnoDB,LOCK_SYS_PAGE,1364,23,554
1787550218.769,2026-08-24 05:43:38.776,InnoDB,LOCK_SYS_PAGE,1343,23,475
1787550218.769,2026-08-24 05:43:38.776,InnoDB,LOCK_SYS_PAGE,1354,23,550
1787550218.769,2026-08-24 05:43:38.776,InnoDB,UNDO_SPACE_RSEG,4531,23,1907
1787550218.769,2026-08-24 05:43:38.776,InnoDB,LOCK_SYS_PAGE,1291,23,536
1787550218.769,2026-08-24 05:43:38.776,InnoDB,UNDO_SPACE_RSEG,4373,23,1856
1787550218.769,2026-08-24 05:43:38.776,InnoDB,LOCK_SYS_PAGE,1356,23,534
1787550218.769,2026-08-24 05:43:38.776,InnoDB,UNDO_SPACE_RSEG,4566,23,1906
1787550218.769,2026-08-24 05:43:38.776,InnoDB,UNDO_SPACE_RSEG,4551,23,1890
1787550218.769,2026-08-24 05:43:38.776,InnoDB,UNDO_SPACE_RSEG,4516,23,1927
1787550218.769,2026-08-24 05:43:38.776,InnoDB,UNDO_SPACE_RSEG,4403,23,1882
1787550218.769,2026-08-24 05:43:38.776,InnoDB,UNDO_SPACE_RSEG,4591,23,1917
1787550218.769,2026-08-24 05:43:38.776,InnoDB,UNDO_SPACE_RSEG,4490,23,1844
1787550218.769,2026-08-24 05:43:38.776,InnoDB,LOCK_SYS_PAGE,1291,23,511
1787550218.769,2026-08-24 05:43:38.776,InnoDB,LOCK_SYS_PAGE,1277,23,506
1787550218.769,2026-08-24 05:43:38.776,InnoDB,LOCK_SYS_PAGE,1275,23,452
1787550218.769,2026-08-24 05:43:38.776,InnoDB,LOCK_SYS_PAGE,1352,23,543
1787550218.769,2026-08-24 05:43:38.776,InnoDB,UNDO_SPACE_RSEG,4484,23,1860
1787550218.769,2026-08-24 05:43:38.776,InnoDB,LOCK_SYS_PAGE,1428,23,603
1787550218.769,2026-08-24 05:43:38.776,InnoDB,UNDO_SPACE_RSEG,4455,23,1865
1787550218.769,2026-08-24 05:43:38.776,InnoDB,LOCK_SYS_PAGE,1384,23,581
1787550218.769,2026-08-24 05:43:38.776,InnoDB,LOCK_SYS_PAGE,1352,23,511
1787550218.769,2026-08-24 05:43:38.776,InnoDB,LOCK_SYS_PAGE,1470,23,563
1787550218.769,2026-08-24 05:43:38.776,InnoDB,LOCK_SYS_PAGE,1309,23,543
1787550218.769,2026-08-24 05:43:38.776,InnoDB,LOCK_SYS_PAGE,1424,23,565
1787550218.769,2026-08-24 05:43:38.776,InnoDB,LOCK_SYS_PAGE,1376,23,570
1787550218.769,2026-08-24 05:43:38.776,InnoDB,LOCK_SYS_PAGE,1287,23,519
1787550218.769,2026-08-24 05:43:38.776,InnoDB,UNDO_SPACE_RSEG,4574,23,1938
1787550218.769,2026-08-24 05:43:38.776,InnoDB,UNDO_SPACE_RSEG,4616,23,1916
1787550218.769,2026-08-24 05:43:38.776,InnoDB,LOCK_SYS_PAGE,1354,23,494
1787550218.769,2026-08-24 05:43:38.776,InnoDB,UNDO_SPACE_RSEG,4556,23,1915
1787550218.769,2026-08-24 05:43:38.776,InnoDB,UNDO_SPACE_RSEG,4240,23,1846
1787550218.769,2026-08-24 05:43:38.776,InnoDB,UNDO_SPACE_RSEG,4371,23,1871
1787550218.769,2026-08-24 05:43:38.776,InnoDB,UNDO_SPACE_RSEG,4377,23,1870
1787550218.769,2026-08-24 05:43:38.776,InnoDB,UNDO_SPACE_RSEG,4795,23,2014
1787550218.769,2026-08-24 05:43:38.776,InnoDB,LOCK_SYS_PAGE,1368,23,549
1787550218.769,2026-08-24 05:43:38.776,InnoDB,LOCK_SYS_PAGE,1426,23,537
1787550218.769,2026-08-24 05:43:38.776,InnoDB,UNDO_SPACE_RSEG,4498,22,1918
1787550218.769,2026-08-24 05:43:38.776,InnoDB,LOCK_SYS_PAGE,1347,22,590
1787550218.769,2026-08-24 05:43:38.776,InnoDB,UNDO_SPACE_RSEG,4451,22,1909
1787550218.769,2026-08-24 05:43:38.776,InnoDB,LOCK_SYS_PAGE,1314,22,543
1787550218.769,2026-08-24 05:43:38.776,InnoDB,LOCK_SYS_PAGE,1293,22,521
1787550218.769,2026-08-24 05:43:38.776,InnoDB,LOCK_SYS_PAGE,1433,22,541
1787550218.769,2026-08-24 05:43:38.776,InnoDB,LOCK_SYS_PAGE,1400,22,581
1787550218.769,2026-08-24 05:43:38.776,InnoDB,LOCK_SYS_PAGE,1290,22,521
1787550218.769,2026-08-24 05:43:38.776,InnoDB,UNDO_SPACE_RSEG,4708,22,1935
1787550218.769,2026-08-24 05:43:38.776,InnoDB,LOCK_SYS_PAGE,1248,22,502
1787550218.769,2026-08-24 05:43:38.776,InnoDB,LOCK_SYS_PAGE,1266,22,505
1787550218.769,2026-08-24 05:43:38.776,InnoDB,LOCK_SYS_PAGE,1302,22,563
1787550218.769,2026-08-24 05:43:38.776,InnoDB,LOCK_SYS_PAGE,1352,22,529
1787550218.769,2026-08-24 05:43:38.776,InnoDB,LOCK_SYS_PAGE,1373,22,556
1787550218.769,2026-08-24 05:43:38.776,InnoDB,LOCK_SYS_PAGE,1415,22,566
1787550218.769,2026-08-24 05:43:38.776,InnoDB,LOCK_SYS_PAGE,1289,22,496
1787550218.769,2026-08-24 05:43:38.776,InnoDB,LOCK_SYS_PAGE,1214,22,488
1787550218.769,2026-08-24 05:43:38.776,InnoDB,UNDO_SPACE_RSEG,4481,22,1891
1787550218.769,2026-08-24 05:43:38.776,InnoDB,UNDO_SPACE_RSEG,4653,22,1885
1787550218.769,2026-08-24 05:43:38.776,InnoDB,UNDO_SPACE_RSEG,4566,22,1974
1787550218.769,2026-08-24 05:43:38.776,InnoDB,LOCK_SYS_PAGE,1265,22,505
1787550218.769,2026-08-24 05:43:38.776,InnoDB,LOCK_SYS_PAGE,1363,22,532
1787550218.769,2026-08-24 05:43:38.776,InnoDB,LOCK_SYS_PAGE,1369,22,522
1787550218.769,2026-08-24 05:43:38.776,InnoDB,LOCK_SYS_PAGE,1336,22,528
1787550218.769,2026-08-24 05:43:38.776,InnoDB,LOCK_SYS_PAGE,1325,22,510
1787550218.769,2026-08-24 05:43:38.776,InnoDB,LOCK_SYS_PAGE,1308,22,551
1787550218.769,2026-08-24 05:43:38.776,InnoDB,LOCK_SYS_PAGE,1362,22,545
1787550218.769,2026-08-24 05:43:38.776,InnoDB,LOCK_SYS_PAGE,1325,22,521
1787550218.769,2026-08-24 05:43:38.776,InnoDB,LOCK_SYS_PAGE,1320,22,522
1787550218.769,2026-08-24 05:43:38.776,InnoDB,UNDO_SPACE_RSEG,4660,22,1924
1787550218.769,2026-08-24 05:43:38.776,InnoDB,LOCK_SYS_PAGE,1324,21,482
1787550218.769,2026-08-24 05:43:38.776,InnoDB,LOCK_SYS_PAGE,1292,21,549
1787550218.769,2026-08-24 05:43:38.776,InnoDB,LOCK_SYS_PAGE,1238,21,522
1787550218.769,2026-08-24 05:43:38.776,InnoDB,LOCK_SYS_PAGE,1292,21,500
1787550218.769,2026-08-24 05:43:38.776,InnoDB,LOCK_SYS_PAGE,1248,21,553
1787550218.769,2026-08-24 05:43:38.776,InnoDB,LOCK_SYS_PAGE,1430,21,538
1787550218.769,2026-08-24 05:43:38.776,InnoDB,LOCK_SYS_PAGE,1334,21,549
1787550218.769,2026-08-24 05:43:38.776,InnoDB,LOCK_SYS_PAGE,1326,21,551
1787550218.769,2026-08-24 05:43:38.776,InnoDB,LOCK_SYS_PAGE,1308,21,525
1787550218.769,2026-08-24 05:43:38.776,InnoDB,LOCK_SYS_PAGE,1242,21,528
1787550218.769,2026-08-24 05:43:38.776,InnoDB,UNDO_SPACE_RSEG,4489,21,1895
1787550218.769,2026-08-24 05:43:38.776,InnoDB,UNDO_SPACE_RSEG,4456,21,1916
1787550218.769,2026-08-24 05:43:38.776,InnoDB,LOCK_SYS_PAGE,1372,21,546
1787550218.769,2026-08-24 05:43:38.776,InnoDB,LOCK_SYS_PAGE,1328,21,527
1787550218.769,2026-08-24 05:43:38.776,InnoDB,UNDO_SPACE_RSEG,4346,21,1906
1787550218.769,2026-08-24 05:43:38.776,InnoDB,UNDO_SPACE_RSEG,4314,21,1808
1787550218.769,2026-08-24 05:43:38.776,InnoDB,LOCK_SYS_PAGE,1296,21,540
1787550218.769,2026-08-24 05:43:38.776,InnoDB,UNDO_SPACE_RSEG,4470,21,1999
1787550218.769,2026-08-24 05:43:38.776,InnoDB,LOCK_SYS_PAGE,1199,21,483
1787550218.769,2026-08-24 05:43:38.776,InnoDB,UNDO_SPACE_RSEG,4342,21,1907
1787550218.769,2026-08-24 05:43:38.776,InnoDB,UNDO_SPACE_RSEG,4706,21,2069
1787550218.769,2026-08-24 05:43:38.776,InnoDB,LOCK_SYS_PAGE,1247,21,523
1787550218.769,2026-08-24 05:43:38.776,InnoDB,LOCK_SYS_PAGE,1373,21,569
1787550218.769,2026-08-24 05:43:38.776,InnoDB,LOCK_SYS_PAGE,1310,21,539
1787550218.769,2026-08-24 05:43:38.776,InnoDB,LOCK_SYS_PAGE,1293,21,490
1787550218.769,2026-08-24 05:43:38.776,InnoDB,LOCK_SYS_PAGE,1245,21,532
1787550218.769,2026-08-24 05:43:38.776,InnoDB,UNDO_SPACE_RSEG,4370,21,1861
1787550218.769,2026-08-24 05:43:38.776,InnoDB,LOCK_SYS_PAGE,1409,21,548
1787550218.769,2026-08-24 05:43:38.776,InnoDB,UNDO_SPACE_RSEG,4429,21,1834
1787550218.769,2026-08-24 05:43:38.776,InnoDB,LOCK_SYS_PAGE,1295,21,557
1787550218.769,2026-08-24 05:43:38.776,InnoDB,LOCK_SYS_PAGE,1326,21,526
1787550218.769,2026-08-24 05:43:38.776,InnoDB,LOCK_SYS_PAGE,1227,21,514
1787550218.769,2026-08-24 05:43:38.776,InnoDB,UNDO_SPACE_RSEG,4490,21,1866
1787550218.769,2026-08-24 05:43:38.776,InnoDB,LOCK_SYS_PAGE,1384,21,514
1787550218.769,2026-08-24 05:43:38.776,InnoDB,LOCK_SYS_PAGE,1245,21,506
1787550218.769,2026-08-24 05:43:38.776,InnoDB,LOCK_SYS_PAGE,1368,21,592
1787550218.769,2026-08-24 05:43:38.776,InnoDB,LOCK_SYS_PAGE,1351,21,504
1787550218.769,2026-08-24 05:43:38.776,InnoDB,LOCK_SYS_PAGE,1293,21,529
1787550218.769,2026-08-24 05:43:38.776,InnoDB,LOCK_SYS_PAGE,1482,21,624
1787550218.769,2026-08-24 05:43:38.776,InnoDB,LOCK_SYS_PAGE,1268,21,568
1787550218.769,2026-08-24 05:43:38.776,InnoDB,LOCK_SYS_PAGE,1215,21,518
1787550218.769,2026-08-24 05:43:38.776,InnoDB,UNDO_SPACE_RSEG,4169,21,1807
1787550218.769,2026-08-24 05:43:38.776,InnoDB,LOCK_SYS_PAGE,1376,21,543
1787550218.769,2026-08-24 05:43:38.776,InnoDB,UNDO_SPACE_RSEG,4717,21,1987
1787550218.769,2026-08-24 05:43:38.776,InnoDB,LOCK_SYS_PAGE,1219,21,496
1787550218.769,2026-08-24 05:43:38.776,InnoDB,LOCK_SYS_PAGE,1401,21,657
1787550218.769,2026-08-24 05:43:38.776,InnoDB,UNDO_SPACE_RSEG,4611,21,1917
1787550218.769,2026-08-24 05:43:38.776,InnoDB,LOCK_SYS_PAGE,1219,21,524
1787550218.769,2026-08-24 05:43:38.776,InnoDB,UNDO_SPACE_RSEG,4411,20,1873
1787550218.769,2026-08-24 05:43:38.776,InnoDB,LOCK_SYS_PAGE,1272,20,551
1787550218.769,2026-08-24 05:43:38.776,InnoDB,LOCK_SYS_PAGE,1369,20,592
1787550218.769,2026-08-24 05:43:38.776,InnoDB,LOCK_SYS_PAGE,1259,20,516
1787550218.769,2026-08-24 05:43:38.776,InnoDB,LOCK_SYS_PAGE,1183,20,461
1787550218.769,2026-08-24 05:43:38.776,InnoDB,LOCK_SYS_PAGE,1520,20,543
1787550218.769,2026-08-24 05:43:38.776,InnoDB,UNDO_SPACE_RSEG,4232,20,1916
1787550218.769,2026-08-24 05:43:38.776,InnoDB,LOCK_SYS_PAGE,1249,20,522
1787550218.769,2026-08-24 05:43:38.776,InnoDB,UNDO_SPACE_RSEG,4536,20,1964
1787550218.769,2026-08-24 05:43:38.776,InnoDB,LOCK_SYS_PAGE,1232,20,541
1787550218.769,2026-08-24 05:43:38.776,InnoDB,LOCK_SYS_PAGE,1190,20,515
1787550218.769,2026-08-24 05:43:38.776,InnoDB,LOCK_SYS_PAGE,1252,20,570
1787550218.769,2026-08-24 05:43:38.776,InnoDB,LOCK_SYS_PAGE,1168,20,504
1787550218.769,2026-08-24 05:43:38.776,InnoDB,LOCK_SYS_PAGE,1270,20,494
1787550218.769,2026-08-24 05:43:38.776,InnoDB,UNDO_SPACE_RSEG,4499,20,1931
1787550218.769,2026-08-24 05:43:38.776,InnoDB,LOCK_SYS_PAGE,1166,20,453
1787550218.769,2026-08-24 05:43:38.776,InnoDB,LOCK_SYS_PAGE,1246,20,597
1787550218.769,2026-08-24 05:43:38.776,InnoDB,LOCK_SYS_PAGE,1303,20,501
1787550218.769,2026-08-24 05:43:38.776,InnoDB,LOCK_SYS_PAGE,1251,20,519
1787550218.769,2026-08-24 05:43:38.776,InnoDB,UNDO_SPACE_RSEG,4355,20,1838
1787550218.769,2026-08-24 05:43:38.776,InnoDB,LOCK_SYS_PAGE,1176,20,525
1787550218.769,2026-08-24 05:43:38.776,InnoDB,LOCK_SYS_PAGE,1406,20,617
1787550218.769,2026-08-24 05:43:38.776,InnoDB,LOCK_SYS_PAGE,1221,20,508
1787550218.769,2026-08-24 05:43:38.776,InnoDB,LOCK_SYS_PAGE,1254,20,560
1787550218.769,2026-08-24 05:43:38.776,InnoDB,LOCK_SYS_PAGE,1292,20,541
1787550218.769,2026-08-24 05:43:38.776,InnoDB,LOCK_SYS_PAGE,1308,20,575
1787550218.769,2026-08-24 05:43:38.776,InnoDB,UNDO_SPACE_RSEG,4404,20,1867
1787550218.769,2026-08-24 05:43:38.776,InnoDB,LOCK_SYS_PAGE,1250,20,578
1787550218.769,2026-08-24 05:43:38.776,InnoDB,LOCK_SYS_PAGE,1170,20,506
1787550218.769,2026-08-24 05:43:38.776,InnoDB,LOCK_SYS_PAGE,1337,20,603
1787550218.769,2026-08-24 05:43:38.776,InnoDB,LOCK_SYS_PAGE,1306,20,509
1787550218.769,2026-08-24 05:43:38.776,InnoDB,LOCK_SYS_PAGE,1279,20,519
1787550218.769,2026-08-24 05:43:38.776,InnoDB,LOCK_SYS_PAGE,1195,20,561
1787550218.769,2026-08-24 05:43:38.776,InnoDB,LOCK_SYS_PAGE,1287,20,507
1787550218.769,2026-08-24 05:43:38.776,InnoDB,UNDO_SPACE_RSEG,4170,20,1915
1787550218.769,2026-08-24 05:43:38.776,InnoDB,LOCK_SYS_PAGE,1249,20,529
1787550218.769,2026-08-24 05:43:38.776,InnoDB,UNDO_SPACE_RSEG,4427,20,1863
1787550218.769,2026-08-24 05:43:38.776,InnoDB,LOCK_SYS_PAGE,1287,20,568
1787550218.769,2026-08-24 05:43:38.776,InnoDB,LOCK_SYS_PAGE,1346,20,537
1787550218.769,2026-08-24 05:43:38.776,InnoDB,LOCK_SYS_PAGE,1345,20,579
1787550218.769,2026-08-24 05:43:38.776,InnoDB,LOCK_SYS_PAGE,1153,20,466
1787550218.769,2026-08-24 05:43:38.776,InnoDB,LOCK_SYS_PAGE,1298,20,521
1787550218.769,2026-08-24 05:43:38.776,InnoDB,UNDO_SPACE_RSEG,4311,20,1820
1787550218.769,2026-08-24 05:43:38.776,InnoDB,LOCK_SYS_PAGE,1315,20,568
1787550218.769,2026-08-24 05:43:38.776,InnoDB,UNDO_SPACE_RSEG,4453,20,1885
1787550218.769,2026-08-24 05:43:38.776,InnoDB,LOCK_SYS_PAGE,1201,19,555
1787550218.769,2026-08-24 05:43:38.776,InnoDB,LOCK_SYS_PAGE,1177,19,539
1787550218.769,2026-08-24 05:43:38.776,InnoDB,LOCK_SYS_PAGE,1226,19,565
1787550218.769,2026-08-24 05:43:38.776,InnoDB,LOCK_SYS_PAGE,1220,19,563
1787550218.769,2026-08-24 05:43:38.776,InnoDB,LOCK_SYS_PAGE,1324,19,585
1787550218.769,2026-08-24 05:43:38.776,InnoDB,UNDO_SPACE_RSEG,4472,19,1930
1787550218.769,2026-08-24 05:43:38.776,InnoDB,LOCK_SYS_PAGE,1121,19,495
1787550218.769,2026-08-24 05:43:38.776,InnoDB,UNDO_SPACE_RSEG,4438,19,1878
1787550218.769,2026-08-24 05:43:38.776,InnoDB,LOCK_SYS_PAGE,1173,19,477
1787550218.769,2026-08-24 05:43:38.776,InnoDB,LOCK_SYS_PAGE,1318,19,556
1787550218.769,2026-08-24 05:43:38.776,InnoDB,LOCK_SYS_PAGE,1227,19,516
1787550218.769,2026-08-24 05:43:38.776,InnoDB,LOCK_SYS_PAGE,1209,19,581
1787550218.769,2026-08-24 05:43:38.776,InnoDB,LOCK_SYS_PAGE,1235,19,498
1787550218.769,2026-08-24 05:43:38.776,InnoDB,LOCK_SYS_PAGE,1311,19,600
1787550218.769,2026-08-24 05:43:38.776,InnoDB,LOCK_SYS_PAGE,1126,19,478
1787550218.769,2026-08-24 05:43:38.776,InnoDB,LOCK_SYS_PAGE,1210,19,543
1787550218.769,2026-08-24 05:43:38.776,InnoDB,LOCK_SYS_PAGE,1201,19,535
1787550218.769,2026-08-24 05:43:38.776,InnoDB,LOCK_SYS_PAGE,1307,19,526
1787550218.769,2026-08-24 05:43:38.776,InnoDB,LOCK_SYS_PAGE,1245,19,527
1787550218.769,2026-08-24 05:43:38.776,InnoDB,UNDO_SPACE_RSEG,4448,19,1874
1787550218.769,2026-08-24 05:43:38.776,InnoDB,UNDO_SPACE_RSEG,4365,19,1855
1787550218.769,2026-08-24 05:43:38.776,InnoDB,LOCK_SYS_PAGE,1362,19,558
1787550218.769,2026-08-24 05:43:38.776,InnoDB,LOCK_SYS_PAGE,1210,19,518
1787550218.769,2026-08-24 05:43:38.776,InnoDB,LOCK_SYS_PAGE,1228,19,573
1787550218.769,2026-08-24 05:43:38.776,InnoDB,LOCK_SYS_PAGE,1207,19,525
1787550218.769,2026-08-24 05:43:38.776,InnoDB,LOCK_SYS_PAGE,1271,19,572
1787550218.769,2026-08-24 05:43:38.776,InnoDB,LOCK_SYS_PAGE,1284,19,533
1787550218.769,2026-08-24 05:43:38.776,InnoDB,LOCK_SYS_PAGE,1317,19,607
1787550218.769,2026-08-24 05:43:38.776,InnoDB,UNDO_SPACE_RSEG,4313,19,1892
1787550218.769,2026-08-24 05:43:38.776,InnoDB,LOCK_SYS_PAGE,1239,19,533
1787550218.769,2026-08-24 05:43:38.776,InnoDB,LOCK_SYS_PAGE,1197,19,500
1787550218.769,2026-08-24 05:43:38.776,InnoDB,LOCK_SYS_PAGE,1256,19,509
1787550218.769,2026-08-24 05:43:38.776,InnoDB,LOCK_SYS_PAGE,1220,19,519
1787550218.769,2026-08-24 05:43:38.776,InnoDB,TRX_POOL,625,19,50
1787550218.769,2026-08-24 05:43:38.776,InnoDB,LOCK_SYS_PAGE,1373,19,544
1787550218.769,2026-08-24 05:43:38.776,InnoDB,LOCK_SYS_PAGE,1282,19,564
1787550218.769,2026-08-24 05:43:38.776,InnoDB,LOCK_SYS_PAGE,1204,19,546
1787550218.769,2026-08-24 05:43:38.776,InnoDB,LOCK_SYS_PAGE,1251,19,552
1787550218.769,2026-08-24 05:43:38.776,InnoDB,LOCK_SYS_PAGE,1268,19,540
1787550218.769,2026-08-24 05:43:38.776,InnoDB,LOCK_SYS_PAGE,1322,19,580
1787550218.769,2026-08-24 05:43:38.776,InnoDB,LOCK_SYS_PAGE,1168,19,545
1787550218.769,2026-08-24 05:43:38.776,InnoDB,LOCK_SYS_PAGE,1337,19,599
1787550218.769,2026-08-24 05:43:38.776,InnoDB,LOCK_SYS_PAGE,1249,19,555
1787550218.769,2026-08-24 05:43:38.776,InnoDB,UNDO_SPACE_RSEG,4398,19,1948
1787550218.769,2026-08-24 05:43:38.776,InnoDB,LOCK_SYS_PAGE,1142,19,481
1787550218.769,2026-08-24 05:43:38.776,InnoDB,LOCK_SYS_PAGE,1195,18,498
1787550218.769,2026-08-24 05:43:38.776,InnoDB,LOCK_SYS_PAGE,1179,18,580
1787550218.769,2026-08-24 05:43:38.776,InnoDB,LOCK_SYS_PAGE,1246,18,562
1787550218.769,2026-08-24 05:43:38.776,InnoDB,LOCK_SYS_PAGE,1161,18,502
1787550218.769,2026-08-24 05:43:38.776,InnoDB,LOCK_SYS_PAGE,1200,18,570
1787550218.769,2026-08-24 05:43:38.776,InnoDB,LOCK_SYS_PAGE,1187,18,515
1787550218.769,2026-08-24 05:43:38.776,InnoDB,LOCK_SYS_PAGE,1225,18,516
1787550218.769,2026-08-24 05:43:38.776,InnoDB,LOCK_SYS_PAGE,1213,18,546
1787550218.769,2026-08-24 05:43:38.776,InnoDB,LOCK_SYS_PAGE,1192,18,491
1787550218.769,2026-08-24 05:43:38.776,InnoDB,UNDO_SPACE_RSEG,4393,18,1926
1787550218.769,2026-08-24 05:43:38.776,InnoDB,LOCK_SYS_PAGE,1176,18,539
1787550218.769,2026-08-24 05:43:38.776,InnoDB,LOCK_SYS_PAGE,1208,18,525
1787550218.769,2026-08-24 05:43:38.776,InnoDB,LOCK_SYS_PAGE,1103,18,534
1787550218.769,2026-08-24 05:43:38.776,InnoDB,LOCK_SYS_PAGE,1176,18,488
1787550218.769,2026-08-24 05:43:38.776,InnoDB,UNDO_SPACE_RSEG,4346,18,1895
1787550218.769,2026-08-24 05:43:38.776,InnoDB,LOCK_SYS_PAGE,1288,18,547
1787550218.769,2026-08-24 05:43:38.776,InnoDB,LOCK_SYS_PAGE,1293,18,594
1787550218.769,2026-08-24 05:43:38.776,InnoDB,LOCK_SYS_PAGE,1214,18,575
1787550218.769,2026-08-24 05:43:38.776,InnoDB,LOCK_SYS_PAGE,1172,18,547
1787550218.769,2026-08-24 05:43:38.776,InnoDB,LOCK_SYS_PAGE,1264,18,587
1787550218.769,2026-08-24 05:43:38.776,InnoDB,LOCK_SYS_PAGE,1241,18,557
1787550218.769,2026-08-24 05:43:38.776,InnoDB,LOCK_SYS_PAGE,1192,18,558
1787550218.769,2026-08-24 05:43:38.776,InnoDB,LOCK_SYS_PAGE,1123,18,518
1787550218.769,2026-08-24 05:43:38.776,InnoDB,LOCK_SYS_PAGE,1197,18,474
1787550218.769,2026-08-24 05:43:38.776,InnoDB,LOCK_SYS_PAGE,1108,18,491
1787550218.769,2026-08-24 05:43:38.776,InnoDB,LOCK_SYS_PAGE,1230,18,517
1787550218.769,2026-08-24 05:43:38.776,InnoDB,LOCK_SYS_PAGE,1233,18,539
1787550218.769,2026-08-24 05:43:38.776,InnoDB,UNDO_SPACE_RSEG,4158,18,1816
1787550218.769,2026-08-24 05:43:38.776,InnoDB,LOCK_SYS_PAGE,1113,18,533
1787550218.769,2026-08-24 05:43:38.776,InnoDB,LOCK_SYS_PAGE,1193,18,529
1787550218.769,2026-08-24 05:43:38.776,InnoDB,UNDO_SPACE_RSEG,4220,18,1851
1787550218.769,2026-08-24 05:43:38.776,InnoDB,LOCK_SYS_PAGE,1215,18,549
1787550218.769,2026-08-24 05:43:38.776,InnoDB,LOCK_SYS_PAGE,1192,18,507
1787550218.769,2026-08-24 05:43:38.776,InnoDB,LOCK_SYS_PAGE,1275,18,580
1787550218.769,2026-08-24 05:43:38.776,InnoDB,UNDO_SPACE_RSEG,4396,18,1970
1787550218.769,2026-08-24 05:43:38.776,InnoDB,LOCK_SYS_PAGE,1145,18,497
1787550218.769,2026-08-24 05:43:38.776,InnoDB,LOCK_SYS_PAGE,1301,18,575
1787550218.769,2026-08-24 05:43:38.776,InnoDB,LOCK_SYS_PAGE,1204,18,507
1787550218.769,2026-08-24 05:43:38.776,InnoDB,LOCK_SYS_PAGE,1148,18,561
1787550218.769,2026-08-24 05:43:38.776,InnoDB,LOCK_SYS_PAGE,1136,18,515
1787550218.769,2026-08-24 05:43:38.776,InnoDB,LOCK_SYS_PAGE,1102,18,485
1787550218.769,2026-08-24 05:43:38.776,InnoDB,LOCK_SYS_PAGE,1255,18,548
1787550218.769,2026-08-24 05:43:38.776,InnoDB,LOCK_SYS_PAGE,1276,18,540
1787550218.769,2026-08-24 05:43:38.776,InnoDB,LOCK_SYS_PAGE,1197,17,506
1787550218.769,2026-08-24 05:43:38.776,InnoDB,LOCK_SYS_PAGE,1206,17,520
1787550218.769,2026-08-24 05:43:38.776,InnoDB,UNDO_SPACE_RSEG,4243,17,1813
1787550218.769,2026-08-24 05:43:38.776,InnoDB,LOCK_SYS_PAGE,1160,17,572
1787550218.769,2026-08-24 05:43:38.776,InnoDB,LOCK_SYS_PAGE,1180,17,538
1787550218.769,2026-08-24 05:43:38.776,InnoDB,LOCK_SYS_PAGE,1242,17,559
1787550218.769,2026-08-24 05:43:38.776,InnoDB,LOCK_SYS_PAGE,1245,17,595
1787550218.769,2026-08-24 05:43:38.776,InnoDB,LOCK_SYS_PAGE,1136,17,524
1787550218.769,2026-08-24 05:43:38.776,InnoDB,LOCK_SYS_PAGE,1176,17,510
1787550218.769,2026-08-24 05:43:38.776,InnoDB,LOCK_SYS_PAGE,1247,17,569
1787550218.769,2026-08-24 05:43:38.776,InnoDB,LOCK_SYS_PAGE,1195,17,538
1787550218.769,2026-08-24 05:43:38.776,InnoDB,LOCK_SYS_PAGE,1150,17,560
1787550218.769,2026-08-24 05:43:38.776,InnoDB,LOCK_SYS_PAGE,1128,17,551
1787550218.769,2026-08-24 05:43:38.776,InnoDB,UNDO_SPACE_RSEG,4566,17,1984
1787550218.769,2026-08-24 05:43:38.776,InnoDB,LOCK_SYS_PAGE,1250,17,486
1787550218.769,2026-08-24 05:43:38.776,InnoDB,LOCK_SYS_PAGE,1204,17,564
1787550218.769,2026-08-24 05:43:38.776,InnoDB,LOCK_SYS_PAGE,1271,17,553
1787550218.769,2026-08-24 05:43:38.776,InnoDB,LOCK_SYS_PAGE,1270,17,537
1787550218.769,2026-08-24 05:43:38.776,InnoDB,LOCK_SYS_PAGE,1214,17,533
1787550218.769,2026-08-24 05:43:38.776,InnoDB,LOCK_SYS_PAGE,1141,17,545
1787550218.769,2026-08-24 05:43:38.776,InnoDB,LOCK_SYS_PAGE,1196,17,584
1787550218.769,2026-08-24 05:43:38.776,InnoDB,LOCK_SYS_PAGE,1172,17,543
1787550218.769,2026-08-24 05:43:38.776,InnoDB,LOCK_SYS_PAGE,1248,17,540
1787550218.769,2026-08-24 05:43:38.776,InnoDB,LOCK_SYS_PAGE,1215,17,519
1787550218.769,2026-08-24 05:43:38.776,InnoDB,LOCK_SYS_PAGE,1147,17,525
1787550218.769,2026-08-24 05:43:38.776,InnoDB,LOCK_SYS_PAGE,1197,17,495
1787550218.769,2026-08-24 05:43:38.776,InnoDB,LOCK_SYS_PAGE,1151,17,552
1787550218.769,2026-08-24 05:43:38.776,InnoDB,LOCK_SYS_PAGE,1271,17,616
1787550218.769,2026-08-24 05:43:38.776,InnoDB,LOCK_SYS_PAGE,1129,17,502
1787550218.769,2026-08-24 05:43:38.776,InnoDB,LOCK_SYS_PAGE,1301,17,637
1787550218.769,2026-08-24 05:43:38.776,InnoDB,LOCK_SYS_PAGE,1289,17,573
1787550218.769,2026-08-24 05:43:38.776,InnoDB,LOCK_SYS_PAGE,1158,17,578
1787550218.769,2026-08-24 05:43:38.776,InnoDB,LOCK_SYS_PAGE,1165,17,531
1787550218.769,2026-08-24 05:43:38.776,InnoDB,LOCK_SYS_PAGE,1101,17,498
1787550218.769,2026-08-24 05:43:38.776,InnoDB,LOCK_SYS_PAGE,1189,17,519
1787550218.769,2026-08-24 05:43:38.776,InnoDB,LOCK_SYS_PAGE,1122,17,533
1787550218.769,2026-08-24 05:43:38.776,InnoDB,LOCK_SYS_PAGE,1122,17,520
1787550218.769,2026-08-24 05:43:38.776,InnoDB,LOCK_SYS_PAGE,1286,17,612
1787550218.769,2026-08-24 05:43:38.776,InnoDB,LOCK_SYS_PAGE,1259,17,532
1787550218.769,2026-08-24 05:43:38.776,InnoDB,LOCK_SYS_PAGE,1217,17,600
1787550218.769,2026-08-24 05:43:38.776,InnoDB,LOCK_SYS_PAGE,1105,17,503
1787550218.769,2026-08-24 05:43:38.776,InnoDB,LOCK_SYS_PAGE,1179,17,486
1787550218.769,2026-08-24 05:43:38.776,InnoDB,LOCK_SYS_PAGE,1211,17,519
1787550218.769,2026-08-24 05:43:38.776,InnoDB,LOCK_SYS_PAGE,1219,17,499
1787550218.769,2026-08-24 05:43:38.776,InnoDB,LOCK_SYS_PAGE,1075,16,483
1787550218.769,2026-08-24 05:43:38.776,InnoDB,LOCK_SYS_PAGE,1132,16,503
1787550218.769,2026-08-24 05:43:38.776,InnoDB,UNDO_SPACE_RSEG,4485,16,1987
1787550218.769,2026-08-24 05:43:38.776,InnoDB,LOCK_SYS_PAGE,1192,16,507
1787550218.769,2026-08-24 05:43:38.776,InnoDB,LOCK_SYS_PAGE,1134,16,554
1787550218.769,2026-08-24 05:43:38.776,InnoDB,LOCK_SYS_PAGE,1154,16,505
1787550218.769,2026-08-24 05:43:38.776,InnoDB,LOCK_SYS_PAGE,1116,16,539
1787550218.769,2026-08-24 05:43:38.776,InnoDB,LOCK_SYS_PAGE,1227,16,524
1787550218.769,2026-08-24 05:43:38.776,InnoDB,LOCK_SYS_PAGE,1177,16,583
1787550218.769,2026-08-24 05:43:38.776,InnoDB,LOCK_SYS_PAGE,1131,16,556
1787550218.769,2026-08-24 05:43:38.776,InnoDB,UNDO_SPACE_RSEG,4334,16,1895
1787550218.769,2026-08-24 05:43:38.776,InnoDB,LOCK_SYS_PAGE,1168,16,531
1787550218.769,2026-08-24 05:43:38.776,InnoDB,LOCK_SYS_PAGE,1094,16,519
1787550218.769,2026-08-24 05:43:38.776,InnoDB,LOCK_SYS_PAGE,1061,16,513
1787550218.769,2026-08-24 05:43:38.776,InnoDB,LOCK_SYS_PAGE,1160,16,531
1787550218.769,2026-08-24 05:43:38.776,InnoDB,LOCK_SYS_PAGE,1224,16,551
1787550218.769,2026-08-24 05:43:38.776,InnoDB,LOCK_SYS_PAGE,1096,16,561
1787550218.769,2026-08-24 05:43:38.776,InnoDB,LOCK_SYS_PAGE,1205,16,533
1787550218.769,2026-08-24 05:43:38.776,InnoDB,LOCK_SYS_PAGE,1125,16,525
1787550218.769,2026-08-24 05:43:38.776,InnoDB,LOCK_SYS_PAGE,1199,16,552
1787550218.769,2026-08-24 05:43:38.776,InnoDB,LOCK_SYS_PAGE,1178,16,567
1787550218.769,2026-08-24 05:43:38.776,InnoDB,LOCK_SYS_PAGE,1174,16,554
1787550218.769,2026-08-24 05:43:38.776,InnoDB,LOCK_SYS_PAGE,1222,16,516
1787550218.769,2026-08-24 05:43:38.776,InnoDB,LOCK_SYS_PAGE,1145,16,528
1787550218.769,2026-08-24 05:43:38.776,InnoDB,LOCK_SYS_PAGE,1112,16,499
1787550218.769,2026-08-24 05:43:38.776,InnoDB,LOCK_SYS_PAGE,1147,16,534
1787550218.769,2026-08-24 05:43:38.776,InnoDB,LOCK_SYS_PAGE,1219,16,539
1787550218.769,2026-08-24 05:43:38.776,InnoDB,LOCK_SYS_PAGE,1014,16,516
1787550218.769,2026-08-24 05:43:38.776,InnoDB,LOCK_SYS_PAGE,1189,16,501
1787550218.769,2026-08-24 05:43:38.776,InnoDB,LOCK_SYS_PAGE,1174,16,500
1787550218.769,2026-08-24 05:43:38.776,InnoDB,LOCK_SYS_PAGE,1191,16,524
1787550218.769,2026-08-24 05:43:38.776,InnoDB,LOCK_SYS_PAGE,1206,16,560
1787550218.769,2026-08-24 05:43:38.776,InnoDB,LOCK_SYS_PAGE,1163,16,549
1787550218.769,2026-08-24 05:43:38.776,InnoDB,LOCK_SYS_PAGE,1088,16,516
1787550218.769,2026-08-24 05:43:38.776,InnoDB,LOCK_SYS_PAGE,1130,16,517
1787550218.769,2026-08-24 05:43:38.776,InnoDB,LOCK_SYS_PAGE,1148,16,602
1787550218.769,2026-08-24 05:43:38.776,InnoDB,LOCK_SYS_PAGE,1107,16,481
1787550218.769,2026-08-24 05:43:38.776,InnoDB,LOCK_SYS_PAGE,1121,16,554
1787550218.769,2026-08-24 05:43:38.776,InnoDB,LOCK_SYS_PAGE,1215,16,521
1787550218.769,2026-08-24 05:43:38.776,InnoDB,LOCK_SYS_PAGE,1073,16,437
1787550218.769,2026-08-24 05:43:38.776,InnoDB,LOCK_SYS_PAGE,1142,16,535
1787550218.769,2026-08-24 05:43:38.776,InnoDB,LOCK_SYS_PAGE,1256,16,581
1787550218.769,2026-08-24 05:43:38.776,InnoDB,LOCK_SYS_PAGE,1152,16,494
1787550218.769,2026-08-24 05:43:38.776,InnoDB,LOCK_SYS_PAGE,1172,16,565
1787550218.769,2026-08-24 05:43:38.776,InnoDB,LOCK_SYS_PAGE,1099,16,537
1787550218.769,2026-08-24 05:43:38.776,InnoDB,LOCK_SYS_PAGE,1154,16,575
1787550218.769,2026-08-24 05:43:38.776,InnoDB,LOCK_SYS_PAGE,1152,16,631
1787550218.769,2026-08-24 05:43:38.776,InnoDB,LOCK_SYS_PAGE,1103,15,557
1787550218.769,2026-08-24 05:43:38.776,InnoDB,LOCK_SYS_PAGE,1110,15,552
1787550218.769,2026-08-24 05:43:38.776,InnoDB,LOCK_SYS_PAGE,1127,15,551
1787550218.769,2026-08-24 05:43:38.776,InnoDB,LOCK_SYS_PAGE,1260,15,522
1787550218.769,2026-08-24 05:43:38.776,InnoDB,LOCK_SYS_PAGE,1035,15,503
1787550218.769,2026-08-24 05:43:38.776,InnoDB,LOCK_SYS_PAGE,1120,15,581
1787550218.769,2026-08-24 05:43:38.776,InnoDB,LOCK_SYS_PAGE,1084,15,521
1787550218.769,2026-08-24 05:43:38.776,InnoDB,LOCK_SYS_PAGE,1158,15,556
1787550218.769,2026-08-24 05:43:38.776,InnoDB,LOCK_SYS_PAGE,1135,15,532
1787550218.769,2026-08-24 05:43:38.776,InnoDB,LOCK_SYS_PAGE,1132,15,522
1787550218.769,2026-08-24 05:43:38.776,InnoDB,LOCK_SYS_PAGE,1018,15,518
1787550218.769,2026-08-24 05:43:38.776,InnoDB,LOCK_SYS_PAGE,1086,15,515
1787550218.769,2026-08-24 05:43:38.776,InnoDB,LOCK_SYS_PAGE,1148,15,526
1787550218.769,2026-08-24 05:43:38.776,InnoDB,LOCK_SYS_PAGE,1077,15,540
1787550218.769,2026-08-24 05:43:38.776,InnoDB,LOCK_SYS_PAGE,1031,15,482
1787550218.769,2026-08-24 05:43:38.776,InnoDB,LOCK_SYS_PAGE,1061,15,519
1787550218.769,2026-08-24 05:43:38.776,InnoDB,UNDO_SPACE_RSEG,4205,15,1892
1787550218.769,2026-08-24 05:43:38.776,InnoDB,LOCK_SYS_PAGE,1109,15,552
1787550218.769,2026-08-24 05:43:38.776,InnoDB,LOCK_SYS_PAGE,969,15,431
1787550218.769,2026-08-24 05:43:38.776,InnoDB,LOCK_SYS_PAGE,1175,15,562
1787550218.769,2026-08-24 05:43:38.776,InnoDB,LOCK_SYS_PAGE,1077,15,471
1787550218.769,2026-08-24 05:43:38.776,InnoDB,LOCK_SYS_PAGE,1075,15,510
1787550218.769,2026-08-24 05:43:38.776,InnoDB,LOCK_SYS_PAGE,1150,15,545
1787550218.769,2026-08-24 05:43:38.776,InnoDB,LOCK_SYS_PAGE,1089,15,505
1787550218.769,2026-08-24 05:43:38.776,InnoDB,LOCK_SYS_PAGE,1154,15,539
1787550218.769,2026-08-24 05:43:38.776,InnoDB,LOCK_SYS_PAGE,1131,15,537
1787550218.769,2026-08-24 05:43:38.776,InnoDB,LOCK_SYS_PAGE,1111,15,517
1787550218.769,2026-08-24 05:43:38.776,InnoDB,LOCK_SYS_PAGE,1095,15,484
1787550218.769,2026-08-24 05:43:38.776,InnoDB,LOCK_SYS_PAGE,1072,15,520
1787550218.769,2026-08-24 05:43:38.776,InnoDB,LOCK_SYS_PAGE,1109,15,511
1787550218.769,2026-08-24 05:43:38.776,InnoDB,LOCK_SYS_PAGE,1126,15,561
1787550218.769,2026-08-24 05:43:38.776,InnoDB,LOCK_SYS_PAGE,1039,15,488
1787550218.769,2026-08-24 05:43:38.776,InnoDB,LOCK_SYS_PAGE,1116,15,534
1787550218.769,2026-08-24 05:43:38.776,InnoDB,LOCK_SYS_PAGE,1114,15,566
1787550218.769,2026-08-24 05:43:38.776,InnoDB,LOCK_SYS_PAGE,1080,15,508
1787550218.769,2026-08-24 05:43:38.776,InnoDB,LOCK_SYS_PAGE,1123,15,574
1787550218.769,2026-08-24 05:43:38.776,InnoDB,LOCK_SYS_PAGE,1090,15,510
1787550218.769,2026-08-24 05:43:38.776,InnoDB,LOCK_SYS_PAGE,1144,15,521
1787550218.769,2026-08-24 05:43:38.776,InnoDB,LOCK_SYS_PAGE,1185,15,516
1787550218.769,2026-08-24 05:43:38.776,InnoDB,LOCK_SYS_PAGE,1084,14,493
1787550218.769,2026-08-24 05:43:38.776,InnoDB,LOCK_SYS_PAGE,1017,14,475
1787550218.769,2026-08-24 05:43:38.776,InnoDB,LOCK_SYS_PAGE,1003,14,495
1787550218.769,2026-08-24 05:43:38.776,InnoDB,LOCK_SYS_PAGE,1092,14,560
1787550218.769,2026-08-24 05:43:38.776,InnoDB,LOCK_SYS_PAGE,1021,14,505
1787550218.769,2026-08-24 05:43:38.776,InnoDB,LOCK_SYS_PAGE,915,14,454
1787550218.769,2026-08-24 05:43:38.776,InnoDB,LOCK_SYS_PAGE,971,14,498
1787550218.769,2026-08-24 05:43:38.776,InnoDB,LOCK_SYS_PAGE,1040,14,514
1787550218.769,2026-08-24 05:43:38.776,InnoDB,LOCK_SYS_PAGE,1111,14,580
1787550218.769,2026-08-24 05:43:38.776,InnoDB,LOCK_SYS_PAGE,1140,14,530
1787550218.769,2026-08-24 05:43:38.776,InnoDB,LOCK_SYS_PAGE,1067,14,538
1787550218.769,2026-08-24 05:43:38.776,InnoDB,LOCK_SYS_PAGE,1129,14,539
1787550218.769,2026-08-24 05:43:38.776,InnoDB,LOCK_SYS_PAGE,1068,14,553
1787550218.769,2026-08-24 05:43:38.776,InnoDB,LOCK_SYS_PAGE,1010,14,516
1787550218.769,2026-08-24 05:43:38.776,InnoDB,LOCK_SYS_PAGE,1116,14,533
1787550218.769,2026-08-24 05:43:38.776,InnoDB,LOCK_SYS_PAGE,1080,14,544
1787550218.769,2026-08-24 05:43:38.776,InnoDB,LOCK_SYS_PAGE,1089,14,529
1787550218.769,2026-08-24 05:43:38.776,InnoDB,LOCK_SYS_PAGE,1045,14,509
1787550218.769,2026-08-24 05:43:38.776,InnoDB,LOCK_SYS_PAGE,1108,14,520
1787550218.769,2026-08-24 05:43:38.776,InnoDB,LOCK_SYS_PAGE,1057,14,518
1787550218.769,2026-08-24 05:43:38.776,InnoDB,LOCK_SYS_PAGE,1180,14,594
1787550218.769,2026-08-24 05:43:38.776,InnoDB,LOCK_SYS_PAGE,1058,14,532
1787550218.769,2026-08-24 05:43:38.776,InnoDB,LOCK_SYS_PAGE,1099,14,546
1787550218.769,2026-08-24 05:43:38.776,InnoDB,LOCK_SYS_PAGE,1087,14,567
1787550218.769,2026-08-24 05:43:38.776,InnoDB,LOCK_SYS_PAGE,1132,14,559
1787550218.769,2026-08-24 05:43:38.776,InnoDB,LOCK_SYS_PAGE,1216,14,592
1787550218.769,2026-08-24 05:43:38.776,InnoDB,LOCK_SYS_PAGE,1018,14,470
1787550218.769,2026-08-24 05:43:38.776,InnoDB,LOCK_SYS_PAGE,1060,14,518
1787550218.769,2026-08-24 05:43:38.776,InnoDB,LOCK_SYS_PAGE,1061,14,522
1787550218.769,2026-08-24 05:43:38.776,InnoDB,LOCK_SYS_PAGE,1200,14,581
1787550218.769,2026-08-24 05:43:38.776,InnoDB,LOCK_SYS_PAGE,1074,14,558
1787550218.769,2026-08-24 05:43:38.776,InnoDB,LOCK_SYS_PAGE,1008,14,513
1787550218.769,2026-08-24 05:43:38.776,InnoDB,LOCK_SYS_PAGE,1014,14,479
1787550218.769,2026-08-24 05:43:38.776,InnoDB,LOCK_SYS_PAGE,1135,14,508
1787550218.769,2026-08-24 05:43:38.776,InnoDB,LOCK_SYS_PAGE,1114,14,551
1787550218.769,2026-08-24 05:43:38.776,InnoDB,LOCK_SYS_PAGE,1178,14,563
1787550218.769,2026-08-24 05:43:38.776,InnoDB,LOCK_SYS_PAGE,1119,14,582
1787550218.769,2026-08-24 05:43:38.776,InnoDB,LOCK_SYS_PAGE,1009,14,487
1787550218.769,2026-08-24 05:43:38.776,InnoDB,LOCK_SYS_PAGE,922,14,495
1787550218.769,2026-08-24 05:43:38.776,InnoDB,LOCK_SYS_PAGE,1005,14,535
1787550218.769,2026-08-24 05:43:38.776,InnoDB,LOCK_SYS_PAGE,1020,14,532
1787550218.769,2026-08-24 05:43:38.776,InnoDB,LOCK_SYS_PAGE,1090,14,561
1787550218.769,2026-08-24 05:43:38.776,InnoDB,LOCK_SYS_PAGE,1014,14,545
1787550218.769,2026-08-24 05:43:38.776,InnoDB,LOCK_SYS_PAGE,1075,14,564
1787550218.769,2026-08-24 05:43:38.776,InnoDB,LOCK_SYS_PAGE,997,13,560
1787550218.769,2026-08-24 05:43:38.776,InnoDB,LOCK_SYS_PAGE,1135,13,573
1787550218.769,2026-08-24 05:43:38.776,InnoDB,LOCK_SYS_PAGE,1051,13,471
1787550218.769,2026-08-24 05:43:38.776,InnoDB,LOCK_SYS_PAGE,938,13,465
1787550218.769,2026-08-24 05:43:38.776,InnoDB,LOCK_SYS_PAGE,1164,13,529
1787550218.769,2026-08-24 05:43:38.776,InnoDB,LOCK_SYS_PAGE,978,13,506
1787550218.769,2026-08-24 05:43:38.776,InnoDB,LOCK_SYS_PAGE,1132,13,541
1787550218.769,2026-08-24 05:43:38.776,InnoDB,LOCK_SYS_PAGE,991,13,494
1787550218.769,2026-08-24 05:43:38.776,InnoDB,LOCK_SYS_PAGE,1086,13,576
1787550218.769,2026-08-24 05:43:38.776,InnoDB,LOCK_SYS_PAGE,987,13,496
1787550218.769,2026-08-24 05:43:38.776,InnoDB,LOCK_SYS_PAGE,1044,13,515
1787550218.769,2026-08-24 05:43:38.776,InnoDB,LOCK_SYS_PAGE,1030,13,601
1787550218.769,2026-08-24 05:43:38.776,InnoDB,LOCK_SYS_PAGE,1048,13,556
1787550218.769,2026-08-24 05:43:38.776,InnoDB,LOCK_SYS_PAGE,1023,13,493
1787550218.769,2026-08-24 05:43:38.776,InnoDB,LOCK_SYS_PAGE,1011,13,515
1787550218.769,2026-08-24 05:43:38.776,InnoDB,LOCK_SYS_PAGE,1139,13,530
1787550218.769,2026-08-24 05:43:38.776,InnoDB,LOCK_SYS_PAGE,1045,13,510
1787550218.769,2026-08-24 05:43:38.776,InnoDB,LOCK_SYS_PAGE,1012,13,507
1787550218.769,2026-08-24 05:43:38.776,InnoDB,LOCK_SYS_PAGE,1065,13,552
1787550218.769,2026-08-24 05:43:38.776,InnoDB,LOCK_SYS_PAGE,1088,13,565
1787550218.769,2026-08-24 05:43:38.776,InnoDB,LOCK_SYS_PAGE,960,13,463
1787550218.769,2026-08-24 05:43:38.776,InnoDB,LOCK_SYS_PAGE,1066,13,551
1787550218.769,2026-08-24 05:43:38.776,InnoDB,LOCK_SYS_PAGE,1057,13,564
1787550218.769,2026-08-24 05:43:38.776,InnoDB,LOCK_SYS_PAGE,993,12,555
1787550218.769,2026-08-24 05:43:38.776,InnoDB,LOCK_SYS_PAGE,1137,12,532
1787550218.769,2026-08-24 05:43:38.776,InnoDB,LOCK_SYS_PAGE,1041,12,494
1787550218.769,2026-08-24 05:43:38.776,InnoDB,LOCK_SYS_PAGE,1099,12,503
1787550218.769,2026-08-24 05:43:38.776,InnoDB,LOCK_SYS_PAGE,1069,12,546
1787550218.769,2026-08-24 05:43:38.776,InnoDB,LOCK_SYS_PAGE,914,12,441
1787550218.769,2026-08-24 05:43:38.776,InnoDB,LOCK_SYS_PAGE,1120,12,513
1787550218.769,2026-08-24 05:43:38.776,InnoDB,LOCK_SYS_PAGE,1011,12,548
1787550218.769,2026-08-24 05:43:38.776,InnoDB,LOCK_SYS_PAGE,1070,12,540
1787550218.769,2026-08-24 05:43:38.776,InnoDB,LOCK_SYS_PAGE,1017,12,556
1787550218.769,2026-08-24 05:43:38.776,InnoDB,LOCK_SYS_PAGE,1013,12,548
1787550218.769,2026-08-24 05:43:38.776,InnoDB,LOCK_SYS_PAGE,940,12,484
1787550218.769,2026-08-24 05:43:38.776,InnoDB,LOCK_SYS_PAGE,962,12,477
1787550218.769,2026-08-24 05:43:38.776,InnoDB,LOCK_SYS_PAGE,1032,12,545
1787550218.769,2026-08-24 05:43:38.776,InnoDB,LOCK_SYS_PAGE,976,12,484
1787550218.769,2026-08-24 05:43:38.776,InnoDB,LOCK_SYS_PAGE,908,12,501
1787550218.769,2026-08-24 05:43:38.776,InnoDB,LOCK_SYS_PAGE,1052,12,573
1787550218.769,2026-08-24 05:43:38.776,InnoDB,LOCK_SYS_PAGE,1030,12,541
1787550218.769,2026-08-24 05:43:38.776,InnoDB,LOCK_SYS_PAGE,986,12,479
1787550218.769,2026-08-24 05:43:38.776,InnoDB,LOCK_SYS_PAGE,980,12,509
1787550218.769,2026-08-24 05:43:38.776,InnoDB,LOCK_SYS_PAGE,951,12,515
1787550218.769,2026-08-24 05:43:38.776,InnoDB,LOCK_SYS_PAGE,986,12,519
1787550218.769,2026-08-24 05:43:38.776,InnoDB,LOCK_SYS_PAGE,1016,12,506
1787550218.769,2026-08-24 05:43:38.776,InnoDB,LOCK_SYS_PAGE,1065,12,529
1787550218.769,2026-08-24 05:43:38.776,InnoDB,LOCK_SYS_PAGE,1071,12,576
1787550218.769,2026-08-24 05:43:38.776,InnoDB,LOCK_SYS_PAGE,921,11,550
1787550218.769,2026-08-24 05:43:38.776,InnoDB,UNDO_SPACE_RSEG,4304,11,1909
1787550218.769,2026-08-24 05:43:38.776,InnoDB,LOCK_SYS_PAGE,905,11,513
1787550218.769,2026-08-24 05:43:38.776,InnoDB,LOCK_SYS_PAGE,969,11,541
1787550218.769,2026-08-24 05:43:38.776,InnoDB,LOCK_SYS_PAGE,970,11,513
1787550218.769,2026-08-24 05:43:38.776,InnoDB,LOCK_SYS_PAGE,1011,11,539
1787550218.769,2026-08-24 05:43:38.776,InnoDB,LOCK_SYS_PAGE,1002,11,577
1787550218.769,2026-08-24 05:43:38.776,InnoDB,LOCK_SYS_PAGE,907,11,500
1787550218.769,2026-08-24 05:43:38.776,InnoDB,LOCK_SYS_PAGE,923,11,516
1787550218.769,2026-08-24 05:43:38.776,InnoDB,LOCK_SYS_PAGE,1025,11,569
1787550218.769,2026-08-24 05:43:38.776,InnoDB,LOCK_SYS_PAGE,1008,11,509
1787550218.769,2026-08-24 05:43:38.776,InnoDB,LOCK_SYS_PAGE,940,11,520
1787550218.769,2026-08-24 05:43:38.776,InnoDB,LOCK_SYS_PAGE,986,11,497
1787550218.769,2026-08-24 05:43:38.776,InnoDB,LOCK_SYS_PAGE,959,11,524
1787550218.769,2026-08-24 05:43:38.776,InnoDB,LOCK_SYS_PAGE,1136,10,621
1787550218.769,2026-08-24 05:43:38.776,InnoDB,LOCK_SYS_PAGE,948,10,550
1787550218.769,2026-08-24 05:43:38.776,InnoDB,LOCK_SYS_PAGE,1020,10,535
1787550218.769,2026-08-24 05:43:38.776,InnoDB,DICT_TABLE_STATS_COMPUTE,300,10,4
1787550218.769,2026-08-24 05:43:38.776,InnoDB,LOCK_SYS_PAGE,971,10,561
1787550218.769,2026-08-24 05:43:38.776,InnoDB,LOCK_SYS_PAGE,975,10,540
1787550218.769,2026-08-24 05:43:38.776,InnoDB,LOCK_SYS_PAGE,1005,10,547
1787550218.769,2026-08-24 05:43:38.776,InnoDB,LOCK_SYS_PAGE,965,10,559
1787550218.769,2026-08-24 05:43:38.776,InnoDB,LOCK_SYS_PAGE,1040,10,589
1787550218.769,2026-08-24 05:43:38.776,InnoDB,LOCK_SYS_PAGE,922,10,524
1787550218.769,2026-08-24 05:43:38.776,InnoDB,LOCK_SYS_PAGE,1088,10,590
1787550218.769,2026-08-24 05:43:38.776,InnoDB,LOCK_SYS_PAGE,1046,10,611
1787550218.769,2026-08-24 05:43:38.776,InnoDB,LOCK_SYS_PAGE,921,9,522
1787550218.769,2026-08-24 05:43:38.776,InnoDB,LOCK_SYS_PAGE,962,9,542
1787550218.769,2026-08-24 05:43:38.776,InnoDB,LOCK_SYS_PAGE,889,9,479
1787550218.769,2026-08-24 05:43:38.776,InnoDB,LOCK_SYS_PAGE,1006,9,526
1787550218.769,2026-08-24 05:43:38.776,InnoDB,LOCK_SYS_PAGE,962,9,547
1787550218.769,2026-08-24 05:43:38.776,InnoDB,LOCK_SYS_PAGE,802,8,497
1787550218.769,2026-08-24 05:43:38.776,InnoDB,LOCK_SYS_PAGE,930,8,556
1787550218.769,2026-08-24 05:43:38.776,InnoDB,LOCK_SYS_PAGE,831,8,521
1787550218.769,2026-08-24 05:43:38.776,InnoDB,LOCK_SYS_PAGE,834,8,528
1787550218.769,2026-08-24 05:43:38.776,InnoDB,LOCK_SYS_PAGE,892,7,584
1787550218.769,2026-08-24 05:43:38.776,InnoDB,LOCK_SYS_PAGE,851,7,528
1787550218.769,2026-08-24 05:43:38.776,InnoDB,LOCK_SYS_WAIT,234,7,9
1787550218.769,2026-08-24 05:43:38.776,InnoDB,PARSER,242,6,6
1787550218.769,2026-08-24 05:43:38.776,InnoDB,FIL_SHARD,203,4,71
1787550218.769,2026-08-24 05:43:38.776,InnoDB,FIL_SHARD,156,3,73
1787550218.769,2026-08-24 05:43:38.776,InnoDB,FIL_SHARD,246,3,177
1787550218.769,2026-08-24 05:43:38.776,InnoDB,FIL_SHARD,100,2,24
1787550218.769,2026-08-24 05:43:38.776,InnoDB,FIL_SHARD,90,2,36
1787550218.769,2026-08-24 05:43:38.776,InnoDB,FIL_SHARD,132,2,93
1787550218.769,2026-08-24 05:43:38.776,InnoDB,FIL_SHARD,87,2,33
1787550218.769,2026-08-24 05:43:38.776,InnoDB,FIL_SHARD,119,2,58
1787550218.769,2026-08-24 05:43:38.776,InnoDB,FIL_SHARD,178,2,134
1787550218.769,2026-08-24 05:43:38.776,InnoDB,FIL_SHARD,136,2,49
1787550218.769,2026-08-24 05:43:38.776,InnoDB,FIL_SHARD,107,1,107
1787550218.769,2026-08-24 05:43:38.776,InnoDB,FIL_SHARD,49,1,29
1787550218.769,2026-08-24 05:43:38.776,InnoDB,TRX_SYS_SHARD,35,1,2
1787550218.769,2026-08-24 05:43:38.776,InnoDB,TRX_SYS_SHARD,30,1,1
1787550218.769,2026-08-24 05:43:38.776,InnoDB,TRX_SYS_SHARD,34,1,1
1787550218.769,2026-08-24 05:43:38.776,InnoDB,TRX_SYS_SHARD,34,1,1
1787550218.769,2026-08-24 05:43:38.776,InnoDB,FIL_SHARD,82,1,78
1787550218.769,2026-08-24 05:43:38.776,InnoDB,FIL_SHARD,98,1,84
1787550218.769,2026-08-24 05:43:38.776,InnoDB,TRX_SYS_SHARD,30,1,1
1787550218.769,2026-08-24 05:43:38.776,InnoDB,FIL_SHARD,65,1,51
1787550218.769,2026-08-24 05:43:38.776,InnoDB,FIL_SHARD,119,1,72
1787550218.769,2026-08-24 05:43:38.776,InnoDB,TRX_SYS_SHARD,30,1,1
1787550218.769,2026-08-24 05:43:38.776,InnoDB,FIL_SHARD,112,1,82
1787550218.769,2026-08-24 05:43:38.776,InnoDB,TRX_SYS_SHARD,34,1,1
1787550218.769,2026-08-24 05:43:38.776,InnoDB,TRX_SYS_SHARD,34,1,1
1787550218.769,2026-08-24 05:43:38.776,InnoDB,TRX_SYS_SHARD,2,0,1
1787550218.769,2026-08-24 05:43:38.776,InnoDB,TRX_SYS_SHARD,2,0,2
1787550218.769,2026-08-24 05:43:38.776,InnoDB,TRX_SYS_SHARD,1,0,1
1787550218.769,2026-08-24 05:43:38.776,InnoDB,TRX_SYS_SHARD,2,0,1
1787550218.769,2026-08-24 05:43:38.776,InnoDB,TRX_SYS_SHARD,1,0,1
1787550218.769,2026-08-24 05:43:38.776,InnoDB,TRX_SYS_SHARD,2,0,2
1787550218.769,2026-08-24 05:43:38.776,InnoDB,TRX_SYS_SHARD,1,0,1
1787550218.769,2026-08-24 05:43:38.776,InnoDB,TRX_SYS_SHARD,1,0,1
1787550218.769,2026-08-24 05:43:38.776,InnoDB,TRX_SYS_SHARD,1,0,1
1787550218.769,2026-08-24 05:43:38.776,InnoDB,TRX_SYS_SHARD,1,0,1
1787550218.769,2026-08-24 05:43:38.776,InnoDB,TRX_SYS_SHARD,1,0,1
1787550218.769,2026-08-24 05:43:38.776,InnoDB,TRX_SYS_SHARD,1,0,1
1787550218.769,2026-08-24 05:43:38.776,InnoDB,TRX_SYS_SHARD,1,0,1
1787550218.769,2026-08-24 05:43:38.776,InnoDB,TRX_SYS_SHARD,2,0,1
1787550218.769,2026-08-24 05:43:38.776,InnoDB,TRX_SYS_SHARD,2,0,1
1787550218.769,2026-08-24 05:43:38.776,InnoDB,TRX_SYS_SHARD,20,0,1
1787550218.769,2026-08-24 05:43:38.776,InnoDB,TRX_SYS_SHARD,1,0,1
1787550218.769,2026-08-24 05:43:38.776,InnoDB,TRX_SYS_SHARD,1,0,1
1787550218.769,2026-08-24 05:43:38.776,InnoDB,TRX_SYS_SHARD,2,0,1
1787550218.769,2026-08-24 05:43:38.776,InnoDB,TRX_SYS_SHARD,4,0,2
1787550218.769,2026-08-24 05:43:38.776,InnoDB,TRX_SYS_SHARD,2,0,2
1787550218.769,2026-08-24 05:43:38.776,InnoDB,TRX_SYS_SHARD,2,0,2
1787550218.769,2026-08-24 05:43:38.776,InnoDB,TRX_SYS_SHARD,1,0,1
1787550218.769,2026-08-24 05:43:38.776,InnoDB,TRX_SYS_SHARD,1,0,1
1787550218.769,2026-08-24 05:43:38.776,InnoDB,TRX_SYS_SHARD,1,0,1
1787550218.769,2026-08-24 05:43:38.776,InnoDB,AUTOINC,6,0,2
1787550218.769,2026-08-24 05:43:38.776,InnoDB,TRX_SYS_SHARD,1,0,1
1787550218.769,2026-08-24 05:43:38.776,InnoDB,TRX_SYS_SHARD,1,0,1
1787550218.769,2026-08-24 05:43:38.776,InnoDB,FIL_SHARD,347,0,404
1787550218.769,2026-08-24 05:43:38.776,InnoDB,TRX_SYS_SHARD,1,0,1
1787550218.769,2026-08-24 05:43:38.776,InnoDB,TRX_SYS_SHARD,1,0,1
1787550218.769,2026-08-24 05:43:38.776,InnoDB,TRX_SYS_SHARD,1,0,1
1787550218.769,2026-08-24 05:43:38.776,InnoDB,TRX_SYS_SHARD,1,0,1
1787550218.769,2026-08-24 05:43:38.776,InnoDB,TRX_SYS_SHARD,1,0,2
1787550218.769,2026-08-24 05:43:38.776,InnoDB,TRX_SYS_SHARD,2,0,1
1787550218.769,2026-08-24 05:43:38.776,InnoDB,TRX_SYS_SHARD,1,0,1
1787550218.769,2026-08-24 05:43:38.776,InnoDB,TRX_SYS_SHARD,2,0,2
1787550218.769,2026-08-24 05:43:38.776,InnoDB,TRX_SYS_SHARD,3,0,2
1787550218.769,2026-08-24 05:43:38.776,InnoDB,TRX_SYS_SHARD,5,0,2
1787550218.769,2026-08-24 05:43:38.776,InnoDB,TRX_SYS_SHARD,1,0,1
1787550218.769,2026-08-24 05:43:38.776,InnoDB,TRX_SYS_SHARD,1,0,1
1787550218.769,2026-08-24 05:43:38.776,InnoDB,TRX_SYS_SHARD,1,0,1
1787550218.769,2026-08-24 05:43:38.776,InnoDB,TRX_SYS_SHARD,1,0,1
1787550218.769,2026-08-24 05:43:38.776,InnoDB,TRX_SYS_SHARD,1,0,1
1787550218.769,2026-08-24 05:43:38.776,InnoDB,TRX_SYS_SHARD,2,0,1
1787550218.769,2026-08-24 05:43:38.776,InnoDB,TRX_SYS_SHARD,1,0,1
1787550218.769,2026-08-24 05:43:38.776,InnoDB,TRX_SYS_SHARD,5,0,3
1787550218.769,2026-08-24 05:43:38.776,InnoDB,TRX_SYS_SHARD,1,0,1
1787550218.769,2026-08-24 05:43:38.776,InnoDB,TRX_SYS_SHARD,1,0,1
1787550218.769,2026-08-24 05:43:38.776,InnoDB,TRX_SYS_SHARD,2,0,1
1787550218.769,2026-08-24 05:43:38.776,InnoDB,TRX_SYS_SHARD,2,0,2
1787550218.769,2026-08-24 05:43:38.776,InnoDB,DICT_TABLE,1,0,1
1787550218.769,2026-08-24 05:43:38.776,InnoDB,TRX_SYS_SHARD,1,0,1
1787550218.769,2026-08-24 05:43:38.776,InnoDB,TRX_SYS_SHARD,1,0,1
1787550218.769,2026-08-24 05:43:38.776,InnoDB,TRX_SYS_SHARD,2,0,1
1787550218.769,2026-08-24 05:43:38.776,InnoDB,TRX_SYS_SHARD,1,0,1
1787550218.769,2026-08-24 05:43:38.776,InnoDB,TRX_SYS_SHARD,1,0,1
1787550218.769,2026-08-24 05:43:38.776,InnoDB,TRX_SYS_SHARD,1,0,1
1787550218.769,2026-08-24 05:43:38.776,InnoDB,TRX_SYS_SHARD,2,0,1
1787550218.769,2026-08-24 05:43:38.776,InnoDB,TRX_SYS_SHARD,1,0,1
1787550218.769,2026-08-24 05:43:38.776,InnoDB,FIL_SHARD,115,0,150
1787550218.769,2026-08-24 05:43:38.776,InnoDB,FIL_SHARD,12,0,19
1787550218.769,2026-08-24 05:43:38.776,InnoDB,FIL_SHARD,22,0,40
1787550218.769,2026-08-24 05:43:38.776,InnoDB,FIL_SHARD,22,0,34
1787550218.769,2026-08-24 05:43:38.776,InnoDB,FIL_SHARD,68,0,85
1787550218.769,2026-08-24 05:43:38.776,InnoDB,FIL_SHARD,32,0,59
1787550218.769,2026-08-24 05:43:38.776,InnoDB,FIL_SHARD,29,0,42
1787550218.769,2026-08-24 05:43:38.776,InnoDB,FIL_SHARD,32,0,48
1787550218.769,2026-08-24 05:43:38.776,InnoDB,FIL_SHARD,41,0,64
1787550218.769,2026-08-24 05:43:38.776,InnoDB,LOG_LIMITS,217,0,150
1787550218.769,2026-08-24 05:43:38.776,InnoDB,FIL_SHARD,79,0,95
1787550218.769,2026-08-24 05:43:38.776,InnoDB,PERSIST_AUTOINC,5,0,1
1787550218.769,2026-08-24 05:43:38.776,InnoDB,FIL_SHARD,64,0,81
1787550218.769,2026-08-24 05:43:38.776,InnoDB,RECALC_POOL,11,0,10
1787550218.769,2026-08-24 05:43:38.776,InnoDB,RW_LOCK_LIST,1,0,1
1787550218.769,2026-08-24 05:43:38.776,InnoDB,TRX_POOL_MANAGER,6,0,2
1787550218.769,2026-08-24 05:43:38.776,InnoDB,TRX,3,0,1
1787550218.769,2026-08-24 05:43:38.776,InnoDB,FIL_SHARD,33,0,49
1787550218.769,2026-08-24 05:43:38.776,InnoDB,FIL_SHARD,75,0,54
1787550218.769,2026-08-24 05:43:38.776,InnoDB,FIL_SHARD,28,0,45
1787550218.769,2026-08-24 05:43:38.776,InnoDB,FIL_SHARD,11,0,18
1787550218.769,2026-08-24 05:43:38.776,InnoDB,FIL_SHARD,20,0,26
1787550218.769,2026-08-24 05:43:38.776,InnoDB,FIL_SHARD,46,0,64
1787550218.769,2026-08-24 05:43:38.776,InnoDB,FIL_SHARD,26,0,41
1787550218.769,2026-08-24 05:43:38.776,InnoDB,FIL_SHARD,20,0,32
1787550218.769,2026-08-24 05:43:38.776,InnoDB,FIL_SHARD,34,0,33
1787550218.769,2026-08-24 05:43:38.776,InnoDB,TRX,1,0,1
1787550218.769,2026-08-24 05:43:38.776,InnoDB,FIL_SHARD,20,0,25
1787550218.769,2026-08-24 05:43:38.776,InnoDB,FIL_SHARD,27,0,55
1787550218.769,2026-08-24 05:43:38.776,InnoDB,FIL_SHARD,29,0,27
1787550218.769,2026-08-24 05:43:38.776,InnoDB,FIL_SHARD,37,0,50
1787550218.769,2026-08-24 05:43:38.776,InnoDB,FIL_SHARD,40,0,42
1787550218.769,2026-08-24 05:43:38.776,InnoDB,FIL_SHARD,48,0,85
1787550218.769,2026-08-24 05:43:38.776,InnoDB,FIL_SHARD,44,0,36
1787550218.769,2026-08-24 05:43:38.776,InnoDB,TRX_SYS_SHARD,12,0,3
1787550218.769,2026-08-24 05:43:38.776,InnoDB,TRX_SYS_SHARD,14,0,1
1787550218.769,2026-08-24 05:43:38.776,InnoDB,TRX_SYS_SHARD,1,0,1
1787550218.769,2026-08-24 05:43:38.776,InnoDB,TRX_SYS_SHARD,3,0,3
1787550218.769,2026-08-24 05:43:38.776,InnoDB,TRX_SYS_SHARD,2,0,2
1787550218.769,2026-08-24 05:43:38.776,InnoDB,TRX_SYS_SHARD,1,0,1
1787550218.769,2026-08-24 05:43:38.776,InnoDB,TRX_SYS_SHARD,1,0,1
1787550218.769,2026-08-24 05:43:38.776,InnoDB,TRX_SYS_SHARD,1,0,1
1787550218.769,2026-08-24 05:43:38.776,InnoDB,TRX_SYS_SHARD,22,0,1
1787550218.769,2026-08-24 05:43:38.776,InnoDB,TRX_SYS_SHARD,1,0,1
1787550218.769,2026-08-24 05:43:38.776,InnoDB,TRX_SYS_SHARD,1,0,1
1787550218.769,2026-08-24 05:43:38.776,InnoDB,TRX_SYS_SHARD,1,0,1
1787550218.769,2026-08-24 05:43:38.776,InnoDB,TRX_SYS_SHARD,26,0,1
1787550218.769,2026-08-24 05:43:38.776,InnoDB,TRX_SYS_SHARD,1,0,1
1787550218.769,2026-08-24 05:43:38.776,InnoDB,TRX_SYS_SHARD,1,0,1
1787550218.769,2026-08-24 05:43:38.776,InnoDB,TRX_SYS_SHARD,2,0,2
1787550218.769,2026-08-24 05:43:38.776,InnoDB,TRX_SYS_SHARD,1,0,1
1787550218.769,2026-08-24 05:43:38.776,InnoDB,TRX_SYS_SHARD,1,0,1
1787550218.769,2026-08-24 05:43:38.776,InnoDB,FIL_SHARD,147,0,166
1787550218.769,2026-08-24 05:43:38.776,InnoDB,TRX_SYS_SHARD,2,0,2
1787550218.769,2026-08-24 05:43:38.776,InnoDB,TRX_SYS_SHARD,1,0,1
1787550218.769,2026-08-24 05:43:38.776,InnoDB,TRX_SYS_SHARD,2,0,1
1787550218.769,2026-08-24 05:43:38.776,InnoDB,TRX_SYS_SHARD,1,0,1
1787550218.769,2026-08-24 05:43:38.776,InnoDB,TRX_SYS_SHARD,1,0,1
1787550218.769,2026-08-24 05:43:38.776,InnoDB,TRX_SYS_SHARD,1,0,1
1787550218.769,2026-08-24 05:43:38.776,InnoDB,TRX_SYS_SHARD,1,0,2
1787550218.769,2026-08-24 05:43:38.776,InnoDB,TRX_SYS_SHARD,1,0,1
1787550218.769,2026-08-24 05:43:38.776,InnoDB,TRX_SYS_SHARD,2,0,1
1787550218.769,2026-08-24 05:43:38.776,InnoDB,TRX_SYS_SHARD,1,0,1
1787550218.769,2026-08-24 05:43:38.776,InnoDB,TRX_SYS_SHARD,1,0,1
1787550218.769,2026-08-24 05:43:38.776,InnoDB,TRX_SYS_SHARD,2,0,1
1787550218.769,2026-08-24 05:43:38.776,InnoDB,TRX_SYS_SHARD,1,0,1
1787550218.769,2026-08-24 05:43:38.776,InnoDB,TRX_SYS_SHARD,1,0,1
1787550218.769,2026-08-24 05:43:38.776,InnoDB,TRX_SYS_SHARD,1,0,1
1787550218.769,2026-08-24 05:43:38.776,InnoDB,rwlock: dict0dict.cc:2631,,16747,
1787550218.769,2026-08-24 05:43:38.776,InnoDB,rwlock: dict0dict.cc:2631,,17413,
1787550218.769,2026-08-24 05:43:38.776,InnoDB,rwlock: dict0dict.cc:2631,,17041,
1787550218.769,2026-08-24 05:43:38.776,InnoDB,rwlock: dict0dict.cc:2631,,16816,
1787550218.769,2026-08-24 05:43:38.776,InnoDB,rwlock: dict0dict.cc:2631,,16969,
1787550218.769,2026-08-24 05:43:38.776,InnoDB,rwlock: dict0dict.cc:2631,,17046,
1787550218.769,2026-08-24 05:43:38.776,InnoDB,rwlock: dict0dict.cc:2631,,16517,
1787550218.769,2026-08-24 05:43:38.776,InnoDB,rwlock: dict0dict.cc:2631,,17007,
1787550218.769,2026-08-24 05:43:38.776,InnoDB,rwlock: dict0dict.cc:2631,,16890,
1787550218.769,2026-08-24 05:43:38.776,InnoDB,rwlock: dict0dict.cc:2631,,16630,
1787550218.769,2026-08-24 05:43:38.776,InnoDB,rwlock: dict0dict.cc:2631,,16912,
1787550218.769,2026-08-24 05:43:38.776,InnoDB,rwlock: dict0dict.cc:2631,,17053,
1787550218.769,2026-08-24 05:43:38.776,InnoDB,rwlock: dict0dict.cc:2631,,16702,
1787550218.769,2026-08-24 05:43:38.776,InnoDB,rwlock: dict0dict.cc:2631,,17011,
1787550218.769,2026-08-24 05:43:38.776,InnoDB,rwlock: dict0dict.cc:2631,,16820,
1787550218.769,2026-08-24 05:43:38.776,InnoDB,rwlock: dict0dict.cc:2631,,16183,
1787550218.769,2026-08-24 05:43:38.776,InnoDB,rwlock: dict0dict.cc:2631,,16726,
1787550218.769,2026-08-24 05:43:38.776,InnoDB,rwlock: dict0dict.cc:2631,,16503,
1787550218.769,2026-08-24 05:43:38.776,InnoDB,rwlock: dict0dict.cc:2631,,16348,
1787550218.769,2026-08-24 05:43:38.776,InnoDB,rwlock: dict0dict.cc:2631,,15355,
1787550218.769,2026-08-24 05:43:38.776,InnoDB,rwlock: dict0dict.cc:2631,,1,
1787550218.769,2026-08-24 05:43:38.776,InnoDB,rwlock: fil0fil.cc:10242,,1,
1787550218.769,2026-08-24 05:43:38.776,InnoDB,rwlock: dict0dict.cc:2631,,2,
1787550218.769,2026-08-24 05:43:38.776,InnoDB,rwlock: dict0dict.cc:2631,,1,
1787550218.769,2026-08-24 05:43:38.776,InnoDB,rwlock: dict0dict.cc:2631,,2,
1787550218.769,2026-08-24 05:43:38.776,InnoDB,rwlock: dict0dict.cc:2631,,1,
1787550218.769,2026-08-24 05:43:38.776,InnoDB,rwlock: dict0dict.cc:2631,,2,
1787550218.769,2026-08-24 05:43:38.776,InnoDB,rwlock: dict0dict.cc:2631,,1,
1787550218.769,2026-08-24 05:43:38.776,InnoDB,rwlock: dict0dict.cc:2631,,2,
1787550218.769,2026-08-24 05:43:38.776,InnoDB,rwlock: dict0dict.cc:2631,,1,
1787550218.769,2026-08-24 05:43:38.776,InnoDB,rwlock: dict0dict.cc:2631,,1,
1787550218.769,2026-08-24 05:43:38.776,InnoDB,rwlock: dict0dict.cc:2631,,2,
1787550218.769,2026-08-24 05:43:38.776,InnoDB,rwlock: dict0dict.cc:2631,,1,
1787550218.769,2026-08-24 05:43:38.776,InnoDB,rwlock: fil0fil.cc:10242,,1,
1787550218.769,2026-08-24 05:43:38.776,InnoDB,rwlock: dict0dict.cc:2631,,1,
1787550218.769,2026-08-24 05:43:38.776,InnoDB,rwlock: dict0dict.cc:2631,,1,
1787550218.769,2026-08-24 05:43:38.776,InnoDB,rwlock: dict0dict.cc:2631,,1,
1787550218.769,2026-08-24 05:43:38.776,InnoDB,rwlock: trx0purge.cc:232,,15,
1787550218.769,2026-08-24 05:43:38.776,InnoDB,rwlock: fil0fil.cc:10242,,5180,
1787550218.769,2026-08-24 05:43:38.776,InnoDB,rwlock: fil0fil.cc:10242,,4950,
1787550218.769,2026-08-24 05:43:38.776,InnoDB,rwlock: dict0dict.cc:1180,,10,
1787550218.769,2026-08-24 05:43:38.776,InnoDB,rwlock: hash0hash.cc:117,,999,
1787550218.769,2026-08-24 05:43:38.776,InnoDB,rwlock: hash0hash.cc:117,,1146,
1787550218.769,2026-08-24 05:43:38.776,InnoDB,rwlock: hash0hash.cc:117,,617,
1787550218.769,2026-08-24 05:43:38.776,InnoDB,rwlock: hash0hash.cc:117,,706,
1787550218.769,2026-08-24 05:43:38.776,InnoDB,rwlock: hash0hash.cc:117,,4351,
1787550218.769,2026-08-24 05:43:38.776,InnoDB,rwlock: hash0hash.cc:117,,757,
1787550218.769,2026-08-24 05:43:38.776,InnoDB,rwlock: hash0hash.cc:117,,1356,
1787550218.769,2026-08-24 05:43:38.776,InnoDB,rwlock: hash0hash.cc:117,,791,
1787550218.769,2026-08-24 05:43:38.776,InnoDB,rwlock: hash0hash.cc:117,,754,
1787550218.769,2026-08-24 05:43:38.776,InnoDB,rwlock: hash0hash.cc:117,,850,
1787550218.769,2026-08-24 05:43:38.776,InnoDB,rwlock: hash0hash.cc:117,,803,
1787550218.769,2026-08-24 05:43:38.776,InnoDB,rwlock: hash0hash.cc:117,,804,
1787550218.769,2026-08-24 05:43:38.776,InnoDB,rwlock: hash0hash.cc:117,,937,
1787550218.769,2026-08-24 05:43:38.776,InnoDB,rwlock: hash0hash.cc:117,,885,
1787550218.769,2026-08-24 05:43:38.776,InnoDB,rwlock: hash0hash.cc:117,,818,
1787550218.769,2026-08-24 05:43:38.776,InnoDB,rwlock: hash0hash.cc:117,,2372,
1787550218.769,2026-08-24 05:43:38.776,InnoDB,rwlock: hash0hash.cc:117,,957,
1787550218.769,2026-08-24 05:43:38.776,InnoDB,rwlock: hash0hash.cc:117,,949,
1787550218.769,2026-08-24 05:43:38.776,InnoDB,rwlock: hash0hash.cc:117,,1064,
1787550218.769,2026-08-24 05:43:38.776,InnoDB,rwlock: hash0hash.cc:117,,585,
1787550218.769,2026-08-24 05:43:38.776,InnoDB,rwlock: hash0hash.cc:117,,614,
1787550218.769,2026-08-24 05:43:38.776,InnoDB,rwlock: hash0hash.cc:117,,2030,
1787550218.769,2026-08-24 05:43:38.776,InnoDB,rwlock: hash0hash.cc:117,,1981,
1787550218.769,2026-08-24 05:43:38.776,InnoDB,rwlock: hash0hash.cc:117,,458,
1787550218.769,2026-08-24 05:43:38.776,InnoDB,rwlock: hash0hash.cc:117,,519,
1787550218.769,2026-08-24 05:43:38.776,InnoDB,rwlock: hash0hash.cc:117,,641,
1787550218.769,2026-08-24 05:43:38.776,InnoDB,rwlock: hash0hash.cc:117,,414,
1787550218.769,2026-08-24 05:43:38.776,InnoDB,rwlock: hash0hash.cc:117,,484,
1787550218.769,2026-08-24 05:43:38.776,InnoDB,rwlock: hash0hash.cc:117,,500,
1787550218.769,2026-08-24 05:43:38.776,InnoDB,rwlock: hash0hash.cc:117,,792,
1787550218.769,2026-08-24 05:43:38.776,InnoDB,rwlock: hash0hash.cc:117,,482,
1787550218.769,2026-08-24 05:43:38.776,InnoDB,rwlock: hash0hash.cc:117,,655,
1787550218.769,2026-08-24 05:43:38.776,InnoDB,rwlock: hash0hash.cc:117,,720,
1787550218.769,2026-08-24 05:43:38.776,InnoDB,rwlock: hash0hash.cc:117,,636,
1787550218.769,2026-08-24 05:43:38.776,InnoDB,rwlock: hash0hash.cc:117,,499,
1787550218.769,2026-08-24 05:43:38.776,InnoDB,rwlock: hash0hash.cc:117,,698,
1787550218.769,2026-08-24 05:43:38.776,InnoDB,rwlock: hash0hash.cc:117,,1261,
1787550218.769,2026-08-24 05:43:38.776,InnoDB,rwlock: hash0hash.cc:117,,576,
1787550218.769,2026-08-24 05:43:38.776,InnoDB,rwlock: hash0hash.cc:117,,2923,
1787550218.769,2026-08-24 05:43:38.776,InnoDB,rwlock: hash0hash.cc:117,,449,
1787550218.769,2026-08-24 05:43:38.776,InnoDB,rwlock: hash0hash.cc:117,,461,
1787550218.769,2026-08-24 05:43:38.776,InnoDB,rwlock: hash0hash.cc:117,,503,
1787550218.769,2026-08-24 05:43:38.776,InnoDB,rwlock: hash0hash.cc:117,,433,
1787550218.769,2026-08-24 05:43:38.776,InnoDB,rwlock: hash0hash.cc:117,,483,
1787550218.769,2026-08-24 05:43:38.776,InnoDB,rwlock: hash0hash.cc:117,,556,
1787550218.769,2026-08-24 05:43:38.776,InnoDB,rwlock: hash0hash.cc:117,,1737,
1787550218.769,2026-08-24 05:43:38.776,InnoDB,rwlock: hash0hash.cc:117,,565,
1787550218.769,2026-08-24 05:43:38.776,InnoDB,rwlock: hash0hash.cc:117,,1141,
1787550218.769,2026-08-24 05:43:38.776,InnoDB,rwlock: hash0hash.cc:117,,658,
1787550218.769,2026-08-24 05:43:38.776,InnoDB,rwlock: hash0hash.cc:117,,705,
1787550218.769,2026-08-24 05:43:38.776,InnoDB,rwlock: hash0hash.cc:117,,619,
1787550218.769,2026-08-24 05:43:38.776,InnoDB,rwlock: hash0hash.cc:117,,748,
1787550218.769,2026-08-24 05:43:38.776,InnoDB,rwlock: hash0hash.cc:117,,625,
1787550218.769,2026-08-24 05:43:38.776,InnoDB,rwlock: hash0hash.cc:117,,994,
1787550218.769,2026-08-24 05:43:38.776,InnoDB,rwlock: hash0hash.cc:117,,1165,
1787550218.769,2026-08-24 05:43:38.776,InnoDB,rwlock: hash0hash.cc:117,,481,
1787550218.769,2026-08-24 05:43:38.776,InnoDB,rwlock: hash0hash.cc:117,,739,
1787550218.769,2026-08-24 05:43:38.776,InnoDB,rwlock: hash0hash.cc:117,,546,
1787550218.769,2026-08-24 05:43:38.776,InnoDB,rwlock: hash0hash.cc:117,,805,
1787550218.769,2026-08-24 05:43:38.776,InnoDB,rwlock: hash0hash.cc:117,,920,
1787550218.769,2026-08-24 05:43:38.776,InnoDB,rwlock: hash0hash.cc:117,,1603,
1787550218.769,2026-08-24 05:43:38.776,InnoDB,rwlock: hash0hash.cc:117,,619,
1787550218.769,2026-08-24 05:43:38.776,InnoDB,rwlock: hash0hash.cc:117,,2189,
1787550218.769,2026-08-24 05:43:38.776,InnoDB,rwlock: hash0hash.cc:117,,1763,
1787550218.769,2026-08-24 05:43:38.776,InnoDB,rwlock: hash0hash.cc:117,,1111,
1787550218.769,2026-08-24 05:43:38.776,InnoDB,rwlock: hash0hash.cc:117,,2634,
1787550218.769,2026-08-24 05:43:38.776,InnoDB,rwlock: hash0hash.cc:117,,922,
1787550218.769,2026-08-24 05:43:38.776,InnoDB,rwlock: hash0hash.cc:117,,1008,
1787550218.769,2026-08-24 05:43:38.776,InnoDB,rwlock: hash0hash.cc:117,,785,
1787550218.769,2026-08-24 05:43:38.776,InnoDB,rwlock: hash0hash.cc:117,,944,
1787550218.769,2026-08-24 05:43:38.776,InnoDB,rwlock: hash0hash.cc:117,,685,
1787550218.769,2026-08-24 05:43:38.776,InnoDB,rwlock: hash0hash.cc:117,,2393,
1787550218.769,2026-08-24 05:43:38.776,InnoDB,rwlock: hash0hash.cc:117,,868,
1787550218.769,2026-08-24 05:43:38.776,InnoDB,rwlock: hash0hash.cc:117,,1454,
1787550218.769,2026-08-24 05:43:38.776,InnoDB,rwlock: hash0hash.cc:117,,661,
1787550218.769,2026-08-24 05:43:38.776,InnoDB,rwlock: hash0hash.cc:117,,1055,
1787550218.769,2026-08-24 05:43:38.776,InnoDB,rwlock: hash0hash.cc:117,,2419,
1787550218.769,2026-08-24 05:43:38.776,InnoDB,rwlock: hash0hash.cc:117,,900,
1787550218.769,2026-08-24 05:43:38.776,InnoDB,rwlock: hash0hash.cc:117,,1047,
1787550218.769,2026-08-24 05:43:38.776,InnoDB,rwlock: hash0hash.cc:117,,897,
1787550218.769,2026-08-24 05:43:38.776,InnoDB,rwlock: hash0hash.cc:117,,720,
1787550218.769,2026-08-24 05:43:38.776,InnoDB,rwlock: hash0hash.cc:117,,524,
1787550218.769,2026-08-24 05:43:38.776,InnoDB,rwlock: hash0hash.cc:117,,782,
1787550218.769,2026-08-24 05:43:38.776,InnoDB,rwlock: hash0hash.cc:117,,588,
1787550218.769,2026-08-24 05:43:38.776,InnoDB,rwlock: hash0hash.cc:117,,584,
1787550218.769,2026-08-24 05:43:38.776,InnoDB,rwlock: hash0hash.cc:117,,680,
1787550218.769,2026-08-24 05:43:38.776,InnoDB,rwlock: hash0hash.cc:117,,866,
1787550218.769,2026-08-24 05:43:38.776,InnoDB,rwlock: hash0hash.cc:117,,517,
1787550218.769,2026-08-24 05:43:38.776,InnoDB,rwlock: hash0hash.cc:117,,1909,
1787550218.769,2026-08-24 05:43:38.776,InnoDB,rwlock: hash0hash.cc:117,,668,
1787550218.769,2026-08-24 05:43:38.776,InnoDB,rwlock: hash0hash.cc:117,,613,
1787550218.769,2026-08-24 05:43:38.776,InnoDB,rwlock: hash0hash.cc:117,,1774,
1787550218.769,2026-08-24 05:43:38.776,InnoDB,rwlock: hash0hash.cc:117,,675,
1787550218.769,2026-08-24 05:43:38.776,InnoDB,rwlock: hash0hash.cc:117,,423,
1787550218.769,2026-08-24 05:43:38.776,InnoDB,rwlock: hash0hash.cc:117,,540,
1787550218.769,2026-08-24 05:43:38.776,InnoDB,rwlock: hash0hash.cc:117,,651,
1787550218.769,2026-08-24 05:43:38.776,InnoDB,rwlock: hash0hash.cc:117,,575,
1787550218.769,2026-08-24 05:43:38.776,InnoDB,rwlock: hash0hash.cc:117,,1046,
1787550218.769,2026-08-24 05:43:38.776,InnoDB,rwlock: hash0hash.cc:117,,593,
1787550218.769,2026-08-24 05:43:38.776,InnoDB,rwlock: hash0hash.cc:117,,482,
1787550218.769,2026-08-24 05:43:38.776,InnoDB,rwlock: hash0hash.cc:117,,537,
1787550218.769,2026-08-24 05:43:38.776,InnoDB,rwlock: hash0hash.cc:117,,2433,
1787550218.769,2026-08-24 05:43:38.776,InnoDB,rwlock: hash0hash.cc:117,,744,
1787550218.769,2026-08-24 05:43:38.776,InnoDB,rwlock: hash0hash.cc:117,,745,
1787550218.769,2026-08-24 05:43:38.776,InnoDB,rwlock: hash0hash.cc:117,,1119,
1787550218.769,2026-08-24 05:43:38.776,InnoDB,rwlock: hash0hash.cc:117,,1003,
1787550218.769,2026-08-24 05:43:38.776,InnoDB,rwlock: hash0hash.cc:117,,688,
1787550218.769,2026-08-24 05:43:38.776,InnoDB,rwlock: hash0hash.cc:117,,645,
1787550218.769,2026-08-24 05:43:38.776,InnoDB,rwlock: hash0hash.cc:117,,545,
1787550218.769,2026-08-24 05:43:38.776,InnoDB,rwlock: hash0hash.cc:117,,727,
1787550218.769,2026-08-24 05:43:38.776,InnoDB,rwlock: hash0hash.cc:117,,1797,
1787550218.769,2026-08-24 05:43:38.776,InnoDB,rwlock: hash0hash.cc:117,,939,
1787550218.769,2026-08-24 05:43:38.776,InnoDB,rwlock: hash0hash.cc:117,,597,
1787550218.769,2026-08-24 05:43:38.776,InnoDB,rwlock: hash0hash.cc:117,,676,
1787550218.769,2026-08-24 05:43:38.776,InnoDB,rwlock: hash0hash.cc:117,,628,
1787550218.769,2026-08-24 05:43:38.776,InnoDB,rwlock: hash0hash.cc:117,,657,
1787550218.769,2026-08-24 05:43:38.776,InnoDB,rwlock: hash0hash.cc:117,,431,
1787550218.769,2026-08-24 05:43:38.776,InnoDB,rwlock: hash0hash.cc:117,,2121,
1787550218.769,2026-08-24 05:43:38.776,InnoDB,rwlock: hash0hash.cc:117,,733,
1787550218.769,2026-08-24 05:43:38.776,InnoDB,rwlock: hash0hash.cc:117,,1859,
1787550218.769,2026-08-24 05:43:38.776,InnoDB,rwlock: hash0hash.cc:117,,946,
1787550218.769,2026-08-24 05:43:38.776,InnoDB,rwlock: hash0hash.cc:117,,587,
1787550218.769,2026-08-24 05:43:38.776,InnoDB,rwlock: hash0hash.cc:117,,720,
1787550218.769,2026-08-24 05:43:38.776,InnoDB,rwlock: hash0hash.cc:117,,484,
1787550218.769,2026-08-24 05:43:38.776,InnoDB,rwlock: hash0hash.cc:117,,514,
1787550218.769,2026-08-24 05:43:38.776,InnoDB,rwlock: hash0hash.cc:117,,540,
1787550218.769,2026-08-24 05:43:38.776,InnoDB,rwlock: hash0hash.cc:117,,2128,
1787550218.769,2026-08-24 05:43:38.776,InnoDB,rwlock: hash0hash.cc:117,,979,
1787550218.769,2026-08-24 05:43:38.776,InnoDB,sum rwlock: buf0buf.cc:852,,253528,
1787550228.638,2026-08-24 05:43:48.640,InnoDB,TRX_SYS,21969940,287657,9296164
1787550228.638,2026-08-24 05:43:48.640,InnoDB,SRV_SYS,9290685,234077,1013576
1787550228.638,2026-08-24 05:43:48.640,InnoDB,LOG_WRITER,3236618,107805,1941
1787550228.638,2026-08-24 05:43:48.640,InnoDB,BUF_POOL_LRU_LIST,4095992,69953,1454480
1787550228.638,2026-08-24 05:43:48.640,InnoDB,BUF_POOL_LRU_LIST,3811124,62466,1451921
1787550228.638,2026-08-24 05:43:48.640,InnoDB,BUF_POOL_LRU_LIST,3644314,59630,1359133
1787550228.638,2026-08-24 05:43:48.640,InnoDB,BUF_POOL_LRU_LIST,3663516,58314,1396507
1787550228.638,2026-08-24 05:43:48.640,InnoDB,BUF_POOL_LRU_LIST,3659257,57988,1394827
1787550228.638,2026-08-24 05:43:48.640,InnoDB,BUF_POOL_LRU_LIST,3573969,57784,1365248
1787550228.638,2026-08-24 05:43:48.640,InnoDB,BUF_POOL_LRU_LIST,3644703,57327,1441882
1787550228.638,2026-08-24 05:43:48.640,InnoDB,BUF_POOL_LRU_LIST,3546959,56076,1404474
1787550228.638,2026-08-24 05:43:48.640,InnoDB,DICT_SYS,30788698,37015,20867620
1787550228.638,2026-08-24 05:43:48.640,InnoDB,FLUSH_LIST,1086713,30111,152686
1787550228.638,2026-08-24 05:43:48.640,InnoDB,FLUSH_LIST,981660,26705,148871
1787550228.638,2026-08-24 05:43:48.640,InnoDB,FLUSH_LIST,970968,26308,146542
1787550228.638,2026-08-24 05:43:48.640,InnoDB,FLUSH_LIST,967288,26262,147124
1787550228.638,2026-08-24 05:43:48.640,InnoDB,FLUSH_LIST,967418,26063,155826
1787550228.638,2026-08-24 05:43:48.640,InnoDB,FLUSH_LIST,964817,25968,154927
1787550228.638,2026-08-24 05:43:48.640,InnoDB,FLUSH_LIST,938989,25247,146013
1787550228.638,2026-08-24 05:43:48.640,InnoDB,FLUSH_LIST,757687,19223,145359
1787550228.638,2026-08-24 05:43:48.640,InnoDB,BUF_POOL_FLUSH_STATE,1246256,17340,418057
1787550228.638,2026-08-24 05:43:48.640,InnoDB,BUF_POOL_FLUSH_STATE,1237670,17270,406341
1787550228.638,2026-08-24 05:43:48.640,InnoDB,BUF_POOL_FLUSH_STATE,1202711,16822,391585
1787550228.638,2026-08-24 05:43:48.640,InnoDB,BUF_POOL_FLUSH_STATE,1217386,16687,417362
1787550228.638,2026-08-24 05:43:48.640,InnoDB,BUF_POOL_FLUSH_STATE,1192224,16641,389208
1787550228.638,2026-08-24 05:43:48.640,InnoDB,BUF_POOL_FLUSH_STATE,1179516,16249,388909
1787550228.638,2026-08-24 05:43:48.640,InnoDB,BUF_POOL_FLUSH_STATE,1146483,15979,383747
1787550228.638,2026-08-24 05:43:48.640,InnoDB,BUF_POOL_FLUSH_STATE,1181565,15790,401020
1787550228.638,2026-08-24 05:43:48.640,InnoDB,PURGE_SYS_PQ,1787280,12185,1163238
1787550228.638,2026-08-24 05:43:48.640,InnoDB,TRX_SYS_SERIALISATION,1279785,10837,792151
1787550228.638,2026-08-24 05:43:48.640,InnoDB,FIL_SHARD,214485,3891,58678
1787550228.638,2026-08-24 05:43:48.640,InnoDB,FIL_SHARD,204042,3584,58531
1787550228.638,2026-08-24 05:43:48.640,InnoDB,FIL_SHARD,209977,3560,63062
1787550228.638,2026-08-24 05:43:48.640,InnoDB,FIL_SHARD,198237,3548,56446
1787550228.638,2026-08-24 05:43:48.640,InnoDB,FIL_SHARD,217382,3527,62477
1787550228.638,2026-08-24 05:43:48.640,InnoDB,FIL_SHARD,189027,3329,54870
1787550228.638,2026-08-24 05:43:48.640,InnoDB,FIL_SHARD,187721,3284,55657
1787550228.638,2026-08-24 05:43:48.640,InnoDB,FIL_SHARD,185159,3258,53812
1787550228.638,2026-08-24 05:43:48.640,InnoDB,FIL_SHARD,184769,3250,53942
1787550228.638,2026-08-24 05:43:48.640,InnoDB,FIL_SHARD,185849,3247,53808
1787550228.638,2026-08-24 05:43:48.640,InnoDB,FIL_SHARD,176737,3136,51444
1787550228.638,2026-08-24 05:43:48.640,InnoDB,FIL_SHARD,177094,3127,53370
1787550228.638,2026-08-24 05:43:48.640,InnoDB,FIL_SHARD,173789,3101,50119
1787550228.638,2026-08-24 05:43:48.640,InnoDB,FIL_SHARD,166008,3008,49000
1787550228.638,2026-08-24 05:43:48.640,InnoDB,FIL_SHARD,168459,2982,51814
1787550228.638,2026-08-24 05:43:48.640,InnoDB,FIL_SHARD,171562,2962,51465
1787550228.638,2026-08-24 05:43:48.640,InnoDB,FIL_SHARD,155441,2721,46481
1787550228.638,2026-08-24 05:43:48.640,InnoDB,FIL_SHARD,157000,2702,50436
1787550228.638,2026-08-24 05:43:48.640,InnoDB,FIL_SHARD,157596,2694,51523
1787550228.638,2026-08-24 05:43:48.640,InnoDB,FIL_SHARD,147492,2601,46451
1787550228.638,2026-08-24 05:43:48.640,InnoDB,TRX,672045,2339,988010
1787550228.638,2026-08-24 05:43:48.640,InnoDB,LOG_FILES,47928,1392,1671
1787550228.638,2026-08-24 05:43:48.640,InnoDB,LOCK_SYS_TABLE,85301,1202,38794
1787550228.638,2026-08-24 05:43:48.640,InnoDB,LOCK_SYS_TABLE,82229,1184,38009
1787550228.638,2026-08-24 05:43:48.640,InnoDB,LOCK_SYS_TABLE,82189,1130,39844
1787550228.638,2026-08-24 05:43:48.640,InnoDB,LOCK_SYS_TABLE,82461,1109,38253
1787550228.638,2026-08-24 05:43:48.640,InnoDB,LOCK_SYS_TABLE,79769,1108,36893
1787550228.638,2026-08-24 05:43:48.640,InnoDB,LOCK_SYS_TABLE,81007,1091,38039
1787550228.638,2026-08-24 05:43:48.640,InnoDB,LOCK_SYS_TABLE,79158,1079,39149
1787550228.638,2026-08-24 05:43:48.640,InnoDB,LOG_FLUSHER,43453,1072,1843
1787550228.638,2026-08-24 05:43:48.640,InnoDB,LOCK_SYS_TABLE,82092,1071,40687
1787550228.638,2026-08-24 05:43:48.640,InnoDB,LOCK_SYS_TABLE,79545,1061,37981
1787550228.638,2026-08-24 05:43:48.640,InnoDB,LOCK_SYS_TABLE,78951,1057,38478
1787550228.638,2026-08-24 05:43:48.640,InnoDB,LOCK_SYS_TABLE,79488,1037,37620
1787550228.638,2026-08-24 05:43:48.640,InnoDB,LOCK_SYS_TABLE,80418,1029,38656
1787550228.638,2026-08-24 05:43:48.640,InnoDB,LOCK_SYS_TABLE,80031,1029,40839
1787550228.638,2026-08-24 05:43:48.640,InnoDB,LOCK_SYS_TABLE,78022,1022,37598
1787550228.638,2026-08-24 05:43:48.640,InnoDB,LOCK_SYS_TABLE,76783,1018,36602
1787550228.638,2026-08-24 05:43:48.640,InnoDB,LOCK_SYS_TABLE,75168,979,39101
1787550228.638,2026-08-24 05:43:48.640,InnoDB,LOCK_SYS_TABLE,75928,977,38311
1787550228.638,2026-08-24 05:43:48.640,InnoDB,LOCK_SYS_TABLE,74248,940,38251
1787550228.638,2026-08-24 05:43:48.640,InnoDB,LOCK_SYS_TABLE,75521,910,40149
1787550228.638,2026-08-24 05:43:48.640,InnoDB,LOCK_SYS_TABLE,73630,903,38735
1787550228.638,2026-08-24 05:43:48.640,InnoDB,BUF_BLOCK_MUTEX,27525,837,1442
1787550228.638,2026-08-24 05:43:48.640,InnoDB,PAGE_CLEANER,1642984,693,984214
1787550228.638,2026-08-24 05:43:48.640,InnoDB,SRV_SYS_TASKS,407048,612,402609
1787550228.638,2026-08-24 05:43:48.640,InnoDB,IBUF_BITMAP,35205,453,16595
1787550228.638,2026-08-24 05:43:48.640,InnoDB,DICT_PERSIST_DIRTY_TABLES,1159135,414,490530
1787550228.638,2026-08-24 05:43:48.640,InnoDB,FIL_SHARD,27998,284,25913
1787550228.638,2026-08-24 05:43:48.640,InnoDB,FIL_SHARD,25735,236,25164
1787550228.638,2026-08-24 05:43:48.640,InnoDB,BUF_POOL_FREE_LIST,32802,73,29362
1787550228.638,2026-08-24 05:43:48.640,InnoDB,DICT_TABLE_STATS_COMPUTE,1980,66,11
1787550228.638,2026-08-24 05:43:48.640,InnoDB,BUF_POOL_FREE_LIST,24104,55,24052
1787550228.638,2026-08-24 05:43:48.640,InnoDB,BUF_POOL_FREE_LIST,24552,54,24580
1787550228.638,2026-08-24 05:43:48.640,InnoDB,BUF_POOL_FREE_LIST,25638,52,24746
1787550228.638,2026-08-24 05:43:48.640,InnoDB,BUF_POOL_FREE_LIST,26383,51,24982
1787550228.638,2026-08-24 05:43:48.640,InnoDB,BUF_POOL_FREE_LIST,25316,51,25420
1787550228.638,2026-08-24 05:43:48.640,InnoDB,BUF_POOL_FREE_LIST,32453,48,29595
1787550228.638,2026-08-24 05:43:48.640,InnoDB,UNDO_SPACE_RSEG,4868,42,1893
1787550228.638,2026-08-24 05:43:48.640,InnoDB,UNDO_SPACE_RSEG,5106,42,1910
1787550228.638,2026-08-24 05:43:48.640,InnoDB,BUF_POOL_FREE_LIST,25675,40,25283
1787550228.638,2026-08-24 05:43:48.640,InnoDB,UNDO_SPACE_RSEG,5144,39,2012
1787550228.638,2026-08-24 05:43:48.640,InnoDB,UNDO_SPACE_RSEG,5074,39,1908
1787550228.638,2026-08-24 05:43:48.640,InnoDB,UNDO_SPACE_RSEG,5109,39,1933
1787550228.638,2026-08-24 05:43:48.640,InnoDB,UNDO_SPACE_RSEG,5240,39,1912
1787550228.638,2026-08-24 05:43:48.640,InnoDB,UNDO_SPACE_RSEG,4897,38,1908
1787550228.638,2026-08-24 05:43:48.640,InnoDB,UNDO_SPACE_RSEG,4817,38,1810
1787550228.638,2026-08-24 05:43:48.640,InnoDB,UNDO_SPACE_RSEG,4941,38,1878
1787550228.638,2026-08-24 05:43:48.640,InnoDB,UNDO_SPACE_RSEG,4892,38,1851
1787550228.638,2026-08-24 05:43:48.640,InnoDB,UNDO_SPACE_RSEG,4700,38,1860
1787550228.638,2026-08-24 05:43:48.640,InnoDB,UNDO_SPACE_RSEG,5038,37,1910
1787550228.638,2026-08-24 05:43:48.640,InnoDB,UNDO_SPACE_RSEG,5280,37,2061
1787550228.638,2026-08-24 05:43:48.640,InnoDB,UNDO_SPACE_RSEG,4888,37,1940
1787550228.638,2026-08-24 05:43:48.640,InnoDB,UNDO_SPACE_RSEG,4996,37,1900
1787550228.638,2026-08-24 05:43:48.640,InnoDB,UNDO_SPACE_RSEG,4958,36,1946
1787550228.638,2026-08-24 05:43:48.640,InnoDB,LOCK_SYS_PAGE,1744,36,580
1787550228.638,2026-08-24 05:43:48.640,InnoDB,UNDO_SPACE_RSEG,4958,36,1933
1787550228.638,2026-08-24 05:43:48.640,InnoDB,UNDO_SPACE_RSEG,4931,36,1978
1787550228.638,2026-08-24 05:43:48.640,InnoDB,UNDO_SPACE_RSEG,4864,36,1901
1787550228.638,2026-08-24 05:43:48.640,InnoDB,UNDO_SPACE_RSEG,5011,35,1966
1787550228.638,2026-08-24 05:43:48.640,InnoDB,UNDO_SPACE_RSEG,4923,35,1890
1787550228.638,2026-08-24 05:43:48.640,InnoDB,UNDO_SPACE_RSEG,4819,35,1926
1787550228.638,2026-08-24 05:43:48.640,InnoDB,UNDO_SPACE_RSEG,4849,35,1890
1787550228.638,2026-08-24 05:43:48.640,InnoDB,UNDO_SPACE_RSEG,4739,35,1847
1787550228.638,2026-08-24 05:43:48.640,InnoDB,UNDO_SPACE_RSEG,4954,35,2028
1787550228.638,2026-08-24 05:43:48.640,InnoDB,UNDO_SPACE_RSEG,4886,35,1947
1787550228.638,2026-08-24 05:43:48.640,InnoDB,UNDO_SPACE_RSEG,4792,35,1876
1787550228.638,2026-08-24 05:43:48.640,InnoDB,UNDO_SPACE_RSEG,5014,35,1937
1787550228.638,2026-08-24 05:43:48.640,InnoDB,UNDO_SPACE_RSEG,4901,35,1889
1787550228.638,2026-08-24 05:43:48.640,InnoDB,UNDO_SPACE_RSEG,4785,35,1880
1787550228.638,2026-08-24 05:43:48.640,InnoDB,UNDO_SPACE_RSEG,4744,35,1916
1787550228.638,2026-08-24 05:43:48.640,InnoDB,UNDO_SPACE_RSEG,4996,35,1913
1787550228.638,2026-08-24 05:43:48.640,InnoDB,UNDO_SPACE_RSEG,4780,34,1833
1787550228.638,2026-08-24 05:43:48.640,InnoDB,UNDO_SPACE_RSEG,4838,34,1883
1787550228.638,2026-08-24 05:43:48.640,InnoDB,UNDO_SPACE_RSEG,4900,34,1917
1787550228.638,2026-08-24 05:43:48.640,InnoDB,UNDO_SPACE_RSEG,4900,34,1870
1787550228.638,2026-08-24 05:43:48.640,InnoDB,UNDO_SPACE_RSEG,4789,34,1920
1787550228.638,2026-08-24 05:43:48.640,InnoDB,UNDO_SPACE_RSEG,4943,34,1967
1787550228.638,2026-08-24 05:43:48.640,InnoDB,UNDO_SPACE_RSEG,4634,34,1839
1787550228.638,2026-08-24 05:43:48.640,InnoDB,UNDO_SPACE_RSEG,4912,34,1936
1787550228.638,2026-08-24 05:43:48.640,InnoDB,UNDO_SPACE_RSEG,4865,34,1967
1787550228.638,2026-08-24 05:43:48.640,InnoDB,UNDO_SPACE_RSEG,4876,33,1925
1787550228.638,2026-08-24 05:43:48.640,InnoDB,UNDO_SPACE_RSEG,4878,33,1962
1787550228.638,2026-08-24 05:43:48.640,InnoDB,UNDO_SPACE_RSEG,5018,33,1995
1787550228.638,2026-08-24 05:43:48.640,InnoDB,UNDO_SPACE_RSEG,4762,33,1967
1787550228.638,2026-08-24 05:43:48.640,InnoDB,UNDO_SPACE_RSEG,4769,33,1925
1787550228.638,2026-08-24 05:43:48.640,InnoDB,LOCK_SYS_PAGE,1553,32,516
1787550228.638,2026-08-24 05:43:48.640,InnoDB,UNDO_SPACE_RSEG,4950,32,1936
1787550228.638,2026-08-24 05:43:48.640,InnoDB,UNDO_SPACE_RSEG,4818,32,1854
1787550228.638,2026-08-24 05:43:48.640,InnoDB,UNDO_SPACE_RSEG,5054,32,2057
1787550228.638,2026-08-24 05:43:48.640,InnoDB,LOCK_SYS_PAGE,1522,32,488
1787550228.638,2026-08-24 05:43:48.640,InnoDB,UNDO_SPACE_RSEG,4738,32,1922
1787550228.638,2026-08-24 05:43:48.640,InnoDB,UNDO_SPACE_RSEG,4658,32,1852
1787550228.638,2026-08-24 05:43:48.640,InnoDB,UNDO_SPACE_RSEG,4809,32,1979
1787550228.638,2026-08-24 05:43:48.640,InnoDB,UNDO_SPACE_RSEG,4846,32,2006
1787550228.638,2026-08-24 05:43:48.640,InnoDB,UNDO_SPACE_RSEG,4965,32,1947
1787550228.638,2026-08-24 05:43:48.640,InnoDB,UNDO_SPACE_RSEG,4838,32,1945
1787550228.638,2026-08-24 05:43:48.640,InnoDB,UNDO_SPACE_RSEG,4864,32,1976
1787550228.638,2026-08-24 05:43:48.640,InnoDB,UNDO_SPACE_RSEG,4734,31,1993
1787550228.638,2026-08-24 05:43:48.640,InnoDB,UNDO_SPACE_RSEG,4726,31,1963
1787550228.638,2026-08-24 05:43:48.640,InnoDB,UNDO_SPACE_RSEG,4834,31,1916
1787550228.638,2026-08-24 05:43:48.640,InnoDB,UNDO_SPACE_RSEG,4839,31,2004
1787550228.638,2026-08-24 05:43:48.640,InnoDB,UNDO_SPACE_RSEG,4509,31,1838
1787550228.638,2026-08-24 05:43:48.640,InnoDB,UNDO_SPACE_RSEG,4682,31,1904
1787550228.638,2026-08-24 05:43:48.640,InnoDB,LOCK_SYS_PAGE,1660,31,566
1787550228.638,2026-08-24 05:43:48.640,InnoDB,UNDO_SPACE_RSEG,4915,31,1972
1787550228.638,2026-08-24 05:43:48.640,InnoDB,UNDO_SPACE_RSEG,4666,31,1871
1787550228.638,2026-08-24 05:43:48.640,InnoDB,UNDO_SPACE_RSEG,4697,31,1925
1787550228.638,2026-08-24 05:43:48.640,InnoDB,LOCK_SYS_PAGE,1721,31,606
1787550228.638,2026-08-24 05:43:48.640,InnoDB,UNDO_SPACE_RSEG,4772,31,1946
1787550228.638,2026-08-24 05:43:48.640,InnoDB,UNDO_SPACE_RSEG,4811,31,1938
1787550228.638,2026-08-24 05:43:48.640,InnoDB,UNDO_SPACE_RSEG,4844,31,1926
1787550228.638,2026-08-24 05:43:48.640,InnoDB,UNDO_SPACE_RSEG,4902,31,1891
1787550228.638,2026-08-24 05:43:48.640,InnoDB,UNDO_SPACE_RSEG,4772,31,1937
1787550228.638,2026-08-24 05:43:48.640,InnoDB,UNDO_SPACE_RSEG,4684,31,1908
1787550228.638,2026-08-24 05:43:48.640,InnoDB,UNDO_SPACE_RSEG,4643,30,1879
1787550228.638,2026-08-24 05:43:48.640,InnoDB,UNDO_SPACE_RSEG,4803,30,1902
1787550228.638,2026-08-24 05:43:48.640,InnoDB,LOCK_SYS_PAGE,1518,30,575
1787550228.638,2026-08-24 05:43:48.640,InnoDB,UNDO_SPACE_RSEG,4709,30,1918
1787550228.638,2026-08-24 05:43:48.640,InnoDB,UNDO_SPACE_RSEG,4816,30,1940
1787550228.638,2026-08-24 05:43:48.640,InnoDB,UNDO_SPACE_RSEG,4726,30,1942
1787550228.638,2026-08-24 05:43:48.640,InnoDB,UNDO_SPACE_RSEG,4752,30,1889
1787550228.638,2026-08-24 05:43:48.640,InnoDB,LOCK_SYS_PAGE,1655,30,514
1787550228.638,2026-08-24 05:43:48.640,InnoDB,LOCK_SYS_PAGE,1559,30,593
1787550228.638,2026-08-24 05:43:48.640,InnoDB,UNDO_SPACE_RSEG,4510,30,1851
1787550228.638,2026-08-24 05:43:48.640,InnoDB,LOCK_SYS_PAGE,1629,30,559
1787550228.638,2026-08-24 05:43:48.640,InnoDB,UNDO_SPACE_RSEG,4555,30,1882
1787550228.638,2026-08-24 05:43:48.640,InnoDB,UNDO_SPACE_RSEG,4759,30,2006
1787550228.638,2026-08-24 05:43:48.640,InnoDB,UNDO_SPACE_RSEG,4720,30,1896
1787550228.638,2026-08-24 05:43:48.640,InnoDB,UNDO_SPACE_RSEG,4737,30,1885
1787550228.638,2026-08-24 05:43:48.640,InnoDB,UNDO_SPACE_RSEG,4574,29,1866
1787550228.638,2026-08-24 05:43:48.640,InnoDB,UNDO_SPACE_RSEG,4563,29,1914
1787550228.638,2026-08-24 05:43:48.640,InnoDB,UNDO_SPACE_RSEG,4678,29,1911
1787550228.638,2026-08-24 05:43:48.640,InnoDB,LOCK_SYS_PAGE,1568,29,536
1787550228.638,2026-08-24 05:43:48.640,InnoDB,UNDO_SPACE_RSEG,4682,29,1912
1787550228.638,2026-08-24 05:43:48.640,InnoDB,UNDO_SPACE_RSEG,4594,29,1888
1787550228.638,2026-08-24 05:43:48.640,InnoDB,UNDO_SPACE_RSEG,4706,29,1900
1787550228.638,2026-08-24 05:43:48.640,InnoDB,UNDO_SPACE_RSEG,4641,29,1883
1787550228.638,2026-08-24 05:43:48.640,InnoDB,UNDO_SPACE_RSEG,4688,29,1972
1787550228.638,2026-08-24 05:43:48.640,InnoDB,UNDO_SPACE_RSEG,4829,29,1943
1787550228.638,2026-08-24 05:43:48.640,InnoDB,UNDO_SPACE_RSEG,4678,29,1917
1787550228.638,2026-08-24 05:43:48.640,InnoDB,UNDO_SPACE_RSEG,4784,29,1999
1787550228.638,2026-08-24 05:43:48.640,InnoDB,LOCK_SYS_PAGE,1606,29,574
1787550228.638,2026-08-24 05:43:48.640,InnoDB,LOCK_SYS_PAGE,1492,29,498
1787550228.638,2026-08-24 05:43:48.640,InnoDB,LOCK_SYS_PAGE,1508,28,565
1787550228.638,2026-08-24 05:43:48.640,InnoDB,LOCK_SYS_PAGE,1466,28,497
1787550228.638,2026-08-24 05:43:48.640,InnoDB,LOCK_SYS_PAGE,1439,28,490
1787550228.638,2026-08-24 05:43:48.640,InnoDB,LOCK_SYS_PAGE,1444,28,516
1787550228.638,2026-08-24 05:43:48.640,InnoDB,UNDO_SPACE_RSEG,4647,28,1897
1787550228.638,2026-08-24 05:43:48.640,InnoDB,LOCK_SYS_PAGE,1556,28,569
1787550228.638,2026-08-24 05:43:48.640,InnoDB,LOCK_SYS_PAGE,1515,28,575
1787550228.638,2026-08-24 05:43:48.640,InnoDB,LOCK_SYS_PAGE,1509,28,570
1787550228.638,2026-08-24 05:43:48.640,InnoDB,DICT_TABLE_STATS_COMPUTE,840,28,7
1787550228.638,2026-08-24 05:43:48.640,InnoDB,UNDO_SPACE_RSEG,4379,28,1826
1787550228.638,2026-08-24 05:43:48.640,InnoDB,UNDO_SPACE_RSEG,4891,28,1964
1787550228.638,2026-08-24 05:43:48.640,InnoDB,UNDO_SPACE_RSEG,4644,28,1941
1787550228.638,2026-08-24 05:43:48.640,InnoDB,UNDO_SPACE_RSEG,4744,28,1952
1787550228.638,2026-08-24 05:43:48.640,InnoDB,UNDO_SPACE_RSEG,4559,28,1931
1787550228.638,2026-08-24 05:43:48.640,InnoDB,UNDO_SPACE_RSEG,4648,28,1909
1787550228.638,2026-08-24 05:43:48.640,InnoDB,UNDO_SPACE_RSEG,4608,28,1877
1787550228.638,2026-08-24 05:43:48.640,InnoDB,UNDO_SPACE_RSEG,4469,28,1882
1787550228.638,2026-08-24 05:43:48.640,InnoDB,UNDO_SPACE_RSEG,4577,28,1928
1787550228.638,2026-08-24 05:43:48.640,InnoDB,UNDO_SPACE_RSEG,4827,28,1987
1787550228.638,2026-08-24 05:43:48.640,InnoDB,UNDO_SPACE_RSEG,4603,28,1929
1787550228.638,2026-08-24 05:43:48.640,InnoDB,UNDO_SPACE_RSEG,4597,28,1858
1787550228.638,2026-08-24 05:43:48.640,InnoDB,UNDO_SPACE_RSEG,4837,28,1922
1787550228.638,2026-08-24 05:43:48.640,InnoDB,UNDO_SPACE_RSEG,4648,28,1928
1787550228.638,2026-08-24 05:43:48.640,InnoDB,UNDO_SPACE_RSEG,4669,28,1894
1787550228.638,2026-08-24 05:43:48.640,InnoDB,UNDO_SPACE_RSEG,4628,28,1889
1787550228.638,2026-08-24 05:43:48.640,InnoDB,UNDO_SPACE_RSEG,4834,28,1987
1787550228.638,2026-08-24 05:43:48.640,InnoDB,UNDO_SPACE_RSEG,4659,28,1947
1787550228.638,2026-08-24 05:43:48.640,InnoDB,UNDO_SPACE_RSEG,4795,28,1973
1787550228.638,2026-08-24 05:43:48.640,InnoDB,UNDO_SPACE_RSEG,4600,28,1939
1787550228.638,2026-08-24 05:43:48.640,InnoDB,LOCK_SYS_PAGE,1520,28,584
1787550228.638,2026-08-24 05:43:48.640,InnoDB,UNDO_SPACE_RSEG,4769,27,1957
1787550228.638,2026-08-24 05:43:48.640,InnoDB,UNDO_SPACE_RSEG,4752,27,1928
1787550228.638,2026-08-24 05:43:48.640,InnoDB,LOCK_SYS_PAGE,1543,27,542
1787550228.638,2026-08-24 05:43:48.640,InnoDB,UNDO_SPACE_RSEG,4461,27,1823
1787550228.638,2026-08-24 05:43:48.640,InnoDB,UNDO_SPACE_RSEG,4539,27,1963
1787550228.638,2026-08-24 05:43:48.640,InnoDB,UNDO_SPACE_RSEG,4646,27,1935
1787550228.638,2026-08-24 05:43:48.640,InnoDB,LOCK_SYS_PAGE,1441,27,527
1787550228.638,2026-08-24 05:43:48.640,InnoDB,LOCK_SYS_PAGE,1522,27,520
1787550228.638,2026-08-24 05:43:48.640,InnoDB,UNDO_SPACE_RSEG,4383,27,1851
1787550228.638,2026-08-24 05:43:48.640,InnoDB,UNDO_SPACE_RSEG,4573,27,1937
1787550228.638,2026-08-24 05:43:48.640,InnoDB,UNDO_SPACE_RSEG,4756,27,1911
1787550228.638,2026-08-24 05:43:48.640,InnoDB,UNDO_SPACE_RSEG,4805,27,2009
1787550228.638,2026-08-24 05:43:48.640,InnoDB,UNDO_SPACE_RSEG,4356,27,1807
1787550228.638,2026-08-24 05:43:48.640,InnoDB,UNDO_SPACE_RSEG,4462,27,1867
1787550228.638,2026-08-24 05:43:48.640,InnoDB,UNDO_SPACE_RSEG,4627,27,1926
1787550228.638,2026-08-24 05:43:48.640,InnoDB,UNDO_SPACE_RSEG,4295,27,1812
1787550228.638,2026-08-24 05:43:48.640,InnoDB,UNDO_SPACE_RSEG,4737,27,1938
1787550228.638,2026-08-24 05:43:48.640,InnoDB,LOCK_SYS_PAGE,1436,27,548
1787550228.638,2026-08-24 05:43:48.640,InnoDB,UNDO_SPACE_RSEG,4513,27,1872
1787550228.638,2026-08-24 05:43:48.640,InnoDB,UNDO_SPACE_RSEG,4519,27,1911
1787550228.638,2026-08-24 05:43:48.640,InnoDB,UNDO_SPACE_RSEG,4699,27,1906
1787550228.638,2026-08-24 05:43:48.640,InnoDB,LOCK_SYS_PAGE,1527,27,570
1787550228.638,2026-08-24 05:43:48.640,InnoDB,UNDO_SPACE_RSEG,4782,27,1954
1787550228.638,2026-08-24 05:43:48.640,InnoDB,UNDO_SPACE_RSEG,4624,27,1835
1787550228.638,2026-08-24 05:43:48.640,InnoDB,UNDO_SPACE_RSEG,4733,27,1897
1787550228.638,2026-08-24 05:43:48.640,InnoDB,LOCK_SYS_PAGE,1540,27,570
1787550228.638,2026-08-24 05:43:48.640,InnoDB,UNDO_SPACE_RSEG,4578,27,1941
1787550228.638,2026-08-24 05:43:48.640,InnoDB,UNDO_SPACE_RSEG,4425,27,1764
1787550228.638,2026-08-24 05:43:48.640,InnoDB,UNDO_SPACE_RSEG,4510,26,1832
1787550228.638,2026-08-24 05:43:48.640,InnoDB,LOCK_SYS_PAGE,1506,26,539
1787550228.638,2026-08-24 05:43:48.640,InnoDB,LOCK_SYS_PAGE,1431,26,475
1787550228.638,2026-08-24 05:43:48.640,InnoDB,UNDO_SPACE_RSEG,4392,26,1864
1787550228.638,2026-08-24 05:43:48.640,InnoDB,UNDO_SPACE_RSEG,4419,26,1852
1787550228.638,2026-08-24 05:43:48.640,InnoDB,LOCK_SYS_PAGE,1485,26,486
1787550228.638,2026-08-24 05:43:48.640,InnoDB,UNDO_SPACE_RSEG,4769,26,1974
1787550228.638,2026-08-24 05:43:48.640,InnoDB,UNDO_SPACE_RSEG,4633,26,1934
1787550228.638,2026-08-24 05:43:48.640,InnoDB,LOCK_SYS_PAGE,1418,26,541
1787550228.638,2026-08-24 05:43:48.640,InnoDB,UNDO_SPACE_RSEG,4561,26,1926
1787550228.638,2026-08-24 05:43:48.640,InnoDB,UNDO_SPACE_RSEG,5008,26,2060
1787550228.638,2026-08-24 05:43:48.640,InnoDB,LOCK_SYS_PAGE,1443,26,516
1787550228.638,2026-08-24 05:43:48.640,InnoDB,LOCK_SYS_PAGE,1402,26,519
1787550228.638,2026-08-24 05:43:48.640,InnoDB,UNDO_SPACE_RSEG,4589,26,1904
1787550228.638,2026-08-24 05:43:48.640,InnoDB,LOCK_SYS_PAGE,1462,26,532
1787550228.638,2026-08-24 05:43:48.640,InnoDB,UNDO_SPACE_RSEG,4612,26,1938
1787550228.638,2026-08-24 05:43:48.640,InnoDB,UNDO_SPACE_RSEG,4467,26,1836
1787550228.638,2026-08-24 05:43:48.640,InnoDB,LOCK_SYS_PAGE,1519,26,582
1787550228.638,2026-08-24 05:43:48.640,InnoDB,UNDO_SPACE_RSEG,4674,26,1881
1787550228.638,2026-08-24 05:43:48.640,InnoDB,LOCK_SYS_PAGE,1567,26,579
1787550228.638,2026-08-24 05:43:48.640,InnoDB,UNDO_SPACE_RSEG,4623,26,1936
1787550228.638,2026-08-24 05:43:48.640,InnoDB,UNDO_SPACE_RSEG,4637,26,1937
1787550228.638,2026-08-24 05:43:48.640,InnoDB,LOCK_SYS_PAGE,1489,26,509
1787550228.638,2026-08-24 05:43:48.640,InnoDB,UNDO_SPACE_RSEG,4547,26,1939
1787550228.638,2026-08-24 05:43:48.640,InnoDB,UNDO_SPACE_RSEG,4428,26,1823
1787550228.638,2026-08-24 05:43:48.640,InnoDB,UNDO_SPACE_RSEG,4538,26,1877
1787550228.638,2026-08-24 05:43:48.640,InnoDB,UNDO_SPACE_RSEG,4746,26,1929
1787550228.638,2026-08-24 05:43:48.640,InnoDB,LOCK_SYS_PAGE,1363,26,501
1787550228.638,2026-08-24 05:43:48.640,InnoDB,LOCK_SYS_PAGE,1395,26,520
1787550228.638,2026-08-24 05:43:48.640,InnoDB,UNDO_SPACE_RSEG,4642,26,1895
1787550228.638,2026-08-24 05:43:48.640,InnoDB,UNDO_SPACE_RSEG,4582,26,1950
1787550228.638,2026-08-24 05:43:48.640,InnoDB,LOCK_SYS_PAGE,1491,25,585
1787550228.638,2026-08-24 05:43:48.640,InnoDB,UNDO_SPACE_RSEG,4447,25,1940
1787550228.638,2026-08-24 05:43:48.640,InnoDB,UNDO_SPACE_RSEG,4679,25,1899
1787550228.638,2026-08-24 05:43:48.640,InnoDB,UNDO_SPACE_RSEG,4556,25,1936
1787550228.638,2026-08-24 05:43:48.640,InnoDB,UNDO_SPACE_RSEG,4484,25,1901
1787550228.638,2026-08-24 05:43:48.640,InnoDB,LOCK_SYS_PAGE,1479,25,534
1787550228.638,2026-08-24 05:43:48.640,InnoDB,UNDO_SPACE_RSEG,4407,25,1862
1787550228.638,2026-08-24 05:43:48.640,InnoDB,UNDO_SPACE_RSEG,4700,25,1946
1787550228.638,2026-08-24 05:43:48.640,InnoDB,UNDO_SPACE_RSEG,4340,25,1814
1787550228.638,2026-08-24 05:43:48.640,InnoDB,LOCK_SYS_PAGE,1513,25,572
1787550228.638,2026-08-24 05:43:48.640,InnoDB,LOCK_SYS_PAGE,1374,25,515
1787550228.638,2026-08-24 05:43:48.640,InnoDB,UNDO_SPACE_RSEG,4404,25,1862
1787550228.638,2026-08-24 05:43:48.640,InnoDB,UNDO_SPACE_RSEG,4719,25,1900
1787550228.638,2026-08-24 05:43:48.640,InnoDB,UNDO_SPACE_RSEG,4672,25,1936
1787550228.638,2026-08-24 05:43:48.640,InnoDB,LOCK_SYS_PAGE,1401,25,525
1787550228.638,2026-08-24 05:43:48.640,InnoDB,UNDO_SPACE_RSEG,4677,25,2006
1787550228.638,2026-08-24 05:43:48.640,InnoDB,LOCK_SYS_PAGE,1415,25,465
1787550228.638,2026-08-24 05:43:48.640,InnoDB,UNDO_SPACE_RSEG,4760,25,1956
1787550228.638,2026-08-24 05:43:48.640,InnoDB,LOCK_SYS_PAGE,1415,25,579
1787550228.638,2026-08-24 05:43:48.640,InnoDB,UNDO_SPACE_RSEG,4563,25,1904
1787550228.638,2026-08-24 05:43:48.640,InnoDB,UNDO_SPACE_RSEG,4722,25,1980
1787550228.638,2026-08-24 05:43:48.640,InnoDB,LOCK_SYS_PAGE,1374,25,521
1787550228.638,2026-08-24 05:43:48.640,InnoDB,LOCK_SYS_PAGE,1445,25,505
1787550228.638,2026-08-24 05:43:48.640,InnoDB,LOCK_SYS_PAGE,1430,25,551
1787550228.638,2026-08-24 05:43:48.640,InnoDB,UNDO_SPACE_RSEG,4358,25,1880
1787550228.638,2026-08-24 05:43:48.640,InnoDB,UNDO_SPACE_RSEG,4428,25,1878
1787550228.638,2026-08-24 05:43:48.640,InnoDB,LOCK_SYS_PAGE,1502,25,520
1787550228.638,2026-08-24 05:43:48.640,InnoDB,LOCK_SYS_PAGE,1437,25,546
1787550228.638,2026-08-24 05:43:48.640,InnoDB,UNDO_SPACE_RSEG,4483,25,1841
1787550228.638,2026-08-24 05:43:48.640,InnoDB,UNDO_SPACE_RSEG,4454,25,1880
1787550228.638,2026-08-24 05:43:48.640,InnoDB,LOCK_SYS_PAGE,1459,25,563
1787550228.638,2026-08-24 05:43:48.640,InnoDB,UNDO_SPACE_RSEG,4563,25,1941
1787550228.638,2026-08-24 05:43:48.640,InnoDB,UNDO_SPACE_RSEG,4456,25,1849
1787550228.638,2026-08-24 05:43:48.640,InnoDB,UNDO_SPACE_RSEG,4616,24,1928
1787550228.638,2026-08-24 05:43:48.640,InnoDB,LOCK_SYS_PAGE,1438,24,535
1787550228.638,2026-08-24 05:43:48.640,InnoDB,LOCK_SYS_PAGE,1460,24,565
1787550228.638,2026-08-24 05:43:48.640,InnoDB,UNDO_SPACE_RSEG,4540,24,1921
1787550228.638,2026-08-24 05:43:48.640,InnoDB,LOCK_SYS_PAGE,1401,24,538
1787550228.638,2026-08-24 05:43:48.640,InnoDB,LOCK_SYS_PAGE,1462,24,560
1787550228.638,2026-08-24 05:43:48.640,InnoDB,UNDO_SPACE_RSEG,4530,24,1937
1787550228.638,2026-08-24 05:43:48.640,InnoDB,LOCK_SYS_PAGE,1450,24,575
1787550228.638,2026-08-24 05:43:48.640,InnoDB,LOCK_SYS_PAGE,1406,24,533
1787550228.638,2026-08-24 05:43:48.640,InnoDB,UNDO_SPACE_RSEG,4421,24,1808
1787550228.638,2026-08-24 05:43:48.640,InnoDB,LOCK_SYS_PAGE,1368,24,577
1787550228.638,2026-08-24 05:43:48.640,InnoDB,LOCK_SYS_PAGE,1493,24,589
1787550228.638,2026-08-24 05:43:48.640,InnoDB,LOCK_SYS_PAGE,1328,24,530
1787550228.638,2026-08-24 05:43:48.640,InnoDB,LOCK_SYS_PAGE,1275,24,495
1787550228.638,2026-08-24 05:43:48.640,InnoDB,UNDO_SPACE_RSEG,4517,24,1874
1787550228.638,2026-08-24 05:43:48.640,InnoDB,UNDO_SPACE_RSEG,4384,24,1846
1787550228.638,2026-08-24 05:43:48.640,InnoDB,LOCK_SYS_PAGE,1336,24,480
1787550228.638,2026-08-24 05:43:48.640,InnoDB,UNDO_SPACE_RSEG,4401,24,1880
1787550228.638,2026-08-24 05:43:48.640,InnoDB,UNDO_SPACE_RSEG,4584,24,1914
1787550228.638,2026-08-24 05:43:48.640,InnoDB,UNDO_SPACE_RSEG,4384,24,1824
1787550228.638,2026-08-24 05:43:48.640,InnoDB,LOCK_SYS_PAGE,1606,24,596
1787550228.638,2026-08-24 05:43:48.640,InnoDB,LOCK_SYS_PAGE,1428,24,588
1787550228.638,2026-08-24 05:43:48.640,InnoDB,UNDO_SPACE_RSEG,4687,24,1954
1787550228.638,2026-08-24 05:43:48.640,InnoDB,LOCK_SYS_PAGE,1367,24,503
1787550228.638,2026-08-24 05:43:48.640,InnoDB,LOCK_SYS_PAGE,1343,24,515
1787550228.638,2026-08-24 05:43:48.640,InnoDB,UNDO_SPACE_RSEG,4451,24,1869
1787550228.638,2026-08-24 05:43:48.640,InnoDB,UNDO_SPACE_RSEG,4726,24,1985
1787550228.638,2026-08-24 05:43:48.640,InnoDB,UNDO_SPACE_RSEG,4473,24,1915
1787550228.638,2026-08-24 05:43:48.640,InnoDB,UNDO_SPACE_RSEG,4617,24,1980
1787550228.638,2026-08-24 05:43:48.640,InnoDB,UNDO_SPACE_RSEG,4564,24,1962
1787550228.638,2026-08-24 05:43:48.640,InnoDB,LOCK_SYS_PAGE,1308,24,514
1787550228.638,2026-08-24 05:43:48.640,InnoDB,UNDO_SPACE_RSEG,4464,24,1925
1787550228.638,2026-08-24 05:43:48.640,InnoDB,LOCK_SYS_PAGE,1474,24,622
1787550228.638,2026-08-24 05:43:48.640,InnoDB,LOCK_SYS_PAGE,1402,24,481
1787550228.638,2026-08-24 05:43:48.640,InnoDB,LOCK_SYS_PAGE,1366,23,549
1787550228.638,2026-08-24 05:43:48.640,InnoDB,UNDO_SPACE_RSEG,4685,23,1940
1787550228.638,2026-08-24 05:43:48.640,InnoDB,LOCK_SYS_PAGE,1410,23,581
1787550228.638,2026-08-24 05:43:48.640,InnoDB,LOCK_SYS_PAGE,1364,23,554
1787550228.638,2026-08-24 05:43:48.640,InnoDB,LOCK_SYS_PAGE,1343,23,475
1787550228.638,2026-08-24 05:43:48.640,InnoDB,LOCK_SYS_PAGE,1354,23,550
1787550228.638,2026-08-24 05:43:48.640,InnoDB,UNDO_SPACE_RSEG,4531,23,1907
1787550228.638,2026-08-24 05:43:48.640,InnoDB,LOCK_SYS_PAGE,1291,23,536
1787550228.638,2026-08-24 05:43:48.640,InnoDB,UNDO_SPACE_RSEG,4373,23,1856
1787550228.638,2026-08-24 05:43:48.640,InnoDB,LOCK_SYS_PAGE,1356,23,534
1787550228.638,2026-08-24 05:43:48.640,InnoDB,UNDO_SPACE_RSEG,4566,23,1906
1787550228.638,2026-08-24 05:43:48.640,InnoDB,UNDO_SPACE_RSEG,4551,23,1890
1787550228.638,2026-08-24 05:43:48.640,InnoDB,UNDO_SPACE_RSEG,4516,23,1927
1787550228.638,2026-08-24 05:43:48.640,InnoDB,UNDO_SPACE_RSEG,4403,23,1882
1787550228.638,2026-08-24 05:43:48.640,InnoDB,UNDO_SPACE_RSEG,4591,23,1917
1787550228.638,2026-08-24 05:43:48.640,InnoDB,UNDO_SPACE_RSEG,4490,23,1844
1787550228.638,2026-08-24 05:43:48.640,InnoDB,LOCK_SYS_PAGE,1291,23,511
1787550228.638,2026-08-24 05:43:48.640,InnoDB,LOCK_SYS_PAGE,1277,23,506
1787550228.638,2026-08-24 05:43:48.640,InnoDB,LOCK_SYS_PAGE,1275,23,452
1787550228.638,2026-08-24 05:43:48.640,InnoDB,LOCK_SYS_PAGE,1352,23,543
1787550228.638,2026-08-24 05:43:48.640,InnoDB,UNDO_SPACE_RSEG,4484,23,1860
1787550228.638,2026-08-24 05:43:48.640,InnoDB,LOCK_SYS_PAGE,1428,23,603
1787550228.638,2026-08-24 05:43:48.640,InnoDB,UNDO_SPACE_RSEG,4455,23,1865
1787550228.638,2026-08-24 05:43:48.640,InnoDB,LOCK_SYS_PAGE,1384,23,581
1787550228.638,2026-08-24 05:43:48.640,InnoDB,LOCK_SYS_PAGE,1352,23,511
1787550228.638,2026-08-24 05:43:48.640,InnoDB,LOCK_SYS_PAGE,1470,23,563
1787550228.638,2026-08-24 05:43:48.640,InnoDB,LOCK_SYS_PAGE,1309,23,543
1787550228.638,2026-08-24 05:43:48.640,InnoDB,LOCK_SYS_PAGE,1424,23,565
1787550228.638,2026-08-24 05:43:48.640,InnoDB,LOCK_SYS_PAGE,1376,23,570
1787550228.638,2026-08-24 05:43:48.640,InnoDB,LOCK_SYS_PAGE,1287,23,519
1787550228.638,2026-08-24 05:43:48.640,InnoDB,UNDO_SPACE_RSEG,4574,23,1938
1787550228.638,2026-08-24 05:43:48.640,InnoDB,UNDO_SPACE_RSEG,4616,23,1916
1787550228.638,2026-08-24 05:43:48.640,InnoDB,LOCK_SYS_PAGE,1354,23,494
1787550228.638,2026-08-24 05:43:48.640,InnoDB,UNDO_SPACE_RSEG,4556,23,1915
1787550228.638,2026-08-24 05:43:48.640,InnoDB,UNDO_SPACE_RSEG,4240,23,1846
1787550228.638,2026-08-24 05:43:48.640,InnoDB,UNDO_SPACE_RSEG,4371,23,1871
1787550228.638,2026-08-24 05:43:48.640,InnoDB,UNDO_SPACE_RSEG,4377,23,1870
1787550228.638,2026-08-24 05:43:48.640,InnoDB,UNDO_SPACE_RSEG,4795,23,2014
1787550228.638,2026-08-24 05:43:48.640,InnoDB,LOCK_SYS_PAGE,1368,23,549
1787550228.638,2026-08-24 05:43:48.640,InnoDB,LOCK_SYS_PAGE,1426,23,537
1787550228.638,2026-08-24 05:43:48.640,InnoDB,UNDO_SPACE_RSEG,4498,22,1918
1787550228.638,2026-08-24 05:43:48.640,InnoDB,LOCK_SYS_PAGE,1347,22,590
1787550228.638,2026-08-24 05:43:48.640,InnoDB,UNDO_SPACE_RSEG,4451,22,1909
1787550228.638,2026-08-24 05:43:48.640,InnoDB,LOCK_SYS_PAGE,1314,22,543
1787550228.638,2026-08-24 05:43:48.640,InnoDB,LOCK_SYS_PAGE,1293,22,521
1787550228.638,2026-08-24 05:43:48.640,InnoDB,LOCK_SYS_PAGE,1433,22,541
1787550228.638,2026-08-24 05:43:48.640,InnoDB,LOCK_SYS_PAGE,1400,22,581
1787550228.638,2026-08-24 05:43:48.640,InnoDB,LOCK_SYS_PAGE,1290,22,521
1787550228.638,2026-08-24 05:43:48.640,InnoDB,UNDO_SPACE_RSEG,4708,22,1935
1787550228.638,2026-08-24 05:43:48.640,InnoDB,LOCK_SYS_PAGE,1248,22,502
1787550228.638,2026-08-24 05:43:48.640,InnoDB,LOCK_SYS_PAGE,1266,22,505
1787550228.638,2026-08-24 05:43:48.640,InnoDB,LOCK_SYS_PAGE,1302,22,563
1787550228.638,2026-08-24 05:43:48.640,InnoDB,LOCK_SYS_PAGE,1352,22,529
1787550228.638,2026-08-24 05:43:48.640,InnoDB,LOCK_SYS_PAGE,1373,22,556
1787550228.638,2026-08-24 05:43:48.640,InnoDB,LOCK_SYS_PAGE,1415,22,566
1787550228.638,2026-08-24 05:43:48.640,InnoDB,LOCK_SYS_PAGE,1289,22,496
1787550228.638,2026-08-24 05:43:48.640,InnoDB,LOCK_SYS_PAGE,1214,22,488
1787550228.638,2026-08-24 05:43:48.640,InnoDB,UNDO_SPACE_RSEG,4481,22,1891
1787550228.638,2026-08-24 05:43:48.640,InnoDB,UNDO_SPACE_RSEG,4653,22,1885
1787550228.638,2026-08-24 05:43:48.640,InnoDB,UNDO_SPACE_RSEG,4566,22,1974
1787550228.638,2026-08-24 05:43:48.640,InnoDB,LOCK_SYS_PAGE,1265,22,505
1787550228.638,2026-08-24 05:43:48.640,InnoDB,LOCK_SYS_PAGE,1363,22,532
1787550228.638,2026-08-24 05:43:48.640,InnoDB,LOCK_SYS_PAGE,1369,22,522
1787550228.638,2026-08-24 05:43:48.640,InnoDB,LOCK_SYS_PAGE,1336,22,528
1787550228.638,2026-08-24 05:43:48.640,InnoDB,LOCK_SYS_PAGE,1325,22,510
1787550228.638,2026-08-24 05:43:48.640,InnoDB,LOCK_SYS_PAGE,1308,22,551
1787550228.638,2026-08-24 05:43:48.640,InnoDB,LOCK_SYS_PAGE,1362,22,545
1787550228.638,2026-08-24 05:43:48.640,InnoDB,LOCK_SYS_PAGE,1325,22,521
1787550228.638,2026-08-24 05:43:48.640,InnoDB,LOCK_SYS_PAGE,1320,22,522
1787550228.638,2026-08-24 05:43:48.640,InnoDB,UNDO_SPACE_RSEG,4660,22,1924
1787550228.638,2026-08-24 05:43:48.640,InnoDB,LOCK_SYS_PAGE,1324,21,482
1787550228.638,2026-08-24 05:43:48.640,InnoDB,LOCK_SYS_PAGE,1292,21,549
1787550228.638,2026-08-24 05:43:48.640,InnoDB,LOCK_SYS_PAGE,1238,21,522
1787550228.638,2026-08-24 05:43:48.640,InnoDB,LOCK_SYS_PAGE,1292,21,500
1787550228.638,2026-08-24 05:43:48.640,InnoDB,LOCK_SYS_PAGE,1248,21,553
1787550228.638,2026-08-24 05:43:48.640,InnoDB,LOCK_SYS_PAGE,1430,21,538
1787550228.638,2026-08-24 05:43:48.640,InnoDB,LOCK_SYS_PAGE,1334,21,549
1787550228.638,2026-08-24 05:43:48.640,InnoDB,LOCK_SYS_PAGE,1326,21,551
1787550228.638,2026-08-24 05:43:48.640,InnoDB,LOCK_SYS_PAGE,1308,21,525
1787550228.638,2026-08-24 05:43:48.640,InnoDB,LOCK_SYS_PAGE,1242,21,528
1787550228.638,2026-08-24 05:43:48.640,InnoDB,UNDO_SPACE_RSEG,4489,21,1895
1787550228.638,2026-08-24 05:43:48.640,InnoDB,UNDO_SPACE_RSEG,4456,21,1916
1787550228.638,2026-08-24 05:43:48.640,InnoDB,LOCK_SYS_PAGE,1372,21,546
1787550228.638,2026-08-24 05:43:48.640,InnoDB,LOCK_SYS_PAGE,1328,21,527
1787550228.638,2026-08-24 05:43:48.640,InnoDB,UNDO_SPACE_RSEG,4346,21,1906
1787550228.638,2026-08-24 05:43:48.640,InnoDB,UNDO_SPACE_RSEG,4314,21,1808
1787550228.638,2026-08-24 05:43:48.640,InnoDB,LOCK_SYS_PAGE,1296,21,540
1787550228.638,2026-08-24 05:43:48.640,InnoDB,UNDO_SPACE_RSEG,4470,21,1999
1787550228.638,2026-08-24 05:43:48.640,InnoDB,LOCK_SYS_PAGE,1199,21,483
1787550228.638,2026-08-24 05:43:48.640,InnoDB,UNDO_SPACE_RSEG,4342,21,1907
1787550228.638,2026-08-24 05:43:48.640,InnoDB,UNDO_SPACE_RSEG,4706,21,2069
1787550228.638,2026-08-24 05:43:48.640,InnoDB,LOCK_SYS_PAGE,1247,21,523
1787550228.638,2026-08-24 05:43:48.640,InnoDB,LOCK_SYS_PAGE,1373,21,569
1787550228.638,2026-08-24 05:43:48.640,InnoDB,LOCK_SYS_PAGE,1310,21,539
1787550228.638,2026-08-24 05:43:48.640,InnoDB,LOCK_SYS_PAGE,1293,21,490
1787550228.638,2026-08-24 05:43:48.640,InnoDB,LOCK_SYS_PAGE,1245,21,532
1787550228.638,2026-08-24 05:43:48.640,InnoDB,UNDO_SPACE_RSEG,4370,21,1861
1787550228.638,2026-08-24 05:43:48.640,InnoDB,LOCK_SYS_PAGE,1409,21,548
1787550228.638,2026-08-24 05:43:48.640,InnoDB,UNDO_SPACE_RSEG,4429,21,1834
1787550228.638,2026-08-24 05:43:48.640,InnoDB,LOCK_SYS_PAGE,1295,21,557
1787550228.638,2026-08-24 05:43:48.640,InnoDB,LOCK_SYS_PAGE,1326,21,526
1787550228.638,2026-08-24 05:43:48.640,InnoDB,LOCK_SYS_PAGE,1227,21,514
1787550228.638,2026-08-24 05:43:48.640,InnoDB,UNDO_SPACE_RSEG,4490,21,1866
1787550228.638,2026-08-24 05:43:48.640,InnoDB,LOCK_SYS_PAGE,1384,21,514
1787550228.638,2026-08-24 05:43:48.640,InnoDB,LOCK_SYS_PAGE,1245,21,506
1787550228.638,2026-08-24 05:43:48.640,InnoDB,LOCK_SYS_PAGE,1368,21,592
1787550228.638,2026-08-24 05:43:48.640,InnoDB,LOCK_SYS_PAGE,1351,21,504
1787550228.638,2026-08-24 05:43:48.640,InnoDB,LOCK_SYS_PAGE,1293,21,529
1787550228.638,2026-08-24 05:43:48.640,InnoDB,LOCK_SYS_PAGE,1482,21,624
1787550228.638,2026-08-24 05:43:48.640,InnoDB,LOCK_SYS_PAGE,1268,21,568
1787550228.638,2026-08-24 05:43:48.640,InnoDB,LOCK_SYS_PAGE,1215,21,518
1787550228.638,2026-08-24 05:43:48.640,InnoDB,UNDO_SPACE_RSEG,4169,21,1807
1787550228.638,2026-08-24 05:43:48.640,InnoDB,LOCK_SYS_PAGE,1376,21,543
1787550228.638,2026-08-24 05:43:48.640,InnoDB,UNDO_SPACE_RSEG,4717,21,1987
1787550228.638,2026-08-24 05:43:48.640,InnoDB,LOCK_SYS_PAGE,1219,21,496
1787550228.638,2026-08-24 05:43:48.640,InnoDB,LOCK_SYS_PAGE,1401,21,657
1787550228.638,2026-08-24 05:43:48.640,InnoDB,UNDO_SPACE_RSEG,4611,21,1917
1787550228.638,2026-08-24 05:43:48.640,InnoDB,LOCK_SYS_PAGE,1219,21,524
1787550228.638,2026-08-24 05:43:48.640,InnoDB,UNDO_SPACE_RSEG,4411,20,1873
1787550228.638,2026-08-24 05:43:48.640,InnoDB,LOCK_SYS_PAGE,1272,20,551
1787550228.638,2026-08-24 05:43:48.640,InnoDB,LOCK_SYS_PAGE,1369,20,592
1787550228.638,2026-08-24 05:43:48.640,InnoDB,LOCK_SYS_PAGE,1259,20,516
1787550228.638,2026-08-24 05:43:48.640,InnoDB,LOCK_SYS_PAGE,1183,20,461
1787550228.638,2026-08-24 05:43:48.640,InnoDB,LOCK_SYS_PAGE,1520,20,543
1787550228.638,2026-08-24 05:43:48.640,InnoDB,UNDO_SPACE_RSEG,4232,20,1916
1787550228.638,2026-08-24 05:43:48.640,InnoDB,LOCK_SYS_PAGE,1249,20,522
1787550228.638,2026-08-24 05:43:48.640,InnoDB,UNDO_SPACE_RSEG,4536,20,1964
1787550228.638,2026-08-24 05:43:48.640,InnoDB,LOCK_SYS_PAGE,1232,20,541
1787550228.638,2026-08-24 05:43:48.640,InnoDB,LOCK_SYS_PAGE,1190,20,515
1787550228.638,2026-08-24 05:43:48.640,InnoDB,LOCK_SYS_PAGE,1252,20,570
1787550228.638,2026-08-24 05:43:48.640,InnoDB,LOCK_SYS_PAGE,1168,20,504
1787550228.638,2026-08-24 05:43:48.640,InnoDB,LOCK_SYS_PAGE,1270,20,494
1787550228.638,2026-08-24 05:43:48.640,InnoDB,UNDO_SPACE_RSEG,4499,20,1931
1787550228.638,2026-08-24 05:43:48.640,InnoDB,LOCK_SYS_PAGE,1166,20,453
1787550228.638,2026-08-24 05:43:48.640,InnoDB,LOCK_SYS_PAGE,1246,20,597
1787550228.638,2026-08-24 05:43:48.640,InnoDB,LOCK_SYS_PAGE,1303,20,501
1787550228.638,2026-08-24 05:43:48.640,InnoDB,LOCK_SYS_PAGE,1251,20,519
1787550228.638,2026-08-24 05:43:48.640,InnoDB,UNDO_SPACE_RSEG,4355,20,1838
1787550228.638,2026-08-24 05:43:48.640,InnoDB,LOCK_SYS_PAGE,1176,20,525
1787550228.638,2026-08-24 05:43:48.640,InnoDB,LOCK_SYS_PAGE,1406,20,617
1787550228.638,2026-08-24 05:43:48.640,InnoDB,LOCK_SYS_PAGE,1221,20,508
1787550228.638,2026-08-24 05:43:48.640,InnoDB,LOCK_SYS_PAGE,1254,20,560
1787550228.638,2026-08-24 05:43:48.640,InnoDB,LOCK_SYS_PAGE,1292,20,541
1787550228.638,2026-08-24 05:43:48.640,InnoDB,LOCK_SYS_PAGE,1308,20,575
1787550228.638,2026-08-24 05:43:48.640,InnoDB,UNDO_SPACE_RSEG,4404,20,1867
1787550228.638,2026-08-24 05:43:48.640,InnoDB,LOCK_SYS_PAGE,1250,20,578
1787550228.638,2026-08-24 05:43:48.640,InnoDB,LOCK_SYS_PAGE,1170,20,506
1787550228.638,2026-08-24 05:43:48.640,InnoDB,LOCK_SYS_PAGE,1337,20,603
1787550228.638,2026-08-24 05:43:48.640,InnoDB,LOCK_SYS_PAGE,1306,20,509
1787550228.638,2026-08-24 05:43:48.640,InnoDB,LOCK_SYS_PAGE,1279,20,519
1787550228.638,2026-08-24 05:43:48.640,InnoDB,LOCK_SYS_PAGE,1195,20,561
1787550228.638,2026-08-24 05:43:48.640,InnoDB,LOCK_SYS_PAGE,1287,20,507
1787550228.638,2026-08-24 05:43:48.640,InnoDB,UNDO_SPACE_RSEG,4170,20,1915
1787550228.638,2026-08-24 05:43:48.640,InnoDB,LOCK_SYS_PAGE,1249,20,529
1787550228.638,2026-08-24 05:43:48.640,InnoDB,UNDO_SPACE_RSEG,4427,20,1863
1787550228.638,2026-08-24 05:43:48.640,InnoDB,LOCK_SYS_PAGE,1287,20,568
1787550228.638,2026-08-24 05:43:48.640,InnoDB,LOCK_SYS_PAGE,1346,20,537
1787550228.638,2026-08-24 05:43:48.640,InnoDB,LOCK_SYS_PAGE,1345,20,579
1787550228.638,2026-08-24 05:43:48.640,InnoDB,LOCK_SYS_PAGE,1153,20,466
1787550228.638,2026-08-24 05:43:48.640,InnoDB,LOCK_SYS_PAGE,1298,20,521
1787550228.638,2026-08-24 05:43:48.640,InnoDB,UNDO_SPACE_RSEG,4311,20,1820
1787550228.638,2026-08-24 05:43:48.640,InnoDB,LOCK_SYS_PAGE,1315,20,568
1787550228.638,2026-08-24 05:43:48.640,InnoDB,UNDO_SPACE_RSEG,4453,20,1885
1787550228.638,2026-08-24 05:43:48.640,InnoDB,LOCK_SYS_PAGE,1201,19,555
1787550228.638,2026-08-24 05:43:48.640,InnoDB,LOCK_SYS_PAGE,1177,19,539
1787550228.638,2026-08-24 05:43:48.640,InnoDB,LOCK_SYS_PAGE,1226,19,565
1787550228.638,2026-08-24 05:43:48.640,InnoDB,LOCK_SYS_PAGE,1220,19,563
1787550228.638,2026-08-24 05:43:48.640,InnoDB,LOCK_SYS_PAGE,1324,19,585
1787550228.638,2026-08-24 05:43:48.640,InnoDB,UNDO_SPACE_RSEG,4472,19,1930
1787550228.638,2026-08-24 05:43:48.640,InnoDB,LOCK_SYS_PAGE,1121,19,495
1787550228.638,2026-08-24 05:43:48.640,InnoDB,UNDO_SPACE_RSEG,4438,19,1878
1787550228.638,2026-08-24 05:43:48.640,InnoDB,LOCK_SYS_PAGE,1173,19,477
1787550228.638,2026-08-24 05:43:48.640,InnoDB,LOCK_SYS_PAGE,1318,19,556
1787550228.638,2026-08-24 05:43:48.640,InnoDB,LOCK_SYS_PAGE,1227,19,516
1787550228.638,2026-08-24 05:43:48.640,InnoDB,LOCK_SYS_PAGE,1209,19,581
1787550228.638,2026-08-24 05:43:48.640,InnoDB,LOCK_SYS_PAGE,1235,19,498
1787550228.638,2026-08-24 05:43:48.640,InnoDB,LOCK_SYS_PAGE,1311,19,600
1787550228.638,2026-08-24 05:43:48.640,InnoDB,LOCK_SYS_PAGE,1126,19,478
1787550228.638,2026-08-24 05:43:48.640,InnoDB,LOCK_SYS_PAGE,1210,19,543
1787550228.638,2026-08-24 05:43:48.640,InnoDB,LOCK_SYS_PAGE,1201,19,535
1787550228.638,2026-08-24 05:43:48.640,InnoDB,LOCK_SYS_PAGE,1307,19,526
1787550228.638,2026-08-24 05:43:48.640,InnoDB,LOCK_SYS_PAGE,1245,19,527
1787550228.638,2026-08-24 05:43:48.640,InnoDB,UNDO_SPACE_RSEG,4448,19,1874
1787550228.638,2026-08-24 05:43:48.640,InnoDB,UNDO_SPACE_RSEG,4365,19,1855
1787550228.638,2026-08-24 05:43:48.640,InnoDB,LOCK_SYS_PAGE,1362,19,558
1787550228.638,2026-08-24 05:43:48.640,InnoDB,LOCK_SYS_PAGE,1210,19,518
1787550228.638,2026-08-24 05:43:48.640,InnoDB,LOCK_SYS_PAGE,1228,19,573
1787550228.638,2026-08-24 05:43:48.640,InnoDB,LOCK_SYS_PAGE,1207,19,525
1787550228.638,2026-08-24 05:43:48.640,InnoDB,LOCK_SYS_PAGE,1271,19,572
1787550228.638,2026-08-24 05:43:48.640,InnoDB,LOCK_SYS_PAGE,1284,19,533
1787550228.638,2026-08-24 05:43:48.640,InnoDB,LOCK_SYS_PAGE,1317,19,607
1787550228.638,2026-08-24 05:43:48.640,InnoDB,UNDO_SPACE_RSEG,4313,19,1892
1787550228.638,2026-08-24 05:43:48.640,InnoDB,LOCK_SYS_PAGE,1239,19,533
1787550228.638,2026-08-24 05:43:48.640,InnoDB,LOCK_SYS_PAGE,1197,19,500
1787550228.638,2026-08-24 05:43:48.640,InnoDB,LOCK_SYS_PAGE,1256,19,509
1787550228.638,2026-08-24 05:43:48.640,InnoDB,LOCK_SYS_PAGE,1220,19,519
1787550228.638,2026-08-24 05:43:48.640,InnoDB,TRX_POOL,626,19,51
1787550228.638,2026-08-24 05:43:48.640,InnoDB,LOCK_SYS_PAGE,1373,19,544
1787550228.638,2026-08-24 05:43:48.640,InnoDB,LOCK_SYS_PAGE,1282,19,564
1787550228.638,2026-08-24 05:43:48.640,InnoDB,LOCK_SYS_PAGE,1204,19,546
1787550228.638,2026-08-24 05:43:48.640,InnoDB,LOCK_SYS_PAGE,1251,19,552
1787550228.638,2026-08-24 05:43:48.640,InnoDB,LOCK_SYS_PAGE,1268,19,540
1787550228.638,2026-08-24 05:43:48.640,InnoDB,LOCK_SYS_PAGE,1322,19,580
1787550228.638,2026-08-24 05:43:48.640,InnoDB,LOCK_SYS_PAGE,1168,19,545
1787550228.638,2026-08-24 05:43:48.640,InnoDB,LOCK_SYS_PAGE,1337,19,599
1787550228.638,2026-08-24 05:43:48.640,InnoDB,LOCK_SYS_PAGE,1249,19,555
1787550228.638,2026-08-24 05:43:48.640,InnoDB,UNDO_SPACE_RSEG,4398,19,1948
1787550228.638,2026-08-24 05:43:48.640,InnoDB,LOCK_SYS_PAGE,1142,19,481
1787550228.638,2026-08-24 05:43:48.640,InnoDB,LOCK_SYS_PAGE,1195,18,498
1787550228.638,2026-08-24 05:43:48.640,InnoDB,LOCK_SYS_PAGE,1179,18,580
1787550228.638,2026-08-24 05:43:48.640,InnoDB,LOCK_SYS_PAGE,1246,18,562
1787550228.638,2026-08-24 05:43:48.640,InnoDB,LOCK_SYS_PAGE,1161,18,502
1787550228.638,2026-08-24 05:43:48.640,InnoDB,LOCK_SYS_PAGE,1200,18,570
1787550228.638,2026-08-24 05:43:48.640,InnoDB,LOCK_SYS_PAGE,1187,18,515
1787550228.638,2026-08-24 05:43:48.640,InnoDB,LOCK_SYS_PAGE,1225,18,516
1787550228.638,2026-08-24 05:43:48.640,InnoDB,LOCK_SYS_PAGE,1213,18,546
1787550228.638,2026-08-24 05:43:48.640,InnoDB,LOCK_SYS_PAGE,1192,18,491
1787550228.638,2026-08-24 05:43:48.640,InnoDB,UNDO_SPACE_RSEG,4393,18,1926
1787550228.638,2026-08-24 05:43:48.640,InnoDB,LOCK_SYS_PAGE,1176,18,539
1787550228.638,2026-08-24 05:43:48.640,InnoDB,LOCK_SYS_PAGE,1208,18,525
1787550228.638,2026-08-24 05:43:48.640,InnoDB,LOCK_SYS_PAGE,1103,18,534
1787550228.638,2026-08-24 05:43:48.640,InnoDB,LOCK_SYS_PAGE,1176,18,488
1787550228.638,2026-08-24 05:43:48.640,InnoDB,UNDO_SPACE_RSEG,4346,18,1895
1787550228.638,2026-08-24 05:43:48.640,InnoDB,LOCK_SYS_PAGE,1288,18,547
1787550228.638,2026-08-24 05:43:48.640,InnoDB,LOCK_SYS_PAGE,1293,18,594
1787550228.638,2026-08-24 05:43:48.640,InnoDB,LOCK_SYS_PAGE,1214,18,575
1787550228.638,2026-08-24 05:43:48.640,InnoDB,LOCK_SYS_PAGE,1172,18,547
1787550228.638,2026-08-24 05:43:48.640,InnoDB,LOCK_SYS_PAGE,1264,18,587
1787550228.638,2026-08-24 05:43:48.640,InnoDB,LOCK_SYS_PAGE,1241,18,557
1787550228.638,2026-08-24 05:43:48.640,InnoDB,LOCK_SYS_PAGE,1192,18,558
1787550228.638,2026-08-24 05:43:48.640,InnoDB,LOCK_SYS_PAGE,1123,18,518
1787550228.638,2026-08-24 05:43:48.640,InnoDB,LOCK_SYS_PAGE,1197,18,474
1787550228.638,2026-08-24 05:43:48.640,InnoDB,LOCK_SYS_PAGE,1108,18,491
1787550228.638,2026-08-24 05:43:48.640,InnoDB,LOCK_SYS_PAGE,1230,18,517
1787550228.638,2026-08-24 05:43:48.640,InnoDB,LOCK_SYS_PAGE,1233,18,539
1787550228.638,2026-08-24 05:43:48.640,InnoDB,UNDO_SPACE_RSEG,4158,18,1816
1787550228.638,2026-08-24 05:43:48.640,InnoDB,LOCK_SYS_PAGE,1113,18,533
1787550228.638,2026-08-24 05:43:48.640,InnoDB,LOCK_SYS_PAGE,1193,18,529
1787550228.638,2026-08-24 05:43:48.640,InnoDB,UNDO_SPACE_RSEG,4220,18,1851
1787550228.638,2026-08-24 05:43:48.640,InnoDB,LOCK_SYS_PAGE,1215,18,549
1787550228.638,2026-08-24 05:43:48.640,InnoDB,LOCK_SYS_PAGE,1192,18,507
1787550228.638,2026-08-24 05:43:48.640,InnoDB,LOCK_SYS_PAGE,1275,18,580
1787550228.638,2026-08-24 05:43:48.640,InnoDB,UNDO_SPACE_RSEG,4396,18,1970
1787550228.638,2026-08-24 05:43:48.640,InnoDB,LOCK_SYS_PAGE,1145,18,497
1787550228.638,2026-08-24 05:43:48.640,InnoDB,LOCK_SYS_PAGE,1301,18,575
1787550228.638,2026-08-24 05:43:48.640,InnoDB,LOCK_SYS_PAGE,1204,18,507
1787550228.638,2026-08-24 05:43:48.640,InnoDB,LOCK_SYS_PAGE,1148,18,561
1787550228.638,2026-08-24 05:43:48.640,InnoDB,LOCK_SYS_PAGE,1136,18,515
1787550228.638,2026-08-24 05:43:48.640,InnoDB,LOCK_SYS_PAGE,1102,18,485
1787550228.638,2026-08-24 05:43:48.640,InnoDB,LOCK_SYS_PAGE,1255,18,548
1787550228.638,2026-08-24 05:43:48.640,InnoDB,LOCK_SYS_PAGE,1276,18,540
1787550228.638,2026-08-24 05:43:48.640,InnoDB,LOCK_SYS_PAGE,1197,17,506
1787550228.638,2026-08-24 05:43:48.640,InnoDB,LOCK_SYS_PAGE,1206,17,520
1787550228.638,2026-08-24 05:43:48.640,InnoDB,UNDO_SPACE_RSEG,4243,17,1813
1787550228.638,2026-08-24 05:43:48.640,InnoDB,LOCK_SYS_PAGE,1160,17,572
1787550228.638,2026-08-24 05:43:48.640,InnoDB,LOCK_SYS_PAGE,1180,17,538
1787550228.638,2026-08-24 05:43:48.640,InnoDB,LOCK_SYS_PAGE,1242,17,559
1787550228.638,2026-08-24 05:43:48.640,InnoDB,LOCK_SYS_PAGE,1245,17,595
1787550228.638,2026-08-24 05:43:48.640,InnoDB,LOCK_SYS_PAGE,1136,17,524
1787550228.638,2026-08-24 05:43:48.640,InnoDB,LOCK_SYS_PAGE,1176,17,510
1787550228.638,2026-08-24 05:43:48.640,InnoDB,LOCK_SYS_PAGE,1247,17,569
1787550228.638,2026-08-24 05:43:48.640,InnoDB,LOCK_SYS_PAGE,1195,17,538
1787550228.638,2026-08-24 05:43:48.640,InnoDB,LOCK_SYS_PAGE,1150,17,560
1787550228.638,2026-08-24 05:43:48.640,InnoDB,LOCK_SYS_PAGE,1128,17,551
1787550228.638,2026-08-24 05:43:48.640,InnoDB,UNDO_SPACE_RSEG,4566,17,1984
1787550228.638,2026-08-24 05:43:48.640,InnoDB,LOCK_SYS_PAGE,1250,17,486
1787550228.638,2026-08-24 05:43:48.640,InnoDB,LOCK_SYS_PAGE,1204,17,564
1787550228.638,2026-08-24 05:43:48.640,InnoDB,LOCK_SYS_PAGE,1271,17,553
1787550228.638,2026-08-24 05:43:48.640,InnoDB,LOCK_SYS_PAGE,1270,17,537
1787550228.638,2026-08-24 05:43:48.640,InnoDB,LOCK_SYS_PAGE,1214,17,533
1787550228.638,2026-08-24 05:43:48.640,InnoDB,LOCK_SYS_PAGE,1141,17,545
1787550228.638,2026-08-24 05:43:48.640,InnoDB,LOCK_SYS_PAGE,1196,17,584
1787550228.638,2026-08-24 05:43:48.640,InnoDB,LOCK_SYS_PAGE,1172,17,543
1787550228.638,2026-08-24 05:43:48.640,InnoDB,LOCK_SYS_PAGE,1248,17,540
1787550228.638,2026-08-24 05:43:48.640,InnoDB,LOCK_SYS_PAGE,1215,17,519
1787550228.638,2026-08-24 05:43:48.640,InnoDB,LOCK_SYS_PAGE,1147,17,525
1787550228.638,2026-08-24 05:43:48.640,InnoDB,LOCK_SYS_PAGE,1197,17,495
1787550228.638,2026-08-24 05:43:48.640,InnoDB,LOCK_SYS_PAGE,1151,17,552
1787550228.638,2026-08-24 05:43:48.640,InnoDB,LOCK_SYS_PAGE,1271,17,616
1787550228.638,2026-08-24 05:43:48.640,InnoDB,LOCK_SYS_PAGE,1129,17,502
1787550228.638,2026-08-24 05:43:48.640,InnoDB,LOCK_SYS_PAGE,1301,17,637
1787550228.638,2026-08-24 05:43:48.640,InnoDB,LOCK_SYS_PAGE,1289,17,573
1787550228.638,2026-08-24 05:43:48.640,InnoDB,LOCK_SYS_PAGE,1158,17,578
1787550228.638,2026-08-24 05:43:48.640,InnoDB,LOCK_SYS_PAGE,1165,17,531
1787550228.638,2026-08-24 05:43:48.640,InnoDB,LOCK_SYS_PAGE,1101,17,498
1787550228.638,2026-08-24 05:43:48.640,InnoDB,LOCK_SYS_PAGE,1189,17,519
1787550228.638,2026-08-24 05:43:48.640,InnoDB,LOCK_SYS_PAGE,1122,17,533
1787550228.638,2026-08-24 05:43:48.640,InnoDB,LOCK_SYS_PAGE,1122,17,520
1787550228.638,2026-08-24 05:43:48.640,InnoDB,LOCK_SYS_PAGE,1286,17,612
1787550228.638,2026-08-24 05:43:48.640,InnoDB,LOCK_SYS_PAGE,1259,17,532
1787550228.638,2026-08-24 05:43:48.640,InnoDB,LOCK_SYS_PAGE,1217,17,600
1787550228.638,2026-08-24 05:43:48.640,InnoDB,LOCK_SYS_PAGE,1105,17,503
1787550228.638,2026-08-24 05:43:48.640,InnoDB,LOCK_SYS_PAGE,1179,17,486
1787550228.638,2026-08-24 05:43:48.640,InnoDB,LOCK_SYS_PAGE,1211,17,519
1787550228.638,2026-08-24 05:43:48.640,InnoDB,LOCK_SYS_PAGE,1219,17,499
1787550228.638,2026-08-24 05:43:48.640,InnoDB,LOCK_SYS_PAGE,1075,16,483
1787550228.638,2026-08-24 05:43:48.640,InnoDB,LOCK_SYS_PAGE,1132,16,503
1787550228.638,2026-08-24 05:43:48.640,InnoDB,UNDO_SPACE_RSEG,4485,16,1987
1787550228.638,2026-08-24 05:43:48.640,InnoDB,LOCK_SYS_PAGE,1192,16,507
1787550228.638,2026-08-24 05:43:48.640,InnoDB,LOCK_SYS_PAGE,1134,16,554
1787550228.638,2026-08-24 05:43:48.640,InnoDB,LOCK_SYS_PAGE,1154,16,505
1787550228.638,2026-08-24 05:43:48.640,InnoDB,LOCK_SYS_PAGE,1116,16,539
1787550228.638,2026-08-24 05:43:48.640,InnoDB,LOCK_SYS_PAGE,1227,16,524
1787550228.638,2026-08-24 05:43:48.640,InnoDB,LOCK_SYS_PAGE,1177,16,583
1787550228.638,2026-08-24 05:43:48.640,InnoDB,LOCK_SYS_PAGE,1131,16,556
1787550228.638,2026-08-24 05:43:48.640,InnoDB,UNDO_SPACE_RSEG,4334,16,1895
1787550228.638,2026-08-24 05:43:48.640,InnoDB,LOCK_SYS_PAGE,1168,16,531
1787550228.638,2026-08-24 05:43:48.640,InnoDB,LOCK_SYS_PAGE,1094,16,519
1787550228.638,2026-08-24 05:43:48.640,InnoDB,LOCK_SYS_PAGE,1061,16,513
1787550228.638,2026-08-24 05:43:48.640,InnoDB,LOCK_SYS_PAGE,1160,16,531
1787550228.638,2026-08-24 05:43:48.640,InnoDB,LOCK_SYS_PAGE,1224,16,551
1787550228.638,2026-08-24 05:43:48.640,InnoDB,LOCK_SYS_PAGE,1096,16,561
1787550228.638,2026-08-24 05:43:48.640,InnoDB,LOCK_SYS_PAGE,1205,16,533
1787550228.638,2026-08-24 05:43:48.640,InnoDB,LOCK_SYS_PAGE,1125,16,525
1787550228.638,2026-08-24 05:43:48.640,InnoDB,LOCK_SYS_PAGE,1199,16,552
1787550228.638,2026-08-24 05:43:48.640,InnoDB,LOCK_SYS_PAGE,1178,16,567
1787550228.638,2026-08-24 05:43:48.640,InnoDB,LOCK_SYS_PAGE,1174,16,554
1787550228.638,2026-08-24 05:43:48.640,InnoDB,LOCK_SYS_PAGE,1222,16,516
1787550228.638,2026-08-24 05:43:48.640,InnoDB,LOCK_SYS_PAGE,1145,16,528
1787550228.638,2026-08-24 05:43:48.640,InnoDB,LOCK_SYS_PAGE,1112,16,499
1787550228.638,2026-08-24 05:43:48.640,InnoDB,LOCK_SYS_PAGE,1147,16,534
1787550228.638,2026-08-24 05:43:48.640,InnoDB,LOCK_SYS_PAGE,1219,16,539
1787550228.638,2026-08-24 05:43:48.640,InnoDB,LOCK_SYS_PAGE,1014,16,516
1787550228.638,2026-08-24 05:43:48.640,InnoDB,LOCK_SYS_PAGE,1189,16,501
1787550228.638,2026-08-24 05:43:48.640,InnoDB,LOCK_SYS_PAGE,1174,16,500
1787550228.638,2026-08-24 05:43:48.640,InnoDB,LOCK_SYS_PAGE,1191,16,524
1787550228.638,2026-08-24 05:43:48.640,InnoDB,LOCK_SYS_PAGE,1206,16,560
1787550228.638,2026-08-24 05:43:48.640,InnoDB,LOCK_SYS_PAGE,1163,16,549
1787550228.638,2026-08-24 05:43:48.640,InnoDB,LOCK_SYS_PAGE,1088,16,516
1787550228.638,2026-08-24 05:43:48.640,InnoDB,LOCK_SYS_PAGE,1130,16,517
1787550228.638,2026-08-24 05:43:48.640,InnoDB,LOCK_SYS_PAGE,1148,16,602
1787550228.638,2026-08-24 05:43:48.640,InnoDB,LOCK_SYS_PAGE,1107,16,481
1787550228.638,2026-08-24 05:43:48.640,InnoDB,LOCK_SYS_PAGE,1121,16,554
1787550228.638,2026-08-24 05:43:48.640,InnoDB,LOCK_SYS_PAGE,1215,16,521
1787550228.638,2026-08-24 05:43:48.640,InnoDB,LOCK_SYS_PAGE,1073,16,437
1787550228.638,2026-08-24 05:43:48.640,InnoDB,LOCK_SYS_PAGE,1142,16,535
1787550228.638,2026-08-24 05:43:48.640,InnoDB,LOCK_SYS_PAGE,1256,16,581
1787550228.638,2026-08-24 05:43:48.640,InnoDB,LOCK_SYS_PAGE,1152,16,494
1787550228.638,2026-08-24 05:43:48.640,InnoDB,LOCK_SYS_PAGE,1172,16,565
1787550228.638,2026-08-24 05:43:48.640,InnoDB,LOCK_SYS_PAGE,1099,16,537
1787550228.638,2026-08-24 05:43:48.640,InnoDB,LOCK_SYS_PAGE,1154,16,575
1787550228.638,2026-08-24 05:43:48.640,InnoDB,LOCK_SYS_PAGE,1152,16,631
1787550228.638,2026-08-24 05:43:48.640,InnoDB,LOCK_SYS_PAGE,1103,15,557
1787550228.638,2026-08-24 05:43:48.640,InnoDB,LOCK_SYS_PAGE,1110,15,552
1787550228.638,2026-08-24 05:43:48.640,InnoDB,LOCK_SYS_PAGE,1127,15,551
1787550228.638,2026-08-24 05:43:48.640,InnoDB,LOCK_SYS_PAGE,1260,15,522
1787550228.638,2026-08-24 05:43:48.640,InnoDB,LOCK_SYS_PAGE,1035,15,503
1787550228.638,2026-08-24 05:43:48.640,InnoDB,LOCK_SYS_PAGE,1120,15,581
1787550228.638,2026-08-24 05:43:48.640,InnoDB,LOCK_SYS_PAGE,1084,15,521
1787550228.638,2026-08-24 05:43:48.640,InnoDB,LOCK_SYS_PAGE,1158,15,556
1787550228.638,2026-08-24 05:43:48.640,InnoDB,LOCK_SYS_PAGE,1135,15,532
1787550228.638,2026-08-24 05:43:48.640,InnoDB,LOCK_SYS_PAGE,1132,15,522
1787550228.638,2026-08-24 05:43:48.640,InnoDB,LOCK_SYS_PAGE,1018,15,518
1787550228.638,2026-08-24 05:43:48.640,InnoDB,LOCK_SYS_PAGE,1086,15,515
1787550228.638,2026-08-24 05:43:48.640,InnoDB,LOCK_SYS_PAGE,1148,15,526
1787550228.638,2026-08-24 05:43:48.640,InnoDB,LOCK_SYS_PAGE,1077,15,540
1787550228.638,2026-08-24 05:43:48.640,InnoDB,LOCK_SYS_PAGE,1031,15,482
1787550228.638,2026-08-24 05:43:48.640,InnoDB,LOCK_SYS_PAGE,1061,15,519
1787550228.638,2026-08-24 05:43:48.640,InnoDB,UNDO_SPACE_RSEG,4205,15,1892
1787550228.638,2026-08-24 05:43:48.640,InnoDB,LOCK_SYS_PAGE,1109,15,552
1787550228.638,2026-08-24 05:43:48.640,InnoDB,LOCK_SYS_PAGE,969,15,431
1787550228.638,2026-08-24 05:43:48.640,InnoDB,LOCK_SYS_PAGE,1175,15,562
1787550228.638,2026-08-24 05:43:48.640,InnoDB,LOCK_SYS_PAGE,1077,15,471
1787550228.638,2026-08-24 05:43:48.640,InnoDB,LOCK_SYS_PAGE,1075,15,510
1787550228.638,2026-08-24 05:43:48.640,InnoDB,LOCK_SYS_PAGE,1150,15,545
1787550228.638,2026-08-24 05:43:48.640,InnoDB,LOCK_SYS_PAGE,1089,15,505
1787550228.638,2026-08-24 05:43:48.640,InnoDB,LOCK_SYS_PAGE,1154,15,539
1787550228.638,2026-08-24 05:43:48.640,InnoDB,LOCK_SYS_PAGE,1131,15,537
1787550228.638,2026-08-24 05:43:48.640,InnoDB,LOCK_SYS_PAGE,1111,15,517
1787550228.638,2026-08-24 05:43:48.640,InnoDB,LOCK_SYS_PAGE,1095,15,484
1787550228.638,2026-08-24 05:43:48.640,InnoDB,LOCK_SYS_PAGE,1072,15,520
1787550228.638,2026-08-24 05:43:48.640,InnoDB,LOCK_SYS_PAGE,1109,15,511
1787550228.638,2026-08-24 05:43:48.640,InnoDB,LOCK_SYS_PAGE,1126,15,561
1787550228.638,2026-08-24 05:43:48.640,InnoDB,LOCK_SYS_PAGE,1039,15,488
1787550228.638,2026-08-24 05:43:48.640,InnoDB,LOCK_SYS_PAGE,1116,15,534
1787550228.638,2026-08-24 05:43:48.640,InnoDB,LOCK_SYS_PAGE,1114,15,566
1787550228.638,2026-08-24 05:43:48.640,InnoDB,LOCK_SYS_PAGE,1080,15,508
1787550228.638,2026-08-24 05:43:48.640,InnoDB,LOCK_SYS_PAGE,1123,15,574
1787550228.638,2026-08-24 05:43:48.640,InnoDB,LOCK_SYS_PAGE,1090,15,510
1787550228.638,2026-08-24 05:43:48.640,InnoDB,LOCK_SYS_PAGE,1144,15,521
1787550228.638,2026-08-24 05:43:48.640,InnoDB,LOCK_SYS_PAGE,1185,15,516
1787550228.638,2026-08-24 05:43:48.640,InnoDB,LOCK_SYS_PAGE,1084,14,493
1787550228.638,2026-08-24 05:43:48.640,InnoDB,LOCK_SYS_PAGE,1017,14,475
1787550228.638,2026-08-24 05:43:48.640,InnoDB,LOCK_SYS_PAGE,1003,14,495
1787550228.638,2026-08-24 05:43:48.640,InnoDB,LOCK_SYS_PAGE,1092,14,560
1787550228.638,2026-08-24 05:43:48.640,InnoDB,LOCK_SYS_PAGE,1021,14,505
1787550228.638,2026-08-24 05:43:48.640,InnoDB,LOCK_SYS_PAGE,915,14,454
1787550228.638,2026-08-24 05:43:48.640,InnoDB,LOCK_SYS_PAGE,971,14,498
1787550228.638,2026-08-24 05:43:48.640,InnoDB,LOCK_SYS_PAGE,1040,14,514
1787550228.638,2026-08-24 05:43:48.640,InnoDB,LOCK_SYS_PAGE,1111,14,580
1787550228.638,2026-08-24 05:43:48.640,InnoDB,LOCK_SYS_PAGE,1140,14,530
1787550228.638,2026-08-24 05:43:48.640,InnoDB,LOCK_SYS_PAGE,1067,14,538
1787550228.638,2026-08-24 05:43:48.640,InnoDB,LOCK_SYS_PAGE,1129,14,539
1787550228.638,2026-08-24 05:43:48.640,InnoDB,LOCK_SYS_PAGE,1068,14,553
1787550228.638,2026-08-24 05:43:48.640,InnoDB,LOCK_SYS_PAGE,1010,14,516
1787550228.638,2026-08-24 05:43:48.640,InnoDB,LOCK_SYS_PAGE,1116,14,533
1787550228.638,2026-08-24 05:43:48.640,InnoDB,LOCK_SYS_PAGE,1080,14,544
1787550228.638,2026-08-24 05:43:48.640,InnoDB,LOCK_SYS_PAGE,1089,14,529
1787550228.638,2026-08-24 05:43:48.640,InnoDB,LOCK_SYS_PAGE,1045,14,509
1787550228.638,2026-08-24 05:43:48.640,InnoDB,LOCK_SYS_PAGE,1108,14,520
1787550228.638,2026-08-24 05:43:48.640,InnoDB,LOCK_SYS_PAGE,1057,14,518
1787550228.638,2026-08-24 05:43:48.640,InnoDB,LOCK_SYS_PAGE,1180,14,594
1787550228.638,2026-08-24 05:43:48.640,InnoDB,LOCK_SYS_PAGE,1058,14,532
1787550228.638,2026-08-24 05:43:48.640,InnoDB,LOCK_SYS_PAGE,1099,14,546
1787550228.638,2026-08-24 05:43:48.640,InnoDB,LOCK_SYS_PAGE,1087,14,567
1787550228.638,2026-08-24 05:43:48.640,InnoDB,LOCK_SYS_PAGE,1132,14,559
1787550228.638,2026-08-24 05:43:48.640,InnoDB,LOCK_SYS_PAGE,1216,14,592
1787550228.638,2026-08-24 05:43:48.640,InnoDB,LOCK_SYS_PAGE,1018,14,470
1787550228.638,2026-08-24 05:43:48.640,InnoDB,LOCK_SYS_PAGE,1060,14,518
1787550228.638,2026-08-24 05:43:48.640,InnoDB,LOCK_SYS_PAGE,1061,14,522
1787550228.638,2026-08-24 05:43:48.640,InnoDB,LOCK_SYS_PAGE,1200,14,581
1787550228.638,2026-08-24 05:43:48.640,InnoDB,LOCK_SYS_PAGE,1074,14,558
1787550228.638,2026-08-24 05:43:48.640,InnoDB,LOCK_SYS_PAGE,1008,14,513
1787550228.638,2026-08-24 05:43:48.640,InnoDB,LOCK_SYS_PAGE,1014,14,479
1787550228.638,2026-08-24 05:43:48.640,InnoDB,LOCK_SYS_PAGE,1135,14,508
1787550228.638,2026-08-24 05:43:48.640,InnoDB,LOCK_SYS_PAGE,1114,14,551
1787550228.638,2026-08-24 05:43:48.640,InnoDB,LOCK_SYS_PAGE,1178,14,563
1787550228.638,2026-08-24 05:43:48.640,InnoDB,LOCK_SYS_PAGE,1119,14,582
1787550228.638,2026-08-24 05:43:48.640,InnoDB,LOCK_SYS_PAGE,1009,14,487
1787550228.638,2026-08-24 05:43:48.640,InnoDB,LOCK_SYS_PAGE,922,14,495
1787550228.638,2026-08-24 05:43:48.640,InnoDB,LOCK_SYS_PAGE,1005,14,535
1787550228.638,2026-08-24 05:43:48.640,InnoDB,LOCK_SYS_PAGE,1020,14,532
1787550228.638,2026-08-24 05:43:48.640,InnoDB,LOCK_SYS_PAGE,1090,14,561
1787550228.638,2026-08-24 05:43:48.640,InnoDB,LOCK_SYS_PAGE,1014,14,545
1787550228.638,2026-08-24 05:43:48.640,InnoDB,LOCK_SYS_PAGE,1075,14,564
1787550228.638,2026-08-24 05:43:48.640,InnoDB,LOCK_SYS_PAGE,997,13,560
1787550228.638,2026-08-24 05:43:48.640,InnoDB,LOCK_SYS_PAGE,1135,13,573
1787550228.638,2026-08-24 05:43:48.640,InnoDB,LOCK_SYS_PAGE,1051,13,471
1787550228.638,2026-08-24 05:43:48.640,InnoDB,LOCK_SYS_PAGE,938,13,465
1787550228.638,2026-08-24 05:43:48.640,InnoDB,LOCK_SYS_PAGE,1164,13,529
1787550228.638,2026-08-24 05:43:48.640,InnoDB,LOCK_SYS_PAGE,978,13,506
1787550228.638,2026-08-24 05:43:48.640,InnoDB,LOCK_SYS_PAGE,1132,13,541
1787550228.638,2026-08-24 05:43:48.640,InnoDB,LOCK_SYS_PAGE,991,13,494
1787550228.638,2026-08-24 05:43:48.640,InnoDB,LOCK_SYS_PAGE,1086,13,576
1787550228.638,2026-08-24 05:43:48.640,InnoDB,LOCK_SYS_PAGE,987,13,496
1787550228.638,2026-08-24 05:43:48.640,InnoDB,LOCK_SYS_PAGE,1044,13,515
1787550228.638,2026-08-24 05:43:48.640,InnoDB,LOCK_SYS_PAGE,1030,13,601
1787550228.638,2026-08-24 05:43:48.640,InnoDB,LOCK_SYS_PAGE,1048,13,556
1787550228.638,2026-08-24 05:43:48.640,InnoDB,LOCK_SYS_PAGE,1023,13,493
1787550228.638,2026-08-24 05:43:48.640,InnoDB,LOCK_SYS_PAGE,1011,13,515
1787550228.638,2026-08-24 05:43:48.640,InnoDB,LOCK_SYS_PAGE,1139,13,530
1787550228.638,2026-08-24 05:43:48.640,InnoDB,LOCK_SYS_PAGE,1045,13,510
1787550228.638,2026-08-24 05:43:48.640,InnoDB,LOCK_SYS_PAGE,1012,13,507
1787550228.638,2026-08-24 05:43:48.640,InnoDB,LOCK_SYS_PAGE,1065,13,552
1787550228.638,2026-08-24 05:43:48.640,InnoDB,LOCK_SYS_PAGE,1088,13,565
1787550228.638,2026-08-24 05:43:48.640,InnoDB,LOCK_SYS_PAGE,960,13,463
1787550228.638,2026-08-24 05:43:48.640,InnoDB,LOCK_SYS_PAGE,1066,13,551
1787550228.638,2026-08-24 05:43:48.640,InnoDB,LOCK_SYS_PAGE,1057,13,564
1787550228.638,2026-08-24 05:43:48.640,InnoDB,LOCK_SYS_PAGE,993,12,555
1787550228.638,2026-08-24 05:43:48.640,InnoDB,LOCK_SYS_PAGE,1137,12,532
1787550228.638,2026-08-24 05:43:48.640,InnoDB,LOCK_SYS_PAGE,1041,12,494
1787550228.638,2026-08-24 05:43:48.640,InnoDB,LOCK_SYS_PAGE,1099,12,503
1787550228.638,2026-08-24 05:43:48.640,InnoDB,LOCK_SYS_PAGE,1069,12,546
1787550228.638,2026-08-24 05:43:48.640,InnoDB,LOCK_SYS_PAGE,914,12,441
1787550228.638,2026-08-24 05:43:48.640,InnoDB,LOCK_SYS_PAGE,1120,12,513
1787550228.638,2026-08-24 05:43:48.640,InnoDB,LOCK_SYS_PAGE,1011,12,548
1787550228.638,2026-08-24 05:43:48.640,InnoDB,LOCK_SYS_PAGE,1070,12,540
1787550228.638,2026-08-24 05:43:48.640,InnoDB,LOCK_SYS_PAGE,1017,12,556
1787550228.638,2026-08-24 05:43:48.640,InnoDB,LOCK_SYS_PAGE,1013,12,548
1787550228.638,2026-08-24 05:43:48.640,InnoDB,LOCK_SYS_PAGE,940,12,484
1787550228.638,2026-08-24 05:43:48.640,InnoDB,LOCK_SYS_PAGE,962,12,477
1787550228.638,2026-08-24 05:43:48.640,InnoDB,LOCK_SYS_PAGE,1032,12,545
1787550228.638,2026-08-24 05:43:48.640,InnoDB,LOCK_SYS_PAGE,976,12,484
1787550228.638,2026-08-24 05:43:48.640,InnoDB,LOCK_SYS_PAGE,908,12,501
1787550228.638,2026-08-24 05:43:48.640,InnoDB,LOCK_SYS_PAGE,1052,12,573
1787550228.638,2026-08-24 05:43:48.640,InnoDB,LOCK_SYS_PAGE,1030,12,541
1787550228.638,2026-08-24 05:43:48.640,InnoDB,LOCK_SYS_PAGE,986,12,479
1787550228.638,2026-08-24 05:43:48.640,InnoDB,LOCK_SYS_PAGE,980,12,509
1787550228.638,2026-08-24 05:43:48.640,InnoDB,LOCK_SYS_PAGE,951,12,515
1787550228.638,2026-08-24 05:43:48.640,InnoDB,LOCK_SYS_PAGE,986,12,519
1787550228.638,2026-08-24 05:43:48.640,InnoDB,LOCK_SYS_PAGE,1016,12,506
1787550228.638,2026-08-24 05:43:48.640,InnoDB,LOCK_SYS_PAGE,1065,12,529
1787550228.638,2026-08-24 05:43:48.640,InnoDB,LOCK_SYS_PAGE,1071,12,576
1787550228.638,2026-08-24 05:43:48.640,InnoDB,LOCK_SYS_PAGE,921,11,550
1787550228.638,2026-08-24 05:43:48.640,InnoDB,UNDO_SPACE_RSEG,4304,11,1909
1787550228.638,2026-08-24 05:43:48.640,InnoDB,LOCK_SYS_PAGE,905,11,513
1787550228.638,2026-08-24 05:43:48.640,InnoDB,LOCK_SYS_PAGE,969,11,541
1787550228.638,2026-08-24 05:43:48.640,InnoDB,LOCK_SYS_PAGE,970,11,513
1787550228.638,2026-08-24 05:43:48.640,InnoDB,LOCK_SYS_PAGE,1011,11,539
1787550228.638,2026-08-24 05:43:48.640,InnoDB,LOCK_SYS_PAGE,1002,11,577
1787550228.638,2026-08-24 05:43:48.640,InnoDB,LOCK_SYS_PAGE,907,11,500
1787550228.638,2026-08-24 05:43:48.640,InnoDB,LOCK_SYS_PAGE,923,11,516
1787550228.638,2026-08-24 05:43:48.640,InnoDB,LOCK_SYS_PAGE,1025,11,569
1787550228.638,2026-08-24 05:43:48.640,InnoDB,LOCK_SYS_PAGE,1008,11,509
1787550228.638,2026-08-24 05:43:48.640,InnoDB,LOCK_SYS_PAGE,940,11,520
1787550228.638,2026-08-24 05:43:48.640,InnoDB,LOCK_SYS_PAGE,986,11,497
1787550228.638,2026-08-24 05:43:48.640,InnoDB,LOCK_SYS_PAGE,959,11,524
1787550228.638,2026-08-24 05:43:48.640,InnoDB,LOCK_SYS_PAGE,1136,10,621
1787550228.638,2026-08-24 05:43:48.640,InnoDB,LOCK_SYS_PAGE,948,10,550
1787550228.638,2026-08-24 05:43:48.640,InnoDB,LOCK_SYS_PAGE,1020,10,535
1787550228.638,2026-08-24 05:43:48.640,InnoDB,DICT_TABLE_STATS_COMPUTE,300,10,4
1787550228.638,2026-08-24 05:43:48.640,InnoDB,LOCK_SYS_PAGE,971,10,561
1787550228.638,2026-08-24 05:43:48.640,InnoDB,LOCK_SYS_PAGE,975,10,540
1787550228.638,2026-08-24 05:43:48.640,InnoDB,LOCK_SYS_PAGE,1005,10,547
1787550228.638,2026-08-24 05:43:48.640,InnoDB,LOCK_SYS_PAGE,965,10,559
1787550228.638,2026-08-24 05:43:48.640,InnoDB,LOCK_SYS_PAGE,1040,10,589
1787550228.638,2026-08-24 05:43:48.640,InnoDB,LOCK_SYS_PAGE,922,10,524
1787550228.638,2026-08-24 05:43:48.640,InnoDB,LOCK_SYS_PAGE,1088,10,590
1787550228.638,2026-08-24 05:43:48.640,InnoDB,LOCK_SYS_PAGE,1046,10,611
1787550228.638,2026-08-24 05:43:48.640,InnoDB,LOCK_SYS_PAGE,921,9,522
1787550228.638,2026-08-24 05:43:48.640,InnoDB,LOCK_SYS_PAGE,962,9,542
1787550228.638,2026-08-24 05:43:48.640,InnoDB,LOCK_SYS_PAGE,889,9,479
1787550228.638,2026-08-24 05:43:48.640,InnoDB,LOCK_SYS_PAGE,1006,9,526
1787550228.638,2026-08-24 05:43:48.640,InnoDB,LOCK_SYS_PAGE,962,9,547
1787550228.638,2026-08-24 05:43:48.640,InnoDB,LOCK_SYS_PAGE,802,8,497
1787550228.638,2026-08-24 05:43:48.640,InnoDB,LOCK_SYS_PAGE,930,8,556
1787550228.638,2026-08-24 05:43:48.640,InnoDB,LOCK_SYS_PAGE,831,8,521
1787550228.638,2026-08-24 05:43:48.640,InnoDB,LOCK_SYS_PAGE,834,8,528
1787550228.638,2026-08-24 05:43:48.640,InnoDB,LOCK_SYS_PAGE,892,7,584
1787550228.638,2026-08-24 05:43:48.640,InnoDB,LOCK_SYS_PAGE,851,7,528
1787550228.638,2026-08-24 05:43:48.640,InnoDB,LOCK_SYS_WAIT,234,7,9
1787550228.638,2026-08-24 05:43:48.640,InnoDB,PARSER,242,6,6
1787550228.638,2026-08-24 05:43:48.640,InnoDB,FIL_SHARD,203,4,71
1787550228.638,2026-08-24 05:43:48.640,InnoDB,FIL_SHARD,156,3,73
1787550228.638,2026-08-24 05:43:48.640,InnoDB,FIL_SHARD,246,3,177
1787550228.638,2026-08-24 05:43:48.640,InnoDB,FIL_SHARD,100,2,24
1787550228.638,2026-08-24 05:43:48.640,InnoDB,FIL_SHARD,90,2,36
1787550228.638,2026-08-24 05:43:48.640,InnoDB,FIL_SHARD,132,2,93
1787550228.638,2026-08-24 05:43:48.640,InnoDB,FIL_SHARD,87,2,33
1787550228.638,2026-08-24 05:43:48.640,InnoDB,FIL_SHARD,119,2,58
1787550228.638,2026-08-24 05:43:48.640,InnoDB,FIL_SHARD,178,2,134
1787550228.638,2026-08-24 05:43:48.640,InnoDB,FIL_SHARD,136,2,49
1787550228.638,2026-08-24 05:43:48.640,InnoDB,FIL_SHARD,107,1,107
1787550228.638,2026-08-24 05:43:48.640,InnoDB,FIL_SHARD,49,1,29
1787550228.638,2026-08-24 05:43:48.640,InnoDB,TRX_SYS_SHARD,35,1,2
1787550228.638,2026-08-24 05:43:48.640,InnoDB,TRX_SYS_SHARD,30,1,1
1787550228.638,2026-08-24 05:43:48.640,InnoDB,TRX_SYS_SHARD,34,1,1
1787550228.638,2026-08-24 05:43:48.640,InnoDB,TRX_SYS_SHARD,34,1,1
1787550228.638,2026-08-24 05:43:48.640,InnoDB,FIL_SHARD,82,1,78
1787550228.638,2026-08-24 05:43:48.640,InnoDB,FIL_SHARD,98,1,84
1787550228.638,2026-08-24 05:43:48.640,InnoDB,TRX_SYS_SHARD,30,1,1
1787550228.638,2026-08-24 05:43:48.640,InnoDB,FIL_SHARD,65,1,51
1787550228.638,2026-08-24 05:43:48.640,InnoDB,FIL_SHARD,119,1,72
1787550228.638,2026-08-24 05:43:48.640,InnoDB,TRX_SYS_SHARD,30,1,1
1787550228.638,2026-08-24 05:43:48.640,InnoDB,FIL_SHARD,112,1,82
1787550228.638,2026-08-24 05:43:48.640,InnoDB,TRX_SYS_SHARD,34,1,1
1787550228.638,2026-08-24 05:43:48.640,InnoDB,TRX_SYS_SHARD,34,1,1
1787550228.638,2026-08-24 05:43:48.640,InnoDB,TRX_SYS_SHARD,2,0,1
1787550228.638,2026-08-24 05:43:48.640,InnoDB,TRX_SYS_SHARD,2,0,2
1787550228.638,2026-08-24 05:43:48.640,InnoDB,TRX_SYS_SHARD,1,0,1
1787550228.638,2026-08-24 05:43:48.640,InnoDB,TRX_SYS_SHARD,2,0,1
1787550228.638,2026-08-24 05:43:48.640,InnoDB,TRX_SYS_SHARD,1,0,1
1787550228.638,2026-08-24 05:43:48.640,InnoDB,TRX_SYS_SHARD,2,0,2
1787550228.638,2026-08-24 05:43:48.640,InnoDB,TRX_SYS_SHARD,1,0,1
1787550228.638,2026-08-24 05:43:48.640,InnoDB,TRX_SYS_SHARD,1,0,1
1787550228.638,2026-08-24 05:43:48.640,InnoDB,TRX_SYS_SHARD,1,0,1
1787550228.638,2026-08-24 05:43:48.640,InnoDB,TRX_SYS_SHARD,1,0,1
1787550228.638,2026-08-24 05:43:48.640,InnoDB,TRX_SYS_SHARD,1,0,1
1787550228.638,2026-08-24 05:43:48.640,InnoDB,TRX_SYS_SHARD,1,0,1
1787550228.638,2026-08-24 05:43:48.640,InnoDB,TRX_SYS_SHARD,1,0,1
1787550228.638,2026-08-24 05:43:48.640,InnoDB,TRX_SYS_SHARD,2,0,1
1787550228.638,2026-08-24 05:43:48.640,InnoDB,TRX_SYS_SHARD,2,0,1
1787550228.638,2026-08-24 05:43:48.640,InnoDB,TRX_SYS_SHARD,20,0,1
1787550228.638,2026-08-24 05:43:48.640,InnoDB,TRX_SYS_SHARD,1,0,1
1787550228.638,2026-08-24 05:43:48.640,InnoDB,TRX_SYS_SHARD,1,0,1
1787550228.638,2026-08-24 05:43:48.640,InnoDB,TRX_SYS_SHARD,2,0,1
1787550228.638,2026-08-24 05:43:48.640,InnoDB,TRX_SYS_SHARD,4,0,2
1787550228.638,2026-08-24 05:43:48.640,InnoDB,TRX_SYS_SHARD,2,0,2
1787550228.638,2026-08-24 05:43:48.640,InnoDB,TRX_SYS_SHARD,2,0,2
1787550228.638,2026-08-24 05:43:48.640,InnoDB,TRX_SYS_SHARD,1,0,1
1787550228.638,2026-08-24 05:43:48.640,InnoDB,TRX_SYS_SHARD,1,0,1
1787550228.638,2026-08-24 05:43:48.640,InnoDB,TRX_SYS_SHARD,1,0,1
1787550228.638,2026-08-24 05:43:48.640,InnoDB,AUTOINC,6,0,2
1787550228.638,2026-08-24 05:43:48.640,InnoDB,TRX_SYS_SHARD,1,0,1
1787550228.638,2026-08-24 05:43:48.640,InnoDB,TRX_SYS_SHARD,1,0,1
1787550228.638,2026-08-24 05:43:48.640,InnoDB,FIL_SHARD,347,0,404
1787550228.638,2026-08-24 05:43:48.640,InnoDB,TRX_SYS_SHARD,1,0,1
1787550228.638,2026-08-24 05:43:48.640,InnoDB,TRX_SYS_SHARD,1,0,1
1787550228.638,2026-08-24 05:43:48.640,InnoDB,TRX_SYS_SHARD,1,0,1
1787550228.638,2026-08-24 05:43:48.640,InnoDB,TRX_SYS_SHARD,1,0,1
1787550228.638,2026-08-24 05:43:48.640,InnoDB,TRX_SYS_SHARD,1,0,2
1787550228.638,2026-08-24 05:43:48.640,InnoDB,TRX_SYS_SHARD,2,0,1
1787550228.638,2026-08-24 05:43:48.640,InnoDB,TRX_SYS_SHARD,1,0,1
1787550228.638,2026-08-24 05:43:48.640,InnoDB,TRX_SYS_SHARD,2,0,2
1787550228.638,2026-08-24 05:43:48.640,InnoDB,TRX_SYS_SHARD,3,0,2
1787550228.638,2026-08-24 05:43:48.640,InnoDB,TRX_SYS_SHARD,5,0,2
1787550228.638,2026-08-24 05:43:48.640,InnoDB,TRX_SYS_SHARD,1,0,1
1787550228.638,2026-08-24 05:43:48.640,InnoDB,TRX_SYS_SHARD,1,0,1
1787550228.638,2026-08-24 05:43:48.640,InnoDB,TRX_SYS_SHARD,1,0,1
1787550228.638,2026-08-24 05:43:48.640,InnoDB,TRX_SYS_SHARD,1,0,1
1787550228.638,2026-08-24 05:43:48.640,InnoDB,TRX_SYS_SHARD,1,0,1
1787550228.638,2026-08-24 05:43:48.640,InnoDB,TRX_SYS_SHARD,2,0,1
1787550228.638,2026-08-24 05:43:48.640,InnoDB,TRX_SYS_SHARD,1,0,1
1787550228.638,2026-08-24 05:43:48.640,InnoDB,TRX_SYS_SHARD,5,0,3
1787550228.638,2026-08-24 05:43:48.640,InnoDB,TRX_SYS_SHARD,1,0,1
1787550228.638,2026-08-24 05:43:48.640,InnoDB,TRX_SYS_SHARD,1,0,1
1787550228.638,2026-08-24 05:43:48.640,InnoDB,TRX_SYS_SHARD,2,0,1
1787550228.638,2026-08-24 05:43:48.640,InnoDB,TRX_SYS_SHARD,2,0,2
1787550228.638,2026-08-24 05:43:48.640,InnoDB,DICT_TABLE,1,0,1
1787550228.638,2026-08-24 05:43:48.640,InnoDB,TRX_SYS_SHARD,1,0,1
1787550228.638,2026-08-24 05:43:48.640,InnoDB,TRX_SYS_SHARD,1,0,1
1787550228.638,2026-08-24 05:43:48.640,InnoDB,TRX_SYS_SHARD,2,0,1
1787550228.638,2026-08-24 05:43:48.640,InnoDB,TRX_SYS_SHARD,1,0,1
1787550228.638,2026-08-24 05:43:48.640,InnoDB,TRX_SYS_SHARD,1,0,1
1787550228.638,2026-08-24 05:43:48.640,InnoDB,TRX_SYS_SHARD,1,0,1
1787550228.638,2026-08-24 05:43:48.640,InnoDB,TRX_SYS_SHARD,2,0,1
1787550228.638,2026-08-24 05:43:48.640,InnoDB,TRX_SYS_SHARD,1,0,1
1787550228.638,2026-08-24 05:43:48.640,InnoDB,FIL_SHARD,115,0,150
1787550228.638,2026-08-24 05:43:48.640,InnoDB,FIL_SHARD,12,0,19
1787550228.638,2026-08-24 05:43:48.640,InnoDB,FIL_SHARD,22,0,40
1787550228.638,2026-08-24 05:43:48.640,InnoDB,FIL_SHARD,22,0,34
1787550228.638,2026-08-24 05:43:48.640,InnoDB,FIL_SHARD,68,0,85
1787550228.638,2026-08-24 05:43:48.640,InnoDB,FIL_SHARD,32,0,59
1787550228.638,2026-08-24 05:43:48.640,InnoDB,FIL_SHARD,29,0,42
1787550228.638,2026-08-24 05:43:48.640,InnoDB,FIL_SHARD,32,0,48
1787550228.638,2026-08-24 05:43:48.640,InnoDB,FIL_SHARD,41,0,64
1787550228.638,2026-08-24 05:43:48.640,InnoDB,LOG_LIMITS,217,0,150
1787550228.638,2026-08-24 05:43:48.640,InnoDB,FIL_SHARD,79,0,95
1787550228.638,2026-08-24 05:43:48.640,InnoDB,PERSIST_AUTOINC,5,0,1
1787550228.638,2026-08-24 05:43:48.640,InnoDB,FIL_SHARD,64,0,81
1787550228.638,2026-08-24 05:43:48.640,InnoDB,RECALC_POOL,11,0,10
1787550228.638,2026-08-24 05:43:48.640,InnoDB,RW_LOCK_LIST,1,0,1
1787550228.638,2026-08-24 05:43:48.640,InnoDB,TRX_POOL_MANAGER,6,0,3
1787550228.638,2026-08-24 05:43:48.640,InnoDB,TRX,3,0,1
1787550228.638,2026-08-24 05:43:48.640,InnoDB,FIL_SHARD,33,0,49
1787550228.638,2026-08-24 05:43:48.640,InnoDB,FIL_SHARD,75,0,54
1787550228.638,2026-08-24 05:43:48.640,InnoDB,FIL_SHARD,28,0,45
1787550228.638,2026-08-24 05:43:48.640,InnoDB,FIL_SHARD,11,0,18
1787550228.638,2026-08-24 05:43:48.640,InnoDB,FIL_SHARD,20,0,26
1787550228.638,2026-08-24 05:43:48.640,InnoDB,FIL_SHARD,46,0,64
1787550228.638,2026-08-24 05:43:48.640,InnoDB,FIL_SHARD,26,0,41
1787550228.638,2026-08-24 05:43:48.640,InnoDB,FIL_SHARD,20,0,32
1787550228.638,2026-08-24 05:43:48.640,InnoDB,FIL_SHARD,34,0,33
1787550228.638,2026-08-24 05:43:48.640,InnoDB,TRX,1,0,1
1787550228.638,2026-08-24 05:43:48.640,InnoDB,FIL_SHARD,20,0,25
1787550228.638,2026-08-24 05:43:48.640,InnoDB,FIL_SHARD,27,0,55
1787550228.638,2026-08-24 05:43:48.640,InnoDB,FIL_SHARD,29,0,27
1787550228.638,2026-08-24 05:43:48.640,InnoDB,FIL_SHARD,37,0,50
1787550228.638,2026-08-24 05:43:48.640,InnoDB,FIL_SHARD,40,0,42
1787550228.638,2026-08-24 05:43:48.640,InnoDB,FIL_SHARD,48,0,85
1787550228.638,2026-08-24 05:43:48.640,InnoDB,FIL_SHARD,44,0,36
1787550228.638,2026-08-24 05:43:48.640,InnoDB,TRX_SYS_SHARD,12,0,3
1787550228.638,2026-08-24 05:43:48.640,InnoDB,TRX_SYS_SHARD,14,0,1
1787550228.638,2026-08-24 05:43:48.640,InnoDB,TRX_SYS_SHARD,1,0,1
1787550228.638,2026-08-24 05:43:48.640,InnoDB,TRX_SYS_SHARD,3,0,3
1787550228.638,2026-08-24 05:43:48.640,InnoDB,TRX_SYS_SHARD,2,0,2
1787550228.638,2026-08-24 05:43:48.640,InnoDB,TRX_SYS_SHARD,1,0,1
1787550228.638,2026-08-24 05:43:48.640,InnoDB,TRX_SYS_SHARD,1,0,1
1787550228.638,2026-08-24 05:43:48.640,InnoDB,TRX_SYS_SHARD,1,0,1
1787550228.638,2026-08-24 05:43:48.640,InnoDB,TRX_SYS_SHARD,22,0,1
1787550228.638,2026-08-24 05:43:48.640,InnoDB,TRX_SYS_SHARD,1,0,1
1787550228.638,2026-08-24 05:43:48.640,InnoDB,TRX_SYS_SHARD,1,0,1
1787550228.638,2026-08-24 05:43:48.640,InnoDB,TRX_SYS_SHARD,1,0,1
1787550228.638,2026-08-24 05:43:48.640,InnoDB,TRX_SYS_SHARD,26,0,1
1787550228.638,2026-08-24 05:43:48.640,InnoDB,TRX_SYS_SHARD,1,0,1
1787550228.638,2026-08-24 05:43:48.640,InnoDB,TRX_SYS_SHARD,1,0,1
1787550228.638,2026-08-24 05:43:48.640,InnoDB,TRX_SYS_SHARD,2,0,2
1787550228.638,2026-08-24 05:43:48.640,InnoDB,TRX_SYS_SHARD,1,0,1
1787550228.638,2026-08-24 05:43:48.640,InnoDB,TRX_SYS_SHARD,1,0,1
1787550228.638,2026-08-24 05:43:48.640,InnoDB,FIL_SHARD,147,0,166
1787550228.638,2026-08-24 05:43:48.640,InnoDB,TRX_SYS_SHARD,2,0,2
1787550228.638,2026-08-24 05:43:48.640,InnoDB,TRX_SYS_SHARD,1,0,1
1787550228.638,2026-08-24 05:43:48.640,InnoDB,TRX_SYS_SHARD,2,0,1
1787550228.638,2026-08-24 05:43:48.640,InnoDB,TRX_SYS_SHARD,1,0,1
1787550228.638,2026-08-24 05:43:48.640,InnoDB,TRX_SYS_SHARD,1,0,1
1787550228.638,2026-08-24 05:43:48.640,InnoDB,TRX_SYS_SHARD,1,0,1
1787550228.638,2026-08-24 05:43:48.640,InnoDB,TRX_SYS_SHARD,1,0,2
1787550228.638,2026-08-24 05:43:48.640,InnoDB,TRX_SYS_SHARD,1,0,1
1787550228.638,2026-08-24 05:43:48.640,InnoDB,TRX_SYS_SHARD,2,0,1
1787550228.638,2026-08-24 05:43:48.640,InnoDB,TRX_SYS_SHARD,1,0,1
1787550228.638,2026-08-24 05:43:48.640,InnoDB,TRX_SYS_SHARD,1,0,1
1787550228.638,2026-08-24 05:43:48.640,InnoDB,TRX_SYS_SHARD,2,0,1
1787550228.638,2026-08-24 05:43:48.640,InnoDB,TRX_SYS_SHARD,1,0,1
1787550228.638,2026-08-24 05:43:48.640,InnoDB,TRX_SYS_SHARD,1,0,1
1787550228.638,2026-08-24 05:43:48.640,InnoDB,TRX_SYS_SHARD,1,0,1
1787550228.638,2026-08-24 05:43:48.640,InnoDB,rwlock: dict0dict.cc:2631,,16747,
1787550228.638,2026-08-24 05:43:48.640,InnoDB,rwlock: dict0dict.cc:2631,,17413,
1787550228.638,2026-08-24 05:43:48.640,InnoDB,rwlock: dict0dict.cc:2631,,17041,
1787550228.638,2026-08-24 05:43:48.640,InnoDB,rwlock: dict0dict.cc:2631,,16816,
1787550228.638,2026-08-24 05:43:48.640,InnoDB,rwlock: dict0dict.cc:2631,,16969,
1787550228.638,2026-08-24 05:43:48.640,InnoDB,rwlock: dict0dict.cc:2631,,17046,
1787550228.638,2026-08-24 05:43:48.640,InnoDB,rwlock: dict0dict.cc:2631,,16517,
1787550228.638,2026-08-24 05:43:48.640,InnoDB,rwlock: dict0dict.cc:2631,,17007,
1787550228.638,2026-08-24 05:43:48.640,InnoDB,rwlock: dict0dict.cc:2631,,16890,
1787550228.638,2026-08-24 05:43:48.640,InnoDB,rwlock: dict0dict.cc:2631,,16630,
1787550228.638,2026-08-24 05:43:48.640,InnoDB,rwlock: dict0dict.cc:2631,,16912,
1787550228.638,2026-08-24 05:43:48.640,InnoDB,rwlock: dict0dict.cc:2631,,17053,
1787550228.638,2026-08-24 05:43:48.640,InnoDB,rwlock: dict0dict.cc:2631,,16702,
1787550228.638,2026-08-24 05:43:48.640,InnoDB,rwlock: dict0dict.cc:2631,,17011,
1787550228.638,2026-08-24 05:43:48.640,InnoDB,rwlock: dict0dict.cc:2631,,16820,
1787550228.638,2026-08-24 05:43:48.640,InnoDB,rwlock: dict0dict.cc:2631,,16183,
1787550228.638,2026-08-24 05:43:48.640,InnoDB,rwlock: dict0dict.cc:2631,,16726,
1787550228.638,2026-08-24 05:43:48.640,InnoDB,rwlock: dict0dict.cc:2631,,16503,
1787550228.638,2026-08-24 05:43:48.640,InnoDB,rwlock: dict0dict.cc:2631,,16348,
1787550228.638,2026-08-24 05:43:48.640,InnoDB,rwlock: dict0dict.cc:2631,,15355,
1787550228.638,2026-08-24 05:43:48.640,InnoDB,rwlock: dict0dict.cc:2631,,1,
1787550228.638,2026-08-24 05:43:48.640,InnoDB,rwlock: fil0fil.cc:10242,,1,
1787550228.638,2026-08-24 05:43:48.640,InnoDB,rwlock: dict0dict.cc:2631,,2,
1787550228.638,2026-08-24 05:43:48.640,InnoDB,rwlock: dict0dict.cc:2631,,1,
1787550228.638,2026-08-24 05:43:48.640,InnoDB,rwlock: dict0dict.cc:2631,,2,
1787550228.638,2026-08-24 05:43:48.640,InnoDB,rwlock: dict0dict.cc:2631,,1,
1787550228.638,2026-08-24 05:43:48.640,InnoDB,rwlock: dict0dict.cc:2631,,2,
1787550228.638,2026-08-24 05:43:48.640,InnoDB,rwlock: dict0dict.cc:2631,,1,
1787550228.638,2026-08-24 05:43:48.640,InnoDB,rwlock: dict0dict.cc:2631,,2,
1787550228.638,2026-08-24 05:43:48.640,InnoDB,rwlock: dict0dict.cc:2631,,1,
1787550228.638,2026-08-24 05:43:48.640,InnoDB,rwlock: dict0dict.cc:2631,,1,
1787550228.638,2026-08-24 05:43:48.640,InnoDB,rwlock: dict0dict.cc:2631,,2,
1787550228.638,2026-08-24 05:43:48.640,InnoDB,rwlock: dict0dict.cc:2631,,1,
1787550228.638,2026-08-24 05:43:48.640,InnoDB,rwlock: fil0fil.cc:10242,,1,
1787550228.638,2026-08-24 05:43:48.640,InnoDB,rwlock: dict0dict.cc:2631,,1,
1787550228.638,2026-08-24 05:43:48.640,InnoDB,rwlock: dict0dict.cc:2631,,1,
1787550228.638,2026-08-24 05:43:48.640,InnoDB,rwlock: dict0dict.cc:2631,,1,
1787550228.638,2026-08-24 05:43:48.640,InnoDB,rwlock: trx0purge.cc:232,,15,
1787550228.638,2026-08-24 05:43:48.640,InnoDB,rwlock: fil0fil.cc:10242,,5180,
1787550228.638,2026-08-24 05:43:48.640,InnoDB,rwlock: fil0fil.cc:10242,,4950,
1787550228.638,2026-08-24 05:43:48.640,InnoDB,rwlock: dict0dict.cc:1180,,10,
1787550228.638,2026-08-24 05:43:48.640,InnoDB,rwlock: hash0hash.cc:117,,999,
1787550228.638,2026-08-24 05:43:48.640,InnoDB,rwlock: hash0hash.cc:117,,1146,
1787550228.638,2026-08-24 05:43:48.640,InnoDB,rwlock: hash0hash.cc:117,,617,
1787550228.638,2026-08-24 05:43:48.640,InnoDB,rwlock: hash0hash.cc:117,,706,
1787550228.638,2026-08-24 05:43:48.640,InnoDB,rwlock: hash0hash.cc:117,,4351,
1787550228.638,2026-08-24 05:43:48.640,InnoDB,rwlock: hash0hash.cc:117,,757,
1787550228.638,2026-08-24 05:43:48.640,InnoDB,rwlock: hash0hash.cc:117,,1356,
1787550228.638,2026-08-24 05:43:48.640,InnoDB,rwlock: hash0hash.cc:117,,791,
1787550228.638,2026-08-24 05:43:48.640,InnoDB,rwlock: hash0hash.cc:117,,754,
1787550228.638,2026-08-24 05:43:48.640,InnoDB,rwlock: hash0hash.cc:117,,850,
1787550228.638,2026-08-24 05:43:48.640,InnoDB,rwlock: hash0hash.cc:117,,803,
1787550228.638,2026-08-24 05:43:48.640,InnoDB,rwlock: hash0hash.cc:117,,804,
1787550228.638,2026-08-24 05:43:48.640,InnoDB,rwlock: hash0hash.cc:117,,937,
1787550228.638,2026-08-24 05:43:48.640,InnoDB,rwlock: hash0hash.cc:117,,885,
1787550228.638,2026-08-24 05:43:48.640,InnoDB,rwlock: hash0hash.cc:117,,818,
1787550228.638,2026-08-24 05:43:48.640,InnoDB,rwlock: hash0hash.cc:117,,2372,
1787550228.638,2026-08-24 05:43:48.640,InnoDB,rwlock: hash0hash.cc:117,,957,
1787550228.638,2026-08-24 05:43:48.640,InnoDB,rwlock: hash0hash.cc:117,,949,
1787550228.638,2026-08-24 05:43:48.640,InnoDB,rwlock: hash0hash.cc:117,,1064,
1787550228.638,2026-08-24 05:43:48.640,InnoDB,rwlock: hash0hash.cc:117,,585,
1787550228.638,2026-08-24 05:43:48.640,InnoDB,rwlock: hash0hash.cc:117,,614,
1787550228.638,2026-08-24 05:43:48.640,InnoDB,rwlock: hash0hash.cc:117,,2030,
1787550228.638,2026-08-24 05:43:48.640,InnoDB,rwlock: hash0hash.cc:117,,1981,
1787550228.638,2026-08-24 05:43:48.640,InnoDB,rwlock: hash0hash.cc:117,,458,
1787550228.638,2026-08-24 05:43:48.640,InnoDB,rwlock: hash0hash.cc:117,,519,
1787550228.638,2026-08-24 05:43:48.640,InnoDB,rwlock: hash0hash.cc:117,,641,
1787550228.638,2026-08-24 05:43:48.640,InnoDB,rwlock: hash0hash.cc:117,,414,
1787550228.638,2026-08-24 05:43:48.640,InnoDB,rwlock: hash0hash.cc:117,,484,
1787550228.638,2026-08-24 05:43:48.640,InnoDB,rwlock: hash0hash.cc:117,,500,
1787550228.638,2026-08-24 05:43:48.640,InnoDB,rwlock: hash0hash.cc:117,,792,
1787550228.638,2026-08-24 05:43:48.640,InnoDB,rwlock: hash0hash.cc:117,,482,
1787550228.638,2026-08-24 05:43:48.640,InnoDB,rwlock: hash0hash.cc:117,,655,
1787550228.638,2026-08-24 05:43:48.640,InnoDB,rwlock: hash0hash.cc:117,,720,
1787550228.638,2026-08-24 05:43:48.640,InnoDB,rwlock: hash0hash.cc:117,,636,
1787550228.638,2026-08-24 05:43:48.640,InnoDB,rwlock: hash0hash.cc:117,,499,
1787550228.638,2026-08-24 05:43:48.640,InnoDB,rwlock: hash0hash.cc:117,,698,
1787550228.638,2026-08-24 05:43:48.640,InnoDB,rwlock: hash0hash.cc:117,,1261,
1787550228.638,2026-08-24 05:43:48.640,InnoDB,rwlock: hash0hash.cc:117,,576,
1787550228.638,2026-08-24 05:43:48.640,InnoDB,rwlock: hash0hash.cc:117,,2923,
1787550228.638,2026-08-24 05:43:48.640,InnoDB,rwlock: hash0hash.cc:117,,449,
1787550228.638,2026-08-24 05:43:48.640,InnoDB,rwlock: hash0hash.cc:117,,461,
1787550228.638,2026-08-24 05:43:48.640,InnoDB,rwlock: hash0hash.cc:117,,503,
1787550228.638,2026-08-24 05:43:48.640,InnoDB,rwlock: hash0hash.cc:117,,433,
1787550228.638,2026-08-24 05:43:48.640,InnoDB,rwlock: hash0hash.cc:117,,483,
1787550228.638,2026-08-24 05:43:48.640,InnoDB,rwlock: hash0hash.cc:117,,556,
1787550228.638,2026-08-24 05:43:48.640,InnoDB,rwlock: hash0hash.cc:117,,1737,
1787550228.638,2026-08-24 05:43:48.640,InnoDB,rwlock: hash0hash.cc:117,,565,
1787550228.638,2026-08-24 05:43:48.640,InnoDB,rwlock: hash0hash.cc:117,,1141,
1787550228.638,2026-08-24 05:43:48.640,InnoDB,rwlock: hash0hash.cc:117,,658,
1787550228.638,2026-08-24 05:43:48.640,InnoDB,rwlock: hash0hash.cc:117,,705,
1787550228.638,2026-08-24 05:43:48.640,InnoDB,rwlock: hash0hash.cc:117,,619,
1787550228.638,2026-08-24 05:43:48.640,InnoDB,rwlock: hash0hash.cc:117,,748,
1787550228.638,2026-08-24 05:43:48.640,InnoDB,rwlock: hash0hash.cc:117,,625,
1787550228.638,2026-08-24 05:43:48.640,InnoDB,rwlock: hash0hash.cc:117,,994,
1787550228.638,2026-08-24 05:43:48.640,InnoDB,rwlock: hash0hash.cc:117,,1165,
1787550228.638,2026-08-24 05:43:48.640,InnoDB,rwlock: hash0hash.cc:117,,481,
1787550228.638,2026-08-24 05:43:48.640,InnoDB,rwlock: hash0hash.cc:117,,739,
1787550228.638,2026-08-24 05:43:48.640,InnoDB,rwlock: hash0hash.cc:117,,546,
1787550228.638,2026-08-24 05:43:48.640,InnoDB,rwlock: hash0hash.cc:117,,805,
1787550228.638,2026-08-24 05:43:48.640,InnoDB,rwlock: hash0hash.cc:117,,920,
1787550228.638,2026-08-24 05:43:48.640,InnoDB,rwlock: hash0hash.cc:117,,1603,
1787550228.638,2026-08-24 05:43:48.640,InnoDB,rwlock: hash0hash.cc:117,,619,
1787550228.638,2026-08-24 05:43:48.640,InnoDB,rwlock: hash0hash.cc:117,,2189,
1787550228.638,2026-08-24 05:43:48.640,InnoDB,rwlock: hash0hash.cc:117,,1763,
1787550228.638,2026-08-24 05:43:48.640,InnoDB,rwlock: hash0hash.cc:117,,1111,
1787550228.638,2026-08-24 05:43:48.640,InnoDB,rwlock: hash0hash.cc:117,,2634,
1787550228.638,2026-08-24 05:43:48.640,InnoDB,rwlock: hash0hash.cc:117,,922,
1787550228.638,2026-08-24 05:43:48.640,InnoDB,rwlock: hash0hash.cc:117,,1008,
1787550228.638,2026-08-24 05:43:48.640,InnoDB,rwlock: hash0hash.cc:117,,785,
1787550228.638,2026-08-24 05:43:48.640,InnoDB,rwlock: hash0hash.cc:117,,944,
1787550228.638,2026-08-24 05:43:48.640,InnoDB,rwlock: hash0hash.cc:117,,685,
1787550228.638,2026-08-24 05:43:48.640,InnoDB,rwlock: hash0hash.cc:117,,2393,
1787550228.638,2026-08-24 05:43:48.640,InnoDB,rwlock: hash0hash.cc:117,,868,
1787550228.638,2026-08-24 05:43:48.640,InnoDB,rwlock: hash0hash.cc:117,,1454,
1787550228.638,2026-08-24 05:43:48.640,InnoDB,rwlock: hash0hash.cc:117,,661,
1787550228.638,2026-08-24 05:43:48.640,InnoDB,rwlock: hash0hash.cc:117,,1055,
1787550228.638,2026-08-24 05:43:48.640,InnoDB,rwlock: hash0hash.cc:117,,2419,
1787550228.638,2026-08-24 05:43:48.640,InnoDB,rwlock: hash0hash.cc:117,,900,
1787550228.638,2026-08-24 05:43:48.640,InnoDB,rwlock: hash0hash.cc:117,,1047,
1787550228.638,2026-08-24 05:43:48.640,InnoDB,rwlock: hash0hash.cc:117,,897,
1787550228.638,2026-08-24 05:43:48.640,InnoDB,rwlock: hash0hash.cc:117,,720,
1787550228.638,2026-08-24 05:43:48.640,InnoDB,rwlock: hash0hash.cc:117,,524,
1787550228.638,2026-08-24 05:43:48.640,InnoDB,rwlock: hash0hash.cc:117,,782,
1787550228.638,2026-08-24 05:43:48.640,InnoDB,rwlock: hash0hash.cc:117,,588,
1787550228.638,2026-08-24 05:43:48.640,InnoDB,rwlock: hash0hash.cc:117,,584,
1787550228.638,2026-08-24 05:43:48.640,InnoDB,rwlock: hash0hash.cc:117,,680,
1787550228.638,2026-08-24 05:43:48.640,InnoDB,rwlock: hash0hash.cc:117,,866,
1787550228.638,2026-08-24 05:43:48.640,InnoDB,rwlock: hash0hash.cc:117,,517,
1787550228.638,2026-08-24 05:43:48.640,InnoDB,rwlock: hash0hash.cc:117,,1909,
1787550228.638,2026-08-24 05:43:48.640,InnoDB,rwlock: hash0hash.cc:117,,668,
1787550228.638,2026-08-24 05:43:48.640,InnoDB,rwlock: hash0hash.cc:117,,613,
1787550228.638,2026-08-24 05:43:48.640,InnoDB,rwlock: hash0hash.cc:117,,1774,
1787550228.638,2026-08-24 05:43:48.640,InnoDB,rwlock: hash0hash.cc:117,,675,
1787550228.638,2026-08-24 05:43:48.640,InnoDB,rwlock: hash0hash.cc:117,,423,
1787550228.638,2026-08-24 05:43:48.640,InnoDB,rwlock: hash0hash.cc:117,,540,
1787550228.638,2026-08-24 05:43:48.640,InnoDB,rwlock: hash0hash.cc:117,,651,
1787550228.638,2026-08-24 05:43:48.640,InnoDB,rwlock: hash0hash.cc:117,,575,
1787550228.638,2026-08-24 05:43:48.640,InnoDB,rwlock: hash0hash.cc:117,,1046,
1787550228.638,2026-08-24 05:43:48.640,InnoDB,rwlock: hash0hash.cc:117,,593,
1787550228.638,2026-08-24 05:43:48.640,InnoDB,rwlock: hash0hash.cc:117,,482,
1787550228.638,2026-08-24 05:43:48.640,InnoDB,rwlock: hash0hash.cc:117,,537,
1787550228.638,2026-08-24 05:43:48.640,InnoDB,rwlock: hash0hash.cc:117,,2433,
1787550228.638,2026-08-24 05:43:48.640,InnoDB,rwlock: hash0hash.cc:117,,744,
1787550228.638,2026-08-24 05:43:48.640,InnoDB,rwlock: hash0hash.cc:117,,745,
1787550228.638,2026-08-24 05:43:48.640,InnoDB,rwlock: hash0hash.cc:117,,1119,
1787550228.638,2026-08-24 05:43:48.640,InnoDB,rwlock: hash0hash.cc:117,,1003,
1787550228.638,2026-08-24 05:43:48.640,InnoDB,rwlock: hash0hash.cc:117,,688,
1787550228.638,2026-08-24 05:43:48.640,InnoDB,rwlock: hash0hash.cc:117,,645,
1787550228.638,2026-08-24 05:43:48.640,InnoDB,rwlock: hash0hash.cc:117,,545,
1787550228.638,2026-08-24 05:43:48.640,InnoDB,rwlock: hash0hash.cc:117,,727,
1787550228.638,2026-08-24 05:43:48.640,InnoDB,rwlock: hash0hash.cc:117,,1797,
1787550228.638,2026-08-24 05:43:48.640,InnoDB,rwlock: hash0hash.cc:117,,939,
1787550228.638,2026-08-24 05:43:48.640,InnoDB,rwlock: hash0hash.cc:117,,597,
1787550228.638,2026-08-24 05:43:48.640,InnoDB,rwlock: hash0hash.cc:117,,676,
1787550228.638,2026-08-24 05:43:48.640,InnoDB,rwlock: hash0hash.cc:117,,628,
1787550228.638,2026-08-24 05:43:48.640,InnoDB,rwlock: hash0hash.cc:117,,657,
1787550228.638,2026-08-24 05:43:48.640,InnoDB,rwlock: hash0hash.cc:117,,431,
1787550228.638,2026-08-24 05:43:48.640,InnoDB,rwlock: hash0hash.cc:117,,2121,
1787550228.638,2026-08-24 05:43:48.640,InnoDB,rwlock: hash0hash.cc:117,,733,
1787550228.638,2026-08-24 05:43:48.640,InnoDB,rwlock: hash0hash.cc:117,,1859,
1787550228.638,2026-08-24 05:43:48.640,InnoDB,rwlock: hash0hash.cc:117,,946,
1787550228.638,2026-08-24 05:43:48.640,InnoDB,rwlock: hash0hash.cc:117,,587,
1787550228.638,2026-08-24 05:43:48.640,InnoDB,rwlock: hash0hash.cc:117,,720,
1787550228.638,2026-08-24 05:43:48.640,InnoDB,rwlock: hash0hash.cc:117,,484,
1787550228.638,2026-08-24 05:43:48.640,InnoDB,rwlock: hash0hash.cc:117,,514,
1787550228.638,2026-08-24 05:43:48.640,InnoDB,rwlock: hash0hash.cc:117,,540,
1787550228.638,2026-08-24 05:43:48.640,InnoDB,rwlock: hash0hash.cc:117,,2128,
1787550228.638,2026-08-24 05:43:48.640,InnoDB,rwlock: hash0hash.cc:117,,979,
1787550228.638,2026-08-24 05:43:48.640,InnoDB,sum rwlock: buf0buf.cc:852,,253528,
1787550236.252,2026-08-24 05:43:56.254,InnoDB,TRX_SYS,21969940,287657,9296164
1787550236.252,2026-08-24 05:43:56.254,InnoDB,SRV_SYS,9290688,234077,1013577
1787550236.252,2026-08-24 05:43:56.254,InnoDB,LOG_WRITER,3236618,107805,1941
1787550236.252,2026-08-24 05:43:56.254,InnoDB,BUF_POOL_LRU_LIST,4095992,69953,1454480
1787550236.252,2026-08-24 05:43:56.254,InnoDB,BUF_POOL_LRU_LIST,3811124,62466,1451921
1787550236.252,2026-08-24 05:43:56.254,InnoDB,BUF_POOL_LRU_LIST,3644314,59630,1359133
1787550236.252,2026-08-24 05:43:56.254,InnoDB,BUF_POOL_LRU_LIST,3663516,58314,1396507
1787550236.252,2026-08-24 05:43:56.254,InnoDB,BUF_POOL_LRU_LIST,3659257,57988,1394827
1787550236.252,2026-08-24 05:43:56.254,InnoDB,BUF_POOL_LRU_LIST,3573969,57784,1365248
1787550236.252,2026-08-24 05:43:56.254,InnoDB,BUF_POOL_LRU_LIST,3644703,57327,1441882
1787550236.252,2026-08-24 05:43:56.254,InnoDB,BUF_POOL_LRU_LIST,3546959,56076,1404474
1787550236.252,2026-08-24 05:43:56.254,InnoDB,DICT_SYS,30788698,37015,20867620
1787550236.252,2026-08-24 05:43:56.254,InnoDB,FLUSH_LIST,1086713,30111,152686
1787550236.252,2026-08-24 05:43:56.254,InnoDB,FLUSH_LIST,981705,26705,148908
1787550236.252,2026-08-24 05:43:56.254,InnoDB,FLUSH_LIST,971003,26308,146576
1787550236.252,2026-08-24 05:43:56.254,InnoDB,FLUSH_LIST,967350,26262,147182
1787550236.252,2026-08-24 05:43:56.254,InnoDB,FLUSH_LIST,967439,26063,155851
1787550236.252,2026-08-24 05:43:56.254,InnoDB,FLUSH_LIST,964857,25968,154966
1787550236.252,2026-08-24 05:43:56.254,InnoDB,FLUSH_LIST,939000,25247,146024
1787550236.252,2026-08-24 05:43:56.254,InnoDB,FLUSH_LIST,757697,19223,145374
1787550236.252,2026-08-24 05:43:56.254,InnoDB,BUF_POOL_FLUSH_STATE,1249402,17340,420054
1787550236.252,2026-08-24 05:43:56.254,InnoDB,BUF_POOL_FLUSH_STATE,1241110,17270,408458
1787550236.252,2026-08-24 05:43:56.254,InnoDB,BUF_POOL_FLUSH_STATE,1205549,16822,393312
1787550236.252,2026-08-24 05:43:56.254,InnoDB,BUF_POOL_FLUSH_STATE,1220590,16687,419276
1787550236.252,2026-08-24 05:43:56.254,InnoDB,BUF_POOL_FLUSH_STATE,1195403,16641,391137
1787550236.252,2026-08-24 05:43:56.254,InnoDB,BUF_POOL_FLUSH_STATE,1182796,16249,390845
1787550236.252,2026-08-24 05:43:56.254,InnoDB,BUF_POOL_FLUSH_STATE,1149752,15979,385628
1787550236.252,2026-08-24 05:43:56.254,InnoDB,BUF_POOL_FLUSH_STATE,1184764,15790,402911
1787550236.252,2026-08-24 05:43:56.254,InnoDB,PURGE_SYS_PQ,1787280,12185,1163238
1787550236.252,2026-08-24 05:43:56.254,InnoDB,TRX_SYS_SERIALISATION,1279785,10837,792151
1787550236.252,2026-08-24 05:43:56.254,InnoDB,FIL_SHARD,214499,3891,58695
1787550236.252,2026-08-24 05:43:56.254,InnoDB,FIL_SHARD,204054,3584,58543
1787550236.252,2026-08-24 05:43:56.254,InnoDB,FIL_SHARD,209995,3560,63082
1787550236.252,2026-08-24 05:43:56.254,InnoDB,FIL_SHARD,198246,3548,56457
1787550236.252,2026-08-24 05:43:56.254,InnoDB,FIL_SHARD,217389,3527,62488
1787550236.252,2026-08-24 05:43:56.254,InnoDB,FIL_SHARD,189031,3329,54875
1787550236.252,2026-08-24 05:43:56.254,InnoDB,FIL_SHARD,187730,3284,55668
1787550236.252,2026-08-24 05:43:56.254,InnoDB,FIL_SHARD,185169,3258,53826
1787550236.252,2026-08-24 05:43:56.254,InnoDB,FIL_SHARD,184781,3250,53960
1787550236.252,2026-08-24 05:43:56.254,InnoDB,FIL_SHARD,185854,3247,53820
1787550236.252,2026-08-24 05:43:56.254,InnoDB,FIL_SHARD,176744,3136,51455
1787550236.252,2026-08-24 05:43:56.254,InnoDB,FIL_SHARD,177098,3127,53375
1787550236.252,2026-08-24 05:43:56.254,InnoDB,FIL_SHARD,173793,3101,50126
1787550236.252,2026-08-24 05:43:56.254,InnoDB,FIL_SHARD,166010,3008,49006
1787550236.252,2026-08-24 05:43:56.254,InnoDB,FIL_SHARD,168474,2982,51831
1787550236.252,2026-08-24 05:43:56.254,InnoDB,FIL_SHARD,171575,2962,51479
1787550236.252,2026-08-24 05:43:56.254,InnoDB,FIL_SHARD,155445,2721,46488
1787550236.252,2026-08-24 05:43:56.254,InnoDB,FIL_SHARD,157012,2702,50452
1787550236.252,2026-08-24 05:43:56.254,InnoDB,FIL_SHARD,157602,2694,51532
1787550236.252,2026-08-24 05:43:56.254,InnoDB,FIL_SHARD,147502,2601,46465
1787550236.252,2026-08-24 05:43:56.254,InnoDB,TRX,672052,2339,988017
1787550236.252,2026-08-24 05:43:56.254,InnoDB,LOG_FILES,47958,1393,1672
1787550236.252,2026-08-24 05:43:56.254,InnoDB,LOCK_SYS_TABLE,85301,1202,38794
1787550236.252,2026-08-24 05:43:56.254,InnoDB,LOCK_SYS_TABLE,82229,1184,38009
1787550236.252,2026-08-24 05:43:56.254,InnoDB,LOCK_SYS_TABLE,82189,1130,39844
1787550236.252,2026-08-24 05:43:56.254,InnoDB,LOCK_SYS_TABLE,82461,1109,38253
1787550236.252,2026-08-24 05:43:56.254,InnoDB,LOCK_SYS_TABLE,79769,1108,36893
1787550236.252,2026-08-24 05:43:56.254,InnoDB,LOCK_SYS_TABLE,81007,1091,38039
1787550236.252,2026-08-24 05:43:56.254,InnoDB,LOCK_SYS_TABLE,79158,1079,39149
1787550236.252,2026-08-24 05:43:56.254,InnoDB,LOG_FLUSHER,43453,1072,1843
1787550236.252,2026-08-24 05:43:56.254,InnoDB,LOCK_SYS_TABLE,82092,1071,40687
1787550236.252,2026-08-24 05:43:56.254,InnoDB,LOCK_SYS_TABLE,79545,1061,37981
1787550236.252,2026-08-24 05:43:56.254,InnoDB,LOCK_SYS_TABLE,78951,1057,38478
1787550236.252,2026-08-24 05:43:56.254,InnoDB,LOCK_SYS_TABLE,79488,1037,37620
1787550236.252,2026-08-24 05:43:56.254,InnoDB,LOCK_SYS_TABLE,80418,1029,38656
1787550236.252,2026-08-24 05:43:56.254,InnoDB,LOCK_SYS_TABLE,80031,1029,40839
1787550236.252,2026-08-24 05:43:56.254,InnoDB,LOCK_SYS_TABLE,78022,1022,37598
1787550236.252,2026-08-24 05:43:56.254,InnoDB,LOCK_SYS_TABLE,76783,1018,36602
1787550236.252,2026-08-24 05:43:56.254,InnoDB,LOCK_SYS_TABLE,75168,979,39101
1787550236.252,2026-08-24 05:43:56.254,InnoDB,LOCK_SYS_TABLE,75928,977,38311
1787550236.252,2026-08-24 05:43:56.254,InnoDB,LOCK_SYS_TABLE,74248,940,38251
1787550236.252,2026-08-24 05:43:56.254,InnoDB,LOCK_SYS_TABLE,75521,910,40149
1787550236.252,2026-08-24 05:43:56.254,InnoDB,LOCK_SYS_TABLE,73630,903,38735
1787550236.252,2026-08-24 05:43:56.254,InnoDB,BUF_BLOCK_MUTEX,27525,837,1442
1787550236.252,2026-08-24 05:43:56.254,InnoDB,PAGE_CLEANER,1642984,693,984214
1787550236.252,2026-08-24 05:43:56.254,InnoDB,SRV_SYS_TASKS,407048,612,402609
1787550236.252,2026-08-24 05:43:56.254,InnoDB,IBUF_BITMAP,35205,453,16595
1787550236.252,2026-08-24 05:43:56.254,InnoDB,DICT_PERSIST_DIRTY_TABLES,1159135,414,490530
1787550236.252,2026-08-24 05:43:56.254,InnoDB,FIL_SHARD,27998,284,25913
1787550236.252,2026-08-24 05:43:56.254,InnoDB,FIL_SHARD,25736,236,25166
1787550236.252,2026-08-24 05:43:56.254,InnoDB,BUF_POOL_FREE_LIST,32802,73,29362
1787550236.252,2026-08-24 05:43:56.254,InnoDB,DICT_TABLE_STATS_COMPUTE,1980,66,11
1787550236.252,2026-08-24 05:43:56.254,InnoDB,BUF_POOL_FREE_LIST,24104,55,24052
1787550236.252,2026-08-24 05:43:56.254,InnoDB,BUF_POOL_FREE_LIST,24552,54,24580
1787550236.252,2026-08-24 05:43:56.254,InnoDB,BUF_POOL_FREE_LIST,25638,52,24746
1787550236.252,2026-08-24 05:43:56.254,InnoDB,BUF_POOL_FREE_LIST,26383,51,24982
1787550236.252,2026-08-24 05:43:56.254,InnoDB,BUF_POOL_FREE_LIST,25316,51,25420
1787550236.252,2026-08-24 05:43:56.254,InnoDB,BUF_POOL_FREE_LIST,32453,48,29595
1787550236.252,2026-08-24 05:43:56.254,InnoDB,UNDO_SPACE_RSEG,4868,42,1893
1787550236.252,2026-08-24 05:43:56.254,InnoDB,UNDO_SPACE_RSEG,5106,42,1910
1787550236.252,2026-08-24 05:43:56.254,InnoDB,BUF_POOL_FREE_LIST,25675,40,25283
1787550236.252,2026-08-24 05:43:56.254,InnoDB,UNDO_SPACE_RSEG,5144,39,2012
1787550236.252,2026-08-24 05:43:56.254,InnoDB,UNDO_SPACE_RSEG,5074,39,1908
1787550236.252,2026-08-24 05:43:56.254,InnoDB,UNDO_SPACE_RSEG,5109,39,1933
1787550236.252,2026-08-24 05:43:56.254,InnoDB,UNDO_SPACE_RSEG,5240,39,1912
1787550236.252,2026-08-24 05:43:56.254,InnoDB,UNDO_SPACE_RSEG,4897,38,1908
1787550236.252,2026-08-24 05:43:56.254,InnoDB,UNDO_SPACE_RSEG,4817,38,1810
1787550236.252,2026-08-24 05:43:56.254,InnoDB,UNDO_SPACE_RSEG,4941,38,1878
1787550236.252,2026-08-24 05:43:56.254,InnoDB,UNDO_SPACE_RSEG,4892,38,1851
1787550236.252,2026-08-24 05:43:56.254,InnoDB,UNDO_SPACE_RSEG,4700,38,1860
1787550236.252,2026-08-24 05:43:56.254,InnoDB,UNDO_SPACE_RSEG,5038,37,1910
1787550236.252,2026-08-24 05:43:56.254,InnoDB,UNDO_SPACE_RSEG,5280,37,2061
1787550236.252,2026-08-24 05:43:56.254,InnoDB,UNDO_SPACE_RSEG,4888,37,1940
1787550236.252,2026-08-24 05:43:56.254,InnoDB,UNDO_SPACE_RSEG,4996,37,1900
1787550236.252,2026-08-24 05:43:56.254,InnoDB,UNDO_SPACE_RSEG,4958,36,1946
1787550236.252,2026-08-24 05:43:56.254,InnoDB,LOCK_SYS_PAGE,1744,36,580
1787550236.252,2026-08-24 05:43:56.254,InnoDB,UNDO_SPACE_RSEG,4958,36,1933
1787550236.252,2026-08-24 05:43:56.254,InnoDB,UNDO_SPACE_RSEG,4931,36,1978
1787550236.252,2026-08-24 05:43:56.254,InnoDB,UNDO_SPACE_RSEG,4864,36,1901
1787550236.252,2026-08-24 05:43:56.254,InnoDB,UNDO_SPACE_RSEG,5011,35,1966
1787550236.252,2026-08-24 05:43:56.254,InnoDB,UNDO_SPACE_RSEG,4923,35,1890
1787550236.252,2026-08-24 05:43:56.254,InnoDB,UNDO_SPACE_RSEG,4819,35,1926
1787550236.252,2026-08-24 05:43:56.254,InnoDB,UNDO_SPACE_RSEG,4849,35,1890
1787550236.252,2026-08-24 05:43:56.254,InnoDB,UNDO_SPACE_RSEG,4739,35,1847
1787550236.252,2026-08-24 05:43:56.254,InnoDB,UNDO_SPACE_RSEG,4954,35,2028
1787550236.252,2026-08-24 05:43:56.254,InnoDB,UNDO_SPACE_RSEG,4886,35,1947
1787550236.252,2026-08-24 05:43:56.254,InnoDB,UNDO_SPACE_RSEG,4792,35,1876
1787550236.252,2026-08-24 05:43:56.254,InnoDB,UNDO_SPACE_RSEG,5014,35,1937
1787550236.252,2026-08-24 05:43:56.254,InnoDB,UNDO_SPACE_RSEG,4901,35,1889
1787550236.252,2026-08-24 05:43:56.254,InnoDB,UNDO_SPACE_RSEG,4785,35,1880
1787550236.252,2026-08-24 05:43:56.254,InnoDB,UNDO_SPACE_RSEG,4744,35,1916
1787550236.252,2026-08-24 05:43:56.254,InnoDB,UNDO_SPACE_RSEG,4996,35,1913
1787550236.252,2026-08-24 05:43:56.254,InnoDB,UNDO_SPACE_RSEG,4780,34,1833
1787550236.252,2026-08-24 05:43:56.254,InnoDB,UNDO_SPACE_RSEG,4838,34,1883
1787550236.252,2026-08-24 05:43:56.254,InnoDB,UNDO_SPACE_RSEG,4900,34,1917
1787550236.252,2026-08-24 05:43:56.254,InnoDB,UNDO_SPACE_RSEG,4900,34,1870
1787550236.252,2026-08-24 05:43:56.254,InnoDB,UNDO_SPACE_RSEG,4789,34,1920
1787550236.252,2026-08-24 05:43:56.254,InnoDB,UNDO_SPACE_RSEG,4943,34,1967
1787550236.252,2026-08-24 05:43:56.254,InnoDB,UNDO_SPACE_RSEG,4634,34,1839
1787550236.252,2026-08-24 05:43:56.254,InnoDB,UNDO_SPACE_RSEG,4912,34,1936
1787550236.252,2026-08-24 05:43:56.254,InnoDB,UNDO_SPACE_RSEG,4865,34,1967
1787550236.252,2026-08-24 05:43:56.254,InnoDB,UNDO_SPACE_RSEG,4876,33,1925
1787550236.252,2026-08-24 05:43:56.254,InnoDB,UNDO_SPACE_RSEG,4878,33,1962
1787550236.252,2026-08-24 05:43:56.254,InnoDB,UNDO_SPACE_RSEG,5018,33,1995
1787550236.252,2026-08-24 05:43:56.254,InnoDB,UNDO_SPACE_RSEG,4762,33,1967
1787550236.252,2026-08-24 05:43:56.254,InnoDB,UNDO_SPACE_RSEG,4769,33,1925
1787550236.252,2026-08-24 05:43:56.254,InnoDB,LOCK_SYS_PAGE,1553,32,516
1787550236.252,2026-08-24 05:43:56.254,InnoDB,UNDO_SPACE_RSEG,4950,32,1936
1787550236.252,2026-08-24 05:43:56.254,InnoDB,UNDO_SPACE_RSEG,4818,32,1854
1787550236.252,2026-08-24 05:43:56.254,InnoDB,UNDO_SPACE_RSEG,5054,32,2057
1787550236.252,2026-08-24 05:43:56.254,InnoDB,LOCK_SYS_PAGE,1522,32,488
1787550236.252,2026-08-24 05:43:56.254,InnoDB,UNDO_SPACE_RSEG,4738,32,1922
1787550236.252,2026-08-24 05:43:56.254,InnoDB,UNDO_SPACE_RSEG,4658,32,1852
1787550236.252,2026-08-24 05:43:56.254,InnoDB,UNDO_SPACE_RSEG,4809,32,1979
1787550236.252,2026-08-24 05:43:56.254,InnoDB,UNDO_SPACE_RSEG,4846,32,2006
1787550236.252,2026-08-24 05:43:56.254,InnoDB,UNDO_SPACE_RSEG,4965,32,1947
1787550236.252,2026-08-24 05:43:56.254,InnoDB,UNDO_SPACE_RSEG,4838,32,1945
1787550236.252,2026-08-24 05:43:56.254,InnoDB,UNDO_SPACE_RSEG,4864,32,1976
1787550236.252,2026-08-24 05:43:56.254,InnoDB,UNDO_SPACE_RSEG,4734,31,1993
1787550236.252,2026-08-24 05:43:56.254,InnoDB,UNDO_SPACE_RSEG,4726,31,1963
1787550236.252,2026-08-24 05:43:56.254,InnoDB,UNDO_SPACE_RSEG,4834,31,1916
1787550236.252,2026-08-24 05:43:56.254,InnoDB,UNDO_SPACE_RSEG,4839,31,2004
1787550236.252,2026-08-24 05:43:56.254,InnoDB,UNDO_SPACE_RSEG,4509,31,1838
1787550236.252,2026-08-24 05:43:56.254,InnoDB,UNDO_SPACE_RSEG,4682,31,1904
1787550236.252,2026-08-24 05:43:56.254,InnoDB,LOCK_SYS_PAGE,1660,31,566
1787550236.252,2026-08-24 05:43:56.254,InnoDB,UNDO_SPACE_RSEG,4915,31,1972
1787550236.252,2026-08-24 05:43:56.254,InnoDB,UNDO_SPACE_RSEG,4666,31,1871
1787550236.252,2026-08-24 05:43:56.254,InnoDB,UNDO_SPACE_RSEG,4697,31,1925
1787550236.252,2026-08-24 05:43:56.254,InnoDB,LOCK_SYS_PAGE,1721,31,606
1787550236.252,2026-08-24 05:43:56.254,InnoDB,UNDO_SPACE_RSEG,4772,31,1946
1787550236.252,2026-08-24 05:43:56.254,InnoDB,UNDO_SPACE_RSEG,4811,31,1938
1787550236.252,2026-08-24 05:43:56.254,InnoDB,UNDO_SPACE_RSEG,4844,31,1926
1787550236.252,2026-08-24 05:43:56.254,InnoDB,UNDO_SPACE_RSEG,4902,31,1891
1787550236.252,2026-08-24 05:43:56.254,InnoDB,UNDO_SPACE_RSEG,4772,31,1937
1787550236.252,2026-08-24 05:43:56.254,InnoDB,UNDO_SPACE_RSEG,4684,31,1908
1787550236.252,2026-08-24 05:43:56.254,InnoDB,UNDO_SPACE_RSEG,4643,30,1879
1787550236.252,2026-08-24 05:43:56.254,InnoDB,UNDO_SPACE_RSEG,4803,30,1902
1787550236.252,2026-08-24 05:43:56.254,InnoDB,LOCK_SYS_PAGE,1518,30,575
1787550236.252,2026-08-24 05:43:56.254,InnoDB,UNDO_SPACE_RSEG,4709,30,1918
1787550236.252,2026-08-24 05:43:56.254,InnoDB,UNDO_SPACE_RSEG,4816,30,1940
1787550236.252,2026-08-24 05:43:56.254,InnoDB,UNDO_SPACE_RSEG,4726,30,1942
1787550236.252,2026-08-24 05:43:56.254,InnoDB,UNDO_SPACE_RSEG,4752,30,1889
1787550236.252,2026-08-24 05:43:56.254,InnoDB,LOCK_SYS_PAGE,1655,30,514
1787550236.252,2026-08-24 05:43:56.254,InnoDB,LOCK_SYS_PAGE,1559,30,593
1787550236.252,2026-08-24 05:43:56.254,InnoDB,UNDO_SPACE_RSEG,4510,30,1851
1787550236.252,2026-08-24 05:43:56.254,InnoDB,LOCK_SYS_PAGE,1629,30,559
1787550236.252,2026-08-24 05:43:56.254,InnoDB,UNDO_SPACE_RSEG,4555,30,1882
1787550236.252,2026-08-24 05:43:56.254,InnoDB,UNDO_SPACE_RSEG,4759,30,2006
1787550236.252,2026-08-24 05:43:56.254,InnoDB,UNDO_SPACE_RSEG,4720,30,1896
1787550236.252,2026-08-24 05:43:56.254,InnoDB,UNDO_SPACE_RSEG,4737,30,1885
1787550236.252,2026-08-24 05:43:56.254,InnoDB,UNDO_SPACE_RSEG,4574,29,1866
1787550236.252,2026-08-24 05:43:56.254,InnoDB,UNDO_SPACE_RSEG,4563,29,1914
1787550236.252,2026-08-24 05:43:56.254,InnoDB,UNDO_SPACE_RSEG,4678,29,1911
1787550236.252,2026-08-24 05:43:56.254,InnoDB,LOCK_SYS_PAGE,1568,29,536
1787550236.252,2026-08-24 05:43:56.254,InnoDB,UNDO_SPACE_RSEG,4682,29,1912
1787550236.252,2026-08-24 05:43:56.254,InnoDB,UNDO_SPACE_RSEG,4594,29,1888
1787550236.252,2026-08-24 05:43:56.254,InnoDB,UNDO_SPACE_RSEG,4706,29,1900
1787550236.252,2026-08-24 05:43:56.254,InnoDB,UNDO_SPACE_RSEG,4641,29,1883
1787550236.252,2026-08-24 05:43:56.254,InnoDB,UNDO_SPACE_RSEG,4688,29,1972
1787550236.252,2026-08-24 05:43:56.254,InnoDB,UNDO_SPACE_RSEG,4829,29,1943
1787550236.252,2026-08-24 05:43:56.254,InnoDB,UNDO_SPACE_RSEG,4678,29,1917
1787550236.252,2026-08-24 05:43:56.254,InnoDB,UNDO_SPACE_RSEG,4784,29,1999
1787550236.252,2026-08-24 05:43:56.254,InnoDB,LOCK_SYS_PAGE,1606,29,574
1787550236.252,2026-08-24 05:43:56.254,InnoDB,LOCK_SYS_PAGE,1492,29,498
1787550236.252,2026-08-24 05:43:56.254,InnoDB,LOCK_SYS_PAGE,1508,28,565
1787550236.252,2026-08-24 05:43:56.254,InnoDB,LOCK_SYS_PAGE,1466,28,497
1787550236.252,2026-08-24 05:43:56.254,InnoDB,LOCK_SYS_PAGE,1439,28,490
1787550236.252,2026-08-24 05:43:56.254,InnoDB,LOCK_SYS_PAGE,1444,28,516
1787550236.252,2026-08-24 05:43:56.254,InnoDB,UNDO_SPACE_RSEG,4647,28,1897
1787550236.252,2026-08-24 05:43:56.254,InnoDB,LOCK_SYS_PAGE,1556,28,569
1787550236.252,2026-08-24 05:43:56.254,InnoDB,LOCK_SYS_PAGE,1515,28,575
1787550236.252,2026-08-24 05:43:56.254,InnoDB,LOCK_SYS_PAGE,1509,28,570
1787550236.252,2026-08-24 05:43:56.254,InnoDB,DICT_TABLE_STATS_COMPUTE,840,28,7
1787550236.252,2026-08-24 05:43:56.254,InnoDB,UNDO_SPACE_RSEG,4379,28,1826
1787550236.252,2026-08-24 05:43:56.254,InnoDB,UNDO_SPACE_RSEG,4891,28,1964
1787550236.252,2026-08-24 05:43:56.254,InnoDB,UNDO_SPACE_RSEG,4644,28,1941
1787550236.252,2026-08-24 05:43:56.254,InnoDB,UNDO_SPACE_RSEG,4744,28,1952
1787550236.252,2026-08-24 05:43:56.254,InnoDB,UNDO_SPACE_RSEG,4559,28,1931
1787550236.252,2026-08-24 05:43:56.254,InnoDB,UNDO_SPACE_RSEG,4648,28,1909
1787550236.252,2026-08-24 05:43:56.254,InnoDB,UNDO_SPACE_RSEG,4608,28,1877
1787550236.252,2026-08-24 05:43:56.254,InnoDB,UNDO_SPACE_RSEG,4469,28,1882
1787550236.252,2026-08-24 05:43:56.254,InnoDB,UNDO_SPACE_RSEG,4577,28,1928
1787550236.252,2026-08-24 05:43:56.254,InnoDB,UNDO_SPACE_RSEG,4827,28,1987
1787550236.252,2026-08-24 05:43:56.254,InnoDB,UNDO_SPACE_RSEG,4603,28,1929
1787550236.252,2026-08-24 05:43:56.254,InnoDB,UNDO_SPACE_RSEG,4597,28,1858
1787550236.252,2026-08-24 05:43:56.254,InnoDB,UNDO_SPACE_RSEG,4837,28,1922
1787550236.252,2026-08-24 05:43:56.254,InnoDB,UNDO_SPACE_RSEG,4648,28,1928
1787550236.252,2026-08-24 05:43:56.254,InnoDB,UNDO_SPACE_RSEG,4669,28,1894
1787550236.252,2026-08-24 05:43:56.254,InnoDB,UNDO_SPACE_RSEG,4628,28,1889
1787550236.252,2026-08-24 05:43:56.254,InnoDB,UNDO_SPACE_RSEG,4834,28,1987
1787550236.252,2026-08-24 05:43:56.254,InnoDB,UNDO_SPACE_RSEG,4659,28,1947
1787550236.252,2026-08-24 05:43:56.254,InnoDB,UNDO_SPACE_RSEG,4795,28,1973
1787550236.252,2026-08-24 05:43:56.254,InnoDB,UNDO_SPACE_RSEG,4600,28,1939
1787550236.252,2026-08-24 05:43:56.254,InnoDB,LOCK_SYS_PAGE,1520,28,584
1787550236.252,2026-08-24 05:43:56.254,InnoDB,UNDO_SPACE_RSEG,4769,27,1957
1787550236.252,2026-08-24 05:43:56.254,InnoDB,UNDO_SPACE_RSEG,4752,27,1928
1787550236.252,2026-08-24 05:43:56.254,InnoDB,LOCK_SYS_PAGE,1543,27,542
1787550236.252,2026-08-24 05:43:56.254,InnoDB,UNDO_SPACE_RSEG,4461,27,1823
1787550236.252,2026-08-24 05:43:56.254,InnoDB,UNDO_SPACE_RSEG,4539,27,1963
1787550236.252,2026-08-24 05:43:56.254,InnoDB,UNDO_SPACE_RSEG,4646,27,1935
1787550236.252,2026-08-24 05:43:56.254,InnoDB,LOCK_SYS_PAGE,1441,27,527
1787550236.252,2026-08-24 05:43:56.254,InnoDB,LOCK_SYS_PAGE,1522,27,520
1787550236.252,2026-08-24 05:43:56.254,InnoDB,UNDO_SPACE_RSEG,4383,27,1851
1787550236.252,2026-08-24 05:43:56.254,InnoDB,UNDO_SPACE_RSEG,4573,27,1937
1787550236.252,2026-08-24 05:43:56.254,InnoDB,UNDO_SPACE_RSEG,4756,27,1911
1787550236.252,2026-08-24 05:43:56.254,InnoDB,UNDO_SPACE_RSEG,4805,27,2009
1787550236.252,2026-08-24 05:43:56.254,InnoDB,UNDO_SPACE_RSEG,4356,27,1807
1787550236.252,2026-08-24 05:43:56.254,InnoDB,UNDO_SPACE_RSEG,4462,27,1867
1787550236.252,2026-08-24 05:43:56.254,InnoDB,UNDO_SPACE_RSEG,4627,27,1926
1787550236.252,2026-08-24 05:43:56.254,InnoDB,UNDO_SPACE_RSEG,4295,27,1812
1787550236.252,2026-08-24 05:43:56.254,InnoDB,UNDO_SPACE_RSEG,4737,27,1938
1787550236.252,2026-08-24 05:43:56.254,InnoDB,LOCK_SYS_PAGE,1436,27,548
1787550236.252,2026-08-24 05:43:56.254,InnoDB,UNDO_SPACE_RSEG,4513,27,1872
1787550236.252,2026-08-24 05:43:56.254,InnoDB,UNDO_SPACE_RSEG,4519,27,1911
1787550236.252,2026-08-24 05:43:56.254,InnoDB,UNDO_SPACE_RSEG,4699,27,1906
1787550236.252,2026-08-24 05:43:56.254,InnoDB,LOCK_SYS_PAGE,1527,27,570
1787550236.252,2026-08-24 05:43:56.254,InnoDB,UNDO_SPACE_RSEG,4782,27,1954
1787550236.252,2026-08-24 05:43:56.254,InnoDB,UNDO_SPACE_RSEG,4624,27,1835
1787550236.252,2026-08-24 05:43:56.254,InnoDB,UNDO_SPACE_RSEG,4733,27,1897
1787550236.252,2026-08-24 05:43:56.254,InnoDB,LOCK_SYS_PAGE,1540,27,570
1787550236.252,2026-08-24 05:43:56.254,InnoDB,UNDO_SPACE_RSEG,4578,27,1941
1787550236.252,2026-08-24 05:43:56.254,InnoDB,UNDO_SPACE_RSEG,4425,27,1764
1787550236.252,2026-08-24 05:43:56.254,InnoDB,UNDO_SPACE_RSEG,4510,26,1832
1787550236.252,2026-08-24 05:43:56.254,InnoDB,LOCK_SYS_PAGE,1506,26,539
1787550236.252,2026-08-24 05:43:56.254,InnoDB,LOCK_SYS_PAGE,1431,26,475
1787550236.252,2026-08-24 05:43:56.254,InnoDB,UNDO_SPACE_RSEG,4392,26,1864
1787550236.252,2026-08-24 05:43:56.254,InnoDB,UNDO_SPACE_RSEG,4419,26,1852
1787550236.252,2026-08-24 05:43:56.254,InnoDB,LOCK_SYS_PAGE,1485,26,486
1787550236.252,2026-08-24 05:43:56.254,InnoDB,UNDO_SPACE_RSEG,4769,26,1974
1787550236.252,2026-08-24 05:43:56.254,InnoDB,UNDO_SPACE_RSEG,4633,26,1934
1787550236.252,2026-08-24 05:43:56.254,InnoDB,LOCK_SYS_PAGE,1418,26,541
1787550236.252,2026-08-24 05:43:56.254,InnoDB,UNDO_SPACE_RSEG,4561,26,1926
1787550236.252,2026-08-24 05:43:56.254,InnoDB,UNDO_SPACE_RSEG,5008,26,2060
1787550236.252,2026-08-24 05:43:56.254,InnoDB,LOCK_SYS_PAGE,1443,26,516
1787550236.252,2026-08-24 05:43:56.254,InnoDB,LOCK_SYS_PAGE,1402,26,519
1787550236.252,2026-08-24 05:43:56.254,InnoDB,UNDO_SPACE_RSEG,4589,26,1904
1787550236.252,2026-08-24 05:43:56.254,InnoDB,LOCK_SYS_PAGE,1462,26,532
1787550236.252,2026-08-24 05:43:56.254,InnoDB,UNDO_SPACE_RSEG,4612,26,1938
1787550236.252,2026-08-24 05:43:56.254,InnoDB,UNDO_SPACE_RSEG,4467,26,1836
1787550236.252,2026-08-24 05:43:56.254,InnoDB,LOCK_SYS_PAGE,1519,26,582
1787550236.252,2026-08-24 05:43:56.254,InnoDB,UNDO_SPACE_RSEG,4674,26,1881
1787550236.252,2026-08-24 05:43:56.254,InnoDB,LOCK_SYS_PAGE,1567,26,579
1787550236.252,2026-08-24 05:43:56.254,InnoDB,UNDO_SPACE_RSEG,4623,26,1936
1787550236.252,2026-08-24 05:43:56.254,InnoDB,UNDO_SPACE_RSEG,4637,26,1937
1787550236.252,2026-08-24 05:43:56.254,InnoDB,LOCK_SYS_PAGE,1489,26,509
1787550236.252,2026-08-24 05:43:56.254,InnoDB,UNDO_SPACE_RSEG,4547,26,1939
1787550236.252,2026-08-24 05:43:56.254,InnoDB,UNDO_SPACE_RSEG,4428,26,1823
1787550236.252,2026-08-24 05:43:56.254,InnoDB,UNDO_SPACE_RSEG,4538,26,1877
1787550236.252,2026-08-24 05:43:56.254,InnoDB,UNDO_SPACE_RSEG,4746,26,1929
1787550236.252,2026-08-24 05:43:56.254,InnoDB,LOCK_SYS_PAGE,1363,26,501
1787550236.252,2026-08-24 05:43:56.254,InnoDB,LOCK_SYS_PAGE,1395,26,520
1787550236.252,2026-08-24 05:43:56.254,InnoDB,UNDO_SPACE_RSEG,4642,26,1895
1787550236.252,2026-08-24 05:43:56.254,InnoDB,UNDO_SPACE_RSEG,4582,26,1950
1787550236.252,2026-08-24 05:43:56.254,InnoDB,LOCK_SYS_PAGE,1491,25,585
1787550236.252,2026-08-24 05:43:56.254,InnoDB,UNDO_SPACE_RSEG,4447,25,1940
1787550236.252,2026-08-24 05:43:56.254,InnoDB,UNDO_SPACE_RSEG,4679,25,1899
1787550236.252,2026-08-24 05:43:56.254,InnoDB,UNDO_SPACE_RSEG,4556,25,1936
1787550236.252,2026-08-24 05:43:56.254,InnoDB,UNDO_SPACE_RSEG,4484,25,1901
1787550236.252,2026-08-24 05:43:56.254,InnoDB,LOCK_SYS_PAGE,1479,25,534
1787550236.252,2026-08-24 05:43:56.254,InnoDB,UNDO_SPACE_RSEG,4407,25,1862
1787550236.252,2026-08-24 05:43:56.254,InnoDB,UNDO_SPACE_RSEG,4700,25,1946
1787550236.252,2026-08-24 05:43:56.254,InnoDB,UNDO_SPACE_RSEG,4340,25,1814
1787550236.252,2026-08-24 05:43:56.254,InnoDB,LOCK_SYS_PAGE,1513,25,572
1787550236.252,2026-08-24 05:43:56.254,InnoDB,LOCK_SYS_PAGE,1374,25,515
1787550236.252,2026-08-24 05:43:56.254,InnoDB,UNDO_SPACE_RSEG,4404,25,1862
1787550236.252,2026-08-24 05:43:56.254,InnoDB,UNDO_SPACE_RSEG,4719,25,1900
1787550236.252,2026-08-24 05:43:56.254,InnoDB,UNDO_SPACE_RSEG,4672,25,1936
1787550236.252,2026-08-24 05:43:56.254,InnoDB,LOCK_SYS_PAGE,1401,25,525
1787550236.252,2026-08-24 05:43:56.254,InnoDB,UNDO_SPACE_RSEG,4677,25,2006
1787550236.252,2026-08-24 05:43:56.254,InnoDB,LOCK_SYS_PAGE,1415,25,465
1787550236.252,2026-08-24 05:43:56.254,InnoDB,UNDO_SPACE_RSEG,4760,25,1956
1787550236.252,2026-08-24 05:43:56.254,InnoDB,LOCK_SYS_PAGE,1415,25,579
1787550236.252,2026-08-24 05:43:56.254,InnoDB,UNDO_SPACE_RSEG,4563,25,1904
1787550236.252,2026-08-24 05:43:56.254,InnoDB,UNDO_SPACE_RSEG,4722,25,1980
1787550236.252,2026-08-24 05:43:56.254,InnoDB,LOCK_SYS_PAGE,1374,25,521
1787550236.252,2026-08-24 05:43:56.254,InnoDB,LOCK_SYS_PAGE,1445,25,505
1787550236.252,2026-08-24 05:43:56.254,InnoDB,LOCK_SYS_PAGE,1430,25,551
1787550236.252,2026-08-24 05:43:56.254,InnoDB,UNDO_SPACE_RSEG,4358,25,1880
1787550236.252,2026-08-24 05:43:56.254,InnoDB,UNDO_SPACE_RSEG,4428,25,1878
1787550236.252,2026-08-24 05:43:56.254,InnoDB,LOCK_SYS_PAGE,1502,25,520
1787550236.252,2026-08-24 05:43:56.254,InnoDB,LOCK_SYS_PAGE,1437,25,546
1787550236.252,2026-08-24 05:43:56.254,InnoDB,UNDO_SPACE_RSEG,4483,25,1841
1787550236.252,2026-08-24 05:43:56.254,InnoDB,UNDO_SPACE_RSEG,4454,25,1880
1787550236.252,2026-08-24 05:43:56.254,InnoDB,LOCK_SYS_PAGE,1459,25,563
1787550236.252,2026-08-24 05:43:56.254,InnoDB,UNDO_SPACE_RSEG,4563,25,1941
1787550236.252,2026-08-24 05:43:56.254,InnoDB,UNDO_SPACE_RSEG,4456,25,1849
1787550236.252,2026-08-24 05:43:56.254,InnoDB,UNDO_SPACE_RSEG,4616,24,1928
1787550236.252,2026-08-24 05:43:56.254,InnoDB,LOCK_SYS_PAGE,1438,24,535
1787550236.252,2026-08-24 05:43:56.254,InnoDB,LOCK_SYS_PAGE,1460,24,565
1787550236.252,2026-08-24 05:43:56.254,InnoDB,UNDO_SPACE_RSEG,4540,24,1921
1787550236.252,2026-08-24 05:43:56.254,InnoDB,LOCK_SYS_PAGE,1401,24,538
1787550236.252,2026-08-24 05:43:56.254,InnoDB,LOCK_SYS_PAGE,1462,24,560
1787550236.252,2026-08-24 05:43:56.254,InnoDB,UNDO_SPACE_RSEG,4530,24,1937
1787550236.252,2026-08-24 05:43:56.254,InnoDB,LOCK_SYS_PAGE,1450,24,575
1787550236.252,2026-08-24 05:43:56.254,InnoDB,LOCK_SYS_PAGE,1406,24,533
1787550236.252,2026-08-24 05:43:56.254,InnoDB,UNDO_SPACE_RSEG,4421,24,1808
1787550236.252,2026-08-24 05:43:56.254,InnoDB,LOCK_SYS_PAGE,1368,24,577
1787550236.252,2026-08-24 05:43:56.254,InnoDB,LOCK_SYS_PAGE,1493,24,589
1787550236.252,2026-08-24 05:43:56.254,InnoDB,LOCK_SYS_PAGE,1328,24,530
1787550236.252,2026-08-24 05:43:56.254,InnoDB,LOCK_SYS_PAGE,1275,24,495
1787550236.252,2026-08-24 05:43:56.254,InnoDB,UNDO_SPACE_RSEG,4517,24,1874
1787550236.252,2026-08-24 05:43:56.254,InnoDB,UNDO_SPACE_RSEG,4384,24,1846
1787550236.252,2026-08-24 05:43:56.254,InnoDB,LOCK_SYS_PAGE,1336,24,480
1787550236.252,2026-08-24 05:43:56.254,InnoDB,UNDO_SPACE_RSEG,4401,24,1880
1787550236.252,2026-08-24 05:43:56.254,InnoDB,UNDO_SPACE_RSEG,4584,24,1914
1787550236.252,2026-08-24 05:43:56.254,InnoDB,UNDO_SPACE_RSEG,4384,24,1824
1787550236.252,2026-08-24 05:43:56.254,InnoDB,LOCK_SYS_PAGE,1606,24,596
1787550236.252,2026-08-24 05:43:56.254,InnoDB,LOCK_SYS_PAGE,1428,24,588
1787550236.252,2026-08-24 05:43:56.254,InnoDB,UNDO_SPACE_RSEG,4687,24,1954
1787550236.252,2026-08-24 05:43:56.254,InnoDB,LOCK_SYS_PAGE,1367,24,503
1787550236.252,2026-08-24 05:43:56.254,InnoDB,LOCK_SYS_PAGE,1343,24,515
1787550236.252,2026-08-24 05:43:56.254,InnoDB,UNDO_SPACE_RSEG,4451,24,1869
1787550236.252,2026-08-24 05:43:56.254,InnoDB,UNDO_SPACE_RSEG,4726,24,1985
1787550236.252,2026-08-24 05:43:56.254,InnoDB,UNDO_SPACE_RSEG,4473,24,1915
1787550236.252,2026-08-24 05:43:56.254,InnoDB,UNDO_SPACE_RSEG,4617,24,1980
1787550236.252,2026-08-24 05:43:56.254,InnoDB,UNDO_SPACE_RSEG,4564,24,1962
1787550236.252,2026-08-24 05:43:56.254,InnoDB,LOCK_SYS_PAGE,1308,24,514
1787550236.252,2026-08-24 05:43:56.254,InnoDB,UNDO_SPACE_RSEG,4464,24,1925
1787550236.252,2026-08-24 05:43:56.254,InnoDB,LOCK_SYS_PAGE,1474,24,622
1787550236.252,2026-08-24 05:43:56.254,InnoDB,LOCK_SYS_PAGE,1402,24,481
1787550236.252,2026-08-24 05:43:56.254,InnoDB,LOCK_SYS_PAGE,1366,23,549
1787550236.252,2026-08-24 05:43:56.254,InnoDB,UNDO_SPACE_RSEG,4685,23,1940
1787550236.252,2026-08-24 05:43:56.254,InnoDB,LOCK_SYS_PAGE,1410,23,581
1787550236.252,2026-08-24 05:43:56.254,InnoDB,LOCK_SYS_PAGE,1364,23,554
1787550236.252,2026-08-24 05:43:56.254,InnoDB,LOCK_SYS_PAGE,1343,23,475
1787550236.252,2026-08-24 05:43:56.254,InnoDB,LOCK_SYS_PAGE,1354,23,550
1787550236.252,2026-08-24 05:43:56.254,InnoDB,UNDO_SPACE_RSEG,4531,23,1907
1787550236.252,2026-08-24 05:43:56.254,InnoDB,LOCK_SYS_PAGE,1291,23,536
1787550236.252,2026-08-24 05:43:56.254,InnoDB,UNDO_SPACE_RSEG,4373,23,1856
1787550236.252,2026-08-24 05:43:56.254,InnoDB,LOCK_SYS_PAGE,1356,23,534
1787550236.252,2026-08-24 05:43:56.254,InnoDB,UNDO_SPACE_RSEG,4566,23,1906
1787550236.252,2026-08-24 05:43:56.254,InnoDB,UNDO_SPACE_RSEG,4551,23,1890
1787550236.252,2026-08-24 05:43:56.254,InnoDB,UNDO_SPACE_RSEG,4516,23,1927
1787550236.252,2026-08-24 05:43:56.254,InnoDB,UNDO_SPACE_RSEG,4403,23,1882
1787550236.252,2026-08-24 05:43:56.254,InnoDB,UNDO_SPACE_RSEG,4591,23,1917
1787550236.252,2026-08-24 05:43:56.254,InnoDB,UNDO_SPACE_RSEG,4490,23,1844
1787550236.252,2026-08-24 05:43:56.254,InnoDB,LOCK_SYS_PAGE,1291,23,511
1787550236.252,2026-08-24 05:43:56.254,InnoDB,LOCK_SYS_PAGE,1277,23,506
1787550236.252,2026-08-24 05:43:56.254,InnoDB,LOCK_SYS_PAGE,1275,23,452
1787550236.252,2026-08-24 05:43:56.254,InnoDB,LOCK_SYS_PAGE,1352,23,543
1787550236.252,2026-08-24 05:43:56.254,InnoDB,UNDO_SPACE_RSEG,4484,23,1860
1787550236.252,2026-08-24 05:43:56.254,InnoDB,LOCK_SYS_PAGE,1428,23,603
1787550236.252,2026-08-24 05:43:56.254,InnoDB,UNDO_SPACE_RSEG,4455,23,1865
1787550236.252,2026-08-24 05:43:56.254,InnoDB,LOCK_SYS_PAGE,1384,23,581
1787550236.252,2026-08-24 05:43:56.254,InnoDB,LOCK_SYS_PAGE,1352,23,511
1787550236.252,2026-08-24 05:43:56.254,InnoDB,LOCK_SYS_PAGE,1470,23,563
1787550236.252,2026-08-24 05:43:56.254,InnoDB,LOCK_SYS_PAGE,1309,23,543
1787550236.252,2026-08-24 05:43:56.254,InnoDB,LOCK_SYS_PAGE,1424,23,565
1787550236.252,2026-08-24 05:43:56.254,InnoDB,LOCK_SYS_PAGE,1376,23,570
1787550236.252,2026-08-24 05:43:56.254,InnoDB,LOCK_SYS_PAGE,1287,23,519
1787550236.252,2026-08-24 05:43:56.254,InnoDB,UNDO_SPACE_RSEG,4574,23,1938
1787550236.252,2026-08-24 05:43:56.254,InnoDB,UNDO_SPACE_RSEG,4616,23,1916
1787550236.252,2026-08-24 05:43:56.254,InnoDB,LOCK_SYS_PAGE,1354,23,494
1787550236.252,2026-08-24 05:43:56.254,InnoDB,UNDO_SPACE_RSEG,4556,23,1915
1787550236.252,2026-08-24 05:43:56.254,InnoDB,UNDO_SPACE_RSEG,4240,23,1846
1787550236.252,2026-08-24 05:43:56.254,InnoDB,UNDO_SPACE_RSEG,4371,23,1871
1787550236.252,2026-08-24 05:43:56.254,InnoDB,UNDO_SPACE_RSEG,4377,23,1870
1787550236.252,2026-08-24 05:43:56.254,InnoDB,UNDO_SPACE_RSEG,4795,23,2014
1787550236.252,2026-08-24 05:43:56.254,InnoDB,LOCK_SYS_PAGE,1368,23,549
1787550236.252,2026-08-24 05:43:56.254,InnoDB,LOCK_SYS_PAGE,1426,23,537
1787550236.252,2026-08-24 05:43:56.254,InnoDB,UNDO_SPACE_RSEG,4498,22,1918
1787550236.252,2026-08-24 05:43:56.254,InnoDB,LOCK_SYS_PAGE,1347,22,590
1787550236.252,2026-08-24 05:43:56.254,InnoDB,UNDO_SPACE_RSEG,4451,22,1909
1787550236.252,2026-08-24 05:43:56.254,InnoDB,LOCK_SYS_PAGE,1314,22,543
1787550236.252,2026-08-24 05:43:56.254,InnoDB,LOCK_SYS_PAGE,1293,22,521
1787550236.252,2026-08-24 05:43:56.254,InnoDB,LOCK_SYS_PAGE,1433,22,541
1787550236.252,2026-08-24 05:43:56.254,InnoDB,LOCK_SYS_PAGE,1400,22,581
1787550236.252,2026-08-24 05:43:56.254,InnoDB,LOCK_SYS_PAGE,1290,22,521
1787550236.252,2026-08-24 05:43:56.254,InnoDB,UNDO_SPACE_RSEG,4708,22,1935
1787550236.252,2026-08-24 05:43:56.254,InnoDB,LOCK_SYS_PAGE,1248,22,502
1787550236.252,2026-08-24 05:43:56.254,InnoDB,LOCK_SYS_PAGE,1266,22,505
1787550236.252,2026-08-24 05:43:56.254,InnoDB,LOCK_SYS_PAGE,1302,22,563
1787550236.252,2026-08-24 05:43:56.254,InnoDB,LOCK_SYS_PAGE,1352,22,529
1787550236.252,2026-08-24 05:43:56.254,InnoDB,LOCK_SYS_PAGE,1373,22,556
1787550236.252,2026-08-24 05:43:56.254,InnoDB,LOCK_SYS_PAGE,1415,22,566
1787550236.252,2026-08-24 05:43:56.254,InnoDB,LOCK_SYS_PAGE,1289,22,496
1787550236.252,2026-08-24 05:43:56.254,InnoDB,LOCK_SYS_PAGE,1214,22,488
1787550236.252,2026-08-24 05:43:56.254,InnoDB,UNDO_SPACE_RSEG,4481,22,1891
1787550236.252,2026-08-24 05:43:56.254,InnoDB,UNDO_SPACE_RSEG,4653,22,1885
1787550236.252,2026-08-24 05:43:56.254,InnoDB,UNDO_SPACE_RSEG,4566,22,1974
1787550236.252,2026-08-24 05:43:56.254,InnoDB,LOCK_SYS_PAGE,1265,22,505
1787550236.252,2026-08-24 05:43:56.254,InnoDB,LOCK_SYS_PAGE,1363,22,532
1787550236.252,2026-08-24 05:43:56.254,InnoDB,LOCK_SYS_PAGE,1369,22,522
1787550236.252,2026-08-24 05:43:56.254,InnoDB,LOCK_SYS_PAGE,1336,22,528
1787550236.252,2026-08-24 05:43:56.254,InnoDB,LOCK_SYS_PAGE,1325,22,510
1787550236.252,2026-08-24 05:43:56.254,InnoDB,LOCK_SYS_PAGE,1308,22,551
1787550236.252,2026-08-24 05:43:56.254,InnoDB,LOCK_SYS_PAGE,1362,22,545
1787550236.252,2026-08-24 05:43:56.254,InnoDB,LOCK_SYS_PAGE,1325,22,521
1787550236.252,2026-08-24 05:43:56.254,InnoDB,LOCK_SYS_PAGE,1320,22,522
1787550236.252,2026-08-24 05:43:56.254,InnoDB,UNDO_SPACE_RSEG,4660,22,1924
1787550236.252,2026-08-24 05:43:56.254,InnoDB,LOCK_SYS_PAGE,1324,21,482
1787550236.252,2026-08-24 05:43:56.254,InnoDB,LOCK_SYS_PAGE,1292,21,549
1787550236.252,2026-08-24 05:43:56.254,InnoDB,LOCK_SYS_PAGE,1238,21,522
1787550236.252,2026-08-24 05:43:56.254,InnoDB,LOCK_SYS_PAGE,1292,21,500
1787550236.252,2026-08-24 05:43:56.254,InnoDB,LOCK_SYS_PAGE,1248,21,553
1787550236.252,2026-08-24 05:43:56.254,InnoDB,LOCK_SYS_PAGE,1430,21,538
1787550236.252,2026-08-24 05:43:56.254,InnoDB,LOCK_SYS_PAGE,1334,21,549
1787550236.252,2026-08-24 05:43:56.254,InnoDB,LOCK_SYS_PAGE,1326,21,551
1787550236.252,2026-08-24 05:43:56.254,InnoDB,LOCK_SYS_PAGE,1308,21,525
1787550236.252,2026-08-24 05:43:56.254,InnoDB,LOCK_SYS_PAGE,1242,21,528
1787550236.252,2026-08-24 05:43:56.254,InnoDB,UNDO_SPACE_RSEG,4489,21,1895
1787550236.252,2026-08-24 05:43:56.254,InnoDB,UNDO_SPACE_RSEG,4456,21,1916
1787550236.252,2026-08-24 05:43:56.254,InnoDB,LOCK_SYS_PAGE,1372,21,546
1787550236.252,2026-08-24 05:43:56.254,InnoDB,LOCK_SYS_PAGE,1328,21,527
1787550236.252,2026-08-24 05:43:56.254,InnoDB,UNDO_SPACE_RSEG,4346,21,1906
1787550236.252,2026-08-24 05:43:56.254,InnoDB,UNDO_SPACE_RSEG,4314,21,1808
1787550236.252,2026-08-24 05:43:56.254,InnoDB,LOCK_SYS_PAGE,1296,21,540
1787550236.252,2026-08-24 05:43:56.254,InnoDB,UNDO_SPACE_RSEG,4470,21,1999
1787550236.252,2026-08-24 05:43:56.254,InnoDB,LOCK_SYS_PAGE,1199,21,483
1787550236.252,2026-08-24 05:43:56.254,InnoDB,UNDO_SPACE_RSEG,4342,21,1907
1787550236.252,2026-08-24 05:43:56.254,InnoDB,UNDO_SPACE_RSEG,4706,21,2069
1787550236.252,2026-08-24 05:43:56.254,InnoDB,LOCK_SYS_PAGE,1247,21,523
1787550236.252,2026-08-24 05:43:56.254,InnoDB,LOCK_SYS_PAGE,1373,21,569
1787550236.252,2026-08-24 05:43:56.254,InnoDB,LOCK_SYS_PAGE,1310,21,539
1787550236.252,2026-08-24 05:43:56.254,InnoDB,LOCK_SYS_PAGE,1293,21,490
1787550236.252,2026-08-24 05:43:56.254,InnoDB,LOCK_SYS_PAGE,1245,21,532
1787550236.252,2026-08-24 05:43:56.254,InnoDB,UNDO_SPACE_RSEG,4370,21,1861
1787550236.252,2026-08-24 05:43:56.254,InnoDB,LOCK_SYS_PAGE,1409,21,548
1787550236.252,2026-08-24 05:43:56.254,InnoDB,UNDO_SPACE_RSEG,4429,21,1834
1787550236.252,2026-08-24 05:43:56.254,InnoDB,LOCK_SYS_PAGE,1295,21,557
1787550236.252,2026-08-24 05:43:56.254,InnoDB,LOCK_SYS_PAGE,1326,21,526
1787550236.252,2026-08-24 05:43:56.254,InnoDB,LOCK_SYS_PAGE,1227,21,514
1787550236.252,2026-08-24 05:43:56.254,InnoDB,UNDO_SPACE_RSEG,4490,21,1866
1787550236.252,2026-08-24 05:43:56.254,InnoDB,LOCK_SYS_PAGE,1384,21,514
1787550236.252,2026-08-24 05:43:56.254,InnoDB,LOCK_SYS_PAGE,1245,21,506
1787550236.252,2026-08-24 05:43:56.254,InnoDB,LOCK_SYS_PAGE,1368,21,592
1787550236.252,2026-08-24 05:43:56.254,InnoDB,LOCK_SYS_PAGE,1351,21,504
1787550236.252,2026-08-24 05:43:56.254,InnoDB,LOCK_SYS_PAGE,1293,21,529
1787550236.252,2026-08-24 05:43:56.254,InnoDB,LOCK_SYS_PAGE,1482,21,624
1787550236.252,2026-08-24 05:43:56.254,InnoDB,LOCK_SYS_PAGE,1268,21,568
1787550236.252,2026-08-24 05:43:56.254,InnoDB,LOCK_SYS_PAGE,1215,21,518
1787550236.252,2026-08-24 05:43:56.254,InnoDB,UNDO_SPACE_RSEG,4169,21,1807
1787550236.252,2026-08-24 05:43:56.254,InnoDB,LOCK_SYS_PAGE,1376,21,543
1787550236.252,2026-08-24 05:43:56.254,InnoDB,UNDO_SPACE_RSEG,4717,21,1987
1787550236.252,2026-08-24 05:43:56.254,InnoDB,LOCK_SYS_PAGE,1219,21,496
1787550236.252,2026-08-24 05:43:56.254,InnoDB,LOCK_SYS_PAGE,1401,21,657
1787550236.252,2026-08-24 05:43:56.254,InnoDB,UNDO_SPACE_RSEG,4611,21,1917
1787550236.252,2026-08-24 05:43:56.254,InnoDB,LOCK_SYS_PAGE,1219,21,524
1787550236.252,2026-08-24 05:43:56.254,InnoDB,UNDO_SPACE_RSEG,4411,20,1873
1787550236.252,2026-08-24 05:43:56.254,InnoDB,LOCK_SYS_PAGE,1272,20,551
1787550236.252,2026-08-24 05:43:56.254,InnoDB,LOCK_SYS_PAGE,1369,20,592
1787550236.252,2026-08-24 05:43:56.254,InnoDB,LOCK_SYS_PAGE,1259,20,516
1787550236.252,2026-08-24 05:43:56.254,InnoDB,LOCK_SYS_PAGE,1183,20,461
1787550236.252,2026-08-24 05:43:56.254,InnoDB,LOCK_SYS_PAGE,1520,20,543
1787550236.252,2026-08-24 05:43:56.254,InnoDB,UNDO_SPACE_RSEG,4232,20,1916
1787550236.252,2026-08-24 05:43:56.254,InnoDB,LOCK_SYS_PAGE,1249,20,522
1787550236.252,2026-08-24 05:43:56.254,InnoDB,UNDO_SPACE_RSEG,4536,20,1964
1787550236.252,2026-08-24 05:43:56.254,InnoDB,LOCK_SYS_PAGE,1232,20,541
1787550236.252,2026-08-24 05:43:56.254,InnoDB,LOCK_SYS_PAGE,1190,20,515
1787550236.252,2026-08-24 05:43:56.254,InnoDB,LOCK_SYS_PAGE,1252,20,570
1787550236.252,2026-08-24 05:43:56.254,InnoDB,LOCK_SYS_PAGE,1168,20,504
1787550236.252,2026-08-24 05:43:56.254,InnoDB,LOCK_SYS_PAGE,1270,20,494
1787550236.252,2026-08-24 05:43:56.254,InnoDB,UNDO_SPACE_RSEG,4499,20,1931
1787550236.252,2026-08-24 05:43:56.254,InnoDB,LOCK_SYS_PAGE,1166,20,453
1787550236.252,2026-08-24 05:43:56.254,InnoDB,LOCK_SYS_PAGE,1246,20,597
1787550236.252,2026-08-24 05:43:56.254,InnoDB,LOCK_SYS_PAGE,1303,20,501
1787550236.252,2026-08-24 05:43:56.254,InnoDB,LOCK_SYS_PAGE,1251,20,519
1787550236.252,2026-08-24 05:43:56.254,InnoDB,UNDO_SPACE_RSEG,4355,20,1838
1787550236.252,2026-08-24 05:43:56.254,InnoDB,LOCK_SYS_PAGE,1176,20,525
1787550236.252,2026-08-24 05:43:56.254,InnoDB,LOCK_SYS_PAGE,1406,20,617
1787550236.252,2026-08-24 05:43:56.254,InnoDB,LOCK_SYS_PAGE,1221,20,508
1787550236.252,2026-08-24 05:43:56.254,InnoDB,LOCK_SYS_PAGE,1254,20,560
1787550236.252,2026-08-24 05:43:56.254,InnoDB,LOCK_SYS_PAGE,1292,20,541
1787550236.252,2026-08-24 05:43:56.254,InnoDB,LOCK_SYS_PAGE,1308,20,575
1787550236.252,2026-08-24 05:43:56.254,InnoDB,UNDO_SPACE_RSEG,4404,20,1867
1787550236.252,2026-08-24 05:43:56.254,InnoDB,LOCK_SYS_PAGE,1250,20,578
1787550236.252,2026-08-24 05:43:56.254,InnoDB,LOCK_SYS_PAGE,1170,20,506
1787550236.252,2026-08-24 05:43:56.254,InnoDB,LOCK_SYS_PAGE,1337,20,603
1787550236.252,2026-08-24 05:43:56.254,InnoDB,LOCK_SYS_PAGE,1306,20,509
1787550236.252,2026-08-24 05:43:56.254,InnoDB,LOCK_SYS_PAGE,1279,20,519
1787550236.252,2026-08-24 05:43:56.254,InnoDB,LOCK_SYS_PAGE,1195,20,561
1787550236.252,2026-08-24 05:43:56.254,InnoDB,LOCK_SYS_PAGE,1287,20,507
1787550236.252,2026-08-24 05:43:56.254,InnoDB,UNDO_SPACE_RSEG,4170,20,1915
1787550236.252,2026-08-24 05:43:56.254,InnoDB,LOCK_SYS_PAGE,1249,20,529
1787550236.252,2026-08-24 05:43:56.254,InnoDB,UNDO_SPACE_RSEG,4427,20,1863
1787550236.252,2026-08-24 05:43:56.254,InnoDB,LOCK_SYS_PAGE,1287,20,568
1787550236.252,2026-08-24 05:43:56.254,InnoDB,LOCK_SYS_PAGE,1346,20,537
1787550236.252,2026-08-24 05:43:56.254,InnoDB,LOCK_SYS_PAGE,1345,20,579
1787550236.252,2026-08-24 05:43:56.254,InnoDB,LOCK_SYS_PAGE,1153,20,466
1787550236.252,2026-08-24 05:43:56.254,InnoDB,LOCK_SYS_PAGE,1298,20,521
1787550236.252,2026-08-24 05:43:56.254,InnoDB,UNDO_SPACE_RSEG,4311,20,1820
1787550236.252,2026-08-24 05:43:56.254,InnoDB,LOCK_SYS_PAGE,1315,20,568
1787550236.252,2026-08-24 05:43:56.254,InnoDB,UNDO_SPACE_RSEG,4453,20,1885
1787550236.252,2026-08-24 05:43:56.254,InnoDB,LOCK_SYS_PAGE,1201,19,555
1787550236.252,2026-08-24 05:43:56.254,InnoDB,LOCK_SYS_PAGE,1177,19,539
1787550236.252,2026-08-24 05:43:56.254,InnoDB,LOCK_SYS_PAGE,1226,19,565
1787550236.252,2026-08-24 05:43:56.254,InnoDB,LOCK_SYS_PAGE,1220,19,563
1787550236.252,2026-08-24 05:43:56.254,InnoDB,LOCK_SYS_PAGE,1324,19,585
1787550236.252,2026-08-24 05:43:56.254,InnoDB,UNDO_SPACE_RSEG,4472,19,1930
1787550236.252,2026-08-24 05:43:56.254,InnoDB,LOCK_SYS_PAGE,1121,19,495
1787550236.252,2026-08-24 05:43:56.254,InnoDB,UNDO_SPACE_RSEG,4438,19,1878
1787550236.252,2026-08-24 05:43:56.254,InnoDB,LOCK_SYS_PAGE,1173,19,477
1787550236.252,2026-08-24 05:43:56.254,InnoDB,LOCK_SYS_PAGE,1318,19,556
1787550236.252,2026-08-24 05:43:56.254,InnoDB,LOCK_SYS_PAGE,1227,19,516
1787550236.252,2026-08-24 05:43:56.254,InnoDB,LOCK_SYS_PAGE,1209,19,581
1787550236.252,2026-08-24 05:43:56.254,InnoDB,LOCK_SYS_PAGE,1235,19,498
1787550236.252,2026-08-24 05:43:56.254,InnoDB,LOCK_SYS_PAGE,1311,19,600
1787550236.252,2026-08-24 05:43:56.254,InnoDB,LOCK_SYS_PAGE,1126,19,478
1787550236.252,2026-08-24 05:43:56.254,InnoDB,LOCK_SYS_PAGE,1210,19,543
1787550236.252,2026-08-24 05:43:56.254,InnoDB,LOCK_SYS_PAGE,1201,19,535
1787550236.252,2026-08-24 05:43:56.254,InnoDB,LOCK_SYS_PAGE,1307,19,526
1787550236.252,2026-08-24 05:43:56.254,InnoDB,LOCK_SYS_PAGE,1245,19,527
1787550236.252,2026-08-24 05:43:56.254,InnoDB,UNDO_SPACE_RSEG,4448,19,1874
1787550236.252,2026-08-24 05:43:56.254,InnoDB,UNDO_SPACE_RSEG,4365,19,1855
1787550236.252,2026-08-24 05:43:56.254,InnoDB,LOCK_SYS_PAGE,1362,19,558
1787550236.252,2026-08-24 05:43:56.254,InnoDB,LOCK_SYS_PAGE,1210,19,518
1787550236.252,2026-08-24 05:43:56.254,InnoDB,LOCK_SYS_PAGE,1228,19,573
1787550236.252,2026-08-24 05:43:56.254,InnoDB,LOCK_SYS_PAGE,1207,19,525
1787550236.252,2026-08-24 05:43:56.254,InnoDB,LOCK_SYS_PAGE,1271,19,572
1787550236.252,2026-08-24 05:43:56.254,InnoDB,LOCK_SYS_PAGE,1284,19,533
1787550236.252,2026-08-24 05:43:56.254,InnoDB,LOCK_SYS_PAGE,1317,19,607
1787550236.252,2026-08-24 05:43:56.254,InnoDB,UNDO_SPACE_RSEG,4313,19,1892
1787550236.252,2026-08-24 05:43:56.254,InnoDB,LOCK_SYS_PAGE,1239,19,533
1787550236.252,2026-08-24 05:43:56.254,InnoDB,LOCK_SYS_PAGE,1197,19,500
1787550236.252,2026-08-24 05:43:56.254,InnoDB,LOCK_SYS_PAGE,1256,19,509
1787550236.252,2026-08-24 05:43:56.254,InnoDB,LOCK_SYS_PAGE,1220,19,519
1787550236.252,2026-08-24 05:43:56.254,InnoDB,TRX_POOL,626,19,51
1787550236.252,2026-08-24 05:43:56.254,InnoDB,LOCK_SYS_PAGE,1373,19,544
1787550236.252,2026-08-24 05:43:56.254,InnoDB,LOCK_SYS_PAGE,1282,19,564
1787550236.252,2026-08-24 05:43:56.254,InnoDB,LOCK_SYS_PAGE,1204,19,546
1787550236.252,2026-08-24 05:43:56.254,InnoDB,LOCK_SYS_PAGE,1251,19,552
1787550236.252,2026-08-24 05:43:56.254,InnoDB,LOCK_SYS_PAGE,1268,19,540
1787550236.252,2026-08-24 05:43:56.254,InnoDB,LOCK_SYS_PAGE,1322,19,580
1787550236.252,2026-08-24 05:43:56.254,InnoDB,LOCK_SYS_PAGE,1168,19,545
1787550236.252,2026-08-24 05:43:56.254,InnoDB,LOCK_SYS_PAGE,1337,19,599
1787550236.252,2026-08-24 05:43:56.254,InnoDB,LOCK_SYS_PAGE,1249,19,555
1787550236.252,2026-08-24 05:43:56.254,InnoDB,UNDO_SPACE_RSEG,4398,19,1948
1787550236.252,2026-08-24 05:43:56.254,InnoDB,LOCK_SYS_PAGE,1142,19,481
1787550236.252,2026-08-24 05:43:56.254,InnoDB,LOCK_SYS_PAGE,1195,18,498
1787550236.252,2026-08-24 05:43:56.254,InnoDB,LOCK_SYS_PAGE,1179,18,580
1787550236.252,2026-08-24 05:43:56.254,InnoDB,LOCK_SYS_PAGE,1246,18,562
1787550236.252,2026-08-24 05:43:56.254,InnoDB,LOCK_SYS_PAGE,1161,18,502
1787550236.252,2026-08-24 05:43:56.254,InnoDB,LOCK_SYS_PAGE,1200,18,570
1787550236.252,2026-08-24 05:43:56.254,InnoDB,LOCK_SYS_PAGE,1187,18,515
1787550236.252,2026-08-24 05:43:56.254,InnoDB,LOCK_SYS_PAGE,1225,18,516
1787550236.252,2026-08-24 05:43:56.254,InnoDB,LOCK_SYS_PAGE,1213,18,546
1787550236.252,2026-08-24 05:43:56.254,InnoDB,LOCK_SYS_PAGE,1192,18,491
1787550236.252,2026-08-24 05:43:56.254,InnoDB,UNDO_SPACE_RSEG,4393,18,1926
1787550236.252,2026-08-24 05:43:56.254,InnoDB,LOCK_SYS_PAGE,1176,18,539
1787550236.252,2026-08-24 05:43:56.254,InnoDB,LOCK_SYS_PAGE,1208,18,525
1787550236.252,2026-08-24 05:43:56.254,InnoDB,LOCK_SYS_PAGE,1103,18,534
1787550236.252,2026-08-24 05:43:56.254,InnoDB,LOCK_SYS_PAGE,1176,18,488
1787550236.252,2026-08-24 05:43:56.254,InnoDB,UNDO_SPACE_RSEG,4346,18,1895
1787550236.252,2026-08-24 05:43:56.254,InnoDB,LOCK_SYS_PAGE,1288,18,547
1787550236.252,2026-08-24 05:43:56.254,InnoDB,LOCK_SYS_PAGE,1293,18,594
1787550236.252,2026-08-24 05:43:56.254,InnoDB,LOCK_SYS_PAGE,1214,18,575
1787550236.252,2026-08-24 05:43:56.254,InnoDB,LOCK_SYS_PAGE,1172,18,547
1787550236.252,2026-08-24 05:43:56.254,InnoDB,LOCK_SYS_PAGE,1264,18,587
1787550236.252,2026-08-24 05:43:56.254,InnoDB,LOCK_SYS_PAGE,1241,18,557
1787550236.252,2026-08-24 05:43:56.254,InnoDB,LOCK_SYS_PAGE,1192,18,558
1787550236.252,2026-08-24 05:43:56.254,InnoDB,LOCK_SYS_PAGE,1123,18,518
1787550236.252,2026-08-24 05:43:56.254,InnoDB,LOCK_SYS_PAGE,1197,18,474
1787550236.252,2026-08-24 05:43:56.254,InnoDB,LOCK_SYS_PAGE,1108,18,491
1787550236.252,2026-08-24 05:43:56.254,InnoDB,LOCK_SYS_PAGE,1230,18,517
1787550236.252,2026-08-24 05:43:56.254,InnoDB,LOCK_SYS_PAGE,1233,18,539
1787550236.252,2026-08-24 05:43:56.254,InnoDB,UNDO_SPACE_RSEG,4158,18,1816
1787550236.252,2026-08-24 05:43:56.254,InnoDB,LOCK_SYS_PAGE,1113,18,533
1787550236.252,2026-08-24 05:43:56.254,InnoDB,LOCK_SYS_PAGE,1193,18,529
1787550236.252,2026-08-24 05:43:56.254,InnoDB,UNDO_SPACE_RSEG,4220,18,1851
1787550236.252,2026-08-24 05:43:56.254,InnoDB,LOCK_SYS_PAGE,1215,18,549
1787550236.252,2026-08-24 05:43:56.254,InnoDB,LOCK_SYS_PAGE,1192,18,507
1787550236.252,2026-08-24 05:43:56.254,InnoDB,LOCK_SYS_PAGE,1275,18,580
1787550236.252,2026-08-24 05:43:56.254,InnoDB,UNDO_SPACE_RSEG,4396,18,1970
1787550236.252,2026-08-24 05:43:56.254,InnoDB,LOCK_SYS_PAGE,1145,18,497
1787550236.252,2026-08-24 05:43:56.254,InnoDB,LOCK_SYS_PAGE,1301,18,575
1787550236.252,2026-08-24 05:43:56.254,InnoDB,LOCK_SYS_PAGE,1204,18,507
1787550236.252,2026-08-24 05:43:56.254,InnoDB,LOCK_SYS_PAGE,1148,18,561
1787550236.252,2026-08-24 05:43:56.254,InnoDB,LOCK_SYS_PAGE,1136,18,515
1787550236.252,2026-08-24 05:43:56.254,InnoDB,LOCK_SYS_PAGE,1102,18,485
1787550236.252,2026-08-24 05:43:56.254,InnoDB,LOCK_SYS_PAGE,1255,18,548
1787550236.252,2026-08-24 05:43:56.254,InnoDB,LOCK_SYS_PAGE,1276,18,540
1787550236.252,2026-08-24 05:43:56.254,InnoDB,LOCK_SYS_PAGE,1197,17,506
1787550236.252,2026-08-24 05:43:56.254,InnoDB,LOCK_SYS_PAGE,1206,17,520
1787550236.252,2026-08-24 05:43:56.254,InnoDB,UNDO_SPACE_RSEG,4243,17,1813
1787550236.252,2026-08-24 05:43:56.254,InnoDB,LOCK_SYS_PAGE,1160,17,572
1787550236.252,2026-08-24 05:43:56.254,InnoDB,LOCK_SYS_PAGE,1180,17,538
1787550236.252,2026-08-24 05:43:56.254,InnoDB,LOCK_SYS_PAGE,1242,17,559
1787550236.252,2026-08-24 05:43:56.254,InnoDB,LOCK_SYS_PAGE,1245,17,595
1787550236.252,2026-08-24 05:43:56.254,InnoDB,LOCK_SYS_PAGE,1136,17,524
1787550236.252,2026-08-24 05:43:56.254,InnoDB,LOCK_SYS_PAGE,1176,17,510
1787550236.252,2026-08-24 05:43:56.254,InnoDB,LOCK_SYS_PAGE,1247,17,569
1787550236.252,2026-08-24 05:43:56.254,InnoDB,LOCK_SYS_PAGE,1195,17,538
1787550236.252,2026-08-24 05:43:56.254,InnoDB,LOCK_SYS_PAGE,1150,17,560
1787550236.252,2026-08-24 05:43:56.254,InnoDB,LOCK_SYS_PAGE,1128,17,551
1787550236.252,2026-08-24 05:43:56.254,InnoDB,UNDO_SPACE_RSEG,4566,17,1984
1787550236.252,2026-08-24 05:43:56.254,InnoDB,LOCK_SYS_PAGE,1250,17,486
1787550236.252,2026-08-24 05:43:56.254,InnoDB,LOCK_SYS_PAGE,1204,17,564
1787550236.252,2026-08-24 05:43:56.254,InnoDB,LOCK_SYS_PAGE,1271,17,553
1787550236.252,2026-08-24 05:43:56.254,InnoDB,LOCK_SYS_PAGE,1270,17,537
1787550236.252,2026-08-24 05:43:56.254,InnoDB,LOCK_SYS_PAGE,1214,17,533
1787550236.252,2026-08-24 05:43:56.254,InnoDB,LOCK_SYS_PAGE,1141,17,545
1787550236.252,2026-08-24 05:43:56.254,InnoDB,LOCK_SYS_PAGE,1196,17,584
1787550236.252,2026-08-24 05:43:56.254,InnoDB,LOCK_SYS_PAGE,1172,17,543
1787550236.252,2026-08-24 05:43:56.254,InnoDB,LOCK_SYS_PAGE,1248,17,540
1787550236.252,2026-08-24 05:43:56.254,InnoDB,LOCK_SYS_PAGE,1215,17,519
1787550236.252,2026-08-24 05:43:56.254,InnoDB,LOCK_SYS_PAGE,1147,17,525
1787550236.252,2026-08-24 05:43:56.254,InnoDB,LOCK_SYS_PAGE,1197,17,495
1787550236.252,2026-08-24 05:43:56.254,InnoDB,LOCK_SYS_PAGE,1151,17,552
1787550236.252,2026-08-24 05:43:56.254,InnoDB,LOCK_SYS_PAGE,1271,17,616
1787550236.252,2026-08-24 05:43:56.254,InnoDB,LOCK_SYS_PAGE,1129,17,502
1787550236.252,2026-08-24 05:43:56.254,InnoDB,LOCK_SYS_PAGE,1301,17,637
1787550236.252,2026-08-24 05:43:56.254,InnoDB,LOCK_SYS_PAGE,1289,17,573
1787550236.252,2026-08-24 05:43:56.254,InnoDB,LOCK_SYS_PAGE,1158,17,578
1787550236.252,2026-08-24 05:43:56.254,InnoDB,LOCK_SYS_PAGE,1165,17,531
1787550236.252,2026-08-24 05:43:56.254,InnoDB,LOCK_SYS_PAGE,1101,17,498
1787550236.252,2026-08-24 05:43:56.254,InnoDB,LOCK_SYS_PAGE,1189,17,519
1787550236.252,2026-08-24 05:43:56.254,InnoDB,LOCK_SYS_PAGE,1122,17,533
1787550236.252,2026-08-24 05:43:56.254,InnoDB,LOCK_SYS_PAGE,1122,17,520
1787550236.252,2026-08-24 05:43:56.254,InnoDB,LOCK_SYS_PAGE,1286,17,612
1787550236.252,2026-08-24 05:43:56.254,InnoDB,LOCK_SYS_PAGE,1259,17,532
1787550236.252,2026-08-24 05:43:56.254,InnoDB,LOCK_SYS_PAGE,1217,17,600
1787550236.252,2026-08-24 05:43:56.254,InnoDB,LOCK_SYS_PAGE,1105,17,503
1787550236.252,2026-08-24 05:43:56.254,InnoDB,LOCK_SYS_PAGE,1179,17,486
1787550236.252,2026-08-24 05:43:56.254,InnoDB,LOCK_SYS_PAGE,1211,17,519
1787550236.252,2026-08-24 05:43:56.254,InnoDB,LOCK_SYS_PAGE,1219,17,499
1787550236.252,2026-08-24 05:43:56.254,InnoDB,LOCK_SYS_PAGE,1075,16,483
1787550236.252,2026-08-24 05:43:56.254,InnoDB,LOCK_SYS_PAGE,1132,16,503
1787550236.252,2026-08-24 05:43:56.254,InnoDB,UNDO_SPACE_RSEG,4485,16,1987
1787550236.252,2026-08-24 05:43:56.254,InnoDB,LOCK_SYS_PAGE,1192,16,507
1787550236.252,2026-08-24 05:43:56.254,InnoDB,LOCK_SYS_PAGE,1134,16,554
1787550236.252,2026-08-24 05:43:56.254,InnoDB,LOCK_SYS_PAGE,1154,16,505
1787550236.252,2026-08-24 05:43:56.254,InnoDB,LOCK_SYS_PAGE,1116,16,539
1787550236.252,2026-08-24 05:43:56.254,InnoDB,LOCK_SYS_PAGE,1227,16,524
1787550236.252,2026-08-24 05:43:56.254,InnoDB,LOCK_SYS_PAGE,1177,16,583
1787550236.252,2026-08-24 05:43:56.254,InnoDB,LOCK_SYS_PAGE,1131,16,556
1787550236.252,2026-08-24 05:43:56.254,InnoDB,UNDO_SPACE_RSEG,4334,16,1895
1787550236.252,2026-08-24 05:43:56.254,InnoDB,LOCK_SYS_PAGE,1168,16,531
1787550236.252,2026-08-24 05:43:56.254,InnoDB,LOCK_SYS_PAGE,1094,16,519
1787550236.252,2026-08-24 05:43:56.254,InnoDB,LOCK_SYS_PAGE,1061,16,513
1787550236.252,2026-08-24 05:43:56.254,InnoDB,LOCK_SYS_PAGE,1160,16,531
1787550236.252,2026-08-24 05:43:56.254,InnoDB,LOCK_SYS_PAGE,1224,16,551
1787550236.252,2026-08-24 05:43:56.254,InnoDB,LOCK_SYS_PAGE,1096,16,561
1787550236.252,2026-08-24 05:43:56.254,InnoDB,LOCK_SYS_PAGE,1205,16,533
1787550236.252,2026-08-24 05:43:56.254,InnoDB,LOCK_SYS_PAGE,1125,16,525
1787550236.252,2026-08-24 05:43:56.254,InnoDB,LOCK_SYS_PAGE,1199,16,552
1787550236.252,2026-08-24 05:43:56.254,InnoDB,LOCK_SYS_PAGE,1178,16,567
1787550236.252,2026-08-24 05:43:56.254,InnoDB,LOCK_SYS_PAGE,1174,16,554
1787550236.252,2026-08-24 05:43:56.254,InnoDB,LOCK_SYS_PAGE,1222,16,516
1787550236.252,2026-08-24 05:43:56.254,InnoDB,LOCK_SYS_PAGE,1145,16,528
1787550236.252,2026-08-24 05:43:56.254,InnoDB,LOCK_SYS_PAGE,1112,16,499
1787550236.252,2026-08-24 05:43:56.254,InnoDB,LOCK_SYS_PAGE,1147,16,534
1787550236.252,2026-08-24 05:43:56.254,InnoDB,LOCK_SYS_PAGE,1219,16,539
1787550236.252,2026-08-24 05:43:56.254,InnoDB,LOCK_SYS_PAGE,1014,16,516
1787550236.252,2026-08-24 05:43:56.254,InnoDB,LOCK_SYS_PAGE,1189,16,501
1787550236.252,2026-08-24 05:43:56.254,InnoDB,LOCK_SYS_PAGE,1174,16,500
1787550236.252,2026-08-24 05:43:56.254,InnoDB,LOCK_SYS_PAGE,1191,16,524
1787550236.252,2026-08-24 05:43:56.254,InnoDB,LOCK_SYS_PAGE,1206,16,560
1787550236.252,2026-08-24 05:43:56.254,InnoDB,LOCK_SYS_PAGE,1163,16,549
1787550236.252,2026-08-24 05:43:56.254,InnoDB,LOCK_SYS_PAGE,1088,16,516
1787550236.252,2026-08-24 05:43:56.254,InnoDB,LOCK_SYS_PAGE,1130,16,517
1787550236.252,2026-08-24 05:43:56.254,InnoDB,LOCK_SYS_PAGE,1148,16,602
1787550236.252,2026-08-24 05:43:56.254,InnoDB,LOCK_SYS_PAGE,1107,16,481
1787550236.252,2026-08-24 05:43:56.254,InnoDB,LOCK_SYS_PAGE,1121,16,554
1787550236.252,2026-08-24 05:43:56.254,InnoDB,LOCK_SYS_PAGE,1215,16,521
1787550236.252,2026-08-24 05:43:56.254,InnoDB,LOCK_SYS_PAGE,1073,16,437
1787550236.252,2026-08-24 05:43:56.254,InnoDB,LOCK_SYS_PAGE,1142,16,535
1787550236.252,2026-08-24 05:43:56.254,InnoDB,LOCK_SYS_PAGE,1256,16,581
1787550236.252,2026-08-24 05:43:56.254,InnoDB,LOCK_SYS_PAGE,1152,16,494
1787550236.252,2026-08-24 05:43:56.254,InnoDB,LOCK_SYS_PAGE,1172,16,565
1787550236.252,2026-08-24 05:43:56.254,InnoDB,LOCK_SYS_PAGE,1099,16,537
1787550236.252,2026-08-24 05:43:56.254,InnoDB,LOCK_SYS_PAGE,1154,16,575
1787550236.252,2026-08-24 05:43:56.254,InnoDB,LOCK_SYS_PAGE,1152,16,631
1787550236.252,2026-08-24 05:43:56.254,InnoDB,LOCK_SYS_PAGE,1103,15,557
1787550236.252,2026-08-24 05:43:56.254,InnoDB,LOCK_SYS_PAGE,1110,15,552
1787550236.252,2026-08-24 05:43:56.254,InnoDB,LOCK_SYS_PAGE,1127,15,551
1787550236.252,2026-08-24 05:43:56.254,InnoDB,LOCK_SYS_PAGE,1260,15,522
1787550236.252,2026-08-24 05:43:56.254,InnoDB,LOCK_SYS_PAGE,1035,15,503
1787550236.252,2026-08-24 05:43:56.254,InnoDB,LOCK_SYS_PAGE,1120,15,581
1787550236.252,2026-08-24 05:43:56.254,InnoDB,LOCK_SYS_PAGE,1084,15,521
1787550236.252,2026-08-24 05:43:56.254,InnoDB,LOCK_SYS_PAGE,1158,15,556
1787550236.252,2026-08-24 05:43:56.254,InnoDB,LOCK_SYS_PAGE,1135,15,532
1787550236.252,2026-08-24 05:43:56.254,InnoDB,LOCK_SYS_PAGE,1132,15,522
1787550236.252,2026-08-24 05:43:56.254,InnoDB,LOCK_SYS_PAGE,1018,15,518
1787550236.252,2026-08-24 05:43:56.254,InnoDB,LOCK_SYS_PAGE,1086,15,515
1787550236.252,2026-08-24 05:43:56.254,InnoDB,LOCK_SYS_PAGE,1148,15,526
1787550236.252,2026-08-24 05:43:56.254,InnoDB,LOCK_SYS_PAGE,1077,15,540
1787550236.252,2026-08-24 05:43:56.254,InnoDB,LOCK_SYS_PAGE,1031,15,482
1787550236.252,2026-08-24 05:43:56.254,InnoDB,LOCK_SYS_PAGE,1061,15,519
1787550236.252,2026-08-24 05:43:56.254,InnoDB,UNDO_SPACE_RSEG,4205,15,1892
1787550236.252,2026-08-24 05:43:56.254,InnoDB,LOCK_SYS_PAGE,1109,15,552
1787550236.252,2026-08-24 05:43:56.254,InnoDB,LOCK_SYS_PAGE,969,15,431
1787550236.252,2026-08-24 05:43:56.254,InnoDB,LOCK_SYS_PAGE,1175,15,562
1787550236.252,2026-08-24 05:43:56.254,InnoDB,LOCK_SYS_PAGE,1077,15,471
1787550236.252,2026-08-24 05:43:56.254,InnoDB,LOCK_SYS_PAGE,1075,15,510
1787550236.252,2026-08-24 05:43:56.254,InnoDB,LOCK_SYS_PAGE,1150,15,545
1787550236.252,2026-08-24 05:43:56.254,InnoDB,LOCK_SYS_PAGE,1089,15,505
1787550236.252,2026-08-24 05:43:56.254,InnoDB,LOCK_SYS_PAGE,1154,15,539
1787550236.252,2026-08-24 05:43:56.254,InnoDB,LOCK_SYS_PAGE,1131,15,537
1787550236.252,2026-08-24 05:43:56.254,InnoDB,LOCK_SYS_PAGE,1111,15,517
1787550236.252,2026-08-24 05:43:56.254,InnoDB,LOCK_SYS_PAGE,1095,15,484
1787550236.252,2026-08-24 05:43:56.254,InnoDB,LOCK_SYS_PAGE,1072,15,520
1787550236.252,2026-08-24 05:43:56.254,InnoDB,LOCK_SYS_PAGE,1109,15,511
1787550236.252,2026-08-24 05:43:56.254,InnoDB,LOCK_SYS_PAGE,1126,15,561
1787550236.252,2026-08-24 05:43:56.254,InnoDB,LOCK_SYS_PAGE,1039,15,488
1787550236.252,2026-08-24 05:43:56.254,InnoDB,LOCK_SYS_PAGE,1116,15,534
1787550236.252,2026-08-24 05:43:56.254,InnoDB,LOCK_SYS_PAGE,1114,15,566
1787550236.252,2026-08-24 05:43:56.254,InnoDB,LOCK_SYS_PAGE,1080,15,508
1787550236.252,2026-08-24 05:43:56.254,InnoDB,LOCK_SYS_PAGE,1123,15,574
1787550236.252,2026-08-24 05:43:56.254,InnoDB,LOCK_SYS_PAGE,1090,15,510
1787550236.252,2026-08-24 05:43:56.254,InnoDB,LOCK_SYS_PAGE,1144,15,521
1787550236.252,2026-08-24 05:43:56.254,InnoDB,LOCK_SYS_PAGE,1185,15,516
1787550236.252,2026-08-24 05:43:56.254,InnoDB,LOCK_SYS_PAGE,1084,14,493
1787550236.252,2026-08-24 05:43:56.254,InnoDB,LOCK_SYS_PAGE,1017,14,475
1787550236.252,2026-08-24 05:43:56.254,InnoDB,LOCK_SYS_PAGE,1003,14,495
1787550236.252,2026-08-24 05:43:56.254,InnoDB,LOCK_SYS_PAGE,1092,14,560
1787550236.252,2026-08-24 05:43:56.254,InnoDB,LOCK_SYS_PAGE,1021,14,505
1787550236.252,2026-08-24 05:43:56.254,InnoDB,LOCK_SYS_PAGE,915,14,454
1787550236.252,2026-08-24 05:43:56.254,InnoDB,LOCK_SYS_PAGE,971,14,498
1787550236.252,2026-08-24 05:43:56.254,InnoDB,LOCK_SYS_PAGE,1040,14,514
1787550236.252,2026-08-24 05:43:56.254,InnoDB,LOCK_SYS_PAGE,1111,14,580
1787550236.252,2026-08-24 05:43:56.254,InnoDB,LOCK_SYS_PAGE,1140,14,530
1787550236.252,2026-08-24 05:43:56.254,InnoDB,LOCK_SYS_PAGE,1067,14,538
1787550236.252,2026-08-24 05:43:56.254,InnoDB,LOCK_SYS_PAGE,1129,14,539
1787550236.252,2026-08-24 05:43:56.254,InnoDB,LOCK_SYS_PAGE,1068,14,553
1787550236.252,2026-08-24 05:43:56.254,InnoDB,LOCK_SYS_PAGE,1010,14,516
1787550236.252,2026-08-24 05:43:56.254,InnoDB,LOCK_SYS_PAGE,1116,14,533
1787550236.252,2026-08-24 05:43:56.254,InnoDB,LOCK_SYS_PAGE,1080,14,544
1787550236.252,2026-08-24 05:43:56.254,InnoDB,LOCK_SYS_PAGE,1089,14,529
1787550236.252,2026-08-24 05:43:56.254,InnoDB,LOCK_SYS_PAGE,1045,14,509
1787550236.252,2026-08-24 05:43:56.254,InnoDB,LOCK_SYS_PAGE,1108,14,520
1787550236.252,2026-08-24 05:43:56.254,InnoDB,LOCK_SYS_PAGE,1057,14,518
1787550236.252,2026-08-24 05:43:56.254,InnoDB,LOCK_SYS_PAGE,1180,14,594
1787550236.252,2026-08-24 05:43:56.254,InnoDB,LOCK_SYS_PAGE,1058,14,532
1787550236.252,2026-08-24 05:43:56.254,InnoDB,LOCK_SYS_PAGE,1099,14,546
1787550236.252,2026-08-24 05:43:56.254,InnoDB,LOCK_SYS_PAGE,1087,14,567
1787550236.252,2026-08-24 05:43:56.254,InnoDB,LOCK_SYS_PAGE,1132,14,559
1787550236.252,2026-08-24 05:43:56.254,InnoDB,LOCK_SYS_PAGE,1216,14,592
1787550236.252,2026-08-24 05:43:56.254,InnoDB,LOCK_SYS_PAGE,1018,14,470
1787550236.252,2026-08-24 05:43:56.254,InnoDB,LOCK_SYS_PAGE,1060,14,518
1787550236.252,2026-08-24 05:43:56.254,InnoDB,LOCK_SYS_PAGE,1061,14,522
1787550236.252,2026-08-24 05:43:56.254,InnoDB,LOCK_SYS_PAGE,1200,14,581
1787550236.252,2026-08-24 05:43:56.254,InnoDB,LOCK_SYS_PAGE,1074,14,558
1787550236.252,2026-08-24 05:43:56.254,InnoDB,LOCK_SYS_PAGE,1008,14,513
1787550236.252,2026-08-24 05:43:56.254,InnoDB,LOCK_SYS_PAGE,1014,14,479
1787550236.252,2026-08-24 05:43:56.254,InnoDB,LOCK_SYS_PAGE,1135,14,508
1787550236.252,2026-08-24 05:43:56.254,InnoDB,LOCK_SYS_PAGE,1114,14,551
1787550236.252,2026-08-24 05:43:56.254,InnoDB,LOCK_SYS_PAGE,1178,14,563
1787550236.252,2026-08-24 05:43:56.254,InnoDB,LOCK_SYS_PAGE,1119,14,582
1787550236.252,2026-08-24 05:43:56.254,InnoDB,LOCK_SYS_PAGE,1009,14,487
1787550236.252,2026-08-24 05:43:56.254,InnoDB,LOCK_SYS_PAGE,922,14,495
1787550236.252,2026-08-24 05:43:56.254,InnoDB,LOCK_SYS_PAGE,1005,14,535
1787550236.252,2026-08-24 05:43:56.254,InnoDB,LOCK_SYS_PAGE,1020,14,532
1787550236.252,2026-08-24 05:43:56.254,InnoDB,LOCK_SYS_PAGE,1090,14,561
1787550236.252,2026-08-24 05:43:56.254,InnoDB,LOCK_SYS_PAGE,1014,14,545
1787550236.252,2026-08-24 05:43:56.254,InnoDB,LOCK_SYS_PAGE,1075,14,564
1787550236.252,2026-08-24 05:43:56.254,InnoDB,LOCK_SYS_PAGE,997,13,560
1787550236.252,2026-08-24 05:43:56.254,InnoDB,LOCK_SYS_PAGE,1135,13,573
1787550236.252,2026-08-24 05:43:56.254,InnoDB,LOCK_SYS_PAGE,1051,13,471
1787550236.252,2026-08-24 05:43:56.254,InnoDB,LOCK_SYS_PAGE,938,13,465
1787550236.252,2026-08-24 05:43:56.254,InnoDB,LOCK_SYS_PAGE,1164,13,529
1787550236.252,2026-08-24 05:43:56.254,InnoDB,LOCK_SYS_PAGE,978,13,506
1787550236.252,2026-08-24 05:43:56.254,InnoDB,LOCK_SYS_PAGE,1132,13,541
1787550236.252,2026-08-24 05:43:56.254,InnoDB,LOCK_SYS_PAGE,991,13,494
1787550236.252,2026-08-24 05:43:56.254,InnoDB,LOCK_SYS_PAGE,1086,13,576
1787550236.252,2026-08-24 05:43:56.254,InnoDB,LOCK_SYS_PAGE,987,13,496
1787550236.252,2026-08-24 05:43:56.254,InnoDB,LOCK_SYS_PAGE,1044,13,515
1787550236.252,2026-08-24 05:43:56.254,InnoDB,LOCK_SYS_PAGE,1030,13,601
1787550236.252,2026-08-24 05:43:56.254,InnoDB,LOCK_SYS_PAGE,1048,13,556
1787550236.252,2026-08-24 05:43:56.254,InnoDB,LOCK_SYS_PAGE,1023,13,493
1787550236.252,2026-08-24 05:43:56.254,InnoDB,LOCK_SYS_PAGE,1011,13,515
1787550236.252,2026-08-24 05:43:56.254,InnoDB,LOCK_SYS_PAGE,1139,13,530
1787550236.252,2026-08-24 05:43:56.254,InnoDB,LOCK_SYS_PAGE,1045,13,510
1787550236.252,2026-08-24 05:43:56.254,InnoDB,LOCK_SYS_PAGE,1012,13,507
1787550236.252,2026-08-24 05:43:56.254,InnoDB,LOCK_SYS_PAGE,1065,13,552
1787550236.252,2026-08-24 05:43:56.254,InnoDB,LOCK_SYS_PAGE,1088,13,565
1787550236.252,2026-08-24 05:43:56.254,InnoDB,LOCK_SYS_PAGE,960,13,463
1787550236.252,2026-08-24 05:43:56.254,InnoDB,LOCK_SYS_PAGE,1066,13,551
1787550236.252,2026-08-24 05:43:56.254,InnoDB,LOCK_SYS_PAGE,1057,13,564
1787550236.252,2026-08-24 05:43:56.254,InnoDB,LOCK_SYS_PAGE,993,12,555
1787550236.252,2026-08-24 05:43:56.254,InnoDB,LOCK_SYS_PAGE,1137,12,532
1787550236.252,2026-08-24 05:43:56.254,InnoDB,LOCK_SYS_PAGE,1041,12,494
1787550236.252,2026-08-24 05:43:56.254,InnoDB,LOCK_SYS_PAGE,1099,12,503
1787550236.252,2026-08-24 05:43:56.254,InnoDB,LOCK_SYS_PAGE,1069,12,546
1787550236.252,2026-08-24 05:43:56.254,InnoDB,LOCK_SYS_PAGE,914,12,441
1787550236.252,2026-08-24 05:43:56.254,InnoDB,LOCK_SYS_PAGE,1120,12,513
1787550236.252,2026-08-24 05:43:56.254,InnoDB,LOCK_SYS_PAGE,1011,12,548
1787550236.252,2026-08-24 05:43:56.254,InnoDB,LOCK_SYS_PAGE,1070,12,540
1787550236.252,2026-08-24 05:43:56.254,InnoDB,LOCK_SYS_PAGE,1017,12,556
1787550236.252,2026-08-24 05:43:56.254,InnoDB,LOCK_SYS_PAGE,1013,12,548
1787550236.252,2026-08-24 05:43:56.254,InnoDB,LOCK_SYS_PAGE,940,12,484
1787550236.252,2026-08-24 05:43:56.254,InnoDB,LOCK_SYS_PAGE,962,12,477
1787550236.252,2026-08-24 05:43:56.254,InnoDB,LOCK_SYS_PAGE,1032,12,545
1787550236.252,2026-08-24 05:43:56.254,InnoDB,LOCK_SYS_PAGE,976,12,484
1787550236.252,2026-08-24 05:43:56.254,InnoDB,LOCK_SYS_PAGE,908,12,501
1787550236.252,2026-08-24 05:43:56.254,InnoDB,LOCK_SYS_PAGE,1052,12,573
1787550236.252,2026-08-24 05:43:56.254,InnoDB,LOCK_SYS_PAGE,1030,12,541
1787550236.252,2026-08-24 05:43:56.254,InnoDB,LOCK_SYS_PAGE,986,12,479
1787550236.252,2026-08-24 05:43:56.254,InnoDB,LOCK_SYS_PAGE,980,12,509
1787550236.252,2026-08-24 05:43:56.254,InnoDB,LOCK_SYS_PAGE,951,12,515
1787550236.252,2026-08-24 05:43:56.254,InnoDB,LOCK_SYS_PAGE,986,12,519
1787550236.252,2026-08-24 05:43:56.254,InnoDB,LOCK_SYS_PAGE,1016,12,506
1787550236.252,2026-08-24 05:43:56.254,InnoDB,LOCK_SYS_PAGE,1065,12,529
1787550236.252,2026-08-24 05:43:56.254,InnoDB,LOCK_SYS_PAGE,1071,12,576
1787550236.252,2026-08-24 05:43:56.254,InnoDB,LOCK_SYS_PAGE,921,11,550
1787550236.252,2026-08-24 05:43:56.254,InnoDB,UNDO_SPACE_RSEG,4304,11,1909
1787550236.252,2026-08-24 05:43:56.254,InnoDB,LOCK_SYS_PAGE,905,11,513
1787550236.252,2026-08-24 05:43:56.254,InnoDB,LOCK_SYS_PAGE,969,11,541
1787550236.252,2026-08-24 05:43:56.254,InnoDB,LOCK_SYS_PAGE,970,11,513
1787550236.252,2026-08-24 05:43:56.254,InnoDB,LOCK_SYS_PAGE,1011,11,539
1787550236.252,2026-08-24 05:43:56.254,InnoDB,LOCK_SYS_PAGE,1002,11,577
1787550236.252,2026-08-24 05:43:56.254,InnoDB,LOCK_SYS_PAGE,907,11,500
1787550236.252,2026-08-24 05:43:56.254,InnoDB,LOCK_SYS_PAGE,923,11,516
1787550236.252,2026-08-24 05:43:56.254,InnoDB,LOCK_SYS_PAGE,1025,11,569
1787550236.252,2026-08-24 05:43:56.254,InnoDB,LOCK_SYS_PAGE,1008,11,509
1787550236.252,2026-08-24 05:43:56.254,InnoDB,LOCK_SYS_PAGE,940,11,520
1787550236.252,2026-08-24 05:43:56.254,InnoDB,LOCK_SYS_PAGE,986,11,497
1787550236.252,2026-08-24 05:43:56.254,InnoDB,LOCK_SYS_PAGE,959,11,524
1787550236.252,2026-08-24 05:43:56.254,InnoDB,LOCK_SYS_PAGE,1136,10,621
1787550236.252,2026-08-24 05:43:56.254,InnoDB,LOCK_SYS_PAGE,948,10,550
1787550236.252,2026-08-24 05:43:56.254,InnoDB,LOCK_SYS_PAGE,1020,10,535
1787550236.252,2026-08-24 05:43:56.254,InnoDB,DICT_TABLE_STATS_COMPUTE,300,10,4
1787550236.252,2026-08-24 05:43:56.254,InnoDB,LOCK_SYS_PAGE,971,10,561
1787550236.252,2026-08-24 05:43:56.254,InnoDB,LOCK_SYS_PAGE,975,10,540
1787550236.252,2026-08-24 05:43:56.254,InnoDB,LOCK_SYS_PAGE,1005,10,547
1787550236.252,2026-08-24 05:43:56.254,InnoDB,LOCK_SYS_PAGE,965,10,559
1787550236.252,2026-08-24 05:43:56.254,InnoDB,LOCK_SYS_PAGE,1040,10,589
1787550236.252,2026-08-24 05:43:56.254,InnoDB,LOCK_SYS_PAGE,922,10,524
1787550236.252,2026-08-24 05:43:56.254,InnoDB,LOCK_SYS_PAGE,1088,10,590
1787550236.252,2026-08-24 05:43:56.254,InnoDB,LOCK_SYS_PAGE,1046,10,611
1787550236.252,2026-08-24 05:43:56.254,InnoDB,LOCK_SYS_PAGE,921,9,522
1787550236.252,2026-08-24 05:43:56.254,InnoDB,LOCK_SYS_PAGE,962,9,542
1787550236.252,2026-08-24 05:43:56.254,InnoDB,LOCK_SYS_PAGE,889,9,479
1787550236.252,2026-08-24 05:43:56.254,InnoDB,LOCK_SYS_PAGE,1006,9,526
1787550236.252,2026-08-24 05:43:56.254,InnoDB,LOCK_SYS_PAGE,962,9,547
1787550236.252,2026-08-24 05:43:56.254,InnoDB,LOCK_SYS_PAGE,802,8,497
1787550236.252,2026-08-24 05:43:56.254,InnoDB,LOCK_SYS_PAGE,930,8,556
1787550236.252,2026-08-24 05:43:56.254,InnoDB,LOCK_SYS_PAGE,831,8,521
1787550236.252,2026-08-24 05:43:56.254,InnoDB,LOCK_SYS_PAGE,834,8,528
1787550236.252,2026-08-24 05:43:56.254,InnoDB,LOCK_SYS_PAGE,892,7,584
1787550236.252,2026-08-24 05:43:56.254,InnoDB,LOCK_SYS_PAGE,851,7,528
1787550236.252,2026-08-24 05:43:56.254,InnoDB,LOCK_SYS_WAIT,234,7,9
1787550236.252,2026-08-24 05:43:56.254,InnoDB,PARSER,242,6,6
1787550236.252,2026-08-24 05:43:56.254,InnoDB,FIL_SHARD,203,4,71
1787550236.252,2026-08-24 05:43:56.254,InnoDB,FIL_SHARD,156,3,73
1787550236.252,2026-08-24 05:43:56.254,InnoDB,FIL_SHARD,246,3,177
1787550236.252,2026-08-24 05:43:56.254,InnoDB,FIL_SHARD,100,2,24
1787550236.252,2026-08-24 05:43:56.254,InnoDB,FIL_SHARD,90,2,36
1787550236.252,2026-08-24 05:43:56.254,InnoDB,FIL_SHARD,132,2,93
1787550236.252,2026-08-24 05:43:56.254,InnoDB,FIL_SHARD,87,2,33
1787550236.252,2026-08-24 05:43:56.254,InnoDB,FIL_SHARD,119,2,58
1787550236.252,2026-08-24 05:43:56.254,InnoDB,FIL_SHARD,178,2,134
1787550236.252,2026-08-24 05:43:56.254,InnoDB,FIL_SHARD,136,2,49
1787550236.252,2026-08-24 05:43:56.254,InnoDB,FIL_SHARD,107,1,107
1787550236.252,2026-08-24 05:43:56.254,InnoDB,FIL_SHARD,49,1,29
1787550236.252,2026-08-24 05:43:56.254,InnoDB,TRX_SYS_SHARD,35,1,2
1787550236.252,2026-08-24 05:43:56.254,InnoDB,TRX_SYS_SHARD,30,1,1
1787550236.252,2026-08-24 05:43:56.254,InnoDB,TRX_SYS_SHARD,34,1,1
1787550236.252,2026-08-24 05:43:56.254,InnoDB,TRX_SYS_SHARD,34,1,1
1787550236.252,2026-08-24 05:43:56.254,InnoDB,FIL_SHARD,82,1,78
1787550236.252,2026-08-24 05:43:56.254,InnoDB,FIL_SHARD,98,1,84
1787550236.252,2026-08-24 05:43:56.254,InnoDB,TRX_SYS_SHARD,30,1,1
1787550236.252,2026-08-24 05:43:56.254,InnoDB,FIL_SHARD,65,1,51
1787550236.252,2026-08-24 05:43:56.254,InnoDB,FIL_SHARD,119,1,72
1787550236.252,2026-08-24 05:43:56.254,InnoDB,TRX_SYS_SHARD,30,1,1
1787550236.252,2026-08-24 05:43:56.254,InnoDB,FIL_SHARD,112,1,82
1787550236.252,2026-08-24 05:43:56.254,InnoDB,TRX_SYS_SHARD,34,1,1
1787550236.252,2026-08-24 05:43:56.254,InnoDB,TRX_SYS_SHARD,34,1,1
1787550236.252,2026-08-24 05:43:56.254,InnoDB,TRX_SYS_SHARD,2,0,1
1787550236.252,2026-08-24 05:43:56.254,InnoDB,TRX_SYS_SHARD,2,0,2
1787550236.252,2026-08-24 05:43:56.254,InnoDB,TRX_SYS_SHARD,1,0,1
1787550236.252,2026-08-24 05:43:56.254,InnoDB,TRX_SYS_SHARD,2,0,1
1787550236.252,2026-08-24 05:43:56.254,InnoDB,TRX_SYS_SHARD,1,0,1
1787550236.252,2026-08-24 05:43:56.254,InnoDB,TRX_SYS_SHARD,2,0,2
1787550236.252,2026-08-24 05:43:56.254,InnoDB,TRX_SYS_SHARD,1,0,1
1787550236.252,2026-08-24 05:43:56.254,InnoDB,TRX_SYS_SHARD,1,0,1
1787550236.252,2026-08-24 05:43:56.254,InnoDB,TRX_SYS_SHARD,1,0,1
1787550236.252,2026-08-24 05:43:56.254,InnoDB,TRX_SYS_SHARD,1,0,1
1787550236.252,2026-08-24 05:43:56.254,InnoDB,TRX_SYS_SHARD,1,0,1
1787550236.252,2026-08-24 05:43:56.254,InnoDB,TRX_SYS_SHARD,1,0,1
1787550236.252,2026-08-24 05:43:56.254,InnoDB,TRX_SYS_SHARD,1,0,1
1787550236.252,2026-08-24 05:43:56.254,InnoDB,TRX_SYS_SHARD,2,0,1
1787550236.252,2026-08-24 05:43:56.254,InnoDB,TRX_SYS_SHARD,2,0,1
1787550236.252,2026-08-24 05:43:56.254,InnoDB,TRX_SYS_SHARD,20,0,1
1787550236.252,2026-08-24 05:43:56.254,InnoDB,TRX_SYS_SHARD,1,0,1
1787550236.252,2026-08-24 05:43:56.254,InnoDB,TRX_SYS_SHARD,1,0,1
1787550236.252,2026-08-24 05:43:56.254,InnoDB,TRX_SYS_SHARD,2,0,1
1787550236.252,2026-08-24 05:43:56.254,InnoDB,TRX_SYS_SHARD,4,0,2
1787550236.252,2026-08-24 05:43:56.254,InnoDB,TRX_SYS_SHARD,2,0,2
1787550236.252,2026-08-24 05:43:56.254,InnoDB,TRX_SYS_SHARD,2,0,2
1787550236.252,2026-08-24 05:43:56.254,InnoDB,TRX_SYS_SHARD,1,0,1
1787550236.252,2026-08-24 05:43:56.254,InnoDB,TRX_SYS_SHARD,1,0,1
1787550236.252,2026-08-24 05:43:56.254,InnoDB,TRX_SYS_SHARD,1,0,1
1787550236.252,2026-08-24 05:43:56.254,InnoDB,AUTOINC,6,0,2
1787550236.252,2026-08-24 05:43:56.254,InnoDB,TRX_SYS_SHARD,1,0,1
1787550236.252,2026-08-24 05:43:56.254,InnoDB,TRX_SYS_SHARD,1,0,1
1787550236.252,2026-08-24 05:43:56.254,InnoDB,FIL_SHARD,347,0,404
1787550236.252,2026-08-24 05:43:56.254,InnoDB,TRX_SYS_SHARD,1,0,1
1787550236.252,2026-08-24 05:43:56.254,InnoDB,TRX_SYS_SHARD,1,0,1
1787550236.252,2026-08-24 05:43:56.254,InnoDB,TRX_SYS_SHARD,1,0,1
1787550236.252,2026-08-24 05:43:56.254,InnoDB,TRX_SYS_SHARD,1,0,1
1787550236.252,2026-08-24 05:43:56.254,InnoDB,TRX_SYS_SHARD,1,0,2
1787550236.252,2026-08-24 05:43:56.254,InnoDB,TRX_SYS_SHARD,2,0,1
1787550236.252,2026-08-24 05:43:56.254,InnoDB,TRX_SYS_SHARD,1,0,1
1787550236.252,2026-08-24 05:43:56.254,InnoDB,TRX_SYS_SHARD,2,0,2
1787550236.252,2026-08-24 05:43:56.254,InnoDB,TRX_SYS_SHARD,3,0,2
1787550236.252,2026-08-24 05:43:56.254,InnoDB,TRX_SYS_SHARD,5,0,2
1787550236.252,2026-08-24 05:43:56.254,InnoDB,TRX_SYS_SHARD,1,0,1
1787550236.252,2026-08-24 05:43:56.254,InnoDB,TRX_SYS_SHARD,1,0,1
1787550236.252,2026-08-24 05:43:56.254,InnoDB,TRX_SYS_SHARD,1,0,1
1787550236.252,2026-08-24 05:43:56.254,InnoDB,TRX_SYS_SHARD,1,0,1
1787550236.252,2026-08-24 05:43:56.254,InnoDB,TRX_SYS_SHARD,1,0,1
1787550236.252,2026-08-24 05:43:56.254,InnoDB,TRX_SYS_SHARD,2,0,1
1787550236.252,2026-08-24 05:43:56.254,InnoDB,TRX_SYS_SHARD,1,0,1
1787550236.252,2026-08-24 05:43:56.254,InnoDB,TRX_SYS_SHARD,5,0,3
1787550236.252,2026-08-24 05:43:56.254,InnoDB,TRX_SYS_SHARD,1,0,1
1787550236.252,2026-08-24 05:43:56.254,InnoDB,TRX_SYS_SHARD,1,0,1
1787550236.252,2026-08-24 05:43:56.254,InnoDB,TRX_SYS_SHARD,2,0,1
1787550236.252,2026-08-24 05:43:56.254,InnoDB,TRX_SYS_SHARD,2,0,2
1787550236.252,2026-08-24 05:43:56.254,InnoDB,DICT_TABLE,1,0,1
1787550236.252,2026-08-24 05:43:56.254,InnoDB,TRX_SYS_SHARD,1,0,1
1787550236.252,2026-08-24 05:43:56.254,InnoDB,TRX_SYS_SHARD,1,0,1
1787550236.252,2026-08-24 05:43:56.254,InnoDB,TRX_SYS_SHARD,2,0,1
1787550236.252,2026-08-24 05:43:56.254,InnoDB,TRX_SYS_SHARD,1,0,1
1787550236.252,2026-08-24 05:43:56.254,InnoDB,TRX_SYS_SHARD,1,0,1
1787550236.252,2026-08-24 05:43:56.254,InnoDB,TRX_SYS_SHARD,1,0,1
1787550236.252,2026-08-24 05:43:56.254,InnoDB,TRX_SYS_SHARD,2,0,1
1787550236.252,2026-08-24 05:43:56.254,InnoDB,TRX_SYS_SHARD,1,0,1
1787550236.252,2026-08-24 05:43:56.254,InnoDB,FIL_SHARD,115,0,150
1787550236.252,2026-08-24 05:43:56.254,InnoDB,FIL_SHARD,12,0,19
1787550236.252,2026-08-24 05:43:56.254,InnoDB,FIL_SHARD,22,0,40
1787550236.252,2026-08-24 05:43:56.254,InnoDB,FIL_SHARD,22,0,34
1787550236.252,2026-08-24 05:43:56.254,InnoDB,FIL_SHARD,68,0,85
1787550236.252,2026-08-24 05:43:56.254,InnoDB,FIL_SHARD,32,0,59
1787550236.252,2026-08-24 05:43:56.254,InnoDB,FIL_SHARD,29,0,42
1787550236.252,2026-08-24 05:43:56.254,InnoDB,FIL_SHARD,32,0,48
1787550236.252,2026-08-24 05:43:56.254,InnoDB,FIL_SHARD,41,0,64
1787550236.252,2026-08-24 05:43:56.254,InnoDB,LOG_LIMITS,217,0,150
1787550236.252,2026-08-24 05:43:56.254,InnoDB,FIL_SHARD,79,0,95
1787550236.252,2026-08-24 05:43:56.254,InnoDB,PERSIST_AUTOINC,5,0,1
1787550236.252,2026-08-24 05:43:56.254,InnoDB,FIL_SHARD,64,0,81
1787550236.252,2026-08-24 05:43:56.254,InnoDB,RECALC_POOL,11,0,10
1787550236.252,2026-08-24 05:43:56.254,InnoDB,RW_LOCK_LIST,1,0,1
1787550236.252,2026-08-24 05:43:56.254,InnoDB,TRX_POOL_MANAGER,6,0,3
1787550236.252,2026-08-24 05:43:56.254,InnoDB,TRX,3,0,1
1787550236.252,2026-08-24 05:43:56.254,InnoDB,FIL_SHARD,33,0,49
1787550236.252,2026-08-24 05:43:56.254,InnoDB,FIL_SHARD,75,0,54
1787550236.252,2026-08-24 05:43:56.254,InnoDB,FIL_SHARD,28,0,45
1787550236.252,2026-08-24 05:43:56.254,InnoDB,FIL_SHARD,11,0,18
1787550236.252,2026-08-24 05:43:56.254,InnoDB,FIL_SHARD,20,0,26
1787550236.252,2026-08-24 05:43:56.254,InnoDB,FIL_SHARD,46,0,64
1787550236.252,2026-08-24 05:43:56.254,InnoDB,FIL_SHARD,26,0,41
1787550236.252,2026-08-24 05:43:56.254,InnoDB,FIL_SHARD,20,0,32
1787550236.252,2026-08-24 05:43:56.254,InnoDB,FIL_SHARD,34,0,33
1787550236.252,2026-08-24 05:43:56.254,InnoDB,TRX,1,0,1
1787550236.252,2026-08-24 05:43:56.254,InnoDB,FIL_SHARD,20,0,25
1787550236.252,2026-08-24 05:43:56.254,InnoDB,FIL_SHARD,27,0,55
1787550236.252,2026-08-24 05:43:56.254,InnoDB,FIL_SHARD,29,0,27
1787550236.252,2026-08-24 05:43:56.254,InnoDB,FIL_SHARD,37,0,50
1787550236.252,2026-08-24 05:43:56.254,InnoDB,FIL_SHARD,40,0,42
1787550236.252,2026-08-24 05:43:56.254,InnoDB,FIL_SHARD,48,0,85
1787550236.252,2026-08-24 05:43:56.254,InnoDB,FIL_SHARD,44,0,36
1787550236.252,2026-08-24 05:43:56.254,InnoDB,TRX_SYS_SHARD,12,0,3
1787550236.252,2026-08-24 05:43:56.254,InnoDB,TRX_SYS_SHARD,14,0,1
1787550236.252,2026-08-24 05:43:56.254,InnoDB,TRX_SYS_SHARD,1,0,1
1787550236.252,2026-08-24 05:43:56.254,InnoDB,TRX_SYS_SHARD,3,0,3
1787550236.252,2026-08-24 05:43:56.254,InnoDB,TRX_SYS_SHARD,2,0,2
1787550236.252,2026-08-24 05:43:56.254,InnoDB,TRX_SYS_SHARD,1,0,1
1787550236.252,2026-08-24 05:43:56.254,InnoDB,TRX_SYS_SHARD,1,0,1
1787550236.252,2026-08-24 05:43:56.254,InnoDB,TRX_SYS_SHARD,1,0,1
1787550236.252,2026-08-24 05:43:56.254,InnoDB,TRX_SYS_SHARD,22,0,1
1787550236.252,2026-08-24 05:43:56.254,InnoDB,TRX_SYS_SHARD,1,0,1
1787550236.252,2026-08-24 05:43:56.254,InnoDB,TRX_SYS_SHARD,1,0,1
1787550236.252,2026-08-24 05:43:56.254,InnoDB,TRX_SYS_SHARD,1,0,1
1787550236.252,2026-08-24 05:43:56.254,InnoDB,TRX_SYS_SHARD,26,0,1
1787550236.252,2026-08-24 05:43:56.254,InnoDB,TRX_SYS_SHARD,1,0,1
1787550236.252,2026-08-24 05:43:56.254,InnoDB,TRX_SYS_SHARD,1,0,1
1787550236.252,2026-08-24 05:43:56.254,InnoDB,TRX_SYS_SHARD,2,0,2
1787550236.252,2026-08-24 05:43:56.254,InnoDB,TRX_SYS_SHARD,1,0,1
1787550236.252,2026-08-24 05:43:56.254,InnoDB,TRX_SYS_SHARD,1,0,1
1787550236.252,2026-08-24 05:43:56.254,InnoDB,FIL_SHARD,147,0,166
1787550236.252,2026-08-24 05:43:56.254,InnoDB,TRX_SYS_SHARD,2,0,2
1787550236.252,2026-08-24 05:43:56.254,InnoDB,TRX_SYS_SHARD,1,0,1
1787550236.252,2026-08-24 05:43:56.254,InnoDB,TRX_SYS_SHARD,2,0,1
1787550236.252,2026-08-24 05:43:56.254,InnoDB,TRX_SYS_SHARD,1,0,1
1787550236.252,2026-08-24 05:43:56.254,InnoDB,TRX_SYS_SHARD,1,0,1
1787550236.252,2026-08-24 05:43:56.254,InnoDB,TRX_SYS_SHARD,1,0,1
1787550236.252,2026-08-24 05:43:56.254,InnoDB,TRX_SYS_SHARD,1,0,2
1787550236.252,2026-08-24 05:43:56.254,InnoDB,TRX_SYS_SHARD,1,0,1
1787550236.252,2026-08-24 05:43:56.254,InnoDB,TRX_SYS_SHARD,2,0,1
1787550236.252,2026-08-24 05:43:56.254,InnoDB,TRX_SYS_SHARD,1,0,1
1787550236.252,2026-08-24 05:43:56.254,InnoDB,TRX_SYS_SHARD,1,0,1
1787550236.252,2026-08-24 05:43:56.254,InnoDB,TRX_SYS_SHARD,2,0,1
1787550236.252,2026-08-24 05:43:56.254,InnoDB,TRX_SYS_SHARD,1,0,1
1787550236.252,2026-08-24 05:43:56.254,InnoDB,TRX_SYS_SHARD,1,0,1
1787550236.252,2026-08-24 05:43:56.254,InnoDB,TRX_SYS_SHARD,1,0,1
1787550236.252,2026-08-24 05:43:56.254,InnoDB,rwlock: dict0dict.cc:2631,,16747,
1787550236.252,2026-08-24 05:43:56.254,InnoDB,rwlock: dict0dict.cc:2631,,17413,
1787550236.252,2026-08-24 05:43:56.254,InnoDB,rwlock: dict0dict.cc:2631,,17041,
1787550236.252,2026-08-24 05:43:56.254,InnoDB,rwlock: dict0dict.cc:2631,,16816,
1787550236.252,2026-08-24 05:43:56.254,InnoDB,rwlock: dict0dict.cc:2631,,16969,
1787550236.252,2026-08-24 05:43:56.254,InnoDB,rwlock: dict0dict.cc:2631,,17046,
1787550236.252,2026-08-24 05:43:56.254,InnoDB,rwlock: dict0dict.cc:2631,,16517,
1787550236.252,2026-08-24 05:43:56.254,InnoDB,rwlock: dict0dict.cc:2631,,17007,
1787550236.252,2026-08-24 05:43:56.254,InnoDB,rwlock: dict0dict.cc:2631,,16890,
1787550236.252,2026-08-24 05:43:56.254,InnoDB,rwlock: dict0dict.cc:2631,,16630,
1787550236.252,2026-08-24 05:43:56.254,InnoDB,rwlock: dict0dict.cc:2631,,16912,
1787550236.252,2026-08-24 05:43:56.254,InnoDB,rwlock: dict0dict.cc:2631,,17053,
1787550236.252,2026-08-24 05:43:56.254,InnoDB,rwlock: dict0dict.cc:2631,,16702,
1787550236.252,2026-08-24 05:43:56.254,InnoDB,rwlock: dict0dict.cc:2631,,17011,
1787550236.252,2026-08-24 05:43:56.254,InnoDB,rwlock: dict0dict.cc:2631,,16820,
1787550236.252,2026-08-24 05:43:56.254,InnoDB,rwlock: dict0dict.cc:2631,,16183,
1787550236.252,2026-08-24 05:43:56.254,InnoDB,rwlock: dict0dict.cc:2631,,16726,
1787550236.252,2026-08-24 05:43:56.254,InnoDB,rwlock: dict0dict.cc:2631,,16503,
1787550236.252,2026-08-24 05:43:56.254,InnoDB,rwlock: dict0dict.cc:2631,,16348,
1787550236.252,2026-08-24 05:43:56.254,InnoDB,rwlock: dict0dict.cc:2631,,15355,
1787550236.252,2026-08-24 05:43:56.254,InnoDB,rwlock: dict0dict.cc:2631,,1,
1787550236.252,2026-08-24 05:43:56.254,InnoDB,rwlock: fil0fil.cc:10242,,1,
1787550236.252,2026-08-24 05:43:56.254,InnoDB,rwlock: dict0dict.cc:2631,,2,
1787550236.252,2026-08-24 05:43:56.254,InnoDB,rwlock: dict0dict.cc:2631,,1,
1787550236.252,2026-08-24 05:43:56.254,InnoDB,rwlock: dict0dict.cc:2631,,2,
1787550236.252,2026-08-24 05:43:56.254,InnoDB,rwlock: dict0dict.cc:2631,,1,
1787550236.252,2026-08-24 05:43:56.254,InnoDB,rwlock: dict0dict.cc:2631,,2,
1787550236.252,2026-08-24 05:43:56.254,InnoDB,rwlock: dict0dict.cc:2631,,1,
1787550236.252,2026-08-24 05:43:56.254,InnoDB,rwlock: dict0dict.cc:2631,,2,
1787550236.252,2026-08-24 05:43:56.254,InnoDB,rwlock: dict0dict.cc:2631,,1,
1787550236.252,2026-08-24 05:43:56.254,InnoDB,rwlock: dict0dict.cc:2631,,1,
1787550236.252,2026-08-24 05:43:56.254,InnoDB,rwlock: dict0dict.cc:2631,,2,
1787550236.252,2026-08-24 05:43:56.254,InnoDB,rwlock: dict0dict.cc:2631,,1,
1787550236.252,2026-08-24 05:43:56.254,InnoDB,rwlock: fil0fil.cc:10242,,1,
1787550236.252,2026-08-24 05:43:56.254,InnoDB,rwlock: dict0dict.cc:2631,,1,
1787550236.252,2026-08-24 05:43:56.254,InnoDB,rwlock: dict0dict.cc:2631,,1,
1787550236.252,2026-08-24 05:43:56.254,InnoDB,rwlock: dict0dict.cc:2631,,1,
1787550236.252,2026-08-24 05:43:56.254,InnoDB,rwlock: trx0purge.cc:232,,15,
1787550236.252,2026-08-24 05:43:56.254,InnoDB,rwlock: fil0fil.cc:10242,,5180,
1787550236.252,2026-08-24 05:43:56.254,InnoDB,rwlock: fil0fil.cc:10242,,4950,
1787550236.252,2026-08-24 05:43:56.254,InnoDB,rwlock: dict0dict.cc:1180,,10,
1787550236.252,2026-08-24 05:43:56.254,InnoDB,rwlock: hash0hash.cc:117,,999,
1787550236.252,2026-08-24 05:43:56.254,InnoDB,rwlock: hash0hash.cc:117,,1146,
1787550236.252,2026-08-24 05:43:56.254,InnoDB,rwlock: hash0hash.cc:117,,617,
1787550236.252,2026-08-24 05:43:56.254,InnoDB,rwlock: hash0hash.cc:117,,706,
1787550236.252,2026-08-24 05:43:56.254,InnoDB,rwlock: hash0hash.cc:117,,4351,
1787550236.252,2026-08-24 05:43:56.254,InnoDB,rwlock: hash0hash.cc:117,,757,
1787550236.252,2026-08-24 05:43:56.254,InnoDB,rwlock: hash0hash.cc:117,,1356,
1787550236.252,2026-08-24 05:43:56.254,InnoDB,rwlock: hash0hash.cc:117,,791,
1787550236.252,2026-08-24 05:43:56.254,InnoDB,rwlock: hash0hash.cc:117,,754,
1787550236.252,2026-08-24 05:43:56.254,InnoDB,rwlock: hash0hash.cc:117,,850,
1787550236.252,2026-08-24 05:43:56.254,InnoDB,rwlock: hash0hash.cc:117,,803,
1787550236.252,2026-08-24 05:43:56.254,InnoDB,rwlock: hash0hash.cc:117,,804,
1787550236.252,2026-08-24 05:43:56.254,InnoDB,rwlock: hash0hash.cc:117,,937,
1787550236.252,2026-08-24 05:43:56.254,InnoDB,rwlock: hash0hash.cc:117,,885,
1787550236.252,2026-08-24 05:43:56.254,InnoDB,rwlock: hash0hash.cc:117,,818,
1787550236.252,2026-08-24 05:43:56.254,InnoDB,rwlock: hash0hash.cc:117,,2372,
1787550236.252,2026-08-24 05:43:56.254,InnoDB,rwlock: hash0hash.cc:117,,957,
1787550236.252,2026-08-24 05:43:56.254,InnoDB,rwlock: hash0hash.cc:117,,949,
1787550236.252,2026-08-24 05:43:56.254,InnoDB,rwlock: hash0hash.cc:117,,1064,
1787550236.252,2026-08-24 05:43:56.254,InnoDB,rwlock: hash0hash.cc:117,,585,
1787550236.252,2026-08-24 05:43:56.254,InnoDB,rwlock: hash0hash.cc:117,,614,
1787550236.252,2026-08-24 05:43:56.254,InnoDB,rwlock: hash0hash.cc:117,,2030,
1787550236.252,2026-08-24 05:43:56.254,InnoDB,rwlock: hash0hash.cc:117,,1981,
1787550236.252,2026-08-24 05:43:56.254,InnoDB,rwlock: hash0hash.cc:117,,458,
1787550236.252,2026-08-24 05:43:56.254,InnoDB,rwlock: hash0hash.cc:117,,519,
1787550236.252,2026-08-24 05:43:56.254,InnoDB,rwlock: hash0hash.cc:117,,641,
1787550236.252,2026-08-24 05:43:56.254,InnoDB,rwlock: hash0hash.cc:117,,414,
1787550236.252,2026-08-24 05:43:56.254,InnoDB,rwlock: hash0hash.cc:117,,484,
1787550236.252,2026-08-24 05:43:56.254,InnoDB,rwlock: hash0hash.cc:117,,500,
1787550236.252,2026-08-24 05:43:56.254,InnoDB,rwlock: hash0hash.cc:117,,792,
1787550236.252,2026-08-24 05:43:56.254,InnoDB,rwlock: hash0hash.cc:117,,482,
1787550236.252,2026-08-24 05:43:56.254,InnoDB,rwlock: hash0hash.cc:117,,655,
1787550236.252,2026-08-24 05:43:56.254,InnoDB,rwlock: hash0hash.cc:117,,720,
1787550236.252,2026-08-24 05:43:56.254,InnoDB,rwlock: hash0hash.cc:117,,636,
1787550236.252,2026-08-24 05:43:56.254,InnoDB,rwlock: hash0hash.cc:117,,499,
1787550236.252,2026-08-24 05:43:56.254,InnoDB,rwlock: hash0hash.cc:117,,698,
1787550236.252,2026-08-24 05:43:56.254,InnoDB,rwlock: hash0hash.cc:117,,1261,
1787550236.252,2026-08-24 05:43:56.254,InnoDB,rwlock: hash0hash.cc:117,,576,
1787550236.252,2026-08-24 05:43:56.254,InnoDB,rwlock: hash0hash.cc:117,,2923,
1787550236.252,2026-08-24 05:43:56.254,InnoDB,rwlock: hash0hash.cc:117,,449,
1787550236.252,2026-08-24 05:43:56.254,InnoDB,rwlock: hash0hash.cc:117,,461,
1787550236.252,2026-08-24 05:43:56.254,InnoDB,rwlock: hash0hash.cc:117,,503,
1787550236.252,2026-08-24 05:43:56.254,InnoDB,rwlock: hash0hash.cc:117,,433,
1787550236.252,2026-08-24 05:43:56.254,InnoDB,rwlock: hash0hash.cc:117,,483,
1787550236.252,2026-08-24 05:43:56.254,InnoDB,rwlock: hash0hash.cc:117,,556,
1787550236.252,2026-08-24 05:43:56.254,InnoDB,rwlock: hash0hash.cc:117,,1737,
1787550236.252,2026-08-24 05:43:56.254,InnoDB,rwlock: hash0hash.cc:117,,565,
1787550236.252,2026-08-24 05:43:56.254,InnoDB,rwlock: hash0hash.cc:117,,1141,
1787550236.252,2026-08-24 05:43:56.254,InnoDB,rwlock: hash0hash.cc:117,,658,
1787550236.252,2026-08-24 05:43:56.254,InnoDB,rwlock: hash0hash.cc:117,,705,
1787550236.252,2026-08-24 05:43:56.254,InnoDB,rwlock: hash0hash.cc:117,,619,
1787550236.252,2026-08-24 05:43:56.254,InnoDB,rwlock: hash0hash.cc:117,,748,
1787550236.252,2026-08-24 05:43:56.254,InnoDB,rwlock: hash0hash.cc:117,,625,
1787550236.252,2026-08-24 05:43:56.254,InnoDB,rwlock: hash0hash.cc:117,,994,
1787550236.252,2026-08-24 05:43:56.254,InnoDB,rwlock: hash0hash.cc:117,,1165,
1787550236.252,2026-08-24 05:43:56.254,InnoDB,rwlock: hash0hash.cc:117,,481,
1787550236.252,2026-08-24 05:43:56.254,InnoDB,rwlock: hash0hash.cc:117,,739,
1787550236.252,2026-08-24 05:43:56.254,InnoDB,rwlock: hash0hash.cc:117,,546,
1787550236.252,2026-08-24 05:43:56.254,InnoDB,rwlock: hash0hash.cc:117,,805,
1787550236.252,2026-08-24 05:43:56.254,InnoDB,rwlock: hash0hash.cc:117,,920,
1787550236.252,2026-08-24 05:43:56.254,InnoDB,rwlock: hash0hash.cc:117,,1603,
1787550236.252,2026-08-24 05:43:56.254,InnoDB,rwlock: hash0hash.cc:117,,619,
1787550236.252,2026-08-24 05:43:56.254,InnoDB,rwlock: hash0hash.cc:117,,2189,
1787550236.252,2026-08-24 05:43:56.254,InnoDB,rwlock: hash0hash.cc:117,,1763,
1787550236.252,2026-08-24 05:43:56.254,InnoDB,rwlock: hash0hash.cc:117,,1111,
1787550236.252,2026-08-24 05:43:56.254,InnoDB,rwlock: hash0hash.cc:117,,2634,
1787550236.252,2026-08-24 05:43:56.254,InnoDB,rwlock: hash0hash.cc:117,,922,
1787550236.252,2026-08-24 05:43:56.254,InnoDB,rwlock: hash0hash.cc:117,,1008,
1787550236.252,2026-08-24 05:43:56.254,InnoDB,rwlock: hash0hash.cc:117,,785,
1787550236.252,2026-08-24 05:43:56.254,InnoDB,rwlock: hash0hash.cc:117,,944,
1787550236.252,2026-08-24 05:43:56.254,InnoDB,rwlock: hash0hash.cc:117,,685,
1787550236.252,2026-08-24 05:43:56.254,InnoDB,rwlock: hash0hash.cc:117,,2393,
1787550236.252,2026-08-24 05:43:56.254,InnoDB,rwlock: hash0hash.cc:117,,868,
1787550236.252,2026-08-24 05:43:56.254,InnoDB,rwlock: hash0hash.cc:117,,1454,
1787550236.252,2026-08-24 05:43:56.254,InnoDB,rwlock: hash0hash.cc:117,,661,
1787550236.252,2026-08-24 05:43:56.254,InnoDB,rwlock: hash0hash.cc:117,,1055,
1787550236.252,2026-08-24 05:43:56.254,InnoDB,rwlock: hash0hash.cc:117,,2419,
1787550236.252,2026-08-24 05:43:56.254,InnoDB,rwlock: hash0hash.cc:117,,900,
1787550236.252,2026-08-24 05:43:56.254,InnoDB,rwlock: hash0hash.cc:117,,1047,
1787550236.252,2026-08-24 05:43:56.254,InnoDB,rwlock: hash0hash.cc:117,,897,
1787550236.252,2026-08-24 05:43:56.254,InnoDB,rwlock: hash0hash.cc:117,,720,
1787550236.252,2026-08-24 05:43:56.254,InnoDB,rwlock: hash0hash.cc:117,,524,
1787550236.252,2026-08-24 05:43:56.254,InnoDB,rwlock: hash0hash.cc:117,,782,
1787550236.252,2026-08-24 05:43:56.254,InnoDB,rwlock: hash0hash.cc:117,,588,
1787550236.252,2026-08-24 05:43:56.254,InnoDB,rwlock: hash0hash.cc:117,,584,
1787550236.252,2026-08-24 05:43:56.254,InnoDB,rwlock: hash0hash.cc:117,,680,
1787550236.252,2026-08-24 05:43:56.254,InnoDB,rwlock: hash0hash.cc:117,,866,
1787550236.252,2026-08-24 05:43:56.254,InnoDB,rwlock: hash0hash.cc:117,,517,
1787550236.252,2026-08-24 05:43:56.254,InnoDB,rwlock: hash0hash.cc:117,,1909,
1787550236.252,2026-08-24 05:43:56.254,InnoDB,rwlock: hash0hash.cc:117,,668,
1787550236.252,2026-08-24 05:43:56.254,InnoDB,rwlock: hash0hash.cc:117,,613,
1787550236.252,2026-08-24 05:43:56.254,InnoDB,rwlock: hash0hash.cc:117,,1774,
1787550236.252,2026-08-24 05:43:56.254,InnoDB,rwlock: hash0hash.cc:117,,675,
1787550236.252,2026-08-24 05:43:56.254,InnoDB,rwlock: hash0hash.cc:117,,423,
1787550236.252,2026-08-24 05:43:56.254,InnoDB,rwlock: hash0hash.cc:117,,540,
1787550236.252,2026-08-24 05:43:56.254,InnoDB,rwlock: hash0hash.cc:117,,651,
1787550236.252,2026-08-24 05:43:56.254,InnoDB,rwlock: hash0hash.cc:117,,575,
1787550236.252,2026-08-24 05:43:56.254,InnoDB,rwlock: hash0hash.cc:117,,1046,
1787550236.252,2026-08-24 05:43:56.254,InnoDB,rwlock: hash0hash.cc:117,,593,
1787550236.252,2026-08-24 05:43:56.254,InnoDB,rwlock: hash0hash.cc:117,,482,
1787550236.252,2026-08-24 05:43:56.254,InnoDB,rwlock: hash0hash.cc:117,,537,
1787550236.252,2026-08-24 05:43:56.254,InnoDB,rwlock: hash0hash.cc:117,,2433,
1787550236.252,2026-08-24 05:43:56.254,InnoDB,rwlock: hash0hash.cc:117,,744,
1787550236.252,2026-08-24 05:43:56.254,InnoDB,rwlock: hash0hash.cc:117,,745,
1787550236.252,2026-08-24 05:43:56.254,InnoDB,rwlock: hash0hash.cc:117,,1119,
1787550236.252,2026-08-24 05:43:56.254,InnoDB,rwlock: hash0hash.cc:117,,1003,
1787550236.252,2026-08-24 05:43:56.254,InnoDB,rwlock: hash0hash.cc:117,,688,
1787550236.252,2026-08-24 05:43:56.254,InnoDB,rwlock: hash0hash.cc:117,,645,
1787550236.252,2026-08-24 05:43:56.254,InnoDB,rwlock: hash0hash.cc:117,,545,
1787550236.252,2026-08-24 05:43:56.254,InnoDB,rwlock: hash0hash.cc:117,,727,
1787550236.252,2026-08-24 05:43:56.254,InnoDB,rwlock: hash0hash.cc:117,,1797,
1787550236.252,2026-08-24 05:43:56.254,InnoDB,rwlock: hash0hash.cc:117,,939,
1787550236.252,2026-08-24 05:43:56.254,InnoDB,rwlock: hash0hash.cc:117,,597,
1787550236.252,2026-08-24 05:43:56.254,InnoDB,rwlock: hash0hash.cc:117,,676,
1787550236.252,2026-08-24 05:43:56.254,InnoDB,rwlock: hash0hash.cc:117,,628,
1787550236.252,2026-08-24 05:43:56.254,InnoDB,rwlock: hash0hash.cc:117,,657,
1787550236.252,2026-08-24 05:43:56.254,InnoDB,rwlock: hash0hash.cc:117,,431,
1787550236.252,2026-08-24 05:43:56.254,InnoDB,rwlock: hash0hash.cc:117,,2121,
1787550236.252,2026-08-24 05:43:56.254,InnoDB,rwlock: hash0hash.cc:117,,733,
1787550236.252,2026-08-24 05:43:56.254,InnoDB,rwlock: hash0hash.cc:117,,1859,
1787550236.252,2026-08-24 05:43:56.254,InnoDB,rwlock: hash0hash.cc:117,,946,
1787550236.252,2026-08-24 05:43:56.254,InnoDB,rwlock: hash0hash.cc:117,,587,
1787550236.252,2026-08-24 05:43:56.254,InnoDB,rwlock: hash0hash.cc:117,,720,
1787550236.252,2026-08-24 05:43:56.254,InnoDB,rwlock: hash0hash.cc:117,,484,
1787550236.252,2026-08-24 05:43:56.254,InnoDB,rwlock: hash0hash.cc:117,,514,
1787550236.252,2026-08-24 05:43:56.254,InnoDB,rwlock: hash0hash.cc:117,,540,
1787550236.252,2026-08-24 05:43:56.254,InnoDB,rwlock: hash0hash.cc:117,,2128,
1787550236.252,2026-08-24 05:43:56.254,InnoDB,rwlock: hash0hash.cc:117,,979,
1787550236.252,2026-08-24 05:43:56.254,InnoDB,sum rwlock: buf0buf.cc:852,,253528,
1787550244.035,2026-08-24 05:44:04.036,InnoDB,TRX_SYS,21969940,287657,9296164
1787550244.035,2026-08-24 05:44:04.036,InnoDB,SRV_SYS,9290723,234077,1013585
1787550244.035,2026-08-24 05:44:04.036,InnoDB,LOG_WRITER,3236618,107805,1941
1787550244.035,2026-08-24 05:44:04.036,InnoDB,BUF_POOL_LRU_LIST,4095992,69953,1454480
1787550244.035,2026-08-24 05:44:04.036,InnoDB,BUF_POOL_LRU_LIST,3811124,62466,1451921
1787550244.035,2026-08-24 05:44:04.036,InnoDB,BUF_POOL_LRU_LIST,3644314,59630,1359133
1787550244.035,2026-08-24 05:44:04.036,InnoDB,BUF_POOL_LRU_LIST,3663516,58314,1396507
1787550244.035,2026-08-24 05:44:04.036,InnoDB,BUF_POOL_LRU_LIST,3659257,57988,1394827
1787550244.035,2026-08-24 05:44:04.036,InnoDB,BUF_POOL_LRU_LIST,3573969,57784,1365248
1787550244.035,2026-08-24 05:44:04.036,InnoDB,BUF_POOL_LRU_LIST,3644703,57327,1441882
1787550244.035,2026-08-24 05:44:04.036,InnoDB,BUF_POOL_LRU_LIST,3546959,56076,1404474
1787550244.035,2026-08-24 05:44:04.036,InnoDB,DICT_SYS,30788698,37015,20867620
1787550244.035,2026-08-24 05:44:04.036,InnoDB,FLUSH_LIST,1086731,30111,152704
1787550244.035,2026-08-24 05:44:04.036,InnoDB,FLUSH_LIST,981735,26705,148934
1787550244.035,2026-08-24 05:44:04.036,InnoDB,FLUSH_LIST,971036,26308,146602
1787550244.035,2026-08-24 05:44:04.036,InnoDB,FLUSH_LIST,967366,26262,147197
1787550244.035,2026-08-24 05:44:04.036,InnoDB,FLUSH_LIST,967484,26063,155892
1787550244.035,2026-08-24 05:44:04.036,InnoDB,FLUSH_LIST,964883,25968,154990
1787550244.035,2026-08-24 05:44:04.036,InnoDB,FLUSH_LIST,939021,25247,146049
1787550244.035,2026-08-24 05:44:04.036,InnoDB,FLUSH_LIST,757702,19223,145381
1787550244.035,2026-08-24 05:44:04.036,InnoDB,BUF_POOL_FLUSH_STATE,1252179,17340,421943
1787550244.035,2026-08-24 05:44:04.036,InnoDB,BUF_POOL_FLUSH_STATE,1244187,17270,410438
1787550244.035,2026-08-24 05:44:04.036,InnoDB,BUF_POOL_FLUSH_STATE,1208442,16822,395249
1787550244.035,2026-08-24 05:44:04.036,InnoDB,BUF_POOL_FLUSH_STATE,1223404,16687,421161
1787550244.035,2026-08-24 05:44:04.036,InnoDB,BUF_POOL_FLUSH_STATE,1198193,16641,392987
1787550244.035,2026-08-24 05:44:04.036,InnoDB,BUF_POOL_FLUSH_STATE,1185692,16249,392674
1787550244.035,2026-08-24 05:44:04.036,InnoDB,BUF_POOL_FLUSH_STATE,1152550,15979,387481
1787550244.035,2026-08-24 05:44:04.036,InnoDB,BUF_POOL_FLUSH_STATE,1187700,15790,404776
1787550244.035,2026-08-24 05:44:04.036,InnoDB,PURGE_SYS_PQ,1787280,12185,1163238
1787550244.035,2026-08-24 05:44:04.036,InnoDB,TRX_SYS_SERIALISATION,1279785,10837,792151
1787550244.035,2026-08-24 05:44:04.036,InnoDB,FIL_SHARD,214515,3891,58715
1787550244.035,2026-08-24 05:44:04.036,InnoDB,FIL_SHARD,204068,3584,58563
1787550244.035,2026-08-24 05:44:04.036,InnoDB,FIL_SHARD,210017,3560,63110
1787550244.035,2026-08-24 05:44:04.036,InnoDB,FIL_SHARD,198257,3548,56475
1787550244.035,2026-08-24 05:44:04.036,InnoDB,FIL_SHARD,217401,3527,62503
1787550244.035,2026-08-24 05:44:04.036,InnoDB,FIL_SHARD,189039,3329,54886
1787550244.035,2026-08-24 05:44:04.036,InnoDB,FIL_SHARD,187743,3284,55683
1787550244.035,2026-08-24 05:44:04.036,InnoDB,FIL_SHARD,185177,3258,53839
1787550244.035,2026-08-24 05:44:04.036,InnoDB,FIL_SHARD,184793,3250,53981
1787550244.035,2026-08-24 05:44:04.036,InnoDB,FIL_SHARD,185865,3247,53836
1787550244.035,2026-08-24 05:44:04.036,InnoDB,FIL_SHARD,176754,3136,51466
1787550244.035,2026-08-24 05:44:04.036,InnoDB,FIL_SHARD,177104,3127,53385
1787550244.035,2026-08-24 05:44:04.036,InnoDB,FIL_SHARD,173798,3101,50138
1787550244.035,2026-08-24 05:44:04.036,InnoDB,FIL_SHARD,166018,3008,49016
1787550244.035,2026-08-24 05:44:04.036,InnoDB,FIL_SHARD,168481,2982,51850
1787550244.035,2026-08-24 05:44:04.036,InnoDB,FIL_SHARD,171588,2962,51494
1787550244.035,2026-08-24 05:44:04.036,InnoDB,FIL_SHARD,155448,2721,46494
1787550244.035,2026-08-24 05:44:04.036,InnoDB,FIL_SHARD,157019,2702,50465
1787550244.035,2026-08-24 05:44:04.036,InnoDB,FIL_SHARD,157608,2694,51545
1787550244.035,2026-08-24 05:44:04.036,InnoDB,FIL_SHARD,147508,2601,46477
1787550244.035,2026-08-24 05:44:04.036,InnoDB,TRX,672055,2339,988020
1787550244.035,2026-08-24 05:44:04.036,InnoDB,LOG_FILES,47983,1393,1673
1787550244.035,2026-08-24 05:44:04.036,InnoDB,LOCK_SYS_TABLE,85301,1202,38794
1787550244.035,2026-08-24 05:44:04.036,InnoDB,LOCK_SYS_TABLE,82229,1184,38009
1787550244.035,2026-08-24 05:44:04.036,InnoDB,LOCK_SYS_TABLE,82189,1130,39844
1787550244.035,2026-08-24 05:44:04.036,InnoDB,LOCK_SYS_TABLE,82461,1109,38253
1787550244.035,2026-08-24 05:44:04.036,InnoDB,LOCK_SYS_TABLE,79769,1108,36893
1787550244.035,2026-08-24 05:44:04.036,InnoDB,LOCK_SYS_TABLE,81007,1091,38039
1787550244.035,2026-08-24 05:44:04.036,InnoDB,LOCK_SYS_TABLE,79158,1079,39149
1787550244.035,2026-08-24 05:44:04.036,InnoDB,LOG_FLUSHER,43453,1072,1843
1787550244.035,2026-08-24 05:44:04.036,InnoDB,LOCK_SYS_TABLE,82092,1071,40687
1787550244.035,2026-08-24 05:44:04.036,InnoDB,LOCK_SYS_TABLE,79545,1061,37981
1787550244.035,2026-08-24 05:44:04.036,InnoDB,LOCK_SYS_TABLE,78951,1057,38478
1787550244.035,2026-08-24 05:44:04.036,InnoDB,LOCK_SYS_TABLE,79488,1037,37620
1787550244.035,2026-08-24 05:44:04.036,InnoDB,LOCK_SYS_TABLE,80418,1029,38656
1787550244.035,2026-08-24 05:44:04.036,InnoDB,LOCK_SYS_TABLE,80031,1029,40839
1787550244.035,2026-08-24 05:44:04.036,InnoDB,LOCK_SYS_TABLE,78022,1022,37598
1787550244.035,2026-08-24 05:44:04.036,InnoDB,LOCK_SYS_TABLE,76783,1018,36602
1787550244.035,2026-08-24 05:44:04.036,InnoDB,LOCK_SYS_TABLE,75168,979,39101
1787550244.035,2026-08-24 05:44:04.036,InnoDB,LOCK_SYS_TABLE,75928,977,38311
1787550244.035,2026-08-24 05:44:04.036,InnoDB,LOCK_SYS_TABLE,74248,940,38251
1787550244.035,2026-08-24 05:44:04.036,InnoDB,LOCK_SYS_TABLE,75521,910,40149
1787550244.035,2026-08-24 05:44:04.036,InnoDB,LOCK_SYS_TABLE,73630,903,38735
1787550244.035,2026-08-24 05:44:04.036,InnoDB,BUF_BLOCK_MUTEX,27525,837,1442
1787550244.035,2026-08-24 05:44:04.036,InnoDB,PAGE_CLEANER,1642984,693,984214
1787550244.035,2026-08-24 05:44:04.036,InnoDB,SRV_SYS_TASKS,407050,612,402611
1787550244.035,2026-08-24 05:44:04.036,InnoDB,IBUF_BITMAP,35205,453,16595
1787550244.035,2026-08-24 05:44:04.036,InnoDB,DICT_PERSIST_DIRTY_TABLES,1159135,414,490530
1787550244.035,2026-08-24 05:44:04.036,InnoDB,FIL_SHARD,27998,284,25913
1787550244.035,2026-08-24 05:44:04.036,InnoDB,FIL_SHARD,25737,236,25167
1787550244.035,2026-08-24 05:44:04.036,InnoDB,BUF_POOL_FREE_LIST,32802,73,29362
1787550244.035,2026-08-24 05:44:04.036,InnoDB,DICT_TABLE_STATS_COMPUTE,1980,66,11
1787550244.035,2026-08-24 05:44:04.036,InnoDB,BUF_POOL_FREE_LIST,24104,55,24052
1787550244.035,2026-08-24 05:44:04.036,InnoDB,BUF_POOL_FREE_LIST,24552,54,24580
1787550244.035,2026-08-24 05:44:04.036,InnoDB,BUF_POOL_FREE_LIST,25638,52,24746
1787550244.035,2026-08-24 05:44:04.036,InnoDB,BUF_POOL_FREE_LIST,26383,51,24982
1787550244.035,2026-08-24 05:44:04.036,InnoDB,BUF_POOL_FREE_LIST,25316,51,25420
1787550244.035,2026-08-24 05:44:04.036,InnoDB,BUF_POOL_FREE_LIST,32453,48,29595
1787550244.035,2026-08-24 05:44:04.036,InnoDB,UNDO_SPACE_RSEG,4868,42,1893
1787550244.035,2026-08-24 05:44:04.036,InnoDB,UNDO_SPACE_RSEG,5106,42,1910
1787550244.035,2026-08-24 05:44:04.036,InnoDB,BUF_POOL_FREE_LIST,25675,40,25283
1787550244.035,2026-08-24 05:44:04.036,InnoDB,UNDO_SPACE_RSEG,5144,39,2012
1787550244.035,2026-08-24 05:44:04.036,InnoDB,UNDO_SPACE_RSEG,5074,39,1908
1787550244.035,2026-08-24 05:44:04.036,InnoDB,UNDO_SPACE_RSEG,5109,39,1933
1787550244.035,2026-08-24 05:44:04.036,InnoDB,UNDO_SPACE_RSEG,5240,39,1912
1787550244.035,2026-08-24 05:44:04.036,InnoDB,UNDO_SPACE_RSEG,4897,38,1908
1787550244.035,2026-08-24 05:44:04.036,InnoDB,UNDO_SPACE_RSEG,4817,38,1810
1787550244.035,2026-08-24 05:44:04.036,InnoDB,UNDO_SPACE_RSEG,4941,38,1878
1787550244.035,2026-08-24 05:44:04.036,InnoDB,UNDO_SPACE_RSEG,4892,38,1851
1787550244.035,2026-08-24 05:44:04.036,InnoDB,UNDO_SPACE_RSEG,4700,38,1860
1787550244.035,2026-08-24 05:44:04.036,InnoDB,UNDO_SPACE_RSEG,5038,37,1910
1787550244.035,2026-08-24 05:44:04.036,InnoDB,UNDO_SPACE_RSEG,5280,37,2061
1787550244.035,2026-08-24 05:44:04.036,InnoDB,UNDO_SPACE_RSEG,4888,37,1940
1787550244.035,2026-08-24 05:44:04.036,InnoDB,UNDO_SPACE_RSEG,4996,37,1900
1787550244.035,2026-08-24 05:44:04.036,InnoDB,UNDO_SPACE_RSEG,4958,36,1946
1787550244.035,2026-08-24 05:44:04.036,InnoDB,LOCK_SYS_PAGE,1744,36,580
1787550244.035,2026-08-24 05:44:04.036,InnoDB,UNDO_SPACE_RSEG,4958,36,1933
1787550244.035,2026-08-24 05:44:04.036,InnoDB,UNDO_SPACE_RSEG,4931,36,1978
1787550244.035,2026-08-24 05:44:04.036,InnoDB,UNDO_SPACE_RSEG,4864,36,1901
1787550244.035,2026-08-24 05:44:04.036,InnoDB,UNDO_SPACE_RSEG,5011,35,1966
1787550244.035,2026-08-24 05:44:04.036,InnoDB,UNDO_SPACE_RSEG,4923,35,1890
1787550244.035,2026-08-24 05:44:04.036,InnoDB,UNDO_SPACE_RSEG,4819,35,1926
1787550244.035,2026-08-24 05:44:04.036,InnoDB,UNDO_SPACE_RSEG,4849,35,1890
1787550244.035,2026-08-24 05:44:04.036,InnoDB,UNDO_SPACE_RSEG,4739,35,1847
1787550244.035,2026-08-24 05:44:04.036,InnoDB,UNDO_SPACE_RSEG,4954,35,2028
1787550244.035,2026-08-24 05:44:04.036,InnoDB,UNDO_SPACE_RSEG,4886,35,1947
1787550244.035,2026-08-24 05:44:04.036,InnoDB,UNDO_SPACE_RSEG,4792,35,1876
1787550244.035,2026-08-24 05:44:04.036,InnoDB,UNDO_SPACE_RSEG,5014,35,1937
1787550244.035,2026-08-24 05:44:04.036,InnoDB,UNDO_SPACE_RSEG,4901,35,1889
1787550244.035,2026-08-24 05:44:04.036,InnoDB,UNDO_SPACE_RSEG,4785,35,1880
1787550244.035,2026-08-24 05:44:04.036,InnoDB,UNDO_SPACE_RSEG,4744,35,1916
1787550244.035,2026-08-24 05:44:04.036,InnoDB,UNDO_SPACE_RSEG,4996,35,1913
1787550244.035,2026-08-24 05:44:04.036,InnoDB,UNDO_SPACE_RSEG,4780,34,1833
1787550244.035,2026-08-24 05:44:04.036,InnoDB,UNDO_SPACE_RSEG,4838,34,1883
1787550244.035,2026-08-24 05:44:04.036,InnoDB,UNDO_SPACE_RSEG,4900,34,1917
1787550244.035,2026-08-24 05:44:04.036,InnoDB,UNDO_SPACE_RSEG,4900,34,1870
1787550244.035,2026-08-24 05:44:04.036,InnoDB,UNDO_SPACE_RSEG,4789,34,1920
1787550244.035,2026-08-24 05:44:04.036,InnoDB,UNDO_SPACE_RSEG,4943,34,1967
1787550244.035,2026-08-24 05:44:04.036,InnoDB,UNDO_SPACE_RSEG,4634,34,1839
1787550244.035,2026-08-24 05:44:04.036,InnoDB,UNDO_SPACE_RSEG,4912,34,1936
1787550244.035,2026-08-24 05:44:04.036,InnoDB,UNDO_SPACE_RSEG,4865,34,1967
1787550244.035,2026-08-24 05:44:04.036,InnoDB,UNDO_SPACE_RSEG,4876,33,1925
1787550244.035,2026-08-24 05:44:04.036,InnoDB,UNDO_SPACE_RSEG,4878,33,1962
1787550244.035,2026-08-24 05:44:04.036,InnoDB,UNDO_SPACE_RSEG,5018,33,1995
1787550244.035,2026-08-24 05:44:04.036,InnoDB,UNDO_SPACE_RSEG,4762,33,1967
1787550244.035,2026-08-24 05:44:04.036,InnoDB,UNDO_SPACE_RSEG,4769,33,1925
1787550244.035,2026-08-24 05:44:04.036,InnoDB,LOCK_SYS_PAGE,1553,32,516
1787550244.035,2026-08-24 05:44:04.036,InnoDB,UNDO_SPACE_RSEG,4950,32,1936
1787550244.035,2026-08-24 05:44:04.036,InnoDB,UNDO_SPACE_RSEG,4818,32,1854
1787550244.035,2026-08-24 05:44:04.036,InnoDB,UNDO_SPACE_RSEG,5054,32,2057
1787550244.035,2026-08-24 05:44:04.036,InnoDB,LOCK_SYS_PAGE,1522,32,488
1787550244.035,2026-08-24 05:44:04.036,InnoDB,UNDO_SPACE_RSEG,4738,32,1922
1787550244.035,2026-08-24 05:44:04.036,InnoDB,UNDO_SPACE_RSEG,4658,32,1852
1787550244.035,2026-08-24 05:44:04.036,InnoDB,UNDO_SPACE_RSEG,4809,32,1979
1787550244.035,2026-08-24 05:44:04.036,InnoDB,UNDO_SPACE_RSEG,4846,32,2006
1787550244.035,2026-08-24 05:44:04.036,InnoDB,UNDO_SPACE_RSEG,4965,32,1947
1787550244.035,2026-08-24 05:44:04.036,InnoDB,UNDO_SPACE_RSEG,4838,32,1945
1787550244.035,2026-08-24 05:44:04.036,InnoDB,UNDO_SPACE_RSEG,4864,32,1976
1787550244.035,2026-08-24 05:44:04.036,InnoDB,UNDO_SPACE_RSEG,4734,31,1993
1787550244.035,2026-08-24 05:44:04.036,InnoDB,UNDO_SPACE_RSEG,4726,31,1963
1787550244.035,2026-08-24 05:44:04.036,InnoDB,UNDO_SPACE_RSEG,4834,31,1916
1787550244.035,2026-08-24 05:44:04.036,InnoDB,UNDO_SPACE_RSEG,4839,31,2004
1787550244.035,2026-08-24 05:44:04.036,InnoDB,UNDO_SPACE_RSEG,4509,31,1838
1787550244.035,2026-08-24 05:44:04.036,InnoDB,UNDO_SPACE_RSEG,4682,31,1904
1787550244.035,2026-08-24 05:44:04.036,InnoDB,LOCK_SYS_PAGE,1660,31,566
1787550244.035,2026-08-24 05:44:04.036,InnoDB,UNDO_SPACE_RSEG,4915,31,1972
1787550244.035,2026-08-24 05:44:04.036,InnoDB,UNDO_SPACE_RSEG,4666,31,1871
1787550244.035,2026-08-24 05:44:04.036,InnoDB,UNDO_SPACE_RSEG,4697,31,1925
1787550244.035,2026-08-24 05:44:04.036,InnoDB,LOCK_SYS_PAGE,1721,31,606
1787550244.035,2026-08-24 05:44:04.036,InnoDB,UNDO_SPACE_RSEG,4772,31,1946
1787550244.035,2026-08-24 05:44:04.036,InnoDB,UNDO_SPACE_RSEG,4811,31,1938
1787550244.035,2026-08-24 05:44:04.036,InnoDB,UNDO_SPACE_RSEG,4844,31,1926
1787550244.035,2026-08-24 05:44:04.036,InnoDB,UNDO_SPACE_RSEG,4902,31,1891
1787550244.035,2026-08-24 05:44:04.036,InnoDB,UNDO_SPACE_RSEG,4772,31,1937
1787550244.035,2026-08-24 05:44:04.036,InnoDB,UNDO_SPACE_RSEG,4684,31,1908
1787550244.035,2026-08-24 05:44:04.036,InnoDB,UNDO_SPACE_RSEG,4643,30,1879
1787550244.035,2026-08-24 05:44:04.036,InnoDB,UNDO_SPACE_RSEG,4803,30,1902
1787550244.035,2026-08-24 05:44:04.036,InnoDB,LOCK_SYS_PAGE,1518,30,575
1787550244.035,2026-08-24 05:44:04.036,InnoDB,UNDO_SPACE_RSEG,4709,30,1918
1787550244.035,2026-08-24 05:44:04.036,InnoDB,UNDO_SPACE_RSEG,4816,30,1940
1787550244.035,2026-08-24 05:44:04.036,InnoDB,UNDO_SPACE_RSEG,4726,30,1942
1787550244.035,2026-08-24 05:44:04.036,InnoDB,UNDO_SPACE_RSEG,4752,30,1889
1787550244.035,2026-08-24 05:44:04.036,InnoDB,LOCK_SYS_PAGE,1655,30,514
1787550244.035,2026-08-24 05:44:04.036,InnoDB,LOCK_SYS_PAGE,1559,30,593
1787550244.035,2026-08-24 05:44:04.036,InnoDB,UNDO_SPACE_RSEG,4510,30,1851
1787550244.035,2026-08-24 05:44:04.036,InnoDB,LOCK_SYS_PAGE,1629,30,559
1787550244.035,2026-08-24 05:44:04.036,InnoDB,UNDO_SPACE_RSEG,4555,30,1882
1787550244.035,2026-08-24 05:44:04.036,InnoDB,UNDO_SPACE_RSEG,4759,30,2006
1787550244.035,2026-08-24 05:44:04.036,InnoDB,UNDO_SPACE_RSEG,4720,30,1896
1787550244.035,2026-08-24 05:44:04.036,InnoDB,UNDO_SPACE_RSEG,4737,30,1885
1787550244.035,2026-08-24 05:44:04.036,InnoDB,UNDO_SPACE_RSEG,4574,29,1866
1787550244.035,2026-08-24 05:44:04.036,InnoDB,UNDO_SPACE_RSEG,4563,29,1914
1787550244.035,2026-08-24 05:44:04.036,InnoDB,UNDO_SPACE_RSEG,4678,29,1911
1787550244.035,2026-08-24 05:44:04.036,InnoDB,LOCK_SYS_PAGE,1568,29,536
1787550244.035,2026-08-24 05:44:04.036,InnoDB,UNDO_SPACE_RSEG,4682,29,1912
1787550244.035,2026-08-24 05:44:04.036,InnoDB,UNDO_SPACE_RSEG,4594,29,1888
1787550244.035,2026-08-24 05:44:04.036,InnoDB,UNDO_SPACE_RSEG,4706,29,1900
1787550244.035,2026-08-24 05:44:04.036,InnoDB,UNDO_SPACE_RSEG,4641,29,1883
1787550244.035,2026-08-24 05:44:04.036,InnoDB,UNDO_SPACE_RSEG,4688,29,1972
1787550244.035,2026-08-24 05:44:04.036,InnoDB,UNDO_SPACE_RSEG,4829,29,1943
1787550244.035,2026-08-24 05:44:04.036,InnoDB,UNDO_SPACE_RSEG,4678,29,1917
1787550244.035,2026-08-24 05:44:04.036,InnoDB,UNDO_SPACE_RSEG,4784,29,1999
1787550244.035,2026-08-24 05:44:04.036,InnoDB,LOCK_SYS_PAGE,1606,29,574
1787550244.035,2026-08-24 05:44:04.036,InnoDB,LOCK_SYS_PAGE,1492,29,498
1787550244.035,2026-08-24 05:44:04.036,InnoDB,LOCK_SYS_PAGE,1508,28,565
1787550244.035,2026-08-24 05:44:04.036,InnoDB,LOCK_SYS_PAGE,1466,28,497
1787550244.035,2026-08-24 05:44:04.036,InnoDB,LOCK_SYS_PAGE,1439,28,490
1787550244.035,2026-08-24 05:44:04.036,InnoDB,LOCK_SYS_PAGE,1444,28,516
1787550244.035,2026-08-24 05:44:04.036,InnoDB,UNDO_SPACE_RSEG,4647,28,1897
1787550244.035,2026-08-24 05:44:04.036,InnoDB,LOCK_SYS_PAGE,1556,28,569
1787550244.035,2026-08-24 05:44:04.036,InnoDB,LOCK_SYS_PAGE,1515,28,575
1787550244.035,2026-08-24 05:44:04.036,InnoDB,LOCK_SYS_PAGE,1509,28,570
1787550244.035,2026-08-24 05:44:04.036,InnoDB,DICT_TABLE_STATS_COMPUTE,840,28,7
1787550244.035,2026-08-24 05:44:04.036,InnoDB,UNDO_SPACE_RSEG,4379,28,1826
1787550244.035,2026-08-24 05:44:04.036,InnoDB,UNDO_SPACE_RSEG,4891,28,1964
1787550244.035,2026-08-24 05:44:04.036,InnoDB,UNDO_SPACE_RSEG,4644,28,1941
1787550244.035,2026-08-24 05:44:04.036,InnoDB,UNDO_SPACE_RSEG,4744,28,1952
1787550244.035,2026-08-24 05:44:04.036,InnoDB,UNDO_SPACE_RSEG,4559,28,1931
1787550244.035,2026-08-24 05:44:04.036,InnoDB,UNDO_SPACE_RSEG,4648,28,1909
1787550244.035,2026-08-24 05:44:04.036,InnoDB,UNDO_SPACE_RSEG,4608,28,1877
1787550244.035,2026-08-24 05:44:04.036,InnoDB,UNDO_SPACE_RSEG,4469,28,1882
1787550244.035,2026-08-24 05:44:04.036,InnoDB,UNDO_SPACE_RSEG,4577,28,1928
1787550244.035,2026-08-24 05:44:04.036,InnoDB,UNDO_SPACE_RSEG,4827,28,1987
1787550244.035,2026-08-24 05:44:04.036,InnoDB,UNDO_SPACE_RSEG,4603,28,1929
1787550244.035,2026-08-24 05:44:04.036,InnoDB,UNDO_SPACE_RSEG,4597,28,1858
1787550244.035,2026-08-24 05:44:04.036,InnoDB,UNDO_SPACE_RSEG,4837,28,1922
1787550244.035,2026-08-24 05:44:04.036,InnoDB,UNDO_SPACE_RSEG,4648,28,1928
1787550244.035,2026-08-24 05:44:04.036,InnoDB,UNDO_SPACE_RSEG,4669,28,1894
1787550244.035,2026-08-24 05:44:04.036,InnoDB,UNDO_SPACE_RSEG,4628,28,1889
1787550244.035,2026-08-24 05:44:04.036,InnoDB,UNDO_SPACE_RSEG,4834,28,1987
1787550244.035,2026-08-24 05:44:04.036,InnoDB,UNDO_SPACE_RSEG,4659,28,1947
1787550244.035,2026-08-24 05:44:04.036,InnoDB,UNDO_SPACE_RSEG,4795,28,1973
1787550244.035,2026-08-24 05:44:04.036,InnoDB,UNDO_SPACE_RSEG,4600,28,1939
1787550244.035,2026-08-24 05:44:04.036,InnoDB,LOCK_SYS_PAGE,1520,28,584
1787550244.035,2026-08-24 05:44:04.036,InnoDB,UNDO_SPACE_RSEG,4769,27,1957
1787550244.035,2026-08-24 05:44:04.036,InnoDB,UNDO_SPACE_RSEG,4752,27,1928
1787550244.035,2026-08-24 05:44:04.036,InnoDB,LOCK_SYS_PAGE,1543,27,542
1787550244.035,2026-08-24 05:44:04.036,InnoDB,UNDO_SPACE_RSEG,4461,27,1823
1787550244.035,2026-08-24 05:44:04.036,InnoDB,UNDO_SPACE_RSEG,4539,27,1963
1787550244.035,2026-08-24 05:44:04.036,InnoDB,UNDO_SPACE_RSEG,4646,27,1935
1787550244.035,2026-08-24 05:44:04.036,InnoDB,LOCK_SYS_PAGE,1441,27,527
1787550244.035,2026-08-24 05:44:04.036,InnoDB,LOCK_SYS_PAGE,1522,27,520
1787550244.035,2026-08-24 05:44:04.036,InnoDB,UNDO_SPACE_RSEG,4383,27,1851
1787550244.035,2026-08-24 05:44:04.036,InnoDB,UNDO_SPACE_RSEG,4573,27,1937
1787550244.035,2026-08-24 05:44:04.036,InnoDB,UNDO_SPACE_RSEG,4756,27,1911
1787550244.035,2026-08-24 05:44:04.036,InnoDB,UNDO_SPACE_RSEG,4805,27,2009
1787550244.035,2026-08-24 05:44:04.036,InnoDB,UNDO_SPACE_RSEG,4356,27,1807
1787550244.035,2026-08-24 05:44:04.036,InnoDB,UNDO_SPACE_RSEG,4462,27,1867
1787550244.035,2026-08-24 05:44:04.036,InnoDB,UNDO_SPACE_RSEG,4627,27,1926
1787550244.035,2026-08-24 05:44:04.036,InnoDB,UNDO_SPACE_RSEG,4295,27,1812
1787550244.035,2026-08-24 05:44:04.036,InnoDB,UNDO_SPACE_RSEG,4737,27,1938
1787550244.035,2026-08-24 05:44:04.036,InnoDB,LOCK_SYS_PAGE,1436,27,548
1787550244.035,2026-08-24 05:44:04.036,InnoDB,UNDO_SPACE_RSEG,4513,27,1872
1787550244.035,2026-08-24 05:44:04.036,InnoDB,UNDO_SPACE_RSEG,4519,27,1911
1787550244.035,2026-08-24 05:44:04.036,InnoDB,UNDO_SPACE_RSEG,4699,27,1906
1787550244.035,2026-08-24 05:44:04.036,InnoDB,LOCK_SYS_PAGE,1527,27,570
1787550244.035,2026-08-24 05:44:04.036,InnoDB,UNDO_SPACE_RSEG,4782,27,1954
1787550244.035,2026-08-24 05:44:04.036,InnoDB,UNDO_SPACE_RSEG,4624,27,1835
1787550244.035,2026-08-24 05:44:04.036,InnoDB,UNDO_SPACE_RSEG,4733,27,1897
1787550244.035,2026-08-24 05:44:04.036,InnoDB,LOCK_SYS_PAGE,1540,27,570
1787550244.035,2026-08-24 05:44:04.036,InnoDB,UNDO_SPACE_RSEG,4578,27,1941
1787550244.035,2026-08-24 05:44:04.036,InnoDB,UNDO_SPACE_RSEG,4425,27,1764
1787550244.035,2026-08-24 05:44:04.036,InnoDB,UNDO_SPACE_RSEG,4510,26,1832
1787550244.035,2026-08-24 05:44:04.036,InnoDB,LOCK_SYS_PAGE,1506,26,539
1787550244.035,2026-08-24 05:44:04.036,InnoDB,LOCK_SYS_PAGE,1431,26,475
1787550244.035,2026-08-24 05:44:04.036,InnoDB,UNDO_SPACE_RSEG,4392,26,1864
1787550244.035,2026-08-24 05:44:04.036,InnoDB,UNDO_SPACE_RSEG,4419,26,1852
1787550244.035,2026-08-24 05:44:04.036,InnoDB,LOCK_SYS_PAGE,1485,26,486
1787550244.035,2026-08-24 05:44:04.036,InnoDB,UNDO_SPACE_RSEG,4769,26,1974
1787550244.035,2026-08-24 05:44:04.036,InnoDB,UNDO_SPACE_RSEG,4633,26,1934
1787550244.035,2026-08-24 05:44:04.036,InnoDB,LOCK_SYS_PAGE,1418,26,541
1787550244.035,2026-08-24 05:44:04.036,InnoDB,UNDO_SPACE_RSEG,4561,26,1926
1787550244.035,2026-08-24 05:44:04.036,InnoDB,UNDO_SPACE_RSEG,5008,26,2060
1787550244.035,2026-08-24 05:44:04.036,InnoDB,LOCK_SYS_PAGE,1443,26,516
1787550244.035,2026-08-24 05:44:04.036,InnoDB,LOCK_SYS_PAGE,1402,26,519
1787550244.035,2026-08-24 05:44:04.036,InnoDB,UNDO_SPACE_RSEG,4589,26,1904
1787550244.035,2026-08-24 05:44:04.036,InnoDB,LOCK_SYS_PAGE,1462,26,532
1787550244.035,2026-08-24 05:44:04.036,InnoDB,UNDO_SPACE_RSEG,4612,26,1938
1787550244.035,2026-08-24 05:44:04.036,InnoDB,UNDO_SPACE_RSEG,4467,26,1836
1787550244.035,2026-08-24 05:44:04.036,InnoDB,LOCK_SYS_PAGE,1519,26,582
1787550244.035,2026-08-24 05:44:04.036,InnoDB,UNDO_SPACE_RSEG,4674,26,1881
1787550244.035,2026-08-24 05:44:04.036,InnoDB,LOCK_SYS_PAGE,1567,26,579
1787550244.035,2026-08-24 05:44:04.036,InnoDB,UNDO_SPACE_RSEG,4623,26,1936
1787550244.035,2026-08-24 05:44:04.036,InnoDB,UNDO_SPACE_RSEG,4637,26,1937
1787550244.035,2026-08-24 05:44:04.036,InnoDB,LOCK_SYS_PAGE,1489,26,509
1787550244.035,2026-08-24 05:44:04.036,InnoDB,UNDO_SPACE_RSEG,4547,26,1939
1787550244.035,2026-08-24 05:44:04.036,InnoDB,UNDO_SPACE_RSEG,4428,26,1823
1787550244.035,2026-08-24 05:44:04.036,InnoDB,UNDO_SPACE_RSEG,4538,26,1877
1787550244.035,2026-08-24 05:44:04.036,InnoDB,UNDO_SPACE_RSEG,4746,26,1929
1787550244.035,2026-08-24 05:44:04.036,InnoDB,LOCK_SYS_PAGE,1363,26,501
1787550244.035,2026-08-24 05:44:04.036,InnoDB,LOCK_SYS_PAGE,1395,26,520
1787550244.035,2026-08-24 05:44:04.036,InnoDB,UNDO_SPACE_RSEG,4642,26,1895
1787550244.035,2026-08-24 05:44:04.036,InnoDB,UNDO_SPACE_RSEG,4582,26,1950
1787550244.035,2026-08-24 05:44:04.036,InnoDB,LOCK_SYS_PAGE,1491,25,585
1787550244.035,2026-08-24 05:44:04.036,InnoDB,UNDO_SPACE_RSEG,4447,25,1940
1787550244.035,2026-08-24 05:44:04.036,InnoDB,UNDO_SPACE_RSEG,4679,25,1899
1787550244.035,2026-08-24 05:44:04.036,InnoDB,UNDO_SPACE_RSEG,4556,25,1936
1787550244.035,2026-08-24 05:44:04.036,InnoDB,UNDO_SPACE_RSEG,4484,25,1901
1787550244.035,2026-08-24 05:44:04.036,InnoDB,LOCK_SYS_PAGE,1479,25,534
1787550244.035,2026-08-24 05:44:04.036,InnoDB,UNDO_SPACE_RSEG,4407,25,1862
1787550244.035,2026-08-24 05:44:04.036,InnoDB,UNDO_SPACE_RSEG,4700,25,1946
1787550244.035,2026-08-24 05:44:04.036,InnoDB,UNDO_SPACE_RSEG,4340,25,1814
1787550244.035,2026-08-24 05:44:04.036,InnoDB,LOCK_SYS_PAGE,1513,25,572
1787550244.035,2026-08-24 05:44:04.036,InnoDB,LOCK_SYS_PAGE,1374,25,515
1787550244.035,2026-08-24 05:44:04.036,InnoDB,UNDO_SPACE_RSEG,4404,25,1862
1787550244.035,2026-08-24 05:44:04.036,InnoDB,UNDO_SPACE_RSEG,4719,25,1900
1787550244.035,2026-08-24 05:44:04.036,InnoDB,UNDO_SPACE_RSEG,4672,25,1936
1787550244.035,2026-08-24 05:44:04.036,InnoDB,LOCK_SYS_PAGE,1401,25,525
1787550244.035,2026-08-24 05:44:04.036,InnoDB,UNDO_SPACE_RSEG,4677,25,2006
1787550244.035,2026-08-24 05:44:04.036,InnoDB,LOCK_SYS_PAGE,1415,25,465
1787550244.035,2026-08-24 05:44:04.036,InnoDB,UNDO_SPACE_RSEG,4760,25,1956
1787550244.035,2026-08-24 05:44:04.036,InnoDB,LOCK_SYS_PAGE,1415,25,579
1787550244.035,2026-08-24 05:44:04.036,InnoDB,UNDO_SPACE_RSEG,4563,25,1904
1787550244.035,2026-08-24 05:44:04.036,InnoDB,UNDO_SPACE_RSEG,4722,25,1980
1787550244.035,2026-08-24 05:44:04.036,InnoDB,LOCK_SYS_PAGE,1374,25,521
1787550244.035,2026-08-24 05:44:04.036,InnoDB,LOCK_SYS_PAGE,1445,25,505
1787550244.035,2026-08-24 05:44:04.036,InnoDB,LOCK_SYS_PAGE,1430,25,551
1787550244.035,2026-08-24 05:44:04.036,InnoDB,UNDO_SPACE_RSEG,4358,25,1880
1787550244.035,2026-08-24 05:44:04.036,InnoDB,UNDO_SPACE_RSEG,4428,25,1878
1787550244.035,2026-08-24 05:44:04.036,InnoDB,LOCK_SYS_PAGE,1502,25,520
1787550244.035,2026-08-24 05:44:04.036,InnoDB,LOCK_SYS_PAGE,1437,25,546
1787550244.035,2026-08-24 05:44:04.036,InnoDB,UNDO_SPACE_RSEG,4483,25,1841
1787550244.035,2026-08-24 05:44:04.036,InnoDB,UNDO_SPACE_RSEG,4454,25,1880
1787550244.035,2026-08-24 05:44:04.036,InnoDB,LOCK_SYS_PAGE,1459,25,563
1787550244.035,2026-08-24 05:44:04.036,InnoDB,UNDO_SPACE_RSEG,4563,25,1941
1787550244.035,2026-08-24 05:44:04.036,InnoDB,UNDO_SPACE_RSEG,4456,25,1849
1787550244.035,2026-08-24 05:44:04.036,InnoDB,UNDO_SPACE_RSEG,4616,24,1928
1787550244.035,2026-08-24 05:44:04.036,InnoDB,LOCK_SYS_PAGE,1438,24,535
1787550244.035,2026-08-24 05:44:04.036,InnoDB,LOCK_SYS_PAGE,1460,24,565
1787550244.035,2026-08-24 05:44:04.036,InnoDB,UNDO_SPACE_RSEG,4540,24,1921
1787550244.035,2026-08-24 05:44:04.036,InnoDB,LOCK_SYS_PAGE,1401,24,538
1787550244.035,2026-08-24 05:44:04.036,InnoDB,LOCK_SYS_PAGE,1462,24,560
1787550244.035,2026-08-24 05:44:04.036,InnoDB,UNDO_SPACE_RSEG,4530,24,1937
1787550244.035,2026-08-24 05:44:04.036,InnoDB,LOCK_SYS_PAGE,1450,24,575
1787550244.035,2026-08-24 05:44:04.036,InnoDB,LOCK_SYS_PAGE,1406,24,533
1787550244.035,2026-08-24 05:44:04.036,InnoDB,UNDO_SPACE_RSEG,4421,24,1808
1787550244.035,2026-08-24 05:44:04.036,InnoDB,LOCK_SYS_PAGE,1368,24,577
1787550244.035,2026-08-24 05:44:04.036,InnoDB,LOCK_SYS_PAGE,1493,24,589
1787550244.035,2026-08-24 05:44:04.036,InnoDB,LOCK_SYS_PAGE,1328,24,530
1787550244.035,2026-08-24 05:44:04.036,InnoDB,LOCK_SYS_PAGE,1275,24,495
1787550244.035,2026-08-24 05:44:04.036,InnoDB,UNDO_SPACE_RSEG,4517,24,1874
1787550244.035,2026-08-24 05:44:04.036,InnoDB,UNDO_SPACE_RSEG,4384,24,1846
1787550244.035,2026-08-24 05:44:04.036,InnoDB,LOCK_SYS_PAGE,1336,24,480
1787550244.035,2026-08-24 05:44:04.036,InnoDB,UNDO_SPACE_RSEG,4401,24,1880
1787550244.035,2026-08-24 05:44:04.036,InnoDB,UNDO_SPACE_RSEG,4584,24,1914
1787550244.035,2026-08-24 05:44:04.036,InnoDB,UNDO_SPACE_RSEG,4384,24,1824
1787550244.035,2026-08-24 05:44:04.036,InnoDB,LOCK_SYS_PAGE,1606,24,596
1787550244.035,2026-08-24 05:44:04.036,InnoDB,LOCK_SYS_PAGE,1428,24,588
1787550244.035,2026-08-24 05:44:04.036,InnoDB,UNDO_SPACE_RSEG,4687,24,1954
1787550244.035,2026-08-24 05:44:04.036,InnoDB,LOCK_SYS_PAGE,1367,24,503
1787550244.035,2026-08-24 05:44:04.036,InnoDB,LOCK_SYS_PAGE,1343,24,515
1787550244.035,2026-08-24 05:44:04.036,InnoDB,UNDO_SPACE_RSEG,4451,24,1869
1787550244.035,2026-08-24 05:44:04.036,InnoDB,UNDO_SPACE_RSEG,4726,24,1985
1787550244.035,2026-08-24 05:44:04.036,InnoDB,UNDO_SPACE_RSEG,4473,24,1915
1787550244.035,2026-08-24 05:44:04.036,InnoDB,UNDO_SPACE_RSEG,4617,24,1980
1787550244.035,2026-08-24 05:44:04.036,InnoDB,UNDO_SPACE_RSEG,4564,24,1962
1787550244.035,2026-08-24 05:44:04.036,InnoDB,LOCK_SYS_PAGE,1308,24,514
1787550244.035,2026-08-24 05:44:04.036,InnoDB,UNDO_SPACE_RSEG,4464,24,1925
1787550244.035,2026-08-24 05:44:04.036,InnoDB,LOCK_SYS_PAGE,1474,24,622
1787550244.035,2026-08-24 05:44:04.036,InnoDB,LOCK_SYS_PAGE,1402,24,481
1787550244.035,2026-08-24 05:44:04.036,InnoDB,LOCK_SYS_PAGE,1366,23,549
1787550244.035,2026-08-24 05:44:04.036,InnoDB,UNDO_SPACE_RSEG,4685,23,1940
1787550244.035,2026-08-24 05:44:04.036,InnoDB,LOCK_SYS_PAGE,1410,23,581
1787550244.035,2026-08-24 05:44:04.036,InnoDB,LOCK_SYS_PAGE,1364,23,554
1787550244.035,2026-08-24 05:44:04.036,InnoDB,LOCK_SYS_PAGE,1343,23,475
1787550244.035,2026-08-24 05:44:04.036,InnoDB,LOCK_SYS_PAGE,1354,23,550
1787550244.035,2026-08-24 05:44:04.036,InnoDB,UNDO_SPACE_RSEG,4531,23,1907
1787550244.035,2026-08-24 05:44:04.036,InnoDB,LOCK_SYS_PAGE,1291,23,536
1787550244.035,2026-08-24 05:44:04.036,InnoDB,UNDO_SPACE_RSEG,4373,23,1856
1787550244.035,2026-08-24 05:44:04.036,InnoDB,LOCK_SYS_PAGE,1356,23,534
1787550244.035,2026-08-24 05:44:04.036,InnoDB,UNDO_SPACE_RSEG,4566,23,1906
1787550244.035,2026-08-24 05:44:04.036,InnoDB,UNDO_SPACE_RSEG,4551,23,1890
1787550244.035,2026-08-24 05:44:04.036,InnoDB,UNDO_SPACE_RSEG,4516,23,1927
1787550244.035,2026-08-24 05:44:04.036,InnoDB,UNDO_SPACE_RSEG,4403,23,1882
1787550244.035,2026-08-24 05:44:04.036,InnoDB,UNDO_SPACE_RSEG,4591,23,1917
1787550244.035,2026-08-24 05:44:04.036,InnoDB,UNDO_SPACE_RSEG,4490,23,1844
1787550244.035,2026-08-24 05:44:04.036,InnoDB,LOCK_SYS_PAGE,1291,23,511
1787550244.035,2026-08-24 05:44:04.036,InnoDB,LOCK_SYS_PAGE,1277,23,506
1787550244.035,2026-08-24 05:44:04.036,InnoDB,LOCK_SYS_PAGE,1275,23,452
1787550244.035,2026-08-24 05:44:04.036,InnoDB,LOCK_SYS_PAGE,1352,23,543
1787550244.035,2026-08-24 05:44:04.036,InnoDB,UNDO_SPACE_RSEG,4484,23,1860
1787550244.035,2026-08-24 05:44:04.036,InnoDB,LOCK_SYS_PAGE,1428,23,603
1787550244.035,2026-08-24 05:44:04.036,InnoDB,UNDO_SPACE_RSEG,4455,23,1865
1787550244.035,2026-08-24 05:44:04.036,InnoDB,LOCK_SYS_PAGE,1384,23,581
1787550244.035,2026-08-24 05:44:04.036,InnoDB,LOCK_SYS_PAGE,1352,23,511
1787550244.035,2026-08-24 05:44:04.036,InnoDB,LOCK_SYS_PAGE,1470,23,563
1787550244.035,2026-08-24 05:44:04.036,InnoDB,LOCK_SYS_PAGE,1309,23,543
1787550244.035,2026-08-24 05:44:04.036,InnoDB,LOCK_SYS_PAGE,1424,23,565
1787550244.035,2026-08-24 05:44:04.036,InnoDB,LOCK_SYS_PAGE,1376,23,570
1787550244.035,2026-08-24 05:44:04.036,InnoDB,LOCK_SYS_PAGE,1287,23,519
1787550244.035,2026-08-24 05:44:04.036,InnoDB,UNDO_SPACE_RSEG,4574,23,1938
1787550244.035,2026-08-24 05:44:04.036,InnoDB,UNDO_SPACE_RSEG,4616,23,1916
1787550244.035,2026-08-24 05:44:04.036,InnoDB,LOCK_SYS_PAGE,1354,23,494
1787550244.035,2026-08-24 05:44:04.036,InnoDB,UNDO_SPACE_RSEG,4556,23,1915
1787550244.035,2026-08-24 05:44:04.036,InnoDB,UNDO_SPACE_RSEG,4240,23,1846
1787550244.035,2026-08-24 05:44:04.036,InnoDB,UNDO_SPACE_RSEG,4371,23,1871
1787550244.035,2026-08-24 05:44:04.036,InnoDB,UNDO_SPACE_RSEG,4377,23,1870
1787550244.035,2026-08-24 05:44:04.036,InnoDB,UNDO_SPACE_RSEG,4795,23,2014
1787550244.035,2026-08-24 05:44:04.036,InnoDB,LOCK_SYS_PAGE,1368,23,549
1787550244.035,2026-08-24 05:44:04.036,InnoDB,LOCK_SYS_PAGE,1426,23,537
1787550244.035,2026-08-24 05:44:04.036,InnoDB,UNDO_SPACE_RSEG,4498,22,1918
1787550244.035,2026-08-24 05:44:04.036,InnoDB,LOCK_SYS_PAGE,1347,22,590
1787550244.035,2026-08-24 05:44:04.036,InnoDB,UNDO_SPACE_RSEG,4451,22,1909
1787550244.035,2026-08-24 05:44:04.036,InnoDB,LOCK_SYS_PAGE,1314,22,543
1787550244.035,2026-08-24 05:44:04.036,InnoDB,LOCK_SYS_PAGE,1293,22,521
1787550244.035,2026-08-24 05:44:04.036,InnoDB,LOCK_SYS_PAGE,1433,22,541
1787550244.035,2026-08-24 05:44:04.036,InnoDB,LOCK_SYS_PAGE,1400,22,581
1787550244.035,2026-08-24 05:44:04.036,InnoDB,LOCK_SYS_PAGE,1290,22,521
1787550244.035,2026-08-24 05:44:04.036,InnoDB,UNDO_SPACE_RSEG,4708,22,1935
1787550244.035,2026-08-24 05:44:04.036,InnoDB,LOCK_SYS_PAGE,1248,22,502
1787550244.035,2026-08-24 05:44:04.036,InnoDB,LOCK_SYS_PAGE,1266,22,505
1787550244.035,2026-08-24 05:44:04.036,InnoDB,LOCK_SYS_PAGE,1302,22,563
1787550244.035,2026-08-24 05:44:04.036,InnoDB,LOCK_SYS_PAGE,1352,22,529
1787550244.035,2026-08-24 05:44:04.036,InnoDB,LOCK_SYS_PAGE,1373,22,556
1787550244.035,2026-08-24 05:44:04.036,InnoDB,LOCK_SYS_PAGE,1415,22,566
1787550244.035,2026-08-24 05:44:04.036,InnoDB,LOCK_SYS_PAGE,1289,22,496
1787550244.035,2026-08-24 05:44:04.036,InnoDB,LOCK_SYS_PAGE,1214,22,488
1787550244.035,2026-08-24 05:44:04.036,InnoDB,UNDO_SPACE_RSEG,4481,22,1891
1787550244.035,2026-08-24 05:44:04.036,InnoDB,UNDO_SPACE_RSEG,4653,22,1885
1787550244.035,2026-08-24 05:44:04.036,InnoDB,UNDO_SPACE_RSEG,4566,22,1974
1787550244.035,2026-08-24 05:44:04.036,InnoDB,LOCK_SYS_PAGE,1265,22,505
1787550244.035,2026-08-24 05:44:04.036,InnoDB,LOCK_SYS_PAGE,1363,22,532
1787550244.035,2026-08-24 05:44:04.036,InnoDB,LOCK_SYS_PAGE,1369,22,522
1787550244.035,2026-08-24 05:44:04.036,InnoDB,LOCK_SYS_PAGE,1336,22,528
1787550244.035,2026-08-24 05:44:04.036,InnoDB,LOCK_SYS_PAGE,1325,22,510
1787550244.035,2026-08-24 05:44:04.036,InnoDB,LOCK_SYS_PAGE,1308,22,551
1787550244.035,2026-08-24 05:44:04.036,InnoDB,LOCK_SYS_PAGE,1362,22,545
1787550244.035,2026-08-24 05:44:04.036,InnoDB,LOCK_SYS_PAGE,1325,22,521
1787550244.035,2026-08-24 05:44:04.036,InnoDB,LOCK_SYS_PAGE,1320,22,522
1787550244.035,2026-08-24 05:44:04.036,InnoDB,UNDO_SPACE_RSEG,4660,22,1924
1787550244.035,2026-08-24 05:44:04.036,InnoDB,LOCK_SYS_PAGE,1324,21,482
1787550244.035,2026-08-24 05:44:04.036,InnoDB,LOCK_SYS_PAGE,1292,21,549
1787550244.035,2026-08-24 05:44:04.036,InnoDB,LOCK_SYS_PAGE,1238,21,522
1787550244.035,2026-08-24 05:44:04.036,InnoDB,LOCK_SYS_PAGE,1292,21,500
1787550244.035,2026-08-24 05:44:04.036,InnoDB,LOCK_SYS_PAGE,1248,21,553
1787550244.035,2026-08-24 05:44:04.036,InnoDB,LOCK_SYS_PAGE,1430,21,538
1787550244.035,2026-08-24 05:44:04.036,InnoDB,LOCK_SYS_PAGE,1334,21,549
1787550244.035,2026-08-24 05:44:04.036,InnoDB,LOCK_SYS_PAGE,1326,21,551
1787550244.035,2026-08-24 05:44:04.036,InnoDB,LOCK_SYS_PAGE,1308,21,525
1787550244.035,2026-08-24 05:44:04.036,InnoDB,LOCK_SYS_PAGE,1242,21,528
1787550244.035,2026-08-24 05:44:04.036,InnoDB,UNDO_SPACE_RSEG,4489,21,1895
1787550244.035,2026-08-24 05:44:04.036,InnoDB,UNDO_SPACE_RSEG,4456,21,1916
1787550244.035,2026-08-24 05:44:04.036,InnoDB,LOCK_SYS_PAGE,1372,21,546
1787550244.035,2026-08-24 05:44:04.036,InnoDB,LOCK_SYS_PAGE,1328,21,527
1787550244.035,2026-08-24 05:44:04.036,InnoDB,UNDO_SPACE_RSEG,4346,21,1906
1787550244.035,2026-08-24 05:44:04.036,InnoDB,UNDO_SPACE_RSEG,4314,21,1808
1787550244.035,2026-08-24 05:44:04.036,InnoDB,LOCK_SYS_PAGE,1296,21,540
1787550244.035,2026-08-24 05:44:04.036,InnoDB,UNDO_SPACE_RSEG,4470,21,1999
1787550244.035,2026-08-24 05:44:04.036,InnoDB,LOCK_SYS_PAGE,1199,21,483
1787550244.035,2026-08-24 05:44:04.036,InnoDB,UNDO_SPACE_RSEG,4342,21,1907
1787550244.035,2026-08-24 05:44:04.036,InnoDB,UNDO_SPACE_RSEG,4706,21,2069
1787550244.035,2026-08-24 05:44:04.036,InnoDB,LOCK_SYS_PAGE,1247,21,523
1787550244.035,2026-08-24 05:44:04.036,InnoDB,LOCK_SYS_PAGE,1373,21,569
1787550244.035,2026-08-24 05:44:04.036,InnoDB,LOCK_SYS_PAGE,1310,21,539
1787550244.035,2026-08-24 05:44:04.036,InnoDB,LOCK_SYS_PAGE,1293,21,490
1787550244.035,2026-08-24 05:44:04.036,InnoDB,LOCK_SYS_PAGE,1245,21,532
1787550244.035,2026-08-24 05:44:04.036,InnoDB,UNDO_SPACE_RSEG,4370,21,1861
1787550244.035,2026-08-24 05:44:04.036,InnoDB,LOCK_SYS_PAGE,1409,21,548
1787550244.035,2026-08-24 05:44:04.036,InnoDB,UNDO_SPACE_RSEG,4429,21,1834
1787550244.035,2026-08-24 05:44:04.036,InnoDB,LOCK_SYS_PAGE,1295,21,557
1787550244.035,2026-08-24 05:44:04.036,InnoDB,LOCK_SYS_PAGE,1326,21,526
1787550244.035,2026-08-24 05:44:04.036,InnoDB,LOCK_SYS_PAGE,1227,21,514
1787550244.035,2026-08-24 05:44:04.036,InnoDB,UNDO_SPACE_RSEG,4490,21,1866
1787550244.035,2026-08-24 05:44:04.036,InnoDB,LOCK_SYS_PAGE,1384,21,514
1787550244.035,2026-08-24 05:44:04.036,InnoDB,LOCK_SYS_PAGE,1245,21,506
1787550244.035,2026-08-24 05:44:04.036,InnoDB,LOCK_SYS_PAGE,1368,21,592
1787550244.035,2026-08-24 05:44:04.036,InnoDB,LOCK_SYS_PAGE,1351,21,504
1787550244.035,2026-08-24 05:44:04.036,InnoDB,LOCK_SYS_PAGE,1293,21,529
1787550244.035,2026-08-24 05:44:04.036,InnoDB,LOCK_SYS_PAGE,1482,21,624
1787550244.035,2026-08-24 05:44:04.036,InnoDB,LOCK_SYS_PAGE,1268,21,568
1787550244.035,2026-08-24 05:44:04.036,InnoDB,LOCK_SYS_PAGE,1215,21,518
1787550244.035,2026-08-24 05:44:04.036,InnoDB,UNDO_SPACE_RSEG,4169,21,1807
1787550244.035,2026-08-24 05:44:04.036,InnoDB,LOCK_SYS_PAGE,1376,21,543
1787550244.035,2026-08-24 05:44:04.036,InnoDB,UNDO_SPACE_RSEG,4717,21,1987
1787550244.035,2026-08-24 05:44:04.036,InnoDB,LOCK_SYS_PAGE,1219,21,496
1787550244.035,2026-08-24 05:44:04.036,InnoDB,LOCK_SYS_PAGE,1401,21,657
1787550244.035,2026-08-24 05:44:04.036,InnoDB,UNDO_SPACE_RSEG,4611,21,1917
1787550244.035,2026-08-24 05:44:04.036,InnoDB,LOCK_SYS_PAGE,1219,21,524
1787550244.035,2026-08-24 05:44:04.036,InnoDB,UNDO_SPACE_RSEG,4411,20,1873
1787550244.035,2026-08-24 05:44:04.036,InnoDB,LOCK_SYS_PAGE,1272,20,551
1787550244.035,2026-08-24 05:44:04.036,InnoDB,LOCK_SYS_PAGE,1369,20,592
1787550244.035,2026-08-24 05:44:04.036,InnoDB,LOCK_SYS_PAGE,1259,20,516
1787550244.035,2026-08-24 05:44:04.036,InnoDB,LOCK_SYS_PAGE,1183,20,461
1787550244.035,2026-08-24 05:44:04.036,InnoDB,LOCK_SYS_PAGE,1520,20,543
1787550244.035,2026-08-24 05:44:04.036,InnoDB,UNDO_SPACE_RSEG,4232,20,1916
1787550244.035,2026-08-24 05:44:04.036,InnoDB,LOCK_SYS_PAGE,1249,20,522
1787550244.035,2026-08-24 05:44:04.036,InnoDB,UNDO_SPACE_RSEG,4536,20,1964
1787550244.035,2026-08-24 05:44:04.036,InnoDB,LOCK_SYS_PAGE,1232,20,541
1787550244.035,2026-08-24 05:44:04.036,InnoDB,LOCK_SYS_PAGE,1190,20,515
1787550244.035,2026-08-24 05:44:04.036,InnoDB,LOCK_SYS_PAGE,1252,20,570
1787550244.035,2026-08-24 05:44:04.036,InnoDB,LOCK_SYS_PAGE,1168,20,504
1787550244.035,2026-08-24 05:44:04.036,InnoDB,LOCK_SYS_PAGE,1270,20,494
1787550244.035,2026-08-24 05:44:04.036,InnoDB,UNDO_SPACE_RSEG,4499,20,1931
1787550244.035,2026-08-24 05:44:04.036,InnoDB,LOCK_SYS_PAGE,1166,20,453
1787550244.035,2026-08-24 05:44:04.036,InnoDB,LOCK_SYS_PAGE,1246,20,597
1787550244.035,2026-08-24 05:44:04.036,InnoDB,LOCK_SYS_PAGE,1303,20,501
1787550244.035,2026-08-24 05:44:04.036,InnoDB,LOCK_SYS_PAGE,1251,20,519
1787550244.035,2026-08-24 05:44:04.036,InnoDB,UNDO_SPACE_RSEG,4355,20,1838
1787550244.035,2026-08-24 05:44:04.036,InnoDB,LOCK_SYS_PAGE,1176,20,525
1787550244.035,2026-08-24 05:44:04.036,InnoDB,LOCK_SYS_PAGE,1406,20,617
1787550244.035,2026-08-24 05:44:04.036,InnoDB,LOCK_SYS_PAGE,1221,20,508
1787550244.035,2026-08-24 05:44:04.036,InnoDB,LOCK_SYS_PAGE,1254,20,560
1787550244.035,2026-08-24 05:44:04.036,InnoDB,LOCK_SYS_PAGE,1292,20,541
1787550244.035,2026-08-24 05:44:04.036,InnoDB,LOCK_SYS_PAGE,1308,20,575
1787550244.035,2026-08-24 05:44:04.036,InnoDB,UNDO_SPACE_RSEG,4404,20,1867
1787550244.035,2026-08-24 05:44:04.036,InnoDB,LOCK_SYS_PAGE,1250,20,578
1787550244.035,2026-08-24 05:44:04.036,InnoDB,LOCK_SYS_PAGE,1170,20,506
1787550244.035,2026-08-24 05:44:04.036,InnoDB,LOCK_SYS_PAGE,1337,20,603
1787550244.035,2026-08-24 05:44:04.036,InnoDB,LOCK_SYS_PAGE,1306,20,509
1787550244.035,2026-08-24 05:44:04.036,InnoDB,LOCK_SYS_PAGE,1279,20,519
1787550244.035,2026-08-24 05:44:04.036,InnoDB,LOCK_SYS_PAGE,1195,20,561
1787550244.035,2026-08-24 05:44:04.036,InnoDB,LOCK_SYS_PAGE,1287,20,507
1787550244.035,2026-08-24 05:44:04.036,InnoDB,UNDO_SPACE_RSEG,4170,20,1915
1787550244.035,2026-08-24 05:44:04.036,InnoDB,LOCK_SYS_PAGE,1249,20,529
1787550244.035,2026-08-24 05:44:04.036,InnoDB,UNDO_SPACE_RSEG,4427,20,1863
1787550244.035,2026-08-24 05:44:04.036,InnoDB,LOCK_SYS_PAGE,1287,20,568
1787550244.035,2026-08-24 05:44:04.036,InnoDB,LOCK_SYS_PAGE,1346,20,537
1787550244.035,2026-08-24 05:44:04.036,InnoDB,LOCK_SYS_PAGE,1345,20,579
1787550244.035,2026-08-24 05:44:04.036,InnoDB,LOCK_SYS_PAGE,1153,20,466
1787550244.035,2026-08-24 05:44:04.036,InnoDB,LOCK_SYS_PAGE,1298,20,521
1787550244.035,2026-08-24 05:44:04.036,InnoDB,UNDO_SPACE_RSEG,4311,20,1820
1787550244.035,2026-08-24 05:44:04.036,InnoDB,LOCK_SYS_PAGE,1315,20,568
1787550244.035,2026-08-24 05:44:04.036,InnoDB,UNDO_SPACE_RSEG,4453,20,1885
1787550244.035,2026-08-24 05:44:04.036,InnoDB,LOCK_SYS_PAGE,1201,19,555
1787550244.035,2026-08-24 05:44:04.036,InnoDB,LOCK_SYS_PAGE,1177,19,539
1787550244.035,2026-08-24 05:44:04.036,InnoDB,LOCK_SYS_PAGE,1226,19,565
1787550244.035,2026-08-24 05:44:04.036,InnoDB,LOCK_SYS_PAGE,1220,19,563
1787550244.035,2026-08-24 05:44:04.036,InnoDB,LOCK_SYS_PAGE,1324,19,585
1787550244.035,2026-08-24 05:44:04.036,InnoDB,UNDO_SPACE_RSEG,4472,19,1930
1787550244.035,2026-08-24 05:44:04.036,InnoDB,LOCK_SYS_PAGE,1121,19,495
1787550244.035,2026-08-24 05:44:04.036,InnoDB,UNDO_SPACE_RSEG,4438,19,1878
1787550244.035,2026-08-24 05:44:04.036,InnoDB,LOCK_SYS_PAGE,1173,19,477
1787550244.035,2026-08-24 05:44:04.036,InnoDB,LOCK_SYS_PAGE,1318,19,556
1787550244.035,2026-08-24 05:44:04.036,InnoDB,LOCK_SYS_PAGE,1227,19,516
1787550244.035,2026-08-24 05:44:04.036,InnoDB,LOCK_SYS_PAGE,1209,19,581
1787550244.035,2026-08-24 05:44:04.036,InnoDB,LOCK_SYS_PAGE,1235,19,498
1787550244.035,2026-08-24 05:44:04.036,InnoDB,LOCK_SYS_PAGE,1311,19,600
1787550244.035,2026-08-24 05:44:04.036,InnoDB,LOCK_SYS_PAGE,1126,19,478
1787550244.035,2026-08-24 05:44:04.036,InnoDB,LOCK_SYS_PAGE,1210,19,543
1787550244.035,2026-08-24 05:44:04.036,InnoDB,LOCK_SYS_PAGE,1201,19,535
1787550244.035,2026-08-24 05:44:04.036,InnoDB,LOCK_SYS_PAGE,1307,19,526
1787550244.035,2026-08-24 05:44:04.036,InnoDB,LOCK_SYS_PAGE,1245,19,527
1787550244.035,2026-08-24 05:44:04.036,InnoDB,UNDO_SPACE_RSEG,4448,19,1874
1787550244.035,2026-08-24 05:44:04.036,InnoDB,UNDO_SPACE_RSEG,4365,19,1855
1787550244.035,2026-08-24 05:44:04.036,InnoDB,LOCK_SYS_PAGE,1362,19,558
1787550244.035,2026-08-24 05:44:04.036,InnoDB,LOCK_SYS_PAGE,1210,19,518
1787550244.035,2026-08-24 05:44:04.036,InnoDB,LOCK_SYS_PAGE,1228,19,573
1787550244.035,2026-08-24 05:44:04.036,InnoDB,LOCK_SYS_PAGE,1207,19,525
1787550244.035,2026-08-24 05:44:04.036,InnoDB,LOCK_SYS_PAGE,1271,19,572
1787550244.035,2026-08-24 05:44:04.036,InnoDB,LOCK_SYS_PAGE,1284,19,533
1787550244.035,2026-08-24 05:44:04.036,InnoDB,LOCK_SYS_PAGE,1317,19,607
1787550244.035,2026-08-24 05:44:04.036,InnoDB,UNDO_SPACE_RSEG,4313,19,1892
1787550244.035,2026-08-24 05:44:04.036,InnoDB,LOCK_SYS_PAGE,1239,19,533
1787550244.035,2026-08-24 05:44:04.036,InnoDB,LOCK_SYS_PAGE,1197,19,500
1787550244.035,2026-08-24 05:44:04.036,InnoDB,LOCK_SYS_PAGE,1256,19,509
1787550244.035,2026-08-24 05:44:04.036,InnoDB,LOCK_SYS_PAGE,1220,19,519
1787550244.035,2026-08-24 05:44:04.036,InnoDB,TRX_POOL,626,19,51
1787550244.035,2026-08-24 05:44:04.036,InnoDB,LOCK_SYS_PAGE,1373,19,544
1787550244.035,2026-08-24 05:44:04.036,InnoDB,LOCK_SYS_PAGE,1282,19,564
1787550244.035,2026-08-24 05:44:04.036,InnoDB,LOCK_SYS_PAGE,1204,19,546
1787550244.035,2026-08-24 05:44:04.036,InnoDB,LOCK_SYS_PAGE,1251,19,552
1787550244.035,2026-08-24 05:44:04.036,InnoDB,LOCK_SYS_PAGE,1268,19,540
1787550244.035,2026-08-24 05:44:04.036,InnoDB,LOCK_SYS_PAGE,1322,19,580
1787550244.035,2026-08-24 05:44:04.036,InnoDB,LOCK_SYS_PAGE,1168,19,545
1787550244.035,2026-08-24 05:44:04.036,InnoDB,LOCK_SYS_PAGE,1337,19,599
1787550244.035,2026-08-24 05:44:04.036,InnoDB,LOCK_SYS_PAGE,1249,19,555
1787550244.035,2026-08-24 05:44:04.036,InnoDB,UNDO_SPACE_RSEG,4398,19,1948
1787550244.035,2026-08-24 05:44:04.036,InnoDB,LOCK_SYS_PAGE,1142,19,481
1787550244.035,2026-08-24 05:44:04.036,InnoDB,LOCK_SYS_PAGE,1195,18,498
1787550244.035,2026-08-24 05:44:04.036,InnoDB,LOCK_SYS_PAGE,1179,18,580
1787550244.035,2026-08-24 05:44:04.036,InnoDB,LOCK_SYS_PAGE,1246,18,562
1787550244.035,2026-08-24 05:44:04.036,InnoDB,LOCK_SYS_PAGE,1161,18,502
1787550244.035,2026-08-24 05:44:04.036,InnoDB,LOCK_SYS_PAGE,1200,18,570
1787550244.035,2026-08-24 05:44:04.036,InnoDB,LOCK_SYS_PAGE,1187,18,515
1787550244.035,2026-08-24 05:44:04.036,InnoDB,LOCK_SYS_PAGE,1225,18,516
1787550244.035,2026-08-24 05:44:04.036,InnoDB,LOCK_SYS_PAGE,1213,18,546
1787550244.035,2026-08-24 05:44:04.036,InnoDB,LOCK_SYS_PAGE,1192,18,491
1787550244.035,2026-08-24 05:44:04.036,InnoDB,UNDO_SPACE_RSEG,4393,18,1926
1787550244.035,2026-08-24 05:44:04.036,InnoDB,LOCK_SYS_PAGE,1176,18,539
1787550244.035,2026-08-24 05:44:04.036,InnoDB,LOCK_SYS_PAGE,1208,18,525
1787550244.035,2026-08-24 05:44:04.036,InnoDB,LOCK_SYS_PAGE,1103,18,534
1787550244.035,2026-08-24 05:44:04.036,InnoDB,LOCK_SYS_PAGE,1176,18,488
1787550244.035,2026-08-24 05:44:04.036,InnoDB,UNDO_SPACE_RSEG,4346,18,1895
1787550244.035,2026-08-24 05:44:04.036,InnoDB,LOCK_SYS_PAGE,1288,18,547
1787550244.035,2026-08-24 05:44:04.036,InnoDB,LOCK_SYS_PAGE,1293,18,594
1787550244.035,2026-08-24 05:44:04.036,InnoDB,LOCK_SYS_PAGE,1214,18,575
1787550244.035,2026-08-24 05:44:04.036,InnoDB,LOCK_SYS_PAGE,1172,18,547
1787550244.035,2026-08-24 05:44:04.036,InnoDB,LOCK_SYS_PAGE,1264,18,587
1787550244.035,2026-08-24 05:44:04.036,InnoDB,LOCK_SYS_PAGE,1241,18,557
1787550244.035,2026-08-24 05:44:04.036,InnoDB,LOCK_SYS_PAGE,1192,18,558
1787550244.035,2026-08-24 05:44:04.036,InnoDB,LOCK_SYS_PAGE,1123,18,518
1787550244.035,2026-08-24 05:44:04.036,InnoDB,LOCK_SYS_PAGE,1197,18,474
1787550244.035,2026-08-24 05:44:04.036,InnoDB,LOCK_SYS_PAGE,1108,18,491
1787550244.035,2026-08-24 05:44:04.036,InnoDB,LOCK_SYS_PAGE,1230,18,517
1787550244.035,2026-08-24 05:44:04.036,InnoDB,LOCK_SYS_PAGE,1233,18,539
1787550244.035,2026-08-24 05:44:04.036,InnoDB,UNDO_SPACE_RSEG,4158,18,1816
1787550244.035,2026-08-24 05:44:04.036,InnoDB,LOCK_SYS_PAGE,1113,18,533
1787550244.035,2026-08-24 05:44:04.036,InnoDB,LOCK_SYS_PAGE,1193,18,529
1787550244.035,2026-08-24 05:44:04.036,InnoDB,UNDO_SPACE_RSEG,4220,18,1851
1787550244.035,2026-08-24 05:44:04.036,InnoDB,LOCK_SYS_PAGE,1215,18,549
1787550244.035,2026-08-24 05:44:04.036,InnoDB,LOCK_SYS_PAGE,1192,18,507
1787550244.035,2026-08-24 05:44:04.036,InnoDB,LOCK_SYS_PAGE,1275,18,580
1787550244.035,2026-08-24 05:44:04.036,InnoDB,UNDO_SPACE_RSEG,4396,18,1970
1787550244.035,2026-08-24 05:44:04.036,InnoDB,LOCK_SYS_PAGE,1145,18,497
1787550244.035,2026-08-24 05:44:04.036,InnoDB,LOCK_SYS_PAGE,1301,18,575
1787550244.035,2026-08-24 05:44:04.036,InnoDB,LOCK_SYS_PAGE,1204,18,507
1787550244.035,2026-08-24 05:44:04.036,InnoDB,LOCK_SYS_PAGE,1148,18,561
1787550244.035,2026-08-24 05:44:04.036,InnoDB,LOCK_SYS_PAGE,1136,18,515
1787550244.035,2026-08-24 05:44:04.036,InnoDB,LOCK_SYS_PAGE,1102,18,485
1787550244.035,2026-08-24 05:44:04.036,InnoDB,LOCK_SYS_PAGE,1255,18,548
1787550244.035,2026-08-24 05:44:04.036,InnoDB,LOCK_SYS_PAGE,1276,18,540
1787550244.035,2026-08-24 05:44:04.036,InnoDB,LOCK_SYS_PAGE,1197,17,506
1787550244.035,2026-08-24 05:44:04.036,InnoDB,LOCK_SYS_PAGE,1206,17,520
1787550244.035,2026-08-24 05:44:04.036,InnoDB,UNDO_SPACE_RSEG,4243,17,1813
1787550244.035,2026-08-24 05:44:04.036,InnoDB,LOCK_SYS_PAGE,1160,17,572
1787550244.035,2026-08-24 05:44:04.036,InnoDB,LOCK_SYS_PAGE,1180,17,538
1787550244.035,2026-08-24 05:44:04.036,InnoDB,LOCK_SYS_PAGE,1242,17,559
1787550244.035,2026-08-24 05:44:04.036,InnoDB,LOCK_SYS_PAGE,1245,17,595
1787550244.035,2026-08-24 05:44:04.036,InnoDB,LOCK_SYS_PAGE,1136,17,524
1787550244.035,2026-08-24 05:44:04.036,InnoDB,LOCK_SYS_PAGE,1176,17,510
1787550244.035,2026-08-24 05:44:04.036,InnoDB,LOCK_SYS_PAGE,1247,17,569
1787550244.035,2026-08-24 05:44:04.036,InnoDB,LOCK_SYS_PAGE,1195,17,538
1787550244.035,2026-08-24 05:44:04.036,InnoDB,LOCK_SYS_PAGE,1150,17,560
1787550244.035,2026-08-24 05:44:04.036,InnoDB,LOCK_SYS_PAGE,1128,17,551
1787550244.035,2026-08-24 05:44:04.036,InnoDB,UNDO_SPACE_RSEG,4566,17,1984
1787550244.035,2026-08-24 05:44:04.036,InnoDB,LOCK_SYS_PAGE,1250,17,486
1787550244.035,2026-08-24 05:44:04.036,InnoDB,LOCK_SYS_PAGE,1204,17,564
1787550244.035,2026-08-24 05:44:04.036,InnoDB,LOCK_SYS_PAGE,1271,17,553
1787550244.035,2026-08-24 05:44:04.036,InnoDB,LOCK_SYS_PAGE,1270,17,537
1787550244.035,2026-08-24 05:44:04.036,InnoDB,LOCK_SYS_PAGE,1214,17,533
1787550244.035,2026-08-24 05:44:04.036,InnoDB,LOCK_SYS_PAGE,1141,17,545
1787550244.035,2026-08-24 05:44:04.036,InnoDB,LOCK_SYS_PAGE,1196,17,584
1787550244.035,2026-08-24 05:44:04.036,InnoDB,LOCK_SYS_PAGE,1172,17,543
1787550244.035,2026-08-24 05:44:04.036,InnoDB,LOCK_SYS_PAGE,1248,17,540
1787550244.035,2026-08-24 05:44:04.036,InnoDB,LOCK_SYS_PAGE,1215,17,519
1787550244.035,2026-08-24 05:44:04.036,InnoDB,LOCK_SYS_PAGE,1147,17,525
1787550244.035,2026-08-24 05:44:04.036,InnoDB,LOCK_SYS_PAGE,1197,17,495
1787550244.035,2026-08-24 05:44:04.036,InnoDB,LOCK_SYS_PAGE,1151,17,552
1787550244.035,2026-08-24 05:44:04.036,InnoDB,LOCK_SYS_PAGE,1271,17,616
1787550244.035,2026-08-24 05:44:04.036,InnoDB,LOCK_SYS_PAGE,1129,17,502
1787550244.035,2026-08-24 05:44:04.036,InnoDB,LOCK_SYS_PAGE,1301,17,637
1787550244.035,2026-08-24 05:44:04.036,InnoDB,LOCK_SYS_PAGE,1289,17,573
1787550244.035,2026-08-24 05:44:04.036,InnoDB,LOCK_SYS_PAGE,1158,17,578
1787550244.035,2026-08-24 05:44:04.036,InnoDB,LOCK_SYS_PAGE,1165,17,531
1787550244.035,2026-08-24 05:44:04.036,InnoDB,LOCK_SYS_PAGE,1101,17,498
1787550244.035,2026-08-24 05:44:04.036,InnoDB,LOCK_SYS_PAGE,1189,17,519
1787550244.035,2026-08-24 05:44:04.036,InnoDB,LOCK_SYS_PAGE,1122,17,533
1787550244.035,2026-08-24 05:44:04.036,InnoDB,LOCK_SYS_PAGE,1122,17,520
1787550244.035,2026-08-24 05:44:04.036,InnoDB,LOCK_SYS_PAGE,1286,17,612
1787550244.035,2026-08-24 05:44:04.036,InnoDB,LOCK_SYS_PAGE,1259,17,532
1787550244.035,2026-08-24 05:44:04.036,InnoDB,LOCK_SYS_PAGE,1217,17,600
1787550244.035,2026-08-24 05:44:04.036,InnoDB,LOCK_SYS_PAGE,1105,17,503
1787550244.035,2026-08-24 05:44:04.036,InnoDB,LOCK_SYS_PAGE,1179,17,486
1787550244.035,2026-08-24 05:44:04.036,InnoDB,LOCK_SYS_PAGE,1211,17,519
1787550244.035,2026-08-24 05:44:04.036,InnoDB,LOCK_SYS_PAGE,1219,17,499
1787550244.035,2026-08-24 05:44:04.036,InnoDB,LOCK_SYS_PAGE,1075,16,483
1787550244.035,2026-08-24 05:44:04.036,InnoDB,LOCK_SYS_PAGE,1132,16,503
1787550244.035,2026-08-24 05:44:04.036,InnoDB,UNDO_SPACE_RSEG,4485,16,1987
1787550244.035,2026-08-24 05:44:04.036,InnoDB,LOCK_SYS_PAGE,1192,16,507
1787550244.035,2026-08-24 05:44:04.036,InnoDB,LOCK_SYS_PAGE,1134,16,554
1787550244.035,2026-08-24 05:44:04.036,InnoDB,LOCK_SYS_PAGE,1154,16,505
1787550244.035,2026-08-24 05:44:04.036,InnoDB,LOCK_SYS_PAGE,1116,16,539
1787550244.035,2026-08-24 05:44:04.036,InnoDB,LOCK_SYS_PAGE,1227,16,524
1787550244.035,2026-08-24 05:44:04.036,InnoDB,LOCK_SYS_PAGE,1177,16,583
1787550244.035,2026-08-24 05:44:04.036,InnoDB,LOCK_SYS_PAGE,1131,16,556
1787550244.035,2026-08-24 05:44:04.036,InnoDB,UNDO_SPACE_RSEG,4334,16,1895
1787550244.035,2026-08-24 05:44:04.036,InnoDB,LOCK_SYS_PAGE,1168,16,531
1787550244.035,2026-08-24 05:44:04.036,InnoDB,LOCK_SYS_PAGE,1094,16,519
1787550244.035,2026-08-24 05:44:04.036,InnoDB,LOCK_SYS_PAGE,1061,16,513
1787550244.035,2026-08-24 05:44:04.036,InnoDB,LOCK_SYS_PAGE,1160,16,531
1787550244.035,2026-08-24 05:44:04.036,InnoDB,LOCK_SYS_PAGE,1224,16,551
1787550244.035,2026-08-24 05:44:04.036,InnoDB,LOCK_SYS_PAGE,1096,16,561
1787550244.035,2026-08-24 05:44:04.036,InnoDB,LOCK_SYS_PAGE,1205,16,533
1787550244.035,2026-08-24 05:44:04.036,InnoDB,LOCK_SYS_PAGE,1125,16,525
1787550244.035,2026-08-24 05:44:04.036,InnoDB,LOCK_SYS_PAGE,1199,16,552
1787550244.035,2026-08-24 05:44:04.036,InnoDB,LOCK_SYS_PAGE,1178,16,567
1787550244.035,2026-08-24 05:44:04.036,InnoDB,LOCK_SYS_PAGE,1174,16,554
1787550244.035,2026-08-24 05:44:04.036,InnoDB,LOCK_SYS_PAGE,1222,16,516
1787550244.035,2026-08-24 05:44:04.036,InnoDB,LOCK_SYS_PAGE,1145,16,528
1787550244.035,2026-08-24 05:44:04.036,InnoDB,LOCK_SYS_PAGE,1112,16,499
1787550244.035,2026-08-24 05:44:04.036,InnoDB,LOCK_SYS_PAGE,1147,16,534
1787550244.035,2026-08-24 05:44:04.036,InnoDB,LOCK_SYS_PAGE,1219,16,539
1787550244.035,2026-08-24 05:44:04.036,InnoDB,LOCK_SYS_PAGE,1014,16,516
1787550244.035,2026-08-24 05:44:04.036,InnoDB,LOCK_SYS_PAGE,1189,16,501
1787550244.035,2026-08-24 05:44:04.036,InnoDB,LOCK_SYS_PAGE,1174,16,500
1787550244.035,2026-08-24 05:44:04.036,InnoDB,LOCK_SYS_PAGE,1191,16,524
1787550244.035,2026-08-24 05:44:04.036,InnoDB,LOCK_SYS_PAGE,1206,16,560
1787550244.035,2026-08-24 05:44:04.036,InnoDB,LOCK_SYS_PAGE,1163,16,549
1787550244.035,2026-08-24 05:44:04.036,InnoDB,LOCK_SYS_PAGE,1088,16,516
1787550244.035,2026-08-24 05:44:04.036,InnoDB,LOCK_SYS_PAGE,1130,16,517
1787550244.035,2026-08-24 05:44:04.036,InnoDB,LOCK_SYS_PAGE,1148,16,602
1787550244.035,2026-08-24 05:44:04.036,InnoDB,LOCK_SYS_PAGE,1107,16,481
1787550244.035,2026-08-24 05:44:04.036,InnoDB,LOCK_SYS_PAGE,1121,16,554
1787550244.035,2026-08-24 05:44:04.036,InnoDB,LOCK_SYS_PAGE,1215,16,521
1787550244.035,2026-08-24 05:44:04.036,InnoDB,LOCK_SYS_PAGE,1073,16,437
1787550244.035,2026-08-24 05:44:04.036,InnoDB,LOCK_SYS_PAGE,1142,16,535
1787550244.035,2026-08-24 05:44:04.036,InnoDB,LOCK_SYS_PAGE,1256,16,581
1787550244.035,2026-08-24 05:44:04.036,InnoDB,LOCK_SYS_PAGE,1152,16,494
1787550244.035,2026-08-24 05:44:04.036,InnoDB,LOCK_SYS_PAGE,1172,16,565
1787550244.035,2026-08-24 05:44:04.036,InnoDB,LOCK_SYS_PAGE,1099,16,537
1787550244.035,2026-08-24 05:44:04.036,InnoDB,LOCK_SYS_PAGE,1154,16,575
1787550244.035,2026-08-24 05:44:04.036,InnoDB,LOCK_SYS_PAGE,1152,16,631
1787550244.035,2026-08-24 05:44:04.036,InnoDB,LOCK_SYS_PAGE,1103,15,557
1787550244.035,2026-08-24 05:44:04.036,InnoDB,LOCK_SYS_PAGE,1110,15,552
1787550244.035,2026-08-24 05:44:04.036,InnoDB,LOCK_SYS_PAGE,1127,15,551
1787550244.035,2026-08-24 05:44:04.036,InnoDB,LOCK_SYS_PAGE,1260,15,522
1787550244.035,2026-08-24 05:44:04.036,InnoDB,LOCK_SYS_PAGE,1035,15,503
1787550244.035,2026-08-24 05:44:04.036,InnoDB,LOCK_SYS_PAGE,1120,15,581
1787550244.035,2026-08-24 05:44:04.036,InnoDB,LOCK_SYS_PAGE,1084,15,521
1787550244.035,2026-08-24 05:44:04.036,InnoDB,LOCK_SYS_PAGE,1158,15,556
1787550244.035,2026-08-24 05:44:04.036,InnoDB,LOCK_SYS_PAGE,1135,15,532
1787550244.035,2026-08-24 05:44:04.036,InnoDB,LOCK_SYS_PAGE,1132,15,522
1787550244.035,2026-08-24 05:44:04.036,InnoDB,LOCK_SYS_PAGE,1018,15,518
1787550244.035,2026-08-24 05:44:04.036,InnoDB,LOCK_SYS_PAGE,1086,15,515
1787550244.035,2026-08-24 05:44:04.036,InnoDB,LOCK_SYS_PAGE,1148,15,526
1787550244.035,2026-08-24 05:44:04.036,InnoDB,LOCK_SYS_PAGE,1077,15,540
1787550244.035,2026-08-24 05:44:04.036,InnoDB,LOCK_SYS_PAGE,1031,15,482
1787550244.035,2026-08-24 05:44:04.036,InnoDB,LOCK_SYS_PAGE,1061,15,519
1787550244.035,2026-08-24 05:44:04.036,InnoDB,UNDO_SPACE_RSEG,4205,15,1892
1787550244.035,2026-08-24 05:44:04.036,InnoDB,LOCK_SYS_PAGE,1109,15,552
1787550244.035,2026-08-24 05:44:04.036,InnoDB,LOCK_SYS_PAGE,969,15,431
1787550244.035,2026-08-24 05:44:04.036,InnoDB,LOCK_SYS_PAGE,1175,15,562
1787550244.035,2026-08-24 05:44:04.036,InnoDB,LOCK_SYS_PAGE,1077,15,471
1787550244.035,2026-08-24 05:44:04.036,InnoDB,LOCK_SYS_PAGE,1075,15,510
1787550244.035,2026-08-24 05:44:04.036,InnoDB,LOCK_SYS_PAGE,1150,15,545
1787550244.035,2026-08-24 05:44:04.036,InnoDB,LOCK_SYS_PAGE,1089,15,505
1787550244.035,2026-08-24 05:44:04.036,InnoDB,LOCK_SYS_PAGE,1154,15,539
1787550244.035,2026-08-24 05:44:04.036,InnoDB,LOCK_SYS_PAGE,1131,15,537
1787550244.035,2026-08-24 05:44:04.036,InnoDB,LOCK_SYS_PAGE,1111,15,517
1787550244.035,2026-08-24 05:44:04.036,InnoDB,LOCK_SYS_PAGE,1095,15,484
1787550244.035,2026-08-24 05:44:04.036,InnoDB,LOCK_SYS_PAGE,1072,15,520
1787550244.035,2026-08-24 05:44:04.036,InnoDB,LOCK_SYS_PAGE,1109,15,511
1787550244.035,2026-08-24 05:44:04.036,InnoDB,LOCK_SYS_PAGE,1126,15,561
1787550244.035,2026-08-24 05:44:04.036,InnoDB,LOCK_SYS_PAGE,1039,15,488
1787550244.035,2026-08-24 05:44:04.036,InnoDB,LOCK_SYS_PAGE,1116,15,534
1787550244.035,2026-08-24 05:44:04.036,InnoDB,LOCK_SYS_PAGE,1114,15,566
1787550244.035,2026-08-24 05:44:04.036,InnoDB,LOCK_SYS_PAGE,1080,15,508
1787550244.035,2026-08-24 05:44:04.036,InnoDB,LOCK_SYS_PAGE,1123,15,574
1787550244.035,2026-08-24 05:44:04.036,InnoDB,LOCK_SYS_PAGE,1090,15,510
1787550244.035,2026-08-24 05:44:04.036,InnoDB,LOCK_SYS_PAGE,1144,15,521
1787550244.035,2026-08-24 05:44:04.036,InnoDB,LOCK_SYS_PAGE,1185,15,516
1787550244.035,2026-08-24 05:44:04.036,InnoDB,LOCK_SYS_PAGE,1084,14,493
1787550244.035,2026-08-24 05:44:04.036,InnoDB,LOCK_SYS_PAGE,1017,14,475
1787550244.035,2026-08-24 05:44:04.036,InnoDB,LOCK_SYS_PAGE,1003,14,495
1787550244.035,2026-08-24 05:44:04.036,InnoDB,LOCK_SYS_PAGE,1092,14,560
1787550244.035,2026-08-24 05:44:04.036,InnoDB,LOCK_SYS_PAGE,1021,14,505
1787550244.035,2026-08-24 05:44:04.036,InnoDB,LOCK_SYS_PAGE,915,14,454
1787550244.035,2026-08-24 05:44:04.036,InnoDB,LOCK_SYS_PAGE,971,14,498
1787550244.035,2026-08-24 05:44:04.036,InnoDB,LOCK_SYS_PAGE,1040,14,514
1787550244.035,2026-08-24 05:44:04.036,InnoDB,LOCK_SYS_PAGE,1111,14,580
1787550244.035,2026-08-24 05:44:04.036,InnoDB,LOCK_SYS_PAGE,1140,14,530
1787550244.035,2026-08-24 05:44:04.036,InnoDB,LOCK_SYS_PAGE,1067,14,538
1787550244.035,2026-08-24 05:44:04.036,InnoDB,LOCK_SYS_PAGE,1129,14,539
1787550244.035,2026-08-24 05:44:04.036,InnoDB,LOCK_SYS_PAGE,1068,14,553
1787550244.035,2026-08-24 05:44:04.036,InnoDB,LOCK_SYS_PAGE,1010,14,516
1787550244.035,2026-08-24 05:44:04.036,InnoDB,LOCK_SYS_PAGE,1116,14,533
1787550244.035,2026-08-24 05:44:04.036,InnoDB,LOCK_SYS_PAGE,1080,14,544
1787550244.035,2026-08-24 05:44:04.036,InnoDB,LOCK_SYS_PAGE,1089,14,529
1787550244.035,2026-08-24 05:44:04.036,InnoDB,LOCK_SYS_PAGE,1045,14,509
1787550244.035,2026-08-24 05:44:04.036,InnoDB,LOCK_SYS_PAGE,1108,14,520
1787550244.035,2026-08-24 05:44:04.036,InnoDB,LOCK_SYS_PAGE,1057,14,518
1787550244.035,2026-08-24 05:44:04.036,InnoDB,LOCK_SYS_PAGE,1180,14,594
1787550244.035,2026-08-24 05:44:04.036,InnoDB,LOCK_SYS_PAGE,1058,14,532
1787550244.035,2026-08-24 05:44:04.036,InnoDB,LOCK_SYS_PAGE,1099,14,546
1787550244.035,2026-08-24 05:44:04.036,InnoDB,LOCK_SYS_PAGE,1087,14,567
1787550244.035,2026-08-24 05:44:04.036,InnoDB,LOCK_SYS_PAGE,1132,14,559
1787550244.035,2026-08-24 05:44:04.036,InnoDB,LOCK_SYS_PAGE,1216,14,592
1787550244.035,2026-08-24 05:44:04.036,InnoDB,LOCK_SYS_PAGE,1018,14,470
1787550244.035,2026-08-24 05:44:04.036,InnoDB,LOCK_SYS_PAGE,1060,14,518
1787550244.035,2026-08-24 05:44:04.036,InnoDB,LOCK_SYS_PAGE,1061,14,522
1787550244.035,2026-08-24 05:44:04.036,InnoDB,LOCK_SYS_PAGE,1200,14,581
1787550244.035,2026-08-24 05:44:04.036,InnoDB,LOCK_SYS_PAGE,1074,14,558
1787550244.035,2026-08-24 05:44:04.036,InnoDB,LOCK_SYS_PAGE,1008,14,513
1787550244.035,2026-08-24 05:44:04.036,InnoDB,LOCK_SYS_PAGE,1014,14,479
1787550244.035,2026-08-24 05:44:04.036,InnoDB,LOCK_SYS_PAGE,1135,14,508
1787550244.035,2026-08-24 05:44:04.036,InnoDB,LOCK_SYS_PAGE,1114,14,551
1787550244.035,2026-08-24 05:44:04.036,InnoDB,LOCK_SYS_PAGE,1178,14,563
1787550244.035,2026-08-24 05:44:04.036,InnoDB,LOCK_SYS_PAGE,1119,14,582
1787550244.035,2026-08-24 05:44:04.036,InnoDB,LOCK_SYS_PAGE,1009,14,487
1787550244.035,2026-08-24 05:44:04.036,InnoDB,LOCK_SYS_PAGE,922,14,495
1787550244.035,2026-08-24 05:44:04.036,InnoDB,LOCK_SYS_PAGE,1005,14,535
1787550244.035,2026-08-24 05:44:04.036,InnoDB,LOCK_SYS_PAGE,1020,14,532
1787550244.035,2026-08-24 05:44:04.036,InnoDB,LOCK_SYS_PAGE,1090,14,561
1787550244.035,2026-08-24 05:44:04.036,InnoDB,LOCK_SYS_PAGE,1014,14,545
1787550244.035,2026-08-24 05:44:04.036,InnoDB,LOCK_SYS_PAGE,1075,14,564
1787550244.035,2026-08-24 05:44:04.036,InnoDB,LOCK_SYS_PAGE,997,13,560
1787550244.035,2026-08-24 05:44:04.036,InnoDB,LOCK_SYS_PAGE,1135,13,573
1787550244.035,2026-08-24 05:44:04.036,InnoDB,LOCK_SYS_PAGE,1051,13,471
1787550244.035,2026-08-24 05:44:04.036,InnoDB,LOCK_SYS_PAGE,938,13,465
1787550244.035,2026-08-24 05:44:04.036,InnoDB,LOCK_SYS_PAGE,1164,13,529
1787550244.035,2026-08-24 05:44:04.036,InnoDB,LOCK_SYS_PAGE,978,13,506
1787550244.035,2026-08-24 05:44:04.036,InnoDB,LOCK_SYS_PAGE,1132,13,541
1787550244.035,2026-08-24 05:44:04.036,InnoDB,LOCK_SYS_PAGE,991,13,494
1787550244.035,2026-08-24 05:44:04.036,InnoDB,LOCK_SYS_PAGE,1086,13,576
1787550244.035,2026-08-24 05:44:04.036,InnoDB,LOCK_SYS_PAGE,987,13,496
1787550244.035,2026-08-24 05:44:04.036,InnoDB,LOCK_SYS_PAGE,1044,13,515
1787550244.035,2026-08-24 05:44:04.036,InnoDB,LOCK_SYS_PAGE,1030,13,601
1787550244.035,2026-08-24 05:44:04.036,InnoDB,LOCK_SYS_PAGE,1048,13,556
1787550244.035,2026-08-24 05:44:04.036,InnoDB,LOCK_SYS_PAGE,1023,13,493
1787550244.035,2026-08-24 05:44:04.036,InnoDB,LOCK_SYS_PAGE,1011,13,515
1787550244.035,2026-08-24 05:44:04.036,InnoDB,LOCK_SYS_PAGE,1139,13,530
1787550244.035,2026-08-24 05:44:04.036,InnoDB,LOCK_SYS_PAGE,1045,13,510
1787550244.035,2026-08-24 05:44:04.036,InnoDB,LOCK_SYS_PAGE,1012,13,507
1787550244.035,2026-08-24 05:44:04.036,InnoDB,LOCK_SYS_PAGE,1065,13,552
1787550244.035,2026-08-24 05:44:04.036,InnoDB,LOCK_SYS_PAGE,1088,13,565
1787550244.035,2026-08-24 05:44:04.036,InnoDB,LOCK_SYS_PAGE,960,13,463
1787550244.035,2026-08-24 05:44:04.036,InnoDB,LOCK_SYS_PAGE,1066,13,551
1787550244.035,2026-08-24 05:44:04.036,InnoDB,LOCK_SYS_PAGE,1057,13,564
1787550244.035,2026-08-24 05:44:04.036,InnoDB,LOCK_SYS_PAGE,993,12,555
1787550244.035,2026-08-24 05:44:04.036,InnoDB,LOCK_SYS_PAGE,1137,12,532
1787550244.035,2026-08-24 05:44:04.036,InnoDB,LOCK_SYS_PAGE,1041,12,494
1787550244.035,2026-08-24 05:44:04.036,InnoDB,LOCK_SYS_PAGE,1099,12,503
1787550244.035,2026-08-24 05:44:04.036,InnoDB,LOCK_SYS_PAGE,1069,12,546
1787550244.035,2026-08-24 05:44:04.036,InnoDB,LOCK_SYS_PAGE,914,12,441
1787550244.035,2026-08-24 05:44:04.036,InnoDB,LOCK_SYS_PAGE,1120,12,513
1787550244.035,2026-08-24 05:44:04.036,InnoDB,LOCK_SYS_PAGE,1011,12,548
1787550244.035,2026-08-24 05:44:04.036,InnoDB,LOCK_SYS_PAGE,1070,12,540
1787550244.035,2026-08-24 05:44:04.036,InnoDB,LOCK_SYS_PAGE,1017,12,556
1787550244.035,2026-08-24 05:44:04.036,InnoDB,LOCK_SYS_PAGE,1013,12,548
1787550244.035,2026-08-24 05:44:04.036,InnoDB,LOCK_SYS_PAGE,940,12,484
1787550244.035,2026-08-24 05:44:04.036,InnoDB,LOCK_SYS_PAGE,962,12,477
1787550244.035,2026-08-24 05:44:04.036,InnoDB,LOCK_SYS_PAGE,1032,12,545
1787550244.035,2026-08-24 05:44:04.036,InnoDB,LOCK_SYS_PAGE,976,12,484
1787550244.035,2026-08-24 05:44:04.036,InnoDB,LOCK_SYS_PAGE,908,12,501
1787550244.035,2026-08-24 05:44:04.036,InnoDB,LOCK_SYS_PAGE,1052,12,573
1787550244.035,2026-08-24 05:44:04.036,InnoDB,LOCK_SYS_PAGE,1030,12,541
1787550244.035,2026-08-24 05:44:04.036,InnoDB,LOCK_SYS_PAGE,986,12,479
1787550244.035,2026-08-24 05:44:04.036,InnoDB,LOCK_SYS_PAGE,980,12,509
1787550244.035,2026-08-24 05:44:04.036,InnoDB,LOCK_SYS_PAGE,951,12,515
1787550244.035,2026-08-24 05:44:04.036,InnoDB,LOCK_SYS_PAGE,986,12,519
1787550244.035,2026-08-24 05:44:04.036,InnoDB,LOCK_SYS_PAGE,1016,12,506
1787550244.035,2026-08-24 05:44:04.036,InnoDB,LOCK_SYS_PAGE,1065,12,529
1787550244.035,2026-08-24 05:44:04.036,InnoDB,LOCK_SYS_PAGE,1071,12,576
1787550244.035,2026-08-24 05:44:04.036,InnoDB,LOCK_SYS_PAGE,921,11,550
1787550244.035,2026-08-24 05:44:04.036,InnoDB,UNDO_SPACE_RSEG,4304,11,1909
1787550244.035,2026-08-24 05:44:04.036,InnoDB,LOCK_SYS_PAGE,905,11,513
1787550244.035,2026-08-24 05:44:04.036,InnoDB,LOCK_SYS_PAGE,969,11,541
1787550244.035,2026-08-24 05:44:04.036,InnoDB,LOCK_SYS_PAGE,970,11,513
1787550244.035,2026-08-24 05:44:04.036,InnoDB,LOCK_SYS_PAGE,1011,11,539
1787550244.035,2026-08-24 05:44:04.036,InnoDB,LOCK_SYS_PAGE,1002,11,577
1787550244.035,2026-08-24 05:44:04.036,InnoDB,LOCK_SYS_PAGE,907,11,500
1787550244.035,2026-08-24 05:44:04.036,InnoDB,LOCK_SYS_PAGE,923,11,516
1787550244.035,2026-08-24 05:44:04.036,InnoDB,LOCK_SYS_PAGE,1025,11,569
1787550244.035,2026-08-24 05:44:04.036,InnoDB,LOCK_SYS_PAGE,1008,11,509
1787550244.035,2026-08-24 05:44:04.036,InnoDB,LOCK_SYS_PAGE,940,11,520
1787550244.035,2026-08-24 05:44:04.036,InnoDB,LOCK_SYS_PAGE,986,11,497
1787550244.035,2026-08-24 05:44:04.036,InnoDB,LOCK_SYS_PAGE,959,11,524
1787550244.035,2026-08-24 05:44:04.036,InnoDB,LOCK_SYS_PAGE,1136,10,621
1787550244.035,2026-08-24 05:44:04.036,InnoDB,LOCK_SYS_PAGE,948,10,550
1787550244.035,2026-08-24 05:44:04.036,InnoDB,LOCK_SYS_PAGE,1020,10,535
1787550244.035,2026-08-24 05:44:04.036,InnoDB,DICT_TABLE_STATS_COMPUTE,300,10,4
1787550244.035,2026-08-24 05:44:04.036,InnoDB,LOCK_SYS_PAGE,971,10,561
1787550244.035,2026-08-24 05:44:04.036,InnoDB,LOCK_SYS_PAGE,975,10,540
1787550244.035,2026-08-24 05:44:04.036,InnoDB,LOCK_SYS_PAGE,1005,10,547
1787550244.035,2026-08-24 05:44:04.036,InnoDB,LOCK_SYS_PAGE,965,10,559
1787550244.035,2026-08-24 05:44:04.036,InnoDB,LOCK_SYS_PAGE,1040,10,589
1787550244.035,2026-08-24 05:44:04.036,InnoDB,LOCK_SYS_PAGE,922,10,524
1787550244.035,2026-08-24 05:44:04.036,InnoDB,LOCK_SYS_PAGE,1088,10,590
1787550244.035,2026-08-24 05:44:04.036,InnoDB,LOCK_SYS_PAGE,1046,10,611
1787550244.035,2026-08-24 05:44:04.036,InnoDB,LOCK_SYS_PAGE,921,9,522
1787550244.035,2026-08-24 05:44:04.036,InnoDB,LOCK_SYS_PAGE,962,9,542
1787550244.035,2026-08-24 05:44:04.036,InnoDB,LOCK_SYS_PAGE,889,9,479
1787550244.035,2026-08-24 05:44:04.036,InnoDB,LOCK_SYS_PAGE,1006,9,526
1787550244.035,2026-08-24 05:44:04.036,InnoDB,LOCK_SYS_PAGE,962,9,547
1787550244.035,2026-08-24 05:44:04.036,InnoDB,LOCK_SYS_PAGE,802,8,497
1787550244.035,2026-08-24 05:44:04.036,InnoDB,LOCK_SYS_PAGE,930,8,556
1787550244.035,2026-08-24 05:44:04.036,InnoDB,LOCK_SYS_PAGE,831,8,521
1787550244.035,2026-08-24 05:44:04.036,InnoDB,LOCK_SYS_PAGE,834,8,528
1787550244.035,2026-08-24 05:44:04.036,InnoDB,LOCK_SYS_PAGE,892,7,584
1787550244.035,2026-08-24 05:44:04.036,InnoDB,LOCK_SYS_PAGE,851,7,528
1787550244.035,2026-08-24 05:44:04.036,InnoDB,LOCK_SYS_WAIT,234,7,9
1787550244.035,2026-08-24 05:44:04.036,InnoDB,PARSER,242,6,6
1787550244.035,2026-08-24 05:44:04.036,InnoDB,FIL_SHARD,203,4,71
1787550244.035,2026-08-24 05:44:04.036,InnoDB,FIL_SHARD,156,3,73
1787550244.035,2026-08-24 05:44:04.036,InnoDB,FIL_SHARD,246,3,177
1787550244.035,2026-08-24 05:44:04.036,InnoDB,FIL_SHARD,100,2,24
1787550244.035,2026-08-24 05:44:04.036,InnoDB,FIL_SHARD,90,2,36
1787550244.035,2026-08-24 05:44:04.036,InnoDB,FIL_SHARD,132,2,93
1787550244.035,2026-08-24 05:44:04.036,InnoDB,FIL_SHARD,87,2,33
1787550244.035,2026-08-24 05:44:04.036,InnoDB,FIL_SHARD,119,2,58
1787550244.035,2026-08-24 05:44:04.036,InnoDB,FIL_SHARD,178,2,134
1787550244.035,2026-08-24 05:44:04.036,InnoDB,FIL_SHARD,136,2,49
1787550244.035,2026-08-24 05:44:04.036,InnoDB,FIL_SHARD,107,1,107
1787550244.035,2026-08-24 05:44:04.036,InnoDB,FIL_SHARD,49,1,29
1787550244.035,2026-08-24 05:44:04.036,InnoDB,TRX_SYS_SHARD,35,1,2
1787550244.035,2026-08-24 05:44:04.036,InnoDB,TRX_SYS_SHARD,30,1,1
1787550244.035,2026-08-24 05:44:04.036,InnoDB,TRX_SYS_SHARD,34,1,1
1787550244.035,2026-08-24 05:44:04.036,InnoDB,TRX_SYS_SHARD,34,1,1
1787550244.035,2026-08-24 05:44:04.036,InnoDB,FIL_SHARD,82,1,78
1787550244.035,2026-08-24 05:44:04.036,InnoDB,FIL_SHARD,98,1,84
1787550244.035,2026-08-24 05:44:04.036,InnoDB,TRX_SYS_SHARD,30,1,1
1787550244.035,2026-08-24 05:44:04.036,InnoDB,FIL_SHARD,65,1,51
1787550244.035,2026-08-24 05:44:04.036,InnoDB,FIL_SHARD,119,1,72
1787550244.035,2026-08-24 05:44:04.036,InnoDB,TRX_SYS_SHARD,30,1,1
1787550244.035,2026-08-24 05:44:04.036,InnoDB,FIL_SHARD,112,1,82
1787550244.035,2026-08-24 05:44:04.036,InnoDB,TRX_SYS_SHARD,34,1,1
1787550244.035,2026-08-24 05:44:04.036,InnoDB,TRX_SYS_SHARD,34,1,1
1787550244.035,2026-08-24 05:44:04.036,InnoDB,TRX_SYS_SHARD,2,0,1
1787550244.035,2026-08-24 05:44:04.036,InnoDB,TRX_SYS_SHARD,2,0,2
1787550244.035,2026-08-24 05:44:04.036,InnoDB,TRX_SYS_SHARD,1,0,1
1787550244.035,2026-08-24 05:44:04.036,InnoDB,TRX_SYS_SHARD,2,0,1
1787550244.035,2026-08-24 05:44:04.036,InnoDB,TRX_SYS_SHARD,1,0,1
1787550244.035,2026-08-24 05:44:04.036,InnoDB,TRX_SYS_SHARD,2,0,2
1787550244.035,2026-08-24 05:44:04.036,InnoDB,TRX_SYS_SHARD,1,0,1
1787550244.035,2026-08-24 05:44:04.036,InnoDB,TRX_SYS_SHARD,1,0,1
1787550244.035,2026-08-24 05:44:04.036,InnoDB,TRX_SYS_SHARD,1,0,1
1787550244.035,2026-08-24 05:44:04.036,InnoDB,TRX_SYS_SHARD,1,0,1
1787550244.035,2026-08-24 05:44:04.036,InnoDB,TRX_SYS_SHARD,1,0,1
1787550244.035,2026-08-24 05:44:04.036,InnoDB,TRX_SYS_SHARD,1,0,1
1787550244.035,2026-08-24 05:44:04.036,InnoDB,TRX_SYS_SHARD,1,0,1
1787550244.035,2026-08-24 05:44:04.036,InnoDB,TRX_SYS_SHARD,2,0,1
1787550244.035,2026-08-24 05:44:04.036,InnoDB,TRX_SYS_SHARD,2,0,1
1787550244.035,2026-08-24 05:44:04.036,InnoDB,TRX_SYS_SHARD,20,0,1
1787550244.035,2026-08-24 05:44:04.036,InnoDB,TRX_SYS_SHARD,1,0,1
1787550244.035,2026-08-24 05:44:04.036,InnoDB,TRX_SYS_SHARD,1,0,1
1787550244.035,2026-08-24 05:44:04.036,InnoDB,TRX_SYS_SHARD,2,0,1
1787550244.035,2026-08-24 05:44:04.036,InnoDB,TRX_SYS_SHARD,4,0,2
1787550244.035,2026-08-24 05:44:04.036,InnoDB,TRX_SYS_SHARD,2,0,2
1787550244.035,2026-08-24 05:44:04.036,InnoDB,TRX_SYS_SHARD,2,0,2
1787550244.035,2026-08-24 05:44:04.036,InnoDB,TRX_SYS_SHARD,1,0,1
1787550244.035,2026-08-24 05:44:04.036,InnoDB,TRX_SYS_SHARD,1,0,1
1787550244.035,2026-08-24 05:44:04.036,InnoDB,TRX_SYS_SHARD,1,0,1
1787550244.035,2026-08-24 05:44:04.036,InnoDB,AUTOINC,6,0,2
1787550244.035,2026-08-24 05:44:04.036,InnoDB,TRX_SYS_SHARD,1,0,1
1787550244.035,2026-08-24 05:44:04.036,InnoDB,TRX_SYS_SHARD,1,0,1
1787550244.035,2026-08-24 05:44:04.036,InnoDB,FIL_SHARD,347,0,404
1787550244.035,2026-08-24 05:44:04.036,InnoDB,TRX_SYS_SHARD,1,0,1
1787550244.035,2026-08-24 05:44:04.036,InnoDB,TRX_SYS_SHARD,1,0,1
1787550244.035,2026-08-24 05:44:04.036,InnoDB,TRX_SYS_SHARD,1,0,1
1787550244.035,2026-08-24 05:44:04.036,InnoDB,TRX_SYS_SHARD,1,0,1
1787550244.035,2026-08-24 05:44:04.036,InnoDB,TRX_SYS_SHARD,1,0,2
1787550244.035,2026-08-24 05:44:04.036,InnoDB,TRX_SYS_SHARD,2,0,1
1787550244.035,2026-08-24 05:44:04.036,InnoDB,TRX_SYS_SHARD,1,0,1
1787550244.035,2026-08-24 05:44:04.036,InnoDB,TRX_SYS_SHARD,2,0,2
1787550244.035,2026-08-24 05:44:04.036,InnoDB,TRX_SYS_SHARD,3,0,2
1787550244.035,2026-08-24 05:44:04.036,InnoDB,TRX_SYS_SHARD,5,0,2
1787550244.035,2026-08-24 05:44:04.036,InnoDB,TRX_SYS_SHARD,1,0,1
1787550244.035,2026-08-24 05:44:04.036,InnoDB,TRX_SYS_SHARD,1,0,1
1787550244.035,2026-08-24 05:44:04.036,InnoDB,TRX_SYS_SHARD,1,0,1
1787550244.035,2026-08-24 05:44:04.036,InnoDB,TRX_SYS_SHARD,1,0,1
1787550244.035,2026-08-24 05:44:04.036,InnoDB,TRX_SYS_SHARD,1,0,1
1787550244.035,2026-08-24 05:44:04.036,InnoDB,TRX_SYS_SHARD,2,0,1
1787550244.035,2026-08-24 05:44:04.036,InnoDB,TRX_SYS_SHARD,1,0,1
1787550244.035,2026-08-24 05:44:04.036,InnoDB,TRX_SYS_SHARD,5,0,3
1787550244.035,2026-08-24 05:44:04.036,InnoDB,TRX_SYS_SHARD,1,0,1
1787550244.035,2026-08-24 05:44:04.036,InnoDB,TRX_SYS_SHARD,1,0,1
1787550244.035,2026-08-24 05:44:04.036,InnoDB,TRX_SYS_SHARD,2,0,1
1787550244.035,2026-08-24 05:44:04.036,InnoDB,TRX_SYS_SHARD,2,0,2
1787550244.035,2026-08-24 05:44:04.036,InnoDB,DICT_TABLE,1,0,1
1787550244.035,2026-08-24 05:44:04.036,InnoDB,TRX_SYS_SHARD,1,0,1
1787550244.035,2026-08-24 05:44:04.036,InnoDB,TRX_SYS_SHARD,1,0,1
1787550244.035,2026-08-24 05:44:04.036,InnoDB,TRX_SYS_SHARD,2,0,1
1787550244.035,2026-08-24 05:44:04.036,InnoDB,TRX_SYS_SHARD,1,0,1
1787550244.035,2026-08-24 05:44:04.036,InnoDB,TRX_SYS_SHARD,1,0,1
1787550244.035,2026-08-24 05:44:04.036,InnoDB,TRX_SYS_SHARD,1,0,1
1787550244.035,2026-08-24 05:44:04.036,InnoDB,TRX_SYS_SHARD,2,0,1
1787550244.035,2026-08-24 05:44:04.036,InnoDB,TRX_SYS_SHARD,1,0,1
1787550244.035,2026-08-24 05:44:04.036,InnoDB,FIL_SHARD,115,0,150
1787550244.035,2026-08-24 05:44:04.036,InnoDB,FIL_SHARD,12,0,19
1787550244.035,2026-08-24 05:44:04.036,InnoDB,FIL_SHARD,22,0,40
1787550244.035,2026-08-24 05:44:04.036,InnoDB,FIL_SHARD,22,0,34
1787550244.035,2026-08-24 05:44:04.036,InnoDB,FIL_SHARD,68,0,85
1787550244.035,2026-08-24 05:44:04.036,InnoDB,FIL_SHARD,32,0,59
1787550244.035,2026-08-24 05:44:04.036,InnoDB,FIL_SHARD,29,0,42
1787550244.035,2026-08-24 05:44:04.036,InnoDB,FIL_SHARD,32,0,48
1787550244.035,2026-08-24 05:44:04.036,InnoDB,FIL_SHARD,41,0,64
1787550244.035,2026-08-24 05:44:04.036,InnoDB,LOG_LIMITS,217,0,150
1787550244.035,2026-08-24 05:44:04.036,InnoDB,FIL_SHARD,79,0,95
1787550244.035,2026-08-24 05:44:04.036,InnoDB,PERSIST_AUTOINC,5,0,1
1787550244.035,2026-08-24 05:44:04.036,InnoDB,FIL_SHARD,64,0,81
1787550244.035,2026-08-24 05:44:04.036,InnoDB,RECALC_POOL,11,0,10
1787550244.035,2026-08-24 05:44:04.036,InnoDB,RW_LOCK_LIST,1,0,1
1787550244.035,2026-08-24 05:44:04.036,InnoDB,TRX_POOL_MANAGER,6,0,3
1787550244.035,2026-08-24 05:44:04.036,InnoDB,TRX,3,0,1
1787550244.035,2026-08-24 05:44:04.036,InnoDB,FIL_SHARD,33,0,49
1787550244.035,2026-08-24 05:44:04.036,InnoDB,FIL_SHARD,75,0,54
1787550244.035,2026-08-24 05:44:04.036,InnoDB,FIL_SHARD,28,0,45
1787550244.035,2026-08-24 05:44:04.036,InnoDB,FIL_SHARD,11,0,18
1787550244.035,2026-08-24 05:44:04.036,InnoDB,FIL_SHARD,20,0,26
1787550244.035,2026-08-24 05:44:04.036,InnoDB,FIL_SHARD,46,0,64
1787550244.035,2026-08-24 05:44:04.036,InnoDB,FIL_SHARD,26,0,41
1787550244.035,2026-08-24 05:44:04.036,InnoDB,FIL_SHARD,20,0,32
1787550244.035,2026-08-24 05:44:04.036,InnoDB,FIL_SHARD,34,0,33
1787550244.035,2026-08-24 05:44:04.036,InnoDB,TRX,1,0,1
1787550244.035,2026-08-24 05:44:04.036,InnoDB,FIL_SHARD,20,0,25
1787550244.035,2026-08-24 05:44:04.036,InnoDB,FIL_SHARD,27,0,55
1787550244.035,2026-08-24 05:44:04.036,InnoDB,FIL_SHARD,29,0,27
1787550244.035,2026-08-24 05:44:04.036,InnoDB,FIL_SHARD,37,0,50
1787550244.035,2026-08-24 05:44:04.036,InnoDB,FIL_SHARD,40,0,42
1787550244.035,2026-08-24 05:44:04.036,InnoDB,FIL_SHARD,48,0,85
1787550244.035,2026-08-24 05:44:04.036,InnoDB,FIL_SHARD,44,0,36
1787550244.035,2026-08-24 05:44:04.036,InnoDB,TRX_SYS_SHARD,12,0,3
1787550244.035,2026-08-24 05:44:04.036,InnoDB,TRX_SYS_SHARD,14,0,1
1787550244.035,2026-08-24 05:44:04.036,InnoDB,TRX_SYS_SHARD,1,0,1
1787550244.035,2026-08-24 05:44:04.036,InnoDB,TRX_SYS_SHARD,3,0,3
1787550244.035,2026-08-24 05:44:04.036,InnoDB,TRX_SYS_SHARD,2,0,2
1787550244.035,2026-08-24 05:44:04.036,InnoDB,TRX_SYS_SHARD,1,0,1
1787550244.035,2026-08-24 05:44:04.036,InnoDB,TRX_SYS_SHARD,1,0,1
1787550244.035,2026-08-24 05:44:04.036,InnoDB,TRX_SYS_SHARD,1,0,1
1787550244.035,2026-08-24 05:44:04.036,InnoDB,TRX_SYS_SHARD,22,0,1
1787550244.035,2026-08-24 05:44:04.036,InnoDB,TRX_SYS_SHARD,1,0,1
1787550244.035,2026-08-24 05:44:04.036,InnoDB,TRX_SYS_SHARD,1,0,1
1787550244.035,2026-08-24 05:44:04.036,InnoDB,TRX_SYS_SHARD,1,0,1
1787550244.035,2026-08-24 05:44:04.036,InnoDB,TRX_SYS_SHARD,26,0,1
1787550244.035,2026-08-24 05:44:04.036,InnoDB,TRX_SYS_SHARD,1,0,1
1787550244.035,2026-08-24 05:44:04.036,InnoDB,TRX_SYS_SHARD,1,0,1
1787550244.035,2026-08-24 05:44:04.036,InnoDB,TRX_SYS_SHARD,2,0,2
1787550244.035,2026-08-24 05:44:04.036,InnoDB,TRX_SYS_SHARD,1,0,1
1787550244.035,2026-08-24 05:44:04.036,InnoDB,TRX_SYS_SHARD,1,0,1
1787550244.035,2026-08-24 05:44:04.036,InnoDB,FIL_SHARD,147,0,166
1787550244.035,2026-08-24 05:44:04.036,InnoDB,TRX_SYS_SHARD,2,0,2
1787550244.035,2026-08-24 05:44:04.036,InnoDB,TRX_SYS_SHARD,1,0,1
1787550244.035,2026-08-24 05:44:04.036,InnoDB,TRX_SYS_SHARD,2,0,1
1787550244.035,2026-08-24 05:44:04.036,InnoDB,TRX_SYS_SHARD,1,0,1
1787550244.035,2026-08-24 05:44:04.036,InnoDB,TRX_SYS_SHARD,1,0,1
1787550244.035,2026-08-24 05:44:04.036,InnoDB,TRX_SYS_SHARD,1,0,1
1787550244.035,2026-08-24 05:44:04.036,InnoDB,TRX_SYS_SHARD,1,0,2
1787550244.035,2026-08-24 05:44:04.036,InnoDB,TRX_SYS_SHARD,1,0,1
1787550244.035,2026-08-24 05:44:04.036,InnoDB,TRX_SYS_SHARD,2,0,1
1787550244.035,2026-08-24 05:44:04.036,InnoDB,TRX_SYS_SHARD,1,0,1
1787550244.035,2026-08-24 05:44:04.036,InnoDB,TRX_SYS_SHARD,1,0,1
1787550244.035,2026-08-24 05:44:04.036,InnoDB,TRX_SYS_SHARD,2,0,1
1787550244.035,2026-08-24 05:44:04.036,InnoDB,TRX_SYS_SHARD,1,0,1
1787550244.035,2026-08-24 05:44:04.036,InnoDB,TRX_SYS_SHARD,1,0,1
1787550244.035,2026-08-24 05:44:04.036,InnoDB,TRX_SYS_SHARD,1,0,1
1787550244.035,2026-08-24 05:44:04.036,InnoDB,rwlock: dict0dict.cc:2631,,16747,
1787550244.035,2026-08-24 05:44:04.036,InnoDB,rwlock: dict0dict.cc:2631,,17413,
1787550244.035,2026-08-24 05:44:04.036,InnoDB,rwlock: dict0dict.cc:2631,,17041,
1787550244.035,2026-08-24 05:44:04.036,InnoDB,rwlock: dict0dict.cc:2631,,16816,
1787550244.035,2026-08-24 05:44:04.036,InnoDB,rwlock: dict0dict.cc:2631,,16969,
1787550244.035,2026-08-24 05:44:04.036,InnoDB,rwlock: dict0dict.cc:2631,,17046,
1787550244.035,2026-08-24 05:44:04.036,InnoDB,rwlock: dict0dict.cc:2631,,16517,
1787550244.035,2026-08-24 05:44:04.036,InnoDB,rwlock: dict0dict.cc:2631,,17007,
1787550244.035,2026-08-24 05:44:04.036,InnoDB,rwlock: dict0dict.cc:2631,,16890,
1787550244.035,2026-08-24 05:44:04.036,InnoDB,rwlock: dict0dict.cc:2631,,16630,
1787550244.035,2026-08-24 05:44:04.036,InnoDB,rwlock: dict0dict.cc:2631,,16912,
1787550244.035,2026-08-24 05:44:04.036,InnoDB,rwlock: dict0dict.cc:2631,,17053,
1787550244.035,2026-08-24 05:44:04.036,InnoDB,rwlock: dict0dict.cc:2631,,16702,
1787550244.035,2026-08-24 05:44:04.036,InnoDB,rwlock: dict0dict.cc:2631,,17011,
1787550244.035,2026-08-24 05:44:04.036,InnoDB,rwlock: dict0dict.cc:2631,,16820,
1787550244.035,2026-08-24 05:44:04.036,InnoDB,rwlock: dict0dict.cc:2631,,16183,
1787550244.035,2026-08-24 05:44:04.036,InnoDB,rwlock: dict0dict.cc:2631,,16726,
1787550244.035,2026-08-24 05:44:04.036,InnoDB,rwlock: dict0dict.cc:2631,,16503,
1787550244.035,2026-08-24 05:44:04.036,InnoDB,rwlock: dict0dict.cc:2631,,16348,
1787550244.035,2026-08-24 05:44:04.036,InnoDB,rwlock: dict0dict.cc:2631,,15355,
1787550244.035,2026-08-24 05:44:04.036,InnoDB,rwlock: dict0dict.cc:2631,,1,
1787550244.035,2026-08-24 05:44:04.036,InnoDB,rwlock: fil0fil.cc:10242,,1,
1787550244.035,2026-08-24 05:44:04.036,InnoDB,rwlock: dict0dict.cc:2631,,2,
1787550244.035,2026-08-24 05:44:04.036,InnoDB,rwlock: dict0dict.cc:2631,,1,
1787550244.035,2026-08-24 05:44:04.036,InnoDB,rwlock: dict0dict.cc:2631,,2,
1787550244.035,2026-08-24 05:44:04.036,InnoDB,rwlock: dict0dict.cc:2631,,1,
1787550244.035,2026-08-24 05:44:04.036,InnoDB,rwlock: dict0dict.cc:2631,,2,
1787550244.035,2026-08-24 05:44:04.036,InnoDB,rwlock: dict0dict.cc:2631,,1,
1787550244.035,2026-08-24 05:44:04.036,InnoDB,rwlock: dict0dict.cc:2631,,2,
1787550244.035,2026-08-24 05:44:04.036,InnoDB,rwlock: dict0dict.cc:2631,,1,
1787550244.035,2026-08-24 05:44:04.036,InnoDB,rwlock: dict0dict.cc:2631,,1,
1787550244.035,2026-08-24 05:44:04.036,InnoDB,rwlock: dict0dict.cc:2631,,2,
1787550244.035,2026-08-24 05:44:04.036,InnoDB,rwlock: dict0dict.cc:2631,,1,
1787550244.035,2026-08-24 05:44:04.036,InnoDB,rwlock: fil0fil.cc:10242,,1,
1787550244.035,2026-08-24 05:44:04.036,InnoDB,rwlock: dict0dict.cc:2631,,1,
1787550244.035,2026-08-24 05:44:04.036,InnoDB,rwlock: dict0dict.cc:2631,,1,
1787550244.035,2026-08-24 05:44:04.036,InnoDB,rwlock: dict0dict.cc:2631,,1,
1787550244.035,2026-08-24 05:44:04.036,InnoDB,rwlock: trx0purge.cc:232,,15,
1787550244.035,2026-08-24 05:44:04.036,InnoDB,rwlock: fil0fil.cc:10242,,5180,
1787550244.035,2026-08-24 05:44:04.036,InnoDB,rwlock: fil0fil.cc:10242,,4950,
1787550244.035,2026-08-24 05:44:04.036,InnoDB,rwlock: dict0dict.cc:1180,,10,
1787550244.035,2026-08-24 05:44:04.036,InnoDB,rwlock: hash0hash.cc:117,,999,
1787550244.035,2026-08-24 05:44:04.036,InnoDB,rwlock: hash0hash.cc:117,,1146,
1787550244.035,2026-08-24 05:44:04.036,InnoDB,rwlock: hash0hash.cc:117,,617,
1787550244.035,2026-08-24 05:44:04.036,InnoDB,rwlock: hash0hash.cc:117,,706,
1787550244.035,2026-08-24 05:44:04.036,InnoDB,rwlock: hash0hash.cc:117,,4351,
1787550244.035,2026-08-24 05:44:04.036,InnoDB,rwlock: hash0hash.cc:117,,757,
1787550244.035,2026-08-24 05:44:04.036,InnoDB,rwlock: hash0hash.cc:117,,1356,
1787550244.035,2026-08-24 05:44:04.036,InnoDB,rwlock: hash0hash.cc:117,,791,
1787550244.035,2026-08-24 05:44:04.036,InnoDB,rwlock: hash0hash.cc:117,,754,
1787550244.035,2026-08-24 05:44:04.036,InnoDB,rwlock: hash0hash.cc:117,,850,
1787550244.035,2026-08-24 05:44:04.036,InnoDB,rwlock: hash0hash.cc:117,,803,
1787550244.035,2026-08-24 05:44:04.036,InnoDB,rwlock: hash0hash.cc:117,,804,
1787550244.035,2026-08-24 05:44:04.036,InnoDB,rwlock: hash0hash.cc:117,,937,
1787550244.035,2026-08-24 05:44:04.036,InnoDB,rwlock: hash0hash.cc:117,,885,
1787550244.035,2026-08-24 05:44:04.036,InnoDB,rwlock: hash0hash.cc:117,,818,
1787550244.035,2026-08-24 05:44:04.036,InnoDB,rwlock: hash0hash.cc:117,,2372,
1787550244.035,2026-08-24 05:44:04.036,InnoDB,rwlock: hash0hash.cc:117,,957,
1787550244.035,2026-08-24 05:44:04.036,InnoDB,rwlock: hash0hash.cc:117,,949,
1787550244.035,2026-08-24 05:44:04.036,InnoDB,rwlock: hash0hash.cc:117,,1064,
1787550244.035,2026-08-24 05:44:04.036,InnoDB,rwlock: hash0hash.cc:117,,585,
1787550244.035,2026-08-24 05:44:04.036,InnoDB,rwlock: hash0hash.cc:117,,614,
1787550244.035,2026-08-24 05:44:04.036,InnoDB,rwlock: hash0hash.cc:117,,2030,
1787550244.035,2026-08-24 05:44:04.036,InnoDB,rwlock: hash0hash.cc:117,,1981,
1787550244.035,2026-08-24 05:44:04.036,InnoDB,rwlock: hash0hash.cc:117,,458,
1787550244.035,2026-08-24 05:44:04.036,InnoDB,rwlock: hash0hash.cc:117,,519,
1787550244.035,2026-08-24 05:44:04.036,InnoDB,rwlock: hash0hash.cc:117,,641,
1787550244.035,2026-08-24 05:44:04.036,InnoDB,rwlock: hash0hash.cc:117,,414,
1787550244.035,2026-08-24 05:44:04.036,InnoDB,rwlock: hash0hash.cc:117,,484,
1787550244.035,2026-08-24 05:44:04.036,InnoDB,rwlock: hash0hash.cc:117,,500,
1787550244.035,2026-08-24 05:44:04.036,InnoDB,rwlock: hash0hash.cc:117,,792,
1787550244.035,2026-08-24 05:44:04.036,InnoDB,rwlock: hash0hash.cc:117,,482,
1787550244.035,2026-08-24 05:44:04.036,InnoDB,rwlock: hash0hash.cc:117,,655,
1787550244.035,2026-08-24 05:44:04.036,InnoDB,rwlock: hash0hash.cc:117,,720,
1787550244.035,2026-08-24 05:44:04.036,InnoDB,rwlock: hash0hash.cc:117,,636,
1787550244.035,2026-08-24 05:44:04.036,InnoDB,rwlock: hash0hash.cc:117,,499,
1787550244.035,2026-08-24 05:44:04.036,InnoDB,rwlock: hash0hash.cc:117,,698,
1787550244.035,2026-08-24 05:44:04.036,InnoDB,rwlock: hash0hash.cc:117,,1261,
1787550244.035,2026-08-24 05:44:04.036,InnoDB,rwlock: hash0hash.cc:117,,576,
1787550244.035,2026-08-24 05:44:04.036,InnoDB,rwlock: hash0hash.cc:117,,2923,
1787550244.035,2026-08-24 05:44:04.036,InnoDB,rwlock: hash0hash.cc:117,,449,
1787550244.035,2026-08-24 05:44:04.036,InnoDB,rwlock: hash0hash.cc:117,,461,
1787550244.035,2026-08-24 05:44:04.036,InnoDB,rwlock: hash0hash.cc:117,,503,
1787550244.035,2026-08-24 05:44:04.036,InnoDB,rwlock: hash0hash.cc:117,,433,
1787550244.035,2026-08-24 05:44:04.036,InnoDB,rwlock: hash0hash.cc:117,,483,
1787550244.035,2026-08-24 05:44:04.036,InnoDB,rwlock: hash0hash.cc:117,,556,
1787550244.035,2026-08-24 05:44:04.036,InnoDB,rwlock: hash0hash.cc:117,,1737,
1787550244.035,2026-08-24 05:44:04.036,InnoDB,rwlock: hash0hash.cc:117,,565,
1787550244.035,2026-08-24 05:44:04.036,InnoDB,rwlock: hash0hash.cc:117,,1141,
1787550244.035,2026-08-24 05:44:04.036,InnoDB,rwlock: hash0hash.cc:117,,658,
1787550244.035,2026-08-24 05:44:04.036,InnoDB,rwlock: hash0hash.cc:117,,705,
1787550244.035,2026-08-24 05:44:04.036,InnoDB,rwlock: hash0hash.cc:117,,619,
1787550244.035,2026-08-24 05:44:04.036,InnoDB,rwlock: hash0hash.cc:117,,748,
1787550244.035,2026-08-24 05:44:04.036,InnoDB,rwlock: hash0hash.cc:117,,625,
1787550244.035,2026-08-24 05:44:04.036,InnoDB,rwlock: hash0hash.cc:117,,994,
1787550244.035,2026-08-24 05:44:04.036,InnoDB,rwlock: hash0hash.cc:117,,1165,
1787550244.035,2026-08-24 05:44:04.036,InnoDB,rwlock: hash0hash.cc:117,,481,
1787550244.035,2026-08-24 05:44:04.036,InnoDB,rwlock: hash0hash.cc:117,,739,
1787550244.035,2026-08-24 05:44:04.036,InnoDB,rwlock: hash0hash.cc:117,,546,
1787550244.035,2026-08-24 05:44:04.036,InnoDB,rwlock: hash0hash.cc:117,,805,
1787550244.035,2026-08-24 05:44:04.036,InnoDB,rwlock: hash0hash.cc:117,,920,
1787550244.035,2026-08-24 05:44:04.036,InnoDB,rwlock: hash0hash.cc:117,,1603,
1787550244.035,2026-08-24 05:44:04.036,InnoDB,rwlock: hash0hash.cc:117,,619,
1787550244.035,2026-08-24 05:44:04.036,InnoDB,rwlock: hash0hash.cc:117,,2189,
1787550244.035,2026-08-24 05:44:04.036,InnoDB,rwlock: hash0hash.cc:117,,1763,
1787550244.035,2026-08-24 05:44:04.036,InnoDB,rwlock: hash0hash.cc:117,,1111,
1787550244.035,2026-08-24 05:44:04.036,InnoDB,rwlock: hash0hash.cc:117,,2634,
1787550244.035,2026-08-24 05:44:04.036,InnoDB,rwlock: hash0hash.cc:117,,922,
1787550244.035,2026-08-24 05:44:04.036,InnoDB,rwlock: hash0hash.cc:117,,1008,
1787550244.035,2026-08-24 05:44:04.036,InnoDB,rwlock: hash0hash.cc:117,,785,
1787550244.035,2026-08-24 05:44:04.036,InnoDB,rwlock: hash0hash.cc:117,,944,
1787550244.035,2026-08-24 05:44:04.036,InnoDB,rwlock: hash0hash.cc:117,,685,
1787550244.035,2026-08-24 05:44:04.036,InnoDB,rwlock: hash0hash.cc:117,,2393,
1787550244.035,2026-08-24 05:44:04.036,InnoDB,rwlock: hash0hash.cc:117,,868,
1787550244.035,2026-08-24 05:44:04.036,InnoDB,rwlock: hash0hash.cc:117,,1454,
1787550244.035,2026-08-24 05:44:04.036,InnoDB,rwlock: hash0hash.cc:117,,661,
1787550244.035,2026-08-24 05:44:04.036,InnoDB,rwlock: hash0hash.cc:117,,1055,
1787550244.035,2026-08-24 05:44:04.036,InnoDB,rwlock: hash0hash.cc:117,,2419,
1787550244.035,2026-08-24 05:44:04.036,InnoDB,rwlock: hash0hash.cc:117,,900,
1787550244.035,2026-08-24 05:44:04.036,InnoDB,rwlock: hash0hash.cc:117,,1047,
1787550244.035,2026-08-24 05:44:04.036,InnoDB,rwlock: hash0hash.cc:117,,897,
1787550244.035,2026-08-24 05:44:04.036,InnoDB,rwlock: hash0hash.cc:117,,720,
1787550244.035,2026-08-24 05:44:04.036,InnoDB,rwlock: hash0hash.cc:117,,524,
1787550244.035,2026-08-24 05:44:04.036,InnoDB,rwlock: hash0hash.cc:117,,782,
1787550244.035,2026-08-24 05:44:04.036,InnoDB,rwlock: hash0hash.cc:117,,588,
1787550244.035,2026-08-24 05:44:04.036,InnoDB,rwlock: hash0hash.cc:117,,584,
1787550244.035,2026-08-24 05:44:04.036,InnoDB,rwlock: hash0hash.cc:117,,680,
1787550244.035,2026-08-24 05:44:04.036,InnoDB,rwlock: hash0hash.cc:117,,866,
1787550244.035,2026-08-24 05:44:04.036,InnoDB,rwlock: hash0hash.cc:117,,517,
1787550244.035,2026-08-24 05:44:04.036,InnoDB,rwlock: hash0hash.cc:117,,1909,
1787550244.035,2026-08-24 05:44:04.036,InnoDB,rwlock: hash0hash.cc:117,,668,
1787550244.035,2026-08-24 05:44:04.036,InnoDB,rwlock: hash0hash.cc:117,,613,
1787550244.035,2026-08-24 05:44:04.036,InnoDB,rwlock: hash0hash.cc:117,,1774,
1787550244.035,2026-08-24 05:44:04.036,InnoDB,rwlock: hash0hash.cc:117,,675,
1787550244.035,2026-08-24 05:44:04.036,InnoDB,rwlock: hash0hash.cc:117,,423,
1787550244.035,2026-08-24 05:44:04.036,InnoDB,rwlock: hash0hash.cc:117,,540,
1787550244.035,2026-08-24 05:44:04.036,InnoDB,rwlock: hash0hash.cc:117,,651,
1787550244.035,2026-08-24 05:44:04.036,InnoDB,rwlock: hash0hash.cc:117,,575,
1787550244.035,2026-08-24 05:44:04.036,InnoDB,rwlock: hash0hash.cc:117,,1046,
1787550244.035,2026-08-24 05:44:04.036,InnoDB,rwlock: hash0hash.cc:117,,593,
1787550244.035,2026-08-24 05:44:04.036,InnoDB,rwlock: hash0hash.cc:117,,482,
1787550244.035,2026-08-24 05:44:04.036,InnoDB,rwlock: hash0hash.cc:117,,537,
1787550244.035,2026-08-24 05:44:04.036,InnoDB,rwlock: hash0hash.cc:117,,2433,
1787550244.035,2026-08-24 05:44:04.036,InnoDB,rwlock: hash0hash.cc:117,,744,
1787550244.035,2026-08-24 05:44:04.036,InnoDB,rwlock: hash0hash.cc:117,,745,
1787550244.035,2026-08-24 05:44:04.036,InnoDB,rwlock: hash0hash.cc:117,,1119,
1787550244.035,2026-08-24 05:44:04.036,InnoDB,rwlock: hash0hash.cc:117,,1003,
1787550244.035,2026-08-24 05:44:04.036,InnoDB,rwlock: hash0hash.cc:117,,688,
1787550244.035,2026-08-24 05:44:04.036,InnoDB,rwlock: hash0hash.cc:117,,645,
1787550244.035,2026-08-24 05:44:04.036,InnoDB,rwlock: hash0hash.cc:117,,545,
1787550244.035,2026-08-24 05:44:04.036,InnoDB,rwlock: hash0hash.cc:117,,727,
1787550244.035,2026-08-24 05:44:04.036,InnoDB,rwlock: hash0hash.cc:117,,1797,
1787550244.035,2026-08-24 05:44:04.036,InnoDB,rwlock: hash0hash.cc:117,,939,
1787550244.035,2026-08-24 05:44:04.036,InnoDB,rwlock: hash0hash.cc:117,,597,
1787550244.035,2026-08-24 05:44:04.036,InnoDB,rwlock: hash0hash.cc:117,,676,
1787550244.035,2026-08-24 05:44:04.036,InnoDB,rwlock: hash0hash.cc:117,,628,
1787550244.035,2026-08-24 05:44:04.036,InnoDB,rwlock: hash0hash.cc:117,,657,
1787550244.035,2026-08-24 05:44:04.036,InnoDB,rwlock: hash0hash.cc:117,,431,
1787550244.035,2026-08-24 05:44:04.036,InnoDB,rwlock: hash0hash.cc:117,,2121,
1787550244.035,2026-08-24 05:44:04.036,InnoDB,rwlock: hash0hash.cc:117,,733,
1787550244.035,2026-08-24 05:44:04.036,InnoDB,rwlock: hash0hash.cc:117,,1859,
1787550244.035,2026-08-24 05:44:04.036,InnoDB,rwlock: hash0hash.cc:117,,946,
1787550244.035,2026-08-24 05:44:04.036,InnoDB,rwlock: hash0hash.cc:117,,587,
1787550244.035,2026-08-24 05:44:04.036,InnoDB,rwlock: hash0hash.cc:117,,720,
1787550244.035,2026-08-24 05:44:04.036,InnoDB,rwlock: hash0hash.cc:117,,484,
1787550244.035,2026-08-24 05:44:04.036,InnoDB,rwlock: hash0hash.cc:117,,514,
1787550244.035,2026-08-24 05:44:04.036,InnoDB,rwlock: hash0hash.cc:117,,540,
1787550244.035,2026-08-24 05:44:04.036,InnoDB,rwlock: hash0hash.cc:117,,2128,
1787550244.035,2026-08-24 05:44:04.036,InnoDB,rwlock: hash0hash.cc:117,,979,
1787550244.035,2026-08-24 05:44:04.036,InnoDB,sum rwlock: buf0buf.cc:852,,253528,
1787550251.807,2026-08-24 05:44:11.809,InnoDB,TRX_SYS,21969940,287657,9296164
1787550251.807,2026-08-24 05:44:11.809,InnoDB,SRV_SYS,9290728,234077,1013590
1787550251.807,2026-08-24 05:44:11.809,InnoDB,LOG_WRITER,3236618,107805,1941
1787550251.807,2026-08-24 05:44:11.809,InnoDB,BUF_POOL_LRU_LIST,4095992,69953,1454480
1787550251.807,2026-08-24 05:44:11.809,InnoDB,BUF_POOL_LRU_LIST,3811124,62466,1451921
1787550251.807,2026-08-24 05:44:11.809,InnoDB,BUF_POOL_LRU_LIST,3644314,59630,1359133
1787550251.807,2026-08-24 05:44:11.809,InnoDB,BUF_POOL_LRU_LIST,3663516,58314,1396507
1787550251.807,2026-08-24 05:44:11.809,InnoDB,BUF_POOL_LRU_LIST,3659257,57988,1394827
1787550251.807,2026-08-24 05:44:11.809,InnoDB,BUF_POOL_LRU_LIST,3573969,57784,1365248
1787550251.807,2026-08-24 05:44:11.809,InnoDB,BUF_POOL_LRU_LIST,3644703,57327,1441882
1787550251.807,2026-08-24 05:44:11.809,InnoDB,BUF_POOL_LRU_LIST,3546959,56076,1404474
1787550251.807,2026-08-24 05:44:11.809,InnoDB,DICT_SYS,30788698,37015,20867620
1787550251.807,2026-08-24 05:44:11.809,InnoDB,FLUSH_LIST,1086741,30111,152712
1787550251.807,2026-08-24 05:44:11.809,InnoDB,FLUSH_LIST,981768,26705,148970
1787550251.807,2026-08-24 05:44:11.809,InnoDB,FLUSH_LIST,971085,26308,146657
1787550251.807,2026-08-24 05:44:11.809,InnoDB,FLUSH_LIST,967409,26262,147240
1787550251.807,2026-08-24 05:44:11.809,InnoDB,FLUSH_LIST,967539,26063,155952
1787550251.807,2026-08-24 05:44:11.809,InnoDB,FLUSH_LIST,964927,25968,155039
1787550251.807,2026-08-24 05:44:11.809,InnoDB,FLUSH_LIST,939054,25247,146081
1787550251.807,2026-08-24 05:44:11.809,InnoDB,FLUSH_LIST,757717,19223,145402
1787550251.807,2026-08-24 05:44:11.809,InnoDB,BUF_POOL_FLUSH_STATE,1254882,17340,423786
1787550251.807,2026-08-24 05:44:11.809,InnoDB,BUF_POOL_FLUSH_STATE,1246750,17270,412167
1787550251.807,2026-08-24 05:44:11.809,InnoDB,BUF_POOL_FLUSH_STATE,1210903,16822,396966
1787550251.807,2026-08-24 05:44:11.809,InnoDB,BUF_POOL_FLUSH_STATE,1225744,16687,422780
1787550251.807,2026-08-24 05:44:11.809,InnoDB,BUF_POOL_FLUSH_STATE,1200496,16641,394571
1787550251.807,2026-08-24 05:44:11.809,InnoDB,BUF_POOL_FLUSH_STATE,1188073,16249,394243
1787550251.807,2026-08-24 05:44:11.809,InnoDB,BUF_POOL_FLUSH_STATE,1154827,15979,389022
1787550251.807,2026-08-24 05:44:11.809,InnoDB,BUF_POOL_FLUSH_STATE,1190064,15790,406380
1787550251.807,2026-08-24 05:44:11.809,InnoDB,PURGE_SYS_PQ,1787280,12185,1163238
1787550251.807,2026-08-24 05:44:11.809,InnoDB,TRX_SYS_SERIALISATION,1279785,10837,792151
1787550251.807,2026-08-24 05:44:11.809,InnoDB,FIL_SHARD,214528,3891,58736
1787550251.807,2026-08-24 05:44:11.809,InnoDB,FIL_SHARD,204078,3584,58573
1787550251.807,2026-08-24 05:44:11.809,InnoDB,FIL_SHARD,210026,3560,63120
1787550251.807,2026-08-24 05:44:11.809,InnoDB,FIL_SHARD,198266,3548,56489
1787550251.807,2026-08-24 05:44:11.809,InnoDB,FIL_SHARD,217407,3527,62512
1787550251.807,2026-08-24 05:44:11.809,InnoDB,FIL_SHARD,189051,3329,54901
1787550251.807,2026-08-24 05:44:11.809,InnoDB,FIL_SHARD,187750,3284,55692
1787550251.807,2026-08-24 05:44:11.809,InnoDB,FIL_SHARD,185181,3258,53849
1787550251.807,2026-08-24 05:44:11.809,InnoDB,FIL_SHARD,184800,3250,53991
1787550251.807,2026-08-24 05:44:11.809,InnoDB,FIL_SHARD,185872,3247,53847
1787550251.807,2026-08-24 05:44:11.809,InnoDB,FIL_SHARD,176757,3136,51473
1787550251.807,2026-08-24 05:44:11.809,InnoDB,FIL_SHARD,177109,3127,53398
1787550251.807,2026-08-24 05:44:11.809,InnoDB,FIL_SHARD,173805,3101,50147
1787550251.807,2026-08-24 05:44:11.809,InnoDB,FIL_SHARD,166022,3008,49022
1787550251.807,2026-08-24 05:44:11.809,InnoDB,FIL_SHARD,168487,2982,51859
1787550251.807,2026-08-24 05:44:11.809,InnoDB,FIL_SHARD,171594,2962,51506
1787550251.807,2026-08-24 05:44:11.809,InnoDB,FIL_SHARD,155452,2721,46503
1787550251.807,2026-08-24 05:44:11.809,InnoDB,FIL_SHARD,157026,2702,50478
1787550251.807,2026-08-24 05:44:11.809,InnoDB,FIL_SHARD,157615,2694,51556
1787550251.807,2026-08-24 05:44:11.809,InnoDB,FIL_SHARD,147512,2601,46490
1787550251.807,2026-08-24 05:44:11.809,InnoDB,TRX,672056,2339,988022
1787550251.807,2026-08-24 05:44:11.809,InnoDB,LOG_FILES,47983,1393,1673
1787550251.807,2026-08-24 05:44:11.809,InnoDB,LOCK_SYS_TABLE,85301,1202,38794
1787550251.807,2026-08-24 05:44:11.809,InnoDB,LOCK_SYS_TABLE,82229,1184,38009
1787550251.807,2026-08-24 05:44:11.809,InnoDB,LOCK_SYS_TABLE,82189,1130,39844
1787550251.807,2026-08-24 05:44:11.809,InnoDB,LOCK_SYS_TABLE,82461,1109,38253
1787550251.807,2026-08-24 05:44:11.809,InnoDB,LOCK_SYS_TABLE,79769,1108,36893
1787550251.807,2026-08-24 05:44:11.809,InnoDB,LOCK_SYS_TABLE,81007,1091,38039
1787550251.807,2026-08-24 05:44:11.809,InnoDB,LOCK_SYS_TABLE,79158,1079,39149
1787550251.807,2026-08-24 05:44:11.809,InnoDB,LOG_FLUSHER,43453,1072,1843
1787550251.807,2026-08-24 05:44:11.809,InnoDB,LOCK_SYS_TABLE,82092,1071,40687
1787550251.807,2026-08-24 05:44:11.809,InnoDB,LOCK_SYS_TABLE,79545,1061,37981
1787550251.807,2026-08-24 05:44:11.809,InnoDB,LOCK_SYS_TABLE,78951,1057,38478
1787550251.807,2026-08-24 05:44:11.809,InnoDB,LOCK_SYS_TABLE,79488,1037,37620
1787550251.807,2026-08-24 05:44:11.809,InnoDB,LOCK_SYS_TABLE,80418,1029,38656
1787550251.807,2026-08-24 05:44:11.809,InnoDB,LOCK_SYS_TABLE,80031,1029,40839
1787550251.807,2026-08-24 05:44:11.809,InnoDB,LOCK_SYS_TABLE,78022,1022,37598
1787550251.807,2026-08-24 05:44:11.809,InnoDB,LOCK_SYS_TABLE,76783,1018,36602
1787550251.807,2026-08-24 05:44:11.809,InnoDB,LOCK_SYS_TABLE,75168,979,39101
1787550251.807,2026-08-24 05:44:11.809,InnoDB,LOCK_SYS_TABLE,75928,977,38311
1787550251.807,2026-08-24 05:44:11.809,InnoDB,LOCK_SYS_TABLE,74248,940,38251
1787550251.807,2026-08-24 05:44:11.809,InnoDB,LOCK_SYS_TABLE,75521,910,40149
1787550251.807,2026-08-24 05:44:11.809,InnoDB,LOCK_SYS_TABLE,73630,903,38735
1787550251.807,2026-08-24 05:44:11.809,InnoDB,BUF_BLOCK_MUTEX,27525,837,1442
1787550251.807,2026-08-24 05:44:11.809,InnoDB,PAGE_CLEANER,1642984,693,984214
1787550251.807,2026-08-24 05:44:11.809,InnoDB,SRV_SYS_TASKS,407052,612,402614
1787550251.807,2026-08-24 05:44:11.809,InnoDB,IBUF_BITMAP,35205,453,16595
1787550251.807,2026-08-24 05:44:11.809,InnoDB,DICT_PERSIST_DIRTY_TABLES,1159135,414,490530
1787550251.807,2026-08-24 05:44:11.809,InnoDB,FIL_SHARD,27998,284,25914
1787550251.807,2026-08-24 05:44:11.809,InnoDB,FIL_SHARD,25737,236,25168
1787550251.807,2026-08-24 05:44:11.809,InnoDB,BUF_POOL_FREE_LIST,32802,73,29362
1787550251.807,2026-08-24 05:44:11.809,InnoDB,DICT_TABLE_STATS_COMPUTE,1980,66,11
1787550251.807,2026-08-24 05:44:11.809,InnoDB,BUF_POOL_FREE_LIST,24104,55,24052
1787550251.807,2026-08-24 05:44:11.809,InnoDB,BUF_POOL_FREE_LIST,24552,54,24580
1787550251.807,2026-08-24 05:44:11.809,InnoDB,BUF_POOL_FREE_LIST,25638,52,24746
1787550251.807,2026-08-24 05:44:11.809,InnoDB,BUF_POOL_FREE_LIST,26383,51,24982
1787550251.807,2026-08-24 05:44:11.809,InnoDB,BUF_POOL_FREE_LIST,25316,51,25420
1787550251.807,2026-08-24 05:44:11.809,InnoDB,BUF_POOL_FREE_LIST,32453,48,29595
1787550251.807,2026-08-24 05:44:11.809,InnoDB,UNDO_SPACE_RSEG,4868,42,1893
1787550251.807,2026-08-24 05:44:11.809,InnoDB,UNDO_SPACE_RSEG,5106,42,1910
1787550251.807,2026-08-24 05:44:11.809,InnoDB,BUF_POOL_FREE_LIST,25675,40,25283
1787550251.807,2026-08-24 05:44:11.809,InnoDB,UNDO_SPACE_RSEG,5144,39,2012
1787550251.807,2026-08-24 05:44:11.809,InnoDB,UNDO_SPACE_RSEG,5074,39,1908
1787550251.807,2026-08-24 05:44:11.809,InnoDB,UNDO_SPACE_RSEG,5109,39,1933
1787550251.807,2026-08-24 05:44:11.809,InnoDB,UNDO_SPACE_RSEG,5240,39,1912
1787550251.807,2026-08-24 05:44:11.809,InnoDB,UNDO_SPACE_RSEG,4897,38,1908
1787550251.807,2026-08-24 05:44:11.809,InnoDB,UNDO_SPACE_RSEG,4817,38,1810
1787550251.807,2026-08-24 05:44:11.809,InnoDB,UNDO_SPACE_RSEG,4941,38,1878
1787550251.807,2026-08-24 05:44:11.809,InnoDB,UNDO_SPACE_RSEG,4892,38,1851
1787550251.807,2026-08-24 05:44:11.809,InnoDB,UNDO_SPACE_RSEG,4700,38,1860
1787550251.807,2026-08-24 05:44:11.809,InnoDB,UNDO_SPACE_RSEG,5038,37,1910
1787550251.807,2026-08-24 05:44:11.809,InnoDB,UNDO_SPACE_RSEG,5280,37,2061
1787550251.807,2026-08-24 05:44:11.809,InnoDB,UNDO_SPACE_RSEG,4888,37,1940
1787550251.807,2026-08-24 05:44:11.809,InnoDB,UNDO_SPACE_RSEG,4996,37,1900
1787550251.807,2026-08-24 05:44:11.809,InnoDB,UNDO_SPACE_RSEG,4958,36,1946
1787550251.807,2026-08-24 05:44:11.809,InnoDB,LOCK_SYS_PAGE,1744,36,580
1787550251.807,2026-08-24 05:44:11.809,InnoDB,UNDO_SPACE_RSEG,4958,36,1933
1787550251.807,2026-08-24 05:44:11.809,InnoDB,UNDO_SPACE_RSEG,4931,36,1978
1787550251.807,2026-08-24 05:44:11.809,InnoDB,UNDO_SPACE_RSEG,4864,36,1901
1787550251.807,2026-08-24 05:44:11.809,InnoDB,UNDO_SPACE_RSEG,5011,35,1966
1787550251.807,2026-08-24 05:44:11.809,InnoDB,UNDO_SPACE_RSEG,4923,35,1890
1787550251.807,2026-08-24 05:44:11.809,InnoDB,UNDO_SPACE_RSEG,4819,35,1926
1787550251.807,2026-08-24 05:44:11.809,InnoDB,UNDO_SPACE_RSEG,4849,35,1890
1787550251.807,2026-08-24 05:44:11.809,InnoDB,UNDO_SPACE_RSEG,4739,35,1847
1787550251.807,2026-08-24 05:44:11.809,InnoDB,UNDO_SPACE_RSEG,4954,35,2028
1787550251.807,2026-08-24 05:44:11.809,InnoDB,UNDO_SPACE_RSEG,4886,35,1947
1787550251.807,2026-08-24 05:44:11.809,InnoDB,UNDO_SPACE_RSEG,4792,35,1876
1787550251.807,2026-08-24 05:44:11.809,InnoDB,UNDO_SPACE_RSEG,5014,35,1937
1787550251.807,2026-08-24 05:44:11.809,InnoDB,UNDO_SPACE_RSEG,4901,35,1889
1787550251.807,2026-08-24 05:44:11.809,InnoDB,UNDO_SPACE_RSEG,4785,35,1880
1787550251.807,2026-08-24 05:44:11.809,InnoDB,UNDO_SPACE_RSEG,4744,35,1916
1787550251.807,2026-08-24 05:44:11.809,InnoDB,UNDO_SPACE_RSEG,4996,35,1913
1787550251.807,2026-08-24 05:44:11.809,InnoDB,UNDO_SPACE_RSEG,4780,34,1833
1787550251.807,2026-08-24 05:44:11.809,InnoDB,UNDO_SPACE_RSEG,4838,34,1883
1787550251.807,2026-08-24 05:44:11.809,InnoDB,UNDO_SPACE_RSEG,4900,34,1917
1787550251.807,2026-08-24 05:44:11.809,InnoDB,UNDO_SPACE_RSEG,4900,34,1870
1787550251.807,2026-08-24 05:44:11.809,InnoDB,UNDO_SPACE_RSEG,4789,34,1920
1787550251.807,2026-08-24 05:44:11.809,InnoDB,UNDO_SPACE_RSEG,4943,34,1967
1787550251.807,2026-08-24 05:44:11.809,InnoDB,UNDO_SPACE_RSEG,4634,34,1839
1787550251.807,2026-08-24 05:44:11.809,InnoDB,UNDO_SPACE_RSEG,4912,34,1936
1787550251.807,2026-08-24 05:44:11.809,InnoDB,UNDO_SPACE_RSEG,4865,34,1967
1787550251.807,2026-08-24 05:44:11.809,InnoDB,UNDO_SPACE_RSEG,4876,33,1925
1787550251.807,2026-08-24 05:44:11.809,InnoDB,UNDO_SPACE_RSEG,4878,33,1962
1787550251.807,2026-08-24 05:44:11.809,InnoDB,UNDO_SPACE_RSEG,5018,33,1995
1787550251.807,2026-08-24 05:44:11.809,InnoDB,UNDO_SPACE_RSEG,4762,33,1967
1787550251.807,2026-08-24 05:44:11.809,InnoDB,UNDO_SPACE_RSEG,4769,33,1925
1787550251.807,2026-08-24 05:44:11.809,InnoDB,LOCK_SYS_PAGE,1553,32,516
1787550251.807,2026-08-24 05:44:11.809,InnoDB,UNDO_SPACE_RSEG,4950,32,1936
1787550251.807,2026-08-24 05:44:11.809,InnoDB,UNDO_SPACE_RSEG,4818,32,1854
1787550251.807,2026-08-24 05:44:11.809,InnoDB,UNDO_SPACE_RSEG,5054,32,2057
1787550251.807,2026-08-24 05:44:11.809,InnoDB,LOCK_SYS_PAGE,1522,32,488
1787550251.807,2026-08-24 05:44:11.809,InnoDB,UNDO_SPACE_RSEG,4738,32,1922
1787550251.807,2026-08-24 05:44:11.809,InnoDB,UNDO_SPACE_RSEG,4658,32,1852
1787550251.807,2026-08-24 05:44:11.809,InnoDB,UNDO_SPACE_RSEG,4809,32,1979
1787550251.807,2026-08-24 05:44:11.809,InnoDB,UNDO_SPACE_RSEG,4846,32,2006
1787550251.807,2026-08-24 05:44:11.809,InnoDB,UNDO_SPACE_RSEG,4965,32,1947
1787550251.807,2026-08-24 05:44:11.809,InnoDB,UNDO_SPACE_RSEG,4838,32,1945
1787550251.807,2026-08-24 05:44:11.809,InnoDB,UNDO_SPACE_RSEG,4864,32,1976
1787550251.807,2026-08-24 05:44:11.809,InnoDB,UNDO_SPACE_RSEG,4734,31,1993
1787550251.807,2026-08-24 05:44:11.809,InnoDB,UNDO_SPACE_RSEG,4726,31,1963
1787550251.807,2026-08-24 05:44:11.809,InnoDB,UNDO_SPACE_RSEG,4834,31,1916
1787550251.807,2026-08-24 05:44:11.809,InnoDB,UNDO_SPACE_RSEG,4839,31,2004
1787550251.807,2026-08-24 05:44:11.809,InnoDB,UNDO_SPACE_RSEG,4509,31,1838
1787550251.807,2026-08-24 05:44:11.809,InnoDB,UNDO_SPACE_RSEG,4682,31,1904
1787550251.807,2026-08-24 05:44:11.809,InnoDB,LOCK_SYS_PAGE,1660,31,566
1787550251.807,2026-08-24 05:44:11.809,InnoDB,UNDO_SPACE_RSEG,4915,31,1972
1787550251.807,2026-08-24 05:44:11.809,InnoDB,UNDO_SPACE_RSEG,4666,31,1871
1787550251.807,2026-08-24 05:44:11.809,InnoDB,UNDO_SPACE_RSEG,4697,31,1925
1787550251.807,2026-08-24 05:44:11.809,InnoDB,LOCK_SYS_PAGE,1721,31,606
1787550251.807,2026-08-24 05:44:11.809,InnoDB,UNDO_SPACE_RSEG,4772,31,1946
1787550251.807,2026-08-24 05:44:11.809,InnoDB,UNDO_SPACE_RSEG,4811,31,1938
1787550251.807,2026-08-24 05:44:11.809,InnoDB,UNDO_SPACE_RSEG,4844,31,1926
1787550251.807,2026-08-24 05:44:11.809,InnoDB,UNDO_SPACE_RSEG,4902,31,1891
1787550251.807,2026-08-24 05:44:11.809,InnoDB,UNDO_SPACE_RSEG,4772,31,1937
1787550251.807,2026-08-24 05:44:11.809,InnoDB,UNDO_SPACE_RSEG,4684,31,1908
1787550251.807,2026-08-24 05:44:11.809,InnoDB,UNDO_SPACE_RSEG,4643,30,1879
1787550251.807,2026-08-24 05:44:11.809,InnoDB,UNDO_SPACE_RSEG,4803,30,1902
1787550251.807,2026-08-24 05:44:11.809,InnoDB,LOCK_SYS_PAGE,1518,30,575
1787550251.807,2026-08-24 05:44:11.809,InnoDB,UNDO_SPACE_RSEG,4709,30,1918
1787550251.807,2026-08-24 05:44:11.809,InnoDB,UNDO_SPACE_RSEG,4816,30,1940
1787550251.807,2026-08-24 05:44:11.809,InnoDB,UNDO_SPACE_RSEG,4726,30,1942
1787550251.807,2026-08-24 05:44:11.809,InnoDB,UNDO_SPACE_RSEG,4752,30,1889
1787550251.807,2026-08-24 05:44:11.809,InnoDB,LOCK_SYS_PAGE,1655,30,514
1787550251.807,2026-08-24 05:44:11.809,InnoDB,LOCK_SYS_PAGE,1559,30,593
1787550251.807,2026-08-24 05:44:11.809,InnoDB,UNDO_SPACE_RSEG,4510,30,1851
1787550251.807,2026-08-24 05:44:11.809,InnoDB,LOCK_SYS_PAGE,1629,30,559
1787550251.807,2026-08-24 05:44:11.809,InnoDB,UNDO_SPACE_RSEG,4555,30,1882
1787550251.807,2026-08-24 05:44:11.809,InnoDB,UNDO_SPACE_RSEG,4759,30,2006
1787550251.807,2026-08-24 05:44:11.809,InnoDB,UNDO_SPACE_RSEG,4720,30,1896
1787550251.807,2026-08-24 05:44:11.809,InnoDB,UNDO_SPACE_RSEG,4737,30,1885
1787550251.807,2026-08-24 05:44:11.809,InnoDB,UNDO_SPACE_RSEG,4574,29,1866
1787550251.807,2026-08-24 05:44:11.809,InnoDB,UNDO_SPACE_RSEG,4563,29,1914
1787550251.807,2026-08-24 05:44:11.809,InnoDB,UNDO_SPACE_RSEG,4678,29,1911
1787550251.807,2026-08-24 05:44:11.809,InnoDB,LOCK_SYS_PAGE,1568,29,536
1787550251.807,2026-08-24 05:44:11.809,InnoDB,UNDO_SPACE_RSEG,4682,29,1912
1787550251.807,2026-08-24 05:44:11.809,InnoDB,UNDO_SPACE_RSEG,4594,29,1888
1787550251.807,2026-08-24 05:44:11.809,InnoDB,UNDO_SPACE_RSEG,4706,29,1900
1787550251.807,2026-08-24 05:44:11.809,InnoDB,UNDO_SPACE_RSEG,4641,29,1883
1787550251.807,2026-08-24 05:44:11.809,InnoDB,UNDO_SPACE_RSEG,4688,29,1972
1787550251.807,2026-08-24 05:44:11.809,InnoDB,UNDO_SPACE_RSEG,4829,29,1943
1787550251.807,2026-08-24 05:44:11.809,InnoDB,UNDO_SPACE_RSEG,4678,29,1917
1787550251.807,2026-08-24 05:44:11.809,InnoDB,UNDO_SPACE_RSEG,4784,29,1999
1787550251.807,2026-08-24 05:44:11.809,InnoDB,LOCK_SYS_PAGE,1606,29,574
1787550251.807,2026-08-24 05:44:11.809,InnoDB,LOCK_SYS_PAGE,1492,29,498
1787550251.807,2026-08-24 05:44:11.809,InnoDB,LOCK_SYS_PAGE,1508,28,565
1787550251.807,2026-08-24 05:44:11.809,InnoDB,LOCK_SYS_PAGE,1466,28,497
1787550251.807,2026-08-24 05:44:11.809,InnoDB,LOCK_SYS_PAGE,1439,28,490
1787550251.807,2026-08-24 05:44:11.809,InnoDB,LOCK_SYS_PAGE,1444,28,516
1787550251.807,2026-08-24 05:44:11.809,InnoDB,UNDO_SPACE_RSEG,4647,28,1897
1787550251.807,2026-08-24 05:44:11.809,InnoDB,LOCK_SYS_PAGE,1556,28,569
1787550251.807,2026-08-24 05:44:11.809,InnoDB,LOCK_SYS_PAGE,1515,28,575
1787550251.807,2026-08-24 05:44:11.809,InnoDB,LOCK_SYS_PAGE,1509,28,570
1787550251.807,2026-08-24 05:44:11.809,InnoDB,DICT_TABLE_STATS_COMPUTE,840,28,7
1787550251.807,2026-08-24 05:44:11.809,InnoDB,UNDO_SPACE_RSEG,4379,28,1826
1787550251.807,2026-08-24 05:44:11.809,InnoDB,UNDO_SPACE_RSEG,4891,28,1964
1787550251.807,2026-08-24 05:44:11.809,InnoDB,UNDO_SPACE_RSEG,4644,28,1941
1787550251.807,2026-08-24 05:44:11.809,InnoDB,UNDO_SPACE_RSEG,4744,28,1952
1787550251.807,2026-08-24 05:44:11.809,InnoDB,UNDO_SPACE_RSEG,4559,28,1931
1787550251.807,2026-08-24 05:44:11.809,InnoDB,UNDO_SPACE_RSEG,4648,28,1909
1787550251.807,2026-08-24 05:44:11.809,InnoDB,UNDO_SPACE_RSEG,4608,28,1877
1787550251.807,2026-08-24 05:44:11.809,InnoDB,UNDO_SPACE_RSEG,4469,28,1882
1787550251.807,2026-08-24 05:44:11.809,InnoDB,UNDO_SPACE_RSEG,4577,28,1928
1787550251.807,2026-08-24 05:44:11.809,InnoDB,UNDO_SPACE_RSEG,4827,28,1987
1787550251.807,2026-08-24 05:44:11.809,InnoDB,UNDO_SPACE_RSEG,4603,28,1929
1787550251.807,2026-08-24 05:44:11.809,InnoDB,UNDO_SPACE_RSEG,4597,28,1858
1787550251.807,2026-08-24 05:44:11.809,InnoDB,UNDO_SPACE_RSEG,4837,28,1922
1787550251.807,2026-08-24 05:44:11.809,InnoDB,UNDO_SPACE_RSEG,4648,28,1928
1787550251.807,2026-08-24 05:44:11.809,InnoDB,UNDO_SPACE_RSEG,4669,28,1894
1787550251.807,2026-08-24 05:44:11.809,InnoDB,UNDO_SPACE_RSEG,4628,28,1889
1787550251.807,2026-08-24 05:44:11.809,InnoDB,UNDO_SPACE_RSEG,4834,28,1987
1787550251.807,2026-08-24 05:44:11.809,InnoDB,UNDO_SPACE_RSEG,4659,28,1947
1787550251.807,2026-08-24 05:44:11.809,InnoDB,UNDO_SPACE_RSEG,4795,28,1973
1787550251.807,2026-08-24 05:44:11.809,InnoDB,UNDO_SPACE_RSEG,4600,28,1939
1787550251.807,2026-08-24 05:44:11.809,InnoDB,LOCK_SYS_PAGE,1520,28,584
1787550251.807,2026-08-24 05:44:11.809,InnoDB,UNDO_SPACE_RSEG,4769,27,1957
1787550251.807,2026-08-24 05:44:11.809,InnoDB,UNDO_SPACE_RSEG,4752,27,1928
1787550251.807,2026-08-24 05:44:11.809,InnoDB,LOCK_SYS_PAGE,1543,27,542
1787550251.807,2026-08-24 05:44:11.809,InnoDB,UNDO_SPACE_RSEG,4461,27,1823
1787550251.807,2026-08-24 05:44:11.809,InnoDB,UNDO_SPACE_RSEG,4539,27,1963
1787550251.807,2026-08-24 05:44:11.809,InnoDB,UNDO_SPACE_RSEG,4646,27,1935
1787550251.807,2026-08-24 05:44:11.809,InnoDB,LOCK_SYS_PAGE,1441,27,527
1787550251.807,2026-08-24 05:44:11.809,InnoDB,LOCK_SYS_PAGE,1522,27,520
1787550251.807,2026-08-24 05:44:11.809,InnoDB,UNDO_SPACE_RSEG,4383,27,1851
1787550251.807,2026-08-24 05:44:11.809,InnoDB,UNDO_SPACE_RSEG,4573,27,1937
1787550251.807,2026-08-24 05:44:11.809,InnoDB,UNDO_SPACE_RSEG,4756,27,1911
1787550251.807,2026-08-24 05:44:11.809,InnoDB,UNDO_SPACE_RSEG,4805,27,2009
1787550251.807,2026-08-24 05:44:11.809,InnoDB,UNDO_SPACE_RSEG,4356,27,1807
1787550251.807,2026-08-24 05:44:11.809,InnoDB,UNDO_SPACE_RSEG,4462,27,1867
1787550251.807,2026-08-24 05:44:11.809,InnoDB,UNDO_SPACE_RSEG,4627,27,1926
1787550251.807,2026-08-24 05:44:11.809,InnoDB,UNDO_SPACE_RSEG,4295,27,1812
1787550251.807,2026-08-24 05:44:11.809,InnoDB,UNDO_SPACE_RSEG,4737,27,1938
1787550251.807,2026-08-24 05:44:11.809,InnoDB,LOCK_SYS_PAGE,1436,27,548
1787550251.807,2026-08-24 05:44:11.809,InnoDB,UNDO_SPACE_RSEG,4513,27,1872
1787550251.807,2026-08-24 05:44:11.809,InnoDB,UNDO_SPACE_RSEG,4519,27,1911
1787550251.807,2026-08-24 05:44:11.809,InnoDB,UNDO_SPACE_RSEG,4699,27,1906
1787550251.807,2026-08-24 05:44:11.809,InnoDB,LOCK_SYS_PAGE,1527,27,570
1787550251.807,2026-08-24 05:44:11.809,InnoDB,UNDO_SPACE_RSEG,4782,27,1954
1787550251.807,2026-08-24 05:44:11.809,InnoDB,UNDO_SPACE_RSEG,4624,27,1835
1787550251.807,2026-08-24 05:44:11.809,InnoDB,UNDO_SPACE_RSEG,4733,27,1897
1787550251.807,2026-08-24 05:44:11.809,InnoDB,LOCK_SYS_PAGE,1540,27,570
1787550251.807,2026-08-24 05:44:11.809,InnoDB,UNDO_SPACE_RSEG,4578,27,1941
1787550251.807,2026-08-24 05:44:11.809,InnoDB,UNDO_SPACE_RSEG,4425,27,1764
1787550251.807,2026-08-24 05:44:11.809,InnoDB,UNDO_SPACE_RSEG,4510,26,1832
1787550251.807,2026-08-24 05:44:11.809,InnoDB,LOCK_SYS_PAGE,1506,26,539
1787550251.807,2026-08-24 05:44:11.809,InnoDB,LOCK_SYS_PAGE,1431,26,475
1787550251.807,2026-08-24 05:44:11.809,InnoDB,UNDO_SPACE_RSEG,4392,26,1864
1787550251.807,2026-08-24 05:44:11.809,InnoDB,UNDO_SPACE_RSEG,4419,26,1852
1787550251.807,2026-08-24 05:44:11.809,InnoDB,LOCK_SYS_PAGE,1485,26,486
1787550251.807,2026-08-24 05:44:11.809,InnoDB,UNDO_SPACE_RSEG,4769,26,1974
1787550251.807,2026-08-24 05:44:11.809,InnoDB,UNDO_SPACE_RSEG,4633,26,1934
1787550251.807,2026-08-24 05:44:11.809,InnoDB,LOCK_SYS_PAGE,1418,26,541
1787550251.807,2026-08-24 05:44:11.809,InnoDB,UNDO_SPACE_RSEG,4561,26,1926
1787550251.807,2026-08-24 05:44:11.809,InnoDB,UNDO_SPACE_RSEG,5008,26,2060
1787550251.807,2026-08-24 05:44:11.809,InnoDB,LOCK_SYS_PAGE,1443,26,516
1787550251.807,2026-08-24 05:44:11.809,InnoDB,LOCK_SYS_PAGE,1402,26,519
1787550251.807,2026-08-24 05:44:11.809,InnoDB,UNDO_SPACE_RSEG,4589,26,1904
1787550251.807,2026-08-24 05:44:11.809,InnoDB,LOCK_SYS_PAGE,1462,26,532
1787550251.807,2026-08-24 05:44:11.809,InnoDB,UNDO_SPACE_RSEG,4612,26,1938
1787550251.807,2026-08-24 05:44:11.809,InnoDB,UNDO_SPACE_RSEG,4467,26,1836
1787550251.807,2026-08-24 05:44:11.809,InnoDB,LOCK_SYS_PAGE,1519,26,582
1787550251.807,2026-08-24 05:44:11.809,InnoDB,UNDO_SPACE_RSEG,4674,26,1881
1787550251.807,2026-08-24 05:44:11.809,InnoDB,LOCK_SYS_PAGE,1567,26,579
1787550251.807,2026-08-24 05:44:11.809,InnoDB,UNDO_SPACE_RSEG,4623,26,1936
1787550251.807,2026-08-24 05:44:11.809,InnoDB,UNDO_SPACE_RSEG,4637,26,1937
1787550251.807,2026-08-24 05:44:11.809,InnoDB,LOCK_SYS_PAGE,1489,26,509
1787550251.807,2026-08-24 05:44:11.809,InnoDB,UNDO_SPACE_RSEG,4547,26,1939
1787550251.807,2026-08-24 05:44:11.809,InnoDB,UNDO_SPACE_RSEG,4428,26,1823
1787550251.807,2026-08-24 05:44:11.809,InnoDB,UNDO_SPACE_RSEG,4538,26,1877
1787550251.807,2026-08-24 05:44:11.809,InnoDB,UNDO_SPACE_RSEG,4746,26,1929
1787550251.807,2026-08-24 05:44:11.809,InnoDB,LOCK_SYS_PAGE,1363,26,501
1787550251.807,2026-08-24 05:44:11.809,InnoDB,LOCK_SYS_PAGE,1395,26,520
1787550251.807,2026-08-24 05:44:11.809,InnoDB,UNDO_SPACE_RSEG,4642,26,1895
1787550251.807,2026-08-24 05:44:11.809,InnoDB,UNDO_SPACE_RSEG,4582,26,1950
1787550251.807,2026-08-24 05:44:11.809,InnoDB,LOCK_SYS_PAGE,1491,25,585
1787550251.807,2026-08-24 05:44:11.809,InnoDB,UNDO_SPACE_RSEG,4447,25,1940
1787550251.807,2026-08-24 05:44:11.809,InnoDB,UNDO_SPACE_RSEG,4679,25,1899
1787550251.807,2026-08-24 05:44:11.809,InnoDB,UNDO_SPACE_RSEG,4556,25,1936
1787550251.807,2026-08-24 05:44:11.809,InnoDB,UNDO_SPACE_RSEG,4484,25,1901
1787550251.807,2026-08-24 05:44:11.809,InnoDB,LOCK_SYS_PAGE,1479,25,534
1787550251.807,2026-08-24 05:44:11.809,InnoDB,UNDO_SPACE_RSEG,4407,25,1862
1787550251.807,2026-08-24 05:44:11.809,InnoDB,UNDO_SPACE_RSEG,4700,25,1946
1787550251.807,2026-08-24 05:44:11.809,InnoDB,UNDO_SPACE_RSEG,4340,25,1814
1787550251.807,2026-08-24 05:44:11.809,InnoDB,LOCK_SYS_PAGE,1513,25,572
1787550251.807,2026-08-24 05:44:11.809,InnoDB,LOCK_SYS_PAGE,1374,25,515
1787550251.807,2026-08-24 05:44:11.809,InnoDB,UNDO_SPACE_RSEG,4404,25,1862
1787550251.807,2026-08-24 05:44:11.809,InnoDB,UNDO_SPACE_RSEG,4719,25,1900
1787550251.807,2026-08-24 05:44:11.809,InnoDB,UNDO_SPACE_RSEG,4672,25,1936
1787550251.807,2026-08-24 05:44:11.809,InnoDB,LOCK_SYS_PAGE,1401,25,525
1787550251.807,2026-08-24 05:44:11.809,InnoDB,UNDO_SPACE_RSEG,4677,25,2006
1787550251.807,2026-08-24 05:44:11.809,InnoDB,LOCK_SYS_PAGE,1415,25,465
1787550251.807,2026-08-24 05:44:11.809,InnoDB,UNDO_SPACE_RSEG,4760,25,1956
1787550251.807,2026-08-24 05:44:11.809,InnoDB,LOCK_SYS_PAGE,1415,25,579
1787550251.807,2026-08-24 05:44:11.809,InnoDB,UNDO_SPACE_RSEG,4563,25,1904
1787550251.807,2026-08-24 05:44:11.809,InnoDB,UNDO_SPACE_RSEG,4722,25,1980
1787550251.807,2026-08-24 05:44:11.809,InnoDB,LOCK_SYS_PAGE,1374,25,521
1787550251.807,2026-08-24 05:44:11.809,InnoDB,LOCK_SYS_PAGE,1445,25,505
1787550251.807,2026-08-24 05:44:11.809,InnoDB,LOCK_SYS_PAGE,1430,25,551
1787550251.807,2026-08-24 05:44:11.809,InnoDB,UNDO_SPACE_RSEG,4358,25,1880
1787550251.807,2026-08-24 05:44:11.809,InnoDB,UNDO_SPACE_RSEG,4428,25,1878
1787550251.807,2026-08-24 05:44:11.809,InnoDB,LOCK_SYS_PAGE,1502,25,520
1787550251.807,2026-08-24 05:44:11.809,InnoDB,LOCK_SYS_PAGE,1437,25,546
1787550251.807,2026-08-24 05:44:11.809,InnoDB,UNDO_SPACE_RSEG,4483,25,1841
1787550251.807,2026-08-24 05:44:11.809,InnoDB,UNDO_SPACE_RSEG,4454,25,1880
1787550251.807,2026-08-24 05:44:11.809,InnoDB,LOCK_SYS_PAGE,1459,25,563
1787550251.807,2026-08-24 05:44:11.809,InnoDB,UNDO_SPACE_RSEG,4563,25,1941
1787550251.807,2026-08-24 05:44:11.809,InnoDB,UNDO_SPACE_RSEG,4456,25,1849
1787550251.807,2026-08-24 05:44:11.809,InnoDB,UNDO_SPACE_RSEG,4616,24,1928
1787550251.807,2026-08-24 05:44:11.809,InnoDB,LOCK_SYS_PAGE,1438,24,535
1787550251.807,2026-08-24 05:44:11.809,InnoDB,LOCK_SYS_PAGE,1460,24,565
1787550251.807,2026-08-24 05:44:11.809,InnoDB,UNDO_SPACE_RSEG,4540,24,1921
1787550251.807,2026-08-24 05:44:11.809,InnoDB,LOCK_SYS_PAGE,1401,24,538
1787550251.807,2026-08-24 05:44:11.809,InnoDB,LOCK_SYS_PAGE,1462,24,560
1787550251.807,2026-08-24 05:44:11.809,InnoDB,UNDO_SPACE_RSEG,4530,24,1937
1787550251.807,2026-08-24 05:44:11.809,InnoDB,LOCK_SYS_PAGE,1450,24,575
1787550251.807,2026-08-24 05:44:11.809,InnoDB,LOCK_SYS_PAGE,1406,24,533
1787550251.807,2026-08-24 05:44:11.809,InnoDB,UNDO_SPACE_RSEG,4421,24,1808
1787550251.807,2026-08-24 05:44:11.809,InnoDB,LOCK_SYS_PAGE,1368,24,577
1787550251.807,2026-08-24 05:44:11.809,InnoDB,LOCK_SYS_PAGE,1493,24,589
1787550251.807,2026-08-24 05:44:11.809,InnoDB,LOCK_SYS_PAGE,1328,24,530
1787550251.807,2026-08-24 05:44:11.809,InnoDB,LOCK_SYS_PAGE,1275,24,495
1787550251.807,2026-08-24 05:44:11.809,InnoDB,UNDO_SPACE_RSEG,4517,24,1874
1787550251.807,2026-08-24 05:44:11.809,InnoDB,UNDO_SPACE_RSEG,4384,24,1846
1787550251.807,2026-08-24 05:44:11.809,InnoDB,LOCK_SYS_PAGE,1336,24,480
1787550251.807,2026-08-24 05:44:11.809,InnoDB,UNDO_SPACE_RSEG,4401,24,1880
1787550251.807,2026-08-24 05:44:11.809,InnoDB,UNDO_SPACE_RSEG,4584,24,1914
1787550251.807,2026-08-24 05:44:11.809,InnoDB,UNDO_SPACE_RSEG,4384,24,1824
1787550251.807,2026-08-24 05:44:11.809,InnoDB,LOCK_SYS_PAGE,1606,24,596
1787550251.807,2026-08-24 05:44:11.809,InnoDB,LOCK_SYS_PAGE,1428,24,588
1787550251.807,2026-08-24 05:44:11.809,InnoDB,UNDO_SPACE_RSEG,4687,24,1954
1787550251.807,2026-08-24 05:44:11.809,InnoDB,LOCK_SYS_PAGE,1367,24,503
1787550251.807,2026-08-24 05:44:11.809,InnoDB,LOCK_SYS_PAGE,1343,24,515
1787550251.807,2026-08-24 05:44:11.809,InnoDB,UNDO_SPACE_RSEG,4451,24,1869
1787550251.807,2026-08-24 05:44:11.809,InnoDB,UNDO_SPACE_RSEG,4726,24,1985
1787550251.807,2026-08-24 05:44:11.809,InnoDB,UNDO_SPACE_RSEG,4473,24,1915
1787550251.807,2026-08-24 05:44:11.809,InnoDB,UNDO_SPACE_RSEG,4617,24,1980
1787550251.807,2026-08-24 05:44:11.809,InnoDB,UNDO_SPACE_RSEG,4564,24,1962
1787550251.807,2026-08-24 05:44:11.809,InnoDB,LOCK_SYS_PAGE,1308,24,514
1787550251.807,2026-08-24 05:44:11.809,InnoDB,UNDO_SPACE_RSEG,4464,24,1925
1787550251.807,2026-08-24 05:44:11.809,InnoDB,LOCK_SYS_PAGE,1474,24,622
1787550251.807,2026-08-24 05:44:11.809,InnoDB,LOCK_SYS_PAGE,1402,24,481
1787550251.807,2026-08-24 05:44:11.809,InnoDB,LOCK_SYS_PAGE,1366,23,549
1787550251.807,2026-08-24 05:44:11.809,InnoDB,UNDO_SPACE_RSEG,4685,23,1940
1787550251.807,2026-08-24 05:44:11.809,InnoDB,LOCK_SYS_PAGE,1410,23,581
1787550251.807,2026-08-24 05:44:11.809,InnoDB,LOCK_SYS_PAGE,1364,23,554
1787550251.807,2026-08-24 05:44:11.809,InnoDB,LOCK_SYS_PAGE,1343,23,475
1787550251.807,2026-08-24 05:44:11.809,InnoDB,LOCK_SYS_PAGE,1354,23,550
1787550251.807,2026-08-24 05:44:11.809,InnoDB,UNDO_SPACE_RSEG,4531,23,1907
1787550251.807,2026-08-24 05:44:11.809,InnoDB,LOCK_SYS_PAGE,1291,23,536
1787550251.807,2026-08-24 05:44:11.809,InnoDB,UNDO_SPACE_RSEG,4373,23,1856
1787550251.807,2026-08-24 05:44:11.809,InnoDB,LOCK_SYS_PAGE,1356,23,534
1787550251.807,2026-08-24 05:44:11.809,InnoDB,UNDO_SPACE_RSEG,4566,23,1906
1787550251.807,2026-08-24 05:44:11.809,InnoDB,UNDO_SPACE_RSEG,4551,23,1890
1787550251.807,2026-08-24 05:44:11.809,InnoDB,UNDO_SPACE_RSEG,4516,23,1927
1787550251.807,2026-08-24 05:44:11.809,InnoDB,UNDO_SPACE_RSEG,4403,23,1882
1787550251.807,2026-08-24 05:44:11.809,InnoDB,UNDO_SPACE_RSEG,4591,23,1917
1787550251.807,2026-08-24 05:44:11.809,InnoDB,UNDO_SPACE_RSEG,4490,23,1844
1787550251.807,2026-08-24 05:44:11.809,InnoDB,LOCK_SYS_PAGE,1291,23,511
1787550251.807,2026-08-24 05:44:11.809,InnoDB,LOCK_SYS_PAGE,1277,23,506
1787550251.807,2026-08-24 05:44:11.809,InnoDB,LOCK_SYS_PAGE,1275,23,452
1787550251.807,2026-08-24 05:44:11.809,InnoDB,LOCK_SYS_PAGE,1352,23,543
1787550251.807,2026-08-24 05:44:11.809,InnoDB,UNDO_SPACE_RSEG,4484,23,1860
1787550251.807,2026-08-24 05:44:11.809,InnoDB,LOCK_SYS_PAGE,1428,23,603
1787550251.807,2026-08-24 05:44:11.809,InnoDB,UNDO_SPACE_RSEG,4455,23,1865
1787550251.807,2026-08-24 05:44:11.809,InnoDB,LOCK_SYS_PAGE,1384,23,581
1787550251.807,2026-08-24 05:44:11.809,InnoDB,LOCK_SYS_PAGE,1352,23,511
1787550251.807,2026-08-24 05:44:11.809,InnoDB,LOCK_SYS_PAGE,1470,23,563
1787550251.807,2026-08-24 05:44:11.809,InnoDB,LOCK_SYS_PAGE,1309,23,543
1787550251.807,2026-08-24 05:44:11.809,InnoDB,LOCK_SYS_PAGE,1424,23,565
1787550251.807,2026-08-24 05:44:11.809,InnoDB,LOCK_SYS_PAGE,1376,23,570
1787550251.807,2026-08-24 05:44:11.809,InnoDB,LOCK_SYS_PAGE,1287,23,519
1787550251.807,2026-08-24 05:44:11.809,InnoDB,UNDO_SPACE_RSEG,4574,23,1938
1787550251.807,2026-08-24 05:44:11.809,InnoDB,UNDO_SPACE_RSEG,4616,23,1916
1787550251.807,2026-08-24 05:44:11.809,InnoDB,LOCK_SYS_PAGE,1354,23,494
1787550251.807,2026-08-24 05:44:11.809,InnoDB,UNDO_SPACE_RSEG,4556,23,1915
1787550251.807,2026-08-24 05:44:11.809,InnoDB,UNDO_SPACE_RSEG,4240,23,1846
1787550251.807,2026-08-24 05:44:11.809,InnoDB,UNDO_SPACE_RSEG,4371,23,1871
1787550251.807,2026-08-24 05:44:11.809,InnoDB,UNDO_SPACE_RSEG,4377,23,1870
1787550251.807,2026-08-24 05:44:11.809,InnoDB,UNDO_SPACE_RSEG,4795,23,2014
1787550251.807,2026-08-24 05:44:11.809,InnoDB,LOCK_SYS_PAGE,1368,23,549
1787550251.807,2026-08-24 05:44:11.809,InnoDB,LOCK_SYS_PAGE,1426,23,537
1787550251.807,2026-08-24 05:44:11.809,InnoDB,UNDO_SPACE_RSEG,4498,22,1918
1787550251.807,2026-08-24 05:44:11.809,InnoDB,LOCK_SYS_PAGE,1347,22,590
1787550251.807,2026-08-24 05:44:11.809,InnoDB,UNDO_SPACE_RSEG,4451,22,1909
1787550251.807,2026-08-24 05:44:11.809,InnoDB,LOCK_SYS_PAGE,1314,22,543
1787550251.807,2026-08-24 05:44:11.809,InnoDB,LOCK_SYS_PAGE,1293,22,521
1787550251.807,2026-08-24 05:44:11.809,InnoDB,LOCK_SYS_PAGE,1433,22,541
1787550251.807,2026-08-24 05:44:11.809,InnoDB,LOCK_SYS_PAGE,1400,22,581
1787550251.807,2026-08-24 05:44:11.809,InnoDB,LOCK_SYS_PAGE,1290,22,521
1787550251.807,2026-08-24 05:44:11.809,InnoDB,UNDO_SPACE_RSEG,4708,22,1935
1787550251.807,2026-08-24 05:44:11.809,InnoDB,LOCK_SYS_PAGE,1248,22,502
1787550251.807,2026-08-24 05:44:11.809,InnoDB,LOCK_SYS_PAGE,1266,22,505
1787550251.807,2026-08-24 05:44:11.809,InnoDB,LOCK_SYS_PAGE,1302,22,563
1787550251.807,2026-08-24 05:44:11.809,InnoDB,LOCK_SYS_PAGE,1352,22,529
1787550251.807,2026-08-24 05:44:11.809,InnoDB,LOCK_SYS_PAGE,1373,22,556
1787550251.807,2026-08-24 05:44:11.809,InnoDB,LOCK_SYS_PAGE,1415,22,566
1787550251.807,2026-08-24 05:44:11.809,InnoDB,LOCK_SYS_PAGE,1289,22,496
1787550251.807,2026-08-24 05:44:11.809,InnoDB,LOCK_SYS_PAGE,1214,22,488
1787550251.807,2026-08-24 05:44:11.809,InnoDB,UNDO_SPACE_RSEG,4481,22,1891
1787550251.807,2026-08-24 05:44:11.809,InnoDB,UNDO_SPACE_RSEG,4653,22,1885
1787550251.807,2026-08-24 05:44:11.809,InnoDB,UNDO_SPACE_RSEG,4566,22,1974
1787550251.807,2026-08-24 05:44:11.809,InnoDB,LOCK_SYS_PAGE,1265,22,505
1787550251.807,2026-08-24 05:44:11.809,InnoDB,LOCK_SYS_PAGE,1363,22,532
1787550251.807,2026-08-24 05:44:11.809,InnoDB,LOCK_SYS_PAGE,1369,22,522
1787550251.807,2026-08-24 05:44:11.809,InnoDB,LOCK_SYS_PAGE,1336,22,528
1787550251.807,2026-08-24 05:44:11.809,InnoDB,LOCK_SYS_PAGE,1325,22,510
1787550251.807,2026-08-24 05:44:11.809,InnoDB,LOCK_SYS_PAGE,1308,22,551
1787550251.807,2026-08-24 05:44:11.809,InnoDB,LOCK_SYS_PAGE,1362,22,545
1787550251.807,2026-08-24 05:44:11.809,InnoDB,LOCK_SYS_PAGE,1325,22,521
1787550251.807,2026-08-24 05:44:11.809,InnoDB,LOCK_SYS_PAGE,1320,22,522
1787550251.807,2026-08-24 05:44:11.809,InnoDB,UNDO_SPACE_RSEG,4660,22,1924
1787550251.807,2026-08-24 05:44:11.809,InnoDB,LOCK_SYS_PAGE,1324,21,482
1787550251.807,2026-08-24 05:44:11.809,InnoDB,LOCK_SYS_PAGE,1292,21,549
1787550251.807,2026-08-24 05:44:11.809,InnoDB,LOCK_SYS_PAGE,1238,21,522
1787550251.807,2026-08-24 05:44:11.809,InnoDB,LOCK_SYS_PAGE,1292,21,500
1787550251.807,2026-08-24 05:44:11.809,InnoDB,LOCK_SYS_PAGE,1248,21,553
1787550251.807,2026-08-24 05:44:11.809,InnoDB,LOCK_SYS_PAGE,1430,21,538
1787550251.807,2026-08-24 05:44:11.809,InnoDB,LOCK_SYS_PAGE,1334,21,549
1787550251.807,2026-08-24 05:44:11.809,InnoDB,LOCK_SYS_PAGE,1326,21,551
1787550251.807,2026-08-24 05:44:11.809,InnoDB,LOCK_SYS_PAGE,1308,21,525
1787550251.807,2026-08-24 05:44:11.809,InnoDB,LOCK_SYS_PAGE,1242,21,528
1787550251.807,2026-08-24 05:44:11.809,InnoDB,UNDO_SPACE_RSEG,4489,21,1895
1787550251.807,2026-08-24 05:44:11.809,InnoDB,UNDO_SPACE_RSEG,4456,21,1916
1787550251.807,2026-08-24 05:44:11.809,InnoDB,LOCK_SYS_PAGE,1372,21,546
1787550251.807,2026-08-24 05:44:11.809,InnoDB,LOCK_SYS_PAGE,1328,21,527
1787550251.807,2026-08-24 05:44:11.809,InnoDB,UNDO_SPACE_RSEG,4346,21,1906
1787550251.807,2026-08-24 05:44:11.809,InnoDB,UNDO_SPACE_RSEG,4314,21,1808
1787550251.807,2026-08-24 05:44:11.809,InnoDB,LOCK_SYS_PAGE,1296,21,540
1787550251.807,2026-08-24 05:44:11.809,InnoDB,UNDO_SPACE_RSEG,4470,21,1999
1787550251.807,2026-08-24 05:44:11.809,InnoDB,LOCK_SYS_PAGE,1199,21,483
1787550251.807,2026-08-24 05:44:11.809,InnoDB,UNDO_SPACE_RSEG,4342,21,1907
1787550251.807,2026-08-24 05:44:11.809,InnoDB,UNDO_SPACE_RSEG,4706,21,2069
1787550251.807,2026-08-24 05:44:11.809,InnoDB,LOCK_SYS_PAGE,1247,21,523
1787550251.807,2026-08-24 05:44:11.809,InnoDB,LOCK_SYS_PAGE,1373,21,569
1787550251.807,2026-08-24 05:44:11.809,InnoDB,LOCK_SYS_PAGE,1310,21,539
1787550251.807,2026-08-24 05:44:11.809,InnoDB,LOCK_SYS_PAGE,1293,21,490
1787550251.807,2026-08-24 05:44:11.809,InnoDB,LOCK_SYS_PAGE,1245,21,532
1787550251.807,2026-08-24 05:44:11.809,InnoDB,UNDO_SPACE_RSEG,4370,21,1861
1787550251.807,2026-08-24 05:44:11.809,InnoDB,LOCK_SYS_PAGE,1409,21,548
1787550251.807,2026-08-24 05:44:11.809,InnoDB,UNDO_SPACE_RSEG,4429,21,1834
1787550251.807,2026-08-24 05:44:11.809,InnoDB,LOCK_SYS_PAGE,1295,21,557
1787550251.807,2026-08-24 05:44:11.809,InnoDB,LOCK_SYS_PAGE,1326,21,526
1787550251.807,2026-08-24 05:44:11.809,InnoDB,LOCK_SYS_PAGE,1227,21,514
1787550251.807,2026-08-24 05:44:11.809,InnoDB,UNDO_SPACE_RSEG,4490,21,1866
1787550251.807,2026-08-24 05:44:11.809,InnoDB,LOCK_SYS_PAGE,1384,21,514
1787550251.807,2026-08-24 05:44:11.809,InnoDB,LOCK_SYS_PAGE,1245,21,506
1787550251.807,2026-08-24 05:44:11.809,InnoDB,LOCK_SYS_PAGE,1368,21,592
1787550251.807,2026-08-24 05:44:11.809,InnoDB,LOCK_SYS_PAGE,1351,21,504
1787550251.807,2026-08-24 05:44:11.809,InnoDB,LOCK_SYS_PAGE,1293,21,529
1787550251.807,2026-08-24 05:44:11.809,InnoDB,LOCK_SYS_PAGE,1482,21,624
1787550251.807,2026-08-24 05:44:11.809,InnoDB,LOCK_SYS_PAGE,1268,21,568
1787550251.807,2026-08-24 05:44:11.809,InnoDB,LOCK_SYS_PAGE,1215,21,518
1787550251.807,2026-08-24 05:44:11.809,InnoDB,UNDO_SPACE_RSEG,4169,21,1807
1787550251.807,2026-08-24 05:44:11.809,InnoDB,LOCK_SYS_PAGE,1376,21,543
1787550251.807,2026-08-24 05:44:11.809,InnoDB,UNDO_SPACE_RSEG,4717,21,1987
1787550251.807,2026-08-24 05:44:11.809,InnoDB,LOCK_SYS_PAGE,1219,21,496
1787550251.807,2026-08-24 05:44:11.809,InnoDB,LOCK_SYS_PAGE,1401,21,657
1787550251.807,2026-08-24 05:44:11.809,InnoDB,UNDO_SPACE_RSEG,4611,21,1917
1787550251.807,2026-08-24 05:44:11.809,InnoDB,LOCK_SYS_PAGE,1219,21,524
1787550251.807,2026-08-24 05:44:11.809,InnoDB,UNDO_SPACE_RSEG,4411,20,1873
1787550251.807,2026-08-24 05:44:11.809,InnoDB,LOCK_SYS_PAGE,1272,20,551
1787550251.807,2026-08-24 05:44:11.809,InnoDB,LOCK_SYS_PAGE,1369,20,592
1787550251.807,2026-08-24 05:44:11.809,InnoDB,LOCK_SYS_PAGE,1259,20,516
1787550251.807,2026-08-24 05:44:11.809,InnoDB,LOCK_SYS_PAGE,1183,20,461
1787550251.807,2026-08-24 05:44:11.809,InnoDB,LOCK_SYS_PAGE,1520,20,543
1787550251.807,2026-08-24 05:44:11.809,InnoDB,UNDO_SPACE_RSEG,4232,20,1916
1787550251.807,2026-08-24 05:44:11.809,InnoDB,LOCK_SYS_PAGE,1249,20,522
1787550251.807,2026-08-24 05:44:11.809,InnoDB,UNDO_SPACE_RSEG,4536,20,1964
1787550251.807,2026-08-24 05:44:11.809,InnoDB,LOCK_SYS_PAGE,1232,20,541
1787550251.807,2026-08-24 05:44:11.809,InnoDB,LOCK_SYS_PAGE,1190,20,515
1787550251.807,2026-08-24 05:44:11.809,InnoDB,LOCK_SYS_PAGE,1252,20,570
1787550251.807,2026-08-24 05:44:11.809,InnoDB,LOCK_SYS_PAGE,1168,20,504
1787550251.807,2026-08-24 05:44:11.809,InnoDB,LOCK_SYS_PAGE,1270,20,494
1787550251.807,2026-08-24 05:44:11.809,InnoDB,UNDO_SPACE_RSEG,4499,20,1931
1787550251.807,2026-08-24 05:44:11.809,InnoDB,LOCK_SYS_PAGE,1166,20,453
1787550251.807,2026-08-24 05:44:11.809,InnoDB,LOCK_SYS_PAGE,1246,20,597
1787550251.807,2026-08-24 05:44:11.809,InnoDB,LOCK_SYS_PAGE,1303,20,501
1787550251.807,2026-08-24 05:44:11.809,InnoDB,LOCK_SYS_PAGE,1251,20,519
1787550251.807,2026-08-24 05:44:11.809,InnoDB,UNDO_SPACE_RSEG,4355,20,1838
1787550251.807,2026-08-24 05:44:11.809,InnoDB,LOCK_SYS_PAGE,1176,20,525
1787550251.807,2026-08-24 05:44:11.809,InnoDB,LOCK_SYS_PAGE,1406,20,617
1787550251.807,2026-08-24 05:44:11.809,InnoDB,LOCK_SYS_PAGE,1221,20,508
1787550251.807,2026-08-24 05:44:11.809,InnoDB,LOCK_SYS_PAGE,1254,20,560
1787550251.807,2026-08-24 05:44:11.809,InnoDB,LOCK_SYS_PAGE,1292,20,541
1787550251.807,2026-08-24 05:44:11.809,InnoDB,LOCK_SYS_PAGE,1308,20,575
1787550251.807,2026-08-24 05:44:11.809,InnoDB,UNDO_SPACE_RSEG,4404,20,1867
1787550251.807,2026-08-24 05:44:11.809,InnoDB,LOCK_SYS_PAGE,1250,20,578
1787550251.807,2026-08-24 05:44:11.809,InnoDB,LOCK_SYS_PAGE,1170,20,506
1787550251.807,2026-08-24 05:44:11.809,InnoDB,LOCK_SYS_PAGE,1337,20,603
1787550251.807,2026-08-24 05:44:11.809,InnoDB,LOCK_SYS_PAGE,1306,20,509
1787550251.807,2026-08-24 05:44:11.809,InnoDB,LOCK_SYS_PAGE,1279,20,519
1787550251.807,2026-08-24 05:44:11.809,InnoDB,LOCK_SYS_PAGE,1195,20,561
1787550251.807,2026-08-24 05:44:11.809,InnoDB,LOCK_SYS_PAGE,1287,20,507
1787550251.807,2026-08-24 05:44:11.809,InnoDB,UNDO_SPACE_RSEG,4170,20,1915
1787550251.807,2026-08-24 05:44:11.809,InnoDB,LOCK_SYS_PAGE,1249,20,529
1787550251.807,2026-08-24 05:44:11.809,InnoDB,UNDO_SPACE_RSEG,4427,20,1863
1787550251.807,2026-08-24 05:44:11.809,InnoDB,LOCK_SYS_PAGE,1287,20,568
1787550251.807,2026-08-24 05:44:11.809,InnoDB,LOCK_SYS_PAGE,1346,20,537
1787550251.807,2026-08-24 05:44:11.809,InnoDB,LOCK_SYS_PAGE,1345,20,579
1787550251.807,2026-08-24 05:44:11.809,InnoDB,LOCK_SYS_PAGE,1153,20,466
1787550251.807,2026-08-24 05:44:11.809,InnoDB,LOCK_SYS_PAGE,1298,20,521
1787550251.807,2026-08-24 05:44:11.809,InnoDB,UNDO_SPACE_RSEG,4311,20,1820
1787550251.807,2026-08-24 05:44:11.809,InnoDB,LOCK_SYS_PAGE,1315,20,568
1787550251.807,2026-08-24 05:44:11.809,InnoDB,UNDO_SPACE_RSEG,4453,20,1885
1787550251.807,2026-08-24 05:44:11.809,InnoDB,LOCK_SYS_PAGE,1201,19,555
1787550251.807,2026-08-24 05:44:11.809,InnoDB,LOCK_SYS_PAGE,1177,19,539
1787550251.807,2026-08-24 05:44:11.809,InnoDB,LOCK_SYS_PAGE,1226,19,565
1787550251.807,2026-08-24 05:44:11.809,InnoDB,LOCK_SYS_PAGE,1220,19,563
1787550251.807,2026-08-24 05:44:11.809,InnoDB,LOCK_SYS_PAGE,1324,19,585
1787550251.807,2026-08-24 05:44:11.809,InnoDB,UNDO_SPACE_RSEG,4472,19,1930
1787550251.807,2026-08-24 05:44:11.809,InnoDB,LOCK_SYS_PAGE,1121,19,495
1787550251.807,2026-08-24 05:44:11.809,InnoDB,UNDO_SPACE_RSEG,4438,19,1878
1787550251.807,2026-08-24 05:44:11.809,InnoDB,LOCK_SYS_PAGE,1173,19,477
1787550251.807,2026-08-24 05:44:11.809,InnoDB,LOCK_SYS_PAGE,1318,19,556
1787550251.807,2026-08-24 05:44:11.809,InnoDB,LOCK_SYS_PAGE,1227,19,516
1787550251.807,2026-08-24 05:44:11.809,InnoDB,LOCK_SYS_PAGE,1209,19,581
1787550251.807,2026-08-24 05:44:11.809,InnoDB,LOCK_SYS_PAGE,1235,19,498
1787550251.807,2026-08-24 05:44:11.809,InnoDB,LOCK_SYS_PAGE,1311,19,600
1787550251.807,2026-08-24 05:44:11.809,InnoDB,LOCK_SYS_PAGE,1126,19,478
1787550251.807,2026-08-24 05:44:11.809,InnoDB,LOCK_SYS_PAGE,1210,19,543
1787550251.807,2026-08-24 05:44:11.809,InnoDB,LOCK_SYS_PAGE,1201,19,535
1787550251.807,2026-08-24 05:44:11.809,InnoDB,LOCK_SYS_PAGE,1307,19,526
1787550251.807,2026-08-24 05:44:11.809,InnoDB,LOCK_SYS_PAGE,1245,19,527
1787550251.807,2026-08-24 05:44:11.809,InnoDB,UNDO_SPACE_RSEG,4448,19,1874
1787550251.807,2026-08-24 05:44:11.809,InnoDB,UNDO_SPACE_RSEG,4365,19,1855
1787550251.807,2026-08-24 05:44:11.809,InnoDB,LOCK_SYS_PAGE,1362,19,558
1787550251.807,2026-08-24 05:44:11.809,InnoDB,LOCK_SYS_PAGE,1210,19,518
1787550251.807,2026-08-24 05:44:11.809,InnoDB,LOCK_SYS_PAGE,1228,19,573
1787550251.807,2026-08-24 05:44:11.809,InnoDB,LOCK_SYS_PAGE,1207,19,525
1787550251.807,2026-08-24 05:44:11.809,InnoDB,LOCK_SYS_PAGE,1271,19,572
1787550251.807,2026-08-24 05:44:11.809,InnoDB,LOCK_SYS_PAGE,1284,19,533
1787550251.807,2026-08-24 05:44:11.809,InnoDB,LOCK_SYS_PAGE,1317,19,607
1787550251.807,2026-08-24 05:44:11.809,InnoDB,UNDO_SPACE_RSEG,4313,19,1892
1787550251.807,2026-08-24 05:44:11.809,InnoDB,LOCK_SYS_PAGE,1239,19,533
1787550251.807,2026-08-24 05:44:11.809,InnoDB,LOCK_SYS_PAGE,1197,19,500
1787550251.807,2026-08-24 05:44:11.809,InnoDB,LOCK_SYS_PAGE,1256,19,509
1787550251.807,2026-08-24 05:44:11.809,InnoDB,LOCK_SYS_PAGE,1220,19,519
1787550251.807,2026-08-24 05:44:11.809,InnoDB,TRX_POOL,626,19,51
1787550251.807,2026-08-24 05:44:11.809,InnoDB,LOCK_SYS_PAGE,1373,19,544
1787550251.807,2026-08-24 05:44:11.809,InnoDB,LOCK_SYS_PAGE,1282,19,564
1787550251.807,2026-08-24 05:44:11.809,InnoDB,LOCK_SYS_PAGE,1204,19,546
1787550251.807,2026-08-24 05:44:11.809,InnoDB,LOCK_SYS_PAGE,1251,19,552
1787550251.807,2026-08-24 05:44:11.809,InnoDB,LOCK_SYS_PAGE,1268,19,540
1787550251.807,2026-08-24 05:44:11.809,InnoDB,LOCK_SYS_PAGE,1322,19,580
1787550251.807,2026-08-24 05:44:11.809,InnoDB,LOCK_SYS_PAGE,1168,19,545
1787550251.807,2026-08-24 05:44:11.809,InnoDB,LOCK_SYS_PAGE,1337,19,599
1787550251.807,2026-08-24 05:44:11.809,InnoDB,LOCK_SYS_PAGE,1249,19,555
1787550251.807,2026-08-24 05:44:11.809,InnoDB,UNDO_SPACE_RSEG,4398,19,1948
1787550251.807,2026-08-24 05:44:11.809,InnoDB,LOCK_SYS_PAGE,1142,19,481
1787550251.807,2026-08-24 05:44:11.809,InnoDB,LOCK_SYS_PAGE,1195,18,498
1787550251.807,2026-08-24 05:44:11.809,InnoDB,LOCK_SYS_PAGE,1179,18,580
1787550251.807,2026-08-24 05:44:11.809,InnoDB,LOCK_SYS_PAGE,1246,18,562
1787550251.807,2026-08-24 05:44:11.809,InnoDB,LOCK_SYS_PAGE,1161,18,502
1787550251.807,2026-08-24 05:44:11.809,InnoDB,LOCK_SYS_PAGE,1200,18,570
1787550251.807,2026-08-24 05:44:11.809,InnoDB,LOCK_SYS_PAGE,1187,18,515
1787550251.807,2026-08-24 05:44:11.809,InnoDB,LOCK_SYS_PAGE,1225,18,516
1787550251.807,2026-08-24 05:44:11.809,InnoDB,LOCK_SYS_PAGE,1213,18,546
1787550251.807,2026-08-24 05:44:11.809,InnoDB,LOCK_SYS_PAGE,1192,18,491
1787550251.807,2026-08-24 05:44:11.809,InnoDB,UNDO_SPACE_RSEG,4393,18,1926
1787550251.807,2026-08-24 05:44:11.809,InnoDB,LOCK_SYS_PAGE,1176,18,539
1787550251.807,2026-08-24 05:44:11.809,InnoDB,LOCK_SYS_PAGE,1208,18,525
1787550251.807,2026-08-24 05:44:11.809,InnoDB,LOCK_SYS_PAGE,1103,18,534
1787550251.807,2026-08-24 05:44:11.809,InnoDB,LOCK_SYS_PAGE,1176,18,488
1787550251.807,2026-08-24 05:44:11.809,InnoDB,UNDO_SPACE_RSEG,4346,18,1895
1787550251.807,2026-08-24 05:44:11.809,InnoDB,LOCK_SYS_PAGE,1288,18,547
1787550251.807,2026-08-24 05:44:11.809,InnoDB,LOCK_SYS_PAGE,1293,18,594
1787550251.807,2026-08-24 05:44:11.809,InnoDB,LOCK_SYS_PAGE,1214,18,575
1787550251.807,2026-08-24 05:44:11.809,InnoDB,LOCK_SYS_PAGE,1172,18,547
1787550251.807,2026-08-24 05:44:11.809,InnoDB,LOCK_SYS_PAGE,1264,18,587
1787550251.807,2026-08-24 05:44:11.809,InnoDB,LOCK_SYS_PAGE,1241,18,557
1787550251.807,2026-08-24 05:44:11.809,InnoDB,LOCK_SYS_PAGE,1192,18,558
1787550251.807,2026-08-24 05:44:11.809,InnoDB,LOCK_SYS_PAGE,1123,18,518
1787550251.807,2026-08-24 05:44:11.809,InnoDB,LOCK_SYS_PAGE,1197,18,474
1787550251.807,2026-08-24 05:44:11.809,InnoDB,LOCK_SYS_PAGE,1108,18,491
1787550251.807,2026-08-24 05:44:11.809,InnoDB,LOCK_SYS_PAGE,1230,18,517
1787550251.807,2026-08-24 05:44:11.809,InnoDB,LOCK_SYS_PAGE,1233,18,539
1787550251.807,2026-08-24 05:44:11.809,InnoDB,UNDO_SPACE_RSEG,4158,18,1816
1787550251.807,2026-08-24 05:44:11.809,InnoDB,LOCK_SYS_PAGE,1113,18,533
1787550251.807,2026-08-24 05:44:11.809,InnoDB,LOCK_SYS_PAGE,1193,18,529
1787550251.807,2026-08-24 05:44:11.809,InnoDB,UNDO_SPACE_RSEG,4220,18,1851
1787550251.807,2026-08-24 05:44:11.809,InnoDB,LOCK_SYS_PAGE,1215,18,549
1787550251.807,2026-08-24 05:44:11.809,InnoDB,LOCK_SYS_PAGE,1192,18,507
1787550251.807,2026-08-24 05:44:11.809,InnoDB,LOCK_SYS_PAGE,1275,18,580
1787550251.807,2026-08-24 05:44:11.809,InnoDB,UNDO_SPACE_RSEG,4396,18,1970
1787550251.807,2026-08-24 05:44:11.809,InnoDB,LOCK_SYS_PAGE,1145,18,497
1787550251.807,2026-08-24 05:44:11.809,InnoDB,LOCK_SYS_PAGE,1301,18,575
1787550251.807,2026-08-24 05:44:11.809,InnoDB,LOCK_SYS_PAGE,1204,18,507
1787550251.807,2026-08-24 05:44:11.809,InnoDB,LOCK_SYS_PAGE,1148,18,561
1787550251.807,2026-08-24 05:44:11.809,InnoDB,LOCK_SYS_PAGE,1136,18,515
1787550251.807,2026-08-24 05:44:11.809,InnoDB,LOCK_SYS_PAGE,1102,18,485
1787550251.807,2026-08-24 05:44:11.809,InnoDB,LOCK_SYS_PAGE,1255,18,548
1787550251.807,2026-08-24 05:44:11.809,InnoDB,LOCK_SYS_PAGE,1276,18,540
1787550251.807,2026-08-24 05:44:11.809,InnoDB,LOCK_SYS_PAGE,1197,17,506
1787550251.807,2026-08-24 05:44:11.809,InnoDB,LOCK_SYS_PAGE,1206,17,520
1787550251.807,2026-08-24 05:44:11.809,InnoDB,UNDO_SPACE_RSEG,4243,17,1813
1787550251.807,2026-08-24 05:44:11.809,InnoDB,LOCK_SYS_PAGE,1160,17,572
1787550251.807,2026-08-24 05:44:11.809,InnoDB,LOCK_SYS_PAGE,1180,17,538
1787550251.807,2026-08-24 05:44:11.809,InnoDB,LOCK_SYS_PAGE,1242,17,559
1787550251.807,2026-08-24 05:44:11.809,InnoDB,LOCK_SYS_PAGE,1245,17,595
1787550251.807,2026-08-24 05:44:11.809,InnoDB,LOCK_SYS_PAGE,1136,17,524
1787550251.807,2026-08-24 05:44:11.809,InnoDB,LOCK_SYS_PAGE,1176,17,510
1787550251.807,2026-08-24 05:44:11.809,InnoDB,LOCK_SYS_PAGE,1247,17,569
1787550251.807,2026-08-24 05:44:11.809,InnoDB,LOCK_SYS_PAGE,1195,17,538
1787550251.807,2026-08-24 05:44:11.809,InnoDB,LOCK_SYS_PAGE,1150,17,560
1787550251.807,2026-08-24 05:44:11.809,InnoDB,LOCK_SYS_PAGE,1128,17,551
1787550251.807,2026-08-24 05:44:11.809,InnoDB,UNDO_SPACE_RSEG,4566,17,1984
1787550251.807,2026-08-24 05:44:11.809,InnoDB,LOCK_SYS_PAGE,1250,17,486
1787550251.807,2026-08-24 05:44:11.809,InnoDB,LOCK_SYS_PAGE,1204,17,564
1787550251.807,2026-08-24 05:44:11.809,InnoDB,LOCK_SYS_PAGE,1271,17,553
1787550251.807,2026-08-24 05:44:11.809,InnoDB,LOCK_SYS_PAGE,1270,17,537
1787550251.807,2026-08-24 05:44:11.809,InnoDB,LOCK_SYS_PAGE,1214,17,533
1787550251.807,2026-08-24 05:44:11.809,InnoDB,LOCK_SYS_PAGE,1141,17,545
1787550251.807,2026-08-24 05:44:11.809,InnoDB,LOCK_SYS_PAGE,1196,17,584
1787550251.807,2026-08-24 05:44:11.809,InnoDB,LOCK_SYS_PAGE,1172,17,543
1787550251.807,2026-08-24 05:44:11.809,InnoDB,LOCK_SYS_PAGE,1248,17,540
1787550251.807,2026-08-24 05:44:11.809,InnoDB,LOCK_SYS_PAGE,1215,17,519
1787550251.807,2026-08-24 05:44:11.809,InnoDB,LOCK_SYS_PAGE,1147,17,525
1787550251.807,2026-08-24 05:44:11.809,InnoDB,LOCK_SYS_PAGE,1197,17,495
1787550251.807,2026-08-24 05:44:11.809,InnoDB,LOCK_SYS_PAGE,1151,17,552
1787550251.807,2026-08-24 05:44:11.809,InnoDB,LOCK_SYS_PAGE,1271,17,616
1787550251.807,2026-08-24 05:44:11.809,InnoDB,LOCK_SYS_PAGE,1129,17,502
1787550251.807,2026-08-24 05:44:11.809,InnoDB,LOCK_SYS_PAGE,1301,17,637
1787550251.807,2026-08-24 05:44:11.809,InnoDB,LOCK_SYS_PAGE,1289,17,573
1787550251.807,2026-08-24 05:44:11.809,InnoDB,LOCK_SYS_PAGE,1158,17,578
1787550251.807,2026-08-24 05:44:11.809,InnoDB,LOCK_SYS_PAGE,1165,17,531
1787550251.807,2026-08-24 05:44:11.809,InnoDB,LOCK_SYS_PAGE,1101,17,498
1787550251.807,2026-08-24 05:44:11.809,InnoDB,LOCK_SYS_PAGE,1189,17,519
1787550251.807,2026-08-24 05:44:11.809,InnoDB,LOCK_SYS_PAGE,1122,17,533
1787550251.807,2026-08-24 05:44:11.809,InnoDB,LOCK_SYS_PAGE,1122,17,520
1787550251.807,2026-08-24 05:44:11.809,InnoDB,LOCK_SYS_PAGE,1286,17,612
1787550251.807,2026-08-24 05:44:11.809,InnoDB,LOCK_SYS_PAGE,1259,17,532
1787550251.807,2026-08-24 05:44:11.809,InnoDB,LOCK_SYS_PAGE,1217,17,600
1787550251.807,2026-08-24 05:44:11.809,InnoDB,LOCK_SYS_PAGE,1105,17,503
1787550251.807,2026-08-24 05:44:11.809,InnoDB,LOCK_SYS_PAGE,1179,17,486
1787550251.807,2026-08-24 05:44:11.809,InnoDB,LOCK_SYS_PAGE,1211,17,519
1787550251.807,2026-08-24 05:44:11.809,InnoDB,LOCK_SYS_PAGE,1219,17,499
1787550251.807,2026-08-24 05:44:11.809,InnoDB,LOCK_SYS_PAGE,1075,16,483
1787550251.807,2026-08-24 05:44:11.809,InnoDB,LOCK_SYS_PAGE,1132,16,503
1787550251.807,2026-08-24 05:44:11.809,InnoDB,UNDO_SPACE_RSEG,4485,16,1987
1787550251.807,2026-08-24 05:44:11.809,InnoDB,LOCK_SYS_PAGE,1192,16,507
1787550251.807,2026-08-24 05:44:11.809,InnoDB,LOCK_SYS_PAGE,1134,16,554
1787550251.807,2026-08-24 05:44:11.809,InnoDB,LOCK_SYS_PAGE,1154,16,505
1787550251.807,2026-08-24 05:44:11.809,InnoDB,LOCK_SYS_PAGE,1116,16,539
1787550251.807,2026-08-24 05:44:11.809,InnoDB,LOCK_SYS_PAGE,1227,16,524
1787550251.807,2026-08-24 05:44:11.809,InnoDB,LOCK_SYS_PAGE,1177,16,583
1787550251.807,2026-08-24 05:44:11.809,InnoDB,LOCK_SYS_PAGE,1131,16,556
1787550251.807,2026-08-24 05:44:11.809,InnoDB,UNDO_SPACE_RSEG,4334,16,1895
1787550251.807,2026-08-24 05:44:11.809,InnoDB,LOCK_SYS_PAGE,1168,16,531
1787550251.807,2026-08-24 05:44:11.809,InnoDB,LOCK_SYS_PAGE,1094,16,519
1787550251.807,2026-08-24 05:44:11.809,InnoDB,LOCK_SYS_PAGE,1061,16,513
1787550251.807,2026-08-24 05:44:11.809,InnoDB,LOCK_SYS_PAGE,1160,16,531
1787550251.807,2026-08-24 05:44:11.809,InnoDB,LOCK_SYS_PAGE,1224,16,551
1787550251.807,2026-08-24 05:44:11.809,InnoDB,LOCK_SYS_PAGE,1096,16,561
1787550251.807,2026-08-24 05:44:11.809,InnoDB,LOCK_SYS_PAGE,1205,16,533
1787550251.807,2026-08-24 05:44:11.809,InnoDB,LOCK_SYS_PAGE,1125,16,525
1787550251.807,2026-08-24 05:44:11.809,InnoDB,LOCK_SYS_PAGE,1199,16,552
1787550251.807,2026-08-24 05:44:11.809,InnoDB,LOCK_SYS_PAGE,1178,16,567
1787550251.807,2026-08-24 05:44:11.809,InnoDB,LOCK_SYS_PAGE,1174,16,554
1787550251.807,2026-08-24 05:44:11.809,InnoDB,LOCK_SYS_PAGE,1222,16,516
1787550251.807,2026-08-24 05:44:11.809,InnoDB,LOCK_SYS_PAGE,1145,16,528
1787550251.807,2026-08-24 05:44:11.809,InnoDB,LOCK_SYS_PAGE,1112,16,499
1787550251.807,2026-08-24 05:44:11.809,InnoDB,LOCK_SYS_PAGE,1147,16,534
1787550251.807,2026-08-24 05:44:11.809,InnoDB,LOCK_SYS_PAGE,1219,16,539
1787550251.807,2026-08-24 05:44:11.809,InnoDB,LOCK_SYS_PAGE,1014,16,516
1787550251.807,2026-08-24 05:44:11.809,InnoDB,LOCK_SYS_PAGE,1189,16,501
1787550251.807,2026-08-24 05:44:11.809,InnoDB,LOCK_SYS_PAGE,1174,16,500
1787550251.807,2026-08-24 05:44:11.809,InnoDB,LOCK_SYS_PAGE,1191,16,524
1787550251.807,2026-08-24 05:44:11.809,InnoDB,LOCK_SYS_PAGE,1206,16,560
1787550251.807,2026-08-24 05:44:11.809,InnoDB,LOCK_SYS_PAGE,1163,16,549
1787550251.807,2026-08-24 05:44:11.809,InnoDB,LOCK_SYS_PAGE,1088,16,516
1787550251.807,2026-08-24 05:44:11.809,InnoDB,LOCK_SYS_PAGE,1130,16,517
1787550251.807,2026-08-24 05:44:11.809,InnoDB,LOCK_SYS_PAGE,1148,16,602
1787550251.807,2026-08-24 05:44:11.809,InnoDB,LOCK_SYS_PAGE,1107,16,481
1787550251.807,2026-08-24 05:44:11.809,InnoDB,LOCK_SYS_PAGE,1121,16,554
1787550251.807,2026-08-24 05:44:11.809,InnoDB,LOCK_SYS_PAGE,1215,16,521
1787550251.807,2026-08-24 05:44:11.809,InnoDB,LOCK_SYS_PAGE,1073,16,437
1787550251.807,2026-08-24 05:44:11.809,InnoDB,LOCK_SYS_PAGE,1142,16,535
1787550251.807,2026-08-24 05:44:11.809,InnoDB,LOCK_SYS_PAGE,1256,16,581
1787550251.807,2026-08-24 05:44:11.809,InnoDB,LOCK_SYS_PAGE,1152,16,494
1787550251.807,2026-08-24 05:44:11.809,InnoDB,LOCK_SYS_PAGE,1172,16,565
1787550251.807,2026-08-24 05:44:11.809,InnoDB,LOCK_SYS_PAGE,1099,16,537
1787550251.807,2026-08-24 05:44:11.809,InnoDB,LOCK_SYS_PAGE,1154,16,575
1787550251.807,2026-08-24 05:44:11.809,InnoDB,LOCK_SYS_PAGE,1152,16,631
1787550251.807,2026-08-24 05:44:11.809,InnoDB,LOCK_SYS_PAGE,1103,15,557
1787550251.807,2026-08-24 05:44:11.809,InnoDB,LOCK_SYS_PAGE,1110,15,552
1787550251.807,2026-08-24 05:44:11.809,InnoDB,LOCK_SYS_PAGE,1127,15,551
1787550251.807,2026-08-24 05:44:11.809,InnoDB,LOCK_SYS_PAGE,1260,15,522
1787550251.807,2026-08-24 05:44:11.809,InnoDB,LOCK_SYS_PAGE,1035,15,503
1787550251.807,2026-08-24 05:44:11.809,InnoDB,LOCK_SYS_PAGE,1120,15,581
1787550251.807,2026-08-24 05:44:11.809,InnoDB,LOCK_SYS_PAGE,1084,15,521
1787550251.807,2026-08-24 05:44:11.809,InnoDB,LOCK_SYS_PAGE,1158,15,556
1787550251.807,2026-08-24 05:44:11.809,InnoDB,LOCK_SYS_PAGE,1135,15,532
1787550251.807,2026-08-24 05:44:11.809,InnoDB,LOCK_SYS_PAGE,1132,15,522
1787550251.807,2026-08-24 05:44:11.809,InnoDB,LOCK_SYS_PAGE,1018,15,518
1787550251.807,2026-08-24 05:44:11.809,InnoDB,LOCK_SYS_PAGE,1086,15,515
1787550251.807,2026-08-24 05:44:11.809,InnoDB,LOCK_SYS_PAGE,1148,15,526
1787550251.807,2026-08-24 05:44:11.809,InnoDB,LOCK_SYS_PAGE,1077,15,540
1787550251.807,2026-08-24 05:44:11.809,InnoDB,LOCK_SYS_PAGE,1031,15,482
1787550251.807,2026-08-24 05:44:11.809,InnoDB,LOCK_SYS_PAGE,1061,15,519
1787550251.807,2026-08-24 05:44:11.809,InnoDB,UNDO_SPACE_RSEG,4205,15,1892
1787550251.807,2026-08-24 05:44:11.809,InnoDB,LOCK_SYS_PAGE,1109,15,552
1787550251.807,2026-08-24 05:44:11.809,InnoDB,LOCK_SYS_PAGE,969,15,431
1787550251.807,2026-08-24 05:44:11.809,InnoDB,LOCK_SYS_PAGE,1175,15,562
1787550251.807,2026-08-24 05:44:11.809,InnoDB,LOCK_SYS_PAGE,1077,15,471
1787550251.807,2026-08-24 05:44:11.809,InnoDB,LOCK_SYS_PAGE,1075,15,510
1787550251.807,2026-08-24 05:44:11.809,InnoDB,LOCK_SYS_PAGE,1150,15,545
1787550251.807,2026-08-24 05:44:11.809,InnoDB,LOCK_SYS_PAGE,1089,15,505
1787550251.807,2026-08-24 05:44:11.809,InnoDB,LOCK_SYS_PAGE,1154,15,539
1787550251.807,2026-08-24 05:44:11.809,InnoDB,LOCK_SYS_PAGE,1131,15,537
1787550251.807,2026-08-24 05:44:11.809,InnoDB,LOCK_SYS_PAGE,1111,15,517
1787550251.807,2026-08-24 05:44:11.809,InnoDB,LOCK_SYS_PAGE,1095,15,484
1787550251.807,2026-08-24 05:44:11.809,InnoDB,LOCK_SYS_PAGE,1072,15,520
1787550251.807,2026-08-24 05:44:11.809,InnoDB,LOCK_SYS_PAGE,1109,15,511
1787550251.807,2026-08-24 05:44:11.809,InnoDB,LOCK_SYS_PAGE,1126,15,561
1787550251.807,2026-08-24 05:44:11.809,InnoDB,LOCK_SYS_PAGE,1039,15,488
1787550251.807,2026-08-24 05:44:11.809,InnoDB,LOCK_SYS_PAGE,1116,15,534
1787550251.807,2026-08-24 05:44:11.809,InnoDB,LOCK_SYS_PAGE,1114,15,566
1787550251.807,2026-08-24 05:44:11.809,InnoDB,LOCK_SYS_PAGE,1080,15,508
1787550251.807,2026-08-24 05:44:11.809,InnoDB,LOCK_SYS_PAGE,1123,15,574
1787550251.807,2026-08-24 05:44:11.809,InnoDB,LOCK_SYS_PAGE,1090,15,510
1787550251.807,2026-08-24 05:44:11.809,InnoDB,LOCK_SYS_PAGE,1144,15,521
1787550251.807,2026-08-24 05:44:11.809,InnoDB,LOCK_SYS_PAGE,1185,15,516
1787550251.807,2026-08-24 05:44:11.809,InnoDB,LOCK_SYS_PAGE,1084,14,493
1787550251.807,2026-08-24 05:44:11.809,InnoDB,LOCK_SYS_PAGE,1017,14,475
1787550251.807,2026-08-24 05:44:11.809,InnoDB,LOCK_SYS_PAGE,1003,14,495
1787550251.807,2026-08-24 05:44:11.809,InnoDB,LOCK_SYS_PAGE,1092,14,560
1787550251.807,2026-08-24 05:44:11.809,InnoDB,LOCK_SYS_PAGE,1021,14,505
1787550251.807,2026-08-24 05:44:11.809,InnoDB,LOCK_SYS_PAGE,915,14,454
1787550251.807,2026-08-24 05:44:11.809,InnoDB,LOCK_SYS_PAGE,971,14,498
1787550251.807,2026-08-24 05:44:11.809,InnoDB,LOCK_SYS_PAGE,1040,14,514
1787550251.807,2026-08-24 05:44:11.809,InnoDB,LOCK_SYS_PAGE,1111,14,580
1787550251.807,2026-08-24 05:44:11.809,InnoDB,LOCK_SYS_PAGE,1140,14,530
1787550251.807,2026-08-24 05:44:11.809,InnoDB,LOCK_SYS_PAGE,1067,14,538
1787550251.807,2026-08-24 05:44:11.809,InnoDB,LOCK_SYS_PAGE,1129,14,539
1787550251.807,2026-08-24 05:44:11.809,InnoDB,LOCK_SYS_PAGE,1068,14,553
1787550251.807,2026-08-24 05:44:11.809,InnoDB,LOCK_SYS_PAGE,1010,14,516
1787550251.807,2026-08-24 05:44:11.809,InnoDB,LOCK_SYS_PAGE,1116,14,533
1787550251.807,2026-08-24 05:44:11.809,InnoDB,LOCK_SYS_PAGE,1080,14,544
1787550251.807,2026-08-24 05:44:11.809,InnoDB,LOCK_SYS_PAGE,1089,14,529
1787550251.807,2026-08-24 05:44:11.809,InnoDB,LOCK_SYS_PAGE,1045,14,509
1787550251.807,2026-08-24 05:44:11.809,InnoDB,LOCK_SYS_PAGE,1108,14,520
1787550251.807,2026-08-24 05:44:11.809,InnoDB,LOCK_SYS_PAGE,1057,14,518
1787550251.807,2026-08-24 05:44:11.809,InnoDB,LOCK_SYS_PAGE,1180,14,594
1787550251.807,2026-08-24 05:44:11.809,InnoDB,LOCK_SYS_PAGE,1058,14,532
1787550251.807,2026-08-24 05:44:11.809,InnoDB,LOCK_SYS_PAGE,1099,14,546
1787550251.807,2026-08-24 05:44:11.809,InnoDB,LOCK_SYS_PAGE,1087,14,567
1787550251.807,2026-08-24 05:44:11.809,InnoDB,LOCK_SYS_PAGE,1132,14,559
1787550251.807,2026-08-24 05:44:11.809,InnoDB,LOCK_SYS_PAGE,1216,14,592
1787550251.807,2026-08-24 05:44:11.809,InnoDB,LOCK_SYS_PAGE,1018,14,470
1787550251.807,2026-08-24 05:44:11.809,InnoDB,LOCK_SYS_PAGE,1060,14,518
1787550251.807,2026-08-24 05:44:11.809,InnoDB,LOCK_SYS_PAGE,1061,14,522
1787550251.807,2026-08-24 05:44:11.809,InnoDB,LOCK_SYS_PAGE,1200,14,581
1787550251.807,2026-08-24 05:44:11.809,InnoDB,LOCK_SYS_PAGE,1074,14,558
1787550251.807,2026-08-24 05:44:11.809,InnoDB,LOCK_SYS_PAGE,1008,14,513
1787550251.807,2026-08-24 05:44:11.809,InnoDB,LOCK_SYS_PAGE,1014,14,479
1787550251.807,2026-08-24 05:44:11.809,InnoDB,LOCK_SYS_PAGE,1135,14,508
1787550251.807,2026-08-24 05:44:11.809,InnoDB,LOCK_SYS_PAGE,1114,14,551
1787550251.807,2026-08-24 05:44:11.809,InnoDB,LOCK_SYS_PAGE,1178,14,563
1787550251.807,2026-08-24 05:44:11.809,InnoDB,LOCK_SYS_PAGE,1119,14,582
1787550251.807,2026-08-24 05:44:11.809,InnoDB,LOCK_SYS_PAGE,1009,14,487
1787550251.807,2026-08-24 05:44:11.809,InnoDB,LOCK_SYS_PAGE,922,14,495
1787550251.807,2026-08-24 05:44:11.809,InnoDB,LOCK_SYS_PAGE,1005,14,535
1787550251.807,2026-08-24 05:44:11.809,InnoDB,LOCK_SYS_PAGE,1020,14,532
1787550251.807,2026-08-24 05:44:11.809,InnoDB,LOCK_SYS_PAGE,1090,14,561
1787550251.807,2026-08-24 05:44:11.809,InnoDB,LOCK_SYS_PAGE,1014,14,545
1787550251.807,2026-08-24 05:44:11.809,InnoDB,LOCK_SYS_PAGE,1075,14,564
1787550251.807,2026-08-24 05:44:11.809,InnoDB,LOCK_SYS_PAGE,997,13,560
1787550251.807,2026-08-24 05:44:11.809,InnoDB,LOCK_SYS_PAGE,1135,13,573
1787550251.807,2026-08-24 05:44:11.809,InnoDB,LOCK_SYS_PAGE,1051,13,471
1787550251.807,2026-08-24 05:44:11.809,InnoDB,LOCK_SYS_PAGE,938,13,465
1787550251.807,2026-08-24 05:44:11.809,InnoDB,LOCK_SYS_PAGE,1164,13,529
1787550251.807,2026-08-24 05:44:11.809,InnoDB,LOCK_SYS_PAGE,978,13,506
1787550251.807,2026-08-24 05:44:11.809,InnoDB,LOCK_SYS_PAGE,1132,13,541
1787550251.807,2026-08-24 05:44:11.809,InnoDB,LOCK_SYS_PAGE,991,13,494
1787550251.807,2026-08-24 05:44:11.809,InnoDB,LOCK_SYS_PAGE,1086,13,576
1787550251.807,2026-08-24 05:44:11.809,InnoDB,LOCK_SYS_PAGE,987,13,496
1787550251.807,2026-08-24 05:44:11.809,InnoDB,LOCK_SYS_PAGE,1044,13,515
1787550251.807,2026-08-24 05:44:11.809,InnoDB,LOCK_SYS_PAGE,1030,13,601
1787550251.807,2026-08-24 05:44:11.809,InnoDB,LOCK_SYS_PAGE,1048,13,556
1787550251.807,2026-08-24 05:44:11.809,InnoDB,LOCK_SYS_PAGE,1023,13,493
1787550251.807,2026-08-24 05:44:11.809,InnoDB,LOCK_SYS_PAGE,1011,13,515
1787550251.807,2026-08-24 05:44:11.809,InnoDB,LOCK_SYS_PAGE,1139,13,530
1787550251.807,2026-08-24 05:44:11.809,InnoDB,LOCK_SYS_PAGE,1045,13,510
1787550251.807,2026-08-24 05:44:11.809,InnoDB,LOCK_SYS_PAGE,1012,13,507
1787550251.807,2026-08-24 05:44:11.809,InnoDB,LOCK_SYS_PAGE,1065,13,552
1787550251.807,2026-08-24 05:44:11.809,InnoDB,LOCK_SYS_PAGE,1088,13,565
1787550251.807,2026-08-24 05:44:11.809,InnoDB,LOCK_SYS_PAGE,960,13,463
1787550251.807,2026-08-24 05:44:11.809,InnoDB,LOCK_SYS_PAGE,1066,13,551
1787550251.807,2026-08-24 05:44:11.809,InnoDB,LOCK_SYS_PAGE,1057,13,564
1787550251.807,2026-08-24 05:44:11.809,InnoDB,LOCK_SYS_PAGE,993,12,555
1787550251.807,2026-08-24 05:44:11.809,InnoDB,LOCK_SYS_PAGE,1137,12,532
1787550251.807,2026-08-24 05:44:11.809,InnoDB,LOCK_SYS_PAGE,1041,12,494
1787550251.807,2026-08-24 05:44:11.809,InnoDB,LOCK_SYS_PAGE,1099,12,503
1787550251.807,2026-08-24 05:44:11.809,InnoDB,LOCK_SYS_PAGE,1069,12,546
1787550251.807,2026-08-24 05:44:11.809,InnoDB,LOCK_SYS_PAGE,914,12,441
1787550251.807,2026-08-24 05:44:11.809,InnoDB,LOCK_SYS_PAGE,1120,12,513
1787550251.807,2026-08-24 05:44:11.809,InnoDB,LOCK_SYS_PAGE,1011,12,548
1787550251.807,2026-08-24 05:44:11.809,InnoDB,LOCK_SYS_PAGE,1070,12,540
1787550251.807,2026-08-24 05:44:11.809,InnoDB,LOCK_SYS_PAGE,1017,12,556
1787550251.807,2026-08-24 05:44:11.809,InnoDB,LOCK_SYS_PAGE,1013,12,548
1787550251.807,2026-08-24 05:44:11.809,InnoDB,LOCK_SYS_PAGE,940,12,484
1787550251.807,2026-08-24 05:44:11.809,InnoDB,LOCK_SYS_PAGE,962,12,477
1787550251.807,2026-08-24 05:44:11.809,InnoDB,LOCK_SYS_PAGE,1032,12,545
1787550251.807,2026-08-24 05:44:11.809,InnoDB,LOCK_SYS_PAGE,976,12,484
1787550251.807,2026-08-24 05:44:11.809,InnoDB,LOCK_SYS_PAGE,908,12,501
1787550251.807,2026-08-24 05:44:11.809,InnoDB,LOCK_SYS_PAGE,1052,12,573
1787550251.807,2026-08-24 05:44:11.809,InnoDB,LOCK_SYS_PAGE,1030,12,541
1787550251.807,2026-08-24 05:44:11.809,InnoDB,LOCK_SYS_PAGE,986,12,479
1787550251.807,2026-08-24 05:44:11.809,InnoDB,LOCK_SYS_PAGE,980,12,509
1787550251.807,2026-08-24 05:44:11.809,InnoDB,LOCK_SYS_PAGE,951,12,515
1787550251.807,2026-08-24 05:44:11.809,InnoDB,LOCK_SYS_PAGE,986,12,519
1787550251.807,2026-08-24 05:44:11.809,InnoDB,LOCK_SYS_PAGE,1016,12,506
1787550251.807,2026-08-24 05:44:11.809,InnoDB,LOCK_SYS_PAGE,1065,12,529
1787550251.807,2026-08-24 05:44:11.809,InnoDB,LOCK_SYS_PAGE,1071,12,576
1787550251.807,2026-08-24 05:44:11.809,InnoDB,LOCK_SYS_PAGE,921,11,550
1787550251.807,2026-08-24 05:44:11.809,InnoDB,UNDO_SPACE_RSEG,4304,11,1909
1787550251.807,2026-08-24 05:44:11.809,InnoDB,LOCK_SYS_PAGE,905,11,513
1787550251.807,2026-08-24 05:44:11.809,InnoDB,LOCK_SYS_PAGE,969,11,541
1787550251.807,2026-08-24 05:44:11.809,InnoDB,LOCK_SYS_PAGE,970,11,513
1787550251.807,2026-08-24 05:44:11.809,InnoDB,LOCK_SYS_PAGE,1011,11,539
1787550251.807,2026-08-24 05:44:11.809,InnoDB,LOCK_SYS_PAGE,1002,11,577
1787550251.807,2026-08-24 05:44:11.809,InnoDB,LOCK_SYS_PAGE,907,11,500
1787550251.807,2026-08-24 05:44:11.809,InnoDB,LOCK_SYS_PAGE,923,11,516
1787550251.807,2026-08-24 05:44:11.809,InnoDB,LOCK_SYS_PAGE,1025,11,569
1787550251.807,2026-08-24 05:44:11.809,InnoDB,LOCK_SYS_PAGE,1008,11,509
1787550251.807,2026-08-24 05:44:11.809,InnoDB,LOCK_SYS_PAGE,940,11,520
1787550251.807,2026-08-24 05:44:11.809,InnoDB,LOCK_SYS_PAGE,986,11,497
1787550251.807,2026-08-24 05:44:11.809,InnoDB,LOCK_SYS_PAGE,959,11,524
1787550251.807,2026-08-24 05:44:11.809,InnoDB,LOCK_SYS_PAGE,1136,10,621
1787550251.807,2026-08-24 05:44:11.809,InnoDB,LOCK_SYS_PAGE,948,10,550
1787550251.807,2026-08-24 05:44:11.809,InnoDB,LOCK_SYS_PAGE,1020,10,535
1787550251.807,2026-08-24 05:44:11.809,InnoDB,DICT_TABLE_STATS_COMPUTE,300,10,4
1787550251.807,2026-08-24 05:44:11.809,InnoDB,LOCK_SYS_PAGE,971,10,561
1787550251.807,2026-08-24 05:44:11.809,InnoDB,LOCK_SYS_PAGE,975,10,540
1787550251.807,2026-08-24 05:44:11.809,InnoDB,LOCK_SYS_PAGE,1005,10,547
1787550251.807,2026-08-24 05:44:11.809,InnoDB,LOCK_SYS_PAGE,965,10,559
1787550251.807,2026-08-24 05:44:11.809,InnoDB,LOCK_SYS_PAGE,1040,10,589
1787550251.807,2026-08-24 05:44:11.809,InnoDB,LOCK_SYS_PAGE,922,10,524
1787550251.807,2026-08-24 05:44:11.809,InnoDB,LOCK_SYS_PAGE,1088,10,590
1787550251.807,2026-08-24 05:44:11.809,InnoDB,LOCK_SYS_PAGE,1046,10,611
1787550251.807,2026-08-24 05:44:11.809,InnoDB,LOCK_SYS_PAGE,921,9,522
1787550251.807,2026-08-24 05:44:11.809,InnoDB,LOCK_SYS_PAGE,962,9,542
1787550251.807,2026-08-24 05:44:11.809,InnoDB,LOCK_SYS_PAGE,889,9,479
1787550251.807,2026-08-24 05:44:11.809,InnoDB,LOCK_SYS_PAGE,1006,9,526
1787550251.807,2026-08-24 05:44:11.809,InnoDB,LOCK_SYS_PAGE,962,9,547
1787550251.807,2026-08-24 05:44:11.809,InnoDB,LOCK_SYS_PAGE,802,8,497
1787550251.807,2026-08-24 05:44:11.809,InnoDB,LOCK_SYS_PAGE,930,8,556
1787550251.807,2026-08-24 05:44:11.809,InnoDB,LOCK_SYS_PAGE,831,8,521
1787550251.807,2026-08-24 05:44:11.809,InnoDB,LOCK_SYS_PAGE,834,8,528
1787550251.807,2026-08-24 05:44:11.809,InnoDB,LOCK_SYS_PAGE,892,7,584
1787550251.807,2026-08-24 05:44:11.809,InnoDB,LOCK_SYS_PAGE,851,7,528
1787550251.807,2026-08-24 05:44:11.809,InnoDB,LOCK_SYS_WAIT,234,7,9
1787550251.807,2026-08-24 05:44:11.809,InnoDB,PARSER,242,6,6
1787550251.807,2026-08-24 05:44:11.809,InnoDB,FIL_SHARD,203,4,71
1787550251.807,2026-08-24 05:44:11.809,InnoDB,FIL_SHARD,156,3,73
1787550251.807,2026-08-24 05:44:11.809,InnoDB,FIL_SHARD,246,3,177
1787550251.807,2026-08-24 05:44:11.809,InnoDB,FIL_SHARD,100,2,24
1787550251.807,2026-08-24 05:44:11.809,InnoDB,FIL_SHARD,90,2,36
1787550251.807,2026-08-24 05:44:11.809,InnoDB,FIL_SHARD,132,2,93
1787550251.807,2026-08-24 05:44:11.809,InnoDB,FIL_SHARD,87,2,33
1787550251.807,2026-08-24 05:44:11.809,InnoDB,FIL_SHARD,119,2,58
1787550251.807,2026-08-24 05:44:11.809,InnoDB,FIL_SHARD,178,2,134
1787550251.807,2026-08-24 05:44:11.809,InnoDB,FIL_SHARD,136,2,49
1787550251.807,2026-08-24 05:44:11.809,InnoDB,FIL_SHARD,107,1,107
1787550251.807,2026-08-24 05:44:11.809,InnoDB,FIL_SHARD,49,1,29
1787550251.807,2026-08-24 05:44:11.809,InnoDB,TRX_SYS_SHARD,35,1,2
1787550251.807,2026-08-24 05:44:11.809,InnoDB,TRX_SYS_SHARD,30,1,1
1787550251.807,2026-08-24 05:44:11.809,InnoDB,TRX_SYS_SHARD,34,1,1
1787550251.807,2026-08-24 05:44:11.809,InnoDB,TRX_SYS_SHARD,34,1,1
1787550251.807,2026-08-24 05:44:11.809,InnoDB,FIL_SHARD,82,1,78
1787550251.807,2026-08-24 05:44:11.809,InnoDB,FIL_SHARD,98,1,84
1787550251.807,2026-08-24 05:44:11.809,InnoDB,TRX_SYS_SHARD,30,1,1
1787550251.807,2026-08-24 05:44:11.809,InnoDB,FIL_SHARD,65,1,51
1787550251.807,2026-08-24 05:44:11.809,InnoDB,FIL_SHARD,119,1,72
1787550251.807,2026-08-24 05:44:11.809,InnoDB,TRX_SYS_SHARD,30,1,1
1787550251.807,2026-08-24 05:44:11.809,InnoDB,FIL_SHARD,112,1,82
1787550251.807,2026-08-24 05:44:11.809,InnoDB,TRX_SYS_SHARD,34,1,1
1787550251.807,2026-08-24 05:44:11.809,InnoDB,TRX_SYS_SHARD,34,1,1
1787550251.807,2026-08-24 05:44:11.809,InnoDB,TRX_SYS_SHARD,2,0,1
1787550251.807,2026-08-24 05:44:11.809,InnoDB,TRX_SYS_SHARD,2,0,2
1787550251.807,2026-08-24 05:44:11.809,InnoDB,TRX_SYS_SHARD,1,0,1
1787550251.807,2026-08-24 05:44:11.809,InnoDB,TRX_SYS_SHARD,2,0,1
1787550251.807,2026-08-24 05:44:11.809,InnoDB,TRX_SYS_SHARD,1,0,1
1787550251.807,2026-08-24 05:44:11.809,InnoDB,TRX_SYS_SHARD,2,0,2
1787550251.807,2026-08-24 05:44:11.809,InnoDB,TRX_SYS_SHARD,1,0,1
1787550251.807,2026-08-24 05:44:11.809,InnoDB,TRX_SYS_SHARD,1,0,1
1787550251.807,2026-08-24 05:44:11.809,InnoDB,TRX_SYS_SHARD,1,0,1
1787550251.807,2026-08-24 05:44:11.809,InnoDB,TRX_SYS_SHARD,1,0,1
1787550251.807,2026-08-24 05:44:11.809,InnoDB,TRX_SYS_SHARD,1,0,1
1787550251.807,2026-08-24 05:44:11.809,InnoDB,TRX_SYS_SHARD,1,0,1
1787550251.807,2026-08-24 05:44:11.809,InnoDB,TRX_SYS_SHARD,1,0,1
1787550251.807,2026-08-24 05:44:11.809,InnoDB,TRX_SYS_SHARD,2,0,1
1787550251.807,2026-08-24 05:44:11.809,InnoDB,TRX_SYS_SHARD,2,0,1
1787550251.807,2026-08-24 05:44:11.809,InnoDB,TRX_SYS_SHARD,20,0,1
1787550251.807,2026-08-24 05:44:11.809,InnoDB,TRX_SYS_SHARD,1,0,1
1787550251.807,2026-08-24 05:44:11.809,InnoDB,TRX_SYS_SHARD,1,0,1
1787550251.807,2026-08-24 05:44:11.809,InnoDB,TRX_SYS_SHARD,2,0,1
1787550251.807,2026-08-24 05:44:11.809,InnoDB,TRX_SYS_SHARD,4,0,2
1787550251.807,2026-08-24 05:44:11.809,InnoDB,TRX_SYS_SHARD,2,0,2
1787550251.807,2026-08-24 05:44:11.809,InnoDB,TRX_SYS_SHARD,2,0,2
1787550251.807,2026-08-24 05:44:11.809,InnoDB,TRX_SYS_SHARD,1,0,1
1787550251.807,2026-08-24 05:44:11.809,InnoDB,TRX_SYS_SHARD,1,0,1
1787550251.807,2026-08-24 05:44:11.809,InnoDB,TRX_SYS_SHARD,1,0,1
1787550251.807,2026-08-24 05:44:11.809,InnoDB,AUTOINC,6,0,2
1787550251.807,2026-08-24 05:44:11.809,InnoDB,TRX_SYS_SHARD,1,0,1
1787550251.807,2026-08-24 05:44:11.809,InnoDB,TRX_SYS_SHARD,1,0,1
1787550251.807,2026-08-24 05:44:11.809,InnoDB,FIL_SHARD,347,0,404
1787550251.807,2026-08-24 05:44:11.809,InnoDB,TRX_SYS_SHARD,1,0,1
1787550251.807,2026-08-24 05:44:11.809,InnoDB,TRX_SYS_SHARD,1,0,1
1787550251.807,2026-08-24 05:44:11.809,InnoDB,TRX_SYS_SHARD,1,0,1
1787550251.807,2026-08-24 05:44:11.809,InnoDB,TRX_SYS_SHARD,1,0,1
1787550251.807,2026-08-24 05:44:11.809,InnoDB,TRX_SYS_SHARD,1,0,2
1787550251.807,2026-08-24 05:44:11.809,InnoDB,TRX_SYS_SHARD,2,0,1
1787550251.807,2026-08-24 05:44:11.809,InnoDB,TRX_SYS_SHARD,1,0,1
1787550251.807,2026-08-24 05:44:11.809,InnoDB,TRX_SYS_SHARD,2,0,2
1787550251.807,2026-08-24 05:44:11.809,InnoDB,TRX_SYS_SHARD,3,0,2
1787550251.807,2026-08-24 05:44:11.809,InnoDB,TRX_SYS_SHARD,5,0,2
1787550251.807,2026-08-24 05:44:11.809,InnoDB,TRX_SYS_SHARD,1,0,1
1787550251.807,2026-08-24 05:44:11.809,InnoDB,TRX_SYS_SHARD,1,0,1
1787550251.807,2026-08-24 05:44:11.809,InnoDB,TRX_SYS_SHARD,1,0,1
1787550251.807,2026-08-24 05:44:11.809,InnoDB,TRX_SYS_SHARD,1,0,1
1787550251.807,2026-08-24 05:44:11.809,InnoDB,TRX_SYS_SHARD,1,0,1
1787550251.807,2026-08-24 05:44:11.809,InnoDB,TRX_SYS_SHARD,2,0,1
1787550251.807,2026-08-24 05:44:11.809,InnoDB,TRX_SYS_SHARD,1,0,1
1787550251.807,2026-08-24 05:44:11.809,InnoDB,TRX_SYS_SHARD,5,0,3
1787550251.807,2026-08-24 05:44:11.809,InnoDB,TRX_SYS_SHARD,1,0,1
1787550251.807,2026-08-24 05:44:11.809,InnoDB,TRX_SYS_SHARD,1,0,1
1787550251.807,2026-08-24 05:44:11.809,InnoDB,TRX_SYS_SHARD,2,0,1
1787550251.807,2026-08-24 05:44:11.809,InnoDB,TRX_SYS_SHARD,2,0,2
1787550251.807,2026-08-24 05:44:11.809,InnoDB,DICT_TABLE,1,0,1
1787550251.807,2026-08-24 05:44:11.809,InnoDB,TRX_SYS_SHARD,1,0,1
1787550251.807,2026-08-24 05:44:11.809,InnoDB,TRX_SYS_SHARD,1,0,1
1787550251.807,2026-08-24 05:44:11.809,InnoDB,TRX_SYS_SHARD,2,0,1
1787550251.807,2026-08-24 05:44:11.809,InnoDB,TRX_SYS_SHARD,1,0,1
1787550251.807,2026-08-24 05:44:11.809,InnoDB,TRX_SYS_SHARD,1,0,1
1787550251.807,2026-08-24 05:44:11.809,InnoDB,TRX_SYS_SHARD,1,0,1
1787550251.807,2026-08-24 05:44:11.809,InnoDB,TRX_SYS_SHARD,2,0,1
1787550251.807,2026-08-24 05:44:11.809,InnoDB,TRX_SYS_SHARD,1,0,1
1787550251.807,2026-08-24 05:44:11.809,InnoDB,FIL_SHARD,115,0,150
1787550251.807,2026-08-24 05:44:11.809,InnoDB,FIL_SHARD,12,0,19
1787550251.807,2026-08-24 05:44:11.809,InnoDB,FIL_SHARD,22,0,40
1787550251.807,2026-08-24 05:44:11.809,InnoDB,FIL_SHARD,22,0,34
1787550251.807,2026-08-24 05:44:11.809,InnoDB,FIL_SHARD,68,0,85
1787550251.807,2026-08-24 05:44:11.809,InnoDB,FIL_SHARD,32,0,59
1787550251.807,2026-08-24 05:44:11.809,InnoDB,FIL_SHARD,29,0,42
1787550251.807,2026-08-24 05:44:11.809,InnoDB,FIL_SHARD,32,0,48
1787550251.807,2026-08-24 05:44:11.809,InnoDB,FIL_SHARD,41,0,64
1787550251.807,2026-08-24 05:44:11.809,InnoDB,LOG_LIMITS,217,0,150
1787550251.807,2026-08-24 05:44:11.809,InnoDB,FIL_SHARD,79,0,95
1787550251.807,2026-08-24 05:44:11.809,InnoDB,PERSIST_AUTOINC,5,0,1
1787550251.807,2026-08-24 05:44:11.809,InnoDB,FIL_SHARD,64,0,81
1787550251.807,2026-08-24 05:44:11.809,InnoDB,RECALC_POOL,11,0,10
1787550251.807,2026-08-24 05:44:11.809,InnoDB,RW_LOCK_LIST,1,0,1
1787550251.807,2026-08-24 05:44:11.809,InnoDB,TRX_POOL_MANAGER,6,0,3
1787550251.807,2026-08-24 05:44:11.809,InnoDB,TRX,3,0,1
1787550251.807,2026-08-24 05:44:11.809,InnoDB,FIL_SHARD,33,0,49
1787550251.807,2026-08-24 05:44:11.809,InnoDB,FIL_SHARD,75,0,54
1787550251.807,2026-08-24 05:44:11.809,InnoDB,FIL_SHARD,28,0,45
1787550251.807,2026-08-24 05:44:11.809,InnoDB,FIL_SHARD,11,0,18
1787550251.807,2026-08-24 05:44:11.809,InnoDB,FIL_SHARD,20,0,26
1787550251.807,2026-08-24 05:44:11.809,InnoDB,FIL_SHARD,46,0,64
1787550251.807,2026-08-24 05:44:11.809,InnoDB,FIL_SHARD,26,0,41
1787550251.807,2026-08-24 05:44:11.809,InnoDB,FIL_SHARD,20,0,32
1787550251.807,2026-08-24 05:44:11.809,InnoDB,FIL_SHARD,34,0,33
1787550251.807,2026-08-24 05:44:11.809,InnoDB,TRX,1,0,1
1787550251.807,2026-08-24 05:44:11.809,InnoDB,FIL_SHARD,20,0,25
1787550251.807,2026-08-24 05:44:11.809,InnoDB,FIL_SHARD,27,0,55
1787550251.807,2026-08-24 05:44:11.809,InnoDB,FIL_SHARD,29,0,27
1787550251.807,2026-08-24 05:44:11.809,InnoDB,FIL_SHARD,37,0,50
1787550251.807,2026-08-24 05:44:11.809,InnoDB,FIL_SHARD,40,0,42
1787550251.807,2026-08-24 05:44:11.809,InnoDB,FIL_SHARD,48,0,85
1787550251.807,2026-08-24 05:44:11.809,InnoDB,FIL_SHARD,44,0,36
1787550251.807,2026-08-24 05:44:11.809,InnoDB,TRX_SYS_SHARD,12,0,3
1787550251.807,2026-08-24 05:44:11.809,InnoDB,TRX_SYS_SHARD,14,0,1
1787550251.807,2026-08-24 05:44:11.809,InnoDB,TRX_SYS_SHARD,1,0,1
1787550251.807,2026-08-24 05:44:11.809,InnoDB,TRX_SYS_SHARD,3,0,3
1787550251.807,2026-08-24 05:44:11.809,InnoDB,TRX_SYS_SHARD,2,0,2
1787550251.807,2026-08-24 05:44:11.809,InnoDB,TRX_SYS_SHARD,1,0,1
1787550251.807,2026-08-24 05:44:11.809,InnoDB,TRX_SYS_SHARD,1,0,1
1787550251.807,2026-08-24 05:44:11.809,InnoDB,TRX_SYS_SHARD,1,0,1
1787550251.807,2026-08-24 05:44:11.809,InnoDB,TRX_SYS_SHARD,22,0,1
1787550251.807,2026-08-24 05:44:11.809,InnoDB,TRX_SYS_SHARD,1,0,1
1787550251.807,2026-08-24 05:44:11.809,InnoDB,TRX_SYS_SHARD,1,0,1
1787550251.807,2026-08-24 05:44:11.809,InnoDB,TRX_SYS_SHARD,1,0,1
1787550251.807,2026-08-24 05:44:11.809,InnoDB,TRX_SYS_SHARD,26,0,1
1787550251.807,2026-08-24 05:44:11.809,InnoDB,TRX_SYS_SHARD,1,0,1
1787550251.807,2026-08-24 05:44:11.809,InnoDB,TRX_SYS_SHARD,1,0,1
1787550251.807,2026-08-24 05:44:11.809,InnoDB,TRX_SYS_SHARD,2,0,2
1787550251.807,2026-08-24 05:44:11.809,InnoDB,TRX_SYS_SHARD,1,0,1
1787550251.807,2026-08-24 05:44:11.809,InnoDB,TRX_SYS_SHARD,1,0,1
1787550251.807,2026-08-24 05:44:11.809,InnoDB,FIL_SHARD,147,0,166
1787550251.807,2026-08-24 05:44:11.809,InnoDB,TRX_SYS_SHARD,2,0,2
1787550251.807,2026-08-24 05:44:11.809,InnoDB,TRX_SYS_SHARD,1,0,1
1787550251.807,2026-08-24 05:44:11.809,InnoDB,TRX_SYS_SHARD,2,0,1
1787550251.807,2026-08-24 05:44:11.809,InnoDB,TRX_SYS_SHARD,1,0,1
1787550251.807,2026-08-24 05:44:11.809,InnoDB,TRX_SYS_SHARD,1,0,1
1787550251.807,2026-08-24 05:44:11.809,InnoDB,TRX_SYS_SHARD,1,0,1
1787550251.807,2026-08-24 05:44:11.809,InnoDB,TRX_SYS_SHARD,1,0,2
1787550251.807,2026-08-24 05:44:11.809,InnoDB,TRX_SYS_SHARD,1,0,1
1787550251.807,2026-08-24 05:44:11.809,InnoDB,TRX_SYS_SHARD,2,0,1
1787550251.807,2026-08-24 05:44:11.809,InnoDB,TRX_SYS_SHARD,1,0,1
1787550251.807,2026-08-24 05:44:11.809,InnoDB,TRX_SYS_SHARD,1,0,1
1787550251.807,2026-08-24 05:44:11.809,InnoDB,TRX_SYS_SHARD,2,0,1
1787550251.807,2026-08-24 05:44:11.809,InnoDB,TRX_SYS_SHARD,1,0,1
1787550251.807,2026-08-24 05:44:11.809,InnoDB,TRX_SYS_SHARD,1,0,1
1787550251.807,2026-08-24 05:44:11.809,InnoDB,TRX_SYS_SHARD,1,0,1
1787550251.807,2026-08-24 05:44:11.809,InnoDB,rwlock: dict0dict.cc:2631,,16747,
1787550251.807,2026-08-24 05:44:11.809,InnoDB,rwlock: dict0dict.cc:2631,,17413,
1787550251.807,2026-08-24 05:44:11.809,InnoDB,rwlock: dict0dict.cc:2631,,17041,
1787550251.807,2026-08-24 05:44:11.809,InnoDB,rwlock: dict0dict.cc:2631,,16816,
1787550251.807,2026-08-24 05:44:11.809,InnoDB,rwlock: dict0dict.cc:2631,,16969,
1787550251.807,2026-08-24 05:44:11.809,InnoDB,rwlock: dict0dict.cc:2631,,17046,
1787550251.807,2026-08-24 05:44:11.809,InnoDB,rwlock: dict0dict.cc:2631,,16517,
1787550251.807,2026-08-24 05:44:11.809,InnoDB,rwlock: dict0dict.cc:2631,,17007,
1787550251.807,2026-08-24 05:44:11.809,InnoDB,rwlock: dict0dict.cc:2631,,16890,
1787550251.807,2026-08-24 05:44:11.809,InnoDB,rwlock: dict0dict.cc:2631,,16630,
1787550251.807,2026-08-24 05:44:11.809,InnoDB,rwlock: dict0dict.cc:2631,,16912,
1787550251.807,2026-08-24 05:44:11.809,InnoDB,rwlock: dict0dict.cc:2631,,17053,
1787550251.807,2026-08-24 05:44:11.809,InnoDB,rwlock: dict0dict.cc:2631,,16702,
1787550251.807,2026-08-24 05:44:11.809,InnoDB,rwlock: dict0dict.cc:2631,,17011,
1787550251.807,2026-08-24 05:44:11.809,InnoDB,rwlock: dict0dict.cc:2631,,16820,
1787550251.807,2026-08-24 05:44:11.809,InnoDB,rwlock: dict0dict.cc:2631,,16183,
1787550251.807,2026-08-24 05:44:11.809,InnoDB,rwlock: dict0dict.cc:2631,,16726,
1787550251.807,2026-08-24 05:44:11.809,InnoDB,rwlock: dict0dict.cc:2631,,16503,
1787550251.807,2026-08-24 05:44:11.809,InnoDB,rwlock: dict0dict.cc:2631,,16348,
1787550251.807,2026-08-24 05:44:11.809,InnoDB,rwlock: dict0dict.cc:2631,,15355,
1787550251.807,2026-08-24 05:44:11.809,InnoDB,rwlock: dict0dict.cc:2631,,1,
1787550251.807,2026-08-24 05:44:11.809,InnoDB,rwlock: fil0fil.cc:10242,,1,
1787550251.807,2026-08-24 05:44:11.809,InnoDB,rwlock: dict0dict.cc:2631,,2,
1787550251.807,2026-08-24 05:44:11.809,InnoDB,rwlock: dict0dict.cc:2631,,1,
1787550251.807,2026-08-24 05:44:11.809,InnoDB,rwlock: dict0dict.cc:2631,,2,
1787550251.807,2026-08-24 05:44:11.809,InnoDB,rwlock: dict0dict.cc:2631,,1,
1787550251.807,2026-08-24 05:44:11.809,InnoDB,rwlock: dict0dict.cc:2631,,2,
1787550251.807,2026-08-24 05:44:11.809,InnoDB,rwlock: dict0dict.cc:2631,,1,
1787550251.807,2026-08-24 05:44:11.809,InnoDB,rwlock: dict0dict.cc:2631,,2,
1787550251.807,2026-08-24 05:44:11.809,InnoDB,rwlock: dict0dict.cc:2631,,1,
1787550251.807,2026-08-24 05:44:11.809,InnoDB,rwlock: dict0dict.cc:2631,,1,
1787550251.807,2026-08-24 05:44:11.809,InnoDB,rwlock: dict0dict.cc:2631,,2,
1787550251.807,2026-08-24 05:44:11.809,InnoDB,rwlock: dict0dict.cc:2631,,1,
1787550251.807,2026-08-24 05:44:11.809,InnoDB,rwlock: fil0fil.cc:10242,,1,
1787550251.807,2026-08-24 05:44:11.809,InnoDB,rwlock: dict0dict.cc:2631,,1,
1787550251.807,2026-08-24 05:44:11.809,InnoDB,rwlock: dict0dict.cc:2631,,1,
1787550251.807,2026-08-24 05:44:11.809,InnoDB,rwlock: dict0dict.cc:2631,,1,
1787550251.807,2026-08-24 05:44:11.809,InnoDB,rwlock: trx0purge.cc:232,,15,
1787550251.807,2026-08-24 05:44:11.809,InnoDB,rwlock: fil0fil.cc:10242,,5180,
1787550251.807,2026-08-24 05:44:11.809,InnoDB,rwlock: fil0fil.cc:10242,,4950,
1787550251.807,2026-08-24 05:44:11.809,InnoDB,rwlock: dict0dict.cc:1180,,10,
1787550251.807,2026-08-24 05:44:11.809,InnoDB,rwlock: hash0hash.cc:117,,999,
1787550251.807,2026-08-24 05:44:11.809,InnoDB,rwlock: hash0hash.cc:117,,1146,
1787550251.807,2026-08-24 05:44:11.809,InnoDB,rwlock: hash0hash.cc:117,,617,
1787550251.807,2026-08-24 05:44:11.809,InnoDB,rwlock: hash0hash.cc:117,,706,
1787550251.807,2026-08-24 05:44:11.809,InnoDB,rwlock: hash0hash.cc:117,,4351,
1787550251.807,2026-08-24 05:44:11.809,InnoDB,rwlock: hash0hash.cc:117,,757,
1787550251.807,2026-08-24 05:44:11.809,InnoDB,rwlock: hash0hash.cc:117,,1356,
1787550251.807,2026-08-24 05:44:11.809,InnoDB,rwlock: hash0hash.cc:117,,791,
1787550251.807,2026-08-24 05:44:11.809,InnoDB,rwlock: hash0hash.cc:117,,754,
1787550251.807,2026-08-24 05:44:11.809,InnoDB,rwlock: hash0hash.cc:117,,850,
1787550251.807,2026-08-24 05:44:11.809,InnoDB,rwlock: hash0hash.cc:117,,803,
1787550251.807,2026-08-24 05:44:11.809,InnoDB,rwlock: hash0hash.cc:117,,804,
1787550251.807,2026-08-24 05:44:11.809,InnoDB,rwlock: hash0hash.cc:117,,937,
1787550251.807,2026-08-24 05:44:11.809,InnoDB,rwlock: hash0hash.cc:117,,885,
1787550251.807,2026-08-24 05:44:11.809,InnoDB,rwlock: hash0hash.cc:117,,818,
1787550251.807,2026-08-24 05:44:11.809,InnoDB,rwlock: hash0hash.cc:117,,2372,
1787550251.807,2026-08-24 05:44:11.809,InnoDB,rwlock: hash0hash.cc:117,,957,
1787550251.807,2026-08-24 05:44:11.809,InnoDB,rwlock: hash0hash.cc:117,,949,
1787550251.807,2026-08-24 05:44:11.809,InnoDB,rwlock: hash0hash.cc:117,,1064,
1787550251.807,2026-08-24 05:44:11.809,InnoDB,rwlock: hash0hash.cc:117,,585,
1787550251.807,2026-08-24 05:44:11.809,InnoDB,rwlock: hash0hash.cc:117,,614,
1787550251.807,2026-08-24 05:44:11.809,InnoDB,rwlock: hash0hash.cc:117,,2030,
1787550251.807,2026-08-24 05:44:11.809,InnoDB,rwlock: hash0hash.cc:117,,1981,
1787550251.807,2026-08-24 05:44:11.809,InnoDB,rwlock: hash0hash.cc:117,,458,
1787550251.807,2026-08-24 05:44:11.809,InnoDB,rwlock: hash0hash.cc:117,,519,
1787550251.807,2026-08-24 05:44:11.809,InnoDB,rwlock: hash0hash.cc:117,,641,
1787550251.807,2026-08-24 05:44:11.809,InnoDB,rwlock: hash0hash.cc:117,,414,
1787550251.807,2026-08-24 05:44:11.809,InnoDB,rwlock: hash0hash.cc:117,,484,
1787550251.807,2026-08-24 05:44:11.809,InnoDB,rwlock: hash0hash.cc:117,,500,
1787550251.807,2026-08-24 05:44:11.809,InnoDB,rwlock: hash0hash.cc:117,,792,
1787550251.807,2026-08-24 05:44:11.809,InnoDB,rwlock: hash0hash.cc:117,,482,
1787550251.807,2026-08-24 05:44:11.809,InnoDB,rwlock: hash0hash.cc:117,,655,
1787550251.807,2026-08-24 05:44:11.809,InnoDB,rwlock: hash0hash.cc:117,,720,
1787550251.807,2026-08-24 05:44:11.809,InnoDB,rwlock: hash0hash.cc:117,,636,
1787550251.807,2026-08-24 05:44:11.809,InnoDB,rwlock: hash0hash.cc:117,,499,
1787550251.807,2026-08-24 05:44:11.809,InnoDB,rwlock: hash0hash.cc:117,,698,
1787550251.807,2026-08-24 05:44:11.809,InnoDB,rwlock: hash0hash.cc:117,,1261,
1787550251.807,2026-08-24 05:44:11.809,InnoDB,rwlock: hash0hash.cc:117,,576,
1787550251.807,2026-08-24 05:44:11.809,InnoDB,rwlock: hash0hash.cc:117,,2923,
1787550251.807,2026-08-24 05:44:11.809,InnoDB,rwlock: hash0hash.cc:117,,449,
1787550251.807,2026-08-24 05:44:11.809,InnoDB,rwlock: hash0hash.cc:117,,461,
1787550251.807,2026-08-24 05:44:11.809,InnoDB,rwlock: hash0hash.cc:117,,503,
1787550251.807,2026-08-24 05:44:11.809,InnoDB,rwlock: hash0hash.cc:117,,433,
1787550251.807,2026-08-24 05:44:11.809,InnoDB,rwlock: hash0hash.cc:117,,483,
1787550251.807,2026-08-24 05:44:11.809,InnoDB,rwlock: hash0hash.cc:117,,556,
1787550251.807,2026-08-24 05:44:11.809,InnoDB,rwlock: hash0hash.cc:117,,1737,
1787550251.807,2026-08-24 05:44:11.809,InnoDB,rwlock: hash0hash.cc:117,,565,
1787550251.807,2026-08-24 05:44:11.809,InnoDB,rwlock: hash0hash.cc:117,,1141,
1787550251.807,2026-08-24 05:44:11.809,InnoDB,rwlock: hash0hash.cc:117,,658,
1787550251.807,2026-08-24 05:44:11.809,InnoDB,rwlock: hash0hash.cc:117,,705,
1787550251.807,2026-08-24 05:44:11.809,InnoDB,rwlock: hash0hash.cc:117,,619,
1787550251.807,2026-08-24 05:44:11.809,InnoDB,rwlock: hash0hash.cc:117,,748,
1787550251.807,2026-08-24 05:44:11.809,InnoDB,rwlock: hash0hash.cc:117,,625,
1787550251.807,2026-08-24 05:44:11.809,InnoDB,rwlock: hash0hash.cc:117,,994,
1787550251.807,2026-08-24 05:44:11.809,InnoDB,rwlock: hash0hash.cc:117,,1165,
1787550251.807,2026-08-24 05:44:11.809,InnoDB,rwlock: hash0hash.cc:117,,481,
1787550251.807,2026-08-24 05:44:11.809,InnoDB,rwlock: hash0hash.cc:117,,739,
1787550251.807,2026-08-24 05:44:11.809,InnoDB,rwlock: hash0hash.cc:117,,546,
1787550251.807,2026-08-24 05:44:11.809,InnoDB,rwlock: hash0hash.cc:117,,805,
1787550251.807,2026-08-24 05:44:11.809,InnoDB,rwlock: hash0hash.cc:117,,920,
1787550251.807,2026-08-24 05:44:11.809,InnoDB,rwlock: hash0hash.cc:117,,1603,
1787550251.807,2026-08-24 05:44:11.809,InnoDB,rwlock: hash0hash.cc:117,,619,
1787550251.807,2026-08-24 05:44:11.809,InnoDB,rwlock: hash0hash.cc:117,,2189,
1787550251.807,2026-08-24 05:44:11.809,InnoDB,rwlock: hash0hash.cc:117,,1763,
1787550251.807,2026-08-24 05:44:11.809,InnoDB,rwlock: hash0hash.cc:117,,1111,
1787550251.807,2026-08-24 05:44:11.809,InnoDB,rwlock: hash0hash.cc:117,,2634,
1787550251.807,2026-08-24 05:44:11.809,InnoDB,rwlock: hash0hash.cc:117,,922,
1787550251.807,2026-08-24 05:44:11.809,InnoDB,rwlock: hash0hash.cc:117,,1008,
1787550251.807,2026-08-24 05:44:11.809,InnoDB,rwlock: hash0hash.cc:117,,785,
1787550251.807,2026-08-24 05:44:11.809,InnoDB,rwlock: hash0hash.cc:117,,944,
1787550251.807,2026-08-24 05:44:11.809,InnoDB,rwlock: hash0hash.cc:117,,685,
1787550251.807,2026-08-24 05:44:11.809,InnoDB,rwlock: hash0hash.cc:117,,2393,
1787550251.807,2026-08-24 05:44:11.809,InnoDB,rwlock: hash0hash.cc:117,,868,
1787550251.807,2026-08-24 05:44:11.809,InnoDB,rwlock: hash0hash.cc:117,,1454,
1787550251.807,2026-08-24 05:44:11.809,InnoDB,rwlock: hash0hash.cc:117,,661,
1787550251.807,2026-08-24 05:44:11.809,InnoDB,rwlock: hash0hash.cc:117,,1055,
1787550251.807,2026-08-24 05:44:11.809,InnoDB,rwlock: hash0hash.cc:117,,2419,
1787550251.807,2026-08-24 05:44:11.809,InnoDB,rwlock: hash0hash.cc:117,,900,
1787550251.807,2026-08-24 05:44:11.809,InnoDB,rwlock: hash0hash.cc:117,,1047,
1787550251.807,2026-08-24 05:44:11.809,InnoDB,rwlock: hash0hash.cc:117,,897,
1787550251.807,2026-08-24 05:44:11.809,InnoDB,rwlock: hash0hash.cc:117,,720,
1787550251.807,2026-08-24 05:44:11.809,InnoDB,rwlock: hash0hash.cc:117,,524,
1787550251.807,2026-08-24 05:44:11.809,InnoDB,rwlock: hash0hash.cc:117,,782,
1787550251.807,2026-08-24 05:44:11.809,InnoDB,rwlock: hash0hash.cc:117,,588,
1787550251.807,2026-08-24 05:44:11.809,InnoDB,rwlock: hash0hash.cc:117,,584,
1787550251.807,2026-08-24 05:44:11.809,InnoDB,rwlock: hash0hash.cc:117,,680,
1787550251.807,2026-08-24 05:44:11.809,InnoDB,rwlock: hash0hash.cc:117,,866,
1787550251.807,2026-08-24 05:44:11.809,InnoDB,rwlock: hash0hash.cc:117,,517,
1787550251.807,2026-08-24 05:44:11.809,InnoDB,rwlock: hash0hash.cc:117,,1909,
1787550251.807,2026-08-24 05:44:11.809,InnoDB,rwlock: hash0hash.cc:117,,668,
1787550251.807,2026-08-24 05:44:11.809,InnoDB,rwlock: hash0hash.cc:117,,613,
1787550251.807,2026-08-24 05:44:11.809,InnoDB,rwlock: hash0hash.cc:117,,1774,
1787550251.807,2026-08-24 05:44:11.809,InnoDB,rwlock: hash0hash.cc:117,,675,
1787550251.807,2026-08-24 05:44:11.809,InnoDB,rwlock: hash0hash.cc:117,,423,
1787550251.807,2026-08-24 05:44:11.809,InnoDB,rwlock: hash0hash.cc:117,,540,
1787550251.807,2026-08-24 05:44:11.809,InnoDB,rwlock: hash0hash.cc:117,,651,
1787550251.807,2026-08-24 05:44:11.809,InnoDB,rwlock: hash0hash.cc:117,,575,
1787550251.807,2026-08-24 05:44:11.809,InnoDB,rwlock: hash0hash.cc:117,,1046,
1787550251.807,2026-08-24 05:44:11.809,InnoDB,rwlock: hash0hash.cc:117,,593,
1787550251.807,2026-08-24 05:44:11.809,InnoDB,rwlock: hash0hash.cc:117,,482,
1787550251.807,2026-08-24 05:44:11.809,InnoDB,rwlock: hash0hash.cc:117,,537,
1787550251.807,2026-08-24 05:44:11.809,InnoDB,rwlock: hash0hash.cc:117,,2433,
1787550251.807,2026-08-24 05:44:11.809,InnoDB,rwlock: hash0hash.cc:117,,744,
1787550251.807,2026-08-24 05:44:11.809,InnoDB,rwlock: hash0hash.cc:117,,745,
1787550251.807,2026-08-24 05:44:11.809,InnoDB,rwlock: hash0hash.cc:117,,1119,
1787550251.807,2026-08-24 05:44:11.809,InnoDB,rwlock: hash0hash.cc:117,,1003,
1787550251.807,2026-08-24 05:44:11.809,InnoDB,rwlock: hash0hash.cc:117,,688,
1787550251.807,2026-08-24 05:44:11.809,InnoDB,rwlock: hash0hash.cc:117,,645,
1787550251.807,2026-08-24 05:44:11.809,InnoDB,rwlock: hash0hash.cc:117,,545,
1787550251.807,2026-08-24 05:44:11.809,InnoDB,rwlock: hash0hash.cc:117,,727,
1787550251.807,2026-08-24 05:44:11.809,InnoDB,rwlock: hash0hash.cc:117,,1797,
1787550251.807,2026-08-24 05:44:11.809,InnoDB,rwlock: hash0hash.cc:117,,939,
1787550251.807,2026-08-24 05:44:11.809,InnoDB,rwlock: hash0hash.cc:117,,597,
1787550251.807,2026-08-24 05:44:11.809,InnoDB,rwlock: hash0hash.cc:117,,676,
1787550251.807,2026-08-24 05:44:11.809,InnoDB,rwlock: hash0hash.cc:117,,628,
1787550251.807,2026-08-24 05:44:11.809,InnoDB,rwlock: hash0hash.cc:117,,657,
1787550251.807,2026-08-24 05:44:11.809,InnoDB,rwlock: hash0hash.cc:117,,431,
1787550251.807,2026-08-24 05:44:11.809,InnoDB,rwlock: hash0hash.cc:117,,2121,
1787550251.807,2026-08-24 05:44:11.809,InnoDB,rwlock: hash0hash.cc:117,,733,
1787550251.807,2026-08-24 05:44:11.809,InnoDB,rwlock: hash0hash.cc:117,,1859,
1787550251.807,2026-08-24 05:44:11.809,InnoDB,rwlock: hash0hash.cc:117,,946,
1787550251.807,2026-08-24 05:44:11.809,InnoDB,rwlock: hash0hash.cc:117,,587,
1787550251.807,2026-08-24 05:44:11.809,InnoDB,rwlock: hash0hash.cc:117,,720,
1787550251.807,2026-08-24 05:44:11.809,InnoDB,rwlock: hash0hash.cc:117,,484,
1787550251.807,2026-08-24 05:44:11.809,InnoDB,rwlock: hash0hash.cc:117,,514,
1787550251.807,2026-08-24 05:44:11.809,InnoDB,rwlock: hash0hash.cc:117,,540,
1787550251.807,2026-08-24 05:44:11.809,InnoDB,rwlock: hash0hash.cc:117,,2128,
1787550251.807,2026-08-24 05:44:11.809,InnoDB,rwlock: hash0hash.cc:117,,979,
1787550251.807,2026-08-24 05:44:11.809,InnoDB,sum rwlock: buf0buf.cc:852,,253528,
1787550259.425,2026-08-24 05:44:19.426,InnoDB,TRX_SYS,21969940,287657,9296164
1787550259.425,2026-08-24 05:44:19.426,InnoDB,SRV_SYS,9290758,234077,1013598
1787550259.425,2026-08-24 05:44:19.426,InnoDB,LOG_WRITER,3236618,107805,1941
1787550259.425,2026-08-24 05:44:19.426,InnoDB,BUF_POOL_LRU_LIST,4095992,69953,1454480
1787550259.425,2026-08-24 05:44:19.426,InnoDB,BUF_POOL_LRU_LIST,3811124,62466,1451921
1787550259.425,2026-08-24 05:44:19.426,InnoDB,BUF_POOL_LRU_LIST,3644314,59630,1359133
1787550259.425,2026-08-24 05:44:19.426,InnoDB,BUF_POOL_LRU_LIST,3663516,58314,1396507
1787550259.425,2026-08-24 05:44:19.426,InnoDB,BUF_POOL_LRU_LIST,3659257,57988,1394827
1787550259.425,2026-08-24 05:44:19.426,InnoDB,BUF_POOL_LRU_LIST,3573969,57784,1365248
1787550259.425,2026-08-24 05:44:19.426,InnoDB,BUF_POOL_LRU_LIST,3644703,57327,1441882
1787550259.425,2026-08-24 05:44:19.426,InnoDB,BUF_POOL_LRU_LIST,3546959,56076,1404474
1787550259.425,2026-08-24 05:44:19.426,InnoDB,DICT_SYS,30788698,37015,20867620
1787550259.425,2026-08-24 05:44:19.426,InnoDB,FLUSH_LIST,1086770,30111,152752
1787550259.425,2026-08-24 05:44:19.426,InnoDB,FLUSH_LIST,981780,26705,148986
1787550259.425,2026-08-24 05:44:19.426,InnoDB,FLUSH_LIST,971149,26308,146719
1787550259.425,2026-08-24 05:44:19.426,InnoDB,FLUSH_LIST,967426,26262,147255
1787550259.425,2026-08-24 05:44:19.426,InnoDB,FLUSH_LIST,967559,26063,155981
1787550259.425,2026-08-24 05:44:19.426,InnoDB,FLUSH_LIST,964947,25968,155057
1787550259.425,2026-08-24 05:44:19.426,InnoDB,FLUSH_LIST,939064,25247,146093
1787550259.425,2026-08-24 05:44:19.426,InnoDB,FLUSH_LIST,757721,19223,145408
1787550259.425,2026-08-24 05:44:19.426,InnoDB,BUF_POOL_FLUSH_STATE,1256876,17340,425194
1787550259.425,2026-08-24 05:44:19.426,InnoDB,BUF_POOL_FLUSH_STATE,1248838,17270,413609
1787550259.425,2026-08-24 05:44:19.426,InnoDB,BUF_POOL_FLUSH_STATE,1213073,16822,398501
1787550259.425,2026-08-24 05:44:19.426,InnoDB,BUF_POOL_FLUSH_STATE,1227562,16687,424085
1787550259.425,2026-08-24 05:44:19.426,InnoDB,BUF_POOL_FLUSH_STATE,1202716,16641,395998
1787550259.425,2026-08-24 05:44:19.426,InnoDB,BUF_POOL_FLUSH_STATE,1189953,16249,395557
1787550259.425,2026-08-24 05:44:19.426,InnoDB,BUF_POOL_FLUSH_STATE,1156569,15979,390304
1787550259.425,2026-08-24 05:44:19.426,InnoDB,BUF_POOL_FLUSH_STATE,1192078,15790,407729
1787550259.425,2026-08-24 05:44:19.426,InnoDB,PURGE_SYS_PQ,1787280,12185,1163238
1787550259.425,2026-08-24 05:44:19.426,InnoDB,TRX_SYS_SERIALISATION,1279785,10837,792151
1787550259.425,2026-08-24 05:44:19.426,InnoDB,FIL_SHARD,214532,3891,58743
1787550259.425,2026-08-24 05:44:19.426,InnoDB,FIL_SHARD,204085,3584,58584
1787550259.425,2026-08-24 05:44:19.426,InnoDB,FIL_SHARD,210032,3560,63130
1787550259.425,2026-08-24 05:44:19.426,InnoDB,FIL_SHARD,198272,3548,56502
1787550259.425,2026-08-24 05:44:19.426,InnoDB,FIL_SHARD,217415,3527,62526
1787550259.425,2026-08-24 05:44:19.426,InnoDB,FIL_SHARD,189055,3329,54911
1787550259.425,2026-08-24 05:44:19.426,InnoDB,FIL_SHARD,187755,3284,55699
1787550259.425,2026-08-24 05:44:19.426,InnoDB,FIL_SHARD,185188,3258,53859
1787550259.425,2026-08-24 05:44:19.426,InnoDB,FIL_SHARD,184811,3250,54006
1787550259.425,2026-08-24 05:44:19.426,InnoDB,FIL_SHARD,185876,3247,53856
1787550259.425,2026-08-24 05:44:19.426,InnoDB,FIL_SHARD,176761,3136,51482
1787550259.425,2026-08-24 05:44:19.426,InnoDB,FIL_SHARD,177113,3127,53407
1787550259.425,2026-08-24 05:44:19.426,InnoDB,FIL_SHARD,173809,3101,50157
1787550259.425,2026-08-24 05:44:19.426,InnoDB,FIL_SHARD,166027,3008,49031
1787550259.425,2026-08-24 05:44:19.426,InnoDB,FIL_SHARD,168491,2982,51866
1787550259.425,2026-08-24 05:44:19.426,InnoDB,FIL_SHARD,171602,2962,51517
1787550259.425,2026-08-24 05:44:19.426,InnoDB,FIL_SHARD,155457,2721,46510
1787550259.425,2026-08-24 05:44:19.426,InnoDB,FIL_SHARD,157033,2702,50487
1787550259.425,2026-08-24 05:44:19.426,InnoDB,FIL_SHARD,157623,2694,51572
1787550259.425,2026-08-24 05:44:19.426,InnoDB,FIL_SHARD,147514,2601,46496
1787550259.425,2026-08-24 05:44:19.426,InnoDB,TRX,672058,2339,988024
1787550259.425,2026-08-24 05:44:19.426,InnoDB,LOG_FILES,48003,1393,1674
1787550259.425,2026-08-24 05:44:19.426,InnoDB,LOCK_SYS_TABLE,85301,1202,38794
1787550259.425,2026-08-24 05:44:19.426,InnoDB,LOCK_SYS_TABLE,82229,1184,38009
1787550259.425,2026-08-24 05:44:19.426,InnoDB,LOCK_SYS_TABLE,82189,1130,39844
1787550259.425,2026-08-24 05:44:19.426,InnoDB,LOCK_SYS_TABLE,82461,1109,38253
1787550259.425,2026-08-24 05:44:19.426,InnoDB,LOCK_SYS_TABLE,79769,1108,36893
1787550259.425,2026-08-24 05:44:19.426,InnoDB,LOCK_SYS_TABLE,81007,1091,38039
1787550259.425,2026-08-24 05:44:19.426,InnoDB,LOCK_SYS_TABLE,79158,1079,39149
1787550259.425,2026-08-24 05:44:19.426,InnoDB,LOG_FLUSHER,43453,1072,1843
1787550259.425,2026-08-24 05:44:19.426,InnoDB,LOCK_SYS_TABLE,82092,1071,40687
1787550259.425,2026-08-24 05:44:19.426,InnoDB,LOCK_SYS_TABLE,79545,1061,37981
1787550259.425,2026-08-24 05:44:19.426,InnoDB,LOCK_SYS_TABLE,78951,1057,38478
1787550259.425,2026-08-24 05:44:19.426,InnoDB,LOCK_SYS_TABLE,79488,1037,37620
1787550259.425,2026-08-24 05:44:19.426,InnoDB,LOCK_SYS_TABLE,80418,1029,38656
1787550259.425,2026-08-24 05:44:19.426,InnoDB,LOCK_SYS_TABLE,80031,1029,40839
1787550259.425,2026-08-24 05:44:19.426,InnoDB,LOCK_SYS_TABLE,78022,1022,37598
1787550259.425,2026-08-24 05:44:19.426,InnoDB,LOCK_SYS_TABLE,76783,1018,36602
1787550259.425,2026-08-24 05:44:19.426,InnoDB,LOCK_SYS_TABLE,75168,979,39101
1787550259.425,2026-08-24 05:44:19.426,InnoDB,LOCK_SYS_TABLE,75928,977,38311
1787550259.425,2026-08-24 05:44:19.426,InnoDB,LOCK_SYS_TABLE,74248,940,38251
1787550259.425,2026-08-24 05:44:19.426,InnoDB,LOCK_SYS_TABLE,75521,910,40149
1787550259.425,2026-08-24 05:44:19.426,InnoDB,LOCK_SYS_TABLE,73630,903,38735
1787550259.425,2026-08-24 05:44:19.426,InnoDB,BUF_BLOCK_MUTEX,27525,837,1442
1787550259.425,2026-08-24 05:44:19.426,InnoDB,PAGE_CLEANER,1642984,693,984214
1787550259.425,2026-08-24 05:44:19.426,InnoDB,SRV_SYS_TASKS,407054,612,402615
1787550259.425,2026-08-24 05:44:19.426,InnoDB,IBUF_BITMAP,35205,453,16595
1787550259.425,2026-08-24 05:44:19.426,InnoDB,DICT_PERSIST_DIRTY_TABLES,1159135,414,490530
1787550259.425,2026-08-24 05:44:19.426,InnoDB,FIL_SHARD,27998,284,25914
1787550259.425,2026-08-24 05:44:19.426,InnoDB,FIL_SHARD,25737,236,25168
1787550259.425,2026-08-24 05:44:19.426,InnoDB,BUF_POOL_FREE_LIST,32802,73,29362
1787550259.425,2026-08-24 05:44:19.426,InnoDB,DICT_TABLE_STATS_COMPUTE,1980,66,11
1787550259.425,2026-08-24 05:44:19.426,InnoDB,BUF_POOL_FREE_LIST,24104,55,24052
1787550259.425,2026-08-24 05:44:19.426,InnoDB,BUF_POOL_FREE_LIST,24552,54,24580
1787550259.425,2026-08-24 05:44:19.426,InnoDB,BUF_POOL_FREE_LIST,25638,52,24746
1787550259.425,2026-08-24 05:44:19.426,InnoDB,BUF_POOL_FREE_LIST,26383,51,24982
1787550259.425,2026-08-24 05:44:19.426,InnoDB,BUF_POOL_FREE_LIST,25316,51,25420
1787550259.425,2026-08-24 05:44:19.426,InnoDB,BUF_POOL_FREE_LIST,32453,48,29595
1787550259.425,2026-08-24 05:44:19.426,InnoDB,UNDO_SPACE_RSEG,4868,42,1893
1787550259.425,2026-08-24 05:44:19.426,InnoDB,UNDO_SPACE_RSEG,5106,42,1910
1787550259.425,2026-08-24 05:44:19.426,InnoDB,BUF_POOL_FREE_LIST,25675,40,25283
1787550259.425,2026-08-24 05:44:19.426,InnoDB,UNDO_SPACE_RSEG,5144,39,2012
1787550259.425,2026-08-24 05:44:19.426,InnoDB,UNDO_SPACE_RSEG,5074,39,1908
1787550259.425,2026-08-24 05:44:19.426,InnoDB,UNDO_SPACE_RSEG,5109,39,1933
1787550259.425,2026-08-24 05:44:19.426,InnoDB,UNDO_SPACE_RSEG,5240,39,1912
1787550259.425,2026-08-24 05:44:19.426,InnoDB,UNDO_SPACE_RSEG,4897,38,1908
1787550259.425,2026-08-24 05:44:19.426,InnoDB,UNDO_SPACE_RSEG,4817,38,1810
1787550259.425,2026-08-24 05:44:19.426,InnoDB,UNDO_SPACE_RSEG,4941,38,1878
1787550259.425,2026-08-24 05:44:19.426,InnoDB,UNDO_SPACE_RSEG,4892,38,1851
1787550259.425,2026-08-24 05:44:19.426,InnoDB,UNDO_SPACE_RSEG,4700,38,1860
1787550259.425,2026-08-24 05:44:19.426,InnoDB,UNDO_SPACE_RSEG,5038,37,1910
1787550259.425,2026-08-24 05:44:19.426,InnoDB,UNDO_SPACE_RSEG,5280,37,2061
1787550259.425,2026-08-24 05:44:19.426,InnoDB,UNDO_SPACE_RSEG,4888,37,1940
1787550259.425,2026-08-24 05:44:19.426,InnoDB,UNDO_SPACE_RSEG,4996,37,1900
1787550259.425,2026-08-24 05:44:19.426,InnoDB,UNDO_SPACE_RSEG,4958,36,1946
1787550259.425,2026-08-24 05:44:19.426,InnoDB,LOCK_SYS_PAGE,1744,36,580
1787550259.425,2026-08-24 05:44:19.426,InnoDB,UNDO_SPACE_RSEG,4958,36,1933
1787550259.425,2026-08-24 05:44:19.426,InnoDB,UNDO_SPACE_RSEG,4931,36,1978
1787550259.425,2026-08-24 05:44:19.426,InnoDB,UNDO_SPACE_RSEG,4864,36,1901
1787550259.425,2026-08-24 05:44:19.426,InnoDB,UNDO_SPACE_RSEG,5011,35,1966
1787550259.425,2026-08-24 05:44:19.426,InnoDB,UNDO_SPACE_RSEG,4923,35,1890
1787550259.425,2026-08-24 05:44:19.426,InnoDB,UNDO_SPACE_RSEG,4819,35,1926
1787550259.425,2026-08-24 05:44:19.426,InnoDB,UNDO_SPACE_RSEG,4849,35,1890
1787550259.425,2026-08-24 05:44:19.426,InnoDB,UNDO_SPACE_RSEG,4739,35,1847
1787550259.425,2026-08-24 05:44:19.426,InnoDB,UNDO_SPACE_RSEG,4954,35,2028
1787550259.425,2026-08-24 05:44:19.426,InnoDB,UNDO_SPACE_RSEG,4886,35,1947
1787550259.425,2026-08-24 05:44:19.426,InnoDB,UNDO_SPACE_RSEG,4792,35,1876
1787550259.425,2026-08-24 05:44:19.426,InnoDB,UNDO_SPACE_RSEG,5014,35,1937
1787550259.425,2026-08-24 05:44:19.426,InnoDB,UNDO_SPACE_RSEG,4901,35,1889
1787550259.425,2026-08-24 05:44:19.426,InnoDB,UNDO_SPACE_RSEG,4785,35,1880
1787550259.425,2026-08-24 05:44:19.426,InnoDB,UNDO_SPACE_RSEG,4744,35,1916
1787550259.425,2026-08-24 05:44:19.426,InnoDB,UNDO_SPACE_RSEG,4996,35,1913
1787550259.425,2026-08-24 05:44:19.426,InnoDB,UNDO_SPACE_RSEG,4780,34,1833
1787550259.425,2026-08-24 05:44:19.426,InnoDB,UNDO_SPACE_RSEG,4838,34,1883
1787550259.425,2026-08-24 05:44:19.426,InnoDB,UNDO_SPACE_RSEG,4900,34,1917
1787550259.425,2026-08-24 05:44:19.426,InnoDB,UNDO_SPACE_RSEG,4900,34,1870
1787550259.425,2026-08-24 05:44:19.426,InnoDB,UNDO_SPACE_RSEG,4789,34,1920
1787550259.425,2026-08-24 05:44:19.426,InnoDB,UNDO_SPACE_RSEG,4943,34,1967
1787550259.425,2026-08-24 05:44:19.426,InnoDB,UNDO_SPACE_RSEG,4634,34,1839
1787550259.425,2026-08-24 05:44:19.426,InnoDB,UNDO_SPACE_RSEG,4912,34,1936
1787550259.425,2026-08-24 05:44:19.426,InnoDB,UNDO_SPACE_RSEG,4865,34,1967
1787550259.425,2026-08-24 05:44:19.426,InnoDB,UNDO_SPACE_RSEG,4876,33,1925
1787550259.425,2026-08-24 05:44:19.426,InnoDB,UNDO_SPACE_RSEG,4878,33,1962
1787550259.425,2026-08-24 05:44:19.426,InnoDB,UNDO_SPACE_RSEG,5018,33,1995
1787550259.425,2026-08-24 05:44:19.426,InnoDB,UNDO_SPACE_RSEG,4762,33,1967
1787550259.425,2026-08-24 05:44:19.426,InnoDB,UNDO_SPACE_RSEG,4769,33,1925
1787550259.425,2026-08-24 05:44:19.426,InnoDB,LOCK_SYS_PAGE,1553,32,516
1787550259.425,2026-08-24 05:44:19.426,InnoDB,UNDO_SPACE_RSEG,4950,32,1936
1787550259.425,2026-08-24 05:44:19.426,InnoDB,UNDO_SPACE_RSEG,4818,32,1854
1787550259.425,2026-08-24 05:44:19.426,InnoDB,UNDO_SPACE_RSEG,5054,32,2057
1787550259.425,2026-08-24 05:44:19.426,InnoDB,LOCK_SYS_PAGE,1522,32,488
1787550259.425,2026-08-24 05:44:19.426,InnoDB,UNDO_SPACE_RSEG,4738,32,1922
1787550259.425,2026-08-24 05:44:19.426,InnoDB,UNDO_SPACE_RSEG,4658,32,1852
1787550259.425,2026-08-24 05:44:19.426,InnoDB,UNDO_SPACE_RSEG,4809,32,1979
1787550259.425,2026-08-24 05:44:19.426,InnoDB,UNDO_SPACE_RSEG,4846,32,2006
1787550259.425,2026-08-24 05:44:19.426,InnoDB,UNDO_SPACE_RSEG,4965,32,1947
1787550259.425,2026-08-24 05:44:19.426,InnoDB,UNDO_SPACE_RSEG,4838,32,1945
1787550259.425,2026-08-24 05:44:19.426,InnoDB,UNDO_SPACE_RSEG,4864,32,1976
1787550259.425,2026-08-24 05:44:19.426,InnoDB,UNDO_SPACE_RSEG,4734,31,1993
1787550259.425,2026-08-24 05:44:19.426,InnoDB,UNDO_SPACE_RSEG,4726,31,1963
1787550259.425,2026-08-24 05:44:19.426,InnoDB,UNDO_SPACE_RSEG,4834,31,1916
1787550259.425,2026-08-24 05:44:19.426,InnoDB,UNDO_SPACE_RSEG,4839,31,2004
1787550259.425,2026-08-24 05:44:19.426,InnoDB,UNDO_SPACE_RSEG,4509,31,1838
1787550259.425,2026-08-24 05:44:19.426,InnoDB,UNDO_SPACE_RSEG,4682,31,1904
1787550259.425,2026-08-24 05:44:19.426,InnoDB,LOCK_SYS_PAGE,1660,31,566
1787550259.425,2026-08-24 05:44:19.426,InnoDB,UNDO_SPACE_RSEG,4915,31,1972
1787550259.425,2026-08-24 05:44:19.426,InnoDB,UNDO_SPACE_RSEG,4666,31,1871
1787550259.425,2026-08-24 05:44:19.426,InnoDB,UNDO_SPACE_RSEG,4697,31,1925
1787550259.425,2026-08-24 05:44:19.426,InnoDB,LOCK_SYS_PAGE,1721,31,606
1787550259.425,2026-08-24 05:44:19.426,InnoDB,UNDO_SPACE_RSEG,4772,31,1946
1787550259.425,2026-08-24 05:44:19.426,InnoDB,UNDO_SPACE_RSEG,4811,31,1938
1787550259.425,2026-08-24 05:44:19.426,InnoDB,UNDO_SPACE_RSEG,4844,31,1926
1787550259.425,2026-08-24 05:44:19.426,InnoDB,UNDO_SPACE_RSEG,4902,31,1891
1787550259.425,2026-08-24 05:44:19.426,InnoDB,UNDO_SPACE_RSEG,4772,31,1937
1787550259.425,2026-08-24 05:44:19.426,InnoDB,UNDO_SPACE_RSEG,4684,31,1908
1787550259.425,2026-08-24 05:44:19.426,InnoDB,UNDO_SPACE_RSEG,4643,30,1879
1787550259.425,2026-08-24 05:44:19.426,InnoDB,UNDO_SPACE_RSEG,4803,30,1902
1787550259.425,2026-08-24 05:44:19.426,InnoDB,LOCK_SYS_PAGE,1518,30,575
1787550259.425,2026-08-24 05:44:19.426,InnoDB,UNDO_SPACE_RSEG,4709,30,1918
1787550259.425,2026-08-24 05:44:19.426,InnoDB,UNDO_SPACE_RSEG,4816,30,1940
1787550259.425,2026-08-24 05:44:19.426,InnoDB,UNDO_SPACE_RSEG,4726,30,1942
1787550259.425,2026-08-24 05:44:19.426,InnoDB,UNDO_SPACE_RSEG,4752,30,1889
1787550259.425,2026-08-24 05:44:19.426,InnoDB,LOCK_SYS_PAGE,1655,30,514
1787550259.425,2026-08-24 05:44:19.426,InnoDB,LOCK_SYS_PAGE,1559,30,593
1787550259.425,2026-08-24 05:44:19.426,InnoDB,UNDO_SPACE_RSEG,4510,30,1851
1787550259.425,2026-08-24 05:44:19.426,InnoDB,LOCK_SYS_PAGE,1629,30,559
1787550259.425,2026-08-24 05:44:19.426,InnoDB,UNDO_SPACE_RSEG,4555,30,1882
1787550259.425,2026-08-24 05:44:19.426,InnoDB,UNDO_SPACE_RSEG,4759,30,2006
1787550259.425,2026-08-24 05:44:19.426,InnoDB,UNDO_SPACE_RSEG,4720,30,1896
1787550259.425,2026-08-24 05:44:19.426,InnoDB,UNDO_SPACE_RSEG,4737,30,1885
1787550259.425,2026-08-24 05:44:19.426,InnoDB,UNDO_SPACE_RSEG,4574,29,1866
1787550259.425,2026-08-24 05:44:19.426,InnoDB,UNDO_SPACE_RSEG,4563,29,1914
1787550259.425,2026-08-24 05:44:19.426,InnoDB,UNDO_SPACE_RSEG,4678,29,1911
1787550259.425,2026-08-24 05:44:19.426,InnoDB,LOCK_SYS_PAGE,1568,29,536
1787550259.425,2026-08-24 05:44:19.426,InnoDB,UNDO_SPACE_RSEG,4682,29,1912
1787550259.425,2026-08-24 05:44:19.426,InnoDB,UNDO_SPACE_RSEG,4594,29,1888
1787550259.425,2026-08-24 05:44:19.426,InnoDB,UNDO_SPACE_RSEG,4706,29,1900
1787550259.425,2026-08-24 05:44:19.426,InnoDB,UNDO_SPACE_RSEG,4641,29,1883
1787550259.425,2026-08-24 05:44:19.426,InnoDB,UNDO_SPACE_RSEG,4688,29,1972
1787550259.425,2026-08-24 05:44:19.426,InnoDB,UNDO_SPACE_RSEG,4829,29,1943
1787550259.425,2026-08-24 05:44:19.426,InnoDB,UNDO_SPACE_RSEG,4678,29,1917
1787550259.425,2026-08-24 05:44:19.426,InnoDB,UNDO_SPACE_RSEG,4784,29,1999
1787550259.425,2026-08-24 05:44:19.426,InnoDB,LOCK_SYS_PAGE,1606,29,574
1787550259.425,2026-08-24 05:44:19.426,InnoDB,LOCK_SYS_PAGE,1492,29,498
1787550259.425,2026-08-24 05:44:19.426,InnoDB,LOCK_SYS_PAGE,1508,28,565
1787550259.425,2026-08-24 05:44:19.426,InnoDB,LOCK_SYS_PAGE,1466,28,497
1787550259.425,2026-08-24 05:44:19.426,InnoDB,LOCK_SYS_PAGE,1439,28,490
1787550259.425,2026-08-24 05:44:19.426,InnoDB,LOCK_SYS_PAGE,1444,28,516
1787550259.425,2026-08-24 05:44:19.426,InnoDB,UNDO_SPACE_RSEG,4647,28,1897
1787550259.425,2026-08-24 05:44:19.426,InnoDB,LOCK_SYS_PAGE,1556,28,569
1787550259.425,2026-08-24 05:44:19.426,InnoDB,LOCK_SYS_PAGE,1515,28,575
1787550259.425,2026-08-24 05:44:19.426,InnoDB,LOCK_SYS_PAGE,1509,28,570
1787550259.425,2026-08-24 05:44:19.426,InnoDB,DICT_TABLE_STATS_COMPUTE,840,28,7
1787550259.425,2026-08-24 05:44:19.426,InnoDB,UNDO_SPACE_RSEG,4379,28,1826
1787550259.425,2026-08-24 05:44:19.426,InnoDB,UNDO_SPACE_RSEG,4891,28,1964
1787550259.425,2026-08-24 05:44:19.426,InnoDB,UNDO_SPACE_RSEG,4644,28,1941
1787550259.425,2026-08-24 05:44:19.426,InnoDB,UNDO_SPACE_RSEG,4744,28,1952
1787550259.425,2026-08-24 05:44:19.426,InnoDB,UNDO_SPACE_RSEG,4559,28,1931
1787550259.425,2026-08-24 05:44:19.426,InnoDB,UNDO_SPACE_RSEG,4648,28,1909
1787550259.425,2026-08-24 05:44:19.426,InnoDB,UNDO_SPACE_RSEG,4608,28,1877
1787550259.425,2026-08-24 05:44:19.426,InnoDB,UNDO_SPACE_RSEG,4469,28,1882
1787550259.425,2026-08-24 05:44:19.426,InnoDB,UNDO_SPACE_RSEG,4577,28,1928
1787550259.425,2026-08-24 05:44:19.426,InnoDB,UNDO_SPACE_RSEG,4827,28,1987
1787550259.425,2026-08-24 05:44:19.426,InnoDB,UNDO_SPACE_RSEG,4603,28,1929
1787550259.425,2026-08-24 05:44:19.426,InnoDB,UNDO_SPACE_RSEG,4597,28,1858
1787550259.425,2026-08-24 05:44:19.426,InnoDB,UNDO_SPACE_RSEG,4837,28,1922
1787550259.425,2026-08-24 05:44:19.426,InnoDB,UNDO_SPACE_RSEG,4648,28,1928
1787550259.425,2026-08-24 05:44:19.426,InnoDB,UNDO_SPACE_RSEG,4669,28,1894
1787550259.425,2026-08-24 05:44:19.426,InnoDB,UNDO_SPACE_RSEG,4628,28,1889
1787550259.425,2026-08-24 05:44:19.426,InnoDB,UNDO_SPACE_RSEG,4834,28,1987
1787550259.425,2026-08-24 05:44:19.426,InnoDB,UNDO_SPACE_RSEG,4659,28,1947
1787550259.425,2026-08-24 05:44:19.426,InnoDB,UNDO_SPACE_RSEG,4795,28,1973
1787550259.425,2026-08-24 05:44:19.426,InnoDB,UNDO_SPACE_RSEG,4600,28,1939
1787550259.425,2026-08-24 05:44:19.426,InnoDB,LOCK_SYS_PAGE,1520,28,584
1787550259.425,2026-08-24 05:44:19.426,InnoDB,UNDO_SPACE_RSEG,4769,27,1957
1787550259.425,2026-08-24 05:44:19.426,InnoDB,UNDO_SPACE_RSEG,4752,27,1928
1787550259.425,2026-08-24 05:44:19.426,InnoDB,LOCK_SYS_PAGE,1543,27,542
1787550259.425,2026-08-24 05:44:19.426,InnoDB,UNDO_SPACE_RSEG,4461,27,1823
1787550259.425,2026-08-24 05:44:19.426,InnoDB,UNDO_SPACE_RSEG,4539,27,1963
1787550259.425,2026-08-24 05:44:19.426,InnoDB,UNDO_SPACE_RSEG,4646,27,1935
1787550259.425,2026-08-24 05:44:19.426,InnoDB,LOCK_SYS_PAGE,1441,27,527
1787550259.425,2026-08-24 05:44:19.426,InnoDB,LOCK_SYS_PAGE,1522,27,520
1787550259.425,2026-08-24 05:44:19.426,InnoDB,UNDO_SPACE_RSEG,4383,27,1851
1787550259.425,2026-08-24 05:44:19.426,InnoDB,UNDO_SPACE_RSEG,4573,27,1937
1787550259.425,2026-08-24 05:44:19.426,InnoDB,UNDO_SPACE_RSEG,4756,27,1911
1787550259.425,2026-08-24 05:44:19.426,InnoDB,UNDO_SPACE_RSEG,4805,27,2009
1787550259.425,2026-08-24 05:44:19.426,InnoDB,UNDO_SPACE_RSEG,4356,27,1807
1787550259.425,2026-08-24 05:44:19.426,InnoDB,UNDO_SPACE_RSEG,4462,27,1867
1787550259.425,2026-08-24 05:44:19.426,InnoDB,UNDO_SPACE_RSEG,4627,27,1926
1787550259.425,2026-08-24 05:44:19.426,InnoDB,UNDO_SPACE_RSEG,4295,27,1812
1787550259.425,2026-08-24 05:44:19.426,InnoDB,UNDO_SPACE_RSEG,4737,27,1938
1787550259.425,2026-08-24 05:44:19.426,InnoDB,LOCK_SYS_PAGE,1436,27,548
1787550259.425,2026-08-24 05:44:19.426,InnoDB,UNDO_SPACE_RSEG,4513,27,1872
1787550259.425,2026-08-24 05:44:19.426,InnoDB,UNDO_SPACE_RSEG,4519,27,1911
1787550259.425,2026-08-24 05:44:19.426,InnoDB,UNDO_SPACE_RSEG,4699,27,1906
1787550259.425,2026-08-24 05:44:19.426,InnoDB,LOCK_SYS_PAGE,1527,27,570
1787550259.425,2026-08-24 05:44:19.426,InnoDB,UNDO_SPACE_RSEG,4782,27,1954
1787550259.425,2026-08-24 05:44:19.426,InnoDB,UNDO_SPACE_RSEG,4624,27,1835
1787550259.425,2026-08-24 05:44:19.426,InnoDB,UNDO_SPACE_RSEG,4733,27,1897
1787550259.425,2026-08-24 05:44:19.426,InnoDB,LOCK_SYS_PAGE,1540,27,570
1787550259.425,2026-08-24 05:44:19.426,InnoDB,UNDO_SPACE_RSEG,4578,27,1941
1787550259.425,2026-08-24 05:44:19.426,InnoDB,UNDO_SPACE_RSEG,4425,27,1764
1787550259.425,2026-08-24 05:44:19.426,InnoDB,UNDO_SPACE_RSEG,4510,26,1832
1787550259.425,2026-08-24 05:44:19.426,InnoDB,LOCK_SYS_PAGE,1506,26,539
1787550259.425,2026-08-24 05:44:19.426,InnoDB,LOCK_SYS_PAGE,1431,26,475
1787550259.425,2026-08-24 05:44:19.426,InnoDB,UNDO_SPACE_RSEG,4392,26,1864
1787550259.425,2026-08-24 05:44:19.426,InnoDB,UNDO_SPACE_RSEG,4419,26,1852
1787550259.425,2026-08-24 05:44:19.426,InnoDB,LOCK_SYS_PAGE,1485,26,486
1787550259.425,2026-08-24 05:44:19.426,InnoDB,UNDO_SPACE_RSEG,4769,26,1974
1787550259.425,2026-08-24 05:44:19.426,InnoDB,UNDO_SPACE_RSEG,4633,26,1934
1787550259.425,2026-08-24 05:44:19.426,InnoDB,LOCK_SYS_PAGE,1418,26,541
1787550259.425,2026-08-24 05:44:19.426,InnoDB,UNDO_SPACE_RSEG,4561,26,1926
1787550259.425,2026-08-24 05:44:19.426,InnoDB,UNDO_SPACE_RSEG,5008,26,2060
1787550259.425,2026-08-24 05:44:19.426,InnoDB,LOCK_SYS_PAGE,1443,26,516
1787550259.425,2026-08-24 05:44:19.426,InnoDB,LOCK_SYS_PAGE,1402,26,519
1787550259.425,2026-08-24 05:44:19.426,InnoDB,UNDO_SPACE_RSEG,4589,26,1904
1787550259.425,2026-08-24 05:44:19.426,InnoDB,LOCK_SYS_PAGE,1462,26,532
1787550259.425,2026-08-24 05:44:19.426,InnoDB,UNDO_SPACE_RSEG,4612,26,1938
1787550259.425,2026-08-24 05:44:19.426,InnoDB,UNDO_SPACE_RSEG,4467,26,1836
1787550259.425,2026-08-24 05:44:19.426,InnoDB,LOCK_SYS_PAGE,1519,26,582
1787550259.425,2026-08-24 05:44:19.426,InnoDB,UNDO_SPACE_RSEG,4674,26,1881
1787550259.425,2026-08-24 05:44:19.426,InnoDB,LOCK_SYS_PAGE,1567,26,579
1787550259.425,2026-08-24 05:44:19.426,InnoDB,UNDO_SPACE_RSEG,4623,26,1936
1787550259.425,2026-08-24 05:44:19.426,InnoDB,UNDO_SPACE_RSEG,4637,26,1937
1787550259.425,2026-08-24 05:44:19.426,InnoDB,LOCK_SYS_PAGE,1489,26,509
1787550259.425,2026-08-24 05:44:19.426,InnoDB,UNDO_SPACE_RSEG,4547,26,1939
1787550259.425,2026-08-24 05:44:19.426,InnoDB,UNDO_SPACE_RSEG,4428,26,1823
1787550259.425,2026-08-24 05:44:19.426,InnoDB,UNDO_SPACE_RSEG,4538,26,1877
1787550259.425,2026-08-24 05:44:19.426,InnoDB,UNDO_SPACE_RSEG,4746,26,1929
1787550259.425,2026-08-24 05:44:19.426,InnoDB,LOCK_SYS_PAGE,1363,26,501
1787550259.425,2026-08-24 05:44:19.426,InnoDB,LOCK_SYS_PAGE,1395,26,520
1787550259.425,2026-08-24 05:44:19.426,InnoDB,UNDO_SPACE_RSEG,4642,26,1895
1787550259.425,2026-08-24 05:44:19.426,InnoDB,UNDO_SPACE_RSEG,4582,26,1950
1787550259.425,2026-08-24 05:44:19.426,InnoDB,LOCK_SYS_PAGE,1491,25,585
1787550259.425,2026-08-24 05:44:19.426,InnoDB,UNDO_SPACE_RSEG,4447,25,1940
1787550259.425,2026-08-24 05:44:19.426,InnoDB,UNDO_SPACE_RSEG,4679,25,1899
1787550259.425,2026-08-24 05:44:19.426,InnoDB,UNDO_SPACE_RSEG,4556,25,1936
1787550259.425,2026-08-24 05:44:19.426,InnoDB,UNDO_SPACE_RSEG,4484,25,1901
1787550259.425,2026-08-24 05:44:19.426,InnoDB,LOCK_SYS_PAGE,1479,25,534
1787550259.425,2026-08-24 05:44:19.426,InnoDB,UNDO_SPACE_RSEG,4407,25,1862
1787550259.425,2026-08-24 05:44:19.426,InnoDB,UNDO_SPACE_RSEG,4700,25,1946
1787550259.425,2026-08-24 05:44:19.426,InnoDB,UNDO_SPACE_RSEG,4340,25,1814
1787550259.425,2026-08-24 05:44:19.426,InnoDB,LOCK_SYS_PAGE,1513,25,572
1787550259.425,2026-08-24 05:44:19.426,InnoDB,LOCK_SYS_PAGE,1374,25,515
1787550259.425,2026-08-24 05:44:19.426,InnoDB,UNDO_SPACE_RSEG,4404,25,1862
1787550259.425,2026-08-24 05:44:19.426,InnoDB,UNDO_SPACE_RSEG,4719,25,1900
1787550259.425,2026-08-24 05:44:19.426,InnoDB,UNDO_SPACE_RSEG,4672,25,1936
1787550259.425,2026-08-24 05:44:19.426,InnoDB,LOCK_SYS_PAGE,1401,25,525
1787550259.425,2026-08-24 05:44:19.426,InnoDB,UNDO_SPACE_RSEG,4677,25,2006
1787550259.425,2026-08-24 05:44:19.426,InnoDB,LOCK_SYS_PAGE,1415,25,465
1787550259.425,2026-08-24 05:44:19.426,InnoDB,UNDO_SPACE_RSEG,4760,25,1956
1787550259.425,2026-08-24 05:44:19.426,InnoDB,LOCK_SYS_PAGE,1415,25,579
1787550259.425,2026-08-24 05:44:19.426,InnoDB,UNDO_SPACE_RSEG,4563,25,1904
1787550259.425,2026-08-24 05:44:19.426,InnoDB,UNDO_SPACE_RSEG,4722,25,1980
1787550259.425,2026-08-24 05:44:19.426,InnoDB,LOCK_SYS_PAGE,1374,25,521
1787550259.425,2026-08-24 05:44:19.426,InnoDB,LOCK_SYS_PAGE,1445,25,505
1787550259.425,2026-08-24 05:44:19.426,InnoDB,LOCK_SYS_PAGE,1430,25,551
1787550259.425,2026-08-24 05:44:19.426,InnoDB,UNDO_SPACE_RSEG,4358,25,1880
1787550259.425,2026-08-24 05:44:19.426,InnoDB,UNDO_SPACE_RSEG,4428,25,1878
1787550259.425,2026-08-24 05:44:19.426,InnoDB,LOCK_SYS_PAGE,1502,25,520
1787550259.425,2026-08-24 05:44:19.426,InnoDB,LOCK_SYS_PAGE,1437,25,546
1787550259.425,2026-08-24 05:44:19.426,InnoDB,UNDO_SPACE_RSEG,4483,25,1841
1787550259.425,2026-08-24 05:44:19.426,InnoDB,UNDO_SPACE_RSEG,4454,25,1880
1787550259.425,2026-08-24 05:44:19.426,InnoDB,LOCK_SYS_PAGE,1459,25,563
1787550259.425,2026-08-24 05:44:19.426,InnoDB,UNDO_SPACE_RSEG,4563,25,1941
1787550259.425,2026-08-24 05:44:19.426,InnoDB,UNDO_SPACE_RSEG,4456,25,1849
1787550259.425,2026-08-24 05:44:19.426,InnoDB,UNDO_SPACE_RSEG,4616,24,1928
1787550259.425,2026-08-24 05:44:19.426,InnoDB,LOCK_SYS_PAGE,1438,24,535
1787550259.425,2026-08-24 05:44:19.426,InnoDB,LOCK_SYS_PAGE,1460,24,565
1787550259.425,2026-08-24 05:44:19.426,InnoDB,UNDO_SPACE_RSEG,4540,24,1921
1787550259.425,2026-08-24 05:44:19.426,InnoDB,LOCK_SYS_PAGE,1401,24,538
1787550259.425,2026-08-24 05:44:19.426,InnoDB,LOCK_SYS_PAGE,1462,24,560
1787550259.425,2026-08-24 05:44:19.426,InnoDB,UNDO_SPACE_RSEG,4530,24,1937
1787550259.425,2026-08-24 05:44:19.426,InnoDB,LOCK_SYS_PAGE,1450,24,575
1787550259.425,2026-08-24 05:44:19.426,InnoDB,LOCK_SYS_PAGE,1406,24,533
1787550259.425,2026-08-24 05:44:19.426,InnoDB,UNDO_SPACE_RSEG,4421,24,1808
1787550259.425,2026-08-24 05:44:19.426,InnoDB,LOCK_SYS_PAGE,1368,24,577
1787550259.425,2026-08-24 05:44:19.426,InnoDB,LOCK_SYS_PAGE,1493,24,589
1787550259.425,2026-08-24 05:44:19.426,InnoDB,LOCK_SYS_PAGE,1328,24,530
1787550259.425,2026-08-24 05:44:19.426,InnoDB,LOCK_SYS_PAGE,1275,24,495
1787550259.425,2026-08-24 05:44:19.426,InnoDB,UNDO_SPACE_RSEG,4517,24,1874
1787550259.425,2026-08-24 05:44:19.426,InnoDB,UNDO_SPACE_RSEG,4384,24,1846
1787550259.425,2026-08-24 05:44:19.426,InnoDB,LOCK_SYS_PAGE,1336,24,480
1787550259.425,2026-08-24 05:44:19.426,InnoDB,UNDO_SPACE_RSEG,4401,24,1880
1787550259.425,2026-08-24 05:44:19.426,InnoDB,UNDO_SPACE_RSEG,4584,24,1914
1787550259.425,2026-08-24 05:44:19.426,InnoDB,UNDO_SPACE_RSEG,4384,24,1824
1787550259.425,2026-08-24 05:44:19.426,InnoDB,LOCK_SYS_PAGE,1606,24,596
1787550259.425,2026-08-24 05:44:19.426,InnoDB,LOCK_SYS_PAGE,1428,24,588
1787550259.425,2026-08-24 05:44:19.426,InnoDB,UNDO_SPACE_RSEG,4687,24,1954
1787550259.425,2026-08-24 05:44:19.426,InnoDB,LOCK_SYS_PAGE,1367,24,503
1787550259.425,2026-08-24 05:44:19.426,InnoDB,LOCK_SYS_PAGE,1343,24,515
1787550259.425,2026-08-24 05:44:19.426,InnoDB,UNDO_SPACE_RSEG,4451,24,1869
1787550259.425,2026-08-24 05:44:19.426,InnoDB,UNDO_SPACE_RSEG,4726,24,1985
1787550259.425,2026-08-24 05:44:19.426,InnoDB,UNDO_SPACE_RSEG,4473,24,1915
1787550259.425,2026-08-24 05:44:19.426,InnoDB,UNDO_SPACE_RSEG,4617,24,1980
1787550259.425,2026-08-24 05:44:19.426,InnoDB,UNDO_SPACE_RSEG,4564,24,1962
1787550259.425,2026-08-24 05:44:19.426,InnoDB,LOCK_SYS_PAGE,1308,24,514
1787550259.425,2026-08-24 05:44:19.426,InnoDB,UNDO_SPACE_RSEG,4464,24,1925
1787550259.425,2026-08-24 05:44:19.426,InnoDB,LOCK_SYS_PAGE,1474,24,622
1787550259.425,2026-08-24 05:44:19.426,InnoDB,LOCK_SYS_PAGE,1402,24,481
1787550259.425,2026-08-24 05:44:19.426,InnoDB,LOCK_SYS_PAGE,1366,23,549
1787550259.425,2026-08-24 05:44:19.426,InnoDB,UNDO_SPACE_RSEG,4685,23,1940
1787550259.425,2026-08-24 05:44:19.426,InnoDB,LOCK_SYS_PAGE,1410,23,581
1787550259.425,2026-08-24 05:44:19.426,InnoDB,LOCK_SYS_PAGE,1364,23,554
1787550259.425,2026-08-24 05:44:19.426,InnoDB,LOCK_SYS_PAGE,1343,23,475
1787550259.425,2026-08-24 05:44:19.426,InnoDB,LOCK_SYS_PAGE,1354,23,550
1787550259.425,2026-08-24 05:44:19.426,InnoDB,UNDO_SPACE_RSEG,4531,23,1907
1787550259.425,2026-08-24 05:44:19.426,InnoDB,LOCK_SYS_PAGE,1291,23,536
1787550259.425,2026-08-24 05:44:19.426,InnoDB,UNDO_SPACE_RSEG,4373,23,1856
1787550259.425,2026-08-24 05:44:19.426,InnoDB,LOCK_SYS_PAGE,1356,23,534
1787550259.425,2026-08-24 05:44:19.426,InnoDB,UNDO_SPACE_RSEG,4566,23,1906
1787550259.425,2026-08-24 05:44:19.426,InnoDB,UNDO_SPACE_RSEG,4551,23,1890
1787550259.425,2026-08-24 05:44:19.426,InnoDB,UNDO_SPACE_RSEG,4516,23,1927
1787550259.425,2026-08-24 05:44:19.426,InnoDB,UNDO_SPACE_RSEG,4403,23,1882
1787550259.425,2026-08-24 05:44:19.426,InnoDB,UNDO_SPACE_RSEG,4591,23,1917
1787550259.425,2026-08-24 05:44:19.426,InnoDB,UNDO_SPACE_RSEG,4490,23,1844
1787550259.425,2026-08-24 05:44:19.426,InnoDB,LOCK_SYS_PAGE,1291,23,511
1787550259.425,2026-08-24 05:44:19.426,InnoDB,LOCK_SYS_PAGE,1277,23,506
1787550259.425,2026-08-24 05:44:19.426,InnoDB,LOCK_SYS_PAGE,1275,23,452
1787550259.425,2026-08-24 05:44:19.426,InnoDB,LOCK_SYS_PAGE,1352,23,543
1787550259.425,2026-08-24 05:44:19.426,InnoDB,UNDO_SPACE_RSEG,4484,23,1860
1787550259.425,2026-08-24 05:44:19.426,InnoDB,LOCK_SYS_PAGE,1428,23,603
1787550259.425,2026-08-24 05:44:19.426,InnoDB,UNDO_SPACE_RSEG,4455,23,1865
1787550259.425,2026-08-24 05:44:19.426,InnoDB,LOCK_SYS_PAGE,1384,23,581
1787550259.425,2026-08-24 05:44:19.426,InnoDB,LOCK_SYS_PAGE,1352,23,511
1787550259.425,2026-08-24 05:44:19.426,InnoDB,LOCK_SYS_PAGE,1470,23,563
1787550259.425,2026-08-24 05:44:19.426,InnoDB,LOCK_SYS_PAGE,1309,23,543
1787550259.425,2026-08-24 05:44:19.426,InnoDB,LOCK_SYS_PAGE,1424,23,565
1787550259.425,2026-08-24 05:44:19.426,InnoDB,LOCK_SYS_PAGE,1376,23,570
1787550259.425,2026-08-24 05:44:19.426,InnoDB,LOCK_SYS_PAGE,1287,23,519
1787550259.425,2026-08-24 05:44:19.426,InnoDB,UNDO_SPACE_RSEG,4574,23,1938
1787550259.425,2026-08-24 05:44:19.426,InnoDB,UNDO_SPACE_RSEG,4616,23,1916
1787550259.425,2026-08-24 05:44:19.426,InnoDB,LOCK_SYS_PAGE,1354,23,494
1787550259.425,2026-08-24 05:44:19.426,InnoDB,UNDO_SPACE_RSEG,4556,23,1915
1787550259.425,2026-08-24 05:44:19.426,InnoDB,UNDO_SPACE_RSEG,4240,23,1846
1787550259.425,2026-08-24 05:44:19.426,InnoDB,UNDO_SPACE_RSEG,4371,23,1871
1787550259.425,2026-08-24 05:44:19.426,InnoDB,UNDO_SPACE_RSEG,4377,23,1870
1787550259.425,2026-08-24 05:44:19.426,InnoDB,UNDO_SPACE_RSEG,4795,23,2014
1787550259.425,2026-08-24 05:44:19.426,InnoDB,LOCK_SYS_PAGE,1368,23,549
1787550259.425,2026-08-24 05:44:19.426,InnoDB,LOCK_SYS_PAGE,1426,23,537
1787550259.425,2026-08-24 05:44:19.426,InnoDB,UNDO_SPACE_RSEG,4498,22,1918
1787550259.425,2026-08-24 05:44:19.426,InnoDB,LOCK_SYS_PAGE,1347,22,590
1787550259.425,2026-08-24 05:44:19.426,InnoDB,UNDO_SPACE_RSEG,4451,22,1909
1787550259.425,2026-08-24 05:44:19.426,InnoDB,LOCK_SYS_PAGE,1314,22,543
1787550259.425,2026-08-24 05:44:19.426,InnoDB,LOCK_SYS_PAGE,1293,22,521
1787550259.425,2026-08-24 05:44:19.426,InnoDB,LOCK_SYS_PAGE,1433,22,541
1787550259.425,2026-08-24 05:44:19.426,InnoDB,LOCK_SYS_PAGE,1400,22,581
1787550259.425,2026-08-24 05:44:19.426,InnoDB,LOCK_SYS_PAGE,1290,22,521
1787550259.425,2026-08-24 05:44:19.426,InnoDB,UNDO_SPACE_RSEG,4708,22,1935
1787550259.425,2026-08-24 05:44:19.426,InnoDB,LOCK_SYS_PAGE,1248,22,502
1787550259.425,2026-08-24 05:44:19.426,InnoDB,LOCK_SYS_PAGE,1266,22,505
1787550259.425,2026-08-24 05:44:19.426,InnoDB,LOCK_SYS_PAGE,1302,22,563
1787550259.425,2026-08-24 05:44:19.426,InnoDB,LOCK_SYS_PAGE,1352,22,529
1787550259.425,2026-08-24 05:44:19.426,InnoDB,LOCK_SYS_PAGE,1373,22,556
1787550259.425,2026-08-24 05:44:19.426,InnoDB,LOCK_SYS_PAGE,1415,22,566
1787550259.425,2026-08-24 05:44:19.426,InnoDB,LOCK_SYS_PAGE,1289,22,496
1787550259.425,2026-08-24 05:44:19.426,InnoDB,LOCK_SYS_PAGE,1214,22,488
1787550259.425,2026-08-24 05:44:19.426,InnoDB,UNDO_SPACE_RSEG,4481,22,1891
1787550259.425,2026-08-24 05:44:19.426,InnoDB,UNDO_SPACE_RSEG,4653,22,1885
1787550259.425,2026-08-24 05:44:19.426,InnoDB,UNDO_SPACE_RSEG,4566,22,1974
1787550259.425,2026-08-24 05:44:19.426,InnoDB,LOCK_SYS_PAGE,1265,22,505
1787550259.425,2026-08-24 05:44:19.426,InnoDB,LOCK_SYS_PAGE,1363,22,532
1787550259.425,2026-08-24 05:44:19.426,InnoDB,LOCK_SYS_PAGE,1369,22,522
1787550259.425,2026-08-24 05:44:19.426,InnoDB,LOCK_SYS_PAGE,1336,22,528
1787550259.425,2026-08-24 05:44:19.426,InnoDB,LOCK_SYS_PAGE,1325,22,510
1787550259.425,2026-08-24 05:44:19.426,InnoDB,LOCK_SYS_PAGE,1308,22,551
1787550259.425,2026-08-24 05:44:19.426,InnoDB,LOCK_SYS_PAGE,1362,22,545
1787550259.425,2026-08-24 05:44:19.426,InnoDB,LOCK_SYS_PAGE,1325,22,521
1787550259.425,2026-08-24 05:44:19.426,InnoDB,LOCK_SYS_PAGE,1320,22,522
1787550259.425,2026-08-24 05:44:19.426,InnoDB,UNDO_SPACE_RSEG,4660,22,1924
1787550259.425,2026-08-24 05:44:19.426,InnoDB,LOCK_SYS_PAGE,1324,21,482
1787550259.425,2026-08-24 05:44:19.426,InnoDB,LOCK_SYS_PAGE,1292,21,549
1787550259.425,2026-08-24 05:44:19.426,InnoDB,LOCK_SYS_PAGE,1238,21,522
1787550259.425,2026-08-24 05:44:19.426,InnoDB,LOCK_SYS_PAGE,1292,21,500
1787550259.425,2026-08-24 05:44:19.426,InnoDB,LOCK_SYS_PAGE,1248,21,553
1787550259.425,2026-08-24 05:44:19.426,InnoDB,LOCK_SYS_PAGE,1430,21,538
1787550259.425,2026-08-24 05:44:19.426,InnoDB,LOCK_SYS_PAGE,1334,21,549
1787550259.425,2026-08-24 05:44:19.426,InnoDB,LOCK_SYS_PAGE,1326,21,551
1787550259.425,2026-08-24 05:44:19.426,InnoDB,LOCK_SYS_PAGE,1308,21,525
1787550259.425,2026-08-24 05:44:19.426,InnoDB,LOCK_SYS_PAGE,1242,21,528
1787550259.425,2026-08-24 05:44:19.426,InnoDB,UNDO_SPACE_RSEG,4489,21,1895
1787550259.425,2026-08-24 05:44:19.426,InnoDB,UNDO_SPACE_RSEG,4456,21,1916
1787550259.425,2026-08-24 05:44:19.426,InnoDB,LOCK_SYS_PAGE,1372,21,546
1787550259.425,2026-08-24 05:44:19.426,InnoDB,LOCK_SYS_PAGE,1328,21,527
1787550259.425,2026-08-24 05:44:19.426,InnoDB,UNDO_SPACE_RSEG,4346,21,1906
1787550259.425,2026-08-24 05:44:19.426,InnoDB,UNDO_SPACE_RSEG,4314,21,1808
1787550259.425,2026-08-24 05:44:19.426,InnoDB,LOCK_SYS_PAGE,1296,21,540
1787550259.425,2026-08-24 05:44:19.426,InnoDB,UNDO_SPACE_RSEG,4470,21,1999
1787550259.425,2026-08-24 05:44:19.426,InnoDB,LOCK_SYS_PAGE,1199,21,483
1787550259.425,2026-08-24 05:44:19.426,InnoDB,UNDO_SPACE_RSEG,4342,21,1907
1787550259.425,2026-08-24 05:44:19.426,InnoDB,UNDO_SPACE_RSEG,4706,21,2069
1787550259.425,2026-08-24 05:44:19.426,InnoDB,LOCK_SYS_PAGE,1247,21,523
1787550259.425,2026-08-24 05:44:19.426,InnoDB,LOCK_SYS_PAGE,1373,21,569
1787550259.425,2026-08-24 05:44:19.426,InnoDB,LOCK_SYS_PAGE,1310,21,539
1787550259.425,2026-08-24 05:44:19.426,InnoDB,LOCK_SYS_PAGE,1293,21,490
1787550259.425,2026-08-24 05:44:19.426,InnoDB,LOCK_SYS_PAGE,1245,21,532
1787550259.425,2026-08-24 05:44:19.426,InnoDB,UNDO_SPACE_RSEG,4370,21,1861
1787550259.425,2026-08-24 05:44:19.426,InnoDB,LOCK_SYS_PAGE,1409,21,548
1787550259.425,2026-08-24 05:44:19.426,InnoDB,UNDO_SPACE_RSEG,4429,21,1834
1787550259.425,2026-08-24 05:44:19.426,InnoDB,LOCK_SYS_PAGE,1295,21,557
1787550259.425,2026-08-24 05:44:19.426,InnoDB,LOCK_SYS_PAGE,1326,21,526
1787550259.425,2026-08-24 05:44:19.426,InnoDB,LOCK_SYS_PAGE,1227,21,514
1787550259.425,2026-08-24 05:44:19.426,InnoDB,UNDO_SPACE_RSEG,4490,21,1866
1787550259.425,2026-08-24 05:44:19.426,InnoDB,LOCK_SYS_PAGE,1384,21,514
1787550259.425,2026-08-24 05:44:19.426,InnoDB,LOCK_SYS_PAGE,1245,21,506
1787550259.425,2026-08-24 05:44:19.426,InnoDB,LOCK_SYS_PAGE,1368,21,592
1787550259.425,2026-08-24 05:44:19.426,InnoDB,LOCK_SYS_PAGE,1351,21,504
1787550259.425,2026-08-24 05:44:19.426,InnoDB,LOCK_SYS_PAGE,1293,21,529
1787550259.425,2026-08-24 05:44:19.426,InnoDB,LOCK_SYS_PAGE,1482,21,624
1787550259.425,2026-08-24 05:44:19.426,InnoDB,LOCK_SYS_PAGE,1268,21,568
1787550259.425,2026-08-24 05:44:19.426,InnoDB,LOCK_SYS_PAGE,1215,21,518
1787550259.425,2026-08-24 05:44:19.426,InnoDB,UNDO_SPACE_RSEG,4169,21,1807
1787550259.425,2026-08-24 05:44:19.426,InnoDB,LOCK_SYS_PAGE,1376,21,543
1787550259.425,2026-08-24 05:44:19.426,InnoDB,UNDO_SPACE_RSEG,4717,21,1987
1787550259.425,2026-08-24 05:44:19.426,InnoDB,LOCK_SYS_PAGE,1219,21,496
1787550259.425,2026-08-24 05:44:19.426,InnoDB,LOCK_SYS_PAGE,1401,21,657
1787550259.425,2026-08-24 05:44:19.426,InnoDB,UNDO_SPACE_RSEG,4611,21,1917
1787550259.425,2026-08-24 05:44:19.426,InnoDB,LOCK_SYS_PAGE,1219,21,524
1787550259.425,2026-08-24 05:44:19.426,InnoDB,UNDO_SPACE_RSEG,4411,20,1873
1787550259.425,2026-08-24 05:44:19.426,InnoDB,LOCK_SYS_PAGE,1272,20,551
1787550259.425,2026-08-24 05:44:19.426,InnoDB,LOCK_SYS_PAGE,1369,20,592
1787550259.425,2026-08-24 05:44:19.426,InnoDB,LOCK_SYS_PAGE,1259,20,516
1787550259.425,2026-08-24 05:44:19.426,InnoDB,LOCK_SYS_PAGE,1183,20,461
1787550259.425,2026-08-24 05:44:19.426,InnoDB,LOCK_SYS_PAGE,1520,20,543
1787550259.425,2026-08-24 05:44:19.426,InnoDB,UNDO_SPACE_RSEG,4232,20,1916
1787550259.425,2026-08-24 05:44:19.426,InnoDB,LOCK_SYS_PAGE,1249,20,522
1787550259.425,2026-08-24 05:44:19.426,InnoDB,UNDO_SPACE_RSEG,4536,20,1964
1787550259.425,2026-08-24 05:44:19.426,InnoDB,LOCK_SYS_PAGE,1232,20,541
1787550259.425,2026-08-24 05:44:19.426,InnoDB,LOCK_SYS_PAGE,1190,20,515
1787550259.425,2026-08-24 05:44:19.426,InnoDB,LOCK_SYS_PAGE,1252,20,570
1787550259.425,2026-08-24 05:44:19.426,InnoDB,LOCK_SYS_PAGE,1168,20,504
1787550259.425,2026-08-24 05:44:19.426,InnoDB,LOCK_SYS_PAGE,1270,20,494
1787550259.425,2026-08-24 05:44:19.426,InnoDB,UNDO_SPACE_RSEG,4499,20,1931
1787550259.425,2026-08-24 05:44:19.426,InnoDB,LOCK_SYS_PAGE,1166,20,453
1787550259.425,2026-08-24 05:44:19.426,InnoDB,LOCK_SYS_PAGE,1246,20,597
1787550259.425,2026-08-24 05:44:19.426,InnoDB,LOCK_SYS_PAGE,1303,20,501
1787550259.425,2026-08-24 05:44:19.426,InnoDB,LOCK_SYS_PAGE,1251,20,519
1787550259.425,2026-08-24 05:44:19.426,InnoDB,UNDO_SPACE_RSEG,4355,20,1838
1787550259.425,2026-08-24 05:44:19.426,InnoDB,LOCK_SYS_PAGE,1176,20,525
1787550259.425,2026-08-24 05:44:19.426,InnoDB,LOCK_SYS_PAGE,1406,20,617
1787550259.425,2026-08-24 05:44:19.426,InnoDB,LOCK_SYS_PAGE,1221,20,508
1787550259.425,2026-08-24 05:44:19.426,InnoDB,LOCK_SYS_PAGE,1254,20,560
1787550259.425,2026-08-24 05:44:19.426,InnoDB,LOCK_SYS_PAGE,1292,20,541
1787550259.425,2026-08-24 05:44:19.426,InnoDB,LOCK_SYS_PAGE,1308,20,575
1787550259.425,2026-08-24 05:44:19.426,InnoDB,UNDO_SPACE_RSEG,4404,20,1867
1787550259.425,2026-08-24 05:44:19.426,InnoDB,LOCK_SYS_PAGE,1250,20,578
1787550259.425,2026-08-24 05:44:19.426,InnoDB,LOCK_SYS_PAGE,1170,20,506
1787550259.425,2026-08-24 05:44:19.426,InnoDB,LOCK_SYS_PAGE,1337,20,603
1787550259.425,2026-08-24 05:44:19.426,InnoDB,LOCK_SYS_PAGE,1306,20,509
1787550259.425,2026-08-24 05:44:19.426,InnoDB,LOCK_SYS_PAGE,1279,20,519
1787550259.425,2026-08-24 05:44:19.426,InnoDB,LOCK_SYS_PAGE,1195,20,561
1787550259.425,2026-08-24 05:44:19.426,InnoDB,LOCK_SYS_PAGE,1287,20,507
1787550259.425,2026-08-24 05:44:19.426,InnoDB,UNDO_SPACE_RSEG,4170,20,1915
1787550259.425,2026-08-24 05:44:19.426,InnoDB,LOCK_SYS_PAGE,1249,20,529
1787550259.425,2026-08-24 05:44:19.426,InnoDB,UNDO_SPACE_RSEG,4427,20,1863
1787550259.425,2026-08-24 05:44:19.426,InnoDB,LOCK_SYS_PAGE,1287,20,568
1787550259.425,2026-08-24 05:44:19.426,InnoDB,LOCK_SYS_PAGE,1346,20,537
1787550259.425,2026-08-24 05:44:19.426,InnoDB,LOCK_SYS_PAGE,1345,20,579
1787550259.425,2026-08-24 05:44:19.426,InnoDB,LOCK_SYS_PAGE,1153,20,466
1787550259.425,2026-08-24 05:44:19.426,InnoDB,LOCK_SYS_PAGE,1298,20,521
1787550259.425,2026-08-24 05:44:19.426,InnoDB,UNDO_SPACE_RSEG,4311,20,1820
1787550259.425,2026-08-24 05:44:19.426,InnoDB,LOCK_SYS_PAGE,1315,20,568
1787550259.425,2026-08-24 05:44:19.426,InnoDB,UNDO_SPACE_RSEG,4453,20,1885
1787550259.425,2026-08-24 05:44:19.426,InnoDB,LOCK_SYS_PAGE,1201,19,555
1787550259.425,2026-08-24 05:44:19.426,InnoDB,LOCK_SYS_PAGE,1177,19,539
1787550259.425,2026-08-24 05:44:19.426,InnoDB,LOCK_SYS_PAGE,1226,19,565
1787550259.425,2026-08-24 05:44:19.426,InnoDB,LOCK_SYS_PAGE,1220,19,563
1787550259.425,2026-08-24 05:44:19.426,InnoDB,LOCK_SYS_PAGE,1324,19,585
1787550259.425,2026-08-24 05:44:19.426,InnoDB,UNDO_SPACE_RSEG,4472,19,1930
1787550259.425,2026-08-24 05:44:19.426,InnoDB,LOCK_SYS_PAGE,1121,19,495
1787550259.425,2026-08-24 05:44:19.426,InnoDB,UNDO_SPACE_RSEG,4438,19,1878
1787550259.425,2026-08-24 05:44:19.426,InnoDB,LOCK_SYS_PAGE,1173,19,477
1787550259.425,2026-08-24 05:44:19.426,InnoDB,LOCK_SYS_PAGE,1318,19,556
1787550259.425,2026-08-24 05:44:19.426,InnoDB,LOCK_SYS_PAGE,1227,19,516
1787550259.425,2026-08-24 05:44:19.426,InnoDB,LOCK_SYS_PAGE,1209,19,581
1787550259.425,2026-08-24 05:44:19.426,InnoDB,LOCK_SYS_PAGE,1235,19,498
1787550259.425,2026-08-24 05:44:19.426,InnoDB,LOCK_SYS_PAGE,1311,19,600
1787550259.425,2026-08-24 05:44:19.426,InnoDB,LOCK_SYS_PAGE,1126,19,478
1787550259.425,2026-08-24 05:44:19.426,InnoDB,LOCK_SYS_PAGE,1210,19,543
1787550259.425,2026-08-24 05:44:19.426,InnoDB,LOCK_SYS_PAGE,1201,19,535
1787550259.425,2026-08-24 05:44:19.426,InnoDB,LOCK_SYS_PAGE,1307,19,526
1787550259.425,2026-08-24 05:44:19.426,InnoDB,LOCK_SYS_PAGE,1245,19,527
1787550259.425,2026-08-24 05:44:19.426,InnoDB,UNDO_SPACE_RSEG,4448,19,1874
1787550259.425,2026-08-24 05:44:19.426,InnoDB,UNDO_SPACE_RSEG,4365,19,1855
1787550259.425,2026-08-24 05:44:19.426,InnoDB,LOCK_SYS_PAGE,1362,19,558
1787550259.425,2026-08-24 05:44:19.426,InnoDB,LOCK_SYS_PAGE,1210,19,518
1787550259.425,2026-08-24 05:44:19.426,InnoDB,LOCK_SYS_PAGE,1228,19,573
1787550259.425,2026-08-24 05:44:19.426,InnoDB,LOCK_SYS_PAGE,1207,19,525
1787550259.425,2026-08-24 05:44:19.426,InnoDB,LOCK_SYS_PAGE,1271,19,572
1787550259.425,2026-08-24 05:44:19.426,InnoDB,LOCK_SYS_PAGE,1284,19,533
1787550259.425,2026-08-24 05:44:19.426,InnoDB,LOCK_SYS_PAGE,1317,19,607
1787550259.425,2026-08-24 05:44:19.426,InnoDB,UNDO_SPACE_RSEG,4313,19,1892
1787550259.425,2026-08-24 05:44:19.426,InnoDB,LOCK_SYS_PAGE,1239,19,533
1787550259.425,2026-08-24 05:44:19.426,InnoDB,LOCK_SYS_PAGE,1197,19,500
1787550259.425,2026-08-24 05:44:19.426,InnoDB,LOCK_SYS_PAGE,1256,19,509
1787550259.425,2026-08-24 05:44:19.426,InnoDB,LOCK_SYS_PAGE,1220,19,519
1787550259.425,2026-08-24 05:44:19.426,InnoDB,TRX_POOL,626,19,51
1787550259.425,2026-08-24 05:44:19.426,InnoDB,LOCK_SYS_PAGE,1373,19,544
1787550259.425,2026-08-24 05:44:19.426,InnoDB,LOCK_SYS_PAGE,1282,19,564
1787550259.425,2026-08-24 05:44:19.426,InnoDB,LOCK_SYS_PAGE,1204,19,546
1787550259.425,2026-08-24 05:44:19.426,InnoDB,LOCK_SYS_PAGE,1251,19,552
1787550259.425,2026-08-24 05:44:19.426,InnoDB,LOCK_SYS_PAGE,1268,19,540
1787550259.425,2026-08-24 05:44:19.426,InnoDB,LOCK_SYS_PAGE,1322,19,580
1787550259.425,2026-08-24 05:44:19.426,InnoDB,LOCK_SYS_PAGE,1168,19,545
1787550259.425,2026-08-24 05:44:19.426,InnoDB,LOCK_SYS_PAGE,1337,19,599
1787550259.425,2026-08-24 05:44:19.426,InnoDB,LOCK_SYS_PAGE,1249,19,555
1787550259.425,2026-08-24 05:44:19.426,InnoDB,UNDO_SPACE_RSEG,4398,19,1948
1787550259.425,2026-08-24 05:44:19.426,InnoDB,LOCK_SYS_PAGE,1142,19,481
1787550259.425,2026-08-24 05:44:19.426,InnoDB,LOCK_SYS_PAGE,1195,18,498
1787550259.425,2026-08-24 05:44:19.426,InnoDB,LOCK_SYS_PAGE,1179,18,580
1787550259.425,2026-08-24 05:44:19.426,InnoDB,LOCK_SYS_PAGE,1246,18,562
1787550259.425,2026-08-24 05:44:19.426,InnoDB,LOCK_SYS_PAGE,1161,18,502
1787550259.425,2026-08-24 05:44:19.426,InnoDB,LOCK_SYS_PAGE,1200,18,570
1787550259.425,2026-08-24 05:44:19.426,InnoDB,LOCK_SYS_PAGE,1187,18,515
1787550259.425,2026-08-24 05:44:19.426,InnoDB,LOCK_SYS_PAGE,1225,18,516
1787550259.425,2026-08-24 05:44:19.426,InnoDB,LOCK_SYS_PAGE,1213,18,546
1787550259.425,2026-08-24 05:44:19.426,InnoDB,LOCK_SYS_PAGE,1192,18,491
1787550259.425,2026-08-24 05:44:19.426,InnoDB,UNDO_SPACE_RSEG,4393,18,1926
1787550259.425,2026-08-24 05:44:19.426,InnoDB,LOCK_SYS_PAGE,1176,18,539
1787550259.425,2026-08-24 05:44:19.426,InnoDB,LOCK_SYS_PAGE,1208,18,525
1787550259.425,2026-08-24 05:44:19.426,InnoDB,LOCK_SYS_PAGE,1103,18,534
1787550259.425,2026-08-24 05:44:19.426,InnoDB,LOCK_SYS_PAGE,1176,18,488
1787550259.425,2026-08-24 05:44:19.426,InnoDB,UNDO_SPACE_RSEG,4346,18,1895
1787550259.425,2026-08-24 05:44:19.426,InnoDB,LOCK_SYS_PAGE,1288,18,547
1787550259.425,2026-08-24 05:44:19.426,InnoDB,LOCK_SYS_PAGE,1293,18,594
1787550259.425,2026-08-24 05:44:19.426,InnoDB,LOCK_SYS_PAGE,1214,18,575
1787550259.425,2026-08-24 05:44:19.426,InnoDB,LOCK_SYS_PAGE,1172,18,547
1787550259.425,2026-08-24 05:44:19.426,InnoDB,LOCK_SYS_PAGE,1264,18,587
1787550259.425,2026-08-24 05:44:19.426,InnoDB,LOCK_SYS_PAGE,1241,18,557
1787550259.425,2026-08-24 05:44:19.426,InnoDB,LOCK_SYS_PAGE,1192,18,558
1787550259.425,2026-08-24 05:44:19.426,InnoDB,LOCK_SYS_PAGE,1123,18,518
1787550259.425,2026-08-24 05:44:19.426,InnoDB,LOCK_SYS_PAGE,1197,18,474
1787550259.425,2026-08-24 05:44:19.426,InnoDB,LOCK_SYS_PAGE,1108,18,491
1787550259.425,2026-08-24 05:44:19.426,InnoDB,LOCK_SYS_PAGE,1230,18,517
1787550259.425,2026-08-24 05:44:19.426,InnoDB,LOCK_SYS_PAGE,1233,18,539
1787550259.425,2026-08-24 05:44:19.426,InnoDB,UNDO_SPACE_RSEG,4158,18,1816
1787550259.425,2026-08-24 05:44:19.426,InnoDB,LOCK_SYS_PAGE,1113,18,533
1787550259.425,2026-08-24 05:44:19.426,InnoDB,LOCK_SYS_PAGE,1193,18,529
1787550259.425,2026-08-24 05:44:19.426,InnoDB,UNDO_SPACE_RSEG,4220,18,1851
1787550259.425,2026-08-24 05:44:19.426,InnoDB,LOCK_SYS_PAGE,1215,18,549
1787550259.425,2026-08-24 05:44:19.426,InnoDB,LOCK_SYS_PAGE,1192,18,507
1787550259.425,2026-08-24 05:44:19.426,InnoDB,LOCK_SYS_PAGE,1275,18,580
1787550259.425,2026-08-24 05:44:19.426,InnoDB,UNDO_SPACE_RSEG,4396,18,1970
1787550259.425,2026-08-24 05:44:19.426,InnoDB,LOCK_SYS_PAGE,1145,18,497
1787550259.425,2026-08-24 05:44:19.426,InnoDB,LOCK_SYS_PAGE,1301,18,575
1787550259.425,2026-08-24 05:44:19.426,InnoDB,LOCK_SYS_PAGE,1204,18,507
1787550259.425,2026-08-24 05:44:19.426,InnoDB,LOCK_SYS_PAGE,1148,18,561
1787550259.425,2026-08-24 05:44:19.426,InnoDB,LOCK_SYS_PAGE,1136,18,515
1787550259.425,2026-08-24 05:44:19.426,InnoDB,LOCK_SYS_PAGE,1102,18,485
1787550259.425,2026-08-24 05:44:19.426,InnoDB,LOCK_SYS_PAGE,1255,18,548
1787550259.425,2026-08-24 05:44:19.426,InnoDB,LOCK_SYS_PAGE,1276,18,540
1787550259.425,2026-08-24 05:44:19.426,InnoDB,LOCK_SYS_PAGE,1197,17,506
1787550259.425,2026-08-24 05:44:19.426,InnoDB,LOCK_SYS_PAGE,1206,17,520
1787550259.425,2026-08-24 05:44:19.426,InnoDB,UNDO_SPACE_RSEG,4243,17,1813
1787550259.425,2026-08-24 05:44:19.426,InnoDB,LOCK_SYS_PAGE,1160,17,572
1787550259.425,2026-08-24 05:44:19.426,InnoDB,LOCK_SYS_PAGE,1180,17,538
1787550259.425,2026-08-24 05:44:19.426,InnoDB,LOCK_SYS_PAGE,1242,17,559
1787550259.425,2026-08-24 05:44:19.426,InnoDB,LOCK_SYS_PAGE,1245,17,595
1787550259.425,2026-08-24 05:44:19.426,InnoDB,LOCK_SYS_PAGE,1136,17,524
1787550259.425,2026-08-24 05:44:19.426,InnoDB,LOCK_SYS_PAGE,1176,17,510
1787550259.425,2026-08-24 05:44:19.426,InnoDB,LOCK_SYS_PAGE,1247,17,569
1787550259.425,2026-08-24 05:44:19.426,InnoDB,LOCK_SYS_PAGE,1195,17,538
1787550259.425,2026-08-24 05:44:19.426,InnoDB,LOCK_SYS_PAGE,1150,17,560
1787550259.425,2026-08-24 05:44:19.426,InnoDB,LOCK_SYS_PAGE,1128,17,551
1787550259.425,2026-08-24 05:44:19.426,InnoDB,UNDO_SPACE_RSEG,4566,17,1984
1787550259.425,2026-08-24 05:44:19.426,InnoDB,LOCK_SYS_PAGE,1250,17,486
1787550259.425,2026-08-24 05:44:19.426,InnoDB,LOCK_SYS_PAGE,1204,17,564
1787550259.425,2026-08-24 05:44:19.426,InnoDB,LOCK_SYS_PAGE,1271,17,553
1787550259.425,2026-08-24 05:44:19.426,InnoDB,LOCK_SYS_PAGE,1270,17,537
1787550259.425,2026-08-24 05:44:19.426,InnoDB,LOCK_SYS_PAGE,1214,17,533
1787550259.425,2026-08-24 05:44:19.426,InnoDB,LOCK_SYS_PAGE,1141,17,545
1787550259.425,2026-08-24 05:44:19.426,InnoDB,LOCK_SYS_PAGE,1196,17,584
1787550259.425,2026-08-24 05:44:19.426,InnoDB,LOCK_SYS_PAGE,1172,17,543
1787550259.425,2026-08-24 05:44:19.426,InnoDB,LOCK_SYS_PAGE,1248,17,540
1787550259.425,2026-08-24 05:44:19.426,InnoDB,LOCK_SYS_PAGE,1215,17,519
1787550259.425,2026-08-24 05:44:19.426,InnoDB,LOCK_SYS_PAGE,1147,17,525
1787550259.425,2026-08-24 05:44:19.426,InnoDB,LOCK_SYS_PAGE,1197,17,495
1787550259.425,2026-08-24 05:44:19.426,InnoDB,LOCK_SYS_PAGE,1151,17,552
1787550259.425,2026-08-24 05:44:19.426,InnoDB,LOCK_SYS_PAGE,1271,17,616
1787550259.425,2026-08-24 05:44:19.426,InnoDB,LOCK_SYS_PAGE,1129,17,502
1787550259.425,2026-08-24 05:44:19.426,InnoDB,LOCK_SYS_PAGE,1301,17,637
1787550259.425,2026-08-24 05:44:19.426,InnoDB,LOCK_SYS_PAGE,1289,17,573
1787550259.425,2026-08-24 05:44:19.426,InnoDB,LOCK_SYS_PAGE,1158,17,578
1787550259.425,2026-08-24 05:44:19.426,InnoDB,LOCK_SYS_PAGE,1165,17,531
1787550259.425,2026-08-24 05:44:19.426,InnoDB,LOCK_SYS_PAGE,1101,17,498
1787550259.425,2026-08-24 05:44:19.426,InnoDB,LOCK_SYS_PAGE,1189,17,519
1787550259.425,2026-08-24 05:44:19.426,InnoDB,LOCK_SYS_PAGE,1122,17,533
1787550259.425,2026-08-24 05:44:19.426,InnoDB,LOCK_SYS_PAGE,1122,17,520
1787550259.425,2026-08-24 05:44:19.426,InnoDB,LOCK_SYS_PAGE,1286,17,612
1787550259.425,2026-08-24 05:44:19.426,InnoDB,LOCK_SYS_PAGE,1259,17,532
1787550259.425,2026-08-24 05:44:19.426,InnoDB,LOCK_SYS_PAGE,1217,17,600
1787550259.425,2026-08-24 05:44:19.426,InnoDB,LOCK_SYS_PAGE,1105,17,503
1787550259.425,2026-08-24 05:44:19.426,InnoDB,LOCK_SYS_PAGE,1179,17,486
1787550259.425,2026-08-24 05:44:19.426,InnoDB,LOCK_SYS_PAGE,1211,17,519
1787550259.425,2026-08-24 05:44:19.426,InnoDB,LOCK_SYS_PAGE,1219,17,499
1787550259.425,2026-08-24 05:44:19.426,InnoDB,LOCK_SYS_PAGE,1075,16,483
1787550259.425,2026-08-24 05:44:19.426,InnoDB,LOCK_SYS_PAGE,1132,16,503
1787550259.425,2026-08-24 05:44:19.426,InnoDB,UNDO_SPACE_RSEG,4485,16,1987
1787550259.425,2026-08-24 05:44:19.426,InnoDB,LOCK_SYS_PAGE,1192,16,507
1787550259.425,2026-08-24 05:44:19.426,InnoDB,LOCK_SYS_PAGE,1134,16,554
1787550259.425,2026-08-24 05:44:19.426,InnoDB,LOCK_SYS_PAGE,1154,16,505
1787550259.425,2026-08-24 05:44:19.426,InnoDB,LOCK_SYS_PAGE,1116,16,539
1787550259.425,2026-08-24 05:44:19.426,InnoDB,LOCK_SYS_PAGE,1227,16,524
1787550259.425,2026-08-24 05:44:19.426,InnoDB,LOCK_SYS_PAGE,1177,16,583
1787550259.425,2026-08-24 05:44:19.426,InnoDB,LOCK_SYS_PAGE,1131,16,556
1787550259.425,2026-08-24 05:44:19.426,InnoDB,UNDO_SPACE_RSEG,4334,16,1895
1787550259.425,2026-08-24 05:44:19.426,InnoDB,LOCK_SYS_PAGE,1168,16,531
1787550259.425,2026-08-24 05:44:19.426,InnoDB,LOCK_SYS_PAGE,1094,16,519
1787550259.425,2026-08-24 05:44:19.426,InnoDB,LOCK_SYS_PAGE,1061,16,513
1787550259.425,2026-08-24 05:44:19.426,InnoDB,LOCK_SYS_PAGE,1160,16,531
1787550259.425,2026-08-24 05:44:19.426,InnoDB,LOCK_SYS_PAGE,1224,16,551
1787550259.425,2026-08-24 05:44:19.426,InnoDB,LOCK_SYS_PAGE,1096,16,561
1787550259.425,2026-08-24 05:44:19.426,InnoDB,LOCK_SYS_PAGE,1205,16,533
1787550259.425,2026-08-24 05:44:19.426,InnoDB,LOCK_SYS_PAGE,1125,16,525
1787550259.425,2026-08-24 05:44:19.426,InnoDB,LOCK_SYS_PAGE,1199,16,552
1787550259.425,2026-08-24 05:44:19.426,InnoDB,LOCK_SYS_PAGE,1178,16,567
1787550259.425,2026-08-24 05:44:19.426,InnoDB,LOCK_SYS_PAGE,1174,16,554
1787550259.425,2026-08-24 05:44:19.426,InnoDB,LOCK_SYS_PAGE,1222,16,516
1787550259.425,2026-08-24 05:44:19.426,InnoDB,LOCK_SYS_PAGE,1145,16,528
1787550259.425,2026-08-24 05:44:19.426,InnoDB,LOCK_SYS_PAGE,1112,16,499
1787550259.425,2026-08-24 05:44:19.426,InnoDB,LOCK_SYS_PAGE,1147,16,534
1787550259.425,2026-08-24 05:44:19.426,InnoDB,LOCK_SYS_PAGE,1219,16,539
1787550259.425,2026-08-24 05:44:19.426,InnoDB,LOCK_SYS_PAGE,1014,16,516
1787550259.425,2026-08-24 05:44:19.426,InnoDB,LOCK_SYS_PAGE,1189,16,501
1787550259.425,2026-08-24 05:44:19.426,InnoDB,LOCK_SYS_PAGE,1174,16,500
1787550259.425,2026-08-24 05:44:19.426,InnoDB,LOCK_SYS_PAGE,1191,16,524
1787550259.425,2026-08-24 05:44:19.426,InnoDB,LOCK_SYS_PAGE,1206,16,560
1787550259.425,2026-08-24 05:44:19.426,InnoDB,LOCK_SYS_PAGE,1163,16,549
1787550259.425,2026-08-24 05:44:19.426,InnoDB,LOCK_SYS_PAGE,1088,16,516
1787550259.425,2026-08-24 05:44:19.426,InnoDB,LOCK_SYS_PAGE,1130,16,517
1787550259.425,2026-08-24 05:44:19.426,InnoDB,LOCK_SYS_PAGE,1148,16,602
1787550259.425,2026-08-24 05:44:19.426,InnoDB,LOCK_SYS_PAGE,1107,16,481
1787550259.425,2026-08-24 05:44:19.426,InnoDB,LOCK_SYS_PAGE,1121,16,554
1787550259.425,2026-08-24 05:44:19.426,InnoDB,LOCK_SYS_PAGE,1215,16,521
1787550259.425,2026-08-24 05:44:19.426,InnoDB,LOCK_SYS_PAGE,1073,16,437
1787550259.425,2026-08-24 05:44:19.426,InnoDB,LOCK_SYS_PAGE,1142,16,535
1787550259.425,2026-08-24 05:44:19.426,InnoDB,LOCK_SYS_PAGE,1256,16,581
1787550259.425,2026-08-24 05:44:19.426,InnoDB,LOCK_SYS_PAGE,1152,16,494
1787550259.425,2026-08-24 05:44:19.426,InnoDB,LOCK_SYS_PAGE,1172,16,565
1787550259.425,2026-08-24 05:44:19.426,InnoDB,LOCK_SYS_PAGE,1099,16,537
1787550259.425,2026-08-24 05:44:19.426,InnoDB,LOCK_SYS_PAGE,1154,16,575
1787550259.425,2026-08-24 05:44:19.426,InnoDB,LOCK_SYS_PAGE,1152,16,631
1787550259.425,2026-08-24 05:44:19.426,InnoDB,LOCK_SYS_PAGE,1103,15,557
1787550259.425,2026-08-24 05:44:19.426,InnoDB,LOCK_SYS_PAGE,1110,15,552
1787550259.425,2026-08-24 05:44:19.426,InnoDB,LOCK_SYS_PAGE,1127,15,551
1787550259.425,2026-08-24 05:44:19.426,InnoDB,LOCK_SYS_PAGE,1260,15,522
1787550259.425,2026-08-24 05:44:19.426,InnoDB,LOCK_SYS_PAGE,1035,15,503
1787550259.425,2026-08-24 05:44:19.426,InnoDB,LOCK_SYS_PAGE,1120,15,581
1787550259.425,2026-08-24 05:44:19.426,InnoDB,LOCK_SYS_PAGE,1084,15,521
1787550259.425,2026-08-24 05:44:19.426,InnoDB,LOCK_SYS_PAGE,1158,15,556
1787550259.425,2026-08-24 05:44:19.426,InnoDB,LOCK_SYS_PAGE,1135,15,532
1787550259.425,2026-08-24 05:44:19.426,InnoDB,LOCK_SYS_PAGE,1132,15,522
1787550259.425,2026-08-24 05:44:19.426,InnoDB,LOCK_SYS_PAGE,1018,15,518
1787550259.425,2026-08-24 05:44:19.426,InnoDB,LOCK_SYS_PAGE,1086,15,515
1787550259.425,2026-08-24 05:44:19.426,InnoDB,LOCK_SYS_PAGE,1148,15,526
1787550259.425,2026-08-24 05:44:19.426,InnoDB,LOCK_SYS_PAGE,1077,15,540
1787550259.425,2026-08-24 05:44:19.426,InnoDB,LOCK_SYS_PAGE,1031,15,482
1787550259.425,2026-08-24 05:44:19.426,InnoDB,LOCK_SYS_PAGE,1061,15,519
1787550259.425,2026-08-24 05:44:19.426,InnoDB,UNDO_SPACE_RSEG,4205,15,1892
1787550259.425,2026-08-24 05:44:19.426,InnoDB,LOCK_SYS_PAGE,1109,15,552
1787550259.425,2026-08-24 05:44:19.426,InnoDB,LOCK_SYS_PAGE,969,15,431
1787550259.425,2026-08-24 05:44:19.426,InnoDB,LOCK_SYS_PAGE,1175,15,562
1787550259.425,2026-08-24 05:44:19.426,InnoDB,LOCK_SYS_PAGE,1077,15,471
1787550259.425,2026-08-24 05:44:19.426,InnoDB,LOCK_SYS_PAGE,1075,15,510
1787550259.425,2026-08-24 05:44:19.426,InnoDB,LOCK_SYS_PAGE,1150,15,545
1787550259.425,2026-08-24 05:44:19.426,InnoDB,LOCK_SYS_PAGE,1089,15,505
1787550259.425,2026-08-24 05:44:19.426,InnoDB,LOCK_SYS_PAGE,1154,15,539
1787550259.425,2026-08-24 05:44:19.426,InnoDB,LOCK_SYS_PAGE,1131,15,537
1787550259.425,2026-08-24 05:44:19.426,InnoDB,LOCK_SYS_PAGE,1111,15,517
1787550259.425,2026-08-24 05:44:19.426,InnoDB,LOCK_SYS_PAGE,1095,15,484
1787550259.425,2026-08-24 05:44:19.426,InnoDB,LOCK_SYS_PAGE,1072,15,520
1787550259.425,2026-08-24 05:44:19.426,InnoDB,LOCK_SYS_PAGE,1109,15,511
1787550259.425,2026-08-24 05:44:19.426,InnoDB,LOCK_SYS_PAGE,1126,15,561
1787550259.425,2026-08-24 05:44:19.426,InnoDB,LOCK_SYS_PAGE,1039,15,488
1787550259.425,2026-08-24 05:44:19.426,InnoDB,LOCK_SYS_PAGE,1116,15,534
1787550259.425,2026-08-24 05:44:19.426,InnoDB,LOCK_SYS_PAGE,1114,15,566
1787550259.425,2026-08-24 05:44:19.426,InnoDB,LOCK_SYS_PAGE,1080,15,508
1787550259.425,2026-08-24 05:44:19.426,InnoDB,LOCK_SYS_PAGE,1123,15,574
1787550259.425,2026-08-24 05:44:19.426,InnoDB,LOCK_SYS_PAGE,1090,15,510
1787550259.425,2026-08-24 05:44:19.426,InnoDB,LOCK_SYS_PAGE,1144,15,521
1787550259.425,2026-08-24 05:44:19.426,InnoDB,LOCK_SYS_PAGE,1185,15,516
1787550259.425,2026-08-24 05:44:19.426,InnoDB,LOCK_SYS_PAGE,1084,14,493
1787550259.425,2026-08-24 05:44:19.426,InnoDB,LOCK_SYS_PAGE,1017,14,475
1787550259.425,2026-08-24 05:44:19.426,InnoDB,LOCK_SYS_PAGE,1003,14,495
1787550259.425,2026-08-24 05:44:19.426,InnoDB,LOCK_SYS_PAGE,1092,14,560
1787550259.425,2026-08-24 05:44:19.426,InnoDB,LOCK_SYS_PAGE,1021,14,505
1787550259.425,2026-08-24 05:44:19.426,InnoDB,LOCK_SYS_PAGE,915,14,454
1787550259.425,2026-08-24 05:44:19.426,InnoDB,LOCK_SYS_PAGE,971,14,498
1787550259.425,2026-08-24 05:44:19.426,InnoDB,LOCK_SYS_PAGE,1040,14,514
1787550259.425,2026-08-24 05:44:19.426,InnoDB,LOCK_SYS_PAGE,1111,14,580
1787550259.425,2026-08-24 05:44:19.426,InnoDB,LOCK_SYS_PAGE,1140,14,530
1787550259.425,2026-08-24 05:44:19.426,InnoDB,LOCK_SYS_PAGE,1067,14,538
1787550259.425,2026-08-24 05:44:19.426,InnoDB,LOCK_SYS_PAGE,1129,14,539
1787550259.425,2026-08-24 05:44:19.426,InnoDB,LOCK_SYS_PAGE,1068,14,553
1787550259.425,2026-08-24 05:44:19.426,InnoDB,LOCK_SYS_PAGE,1010,14,516
1787550259.425,2026-08-24 05:44:19.426,InnoDB,LOCK_SYS_PAGE,1116,14,533
1787550259.425,2026-08-24 05:44:19.426,InnoDB,LOCK_SYS_PAGE,1080,14,544
1787550259.425,2026-08-24 05:44:19.426,InnoDB,LOCK_SYS_PAGE,1089,14,529
1787550259.425,2026-08-24 05:44:19.426,InnoDB,LOCK_SYS_PAGE,1045,14,509
1787550259.425,2026-08-24 05:44:19.426,InnoDB,LOCK_SYS_PAGE,1108,14,520
1787550259.425,2026-08-24 05:44:19.426,InnoDB,LOCK_SYS_PAGE,1057,14,518
1787550259.425,2026-08-24 05:44:19.426,InnoDB,LOCK_SYS_PAGE,1180,14,594
1787550259.425,2026-08-24 05:44:19.426,InnoDB,LOCK_SYS_PAGE,1058,14,532
1787550259.425,2026-08-24 05:44:19.426,InnoDB,LOCK_SYS_PAGE,1099,14,546
1787550259.425,2026-08-24 05:44:19.426,InnoDB,LOCK_SYS_PAGE,1087,14,567
1787550259.425,2026-08-24 05:44:19.426,InnoDB,LOCK_SYS_PAGE,1132,14,559
1787550259.425,2026-08-24 05:44:19.426,InnoDB,LOCK_SYS_PAGE,1216,14,592
1787550259.425,2026-08-24 05:44:19.426,InnoDB,LOCK_SYS_PAGE,1018,14,470
1787550259.425,2026-08-24 05:44:19.426,InnoDB,LOCK_SYS_PAGE,1060,14,518
1787550259.425,2026-08-24 05:44:19.426,InnoDB,LOCK_SYS_PAGE,1061,14,522
1787550259.425,2026-08-24 05:44:19.426,InnoDB,LOCK_SYS_PAGE,1200,14,581
1787550259.425,2026-08-24 05:44:19.426,InnoDB,LOCK_SYS_PAGE,1074,14,558
1787550259.425,2026-08-24 05:44:19.426,InnoDB,LOCK_SYS_PAGE,1008,14,513
1787550259.425,2026-08-24 05:44:19.426,InnoDB,LOCK_SYS_PAGE,1014,14,479
1787550259.425,2026-08-24 05:44:19.426,InnoDB,LOCK_SYS_PAGE,1135,14,508
1787550259.425,2026-08-24 05:44:19.426,InnoDB,LOCK_SYS_PAGE,1114,14,551
1787550259.425,2026-08-24 05:44:19.426,InnoDB,LOCK_SYS_PAGE,1178,14,563
1787550259.425,2026-08-24 05:44:19.426,InnoDB,LOCK_SYS_PAGE,1119,14,582
1787550259.425,2026-08-24 05:44:19.426,InnoDB,LOCK_SYS_PAGE,1009,14,487
1787550259.425,2026-08-24 05:44:19.426,InnoDB,LOCK_SYS_PAGE,922,14,495
1787550259.425,2026-08-24 05:44:19.426,InnoDB,LOCK_SYS_PAGE,1005,14,535
1787550259.425,2026-08-24 05:44:19.426,InnoDB,LOCK_SYS_PAGE,1020,14,532
1787550259.425,2026-08-24 05:44:19.426,InnoDB,LOCK_SYS_PAGE,1090,14,561
1787550259.425,2026-08-24 05:44:19.426,InnoDB,LOCK_SYS_PAGE,1014,14,545
1787550259.425,2026-08-24 05:44:19.426,InnoDB,LOCK_SYS_PAGE,1075,14,564
1787550259.425,2026-08-24 05:44:19.426,InnoDB,LOCK_SYS_PAGE,997,13,560
1787550259.425,2026-08-24 05:44:19.426,InnoDB,LOCK_SYS_PAGE,1135,13,573
1787550259.425,2026-08-24 05:44:19.426,InnoDB,LOCK_SYS_PAGE,1051,13,471
1787550259.425,2026-08-24 05:44:19.426,InnoDB,LOCK_SYS_PAGE,938,13,465
1787550259.425,2026-08-24 05:44:19.426,InnoDB,LOCK_SYS_PAGE,1164,13,529
1787550259.425,2026-08-24 05:44:19.426,InnoDB,LOCK_SYS_PAGE,978,13,506
1787550259.425,2026-08-24 05:44:19.426,InnoDB,LOCK_SYS_PAGE,1132,13,541
1787550259.425,2026-08-24 05:44:19.426,InnoDB,LOCK_SYS_PAGE,991,13,494
1787550259.425,2026-08-24 05:44:19.426,InnoDB,LOCK_SYS_PAGE,1086,13,576
1787550259.425,2026-08-24 05:44:19.426,InnoDB,LOCK_SYS_PAGE,987,13,496
1787550259.425,2026-08-24 05:44:19.426,InnoDB,LOCK_SYS_PAGE,1044,13,515
1787550259.425,2026-08-24 05:44:19.426,InnoDB,LOCK_SYS_PAGE,1030,13,601
1787550259.425,2026-08-24 05:44:19.426,InnoDB,LOCK_SYS_PAGE,1048,13,556
1787550259.425,2026-08-24 05:44:19.426,InnoDB,LOCK_SYS_PAGE,1023,13,493
1787550259.425,2026-08-24 05:44:19.426,InnoDB,LOCK_SYS_PAGE,1011,13,515
1787550259.425,2026-08-24 05:44:19.426,InnoDB,LOCK_SYS_PAGE,1139,13,530
1787550259.425,2026-08-24 05:44:19.426,InnoDB,LOCK_SYS_PAGE,1045,13,510
1787550259.425,2026-08-24 05:44:19.426,InnoDB,LOCK_SYS_PAGE,1012,13,507
1787550259.425,2026-08-24 05:44:19.426,InnoDB,LOCK_SYS_PAGE,1065,13,552
1787550259.425,2026-08-24 05:44:19.426,InnoDB,LOCK_SYS_PAGE,1088,13,565
1787550259.425,2026-08-24 05:44:19.426,InnoDB,LOCK_SYS_PAGE,960,13,463
1787550259.425,2026-08-24 05:44:19.426,InnoDB,LOCK_SYS_PAGE,1066,13,551
1787550259.425,2026-08-24 05:44:19.426,InnoDB,LOCK_SYS_PAGE,1057,13,564
1787550259.425,2026-08-24 05:44:19.426,InnoDB,LOCK_SYS_PAGE,993,12,555
1787550259.425,2026-08-24 05:44:19.426,InnoDB,LOCK_SYS_PAGE,1137,12,532
1787550259.425,2026-08-24 05:44:19.426,InnoDB,LOCK_SYS_PAGE,1041,12,494
1787550259.425,2026-08-24 05:44:19.426,InnoDB,LOCK_SYS_PAGE,1099,12,503
1787550259.425,2026-08-24 05:44:19.426,InnoDB,LOCK_SYS_PAGE,1069,12,546
1787550259.425,2026-08-24 05:44:19.426,InnoDB,LOCK_SYS_PAGE,914,12,441
1787550259.425,2026-08-24 05:44:19.426,InnoDB,LOCK_SYS_PAGE,1120,12,513
1787550259.425,2026-08-24 05:44:19.426,InnoDB,LOCK_SYS_PAGE,1011,12,548
1787550259.425,2026-08-24 05:44:19.426,InnoDB,LOCK_SYS_PAGE,1070,12,540
1787550259.425,2026-08-24 05:44:19.426,InnoDB,LOCK_SYS_PAGE,1017,12,556
1787550259.425,2026-08-24 05:44:19.426,InnoDB,LOCK_SYS_PAGE,1013,12,548
1787550259.425,2026-08-24 05:44:19.426,InnoDB,LOCK_SYS_PAGE,940,12,484
1787550259.425,2026-08-24 05:44:19.426,InnoDB,LOCK_SYS_PAGE,962,12,477
1787550259.425,2026-08-24 05:44:19.426,InnoDB,LOCK_SYS_PAGE,1032,12,545
1787550259.425,2026-08-24 05:44:19.426,InnoDB,LOCK_SYS_PAGE,976,12,484
1787550259.425,2026-08-24 05:44:19.426,InnoDB,LOCK_SYS_PAGE,908,12,501
1787550259.425,2026-08-24 05:44:19.426,InnoDB,LOCK_SYS_PAGE,1052,12,573
1787550259.425,2026-08-24 05:44:19.426,InnoDB,LOCK_SYS_PAGE,1030,12,541
1787550259.425,2026-08-24 05:44:19.426,InnoDB,LOCK_SYS_PAGE,986,12,479
1787550259.425,2026-08-24 05:44:19.426,InnoDB,LOCK_SYS_PAGE,980,12,509
1787550259.425,2026-08-24 05:44:19.426,InnoDB,LOCK_SYS_PAGE,951,12,515
1787550259.425,2026-08-24 05:44:19.426,InnoDB,LOCK_SYS_PAGE,986,12,519
1787550259.425,2026-08-24 05:44:19.426,InnoDB,LOCK_SYS_PAGE,1016,12,506
1787550259.425,2026-08-24 05:44:19.426,InnoDB,LOCK_SYS_PAGE,1065,12,529
1787550259.425,2026-08-24 05:44:19.426,InnoDB,LOCK_SYS_PAGE,1071,12,576
1787550259.425,2026-08-24 05:44:19.426,InnoDB,LOCK_SYS_PAGE,921,11,550
1787550259.425,2026-08-24 05:44:19.426,InnoDB,UNDO_SPACE_RSEG,4304,11,1909
1787550259.425,2026-08-24 05:44:19.426,InnoDB,LOCK_SYS_PAGE,905,11,513
1787550259.425,2026-08-24 05:44:19.426,InnoDB,LOCK_SYS_PAGE,969,11,541
1787550259.425,2026-08-24 05:44:19.426,InnoDB,LOCK_SYS_PAGE,970,11,513
1787550259.425,2026-08-24 05:44:19.426,InnoDB,LOCK_SYS_PAGE,1011,11,539
1787550259.425,2026-08-24 05:44:19.426,InnoDB,LOCK_SYS_PAGE,1002,11,577
1787550259.425,2026-08-24 05:44:19.426,InnoDB,LOCK_SYS_PAGE,907,11,500
1787550259.425,2026-08-24 05:44:19.426,InnoDB,LOCK_SYS_PAGE,923,11,516
1787550259.425,2026-08-24 05:44:19.426,InnoDB,LOCK_SYS_PAGE,1025,11,569
1787550259.425,2026-08-24 05:44:19.426,InnoDB,LOCK_SYS_PAGE,1008,11,509
1787550259.425,2026-08-24 05:44:19.426,InnoDB,LOCK_SYS_PAGE,940,11,520
1787550259.425,2026-08-24 05:44:19.426,InnoDB,LOCK_SYS_PAGE,986,11,497
1787550259.425,2026-08-24 05:44:19.426,InnoDB,LOCK_SYS_PAGE,959,11,524
1787550259.425,2026-08-24 05:44:19.426,InnoDB,LOCK_SYS_PAGE,1136,10,621
1787550259.425,2026-08-24 05:44:19.426,InnoDB,LOCK_SYS_PAGE,948,10,550
1787550259.425,2026-08-24 05:44:19.426,InnoDB,LOCK_SYS_PAGE,1020,10,535
1787550259.425,2026-08-24 05:44:19.426,InnoDB,DICT_TABLE_STATS_COMPUTE,300,10,4
1787550259.425,2026-08-24 05:44:19.426,InnoDB,LOCK_SYS_PAGE,971,10,561
1787550259.425,2026-08-24 05:44:19.426,InnoDB,LOCK_SYS_PAGE,975,10,540
1787550259.425,2026-08-24 05:44:19.426,InnoDB,LOCK_SYS_PAGE,1005,10,547
1787550259.425,2026-08-24 05:44:19.426,InnoDB,LOCK_SYS_PAGE,965,10,559
1787550259.425,2026-08-24 05:44:19.426,InnoDB,LOCK_SYS_PAGE,1040,10,589
1787550259.425,2026-08-24 05:44:19.426,InnoDB,LOCK_SYS_PAGE,922,10,524
1787550259.425,2026-08-24 05:44:19.426,InnoDB,LOCK_SYS_PAGE,1088,10,590
1787550259.425,2026-08-24 05:44:19.426,InnoDB,LOCK_SYS_PAGE,1046,10,611
1787550259.425,2026-08-24 05:44:19.426,InnoDB,LOCK_SYS_PAGE,921,9,522
1787550259.425,2026-08-24 05:44:19.426,InnoDB,LOCK_SYS_PAGE,962,9,542
1787550259.425,2026-08-24 05:44:19.426,InnoDB,LOCK_SYS_PAGE,889,9,479
1787550259.425,2026-08-24 05:44:19.426,InnoDB,LOCK_SYS_PAGE,1006,9,526
1787550259.425,2026-08-24 05:44:19.426,InnoDB,LOCK_SYS_PAGE,962,9,547
1787550259.425,2026-08-24 05:44:19.426,InnoDB,LOCK_SYS_PAGE,802,8,497
1787550259.425,2026-08-24 05:44:19.426,InnoDB,LOCK_SYS_PAGE,930,8,556
1787550259.425,2026-08-24 05:44:19.426,InnoDB,LOCK_SYS_PAGE,831,8,521
1787550259.425,2026-08-24 05:44:19.426,InnoDB,LOCK_SYS_PAGE,834,8,528
1787550259.425,2026-08-24 05:44:19.426,InnoDB,LOCK_SYS_PAGE,892,7,584
1787550259.425,2026-08-24 05:44:19.426,InnoDB,LOCK_SYS_PAGE,851,7,528
1787550259.425,2026-08-24 05:44:19.426,InnoDB,LOCK_SYS_WAIT,234,7,9
1787550259.425,2026-08-24 05:44:19.426,InnoDB,PARSER,242,6,6
1787550259.425,2026-08-24 05:44:19.426,InnoDB,FIL_SHARD,203,4,71
1787550259.425,2026-08-24 05:44:19.426,InnoDB,FIL_SHARD,156,3,73
1787550259.425,2026-08-24 05:44:19.426,InnoDB,FIL_SHARD,246,3,177
1787550259.425,2026-08-24 05:44:19.426,InnoDB,FIL_SHARD,100,2,24
1787550259.425,2026-08-24 05:44:19.426,InnoDB,FIL_SHARD,90,2,36
1787550259.425,2026-08-24 05:44:19.426,InnoDB,FIL_SHARD,132,2,93
1787550259.425,2026-08-24 05:44:19.426,InnoDB,FIL_SHARD,87,2,33
1787550259.425,2026-08-24 05:44:19.426,InnoDB,FIL_SHARD,119,2,58
1787550259.425,2026-08-24 05:44:19.426,InnoDB,FIL_SHARD,178,2,134
1787550259.425,2026-08-24 05:44:19.426,InnoDB,FIL_SHARD,136,2,49
1787550259.425,2026-08-24 05:44:19.426,InnoDB,FIL_SHARD,107,1,107
1787550259.425,2026-08-24 05:44:19.426,InnoDB,FIL_SHARD,49,1,29
1787550259.425,2026-08-24 05:44:19.426,InnoDB,TRX_SYS_SHARD,35,1,2
1787550259.425,2026-08-24 05:44:19.426,InnoDB,TRX_SYS_SHARD,30,1,1
1787550259.425,2026-08-24 05:44:19.426,InnoDB,TRX_SYS_SHARD,34,1,1
1787550259.425,2026-08-24 05:44:19.426,InnoDB,TRX_SYS_SHARD,34,1,1
1787550259.425,2026-08-24 05:44:19.426,InnoDB,FIL_SHARD,82,1,78
1787550259.425,2026-08-24 05:44:19.426,InnoDB,FIL_SHARD,98,1,84
1787550259.425,2026-08-24 05:44:19.426,InnoDB,TRX_SYS_SHARD,30,1,1
1787550259.425,2026-08-24 05:44:19.426,InnoDB,FIL_SHARD,65,1,51
1787550259.425,2026-08-24 05:44:19.426,InnoDB,FIL_SHARD,119,1,72
1787550259.425,2026-08-24 05:44:19.426,InnoDB,TRX_SYS_SHARD,30,1,1
1787550259.425,2026-08-24 05:44:19.426,InnoDB,FIL_SHARD,112,1,82
1787550259.425,2026-08-24 05:44:19.426,InnoDB,TRX_SYS_SHARD,34,1,1
1787550259.425,2026-08-24 05:44:19.426,InnoDB,TRX_SYS_SHARD,34,1,1
1787550259.425,2026-08-24 05:44:19.426,InnoDB,TRX_SYS_SHARD,2,0,1
1787550259.425,2026-08-24 05:44:19.426,InnoDB,TRX_SYS_SHARD,2,0,2
1787550259.425,2026-08-24 05:44:19.426,InnoDB,TRX_SYS_SHARD,1,0,1
1787550259.425,2026-08-24 05:44:19.426,InnoDB,TRX_SYS_SHARD,2,0,1
1787550259.425,2026-08-24 05:44:19.426,InnoDB,TRX_SYS_SHARD,1,0,1
1787550259.425,2026-08-24 05:44:19.426,InnoDB,TRX_SYS_SHARD,2,0,2
1787550259.425,2026-08-24 05:44:19.426,InnoDB,TRX_SYS_SHARD,1,0,1
1787550259.425,2026-08-24 05:44:19.426,InnoDB,TRX_SYS_SHARD,1,0,1
1787550259.425,2026-08-24 05:44:19.426,InnoDB,TRX_SYS_SHARD,1,0,1
1787550259.425,2026-08-24 05:44:19.426,InnoDB,TRX_SYS_SHARD,1,0,1
1787550259.425,2026-08-24 05:44:19.426,InnoDB,TRX_SYS_SHARD,1,0,1
1787550259.425,2026-08-24 05:44:19.426,InnoDB,TRX_SYS_SHARD,1,0,1
1787550259.425,2026-08-24 05:44:19.426,InnoDB,TRX_SYS_SHARD,1,0,1
1787550259.425,2026-08-24 05:44:19.426,InnoDB,TRX_SYS_SHARD,2,0,1
1787550259.425,2026-08-24 05:44:19.426,InnoDB,TRX_SYS_SHARD,2,0,1
1787550259.425,2026-08-24 05:44:19.426,InnoDB,TRX_SYS_SHARD,20,0,1
1787550259.425,2026-08-24 05:44:19.426,InnoDB,TRX_SYS_SHARD,1,0,1
1787550259.425,2026-08-24 05:44:19.426,InnoDB,TRX_SYS_SHARD,1,0,1
1787550259.425,2026-08-24 05:44:19.426,InnoDB,TRX_SYS_SHARD,2,0,1
1787550259.425,2026-08-24 05:44:19.426,InnoDB,TRX_SYS_SHARD,4,0,2
1787550259.425,2026-08-24 05:44:19.426,InnoDB,TRX_SYS_SHARD,2,0,2
1787550259.425,2026-08-24 05:44:19.426,InnoDB,TRX_SYS_SHARD,2,0,2
1787550259.425,2026-08-24 05:44:19.426,InnoDB,TRX_SYS_SHARD,1,0,1
1787550259.425,2026-08-24 05:44:19.426,InnoDB,TRX_SYS_SHARD,1,0,1
1787550259.425,2026-08-24 05:44:19.426,InnoDB,TRX_SYS_SHARD,1,0,1
1787550259.425,2026-08-24 05:44:19.426,InnoDB,AUTOINC,6,0,2
1787550259.425,2026-08-24 05:44:19.426,InnoDB,TRX_SYS_SHARD,1,0,1
1787550259.425,2026-08-24 05:44:19.426,InnoDB,TRX_SYS_SHARD,1,0,1
1787550259.425,2026-08-24 05:44:19.426,InnoDB,FIL_SHARD,347,0,404
1787550259.425,2026-08-24 05:44:19.426,InnoDB,TRX_SYS_SHARD,1,0,1
1787550259.425,2026-08-24 05:44:19.426,InnoDB,TRX_SYS_SHARD,1,0,1
1787550259.425,2026-08-24 05:44:19.426,InnoDB,TRX_SYS_SHARD,1,0,1
1787550259.425,2026-08-24 05:44:19.426,InnoDB,TRX_SYS_SHARD,1,0,1
1787550259.425,2026-08-24 05:44:19.426,InnoDB,TRX_SYS_SHARD,1,0,2
1787550259.425,2026-08-24 05:44:19.426,InnoDB,TRX_SYS_SHARD,2,0,1
1787550259.425,2026-08-24 05:44:19.426,InnoDB,TRX_SYS_SHARD,1,0,1
1787550259.425,2026-08-24 05:44:19.426,InnoDB,TRX_SYS_SHARD,2,0,2
1787550259.425,2026-08-24 05:44:19.426,InnoDB,TRX_SYS_SHARD,3,0,2
1787550259.425,2026-08-24 05:44:19.426,InnoDB,TRX_SYS_SHARD,5,0,2
1787550259.425,2026-08-24 05:44:19.426,InnoDB,TRX_SYS_SHARD,1,0,1
1787550259.425,2026-08-24 05:44:19.426,InnoDB,TRX_SYS_SHARD,1,0,1
1787550259.425,2026-08-24 05:44:19.426,InnoDB,TRX_SYS_SHARD,1,0,1
1787550259.425,2026-08-24 05:44:19.426,InnoDB,TRX_SYS_SHARD,1,0,1
1787550259.425,2026-08-24 05:44:19.426,InnoDB,TRX_SYS_SHARD,1,0,1
1787550259.425,2026-08-24 05:44:19.426,InnoDB,TRX_SYS_SHARD,2,0,1
1787550259.425,2026-08-24 05:44:19.426,InnoDB,TRX_SYS_SHARD,1,0,1
1787550259.425,2026-08-24 05:44:19.426,InnoDB,TRX_SYS_SHARD,5,0,3
1787550259.425,2026-08-24 05:44:19.426,InnoDB,TRX_SYS_SHARD,1,0,1
1787550259.425,2026-08-24 05:44:19.426,InnoDB,TRX_SYS_SHARD,1,0,1
1787550259.425,2026-08-24 05:44:19.426,InnoDB,TRX_SYS_SHARD,2,0,1
1787550259.425,2026-08-24 05:44:19.426,InnoDB,TRX_SYS_SHARD,2,0,2
1787550259.425,2026-08-24 05:44:19.426,InnoDB,DICT_TABLE,1,0,1
1787550259.425,2026-08-24 05:44:19.426,InnoDB,TRX_SYS_SHARD,1,0,1
1787550259.425,2026-08-24 05:44:19.426,InnoDB,TRX_SYS_SHARD,1,0,1
1787550259.425,2026-08-24 05:44:19.426,InnoDB,TRX_SYS_SHARD,2,0,1
1787550259.425,2026-08-24 05:44:19.426,InnoDB,TRX_SYS_SHARD,1,0,1
1787550259.425,2026-08-24 05:44:19.426,InnoDB,TRX_SYS_SHARD,1,0,1
1787550259.425,2026-08-24 05:44:19.426,InnoDB,TRX_SYS_SHARD,1,0,1
1787550259.425,2026-08-24 05:44:19.426,InnoDB,TRX_SYS_SHARD,2,0,1
1787550259.425,2026-08-24 05:44:19.426,InnoDB,TRX_SYS_SHARD,1,0,1
1787550259.425,2026-08-24 05:44:19.426,InnoDB,FIL_SHARD,115,0,150
1787550259.425,2026-08-24 05:44:19.426,InnoDB,FIL_SHARD,12,0,19
1787550259.425,2026-08-24 05:44:19.426,InnoDB,FIL_SHARD,22,0,40
1787550259.425,2026-08-24 05:44:19.426,InnoDB,FIL_SHARD,22,0,34
1787550259.425,2026-08-24 05:44:19.426,InnoDB,FIL_SHARD,68,0,85
1787550259.425,2026-08-24 05:44:19.426,InnoDB,FIL_SHARD,32,0,59
1787550259.425,2026-08-24 05:44:19.426,InnoDB,FIL_SHARD,29,0,42
1787550259.425,2026-08-24 05:44:19.426,InnoDB,FIL_SHARD,32,0,48
1787550259.425,2026-08-24 05:44:19.426,InnoDB,FIL_SHARD,41,0,64
1787550259.425,2026-08-24 05:44:19.426,InnoDB,LOG_LIMITS,217,0,150
1787550259.425,2026-08-24 05:44:19.426,InnoDB,FIL_SHARD,79,0,95
1787550259.425,2026-08-24 05:44:19.426,InnoDB,PERSIST_AUTOINC,5,0,1
1787550259.425,2026-08-24 05:44:19.426,InnoDB,FIL_SHARD,64,0,81
1787550259.425,2026-08-24 05:44:19.426,InnoDB,RECALC_POOL,11,0,10
1787550259.425,2026-08-24 05:44:19.426,InnoDB,RW_LOCK_LIST,1,0,1
1787550259.425,2026-08-24 05:44:19.426,InnoDB,TRX_POOL_MANAGER,6,0,3
1787550259.425,2026-08-24 05:44:19.426,InnoDB,TRX,3,0,1
1787550259.425,2026-08-24 05:44:19.426,InnoDB,FIL_SHARD,33,0,49
1787550259.425,2026-08-24 05:44:19.426,InnoDB,FIL_SHARD,75,0,54
1787550259.425,2026-08-24 05:44:19.426,InnoDB,FIL_SHARD,28,0,45
1787550259.425,2026-08-24 05:44:19.426,InnoDB,FIL_SHARD,11,0,18
1787550259.425,2026-08-24 05:44:19.426,InnoDB,FIL_SHARD,20,0,26
1787550259.425,2026-08-24 05:44:19.426,InnoDB,FIL_SHARD,46,0,64
1787550259.425,2026-08-24 05:44:19.426,InnoDB,FIL_SHARD,26,0,41
1787550259.425,2026-08-24 05:44:19.426,InnoDB,FIL_SHARD,20,0,32
1787550259.425,2026-08-24 05:44:19.426,InnoDB,FIL_SHARD,34,0,33
1787550259.425,2026-08-24 05:44:19.426,InnoDB,TRX,1,0,1
1787550259.425,2026-08-24 05:44:19.426,InnoDB,FIL_SHARD,20,0,25
1787550259.425,2026-08-24 05:44:19.426,InnoDB,FIL_SHARD,27,0,55
1787550259.425,2026-08-24 05:44:19.426,InnoDB,FIL_SHARD,29,0,27
1787550259.425,2026-08-24 05:44:19.426,InnoDB,FIL_SHARD,37,0,50
1787550259.425,2026-08-24 05:44:19.426,InnoDB,FIL_SHARD,40,0,42
1787550259.425,2026-08-24 05:44:19.426,InnoDB,FIL_SHARD,48,0,85
1787550259.425,2026-08-24 05:44:19.426,InnoDB,FIL_SHARD,44,0,36
1787550259.425,2026-08-24 05:44:19.426,InnoDB,TRX_SYS_SHARD,12,0,3
1787550259.425,2026-08-24 05:44:19.426,InnoDB,TRX_SYS_SHARD,14,0,1
1787550259.425,2026-08-24 05:44:19.426,InnoDB,TRX_SYS_SHARD,1,0,1
1787550259.425,2026-08-24 05:44:19.426,InnoDB,TRX_SYS_SHARD,3,0,3
1787550259.425,2026-08-24 05:44:19.426,InnoDB,TRX_SYS_SHARD,2,0,2
1787550259.425,2026-08-24 05:44:19.426,InnoDB,TRX_SYS_SHARD,1,0,1
1787550259.425,2026-08-24 05:44:19.426,InnoDB,TRX_SYS_SHARD,1,0,1
1787550259.425,2026-08-24 05:44:19.426,InnoDB,TRX_SYS_SHARD,1,0,1
1787550259.425,2026-08-24 05:44:19.426,InnoDB,TRX_SYS_SHARD,22,0,1
1787550259.425,2026-08-24 05:44:19.426,InnoDB,TRX_SYS_SHARD,1,0,1
1787550259.425,2026-08-24 05:44:19.426,InnoDB,TRX_SYS_SHARD,1,0,1
1787550259.425,2026-08-24 05:44:19.426,InnoDB,TRX_SYS_SHARD,1,0,1
1787550259.425,2026-08-24 05:44:19.426,InnoDB,TRX_SYS_SHARD,26,0,1
1787550259.425,2026-08-24 05:44:19.426,InnoDB,TRX_SYS_SHARD,1,0,1
1787550259.425,2026-08-24 05:44:19.426,InnoDB,TRX_SYS_SHARD,1,0,1
1787550259.425,2026-08-24 05:44:19.426,InnoDB,TRX_SYS_SHARD,2,0,2
1787550259.425,2026-08-24 05:44:19.426,InnoDB,TRX_SYS_SHARD,1,0,1
1787550259.425,2026-08-24 05:44:19.426,InnoDB,TRX_SYS_SHARD,1,0,1
1787550259.425,2026-08-24 05:44:19.426,InnoDB,FIL_SHARD,147,0,166
1787550259.425,2026-08-24 05:44:19.426,InnoDB,TRX_SYS_SHARD,2,0,2
1787550259.425,2026-08-24 05:44:19.426,InnoDB,TRX_SYS_SHARD,1,0,1
1787550259.425,2026-08-24 05:44:19.426,InnoDB,TRX_SYS_SHARD,2,0,1
1787550259.425,2026-08-24 05:44:19.426,InnoDB,TRX_SYS_SHARD,1,0,1
1787550259.425,2026-08-24 05:44:19.426,InnoDB,TRX_SYS_SHARD,1,0,1
1787550259.425,2026-08-24 05:44:19.426,InnoDB,TRX_SYS_SHARD,1,0,1
1787550259.425,2026-08-24 05:44:19.426,InnoDB,TRX_SYS_SHARD,1,0,2
1787550259.425,2026-08-24 05:44:19.426,InnoDB,TRX_SYS_SHARD,1,0,1
1787550259.425,2026-08-24 05:44:19.426,InnoDB,TRX_SYS_SHARD,2,0,1
1787550259.425,2026-08-24 05:44:19.426,InnoDB,TRX_SYS_SHARD,1,0,1
1787550259.425,2026-08-24 05:44:19.426,InnoDB,TRX_SYS_SHARD,1,0,1
1787550259.425,2026-08-24 05:44:19.426,InnoDB,TRX_SYS_SHARD,2,0,1
1787550259.425,2026-08-24 05:44:19.426,InnoDB,TRX_SYS_SHARD,1,0,1
1787550259.425,2026-08-24 05:44:19.426,InnoDB,TRX_SYS_SHARD,1,0,1
1787550259.425,2026-08-24 05:44:19.426,InnoDB,TRX_SYS_SHARD,1,0,1
1787550259.425,2026-08-24 05:44:19.426,InnoDB,rwlock: dict0dict.cc:2631,,16747,
1787550259.425,2026-08-24 05:44:19.426,InnoDB,rwlock: dict0dict.cc:2631,,17413,
1787550259.425,2026-08-24 05:44:19.426,InnoDB,rwlock: dict0dict.cc:2631,,17041,
1787550259.425,2026-08-24 05:44:19.426,InnoDB,rwlock: dict0dict.cc:2631,,16816,
1787550259.425,2026-08-24 05:44:19.426,InnoDB,rwlock: dict0dict.cc:2631,,16969,
1787550259.425,2026-08-24 05:44:19.426,InnoDB,rwlock: dict0dict.cc:2631,,17046,
1787550259.425,2026-08-24 05:44:19.426,InnoDB,rwlock: dict0dict.cc:2631,,16517,
1787550259.425,2026-08-24 05:44:19.426,InnoDB,rwlock: dict0dict.cc:2631,,17007,
1787550259.425,2026-08-24 05:44:19.426,InnoDB,rwlock: dict0dict.cc:2631,,16890,
1787550259.425,2026-08-24 05:44:19.426,InnoDB,rwlock: dict0dict.cc:2631,,16630,
1787550259.425,2026-08-24 05:44:19.426,InnoDB,rwlock: dict0dict.cc:2631,,16912,
1787550259.425,2026-08-24 05:44:19.426,InnoDB,rwlock: dict0dict.cc:2631,,17053,
1787550259.425,2026-08-24 05:44:19.426,InnoDB,rwlock: dict0dict.cc:2631,,16702,
1787550259.425,2026-08-24 05:44:19.426,InnoDB,rwlock: dict0dict.cc:2631,,17011,
1787550259.425,2026-08-24 05:44:19.426,InnoDB,rwlock: dict0dict.cc:2631,,16820,
1787550259.425,2026-08-24 05:44:19.426,InnoDB,rwlock: dict0dict.cc:2631,,16183,
1787550259.425,2026-08-24 05:44:19.426,InnoDB,rwlock: dict0dict.cc:2631,,16726,
1787550259.425,2026-08-24 05:44:19.426,InnoDB,rwlock: dict0dict.cc:2631,,16503,
1787550259.425,2026-08-24 05:44:19.426,InnoDB,rwlock: dict0dict.cc:2631,,16348,
1787550259.425,2026-08-24 05:44:19.426,InnoDB,rwlock: dict0dict.cc:2631,,15355,
1787550259.425,2026-08-24 05:44:19.426,InnoDB,rwlock: dict0dict.cc:2631,,1,
1787550259.425,2026-08-24 05:44:19.426,InnoDB,rwlock: fil0fil.cc:10242,,1,
1787550259.425,2026-08-24 05:44:19.426,InnoDB,rwlock: dict0dict.cc:2631,,2,
1787550259.425,2026-08-24 05:44:19.426,InnoDB,rwlock: dict0dict.cc:2631,,1,
1787550259.425,2026-08-24 05:44:19.426,InnoDB,rwlock: dict0dict.cc:2631,,2,
1787550259.425,2026-08-24 05:44:19.426,InnoDB,rwlock: dict0dict.cc:2631,,1,
1787550259.425,2026-08-24 05:44:19.426,InnoDB,rwlock: dict0dict.cc:2631,,2,
1787550259.425,2026-08-24 05:44:19.426,InnoDB,rwlock: dict0dict.cc:2631,,1,
1787550259.425,2026-08-24 05:44:19.426,InnoDB,rwlock: dict0dict.cc:2631,,2,
1787550259.425,2026-08-24 05:44:19.426,InnoDB,rwlock: dict0dict.cc:2631,,1,
1787550259.425,2026-08-24 05:44:19.426,InnoDB,rwlock: dict0dict.cc:2631,,1,
1787550259.425,2026-08-24 05:44:19.426,InnoDB,rwlock: dict0dict.cc:2631,,2,
1787550259.425,2026-08-24 05:44:19.426,InnoDB,rwlock: dict0dict.cc:2631,,1,
1787550259.425,2026-08-24 05:44:19.426,InnoDB,rwlock: fil0fil.cc:10242,,1,
1787550259.425,2026-08-24 05:44:19.426,InnoDB,rwlock: dict0dict.cc:2631,,1,
1787550259.425,2026-08-24 05:44:19.426,InnoDB,rwlock: dict0dict.cc:2631,,1,
1787550259.425,2026-08-24 05:44:19.426,InnoDB,rwlock: dict0dict.cc:2631,,1,
1787550259.425,2026-08-24 05:44:19.426,InnoDB,rwlock: trx0purge.cc:232,,15,
1787550259.425,2026-08-24 05:44:19.426,InnoDB,rwlock: fil0fil.cc:10242,,5180,
1787550259.425,2026-08-24 05:44:19.426,InnoDB,rwlock: fil0fil.cc:10242,,4950,
1787550259.425,2026-08-24 05:44:19.426,InnoDB,rwlock: dict0dict.cc:1180,,10,
1787550259.425,2026-08-24 05:44:19.426,InnoDB,rwlock: hash0hash.cc:117,,999,
1787550259.425,2026-08-24 05:44:19.426,InnoDB,rwlock: hash0hash.cc:117,,1146,
1787550259.425,2026-08-24 05:44:19.426,InnoDB,rwlock: hash0hash.cc:117,,617,
1787550259.425,2026-08-24 05:44:19.426,InnoDB,rwlock: hash0hash.cc:117,,706,
1787550259.425,2026-08-24 05:44:19.426,InnoDB,rwlock: hash0hash.cc:117,,4351,
1787550259.425,2026-08-24 05:44:19.426,InnoDB,rwlock: hash0hash.cc:117,,757,
1787550259.425,2026-08-24 05:44:19.426,InnoDB,rwlock: hash0hash.cc:117,,1356,
1787550259.425,2026-08-24 05:44:19.426,InnoDB,rwlock: hash0hash.cc:117,,791,
1787550259.425,2026-08-24 05:44:19.426,InnoDB,rwlock: hash0hash.cc:117,,754,
1787550259.425,2026-08-24 05:44:19.426,InnoDB,rwlock: hash0hash.cc:117,,850,
1787550259.425,2026-08-24 05:44:19.426,InnoDB,rwlock: hash0hash.cc:117,,803,
1787550259.425,2026-08-24 05:44:19.426,InnoDB,rwlock: hash0hash.cc:117,,804,
1787550259.425,2026-08-24 05:44:19.426,InnoDB,rwlock: hash0hash.cc:117,,937,
1787550259.425,2026-08-24 05:44:19.426,InnoDB,rwlock: hash0hash.cc:117,,885,
1787550259.425,2026-08-24 05:44:19.426,InnoDB,rwlock: hash0hash.cc:117,,818,
1787550259.425,2026-08-24 05:44:19.426,InnoDB,rwlock: hash0hash.cc:117,,2372,
1787550259.425,2026-08-24 05:44:19.426,InnoDB,rwlock: hash0hash.cc:117,,957,
1787550259.425,2026-08-24 05:44:19.426,InnoDB,rwlock: hash0hash.cc:117,,949,
1787550259.425,2026-08-24 05:44:19.426,InnoDB,rwlock: hash0hash.cc:117,,1064,
1787550259.425,2026-08-24 05:44:19.426,InnoDB,rwlock: hash0hash.cc:117,,585,
1787550259.425,2026-08-24 05:44:19.426,InnoDB,rwlock: hash0hash.cc:117,,614,
1787550259.425,2026-08-24 05:44:19.426,InnoDB,rwlock: hash0hash.cc:117,,2030,
1787550259.425,2026-08-24 05:44:19.426,InnoDB,rwlock: hash0hash.cc:117,,1981,
1787550259.425,2026-08-24 05:44:19.426,InnoDB,rwlock: hash0hash.cc:117,,458,
1787550259.425,2026-08-24 05:44:19.426,InnoDB,rwlock: hash0hash.cc:117,,519,
1787550259.425,2026-08-24 05:44:19.426,InnoDB,rwlock: hash0hash.cc:117,,641,
1787550259.425,2026-08-24 05:44:19.426,InnoDB,rwlock: hash0hash.cc:117,,414,
1787550259.425,2026-08-24 05:44:19.426,InnoDB,rwlock: hash0hash.cc:117,,484,
1787550259.425,2026-08-24 05:44:19.426,InnoDB,rwlock: hash0hash.cc:117,,500,
1787550259.425,2026-08-24 05:44:19.426,InnoDB,rwlock: hash0hash.cc:117,,792,
1787550259.425,2026-08-24 05:44:19.426,InnoDB,rwlock: hash0hash.cc:117,,482,
1787550259.425,2026-08-24 05:44:19.426,InnoDB,rwlock: hash0hash.cc:117,,655,
1787550259.425,2026-08-24 05:44:19.426,InnoDB,rwlock: hash0hash.cc:117,,720,
1787550259.425,2026-08-24 05:44:19.426,InnoDB,rwlock: hash0hash.cc:117,,636,
1787550259.425,2026-08-24 05:44:19.426,InnoDB,rwlock: hash0hash.cc:117,,499,
1787550259.425,2026-08-24 05:44:19.426,InnoDB,rwlock: hash0hash.cc:117,,698,
1787550259.425,2026-08-24 05:44:19.426,InnoDB,rwlock: hash0hash.cc:117,,1261,
1787550259.425,2026-08-24 05:44:19.426,InnoDB,rwlock: hash0hash.cc:117,,576,
1787550259.425,2026-08-24 05:44:19.426,InnoDB,rwlock: hash0hash.cc:117,,2923,
1787550259.425,2026-08-24 05:44:19.426,InnoDB,rwlock: hash0hash.cc:117,,449,
1787550259.425,2026-08-24 05:44:19.426,InnoDB,rwlock: hash0hash.cc:117,,461,
1787550259.425,2026-08-24 05:44:19.426,InnoDB,rwlock: hash0hash.cc:117,,503,
1787550259.425,2026-08-24 05:44:19.426,InnoDB,rwlock: hash0hash.cc:117,,433,
1787550259.425,2026-08-24 05:44:19.426,InnoDB,rwlock: hash0hash.cc:117,,483,
1787550259.425,2026-08-24 05:44:19.426,InnoDB,rwlock: hash0hash.cc:117,,556,
1787550259.425,2026-08-24 05:44:19.426,InnoDB,rwlock: hash0hash.cc:117,,1737,
1787550259.425,2026-08-24 05:44:19.426,InnoDB,rwlock: hash0hash.cc:117,,565,
1787550259.425,2026-08-24 05:44:19.426,InnoDB,rwlock: hash0hash.cc:117,,1141,
1787550259.425,2026-08-24 05:44:19.426,InnoDB,rwlock: hash0hash.cc:117,,658,
1787550259.425,2026-08-24 05:44:19.426,InnoDB,rwlock: hash0hash.cc:117,,705,
1787550259.425,2026-08-24 05:44:19.426,InnoDB,rwlock: hash0hash.cc:117,,619,
1787550259.425,2026-08-24 05:44:19.426,InnoDB,rwlock: hash0hash.cc:117,,748,
1787550259.425,2026-08-24 05:44:19.426,InnoDB,rwlock: hash0hash.cc:117,,625,
1787550259.425,2026-08-24 05:44:19.426,InnoDB,rwlock: hash0hash.cc:117,,994,
1787550259.425,2026-08-24 05:44:19.426,InnoDB,rwlock: hash0hash.cc:117,,1165,
1787550259.425,2026-08-24 05:44:19.426,InnoDB,rwlock: hash0hash.cc:117,,481,
1787550259.425,2026-08-24 05:44:19.426,InnoDB,rwlock: hash0hash.cc:117,,739,
1787550259.425,2026-08-24 05:44:19.426,InnoDB,rwlock: hash0hash.cc:117,,546,
1787550259.425,2026-08-24 05:44:19.426,InnoDB,rwlock: hash0hash.cc:117,,805,
1787550259.425,2026-08-24 05:44:19.426,InnoDB,rwlock: hash0hash.cc:117,,920,
1787550259.425,2026-08-24 05:44:19.426,InnoDB,rwlock: hash0hash.cc:117,,1603,
1787550259.425,2026-08-24 05:44:19.426,InnoDB,rwlock: hash0hash.cc:117,,619,
1787550259.425,2026-08-24 05:44:19.426,InnoDB,rwlock: hash0hash.cc:117,,2189,
1787550259.425,2026-08-24 05:44:19.426,InnoDB,rwlock: hash0hash.cc:117,,1763,
1787550259.425,2026-08-24 05:44:19.426,InnoDB,rwlock: hash0hash.cc:117,,1111,
1787550259.425,2026-08-24 05:44:19.426,InnoDB,rwlock: hash0hash.cc:117,,2634,
1787550259.425,2026-08-24 05:44:19.426,InnoDB,rwlock: hash0hash.cc:117,,922,
1787550259.425,2026-08-24 05:44:19.426,InnoDB,rwlock: hash0hash.cc:117,,1008,
1787550259.425,2026-08-24 05:44:19.426,InnoDB,rwlock: hash0hash.cc:117,,785,
1787550259.425,2026-08-24 05:44:19.426,InnoDB,rwlock: hash0hash.cc:117,,944,
1787550259.425,2026-08-24 05:44:19.426,InnoDB,rwlock: hash0hash.cc:117,,685,
1787550259.425,2026-08-24 05:44:19.426,InnoDB,rwlock: hash0hash.cc:117,,2393,
1787550259.425,2026-08-24 05:44:19.426,InnoDB,rwlock: hash0hash.cc:117,,868,
1787550259.425,2026-08-24 05:44:19.426,InnoDB,rwlock: hash0hash.cc:117,,1454,
1787550259.425,2026-08-24 05:44:19.426,InnoDB,rwlock: hash0hash.cc:117,,661,
1787550259.425,2026-08-24 05:44:19.426,InnoDB,rwlock: hash0hash.cc:117,,1055,
1787550259.425,2026-08-24 05:44:19.426,InnoDB,rwlock: hash0hash.cc:117,,2419,
1787550259.425,2026-08-24 05:44:19.426,InnoDB,rwlock: hash0hash.cc:117,,900,
1787550259.425,2026-08-24 05:44:19.426,InnoDB,rwlock: hash0hash.cc:117,,1047,
1787550259.425,2026-08-24 05:44:19.426,InnoDB,rwlock: hash0hash.cc:117,,897,
1787550259.425,2026-08-24 05:44:19.426,InnoDB,rwlock: hash0hash.cc:117,,720,
1787550259.425,2026-08-24 05:44:19.426,InnoDB,rwlock: hash0hash.cc:117,,524,
1787550259.425,2026-08-24 05:44:19.426,InnoDB,rwlock: hash0hash.cc:117,,782,
1787550259.425,2026-08-24 05:44:19.426,InnoDB,rwlock: hash0hash.cc:117,,588,
1787550259.425,2026-08-24 05:44:19.426,InnoDB,rwlock: hash0hash.cc:117,,584,
1787550259.425,2026-08-24 05:44:19.426,InnoDB,rwlock: hash0hash.cc:117,,680,
1787550259.425,2026-08-24 05:44:19.426,InnoDB,rwlock: hash0hash.cc:117,,866,
1787550259.425,2026-08-24 05:44:19.426,InnoDB,rwlock: hash0hash.cc:117,,517,
1787550259.425,2026-08-24 05:44:19.426,InnoDB,rwlock: hash0hash.cc:117,,1909,
1787550259.425,2026-08-24 05:44:19.426,InnoDB,rwlock: hash0hash.cc:117,,668,
1787550259.425,2026-08-24 05:44:19.426,InnoDB,rwlock: hash0hash.cc:117,,613,
1787550259.425,2026-08-24 05:44:19.426,InnoDB,rwlock: hash0hash.cc:117,,1774,
1787550259.425,2026-08-24 05:44:19.426,InnoDB,rwlock: hash0hash.cc:117,,675,
1787550259.425,2026-08-24 05:44:19.426,InnoDB,rwlock: hash0hash.cc:117,,423,
1787550259.425,2026-08-24 05:44:19.426,InnoDB,rwlock: hash0hash.cc:117,,540,
1787550259.425,2026-08-24 05:44:19.426,InnoDB,rwlock: hash0hash.cc:117,,651,
1787550259.425,2026-08-24 05:44:19.426,InnoDB,rwlock: hash0hash.cc:117,,575,
1787550259.425,2026-08-24 05:44:19.426,InnoDB,rwlock: hash0hash.cc:117,,1046,
1787550259.425,2026-08-24 05:44:19.426,InnoDB,rwlock: hash0hash.cc:117,,593,
1787550259.425,2026-08-24 05:44:19.426,InnoDB,rwlock: hash0hash.cc:117,,482,
1787550259.425,2026-08-24 05:44:19.426,InnoDB,rwlock: hash0hash.cc:117,,537,
1787550259.425,2026-08-24 05:44:19.426,InnoDB,rwlock: hash0hash.cc:117,,2433,
1787550259.425,2026-08-24 05:44:19.426,InnoDB,rwlock: hash0hash.cc:117,,744,
1787550259.425,2026-08-24 05:44:19.426,InnoDB,rwlock: hash0hash.cc:117,,745,
1787550259.425,2026-08-24 05:44:19.426,InnoDB,rwlock: hash0hash.cc:117,,1119,
1787550259.425,2026-08-24 05:44:19.426,InnoDB,rwlock: hash0hash.cc:117,,1003,
1787550259.425,2026-08-24 05:44:19.426,InnoDB,rwlock: hash0hash.cc:117,,688,
1787550259.425,2026-08-24 05:44:19.426,InnoDB,rwlock: hash0hash.cc:117,,645,
1787550259.425,2026-08-24 05:44:19.426,InnoDB,rwlock: hash0hash.cc:117,,545,
1787550259.425,2026-08-24 05:44:19.426,InnoDB,rwlock: hash0hash.cc:117,,727,
1787550259.425,2026-08-24 05:44:19.426,InnoDB,rwlock: hash0hash.cc:117,,1797,
1787550259.425,2026-08-24 05:44:19.426,InnoDB,rwlock: hash0hash.cc:117,,939,
1787550259.425,2026-08-24 05:44:19.426,InnoDB,rwlock: hash0hash.cc:117,,597,
1787550259.425,2026-08-24 05:44:19.426,InnoDB,rwlock: hash0hash.cc:117,,676,
1787550259.425,2026-08-24 05:44:19.426,InnoDB,rwlock: hash0hash.cc:117,,628,
1787550259.425,2026-08-24 05:44:19.426,InnoDB,rwlock: hash0hash.cc:117,,657,
1787550259.425,2026-08-24 05:44:19.426,InnoDB,rwlock: hash0hash.cc:117,,431,
1787550259.425,2026-08-24 05:44:19.426,InnoDB,rwlock: hash0hash.cc:117,,2121,
1787550259.425,2026-08-24 05:44:19.426,InnoDB,rwlock: hash0hash.cc:117,,733,
1787550259.425,2026-08-24 05:44:19.426,InnoDB,rwlock: hash0hash.cc:117,,1859,
1787550259.425,2026-08-24 05:44:19.426,InnoDB,rwlock: hash0hash.cc:117,,946,
1787550259.425,2026-08-24 05:44:19.426,InnoDB,rwlock: hash0hash.cc:117,,587,
1787550259.425,2026-08-24 05:44:19.426,InnoDB,rwlock: hash0hash.cc:117,,720,
1787550259.425,2026-08-24 05:44:19.426,InnoDB,rwlock: hash0hash.cc:117,,484,
1787550259.425,2026-08-24 05:44:19.426,InnoDB,rwlock: hash0hash.cc:117,,514,
1787550259.425,2026-08-24 05:44:19.426,InnoDB,rwlock: hash0hash.cc:117,,540,
1787550259.425,2026-08-24 05:44:19.426,InnoDB,rwlock: hash0hash.cc:117,,2128,
1787550259.425,2026-08-24 05:44:19.426,InnoDB,rwlock: hash0hash.cc:117,,979,
1787550259.425,2026-08-24 05:44:19.426,InnoDB,sum rwlock: buf0buf.cc:852,,253528,
1787550267.060,2026-08-24 05:44:27.062,InnoDB,TRX_SYS,21969940,287657,9296164
1787550267.060,2026-08-24 05:44:27.062,InnoDB,SRV_SYS,9290764,234077,1013604
1787550267.060,2026-08-24 05:44:27.062,InnoDB,LOG_WRITER,3236618,107805,1941
1787550267.060,2026-08-24 05:44:27.062,InnoDB,BUF_POOL_LRU_LIST,4095992,69953,1454480
1787550267.060,2026-08-24 05:44:27.062,InnoDB,BUF_POOL_LRU_LIST,3811124,62466,1451921
1787550267.060,2026-08-24 05:44:27.062,InnoDB,BUF_POOL_LRU_LIST,3644314,59630,1359133
1787550267.060,2026-08-24 05:44:27.062,InnoDB,BUF_POOL_LRU_LIST,3663516,58314,1396507
1787550267.060,2026-08-24 05:44:27.062,InnoDB,BUF_POOL_LRU_LIST,3659257,57988,1394827
1787550267.060,2026-08-24 05:44:27.062,InnoDB,BUF_POOL_LRU_LIST,3573969,57784,1365248
1787550267.060,2026-08-24 05:44:27.062,InnoDB,BUF_POOL_LRU_LIST,3644703,57327,1441882
1787550267.060,2026-08-24 05:44:27.062,InnoDB,BUF_POOL_LRU_LIST,3546959,56076,1404474
1787550267.060,2026-08-24 05:44:27.062,InnoDB,DICT_SYS,30788698,37015,20867620
1787550267.060,2026-08-24 05:44:27.062,InnoDB,FLUSH_LIST,1086792,30111,152776
1787550267.060,2026-08-24 05:44:27.062,InnoDB,FLUSH_LIST,981792,26705,148998
1787550267.060,2026-08-24 05:44:27.062,InnoDB,FLUSH_LIST,971219,26308,146788
1787550267.060,2026-08-24 05:44:27.062,InnoDB,FLUSH_LIST,967474,26262,147303
1787550267.060,2026-08-24 05:44:27.062,InnoDB,FLUSH_LIST,967564,26063,155987
1787550267.060,2026-08-24 05:44:27.062,InnoDB,FLUSH_LIST,965009,25968,155126
1787550267.060,2026-08-24 05:44:27.062,InnoDB,FLUSH_LIST,939090,25247,146117
1787550267.060,2026-08-24 05:44:27.062,InnoDB,FLUSH_LIST,757759,19223,145447
1787550267.060,2026-08-24 05:44:27.062,InnoDB,BUF_POOL_FLUSH_STATE,1259560,17340,427020
1787550267.060,2026-08-24 05:44:27.062,InnoDB,BUF_POOL_FLUSH_STATE,1251139,17270,415241
1787550267.060,2026-08-24 05:44:27.062,InnoDB,BUF_POOL_FLUSH_STATE,1215312,16822,400021
1787550267.060,2026-08-24 05:44:27.062,InnoDB,BUF_POOL_FLUSH_STATE,1229573,16687,425619
1787550267.060,2026-08-24 05:44:27.062,InnoDB,BUF_POOL_FLUSH_STATE,1205245,16641,397637
1787550267.060,2026-08-24 05:44:27.062,InnoDB,BUF_POOL_FLUSH_STATE,1192032,16249,396977
1787550267.060,2026-08-24 05:44:27.062,InnoDB,BUF_POOL_FLUSH_STATE,1158940,15979,391944
1787550267.060,2026-08-24 05:44:27.062,InnoDB,BUF_POOL_FLUSH_STATE,1194509,15790,409345
1787550267.060,2026-08-24 05:44:27.062,InnoDB,PURGE_SYS_PQ,1787280,12185,1163238
1787550267.060,2026-08-24 05:44:27.062,InnoDB,TRX_SYS_SERIALISATION,1279785,10837,792151
1787550267.060,2026-08-24 05:44:27.062,InnoDB,FIL_SHARD,214540,3891,58754
1787550267.060,2026-08-24 05:44:27.062,InnoDB,FIL_SHARD,204093,3584,58596
1787550267.060,2026-08-24 05:44:27.062,InnoDB,FIL_SHARD,210036,3560,63139
1787550267.060,2026-08-24 05:44:27.062,InnoDB,FIL_SHARD,198275,3548,56512
1787550267.060,2026-08-24 05:44:27.062,InnoDB,FIL_SHARD,217422,3527,62537
1787550267.060,2026-08-24 05:44:27.062,InnoDB,FIL_SHARD,189062,3329,54924
1787550267.060,2026-08-24 05:44:27.062,InnoDB,FIL_SHARD,187760,3284,55710
1787550267.060,2026-08-24 05:44:27.062,InnoDB,FIL_SHARD,185194,3258,53866
1787550267.060,2026-08-24 05:44:27.062,InnoDB,FIL_SHARD,184818,3250,54018
1787550267.060,2026-08-24 05:44:27.062,InnoDB,FIL_SHARD,185885,3247,53870
1787550267.060,2026-08-24 05:44:27.062,InnoDB,FIL_SHARD,176772,3136,51496
1787550267.060,2026-08-24 05:44:27.062,InnoDB,FIL_SHARD,177119,3127,53414
1787550267.060,2026-08-24 05:44:27.062,InnoDB,FIL_SHARD,173816,3101,50165
1787550267.060,2026-08-24 05:44:27.062,InnoDB,FIL_SHARD,166032,3008,49039
1787550267.060,2026-08-24 05:44:27.062,InnoDB,FIL_SHARD,168503,2982,51880
1787550267.060,2026-08-24 05:44:27.062,InnoDB,FIL_SHARD,171612,2962,51528
1787550267.060,2026-08-24 05:44:27.062,InnoDB,FIL_SHARD,155464,2721,46520
1787550267.060,2026-08-24 05:44:27.062,InnoDB,FIL_SHARD,157043,2702,50502
1787550267.060,2026-08-24 05:44:27.062,InnoDB,FIL_SHARD,157634,2694,51585
1787550267.060,2026-08-24 05:44:27.062,InnoDB,FIL_SHARD,147522,2601,46505
1787550267.060,2026-08-24 05:44:27.062,InnoDB,TRX,672059,2339,988026
1787550267.060,2026-08-24 05:44:27.062,InnoDB,LOG_FILES,48030,1393,1675
1787550267.060,2026-08-24 05:44:27.062,InnoDB,LOCK_SYS_TABLE,85301,1202,38794
1787550267.060,2026-08-24 05:44:27.062,InnoDB,LOCK_SYS_TABLE,82229,1184,38009
1787550267.060,2026-08-24 05:44:27.062,InnoDB,LOCK_SYS_TABLE,82189,1130,39844
1787550267.060,2026-08-24 05:44:27.062,InnoDB,LOCK_SYS_TABLE,82461,1109,38253
1787550267.060,2026-08-24 05:44:27.062,InnoDB,LOCK_SYS_TABLE,79769,1108,36893
1787550267.060,2026-08-24 05:44:27.062,InnoDB,LOCK_SYS_TABLE,81007,1091,38039
1787550267.060,2026-08-24 05:44:27.062,InnoDB,LOCK_SYS_TABLE,79158,1079,39149
1787550267.060,2026-08-24 05:44:27.062,InnoDB,LOG_FLUSHER,43453,1072,1843
1787550267.060,2026-08-24 05:44:27.062,InnoDB,LOCK_SYS_TABLE,82092,1071,40687
1787550267.060,2026-08-24 05:44:27.062,InnoDB,LOCK_SYS_TABLE,79545,1061,37981
1787550267.060,2026-08-24 05:44:27.062,InnoDB,LOCK_SYS_TABLE,78951,1057,38478
1787550267.060,2026-08-24 05:44:27.062,InnoDB,LOCK_SYS_TABLE,79488,1037,37620
1787550267.060,2026-08-24 05:44:27.062,InnoDB,LOCK_SYS_TABLE,80418,1029,38656
1787550267.060,2026-08-24 05:44:27.062,InnoDB,LOCK_SYS_TABLE,80031,1029,40839
1787550267.060,2026-08-24 05:44:27.062,InnoDB,LOCK_SYS_TABLE,78022,1022,37598
1787550267.060,2026-08-24 05:44:27.062,InnoDB,LOCK_SYS_TABLE,76783,1018,36602
1787550267.060,2026-08-24 05:44:27.062,InnoDB,LOCK_SYS_TABLE,75168,979,39101
1787550267.060,2026-08-24 05:44:27.062,InnoDB,LOCK_SYS_TABLE,75928,977,38311
1787550267.060,2026-08-24 05:44:27.062,InnoDB,LOCK_SYS_TABLE,74248,940,38251
1787550267.060,2026-08-24 05:44:27.062,InnoDB,LOCK_SYS_TABLE,75521,910,40149
1787550267.060,2026-08-24 05:44:27.062,InnoDB,LOCK_SYS_TABLE,73630,903,38735
1787550267.060,2026-08-24 05:44:27.062,InnoDB,BUF_BLOCK_MUTEX,27525,837,1442
1787550267.060,2026-08-24 05:44:27.062,InnoDB,PAGE_CLEANER,1642984,693,984214
1787550267.060,2026-08-24 05:44:27.062,InnoDB,SRV_SYS_TASKS,407058,612,402616
1787550267.060,2026-08-24 05:44:27.062,InnoDB,IBUF_BITMAP,35205,453,16595
1787550267.060,2026-08-24 05:44:27.062,InnoDB,DICT_PERSIST_DIRTY_TABLES,1159135,414,490530
1787550267.060,2026-08-24 05:44:27.062,InnoDB,FIL_SHARD,27998,284,25915
1787550267.060,2026-08-24 05:44:27.062,InnoDB,FIL_SHARD,25737,236,25170
1787550267.060,2026-08-24 05:44:27.062,InnoDB,BUF_POOL_FREE_LIST,32802,73,29362
1787550267.060,2026-08-24 05:44:27.062,InnoDB,DICT_TABLE_STATS_COMPUTE,1980,66,11
1787550267.060,2026-08-24 05:44:27.062,InnoDB,BUF_POOL_FREE_LIST,24104,55,24052
1787550267.060,2026-08-24 05:44:27.062,InnoDB,BUF_POOL_FREE_LIST,24552,54,24580
1787550267.060,2026-08-24 05:44:27.062,InnoDB,BUF_POOL_FREE_LIST,25638,52,24746
1787550267.060,2026-08-24 05:44:27.062,InnoDB,BUF_POOL_FREE_LIST,26383,51,24982
1787550267.060,2026-08-24 05:44:27.062,InnoDB,BUF_POOL_FREE_LIST,25316,51,25420
1787550267.060,2026-08-24 05:44:27.062,InnoDB,BUF_POOL_FREE_LIST,32453,48,29595
1787550267.060,2026-08-24 05:44:27.062,InnoDB,UNDO_SPACE_RSEG,4868,42,1893
1787550267.060,2026-08-24 05:44:27.062,InnoDB,UNDO_SPACE_RSEG,5106,42,1910
1787550267.060,2026-08-24 05:44:27.062,InnoDB,BUF_POOL_FREE_LIST,25675,40,25283
1787550267.060,2026-08-24 05:44:27.062,InnoDB,UNDO_SPACE_RSEG,5144,39,2012
1787550267.060,2026-08-24 05:44:27.062,InnoDB,UNDO_SPACE_RSEG,5074,39,1908
1787550267.060,2026-08-24 05:44:27.062,InnoDB,UNDO_SPACE_RSEG,5109,39,1933
1787550267.060,2026-08-24 05:44:27.062,InnoDB,UNDO_SPACE_RSEG,5240,39,1912
1787550267.060,2026-08-24 05:44:27.062,InnoDB,UNDO_SPACE_RSEG,4897,38,1908
1787550267.060,2026-08-24 05:44:27.062,InnoDB,UNDO_SPACE_RSEG,4817,38,1810
1787550267.060,2026-08-24 05:44:27.062,InnoDB,UNDO_SPACE_RSEG,4941,38,1878
1787550267.060,2026-08-24 05:44:27.062,InnoDB,UNDO_SPACE_RSEG,4892,38,1851
1787550267.060,2026-08-24 05:44:27.062,InnoDB,UNDO_SPACE_RSEG,4700,38,1860
1787550267.060,2026-08-24 05:44:27.062,InnoDB,UNDO_SPACE_RSEG,5038,37,1910
1787550267.060,2026-08-24 05:44:27.062,InnoDB,UNDO_SPACE_RSEG,5280,37,2061
1787550267.060,2026-08-24 05:44:27.062,InnoDB,UNDO_SPACE_RSEG,4888,37,1940
1787550267.060,2026-08-24 05:44:27.062,InnoDB,UNDO_SPACE_RSEG,4996,37,1900
1787550267.060,2026-08-24 05:44:27.062,InnoDB,UNDO_SPACE_RSEG,4958,36,1946
1787550267.060,2026-08-24 05:44:27.062,InnoDB,LOCK_SYS_PAGE,1744,36,580
1787550267.060,2026-08-24 05:44:27.062,InnoDB,UNDO_SPACE_RSEG,4958,36,1933
1787550267.060,2026-08-24 05:44:27.062,InnoDB,UNDO_SPACE_RSEG,4931,36,1978
1787550267.060,2026-08-24 05:44:27.062,InnoDB,UNDO_SPACE_RSEG,4864,36,1901
1787550267.060,2026-08-24 05:44:27.062,InnoDB,UNDO_SPACE_RSEG,5011,35,1966
1787550267.060,2026-08-24 05:44:27.062,InnoDB,UNDO_SPACE_RSEG,4923,35,1890
1787550267.060,2026-08-24 05:44:27.062,InnoDB,UNDO_SPACE_RSEG,4819,35,1926
1787550267.060,2026-08-24 05:44:27.062,InnoDB,UNDO_SPACE_RSEG,4849,35,1890
1787550267.060,2026-08-24 05:44:27.062,InnoDB,UNDO_SPACE_RSEG,4739,35,1847
1787550267.060,2026-08-24 05:44:27.062,InnoDB,UNDO_SPACE_RSEG,4954,35,2028
1787550267.060,2026-08-24 05:44:27.062,InnoDB,UNDO_SPACE_RSEG,4886,35,1947
1787550267.060,2026-08-24 05:44:27.062,InnoDB,UNDO_SPACE_RSEG,4792,35,1876
1787550267.060,2026-08-24 05:44:27.062,InnoDB,UNDO_SPACE_RSEG,5014,35,1937
1787550267.060,2026-08-24 05:44:27.062,InnoDB,UNDO_SPACE_RSEG,4901,35,1889
1787550267.060,2026-08-24 05:44:27.062,InnoDB,UNDO_SPACE_RSEG,4785,35,1880
1787550267.060,2026-08-24 05:44:27.062,InnoDB,UNDO_SPACE_RSEG,4744,35,1916
1787550267.060,2026-08-24 05:44:27.062,InnoDB,UNDO_SPACE_RSEG,4996,35,1913
1787550267.060,2026-08-24 05:44:27.062,InnoDB,UNDO_SPACE_RSEG,4780,34,1833
1787550267.060,2026-08-24 05:44:27.062,InnoDB,UNDO_SPACE_RSEG,4838,34,1883
1787550267.060,2026-08-24 05:44:27.062,InnoDB,UNDO_SPACE_RSEG,4900,34,1917
1787550267.060,2026-08-24 05:44:27.062,InnoDB,UNDO_SPACE_RSEG,4900,34,1870
1787550267.060,2026-08-24 05:44:27.062,InnoDB,UNDO_SPACE_RSEG,4789,34,1920
1787550267.060,2026-08-24 05:44:27.062,InnoDB,UNDO_SPACE_RSEG,4943,34,1967
1787550267.060,2026-08-24 05:44:27.062,InnoDB,UNDO_SPACE_RSEG,4634,34,1839
1787550267.060,2026-08-24 05:44:27.062,InnoDB,UNDO_SPACE_RSEG,4912,34,1936
1787550267.060,2026-08-24 05:44:27.062,InnoDB,UNDO_SPACE_RSEG,4865,34,1967
1787550267.060,2026-08-24 05:44:27.062,InnoDB,UNDO_SPACE_RSEG,4876,33,1925
1787550267.060,2026-08-24 05:44:27.062,InnoDB,UNDO_SPACE_RSEG,4878,33,1962
1787550267.060,2026-08-24 05:44:27.062,InnoDB,UNDO_SPACE_RSEG,5018,33,1995
1787550267.060,2026-08-24 05:44:27.062,InnoDB,UNDO_SPACE_RSEG,4762,33,1967
1787550267.060,2026-08-24 05:44:27.062,InnoDB,UNDO_SPACE_RSEG,4769,33,1925
1787550267.060,2026-08-24 05:44:27.062,InnoDB,LOCK_SYS_PAGE,1553,32,516
1787550267.060,2026-08-24 05:44:27.062,InnoDB,UNDO_SPACE_RSEG,4950,32,1936
1787550267.060,2026-08-24 05:44:27.062,InnoDB,UNDO_SPACE_RSEG,4818,32,1854
1787550267.060,2026-08-24 05:44:27.062,InnoDB,UNDO_SPACE_RSEG,5054,32,2057
1787550267.060,2026-08-24 05:44:27.062,InnoDB,LOCK_SYS_PAGE,1522,32,488
1787550267.060,2026-08-24 05:44:27.062,InnoDB,UNDO_SPACE_RSEG,4738,32,1922
1787550267.060,2026-08-24 05:44:27.062,InnoDB,UNDO_SPACE_RSEG,4658,32,1852
1787550267.060,2026-08-24 05:44:27.062,InnoDB,UNDO_SPACE_RSEG,4809,32,1979
1787550267.060,2026-08-24 05:44:27.062,InnoDB,UNDO_SPACE_RSEG,4846,32,2006
1787550267.060,2026-08-24 05:44:27.062,InnoDB,UNDO_SPACE_RSEG,4965,32,1947
1787550267.060,2026-08-24 05:44:27.062,InnoDB,UNDO_SPACE_RSEG,4838,32,1945
1787550267.060,2026-08-24 05:44:27.062,InnoDB,UNDO_SPACE_RSEG,4864,32,1976
1787550267.060,2026-08-24 05:44:27.062,InnoDB,UNDO_SPACE_RSEG,4734,31,1993
1787550267.060,2026-08-24 05:44:27.062,InnoDB,UNDO_SPACE_RSEG,4726,31,1963
1787550267.060,2026-08-24 05:44:27.062,InnoDB,UNDO_SPACE_RSEG,4834,31,1916
1787550267.060,2026-08-24 05:44:27.062,InnoDB,UNDO_SPACE_RSEG,4839,31,2004
1787550267.060,2026-08-24 05:44:27.062,InnoDB,UNDO_SPACE_RSEG,4509,31,1838
1787550267.060,2026-08-24 05:44:27.062,InnoDB,UNDO_SPACE_RSEG,4682,31,1904
1787550267.060,2026-08-24 05:44:27.062,InnoDB,LOCK_SYS_PAGE,1660,31,566
1787550267.060,2026-08-24 05:44:27.062,InnoDB,UNDO_SPACE_RSEG,4915,31,1972
1787550267.060,2026-08-24 05:44:27.062,InnoDB,UNDO_SPACE_RSEG,4666,31,1871
1787550267.060,2026-08-24 05:44:27.062,InnoDB,UNDO_SPACE_RSEG,4697,31,1925
1787550267.060,2026-08-24 05:44:27.062,InnoDB,LOCK_SYS_PAGE,1721,31,606
1787550267.060,2026-08-24 05:44:27.062,InnoDB,UNDO_SPACE_RSEG,4772,31,1946
1787550267.060,2026-08-24 05:44:27.062,InnoDB,UNDO_SPACE_RSEG,4811,31,1938
1787550267.060,2026-08-24 05:44:27.062,InnoDB,UNDO_SPACE_RSEG,4844,31,1926
1787550267.060,2026-08-24 05:44:27.062,InnoDB,UNDO_SPACE_RSEG,4902,31,1891
1787550267.060,2026-08-24 05:44:27.062,InnoDB,UNDO_SPACE_RSEG,4772,31,1937
1787550267.060,2026-08-24 05:44:27.062,InnoDB,UNDO_SPACE_RSEG,4684,31,1908
1787550267.060,2026-08-24 05:44:27.062,InnoDB,UNDO_SPACE_RSEG,4643,30,1879
1787550267.060,2026-08-24 05:44:27.062,InnoDB,UNDO_SPACE_RSEG,4803,30,1902
1787550267.060,2026-08-24 05:44:27.062,InnoDB,LOCK_SYS_PAGE,1518,30,575
1787550267.060,2026-08-24 05:44:27.062,InnoDB,UNDO_SPACE_RSEG,4709,30,1918
1787550267.060,2026-08-24 05:44:27.062,InnoDB,UNDO_SPACE_RSEG,4816,30,1940
1787550267.060,2026-08-24 05:44:27.062,InnoDB,UNDO_SPACE_RSEG,4726,30,1942
1787550267.060,2026-08-24 05:44:27.062,InnoDB,UNDO_SPACE_RSEG,4752,30,1889
1787550267.060,2026-08-24 05:44:27.062,InnoDB,LOCK_SYS_PAGE,1655,30,514
1787550267.060,2026-08-24 05:44:27.062,InnoDB,LOCK_SYS_PAGE,1559,30,593
1787550267.060,2026-08-24 05:44:27.062,InnoDB,UNDO_SPACE_RSEG,4510,30,1851
1787550267.060,2026-08-24 05:44:27.062,InnoDB,LOCK_SYS_PAGE,1629,30,559
1787550267.060,2026-08-24 05:44:27.062,InnoDB,UNDO_SPACE_RSEG,4555,30,1882
1787550267.060,2026-08-24 05:44:27.062,InnoDB,UNDO_SPACE_RSEG,4759,30,2006
1787550267.060,2026-08-24 05:44:27.062,InnoDB,UNDO_SPACE_RSEG,4720,30,1896
1787550267.060,2026-08-24 05:44:27.062,InnoDB,UNDO_SPACE_RSEG,4737,30,1885
1787550267.060,2026-08-24 05:44:27.062,InnoDB,UNDO_SPACE_RSEG,4574,29,1866
1787550267.060,2026-08-24 05:44:27.062,InnoDB,UNDO_SPACE_RSEG,4563,29,1914
1787550267.060,2026-08-24 05:44:27.062,InnoDB,UNDO_SPACE_RSEG,4678,29,1911
1787550267.060,2026-08-24 05:44:27.062,InnoDB,LOCK_SYS_PAGE,1568,29,536
1787550267.060,2026-08-24 05:44:27.062,InnoDB,UNDO_SPACE_RSEG,4682,29,1912
1787550267.060,2026-08-24 05:44:27.062,InnoDB,UNDO_SPACE_RSEG,4594,29,1888
1787550267.060,2026-08-24 05:44:27.062,InnoDB,UNDO_SPACE_RSEG,4706,29,1900
1787550267.060,2026-08-24 05:44:27.062,InnoDB,UNDO_SPACE_RSEG,4641,29,1883
1787550267.060,2026-08-24 05:44:27.062,InnoDB,UNDO_SPACE_RSEG,4688,29,1972
1787550267.060,2026-08-24 05:44:27.062,InnoDB,UNDO_SPACE_RSEG,4829,29,1943
1787550267.060,2026-08-24 05:44:27.062,InnoDB,UNDO_SPACE_RSEG,4678,29,1917
1787550267.060,2026-08-24 05:44:27.062,InnoDB,UNDO_SPACE_RSEG,4784,29,1999
1787550267.060,2026-08-24 05:44:27.062,InnoDB,LOCK_SYS_PAGE,1606,29,574
1787550267.060,2026-08-24 05:44:27.062,InnoDB,LOCK_SYS_PAGE,1492,29,498
1787550267.060,2026-08-24 05:44:27.062,InnoDB,LOCK_SYS_PAGE,1508,28,565
1787550267.060,2026-08-24 05:44:27.062,InnoDB,LOCK_SYS_PAGE,1466,28,497
1787550267.060,2026-08-24 05:44:27.062,InnoDB,LOCK_SYS_PAGE,1439,28,490
1787550267.060,2026-08-24 05:44:27.062,InnoDB,LOCK_SYS_PAGE,1444,28,516
1787550267.060,2026-08-24 05:44:27.062,InnoDB,UNDO_SPACE_RSEG,4647,28,1897
1787550267.060,2026-08-24 05:44:27.062,InnoDB,LOCK_SYS_PAGE,1556,28,569
1787550267.060,2026-08-24 05:44:27.062,InnoDB,LOCK_SYS_PAGE,1515,28,575
1787550267.060,2026-08-24 05:44:27.062,InnoDB,LOCK_SYS_PAGE,1509,28,570
1787550267.060,2026-08-24 05:44:27.062,InnoDB,DICT_TABLE_STATS_COMPUTE,840,28,7
1787550267.060,2026-08-24 05:44:27.062,InnoDB,UNDO_SPACE_RSEG,4379,28,1826
1787550267.060,2026-08-24 05:44:27.062,InnoDB,UNDO_SPACE_RSEG,4891,28,1964
1787550267.060,2026-08-24 05:44:27.062,InnoDB,UNDO_SPACE_RSEG,4644,28,1941
1787550267.060,2026-08-24 05:44:27.062,InnoDB,UNDO_SPACE_RSEG,4744,28,1952
1787550267.060,2026-08-24 05:44:27.062,InnoDB,UNDO_SPACE_RSEG,4559,28,1931
1787550267.060,2026-08-24 05:44:27.062,InnoDB,UNDO_SPACE_RSEG,4648,28,1909
1787550267.060,2026-08-24 05:44:27.062,InnoDB,UNDO_SPACE_RSEG,4608,28,1877
1787550267.060,2026-08-24 05:44:27.062,InnoDB,UNDO_SPACE_RSEG,4469,28,1882
1787550267.060,2026-08-24 05:44:27.062,InnoDB,UNDO_SPACE_RSEG,4577,28,1928
1787550267.060,2026-08-24 05:44:27.062,InnoDB,UNDO_SPACE_RSEG,4827,28,1987
1787550267.060,2026-08-24 05:44:27.062,InnoDB,UNDO_SPACE_RSEG,4603,28,1929
1787550267.060,2026-08-24 05:44:27.062,InnoDB,UNDO_SPACE_RSEG,4597,28,1858
1787550267.060,2026-08-24 05:44:27.062,InnoDB,UNDO_SPACE_RSEG,4837,28,1922
1787550267.060,2026-08-24 05:44:27.062,InnoDB,UNDO_SPACE_RSEG,4648,28,1928
1787550267.060,2026-08-24 05:44:27.062,InnoDB,UNDO_SPACE_RSEG,4669,28,1894
1787550267.060,2026-08-24 05:44:27.062,InnoDB,UNDO_SPACE_RSEG,4628,28,1889
1787550267.060,2026-08-24 05:44:27.062,InnoDB,UNDO_SPACE_RSEG,4834,28,1987
1787550267.060,2026-08-24 05:44:27.062,InnoDB,UNDO_SPACE_RSEG,4659,28,1947
1787550267.060,2026-08-24 05:44:27.062,InnoDB,UNDO_SPACE_RSEG,4795,28,1973
1787550267.060,2026-08-24 05:44:27.062,InnoDB,UNDO_SPACE_RSEG,4600,28,1939
1787550267.060,2026-08-24 05:44:27.062,InnoDB,LOCK_SYS_PAGE,1520,28,584
1787550267.060,2026-08-24 05:44:27.062,InnoDB,UNDO_SPACE_RSEG,4769,27,1957
1787550267.060,2026-08-24 05:44:27.062,InnoDB,UNDO_SPACE_RSEG,4752,27,1928
1787550267.060,2026-08-24 05:44:27.062,InnoDB,LOCK_SYS_PAGE,1543,27,542
1787550267.060,2026-08-24 05:44:27.062,InnoDB,UNDO_SPACE_RSEG,4461,27,1823
1787550267.060,2026-08-24 05:44:27.062,InnoDB,UNDO_SPACE_RSEG,4539,27,1963
1787550267.060,2026-08-24 05:44:27.062,InnoDB,UNDO_SPACE_RSEG,4646,27,1935
1787550267.060,2026-08-24 05:44:27.062,InnoDB,LOCK_SYS_PAGE,1441,27,527
1787550267.060,2026-08-24 05:44:27.062,InnoDB,LOCK_SYS_PAGE,1522,27,520
1787550267.060,2026-08-24 05:44:27.062,InnoDB,UNDO_SPACE_RSEG,4383,27,1851
1787550267.060,2026-08-24 05:44:27.062,InnoDB,UNDO_SPACE_RSEG,4573,27,1937
1787550267.060,2026-08-24 05:44:27.062,InnoDB,UNDO_SPACE_RSEG,4756,27,1911
1787550267.060,2026-08-24 05:44:27.062,InnoDB,UNDO_SPACE_RSEG,4805,27,2009
1787550267.060,2026-08-24 05:44:27.062,InnoDB,UNDO_SPACE_RSEG,4356,27,1807
1787550267.060,2026-08-24 05:44:27.062,InnoDB,UNDO_SPACE_RSEG,4462,27,1867
1787550267.060,2026-08-24 05:44:27.062,InnoDB,UNDO_SPACE_RSEG,4627,27,1926
1787550267.060,2026-08-24 05:44:27.062,InnoDB,UNDO_SPACE_RSEG,4295,27,1812
1787550267.060,2026-08-24 05:44:27.062,InnoDB,UNDO_SPACE_RSEG,4737,27,1938
1787550267.060,2026-08-24 05:44:27.062,InnoDB,LOCK_SYS_PAGE,1436,27,548
1787550267.060,2026-08-24 05:44:27.062,InnoDB,UNDO_SPACE_RSEG,4513,27,1872
1787550267.060,2026-08-24 05:44:27.062,InnoDB,UNDO_SPACE_RSEG,4519,27,1911
1787550267.060,2026-08-24 05:44:27.062,InnoDB,UNDO_SPACE_RSEG,4699,27,1906
1787550267.060,2026-08-24 05:44:27.062,InnoDB,LOCK_SYS_PAGE,1527,27,570
1787550267.060,2026-08-24 05:44:27.062,InnoDB,UNDO_SPACE_RSEG,4782,27,1954
1787550267.060,2026-08-24 05:44:27.062,InnoDB,UNDO_SPACE_RSEG,4624,27,1835
1787550267.060,2026-08-24 05:44:27.062,InnoDB,UNDO_SPACE_RSEG,4733,27,1897
1787550267.060,2026-08-24 05:44:27.062,InnoDB,LOCK_SYS_PAGE,1540,27,570
1787550267.060,2026-08-24 05:44:27.062,InnoDB,UNDO_SPACE_RSEG,4578,27,1941
1787550267.060,2026-08-24 05:44:27.062,InnoDB,UNDO_SPACE_RSEG,4425,27,1764
1787550267.060,2026-08-24 05:44:27.062,InnoDB,UNDO_SPACE_RSEG,4510,26,1832
1787550267.060,2026-08-24 05:44:27.062,InnoDB,LOCK_SYS_PAGE,1506,26,539
1787550267.060,2026-08-24 05:44:27.062,InnoDB,LOCK_SYS_PAGE,1431,26,475
1787550267.060,2026-08-24 05:44:27.062,InnoDB,UNDO_SPACE_RSEG,4392,26,1864
1787550267.060,2026-08-24 05:44:27.062,InnoDB,UNDO_SPACE_RSEG,4419,26,1852
1787550267.060,2026-08-24 05:44:27.062,InnoDB,LOCK_SYS_PAGE,1485,26,486
1787550267.060,2026-08-24 05:44:27.062,InnoDB,UNDO_SPACE_RSEG,4769,26,1974
1787550267.060,2026-08-24 05:44:27.062,InnoDB,UNDO_SPACE_RSEG,4633,26,1934
1787550267.060,2026-08-24 05:44:27.062,InnoDB,LOCK_SYS_PAGE,1418,26,541
1787550267.060,2026-08-24 05:44:27.062,InnoDB,UNDO_SPACE_RSEG,4561,26,1926
1787550267.060,2026-08-24 05:44:27.062,InnoDB,UNDO_SPACE_RSEG,5008,26,2060
1787550267.060,2026-08-24 05:44:27.062,InnoDB,LOCK_SYS_PAGE,1443,26,516
1787550267.060,2026-08-24 05:44:27.062,InnoDB,LOCK_SYS_PAGE,1402,26,519
1787550267.060,2026-08-24 05:44:27.062,InnoDB,UNDO_SPACE_RSEG,4589,26,1904
1787550267.060,2026-08-24 05:44:27.062,InnoDB,LOCK_SYS_PAGE,1462,26,532
1787550267.060,2026-08-24 05:44:27.062,InnoDB,UNDO_SPACE_RSEG,4612,26,1938
1787550267.060,2026-08-24 05:44:27.062,InnoDB,UNDO_SPACE_RSEG,4467,26,1836
1787550267.060,2026-08-24 05:44:27.062,InnoDB,LOCK_SYS_PAGE,1519,26,582
1787550267.060,2026-08-24 05:44:27.062,InnoDB,UNDO_SPACE_RSEG,4674,26,1881
1787550267.060,2026-08-24 05:44:27.062,InnoDB,LOCK_SYS_PAGE,1567,26,579
1787550267.060,2026-08-24 05:44:27.062,InnoDB,UNDO_SPACE_RSEG,4623,26,1936
1787550267.060,2026-08-24 05:44:27.062,InnoDB,UNDO_SPACE_RSEG,4637,26,1937
1787550267.060,2026-08-24 05:44:27.062,InnoDB,LOCK_SYS_PAGE,1489,26,509
1787550267.060,2026-08-24 05:44:27.062,InnoDB,UNDO_SPACE_RSEG,4547,26,1939
1787550267.060,2026-08-24 05:44:27.062,InnoDB,UNDO_SPACE_RSEG,4428,26,1823
1787550267.060,2026-08-24 05:44:27.062,InnoDB,UNDO_SPACE_RSEG,4538,26,1877
1787550267.060,2026-08-24 05:44:27.062,InnoDB,UNDO_SPACE_RSEG,4746,26,1929
1787550267.060,2026-08-24 05:44:27.062,InnoDB,LOCK_SYS_PAGE,1363,26,501
1787550267.060,2026-08-24 05:44:27.062,InnoDB,LOCK_SYS_PAGE,1395,26,520
1787550267.060,2026-08-24 05:44:27.062,InnoDB,UNDO_SPACE_RSEG,4642,26,1895
1787550267.060,2026-08-24 05:44:27.062,InnoDB,UNDO_SPACE_RSEG,4582,26,1950
1787550267.060,2026-08-24 05:44:27.062,InnoDB,LOCK_SYS_PAGE,1491,25,585
1787550267.060,2026-08-24 05:44:27.062,InnoDB,UNDO_SPACE_RSEG,4447,25,1940
1787550267.060,2026-08-24 05:44:27.062,InnoDB,UNDO_SPACE_RSEG,4679,25,1899
1787550267.060,2026-08-24 05:44:27.062,InnoDB,UNDO_SPACE_RSEG,4556,25,1936
1787550267.060,2026-08-24 05:44:27.062,InnoDB,UNDO_SPACE_RSEG,4484,25,1901
1787550267.060,2026-08-24 05:44:27.062,InnoDB,LOCK_SYS_PAGE,1479,25,534
1787550267.060,2026-08-24 05:44:27.062,InnoDB,UNDO_SPACE_RSEG,4407,25,1862
1787550267.060,2026-08-24 05:44:27.062,InnoDB,UNDO_SPACE_RSEG,4700,25,1946
1787550267.060,2026-08-24 05:44:27.062,InnoDB,UNDO_SPACE_RSEG,4340,25,1814
1787550267.060,2026-08-24 05:44:27.062,InnoDB,LOCK_SYS_PAGE,1513,25,572
1787550267.060,2026-08-24 05:44:27.062,InnoDB,LOCK_SYS_PAGE,1374,25,515
1787550267.060,2026-08-24 05:44:27.062,InnoDB,UNDO_SPACE_RSEG,4404,25,1862
1787550267.060,2026-08-24 05:44:27.062,InnoDB,UNDO_SPACE_RSEG,4719,25,1900
1787550267.060,2026-08-24 05:44:27.062,InnoDB,UNDO_SPACE_RSEG,4672,25,1936
1787550267.060,2026-08-24 05:44:27.062,InnoDB,LOCK_SYS_PAGE,1401,25,525
1787550267.060,2026-08-24 05:44:27.062,InnoDB,UNDO_SPACE_RSEG,4677,25,2006
1787550267.060,2026-08-24 05:44:27.062,InnoDB,LOCK_SYS_PAGE,1415,25,465
1787550267.060,2026-08-24 05:44:27.062,InnoDB,UNDO_SPACE_RSEG,4760,25,1956
1787550267.060,2026-08-24 05:44:27.062,InnoDB,LOCK_SYS_PAGE,1415,25,579
1787550267.060,2026-08-24 05:44:27.062,InnoDB,UNDO_SPACE_RSEG,4563,25,1904
1787550267.060,2026-08-24 05:44:27.062,InnoDB,UNDO_SPACE_RSEG,4722,25,1980
1787550267.060,2026-08-24 05:44:27.062,InnoDB,LOCK_SYS_PAGE,1374,25,521
1787550267.060,2026-08-24 05:44:27.062,InnoDB,LOCK_SYS_PAGE,1445,25,505
1787550267.060,2026-08-24 05:44:27.062,InnoDB,LOCK_SYS_PAGE,1430,25,551
1787550267.060,2026-08-24 05:44:27.062,InnoDB,UNDO_SPACE_RSEG,4358,25,1880
1787550267.060,2026-08-24 05:44:27.062,InnoDB,UNDO_SPACE_RSEG,4428,25,1878
1787550267.060,2026-08-24 05:44:27.062,InnoDB,LOCK_SYS_PAGE,1502,25,520
1787550267.060,2026-08-24 05:44:27.062,InnoDB,LOCK_SYS_PAGE,1437,25,546
1787550267.060,2026-08-24 05:44:27.062,InnoDB,UNDO_SPACE_RSEG,4483,25,1841
1787550267.060,2026-08-24 05:44:27.062,InnoDB,UNDO_SPACE_RSEG,4454,25,1880
1787550267.060,2026-08-24 05:44:27.062,InnoDB,LOCK_SYS_PAGE,1459,25,563
1787550267.060,2026-08-24 05:44:27.062,InnoDB,UNDO_SPACE_RSEG,4563,25,1941
1787550267.060,2026-08-24 05:44:27.062,InnoDB,UNDO_SPACE_RSEG,4456,25,1849
1787550267.060,2026-08-24 05:44:27.062,InnoDB,UNDO_SPACE_RSEG,4616,24,1928
1787550267.060,2026-08-24 05:44:27.062,InnoDB,LOCK_SYS_PAGE,1438,24,535
1787550267.060,2026-08-24 05:44:27.062,InnoDB,LOCK_SYS_PAGE,1460,24,565
1787550267.060,2026-08-24 05:44:27.062,InnoDB,UNDO_SPACE_RSEG,4540,24,1921
1787550267.060,2026-08-24 05:44:27.062,InnoDB,LOCK_SYS_PAGE,1401,24,538
1787550267.060,2026-08-24 05:44:27.062,InnoDB,LOCK_SYS_PAGE,1462,24,560
1787550267.060,2026-08-24 05:44:27.062,InnoDB,UNDO_SPACE_RSEG,4530,24,1937
1787550267.060,2026-08-24 05:44:27.062,InnoDB,LOCK_SYS_PAGE,1450,24,575
1787550267.060,2026-08-24 05:44:27.062,InnoDB,LOCK_SYS_PAGE,1406,24,533
1787550267.060,2026-08-24 05:44:27.062,InnoDB,UNDO_SPACE_RSEG,4421,24,1808
1787550267.060,2026-08-24 05:44:27.062,InnoDB,LOCK_SYS_PAGE,1368,24,577
1787550267.060,2026-08-24 05:44:27.062,InnoDB,LOCK_SYS_PAGE,1493,24,589
1787550267.060,2026-08-24 05:44:27.062,InnoDB,LOCK_SYS_PAGE,1328,24,530
1787550267.060,2026-08-24 05:44:27.062,InnoDB,LOCK_SYS_PAGE,1275,24,495
1787550267.060,2026-08-24 05:44:27.062,InnoDB,UNDO_SPACE_RSEG,4517,24,1874
1787550267.060,2026-08-24 05:44:27.062,InnoDB,UNDO_SPACE_RSEG,4384,24,1846
1787550267.060,2026-08-24 05:44:27.062,InnoDB,LOCK_SYS_PAGE,1336,24,480
1787550267.060,2026-08-24 05:44:27.062,InnoDB,UNDO_SPACE_RSEG,4401,24,1880
1787550267.060,2026-08-24 05:44:27.062,InnoDB,UNDO_SPACE_RSEG,4584,24,1914
1787550267.060,2026-08-24 05:44:27.062,InnoDB,UNDO_SPACE_RSEG,4384,24,1824
1787550267.060,2026-08-24 05:44:27.062,InnoDB,LOCK_SYS_PAGE,1606,24,596
1787550267.060,2026-08-24 05:44:27.062,InnoDB,LOCK_SYS_PAGE,1428,24,588
1787550267.060,2026-08-24 05:44:27.062,InnoDB,UNDO_SPACE_RSEG,4687,24,1954
1787550267.060,2026-08-24 05:44:27.062,InnoDB,LOCK_SYS_PAGE,1367,24,503
1787550267.060,2026-08-24 05:44:27.062,InnoDB,LOCK_SYS_PAGE,1343,24,515
1787550267.060,2026-08-24 05:44:27.062,InnoDB,UNDO_SPACE_RSEG,4451,24,1869
1787550267.060,2026-08-24 05:44:27.062,InnoDB,UNDO_SPACE_RSEG,4726,24,1985
1787550267.060,2026-08-24 05:44:27.062,InnoDB,UNDO_SPACE_RSEG,4473,24,1915
1787550267.060,2026-08-24 05:44:27.062,InnoDB,UNDO_SPACE_RSEG,4617,24,1980
1787550267.060,2026-08-24 05:44:27.062,InnoDB,UNDO_SPACE_RSEG,4564,24,1962
1787550267.060,2026-08-24 05:44:27.062,InnoDB,LOCK_SYS_PAGE,1308,24,514
1787550267.060,2026-08-24 05:44:27.062,InnoDB,UNDO_SPACE_RSEG,4464,24,1925
1787550267.060,2026-08-24 05:44:27.062,InnoDB,LOCK_SYS_PAGE,1474,24,622
1787550267.060,2026-08-24 05:44:27.062,InnoDB,LOCK_SYS_PAGE,1402,24,481
1787550267.060,2026-08-24 05:44:27.062,InnoDB,LOCK_SYS_PAGE,1366,23,549
1787550267.060,2026-08-24 05:44:27.062,InnoDB,UNDO_SPACE_RSEG,4685,23,1940
1787550267.060,2026-08-24 05:44:27.062,InnoDB,LOCK_SYS_PAGE,1410,23,581
1787550267.060,2026-08-24 05:44:27.062,InnoDB,LOCK_SYS_PAGE,1364,23,554
1787550267.060,2026-08-24 05:44:27.062,InnoDB,LOCK_SYS_PAGE,1343,23,475
1787550267.060,2026-08-24 05:44:27.062,InnoDB,LOCK_SYS_PAGE,1354,23,550
1787550267.060,2026-08-24 05:44:27.062,InnoDB,UNDO_SPACE_RSEG,4531,23,1907
1787550267.060,2026-08-24 05:44:27.062,InnoDB,LOCK_SYS_PAGE,1291,23,536
1787550267.060,2026-08-24 05:44:27.062,InnoDB,UNDO_SPACE_RSEG,4373,23,1856
1787550267.060,2026-08-24 05:44:27.062,InnoDB,LOCK_SYS_PAGE,1356,23,534
1787550267.060,2026-08-24 05:44:27.062,InnoDB,UNDO_SPACE_RSEG,4566,23,1906
1787550267.060,2026-08-24 05:44:27.062,InnoDB,UNDO_SPACE_RSEG,4551,23,1890
1787550267.060,2026-08-24 05:44:27.062,InnoDB,UNDO_SPACE_RSEG,4516,23,1927
1787550267.060,2026-08-24 05:44:27.062,InnoDB,UNDO_SPACE_RSEG,4403,23,1882
1787550267.060,2026-08-24 05:44:27.062,InnoDB,UNDO_SPACE_RSEG,4591,23,1917
1787550267.060,2026-08-24 05:44:27.062,InnoDB,UNDO_SPACE_RSEG,4490,23,1844
1787550267.060,2026-08-24 05:44:27.062,InnoDB,LOCK_SYS_PAGE,1291,23,511
1787550267.060,2026-08-24 05:44:27.062,InnoDB,LOCK_SYS_PAGE,1277,23,506
1787550267.060,2026-08-24 05:44:27.062,InnoDB,LOCK_SYS_PAGE,1275,23,452
1787550267.060,2026-08-24 05:44:27.062,InnoDB,LOCK_SYS_PAGE,1352,23,543
1787550267.060,2026-08-24 05:44:27.062,InnoDB,UNDO_SPACE_RSEG,4484,23,1860
1787550267.060,2026-08-24 05:44:27.062,InnoDB,LOCK_SYS_PAGE,1428,23,603
1787550267.060,2026-08-24 05:44:27.062,InnoDB,UNDO_SPACE_RSEG,4455,23,1865
1787550267.060,2026-08-24 05:44:27.062,InnoDB,LOCK_SYS_PAGE,1384,23,581
1787550267.060,2026-08-24 05:44:27.062,InnoDB,LOCK_SYS_PAGE,1352,23,511
1787550267.060,2026-08-24 05:44:27.062,InnoDB,LOCK_SYS_PAGE,1470,23,563
1787550267.060,2026-08-24 05:44:27.062,InnoDB,LOCK_SYS_PAGE,1309,23,543
1787550267.060,2026-08-24 05:44:27.062,InnoDB,LOCK_SYS_PAGE,1424,23,565
1787550267.060,2026-08-24 05:44:27.062,InnoDB,LOCK_SYS_PAGE,1376,23,570
1787550267.060,2026-08-24 05:44:27.062,InnoDB,LOCK_SYS_PAGE,1287,23,519
1787550267.060,2026-08-24 05:44:27.062,InnoDB,UNDO_SPACE_RSEG,4574,23,1938
1787550267.060,2026-08-24 05:44:27.062,InnoDB,UNDO_SPACE_RSEG,4616,23,1916
1787550267.060,2026-08-24 05:44:27.062,InnoDB,LOCK_SYS_PAGE,1354,23,494
1787550267.060,2026-08-24 05:44:27.062,InnoDB,UNDO_SPACE_RSEG,4556,23,1915
1787550267.060,2026-08-24 05:44:27.062,InnoDB,UNDO_SPACE_RSEG,4240,23,1846
1787550267.060,2026-08-24 05:44:27.062,InnoDB,UNDO_SPACE_RSEG,4371,23,1871
1787550267.060,2026-08-24 05:44:27.062,InnoDB,UNDO_SPACE_RSEG,4377,23,1870
1787550267.060,2026-08-24 05:44:27.062,InnoDB,UNDO_SPACE_RSEG,4795,23,2014
1787550267.060,2026-08-24 05:44:27.062,InnoDB,LOCK_SYS_PAGE,1368,23,549
1787550267.060,2026-08-24 05:44:27.062,InnoDB,LOCK_SYS_PAGE,1426,23,537
1787550267.060,2026-08-24 05:44:27.062,InnoDB,UNDO_SPACE_RSEG,4498,22,1918
1787550267.060,2026-08-24 05:44:27.062,InnoDB,LOCK_SYS_PAGE,1347,22,590
1787550267.060,2026-08-24 05:44:27.062,InnoDB,UNDO_SPACE_RSEG,4451,22,1909
1787550267.060,2026-08-24 05:44:27.062,InnoDB,LOCK_SYS_PAGE,1314,22,543
1787550267.060,2026-08-24 05:44:27.062,InnoDB,LOCK_SYS_PAGE,1293,22,521
1787550267.060,2026-08-24 05:44:27.062,InnoDB,LOCK_SYS_PAGE,1433,22,541
1787550267.060,2026-08-24 05:44:27.062,InnoDB,LOCK_SYS_PAGE,1400,22,581
1787550267.060,2026-08-24 05:44:27.062,InnoDB,LOCK_SYS_PAGE,1290,22,521
1787550267.060,2026-08-24 05:44:27.062,InnoDB,UNDO_SPACE_RSEG,4708,22,1935
1787550267.060,2026-08-24 05:44:27.062,InnoDB,LOCK_SYS_PAGE,1248,22,502
1787550267.060,2026-08-24 05:44:27.062,InnoDB,LOCK_SYS_PAGE,1266,22,505
1787550267.060,2026-08-24 05:44:27.062,InnoDB,LOCK_SYS_PAGE,1302,22,563
1787550267.060,2026-08-24 05:44:27.062,InnoDB,LOCK_SYS_PAGE,1352,22,529
1787550267.060,2026-08-24 05:44:27.062,InnoDB,LOCK_SYS_PAGE,1373,22,556
1787550267.060,2026-08-24 05:44:27.062,InnoDB,LOCK_SYS_PAGE,1415,22,566
1787550267.060,2026-08-24 05:44:27.062,InnoDB,LOCK_SYS_PAGE,1289,22,496
1787550267.060,2026-08-24 05:44:27.062,InnoDB,LOCK_SYS_PAGE,1214,22,488
1787550267.060,2026-08-24 05:44:27.062,InnoDB,UNDO_SPACE_RSEG,4481,22,1891
1787550267.060,2026-08-24 05:44:27.062,InnoDB,UNDO_SPACE_RSEG,4653,22,1885
1787550267.060,2026-08-24 05:44:27.062,InnoDB,UNDO_SPACE_RSEG,4566,22,1974
1787550267.060,2026-08-24 05:44:27.062,InnoDB,LOCK_SYS_PAGE,1265,22,505
1787550267.060,2026-08-24 05:44:27.062,InnoDB,LOCK_SYS_PAGE,1363,22,532
1787550267.060,2026-08-24 05:44:27.062,InnoDB,LOCK_SYS_PAGE,1369,22,522
1787550267.060,2026-08-24 05:44:27.062,InnoDB,LOCK_SYS_PAGE,1336,22,528
1787550267.060,2026-08-24 05:44:27.062,InnoDB,LOCK_SYS_PAGE,1325,22,510
1787550267.060,2026-08-24 05:44:27.062,InnoDB,LOCK_SYS_PAGE,1308,22,551
1787550267.060,2026-08-24 05:44:27.062,InnoDB,LOCK_SYS_PAGE,1362,22,545
1787550267.060,2026-08-24 05:44:27.062,InnoDB,LOCK_SYS_PAGE,1325,22,521
1787550267.060,2026-08-24 05:44:27.062,InnoDB,LOCK_SYS_PAGE,1320,22,522
1787550267.060,2026-08-24 05:44:27.062,InnoDB,UNDO_SPACE_RSEG,4660,22,1924
1787550267.060,2026-08-24 05:44:27.062,InnoDB,LOCK_SYS_PAGE,1324,21,482
1787550267.060,2026-08-24 05:44:27.062,InnoDB,LOCK_SYS_PAGE,1292,21,549
1787550267.060,2026-08-24 05:44:27.062,InnoDB,LOCK_SYS_PAGE,1238,21,522
1787550267.060,2026-08-24 05:44:27.062,InnoDB,LOCK_SYS_PAGE,1292,21,500
1787550267.060,2026-08-24 05:44:27.062,InnoDB,LOCK_SYS_PAGE,1248,21,553
1787550267.060,2026-08-24 05:44:27.062,InnoDB,LOCK_SYS_PAGE,1430,21,538
1787550267.060,2026-08-24 05:44:27.062,InnoDB,LOCK_SYS_PAGE,1334,21,549
1787550267.060,2026-08-24 05:44:27.062,InnoDB,LOCK_SYS_PAGE,1326,21,551
1787550267.060,2026-08-24 05:44:27.062,InnoDB,LOCK_SYS_PAGE,1308,21,525
1787550267.060,2026-08-24 05:44:27.062,InnoDB,LOCK_SYS_PAGE,1242,21,528
1787550267.060,2026-08-24 05:44:27.062,InnoDB,UNDO_SPACE_RSEG,4489,21,1895
1787550267.060,2026-08-24 05:44:27.062,InnoDB,UNDO_SPACE_RSEG,4456,21,1916
1787550267.060,2026-08-24 05:44:27.062,InnoDB,LOCK_SYS_PAGE,1372,21,546
1787550267.060,2026-08-24 05:44:27.062,InnoDB,LOCK_SYS_PAGE,1328,21,527
1787550267.060,2026-08-24 05:44:27.062,InnoDB,UNDO_SPACE_RSEG,4346,21,1906
1787550267.060,2026-08-24 05:44:27.062,InnoDB,UNDO_SPACE_RSEG,4314,21,1808
1787550267.060,2026-08-24 05:44:27.062,InnoDB,LOCK_SYS_PAGE,1296,21,540
1787550267.060,2026-08-24 05:44:27.062,InnoDB,UNDO_SPACE_RSEG,4470,21,1999
1787550267.060,2026-08-24 05:44:27.062,InnoDB,LOCK_SYS_PAGE,1199,21,483
1787550267.060,2026-08-24 05:44:27.062,InnoDB,UNDO_SPACE_RSEG,4342,21,1907
1787550267.060,2026-08-24 05:44:27.062,InnoDB,UNDO_SPACE_RSEG,4706,21,2069
1787550267.060,2026-08-24 05:44:27.062,InnoDB,LOCK_SYS_PAGE,1247,21,523
1787550267.060,2026-08-24 05:44:27.062,InnoDB,LOCK_SYS_PAGE,1373,21,569
1787550267.060,2026-08-24 05:44:27.062,InnoDB,LOCK_SYS_PAGE,1310,21,539
1787550267.060,2026-08-24 05:44:27.062,InnoDB,LOCK_SYS_PAGE,1293,21,490
1787550267.060,2026-08-24 05:44:27.062,InnoDB,LOCK_SYS_PAGE,1245,21,532
1787550267.060,2026-08-24 05:44:27.062,InnoDB,UNDO_SPACE_RSEG,4370,21,1861
1787550267.060,2026-08-24 05:44:27.062,InnoDB,LOCK_SYS_PAGE,1409,21,548
1787550267.060,2026-08-24 05:44:27.062,InnoDB,UNDO_SPACE_RSEG,4429,21,1834
1787550267.060,2026-08-24 05:44:27.062,InnoDB,LOCK_SYS_PAGE,1295,21,557
1787550267.060,2026-08-24 05:44:27.062,InnoDB,LOCK_SYS_PAGE,1326,21,526
1787550267.060,2026-08-24 05:44:27.062,InnoDB,LOCK_SYS_PAGE,1227,21,514
1787550267.060,2026-08-24 05:44:27.062,InnoDB,UNDO_SPACE_RSEG,4490,21,1866
1787550267.060,2026-08-24 05:44:27.062,InnoDB,LOCK_SYS_PAGE,1384,21,514
1787550267.060,2026-08-24 05:44:27.062,InnoDB,LOCK_SYS_PAGE,1245,21,506
1787550267.060,2026-08-24 05:44:27.062,InnoDB,LOCK_SYS_PAGE,1368,21,592
1787550267.060,2026-08-24 05:44:27.062,InnoDB,LOCK_SYS_PAGE,1351,21,504
1787550267.060,2026-08-24 05:44:27.062,InnoDB,LOCK_SYS_PAGE,1293,21,529
1787550267.060,2026-08-24 05:44:27.062,InnoDB,LOCK_SYS_PAGE,1482,21,624
1787550267.060,2026-08-24 05:44:27.062,InnoDB,LOCK_SYS_PAGE,1268,21,568
1787550267.060,2026-08-24 05:44:27.062,InnoDB,LOCK_SYS_PAGE,1215,21,518
1787550267.060,2026-08-24 05:44:27.062,InnoDB,UNDO_SPACE_RSEG,4169,21,1807
1787550267.060,2026-08-24 05:44:27.062,InnoDB,LOCK_SYS_PAGE,1376,21,543
1787550267.060,2026-08-24 05:44:27.062,InnoDB,UNDO_SPACE_RSEG,4717,21,1987
1787550267.060,2026-08-24 05:44:27.062,InnoDB,LOCK_SYS_PAGE,1219,21,496
1787550267.060,2026-08-24 05:44:27.062,InnoDB,LOCK_SYS_PAGE,1401,21,657
1787550267.060,2026-08-24 05:44:27.062,InnoDB,UNDO_SPACE_RSEG,4611,21,1917
1787550267.060,2026-08-24 05:44:27.062,InnoDB,LOCK_SYS_PAGE,1219,21,524
1787550267.060,2026-08-24 05:44:27.062,InnoDB,UNDO_SPACE_RSEG,4411,20,1873
1787550267.060,2026-08-24 05:44:27.062,InnoDB,LOCK_SYS_PAGE,1272,20,551
1787550267.060,2026-08-24 05:44:27.062,InnoDB,LOCK_SYS_PAGE,1369,20,592
1787550267.060,2026-08-24 05:44:27.062,InnoDB,LOCK_SYS_PAGE,1259,20,516
1787550267.060,2026-08-24 05:44:27.062,InnoDB,LOCK_SYS_PAGE,1183,20,461
1787550267.060,2026-08-24 05:44:27.062,InnoDB,LOCK_SYS_PAGE,1520,20,543
1787550267.060,2026-08-24 05:44:27.062,InnoDB,UNDO_SPACE_RSEG,4232,20,1916
1787550267.060,2026-08-24 05:44:27.062,InnoDB,LOCK_SYS_PAGE,1249,20,522
1787550267.060,2026-08-24 05:44:27.062,InnoDB,UNDO_SPACE_RSEG,4536,20,1964
1787550267.060,2026-08-24 05:44:27.062,InnoDB,LOCK_SYS_PAGE,1232,20,541
1787550267.060,2026-08-24 05:44:27.062,InnoDB,LOCK_SYS_PAGE,1190,20,515
1787550267.060,2026-08-24 05:44:27.062,InnoDB,LOCK_SYS_PAGE,1252,20,570
1787550267.060,2026-08-24 05:44:27.062,InnoDB,LOCK_SYS_PAGE,1168,20,504
1787550267.060,2026-08-24 05:44:27.062,InnoDB,LOCK_SYS_PAGE,1270,20,494
1787550267.060,2026-08-24 05:44:27.062,InnoDB,UNDO_SPACE_RSEG,4499,20,1931
1787550267.060,2026-08-24 05:44:27.062,InnoDB,LOCK_SYS_PAGE,1166,20,453
1787550267.060,2026-08-24 05:44:27.062,InnoDB,LOCK_SYS_PAGE,1246,20,597
1787550267.060,2026-08-24 05:44:27.062,InnoDB,LOCK_SYS_PAGE,1303,20,501
1787550267.060,2026-08-24 05:44:27.062,InnoDB,LOCK_SYS_PAGE,1251,20,519
1787550267.060,2026-08-24 05:44:27.062,InnoDB,UNDO_SPACE_RSEG,4355,20,1838
1787550267.060,2026-08-24 05:44:27.062,InnoDB,LOCK_SYS_PAGE,1176,20,525
1787550267.060,2026-08-24 05:44:27.062,InnoDB,LOCK_SYS_PAGE,1406,20,617
1787550267.060,2026-08-24 05:44:27.062,InnoDB,LOCK_SYS_PAGE,1221,20,508
1787550267.060,2026-08-24 05:44:27.062,InnoDB,LOCK_SYS_PAGE,1254,20,560
1787550267.060,2026-08-24 05:44:27.062,InnoDB,LOCK_SYS_PAGE,1292,20,541
1787550267.060,2026-08-24 05:44:27.062,InnoDB,LOCK_SYS_PAGE,1308,20,575
1787550267.060,2026-08-24 05:44:27.062,InnoDB,UNDO_SPACE_RSEG,4404,20,1867
1787550267.060,2026-08-24 05:44:27.062,InnoDB,LOCK_SYS_PAGE,1250,20,578
1787550267.060,2026-08-24 05:44:27.062,InnoDB,LOCK_SYS_PAGE,1170,20,506
1787550267.060,2026-08-24 05:44:27.062,InnoDB,LOCK_SYS_PAGE,1337,20,603
1787550267.060,2026-08-24 05:44:27.062,InnoDB,LOCK_SYS_PAGE,1306,20,509
1787550267.060,2026-08-24 05:44:27.062,InnoDB,LOCK_SYS_PAGE,1279,20,519
1787550267.060,2026-08-24 05:44:27.062,InnoDB,LOCK_SYS_PAGE,1195,20,561
1787550267.060,2026-08-24 05:44:27.062,InnoDB,LOCK_SYS_PAGE,1287,20,507
1787550267.060,2026-08-24 05:44:27.062,InnoDB,UNDO_SPACE_RSEG,4170,20,1915
1787550267.060,2026-08-24 05:44:27.062,InnoDB,LOCK_SYS_PAGE,1249,20,529
1787550267.060,2026-08-24 05:44:27.062,InnoDB,UNDO_SPACE_RSEG,4427,20,1863
1787550267.060,2026-08-24 05:44:27.062,InnoDB,LOCK_SYS_PAGE,1287,20,568
1787550267.060,2026-08-24 05:44:27.062,InnoDB,LOCK_SYS_PAGE,1346,20,537
1787550267.060,2026-08-24 05:44:27.062,InnoDB,LOCK_SYS_PAGE,1345,20,579
1787550267.060,2026-08-24 05:44:27.062,InnoDB,LOCK_SYS_PAGE,1153,20,466
1787550267.060,2026-08-24 05:44:27.062,InnoDB,LOCK_SYS_PAGE,1298,20,521
1787550267.060,2026-08-24 05:44:27.062,InnoDB,UNDO_SPACE_RSEG,4311,20,1820
1787550267.060,2026-08-24 05:44:27.062,InnoDB,LOCK_SYS_PAGE,1315,20,568
1787550267.060,2026-08-24 05:44:27.062,InnoDB,UNDO_SPACE_RSEG,4453,20,1885
1787550267.060,2026-08-24 05:44:27.062,InnoDB,LOCK_SYS_PAGE,1201,19,555
1787550267.060,2026-08-24 05:44:27.062,InnoDB,LOCK_SYS_PAGE,1177,19,539
1787550267.060,2026-08-24 05:44:27.062,InnoDB,LOCK_SYS_PAGE,1226,19,565
1787550267.060,2026-08-24 05:44:27.062,InnoDB,LOCK_SYS_PAGE,1220,19,563
1787550267.060,2026-08-24 05:44:27.062,InnoDB,LOCK_SYS_PAGE,1324,19,585
1787550267.060,2026-08-24 05:44:27.062,InnoDB,UNDO_SPACE_RSEG,4472,19,1930
1787550267.060,2026-08-24 05:44:27.062,InnoDB,LOCK_SYS_PAGE,1121,19,495
1787550267.060,2026-08-24 05:44:27.062,InnoDB,UNDO_SPACE_RSEG,4438,19,1878
1787550267.060,2026-08-24 05:44:27.062,InnoDB,LOCK_SYS_PAGE,1173,19,477
1787550267.060,2026-08-24 05:44:27.062,InnoDB,LOCK_SYS_PAGE,1318,19,556
1787550267.060,2026-08-24 05:44:27.062,InnoDB,LOCK_SYS_PAGE,1227,19,516
1787550267.060,2026-08-24 05:44:27.062,InnoDB,LOCK_SYS_PAGE,1209,19,581
1787550267.060,2026-08-24 05:44:27.062,InnoDB,LOCK_SYS_PAGE,1235,19,498
1787550267.060,2026-08-24 05:44:27.062,InnoDB,LOCK_SYS_PAGE,1311,19,600
1787550267.060,2026-08-24 05:44:27.062,InnoDB,LOCK_SYS_PAGE,1126,19,478
1787550267.060,2026-08-24 05:44:27.062,InnoDB,LOCK_SYS_PAGE,1210,19,543
1787550267.060,2026-08-24 05:44:27.062,InnoDB,LOCK_SYS_PAGE,1201,19,535
1787550267.060,2026-08-24 05:44:27.062,InnoDB,LOCK_SYS_PAGE,1307,19,526
1787550267.060,2026-08-24 05:44:27.062,InnoDB,LOCK_SYS_PAGE,1245,19,527
1787550267.060,2026-08-24 05:44:27.062,InnoDB,UNDO_SPACE_RSEG,4448,19,1874
1787550267.060,2026-08-24 05:44:27.062,InnoDB,UNDO_SPACE_RSEG,4365,19,1855
1787550267.060,2026-08-24 05:44:27.062,InnoDB,LOCK_SYS_PAGE,1362,19,558
1787550267.060,2026-08-24 05:44:27.062,InnoDB,LOCK_SYS_PAGE,1210,19,518
1787550267.060,2026-08-24 05:44:27.062,InnoDB,LOCK_SYS_PAGE,1228,19,573
1787550267.060,2026-08-24 05:44:27.062,InnoDB,LOCK_SYS_PAGE,1207,19,525
1787550267.060,2026-08-24 05:44:27.062,InnoDB,LOCK_SYS_PAGE,1271,19,572
1787550267.060,2026-08-24 05:44:27.062,InnoDB,LOCK_SYS_PAGE,1284,19,533
1787550267.060,2026-08-24 05:44:27.062,InnoDB,LOCK_SYS_PAGE,1317,19,607
1787550267.060,2026-08-24 05:44:27.062,InnoDB,UNDO_SPACE_RSEG,4313,19,1892
1787550267.060,2026-08-24 05:44:27.062,InnoDB,LOCK_SYS_PAGE,1239,19,533
1787550267.060,2026-08-24 05:44:27.062,InnoDB,LOCK_SYS_PAGE,1197,19,500
1787550267.060,2026-08-24 05:44:27.062,InnoDB,LOCK_SYS_PAGE,1256,19,509
1787550267.060,2026-08-24 05:44:27.062,InnoDB,LOCK_SYS_PAGE,1220,19,519
1787550267.060,2026-08-24 05:44:27.062,InnoDB,TRX_POOL,626,19,51
1787550267.060,2026-08-24 05:44:27.062,InnoDB,LOCK_SYS_PAGE,1373,19,544
1787550267.060,2026-08-24 05:44:27.062,InnoDB,LOCK_SYS_PAGE,1282,19,564
1787550267.060,2026-08-24 05:44:27.062,InnoDB,LOCK_SYS_PAGE,1204,19,546
1787550267.060,2026-08-24 05:44:27.062,InnoDB,LOCK_SYS_PAGE,1251,19,552
1787550267.060,2026-08-24 05:44:27.062,InnoDB,LOCK_SYS_PAGE,1268,19,540
1787550267.060,2026-08-24 05:44:27.062,InnoDB,LOCK_SYS_PAGE,1322,19,580
1787550267.060,2026-08-24 05:44:27.062,InnoDB,LOCK_SYS_PAGE,1168,19,545
1787550267.060,2026-08-24 05:44:27.062,InnoDB,LOCK_SYS_PAGE,1337,19,599
1787550267.060,2026-08-24 05:44:27.062,InnoDB,LOCK_SYS_PAGE,1249,19,555
1787550267.060,2026-08-24 05:44:27.062,InnoDB,UNDO_SPACE_RSEG,4398,19,1948
1787550267.060,2026-08-24 05:44:27.062,InnoDB,LOCK_SYS_PAGE,1142,19,481
1787550267.060,2026-08-24 05:44:27.062,InnoDB,LOCK_SYS_PAGE,1195,18,498
1787550267.060,2026-08-24 05:44:27.062,InnoDB,LOCK_SYS_PAGE,1179,18,580
1787550267.060,2026-08-24 05:44:27.062,InnoDB,LOCK_SYS_PAGE,1246,18,562
1787550267.060,2026-08-24 05:44:27.062,InnoDB,LOCK_SYS_PAGE,1161,18,502
1787550267.060,2026-08-24 05:44:27.062,InnoDB,LOCK_SYS_PAGE,1200,18,570
1787550267.060,2026-08-24 05:44:27.062,InnoDB,LOCK_SYS_PAGE,1187,18,515
1787550267.060,2026-08-24 05:44:27.062,InnoDB,LOCK_SYS_PAGE,1225,18,516
1787550267.060,2026-08-24 05:44:27.062,InnoDB,LOCK_SYS_PAGE,1213,18,546
1787550267.060,2026-08-24 05:44:27.062,InnoDB,LOCK_SYS_PAGE,1192,18,491
1787550267.060,2026-08-24 05:44:27.062,InnoDB,UNDO_SPACE_RSEG,4393,18,1926
1787550267.060,2026-08-24 05:44:27.062,InnoDB,LOCK_SYS_PAGE,1176,18,539
1787550267.060,2026-08-24 05:44:27.062,InnoDB,LOCK_SYS_PAGE,1208,18,525
1787550267.060,2026-08-24 05:44:27.062,InnoDB,LOCK_SYS_PAGE,1103,18,534
1787550267.060,2026-08-24 05:44:27.062,InnoDB,LOCK_SYS_PAGE,1176,18,488
1787550267.060,2026-08-24 05:44:27.062,InnoDB,UNDO_SPACE_RSEG,4346,18,1895
1787550267.060,2026-08-24 05:44:27.062,InnoDB,LOCK_SYS_PAGE,1288,18,547
1787550267.060,2026-08-24 05:44:27.062,InnoDB,LOCK_SYS_PAGE,1293,18,594
1787550267.060,2026-08-24 05:44:27.062,InnoDB,LOCK_SYS_PAGE,1214,18,575
1787550267.060,2026-08-24 05:44:27.062,InnoDB,LOCK_SYS_PAGE,1172,18,547
1787550267.060,2026-08-24 05:44:27.062,InnoDB,LOCK_SYS_PAGE,1264,18,587
1787550267.060,2026-08-24 05:44:27.062,InnoDB,LOCK_SYS_PAGE,1241,18,557
1787550267.060,2026-08-24 05:44:27.062,InnoDB,LOCK_SYS_PAGE,1192,18,558
1787550267.060,2026-08-24 05:44:27.062,InnoDB,LOCK_SYS_PAGE,1123,18,518
1787550267.060,2026-08-24 05:44:27.062,InnoDB,LOCK_SYS_PAGE,1197,18,474
1787550267.060,2026-08-24 05:44:27.062,InnoDB,LOCK_SYS_PAGE,1108,18,491
1787550267.060,2026-08-24 05:44:27.062,InnoDB,LOCK_SYS_PAGE,1230,18,517
1787550267.060,2026-08-24 05:44:27.062,InnoDB,LOCK_SYS_PAGE,1233,18,539
1787550267.060,2026-08-24 05:44:27.062,InnoDB,UNDO_SPACE_RSEG,4158,18,1816
1787550267.060,2026-08-24 05:44:27.062,InnoDB,LOCK_SYS_PAGE,1113,18,533
1787550267.060,2026-08-24 05:44:27.062,InnoDB,LOCK_SYS_PAGE,1193,18,529
1787550267.060,2026-08-24 05:44:27.062,InnoDB,UNDO_SPACE_RSEG,4220,18,1851
1787550267.060,2026-08-24 05:44:27.062,InnoDB,LOCK_SYS_PAGE,1215,18,549
1787550267.060,2026-08-24 05:44:27.062,InnoDB,LOCK_SYS_PAGE,1192,18,507
1787550267.060,2026-08-24 05:44:27.062,InnoDB,LOCK_SYS_PAGE,1275,18,580
1787550267.060,2026-08-24 05:44:27.062,InnoDB,UNDO_SPACE_RSEG,4396,18,1970
1787550267.060,2026-08-24 05:44:27.062,InnoDB,LOCK_SYS_PAGE,1145,18,497
1787550267.060,2026-08-24 05:44:27.062,InnoDB,LOCK_SYS_PAGE,1301,18,575
1787550267.060,2026-08-24 05:44:27.062,InnoDB,LOCK_SYS_PAGE,1204,18,507
1787550267.060,2026-08-24 05:44:27.062,InnoDB,LOCK_SYS_PAGE,1148,18,561
1787550267.060,2026-08-24 05:44:27.062,InnoDB,LOCK_SYS_PAGE,1136,18,515
1787550267.060,2026-08-24 05:44:27.062,InnoDB,LOCK_SYS_PAGE,1102,18,485
1787550267.060,2026-08-24 05:44:27.062,InnoDB,LOCK_SYS_PAGE,1255,18,548
1787550267.060,2026-08-24 05:44:27.062,InnoDB,LOCK_SYS_PAGE,1276,18,540
1787550267.060,2026-08-24 05:44:27.062,InnoDB,LOCK_SYS_PAGE,1197,17,506
1787550267.060,2026-08-24 05:44:27.062,InnoDB,LOCK_SYS_PAGE,1206,17,520
1787550267.060,2026-08-24 05:44:27.062,InnoDB,UNDO_SPACE_RSEG,4243,17,1813
1787550267.060,2026-08-24 05:44:27.062,InnoDB,LOCK_SYS_PAGE,1160,17,572
1787550267.060,2026-08-24 05:44:27.062,InnoDB,LOCK_SYS_PAGE,1180,17,538
1787550267.060,2026-08-24 05:44:27.062,InnoDB,LOCK_SYS_PAGE,1242,17,559
1787550267.060,2026-08-24 05:44:27.062,InnoDB,LOCK_SYS_PAGE,1245,17,595
1787550267.060,2026-08-24 05:44:27.062,InnoDB,LOCK_SYS_PAGE,1136,17,524
1787550267.060,2026-08-24 05:44:27.062,InnoDB,LOCK_SYS_PAGE,1176,17,510
1787550267.060,2026-08-24 05:44:27.062,InnoDB,LOCK_SYS_PAGE,1247,17,569
1787550267.060,2026-08-24 05:44:27.062,InnoDB,LOCK_SYS_PAGE,1195,17,538
1787550267.060,2026-08-24 05:44:27.062,InnoDB,LOCK_SYS_PAGE,1150,17,560
1787550267.060,2026-08-24 05:44:27.062,InnoDB,LOCK_SYS_PAGE,1128,17,551
1787550267.060,2026-08-24 05:44:27.062,InnoDB,UNDO_SPACE_RSEG,4566,17,1984
1787550267.060,2026-08-24 05:44:27.062,InnoDB,LOCK_SYS_PAGE,1250,17,486
1787550267.060,2026-08-24 05:44:27.062,InnoDB,LOCK_SYS_PAGE,1204,17,564
1787550267.060,2026-08-24 05:44:27.062,InnoDB,LOCK_SYS_PAGE,1271,17,553
1787550267.060,2026-08-24 05:44:27.062,InnoDB,LOCK_SYS_PAGE,1270,17,537
1787550267.060,2026-08-24 05:44:27.062,InnoDB,LOCK_SYS_PAGE,1214,17,533
1787550267.060,2026-08-24 05:44:27.062,InnoDB,LOCK_SYS_PAGE,1141,17,545
1787550267.060,2026-08-24 05:44:27.062,InnoDB,LOCK_SYS_PAGE,1196,17,584
1787550267.060,2026-08-24 05:44:27.062,InnoDB,LOCK_SYS_PAGE,1172,17,543
1787550267.060,2026-08-24 05:44:27.062,InnoDB,LOCK_SYS_PAGE,1248,17,540
1787550267.060,2026-08-24 05:44:27.062,InnoDB,LOCK_SYS_PAGE,1215,17,519
1787550267.060,2026-08-24 05:44:27.062,InnoDB,LOCK_SYS_PAGE,1147,17,525
1787550267.060,2026-08-24 05:44:27.062,InnoDB,LOCK_SYS_PAGE,1197,17,495
1787550267.060,2026-08-24 05:44:27.062,InnoDB,LOCK_SYS_PAGE,1151,17,552
1787550267.060,2026-08-24 05:44:27.062,InnoDB,LOCK_SYS_PAGE,1271,17,616
1787550267.060,2026-08-24 05:44:27.062,InnoDB,LOCK_SYS_PAGE,1129,17,502
1787550267.060,2026-08-24 05:44:27.062,InnoDB,LOCK_SYS_PAGE,1301,17,637
1787550267.060,2026-08-24 05:44:27.062,InnoDB,LOCK_SYS_PAGE,1289,17,573
1787550267.060,2026-08-24 05:44:27.062,InnoDB,LOCK_SYS_PAGE,1158,17,578
1787550267.060,2026-08-24 05:44:27.062,InnoDB,LOCK_SYS_PAGE,1165,17,531
1787550267.060,2026-08-24 05:44:27.062,InnoDB,LOCK_SYS_PAGE,1101,17,498
1787550267.060,2026-08-24 05:44:27.062,InnoDB,LOCK_SYS_PAGE,1189,17,519
1787550267.060,2026-08-24 05:44:27.062,InnoDB,LOCK_SYS_PAGE,1122,17,533
1787550267.060,2026-08-24 05:44:27.062,InnoDB,LOCK_SYS_PAGE,1122,17,520
1787550267.060,2026-08-24 05:44:27.062,InnoDB,LOCK_SYS_PAGE,1286,17,612
1787550267.060,2026-08-24 05:44:27.062,InnoDB,LOCK_SYS_PAGE,1259,17,532
1787550267.060,2026-08-24 05:44:27.062,InnoDB,LOCK_SYS_PAGE,1217,17,600
1787550267.060,2026-08-24 05:44:27.062,InnoDB,LOCK_SYS_PAGE,1105,17,503
1787550267.060,2026-08-24 05:44:27.062,InnoDB,LOCK_SYS_PAGE,1179,17,486
1787550267.060,2026-08-24 05:44:27.062,InnoDB,LOCK_SYS_PAGE,1211,17,519
1787550267.060,2026-08-24 05:44:27.062,InnoDB,LOCK_SYS_PAGE,1219,17,499
1787550267.060,2026-08-24 05:44:27.062,InnoDB,LOCK_SYS_PAGE,1075,16,483
1787550267.060,2026-08-24 05:44:27.062,InnoDB,LOCK_SYS_PAGE,1132,16,503
1787550267.060,2026-08-24 05:44:27.062,InnoDB,UNDO_SPACE_RSEG,4485,16,1987
1787550267.060,2026-08-24 05:44:27.062,InnoDB,LOCK_SYS_PAGE,1192,16,507
1787550267.060,2026-08-24 05:44:27.062,InnoDB,LOCK_SYS_PAGE,1134,16,554
1787550267.060,2026-08-24 05:44:27.062,InnoDB,LOCK_SYS_PAGE,1154,16,505
1787550267.060,2026-08-24 05:44:27.062,InnoDB,LOCK_SYS_PAGE,1116,16,539
1787550267.060,2026-08-24 05:44:27.062,InnoDB,LOCK_SYS_PAGE,1227,16,524
1787550267.060,2026-08-24 05:44:27.062,InnoDB,LOCK_SYS_PAGE,1177,16,583
1787550267.060,2026-08-24 05:44:27.062,InnoDB,LOCK_SYS_PAGE,1131,16,556
1787550267.060,2026-08-24 05:44:27.062,InnoDB,UNDO_SPACE_RSEG,4334,16,1895
1787550267.060,2026-08-24 05:44:27.062,InnoDB,LOCK_SYS_PAGE,1168,16,531
1787550267.060,2026-08-24 05:44:27.062,InnoDB,LOCK_SYS_PAGE,1094,16,519
1787550267.060,2026-08-24 05:44:27.062,InnoDB,LOCK_SYS_PAGE,1061,16,513
1787550267.060,2026-08-24 05:44:27.062,InnoDB,LOCK_SYS_PAGE,1160,16,531
1787550267.060,2026-08-24 05:44:27.062,InnoDB,LOCK_SYS_PAGE,1224,16,551
1787550267.060,2026-08-24 05:44:27.062,InnoDB,LOCK_SYS_PAGE,1096,16,561
1787550267.060,2026-08-24 05:44:27.062,InnoDB,LOCK_SYS_PAGE,1205,16,533
1787550267.060,2026-08-24 05:44:27.062,InnoDB,LOCK_SYS_PAGE,1125,16,525
1787550267.060,2026-08-24 05:44:27.062,InnoDB,LOCK_SYS_PAGE,1199,16,552
1787550267.060,2026-08-24 05:44:27.062,InnoDB,LOCK_SYS_PAGE,1178,16,567
1787550267.060,2026-08-24 05:44:27.062,InnoDB,LOCK_SYS_PAGE,1174,16,554
1787550267.060,2026-08-24 05:44:27.062,InnoDB,LOCK_SYS_PAGE,1222,16,516
1787550267.060,2026-08-24 05:44:27.062,InnoDB,LOCK_SYS_PAGE,1145,16,528
1787550267.060,2026-08-24 05:44:27.062,InnoDB,LOCK_SYS_PAGE,1112,16,499
1787550267.060,2026-08-24 05:44:27.062,InnoDB,LOCK_SYS_PAGE,1147,16,534
1787550267.060,2026-08-24 05:44:27.062,InnoDB,LOCK_SYS_PAGE,1219,16,539
1787550267.060,2026-08-24 05:44:27.062,InnoDB,LOCK_SYS_PAGE,1014,16,516
1787550267.060,2026-08-24 05:44:27.062,InnoDB,LOCK_SYS_PAGE,1189,16,501
1787550267.060,2026-08-24 05:44:27.062,InnoDB,LOCK_SYS_PAGE,1174,16,500
1787550267.060,2026-08-24 05:44:27.062,InnoDB,LOCK_SYS_PAGE,1191,16,524
1787550267.060,2026-08-24 05:44:27.062,InnoDB,LOCK_SYS_PAGE,1206,16,560
1787550267.060,2026-08-24 05:44:27.062,InnoDB,LOCK_SYS_PAGE,1163,16,549
1787550267.060,2026-08-24 05:44:27.062,InnoDB,LOCK_SYS_PAGE,1088,16,516
1787550267.060,2026-08-24 05:44:27.062,InnoDB,LOCK_SYS_PAGE,1130,16,517
1787550267.060,2026-08-24 05:44:27.062,InnoDB,LOCK_SYS_PAGE,1148,16,602
1787550267.060,2026-08-24 05:44:27.062,InnoDB,LOCK_SYS_PAGE,1107,16,481
1787550267.060,2026-08-24 05:44:27.062,InnoDB,LOCK_SYS_PAGE,1121,16,554
1787550267.060,2026-08-24 05:44:27.062,InnoDB,LOCK_SYS_PAGE,1215,16,521
1787550267.060,2026-08-24 05:44:27.062,InnoDB,LOCK_SYS_PAGE,1073,16,437
1787550267.060,2026-08-24 05:44:27.062,InnoDB,LOCK_SYS_PAGE,1142,16,535
1787550267.060,2026-08-24 05:44:27.062,InnoDB,LOCK_SYS_PAGE,1256,16,581
1787550267.060,2026-08-24 05:44:27.062,InnoDB,LOCK_SYS_PAGE,1152,16,494
1787550267.060,2026-08-24 05:44:27.062,InnoDB,LOCK_SYS_PAGE,1172,16,565
1787550267.060,2026-08-24 05:44:27.062,InnoDB,LOCK_SYS_PAGE,1099,16,537
1787550267.060,2026-08-24 05:44:27.062,InnoDB,LOCK_SYS_PAGE,1154,16,575
1787550267.060,2026-08-24 05:44:27.062,InnoDB,LOCK_SYS_PAGE,1152,16,631
1787550267.060,2026-08-24 05:44:27.062,InnoDB,LOCK_SYS_PAGE,1103,15,557
1787550267.060,2026-08-24 05:44:27.062,InnoDB,LOCK_SYS_PAGE,1110,15,552
1787550267.060,2026-08-24 05:44:27.062,InnoDB,LOCK_SYS_PAGE,1127,15,551
1787550267.060,2026-08-24 05:44:27.062,InnoDB,LOCK_SYS_PAGE,1260,15,522
1787550267.060,2026-08-24 05:44:27.062,InnoDB,LOCK_SYS_PAGE,1035,15,503
1787550267.060,2026-08-24 05:44:27.062,InnoDB,LOCK_SYS_PAGE,1120,15,581
1787550267.060,2026-08-24 05:44:27.062,InnoDB,LOCK_SYS_PAGE,1084,15,521
1787550267.060,2026-08-24 05:44:27.062,InnoDB,LOCK_SYS_PAGE,1158,15,556
1787550267.060,2026-08-24 05:44:27.062,InnoDB,LOCK_SYS_PAGE,1135,15,532
1787550267.060,2026-08-24 05:44:27.062,InnoDB,LOCK_SYS_PAGE,1132,15,522
1787550267.060,2026-08-24 05:44:27.062,InnoDB,LOCK_SYS_PAGE,1018,15,518
1787550267.060,2026-08-24 05:44:27.062,InnoDB,LOCK_SYS_PAGE,1086,15,515
1787550267.060,2026-08-24 05:44:27.062,InnoDB,LOCK_SYS_PAGE,1148,15,526
1787550267.060,2026-08-24 05:44:27.062,InnoDB,LOCK_SYS_PAGE,1077,15,540
1787550267.060,2026-08-24 05:44:27.062,InnoDB,LOCK_SYS_PAGE,1031,15,482
1787550267.060,2026-08-24 05:44:27.062,InnoDB,LOCK_SYS_PAGE,1061,15,519
1787550267.060,2026-08-24 05:44:27.062,InnoDB,UNDO_SPACE_RSEG,4205,15,1892
1787550267.060,2026-08-24 05:44:27.062,InnoDB,LOCK_SYS_PAGE,1109,15,552
1787550267.060,2026-08-24 05:44:27.062,InnoDB,LOCK_SYS_PAGE,969,15,431
1787550267.060,2026-08-24 05:44:27.062,InnoDB,LOCK_SYS_PAGE,1175,15,562
1787550267.060,2026-08-24 05:44:27.062,InnoDB,LOCK_SYS_PAGE,1077,15,471
1787550267.060,2026-08-24 05:44:27.062,InnoDB,LOCK_SYS_PAGE,1075,15,510
1787550267.060,2026-08-24 05:44:27.062,InnoDB,LOCK_SYS_PAGE,1150,15,545
1787550267.060,2026-08-24 05:44:27.062,InnoDB,LOCK_SYS_PAGE,1089,15,505
1787550267.060,2026-08-24 05:44:27.062,InnoDB,LOCK_SYS_PAGE,1154,15,539
1787550267.060,2026-08-24 05:44:27.062,InnoDB,LOCK_SYS_PAGE,1131,15,537
1787550267.060,2026-08-24 05:44:27.062,InnoDB,LOCK_SYS_PAGE,1111,15,517
1787550267.060,2026-08-24 05:44:27.062,InnoDB,LOCK_SYS_PAGE,1095,15,484
1787550267.060,2026-08-24 05:44:27.062,InnoDB,LOCK_SYS_PAGE,1072,15,520
1787550267.060,2026-08-24 05:44:27.062,InnoDB,LOCK_SYS_PAGE,1109,15,511
1787550267.060,2026-08-24 05:44:27.062,InnoDB,LOCK_SYS_PAGE,1126,15,561
1787550267.060,2026-08-24 05:44:27.062,InnoDB,LOCK_SYS_PAGE,1039,15,488
1787550267.060,2026-08-24 05:44:27.062,InnoDB,LOCK_SYS_PAGE,1116,15,534
1787550267.060,2026-08-24 05:44:27.062,InnoDB,LOCK_SYS_PAGE,1114,15,566
1787550267.060,2026-08-24 05:44:27.062,InnoDB,LOCK_SYS_PAGE,1080,15,508
1787550267.060,2026-08-24 05:44:27.062,InnoDB,LOCK_SYS_PAGE,1123,15,574
1787550267.060,2026-08-24 05:44:27.062,InnoDB,LOCK_SYS_PAGE,1090,15,510
1787550267.060,2026-08-24 05:44:27.062,InnoDB,LOCK_SYS_PAGE,1144,15,521
1787550267.060,2026-08-24 05:44:27.062,InnoDB,LOCK_SYS_PAGE,1185,15,516
1787550267.060,2026-08-24 05:44:27.062,InnoDB,LOCK_SYS_PAGE,1084,14,493
1787550267.060,2026-08-24 05:44:27.062,InnoDB,LOCK_SYS_PAGE,1017,14,475
1787550267.060,2026-08-24 05:44:27.062,InnoDB,LOCK_SYS_PAGE,1003,14,495
1787550267.060,2026-08-24 05:44:27.062,InnoDB,LOCK_SYS_PAGE,1092,14,560
1787550267.060,2026-08-24 05:44:27.062,InnoDB,LOCK_SYS_PAGE,1021,14,505
1787550267.060,2026-08-24 05:44:27.062,InnoDB,LOCK_SYS_PAGE,915,14,454
1787550267.060,2026-08-24 05:44:27.062,InnoDB,LOCK_SYS_PAGE,971,14,498
1787550267.060,2026-08-24 05:44:27.062,InnoDB,LOCK_SYS_PAGE,1040,14,514
1787550267.060,2026-08-24 05:44:27.062,InnoDB,LOCK_SYS_PAGE,1111,14,580
1787550267.060,2026-08-24 05:44:27.062,InnoDB,LOCK_SYS_PAGE,1140,14,530
1787550267.060,2026-08-24 05:44:27.062,InnoDB,LOCK_SYS_PAGE,1067,14,538
1787550267.060,2026-08-24 05:44:27.062,InnoDB,LOCK_SYS_PAGE,1129,14,539
1787550267.060,2026-08-24 05:44:27.062,InnoDB,LOCK_SYS_PAGE,1068,14,553
1787550267.060,2026-08-24 05:44:27.062,InnoDB,LOCK_SYS_PAGE,1010,14,516
1787550267.060,2026-08-24 05:44:27.062,InnoDB,LOCK_SYS_PAGE,1116,14,533
1787550267.060,2026-08-24 05:44:27.062,InnoDB,LOCK_SYS_PAGE,1080,14,544
1787550267.060,2026-08-24 05:44:27.062,InnoDB,LOCK_SYS_PAGE,1089,14,529
1787550267.060,2026-08-24 05:44:27.062,InnoDB,LOCK_SYS_PAGE,1045,14,509
1787550267.060,2026-08-24 05:44:27.062,InnoDB,LOCK_SYS_PAGE,1108,14,520
1787550267.060,2026-08-24 05:44:27.062,InnoDB,LOCK_SYS_PAGE,1057,14,518
1787550267.060,2026-08-24 05:44:27.062,InnoDB,LOCK_SYS_PAGE,1180,14,594
1787550267.060,2026-08-24 05:44:27.062,InnoDB,LOCK_SYS_PAGE,1058,14,532
1787550267.060,2026-08-24 05:44:27.062,InnoDB,LOCK_SYS_PAGE,1099,14,546
1787550267.060,2026-08-24 05:44:27.062,InnoDB,LOCK_SYS_PAGE,1087,14,567
1787550267.060,2026-08-24 05:44:27.062,InnoDB,LOCK_SYS_PAGE,1132,14,559
1787550267.060,2026-08-24 05:44:27.062,InnoDB,LOCK_SYS_PAGE,1216,14,592
1787550267.060,2026-08-24 05:44:27.062,InnoDB,LOCK_SYS_PAGE,1018,14,470
1787550267.060,2026-08-24 05:44:27.062,InnoDB,LOCK_SYS_PAGE,1060,14,518
1787550267.060,2026-08-24 05:44:27.062,InnoDB,LOCK_SYS_PAGE,1061,14,522
1787550267.060,2026-08-24 05:44:27.062,InnoDB,LOCK_SYS_PAGE,1200,14,581
1787550267.060,2026-08-24 05:44:27.062,InnoDB,LOCK_SYS_PAGE,1074,14,558
1787550267.060,2026-08-24 05:44:27.062,InnoDB,LOCK_SYS_PAGE,1008,14,513
1787550267.060,2026-08-24 05:44:27.062,InnoDB,LOCK_SYS_PAGE,1014,14,479
1787550267.060,2026-08-24 05:44:27.062,InnoDB,LOCK_SYS_PAGE,1135,14,508
1787550267.060,2026-08-24 05:44:27.062,InnoDB,LOCK_SYS_PAGE,1114,14,551
1787550267.060,2026-08-24 05:44:27.062,InnoDB,LOCK_SYS_PAGE,1178,14,563
1787550267.060,2026-08-24 05:44:27.062,InnoDB,LOCK_SYS_PAGE,1119,14,582
1787550267.060,2026-08-24 05:44:27.062,InnoDB,LOCK_SYS_PAGE,1009,14,487
1787550267.060,2026-08-24 05:44:27.062,InnoDB,LOCK_SYS_PAGE,922,14,495
1787550267.060,2026-08-24 05:44:27.062,InnoDB,LOCK_SYS_PAGE,1005,14,535
1787550267.060,2026-08-24 05:44:27.062,InnoDB,LOCK_SYS_PAGE,1020,14,532
1787550267.060,2026-08-24 05:44:27.062,InnoDB,LOCK_SYS_PAGE,1090,14,561
1787550267.060,2026-08-24 05:44:27.062,InnoDB,LOCK_SYS_PAGE,1014,14,545
1787550267.060,2026-08-24 05:44:27.062,InnoDB,LOCK_SYS_PAGE,1075,14,564
1787550267.060,2026-08-24 05:44:27.062,InnoDB,LOCK_SYS_PAGE,997,13,560
1787550267.060,2026-08-24 05:44:27.062,InnoDB,LOCK_SYS_PAGE,1135,13,573
1787550267.060,2026-08-24 05:44:27.062,InnoDB,LOCK_SYS_PAGE,1051,13,471
1787550267.060,2026-08-24 05:44:27.062,InnoDB,LOCK_SYS_PAGE,938,13,465
1787550267.060,2026-08-24 05:44:27.062,InnoDB,LOCK_SYS_PAGE,1164,13,529
1787550267.060,2026-08-24 05:44:27.062,InnoDB,LOCK_SYS_PAGE,978,13,506
1787550267.060,2026-08-24 05:44:27.062,InnoDB,LOCK_SYS_PAGE,1132,13,541
1787550267.060,2026-08-24 05:44:27.062,InnoDB,LOCK_SYS_PAGE,991,13,494
1787550267.060,2026-08-24 05:44:27.062,InnoDB,LOCK_SYS_PAGE,1086,13,576
1787550267.060,2026-08-24 05:44:27.062,InnoDB,LOCK_SYS_PAGE,987,13,496
1787550267.060,2026-08-24 05:44:27.062,InnoDB,LOCK_SYS_PAGE,1044,13,515
1787550267.060,2026-08-24 05:44:27.062,InnoDB,LOCK_SYS_PAGE,1030,13,601
1787550267.060,2026-08-24 05:44:27.062,InnoDB,LOCK_SYS_PAGE,1048,13,556
1787550267.060,2026-08-24 05:44:27.062,InnoDB,LOCK_SYS_PAGE,1023,13,493
1787550267.060,2026-08-24 05:44:27.062,InnoDB,LOCK_SYS_PAGE,1011,13,515
1787550267.060,2026-08-24 05:44:27.062,InnoDB,LOCK_SYS_PAGE,1139,13,530
1787550267.060,2026-08-24 05:44:27.062,InnoDB,LOCK_SYS_PAGE,1045,13,510
1787550267.060,2026-08-24 05:44:27.062,InnoDB,LOCK_SYS_PAGE,1012,13,507
1787550267.060,2026-08-24 05:44:27.062,InnoDB,LOCK_SYS_PAGE,1065,13,552
1787550267.060,2026-08-24 05:44:27.062,InnoDB,LOCK_SYS_PAGE,1088,13,565
1787550267.060,2026-08-24 05:44:27.062,InnoDB,LOCK_SYS_PAGE,960,13,463
1787550267.060,2026-08-24 05:44:27.062,InnoDB,LOCK_SYS_PAGE,1066,13,551
1787550267.060,2026-08-24 05:44:27.062,InnoDB,LOCK_SYS_PAGE,1057,13,564
1787550267.060,2026-08-24 05:44:27.062,InnoDB,LOCK_SYS_PAGE,993,12,555
1787550267.060,2026-08-24 05:44:27.062,InnoDB,LOCK_SYS_PAGE,1137,12,532
1787550267.060,2026-08-24 05:44:27.062,InnoDB,LOCK_SYS_PAGE,1041,12,494
1787550267.060,2026-08-24 05:44:27.062,InnoDB,LOCK_SYS_PAGE,1099,12,503
1787550267.060,2026-08-24 05:44:27.062,InnoDB,LOCK_SYS_PAGE,1069,12,546
1787550267.060,2026-08-24 05:44:27.062,InnoDB,LOCK_SYS_PAGE,914,12,441
1787550267.060,2026-08-24 05:44:27.062,InnoDB,LOCK_SYS_PAGE,1120,12,513
1787550267.060,2026-08-24 05:44:27.062,InnoDB,LOCK_SYS_PAGE,1011,12,548
1787550267.060,2026-08-24 05:44:27.062,InnoDB,LOCK_SYS_PAGE,1070,12,540
1787550267.060,2026-08-24 05:44:27.062,InnoDB,LOCK_SYS_PAGE,1017,12,556
1787550267.060,2026-08-24 05:44:27.062,InnoDB,LOCK_SYS_PAGE,1013,12,548
1787550267.060,2026-08-24 05:44:27.062,InnoDB,LOCK_SYS_PAGE,940,12,484
1787550267.060,2026-08-24 05:44:27.062,InnoDB,LOCK_SYS_PAGE,962,12,477
1787550267.060,2026-08-24 05:44:27.062,InnoDB,LOCK_SYS_PAGE,1032,12,545
1787550267.060,2026-08-24 05:44:27.062,InnoDB,LOCK_SYS_PAGE,976,12,484
1787550267.060,2026-08-24 05:44:27.062,InnoDB,LOCK_SYS_PAGE,908,12,501
1787550267.060,2026-08-24 05:44:27.062,InnoDB,LOCK_SYS_PAGE,1052,12,573
1787550267.060,2026-08-24 05:44:27.062,InnoDB,LOCK_SYS_PAGE,1030,12,541
1787550267.060,2026-08-24 05:44:27.062,InnoDB,LOCK_SYS_PAGE,986,12,479
1787550267.060,2026-08-24 05:44:27.062,InnoDB,LOCK_SYS_PAGE,980,12,509
1787550267.060,2026-08-24 05:44:27.062,InnoDB,LOCK_SYS_PAGE,951,12,515
1787550267.060,2026-08-24 05:44:27.062,InnoDB,LOCK_SYS_PAGE,986,12,519
1787550267.060,2026-08-24 05:44:27.062,InnoDB,LOCK_SYS_PAGE,1016,12,506
1787550267.060,2026-08-24 05:44:27.062,InnoDB,LOCK_SYS_PAGE,1065,12,529
1787550267.060,2026-08-24 05:44:27.062,InnoDB,LOCK_SYS_PAGE,1071,12,576
1787550267.060,2026-08-24 05:44:27.062,InnoDB,LOCK_SYS_PAGE,921,11,550
1787550267.060,2026-08-24 05:44:27.062,InnoDB,UNDO_SPACE_RSEG,4304,11,1909
1787550267.060,2026-08-24 05:44:27.062,InnoDB,LOCK_SYS_PAGE,905,11,513
1787550267.060,2026-08-24 05:44:27.062,InnoDB,LOCK_SYS_PAGE,969,11,541
1787550267.060,2026-08-24 05:44:27.062,InnoDB,LOCK_SYS_PAGE,970,11,513
1787550267.060,2026-08-24 05:44:27.062,InnoDB,LOCK_SYS_PAGE,1011,11,539
1787550267.060,2026-08-24 05:44:27.062,InnoDB,LOCK_SYS_PAGE,1002,11,577
1787550267.060,2026-08-24 05:44:27.062,InnoDB,LOCK_SYS_PAGE,907,11,500
1787550267.060,2026-08-24 05:44:27.062,InnoDB,LOCK_SYS_PAGE,923,11,516
1787550267.060,2026-08-24 05:44:27.062,InnoDB,LOCK_SYS_PAGE,1025,11,569
1787550267.060,2026-08-24 05:44:27.062,InnoDB,LOCK_SYS_PAGE,1008,11,509
1787550267.060,2026-08-24 05:44:27.062,InnoDB,LOCK_SYS_PAGE,940,11,520
1787550267.060,2026-08-24 05:44:27.062,InnoDB,LOCK_SYS_PAGE,986,11,497
1787550267.060,2026-08-24 05:44:27.062,InnoDB,LOCK_SYS_PAGE,959,11,524
1787550267.060,2026-08-24 05:44:27.062,InnoDB,LOCK_SYS_PAGE,1136,10,621
1787550267.060,2026-08-24 05:44:27.062,InnoDB,LOCK_SYS_PAGE,948,10,550
1787550267.060,2026-08-24 05:44:27.062,InnoDB,LOCK_SYS_PAGE,1020,10,535
1787550267.060,2026-08-24 05:44:27.062,InnoDB,DICT_TABLE_STATS_COMPUTE,300,10,4
1787550267.060,2026-08-24 05:44:27.062,InnoDB,LOCK_SYS_PAGE,971,10,561
1787550267.060,2026-08-24 05:44:27.062,InnoDB,LOCK_SYS_PAGE,975,10,540
1787550267.060,2026-08-24 05:44:27.062,InnoDB,LOCK_SYS_PAGE,1005,10,547
1787550267.060,2026-08-24 05:44:27.062,InnoDB,LOCK_SYS_PAGE,965,10,559
1787550267.060,2026-08-24 05:44:27.062,InnoDB,LOCK_SYS_PAGE,1040,10,589
1787550267.060,2026-08-24 05:44:27.062,InnoDB,LOCK_SYS_PAGE,922,10,524
1787550267.060,2026-08-24 05:44:27.062,InnoDB,LOCK_SYS_PAGE,1088,10,590
1787550267.060,2026-08-24 05:44:27.062,InnoDB,LOCK_SYS_PAGE,1046,10,611
1787550267.060,2026-08-24 05:44:27.062,InnoDB,LOCK_SYS_PAGE,921,9,522
1787550267.060,2026-08-24 05:44:27.062,InnoDB,LOCK_SYS_PAGE,962,9,542
1787550267.060,2026-08-24 05:44:27.062,InnoDB,LOCK_SYS_PAGE,889,9,479
1787550267.060,2026-08-24 05:44:27.062,InnoDB,LOCK_SYS_PAGE,1006,9,526
1787550267.060,2026-08-24 05:44:27.062,InnoDB,LOCK_SYS_PAGE,962,9,547
1787550267.060,2026-08-24 05:44:27.062,InnoDB,LOCK_SYS_PAGE,802,8,497
1787550267.060,2026-08-24 05:44:27.062,InnoDB,LOCK_SYS_PAGE,930,8,556
1787550267.060,2026-08-24 05:44:27.062,InnoDB,LOCK_SYS_PAGE,831,8,521
1787550267.060,2026-08-24 05:44:27.062,InnoDB,LOCK_SYS_PAGE,834,8,528
1787550267.060,2026-08-24 05:44:27.062,InnoDB,LOCK_SYS_PAGE,892,7,584
1787550267.060,2026-08-24 05:44:27.062,InnoDB,LOCK_SYS_PAGE,851,7,528
1787550267.060,2026-08-24 05:44:27.062,InnoDB,LOCK_SYS_WAIT,234,7,9
1787550267.060,2026-08-24 05:44:27.062,InnoDB,PARSER,242,6,6
1787550267.060,2026-08-24 05:44:27.062,InnoDB,FIL_SHARD,203,4,71
1787550267.060,2026-08-24 05:44:27.062,InnoDB,FIL_SHARD,156,3,73
1787550267.060,2026-08-24 05:44:27.062,InnoDB,FIL_SHARD,246,3,177
1787550267.060,2026-08-24 05:44:27.062,InnoDB,FIL_SHARD,100,2,24
1787550267.060,2026-08-24 05:44:27.062,InnoDB,FIL_SHARD,90,2,36
1787550267.060,2026-08-24 05:44:27.062,InnoDB,FIL_SHARD,132,2,93
1787550267.060,2026-08-24 05:44:27.062,InnoDB,FIL_SHARD,87,2,33
1787550267.060,2026-08-24 05:44:27.062,InnoDB,FIL_SHARD,119,2,58
1787550267.060,2026-08-24 05:44:27.062,InnoDB,FIL_SHARD,178,2,134
1787550267.060,2026-08-24 05:44:27.062,InnoDB,FIL_SHARD,136,2,49
1787550267.060,2026-08-24 05:44:27.062,InnoDB,FIL_SHARD,107,1,107
1787550267.060,2026-08-24 05:44:27.062,InnoDB,FIL_SHARD,49,1,29
1787550267.060,2026-08-24 05:44:27.062,InnoDB,TRX_SYS_SHARD,35,1,2
1787550267.060,2026-08-24 05:44:27.062,InnoDB,TRX_SYS_SHARD,30,1,1
1787550267.060,2026-08-24 05:44:27.062,InnoDB,TRX_SYS_SHARD,34,1,1
1787550267.060,2026-08-24 05:44:27.062,InnoDB,TRX_SYS_SHARD,34,1,1
1787550267.060,2026-08-24 05:44:27.062,InnoDB,FIL_SHARD,82,1,78
1787550267.060,2026-08-24 05:44:27.062,InnoDB,FIL_SHARD,98,1,84
1787550267.060,2026-08-24 05:44:27.062,InnoDB,TRX_SYS_SHARD,30,1,1
1787550267.060,2026-08-24 05:44:27.062,InnoDB,FIL_SHARD,65,1,51
1787550267.060,2026-08-24 05:44:27.062,InnoDB,FIL_SHARD,119,1,72
1787550267.060,2026-08-24 05:44:27.062,InnoDB,TRX_SYS_SHARD,30,1,1
1787550267.060,2026-08-24 05:44:27.062,InnoDB,FIL_SHARD,112,1,82
1787550267.060,2026-08-24 05:44:27.062,InnoDB,TRX_SYS_SHARD,34,1,1
1787550267.060,2026-08-24 05:44:27.062,InnoDB,TRX_SYS_SHARD,34,1,1
1787550267.060,2026-08-24 05:44:27.062,InnoDB,TRX_SYS_SHARD,2,0,1
1787550267.060,2026-08-24 05:44:27.062,InnoDB,TRX_SYS_SHARD,2,0,2
1787550267.060,2026-08-24 05:44:27.062,InnoDB,TRX_SYS_SHARD,1,0,1
1787550267.060,2026-08-24 05:44:27.062,InnoDB,TRX_SYS_SHARD,2,0,1
1787550267.060,2026-08-24 05:44:27.062,InnoDB,TRX_SYS_SHARD,1,0,1
1787550267.060,2026-08-24 05:44:27.062,InnoDB,TRX_SYS_SHARD,2,0,2
1787550267.060,2026-08-24 05:44:27.062,InnoDB,TRX_SYS_SHARD,1,0,1
1787550267.060,2026-08-24 05:44:27.062,InnoDB,TRX_SYS_SHARD,1,0,1
1787550267.060,2026-08-24 05:44:27.062,InnoDB,TRX_SYS_SHARD,1,0,1
1787550267.060,2026-08-24 05:44:27.062,InnoDB,TRX_SYS_SHARD,1,0,1
1787550267.060,2026-08-24 05:44:27.062,InnoDB,TRX_SYS_SHARD,1,0,1
1787550267.060,2026-08-24 05:44:27.062,InnoDB,TRX_SYS_SHARD,1,0,1
1787550267.060,2026-08-24 05:44:27.062,InnoDB,TRX_SYS_SHARD,1,0,1
1787550267.060,2026-08-24 05:44:27.062,InnoDB,TRX_SYS_SHARD,2,0,1
1787550267.060,2026-08-24 05:44:27.062,InnoDB,TRX_SYS_SHARD,2,0,1
1787550267.060,2026-08-24 05:44:27.062,InnoDB,TRX_SYS_SHARD,20,0,1
1787550267.060,2026-08-24 05:44:27.062,InnoDB,TRX_SYS_SHARD,1,0,1
1787550267.060,2026-08-24 05:44:27.062,InnoDB,TRX_SYS_SHARD,1,0,1
1787550267.060,2026-08-24 05:44:27.062,InnoDB,TRX_SYS_SHARD,2,0,1
1787550267.060,2026-08-24 05:44:27.062,InnoDB,TRX_SYS_SHARD,4,0,2
1787550267.060,2026-08-24 05:44:27.062,InnoDB,TRX_SYS_SHARD,2,0,2
1787550267.060,2026-08-24 05:44:27.062,InnoDB,TRX_SYS_SHARD,2,0,2
1787550267.060,2026-08-24 05:44:27.062,InnoDB,TRX_SYS_SHARD,1,0,1
1787550267.060,2026-08-24 05:44:27.062,InnoDB,TRX_SYS_SHARD,1,0,1
1787550267.060,2026-08-24 05:44:27.062,InnoDB,TRX_SYS_SHARD,1,0,1
1787550267.060,2026-08-24 05:44:27.062,InnoDB,AUTOINC,6,0,2
1787550267.060,2026-08-24 05:44:27.062,InnoDB,TRX_SYS_SHARD,1,0,1
1787550267.060,2026-08-24 05:44:27.062,InnoDB,TRX_SYS_SHARD,1,0,1
1787550267.060,2026-08-24 05:44:27.062,InnoDB,FIL_SHARD,349,0,405
1787550267.060,2026-08-24 05:44:27.062,InnoDB,TRX_SYS_SHARD,1,0,1
1787550267.060,2026-08-24 05:44:27.062,InnoDB,TRX_SYS_SHARD,1,0,1
1787550267.060,2026-08-24 05:44:27.062,InnoDB,TRX_SYS_SHARD,1,0,1
1787550267.060,2026-08-24 05:44:27.062,InnoDB,TRX_SYS_SHARD,1,0,1
1787550267.060,2026-08-24 05:44:27.062,InnoDB,TRX_SYS_SHARD,1,0,2
1787550267.060,2026-08-24 05:44:27.062,InnoDB,TRX_SYS_SHARD,2,0,1
1787550267.060,2026-08-24 05:44:27.062,InnoDB,TRX_SYS_SHARD,1,0,1
1787550267.060,2026-08-24 05:44:27.062,InnoDB,TRX_SYS_SHARD,2,0,2
1787550267.060,2026-08-24 05:44:27.062,InnoDB,TRX_SYS_SHARD,3,0,2
1787550267.060,2026-08-24 05:44:27.062,InnoDB,TRX_SYS_SHARD,5,0,2
1787550267.060,2026-08-24 05:44:27.062,InnoDB,TRX_SYS_SHARD,1,0,1
1787550267.060,2026-08-24 05:44:27.062,InnoDB,TRX_SYS_SHARD,1,0,1
1787550267.060,2026-08-24 05:44:27.062,InnoDB,TRX_SYS_SHARD,1,0,1
1787550267.060,2026-08-24 05:44:27.062,InnoDB,TRX_SYS_SHARD,1,0,1
1787550267.060,2026-08-24 05:44:27.062,InnoDB,TRX_SYS_SHARD,1,0,1
1787550267.060,2026-08-24 05:44:27.062,InnoDB,TRX_SYS_SHARD,2,0,1
1787550267.060,2026-08-24 05:44:27.062,InnoDB,TRX_SYS_SHARD,1,0,1
1787550267.060,2026-08-24 05:44:27.062,InnoDB,TRX_SYS_SHARD,5,0,3
1787550267.060,2026-08-24 05:44:27.062,InnoDB,TRX_SYS_SHARD,1,0,1
1787550267.060,2026-08-24 05:44:27.062,InnoDB,TRX_SYS_SHARD,1,0,1
1787550267.060,2026-08-24 05:44:27.062,InnoDB,TRX_SYS_SHARD,2,0,1
1787550267.060,2026-08-24 05:44:27.062,InnoDB,TRX_SYS_SHARD,2,0,2
1787550267.060,2026-08-24 05:44:27.062,InnoDB,DICT_TABLE,1,0,1
1787550267.060,2026-08-24 05:44:27.062,InnoDB,TRX_SYS_SHARD,1,0,1
1787550267.060,2026-08-24 05:44:27.062,InnoDB,TRX_SYS_SHARD,1,0,1
1787550267.060,2026-08-24 05:44:27.062,InnoDB,TRX_SYS_SHARD,2,0,1
1787550267.060,2026-08-24 05:44:27.062,InnoDB,TRX_SYS_SHARD,1,0,1
1787550267.060,2026-08-24 05:44:27.062,InnoDB,TRX_SYS_SHARD,1,0,1
1787550267.060,2026-08-24 05:44:27.062,InnoDB,TRX_SYS_SHARD,1,0,1
1787550267.060,2026-08-24 05:44:27.062,InnoDB,TRX_SYS_SHARD,2,0,1
1787550267.060,2026-08-24 05:44:27.062,InnoDB,TRX_SYS_SHARD,1,0,1
1787550267.060,2026-08-24 05:44:27.062,InnoDB,FIL_SHARD,115,0,150
1787550267.060,2026-08-24 05:44:27.062,InnoDB,FIL_SHARD,12,0,19
1787550267.060,2026-08-24 05:44:27.062,InnoDB,FIL_SHARD,22,0,40
1787550267.060,2026-08-24 05:44:27.062,InnoDB,FIL_SHARD,22,0,34
1787550267.060,2026-08-24 05:44:27.062,InnoDB,FIL_SHARD,68,0,85
1787550267.060,2026-08-24 05:44:27.062,InnoDB,FIL_SHARD,32,0,59
1787550267.060,2026-08-24 05:44:27.062,InnoDB,FIL_SHARD,29,0,42
1787550267.060,2026-08-24 05:44:27.062,InnoDB,FIL_SHARD,32,0,48
1787550267.060,2026-08-24 05:44:27.062,InnoDB,FIL_SHARD,41,0,64
1787550267.060,2026-08-24 05:44:27.062,InnoDB,LOG_LIMITS,217,0,150
1787550267.060,2026-08-24 05:44:27.062,InnoDB,FIL_SHARD,79,0,95
1787550267.060,2026-08-24 05:44:27.062,InnoDB,PERSIST_AUTOINC,5,0,1
1787550267.060,2026-08-24 05:44:27.062,InnoDB,FIL_SHARD,64,0,81
1787550267.060,2026-08-24 05:44:27.062,InnoDB,RECALC_POOL,11,0,10
1787550267.060,2026-08-24 05:44:27.062,InnoDB,RW_LOCK_LIST,1,0,1
1787550267.060,2026-08-24 05:44:27.062,InnoDB,TRX_POOL_MANAGER,6,0,3
1787550267.060,2026-08-24 05:44:27.062,InnoDB,TRX,3,0,1
1787550267.060,2026-08-24 05:44:27.062,InnoDB,FIL_SHARD,33,0,49
1787550267.060,2026-08-24 05:44:27.062,InnoDB,FIL_SHARD,75,0,54
1787550267.060,2026-08-24 05:44:27.062,InnoDB,FIL_SHARD,28,0,45
1787550267.060,2026-08-24 05:44:27.062,InnoDB,FIL_SHARD,11,0,18
1787550267.060,2026-08-24 05:44:27.062,InnoDB,FIL_SHARD,20,0,26
1787550267.060,2026-08-24 05:44:27.062,InnoDB,FIL_SHARD,46,0,64
1787550267.060,2026-08-24 05:44:27.062,InnoDB,FIL_SHARD,26,0,41
1787550267.060,2026-08-24 05:44:27.062,InnoDB,FIL_SHARD,20,0,32
1787550267.060,2026-08-24 05:44:27.062,InnoDB,FIL_SHARD,34,0,33
1787550267.060,2026-08-24 05:44:27.062,InnoDB,TRX,1,0,1
1787550267.060,2026-08-24 05:44:27.062,InnoDB,FIL_SHARD,20,0,25
1787550267.060,2026-08-24 05:44:27.062,InnoDB,FIL_SHARD,27,0,55
1787550267.060,2026-08-24 05:44:27.062,InnoDB,FIL_SHARD,29,0,27
1787550267.060,2026-08-24 05:44:27.062,InnoDB,FIL_SHARD,37,0,50
1787550267.060,2026-08-24 05:44:27.062,InnoDB,FIL_SHARD,40,0,42
1787550267.060,2026-08-24 05:44:27.062,InnoDB,FIL_SHARD,48,0,85
1787550267.060,2026-08-24 05:44:27.062,InnoDB,FIL_SHARD,44,0,36
1787550267.060,2026-08-24 05:44:27.062,InnoDB,TRX_SYS_SHARD,12,0,3
1787550267.060,2026-08-24 05:44:27.062,InnoDB,TRX_SYS_SHARD,14,0,1
1787550267.060,2026-08-24 05:44:27.062,InnoDB,TRX_SYS_SHARD,1,0,1
1787550267.060,2026-08-24 05:44:27.062,InnoDB,TRX_SYS_SHARD,3,0,3
1787550267.060,2026-08-24 05:44:27.062,InnoDB,TRX_SYS_SHARD,2,0,2
1787550267.060,2026-08-24 05:44:27.062,InnoDB,TRX_SYS_SHARD,1,0,1
1787550267.060,2026-08-24 05:44:27.062,InnoDB,TRX_SYS_SHARD,1,0,1
1787550267.060,2026-08-24 05:44:27.062,InnoDB,TRX_SYS_SHARD,1,0,1
1787550267.060,2026-08-24 05:44:27.062,InnoDB,TRX_SYS_SHARD,22,0,1
1787550267.060,2026-08-24 05:44:27.062,InnoDB,TRX_SYS_SHARD,1,0,1
1787550267.060,2026-08-24 05:44:27.062,InnoDB,TRX_SYS_SHARD,1,0,1
1787550267.060,2026-08-24 05:44:27.062,InnoDB,TRX_SYS_SHARD,1,0,1
1787550267.060,2026-08-24 05:44:27.062,InnoDB,TRX_SYS_SHARD,26,0,1
1787550267.060,2026-08-24 05:44:27.062,InnoDB,TRX_SYS_SHARD,1,0,1
1787550267.060,2026-08-24 05:44:27.062,InnoDB,TRX_SYS_SHARD,1,0,1
1787550267.060,2026-08-24 05:44:27.062,InnoDB,TRX_SYS_SHARD,2,0,2
1787550267.060,2026-08-24 05:44:27.062,InnoDB,TRX_SYS_SHARD,1,0,1
1787550267.060,2026-08-24 05:44:27.062,InnoDB,TRX_SYS_SHARD,1,0,1
1787550267.060,2026-08-24 05:44:27.062,InnoDB,FIL_SHARD,147,0,166
1787550267.060,2026-08-24 05:44:27.062,InnoDB,TRX_SYS_SHARD,2,0,2
1787550267.060,2026-08-24 05:44:27.062,InnoDB,TRX_SYS_SHARD,1,0,1
1787550267.060,2026-08-24 05:44:27.062,InnoDB,TRX_SYS_SHARD,2,0,1
1787550267.060,2026-08-24 05:44:27.062,InnoDB,TRX_SYS_SHARD,1,0,1
1787550267.060,2026-08-24 05:44:27.062,InnoDB,TRX_SYS_SHARD,1,0,1
1787550267.060,2026-08-24 05:44:27.062,InnoDB,TRX_SYS_SHARD,1,0,1
1787550267.060,2026-08-24 05:44:27.062,InnoDB,TRX_SYS_SHARD,1,0,2
1787550267.060,2026-08-24 05:44:27.062,InnoDB,TRX_SYS_SHARD,1,0,1
1787550267.060,2026-08-24 05:44:27.062,InnoDB,TRX_SYS_SHARD,2,0,1
1787550267.060,2026-08-24 05:44:27.062,InnoDB,TRX_SYS_SHARD,1,0,1
1787550267.060,2026-08-24 05:44:27.062,InnoDB,TRX_SYS_SHARD,1,0,1
1787550267.060,2026-08-24 05:44:27.062,InnoDB,TRX_SYS_SHARD,2,0,1
1787550267.060,2026-08-24 05:44:27.062,InnoDB,TRX_SYS_SHARD,1,0,1
1787550267.060,2026-08-24 05:44:27.062,InnoDB,TRX_SYS_SHARD,1,0,1
1787550267.060,2026-08-24 05:44:27.062,InnoDB,TRX_SYS_SHARD,1,0,1
1787550267.060,2026-08-24 05:44:27.062,InnoDB,rwlock: dict0dict.cc:2631,,16747,
1787550267.060,2026-08-24 05:44:27.062,InnoDB,rwlock: dict0dict.cc:2631,,17413,
1787550267.060,2026-08-24 05:44:27.062,InnoDB,rwlock: dict0dict.cc:2631,,17041,
1787550267.060,2026-08-24 05:44:27.062,InnoDB,rwlock: dict0dict.cc:2631,,16816,
1787550267.060,2026-08-24 05:44:27.062,InnoDB,rwlock: dict0dict.cc:2631,,16969,
1787550267.060,2026-08-24 05:44:27.062,InnoDB,rwlock: dict0dict.cc:2631,,17046,
1787550267.060,2026-08-24 05:44:27.062,InnoDB,rwlock: dict0dict.cc:2631,,16517,
1787550267.060,2026-08-24 05:44:27.062,InnoDB,rwlock: dict0dict.cc:2631,,17007,
1787550267.060,2026-08-24 05:44:27.062,InnoDB,rwlock: dict0dict.cc:2631,,16890,
1787550267.060,2026-08-24 05:44:27.062,InnoDB,rwlock: dict0dict.cc:2631,,16630,
1787550267.060,2026-08-24 05:44:27.062,InnoDB,rwlock: dict0dict.cc:2631,,16912,
1787550267.060,2026-08-24 05:44:27.062,InnoDB,rwlock: dict0dict.cc:2631,,17053,
1787550267.060,2026-08-24 05:44:27.062,InnoDB,rwlock: dict0dict.cc:2631,,16702,
1787550267.060,2026-08-24 05:44:27.062,InnoDB,rwlock: dict0dict.cc:2631,,17011,
1787550267.060,2026-08-24 05:44:27.062,InnoDB,rwlock: dict0dict.cc:2631,,16820,
1787550267.060,2026-08-24 05:44:27.062,InnoDB,rwlock: dict0dict.cc:2631,,16183,
1787550267.060,2026-08-24 05:44:27.062,InnoDB,rwlock: dict0dict.cc:2631,,16726,
1787550267.060,2026-08-24 05:44:27.062,InnoDB,rwlock: dict0dict.cc:2631,,16503,
1787550267.060,2026-08-24 05:44:27.062,InnoDB,rwlock: dict0dict.cc:2631,,16348,
1787550267.060,2026-08-24 05:44:27.062,InnoDB,rwlock: dict0dict.cc:2631,,15355,
1787550267.060,2026-08-24 05:44:27.062,InnoDB,rwlock: dict0dict.cc:2631,,1,
1787550267.060,2026-08-24 05:44:27.062,InnoDB,rwlock: fil0fil.cc:10242,,1,
1787550267.060,2026-08-24 05:44:27.062,InnoDB,rwlock: dict0dict.cc:2631,,2,
1787550267.060,2026-08-24 05:44:27.062,InnoDB,rwlock: dict0dict.cc:2631,,1,
1787550267.060,2026-08-24 05:44:27.062,InnoDB,rwlock: dict0dict.cc:2631,,2,
1787550267.060,2026-08-24 05:44:27.062,InnoDB,rwlock: dict0dict.cc:2631,,1,
1787550267.060,2026-08-24 05:44:27.062,InnoDB,rwlock: dict0dict.cc:2631,,2,
1787550267.060,2026-08-24 05:44:27.062,InnoDB,rwlock: dict0dict.cc:2631,,1,
1787550267.060,2026-08-24 05:44:27.062,InnoDB,rwlock: dict0dict.cc:2631,,2,
1787550267.060,2026-08-24 05:44:27.062,InnoDB,rwlock: dict0dict.cc:2631,,1,
1787550267.060,2026-08-24 05:44:27.062,InnoDB,rwlock: dict0dict.cc:2631,,1,
1787550267.060,2026-08-24 05:44:27.062,InnoDB,rwlock: dict0dict.cc:2631,,2,
1787550267.060,2026-08-24 05:44:27.062,InnoDB,rwlock: dict0dict.cc:2631,,1,
1787550267.060,2026-08-24 05:44:27.062,InnoDB,rwlock: fil0fil.cc:10242,,1,
1787550267.060,2026-08-24 05:44:27.062,InnoDB,rwlock: dict0dict.cc:2631,,1,
1787550267.060,2026-08-24 05:44:27.062,InnoDB,rwlock: dict0dict.cc:2631,,1,
1787550267.060,2026-08-24 05:44:27.062,InnoDB,rwlock: dict0dict.cc:2631,,1,
1787550267.060,2026-08-24 05:44:27.062,InnoDB,rwlock: trx0purge.cc:232,,15,
1787550267.060,2026-08-24 05:44:27.062,InnoDB,rwlock: fil0fil.cc:10242,,5180,
1787550267.060,2026-08-24 05:44:27.062,InnoDB,rwlock: fil0fil.cc:10242,,4950,
1787550267.060,2026-08-24 05:44:27.062,InnoDB,rwlock: dict0dict.cc:1180,,10,
1787550267.060,2026-08-24 05:44:27.062,InnoDB,rwlock: hash0hash.cc:117,,999,
1787550267.060,2026-08-24 05:44:27.062,InnoDB,rwlock: hash0hash.cc:117,,1146,
1787550267.060,2026-08-24 05:44:27.062,InnoDB,rwlock: hash0hash.cc:117,,617,
1787550267.060,2026-08-24 05:44:27.062,InnoDB,rwlock: hash0hash.cc:117,,706,
1787550267.060,2026-08-24 05:44:27.062,InnoDB,rwlock: hash0hash.cc:117,,4351,
1787550267.060,2026-08-24 05:44:27.062,InnoDB,rwlock: hash0hash.cc:117,,757,
1787550267.060,2026-08-24 05:44:27.062,InnoDB,rwlock: hash0hash.cc:117,,1356,
1787550267.060,2026-08-24 05:44:27.062,InnoDB,rwlock: hash0hash.cc:117,,791,
1787550267.060,2026-08-24 05:44:27.062,InnoDB,rwlock: hash0hash.cc:117,,754,
1787550267.060,2026-08-24 05:44:27.062,InnoDB,rwlock: hash0hash.cc:117,,850,
1787550267.060,2026-08-24 05:44:27.062,InnoDB,rwlock: hash0hash.cc:117,,803,
1787550267.060,2026-08-24 05:44:27.062,InnoDB,rwlock: hash0hash.cc:117,,804,
1787550267.060,2026-08-24 05:44:27.062,InnoDB,rwlock: hash0hash.cc:117,,937,
1787550267.060,2026-08-24 05:44:27.062,InnoDB,rwlock: hash0hash.cc:117,,885,
1787550267.060,2026-08-24 05:44:27.062,InnoDB,rwlock: hash0hash.cc:117,,818,
1787550267.060,2026-08-24 05:44:27.062,InnoDB,rwlock: hash0hash.cc:117,,2372,
1787550267.060,2026-08-24 05:44:27.062,InnoDB,rwlock: hash0hash.cc:117,,957,
1787550267.060,2026-08-24 05:44:27.062,InnoDB,rwlock: hash0hash.cc:117,,949,
1787550267.060,2026-08-24 05:44:27.062,InnoDB,rwlock: hash0hash.cc:117,,1064,
1787550267.060,2026-08-24 05:44:27.062,InnoDB,rwlock: hash0hash.cc:117,,585,
1787550267.060,2026-08-24 05:44:27.062,InnoDB,rwlock: hash0hash.cc:117,,614,
1787550267.060,2026-08-24 05:44:27.062,InnoDB,rwlock: hash0hash.cc:117,,2030,
1787550267.060,2026-08-24 05:44:27.062,InnoDB,rwlock: hash0hash.cc:117,,1981,
1787550267.060,2026-08-24 05:44:27.062,InnoDB,rwlock: hash0hash.cc:117,,458,
1787550267.060,2026-08-24 05:44:27.062,InnoDB,rwlock: hash0hash.cc:117,,519,
1787550267.060,2026-08-24 05:44:27.062,InnoDB,rwlock: hash0hash.cc:117,,641,
1787550267.060,2026-08-24 05:44:27.062,InnoDB,rwlock: hash0hash.cc:117,,414,
1787550267.060,2026-08-24 05:44:27.062,InnoDB,rwlock: hash0hash.cc:117,,484,
1787550267.060,2026-08-24 05:44:27.062,InnoDB,rwlock: hash0hash.cc:117,,500,
1787550267.060,2026-08-24 05:44:27.062,InnoDB,rwlock: hash0hash.cc:117,,792,
1787550267.060,2026-08-24 05:44:27.062,InnoDB,rwlock: hash0hash.cc:117,,482,
1787550267.060,2026-08-24 05:44:27.062,InnoDB,rwlock: hash0hash.cc:117,,655,
1787550267.060,2026-08-24 05:44:27.062,InnoDB,rwlock: hash0hash.cc:117,,720,
1787550267.060,2026-08-24 05:44:27.062,InnoDB,rwlock: hash0hash.cc:117,,636,
1787550267.060,2026-08-24 05:44:27.062,InnoDB,rwlock: hash0hash.cc:117,,499,
1787550267.060,2026-08-24 05:44:27.062,InnoDB,rwlock: hash0hash.cc:117,,698,
1787550267.060,2026-08-24 05:44:27.062,InnoDB,rwlock: hash0hash.cc:117,,1261,
1787550267.060,2026-08-24 05:44:27.062,InnoDB,rwlock: hash0hash.cc:117,,576,
1787550267.060,2026-08-24 05:44:27.062,InnoDB,rwlock: hash0hash.cc:117,,2923,
1787550267.060,2026-08-24 05:44:27.062,InnoDB,rwlock: hash0hash.cc:117,,449,
1787550267.060,2026-08-24 05:44:27.062,InnoDB,rwlock: hash0hash.cc:117,,461,
1787550267.060,2026-08-24 05:44:27.062,InnoDB,rwlock: hash0hash.cc:117,,503,
1787550267.060,2026-08-24 05:44:27.062,InnoDB,rwlock: hash0hash.cc:117,,433,
1787550267.060,2026-08-24 05:44:27.062,InnoDB,rwlock: hash0hash.cc:117,,483,
1787550267.060,2026-08-24 05:44:27.062,InnoDB,rwlock: hash0hash.cc:117,,556,
1787550267.060,2026-08-24 05:44:27.062,InnoDB,rwlock: hash0hash.cc:117,,1737,
1787550267.060,2026-08-24 05:44:27.062,InnoDB,rwlock: hash0hash.cc:117,,565,
1787550267.060,2026-08-24 05:44:27.062,InnoDB,rwlock: hash0hash.cc:117,,1141,
1787550267.060,2026-08-24 05:44:27.062,InnoDB,rwlock: hash0hash.cc:117,,658,
1787550267.060,2026-08-24 05:44:27.062,InnoDB,rwlock: hash0hash.cc:117,,705,
1787550267.060,2026-08-24 05:44:27.062,InnoDB,rwlock: hash0hash.cc:117,,619,
1787550267.060,2026-08-24 05:44:27.062,InnoDB,rwlock: hash0hash.cc:117,,748,
1787550267.060,2026-08-24 05:44:27.062,InnoDB,rwlock: hash0hash.cc:117,,625,
1787550267.060,2026-08-24 05:44:27.062,InnoDB,rwlock: hash0hash.cc:117,,994,
1787550267.060,2026-08-24 05:44:27.062,InnoDB,rwlock: hash0hash.cc:117,,1165,
1787550267.060,2026-08-24 05:44:27.062,InnoDB,rwlock: hash0hash.cc:117,,481,
1787550267.060,2026-08-24 05:44:27.062,InnoDB,rwlock: hash0hash.cc:117,,739,
1787550267.060,2026-08-24 05:44:27.062,InnoDB,rwlock: hash0hash.cc:117,,546,
1787550267.060,2026-08-24 05:44:27.062,InnoDB,rwlock: hash0hash.cc:117,,805,
1787550267.060,2026-08-24 05:44:27.062,InnoDB,rwlock: hash0hash.cc:117,,920,
1787550267.060,2026-08-24 05:44:27.062,InnoDB,rwlock: hash0hash.cc:117,,1603,
1787550267.060,2026-08-24 05:44:27.062,InnoDB,rwlock: hash0hash.cc:117,,619,
1787550267.060,2026-08-24 05:44:27.062,InnoDB,rwlock: hash0hash.cc:117,,2189,
1787550267.060,2026-08-24 05:44:27.062,InnoDB,rwlock: hash0hash.cc:117,,1763,
1787550267.060,2026-08-24 05:44:27.062,InnoDB,rwlock: hash0hash.cc:117,,1111,
1787550267.060,2026-08-24 05:44:27.062,InnoDB,rwlock: hash0hash.cc:117,,2634,
1787550267.060,2026-08-24 05:44:27.062,InnoDB,rwlock: hash0hash.cc:117,,922,
1787550267.060,2026-08-24 05:44:27.062,InnoDB,rwlock: hash0hash.cc:117,,1008,
1787550267.060,2026-08-24 05:44:27.062,InnoDB,rwlock: hash0hash.cc:117,,785,
1787550267.060,2026-08-24 05:44:27.062,InnoDB,rwlock: hash0hash.cc:117,,944,
1787550267.060,2026-08-24 05:44:27.062,InnoDB,rwlock: hash0hash.cc:117,,685,
1787550267.060,2026-08-24 05:44:27.062,InnoDB,rwlock: hash0hash.cc:117,,2393,
1787550267.060,2026-08-24 05:44:27.062,InnoDB,rwlock: hash0hash.cc:117,,868,
1787550267.060,2026-08-24 05:44:27.062,InnoDB,rwlock: hash0hash.cc:117,,1454,
1787550267.060,2026-08-24 05:44:27.062,InnoDB,rwlock: hash0hash.cc:117,,661,
1787550267.060,2026-08-24 05:44:27.062,InnoDB,rwlock: hash0hash.cc:117,,1055,
1787550267.060,2026-08-24 05:44:27.062,InnoDB,rwlock: hash0hash.cc:117,,2419,
1787550267.060,2026-08-24 05:44:27.062,InnoDB,rwlock: hash0hash.cc:117,,900,
1787550267.060,2026-08-24 05:44:27.062,InnoDB,rwlock: hash0hash.cc:117,,1047,
1787550267.060,2026-08-24 05:44:27.062,InnoDB,rwlock: hash0hash.cc:117,,897,
1787550267.060,2026-08-24 05:44:27.062,InnoDB,rwlock: hash0hash.cc:117,,720,
1787550267.060,2026-08-24 05:44:27.062,InnoDB,rwlock: hash0hash.cc:117,,524,
1787550267.060,2026-08-24 05:44:27.062,InnoDB,rwlock: hash0hash.cc:117,,782,
1787550267.060,2026-08-24 05:44:27.062,InnoDB,rwlock: hash0hash.cc:117,,588,
1787550267.060,2026-08-24 05:44:27.062,InnoDB,rwlock: hash0hash.cc:117,,584,
1787550267.060,2026-08-24 05:44:27.062,InnoDB,rwlock: hash0hash.cc:117,,680,
1787550267.060,2026-08-24 05:44:27.062,InnoDB,rwlock: hash0hash.cc:117,,866,
1787550267.060,2026-08-24 05:44:27.062,InnoDB,rwlock: hash0hash.cc:117,,517,
1787550267.060,2026-08-24 05:44:27.062,InnoDB,rwlock: hash0hash.cc:117,,1909,
1787550267.060,2026-08-24 05:44:27.062,InnoDB,rwlock: hash0hash.cc:117,,668,
1787550267.060,2026-08-24 05:44:27.062,InnoDB,rwlock: hash0hash.cc:117,,613,
1787550267.060,2026-08-24 05:44:27.062,InnoDB,rwlock: hash0hash.cc:117,,1774,
1787550267.060,2026-08-24 05:44:27.062,InnoDB,rwlock: hash0hash.cc:117,,675,
1787550267.060,2026-08-24 05:44:27.062,InnoDB,rwlock: hash0hash.cc:117,,423,
1787550267.060,2026-08-24 05:44:27.062,InnoDB,rwlock: hash0hash.cc:117,,540,
1787550267.060,2026-08-24 05:44:27.062,InnoDB,rwlock: hash0hash.cc:117,,651,
1787550267.060,2026-08-24 05:44:27.062,InnoDB,rwlock: hash0hash.cc:117,,575,
1787550267.060,2026-08-24 05:44:27.062,InnoDB,rwlock: hash0hash.cc:117,,1046,
1787550267.060,2026-08-24 05:44:27.062,InnoDB,rwlock: hash0hash.cc:117,,593,
1787550267.060,2026-08-24 05:44:27.062,InnoDB,rwlock: hash0hash.cc:117,,482,
1787550267.060,2026-08-24 05:44:27.062,InnoDB,rwlock: hash0hash.cc:117,,537,
1787550267.060,2026-08-24 05:44:27.062,InnoDB,rwlock: hash0hash.cc:117,,2433,
1787550267.060,2026-08-24 05:44:27.062,InnoDB,rwlock: hash0hash.cc:117,,744,
1787550267.060,2026-08-24 05:44:27.062,InnoDB,rwlock: hash0hash.cc:117,,745,
1787550267.060,2026-08-24 05:44:27.062,InnoDB,rwlock: hash0hash.cc:117,,1119,
1787550267.060,2026-08-24 05:44:27.062,InnoDB,rwlock: hash0hash.cc:117,,1003,
1787550267.060,2026-08-24 05:44:27.062,InnoDB,rwlock: hash0hash.cc:117,,688,
1787550267.060,2026-08-24 05:44:27.062,InnoDB,rwlock: hash0hash.cc:117,,645,
1787550267.060,2026-08-24 05:44:27.062,InnoDB,rwlock: hash0hash.cc:117,,545,
1787550267.060,2026-08-24 05:44:27.062,InnoDB,rwlock: hash0hash.cc:117,,727,
1787550267.060,2026-08-24 05:44:27.062,InnoDB,rwlock: hash0hash.cc:117,,1797,
1787550267.060,2026-08-24 05:44:27.062,InnoDB,rwlock: hash0hash.cc:117,,939,
1787550267.060,2026-08-24 05:44:27.062,InnoDB,rwlock: hash0hash.cc:117,,597,
1787550267.060,2026-08-24 05:44:27.062,InnoDB,rwlock: hash0hash.cc:117,,676,
1787550267.060,2026-08-24 05:44:27.062,InnoDB,rwlock: hash0hash.cc:117,,628,
1787550267.060,2026-08-24 05:44:27.062,InnoDB,rwlock: hash0hash.cc:117,,657,
1787550267.060,2026-08-24 05:44:27.062,InnoDB,rwlock: hash0hash.cc:117,,431,
1787550267.060,2026-08-24 05:44:27.062,InnoDB,rwlock: hash0hash.cc:117,,2121,
1787550267.060,2026-08-24 05:44:27.062,InnoDB,rwlock: hash0hash.cc:117,,733,
1787550267.060,2026-08-24 05:44:27.062,InnoDB,rwlock: hash0hash.cc:117,,1859,
1787550267.060,2026-08-24 05:44:27.062,InnoDB,rwlock: hash0hash.cc:117,,946,
1787550267.060,2026-08-24 05:44:27.062,InnoDB,rwlock: hash0hash.cc:117,,587,
1787550267.060,2026-08-24 05:44:27.062,InnoDB,rwlock: hash0hash.cc:117,,720,
1787550267.060,2026-08-24 05:44:27.062,InnoDB,rwlock: hash0hash.cc:117,,484,
1787550267.060,2026-08-24 05:44:27.062,InnoDB,rwlock: hash0hash.cc:117,,514,
1787550267.060,2026-08-24 05:44:27.062,InnoDB,rwlock: hash0hash.cc:117,,540,
1787550267.060,2026-08-24 05:44:27.062,InnoDB,rwlock: hash0hash.cc:117,,2128,
1787550267.060,2026-08-24 05:44:27.062,InnoDB,rwlock: hash0hash.cc:117,,979,
1787550267.060,2026-08-24 05:44:27.062,InnoDB,sum rwlock: buf0buf.cc:852,,253528,
1787550274.826,2026-08-24 05:44:34.828,InnoDB,TRX_SYS,21969940,287657,9296164
1787550274.826,2026-08-24 05:44:34.828,InnoDB,SRV_SYS,9290764,234077,1013604
1787550274.826,2026-08-24 05:44:34.828,InnoDB,LOG_WRITER,3236618,107805,1941
1787550274.826,2026-08-24 05:44:34.828,InnoDB,BUF_POOL_LRU_LIST,4095992,69953,1454480
1787550274.826,2026-08-24 05:44:34.828,InnoDB,BUF_POOL_LRU_LIST,3811124,62466,1451921
1787550274.826,2026-08-24 05:44:34.828,InnoDB,BUF_POOL_LRU_LIST,3644314,59630,1359133
1787550274.826,2026-08-24 05:44:34.828,InnoDB,BUF_POOL_LRU_LIST,3663516,58314,1396507
1787550274.826,2026-08-24 05:44:34.828,InnoDB,BUF_POOL_LRU_LIST,3659257,57988,1394827
1787550274.826,2026-08-24 05:44:34.828,InnoDB,BUF_POOL_LRU_LIST,3573969,57784,1365248
1787550274.826,2026-08-24 05:44:34.828,InnoDB,BUF_POOL_LRU_LIST,3644703,57327,1441882
1787550274.826,2026-08-24 05:44:34.828,InnoDB,BUF_POOL_LRU_LIST,3546959,56076,1404474
1787550274.826,2026-08-24 05:44:34.828,InnoDB,DICT_SYS,30788698,37015,20867620
1787550274.826,2026-08-24 05:44:34.828,InnoDB,FLUSH_LIST,1086816,30111,152804
1787550274.826,2026-08-24 05:44:34.828,InnoDB,FLUSH_LIST,981830,26705,149049
1787550274.826,2026-08-24 05:44:34.828,InnoDB,FLUSH_LIST,971248,26308,146821
1787550274.826,2026-08-24 05:44:34.828,InnoDB,FLUSH_LIST,967482,26262,147311
1787550274.826,2026-08-24 05:44:34.828,InnoDB,FLUSH_LIST,967591,26063,156013
1787550274.826,2026-08-24 05:44:34.828,InnoDB,FLUSH_LIST,965031,25968,155152
1787550274.826,2026-08-24 05:44:34.828,InnoDB,FLUSH_LIST,939107,25247,146135
1787550274.826,2026-08-24 05:44:34.828,InnoDB,FLUSH_LIST,757767,19223,145457
1787550274.826,2026-08-24 05:44:34.828,InnoDB,BUF_POOL_FLUSH_STATE,1261787,17340,428664
1787550274.826,2026-08-24 05:44:34.828,InnoDB,BUF_POOL_FLUSH_STATE,1253350,17270,416798
1787550274.826,2026-08-24 05:44:34.828,InnoDB,BUF_POOL_FLUSH_STATE,1217499,16822,401546
1787550274.826,2026-08-24 05:44:34.828,InnoDB,BUF_POOL_FLUSH_STATE,1231834,16687,427220
1787550274.826,2026-08-24 05:44:34.828,InnoDB,BUF_POOL_FLUSH_STATE,1207336,16641,399091
1787550274.826,2026-08-24 05:44:34.828,InnoDB,BUF_POOL_FLUSH_STATE,1194143,16249,398426
1787550274.826,2026-08-24 05:44:34.828,InnoDB,BUF_POOL_FLUSH_STATE,1160946,15979,393369
1787550274.826,2026-08-24 05:44:34.828,InnoDB,BUF_POOL_FLUSH_STATE,1196773,15790,410831
1787550274.826,2026-08-24 05:44:34.828,InnoDB,PURGE_SYS_PQ,1787280,12185,1163238
1787550274.826,2026-08-24 05:44:34.828,InnoDB,TRX_SYS_SERIALISATION,1279785,10837,792151
1787550274.826,2026-08-24 05:44:34.828,InnoDB,FIL_SHARD,214549,3891,58765
1787550274.826,2026-08-24 05:44:34.828,InnoDB,FIL_SHARD,204107,3584,58609
1787550274.826,2026-08-24 05:44:34.828,InnoDB,FIL_SHARD,210046,3560,63152
1787550274.826,2026-08-24 05:44:34.828,InnoDB,FIL_SHARD,198279,3548,56520
1787550274.826,2026-08-24 05:44:34.828,InnoDB,FIL_SHARD,217429,3527,62551
1787550274.826,2026-08-24 05:44:34.828,InnoDB,FIL_SHARD,189064,3329,54930
1787550274.826,2026-08-24 05:44:34.828,InnoDB,FIL_SHARD,187768,3284,55726
1787550274.826,2026-08-24 05:44:34.828,InnoDB,FIL_SHARD,185203,3258,53883
1787550274.826,2026-08-24 05:44:34.828,InnoDB,FIL_SHARD,184828,3250,54032
1787550274.826,2026-08-24 05:44:34.828,InnoDB,FIL_SHARD,185891,3247,53881
1787550274.826,2026-08-24 05:44:34.828,InnoDB,FIL_SHARD,176777,3136,51506
1787550274.826,2026-08-24 05:44:34.828,InnoDB,FIL_SHARD,177127,3127,53427
1787550274.826,2026-08-24 05:44:34.828,InnoDB,FIL_SHARD,173819,3101,50172
1787550274.826,2026-08-24 05:44:34.828,InnoDB,FIL_SHARD,166038,3008,49048
1787550274.826,2026-08-24 05:44:34.828,InnoDB,FIL_SHARD,168507,2982,51887
1787550274.826,2026-08-24 05:44:34.828,InnoDB,FIL_SHARD,171621,2962,51539
1787550274.826,2026-08-24 05:44:34.828,InnoDB,FIL_SHARD,155477,2721,46537
1787550274.826,2026-08-24 05:44:34.828,InnoDB,FIL_SHARD,157051,2702,50516
1787550274.826,2026-08-24 05:44:34.828,InnoDB,FIL_SHARD,157638,2694,51593
1787550274.826,2026-08-24 05:44:34.828,InnoDB,FIL_SHARD,147528,2601,46514
1787550274.826,2026-08-24 05:44:34.828,InnoDB,TRX,672062,2339,988030
1787550274.826,2026-08-24 05:44:34.828,InnoDB,LOG_FILES,48030,1393,1675
1787550274.826,2026-08-24 05:44:34.828,InnoDB,LOCK_SYS_TABLE,85301,1202,38794
1787550274.826,2026-08-24 05:44:34.828,InnoDB,LOCK_SYS_TABLE,82229,1184,38009
1787550274.826,2026-08-24 05:44:34.828,InnoDB,LOCK_SYS_TABLE,82189,1130,39844
1787550274.826,2026-08-24 05:44:34.828,InnoDB,LOCK_SYS_TABLE,82461,1109,38253
1787550274.826,2026-08-24 05:44:34.828,InnoDB,LOCK_SYS_TABLE,79769,1108,36893
1787550274.826,2026-08-24 05:44:34.828,InnoDB,LOCK_SYS_TABLE,81007,1091,38039
1787550274.826,2026-08-24 05:44:34.828,InnoDB,LOCK_SYS_TABLE,79158,1079,39149
1787550274.826,2026-08-24 05:44:34.828,InnoDB,LOG_FLUSHER,43453,1072,1843
1787550274.826,2026-08-24 05:44:34.828,InnoDB,LOCK_SYS_TABLE,82092,1071,40687
1787550274.826,2026-08-24 05:44:34.828,InnoDB,LOCK_SYS_TABLE,79545,1061,37981
1787550274.826,2026-08-24 05:44:34.828,InnoDB,LOCK_SYS_TABLE,78951,1057,38478
1787550274.826,2026-08-24 05:44:34.828,InnoDB,LOCK_SYS_TABLE,79488,1037,37620
1787550274.826,2026-08-24 05:44:34.828,InnoDB,LOCK_SYS_TABLE,80418,1029,38656
1787550274.826,2026-08-24 05:44:34.828,InnoDB,LOCK_SYS_TABLE,80031,1029,40839
1787550274.826,2026-08-24 05:44:34.828,InnoDB,LOCK_SYS_TABLE,78022,1022,37598
1787550274.826,2026-08-24 05:44:34.828,InnoDB,LOCK_SYS_TABLE,76783,1018,36602
1787550274.826,2026-08-24 05:44:34.828,InnoDB,LOCK_SYS_TABLE,75168,979,39101
1787550274.826,2026-08-24 05:44:34.828,InnoDB,LOCK_SYS_TABLE,75928,977,38311
1787550274.826,2026-08-24 05:44:34.828,InnoDB,LOCK_SYS_TABLE,74248,940,38251
1787550274.826,2026-08-24 05:44:34.828,InnoDB,LOCK_SYS_TABLE,75521,910,40149
1787550274.826,2026-08-24 05:44:34.828,InnoDB,LOCK_SYS_TABLE,73630,903,38735
1787550274.826,2026-08-24 05:44:34.828,InnoDB,BUF_BLOCK_MUTEX,27525,837,1442
1787550274.826,2026-08-24 05:44:34.828,InnoDB,PAGE_CLEANER,1642984,693,984214
1787550274.826,2026-08-24 05:44:34.828,InnoDB,SRV_SYS_TASKS,407058,612,402616
1787550274.826,2026-08-24 05:44:34.828,InnoDB,IBUF_BITMAP,35205,453,16595
1787550274.826,2026-08-24 05:44:34.828,InnoDB,DICT_PERSIST_DIRTY_TABLES,1159135,414,490530
1787550274.826,2026-08-24 05:44:34.828,InnoDB,FIL_SHARD,27998,284,25915
1787550274.826,2026-08-24 05:44:34.828,InnoDB,FIL_SHARD,25738,236,25171
1787550274.826,2026-08-24 05:44:34.828,InnoDB,BUF_POOL_FREE_LIST,32802,73,29362
1787550274.826,2026-08-24 05:44:34.828,InnoDB,DICT_TABLE_STATS_COMPUTE,1980,66,11
1787550274.826,2026-08-24 05:44:34.828,InnoDB,BUF_POOL_FREE_LIST,24104,55,24052
1787550274.826,2026-08-24 05:44:34.828,InnoDB,BUF_POOL_FREE_LIST,24552,54,24580
1787550274.826,2026-08-24 05:44:34.828,InnoDB,BUF_POOL_FREE_LIST,25638,52,24746
1787550274.826,2026-08-24 05:44:34.828,InnoDB,BUF_POOL_FREE_LIST,26383,51,24982
1787550274.826,2026-08-24 05:44:34.828,InnoDB,BUF_POOL_FREE_LIST,25316,51,25420
1787550274.826,2026-08-24 05:44:34.828,InnoDB,BUF_POOL_FREE_LIST,32453,48,29595
1787550274.826,2026-08-24 05:44:34.828,InnoDB,UNDO_SPACE_RSEG,4868,42,1893
1787550274.826,2026-08-24 05:44:34.828,InnoDB,UNDO_SPACE_RSEG,5106,42,1910
1787550274.826,2026-08-24 05:44:34.828,InnoDB,BUF_POOL_FREE_LIST,25675,40,25283
1787550274.826,2026-08-24 05:44:34.828,InnoDB,UNDO_SPACE_RSEG,5144,39,2012
1787550274.826,2026-08-24 05:44:34.828,InnoDB,UNDO_SPACE_RSEG,5074,39,1908
1787550274.826,2026-08-24 05:44:34.828,InnoDB,UNDO_SPACE_RSEG,5109,39,1933
1787550274.826,2026-08-24 05:44:34.828,InnoDB,UNDO_SPACE_RSEG,5240,39,1912
1787550274.826,2026-08-24 05:44:34.828,InnoDB,UNDO_SPACE_RSEG,4897,38,1908
1787550274.826,2026-08-24 05:44:34.828,InnoDB,UNDO_SPACE_RSEG,4817,38,1810
1787550274.826,2026-08-24 05:44:34.828,InnoDB,UNDO_SPACE_RSEG,4941,38,1878
1787550274.826,2026-08-24 05:44:34.828,InnoDB,UNDO_SPACE_RSEG,4892,38,1851
1787550274.826,2026-08-24 05:44:34.828,InnoDB,UNDO_SPACE_RSEG,4700,38,1860
1787550274.826,2026-08-24 05:44:34.828,InnoDB,UNDO_SPACE_RSEG,5038,37,1910
1787550274.826,2026-08-24 05:44:34.828,InnoDB,UNDO_SPACE_RSEG,5280,37,2061
1787550274.826,2026-08-24 05:44:34.828,InnoDB,UNDO_SPACE_RSEG,4888,37,1940
1787550274.826,2026-08-24 05:44:34.828,InnoDB,UNDO_SPACE_RSEG,4996,37,1900
1787550274.826,2026-08-24 05:44:34.828,InnoDB,UNDO_SPACE_RSEG,4958,36,1946
1787550274.826,2026-08-24 05:44:34.828,InnoDB,LOCK_SYS_PAGE,1744,36,580
1787550274.826,2026-08-24 05:44:34.828,InnoDB,UNDO_SPACE_RSEG,4958,36,1933
1787550274.826,2026-08-24 05:44:34.828,InnoDB,UNDO_SPACE_RSEG,4931,36,1978
1787550274.826,2026-08-24 05:44:34.828,InnoDB,UNDO_SPACE_RSEG,4864,36,1901
1787550274.826,2026-08-24 05:44:34.828,InnoDB,UNDO_SPACE_RSEG,5011,35,1966
1787550274.826,2026-08-24 05:44:34.828,InnoDB,UNDO_SPACE_RSEG,4923,35,1890
1787550274.826,2026-08-24 05:44:34.828,InnoDB,UNDO_SPACE_RSEG,4819,35,1926
1787550274.826,2026-08-24 05:44:34.828,InnoDB,UNDO_SPACE_RSEG,4849,35,1890
1787550274.826,2026-08-24 05:44:34.828,InnoDB,UNDO_SPACE_RSEG,4739,35,1847
1787550274.826,2026-08-24 05:44:34.828,InnoDB,UNDO_SPACE_RSEG,4954,35,2028
1787550274.826,2026-08-24 05:44:34.828,InnoDB,UNDO_SPACE_RSEG,4886,35,1947
1787550274.826,2026-08-24 05:44:34.828,InnoDB,UNDO_SPACE_RSEG,4792,35,1876
1787550274.826,2026-08-24 05:44:34.828,InnoDB,UNDO_SPACE_RSEG,5014,35,1937
1787550274.826,2026-08-24 05:44:34.828,InnoDB,UNDO_SPACE_RSEG,4901,35,1889
1787550274.826,2026-08-24 05:44:34.828,InnoDB,UNDO_SPACE_RSEG,4785,35,1880
1787550274.826,2026-08-24 05:44:34.828,InnoDB,UNDO_SPACE_RSEG,4744,35,1916
1787550274.826,2026-08-24 05:44:34.828,InnoDB,UNDO_SPACE_RSEG,4996,35,1913
1787550274.826,2026-08-24 05:44:34.828,InnoDB,UNDO_SPACE_RSEG,4780,34,1833
1787550274.826,2026-08-24 05:44:34.828,InnoDB,UNDO_SPACE_RSEG,4838,34,1883
1787550274.826,2026-08-24 05:44:34.828,InnoDB,UNDO_SPACE_RSEG,4900,34,1917
1787550274.826,2026-08-24 05:44:34.828,InnoDB,UNDO_SPACE_RSEG,4900,34,1870
1787550274.826,2026-08-24 05:44:34.828,InnoDB,UNDO_SPACE_RSEG,4789,34,1920
1787550274.826,2026-08-24 05:44:34.828,InnoDB,UNDO_SPACE_RSEG,4943,34,1967
1787550274.826,2026-08-24 05:44:34.828,InnoDB,UNDO_SPACE_RSEG,4634,34,1839
1787550274.826,2026-08-24 05:44:34.828,InnoDB,UNDO_SPACE_RSEG,4912,34,1936
1787550274.826,2026-08-24 05:44:34.828,InnoDB,UNDO_SPACE_RSEG,4865,34,1967
1787550274.826,2026-08-24 05:44:34.828,InnoDB,UNDO_SPACE_RSEG,4876,33,1925
1787550274.826,2026-08-24 05:44:34.828,InnoDB,UNDO_SPACE_RSEG,4878,33,1962
1787550274.826,2026-08-24 05:44:34.828,InnoDB,UNDO_SPACE_RSEG,5018,33,1995
1787550274.826,2026-08-24 05:44:34.828,InnoDB,UNDO_SPACE_RSEG,4762,33,1967
1787550274.826,2026-08-24 05:44:34.828,InnoDB,UNDO_SPACE_RSEG,4769,33,1925
1787550274.826,2026-08-24 05:44:34.828,InnoDB,LOCK_SYS_PAGE,1553,32,516
1787550274.826,2026-08-24 05:44:34.828,InnoDB,UNDO_SPACE_RSEG,4950,32,1936
1787550274.826,2026-08-24 05:44:34.828,InnoDB,UNDO_SPACE_RSEG,4818,32,1854
1787550274.826,2026-08-24 05:44:34.828,InnoDB,UNDO_SPACE_RSEG,5054,32,2057
1787550274.826,2026-08-24 05:44:34.828,InnoDB,LOCK_SYS_PAGE,1522,32,488
1787550274.826,2026-08-24 05:44:34.828,InnoDB,UNDO_SPACE_RSEG,4738,32,1922
1787550274.826,2026-08-24 05:44:34.828,InnoDB,UNDO_SPACE_RSEG,4658,32,1852
1787550274.826,2026-08-24 05:44:34.828,InnoDB,UNDO_SPACE_RSEG,4809,32,1979
1787550274.826,2026-08-24 05:44:34.828,InnoDB,UNDO_SPACE_RSEG,4846,32,2006
1787550274.826,2026-08-24 05:44:34.828,InnoDB,UNDO_SPACE_RSEG,4965,32,1947
1787550274.826,2026-08-24 05:44:34.828,InnoDB,UNDO_SPACE_RSEG,4838,32,1945
1787550274.826,2026-08-24 05:44:34.828,InnoDB,UNDO_SPACE_RSEG,4864,32,1976
1787550274.826,2026-08-24 05:44:34.828,InnoDB,UNDO_SPACE_RSEG,4734,31,1993
1787550274.826,2026-08-24 05:44:34.828,InnoDB,UNDO_SPACE_RSEG,4726,31,1963
1787550274.826,2026-08-24 05:44:34.828,InnoDB,UNDO_SPACE_RSEG,4834,31,1916
1787550274.826,2026-08-24 05:44:34.828,InnoDB,UNDO_SPACE_RSEG,4839,31,2004
1787550274.826,2026-08-24 05:44:34.828,InnoDB,UNDO_SPACE_RSEG,4509,31,1838
1787550274.826,2026-08-24 05:44:34.828,InnoDB,UNDO_SPACE_RSEG,4682,31,1904
1787550274.826,2026-08-24 05:44:34.828,InnoDB,LOCK_SYS_PAGE,1660,31,566
1787550274.826,2026-08-24 05:44:34.828,InnoDB,UNDO_SPACE_RSEG,4915,31,1972
1787550274.826,2026-08-24 05:44:34.828,InnoDB,UNDO_SPACE_RSEG,4666,31,1871
1787550274.826,2026-08-24 05:44:34.828,InnoDB,UNDO_SPACE_RSEG,4697,31,1925
1787550274.826,2026-08-24 05:44:34.828,InnoDB,LOCK_SYS_PAGE,1721,31,606
1787550274.826,2026-08-24 05:44:34.828,InnoDB,UNDO_SPACE_RSEG,4772,31,1946
1787550274.826,2026-08-24 05:44:34.828,InnoDB,UNDO_SPACE_RSEG,4811,31,1938
1787550274.826,2026-08-24 05:44:34.828,InnoDB,UNDO_SPACE_RSEG,4844,31,1926
1787550274.826,2026-08-24 05:44:34.828,InnoDB,UNDO_SPACE_RSEG,4902,31,1891
1787550274.826,2026-08-24 05:44:34.828,InnoDB,UNDO_SPACE_RSEG,4772,31,1937
1787550274.826,2026-08-24 05:44:34.828,InnoDB,UNDO_SPACE_RSEG,4684,31,1908
1787550274.826,2026-08-24 05:44:34.828,InnoDB,UNDO_SPACE_RSEG,4643,30,1879
1787550274.826,2026-08-24 05:44:34.828,InnoDB,UNDO_SPACE_RSEG,4803,30,1902
1787550274.826,2026-08-24 05:44:34.828,InnoDB,LOCK_SYS_PAGE,1518,30,575
1787550274.826,2026-08-24 05:44:34.828,InnoDB,UNDO_SPACE_RSEG,4709,30,1918
1787550274.826,2026-08-24 05:44:34.828,InnoDB,UNDO_SPACE_RSEG,4816,30,1940
1787550274.826,2026-08-24 05:44:34.828,InnoDB,UNDO_SPACE_RSEG,4726,30,1942
1787550274.826,2026-08-24 05:44:34.828,InnoDB,UNDO_SPACE_RSEG,4752,30,1889
1787550274.826,2026-08-24 05:44:34.828,InnoDB,LOCK_SYS_PAGE,1655,30,514
1787550274.826,2026-08-24 05:44:34.828,InnoDB,LOCK_SYS_PAGE,1559,30,593
1787550274.826,2026-08-24 05:44:34.828,InnoDB,UNDO_SPACE_RSEG,4510,30,1851
1787550274.826,2026-08-24 05:44:34.828,InnoDB,LOCK_SYS_PAGE,1629,30,559
1787550274.826,2026-08-24 05:44:34.828,InnoDB,UNDO_SPACE_RSEG,4555,30,1882
1787550274.826,2026-08-24 05:44:34.828,InnoDB,UNDO_SPACE_RSEG,4759,30,2006
1787550274.826,2026-08-24 05:44:34.828,InnoDB,UNDO_SPACE_RSEG,4720,30,1896
1787550274.826,2026-08-24 05:44:34.828,InnoDB,UNDO_SPACE_RSEG,4737,30,1885
1787550274.826,2026-08-24 05:44:34.828,InnoDB,UNDO_SPACE_RSEG,4574,29,1866
1787550274.826,2026-08-24 05:44:34.828,InnoDB,UNDO_SPACE_RSEG,4563,29,1914
1787550274.826,2026-08-24 05:44:34.828,InnoDB,UNDO_SPACE_RSEG,4678,29,1911
1787550274.826,2026-08-24 05:44:34.828,InnoDB,LOCK_SYS_PAGE,1568,29,536
1787550274.826,2026-08-24 05:44:34.828,InnoDB,UNDO_SPACE_RSEG,4682,29,1912
1787550274.826,2026-08-24 05:44:34.828,InnoDB,UNDO_SPACE_RSEG,4594,29,1888
1787550274.826,2026-08-24 05:44:34.828,InnoDB,UNDO_SPACE_RSEG,4706,29,1900
1787550274.826,2026-08-24 05:44:34.828,InnoDB,UNDO_SPACE_RSEG,4641,29,1883
1787550274.826,2026-08-24 05:44:34.828,InnoDB,UNDO_SPACE_RSEG,4688,29,1972
1787550274.826,2026-08-24 05:44:34.828,InnoDB,UNDO_SPACE_RSEG,4829,29,1943
1787550274.826,2026-08-24 05:44:34.828,InnoDB,UNDO_SPACE_RSEG,4678,29,1917
1787550274.826,2026-08-24 05:44:34.828,InnoDB,UNDO_SPACE_RSEG,4784,29,1999
1787550274.826,2026-08-24 05:44:34.828,InnoDB,LOCK_SYS_PAGE,1606,29,574
1787550274.826,2026-08-24 05:44:34.828,InnoDB,LOCK_SYS_PAGE,1492,29,498
1787550274.826,2026-08-24 05:44:34.828,InnoDB,LOCK_SYS_PAGE,1508,28,565
1787550274.826,2026-08-24 05:44:34.828,InnoDB,LOCK_SYS_PAGE,1466,28,497
1787550274.826,2026-08-24 05:44:34.828,InnoDB,LOCK_SYS_PAGE,1439,28,490
1787550274.826,2026-08-24 05:44:34.828,InnoDB,LOCK_SYS_PAGE,1444,28,516
1787550274.826,2026-08-24 05:44:34.828,InnoDB,UNDO_SPACE_RSEG,4647,28,1897
1787550274.826,2026-08-24 05:44:34.828,InnoDB,LOCK_SYS_PAGE,1556,28,569
1787550274.826,2026-08-24 05:44:34.828,InnoDB,LOCK_SYS_PAGE,1515,28,575
1787550274.826,2026-08-24 05:44:34.828,InnoDB,LOCK_SYS_PAGE,1509,28,570
1787550274.826,2026-08-24 05:44:34.828,InnoDB,DICT_TABLE_STATS_COMPUTE,840,28,7
1787550274.826,2026-08-24 05:44:34.828,InnoDB,UNDO_SPACE_RSEG,4379,28,1826
1787550274.826,2026-08-24 05:44:34.828,InnoDB,UNDO_SPACE_RSEG,4891,28,1964
1787550274.826,2026-08-24 05:44:34.828,InnoDB,UNDO_SPACE_RSEG,4644,28,1941
1787550274.826,2026-08-24 05:44:34.828,InnoDB,UNDO_SPACE_RSEG,4744,28,1952
1787550274.826,2026-08-24 05:44:34.828,InnoDB,UNDO_SPACE_RSEG,4559,28,1931
1787550274.826,2026-08-24 05:44:34.828,InnoDB,UNDO_SPACE_RSEG,4648,28,1909
1787550274.826,2026-08-24 05:44:34.828,InnoDB,UNDO_SPACE_RSEG,4608,28,1877
1787550274.826,2026-08-24 05:44:34.828,InnoDB,UNDO_SPACE_RSEG,4469,28,1882
1787550274.826,2026-08-24 05:44:34.828,InnoDB,UNDO_SPACE_RSEG,4577,28,1928
1787550274.826,2026-08-24 05:44:34.828,InnoDB,UNDO_SPACE_RSEG,4827,28,1987
1787550274.826,2026-08-24 05:44:34.828,InnoDB,UNDO_SPACE_RSEG,4603,28,1929
1787550274.826,2026-08-24 05:44:34.828,InnoDB,UNDO_SPACE_RSEG,4597,28,1858
1787550274.826,2026-08-24 05:44:34.828,InnoDB,UNDO_SPACE_RSEG,4837,28,1922
1787550274.826,2026-08-24 05:44:34.828,InnoDB,UNDO_SPACE_RSEG,4648,28,1928
1787550274.826,2026-08-24 05:44:34.828,InnoDB,UNDO_SPACE_RSEG,4669,28,1894
1787550274.826,2026-08-24 05:44:34.828,InnoDB,UNDO_SPACE_RSEG,4628,28,1889
1787550274.826,2026-08-24 05:44:34.828,InnoDB,UNDO_SPACE_RSEG,4834,28,1987
1787550274.826,2026-08-24 05:44:34.828,InnoDB,UNDO_SPACE_RSEG,4659,28,1947
1787550274.826,2026-08-24 05:44:34.828,InnoDB,UNDO_SPACE_RSEG,4795,28,1973
1787550274.826,2026-08-24 05:44:34.828,InnoDB,UNDO_SPACE_RSEG,4600,28,1939
1787550274.826,2026-08-24 05:44:34.828,InnoDB,LOCK_SYS_PAGE,1520,28,584
1787550274.826,2026-08-24 05:44:34.828,InnoDB,UNDO_SPACE_RSEG,4769,27,1957
1787550274.826,2026-08-24 05:44:34.828,InnoDB,UNDO_SPACE_RSEG,4752,27,1928
1787550274.826,2026-08-24 05:44:34.828,InnoDB,LOCK_SYS_PAGE,1543,27,542
1787550274.826,2026-08-24 05:44:34.828,InnoDB,UNDO_SPACE_RSEG,4461,27,1823
1787550274.826,2026-08-24 05:44:34.828,InnoDB,UNDO_SPACE_RSEG,4539,27,1963
1787550274.826,2026-08-24 05:44:34.828,InnoDB,UNDO_SPACE_RSEG,4646,27,1935
1787550274.826,2026-08-24 05:44:34.828,InnoDB,LOCK_SYS_PAGE,1441,27,527
1787550274.826,2026-08-24 05:44:34.828,InnoDB,LOCK_SYS_PAGE,1522,27,520
1787550274.826,2026-08-24 05:44:34.828,InnoDB,UNDO_SPACE_RSEG,4383,27,1851
1787550274.826,2026-08-24 05:44:34.828,InnoDB,UNDO_SPACE_RSEG,4573,27,1937
1787550274.826,2026-08-24 05:44:34.828,InnoDB,UNDO_SPACE_RSEG,4756,27,1911
1787550274.826,2026-08-24 05:44:34.828,InnoDB,UNDO_SPACE_RSEG,4805,27,2009
1787550274.826,2026-08-24 05:44:34.828,InnoDB,UNDO_SPACE_RSEG,4356,27,1807
1787550274.826,2026-08-24 05:44:34.828,InnoDB,UNDO_SPACE_RSEG,4462,27,1867
1787550274.826,2026-08-24 05:44:34.828,InnoDB,UNDO_SPACE_RSEG,4627,27,1926
1787550274.826,2026-08-24 05:44:34.828,InnoDB,UNDO_SPACE_RSEG,4295,27,1812
1787550274.826,2026-08-24 05:44:34.828,InnoDB,UNDO_SPACE_RSEG,4737,27,1938
1787550274.826,2026-08-24 05:44:34.828,InnoDB,LOCK_SYS_PAGE,1436,27,548
1787550274.826,2026-08-24 05:44:34.828,InnoDB,UNDO_SPACE_RSEG,4513,27,1872
1787550274.826,2026-08-24 05:44:34.828,InnoDB,UNDO_SPACE_RSEG,4519,27,1911
1787550274.826,2026-08-24 05:44:34.828,InnoDB,UNDO_SPACE_RSEG,4699,27,1906
1787550274.826,2026-08-24 05:44:34.828,InnoDB,LOCK_SYS_PAGE,1527,27,570
1787550274.826,2026-08-24 05:44:34.828,InnoDB,UNDO_SPACE_RSEG,4782,27,1954
1787550274.826,2026-08-24 05:44:34.828,InnoDB,UNDO_SPACE_RSEG,4624,27,1835
1787550274.826,2026-08-24 05:44:34.828,InnoDB,UNDO_SPACE_RSEG,4733,27,1897
1787550274.826,2026-08-24 05:44:34.828,InnoDB,LOCK_SYS_PAGE,1540,27,570
1787550274.826,2026-08-24 05:44:34.828,InnoDB,UNDO_SPACE_RSEG,4578,27,1941
1787550274.826,2026-08-24 05:44:34.828,InnoDB,UNDO_SPACE_RSEG,4425,27,1764
1787550274.826,2026-08-24 05:44:34.828,InnoDB,UNDO_SPACE_RSEG,4510,26,1832
1787550274.826,2026-08-24 05:44:34.828,InnoDB,LOCK_SYS_PAGE,1506,26,539
1787550274.826,2026-08-24 05:44:34.828,InnoDB,LOCK_SYS_PAGE,1431,26,475
1787550274.826,2026-08-24 05:44:34.828,InnoDB,UNDO_SPACE_RSEG,4392,26,1864
1787550274.826,2026-08-24 05:44:34.828,InnoDB,UNDO_SPACE_RSEG,4419,26,1852
1787550274.826,2026-08-24 05:44:34.828,InnoDB,LOCK_SYS_PAGE,1485,26,486
1787550274.826,2026-08-24 05:44:34.828,InnoDB,UNDO_SPACE_RSEG,4769,26,1974
1787550274.826,2026-08-24 05:44:34.828,InnoDB,UNDO_SPACE_RSEG,4633,26,1934
1787550274.826,2026-08-24 05:44:34.828,InnoDB,LOCK_SYS_PAGE,1418,26,541
1787550274.826,2026-08-24 05:44:34.828,InnoDB,UNDO_SPACE_RSEG,4561,26,1926
1787550274.826,2026-08-24 05:44:34.828,InnoDB,UNDO_SPACE_RSEG,5008,26,2060
1787550274.826,2026-08-24 05:44:34.828,InnoDB,LOCK_SYS_PAGE,1443,26,516
1787550274.826,2026-08-24 05:44:34.828,InnoDB,LOCK_SYS_PAGE,1402,26,519
1787550274.826,2026-08-24 05:44:34.828,InnoDB,UNDO_SPACE_RSEG,4589,26,1904
1787550274.826,2026-08-24 05:44:34.828,InnoDB,LOCK_SYS_PAGE,1462,26,532
1787550274.826,2026-08-24 05:44:34.828,InnoDB,UNDO_SPACE_RSEG,4612,26,1938
1787550274.826,2026-08-24 05:44:34.828,InnoDB,UNDO_SPACE_RSEG,4467,26,1836
1787550274.826,2026-08-24 05:44:34.828,InnoDB,LOCK_SYS_PAGE,1519,26,582
1787550274.826,2026-08-24 05:44:34.828,InnoDB,UNDO_SPACE_RSEG,4674,26,1881
1787550274.826,2026-08-24 05:44:34.828,InnoDB,LOCK_SYS_PAGE,1567,26,579
1787550274.826,2026-08-24 05:44:34.828,InnoDB,UNDO_SPACE_RSEG,4623,26,1936
1787550274.826,2026-08-24 05:44:34.828,InnoDB,UNDO_SPACE_RSEG,4637,26,1937
1787550274.826,2026-08-24 05:44:34.828,InnoDB,LOCK_SYS_PAGE,1489,26,509
1787550274.826,2026-08-24 05:44:34.828,InnoDB,UNDO_SPACE_RSEG,4547,26,1939
1787550274.826,2026-08-24 05:44:34.828,InnoDB,UNDO_SPACE_RSEG,4428,26,1823
1787550274.826,2026-08-24 05:44:34.828,InnoDB,UNDO_SPACE_RSEG,4538,26,1877
1787550274.826,2026-08-24 05:44:34.828,InnoDB,UNDO_SPACE_RSEG,4746,26,1929
1787550274.826,2026-08-24 05:44:34.828,InnoDB,LOCK_SYS_PAGE,1363,26,501
1787550274.826,2026-08-24 05:44:34.828,InnoDB,LOCK_SYS_PAGE,1395,26,520
1787550274.826,2026-08-24 05:44:34.828,InnoDB,UNDO_SPACE_RSEG,4642,26,1895
1787550274.826,2026-08-24 05:44:34.828,InnoDB,UNDO_SPACE_RSEG,4582,26,1950
1787550274.826,2026-08-24 05:44:34.828,InnoDB,LOCK_SYS_PAGE,1491,25,585
1787550274.826,2026-08-24 05:44:34.828,InnoDB,UNDO_SPACE_RSEG,4447,25,1940
1787550274.826,2026-08-24 05:44:34.828,InnoDB,UNDO_SPACE_RSEG,4679,25,1899
1787550274.826,2026-08-24 05:44:34.828,InnoDB,UNDO_SPACE_RSEG,4556,25,1936
1787550274.826,2026-08-24 05:44:34.828,InnoDB,UNDO_SPACE_RSEG,4484,25,1901
1787550274.826,2026-08-24 05:44:34.828,InnoDB,LOCK_SYS_PAGE,1479,25,534
1787550274.826,2026-08-24 05:44:34.828,InnoDB,UNDO_SPACE_RSEG,4407,25,1862
1787550274.826,2026-08-24 05:44:34.828,InnoDB,UNDO_SPACE_RSEG,4700,25,1946
1787550274.826,2026-08-24 05:44:34.828,InnoDB,UNDO_SPACE_RSEG,4340,25,1814
1787550274.826,2026-08-24 05:44:34.828,InnoDB,LOCK_SYS_PAGE,1513,25,572
1787550274.826,2026-08-24 05:44:34.828,InnoDB,LOCK_SYS_PAGE,1374,25,515
1787550274.826,2026-08-24 05:44:34.828,InnoDB,UNDO_SPACE_RSEG,4404,25,1862
1787550274.826,2026-08-24 05:44:34.828,InnoDB,UNDO_SPACE_RSEG,4719,25,1900
1787550274.826,2026-08-24 05:44:34.828,InnoDB,UNDO_SPACE_RSEG,4672,25,1936
1787550274.826,2026-08-24 05:44:34.828,InnoDB,LOCK_SYS_PAGE,1401,25,525
1787550274.826,2026-08-24 05:44:34.828,InnoDB,UNDO_SPACE_RSEG,4677,25,2006
1787550274.826,2026-08-24 05:44:34.828,InnoDB,LOCK_SYS_PAGE,1415,25,465
1787550274.826,2026-08-24 05:44:34.828,InnoDB,UNDO_SPACE_RSEG,4760,25,1956
1787550274.826,2026-08-24 05:44:34.828,InnoDB,LOCK_SYS_PAGE,1415,25,579
1787550274.826,2026-08-24 05:44:34.828,InnoDB,UNDO_SPACE_RSEG,4563,25,1904
1787550274.826,2026-08-24 05:44:34.828,InnoDB,UNDO_SPACE_RSEG,4722,25,1980
1787550274.826,2026-08-24 05:44:34.828,InnoDB,LOCK_SYS_PAGE,1374,25,521
1787550274.826,2026-08-24 05:44:34.828,InnoDB,LOCK_SYS_PAGE,1445,25,505
1787550274.826,2026-08-24 05:44:34.828,InnoDB,LOCK_SYS_PAGE,1430,25,551
1787550274.826,2026-08-24 05:44:34.828,InnoDB,UNDO_SPACE_RSEG,4358,25,1880
1787550274.826,2026-08-24 05:44:34.828,InnoDB,UNDO_SPACE_RSEG,4428,25,1878
1787550274.826,2026-08-24 05:44:34.828,InnoDB,LOCK_SYS_PAGE,1502,25,520
1787550274.826,2026-08-24 05:44:34.828,InnoDB,LOCK_SYS_PAGE,1437,25,546
1787550274.826,2026-08-24 05:44:34.828,InnoDB,UNDO_SPACE_RSEG,4483,25,1841
1787550274.826,2026-08-24 05:44:34.828,InnoDB,UNDO_SPACE_RSEG,4454,25,1880
1787550274.826,2026-08-24 05:44:34.828,InnoDB,LOCK_SYS_PAGE,1459,25,563
1787550274.826,2026-08-24 05:44:34.828,InnoDB,UNDO_SPACE_RSEG,4563,25,1941
1787550274.826,2026-08-24 05:44:34.828,InnoDB,UNDO_SPACE_RSEG,4456,25,1849
1787550274.826,2026-08-24 05:44:34.828,InnoDB,UNDO_SPACE_RSEG,4616,24,1928
1787550274.826,2026-08-24 05:44:34.828,InnoDB,LOCK_SYS_PAGE,1438,24,535
1787550274.826,2026-08-24 05:44:34.828,InnoDB,LOCK_SYS_PAGE,1460,24,565
1787550274.826,2026-08-24 05:44:34.828,InnoDB,UNDO_SPACE_RSEG,4540,24,1921
1787550274.826,2026-08-24 05:44:34.828,InnoDB,LOCK_SYS_PAGE,1401,24,538
1787550274.826,2026-08-24 05:44:34.828,InnoDB,LOCK_SYS_PAGE,1462,24,560
1787550274.826,2026-08-24 05:44:34.828,InnoDB,UNDO_SPACE_RSEG,4530,24,1937
1787550274.826,2026-08-24 05:44:34.828,InnoDB,LOCK_SYS_PAGE,1450,24,575
1787550274.826,2026-08-24 05:44:34.828,InnoDB,LOCK_SYS_PAGE,1406,24,533
1787550274.826,2026-08-24 05:44:34.828,InnoDB,UNDO_SPACE_RSEG,4421,24,1808
1787550274.826,2026-08-24 05:44:34.828,InnoDB,LOCK_SYS_PAGE,1368,24,577
1787550274.826,2026-08-24 05:44:34.828,InnoDB,LOCK_SYS_PAGE,1493,24,589
1787550274.826,2026-08-24 05:44:34.828,InnoDB,LOCK_SYS_PAGE,1328,24,530
1787550274.826,2026-08-24 05:44:34.828,InnoDB,LOCK_SYS_PAGE,1275,24,495
1787550274.826,2026-08-24 05:44:34.828,InnoDB,UNDO_SPACE_RSEG,4517,24,1874
1787550274.826,2026-08-24 05:44:34.828,InnoDB,UNDO_SPACE_RSEG,4384,24,1846
1787550274.826,2026-08-24 05:44:34.828,InnoDB,LOCK_SYS_PAGE,1336,24,480
1787550274.826,2026-08-24 05:44:34.828,InnoDB,UNDO_SPACE_RSEG,4401,24,1880
1787550274.826,2026-08-24 05:44:34.828,InnoDB,UNDO_SPACE_RSEG,4584,24,1914
1787550274.826,2026-08-24 05:44:34.828,InnoDB,UNDO_SPACE_RSEG,4384,24,1824
1787550274.826,2026-08-24 05:44:34.828,InnoDB,LOCK_SYS_PAGE,1606,24,596
1787550274.826,2026-08-24 05:44:34.828,InnoDB,LOCK_SYS_PAGE,1428,24,588
1787550274.826,2026-08-24 05:44:34.828,InnoDB,UNDO_SPACE_RSEG,4687,24,1954
1787550274.826,2026-08-24 05:44:34.828,InnoDB,LOCK_SYS_PAGE,1367,24,503
1787550274.826,2026-08-24 05:44:34.828,InnoDB,LOCK_SYS_PAGE,1343,24,515
1787550274.826,2026-08-24 05:44:34.828,InnoDB,UNDO_SPACE_RSEG,4451,24,1869
1787550274.826,2026-08-24 05:44:34.828,InnoDB,UNDO_SPACE_RSEG,4726,24,1985
1787550274.826,2026-08-24 05:44:34.828,InnoDB,UNDO_SPACE_RSEG,4473,24,1915
1787550274.826,2026-08-24 05:44:34.828,InnoDB,UNDO_SPACE_RSEG,4617,24,1980
1787550274.826,2026-08-24 05:44:34.828,InnoDB,UNDO_SPACE_RSEG,4564,24,1962
1787550274.826,2026-08-24 05:44:34.828,InnoDB,LOCK_SYS_PAGE,1308,24,514
1787550274.826,2026-08-24 05:44:34.828,InnoDB,UNDO_SPACE_RSEG,4464,24,1925
1787550274.826,2026-08-24 05:44:34.828,InnoDB,LOCK_SYS_PAGE,1474,24,622
1787550274.826,2026-08-24 05:44:34.828,InnoDB,LOCK_SYS_PAGE,1402,24,481
1787550274.826,2026-08-24 05:44:34.828,InnoDB,LOCK_SYS_PAGE,1366,23,549
1787550274.826,2026-08-24 05:44:34.828,InnoDB,UNDO_SPACE_RSEG,4685,23,1940
1787550274.826,2026-08-24 05:44:34.828,InnoDB,LOCK_SYS_PAGE,1410,23,581
1787550274.826,2026-08-24 05:44:34.828,InnoDB,LOCK_SYS_PAGE,1364,23,554
1787550274.826,2026-08-24 05:44:34.828,InnoDB,LOCK_SYS_PAGE,1343,23,475
1787550274.826,2026-08-24 05:44:34.828,InnoDB,LOCK_SYS_PAGE,1354,23,550
1787550274.826,2026-08-24 05:44:34.828,InnoDB,UNDO_SPACE_RSEG,4531,23,1907
1787550274.826,2026-08-24 05:44:34.828,InnoDB,LOCK_SYS_PAGE,1291,23,536
1787550274.826,2026-08-24 05:44:34.828,InnoDB,UNDO_SPACE_RSEG,4373,23,1856
1787550274.826,2026-08-24 05:44:34.828,InnoDB,LOCK_SYS_PAGE,1356,23,534
1787550274.826,2026-08-24 05:44:34.828,InnoDB,UNDO_SPACE_RSEG,4566,23,1906
1787550274.826,2026-08-24 05:44:34.828,InnoDB,UNDO_SPACE_RSEG,4551,23,1890
1787550274.826,2026-08-24 05:44:34.828,InnoDB,UNDO_SPACE_RSEG,4516,23,1927
1787550274.826,2026-08-24 05:44:34.828,InnoDB,UNDO_SPACE_RSEG,4403,23,1882
1787550274.826,2026-08-24 05:44:34.828,InnoDB,UNDO_SPACE_RSEG,4591,23,1917
1787550274.826,2026-08-24 05:44:34.828,InnoDB,UNDO_SPACE_RSEG,4490,23,1844
1787550274.826,2026-08-24 05:44:34.828,InnoDB,LOCK_SYS_PAGE,1291,23,511
1787550274.826,2026-08-24 05:44:34.828,InnoDB,LOCK_SYS_PAGE,1277,23,506
1787550274.826,2026-08-24 05:44:34.828,InnoDB,LOCK_SYS_PAGE,1275,23,452
1787550274.826,2026-08-24 05:44:34.828,InnoDB,LOCK_SYS_PAGE,1352,23,543
1787550274.826,2026-08-24 05:44:34.828,InnoDB,UNDO_SPACE_RSEG,4484,23,1860
1787550274.826,2026-08-24 05:44:34.828,InnoDB,LOCK_SYS_PAGE,1428,23,603
1787550274.826,2026-08-24 05:44:34.828,InnoDB,UNDO_SPACE_RSEG,4455,23,1865
1787550274.826,2026-08-24 05:44:34.828,InnoDB,LOCK_SYS_PAGE,1384,23,581
1787550274.826,2026-08-24 05:44:34.828,InnoDB,LOCK_SYS_PAGE,1352,23,511
1787550274.826,2026-08-24 05:44:34.828,InnoDB,LOCK_SYS_PAGE,1470,23,563
1787550274.826,2026-08-24 05:44:34.828,InnoDB,LOCK_SYS_PAGE,1309,23,543
1787550274.826,2026-08-24 05:44:34.828,InnoDB,LOCK_SYS_PAGE,1424,23,565
1787550274.826,2026-08-24 05:44:34.828,InnoDB,LOCK_SYS_PAGE,1376,23,570
1787550274.826,2026-08-24 05:44:34.828,InnoDB,LOCK_SYS_PAGE,1287,23,519
1787550274.826,2026-08-24 05:44:34.828,InnoDB,UNDO_SPACE_RSEG,4574,23,1938
1787550274.826,2026-08-24 05:44:34.828,InnoDB,UNDO_SPACE_RSEG,4616,23,1916
1787550274.826,2026-08-24 05:44:34.828,InnoDB,LOCK_SYS_PAGE,1354,23,494
1787550274.826,2026-08-24 05:44:34.828,InnoDB,UNDO_SPACE_RSEG,4556,23,1915
1787550274.826,2026-08-24 05:44:34.828,InnoDB,UNDO_SPACE_RSEG,4240,23,1846
1787550274.826,2026-08-24 05:44:34.828,InnoDB,UNDO_SPACE_RSEG,4371,23,1871
1787550274.826,2026-08-24 05:44:34.828,InnoDB,UNDO_SPACE_RSEG,4377,23,1870
1787550274.826,2026-08-24 05:44:34.828,InnoDB,UNDO_SPACE_RSEG,4795,23,2014
1787550274.826,2026-08-24 05:44:34.828,InnoDB,LOCK_SYS_PAGE,1368,23,549
1787550274.826,2026-08-24 05:44:34.828,InnoDB,LOCK_SYS_PAGE,1426,23,537
1787550274.826,2026-08-24 05:44:34.828,InnoDB,UNDO_SPACE_RSEG,4498,22,1918
1787550274.826,2026-08-24 05:44:34.828,InnoDB,LOCK_SYS_PAGE,1347,22,590
1787550274.826,2026-08-24 05:44:34.828,InnoDB,UNDO_SPACE_RSEG,4451,22,1909
1787550274.826,2026-08-24 05:44:34.828,InnoDB,LOCK_SYS_PAGE,1314,22,543
1787550274.826,2026-08-24 05:44:34.828,InnoDB,LOCK_SYS_PAGE,1293,22,521
1787550274.826,2026-08-24 05:44:34.828,InnoDB,LOCK_SYS_PAGE,1433,22,541
1787550274.826,2026-08-24 05:44:34.828,InnoDB,LOCK_SYS_PAGE,1400,22,581
1787550274.826,2026-08-24 05:44:34.828,InnoDB,LOCK_SYS_PAGE,1290,22,521
1787550274.826,2026-08-24 05:44:34.828,InnoDB,UNDO_SPACE_RSEG,4708,22,1935
1787550274.826,2026-08-24 05:44:34.828,InnoDB,LOCK_SYS_PAGE,1248,22,502
1787550274.826,2026-08-24 05:44:34.828,InnoDB,LOCK_SYS_PAGE,1266,22,505
1787550274.826,2026-08-24 05:44:34.828,InnoDB,LOCK_SYS_PAGE,1302,22,563
1787550274.826,2026-08-24 05:44:34.828,InnoDB,LOCK_SYS_PAGE,1352,22,529
1787550274.826,2026-08-24 05:44:34.828,InnoDB,LOCK_SYS_PAGE,1373,22,556
1787550274.826,2026-08-24 05:44:34.828,InnoDB,LOCK_SYS_PAGE,1415,22,566
1787550274.826,2026-08-24 05:44:34.828,InnoDB,LOCK_SYS_PAGE,1289,22,496
1787550274.826,2026-08-24 05:44:34.828,InnoDB,LOCK_SYS_PAGE,1214,22,488
1787550274.826,2026-08-24 05:44:34.828,InnoDB,UNDO_SPACE_RSEG,4481,22,1891
1787550274.826,2026-08-24 05:44:34.828,InnoDB,UNDO_SPACE_RSEG,4653,22,1885
1787550274.826,2026-08-24 05:44:34.828,InnoDB,UNDO_SPACE_RSEG,4566,22,1974
1787550274.826,2026-08-24 05:44:34.828,InnoDB,LOCK_SYS_PAGE,1265,22,505
1787550274.826,2026-08-24 05:44:34.828,InnoDB,LOCK_SYS_PAGE,1363,22,532
1787550274.826,2026-08-24 05:44:34.828,InnoDB,LOCK_SYS_PAGE,1369,22,522
1787550274.826,2026-08-24 05:44:34.828,InnoDB,LOCK_SYS_PAGE,1336,22,528
1787550274.826,2026-08-24 05:44:34.828,InnoDB,LOCK_SYS_PAGE,1325,22,510
1787550274.826,2026-08-24 05:44:34.828,InnoDB,LOCK_SYS_PAGE,1308,22,551
1787550274.826,2026-08-24 05:44:34.828,InnoDB,LOCK_SYS_PAGE,1362,22,545
1787550274.826,2026-08-24 05:44:34.828,InnoDB,LOCK_SYS_PAGE,1325,22,521
1787550274.826,2026-08-24 05:44:34.828,InnoDB,LOCK_SYS_PAGE,1320,22,522
1787550274.826,2026-08-24 05:44:34.828,InnoDB,UNDO_SPACE_RSEG,4660,22,1924
1787550274.826,2026-08-24 05:44:34.828,InnoDB,LOCK_SYS_PAGE,1324,21,482
1787550274.826,2026-08-24 05:44:34.828,InnoDB,LOCK_SYS_PAGE,1292,21,549
1787550274.826,2026-08-24 05:44:34.828,InnoDB,LOCK_SYS_PAGE,1238,21,522
1787550274.826,2026-08-24 05:44:34.828,InnoDB,LOCK_SYS_PAGE,1292,21,500
1787550274.826,2026-08-24 05:44:34.828,InnoDB,LOCK_SYS_PAGE,1248,21,553
1787550274.826,2026-08-24 05:44:34.828,InnoDB,LOCK_SYS_PAGE,1430,21,538
1787550274.826,2026-08-24 05:44:34.828,InnoDB,LOCK_SYS_PAGE,1334,21,549
1787550274.826,2026-08-24 05:44:34.828,InnoDB,LOCK_SYS_PAGE,1326,21,551
1787550274.826,2026-08-24 05:44:34.828,InnoDB,LOCK_SYS_PAGE,1308,21,525
1787550274.826,2026-08-24 05:44:34.828,InnoDB,LOCK_SYS_PAGE,1242,21,528
1787550274.826,2026-08-24 05:44:34.828,InnoDB,UNDO_SPACE_RSEG,4489,21,1895
1787550274.826,2026-08-24 05:44:34.828,InnoDB,UNDO_SPACE_RSEG,4456,21,1916
1787550274.826,2026-08-24 05:44:34.828,InnoDB,LOCK_SYS_PAGE,1372,21,546
1787550274.826,2026-08-24 05:44:34.828,InnoDB,LOCK_SYS_PAGE,1328,21,527
1787550274.826,2026-08-24 05:44:34.828,InnoDB,UNDO_SPACE_RSEG,4346,21,1906
1787550274.826,2026-08-24 05:44:34.828,InnoDB,UNDO_SPACE_RSEG,4314,21,1808
1787550274.826,2026-08-24 05:44:34.828,InnoDB,LOCK_SYS_PAGE,1296,21,540
1787550274.826,2026-08-24 05:44:34.828,InnoDB,UNDO_SPACE_RSEG,4470,21,1999
1787550274.826,2026-08-24 05:44:34.828,InnoDB,LOCK_SYS_PAGE,1199,21,483
1787550274.826,2026-08-24 05:44:34.828,InnoDB,UNDO_SPACE_RSEG,4342,21,1907
1787550274.826,2026-08-24 05:44:34.828,InnoDB,UNDO_SPACE_RSEG,4706,21,2069
1787550274.826,2026-08-24 05:44:34.828,InnoDB,LOCK_SYS_PAGE,1247,21,523
1787550274.826,2026-08-24 05:44:34.828,InnoDB,LOCK_SYS_PAGE,1373,21,569
1787550274.826,2026-08-24 05:44:34.828,InnoDB,LOCK_SYS_PAGE,1310,21,539
1787550274.826,2026-08-24 05:44:34.828,InnoDB,LOCK_SYS_PAGE,1293,21,490
1787550274.826,2026-08-24 05:44:34.828,InnoDB,LOCK_SYS_PAGE,1245,21,532
1787550274.826,2026-08-24 05:44:34.828,InnoDB,UNDO_SPACE_RSEG,4370,21,1861
1787550274.826,2026-08-24 05:44:34.828,InnoDB,LOCK_SYS_PAGE,1409,21,548
1787550274.826,2026-08-24 05:44:34.828,InnoDB,UNDO_SPACE_RSEG,4429,21,1834
1787550274.826,2026-08-24 05:44:34.828,InnoDB,LOCK_SYS_PAGE,1295,21,557
1787550274.826,2026-08-24 05:44:34.828,InnoDB,LOCK_SYS_PAGE,1326,21,526
1787550274.826,2026-08-24 05:44:34.828,InnoDB,LOCK_SYS_PAGE,1227,21,514
1787550274.826,2026-08-24 05:44:34.828,InnoDB,UNDO_SPACE_RSEG,4490,21,1866
1787550274.826,2026-08-24 05:44:34.828,InnoDB,LOCK_SYS_PAGE,1384,21,514
1787550274.826,2026-08-24 05:44:34.828,InnoDB,LOCK_SYS_PAGE,1245,21,506
1787550274.826,2026-08-24 05:44:34.828,InnoDB,LOCK_SYS_PAGE,1368,21,592
1787550274.826,2026-08-24 05:44:34.828,InnoDB,LOCK_SYS_PAGE,1351,21,504
1787550274.826,2026-08-24 05:44:34.828,InnoDB,LOCK_SYS_PAGE,1293,21,529
1787550274.826,2026-08-24 05:44:34.828,InnoDB,LOCK_SYS_PAGE,1482,21,624
1787550274.826,2026-08-24 05:44:34.828,InnoDB,LOCK_SYS_PAGE,1268,21,568
1787550274.826,2026-08-24 05:44:34.828,InnoDB,LOCK_SYS_PAGE,1215,21,518
1787550274.826,2026-08-24 05:44:34.828,InnoDB,UNDO_SPACE_RSEG,4169,21,1807
1787550274.826,2026-08-24 05:44:34.828,InnoDB,LOCK_SYS_PAGE,1376,21,543
1787550274.826,2026-08-24 05:44:34.828,InnoDB,UNDO_SPACE_RSEG,4717,21,1987
1787550274.826,2026-08-24 05:44:34.828,InnoDB,LOCK_SYS_PAGE,1219,21,496
1787550274.826,2026-08-24 05:44:34.828,InnoDB,LOCK_SYS_PAGE,1401,21,657
1787550274.826,2026-08-24 05:44:34.828,InnoDB,UNDO_SPACE_RSEG,4611,21,1917
1787550274.826,2026-08-24 05:44:34.828,InnoDB,LOCK_SYS_PAGE,1219,21,524
1787550274.826,2026-08-24 05:44:34.828,InnoDB,UNDO_SPACE_RSEG,4411,20,1873
1787550274.826,2026-08-24 05:44:34.828,InnoDB,LOCK_SYS_PAGE,1272,20,551
1787550274.826,2026-08-24 05:44:34.828,InnoDB,LOCK_SYS_PAGE,1369,20,592
1787550274.826,2026-08-24 05:44:34.828,InnoDB,LOCK_SYS_PAGE,1259,20,516
1787550274.826,2026-08-24 05:44:34.828,InnoDB,LOCK_SYS_PAGE,1183,20,461
1787550274.826,2026-08-24 05:44:34.828,InnoDB,LOCK_SYS_PAGE,1520,20,543
1787550274.826,2026-08-24 05:44:34.828,InnoDB,UNDO_SPACE_RSEG,4232,20,1916
1787550274.826,2026-08-24 05:44:34.828,InnoDB,LOCK_SYS_PAGE,1249,20,522
1787550274.826,2026-08-24 05:44:34.828,InnoDB,UNDO_SPACE_RSEG,4536,20,1964
1787550274.826,2026-08-24 05:44:34.828,InnoDB,LOCK_SYS_PAGE,1232,20,541
1787550274.826,2026-08-24 05:44:34.828,InnoDB,LOCK_SYS_PAGE,1190,20,515
1787550274.826,2026-08-24 05:44:34.828,InnoDB,LOCK_SYS_PAGE,1252,20,570
1787550274.826,2026-08-24 05:44:34.828,InnoDB,LOCK_SYS_PAGE,1168,20,504
1787550274.826,2026-08-24 05:44:34.828,InnoDB,LOCK_SYS_PAGE,1270,20,494
1787550274.826,2026-08-24 05:44:34.828,InnoDB,UNDO_SPACE_RSEG,4499,20,1931
1787550274.826,2026-08-24 05:44:34.828,InnoDB,LOCK_SYS_PAGE,1166,20,453
1787550274.826,2026-08-24 05:44:34.828,InnoDB,LOCK_SYS_PAGE,1246,20,597
1787550274.826,2026-08-24 05:44:34.828,InnoDB,LOCK_SYS_PAGE,1303,20,501
1787550274.826,2026-08-24 05:44:34.828,InnoDB,LOCK_SYS_PAGE,1251,20,519
1787550274.826,2026-08-24 05:44:34.828,InnoDB,UNDO_SPACE_RSEG,4355,20,1838
1787550274.826,2026-08-24 05:44:34.828,InnoDB,LOCK_SYS_PAGE,1176,20,525
1787550274.826,2026-08-24 05:44:34.828,InnoDB,LOCK_SYS_PAGE,1406,20,617
1787550274.826,2026-08-24 05:44:34.828,InnoDB,LOCK_SYS_PAGE,1221,20,508
1787550274.826,2026-08-24 05:44:34.828,InnoDB,LOCK_SYS_PAGE,1254,20,560
1787550274.826,2026-08-24 05:44:34.828,InnoDB,LOCK_SYS_PAGE,1292,20,541
1787550274.826,2026-08-24 05:44:34.828,InnoDB,LOCK_SYS_PAGE,1308,20,575
1787550274.826,2026-08-24 05:44:34.828,InnoDB,UNDO_SPACE_RSEG,4404,20,1867
1787550274.826,2026-08-24 05:44:34.828,InnoDB,LOCK_SYS_PAGE,1250,20,578
1787550274.826,2026-08-24 05:44:34.828,InnoDB,LOCK_SYS_PAGE,1170,20,506
1787550274.826,2026-08-24 05:44:34.828,InnoDB,LOCK_SYS_PAGE,1337,20,603
1787550274.826,2026-08-24 05:44:34.828,InnoDB,LOCK_SYS_PAGE,1306,20,509
1787550274.826,2026-08-24 05:44:34.828,InnoDB,LOCK_SYS_PAGE,1279,20,519
1787550274.826,2026-08-24 05:44:34.828,InnoDB,LOCK_SYS_PAGE,1195,20,561
1787550274.826,2026-08-24 05:44:34.828,InnoDB,LOCK_SYS_PAGE,1287,20,507
1787550274.826,2026-08-24 05:44:34.828,InnoDB,UNDO_SPACE_RSEG,4170,20,1915
1787550274.826,2026-08-24 05:44:34.828,InnoDB,LOCK_SYS_PAGE,1249,20,529
1787550274.826,2026-08-24 05:44:34.828,InnoDB,UNDO_SPACE_RSEG,4427,20,1863
1787550274.826,2026-08-24 05:44:34.828,InnoDB,LOCK_SYS_PAGE,1287,20,568
1787550274.826,2026-08-24 05:44:34.828,InnoDB,LOCK_SYS_PAGE,1346,20,537
1787550274.826,2026-08-24 05:44:34.828,InnoDB,LOCK_SYS_PAGE,1345,20,579
1787550274.826,2026-08-24 05:44:34.828,InnoDB,LOCK_SYS_PAGE,1153,20,466
1787550274.826,2026-08-24 05:44:34.828,InnoDB,LOCK_SYS_PAGE,1298,20,521
1787550274.826,2026-08-24 05:44:34.828,InnoDB,UNDO_SPACE_RSEG,4311,20,1820
1787550274.826,2026-08-24 05:44:34.828,InnoDB,LOCK_SYS_PAGE,1315,20,568
1787550274.826,2026-08-24 05:44:34.828,InnoDB,UNDO_SPACE_RSEG,4453,20,1885
1787550274.826,2026-08-24 05:44:34.828,InnoDB,LOCK_SYS_PAGE,1201,19,555
1787550274.826,2026-08-24 05:44:34.828,InnoDB,LOCK_SYS_PAGE,1177,19,539
1787550274.826,2026-08-24 05:44:34.828,InnoDB,LOCK_SYS_PAGE,1226,19,565
1787550274.826,2026-08-24 05:44:34.828,InnoDB,LOCK_SYS_PAGE,1220,19,563
1787550274.826,2026-08-24 05:44:34.828,InnoDB,LOCK_SYS_PAGE,1324,19,585
1787550274.826,2026-08-24 05:44:34.828,InnoDB,UNDO_SPACE_RSEG,4472,19,1930
1787550274.826,2026-08-24 05:44:34.828,InnoDB,LOCK_SYS_PAGE,1121,19,495
1787550274.826,2026-08-24 05:44:34.828,InnoDB,UNDO_SPACE_RSEG,4438,19,1878
1787550274.826,2026-08-24 05:44:34.828,InnoDB,LOCK_SYS_PAGE,1173,19,477
1787550274.826,2026-08-24 05:44:34.828,InnoDB,LOCK_SYS_PAGE,1318,19,556
1787550274.826,2026-08-24 05:44:34.828,InnoDB,LOCK_SYS_PAGE,1227,19,516
1787550274.826,2026-08-24 05:44:34.828,InnoDB,LOCK_SYS_PAGE,1209,19,581
1787550274.826,2026-08-24 05:44:34.828,InnoDB,LOCK_SYS_PAGE,1235,19,498
1787550274.826,2026-08-24 05:44:34.828,InnoDB,LOCK_SYS_PAGE,1311,19,600
1787550274.826,2026-08-24 05:44:34.828,InnoDB,LOCK_SYS_PAGE,1126,19,478
1787550274.826,2026-08-24 05:44:34.828,InnoDB,LOCK_SYS_PAGE,1210,19,543
1787550274.826,2026-08-24 05:44:34.828,InnoDB,LOCK_SYS_PAGE,1201,19,535
1787550274.826,2026-08-24 05:44:34.828,InnoDB,LOCK_SYS_PAGE,1307,19,526
1787550274.826,2026-08-24 05:44:34.828,InnoDB,LOCK_SYS_PAGE,1245,19,527
1787550274.826,2026-08-24 05:44:34.828,InnoDB,UNDO_SPACE_RSEG,4448,19,1874
1787550274.826,2026-08-24 05:44:34.828,InnoDB,UNDO_SPACE_RSEG,4365,19,1855
1787550274.826,2026-08-24 05:44:34.828,InnoDB,LOCK_SYS_PAGE,1362,19,558
1787550274.826,2026-08-24 05:44:34.828,InnoDB,LOCK_SYS_PAGE,1210,19,518
1787550274.826,2026-08-24 05:44:34.828,InnoDB,LOCK_SYS_PAGE,1228,19,573
1787550274.826,2026-08-24 05:44:34.828,InnoDB,LOCK_SYS_PAGE,1207,19,525
1787550274.826,2026-08-24 05:44:34.828,InnoDB,LOCK_SYS_PAGE,1271,19,572
1787550274.826,2026-08-24 05:44:34.828,InnoDB,LOCK_SYS_PAGE,1284,19,533
1787550274.826,2026-08-24 05:44:34.828,InnoDB,LOCK_SYS_PAGE,1317,19,607
1787550274.826,2026-08-24 05:44:34.828,InnoDB,UNDO_SPACE_RSEG,4313,19,1892
1787550274.826,2026-08-24 05:44:34.828,InnoDB,LOCK_SYS_PAGE,1239,19,533
1787550274.826,2026-08-24 05:44:34.828,InnoDB,LOCK_SYS_PAGE,1197,19,500
1787550274.826,2026-08-24 05:44:34.828,InnoDB,LOCK_SYS_PAGE,1256,19,509
1787550274.826,2026-08-24 05:44:34.828,InnoDB,LOCK_SYS_PAGE,1220,19,519
1787550274.826,2026-08-24 05:44:34.828,InnoDB,TRX_POOL,626,19,51
1787550274.826,2026-08-24 05:44:34.828,InnoDB,LOCK_SYS_PAGE,1373,19,544
1787550274.826,2026-08-24 05:44:34.828,InnoDB,LOCK_SYS_PAGE,1282,19,564
1787550274.826,2026-08-24 05:44:34.828,InnoDB,LOCK_SYS_PAGE,1204,19,546
1787550274.826,2026-08-24 05:44:34.828,InnoDB,LOCK_SYS_PAGE,1251,19,552
1787550274.826,2026-08-24 05:44:34.828,InnoDB,LOCK_SYS_PAGE,1268,19,540
1787550274.826,2026-08-24 05:44:34.828,InnoDB,LOCK_SYS_PAGE,1322,19,580
1787550274.826,2026-08-24 05:44:34.828,InnoDB,LOCK_SYS_PAGE,1168,19,545
1787550274.826,2026-08-24 05:44:34.828,InnoDB,LOCK_SYS_PAGE,1337,19,599
1787550274.826,2026-08-24 05:44:34.828,InnoDB,LOCK_SYS_PAGE,1249,19,555
1787550274.826,2026-08-24 05:44:34.828,InnoDB,UNDO_SPACE_RSEG,4398,19,1948
1787550274.826,2026-08-24 05:44:34.828,InnoDB,LOCK_SYS_PAGE,1142,19,481
1787550274.826,2026-08-24 05:44:34.828,InnoDB,LOCK_SYS_PAGE,1195,18,498
1787550274.826,2026-08-24 05:44:34.828,InnoDB,LOCK_SYS_PAGE,1179,18,580
1787550274.826,2026-08-24 05:44:34.828,InnoDB,LOCK_SYS_PAGE,1246,18,562
1787550274.826,2026-08-24 05:44:34.828,InnoDB,LOCK_SYS_PAGE,1161,18,502
1787550274.826,2026-08-24 05:44:34.828,InnoDB,LOCK_SYS_PAGE,1200,18,570
1787550274.826,2026-08-24 05:44:34.828,InnoDB,LOCK_SYS_PAGE,1187,18,515
1787550274.826,2026-08-24 05:44:34.828,InnoDB,LOCK_SYS_PAGE,1225,18,516
1787550274.826,2026-08-24 05:44:34.828,InnoDB,LOCK_SYS_PAGE,1213,18,546
1787550274.826,2026-08-24 05:44:34.828,InnoDB,LOCK_SYS_PAGE,1192,18,491
1787550274.826,2026-08-24 05:44:34.828,InnoDB,UNDO_SPACE_RSEG,4393,18,1926
1787550274.826,2026-08-24 05:44:34.828,InnoDB,LOCK_SYS_PAGE,1176,18,539
1787550274.826,2026-08-24 05:44:34.828,InnoDB,LOCK_SYS_PAGE,1208,18,525
1787550274.826,2026-08-24 05:44:34.828,InnoDB,LOCK_SYS_PAGE,1103,18,534
1787550274.826,2026-08-24 05:44:34.828,InnoDB,LOCK_SYS_PAGE,1176,18,488
1787550274.826,2026-08-24 05:44:34.828,InnoDB,UNDO_SPACE_RSEG,4346,18,1895
1787550274.826,2026-08-24 05:44:34.828,InnoDB,LOCK_SYS_PAGE,1288,18,547
1787550274.826,2026-08-24 05:44:34.828,InnoDB,LOCK_SYS_PAGE,1293,18,594
1787550274.826,2026-08-24 05:44:34.828,InnoDB,LOCK_SYS_PAGE,1214,18,575
1787550274.826,2026-08-24 05:44:34.828,InnoDB,LOCK_SYS_PAGE,1172,18,547
1787550274.826,2026-08-24 05:44:34.828,InnoDB,LOCK_SYS_PAGE,1264,18,587
1787550274.826,2026-08-24 05:44:34.828,InnoDB,LOCK_SYS_PAGE,1241,18,557
1787550274.826,2026-08-24 05:44:34.828,InnoDB,LOCK_SYS_PAGE,1192,18,558
1787550274.826,2026-08-24 05:44:34.828,InnoDB,LOCK_SYS_PAGE,1123,18,518
1787550274.826,2026-08-24 05:44:34.828,InnoDB,LOCK_SYS_PAGE,1197,18,474
1787550274.826,2026-08-24 05:44:34.828,InnoDB,LOCK_SYS_PAGE,1108,18,491
1787550274.826,2026-08-24 05:44:34.828,InnoDB,LOCK_SYS_PAGE,1230,18,517
1787550274.826,2026-08-24 05:44:34.828,InnoDB,LOCK_SYS_PAGE,1233,18,539
1787550274.826,2026-08-24 05:44:34.828,InnoDB,UNDO_SPACE_RSEG,4158,18,1816
1787550274.826,2026-08-24 05:44:34.828,InnoDB,LOCK_SYS_PAGE,1113,18,533
1787550274.826,2026-08-24 05:44:34.828,InnoDB,LOCK_SYS_PAGE,1193,18,529
1787550274.826,2026-08-24 05:44:34.828,InnoDB,UNDO_SPACE_RSEG,4220,18,1851
1787550274.826,2026-08-24 05:44:34.828,InnoDB,LOCK_SYS_PAGE,1215,18,549
1787550274.826,2026-08-24 05:44:34.828,InnoDB,LOCK_SYS_PAGE,1192,18,507
1787550274.826,2026-08-24 05:44:34.828,InnoDB,LOCK_SYS_PAGE,1275,18,580
1787550274.826,2026-08-24 05:44:34.828,InnoDB,UNDO_SPACE_RSEG,4396,18,1970
1787550274.826,2026-08-24 05:44:34.828,InnoDB,LOCK_SYS_PAGE,1145,18,497
1787550274.826,2026-08-24 05:44:34.828,InnoDB,LOCK_SYS_PAGE,1301,18,575
1787550274.826,2026-08-24 05:44:34.828,InnoDB,LOCK_SYS_PAGE,1204,18,507
1787550274.826,2026-08-24 05:44:34.828,InnoDB,LOCK_SYS_PAGE,1148,18,561
1787550274.826,2026-08-24 05:44:34.828,InnoDB,LOCK_SYS_PAGE,1136,18,515
1787550274.826,2026-08-24 05:44:34.828,InnoDB,LOCK_SYS_PAGE,1102,18,485
1787550274.826,2026-08-24 05:44:34.828,InnoDB,LOCK_SYS_PAGE,1255,18,548
1787550274.826,2026-08-24 05:44:34.828,InnoDB,LOCK_SYS_PAGE,1276,18,540
1787550274.826,2026-08-24 05:44:34.828,InnoDB,LOCK_SYS_PAGE,1197,17,506
1787550274.826,2026-08-24 05:44:34.828,InnoDB,LOCK_SYS_PAGE,1206,17,520
1787550274.826,2026-08-24 05:44:34.828,InnoDB,UNDO_SPACE_RSEG,4243,17,1813
1787550274.826,2026-08-24 05:44:34.828,InnoDB,LOCK_SYS_PAGE,1160,17,572
1787550274.826,2026-08-24 05:44:34.828,InnoDB,LOCK_SYS_PAGE,1180,17,538
1787550274.826,2026-08-24 05:44:34.828,InnoDB,LOCK_SYS_PAGE,1242,17,559
1787550274.826,2026-08-24 05:44:34.828,InnoDB,LOCK_SYS_PAGE,1245,17,595
1787550274.826,2026-08-24 05:44:34.828,InnoDB,LOCK_SYS_PAGE,1136,17,524
1787550274.826,2026-08-24 05:44:34.828,InnoDB,LOCK_SYS_PAGE,1176,17,510
1787550274.826,2026-08-24 05:44:34.828,InnoDB,LOCK_SYS_PAGE,1247,17,569
1787550274.826,2026-08-24 05:44:34.828,InnoDB,LOCK_SYS_PAGE,1195,17,538
1787550274.826,2026-08-24 05:44:34.828,InnoDB,LOCK_SYS_PAGE,1150,17,560
1787550274.826,2026-08-24 05:44:34.828,InnoDB,LOCK_SYS_PAGE,1128,17,551
1787550274.826,2026-08-24 05:44:34.828,InnoDB,UNDO_SPACE_RSEG,4566,17,1984
1787550274.826,2026-08-24 05:44:34.828,InnoDB,LOCK_SYS_PAGE,1250,17,486
1787550274.826,2026-08-24 05:44:34.828,InnoDB,LOCK_SYS_PAGE,1204,17,564
1787550274.826,2026-08-24 05:44:34.828,InnoDB,LOCK_SYS_PAGE,1271,17,553
1787550274.826,2026-08-24 05:44:34.828,InnoDB,LOCK_SYS_PAGE,1270,17,537
1787550274.826,2026-08-24 05:44:34.828,InnoDB,LOCK_SYS_PAGE,1214,17,533
1787550274.826,2026-08-24 05:44:34.828,InnoDB,LOCK_SYS_PAGE,1141,17,545
1787550274.826,2026-08-24 05:44:34.828,InnoDB,LOCK_SYS_PAGE,1196,17,584
1787550274.826,2026-08-24 05:44:34.828,InnoDB,LOCK_SYS_PAGE,1172,17,543
1787550274.826,2026-08-24 05:44:34.828,InnoDB,LOCK_SYS_PAGE,1248,17,540
1787550274.826,2026-08-24 05:44:34.828,InnoDB,LOCK_SYS_PAGE,1215,17,519
1787550274.826,2026-08-24 05:44:34.828,InnoDB,LOCK_SYS_PAGE,1147,17,525
1787550274.826,2026-08-24 05:44:34.828,InnoDB,LOCK_SYS_PAGE,1197,17,495
1787550274.826,2026-08-24 05:44:34.828,InnoDB,LOCK_SYS_PAGE,1151,17,552
1787550274.826,2026-08-24 05:44:34.828,InnoDB,LOCK_SYS_PAGE,1271,17,616
1787550274.826,2026-08-24 05:44:34.828,InnoDB,LOCK_SYS_PAGE,1129,17,502
1787550274.826,2026-08-24 05:44:34.828,InnoDB,LOCK_SYS_PAGE,1301,17,637
1787550274.826,2026-08-24 05:44:34.828,InnoDB,LOCK_SYS_PAGE,1289,17,573
1787550274.826,2026-08-24 05:44:34.828,InnoDB,LOCK_SYS_PAGE,1158,17,578
1787550274.826,2026-08-24 05:44:34.828,InnoDB,LOCK_SYS_PAGE,1165,17,531
1787550274.826,2026-08-24 05:44:34.828,InnoDB,LOCK_SYS_PAGE,1101,17,498
1787550274.826,2026-08-24 05:44:34.828,InnoDB,LOCK_SYS_PAGE,1189,17,519
1787550274.826,2026-08-24 05:44:34.828,InnoDB,LOCK_SYS_PAGE,1122,17,533
1787550274.826,2026-08-24 05:44:34.828,InnoDB,LOCK_SYS_PAGE,1122,17,520
1787550274.826,2026-08-24 05:44:34.828,InnoDB,LOCK_SYS_PAGE,1286,17,612
1787550274.826,2026-08-24 05:44:34.828,InnoDB,LOCK_SYS_PAGE,1259,17,532
1787550274.826,2026-08-24 05:44:34.828,InnoDB,LOCK_SYS_PAGE,1217,17,600
1787550274.826,2026-08-24 05:44:34.828,InnoDB,LOCK_SYS_PAGE,1105,17,503
1787550274.826,2026-08-24 05:44:34.828,InnoDB,LOCK_SYS_PAGE,1179,17,486
1787550274.826,2026-08-24 05:44:34.828,InnoDB,LOCK_SYS_PAGE,1211,17,519
1787550274.826,2026-08-24 05:44:34.828,InnoDB,LOCK_SYS_PAGE,1219,17,499
1787550274.826,2026-08-24 05:44:34.828,InnoDB,LOCK_SYS_PAGE,1075,16,483
1787550274.826,2026-08-24 05:44:34.828,InnoDB,LOCK_SYS_PAGE,1132,16,503
1787550274.826,2026-08-24 05:44:34.828,InnoDB,UNDO_SPACE_RSEG,4485,16,1987
1787550274.826,2026-08-24 05:44:34.828,InnoDB,LOCK_SYS_PAGE,1192,16,507
1787550274.826,2026-08-24 05:44:34.828,InnoDB,LOCK_SYS_PAGE,1134,16,554
1787550274.826,2026-08-24 05:44:34.828,InnoDB,LOCK_SYS_PAGE,1154,16,505
1787550274.826,2026-08-24 05:44:34.828,InnoDB,LOCK_SYS_PAGE,1116,16,539
1787550274.826,2026-08-24 05:44:34.828,InnoDB,LOCK_SYS_PAGE,1227,16,524
1787550274.826,2026-08-24 05:44:34.828,InnoDB,LOCK_SYS_PAGE,1177,16,583
1787550274.826,2026-08-24 05:44:34.828,InnoDB,LOCK_SYS_PAGE,1131,16,556
1787550274.826,2026-08-24 05:44:34.828,InnoDB,UNDO_SPACE_RSEG,4334,16,1895
1787550274.826,2026-08-24 05:44:34.828,InnoDB,LOCK_SYS_PAGE,1168,16,531
1787550274.826,2026-08-24 05:44:34.828,InnoDB,LOCK_SYS_PAGE,1094,16,519
1787550274.826,2026-08-24 05:44:34.828,InnoDB,LOCK_SYS_PAGE,1061,16,513
1787550274.826,2026-08-24 05:44:34.828,InnoDB,LOCK_SYS_PAGE,1160,16,531
1787550274.826,2026-08-24 05:44:34.828,InnoDB,LOCK_SYS_PAGE,1224,16,551
1787550274.826,2026-08-24 05:44:34.828,InnoDB,LOCK_SYS_PAGE,1096,16,561
1787550274.826,2026-08-24 05:44:34.828,InnoDB,LOCK_SYS_PAGE,1205,16,533
1787550274.826,2026-08-24 05:44:34.828,InnoDB,LOCK_SYS_PAGE,1125,16,525
1787550274.826,2026-08-24 05:44:34.828,InnoDB,LOCK_SYS_PAGE,1199,16,552
1787550274.826,2026-08-24 05:44:34.828,InnoDB,LOCK_SYS_PAGE,1178,16,567
1787550274.826,2026-08-24 05:44:34.828,InnoDB,LOCK_SYS_PAGE,1174,16,554
1787550274.826,2026-08-24 05:44:34.828,InnoDB,LOCK_SYS_PAGE,1222,16,516
1787550274.826,2026-08-24 05:44:34.828,InnoDB,LOCK_SYS_PAGE,1145,16,528
1787550274.826,2026-08-24 05:44:34.828,InnoDB,LOCK_SYS_PAGE,1112,16,499
1787550274.826,2026-08-24 05:44:34.828,InnoDB,LOCK_SYS_PAGE,1147,16,534
1787550274.826,2026-08-24 05:44:34.828,InnoDB,LOCK_SYS_PAGE,1219,16,539
1787550274.826,2026-08-24 05:44:34.828,InnoDB,LOCK_SYS_PAGE,1014,16,516
1787550274.826,2026-08-24 05:44:34.828,InnoDB,LOCK_SYS_PAGE,1189,16,501
1787550274.826,2026-08-24 05:44:34.828,InnoDB,LOCK_SYS_PAGE,1174,16,500
1787550274.826,2026-08-24 05:44:34.828,InnoDB,LOCK_SYS_PAGE,1191,16,524
1787550274.826,2026-08-24 05:44:34.828,InnoDB,LOCK_SYS_PAGE,1206,16,560
1787550274.826,2026-08-24 05:44:34.828,InnoDB,LOCK_SYS_PAGE,1163,16,549
1787550274.826,2026-08-24 05:44:34.828,InnoDB,LOCK_SYS_PAGE,1088,16,516
1787550274.826,2026-08-24 05:44:34.828,InnoDB,LOCK_SYS_PAGE,1130,16,517
1787550274.826,2026-08-24 05:44:34.828,InnoDB,LOCK_SYS_PAGE,1148,16,602
1787550274.826,2026-08-24 05:44:34.828,InnoDB,LOCK_SYS_PAGE,1107,16,481
1787550274.826,2026-08-24 05:44:34.828,InnoDB,LOCK_SYS_PAGE,1121,16,554
1787550274.826,2026-08-24 05:44:34.828,InnoDB,LOCK_SYS_PAGE,1215,16,521
1787550274.826,2026-08-24 05:44:34.828,InnoDB,LOCK_SYS_PAGE,1073,16,437
1787550274.826,2026-08-24 05:44:34.828,InnoDB,LOCK_SYS_PAGE,1142,16,535
1787550274.826,2026-08-24 05:44:34.828,InnoDB,LOCK_SYS_PAGE,1256,16,581
1787550274.826,2026-08-24 05:44:34.828,InnoDB,LOCK_SYS_PAGE,1152,16,494
1787550274.826,2026-08-24 05:44:34.828,InnoDB,LOCK_SYS_PAGE,1172,16,565
1787550274.826,2026-08-24 05:44:34.828,InnoDB,LOCK_SYS_PAGE,1099,16,537
1787550274.826,2026-08-24 05:44:34.828,InnoDB,LOCK_SYS_PAGE,1154,16,575
1787550274.826,2026-08-24 05:44:34.828,InnoDB,LOCK_SYS_PAGE,1152,16,631
1787550274.826,2026-08-24 05:44:34.828,InnoDB,LOCK_SYS_PAGE,1103,15,557
1787550274.826,2026-08-24 05:44:34.828,InnoDB,LOCK_SYS_PAGE,1110,15,552
1787550274.826,2026-08-24 05:44:34.828,InnoDB,LOCK_SYS_PAGE,1127,15,551
1787550274.826,2026-08-24 05:44:34.828,InnoDB,LOCK_SYS_PAGE,1260,15,522
1787550274.826,2026-08-24 05:44:34.828,InnoDB,LOCK_SYS_PAGE,1035,15,503
1787550274.826,2026-08-24 05:44:34.828,InnoDB,LOCK_SYS_PAGE,1120,15,581
1787550274.826,2026-08-24 05:44:34.828,InnoDB,LOCK_SYS_PAGE,1084,15,521
1787550274.826,2026-08-24 05:44:34.828,InnoDB,LOCK_SYS_PAGE,1158,15,556
1787550274.826,2026-08-24 05:44:34.828,InnoDB,LOCK_SYS_PAGE,1135,15,532
1787550274.826,2026-08-24 05:44:34.828,InnoDB,LOCK_SYS_PAGE,1132,15,522
1787550274.826,2026-08-24 05:44:34.828,InnoDB,LOCK_SYS_PAGE,1018,15,518
1787550274.826,2026-08-24 05:44:34.828,InnoDB,LOCK_SYS_PAGE,1086,15,515
1787550274.826,2026-08-24 05:44:34.828,InnoDB,LOCK_SYS_PAGE,1148,15,526
1787550274.826,2026-08-24 05:44:34.828,InnoDB,LOCK_SYS_PAGE,1077,15,540
1787550274.826,2026-08-24 05:44:34.828,InnoDB,LOCK_SYS_PAGE,1031,15,482
1787550274.826,2026-08-24 05:44:34.828,InnoDB,LOCK_SYS_PAGE,1061,15,519
1787550274.826,2026-08-24 05:44:34.828,InnoDB,UNDO_SPACE_RSEG,4205,15,1892
1787550274.826,2026-08-24 05:44:34.828,InnoDB,LOCK_SYS_PAGE,1109,15,552
1787550274.826,2026-08-24 05:44:34.828,InnoDB,LOCK_SYS_PAGE,969,15,431
1787550274.826,2026-08-24 05:44:34.828,InnoDB,LOCK_SYS_PAGE,1175,15,562
1787550274.826,2026-08-24 05:44:34.828,InnoDB,LOCK_SYS_PAGE,1077,15,471
1787550274.826,2026-08-24 05:44:34.828,InnoDB,LOCK_SYS_PAGE,1075,15,510
1787550274.826,2026-08-24 05:44:34.828,InnoDB,LOCK_SYS_PAGE,1150,15,545
1787550274.826,2026-08-24 05:44:34.828,InnoDB,LOCK_SYS_PAGE,1089,15,505
1787550274.826,2026-08-24 05:44:34.828,InnoDB,LOCK_SYS_PAGE,1154,15,539
1787550274.826,2026-08-24 05:44:34.828,InnoDB,LOCK_SYS_PAGE,1131,15,537
1787550274.826,2026-08-24 05:44:34.828,InnoDB,LOCK_SYS_PAGE,1111,15,517
1787550274.826,2026-08-24 05:44:34.828,InnoDB,LOCK_SYS_PAGE,1095,15,484
1787550274.826,2026-08-24 05:44:34.828,InnoDB,LOCK_SYS_PAGE,1072,15,520
1787550274.826,2026-08-24 05:44:34.828,InnoDB,LOCK_SYS_PAGE,1109,15,511
1787550274.826,2026-08-24 05:44:34.828,InnoDB,LOCK_SYS_PAGE,1126,15,561
1787550274.826,2026-08-24 05:44:34.828,InnoDB,LOCK_SYS_PAGE,1039,15,488
1787550274.826,2026-08-24 05:44:34.828,InnoDB,LOCK_SYS_PAGE,1116,15,534
1787550274.826,2026-08-24 05:44:34.828,InnoDB,LOCK_SYS_PAGE,1114,15,566
1787550274.826,2026-08-24 05:44:34.828,InnoDB,LOCK_SYS_PAGE,1080,15,508
1787550274.826,2026-08-24 05:44:34.828,InnoDB,LOCK_SYS_PAGE,1123,15,574
1787550274.826,2026-08-24 05:44:34.828,InnoDB,LOCK_SYS_PAGE,1090,15,510
1787550274.826,2026-08-24 05:44:34.828,InnoDB,LOCK_SYS_PAGE,1144,15,521
1787550274.826,2026-08-24 05:44:34.828,InnoDB,LOCK_SYS_PAGE,1185,15,516
1787550274.826,2026-08-24 05:44:34.828,InnoDB,LOCK_SYS_PAGE,1084,14,493
1787550274.826,2026-08-24 05:44:34.828,InnoDB,LOCK_SYS_PAGE,1017,14,475
1787550274.826,2026-08-24 05:44:34.828,InnoDB,LOCK_SYS_PAGE,1003,14,495
1787550274.826,2026-08-24 05:44:34.828,InnoDB,LOCK_SYS_PAGE,1092,14,560
1787550274.826,2026-08-24 05:44:34.828,InnoDB,LOCK_SYS_PAGE,1021,14,505
1787550274.826,2026-08-24 05:44:34.828,InnoDB,LOCK_SYS_PAGE,915,14,454
1787550274.826,2026-08-24 05:44:34.828,InnoDB,LOCK_SYS_PAGE,971,14,498
1787550274.826,2026-08-24 05:44:34.828,InnoDB,LOCK_SYS_PAGE,1040,14,514
1787550274.826,2026-08-24 05:44:34.828,InnoDB,LOCK_SYS_PAGE,1111,14,580
1787550274.826,2026-08-24 05:44:34.828,InnoDB,LOCK_SYS_PAGE,1140,14,530
1787550274.826,2026-08-24 05:44:34.828,InnoDB,LOCK_SYS_PAGE,1067,14,538
1787550274.826,2026-08-24 05:44:34.828,InnoDB,LOCK_SYS_PAGE,1129,14,539
1787550274.826,2026-08-24 05:44:34.828,InnoDB,LOCK_SYS_PAGE,1068,14,553
1787550274.826,2026-08-24 05:44:34.828,InnoDB,LOCK_SYS_PAGE,1010,14,516
1787550274.826,2026-08-24 05:44:34.828,InnoDB,LOCK_SYS_PAGE,1116,14,533
1787550274.826,2026-08-24 05:44:34.828,InnoDB,LOCK_SYS_PAGE,1080,14,544
1787550274.826,2026-08-24 05:44:34.828,InnoDB,LOCK_SYS_PAGE,1089,14,529
1787550274.826,2026-08-24 05:44:34.828,InnoDB,LOCK_SYS_PAGE,1045,14,509
1787550274.826,2026-08-24 05:44:34.828,InnoDB,LOCK_SYS_PAGE,1108,14,520
1787550274.826,2026-08-24 05:44:34.828,InnoDB,LOCK_SYS_PAGE,1057,14,518
1787550274.826,2026-08-24 05:44:34.828,InnoDB,LOCK_SYS_PAGE,1180,14,594
1787550274.826,2026-08-24 05:44:34.828,InnoDB,LOCK_SYS_PAGE,1058,14,532
1787550274.826,2026-08-24 05:44:34.828,InnoDB,LOCK_SYS_PAGE,1099,14,546
1787550274.826,2026-08-24 05:44:34.828,InnoDB,LOCK_SYS_PAGE,1087,14,567
1787550274.826,2026-08-24 05:44:34.828,InnoDB,LOCK_SYS_PAGE,1132,14,559
1787550274.826,2026-08-24 05:44:34.828,InnoDB,LOCK_SYS_PAGE,1216,14,592
1787550274.826,2026-08-24 05:44:34.828,InnoDB,LOCK_SYS_PAGE,1018,14,470
1787550274.826,2026-08-24 05:44:34.828,InnoDB,LOCK_SYS_PAGE,1060,14,518
1787550274.826,2026-08-24 05:44:34.828,InnoDB,LOCK_SYS_PAGE,1061,14,522
1787550274.826,2026-08-24 05:44:34.828,InnoDB,LOCK_SYS_PAGE,1200,14,581
1787550274.826,2026-08-24 05:44:34.828,InnoDB,LOCK_SYS_PAGE,1074,14,558
1787550274.826,2026-08-24 05:44:34.828,InnoDB,LOCK_SYS_PAGE,1008,14,513
1787550274.826,2026-08-24 05:44:34.828,InnoDB,LOCK_SYS_PAGE,1014,14,479
1787550274.826,2026-08-24 05:44:34.828,InnoDB,LOCK_SYS_PAGE,1135,14,508
1787550274.826,2026-08-24 05:44:34.828,InnoDB,LOCK_SYS_PAGE,1114,14,551
1787550274.826,2026-08-24 05:44:34.828,InnoDB,LOCK_SYS_PAGE,1178,14,563
1787550274.826,2026-08-24 05:44:34.828,InnoDB,LOCK_SYS_PAGE,1119,14,582
1787550274.826,2026-08-24 05:44:34.828,InnoDB,LOCK_SYS_PAGE,1009,14,487
1787550274.826,2026-08-24 05:44:34.828,InnoDB,LOCK_SYS_PAGE,922,14,495
1787550274.826,2026-08-24 05:44:34.828,InnoDB,LOCK_SYS_PAGE,1005,14,535
1787550274.826,2026-08-24 05:44:34.828,InnoDB,LOCK_SYS_PAGE,1020,14,532
1787550274.826,2026-08-24 05:44:34.828,InnoDB,LOCK_SYS_PAGE,1090,14,561
1787550274.826,2026-08-24 05:44:34.828,InnoDB,LOCK_SYS_PAGE,1014,14,545
1787550274.826,2026-08-24 05:44:34.828,InnoDB,LOCK_SYS_PAGE,1075,14,564
1787550274.826,2026-08-24 05:44:34.828,InnoDB,LOCK_SYS_PAGE,997,13,560
1787550274.826,2026-08-24 05:44:34.828,InnoDB,LOCK_SYS_PAGE,1135,13,573
1787550274.826,2026-08-24 05:44:34.828,InnoDB,LOCK_SYS_PAGE,1051,13,471
1787550274.826,2026-08-24 05:44:34.828,InnoDB,LOCK_SYS_PAGE,938,13,465
1787550274.826,2026-08-24 05:44:34.828,InnoDB,LOCK_SYS_PAGE,1164,13,529
1787550274.826,2026-08-24 05:44:34.828,InnoDB,LOCK_SYS_PAGE,978,13,506
1787550274.826,2026-08-24 05:44:34.828,InnoDB,LOCK_SYS_PAGE,1132,13,541
1787550274.826,2026-08-24 05:44:34.828,InnoDB,LOCK_SYS_PAGE,991,13,494
1787550274.826,2026-08-24 05:44:34.828,InnoDB,LOCK_SYS_PAGE,1086,13,576
1787550274.826,2026-08-24 05:44:34.828,InnoDB,LOCK_SYS_PAGE,987,13,496
1787550274.826,2026-08-24 05:44:34.828,InnoDB,LOCK_SYS_PAGE,1044,13,515
1787550274.826,2026-08-24 05:44:34.828,InnoDB,LOCK_SYS_PAGE,1030,13,601
1787550274.826,2026-08-24 05:44:34.828,InnoDB,LOCK_SYS_PAGE,1048,13,556
1787550274.826,2026-08-24 05:44:34.828,InnoDB,LOCK_SYS_PAGE,1023,13,493
1787550274.826,2026-08-24 05:44:34.828,InnoDB,LOCK_SYS_PAGE,1011,13,515
1787550274.826,2026-08-24 05:44:34.828,InnoDB,LOCK_SYS_PAGE,1139,13,530
1787550274.826,2026-08-24 05:44:34.828,InnoDB,LOCK_SYS_PAGE,1045,13,510
1787550274.826,2026-08-24 05:44:34.828,InnoDB,LOCK_SYS_PAGE,1012,13,507
1787550274.826,2026-08-24 05:44:34.828,InnoDB,LOCK_SYS_PAGE,1065,13,552
1787550274.826,2026-08-24 05:44:34.828,InnoDB,LOCK_SYS_PAGE,1088,13,565
1787550274.826,2026-08-24 05:44:34.828,InnoDB,LOCK_SYS_PAGE,960,13,463
1787550274.826,2026-08-24 05:44:34.828,InnoDB,LOCK_SYS_PAGE,1066,13,551
1787550274.826,2026-08-24 05:44:34.828,InnoDB,LOCK_SYS_PAGE,1057,13,564
1787550274.826,2026-08-24 05:44:34.828,InnoDB,LOCK_SYS_PAGE,993,12,555
1787550274.826,2026-08-24 05:44:34.828,InnoDB,LOCK_SYS_PAGE,1137,12,532
1787550274.826,2026-08-24 05:44:34.828,InnoDB,LOCK_SYS_PAGE,1041,12,494
1787550274.826,2026-08-24 05:44:34.828,InnoDB,LOCK_SYS_PAGE,1099,12,503
1787550274.826,2026-08-24 05:44:34.828,InnoDB,LOCK_SYS_PAGE,1069,12,546
1787550274.826,2026-08-24 05:44:34.828,InnoDB,LOCK_SYS_PAGE,914,12,441
1787550274.826,2026-08-24 05:44:34.828,InnoDB,LOCK_SYS_PAGE,1120,12,513
1787550274.826,2026-08-24 05:44:34.828,InnoDB,LOCK_SYS_PAGE,1011,12,548
1787550274.826,2026-08-24 05:44:34.828,InnoDB,LOCK_SYS_PAGE,1070,12,540
1787550274.826,2026-08-24 05:44:34.828,InnoDB,LOCK_SYS_PAGE,1017,12,556
1787550274.826,2026-08-24 05:44:34.828,InnoDB,LOCK_SYS_PAGE,1013,12,548
1787550274.826,2026-08-24 05:44:34.828,InnoDB,LOCK_SYS_PAGE,940,12,484
1787550274.826,2026-08-24 05:44:34.828,InnoDB,LOCK_SYS_PAGE,962,12,477
1787550274.826,2026-08-24 05:44:34.828,InnoDB,LOCK_SYS_PAGE,1032,12,545
1787550274.826,2026-08-24 05:44:34.828,InnoDB,LOCK_SYS_PAGE,976,12,484
1787550274.826,2026-08-24 05:44:34.828,InnoDB,LOCK_SYS_PAGE,908,12,501
1787550274.826,2026-08-24 05:44:34.828,InnoDB,LOCK_SYS_PAGE,1052,12,573
1787550274.826,2026-08-24 05:44:34.828,InnoDB,LOCK_SYS_PAGE,1030,12,541
1787550274.826,2026-08-24 05:44:34.828,InnoDB,LOCK_SYS_PAGE,986,12,479
1787550274.826,2026-08-24 05:44:34.828,InnoDB,LOCK_SYS_PAGE,980,12,509
1787550274.826,2026-08-24 05:44:34.828,InnoDB,LOCK_SYS_PAGE,951,12,515
1787550274.826,2026-08-24 05:44:34.828,InnoDB,LOCK_SYS_PAGE,986,12,519
1787550274.826,2026-08-24 05:44:34.828,InnoDB,LOCK_SYS_PAGE,1016,12,506
1787550274.826,2026-08-24 05:44:34.828,InnoDB,LOCK_SYS_PAGE,1065,12,529
1787550274.826,2026-08-24 05:44:34.828,InnoDB,LOCK_SYS_PAGE,1071,12,576
1787550274.826,2026-08-24 05:44:34.828,InnoDB,LOCK_SYS_PAGE,921,11,550
1787550274.826,2026-08-24 05:44:34.828,InnoDB,UNDO_SPACE_RSEG,4304,11,1909
1787550274.826,2026-08-24 05:44:34.828,InnoDB,LOCK_SYS_PAGE,905,11,513
1787550274.826,2026-08-24 05:44:34.828,InnoDB,LOCK_SYS_PAGE,969,11,541
1787550274.826,2026-08-24 05:44:34.828,InnoDB,LOCK_SYS_PAGE,970,11,513
1787550274.826,2026-08-24 05:44:34.828,InnoDB,LOCK_SYS_PAGE,1011,11,539
1787550274.826,2026-08-24 05:44:34.828,InnoDB,LOCK_SYS_PAGE,1002,11,577
1787550274.826,2026-08-24 05:44:34.828,InnoDB,LOCK_SYS_PAGE,907,11,500
1787550274.826,2026-08-24 05:44:34.828,InnoDB,LOCK_SYS_PAGE,923,11,516
1787550274.826,2026-08-24 05:44:34.828,InnoDB,LOCK_SYS_PAGE,1025,11,569
1787550274.826,2026-08-24 05:44:34.828,InnoDB,LOCK_SYS_PAGE,1008,11,509
1787550274.826,2026-08-24 05:44:34.828,InnoDB,LOCK_SYS_PAGE,940,11,520
1787550274.826,2026-08-24 05:44:34.828,InnoDB,LOCK_SYS_PAGE,986,11,497
1787550274.826,2026-08-24 05:44:34.828,InnoDB,LOCK_SYS_PAGE,959,11,524
1787550274.826,2026-08-24 05:44:34.828,InnoDB,LOCK_SYS_PAGE,1136,10,621
1787550274.826,2026-08-24 05:44:34.828,InnoDB,LOCK_SYS_PAGE,948,10,550
1787550274.826,2026-08-24 05:44:34.828,InnoDB,LOCK_SYS_PAGE,1020,10,535
1787550274.826,2026-08-24 05:44:34.828,InnoDB,DICT_TABLE_STATS_COMPUTE,300,10,4
1787550274.826,2026-08-24 05:44:34.828,InnoDB,LOCK_SYS_PAGE,971,10,561
1787550274.826,2026-08-24 05:44:34.828,InnoDB,LOCK_SYS_PAGE,975,10,540
1787550274.826,2026-08-24 05:44:34.828,InnoDB,LOCK_SYS_PAGE,1005,10,547
1787550274.826,2026-08-24 05:44:34.828,InnoDB,LOCK_SYS_PAGE,965,10,559
1787550274.826,2026-08-24 05:44:34.828,InnoDB,LOCK_SYS_PAGE,1040,10,589
1787550274.826,2026-08-24 05:44:34.828,InnoDB,LOCK_SYS_PAGE,922,10,524
1787550274.826,2026-08-24 05:44:34.828,InnoDB,LOCK_SYS_PAGE,1088,10,590
1787550274.826,2026-08-24 05:44:34.828,InnoDB,LOCK_SYS_PAGE,1046,10,611
1787550274.826,2026-08-24 05:44:34.828,InnoDB,LOCK_SYS_PAGE,921,9,522
1787550274.826,2026-08-24 05:44:34.828,InnoDB,LOCK_SYS_PAGE,962,9,542
1787550274.826,2026-08-24 05:44:34.828,InnoDB,LOCK_SYS_PAGE,889,9,479
1787550274.826,2026-08-24 05:44:34.828,InnoDB,LOCK_SYS_PAGE,1006,9,526
1787550274.826,2026-08-24 05:44:34.828,InnoDB,LOCK_SYS_PAGE,962,9,547
1787550274.826,2026-08-24 05:44:34.828,InnoDB,LOCK_SYS_PAGE,802,8,497
1787550274.826,2026-08-24 05:44:34.828,InnoDB,LOCK_SYS_PAGE,930,8,556
1787550274.826,2026-08-24 05:44:34.828,InnoDB,LOCK_SYS_PAGE,831,8,521
1787550274.826,2026-08-24 05:44:34.828,InnoDB,LOCK_SYS_PAGE,834,8,528
1787550274.826,2026-08-24 05:44:34.828,InnoDB,LOCK_SYS_PAGE,892,7,584
1787550274.826,2026-08-24 05:44:34.828,InnoDB,LOCK_SYS_PAGE,851,7,528
1787550274.826,2026-08-24 05:44:34.828,InnoDB,LOCK_SYS_WAIT,234,7,9
1787550274.826,2026-08-24 05:44:34.828,InnoDB,PARSER,242,6,6
1787550274.826,2026-08-24 05:44:34.828,InnoDB,FIL_SHARD,203,4,71
1787550274.826,2026-08-24 05:44:34.828,InnoDB,FIL_SHARD,156,3,73
1787550274.826,2026-08-24 05:44:34.828,InnoDB,FIL_SHARD,246,3,177
1787550274.826,2026-08-24 05:44:34.828,InnoDB,FIL_SHARD,100,2,24
1787550274.826,2026-08-24 05:44:34.828,InnoDB,FIL_SHARD,90,2,36
1787550274.826,2026-08-24 05:44:34.828,InnoDB,FIL_SHARD,132,2,93
1787550274.826,2026-08-24 05:44:34.828,InnoDB,FIL_SHARD,87,2,33
1787550274.826,2026-08-24 05:44:34.828,InnoDB,FIL_SHARD,119,2,58
1787550274.826,2026-08-24 05:44:34.828,InnoDB,FIL_SHARD,178,2,134
1787550274.826,2026-08-24 05:44:34.828,InnoDB,FIL_SHARD,136,2,49
1787550274.826,2026-08-24 05:44:34.828,InnoDB,FIL_SHARD,107,1,107
1787550274.826,2026-08-24 05:44:34.828,InnoDB,FIL_SHARD,49,1,29
1787550274.826,2026-08-24 05:44:34.828,InnoDB,TRX_SYS_SHARD,35,1,2
1787550274.826,2026-08-24 05:44:34.828,InnoDB,TRX_SYS_SHARD,30,1,1
1787550274.826,2026-08-24 05:44:34.828,InnoDB,TRX_SYS_SHARD,34,1,1
1787550274.826,2026-08-24 05:44:34.828,InnoDB,TRX_SYS_SHARD,34,1,1
1787550274.826,2026-08-24 05:44:34.828,InnoDB,FIL_SHARD,82,1,78
1787550274.826,2026-08-24 05:44:34.828,InnoDB,FIL_SHARD,98,1,84
1787550274.826,2026-08-24 05:44:34.828,InnoDB,TRX_SYS_SHARD,30,1,1
1787550274.826,2026-08-24 05:44:34.828,InnoDB,FIL_SHARD,65,1,51
1787550274.826,2026-08-24 05:44:34.828,InnoDB,FIL_SHARD,119,1,72
1787550274.826,2026-08-24 05:44:34.828,InnoDB,TRX_SYS_SHARD,30,1,1
1787550274.826,2026-08-24 05:44:34.828,InnoDB,FIL_SHARD,112,1,82
1787550274.826,2026-08-24 05:44:34.828,InnoDB,TRX_SYS_SHARD,34,1,1
1787550274.826,2026-08-24 05:44:34.828,InnoDB,TRX_SYS_SHARD,34,1,1
1787550274.826,2026-08-24 05:44:34.828,InnoDB,TRX_SYS_SHARD,2,0,1
1787550274.826,2026-08-24 05:44:34.828,InnoDB,TRX_SYS_SHARD,2,0,2
1787550274.826,2026-08-24 05:44:34.828,InnoDB,TRX_SYS_SHARD,1,0,1
1787550274.826,2026-08-24 05:44:34.828,InnoDB,TRX_SYS_SHARD,2,0,1
1787550274.826,2026-08-24 05:44:34.828,InnoDB,TRX_SYS_SHARD,1,0,1
1787550274.826,2026-08-24 05:44:34.828,InnoDB,TRX_SYS_SHARD,2,0,2
1787550274.826,2026-08-24 05:44:34.828,InnoDB,TRX_SYS_SHARD,1,0,1
1787550274.826,2026-08-24 05:44:34.828,InnoDB,TRX_SYS_SHARD,1,0,1
1787550274.826,2026-08-24 05:44:34.828,InnoDB,TRX_SYS_SHARD,1,0,1
1787550274.826,2026-08-24 05:44:34.828,InnoDB,TRX_SYS_SHARD,1,0,1
1787550274.826,2026-08-24 05:44:34.828,InnoDB,TRX_SYS_SHARD,1,0,1
1787550274.826,2026-08-24 05:44:34.828,InnoDB,TRX_SYS_SHARD,1,0,1
1787550274.826,2026-08-24 05:44:34.828,InnoDB,TRX_SYS_SHARD,1,0,1
1787550274.826,2026-08-24 05:44:34.828,InnoDB,TRX_SYS_SHARD,2,0,1
1787550274.826,2026-08-24 05:44:34.828,InnoDB,TRX_SYS_SHARD,2,0,1
1787550274.826,2026-08-24 05:44:34.828,InnoDB,TRX_SYS_SHARD,20,0,1
1787550274.826,2026-08-24 05:44:34.828,InnoDB,TRX_SYS_SHARD,1,0,1
1787550274.826,2026-08-24 05:44:34.828,InnoDB,TRX_SYS_SHARD,1,0,1
1787550274.826,2026-08-24 05:44:34.828,InnoDB,TRX_SYS_SHARD,2,0,1
1787550274.826,2026-08-24 05:44:34.828,InnoDB,TRX_SYS_SHARD,4,0,2
1787550274.826,2026-08-24 05:44:34.828,InnoDB,TRX_SYS_SHARD,2,0,2
1787550274.826,2026-08-24 05:44:34.828,InnoDB,TRX_SYS_SHARD,2,0,2
1787550274.826,2026-08-24 05:44:34.828,InnoDB,TRX_SYS_SHARD,1,0,1
1787550274.826,2026-08-24 05:44:34.828,InnoDB,TRX_SYS_SHARD,1,0,1
1787550274.826,2026-08-24 05:44:34.828,InnoDB,TRX_SYS_SHARD,1,0,1
1787550274.826,2026-08-24 05:44:34.828,InnoDB,AUTOINC,6,0,2
1787550274.826,2026-08-24 05:44:34.828,InnoDB,TRX_SYS_SHARD,1,0,1
1787550274.826,2026-08-24 05:44:34.828,InnoDB,TRX_SYS_SHARD,1,0,1
1787550274.826,2026-08-24 05:44:34.828,InnoDB,FIL_SHARD,349,0,405
1787550274.826,2026-08-24 05:44:34.828,InnoDB,TRX_SYS_SHARD,1,0,1
1787550274.826,2026-08-24 05:44:34.828,InnoDB,TRX_SYS_SHARD,1,0,1
1787550274.826,2026-08-24 05:44:34.828,InnoDB,TRX_SYS_SHARD,1,0,1
1787550274.826,2026-08-24 05:44:34.828,InnoDB,TRX_SYS_SHARD,1,0,1
1787550274.826,2026-08-24 05:44:34.828,InnoDB,TRX_SYS_SHARD,1,0,2
1787550274.826,2026-08-24 05:44:34.828,InnoDB,TRX_SYS_SHARD,2,0,1
1787550274.826,2026-08-24 05:44:34.828,InnoDB,TRX_SYS_SHARD,1,0,1
1787550274.826,2026-08-24 05:44:34.828,InnoDB,TRX_SYS_SHARD,2,0,2
1787550274.826,2026-08-24 05:44:34.828,InnoDB,TRX_SYS_SHARD,3,0,2
1787550274.826,2026-08-24 05:44:34.828,InnoDB,TRX_SYS_SHARD,5,0,2
1787550274.826,2026-08-24 05:44:34.828,InnoDB,TRX_SYS_SHARD,1,0,1
1787550274.826,2026-08-24 05:44:34.828,InnoDB,TRX_SYS_SHARD,1,0,1
1787550274.826,2026-08-24 05:44:34.828,InnoDB,TRX_SYS_SHARD,1,0,1
1787550274.826,2026-08-24 05:44:34.828,InnoDB,TRX_SYS_SHARD,1,0,1
1787550274.826,2026-08-24 05:44:34.828,InnoDB,TRX_SYS_SHARD,1,0,1
1787550274.826,2026-08-24 05:44:34.828,InnoDB,TRX_SYS_SHARD,2,0,1
1787550274.826,2026-08-24 05:44:34.828,InnoDB,TRX_SYS_SHARD,1,0,1
1787550274.826,2026-08-24 05:44:34.828,InnoDB,TRX_SYS_SHARD,5,0,3
1787550274.826,2026-08-24 05:44:34.828,InnoDB,TRX_SYS_SHARD,1,0,1
1787550274.826,2026-08-24 05:44:34.828,InnoDB,TRX_SYS_SHARD,1,0,1
1787550274.826,2026-08-24 05:44:34.828,InnoDB,TRX_SYS_SHARD,2,0,1
1787550274.826,2026-08-24 05:44:34.828,InnoDB,TRX_SYS_SHARD,2,0,2
1787550274.826,2026-08-24 05:44:34.828,InnoDB,DICT_TABLE,1,0,1
1787550274.826,2026-08-24 05:44:34.828,InnoDB,TRX_SYS_SHARD,1,0,1
1787550274.826,2026-08-24 05:44:34.828,InnoDB,TRX_SYS_SHARD,1,0,1
1787550274.826,2026-08-24 05:44:34.828,InnoDB,TRX_SYS_SHARD,2,0,1
1787550274.826,2026-08-24 05:44:34.828,InnoDB,TRX_SYS_SHARD,1,0,1
1787550274.826,2026-08-24 05:44:34.828,InnoDB,TRX_SYS_SHARD,1,0,1
1787550274.826,2026-08-24 05:44:34.828,InnoDB,TRX_SYS_SHARD,1,0,1
1787550274.826,2026-08-24 05:44:34.828,InnoDB,TRX_SYS_SHARD,2,0,1
1787550274.826,2026-08-24 05:44:34.828,InnoDB,TRX_SYS_SHARD,1,0,1
1787550274.826,2026-08-24 05:44:34.828,InnoDB,FIL_SHARD,115,0,150
1787550274.826,2026-08-24 05:44:34.828,InnoDB,FIL_SHARD,12,0,19
1787550274.826,2026-08-24 05:44:34.828,InnoDB,FIL_SHARD,22,0,40
1787550274.826,2026-08-24 05:44:34.828,InnoDB,FIL_SHARD,22,0,34
1787550274.826,2026-08-24 05:44:34.828,InnoDB,FIL_SHARD,68,0,85
1787550274.826,2026-08-24 05:44:34.828,InnoDB,FIL_SHARD,32,0,59
1787550274.826,2026-08-24 05:44:34.828,InnoDB,FIL_SHARD,29,0,42
1787550274.826,2026-08-24 05:44:34.828,InnoDB,FIL_SHARD,32,0,48
1787550274.826,2026-08-24 05:44:34.828,InnoDB,FIL_SHARD,41,0,64
1787550274.826,2026-08-24 05:44:34.828,InnoDB,LOG_LIMITS,217,0,150
1787550274.826,2026-08-24 05:44:34.828,InnoDB,FIL_SHARD,79,0,95
1787550274.826,2026-08-24 05:44:34.828,InnoDB,PERSIST_AUTOINC,5,0,1
1787550274.826,2026-08-24 05:44:34.828,InnoDB,FIL_SHARD,64,0,81
1787550274.826,2026-08-24 05:44:34.828,InnoDB,RECALC_POOL,11,0,10
1787550274.826,2026-08-24 05:44:34.828,InnoDB,RW_LOCK_LIST,1,0,1
1787550274.826,2026-08-24 05:44:34.828,InnoDB,TRX_POOL_MANAGER,6,0,3
1787550274.826,2026-08-24 05:44:34.828,InnoDB,TRX,3,0,1
1787550274.826,2026-08-24 05:44:34.828,InnoDB,FIL_SHARD,33,0,49
1787550274.826,2026-08-24 05:44:34.828,InnoDB,FIL_SHARD,75,0,54
1787550274.826,2026-08-24 05:44:34.828,InnoDB,FIL_SHARD,28,0,45
1787550274.826,2026-08-24 05:44:34.828,InnoDB,FIL_SHARD,11,0,18
1787550274.826,2026-08-24 05:44:34.828,InnoDB,FIL_SHARD,20,0,26
1787550274.826,2026-08-24 05:44:34.828,InnoDB,FIL_SHARD,46,0,64
1787550274.826,2026-08-24 05:44:34.828,InnoDB,FIL_SHARD,26,0,41
1787550274.826,2026-08-24 05:44:34.828,InnoDB,FIL_SHARD,20,0,32
1787550274.826,2026-08-24 05:44:34.828,InnoDB,FIL_SHARD,34,0,33
1787550274.826,2026-08-24 05:44:34.828,InnoDB,TRX,1,0,1
1787550274.826,2026-08-24 05:44:34.828,InnoDB,FIL_SHARD,20,0,25
1787550274.826,2026-08-24 05:44:34.828,InnoDB,FIL_SHARD,27,0,55
1787550274.826,2026-08-24 05:44:34.828,InnoDB,FIL_SHARD,29,0,27
1787550274.826,2026-08-24 05:44:34.828,InnoDB,FIL_SHARD,37,0,50
1787550274.826,2026-08-24 05:44:34.828,InnoDB,FIL_SHARD,40,0,42
1787550274.826,2026-08-24 05:44:34.828,InnoDB,FIL_SHARD,48,0,85
1787550274.826,2026-08-24 05:44:34.828,InnoDB,FIL_SHARD,44,0,36
1787550274.826,2026-08-24 05:44:34.828,InnoDB,TRX_SYS_SHARD,12,0,3
1787550274.826,2026-08-24 05:44:34.828,InnoDB,TRX_SYS_SHARD,14,0,1
1787550274.826,2026-08-24 05:44:34.828,InnoDB,TRX_SYS_SHARD,1,0,1
1787550274.826,2026-08-24 05:44:34.828,InnoDB,TRX_SYS_SHARD,3,0,3
1787550274.826,2026-08-24 05:44:34.828,InnoDB,TRX_SYS_SHARD,2,0,2
1787550274.826,2026-08-24 05:44:34.828,InnoDB,TRX_SYS_SHARD,1,0,1
1787550274.826,2026-08-24 05:44:34.828,InnoDB,TRX_SYS_SHARD,1,0,1
1787550274.826,2026-08-24 05:44:34.828,InnoDB,TRX_SYS_SHARD,1,0,1
1787550274.826,2026-08-24 05:44:34.828,InnoDB,TRX_SYS_SHARD,22,0,1
1787550274.826,2026-08-24 05:44:34.828,InnoDB,TRX_SYS_SHARD,1,0,1
1787550274.826,2026-08-24 05:44:34.828,InnoDB,TRX_SYS_SHARD,1,0,1
1787550274.826,2026-08-24 05:44:34.828,InnoDB,TRX_SYS_SHARD,1,0,1
1787550274.826,2026-08-24 05:44:34.828,InnoDB,TRX_SYS_SHARD,26,0,1
1787550274.826,2026-08-24 05:44:34.828,InnoDB,TRX_SYS_SHARD,1,0,1
1787550274.826,2026-08-24 05:44:34.828,InnoDB,TRX_SYS_SHARD,1,0,1
1787550274.826,2026-08-24 05:44:34.828,InnoDB,TRX_SYS_SHARD,2,0,2
1787550274.826,2026-08-24 05:44:34.828,InnoDB,TRX_SYS_SHARD,1,0,1
1787550274.826,2026-08-24 05:44:34.828,InnoDB,TRX_SYS_SHARD,1,0,1
1787550274.826,2026-08-24 05:44:34.828,InnoDB,FIL_SHARD,147,0,166
1787550274.826,2026-08-24 05:44:34.828,InnoDB,TRX_SYS_SHARD,2,0,2
1787550274.826,2026-08-24 05:44:34.828,InnoDB,TRX_SYS_SHARD,1,0,1
1787550274.826,2026-08-24 05:44:34.828,InnoDB,TRX_SYS_SHARD,2,0,1
1787550274.826,2026-08-24 05:44:34.828,InnoDB,TRX_SYS_SHARD,1,0,1
1787550274.826,2026-08-24 05:44:34.828,InnoDB,TRX_SYS_SHARD,1,0,1
1787550274.826,2026-08-24 05:44:34.828,InnoDB,TRX_SYS_SHARD,1,0,1
1787550274.826,2026-08-24 05:44:34.828,InnoDB,TRX_SYS_SHARD,1,0,2
1787550274.826,2026-08-24 05:44:34.828,InnoDB,TRX_SYS_SHARD,1,0,1
1787550274.826,2026-08-24 05:44:34.828,InnoDB,TRX_SYS_SHARD,2,0,1
1787550274.826,2026-08-24 05:44:34.828,InnoDB,TRX_SYS_SHARD,1,0,1
1787550274.826,2026-08-24 05:44:34.828,InnoDB,TRX_SYS_SHARD,1,0,1
1787550274.826,2026-08-24 05:44:34.828,InnoDB,TRX_SYS_SHARD,2,0,1
1787550274.826,2026-08-24 05:44:34.828,InnoDB,TRX_SYS_SHARD,1,0,1
1787550274.826,2026-08-24 05:44:34.828,InnoDB,TRX_SYS_SHARD,1,0,1
1787550274.826,2026-08-24 05:44:34.828,InnoDB,TRX_SYS_SHARD,1,0,1
1787550274.826,2026-08-24 05:44:34.828,InnoDB,rwlock: dict0dict.cc:2631,,16747,
1787550274.826,2026-08-24 05:44:34.828,InnoDB,rwlock: dict0dict.cc:2631,,17413,
1787550274.826,2026-08-24 05:44:34.828,InnoDB,rwlock: dict0dict.cc:2631,,17041,
1787550274.826,2026-08-24 05:44:34.828,InnoDB,rwlock: dict0dict.cc:2631,,16816,
1787550274.826,2026-08-24 05:44:34.828,InnoDB,rwlock: dict0dict.cc:2631,,16969,
1787550274.826,2026-08-24 05:44:34.828,InnoDB,rwlock: dict0dict.cc:2631,,17046,
1787550274.826,2026-08-24 05:44:34.828,InnoDB,rwlock: dict0dict.cc:2631,,16517,
1787550274.826,2026-08-24 05:44:34.828,InnoDB,rwlock: dict0dict.cc:2631,,17007,
1787550274.826,2026-08-24 05:44:34.828,InnoDB,rwlock: dict0dict.cc:2631,,16890,
1787550274.826,2026-08-24 05:44:34.828,InnoDB,rwlock: dict0dict.cc:2631,,16630,
1787550274.826,2026-08-24 05:44:34.828,InnoDB,rwlock: dict0dict.cc:2631,,16912,
1787550274.826,2026-08-24 05:44:34.828,InnoDB,rwlock: dict0dict.cc:2631,,17053,
1787550274.826,2026-08-24 05:44:34.828,InnoDB,rwlock: dict0dict.cc:2631,,16702,
1787550274.826,2026-08-24 05:44:34.828,InnoDB,rwlock: dict0dict.cc:2631,,17011,
1787550274.826,2026-08-24 05:44:34.828,InnoDB,rwlock: dict0dict.cc:2631,,16820,
1787550274.826,2026-08-24 05:44:34.828,InnoDB,rwlock: dict0dict.cc:2631,,16183,
1787550274.826,2026-08-24 05:44:34.828,InnoDB,rwlock: dict0dict.cc:2631,,16726,
1787550274.826,2026-08-24 05:44:34.828,InnoDB,rwlock: dict0dict.cc:2631,,16503,
1787550274.826,2026-08-24 05:44:34.828,InnoDB,rwlock: dict0dict.cc:2631,,16348,
1787550274.826,2026-08-24 05:44:34.828,InnoDB,rwlock: dict0dict.cc:2631,,15355,
1787550274.826,2026-08-24 05:44:34.828,InnoDB,rwlock: dict0dict.cc:2631,,1,
1787550274.826,2026-08-24 05:44:34.828,InnoDB,rwlock: fil0fil.cc:10242,,1,
1787550274.826,2026-08-24 05:44:34.828,InnoDB,rwlock: dict0dict.cc:2631,,2,
1787550274.826,2026-08-24 05:44:34.828,InnoDB,rwlock: dict0dict.cc:2631,,1,
1787550274.826,2026-08-24 05:44:34.828,InnoDB,rwlock: dict0dict.cc:2631,,2,
1787550274.826,2026-08-24 05:44:34.828,InnoDB,rwlock: dict0dict.cc:2631,,1,
1787550274.826,2026-08-24 05:44:34.828,InnoDB,rwlock: dict0dict.cc:2631,,2,
1787550274.826,2026-08-24 05:44:34.828,InnoDB,rwlock: dict0dict.cc:2631,,1,
1787550274.826,2026-08-24 05:44:34.828,InnoDB,rwlock: dict0dict.cc:2631,,2,
1787550274.826,2026-08-24 05:44:34.828,InnoDB,rwlock: dict0dict.cc:2631,,1,
1787550274.826,2026-08-24 05:44:34.828,InnoDB,rwlock: dict0dict.cc:2631,,1,
1787550274.826,2026-08-24 05:44:34.828,InnoDB,rwlock: dict0dict.cc:2631,,2,
1787550274.826,2026-08-24 05:44:34.828,InnoDB,rwlock: dict0dict.cc:2631,,1,
1787550274.826,2026-08-24 05:44:34.828,InnoDB,rwlock: fil0fil.cc:10242,,1,
1787550274.826,2026-08-24 05:44:34.828,InnoDB,rwlock: dict0dict.cc:2631,,1,
1787550274.826,2026-08-24 05:44:34.828,InnoDB,rwlock: dict0dict.cc:2631,,1,
1787550274.826,2026-08-24 05:44:34.828,InnoDB,rwlock: dict0dict.cc:2631,,1,
1787550274.826,2026-08-24 05:44:34.828,InnoDB,rwlock: trx0purge.cc:232,,15,
1787550274.826,2026-08-24 05:44:34.828,InnoDB,rwlock: fil0fil.cc:10242,,5180,
1787550274.826,2026-08-24 05:44:34.828,InnoDB,rwlock: fil0fil.cc:10242,,4950,
1787550274.826,2026-08-24 05:44:34.828,InnoDB,rwlock: dict0dict.cc:1180,,10,
1787550274.826,2026-08-24 05:44:34.828,InnoDB,rwlock: hash0hash.cc:117,,999,
1787550274.826,2026-08-24 05:44:34.828,InnoDB,rwlock: hash0hash.cc:117,,1146,
1787550274.826,2026-08-24 05:44:34.828,InnoDB,rwlock: hash0hash.cc:117,,617,
1787550274.826,2026-08-24 05:44:34.828,InnoDB,rwlock: hash0hash.cc:117,,706,
1787550274.826,2026-08-24 05:44:34.828,InnoDB,rwlock: hash0hash.cc:117,,4351,
1787550274.826,2026-08-24 05:44:34.828,InnoDB,rwlock: hash0hash.cc:117,,757,
1787550274.826,2026-08-24 05:44:34.828,InnoDB,rwlock: hash0hash.cc:117,,1356,
1787550274.826,2026-08-24 05:44:34.828,InnoDB,rwlock: hash0hash.cc:117,,791,
1787550274.826,2026-08-24 05:44:34.828,InnoDB,rwlock: hash0hash.cc:117,,754,
1787550274.826,2026-08-24 05:44:34.828,InnoDB,rwlock: hash0hash.cc:117,,850,
1787550274.826,2026-08-24 05:44:34.828,InnoDB,rwlock: hash0hash.cc:117,,803,
1787550274.826,2026-08-24 05:44:34.828,InnoDB,rwlock: hash0hash.cc:117,,804,
1787550274.826,2026-08-24 05:44:34.828,InnoDB,rwlock: hash0hash.cc:117,,937,
1787550274.826,2026-08-24 05:44:34.828,InnoDB,rwlock: hash0hash.cc:117,,885,
1787550274.826,2026-08-24 05:44:34.828,InnoDB,rwlock: hash0hash.cc:117,,818,
1787550274.826,2026-08-24 05:44:34.828,InnoDB,rwlock: hash0hash.cc:117,,2372,
1787550274.826,2026-08-24 05:44:34.828,InnoDB,rwlock: hash0hash.cc:117,,957,
1787550274.826,2026-08-24 05:44:34.828,InnoDB,rwlock: hash0hash.cc:117,,949,
1787550274.826,2026-08-24 05:44:34.828,InnoDB,rwlock: hash0hash.cc:117,,1064,
1787550274.826,2026-08-24 05:44:34.828,InnoDB,rwlock: hash0hash.cc:117,,585,
1787550274.826,2026-08-24 05:44:34.828,InnoDB,rwlock: hash0hash.cc:117,,614,
1787550274.826,2026-08-24 05:44:34.828,InnoDB,rwlock: hash0hash.cc:117,,2030,
1787550274.826,2026-08-24 05:44:34.828,InnoDB,rwlock: hash0hash.cc:117,,1981,
1787550274.826,2026-08-24 05:44:34.828,InnoDB,rwlock: hash0hash.cc:117,,458,
1787550274.826,2026-08-24 05:44:34.828,InnoDB,rwlock: hash0hash.cc:117,,519,
1787550274.826,2026-08-24 05:44:34.828,InnoDB,rwlock: hash0hash.cc:117,,641,
1787550274.826,2026-08-24 05:44:34.828,InnoDB,rwlock: hash0hash.cc:117,,414,
1787550274.826,2026-08-24 05:44:34.828,InnoDB,rwlock: hash0hash.cc:117,,484,
1787550274.826,2026-08-24 05:44:34.828,InnoDB,rwlock: hash0hash.cc:117,,500,
1787550274.826,2026-08-24 05:44:34.828,InnoDB,rwlock: hash0hash.cc:117,,792,
1787550274.826,2026-08-24 05:44:34.828,InnoDB,rwlock: hash0hash.cc:117,,482,
1787550274.826,2026-08-24 05:44:34.828,InnoDB,rwlock: hash0hash.cc:117,,655,
1787550274.826,2026-08-24 05:44:34.828,InnoDB,rwlock: hash0hash.cc:117,,720,
1787550274.826,2026-08-24 05:44:34.828,InnoDB,rwlock: hash0hash.cc:117,,636,
1787550274.826,2026-08-24 05:44:34.828,InnoDB,rwlock: hash0hash.cc:117,,499,
1787550274.826,2026-08-24 05:44:34.828,InnoDB,rwlock: hash0hash.cc:117,,698,
1787550274.826,2026-08-24 05:44:34.828,InnoDB,rwlock: hash0hash.cc:117,,1261,
1787550274.826,2026-08-24 05:44:34.828,InnoDB,rwlock: hash0hash.cc:117,,576,
1787550274.826,2026-08-24 05:44:34.828,InnoDB,rwlock: hash0hash.cc:117,,2923,
1787550274.826,2026-08-24 05:44:34.828,InnoDB,rwlock: hash0hash.cc:117,,449,
1787550274.826,2026-08-24 05:44:34.828,InnoDB,rwlock: hash0hash.cc:117,,461,
1787550274.826,2026-08-24 05:44:34.828,InnoDB,rwlock: hash0hash.cc:117,,503,
1787550274.826,2026-08-24 05:44:34.828,InnoDB,rwlock: hash0hash.cc:117,,433,
1787550274.826,2026-08-24 05:44:34.828,InnoDB,rwlock: hash0hash.cc:117,,483,
1787550274.826,2026-08-24 05:44:34.828,InnoDB,rwlock: hash0hash.cc:117,,556,
1787550274.826,2026-08-24 05:44:34.828,InnoDB,rwlock: hash0hash.cc:117,,1737,
1787550274.826,2026-08-24 05:44:34.828,InnoDB,rwlock: hash0hash.cc:117,,565,
1787550274.826,2026-08-24 05:44:34.828,InnoDB,rwlock: hash0hash.cc:117,,1141,
1787550274.826,2026-08-24 05:44:34.828,InnoDB,rwlock: hash0hash.cc:117,,658,
1787550274.826,2026-08-24 05:44:34.828,InnoDB,rwlock: hash0hash.cc:117,,705,
1787550274.826,2026-08-24 05:44:34.828,InnoDB,rwlock: hash0hash.cc:117,,619,
1787550274.826,2026-08-24 05:44:34.828,InnoDB,rwlock: hash0hash.cc:117,,748,
1787550274.826,2026-08-24 05:44:34.828,InnoDB,rwlock: hash0hash.cc:117,,625,
1787550274.826,2026-08-24 05:44:34.828,InnoDB,rwlock: hash0hash.cc:117,,994,
1787550274.826,2026-08-24 05:44:34.828,InnoDB,rwlock: hash0hash.cc:117,,1165,
1787550274.826,2026-08-24 05:44:34.828,InnoDB,rwlock: hash0hash.cc:117,,481,
1787550274.826,2026-08-24 05:44:34.828,InnoDB,rwlock: hash0hash.cc:117,,739,
1787550274.826,2026-08-24 05:44:34.828,InnoDB,rwlock: hash0hash.cc:117,,546,
1787550274.826,2026-08-24 05:44:34.828,InnoDB,rwlock: hash0hash.cc:117,,805,
1787550274.826,2026-08-24 05:44:34.828,InnoDB,rwlock: hash0hash.cc:117,,920,
1787550274.826,2026-08-24 05:44:34.828,InnoDB,rwlock: hash0hash.cc:117,,1603,
1787550274.826,2026-08-24 05:44:34.828,InnoDB,rwlock: hash0hash.cc:117,,619,
1787550274.826,2026-08-24 05:44:34.828,InnoDB,rwlock: hash0hash.cc:117,,2189,
1787550274.826,2026-08-24 05:44:34.828,InnoDB,rwlock: hash0hash.cc:117,,1763,
1787550274.826,2026-08-24 05:44:34.828,InnoDB,rwlock: hash0hash.cc:117,,1111,
1787550274.826,2026-08-24 05:44:34.828,InnoDB,rwlock: hash0hash.cc:117,,2634,
1787550274.826,2026-08-24 05:44:34.828,InnoDB,rwlock: hash0hash.cc:117,,922,
1787550274.826,2026-08-24 05:44:34.828,InnoDB,rwlock: hash0hash.cc:117,,1008,
1787550274.826,2026-08-24 05:44:34.828,InnoDB,rwlock: hash0hash.cc:117,,785,
1787550274.826,2026-08-24 05:44:34.828,InnoDB,rwlock: hash0hash.cc:117,,944,
1787550274.826,2026-08-24 05:44:34.828,InnoDB,rwlock: hash0hash.cc:117,,685,
1787550274.826,2026-08-24 05:44:34.828,InnoDB,rwlock: hash0hash.cc:117,,2393,
1787550274.826,2026-08-24 05:44:34.828,InnoDB,rwlock: hash0hash.cc:117,,868,
1787550274.826,2026-08-24 05:44:34.828,InnoDB,rwlock: hash0hash.cc:117,,1454,
1787550274.826,2026-08-24 05:44:34.828,InnoDB,rwlock: hash0hash.cc:117,,661,
1787550274.826,2026-08-24 05:44:34.828,InnoDB,rwlock: hash0hash.cc:117,,1055,
1787550274.826,2026-08-24 05:44:34.828,InnoDB,rwlock: hash0hash.cc:117,,2419,
1787550274.826,2026-08-24 05:44:34.828,InnoDB,rwlock: hash0hash.cc:117,,900,
1787550274.826,2026-08-24 05:44:34.828,InnoDB,rwlock: hash0hash.cc:117,,1047,
1787550274.826,2026-08-24 05:44:34.828,InnoDB,rwlock: hash0hash.cc:117,,897,
1787550274.826,2026-08-24 05:44:34.828,InnoDB,rwlock: hash0hash.cc:117,,720,
1787550274.826,2026-08-24 05:44:34.828,InnoDB,rwlock: hash0hash.cc:117,,524,
1787550274.826,2026-08-24 05:44:34.828,InnoDB,rwlock: hash0hash.cc:117,,782,
1787550274.826,2026-08-24 05:44:34.828,InnoDB,rwlock: hash0hash.cc:117,,588,
1787550274.826,2026-08-24 05:44:34.828,InnoDB,rwlock: hash0hash.cc:117,,584,
1787550274.826,2026-08-24 05:44:34.828,InnoDB,rwlock: hash0hash.cc:117,,680,
1787550274.826,2026-08-24 05:44:34.828,InnoDB,rwlock: hash0hash.cc:117,,866,
1787550274.826,2026-08-24 05:44:34.828,InnoDB,rwlock: hash0hash.cc:117,,517,
1787550274.826,2026-08-24 05:44:34.828,InnoDB,rwlock: hash0hash.cc:117,,1909,
1787550274.826,2026-08-24 05:44:34.828,InnoDB,rwlock: hash0hash.cc:117,,668,
1787550274.826,2026-08-24 05:44:34.828,InnoDB,rwlock: hash0hash.cc:117,,613,
1787550274.826,2026-08-24 05:44:34.828,InnoDB,rwlock: hash0hash.cc:117,,1774,
1787550274.826,2026-08-24 05:44:34.828,InnoDB,rwlock: hash0hash.cc:117,,675,
1787550274.826,2026-08-24 05:44:34.828,InnoDB,rwlock: hash0hash.cc:117,,423,
1787550274.826,2026-08-24 05:44:34.828,InnoDB,rwlock: hash0hash.cc:117,,540,
1787550274.826,2026-08-24 05:44:34.828,InnoDB,rwlock: hash0hash.cc:117,,651,
1787550274.826,2026-08-24 05:44:34.828,InnoDB,rwlock: hash0hash.cc:117,,575,
1787550274.826,2026-08-24 05:44:34.828,InnoDB,rwlock: hash0hash.cc:117,,1046,
1787550274.826,2026-08-24 05:44:34.828,InnoDB,rwlock: hash0hash.cc:117,,593,
1787550274.826,2026-08-24 05:44:34.828,InnoDB,rwlock: hash0hash.cc:117,,482,
1787550274.826,2026-08-24 05:44:34.828,InnoDB,rwlock: hash0hash.cc:117,,537,
1787550274.826,2026-08-24 05:44:34.828,InnoDB,rwlock: hash0hash.cc:117,,2433,
1787550274.826,2026-08-24 05:44:34.828,InnoDB,rwlock: hash0hash.cc:117,,744,
1787550274.826,2026-08-24 05:44:34.828,InnoDB,rwlock: hash0hash.cc:117,,745,
1787550274.826,2026-08-24 05:44:34.828,InnoDB,rwlock: hash0hash.cc:117,,1119,
1787550274.826,2026-08-24 05:44:34.828,InnoDB,rwlock: hash0hash.cc:117,,1003,
1787550274.826,2026-08-24 05:44:34.828,InnoDB,rwlock: hash0hash.cc:117,,688,
1787550274.826,2026-08-24 05:44:34.828,InnoDB,rwlock: hash0hash.cc:117,,645,
1787550274.826,2026-08-24 05:44:34.828,InnoDB,rwlock: hash0hash.cc:117,,545,
1787550274.826,2026-08-24 05:44:34.828,InnoDB,rwlock: hash0hash.cc:117,,727,
1787550274.826,2026-08-24 05:44:34.828,InnoDB,rwlock: hash0hash.cc:117,,1797,
1787550274.826,2026-08-24 05:44:34.828,InnoDB,rwlock: hash0hash.cc:117,,939,
1787550274.826,2026-08-24 05:44:34.828,InnoDB,rwlock: hash0hash.cc:117,,597,
1787550274.826,2026-08-24 05:44:34.828,InnoDB,rwlock: hash0hash.cc:117,,676,
1787550274.826,2026-08-24 05:44:34.828,InnoDB,rwlock: hash0hash.cc:117,,628,
1787550274.826,2026-08-24 05:44:34.828,InnoDB,rwlock: hash0hash.cc:117,,657,
1787550274.826,2026-08-24 05:44:34.828,InnoDB,rwlock: hash0hash.cc:117,,431,
1787550274.826,2026-08-24 05:44:34.828,InnoDB,rwlock: hash0hash.cc:117,,2121,
1787550274.826,2026-08-24 05:44:34.828,InnoDB,rwlock: hash0hash.cc:117,,733,
1787550274.826,2026-08-24 05:44:34.828,InnoDB,rwlock: hash0hash.cc:117,,1859,
1787550274.826,2026-08-24 05:44:34.828,InnoDB,rwlock: hash0hash.cc:117,,946,
1787550274.826,2026-08-24 05:44:34.828,InnoDB,rwlock: hash0hash.cc:117,,587,
1787550274.826,2026-08-24 05:44:34.828,InnoDB,rwlock: hash0hash.cc:117,,720,
1787550274.826,2026-08-24 05:44:34.828,InnoDB,rwlock: hash0hash.cc:117,,484,
1787550274.826,2026-08-24 05:44:34.828,InnoDB,rwlock: hash0hash.cc:117,,514,
1787550274.826,2026-08-24 05:44:34.828,InnoDB,rwlock: hash0hash.cc:117,,540,
1787550274.826,2026-08-24 05:44:34.828,InnoDB,rwlock: hash0hash.cc:117,,2128,
1787550274.826,2026-08-24 05:44:34.828,InnoDB,rwlock: hash0hash.cc:117,,979,
1787550274.826,2026-08-24 05:44:34.828,InnoDB,sum rwlock: buf0buf.cc:852,,253528,
