timestamp_unix,timestamp_human,type,name,spins,waits,calls
1787559294.703,2026-08-24 08:14:54.704,InnoDB,BUF_POOL_LRU_LIST,99313464,1743059,15657101
1787559294.703,2026-08-24 08:14:54.704,InnoDB,BUF_POOL_LRU_LIST,77934854,1038003,15529879
1787559294.703,2026-08-24 08:14:54.704,InnoDB,BUF_POOL_LRU_LIST,74734012,932640,15622202
1787559294.703,2026-08-24 08:14:54.704,InnoDB,BUF_POOL_LRU_LIST,71909647,904665,15259379
1787559294.703,2026-08-24 08:14:54.704,InnoDB,BUF_POOL_LRU_LIST,72704384,902548,15487729
1787559294.703,2026-08-24 08:14:54.704,InnoDB,BUF_POOL_LRU_LIST,62069890,558168,15453307
1787559294.703,2026-08-24 08:14:54.704,InnoDB,BUF_POOL_LRU_LIST,61247052,540146,15380440
1787559294.703,2026-08-24 08:14:54.704,InnoDB,BUF_POOL_LRU_LIST,61759305,516234,15641138
1787559294.703,2026-08-24 08:14:54.704,InnoDB,LOG_WRITER,4143366,138033,1725
1787559294.703,2026-08-24 08:14:54.704,InnoDB,TRX_SYS,6652255,55386,3784722
1787559294.703,2026-08-24 08:14:54.704,InnoDB,SRV_SYS,2319860,22957,798929
1787559294.703,2026-08-24 08:14:54.704,InnoDB,FLUSH_LIST,467991,11973,88842
1787559294.703,2026-08-24 08:14:54.704,InnoDB,FLUSH_LIST,443852,11234,84335
1787559294.703,2026-08-24 08:14:54.704,InnoDB,FLUSH_LIST,435982,11039,87420
1787559294.703,2026-08-24 08:14:54.704,InnoDB,FLUSH_LIST,434187,10917,83639
1787559294.703,2026-08-24 08:14:54.704,InnoDB,FLUSH_LIST,428423,10737,88806
1787559294.703,2026-08-24 08:14:54.704,InnoDB,FLUSH_LIST,425571,10702,83604
1787559294.703,2026-08-24 08:14:54.704,InnoDB,FLUSH_LIST,427596,10702,83434
1787559294.703,2026-08-24 08:14:54.704,InnoDB,FLUSH_LIST,406296,10117,81435
1787559294.703,2026-08-24 08:14:54.704,InnoDB,BUF_BLOCK_MUTEX,196201,5515,13908
1787559294.703,2026-08-24 08:14:54.704,InnoDB,BUF_POOL_FREE_LIST,982833,5428,748491
1787559294.703,2026-08-24 08:14:54.704,InnoDB,BUF_POOL_FREE_LIST,988130,5415,731606
1787559294.703,2026-08-24 08:14:54.704,InnoDB,BUF_POOL_FREE_LIST,950944,5172,713090
1787559294.703,2026-08-24 08:14:54.704,InnoDB,BUF_POOL_FREE_LIST,1078986,5101,805435
1787559294.703,2026-08-24 08:14:54.704,InnoDB,BUF_POOL_FREE_LIST,914017,4828,713013
1787559294.703,2026-08-24 08:14:54.704,InnoDB,BUF_POOL_FREE_LIST,1066265,4696,802470
1787559294.703,2026-08-24 08:14:54.704,InnoDB,BUF_POOL_FREE_LIST,957998,4630,724965
1787559294.703,2026-08-24 08:14:54.704,InnoDB,DICT_SYS,15117959,4280,9896369
1787559294.703,2026-08-24 08:14:54.704,InnoDB,BUF_POOL_FREE_LIST,911708,4159,727013
1787559294.703,2026-08-24 08:14:54.704,InnoDB,TRX_SYS_SERIALISATION,400822,3819,245553
1787559294.703,2026-08-24 08:14:54.704,InnoDB,FIL_SHARD,873768,3420,769005
1787559294.703,2026-08-24 08:14:54.704,InnoDB,FIL_SHARD,866299,3383,777972
1787559294.703,2026-08-24 08:14:54.704,InnoDB,FIL_SHARD,864104,3382,774308
1787559294.703,2026-08-24 08:14:54.704,InnoDB,FIL_SHARD,886646,3376,793252
1787559294.703,2026-08-24 08:14:54.704,InnoDB,FIL_SHARD,873220,3276,779922
1787559294.703,2026-08-24 08:14:54.704,InnoDB,FIL_SHARD,934481,3276,827258
1787559294.703,2026-08-24 08:14:54.704,InnoDB,FIL_SHARD,911605,3263,811478
1787559294.703,2026-08-24 08:14:54.704,InnoDB,FIL_SHARD,876344,3191,784166
1787559294.703,2026-08-24 08:14:54.704,InnoDB,FIL_SHARD,859425,3149,778273
1787559294.703,2026-08-24 08:14:54.704,InnoDB,FIL_SHARD,862035,3130,777838
1787559294.703,2026-08-24 08:14:54.704,InnoDB,FIL_SHARD,896033,3098,805777
1787559294.703,2026-08-24 08:14:54.704,InnoDB,FIL_SHARD,886644,3069,796711
1787559294.703,2026-08-24 08:14:54.704,InnoDB,FIL_SHARD,840863,3060,761431
1787559294.703,2026-08-24 08:14:54.704,InnoDB,FIL_SHARD,884756,3038,795369
1787559294.703,2026-08-24 08:14:54.704,InnoDB,FIL_SHARD,796020,2813,788003
1787559294.703,2026-08-24 08:14:54.704,InnoDB,FIL_SHARD,783295,2744,724489
1787559294.703,2026-08-24 08:14:54.704,InnoDB,FIL_SHARD,788183,2693,732087
1787559294.703,2026-08-24 08:14:54.704,InnoDB,FIL_SHARD,809231,2633,801700
1787559294.703,2026-08-24 08:14:54.704,InnoDB,FIL_SHARD,848953,2572,829236
1787559294.703,2026-08-24 08:14:54.704,InnoDB,FIL_SHARD,807632,2502,798466
1787559294.703,2026-08-24 08:14:54.704,InnoDB,UNDO_SPACE_RSEG,71904,2248,1302
1787559294.703,2026-08-24 08:14:54.704,InnoDB,UNDO_SPACE_RSEG,69600,2181,1303
1787559294.703,2026-08-24 08:14:54.704,InnoDB,UNDO_SPACE_RSEG,69447,2177,1263
1787559294.703,2026-08-24 08:14:54.704,InnoDB,UNDO_SPACE_RSEG,67800,2134,1287
1787559294.703,2026-08-24 08:14:54.704,InnoDB,UNDO_SPACE_RSEG,67473,2111,1277
1787559294.703,2026-08-24 08:14:54.704,InnoDB,UNDO_SPACE_RSEG,67160,2098,1277
1787559294.703,2026-08-24 08:14:54.704,InnoDB,UNDO_SPACE_RSEG,67185,2087,1285
1787559294.703,2026-08-24 08:14:54.704,InnoDB,UNDO_SPACE_RSEG,66265,2079,1205
1787559294.703,2026-08-24 08:14:54.704,InnoDB,UNDO_SPACE_RSEG,65467,2058,1201
1787559294.703,2026-08-24 08:14:54.704,InnoDB,UNDO_SPACE_RSEG,64658,2037,1199
1787559294.703,2026-08-24 08:14:54.704,InnoDB,UNDO_SPACE_RSEG,64475,2024,1232
1787559294.703,2026-08-24 08:14:54.704,InnoDB,UNDO_SPACE_RSEG,63818,1998,1233
1787559294.703,2026-08-24 08:14:54.704,InnoDB,UNDO_SPACE_RSEG,63042,1993,1195
1787559294.703,2026-08-24 08:14:54.704,InnoDB,UNDO_SPACE_RSEG,63773,1983,1220
1787559294.703,2026-08-24 08:14:54.704,InnoDB,UNDO_SPACE_RSEG,64075,1980,1265
1787559294.703,2026-08-24 08:14:54.704,InnoDB,UNDO_SPACE_RSEG,63374,1976,1200
1787559294.703,2026-08-24 08:14:54.704,InnoDB,UNDO_SPACE_RSEG,62453,1948,1217
1787559294.703,2026-08-24 08:14:54.704,InnoDB,UNDO_SPACE_RSEG,61954,1946,1181
1787559294.703,2026-08-24 08:14:54.704,InnoDB,UNDO_SPACE_RSEG,62865,1946,1247
1787559294.703,2026-08-24 08:14:54.704,InnoDB,UNDO_SPACE_RSEG,61326,1934,1108
1787559294.703,2026-08-24 08:14:54.704,InnoDB,UNDO_SPACE_RSEG,61419,1930,1180
1787559294.703,2026-08-24 08:14:54.704,InnoDB,UNDO_SPACE_RSEG,61053,1924,1213
1787559294.703,2026-08-24 08:14:54.704,InnoDB,UNDO_SPACE_RSEG,61302,1922,1167
1787559294.703,2026-08-24 08:14:54.704,InnoDB,UNDO_SPACE_RSEG,61104,1921,1181
1787559294.703,2026-08-24 08:14:54.704,InnoDB,UNDO_SPACE_RSEG,61106,1919,1197
1787559294.703,2026-08-24 08:14:54.704,InnoDB,UNDO_SPACE_RSEG,60747,1918,1228
1787559294.703,2026-08-24 08:14:54.704,InnoDB,UNDO_SPACE_RSEG,60763,1904,1205
1787559294.703,2026-08-24 08:14:54.704,InnoDB,UNDO_SPACE_RSEG,60433,1899,1129
1787559294.703,2026-08-24 08:14:54.704,InnoDB,UNDO_SPACE_RSEG,60273,1893,1207
1787559294.703,2026-08-24 08:14:54.704,InnoDB,UNDO_SPACE_RSEG,60364,1892,1167
1787559294.703,2026-08-24 08:14:54.704,InnoDB,PAGE_CLEANER,3819232,1881,2014387
1787559294.703,2026-08-24 08:14:54.704,InnoDB,UNDO_SPACE_RSEG,60300,1875,1165
1787559294.703,2026-08-24 08:14:54.704,InnoDB,UNDO_SPACE_RSEG,59371,1869,1149
1787559294.703,2026-08-24 08:14:54.704,InnoDB,UNDO_SPACE_RSEG,59571,1863,1228
1787559294.703,2026-08-24 08:14:54.704,InnoDB,UNDO_SPACE_RSEG,59266,1862,1127
1787559294.703,2026-08-24 08:14:54.704,InnoDB,UNDO_SPACE_RSEG,59452,1861,1192
1787559294.703,2026-08-24 08:14:54.704,InnoDB,UNDO_SPACE_RSEG,58956,1860,1140
1787559294.703,2026-08-24 08:14:54.704,InnoDB,UNDO_SPACE_RSEG,59288,1857,1113
1787559294.703,2026-08-24 08:14:54.704,InnoDB,UNDO_SPACE_RSEG,59286,1851,1216
1787559294.703,2026-08-24 08:14:54.704,InnoDB,UNDO_SPACE_RSEG,59072,1850,1162
1787559294.703,2026-08-24 08:14:54.704,InnoDB,UNDO_SPACE_RSEG,58161,1828,1145
1787559294.703,2026-08-24 08:14:54.704,InnoDB,UNDO_SPACE_RSEG,58432,1820,1144
1787559294.703,2026-08-24 08:14:54.704,InnoDB,UNDO_SPACE_RSEG,57616,1812,1139
1787559294.703,2026-08-24 08:14:54.704,InnoDB,UNDO_SPACE_RSEG,57589,1809,1123
1787559294.703,2026-08-24 08:14:54.704,InnoDB,UNDO_SPACE_RSEG,57771,1807,1143
1787559294.703,2026-08-24 08:14:54.704,InnoDB,UNDO_SPACE_RSEG,57862,1804,1162
1787559294.703,2026-08-24 08:14:54.704,InnoDB,UNDO_SPACE_RSEG,57431,1801,1137
1787559294.703,2026-08-24 08:14:54.704,InnoDB,UNDO_SPACE_RSEG,57443,1797,1172
1787559294.703,2026-08-24 08:14:54.704,InnoDB,UNDO_SPACE_RSEG,57593,1796,1157
1787559294.703,2026-08-24 08:14:54.704,InnoDB,UNDO_SPACE_RSEG,57328,1792,1129
1787559294.703,2026-08-24 08:14:54.704,InnoDB,UNDO_SPACE_RSEG,57250,1787,1150
1787559294.703,2026-08-24 08:14:54.704,InnoDB,UNDO_SPACE_RSEG,56512,1786,1099
1787559294.703,2026-08-24 08:14:54.704,InnoDB,UNDO_SPACE_RSEG,56738,1784,1105
1787559294.703,2026-08-24 08:14:54.704,InnoDB,UNDO_SPACE_RSEG,57111,1784,1096
1787559294.703,2026-08-24 08:14:54.704,InnoDB,UNDO_SPACE_RSEG,56767,1781,1157
1787559294.703,2026-08-24 08:14:54.704,InnoDB,UNDO_SPACE_RSEG,56542,1781,1085
1787559294.703,2026-08-24 08:14:54.704,InnoDB,UNDO_SPACE_RSEG,57128,1780,1153
1787559294.703,2026-08-24 08:14:54.704,InnoDB,UNDO_SPACE_RSEG,56578,1780,1077
1787559294.703,2026-08-24 08:14:54.704,InnoDB,UNDO_SPACE_RSEG,56651,1778,1149
1787559294.703,2026-08-24 08:14:54.704,InnoDB,UNDO_SPACE_RSEG,57354,1775,1144
1787559294.703,2026-08-24 08:14:54.704,InnoDB,UNDO_SPACE_RSEG,56792,1772,1167
1787559294.703,2026-08-24 08:14:54.704,InnoDB,UNDO_SPACE_RSEG,56430,1768,1130
1787559294.703,2026-08-24 08:14:54.704,InnoDB,UNDO_SPACE_RSEG,56572,1768,1161
1787559294.703,2026-08-24 08:14:54.704,InnoDB,UNDO_SPACE_RSEG,56144,1763,1161
1787559294.703,2026-08-24 08:14:54.704,InnoDB,UNDO_SPACE_RSEG,55879,1760,1108
1787559294.703,2026-08-24 08:14:54.704,InnoDB,UNDO_SPACE_RSEG,56583,1759,1146
1787559294.703,2026-08-24 08:14:54.704,InnoDB,UNDO_SPACE_RSEG,55778,1756,1080
1787559294.703,2026-08-24 08:14:54.704,InnoDB,UNDO_SPACE_RSEG,56295,1755,1086
1787559294.703,2026-08-24 08:14:54.704,InnoDB,UNDO_SPACE_RSEG,55905,1755,1119
1787559294.703,2026-08-24 08:14:54.704,InnoDB,UNDO_SPACE_RSEG,56597,1754,1158
1787559294.703,2026-08-24 08:14:54.704,InnoDB,UNDO_SPACE_RSEG,56099,1749,1143
1787559294.703,2026-08-24 08:14:54.704,InnoDB,UNDO_SPACE_RSEG,55447,1745,1068
1787559294.703,2026-08-24 08:14:54.704,InnoDB,UNDO_SPACE_RSEG,55621,1743,1161
1787559294.703,2026-08-24 08:14:54.704,InnoDB,UNDO_SPACE_RSEG,55788,1740,1123
1787559294.703,2026-08-24 08:14:54.704,InnoDB,UNDO_SPACE_RSEG,55632,1735,1132
1787559294.703,2026-08-24 08:14:54.704,InnoDB,UNDO_SPACE_RSEG,55528,1732,1141
1787559294.703,2026-08-24 08:14:54.704,InnoDB,UNDO_SPACE_RSEG,55725,1732,1128
1787559294.703,2026-08-24 08:14:54.704,InnoDB,UNDO_SPACE_RSEG,55426,1731,1131
1787559294.703,2026-08-24 08:14:54.704,InnoDB,UNDO_SPACE_RSEG,55370,1729,1103
1787559294.703,2026-08-24 08:14:54.704,InnoDB,UNDO_SPACE_RSEG,55188,1724,1120
1787559294.703,2026-08-24 08:14:54.704,InnoDB,UNDO_SPACE_RSEG,55037,1723,1133
1787559294.703,2026-08-24 08:14:54.704,InnoDB,UNDO_SPACE_RSEG,55298,1723,1156
1787559294.703,2026-08-24 08:14:54.704,InnoDB,UNDO_SPACE_RSEG,54723,1717,1141
1787559294.703,2026-08-24 08:14:54.704,InnoDB,UNDO_SPACE_RSEG,54379,1709,1080
1787559294.703,2026-08-24 08:14:54.704,InnoDB,UNDO_SPACE_RSEG,54498,1707,1140
1787559294.703,2026-08-24 08:14:54.704,InnoDB,UNDO_SPACE_RSEG,54622,1706,1125
1787559294.703,2026-08-24 08:14:54.704,InnoDB,UNDO_SPACE_RSEG,54058,1701,1052
1787559294.703,2026-08-24 08:14:54.704,InnoDB,UNDO_SPACE_RSEG,54062,1696,1067
1787559294.703,2026-08-24 08:14:54.704,InnoDB,UNDO_SPACE_RSEG,54352,1694,1169
1787559294.703,2026-08-24 08:14:54.704,InnoDB,UNDO_SPACE_RSEG,53525,1678,1101
1787559294.703,2026-08-24 08:14:54.704,InnoDB,UNDO_SPACE_RSEG,53945,1676,1129
1787559294.703,2026-08-24 08:14:54.704,InnoDB,UNDO_SPACE_RSEG,53425,1671,1117
1787559294.703,2026-08-24 08:14:54.704,InnoDB,UNDO_SPACE_RSEG,53556,1671,1116
1787559294.703,2026-08-24 08:14:54.704,InnoDB,UNDO_SPACE_RSEG,53301,1670,1107
1787559294.703,2026-08-24 08:14:54.704,InnoDB,UNDO_SPACE_RSEG,53223,1668,1109
1787559294.703,2026-08-24 08:14:54.704,InnoDB,UNDO_SPACE_RSEG,52895,1662,1152
1787559294.703,2026-08-24 08:14:54.704,InnoDB,UNDO_SPACE_RSEG,52323,1654,1062
1787559294.703,2026-08-24 08:14:54.704,InnoDB,UNDO_SPACE_RSEG,53061,1653,1096
1787559294.703,2026-08-24 08:14:54.704,InnoDB,UNDO_SPACE_RSEG,52675,1653,1116
1787559294.703,2026-08-24 08:14:54.704,InnoDB,UNDO_SPACE_RSEG,52719,1646,1106
1787559294.703,2026-08-24 08:14:54.704,InnoDB,UNDO_SPACE_RSEG,52599,1640,1091
1787559294.703,2026-08-24 08:14:54.704,InnoDB,UNDO_SPACE_RSEG,51716,1627,1078
1787559294.703,2026-08-24 08:14:54.704,InnoDB,UNDO_SPACE_RSEG,51815,1618,1071
1787559294.703,2026-08-24 08:14:54.704,InnoDB,UNDO_SPACE_RSEG,51476,1613,1089
1787559294.703,2026-08-24 08:14:54.704,InnoDB,UNDO_SPACE_RSEG,51562,1612,1015
1787559294.703,2026-08-24 08:14:54.704,InnoDB,UNDO_SPACE_RSEG,51586,1612,1094
1787559294.703,2026-08-24 08:14:54.704,InnoDB,UNDO_SPACE_RSEG,51042,1595,1132
1787559294.703,2026-08-24 08:14:54.704,InnoDB,UNDO_SPACE_RSEG,50769,1592,1107
1787559294.703,2026-08-24 08:14:54.704,InnoDB,UNDO_SPACE_RSEG,50488,1583,1058
1787559294.703,2026-08-24 08:14:54.704,InnoDB,UNDO_SPACE_RSEG,50322,1575,1037
1787559294.703,2026-08-24 08:14:54.704,InnoDB,UNDO_SPACE_RSEG,50202,1570,1072
1787559294.703,2026-08-24 08:14:54.704,InnoDB,UNDO_SPACE_RSEG,49924,1566,980
1787559294.703,2026-08-24 08:14:54.704,InnoDB,UNDO_SPACE_RSEG,49964,1565,1022
1787559294.703,2026-08-24 08:14:54.704,InnoDB,UNDO_SPACE_RSEG,49341,1555,1076
1787559294.703,2026-08-24 08:14:54.704,InnoDB,UNDO_SPACE_RSEG,49571,1552,1085
1787559294.703,2026-08-24 08:14:54.704,InnoDB,UNDO_SPACE_RSEG,49601,1551,1085
1787559294.703,2026-08-24 08:14:54.704,InnoDB,UNDO_SPACE_RSEG,49700,1550,1024
1787559294.703,2026-08-24 08:14:54.704,InnoDB,UNDO_SPACE_RSEG,49857,1549,1097
1787559294.703,2026-08-24 08:14:54.704,InnoDB,UNDO_SPACE_RSEG,49529,1548,1104
1787559294.703,2026-08-24 08:14:54.704,InnoDB,UNDO_SPACE_RSEG,49364,1542,1081
1787559294.703,2026-08-24 08:14:54.704,InnoDB,UNDO_SPACE_RSEG,49282,1536,1087
1787559294.703,2026-08-24 08:14:54.704,InnoDB,UNDO_SPACE_RSEG,49135,1528,1068
1787559294.703,2026-08-24 08:14:54.704,InnoDB,UNDO_SPACE_RSEG,47486,1496,1025
1787559294.703,2026-08-24 08:14:54.704,InnoDB,UNDO_SPACE_RSEG,47500,1493,1057
1787559294.703,2026-08-24 08:14:54.704,InnoDB,UNDO_SPACE_RSEG,47596,1485,1027
1787559294.703,2026-08-24 08:14:54.704,InnoDB,UNDO_SPACE_RSEG,47106,1477,1027
1787559294.703,2026-08-24 08:14:54.704,InnoDB,UNDO_SPACE_RSEG,46319,1463,996
1787559294.703,2026-08-24 08:14:54.704,InnoDB,UNDO_SPACE_RSEG,45181,1406,1082
1787559294.703,2026-08-24 08:14:54.704,InnoDB,UNDO_SPACE_RSEG,42513,1322,1034
1787559294.703,2026-08-24 08:14:54.704,InnoDB,LOG_FILES,39412,1130,1381
1787559294.703,2026-08-24 08:14:54.704,InnoDB,PURGE_SYS_PQ,373421,1103,296440
1787559294.703,2026-08-24 08:14:54.704,InnoDB,DICT_PERSIST_DIRTY_TABLES,2254902,849,970280
1787559294.703,2026-08-24 08:14:54.704,InnoDB,LOG_FLUSHER,28112,701,1282
1787559294.703,2026-08-24 08:14:54.704,InnoDB,IBUF_BITMAP,52352,645,25649
1787559294.703,2026-08-24 08:14:54.704,InnoDB,BUF_POOL_FLUSH_STATE,268986,259,200079
1787559294.703,2026-08-24 08:14:54.704,InnoDB,BUF_POOL_FLUSH_STATE,284126,246,210474
1787559294.703,2026-08-24 08:14:54.704,InnoDB,UNDO_SPACE_RSEG,7877,242,335
1787559294.703,2026-08-24 08:14:54.704,InnoDB,LOCK_SYS_TABLE,21723,241,12333
1787559294.703,2026-08-24 08:14:54.704,InnoDB,LOCK_SYS_TABLE,21061,234,11804
1787559294.703,2026-08-24 08:14:54.704,InnoDB,BUF_POOL_FLUSH_STATE,266986,234,194048
1787559294.703,2026-08-24 08:14:54.704,InnoDB,LOCK_SYS_TABLE,21019,228,12812
1787559294.703,2026-08-24 08:14:54.704,InnoDB,BUF_POOL_FLUSH_STATE,250304,217,186333
1787559294.703,2026-08-24 08:14:54.704,InnoDB,LOCK_SYS_TABLE,20773,217,12596
1787559294.703,2026-08-24 08:14:54.704,InnoDB,UNDO_SPACE_RSEG,7001,213,314
1787559294.703,2026-08-24 08:14:54.704,InnoDB,LOCK_SYS_TABLE,20202,212,12258
1787559294.703,2026-08-24 08:14:54.704,InnoDB,LOCK_SYS_TABLE,20789,211,12128
1787559294.703,2026-08-24 08:14:54.704,InnoDB,LOCK_SYS_TABLE,21119,203,13020
1787559294.703,2026-08-24 08:14:54.704,InnoDB,UNDO_SPACE_RSEG,6924,202,316
1787559294.703,2026-08-24 08:14:54.704,InnoDB,UNDO_SPACE_RSEG,6695,202,296
1787559294.703,2026-08-24 08:14:54.704,InnoDB,LOCK_SYS_TABLE,20318,201,12069
1787559294.703,2026-08-24 08:14:54.704,InnoDB,UNDO_SPACE_RSEG,6608,198,298
1787559294.703,2026-08-24 08:14:54.704,InnoDB,LOCK_SYS_TABLE,20474,197,12497
1787559294.703,2026-08-24 08:14:54.704,InnoDB,UNDO_SPACE_RSEG,6478,197,314
1787559294.703,2026-08-24 08:14:54.704,InnoDB,UNDO_SPACE_RSEG,6494,195,307
1787559294.703,2026-08-24 08:14:54.704,InnoDB,UNDO_SPACE_RSEG,6570,195,302
1787559294.703,2026-08-24 08:14:54.704,InnoDB,BUF_POOL_FLUSH_STATE,292879,193,214524
1787559294.703,2026-08-24 08:14:54.704,InnoDB,LOCK_SYS_TABLE,20109,193,12200
1787559294.703,2026-08-24 08:14:54.704,InnoDB,LOCK_SYS_TABLE,20147,190,12288
1787559294.703,2026-08-24 08:14:54.704,InnoDB,LOCK_SYS_TABLE,20329,189,12487
1787559294.703,2026-08-24 08:14:54.704,InnoDB,UNDO_SPACE_RSEG,6285,188,304
1787559294.703,2026-08-24 08:14:54.704,InnoDB,TRX,525222,188,727405
1787559294.703,2026-08-24 08:14:54.704,InnoDB,LOCK_SYS_TABLE,20393,186,13209
1787559294.703,2026-08-24 08:14:54.704,InnoDB,LOCK_SYS_TABLE,19830,186,12400
1787559294.703,2026-08-24 08:14:54.704,InnoDB,BUF_POOL_FLUSH_STATE,258042,184,187950
1787559294.703,2026-08-24 08:14:54.704,InnoDB,UNDO_SPACE_RSEG,6254,184,294
1787559294.703,2026-08-24 08:14:54.704,InnoDB,BUF_POOL_FLUSH_STATE,257483,183,188083
1787559294.703,2026-08-24 08:14:54.704,InnoDB,UNDO_SPACE_RSEG,6071,181,310
1787559294.703,2026-08-24 08:14:54.704,InnoDB,UNDO_SPACE_RSEG,6005,180,286
1787559294.703,2026-08-24 08:14:54.704,InnoDB,LOCK_SYS_TABLE,19316,180,12417
1787559294.703,2026-08-24 08:14:54.704,InnoDB,LOCK_SYS_TABLE,19579,179,11852
1787559294.703,2026-08-24 08:14:54.704,InnoDB,UNDO_SPACE_RSEG,5942,178,265
1787559294.703,2026-08-24 08:14:54.704,InnoDB,UNDO_SPACE_RSEG,5915,177,308
1787559294.703,2026-08-24 08:14:54.704,InnoDB,FIL_SHARD,23472,177,16510
1787559294.703,2026-08-24 08:14:54.704,InnoDB,UNDO_SPACE_RSEG,5982,176,267
1787559294.703,2026-08-24 08:14:54.704,InnoDB,UNDO_SPACE_RSEG,5921,176,319
1787559294.703,2026-08-24 08:14:54.704,InnoDB,UNDO_SPACE_RSEG,6052,175,284
1787559294.703,2026-08-24 08:14:54.704,InnoDB,UNDO_SPACE_RSEG,5855,174,276
1787559294.703,2026-08-24 08:14:54.704,InnoDB,UNDO_SPACE_RSEG,5827,173,314
1787559294.703,2026-08-24 08:14:54.704,InnoDB,UNDO_SPACE_RSEG,5936,173,339
1787559294.703,2026-08-24 08:14:54.704,InnoDB,UNDO_SPACE_RSEG,5712,172,291
1787559294.703,2026-08-24 08:14:54.704,InnoDB,UNDO_SPACE_RSEG,5708,171,282
1787559294.703,2026-08-24 08:14:54.704,InnoDB,UNDO_SPACE_RSEG,5726,171,312
1787559294.703,2026-08-24 08:14:54.704,InnoDB,UNDO_SPACE_RSEG,5829,170,325
1787559294.703,2026-08-24 08:14:54.704,InnoDB,LOCK_SYS_TABLE,19743,170,12554
1787559294.703,2026-08-24 08:14:54.704,InnoDB,UNDO_SPACE_RSEG,5731,169,296
1787559294.703,2026-08-24 08:14:54.704,InnoDB,UNDO_SPACE_RSEG,5573,166,290
1787559294.703,2026-08-24 08:14:54.704,InnoDB,LOCK_SYS_TABLE,18930,165,12573
1787559294.703,2026-08-24 08:14:54.704,InnoDB,UNDO_SPACE_RSEG,5641,164,316
1787559294.703,2026-08-24 08:14:54.704,InnoDB,LOCK_SYS_TABLE,19815,162,13298
1787559294.703,2026-08-24 08:14:54.704,InnoDB,UNDO_SPACE_RSEG,5592,161,284
1787559294.703,2026-08-24 08:14:54.704,InnoDB,UNDO_SPACE_RSEG,5459,161,302
1787559294.703,2026-08-24 08:14:54.704,InnoDB,UNDO_SPACE_RSEG,5369,159,303
1787559294.703,2026-08-24 08:14:54.704,InnoDB,UNDO_SPACE_RSEG,5492,159,283
1787559294.703,2026-08-24 08:14:54.704,InnoDB,UNDO_SPACE_RSEG,5259,159,285
1787559294.703,2026-08-24 08:14:54.704,InnoDB,LOCK_SYS_TABLE,18770,157,12599
1787559294.703,2026-08-24 08:14:54.704,InnoDB,UNDO_SPACE_RSEG,5269,157,280
1787559294.703,2026-08-24 08:14:54.704,InnoDB,UNDO_SPACE_RSEG,5303,157,288
1787559294.703,2026-08-24 08:14:54.704,InnoDB,UNDO_SPACE_RSEG,5334,156,302
1787559294.703,2026-08-24 08:14:54.704,InnoDB,UNDO_SPACE_RSEG,5283,156,288
1787559294.703,2026-08-24 08:14:54.704,InnoDB,UNDO_SPACE_RSEG,5155,156,290
1787559294.703,2026-08-24 08:14:54.704,InnoDB,UNDO_SPACE_RSEG,5240,155,295
1787559294.703,2026-08-24 08:14:54.704,InnoDB,UNDO_SPACE_RSEG,5121,152,303
1787559294.703,2026-08-24 08:14:54.704,InnoDB,UNDO_SPACE_RSEG,5287,152,272
1787559294.703,2026-08-24 08:14:54.704,InnoDB,UNDO_SPACE_RSEG,5220,150,284
1787559294.703,2026-08-24 08:14:54.704,InnoDB,UNDO_SPACE_RSEG,5127,150,282
1787559294.703,2026-08-24 08:14:54.704,InnoDB,UNDO_SPACE_RSEG,5065,150,273
1787559294.703,2026-08-24 08:14:54.704,InnoDB,UNDO_SPACE_RSEG,4964,149,278
1787559294.703,2026-08-24 08:14:54.704,InnoDB,UNDO_SPACE_RSEG,5047,148,276
1787559294.703,2026-08-24 08:14:54.704,InnoDB,UNDO_SPACE_RSEG,5020,148,270
1787559294.703,2026-08-24 08:14:54.704,InnoDB,UNDO_SPACE_RSEG,4937,144,269
1787559294.703,2026-08-24 08:14:54.704,InnoDB,UNDO_SPACE_RSEG,5031,144,324
1787559294.703,2026-08-24 08:14:54.704,InnoDB,UNDO_SPACE_RSEG,4870,144,285
1787559294.703,2026-08-24 08:14:54.704,InnoDB,BUF_POOL_FLUSH_STATE,256362,143,187795
1787559294.703,2026-08-24 08:14:54.704,InnoDB,UNDO_SPACE_RSEG,4857,143,283
1787559294.703,2026-08-24 08:14:54.704,InnoDB,UNDO_SPACE_RSEG,4811,142,279
1787559294.703,2026-08-24 08:14:54.704,InnoDB,UNDO_SPACE_RSEG,4670,141,249
1787559294.703,2026-08-24 08:14:54.704,InnoDB,UNDO_SPACE_RSEG,4784,141,268
1787559294.703,2026-08-24 08:14:54.704,InnoDB,UNDO_SPACE_RSEG,4981,140,283
1787559294.703,2026-08-24 08:14:54.704,InnoDB,UNDO_SPACE_RSEG,4774,140,304
1787559294.703,2026-08-24 08:14:54.704,InnoDB,UNDO_SPACE_RSEG,4853,139,313
1787559294.703,2026-08-24 08:14:54.704,InnoDB,UNDO_SPACE_RSEG,4762,139,273
1787559294.703,2026-08-24 08:14:54.704,InnoDB,UNDO_SPACE_RSEG,4673,139,278
1787559294.703,2026-08-24 08:14:54.704,InnoDB,UNDO_SPACE_RSEG,4735,138,281
1787559294.703,2026-08-24 08:14:54.704,InnoDB,UNDO_SPACE_RSEG,4891,138,328
1787559294.703,2026-08-24 08:14:54.704,InnoDB,UNDO_SPACE_RSEG,4601,136,293
1787559294.703,2026-08-24 08:14:54.704,InnoDB,UNDO_SPACE_RSEG,4731,135,332
1787559294.703,2026-08-24 08:14:54.704,InnoDB,UNDO_SPACE_RSEG,4558,134,233
1787559294.703,2026-08-24 08:14:54.704,InnoDB,UNDO_SPACE_RSEG,4509,133,254
1787559294.703,2026-08-24 08:14:54.704,InnoDB,UNDO_SPACE_RSEG,4588,133,307
1787559294.703,2026-08-24 08:14:54.704,InnoDB,UNDO_SPACE_RSEG,4417,132,284
1787559294.703,2026-08-24 08:14:54.704,InnoDB,UNDO_SPACE_RSEG,4445,130,273
1787559294.703,2026-08-24 08:14:54.704,InnoDB,UNDO_SPACE_RSEG,4579,130,308
1787559294.703,2026-08-24 08:14:54.704,InnoDB,UNDO_SPACE_RSEG,4484,130,286
1787559294.703,2026-08-24 08:14:54.704,InnoDB,UNDO_SPACE_RSEG,4352,129,267
1787559294.703,2026-08-24 08:14:54.704,InnoDB,UNDO_SPACE_RSEG,4631,128,297
1787559294.703,2026-08-24 08:14:54.704,InnoDB,UNDO_SPACE_RSEG,4307,127,257
1787559294.703,2026-08-24 08:14:54.704,InnoDB,UNDO_SPACE_RSEG,4374,127,288
1787559294.703,2026-08-24 08:14:54.704,InnoDB,UNDO_SPACE_RSEG,4465,127,278
1787559294.703,2026-08-24 08:14:54.704,InnoDB,UNDO_SPACE_RSEG,4361,126,286
1787559294.703,2026-08-24 08:14:54.704,InnoDB,UNDO_SPACE_RSEG,4410,126,288
1787559294.703,2026-08-24 08:14:54.704,InnoDB,UNDO_SPACE_RSEG,4253,125,277
1787559294.703,2026-08-24 08:14:54.704,InnoDB,UNDO_SPACE_RSEG,4431,124,294
1787559294.703,2026-08-24 08:14:54.704,InnoDB,UNDO_SPACE_RSEG,4279,123,261
1787559294.703,2026-08-24 08:14:54.704,InnoDB,UNDO_SPACE_RSEG,4370,123,281
1787559294.703,2026-08-24 08:14:54.704,InnoDB,UNDO_SPACE_RSEG,4053,114,274
1787559294.703,2026-08-24 08:14:54.704,InnoDB,UNDO_SPACE_RSEG,4006,114,288
1787559294.703,2026-08-24 08:14:54.704,InnoDB,UNDO_SPACE_RSEG,3923,114,260
1787559294.703,2026-08-24 08:14:54.704,InnoDB,UNDO_SPACE_RSEG,3850,113,275
1787559294.703,2026-08-24 08:14:54.704,InnoDB,UNDO_SPACE_RSEG,3750,113,253
1787559294.703,2026-08-24 08:14:54.704,InnoDB,UNDO_SPACE_RSEG,3878,113,253
1787559294.703,2026-08-24 08:14:54.704,InnoDB,UNDO_SPACE_RSEG,3842,112,265
1787559294.703,2026-08-24 08:14:54.704,InnoDB,UNDO_SPACE_RSEG,3959,112,265
1787559294.703,2026-08-24 08:14:54.704,InnoDB,UNDO_SPACE_RSEG,3805,111,244
1787559294.703,2026-08-24 08:14:54.704,InnoDB,UNDO_SPACE_RSEG,3861,111,259
1787559294.703,2026-08-24 08:14:54.704,InnoDB,UNDO_SPACE_RSEG,3999,111,308
1787559294.703,2026-08-24 08:14:54.704,InnoDB,UNDO_SPACE_RSEG,3802,111,262
1787559294.703,2026-08-24 08:14:54.704,InnoDB,UNDO_SPACE_RSEG,3948,110,299
1787559294.703,2026-08-24 08:14:54.704,InnoDB,UNDO_SPACE_RSEG,3805,109,255
1787559294.703,2026-08-24 08:14:54.704,InnoDB,UNDO_SPACE_RSEG,3751,109,267
1787559294.703,2026-08-24 08:14:54.704,InnoDB,UNDO_SPACE_RSEG,3868,108,293
1787559294.703,2026-08-24 08:14:54.704,InnoDB,UNDO_SPACE_RSEG,3771,106,275
1787559294.703,2026-08-24 08:14:54.704,InnoDB,UNDO_SPACE_RSEG,3500,103,266
1787559294.703,2026-08-24 08:14:54.704,InnoDB,UNDO_SPACE_RSEG,3516,102,240
1787559294.703,2026-08-24 08:14:54.704,InnoDB,UNDO_SPACE_RSEG,3573,101,275
1787559294.703,2026-08-24 08:14:54.704,InnoDB,UNDO_SPACE_RSEG,3480,100,274
1787559294.703,2026-08-24 08:14:54.704,InnoDB,UNDO_SPACE_RSEG,3415,100,255
1787559294.703,2026-08-24 08:14:54.704,InnoDB,UNDO_SPACE_RSEG,3533,99,266
1787559294.703,2026-08-24 08:14:54.704,InnoDB,UNDO_SPACE_RSEG,3503,97,262
1787559294.703,2026-08-24 08:14:54.704,InnoDB,UNDO_SPACE_RSEG,3349,96,268
1787559294.703,2026-08-24 08:14:54.704,InnoDB,UNDO_SPACE_RSEG,3291,93,258
1787559294.703,2026-08-24 08:14:54.704,InnoDB,UNDO_SPACE_RSEG,3271,93,252
1787559294.703,2026-08-24 08:14:54.704,InnoDB,UNDO_SPACE_RSEG,3120,88,246
1787559294.703,2026-08-24 08:14:54.704,InnoDB,UNDO_SPACE_RSEG,3147,87,245
1787559294.703,2026-08-24 08:14:54.704,InnoDB,UNDO_SPACE_RSEG,3234,87,246
1787559294.703,2026-08-24 08:14:54.704,InnoDB,UNDO_SPACE_RSEG,3051,86,252
1787559294.703,2026-08-24 08:14:54.704,InnoDB,UNDO_SPACE_RSEG,3027,84,276
1787559294.703,2026-08-24 08:14:54.704,InnoDB,UNDO_SPACE_RSEG,3105,83,267
1787559294.703,2026-08-24 08:14:54.704,InnoDB,UNDO_SPACE_RSEG,2907,81,272
1787559294.703,2026-08-24 08:14:54.704,InnoDB,UNDO_SPACE_RSEG,2953,81,264
1787559294.703,2026-08-24 08:14:54.704,InnoDB,UNDO_SPACE_RSEG,2915,81,246
1787559294.703,2026-08-24 08:14:54.704,InnoDB,UNDO_SPACE_RSEG,2788,79,251
1787559294.703,2026-08-24 08:14:54.704,InnoDB,UNDO_SPACE_RSEG,2966,79,267
1787559294.703,2026-08-24 08:14:54.704,InnoDB,UNDO_SPACE_RSEG,2812,76,287
1787559294.703,2026-08-24 08:14:54.704,InnoDB,UNDO_SPACE_RSEG,2613,75,218
1787559294.703,2026-08-24 08:14:54.704,InnoDB,UNDO_SPACE_RSEG,2553,72,237
1787559294.703,2026-08-24 08:14:54.704,InnoDB,UNDO_SPACE_RSEG,2696,71,241
1787559294.703,2026-08-24 08:14:54.704,InnoDB,UNDO_SPACE_RSEG,2528,68,267
1787559294.703,2026-08-24 08:14:54.704,InnoDB,UNDO_SPACE_RSEG,2584,67,264
1787559294.703,2026-08-24 08:14:54.704,InnoDB,UNDO_SPACE_RSEG,2500,65,282
1787559294.703,2026-08-24 08:14:54.704,InnoDB,UNDO_SPACE_RSEG,2331,59,236
1787559294.703,2026-08-24 08:14:54.704,InnoDB,UNDO_SPACE_RSEG,2094,53,250
1787559294.703,2026-08-24 08:14:54.704,InnoDB,SRV_SYS_TASKS,378351,44,378949
1787559294.703,2026-08-24 08:14:54.704,InnoDB,FIL_SHARD,8629,40,9355
1787559294.703,2026-08-24 08:14:54.704,InnoDB,UNDO_SPACE_RSEG,1562,36,234
1787559294.703,2026-08-24 08:14:54.704,InnoDB,TRX_POOL,590,18,36
1787559294.703,2026-08-24 08:14:54.704,InnoDB,DICT_TABLE_STATS_COMPUTE,450,15,5
1787559294.703,2026-08-24 08:14:54.704,InnoDB,LOCK_SYS_PAGE,642,11,258
1787559294.703,2026-08-24 08:14:54.704,InnoDB,LOCK_SYS_PAGE,549,9,227
1787559294.703,2026-08-24 08:14:54.704,InnoDB,LOCK_SYS_PAGE,690,9,330
1787559294.703,2026-08-24 08:14:54.704,InnoDB,LOCK_SYS_PAGE,607,9,274
1787559294.703,2026-08-24 08:14:54.704,InnoDB,LOCK_SYS_PAGE,688,9,267
1787559294.703,2026-08-24 08:14:54.704,InnoDB,LOCK_SYS_PAGE,668,9,275
1787559294.703,2026-08-24 08:14:54.704,InnoDB,LOCK_SYS_PAGE,591,9,292
1787559294.703,2026-08-24 08:14:54.704,InnoDB,LOCK_SYS_PAGE,572,9,248
1787559294.703,2026-08-24 08:14:54.704,InnoDB,LOCK_SYS_PAGE,585,9,300
1787559294.703,2026-08-24 08:14:54.704,InnoDB,LOCK_SYS_PAGE,622,9,264
1787559294.703,2026-08-24 08:14:54.704,InnoDB,LOCK_SYS_PAGE,601,8,275
1787559294.703,2026-08-24 08:14:54.704,InnoDB,LOCK_SYS_PAGE,587,8,239
1787559294.703,2026-08-24 08:14:54.704,InnoDB,LOCK_SYS_PAGE,574,8,287
1787559294.703,2026-08-24 08:14:54.704,InnoDB,LOCK_SYS_PAGE,576,8,285
1787559294.703,2026-08-24 08:14:54.704,InnoDB,LOCK_SYS_PAGE,569,8,250
1787559294.703,2026-08-24 08:14:54.704,InnoDB,LOCK_SYS_PAGE,645,8,322
1787559294.703,2026-08-24 08:14:54.704,InnoDB,LOCK_SYS_PAGE,490,8,245
1787559294.703,2026-08-24 08:14:54.704,InnoDB,LOCK_SYS_PAGE,489,8,237
1787559294.703,2026-08-24 08:14:54.704,InnoDB,LOCK_SYS_PAGE,496,7,218
1787559294.703,2026-08-24 08:14:54.704,InnoDB,LOCK_SYS_PAGE,478,7,240
1787559294.703,2026-08-24 08:14:54.704,InnoDB,LOCK_SYS_PAGE,554,7,236
1787559294.703,2026-08-24 08:14:54.704,InnoDB,LOCK_SYS_PAGE,496,7,280
1787559294.703,2026-08-24 08:14:54.704,InnoDB,LOCK_SYS_PAGE,566,7,305
1787559294.703,2026-08-24 08:14:54.704,InnoDB,LOCK_SYS_PAGE,505,7,253
1787559294.703,2026-08-24 08:14:54.704,InnoDB,LOCK_SYS_PAGE,668,7,325
1787559294.703,2026-08-24 08:14:54.704,InnoDB,LOCK_SYS_PAGE,616,7,295
1787559294.703,2026-08-24 08:14:54.704,InnoDB,LOCK_SYS_PAGE,506,7,265
1787559294.703,2026-08-24 08:14:54.704,InnoDB,LOCK_SYS_PAGE,454,7,272
1787559294.703,2026-08-24 08:14:54.704,InnoDB,LOCK_SYS_PAGE,629,7,295
1787559294.703,2026-08-24 08:14:54.704,InnoDB,LOCK_SYS_PAGE,505,7,232
1787559294.703,2026-08-24 08:14:54.704,InnoDB,LOCK_SYS_PAGE,458,7,236
1787559294.703,2026-08-24 08:14:54.704,InnoDB,LOCK_SYS_PAGE,554,7,238
1787559294.703,2026-08-24 08:14:54.704,InnoDB,LOCK_SYS_PAGE,466,7,219
1787559294.703,2026-08-24 08:14:54.704,InnoDB,LOCK_SYS_PAGE,488,7,245
1787559294.703,2026-08-24 08:14:54.704,InnoDB,LOCK_SYS_PAGE,599,7,281
1787559294.703,2026-08-24 08:14:54.704,InnoDB,LOCK_SYS_PAGE,526,7,260
1787559294.703,2026-08-24 08:14:54.704,InnoDB,LOCK_SYS_PAGE,567,7,297
1787559294.703,2026-08-24 08:14:54.704,InnoDB,LOCK_SYS_PAGE,631,7,295
1787559294.703,2026-08-24 08:14:54.704,InnoDB,LOCK_SYS_PAGE,528,7,274
1787559294.703,2026-08-24 08:14:54.704,InnoDB,LOCK_SYS_PAGE,563,7,298
1787559294.703,2026-08-24 08:14:54.704,InnoDB,LOCK_SYS_PAGE,590,7,278
1787559294.703,2026-08-24 08:14:54.704,InnoDB,LOCK_SYS_PAGE,503,7,234
1787559294.703,2026-08-24 08:14:54.704,InnoDB,LOCK_SYS_PAGE,480,7,228
1787559294.703,2026-08-24 08:14:54.704,InnoDB,LOCK_SYS_PAGE,613,7,273
1787559294.703,2026-08-24 08:14:54.704,InnoDB,LOCK_SYS_PAGE,492,7,234
1787559294.703,2026-08-24 08:14:54.704,InnoDB,LOCK_SYS_PAGE,493,7,283
1787559294.703,2026-08-24 08:14:54.704,InnoDB,LOCK_SYS_PAGE,612,7,291
1787559294.703,2026-08-24 08:14:54.704,InnoDB,LOCK_SYS_PAGE,478,7,242
1787559294.703,2026-08-24 08:14:54.704,InnoDB,LOCK_SYS_PAGE,575,7,330
1787559294.703,2026-08-24 08:14:54.704,InnoDB,LOCK_SYS_PAGE,538,7,286
1787559294.703,2026-08-24 08:14:54.704,InnoDB,LOCK_SYS_PAGE,467,6,222
1787559294.703,2026-08-24 08:14:54.704,InnoDB,LOCK_SYS_PAGE,517,6,284
1787559294.703,2026-08-24 08:14:54.704,InnoDB,LOCK_SYS_PAGE,507,6,229
1787559294.703,2026-08-24 08:14:54.704,InnoDB,LOCK_SYS_PAGE,551,6,283
1787559294.703,2026-08-24 08:14:54.704,InnoDB,LOCK_SYS_PAGE,578,6,277
1787559294.703,2026-08-24 08:14:54.704,InnoDB,LOCK_SYS_PAGE,494,6,247
1787559294.703,2026-08-24 08:14:54.704,InnoDB,LOCK_SYS_PAGE,486,6,296
1787559294.703,2026-08-24 08:14:54.704,InnoDB,LOCK_SYS_PAGE,426,6,212
1787559294.703,2026-08-24 08:14:54.704,InnoDB,LOCK_SYS_PAGE,468,6,234
1787559294.703,2026-08-24 08:14:54.704,InnoDB,LOCK_SYS_PAGE,937,6,354
1787559294.703,2026-08-24 08:14:54.704,InnoDB,LOCK_SYS_PAGE,534,6,303
1787559294.703,2026-08-24 08:14:54.704,InnoDB,LOCK_SYS_PAGE,446,6,240
1787559294.703,2026-08-24 08:14:54.704,InnoDB,LOCK_SYS_PAGE,576,6,343
1787559294.703,2026-08-24 08:14:54.704,InnoDB,LOCK_SYS_PAGE,553,6,268
1787559294.703,2026-08-24 08:14:54.704,InnoDB,LOCK_SYS_PAGE,471,6,248
1787559294.703,2026-08-24 08:14:54.704,InnoDB,LOCK_SYS_PAGE,443,6,258
1787559294.703,2026-08-24 08:14:54.704,InnoDB,LOCK_SYS_PAGE,531,6,301
1787559294.703,2026-08-24 08:14:54.704,InnoDB,LOCK_SYS_PAGE,526,6,274
1787559294.703,2026-08-24 08:14:54.704,InnoDB,LOCK_SYS_PAGE,526,6,274
1787559294.703,2026-08-24 08:14:54.704,InnoDB,LOCK_SYS_PAGE,442,6,237
1787559294.703,2026-08-24 08:14:54.704,InnoDB,LOCK_SYS_PAGE,477,6,275
1787559294.703,2026-08-24 08:14:54.704,InnoDB,LOCK_SYS_PAGE,482,6,214
1787559294.703,2026-08-24 08:14:54.704,InnoDB,LOCK_SYS_PAGE,470,6,279
1787559294.703,2026-08-24 08:14:54.704,InnoDB,LOCK_SYS_PAGE,490,6,288
1787559294.703,2026-08-24 08:14:54.704,InnoDB,LOCK_SYS_PAGE,459,6,209
1787559294.703,2026-08-24 08:14:54.704,InnoDB,LOCK_SYS_PAGE,529,6,310
1787559294.703,2026-08-24 08:14:54.704,InnoDB,LOCK_SYS_PAGE,430,6,238
1787559294.703,2026-08-24 08:14:54.704,InnoDB,LOCK_SYS_PAGE,537,6,278
1787559294.703,2026-08-24 08:14:54.704,InnoDB,LOCK_SYS_PAGE,479,6,222
1787559294.703,2026-08-24 08:14:54.704,InnoDB,LOCK_SYS_PAGE,499,6,262
1787559294.703,2026-08-24 08:14:54.704,InnoDB,LOCK_SYS_PAGE,483,6,255
1787559294.703,2026-08-24 08:14:54.704,InnoDB,LOCK_SYS_PAGE,494,6,257
1787559294.703,2026-08-24 08:14:54.704,InnoDB,LOCK_SYS_PAGE,493,6,280
1787559294.703,2026-08-24 08:14:54.704,InnoDB,LOCK_SYS_PAGE,537,6,255
1787559294.703,2026-08-24 08:14:54.704,InnoDB,LOCK_SYS_PAGE,499,6,282
1787559294.703,2026-08-24 08:14:54.704,InnoDB,LOCK_SYS_PAGE,489,6,286
1787559294.703,2026-08-24 08:14:54.704,InnoDB,LOCK_SYS_PAGE,505,6,278
1787559294.703,2026-08-24 08:14:54.704,InnoDB,LOCK_SYS_PAGE,502,6,244
1787559294.703,2026-08-24 08:14:54.704,InnoDB,LOCK_SYS_PAGE,518,6,221
1787559294.703,2026-08-24 08:14:54.704,InnoDB,LOCK_SYS_PAGE,400,6,201
1787559294.703,2026-08-24 08:14:54.704,InnoDB,LOCK_SYS_PAGE,477,6,283
1787559294.703,2026-08-24 08:14:54.704,InnoDB,LOCK_SYS_PAGE,428,6,217
1787559294.703,2026-08-24 08:14:54.704,InnoDB,LOCK_SYS_PAGE,487,6,256
1787559294.703,2026-08-24 08:14:54.704,InnoDB,LOCK_SYS_PAGE,477,6,221
1787559294.703,2026-08-24 08:14:54.704,InnoDB,LOCK_SYS_PAGE,524,6,264
1787559294.703,2026-08-24 08:14:54.704,InnoDB,LOCK_SYS_PAGE,622,6,313
1787559294.703,2026-08-24 08:14:54.704,InnoDB,LOCK_SYS_PAGE,553,6,324
1787559294.703,2026-08-24 08:14:54.704,InnoDB,LOCK_SYS_PAGE,469,6,211
1787559294.703,2026-08-24 08:14:54.704,InnoDB,LOCK_SYS_PAGE,382,5,209
1787559294.703,2026-08-24 08:14:54.704,InnoDB,LOCK_SYS_PAGE,479,5,254
1787559294.703,2026-08-24 08:14:54.704,InnoDB,LOCK_SYS_PAGE,488,5,275
1787559294.703,2026-08-24 08:14:54.704,InnoDB,DICT_TABLE_STATS_COMPUTE,152,5,3
1787559294.703,2026-08-24 08:14:54.704,InnoDB,LOCK_SYS_PAGE,482,5,281
1787559294.703,2026-08-24 08:14:54.704,InnoDB,LOCK_SYS_PAGE,429,5,234
1787559294.703,2026-08-24 08:14:54.704,InnoDB,LOCK_SYS_PAGE,466,5,275
1787559294.703,2026-08-24 08:14:54.704,InnoDB,LOCK_SYS_PAGE,461,5,281
1787559294.703,2026-08-24 08:14:54.704,InnoDB,LOCK_SYS_PAGE,468,5,278
1787559294.703,2026-08-24 08:14:54.704,InnoDB,LOCK_SYS_PAGE,415,5,245
1787559294.703,2026-08-24 08:14:54.704,InnoDB,LOCK_SYS_PAGE,444,5,231
1787559294.703,2026-08-24 08:14:54.704,InnoDB,LOCK_SYS_PAGE,515,5,304
1787559294.703,2026-08-24 08:14:54.704,InnoDB,LOCK_SYS_PAGE,428,5,235
1787559294.703,2026-08-24 08:14:54.704,InnoDB,LOCK_SYS_PAGE,408,5,246
1787559294.703,2026-08-24 08:14:54.704,InnoDB,LOCK_SYS_PAGE,477,5,289
1787559294.703,2026-08-24 08:14:54.704,InnoDB,LOCK_SYS_PAGE,403,5,239
1787559294.703,2026-08-24 08:14:54.704,InnoDB,LOCK_SYS_PAGE,453,5,277
1787559294.703,2026-08-24 08:14:54.704,InnoDB,LOCK_SYS_PAGE,481,5,257
1787559294.703,2026-08-24 08:14:54.704,InnoDB,LOCK_SYS_PAGE,380,5,210
1787559294.703,2026-08-24 08:14:54.704,InnoDB,LOCK_SYS_PAGE,476,5,268
1787559294.703,2026-08-24 08:14:54.704,InnoDB,LOCK_SYS_PAGE,551,5,297
1787559294.703,2026-08-24 08:14:54.704,InnoDB,LOCK_SYS_PAGE,516,5,280
1787559294.703,2026-08-24 08:14:54.704,InnoDB,LOCK_SYS_PAGE,482,5,235
1787559294.703,2026-08-24 08:14:54.704,InnoDB,LOCK_SYS_PAGE,1045,5,386
1787559294.703,2026-08-24 08:14:54.704,InnoDB,LOCK_SYS_PAGE,561,5,286
1787559294.703,2026-08-24 08:14:54.704,InnoDB,LOCK_SYS_PAGE,452,5,275
1787559294.703,2026-08-24 08:14:54.704,InnoDB,LOCK_SYS_PAGE,476,5,278
1787559294.703,2026-08-24 08:14:54.704,InnoDB,PARSER,256,5,8
1787559294.703,2026-08-24 08:14:54.704,InnoDB,LOCK_SYS_PAGE,495,5,309
1787559294.703,2026-08-24 08:14:54.704,InnoDB,LOCK_SYS_PAGE,420,5,275
1787559294.703,2026-08-24 08:14:54.704,InnoDB,LOCK_SYS_PAGE,444,5,250
1787559294.703,2026-08-24 08:14:54.704,InnoDB,LOCK_SYS_PAGE,504,5,246
1787559294.703,2026-08-24 08:14:54.704,InnoDB,LOCK_SYS_PAGE,454,5,231
1787559294.703,2026-08-24 08:14:54.704,InnoDB,LOCK_SYS_PAGE,424,5,225
1787559294.703,2026-08-24 08:14:54.704,InnoDB,LOCK_SYS_PAGE,507,5,274
1787559294.703,2026-08-24 08:14:54.704,InnoDB,LOCK_SYS_PAGE,451,5,245
1787559294.703,2026-08-24 08:14:54.704,InnoDB,LOCK_SYS_PAGE,558,5,287
1787559294.703,2026-08-24 08:14:54.704,InnoDB,LOCK_SYS_PAGE,457,5,257
1787559294.703,2026-08-24 08:14:54.704,InnoDB,LOCK_SYS_PAGE,433,5,232
1787559294.703,2026-08-24 08:14:54.704,InnoDB,LOCK_SYS_PAGE,465,5,226
1787559294.703,2026-08-24 08:14:54.704,InnoDB,LOCK_SYS_PAGE,431,5,239
1787559294.703,2026-08-24 08:14:54.704,InnoDB,LOCK_SYS_PAGE,435,5,273
1787559294.703,2026-08-24 08:14:54.704,InnoDB,LOCK_SYS_PAGE,466,5,291
1787559294.703,2026-08-24 08:14:54.704,InnoDB,LOCK_SYS_PAGE,397,5,212
1787559294.703,2026-08-24 08:14:54.704,InnoDB,LOCK_SYS_PAGE,444,5,224
1787559294.703,2026-08-24 08:14:54.704,InnoDB,LOCK_SYS_PAGE,433,5,289
1787559294.703,2026-08-24 08:14:54.704,InnoDB,LOCK_SYS_PAGE,416,5,242
1787559294.703,2026-08-24 08:14:54.704,InnoDB,LOCK_SYS_PAGE,409,5,247
1787559294.703,2026-08-24 08:14:54.704,InnoDB,LOCK_SYS_PAGE,448,5,242
1787559294.703,2026-08-24 08:14:54.704,InnoDB,LOCK_SYS_PAGE,454,5,260
1787559294.703,2026-08-24 08:14:54.704,InnoDB,LOCK_SYS_PAGE,508,5,265
1787559294.703,2026-08-24 08:14:54.704,InnoDB,LOCK_SYS_PAGE,509,5,249
1787559294.703,2026-08-24 08:14:54.704,InnoDB,LOCK_SYS_PAGE,449,5,227
1787559294.703,2026-08-24 08:14:54.704,InnoDB,LOCK_SYS_PAGE,486,5,275
1787559294.703,2026-08-24 08:14:54.704,InnoDB,LOCK_SYS_PAGE,560,5,290
1787559294.703,2026-08-24 08:14:54.704,InnoDB,LOCK_SYS_PAGE,439,5,226
1787559294.703,2026-08-24 08:14:54.704,InnoDB,LOCK_SYS_PAGE,981,5,346
1787559294.703,2026-08-24 08:14:54.704,InnoDB,LOCK_SYS_PAGE,452,5,298
1787559294.703,2026-08-24 08:14:54.704,InnoDB,LOCK_SYS_PAGE,446,5,226
1787559294.703,2026-08-24 08:14:54.704,InnoDB,LOCK_SYS_PAGE,433,5,245
1787559294.703,2026-08-24 08:14:54.704,InnoDB,LOCK_SYS_PAGE,376,5,227
1787559294.703,2026-08-24 08:14:54.704,InnoDB,LOCK_SYS_PAGE,455,5,266
1787559294.703,2026-08-24 08:14:54.704,InnoDB,LOCK_SYS_PAGE,503,5,282
1787559294.703,2026-08-24 08:14:54.704,InnoDB,LOCK_SYS_PAGE,406,5,237
1787559294.703,2026-08-24 08:14:54.704,InnoDB,LOCK_SYS_PAGE,489,5,311
1787559294.703,2026-08-24 08:14:54.704,InnoDB,LOCK_SYS_PAGE,441,5,246
1787559294.703,2026-08-24 08:14:54.704,InnoDB,LOCK_SYS_PAGE,409,4,278
1787559294.703,2026-08-24 08:14:54.704,InnoDB,LOCK_SYS_PAGE,440,4,290
1787559294.703,2026-08-24 08:14:54.704,InnoDB,LOCK_SYS_PAGE,548,4,303
1787559294.703,2026-08-24 08:14:54.704,InnoDB,LOCK_SYS_PAGE,415,4,252
1787559294.703,2026-08-24 08:14:54.704,InnoDB,LOCK_SYS_PAGE,382,4,200
1787559294.703,2026-08-24 08:14:54.704,InnoDB,LOCK_SYS_PAGE,392,4,220
1787559294.703,2026-08-24 08:14:54.704,InnoDB,LOCK_SYS_PAGE,437,4,281
1787559294.703,2026-08-24 08:14:54.704,InnoDB,LOCK_SYS_PAGE,445,4,235
1787559294.703,2026-08-24 08:14:54.704,InnoDB,LOCK_SYS_PAGE,439,4,235
1787559294.703,2026-08-24 08:14:54.704,InnoDB,LOCK_SYS_PAGE,370,4,240
1787559294.703,2026-08-24 08:14:54.704,InnoDB,LOCK_SYS_PAGE,418,4,279
1787559294.703,2026-08-24 08:14:54.704,InnoDB,LOCK_SYS_PAGE,412,4,247
1787559294.703,2026-08-24 08:14:54.704,InnoDB,LOCK_SYS_PAGE,561,4,314
1787559294.703,2026-08-24 08:14:54.704,InnoDB,LOCK_SYS_PAGE,439,4,262
1787559294.703,2026-08-24 08:14:54.704,InnoDB,LOCK_SYS_PAGE,414,4,247
1787559294.703,2026-08-24 08:14:54.704,InnoDB,LOCK_SYS_PAGE,507,4,262
1787559294.703,2026-08-24 08:14:54.704,InnoDB,LOCK_SYS_PAGE,476,4,290
1787559294.703,2026-08-24 08:14:54.704,InnoDB,LOCK_SYS_PAGE,461,4,245
1787559294.703,2026-08-24 08:14:54.704,InnoDB,LOCK_SYS_PAGE,507,4,271
1787559294.703,2026-08-24 08:14:54.704,InnoDB,LOCK_SYS_PAGE,446,4,250
1787559294.703,2026-08-24 08:14:54.704,InnoDB,LOCK_SYS_PAGE,360,4,207
1787559294.703,2026-08-24 08:14:54.704,InnoDB,LOCK_SYS_PAGE,455,4,259
1787559294.703,2026-08-24 08:14:54.704,InnoDB,LOCK_SYS_PAGE,422,4,264
1787559294.703,2026-08-24 08:14:54.704,InnoDB,LOCK_SYS_PAGE,458,4,256
1787559294.703,2026-08-24 08:14:54.704,InnoDB,LOCK_SYS_PAGE,364,4,215
1787559294.703,2026-08-24 08:14:54.704,InnoDB,LOCK_SYS_PAGE,441,4,300
1787559294.703,2026-08-24 08:14:54.704,InnoDB,LOCK_SYS_PAGE,438,4,282
1787559294.703,2026-08-24 08:14:54.704,InnoDB,LOCK_SYS_PAGE,452,4,292
1787559294.703,2026-08-24 08:14:54.704,InnoDB,LOCK_SYS_PAGE,485,4,268
1787559294.703,2026-08-24 08:14:54.704,InnoDB,LOCK_SYS_PAGE,451,4,288
1787559294.703,2026-08-24 08:14:54.704,InnoDB,LOCK_SYS_PAGE,437,4,298
1787559294.703,2026-08-24 08:14:54.704,InnoDB,LOCK_SYS_PAGE,478,4,320
1787559294.703,2026-08-24 08:14:54.704,InnoDB,LOCK_SYS_PAGE,504,4,279
1787559294.703,2026-08-24 08:14:54.704,InnoDB,LOCK_SYS_PAGE,485,4,272
1787559294.703,2026-08-24 08:14:54.704,InnoDB,LOCK_SYS_PAGE,515,4,253
1787559294.703,2026-08-24 08:14:54.704,InnoDB,LOCK_SYS_PAGE,493,4,282
1787559294.703,2026-08-24 08:14:54.704,InnoDB,LOCK_SYS_PAGE,418,4,228
1787559294.703,2026-08-24 08:14:54.704,InnoDB,LOCK_SYS_PAGE,371,4,252
1787559294.703,2026-08-24 08:14:54.704,InnoDB,LOCK_SYS_PAGE,393,4,236
1787559294.703,2026-08-24 08:14:54.704,InnoDB,LOCK_SYS_PAGE,410,4,260
1787559294.703,2026-08-24 08:14:54.704,InnoDB,LOCK_SYS_PAGE,374,4,248
1787559294.703,2026-08-24 08:14:54.704,InnoDB,LOCK_SYS_PAGE,382,4,233
1787559294.703,2026-08-24 08:14:54.704,InnoDB,LOCK_SYS_PAGE,427,4,235
1787559294.703,2026-08-24 08:14:54.704,InnoDB,LOCK_SYS_PAGE,408,4,265
1787559294.703,2026-08-24 08:14:54.704,InnoDB,LOCK_SYS_PAGE,386,4,231
1787559294.703,2026-08-24 08:14:54.704,InnoDB,LOCK_SYS_PAGE,420,4,249
1787559294.703,2026-08-24 08:14:54.704,InnoDB,LOCK_SYS_PAGE,397,4,210
1787559294.703,2026-08-24 08:14:54.704,InnoDB,LOCK_SYS_PAGE,434,4,250
1787559294.703,2026-08-24 08:14:54.704,InnoDB,LOCK_SYS_PAGE,384,4,225
1787559294.703,2026-08-24 08:14:54.704,InnoDB,LOCK_SYS_PAGE,433,4,284
1787559294.703,2026-08-24 08:14:54.704,InnoDB,LOCK_SYS_PAGE,417,4,291
1787559294.703,2026-08-24 08:14:54.704,InnoDB,LOCK_SYS_PAGE,431,4,238
1787559294.703,2026-08-24 08:14:54.704,InnoDB,LOCK_SYS_PAGE,336,4,226
1787559294.703,2026-08-24 08:14:54.704,InnoDB,LOCK_SYS_PAGE,422,4,247
1787559294.703,2026-08-24 08:14:54.704,InnoDB,LOCK_SYS_PAGE,449,4,236
1787559294.703,2026-08-24 08:14:54.704,InnoDB,LOCK_SYS_PAGE,475,4,256
1787559294.703,2026-08-24 08:14:54.704,InnoDB,LOCK_SYS_PAGE,388,4,235
1787559294.703,2026-08-24 08:14:54.704,InnoDB,LOCK_SYS_PAGE,392,4,252
1787559294.703,2026-08-24 08:14:54.704,InnoDB,LOCK_SYS_PAGE,463,4,290
1787559294.703,2026-08-24 08:14:54.704,InnoDB,LOCK_SYS_PAGE,479,4,305
1787559294.703,2026-08-24 08:14:54.704,InnoDB,LOCK_SYS_PAGE,453,4,310
1787559294.703,2026-08-24 08:14:54.704,InnoDB,LOCK_SYS_PAGE,474,4,254
1787559294.703,2026-08-24 08:14:54.704,InnoDB,LOCK_SYS_PAGE,578,4,254
1787559294.703,2026-08-24 08:14:54.704,InnoDB,LOCK_SYS_PAGE,417,4,253
1787559294.703,2026-08-24 08:14:54.704,InnoDB,LOCK_SYS_PAGE,342,4,214
1787559294.703,2026-08-24 08:14:54.704,InnoDB,LOCK_SYS_PAGE,378,4,251
1787559294.703,2026-08-24 08:14:54.704,InnoDB,LOCK_SYS_PAGE,451,4,252
1787559294.703,2026-08-24 08:14:54.704,InnoDB,LOCK_SYS_PAGE,495,4,316
1787559294.703,2026-08-24 08:14:54.704,InnoDB,LOCK_SYS_PAGE,394,4,221
1787559294.703,2026-08-24 08:14:54.704,InnoDB,LOCK_SYS_PAGE,408,4,238
1787559294.703,2026-08-24 08:14:54.704,InnoDB,LOCK_SYS_PAGE,450,4,236
1787559294.703,2026-08-24 08:14:54.704,InnoDB,LOCK_SYS_PAGE,482,4,283
1787559294.703,2026-08-24 08:14:54.704,InnoDB,LOCK_SYS_PAGE,388,4,235
1787559294.703,2026-08-24 08:14:54.704,InnoDB,LOCK_SYS_PAGE,458,4,271
1787559294.703,2026-08-24 08:14:54.704,InnoDB,LOCK_SYS_PAGE,363,4,199
1787559294.703,2026-08-24 08:14:54.704,InnoDB,LOCK_SYS_PAGE,319,4,204
1787559294.703,2026-08-24 08:14:54.704,InnoDB,LOCK_SYS_PAGE,380,4,219
1787559294.703,2026-08-24 08:14:54.704,InnoDB,LOCK_SYS_PAGE,451,4,288
1787559294.703,2026-08-24 08:14:54.704,InnoDB,LOCK_SYS_PAGE,529,4,316
1787559294.703,2026-08-24 08:14:54.704,InnoDB,LOCK_SYS_PAGE,439,4,292
1787559294.703,2026-08-24 08:14:54.704,InnoDB,LOCK_SYS_PAGE,441,4,236
1787559294.703,2026-08-24 08:14:54.704,InnoDB,LOCK_SYS_PAGE,471,4,301
1787559294.703,2026-08-24 08:14:54.704,InnoDB,LOCK_SYS_PAGE,369,4,256
1787559294.703,2026-08-24 08:14:54.704,InnoDB,LOCK_SYS_PAGE,466,4,283
1787559294.703,2026-08-24 08:14:54.704,InnoDB,LOCK_SYS_PAGE,418,4,237
1787559294.703,2026-08-24 08:14:54.704,InnoDB,LOCK_SYS_PAGE,592,4,282
1787559294.703,2026-08-24 08:14:54.704,InnoDB,LOCK_SYS_PAGE,456,4,256
1787559294.703,2026-08-24 08:14:54.704,InnoDB,LOCK_SYS_PAGE,351,4,200
1787559294.703,2026-08-24 08:14:54.704,InnoDB,LOCK_SYS_PAGE,491,4,311
1787559294.703,2026-08-24 08:14:54.704,InnoDB,LOCK_SYS_PAGE,443,4,255
1787559294.703,2026-08-24 08:14:54.704,InnoDB,LOCK_SYS_PAGE,390,4,263
1787559294.703,2026-08-24 08:14:54.704,InnoDB,LOCK_SYS_PAGE,472,4,274
1787559294.703,2026-08-24 08:14:54.704,InnoDB,LOCK_SYS_PAGE,422,4,258
1787559294.703,2026-08-24 08:14:54.704,InnoDB,LOCK_SYS_PAGE,476,4,293
1787559294.703,2026-08-24 08:14:54.704,InnoDB,LOCK_SYS_PAGE,371,3,242
1787559294.703,2026-08-24 08:14:54.704,InnoDB,LOCK_SYS_PAGE,372,3,259
1787559294.703,2026-08-24 08:14:54.704,InnoDB,LOCK_SYS_PAGE,395,3,292
1787559294.703,2026-08-24 08:14:54.704,InnoDB,LOCK_SYS_PAGE,371,3,277
1787559294.703,2026-08-24 08:14:54.704,InnoDB,LOCK_SYS_PAGE,416,3,275
1787559294.703,2026-08-24 08:14:54.704,InnoDB,LOCK_SYS_PAGE,319,3,216
1787559294.703,2026-08-24 08:14:54.704,InnoDB,LOCK_SYS_PAGE,368,3,257
1787559294.703,2026-08-24 08:14:54.704,InnoDB,LOCK_SYS_PAGE,408,3,240
1787559294.703,2026-08-24 08:14:54.704,InnoDB,LOCK_SYS_PAGE,374,3,231
1787559294.703,2026-08-24 08:14:54.704,InnoDB,LOCK_SYS_PAGE,370,3,241
1787559294.703,2026-08-24 08:14:54.704,InnoDB,LOCK_SYS_PAGE,453,3,297
1787559294.703,2026-08-24 08:14:54.704,InnoDB,LOCK_SYS_PAGE,484,3,292
1787559294.703,2026-08-24 08:14:54.704,InnoDB,LOCK_SYS_PAGE,407,3,252
1787559294.703,2026-08-24 08:14:54.704,InnoDB,LOCK_SYS_PAGE,440,3,238
1787559294.703,2026-08-24 08:14:54.704,InnoDB,LOCK_SYS_PAGE,383,3,244
1787559294.703,2026-08-24 08:14:54.704,InnoDB,LOCK_SYS_PAGE,462,3,291
1787559294.703,2026-08-24 08:14:54.704,InnoDB,LOCK_SYS_PAGE,407,3,273
1787559294.703,2026-08-24 08:14:54.704,InnoDB,LOCK_SYS_PAGE,484,3,354
1787559294.703,2026-08-24 08:14:54.704,InnoDB,LOCK_SYS_PAGE,337,3,227
1787559294.703,2026-08-24 08:14:54.704,InnoDB,LOCK_SYS_PAGE,480,3,278
1787559294.703,2026-08-24 08:14:54.704,InnoDB,LOCK_SYS_PAGE,396,3,233
1787559294.703,2026-08-24 08:14:54.704,InnoDB,LOCK_SYS_PAGE,367,3,237
1787559294.703,2026-08-24 08:14:54.704,InnoDB,LOCK_SYS_PAGE,478,3,262
1787559294.703,2026-08-24 08:14:54.704,InnoDB,LOCK_SYS_PAGE,346,3,257
1787559294.703,2026-08-24 08:14:54.704,InnoDB,LOCK_SYS_PAGE,381,3,215
1787559294.703,2026-08-24 08:14:54.704,InnoDB,LOCK_SYS_PAGE,441,3,301
1787559294.703,2026-08-24 08:14:54.704,InnoDB,LOCK_SYS_PAGE,372,3,268
1787559294.703,2026-08-24 08:14:54.704,InnoDB,LOCK_SYS_PAGE,395,3,307
1787559294.703,2026-08-24 08:14:54.704,InnoDB,LOCK_SYS_PAGE,355,3,272
1787559294.703,2026-08-24 08:14:54.704,InnoDB,LOCK_SYS_PAGE,429,3,256
1787559294.703,2026-08-24 08:14:54.704,InnoDB,LOCK_SYS_PAGE,463,3,306
1787559294.703,2026-08-24 08:14:54.704,InnoDB,LOCK_SYS_PAGE,457,3,333
1787559294.703,2026-08-24 08:14:54.704,InnoDB,LOCK_SYS_PAGE,366,3,256
1787559294.703,2026-08-24 08:14:54.704,InnoDB,LOCK_SYS_PAGE,382,3,233
1787559294.703,2026-08-24 08:14:54.704,InnoDB,LOCK_SYS_PAGE,458,3,301
1787559294.703,2026-08-24 08:14:54.704,InnoDB,LOCK_SYS_PAGE,318,3,207
1787559294.703,2026-08-24 08:14:54.704,InnoDB,LOCK_SYS_PAGE,373,3,219
1787559294.703,2026-08-24 08:14:54.704,InnoDB,LOCK_SYS_PAGE,362,3,262
1787559294.703,2026-08-24 08:14:54.704,InnoDB,LOCK_SYS_PAGE,409,3,247
1787559294.703,2026-08-24 08:14:54.704,InnoDB,LOCK_SYS_PAGE,439,3,232
1787559294.703,2026-08-24 08:14:54.704,InnoDB,LOCK_SYS_PAGE,435,3,295
1787559294.703,2026-08-24 08:14:54.704,InnoDB,LOCK_SYS_PAGE,451,3,329
1787559294.703,2026-08-24 08:14:54.704,InnoDB,LOCK_SYS_PAGE,345,3,260
1787559294.703,2026-08-24 08:14:54.704,InnoDB,LOCK_SYS_PAGE,328,3,229
1787559294.703,2026-08-24 08:14:54.704,InnoDB,LOCK_SYS_PAGE,404,3,267
1787559294.703,2026-08-24 08:14:54.704,InnoDB,LOCK_SYS_PAGE,341,3,210
1787559294.703,2026-08-24 08:14:54.704,InnoDB,LOCK_SYS_PAGE,397,3,268
1787559294.703,2026-08-24 08:14:54.704,InnoDB,LOCK_SYS_PAGE,485,3,318
1787559294.703,2026-08-24 08:14:54.704,InnoDB,LOCK_SYS_PAGE,425,3,242
1787559294.703,2026-08-24 08:14:54.704,InnoDB,LOCK_SYS_PAGE,411,3,269
1787559294.703,2026-08-24 08:14:54.704,InnoDB,LOCK_SYS_PAGE,372,3,252
1787559294.703,2026-08-24 08:14:54.704,InnoDB,LOCK_SYS_PAGE,325,3,220
1787559294.703,2026-08-24 08:14:54.704,InnoDB,LOCK_SYS_PAGE,468,3,289
1787559294.703,2026-08-24 08:14:54.704,InnoDB,LOCK_SYS_PAGE,421,3,249
1787559294.703,2026-08-24 08:14:54.704,InnoDB,LOCK_SYS_PAGE,450,3,272
1787559294.703,2026-08-24 08:14:54.704,InnoDB,LOCK_SYS_PAGE,375,3,270
1787559294.703,2026-08-24 08:14:54.704,InnoDB,LOCK_SYS_PAGE,382,3,247
1787559294.703,2026-08-24 08:14:54.704,InnoDB,LOCK_SYS_PAGE,446,3,283
1787559294.703,2026-08-24 08:14:54.704,InnoDB,LOCK_SYS_PAGE,462,3,308
1787559294.703,2026-08-24 08:14:54.704,InnoDB,LOCK_SYS_PAGE,375,3,248
1787559294.703,2026-08-24 08:14:54.704,InnoDB,LOCK_SYS_PAGE,336,3,231
1787559294.703,2026-08-24 08:14:54.704,InnoDB,LOCK_SYS_PAGE,428,3,291
1787559294.703,2026-08-24 08:14:54.704,InnoDB,LOCK_SYS_PAGE,504,3,291
1787559294.703,2026-08-24 08:14:54.704,InnoDB,LOCK_SYS_PAGE,437,3,302
1787559294.703,2026-08-24 08:14:54.704,InnoDB,LOCK_SYS_PAGE,338,3,247
1787559294.703,2026-08-24 08:14:54.704,InnoDB,LOCK_SYS_PAGE,401,3,235
1787559294.703,2026-08-24 08:14:54.704,InnoDB,LOCK_SYS_PAGE,336,3,232
1787559294.703,2026-08-24 08:14:54.704,InnoDB,LOCK_SYS_PAGE,341,3,202
1787559294.703,2026-08-24 08:14:54.704,InnoDB,LOCK_SYS_PAGE,355,3,263
1787559294.703,2026-08-24 08:14:54.704,InnoDB,LOCK_SYS_PAGE,360,3,211
1787559294.703,2026-08-24 08:14:54.704,InnoDB,LOCK_SYS_PAGE,469,3,287
1787559294.703,2026-08-24 08:14:54.704,InnoDB,LOCK_SYS_PAGE,455,3,279
1787559294.703,2026-08-24 08:14:54.704,InnoDB,LOCK_SYS_PAGE,402,3,273
1787559294.703,2026-08-24 08:14:54.704,InnoDB,LOCK_SYS_PAGE,512,3,305
1787559294.703,2026-08-24 08:14:54.704,InnoDB,LOCK_SYS_PAGE,350,3,232
1787559294.703,2026-08-24 08:14:54.704,InnoDB,LOCK_SYS_PAGE,389,3,242
1787559294.703,2026-08-24 08:14:54.704,InnoDB,LOCK_SYS_PAGE,402,3,293
1787559294.703,2026-08-24 08:14:54.704,InnoDB,LOCK_SYS_PAGE,412,3,246
1787559294.703,2026-08-24 08:14:54.704,InnoDB,LOCK_SYS_PAGE,341,3,249
1787559294.703,2026-08-24 08:14:54.704,InnoDB,LOCK_SYS_PAGE,364,3,252
1787559294.703,2026-08-24 08:14:54.704,InnoDB,LOCK_SYS_PAGE,498,3,320
1787559294.703,2026-08-24 08:14:54.704,InnoDB,LOCK_SYS_PAGE,428,3,223
1787559294.703,2026-08-24 08:14:54.704,InnoDB,LOCK_SYS_PAGE,462,3,294
1787559294.703,2026-08-24 08:14:54.704,InnoDB,LOCK_SYS_PAGE,426,3,280
1787559294.703,2026-08-24 08:14:54.704,InnoDB,LOCK_SYS_PAGE,421,3,272
1787559294.703,2026-08-24 08:14:54.704,InnoDB,LOCK_SYS_PAGE,339,3,233
1787559294.703,2026-08-24 08:14:54.704,InnoDB,LOCK_SYS_PAGE,524,3,300
1787559294.703,2026-08-24 08:14:54.704,InnoDB,LOCK_SYS_PAGE,473,3,244
1787559294.703,2026-08-24 08:14:54.704,InnoDB,LOCK_SYS_PAGE,364,3,223
1787559294.703,2026-08-24 08:14:54.704,InnoDB,LOCK_SYS_PAGE,439,3,275
1787559294.703,2026-08-24 08:14:54.704,InnoDB,LOCK_SYS_PAGE,391,3,236
1787559294.703,2026-08-24 08:14:54.704,InnoDB,LOCK_SYS_PAGE,374,3,270
1787559294.703,2026-08-24 08:14:54.704,InnoDB,LOCK_SYS_PAGE,413,3,256
1787559294.703,2026-08-24 08:14:54.704,InnoDB,LOCK_SYS_PAGE,412,3,276
1787559294.703,2026-08-24 08:14:54.704,InnoDB,LOCK_SYS_PAGE,464,3,250
1787559294.703,2026-08-24 08:14:54.704,InnoDB,LOCK_SYS_PAGE,390,3,209
1787559294.703,2026-08-24 08:14:54.704,InnoDB,LOCK_SYS_PAGE,378,3,262
1787559294.703,2026-08-24 08:14:54.704,InnoDB,LOCK_SYS_PAGE,423,3,295
1787559294.703,2026-08-24 08:14:54.704,InnoDB,LOCK_SYS_PAGE,422,3,269
1787559294.703,2026-08-24 08:14:54.704,InnoDB,LOCK_SYS_PAGE,343,3,216
1787559294.703,2026-08-24 08:14:54.704,InnoDB,LOCK_SYS_PAGE,420,3,241
1787559294.703,2026-08-24 08:14:54.704,InnoDB,LOCK_SYS_PAGE,432,3,275
1787559294.703,2026-08-24 08:14:54.704,InnoDB,LOCK_SYS_PAGE,394,3,235
1787559294.703,2026-08-24 08:14:54.704,InnoDB,LOCK_SYS_PAGE,400,3,264
1787559294.703,2026-08-24 08:14:54.704,InnoDB,LOCK_SYS_PAGE,316,3,224
1787559294.703,2026-08-24 08:14:54.704,InnoDB,LOCK_SYS_PAGE,427,3,299
1787559294.703,2026-08-24 08:14:54.704,InnoDB,LOCK_SYS_PAGE,364,3,224
1787559294.703,2026-08-24 08:14:54.704,InnoDB,LOCK_SYS_PAGE,346,3,234
1787559294.703,2026-08-24 08:14:54.704,InnoDB,LOCK_SYS_PAGE,434,3,295
1787559294.703,2026-08-24 08:14:54.704,InnoDB,LOCK_SYS_PAGE,420,3,300
1787559294.703,2026-08-24 08:14:54.704,InnoDB,LOCK_SYS_PAGE,370,3,247
1787559294.703,2026-08-24 08:14:54.704,InnoDB,LOCK_SYS_PAGE,464,3,281
1787559294.703,2026-08-24 08:14:54.704,InnoDB,LOCK_SYS_PAGE,298,2,216
1787559294.703,2026-08-24 08:14:54.704,InnoDB,LOCK_SYS_PAGE,357,2,230
1787559294.703,2026-08-24 08:14:54.704,InnoDB,LOCK_SYS_PAGE,323,2,243
1787559294.703,2026-08-24 08:14:54.704,InnoDB,LOCK_SYS_PAGE,403,2,296
1787559294.703,2026-08-24 08:14:54.704,InnoDB,LOCK_SYS_PAGE,416,2,219
1787559294.703,2026-08-24 08:14:54.704,InnoDB,LOCK_SYS_PAGE,321,2,230
1787559294.703,2026-08-24 08:14:54.704,InnoDB,LOCK_SYS_PAGE,334,2,253
1787559294.703,2026-08-24 08:14:54.704,InnoDB,LOCK_SYS_PAGE,436,2,258
1787559294.703,2026-08-24 08:14:54.704,InnoDB,LOCK_SYS_PAGE,302,2,212
1787559294.703,2026-08-24 08:14:54.704,InnoDB,LOCK_SYS_PAGE,366,2,268
1787559294.703,2026-08-24 08:14:54.704,InnoDB,LOCK_SYS_PAGE,429,2,288
1787559294.703,2026-08-24 08:14:54.704,InnoDB,LOCK_SYS_PAGE,397,2,241
1787559294.703,2026-08-24 08:14:54.704,InnoDB,LOCK_SYS_PAGE,357,2,219
1787559294.703,2026-08-24 08:14:54.704,InnoDB,LOCK_SYS_PAGE,350,2,246
1787559294.703,2026-08-24 08:14:54.704,InnoDB,LOCK_SYS_PAGE,421,2,303
1787559294.703,2026-08-24 08:14:54.704,InnoDB,LOCK_SYS_PAGE,313,2,203
1787559294.703,2026-08-24 08:14:54.704,InnoDB,LOCK_SYS_PAGE,434,2,283
1787559294.703,2026-08-24 08:14:54.704,InnoDB,LOCK_SYS_PAGE,385,2,256
1787559294.703,2026-08-24 08:14:54.704,InnoDB,LOCK_SYS_PAGE,395,2,248
1787559294.703,2026-08-24 08:14:54.704,InnoDB,LOCK_SYS_PAGE,369,2,222
1787559294.703,2026-08-24 08:14:54.704,InnoDB,LOCK_SYS_PAGE,336,2,235
1787559294.703,2026-08-24 08:14:54.704,InnoDB,LOCK_SYS_PAGE,347,2,238
1787559294.703,2026-08-24 08:14:54.704,InnoDB,LOCK_SYS_PAGE,412,2,288
1787559294.703,2026-08-24 08:14:54.704,InnoDB,LOCK_SYS_PAGE,412,2,301
1787559294.703,2026-08-24 08:14:54.704,InnoDB,LOCK_SYS_PAGE,294,2,206
1787559294.703,2026-08-24 08:14:54.704,InnoDB,LOCK_SYS_PAGE,879,2,302
1787559294.703,2026-08-24 08:14:54.704,InnoDB,LOCK_SYS_PAGE,362,2,276
1787559294.703,2026-08-24 08:14:54.704,InnoDB,LOCK_SYS_PAGE,370,2,257
1787559294.703,2026-08-24 08:14:54.704,InnoDB,LOCK_SYS_PAGE,444,2,280
1787559294.703,2026-08-24 08:14:54.704,InnoDB,LOCK_SYS_PAGE,410,2,283
1787559294.703,2026-08-24 08:14:54.704,InnoDB,LOCK_SYS_PAGE,416,2,265
1787559294.703,2026-08-24 08:14:54.704,InnoDB,LOCK_SYS_PAGE,340,2,240
1787559294.703,2026-08-24 08:14:54.704,InnoDB,LOCK_SYS_PAGE,397,2,290
1787559294.703,2026-08-24 08:14:54.704,InnoDB,LOCK_SYS_PAGE,345,2,219
1787559294.703,2026-08-24 08:14:54.704,InnoDB,LOCK_SYS_PAGE,322,2,226
1787559294.703,2026-08-24 08:14:54.704,InnoDB,LOCK_SYS_PAGE,283,2,213
1787559294.703,2026-08-24 08:14:54.704,InnoDB,LOCK_SYS_PAGE,389,2,269
1787559294.703,2026-08-24 08:14:54.704,InnoDB,LOCK_SYS_PAGE,325,2,221
1787559294.703,2026-08-24 08:14:54.704,InnoDB,LOCK_SYS_PAGE,394,2,258
1787559294.703,2026-08-24 08:14:54.704,InnoDB,LOCK_SYS_PAGE,426,2,270
1787559294.703,2026-08-24 08:14:54.704,InnoDB,LOCK_SYS_PAGE,399,2,240
1787559294.703,2026-08-24 08:14:54.704,InnoDB,LOCK_SYS_PAGE,423,2,289
1787559294.703,2026-08-24 08:14:54.704,InnoDB,LOCK_SYS_PAGE,405,2,262
1787559294.703,2026-08-24 08:14:54.704,InnoDB,LOCK_SYS_PAGE,387,2,278
1787559294.703,2026-08-24 08:14:54.704,InnoDB,LOCK_SYS_PAGE,380,2,246
1787559294.703,2026-08-24 08:14:54.704,InnoDB,LOCK_SYS_PAGE,421,2,283
1787559294.703,2026-08-24 08:14:54.704,InnoDB,LOCK_SYS_PAGE,460,2,289
1787559294.703,2026-08-24 08:14:54.704,InnoDB,LOCK_SYS_PAGE,324,2,238
1787559294.703,2026-08-24 08:14:54.704,InnoDB,LOCK_SYS_PAGE,428,2,301
1787559294.703,2026-08-24 08:14:54.704,InnoDB,LOCK_SYS_PAGE,363,2,259
1787559294.703,2026-08-24 08:14:54.704,InnoDB,LOCK_SYS_PAGE,336,2,255
1787559294.703,2026-08-24 08:14:54.704,InnoDB,LOCK_SYS_PAGE,409,2,287
1787559294.703,2026-08-24 08:14:54.704,InnoDB,LOCK_SYS_PAGE,345,2,229
1787559294.703,2026-08-24 08:14:54.704,InnoDB,LOCK_SYS_PAGE,322,2,251
1787559294.703,2026-08-24 08:14:54.704,InnoDB,LOCK_SYS_PAGE,375,2,246
1787559294.703,2026-08-24 08:14:54.704,InnoDB,LOCK_SYS_PAGE,409,2,269
1787559294.703,2026-08-24 08:14:54.704,InnoDB,LOCK_SYS_PAGE,310,2,242
1787559294.703,2026-08-24 08:14:54.704,InnoDB,LOCK_SYS_PAGE,382,2,253
1787559294.703,2026-08-24 08:14:54.704,InnoDB,LOCK_SYS_PAGE,399,2,277
1787559294.703,2026-08-24 08:14:54.704,InnoDB,LOCK_SYS_PAGE,378,2,290
1787559294.703,2026-08-24 08:14:54.704,InnoDB,LOCK_SYS_PAGE,353,2,265
1787559294.703,2026-08-24 08:14:54.704,InnoDB,LOCK_SYS_PAGE,348,2,233
1787559294.703,2026-08-24 08:14:54.704,InnoDB,LOCK_SYS_PAGE,335,2,258
1787559294.703,2026-08-24 08:14:54.704,InnoDB,LOCK_SYS_PAGE,325,2,239
1787559294.703,2026-08-24 08:14:54.704,InnoDB,LOCK_SYS_PAGE,493,2,305
1787559294.703,2026-08-24 08:14:54.704,InnoDB,LOCK_SYS_PAGE,315,2,235
1787559294.703,2026-08-24 08:14:54.704,InnoDB,LOCK_SYS_PAGE,300,2,263
1787559294.703,2026-08-24 08:14:54.704,InnoDB,LOCK_SYS_PAGE,399,2,267
1787559294.703,2026-08-24 08:14:54.704,InnoDB,LOCK_SYS_PAGE,504,2,235
1787559294.703,2026-08-24 08:14:54.704,InnoDB,LOCK_SYS_PAGE,364,2,282
1787559294.703,2026-08-24 08:14:54.704,InnoDB,LOCK_SYS_PAGE,328,2,233
1787559294.703,2026-08-24 08:14:54.704,InnoDB,LOCK_SYS_PAGE,330,2,230
1787559294.703,2026-08-24 08:14:54.704,InnoDB,LOCK_SYS_PAGE,701,2,328
1787559294.703,2026-08-24 08:14:54.704,InnoDB,LOCK_SYS_PAGE,377,2,251
1787559294.703,2026-08-24 08:14:54.704,InnoDB,LOCK_SYS_PAGE,406,2,296
1787559294.703,2026-08-24 08:14:54.704,InnoDB,LOCK_SYS_PAGE,383,2,303
1787559294.703,2026-08-24 08:14:54.704,InnoDB,LOCK_SYS_PAGE,308,1,220
1787559294.703,2026-08-24 08:14:54.704,InnoDB,LOCK_SYS_PAGE,338,1,251
1787559294.703,2026-08-24 08:14:54.704,InnoDB,LOCK_SYS_PAGE,410,1,312
1787559294.703,2026-08-24 08:14:54.704,InnoDB,LOCK_SYS_PAGE,453,1,264
1787559294.703,2026-08-24 08:14:54.704,InnoDB,LOCK_SYS_PAGE,349,1,293
1787559294.703,2026-08-24 08:14:54.704,InnoDB,LOCK_SYS_PAGE,327,1,246
1787559294.703,2026-08-24 08:14:54.704,InnoDB,LOCK_SYS_PAGE,400,1,306
1787559294.703,2026-08-24 08:14:54.704,InnoDB,LOCK_SYS_PAGE,361,1,282
1787559294.703,2026-08-24 08:14:54.704,InnoDB,TRX_SYS_SHARD,30,1,1
1787559294.703,2026-08-24 08:14:54.704,InnoDB,FIL_SHARD,302,1,340
1787559294.703,2026-08-24 08:14:54.704,InnoDB,FIL_SHARD,192,1,197
1787559294.703,2026-08-24 08:14:54.704,InnoDB,FIL_SHARD,263,1,267
1787559294.703,2026-08-24 08:14:54.704,InnoDB,TRX_SYS_SHARD,35,1,2
1787559294.703,2026-08-24 08:14:54.704,InnoDB,TRX_SYS_SHARD,32,1,3
1787559294.703,2026-08-24 08:14:54.704,InnoDB,TRX_SYS_SHARD,36,1,2
1787559294.703,2026-08-24 08:14:54.704,InnoDB,TRX_SYS_SHARD,35,1,5
1787559294.703,2026-08-24 08:14:54.704,InnoDB,TRX_SYS_SHARD,31,1,2
1787559294.703,2026-08-24 08:14:54.704,InnoDB,TRX_SYS_SHARD,30,1,1
1787559294.703,2026-08-24 08:14:54.704,InnoDB,LOCK_SYS_PAGE,320,1,241
1787559294.703,2026-08-24 08:14:54.704,InnoDB,TRX_SYS_SHARD,32,1,3
1787559294.703,2026-08-24 08:14:54.704,InnoDB,FIL_SHARD,81,1,110
1787559294.703,2026-08-24 08:14:54.704,InnoDB,LOCK_SYS_PAGE,311,1,236
1787559294.703,2026-08-24 08:14:54.704,InnoDB,LOCK_SYS_PAGE,514,1,321
1787559294.703,2026-08-24 08:14:54.704,InnoDB,LOCK_SYS_PAGE,311,1,266
1787559294.703,2026-08-24 08:14:54.704,InnoDB,LOCK_SYS_PAGE,317,1,263
1787559294.703,2026-08-24 08:14:54.704,InnoDB,LOCK_SYS_PAGE,296,1,247
1787559294.703,2026-08-24 08:14:54.704,InnoDB,LOCK_SYS_PAGE,412,1,262
1787559294.703,2026-08-24 08:14:54.704,InnoDB,LOCK_SYS_PAGE,343,1,265
1787559294.703,2026-08-24 08:14:54.704,InnoDB,LOCK_SYS_PAGE,465,1,309
1787559294.703,2026-08-24 08:14:54.704,InnoDB,LOCK_SYS_PAGE,315,1,243
1787559294.703,2026-08-24 08:14:54.704,InnoDB,LOCK_SYS_PAGE,326,1,231
1787559294.703,2026-08-24 08:14:54.704,InnoDB,LOCK_SYS_PAGE,365,1,242
1787559294.703,2026-08-24 08:14:54.704,InnoDB,LOCK_SYS_PAGE,300,1,286
1787559294.703,2026-08-24 08:14:54.704,InnoDB,LOCK_SYS_PAGE,296,1,236
1787559294.703,2026-08-24 08:14:54.704,InnoDB,LOCK_SYS_PAGE,353,1,277
1787559294.703,2026-08-24 08:14:54.704,InnoDB,LOCK_SYS_PAGE,285,1,238
1787559294.703,2026-08-24 08:14:54.704,InnoDB,LOCK_SYS_PAGE,390,1,259
1787559294.703,2026-08-24 08:14:54.704,InnoDB,LOCK_SYS_PAGE,331,1,237
1787559294.703,2026-08-24 08:14:54.704,InnoDB,LOCK_SYS_PAGE,386,1,278
1787559294.703,2026-08-24 08:14:54.704,InnoDB,LOCK_SYS_PAGE,281,1,213
1787559294.703,2026-08-24 08:14:54.704,InnoDB,LOCK_SYS_PAGE,305,1,252
1787559294.703,2026-08-24 08:14:54.704,InnoDB,LOCK_SYS_PAGE,723,1,359
1787559294.703,2026-08-24 08:14:54.704,InnoDB,LOCK_SYS_PAGE,322,1,225
1787559294.703,2026-08-24 08:14:54.704,InnoDB,LOCK_SYS_PAGE,336,1,261
1787559294.703,2026-08-24 08:14:54.704,InnoDB,LOCK_SYS_PAGE,359,1,236
1787559294.703,2026-08-24 08:14:54.704,InnoDB,LOCK_SYS_PAGE,381,1,267
1787559294.703,2026-08-24 08:14:54.704,InnoDB,LOCK_SYS_PAGE,293,1,209
1787559294.703,2026-08-24 08:14:54.704,InnoDB,LOCK_SYS_PAGE,298,1,235
1787559294.703,2026-08-24 08:14:54.704,InnoDB,LOCK_SYS_PAGE,244,1,216
1787559294.703,2026-08-24 08:14:54.704,InnoDB,LOCK_SYS_PAGE,330,1,217
1787559294.703,2026-08-24 08:14:54.704,InnoDB,LOCK_SYS_PAGE,351,1,251
1787559294.703,2026-08-24 08:14:54.704,InnoDB,LOCK_SYS_PAGE,324,1,230
1787559294.703,2026-08-24 08:14:54.704,InnoDB,LOCK_SYS_PAGE,331,1,282
1787559294.703,2026-08-24 08:14:54.704,InnoDB,LOCK_SYS_PAGE,275,1,223
1787559294.703,2026-08-24 08:14:54.704,InnoDB,LOCK_SYS_PAGE,318,1,249
1787559294.703,2026-08-24 08:14:54.704,InnoDB,LOCK_SYS_PAGE,331,1,265
1787559294.703,2026-08-24 08:14:54.704,InnoDB,LOCK_SYS_PAGE,316,1,245
1787559294.703,2026-08-24 08:14:54.704,InnoDB,TRX_SYS_SHARD,33,1,5
1787559294.703,2026-08-24 08:14:54.704,InnoDB,LOCK_SYS_PAGE,304,1,222
1787559294.703,2026-08-24 08:14:54.704,InnoDB,LOCK_SYS_PAGE,392,1,312
1787559294.703,2026-08-24 08:14:54.704,InnoDB,TRX_SYS_SHARD,33,1,4
1787559294.703,2026-08-24 08:14:54.704,InnoDB,LOCK_SYS_PAGE,404,1,288
1787559294.703,2026-08-24 08:14:54.704,InnoDB,LOCK_SYS_PAGE,258,1,231
1787559294.703,2026-08-24 08:14:54.704,InnoDB,LOG_LIMITS,261,1,167
1787559294.703,2026-08-24 08:14:54.704,InnoDB,LOCK_SYS_PAGE,352,1,274
1787559294.703,2026-08-24 08:14:54.704,InnoDB,TRX_SYS_SHARD,37,1,4
1787559294.703,2026-08-24 08:14:54.704,InnoDB,LOCK_SYS_PAGE,345,1,308
1787559294.703,2026-08-24 08:14:54.704,InnoDB,TRX_SYS_SHARD,2,0,2
1787559294.703,2026-08-24 08:14:54.704,InnoDB,TRX_SYS_SHARD,3,0,3
1787559294.703,2026-08-24 08:14:54.704,InnoDB,TRX_SYS_SHARD,3,0,3
1787559294.703,2026-08-24 08:14:54.704,InnoDB,TRX_SYS_SHARD,6,0,3
1787559294.703,2026-08-24 08:14:54.704,InnoDB,TRX_SYS_SHARD,2,0,2
1787559294.703,2026-08-24 08:14:54.704,InnoDB,TRX_SYS_SHARD,2,0,2
1787559294.703,2026-08-24 08:14:54.704,InnoDB,TRX_SYS_SHARD,1,0,1
1787559294.703,2026-08-24 08:14:54.704,InnoDB,TRX_SYS_SHARD,5,0,4
1787559294.703,2026-08-24 08:14:54.704,InnoDB,TRX_SYS_SHARD,3,0,2
1787559294.703,2026-08-24 08:14:54.704,InnoDB,TRX_SYS_SHARD,3,0,3
1787559294.703,2026-08-24 08:14:54.704,InnoDB,TRX_SYS_SHARD,1,0,1
1787559294.703,2026-08-24 08:14:54.704,InnoDB,TRX_SYS_SHARD,3,0,3
1787559294.703,2026-08-24 08:14:54.704,InnoDB,TRX_SYS_SHARD,2,0,2
1787559294.703,2026-08-24 08:14:54.704,InnoDB,TRX_SYS_SHARD,3,0,2
1787559294.703,2026-08-24 08:14:54.704,InnoDB,TRX_SYS_SHARD,2,0,2
1787559294.703,2026-08-24 08:14:54.704,InnoDB,TRX_SYS_SHARD,2,0,2
1787559294.703,2026-08-24 08:14:54.704,InnoDB,TRX_SYS_SHARD,3,0,2
1787559294.703,2026-08-24 08:14:54.704,InnoDB,TRX_SYS_SHARD,1,0,2
1787559294.703,2026-08-24 08:14:54.704,InnoDB,TRX_SYS_SHARD,1,0,1
1787559294.703,2026-08-24 08:14:54.704,InnoDB,TRX_SYS_SHARD,4,0,4
1787559294.703,2026-08-24 08:14:54.704,InnoDB,TRX_SYS_SHARD,2,0,1
1787559294.703,2026-08-24 08:14:54.704,InnoDB,TRX_SYS_SHARD,3,0,4
1787559294.703,2026-08-24 08:14:54.704,InnoDB,TRX_SYS_SHARD,2,0,2
1787559294.703,2026-08-24 08:14:54.704,InnoDB,TRX_SYS_SHARD,1,0,2
1787559294.703,2026-08-24 08:14:54.704,InnoDB,TRX_SYS_SHARD,4,0,4
1787559294.703,2026-08-24 08:14:54.704,InnoDB,TRX_SYS_SHARD,1,0,2
1787559294.703,2026-08-24 08:14:54.704,InnoDB,TRX_SYS_SHARD,5,0,4
1787559294.703,2026-08-24 08:14:54.704,InnoDB,TRX_SYS_SHARD,4,0,3
1787559294.703,2026-08-24 08:14:54.704,InnoDB,TRX_SYS_SHARD,3,0,3
1787559294.703,2026-08-24 08:14:54.704,InnoDB,TRX_SYS_SHARD,3,0,3
1787559294.703,2026-08-24 08:14:54.704,InnoDB,TRX_SYS_SHARD,4,0,3
1787559294.703,2026-08-24 08:14:54.704,InnoDB,TRX_SYS_SHARD,2,0,3
1787559294.703,2026-08-24 08:14:54.704,InnoDB,TRX_SYS_SHARD,2,0,1
1787559294.703,2026-08-24 08:14:54.704,InnoDB,TRX_SYS_SHARD,1,0,1
1787559294.703,2026-08-24 08:14:54.704,InnoDB,TRX_SYS_SHARD,3,0,3
1787559294.703,2026-08-24 08:14:54.704,InnoDB,TRX_SYS_SHARD,1,0,1
1787559294.703,2026-08-24 08:14:54.704,InnoDB,TRX_SYS_SHARD,2,0,1
1787559294.703,2026-08-24 08:14:54.704,InnoDB,TRX_SYS_SHARD,6,0,4
1787559294.703,2026-08-24 08:14:54.704,InnoDB,DICT_TABLE_STATS_COMPUTE,5,0,1
1787559294.703,2026-08-24 08:14:54.704,InnoDB,TRX_SYS_SHARD,8,0,5
1787559294.703,2026-08-24 08:14:54.704,InnoDB,TRX_SYS_SHARD,3,0,2
1787559294.703,2026-08-24 08:14:54.704,InnoDB,TRX_SYS_SHARD,6,0,4
1787559294.703,2026-08-24 08:14:54.704,InnoDB,TRX_SYS_SHARD,6,0,6
1787559294.703,2026-08-24 08:14:54.704,InnoDB,TRX_SYS_SHARD,1,0,1
1787559294.703,2026-08-24 08:14:54.704,InnoDB,TRX_SYS_SHARD,2,0,2
1787559294.703,2026-08-24 08:14:54.704,InnoDB,TRX_SYS_SHARD,1,0,1
1787559294.703,2026-08-24 08:14:54.704,InnoDB,TRX_SYS_SHARD,8,0,8
1787559294.703,2026-08-24 08:14:54.704,InnoDB,TRX_SYS_SHARD,6,0,5
1787559294.703,2026-08-24 08:14:54.704,InnoDB,TRX_SYS_SHARD,1,0,1
1787559294.703,2026-08-24 08:14:54.704,InnoDB,TRX_SYS_SHARD,2,0,2
1787559294.703,2026-08-24 08:14:54.704,InnoDB,TRX_SYS_SHARD,1,0,1
1787559294.703,2026-08-24 08:14:54.704,InnoDB,TRX_SYS_SHARD,2,0,2
1787559294.703,2026-08-24 08:14:54.704,InnoDB,TRX_SYS_SHARD,1,0,1
1787559294.703,2026-08-24 08:14:54.704,InnoDB,TRX_SYS_SHARD,2,0,2
1787559294.703,2026-08-24 08:14:54.704,InnoDB,TRX_SYS_SHARD,4,0,4
1787559294.703,2026-08-24 08:14:54.704,InnoDB,TRX_SYS_SHARD,2,0,2
1787559294.703,2026-08-24 08:14:54.704,InnoDB,TRX_SYS_SHARD,3,0,2
1787559294.703,2026-08-24 08:14:54.704,InnoDB,TRX_SYS_SHARD,1,0,1
1787559294.703,2026-08-24 08:14:54.704,InnoDB,TRX_SYS_SHARD,4,0,3
1787559294.703,2026-08-24 08:14:54.704,InnoDB,TRX_SYS_SHARD,4,0,3
1787559294.703,2026-08-24 08:14:54.704,InnoDB,TRX_SYS_SHARD,2,0,2
1787559294.703,2026-08-24 08:14:54.704,InnoDB,TRX_SYS_SHARD,6,0,5
1787559294.703,2026-08-24 08:14:54.704,InnoDB,TRX_SYS_SHARD,3,0,2
1787559294.703,2026-08-24 08:14:54.704,InnoDB,TRX_SYS_SHARD,1,0,1
1787559294.703,2026-08-24 08:14:54.704,InnoDB,TRX_SYS_SHARD,2,0,2
1787559294.703,2026-08-24 08:14:54.704,InnoDB,TRX_SYS_SHARD,1,0,1
1787559294.703,2026-08-24 08:14:54.704,InnoDB,TRX_SYS_SHARD,1,0,1
1787559294.703,2026-08-24 08:14:54.704,InnoDB,TRX_SYS_SHARD,1,0,1
1787559294.703,2026-08-24 08:14:54.704,InnoDB,TRX_SYS_SHARD,2,0,2
1787559294.703,2026-08-24 08:14:54.704,InnoDB,TRX_SYS_SHARD,28,0,4
1787559294.703,2026-08-24 08:14:54.704,InnoDB,TRX_SYS_SHARD,3,0,2
1787559294.703,2026-08-24 08:14:54.704,InnoDB,TRX_SYS_SHARD,1,0,1
1787559294.703,2026-08-24 08:14:54.704,InnoDB,TRX_SYS_SHARD,5,0,4
1787559294.703,2026-08-24 08:14:54.704,InnoDB,TRX_SYS_SHARD,2,0,2
1787559294.703,2026-08-24 08:14:54.704,InnoDB,TRX_SYS_SHARD,1,0,1
1787559294.703,2026-08-24 08:14:54.704,InnoDB,TRX_SYS_SHARD,26,0,1
1787559294.703,2026-08-24 08:14:54.704,InnoDB,TRX_SYS_SHARD,6,0,4
1787559294.703,2026-08-24 08:14:54.704,InnoDB,TRX_SYS_SHARD,1,0,1
1787559294.703,2026-08-24 08:14:54.704,InnoDB,TRX_SYS_SHARD,1,0,1
1787559294.703,2026-08-24 08:14:54.704,InnoDB,TRX_SYS_SHARD,4,0,2
1787559294.703,2026-08-24 08:14:54.704,InnoDB,TRX_SYS_SHARD,1,0,1
1787559294.703,2026-08-24 08:14:54.704,InnoDB,TRX_SYS_SHARD,5,0,4
1787559294.703,2026-08-24 08:14:54.704,InnoDB,TRX_SYS_SHARD,2,0,2
1787559294.703,2026-08-24 08:14:54.704,InnoDB,AUTOINC,1,0,1
1787559294.703,2026-08-24 08:14:54.704,InnoDB,TRX_SYS_SHARD,2,0,2
1787559294.703,2026-08-24 08:14:54.704,InnoDB,TRX_SYS_SHARD,2,0,1
1787559294.703,2026-08-24 08:14:54.704,InnoDB,TRX_SYS_SHARD,4,0,2
1787559294.703,2026-08-24 08:14:54.704,InnoDB,TRX_SYS_SHARD,2,0,2
1787559294.703,2026-08-24 08:14:54.704,InnoDB,TRX_SYS_SHARD,2,0,2
1787559294.703,2026-08-24 08:14:54.704,InnoDB,TRX_SYS_SHARD,1,0,1
1787559294.703,2026-08-24 08:14:54.704,InnoDB,TRX_SYS_SHARD,8,0,5
1787559294.703,2026-08-24 08:14:54.704,InnoDB,TRX_SYS_SHARD,1,0,1
1787559294.703,2026-08-24 08:14:54.704,InnoDB,TRX_SYS_SHARD,1,0,1
1787559294.703,2026-08-24 08:14:54.704,InnoDB,TRX_SYS_SHARD,7,0,3
1787559294.703,2026-08-24 08:14:54.704,InnoDB,TRX_SYS_SHARD,5,0,3
1787559294.703,2026-08-24 08:14:54.704,InnoDB,TRX_SYS_SHARD,23,0,1
1787559294.703,2026-08-24 08:14:54.704,InnoDB,TRX_SYS_SHARD,29,0,4
1787559294.703,2026-08-24 08:14:54.704,InnoDB,TRX_SYS_SHARD,1,0,1
1787559294.703,2026-08-24 08:14:54.704,InnoDB,TRX_SYS_SHARD,1,0,1
1787559294.703,2026-08-24 08:14:54.704,InnoDB,TRX_SYS_SHARD,1,0,1
1787559294.703,2026-08-24 08:14:54.704,InnoDB,TRX_SYS_SHARD,2,0,2
1787559294.703,2026-08-24 08:14:54.704,InnoDB,TRX_SYS_SHARD,3,0,3
1787559294.703,2026-08-24 08:14:54.704,InnoDB,TRX_SYS_SHARD,4,0,3
1787559294.703,2026-08-24 08:14:54.704,InnoDB,TRX_SYS_SHARD,1,0,1
1787559294.703,2026-08-24 08:14:54.704,InnoDB,TRX_SYS_SHARD,3,0,2
1787559294.703,2026-08-24 08:14:54.704,InnoDB,TRX_SYS_SHARD,4,0,4
1787559294.703,2026-08-24 08:14:54.704,InnoDB,TRX_SYS_SHARD,7,0,6
1787559294.703,2026-08-24 08:14:54.704,InnoDB,TRX_SYS_SHARD,3,0,2
1787559294.703,2026-08-24 08:14:54.704,InnoDB,TRX_SYS_SHARD,4,0,4
1787559294.703,2026-08-24 08:14:54.704,InnoDB,TRX_SYS_SHARD,3,0,3
1787559294.703,2026-08-24 08:14:54.704,InnoDB,TRX_SYS_SHARD,1,0,1
1787559294.703,2026-08-24 08:14:54.704,InnoDB,TRX_SYS_SHARD,4,0,4
1787559294.703,2026-08-24 08:14:54.704,InnoDB,TRX_SYS_SHARD,2,0,2
1787559294.703,2026-08-24 08:14:54.704,InnoDB,TRX_SYS_SHARD,3,0,3
1787559294.703,2026-08-24 08:14:54.704,InnoDB,TRX_SYS_SHARD,3,0,3
1787559294.703,2026-08-24 08:14:54.704,InnoDB,TRX_SYS_SHARD,5,0,5
1787559294.703,2026-08-24 08:14:54.704,InnoDB,TRX_SYS_SHARD,5,0,4
1787559294.703,2026-08-24 08:14:54.704,InnoDB,TRX_SYS_SHARD,1,0,1
1787559294.703,2026-08-24 08:14:54.704,InnoDB,TRX_SYS_SHARD,1,0,1
1787559294.703,2026-08-24 08:14:54.704,InnoDB,TRX_SYS_SHARD,4,0,3
1787559294.703,2026-08-24 08:14:54.704,InnoDB,TRX_SYS_SHARD,1,0,2
1787559294.703,2026-08-24 08:14:54.704,InnoDB,TRX_SYS_SHARD,2,0,2
1787559294.703,2026-08-24 08:14:54.704,InnoDB,TRX_SYS_SHARD,3,0,2
1787559294.703,2026-08-24 08:14:54.704,InnoDB,TRX_SYS_SHARD,4,0,3
1787559294.703,2026-08-24 08:14:54.704,InnoDB,TRX_SYS_SHARD,6,0,5
1787559294.703,2026-08-24 08:14:54.704,InnoDB,TRX_SYS_SHARD,5,0,3
1787559294.703,2026-08-24 08:14:54.704,InnoDB,TRX_SYS_SHARD,3,0,1
1787559294.703,2026-08-24 08:14:54.704,InnoDB,TRX_SYS_SHARD,4,0,4
1787559294.703,2026-08-24 08:14:54.704,InnoDB,TRX_SYS_SHARD,1,0,1
1787559294.703,2026-08-24 08:14:54.704,InnoDB,TRX_SYS_SHARD,1,0,1
1787559294.703,2026-08-24 08:14:54.704,InnoDB,TRX_SYS_SHARD,2,0,2
1787559294.703,2026-08-24 08:14:54.704,InnoDB,TRX_SYS_SHARD,2,0,2
1787559294.703,2026-08-24 08:14:54.704,InnoDB,LOCK_SYS_PAGE,738,0,282
1787559294.703,2026-08-24 08:14:54.704,InnoDB,LOCK_SYS_PAGE,311,0,215
1787559294.703,2026-08-24 08:14:54.704,InnoDB,LOCK_SYS_PAGE,247,0,232
1787559294.703,2026-08-24 08:14:54.704,InnoDB,LOCK_SYS_PAGE,274,0,207
1787559294.703,2026-08-24 08:14:54.704,InnoDB,LOCK_SYS_PAGE,260,0,213
1787559294.703,2026-08-24 08:14:54.704,InnoDB,LOCK_SYS_PAGE,289,0,268
1787559294.703,2026-08-24 08:14:54.704,InnoDB,LOCK_SYS_PAGE,320,0,238
1787559294.703,2026-08-24 08:14:54.704,InnoDB,LOCK_SYS_PAGE,257,0,220
1787559294.703,2026-08-24 08:14:54.704,InnoDB,LOCK_SYS_PAGE,330,0,244
1787559294.703,2026-08-24 08:14:54.704,InnoDB,LOCK_SYS_PAGE,308,0,221
1787559294.703,2026-08-24 08:14:54.704,InnoDB,FIL_SHARD,41,0,92
1787559294.703,2026-08-24 08:14:54.704,InnoDB,FIL_SHARD,67,0,116
1787559294.703,2026-08-24 08:14:54.704,InnoDB,FIL_SHARD,25,0,71
1787559294.703,2026-08-24 08:14:54.704,InnoDB,FIL_SHARD,73,0,117
1787559294.703,2026-08-24 08:14:54.704,InnoDB,FIL_SHARD,94,0,133
1787559294.703,2026-08-24 08:14:54.704,InnoDB,FIL_SHARD,38,0,65
1787559294.703,2026-08-24 08:14:54.704,InnoDB,FIL_SHARD,48,0,64
1787559294.703,2026-08-24 08:14:54.704,InnoDB,FIL_SHARD,51,0,73
1787559294.703,2026-08-24 08:14:54.704,InnoDB,LOCK_SYS_TABLE,1,0,1
1787559294.703,2026-08-24 08:14:54.704,InnoDB,TRX_SYS_SHARD,1,0,2
1787559294.703,2026-08-24 08:14:54.704,InnoDB,TRX_SYS_SHARD,1,0,1
1787559294.703,2026-08-24 08:14:54.704,InnoDB,TRX_SYS_SHARD,1,0,1
1787559294.703,2026-08-24 08:14:54.704,InnoDB,TRX_SYS_SHARD,3,0,3
1787559294.703,2026-08-24 08:14:54.704,InnoDB,TRX_POOL_MANAGER,13,0,6
1787559294.703,2026-08-24 08:14:54.704,InnoDB,RW_LOCK_LIST,1,0,1
1787559294.703,2026-08-24 08:14:54.704,InnoDB,RECALC_POOL,5,0,6
1787559294.703,2026-08-24 08:14:54.704,InnoDB,LOCK_SYS_WAIT,6,0,1
1787559294.703,2026-08-24 08:14:54.704,InnoDB,FIL_SHARD,48,0,75
1787559294.703,2026-08-24 08:14:54.704,InnoDB,LOCK_SYS_TABLE,3,0,1
1787559294.703,2026-08-24 08:14:54.704,InnoDB,LOCK_SYS_PAGE,354,0,287
1787559294.703,2026-08-24 08:14:54.704,InnoDB,LOCK_SYS_PAGE,305,0,246
1787559294.703,2026-08-24 08:14:54.704,InnoDB,LOCK_SYS_PAGE,354,0,233
1787559294.703,2026-08-24 08:14:54.704,InnoDB,LOCK_SYS_PAGE,302,0,283
1787559294.703,2026-08-24 08:14:54.704,InnoDB,LOCK_SYS_PAGE,242,0,230
1787559294.703,2026-08-24 08:14:54.704,InnoDB,LOCK_SYS_PAGE,346,0,274
1787559294.703,2026-08-24 08:14:54.704,InnoDB,LOCK_SYS_PAGE,334,0,292
1787559294.703,2026-08-24 08:14:54.704,InnoDB,FIL_SHARD,179,0,227
1787559294.703,2026-08-24 08:14:54.704,InnoDB,FIL_SHARD,52,0,79
1787559294.703,2026-08-24 08:14:54.704,InnoDB,FIL_SHARD,154,0,208
1787559294.703,2026-08-24 08:14:54.704,InnoDB,FIL_SHARD,125,0,157
1787559294.703,2026-08-24 08:14:54.704,InnoDB,FIL_SHARD,76,0,97
1787559294.703,2026-08-24 08:14:54.704,InnoDB,FIL_SHARD,79,0,89
1787559294.703,2026-08-24 08:14:54.704,InnoDB,FIL_SHARD,110,0,130
1787559294.703,2026-08-24 08:14:54.704,InnoDB,FIL_SHARD,222,0,305
1787559294.703,2026-08-24 08:14:54.704,InnoDB,FIL_SHARD,203,0,263
1787559294.703,2026-08-24 08:14:54.704,InnoDB,FIL_SHARD,39,0,66
1787559294.703,2026-08-24 08:14:54.704,InnoDB,FIL_SHARD,115,0,173
1787559294.703,2026-08-24 08:14:54.704,InnoDB,FIL_SHARD,119,0,171
1787559294.703,2026-08-24 08:14:54.704,InnoDB,FIL_SHARD,287,0,358
1787559294.703,2026-08-24 08:14:54.704,InnoDB,FIL_SHARD,649,0,769
1787559294.703,2026-08-24 08:14:54.704,InnoDB,FIL_SHARD,46,0,51
1787559294.703,2026-08-24 08:14:54.704,InnoDB,FIL_SHARD,88,0,110
1787559294.703,2026-08-24 08:14:54.704,InnoDB,AUTOINC,3,0,3
1787559294.703,2026-08-24 08:14:54.704,InnoDB,AUTOINC,2,0,2
1787559294.703,2026-08-24 08:14:54.704,InnoDB,FIL_SHARD,36,0,58
1787559294.703,2026-08-24 08:14:54.704,InnoDB,FIL_SHARD,34,0,53
1787559294.703,2026-08-24 08:14:54.704,InnoDB,FIL_SHARD,38,0,49
1787559294.703,2026-08-24 08:14:54.704,InnoDB,FIL_SHARD,32,0,40
1787559294.703,2026-08-24 08:14:54.704,InnoDB,FIL_SHARD,52,0,55
1787559294.703,2026-08-24 08:14:54.704,InnoDB,FIL_SHARD,99,0,141
1787559294.703,2026-08-24 08:14:54.704,InnoDB,FIL_SHARD,71,0,91
1787559294.703,2026-08-24 08:14:54.704,InnoDB,FIL_SHARD,52,0,64
1787559294.703,2026-08-24 08:14:54.704,InnoDB,FIL_SHARD,44,0,64
1787559294.703,2026-08-24 08:14:54.704,InnoDB,TRX_SYS_SHARD,3,0,3
1787559294.703,2026-08-24 08:14:54.704,InnoDB,FIL_SHARD,42,0,53
1787559294.703,2026-08-24 08:14:54.704,InnoDB,FIL_SHARD,54,0,60
1787559294.703,2026-08-24 08:14:54.704,InnoDB,FIL_SHARD,83,0,108
1787559294.703,2026-08-24 08:14:54.704,InnoDB,FIL_SHARD,127,0,149
1787559294.703,2026-08-24 08:14:54.704,InnoDB,FIL_SHARD,86,0,103
1787559294.703,2026-08-24 08:14:54.704,InnoDB,FIL_SHARD,55,0,64
1787559294.703,2026-08-24 08:14:54.704,InnoDB,FIL_SHARD,80,0,107
1787559294.703,2026-08-24 08:14:54.704,InnoDB,FIL_SHARD,51,0,69
1787559294.703,2026-08-24 08:14:54.704,InnoDB,TRX_SYS_SHARD,1,0,1
1787559294.703,2026-08-24 08:14:54.704,InnoDB,TRX_SYS_SHARD,3,0,3
1787559294.703,2026-08-24 08:14:54.704,InnoDB,TRX_SYS_SHARD,2,0,2
1787559294.703,2026-08-24 08:14:54.704,InnoDB,TRX_SYS_SHARD,3,0,3
1787559294.703,2026-08-24 08:14:54.704,InnoDB,TRX_SYS_SHARD,1,0,1
1787559294.703,2026-08-24 08:14:54.704,InnoDB,TRX_SYS_SHARD,1,0,1
1787559294.703,2026-08-24 08:14:54.704,InnoDB,TRX_SYS_SHARD,3,0,2
1787559294.703,2026-08-24 08:14:54.704,InnoDB,TRX_SYS_SHARD,2,0,2
1787559294.703,2026-08-24 08:14:54.704,InnoDB,TRX_SYS_SHARD,1,0,1
1787559294.703,2026-08-24 08:14:54.704,InnoDB,TRX_SYS_SHARD,1,0,1
1787559294.703,2026-08-24 08:14:54.704,InnoDB,TRX_SYS_SHARD,4,0,3
1787559294.703,2026-08-24 08:14:54.704,InnoDB,TRX_SYS_SHARD,2,0,2
1787559294.703,2026-08-24 08:14:54.704,InnoDB,TRX_SYS_SHARD,2,0,2
1787559294.703,2026-08-24 08:14:54.704,InnoDB,TRX_SYS_SHARD,2,0,2
1787559294.703,2026-08-24 08:14:54.704,InnoDB,TRX_SYS_SHARD,2,0,2
1787559294.703,2026-08-24 08:14:54.704,InnoDB,TRX_SYS_SHARD,1,0,1
1787559294.703,2026-08-24 08:14:54.704,InnoDB,TRX_SYS_SHARD,7,0,7
1787559294.703,2026-08-24 08:14:54.704,InnoDB,TRX_SYS_SHARD,4,0,3
1787559294.703,2026-08-24 08:14:54.704,InnoDB,TRX_SYS_SHARD,1,0,2
1787559294.703,2026-08-24 08:14:54.704,InnoDB,TRX_SYS_SHARD,1,0,1
1787559294.703,2026-08-24 08:14:54.704,InnoDB,TRX_SYS_SHARD,4,0,4
1787559294.703,2026-08-24 08:14:54.704,InnoDB,TRX_SYS_SHARD,2,0,2
1787559294.703,2026-08-24 08:14:54.704,InnoDB,TRX_SYS_SHARD,3,0,4
1787559294.703,2026-08-24 08:14:54.704,InnoDB,TRX_SYS_SHARD,2,0,1
1787559294.703,2026-08-24 08:14:54.704,InnoDB,TRX_SYS_SHARD,1,0,1
1787559294.703,2026-08-24 08:14:54.704,InnoDB,TRX_SYS_SHARD,1,0,1
1787559294.703,2026-08-24 08:14:54.704,InnoDB,TRX_SYS_SHARD,2,0,2
1787559294.703,2026-08-24 08:14:54.704,InnoDB,TRX_SYS_SHARD,3,0,2
1787559294.703,2026-08-24 08:14:54.704,InnoDB,TRX_SYS_SHARD,1,0,2
1787559294.703,2026-08-24 08:14:54.704,InnoDB,TRX_SYS_SHARD,1,0,1
1787559294.703,2026-08-24 08:14:54.704,InnoDB,TRX_SYS_SHARD,1,0,1
1787559294.703,2026-08-24 08:14:54.704,InnoDB,TRX_SYS_SHARD,1,0,1
1787559294.703,2026-08-24 08:14:54.704,InnoDB,TRX_SYS_SHARD,1,0,1
1787559294.703,2026-08-24 08:14:54.704,InnoDB,TRX_SYS_SHARD,3,0,3
1787559294.703,2026-08-24 08:14:54.704,InnoDB,TRX_SYS_SHARD,3,0,2
1787559294.703,2026-08-24 08:14:54.704,InnoDB,TRX_SYS_SHARD,2,0,2
1787559294.703,2026-08-24 08:14:54.704,InnoDB,TRX_SYS_SHARD,3,0,3
1787559294.703,2026-08-24 08:14:54.704,InnoDB,TRX_SYS_SHARD,2,0,3
1787559294.703,2026-08-24 08:14:54.704,InnoDB,TRX_SYS_SHARD,2,0,2
1787559294.703,2026-08-24 08:14:54.704,InnoDB,TRX_SYS_SHARD,3,0,3
1787559294.703,2026-08-24 08:14:54.704,InnoDB,TRX_SYS_SHARD,4,0,3
1787559294.703,2026-08-24 08:14:54.704,InnoDB,TRX_SYS_SHARD,3,0,2
1787559294.703,2026-08-24 08:14:54.704,InnoDB,TRX_SYS_SHARD,3,0,3
1787559294.703,2026-08-24 08:14:54.704,InnoDB,TRX_SYS_SHARD,5,0,4
1787559294.703,2026-08-24 08:14:54.704,InnoDB,TRX_SYS_SHARD,2,0,2
1787559294.703,2026-08-24 08:14:54.704,InnoDB,TRX_SYS_SHARD,1,0,1
1787559294.703,2026-08-24 08:14:54.704,InnoDB,TRX_SYS_SHARD,1,0,1
1787559294.703,2026-08-24 08:14:54.704,InnoDB,TRX_SYS_SHARD,2,0,3
1787559294.703,2026-08-24 08:14:54.704,InnoDB,TRX_SYS_SHARD,4,0,3
1787559294.703,2026-08-24 08:14:54.704,InnoDB,TRX_SYS_SHARD,6,0,6
1787559294.703,2026-08-24 08:14:54.704,InnoDB,TRX_SYS_SHARD,1,0,1
1787559294.703,2026-08-24 08:14:54.704,InnoDB,TRX_SYS_SHARD,1,0,1
1787559294.703,2026-08-24 08:14:54.704,InnoDB,TRX_SYS_SHARD,7,0,6
1787559294.703,2026-08-24 08:14:54.704,InnoDB,TRX_SYS_SHARD,6,0,5
1787559294.703,2026-08-24 08:14:54.704,InnoDB,TRX_SYS_SHARD,4,0,4
1787559294.703,2026-08-24 08:14:54.704,InnoDB,TRX_SYS_SHARD,1,0,1
1787559294.703,2026-08-24 08:14:54.704,InnoDB,TRX_SYS_SHARD,1,0,1
1787559294.703,2026-08-24 08:14:54.704,InnoDB,TRX_SYS_SHARD,3,0,3
1787559294.703,2026-08-24 08:14:54.704,InnoDB,TRX_SYS_SHARD,1,0,2
1787559294.703,2026-08-24 08:14:54.704,InnoDB,TRX_SYS_SHARD,1,0,1
1787559294.703,2026-08-24 08:14:54.704,InnoDB,TRX_SYS_SHARD,1,0,1
1787559294.703,2026-08-24 08:14:54.704,InnoDB,TRX_SYS_SHARD,1,0,1
1787559294.703,2026-08-24 08:14:54.704,InnoDB,TRX_SYS_SHARD,2,0,2
1787559294.703,2026-08-24 08:14:54.704,InnoDB,TRX_SYS_SHARD,2,0,2
1787559294.703,2026-08-24 08:14:54.704,InnoDB,TRX_SYS_SHARD,12,0,6
1787559294.703,2026-08-24 08:14:54.704,InnoDB,TRX_SYS_SHARD,2,0,2
1787559294.703,2026-08-24 08:14:54.704,InnoDB,TRX_SYS_SHARD,3,0,3
1787559294.703,2026-08-24 08:14:54.704,InnoDB,TRX_SYS_SHARD,3,0,2
1787559294.703,2026-08-24 08:14:54.704,InnoDB,TRX_SYS_SHARD,4,0,4
1787559294.703,2026-08-24 08:14:54.704,InnoDB,TRX_SYS_SHARD,1,0,1
1787559294.703,2026-08-24 08:14:54.704,InnoDB,TRX_SYS_SHARD,1,0,1
1787559294.703,2026-08-24 08:14:54.704,InnoDB,TRX_SYS_SHARD,4,0,2
1787559294.703,2026-08-24 08:14:54.704,InnoDB,rwlock: dict0dict.cc:2631,,59857,
1787559294.703,2026-08-24 08:14:54.704,InnoDB,rwlock: dict0dict.cc:2631,,58798,
1787559294.703,2026-08-24 08:14:54.704,InnoDB,rwlock: dict0dict.cc:2631,,58940,
1787559294.703,2026-08-24 08:14:54.704,InnoDB,rwlock: dict0dict.cc:2631,,59167,
1787559294.703,2026-08-24 08:14:54.704,InnoDB,rwlock: dict0dict.cc:2631,,59513,
1787559294.703,2026-08-24 08:14:54.704,InnoDB,rwlock: dict0dict.cc:2631,,59728,
1787559294.703,2026-08-24 08:14:54.704,InnoDB,rwlock: dict0dict.cc:2631,,59431,
1787559294.703,2026-08-24 08:14:54.704,InnoDB,rwlock: dict0dict.cc:2631,,58677,
1787559294.703,2026-08-24 08:14:54.704,InnoDB,rwlock: dict0dict.cc:2631,,59423,
1787559294.703,2026-08-24 08:14:54.704,InnoDB,rwlock: dict0dict.cc:2631,,59094,
1787559294.703,2026-08-24 08:14:54.704,InnoDB,rwlock: dict0dict.cc:2631,,60233,
1787559294.703,2026-08-24 08:14:54.704,InnoDB,rwlock: dict0dict.cc:2631,,58820,
1787559294.703,2026-08-24 08:14:54.704,InnoDB,rwlock: dict0dict.cc:2631,,58218,
1787559294.703,2026-08-24 08:14:54.704,InnoDB,rwlock: dict0dict.cc:2631,,58956,
1787559294.703,2026-08-24 08:14:54.704,InnoDB,rwlock: dict0dict.cc:2631,,58498,
1787559294.703,2026-08-24 08:14:54.704,InnoDB,rwlock: dict0dict.cc:2631,,57763,
1787559294.703,2026-08-24 08:14:54.704,InnoDB,rwlock: dict0dict.cc:2631,,59176,
1787559294.703,2026-08-24 08:14:54.704,InnoDB,rwlock: dict0dict.cc:2631,,59415,
1787559294.703,2026-08-24 08:14:54.704,InnoDB,rwlock: dict0dict.cc:2631,,58032,
1787559294.703,2026-08-24 08:14:54.704,InnoDB,rwlock: dict0dict.cc:2631,,57486,
1787559294.703,2026-08-24 08:14:54.704,InnoDB,rwlock: dict0dict.cc:2631,,3,
1787559294.703,2026-08-24 08:14:54.704,InnoDB,rwlock: dict0dict.cc:2631,,3,
1787559294.703,2026-08-24 08:14:54.704,InnoDB,rwlock: dict0dict.cc:2631,,3,
1787559294.703,2026-08-24 08:14:54.704,InnoDB,rwlock: dict0dict.cc:2631,,1,
1787559294.703,2026-08-24 08:14:54.704,InnoDB,rwlock: dict0dict.cc:2631,,4,
1787559294.703,2026-08-24 08:14:54.704,InnoDB,rwlock: dict0dict.cc:2631,,2,
1787559294.703,2026-08-24 08:14:54.704,InnoDB,rwlock: dict0dict.cc:2631,,4,
1787559294.703,2026-08-24 08:14:54.704,InnoDB,rwlock: dict0dict.cc:2631,,3,
1787559294.703,2026-08-24 08:14:54.704,InnoDB,rwlock: dict0dict.cc:2631,,3,
1787559294.703,2026-08-24 08:14:54.704,InnoDB,rwlock: dict0dict.cc:2631,,2,
1787559294.703,2026-08-24 08:14:54.704,InnoDB,rwlock: dict0dict.cc:2631,,4,
1787559294.703,2026-08-24 08:14:54.704,InnoDB,rwlock: dict0dict.cc:2631,,2,
1787559294.703,2026-08-24 08:14:54.704,InnoDB,rwlock: dict0dict.cc:2631,,2,
1787559294.703,2026-08-24 08:14:54.704,InnoDB,rwlock: dict0dict.cc:2631,,1,
1787559294.703,2026-08-24 08:14:54.704,InnoDB,rwlock: dict0dict.cc:2631,,3,
1787559294.703,2026-08-24 08:14:54.704,InnoDB,rwlock: dict0dict.cc:2631,,3,
1787559294.703,2026-08-24 08:14:54.704,InnoDB,rwlock: dict0dict.cc:2631,,1,
1787559294.703,2026-08-24 08:14:54.704,InnoDB,rwlock: dict0dict.cc:2631,,3,
1787559294.703,2026-08-24 08:14:54.704,InnoDB,rwlock: dict0dict.cc:2631,,4,
1787559294.703,2026-08-24 08:14:54.704,InnoDB,rwlock: dict0dict.cc:2631,,2,
1787559294.703,2026-08-24 08:14:54.704,InnoDB,rwlock: dict0dict.cc:2631,,5,
1787559294.703,2026-08-24 08:14:54.704,InnoDB,rwlock: dict0dict.cc:2631,,1,
1787559294.703,2026-08-24 08:14:54.704,InnoDB,rwlock: dict0dict.cc:2631,,1,
1787559294.703,2026-08-24 08:14:54.704,InnoDB,rwlock: trx0purge.cc:232,,4,
1787559294.703,2026-08-24 08:14:54.704,InnoDB,rwlock: fil0fil.cc:10242,,305459,
1787559294.703,2026-08-24 08:14:54.704,InnoDB,rwlock: fil0fil.cc:10242,,40273,
1787559294.703,2026-08-24 08:14:54.704,InnoDB,rwlock: dict0dict.cc:1180,,25,
1787559294.703,2026-08-24 08:14:54.704,InnoDB,rwlock: hash0hash.cc:117,,4777,
1787559294.703,2026-08-24 08:14:54.704,InnoDB,rwlock: hash0hash.cc:117,,13432,
1787559294.703,2026-08-24 08:14:54.704,InnoDB,rwlock: hash0hash.cc:117,,4925,
1787559294.703,2026-08-24 08:14:54.704,InnoDB,rwlock: hash0hash.cc:117,,5959,
1787559294.703,2026-08-24 08:14:54.704,InnoDB,rwlock: hash0hash.cc:117,,8142,
1787559294.703,2026-08-24 08:14:54.704,InnoDB,rwlock: hash0hash.cc:117,,5201,
1787559294.703,2026-08-24 08:14:54.704,InnoDB,rwlock: hash0hash.cc:117,,5028,
1787559294.703,2026-08-24 08:14:54.704,InnoDB,rwlock: hash0hash.cc:117,,8102,
1787559294.703,2026-08-24 08:14:54.704,InnoDB,rwlock: hash0hash.cc:117,,4936,
1787559294.703,2026-08-24 08:14:54.704,InnoDB,rwlock: hash0hash.cc:117,,6366,
1787559294.703,2026-08-24 08:14:54.704,InnoDB,rwlock: hash0hash.cc:117,,13333,
1787559294.703,2026-08-24 08:14:54.704,InnoDB,rwlock: hash0hash.cc:117,,5029,
1787559294.703,2026-08-24 08:14:54.704,InnoDB,rwlock: hash0hash.cc:117,,5025,
1787559294.703,2026-08-24 08:14:54.704,InnoDB,rwlock: hash0hash.cc:117,,5018,
1787559294.703,2026-08-24 08:14:54.704,InnoDB,rwlock: hash0hash.cc:117,,9420,
1787559294.703,2026-08-24 08:14:54.704,InnoDB,rwlock: hash0hash.cc:117,,5396,
1787559294.703,2026-08-24 08:14:54.704,InnoDB,rwlock: hash0hash.cc:117,,4751,
1787559294.703,2026-08-24 08:14:54.704,InnoDB,rwlock: hash0hash.cc:117,,15579,
1787559294.703,2026-08-24 08:14:54.704,InnoDB,rwlock: hash0hash.cc:117,,5939,
1787559294.703,2026-08-24 08:14:54.704,InnoDB,rwlock: hash0hash.cc:117,,4277,
1787559294.703,2026-08-24 08:14:54.704,InnoDB,rwlock: hash0hash.cc:117,,5684,
1787559294.703,2026-08-24 08:14:54.704,InnoDB,rwlock: hash0hash.cc:117,,4834,
1787559294.703,2026-08-24 08:14:54.704,InnoDB,rwlock: hash0hash.cc:117,,9651,
1787559294.703,2026-08-24 08:14:54.704,InnoDB,rwlock: hash0hash.cc:117,,4704,
1787559294.703,2026-08-24 08:14:54.704,InnoDB,rwlock: hash0hash.cc:117,,5542,
1787559294.703,2026-08-24 08:14:54.704,InnoDB,rwlock: hash0hash.cc:117,,11833,
1787559294.703,2026-08-24 08:14:54.704,InnoDB,rwlock: hash0hash.cc:117,,4384,
1787559294.703,2026-08-24 08:14:54.704,InnoDB,rwlock: hash0hash.cc:117,,12962,
1787559294.703,2026-08-24 08:14:54.704,InnoDB,rwlock: hash0hash.cc:117,,4490,
1787559294.703,2026-08-24 08:14:54.704,InnoDB,rwlock: hash0hash.cc:117,,4719,
1787559294.703,2026-08-24 08:14:54.704,InnoDB,rwlock: hash0hash.cc:117,,8267,
1787559294.703,2026-08-24 08:14:54.704,InnoDB,rwlock: hash0hash.cc:117,,4614,
1787559294.703,2026-08-24 08:14:54.704,InnoDB,rwlock: hash0hash.cc:117,,4462,
1787559294.703,2026-08-24 08:14:54.704,InnoDB,rwlock: hash0hash.cc:117,,4657,
1787559294.703,2026-08-24 08:14:54.704,InnoDB,rwlock: hash0hash.cc:117,,8190,
1787559294.703,2026-08-24 08:14:54.704,InnoDB,rwlock: hash0hash.cc:117,,4270,
1787559294.703,2026-08-24 08:14:54.704,InnoDB,rwlock: hash0hash.cc:117,,5913,
1787559294.703,2026-08-24 08:14:54.704,InnoDB,rwlock: hash0hash.cc:117,,12167,
1787559294.703,2026-08-24 08:14:54.704,InnoDB,rwlock: hash0hash.cc:117,,4739,
1787559294.703,2026-08-24 08:14:54.704,InnoDB,rwlock: hash0hash.cc:117,,8809,
1787559294.703,2026-08-24 08:14:54.704,InnoDB,rwlock: hash0hash.cc:117,,8649,
1787559294.703,2026-08-24 08:14:54.704,InnoDB,rwlock: hash0hash.cc:117,,4485,
1787559294.703,2026-08-24 08:14:54.704,InnoDB,rwlock: hash0hash.cc:117,,12980,
1787559294.703,2026-08-24 08:14:54.704,InnoDB,rwlock: hash0hash.cc:117,,11382,
1787559294.703,2026-08-24 08:14:54.704,InnoDB,rwlock: hash0hash.cc:117,,5560,
1787559294.703,2026-08-24 08:14:54.704,InnoDB,rwlock: hash0hash.cc:117,,4307,
1787559294.703,2026-08-24 08:14:54.704,InnoDB,rwlock: hash0hash.cc:117,,4695,
1787559294.703,2026-08-24 08:14:54.704,InnoDB,rwlock: hash0hash.cc:117,,5044,
1787559294.703,2026-08-24 08:14:54.704,InnoDB,rwlock: hash0hash.cc:117,,5421,
1787559294.703,2026-08-24 08:14:54.704,InnoDB,rwlock: hash0hash.cc:117,,7472,
1787559294.703,2026-08-24 08:14:54.704,InnoDB,rwlock: hash0hash.cc:117,,14143,
1787559294.703,2026-08-24 08:14:54.704,InnoDB,rwlock: hash0hash.cc:117,,5659,
1787559294.703,2026-08-24 08:14:54.704,InnoDB,rwlock: hash0hash.cc:117,,13676,
1787559294.703,2026-08-24 08:14:54.704,InnoDB,rwlock: hash0hash.cc:117,,6975,
1787559294.703,2026-08-24 08:14:54.704,InnoDB,rwlock: hash0hash.cc:117,,6287,
1787559294.703,2026-08-24 08:14:54.704,InnoDB,rwlock: hash0hash.cc:117,,5390,
1787559294.703,2026-08-24 08:14:54.704,InnoDB,rwlock: hash0hash.cc:117,,7231,
1787559294.703,2026-08-24 08:14:54.704,InnoDB,rwlock: hash0hash.cc:117,,5636,
1787559294.703,2026-08-24 08:14:54.704,InnoDB,rwlock: hash0hash.cc:117,,8301,
1787559294.703,2026-08-24 08:14:54.704,InnoDB,rwlock: hash0hash.cc:117,,5518,
1787559294.703,2026-08-24 08:14:54.704,InnoDB,rwlock: hash0hash.cc:117,,5609,
1787559294.703,2026-08-24 08:14:54.704,InnoDB,rwlock: hash0hash.cc:117,,5077,
1787559294.703,2026-08-24 08:14:54.704,InnoDB,rwlock: hash0hash.cc:117,,5386,
1787559294.703,2026-08-24 08:14:54.704,InnoDB,rwlock: hash0hash.cc:117,,10697,
1787559294.703,2026-08-24 08:14:54.704,InnoDB,rwlock: hash0hash.cc:117,,5152,
1787559294.703,2026-08-24 08:14:54.704,InnoDB,rwlock: hash0hash.cc:117,,8133,
1787559294.703,2026-08-24 08:14:54.704,InnoDB,rwlock: hash0hash.cc:117,,5558,
1787559294.703,2026-08-24 08:14:54.704,InnoDB,rwlock: hash0hash.cc:117,,4402,
1787559294.703,2026-08-24 08:14:54.704,InnoDB,rwlock: hash0hash.cc:117,,10942,
1787559294.703,2026-08-24 08:14:54.704,InnoDB,rwlock: hash0hash.cc:117,,5268,
1787559294.703,2026-08-24 08:14:54.704,InnoDB,rwlock: hash0hash.cc:117,,3887,
1787559294.703,2026-08-24 08:14:54.704,InnoDB,rwlock: hash0hash.cc:117,,4053,
1787559294.703,2026-08-24 08:14:54.704,InnoDB,rwlock: hash0hash.cc:117,,4795,
1787559294.703,2026-08-24 08:14:54.704,InnoDB,rwlock: hash0hash.cc:117,,6688,
1787559294.703,2026-08-24 08:14:54.704,InnoDB,rwlock: hash0hash.cc:117,,4167,
1787559294.703,2026-08-24 08:14:54.704,InnoDB,rwlock: hash0hash.cc:117,,3964,
1787559294.703,2026-08-24 08:14:54.704,InnoDB,rwlock: hash0hash.cc:117,,11112,
1787559294.703,2026-08-24 08:14:54.704,InnoDB,rwlock: hash0hash.cc:117,,5442,
1787559294.703,2026-08-24 08:14:54.704,InnoDB,rwlock: hash0hash.cc:117,,4108,
1787559294.703,2026-08-24 08:14:54.704,InnoDB,rwlock: hash0hash.cc:117,,3930,
1787559294.703,2026-08-24 08:14:54.704,InnoDB,rwlock: hash0hash.cc:117,,7712,
1787559294.703,2026-08-24 08:14:54.704,InnoDB,rwlock: hash0hash.cc:117,,6157,
1787559294.703,2026-08-24 08:14:54.704,InnoDB,rwlock: hash0hash.cc:117,,5875,
1787559294.703,2026-08-24 08:14:54.704,InnoDB,rwlock: hash0hash.cc:117,,7526,
1787559294.703,2026-08-24 08:14:54.704,InnoDB,rwlock: hash0hash.cc:117,,5745,
1787559294.703,2026-08-24 08:14:54.704,InnoDB,rwlock: hash0hash.cc:117,,11891,
1787559294.703,2026-08-24 08:14:54.704,InnoDB,rwlock: hash0hash.cc:117,,10509,
1787559294.703,2026-08-24 08:14:54.704,InnoDB,rwlock: hash0hash.cc:117,,5754,
1787559294.703,2026-08-24 08:14:54.704,InnoDB,rwlock: hash0hash.cc:117,,16865,
1787559294.703,2026-08-24 08:14:54.704,InnoDB,rwlock: hash0hash.cc:117,,14706,
1787559294.703,2026-08-24 08:14:54.704,InnoDB,rwlock: hash0hash.cc:117,,6256,
1787559294.703,2026-08-24 08:14:54.704,InnoDB,rwlock: hash0hash.cc:117,,10221,
1787559294.703,2026-08-24 08:14:54.704,InnoDB,rwlock: hash0hash.cc:117,,5861,
1787559294.703,2026-08-24 08:14:54.704,InnoDB,rwlock: hash0hash.cc:117,,5676,
1787559294.703,2026-08-24 08:14:54.704,InnoDB,rwlock: hash0hash.cc:117,,15401,
1787559294.703,2026-08-24 08:14:54.704,InnoDB,rwlock: hash0hash.cc:117,,6102,
1787559294.703,2026-08-24 08:14:54.704,InnoDB,rwlock: hash0hash.cc:117,,5308,
1787559294.703,2026-08-24 08:14:54.704,InnoDB,rwlock: hash0hash.cc:117,,5060,
1787559294.703,2026-08-24 08:14:54.704,InnoDB,rwlock: hash0hash.cc:117,,8846,
1787559294.703,2026-08-24 08:14:54.704,InnoDB,rwlock: hash0hash.cc:117,,9236,
1787559294.703,2026-08-24 08:14:54.704,InnoDB,rwlock: hash0hash.cc:117,,4950,
1787559294.703,2026-08-24 08:14:54.704,InnoDB,rwlock: hash0hash.cc:117,,12735,
1787559294.703,2026-08-24 08:14:54.704,InnoDB,rwlock: hash0hash.cc:117,,13138,
1787559294.703,2026-08-24 08:14:54.704,InnoDB,rwlock: hash0hash.cc:117,,6389,
1787559294.703,2026-08-24 08:14:54.704,InnoDB,rwlock: hash0hash.cc:117,,4847,
1787559294.703,2026-08-24 08:14:54.704,InnoDB,rwlock: hash0hash.cc:117,,4905,
1787559294.703,2026-08-24 08:14:54.704,InnoDB,rwlock: hash0hash.cc:117,,9065,
1787559294.703,2026-08-24 08:14:54.704,InnoDB,rwlock: hash0hash.cc:117,,5199,
1787559294.703,2026-08-24 08:14:54.704,InnoDB,rwlock: hash0hash.cc:117,,6188,
1787559294.703,2026-08-24 08:14:54.704,InnoDB,rwlock: hash0hash.cc:117,,14803,
1787559294.703,2026-08-24 08:14:54.704,InnoDB,rwlock: hash0hash.cc:117,,4696,
1787559294.703,2026-08-24 08:14:54.704,InnoDB,rwlock: hash0hash.cc:117,,5310,
1787559294.703,2026-08-24 08:14:54.704,InnoDB,rwlock: hash0hash.cc:117,,4987,
1787559294.703,2026-08-24 08:14:54.704,InnoDB,rwlock: hash0hash.cc:117,,9770,
1787559294.703,2026-08-24 08:14:54.704,InnoDB,rwlock: hash0hash.cc:117,,4908,
1787559294.703,2026-08-24 08:14:54.704,InnoDB,rwlock: hash0hash.cc:117,,4618,
1787559294.703,2026-08-24 08:14:54.704,InnoDB,rwlock: hash0hash.cc:117,,12377,
1787559294.703,2026-08-24 08:14:54.704,InnoDB,rwlock: hash0hash.cc:117,,6110,
1787559294.703,2026-08-24 08:14:54.704,InnoDB,rwlock: hash0hash.cc:117,,4978,
1787559294.703,2026-08-24 08:14:54.704,InnoDB,rwlock: hash0hash.cc:117,,4543,
1787559294.703,2026-08-24 08:14:54.704,InnoDB,rwlock: hash0hash.cc:117,,4761,
1787559294.703,2026-08-24 08:14:54.704,InnoDB,rwlock: hash0hash.cc:117,,9377,
1787559294.703,2026-08-24 08:14:54.704,InnoDB,rwlock: hash0hash.cc:117,,5983,
1787559294.703,2026-08-24 08:14:54.704,InnoDB,rwlock: hash0hash.cc:117,,4810,
1787559294.703,2026-08-24 08:14:54.704,InnoDB,rwlock: hash0hash.cc:117,,12937,
1787559294.703,2026-08-24 08:14:54.704,InnoDB,rwlock: hash0hash.cc:117,,4883,
1787559294.703,2026-08-24 08:14:54.704,InnoDB,rwlock: hash0hash.cc:117,,4530,
1787559294.703,2026-08-24 08:14:54.704,InnoDB,rwlock: hash0hash.cc:117,,5035,
1787559294.703,2026-08-24 08:14:54.704,InnoDB,sum rwlock: buf0buf.cc:852,,3461704,
1787559321.517,2026-08-24 08:15:21.521,InnoDB,BUF_POOL_LRU_LIST,99315196,1743082,15657295
1787559321.517,2026-08-24 08:15:21.521,InnoDB,BUF_POOL_LRU_LIST,77936825,1038040,15530095
1787559321.517,2026-08-24 08:15:21.521,InnoDB,BUF_POOL_LRU_LIST,74736154,932674,15622430
1787559321.517,2026-08-24 08:15:21.521,InnoDB,BUF_POOL_LRU_LIST,71911315,904693,15259564
1787559321.517,2026-08-24 08:15:21.521,InnoDB,BUF_POOL_LRU_LIST,72706367,902584,15487942
1787559321.517,2026-08-24 08:15:21.521,InnoDB,BUF_POOL_LRU_LIST,62071797,558200,15453524
1787559321.517,2026-08-24 08:15:21.521,InnoDB,BUF_POOL_LRU_LIST,61249102,540181,15380643
1787559321.517,2026-08-24 08:15:21.521,InnoDB,BUF_POOL_LRU_LIST,61761277,516263,15641362
1787559321.517,2026-08-24 08:15:21.521,InnoDB,LOG_WRITER,4143600,138040,1734
1787559321.517,2026-08-24 08:15:21.521,InnoDB,TRX_SYS,6652255,55386,3784722
1787559321.517,2026-08-24 08:15:21.521,InnoDB,SRV_SYS,2319860,22957,798929
1787559321.517,2026-08-24 08:15:21.521,InnoDB,FLUSH_LIST,468684,11991,88926
1787559321.517,2026-08-24 08:15:21.521,InnoDB,FLUSH_LIST,444584,11256,84403
1787559321.517,2026-08-24 08:15:21.521,InnoDB,FLUSH_LIST,436569,11056,87469
1787559321.517,2026-08-24 08:15:21.521,InnoDB,FLUSH_LIST,434903,10937,83741
1787559321.517,2026-08-24 08:15:21.521,InnoDB,FLUSH_LIST,429100,10756,88888
1787559321.517,2026-08-24 08:15:21.521,InnoDB,FLUSH_LIST,426239,10720,83689
1787559321.517,2026-08-24 08:15:21.521,InnoDB,FLUSH_LIST,428183,10719,83503
1787559321.517,2026-08-24 08:15:21.521,InnoDB,FLUSH_LIST,406900,10134,81524
1787559321.517,2026-08-24 08:15:21.521,InnoDB,BUF_BLOCK_MUTEX,218313,6234,14633
1787559321.517,2026-08-24 08:15:21.521,InnoDB,BUF_POOL_FREE_LIST,982874,5429,748499
1787559321.517,2026-08-24 08:15:21.521,InnoDB,BUF_POOL_FREE_LIST,988136,5415,731610
1787559321.517,2026-08-24 08:15:21.521,InnoDB,BUF_POOL_FREE_LIST,951012,5174,713097
1787559321.517,2026-08-24 08:15:21.521,InnoDB,BUF_POOL_FREE_LIST,1078992,5101,805443
1787559321.517,2026-08-24 08:15:21.521,InnoDB,BUF_POOL_FREE_LIST,914080,4830,713019
1787559321.517,2026-08-24 08:15:21.521,InnoDB,BUF_POOL_FREE_LIST,1066268,4696,802474
1787559321.517,2026-08-24 08:15:21.521,InnoDB,BUF_POOL_FREE_LIST,958009,4630,724976
1787559321.517,2026-08-24 08:15:21.521,InnoDB,DICT_SYS,15125654,4430,9898091
1787559321.517,2026-08-24 08:15:21.521,InnoDB,BUF_POOL_FREE_LIST,911717,4159,727020
1787559321.517,2026-08-24 08:15:21.521,InnoDB,TRX_SYS_SERIALISATION,400822,3819,245553
1787559321.517,2026-08-24 08:15:21.521,InnoDB,FIL_SHARD,874823,3442,769107
1787559321.517,2026-08-24 08:15:21.521,InnoDB,FIL_SHARD,865269,3411,774393
1787559321.517,2026-08-24 08:15:21.521,InnoDB,FIL_SHARD,867383,3408,778060
1787559321.517,2026-08-24 08:15:21.521,InnoDB,FIL_SHARD,887821,3407,793338
1787559321.517,2026-08-24 08:15:21.521,InnoDB,FIL_SHARD,935405,3299,827348
1787559321.517,2026-08-24 08:15:21.521,InnoDB,FIL_SHARD,874172,3297,780017
1787559321.517,2026-08-24 08:15:21.521,InnoDB,FIL_SHARD,912685,3292,811556
1787559321.517,2026-08-24 08:15:21.521,InnoDB,FIL_SHARD,877174,3211,784229
1787559321.517,2026-08-24 08:15:21.521,InnoDB,FIL_SHARD,860182,3164,778361
1787559321.517,2026-08-24 08:15:21.521,InnoDB,FIL_SHARD,862895,3148,777904
1787559321.517,2026-08-24 08:15:21.521,InnoDB,FIL_SHARD,897035,3123,805861
1787559321.517,2026-08-24 08:15:21.521,InnoDB,FIL_SHARD,887386,3085,796785
1787559321.517,2026-08-24 08:15:21.521,InnoDB,FIL_SHARD,841777,3083,761508
1787559321.517,2026-08-24 08:15:21.521,InnoDB,FIL_SHARD,885829,3063,795455
1787559321.517,2026-08-24 08:15:21.521,InnoDB,FIL_SHARD,797055,2838,788097
1787559321.517,2026-08-24 08:15:21.521,InnoDB,FIL_SHARD,784391,2775,724563
1787559321.517,2026-08-24 08:15:21.521,InnoDB,FIL_SHARD,789051,2711,732161
1787559321.517,2026-08-24 08:15:21.521,InnoDB,FIL_SHARD,810145,2655,801782
1787559321.517,2026-08-24 08:15:21.521,InnoDB,FIL_SHARD,849496,2582,829311
1787559321.517,2026-08-24 08:15:21.521,InnoDB,FIL_SHARD,808657,2524,798550
1787559321.517,2026-08-24 08:15:21.521,InnoDB,UNDO_SPACE_RSEG,71904,2248,1302
1787559321.517,2026-08-24 08:15:21.521,InnoDB,UNDO_SPACE_RSEG,69600,2181,1303
1787559321.517,2026-08-24 08:15:21.521,InnoDB,UNDO_SPACE_RSEG,69447,2177,1263
1787559321.517,2026-08-24 08:15:21.521,InnoDB,UNDO_SPACE_RSEG,67800,2134,1287
1787559321.517,2026-08-24 08:15:21.521,InnoDB,UNDO_SPACE_RSEG,67473,2111,1277
1787559321.517,2026-08-24 08:15:21.521,InnoDB,UNDO_SPACE_RSEG,67160,2098,1277
1787559321.517,2026-08-24 08:15:21.521,InnoDB,UNDO_SPACE_RSEG,67185,2087,1285
1787559321.517,2026-08-24 08:15:21.521,InnoDB,UNDO_SPACE_RSEG,66265,2079,1205
1787559321.517,2026-08-24 08:15:21.521,InnoDB,UNDO_SPACE_RSEG,65467,2058,1201
1787559321.517,2026-08-24 08:15:21.521,InnoDB,UNDO_SPACE_RSEG,64658,2037,1199
1787559321.517,2026-08-24 08:15:21.521,InnoDB,UNDO_SPACE_RSEG,64475,2024,1232
1787559321.517,2026-08-24 08:15:21.521,InnoDB,UNDO_SPACE_RSEG,63818,1998,1233
1787559321.517,2026-08-24 08:15:21.521,InnoDB,UNDO_SPACE_RSEG,63042,1993,1195
1787559321.517,2026-08-24 08:15:21.521,InnoDB,UNDO_SPACE_RSEG,63773,1983,1220
1787559321.517,2026-08-24 08:15:21.521,InnoDB,UNDO_SPACE_RSEG,64075,1980,1265
1787559321.517,2026-08-24 08:15:21.521,InnoDB,UNDO_SPACE_RSEG,63374,1976,1200
1787559321.517,2026-08-24 08:15:21.521,InnoDB,UNDO_SPACE_RSEG,62453,1948,1217
1787559321.517,2026-08-24 08:15:21.521,InnoDB,UNDO_SPACE_RSEG,61954,1946,1181
1787559321.517,2026-08-24 08:15:21.521,InnoDB,UNDO_SPACE_RSEG,62865,1946,1247
1787559321.517,2026-08-24 08:15:21.521,InnoDB,UNDO_SPACE_RSEG,61326,1934,1108
1787559321.517,2026-08-24 08:15:21.521,InnoDB,UNDO_SPACE_RSEG,61419,1930,1180
1787559321.517,2026-08-24 08:15:21.521,InnoDB,UNDO_SPACE_RSEG,61053,1924,1213
1787559321.517,2026-08-24 08:15:21.521,InnoDB,UNDO_SPACE_RSEG,61302,1922,1167
1787559321.517,2026-08-24 08:15:21.521,InnoDB,UNDO_SPACE_RSEG,61104,1921,1181
1787559321.517,2026-08-24 08:15:21.521,InnoDB,UNDO_SPACE_RSEG,61106,1919,1197
1787559321.517,2026-08-24 08:15:21.521,InnoDB,UNDO_SPACE_RSEG,60747,1918,1228
1787559321.517,2026-08-24 08:15:21.521,InnoDB,UNDO_SPACE_RSEG,60763,1904,1205
1787559321.517,2026-08-24 08:15:21.521,InnoDB,UNDO_SPACE_RSEG,60433,1899,1129
1787559321.517,2026-08-24 08:15:21.521,InnoDB,UNDO_SPACE_RSEG,60273,1893,1207
1787559321.517,2026-08-24 08:15:21.521,InnoDB,UNDO_SPACE_RSEG,60364,1892,1167
1787559321.517,2026-08-24 08:15:21.521,InnoDB,PAGE_CLEANER,3819232,1881,2014387
1787559321.517,2026-08-24 08:15:21.521,InnoDB,UNDO_SPACE_RSEG,60300,1875,1165
1787559321.517,2026-08-24 08:15:21.521,InnoDB,UNDO_SPACE_RSEG,59371,1869,1149
1787559321.517,2026-08-24 08:15:21.521,InnoDB,UNDO_SPACE_RSEG,59571,1863,1228
1787559321.517,2026-08-24 08:15:21.521,InnoDB,UNDO_SPACE_RSEG,59266,1862,1127
1787559321.517,2026-08-24 08:15:21.521,InnoDB,UNDO_SPACE_RSEG,59452,1861,1192
1787559321.517,2026-08-24 08:15:21.521,InnoDB,UNDO_SPACE_RSEG,58956,1860,1140
1787559321.517,2026-08-24 08:15:21.521,InnoDB,UNDO_SPACE_RSEG,59288,1857,1113
1787559321.517,2026-08-24 08:15:21.521,InnoDB,UNDO_SPACE_RSEG,59286,1851,1216
1787559321.517,2026-08-24 08:15:21.521,InnoDB,UNDO_SPACE_RSEG,59072,1850,1162
1787559321.517,2026-08-24 08:15:21.521,InnoDB,UNDO_SPACE_RSEG,58161,1828,1145
1787559321.517,2026-08-24 08:15:21.521,InnoDB,UNDO_SPACE_RSEG,58432,1820,1144
1787559321.517,2026-08-24 08:15:21.521,InnoDB,UNDO_SPACE_RSEG,57616,1812,1139
1787559321.517,2026-08-24 08:15:21.521,InnoDB,UNDO_SPACE_RSEG,57589,1809,1123
1787559321.517,2026-08-24 08:15:21.521,InnoDB,UNDO_SPACE_RSEG,57771,1807,1143
1787559321.517,2026-08-24 08:15:21.521,InnoDB,UNDO_SPACE_RSEG,57862,1804,1162
1787559321.517,2026-08-24 08:15:21.521,InnoDB,UNDO_SPACE_RSEG,57431,1801,1137
1787559321.517,2026-08-24 08:15:21.521,InnoDB,UNDO_SPACE_RSEG,57443,1797,1172
1787559321.517,2026-08-24 08:15:21.521,InnoDB,UNDO_SPACE_RSEG,57593,1796,1157
1787559321.517,2026-08-24 08:15:21.521,InnoDB,UNDO_SPACE_RSEG,57328,1792,1129
1787559321.517,2026-08-24 08:15:21.521,InnoDB,UNDO_SPACE_RSEG,57250,1787,1150
1787559321.517,2026-08-24 08:15:21.521,InnoDB,UNDO_SPACE_RSEG,56512,1786,1099
1787559321.517,2026-08-24 08:15:21.521,InnoDB,UNDO_SPACE_RSEG,56738,1784,1105
1787559321.517,2026-08-24 08:15:21.521,InnoDB,UNDO_SPACE_RSEG,57111,1784,1096
1787559321.517,2026-08-24 08:15:21.521,InnoDB,UNDO_SPACE_RSEG,56767,1781,1157
1787559321.517,2026-08-24 08:15:21.521,InnoDB,UNDO_SPACE_RSEG,56542,1781,1085
1787559321.517,2026-08-24 08:15:21.521,InnoDB,UNDO_SPACE_RSEG,57128,1780,1153
1787559321.517,2026-08-24 08:15:21.521,InnoDB,UNDO_SPACE_RSEG,56578,1780,1077
1787559321.517,2026-08-24 08:15:21.521,InnoDB,UNDO_SPACE_RSEG,56651,1778,1149
1787559321.517,2026-08-24 08:15:21.521,InnoDB,UNDO_SPACE_RSEG,57354,1775,1144
1787559321.517,2026-08-24 08:15:21.521,InnoDB,UNDO_SPACE_RSEG,56792,1772,1167
1787559321.517,2026-08-24 08:15:21.521,InnoDB,UNDO_SPACE_RSEG,56430,1768,1130
1787559321.517,2026-08-24 08:15:21.521,InnoDB,UNDO_SPACE_RSEG,56572,1768,1161
1787559321.517,2026-08-24 08:15:21.521,InnoDB,UNDO_SPACE_RSEG,56144,1763,1161
1787559321.517,2026-08-24 08:15:21.521,InnoDB,UNDO_SPACE_RSEG,55879,1760,1108
1787559321.517,2026-08-24 08:15:21.521,InnoDB,UNDO_SPACE_RSEG,56583,1759,1146
1787559321.517,2026-08-24 08:15:21.521,InnoDB,UNDO_SPACE_RSEG,55778,1756,1080
1787559321.517,2026-08-24 08:15:21.521,InnoDB,UNDO_SPACE_RSEG,56295,1755,1086
1787559321.517,2026-08-24 08:15:21.521,InnoDB,UNDO_SPACE_RSEG,55905,1755,1119
1787559321.517,2026-08-24 08:15:21.521,InnoDB,UNDO_SPACE_RSEG,56597,1754,1158
1787559321.517,2026-08-24 08:15:21.521,InnoDB,UNDO_SPACE_RSEG,56099,1749,1143
1787559321.517,2026-08-24 08:15:21.521,InnoDB,UNDO_SPACE_RSEG,55447,1745,1068
1787559321.517,2026-08-24 08:15:21.521,InnoDB,UNDO_SPACE_RSEG,55621,1743,1161
1787559321.517,2026-08-24 08:15:21.521,InnoDB,UNDO_SPACE_RSEG,55788,1740,1123
1787559321.517,2026-08-24 08:15:21.521,InnoDB,UNDO_SPACE_RSEG,55632,1735,1132
1787559321.517,2026-08-24 08:15:21.521,InnoDB,UNDO_SPACE_RSEG,55528,1732,1141
1787559321.517,2026-08-24 08:15:21.521,InnoDB,UNDO_SPACE_RSEG,55725,1732,1128
1787559321.517,2026-08-24 08:15:21.521,InnoDB,UNDO_SPACE_RSEG,55426,1731,1131
1787559321.517,2026-08-24 08:15:21.521,InnoDB,UNDO_SPACE_RSEG,55370,1729,1103
1787559321.517,2026-08-24 08:15:21.521,InnoDB,UNDO_SPACE_RSEG,55188,1724,1120
1787559321.517,2026-08-24 08:15:21.521,InnoDB,UNDO_SPACE_RSEG,55037,1723,1133
1787559321.517,2026-08-24 08:15:21.521,InnoDB,UNDO_SPACE_RSEG,55298,1723,1156
1787559321.517,2026-08-24 08:15:21.521,InnoDB,UNDO_SPACE_RSEG,54723,1717,1141
1787559321.517,2026-08-24 08:15:21.521,InnoDB,UNDO_SPACE_RSEG,54379,1709,1080
1787559321.517,2026-08-24 08:15:21.521,InnoDB,UNDO_SPACE_RSEG,54498,1707,1140
1787559321.517,2026-08-24 08:15:21.521,InnoDB,UNDO_SPACE_RSEG,54622,1706,1125
1787559321.517,2026-08-24 08:15:21.521,InnoDB,UNDO_SPACE_RSEG,54058,1701,1052
1787559321.517,2026-08-24 08:15:21.521,InnoDB,UNDO_SPACE_RSEG,54062,1696,1067
1787559321.517,2026-08-24 08:15:21.521,InnoDB,UNDO_SPACE_RSEG,54352,1694,1169
1787559321.517,2026-08-24 08:15:21.521,InnoDB,UNDO_SPACE_RSEG,53525,1678,1101
1787559321.517,2026-08-24 08:15:21.521,InnoDB,UNDO_SPACE_RSEG,53945,1676,1129
1787559321.517,2026-08-24 08:15:21.521,InnoDB,UNDO_SPACE_RSEG,53425,1671,1117
1787559321.517,2026-08-24 08:15:21.521,InnoDB,UNDO_SPACE_RSEG,53556,1671,1116
1787559321.517,2026-08-24 08:15:21.521,InnoDB,UNDO_SPACE_RSEG,53301,1670,1107
1787559321.517,2026-08-24 08:15:21.521,InnoDB,UNDO_SPACE_RSEG,53223,1668,1109
1787559321.517,2026-08-24 08:15:21.521,InnoDB,UNDO_SPACE_RSEG,52895,1662,1152
1787559321.517,2026-08-24 08:15:21.521,InnoDB,UNDO_SPACE_RSEG,52323,1654,1062
1787559321.517,2026-08-24 08:15:21.521,InnoDB,UNDO_SPACE_RSEG,53061,1653,1096
1787559321.517,2026-08-24 08:15:21.521,InnoDB,UNDO_SPACE_RSEG,52675,1653,1116
1787559321.517,2026-08-24 08:15:21.521,InnoDB,UNDO_SPACE_RSEG,52719,1646,1106
1787559321.517,2026-08-24 08:15:21.521,InnoDB,UNDO_SPACE_RSEG,52599,1640,1091
1787559321.517,2026-08-24 08:15:21.521,InnoDB,UNDO_SPACE_RSEG,51716,1627,1078
1787559321.517,2026-08-24 08:15:21.521,InnoDB,UNDO_SPACE_RSEG,51815,1618,1071
1787559321.517,2026-08-24 08:15:21.521,InnoDB,UNDO_SPACE_RSEG,51476,1613,1089
1787559321.517,2026-08-24 08:15:21.521,InnoDB,UNDO_SPACE_RSEG,51562,1612,1015
1787559321.517,2026-08-24 08:15:21.521,InnoDB,UNDO_SPACE_RSEG,51586,1612,1094
1787559321.517,2026-08-24 08:15:21.521,InnoDB,UNDO_SPACE_RSEG,51042,1595,1132
1787559321.517,2026-08-24 08:15:21.521,InnoDB,UNDO_SPACE_RSEG,50769,1592,1107
1787559321.517,2026-08-24 08:15:21.521,InnoDB,UNDO_SPACE_RSEG,50488,1583,1058
1787559321.517,2026-08-24 08:15:21.521,InnoDB,UNDO_SPACE_RSEG,50322,1575,1037
1787559321.517,2026-08-24 08:15:21.521,InnoDB,UNDO_SPACE_RSEG,50202,1570,1072
1787559321.517,2026-08-24 08:15:21.521,InnoDB,UNDO_SPACE_RSEG,49924,1566,980
1787559321.517,2026-08-24 08:15:21.521,InnoDB,UNDO_SPACE_RSEG,49964,1565,1022
1787559321.517,2026-08-24 08:15:21.521,InnoDB,UNDO_SPACE_RSEG,49341,1555,1076
1787559321.517,2026-08-24 08:15:21.521,InnoDB,UNDO_SPACE_RSEG,49571,1552,1085
1787559321.517,2026-08-24 08:15:21.521,InnoDB,UNDO_SPACE_RSEG,49601,1551,1085
1787559321.517,2026-08-24 08:15:21.521,InnoDB,UNDO_SPACE_RSEG,49700,1550,1024
1787559321.517,2026-08-24 08:15:21.521,InnoDB,UNDO_SPACE_RSEG,49857,1549,1097
1787559321.517,2026-08-24 08:15:21.521,InnoDB,UNDO_SPACE_RSEG,49529,1548,1104
1787559321.517,2026-08-24 08:15:21.521,InnoDB,UNDO_SPACE_RSEG,49364,1542,1081
1787559321.517,2026-08-24 08:15:21.521,InnoDB,UNDO_SPACE_RSEG,49282,1536,1087
1787559321.517,2026-08-24 08:15:21.521,InnoDB,UNDO_SPACE_RSEG,49135,1528,1068
1787559321.517,2026-08-24 08:15:21.521,InnoDB,UNDO_SPACE_RSEG,47486,1496,1025
1787559321.517,2026-08-24 08:15:21.521,InnoDB,UNDO_SPACE_RSEG,47500,1493,1057
1787559321.517,2026-08-24 08:15:21.521,InnoDB,UNDO_SPACE_RSEG,47596,1485,1027
1787559321.517,2026-08-24 08:15:21.521,InnoDB,UNDO_SPACE_RSEG,47106,1477,1027
1787559321.517,2026-08-24 08:15:21.521,InnoDB,UNDO_SPACE_RSEG,46319,1463,996
1787559321.517,2026-08-24 08:15:21.521,InnoDB,UNDO_SPACE_RSEG,45181,1406,1082
1787559321.517,2026-08-24 08:15:21.521,InnoDB,UNDO_SPACE_RSEG,42513,1322,1034
1787559321.517,2026-08-24 08:15:21.521,InnoDB,LOG_FILES,39540,1134,1385
1787559321.517,2026-08-24 08:15:21.521,InnoDB,PURGE_SYS_PQ,373421,1103,296440
1787559321.517,2026-08-24 08:15:21.521,InnoDB,DICT_PERSIST_DIRTY_TABLES,2254902,849,970280
1787559321.517,2026-08-24 08:15:21.521,InnoDB,LOG_FLUSHER,28112,701,1282
1787559321.517,2026-08-24 08:15:21.521,InnoDB,IBUF_BITMAP,52352,645,25649
1787559321.517,2026-08-24 08:15:21.521,InnoDB,BUF_POOL_FLUSH_STATE,287562,310,211236
1787559321.517,2026-08-24 08:15:21.521,InnoDB,BUF_POOL_FLUSH_STATE,270272,294,194708
1787559321.517,2026-08-24 08:15:21.521,InnoDB,BUF_POOL_FLUSH_STATE,270968,289,200598
1787559321.517,2026-08-24 08:15:21.521,InnoDB,BUF_POOL_FLUSH_STATE,252622,253,186898
1787559321.517,2026-08-24 08:15:21.521,InnoDB,UNDO_SPACE_RSEG,7877,242,335
1787559321.517,2026-08-24 08:15:21.521,InnoDB,LOCK_SYS_TABLE,21723,241,12333
1787559321.517,2026-08-24 08:15:21.521,InnoDB,LOCK_SYS_TABLE,21061,234,11804
1787559321.517,2026-08-24 08:15:21.521,InnoDB,BUF_POOL_FLUSH_STATE,260572,233,188770
1787559321.517,2026-08-24 08:15:21.521,InnoDB,BUF_POOL_FLUSH_STATE,260627,232,188533
1787559321.517,2026-08-24 08:15:21.521,InnoDB,LOCK_SYS_TABLE,21019,228,12812
1787559321.517,2026-08-24 08:15:21.521,InnoDB,BUF_POOL_FLUSH_STATE,294256,221,214780
1787559321.517,2026-08-24 08:15:21.521,InnoDB,LOCK_SYS_TABLE,20773,217,12596
1787559321.517,2026-08-24 08:15:21.521,InnoDB,UNDO_SPACE_RSEG,7001,213,314
1787559321.517,2026-08-24 08:15:21.521,InnoDB,LOCK_SYS_TABLE,20202,212,12258
1787559321.517,2026-08-24 08:15:21.521,InnoDB,LOCK_SYS_TABLE,20789,211,12128
1787559321.517,2026-08-24 08:15:21.521,InnoDB,LOCK_SYS_TABLE,21119,203,13020
1787559321.517,2026-08-24 08:15:21.521,InnoDB,UNDO_SPACE_RSEG,6924,202,316
1787559321.517,2026-08-24 08:15:21.521,InnoDB,UNDO_SPACE_RSEG,6695,202,296
1787559321.517,2026-08-24 08:15:21.521,InnoDB,LOCK_SYS_TABLE,20318,201,12069
1787559321.517,2026-08-24 08:15:21.521,InnoDB,UNDO_SPACE_RSEG,6608,198,298
1787559321.517,2026-08-24 08:15:21.521,InnoDB,UNDO_SPACE_RSEG,6478,197,314
1787559321.517,2026-08-24 08:15:21.521,InnoDB,LOCK_SYS_TABLE,20474,197,12497
1787559321.517,2026-08-24 08:15:21.521,InnoDB,UNDO_SPACE_RSEG,6494,195,307
1787559321.517,2026-08-24 08:15:21.521,InnoDB,UNDO_SPACE_RSEG,6570,195,302
1787559321.517,2026-08-24 08:15:21.521,InnoDB,TRX,525496,194,727469
1787559321.517,2026-08-24 08:15:21.521,InnoDB,LOCK_SYS_TABLE,20109,193,12200
1787559321.517,2026-08-24 08:15:21.521,InnoDB,LOCK_SYS_TABLE,20147,190,12288
1787559321.517,2026-08-24 08:15:21.521,InnoDB,BUF_POOL_FLUSH_STATE,258621,190,188266
1787559321.517,2026-08-24 08:15:21.521,InnoDB,LOCK_SYS_TABLE,20329,189,12487
1787559321.517,2026-08-24 08:15:21.521,InnoDB,UNDO_SPACE_RSEG,6285,188,304
1787559321.517,2026-08-24 08:15:21.521,InnoDB,LOCK_SYS_TABLE,20393,186,13209
1787559321.517,2026-08-24 08:15:21.521,InnoDB,LOCK_SYS_TABLE,19830,186,12400
1787559321.517,2026-08-24 08:15:21.521,InnoDB,UNDO_SPACE_RSEG,6254,184,294
1787559321.517,2026-08-24 08:15:21.521,InnoDB,UNDO_SPACE_RSEG,6071,181,310
1787559321.517,2026-08-24 08:15:21.521,InnoDB,UNDO_SPACE_RSEG,6005,180,286
1787559321.517,2026-08-24 08:15:21.521,InnoDB,LOCK_SYS_TABLE,19316,180,12417
1787559321.517,2026-08-24 08:15:21.521,InnoDB,FIL_SHARD,23536,179,16512
1787559321.517,2026-08-24 08:15:21.521,InnoDB,LOCK_SYS_TABLE,19579,179,11852
1787559321.517,2026-08-24 08:15:21.521,InnoDB,UNDO_SPACE_RSEG,5942,178,265
1787559321.517,2026-08-24 08:15:21.521,InnoDB,UNDO_SPACE_RSEG,5915,177,308
1787559321.517,2026-08-24 08:15:21.521,InnoDB,UNDO_SPACE_RSEG,5982,176,267
1787559321.517,2026-08-24 08:15:21.521,InnoDB,UNDO_SPACE_RSEG,5921,176,319
1787559321.517,2026-08-24 08:15:21.521,InnoDB,UNDO_SPACE_RSEG,6052,175,284
1787559321.517,2026-08-24 08:15:21.521,InnoDB,UNDO_SPACE_RSEG,5855,174,276
1787559321.517,2026-08-24 08:15:21.521,InnoDB,UNDO_SPACE_RSEG,5827,173,314
1787559321.517,2026-08-24 08:15:21.521,InnoDB,UNDO_SPACE_RSEG,5936,173,339
1787559321.517,2026-08-24 08:15:21.521,InnoDB,UNDO_SPACE_RSEG,5712,172,291
1787559321.517,2026-08-24 08:15:21.521,InnoDB,UNDO_SPACE_RSEG,5708,171,282
1787559321.517,2026-08-24 08:15:21.521,InnoDB,UNDO_SPACE_RSEG,5726,171,312
1787559321.517,2026-08-24 08:15:21.521,InnoDB,UNDO_SPACE_RSEG,5829,170,325
1787559321.517,2026-08-24 08:15:21.521,InnoDB,LOCK_SYS_TABLE,19743,170,12554
1787559321.517,2026-08-24 08:15:21.521,InnoDB,UNDO_SPACE_RSEG,5731,169,296
1787559321.517,2026-08-24 08:15:21.521,InnoDB,UNDO_SPACE_RSEG,5573,166,290
1787559321.517,2026-08-24 08:15:21.521,InnoDB,LOCK_SYS_TABLE,18930,165,12573
1787559321.517,2026-08-24 08:15:21.521,InnoDB,UNDO_SPACE_RSEG,5641,164,316
1787559321.517,2026-08-24 08:15:21.521,InnoDB,LOCK_SYS_TABLE,19815,162,13298
1787559321.517,2026-08-24 08:15:21.521,InnoDB,UNDO_SPACE_RSEG,5592,161,284
1787559321.517,2026-08-24 08:15:21.521,InnoDB,UNDO_SPACE_RSEG,5459,161,302
1787559321.517,2026-08-24 08:15:21.521,InnoDB,UNDO_SPACE_RSEG,5369,159,303
1787559321.517,2026-08-24 08:15:21.521,InnoDB,UNDO_SPACE_RSEG,5492,159,283
1787559321.517,2026-08-24 08:15:21.521,InnoDB,UNDO_SPACE_RSEG,5259,159,285
1787559321.517,2026-08-24 08:15:21.521,InnoDB,LOCK_SYS_TABLE,18770,157,12599
1787559321.517,2026-08-24 08:15:21.521,InnoDB,UNDO_SPACE_RSEG,5269,157,280
1787559321.517,2026-08-24 08:15:21.521,InnoDB,UNDO_SPACE_RSEG,5303,157,288
1787559321.517,2026-08-24 08:15:21.521,InnoDB,UNDO_SPACE_RSEG,5334,156,302
1787559321.517,2026-08-24 08:15:21.521,InnoDB,UNDO_SPACE_RSEG,5283,156,288
1787559321.517,2026-08-24 08:15:21.521,InnoDB,UNDO_SPACE_RSEG,5155,156,290
1787559321.517,2026-08-24 08:15:21.521,InnoDB,UNDO_SPACE_RSEG,5240,155,295
1787559321.517,2026-08-24 08:15:21.521,InnoDB,UNDO_SPACE_RSEG,5121,152,303
1787559321.517,2026-08-24 08:15:21.521,InnoDB,UNDO_SPACE_RSEG,5287,152,272
1787559321.517,2026-08-24 08:15:21.521,InnoDB,UNDO_SPACE_RSEG,5220,150,284
1787559321.517,2026-08-24 08:15:21.521,InnoDB,UNDO_SPACE_RSEG,5127,150,282
1787559321.517,2026-08-24 08:15:21.521,InnoDB,UNDO_SPACE_RSEG,5065,150,273
1787559321.517,2026-08-24 08:15:21.521,InnoDB,UNDO_SPACE_RSEG,4964,149,278
1787559321.517,2026-08-24 08:15:21.521,InnoDB,UNDO_SPACE_RSEG,5020,148,270
1787559321.517,2026-08-24 08:15:21.521,InnoDB,UNDO_SPACE_RSEG,5047,148,276
1787559321.517,2026-08-24 08:15:21.521,InnoDB,UNDO_SPACE_RSEG,5031,144,324
1787559321.517,2026-08-24 08:15:21.521,InnoDB,UNDO_SPACE_RSEG,4870,144,285
1787559321.517,2026-08-24 08:15:21.521,InnoDB,UNDO_SPACE_RSEG,4937,144,269
1787559321.517,2026-08-24 08:15:21.521,InnoDB,UNDO_SPACE_RSEG,4857,143,283
1787559321.517,2026-08-24 08:15:21.521,InnoDB,UNDO_SPACE_RSEG,4811,142,279
1787559321.517,2026-08-24 08:15:21.521,InnoDB,UNDO_SPACE_RSEG,4784,141,268
1787559321.517,2026-08-24 08:15:21.521,InnoDB,UNDO_SPACE_RSEG,4670,141,249
1787559321.517,2026-08-24 08:15:21.521,InnoDB,UNDO_SPACE_RSEG,4981,140,283
1787559321.517,2026-08-24 08:15:21.521,InnoDB,UNDO_SPACE_RSEG,4774,140,304
1787559321.517,2026-08-24 08:15:21.521,InnoDB,UNDO_SPACE_RSEG,4853,139,313
1787559321.517,2026-08-24 08:15:21.521,InnoDB,UNDO_SPACE_RSEG,4673,139,278
1787559321.517,2026-08-24 08:15:21.521,InnoDB,UNDO_SPACE_RSEG,4762,139,273
1787559321.517,2026-08-24 08:15:21.521,InnoDB,UNDO_SPACE_RSEG,4891,138,328
1787559321.517,2026-08-24 08:15:21.521,InnoDB,UNDO_SPACE_RSEG,4735,138,281
1787559321.517,2026-08-24 08:15:21.521,InnoDB,UNDO_SPACE_RSEG,4601,136,293
1787559321.517,2026-08-24 08:15:21.521,InnoDB,UNDO_SPACE_RSEG,4731,135,332
1787559321.517,2026-08-24 08:15:21.521,InnoDB,UNDO_SPACE_RSEG,4558,134,233
1787559321.517,2026-08-24 08:15:21.521,InnoDB,UNDO_SPACE_RSEG,4588,133,307
1787559321.517,2026-08-24 08:15:21.521,InnoDB,UNDO_SPACE_RSEG,4509,133,254
1787559321.517,2026-08-24 08:15:21.521,InnoDB,UNDO_SPACE_RSEG,4417,132,284
1787559321.517,2026-08-24 08:15:21.521,InnoDB,UNDO_SPACE_RSEG,4579,130,308
1787559321.517,2026-08-24 08:15:21.521,InnoDB,UNDO_SPACE_RSEG,4484,130,286
1787559321.517,2026-08-24 08:15:21.521,InnoDB,UNDO_SPACE_RSEG,4445,130,273
1787559321.517,2026-08-24 08:15:21.521,InnoDB,UNDO_SPACE_RSEG,4352,129,267
1787559321.517,2026-08-24 08:15:21.521,InnoDB,UNDO_SPACE_RSEG,4631,128,297
1787559321.517,2026-08-24 08:15:21.521,InnoDB,UNDO_SPACE_RSEG,4374,127,288
1787559321.517,2026-08-24 08:15:21.521,InnoDB,UNDO_SPACE_RSEG,4307,127,257
1787559321.517,2026-08-24 08:15:21.521,InnoDB,UNDO_SPACE_RSEG,4465,127,278
1787559321.517,2026-08-24 08:15:21.521,InnoDB,UNDO_SPACE_RSEG,4410,126,288
1787559321.517,2026-08-24 08:15:21.521,InnoDB,UNDO_SPACE_RSEG,4361,126,286
1787559321.517,2026-08-24 08:15:21.521,InnoDB,UNDO_SPACE_RSEG,4253,125,277
1787559321.517,2026-08-24 08:15:21.521,InnoDB,UNDO_SPACE_RSEG,4431,124,294
1787559321.517,2026-08-24 08:15:21.521,InnoDB,UNDO_SPACE_RSEG,4279,123,261
1787559321.517,2026-08-24 08:15:21.521,InnoDB,UNDO_SPACE_RSEG,4370,123,281
1787559321.517,2026-08-24 08:15:21.521,InnoDB,UNDO_SPACE_RSEG,4053,114,274
1787559321.517,2026-08-24 08:15:21.521,InnoDB,UNDO_SPACE_RSEG,4006,114,288
1787559321.517,2026-08-24 08:15:21.521,InnoDB,UNDO_SPACE_RSEG,3923,114,260
1787559321.517,2026-08-24 08:15:21.521,InnoDB,UNDO_SPACE_RSEG,3850,113,275
1787559321.517,2026-08-24 08:15:21.521,InnoDB,UNDO_SPACE_RSEG,3750,113,253
1787559321.517,2026-08-24 08:15:21.521,InnoDB,UNDO_SPACE_RSEG,3878,113,253
1787559321.517,2026-08-24 08:15:21.521,InnoDB,UNDO_SPACE_RSEG,3842,112,265
1787559321.517,2026-08-24 08:15:21.521,InnoDB,UNDO_SPACE_RSEG,3959,112,265
1787559321.517,2026-08-24 08:15:21.521,InnoDB,UNDO_SPACE_RSEG,3805,111,244
1787559321.517,2026-08-24 08:15:21.521,InnoDB,UNDO_SPACE_RSEG,3861,111,259
1787559321.517,2026-08-24 08:15:21.521,InnoDB,UNDO_SPACE_RSEG,3999,111,308
1787559321.517,2026-08-24 08:15:21.521,InnoDB,UNDO_SPACE_RSEG,3802,111,262
1787559321.517,2026-08-24 08:15:21.521,InnoDB,UNDO_SPACE_RSEG,3948,110,299
1787559321.517,2026-08-24 08:15:21.521,InnoDB,UNDO_SPACE_RSEG,3805,109,255
1787559321.517,2026-08-24 08:15:21.521,InnoDB,UNDO_SPACE_RSEG,3751,109,267
1787559321.517,2026-08-24 08:15:21.521,InnoDB,UNDO_SPACE_RSEG,3868,108,293
1787559321.517,2026-08-24 08:15:21.521,InnoDB,UNDO_SPACE_RSEG,3771,106,275
1787559321.517,2026-08-24 08:15:21.521,InnoDB,UNDO_SPACE_RSEG,3500,103,266
1787559321.517,2026-08-24 08:15:21.521,InnoDB,UNDO_SPACE_RSEG,3516,102,240
1787559321.517,2026-08-24 08:15:21.521,InnoDB,UNDO_SPACE_RSEG,3573,101,275
1787559321.517,2026-08-24 08:15:21.521,InnoDB,UNDO_SPACE_RSEG,3480,100,274
1787559321.517,2026-08-24 08:15:21.521,InnoDB,UNDO_SPACE_RSEG,3415,100,255
1787559321.517,2026-08-24 08:15:21.521,InnoDB,UNDO_SPACE_RSEG,3533,99,266
1787559321.517,2026-08-24 08:15:21.521,InnoDB,UNDO_SPACE_RSEG,3503,97,262
1787559321.517,2026-08-24 08:15:21.521,InnoDB,UNDO_SPACE_RSEG,3349,96,268
1787559321.517,2026-08-24 08:15:21.521,InnoDB,UNDO_SPACE_RSEG,3291,93,258
1787559321.517,2026-08-24 08:15:21.521,InnoDB,UNDO_SPACE_RSEG,3271,93,252
1787559321.517,2026-08-24 08:15:21.521,InnoDB,UNDO_SPACE_RSEG,3120,88,246
1787559321.517,2026-08-24 08:15:21.521,InnoDB,UNDO_SPACE_RSEG,3147,87,245
1787559321.517,2026-08-24 08:15:21.521,InnoDB,UNDO_SPACE_RSEG,3234,87,246
1787559321.517,2026-08-24 08:15:21.521,InnoDB,UNDO_SPACE_RSEG,3051,86,252
1787559321.517,2026-08-24 08:15:21.521,InnoDB,UNDO_SPACE_RSEG,3027,84,276
1787559321.517,2026-08-24 08:15:21.521,InnoDB,UNDO_SPACE_RSEG,3105,83,267
1787559321.517,2026-08-24 08:15:21.521,InnoDB,UNDO_SPACE_RSEG,2907,81,272
1787559321.517,2026-08-24 08:15:21.521,InnoDB,UNDO_SPACE_RSEG,2953,81,264
1787559321.517,2026-08-24 08:15:21.521,InnoDB,UNDO_SPACE_RSEG,2915,81,246
1787559321.517,2026-08-24 08:15:21.521,InnoDB,UNDO_SPACE_RSEG,2788,79,251
1787559321.517,2026-08-24 08:15:21.521,InnoDB,UNDO_SPACE_RSEG,2966,79,267
1787559321.517,2026-08-24 08:15:21.521,InnoDB,UNDO_SPACE_RSEG,2812,76,287
1787559321.517,2026-08-24 08:15:21.521,InnoDB,UNDO_SPACE_RSEG,2613,75,218
1787559321.517,2026-08-24 08:15:21.521,InnoDB,UNDO_SPACE_RSEG,2553,72,237
1787559321.517,2026-08-24 08:15:21.521,InnoDB,UNDO_SPACE_RSEG,2696,71,241
1787559321.517,2026-08-24 08:15:21.521,InnoDB,UNDO_SPACE_RSEG,2528,68,267
1787559321.517,2026-08-24 08:15:21.521,InnoDB,UNDO_SPACE_RSEG,2584,67,264
1787559321.517,2026-08-24 08:15:21.521,InnoDB,UNDO_SPACE_RSEG,2500,65,282
1787559321.517,2026-08-24 08:15:21.521,InnoDB,UNDO_SPACE_RSEG,2331,59,236
1787559321.517,2026-08-24 08:15:21.521,InnoDB,UNDO_SPACE_RSEG,2094,53,250
1787559321.517,2026-08-24 08:15:21.521,InnoDB,SRV_SYS_TASKS,378384,45,378953
1787559321.517,2026-08-24 08:15:21.521,InnoDB,FIL_SHARD,8630,40,9357
1787559321.517,2026-08-24 08:15:21.521,InnoDB,UNDO_SPACE_RSEG,1562,36,234
1787559321.517,2026-08-24 08:15:21.521,InnoDB,TRX_POOL,598,18,42
1787559321.517,2026-08-24 08:15:21.521,InnoDB,DICT_TABLE_STATS_COMPUTE,450,15,5
1787559321.517,2026-08-24 08:15:21.521,InnoDB,LOCK_SYS_PAGE,642,11,258
1787559321.517,2026-08-24 08:15:21.521,InnoDB,LOCK_SYS_PAGE,549,9,227
1787559321.517,2026-08-24 08:15:21.521,InnoDB,LOCK_SYS_PAGE,690,9,330
1787559321.517,2026-08-24 08:15:21.521,InnoDB,LOCK_SYS_PAGE,607,9,274
1787559321.517,2026-08-24 08:15:21.521,InnoDB,LOCK_SYS_PAGE,688,9,267
1787559321.517,2026-08-24 08:15:21.521,InnoDB,LOCK_SYS_PAGE,668,9,275
1787559321.517,2026-08-24 08:15:21.521,InnoDB,LOCK_SYS_PAGE,591,9,292
1787559321.517,2026-08-24 08:15:21.521,InnoDB,LOCK_SYS_PAGE,572,9,248
1787559321.517,2026-08-24 08:15:21.521,InnoDB,LOCK_SYS_PAGE,585,9,300
1787559321.517,2026-08-24 08:15:21.521,InnoDB,LOCK_SYS_PAGE,622,9,264
1787559321.517,2026-08-24 08:15:21.521,InnoDB,LOCK_SYS_PAGE,601,8,275
1787559321.517,2026-08-24 08:15:21.521,InnoDB,LOCK_SYS_PAGE,587,8,239
1787559321.517,2026-08-24 08:15:21.521,InnoDB,LOCK_SYS_PAGE,574,8,287
1787559321.517,2026-08-24 08:15:21.521,InnoDB,LOCK_SYS_PAGE,576,8,285
1787559321.517,2026-08-24 08:15:21.521,InnoDB,LOCK_SYS_PAGE,569,8,250
1787559321.517,2026-08-24 08:15:21.521,InnoDB,LOCK_SYS_PAGE,645,8,322
1787559321.517,2026-08-24 08:15:21.521,InnoDB,LOCK_SYS_PAGE,490,8,245
1787559321.517,2026-08-24 08:15:21.521,InnoDB,LOCK_SYS_PAGE,489,8,237
1787559321.517,2026-08-24 08:15:21.521,InnoDB,LOCK_SYS_PAGE,496,7,218
1787559321.517,2026-08-24 08:15:21.521,InnoDB,LOCK_SYS_PAGE,478,7,240
1787559321.517,2026-08-24 08:15:21.521,InnoDB,LOCK_SYS_PAGE,554,7,236
1787559321.517,2026-08-24 08:15:21.521,InnoDB,LOCK_SYS_PAGE,496,7,280
1787559321.517,2026-08-24 08:15:21.521,InnoDB,LOCK_SYS_PAGE,566,7,305
1787559321.517,2026-08-24 08:15:21.521,InnoDB,LOCK_SYS_PAGE,505,7,253
1787559321.517,2026-08-24 08:15:21.521,InnoDB,LOCK_SYS_PAGE,668,7,325
1787559321.517,2026-08-24 08:15:21.521,InnoDB,LOCK_SYS_PAGE,616,7,295
1787559321.517,2026-08-24 08:15:21.521,InnoDB,LOCK_SYS_PAGE,506,7,265
1787559321.517,2026-08-24 08:15:21.521,InnoDB,LOCK_SYS_PAGE,454,7,272
1787559321.517,2026-08-24 08:15:21.521,InnoDB,LOCK_SYS_PAGE,629,7,295
1787559321.517,2026-08-24 08:15:21.521,InnoDB,LOCK_SYS_PAGE,505,7,232
1787559321.517,2026-08-24 08:15:21.521,InnoDB,LOCK_SYS_PAGE,458,7,236
1787559321.517,2026-08-24 08:15:21.521,InnoDB,LOCK_SYS_PAGE,554,7,238
1787559321.517,2026-08-24 08:15:21.521,InnoDB,LOCK_SYS_PAGE,466,7,219
1787559321.517,2026-08-24 08:15:21.521,InnoDB,LOCK_SYS_PAGE,488,7,245
1787559321.517,2026-08-24 08:15:21.521,InnoDB,LOCK_SYS_PAGE,599,7,281
1787559321.517,2026-08-24 08:15:21.521,InnoDB,LOCK_SYS_PAGE,526,7,260
1787559321.517,2026-08-24 08:15:21.521,InnoDB,LOCK_SYS_PAGE,567,7,297
1787559321.517,2026-08-24 08:15:21.521,InnoDB,LOCK_SYS_PAGE,631,7,295
1787559321.517,2026-08-24 08:15:21.521,InnoDB,LOCK_SYS_PAGE,528,7,274
1787559321.517,2026-08-24 08:15:21.521,InnoDB,LOCK_SYS_PAGE,563,7,298
1787559321.517,2026-08-24 08:15:21.521,InnoDB,LOCK_SYS_PAGE,590,7,278
1787559321.517,2026-08-24 08:15:21.521,InnoDB,LOCK_SYS_PAGE,503,7,234
1787559321.517,2026-08-24 08:15:21.521,InnoDB,LOCK_SYS_PAGE,480,7,228
1787559321.517,2026-08-24 08:15:21.521,InnoDB,LOCK_SYS_PAGE,613,7,273
1787559321.517,2026-08-24 08:15:21.521,InnoDB,LOCK_SYS_PAGE,492,7,234
1787559321.517,2026-08-24 08:15:21.521,InnoDB,LOCK_SYS_PAGE,493,7,283
1787559321.517,2026-08-24 08:15:21.521,InnoDB,LOCK_SYS_PAGE,612,7,291
1787559321.517,2026-08-24 08:15:21.521,InnoDB,LOCK_SYS_PAGE,478,7,242
1787559321.517,2026-08-24 08:15:21.521,InnoDB,LOCK_SYS_PAGE,575,7,330
1787559321.517,2026-08-24 08:15:21.521,InnoDB,LOCK_SYS_PAGE,538,7,286
1787559321.517,2026-08-24 08:15:21.521,InnoDB,LOCK_SYS_PAGE,467,6,222
1787559321.517,2026-08-24 08:15:21.521,InnoDB,LOCK_SYS_PAGE,517,6,284
1787559321.517,2026-08-24 08:15:21.521,InnoDB,LOCK_SYS_PAGE,507,6,229
1787559321.517,2026-08-24 08:15:21.521,InnoDB,LOCK_SYS_PAGE,551,6,283
1787559321.517,2026-08-24 08:15:21.521,InnoDB,LOCK_SYS_PAGE,578,6,277
1787559321.517,2026-08-24 08:15:21.521,InnoDB,LOCK_SYS_PAGE,494,6,247
1787559321.517,2026-08-24 08:15:21.521,InnoDB,LOCK_SYS_PAGE,486,6,296
1787559321.517,2026-08-24 08:15:21.521,InnoDB,LOCK_SYS_PAGE,426,6,212
1787559321.517,2026-08-24 08:15:21.521,InnoDB,LOCK_SYS_PAGE,468,6,234
1787559321.517,2026-08-24 08:15:21.521,InnoDB,LOCK_SYS_PAGE,937,6,354
1787559321.517,2026-08-24 08:15:21.521,InnoDB,LOCK_SYS_PAGE,534,6,303
1787559321.517,2026-08-24 08:15:21.521,InnoDB,LOCK_SYS_PAGE,446,6,240
1787559321.517,2026-08-24 08:15:21.521,InnoDB,LOCK_SYS_PAGE,577,6,344
1787559321.517,2026-08-24 08:15:21.521,InnoDB,LOCK_SYS_PAGE,553,6,268
1787559321.517,2026-08-24 08:15:21.521,InnoDB,LOCK_SYS_PAGE,471,6,248
1787559321.517,2026-08-24 08:15:21.521,InnoDB,LOCK_SYS_PAGE,443,6,258
1787559321.517,2026-08-24 08:15:21.521,InnoDB,LOCK_SYS_PAGE,531,6,301
1787559321.517,2026-08-24 08:15:21.521,InnoDB,LOCK_SYS_PAGE,526,6,274
1787559321.517,2026-08-24 08:15:21.521,InnoDB,LOCK_SYS_PAGE,526,6,274
1787559321.517,2026-08-24 08:15:21.521,InnoDB,LOCK_SYS_PAGE,442,6,237
1787559321.517,2026-08-24 08:15:21.521,InnoDB,LOCK_SYS_PAGE,477,6,275
1787559321.517,2026-08-24 08:15:21.521,InnoDB,LOCK_SYS_PAGE,482,6,214
1787559321.517,2026-08-24 08:15:21.521,InnoDB,LOCK_SYS_PAGE,470,6,279
1787559321.517,2026-08-24 08:15:21.521,InnoDB,LOCK_SYS_PAGE,490,6,288
1787559321.517,2026-08-24 08:15:21.521,InnoDB,LOCK_SYS_PAGE,459,6,209
1787559321.517,2026-08-24 08:15:21.521,InnoDB,LOCK_SYS_PAGE,529,6,310
1787559321.517,2026-08-24 08:15:21.521,InnoDB,LOCK_SYS_PAGE,430,6,238
1787559321.517,2026-08-24 08:15:21.521,InnoDB,LOCK_SYS_PAGE,537,6,278
1787559321.517,2026-08-24 08:15:21.521,InnoDB,LOCK_SYS_PAGE,479,6,222
1787559321.517,2026-08-24 08:15:21.521,InnoDB,LOCK_SYS_PAGE,499,6,262
1787559321.517,2026-08-24 08:15:21.521,InnoDB,LOCK_SYS_PAGE,483,6,255
1787559321.517,2026-08-24 08:15:21.521,InnoDB,LOCK_SYS_PAGE,494,6,257
1787559321.517,2026-08-24 08:15:21.521,InnoDB,LOCK_SYS_PAGE,493,6,280
1787559321.517,2026-08-24 08:15:21.521,InnoDB,LOCK_SYS_PAGE,537,6,255
1787559321.517,2026-08-24 08:15:21.521,InnoDB,LOCK_SYS_PAGE,499,6,282
1787559321.517,2026-08-24 08:15:21.521,InnoDB,LOCK_SYS_PAGE,489,6,286
1787559321.517,2026-08-24 08:15:21.521,InnoDB,LOCK_SYS_PAGE,505,6,278
1787559321.517,2026-08-24 08:15:21.521,InnoDB,LOCK_SYS_PAGE,502,6,244
1787559321.517,2026-08-24 08:15:21.521,InnoDB,LOCK_SYS_PAGE,518,6,221
1787559321.517,2026-08-24 08:15:21.521,InnoDB,LOCK_SYS_PAGE,400,6,201
1787559321.517,2026-08-24 08:15:21.521,InnoDB,LOCK_SYS_PAGE,477,6,283
1787559321.517,2026-08-24 08:15:21.521,InnoDB,LOCK_SYS_PAGE,428,6,217
1787559321.517,2026-08-24 08:15:21.521,InnoDB,LOCK_SYS_PAGE,487,6,256
1787559321.517,2026-08-24 08:15:21.521,InnoDB,LOCK_SYS_PAGE,477,6,221
1787559321.517,2026-08-24 08:15:21.521,InnoDB,LOCK_SYS_PAGE,524,6,264
1787559321.517,2026-08-24 08:15:21.521,InnoDB,LOCK_SYS_PAGE,622,6,313
1787559321.517,2026-08-24 08:15:21.521,InnoDB,LOCK_SYS_PAGE,553,6,324
1787559321.517,2026-08-24 08:15:21.521,InnoDB,LOCK_SYS_PAGE,469,6,211
1787559321.517,2026-08-24 08:15:21.521,InnoDB,LOCK_SYS_PAGE,382,5,209
1787559321.517,2026-08-24 08:15:21.521,InnoDB,LOCK_SYS_PAGE,479,5,254
1787559321.517,2026-08-24 08:15:21.521,InnoDB,LOCK_SYS_PAGE,488,5,275
1787559321.517,2026-08-24 08:15:21.521,InnoDB,DICT_TABLE_STATS_COMPUTE,152,5,3
1787559321.517,2026-08-24 08:15:21.521,InnoDB,LOCK_SYS_PAGE,482,5,281
1787559321.517,2026-08-24 08:15:21.521,InnoDB,LOCK_SYS_PAGE,429,5,234
1787559321.517,2026-08-24 08:15:21.521,InnoDB,LOCK_SYS_PAGE,466,5,275
1787559321.517,2026-08-24 08:15:21.521,InnoDB,LOCK_SYS_PAGE,461,5,281
1787559321.517,2026-08-24 08:15:21.521,InnoDB,LOCK_SYS_PAGE,468,5,278
1787559321.517,2026-08-24 08:15:21.521,InnoDB,LOCK_SYS_PAGE,415,5,245
1787559321.517,2026-08-24 08:15:21.521,InnoDB,LOCK_SYS_PAGE,444,5,231
1787559321.517,2026-08-24 08:15:21.521,InnoDB,LOCK_SYS_PAGE,515,5,304
1787559321.517,2026-08-24 08:15:21.521,InnoDB,LOCK_SYS_PAGE,428,5,235
1787559321.517,2026-08-24 08:15:21.521,InnoDB,LOCK_SYS_PAGE,408,5,246
1787559321.517,2026-08-24 08:15:21.521,InnoDB,LOCK_SYS_PAGE,477,5,289
1787559321.517,2026-08-24 08:15:21.521,InnoDB,LOCK_SYS_PAGE,403,5,239
1787559321.517,2026-08-24 08:15:21.521,InnoDB,LOCK_SYS_PAGE,453,5,277
1787559321.517,2026-08-24 08:15:21.521,InnoDB,LOCK_SYS_PAGE,481,5,257
1787559321.517,2026-08-24 08:15:21.521,InnoDB,LOCK_SYS_PAGE,380,5,210
1787559321.517,2026-08-24 08:15:21.521,InnoDB,LOCK_SYS_PAGE,476,5,268
1787559321.517,2026-08-24 08:15:21.521,InnoDB,LOCK_SYS_PAGE,551,5,297
1787559321.517,2026-08-24 08:15:21.521,InnoDB,LOCK_SYS_PAGE,516,5,280
1787559321.517,2026-08-24 08:15:21.521,InnoDB,LOCK_SYS_PAGE,482,5,235
1787559321.517,2026-08-24 08:15:21.521,InnoDB,LOCK_SYS_PAGE,1045,5,386
1787559321.517,2026-08-24 08:15:21.521,InnoDB,LOCK_SYS_PAGE,561,5,286
1787559321.517,2026-08-24 08:15:21.521,InnoDB,LOCK_SYS_PAGE,452,5,275
1787559321.517,2026-08-24 08:15:21.521,InnoDB,LOCK_SYS_PAGE,476,5,278
1787559321.517,2026-08-24 08:15:21.521,InnoDB,PARSER,256,5,8
1787559321.517,2026-08-24 08:15:21.521,InnoDB,LOCK_SYS_PAGE,495,5,309
1787559321.517,2026-08-24 08:15:21.521,InnoDB,LOCK_SYS_PAGE,420,5,275
1787559321.517,2026-08-24 08:15:21.521,InnoDB,LOCK_SYS_PAGE,444,5,250
1787559321.517,2026-08-24 08:15:21.521,InnoDB,LOCK_SYS_PAGE,504,5,246
1787559321.517,2026-08-24 08:15:21.521,InnoDB,LOCK_SYS_PAGE,454,5,231
1787559321.517,2026-08-24 08:15:21.521,InnoDB,LOCK_SYS_PAGE,424,5,225
1787559321.517,2026-08-24 08:15:21.521,InnoDB,LOCK_SYS_PAGE,507,5,274
1787559321.517,2026-08-24 08:15:21.521,InnoDB,LOCK_SYS_PAGE,451,5,245
1787559321.517,2026-08-24 08:15:21.521,InnoDB,LOCK_SYS_PAGE,558,5,287
1787559321.517,2026-08-24 08:15:21.521,InnoDB,LOCK_SYS_PAGE,457,5,257
1787559321.517,2026-08-24 08:15:21.521,InnoDB,LOCK_SYS_PAGE,433,5,232
1787559321.517,2026-08-24 08:15:21.521,InnoDB,LOCK_SYS_PAGE,465,5,226
1787559321.517,2026-08-24 08:15:21.521,InnoDB,LOCK_SYS_PAGE,431,5,239
1787559321.517,2026-08-24 08:15:21.521,InnoDB,LOCK_SYS_PAGE,435,5,273
1787559321.517,2026-08-24 08:15:21.521,InnoDB,LOCK_SYS_PAGE,466,5,291
1787559321.517,2026-08-24 08:15:21.521,InnoDB,LOCK_SYS_PAGE,397,5,212
1787559321.517,2026-08-24 08:15:21.521,InnoDB,LOCK_SYS_PAGE,444,5,224
1787559321.517,2026-08-24 08:15:21.521,InnoDB,LOCK_SYS_PAGE,433,5,289
1787559321.517,2026-08-24 08:15:21.521,InnoDB,LOCK_SYS_PAGE,416,5,242
1787559321.517,2026-08-24 08:15:21.521,InnoDB,LOCK_SYS_PAGE,409,5,247
1787559321.517,2026-08-24 08:15:21.521,InnoDB,LOCK_SYS_PAGE,448,5,242
1787559321.517,2026-08-24 08:15:21.521,InnoDB,LOCK_SYS_PAGE,454,5,260
1787559321.517,2026-08-24 08:15:21.521,InnoDB,LOCK_SYS_PAGE,508,5,265
1787559321.517,2026-08-24 08:15:21.521,InnoDB,LOCK_SYS_PAGE,509,5,249
1787559321.517,2026-08-24 08:15:21.521,InnoDB,LOCK_SYS_PAGE,449,5,227
1787559321.517,2026-08-24 08:15:21.521,InnoDB,LOCK_SYS_PAGE,486,5,275
1787559321.517,2026-08-24 08:15:21.521,InnoDB,LOCK_SYS_PAGE,560,5,290
1787559321.517,2026-08-24 08:15:21.521,InnoDB,LOCK_SYS_PAGE,439,5,226
1787559321.517,2026-08-24 08:15:21.521,InnoDB,LOCK_SYS_PAGE,981,5,346
1787559321.517,2026-08-24 08:15:21.521,InnoDB,LOCK_SYS_PAGE,452,5,298
1787559321.517,2026-08-24 08:15:21.521,InnoDB,LOCK_SYS_PAGE,446,5,226
1787559321.517,2026-08-24 08:15:21.521,InnoDB,LOCK_SYS_PAGE,433,5,245
1787559321.517,2026-08-24 08:15:21.521,InnoDB,LOCK_SYS_PAGE,376,5,227
1787559321.517,2026-08-24 08:15:21.521,InnoDB,LOCK_SYS_PAGE,455,5,266
1787559321.517,2026-08-24 08:15:21.521,InnoDB,LOCK_SYS_PAGE,503,5,282
1787559321.517,2026-08-24 08:15:21.521,InnoDB,LOCK_SYS_PAGE,406,5,237
1787559321.517,2026-08-24 08:15:21.521,InnoDB,LOCK_SYS_PAGE,489,5,311
1787559321.517,2026-08-24 08:15:21.521,InnoDB,LOCK_SYS_PAGE,441,5,246
1787559321.517,2026-08-24 08:15:21.521,InnoDB,LOCK_SYS_PAGE,409,4,278
1787559321.517,2026-08-24 08:15:21.521,InnoDB,LOCK_SYS_PAGE,440,4,290
1787559321.517,2026-08-24 08:15:21.521,InnoDB,LOCK_SYS_PAGE,548,4,303
1787559321.517,2026-08-24 08:15:21.521,InnoDB,LOCK_SYS_PAGE,415,4,252
1787559321.517,2026-08-24 08:15:21.521,InnoDB,LOCK_SYS_PAGE,382,4,200
1787559321.517,2026-08-24 08:15:21.521,InnoDB,LOCK_SYS_PAGE,392,4,220
1787559321.517,2026-08-24 08:15:21.521,InnoDB,LOCK_SYS_PAGE,437,4,281
1787559321.517,2026-08-24 08:15:21.521,InnoDB,LOCK_SYS_PAGE,445,4,235
1787559321.517,2026-08-24 08:15:21.521,InnoDB,LOCK_SYS_PAGE,439,4,235
1787559321.517,2026-08-24 08:15:21.521,InnoDB,LOCK_SYS_PAGE,370,4,240
1787559321.517,2026-08-24 08:15:21.521,InnoDB,LOCK_SYS_PAGE,418,4,279
1787559321.517,2026-08-24 08:15:21.521,InnoDB,LOCK_SYS_PAGE,412,4,247
1787559321.517,2026-08-24 08:15:21.521,InnoDB,LOCK_SYS_PAGE,561,4,314
1787559321.517,2026-08-24 08:15:21.521,InnoDB,LOCK_SYS_PAGE,439,4,262
1787559321.517,2026-08-24 08:15:21.521,InnoDB,LOCK_SYS_PAGE,414,4,247
1787559321.517,2026-08-24 08:15:21.521,InnoDB,LOCK_SYS_PAGE,507,4,262
1787559321.517,2026-08-24 08:15:21.521,InnoDB,LOCK_SYS_PAGE,476,4,290
1787559321.517,2026-08-24 08:15:21.521,InnoDB,LOCK_SYS_PAGE,461,4,245
1787559321.517,2026-08-24 08:15:21.521,InnoDB,LOCK_SYS_PAGE,507,4,271
1787559321.517,2026-08-24 08:15:21.521,InnoDB,LOCK_SYS_PAGE,446,4,250
1787559321.517,2026-08-24 08:15:21.521,InnoDB,LOCK_SYS_PAGE,360,4,207
1787559321.517,2026-08-24 08:15:21.521,InnoDB,LOCK_SYS_PAGE,455,4,259
1787559321.517,2026-08-24 08:15:21.521,InnoDB,LOCK_SYS_PAGE,422,4,264
1787559321.517,2026-08-24 08:15:21.521,InnoDB,LOCK_SYS_PAGE,458,4,256
1787559321.517,2026-08-24 08:15:21.521,InnoDB,LOCK_SYS_PAGE,364,4,215
1787559321.517,2026-08-24 08:15:21.521,InnoDB,LOCK_SYS_PAGE,441,4,300
1787559321.517,2026-08-24 08:15:21.521,InnoDB,LOCK_SYS_PAGE,438,4,282
1787559321.517,2026-08-24 08:15:21.521,InnoDB,LOCK_SYS_PAGE,452,4,292
1787559321.517,2026-08-24 08:15:21.521,InnoDB,LOCK_SYS_PAGE,485,4,268
1787559321.517,2026-08-24 08:15:21.521,InnoDB,LOCK_SYS_PAGE,451,4,288
1787559321.517,2026-08-24 08:15:21.521,InnoDB,LOCK_SYS_PAGE,437,4,298
1787559321.517,2026-08-24 08:15:21.521,InnoDB,LOCK_SYS_PAGE,478,4,320
1787559321.517,2026-08-24 08:15:21.521,InnoDB,LOCK_SYS_PAGE,504,4,279
1787559321.517,2026-08-24 08:15:21.521,InnoDB,LOCK_SYS_PAGE,485,4,272
1787559321.517,2026-08-24 08:15:21.521,InnoDB,LOCK_SYS_PAGE,515,4,253
1787559321.517,2026-08-24 08:15:21.521,InnoDB,LOCK_SYS_PAGE,493,4,282
1787559321.517,2026-08-24 08:15:21.521,InnoDB,LOCK_SYS_PAGE,418,4,228
1787559321.517,2026-08-24 08:15:21.521,InnoDB,LOCK_SYS_PAGE,371,4,252
1787559321.517,2026-08-24 08:15:21.521,InnoDB,LOCK_SYS_PAGE,393,4,236
1787559321.517,2026-08-24 08:15:21.521,InnoDB,LOCK_SYS_PAGE,410,4,260
1787559321.517,2026-08-24 08:15:21.521,InnoDB,LOCK_SYS_PAGE,374,4,248
1787559321.517,2026-08-24 08:15:21.521,InnoDB,LOCK_SYS_PAGE,382,4,233
1787559321.517,2026-08-24 08:15:21.521,InnoDB,LOCK_SYS_PAGE,427,4,235
1787559321.517,2026-08-24 08:15:21.521,InnoDB,LOCK_SYS_PAGE,408,4,265
1787559321.517,2026-08-24 08:15:21.521,InnoDB,LOCK_SYS_PAGE,386,4,231
1787559321.517,2026-08-24 08:15:21.521,InnoDB,LOCK_SYS_PAGE,420,4,249
1787559321.517,2026-08-24 08:15:21.521,InnoDB,LOCK_SYS_PAGE,397,4,210
1787559321.517,2026-08-24 08:15:21.521,InnoDB,LOCK_SYS_PAGE,434,4,250
1787559321.517,2026-08-24 08:15:21.521,InnoDB,LOCK_SYS_PAGE,384,4,225
1787559321.517,2026-08-24 08:15:21.521,InnoDB,LOCK_SYS_PAGE,433,4,284
1787559321.517,2026-08-24 08:15:21.521,InnoDB,LOCK_SYS_PAGE,417,4,291
1787559321.517,2026-08-24 08:15:21.521,InnoDB,LOCK_SYS_PAGE,431,4,238
1787559321.517,2026-08-24 08:15:21.521,InnoDB,LOCK_SYS_PAGE,336,4,226
1787559321.517,2026-08-24 08:15:21.521,InnoDB,LOCK_SYS_PAGE,422,4,247
1787559321.517,2026-08-24 08:15:21.521,InnoDB,LOCK_SYS_PAGE,449,4,236
1787559321.517,2026-08-24 08:15:21.521,InnoDB,LOCK_SYS_PAGE,475,4,256
1787559321.517,2026-08-24 08:15:21.521,InnoDB,LOCK_SYS_PAGE,388,4,235
1787559321.517,2026-08-24 08:15:21.521,InnoDB,LOCK_SYS_PAGE,392,4,252
1787559321.517,2026-08-24 08:15:21.521,InnoDB,LOCK_SYS_PAGE,463,4,290
1787559321.517,2026-08-24 08:15:21.521,InnoDB,LOCK_SYS_PAGE,479,4,305
1787559321.517,2026-08-24 08:15:21.521,InnoDB,LOCK_SYS_PAGE,453,4,310
1787559321.517,2026-08-24 08:15:21.521,InnoDB,LOCK_SYS_PAGE,474,4,254
1787559321.517,2026-08-24 08:15:21.521,InnoDB,LOCK_SYS_PAGE,578,4,254
1787559321.517,2026-08-24 08:15:21.521,InnoDB,LOCK_SYS_PAGE,417,4,253
1787559321.517,2026-08-24 08:15:21.521,InnoDB,LOCK_SYS_PAGE,342,4,214
1787559321.517,2026-08-24 08:15:21.521,InnoDB,LOCK_SYS_PAGE,378,4,251
1787559321.517,2026-08-24 08:15:21.521,InnoDB,LOCK_SYS_PAGE,451,4,252
1787559321.517,2026-08-24 08:15:21.521,InnoDB,LOCK_SYS_PAGE,495,4,316
1787559321.517,2026-08-24 08:15:21.521,InnoDB,LOCK_SYS_PAGE,394,4,221
1787559321.517,2026-08-24 08:15:21.521,InnoDB,LOCK_SYS_PAGE,408,4,238
1787559321.517,2026-08-24 08:15:21.521,InnoDB,LOCK_SYS_PAGE,450,4,236
1787559321.517,2026-08-24 08:15:21.521,InnoDB,LOCK_SYS_PAGE,482,4,283
1787559321.517,2026-08-24 08:15:21.521,InnoDB,LOCK_SYS_PAGE,388,4,235
1787559321.517,2026-08-24 08:15:21.521,InnoDB,LOCK_SYS_PAGE,458,4,271
1787559321.517,2026-08-24 08:15:21.521,InnoDB,LOCK_SYS_PAGE,363,4,199
1787559321.517,2026-08-24 08:15:21.521,InnoDB,LOCK_SYS_PAGE,319,4,204
1787559321.517,2026-08-24 08:15:21.521,InnoDB,LOCK_SYS_PAGE,380,4,219
1787559321.517,2026-08-24 08:15:21.521,InnoDB,LOCK_SYS_PAGE,451,4,288
1787559321.517,2026-08-24 08:15:21.521,InnoDB,LOCK_SYS_PAGE,529,4,316
1787559321.517,2026-08-24 08:15:21.521,InnoDB,LOCK_SYS_PAGE,439,4,292
1787559321.517,2026-08-24 08:15:21.521,InnoDB,LOCK_SYS_PAGE,441,4,236
1787559321.517,2026-08-24 08:15:21.521,InnoDB,LOCK_SYS_PAGE,471,4,301
1787559321.517,2026-08-24 08:15:21.521,InnoDB,LOCK_SYS_PAGE,369,4,256
1787559321.517,2026-08-24 08:15:21.521,InnoDB,LOCK_SYS_PAGE,466,4,283
1787559321.517,2026-08-24 08:15:21.521,InnoDB,LOCK_SYS_PAGE,418,4,237
1787559321.517,2026-08-24 08:15:21.521,InnoDB,LOCK_SYS_PAGE,592,4,282
1787559321.517,2026-08-24 08:15:21.521,InnoDB,LOCK_SYS_PAGE,456,4,256
1787559321.517,2026-08-24 08:15:21.521,InnoDB,LOCK_SYS_PAGE,351,4,200
1787559321.517,2026-08-24 08:15:21.521,InnoDB,LOCK_SYS_PAGE,491,4,311
1787559321.517,2026-08-24 08:15:21.521,InnoDB,LOCK_SYS_PAGE,443,4,255
1787559321.517,2026-08-24 08:15:21.521,InnoDB,LOCK_SYS_PAGE,390,4,263
1787559321.517,2026-08-24 08:15:21.521,InnoDB,LOCK_SYS_PAGE,472,4,274
1787559321.517,2026-08-24 08:15:21.521,InnoDB,LOCK_SYS_PAGE,422,4,258
1787559321.517,2026-08-24 08:15:21.521,InnoDB,LOCK_SYS_PAGE,476,4,293
1787559321.517,2026-08-24 08:15:21.521,InnoDB,LOCK_SYS_PAGE,371,3,242
1787559321.517,2026-08-24 08:15:21.521,InnoDB,LOCK_SYS_PAGE,372,3,259
1787559321.517,2026-08-24 08:15:21.521,InnoDB,LOCK_SYS_PAGE,395,3,292
1787559321.517,2026-08-24 08:15:21.521,InnoDB,LOCK_SYS_PAGE,371,3,277
1787559321.517,2026-08-24 08:15:21.521,InnoDB,LOCK_SYS_PAGE,416,3,275
1787559321.517,2026-08-24 08:15:21.521,InnoDB,LOCK_SYS_PAGE,319,3,216
1787559321.517,2026-08-24 08:15:21.521,InnoDB,LOCK_SYS_PAGE,368,3,257
1787559321.517,2026-08-24 08:15:21.521,InnoDB,LOCK_SYS_PAGE,408,3,240
1787559321.517,2026-08-24 08:15:21.521,InnoDB,LOCK_SYS_PAGE,374,3,231
1787559321.517,2026-08-24 08:15:21.521,InnoDB,LOCK_SYS_PAGE,370,3,241
1787559321.517,2026-08-24 08:15:21.521,InnoDB,LOCK_SYS_PAGE,453,3,297
1787559321.517,2026-08-24 08:15:21.521,InnoDB,LOCK_SYS_PAGE,484,3,292
1787559321.517,2026-08-24 08:15:21.521,InnoDB,LOCK_SYS_PAGE,407,3,252
1787559321.517,2026-08-24 08:15:21.521,InnoDB,LOCK_SYS_PAGE,440,3,238
1787559321.517,2026-08-24 08:15:21.521,InnoDB,LOCK_SYS_PAGE,383,3,244
1787559321.517,2026-08-24 08:15:21.521,InnoDB,LOCK_SYS_PAGE,462,3,291
1787559321.517,2026-08-24 08:15:21.521,InnoDB,LOCK_SYS_PAGE,407,3,273
1787559321.517,2026-08-24 08:15:21.521,InnoDB,LOCK_SYS_PAGE,484,3,354
1787559321.517,2026-08-24 08:15:21.521,InnoDB,LOCK_SYS_PAGE,337,3,227
1787559321.517,2026-08-24 08:15:21.521,InnoDB,LOCK_SYS_PAGE,480,3,278
1787559321.517,2026-08-24 08:15:21.521,InnoDB,LOCK_SYS_PAGE,396,3,233
1787559321.517,2026-08-24 08:15:21.521,InnoDB,LOCK_SYS_PAGE,367,3,237
1787559321.517,2026-08-24 08:15:21.521,InnoDB,LOCK_SYS_PAGE,478,3,262
1787559321.517,2026-08-24 08:15:21.521,InnoDB,LOCK_SYS_PAGE,346,3,257
1787559321.517,2026-08-24 08:15:21.521,InnoDB,LOCK_SYS_PAGE,381,3,215
1787559321.517,2026-08-24 08:15:21.521,InnoDB,LOCK_SYS_PAGE,441,3,301
1787559321.517,2026-08-24 08:15:21.521,InnoDB,LOCK_SYS_PAGE,372,3,268
1787559321.517,2026-08-24 08:15:21.521,InnoDB,LOCK_SYS_PAGE,395,3,307
1787559321.517,2026-08-24 08:15:21.521,InnoDB,LOCK_SYS_PAGE,355,3,272
1787559321.517,2026-08-24 08:15:21.521,InnoDB,LOCK_SYS_PAGE,429,3,256
1787559321.517,2026-08-24 08:15:21.521,InnoDB,LOCK_SYS_PAGE,463,3,306
1787559321.517,2026-08-24 08:15:21.521,InnoDB,LOCK_SYS_PAGE,457,3,333
1787559321.517,2026-08-24 08:15:21.521,InnoDB,LOCK_SYS_PAGE,366,3,256
1787559321.517,2026-08-24 08:15:21.521,InnoDB,LOCK_SYS_PAGE,382,3,233
1787559321.517,2026-08-24 08:15:21.521,InnoDB,LOCK_SYS_PAGE,458,3,301
1787559321.517,2026-08-24 08:15:21.521,InnoDB,LOCK_SYS_PAGE,318,3,207
1787559321.517,2026-08-24 08:15:21.521,InnoDB,LOCK_SYS_PAGE,373,3,219
1787559321.517,2026-08-24 08:15:21.521,InnoDB,LOCK_SYS_PAGE,362,3,262
1787559321.517,2026-08-24 08:15:21.521,InnoDB,LOCK_SYS_PAGE,409,3,247
1787559321.517,2026-08-24 08:15:21.521,InnoDB,LOCK_SYS_PAGE,439,3,232
1787559321.517,2026-08-24 08:15:21.521,InnoDB,LOCK_SYS_PAGE,435,3,295
1787559321.517,2026-08-24 08:15:21.521,InnoDB,LOCK_SYS_PAGE,451,3,329
1787559321.517,2026-08-24 08:15:21.521,InnoDB,LOCK_SYS_PAGE,345,3,260
1787559321.517,2026-08-24 08:15:21.521,InnoDB,LOCK_SYS_PAGE,328,3,229
1787559321.517,2026-08-24 08:15:21.521,InnoDB,LOCK_SYS_PAGE,404,3,267
1787559321.517,2026-08-24 08:15:21.521,InnoDB,LOCK_SYS_PAGE,341,3,210
1787559321.517,2026-08-24 08:15:21.521,InnoDB,LOCK_SYS_PAGE,397,3,268
1787559321.517,2026-08-24 08:15:21.521,InnoDB,LOCK_SYS_PAGE,485,3,318
1787559321.517,2026-08-24 08:15:21.521,InnoDB,LOCK_SYS_PAGE,425,3,242
1787559321.517,2026-08-24 08:15:21.521,InnoDB,LOCK_SYS_PAGE,411,3,269
1787559321.517,2026-08-24 08:15:21.521,InnoDB,LOCK_SYS_PAGE,372,3,252
1787559321.517,2026-08-24 08:15:21.521,InnoDB,LOCK_SYS_PAGE,325,3,220
1787559321.517,2026-08-24 08:15:21.521,InnoDB,LOCK_SYS_PAGE,468,3,289
1787559321.517,2026-08-24 08:15:21.521,InnoDB,LOCK_SYS_PAGE,421,3,249
1787559321.517,2026-08-24 08:15:21.521,InnoDB,LOCK_SYS_PAGE,450,3,272
1787559321.517,2026-08-24 08:15:21.521,InnoDB,LOCK_SYS_PAGE,375,3,270
1787559321.517,2026-08-24 08:15:21.521,InnoDB,LOCK_SYS_PAGE,382,3,247
1787559321.517,2026-08-24 08:15:21.521,InnoDB,LOCK_SYS_PAGE,446,3,283
1787559321.517,2026-08-24 08:15:21.521,InnoDB,LOCK_SYS_PAGE,462,3,308
1787559321.517,2026-08-24 08:15:21.521,InnoDB,LOCK_SYS_PAGE,375,3,248
1787559321.517,2026-08-24 08:15:21.521,InnoDB,LOCK_SYS_PAGE,336,3,231
1787559321.517,2026-08-24 08:15:21.521,InnoDB,LOCK_SYS_PAGE,428,3,291
1787559321.517,2026-08-24 08:15:21.521,InnoDB,LOCK_SYS_PAGE,504,3,291
1787559321.517,2026-08-24 08:15:21.521,InnoDB,LOCK_SYS_PAGE,437,3,302
1787559321.517,2026-08-24 08:15:21.521,InnoDB,LOCK_SYS_PAGE,338,3,247
1787559321.517,2026-08-24 08:15:21.521,InnoDB,LOCK_SYS_PAGE,401,3,235
1787559321.517,2026-08-24 08:15:21.521,InnoDB,LOCK_SYS_PAGE,336,3,232
1787559321.517,2026-08-24 08:15:21.521,InnoDB,LOCK_SYS_PAGE,341,3,202
1787559321.517,2026-08-24 08:15:21.521,InnoDB,LOCK_SYS_PAGE,355,3,263
1787559321.517,2026-08-24 08:15:21.521,InnoDB,LOCK_SYS_PAGE,360,3,211
1787559321.517,2026-08-24 08:15:21.521,InnoDB,LOCK_SYS_PAGE,469,3,287
1787559321.517,2026-08-24 08:15:21.521,InnoDB,LOCK_SYS_PAGE,455,3,279
1787559321.517,2026-08-24 08:15:21.521,InnoDB,LOCK_SYS_PAGE,402,3,273
1787559321.517,2026-08-24 08:15:21.521,InnoDB,LOCK_SYS_PAGE,512,3,305
1787559321.517,2026-08-24 08:15:21.521,InnoDB,LOCK_SYS_PAGE,350,3,232
1787559321.517,2026-08-24 08:15:21.521,InnoDB,LOCK_SYS_PAGE,389,3,242
1787559321.517,2026-08-24 08:15:21.521,InnoDB,LOCK_SYS_PAGE,402,3,293
1787559321.517,2026-08-24 08:15:21.521,InnoDB,LOCK_SYS_PAGE,412,3,246
1787559321.517,2026-08-24 08:15:21.521,InnoDB,LOCK_SYS_PAGE,341,3,249
1787559321.517,2026-08-24 08:15:21.521,InnoDB,LOCK_SYS_PAGE,364,3,252
1787559321.517,2026-08-24 08:15:21.521,InnoDB,LOCK_SYS_PAGE,498,3,320
1787559321.517,2026-08-24 08:15:21.521,InnoDB,LOCK_SYS_PAGE,428,3,223
1787559321.517,2026-08-24 08:15:21.521,InnoDB,LOCK_SYS_PAGE,462,3,294
1787559321.517,2026-08-24 08:15:21.521,InnoDB,LOCK_SYS_PAGE,426,3,280
1787559321.517,2026-08-24 08:15:21.521,InnoDB,LOCK_SYS_PAGE,421,3,272
1787559321.517,2026-08-24 08:15:21.521,InnoDB,LOCK_SYS_PAGE,339,3,233
1787559321.517,2026-08-24 08:15:21.521,InnoDB,LOCK_SYS_PAGE,524,3,300
1787559321.517,2026-08-24 08:15:21.521,InnoDB,LOCK_SYS_PAGE,473,3,244
1787559321.517,2026-08-24 08:15:21.521,InnoDB,LOCK_SYS_PAGE,364,3,223
1787559321.517,2026-08-24 08:15:21.521,InnoDB,LOCK_SYS_PAGE,439,3,275
1787559321.517,2026-08-24 08:15:21.521,InnoDB,LOCK_SYS_PAGE,391,3,236
1787559321.517,2026-08-24 08:15:21.521,InnoDB,LOCK_SYS_PAGE,374,3,270
1787559321.517,2026-08-24 08:15:21.521,InnoDB,LOCK_SYS_PAGE,413,3,256
1787559321.517,2026-08-24 08:15:21.521,InnoDB,LOCK_SYS_PAGE,412,3,276
1787559321.517,2026-08-24 08:15:21.521,InnoDB,LOCK_SYS_PAGE,464,3,250
1787559321.517,2026-08-24 08:15:21.521,InnoDB,LOCK_SYS_PAGE,390,3,209
1787559321.517,2026-08-24 08:15:21.521,InnoDB,LOCK_SYS_PAGE,378,3,262
1787559321.517,2026-08-24 08:15:21.521,InnoDB,LOCK_SYS_PAGE,423,3,295
1787559321.517,2026-08-24 08:15:21.521,InnoDB,LOCK_SYS_PAGE,422,3,269
1787559321.517,2026-08-24 08:15:21.521,InnoDB,LOCK_SYS_PAGE,343,3,216
1787559321.517,2026-08-24 08:15:21.521,InnoDB,LOCK_SYS_PAGE,420,3,241
1787559321.517,2026-08-24 08:15:21.521,InnoDB,LOCK_SYS_PAGE,432,3,275
1787559321.517,2026-08-24 08:15:21.521,InnoDB,LOCK_SYS_PAGE,394,3,235
1787559321.517,2026-08-24 08:15:21.521,InnoDB,LOCK_SYS_PAGE,400,3,264
1787559321.517,2026-08-24 08:15:21.521,InnoDB,LOCK_SYS_PAGE,316,3,224
1787559321.517,2026-08-24 08:15:21.521,InnoDB,LOCK_SYS_PAGE,427,3,299
1787559321.517,2026-08-24 08:15:21.521,InnoDB,LOCK_SYS_PAGE,364,3,224
1787559321.517,2026-08-24 08:15:21.521,InnoDB,LOCK_SYS_PAGE,346,3,234
1787559321.517,2026-08-24 08:15:21.521,InnoDB,LOCK_SYS_PAGE,434,3,295
1787559321.517,2026-08-24 08:15:21.521,InnoDB,LOCK_SYS_PAGE,420,3,300
1787559321.517,2026-08-24 08:15:21.521,InnoDB,LOCK_SYS_PAGE,370,3,247
1787559321.517,2026-08-24 08:15:21.521,InnoDB,LOCK_SYS_PAGE,464,3,281
1787559321.517,2026-08-24 08:15:21.521,InnoDB,LOCK_SYS_PAGE,298,2,216
1787559321.517,2026-08-24 08:15:21.521,InnoDB,LOCK_SYS_PAGE,357,2,230
1787559321.517,2026-08-24 08:15:21.521,InnoDB,LOCK_SYS_PAGE,323,2,243
1787559321.517,2026-08-24 08:15:21.521,InnoDB,LOCK_SYS_PAGE,403,2,296
1787559321.517,2026-08-24 08:15:21.521,InnoDB,LOCK_SYS_PAGE,416,2,219
1787559321.517,2026-08-24 08:15:21.521,InnoDB,LOCK_SYS_PAGE,321,2,230
1787559321.517,2026-08-24 08:15:21.521,InnoDB,LOCK_SYS_PAGE,334,2,253
1787559321.517,2026-08-24 08:15:21.521,InnoDB,LOCK_SYS_PAGE,436,2,258
1787559321.517,2026-08-24 08:15:21.521,InnoDB,LOCK_SYS_PAGE,302,2,212
1787559321.517,2026-08-24 08:15:21.521,InnoDB,LOCK_SYS_PAGE,366,2,268
1787559321.517,2026-08-24 08:15:21.521,InnoDB,LOCK_SYS_PAGE,429,2,288
1787559321.517,2026-08-24 08:15:21.521,InnoDB,LOCK_SYS_PAGE,397,2,241
1787559321.517,2026-08-24 08:15:21.521,InnoDB,LOCK_SYS_PAGE,357,2,219
1787559321.517,2026-08-24 08:15:21.521,InnoDB,LOCK_SYS_PAGE,350,2,246
1787559321.517,2026-08-24 08:15:21.521,InnoDB,LOCK_SYS_PAGE,421,2,303
1787559321.517,2026-08-24 08:15:21.521,InnoDB,LOCK_SYS_PAGE,313,2,203
1787559321.517,2026-08-24 08:15:21.521,InnoDB,LOCK_SYS_PAGE,434,2,283
1787559321.517,2026-08-24 08:15:21.521,InnoDB,LOCK_SYS_PAGE,385,2,256
1787559321.517,2026-08-24 08:15:21.521,InnoDB,LOCK_SYS_PAGE,395,2,248
1787559321.517,2026-08-24 08:15:21.521,InnoDB,LOCK_SYS_PAGE,369,2,222
1787559321.517,2026-08-24 08:15:21.521,InnoDB,LOCK_SYS_PAGE,336,2,235
1787559321.517,2026-08-24 08:15:21.521,InnoDB,LOCK_SYS_PAGE,347,2,238
1787559321.517,2026-08-24 08:15:21.521,InnoDB,LOCK_SYS_PAGE,412,2,288
1787559321.517,2026-08-24 08:15:21.521,InnoDB,LOCK_SYS_PAGE,412,2,301
1787559321.517,2026-08-24 08:15:21.521,InnoDB,LOCK_SYS_PAGE,294,2,206
1787559321.517,2026-08-24 08:15:21.521,InnoDB,LOCK_SYS_PAGE,879,2,302
1787559321.517,2026-08-24 08:15:21.521,InnoDB,LOCK_SYS_PAGE,362,2,276
1787559321.517,2026-08-24 08:15:21.521,InnoDB,LOCK_SYS_PAGE,370,2,257
1787559321.517,2026-08-24 08:15:21.521,InnoDB,LOCK_SYS_PAGE,444,2,280
1787559321.517,2026-08-24 08:15:21.521,InnoDB,LOCK_SYS_PAGE,410,2,283
1787559321.517,2026-08-24 08:15:21.521,InnoDB,LOCK_SYS_PAGE,416,2,265
1787559321.517,2026-08-24 08:15:21.521,InnoDB,LOCK_SYS_PAGE,340,2,240
1787559321.517,2026-08-24 08:15:21.521,InnoDB,LOCK_SYS_PAGE,397,2,290
1787559321.517,2026-08-24 08:15:21.521,InnoDB,LOCK_SYS_PAGE,345,2,219
1787559321.517,2026-08-24 08:15:21.521,InnoDB,LOCK_SYS_PAGE,322,2,226
1787559321.517,2026-08-24 08:15:21.521,InnoDB,LOCK_SYS_PAGE,283,2,213
1787559321.517,2026-08-24 08:15:21.521,InnoDB,LOCK_SYS_PAGE,389,2,269
1787559321.517,2026-08-24 08:15:21.521,InnoDB,LOCK_SYS_PAGE,325,2,221
1787559321.517,2026-08-24 08:15:21.521,InnoDB,LOCK_SYS_PAGE,394,2,258
1787559321.517,2026-08-24 08:15:21.521,InnoDB,LOCK_SYS_PAGE,426,2,270
1787559321.517,2026-08-24 08:15:21.521,InnoDB,LOCK_SYS_PAGE,399,2,240
1787559321.517,2026-08-24 08:15:21.521,InnoDB,LOCK_SYS_PAGE,423,2,289
1787559321.517,2026-08-24 08:15:21.521,InnoDB,LOCK_SYS_PAGE,405,2,262
1787559321.517,2026-08-24 08:15:21.521,InnoDB,LOCK_SYS_PAGE,387,2,278
1787559321.517,2026-08-24 08:15:21.521,InnoDB,LOCK_SYS_PAGE,380,2,246
1787559321.517,2026-08-24 08:15:21.521,InnoDB,LOCK_SYS_PAGE,421,2,283
1787559321.517,2026-08-24 08:15:21.521,InnoDB,LOCK_SYS_PAGE,460,2,289
1787559321.517,2026-08-24 08:15:21.521,InnoDB,LOCK_SYS_PAGE,324,2,238
1787559321.517,2026-08-24 08:15:21.521,InnoDB,LOCK_SYS_PAGE,428,2,301
1787559321.517,2026-08-24 08:15:21.521,InnoDB,LOCK_SYS_PAGE,363,2,259
1787559321.517,2026-08-24 08:15:21.521,InnoDB,LOCK_SYS_PAGE,336,2,255
1787559321.517,2026-08-24 08:15:21.521,InnoDB,LOCK_SYS_PAGE,409,2,287
1787559321.517,2026-08-24 08:15:21.521,InnoDB,LOCK_SYS_PAGE,345,2,229
1787559321.517,2026-08-24 08:15:21.521,InnoDB,LOCK_SYS_PAGE,322,2,251
1787559321.517,2026-08-24 08:15:21.521,InnoDB,LOCK_SYS_PAGE,375,2,246
1787559321.517,2026-08-24 08:15:21.521,InnoDB,LOCK_SYS_PAGE,409,2,269
1787559321.517,2026-08-24 08:15:21.521,InnoDB,LOCK_SYS_PAGE,310,2,242
1787559321.517,2026-08-24 08:15:21.521,InnoDB,LOCK_SYS_PAGE,382,2,253
1787559321.517,2026-08-24 08:15:21.521,InnoDB,LOCK_SYS_PAGE,399,2,277
1787559321.517,2026-08-24 08:15:21.521,InnoDB,LOCK_SYS_PAGE,378,2,290
1787559321.517,2026-08-24 08:15:21.521,InnoDB,LOCK_SYS_PAGE,353,2,265
1787559321.517,2026-08-24 08:15:21.521,InnoDB,LOCK_SYS_PAGE,348,2,233
1787559321.517,2026-08-24 08:15:21.521,InnoDB,LOCK_SYS_PAGE,335,2,258
1787559321.517,2026-08-24 08:15:21.521,InnoDB,LOCK_SYS_PAGE,325,2,239
1787559321.517,2026-08-24 08:15:21.521,InnoDB,LOCK_SYS_PAGE,493,2,305
1787559321.517,2026-08-24 08:15:21.521,InnoDB,LOCK_SYS_PAGE,315,2,235
1787559321.517,2026-08-24 08:15:21.521,InnoDB,LOCK_SYS_PAGE,300,2,263
1787559321.517,2026-08-24 08:15:21.521,InnoDB,LOCK_SYS_PAGE,399,2,267
1787559321.517,2026-08-24 08:15:21.521,InnoDB,LOCK_SYS_PAGE,504,2,235
1787559321.517,2026-08-24 08:15:21.521,InnoDB,LOCK_SYS_PAGE,364,2,282
1787559321.517,2026-08-24 08:15:21.521,InnoDB,LOCK_SYS_PAGE,328,2,233
1787559321.517,2026-08-24 08:15:21.521,InnoDB,LOCK_SYS_PAGE,330,2,230
1787559321.517,2026-08-24 08:15:21.521,InnoDB,LOCK_SYS_PAGE,701,2,328
1787559321.517,2026-08-24 08:15:21.521,InnoDB,LOCK_SYS_PAGE,377,2,251
1787559321.517,2026-08-24 08:15:21.521,InnoDB,LOCK_SYS_PAGE,406,2,296
1787559321.517,2026-08-24 08:15:21.521,InnoDB,LOCK_SYS_PAGE,383,2,303
1787559321.517,2026-08-24 08:15:21.521,InnoDB,LOCK_SYS_PAGE,308,1,220
1787559321.517,2026-08-24 08:15:21.521,InnoDB,LOCK_SYS_PAGE,338,1,251
1787559321.517,2026-08-24 08:15:21.521,InnoDB,LOCK_SYS_PAGE,410,1,312
1787559321.517,2026-08-24 08:15:21.521,InnoDB,LOCK_SYS_PAGE,453,1,264
1787559321.517,2026-08-24 08:15:21.521,InnoDB,LOCK_SYS_PAGE,349,1,293
1787559321.517,2026-08-24 08:15:21.521,InnoDB,LOCK_SYS_PAGE,327,1,246
1787559321.517,2026-08-24 08:15:21.521,InnoDB,LOCK_SYS_PAGE,400,1,306
1787559321.517,2026-08-24 08:15:21.521,InnoDB,LOCK_SYS_PAGE,361,1,282
1787559321.517,2026-08-24 08:15:21.521,InnoDB,TRX_SYS_SHARD,30,1,1
1787559321.517,2026-08-24 08:15:21.521,InnoDB,FIL_SHARD,302,1,340
1787559321.517,2026-08-24 08:15:21.521,InnoDB,FIL_SHARD,192,1,197
1787559321.517,2026-08-24 08:15:21.521,InnoDB,FIL_SHARD,263,1,267
1787559321.517,2026-08-24 08:15:21.521,InnoDB,TRX_SYS_SHARD,35,1,2
1787559321.517,2026-08-24 08:15:21.521,InnoDB,TRX_SYS_SHARD,32,1,3
1787559321.517,2026-08-24 08:15:21.521,InnoDB,TRX_SYS_SHARD,36,1,2
1787559321.517,2026-08-24 08:15:21.521,InnoDB,TRX_SYS_SHARD,35,1,5
1787559321.517,2026-08-24 08:15:21.521,InnoDB,TRX_SYS_SHARD,31,1,2
1787559321.517,2026-08-24 08:15:21.521,InnoDB,TRX_SYS_SHARD,30,1,1
1787559321.517,2026-08-24 08:15:21.521,InnoDB,LOCK_SYS_PAGE,320,1,241
1787559321.517,2026-08-24 08:15:21.521,InnoDB,TRX_SYS_SHARD,32,1,3
1787559321.517,2026-08-24 08:15:21.521,InnoDB,FIL_SHARD,81,1,110
1787559321.517,2026-08-24 08:15:21.521,InnoDB,LOCK_SYS_PAGE,311,1,236
1787559321.517,2026-08-24 08:15:21.521,InnoDB,LOCK_SYS_PAGE,514,1,321
1787559321.517,2026-08-24 08:15:21.521,InnoDB,LOCK_SYS_PAGE,331,1,267
1787559321.517,2026-08-24 08:15:21.521,InnoDB,LOCK_SYS_PAGE,317,1,263
1787559321.517,2026-08-24 08:15:21.521,InnoDB,LOCK_SYS_PAGE,296,1,247
1787559321.517,2026-08-24 08:15:21.521,InnoDB,LOCK_SYS_PAGE,412,1,262
1787559321.517,2026-08-24 08:15:21.521,InnoDB,LOCK_SYS_PAGE,343,1,265
1787559321.517,2026-08-24 08:15:21.521,InnoDB,LOCK_SYS_PAGE,465,1,309
1787559321.517,2026-08-24 08:15:21.521,InnoDB,LOCK_SYS_PAGE,315,1,243
1787559321.517,2026-08-24 08:15:21.521,InnoDB,LOCK_SYS_PAGE,326,1,231
1787559321.517,2026-08-24 08:15:21.521,InnoDB,LOCK_SYS_PAGE,365,1,242
1787559321.517,2026-08-24 08:15:21.521,InnoDB,LOCK_SYS_PAGE,300,1,286
1787559321.517,2026-08-24 08:15:21.521,InnoDB,LOCK_SYS_PAGE,296,1,236
1787559321.517,2026-08-24 08:15:21.521,InnoDB,LOCK_SYS_PAGE,353,1,277
1787559321.517,2026-08-24 08:15:21.521,InnoDB,LOCK_SYS_PAGE,285,1,238
1787559321.517,2026-08-24 08:15:21.521,InnoDB,LOCK_SYS_PAGE,390,1,259
1787559321.517,2026-08-24 08:15:21.521,InnoDB,LOCK_SYS_PAGE,331,1,237
1787559321.517,2026-08-24 08:15:21.521,InnoDB,LOCK_SYS_PAGE,386,1,278
1787559321.517,2026-08-24 08:15:21.521,InnoDB,LOCK_SYS_PAGE,281,1,213
1787559321.517,2026-08-24 08:15:21.521,InnoDB,LOCK_SYS_PAGE,305,1,252
1787559321.517,2026-08-24 08:15:21.521,InnoDB,LOCK_SYS_PAGE,723,1,359
1787559321.517,2026-08-24 08:15:21.521,InnoDB,LOCK_SYS_PAGE,322,1,225
1787559321.517,2026-08-24 08:15:21.521,InnoDB,LOCK_SYS_PAGE,336,1,261
1787559321.517,2026-08-24 08:15:21.521,InnoDB,LOCK_SYS_PAGE,359,1,236
1787559321.517,2026-08-24 08:15:21.521,InnoDB,LOCK_SYS_PAGE,381,1,267
1787559321.517,2026-08-24 08:15:21.521,InnoDB,LOCK_SYS_PAGE,293,1,209
1787559321.517,2026-08-24 08:15:21.521,InnoDB,LOCK_SYS_PAGE,298,1,235
1787559321.517,2026-08-24 08:15:21.521,InnoDB,LOCK_SYS_PAGE,244,1,216
1787559321.517,2026-08-24 08:15:21.521,InnoDB,LOCK_SYS_PAGE,330,1,217
1787559321.517,2026-08-24 08:15:21.521,InnoDB,LOCK_SYS_PAGE,351,1,251
1787559321.517,2026-08-24 08:15:21.521,InnoDB,LOCK_SYS_PAGE,324,1,230
1787559321.517,2026-08-24 08:15:21.521,InnoDB,LOCK_SYS_PAGE,331,1,282
1787559321.517,2026-08-24 08:15:21.521,InnoDB,LOCK_SYS_PAGE,275,1,223
1787559321.517,2026-08-24 08:15:21.521,InnoDB,LOCK_SYS_PAGE,318,1,249
1787559321.517,2026-08-24 08:15:21.521,InnoDB,LOCK_SYS_PAGE,331,1,265
1787559321.517,2026-08-24 08:15:21.521,InnoDB,LOCK_SYS_PAGE,316,1,245
1787559321.517,2026-08-24 08:15:21.521,InnoDB,TRX_SYS_SHARD,33,1,5
1787559321.517,2026-08-24 08:15:21.521,InnoDB,LOCK_SYS_PAGE,304,1,222
1787559321.517,2026-08-24 08:15:21.521,InnoDB,LOCK_SYS_PAGE,392,1,312
1787559321.517,2026-08-24 08:15:21.521,InnoDB,TRX_SYS_SHARD,33,1,4
1787559321.517,2026-08-24 08:15:21.521,InnoDB,LOCK_SYS_PAGE,404,1,288
1787559321.517,2026-08-24 08:15:21.521,InnoDB,LOCK_SYS_PAGE,258,1,231
1787559321.517,2026-08-24 08:15:21.521,InnoDB,LOG_LIMITS,261,1,167
1787559321.517,2026-08-24 08:15:21.521,InnoDB,LOCK_SYS_PAGE,352,1,274
1787559321.517,2026-08-24 08:15:21.521,InnoDB,TRX_SYS_SHARD,37,1,4
1787559321.517,2026-08-24 08:15:21.521,InnoDB,LOCK_SYS_PAGE,345,1,308
1787559321.517,2026-08-24 08:15:21.521,InnoDB,TRX_SYS_SHARD,2,0,2
1787559321.517,2026-08-24 08:15:21.521,InnoDB,TRX_SYS_SHARD,3,0,3
1787559321.517,2026-08-24 08:15:21.521,InnoDB,TRX_SYS_SHARD,3,0,3
1787559321.517,2026-08-24 08:15:21.521,InnoDB,TRX_SYS_SHARD,6,0,3
1787559321.517,2026-08-24 08:15:21.521,InnoDB,TRX_SYS_SHARD,2,0,2
1787559321.517,2026-08-24 08:15:21.521,InnoDB,TRX_SYS_SHARD,2,0,2
1787559321.517,2026-08-24 08:15:21.521,InnoDB,TRX_SYS_SHARD,1,0,1
1787559321.517,2026-08-24 08:15:21.521,InnoDB,TRX_SYS_SHARD,5,0,4
1787559321.517,2026-08-24 08:15:21.521,InnoDB,TRX_SYS_SHARD,3,0,2
1787559321.517,2026-08-24 08:15:21.521,InnoDB,TRX_SYS_SHARD,3,0,3
1787559321.517,2026-08-24 08:15:21.521,InnoDB,TRX_SYS_SHARD,1,0,1
1787559321.517,2026-08-24 08:15:21.521,InnoDB,TRX_SYS_SHARD,3,0,3
1787559321.517,2026-08-24 08:15:21.521,InnoDB,TRX_SYS_SHARD,2,0,2
1787559321.517,2026-08-24 08:15:21.521,InnoDB,TRX_SYS_SHARD,3,0,2
1787559321.517,2026-08-24 08:15:21.521,InnoDB,TRX_SYS_SHARD,2,0,2
1787559321.517,2026-08-24 08:15:21.521,InnoDB,TRX_SYS_SHARD,2,0,2
1787559321.517,2026-08-24 08:15:21.521,InnoDB,TRX_SYS_SHARD,3,0,2
1787559321.517,2026-08-24 08:15:21.521,InnoDB,TRX_SYS_SHARD,1,0,2
1787559321.517,2026-08-24 08:15:21.521,InnoDB,TRX_SYS_SHARD,1,0,1
1787559321.517,2026-08-24 08:15:21.521,InnoDB,TRX_SYS_SHARD,4,0,4
1787559321.517,2026-08-24 08:15:21.521,InnoDB,TRX_SYS_SHARD,2,0,1
1787559321.517,2026-08-24 08:15:21.521,InnoDB,TRX_SYS_SHARD,3,0,4
1787559321.517,2026-08-24 08:15:21.521,InnoDB,TRX_SYS_SHARD,2,0,2
1787559321.517,2026-08-24 08:15:21.521,InnoDB,TRX_SYS_SHARD,1,0,2
1787559321.517,2026-08-24 08:15:21.521,InnoDB,TRX_SYS_SHARD,4,0,4
1787559321.517,2026-08-24 08:15:21.521,InnoDB,TRX_SYS_SHARD,1,0,2
1787559321.517,2026-08-24 08:15:21.521,InnoDB,TRX_SYS_SHARD,5,0,4
1787559321.517,2026-08-24 08:15:21.521,InnoDB,TRX_SYS_SHARD,4,0,3
1787559321.517,2026-08-24 08:15:21.521,InnoDB,TRX_SYS_SHARD,3,0,3
1787559321.517,2026-08-24 08:15:21.521,InnoDB,TRX_SYS_SHARD,3,0,3
1787559321.517,2026-08-24 08:15:21.521,InnoDB,TRX_SYS_SHARD,4,0,3
1787559321.517,2026-08-24 08:15:21.521,InnoDB,TRX_SYS_SHARD,2,0,3
1787559321.517,2026-08-24 08:15:21.521,InnoDB,TRX_SYS_SHARD,2,0,1
1787559321.517,2026-08-24 08:15:21.521,InnoDB,TRX_SYS_SHARD,1,0,1
1787559321.517,2026-08-24 08:15:21.521,InnoDB,TRX_SYS_SHARD,3,0,3
1787559321.517,2026-08-24 08:15:21.521,InnoDB,TRX_SYS_SHARD,1,0,1
1787559321.517,2026-08-24 08:15:21.521,InnoDB,TRX_SYS_SHARD,2,0,1
1787559321.517,2026-08-24 08:15:21.521,InnoDB,TRX_SYS_SHARD,6,0,4
1787559321.517,2026-08-24 08:15:21.521,InnoDB,DICT_TABLE_STATS_COMPUTE,5,0,1
1787559321.517,2026-08-24 08:15:21.521,InnoDB,TRX_SYS_SHARD,8,0,5
1787559321.517,2026-08-24 08:15:21.521,InnoDB,TRX_SYS_SHARD,3,0,2
1787559321.517,2026-08-24 08:15:21.521,InnoDB,TRX_SYS_SHARD,6,0,4
1787559321.517,2026-08-24 08:15:21.521,InnoDB,TRX_SYS_SHARD,6,0,6
1787559321.517,2026-08-24 08:15:21.521,InnoDB,TRX_SYS_SHARD,1,0,1
1787559321.517,2026-08-24 08:15:21.521,InnoDB,TRX_SYS_SHARD,2,0,2
1787559321.517,2026-08-24 08:15:21.521,InnoDB,TRX_SYS_SHARD,1,0,1
1787559321.517,2026-08-24 08:15:21.521,InnoDB,TRX_SYS_SHARD,8,0,8
1787559321.517,2026-08-24 08:15:21.521,InnoDB,TRX_SYS_SHARD,6,0,5
1787559321.517,2026-08-24 08:15:21.521,InnoDB,TRX_SYS_SHARD,1,0,1
1787559321.517,2026-08-24 08:15:21.521,InnoDB,TRX_SYS_SHARD,2,0,2
1787559321.517,2026-08-24 08:15:21.521,InnoDB,TRX_SYS_SHARD,1,0,1
1787559321.517,2026-08-24 08:15:21.521,InnoDB,TRX_SYS_SHARD,2,0,2
1787559321.517,2026-08-24 08:15:21.521,InnoDB,TRX_SYS_SHARD,1,0,1
1787559321.517,2026-08-24 08:15:21.521,InnoDB,TRX_SYS_SHARD,2,0,2
1787559321.517,2026-08-24 08:15:21.521,InnoDB,TRX_SYS_SHARD,4,0,4
1787559321.517,2026-08-24 08:15:21.521,InnoDB,TRX_SYS_SHARD,2,0,2
1787559321.517,2026-08-24 08:15:21.521,InnoDB,TRX_SYS_SHARD,3,0,2
1787559321.517,2026-08-24 08:15:21.521,InnoDB,TRX_SYS_SHARD,1,0,1
1787559321.517,2026-08-24 08:15:21.521,InnoDB,TRX_SYS_SHARD,4,0,3
1787559321.517,2026-08-24 08:15:21.521,InnoDB,TRX_SYS_SHARD,4,0,3
1787559321.517,2026-08-24 08:15:21.521,InnoDB,TRX_SYS_SHARD,2,0,2
1787559321.517,2026-08-24 08:15:21.521,InnoDB,TRX_SYS_SHARD,6,0,5
1787559321.517,2026-08-24 08:15:21.521,InnoDB,TRX_SYS_SHARD,3,0,2
1787559321.517,2026-08-24 08:15:21.521,InnoDB,TRX_SYS_SHARD,1,0,1
1787559321.517,2026-08-24 08:15:21.521,InnoDB,TRX_SYS_SHARD,2,0,2
1787559321.517,2026-08-24 08:15:21.521,InnoDB,TRX_SYS_SHARD,1,0,1
1787559321.517,2026-08-24 08:15:21.521,InnoDB,TRX_SYS_SHARD,1,0,1
1787559321.517,2026-08-24 08:15:21.521,InnoDB,TRX_SYS_SHARD,1,0,1
1787559321.517,2026-08-24 08:15:21.521,InnoDB,TRX_SYS_SHARD,2,0,2
1787559321.517,2026-08-24 08:15:21.521,InnoDB,TRX_SYS_SHARD,28,0,4
1787559321.517,2026-08-24 08:15:21.521,InnoDB,TRX_SYS_SHARD,3,0,2
1787559321.517,2026-08-24 08:15:21.521,InnoDB,TRX_SYS_SHARD,1,0,1
1787559321.517,2026-08-24 08:15:21.521,InnoDB,TRX_SYS_SHARD,5,0,4
1787559321.517,2026-08-24 08:15:21.521,InnoDB,TRX_SYS_SHARD,2,0,2
1787559321.517,2026-08-24 08:15:21.521,InnoDB,TRX_SYS_SHARD,1,0,1
1787559321.517,2026-08-24 08:15:21.521,InnoDB,TRX_SYS_SHARD,26,0,1
1787559321.517,2026-08-24 08:15:21.521,InnoDB,TRX_SYS_SHARD,6,0,4
1787559321.517,2026-08-24 08:15:21.521,InnoDB,TRX_SYS_SHARD,1,0,1
1787559321.517,2026-08-24 08:15:21.521,InnoDB,TRX_SYS_SHARD,1,0,1
1787559321.517,2026-08-24 08:15:21.521,InnoDB,TRX_SYS_SHARD,4,0,2
1787559321.517,2026-08-24 08:15:21.521,InnoDB,TRX_SYS_SHARD,1,0,1
1787559321.517,2026-08-24 08:15:21.521,InnoDB,TRX_SYS_SHARD,5,0,4
1787559321.517,2026-08-24 08:15:21.521,InnoDB,TRX_SYS_SHARD,2,0,2
1787559321.517,2026-08-24 08:15:21.521,InnoDB,AUTOINC,1,0,1
1787559321.517,2026-08-24 08:15:21.521,InnoDB,TRX_SYS_SHARD,2,0,2
1787559321.517,2026-08-24 08:15:21.521,InnoDB,TRX_SYS_SHARD,2,0,1
1787559321.517,2026-08-24 08:15:21.521,InnoDB,TRX_SYS_SHARD,4,0,2
1787559321.517,2026-08-24 08:15:21.521,InnoDB,TRX_SYS_SHARD,2,0,2
1787559321.517,2026-08-24 08:15:21.521,InnoDB,TRX_SYS_SHARD,2,0,2
1787559321.517,2026-08-24 08:15:21.521,InnoDB,TRX_SYS_SHARD,1,0,1
1787559321.517,2026-08-24 08:15:21.521,InnoDB,TRX_SYS_SHARD,8,0,5
1787559321.517,2026-08-24 08:15:21.521,InnoDB,TRX_SYS_SHARD,1,0,1
1787559321.517,2026-08-24 08:15:21.521,InnoDB,TRX_SYS_SHARD,1,0,1
1787559321.517,2026-08-24 08:15:21.521,InnoDB,TRX_SYS_SHARD,7,0,3
1787559321.517,2026-08-24 08:15:21.521,InnoDB,TRX_SYS_SHARD,5,0,3
1787559321.517,2026-08-24 08:15:21.521,InnoDB,TRX_SYS_SHARD,23,0,1
1787559321.517,2026-08-24 08:15:21.521,InnoDB,TRX_SYS_SHARD,29,0,4
1787559321.517,2026-08-24 08:15:21.521,InnoDB,TRX_SYS_SHARD,1,0,1
1787559321.517,2026-08-24 08:15:21.521,InnoDB,TRX_SYS_SHARD,1,0,1
1787559321.517,2026-08-24 08:15:21.521,InnoDB,TRX_SYS_SHARD,1,0,1
1787559321.517,2026-08-24 08:15:21.521,InnoDB,TRX_SYS_SHARD,2,0,2
1787559321.517,2026-08-24 08:15:21.521,InnoDB,TRX_SYS_SHARD,3,0,3
1787559321.517,2026-08-24 08:15:21.521,InnoDB,TRX_SYS_SHARD,4,0,3
1787559321.517,2026-08-24 08:15:21.521,InnoDB,TRX_SYS_SHARD,1,0,1
1787559321.517,2026-08-24 08:15:21.521,InnoDB,TRX_SYS_SHARD,3,0,2
1787559321.517,2026-08-24 08:15:21.521,InnoDB,TRX_SYS_SHARD,4,0,4
1787559321.517,2026-08-24 08:15:21.521,InnoDB,TRX_SYS_SHARD,7,0,6
1787559321.517,2026-08-24 08:15:21.521,InnoDB,TRX_SYS_SHARD,3,0,2
1787559321.517,2026-08-24 08:15:21.521,InnoDB,TRX_SYS_SHARD,4,0,4
1787559321.517,2026-08-24 08:15:21.521,InnoDB,TRX_SYS_SHARD,3,0,3
1787559321.517,2026-08-24 08:15:21.521,InnoDB,TRX_SYS_SHARD,1,0,1
1787559321.517,2026-08-24 08:15:21.521,InnoDB,TRX_SYS_SHARD,4,0,4
1787559321.517,2026-08-24 08:15:21.521,InnoDB,TRX_SYS_SHARD,2,0,2
1787559321.517,2026-08-24 08:15:21.521,InnoDB,TRX_SYS_SHARD,3,0,3
1787559321.517,2026-08-24 08:15:21.521,InnoDB,TRX_SYS_SHARD,3,0,3
1787559321.517,2026-08-24 08:15:21.521,InnoDB,TRX_SYS_SHARD,5,0,5
1787559321.517,2026-08-24 08:15:21.521,InnoDB,TRX_SYS_SHARD,5,0,4
1787559321.517,2026-08-24 08:15:21.521,InnoDB,TRX_SYS_SHARD,1,0,1
1787559321.517,2026-08-24 08:15:21.521,InnoDB,TRX_SYS_SHARD,1,0,1
1787559321.517,2026-08-24 08:15:21.521,InnoDB,TRX_SYS_SHARD,4,0,3
1787559321.517,2026-08-24 08:15:21.521,InnoDB,TRX_SYS_SHARD,1,0,2
1787559321.517,2026-08-24 08:15:21.521,InnoDB,TRX_SYS_SHARD,2,0,2
1787559321.517,2026-08-24 08:15:21.521,InnoDB,TRX_SYS_SHARD,3,0,2
1787559321.517,2026-08-24 08:15:21.521,InnoDB,TRX_SYS_SHARD,4,0,3
1787559321.517,2026-08-24 08:15:21.521,InnoDB,TRX_SYS_SHARD,6,0,5
1787559321.517,2026-08-24 08:15:21.521,InnoDB,TRX_SYS_SHARD,5,0,3
1787559321.517,2026-08-24 08:15:21.521,InnoDB,TRX_SYS_SHARD,3,0,1
1787559321.517,2026-08-24 08:15:21.521,InnoDB,TRX_SYS_SHARD,4,0,4
1787559321.517,2026-08-24 08:15:21.521,InnoDB,TRX_SYS_SHARD,1,0,1
1787559321.517,2026-08-24 08:15:21.521,InnoDB,TRX_SYS_SHARD,1,0,1
1787559321.517,2026-08-24 08:15:21.521,InnoDB,TRX_SYS_SHARD,2,0,2
1787559321.517,2026-08-24 08:15:21.521,InnoDB,TRX_SYS_SHARD,2,0,2
1787559321.517,2026-08-24 08:15:21.521,InnoDB,LOCK_SYS_PAGE,738,0,282
1787559321.517,2026-08-24 08:15:21.521,InnoDB,LOCK_SYS_PAGE,311,0,215
1787559321.517,2026-08-24 08:15:21.521,InnoDB,LOCK_SYS_PAGE,247,0,232
1787559321.517,2026-08-24 08:15:21.521,InnoDB,LOCK_SYS_PAGE,274,0,207
1787559321.517,2026-08-24 08:15:21.521,InnoDB,LOCK_SYS_PAGE,260,0,213
1787559321.517,2026-08-24 08:15:21.521,InnoDB,LOCK_SYS_PAGE,289,0,268
1787559321.517,2026-08-24 08:15:21.521,InnoDB,LOCK_SYS_PAGE,320,0,238
1787559321.517,2026-08-24 08:15:21.521,InnoDB,LOCK_SYS_PAGE,257,0,220
1787559321.517,2026-08-24 08:15:21.521,InnoDB,LOCK_SYS_PAGE,330,0,244
1787559321.517,2026-08-24 08:15:21.521,InnoDB,LOCK_SYS_PAGE,308,0,221
1787559321.517,2026-08-24 08:15:21.521,InnoDB,FIL_SHARD,41,0,92
1787559321.517,2026-08-24 08:15:21.521,InnoDB,FIL_SHARD,67,0,116
1787559321.517,2026-08-24 08:15:21.521,InnoDB,FIL_SHARD,25,0,71
1787559321.517,2026-08-24 08:15:21.521,InnoDB,FIL_SHARD,73,0,117
1787559321.517,2026-08-24 08:15:21.521,InnoDB,FIL_SHARD,94,0,133
1787559321.517,2026-08-24 08:15:21.521,InnoDB,FIL_SHARD,38,0,65
1787559321.517,2026-08-24 08:15:21.521,InnoDB,FIL_SHARD,48,0,64
1787559321.517,2026-08-24 08:15:21.521,InnoDB,FIL_SHARD,51,0,73
1787559321.517,2026-08-24 08:15:21.521,InnoDB,LOCK_SYS_TABLE,1,0,1
1787559321.517,2026-08-24 08:15:21.521,InnoDB,TRX_SYS_SHARD,1,0,2
1787559321.517,2026-08-24 08:15:21.521,InnoDB,TRX_SYS_SHARD,1,0,1
1787559321.517,2026-08-24 08:15:21.521,InnoDB,TRX_SYS_SHARD,1,0,1
1787559321.517,2026-08-24 08:15:21.521,InnoDB,TRX_SYS_SHARD,3,0,3
1787559321.517,2026-08-24 08:15:21.521,InnoDB,TRX_POOL_MANAGER,23,0,9
1787559321.517,2026-08-24 08:15:21.521,InnoDB,RW_LOCK_LIST,1,0,1
1787559321.517,2026-08-24 08:15:21.521,InnoDB,RECALC_POOL,5,0,6
1787559321.517,2026-08-24 08:15:21.521,InnoDB,LOCK_SYS_WAIT,6,0,1
1787559321.517,2026-08-24 08:15:21.521,InnoDB,FIL_SHARD,48,0,75
1787559321.517,2026-08-24 08:15:21.521,InnoDB,LOCK_SYS_TABLE,3,0,1
1787559321.517,2026-08-24 08:15:21.521,InnoDB,LOCK_SYS_PAGE,354,0,287
1787559321.517,2026-08-24 08:15:21.521,InnoDB,LOCK_SYS_PAGE,305,0,246
1787559321.517,2026-08-24 08:15:21.521,InnoDB,LOCK_SYS_PAGE,354,0,233
1787559321.517,2026-08-24 08:15:21.521,InnoDB,LOCK_SYS_PAGE,302,0,283
1787559321.517,2026-08-24 08:15:21.521,InnoDB,LOCK_SYS_PAGE,242,0,230
1787559321.517,2026-08-24 08:15:21.521,InnoDB,LOCK_SYS_PAGE,346,0,274
1787559321.517,2026-08-24 08:15:21.521,InnoDB,LOCK_SYS_PAGE,334,0,292
1787559321.517,2026-08-24 08:15:21.521,InnoDB,FIL_SHARD,179,0,227
1787559321.517,2026-08-24 08:15:21.521,InnoDB,FIL_SHARD,52,0,79
1787559321.517,2026-08-24 08:15:21.521,InnoDB,FIL_SHARD,154,0,208
1787559321.517,2026-08-24 08:15:21.521,InnoDB,FIL_SHARD,125,0,157
1787559321.517,2026-08-24 08:15:21.521,InnoDB,FIL_SHARD,76,0,97
1787559321.517,2026-08-24 08:15:21.521,InnoDB,FIL_SHARD,79,0,89
1787559321.517,2026-08-24 08:15:21.521,InnoDB,FIL_SHARD,110,0,130
1787559321.517,2026-08-24 08:15:21.521,InnoDB,FIL_SHARD,222,0,305
1787559321.517,2026-08-24 08:15:21.521,InnoDB,FIL_SHARD,203,0,263
1787559321.517,2026-08-24 08:15:21.521,InnoDB,FIL_SHARD,39,0,66
1787559321.517,2026-08-24 08:15:21.521,InnoDB,FIL_SHARD,115,0,173
1787559321.517,2026-08-24 08:15:21.521,InnoDB,FIL_SHARD,119,0,171
1787559321.517,2026-08-24 08:15:21.521,InnoDB,FIL_SHARD,287,0,358
1787559321.517,2026-08-24 08:15:21.521,InnoDB,FIL_SHARD,649,0,769
1787559321.517,2026-08-24 08:15:21.521,InnoDB,FIL_SHARD,46,0,51
1787559321.517,2026-08-24 08:15:21.521,InnoDB,FIL_SHARD,88,0,110
1787559321.517,2026-08-24 08:15:21.521,InnoDB,AUTOINC,3,0,3
1787559321.517,2026-08-24 08:15:21.521,InnoDB,AUTOINC,2,0,2
1787559321.517,2026-08-24 08:15:21.521,InnoDB,FIL_SHARD,36,0,58
1787559321.517,2026-08-24 08:15:21.521,InnoDB,FIL_SHARD,34,0,53
1787559321.517,2026-08-24 08:15:21.521,InnoDB,FIL_SHARD,38,0,49
1787559321.517,2026-08-24 08:15:21.521,InnoDB,FIL_SHARD,32,0,40
1787559321.517,2026-08-24 08:15:21.521,InnoDB,FIL_SHARD,52,0,55
1787559321.517,2026-08-24 08:15:21.521,InnoDB,FIL_SHARD,99,0,141
1787559321.517,2026-08-24 08:15:21.521,InnoDB,FIL_SHARD,71,0,91
1787559321.517,2026-08-24 08:15:21.521,InnoDB,FIL_SHARD,52,0,64
1787559321.517,2026-08-24 08:15:21.521,InnoDB,FIL_SHARD,44,0,64
1787559321.517,2026-08-24 08:15:21.521,InnoDB,TRX_SYS_SHARD,3,0,3
1787559321.517,2026-08-24 08:15:21.521,InnoDB,FIL_SHARD,42,0,53
1787559321.517,2026-08-24 08:15:21.521,InnoDB,FIL_SHARD,54,0,60
1787559321.517,2026-08-24 08:15:21.521,InnoDB,FIL_SHARD,83,0,108
1787559321.517,2026-08-24 08:15:21.521,InnoDB,FIL_SHARD,127,0,149
1787559321.517,2026-08-24 08:15:21.521,InnoDB,FIL_SHARD,86,0,103
1787559321.517,2026-08-24 08:15:21.521,InnoDB,FIL_SHARD,55,0,64
1787559321.517,2026-08-24 08:15:21.521,InnoDB,FIL_SHARD,80,0,107
1787559321.517,2026-08-24 08:15:21.521,InnoDB,FIL_SHARD,51,0,69
1787559321.517,2026-08-24 08:15:21.521,InnoDB,TRX_SYS_SHARD,1,0,1
1787559321.517,2026-08-24 08:15:21.521,InnoDB,TRX_SYS_SHARD,3,0,3
1787559321.517,2026-08-24 08:15:21.521,InnoDB,TRX_SYS_SHARD,2,0,2
1787559321.517,2026-08-24 08:15:21.521,InnoDB,TRX_SYS_SHARD,3,0,3
1787559321.517,2026-08-24 08:15:21.521,InnoDB,TRX_SYS_SHARD,1,0,1
1787559321.517,2026-08-24 08:15:21.521,InnoDB,TRX_SYS_SHARD,1,0,1
1787559321.517,2026-08-24 08:15:21.521,InnoDB,TRX_SYS_SHARD,3,0,2
1787559321.517,2026-08-24 08:15:21.521,InnoDB,TRX_SYS_SHARD,2,0,2
1787559321.517,2026-08-24 08:15:21.521,InnoDB,TRX_SYS_SHARD,1,0,1
1787559321.517,2026-08-24 08:15:21.521,InnoDB,TRX_SYS_SHARD,1,0,1
1787559321.517,2026-08-24 08:15:21.521,InnoDB,TRX_SYS_SHARD,4,0,3
1787559321.517,2026-08-24 08:15:21.521,InnoDB,TRX_SYS_SHARD,2,0,2
1787559321.517,2026-08-24 08:15:21.521,InnoDB,TRX_SYS_SHARD,2,0,2
1787559321.517,2026-08-24 08:15:21.521,InnoDB,TRX_SYS_SHARD,2,0,2
1787559321.517,2026-08-24 08:15:21.521,InnoDB,TRX_SYS_SHARD,2,0,2
1787559321.517,2026-08-24 08:15:21.521,InnoDB,TRX_SYS_SHARD,1,0,1
1787559321.517,2026-08-24 08:15:21.521,InnoDB,TRX_SYS_SHARD,7,0,7
1787559321.517,2026-08-24 08:15:21.521,InnoDB,TRX_SYS_SHARD,4,0,3
1787559321.517,2026-08-24 08:15:21.521,InnoDB,TRX_SYS_SHARD,1,0,2
1787559321.517,2026-08-24 08:15:21.521,InnoDB,TRX_SYS_SHARD,1,0,1
1787559321.517,2026-08-24 08:15:21.521,InnoDB,TRX_SYS_SHARD,4,0,4
1787559321.517,2026-08-24 08:15:21.521,InnoDB,TRX_SYS_SHARD,2,0,2
1787559321.517,2026-08-24 08:15:21.521,InnoDB,TRX_SYS_SHARD,3,0,4
1787559321.517,2026-08-24 08:15:21.521,InnoDB,TRX_SYS_SHARD,2,0,1
1787559321.517,2026-08-24 08:15:21.521,InnoDB,TRX_SYS_SHARD,1,0,1
1787559321.517,2026-08-24 08:15:21.521,InnoDB,TRX_SYS_SHARD,1,0,1
1787559321.517,2026-08-24 08:15:21.521,InnoDB,TRX_SYS_SHARD,2,0,2
1787559321.517,2026-08-24 08:15:21.521,InnoDB,TRX_SYS_SHARD,3,0,2
1787559321.517,2026-08-24 08:15:21.521,InnoDB,TRX_SYS_SHARD,1,0,2
1787559321.517,2026-08-24 08:15:21.521,InnoDB,TRX_SYS_SHARD,1,0,1
1787559321.517,2026-08-24 08:15:21.521,InnoDB,TRX_SYS_SHARD,1,0,1
1787559321.517,2026-08-24 08:15:21.521,InnoDB,TRX_SYS_SHARD,1,0,1
1787559321.517,2026-08-24 08:15:21.521,InnoDB,TRX_SYS_SHARD,1,0,1
1787559321.517,2026-08-24 08:15:21.521,InnoDB,TRX_SYS_SHARD,3,0,3
1787559321.517,2026-08-24 08:15:21.521,InnoDB,TRX_SYS_SHARD,3,0,2
1787559321.517,2026-08-24 08:15:21.521,InnoDB,TRX_SYS_SHARD,2,0,2
1787559321.517,2026-08-24 08:15:21.521,InnoDB,TRX_SYS_SHARD,3,0,3
1787559321.517,2026-08-24 08:15:21.521,InnoDB,TRX_SYS_SHARD,2,0,3
1787559321.517,2026-08-24 08:15:21.521,InnoDB,TRX_SYS_SHARD,2,0,2
1787559321.517,2026-08-24 08:15:21.521,InnoDB,TRX_SYS_SHARD,3,0,3
1787559321.517,2026-08-24 08:15:21.521,InnoDB,TRX_SYS_SHARD,4,0,3
1787559321.517,2026-08-24 08:15:21.521,InnoDB,TRX_SYS_SHARD,3,0,2
1787559321.517,2026-08-24 08:15:21.521,InnoDB,TRX_SYS_SHARD,3,0,3
1787559321.517,2026-08-24 08:15:21.521,InnoDB,TRX_SYS_SHARD,5,0,4
1787559321.517,2026-08-24 08:15:21.521,InnoDB,TRX_SYS_SHARD,2,0,2
1787559321.517,2026-08-24 08:15:21.521,InnoDB,TRX_SYS_SHARD,1,0,1
1787559321.517,2026-08-24 08:15:21.521,InnoDB,TRX_SYS_SHARD,1,0,1
1787559321.517,2026-08-24 08:15:21.521,InnoDB,TRX_SYS_SHARD,2,0,3
1787559321.517,2026-08-24 08:15:21.521,InnoDB,TRX_SYS_SHARD,4,0,3
1787559321.517,2026-08-24 08:15:21.521,InnoDB,TRX_SYS_SHARD,6,0,6
1787559321.517,2026-08-24 08:15:21.521,InnoDB,TRX_SYS_SHARD,1,0,1
1787559321.517,2026-08-24 08:15:21.521,InnoDB,TRX_SYS_SHARD,1,0,1
1787559321.517,2026-08-24 08:15:21.521,InnoDB,TRX_SYS_SHARD,7,0,6
1787559321.517,2026-08-24 08:15:21.521,InnoDB,TRX_SYS_SHARD,6,0,5
1787559321.517,2026-08-24 08:15:21.521,InnoDB,TRX_SYS_SHARD,4,0,4
1787559321.517,2026-08-24 08:15:21.521,InnoDB,TRX_SYS_SHARD,1,0,1
1787559321.517,2026-08-24 08:15:21.521,InnoDB,TRX_SYS_SHARD,1,0,1
1787559321.517,2026-08-24 08:15:21.521,InnoDB,TRX_SYS_SHARD,3,0,3
1787559321.517,2026-08-24 08:15:21.521,InnoDB,TRX_SYS_SHARD,1,0,2
1787559321.517,2026-08-24 08:15:21.521,InnoDB,TRX_SYS_SHARD,1,0,1
1787559321.517,2026-08-24 08:15:21.521,InnoDB,TRX_SYS_SHARD,1,0,1
1787559321.517,2026-08-24 08:15:21.521,InnoDB,TRX_SYS_SHARD,1,0,1
1787559321.517,2026-08-24 08:15:21.521,InnoDB,TRX_SYS_SHARD,2,0,2
1787559321.517,2026-08-24 08:15:21.521,InnoDB,TRX_SYS_SHARD,2,0,2
1787559321.517,2026-08-24 08:15:21.521,InnoDB,TRX_SYS_SHARD,12,0,6
1787559321.517,2026-08-24 08:15:21.521,InnoDB,TRX_SYS_SHARD,2,0,2
1787559321.517,2026-08-24 08:15:21.521,InnoDB,TRX_SYS_SHARD,3,0,3
1787559321.517,2026-08-24 08:15:21.521,InnoDB,TRX_SYS_SHARD,3,0,2
1787559321.517,2026-08-24 08:15:21.521,InnoDB,TRX_SYS_SHARD,4,0,4
1787559321.517,2026-08-24 08:15:21.521,InnoDB,TRX_SYS_SHARD,1,0,1
1787559321.517,2026-08-24 08:15:21.521,InnoDB,TRX_SYS_SHARD,1,0,1
1787559321.517,2026-08-24 08:15:21.521,InnoDB,TRX_SYS_SHARD,4,0,2
1787559321.517,2026-08-24 08:15:21.521,InnoDB,rwlock: dict0dict.cc:2631,,59857,
1787559321.517,2026-08-24 08:15:21.521,InnoDB,rwlock: dict0dict.cc:2631,,58798,
1787559321.517,2026-08-24 08:15:21.521,InnoDB,rwlock: dict0dict.cc:2631,,58940,
1787559321.517,2026-08-24 08:15:21.521,InnoDB,rwlock: dict0dict.cc:2631,,59167,
1787559321.517,2026-08-24 08:15:21.521,InnoDB,rwlock: dict0dict.cc:2631,,59513,
1787559321.517,2026-08-24 08:15:21.521,InnoDB,rwlock: dict0dict.cc:2631,,59728,
1787559321.517,2026-08-24 08:15:21.521,InnoDB,rwlock: dict0dict.cc:2631,,59431,
1787559321.517,2026-08-24 08:15:21.521,InnoDB,rwlock: dict0dict.cc:2631,,58677,
1787559321.517,2026-08-24 08:15:21.521,InnoDB,rwlock: dict0dict.cc:2631,,59423,
1787559321.517,2026-08-24 08:15:21.521,InnoDB,rwlock: dict0dict.cc:2631,,59094,
1787559321.517,2026-08-24 08:15:21.521,InnoDB,rwlock: dict0dict.cc:2631,,60233,
1787559321.517,2026-08-24 08:15:21.521,InnoDB,rwlock: dict0dict.cc:2631,,58820,
1787559321.517,2026-08-24 08:15:21.521,InnoDB,rwlock: dict0dict.cc:2631,,58218,
1787559321.517,2026-08-24 08:15:21.521,InnoDB,rwlock: dict0dict.cc:2631,,58956,
1787559321.517,2026-08-24 08:15:21.521,InnoDB,rwlock: dict0dict.cc:2631,,58498,
1787559321.517,2026-08-24 08:15:21.521,InnoDB,rwlock: dict0dict.cc:2631,,57763,
1787559321.517,2026-08-24 08:15:21.521,InnoDB,rwlock: dict0dict.cc:2631,,59176,
1787559321.517,2026-08-24 08:15:21.521,InnoDB,rwlock: dict0dict.cc:2631,,59415,
1787559321.517,2026-08-24 08:15:21.521,InnoDB,rwlock: dict0dict.cc:2631,,58032,
1787559321.517,2026-08-24 08:15:21.521,InnoDB,rwlock: dict0dict.cc:2631,,57486,
1787559321.517,2026-08-24 08:15:21.521,InnoDB,rwlock: dict0dict.cc:2631,,3,
1787559321.517,2026-08-24 08:15:21.521,InnoDB,rwlock: dict0dict.cc:2631,,3,
1787559321.517,2026-08-24 08:15:21.521,InnoDB,rwlock: dict0dict.cc:2631,,3,
1787559321.517,2026-08-24 08:15:21.521,InnoDB,rwlock: dict0dict.cc:2631,,1,
1787559321.517,2026-08-24 08:15:21.521,InnoDB,rwlock: dict0dict.cc:2631,,4,
1787559321.517,2026-08-24 08:15:21.521,InnoDB,rwlock: dict0dict.cc:2631,,2,
1787559321.517,2026-08-24 08:15:21.521,InnoDB,rwlock: dict0dict.cc:2631,,4,
1787559321.517,2026-08-24 08:15:21.521,InnoDB,rwlock: dict0dict.cc:2631,,3,
1787559321.517,2026-08-24 08:15:21.521,InnoDB,rwlock: dict0dict.cc:2631,,3,
1787559321.517,2026-08-24 08:15:21.521,InnoDB,rwlock: dict0dict.cc:2631,,2,
1787559321.517,2026-08-24 08:15:21.521,InnoDB,rwlock: dict0dict.cc:2631,,4,
1787559321.517,2026-08-24 08:15:21.521,InnoDB,rwlock: dict0dict.cc:2631,,2,
1787559321.517,2026-08-24 08:15:21.521,InnoDB,rwlock: dict0dict.cc:2631,,2,
1787559321.517,2026-08-24 08:15:21.521,InnoDB,rwlock: dict0dict.cc:2631,,1,
1787559321.517,2026-08-24 08:15:21.521,InnoDB,rwlock: dict0dict.cc:2631,,3,
1787559321.517,2026-08-24 08:15:21.521,InnoDB,rwlock: dict0dict.cc:2631,,3,
1787559321.517,2026-08-24 08:15:21.521,InnoDB,rwlock: dict0dict.cc:2631,,1,
1787559321.517,2026-08-24 08:15:21.521,InnoDB,rwlock: dict0dict.cc:2631,,3,
1787559321.517,2026-08-24 08:15:21.521,InnoDB,rwlock: dict0dict.cc:2631,,4,
1787559321.517,2026-08-24 08:15:21.521,InnoDB,rwlock: dict0dict.cc:2631,,2,
1787559321.517,2026-08-24 08:15:21.521,InnoDB,rwlock: dict0dict.cc:2631,,5,
1787559321.517,2026-08-24 08:15:21.521,InnoDB,rwlock: dict0dict.cc:2631,,1,
1787559321.517,2026-08-24 08:15:21.521,InnoDB,rwlock: dict0dict.cc:2631,,1,
1787559321.517,2026-08-24 08:15:21.521,InnoDB,rwlock: trx0purge.cc:232,,4,
1787559321.517,2026-08-24 08:15:21.521,InnoDB,rwlock: fil0fil.cc:10242,,305459,
1787559321.517,2026-08-24 08:15:21.521,InnoDB,rwlock: fil0fil.cc:10242,,40273,
1787559321.517,2026-08-24 08:15:21.521,InnoDB,rwlock: dict0dict.cc:1180,,25,
1787559321.517,2026-08-24 08:15:21.521,InnoDB,rwlock: hash0hash.cc:117,,4777,
1787559321.517,2026-08-24 08:15:21.521,InnoDB,rwlock: hash0hash.cc:117,,13436,
1787559321.517,2026-08-24 08:15:21.521,InnoDB,rwlock: hash0hash.cc:117,,4925,
1787559321.517,2026-08-24 08:15:21.521,InnoDB,rwlock: hash0hash.cc:117,,5960,
1787559321.517,2026-08-24 08:15:21.521,InnoDB,rwlock: hash0hash.cc:117,,8142,
1787559321.517,2026-08-24 08:15:21.521,InnoDB,rwlock: hash0hash.cc:117,,5201,
1787559321.517,2026-08-24 08:15:21.521,InnoDB,rwlock: hash0hash.cc:117,,5028,
1787559321.517,2026-08-24 08:15:21.521,InnoDB,rwlock: hash0hash.cc:117,,8104,
1787559321.517,2026-08-24 08:15:21.521,InnoDB,rwlock: hash0hash.cc:117,,4937,
1787559321.517,2026-08-24 08:15:21.521,InnoDB,rwlock: hash0hash.cc:117,,6367,
1787559321.517,2026-08-24 08:15:21.521,InnoDB,rwlock: hash0hash.cc:117,,13333,
1787559321.517,2026-08-24 08:15:21.521,InnoDB,rwlock: hash0hash.cc:117,,5030,
1787559321.517,2026-08-24 08:15:21.521,InnoDB,rwlock: hash0hash.cc:117,,5025,
1787559321.517,2026-08-24 08:15:21.521,InnoDB,rwlock: hash0hash.cc:117,,5018,
1787559321.517,2026-08-24 08:15:21.521,InnoDB,rwlock: hash0hash.cc:117,,9421,
1787559321.517,2026-08-24 08:15:21.521,InnoDB,rwlock: hash0hash.cc:117,,5396,
1787559321.517,2026-08-24 08:15:21.521,InnoDB,rwlock: hash0hash.cc:117,,4752,
1787559321.517,2026-08-24 08:15:21.521,InnoDB,rwlock: hash0hash.cc:117,,15579,
1787559321.517,2026-08-24 08:15:21.521,InnoDB,rwlock: hash0hash.cc:117,,5939,
1787559321.517,2026-08-24 08:15:21.521,InnoDB,rwlock: hash0hash.cc:117,,4277,
1787559321.517,2026-08-24 08:15:21.521,InnoDB,rwlock: hash0hash.cc:117,,5684,
1787559321.517,2026-08-24 08:15:21.521,InnoDB,rwlock: hash0hash.cc:117,,4834,
1787559321.517,2026-08-24 08:15:21.521,InnoDB,rwlock: hash0hash.cc:117,,9651,
1787559321.517,2026-08-24 08:15:21.521,InnoDB,rwlock: hash0hash.cc:117,,4705,
1787559321.517,2026-08-24 08:15:21.521,InnoDB,rwlock: hash0hash.cc:117,,5542,
1787559321.517,2026-08-24 08:15:21.521,InnoDB,rwlock: hash0hash.cc:117,,11833,
1787559321.517,2026-08-24 08:15:21.521,InnoDB,rwlock: hash0hash.cc:117,,4384,
1787559321.517,2026-08-24 08:15:21.521,InnoDB,rwlock: hash0hash.cc:117,,12963,
1787559321.517,2026-08-24 08:15:21.521,InnoDB,rwlock: hash0hash.cc:117,,4491,
1787559321.517,2026-08-24 08:15:21.521,InnoDB,rwlock: hash0hash.cc:117,,4719,
1787559321.517,2026-08-24 08:15:21.521,InnoDB,rwlock: hash0hash.cc:117,,8268,
1787559321.517,2026-08-24 08:15:21.521,InnoDB,rwlock: hash0hash.cc:117,,4615,
1787559321.517,2026-08-24 08:15:21.521,InnoDB,rwlock: hash0hash.cc:117,,4463,
1787559321.517,2026-08-24 08:15:21.521,InnoDB,rwlock: hash0hash.cc:117,,4657,
1787559321.517,2026-08-24 08:15:21.521,InnoDB,rwlock: hash0hash.cc:117,,8190,
1787559321.517,2026-08-24 08:15:21.521,InnoDB,rwlock: hash0hash.cc:117,,4271,
1787559321.517,2026-08-24 08:15:21.521,InnoDB,rwlock: hash0hash.cc:117,,5914,
1787559321.517,2026-08-24 08:15:21.521,InnoDB,rwlock: hash0hash.cc:117,,12167,
1787559321.517,2026-08-24 08:15:21.521,InnoDB,rwlock: hash0hash.cc:117,,4739,
1787559321.517,2026-08-24 08:15:21.521,InnoDB,rwlock: hash0hash.cc:117,,8809,
1787559321.517,2026-08-24 08:15:21.521,InnoDB,rwlock: hash0hash.cc:117,,8649,
1787559321.517,2026-08-24 08:15:21.521,InnoDB,rwlock: hash0hash.cc:117,,4485,
1787559321.517,2026-08-24 08:15:21.521,InnoDB,rwlock: hash0hash.cc:117,,12980,
1787559321.517,2026-08-24 08:15:21.521,InnoDB,rwlock: hash0hash.cc:117,,11382,
1787559321.517,2026-08-24 08:15:21.521,InnoDB,rwlock: hash0hash.cc:117,,5561,
1787559321.517,2026-08-24 08:15:21.521,InnoDB,rwlock: hash0hash.cc:117,,4307,
1787559321.517,2026-08-24 08:15:21.521,InnoDB,rwlock: hash0hash.cc:117,,4695,
1787559321.517,2026-08-24 08:15:21.521,InnoDB,rwlock: hash0hash.cc:117,,5044,
1787559321.517,2026-08-24 08:15:21.521,InnoDB,rwlock: hash0hash.cc:117,,5421,
1787559321.517,2026-08-24 08:15:21.521,InnoDB,rwlock: hash0hash.cc:117,,7472,
1787559321.517,2026-08-24 08:15:21.521,InnoDB,rwlock: hash0hash.cc:117,,14144,
1787559321.517,2026-08-24 08:15:21.521,InnoDB,rwlock: hash0hash.cc:117,,5659,
1787559321.517,2026-08-24 08:15:21.521,InnoDB,rwlock: hash0hash.cc:117,,13677,
1787559321.517,2026-08-24 08:15:21.521,InnoDB,rwlock: hash0hash.cc:117,,6976,
1787559321.517,2026-08-24 08:15:21.521,InnoDB,rwlock: hash0hash.cc:117,,6287,
1787559321.517,2026-08-24 08:15:21.521,InnoDB,rwlock: hash0hash.cc:117,,5390,
1787559321.517,2026-08-24 08:15:21.521,InnoDB,rwlock: hash0hash.cc:117,,7231,
1787559321.517,2026-08-24 08:15:21.521,InnoDB,rwlock: hash0hash.cc:117,,5638,
1787559321.517,2026-08-24 08:15:21.521,InnoDB,rwlock: hash0hash.cc:117,,8301,
1787559321.517,2026-08-24 08:15:21.521,InnoDB,rwlock: hash0hash.cc:117,,5519,
1787559321.517,2026-08-24 08:15:21.521,InnoDB,rwlock: hash0hash.cc:117,,5612,
1787559321.517,2026-08-24 08:15:21.521,InnoDB,rwlock: hash0hash.cc:117,,5078,
1787559321.517,2026-08-24 08:15:21.521,InnoDB,rwlock: hash0hash.cc:117,,5386,
1787559321.517,2026-08-24 08:15:21.521,InnoDB,rwlock: hash0hash.cc:117,,10698,
1787559321.517,2026-08-24 08:15:21.521,InnoDB,rwlock: hash0hash.cc:117,,5152,
1787559321.517,2026-08-24 08:15:21.521,InnoDB,rwlock: hash0hash.cc:117,,8133,
1787559321.517,2026-08-24 08:15:21.521,InnoDB,rwlock: hash0hash.cc:117,,5558,
1787559321.517,2026-08-24 08:15:21.521,InnoDB,rwlock: hash0hash.cc:117,,4402,
1787559321.517,2026-08-24 08:15:21.521,InnoDB,rwlock: hash0hash.cc:117,,10942,
1787559321.517,2026-08-24 08:15:21.521,InnoDB,rwlock: hash0hash.cc:117,,5268,
1787559321.517,2026-08-24 08:15:21.521,InnoDB,rwlock: hash0hash.cc:117,,3887,
1787559321.517,2026-08-24 08:15:21.521,InnoDB,rwlock: hash0hash.cc:117,,4053,
1787559321.517,2026-08-24 08:15:21.521,InnoDB,rwlock: hash0hash.cc:117,,4795,
1787559321.517,2026-08-24 08:15:21.521,InnoDB,rwlock: hash0hash.cc:117,,6689,
1787559321.517,2026-08-24 08:15:21.521,InnoDB,rwlock: hash0hash.cc:117,,4167,
1787559321.517,2026-08-24 08:15:21.521,InnoDB,rwlock: hash0hash.cc:117,,3964,
1787559321.517,2026-08-24 08:15:21.521,InnoDB,rwlock: hash0hash.cc:117,,11113,
1787559321.517,2026-08-24 08:15:21.521,InnoDB,rwlock: hash0hash.cc:117,,5443,
1787559321.517,2026-08-24 08:15:21.521,InnoDB,rwlock: hash0hash.cc:117,,4108,
1787559321.517,2026-08-24 08:15:21.521,InnoDB,rwlock: hash0hash.cc:117,,3930,
1787559321.517,2026-08-24 08:15:21.521,InnoDB,rwlock: hash0hash.cc:117,,7712,
1787559321.517,2026-08-24 08:15:21.521,InnoDB,rwlock: hash0hash.cc:117,,6158,
1787559321.517,2026-08-24 08:15:21.521,InnoDB,rwlock: hash0hash.cc:117,,5875,
1787559321.517,2026-08-24 08:15:21.521,InnoDB,rwlock: hash0hash.cc:117,,7526,
1787559321.517,2026-08-24 08:15:21.521,InnoDB,rwlock: hash0hash.cc:117,,5746,
1787559321.517,2026-08-24 08:15:21.521,InnoDB,rwlock: hash0hash.cc:117,,11891,
1787559321.517,2026-08-24 08:15:21.521,InnoDB,rwlock: hash0hash.cc:117,,10509,
1787559321.517,2026-08-24 08:15:21.521,InnoDB,rwlock: hash0hash.cc:117,,5754,
1787559321.517,2026-08-24 08:15:21.521,InnoDB,rwlock: hash0hash.cc:117,,16865,
1787559321.517,2026-08-24 08:15:21.521,InnoDB,rwlock: hash0hash.cc:117,,14706,
1787559321.517,2026-08-24 08:15:21.521,InnoDB,rwlock: hash0hash.cc:117,,6257,
1787559321.517,2026-08-24 08:15:21.521,InnoDB,rwlock: hash0hash.cc:117,,10221,
1787559321.517,2026-08-24 08:15:21.521,InnoDB,rwlock: hash0hash.cc:117,,5861,
1787559321.517,2026-08-24 08:15:21.521,InnoDB,rwlock: hash0hash.cc:117,,5676,
1787559321.517,2026-08-24 08:15:21.521,InnoDB,rwlock: hash0hash.cc:117,,15401,
1787559321.517,2026-08-24 08:15:21.521,InnoDB,rwlock: hash0hash.cc:117,,6102,
1787559321.517,2026-08-24 08:15:21.521,InnoDB,rwlock: hash0hash.cc:117,,5309,
1787559321.517,2026-08-24 08:15:21.521,InnoDB,rwlock: hash0hash.cc:117,,5060,
1787559321.517,2026-08-24 08:15:21.521,InnoDB,rwlock: hash0hash.cc:117,,8847,
1787559321.517,2026-08-24 08:15:21.521,InnoDB,rwlock: hash0hash.cc:117,,9236,
1787559321.517,2026-08-24 08:15:21.521,InnoDB,rwlock: hash0hash.cc:117,,4950,
1787559321.517,2026-08-24 08:15:21.521,InnoDB,rwlock: hash0hash.cc:117,,12735,
1787559321.517,2026-08-24 08:15:21.521,InnoDB,rwlock: hash0hash.cc:117,,13138,
1787559321.517,2026-08-24 08:15:21.521,InnoDB,rwlock: hash0hash.cc:117,,6392,
1787559321.517,2026-08-24 08:15:21.521,InnoDB,rwlock: hash0hash.cc:117,,4847,
1787559321.517,2026-08-24 08:15:21.521,InnoDB,rwlock: hash0hash.cc:117,,4905,
1787559321.517,2026-08-24 08:15:21.521,InnoDB,rwlock: hash0hash.cc:117,,9065,
1787559321.517,2026-08-24 08:15:21.521,InnoDB,rwlock: hash0hash.cc:117,,5199,
1787559321.517,2026-08-24 08:15:21.521,InnoDB,rwlock: hash0hash.cc:117,,6188,
1787559321.517,2026-08-24 08:15:21.521,InnoDB,rwlock: hash0hash.cc:117,,14803,
1787559321.517,2026-08-24 08:15:21.521,InnoDB,rwlock: hash0hash.cc:117,,4700,
1787559321.517,2026-08-24 08:15:21.521,InnoDB,rwlock: hash0hash.cc:117,,5310,
1787559321.517,2026-08-24 08:15:21.521,InnoDB,rwlock: hash0hash.cc:117,,4987,
1787559321.517,2026-08-24 08:15:21.521,InnoDB,rwlock: hash0hash.cc:117,,9770,
1787559321.517,2026-08-24 08:15:21.521,InnoDB,rwlock: hash0hash.cc:117,,4908,
1787559321.517,2026-08-24 08:15:21.521,InnoDB,rwlock: hash0hash.cc:117,,4619,
1787559321.517,2026-08-24 08:15:21.521,InnoDB,rwlock: hash0hash.cc:117,,12380,
1787559321.517,2026-08-24 08:15:21.521,InnoDB,rwlock: hash0hash.cc:117,,6110,
1787559321.517,2026-08-24 08:15:21.521,InnoDB,rwlock: hash0hash.cc:117,,4978,
1787559321.517,2026-08-24 08:15:21.521,InnoDB,rwlock: hash0hash.cc:117,,4543,
1787559321.517,2026-08-24 08:15:21.521,InnoDB,rwlock: hash0hash.cc:117,,4761,
1787559321.517,2026-08-24 08:15:21.521,InnoDB,rwlock: hash0hash.cc:117,,9380,
1787559321.517,2026-08-24 08:15:21.521,InnoDB,rwlock: hash0hash.cc:117,,5984,
1787559321.517,2026-08-24 08:15:21.521,InnoDB,rwlock: hash0hash.cc:117,,4810,
1787559321.517,2026-08-24 08:15:21.521,InnoDB,rwlock: hash0hash.cc:117,,12937,
1787559321.517,2026-08-24 08:15:21.521,InnoDB,rwlock: hash0hash.cc:117,,4883,
1787559321.517,2026-08-24 08:15:21.521,InnoDB,rwlock: hash0hash.cc:117,,4530,
1787559321.517,2026-08-24 08:15:21.521,InnoDB,rwlock: hash0hash.cc:117,,5036,
1787559321.517,2026-08-24 08:15:21.521,InnoDB,sum rwlock: buf0buf.cc:852,,3466817,
