timestamp_unix,timestamp_human,type,name,spins,waits,calls
1787550794.322,2026-08-24 05:53:14.323,InnoDB,PAGE_CLEANER,298855826,7592335,33340626
1787550794.322,2026-08-24 05:53:14.323,InnoDB,TRX_SYS,21112594,279993,8821064
1787550794.322,2026-08-24 05:53:14.323,InnoDB,SRV_SYS,8419180,211083,918277
1787550794.322,2026-08-24 05:53:14.323,InnoDB,BUF_POOL_LRU_LIST,5416099,80951,2275310
1787550794.322,2026-08-24 05:53:14.323,InnoDB,BUF_POOL_LRU_LIST,5622623,76846,2556112
1787550794.322,2026-08-24 05:53:14.323,InnoDB,BUF_POOL_LRU_LIST,5406599,75812,2464978
1787550794.322,2026-08-24 05:53:14.323,InnoDB,BUF_POOL_LRU_LIST,5418002,74747,2427823
1787550794.322,2026-08-24 05:53:14.323,InnoDB,BUF_POOL_LRU_LIST,5341057,74316,2478495
1787550794.322,2026-08-24 05:53:14.323,InnoDB,BUF_POOL_LRU_LIST,5409430,74292,2422629
1787550794.322,2026-08-24 05:53:14.323,InnoDB,BUF_POOL_LRU_LIST,5374338,73984,2397911
1787550794.322,2026-08-24 05:53:14.323,InnoDB,BUF_POOL_LRU_LIST,5178776,69840,2450361
1787550794.322,2026-08-24 05:53:14.323,InnoDB,LOG_WRITER,1796421,59760,2611
1787550794.322,2026-08-24 05:53:14.323,InnoDB,DICT_SYS,27012599,37548,18667657
1787550794.322,2026-08-24 05:53:14.323,InnoDB,FLUSH_LIST,1169717,26146,334848
1787550794.322,2026-08-24 05:53:14.323,InnoDB,FLUSH_LIST,1152118,26058,338746
1787550794.322,2026-08-24 05:53:14.323,InnoDB,FLUSH_LIST,1163302,25748,335822
1787550794.322,2026-08-24 05:53:14.323,InnoDB,FLUSH_LIST,1132407,25526,318889
1787550794.322,2026-08-24 05:53:14.323,InnoDB,FLUSH_LIST,1148545,25294,357682
1787550794.322,2026-08-24 05:53:14.323,InnoDB,FLUSH_LIST,1116176,25109,310499
1787550794.322,2026-08-24 05:53:14.323,InnoDB,FLUSH_LIST,1134612,25034,332889
1787550794.322,2026-08-24 05:53:14.323,InnoDB,FLUSH_LIST,1070365,22863,341713
1787550794.322,2026-08-24 05:53:14.323,InnoDB,BUF_POOL_FLUSH_STATE,1454451,19066,514943
1787550794.322,2026-08-24 05:53:14.323,InnoDB,BUF_POOL_FLUSH_STATE,1435875,18773,524174
1787550794.322,2026-08-24 05:53:14.323,InnoDB,BUF_POOL_FLUSH_STATE,1420889,18228,524676
1787550794.322,2026-08-24 05:53:14.323,InnoDB,BUF_POOL_FLUSH_STATE,1392198,18103,492108
1787550794.322,2026-08-24 05:53:14.323,InnoDB,BUF_POOL_FLUSH_STATE,1373212,17845,494076
1787550794.322,2026-08-24 05:53:14.323,InnoDB,BUF_POOL_FLUSH_STATE,1366961,17481,489431
1787550794.322,2026-08-24 05:53:14.323,InnoDB,BUF_POOL_FLUSH_STATE,1382191,17432,501021
1787550794.322,2026-08-24 05:53:14.323,InnoDB,BUF_POOL_FLUSH_STATE,1359949,17160,488445
1787550794.322,2026-08-24 05:53:14.323,InnoDB,PURGE_SYS_PQ,1740865,11525,1137371
1787550794.322,2026-08-24 05:53:14.323,InnoDB,TRX_SYS_SERIALISATION,1275272,11068,776959
1787550794.322,2026-08-24 05:53:14.323,InnoDB,FIL_SHARD,260063,4235,76488
1787550794.322,2026-08-24 05:53:14.323,InnoDB,FIL_SHARD,234264,4147,67273
1787550794.322,2026-08-24 05:53:14.323,InnoDB,FIL_SHARD,235995,4115,68484
1787550794.322,2026-08-24 05:53:14.323,InnoDB,FIL_SHARD,233857,4085,68856
1787550794.322,2026-08-24 05:53:14.323,InnoDB,FIL_SHARD,225642,3974,65120
1787550794.322,2026-08-24 05:53:14.323,InnoDB,FIL_SHARD,225926,3888,66107
1787550794.322,2026-08-24 05:53:14.323,InnoDB,FIL_SHARD,224363,3879,66997
1787550794.322,2026-08-24 05:53:14.323,InnoDB,FIL_SHARD,223694,3873,67440
1787550794.322,2026-08-24 05:53:14.323,InnoDB,FIL_SHARD,222590,3846,66384
1787550794.322,2026-08-24 05:53:14.323,InnoDB,FIL_SHARD,221563,3806,64941
1787550794.322,2026-08-24 05:53:14.323,InnoDB,FIL_SHARD,220637,3798,65790
1787550794.322,2026-08-24 05:53:14.323,InnoDB,FIL_SHARD,219274,3773,66444
1787550794.322,2026-08-24 05:53:14.323,InnoDB,FIL_SHARD,210798,3577,67175
1787550794.322,2026-08-24 05:53:14.323,InnoDB,FIL_SHARD,207865,3541,66192
1787550794.322,2026-08-24 05:53:14.323,InnoDB,FIL_SHARD,201148,3503,60616
1787550794.322,2026-08-24 05:53:14.323,InnoDB,FIL_SHARD,209341,3495,64126
1787550794.322,2026-08-24 05:53:14.323,InnoDB,FIL_SHARD,194357,3388,59657
1787550794.322,2026-08-24 05:53:14.323,InnoDB,FIL_SHARD,198085,3358,64128
1787550794.322,2026-08-24 05:53:14.323,InnoDB,FIL_SHARD,194724,3216,65350
1787550794.322,2026-08-24 05:53:14.323,InnoDB,FIL_SHARD,181678,3041,58627
1787550794.322,2026-08-24 05:53:14.323,InnoDB,TRX,586801,2256,862610
1787550794.322,2026-08-24 05:53:14.323,InnoDB,LOG_FILES,59381,1665,2072
1787550794.322,2026-08-24 05:53:14.323,InnoDB,LOCK_SYS_TABLE,86819,1239,38293
1787550794.322,2026-08-24 05:53:14.323,InnoDB,LOCK_SYS_TABLE,81851,1142,38210
1787550794.322,2026-08-24 05:53:14.323,InnoDB,LOG_FLUSHER,46006,1132,1994
1787550794.322,2026-08-24 05:53:14.323,InnoDB,LOCK_SYS_TABLE,78395,1088,36159
1787550794.322,2026-08-24 05:53:14.323,InnoDB,LOCK_SYS_TABLE,80496,1076,37859
1787550794.322,2026-08-24 05:53:14.323,InnoDB,LOCK_SYS_TABLE,80430,1063,38073
1787550794.322,2026-08-24 05:53:14.323,InnoDB,LOCK_SYS_TABLE,79959,1055,39732
1787550794.322,2026-08-24 05:53:14.323,InnoDB,LOCK_SYS_TABLE,76652,1034,36384
1787550794.322,2026-08-24 05:53:14.323,InnoDB,LOCK_SYS_TABLE,76667,1013,38305
1787550794.322,2026-08-24 05:53:14.323,InnoDB,LOCK_SYS_TABLE,77315,1009,36453
1787550794.322,2026-08-24 05:53:14.323,InnoDB,LOCK_SYS_TABLE,76392,1005,35843
1787550794.322,2026-08-24 05:53:14.323,InnoDB,LOCK_SYS_TABLE,78087,1002,37495
1787550794.322,2026-08-24 05:53:14.323,InnoDB,LOCK_SYS_TABLE,77877,997,39143
1787550794.322,2026-08-24 05:53:14.323,InnoDB,LOCK_SYS_TABLE,75800,997,38167
1787550794.322,2026-08-24 05:53:14.323,InnoDB,LOCK_SYS_TABLE,74732,979,36671
1787550794.322,2026-08-24 05:53:14.323,InnoDB,LOCK_SYS_TABLE,76510,960,38722
1787550794.322,2026-08-24 05:53:14.323,InnoDB,LOCK_SYS_TABLE,77947,959,39114
1787550794.322,2026-08-24 05:53:14.323,InnoDB,LOCK_SYS_TABLE,74146,951,37019
1787550794.322,2026-08-24 05:53:14.323,InnoDB,LOCK_SYS_TABLE,74105,947,37559
1787550794.322,2026-08-24 05:53:14.323,InnoDB,LOCK_SYS_TABLE,75195,937,38428
1787550794.322,2026-08-24 05:53:14.323,InnoDB,LOCK_SYS_TABLE,73025,933,35703
1787550794.322,2026-08-24 05:53:14.323,InnoDB,DICT_PERSIST_DIRTY_TABLES,2159142,841,947380
1787550794.322,2026-08-24 05:53:14.323,InnoDB,SRV_SYS_TASKS,405636,599,391755
1787550794.322,2026-08-24 05:53:14.323,InnoDB,BUF_BLOCK_MUTEX,18980,575,946
1787550794.322,2026-08-24 05:53:14.323,InnoDB,IBUF_BITMAP,47508,388,27908
1787550794.322,2026-08-24 05:53:14.323,InnoDB,FIL_SHARD,26716,251,25039
1787550794.322,2026-08-24 05:53:14.323,InnoDB,FIL_SHARD,25620,247,24451
1787550794.322,2026-08-24 05:53:14.323,InnoDB,LOG_LIMITS,67124,128,30508
1787550794.322,2026-08-24 05:53:14.323,InnoDB,BUF_POOL_FREE_LIST,41136,79,37214
1787550794.322,2026-08-24 05:53:14.323,InnoDB,BUF_POOL_FREE_LIST,33529,76,31960
1787550794.322,2026-08-24 05:53:14.323,InnoDB,BUF_POOL_FREE_LIST,33641,72,33516
1787550794.322,2026-08-24 05:53:14.323,InnoDB,BUF_POOL_FREE_LIST,34863,69,33000
1787550794.322,2026-08-24 05:53:14.323,InnoDB,BUF_POOL_FREE_LIST,33448,69,33123
1787550794.322,2026-08-24 05:53:14.323,InnoDB,BUF_POOL_FREE_LIST,40495,66,37146
1787550794.322,2026-08-24 05:53:14.323,InnoDB,BUF_POOL_FREE_LIST,33891,53,33393
1787550794.322,2026-08-24 05:53:14.323,InnoDB,BUF_POOL_FREE_LIST,33259,52,33867
1787550794.322,2026-08-24 05:53:14.323,InnoDB,LOCK_SYS_PAGE,2232,49,584
1787550794.322,2026-08-24 05:53:14.323,InnoDB,UNDO_SPACE_RSEG,4908,41,1827
1787550794.322,2026-08-24 05:53:14.323,InnoDB,LOCK_SYS_PAGE,1924,40,599
1787550794.322,2026-08-24 05:53:14.323,InnoDB,LOCK_SYS_PAGE,1965,39,620
1787550794.322,2026-08-24 05:53:14.323,InnoDB,LOCK_SYS_PAGE,1937,39,585
1787550794.322,2026-08-24 05:53:14.323,InnoDB,LOCK_SYS_PAGE,1957,38,611
1787550794.322,2026-08-24 05:53:14.323,InnoDB,LOCK_SYS_PAGE,1951,38,637
1787550794.322,2026-08-24 05:53:14.323,InnoDB,LOCK_SYS_PAGE,1749,37,534
1787550794.322,2026-08-24 05:53:14.323,InnoDB,LOCK_SYS_PAGE,1957,37,588
1787550794.322,2026-08-24 05:53:14.323,InnoDB,UNDO_SPACE_RSEG,4537,37,1778
1787550794.322,2026-08-24 05:53:14.323,InnoDB,LOCK_SYS_PAGE,1805,36,589
1787550794.322,2026-08-24 05:53:14.323,InnoDB,UNDO_SPACE_RSEG,5033,36,1934
1787550794.322,2026-08-24 05:53:14.323,InnoDB,LOCK_SYS_PAGE,1845,36,637
1787550794.322,2026-08-24 05:53:14.323,InnoDB,LOCK_SYS_PAGE,1755,36,562
1787550794.322,2026-08-24 05:53:14.323,InnoDB,UNDO_SPACE_RSEG,4861,36,1960
1787550794.322,2026-08-24 05:53:14.323,InnoDB,LOCK_SYS_PAGE,1717,35,559
1787550794.322,2026-08-24 05:53:14.323,InnoDB,LOCK_SYS_PAGE,1718,35,595
1787550794.322,2026-08-24 05:53:14.323,InnoDB,LOCK_SYS_PAGE,1827,35,604
1787550794.322,2026-08-24 05:53:14.323,InnoDB,UNDO_SPACE_RSEG,4971,35,1897
1787550794.322,2026-08-24 05:53:14.323,InnoDB,UNDO_SPACE_RSEG,4711,35,1886
1787550794.322,2026-08-24 05:53:14.323,InnoDB,LOCK_SYS_PAGE,1955,35,624
1787550794.322,2026-08-24 05:53:14.323,InnoDB,UNDO_SPACE_RSEG,4752,35,1847
1787550794.322,2026-08-24 05:53:14.323,InnoDB,UNDO_SPACE_RSEG,4754,35,1947
1787550794.322,2026-08-24 05:53:14.323,InnoDB,UNDO_SPACE_RSEG,4731,35,1866
1787550794.322,2026-08-24 05:53:14.323,InnoDB,LOCK_SYS_PAGE,1733,34,634
1787550794.322,2026-08-24 05:53:14.323,InnoDB,UNDO_SPACE_RSEG,4906,34,1963
1787550794.322,2026-08-24 05:53:14.323,InnoDB,UNDO_SPACE_RSEG,4617,34,1917
1787550794.322,2026-08-24 05:53:14.323,InnoDB,UNDO_SPACE_RSEG,4737,34,1867
1787550794.322,2026-08-24 05:53:14.323,InnoDB,UNDO_SPACE_RSEG,4682,34,1909
1787550794.322,2026-08-24 05:53:14.323,InnoDB,UNDO_SPACE_RSEG,4857,34,1897
1787550794.322,2026-08-24 05:53:14.323,InnoDB,LOCK_SYS_PAGE,1789,34,648
1787550794.322,2026-08-24 05:53:14.323,InnoDB,UNDO_SPACE_RSEG,4792,34,1886
1787550794.322,2026-08-24 05:53:14.323,InnoDB,LOCK_SYS_PAGE,1837,34,636
1787550794.322,2026-08-24 05:53:14.323,InnoDB,UNDO_SPACE_RSEG,4712,34,1886
1787550794.322,2026-08-24 05:53:14.323,InnoDB,UNDO_SPACE_RSEG,4714,34,1879
1787550794.322,2026-08-24 05:53:14.323,InnoDB,LOCK_SYS_PAGE,1645,34,562
1787550794.322,2026-08-24 05:53:14.323,InnoDB,LOCK_SYS_PAGE,1706,33,606
1787550794.322,2026-08-24 05:53:14.323,InnoDB,UNDO_SPACE_RSEG,4859,33,1886
1787550794.322,2026-08-24 05:53:14.323,InnoDB,LOCK_SYS_PAGE,1649,33,550
1787550794.322,2026-08-24 05:53:14.323,InnoDB,UNDO_SPACE_RSEG,4852,33,1889
1787550794.322,2026-08-24 05:53:14.323,InnoDB,UNDO_SPACE_RSEG,4686,33,1894
1787550794.322,2026-08-24 05:53:14.323,InnoDB,UNDO_SPACE_RSEG,4668,33,1861
1787550794.322,2026-08-24 05:53:14.323,InnoDB,LOCK_SYS_PAGE,1663,33,551
1787550794.322,2026-08-24 05:53:14.323,InnoDB,UNDO_SPACE_RSEG,4770,33,1877
1787550794.322,2026-08-24 05:53:14.323,InnoDB,LOCK_SYS_PAGE,1802,33,583
1787550794.322,2026-08-24 05:53:14.323,InnoDB,LOCK_SYS_PAGE,1623,33,563
1787550794.322,2026-08-24 05:53:14.323,InnoDB,UNDO_SPACE_RSEG,4722,33,1910
1787550794.322,2026-08-24 05:53:14.323,InnoDB,LOCK_SYS_PAGE,1820,33,684
1787550794.322,2026-08-24 05:53:14.323,InnoDB,UNDO_SPACE_RSEG,4727,33,1875
1787550794.322,2026-08-24 05:53:14.323,InnoDB,UNDO_SPACE_RSEG,4630,33,1895
1787550794.322,2026-08-24 05:53:14.323,InnoDB,UNDO_SPACE_RSEG,4939,33,1931
1787550794.322,2026-08-24 05:53:14.323,InnoDB,LOCK_SYS_PAGE,1690,33,559
1787550794.322,2026-08-24 05:53:14.323,InnoDB,LOCK_SYS_PAGE,1714,33,583
1787550794.322,2026-08-24 05:53:14.323,InnoDB,LOCK_SYS_PAGE,1697,32,581
1787550794.322,2026-08-24 05:53:14.323,InnoDB,LOCK_SYS_PAGE,1725,32,554
1787550794.322,2026-08-24 05:53:14.323,InnoDB,UNDO_SPACE_RSEG,4602,32,1848
1787550794.322,2026-08-24 05:53:14.323,InnoDB,UNDO_SPACE_RSEG,4708,32,1951
1787550794.322,2026-08-24 05:53:14.323,InnoDB,UNDO_SPACE_RSEG,4668,32,1881
1787550794.322,2026-08-24 05:53:14.323,InnoDB,LOCK_SYS_PAGE,1738,32,572
1787550794.322,2026-08-24 05:53:14.323,InnoDB,UNDO_SPACE_RSEG,4736,32,1928
1787550794.322,2026-08-24 05:53:14.323,InnoDB,LOCK_SYS_PAGE,1687,32,540
1787550794.322,2026-08-24 05:53:14.323,InnoDB,UNDO_SPACE_RSEG,4600,32,1884
1787550794.322,2026-08-24 05:53:14.323,InnoDB,LOCK_SYS_PAGE,1755,32,617
1787550794.322,2026-08-24 05:53:14.323,InnoDB,UNDO_SPACE_RSEG,4675,32,1893
1787550794.322,2026-08-24 05:53:14.323,InnoDB,LOCK_SYS_PAGE,1676,32,570
1787550794.322,2026-08-24 05:53:14.323,InnoDB,LOCK_SYS_PAGE,1739,32,611
1787550794.322,2026-08-24 05:53:14.323,InnoDB,LOCK_SYS_PAGE,1580,32,528
1787550794.322,2026-08-24 05:53:14.323,InnoDB,LOCK_SYS_PAGE,1634,32,572
1787550794.322,2026-08-24 05:53:14.323,InnoDB,LOCK_SYS_PAGE,1653,32,551
1787550794.322,2026-08-24 05:53:14.323,InnoDB,LOCK_SYS_PAGE,1669,32,595
1787550794.322,2026-08-24 05:53:14.323,InnoDB,UNDO_SPACE_RSEG,4709,32,1874
1787550794.322,2026-08-24 05:53:14.323,InnoDB,UNDO_SPACE_RSEG,4805,32,1912
1787550794.322,2026-08-24 05:53:14.323,InnoDB,UNDO_SPACE_RSEG,4774,32,1891
1787550794.322,2026-08-24 05:53:14.323,InnoDB,UNDO_SPACE_RSEG,4870,32,1904
1787550794.322,2026-08-24 05:53:14.323,InnoDB,LOCK_SYS_PAGE,1656,31,545
1787550794.322,2026-08-24 05:53:14.323,InnoDB,UNDO_SPACE_RSEG,4593,31,1943
1787550794.322,2026-08-24 05:53:14.323,InnoDB,LOCK_SYS_PAGE,1593,31,520
1787550794.322,2026-08-24 05:53:14.323,InnoDB,UNDO_SPACE_RSEG,4882,31,1931
1787550794.322,2026-08-24 05:53:14.323,InnoDB,UNDO_SPACE_RSEG,4562,31,1882
1787550794.322,2026-08-24 05:53:14.323,InnoDB,UNDO_SPACE_RSEG,4552,31,1825
1787550794.322,2026-08-24 05:53:14.323,InnoDB,UNDO_SPACE_RSEG,4599,31,1856
1787550794.322,2026-08-24 05:53:14.323,InnoDB,LOCK_SYS_PAGE,1662,31,598
1787550794.322,2026-08-24 05:53:14.323,InnoDB,LOCK_SYS_PAGE,1674,31,564
1787550794.322,2026-08-24 05:53:14.323,InnoDB,LOCK_SYS_PAGE,1673,31,574
1787550794.322,2026-08-24 05:53:14.323,InnoDB,LOCK_SYS_PAGE,1720,31,652
1787550794.322,2026-08-24 05:53:14.323,InnoDB,LOCK_SYS_PAGE,1703,31,599
1787550794.322,2026-08-24 05:53:14.323,InnoDB,LOCK_SYS_PAGE,1655,31,546
1787550794.322,2026-08-24 05:53:14.323,InnoDB,UNDO_SPACE_RSEG,4677,30,1916
1787550794.322,2026-08-24 05:53:14.323,InnoDB,UNDO_SPACE_RSEG,4614,30,1868
1787550794.322,2026-08-24 05:53:14.323,InnoDB,UNDO_SPACE_RSEG,4627,30,1866
1787550794.322,2026-08-24 05:53:14.323,InnoDB,LOCK_SYS_PAGE,1661,30,582
1787550794.322,2026-08-24 05:53:14.323,InnoDB,LOCK_SYS_PAGE,1576,30,570
1787550794.322,2026-08-24 05:53:14.323,InnoDB,LOCK_SYS_PAGE,1776,30,681
1787550794.322,2026-08-24 05:53:14.323,InnoDB,UNDO_SPACE_RSEG,4724,30,1905
1787550794.322,2026-08-24 05:53:14.323,InnoDB,LOCK_SYS_PAGE,1740,30,567
1787550794.322,2026-08-24 05:53:14.323,InnoDB,UNDO_SPACE_RSEG,4492,30,1863
1787550794.322,2026-08-24 05:53:14.323,InnoDB,LOCK_SYS_PAGE,1651,30,564
1787550794.322,2026-08-24 05:53:14.323,InnoDB,LOCK_SYS_PAGE,1579,30,553
1787550794.322,2026-08-24 05:53:14.323,InnoDB,UNDO_SPACE_RSEG,4585,30,1905
1787550794.322,2026-08-24 05:53:14.323,InnoDB,LOCK_SYS_PAGE,1647,30,614
1787550794.322,2026-08-24 05:53:14.323,InnoDB,UNDO_SPACE_RSEG,4589,30,1888
1787550794.322,2026-08-24 05:53:14.323,InnoDB,UNDO_SPACE_RSEG,4588,30,1881
1787550794.322,2026-08-24 05:53:14.323,InnoDB,UNDO_SPACE_RSEG,4396,30,1774
1787550794.322,2026-08-24 05:53:14.323,InnoDB,UNDO_SPACE_RSEG,4398,30,1842
1787550794.322,2026-08-24 05:53:14.323,InnoDB,LOCK_SYS_PAGE,1608,30,617
1787550794.322,2026-08-24 05:53:14.323,InnoDB,UNDO_SPACE_RSEG,4776,30,1958
1787550794.322,2026-08-24 05:53:14.323,InnoDB,LOCK_SYS_PAGE,1667,30,556
1787550794.322,2026-08-24 05:53:14.323,InnoDB,LOCK_SYS_PAGE,1617,30,531
1787550794.322,2026-08-24 05:53:14.323,InnoDB,LOCK_SYS_PAGE,1581,30,544
1787550794.322,2026-08-24 05:53:14.323,InnoDB,LOCK_SYS_PAGE,1733,30,559
1787550794.322,2026-08-24 05:53:14.323,InnoDB,LOCK_SYS_PAGE,1525,30,589
1787550794.322,2026-08-24 05:53:14.323,InnoDB,LOCK_SYS_PAGE,1667,30,584
1787550794.322,2026-08-24 05:53:14.323,InnoDB,UNDO_SPACE_RSEG,4549,29,1807
1787550794.322,2026-08-24 05:53:14.323,InnoDB,UNDO_SPACE_RSEG,4564,29,1841
1787550794.322,2026-08-24 05:53:14.323,InnoDB,UNDO_SPACE_RSEG,4743,29,1948
1787550794.322,2026-08-24 05:53:14.323,InnoDB,UNDO_SPACE_RSEG,4595,29,1889
1787550794.322,2026-08-24 05:53:14.323,InnoDB,UNDO_SPACE_RSEG,4633,29,1902
1787550794.322,2026-08-24 05:53:14.323,InnoDB,LOCK_SYS_PAGE,1480,29,558
1787550794.322,2026-08-24 05:53:14.323,InnoDB,LOCK_SYS_PAGE,1606,29,590
1787550794.322,2026-08-24 05:53:14.323,InnoDB,LOCK_SYS_PAGE,1510,29,554
1787550794.322,2026-08-24 05:53:14.323,InnoDB,LOCK_SYS_PAGE,1580,29,533
1787550794.322,2026-08-24 05:53:14.323,InnoDB,LOCK_SYS_PAGE,1757,29,592
1787550794.322,2026-08-24 05:53:14.323,InnoDB,LOCK_SYS_PAGE,1543,29,606
1787550794.322,2026-08-24 05:53:14.323,InnoDB,LOCK_SYS_PAGE,1491,29,531
1787550794.322,2026-08-24 05:53:14.323,InnoDB,UNDO_SPACE_RSEG,4750,29,1904
1787550794.322,2026-08-24 05:53:14.323,InnoDB,LOCK_SYS_PAGE,1572,29,542
1787550794.322,2026-08-24 05:53:14.323,InnoDB,LOCK_SYS_PAGE,1658,29,520
1787550794.322,2026-08-24 05:53:14.323,InnoDB,LOCK_SYS_PAGE,1538,29,604
1787550794.322,2026-08-24 05:53:14.323,InnoDB,LOCK_SYS_PAGE,1602,29,535
1787550794.322,2026-08-24 05:53:14.323,InnoDB,LOCK_SYS_PAGE,1607,29,563
1787550794.322,2026-08-24 05:53:14.323,InnoDB,LOCK_SYS_PAGE,1678,29,542
1787550794.322,2026-08-24 05:53:14.323,InnoDB,UNDO_SPACE_RSEG,4654,29,1910
1787550794.322,2026-08-24 05:53:14.323,InnoDB,UNDO_SPACE_RSEG,4728,29,1880
1787550794.322,2026-08-24 05:53:14.323,InnoDB,UNDO_SPACE_RSEG,4705,29,1981
1787550794.322,2026-08-24 05:53:14.323,InnoDB,UNDO_SPACE_RSEG,4537,29,1898
1787550794.322,2026-08-24 05:53:14.323,InnoDB,LOCK_SYS_PAGE,1619,29,600
1787550794.322,2026-08-24 05:53:14.323,InnoDB,UNDO_SPACE_RSEG,4649,29,1869
1787550794.322,2026-08-24 05:53:14.323,InnoDB,LOCK_SYS_PAGE,1673,29,600
1787550794.322,2026-08-24 05:53:14.323,InnoDB,LOCK_SYS_PAGE,1617,29,634
1787550794.322,2026-08-24 05:53:14.323,InnoDB,UNDO_SPACE_RSEG,4584,29,1906
1787550794.322,2026-08-24 05:53:14.323,InnoDB,LOCK_SYS_PAGE,1518,29,539
1787550794.322,2026-08-24 05:53:14.323,InnoDB,LOCK_SYS_PAGE,1656,29,610
1787550794.322,2026-08-24 05:53:14.323,InnoDB,UNDO_SPACE_RSEG,4851,29,1939
1787550794.322,2026-08-24 05:53:14.323,InnoDB,LOCK_SYS_PAGE,1514,29,569
1787550794.322,2026-08-24 05:53:14.323,InnoDB,LOCK_SYS_PAGE,1561,29,566
1787550794.322,2026-08-24 05:53:14.323,InnoDB,UNDO_SPACE_RSEG,4595,29,1880
1787550794.322,2026-08-24 05:53:14.323,InnoDB,LOCK_SYS_PAGE,1678,29,616
1787550794.322,2026-08-24 05:53:14.323,InnoDB,UNDO_SPACE_RSEG,4766,29,1947
1787550794.322,2026-08-24 05:53:14.323,InnoDB,LOCK_SYS_PAGE,1614,28,596
1787550794.322,2026-08-24 05:53:14.323,InnoDB,UNDO_SPACE_RSEG,4724,28,1934
1787550794.322,2026-08-24 05:53:14.323,InnoDB,LOCK_SYS_PAGE,1563,28,553
1787550794.322,2026-08-24 05:53:14.323,InnoDB,UNDO_SPACE_RSEG,4581,28,1858
1787550794.322,2026-08-24 05:53:14.323,InnoDB,UNDO_SPACE_RSEG,4998,28,2017
1787550794.322,2026-08-24 05:53:14.323,InnoDB,LOCK_SYS_PAGE,1685,28,582
1787550794.322,2026-08-24 05:53:14.323,InnoDB,LOCK_SYS_PAGE,1617,28,590
1787550794.322,2026-08-24 05:53:14.323,InnoDB,LOCK_SYS_PAGE,1744,28,651
1787550794.322,2026-08-24 05:53:14.323,InnoDB,UNDO_SPACE_RSEG,4669,28,1904
1787550794.322,2026-08-24 05:53:14.323,InnoDB,UNDO_SPACE_RSEG,4720,28,1931
1787550794.322,2026-08-24 05:53:14.323,InnoDB,UNDO_SPACE_RSEG,4588,28,1832
1787550794.322,2026-08-24 05:53:14.323,InnoDB,LOCK_SYS_PAGE,1610,28,625
1787550794.322,2026-08-24 05:53:14.323,InnoDB,UNDO_SPACE_RSEG,4702,28,1931
1787550794.322,2026-08-24 05:53:14.323,InnoDB,UNDO_SPACE_RSEG,4383,28,1823
1787550794.322,2026-08-24 05:53:14.323,InnoDB,UNDO_SPACE_RSEG,4752,28,1901
1787550794.322,2026-08-24 05:53:14.323,InnoDB,UNDO_SPACE_RSEG,4581,28,1924
1787550794.322,2026-08-24 05:53:14.323,InnoDB,LOCK_SYS_PAGE,1611,28,639
1787550794.322,2026-08-24 05:53:14.323,InnoDB,UNDO_SPACE_RSEG,4527,28,1860
1787550794.322,2026-08-24 05:53:14.323,InnoDB,UNDO_SPACE_RSEG,4582,28,1924
1787550794.322,2026-08-24 05:53:14.323,InnoDB,UNDO_SPACE_RSEG,4524,28,1870
1787550794.322,2026-08-24 05:53:14.323,InnoDB,LOCK_SYS_PAGE,1570,28,539
1787550794.322,2026-08-24 05:53:14.323,InnoDB,LOCK_SYS_PAGE,1477,28,515
1787550794.322,2026-08-24 05:53:14.323,InnoDB,UNDO_SPACE_RSEG,4625,28,1888
1787550794.322,2026-08-24 05:53:14.323,InnoDB,LOCK_SYS_PAGE,1655,28,634
1787550794.322,2026-08-24 05:53:14.323,InnoDB,LOCK_SYS_PAGE,1654,28,642
1787550794.322,2026-08-24 05:53:14.323,InnoDB,LOCK_SYS_PAGE,1571,28,559
1787550794.322,2026-08-24 05:53:14.323,InnoDB,LOCK_SYS_PAGE,1496,28,584
1787550794.322,2026-08-24 05:53:14.323,InnoDB,UNDO_SPACE_RSEG,4652,28,1924
1787550794.322,2026-08-24 05:53:14.323,InnoDB,LOCK_SYS_PAGE,1594,28,616
1787550794.322,2026-08-24 05:53:14.323,InnoDB,LOCK_SYS_PAGE,1577,28,581
1787550794.322,2026-08-24 05:53:14.323,InnoDB,LOCK_SYS_PAGE,1547,28,549
1787550794.322,2026-08-24 05:53:14.323,InnoDB,LOCK_SYS_PAGE,1464,28,555
1787550794.322,2026-08-24 05:53:14.323,InnoDB,LOCK_SYS_PAGE,1560,28,547
1787550794.322,2026-08-24 05:53:14.323,InnoDB,LOCK_SYS_PAGE,1585,28,567
1787550794.322,2026-08-24 05:53:14.323,InnoDB,LOCK_SYS_PAGE,1494,28,522
1787550794.322,2026-08-24 05:53:14.323,InnoDB,UNDO_SPACE_RSEG,4462,28,1844
1787550794.322,2026-08-24 05:53:14.323,InnoDB,LOCK_SYS_PAGE,1496,28,594
1787550794.322,2026-08-24 05:53:14.323,InnoDB,UNDO_SPACE_RSEG,4478,28,1768
1787550794.322,2026-08-24 05:53:14.323,InnoDB,UNDO_SPACE_RSEG,4480,28,1859
1787550794.322,2026-08-24 05:53:14.323,InnoDB,LOCK_SYS_PAGE,1488,28,536
1787550794.322,2026-08-24 05:53:14.323,InnoDB,UNDO_SPACE_RSEG,4458,28,1874
1787550794.322,2026-08-24 05:53:14.323,InnoDB,UNDO_SPACE_RSEG,4557,28,1870
1787550794.322,2026-08-24 05:53:14.323,InnoDB,UNDO_SPACE_RSEG,4567,28,1908
1787550794.322,2026-08-24 05:53:14.323,InnoDB,LOCK_SYS_PAGE,1658,28,562
1787550794.322,2026-08-24 05:53:14.323,InnoDB,UNDO_SPACE_RSEG,4550,28,1861
1787550794.322,2026-08-24 05:53:14.323,InnoDB,UNDO_SPACE_RSEG,4541,28,1843
1787550794.322,2026-08-24 05:53:14.323,InnoDB,UNDO_SPACE_RSEG,4533,28,1902
1787550794.322,2026-08-24 05:53:14.323,InnoDB,UNDO_SPACE_RSEG,4497,28,1824
1787550794.322,2026-08-24 05:53:14.323,InnoDB,LOCK_SYS_PAGE,1574,27,617
1787550794.322,2026-08-24 05:53:14.323,InnoDB,LOCK_SYS_PAGE,1463,27,534
1787550794.322,2026-08-24 05:53:14.323,InnoDB,LOCK_SYS_PAGE,1422,27,520
1787550794.322,2026-08-24 05:53:14.323,InnoDB,LOCK_SYS_PAGE,1501,27,541
1787550794.322,2026-08-24 05:53:14.323,InnoDB,LOCK_SYS_PAGE,1496,27,589
1787550794.322,2026-08-24 05:53:14.323,InnoDB,LOCK_SYS_PAGE,1647,27,583
1787550794.322,2026-08-24 05:53:14.323,InnoDB,LOCK_SYS_PAGE,1577,27,666
1787550794.322,2026-08-24 05:53:14.323,InnoDB,LOCK_SYS_PAGE,1607,27,661
1787550794.322,2026-08-24 05:53:14.323,InnoDB,LOCK_SYS_PAGE,1468,27,609
1787550794.322,2026-08-24 05:53:14.323,InnoDB,LOCK_SYS_PAGE,1539,27,608
1787550794.322,2026-08-24 05:53:14.323,InnoDB,LOCK_SYS_PAGE,1664,27,627
1787550794.322,2026-08-24 05:53:14.323,InnoDB,LOCK_SYS_PAGE,1757,27,657
1787550794.322,2026-08-24 05:53:14.323,InnoDB,LOCK_SYS_PAGE,1494,27,554
1787550794.322,2026-08-24 05:53:14.323,InnoDB,LOCK_SYS_PAGE,1564,27,556
1787550794.322,2026-08-24 05:53:14.323,InnoDB,LOCK_SYS_PAGE,1461,27,561
1787550794.322,2026-08-24 05:53:14.323,InnoDB,UNDO_SPACE_RSEG,4484,27,1888
1787550794.322,2026-08-24 05:53:14.323,InnoDB,UNDO_SPACE_RSEG,4454,27,1871
1787550794.322,2026-08-24 05:53:14.323,InnoDB,UNDO_SPACE_RSEG,4701,27,1914
1787550794.322,2026-08-24 05:53:14.323,InnoDB,LOCK_SYS_PAGE,1495,27,583
1787550794.322,2026-08-24 05:53:14.323,InnoDB,UNDO_SPACE_RSEG,4766,27,1964
1787550794.322,2026-08-24 05:53:14.323,InnoDB,LOCK_SYS_PAGE,1574,27,572
1787550794.322,2026-08-24 05:53:14.323,InnoDB,UNDO_SPACE_RSEG,4600,27,1878
1787550794.322,2026-08-24 05:53:14.323,InnoDB,UNDO_SPACE_RSEG,4619,27,1872
1787550794.322,2026-08-24 05:53:14.323,InnoDB,LOCK_SYS_PAGE,1487,27,535
1787550794.322,2026-08-24 05:53:14.323,InnoDB,UNDO_SPACE_RSEG,4774,27,1988
1787550794.322,2026-08-24 05:53:14.323,InnoDB,UNDO_SPACE_RSEG,4646,27,1953
1787550794.322,2026-08-24 05:53:14.323,InnoDB,UNDO_SPACE_RSEG,4377,27,1853
1787550794.322,2026-08-24 05:53:14.323,InnoDB,LOCK_SYS_PAGE,1581,27,510
1787550794.322,2026-08-24 05:53:14.323,InnoDB,UNDO_SPACE_RSEG,4615,27,1890
1787550794.322,2026-08-24 05:53:14.323,InnoDB,UNDO_SPACE_RSEG,4680,27,1900
1787550794.322,2026-08-24 05:53:14.323,InnoDB,LOCK_SYS_PAGE,1548,27,568
1787550794.322,2026-08-24 05:53:14.323,InnoDB,LOCK_SYS_PAGE,1567,27,648
1787550794.322,2026-08-24 05:53:14.323,InnoDB,LOCK_SYS_PAGE,1581,27,554
1787550794.322,2026-08-24 05:53:14.323,InnoDB,LOCK_SYS_PAGE,1511,27,578
1787550794.322,2026-08-24 05:53:14.323,InnoDB,LOCK_SYS_PAGE,1483,27,572
1787550794.322,2026-08-24 05:53:14.323,InnoDB,UNDO_SPACE_RSEG,4881,27,2043
1787550794.322,2026-08-24 05:53:14.323,InnoDB,UNDO_SPACE_RSEG,4479,27,1862
1787550794.322,2026-08-24 05:53:14.323,InnoDB,UNDO_SPACE_RSEG,4661,27,1882
1787550794.322,2026-08-24 05:53:14.323,InnoDB,UNDO_SPACE_RSEG,4531,27,1918
1787550794.322,2026-08-24 05:53:14.323,InnoDB,LOCK_SYS_PAGE,1607,27,568
1787550794.322,2026-08-24 05:53:14.323,InnoDB,LOCK_SYS_PAGE,1574,27,602
1787550794.322,2026-08-24 05:53:14.323,InnoDB,UNDO_SPACE_RSEG,4696,27,1943
1787550794.322,2026-08-24 05:53:14.323,InnoDB,UNDO_SPACE_RSEG,4589,27,1825
1787550794.322,2026-08-24 05:53:14.323,InnoDB,UNDO_SPACE_RSEG,4503,27,1818
1787550794.322,2026-08-24 05:53:14.323,InnoDB,LOCK_SYS_PAGE,1543,27,623
1787550794.322,2026-08-24 05:53:14.323,InnoDB,LOCK_SYS_PAGE,1562,27,573
1787550794.322,2026-08-24 05:53:14.323,InnoDB,LOCK_SYS_PAGE,1449,26,567
1787550794.322,2026-08-24 05:53:14.323,InnoDB,LOCK_SYS_PAGE,1447,26,519
1787550794.322,2026-08-24 05:53:14.323,InnoDB,LOCK_SYS_PAGE,1422,26,608
1787550794.322,2026-08-24 05:53:14.323,InnoDB,UNDO_SPACE_RSEG,4475,26,1839
1787550794.322,2026-08-24 05:53:14.323,InnoDB,LOCK_SYS_PAGE,1491,26,610
1787550794.322,2026-08-24 05:53:14.323,InnoDB,LOCK_SYS_PAGE,1613,26,558
1787550794.322,2026-08-24 05:53:14.323,InnoDB,UNDO_SPACE_RSEG,4534,26,1937
1787550794.322,2026-08-24 05:53:14.323,InnoDB,UNDO_SPACE_RSEG,4259,26,1804
1787550794.322,2026-08-24 05:53:14.323,InnoDB,LOCK_SYS_PAGE,1625,26,599
1787550794.322,2026-08-24 05:53:14.323,InnoDB,LOCK_SYS_PAGE,1548,26,604
1787550794.322,2026-08-24 05:53:14.323,InnoDB,LOCK_SYS_PAGE,1455,26,516
1787550794.322,2026-08-24 05:53:14.323,InnoDB,UNDO_SPACE_RSEG,4419,26,1850
1787550794.322,2026-08-24 05:53:14.323,InnoDB,LOCK_SYS_PAGE,1584,26,640
1787550794.322,2026-08-24 05:53:14.323,InnoDB,UNDO_SPACE_RSEG,4340,26,1845
1787550794.322,2026-08-24 05:53:14.323,InnoDB,LOCK_SYS_PAGE,1456,26,535
1787550794.322,2026-08-24 05:53:14.323,InnoDB,LOCK_SYS_PAGE,1568,26,632
1787550794.322,2026-08-24 05:53:14.323,InnoDB,UNDO_SPACE_RSEG,4505,26,1860
1787550794.322,2026-08-24 05:53:14.323,InnoDB,UNDO_SPACE_RSEG,4457,26,1871
1787550794.322,2026-08-24 05:53:14.323,InnoDB,LOCK_SYS_PAGE,1548,26,600
1787550794.322,2026-08-24 05:53:14.323,InnoDB,LOCK_SYS_PAGE,1577,26,605
1787550794.322,2026-08-24 05:53:14.323,InnoDB,LOCK_SYS_PAGE,1520,26,535
1787550794.322,2026-08-24 05:53:14.323,InnoDB,LOCK_SYS_PAGE,1452,26,510
1787550794.322,2026-08-24 05:53:14.323,InnoDB,LOCK_SYS_PAGE,1452,26,560
1787550794.322,2026-08-24 05:53:14.323,InnoDB,LOCK_SYS_PAGE,1541,26,627
1787550794.322,2026-08-24 05:53:14.323,InnoDB,UNDO_SPACE_RSEG,4423,26,1809
1787550794.322,2026-08-24 05:53:14.323,InnoDB,LOCK_SYS_PAGE,1617,26,626
1787550794.322,2026-08-24 05:53:14.323,InnoDB,UNDO_SPACE_RSEG,4382,26,1826
1787550794.322,2026-08-24 05:53:14.323,InnoDB,UNDO_SPACE_RSEG,4501,26,1868
1787550794.322,2026-08-24 05:53:14.323,InnoDB,LOCK_SYS_PAGE,1577,26,650
1787550794.322,2026-08-24 05:53:14.323,InnoDB,LOCK_SYS_PAGE,1490,26,524
1787550794.322,2026-08-24 05:53:14.323,InnoDB,UNDO_SPACE_RSEG,4555,26,1969
1787550794.322,2026-08-24 05:53:14.323,InnoDB,LOCK_SYS_PAGE,1543,26,574
1787550794.322,2026-08-24 05:53:14.323,InnoDB,UNDO_SPACE_RSEG,4715,26,1923
1787550794.322,2026-08-24 05:53:14.323,InnoDB,LOCK_SYS_PAGE,1454,26,544
1787550794.322,2026-08-24 05:53:14.323,InnoDB,LOCK_SYS_PAGE,1586,26,623
1787550794.322,2026-08-24 05:53:14.323,InnoDB,LOCK_SYS_PAGE,1470,26,525
1787550794.322,2026-08-24 05:53:14.323,InnoDB,UNDO_SPACE_RSEG,4588,26,1882
1787550794.322,2026-08-24 05:53:14.323,InnoDB,LOCK_SYS_PAGE,1456,26,594
1787550794.322,2026-08-24 05:53:14.323,InnoDB,LOCK_SYS_PAGE,1564,26,642
1787550794.322,2026-08-24 05:53:14.323,InnoDB,LOCK_SYS_PAGE,1871,26,608
1787550794.322,2026-08-24 05:53:14.323,InnoDB,UNDO_SPACE_RSEG,4434,26,1826
1787550794.322,2026-08-24 05:53:14.323,InnoDB,UNDO_SPACE_RSEG,4423,26,1881
1787550794.322,2026-08-24 05:53:14.323,InnoDB,UNDO_SPACE_RSEG,4477,26,1848
1787550794.322,2026-08-24 05:53:14.323,InnoDB,LOCK_SYS_PAGE,1483,26,645
1787550794.322,2026-08-24 05:53:14.323,InnoDB,LOCK_SYS_PAGE,1477,26,507
1787550794.322,2026-08-24 05:53:14.323,InnoDB,LOCK_SYS_PAGE,1531,26,609
1787550794.322,2026-08-24 05:53:14.323,InnoDB,UNDO_SPACE_RSEG,4669,26,1890
1787550794.322,2026-08-24 05:53:14.323,InnoDB,LOCK_SYS_PAGE,1531,25,624
1787550794.322,2026-08-24 05:53:14.323,InnoDB,LOCK_SYS_PAGE,1449,25,562
1787550794.322,2026-08-24 05:53:14.323,InnoDB,UNDO_SPACE_RSEG,4470,25,1870
1787550794.322,2026-08-24 05:53:14.323,InnoDB,UNDO_SPACE_RSEG,4467,25,1884
1787550794.322,2026-08-24 05:53:14.323,InnoDB,UNDO_SPACE_RSEG,4563,25,1898
1787550794.322,2026-08-24 05:53:14.323,InnoDB,LOCK_SYS_PAGE,1418,25,539
1787550794.322,2026-08-24 05:53:14.323,InnoDB,UNDO_SPACE_RSEG,4660,25,1931
1787550794.322,2026-08-24 05:53:14.323,InnoDB,UNDO_SPACE_RSEG,4590,25,1900
1787550794.322,2026-08-24 05:53:14.323,InnoDB,UNDO_SPACE_RSEG,4564,25,1905
1787550794.322,2026-08-24 05:53:14.323,InnoDB,UNDO_SPACE_RSEG,4370,25,1868
1787550794.322,2026-08-24 05:53:14.323,InnoDB,LOCK_SYS_PAGE,1517,25,583
1787550794.322,2026-08-24 05:53:14.323,InnoDB,LOCK_SYS_PAGE,1513,25,589
1787550794.322,2026-08-24 05:53:14.323,InnoDB,UNDO_SPACE_RSEG,4629,25,1927
1787550794.322,2026-08-24 05:53:14.323,InnoDB,LOCK_SYS_PAGE,1455,25,577
1787550794.322,2026-08-24 05:53:14.323,InnoDB,UNDO_SPACE_RSEG,4587,25,1925
1787550794.322,2026-08-24 05:53:14.323,InnoDB,UNDO_SPACE_RSEG,4689,25,1912
1787550794.322,2026-08-24 05:53:14.323,InnoDB,LOCK_SYS_PAGE,1510,25,567
1787550794.322,2026-08-24 05:53:14.323,InnoDB,UNDO_SPACE_RSEG,4551,25,1914
1787550794.322,2026-08-24 05:53:14.323,InnoDB,UNDO_SPACE_RSEG,4428,25,1920
1787550794.322,2026-08-24 05:53:14.323,InnoDB,UNDO_SPACE_RSEG,4528,25,1897
1787550794.322,2026-08-24 05:53:14.323,InnoDB,UNDO_SPACE_RSEG,4532,25,1884
1787550794.322,2026-08-24 05:53:14.323,InnoDB,LOCK_SYS_PAGE,1427,25,522
1787550794.322,2026-08-24 05:53:14.323,InnoDB,LOCK_SYS_PAGE,1363,25,554
1787550794.322,2026-08-24 05:53:14.323,InnoDB,LOCK_SYS_PAGE,1571,25,633
1787550794.322,2026-08-24 05:53:14.323,InnoDB,UNDO_SPACE_RSEG,4411,25,1843
1787550794.322,2026-08-24 05:53:14.323,InnoDB,UNDO_SPACE_RSEG,4613,25,1864
1787550794.322,2026-08-24 05:53:14.323,InnoDB,UNDO_SPACE_RSEG,4484,25,1882
1787550794.322,2026-08-24 05:53:14.323,InnoDB,LOCK_SYS_PAGE,1364,25,531
1787550794.322,2026-08-24 05:53:14.323,InnoDB,LOCK_SYS_PAGE,1551,25,652
1787550794.322,2026-08-24 05:53:14.323,InnoDB,UNDO_SPACE_RSEG,4321,25,1861
1787550794.322,2026-08-24 05:53:14.323,InnoDB,UNDO_SPACE_RSEG,4579,25,1896
1787550794.322,2026-08-24 05:53:14.323,InnoDB,LOCK_SYS_PAGE,1600,25,603
1787550794.322,2026-08-24 05:53:14.323,InnoDB,LOCK_SYS_PAGE,1429,25,590
1787550794.322,2026-08-24 05:53:14.323,InnoDB,LOCK_SYS_PAGE,1556,25,553
1787550794.322,2026-08-24 05:53:14.323,InnoDB,LOCK_SYS_PAGE,1521,25,609
1787550794.322,2026-08-24 05:53:14.323,InnoDB,LOCK_SYS_PAGE,1433,25,566
1787550794.322,2026-08-24 05:53:14.323,InnoDB,LOCK_SYS_PAGE,1472,25,608
1787550794.322,2026-08-24 05:53:14.323,InnoDB,LOCK_SYS_PAGE,1537,25,570
1787550794.322,2026-08-24 05:53:14.323,InnoDB,LOCK_SYS_PAGE,1496,25,630
1787550794.322,2026-08-24 05:53:14.323,InnoDB,LOCK_SYS_PAGE,1367,25,547
1787550794.322,2026-08-24 05:53:14.323,InnoDB,LOCK_SYS_PAGE,1561,25,575
1787550794.322,2026-08-24 05:53:14.323,InnoDB,LOCK_SYS_PAGE,1527,25,557
1787550794.322,2026-08-24 05:53:14.323,InnoDB,LOCK_SYS_PAGE,1507,25,600
1787550794.322,2026-08-24 05:53:14.323,InnoDB,LOCK_SYS_PAGE,1435,25,605
1787550794.322,2026-08-24 05:53:14.323,InnoDB,LOCK_SYS_PAGE,1451,25,587
1787550794.322,2026-08-24 05:53:14.323,InnoDB,LOCK_SYS_PAGE,1384,25,537
1787550794.322,2026-08-24 05:53:14.323,InnoDB,LOCK_SYS_PAGE,1572,25,621
1787550794.322,2026-08-24 05:53:14.323,InnoDB,LOCK_SYS_PAGE,1487,25,620
1787550794.322,2026-08-24 05:53:14.323,InnoDB,LOCK_SYS_PAGE,1687,25,628
1787550794.322,2026-08-24 05:53:14.323,InnoDB,LOCK_SYS_PAGE,1474,25,588
1787550794.322,2026-08-24 05:53:14.323,InnoDB,LOCK_SYS_PAGE,1430,25,587
1787550794.322,2026-08-24 05:53:14.323,InnoDB,LOCK_SYS_PAGE,1398,25,570
1787550794.322,2026-08-24 05:53:14.323,InnoDB,LOCK_SYS_PAGE,1400,25,542
1787550794.322,2026-08-24 05:53:14.323,InnoDB,UNDO_SPACE_RSEG,4454,24,1889
1787550794.322,2026-08-24 05:53:14.323,InnoDB,UNDO_SPACE_RSEG,4423,24,1823
1787550794.322,2026-08-24 05:53:14.323,InnoDB,UNDO_SPACE_RSEG,4605,24,1940
1787550794.322,2026-08-24 05:53:14.323,InnoDB,UNDO_SPACE_RSEG,4341,24,1825
1787550794.322,2026-08-24 05:53:14.323,InnoDB,UNDO_SPACE_RSEG,4354,24,1870
1787550794.322,2026-08-24 05:53:14.323,InnoDB,UNDO_SPACE_RSEG,4409,24,1890
1787550794.322,2026-08-24 05:53:14.323,InnoDB,UNDO_SPACE_RSEG,4428,24,1870
1787550794.322,2026-08-24 05:53:14.323,InnoDB,LOCK_SYS_PAGE,1417,24,525
1787550794.322,2026-08-24 05:53:14.323,InnoDB,LOCK_SYS_PAGE,1491,24,617
1787550794.322,2026-08-24 05:53:14.323,InnoDB,LOCK_SYS_PAGE,1376,24,574
1787550794.322,2026-08-24 05:53:14.323,InnoDB,LOCK_SYS_PAGE,1398,24,572
1787550794.322,2026-08-24 05:53:14.323,InnoDB,LOCK_SYS_PAGE,1413,24,528
1787550794.322,2026-08-24 05:53:14.323,InnoDB,LOCK_SYS_PAGE,1351,24,563
1787550794.322,2026-08-24 05:53:14.323,InnoDB,LOCK_SYS_PAGE,1407,24,620
1787550794.322,2026-08-24 05:53:14.323,InnoDB,LOCK_SYS_PAGE,1485,24,588
1787550794.322,2026-08-24 05:53:14.323,InnoDB,LOCK_SYS_PAGE,1483,24,569
1787550794.322,2026-08-24 05:53:14.323,InnoDB,LOCK_SYS_PAGE,1390,24,573
1787550794.322,2026-08-24 05:53:14.323,InnoDB,LOCK_SYS_PAGE,1495,24,562
1787550794.322,2026-08-24 05:53:14.323,InnoDB,LOCK_SYS_PAGE,1428,24,625
1787550794.322,2026-08-24 05:53:14.323,InnoDB,LOCK_SYS_PAGE,1478,24,597
1787550794.322,2026-08-24 05:53:14.323,InnoDB,LOCK_SYS_PAGE,1438,24,613
1787550794.322,2026-08-24 05:53:14.323,InnoDB,LOCK_SYS_PAGE,1368,24,596
1787550794.322,2026-08-24 05:53:14.323,InnoDB,UNDO_SPACE_RSEG,4646,24,1930
1787550794.322,2026-08-24 05:53:14.323,InnoDB,UNDO_SPACE_RSEG,4439,24,1867
1787550794.322,2026-08-24 05:53:14.323,InnoDB,UNDO_SPACE_RSEG,4449,24,1853
1787550794.322,2026-08-24 05:53:14.323,InnoDB,UNDO_SPACE_RSEG,4473,24,1890
1787550794.322,2026-08-24 05:53:14.323,InnoDB,UNDO_SPACE_RSEG,4668,24,1954
1787550794.322,2026-08-24 05:53:14.323,InnoDB,UNDO_SPACE_RSEG,4446,24,1932
1787550794.322,2026-08-24 05:53:14.323,InnoDB,UNDO_SPACE_RSEG,4288,24,1874
1787550794.322,2026-08-24 05:53:14.323,InnoDB,UNDO_SPACE_RSEG,4316,24,1802
1787550794.322,2026-08-24 05:53:14.323,InnoDB,UNDO_SPACE_RSEG,4610,24,1949
1787550794.322,2026-08-24 05:53:14.323,InnoDB,LOCK_SYS_PAGE,1471,24,636
1787550794.322,2026-08-24 05:53:14.323,InnoDB,UNDO_SPACE_RSEG,4490,24,1881
1787550794.322,2026-08-24 05:53:14.323,InnoDB,LOCK_SYS_PAGE,1432,24,557
1787550794.322,2026-08-24 05:53:14.323,InnoDB,UNDO_SPACE_RSEG,4620,24,1894
1787550794.322,2026-08-24 05:53:14.323,InnoDB,UNDO_SPACE_RSEG,4414,24,1841
1787550794.322,2026-08-24 05:53:14.323,InnoDB,UNDO_SPACE_RSEG,4515,24,1939
1787550794.322,2026-08-24 05:53:14.323,InnoDB,LOCK_SYS_PAGE,1422,24,562
1787550794.322,2026-08-24 05:53:14.323,InnoDB,UNDO_SPACE_RSEG,4603,24,1976
1787550794.322,2026-08-24 05:53:14.323,InnoDB,LOCK_SYS_PAGE,1430,24,572
1787550794.322,2026-08-24 05:53:14.323,InnoDB,UNDO_SPACE_RSEG,4573,24,1891
1787550794.322,2026-08-24 05:53:14.323,InnoDB,UNDO_SPACE_RSEG,4390,24,1883
1787550794.322,2026-08-24 05:53:14.323,InnoDB,LOCK_SYS_PAGE,1388,24,556
1787550794.322,2026-08-24 05:53:14.323,InnoDB,UNDO_SPACE_RSEG,4167,24,1800
1787550794.322,2026-08-24 05:53:14.323,InnoDB,UNDO_SPACE_RSEG,4539,24,1896
1787550794.322,2026-08-24 05:53:14.323,InnoDB,UNDO_SPACE_RSEG,4400,24,1809
1787550794.322,2026-08-24 05:53:14.323,InnoDB,LOCK_SYS_PAGE,1452,24,569
1787550794.322,2026-08-24 05:53:14.323,InnoDB,LOCK_SYS_PAGE,1438,24,563
1787550794.322,2026-08-24 05:53:14.323,InnoDB,UNDO_SPACE_RSEG,4476,24,1914
1787550794.322,2026-08-24 05:53:14.323,InnoDB,LOCK_SYS_PAGE,1496,24,627
1787550794.322,2026-08-24 05:53:14.323,InnoDB,LOCK_SYS_PAGE,1464,24,590
1787550794.322,2026-08-24 05:53:14.323,InnoDB,UNDO_SPACE_RSEG,4546,24,1896
1787550794.322,2026-08-24 05:53:14.323,InnoDB,LOCK_SYS_PAGE,1581,24,607
1787550794.322,2026-08-24 05:53:14.323,InnoDB,LOCK_SYS_PAGE,1414,24,568
1787550794.322,2026-08-24 05:53:14.323,InnoDB,LOCK_SYS_PAGE,1478,24,620
1787550794.322,2026-08-24 05:53:14.323,InnoDB,LOCK_SYS_PAGE,1319,24,532
1787550794.322,2026-08-24 05:53:14.323,InnoDB,LOCK_SYS_PAGE,1403,24,593
1787550794.322,2026-08-24 05:53:14.323,InnoDB,LOCK_SYS_PAGE,1389,24,551
1787550794.322,2026-08-24 05:53:14.323,InnoDB,LOCK_SYS_PAGE,1446,24,591
1787550794.322,2026-08-24 05:53:14.323,InnoDB,LOCK_SYS_PAGE,1368,24,558
1787550794.322,2026-08-24 05:53:14.323,InnoDB,UNDO_SPACE_RSEG,4511,23,1924
1787550794.322,2026-08-24 05:53:14.323,InnoDB,LOCK_SYS_PAGE,1401,23,568
1787550794.322,2026-08-24 05:53:14.323,InnoDB,LOCK_SYS_PAGE,1352,23,543
1787550794.322,2026-08-24 05:53:14.323,InnoDB,UNDO_SPACE_RSEG,4444,23,1898
1787550794.322,2026-08-24 05:53:14.323,InnoDB,LOCK_SYS_PAGE,1463,23,555
1787550794.322,2026-08-24 05:53:14.323,InnoDB,LOCK_SYS_PAGE,1363,23,564
1787550794.322,2026-08-24 05:53:14.323,InnoDB,UNDO_SPACE_RSEG,4377,23,1826
1787550794.322,2026-08-24 05:53:14.323,InnoDB,LOCK_SYS_PAGE,1453,23,490
1787550794.322,2026-08-24 05:53:14.323,InnoDB,LOCK_SYS_PAGE,1403,23,611
1787550794.322,2026-08-24 05:53:14.323,InnoDB,LOCK_SYS_PAGE,1501,23,610
1787550794.322,2026-08-24 05:53:14.323,InnoDB,LOCK_SYS_PAGE,1371,23,554
1787550794.322,2026-08-24 05:53:14.323,InnoDB,LOCK_SYS_PAGE,1462,23,585
1787550794.322,2026-08-24 05:53:14.323,InnoDB,LOCK_SYS_PAGE,1359,23,526
1787550794.322,2026-08-24 05:53:14.323,InnoDB,LOCK_SYS_PAGE,1466,23,596
1787550794.322,2026-08-24 05:53:14.323,InnoDB,LOCK_SYS_PAGE,1375,23,559
1787550794.322,2026-08-24 05:53:14.323,InnoDB,LOCK_SYS_PAGE,1426,23,539
1787550794.322,2026-08-24 05:53:14.323,InnoDB,LOCK_SYS_PAGE,1433,23,561
1787550794.322,2026-08-24 05:53:14.323,InnoDB,LOCK_SYS_PAGE,1437,23,624
1787550794.322,2026-08-24 05:53:14.323,InnoDB,LOCK_SYS_PAGE,1438,23,590
1787550794.322,2026-08-24 05:53:14.323,InnoDB,LOCK_SYS_PAGE,1391,23,576
1787550794.322,2026-08-24 05:53:14.323,InnoDB,LOCK_SYS_PAGE,1403,23,625
1787550794.322,2026-08-24 05:53:14.323,InnoDB,UNDO_SPACE_RSEG,4450,23,1897
1787550794.322,2026-08-24 05:53:14.323,InnoDB,LOCK_SYS_PAGE,1349,23,559
1787550794.322,2026-08-24 05:53:14.323,InnoDB,LOCK_SYS_PAGE,1326,23,505
1787550794.322,2026-08-24 05:53:14.323,InnoDB,UNDO_SPACE_RSEG,4564,23,1876
1787550794.322,2026-08-24 05:53:14.323,InnoDB,LOCK_SYS_PAGE,1511,23,627
1787550794.322,2026-08-24 05:53:14.323,InnoDB,LOCK_SYS_PAGE,1405,23,578
1787550794.322,2026-08-24 05:53:14.323,InnoDB,UNDO_SPACE_RSEG,4520,23,1948
1787550794.322,2026-08-24 05:53:14.323,InnoDB,LOCK_SYS_PAGE,1507,23,591
1787550794.322,2026-08-24 05:53:14.323,InnoDB,LOCK_SYS_PAGE,1508,23,540
1787550794.322,2026-08-24 05:53:14.323,InnoDB,LOCK_SYS_PAGE,1457,23,527
1787550794.322,2026-08-24 05:53:14.323,InnoDB,UNDO_SPACE_RSEG,4601,23,1909
1787550794.322,2026-08-24 05:53:14.323,InnoDB,UNDO_SPACE_RSEG,4338,23,1837
1787550794.322,2026-08-24 05:53:14.323,InnoDB,LOCK_SYS_PAGE,1901,23,695
1787550794.322,2026-08-24 05:53:14.323,InnoDB,LOCK_SYS_PAGE,1432,23,597
1787550794.322,2026-08-24 05:53:14.323,InnoDB,LOCK_SYS_PAGE,1319,23,504
1787550794.322,2026-08-24 05:53:14.323,InnoDB,LOCK_SYS_PAGE,1393,23,509
1787550794.322,2026-08-24 05:53:14.323,InnoDB,LOCK_SYS_PAGE,1426,23,609
1787550794.322,2026-08-24 05:53:14.323,InnoDB,UNDO_SPACE_RSEG,4562,23,1887
1787550794.322,2026-08-24 05:53:14.323,InnoDB,LOCK_SYS_PAGE,1412,23,561
1787550794.322,2026-08-24 05:53:14.323,InnoDB,LOCK_SYS_PAGE,1500,23,576
1787550794.322,2026-08-24 05:53:14.323,InnoDB,UNDO_SPACE_RSEG,4307,23,1860
1787550794.322,2026-08-24 05:53:14.323,InnoDB,LOCK_SYS_PAGE,1381,23,562
1787550794.322,2026-08-24 05:53:14.323,InnoDB,UNDO_SPACE_RSEG,4508,23,1893
1787550794.322,2026-08-24 05:53:14.323,InnoDB,UNDO_SPACE_RSEG,4027,23,1780
1787550794.322,2026-08-24 05:53:14.323,InnoDB,LOCK_SYS_PAGE,1451,22,541
1787550794.322,2026-08-24 05:53:14.323,InnoDB,LOCK_SYS_PAGE,1428,22,529
1787550794.322,2026-08-24 05:53:14.323,InnoDB,LOCK_SYS_PAGE,1409,22,593
1787550794.322,2026-08-24 05:53:14.323,InnoDB,LOCK_SYS_PAGE,1375,22,551
1787550794.322,2026-08-24 05:53:14.323,InnoDB,LOCK_SYS_PAGE,1307,22,554
1787550794.322,2026-08-24 05:53:14.323,InnoDB,LOCK_SYS_PAGE,1435,22,614
1787550794.322,2026-08-24 05:53:14.323,InnoDB,UNDO_SPACE_RSEG,4490,22,1914
1787550794.322,2026-08-24 05:53:14.323,InnoDB,LOCK_SYS_PAGE,1274,22,496
1787550794.322,2026-08-24 05:53:14.323,InnoDB,LOCK_SYS_PAGE,1516,22,649
1787550794.322,2026-08-24 05:53:14.323,InnoDB,UNDO_SPACE_RSEG,4295,22,1846
1787550794.322,2026-08-24 05:53:14.323,InnoDB,LOCK_SYS_PAGE,1392,22,601
1787550794.322,2026-08-24 05:53:14.323,InnoDB,LOCK_SYS_PAGE,1406,22,601
1787550794.322,2026-08-24 05:53:14.323,InnoDB,LOCK_SYS_PAGE,1387,22,574
1787550794.322,2026-08-24 05:53:14.323,InnoDB,LOCK_SYS_PAGE,1490,22,633
1787550794.322,2026-08-24 05:53:14.323,InnoDB,LOCK_SYS_PAGE,1267,22,547
1787550794.322,2026-08-24 05:53:14.323,InnoDB,LOCK_SYS_PAGE,1331,22,514
1787550794.322,2026-08-24 05:53:14.323,InnoDB,UNDO_SPACE_RSEG,4187,22,1807
1787550794.322,2026-08-24 05:53:14.323,InnoDB,LOCK_SYS_PAGE,1368,22,622
1787550794.322,2026-08-24 05:53:14.323,InnoDB,UNDO_SPACE_RSEG,4423,22,1854
1787550794.322,2026-08-24 05:53:14.323,InnoDB,LOCK_SYS_PAGE,1347,22,569
1787550794.322,2026-08-24 05:53:14.323,InnoDB,LOCK_SYS_PAGE,1400,22,630
1787550794.322,2026-08-24 05:53:14.323,InnoDB,LOCK_SYS_PAGE,1521,22,643
1787550794.322,2026-08-24 05:53:14.323,InnoDB,LOCK_SYS_PAGE,1274,22,605
1787550794.322,2026-08-24 05:53:14.323,InnoDB,LOCK_SYS_PAGE,1324,22,588
1787550794.322,2026-08-24 05:53:14.323,InnoDB,LOCK_SYS_PAGE,1425,22,558
1787550794.322,2026-08-24 05:53:14.323,InnoDB,LOCK_SYS_PAGE,1467,22,595
1787550794.322,2026-08-24 05:53:14.323,InnoDB,LOCK_SYS_PAGE,1381,22,628
1787550794.322,2026-08-24 05:53:14.323,InnoDB,UNDO_SPACE_RSEG,4381,22,1912
1787550794.322,2026-08-24 05:53:14.323,InnoDB,LOCK_SYS_PAGE,1485,22,685
1787550794.322,2026-08-24 05:53:14.323,InnoDB,LOCK_SYS_PAGE,1353,22,552
1787550794.322,2026-08-24 05:53:14.323,InnoDB,LOCK_SYS_PAGE,1368,22,570
1787550794.322,2026-08-24 05:53:14.323,InnoDB,LOCK_SYS_PAGE,1398,22,580
1787550794.322,2026-08-24 05:53:14.323,InnoDB,LOCK_SYS_PAGE,1388,22,633
1787550794.322,2026-08-24 05:53:14.323,InnoDB,LOCK_SYS_PAGE,1487,22,599
1787550794.322,2026-08-24 05:53:14.323,InnoDB,LOCK_SYS_PAGE,1449,22,606
1787550794.322,2026-08-24 05:53:14.323,InnoDB,LOCK_SYS_PAGE,1319,22,526
1787550794.322,2026-08-24 05:53:14.323,InnoDB,UNDO_SPACE_RSEG,4482,22,1904
1787550794.322,2026-08-24 05:53:14.323,InnoDB,UNDO_SPACE_RSEG,4238,22,1845
1787550794.322,2026-08-24 05:53:14.323,InnoDB,LOCK_SYS_PAGE,1259,22,530
1787550794.322,2026-08-24 05:53:14.323,InnoDB,LOCK_SYS_PAGE,1381,22,654
1787550794.322,2026-08-24 05:53:14.323,InnoDB,LOCK_SYS_PAGE,1411,22,596
1787550794.322,2026-08-24 05:53:14.323,InnoDB,LOCK_SYS_PAGE,1452,22,656
1787550794.322,2026-08-24 05:53:14.323,InnoDB,LOCK_SYS_PAGE,1362,22,550
1787550794.322,2026-08-24 05:53:14.323,InnoDB,LOCK_SYS_PAGE,1304,22,546
1787550794.322,2026-08-24 05:53:14.323,InnoDB,UNDO_SPACE_RSEG,4264,22,1859
1787550794.322,2026-08-24 05:53:14.323,InnoDB,LOCK_SYS_PAGE,1369,22,586
1787550794.322,2026-08-24 05:53:14.323,InnoDB,LOCK_SYS_PAGE,1381,22,560
1787550794.322,2026-08-24 05:53:14.323,InnoDB,LOCK_SYS_PAGE,1427,22,619
1787550794.322,2026-08-24 05:53:14.323,InnoDB,LOCK_SYS_PAGE,1521,22,634
1787550794.322,2026-08-24 05:53:14.323,InnoDB,UNDO_SPACE_RSEG,4403,22,1853
1787550794.322,2026-08-24 05:53:14.323,InnoDB,LOCK_SYS_PAGE,1362,22,601
1787550794.322,2026-08-24 05:53:14.323,InnoDB,UNDO_SPACE_RSEG,4419,22,1909
1787550794.322,2026-08-24 05:53:14.323,InnoDB,UNDO_SPACE_RSEG,4368,22,1903
1787550794.322,2026-08-24 05:53:14.323,InnoDB,LOCK_SYS_PAGE,1357,22,550
1787550794.322,2026-08-24 05:53:14.323,InnoDB,LOCK_SYS_PAGE,1361,22,588
1787550794.322,2026-08-24 05:53:14.323,InnoDB,LOCK_SYS_PAGE,1418,21,594
1787550794.322,2026-08-24 05:53:14.323,InnoDB,LOCK_SYS_PAGE,1262,21,562
1787550794.322,2026-08-24 05:53:14.323,InnoDB,LOCK_SYS_PAGE,1353,21,532
1787550794.322,2026-08-24 05:53:14.323,InnoDB,LOCK_SYS_PAGE,1338,21,536
1787550794.322,2026-08-24 05:53:14.323,InnoDB,UNDO_SPACE_RSEG,4441,21,1911
1787550794.322,2026-08-24 05:53:14.323,InnoDB,LOCK_SYS_PAGE,1219,21,513
1787550794.322,2026-08-24 05:53:14.323,InnoDB,LOCK_SYS_PAGE,1275,21,517
1787550794.322,2026-08-24 05:53:14.323,InnoDB,LOCK_SYS_PAGE,1430,21,574
1787550794.322,2026-08-24 05:53:14.323,InnoDB,LOCK_SYS_PAGE,1227,21,554
1787550794.322,2026-08-24 05:53:14.323,InnoDB,LOCK_SYS_PAGE,1325,21,570
1787550794.322,2026-08-24 05:53:14.323,InnoDB,LOCK_SYS_PAGE,1486,21,583
1787550794.322,2026-08-24 05:53:14.323,InnoDB,UNDO_SPACE_RSEG,4465,21,1938
1787550794.322,2026-08-24 05:53:14.323,InnoDB,LOCK_SYS_PAGE,1434,21,540
1787550794.322,2026-08-24 05:53:14.323,InnoDB,LOCK_SYS_PAGE,1417,21,613
1787550794.322,2026-08-24 05:53:14.323,InnoDB,UNDO_SPACE_RSEG,4672,21,1956
1787550794.322,2026-08-24 05:53:14.323,InnoDB,LOCK_SYS_PAGE,1379,21,578
1787550794.322,2026-08-24 05:53:14.323,InnoDB,LOCK_SYS_PAGE,1218,21,533
1787550794.322,2026-08-24 05:53:14.323,InnoDB,LOCK_SYS_PAGE,1253,21,601
1787550794.322,2026-08-24 05:53:14.323,InnoDB,LOCK_SYS_PAGE,1533,21,612
1787550794.322,2026-08-24 05:53:14.323,InnoDB,UNDO_SPACE_RSEG,4452,21,1976
1787550794.322,2026-08-24 05:53:14.323,InnoDB,LOCK_SYS_PAGE,1464,21,640
1787550794.322,2026-08-24 05:53:14.323,InnoDB,LOCK_SYS_PAGE,1466,21,650
1787550794.322,2026-08-24 05:53:14.323,InnoDB,UNDO_SPACE_RSEG,4517,21,1953
1787550794.322,2026-08-24 05:53:14.323,InnoDB,UNDO_SPACE_RSEG,4714,21,2006
1787550794.322,2026-08-24 05:53:14.323,InnoDB,LOCK_SYS_PAGE,1385,21,639
1787550794.322,2026-08-24 05:53:14.323,InnoDB,LOCK_SYS_PAGE,1306,21,544
1787550794.322,2026-08-24 05:53:14.323,InnoDB,LOCK_SYS_PAGE,1373,21,525
1787550794.322,2026-08-24 05:53:14.323,InnoDB,LOCK_SYS_PAGE,1364,21,560
1787550794.322,2026-08-24 05:53:14.323,InnoDB,UNDO_SPACE_RSEG,4208,21,1823
1787550794.322,2026-08-24 05:53:14.323,InnoDB,LOCK_SYS_PAGE,1504,21,586
1787550794.322,2026-08-24 05:53:14.323,InnoDB,LOCK_SYS_PAGE,1499,21,651
1787550794.322,2026-08-24 05:53:14.323,InnoDB,LOCK_SYS_PAGE,1373,21,588
1787550794.322,2026-08-24 05:53:14.323,InnoDB,LOCK_SYS_PAGE,1427,21,576
1787550794.322,2026-08-24 05:53:14.323,InnoDB,LOCK_SYS_PAGE,1313,21,540
1787550794.322,2026-08-24 05:53:14.323,InnoDB,UNDO_SPACE_RSEG,4364,21,1927
1787550794.322,2026-08-24 05:53:14.323,InnoDB,LOCK_SYS_PAGE,1357,21,623
1787550794.322,2026-08-24 05:53:14.323,InnoDB,LOCK_SYS_PAGE,1331,21,556
1787550794.322,2026-08-24 05:53:14.323,InnoDB,LOCK_SYS_PAGE,1752,21,664
1787550794.322,2026-08-24 05:53:14.323,InnoDB,LOCK_SYS_PAGE,1336,21,618
1787550794.322,2026-08-24 05:53:14.323,InnoDB,UNDO_SPACE_RSEG,4260,21,1816
1787550794.322,2026-08-24 05:53:14.323,InnoDB,LOCK_SYS_PAGE,1371,21,612
1787550794.322,2026-08-24 05:53:14.323,InnoDB,LOCK_SYS_PAGE,1369,21,562
1787550794.322,2026-08-24 05:53:14.323,InnoDB,LOCK_SYS_PAGE,1321,21,554
1787550794.322,2026-08-24 05:53:14.323,InnoDB,LOCK_SYS_PAGE,1427,21,576
1787550794.322,2026-08-24 05:53:14.323,InnoDB,LOCK_SYS_PAGE,1366,21,629
1787550794.322,2026-08-24 05:53:14.323,InnoDB,UNDO_SPACE_RSEG,4362,21,1872
1787550794.322,2026-08-24 05:53:14.323,InnoDB,LOCK_SYS_PAGE,1333,21,603
1787550794.322,2026-08-24 05:53:14.323,InnoDB,UNDO_SPACE_RSEG,4426,21,1865
1787550794.322,2026-08-24 05:53:14.323,InnoDB,LOCK_SYS_PAGE,1296,21,566
1787550794.322,2026-08-24 05:53:14.323,InnoDB,LOCK_SYS_PAGE,1399,21,545
1787550794.322,2026-08-24 05:53:14.323,InnoDB,UNDO_SPACE_RSEG,4102,20,1801
1787550794.322,2026-08-24 05:53:14.323,InnoDB,UNDO_SPACE_RSEG,4199,20,1838
1787550794.322,2026-08-24 05:53:14.323,InnoDB,LOCK_SYS_PAGE,1460,20,698
1787550794.322,2026-08-24 05:53:14.323,InnoDB,LOCK_SYS_PAGE,1254,20,574
1787550794.322,2026-08-24 05:53:14.323,InnoDB,LOCK_SYS_PAGE,1292,20,541
1787550794.322,2026-08-24 05:53:14.323,InnoDB,LOCK_SYS_PAGE,1319,20,529
1787550794.322,2026-08-24 05:53:14.323,InnoDB,LOCK_SYS_PAGE,1344,20,649
1787550794.322,2026-08-24 05:53:14.323,InnoDB,LOCK_SYS_PAGE,1299,20,539
1787550794.322,2026-08-24 05:53:14.323,InnoDB,LOCK_SYS_PAGE,1469,20,660
1787550794.322,2026-08-24 05:53:14.323,InnoDB,LOCK_SYS_PAGE,1322,20,578
1787550794.322,2026-08-24 05:53:14.323,InnoDB,UNDO_SPACE_RSEG,4194,20,1883
1787550794.322,2026-08-24 05:53:14.323,InnoDB,LOCK_SYS_PAGE,1283,20,509
1787550794.322,2026-08-24 05:53:14.323,InnoDB,UNDO_SPACE_RSEG,4201,20,1807
1787550794.322,2026-08-24 05:53:14.323,InnoDB,LOCK_SYS_PAGE,1242,20,537
1787550794.322,2026-08-24 05:53:14.323,InnoDB,LOCK_SYS_PAGE,1378,20,608
1787550794.322,2026-08-24 05:53:14.323,InnoDB,UNDO_SPACE_RSEG,4431,20,1918
1787550794.322,2026-08-24 05:53:14.323,InnoDB,UNDO_SPACE_RSEG,4292,20,1823
1787550794.322,2026-08-24 05:53:14.323,InnoDB,LOCK_SYS_PAGE,1271,20,573
1787550794.322,2026-08-24 05:53:14.323,InnoDB,LOCK_SYS_PAGE,1432,20,602
1787550794.322,2026-08-24 05:53:14.323,InnoDB,UNDO_SPACE_RSEG,4291,20,1834
1787550794.322,2026-08-24 05:53:14.323,InnoDB,UNDO_SPACE_RSEG,4188,20,1857
1787550794.322,2026-08-24 05:53:14.323,InnoDB,LOCK_SYS_PAGE,1418,20,607
1787550794.322,2026-08-24 05:53:14.323,InnoDB,LOCK_SYS_PAGE,1378,20,634
1787550794.322,2026-08-24 05:53:14.323,InnoDB,UNDO_SPACE_RSEG,4357,20,1853
1787550794.322,2026-08-24 05:53:14.323,InnoDB,LOCK_SYS_PAGE,1323,20,582
1787550794.322,2026-08-24 05:53:14.323,InnoDB,LOCK_SYS_PAGE,1249,20,558
1787550794.322,2026-08-24 05:53:14.323,InnoDB,LOCK_SYS_PAGE,1400,20,602
1787550794.322,2026-08-24 05:53:14.323,InnoDB,LOCK_SYS_PAGE,1339,20,549
1787550794.322,2026-08-24 05:53:14.323,InnoDB,UNDO_SPACE_RSEG,4243,20,1865
1787550794.322,2026-08-24 05:53:14.323,InnoDB,LOCK_SYS_PAGE,1360,20,595
1787550794.322,2026-08-24 05:53:14.323,InnoDB,LOCK_SYS_PAGE,1474,20,547
1787550794.322,2026-08-24 05:53:14.323,InnoDB,LOCK_SYS_PAGE,1407,20,645
1787550794.322,2026-08-24 05:53:14.323,InnoDB,LOCK_SYS_PAGE,1347,20,583
1787550794.322,2026-08-24 05:53:14.323,InnoDB,LOCK_SYS_PAGE,1275,19,565
1787550794.322,2026-08-24 05:53:14.323,InnoDB,UNDO_SPACE_RSEG,4305,19,1862
1787550794.322,2026-08-24 05:53:14.323,InnoDB,LOCK_SYS_PAGE,1620,19,592
1787550794.322,2026-08-24 05:53:14.323,InnoDB,UNDO_SPACE_RSEG,4421,19,1931
1787550794.322,2026-08-24 05:53:14.323,InnoDB,UNDO_SPACE_RSEG,4021,19,1822
1787550794.322,2026-08-24 05:53:14.323,InnoDB,LOCK_SYS_PAGE,1246,19,588
1787550794.322,2026-08-24 05:53:14.323,InnoDB,LOCK_SYS_PAGE,1431,19,646
1787550794.322,2026-08-24 05:53:14.323,InnoDB,UNDO_SPACE_RSEG,4387,19,1900
1787550794.322,2026-08-24 05:53:14.323,InnoDB,LOCK_SYS_PAGE,1278,19,563
1787550794.322,2026-08-24 05:53:14.323,InnoDB,UNDO_SPACE_RSEG,4410,19,1892
1787550794.322,2026-08-24 05:53:14.323,InnoDB,LOCK_SYS_PAGE,1265,19,535
1787550794.322,2026-08-24 05:53:14.323,InnoDB,LOCK_SYS_PAGE,1228,19,603
1787550794.322,2026-08-24 05:53:14.323,InnoDB,UNDO_SPACE_RSEG,4067,19,1833
1787550794.322,2026-08-24 05:53:14.323,InnoDB,UNDO_SPACE_RSEG,4271,19,1899
1787550794.322,2026-08-24 05:53:14.323,InnoDB,LOCK_SYS_PAGE,1289,19,572
1787550794.322,2026-08-24 05:53:14.323,InnoDB,LOCK_SYS_PAGE,1244,19,543
1787550794.322,2026-08-24 05:53:14.323,InnoDB,LOCK_SYS_PAGE,1326,19,577
1787550794.322,2026-08-24 05:53:14.323,InnoDB,LOCK_SYS_PAGE,1350,19,614
1787550794.322,2026-08-24 05:53:14.323,InnoDB,LOCK_SYS_PAGE,1286,19,582
1787550794.322,2026-08-24 05:53:14.323,InnoDB,UNDO_SPACE_RSEG,4165,19,1804
1787550794.322,2026-08-24 05:53:14.323,InnoDB,LOCK_SYS_PAGE,1349,19,545
1787550794.322,2026-08-24 05:53:14.323,InnoDB,LOCK_SYS_PAGE,1334,19,603
1787550794.322,2026-08-24 05:53:14.323,InnoDB,LOCK_SYS_PAGE,1224,19,581
1787550794.322,2026-08-24 05:53:14.323,InnoDB,LOCK_SYS_PAGE,1266,19,561
1787550794.322,2026-08-24 05:53:14.323,InnoDB,LOCK_SYS_PAGE,1252,19,599
1787550794.322,2026-08-24 05:53:14.323,InnoDB,LOCK_SYS_PAGE,1368,19,575
1787550794.322,2026-08-24 05:53:14.323,InnoDB,LOCK_SYS_PAGE,1310,19,573
1787550794.322,2026-08-24 05:53:14.323,InnoDB,LOCK_SYS_PAGE,1431,19,720
1787550794.322,2026-08-24 05:53:14.323,InnoDB,LOCK_SYS_PAGE,1247,19,573
1787550794.322,2026-08-24 05:53:14.323,InnoDB,LOCK_SYS_PAGE,1313,19,589
1787550794.322,2026-08-24 05:53:14.323,InnoDB,UNDO_SPACE_RSEG,4143,19,1782
1787550794.322,2026-08-24 05:53:14.323,InnoDB,LOCK_SYS_PAGE,1322,19,614
1787550794.322,2026-08-24 05:53:14.323,InnoDB,UNDO_SPACE_RSEG,4277,19,1873
1787550794.322,2026-08-24 05:53:14.323,InnoDB,LOCK_SYS_PAGE,1296,19,595
1787550794.322,2026-08-24 05:53:14.323,InnoDB,LOCK_SYS_PAGE,1177,19,532
1787550794.322,2026-08-24 05:53:14.323,InnoDB,UNDO_SPACE_RSEG,4316,19,1881
1787550794.322,2026-08-24 05:53:14.323,InnoDB,UNDO_SPACE_RSEG,4357,19,1789
1787550794.322,2026-08-24 05:53:14.323,InnoDB,LOCK_SYS_PAGE,1301,19,525
1787550794.322,2026-08-24 05:53:14.323,InnoDB,LOCK_SYS_PAGE,1263,19,556
1787550794.322,2026-08-24 05:53:14.323,InnoDB,UNDO_SPACE_RSEG,4399,19,1867
1787550794.322,2026-08-24 05:53:14.323,InnoDB,LOCK_SYS_PAGE,1236,19,532
1787550794.322,2026-08-24 05:53:14.323,InnoDB,UNDO_SPACE_RSEG,4643,19,1950
1787550794.322,2026-08-24 05:53:14.323,InnoDB,LOCK_SYS_PAGE,1306,19,521
1787550794.322,2026-08-24 05:53:14.323,InnoDB,UNDO_SPACE_RSEG,4468,19,1907
1787550794.322,2026-08-24 05:53:14.323,InnoDB,UNDO_SPACE_RSEG,4301,18,1970
1787550794.322,2026-08-24 05:53:14.323,InnoDB,LOCK_SYS_PAGE,1397,18,605
1787550794.322,2026-08-24 05:53:14.323,InnoDB,LOCK_SYS_PAGE,1231,18,598
1787550794.322,2026-08-24 05:53:14.323,InnoDB,LOCK_SYS_PAGE,1294,18,597
1787550794.322,2026-08-24 05:53:14.323,InnoDB,LOCK_SYS_PAGE,1327,18,610
1787550794.322,2026-08-24 05:53:14.323,InnoDB,LOCK_SYS_PAGE,1176,18,557
1787550794.322,2026-08-24 05:53:14.323,InnoDB,LOCK_SYS_PAGE,1183,18,487
1787550794.322,2026-08-24 05:53:14.323,InnoDB,LOCK_SYS_PAGE,1304,18,623
1787550794.322,2026-08-24 05:53:14.323,InnoDB,LOCK_SYS_PAGE,1225,18,518
1787550794.322,2026-08-24 05:53:14.323,InnoDB,LOCK_SYS_PAGE,1247,18,542
1787550794.322,2026-08-24 05:53:14.323,InnoDB,LOCK_SYS_PAGE,1157,18,550
1787550794.322,2026-08-24 05:53:14.323,InnoDB,LOCK_SYS_PAGE,1295,18,582
1787550794.322,2026-08-24 05:53:14.323,InnoDB,LOCK_SYS_PAGE,1594,18,615
1787550794.322,2026-08-24 05:53:14.323,InnoDB,LOCK_SYS_PAGE,1371,18,594
1787550794.322,2026-08-24 05:53:14.323,InnoDB,UNDO_SPACE_RSEG,4408,18,1869
1787550794.322,2026-08-24 05:53:14.323,InnoDB,LOCK_SYS_PAGE,1300,18,597
1787550794.322,2026-08-24 05:53:14.323,InnoDB,LOCK_SYS_PAGE,1190,18,536
1787550794.322,2026-08-24 05:53:14.323,InnoDB,LOCK_SYS_PAGE,1298,18,618
1787550794.322,2026-08-24 05:53:14.323,InnoDB,LOCK_SYS_PAGE,1265,18,540
1787550794.322,2026-08-24 05:53:14.323,InnoDB,LOCK_SYS_PAGE,1242,18,602
1787550794.322,2026-08-24 05:53:14.323,InnoDB,LOCK_SYS_PAGE,1135,18,501
1787550794.322,2026-08-24 05:53:14.323,InnoDB,LOCK_SYS_PAGE,1240,18,575
1787550794.322,2026-08-24 05:53:14.323,InnoDB,UNDO_SPACE_RSEG,4185,18,1842
1787550794.322,2026-08-24 05:53:14.323,InnoDB,UNDO_SPACE_RSEG,4443,18,1862
1787550794.322,2026-08-24 05:53:14.323,InnoDB,LOCK_SYS_PAGE,1216,18,554
1787550794.322,2026-08-24 05:53:14.323,InnoDB,LOCK_SYS_PAGE,1234,18,525
1787550794.322,2026-08-24 05:53:14.323,InnoDB,UNDO_SPACE_RSEG,4144,18,1794
1787550794.322,2026-08-24 05:53:14.323,InnoDB,LOCK_SYS_PAGE,1330,18,541
1787550794.322,2026-08-24 05:53:14.323,InnoDB,UNDO_SPACE_RSEG,4287,17,1947
1787550794.322,2026-08-24 05:53:14.323,InnoDB,LOCK_SYS_PAGE,1305,17,551
1787550794.322,2026-08-24 05:53:14.323,InnoDB,LOCK_SYS_PAGE,1311,17,624
1787550794.322,2026-08-24 05:53:14.323,InnoDB,UNDO_SPACE_RSEG,4166,17,1877
1787550794.322,2026-08-24 05:53:14.323,InnoDB,LOCK_SYS_PAGE,1309,17,624
1787550794.322,2026-08-24 05:53:14.323,InnoDB,LOCK_SYS_PAGE,1283,17,619
1787550794.322,2026-08-24 05:53:14.323,InnoDB,TRX_POOL,558,17,43
1787550794.322,2026-08-24 05:53:14.323,InnoDB,UNDO_SPACE_RSEG,4278,17,1897
1787550794.322,2026-08-24 05:53:14.323,InnoDB,LOCK_SYS_PAGE,1355,17,670
1787550794.322,2026-08-24 05:53:14.323,InnoDB,LOCK_SYS_PAGE,1226,17,535
1787550794.322,2026-08-24 05:53:14.323,InnoDB,UNDO_SPACE_RSEG,4182,17,1842
1787550794.322,2026-08-24 05:53:14.323,InnoDB,LOCK_SYS_PAGE,1275,17,574
1787550794.322,2026-08-24 05:53:14.323,InnoDB,LOCK_SYS_PAGE,1381,17,639
1787550794.322,2026-08-24 05:53:14.323,InnoDB,LOCK_SYS_PAGE,1235,17,610
1787550794.322,2026-08-24 05:53:14.323,InnoDB,LOCK_SYS_PAGE,1210,17,626
1787550794.322,2026-08-24 05:53:14.323,InnoDB,LOCK_SYS_PAGE,1191,17,526
1787550794.322,2026-08-24 05:53:14.323,InnoDB,UNDO_SPACE_RSEG,4254,17,1840
1787550794.322,2026-08-24 05:53:14.323,InnoDB,UNDO_SPACE_RSEG,4387,17,1875
1787550794.322,2026-08-24 05:53:14.323,InnoDB,LOCK_SYS_PAGE,1239,17,535
1787550794.322,2026-08-24 05:53:14.323,InnoDB,LOCK_SYS_PAGE,1185,17,541
1787550794.322,2026-08-24 05:53:14.323,InnoDB,LOCK_SYS_PAGE,1199,17,540
1787550794.322,2026-08-24 05:53:14.323,InnoDB,LOCK_SYS_PAGE,1188,17,597
1787550794.322,2026-08-24 05:53:14.323,InnoDB,LOCK_SYS_PAGE,1240,17,531
1787550794.322,2026-08-24 05:53:14.323,InnoDB,UNDO_SPACE_RSEG,4379,17,1932
1787550794.322,2026-08-24 05:53:14.323,InnoDB,LOCK_SYS_PAGE,1334,17,606
1787550794.322,2026-08-24 05:53:14.323,InnoDB,LOCK_SYS_PAGE,1189,17,587
1787550794.322,2026-08-24 05:53:14.323,InnoDB,LOCK_SYS_PAGE,1196,17,614
1787550794.322,2026-08-24 05:53:14.323,InnoDB,LOCK_SYS_PAGE,1306,17,529
1787550794.322,2026-08-24 05:53:14.323,InnoDB,LOCK_SYS_PAGE,1150,17,554
1787550794.322,2026-08-24 05:53:14.323,InnoDB,LOCK_SYS_PAGE,1339,17,558
1787550794.322,2026-08-24 05:53:14.323,InnoDB,LOCK_SYS_PAGE,1273,17,551
1787550794.322,2026-08-24 05:53:14.323,InnoDB,LOCK_SYS_PAGE,1273,17,582
1787550794.322,2026-08-24 05:53:14.323,InnoDB,LOCK_SYS_PAGE,1251,17,633
1787550794.322,2026-08-24 05:53:14.323,InnoDB,LOCK_SYS_PAGE,1222,17,598
1787550794.322,2026-08-24 05:53:14.323,InnoDB,LOCK_SYS_PAGE,1184,16,585
1787550794.322,2026-08-24 05:53:14.323,InnoDB,LOCK_SYS_PAGE,1277,16,605
1787550794.322,2026-08-24 05:53:14.323,InnoDB,UNDO_SPACE_RSEG,4351,16,1918
1787550794.322,2026-08-24 05:53:14.323,InnoDB,LOCK_SYS_PAGE,1280,16,631
1787550794.322,2026-08-24 05:53:14.323,InnoDB,UNDO_SPACE_RSEG,4164,16,1844
1787550794.322,2026-08-24 05:53:14.323,InnoDB,UNDO_SPACE_RSEG,4261,16,1902
1787550794.322,2026-08-24 05:53:14.323,InnoDB,LOCK_SYS_PAGE,1382,16,717
1787550794.322,2026-08-24 05:53:14.323,InnoDB,LOCK_SYS_PAGE,1204,16,612
1787550794.322,2026-08-24 05:53:14.323,InnoDB,LOCK_SYS_PAGE,1196,16,618
1787550794.322,2026-08-24 05:53:14.323,InnoDB,UNDO_SPACE_RSEG,4248,16,1853
1787550794.322,2026-08-24 05:53:14.323,InnoDB,UNDO_SPACE_RSEG,4009,16,1823
1787550794.322,2026-08-24 05:53:14.323,InnoDB,LOCK_SYS_PAGE,1104,16,508
1787550794.322,2026-08-24 05:53:14.323,InnoDB,UNDO_SPACE_RSEG,4221,16,1832
1787550794.322,2026-08-24 05:53:14.323,InnoDB,UNDO_SPACE_RSEG,4514,16,1930
1787550794.322,2026-08-24 05:53:14.323,InnoDB,LOCK_SYS_PAGE,1258,16,550
1787550794.322,2026-08-24 05:53:14.323,InnoDB,LOCK_SYS_PAGE,1129,16,577
1787550794.322,2026-08-24 05:53:14.323,InnoDB,LOCK_SYS_PAGE,1128,16,578
1787550794.322,2026-08-24 05:53:14.323,InnoDB,LOCK_SYS_PAGE,1176,16,532
1787550794.322,2026-08-24 05:53:14.323,InnoDB,LOCK_SYS_PAGE,1181,16,540
1787550794.322,2026-08-24 05:53:14.323,InnoDB,LOCK_SYS_PAGE,1099,16,497
1787550794.322,2026-08-24 05:53:14.323,InnoDB,LOCK_SYS_PAGE,1199,16,600
1787550794.322,2026-08-24 05:53:14.323,InnoDB,LOCK_SYS_PAGE,1171,16,557
1787550794.322,2026-08-24 05:53:14.323,InnoDB,LOCK_SYS_PAGE,1128,15,509
1787550794.322,2026-08-24 05:53:14.323,InnoDB,LOCK_SYS_PAGE,1047,15,497
1787550794.322,2026-08-24 05:53:14.323,InnoDB,LOCK_SYS_PAGE,1263,15,644
1787550794.322,2026-08-24 05:53:14.323,InnoDB,UNDO_SPACE_RSEG,4086,15,1815
1787550794.322,2026-08-24 05:53:14.323,InnoDB,LOCK_SYS_PAGE,1052,15,520
1787550794.322,2026-08-24 05:53:14.323,InnoDB,LOCK_SYS_PAGE,1249,15,599
1787550794.322,2026-08-24 05:53:14.323,InnoDB,LOCK_SYS_PAGE,1121,15,513
1787550794.322,2026-08-24 05:53:14.323,InnoDB,LOCK_SYS_PAGE,1124,15,539
1787550794.322,2026-08-24 05:53:14.323,InnoDB,LOCK_SYS_PAGE,1118,15,530
1787550794.322,2026-08-24 05:53:14.323,InnoDB,LOCK_SYS_PAGE,1155,15,564
1787550794.322,2026-08-24 05:53:14.323,InnoDB,LOCK_SYS_PAGE,1150,15,540
1787550794.322,2026-08-24 05:53:14.323,InnoDB,LOCK_SYS_PAGE,1144,15,542
1787550794.322,2026-08-24 05:53:14.323,InnoDB,LOCK_SYS_PAGE,1137,15,609
1787550794.322,2026-08-24 05:53:14.323,InnoDB,LOCK_SYS_PAGE,1124,15,536
1787550794.322,2026-08-24 05:53:14.323,InnoDB,UNDO_SPACE_RSEG,4155,15,1853
1787550794.322,2026-08-24 05:53:14.323,InnoDB,LOCK_SYS_PAGE,1189,15,530
1787550794.322,2026-08-24 05:53:14.323,InnoDB,LOCK_SYS_PAGE,1094,15,523
1787550794.322,2026-08-24 05:53:14.323,InnoDB,LOCK_SYS_PAGE,1167,14,534
1787550794.322,2026-08-24 05:53:14.323,InnoDB,LOCK_SYS_PAGE,1157,14,564
1787550794.322,2026-08-24 05:53:14.323,InnoDB,LOCK_SYS_PAGE,1152,14,513
1787550794.322,2026-08-24 05:53:14.323,InnoDB,LOCK_SYS_PAGE,1138,14,554
1787550794.322,2026-08-24 05:53:14.323,InnoDB,LOCK_SYS_PAGE,1128,14,533
1787550794.322,2026-08-24 05:53:14.323,InnoDB,LOCK_SYS_PAGE,1116,14,509
1787550794.322,2026-08-24 05:53:14.323,InnoDB,LOCK_SYS_PAGE,1131,14,577
1787550794.322,2026-08-24 05:53:14.323,InnoDB,LOCK_SYS_PAGE,1139,14,532
1787550794.322,2026-08-24 05:53:14.323,InnoDB,LOCK_SYS_PAGE,1147,14,527
1787550794.322,2026-08-24 05:53:14.323,InnoDB,LOCK_SYS_PAGE,1099,14,516
1787550794.322,2026-08-24 05:53:14.323,InnoDB,LOCK_SYS_PAGE,1122,14,561
1787550794.322,2026-08-24 05:53:14.323,InnoDB,LOCK_SYS_PAGE,1132,14,557
1787550794.322,2026-08-24 05:53:14.323,InnoDB,UNDO_SPACE_RSEG,4216,14,1917
1787550794.322,2026-08-24 05:53:14.323,InnoDB,LOCK_SYS_PAGE,1076,14,568
1787550794.322,2026-08-24 05:53:14.323,InnoDB,LOCK_SYS_PAGE,1225,14,598
1787550794.322,2026-08-24 05:53:14.323,InnoDB,LOCK_SYS_PAGE,1112,14,581
1787550794.322,2026-08-24 05:53:14.323,InnoDB,LOCK_SYS_PAGE,1195,14,619
1787550794.322,2026-08-24 05:53:14.323,InnoDB,LOCK_SYS_PAGE,1196,14,591
1787550794.322,2026-08-24 05:53:14.323,InnoDB,LOCK_SYS_PAGE,1089,14,551
1787550794.322,2026-08-24 05:53:14.323,InnoDB,LOCK_SYS_PAGE,1120,14,572
1787550794.322,2026-08-24 05:53:14.323,InnoDB,LOCK_SYS_PAGE,1152,13,615
1787550794.322,2026-08-24 05:53:14.323,InnoDB,LOCK_SYS_PAGE,1042,13,607
1787550794.322,2026-08-24 05:53:14.323,InnoDB,LOCK_SYS_PAGE,1110,13,608
1787550794.322,2026-08-24 05:53:14.323,InnoDB,LOCK_SYS_PAGE,1009,13,544
1787550794.322,2026-08-24 05:53:14.323,InnoDB,LOCK_SYS_PAGE,1170,13,629
1787550794.322,2026-08-24 05:53:14.323,InnoDB,LOCK_SYS_PAGE,1138,13,628
1787550794.322,2026-08-24 05:53:14.323,InnoDB,LOCK_SYS_PAGE,1079,13,591
1787550794.322,2026-08-24 05:53:14.323,InnoDB,LOCK_SYS_PAGE,1044,13,533
1787550794.322,2026-08-24 05:53:14.323,InnoDB,LOCK_SYS_PAGE,1141,13,595
1787550794.322,2026-08-24 05:53:14.323,InnoDB,LOCK_SYS_PAGE,1092,12,585
1787550794.322,2026-08-24 05:53:14.323,InnoDB,LOCK_SYS_PAGE,1064,12,610
1787550794.322,2026-08-24 05:53:14.323,InnoDB,LOCK_SYS_PAGE,1007,11,479
1787550794.322,2026-08-24 05:53:14.323,InnoDB,LOCK_SYS_PAGE,1132,11,639
1787550794.322,2026-08-24 05:53:14.323,InnoDB,UNDO_SPACE_RSEG,3941,11,1851
1787550794.322,2026-08-24 05:53:14.323,InnoDB,LOCK_SYS_PAGE,915,11,501
1787550794.322,2026-08-24 05:53:14.323,InnoDB,LOCK_SYS_PAGE,1169,11,624
1787550794.322,2026-08-24 05:53:14.323,InnoDB,LOCK_SYS_PAGE,1030,10,572
1787550794.322,2026-08-24 05:53:14.323,InnoDB,LOCK_SYS_PAGE,1241,10,672
1787550794.322,2026-08-24 05:53:14.323,InnoDB,LOCK_SYS_PAGE,868,8,518
1787550794.322,2026-08-24 05:53:14.323,InnoDB,LOCK_SYS_WAIT,197,6,7
1787550794.322,2026-08-24 05:53:14.323,InnoDB,PARSER,304,5,10
1787550794.322,2026-08-24 05:53:14.323,InnoDB,FIL_SHARD,280,5,141
1787550794.322,2026-08-24 05:53:14.323,InnoDB,FIL_SHARD,198,4,99
1787550794.322,2026-08-24 05:53:14.323,InnoDB,FIL_SHARD,290,4,168
1787550794.322,2026-08-24 05:53:14.323,InnoDB,FIL_SHARD,164,3,60
1787550794.322,2026-08-24 05:53:14.323,InnoDB,DICT_TABLE_STATS_COMPUTE,90,3,2
1787550794.322,2026-08-24 05:53:14.323,InnoDB,FIL_SHARD,113,2,62
1787550794.322,2026-08-24 05:53:14.323,InnoDB,FIL_SHARD,97,2,58
1787550794.322,2026-08-24 05:53:14.323,InnoDB,FIL_SHARD,102,2,36
1787550794.322,2026-08-24 05:53:14.323,InnoDB,TRX_SYS_SHARD,34,1,1
1787550794.322,2026-08-24 05:53:14.323,InnoDB,TRX_SYS_SHARD,30,1,1
1787550794.322,2026-08-24 05:53:14.323,InnoDB,TRX_SYS_SHARD,31,1,2
1787550794.322,2026-08-24 05:53:14.323,InnoDB,DICT_TABLE_STATS_COMPUTE,30,1,1
1787550794.322,2026-08-24 05:53:14.323,InnoDB,FIL_SHARD,79,1,64
1787550794.322,2026-08-24 05:53:14.323,InnoDB,TRX_SYS_SHARD,34,1,1
1787550794.322,2026-08-24 05:53:14.323,InnoDB,FIL_SHARD,87,1,69
1787550794.322,2026-08-24 05:53:14.323,InnoDB,TRX_SYS_SHARD,34,1,1
1787550794.322,2026-08-24 05:53:14.323,InnoDB,TRX_SYS_SHARD,34,1,1
1787550794.322,2026-08-24 05:53:14.323,InnoDB,TRX_SYS_SHARD,35,1,2
1787550794.322,2026-08-24 05:53:14.323,InnoDB,TRX_SYS_SHARD,34,1,1
1787550794.322,2026-08-24 05:53:14.323,InnoDB,FIL_SHARD,122,1,134
1787550794.322,2026-08-24 05:53:14.323,InnoDB,FIL_SHARD,108,1,78
1787550794.322,2026-08-24 05:53:14.323,InnoDB,TRX_SYS_SHARD,34,1,1
1787550794.322,2026-08-24 05:53:14.323,InnoDB,FIL_SHARD,94,1,108
1787550794.322,2026-08-24 05:53:14.323,InnoDB,FIL_SHARD,452,1,477
1787550794.322,2026-08-24 05:53:14.323,InnoDB,FIL_SHARD,195,1,205
1787550794.322,2026-08-24 05:53:14.323,InnoDB,TRX_SYS_SHARD,30,1,1
1787550794.322,2026-08-24 05:53:14.323,InnoDB,FIL_SHARD,57,1,32
1787550794.322,2026-08-24 05:53:14.323,InnoDB,FIL_SHARD,57,1,42
1787550794.322,2026-08-24 05:53:14.323,InnoDB,FIL_SHARD,65,1,52
1787550794.322,2026-08-24 05:53:14.323,InnoDB,FIL_SHARD,59,1,42
1787550794.322,2026-08-24 05:53:14.323,InnoDB,FIL_SHARD,91,1,69
1787550794.322,2026-08-24 05:53:14.323,InnoDB,FIL_SHARD,141,1,118
1787550794.322,2026-08-24 05:53:14.323,InnoDB,FIL_SHARD,44,1,26
1787550794.322,2026-08-24 05:53:14.323,InnoDB,FIL_SHARD,56,1,32
1787550794.322,2026-08-24 05:53:14.323,InnoDB,FIL_SHARD,14,0,33
1787550794.322,2026-08-24 05:53:14.323,InnoDB,TRX_SYS_SHARD,2,0,2
1787550794.322,2026-08-24 05:53:14.323,InnoDB,TRX_SYS_SHARD,2,0,1
1787550794.322,2026-08-24 05:53:14.323,InnoDB,TRX_SYS_SHARD,23,0,3
1787550794.322,2026-08-24 05:53:14.323,InnoDB,TRX_SYS_SHARD,1,0,1
1787550794.322,2026-08-24 05:53:14.323,InnoDB,FIL_SHARD,36,0,42
1787550794.322,2026-08-24 05:53:14.323,InnoDB,TRX_SYS_SHARD,2,0,1
1787550794.322,2026-08-24 05:53:14.323,InnoDB,TRX_SYS_SHARD,1,0,1
1787550794.322,2026-08-24 05:53:14.323,InnoDB,TRX_SYS_SHARD,2,0,2
1787550794.322,2026-08-24 05:53:14.323,InnoDB,TRX_SYS_SHARD,1,0,1
1787550794.322,2026-08-24 05:53:14.323,InnoDB,TRX_SYS_SHARD,1,0,1
1787550794.322,2026-08-24 05:53:14.323,InnoDB,TRX_SYS_SHARD,1,0,1
1787550794.322,2026-08-24 05:53:14.323,InnoDB,TRX_SYS_SHARD,6,0,4
1787550794.322,2026-08-24 05:53:14.323,InnoDB,TRX_SYS_SHARD,1,0,1
1787550794.322,2026-08-24 05:53:14.323,InnoDB,TRX_SYS_SHARD,1,0,2
1787550794.322,2026-08-24 05:53:14.323,InnoDB,TRX_SYS_SHARD,2,0,1
1787550794.322,2026-08-24 05:53:14.323,InnoDB,TRX_SYS_SHARD,1,0,1
1787550794.322,2026-08-24 05:53:14.323,InnoDB,TRX_SYS_SHARD,1,0,1
1787550794.322,2026-08-24 05:53:14.323,InnoDB,TRX_SYS_SHARD,1,0,1
1787550794.322,2026-08-24 05:53:14.323,InnoDB,TRX_SYS_SHARD,1,0,1
1787550794.322,2026-08-24 05:53:14.323,InnoDB,TRX_SYS_SHARD,1,0,1
1787550794.322,2026-08-24 05:53:14.323,InnoDB,TRX_SYS_SHARD,1,0,1
1787550794.322,2026-08-24 05:53:14.323,InnoDB,FIL_SHARD,45,0,32
1787550794.322,2026-08-24 05:53:14.323,InnoDB,TRX_SYS_SHARD,2,0,2
1787550794.322,2026-08-24 05:53:14.323,InnoDB,TRX_SYS_SHARD,1,0,1
1787550794.322,2026-08-24 05:53:14.323,InnoDB,TRX_SYS_SHARD,1,0,1
1787550794.322,2026-08-24 05:53:14.323,InnoDB,TRX_SYS_SHARD,4,0,3
1787550794.322,2026-08-24 05:53:14.323,InnoDB,TRX_SYS_SHARD,1,0,1
1787550794.322,2026-08-24 05:53:14.323,InnoDB,TRX_SYS_SHARD,2,0,1
1787550794.322,2026-08-24 05:53:14.323,InnoDB,FIL_SHARD,19,0,46
1787550794.322,2026-08-24 05:53:14.323,InnoDB,FIL_SHARD,48,0,68
1787550794.322,2026-08-24 05:53:14.323,InnoDB,FIL_SHARD,41,0,57
1787550794.322,2026-08-24 05:53:14.323,InnoDB,FIL_SHARD,23,0,29
1787550794.322,2026-08-24 05:53:14.323,InnoDB,FIL_SHARD,55,0,84
1787550794.322,2026-08-24 05:53:14.323,InnoDB,TRX_SYS_SHARD,1,0,1
1787550794.322,2026-08-24 05:53:14.323,InnoDB,TRX_SYS_SHARD,2,0,2
1787550794.322,2026-08-24 05:53:14.323,InnoDB,TRX_SYS_SHARD,2,0,1
1787550794.322,2026-08-24 05:53:14.323,InnoDB,TRX_SYS_SHARD,2,0,2
1787550794.322,2026-08-24 05:53:14.323,InnoDB,TRX_SYS_SHARD,2,0,1
1787550794.322,2026-08-24 05:53:14.323,InnoDB,FIL_SHARD,57,0,39
1787550794.322,2026-08-24 05:53:14.323,InnoDB,FIL_SHARD,41,0,54
1787550794.322,2026-08-24 05:53:14.323,InnoDB,TRX_SYS_SHARD,1,0,1
1787550794.322,2026-08-24 05:53:14.323,InnoDB,TRX_SYS_SHARD,1,0,1
1787550794.322,2026-08-24 05:53:14.323,InnoDB,AUTOINC,2,0,1
1787550794.322,2026-08-24 05:53:14.323,InnoDB,TRX_SYS_SHARD,2,0,1
1787550794.322,2026-08-24 05:53:14.323,InnoDB,TRX_SYS_SHARD,1,0,1
1787550794.322,2026-08-24 05:53:14.323,InnoDB,TRX_SYS_SHARD,1,0,1
1787550794.322,2026-08-24 05:53:14.323,InnoDB,TRX_SYS_SHARD,1,0,1
1787550794.322,2026-08-24 05:53:14.323,InnoDB,TRX_SYS_SHARD,1,0,1
1787550794.322,2026-08-24 05:53:14.323,InnoDB,TRX_SYS_SHARD,1,0,1
1787550794.322,2026-08-24 05:53:14.323,InnoDB,TRX_SYS_SHARD,2,0,1
1787550794.322,2026-08-24 05:53:14.323,InnoDB,TRX_SYS_SHARD,2,0,2
1787550794.322,2026-08-24 05:53:14.323,InnoDB,TRX_SYS_SHARD,1,0,1
1787550794.322,2026-08-24 05:53:14.323,InnoDB,TRX_SYS_SHARD,1,0,1
1787550794.322,2026-08-24 05:53:14.323,InnoDB,TRX_SYS_SHARD,2,0,2
1787550794.322,2026-08-24 05:53:14.323,InnoDB,TRX_SYS_SHARD,2,0,1
1787550794.322,2026-08-24 05:53:14.323,InnoDB,TRX_SYS_SHARD,2,0,2
1787550794.322,2026-08-24 05:53:14.323,InnoDB,TRX,1,0,1
1787550794.322,2026-08-24 05:53:14.323,InnoDB,FIL_SHARD,108,0,93
1787550794.322,2026-08-24 05:53:14.323,InnoDB,TRX_SYS_SHARD,1,0,1
1787550794.322,2026-08-24 05:53:14.323,InnoDB,TRX_SYS_SHARD,1,0,1
1787550794.322,2026-08-24 05:53:14.323,InnoDB,TRX_SYS_SHARD,1,0,1
1787550794.322,2026-08-24 05:53:14.323,InnoDB,TRX_SYS_SHARD,2,0,2
1787550794.322,2026-08-24 05:53:14.323,InnoDB,TRX_SYS_SHARD,2,0,1
1787550794.322,2026-08-24 05:53:14.323,InnoDB,TRX_SYS_SHARD,1,0,1
1787550794.322,2026-08-24 05:53:14.323,InnoDB,TRX_SYS_SHARD,2,0,1
1787550794.322,2026-08-24 05:53:14.323,InnoDB,TRX_SYS_SHARD,1,0,1
1787550794.322,2026-08-24 05:53:14.323,InnoDB,TRX_SYS_SHARD,1,0,1
1787550794.322,2026-08-24 05:53:14.323,InnoDB,TRX_SYS_SHARD,5,0,5
1787550794.322,2026-08-24 05:53:14.323,InnoDB,TRX_SYS_SHARD,1,0,1
1787550794.322,2026-08-24 05:53:14.323,InnoDB,TRX_SYS_SHARD,1,0,1
1787550794.322,2026-08-24 05:53:14.323,InnoDB,FIL_SHARD,184,0,212
1787550794.322,2026-08-24 05:53:14.323,InnoDB,TRX_SYS_SHARD,3,0,2
1787550794.322,2026-08-24 05:53:14.323,InnoDB,TRX,1,0,1
1787550794.322,2026-08-24 05:53:14.323,InnoDB,TRX_POOL_MANAGER,6,0,5
1787550794.322,2026-08-24 05:53:14.323,InnoDB,FIL_SHARD,31,0,41
1787550794.322,2026-08-24 05:53:14.323,InnoDB,FIL_SHARD,60,0,96
1787550794.322,2026-08-24 05:53:14.323,InnoDB,FIL_SHARD,35,0,44
1787550794.322,2026-08-24 05:53:14.323,InnoDB,FIL_SHARD,87,0,120
1787550794.322,2026-08-24 05:53:14.323,InnoDB,FIL_SHARD,143,0,152
1787550794.322,2026-08-24 05:53:14.323,InnoDB,FIL_SHARD,150,0,207
1787550794.322,2026-08-24 05:53:14.323,InnoDB,FIL_SHARD,41,0,60
1787550794.322,2026-08-24 05:53:14.323,InnoDB,FIL_SHARD,30,0,40
1787550794.322,2026-08-24 05:53:14.323,InnoDB,FIL_SHARD,13,0,29
1787550794.322,2026-08-24 05:53:14.323,InnoDB,FIL_SHARD,40,0,60
1787550794.322,2026-08-24 05:53:14.323,InnoDB,FIL_SHARD,72,0,105
1787550794.322,2026-08-24 05:53:14.323,InnoDB,FIL_SHARD,26,0,30
1787550794.322,2026-08-24 05:53:14.323,InnoDB,TRX_SYS_SHARD,2,0,2
1787550794.322,2026-08-24 05:53:14.323,InnoDB,TRX_SYS_SHARD,1,0,1
1787550794.322,2026-08-24 05:53:14.323,InnoDB,RECALC_POOL,6,0,10
1787550794.322,2026-08-24 05:53:14.323,InnoDB,TRX_SYS_SHARD,1,0,1
1787550794.322,2026-08-24 05:53:14.323,InnoDB,TRX_SYS_SHARD,1,0,1
1787550794.322,2026-08-24 05:53:14.323,InnoDB,TRX_SYS_SHARD,1,0,1
1787550794.322,2026-08-24 05:53:14.323,InnoDB,TRX_SYS_SHARD,3,0,2
1787550794.322,2026-08-24 05:53:14.323,InnoDB,TRX_SYS_SHARD,1,0,1
1787550794.322,2026-08-24 05:53:14.323,InnoDB,TRX_SYS_SHARD,2,0,2
1787550794.322,2026-08-24 05:53:14.323,InnoDB,TRX_SYS_SHARD,1,0,1
1787550794.322,2026-08-24 05:53:14.323,InnoDB,TRX_SYS_SHARD,1,0,1
1787550794.322,2026-08-24 05:53:14.323,InnoDB,TRX_SYS_SHARD,1,0,1
1787550794.322,2026-08-24 05:53:14.323,InnoDB,TRX_SYS_SHARD,2,0,2
1787550794.322,2026-08-24 05:53:14.323,InnoDB,TRX_SYS_SHARD,2,0,2
1787550794.322,2026-08-24 05:53:14.323,InnoDB,TRX_SYS_SHARD,1,0,1
1787550794.322,2026-08-24 05:53:14.323,InnoDB,TRX_SYS_SHARD,1,0,1
1787550794.322,2026-08-24 05:53:14.323,InnoDB,TRX_SYS_SHARD,1,0,1
1787550794.322,2026-08-24 05:53:14.323,InnoDB,TRX_SYS_SHARD,2,0,2
1787550794.322,2026-08-24 05:53:14.323,InnoDB,TRX_SYS_SHARD,1,0,1
1787550794.322,2026-08-24 05:53:14.323,InnoDB,TRX_SYS_SHARD,1,0,1
1787550794.322,2026-08-24 05:53:14.323,InnoDB,TRX_SYS_SHARD,2,0,2
1787550794.322,2026-08-24 05:53:14.323,InnoDB,TRX_SYS_SHARD,3,0,2
1787550794.322,2026-08-24 05:53:14.323,InnoDB,TRX_SYS_SHARD,1,0,1
1787550794.322,2026-08-24 05:53:14.323,InnoDB,TRX_SYS_SHARD,1,0,1
1787550794.322,2026-08-24 05:53:14.323,InnoDB,TRX_SYS_SHARD,1,0,1
1787550794.322,2026-08-24 05:53:14.323,InnoDB,TRX_SYS_SHARD,1,0,2
1787550794.322,2026-08-24 05:53:14.323,InnoDB,TRX_SYS_SHARD,2,0,2
1787550794.322,2026-08-24 05:53:14.323,InnoDB,rwlock: dict0dict.cc:2631,,25447,
1787550794.322,2026-08-24 05:53:14.323,InnoDB,rwlock: dict0dict.cc:2631,,24590,
1787550794.322,2026-08-24 05:53:14.323,InnoDB,rwlock: dict0dict.cc:2631,,24968,
1787550794.322,2026-08-24 05:53:14.323,InnoDB,rwlock: dict0dict.cc:2631,,25284,
1787550794.322,2026-08-24 05:53:14.323,InnoDB,rwlock: dict0dict.cc:2631,,24904,
1787550794.322,2026-08-24 05:53:14.323,InnoDB,rwlock: dict0dict.cc:2631,,25863,
1787550794.322,2026-08-24 05:53:14.323,InnoDB,rwlock: dict0dict.cc:2631,,25160,
1787550794.322,2026-08-24 05:53:14.323,InnoDB,rwlock: dict0dict.cc:2631,,25833,
1787550794.322,2026-08-24 05:53:14.323,InnoDB,rwlock: dict0dict.cc:2631,,25485,
1787550794.322,2026-08-24 05:53:14.323,InnoDB,rwlock: dict0dict.cc:2631,,25517,
1787550794.322,2026-08-24 05:53:14.323,InnoDB,rwlock: dict0dict.cc:2631,,25223,
1787550794.322,2026-08-24 05:53:14.323,InnoDB,rwlock: dict0dict.cc:2631,,25092,
1787550794.322,2026-08-24 05:53:14.323,InnoDB,rwlock: dict0dict.cc:2631,,25022,
1787550794.322,2026-08-24 05:53:14.323,InnoDB,rwlock: dict0dict.cc:2631,,25394,
1787550794.322,2026-08-24 05:53:14.323,InnoDB,rwlock: dict0dict.cc:2631,,24875,
1787550794.322,2026-08-24 05:53:14.323,InnoDB,rwlock: dict0dict.cc:2631,,25186,
1787550794.322,2026-08-24 05:53:14.323,InnoDB,rwlock: dict0dict.cc:2631,,25360,
1787550794.322,2026-08-24 05:53:14.323,InnoDB,rwlock: dict0dict.cc:2631,,24714,
1787550794.322,2026-08-24 05:53:14.323,InnoDB,rwlock: dict0dict.cc:2631,,24946,
1787550794.322,2026-08-24 05:53:14.323,InnoDB,rwlock: dict0dict.cc:2631,,24758,
1787550794.322,2026-08-24 05:53:14.323,InnoDB,rwlock: dict0dict.cc:2631,,3,
1787550794.322,2026-08-24 05:53:14.323,InnoDB,rwlock: dict0dict.cc:2631,,1,
1787550794.322,2026-08-24 05:53:14.323,InnoDB,rwlock: dict0dict.cc:2631,,2,
1787550794.322,2026-08-24 05:53:14.323,InnoDB,rwlock: dict0dict.cc:2631,,3,
1787550794.322,2026-08-24 05:53:14.323,InnoDB,rwlock: dict0dict.cc:2631,,1,
1787550794.322,2026-08-24 05:53:14.323,InnoDB,rwlock: dict0dict.cc:2631,,2,
1787550794.322,2026-08-24 05:53:14.323,InnoDB,rwlock: dict0dict.cc:2631,,1,
1787550794.322,2026-08-24 05:53:14.323,InnoDB,rwlock: dict0dict.cc:2631,,1,
1787550794.322,2026-08-24 05:53:14.323,InnoDB,rwlock: dict0dict.cc:2631,,2,
1787550794.322,2026-08-24 05:53:14.323,InnoDB,rwlock: dict0dict.cc:2631,,4,
1787550794.322,2026-08-24 05:53:14.323,InnoDB,rwlock: fil0fil.cc:10242,,1,
1787550794.322,2026-08-24 05:53:14.323,InnoDB,rwlock: dict0dict.cc:2631,,5,
1787550794.322,2026-08-24 05:53:14.323,InnoDB,rwlock: dict0dict.cc:2631,,1,
1787550794.322,2026-08-24 05:53:14.323,InnoDB,rwlock: dict0dict.cc:2631,,3,
1787550794.322,2026-08-24 05:53:14.323,InnoDB,rwlock: dict0dict.cc:2631,,2,
1787550794.322,2026-08-24 05:53:14.323,InnoDB,rwlock: dict0dict.cc:2631,,1,
1787550794.322,2026-08-24 05:53:14.323,InnoDB,rwlock: dict0dict.cc:2631,,1,
1787550794.322,2026-08-24 05:53:14.323,InnoDB,rwlock: dict0dict.cc:2631,,3,
1787550794.322,2026-08-24 05:53:14.323,InnoDB,rwlock: dict0dict.cc:2631,,4,
1787550794.322,2026-08-24 05:53:14.323,InnoDB,rwlock: dict0dict.cc:2631,,3,
1787550794.322,2026-08-24 05:53:14.323,InnoDB,rwlock: trx0purge.cc:232,,6,
1787550794.322,2026-08-24 05:53:14.323,InnoDB,rwlock: fil0fil.cc:10242,,5997,
1787550794.322,2026-08-24 05:53:14.323,InnoDB,rwlock: fil0fil.cc:10242,,6436,
1787550794.322,2026-08-24 05:53:14.323,InnoDB,rwlock: dict0dict.cc:1180,,15,
1787550794.322,2026-08-24 05:53:14.323,InnoDB,rwlock: hash0hash.cc:117,,1096,
1787550794.322,2026-08-24 05:53:14.323,InnoDB,rwlock: hash0hash.cc:117,,1091,
1787550794.322,2026-08-24 05:53:14.323,InnoDB,rwlock: hash0hash.cc:117,,1237,
1787550794.322,2026-08-24 05:53:14.323,InnoDB,rwlock: hash0hash.cc:117,,916,
1787550794.322,2026-08-24 05:53:14.323,InnoDB,rwlock: hash0hash.cc:117,,2191,
1787550794.322,2026-08-24 05:53:14.323,InnoDB,rwlock: hash0hash.cc:117,,2665,
1787550794.322,2026-08-24 05:53:14.323,InnoDB,rwlock: hash0hash.cc:117,,927,
1787550794.322,2026-08-24 05:53:14.323,InnoDB,rwlock: hash0hash.cc:117,,2433,
1787550794.322,2026-08-24 05:53:14.323,InnoDB,rwlock: hash0hash.cc:117,,938,
1787550794.322,2026-08-24 05:53:14.323,InnoDB,rwlock: hash0hash.cc:117,,1107,
1787550794.322,2026-08-24 05:53:14.323,InnoDB,rwlock: hash0hash.cc:117,,681,
1787550794.322,2026-08-24 05:53:14.323,InnoDB,rwlock: hash0hash.cc:117,,641,
1787550794.322,2026-08-24 05:53:14.323,InnoDB,rwlock: hash0hash.cc:117,,828,
1787550794.322,2026-08-24 05:53:14.323,InnoDB,rwlock: hash0hash.cc:117,,1767,
1787550794.322,2026-08-24 05:53:14.323,InnoDB,rwlock: hash0hash.cc:117,,940,
1787550794.322,2026-08-24 05:53:14.323,InnoDB,rwlock: hash0hash.cc:117,,693,
1787550794.322,2026-08-24 05:53:14.323,InnoDB,rwlock: hash0hash.cc:117,,896,
1787550794.322,2026-08-24 05:53:14.323,InnoDB,rwlock: hash0hash.cc:117,,1084,
1787550794.322,2026-08-24 05:53:14.323,InnoDB,rwlock: hash0hash.cc:117,,1536,
1787550794.322,2026-08-24 05:53:14.323,InnoDB,rwlock: hash0hash.cc:117,,825,
1787550794.322,2026-08-24 05:53:14.323,InnoDB,rwlock: hash0hash.cc:117,,885,
1787550794.322,2026-08-24 05:53:14.323,InnoDB,rwlock: hash0hash.cc:117,,912,
1787550794.322,2026-08-24 05:53:14.323,InnoDB,rwlock: hash0hash.cc:117,,2513,
1787550794.322,2026-08-24 05:53:14.323,InnoDB,rwlock: hash0hash.cc:117,,977,
1787550794.322,2026-08-24 05:53:14.323,InnoDB,rwlock: hash0hash.cc:117,,841,
1787550794.322,2026-08-24 05:53:14.323,InnoDB,rwlock: hash0hash.cc:117,,799,
1787550794.322,2026-08-24 05:53:14.323,InnoDB,rwlock: hash0hash.cc:117,,2399,
1787550794.322,2026-08-24 05:53:14.323,InnoDB,rwlock: hash0hash.cc:117,,979,
1787550794.322,2026-08-24 05:53:14.323,InnoDB,rwlock: hash0hash.cc:117,,1005,
1787550794.322,2026-08-24 05:53:14.323,InnoDB,rwlock: hash0hash.cc:117,,1000,
1787550794.322,2026-08-24 05:53:14.323,InnoDB,rwlock: hash0hash.cc:117,,1424,
1787550794.322,2026-08-24 05:53:14.323,InnoDB,rwlock: hash0hash.cc:117,,2382,
1787550794.322,2026-08-24 05:53:14.323,InnoDB,rwlock: hash0hash.cc:117,,579,
1787550794.322,2026-08-24 05:53:14.323,InnoDB,rwlock: hash0hash.cc:117,,750,
1787550794.322,2026-08-24 05:53:14.323,InnoDB,rwlock: hash0hash.cc:117,,777,
1787550794.322,2026-08-24 05:53:14.323,InnoDB,rwlock: hash0hash.cc:117,,956,
1787550794.322,2026-08-24 05:53:14.323,InnoDB,rwlock: hash0hash.cc:117,,661,
1787550794.322,2026-08-24 05:53:14.323,InnoDB,rwlock: hash0hash.cc:117,,585,
1787550794.322,2026-08-24 05:53:14.323,InnoDB,rwlock: hash0hash.cc:117,,694,
1787550794.322,2026-08-24 05:53:14.323,InnoDB,rwlock: hash0hash.cc:117,,1456,
1787550794.322,2026-08-24 05:53:14.323,InnoDB,rwlock: hash0hash.cc:117,,844,
1787550794.322,2026-08-24 05:53:14.323,InnoDB,rwlock: hash0hash.cc:117,,1618,
1787550794.322,2026-08-24 05:53:14.323,InnoDB,rwlock: hash0hash.cc:117,,1415,
1787550794.322,2026-08-24 05:53:14.323,InnoDB,rwlock: hash0hash.cc:117,,1004,
1787550794.322,2026-08-24 05:53:14.323,InnoDB,rwlock: hash0hash.cc:117,,2539,
1787550794.322,2026-08-24 05:53:14.323,InnoDB,rwlock: hash0hash.cc:117,,699,
1787550794.322,2026-08-24 05:53:14.323,InnoDB,rwlock: hash0hash.cc:117,,657,
1787550794.322,2026-08-24 05:53:14.323,InnoDB,rwlock: hash0hash.cc:117,,2067,
1787550794.322,2026-08-24 05:53:14.323,InnoDB,rwlock: hash0hash.cc:117,,921,
1787550794.322,2026-08-24 05:53:14.323,InnoDB,rwlock: hash0hash.cc:117,,807,
1787550794.322,2026-08-24 05:53:14.323,InnoDB,rwlock: hash0hash.cc:117,,596,
1787550794.322,2026-08-24 05:53:14.323,InnoDB,rwlock: hash0hash.cc:117,,684,
1787550794.322,2026-08-24 05:53:14.323,InnoDB,rwlock: hash0hash.cc:117,,3256,
1787550794.322,2026-08-24 05:53:14.323,InnoDB,rwlock: hash0hash.cc:117,,1627,
1787550794.322,2026-08-24 05:53:14.323,InnoDB,rwlock: hash0hash.cc:117,,854,
1787550794.322,2026-08-24 05:53:14.323,InnoDB,rwlock: hash0hash.cc:117,,838,
1787550794.322,2026-08-24 05:53:14.323,InnoDB,rwlock: hash0hash.cc:117,,1938,
1787550794.322,2026-08-24 05:53:14.323,InnoDB,rwlock: hash0hash.cc:117,,772,
1787550794.322,2026-08-24 05:53:14.323,InnoDB,rwlock: hash0hash.cc:117,,832,
1787550794.322,2026-08-24 05:53:14.323,InnoDB,rwlock: hash0hash.cc:117,,666,
1787550794.322,2026-08-24 05:53:14.323,InnoDB,rwlock: hash0hash.cc:117,,1082,
1787550794.322,2026-08-24 05:53:14.323,InnoDB,rwlock: hash0hash.cc:117,,636,
1787550794.322,2026-08-24 05:53:14.323,InnoDB,rwlock: hash0hash.cc:117,,890,
1787550794.322,2026-08-24 05:53:14.323,InnoDB,rwlock: hash0hash.cc:117,,714,
1787550794.322,2026-08-24 05:53:14.323,InnoDB,rwlock: hash0hash.cc:117,,803,
1787550794.322,2026-08-24 05:53:14.323,InnoDB,rwlock: hash0hash.cc:117,,690,
1787550794.322,2026-08-24 05:53:14.323,InnoDB,rwlock: hash0hash.cc:117,,2048,
1787550794.322,2026-08-24 05:53:14.323,InnoDB,rwlock: hash0hash.cc:117,,636,
1787550794.322,2026-08-24 05:53:14.323,InnoDB,rwlock: hash0hash.cc:117,,798,
1787550794.322,2026-08-24 05:53:14.323,InnoDB,rwlock: hash0hash.cc:117,,550,
1787550794.322,2026-08-24 05:53:14.323,InnoDB,rwlock: hash0hash.cc:117,,867,
1787550794.322,2026-08-24 05:53:14.323,InnoDB,rwlock: hash0hash.cc:117,,716,
1787550794.322,2026-08-24 05:53:14.323,InnoDB,rwlock: hash0hash.cc:117,,820,
1787550794.322,2026-08-24 05:53:14.323,InnoDB,rwlock: hash0hash.cc:117,,1833,
1787550794.322,2026-08-24 05:53:14.323,InnoDB,rwlock: hash0hash.cc:117,,851,
1787550794.322,2026-08-24 05:53:14.323,InnoDB,rwlock: hash0hash.cc:117,,890,
1787550794.322,2026-08-24 05:53:14.323,InnoDB,rwlock: hash0hash.cc:117,,856,
1787550794.322,2026-08-24 05:53:14.323,InnoDB,rwlock: hash0hash.cc:117,,3349,
1787550794.322,2026-08-24 05:53:14.323,InnoDB,rwlock: hash0hash.cc:117,,1274,
1787550794.322,2026-08-24 05:53:14.323,InnoDB,rwlock: hash0hash.cc:117,,767,
1787550794.322,2026-08-24 05:53:14.323,InnoDB,rwlock: hash0hash.cc:117,,882,
1787550794.322,2026-08-24 05:53:14.323,InnoDB,rwlock: hash0hash.cc:117,,585,
1787550794.322,2026-08-24 05:53:14.323,InnoDB,rwlock: hash0hash.cc:117,,633,
1787550794.322,2026-08-24 05:53:14.323,InnoDB,rwlock: hash0hash.cc:117,,859,
1787550794.322,2026-08-24 05:53:14.323,InnoDB,rwlock: hash0hash.cc:117,,1461,
1787550794.322,2026-08-24 05:53:14.323,InnoDB,rwlock: hash0hash.cc:117,,2411,
1787550794.322,2026-08-24 05:53:14.323,InnoDB,rwlock: hash0hash.cc:117,,1654,
1787550794.322,2026-08-24 05:53:14.323,InnoDB,rwlock: hash0hash.cc:117,,1084,
1787550794.322,2026-08-24 05:53:14.323,InnoDB,rwlock: hash0hash.cc:117,,683,
1787550794.322,2026-08-24 05:53:14.323,InnoDB,rwlock: hash0hash.cc:117,,2405,
1787550794.322,2026-08-24 05:53:14.323,InnoDB,rwlock: hash0hash.cc:117,,778,
1787550794.322,2026-08-24 05:53:14.323,InnoDB,rwlock: hash0hash.cc:117,,836,
1787550794.322,2026-08-24 05:53:14.323,InnoDB,rwlock: hash0hash.cc:117,,2579,
1787550794.322,2026-08-24 05:53:14.323,InnoDB,rwlock: hash0hash.cc:117,,682,
1787550794.322,2026-08-24 05:53:14.323,InnoDB,rwlock: hash0hash.cc:117,,773,
1787550794.322,2026-08-24 05:53:14.323,InnoDB,rwlock: hash0hash.cc:117,,811,
1787550794.322,2026-08-24 05:53:14.323,InnoDB,rwlock: hash0hash.cc:117,,713,
1787550794.322,2026-08-24 05:53:14.323,InnoDB,rwlock: hash0hash.cc:117,,741,
1787550794.322,2026-08-24 05:53:14.323,InnoDB,rwlock: hash0hash.cc:117,,784,
1787550794.322,2026-08-24 05:53:14.323,InnoDB,rwlock: hash0hash.cc:117,,579,
1787550794.322,2026-08-24 05:53:14.323,InnoDB,rwlock: hash0hash.cc:117,,770,
1787550794.322,2026-08-24 05:53:14.323,InnoDB,rwlock: hash0hash.cc:117,,1131,
1787550794.322,2026-08-24 05:53:14.323,InnoDB,rwlock: hash0hash.cc:117,,726,
1787550794.322,2026-08-24 05:53:14.323,InnoDB,rwlock: hash0hash.cc:117,,625,
1787550794.322,2026-08-24 05:53:14.323,InnoDB,rwlock: hash0hash.cc:117,,1247,
1787550794.322,2026-08-24 05:53:14.323,InnoDB,rwlock: hash0hash.cc:117,,893,
1787550794.322,2026-08-24 05:53:14.323,InnoDB,rwlock: hash0hash.cc:117,,859,
1787550794.322,2026-08-24 05:53:14.323,InnoDB,rwlock: hash0hash.cc:117,,809,
1787550794.322,2026-08-24 05:53:14.323,InnoDB,rwlock: hash0hash.cc:117,,2006,
1787550794.322,2026-08-24 05:53:14.323,InnoDB,rwlock: hash0hash.cc:117,,721,
1787550794.322,2026-08-24 05:53:14.323,InnoDB,rwlock: hash0hash.cc:117,,2786,
1787550794.322,2026-08-24 05:53:14.323,InnoDB,rwlock: hash0hash.cc:117,,545,
1787550794.322,2026-08-24 05:53:14.323,InnoDB,rwlock: hash0hash.cc:117,,2946,
1787550794.322,2026-08-24 05:53:14.323,InnoDB,rwlock: hash0hash.cc:117,,831,
1787550794.322,2026-08-24 05:53:14.323,InnoDB,rwlock: hash0hash.cc:117,,1030,
1787550794.322,2026-08-24 05:53:14.323,InnoDB,rwlock: hash0hash.cc:117,,932,
1787550794.322,2026-08-24 05:53:14.323,InnoDB,rwlock: hash0hash.cc:117,,714,
1787550794.322,2026-08-24 05:53:14.323,InnoDB,rwlock: hash0hash.cc:117,,939,
1787550794.322,2026-08-24 05:53:14.323,InnoDB,rwlock: hash0hash.cc:117,,1230,
1787550794.322,2026-08-24 05:53:14.323,InnoDB,rwlock: hash0hash.cc:117,,1082,
1787550794.322,2026-08-24 05:53:14.323,InnoDB,rwlock: hash0hash.cc:117,,778,
1787550794.322,2026-08-24 05:53:14.323,InnoDB,rwlock: hash0hash.cc:117,,920,
1787550794.322,2026-08-24 05:53:14.323,InnoDB,rwlock: hash0hash.cc:117,,1905,
1787550794.322,2026-08-24 05:53:14.323,InnoDB,rwlock: hash0hash.cc:117,,2031,
1787550794.322,2026-08-24 05:53:14.323,InnoDB,rwlock: hash0hash.cc:117,,985,
1787550794.322,2026-08-24 05:53:14.323,InnoDB,rwlock: hash0hash.cc:117,,2640,
1787550794.322,2026-08-24 05:53:14.323,InnoDB,rwlock: hash0hash.cc:117,,2623,
1787550794.322,2026-08-24 05:53:14.323,InnoDB,rwlock: hash0hash.cc:117,,1077,
1787550794.322,2026-08-24 05:53:14.323,InnoDB,sum rwlock: buf0buf.cc:852,,222843,
1787550819.799,2026-08-24 05:53:39.803,InnoDB,PAGE_CLEANER,298855826,7592335,33340626
1787550819.799,2026-08-24 05:53:39.803,InnoDB,TRX_SYS,21112594,279993,8821064
1787550819.799,2026-08-24 05:53:39.803,InnoDB,SRV_SYS,8419540,211095,918289
1787550819.799,2026-08-24 05:53:39.803,InnoDB,BUF_POOL_LRU_LIST,5416099,80951,2275310
1787550819.799,2026-08-24 05:53:39.803,InnoDB,BUF_POOL_LRU_LIST,5622623,76846,2556112
1787550819.799,2026-08-24 05:53:39.803,InnoDB,BUF_POOL_LRU_LIST,5406599,75812,2464978
1787550819.799,2026-08-24 05:53:39.803,InnoDB,BUF_POOL_LRU_LIST,5418002,74747,2427823
1787550819.799,2026-08-24 05:53:39.803,InnoDB,BUF_POOL_LRU_LIST,5341057,74316,2478495
1787550819.799,2026-08-24 05:53:39.803,InnoDB,BUF_POOL_LRU_LIST,5409430,74292,2422629
1787550819.799,2026-08-24 05:53:39.803,InnoDB,BUF_POOL_LRU_LIST,5374338,73984,2397911
1787550819.799,2026-08-24 05:53:39.803,InnoDB,BUF_POOL_LRU_LIST,5178776,69840,2450361
1787550819.799,2026-08-24 05:53:39.803,InnoDB,LOG_WRITER,1796421,59760,2611
1787550819.799,2026-08-24 05:53:39.803,InnoDB,DICT_SYS,27012599,37548,18667657
1787550819.799,2026-08-24 05:53:39.803,InnoDB,FLUSH_LIST,1170318,26164,334892
1787550819.799,2026-08-24 05:53:39.803,InnoDB,FLUSH_LIST,1152628,26074,338792
1787550819.799,2026-08-24 05:53:39.803,InnoDB,FLUSH_LIST,1163956,25767,335883
1787550819.799,2026-08-24 05:53:39.803,InnoDB,FLUSH_LIST,1132875,25538,318964
1787550819.799,2026-08-24 05:53:39.803,InnoDB,FLUSH_LIST,1149104,25311,357718
1787550819.799,2026-08-24 05:53:39.803,InnoDB,FLUSH_LIST,1116601,25121,310547
1787550819.799,2026-08-24 05:53:39.803,InnoDB,FLUSH_LIST,1135104,25048,332936
1787550819.799,2026-08-24 05:53:39.803,InnoDB,FLUSH_LIST,1070827,22876,341764
1787550819.799,2026-08-24 05:53:39.803,InnoDB,BUF_POOL_FLUSH_STATE,1456352,19123,515077
1787550819.799,2026-08-24 05:53:39.803,InnoDB,BUF_POOL_FLUSH_STATE,1437425,18809,524403
1787550819.799,2026-08-24 05:53:39.803,InnoDB,BUF_POOL_FLUSH_STATE,1422507,18260,524989
1787550819.799,2026-08-24 05:53:39.803,InnoDB,BUF_POOL_FLUSH_STATE,1394707,18141,492767
1787550819.799,2026-08-24 05:53:39.803,InnoDB,BUF_POOL_FLUSH_STATE,1375260,17896,494414
1787550819.799,2026-08-24 05:53:39.803,InnoDB,BUF_POOL_FLUSH_STATE,1369869,17548,489907
1787550819.799,2026-08-24 05:53:39.803,InnoDB,BUF_POOL_FLUSH_STATE,1383933,17469,501293
1787550819.799,2026-08-24 05:53:39.803,InnoDB,BUF_POOL_FLUSH_STATE,1361731,17194,488858
1787550819.799,2026-08-24 05:53:39.803,InnoDB,PURGE_SYS_PQ,1740865,11525,1137371
1787550819.799,2026-08-24 05:53:39.803,InnoDB,TRX_SYS_SERIALISATION,1275272,11068,776959
1787550819.799,2026-08-24 05:53:39.803,InnoDB,FIL_SHARD,260796,4257,76520
1787550819.799,2026-08-24 05:53:39.803,InnoDB,FIL_SHARD,234811,4164,67302
1787550819.799,2026-08-24 05:53:39.803,InnoDB,FIL_SHARD,236565,4132,68514
1787550819.799,2026-08-24 05:53:39.803,InnoDB,FIL_SHARD,234570,4107,68887
1787550819.799,2026-08-24 05:53:39.803,InnoDB,FIL_SHARD,226256,3993,65145
1787550819.799,2026-08-24 05:53:39.803,InnoDB,FIL_SHARD,226533,3907,66138
1787550819.799,2026-08-24 05:53:39.803,InnoDB,FIL_SHARD,224716,3890,67014
1787550819.799,2026-08-24 05:53:39.803,InnoDB,FIL_SHARD,224166,3887,67462
1787550819.799,2026-08-24 05:53:39.803,InnoDB,FIL_SHARD,223208,3865,66406
1787550819.799,2026-08-24 05:53:39.803,InnoDB,FIL_SHARD,221441,3824,65823
1787550819.799,2026-08-24 05:53:39.803,InnoDB,FIL_SHARD,222012,3819,64965
1787550819.799,2026-08-24 05:53:39.803,InnoDB,FIL_SHARD,219819,3790,66470
1787550819.799,2026-08-24 05:53:39.803,InnoDB,FIL_SHARD,211208,3590,67193
1787550819.799,2026-08-24 05:53:39.803,InnoDB,FIL_SHARD,208311,3554,66216
1787550819.799,2026-08-24 05:53:39.803,InnoDB,FIL_SHARD,201970,3529,60648
1787550819.799,2026-08-24 05:53:39.803,InnoDB,FIL_SHARD,209868,3511,64152
1787550819.799,2026-08-24 05:53:39.803,InnoDB,FIL_SHARD,194731,3400,59671
1787550819.799,2026-08-24 05:53:39.803,InnoDB,FIL_SHARD,198573,3373,64151
1787550819.799,2026-08-24 05:53:39.803,InnoDB,FIL_SHARD,195148,3229,65370
1787550819.799,2026-08-24 05:53:39.803,InnoDB,FIL_SHARD,182320,3059,58653
1787550819.799,2026-08-24 05:53:39.803,InnoDB,TRX,586801,2256,862610
1787550819.799,2026-08-24 05:53:39.803,InnoDB,LOG_FILES,59415,1666,2073
1787550819.799,2026-08-24 05:53:39.803,InnoDB,LOCK_SYS_TABLE,86819,1239,38293
1787550819.799,2026-08-24 05:53:39.803,InnoDB,LOCK_SYS_TABLE,81851,1142,38210
1787550819.799,2026-08-24 05:53:39.803,InnoDB,LOG_FLUSHER,46006,1132,1994
1787550819.799,2026-08-24 05:53:39.803,InnoDB,LOCK_SYS_TABLE,78395,1088,36159
1787550819.799,2026-08-24 05:53:39.803,InnoDB,LOCK_SYS_TABLE,80496,1076,37859
1787550819.799,2026-08-24 05:53:39.803,InnoDB,LOCK_SYS_TABLE,80430,1063,38073
1787550819.799,2026-08-24 05:53:39.803,InnoDB,LOCK_SYS_TABLE,79959,1055,39732
1787550819.799,2026-08-24 05:53:39.803,InnoDB,LOCK_SYS_TABLE,76652,1034,36384
1787550819.799,2026-08-24 05:53:39.803,InnoDB,LOCK_SYS_TABLE,76667,1013,38305
1787550819.799,2026-08-24 05:53:39.803,InnoDB,LOCK_SYS_TABLE,77315,1009,36453
1787550819.799,2026-08-24 05:53:39.803,InnoDB,LOCK_SYS_TABLE,76392,1005,35843
1787550819.799,2026-08-24 05:53:39.803,InnoDB,LOCK_SYS_TABLE,78087,1002,37495
1787550819.799,2026-08-24 05:53:39.803,InnoDB,LOCK_SYS_TABLE,77877,997,39143
1787550819.799,2026-08-24 05:53:39.803,InnoDB,LOCK_SYS_TABLE,75800,997,38167
1787550819.799,2026-08-24 05:53:39.803,InnoDB,LOCK_SYS_TABLE,74732,979,36671
1787550819.799,2026-08-24 05:53:39.803,InnoDB,LOCK_SYS_TABLE,76510,960,38722
1787550819.799,2026-08-24 05:53:39.803,InnoDB,LOCK_SYS_TABLE,77947,959,39114
1787550819.799,2026-08-24 05:53:39.803,InnoDB,LOCK_SYS_TABLE,74146,951,37019
1787550819.799,2026-08-24 05:53:39.803,InnoDB,LOCK_SYS_TABLE,74105,947,37559
1787550819.799,2026-08-24 05:53:39.803,InnoDB,LOCK_SYS_TABLE,75195,937,38428
1787550819.799,2026-08-24 05:53:39.803,InnoDB,LOCK_SYS_TABLE,73025,933,35703
1787550819.799,2026-08-24 05:53:39.803,InnoDB,DICT_PERSIST_DIRTY_TABLES,2159142,841,947380
1787550819.799,2026-08-24 05:53:39.803,InnoDB,SRV_SYS_TASKS,405636,599,391755
1787550819.799,2026-08-24 05:53:39.803,InnoDB,BUF_BLOCK_MUTEX,18980,575,946
1787550819.799,2026-08-24 05:53:39.803,InnoDB,IBUF_BITMAP,47508,388,27908
1787550819.799,2026-08-24 05:53:39.803,InnoDB,FIL_SHARD,26716,251,25039
1787550819.799,2026-08-24 05:53:39.803,InnoDB,FIL_SHARD,25654,248,24452
1787550819.799,2026-08-24 05:53:39.803,InnoDB,LOG_LIMITS,67124,128,30508
1787550819.799,2026-08-24 05:53:39.803,InnoDB,BUF_POOL_FREE_LIST,41136,79,37214
1787550819.799,2026-08-24 05:53:39.803,InnoDB,BUF_POOL_FREE_LIST,33529,76,31960
1787550819.799,2026-08-24 05:53:39.803,InnoDB,BUF_POOL_FREE_LIST,33641,72,33516
1787550819.799,2026-08-24 05:53:39.803,InnoDB,BUF_POOL_FREE_LIST,34863,69,33000
1787550819.799,2026-08-24 05:53:39.803,InnoDB,BUF_POOL_FREE_LIST,33448,69,33123
1787550819.799,2026-08-24 05:53:39.803,InnoDB,BUF_POOL_FREE_LIST,40495,66,37146
1787550819.799,2026-08-24 05:53:39.803,InnoDB,BUF_POOL_FREE_LIST,33891,53,33393
1787550819.799,2026-08-24 05:53:39.803,InnoDB,BUF_POOL_FREE_LIST,33259,52,33867
1787550819.799,2026-08-24 05:53:39.803,InnoDB,LOCK_SYS_PAGE,2232,49,584
1787550819.799,2026-08-24 05:53:39.803,InnoDB,UNDO_SPACE_RSEG,4908,41,1827
1787550819.799,2026-08-24 05:53:39.803,InnoDB,LOCK_SYS_PAGE,1924,40,599
1787550819.799,2026-08-24 05:53:39.803,InnoDB,LOCK_SYS_PAGE,1965,39,620
1787550819.799,2026-08-24 05:53:39.803,InnoDB,LOCK_SYS_PAGE,1937,39,585
1787550819.799,2026-08-24 05:53:39.803,InnoDB,LOCK_SYS_PAGE,1957,38,611
1787550819.799,2026-08-24 05:53:39.803,InnoDB,LOCK_SYS_PAGE,1951,38,637
1787550819.799,2026-08-24 05:53:39.803,InnoDB,LOCK_SYS_PAGE,1749,37,534
1787550819.799,2026-08-24 05:53:39.803,InnoDB,LOCK_SYS_PAGE,1957,37,588
1787550819.799,2026-08-24 05:53:39.803,InnoDB,UNDO_SPACE_RSEG,4537,37,1778
1787550819.799,2026-08-24 05:53:39.803,InnoDB,LOCK_SYS_PAGE,1805,36,589
1787550819.799,2026-08-24 05:53:39.803,InnoDB,UNDO_SPACE_RSEG,5033,36,1934
1787550819.799,2026-08-24 05:53:39.803,InnoDB,LOCK_SYS_PAGE,1845,36,637
1787550819.799,2026-08-24 05:53:39.803,InnoDB,LOCK_SYS_PAGE,1755,36,562
1787550819.799,2026-08-24 05:53:39.803,InnoDB,UNDO_SPACE_RSEG,4861,36,1960
1787550819.799,2026-08-24 05:53:39.803,InnoDB,LOCK_SYS_PAGE,1717,35,559
1787550819.799,2026-08-24 05:53:39.803,InnoDB,LOCK_SYS_PAGE,1718,35,595
1787550819.799,2026-08-24 05:53:39.803,InnoDB,LOCK_SYS_PAGE,1827,35,604
1787550819.799,2026-08-24 05:53:39.803,InnoDB,UNDO_SPACE_RSEG,4971,35,1897
1787550819.799,2026-08-24 05:53:39.803,InnoDB,UNDO_SPACE_RSEG,4711,35,1886
1787550819.799,2026-08-24 05:53:39.803,InnoDB,LOCK_SYS_PAGE,1955,35,624
1787550819.799,2026-08-24 05:53:39.803,InnoDB,UNDO_SPACE_RSEG,4752,35,1847
1787550819.799,2026-08-24 05:53:39.803,InnoDB,UNDO_SPACE_RSEG,4754,35,1947
1787550819.799,2026-08-24 05:53:39.803,InnoDB,UNDO_SPACE_RSEG,4731,35,1866
1787550819.799,2026-08-24 05:53:39.803,InnoDB,LOCK_SYS_PAGE,1733,34,634
1787550819.799,2026-08-24 05:53:39.803,InnoDB,UNDO_SPACE_RSEG,4906,34,1963
1787550819.799,2026-08-24 05:53:39.803,InnoDB,UNDO_SPACE_RSEG,4617,34,1917
1787550819.799,2026-08-24 05:53:39.803,InnoDB,UNDO_SPACE_RSEG,4737,34,1867
1787550819.799,2026-08-24 05:53:39.803,InnoDB,UNDO_SPACE_RSEG,4682,34,1909
1787550819.799,2026-08-24 05:53:39.803,InnoDB,UNDO_SPACE_RSEG,4857,34,1897
1787550819.799,2026-08-24 05:53:39.803,InnoDB,LOCK_SYS_PAGE,1789,34,648
1787550819.799,2026-08-24 05:53:39.803,InnoDB,UNDO_SPACE_RSEG,4792,34,1886
1787550819.799,2026-08-24 05:53:39.803,InnoDB,LOCK_SYS_PAGE,1837,34,636
1787550819.799,2026-08-24 05:53:39.803,InnoDB,UNDO_SPACE_RSEG,4712,34,1886
1787550819.799,2026-08-24 05:53:39.803,InnoDB,UNDO_SPACE_RSEG,4714,34,1879
1787550819.799,2026-08-24 05:53:39.803,InnoDB,LOCK_SYS_PAGE,1645,34,562
1787550819.799,2026-08-24 05:53:39.803,InnoDB,LOCK_SYS_PAGE,1706,33,606
1787550819.799,2026-08-24 05:53:39.803,InnoDB,UNDO_SPACE_RSEG,4859,33,1886
1787550819.799,2026-08-24 05:53:39.803,InnoDB,LOCK_SYS_PAGE,1649,33,550
1787550819.799,2026-08-24 05:53:39.803,InnoDB,UNDO_SPACE_RSEG,4852,33,1889
1787550819.799,2026-08-24 05:53:39.803,InnoDB,UNDO_SPACE_RSEG,4686,33,1894
1787550819.799,2026-08-24 05:53:39.803,InnoDB,UNDO_SPACE_RSEG,4668,33,1861
1787550819.799,2026-08-24 05:53:39.803,InnoDB,LOCK_SYS_PAGE,1663,33,551
1787550819.799,2026-08-24 05:53:39.803,InnoDB,UNDO_SPACE_RSEG,4770,33,1877
1787550819.799,2026-08-24 05:53:39.803,InnoDB,LOCK_SYS_PAGE,1802,33,583
1787550819.799,2026-08-24 05:53:39.803,InnoDB,LOCK_SYS_PAGE,1623,33,563
1787550819.799,2026-08-24 05:53:39.803,InnoDB,UNDO_SPACE_RSEG,4722,33,1910
1787550819.799,2026-08-24 05:53:39.803,InnoDB,LOCK_SYS_PAGE,1820,33,684
1787550819.799,2026-08-24 05:53:39.803,InnoDB,UNDO_SPACE_RSEG,4727,33,1875
1787550819.799,2026-08-24 05:53:39.803,InnoDB,UNDO_SPACE_RSEG,4630,33,1895
1787550819.799,2026-08-24 05:53:39.803,InnoDB,UNDO_SPACE_RSEG,4939,33,1931
1787550819.799,2026-08-24 05:53:39.803,InnoDB,LOCK_SYS_PAGE,1690,33,559
1787550819.799,2026-08-24 05:53:39.803,InnoDB,LOCK_SYS_PAGE,1714,33,583
1787550819.799,2026-08-24 05:53:39.803,InnoDB,LOCK_SYS_PAGE,1697,32,581
1787550819.799,2026-08-24 05:53:39.803,InnoDB,LOCK_SYS_PAGE,1725,32,554
1787550819.799,2026-08-24 05:53:39.803,InnoDB,UNDO_SPACE_RSEG,4602,32,1848
1787550819.799,2026-08-24 05:53:39.803,InnoDB,UNDO_SPACE_RSEG,4708,32,1951
1787550819.799,2026-08-24 05:53:39.803,InnoDB,UNDO_SPACE_RSEG,4668,32,1881
1787550819.799,2026-08-24 05:53:39.803,InnoDB,LOCK_SYS_PAGE,1738,32,572
1787550819.799,2026-08-24 05:53:39.803,InnoDB,UNDO_SPACE_RSEG,4736,32,1928
1787550819.799,2026-08-24 05:53:39.803,InnoDB,LOCK_SYS_PAGE,1687,32,540
1787550819.799,2026-08-24 05:53:39.803,InnoDB,UNDO_SPACE_RSEG,4600,32,1884
1787550819.799,2026-08-24 05:53:39.803,InnoDB,LOCK_SYS_PAGE,1755,32,617
1787550819.799,2026-08-24 05:53:39.803,InnoDB,UNDO_SPACE_RSEG,4675,32,1893
1787550819.799,2026-08-24 05:53:39.803,InnoDB,LOCK_SYS_PAGE,1676,32,570
1787550819.799,2026-08-24 05:53:39.803,InnoDB,LOCK_SYS_PAGE,1739,32,611
1787550819.799,2026-08-24 05:53:39.803,InnoDB,LOCK_SYS_PAGE,1580,32,528
1787550819.799,2026-08-24 05:53:39.803,InnoDB,LOCK_SYS_PAGE,1634,32,572
1787550819.799,2026-08-24 05:53:39.803,InnoDB,LOCK_SYS_PAGE,1653,32,551
1787550819.799,2026-08-24 05:53:39.803,InnoDB,LOCK_SYS_PAGE,1669,32,595
1787550819.799,2026-08-24 05:53:39.803,InnoDB,UNDO_SPACE_RSEG,4709,32,1874
1787550819.799,2026-08-24 05:53:39.803,InnoDB,UNDO_SPACE_RSEG,4805,32,1912
1787550819.799,2026-08-24 05:53:39.803,InnoDB,UNDO_SPACE_RSEG,4774,32,1891
1787550819.799,2026-08-24 05:53:39.803,InnoDB,UNDO_SPACE_RSEG,4870,32,1904
1787550819.799,2026-08-24 05:53:39.803,InnoDB,LOCK_SYS_PAGE,1656,31,545
1787550819.799,2026-08-24 05:53:39.803,InnoDB,UNDO_SPACE_RSEG,4593,31,1943
1787550819.799,2026-08-24 05:53:39.803,InnoDB,LOCK_SYS_PAGE,1593,31,520
1787550819.799,2026-08-24 05:53:39.803,InnoDB,UNDO_SPACE_RSEG,4882,31,1931
1787550819.799,2026-08-24 05:53:39.803,InnoDB,UNDO_SPACE_RSEG,4562,31,1882
1787550819.799,2026-08-24 05:53:39.803,InnoDB,UNDO_SPACE_RSEG,4552,31,1825
1787550819.799,2026-08-24 05:53:39.803,InnoDB,UNDO_SPACE_RSEG,4599,31,1856
1787550819.799,2026-08-24 05:53:39.803,InnoDB,LOCK_SYS_PAGE,1662,31,598
1787550819.799,2026-08-24 05:53:39.803,InnoDB,LOCK_SYS_PAGE,1674,31,564
1787550819.799,2026-08-24 05:53:39.803,InnoDB,LOCK_SYS_PAGE,1673,31,574
1787550819.799,2026-08-24 05:53:39.803,InnoDB,LOCK_SYS_PAGE,1720,31,652
1787550819.799,2026-08-24 05:53:39.803,InnoDB,LOCK_SYS_PAGE,1703,31,599
1787550819.799,2026-08-24 05:53:39.803,InnoDB,LOCK_SYS_PAGE,1655,31,546
1787550819.799,2026-08-24 05:53:39.803,InnoDB,UNDO_SPACE_RSEG,4677,30,1916
1787550819.799,2026-08-24 05:53:39.803,InnoDB,UNDO_SPACE_RSEG,4614,30,1868
1787550819.799,2026-08-24 05:53:39.803,InnoDB,UNDO_SPACE_RSEG,4627,30,1866
1787550819.799,2026-08-24 05:53:39.803,InnoDB,LOCK_SYS_PAGE,1661,30,582
1787550819.799,2026-08-24 05:53:39.803,InnoDB,LOCK_SYS_PAGE,1576,30,570
1787550819.799,2026-08-24 05:53:39.803,InnoDB,LOCK_SYS_PAGE,1776,30,681
1787550819.799,2026-08-24 05:53:39.803,InnoDB,UNDO_SPACE_RSEG,4724,30,1905
1787550819.799,2026-08-24 05:53:39.803,InnoDB,LOCK_SYS_PAGE,1740,30,567
1787550819.799,2026-08-24 05:53:39.803,InnoDB,UNDO_SPACE_RSEG,4492,30,1863
1787550819.799,2026-08-24 05:53:39.803,InnoDB,LOCK_SYS_PAGE,1651,30,564
1787550819.799,2026-08-24 05:53:39.803,InnoDB,LOCK_SYS_PAGE,1579,30,553
1787550819.799,2026-08-24 05:53:39.803,InnoDB,UNDO_SPACE_RSEG,4585,30,1905
1787550819.799,2026-08-24 05:53:39.803,InnoDB,LOCK_SYS_PAGE,1647,30,614
1787550819.799,2026-08-24 05:53:39.803,InnoDB,UNDO_SPACE_RSEG,4589,30,1888
1787550819.799,2026-08-24 05:53:39.803,InnoDB,UNDO_SPACE_RSEG,4588,30,1881
1787550819.799,2026-08-24 05:53:39.803,InnoDB,UNDO_SPACE_RSEG,4396,30,1774
1787550819.799,2026-08-24 05:53:39.803,InnoDB,UNDO_SPACE_RSEG,4398,30,1842
1787550819.799,2026-08-24 05:53:39.803,InnoDB,LOCK_SYS_PAGE,1608,30,617
1787550819.799,2026-08-24 05:53:39.803,InnoDB,UNDO_SPACE_RSEG,4776,30,1958
1787550819.799,2026-08-24 05:53:39.803,InnoDB,LOCK_SYS_PAGE,1667,30,556
1787550819.799,2026-08-24 05:53:39.803,InnoDB,LOCK_SYS_PAGE,1617,30,531
1787550819.799,2026-08-24 05:53:39.803,InnoDB,LOCK_SYS_PAGE,1581,30,544
1787550819.799,2026-08-24 05:53:39.803,InnoDB,LOCK_SYS_PAGE,1733,30,559
1787550819.799,2026-08-24 05:53:39.803,InnoDB,LOCK_SYS_PAGE,1525,30,589
1787550819.799,2026-08-24 05:53:39.803,InnoDB,LOCK_SYS_PAGE,1667,30,584
1787550819.799,2026-08-24 05:53:39.803,InnoDB,UNDO_SPACE_RSEG,4549,29,1807
1787550819.799,2026-08-24 05:53:39.803,InnoDB,UNDO_SPACE_RSEG,4564,29,1841
1787550819.799,2026-08-24 05:53:39.803,InnoDB,UNDO_SPACE_RSEG,4743,29,1948
1787550819.799,2026-08-24 05:53:39.803,InnoDB,UNDO_SPACE_RSEG,4595,29,1889
1787550819.799,2026-08-24 05:53:39.803,InnoDB,UNDO_SPACE_RSEG,4633,29,1902
1787550819.799,2026-08-24 05:53:39.803,InnoDB,LOCK_SYS_PAGE,1480,29,558
1787550819.799,2026-08-24 05:53:39.803,InnoDB,LOCK_SYS_PAGE,1606,29,590
1787550819.799,2026-08-24 05:53:39.803,InnoDB,LOCK_SYS_PAGE,1510,29,554
1787550819.799,2026-08-24 05:53:39.803,InnoDB,LOCK_SYS_PAGE,1580,29,533
1787550819.799,2026-08-24 05:53:39.803,InnoDB,LOCK_SYS_PAGE,1757,29,592
1787550819.799,2026-08-24 05:53:39.803,InnoDB,LOCK_SYS_PAGE,1543,29,606
1787550819.799,2026-08-24 05:53:39.803,InnoDB,LOCK_SYS_PAGE,1491,29,531
1787550819.799,2026-08-24 05:53:39.803,InnoDB,UNDO_SPACE_RSEG,4750,29,1904
1787550819.799,2026-08-24 05:53:39.803,InnoDB,LOCK_SYS_PAGE,1572,29,542
1787550819.799,2026-08-24 05:53:39.803,InnoDB,LOCK_SYS_PAGE,1658,29,520
1787550819.799,2026-08-24 05:53:39.803,InnoDB,LOCK_SYS_PAGE,1538,29,604
1787550819.799,2026-08-24 05:53:39.803,InnoDB,LOCK_SYS_PAGE,1602,29,535
1787550819.799,2026-08-24 05:53:39.803,InnoDB,LOCK_SYS_PAGE,1607,29,563
1787550819.799,2026-08-24 05:53:39.803,InnoDB,LOCK_SYS_PAGE,1678,29,542
1787550819.799,2026-08-24 05:53:39.803,InnoDB,UNDO_SPACE_RSEG,4654,29,1910
1787550819.799,2026-08-24 05:53:39.803,InnoDB,UNDO_SPACE_RSEG,4728,29,1880
1787550819.799,2026-08-24 05:53:39.803,InnoDB,UNDO_SPACE_RSEG,4705,29,1981
1787550819.799,2026-08-24 05:53:39.803,InnoDB,UNDO_SPACE_RSEG,4537,29,1898
1787550819.799,2026-08-24 05:53:39.803,InnoDB,LOCK_SYS_PAGE,1619,29,600
1787550819.799,2026-08-24 05:53:39.803,InnoDB,UNDO_SPACE_RSEG,4649,29,1869
1787550819.799,2026-08-24 05:53:39.803,InnoDB,LOCK_SYS_PAGE,1673,29,600
1787550819.799,2026-08-24 05:53:39.803,InnoDB,LOCK_SYS_PAGE,1617,29,634
1787550819.799,2026-08-24 05:53:39.803,InnoDB,UNDO_SPACE_RSEG,4584,29,1906
1787550819.799,2026-08-24 05:53:39.803,InnoDB,LOCK_SYS_PAGE,1518,29,539
1787550819.799,2026-08-24 05:53:39.803,InnoDB,LOCK_SYS_PAGE,1656,29,610
1787550819.799,2026-08-24 05:53:39.803,InnoDB,UNDO_SPACE_RSEG,4851,29,1939
1787550819.799,2026-08-24 05:53:39.803,InnoDB,LOCK_SYS_PAGE,1514,29,569
1787550819.799,2026-08-24 05:53:39.803,InnoDB,LOCK_SYS_PAGE,1561,29,566
1787550819.799,2026-08-24 05:53:39.803,InnoDB,UNDO_SPACE_RSEG,4595,29,1880
1787550819.799,2026-08-24 05:53:39.803,InnoDB,LOCK_SYS_PAGE,1678,29,616
1787550819.799,2026-08-24 05:53:39.803,InnoDB,UNDO_SPACE_RSEG,4766,29,1947
1787550819.799,2026-08-24 05:53:39.803,InnoDB,LOCK_SYS_PAGE,1614,28,596
1787550819.799,2026-08-24 05:53:39.803,InnoDB,UNDO_SPACE_RSEG,4724,28,1934
1787550819.799,2026-08-24 05:53:39.803,InnoDB,LOCK_SYS_PAGE,1563,28,553
1787550819.799,2026-08-24 05:53:39.803,InnoDB,UNDO_SPACE_RSEG,4581,28,1858
1787550819.799,2026-08-24 05:53:39.803,InnoDB,UNDO_SPACE_RSEG,4998,28,2017
1787550819.799,2026-08-24 05:53:39.803,InnoDB,LOCK_SYS_PAGE,1685,28,582
1787550819.799,2026-08-24 05:53:39.803,InnoDB,LOCK_SYS_PAGE,1617,28,590
1787550819.799,2026-08-24 05:53:39.803,InnoDB,LOCK_SYS_PAGE,1744,28,651
1787550819.799,2026-08-24 05:53:39.803,InnoDB,UNDO_SPACE_RSEG,4669,28,1904
1787550819.799,2026-08-24 05:53:39.803,InnoDB,UNDO_SPACE_RSEG,4720,28,1931
1787550819.799,2026-08-24 05:53:39.803,InnoDB,UNDO_SPACE_RSEG,4588,28,1832
1787550819.799,2026-08-24 05:53:39.803,InnoDB,LOCK_SYS_PAGE,1610,28,625
1787550819.799,2026-08-24 05:53:39.803,InnoDB,UNDO_SPACE_RSEG,4702,28,1931
1787550819.799,2026-08-24 05:53:39.803,InnoDB,UNDO_SPACE_RSEG,4383,28,1823
1787550819.799,2026-08-24 05:53:39.803,InnoDB,UNDO_SPACE_RSEG,4752,28,1901
1787550819.799,2026-08-24 05:53:39.803,InnoDB,UNDO_SPACE_RSEG,4581,28,1924
1787550819.799,2026-08-24 05:53:39.803,InnoDB,LOCK_SYS_PAGE,1611,28,639
1787550819.799,2026-08-24 05:53:39.803,InnoDB,UNDO_SPACE_RSEG,4527,28,1860
1787550819.799,2026-08-24 05:53:39.803,InnoDB,UNDO_SPACE_RSEG,4582,28,1924
1787550819.799,2026-08-24 05:53:39.803,InnoDB,UNDO_SPACE_RSEG,4524,28,1870
1787550819.799,2026-08-24 05:53:39.803,InnoDB,LOCK_SYS_PAGE,1570,28,539
1787550819.799,2026-08-24 05:53:39.803,InnoDB,LOCK_SYS_PAGE,1477,28,515
1787550819.799,2026-08-24 05:53:39.803,InnoDB,UNDO_SPACE_RSEG,4625,28,1888
1787550819.799,2026-08-24 05:53:39.803,InnoDB,LOCK_SYS_PAGE,1655,28,634
1787550819.799,2026-08-24 05:53:39.803,InnoDB,LOCK_SYS_PAGE,1654,28,642
1787550819.799,2026-08-24 05:53:39.803,InnoDB,LOCK_SYS_PAGE,1571,28,559
1787550819.799,2026-08-24 05:53:39.803,InnoDB,LOCK_SYS_PAGE,1496,28,584
1787550819.799,2026-08-24 05:53:39.803,InnoDB,UNDO_SPACE_RSEG,4652,28,1924
1787550819.799,2026-08-24 05:53:39.803,InnoDB,LOCK_SYS_PAGE,1594,28,616
1787550819.799,2026-08-24 05:53:39.803,InnoDB,LOCK_SYS_PAGE,1577,28,581
1787550819.799,2026-08-24 05:53:39.803,InnoDB,LOCK_SYS_PAGE,1547,28,549
1787550819.799,2026-08-24 05:53:39.803,InnoDB,LOCK_SYS_PAGE,1464,28,555
1787550819.799,2026-08-24 05:53:39.803,InnoDB,LOCK_SYS_PAGE,1560,28,547
1787550819.799,2026-08-24 05:53:39.803,InnoDB,LOCK_SYS_PAGE,1585,28,567
1787550819.799,2026-08-24 05:53:39.803,InnoDB,LOCK_SYS_PAGE,1494,28,522
1787550819.799,2026-08-24 05:53:39.803,InnoDB,UNDO_SPACE_RSEG,4462,28,1844
1787550819.799,2026-08-24 05:53:39.803,InnoDB,LOCK_SYS_PAGE,1496,28,594
1787550819.799,2026-08-24 05:53:39.803,InnoDB,UNDO_SPACE_RSEG,4478,28,1768
1787550819.799,2026-08-24 05:53:39.803,InnoDB,UNDO_SPACE_RSEG,4480,28,1859
1787550819.799,2026-08-24 05:53:39.803,InnoDB,LOCK_SYS_PAGE,1488,28,536
1787550819.799,2026-08-24 05:53:39.803,InnoDB,UNDO_SPACE_RSEG,4458,28,1874
1787550819.799,2026-08-24 05:53:39.803,InnoDB,UNDO_SPACE_RSEG,4557,28,1870
1787550819.799,2026-08-24 05:53:39.803,InnoDB,UNDO_SPACE_RSEG,4567,28,1908
1787550819.799,2026-08-24 05:53:39.803,InnoDB,LOCK_SYS_PAGE,1658,28,562
1787550819.799,2026-08-24 05:53:39.803,InnoDB,UNDO_SPACE_RSEG,4550,28,1861
1787550819.799,2026-08-24 05:53:39.803,InnoDB,UNDO_SPACE_RSEG,4541,28,1843
1787550819.799,2026-08-24 05:53:39.803,InnoDB,UNDO_SPACE_RSEG,4533,28,1902
1787550819.799,2026-08-24 05:53:39.803,InnoDB,UNDO_SPACE_RSEG,4497,28,1824
1787550819.799,2026-08-24 05:53:39.803,InnoDB,LOCK_SYS_PAGE,1574,27,617
1787550819.799,2026-08-24 05:53:39.803,InnoDB,LOCK_SYS_PAGE,1463,27,534
1787550819.799,2026-08-24 05:53:39.803,InnoDB,LOCK_SYS_PAGE,1422,27,520
1787550819.799,2026-08-24 05:53:39.803,InnoDB,LOCK_SYS_PAGE,1501,27,541
1787550819.799,2026-08-24 05:53:39.803,InnoDB,LOCK_SYS_PAGE,1496,27,589
1787550819.799,2026-08-24 05:53:39.803,InnoDB,LOCK_SYS_PAGE,1647,27,583
1787550819.799,2026-08-24 05:53:39.803,InnoDB,LOCK_SYS_PAGE,1577,27,666
1787550819.799,2026-08-24 05:53:39.803,InnoDB,LOCK_SYS_PAGE,1607,27,661
1787550819.799,2026-08-24 05:53:39.803,InnoDB,LOCK_SYS_PAGE,1468,27,609
1787550819.799,2026-08-24 05:53:39.803,InnoDB,LOCK_SYS_PAGE,1539,27,608
1787550819.799,2026-08-24 05:53:39.803,InnoDB,LOCK_SYS_PAGE,1664,27,627
1787550819.799,2026-08-24 05:53:39.803,InnoDB,LOCK_SYS_PAGE,1757,27,657
1787550819.799,2026-08-24 05:53:39.803,InnoDB,LOCK_SYS_PAGE,1494,27,554
1787550819.799,2026-08-24 05:53:39.803,InnoDB,LOCK_SYS_PAGE,1564,27,556
1787550819.799,2026-08-24 05:53:39.803,InnoDB,LOCK_SYS_PAGE,1461,27,561
1787550819.799,2026-08-24 05:53:39.803,InnoDB,UNDO_SPACE_RSEG,4484,27,1888
1787550819.799,2026-08-24 05:53:39.803,InnoDB,UNDO_SPACE_RSEG,4454,27,1871
1787550819.799,2026-08-24 05:53:39.803,InnoDB,UNDO_SPACE_RSEG,4701,27,1914
1787550819.799,2026-08-24 05:53:39.803,InnoDB,LOCK_SYS_PAGE,1495,27,583
1787550819.799,2026-08-24 05:53:39.803,InnoDB,UNDO_SPACE_RSEG,4766,27,1964
1787550819.799,2026-08-24 05:53:39.803,InnoDB,LOCK_SYS_PAGE,1574,27,572
1787550819.799,2026-08-24 05:53:39.803,InnoDB,UNDO_SPACE_RSEG,4600,27,1878
1787550819.799,2026-08-24 05:53:39.803,InnoDB,UNDO_SPACE_RSEG,4619,27,1872
1787550819.799,2026-08-24 05:53:39.803,InnoDB,LOCK_SYS_PAGE,1487,27,535
1787550819.799,2026-08-24 05:53:39.803,InnoDB,UNDO_SPACE_RSEG,4774,27,1988
1787550819.799,2026-08-24 05:53:39.803,InnoDB,UNDO_SPACE_RSEG,4646,27,1953
1787550819.799,2026-08-24 05:53:39.803,InnoDB,UNDO_SPACE_RSEG,4377,27,1853
1787550819.799,2026-08-24 05:53:39.803,InnoDB,LOCK_SYS_PAGE,1581,27,510
1787550819.799,2026-08-24 05:53:39.803,InnoDB,UNDO_SPACE_RSEG,4615,27,1890
1787550819.799,2026-08-24 05:53:39.803,InnoDB,UNDO_SPACE_RSEG,4680,27,1900
1787550819.799,2026-08-24 05:53:39.803,InnoDB,LOCK_SYS_PAGE,1548,27,568
1787550819.799,2026-08-24 05:53:39.803,InnoDB,LOCK_SYS_PAGE,1567,27,648
1787550819.799,2026-08-24 05:53:39.803,InnoDB,LOCK_SYS_PAGE,1581,27,554
1787550819.799,2026-08-24 05:53:39.803,InnoDB,LOCK_SYS_PAGE,1511,27,578
1787550819.799,2026-08-24 05:53:39.803,InnoDB,LOCK_SYS_PAGE,1483,27,572
1787550819.799,2026-08-24 05:53:39.803,InnoDB,UNDO_SPACE_RSEG,4881,27,2043
1787550819.799,2026-08-24 05:53:39.803,InnoDB,UNDO_SPACE_RSEG,4479,27,1862
1787550819.799,2026-08-24 05:53:39.803,InnoDB,UNDO_SPACE_RSEG,4661,27,1882
1787550819.799,2026-08-24 05:53:39.803,InnoDB,UNDO_SPACE_RSEG,4531,27,1918
1787550819.799,2026-08-24 05:53:39.803,InnoDB,LOCK_SYS_PAGE,1607,27,568
1787550819.799,2026-08-24 05:53:39.803,InnoDB,LOCK_SYS_PAGE,1574,27,602
1787550819.799,2026-08-24 05:53:39.803,InnoDB,UNDO_SPACE_RSEG,4696,27,1943
1787550819.799,2026-08-24 05:53:39.803,InnoDB,UNDO_SPACE_RSEG,4589,27,1825
1787550819.799,2026-08-24 05:53:39.803,InnoDB,UNDO_SPACE_RSEG,4503,27,1818
1787550819.799,2026-08-24 05:53:39.803,InnoDB,LOCK_SYS_PAGE,1543,27,623
1787550819.799,2026-08-24 05:53:39.803,InnoDB,LOCK_SYS_PAGE,1562,27,573
1787550819.799,2026-08-24 05:53:39.803,InnoDB,LOCK_SYS_PAGE,1449,26,567
1787550819.799,2026-08-24 05:53:39.803,InnoDB,LOCK_SYS_PAGE,1447,26,519
1787550819.799,2026-08-24 05:53:39.803,InnoDB,LOCK_SYS_PAGE,1422,26,608
1787550819.799,2026-08-24 05:53:39.803,InnoDB,UNDO_SPACE_RSEG,4475,26,1839
1787550819.799,2026-08-24 05:53:39.803,InnoDB,LOCK_SYS_PAGE,1491,26,610
1787550819.799,2026-08-24 05:53:39.803,InnoDB,LOCK_SYS_PAGE,1613,26,558
1787550819.799,2026-08-24 05:53:39.803,InnoDB,UNDO_SPACE_RSEG,4534,26,1937
1787550819.799,2026-08-24 05:53:39.803,InnoDB,UNDO_SPACE_RSEG,4259,26,1804
1787550819.799,2026-08-24 05:53:39.803,InnoDB,LOCK_SYS_PAGE,1625,26,599
1787550819.799,2026-08-24 05:53:39.803,InnoDB,LOCK_SYS_PAGE,1548,26,604
1787550819.799,2026-08-24 05:53:39.803,InnoDB,LOCK_SYS_PAGE,1455,26,516
1787550819.799,2026-08-24 05:53:39.803,InnoDB,UNDO_SPACE_RSEG,4419,26,1850
1787550819.799,2026-08-24 05:53:39.803,InnoDB,LOCK_SYS_PAGE,1584,26,640
1787550819.799,2026-08-24 05:53:39.803,InnoDB,UNDO_SPACE_RSEG,4340,26,1845
1787550819.799,2026-08-24 05:53:39.803,InnoDB,LOCK_SYS_PAGE,1456,26,535
1787550819.799,2026-08-24 05:53:39.803,InnoDB,LOCK_SYS_PAGE,1568,26,632
1787550819.799,2026-08-24 05:53:39.803,InnoDB,UNDO_SPACE_RSEG,4505,26,1860
1787550819.799,2026-08-24 05:53:39.803,InnoDB,UNDO_SPACE_RSEG,4457,26,1871
1787550819.799,2026-08-24 05:53:39.803,InnoDB,LOCK_SYS_PAGE,1548,26,600
1787550819.799,2026-08-24 05:53:39.803,InnoDB,LOCK_SYS_PAGE,1577,26,605
1787550819.799,2026-08-24 05:53:39.803,InnoDB,LOCK_SYS_PAGE,1520,26,535
1787550819.799,2026-08-24 05:53:39.803,InnoDB,LOCK_SYS_PAGE,1452,26,510
1787550819.799,2026-08-24 05:53:39.803,InnoDB,LOCK_SYS_PAGE,1452,26,560
1787550819.799,2026-08-24 05:53:39.803,InnoDB,LOCK_SYS_PAGE,1541,26,627
1787550819.799,2026-08-24 05:53:39.803,InnoDB,UNDO_SPACE_RSEG,4423,26,1809
1787550819.799,2026-08-24 05:53:39.803,InnoDB,LOCK_SYS_PAGE,1617,26,626
1787550819.799,2026-08-24 05:53:39.803,InnoDB,UNDO_SPACE_RSEG,4382,26,1826
1787550819.799,2026-08-24 05:53:39.803,InnoDB,UNDO_SPACE_RSEG,4501,26,1868
1787550819.799,2026-08-24 05:53:39.803,InnoDB,LOCK_SYS_PAGE,1577,26,650
1787550819.799,2026-08-24 05:53:39.803,InnoDB,LOCK_SYS_PAGE,1490,26,524
1787550819.799,2026-08-24 05:53:39.803,InnoDB,UNDO_SPACE_RSEG,4555,26,1969
1787550819.799,2026-08-24 05:53:39.803,InnoDB,LOCK_SYS_PAGE,1543,26,574
1787550819.799,2026-08-24 05:53:39.803,InnoDB,UNDO_SPACE_RSEG,4715,26,1923
1787550819.799,2026-08-24 05:53:39.803,InnoDB,LOCK_SYS_PAGE,1454,26,544
1787550819.799,2026-08-24 05:53:39.803,InnoDB,LOCK_SYS_PAGE,1586,26,623
1787550819.799,2026-08-24 05:53:39.803,InnoDB,LOCK_SYS_PAGE,1470,26,525
1787550819.799,2026-08-24 05:53:39.803,InnoDB,UNDO_SPACE_RSEG,4588,26,1882
1787550819.799,2026-08-24 05:53:39.803,InnoDB,LOCK_SYS_PAGE,1456,26,594
1787550819.799,2026-08-24 05:53:39.803,InnoDB,LOCK_SYS_PAGE,1564,26,642
1787550819.799,2026-08-24 05:53:39.803,InnoDB,LOCK_SYS_PAGE,1871,26,608
1787550819.799,2026-08-24 05:53:39.803,InnoDB,UNDO_SPACE_RSEG,4434,26,1826
1787550819.799,2026-08-24 05:53:39.803,InnoDB,UNDO_SPACE_RSEG,4423,26,1881
1787550819.799,2026-08-24 05:53:39.803,InnoDB,UNDO_SPACE_RSEG,4477,26,1848
1787550819.799,2026-08-24 05:53:39.803,InnoDB,LOCK_SYS_PAGE,1483,26,645
1787550819.799,2026-08-24 05:53:39.803,InnoDB,LOCK_SYS_PAGE,1477,26,507
1787550819.799,2026-08-24 05:53:39.803,InnoDB,LOCK_SYS_PAGE,1531,26,609
1787550819.799,2026-08-24 05:53:39.803,InnoDB,UNDO_SPACE_RSEG,4669,26,1890
1787550819.799,2026-08-24 05:53:39.803,InnoDB,LOCK_SYS_PAGE,1531,25,624
1787550819.799,2026-08-24 05:53:39.803,InnoDB,LOCK_SYS_PAGE,1449,25,562
1787550819.799,2026-08-24 05:53:39.803,InnoDB,UNDO_SPACE_RSEG,4470,25,1870
1787550819.799,2026-08-24 05:53:39.803,InnoDB,UNDO_SPACE_RSEG,4467,25,1884
1787550819.799,2026-08-24 05:53:39.803,InnoDB,UNDO_SPACE_RSEG,4563,25,1898
1787550819.799,2026-08-24 05:53:39.803,InnoDB,LOCK_SYS_PAGE,1418,25,539
1787550819.799,2026-08-24 05:53:39.803,InnoDB,UNDO_SPACE_RSEG,4660,25,1931
1787550819.799,2026-08-24 05:53:39.803,InnoDB,UNDO_SPACE_RSEG,4590,25,1900
1787550819.799,2026-08-24 05:53:39.803,InnoDB,UNDO_SPACE_RSEG,4564,25,1905
1787550819.799,2026-08-24 05:53:39.803,InnoDB,UNDO_SPACE_RSEG,4370,25,1868
1787550819.799,2026-08-24 05:53:39.803,InnoDB,LOCK_SYS_PAGE,1517,25,583
1787550819.799,2026-08-24 05:53:39.803,InnoDB,LOCK_SYS_PAGE,1513,25,589
1787550819.799,2026-08-24 05:53:39.803,InnoDB,UNDO_SPACE_RSEG,4629,25,1927
1787550819.799,2026-08-24 05:53:39.803,InnoDB,LOCK_SYS_PAGE,1455,25,577
1787550819.799,2026-08-24 05:53:39.803,InnoDB,UNDO_SPACE_RSEG,4587,25,1925
1787550819.799,2026-08-24 05:53:39.803,InnoDB,UNDO_SPACE_RSEG,4689,25,1912
1787550819.799,2026-08-24 05:53:39.803,InnoDB,LOCK_SYS_PAGE,1510,25,567
1787550819.799,2026-08-24 05:53:39.803,InnoDB,UNDO_SPACE_RSEG,4551,25,1914
1787550819.799,2026-08-24 05:53:39.803,InnoDB,UNDO_SPACE_RSEG,4428,25,1920
1787550819.799,2026-08-24 05:53:39.803,InnoDB,UNDO_SPACE_RSEG,4528,25,1897
1787550819.799,2026-08-24 05:53:39.803,InnoDB,UNDO_SPACE_RSEG,4532,25,1884
1787550819.799,2026-08-24 05:53:39.803,InnoDB,LOCK_SYS_PAGE,1427,25,522
1787550819.799,2026-08-24 05:53:39.803,InnoDB,LOCK_SYS_PAGE,1363,25,554
1787550819.799,2026-08-24 05:53:39.803,InnoDB,LOCK_SYS_PAGE,1571,25,633
1787550819.799,2026-08-24 05:53:39.803,InnoDB,UNDO_SPACE_RSEG,4411,25,1843
1787550819.799,2026-08-24 05:53:39.803,InnoDB,UNDO_SPACE_RSEG,4613,25,1864
1787550819.799,2026-08-24 05:53:39.803,InnoDB,UNDO_SPACE_RSEG,4484,25,1882
1787550819.799,2026-08-24 05:53:39.803,InnoDB,LOCK_SYS_PAGE,1364,25,531
1787550819.799,2026-08-24 05:53:39.803,InnoDB,LOCK_SYS_PAGE,1551,25,652
1787550819.799,2026-08-24 05:53:39.803,InnoDB,UNDO_SPACE_RSEG,4321,25,1861
1787550819.799,2026-08-24 05:53:39.803,InnoDB,UNDO_SPACE_RSEG,4579,25,1896
1787550819.799,2026-08-24 05:53:39.803,InnoDB,LOCK_SYS_PAGE,1600,25,603
1787550819.799,2026-08-24 05:53:39.803,InnoDB,LOCK_SYS_PAGE,1429,25,590
1787550819.799,2026-08-24 05:53:39.803,InnoDB,LOCK_SYS_PAGE,1556,25,553
1787550819.799,2026-08-24 05:53:39.803,InnoDB,LOCK_SYS_PAGE,1521,25,609
1787550819.799,2026-08-24 05:53:39.803,InnoDB,LOCK_SYS_PAGE,1433,25,566
1787550819.799,2026-08-24 05:53:39.803,InnoDB,LOCK_SYS_PAGE,1472,25,608
1787550819.799,2026-08-24 05:53:39.803,InnoDB,LOCK_SYS_PAGE,1537,25,570
1787550819.799,2026-08-24 05:53:39.803,InnoDB,LOCK_SYS_PAGE,1496,25,630
1787550819.799,2026-08-24 05:53:39.803,InnoDB,LOCK_SYS_PAGE,1367,25,547
1787550819.799,2026-08-24 05:53:39.803,InnoDB,LOCK_SYS_PAGE,1561,25,575
1787550819.799,2026-08-24 05:53:39.803,InnoDB,LOCK_SYS_PAGE,1527,25,557
1787550819.799,2026-08-24 05:53:39.803,InnoDB,LOCK_SYS_PAGE,1507,25,600
1787550819.799,2026-08-24 05:53:39.803,InnoDB,LOCK_SYS_PAGE,1435,25,605
1787550819.799,2026-08-24 05:53:39.803,InnoDB,LOCK_SYS_PAGE,1451,25,587
1787550819.799,2026-08-24 05:53:39.803,InnoDB,LOCK_SYS_PAGE,1384,25,537
1787550819.799,2026-08-24 05:53:39.803,InnoDB,LOCK_SYS_PAGE,1572,25,621
1787550819.799,2026-08-24 05:53:39.803,InnoDB,LOCK_SYS_PAGE,1487,25,620
1787550819.799,2026-08-24 05:53:39.803,InnoDB,LOCK_SYS_PAGE,1687,25,628
1787550819.799,2026-08-24 05:53:39.803,InnoDB,LOCK_SYS_PAGE,1474,25,588
1787550819.799,2026-08-24 05:53:39.803,InnoDB,LOCK_SYS_PAGE,1430,25,587
1787550819.799,2026-08-24 05:53:39.803,InnoDB,LOCK_SYS_PAGE,1398,25,570
1787550819.799,2026-08-24 05:53:39.803,InnoDB,LOCK_SYS_PAGE,1400,25,542
1787550819.799,2026-08-24 05:53:39.803,InnoDB,UNDO_SPACE_RSEG,4454,24,1889
1787550819.799,2026-08-24 05:53:39.803,InnoDB,UNDO_SPACE_RSEG,4423,24,1823
1787550819.799,2026-08-24 05:53:39.803,InnoDB,UNDO_SPACE_RSEG,4605,24,1940
1787550819.799,2026-08-24 05:53:39.803,InnoDB,UNDO_SPACE_RSEG,4341,24,1825
1787550819.799,2026-08-24 05:53:39.803,InnoDB,UNDO_SPACE_RSEG,4354,24,1870
1787550819.799,2026-08-24 05:53:39.803,InnoDB,UNDO_SPACE_RSEG,4409,24,1890
1787550819.799,2026-08-24 05:53:39.803,InnoDB,UNDO_SPACE_RSEG,4428,24,1870
1787550819.799,2026-08-24 05:53:39.803,InnoDB,LOCK_SYS_PAGE,1417,24,525
1787550819.799,2026-08-24 05:53:39.803,InnoDB,LOCK_SYS_PAGE,1491,24,617
1787550819.799,2026-08-24 05:53:39.803,InnoDB,LOCK_SYS_PAGE,1376,24,574
1787550819.799,2026-08-24 05:53:39.803,InnoDB,LOCK_SYS_PAGE,1398,24,572
1787550819.799,2026-08-24 05:53:39.803,InnoDB,LOCK_SYS_PAGE,1413,24,528
1787550819.799,2026-08-24 05:53:39.803,InnoDB,LOCK_SYS_PAGE,1351,24,563
1787550819.799,2026-08-24 05:53:39.803,InnoDB,LOCK_SYS_PAGE,1407,24,620
1787550819.799,2026-08-24 05:53:39.803,InnoDB,LOCK_SYS_PAGE,1485,24,588
1787550819.799,2026-08-24 05:53:39.803,InnoDB,LOCK_SYS_PAGE,1483,24,569
1787550819.799,2026-08-24 05:53:39.803,InnoDB,LOCK_SYS_PAGE,1390,24,573
1787550819.799,2026-08-24 05:53:39.803,InnoDB,LOCK_SYS_PAGE,1495,24,562
1787550819.799,2026-08-24 05:53:39.803,InnoDB,LOCK_SYS_PAGE,1428,24,625
1787550819.799,2026-08-24 05:53:39.803,InnoDB,LOCK_SYS_PAGE,1478,24,597
1787550819.799,2026-08-24 05:53:39.803,InnoDB,LOCK_SYS_PAGE,1438,24,613
1787550819.799,2026-08-24 05:53:39.803,InnoDB,LOCK_SYS_PAGE,1368,24,596
1787550819.799,2026-08-24 05:53:39.803,InnoDB,UNDO_SPACE_RSEG,4646,24,1930
1787550819.799,2026-08-24 05:53:39.803,InnoDB,UNDO_SPACE_RSEG,4439,24,1867
1787550819.799,2026-08-24 05:53:39.803,InnoDB,UNDO_SPACE_RSEG,4449,24,1853
1787550819.799,2026-08-24 05:53:39.803,InnoDB,UNDO_SPACE_RSEG,4473,24,1890
1787550819.799,2026-08-24 05:53:39.803,InnoDB,UNDO_SPACE_RSEG,4668,24,1954
1787550819.799,2026-08-24 05:53:39.803,InnoDB,UNDO_SPACE_RSEG,4446,24,1932
1787550819.799,2026-08-24 05:53:39.803,InnoDB,UNDO_SPACE_RSEG,4288,24,1874
1787550819.799,2026-08-24 05:53:39.803,InnoDB,UNDO_SPACE_RSEG,4316,24,1802
1787550819.799,2026-08-24 05:53:39.803,InnoDB,UNDO_SPACE_RSEG,4610,24,1949
1787550819.799,2026-08-24 05:53:39.803,InnoDB,LOCK_SYS_PAGE,1471,24,636
1787550819.799,2026-08-24 05:53:39.803,InnoDB,UNDO_SPACE_RSEG,4490,24,1881
1787550819.799,2026-08-24 05:53:39.803,InnoDB,LOCK_SYS_PAGE,1432,24,557
1787550819.799,2026-08-24 05:53:39.803,InnoDB,UNDO_SPACE_RSEG,4620,24,1894
1787550819.799,2026-08-24 05:53:39.803,InnoDB,UNDO_SPACE_RSEG,4414,24,1841
1787550819.799,2026-08-24 05:53:39.803,InnoDB,UNDO_SPACE_RSEG,4515,24,1939
1787550819.799,2026-08-24 05:53:39.803,InnoDB,LOCK_SYS_PAGE,1422,24,562
1787550819.799,2026-08-24 05:53:39.803,InnoDB,UNDO_SPACE_RSEG,4603,24,1976
1787550819.799,2026-08-24 05:53:39.803,InnoDB,LOCK_SYS_PAGE,1430,24,572
1787550819.799,2026-08-24 05:53:39.803,InnoDB,UNDO_SPACE_RSEG,4573,24,1891
1787550819.799,2026-08-24 05:53:39.803,InnoDB,UNDO_SPACE_RSEG,4390,24,1883
1787550819.799,2026-08-24 05:53:39.803,InnoDB,LOCK_SYS_PAGE,1388,24,556
1787550819.799,2026-08-24 05:53:39.803,InnoDB,UNDO_SPACE_RSEG,4167,24,1800
1787550819.799,2026-08-24 05:53:39.803,InnoDB,UNDO_SPACE_RSEG,4539,24,1896
1787550819.799,2026-08-24 05:53:39.803,InnoDB,UNDO_SPACE_RSEG,4400,24,1809
1787550819.799,2026-08-24 05:53:39.803,InnoDB,LOCK_SYS_PAGE,1452,24,569
1787550819.799,2026-08-24 05:53:39.803,InnoDB,LOCK_SYS_PAGE,1438,24,563
1787550819.799,2026-08-24 05:53:39.803,InnoDB,UNDO_SPACE_RSEG,4476,24,1914
1787550819.799,2026-08-24 05:53:39.803,InnoDB,LOCK_SYS_PAGE,1496,24,627
1787550819.799,2026-08-24 05:53:39.803,InnoDB,LOCK_SYS_PAGE,1464,24,590
1787550819.799,2026-08-24 05:53:39.803,InnoDB,UNDO_SPACE_RSEG,4546,24,1896
1787550819.799,2026-08-24 05:53:39.803,InnoDB,LOCK_SYS_PAGE,1581,24,607
1787550819.799,2026-08-24 05:53:39.803,InnoDB,LOCK_SYS_PAGE,1414,24,568
1787550819.799,2026-08-24 05:53:39.803,InnoDB,LOCK_SYS_PAGE,1478,24,620
1787550819.799,2026-08-24 05:53:39.803,InnoDB,LOCK_SYS_PAGE,1319,24,532
1787550819.799,2026-08-24 05:53:39.803,InnoDB,LOCK_SYS_PAGE,1403,24,593
1787550819.799,2026-08-24 05:53:39.803,InnoDB,LOCK_SYS_PAGE,1389,24,551
1787550819.799,2026-08-24 05:53:39.803,InnoDB,LOCK_SYS_PAGE,1446,24,591
1787550819.799,2026-08-24 05:53:39.803,InnoDB,LOCK_SYS_PAGE,1368,24,558
1787550819.799,2026-08-24 05:53:39.803,InnoDB,UNDO_SPACE_RSEG,4511,23,1924
1787550819.799,2026-08-24 05:53:39.803,InnoDB,LOCK_SYS_PAGE,1401,23,568
1787550819.799,2026-08-24 05:53:39.803,InnoDB,LOCK_SYS_PAGE,1352,23,543
1787550819.799,2026-08-24 05:53:39.803,InnoDB,UNDO_SPACE_RSEG,4444,23,1898
1787550819.799,2026-08-24 05:53:39.803,InnoDB,LOCK_SYS_PAGE,1463,23,555
1787550819.799,2026-08-24 05:53:39.803,InnoDB,LOCK_SYS_PAGE,1363,23,564
1787550819.799,2026-08-24 05:53:39.803,InnoDB,UNDO_SPACE_RSEG,4377,23,1826
1787550819.799,2026-08-24 05:53:39.803,InnoDB,LOCK_SYS_PAGE,1453,23,490
1787550819.799,2026-08-24 05:53:39.803,InnoDB,LOCK_SYS_PAGE,1403,23,611
1787550819.799,2026-08-24 05:53:39.803,InnoDB,LOCK_SYS_PAGE,1501,23,610
1787550819.799,2026-08-24 05:53:39.803,InnoDB,LOCK_SYS_PAGE,1371,23,554
1787550819.799,2026-08-24 05:53:39.803,InnoDB,LOCK_SYS_PAGE,1462,23,585
1787550819.799,2026-08-24 05:53:39.803,InnoDB,LOCK_SYS_PAGE,1359,23,526
1787550819.799,2026-08-24 05:53:39.803,InnoDB,LOCK_SYS_PAGE,1466,23,596
1787550819.799,2026-08-24 05:53:39.803,InnoDB,LOCK_SYS_PAGE,1375,23,559
1787550819.799,2026-08-24 05:53:39.803,InnoDB,LOCK_SYS_PAGE,1426,23,539
1787550819.799,2026-08-24 05:53:39.803,InnoDB,LOCK_SYS_PAGE,1433,23,561
1787550819.799,2026-08-24 05:53:39.803,InnoDB,LOCK_SYS_PAGE,1437,23,624
1787550819.799,2026-08-24 05:53:39.803,InnoDB,LOCK_SYS_PAGE,1438,23,590
1787550819.799,2026-08-24 05:53:39.803,InnoDB,LOCK_SYS_PAGE,1391,23,576
1787550819.799,2026-08-24 05:53:39.803,InnoDB,LOCK_SYS_PAGE,1403,23,625
1787550819.799,2026-08-24 05:53:39.803,InnoDB,UNDO_SPACE_RSEG,4450,23,1897
1787550819.799,2026-08-24 05:53:39.803,InnoDB,LOCK_SYS_PAGE,1349,23,559
1787550819.799,2026-08-24 05:53:39.803,InnoDB,LOCK_SYS_PAGE,1326,23,505
1787550819.799,2026-08-24 05:53:39.803,InnoDB,UNDO_SPACE_RSEG,4564,23,1876
1787550819.799,2026-08-24 05:53:39.803,InnoDB,LOCK_SYS_PAGE,1511,23,627
1787550819.799,2026-08-24 05:53:39.803,InnoDB,LOCK_SYS_PAGE,1405,23,578
1787550819.799,2026-08-24 05:53:39.803,InnoDB,UNDO_SPACE_RSEG,4520,23,1948
1787550819.799,2026-08-24 05:53:39.803,InnoDB,LOCK_SYS_PAGE,1507,23,591
1787550819.799,2026-08-24 05:53:39.803,InnoDB,LOCK_SYS_PAGE,1508,23,540
1787550819.799,2026-08-24 05:53:39.803,InnoDB,LOCK_SYS_PAGE,1457,23,527
1787550819.799,2026-08-24 05:53:39.803,InnoDB,UNDO_SPACE_RSEG,4601,23,1909
1787550819.799,2026-08-24 05:53:39.803,InnoDB,UNDO_SPACE_RSEG,4338,23,1837
1787550819.799,2026-08-24 05:53:39.803,InnoDB,LOCK_SYS_PAGE,1901,23,695
1787550819.799,2026-08-24 05:53:39.803,InnoDB,LOCK_SYS_PAGE,1432,23,597
1787550819.799,2026-08-24 05:53:39.803,InnoDB,LOCK_SYS_PAGE,1319,23,504
1787550819.799,2026-08-24 05:53:39.803,InnoDB,LOCK_SYS_PAGE,1393,23,509
1787550819.799,2026-08-24 05:53:39.803,InnoDB,LOCK_SYS_PAGE,1426,23,609
1787550819.799,2026-08-24 05:53:39.803,InnoDB,UNDO_SPACE_RSEG,4562,23,1887
1787550819.799,2026-08-24 05:53:39.803,InnoDB,LOCK_SYS_PAGE,1412,23,561
1787550819.799,2026-08-24 05:53:39.803,InnoDB,LOCK_SYS_PAGE,1500,23,576
1787550819.799,2026-08-24 05:53:39.803,InnoDB,UNDO_SPACE_RSEG,4307,23,1860
1787550819.799,2026-08-24 05:53:39.803,InnoDB,LOCK_SYS_PAGE,1381,23,562
1787550819.799,2026-08-24 05:53:39.803,InnoDB,UNDO_SPACE_RSEG,4508,23,1893
1787550819.799,2026-08-24 05:53:39.803,InnoDB,UNDO_SPACE_RSEG,4027,23,1780
1787550819.799,2026-08-24 05:53:39.803,InnoDB,LOCK_SYS_PAGE,1451,22,541
1787550819.799,2026-08-24 05:53:39.803,InnoDB,LOCK_SYS_PAGE,1428,22,529
1787550819.799,2026-08-24 05:53:39.803,InnoDB,LOCK_SYS_PAGE,1409,22,593
1787550819.799,2026-08-24 05:53:39.803,InnoDB,LOCK_SYS_PAGE,1375,22,551
1787550819.799,2026-08-24 05:53:39.803,InnoDB,LOCK_SYS_PAGE,1307,22,554
1787550819.799,2026-08-24 05:53:39.803,InnoDB,LOCK_SYS_PAGE,1435,22,614
1787550819.799,2026-08-24 05:53:39.803,InnoDB,UNDO_SPACE_RSEG,4490,22,1914
1787550819.799,2026-08-24 05:53:39.803,InnoDB,LOCK_SYS_PAGE,1274,22,496
1787550819.799,2026-08-24 05:53:39.803,InnoDB,LOCK_SYS_PAGE,1516,22,649
1787550819.799,2026-08-24 05:53:39.803,InnoDB,UNDO_SPACE_RSEG,4295,22,1846
1787550819.799,2026-08-24 05:53:39.803,InnoDB,LOCK_SYS_PAGE,1392,22,601
1787550819.799,2026-08-24 05:53:39.803,InnoDB,LOCK_SYS_PAGE,1406,22,601
1787550819.799,2026-08-24 05:53:39.803,InnoDB,LOCK_SYS_PAGE,1387,22,574
1787550819.799,2026-08-24 05:53:39.803,InnoDB,LOCK_SYS_PAGE,1490,22,633
1787550819.799,2026-08-24 05:53:39.803,InnoDB,LOCK_SYS_PAGE,1267,22,547
1787550819.799,2026-08-24 05:53:39.803,InnoDB,LOCK_SYS_PAGE,1331,22,514
1787550819.799,2026-08-24 05:53:39.803,InnoDB,UNDO_SPACE_RSEG,4187,22,1807
1787550819.799,2026-08-24 05:53:39.803,InnoDB,LOCK_SYS_PAGE,1368,22,622
1787550819.799,2026-08-24 05:53:39.803,InnoDB,UNDO_SPACE_RSEG,4423,22,1854
1787550819.799,2026-08-24 05:53:39.803,InnoDB,LOCK_SYS_PAGE,1347,22,569
1787550819.799,2026-08-24 05:53:39.803,InnoDB,LOCK_SYS_PAGE,1400,22,630
1787550819.799,2026-08-24 05:53:39.803,InnoDB,LOCK_SYS_PAGE,1521,22,643
1787550819.799,2026-08-24 05:53:39.803,InnoDB,LOCK_SYS_PAGE,1274,22,605
1787550819.799,2026-08-24 05:53:39.803,InnoDB,LOCK_SYS_PAGE,1324,22,588
1787550819.799,2026-08-24 05:53:39.803,InnoDB,LOCK_SYS_PAGE,1425,22,558
1787550819.799,2026-08-24 05:53:39.803,InnoDB,LOCK_SYS_PAGE,1467,22,595
1787550819.799,2026-08-24 05:53:39.803,InnoDB,LOCK_SYS_PAGE,1381,22,628
1787550819.799,2026-08-24 05:53:39.803,InnoDB,UNDO_SPACE_RSEG,4381,22,1912
1787550819.799,2026-08-24 05:53:39.803,InnoDB,LOCK_SYS_PAGE,1485,22,685
1787550819.799,2026-08-24 05:53:39.803,InnoDB,LOCK_SYS_PAGE,1353,22,552
1787550819.799,2026-08-24 05:53:39.803,InnoDB,LOCK_SYS_PAGE,1368,22,570
1787550819.799,2026-08-24 05:53:39.803,InnoDB,LOCK_SYS_PAGE,1398,22,580
1787550819.799,2026-08-24 05:53:39.803,InnoDB,LOCK_SYS_PAGE,1388,22,633
1787550819.799,2026-08-24 05:53:39.803,InnoDB,LOCK_SYS_PAGE,1487,22,599
1787550819.799,2026-08-24 05:53:39.803,InnoDB,LOCK_SYS_PAGE,1449,22,606
1787550819.799,2026-08-24 05:53:39.803,InnoDB,LOCK_SYS_PAGE,1319,22,526
1787550819.799,2026-08-24 05:53:39.803,InnoDB,UNDO_SPACE_RSEG,4482,22,1904
1787550819.799,2026-08-24 05:53:39.803,InnoDB,UNDO_SPACE_RSEG,4238,22,1845
1787550819.799,2026-08-24 05:53:39.803,InnoDB,LOCK_SYS_PAGE,1259,22,530
1787550819.799,2026-08-24 05:53:39.803,InnoDB,LOCK_SYS_PAGE,1381,22,654
1787550819.799,2026-08-24 05:53:39.803,InnoDB,LOCK_SYS_PAGE,1411,22,596
1787550819.799,2026-08-24 05:53:39.803,InnoDB,LOCK_SYS_PAGE,1452,22,656
1787550819.799,2026-08-24 05:53:39.803,InnoDB,LOCK_SYS_PAGE,1362,22,550
1787550819.799,2026-08-24 05:53:39.803,InnoDB,LOCK_SYS_PAGE,1304,22,546
1787550819.799,2026-08-24 05:53:39.803,InnoDB,UNDO_SPACE_RSEG,4264,22,1859
1787550819.799,2026-08-24 05:53:39.803,InnoDB,LOCK_SYS_PAGE,1369,22,586
1787550819.799,2026-08-24 05:53:39.803,InnoDB,LOCK_SYS_PAGE,1381,22,560
1787550819.799,2026-08-24 05:53:39.803,InnoDB,LOCK_SYS_PAGE,1427,22,619
1787550819.799,2026-08-24 05:53:39.803,InnoDB,LOCK_SYS_PAGE,1521,22,634
1787550819.799,2026-08-24 05:53:39.803,InnoDB,UNDO_SPACE_RSEG,4403,22,1853
1787550819.799,2026-08-24 05:53:39.803,InnoDB,LOCK_SYS_PAGE,1362,22,601
1787550819.799,2026-08-24 05:53:39.803,InnoDB,UNDO_SPACE_RSEG,4419,22,1909
1787550819.799,2026-08-24 05:53:39.803,InnoDB,UNDO_SPACE_RSEG,4368,22,1903
1787550819.799,2026-08-24 05:53:39.803,InnoDB,LOCK_SYS_PAGE,1357,22,550
1787550819.799,2026-08-24 05:53:39.803,InnoDB,LOCK_SYS_PAGE,1361,22,588
1787550819.799,2026-08-24 05:53:39.803,InnoDB,LOCK_SYS_PAGE,1418,21,594
1787550819.799,2026-08-24 05:53:39.803,InnoDB,LOCK_SYS_PAGE,1262,21,562
1787550819.799,2026-08-24 05:53:39.803,InnoDB,LOCK_SYS_PAGE,1353,21,532
1787550819.799,2026-08-24 05:53:39.803,InnoDB,LOCK_SYS_PAGE,1338,21,536
1787550819.799,2026-08-24 05:53:39.803,InnoDB,UNDO_SPACE_RSEG,4441,21,1911
1787550819.799,2026-08-24 05:53:39.803,InnoDB,LOCK_SYS_PAGE,1219,21,513
1787550819.799,2026-08-24 05:53:39.803,InnoDB,LOCK_SYS_PAGE,1275,21,517
1787550819.799,2026-08-24 05:53:39.803,InnoDB,LOCK_SYS_PAGE,1430,21,574
1787550819.799,2026-08-24 05:53:39.803,InnoDB,LOCK_SYS_PAGE,1227,21,554
1787550819.799,2026-08-24 05:53:39.803,InnoDB,LOCK_SYS_PAGE,1325,21,570
1787550819.799,2026-08-24 05:53:39.803,InnoDB,LOCK_SYS_PAGE,1486,21,583
1787550819.799,2026-08-24 05:53:39.803,InnoDB,UNDO_SPACE_RSEG,4465,21,1938
1787550819.799,2026-08-24 05:53:39.803,InnoDB,LOCK_SYS_PAGE,1434,21,540
1787550819.799,2026-08-24 05:53:39.803,InnoDB,LOCK_SYS_PAGE,1417,21,613
1787550819.799,2026-08-24 05:53:39.803,InnoDB,UNDO_SPACE_RSEG,4672,21,1956
1787550819.799,2026-08-24 05:53:39.803,InnoDB,LOCK_SYS_PAGE,1379,21,578
1787550819.799,2026-08-24 05:53:39.803,InnoDB,LOCK_SYS_PAGE,1218,21,533
1787550819.799,2026-08-24 05:53:39.803,InnoDB,LOCK_SYS_PAGE,1253,21,601
1787550819.799,2026-08-24 05:53:39.803,InnoDB,LOCK_SYS_PAGE,1533,21,612
1787550819.799,2026-08-24 05:53:39.803,InnoDB,UNDO_SPACE_RSEG,4452,21,1976
1787550819.799,2026-08-24 05:53:39.803,InnoDB,LOCK_SYS_PAGE,1464,21,640
1787550819.799,2026-08-24 05:53:39.803,InnoDB,LOCK_SYS_PAGE,1466,21,650
1787550819.799,2026-08-24 05:53:39.803,InnoDB,UNDO_SPACE_RSEG,4517,21,1953
1787550819.799,2026-08-24 05:53:39.803,InnoDB,UNDO_SPACE_RSEG,4714,21,2006
1787550819.799,2026-08-24 05:53:39.803,InnoDB,LOCK_SYS_PAGE,1385,21,639
1787550819.799,2026-08-24 05:53:39.803,InnoDB,LOCK_SYS_PAGE,1306,21,544
1787550819.799,2026-08-24 05:53:39.803,InnoDB,LOCK_SYS_PAGE,1373,21,525
1787550819.799,2026-08-24 05:53:39.803,InnoDB,LOCK_SYS_PAGE,1364,21,560
1787550819.799,2026-08-24 05:53:39.803,InnoDB,UNDO_SPACE_RSEG,4208,21,1823
1787550819.799,2026-08-24 05:53:39.803,InnoDB,LOCK_SYS_PAGE,1504,21,586
1787550819.799,2026-08-24 05:53:39.803,InnoDB,LOCK_SYS_PAGE,1499,21,651
1787550819.799,2026-08-24 05:53:39.803,InnoDB,LOCK_SYS_PAGE,1373,21,588
1787550819.799,2026-08-24 05:53:39.803,InnoDB,LOCK_SYS_PAGE,1427,21,576
1787550819.799,2026-08-24 05:53:39.803,InnoDB,LOCK_SYS_PAGE,1313,21,540
1787550819.799,2026-08-24 05:53:39.803,InnoDB,UNDO_SPACE_RSEG,4364,21,1927
1787550819.799,2026-08-24 05:53:39.803,InnoDB,LOCK_SYS_PAGE,1357,21,623
1787550819.799,2026-08-24 05:53:39.803,InnoDB,LOCK_SYS_PAGE,1331,21,556
1787550819.799,2026-08-24 05:53:39.803,InnoDB,LOCK_SYS_PAGE,1752,21,664
1787550819.799,2026-08-24 05:53:39.803,InnoDB,LOCK_SYS_PAGE,1336,21,618
1787550819.799,2026-08-24 05:53:39.803,InnoDB,UNDO_SPACE_RSEG,4260,21,1816
1787550819.799,2026-08-24 05:53:39.803,InnoDB,LOCK_SYS_PAGE,1371,21,612
1787550819.799,2026-08-24 05:53:39.803,InnoDB,LOCK_SYS_PAGE,1369,21,562
1787550819.799,2026-08-24 05:53:39.803,InnoDB,LOCK_SYS_PAGE,1321,21,554
1787550819.799,2026-08-24 05:53:39.803,InnoDB,LOCK_SYS_PAGE,1427,21,576
1787550819.799,2026-08-24 05:53:39.803,InnoDB,LOCK_SYS_PAGE,1366,21,629
1787550819.799,2026-08-24 05:53:39.803,InnoDB,UNDO_SPACE_RSEG,4362,21,1872
1787550819.799,2026-08-24 05:53:39.803,InnoDB,LOCK_SYS_PAGE,1333,21,603
1787550819.799,2026-08-24 05:53:39.803,InnoDB,UNDO_SPACE_RSEG,4426,21,1865
1787550819.799,2026-08-24 05:53:39.803,InnoDB,LOCK_SYS_PAGE,1296,21,566
1787550819.799,2026-08-24 05:53:39.803,InnoDB,LOCK_SYS_PAGE,1399,21,545
1787550819.799,2026-08-24 05:53:39.803,InnoDB,UNDO_SPACE_RSEG,4102,20,1801
1787550819.799,2026-08-24 05:53:39.803,InnoDB,UNDO_SPACE_RSEG,4199,20,1838
1787550819.799,2026-08-24 05:53:39.803,InnoDB,LOCK_SYS_PAGE,1460,20,698
1787550819.799,2026-08-24 05:53:39.803,InnoDB,LOCK_SYS_PAGE,1254,20,574
1787550819.799,2026-08-24 05:53:39.803,InnoDB,LOCK_SYS_PAGE,1292,20,541
1787550819.799,2026-08-24 05:53:39.803,InnoDB,LOCK_SYS_PAGE,1319,20,529
1787550819.799,2026-08-24 05:53:39.803,InnoDB,LOCK_SYS_PAGE,1344,20,649
1787550819.799,2026-08-24 05:53:39.803,InnoDB,LOCK_SYS_PAGE,1299,20,539
1787550819.799,2026-08-24 05:53:39.803,InnoDB,LOCK_SYS_PAGE,1469,20,660
1787550819.799,2026-08-24 05:53:39.803,InnoDB,LOCK_SYS_PAGE,1322,20,578
1787550819.799,2026-08-24 05:53:39.803,InnoDB,UNDO_SPACE_RSEG,4194,20,1883
1787550819.799,2026-08-24 05:53:39.803,InnoDB,LOCK_SYS_PAGE,1283,20,509
1787550819.799,2026-08-24 05:53:39.803,InnoDB,UNDO_SPACE_RSEG,4201,20,1807
1787550819.799,2026-08-24 05:53:39.803,InnoDB,LOCK_SYS_PAGE,1242,20,537
1787550819.799,2026-08-24 05:53:39.803,InnoDB,LOCK_SYS_PAGE,1378,20,608
1787550819.799,2026-08-24 05:53:39.803,InnoDB,UNDO_SPACE_RSEG,4431,20,1918
1787550819.799,2026-08-24 05:53:39.803,InnoDB,UNDO_SPACE_RSEG,4292,20,1823
1787550819.799,2026-08-24 05:53:39.803,InnoDB,LOCK_SYS_PAGE,1271,20,573
1787550819.799,2026-08-24 05:53:39.803,InnoDB,LOCK_SYS_PAGE,1432,20,602
1787550819.799,2026-08-24 05:53:39.803,InnoDB,UNDO_SPACE_RSEG,4291,20,1834
1787550819.799,2026-08-24 05:53:39.803,InnoDB,UNDO_SPACE_RSEG,4188,20,1857
1787550819.799,2026-08-24 05:53:39.803,InnoDB,LOCK_SYS_PAGE,1418,20,607
1787550819.799,2026-08-24 05:53:39.803,InnoDB,LOCK_SYS_PAGE,1378,20,634
1787550819.799,2026-08-24 05:53:39.803,InnoDB,UNDO_SPACE_RSEG,4357,20,1853
1787550819.799,2026-08-24 05:53:39.803,InnoDB,LOCK_SYS_PAGE,1323,20,582
1787550819.799,2026-08-24 05:53:39.803,InnoDB,LOCK_SYS_PAGE,1249,20,558
1787550819.799,2026-08-24 05:53:39.803,InnoDB,LOCK_SYS_PAGE,1400,20,602
1787550819.799,2026-08-24 05:53:39.803,InnoDB,LOCK_SYS_PAGE,1339,20,549
1787550819.799,2026-08-24 05:53:39.803,InnoDB,UNDO_SPACE_RSEG,4243,20,1865
1787550819.799,2026-08-24 05:53:39.803,InnoDB,LOCK_SYS_PAGE,1360,20,595
1787550819.799,2026-08-24 05:53:39.803,InnoDB,LOCK_SYS_PAGE,1474,20,547
1787550819.799,2026-08-24 05:53:39.803,InnoDB,LOCK_SYS_PAGE,1407,20,645
1787550819.799,2026-08-24 05:53:39.803,InnoDB,LOCK_SYS_PAGE,1347,20,583
1787550819.799,2026-08-24 05:53:39.803,InnoDB,LOCK_SYS_PAGE,1275,19,565
1787550819.799,2026-08-24 05:53:39.803,InnoDB,UNDO_SPACE_RSEG,4305,19,1862
1787550819.799,2026-08-24 05:53:39.803,InnoDB,LOCK_SYS_PAGE,1620,19,592
1787550819.799,2026-08-24 05:53:39.803,InnoDB,UNDO_SPACE_RSEG,4421,19,1931
1787550819.799,2026-08-24 05:53:39.803,InnoDB,UNDO_SPACE_RSEG,4021,19,1822
1787550819.799,2026-08-24 05:53:39.803,InnoDB,LOCK_SYS_PAGE,1246,19,588
1787550819.799,2026-08-24 05:53:39.803,InnoDB,LOCK_SYS_PAGE,1431,19,646
1787550819.799,2026-08-24 05:53:39.803,InnoDB,UNDO_SPACE_RSEG,4387,19,1900
1787550819.799,2026-08-24 05:53:39.803,InnoDB,LOCK_SYS_PAGE,1278,19,563
1787550819.799,2026-08-24 05:53:39.803,InnoDB,UNDO_SPACE_RSEG,4410,19,1892
1787550819.799,2026-08-24 05:53:39.803,InnoDB,LOCK_SYS_PAGE,1265,19,535
1787550819.799,2026-08-24 05:53:39.803,InnoDB,LOCK_SYS_PAGE,1228,19,603
1787550819.799,2026-08-24 05:53:39.803,InnoDB,UNDO_SPACE_RSEG,4067,19,1833
1787550819.799,2026-08-24 05:53:39.803,InnoDB,UNDO_SPACE_RSEG,4271,19,1899
1787550819.799,2026-08-24 05:53:39.803,InnoDB,LOCK_SYS_PAGE,1289,19,572
1787550819.799,2026-08-24 05:53:39.803,InnoDB,LOCK_SYS_PAGE,1244,19,543
1787550819.799,2026-08-24 05:53:39.803,InnoDB,LOCK_SYS_PAGE,1326,19,577
1787550819.799,2026-08-24 05:53:39.803,InnoDB,LOCK_SYS_PAGE,1350,19,614
1787550819.799,2026-08-24 05:53:39.803,InnoDB,LOCK_SYS_PAGE,1286,19,582
1787550819.799,2026-08-24 05:53:39.803,InnoDB,UNDO_SPACE_RSEG,4165,19,1804
1787550819.799,2026-08-24 05:53:39.803,InnoDB,LOCK_SYS_PAGE,1349,19,545
1787550819.799,2026-08-24 05:53:39.803,InnoDB,LOCK_SYS_PAGE,1334,19,603
1787550819.799,2026-08-24 05:53:39.803,InnoDB,LOCK_SYS_PAGE,1224,19,581
1787550819.799,2026-08-24 05:53:39.803,InnoDB,LOCK_SYS_PAGE,1266,19,561
1787550819.799,2026-08-24 05:53:39.803,InnoDB,LOCK_SYS_PAGE,1252,19,599
1787550819.799,2026-08-24 05:53:39.803,InnoDB,LOCK_SYS_PAGE,1368,19,575
1787550819.799,2026-08-24 05:53:39.803,InnoDB,LOCK_SYS_PAGE,1310,19,573
1787550819.799,2026-08-24 05:53:39.803,InnoDB,LOCK_SYS_PAGE,1431,19,720
1787550819.799,2026-08-24 05:53:39.803,InnoDB,LOCK_SYS_PAGE,1247,19,573
1787550819.799,2026-08-24 05:53:39.803,InnoDB,LOCK_SYS_PAGE,1313,19,589
1787550819.799,2026-08-24 05:53:39.803,InnoDB,UNDO_SPACE_RSEG,4143,19,1782
1787550819.799,2026-08-24 05:53:39.803,InnoDB,LOCK_SYS_PAGE,1322,19,614
1787550819.799,2026-08-24 05:53:39.803,InnoDB,UNDO_SPACE_RSEG,4277,19,1873
1787550819.799,2026-08-24 05:53:39.803,InnoDB,LOCK_SYS_PAGE,1296,19,595
1787550819.799,2026-08-24 05:53:39.803,InnoDB,LOCK_SYS_PAGE,1177,19,532
1787550819.799,2026-08-24 05:53:39.803,InnoDB,UNDO_SPACE_RSEG,4316,19,1881
1787550819.799,2026-08-24 05:53:39.803,InnoDB,UNDO_SPACE_RSEG,4357,19,1789
1787550819.799,2026-08-24 05:53:39.803,InnoDB,LOCK_SYS_PAGE,1301,19,525
1787550819.799,2026-08-24 05:53:39.803,InnoDB,LOCK_SYS_PAGE,1263,19,556
1787550819.799,2026-08-24 05:53:39.803,InnoDB,UNDO_SPACE_RSEG,4399,19,1867
1787550819.799,2026-08-24 05:53:39.803,InnoDB,LOCK_SYS_PAGE,1236,19,532
1787550819.799,2026-08-24 05:53:39.803,InnoDB,UNDO_SPACE_RSEG,4643,19,1950
1787550819.799,2026-08-24 05:53:39.803,InnoDB,LOCK_SYS_PAGE,1306,19,521
1787550819.799,2026-08-24 05:53:39.803,InnoDB,UNDO_SPACE_RSEG,4468,19,1907
1787550819.799,2026-08-24 05:53:39.803,InnoDB,UNDO_SPACE_RSEG,4301,18,1970
1787550819.799,2026-08-24 05:53:39.803,InnoDB,LOCK_SYS_PAGE,1397,18,605
1787550819.799,2026-08-24 05:53:39.803,InnoDB,LOCK_SYS_PAGE,1231,18,598
1787550819.799,2026-08-24 05:53:39.803,InnoDB,LOCK_SYS_PAGE,1294,18,597
1787550819.799,2026-08-24 05:53:39.803,InnoDB,LOCK_SYS_PAGE,1327,18,610
1787550819.799,2026-08-24 05:53:39.803,InnoDB,LOCK_SYS_PAGE,1176,18,557
1787550819.799,2026-08-24 05:53:39.803,InnoDB,LOCK_SYS_PAGE,1183,18,487
1787550819.799,2026-08-24 05:53:39.803,InnoDB,LOCK_SYS_PAGE,1304,18,623
1787550819.799,2026-08-24 05:53:39.803,InnoDB,LOCK_SYS_PAGE,1225,18,518
1787550819.799,2026-08-24 05:53:39.803,InnoDB,LOCK_SYS_PAGE,1247,18,542
1787550819.799,2026-08-24 05:53:39.803,InnoDB,LOCK_SYS_PAGE,1157,18,550
1787550819.799,2026-08-24 05:53:39.803,InnoDB,LOCK_SYS_PAGE,1295,18,582
1787550819.799,2026-08-24 05:53:39.803,InnoDB,LOCK_SYS_PAGE,1594,18,615
1787550819.799,2026-08-24 05:53:39.803,InnoDB,LOCK_SYS_PAGE,1371,18,594
1787550819.799,2026-08-24 05:53:39.803,InnoDB,UNDO_SPACE_RSEG,4408,18,1869
1787550819.799,2026-08-24 05:53:39.803,InnoDB,LOCK_SYS_PAGE,1300,18,597
1787550819.799,2026-08-24 05:53:39.803,InnoDB,LOCK_SYS_PAGE,1190,18,536
1787550819.799,2026-08-24 05:53:39.803,InnoDB,LOCK_SYS_PAGE,1298,18,618
1787550819.799,2026-08-24 05:53:39.803,InnoDB,LOCK_SYS_PAGE,1265,18,540
1787550819.799,2026-08-24 05:53:39.803,InnoDB,LOCK_SYS_PAGE,1242,18,602
1787550819.799,2026-08-24 05:53:39.803,InnoDB,LOCK_SYS_PAGE,1135,18,501
1787550819.799,2026-08-24 05:53:39.803,InnoDB,LOCK_SYS_PAGE,1240,18,575
1787550819.799,2026-08-24 05:53:39.803,InnoDB,UNDO_SPACE_RSEG,4185,18,1842
1787550819.799,2026-08-24 05:53:39.803,InnoDB,UNDO_SPACE_RSEG,4443,18,1862
1787550819.799,2026-08-24 05:53:39.803,InnoDB,LOCK_SYS_PAGE,1216,18,554
1787550819.799,2026-08-24 05:53:39.803,InnoDB,LOCK_SYS_PAGE,1234,18,525
1787550819.799,2026-08-24 05:53:39.803,InnoDB,UNDO_SPACE_RSEG,4144,18,1794
1787550819.799,2026-08-24 05:53:39.803,InnoDB,LOCK_SYS_PAGE,1330,18,541
1787550819.799,2026-08-24 05:53:39.803,InnoDB,UNDO_SPACE_RSEG,4287,17,1947
1787550819.799,2026-08-24 05:53:39.803,InnoDB,LOCK_SYS_PAGE,1305,17,551
1787550819.799,2026-08-24 05:53:39.803,InnoDB,LOCK_SYS_PAGE,1311,17,624
1787550819.799,2026-08-24 05:53:39.803,InnoDB,UNDO_SPACE_RSEG,4166,17,1877
1787550819.799,2026-08-24 05:53:39.803,InnoDB,LOCK_SYS_PAGE,1309,17,624
1787550819.799,2026-08-24 05:53:39.803,InnoDB,LOCK_SYS_PAGE,1283,17,619
1787550819.799,2026-08-24 05:53:39.803,InnoDB,TRX_POOL,561,17,46
1787550819.799,2026-08-24 05:53:39.803,InnoDB,UNDO_SPACE_RSEG,4278,17,1897
1787550819.799,2026-08-24 05:53:39.803,InnoDB,LOCK_SYS_PAGE,1355,17,670
1787550819.799,2026-08-24 05:53:39.803,InnoDB,LOCK_SYS_PAGE,1226,17,535
1787550819.799,2026-08-24 05:53:39.803,InnoDB,UNDO_SPACE_RSEG,4182,17,1842
1787550819.799,2026-08-24 05:53:39.803,InnoDB,LOCK_SYS_PAGE,1275,17,574
1787550819.799,2026-08-24 05:53:39.803,InnoDB,LOCK_SYS_PAGE,1381,17,639
1787550819.799,2026-08-24 05:53:39.803,InnoDB,LOCK_SYS_PAGE,1235,17,610
1787550819.799,2026-08-24 05:53:39.803,InnoDB,LOCK_SYS_PAGE,1210,17,626
1787550819.799,2026-08-24 05:53:39.803,InnoDB,LOCK_SYS_PAGE,1191,17,526
1787550819.799,2026-08-24 05:53:39.803,InnoDB,UNDO_SPACE_RSEG,4254,17,1840
1787550819.799,2026-08-24 05:53:39.803,InnoDB,UNDO_SPACE_RSEG,4387,17,1875
1787550819.799,2026-08-24 05:53:39.803,InnoDB,LOCK_SYS_PAGE,1239,17,535
1787550819.799,2026-08-24 05:53:39.803,InnoDB,LOCK_SYS_PAGE,1185,17,541
1787550819.799,2026-08-24 05:53:39.803,InnoDB,LOCK_SYS_PAGE,1199,17,540
1787550819.799,2026-08-24 05:53:39.803,InnoDB,LOCK_SYS_PAGE,1188,17,597
1787550819.799,2026-08-24 05:53:39.803,InnoDB,LOCK_SYS_PAGE,1240,17,531
1787550819.799,2026-08-24 05:53:39.803,InnoDB,UNDO_SPACE_RSEG,4379,17,1932
1787550819.799,2026-08-24 05:53:39.803,InnoDB,LOCK_SYS_PAGE,1334,17,606
1787550819.799,2026-08-24 05:53:39.803,InnoDB,LOCK_SYS_PAGE,1189,17,587
1787550819.799,2026-08-24 05:53:39.803,InnoDB,LOCK_SYS_PAGE,1196,17,614
1787550819.799,2026-08-24 05:53:39.803,InnoDB,LOCK_SYS_PAGE,1306,17,529
1787550819.799,2026-08-24 05:53:39.803,InnoDB,LOCK_SYS_PAGE,1150,17,554
1787550819.799,2026-08-24 05:53:39.803,InnoDB,LOCK_SYS_PAGE,1339,17,558
1787550819.799,2026-08-24 05:53:39.803,InnoDB,LOCK_SYS_PAGE,1273,17,551
1787550819.799,2026-08-24 05:53:39.803,InnoDB,LOCK_SYS_PAGE,1273,17,582
1787550819.799,2026-08-24 05:53:39.803,InnoDB,LOCK_SYS_PAGE,1251,17,633
1787550819.799,2026-08-24 05:53:39.803,InnoDB,LOCK_SYS_PAGE,1222,17,598
1787550819.799,2026-08-24 05:53:39.803,InnoDB,LOCK_SYS_PAGE,1184,16,585
1787550819.799,2026-08-24 05:53:39.803,InnoDB,LOCK_SYS_PAGE,1277,16,605
1787550819.799,2026-08-24 05:53:39.803,InnoDB,UNDO_SPACE_RSEG,4351,16,1918
1787550819.799,2026-08-24 05:53:39.803,InnoDB,LOCK_SYS_PAGE,1280,16,631
1787550819.799,2026-08-24 05:53:39.803,InnoDB,UNDO_SPACE_RSEG,4164,16,1844
1787550819.799,2026-08-24 05:53:39.803,InnoDB,UNDO_SPACE_RSEG,4261,16,1902
1787550819.799,2026-08-24 05:53:39.803,InnoDB,LOCK_SYS_PAGE,1382,16,717
1787550819.799,2026-08-24 05:53:39.803,InnoDB,LOCK_SYS_PAGE,1204,16,612
1787550819.799,2026-08-24 05:53:39.803,InnoDB,LOCK_SYS_PAGE,1196,16,618
1787550819.799,2026-08-24 05:53:39.803,InnoDB,UNDO_SPACE_RSEG,4248,16,1853
1787550819.799,2026-08-24 05:53:39.803,InnoDB,UNDO_SPACE_RSEG,4009,16,1823
1787550819.799,2026-08-24 05:53:39.803,InnoDB,LOCK_SYS_PAGE,1104,16,508
1787550819.799,2026-08-24 05:53:39.803,InnoDB,UNDO_SPACE_RSEG,4221,16,1832
1787550819.799,2026-08-24 05:53:39.803,InnoDB,UNDO_SPACE_RSEG,4514,16,1930
1787550819.799,2026-08-24 05:53:39.803,InnoDB,LOCK_SYS_PAGE,1258,16,550
1787550819.799,2026-08-24 05:53:39.803,InnoDB,LOCK_SYS_PAGE,1129,16,577
1787550819.799,2026-08-24 05:53:39.803,InnoDB,LOCK_SYS_PAGE,1128,16,578
1787550819.799,2026-08-24 05:53:39.803,InnoDB,LOCK_SYS_PAGE,1176,16,532
1787550819.799,2026-08-24 05:53:39.803,InnoDB,LOCK_SYS_PAGE,1181,16,540
1787550819.799,2026-08-24 05:53:39.803,InnoDB,LOCK_SYS_PAGE,1099,16,497
1787550819.799,2026-08-24 05:53:39.803,InnoDB,LOCK_SYS_PAGE,1199,16,600
1787550819.799,2026-08-24 05:53:39.803,InnoDB,LOCK_SYS_PAGE,1171,16,557
1787550819.799,2026-08-24 05:53:39.803,InnoDB,LOCK_SYS_PAGE,1128,15,509
1787550819.799,2026-08-24 05:53:39.803,InnoDB,LOCK_SYS_PAGE,1047,15,497
1787550819.799,2026-08-24 05:53:39.803,InnoDB,LOCK_SYS_PAGE,1263,15,644
1787550819.799,2026-08-24 05:53:39.803,InnoDB,UNDO_SPACE_RSEG,4086,15,1815
1787550819.799,2026-08-24 05:53:39.803,InnoDB,LOCK_SYS_PAGE,1052,15,520
1787550819.799,2026-08-24 05:53:39.803,InnoDB,LOCK_SYS_PAGE,1249,15,599
1787550819.799,2026-08-24 05:53:39.803,InnoDB,LOCK_SYS_PAGE,1121,15,513
1787550819.799,2026-08-24 05:53:39.803,InnoDB,LOCK_SYS_PAGE,1124,15,539
1787550819.799,2026-08-24 05:53:39.803,InnoDB,LOCK_SYS_PAGE,1118,15,530
1787550819.799,2026-08-24 05:53:39.803,InnoDB,LOCK_SYS_PAGE,1155,15,564
1787550819.799,2026-08-24 05:53:39.803,InnoDB,LOCK_SYS_PAGE,1150,15,540
1787550819.799,2026-08-24 05:53:39.803,InnoDB,LOCK_SYS_PAGE,1144,15,542
1787550819.799,2026-08-24 05:53:39.803,InnoDB,LOCK_SYS_PAGE,1137,15,609
1787550819.799,2026-08-24 05:53:39.803,InnoDB,LOCK_SYS_PAGE,1124,15,536
1787550819.799,2026-08-24 05:53:39.803,InnoDB,UNDO_SPACE_RSEG,4155,15,1853
1787550819.799,2026-08-24 05:53:39.803,InnoDB,LOCK_SYS_PAGE,1189,15,530
1787550819.799,2026-08-24 05:53:39.803,InnoDB,LOCK_SYS_PAGE,1094,15,523
1787550819.799,2026-08-24 05:53:39.803,InnoDB,LOCK_SYS_PAGE,1167,14,534
1787550819.799,2026-08-24 05:53:39.803,InnoDB,LOCK_SYS_PAGE,1157,14,564
1787550819.799,2026-08-24 05:53:39.803,InnoDB,LOCK_SYS_PAGE,1152,14,513
1787550819.799,2026-08-24 05:53:39.803,InnoDB,LOCK_SYS_PAGE,1138,14,554
1787550819.799,2026-08-24 05:53:39.803,InnoDB,LOCK_SYS_PAGE,1128,14,533
1787550819.799,2026-08-24 05:53:39.803,InnoDB,LOCK_SYS_PAGE,1116,14,509
1787550819.799,2026-08-24 05:53:39.803,InnoDB,LOCK_SYS_PAGE,1131,14,577
1787550819.799,2026-08-24 05:53:39.803,InnoDB,LOCK_SYS_PAGE,1139,14,532
1787550819.799,2026-08-24 05:53:39.803,InnoDB,LOCK_SYS_PAGE,1147,14,527
1787550819.799,2026-08-24 05:53:39.803,InnoDB,LOCK_SYS_PAGE,1099,14,516
1787550819.799,2026-08-24 05:53:39.803,InnoDB,LOCK_SYS_PAGE,1122,14,561
1787550819.799,2026-08-24 05:53:39.803,InnoDB,LOCK_SYS_PAGE,1132,14,557
1787550819.799,2026-08-24 05:53:39.803,InnoDB,UNDO_SPACE_RSEG,4216,14,1917
1787550819.799,2026-08-24 05:53:39.803,InnoDB,LOCK_SYS_PAGE,1076,14,568
1787550819.799,2026-08-24 05:53:39.803,InnoDB,LOCK_SYS_PAGE,1225,14,598
1787550819.799,2026-08-24 05:53:39.803,InnoDB,LOCK_SYS_PAGE,1112,14,581
1787550819.799,2026-08-24 05:53:39.803,InnoDB,LOCK_SYS_PAGE,1195,14,619
1787550819.799,2026-08-24 05:53:39.803,InnoDB,LOCK_SYS_PAGE,1196,14,591
1787550819.799,2026-08-24 05:53:39.803,InnoDB,LOCK_SYS_PAGE,1089,14,551
1787550819.799,2026-08-24 05:53:39.803,InnoDB,LOCK_SYS_PAGE,1120,14,572
1787550819.799,2026-08-24 05:53:39.803,InnoDB,LOCK_SYS_PAGE,1152,13,615
1787550819.799,2026-08-24 05:53:39.803,InnoDB,LOCK_SYS_PAGE,1042,13,607
1787550819.799,2026-08-24 05:53:39.803,InnoDB,LOCK_SYS_PAGE,1110,13,608
1787550819.799,2026-08-24 05:53:39.803,InnoDB,LOCK_SYS_PAGE,1009,13,544
1787550819.799,2026-08-24 05:53:39.803,InnoDB,LOCK_SYS_PAGE,1170,13,629
1787550819.799,2026-08-24 05:53:39.803,InnoDB,LOCK_SYS_PAGE,1138,13,628
1787550819.799,2026-08-24 05:53:39.803,InnoDB,LOCK_SYS_PAGE,1079,13,591
1787550819.799,2026-08-24 05:53:39.803,InnoDB,LOCK_SYS_PAGE,1044,13,533
1787550819.799,2026-08-24 05:53:39.803,InnoDB,LOCK_SYS_PAGE,1141,13,595
1787550819.799,2026-08-24 05:53:39.803,InnoDB,LOCK_SYS_PAGE,1092,12,585
1787550819.799,2026-08-24 05:53:39.803,InnoDB,LOCK_SYS_PAGE,1064,12,610
1787550819.799,2026-08-24 05:53:39.803,InnoDB,LOCK_SYS_PAGE,1007,11,479
1787550819.799,2026-08-24 05:53:39.803,InnoDB,LOCK_SYS_PAGE,1132,11,639
1787550819.799,2026-08-24 05:53:39.803,InnoDB,UNDO_SPACE_RSEG,3941,11,1851
1787550819.799,2026-08-24 05:53:39.803,InnoDB,LOCK_SYS_PAGE,915,11,501
1787550819.799,2026-08-24 05:53:39.803,InnoDB,LOCK_SYS_PAGE,1169,11,624
1787550819.799,2026-08-24 05:53:39.803,InnoDB,LOCK_SYS_PAGE,1030,10,572
1787550819.799,2026-08-24 05:53:39.803,InnoDB,LOCK_SYS_PAGE,1241,10,672
1787550819.799,2026-08-24 05:53:39.803,InnoDB,LOCK_SYS_PAGE,868,8,518
1787550819.799,2026-08-24 05:53:39.803,InnoDB,LOCK_SYS_WAIT,197,6,7
1787550819.799,2026-08-24 05:53:39.803,InnoDB,PARSER,304,5,10
1787550819.799,2026-08-24 05:53:39.803,InnoDB,FIL_SHARD,280,5,141
1787550819.799,2026-08-24 05:53:39.803,InnoDB,FIL_SHARD,198,4,99
1787550819.799,2026-08-24 05:53:39.803,InnoDB,FIL_SHARD,290,4,168
1787550819.799,2026-08-24 05:53:39.803,InnoDB,FIL_SHARD,164,3,60
1787550819.799,2026-08-24 05:53:39.803,InnoDB,DICT_TABLE_STATS_COMPUTE,90,3,2
1787550819.799,2026-08-24 05:53:39.803,InnoDB,FIL_SHARD,113,2,62
1787550819.799,2026-08-24 05:53:39.803,InnoDB,FIL_SHARD,97,2,58
1787550819.799,2026-08-24 05:53:39.803,InnoDB,FIL_SHARD,102,2,36
1787550819.799,2026-08-24 05:53:39.803,InnoDB,TRX_SYS_SHARD,34,1,1
1787550819.799,2026-08-24 05:53:39.803,InnoDB,TRX_SYS_SHARD,30,1,1
1787550819.799,2026-08-24 05:53:39.803,InnoDB,TRX_SYS_SHARD,31,1,2
1787550819.799,2026-08-24 05:53:39.803,InnoDB,DICT_TABLE_STATS_COMPUTE,30,1,1
1787550819.799,2026-08-24 05:53:39.803,InnoDB,FIL_SHARD,79,1,64
1787550819.799,2026-08-24 05:53:39.803,InnoDB,TRX_SYS_SHARD,34,1,1
1787550819.799,2026-08-24 05:53:39.803,InnoDB,FIL_SHARD,87,1,69
1787550819.799,2026-08-24 05:53:39.803,InnoDB,TRX_SYS_SHARD,34,1,1
1787550819.799,2026-08-24 05:53:39.803,InnoDB,TRX_SYS_SHARD,34,1,1
1787550819.799,2026-08-24 05:53:39.803,InnoDB,TRX_SYS_SHARD,35,1,2
1787550819.799,2026-08-24 05:53:39.803,InnoDB,TRX_SYS_SHARD,34,1,1
1787550819.799,2026-08-24 05:53:39.803,InnoDB,FIL_SHARD,122,1,134
1787550819.799,2026-08-24 05:53:39.803,InnoDB,FIL_SHARD,108,1,78
1787550819.799,2026-08-24 05:53:39.803,InnoDB,TRX_SYS_SHARD,34,1,1
1787550819.799,2026-08-24 05:53:39.803,InnoDB,FIL_SHARD,94,1,108
1787550819.799,2026-08-24 05:53:39.803,InnoDB,FIL_SHARD,452,1,477
1787550819.799,2026-08-24 05:53:39.803,InnoDB,FIL_SHARD,195,1,205
1787550819.799,2026-08-24 05:53:39.803,InnoDB,TRX_SYS_SHARD,30,1,1
1787550819.799,2026-08-24 05:53:39.803,InnoDB,FIL_SHARD,57,1,32
1787550819.799,2026-08-24 05:53:39.803,InnoDB,FIL_SHARD,57,1,42
1787550819.799,2026-08-24 05:53:39.803,InnoDB,FIL_SHARD,65,1,52
1787550819.799,2026-08-24 05:53:39.803,InnoDB,FIL_SHARD,59,1,42
1787550819.799,2026-08-24 05:53:39.803,InnoDB,FIL_SHARD,91,1,69
1787550819.799,2026-08-24 05:53:39.803,InnoDB,FIL_SHARD,141,1,118
1787550819.799,2026-08-24 05:53:39.803,InnoDB,FIL_SHARD,44,1,26
1787550819.799,2026-08-24 05:53:39.803,InnoDB,FIL_SHARD,56,1,32
1787550819.799,2026-08-24 05:53:39.803,InnoDB,FIL_SHARD,14,0,33
1787550819.799,2026-08-24 05:53:39.803,InnoDB,TRX_SYS_SHARD,2,0,2
1787550819.799,2026-08-24 05:53:39.803,InnoDB,TRX_SYS_SHARD,2,0,1
1787550819.799,2026-08-24 05:53:39.803,InnoDB,TRX_SYS_SHARD,23,0,3
1787550819.799,2026-08-24 05:53:39.803,InnoDB,TRX_SYS_SHARD,1,0,1
1787550819.799,2026-08-24 05:53:39.803,InnoDB,FIL_SHARD,36,0,42
1787550819.799,2026-08-24 05:53:39.803,InnoDB,TRX_SYS_SHARD,2,0,1
1787550819.799,2026-08-24 05:53:39.803,InnoDB,TRX_SYS_SHARD,1,0,1
1787550819.799,2026-08-24 05:53:39.803,InnoDB,TRX_SYS_SHARD,2,0,2
1787550819.799,2026-08-24 05:53:39.803,InnoDB,TRX_SYS_SHARD,1,0,1
1787550819.799,2026-08-24 05:53:39.803,InnoDB,TRX_SYS_SHARD,1,0,1
1787550819.799,2026-08-24 05:53:39.803,InnoDB,TRX_SYS_SHARD,1,0,1
1787550819.799,2026-08-24 05:53:39.803,InnoDB,TRX_SYS_SHARD,6,0,4
1787550819.799,2026-08-24 05:53:39.803,InnoDB,TRX_SYS_SHARD,1,0,1
1787550819.799,2026-08-24 05:53:39.803,InnoDB,TRX_SYS_SHARD,1,0,2
1787550819.799,2026-08-24 05:53:39.803,InnoDB,TRX_SYS_SHARD,2,0,1
1787550819.799,2026-08-24 05:53:39.803,InnoDB,TRX_SYS_SHARD,1,0,1
1787550819.799,2026-08-24 05:53:39.803,InnoDB,TRX_SYS_SHARD,1,0,1
1787550819.799,2026-08-24 05:53:39.803,InnoDB,TRX_SYS_SHARD,1,0,1
1787550819.799,2026-08-24 05:53:39.803,InnoDB,TRX_SYS_SHARD,1,0,1
1787550819.799,2026-08-24 05:53:39.803,InnoDB,TRX_SYS_SHARD,1,0,1
1787550819.799,2026-08-24 05:53:39.803,InnoDB,TRX_SYS_SHARD,1,0,1
1787550819.799,2026-08-24 05:53:39.803,InnoDB,FIL_SHARD,45,0,32
1787550819.799,2026-08-24 05:53:39.803,InnoDB,TRX_SYS_SHARD,2,0,2
1787550819.799,2026-08-24 05:53:39.803,InnoDB,TRX_SYS_SHARD,1,0,1
1787550819.799,2026-08-24 05:53:39.803,InnoDB,TRX_SYS_SHARD,1,0,1
1787550819.799,2026-08-24 05:53:39.803,InnoDB,TRX_SYS_SHARD,4,0,3
1787550819.799,2026-08-24 05:53:39.803,InnoDB,TRX_SYS_SHARD,1,0,1
1787550819.799,2026-08-24 05:53:39.803,InnoDB,TRX_SYS_SHARD,2,0,1
1787550819.799,2026-08-24 05:53:39.803,InnoDB,FIL_SHARD,19,0,46
1787550819.799,2026-08-24 05:53:39.803,InnoDB,FIL_SHARD,48,0,68
1787550819.799,2026-08-24 05:53:39.803,InnoDB,FIL_SHARD,41,0,57
1787550819.799,2026-08-24 05:53:39.803,InnoDB,FIL_SHARD,23,0,29
1787550819.799,2026-08-24 05:53:39.803,InnoDB,FIL_SHARD,55,0,84
1787550819.799,2026-08-24 05:53:39.803,InnoDB,TRX_SYS_SHARD,1,0,1
1787550819.799,2026-08-24 05:53:39.803,InnoDB,TRX_SYS_SHARD,2,0,2
1787550819.799,2026-08-24 05:53:39.803,InnoDB,TRX_SYS_SHARD,2,0,1
1787550819.799,2026-08-24 05:53:39.803,InnoDB,TRX_SYS_SHARD,2,0,2
1787550819.799,2026-08-24 05:53:39.803,InnoDB,TRX_SYS_SHARD,2,0,1
1787550819.799,2026-08-24 05:53:39.803,InnoDB,FIL_SHARD,57,0,39
1787550819.799,2026-08-24 05:53:39.803,InnoDB,FIL_SHARD,41,0,54
1787550819.799,2026-08-24 05:53:39.803,InnoDB,TRX_SYS_SHARD,1,0,1
1787550819.799,2026-08-24 05:53:39.803,InnoDB,TRX_SYS_SHARD,1,0,1
1787550819.799,2026-08-24 05:53:39.803,InnoDB,AUTOINC,2,0,1
1787550819.799,2026-08-24 05:53:39.803,InnoDB,TRX_SYS_SHARD,2,0,1
1787550819.799,2026-08-24 05:53:39.803,InnoDB,TRX_SYS_SHARD,1,0,1
1787550819.799,2026-08-24 05:53:39.803,InnoDB,TRX_SYS_SHARD,1,0,1
1787550819.799,2026-08-24 05:53:39.803,InnoDB,TRX_SYS_SHARD,1,0,1
1787550819.799,2026-08-24 05:53:39.803,InnoDB,TRX_SYS_SHARD,1,0,1
1787550819.799,2026-08-24 05:53:39.803,InnoDB,TRX_SYS_SHARD,1,0,1
1787550819.799,2026-08-24 05:53:39.803,InnoDB,TRX_SYS_SHARD,2,0,1
1787550819.799,2026-08-24 05:53:39.803,InnoDB,TRX_SYS_SHARD,2,0,2
1787550819.799,2026-08-24 05:53:39.803,InnoDB,TRX_SYS_SHARD,1,0,1
1787550819.799,2026-08-24 05:53:39.803,InnoDB,TRX_SYS_SHARD,1,0,1
1787550819.799,2026-08-24 05:53:39.803,InnoDB,TRX_SYS_SHARD,2,0,2
1787550819.799,2026-08-24 05:53:39.803,InnoDB,TRX_SYS_SHARD,2,0,1
1787550819.799,2026-08-24 05:53:39.803,InnoDB,TRX_SYS_SHARD,2,0,2
1787550819.799,2026-08-24 05:53:39.803,InnoDB,TRX,1,0,1
1787550819.799,2026-08-24 05:53:39.803,InnoDB,FIL_SHARD,108,0,93
1787550819.799,2026-08-24 05:53:39.803,InnoDB,TRX_SYS_SHARD,1,0,1
1787550819.799,2026-08-24 05:53:39.803,InnoDB,TRX_SYS_SHARD,1,0,1
1787550819.799,2026-08-24 05:53:39.803,InnoDB,TRX_SYS_SHARD,1,0,1
1787550819.799,2026-08-24 05:53:39.803,InnoDB,TRX_SYS_SHARD,2,0,2
1787550819.799,2026-08-24 05:53:39.803,InnoDB,TRX_SYS_SHARD,2,0,1
1787550819.799,2026-08-24 05:53:39.803,InnoDB,TRX_SYS_SHARD,1,0,1
1787550819.799,2026-08-24 05:53:39.803,InnoDB,TRX_SYS_SHARD,2,0,1
1787550819.799,2026-08-24 05:53:39.803,InnoDB,TRX_SYS_SHARD,1,0,1
1787550819.799,2026-08-24 05:53:39.803,InnoDB,TRX_SYS_SHARD,1,0,1
1787550819.799,2026-08-24 05:53:39.803,InnoDB,TRX_SYS_SHARD,5,0,5
1787550819.799,2026-08-24 05:53:39.803,InnoDB,TRX_SYS_SHARD,1,0,1
1787550819.799,2026-08-24 05:53:39.803,InnoDB,TRX_SYS_SHARD,1,0,1
1787550819.799,2026-08-24 05:53:39.803,InnoDB,FIL_SHARD,184,0,212
1787550819.799,2026-08-24 05:53:39.803,InnoDB,TRX_SYS_SHARD,3,0,2
1787550819.799,2026-08-24 05:53:39.803,InnoDB,TRX,1,0,1
1787550819.799,2026-08-24 05:53:39.803,InnoDB,TRX_POOL_MANAGER,7,0,6
1787550819.799,2026-08-24 05:53:39.803,InnoDB,FIL_SHARD,31,0,41
1787550819.799,2026-08-24 05:53:39.803,InnoDB,FIL_SHARD,60,0,96
1787550819.799,2026-08-24 05:53:39.803,InnoDB,FIL_SHARD,35,0,44
1787550819.799,2026-08-24 05:53:39.803,InnoDB,FIL_SHARD,87,0,120
1787550819.799,2026-08-24 05:53:39.803,InnoDB,FIL_SHARD,143,0,152
1787550819.799,2026-08-24 05:53:39.803,InnoDB,FIL_SHARD,150,0,207
1787550819.799,2026-08-24 05:53:39.803,InnoDB,FIL_SHARD,41,0,60
1787550819.799,2026-08-24 05:53:39.803,InnoDB,FIL_SHARD,30,0,40
1787550819.799,2026-08-24 05:53:39.803,InnoDB,FIL_SHARD,13,0,29
1787550819.799,2026-08-24 05:53:39.803,InnoDB,FIL_SHARD,40,0,60
1787550819.799,2026-08-24 05:53:39.803,InnoDB,FIL_SHARD,72,0,105
1787550819.799,2026-08-24 05:53:39.803,InnoDB,FIL_SHARD,26,0,30
1787550819.799,2026-08-24 05:53:39.803,InnoDB,TRX_SYS_SHARD,2,0,2
1787550819.799,2026-08-24 05:53:39.803,InnoDB,TRX_SYS_SHARD,1,0,1
1787550819.799,2026-08-24 05:53:39.803,InnoDB,RECALC_POOL,6,0,10
1787550819.799,2026-08-24 05:53:39.803,InnoDB,TRX_SYS_SHARD,1,0,1
1787550819.799,2026-08-24 05:53:39.803,InnoDB,TRX_SYS_SHARD,1,0,1
1787550819.799,2026-08-24 05:53:39.803,InnoDB,TRX_SYS_SHARD,1,0,1
1787550819.799,2026-08-24 05:53:39.803,InnoDB,TRX_SYS_SHARD,3,0,2
1787550819.799,2026-08-24 05:53:39.803,InnoDB,TRX_SYS_SHARD,1,0,1
1787550819.799,2026-08-24 05:53:39.803,InnoDB,TRX_SYS_SHARD,2,0,2
1787550819.799,2026-08-24 05:53:39.803,InnoDB,TRX_SYS_SHARD,1,0,1
1787550819.799,2026-08-24 05:53:39.803,InnoDB,TRX_SYS_SHARD,1,0,1
1787550819.799,2026-08-24 05:53:39.803,InnoDB,TRX_SYS_SHARD,1,0,1
1787550819.799,2026-08-24 05:53:39.803,InnoDB,TRX_SYS_SHARD,2,0,2
1787550819.799,2026-08-24 05:53:39.803,InnoDB,TRX_SYS_SHARD,2,0,2
1787550819.799,2026-08-24 05:53:39.803,InnoDB,TRX_SYS_SHARD,1,0,1
1787550819.799,2026-08-24 05:53:39.803,InnoDB,TRX_SYS_SHARD,1,0,1
1787550819.799,2026-08-24 05:53:39.803,InnoDB,TRX_SYS_SHARD,1,0,1
1787550819.799,2026-08-24 05:53:39.803,InnoDB,TRX_SYS_SHARD,2,0,2
1787550819.799,2026-08-24 05:53:39.803,InnoDB,TRX_SYS_SHARD,1,0,1
1787550819.799,2026-08-24 05:53:39.803,InnoDB,TRX_SYS_SHARD,1,0,1
1787550819.799,2026-08-24 05:53:39.803,InnoDB,TRX_SYS_SHARD,2,0,2
1787550819.799,2026-08-24 05:53:39.803,InnoDB,TRX_SYS_SHARD,3,0,2
1787550819.799,2026-08-24 05:53:39.803,InnoDB,TRX_SYS_SHARD,1,0,1
1787550819.799,2026-08-24 05:53:39.803,InnoDB,TRX_SYS_SHARD,1,0,1
1787550819.799,2026-08-24 05:53:39.803,InnoDB,TRX_SYS_SHARD,1,0,1
1787550819.799,2026-08-24 05:53:39.803,InnoDB,TRX_SYS_SHARD,1,0,2
1787550819.799,2026-08-24 05:53:39.803,InnoDB,TRX_SYS_SHARD,2,0,2
1787550819.799,2026-08-24 05:53:39.803,InnoDB,rwlock: dict0dict.cc:2631,,25447,
1787550819.799,2026-08-24 05:53:39.803,InnoDB,rwlock: dict0dict.cc:2631,,24590,
1787550819.799,2026-08-24 05:53:39.803,InnoDB,rwlock: dict0dict.cc:2631,,24968,
1787550819.799,2026-08-24 05:53:39.803,InnoDB,rwlock: dict0dict.cc:2631,,25284,
1787550819.799,2026-08-24 05:53:39.803,InnoDB,rwlock: dict0dict.cc:2631,,24904,
1787550819.799,2026-08-24 05:53:39.803,InnoDB,rwlock: dict0dict.cc:2631,,25863,
1787550819.799,2026-08-24 05:53:39.803,InnoDB,rwlock: dict0dict.cc:2631,,25160,
1787550819.799,2026-08-24 05:53:39.803,InnoDB,rwlock: dict0dict.cc:2631,,25833,
1787550819.799,2026-08-24 05:53:39.803,InnoDB,rwlock: dict0dict.cc:2631,,25485,
1787550819.799,2026-08-24 05:53:39.803,InnoDB,rwlock: dict0dict.cc:2631,,25517,
1787550819.799,2026-08-24 05:53:39.803,InnoDB,rwlock: dict0dict.cc:2631,,25223,
1787550819.799,2026-08-24 05:53:39.803,InnoDB,rwlock: dict0dict.cc:2631,,25092,
1787550819.799,2026-08-24 05:53:39.803,InnoDB,rwlock: dict0dict.cc:2631,,25022,
1787550819.799,2026-08-24 05:53:39.803,InnoDB,rwlock: dict0dict.cc:2631,,25394,
1787550819.799,2026-08-24 05:53:39.803,InnoDB,rwlock: dict0dict.cc:2631,,24875,
1787550819.799,2026-08-24 05:53:39.803,InnoDB,rwlock: dict0dict.cc:2631,,25186,
1787550819.799,2026-08-24 05:53:39.803,InnoDB,rwlock: dict0dict.cc:2631,,25360,
1787550819.799,2026-08-24 05:53:39.803,InnoDB,rwlock: dict0dict.cc:2631,,24714,
1787550819.799,2026-08-24 05:53:39.803,InnoDB,rwlock: dict0dict.cc:2631,,24946,
1787550819.799,2026-08-24 05:53:39.803,InnoDB,rwlock: dict0dict.cc:2631,,24758,
1787550819.799,2026-08-24 05:53:39.803,InnoDB,rwlock: dict0dict.cc:2631,,3,
1787550819.799,2026-08-24 05:53:39.803,InnoDB,rwlock: dict0dict.cc:2631,,1,
1787550819.799,2026-08-24 05:53:39.803,InnoDB,rwlock: dict0dict.cc:2631,,2,
1787550819.799,2026-08-24 05:53:39.803,InnoDB,rwlock: dict0dict.cc:2631,,3,
1787550819.799,2026-08-24 05:53:39.803,InnoDB,rwlock: dict0dict.cc:2631,,1,
1787550819.799,2026-08-24 05:53:39.803,InnoDB,rwlock: dict0dict.cc:2631,,2,
1787550819.799,2026-08-24 05:53:39.803,InnoDB,rwlock: dict0dict.cc:2631,,1,
1787550819.799,2026-08-24 05:53:39.803,InnoDB,rwlock: dict0dict.cc:2631,,1,
1787550819.799,2026-08-24 05:53:39.803,InnoDB,rwlock: dict0dict.cc:2631,,2,
1787550819.799,2026-08-24 05:53:39.803,InnoDB,rwlock: dict0dict.cc:2631,,4,
1787550819.799,2026-08-24 05:53:39.803,InnoDB,rwlock: fil0fil.cc:10242,,1,
1787550819.799,2026-08-24 05:53:39.803,InnoDB,rwlock: dict0dict.cc:2631,,5,
1787550819.799,2026-08-24 05:53:39.803,InnoDB,rwlock: dict0dict.cc:2631,,1,
1787550819.799,2026-08-24 05:53:39.803,InnoDB,rwlock: dict0dict.cc:2631,,3,
1787550819.799,2026-08-24 05:53:39.803,InnoDB,rwlock: dict0dict.cc:2631,,2,
1787550819.799,2026-08-24 05:53:39.803,InnoDB,rwlock: dict0dict.cc:2631,,1,
1787550819.799,2026-08-24 05:53:39.803,InnoDB,rwlock: dict0dict.cc:2631,,1,
1787550819.799,2026-08-24 05:53:39.803,InnoDB,rwlock: dict0dict.cc:2631,,3,
1787550819.799,2026-08-24 05:53:39.803,InnoDB,rwlock: dict0dict.cc:2631,,4,
1787550819.799,2026-08-24 05:53:39.803,InnoDB,rwlock: dict0dict.cc:2631,,3,
1787550819.799,2026-08-24 05:53:39.803,InnoDB,rwlock: trx0purge.cc:232,,6,
1787550819.799,2026-08-24 05:53:39.803,InnoDB,rwlock: fil0fil.cc:10242,,5997,
1787550819.799,2026-08-24 05:53:39.803,InnoDB,rwlock: fil0fil.cc:10242,,6436,
1787550819.799,2026-08-24 05:53:39.803,InnoDB,rwlock: dict0dict.cc:1180,,15,
1787550819.799,2026-08-24 05:53:39.803,InnoDB,rwlock: hash0hash.cc:117,,1096,
1787550819.799,2026-08-24 05:53:39.803,InnoDB,rwlock: hash0hash.cc:117,,1091,
1787550819.799,2026-08-24 05:53:39.803,InnoDB,rwlock: hash0hash.cc:117,,1237,
1787550819.799,2026-08-24 05:53:39.803,InnoDB,rwlock: hash0hash.cc:117,,916,
1787550819.799,2026-08-24 05:53:39.803,InnoDB,rwlock: hash0hash.cc:117,,2191,
1787550819.799,2026-08-24 05:53:39.803,InnoDB,rwlock: hash0hash.cc:117,,2665,
1787550819.799,2026-08-24 05:53:39.803,InnoDB,rwlock: hash0hash.cc:117,,927,
1787550819.799,2026-08-24 05:53:39.803,InnoDB,rwlock: hash0hash.cc:117,,2433,
1787550819.799,2026-08-24 05:53:39.803,InnoDB,rwlock: hash0hash.cc:117,,938,
1787550819.799,2026-08-24 05:53:39.803,InnoDB,rwlock: hash0hash.cc:117,,1107,
1787550819.799,2026-08-24 05:53:39.803,InnoDB,rwlock: hash0hash.cc:117,,681,
1787550819.799,2026-08-24 05:53:39.803,InnoDB,rwlock: hash0hash.cc:117,,641,
1787550819.799,2026-08-24 05:53:39.803,InnoDB,rwlock: hash0hash.cc:117,,828,
1787550819.799,2026-08-24 05:53:39.803,InnoDB,rwlock: hash0hash.cc:117,,1767,
1787550819.799,2026-08-24 05:53:39.803,InnoDB,rwlock: hash0hash.cc:117,,940,
1787550819.799,2026-08-24 05:53:39.803,InnoDB,rwlock: hash0hash.cc:117,,693,
1787550819.799,2026-08-24 05:53:39.803,InnoDB,rwlock: hash0hash.cc:117,,896,
1787550819.799,2026-08-24 05:53:39.803,InnoDB,rwlock: hash0hash.cc:117,,1084,
1787550819.799,2026-08-24 05:53:39.803,InnoDB,rwlock: hash0hash.cc:117,,1536,
1787550819.799,2026-08-24 05:53:39.803,InnoDB,rwlock: hash0hash.cc:117,,825,
1787550819.799,2026-08-24 05:53:39.803,InnoDB,rwlock: hash0hash.cc:117,,885,
1787550819.799,2026-08-24 05:53:39.803,InnoDB,rwlock: hash0hash.cc:117,,912,
1787550819.799,2026-08-24 05:53:39.803,InnoDB,rwlock: hash0hash.cc:117,,2513,
1787550819.799,2026-08-24 05:53:39.803,InnoDB,rwlock: hash0hash.cc:117,,977,
1787550819.799,2026-08-24 05:53:39.803,InnoDB,rwlock: hash0hash.cc:117,,841,
1787550819.799,2026-08-24 05:53:39.803,InnoDB,rwlock: hash0hash.cc:117,,799,
1787550819.799,2026-08-24 05:53:39.803,InnoDB,rwlock: hash0hash.cc:117,,2399,
1787550819.799,2026-08-24 05:53:39.803,InnoDB,rwlock: hash0hash.cc:117,,979,
1787550819.799,2026-08-24 05:53:39.803,InnoDB,rwlock: hash0hash.cc:117,,1005,
1787550819.799,2026-08-24 05:53:39.803,InnoDB,rwlock: hash0hash.cc:117,,1000,
1787550819.799,2026-08-24 05:53:39.803,InnoDB,rwlock: hash0hash.cc:117,,1424,
1787550819.799,2026-08-24 05:53:39.803,InnoDB,rwlock: hash0hash.cc:117,,2382,
1787550819.799,2026-08-24 05:53:39.803,InnoDB,rwlock: hash0hash.cc:117,,579,
1787550819.799,2026-08-24 05:53:39.803,InnoDB,rwlock: hash0hash.cc:117,,750,
1787550819.799,2026-08-24 05:53:39.803,InnoDB,rwlock: hash0hash.cc:117,,777,
1787550819.799,2026-08-24 05:53:39.803,InnoDB,rwlock: hash0hash.cc:117,,956,
1787550819.799,2026-08-24 05:53:39.803,InnoDB,rwlock: hash0hash.cc:117,,661,
1787550819.799,2026-08-24 05:53:39.803,InnoDB,rwlock: hash0hash.cc:117,,585,
1787550819.799,2026-08-24 05:53:39.803,InnoDB,rwlock: hash0hash.cc:117,,694,
1787550819.799,2026-08-24 05:53:39.803,InnoDB,rwlock: hash0hash.cc:117,,1456,
1787550819.799,2026-08-24 05:53:39.803,InnoDB,rwlock: hash0hash.cc:117,,844,
1787550819.799,2026-08-24 05:53:39.803,InnoDB,rwlock: hash0hash.cc:117,,1618,
1787550819.799,2026-08-24 05:53:39.803,InnoDB,rwlock: hash0hash.cc:117,,1415,
1787550819.799,2026-08-24 05:53:39.803,InnoDB,rwlock: hash0hash.cc:117,,1004,
1787550819.799,2026-08-24 05:53:39.803,InnoDB,rwlock: hash0hash.cc:117,,2539,
1787550819.799,2026-08-24 05:53:39.803,InnoDB,rwlock: hash0hash.cc:117,,699,
1787550819.799,2026-08-24 05:53:39.803,InnoDB,rwlock: hash0hash.cc:117,,657,
1787550819.799,2026-08-24 05:53:39.803,InnoDB,rwlock: hash0hash.cc:117,,2067,
1787550819.799,2026-08-24 05:53:39.803,InnoDB,rwlock: hash0hash.cc:117,,921,
1787550819.799,2026-08-24 05:53:39.803,InnoDB,rwlock: hash0hash.cc:117,,807,
1787550819.799,2026-08-24 05:53:39.803,InnoDB,rwlock: hash0hash.cc:117,,596,
1787550819.799,2026-08-24 05:53:39.803,InnoDB,rwlock: hash0hash.cc:117,,684,
1787550819.799,2026-08-24 05:53:39.803,InnoDB,rwlock: hash0hash.cc:117,,3256,
1787550819.799,2026-08-24 05:53:39.803,InnoDB,rwlock: hash0hash.cc:117,,1627,
1787550819.799,2026-08-24 05:53:39.803,InnoDB,rwlock: hash0hash.cc:117,,854,
1787550819.799,2026-08-24 05:53:39.803,InnoDB,rwlock: hash0hash.cc:117,,838,
1787550819.799,2026-08-24 05:53:39.803,InnoDB,rwlock: hash0hash.cc:117,,1938,
1787550819.799,2026-08-24 05:53:39.803,InnoDB,rwlock: hash0hash.cc:117,,772,
1787550819.799,2026-08-24 05:53:39.803,InnoDB,rwlock: hash0hash.cc:117,,832,
1787550819.799,2026-08-24 05:53:39.803,InnoDB,rwlock: hash0hash.cc:117,,666,
1787550819.799,2026-08-24 05:53:39.803,InnoDB,rwlock: hash0hash.cc:117,,1082,
1787550819.799,2026-08-24 05:53:39.803,InnoDB,rwlock: hash0hash.cc:117,,636,
1787550819.799,2026-08-24 05:53:39.803,InnoDB,rwlock: hash0hash.cc:117,,890,
1787550819.799,2026-08-24 05:53:39.803,InnoDB,rwlock: hash0hash.cc:117,,714,
1787550819.799,2026-08-24 05:53:39.803,InnoDB,rwlock: hash0hash.cc:117,,803,
1787550819.799,2026-08-24 05:53:39.803,InnoDB,rwlock: hash0hash.cc:117,,690,
1787550819.799,2026-08-24 05:53:39.803,InnoDB,rwlock: hash0hash.cc:117,,2048,
1787550819.799,2026-08-24 05:53:39.803,InnoDB,rwlock: hash0hash.cc:117,,636,
1787550819.799,2026-08-24 05:53:39.803,InnoDB,rwlock: hash0hash.cc:117,,798,
1787550819.799,2026-08-24 05:53:39.803,InnoDB,rwlock: hash0hash.cc:117,,550,
1787550819.799,2026-08-24 05:53:39.803,InnoDB,rwlock: hash0hash.cc:117,,867,
1787550819.799,2026-08-24 05:53:39.803,InnoDB,rwlock: hash0hash.cc:117,,716,
1787550819.799,2026-08-24 05:53:39.803,InnoDB,rwlock: hash0hash.cc:117,,820,
1787550819.799,2026-08-24 05:53:39.803,InnoDB,rwlock: hash0hash.cc:117,,1833,
1787550819.799,2026-08-24 05:53:39.803,InnoDB,rwlock: hash0hash.cc:117,,851,
1787550819.799,2026-08-24 05:53:39.803,InnoDB,rwlock: hash0hash.cc:117,,890,
1787550819.799,2026-08-24 05:53:39.803,InnoDB,rwlock: hash0hash.cc:117,,856,
1787550819.799,2026-08-24 05:53:39.803,InnoDB,rwlock: hash0hash.cc:117,,3349,
1787550819.799,2026-08-24 05:53:39.803,InnoDB,rwlock: hash0hash.cc:117,,1274,
1787550819.799,2026-08-24 05:53:39.803,InnoDB,rwlock: hash0hash.cc:117,,767,
1787550819.799,2026-08-24 05:53:39.803,InnoDB,rwlock: hash0hash.cc:117,,882,
1787550819.799,2026-08-24 05:53:39.803,InnoDB,rwlock: hash0hash.cc:117,,585,
1787550819.799,2026-08-24 05:53:39.803,InnoDB,rwlock: hash0hash.cc:117,,633,
1787550819.799,2026-08-24 05:53:39.803,InnoDB,rwlock: hash0hash.cc:117,,859,
1787550819.799,2026-08-24 05:53:39.803,InnoDB,rwlock: hash0hash.cc:117,,1461,
1787550819.799,2026-08-24 05:53:39.803,InnoDB,rwlock: hash0hash.cc:117,,2411,
1787550819.799,2026-08-24 05:53:39.803,InnoDB,rwlock: hash0hash.cc:117,,1654,
1787550819.799,2026-08-24 05:53:39.803,InnoDB,rwlock: hash0hash.cc:117,,1084,
1787550819.799,2026-08-24 05:53:39.803,InnoDB,rwlock: hash0hash.cc:117,,683,
1787550819.799,2026-08-24 05:53:39.803,InnoDB,rwlock: hash0hash.cc:117,,2405,
1787550819.799,2026-08-24 05:53:39.803,InnoDB,rwlock: hash0hash.cc:117,,778,
1787550819.799,2026-08-24 05:53:39.803,InnoDB,rwlock: hash0hash.cc:117,,836,
1787550819.799,2026-08-24 05:53:39.803,InnoDB,rwlock: hash0hash.cc:117,,2579,
1787550819.799,2026-08-24 05:53:39.803,InnoDB,rwlock: hash0hash.cc:117,,682,
1787550819.799,2026-08-24 05:53:39.803,InnoDB,rwlock: hash0hash.cc:117,,773,
1787550819.799,2026-08-24 05:53:39.803,InnoDB,rwlock: hash0hash.cc:117,,811,
1787550819.799,2026-08-24 05:53:39.803,InnoDB,rwlock: hash0hash.cc:117,,713,
1787550819.799,2026-08-24 05:53:39.803,InnoDB,rwlock: hash0hash.cc:117,,741,
1787550819.799,2026-08-24 05:53:39.803,InnoDB,rwlock: hash0hash.cc:117,,784,
1787550819.799,2026-08-24 05:53:39.803,InnoDB,rwlock: hash0hash.cc:117,,579,
1787550819.799,2026-08-24 05:53:39.803,InnoDB,rwlock: hash0hash.cc:117,,770,
1787550819.799,2026-08-24 05:53:39.803,InnoDB,rwlock: hash0hash.cc:117,,1131,
1787550819.799,2026-08-24 05:53:39.803,InnoDB,rwlock: hash0hash.cc:117,,726,
1787550819.799,2026-08-24 05:53:39.803,InnoDB,rwlock: hash0hash.cc:117,,625,
1787550819.799,2026-08-24 05:53:39.803,InnoDB,rwlock: hash0hash.cc:117,,1247,
1787550819.799,2026-08-24 05:53:39.803,InnoDB,rwlock: hash0hash.cc:117,,893,
1787550819.799,2026-08-24 05:53:39.803,InnoDB,rwlock: hash0hash.cc:117,,859,
1787550819.799,2026-08-24 05:53:39.803,InnoDB,rwlock: hash0hash.cc:117,,809,
1787550819.799,2026-08-24 05:53:39.803,InnoDB,rwlock: hash0hash.cc:117,,2006,
1787550819.799,2026-08-24 05:53:39.803,InnoDB,rwlock: hash0hash.cc:117,,721,
1787550819.799,2026-08-24 05:53:39.803,InnoDB,rwlock: hash0hash.cc:117,,2786,
1787550819.799,2026-08-24 05:53:39.803,InnoDB,rwlock: hash0hash.cc:117,,545,
1787550819.799,2026-08-24 05:53:39.803,InnoDB,rwlock: hash0hash.cc:117,,2946,
1787550819.799,2026-08-24 05:53:39.803,InnoDB,rwlock: hash0hash.cc:117,,831,
1787550819.799,2026-08-24 05:53:39.803,InnoDB,rwlock: hash0hash.cc:117,,1030,
1787550819.799,2026-08-24 05:53:39.803,InnoDB,rwlock: hash0hash.cc:117,,932,
1787550819.799,2026-08-24 05:53:39.803,InnoDB,rwlock: hash0hash.cc:117,,714,
1787550819.799,2026-08-24 05:53:39.803,InnoDB,rwlock: hash0hash.cc:117,,939,
1787550819.799,2026-08-24 05:53:39.803,InnoDB,rwlock: hash0hash.cc:117,,1230,
1787550819.799,2026-08-24 05:53:39.803,InnoDB,rwlock: hash0hash.cc:117,,1082,
1787550819.799,2026-08-24 05:53:39.803,InnoDB,rwlock: hash0hash.cc:117,,778,
1787550819.799,2026-08-24 05:53:39.803,InnoDB,rwlock: hash0hash.cc:117,,920,
1787550819.799,2026-08-24 05:53:39.803,InnoDB,rwlock: hash0hash.cc:117,,1905,
1787550819.799,2026-08-24 05:53:39.803,InnoDB,rwlock: hash0hash.cc:117,,2031,
1787550819.799,2026-08-24 05:53:39.803,InnoDB,rwlock: hash0hash.cc:117,,985,
1787550819.799,2026-08-24 05:53:39.803,InnoDB,rwlock: hash0hash.cc:117,,2640,
1787550819.799,2026-08-24 05:53:39.803,InnoDB,rwlock: hash0hash.cc:117,,2623,
1787550819.799,2026-08-24 05:53:39.803,InnoDB,rwlock: hash0hash.cc:117,,1077,
1787550819.799,2026-08-24 05:53:39.803,InnoDB,sum rwlock: buf0buf.cc:852,,222843,
