timestamp_unix,timestamp_human,type,name,spins,waits,calls
1787565876.553,2026-08-24 10:04:36.555,InnoDB,BUF_POOL_LRU_LIST,570504435,1044451939,360424747
1787565876.553,2026-08-24 10:04:36.555,InnoDB,LOG_WRITER,3988455,132872,571
1787565876.553,2026-08-24 10:04:36.555,InnoDB,FLUSH_LIST,3013166,37162,1797135
1787565876.553,2026-08-24 10:04:36.555,InnoDB,BUF_BLOCK_MUTEX,1272590,21613,151784
1787565876.553,2026-08-24 10:04:36.555,InnoDB,BUF_POOL_FLUSH_STATE,9854570,10243,5275348
1787565876.553,2026-08-24 10:04:36.555,InnoDB,TRX_SYS,640088,6941,365600
1787565876.553,2026-08-24 10:04:36.555,InnoDB,TRX_SYS_SERIALISATION,124375,2747,36833
1787565876.553,2026-08-24 10:04:36.555,InnoDB,BUF_POOL_FREE_LIST,14112430,2197,13612790
1787565876.553,2026-08-24 10:04:36.555,InnoDB,UNDO_SPACE_RSEG,26456,864,188
1787565876.553,2026-08-24 10:04:36.555,InnoDB,PURGE_SYS_PQ,49466,788,22060
1787565876.553,2026-08-24 10:04:36.555,InnoDB,UNDO_SPACE_RSEG,21248,695,168
1787565876.553,2026-08-24 10:04:36.555,InnoDB,UNDO_SPACE_RSEG,19499,638,133
1787565876.553,2026-08-24 10:04:36.555,InnoDB,UNDO_SPACE_RSEG,17192,563,128
1787565876.553,2026-08-24 10:04:36.555,InnoDB,UNDO_SPACE_RSEG,16853,550,156
1787565876.553,2026-08-24 10:04:36.555,InnoDB,UNDO_SPACE_RSEG,16172,528,125
1787565876.553,2026-08-24 10:04:36.555,InnoDB,UNDO_SPACE_RSEG,15750,510,139
1787565876.553,2026-08-24 10:04:36.555,InnoDB,UNDO_SPACE_RSEG,15037,494,136
1787565876.553,2026-08-24 10:04:36.555,InnoDB,UNDO_SPACE_RSEG,14899,485,148
1787565876.553,2026-08-24 10:04:36.555,InnoDB,UNDO_SPACE_RSEG,14407,474,121
1787565876.553,2026-08-24 10:04:36.555,InnoDB,UNDO_SPACE_RSEG,14025,460,123
1787565876.553,2026-08-24 10:04:36.555,InnoDB,UNDO_SPACE_RSEG,13276,436,98
1787565876.553,2026-08-24 10:04:36.555,InnoDB,UNDO_SPACE_RSEG,13315,435,117
1787565876.553,2026-08-24 10:04:36.555,InnoDB,UNDO_SPACE_RSEG,13094,427,119
1787565876.553,2026-08-24 10:04:36.555,InnoDB,UNDO_SPACE_RSEG,12386,401,120
1787565876.553,2026-08-24 10:04:36.555,InnoDB,UNDO_SPACE_RSEG,12447,399,138
1787565876.553,2026-08-24 10:04:36.555,InnoDB,UNDO_SPACE_RSEG,12030,393,131
1787565876.553,2026-08-24 10:04:36.555,InnoDB,UNDO_SPACE_RSEG,11917,386,126
1787565876.553,2026-08-24 10:04:36.555,InnoDB,UNDO_SPACE_RSEG,11756,381,121
1787565876.553,2026-08-24 10:04:36.555,InnoDB,UNDO_SPACE_RSEG,11407,373,115
1787565876.553,2026-08-24 10:04:36.555,InnoDB,UNDO_SPACE_RSEG,11186,362,111
1787565876.553,2026-08-24 10:04:36.555,InnoDB,UNDO_SPACE_RSEG,11111,362,117
1787565876.553,2026-08-24 10:04:36.555,InnoDB,UNDO_SPACE_RSEG,10808,352,101
1787565876.553,2026-08-24 10:04:36.555,InnoDB,UNDO_SPACE_RSEG,10738,350,99
1787565876.553,2026-08-24 10:04:36.555,InnoDB,UNDO_SPACE_RSEG,10703,347,139
1787565876.553,2026-08-24 10:04:36.555,InnoDB,DICT_PERSIST_DIRTY_TABLES,638213,336,253934
1787565876.553,2026-08-24 10:04:36.555,InnoDB,UNDO_SPACE_RSEG,10337,336,105
1787565876.553,2026-08-24 10:04:36.555,InnoDB,UNDO_SPACE_RSEG,10455,334,124
1787565876.553,2026-08-24 10:04:36.555,InnoDB,UNDO_SPACE_RSEG,10075,324,144
1787565876.553,2026-08-24 10:04:36.555,InnoDB,UNDO_SPACE_RSEG,9779,318,121
1787565876.553,2026-08-24 10:04:36.555,InnoDB,UNDO_SPACE_RSEG,9496,313,81
1787565876.553,2026-08-24 10:04:36.555,InnoDB,UNDO_SPACE_RSEG,9522,308,112
1787565876.553,2026-08-24 10:04:36.555,InnoDB,UNDO_SPACE_RSEG,9366,306,101
1787565876.553,2026-08-24 10:04:36.555,InnoDB,UNDO_SPACE_RSEG,9358,305,109
1787565876.553,2026-08-24 10:04:36.555,InnoDB,UNDO_SPACE_RSEG,9195,296,105
1787565876.553,2026-08-24 10:04:36.555,InnoDB,UNDO_SPACE_RSEG,8837,287,117
1787565876.553,2026-08-24 10:04:36.555,InnoDB,UNDO_SPACE_RSEG,8604,283,102
1787565876.553,2026-08-24 10:04:36.555,InnoDB,UNDO_SPACE_RSEG,8754,283,100
1787565876.553,2026-08-24 10:04:36.555,InnoDB,UNDO_SPACE_RSEG,8614,282,121
1787565876.553,2026-08-24 10:04:36.555,InnoDB,UNDO_SPACE_RSEG,8492,278,86
1787565876.553,2026-08-24 10:04:36.555,InnoDB,UNDO_SPACE_RSEG,8355,275,99
1787565876.553,2026-08-24 10:04:36.555,InnoDB,UNDO_SPACE_RSEG,8517,275,112
1787565876.553,2026-08-24 10:04:36.555,InnoDB,UNDO_SPACE_RSEG,8174,265,118
1787565876.553,2026-08-24 10:04:36.555,InnoDB,UNDO_SPACE_RSEG,8124,262,124
1787565876.553,2026-08-24 10:04:36.555,InnoDB,UNDO_SPACE_RSEG,8074,261,92
1787565876.553,2026-08-24 10:04:36.555,InnoDB,UNDO_SPACE_RSEG,7904,258,100
1787565876.553,2026-08-24 10:04:36.555,InnoDB,UNDO_SPACE_RSEG,7982,258,99
1787565876.553,2026-08-24 10:04:36.555,InnoDB,UNDO_SPACE_RSEG,8070,258,125
1787565876.553,2026-08-24 10:04:36.555,InnoDB,UNDO_SPACE_RSEG,7787,253,116
1787565876.553,2026-08-24 10:04:36.555,InnoDB,UNDO_SPACE_RSEG,7793,251,117
1787565876.553,2026-08-24 10:04:36.555,InnoDB,UNDO_SPACE_RSEG,7733,250,101
1787565876.553,2026-08-24 10:04:36.555,InnoDB,UNDO_SPACE_RSEG,7622,249,109
1787565876.553,2026-08-24 10:04:36.555,InnoDB,UNDO_SPACE_RSEG,7581,247,102
1787565876.553,2026-08-24 10:04:36.555,InnoDB,UNDO_SPACE_RSEG,7491,241,113
1787565876.553,2026-08-24 10:04:36.555,InnoDB,UNDO_SPACE_RSEG,7415,240,86
1787565876.553,2026-08-24 10:04:36.555,InnoDB,UNDO_SPACE_RSEG,7324,239,90
1787565876.553,2026-08-24 10:04:36.555,InnoDB,UNDO_SPACE_RSEG,7413,237,121
1787565876.553,2026-08-24 10:04:36.555,InnoDB,UNDO_SPACE_RSEG,7323,236,124
1787565876.553,2026-08-24 10:04:36.555,InnoDB,UNDO_SPACE_RSEG,7268,235,84
1787565876.553,2026-08-24 10:04:36.555,InnoDB,UNDO_SPACE_RSEG,7434,234,134
1787565876.553,2026-08-24 10:04:36.555,InnoDB,UNDO_SPACE_RSEG,7216,232,95
1787565876.553,2026-08-24 10:04:36.555,InnoDB,UNDO_SPACE_RSEG,7075,231,84
1787565876.553,2026-08-24 10:04:36.555,InnoDB,UNDO_SPACE_RSEG,7074,231,112
1787565876.553,2026-08-24 10:04:36.555,InnoDB,UNDO_SPACE_RSEG,7073,228,108
1787565876.553,2026-08-24 10:04:36.555,InnoDB,UNDO_SPACE_RSEG,6944,227,113
1787565876.553,2026-08-24 10:04:36.555,InnoDB,UNDO_SPACE_RSEG,6982,224,113
1787565876.553,2026-08-24 10:04:36.555,InnoDB,UNDO_SPACE_RSEG,6907,222,101
1787565876.553,2026-08-24 10:04:36.555,InnoDB,UNDO_SPACE_RSEG,6890,221,114
1787565876.553,2026-08-24 10:04:36.555,InnoDB,UNDO_SPACE_RSEG,6590,216,78
1787565876.553,2026-08-24 10:04:36.555,InnoDB,UNDO_SPACE_RSEG,6629,216,95
1787565876.553,2026-08-24 10:04:36.555,InnoDB,UNDO_SPACE_RSEG,6607,214,91
1787565876.553,2026-08-24 10:04:36.555,InnoDB,UNDO_SPACE_RSEG,6592,214,113
1787565876.553,2026-08-24 10:04:36.555,InnoDB,UNDO_SPACE_RSEG,6618,213,91
1787565876.553,2026-08-24 10:04:36.555,InnoDB,UNDO_SPACE_RSEG,6395,209,112
1787565876.553,2026-08-24 10:04:36.555,InnoDB,UNDO_SPACE_RSEG,6586,209,114
1787565876.553,2026-08-24 10:04:36.555,InnoDB,UNDO_SPACE_RSEG,6338,208,90
1787565876.553,2026-08-24 10:04:36.555,InnoDB,UNDO_SPACE_RSEG,6338,204,107
1787565876.553,2026-08-24 10:04:36.555,InnoDB,UNDO_SPACE_RSEG,6209,202,80
1787565876.553,2026-08-24 10:04:36.555,InnoDB,UNDO_SPACE_RSEG,6350,202,73
1787565876.553,2026-08-24 10:04:36.555,InnoDB,UNDO_SPACE_RSEG,6231,202,102
1787565876.553,2026-08-24 10:04:36.555,InnoDB,UNDO_SPACE_RSEG,6373,201,103
1787565876.553,2026-08-24 10:04:36.555,InnoDB,UNDO_SPACE_RSEG,6174,201,95
1787565876.553,2026-08-24 10:04:36.555,InnoDB,UNDO_SPACE_RSEG,6129,201,104
1787565876.553,2026-08-24 10:04:36.555,InnoDB,UNDO_SPACE_RSEG,6162,201,99
1787565876.553,2026-08-24 10:04:36.555,InnoDB,UNDO_SPACE_RSEG,6224,201,87
1787565876.553,2026-08-24 10:04:36.555,InnoDB,UNDO_SPACE_RSEG,6201,199,109
1787565876.553,2026-08-24 10:04:36.555,InnoDB,UNDO_SPACE_RSEG,6055,197,114
1787565876.553,2026-08-24 10:04:36.555,InnoDB,UNDO_SPACE_RSEG,6162,197,89
1787565876.553,2026-08-24 10:04:36.555,InnoDB,UNDO_SPACE_RSEG,5937,194,80
1787565876.553,2026-08-24 10:04:36.555,InnoDB,UNDO_SPACE_RSEG,6023,193,93
1787565876.553,2026-08-24 10:04:36.555,InnoDB,UNDO_SPACE_RSEG,5966,192,87
1787565876.553,2026-08-24 10:04:36.555,InnoDB,UNDO_SPACE_RSEG,5973,191,86
1787565876.553,2026-08-24 10:04:36.555,InnoDB,UNDO_SPACE_RSEG,5919,189,112
1787565876.553,2026-08-24 10:04:36.555,InnoDB,UNDO_SPACE_RSEG,5776,187,106
1787565876.553,2026-08-24 10:04:36.555,InnoDB,UNDO_SPACE_RSEG,5752,187,99
1787565876.553,2026-08-24 10:04:36.555,InnoDB,UNDO_SPACE_RSEG,5780,185,88
1787565876.553,2026-08-24 10:04:36.555,InnoDB,UNDO_SPACE_RSEG,5723,183,90
1787565876.553,2026-08-24 10:04:36.555,InnoDB,UNDO_SPACE_RSEG,5637,182,107
1787565876.553,2026-08-24 10:04:36.555,InnoDB,UNDO_SPACE_RSEG,5546,182,69
1787565876.553,2026-08-24 10:04:36.555,InnoDB,UNDO_SPACE_RSEG,5692,179,112
1787565876.553,2026-08-24 10:04:36.555,InnoDB,UNDO_SPACE_RSEG,5508,178,81
1787565876.553,2026-08-24 10:04:36.555,InnoDB,UNDO_SPACE_RSEG,5465,176,105
1787565876.553,2026-08-24 10:04:36.555,InnoDB,UNDO_SPACE_RSEG,5485,175,111
1787565876.553,2026-08-24 10:04:36.555,InnoDB,UNDO_SPACE_RSEG,5270,173,87
1787565876.553,2026-08-24 10:04:36.555,InnoDB,UNDO_SPACE_RSEG,5372,173,124
1787565876.553,2026-08-24 10:04:36.555,InnoDB,UNDO_SPACE_RSEG,5289,172,76
1787565876.553,2026-08-24 10:04:36.555,InnoDB,UNDO_SPACE_RSEG,5385,172,98
1787565876.553,2026-08-24 10:04:36.555,InnoDB,UNDO_SPACE_RSEG,5456,172,109
1787565876.553,2026-08-24 10:04:36.555,InnoDB,UNDO_SPACE_RSEG,5324,171,79
1787565876.553,2026-08-24 10:04:36.555,InnoDB,UNDO_SPACE_RSEG,5256,171,103
1787565876.553,2026-08-24 10:04:36.555,InnoDB,UNDO_SPACE_RSEG,5414,171,126
1787565876.553,2026-08-24 10:04:36.555,InnoDB,UNDO_SPACE_RSEG,5262,170,81
1787565876.553,2026-08-24 10:04:36.555,InnoDB,UNDO_SPACE_RSEG,5189,169,91
1787565876.553,2026-08-24 10:04:36.555,InnoDB,UNDO_SPACE_RSEG,5240,168,106
1787565876.553,2026-08-24 10:04:36.555,InnoDB,SRV_SYS,304918,167,190209
1787565876.553,2026-08-24 10:04:36.555,InnoDB,UNDO_SPACE_RSEG,5230,167,86
1787565876.553,2026-08-24 10:04:36.555,InnoDB,UNDO_SPACE_RSEG,5174,167,89
1787565876.553,2026-08-24 10:04:36.555,InnoDB,UNDO_SPACE_RSEG,5029,163,79
1787565876.553,2026-08-24 10:04:36.555,InnoDB,UNDO_SPACE_RSEG,5040,163,84
1787565876.553,2026-08-24 10:04:36.555,InnoDB,UNDO_SPACE_RSEG,5023,162,77
1787565876.553,2026-08-24 10:04:36.555,InnoDB,UNDO_SPACE_RSEG,5119,162,111
1787565876.553,2026-08-24 10:04:36.555,InnoDB,UNDO_SPACE_RSEG,5212,162,86
1787565876.553,2026-08-24 10:04:36.555,InnoDB,UNDO_SPACE_RSEG,4897,160,76
1787565876.553,2026-08-24 10:04:36.555,InnoDB,UNDO_SPACE_RSEG,4992,160,75
1787565876.553,2026-08-24 10:04:36.555,InnoDB,UNDO_SPACE_RSEG,5059,160,118
1787565876.553,2026-08-24 10:04:36.555,InnoDB,UNDO_SPACE_RSEG,4951,159,115
1787565876.553,2026-08-24 10:04:36.555,InnoDB,UNDO_SPACE_RSEG,4893,159,84
1787565876.553,2026-08-24 10:04:36.555,InnoDB,UNDO_SPACE_RSEG,5089,159,96
1787565876.553,2026-08-24 10:04:36.555,InnoDB,UNDO_SPACE_RSEG,4961,158,81
1787565876.553,2026-08-24 10:04:36.555,InnoDB,UNDO_SPACE_RSEG,4981,157,102
1787565876.553,2026-08-24 10:04:36.555,InnoDB,UNDO_SPACE_RSEG,5063,157,104
1787565876.553,2026-08-24 10:04:36.555,InnoDB,UNDO_SPACE_RSEG,4895,156,90
1787565876.553,2026-08-24 10:04:36.555,InnoDB,UNDO_SPACE_RSEG,4790,155,77
1787565876.553,2026-08-24 10:04:36.555,InnoDB,UNDO_SPACE_RSEG,4668,150,90
1787565876.553,2026-08-24 10:04:36.555,InnoDB,UNDO_SPACE_RSEG,4617,149,75
1787565876.553,2026-08-24 10:04:36.555,InnoDB,UNDO_SPACE_RSEG,4573,146,107
1787565876.553,2026-08-24 10:04:36.555,InnoDB,UNDO_SPACE_RSEG,4523,145,84
1787565876.553,2026-08-24 10:04:36.555,InnoDB,UNDO_SPACE_RSEG,4581,145,98
1787565876.553,2026-08-24 10:04:36.555,InnoDB,UNDO_SPACE_RSEG,4454,141,99
1787565876.553,2026-08-24 10:04:36.555,InnoDB,UNDO_SPACE_RSEG,4497,140,112
1787565876.553,2026-08-24 10:04:36.555,InnoDB,UNDO_SPACE_RSEG,4331,139,76
1787565876.553,2026-08-24 10:04:36.555,InnoDB,UNDO_SPACE_RSEG,4306,138,86
1787565876.553,2026-08-24 10:04:36.555,InnoDB,UNDO_SPACE_RSEG,4238,136,74
1787565876.553,2026-08-24 10:04:36.555,InnoDB,UNDO_SPACE_RSEG,4287,136,100
1787565876.553,2026-08-24 10:04:36.555,InnoDB,UNDO_SPACE_RSEG,4150,136,62
1787565876.553,2026-08-24 10:04:36.555,InnoDB,UNDO_SPACE_RSEG,4302,136,88
1787565876.553,2026-08-24 10:04:36.555,InnoDB,UNDO_SPACE_RSEG,4193,133,96
1787565876.553,2026-08-24 10:04:36.555,InnoDB,UNDO_SPACE_RSEG,4233,132,107
1787565876.553,2026-08-24 10:04:36.555,InnoDB,LOG_FLUSHER,4924,132,215
1787565876.553,2026-08-24 10:04:36.555,InnoDB,UNDO_SPACE_RSEG,4224,131,104
1787565876.553,2026-08-24 10:04:36.555,InnoDB,UNDO_SPACE_RSEG,4052,130,59
1787565876.553,2026-08-24 10:04:36.555,InnoDB,UNDO_SPACE_RSEG,3952,129,79
1787565876.553,2026-08-24 10:04:36.555,InnoDB,UNDO_SPACE_RSEG,4136,129,102
1787565876.553,2026-08-24 10:04:36.555,InnoDB,UNDO_SPACE_RSEG,4089,128,86
1787565876.553,2026-08-24 10:04:36.555,InnoDB,UNDO_SPACE_RSEG,4040,128,81
1787565876.553,2026-08-24 10:04:36.555,InnoDB,UNDO_SPACE_RSEG,4037,128,87
1787565876.553,2026-08-24 10:04:36.555,InnoDB,UNDO_SPACE_RSEG,3965,128,102
1787565876.553,2026-08-24 10:04:36.555,InnoDB,UNDO_SPACE_RSEG,3864,124,67
1787565876.553,2026-08-24 10:04:36.555,InnoDB,UNDO_SPACE_RSEG,3931,124,98
1787565876.553,2026-08-24 10:04:36.555,InnoDB,UNDO_SPACE_RSEG,3891,123,75
1787565876.553,2026-08-24 10:04:36.555,InnoDB,UNDO_SPACE_RSEG,3776,122,80
1787565876.553,2026-08-24 10:04:36.555,InnoDB,UNDO_SPACE_RSEG,3614,116,85
1787565876.553,2026-08-24 10:04:36.555,InnoDB,UNDO_SPACE_RSEG,3625,116,62
1787565876.553,2026-08-24 10:04:36.555,InnoDB,UNDO_SPACE_RSEG,3572,115,84
1787565876.553,2026-08-24 10:04:36.555,InnoDB,UNDO_SPACE_RSEG,3665,115,94
1787565876.553,2026-08-24 10:04:36.555,InnoDB,UNDO_SPACE_RSEG,3613,114,86
1787565876.553,2026-08-24 10:04:36.555,InnoDB,LOG_FILES,5659,114,226
1787565876.553,2026-08-24 10:04:36.555,InnoDB,UNDO_SPACE_RSEG,3500,112,77
1787565876.553,2026-08-24 10:04:36.555,InnoDB,UNDO_SPACE_RSEG,3404,111,86
1787565876.553,2026-08-24 10:04:36.555,InnoDB,UNDO_SPACE_RSEG,3519,110,93
1787565876.553,2026-08-24 10:04:36.555,InnoDB,UNDO_SPACE_RSEG,3451,110,105
1787565876.553,2026-08-24 10:04:36.555,InnoDB,UNDO_SPACE_RSEG,3391,109,78
1787565876.553,2026-08-24 10:04:36.555,InnoDB,UNDO_SPACE_RSEG,3416,108,81
1787565876.553,2026-08-24 10:04:36.555,InnoDB,UNDO_SPACE_RSEG,3520,107,99
1787565876.553,2026-08-24 10:04:36.555,InnoDB,DICT_SYS,3613818,105,2256049
1787565876.553,2026-08-24 10:04:36.555,InnoDB,UNDO_SPACE_RSEG,3439,104,103
1787565876.553,2026-08-24 10:04:36.555,InnoDB,UNDO_SPACE_RSEG,3220,103,95
1787565876.553,2026-08-24 10:04:36.555,InnoDB,UNDO_SPACE_RSEG,3306,102,80
1787565876.553,2026-08-24 10:04:36.555,InnoDB,UNDO_SPACE_RSEG,3125,101,56
1787565876.553,2026-08-24 10:04:36.555,InnoDB,UNDO_SPACE_RSEG,3168,101,99
1787565876.553,2026-08-24 10:04:36.555,InnoDB,UNDO_SPACE_RSEG,3144,100,66
1787565876.553,2026-08-24 10:04:36.555,InnoDB,UNDO_SPACE_RSEG,3249,99,105
1787565876.553,2026-08-24 10:04:36.555,InnoDB,UNDO_SPACE_RSEG,3176,97,98
1787565876.553,2026-08-24 10:04:36.555,InnoDB,UNDO_SPACE_RSEG,3184,97,102
1787565876.553,2026-08-24 10:04:36.555,InnoDB,UNDO_SPACE_RSEG,3180,96,91
1787565876.553,2026-08-24 10:04:36.555,InnoDB,UNDO_SPACE_RSEG,3010,96,83
1787565876.553,2026-08-24 10:04:36.555,InnoDB,UNDO_SPACE_RSEG,3048,96,65
1787565876.553,2026-08-24 10:04:36.555,InnoDB,UNDO_SPACE_RSEG,2991,95,62
1787565876.553,2026-08-24 10:04:36.555,InnoDB,UNDO_SPACE_RSEG,2997,95,79
1787565876.553,2026-08-24 10:04:36.555,InnoDB,UNDO_SPACE_RSEG,2981,94,91
1787565876.553,2026-08-24 10:04:36.555,InnoDB,UNDO_SPACE_RSEG,2900,93,80
1787565876.553,2026-08-24 10:04:36.555,InnoDB,UNDO_SPACE_RSEG,2959,92,64
1787565876.553,2026-08-24 10:04:36.555,InnoDB,FIL_SHARD,221712,91,228997
1787565876.553,2026-08-24 10:04:36.555,InnoDB,UNDO_SPACE_RSEG,2868,90,72
1787565876.553,2026-08-24 10:04:36.555,InnoDB,UNDO_SPACE_RSEG,2956,89,67
1787565876.553,2026-08-24 10:04:36.555,InnoDB,UNDO_SPACE_RSEG,2808,89,90
1787565876.553,2026-08-24 10:04:36.555,InnoDB,UNDO_SPACE_RSEG,2726,86,79
1787565876.553,2026-08-24 10:04:36.555,InnoDB,UNDO_SPACE_RSEG,2695,86,76
1787565876.553,2026-08-24 10:04:36.555,InnoDB,UNDO_SPACE_RSEG,2713,85,80
1787565876.553,2026-08-24 10:04:36.555,InnoDB,UNDO_SPACE_RSEG,2686,84,63
1787565876.553,2026-08-24 10:04:36.555,InnoDB,UNDO_SPACE_RSEG,2561,83,61
1787565876.553,2026-08-24 10:04:36.555,InnoDB,UNDO_SPACE_RSEG,2641,83,65
1787565876.553,2026-08-24 10:04:36.555,InnoDB,UNDO_SPACE_RSEG,2615,83,71
1787565876.553,2026-08-24 10:04:36.555,InnoDB,UNDO_SPACE_RSEG,2723,82,69
1787565876.553,2026-08-24 10:04:36.555,InnoDB,UNDO_SPACE_RSEG,2395,78,53
1787565876.553,2026-08-24 10:04:36.555,InnoDB,UNDO_SPACE_RSEG,2498,78,79
1787565876.553,2026-08-24 10:04:36.555,InnoDB,UNDO_SPACE_RSEG,2441,78,81
1787565876.553,2026-08-24 10:04:36.555,InnoDB,UNDO_SPACE_RSEG,2432,78,80
1787565876.553,2026-08-24 10:04:36.555,InnoDB,UNDO_SPACE_RSEG,2389,77,65
1787565876.553,2026-08-24 10:04:36.555,InnoDB,UNDO_SPACE_RSEG,2395,77,75
1787565876.553,2026-08-24 10:04:36.555,InnoDB,UNDO_SPACE_RSEG,2461,77,63
1787565876.553,2026-08-24 10:04:36.555,InnoDB,UNDO_SPACE_RSEG,2465,77,81
1787565876.553,2026-08-24 10:04:36.555,InnoDB,UNDO_SPACE_RSEG,2391,76,80
1787565876.553,2026-08-24 10:04:36.555,InnoDB,UNDO_SPACE_RSEG,2417,76,72
1787565876.553,2026-08-24 10:04:36.555,InnoDB,UNDO_SPACE_RSEG,2415,75,95
1787565876.553,2026-08-24 10:04:36.555,InnoDB,UNDO_SPACE_RSEG,2375,75,77
1787565876.553,2026-08-24 10:04:36.555,InnoDB,UNDO_SPACE_RSEG,2393,74,68
1787565876.553,2026-08-24 10:04:36.555,InnoDB,UNDO_SPACE_RSEG,2360,74,77
1787565876.553,2026-08-24 10:04:36.555,InnoDB,UNDO_SPACE_RSEG,2358,73,89
1787565876.553,2026-08-24 10:04:36.555,InnoDB,UNDO_SPACE_RSEG,2258,72,60
1787565876.553,2026-08-24 10:04:36.555,InnoDB,UNDO_SPACE_RSEG,2325,71,83
1787565876.553,2026-08-24 10:04:36.555,InnoDB,UNDO_SPACE_RSEG,2335,71,61
1787565876.553,2026-08-24 10:04:36.555,InnoDB,UNDO_SPACE_RSEG,2218,71,60
1787565876.553,2026-08-24 10:04:36.555,InnoDB,UNDO_SPACE_RSEG,2196,70,58
1787565876.553,2026-08-24 10:04:36.555,InnoDB,UNDO_SPACE_RSEG,2312,70,83
1787565876.553,2026-08-24 10:04:36.555,InnoDB,UNDO_SPACE_RSEG,2289,70,83
1787565876.553,2026-08-24 10:04:36.555,InnoDB,UNDO_SPACE_RSEG,2257,69,78
1787565876.553,2026-08-24 10:04:36.555,InnoDB,FIL_SHARD,209640,69,222367
1787565876.553,2026-08-24 10:04:36.555,InnoDB,UNDO_SPACE_RSEG,2188,69,76
1787565876.553,2026-08-24 10:04:36.555,InnoDB,UNDO_SPACE_RSEG,2114,68,72
1787565876.553,2026-08-24 10:04:36.555,InnoDB,UNDO_SPACE_RSEG,2253,67,99
1787565876.553,2026-08-24 10:04:36.555,InnoDB,FIL_SHARD,207814,66,220369
1787565876.553,2026-08-24 10:04:36.555,InnoDB,FIL_SHARD,211063,66,222261
1787565876.553,2026-08-24 10:04:36.555,InnoDB,UNDO_SPACE_RSEG,2082,64,66
1787565876.553,2026-08-24 10:04:36.555,InnoDB,UNDO_SPACE_RSEG,2025,64,68
1787565876.553,2026-08-24 10:04:36.555,InnoDB,UNDO_SPACE_RSEG,2064,64,64
1787565876.553,2026-08-24 10:04:36.555,InnoDB,UNDO_SPACE_RSEG,2110,63,94
1787565876.553,2026-08-24 10:04:36.555,InnoDB,UNDO_SPACE_RSEG,2018,63,60
1787565876.553,2026-08-24 10:04:36.555,InnoDB,FIL_SHARD,199052,63,212962
1787565876.553,2026-08-24 10:04:36.555,InnoDB,UNDO_SPACE_RSEG,2148,63,80
1787565876.553,2026-08-24 10:04:36.555,InnoDB,FIL_SHARD,221542,62,230820
1787565876.553,2026-08-24 10:04:36.555,InnoDB,IBUF_BITMAP,4241,61,1551
1787565876.553,2026-08-24 10:04:36.555,InnoDB,FIL_SHARD,218577,61,242448
1787565876.553,2026-08-24 10:04:36.555,InnoDB,FIL_SHARD,199688,61,212725
1787565876.553,2026-08-24 10:04:36.555,InnoDB,UNDO_SPACE_RSEG,1986,59,89
1787565876.553,2026-08-24 10:04:36.555,InnoDB,FIL_SHARD,215811,58,241441
1787565876.553,2026-08-24 10:04:36.555,InnoDB,FIL_SHARD,210073,58,220979
1787565876.553,2026-08-24 10:04:36.555,InnoDB,UNDO_SPACE_RSEG,1813,58,74
1787565876.553,2026-08-24 10:04:36.555,InnoDB,UNDO_SPACE_RSEG,1809,58,58
1787565876.553,2026-08-24 10:04:36.555,InnoDB,UNDO_SPACE_RSEG,1828,58,48
1787565876.553,2026-08-24 10:04:36.555,InnoDB,UNDO_SPACE_RSEG,1842,58,55
1787565876.553,2026-08-24 10:04:36.555,InnoDB,FIL_SHARD,222199,57,233052
1787565876.553,2026-08-24 10:04:36.555,InnoDB,FIL_SHARD,206691,57,219185
1787565876.553,2026-08-24 10:04:36.555,InnoDB,UNDO_SPACE_RSEG,1782,56,65
1787565876.553,2026-08-24 10:04:36.555,InnoDB,UNDO_SPACE_RSEG,1791,56,60
1787565876.553,2026-08-24 10:04:36.555,InnoDB,UNDO_SPACE_RSEG,1854,56,77
1787565876.553,2026-08-24 10:04:36.555,InnoDB,UNDO_SPACE_RSEG,1705,55,63
1787565876.553,2026-08-24 10:04:36.555,InnoDB,UNDO_SPACE_RSEG,1723,55,50
1787565876.553,2026-08-24 10:04:36.555,InnoDB,FIL_SHARD,223638,53,247069
1787565876.553,2026-08-24 10:04:36.555,InnoDB,UNDO_SPACE_RSEG,1719,53,64
1787565876.553,2026-08-24 10:04:36.555,InnoDB,FIL_SHARD,215915,53,227787
1787565876.553,2026-08-24 10:04:36.555,InnoDB,UNDO_SPACE_RSEG,1768,52,89
1787565876.553,2026-08-24 10:04:36.555,InnoDB,FIL_SHARD,209729,52,223149
1787565876.553,2026-08-24 10:04:36.555,InnoDB,FIL_SHARD,215126,52,226362
1787565876.553,2026-08-24 10:04:36.555,InnoDB,UNDO_SPACE_RSEG,1591,51,55
1787565876.553,2026-08-24 10:04:36.555,InnoDB,UNDO_SPACE_RSEG,1707,51,81
1787565876.553,2026-08-24 10:04:36.555,InnoDB,UNDO_SPACE_RSEG,1640,51,69
1787565876.553,2026-08-24 10:04:36.555,InnoDB,UNDO_SPACE_RSEG,1573,49,52
1787565876.553,2026-08-24 10:04:36.555,InnoDB,UNDO_SPACE_RSEG,1552,48,56
1787565876.553,2026-08-24 10:04:36.555,InnoDB,FIL_SHARD,214627,48,227542
1787565876.553,2026-08-24 10:04:36.555,InnoDB,UNDO_SPACE_RSEG,1514,47,54
1787565876.553,2026-08-24 10:04:36.555,InnoDB,FIL_SHARD,218382,46,243890
1787565876.553,2026-08-24 10:04:36.555,InnoDB,DICT_TABLE_STATS_COMPUTE,1322,44,9
1787565876.553,2026-08-24 10:04:36.555,InnoDB,UNDO_SPACE_RSEG,1464,44,60
1787565876.553,2026-08-24 10:04:36.555,InnoDB,FIL_SHARD,213311,44,225080
1787565876.553,2026-08-24 10:04:36.555,InnoDB,UNDO_SPACE_RSEG,1363,42,52
1787565876.553,2026-08-24 10:04:36.555,InnoDB,UNDO_SPACE_RSEG,1406,42,77
1787565876.553,2026-08-24 10:04:36.555,InnoDB,FIL_SHARD,202695,40,229340
1787565876.553,2026-08-24 10:04:36.555,InnoDB,UNDO_SPACE_RSEG,1288,39,58
1787565876.553,2026-08-24 10:04:36.555,InnoDB,UNDO_SPACE_RSEG,1265,39,56
1787565876.553,2026-08-24 10:04:36.555,InnoDB,UNDO_SPACE_RSEG,1183,35,60
1787565876.553,2026-08-24 10:04:36.555,InnoDB,UNDO_SPACE_RSEG,1113,33,43
1787565876.553,2026-08-24 10:04:36.555,InnoDB,UNDO_SPACE_RSEG,931,29,41
1787565876.553,2026-08-24 10:04:36.555,InnoDB,TRX_POOL,629,19,31
1787565876.553,2026-08-24 10:04:36.555,InnoDB,TRX,107153,4,151701
1787565876.553,2026-08-24 10:04:36.555,InnoDB,DICT_TABLE_STATS_COMPUTE,90,3,2
1787565876.553,2026-08-24 10:04:36.555,InnoDB,PARSER,129,3,6
1787565876.553,2026-08-24 10:04:36.555,InnoDB,SRV_SYS_TASKS,161504,2,163298
1787565876.553,2026-08-24 10:04:36.555,InnoDB,LOCK_SYS_WAIT,31,1,2
1787565876.553,2026-08-24 10:04:36.555,InnoDB,LOCK_SYS_PAGE,51,1,22
1787565876.553,2026-08-24 10:04:36.555,InnoDB,LOCK_SYS_PAGE,55,1,18
1787565876.553,2026-08-24 10:04:36.555,InnoDB,LOCK_SYS_PAGE,76,1,36
1787565876.553,2026-08-24 10:04:36.555,InnoDB,LOCK_SYS_TABLE,1226,1,1119
1787565876.553,2026-08-24 10:04:36.555,InnoDB,LOCK_SYS_PAGE,56,1,25
1787565876.553,2026-08-24 10:04:36.555,InnoDB,LOCK_SYS_PAGE,66,1,41
1787565876.553,2026-08-24 10:04:36.555,InnoDB,LOCK_SYS_PAGE,25,0,38
1787565876.553,2026-08-24 10:04:36.555,InnoDB,LOCK_SYS_PAGE,21,0,28
1787565876.553,2026-08-24 10:04:36.555,InnoDB,LOCK_SYS_PAGE,22,0,23
1787565876.553,2026-08-24 10:04:36.555,InnoDB,LOCK_SYS_PAGE,15,0,19
1787565876.553,2026-08-24 10:04:36.555,InnoDB,LOCK_SYS_PAGE,33,0,34
1787565876.553,2026-08-24 10:04:36.555,InnoDB,LOCK_SYS_PAGE,25,0,34
1787565876.553,2026-08-24 10:04:36.555,InnoDB,LOCK_SYS_PAGE,25,0,31
1787565876.553,2026-08-24 10:04:36.555,InnoDB,LOCK_SYS_PAGE,19,0,21
1787565876.553,2026-08-24 10:04:36.555,InnoDB,LOCK_SYS_PAGE,27,0,24
1787565876.553,2026-08-24 10:04:36.555,InnoDB,LOCK_SYS_PAGE,38,0,42
1787565876.553,2026-08-24 10:04:36.555,InnoDB,LOCK_SYS_PAGE,28,0,35
1787565876.553,2026-08-24 10:04:36.555,InnoDB,LOCK_SYS_PAGE,32,0,35
1787565876.553,2026-08-24 10:04:36.555,InnoDB,LOCK_SYS_PAGE,35,0,46
1787565876.553,2026-08-24 10:04:36.555,InnoDB,LOCK_SYS_PAGE,44,0,28
1787565876.553,2026-08-24 10:04:36.555,InnoDB,LOCK_SYS_PAGE,17,0,21
1787565876.553,2026-08-24 10:04:36.555,InnoDB,LOCK_SYS_PAGE,24,0,39
1787565876.553,2026-08-24 10:04:36.555,InnoDB,LOCK_SYS_PAGE,20,0,20
1787565876.553,2026-08-24 10:04:36.555,InnoDB,LOCK_SYS_PAGE,18,0,33
1787565876.553,2026-08-24 10:04:36.555,InnoDB,LOCK_SYS_PAGE,34,0,26
1787565876.553,2026-08-24 10:04:36.555,InnoDB,LOCK_SYS_PAGE,30,0,23
1787565876.553,2026-08-24 10:04:36.555,InnoDB,LOCK_SYS_PAGE,30,0,34
1787565876.553,2026-08-24 10:04:36.555,InnoDB,LOCK_SYS_PAGE,24,0,27
1787565876.553,2026-08-24 10:04:36.555,InnoDB,LOCK_SYS_PAGE,18,0,24
1787565876.553,2026-08-24 10:04:36.555,InnoDB,LOCK_SYS_PAGE,21,0,29
1787565876.553,2026-08-24 10:04:36.555,InnoDB,LOCK_SYS_PAGE,25,0,28
1787565876.553,2026-08-24 10:04:36.555,InnoDB,LOCK_SYS_PAGE,29,0,32
1787565876.553,2026-08-24 10:04:36.555,InnoDB,LOCK_SYS_PAGE,18,0,23
1787565876.553,2026-08-24 10:04:36.555,InnoDB,LOCK_SYS_PAGE,33,0,36
1787565876.553,2026-08-24 10:04:36.555,InnoDB,LOCK_SYS_PAGE,23,0,30
1787565876.553,2026-08-24 10:04:36.555,InnoDB,LOCK_SYS_PAGE,56,0,36
1787565876.553,2026-08-24 10:04:36.555,InnoDB,LOCK_SYS_PAGE,23,0,28
1787565876.553,2026-08-24 10:04:36.555,InnoDB,LOCK_SYS_PAGE,38,0,34
1787565876.553,2026-08-24 10:04:36.555,InnoDB,LOCK_SYS_PAGE,46,0,25
1787565876.553,2026-08-24 10:04:36.555,InnoDB,LOCK_SYS_PAGE,38,0,41
1787565876.553,2026-08-24 10:04:36.555,InnoDB,LOCK_SYS_PAGE,18,0,24
1787565876.553,2026-08-24 10:04:36.555,InnoDB,LOCK_SYS_PAGE,27,0,36
1787565876.553,2026-08-24 10:04:36.555,InnoDB,LOCK_SYS_PAGE,33,0,42
1787565876.553,2026-08-24 10:04:36.555,InnoDB,LOCK_SYS_PAGE,23,0,30
1787565876.553,2026-08-24 10:04:36.555,InnoDB,LOCK_SYS_PAGE,29,0,35
1787565876.553,2026-08-24 10:04:36.555,InnoDB,LOCK_SYS_PAGE,40,0,43
1787565876.553,2026-08-24 10:04:36.555,InnoDB,LOCK_SYS_PAGE,32,0,39
1787565876.553,2026-08-24 10:04:36.555,InnoDB,LOCK_SYS_PAGE,28,0,32
1787565876.553,2026-08-24 10:04:36.555,InnoDB,LOCK_SYS_PAGE,46,0,34
1787565876.553,2026-08-24 10:04:36.555,InnoDB,LOCK_SYS_PAGE,38,0,45
1787565876.553,2026-08-24 10:04:36.555,InnoDB,LOCK_SYS_PAGE,35,0,40
1787565876.553,2026-08-24 10:04:36.555,InnoDB,LOCK_SYS_PAGE,13,0,25
1787565876.553,2026-08-24 10:04:36.555,InnoDB,LOCK_SYS_PAGE,15,0,25
1787565876.553,2026-08-24 10:04:36.555,InnoDB,LOCK_SYS_PAGE,23,0,28
1787565876.553,2026-08-24 10:04:36.555,InnoDB,LOCK_SYS_PAGE,31,0,33
1787565876.553,2026-08-24 10:04:36.555,InnoDB,LOCK_SYS_PAGE,25,0,30
1787565876.553,2026-08-24 10:04:36.555,InnoDB,LOCK_SYS_PAGE,28,0,36
1787565876.553,2026-08-24 10:04:36.555,InnoDB,LOCK_SYS_PAGE,19,0,27
1787565876.553,2026-08-24 10:04:36.555,InnoDB,LOCK_SYS_PAGE,21,0,27
1787565876.553,2026-08-24 10:04:36.555,InnoDB,LOCK_SYS_PAGE,22,0,29
1787565876.553,2026-08-24 10:04:36.555,InnoDB,LOCK_SYS_PAGE,43,0,38
1787565876.553,2026-08-24 10:04:36.555,InnoDB,LOCK_SYS_PAGE,31,0,40
1787565876.553,2026-08-24 10:04:36.555,InnoDB,LOCK_SYS_PAGE,23,0,27
1787565876.553,2026-08-24 10:04:36.555,InnoDB,LOCK_SYS_PAGE,27,0,38
1787565876.553,2026-08-24 10:04:36.555,InnoDB,LOCK_SYS_PAGE,17,0,23
1787565876.553,2026-08-24 10:04:36.555,InnoDB,LOCK_SYS_PAGE,16,0,21
1787565876.553,2026-08-24 10:04:36.555,InnoDB,LOCK_SYS_PAGE,19,0,23
1787565876.553,2026-08-24 10:04:36.555,InnoDB,LOCK_SYS_PAGE,25,0,33
1787565876.553,2026-08-24 10:04:36.555,InnoDB,LOCK_SYS_PAGE,19,0,33
1787565876.553,2026-08-24 10:04:36.555,InnoDB,LOCK_SYS_PAGE,21,0,31
1787565876.553,2026-08-24 10:04:36.555,InnoDB,LOCK_SYS_PAGE,26,0,31
1787565876.553,2026-08-24 10:04:36.555,InnoDB,LOCK_SYS_PAGE,18,0,23
1787565876.553,2026-08-24 10:04:36.555,InnoDB,LOCK_SYS_PAGE,20,0,27
1787565876.553,2026-08-24 10:04:36.555,InnoDB,LOCK_SYS_TABLE,1365,0,1285
1787565876.553,2026-08-24 10:04:36.555,InnoDB,LOCK_SYS_TABLE,1287,0,1271
1787565876.553,2026-08-24 10:04:36.555,InnoDB,LOCK_SYS_TABLE,1226,0,1185
1787565876.553,2026-08-24 10:04:36.555,InnoDB,LOCK_SYS_TABLE,1177,0,1154
1787565876.553,2026-08-24 10:04:36.555,InnoDB,LOCK_SYS_TABLE,1313,0,1217
1787565876.553,2026-08-24 10:04:36.555,InnoDB,LOCK_SYS_TABLE,1220,0,1214
1787565876.553,2026-08-24 10:04:36.555,InnoDB,LOCK_SYS_TABLE,1372,0,1301
1787565876.553,2026-08-24 10:04:36.555,InnoDB,LOCK_SYS_TABLE,1155,0,1155
1787565876.553,2026-08-24 10:04:36.555,InnoDB,LOCK_SYS_TABLE,1253,0,1200
1787565876.553,2026-08-24 10:04:36.555,InnoDB,LOCK_SYS_TABLE,1227,0,1164
1787565876.553,2026-08-24 10:04:36.555,InnoDB,LOCK_SYS_TABLE,1277,0,1227
1787565876.553,2026-08-24 10:04:36.555,InnoDB,LOCK_SYS_TABLE,1345,0,1277
1787565876.553,2026-08-24 10:04:36.555,InnoDB,LOCK_SYS_TABLE,1197,0,1146
1787565876.553,2026-08-24 10:04:36.555,InnoDB,LOCK_SYS_TABLE,1207,0,1109
1787565876.553,2026-08-24 10:04:36.555,InnoDB,LOCK_SYS_TABLE,1,0,1
1787565876.553,2026-08-24 10:04:36.555,InnoDB,LOCK_SYS_PAGE,25,0,27
1787565876.553,2026-08-24 10:04:36.555,InnoDB,LOCK_SYS_PAGE,25,0,32
1787565876.553,2026-08-24 10:04:36.555,InnoDB,CLONE_SYS,1,0,1
1787565876.553,2026-08-24 10:04:36.555,InnoDB,TRX_POOL_MANAGER,2,0,1
1787565876.553,2026-08-24 10:04:36.555,InnoDB,RW_LOCK_LIST,1,0,1
1787565876.553,2026-08-24 10:04:36.555,InnoDB,TRX,3,0,1
1787565876.553,2026-08-24 10:04:36.555,InnoDB,TRX_SYS_SHARD,3,0,2
1787565876.553,2026-08-24 10:04:36.555,InnoDB,TRX_SYS_SHARD,1,0,1
1787565876.553,2026-08-24 10:04:36.555,InnoDB,TRX_SYS_SHARD,1,0,1
1787565876.553,2026-08-24 10:04:36.555,InnoDB,TRX_SYS_SHARD,1,0,1
1787565876.553,2026-08-24 10:04:36.555,InnoDB,AUTOINC,1,0,1
1787565876.553,2026-08-24 10:04:36.555,InnoDB,LOCK_SYS_PAGE,25,0,23
1787565876.553,2026-08-24 10:04:36.555,InnoDB,RECALC_POOL,6,0,5
1787565876.553,2026-08-24 10:04:36.555,InnoDB,LOG_LIMITS,50,0,38
1787565876.553,2026-08-24 10:04:36.555,InnoDB,LOCK_SYS_TABLE,1301,0,1269
1787565876.553,2026-08-24 10:04:36.555,InnoDB,LOCK_SYS_TABLE,1192,0,1129
1787565876.553,2026-08-24 10:04:36.555,InnoDB,LOCK_SYS_TABLE,1282,0,1221
1787565876.553,2026-08-24 10:04:36.555,InnoDB,LOCK_SYS_TABLE,1227,0,1231
1787565876.553,2026-08-24 10:04:36.555,InnoDB,LOCK_SYS_TABLE,1328,0,1276
1787565876.553,2026-08-24 10:04:36.555,InnoDB,LOCK_SYS_PAGE,17,0,24
1787565876.553,2026-08-24 10:04:36.555,InnoDB,LOCK_SYS_PAGE,20,0,25
1787565876.553,2026-08-24 10:04:36.555,InnoDB,LOCK_SYS_PAGE,54,0,37
1787565876.553,2026-08-24 10:04:36.555,InnoDB,LOCK_SYS_PAGE,19,0,29
1787565876.553,2026-08-24 10:04:36.555,InnoDB,LOCK_SYS_PAGE,10,0,17
1787565876.553,2026-08-24 10:04:36.555,InnoDB,LOCK_SYS_PAGE,22,0,28
1787565876.553,2026-08-24 10:04:36.555,InnoDB,LOCK_SYS_PAGE,38,0,47
1787565876.553,2026-08-24 10:04:36.555,InnoDB,LOCK_SYS_PAGE,19,0,29
1787565876.553,2026-08-24 10:04:36.555,InnoDB,LOCK_SYS_PAGE,51,0,30
1787565876.553,2026-08-24 10:04:36.555,InnoDB,LOCK_SYS_PAGE,25,0,15
1787565876.553,2026-08-24 10:04:36.555,InnoDB,LOCK_SYS_PAGE,24,0,27
1787565876.553,2026-08-24 10:04:36.555,InnoDB,LOCK_SYS_PAGE,33,0,33
1787565876.553,2026-08-24 10:04:36.555,InnoDB,LOCK_SYS_PAGE,23,0,34
1787565876.553,2026-08-24 10:04:36.555,InnoDB,LOCK_SYS_PAGE,19,0,26
1787565876.553,2026-08-24 10:04:36.555,InnoDB,LOCK_SYS_PAGE,30,0,39
1787565876.553,2026-08-24 10:04:36.555,InnoDB,LOCK_SYS_PAGE,33,0,36
1787565876.553,2026-08-24 10:04:36.555,InnoDB,LOCK_SYS_PAGE,21,0,32
1787565876.553,2026-08-24 10:04:36.555,InnoDB,LOCK_SYS_PAGE,25,0,31
1787565876.553,2026-08-24 10:04:36.555,InnoDB,LOCK_SYS_PAGE,42,0,39
1787565876.553,2026-08-24 10:04:36.555,InnoDB,LOCK_SYS_PAGE,31,0,35
1787565876.553,2026-08-24 10:04:36.555,InnoDB,LOCK_SYS_PAGE,20,0,25
1787565876.553,2026-08-24 10:04:36.555,InnoDB,LOCK_SYS_PAGE,41,0,45
1787565876.553,2026-08-24 10:04:36.555,InnoDB,LOCK_SYS_PAGE,29,0,34
1787565876.553,2026-08-24 10:04:36.555,InnoDB,LOCK_SYS_PAGE,23,0,33
1787565876.553,2026-08-24 10:04:36.555,InnoDB,LOCK_SYS_PAGE,13,0,21
1787565876.553,2026-08-24 10:04:36.555,InnoDB,LOCK_SYS_PAGE,21,0,35
1787565876.553,2026-08-24 10:04:36.555,InnoDB,LOCK_SYS_PAGE,23,0,30
1787565876.553,2026-08-24 10:04:36.555,InnoDB,LOCK_SYS_PAGE,28,0,27
1787565876.553,2026-08-24 10:04:36.555,InnoDB,LOCK_SYS_PAGE,26,0,33
1787565876.553,2026-08-24 10:04:36.555,InnoDB,LOCK_SYS_PAGE,31,0,41
1787565876.553,2026-08-24 10:04:36.555,InnoDB,LOCK_SYS_PAGE,23,0,35
1787565876.553,2026-08-24 10:04:36.555,InnoDB,LOCK_SYS_PAGE,25,0,34
1787565876.553,2026-08-24 10:04:36.555,InnoDB,LOCK_SYS_PAGE,44,0,35
1787565876.553,2026-08-24 10:04:36.555,InnoDB,LOCK_SYS_PAGE,22,0,32
1787565876.553,2026-08-24 10:04:36.555,InnoDB,LOCK_SYS_PAGE,30,0,48
1787565876.553,2026-08-24 10:04:36.555,InnoDB,LOCK_SYS_PAGE,28,0,32
1787565876.553,2026-08-24 10:04:36.555,InnoDB,LOCK_SYS_PAGE,40,0,45
1787565876.553,2026-08-24 10:04:36.555,InnoDB,LOCK_SYS_PAGE,27,0,32
1787565876.553,2026-08-24 10:04:36.555,InnoDB,LOCK_SYS_PAGE,14,0,20
1787565876.553,2026-08-24 10:04:36.555,InnoDB,LOCK_SYS_PAGE,23,0,34
1787565876.553,2026-08-24 10:04:36.555,InnoDB,LOCK_SYS_PAGE,34,0,40
1787565876.553,2026-08-24 10:04:36.555,InnoDB,LOCK_SYS_PAGE,19,0,21
1787565876.553,2026-08-24 10:04:36.555,InnoDB,LOCK_SYS_PAGE,24,0,20
1787565876.553,2026-08-24 10:04:36.555,InnoDB,LOCK_SYS_PAGE,29,0,32
1787565876.553,2026-08-24 10:04:36.555,InnoDB,LOCK_SYS_PAGE,31,0,21
1787565876.553,2026-08-24 10:04:36.555,InnoDB,LOCK_SYS_PAGE,22,0,38
1787565876.553,2026-08-24 10:04:36.555,InnoDB,LOCK_SYS_PAGE,24,0,30
1787565876.553,2026-08-24 10:04:36.555,InnoDB,LOCK_SYS_PAGE,19,0,22
1787565876.553,2026-08-24 10:04:36.555,InnoDB,LOCK_SYS_PAGE,27,0,39
1787565876.553,2026-08-24 10:04:36.555,InnoDB,LOCK_SYS_PAGE,18,0,27
1787565876.553,2026-08-24 10:04:36.555,InnoDB,LOCK_SYS_PAGE,25,0,28
1787565876.553,2026-08-24 10:04:36.555,InnoDB,LOCK_SYS_PAGE,30,0,31
1787565876.553,2026-08-24 10:04:36.555,InnoDB,LOCK_SYS_PAGE,34,0,44
1787565876.553,2026-08-24 10:04:36.555,InnoDB,LOCK_SYS_PAGE,24,0,32
1787565876.553,2026-08-24 10:04:36.555,InnoDB,LOCK_SYS_PAGE,23,0,31
1787565876.553,2026-08-24 10:04:36.555,InnoDB,LOCK_SYS_PAGE,26,0,33
1787565876.553,2026-08-24 10:04:36.555,InnoDB,LOCK_SYS_PAGE,22,0,29
1787565876.553,2026-08-24 10:04:36.555,InnoDB,LOCK_SYS_PAGE,30,0,37
1787565876.553,2026-08-24 10:04:36.555,InnoDB,LOCK_SYS_PAGE,32,0,38
1787565876.553,2026-08-24 10:04:36.555,InnoDB,LOCK_SYS_PAGE,27,0,34
1787565876.553,2026-08-24 10:04:36.555,InnoDB,LOCK_SYS_PAGE,17,0,27
1787565876.553,2026-08-24 10:04:36.555,InnoDB,LOCK_SYS_PAGE,20,0,28
1787565876.553,2026-08-24 10:04:36.555,InnoDB,LOCK_SYS_PAGE,24,0,29
1787565876.553,2026-08-24 10:04:36.555,InnoDB,LOCK_SYS_PAGE,20,0,25
1787565876.553,2026-08-24 10:04:36.555,InnoDB,LOCK_SYS_PAGE,36,0,35
1787565876.553,2026-08-24 10:04:36.555,InnoDB,LOCK_SYS_PAGE,16,0,19
1787565876.553,2026-08-24 10:04:36.555,InnoDB,LOCK_SYS_PAGE,27,0,30
1787565876.553,2026-08-24 10:04:36.555,InnoDB,LOCK_SYS_PAGE,32,0,33
1787565876.553,2026-08-24 10:04:36.555,InnoDB,LOCK_SYS_PAGE,27,0,32
1787565876.553,2026-08-24 10:04:36.555,InnoDB,LOCK_SYS_PAGE,47,0,27
1787565876.553,2026-08-24 10:04:36.555,InnoDB,LOCK_SYS_PAGE,28,0,38
1787565876.553,2026-08-24 10:04:36.555,InnoDB,LOCK_SYS_PAGE,32,0,41
1787565876.553,2026-08-24 10:04:36.555,InnoDB,LOCK_SYS_PAGE,24,0,34
1787565876.553,2026-08-24 10:04:36.555,InnoDB,LOCK_SYS_PAGE,23,0,29
1787565876.553,2026-08-24 10:04:36.555,InnoDB,LOCK_SYS_PAGE,21,0,29
1787565876.553,2026-08-24 10:04:36.555,InnoDB,LOCK_SYS_PAGE,36,0,37
1787565876.553,2026-08-24 10:04:36.555,InnoDB,LOCK_SYS_PAGE,26,0,28
1787565876.553,2026-08-24 10:04:36.555,InnoDB,LOCK_SYS_PAGE,15,0,20
1787565876.553,2026-08-24 10:04:36.555,InnoDB,LOCK_SYS_PAGE,19,0,23
1787565876.553,2026-08-24 10:04:36.555,InnoDB,LOCK_SYS_PAGE,26,0,25
1787565876.553,2026-08-24 10:04:36.555,InnoDB,LOCK_SYS_PAGE,20,0,26
1787565876.553,2026-08-24 10:04:36.555,InnoDB,LOCK_SYS_PAGE,26,0,28
1787565876.553,2026-08-24 10:04:36.555,InnoDB,LOCK_SYS_PAGE,32,0,38
1787565876.553,2026-08-24 10:04:36.555,InnoDB,LOCK_SYS_PAGE,23,0,23
1787565876.553,2026-08-24 10:04:36.555,InnoDB,LOCK_SYS_PAGE,27,0,34
1787565876.553,2026-08-24 10:04:36.555,InnoDB,LOCK_SYS_PAGE,28,0,20
1787565876.553,2026-08-24 10:04:36.555,InnoDB,LOCK_SYS_PAGE,17,0,26
1787565876.553,2026-08-24 10:04:36.555,InnoDB,LOCK_SYS_PAGE,20,0,27
1787565876.553,2026-08-24 10:04:36.555,InnoDB,LOCK_SYS_PAGE,39,0,43
1787565876.553,2026-08-24 10:04:36.555,InnoDB,LOCK_SYS_PAGE,35,0,38
1787565876.553,2026-08-24 10:04:36.555,InnoDB,LOCK_SYS_PAGE,16,0,14
1787565876.553,2026-08-24 10:04:36.555,InnoDB,LOCK_SYS_PAGE,15,0,22
1787565876.553,2026-08-24 10:04:36.555,InnoDB,LOCK_SYS_PAGE,27,0,41
1787565876.553,2026-08-24 10:04:36.555,InnoDB,LOCK_SYS_PAGE,31,0,40
1787565876.553,2026-08-24 10:04:36.555,InnoDB,LOCK_SYS_PAGE,23,0,26
1787565876.553,2026-08-24 10:04:36.555,InnoDB,LOCK_SYS_PAGE,25,0,31
1787565876.553,2026-08-24 10:04:36.555,InnoDB,LOCK_SYS_PAGE,19,0,25
1787565876.553,2026-08-24 10:04:36.555,InnoDB,LOCK_SYS_PAGE,31,0,41
1787565876.553,2026-08-24 10:04:36.555,InnoDB,LOCK_SYS_PAGE,18,0,18
1787565876.553,2026-08-24 10:04:36.555,InnoDB,LOCK_SYS_PAGE,22,0,31
1787565876.553,2026-08-24 10:04:36.555,InnoDB,LOCK_SYS_PAGE,34,0,46
1787565876.553,2026-08-24 10:04:36.555,InnoDB,LOCK_SYS_PAGE,27,0,39
1787565876.553,2026-08-24 10:04:36.555,InnoDB,LOCK_SYS_PAGE,22,0,32
1787565876.553,2026-08-24 10:04:36.555,InnoDB,LOCK_SYS_PAGE,19,0,24
1787565876.553,2026-08-24 10:04:36.555,InnoDB,LOCK_SYS_PAGE,26,0,28
1787565876.553,2026-08-24 10:04:36.555,InnoDB,LOCK_SYS_PAGE,23,0,30
1787565876.553,2026-08-24 10:04:36.555,InnoDB,LOCK_SYS_PAGE,23,0,27
1787565876.553,2026-08-24 10:04:36.555,InnoDB,LOCK_SYS_PAGE,27,0,29
1787565876.553,2026-08-24 10:04:36.555,InnoDB,LOCK_SYS_PAGE,28,0,38
1787565876.553,2026-08-24 10:04:36.555,InnoDB,LOCK_SYS_PAGE,26,0,39
1787565876.553,2026-08-24 10:04:36.555,InnoDB,LOCK_SYS_PAGE,24,0,33
1787565876.553,2026-08-24 10:04:36.555,InnoDB,LOCK_SYS_PAGE,29,0,31
1787565876.553,2026-08-24 10:04:36.555,InnoDB,LOCK_SYS_PAGE,26,0,29
1787565876.553,2026-08-24 10:04:36.555,InnoDB,LOCK_SYS_PAGE,33,0,37
1787565876.553,2026-08-24 10:04:36.555,InnoDB,LOCK_SYS_PAGE,15,0,18
1787565876.553,2026-08-24 10:04:36.555,InnoDB,LOCK_SYS_PAGE,40,0,39
1787565876.553,2026-08-24 10:04:36.555,InnoDB,LOCK_SYS_PAGE,32,0,45
1787565876.553,2026-08-24 10:04:36.555,InnoDB,LOCK_SYS_PAGE,35,0,37
1787565876.553,2026-08-24 10:04:36.555,InnoDB,LOCK_SYS_PAGE,15,0,21
1787565876.553,2026-08-24 10:04:36.555,InnoDB,LOCK_SYS_PAGE,28,0,36
1787565876.553,2026-08-24 10:04:36.555,InnoDB,LOCK_SYS_PAGE,32,0,43
1787565876.553,2026-08-24 10:04:36.555,InnoDB,LOCK_SYS_PAGE,24,0,29
1787565876.553,2026-08-24 10:04:36.555,InnoDB,LOCK_SYS_PAGE,26,0,31
1787565876.553,2026-08-24 10:04:36.555,InnoDB,LOCK_SYS_PAGE,29,0,35
1787565876.553,2026-08-24 10:04:36.555,InnoDB,LOCK_SYS_PAGE,30,0,39
1787565876.553,2026-08-24 10:04:36.555,InnoDB,LOCK_SYS_PAGE,33,0,40
1787565876.553,2026-08-24 10:04:36.555,InnoDB,LOCK_SYS_PAGE,17,0,22
1787565876.553,2026-08-24 10:04:36.555,InnoDB,LOCK_SYS_PAGE,39,0,44
1787565876.553,2026-08-24 10:04:36.555,InnoDB,LOCK_SYS_PAGE,36,0,36
1787565876.553,2026-08-24 10:04:36.555,InnoDB,LOCK_SYS_PAGE,20,0,32
1787565876.553,2026-08-24 10:04:36.555,InnoDB,LOCK_SYS_PAGE,14,0,24
1787565876.553,2026-08-24 10:04:36.555,InnoDB,LOCK_SYS_PAGE,28,0,32
1787565876.553,2026-08-24 10:04:36.555,InnoDB,LOCK_SYS_PAGE,34,0,38
1787565876.553,2026-08-24 10:04:36.555,InnoDB,LOCK_SYS_PAGE,16,0,21
1787565876.553,2026-08-24 10:04:36.555,InnoDB,LOCK_SYS_PAGE,19,0,24
1787565876.553,2026-08-24 10:04:36.555,InnoDB,LOCK_SYS_PAGE,29,0,36
1787565876.553,2026-08-24 10:04:36.555,InnoDB,LOCK_SYS_PAGE,29,0,35
1787565876.553,2026-08-24 10:04:36.555,InnoDB,LOCK_SYS_PAGE,34,0,40
1787565876.553,2026-08-24 10:04:36.555,InnoDB,LOCK_SYS_PAGE,32,0,38
1787565876.553,2026-08-24 10:04:36.555,InnoDB,LOCK_SYS_PAGE,24,0,33
1787565876.553,2026-08-24 10:04:36.555,InnoDB,LOCK_SYS_PAGE,30,0,30
1787565876.553,2026-08-24 10:04:36.555,InnoDB,LOCK_SYS_PAGE,21,0,24
1787565876.553,2026-08-24 10:04:36.555,InnoDB,LOCK_SYS_PAGE,33,0,32
1787565876.553,2026-08-24 10:04:36.555,InnoDB,LOCK_SYS_PAGE,25,0,34
1787565876.553,2026-08-24 10:04:36.555,InnoDB,LOCK_SYS_PAGE,19,0,29
1787565876.553,2026-08-24 10:04:36.555,InnoDB,LOCK_SYS_PAGE,21,0,32
1787565876.553,2026-08-24 10:04:36.555,InnoDB,LOCK_SYS_PAGE,33,0,41
1787565876.553,2026-08-24 10:04:36.555,InnoDB,LOCK_SYS_PAGE,42,0,49
1787565876.553,2026-08-24 10:04:36.555,InnoDB,LOCK_SYS_PAGE,32,0,39
1787565876.553,2026-08-24 10:04:36.555,InnoDB,LOCK_SYS_PAGE,28,0,39
1787565876.553,2026-08-24 10:04:36.555,InnoDB,LOCK_SYS_PAGE,36,0,23
1787565876.553,2026-08-24 10:04:36.555,InnoDB,LOCK_SYS_PAGE,44,0,53
1787565876.553,2026-08-24 10:04:36.555,InnoDB,LOCK_SYS_PAGE,20,0,31
1787565876.553,2026-08-24 10:04:36.555,InnoDB,LOCK_SYS_PAGE,33,0,28
1787565876.553,2026-08-24 10:04:36.555,InnoDB,LOCK_SYS_PAGE,37,0,44
1787565876.553,2026-08-24 10:04:36.555,InnoDB,LOCK_SYS_PAGE,34,0,37
1787565876.553,2026-08-24 10:04:36.555,InnoDB,LOCK_SYS_PAGE,24,0,32
1787565876.553,2026-08-24 10:04:36.555,InnoDB,LOCK_SYS_PAGE,19,0,27
1787565876.553,2026-08-24 10:04:36.555,InnoDB,LOCK_SYS_PAGE,27,0,39
1787565876.553,2026-08-24 10:04:36.555,InnoDB,LOCK_SYS_PAGE,34,0,45
1787565876.553,2026-08-24 10:04:36.555,InnoDB,LOCK_SYS_PAGE,18,0,22
1787565876.553,2026-08-24 10:04:36.555,InnoDB,LOCK_SYS_PAGE,26,0,29
1787565876.553,2026-08-24 10:04:36.555,InnoDB,LOCK_SYS_PAGE,28,0,30
1787565876.553,2026-08-24 10:04:36.555,InnoDB,LOCK_SYS_PAGE,20,0,23
1787565876.553,2026-08-24 10:04:36.555,InnoDB,FIL_SHARD,1,0,1
1787565876.553,2026-08-24 10:04:36.555,InnoDB,FIL_SHARD,1,0,1
1787565876.553,2026-08-24 10:04:36.555,InnoDB,FIL_SHARD,20,0,37
1787565876.553,2026-08-24 10:04:36.555,InnoDB,FIL_SHARD,4658,0,5469
1787565876.553,2026-08-24 10:04:36.555,InnoDB,FIL_SHARD,5620,0,7679
1787565876.553,2026-08-24 10:04:36.555,InnoDB,FIL_SHARD,7318,0,8785
1787565876.553,2026-08-24 10:04:36.555,InnoDB,LOCK_SYS_PAGE,39,0,50
1787565876.553,2026-08-24 10:04:36.555,InnoDB,LOCK_SYS_PAGE,18,0,25
1787565876.553,2026-08-24 10:04:36.555,InnoDB,LOCK_SYS_PAGE,17,0,28
1787565876.553,2026-08-24 10:04:36.555,InnoDB,LOCK_SYS_PAGE,30,0,41
1787565876.553,2026-08-24 10:04:36.555,InnoDB,LOCK_SYS_PAGE,14,0,25
1787565876.553,2026-08-24 10:04:36.555,InnoDB,LOCK_SYS_PAGE,26,0,33
1787565876.553,2026-08-24 10:04:36.555,InnoDB,LOCK_SYS_PAGE,15,0,21
1787565876.553,2026-08-24 10:04:36.555,InnoDB,LOCK_SYS_PAGE,63,0,36
1787565876.553,2026-08-24 10:04:36.555,InnoDB,LOCK_SYS_PAGE,22,0,30
1787565876.553,2026-08-24 10:04:36.555,InnoDB,LOCK_SYS_PAGE,28,0,30
1787565876.553,2026-08-24 10:04:36.555,InnoDB,LOCK_SYS_PAGE,24,0,24
1787565876.553,2026-08-24 10:04:36.555,InnoDB,LOCK_SYS_PAGE,29,0,35
1787565876.553,2026-08-24 10:04:36.555,InnoDB,LOCK_SYS_PAGE,24,0,29
1787565876.553,2026-08-24 10:04:36.555,InnoDB,LOCK_SYS_PAGE,31,0,45
1787565876.553,2026-08-24 10:04:36.555,InnoDB,LOCK_SYS_PAGE,50,0,25
1787565876.553,2026-08-24 10:04:36.555,InnoDB,LOCK_SYS_PAGE,31,0,34
1787565876.553,2026-08-24 10:04:36.555,InnoDB,LOCK_SYS_PAGE,40,0,47
1787565876.553,2026-08-24 10:04:36.555,InnoDB,LOCK_SYS_PAGE,20,0,26
1787565876.553,2026-08-24 10:04:36.555,InnoDB,LOCK_SYS_PAGE,49,0,44
1787565876.553,2026-08-24 10:04:36.555,InnoDB,LOCK_SYS_PAGE,29,0,38
1787565876.553,2026-08-24 10:04:36.555,InnoDB,LOCK_SYS_PAGE,18,0,26
1787565876.553,2026-08-24 10:04:36.555,InnoDB,LOCK_SYS_PAGE,19,0,22
1787565876.553,2026-08-24 10:04:36.555,InnoDB,LOCK_SYS_PAGE,16,0,17
1787565876.553,2026-08-24 10:04:36.555,InnoDB,LOCK_SYS_PAGE,35,0,39
1787565876.553,2026-08-24 10:04:36.555,InnoDB,LOCK_SYS_PAGE,24,0,26
1787565876.553,2026-08-24 10:04:36.555,InnoDB,LOCK_SYS_PAGE,20,0,20
1787565876.553,2026-08-24 10:04:36.555,InnoDB,LOCK_SYS_PAGE,33,0,33
1787565876.553,2026-08-24 10:04:36.555,InnoDB,LOCK_SYS_PAGE,38,0,47
1787565876.553,2026-08-24 10:04:36.555,InnoDB,LOCK_SYS_PAGE,19,0,30
1787565876.553,2026-08-24 10:04:36.555,InnoDB,LOCK_SYS_PAGE,15,0,21
1787565876.553,2026-08-24 10:04:36.555,InnoDB,LOCK_SYS_PAGE,19,0,24
1787565876.553,2026-08-24 10:04:36.555,InnoDB,LOCK_SYS_PAGE,27,0,32
1787565876.553,2026-08-24 10:04:36.555,InnoDB,LOCK_SYS_PAGE,37,0,51
1787565876.553,2026-08-24 10:04:36.555,InnoDB,LOCK_SYS_PAGE,21,0,32
1787565876.553,2026-08-24 10:04:36.555,InnoDB,LOCK_SYS_PAGE,22,0,26
1787565876.553,2026-08-24 10:04:36.555,InnoDB,LOCK_SYS_PAGE,28,0,44
1787565876.553,2026-08-24 10:04:36.555,InnoDB,LOCK_SYS_PAGE,24,0,39
1787565876.553,2026-08-24 10:04:36.555,InnoDB,LOCK_SYS_PAGE,21,0,31
1787565876.553,2026-08-24 10:04:36.555,InnoDB,LOCK_SYS_PAGE,23,0,35
1787565876.553,2026-08-24 10:04:36.555,InnoDB,LOCK_SYS_PAGE,37,0,55
1787565876.553,2026-08-24 10:04:36.555,InnoDB,LOCK_SYS_PAGE,30,0,37
1787565876.553,2026-08-24 10:04:36.555,InnoDB,LOCK_SYS_PAGE,25,0,28
1787565876.553,2026-08-24 10:04:36.555,InnoDB,LOCK_SYS_PAGE,31,0,38
1787565876.553,2026-08-24 10:04:36.555,InnoDB,LOCK_SYS_PAGE,35,0,40
1787565876.553,2026-08-24 10:04:36.555,InnoDB,LOCK_SYS_PAGE,37,0,31
1787565876.553,2026-08-24 10:04:36.555,InnoDB,LOCK_SYS_PAGE,27,0,32
1787565876.553,2026-08-24 10:04:36.555,InnoDB,LOCK_SYS_PAGE,47,0,54
1787565876.553,2026-08-24 10:04:36.555,InnoDB,LOCK_SYS_PAGE,31,0,37
1787565876.553,2026-08-24 10:04:36.555,InnoDB,LOCK_SYS_PAGE,26,0,17
1787565876.553,2026-08-24 10:04:36.555,InnoDB,LOCK_SYS_PAGE,26,0,30
1787565876.553,2026-08-24 10:04:36.555,InnoDB,LOCK_SYS_PAGE,36,0,43
1787565876.553,2026-08-24 10:04:36.555,InnoDB,LOCK_SYS_PAGE,31,0,44
1787565876.553,2026-08-24 10:04:36.555,InnoDB,LOCK_SYS_PAGE,37,0,31
1787565876.553,2026-08-24 10:04:36.555,InnoDB,LOCK_SYS_PAGE,25,0,26
1787565876.553,2026-08-24 10:04:36.555,InnoDB,LOCK_SYS_PAGE,39,0,35
1787565876.553,2026-08-24 10:04:36.555,InnoDB,LOCK_SYS_PAGE,26,0,33
1787565876.553,2026-08-24 10:04:36.555,InnoDB,LOCK_SYS_PAGE,17,0,26
1787565876.553,2026-08-24 10:04:36.555,InnoDB,LOCK_SYS_PAGE,30,0,41
1787565876.553,2026-08-24 10:04:36.555,InnoDB,LOCK_SYS_PAGE,43,0,31
1787565876.553,2026-08-24 10:04:36.555,InnoDB,LOCK_SYS_PAGE,33,0,19
1787565876.553,2026-08-24 10:04:36.555,InnoDB,LOCK_SYS_PAGE,27,0,26
1787565876.553,2026-08-24 10:04:36.555,InnoDB,LOCK_SYS_PAGE,13,0,20
1787565876.553,2026-08-24 10:04:36.555,InnoDB,LOCK_SYS_PAGE,21,0,30
1787565876.553,2026-08-24 10:04:36.555,InnoDB,LOCK_SYS_PAGE,16,0,25
1787565876.553,2026-08-24 10:04:36.555,InnoDB,LOCK_SYS_PAGE,20,0,25
1787565876.553,2026-08-24 10:04:36.555,InnoDB,LOCK_SYS_PAGE,9,0,18
1787565876.553,2026-08-24 10:04:36.555,InnoDB,LOCK_SYS_PAGE,23,0,26
1787565876.553,2026-08-24 10:04:36.555,InnoDB,LOCK_SYS_PAGE,13,0,21
1787565876.553,2026-08-24 10:04:36.555,InnoDB,LOCK_SYS_PAGE,34,0,36
1787565876.553,2026-08-24 10:04:36.555,InnoDB,LOCK_SYS_PAGE,22,0,25
1787565876.553,2026-08-24 10:04:36.555,InnoDB,LOCK_SYS_PAGE,23,0,26
1787565876.553,2026-08-24 10:04:36.555,InnoDB,LOCK_SYS_PAGE,27,0,31
1787565876.553,2026-08-24 10:04:36.555,InnoDB,LOCK_SYS_PAGE,31,0,40
1787565876.553,2026-08-24 10:04:36.555,InnoDB,LOCK_SYS_PAGE,36,0,45
1787565876.553,2026-08-24 10:04:36.555,InnoDB,LOCK_SYS_PAGE,42,0,28
1787565876.553,2026-08-24 10:04:36.555,InnoDB,LOCK_SYS_PAGE,28,0,27
1787565876.553,2026-08-24 10:04:36.555,InnoDB,LOCK_SYS_PAGE,27,0,34
1787565876.553,2026-08-24 10:04:36.555,InnoDB,LOCK_SYS_PAGE,34,0,35
1787565876.553,2026-08-24 10:04:36.555,InnoDB,LOCK_SYS_PAGE,22,0,29
1787565876.553,2026-08-24 10:04:36.555,InnoDB,LOCK_SYS_PAGE,21,0,21
1787565876.553,2026-08-24 10:04:36.555,InnoDB,LOCK_SYS_PAGE,25,0,32
1787565876.553,2026-08-24 10:04:36.555,InnoDB,LOCK_SYS_PAGE,20,0,29
1787565876.553,2026-08-24 10:04:36.555,InnoDB,LOCK_SYS_PAGE,34,0,43
1787565876.553,2026-08-24 10:04:36.555,InnoDB,LOCK_SYS_PAGE,27,0,32
1787565876.553,2026-08-24 10:04:36.555,InnoDB,LOCK_SYS_PAGE,25,0,38
1787565876.553,2026-08-24 10:04:36.555,InnoDB,LOCK_SYS_PAGE,29,0,34
1787565876.553,2026-08-24 10:04:36.555,InnoDB,LOCK_SYS_PAGE,18,0,24
1787565876.553,2026-08-24 10:04:36.555,InnoDB,LOCK_SYS_PAGE,15,0,24
1787565876.553,2026-08-24 10:04:36.555,InnoDB,LOCK_SYS_PAGE,21,0,28
1787565876.553,2026-08-24 10:04:36.555,InnoDB,LOCK_SYS_PAGE,31,0,32
1787565876.553,2026-08-24 10:04:36.555,InnoDB,LOCK_SYS_PAGE,32,0,41
1787565876.553,2026-08-24 10:04:36.555,InnoDB,LOCK_SYS_PAGE,28,0,30
1787565876.553,2026-08-24 10:04:36.555,InnoDB,LOCK_SYS_PAGE,32,0,45
1787565876.553,2026-08-24 10:04:36.555,InnoDB,LOCK_SYS_PAGE,24,0,32
1787565876.553,2026-08-24 10:04:36.555,InnoDB,LOCK_SYS_PAGE,19,0,23
1787565876.553,2026-08-24 10:04:36.555,InnoDB,LOCK_SYS_PAGE,27,0,36
1787565876.553,2026-08-24 10:04:36.555,InnoDB,LOCK_SYS_PAGE,22,0,23
1787565876.553,2026-08-24 10:04:36.555,InnoDB,LOCK_SYS_PAGE,36,0,38
1787565876.553,2026-08-24 10:04:36.555,InnoDB,LOCK_SYS_PAGE,23,0,27
1787565876.553,2026-08-24 10:04:36.555,InnoDB,LOCK_SYS_PAGE,16,0,22
1787565876.553,2026-08-24 10:04:36.555,InnoDB,LOCK_SYS_PAGE,15,0,19
1787565876.553,2026-08-24 10:04:36.555,InnoDB,LOCK_SYS_PAGE,23,0,33
1787565876.553,2026-08-24 10:04:36.555,InnoDB,LOCK_SYS_PAGE,25,0,30
1787565876.553,2026-08-24 10:04:36.555,InnoDB,LOCK_SYS_PAGE,45,0,32
1787565876.553,2026-08-24 10:04:36.555,InnoDB,LOCK_SYS_PAGE,25,0,33
1787565876.553,2026-08-24 10:04:36.555,InnoDB,LOCK_SYS_PAGE,28,0,40
1787565876.553,2026-08-24 10:04:36.555,InnoDB,LOCK_SYS_PAGE,28,0,35
1787565876.553,2026-08-24 10:04:36.555,InnoDB,LOCK_SYS_PAGE,21,0,21
1787565876.553,2026-08-24 10:04:36.555,InnoDB,LOCK_SYS_PAGE,20,0,28
1787565876.553,2026-08-24 10:04:36.555,InnoDB,LOCK_SYS_PAGE,29,0,37
1787565876.553,2026-08-24 10:04:36.555,InnoDB,LOCK_SYS_PAGE,30,0,25
1787565876.553,2026-08-24 10:04:36.555,InnoDB,LOCK_SYS_PAGE,24,0,25
1787565876.553,2026-08-24 10:04:36.555,InnoDB,LOCK_SYS_PAGE,17,0,22
1787565876.553,2026-08-24 10:04:36.555,InnoDB,LOCK_SYS_PAGE,18,0,24
1787565876.553,2026-08-24 10:04:36.555,InnoDB,LOCK_SYS_PAGE,26,0,33
1787565876.553,2026-08-24 10:04:36.555,InnoDB,LOCK_SYS_PAGE,26,0,21
1787565876.553,2026-08-24 10:04:36.555,InnoDB,LOCK_SYS_PAGE,13,0,24
1787565876.553,2026-08-24 10:04:36.555,InnoDB,LOCK_SYS_PAGE,14,0,19
1787565876.553,2026-08-24 10:04:36.555,InnoDB,LOCK_SYS_PAGE,16,0,20
1787565876.553,2026-08-24 10:04:36.555,InnoDB,LOCK_SYS_PAGE,56,0,37
1787565876.553,2026-08-24 10:04:36.555,InnoDB,LOCK_SYS_PAGE,26,0,33
1787565876.553,2026-08-24 10:04:36.555,InnoDB,LOCK_SYS_PAGE,32,0,39
1787565876.553,2026-08-24 10:04:36.555,InnoDB,LOCK_SYS_PAGE,20,0,26
1787565876.553,2026-08-24 10:04:36.555,InnoDB,LOCK_SYS_PAGE,18,0,29
1787565876.553,2026-08-24 10:04:36.555,InnoDB,LOCK_SYS_PAGE,32,0,41
1787565876.553,2026-08-24 10:04:36.555,InnoDB,LOCK_SYS_PAGE,50,0,45
1787565876.553,2026-08-24 10:04:36.555,InnoDB,LOCK_SYS_PAGE,24,0,30
1787565876.553,2026-08-24 10:04:36.555,InnoDB,LOCK_SYS_PAGE,16,0,30
1787565876.553,2026-08-24 10:04:36.555,InnoDB,LOCK_SYS_PAGE,33,0,44
1787565876.553,2026-08-24 10:04:36.555,InnoDB,LOCK_SYS_PAGE,39,0,37
1787565876.553,2026-08-24 10:04:36.555,InnoDB,LOCK_SYS_PAGE,28,0,33
1787565876.553,2026-08-24 10:04:36.555,InnoDB,LOCK_SYS_PAGE,22,0,28
1787565876.553,2026-08-24 10:04:36.555,InnoDB,LOCK_SYS_PAGE,20,0,24
1787565876.553,2026-08-24 10:04:36.555,InnoDB,LOCK_SYS_PAGE,27,0,33
1787565876.553,2026-08-24 10:04:36.555,InnoDB,LOCK_SYS_PAGE,16,0,19
1787565876.553,2026-08-24 10:04:36.555,InnoDB,LOCK_SYS_PAGE,19,0,23
1787565876.553,2026-08-24 10:04:36.555,InnoDB,LOCK_SYS_PAGE,20,0,22
1787565876.553,2026-08-24 10:04:36.555,InnoDB,LOCK_SYS_PAGE,33,0,38
1787565876.553,2026-08-24 10:04:36.555,InnoDB,LOCK_SYS_PAGE,53,0,38
1787565876.553,2026-08-24 10:04:36.555,InnoDB,LOCK_SYS_PAGE,34,0,34
1787565876.553,2026-08-24 10:04:36.555,InnoDB,LOCK_SYS_PAGE,23,0,28
1787565876.553,2026-08-24 10:04:36.555,InnoDB,LOCK_SYS_PAGE,28,0,33
1787565876.553,2026-08-24 10:04:36.555,InnoDB,LOCK_SYS_PAGE,18,0,24
1787565876.553,2026-08-24 10:04:36.555,InnoDB,LOCK_SYS_PAGE,21,0,26
1787565876.553,2026-08-24 10:04:36.555,InnoDB,LOCK_SYS_PAGE,30,0,39
1787565876.553,2026-08-24 10:04:36.555,InnoDB,LOCK_SYS_PAGE,34,0,35
1787565876.553,2026-08-24 10:04:36.555,InnoDB,LOCK_SYS_PAGE,18,0,22
1787565876.553,2026-08-24 10:04:36.555,InnoDB,LOCK_SYS_PAGE,21,0,36
1787565876.553,2026-08-24 10:04:36.555,InnoDB,LOCK_SYS_PAGE,22,0,31
1787565876.553,2026-08-24 10:04:36.555,InnoDB,LOCK_SYS_PAGE,24,0,29
1787565876.553,2026-08-24 10:04:36.555,InnoDB,LOCK_SYS_PAGE,21,0,26
1787565876.553,2026-08-24 10:04:36.555,InnoDB,LOCK_SYS_PAGE,39,0,42
1787565876.553,2026-08-24 10:04:36.555,InnoDB,LOCK_SYS_PAGE,32,0,35
1787565876.553,2026-08-24 10:04:36.555,InnoDB,LOCK_SYS_PAGE,21,0,30
1787565876.553,2026-08-24 10:04:36.555,InnoDB,LOCK_SYS_PAGE,15,0,20
1787565876.553,2026-08-24 10:04:36.555,InnoDB,LOCK_SYS_PAGE,25,0,33
1787565876.553,2026-08-24 10:04:36.555,InnoDB,LOCK_SYS_PAGE,32,0,40
1787565876.553,2026-08-24 10:04:36.555,InnoDB,LOCK_SYS_PAGE,10,0,13
1787565876.553,2026-08-24 10:04:36.555,InnoDB,LOCK_SYS_PAGE,19,0,25
1787565876.553,2026-08-24 10:04:36.555,InnoDB,LOCK_SYS_PAGE,25,0,28
1787565876.553,2026-08-24 10:04:36.555,InnoDB,LOCK_SYS_PAGE,94,0,39
1787565876.553,2026-08-24 10:04:36.555,InnoDB,LOCK_SYS_PAGE,20,0,31
1787565876.553,2026-08-24 10:04:36.555,InnoDB,LOCK_SYS_PAGE,15,0,15
1787565876.553,2026-08-24 10:04:36.555,InnoDB,LOCK_SYS_PAGE,26,0,29
1787565876.553,2026-08-24 10:04:36.555,InnoDB,LOCK_SYS_PAGE,34,0,34
1787565876.553,2026-08-24 10:04:36.555,InnoDB,LOCK_SYS_PAGE,31,0,28
1787565876.553,2026-08-24 10:04:36.555,InnoDB,LOCK_SYS_PAGE,20,0,29
1787565876.553,2026-08-24 10:04:36.555,InnoDB,LOCK_SYS_PAGE,31,0,37
1787565876.553,2026-08-24 10:04:36.555,InnoDB,LOCK_SYS_PAGE,36,0,38
1787565876.553,2026-08-24 10:04:36.555,InnoDB,LOCK_SYS_PAGE,22,0,23
1787565876.553,2026-08-24 10:04:36.555,InnoDB,LOCK_SYS_PAGE,25,0,26
1787565876.553,2026-08-24 10:04:36.555,InnoDB,LOCK_SYS_PAGE,26,0,35
1787565876.553,2026-08-24 10:04:36.555,InnoDB,LOCK_SYS_PAGE,31,0,37
1787565876.553,2026-08-24 10:04:36.555,InnoDB,LOCK_SYS_PAGE,20,0,28
1787565876.553,2026-08-24 10:04:36.555,InnoDB,LOCK_SYS_PAGE,21,0,26
1787565876.553,2026-08-24 10:04:36.555,InnoDB,LOCK_SYS_PAGE,29,0,33
1787565876.553,2026-08-24 10:04:36.555,InnoDB,LOCK_SYS_PAGE,21,0,38
1787565876.553,2026-08-24 10:04:36.555,InnoDB,LOCK_SYS_PAGE,15,0,21
1787565876.553,2026-08-24 10:04:36.555,InnoDB,LOCK_SYS_PAGE,53,0,32
1787565876.553,2026-08-24 10:04:36.555,InnoDB,LOCK_SYS_PAGE,27,0,34
1787565876.553,2026-08-24 10:04:36.555,InnoDB,LOCK_SYS_PAGE,17,0,22
1787565876.553,2026-08-24 10:04:36.555,InnoDB,LOCK_SYS_PAGE,28,0,31
1787565876.553,2026-08-24 10:04:36.555,InnoDB,LOCK_SYS_PAGE,22,0,27
1787565876.553,2026-08-24 10:04:36.555,InnoDB,LOCK_SYS_PAGE,24,0,23
1787565876.553,2026-08-24 10:04:36.555,InnoDB,LOCK_SYS_PAGE,29,0,42
1787565876.553,2026-08-24 10:04:36.555,InnoDB,LOCK_SYS_PAGE,51,0,30
1787565876.553,2026-08-24 10:04:36.555,InnoDB,LOCK_SYS_PAGE,29,0,34
1787565876.553,2026-08-24 10:04:36.555,InnoDB,LOCK_SYS_PAGE,29,0,35
1787565876.553,2026-08-24 10:04:36.555,InnoDB,LOCK_SYS_PAGE,18,0,23
1787565876.553,2026-08-24 10:04:36.555,InnoDB,LOCK_SYS_PAGE,24,0,35
1787565876.553,2026-08-24 10:04:36.555,InnoDB,LOCK_SYS_PAGE,23,0,30
1787565876.553,2026-08-24 10:04:36.555,InnoDB,LOCK_SYS_PAGE,30,0,32
1787565876.553,2026-08-24 10:04:36.555,InnoDB,LOCK_SYS_PAGE,17,0,27
1787565876.553,2026-08-24 10:04:36.555,InnoDB,LOCK_SYS_PAGE,14,0,19
1787565876.553,2026-08-24 10:04:36.555,InnoDB,LOCK_SYS_PAGE,34,0,33
1787565876.553,2026-08-24 10:04:36.555,InnoDB,LOCK_SYS_PAGE,23,0,26
1787565876.553,2026-08-24 10:04:36.555,InnoDB,LOCK_SYS_PAGE,20,0,30
1787565876.553,2026-08-24 10:04:36.555,InnoDB,LOCK_SYS_PAGE,23,0,33
1787565876.553,2026-08-24 10:04:36.555,InnoDB,LOCK_SYS_PAGE,36,0,44
1787565876.553,2026-08-24 10:04:36.555,InnoDB,LOCK_SYS_PAGE,31,0,30
1787565876.553,2026-08-24 10:04:36.555,InnoDB,LOCK_SYS_PAGE,21,0,34
1787565876.553,2026-08-24 10:04:36.555,InnoDB,LOCK_SYS_PAGE,29,0,29
1787565876.553,2026-08-24 10:04:36.555,InnoDB,LOCK_SYS_PAGE,30,0,35
1787565876.553,2026-08-24 10:04:36.555,InnoDB,LOCK_SYS_PAGE,19,0,26
1787565876.553,2026-08-24 10:04:36.555,InnoDB,LOCK_SYS_PAGE,24,0,26
1787565876.553,2026-08-24 10:04:36.555,InnoDB,LOCK_SYS_PAGE,29,0,45
1787565876.553,2026-08-24 10:04:36.555,InnoDB,LOCK_SYS_PAGE,35,0,42
1787565876.553,2026-08-24 10:04:36.555,InnoDB,LOCK_SYS_PAGE,31,0,32
1787565876.553,2026-08-24 10:04:36.555,InnoDB,LOCK_SYS_PAGE,20,0,25
1787565876.553,2026-08-24 10:04:36.555,InnoDB,LOCK_SYS_PAGE,31,0,41
1787565876.553,2026-08-24 10:04:36.555,InnoDB,LOCK_SYS_PAGE,25,0,29
1787565876.553,2026-08-24 10:04:36.555,InnoDB,LOCK_SYS_PAGE,13,0,17
1787565876.553,2026-08-24 10:04:36.555,InnoDB,LOCK_SYS_PAGE,19,0,25
1787565876.553,2026-08-24 10:04:36.555,InnoDB,LOCK_SYS_PAGE,27,0,36
1787565876.553,2026-08-24 10:04:36.555,InnoDB,LOCK_SYS_PAGE,29,0,40
1787565876.553,2026-08-24 10:04:36.555,InnoDB,LOCK_SYS_PAGE,24,0,29
1787565876.553,2026-08-24 10:04:36.555,InnoDB,LOCK_SYS_PAGE,17,0,27
1787565876.553,2026-08-24 10:04:36.555,InnoDB,LOCK_SYS_PAGE,20,0,24
1787565876.553,2026-08-24 10:04:36.555,InnoDB,LOCK_SYS_PAGE,19,0,25
1787565876.553,2026-08-24 10:04:36.555,InnoDB,LOCK_SYS_PAGE,21,0,30
1787565876.553,2026-08-24 10:04:36.555,InnoDB,LOCK_SYS_PAGE,21,0,30
1787565876.553,2026-08-24 10:04:36.555,InnoDB,LOCK_SYS_PAGE,50,0,53
1787565876.553,2026-08-24 10:04:36.555,InnoDB,LOCK_SYS_PAGE,28,0,35
1787565876.553,2026-08-24 10:04:36.555,InnoDB,LOCK_SYS_PAGE,30,0,26
1787565876.553,2026-08-24 10:04:36.555,InnoDB,LOCK_SYS_PAGE,32,0,30
1787565876.553,2026-08-24 10:04:36.555,InnoDB,LOCK_SYS_PAGE,29,0,29
1787565876.553,2026-08-24 10:04:36.555,InnoDB,LOCK_SYS_PAGE,28,0,36
1787565876.553,2026-08-24 10:04:36.555,InnoDB,LOCK_SYS_PAGE,21,0,27
1787565876.553,2026-08-24 10:04:36.555,InnoDB,LOCK_SYS_PAGE,21,0,27
1787565876.553,2026-08-24 10:04:36.555,InnoDB,LOCK_SYS_PAGE,10,0,22
1787565876.553,2026-08-24 10:04:36.555,InnoDB,LOCK_SYS_PAGE,32,0,35
1787565876.553,2026-08-24 10:04:36.555,InnoDB,LOCK_SYS_PAGE,29,0,35
1787565876.553,2026-08-24 10:04:36.555,InnoDB,LOCK_SYS_PAGE,31,0,30
1787565876.553,2026-08-24 10:04:36.555,InnoDB,LOCK_SYS_PAGE,24,0,29
1787565876.553,2026-08-24 10:04:36.555,InnoDB,LOCK_SYS_PAGE,54,0,39
1787565876.553,2026-08-24 10:04:36.555,InnoDB,LOCK_SYS_PAGE,30,0,35
1787565876.553,2026-08-24 10:04:36.555,InnoDB,LOCK_SYS_PAGE,29,0,32
1787565876.553,2026-08-24 10:04:36.555,InnoDB,LOCK_SYS_PAGE,19,0,26
1787565876.553,2026-08-24 10:04:36.555,InnoDB,LOCK_SYS_PAGE,31,0,37
1787565876.553,2026-08-24 10:04:36.555,InnoDB,LOCK_SYS_PAGE,25,0,30
1787565876.553,2026-08-24 10:04:36.555,InnoDB,LOCK_SYS_PAGE,31,0,33
1787565876.553,2026-08-24 10:04:36.555,InnoDB,LOCK_SYS_PAGE,32,0,38
1787565876.553,2026-08-24 10:04:36.555,InnoDB,LOCK_SYS_PAGE,35,0,42
1787565876.553,2026-08-24 10:04:36.555,InnoDB,LOCK_SYS_PAGE,36,0,34
1787565876.553,2026-08-24 10:04:36.555,InnoDB,LOCK_SYS_PAGE,18,0,22
1787565876.553,2026-08-24 10:04:36.555,InnoDB,LOCK_SYS_PAGE,25,0,34
1787565876.553,2026-08-24 10:04:36.555,InnoDB,LOCK_SYS_PAGE,38,0,44
1787565876.553,2026-08-24 10:04:36.555,InnoDB,LOCK_SYS_PAGE,27,0,35
1787565876.553,2026-08-24 10:04:36.555,InnoDB,LOCK_SYS_PAGE,20,0,31
1787565876.553,2026-08-24 10:04:36.555,InnoDB,LOCK_SYS_PAGE,22,0,32
1787565876.553,2026-08-24 10:04:36.555,InnoDB,LOCK_SYS_PAGE,30,0,43
1787565876.553,2026-08-24 10:04:36.555,InnoDB,LOCK_SYS_PAGE,28,0,36
1787565876.553,2026-08-24 10:04:36.555,InnoDB,LOCK_SYS_PAGE,24,0,30
1787565876.553,2026-08-24 10:04:36.555,InnoDB,LOCK_SYS_PAGE,36,0,44
1787565876.553,2026-08-24 10:04:36.555,InnoDB,LOCK_SYS_PAGE,35,0,47
1787565876.553,2026-08-24 10:04:36.555,InnoDB,LOCK_SYS_PAGE,24,0,34
1787565876.553,2026-08-24 10:04:36.555,InnoDB,LOCK_SYS_PAGE,25,0,27
1787565876.553,2026-08-24 10:04:36.555,InnoDB,LOCK_SYS_PAGE,33,0,39
1787565876.553,2026-08-24 10:04:36.555,InnoDB,LOCK_SYS_PAGE,37,0,44
1787565876.553,2026-08-24 10:04:36.555,InnoDB,LOCK_SYS_PAGE,27,0,35
1787565876.553,2026-08-24 10:04:36.555,InnoDB,LOCK_SYS_PAGE,17,0,18
1787565876.553,2026-08-24 10:04:36.555,InnoDB,LOCK_SYS_PAGE,20,0,30
1787565876.553,2026-08-24 10:04:36.555,InnoDB,LOCK_SYS_PAGE,29,0,36
1787565876.553,2026-08-24 10:04:36.555,InnoDB,LOCK_SYS_PAGE,17,0,21
1787565876.553,2026-08-24 10:04:36.555,InnoDB,LOCK_SYS_PAGE,23,0,32
1787565876.553,2026-08-24 10:04:36.555,InnoDB,LOCK_SYS_PAGE,30,0,35
1787565876.553,2026-08-24 10:04:36.555,InnoDB,LOCK_SYS_PAGE,30,0,35
1787565876.553,2026-08-24 10:04:36.555,InnoDB,LOCK_SYS_PAGE,15,0,26
1787565876.553,2026-08-24 10:04:36.555,InnoDB,LOCK_SYS_PAGE,25,0,22
1787565876.553,2026-08-24 10:04:36.555,InnoDB,LOCK_SYS_PAGE,22,0,28
1787565876.553,2026-08-24 10:04:36.555,InnoDB,LOCK_SYS_PAGE,37,0,37
1787565876.553,2026-08-24 10:04:36.555,InnoDB,LOCK_SYS_PAGE,21,0,24
1787565876.553,2026-08-24 10:04:36.555,InnoDB,LOCK_SYS_PAGE,20,0,20
1787565876.553,2026-08-24 10:04:36.555,InnoDB,rwlock: fil0fil.cc:10242,,78034,
1787565876.553,2026-08-24 10:04:36.555,InnoDB,rwlock: fil0fil.cc:10242,,84527,
1787565876.553,2026-08-24 10:04:36.555,InnoDB,rwlock: dict0dict.cc:2631,,38304,
1787565876.553,2026-08-24 10:04:36.555,InnoDB,rwlock: dict0dict.cc:2631,,38385,
1787565876.553,2026-08-24 10:04:36.555,InnoDB,rwlock: dict0dict.cc:2631,,38095,
1787565876.553,2026-08-24 10:04:36.555,InnoDB,rwlock: dict0dict.cc:2631,,38485,
1787565876.553,2026-08-24 10:04:36.555,InnoDB,rwlock: dict0dict.cc:2631,,38603,
1787565876.553,2026-08-24 10:04:36.555,InnoDB,rwlock: dict0dict.cc:2631,,38322,
1787565876.553,2026-08-24 10:04:36.555,InnoDB,rwlock: dict0dict.cc:2631,,38324,
1787565876.553,2026-08-24 10:04:36.555,InnoDB,rwlock: dict0dict.cc:2631,,38346,
1787565876.553,2026-08-24 10:04:36.555,InnoDB,rwlock: dict0dict.cc:2631,,38402,
1787565876.553,2026-08-24 10:04:36.555,InnoDB,rwlock: dict0dict.cc:2631,,39179,
1787565876.553,2026-08-24 10:04:36.555,InnoDB,rwlock: dict0dict.cc:2631,,38631,
1787565876.553,2026-08-24 10:04:36.555,InnoDB,rwlock: dict0dict.cc:2631,,38862,
1787565876.553,2026-08-24 10:04:36.555,InnoDB,rwlock: dict0dict.cc:2631,,39115,
1787565876.553,2026-08-24 10:04:36.555,InnoDB,rwlock: dict0dict.cc:2631,,39132,
1787565876.553,2026-08-24 10:04:36.555,InnoDB,rwlock: dict0dict.cc:2631,,38084,
1787565876.553,2026-08-24 10:04:36.555,InnoDB,rwlock: dict0dict.cc:2631,,38388,
1787565876.553,2026-08-24 10:04:36.555,InnoDB,rwlock: dict0dict.cc:2631,,37912,
1787565876.553,2026-08-24 10:04:36.555,InnoDB,rwlock: dict0dict.cc:2631,,37690,
1787565876.553,2026-08-24 10:04:36.555,InnoDB,rwlock: dict0dict.cc:2631,,38032,
1787565876.553,2026-08-24 10:04:36.555,InnoDB,rwlock: dict0dict.cc:2631,,38160,
1787565876.553,2026-08-24 10:04:36.555,InnoDB,rwlock: dict0dict.cc:2631,,2,
1787565876.553,2026-08-24 10:04:36.555,InnoDB,rwlock: dict0dict.cc:2631,,2,
1787565876.553,2026-08-24 10:04:36.555,InnoDB,rwlock: fil0fil.cc:10242,,1,
1787565876.553,2026-08-24 10:04:36.555,InnoDB,rwlock: dict0dict.cc:2631,,1,
1787565876.553,2026-08-24 10:04:36.555,InnoDB,rwlock: dict0dict.cc:2631,,1,
1787565876.553,2026-08-24 10:04:36.555,InnoDB,rwlock: dict0dict.cc:2631,,1,
1787565876.553,2026-08-24 10:04:36.555,InnoDB,rwlock: dict0dict.cc:2631,,1,
1787565876.553,2026-08-24 10:04:36.555,InnoDB,rwlock: dict0dict.cc:2631,,1,
1787565876.553,2026-08-24 10:04:36.555,InnoDB,rwlock: dict0dict.cc:2631,,1,
1787565876.553,2026-08-24 10:04:36.555,InnoDB,rwlock: dict0dict.cc:2631,,1,
1787565876.553,2026-08-24 10:04:36.555,InnoDB,rwlock: dict0dict.cc:2631,,1,
1787565876.553,2026-08-24 10:04:36.555,InnoDB,rwlock: dict0dict.cc:2631,,2,
1787565876.553,2026-08-24 10:04:36.555,InnoDB,rwlock: dict0dict.cc:2631,,1,
1787565876.553,2026-08-24 10:04:36.555,InnoDB,rwlock: dict0dict.cc:2631,,1,
1787565876.553,2026-08-24 10:04:36.555,InnoDB,rwlock: dict0dict.cc:2631,,1,
1787565876.553,2026-08-24 10:04:36.555,InnoDB,rwlock: dict0dict.cc:2631,,3,
1787565876.553,2026-08-24 10:04:36.555,InnoDB,rwlock: dict0dict.cc:2631,,1,
1787565876.553,2026-08-24 10:04:36.555,InnoDB,rwlock: dict0dict.cc:2631,,1,
1787565876.553,2026-08-24 10:04:36.555,InnoDB,rwlock: dict0dict.cc:2631,,1,
1787565876.553,2026-08-24 10:04:36.555,InnoDB,rwlock: fil0fil.cc:10242,,1,
1787565876.553,2026-08-24 10:04:36.555,InnoDB,rwlock: trx0purge.cc:232,,2,
1787565876.553,2026-08-24 10:04:36.555,InnoDB,rwlock: dict0dict.cc:1180,,16,
1787565876.553,2026-08-24 10:04:36.555,InnoDB,rwlock: hash0hash.cc:117,,1760250,
1787565876.553,2026-08-24 10:04:36.555,InnoDB,rwlock: hash0hash.cc:117,,1302759,
1787565876.553,2026-08-24 10:04:36.555,InnoDB,rwlock: hash0hash.cc:117,,1311446,
1787565876.553,2026-08-24 10:04:36.555,InnoDB,rwlock: hash0hash.cc:117,,1611923,
1787565876.553,2026-08-24 10:04:36.555,InnoDB,rwlock: hash0hash.cc:117,,1199551,
1787565876.553,2026-08-24 10:04:36.555,InnoDB,rwlock: hash0hash.cc:117,,1550799,
1787565876.553,2026-08-24 10:04:36.555,InnoDB,rwlock: hash0hash.cc:117,,1359425,
1787565876.553,2026-08-24 10:04:36.555,InnoDB,rwlock: hash0hash.cc:117,,1344908,
1787565876.553,2026-08-24 10:04:36.555,InnoDB,rwlock: hash0hash.cc:117,,1550883,
1787565876.553,2026-08-24 10:04:36.555,InnoDB,rwlock: hash0hash.cc:117,,1039207,
1787565876.553,2026-08-24 10:04:36.555,InnoDB,rwlock: hash0hash.cc:117,,1483147,
1787565876.553,2026-08-24 10:04:36.555,InnoDB,rwlock: hash0hash.cc:117,,1487335,
1787565876.553,2026-08-24 10:04:36.555,InnoDB,rwlock: hash0hash.cc:117,,1221828,
1787565876.553,2026-08-24 10:04:36.555,InnoDB,rwlock: hash0hash.cc:117,,1512217,
1787565876.553,2026-08-24 10:04:36.555,InnoDB,rwlock: hash0hash.cc:117,,1309181,
1787565876.553,2026-08-24 10:04:36.555,InnoDB,rwlock: hash0hash.cc:117,,1189240,
1787565876.553,2026-08-24 10:04:36.555,InnoDB,sum rwlock: buf0buf.cc:852,,6431036,
1787565894.723,2026-08-24 10:04:54.727,InnoDB,BUF_POOL_LRU_LIST,570531823,1044452269,360429904
1787565894.723,2026-08-24 10:04:54.727,InnoDB,LOG_WRITER,3988644,132878,579
1787565894.723,2026-08-24 10:04:54.727,InnoDB,FLUSH_LIST,3017215,37244,1798043
1787565894.723,2026-08-24 10:04:54.727,InnoDB,BUF_BLOCK_MUTEX,1294210,22316,152502
1787565894.723,2026-08-24 10:04:54.727,InnoDB,BUF_POOL_FLUSH_STATE,9861700,10373,5276756
1787565894.723,2026-08-24 10:04:54.727,InnoDB,TRX_SYS,640088,6941,365600
1787565894.723,2026-08-24 10:04:54.727,InnoDB,TRX_SYS_SERIALISATION,124375,2747,36833
1787565894.723,2026-08-24 10:04:54.727,InnoDB,BUF_POOL_FREE_LIST,14113574,2213,13613184
1787565894.723,2026-08-24 10:04:54.727,InnoDB,UNDO_SPACE_RSEG,26456,864,188
1787565894.723,2026-08-24 10:04:54.727,InnoDB,PURGE_SYS_PQ,49466,788,22060
1787565894.723,2026-08-24 10:04:54.727,InnoDB,UNDO_SPACE_RSEG,21248,695,168
1787565894.723,2026-08-24 10:04:54.727,InnoDB,UNDO_SPACE_RSEG,19499,638,133
1787565894.723,2026-08-24 10:04:54.727,InnoDB,UNDO_SPACE_RSEG,17192,563,128
1787565894.723,2026-08-24 10:04:54.727,InnoDB,UNDO_SPACE_RSEG,16853,550,156
1787565894.723,2026-08-24 10:04:54.727,InnoDB,UNDO_SPACE_RSEG,16172,528,125
1787565894.723,2026-08-24 10:04:54.727,InnoDB,UNDO_SPACE_RSEG,15750,510,139
1787565894.723,2026-08-24 10:04:54.727,InnoDB,UNDO_SPACE_RSEG,15037,494,136
1787565894.723,2026-08-24 10:04:54.727,InnoDB,UNDO_SPACE_RSEG,14899,485,148
1787565894.723,2026-08-24 10:04:54.727,InnoDB,UNDO_SPACE_RSEG,14407,474,121
1787565894.723,2026-08-24 10:04:54.727,InnoDB,UNDO_SPACE_RSEG,14025,460,123
1787565894.723,2026-08-24 10:04:54.727,InnoDB,UNDO_SPACE_RSEG,13276,436,98
1787565894.723,2026-08-24 10:04:54.727,InnoDB,UNDO_SPACE_RSEG,13315,435,117
1787565894.723,2026-08-24 10:04:54.727,InnoDB,UNDO_SPACE_RSEG,13094,427,119
1787565894.723,2026-08-24 10:04:54.727,InnoDB,UNDO_SPACE_RSEG,12386,401,120
1787565894.723,2026-08-24 10:04:54.727,InnoDB,UNDO_SPACE_RSEG,12447,399,138
1787565894.723,2026-08-24 10:04:54.727,InnoDB,UNDO_SPACE_RSEG,12030,393,131
1787565894.723,2026-08-24 10:04:54.727,InnoDB,UNDO_SPACE_RSEG,11917,386,126
1787565894.723,2026-08-24 10:04:54.727,InnoDB,UNDO_SPACE_RSEG,11756,381,121
1787565894.723,2026-08-24 10:04:54.727,InnoDB,UNDO_SPACE_RSEG,11407,373,115
1787565894.723,2026-08-24 10:04:54.727,InnoDB,UNDO_SPACE_RSEG,11111,362,117
1787565894.723,2026-08-24 10:04:54.727,InnoDB,UNDO_SPACE_RSEG,11186,362,111
1787565894.723,2026-08-24 10:04:54.727,InnoDB,UNDO_SPACE_RSEG,10808,352,101
1787565894.723,2026-08-24 10:04:54.727,InnoDB,UNDO_SPACE_RSEG,10738,350,99
1787565894.723,2026-08-24 10:04:54.727,InnoDB,UNDO_SPACE_RSEG,10703,347,139
1787565894.723,2026-08-24 10:04:54.727,InnoDB,UNDO_SPACE_RSEG,10337,336,105
1787565894.723,2026-08-24 10:04:54.727,InnoDB,DICT_PERSIST_DIRTY_TABLES,638213,336,253934
1787565894.723,2026-08-24 10:04:54.727,InnoDB,UNDO_SPACE_RSEG,10455,334,124
1787565894.723,2026-08-24 10:04:54.727,InnoDB,UNDO_SPACE_RSEG,10075,324,144
1787565894.723,2026-08-24 10:04:54.727,InnoDB,UNDO_SPACE_RSEG,9779,318,121
1787565894.723,2026-08-24 10:04:54.727,InnoDB,UNDO_SPACE_RSEG,9496,313,81
1787565894.723,2026-08-24 10:04:54.727,InnoDB,UNDO_SPACE_RSEG,9522,308,112
1787565894.723,2026-08-24 10:04:54.727,InnoDB,UNDO_SPACE_RSEG,9366,306,101
1787565894.723,2026-08-24 10:04:54.727,InnoDB,UNDO_SPACE_RSEG,9358,305,109
1787565894.723,2026-08-24 10:04:54.727,InnoDB,UNDO_SPACE_RSEG,9195,296,105
1787565894.723,2026-08-24 10:04:54.727,InnoDB,UNDO_SPACE_RSEG,8837,287,117
1787565894.723,2026-08-24 10:04:54.727,InnoDB,UNDO_SPACE_RSEG,8604,283,102
1787565894.723,2026-08-24 10:04:54.727,InnoDB,UNDO_SPACE_RSEG,8754,283,100
1787565894.723,2026-08-24 10:04:54.727,InnoDB,UNDO_SPACE_RSEG,8614,282,121
1787565894.723,2026-08-24 10:04:54.727,InnoDB,UNDO_SPACE_RSEG,8492,278,86
1787565894.723,2026-08-24 10:04:54.727,InnoDB,UNDO_SPACE_RSEG,8355,275,99
1787565894.723,2026-08-24 10:04:54.727,InnoDB,UNDO_SPACE_RSEG,8517,275,112
1787565894.723,2026-08-24 10:04:54.727,InnoDB,UNDO_SPACE_RSEG,8174,265,118
1787565894.723,2026-08-24 10:04:54.727,InnoDB,UNDO_SPACE_RSEG,8124,262,124
1787565894.723,2026-08-24 10:04:54.727,InnoDB,UNDO_SPACE_RSEG,8074,261,92
1787565894.723,2026-08-24 10:04:54.727,InnoDB,UNDO_SPACE_RSEG,7904,258,100
1787565894.723,2026-08-24 10:04:54.727,InnoDB,UNDO_SPACE_RSEG,8070,258,125
1787565894.723,2026-08-24 10:04:54.727,InnoDB,UNDO_SPACE_RSEG,7982,258,99
1787565894.723,2026-08-24 10:04:54.727,InnoDB,UNDO_SPACE_RSEG,7787,253,116
1787565894.723,2026-08-24 10:04:54.727,InnoDB,UNDO_SPACE_RSEG,7793,251,117
1787565894.723,2026-08-24 10:04:54.727,InnoDB,UNDO_SPACE_RSEG,7733,250,101
1787565894.723,2026-08-24 10:04:54.727,InnoDB,UNDO_SPACE_RSEG,7622,249,109
1787565894.723,2026-08-24 10:04:54.727,InnoDB,UNDO_SPACE_RSEG,7581,247,102
1787565894.723,2026-08-24 10:04:54.727,InnoDB,UNDO_SPACE_RSEG,7491,241,113
1787565894.723,2026-08-24 10:04:54.727,InnoDB,UNDO_SPACE_RSEG,7415,240,86
1787565894.723,2026-08-24 10:04:54.727,InnoDB,UNDO_SPACE_RSEG,7324,239,90
1787565894.723,2026-08-24 10:04:54.727,InnoDB,UNDO_SPACE_RSEG,7413,237,121
1787565894.723,2026-08-24 10:04:54.727,InnoDB,UNDO_SPACE_RSEG,7323,236,124
1787565894.723,2026-08-24 10:04:54.727,InnoDB,UNDO_SPACE_RSEG,7268,235,84
1787565894.723,2026-08-24 10:04:54.727,InnoDB,UNDO_SPACE_RSEG,7434,234,134
1787565894.723,2026-08-24 10:04:54.727,InnoDB,UNDO_SPACE_RSEG,7216,232,95
1787565894.723,2026-08-24 10:04:54.727,InnoDB,UNDO_SPACE_RSEG,7074,231,112
1787565894.723,2026-08-24 10:04:54.727,InnoDB,UNDO_SPACE_RSEG,7075,231,84
1787565894.723,2026-08-24 10:04:54.727,InnoDB,UNDO_SPACE_RSEG,7073,228,108
1787565894.723,2026-08-24 10:04:54.727,InnoDB,UNDO_SPACE_RSEG,6944,227,113
1787565894.723,2026-08-24 10:04:54.727,InnoDB,UNDO_SPACE_RSEG,6982,224,113
1787565894.723,2026-08-24 10:04:54.727,InnoDB,UNDO_SPACE_RSEG,6907,222,101
1787565894.723,2026-08-24 10:04:54.727,InnoDB,UNDO_SPACE_RSEG,6890,221,114
1787565894.723,2026-08-24 10:04:54.727,InnoDB,UNDO_SPACE_RSEG,6590,216,78
1787565894.723,2026-08-24 10:04:54.727,InnoDB,UNDO_SPACE_RSEG,6629,216,95
1787565894.723,2026-08-24 10:04:54.727,InnoDB,UNDO_SPACE_RSEG,6592,214,113
1787565894.723,2026-08-24 10:04:54.727,InnoDB,UNDO_SPACE_RSEG,6607,214,91
1787565894.723,2026-08-24 10:04:54.727,InnoDB,UNDO_SPACE_RSEG,6618,213,91
1787565894.723,2026-08-24 10:04:54.727,InnoDB,UNDO_SPACE_RSEG,6586,209,114
1787565894.723,2026-08-24 10:04:54.727,InnoDB,UNDO_SPACE_RSEG,6395,209,112
1787565894.723,2026-08-24 10:04:54.727,InnoDB,UNDO_SPACE_RSEG,6338,208,90
1787565894.723,2026-08-24 10:04:54.727,InnoDB,UNDO_SPACE_RSEG,6338,204,107
1787565894.723,2026-08-24 10:04:54.727,InnoDB,UNDO_SPACE_RSEG,6231,202,102
1787565894.723,2026-08-24 10:04:54.727,InnoDB,UNDO_SPACE_RSEG,6209,202,80
1787565894.723,2026-08-24 10:04:54.727,InnoDB,UNDO_SPACE_RSEG,6350,202,73
1787565894.723,2026-08-24 10:04:54.727,InnoDB,UNDO_SPACE_RSEG,6224,201,87
1787565894.723,2026-08-24 10:04:54.727,InnoDB,UNDO_SPACE_RSEG,6373,201,103
1787565894.723,2026-08-24 10:04:54.727,InnoDB,UNDO_SPACE_RSEG,6129,201,104
1787565894.723,2026-08-24 10:04:54.727,InnoDB,UNDO_SPACE_RSEG,6174,201,95
1787565894.723,2026-08-24 10:04:54.727,InnoDB,UNDO_SPACE_RSEG,6162,201,99
1787565894.723,2026-08-24 10:04:54.727,InnoDB,UNDO_SPACE_RSEG,6201,199,109
1787565894.723,2026-08-24 10:04:54.727,InnoDB,UNDO_SPACE_RSEG,6055,197,114
1787565894.723,2026-08-24 10:04:54.727,InnoDB,UNDO_SPACE_RSEG,6162,197,89
1787565894.723,2026-08-24 10:04:54.727,InnoDB,UNDO_SPACE_RSEG,5937,194,80
1787565894.723,2026-08-24 10:04:54.727,InnoDB,UNDO_SPACE_RSEG,6023,193,93
1787565894.723,2026-08-24 10:04:54.727,InnoDB,UNDO_SPACE_RSEG,5966,192,87
1787565894.723,2026-08-24 10:04:54.727,InnoDB,UNDO_SPACE_RSEG,5973,191,86
1787565894.723,2026-08-24 10:04:54.727,InnoDB,UNDO_SPACE_RSEG,5919,189,112
1787565894.723,2026-08-24 10:04:54.727,InnoDB,UNDO_SPACE_RSEG,5752,187,99
1787565894.723,2026-08-24 10:04:54.727,InnoDB,UNDO_SPACE_RSEG,5776,187,106
1787565894.723,2026-08-24 10:04:54.727,InnoDB,UNDO_SPACE_RSEG,5780,185,88
1787565894.723,2026-08-24 10:04:54.727,InnoDB,UNDO_SPACE_RSEG,5723,183,90
1787565894.723,2026-08-24 10:04:54.727,InnoDB,UNDO_SPACE_RSEG,5637,182,107
1787565894.723,2026-08-24 10:04:54.727,InnoDB,UNDO_SPACE_RSEG,5546,182,69
1787565894.723,2026-08-24 10:04:54.727,InnoDB,UNDO_SPACE_RSEG,5692,179,112
1787565894.723,2026-08-24 10:04:54.727,InnoDB,UNDO_SPACE_RSEG,5508,178,81
1787565894.723,2026-08-24 10:04:54.727,InnoDB,UNDO_SPACE_RSEG,5465,176,105
1787565894.723,2026-08-24 10:04:54.727,InnoDB,UNDO_SPACE_RSEG,5485,175,111
1787565894.723,2026-08-24 10:04:54.727,InnoDB,UNDO_SPACE_RSEG,5372,173,124
1787565894.723,2026-08-24 10:04:54.727,InnoDB,UNDO_SPACE_RSEG,5270,173,87
1787565894.723,2026-08-24 10:04:54.727,InnoDB,UNDO_SPACE_RSEG,5289,172,76
1787565894.723,2026-08-24 10:04:54.727,InnoDB,UNDO_SPACE_RSEG,5385,172,98
1787565894.723,2026-08-24 10:04:54.727,InnoDB,UNDO_SPACE_RSEG,5456,172,109
1787565894.723,2026-08-24 10:04:54.727,InnoDB,UNDO_SPACE_RSEG,5414,171,126
1787565894.723,2026-08-24 10:04:54.727,InnoDB,UNDO_SPACE_RSEG,5256,171,103
1787565894.723,2026-08-24 10:04:54.727,InnoDB,UNDO_SPACE_RSEG,5324,171,79
1787565894.723,2026-08-24 10:04:54.727,InnoDB,UNDO_SPACE_RSEG,5262,170,81
1787565894.723,2026-08-24 10:04:54.727,InnoDB,UNDO_SPACE_RSEG,5189,169,91
1787565894.723,2026-08-24 10:04:54.727,InnoDB,UNDO_SPACE_RSEG,5240,168,106
1787565894.723,2026-08-24 10:04:54.727,InnoDB,SRV_SYS,304918,167,190209
1787565894.723,2026-08-24 10:04:54.727,InnoDB,UNDO_SPACE_RSEG,5230,167,86
1787565894.723,2026-08-24 10:04:54.727,InnoDB,UNDO_SPACE_RSEG,5174,167,89
1787565894.723,2026-08-24 10:04:54.727,InnoDB,UNDO_SPACE_RSEG,5029,163,79
1787565894.723,2026-08-24 10:04:54.727,InnoDB,UNDO_SPACE_RSEG,5040,163,84
1787565894.723,2026-08-24 10:04:54.727,InnoDB,UNDO_SPACE_RSEG,5212,162,86
1787565894.723,2026-08-24 10:04:54.727,InnoDB,UNDO_SPACE_RSEG,5023,162,77
1787565894.723,2026-08-24 10:04:54.727,InnoDB,UNDO_SPACE_RSEG,5119,162,111
1787565894.723,2026-08-24 10:04:54.727,InnoDB,UNDO_SPACE_RSEG,4992,160,75
1787565894.723,2026-08-24 10:04:54.727,InnoDB,UNDO_SPACE_RSEG,5059,160,118
1787565894.723,2026-08-24 10:04:54.727,InnoDB,UNDO_SPACE_RSEG,4897,160,76
1787565894.723,2026-08-24 10:04:54.727,InnoDB,UNDO_SPACE_RSEG,4951,159,115
1787565894.723,2026-08-24 10:04:54.727,InnoDB,UNDO_SPACE_RSEG,4893,159,84
1787565894.723,2026-08-24 10:04:54.727,InnoDB,UNDO_SPACE_RSEG,5089,159,96
1787565894.723,2026-08-24 10:04:54.727,InnoDB,UNDO_SPACE_RSEG,4961,158,81
1787565894.723,2026-08-24 10:04:54.727,InnoDB,UNDO_SPACE_RSEG,4981,157,102
1787565894.723,2026-08-24 10:04:54.727,InnoDB,UNDO_SPACE_RSEG,5063,157,104
1787565894.723,2026-08-24 10:04:54.727,InnoDB,UNDO_SPACE_RSEG,4895,156,90
1787565894.723,2026-08-24 10:04:54.727,InnoDB,UNDO_SPACE_RSEG,4790,155,77
1787565894.723,2026-08-24 10:04:54.727,InnoDB,UNDO_SPACE_RSEG,4668,150,90
1787565894.723,2026-08-24 10:04:54.727,InnoDB,UNDO_SPACE_RSEG,4617,149,75
1787565894.723,2026-08-24 10:04:54.727,InnoDB,UNDO_SPACE_RSEG,4573,146,107
1787565894.723,2026-08-24 10:04:54.727,InnoDB,UNDO_SPACE_RSEG,4581,145,98
1787565894.723,2026-08-24 10:04:54.727,InnoDB,UNDO_SPACE_RSEG,4523,145,84
1787565894.723,2026-08-24 10:04:54.727,InnoDB,UNDO_SPACE_RSEG,4454,141,99
1787565894.723,2026-08-24 10:04:54.727,InnoDB,UNDO_SPACE_RSEG,4497,140,112
1787565894.723,2026-08-24 10:04:54.727,InnoDB,DICT_SYS,3616077,139,2256646
1787565894.723,2026-08-24 10:04:54.727,InnoDB,UNDO_SPACE_RSEG,4331,139,76
1787565894.723,2026-08-24 10:04:54.727,InnoDB,UNDO_SPACE_RSEG,4306,138,86
1787565894.723,2026-08-24 10:04:54.727,InnoDB,UNDO_SPACE_RSEG,4302,136,88
1787565894.723,2026-08-24 10:04:54.727,InnoDB,UNDO_SPACE_RSEG,4150,136,62
1787565894.723,2026-08-24 10:04:54.727,InnoDB,UNDO_SPACE_RSEG,4287,136,100
1787565894.723,2026-08-24 10:04:54.727,InnoDB,UNDO_SPACE_RSEG,4238,136,74
1787565894.723,2026-08-24 10:04:54.727,InnoDB,UNDO_SPACE_RSEG,4193,133,96
1787565894.723,2026-08-24 10:04:54.727,InnoDB,LOG_FLUSHER,4924,132,215
1787565894.723,2026-08-24 10:04:54.727,InnoDB,UNDO_SPACE_RSEG,4233,132,107
1787565894.723,2026-08-24 10:04:54.727,InnoDB,UNDO_SPACE_RSEG,4224,131,104
1787565894.723,2026-08-24 10:04:54.727,InnoDB,UNDO_SPACE_RSEG,4052,130,59
1787565894.723,2026-08-24 10:04:54.727,InnoDB,UNDO_SPACE_RSEG,4136,129,102
1787565894.723,2026-08-24 10:04:54.727,InnoDB,UNDO_SPACE_RSEG,3952,129,79
1787565894.723,2026-08-24 10:04:54.727,InnoDB,UNDO_SPACE_RSEG,4037,128,87
1787565894.723,2026-08-24 10:04:54.727,InnoDB,UNDO_SPACE_RSEG,4040,128,81
1787565894.723,2026-08-24 10:04:54.727,InnoDB,UNDO_SPACE_RSEG,4089,128,86
1787565894.723,2026-08-24 10:04:54.727,InnoDB,UNDO_SPACE_RSEG,3965,128,102
1787565894.723,2026-08-24 10:04:54.727,InnoDB,UNDO_SPACE_RSEG,3864,124,67
1787565894.723,2026-08-24 10:04:54.727,InnoDB,UNDO_SPACE_RSEG,3931,124,98
1787565894.723,2026-08-24 10:04:54.727,InnoDB,UNDO_SPACE_RSEG,3891,123,75
1787565894.723,2026-08-24 10:04:54.727,InnoDB,UNDO_SPACE_RSEG,3776,122,80
1787565894.723,2026-08-24 10:04:54.727,InnoDB,UNDO_SPACE_RSEG,3614,116,85
1787565894.723,2026-08-24 10:04:54.727,InnoDB,UNDO_SPACE_RSEG,3625,116,62
1787565894.723,2026-08-24 10:04:54.727,InnoDB,UNDO_SPACE_RSEG,3665,115,94
1787565894.723,2026-08-24 10:04:54.727,InnoDB,LOG_FILES,5693,115,227
1787565894.723,2026-08-24 10:04:54.727,InnoDB,UNDO_SPACE_RSEG,3572,115,84
1787565894.723,2026-08-24 10:04:54.727,InnoDB,UNDO_SPACE_RSEG,3613,114,86
1787565894.723,2026-08-24 10:04:54.727,InnoDB,UNDO_SPACE_RSEG,3500,112,77
1787565894.723,2026-08-24 10:04:54.727,InnoDB,UNDO_SPACE_RSEG,3404,111,86
1787565894.723,2026-08-24 10:04:54.727,InnoDB,UNDO_SPACE_RSEG,3451,110,105
1787565894.723,2026-08-24 10:04:54.727,InnoDB,UNDO_SPACE_RSEG,3519,110,93
1787565894.723,2026-08-24 10:04:54.727,InnoDB,UNDO_SPACE_RSEG,3391,109,78
1787565894.723,2026-08-24 10:04:54.727,InnoDB,UNDO_SPACE_RSEG,3416,108,81
1787565894.723,2026-08-24 10:04:54.727,InnoDB,UNDO_SPACE_RSEG,3520,107,99
1787565894.723,2026-08-24 10:04:54.727,InnoDB,UNDO_SPACE_RSEG,3439,104,103
1787565894.723,2026-08-24 10:04:54.727,InnoDB,UNDO_SPACE_RSEG,3220,103,95
1787565894.723,2026-08-24 10:04:54.727,InnoDB,UNDO_SPACE_RSEG,3306,102,80
1787565894.723,2026-08-24 10:04:54.727,InnoDB,FIL_SHARD,222131,102,229053
1787565894.723,2026-08-24 10:04:54.727,InnoDB,UNDO_SPACE_RSEG,3125,101,56
1787565894.723,2026-08-24 10:04:54.727,InnoDB,UNDO_SPACE_RSEG,3168,101,99
1787565894.723,2026-08-24 10:04:54.727,InnoDB,UNDO_SPACE_RSEG,3144,100,66
1787565894.723,2026-08-24 10:04:54.727,InnoDB,UNDO_SPACE_RSEG,3249,99,105
1787565894.723,2026-08-24 10:04:54.727,InnoDB,UNDO_SPACE_RSEG,3176,97,98
1787565894.723,2026-08-24 10:04:54.727,InnoDB,UNDO_SPACE_RSEG,3184,97,102
1787565894.723,2026-08-24 10:04:54.727,InnoDB,UNDO_SPACE_RSEG,3180,96,91
1787565894.723,2026-08-24 10:04:54.727,InnoDB,UNDO_SPACE_RSEG,3048,96,65
1787565894.723,2026-08-24 10:04:54.727,InnoDB,UNDO_SPACE_RSEG,3010,96,83
1787565894.723,2026-08-24 10:04:54.727,InnoDB,UNDO_SPACE_RSEG,2997,95,79
1787565894.723,2026-08-24 10:04:54.727,InnoDB,UNDO_SPACE_RSEG,2991,95,62
1787565894.723,2026-08-24 10:04:54.727,InnoDB,UNDO_SPACE_RSEG,2981,94,91
1787565894.723,2026-08-24 10:04:54.727,InnoDB,FIL_SHARD,211968,93,222330
1787565894.723,2026-08-24 10:04:54.727,InnoDB,UNDO_SPACE_RSEG,2900,93,80
1787565894.723,2026-08-24 10:04:54.727,InnoDB,UNDO_SPACE_RSEG,2959,92,64
1787565894.723,2026-08-24 10:04:54.727,InnoDB,FIL_SHARD,210372,90,222440
1787565894.723,2026-08-24 10:04:54.727,InnoDB,UNDO_SPACE_RSEG,2868,90,72
1787565894.723,2026-08-24 10:04:54.727,InnoDB,UNDO_SPACE_RSEG,2808,89,90
1787565894.723,2026-08-24 10:04:54.727,InnoDB,UNDO_SPACE_RSEG,2956,89,67
1787565894.723,2026-08-24 10:04:54.727,InnoDB,UNDO_SPACE_RSEG,2726,86,79
1787565894.723,2026-08-24 10:04:54.727,InnoDB,UNDO_SPACE_RSEG,2695,86,76
1787565894.723,2026-08-24 10:04:54.727,InnoDB,UNDO_SPACE_RSEG,2713,85,80
1787565894.723,2026-08-24 10:04:54.727,InnoDB,FIL_SHARD,222314,84,230878
1787565894.723,2026-08-24 10:04:54.727,InnoDB,UNDO_SPACE_RSEG,2686,84,63
1787565894.723,2026-08-24 10:04:54.727,InnoDB,UNDO_SPACE_RSEG,2561,83,61
1787565894.723,2026-08-24 10:04:54.727,InnoDB,UNDO_SPACE_RSEG,2615,83,71
1787565894.723,2026-08-24 10:04:54.727,InnoDB,FIL_SHARD,200457,83,212794
1787565894.723,2026-08-24 10:04:54.727,InnoDB,UNDO_SPACE_RSEG,2641,83,65
1787565894.723,2026-08-24 10:04:54.727,InnoDB,UNDO_SPACE_RSEG,2723,82,69
1787565894.723,2026-08-24 10:04:54.727,InnoDB,FIL_SHARD,223061,81,233121
1787565894.723,2026-08-24 10:04:54.727,InnoDB,FIL_SHARD,219312,81,242516
1787565894.723,2026-08-24 10:04:54.727,InnoDB,FIL_SHARD,199669,80,213027
1787565894.723,2026-08-24 10:04:54.727,InnoDB,FIL_SHARD,208338,79,220436
1787565894.723,2026-08-24 10:04:54.727,InnoDB,UNDO_SPACE_RSEG,2395,78,53
1787565894.723,2026-08-24 10:04:54.727,InnoDB,UNDO_SPACE_RSEG,2441,78,81
1787565894.723,2026-08-24 10:04:54.727,InnoDB,UNDO_SPACE_RSEG,2498,78,79
1787565894.723,2026-08-24 10:04:54.727,InnoDB,UNDO_SPACE_RSEG,2432,78,80
1787565894.723,2026-08-24 10:04:54.727,InnoDB,UNDO_SPACE_RSEG,2395,77,75
1787565894.723,2026-08-24 10:04:54.727,InnoDB,UNDO_SPACE_RSEG,2465,77,81
1787565894.723,2026-08-24 10:04:54.727,InnoDB,UNDO_SPACE_RSEG,2389,77,65
1787565894.723,2026-08-24 10:04:54.727,InnoDB,FIL_SHARD,216490,77,241512
1787565894.723,2026-08-24 10:04:54.727,InnoDB,UNDO_SPACE_RSEG,2461,77,63
1787565894.723,2026-08-24 10:04:54.727,InnoDB,UNDO_SPACE_RSEG,2391,76,80
1787565894.723,2026-08-24 10:04:54.727,InnoDB,UNDO_SPACE_RSEG,2417,76,72
1787565894.723,2026-08-24 10:04:54.727,InnoDB,FIL_SHARD,219401,76,243967
1787565894.723,2026-08-24 10:04:54.727,InnoDB,UNDO_SPACE_RSEG,2415,75,95
1787565894.723,2026-08-24 10:04:54.727,InnoDB,UNDO_SPACE_RSEG,2375,75,77
1787565894.723,2026-08-24 10:04:54.727,InnoDB,FIL_SHARD,224380,74,247145
1787565894.723,2026-08-24 10:04:54.727,InnoDB,FIL_SHARD,207280,74,219245
1787565894.723,2026-08-24 10:04:54.727,InnoDB,UNDO_SPACE_RSEG,2393,74,68
1787565894.723,2026-08-24 10:04:54.727,InnoDB,FIL_SHARD,215940,74,226434
1787565894.723,2026-08-24 10:04:54.727,InnoDB,UNDO_SPACE_RSEG,2360,74,77
1787565894.723,2026-08-24 10:04:54.727,InnoDB,UNDO_SPACE_RSEG,2358,73,89
1787565894.723,2026-08-24 10:04:54.727,InnoDB,FIL_SHARD,210715,73,221046
1787565894.723,2026-08-24 10:04:54.727,InnoDB,UNDO_SPACE_RSEG,2258,72,60
1787565894.723,2026-08-24 10:04:54.727,InnoDB,FIL_SHARD,216615,72,227849
1787565894.723,2026-08-24 10:04:54.727,InnoDB,UNDO_SPACE_RSEG,2335,71,61
1787565894.723,2026-08-24 10:04:54.727,InnoDB,UNDO_SPACE_RSEG,2325,71,83
1787565894.723,2026-08-24 10:04:54.727,InnoDB,UNDO_SPACE_RSEG,2218,71,60
1787565894.723,2026-08-24 10:04:54.727,InnoDB,UNDO_SPACE_RSEG,2289,70,83
1787565894.723,2026-08-24 10:04:54.727,InnoDB,UNDO_SPACE_RSEG,2312,70,83
1787565894.723,2026-08-24 10:04:54.727,InnoDB,UNDO_SPACE_RSEG,2196,70,58
1787565894.723,2026-08-24 10:04:54.727,InnoDB,FIL_SHARD,214170,70,225155
1787565894.723,2026-08-24 10:04:54.727,InnoDB,UNDO_SPACE_RSEG,2188,69,76
1787565894.723,2026-08-24 10:04:54.727,InnoDB,FIL_SHARD,210334,69,223207
1787565894.723,2026-08-24 10:04:54.727,InnoDB,UNDO_SPACE_RSEG,2257,69,78
1787565894.723,2026-08-24 10:04:54.727,InnoDB,UNDO_SPACE_RSEG,2114,68,72
1787565894.723,2026-08-24 10:04:54.727,InnoDB,FIL_SHARD,215320,68,227604
1787565894.723,2026-08-24 10:04:54.727,InnoDB,UNDO_SPACE_RSEG,2253,67,99
1787565894.723,2026-08-24 10:04:54.727,InnoDB,UNDO_SPACE_RSEG,2064,64,64
1787565894.723,2026-08-24 10:04:54.727,InnoDB,UNDO_SPACE_RSEG,2025,64,68
1787565894.723,2026-08-24 10:04:54.727,InnoDB,UNDO_SPACE_RSEG,2082,64,66
1787565894.723,2026-08-24 10:04:54.727,InnoDB,UNDO_SPACE_RSEG,2148,63,80
1787565894.723,2026-08-24 10:04:54.727,InnoDB,UNDO_SPACE_RSEG,2018,63,60
1787565894.723,2026-08-24 10:04:54.727,InnoDB,UNDO_SPACE_RSEG,2110,63,94
1787565894.723,2026-08-24 10:04:54.727,InnoDB,FIL_SHARD,203429,62,229395
1787565894.723,2026-08-24 10:04:54.727,InnoDB,IBUF_BITMAP,4241,61,1551
1787565894.723,2026-08-24 10:04:54.727,InnoDB,UNDO_SPACE_RSEG,1986,59,89
1787565894.723,2026-08-24 10:04:54.727,InnoDB,UNDO_SPACE_RSEG,1842,58,55
1787565894.723,2026-08-24 10:04:54.727,InnoDB,UNDO_SPACE_RSEG,1813,58,74
1787565894.723,2026-08-24 10:04:54.727,InnoDB,UNDO_SPACE_RSEG,1828,58,48
1787565894.723,2026-08-24 10:04:54.727,InnoDB,UNDO_SPACE_RSEG,1809,58,58
1787565894.723,2026-08-24 10:04:54.727,InnoDB,UNDO_SPACE_RSEG,1782,56,65
1787565894.723,2026-08-24 10:04:54.727,InnoDB,UNDO_SPACE_RSEG,1791,56,60
1787565894.723,2026-08-24 10:04:54.727,InnoDB,UNDO_SPACE_RSEG,1854,56,77
1787565894.723,2026-08-24 10:04:54.727,InnoDB,UNDO_SPACE_RSEG,1723,55,50
1787565894.723,2026-08-24 10:04:54.727,InnoDB,UNDO_SPACE_RSEG,1705,55,63
1787565894.723,2026-08-24 10:04:54.727,InnoDB,UNDO_SPACE_RSEG,1719,53,64
1787565894.723,2026-08-24 10:04:54.727,InnoDB,UNDO_SPACE_RSEG,1768,52,89
1787565894.723,2026-08-24 10:04:54.727,InnoDB,UNDO_SPACE_RSEG,1640,51,69
1787565894.723,2026-08-24 10:04:54.727,InnoDB,UNDO_SPACE_RSEG,1591,51,55
1787565894.723,2026-08-24 10:04:54.727,InnoDB,UNDO_SPACE_RSEG,1707,51,81
1787565894.723,2026-08-24 10:04:54.727,InnoDB,UNDO_SPACE_RSEG,1573,49,52
1787565894.723,2026-08-24 10:04:54.727,InnoDB,UNDO_SPACE_RSEG,1552,48,56
1787565894.723,2026-08-24 10:04:54.727,InnoDB,UNDO_SPACE_RSEG,1514,47,54
1787565894.723,2026-08-24 10:04:54.727,InnoDB,DICT_TABLE_STATS_COMPUTE,1322,44,9
1787565894.723,2026-08-24 10:04:54.727,InnoDB,UNDO_SPACE_RSEG,1464,44,60
1787565894.723,2026-08-24 10:04:54.727,InnoDB,UNDO_SPACE_RSEG,1363,42,52
1787565894.723,2026-08-24 10:04:54.727,InnoDB,UNDO_SPACE_RSEG,1406,42,77
1787565894.723,2026-08-24 10:04:54.727,InnoDB,UNDO_SPACE_RSEG,1265,39,56
1787565894.723,2026-08-24 10:04:54.727,InnoDB,UNDO_SPACE_RSEG,1288,39,58
1787565894.723,2026-08-24 10:04:54.727,InnoDB,UNDO_SPACE_RSEG,1183,35,60
1787565894.723,2026-08-24 10:04:54.727,InnoDB,UNDO_SPACE_RSEG,1113,33,43
1787565894.723,2026-08-24 10:04:54.727,InnoDB,UNDO_SPACE_RSEG,931,29,41
1787565894.723,2026-08-24 10:04:54.727,InnoDB,TRX_POOL,629,19,31
1787565894.723,2026-08-24 10:04:54.727,InnoDB,TRX,107288,8,151722
1787565894.723,2026-08-24 10:04:54.727,InnoDB,DICT_TABLE_STATS_COMPUTE,90,3,2
1787565894.723,2026-08-24 10:04:54.727,InnoDB,PARSER,129,3,6
1787565894.723,2026-08-24 10:04:54.727,InnoDB,SRV_SYS_TASKS,161505,2,163299
1787565894.723,2026-08-24 10:04:54.727,InnoDB,LOCK_SYS_PAGE,56,1,25
1787565894.723,2026-08-24 10:04:54.727,InnoDB,LOCK_SYS_TABLE,1226,1,1119
1787565894.723,2026-08-24 10:04:54.727,InnoDB,LOCK_SYS_PAGE,76,1,36
1787565894.723,2026-08-24 10:04:54.727,InnoDB,LOCK_SYS_PAGE,51,1,22
1787565894.723,2026-08-24 10:04:54.727,InnoDB,LOCK_SYS_WAIT,31,1,2
1787565894.723,2026-08-24 10:04:54.727,InnoDB,LOCK_SYS_PAGE,55,1,18
1787565894.723,2026-08-24 10:04:54.727,InnoDB,LOCK_SYS_PAGE,66,1,41
1787565894.723,2026-08-24 10:04:54.727,InnoDB,LOCK_SYS_PAGE,17,0,21
1787565894.723,2026-08-24 10:04:54.727,InnoDB,LOCK_SYS_PAGE,20,0,20
1787565894.723,2026-08-24 10:04:54.727,InnoDB,LOCK_SYS_PAGE,21,0,28
1787565894.723,2026-08-24 10:04:54.727,InnoDB,LOCK_SYS_PAGE,22,0,23
1787565894.723,2026-08-24 10:04:54.727,InnoDB,LOCK_SYS_PAGE,24,0,27
1787565894.723,2026-08-24 10:04:54.727,InnoDB,LOCK_SYS_PAGE,16,0,21
1787565894.723,2026-08-24 10:04:54.727,InnoDB,LOCK_SYS_PAGE,15,0,19
1787565894.723,2026-08-24 10:04:54.727,InnoDB,LOCK_SYS_PAGE,25,0,34
1787565894.723,2026-08-24 10:04:54.727,InnoDB,LOCK_SYS_PAGE,25,0,31
1787565894.723,2026-08-24 10:04:54.727,InnoDB,LOCK_SYS_PAGE,25,0,38
1787565894.723,2026-08-24 10:04:54.727,InnoDB,LOCK_SYS_PAGE,19,0,21
1787565894.723,2026-08-24 10:04:54.727,InnoDB,LOCK_SYS_PAGE,44,0,28
1787565894.723,2026-08-24 10:04:54.727,InnoDB,LOCK_SYS_PAGE,35,0,46
1787565894.723,2026-08-24 10:04:54.727,InnoDB,LOCK_SYS_PAGE,27,0,24
1787565894.723,2026-08-24 10:04:54.727,InnoDB,LOCK_SYS_PAGE,32,0,35
1787565894.723,2026-08-24 10:04:54.727,InnoDB,LOCK_SYS_PAGE,28,0,35
1787565894.723,2026-08-24 10:04:54.727,InnoDB,LOCK_SYS_PAGE,38,0,34
1787565894.723,2026-08-24 10:04:54.727,InnoDB,LOCK_SYS_PAGE,33,0,34
1787565894.723,2026-08-24 10:04:54.727,InnoDB,LOCK_SYS_PAGE,30,0,34
1787565894.723,2026-08-24 10:04:54.727,InnoDB,LOCK_SYS_PAGE,18,0,24
1787565894.723,2026-08-24 10:04:54.727,InnoDB,LOCK_SYS_PAGE,29,0,32
1787565894.723,2026-08-24 10:04:54.727,InnoDB,LOCK_SYS_PAGE,33,0,36
1787565894.723,2026-08-24 10:04:54.727,InnoDB,LOCK_SYS_PAGE,23,0,30
1787565894.723,2026-08-24 10:04:54.727,InnoDB,LOCK_SYS_PAGE,56,0,36
1787565894.723,2026-08-24 10:04:54.727,InnoDB,LOCK_SYS_PAGE,23,0,28
1787565894.723,2026-08-24 10:04:54.727,InnoDB,LOCK_SYS_PAGE,38,0,42
1787565894.723,2026-08-24 10:04:54.727,InnoDB,LOCK_SYS_PAGE,18,0,33
1787565894.723,2026-08-24 10:04:54.727,InnoDB,LOCK_SYS_PAGE,18,0,23
1787565894.723,2026-08-24 10:04:54.727,InnoDB,LOCK_SYS_PAGE,25,0,28
1787565894.723,2026-08-24 10:04:54.727,InnoDB,LOCK_SYS_PAGE,21,0,29
1787565894.723,2026-08-24 10:04:54.727,InnoDB,LOCK_SYS_PAGE,31,0,40
1787565894.723,2026-08-24 10:04:54.727,InnoDB,LOCK_SYS_PAGE,30,0,23
1787565894.723,2026-08-24 10:04:54.727,InnoDB,LOCK_SYS_PAGE,34,0,26
1787565894.723,2026-08-24 10:04:54.727,InnoDB,LOCK_SYS_PAGE,31,0,33
1787565894.723,2026-08-24 10:04:54.727,InnoDB,LOCK_SYS_PAGE,24,0,39
1787565894.723,2026-08-24 10:04:54.727,InnoDB,LOCK_SYS_PAGE,33,0,42
1787565894.723,2026-08-24 10:04:54.727,InnoDB,LOCK_SYS_PAGE,23,0,30
1787565894.723,2026-08-24 10:04:54.727,InnoDB,LOCK_SYS_PAGE,29,0,35
1787565894.723,2026-08-24 10:04:54.727,InnoDB,LOCK_SYS_PAGE,40,0,43
1787565894.723,2026-08-24 10:04:54.727,InnoDB,CLONE_SYS,1,0,1
1787565894.723,2026-08-24 10:04:54.727,InnoDB,LOCK_SYS_PAGE,32,0,39
1787565894.723,2026-08-24 10:04:54.727,InnoDB,LOCK_SYS_PAGE,25,0,30
1787565894.723,2026-08-24 10:04:54.727,InnoDB,LOCK_SYS_PAGE,18,0,24
1787565894.723,2026-08-24 10:04:54.727,InnoDB,LOCK_SYS_PAGE,46,0,25
1787565894.723,2026-08-24 10:04:54.727,InnoDB,LOCK_SYS_PAGE,23,0,28
1787565894.723,2026-08-24 10:04:54.727,InnoDB,LOCK_SYS_PAGE,15,0,25
1787565894.723,2026-08-24 10:04:54.727,InnoDB,LOCK_SYS_PAGE,13,0,25
1787565894.723,2026-08-24 10:04:54.727,InnoDB,LOCK_SYS_PAGE,35,0,40
1787565894.723,2026-08-24 10:04:54.727,InnoDB,LOCK_SYS_PAGE,38,0,45
1787565894.723,2026-08-24 10:04:54.727,InnoDB,LOCK_SYS_PAGE,46,0,34
1787565894.723,2026-08-24 10:04:54.727,InnoDB,LOCK_SYS_PAGE,25,0,33
1787565894.723,2026-08-24 10:04:54.727,InnoDB,LOCK_SYS_PAGE,21,0,27
1787565894.723,2026-08-24 10:04:54.727,InnoDB,LOCK_SYS_PAGE,22,0,29
1787565894.723,2026-08-24 10:04:54.727,InnoDB,LOCK_SYS_PAGE,43,0,38
1787565894.723,2026-08-24 10:04:54.727,InnoDB,LOCK_SYS_PAGE,23,0,27
1787565894.723,2026-08-24 10:04:54.727,InnoDB,LOCK_SYS_PAGE,27,0,38
1787565894.723,2026-08-24 10:04:54.727,InnoDB,LOCK_SYS_PAGE,17,0,23
1787565894.723,2026-08-24 10:04:54.727,InnoDB,LOCK_SYS_PAGE,28,0,36
1787565894.723,2026-08-24 10:04:54.727,InnoDB,LOCK_SYS_PAGE,19,0,23
1787565894.723,2026-08-24 10:04:54.727,InnoDB,LOCK_SYS_PAGE,19,0,27
1787565894.723,2026-08-24 10:04:54.727,InnoDB,LOCK_SYS_PAGE,19,0,33
1787565894.723,2026-08-24 10:04:54.727,InnoDB,LOCK_SYS_PAGE,21,0,31
1787565894.723,2026-08-24 10:04:54.727,InnoDB,LOCK_SYS_PAGE,26,0,31
1787565894.723,2026-08-24 10:04:54.727,InnoDB,LOCK_SYS_PAGE,18,0,23
1787565894.723,2026-08-24 10:04:54.727,InnoDB,LOCK_SYS_PAGE,20,0,27
1787565894.723,2026-08-24 10:04:54.727,InnoDB,LOCK_SYS_PAGE,28,0,32
1787565894.723,2026-08-24 10:04:54.727,InnoDB,LOCK_SYS_PAGE,38,0,41
1787565894.723,2026-08-24 10:04:54.727,InnoDB,LOCK_SYS_TABLE,1277,0,1227
1787565894.723,2026-08-24 10:04:54.727,InnoDB,LOCK_SYS_TABLE,1226,0,1185
1787565894.723,2026-08-24 10:04:54.727,InnoDB,LOCK_SYS_TABLE,1177,0,1154
1787565894.723,2026-08-24 10:04:54.727,InnoDB,LOCK_SYS_TABLE,1313,0,1217
1787565894.723,2026-08-24 10:04:54.727,InnoDB,LOCK_SYS_TABLE,1220,0,1214
1787565894.723,2026-08-24 10:04:54.727,InnoDB,LOCK_SYS_TABLE,1372,0,1301
1787565894.723,2026-08-24 10:04:54.727,InnoDB,LOCK_SYS_TABLE,1155,0,1155
1787565894.723,2026-08-24 10:04:54.727,InnoDB,LOCK_SYS_TABLE,1253,0,1200
1787565894.723,2026-08-24 10:04:54.727,InnoDB,LOCK_SYS_TABLE,1365,0,1285
1787565894.723,2026-08-24 10:04:54.727,InnoDB,LOCK_SYS_TABLE,1287,0,1271
1787565894.723,2026-08-24 10:04:54.727,InnoDB,LOCK_SYS_TABLE,1345,0,1277
1787565894.723,2026-08-24 10:04:54.727,InnoDB,LOCK_SYS_TABLE,1197,0,1146
1787565894.723,2026-08-24 10:04:54.727,InnoDB,LOCK_SYS_TABLE,1207,0,1109
1787565894.723,2026-08-24 10:04:54.727,InnoDB,LOCK_SYS_TABLE,1,0,1
1787565894.723,2026-08-24 10:04:54.727,InnoDB,LOCK_SYS_PAGE,25,0,27
1787565894.723,2026-08-24 10:04:54.727,InnoDB,LOCK_SYS_PAGE,25,0,32
1787565894.723,2026-08-24 10:04:54.727,InnoDB,LOCK_SYS_PAGE,25,0,23
1787565894.723,2026-08-24 10:04:54.727,InnoDB,RECALC_POOL,6,0,5
1787565894.723,2026-08-24 10:04:54.727,InnoDB,RW_LOCK_LIST,1,0,1
1787565894.723,2026-08-24 10:04:54.727,InnoDB,TRX_POOL_MANAGER,2,0,1
1787565894.723,2026-08-24 10:04:54.727,InnoDB,TRX,3,0,1
1787565894.723,2026-08-24 10:04:54.727,InnoDB,TRX_SYS_SHARD,3,0,2
1787565894.723,2026-08-24 10:04:54.727,InnoDB,TRX_SYS_SHARD,1,0,1
1787565894.723,2026-08-24 10:04:54.727,InnoDB,TRX_SYS_SHARD,1,0,1
1787565894.723,2026-08-24 10:04:54.727,InnoDB,TRX_SYS_SHARD,1,0,1
1787565894.723,2026-08-24 10:04:54.727,InnoDB,AUTOINC,1,0,1
1787565894.723,2026-08-24 10:04:54.727,InnoDB,LOCK_SYS_PAGE,42,0,39
1787565894.723,2026-08-24 10:04:54.727,InnoDB,LOG_LIMITS,50,0,38
1787565894.723,2026-08-24 10:04:54.727,InnoDB,LOCK_SYS_TABLE,1301,0,1269
1787565894.723,2026-08-24 10:04:54.727,InnoDB,LOCK_SYS_TABLE,1192,0,1129
1787565894.723,2026-08-24 10:04:54.727,InnoDB,LOCK_SYS_TABLE,1282,0,1221
1787565894.723,2026-08-24 10:04:54.727,InnoDB,LOCK_SYS_TABLE,1227,0,1231
1787565894.723,2026-08-24 10:04:54.727,InnoDB,LOCK_SYS_TABLE,1328,0,1276
1787565894.723,2026-08-24 10:04:54.727,InnoDB,LOCK_SYS_TABLE,1227,0,1164
1787565894.723,2026-08-24 10:04:54.727,InnoDB,LOCK_SYS_PAGE,17,0,24
1787565894.723,2026-08-24 10:04:54.727,InnoDB,LOCK_SYS_PAGE,20,0,25
1787565894.723,2026-08-24 10:04:54.727,InnoDB,LOCK_SYS_PAGE,54,0,37
1787565894.723,2026-08-24 10:04:54.727,InnoDB,LOCK_SYS_PAGE,19,0,29
1787565894.723,2026-08-24 10:04:54.727,InnoDB,LOCK_SYS_PAGE,10,0,17
1787565894.723,2026-08-24 10:04:54.727,InnoDB,LOCK_SYS_PAGE,22,0,28
1787565894.723,2026-08-24 10:04:54.727,InnoDB,LOCK_SYS_PAGE,38,0,47
1787565894.723,2026-08-24 10:04:54.727,InnoDB,LOCK_SYS_PAGE,19,0,29
1787565894.723,2026-08-24 10:04:54.727,InnoDB,LOCK_SYS_PAGE,51,0,30
1787565894.723,2026-08-24 10:04:54.727,InnoDB,LOCK_SYS_PAGE,25,0,15
1787565894.723,2026-08-24 10:04:54.727,InnoDB,LOCK_SYS_PAGE,24,0,27
1787565894.723,2026-08-24 10:04:54.727,InnoDB,LOCK_SYS_PAGE,33,0,33
1787565894.723,2026-08-24 10:04:54.727,InnoDB,LOCK_SYS_PAGE,23,0,34
1787565894.723,2026-08-24 10:04:54.727,InnoDB,LOCK_SYS_PAGE,19,0,26
1787565894.723,2026-08-24 10:04:54.727,InnoDB,LOCK_SYS_PAGE,30,0,39
1787565894.723,2026-08-24 10:04:54.727,InnoDB,LOCK_SYS_PAGE,33,0,36
1787565894.723,2026-08-24 10:04:54.727,InnoDB,LOCK_SYS_PAGE,21,0,32
1787565894.723,2026-08-24 10:04:54.727,InnoDB,LOCK_SYS_PAGE,28,0,27
1787565894.723,2026-08-24 10:04:54.727,InnoDB,LOCK_SYS_PAGE,31,0,35
1787565894.723,2026-08-24 10:04:54.727,InnoDB,LOCK_SYS_PAGE,20,0,25
1787565894.723,2026-08-24 10:04:54.727,InnoDB,LOCK_SYS_PAGE,41,0,45
1787565894.723,2026-08-24 10:04:54.727,InnoDB,LOCK_SYS_PAGE,29,0,34
1787565894.723,2026-08-24 10:04:54.727,InnoDB,LOCK_SYS_PAGE,23,0,33
1787565894.723,2026-08-24 10:04:54.727,InnoDB,LOCK_SYS_PAGE,13,0,21
1787565894.723,2026-08-24 10:04:54.727,InnoDB,LOCK_SYS_PAGE,21,0,35
1787565894.723,2026-08-24 10:04:54.727,InnoDB,LOCK_SYS_PAGE,25,0,31
1787565894.723,2026-08-24 10:04:54.727,InnoDB,LOCK_SYS_PAGE,23,0,30
1787565894.723,2026-08-24 10:04:54.727,InnoDB,LOCK_SYS_PAGE,26,0,33
1787565894.723,2026-08-24 10:04:54.727,InnoDB,LOCK_SYS_PAGE,31,0,41
1787565894.723,2026-08-24 10:04:54.727,InnoDB,LOCK_SYS_PAGE,27,0,36
1787565894.723,2026-08-24 10:04:54.727,InnoDB,LOCK_SYS_PAGE,23,0,35
1787565894.723,2026-08-24 10:04:54.727,InnoDB,LOCK_SYS_PAGE,25,0,34
1787565894.723,2026-08-24 10:04:54.727,InnoDB,LOCK_SYS_PAGE,44,0,35
1787565894.723,2026-08-24 10:04:54.727,InnoDB,LOCK_SYS_PAGE,22,0,32
1787565894.723,2026-08-24 10:04:54.727,InnoDB,LOCK_SYS_PAGE,30,0,48
1787565894.723,2026-08-24 10:04:54.727,InnoDB,LOCK_SYS_PAGE,28,0,32
1787565894.723,2026-08-24 10:04:54.727,InnoDB,LOCK_SYS_PAGE,40,0,45
1787565894.723,2026-08-24 10:04:54.727,InnoDB,LOCK_SYS_PAGE,27,0,32
1787565894.723,2026-08-24 10:04:54.727,InnoDB,LOCK_SYS_PAGE,14,0,20
1787565894.723,2026-08-24 10:04:54.727,InnoDB,LOCK_SYS_PAGE,23,0,34
1787565894.723,2026-08-24 10:04:54.727,InnoDB,LOCK_SYS_PAGE,34,0,40
1787565894.723,2026-08-24 10:04:54.727,InnoDB,LOCK_SYS_PAGE,19,0,21
1787565894.723,2026-08-24 10:04:54.727,InnoDB,LOCK_SYS_PAGE,24,0,20
1787565894.723,2026-08-24 10:04:54.727,InnoDB,LOCK_SYS_PAGE,29,0,32
1787565894.723,2026-08-24 10:04:54.727,InnoDB,LOCK_SYS_PAGE,31,0,21
1787565894.723,2026-08-24 10:04:54.727,InnoDB,LOCK_SYS_PAGE,22,0,38
1787565894.723,2026-08-24 10:04:54.727,InnoDB,LOCK_SYS_PAGE,24,0,30
1787565894.723,2026-08-24 10:04:54.727,InnoDB,LOCK_SYS_PAGE,19,0,22
1787565894.723,2026-08-24 10:04:54.727,InnoDB,LOCK_SYS_PAGE,27,0,39
1787565894.723,2026-08-24 10:04:54.727,InnoDB,LOCK_SYS_PAGE,18,0,27
1787565894.723,2026-08-24 10:04:54.727,InnoDB,LOCK_SYS_PAGE,25,0,28
1787565894.723,2026-08-24 10:04:54.727,InnoDB,LOCK_SYS_PAGE,30,0,31
1787565894.723,2026-08-24 10:04:54.727,InnoDB,LOCK_SYS_PAGE,34,0,44
1787565894.723,2026-08-24 10:04:54.727,InnoDB,LOCK_SYS_PAGE,24,0,32
1787565894.723,2026-08-24 10:04:54.727,InnoDB,LOCK_SYS_PAGE,23,0,31
1787565894.723,2026-08-24 10:04:54.727,InnoDB,LOCK_SYS_PAGE,26,0,33
1787565894.723,2026-08-24 10:04:54.727,InnoDB,LOCK_SYS_PAGE,22,0,29
1787565894.723,2026-08-24 10:04:54.727,InnoDB,LOCK_SYS_PAGE,30,0,37
1787565894.723,2026-08-24 10:04:54.727,InnoDB,LOCK_SYS_PAGE,32,0,38
1787565894.723,2026-08-24 10:04:54.727,InnoDB,LOCK_SYS_PAGE,27,0,34
1787565894.723,2026-08-24 10:04:54.727,InnoDB,LOCK_SYS_PAGE,17,0,27
1787565894.723,2026-08-24 10:04:54.727,InnoDB,LOCK_SYS_PAGE,20,0,28
1787565894.723,2026-08-24 10:04:54.727,InnoDB,LOCK_SYS_PAGE,24,0,29
1787565894.723,2026-08-24 10:04:54.727,InnoDB,LOCK_SYS_PAGE,20,0,25
1787565894.723,2026-08-24 10:04:54.727,InnoDB,LOCK_SYS_PAGE,36,0,35
1787565894.723,2026-08-24 10:04:54.727,InnoDB,LOCK_SYS_PAGE,16,0,19
1787565894.723,2026-08-24 10:04:54.727,InnoDB,LOCK_SYS_PAGE,27,0,30
1787565894.723,2026-08-24 10:04:54.727,InnoDB,LOCK_SYS_PAGE,32,0,33
1787565894.723,2026-08-24 10:04:54.727,InnoDB,LOCK_SYS_PAGE,27,0,32
1787565894.723,2026-08-24 10:04:54.727,InnoDB,LOCK_SYS_PAGE,47,0,27
1787565894.723,2026-08-24 10:04:54.727,InnoDB,LOCK_SYS_PAGE,28,0,38
1787565894.723,2026-08-24 10:04:54.727,InnoDB,LOCK_SYS_PAGE,32,0,41
1787565894.723,2026-08-24 10:04:54.727,InnoDB,LOCK_SYS_PAGE,24,0,34
1787565894.723,2026-08-24 10:04:54.727,InnoDB,LOCK_SYS_PAGE,23,0,29
1787565894.723,2026-08-24 10:04:54.727,InnoDB,LOCK_SYS_PAGE,21,0,29
1787565894.723,2026-08-24 10:04:54.727,InnoDB,LOCK_SYS_PAGE,36,0,37
1787565894.723,2026-08-24 10:04:54.727,InnoDB,LOCK_SYS_PAGE,26,0,28
1787565894.723,2026-08-24 10:04:54.727,InnoDB,LOCK_SYS_PAGE,15,0,20
1787565894.723,2026-08-24 10:04:54.727,InnoDB,LOCK_SYS_PAGE,19,0,23
1787565894.723,2026-08-24 10:04:54.727,InnoDB,LOCK_SYS_PAGE,26,0,25
1787565894.723,2026-08-24 10:04:54.727,InnoDB,LOCK_SYS_PAGE,20,0,26
1787565894.723,2026-08-24 10:04:54.727,InnoDB,LOCK_SYS_PAGE,26,0,28
1787565894.723,2026-08-24 10:04:54.727,InnoDB,LOCK_SYS_PAGE,32,0,38
1787565894.723,2026-08-24 10:04:54.727,InnoDB,LOCK_SYS_PAGE,23,0,23
1787565894.723,2026-08-24 10:04:54.727,InnoDB,LOCK_SYS_PAGE,27,0,34
1787565894.723,2026-08-24 10:04:54.727,InnoDB,LOCK_SYS_PAGE,28,0,20
1787565894.723,2026-08-24 10:04:54.727,InnoDB,LOCK_SYS_PAGE,17,0,26
1787565894.723,2026-08-24 10:04:54.727,InnoDB,LOCK_SYS_PAGE,20,0,27
1787565894.723,2026-08-24 10:04:54.727,InnoDB,LOCK_SYS_PAGE,39,0,43
1787565894.723,2026-08-24 10:04:54.727,InnoDB,LOCK_SYS_PAGE,35,0,38
1787565894.723,2026-08-24 10:04:54.727,InnoDB,LOCK_SYS_PAGE,16,0,14
1787565894.723,2026-08-24 10:04:54.727,InnoDB,LOCK_SYS_PAGE,15,0,22
1787565894.723,2026-08-24 10:04:54.727,InnoDB,LOCK_SYS_PAGE,27,0,41
1787565894.723,2026-08-24 10:04:54.727,InnoDB,LOCK_SYS_PAGE,31,0,40
1787565894.723,2026-08-24 10:04:54.727,InnoDB,LOCK_SYS_PAGE,23,0,26
1787565894.723,2026-08-24 10:04:54.727,InnoDB,LOCK_SYS_PAGE,25,0,31
1787565894.723,2026-08-24 10:04:54.727,InnoDB,LOCK_SYS_PAGE,19,0,25
1787565894.723,2026-08-24 10:04:54.727,InnoDB,LOCK_SYS_PAGE,31,0,41
1787565894.723,2026-08-24 10:04:54.727,InnoDB,LOCK_SYS_PAGE,18,0,18
1787565894.723,2026-08-24 10:04:54.727,InnoDB,LOCK_SYS_PAGE,22,0,31
1787565894.723,2026-08-24 10:04:54.727,InnoDB,LOCK_SYS_PAGE,34,0,46
1787565894.723,2026-08-24 10:04:54.727,InnoDB,LOCK_SYS_PAGE,27,0,39
1787565894.723,2026-08-24 10:04:54.727,InnoDB,LOCK_SYS_PAGE,22,0,32
1787565894.723,2026-08-24 10:04:54.727,InnoDB,LOCK_SYS_PAGE,19,0,24
1787565894.723,2026-08-24 10:04:54.727,InnoDB,LOCK_SYS_PAGE,26,0,28
1787565894.723,2026-08-24 10:04:54.727,InnoDB,LOCK_SYS_PAGE,23,0,30
1787565894.723,2026-08-24 10:04:54.727,InnoDB,LOCK_SYS_PAGE,23,0,27
1787565894.723,2026-08-24 10:04:54.727,InnoDB,LOCK_SYS_PAGE,27,0,29
1787565894.723,2026-08-24 10:04:54.727,InnoDB,LOCK_SYS_PAGE,28,0,38
1787565894.723,2026-08-24 10:04:54.727,InnoDB,LOCK_SYS_PAGE,26,0,39
1787565894.723,2026-08-24 10:04:54.727,InnoDB,LOCK_SYS_PAGE,24,0,33
1787565894.723,2026-08-24 10:04:54.727,InnoDB,LOCK_SYS_PAGE,29,0,31
1787565894.723,2026-08-24 10:04:54.727,InnoDB,LOCK_SYS_PAGE,26,0,29
1787565894.723,2026-08-24 10:04:54.727,InnoDB,LOCK_SYS_PAGE,33,0,37
1787565894.723,2026-08-24 10:04:54.727,InnoDB,LOCK_SYS_PAGE,15,0,18
1787565894.723,2026-08-24 10:04:54.727,InnoDB,LOCK_SYS_PAGE,40,0,39
1787565894.723,2026-08-24 10:04:54.727,InnoDB,LOCK_SYS_PAGE,32,0,45
1787565894.723,2026-08-24 10:04:54.727,InnoDB,LOCK_SYS_PAGE,35,0,37
1787565894.723,2026-08-24 10:04:54.727,InnoDB,LOCK_SYS_PAGE,15,0,21
1787565894.723,2026-08-24 10:04:54.727,InnoDB,LOCK_SYS_PAGE,28,0,36
1787565894.723,2026-08-24 10:04:54.727,InnoDB,LOCK_SYS_PAGE,32,0,43
1787565894.723,2026-08-24 10:04:54.727,InnoDB,LOCK_SYS_PAGE,24,0,29
1787565894.723,2026-08-24 10:04:54.727,InnoDB,LOCK_SYS_PAGE,26,0,31
1787565894.723,2026-08-24 10:04:54.727,InnoDB,LOCK_SYS_PAGE,29,0,35
1787565894.723,2026-08-24 10:04:54.727,InnoDB,LOCK_SYS_PAGE,30,0,39
1787565894.723,2026-08-24 10:04:54.727,InnoDB,LOCK_SYS_PAGE,33,0,40
1787565894.723,2026-08-24 10:04:54.727,InnoDB,LOCK_SYS_PAGE,17,0,22
1787565894.723,2026-08-24 10:04:54.727,InnoDB,LOCK_SYS_PAGE,39,0,44
1787565894.723,2026-08-24 10:04:54.727,InnoDB,LOCK_SYS_PAGE,36,0,36
1787565894.723,2026-08-24 10:04:54.727,InnoDB,LOCK_SYS_PAGE,20,0,32
1787565894.723,2026-08-24 10:04:54.727,InnoDB,LOCK_SYS_PAGE,14,0,24
1787565894.723,2026-08-24 10:04:54.727,InnoDB,LOCK_SYS_PAGE,28,0,32
1787565894.723,2026-08-24 10:04:54.727,InnoDB,LOCK_SYS_PAGE,34,0,38
1787565894.723,2026-08-24 10:04:54.727,InnoDB,LOCK_SYS_PAGE,16,0,21
1787565894.723,2026-08-24 10:04:54.727,InnoDB,LOCK_SYS_PAGE,19,0,24
1787565894.723,2026-08-24 10:04:54.727,InnoDB,LOCK_SYS_PAGE,29,0,36
1787565894.723,2026-08-24 10:04:54.727,InnoDB,LOCK_SYS_PAGE,29,0,35
1787565894.723,2026-08-24 10:04:54.727,InnoDB,LOCK_SYS_PAGE,34,0,40
1787565894.723,2026-08-24 10:04:54.727,InnoDB,LOCK_SYS_PAGE,32,0,38
1787565894.723,2026-08-24 10:04:54.727,InnoDB,LOCK_SYS_PAGE,24,0,33
1787565894.723,2026-08-24 10:04:54.727,InnoDB,LOCK_SYS_PAGE,30,0,30
1787565894.723,2026-08-24 10:04:54.727,InnoDB,LOCK_SYS_PAGE,21,0,24
1787565894.723,2026-08-24 10:04:54.727,InnoDB,LOCK_SYS_PAGE,33,0,32
1787565894.723,2026-08-24 10:04:54.727,InnoDB,LOCK_SYS_PAGE,25,0,34
1787565894.723,2026-08-24 10:04:54.727,InnoDB,LOCK_SYS_PAGE,19,0,29
1787565894.723,2026-08-24 10:04:54.727,InnoDB,LOCK_SYS_PAGE,21,0,32
1787565894.723,2026-08-24 10:04:54.727,InnoDB,LOCK_SYS_PAGE,33,0,41
1787565894.723,2026-08-24 10:04:54.727,InnoDB,LOCK_SYS_PAGE,42,0,49
1787565894.723,2026-08-24 10:04:54.727,InnoDB,LOCK_SYS_PAGE,32,0,39
1787565894.723,2026-08-24 10:04:54.727,InnoDB,LOCK_SYS_PAGE,28,0,39
1787565894.723,2026-08-24 10:04:54.727,InnoDB,LOCK_SYS_PAGE,36,0,23
1787565894.723,2026-08-24 10:04:54.727,InnoDB,LOCK_SYS_PAGE,44,0,53
1787565894.723,2026-08-24 10:04:54.727,InnoDB,LOCK_SYS_PAGE,20,0,31
1787565894.723,2026-08-24 10:04:54.727,InnoDB,LOCK_SYS_PAGE,33,0,28
1787565894.723,2026-08-24 10:04:54.727,InnoDB,LOCK_SYS_PAGE,37,0,44
1787565894.723,2026-08-24 10:04:54.727,InnoDB,LOCK_SYS_PAGE,34,0,37
1787565894.723,2026-08-24 10:04:54.727,InnoDB,LOCK_SYS_PAGE,24,0,32
1787565894.723,2026-08-24 10:04:54.727,InnoDB,LOCK_SYS_PAGE,19,0,27
1787565894.723,2026-08-24 10:04:54.727,InnoDB,LOCK_SYS_PAGE,27,0,39
1787565894.723,2026-08-24 10:04:54.727,InnoDB,LOCK_SYS_PAGE,34,0,45
1787565894.723,2026-08-24 10:04:54.727,InnoDB,LOCK_SYS_PAGE,18,0,22
1787565894.723,2026-08-24 10:04:54.727,InnoDB,LOCK_SYS_PAGE,26,0,29
1787565894.723,2026-08-24 10:04:54.727,InnoDB,LOCK_SYS_PAGE,28,0,30
1787565894.723,2026-08-24 10:04:54.727,InnoDB,LOCK_SYS_PAGE,20,0,23
1787565894.723,2026-08-24 10:04:54.727,InnoDB,FIL_SHARD,1,0,1
1787565894.723,2026-08-24 10:04:54.727,InnoDB,FIL_SHARD,1,0,1
1787565894.723,2026-08-24 10:04:54.727,InnoDB,FIL_SHARD,20,0,37
1787565894.723,2026-08-24 10:04:54.727,InnoDB,FIL_SHARD,4658,0,5469
1787565894.723,2026-08-24 10:04:54.727,InnoDB,FIL_SHARD,5620,0,7679
1787565894.723,2026-08-24 10:04:54.727,InnoDB,FIL_SHARD,7318,0,8785
1787565894.723,2026-08-24 10:04:54.727,InnoDB,LOCK_SYS_PAGE,39,0,50
1787565894.723,2026-08-24 10:04:54.727,InnoDB,LOCK_SYS_PAGE,18,0,25
1787565894.723,2026-08-24 10:04:54.727,InnoDB,LOCK_SYS_PAGE,17,0,28
1787565894.723,2026-08-24 10:04:54.727,InnoDB,LOCK_SYS_PAGE,30,0,41
1787565894.723,2026-08-24 10:04:54.727,InnoDB,LOCK_SYS_PAGE,14,0,25
1787565894.723,2026-08-24 10:04:54.727,InnoDB,LOCK_SYS_PAGE,26,0,33
1787565894.723,2026-08-24 10:04:54.727,InnoDB,LOCK_SYS_PAGE,15,0,21
1787565894.723,2026-08-24 10:04:54.727,InnoDB,LOCK_SYS_PAGE,63,0,36
1787565894.723,2026-08-24 10:04:54.727,InnoDB,LOCK_SYS_PAGE,22,0,30
1787565894.723,2026-08-24 10:04:54.727,InnoDB,LOCK_SYS_PAGE,28,0,30
1787565894.723,2026-08-24 10:04:54.727,InnoDB,LOCK_SYS_PAGE,24,0,24
1787565894.723,2026-08-24 10:04:54.727,InnoDB,LOCK_SYS_PAGE,29,0,35
1787565894.723,2026-08-24 10:04:54.727,InnoDB,LOCK_SYS_PAGE,24,0,29
1787565894.723,2026-08-24 10:04:54.727,InnoDB,LOCK_SYS_PAGE,31,0,45
1787565894.723,2026-08-24 10:04:54.727,InnoDB,LOCK_SYS_PAGE,50,0,25
1787565894.723,2026-08-24 10:04:54.727,InnoDB,LOCK_SYS_PAGE,31,0,34
1787565894.723,2026-08-24 10:04:54.727,InnoDB,LOCK_SYS_PAGE,40,0,47
1787565894.723,2026-08-24 10:04:54.727,InnoDB,LOCK_SYS_PAGE,20,0,26
1787565894.723,2026-08-24 10:04:54.727,InnoDB,LOCK_SYS_PAGE,49,0,44
1787565894.723,2026-08-24 10:04:54.727,InnoDB,LOCK_SYS_PAGE,29,0,38
1787565894.723,2026-08-24 10:04:54.727,InnoDB,LOCK_SYS_PAGE,18,0,26
1787565894.723,2026-08-24 10:04:54.727,InnoDB,LOCK_SYS_PAGE,19,0,22
1787565894.723,2026-08-24 10:04:54.727,InnoDB,LOCK_SYS_PAGE,16,0,17
1787565894.723,2026-08-24 10:04:54.727,InnoDB,LOCK_SYS_PAGE,35,0,39
1787565894.723,2026-08-24 10:04:54.727,InnoDB,LOCK_SYS_PAGE,24,0,26
1787565894.723,2026-08-24 10:04:54.727,InnoDB,LOCK_SYS_PAGE,20,0,20
1787565894.723,2026-08-24 10:04:54.727,InnoDB,LOCK_SYS_PAGE,33,0,33
1787565894.723,2026-08-24 10:04:54.727,InnoDB,LOCK_SYS_PAGE,38,0,47
1787565894.723,2026-08-24 10:04:54.727,InnoDB,LOCK_SYS_PAGE,19,0,30
1787565894.723,2026-08-24 10:04:54.727,InnoDB,LOCK_SYS_PAGE,15,0,21
1787565894.723,2026-08-24 10:04:54.727,InnoDB,LOCK_SYS_PAGE,19,0,24
1787565894.723,2026-08-24 10:04:54.727,InnoDB,LOCK_SYS_PAGE,27,0,32
1787565894.723,2026-08-24 10:04:54.727,InnoDB,LOCK_SYS_PAGE,37,0,51
1787565894.723,2026-08-24 10:04:54.727,InnoDB,LOCK_SYS_PAGE,21,0,32
1787565894.723,2026-08-24 10:04:54.727,InnoDB,LOCK_SYS_PAGE,22,0,26
1787565894.723,2026-08-24 10:04:54.727,InnoDB,LOCK_SYS_PAGE,28,0,44
1787565894.723,2026-08-24 10:04:54.727,InnoDB,LOCK_SYS_PAGE,24,0,39
1787565894.723,2026-08-24 10:04:54.727,InnoDB,LOCK_SYS_PAGE,21,0,31
1787565894.723,2026-08-24 10:04:54.727,InnoDB,LOCK_SYS_PAGE,23,0,35
1787565894.723,2026-08-24 10:04:54.727,InnoDB,LOCK_SYS_PAGE,37,0,55
1787565894.723,2026-08-24 10:04:54.727,InnoDB,LOCK_SYS_PAGE,30,0,37
1787565894.723,2026-08-24 10:04:54.727,InnoDB,LOCK_SYS_PAGE,25,0,28
1787565894.723,2026-08-24 10:04:54.727,InnoDB,LOCK_SYS_PAGE,31,0,38
1787565894.723,2026-08-24 10:04:54.727,InnoDB,LOCK_SYS_PAGE,35,0,40
1787565894.723,2026-08-24 10:04:54.727,InnoDB,LOCK_SYS_PAGE,37,0,31
1787565894.723,2026-08-24 10:04:54.727,InnoDB,LOCK_SYS_PAGE,27,0,32
1787565894.723,2026-08-24 10:04:54.727,InnoDB,LOCK_SYS_PAGE,47,0,54
1787565894.723,2026-08-24 10:04:54.727,InnoDB,LOCK_SYS_PAGE,31,0,37
1787565894.723,2026-08-24 10:04:54.727,InnoDB,LOCK_SYS_PAGE,26,0,17
1787565894.723,2026-08-24 10:04:54.727,InnoDB,LOCK_SYS_PAGE,26,0,30
1787565894.723,2026-08-24 10:04:54.727,InnoDB,LOCK_SYS_PAGE,36,0,43
1787565894.723,2026-08-24 10:04:54.727,InnoDB,LOCK_SYS_PAGE,31,0,44
1787565894.723,2026-08-24 10:04:54.727,InnoDB,LOCK_SYS_PAGE,37,0,31
1787565894.723,2026-08-24 10:04:54.727,InnoDB,LOCK_SYS_PAGE,25,0,26
1787565894.723,2026-08-24 10:04:54.727,InnoDB,LOCK_SYS_PAGE,39,0,35
1787565894.723,2026-08-24 10:04:54.727,InnoDB,LOCK_SYS_PAGE,26,0,33
1787565894.723,2026-08-24 10:04:54.727,InnoDB,LOCK_SYS_PAGE,17,0,26
1787565894.723,2026-08-24 10:04:54.727,InnoDB,LOCK_SYS_PAGE,30,0,41
1787565894.723,2026-08-24 10:04:54.727,InnoDB,LOCK_SYS_PAGE,43,0,31
1787565894.723,2026-08-24 10:04:54.727,InnoDB,LOCK_SYS_PAGE,33,0,19
1787565894.723,2026-08-24 10:04:54.727,InnoDB,LOCK_SYS_PAGE,27,0,26
1787565894.723,2026-08-24 10:04:54.727,InnoDB,LOCK_SYS_PAGE,13,0,20
1787565894.723,2026-08-24 10:04:54.727,InnoDB,LOCK_SYS_PAGE,21,0,30
1787565894.723,2026-08-24 10:04:54.727,InnoDB,LOCK_SYS_PAGE,16,0,25
1787565894.723,2026-08-24 10:04:54.727,InnoDB,LOCK_SYS_PAGE,20,0,25
1787565894.723,2026-08-24 10:04:54.727,InnoDB,LOCK_SYS_PAGE,9,0,18
1787565894.723,2026-08-24 10:04:54.727,InnoDB,LOCK_SYS_PAGE,23,0,26
1787565894.723,2026-08-24 10:04:54.727,InnoDB,LOCK_SYS_PAGE,13,0,21
1787565894.723,2026-08-24 10:04:54.727,InnoDB,LOCK_SYS_PAGE,34,0,36
1787565894.723,2026-08-24 10:04:54.727,InnoDB,LOCK_SYS_PAGE,22,0,25
1787565894.723,2026-08-24 10:04:54.727,InnoDB,LOCK_SYS_PAGE,23,0,26
1787565894.723,2026-08-24 10:04:54.727,InnoDB,LOCK_SYS_PAGE,27,0,31
1787565894.723,2026-08-24 10:04:54.727,InnoDB,LOCK_SYS_PAGE,31,0,40
1787565894.723,2026-08-24 10:04:54.727,InnoDB,LOCK_SYS_PAGE,36,0,45
1787565894.723,2026-08-24 10:04:54.727,InnoDB,LOCK_SYS_PAGE,42,0,28
1787565894.723,2026-08-24 10:04:54.727,InnoDB,LOCK_SYS_PAGE,28,0,27
1787565894.723,2026-08-24 10:04:54.727,InnoDB,LOCK_SYS_PAGE,27,0,34
1787565894.723,2026-08-24 10:04:54.727,InnoDB,LOCK_SYS_PAGE,34,0,35
1787565894.723,2026-08-24 10:04:54.727,InnoDB,LOCK_SYS_PAGE,22,0,29
1787565894.723,2026-08-24 10:04:54.727,InnoDB,LOCK_SYS_PAGE,21,0,21
1787565894.723,2026-08-24 10:04:54.727,InnoDB,LOCK_SYS_PAGE,25,0,32
1787565894.723,2026-08-24 10:04:54.727,InnoDB,LOCK_SYS_PAGE,20,0,29
1787565894.723,2026-08-24 10:04:54.727,InnoDB,LOCK_SYS_PAGE,34,0,43
1787565894.723,2026-08-24 10:04:54.727,InnoDB,LOCK_SYS_PAGE,27,0,32
1787565894.723,2026-08-24 10:04:54.727,InnoDB,LOCK_SYS_PAGE,25,0,38
1787565894.723,2026-08-24 10:04:54.727,InnoDB,LOCK_SYS_PAGE,29,0,34
1787565894.723,2026-08-24 10:04:54.727,InnoDB,LOCK_SYS_PAGE,18,0,24
1787565894.723,2026-08-24 10:04:54.727,InnoDB,LOCK_SYS_PAGE,15,0,24
1787565894.723,2026-08-24 10:04:54.727,InnoDB,LOCK_SYS_PAGE,21,0,28
1787565894.723,2026-08-24 10:04:54.727,InnoDB,LOCK_SYS_PAGE,31,0,32
1787565894.723,2026-08-24 10:04:54.727,InnoDB,LOCK_SYS_PAGE,32,0,41
1787565894.723,2026-08-24 10:04:54.727,InnoDB,LOCK_SYS_PAGE,28,0,30
1787565894.723,2026-08-24 10:04:54.727,InnoDB,LOCK_SYS_PAGE,32,0,45
1787565894.723,2026-08-24 10:04:54.727,InnoDB,LOCK_SYS_PAGE,24,0,32
1787565894.723,2026-08-24 10:04:54.727,InnoDB,LOCK_SYS_PAGE,19,0,23
1787565894.723,2026-08-24 10:04:54.727,InnoDB,LOCK_SYS_PAGE,27,0,36
1787565894.723,2026-08-24 10:04:54.727,InnoDB,LOCK_SYS_PAGE,22,0,23
1787565894.723,2026-08-24 10:04:54.727,InnoDB,LOCK_SYS_PAGE,36,0,38
1787565894.723,2026-08-24 10:04:54.727,InnoDB,LOCK_SYS_PAGE,23,0,27
1787565894.723,2026-08-24 10:04:54.727,InnoDB,LOCK_SYS_PAGE,16,0,22
1787565894.723,2026-08-24 10:04:54.727,InnoDB,LOCK_SYS_PAGE,15,0,19
1787565894.723,2026-08-24 10:04:54.727,InnoDB,LOCK_SYS_PAGE,23,0,33
1787565894.723,2026-08-24 10:04:54.727,InnoDB,LOCK_SYS_PAGE,25,0,30
1787565894.723,2026-08-24 10:04:54.727,InnoDB,LOCK_SYS_PAGE,45,0,32
1787565894.723,2026-08-24 10:04:54.727,InnoDB,LOCK_SYS_PAGE,25,0,33
1787565894.723,2026-08-24 10:04:54.727,InnoDB,LOCK_SYS_PAGE,28,0,40
1787565894.723,2026-08-24 10:04:54.727,InnoDB,LOCK_SYS_PAGE,28,0,35
1787565894.723,2026-08-24 10:04:54.727,InnoDB,LOCK_SYS_PAGE,21,0,21
1787565894.723,2026-08-24 10:04:54.727,InnoDB,LOCK_SYS_PAGE,20,0,28
1787565894.723,2026-08-24 10:04:54.727,InnoDB,LOCK_SYS_PAGE,29,0,37
1787565894.723,2026-08-24 10:04:54.727,InnoDB,LOCK_SYS_PAGE,30,0,25
1787565894.723,2026-08-24 10:04:54.727,InnoDB,LOCK_SYS_PAGE,24,0,25
1787565894.723,2026-08-24 10:04:54.727,InnoDB,LOCK_SYS_PAGE,17,0,22
1787565894.723,2026-08-24 10:04:54.727,InnoDB,LOCK_SYS_PAGE,18,0,24
1787565894.723,2026-08-24 10:04:54.727,InnoDB,LOCK_SYS_PAGE,26,0,33
1787565894.723,2026-08-24 10:04:54.727,InnoDB,LOCK_SYS_PAGE,26,0,21
1787565894.723,2026-08-24 10:04:54.727,InnoDB,LOCK_SYS_PAGE,13,0,24
1787565894.723,2026-08-24 10:04:54.727,InnoDB,LOCK_SYS_PAGE,14,0,19
1787565894.723,2026-08-24 10:04:54.727,InnoDB,LOCK_SYS_PAGE,16,0,20
1787565894.723,2026-08-24 10:04:54.727,InnoDB,LOCK_SYS_PAGE,56,0,37
1787565894.723,2026-08-24 10:04:54.727,InnoDB,LOCK_SYS_PAGE,26,0,33
1787565894.723,2026-08-24 10:04:54.727,InnoDB,LOCK_SYS_PAGE,32,0,39
1787565894.723,2026-08-24 10:04:54.727,InnoDB,LOCK_SYS_PAGE,20,0,26
1787565894.723,2026-08-24 10:04:54.727,InnoDB,LOCK_SYS_PAGE,18,0,29
1787565894.723,2026-08-24 10:04:54.727,InnoDB,LOCK_SYS_PAGE,32,0,41
1787565894.723,2026-08-24 10:04:54.727,InnoDB,LOCK_SYS_PAGE,50,0,45
1787565894.723,2026-08-24 10:04:54.727,InnoDB,LOCK_SYS_PAGE,24,0,30
1787565894.723,2026-08-24 10:04:54.727,InnoDB,LOCK_SYS_PAGE,16,0,30
1787565894.723,2026-08-24 10:04:54.727,InnoDB,LOCK_SYS_PAGE,33,0,44
1787565894.723,2026-08-24 10:04:54.727,InnoDB,LOCK_SYS_PAGE,39,0,37
1787565894.723,2026-08-24 10:04:54.727,InnoDB,LOCK_SYS_PAGE,28,0,33
1787565894.723,2026-08-24 10:04:54.727,InnoDB,LOCK_SYS_PAGE,22,0,28
1787565894.723,2026-08-24 10:04:54.727,InnoDB,LOCK_SYS_PAGE,20,0,24
1787565894.723,2026-08-24 10:04:54.727,InnoDB,LOCK_SYS_PAGE,27,0,33
1787565894.723,2026-08-24 10:04:54.727,InnoDB,LOCK_SYS_PAGE,16,0,19
1787565894.723,2026-08-24 10:04:54.727,InnoDB,LOCK_SYS_PAGE,19,0,23
1787565894.723,2026-08-24 10:04:54.727,InnoDB,LOCK_SYS_PAGE,20,0,22
1787565894.723,2026-08-24 10:04:54.727,InnoDB,LOCK_SYS_PAGE,33,0,38
1787565894.723,2026-08-24 10:04:54.727,InnoDB,LOCK_SYS_PAGE,53,0,38
1787565894.723,2026-08-24 10:04:54.727,InnoDB,LOCK_SYS_PAGE,34,0,34
1787565894.723,2026-08-24 10:04:54.727,InnoDB,LOCK_SYS_PAGE,23,0,28
1787565894.723,2026-08-24 10:04:54.727,InnoDB,LOCK_SYS_PAGE,28,0,33
1787565894.723,2026-08-24 10:04:54.727,InnoDB,LOCK_SYS_PAGE,18,0,24
1787565894.723,2026-08-24 10:04:54.727,InnoDB,LOCK_SYS_PAGE,21,0,26
1787565894.723,2026-08-24 10:04:54.727,InnoDB,LOCK_SYS_PAGE,30,0,39
1787565894.723,2026-08-24 10:04:54.727,InnoDB,LOCK_SYS_PAGE,34,0,35
1787565894.723,2026-08-24 10:04:54.727,InnoDB,LOCK_SYS_PAGE,18,0,22
1787565894.723,2026-08-24 10:04:54.727,InnoDB,LOCK_SYS_PAGE,21,0,36
1787565894.723,2026-08-24 10:04:54.727,InnoDB,LOCK_SYS_PAGE,22,0,31
1787565894.723,2026-08-24 10:04:54.727,InnoDB,LOCK_SYS_PAGE,24,0,29
1787565894.723,2026-08-24 10:04:54.727,InnoDB,LOCK_SYS_PAGE,21,0,26
1787565894.723,2026-08-24 10:04:54.727,InnoDB,LOCK_SYS_PAGE,39,0,42
1787565894.723,2026-08-24 10:04:54.727,InnoDB,LOCK_SYS_PAGE,32,0,35
1787565894.723,2026-08-24 10:04:54.727,InnoDB,LOCK_SYS_PAGE,21,0,30
1787565894.723,2026-08-24 10:04:54.727,InnoDB,LOCK_SYS_PAGE,15,0,20
1787565894.723,2026-08-24 10:04:54.727,InnoDB,LOCK_SYS_PAGE,25,0,33
1787565894.723,2026-08-24 10:04:54.727,InnoDB,LOCK_SYS_PAGE,32,0,40
1787565894.723,2026-08-24 10:04:54.727,InnoDB,LOCK_SYS_PAGE,10,0,13
1787565894.723,2026-08-24 10:04:54.727,InnoDB,LOCK_SYS_PAGE,19,0,25
1787565894.723,2026-08-24 10:04:54.727,InnoDB,LOCK_SYS_PAGE,25,0,28
1787565894.723,2026-08-24 10:04:54.727,InnoDB,LOCK_SYS_PAGE,94,0,39
1787565894.723,2026-08-24 10:04:54.727,InnoDB,LOCK_SYS_PAGE,20,0,31
1787565894.723,2026-08-24 10:04:54.727,InnoDB,LOCK_SYS_PAGE,15,0,15
1787565894.723,2026-08-24 10:04:54.727,InnoDB,LOCK_SYS_PAGE,26,0,29
1787565894.723,2026-08-24 10:04:54.727,InnoDB,LOCK_SYS_PAGE,34,0,34
1787565894.723,2026-08-24 10:04:54.727,InnoDB,LOCK_SYS_PAGE,31,0,28
1787565894.723,2026-08-24 10:04:54.727,InnoDB,LOCK_SYS_PAGE,20,0,29
1787565894.723,2026-08-24 10:04:54.727,InnoDB,LOCK_SYS_PAGE,31,0,37
1787565894.723,2026-08-24 10:04:54.727,InnoDB,LOCK_SYS_PAGE,36,0,38
1787565894.723,2026-08-24 10:04:54.727,InnoDB,LOCK_SYS_PAGE,22,0,23
1787565894.723,2026-08-24 10:04:54.727,InnoDB,LOCK_SYS_PAGE,25,0,26
1787565894.723,2026-08-24 10:04:54.727,InnoDB,LOCK_SYS_PAGE,26,0,35
1787565894.723,2026-08-24 10:04:54.727,InnoDB,LOCK_SYS_PAGE,31,0,37
1787565894.723,2026-08-24 10:04:54.727,InnoDB,LOCK_SYS_PAGE,20,0,28
1787565894.723,2026-08-24 10:04:54.727,InnoDB,LOCK_SYS_PAGE,21,0,26
1787565894.723,2026-08-24 10:04:54.727,InnoDB,LOCK_SYS_PAGE,29,0,33
1787565894.723,2026-08-24 10:04:54.727,InnoDB,LOCK_SYS_PAGE,21,0,38
1787565894.723,2026-08-24 10:04:54.727,InnoDB,LOCK_SYS_PAGE,15,0,21
1787565894.723,2026-08-24 10:04:54.727,InnoDB,LOCK_SYS_PAGE,53,0,32
1787565894.723,2026-08-24 10:04:54.727,InnoDB,LOCK_SYS_PAGE,27,0,34
1787565894.723,2026-08-24 10:04:54.727,InnoDB,LOCK_SYS_PAGE,17,0,22
1787565894.723,2026-08-24 10:04:54.727,InnoDB,LOCK_SYS_PAGE,28,0,31
1787565894.723,2026-08-24 10:04:54.727,InnoDB,LOCK_SYS_PAGE,22,0,27
1787565894.723,2026-08-24 10:04:54.727,InnoDB,LOCK_SYS_PAGE,24,0,23
1787565894.723,2026-08-24 10:04:54.727,InnoDB,LOCK_SYS_PAGE,29,0,42
1787565894.723,2026-08-24 10:04:54.727,InnoDB,LOCK_SYS_PAGE,51,0,30
1787565894.723,2026-08-24 10:04:54.727,InnoDB,LOCK_SYS_PAGE,29,0,34
1787565894.723,2026-08-24 10:04:54.727,InnoDB,LOCK_SYS_PAGE,29,0,35
1787565894.723,2026-08-24 10:04:54.727,InnoDB,LOCK_SYS_PAGE,18,0,23
1787565894.723,2026-08-24 10:04:54.727,InnoDB,LOCK_SYS_PAGE,24,0,35
1787565894.723,2026-08-24 10:04:54.727,InnoDB,LOCK_SYS_PAGE,23,0,30
1787565894.723,2026-08-24 10:04:54.727,InnoDB,LOCK_SYS_PAGE,30,0,32
1787565894.723,2026-08-24 10:04:54.727,InnoDB,LOCK_SYS_PAGE,17,0,27
1787565894.723,2026-08-24 10:04:54.727,InnoDB,LOCK_SYS_PAGE,14,0,19
1787565894.723,2026-08-24 10:04:54.727,InnoDB,LOCK_SYS_PAGE,34,0,33
1787565894.723,2026-08-24 10:04:54.727,InnoDB,LOCK_SYS_PAGE,23,0,26
1787565894.723,2026-08-24 10:04:54.727,InnoDB,LOCK_SYS_PAGE,20,0,30
1787565894.723,2026-08-24 10:04:54.727,InnoDB,LOCK_SYS_PAGE,23,0,33
1787565894.723,2026-08-24 10:04:54.727,InnoDB,LOCK_SYS_PAGE,36,0,44
1787565894.723,2026-08-24 10:04:54.727,InnoDB,LOCK_SYS_PAGE,31,0,30
1787565894.723,2026-08-24 10:04:54.727,InnoDB,LOCK_SYS_PAGE,21,0,34
1787565894.723,2026-08-24 10:04:54.727,InnoDB,LOCK_SYS_PAGE,29,0,29
1787565894.723,2026-08-24 10:04:54.727,InnoDB,LOCK_SYS_PAGE,30,0,35
1787565894.723,2026-08-24 10:04:54.727,InnoDB,LOCK_SYS_PAGE,19,0,26
1787565894.723,2026-08-24 10:04:54.727,InnoDB,LOCK_SYS_PAGE,24,0,26
1787565894.723,2026-08-24 10:04:54.727,InnoDB,LOCK_SYS_PAGE,29,0,45
1787565894.723,2026-08-24 10:04:54.727,InnoDB,LOCK_SYS_PAGE,35,0,42
1787565894.723,2026-08-24 10:04:54.727,InnoDB,LOCK_SYS_PAGE,31,0,32
1787565894.723,2026-08-24 10:04:54.727,InnoDB,LOCK_SYS_PAGE,20,0,25
1787565894.723,2026-08-24 10:04:54.727,InnoDB,LOCK_SYS_PAGE,31,0,41
1787565894.723,2026-08-24 10:04:54.727,InnoDB,LOCK_SYS_PAGE,25,0,29
1787565894.723,2026-08-24 10:04:54.727,InnoDB,LOCK_SYS_PAGE,13,0,17
1787565894.723,2026-08-24 10:04:54.727,InnoDB,LOCK_SYS_PAGE,19,0,25
1787565894.723,2026-08-24 10:04:54.727,InnoDB,LOCK_SYS_PAGE,27,0,36
1787565894.723,2026-08-24 10:04:54.727,InnoDB,LOCK_SYS_PAGE,29,0,40
1787565894.723,2026-08-24 10:04:54.727,InnoDB,LOCK_SYS_PAGE,24,0,29
1787565894.723,2026-08-24 10:04:54.727,InnoDB,LOCK_SYS_PAGE,17,0,27
1787565894.723,2026-08-24 10:04:54.727,InnoDB,LOCK_SYS_PAGE,20,0,24
1787565894.723,2026-08-24 10:04:54.727,InnoDB,LOCK_SYS_PAGE,19,0,25
1787565894.723,2026-08-24 10:04:54.727,InnoDB,LOCK_SYS_PAGE,21,0,30
1787565894.723,2026-08-24 10:04:54.727,InnoDB,LOCK_SYS_PAGE,21,0,30
1787565894.723,2026-08-24 10:04:54.727,InnoDB,LOCK_SYS_PAGE,50,0,53
1787565894.723,2026-08-24 10:04:54.727,InnoDB,LOCK_SYS_PAGE,28,0,35
1787565894.723,2026-08-24 10:04:54.727,InnoDB,LOCK_SYS_PAGE,30,0,26
1787565894.723,2026-08-24 10:04:54.727,InnoDB,LOCK_SYS_PAGE,32,0,30
1787565894.723,2026-08-24 10:04:54.727,InnoDB,LOCK_SYS_PAGE,29,0,29
1787565894.723,2026-08-24 10:04:54.727,InnoDB,LOCK_SYS_PAGE,28,0,36
1787565894.723,2026-08-24 10:04:54.727,InnoDB,LOCK_SYS_PAGE,21,0,27
1787565894.723,2026-08-24 10:04:54.727,InnoDB,LOCK_SYS_PAGE,21,0,27
1787565894.723,2026-08-24 10:04:54.727,InnoDB,LOCK_SYS_PAGE,10,0,22
1787565894.723,2026-08-24 10:04:54.727,InnoDB,LOCK_SYS_PAGE,32,0,35
1787565894.723,2026-08-24 10:04:54.727,InnoDB,LOCK_SYS_PAGE,29,0,35
1787565894.723,2026-08-24 10:04:54.727,InnoDB,LOCK_SYS_PAGE,31,0,30
1787565894.723,2026-08-24 10:04:54.727,InnoDB,LOCK_SYS_PAGE,24,0,29
1787565894.723,2026-08-24 10:04:54.727,InnoDB,LOCK_SYS_PAGE,54,0,39
1787565894.723,2026-08-24 10:04:54.727,InnoDB,LOCK_SYS_PAGE,30,0,35
1787565894.723,2026-08-24 10:04:54.727,InnoDB,LOCK_SYS_PAGE,29,0,32
1787565894.723,2026-08-24 10:04:54.727,InnoDB,LOCK_SYS_PAGE,19,0,26
1787565894.723,2026-08-24 10:04:54.727,InnoDB,LOCK_SYS_PAGE,31,0,37
1787565894.723,2026-08-24 10:04:54.727,InnoDB,LOCK_SYS_PAGE,25,0,30
1787565894.723,2026-08-24 10:04:54.727,InnoDB,LOCK_SYS_PAGE,31,0,33
1787565894.723,2026-08-24 10:04:54.727,InnoDB,LOCK_SYS_PAGE,32,0,38
1787565894.723,2026-08-24 10:04:54.727,InnoDB,LOCK_SYS_PAGE,35,0,42
1787565894.723,2026-08-24 10:04:54.727,InnoDB,LOCK_SYS_PAGE,36,0,34
1787565894.723,2026-08-24 10:04:54.727,InnoDB,LOCK_SYS_PAGE,18,0,22
1787565894.723,2026-08-24 10:04:54.727,InnoDB,LOCK_SYS_PAGE,25,0,34
1787565894.723,2026-08-24 10:04:54.727,InnoDB,LOCK_SYS_PAGE,38,0,44
1787565894.723,2026-08-24 10:04:54.727,InnoDB,LOCK_SYS_PAGE,27,0,35
1787565894.723,2026-08-24 10:04:54.727,InnoDB,LOCK_SYS_PAGE,20,0,31
1787565894.723,2026-08-24 10:04:54.727,InnoDB,LOCK_SYS_PAGE,22,0,32
1787565894.723,2026-08-24 10:04:54.727,InnoDB,LOCK_SYS_PAGE,30,0,43
1787565894.723,2026-08-24 10:04:54.727,InnoDB,LOCK_SYS_PAGE,28,0,36
1787565894.723,2026-08-24 10:04:54.727,InnoDB,LOCK_SYS_PAGE,24,0,30
1787565894.723,2026-08-24 10:04:54.727,InnoDB,LOCK_SYS_PAGE,36,0,44
1787565894.723,2026-08-24 10:04:54.727,InnoDB,LOCK_SYS_PAGE,35,0,47
1787565894.723,2026-08-24 10:04:54.727,InnoDB,LOCK_SYS_PAGE,24,0,34
1787565894.723,2026-08-24 10:04:54.727,InnoDB,LOCK_SYS_PAGE,25,0,27
1787565894.723,2026-08-24 10:04:54.727,InnoDB,LOCK_SYS_PAGE,33,0,39
1787565894.723,2026-08-24 10:04:54.727,InnoDB,LOCK_SYS_PAGE,37,0,44
1787565894.723,2026-08-24 10:04:54.727,InnoDB,LOCK_SYS_PAGE,27,0,35
1787565894.723,2026-08-24 10:04:54.727,InnoDB,LOCK_SYS_PAGE,17,0,18
1787565894.723,2026-08-24 10:04:54.727,InnoDB,LOCK_SYS_PAGE,20,0,30
1787565894.723,2026-08-24 10:04:54.727,InnoDB,LOCK_SYS_PAGE,29,0,36
1787565894.723,2026-08-24 10:04:54.727,InnoDB,LOCK_SYS_PAGE,17,0,21
1787565894.723,2026-08-24 10:04:54.727,InnoDB,LOCK_SYS_PAGE,23,0,32
1787565894.723,2026-08-24 10:04:54.727,InnoDB,LOCK_SYS_PAGE,30,0,35
1787565894.723,2026-08-24 10:04:54.727,InnoDB,LOCK_SYS_PAGE,30,0,35
1787565894.723,2026-08-24 10:04:54.727,InnoDB,LOCK_SYS_PAGE,15,0,26
1787565894.723,2026-08-24 10:04:54.727,InnoDB,LOCK_SYS_PAGE,25,0,22
1787565894.723,2026-08-24 10:04:54.727,InnoDB,LOCK_SYS_PAGE,22,0,28
1787565894.723,2026-08-24 10:04:54.727,InnoDB,LOCK_SYS_PAGE,37,0,37
1787565894.723,2026-08-24 10:04:54.727,InnoDB,LOCK_SYS_PAGE,21,0,24
1787565894.723,2026-08-24 10:04:54.727,InnoDB,LOCK_SYS_PAGE,20,0,20
1787565894.723,2026-08-24 10:04:54.727,InnoDB,rwlock: fil0fil.cc:10242,,78034,
1787565894.723,2026-08-24 10:04:54.727,InnoDB,rwlock: fil0fil.cc:10242,,84527,
1787565894.723,2026-08-24 10:04:54.727,InnoDB,rwlock: dict0dict.cc:2631,,38304,
1787565894.723,2026-08-24 10:04:54.727,InnoDB,rwlock: dict0dict.cc:2631,,38385,
1787565894.723,2026-08-24 10:04:54.727,InnoDB,rwlock: dict0dict.cc:2631,,38095,
1787565894.723,2026-08-24 10:04:54.727,InnoDB,rwlock: dict0dict.cc:2631,,38485,
1787565894.723,2026-08-24 10:04:54.727,InnoDB,rwlock: dict0dict.cc:2631,,38603,
1787565894.723,2026-08-24 10:04:54.727,InnoDB,rwlock: dict0dict.cc:2631,,38322,
1787565894.723,2026-08-24 10:04:54.727,InnoDB,rwlock: dict0dict.cc:2631,,38324,
1787565894.723,2026-08-24 10:04:54.727,InnoDB,rwlock: dict0dict.cc:2631,,38346,
1787565894.723,2026-08-24 10:04:54.727,InnoDB,rwlock: dict0dict.cc:2631,,38402,
1787565894.723,2026-08-24 10:04:54.727,InnoDB,rwlock: dict0dict.cc:2631,,39179,
1787565894.723,2026-08-24 10:04:54.727,InnoDB,rwlock: dict0dict.cc:2631,,38631,
1787565894.723,2026-08-24 10:04:54.727,InnoDB,rwlock: dict0dict.cc:2631,,38862,
1787565894.723,2026-08-24 10:04:54.727,InnoDB,rwlock: dict0dict.cc:2631,,39115,
1787565894.723,2026-08-24 10:04:54.727,InnoDB,rwlock: dict0dict.cc:2631,,39132,
1787565894.723,2026-08-24 10:04:54.727,InnoDB,rwlock: dict0dict.cc:2631,,38084,
1787565894.723,2026-08-24 10:04:54.727,InnoDB,rwlock: dict0dict.cc:2631,,38388,
1787565894.723,2026-08-24 10:04:54.727,InnoDB,rwlock: dict0dict.cc:2631,,37912,
1787565894.723,2026-08-24 10:04:54.727,InnoDB,rwlock: dict0dict.cc:2631,,37690,
1787565894.723,2026-08-24 10:04:54.727,InnoDB,rwlock: dict0dict.cc:2631,,38032,
1787565894.723,2026-08-24 10:04:54.727,InnoDB,rwlock: dict0dict.cc:2631,,38160,
1787565894.723,2026-08-24 10:04:54.727,InnoDB,rwlock: dict0dict.cc:2631,,2,
1787565894.723,2026-08-24 10:04:54.727,InnoDB,rwlock: dict0dict.cc:2631,,2,
1787565894.723,2026-08-24 10:04:54.727,InnoDB,rwlock: fil0fil.cc:10242,,1,
1787565894.723,2026-08-24 10:04:54.727,InnoDB,rwlock: dict0dict.cc:2631,,1,
1787565894.723,2026-08-24 10:04:54.727,InnoDB,rwlock: dict0dict.cc:2631,,1,
1787565894.723,2026-08-24 10:04:54.727,InnoDB,rwlock: dict0dict.cc:2631,,1,
1787565894.723,2026-08-24 10:04:54.727,InnoDB,rwlock: dict0dict.cc:2631,,1,
1787565894.723,2026-08-24 10:04:54.727,InnoDB,rwlock: dict0dict.cc:2631,,1,
1787565894.723,2026-08-24 10:04:54.727,InnoDB,rwlock: dict0dict.cc:2631,,1,
1787565894.723,2026-08-24 10:04:54.727,InnoDB,rwlock: dict0dict.cc:2631,,1,
1787565894.723,2026-08-24 10:04:54.727,InnoDB,rwlock: dict0dict.cc:2631,,1,
1787565894.723,2026-08-24 10:04:54.727,InnoDB,rwlock: dict0dict.cc:2631,,2,
1787565894.723,2026-08-24 10:04:54.727,InnoDB,rwlock: dict0dict.cc:2631,,1,
1787565894.723,2026-08-24 10:04:54.727,InnoDB,rwlock: dict0dict.cc:2631,,1,
1787565894.723,2026-08-24 10:04:54.727,InnoDB,rwlock: dict0dict.cc:2631,,1,
1787565894.723,2026-08-24 10:04:54.727,InnoDB,rwlock: dict0dict.cc:2631,,3,
1787565894.723,2026-08-24 10:04:54.727,InnoDB,rwlock: dict0dict.cc:2631,,1,
1787565894.723,2026-08-24 10:04:54.727,InnoDB,rwlock: dict0dict.cc:2631,,1,
1787565894.723,2026-08-24 10:04:54.727,InnoDB,rwlock: dict0dict.cc:2631,,1,
1787565894.723,2026-08-24 10:04:54.727,InnoDB,rwlock: fil0fil.cc:10242,,1,
1787565894.723,2026-08-24 10:04:54.727,InnoDB,rwlock: trx0purge.cc:232,,2,
1787565894.723,2026-08-24 10:04:54.727,InnoDB,rwlock: dict0dict.cc:1180,,16,
1787565894.723,2026-08-24 10:04:54.727,InnoDB,rwlock: hash0hash.cc:117,,1760267,
1787565894.723,2026-08-24 10:04:54.727,InnoDB,rwlock: hash0hash.cc:117,,1302770,
1787565894.723,2026-08-24 10:04:54.727,InnoDB,rwlock: hash0hash.cc:117,,1311448,
1787565894.723,2026-08-24 10:04:54.727,InnoDB,rwlock: hash0hash.cc:117,,1611930,
1787565894.723,2026-08-24 10:04:54.727,InnoDB,rwlock: hash0hash.cc:117,,1199560,
1787565894.723,2026-08-24 10:04:54.727,InnoDB,rwlock: hash0hash.cc:117,,1550815,
1787565894.723,2026-08-24 10:04:54.727,InnoDB,rwlock: hash0hash.cc:117,,1359435,
1787565894.723,2026-08-24 10:04:54.727,InnoDB,rwlock: hash0hash.cc:117,,1344927,
1787565894.723,2026-08-24 10:04:54.727,InnoDB,rwlock: hash0hash.cc:117,,1550897,
1787565894.723,2026-08-24 10:04:54.727,InnoDB,rwlock: hash0hash.cc:117,,1039218,
1787565894.723,2026-08-24 10:04:54.727,InnoDB,rwlock: hash0hash.cc:117,,1483156,
1787565894.723,2026-08-24 10:04:54.727,InnoDB,rwlock: hash0hash.cc:117,,1487350,
1787565894.723,2026-08-24 10:04:54.727,InnoDB,rwlock: hash0hash.cc:117,,1221834,
1787565894.723,2026-08-24 10:04:54.727,InnoDB,rwlock: hash0hash.cc:117,,1512233,
1787565894.723,2026-08-24 10:04:54.727,InnoDB,rwlock: hash0hash.cc:117,,1309188,
1787565894.723,2026-08-24 10:04:54.727,InnoDB,rwlock: hash0hash.cc:117,,1189250,
1787565894.723,2026-08-24 10:04:54.727,InnoDB,sum rwlock: buf0buf.cc:852,,6437456,
