timestamp_unix,timestamp_human,type,name,spins,waits,calls
1787558501.993,2026-08-24 08:01:41.994,InnoDB,BUF_POOL_LRU_LIST,2714303694,80698610,55943072
1787558501.993,2026-08-24 08:01:41.994,InnoDB,BUF_POOL_LRU_LIST,2520304112,74246962,55634765
1787558501.993,2026-08-24 08:01:41.994,InnoDB,BUF_POOL_LRU_LIST,2398950266,70427083,55077933
1787558501.993,2026-08-24 08:01:41.994,InnoDB,BUF_POOL_LRU_LIST,2246257124,66061498,53018757
1787558501.993,2026-08-24 08:01:41.994,InnoDB,LOG_WRITER,4869719,162230,1402
1787558501.993,2026-08-24 08:01:41.994,InnoDB,FLUSH_LIST,875947,20078,232056
1787558501.993,2026-08-24 08:01:41.994,InnoDB,FLUSH_LIST,856488,19311,249566
1787558501.993,2026-08-24 08:01:41.994,InnoDB,FLUSH_LIST,842187,19123,226909
1787558501.993,2026-08-24 08:01:41.994,InnoDB,FLUSH_LIST,824600,18486,228607
1787558501.993,2026-08-24 08:01:41.994,InnoDB,TRX_SYS,3905552,12048,3004017
1787558501.993,2026-08-24 08:01:41.994,InnoDB,UNDO_SPACE_RSEG,272422,8650,2863
1787558501.993,2026-08-24 08:01:41.994,InnoDB,UNDO_SPACE_RSEG,270607,8633,2848
1787558501.993,2026-08-24 08:01:41.994,InnoDB,UNDO_SPACE_RSEG,268740,8556,2942
1787558501.993,2026-08-24 08:01:41.994,InnoDB,UNDO_SPACE_RSEG,267684,8537,2796
1787558501.993,2026-08-24 08:01:41.994,InnoDB,UNDO_SPACE_RSEG,266377,8506,2873
1787558501.993,2026-08-24 08:01:41.994,InnoDB,UNDO_SPACE_RSEG,264515,8414,2961
1787558501.993,2026-08-24 08:01:41.994,InnoDB,BUF_BLOCK_MUTEX,304655,8404,25068
1787558501.993,2026-08-24 08:01:41.994,InnoDB,UNDO_SPACE_RSEG,261147,8313,2778
1787558501.993,2026-08-24 08:01:41.994,InnoDB,UNDO_SPACE_RSEG,259500,8273,2879
1787558501.993,2026-08-24 08:01:41.994,InnoDB,UNDO_SPACE_RSEG,259281,8236,2881
1787558501.993,2026-08-24 08:01:41.994,InnoDB,UNDO_SPACE_RSEG,257016,8177,2764
1787558501.993,2026-08-24 08:01:41.994,InnoDB,UNDO_SPACE_RSEG,253932,8064,2733
1787558501.993,2026-08-24 08:01:41.994,InnoDB,UNDO_SPACE_RSEG,252528,8043,2712
1787558501.993,2026-08-24 08:01:41.994,InnoDB,UNDO_SPACE_RSEG,252485,8031,2752
1787558501.993,2026-08-24 08:01:41.994,InnoDB,UNDO_SPACE_RSEG,250882,8012,2744
1787558501.993,2026-08-24 08:01:41.994,InnoDB,UNDO_SPACE_RSEG,252227,7994,2749
1787558501.993,2026-08-24 08:01:41.994,InnoDB,UNDO_SPACE_RSEG,250768,7967,2824
1787558501.993,2026-08-24 08:01:41.994,InnoDB,UNDO_SPACE_RSEG,250650,7956,2841
1787558501.993,2026-08-24 08:01:41.994,InnoDB,UNDO_SPACE_RSEG,249047,7949,2746
1787558501.993,2026-08-24 08:01:41.994,InnoDB,UNDO_SPACE_RSEG,249274,7918,2786
1787558501.993,2026-08-24 08:01:41.994,InnoDB,UNDO_SPACE_RSEG,248968,7915,2692
1787558501.993,2026-08-24 08:01:41.994,InnoDB,UNDO_SPACE_RSEG,249465,7894,2843
1787558501.993,2026-08-24 08:01:41.994,InnoDB,UNDO_SPACE_RSEG,248326,7892,2712
1787558501.993,2026-08-24 08:01:41.994,InnoDB,UNDO_SPACE_RSEG,248775,7877,2747
1787558501.993,2026-08-24 08:01:41.994,InnoDB,UNDO_SPACE_RSEG,246577,7859,2920
1787558501.993,2026-08-24 08:01:41.994,InnoDB,UNDO_SPACE_RSEG,247619,7855,2819
1787558501.993,2026-08-24 08:01:41.994,InnoDB,UNDO_SPACE_RSEG,246112,7850,2659
1787558501.993,2026-08-24 08:01:41.994,InnoDB,UNDO_SPACE_RSEG,246467,7842,2794
1787558501.993,2026-08-24 08:01:41.994,InnoDB,UNDO_SPACE_RSEG,246068,7831,2710
1787558501.993,2026-08-24 08:01:41.994,InnoDB,UNDO_SPACE_RSEG,246014,7825,2832
1787558501.993,2026-08-24 08:01:41.994,InnoDB,UNDO_SPACE_RSEG,245506,7808,2836
1787558501.993,2026-08-24 08:01:41.994,InnoDB,UNDO_SPACE_RSEG,244447,7785,2606
1787558501.993,2026-08-24 08:01:41.994,InnoDB,UNDO_SPACE_RSEG,244229,7775,2832
1787558501.993,2026-08-24 08:01:41.994,InnoDB,UNDO_SPACE_RSEG,243718,7756,2593
1787558501.993,2026-08-24 08:01:41.994,InnoDB,UNDO_SPACE_RSEG,244084,7751,2860
1787558501.993,2026-08-24 08:01:41.994,InnoDB,UNDO_SPACE_RSEG,244325,7744,2809
1787558501.993,2026-08-24 08:01:41.994,InnoDB,UNDO_SPACE_RSEG,244492,7743,2666
1787558501.993,2026-08-24 08:01:41.994,InnoDB,UNDO_SPACE_RSEG,243631,7729,2754
1787558501.993,2026-08-24 08:01:41.994,InnoDB,UNDO_SPACE_RSEG,242503,7728,2742
1787558501.993,2026-08-24 08:01:41.994,InnoDB,UNDO_SPACE_RSEG,243230,7719,2707
1787558501.993,2026-08-24 08:01:41.994,InnoDB,UNDO_SPACE_RSEG,242016,7695,2642
1787558501.993,2026-08-24 08:01:41.994,InnoDB,UNDO_SPACE_RSEG,240888,7681,2662
1787558501.993,2026-08-24 08:01:41.994,InnoDB,UNDO_SPACE_RSEG,242463,7672,2714
1787558501.993,2026-08-24 08:01:41.994,InnoDB,UNDO_SPACE_RSEG,240680,7672,2725
1787558501.993,2026-08-24 08:01:41.994,InnoDB,UNDO_SPACE_RSEG,240688,7661,2740
1787558501.993,2026-08-24 08:01:41.994,InnoDB,UNDO_SPACE_RSEG,240622,7639,2711
1787558501.993,2026-08-24 08:01:41.994,InnoDB,UNDO_SPACE_RSEG,240670,7639,2744
1787558501.993,2026-08-24 08:01:41.994,InnoDB,UNDO_SPACE_RSEG,239812,7638,2695
1787558501.993,2026-08-24 08:01:41.994,InnoDB,UNDO_SPACE_RSEG,239368,7632,2661
1787558501.993,2026-08-24 08:01:41.994,InnoDB,UNDO_SPACE_RSEG,239816,7630,2746
1787558501.993,2026-08-24 08:01:41.994,InnoDB,UNDO_SPACE_RSEG,238986,7618,2588
1787558501.993,2026-08-24 08:01:41.994,InnoDB,UNDO_SPACE_RSEG,240658,7618,2723
1787558501.993,2026-08-24 08:01:41.994,InnoDB,UNDO_SPACE_RSEG,239432,7600,2848
1787558501.993,2026-08-24 08:01:41.994,InnoDB,UNDO_SPACE_RSEG,239048,7599,2665
1787558501.993,2026-08-24 08:01:41.994,InnoDB,UNDO_SPACE_RSEG,238847,7580,2770
1787558501.993,2026-08-24 08:01:41.994,InnoDB,UNDO_SPACE_RSEG,237752,7562,2685
1787558501.993,2026-08-24 08:01:41.994,InnoDB,UNDO_SPACE_RSEG,237967,7554,2738
1787558501.993,2026-08-24 08:01:41.994,InnoDB,UNDO_SPACE_RSEG,237654,7554,2681
1787558501.993,2026-08-24 08:01:41.994,InnoDB,UNDO_SPACE_RSEG,238328,7553,2736
1787558501.993,2026-08-24 08:01:41.994,InnoDB,UNDO_SPACE_RSEG,237426,7549,2609
1787558501.993,2026-08-24 08:01:41.994,InnoDB,UNDO_SPACE_RSEG,237669,7542,2664
1787558501.993,2026-08-24 08:01:41.994,InnoDB,UNDO_SPACE_RSEG,236624,7535,2664
1787558501.993,2026-08-24 08:01:41.994,InnoDB,UNDO_SPACE_RSEG,236907,7528,2719
1787558501.993,2026-08-24 08:01:41.994,InnoDB,UNDO_SPACE_RSEG,236423,7527,2614
1787558501.993,2026-08-24 08:01:41.994,InnoDB,UNDO_SPACE_RSEG,237473,7525,2620
1787558501.993,2026-08-24 08:01:41.994,InnoDB,UNDO_SPACE_RSEG,236914,7516,2699
1787558501.993,2026-08-24 08:01:41.994,InnoDB,UNDO_SPACE_RSEG,236812,7513,2797
1787558501.993,2026-08-24 08:01:41.994,InnoDB,UNDO_SPACE_RSEG,236107,7512,2579
1787558501.993,2026-08-24 08:01:41.994,InnoDB,UNDO_SPACE_RSEG,236588,7507,2704
1787558501.993,2026-08-24 08:01:41.994,InnoDB,UNDO_SPACE_RSEG,236385,7500,2663
1787558501.993,2026-08-24 08:01:41.994,InnoDB,UNDO_SPACE_RSEG,237064,7499,2746
1787558501.993,2026-08-24 08:01:41.994,InnoDB,UNDO_SPACE_RSEG,235460,7470,2683
1787558501.993,2026-08-24 08:01:41.994,InnoDB,UNDO_SPACE_RSEG,233599,7460,2667
1787558501.993,2026-08-24 08:01:41.994,InnoDB,UNDO_SPACE_RSEG,234119,7445,2588
1787558501.993,2026-08-24 08:01:41.994,InnoDB,UNDO_SPACE_RSEG,233898,7444,2678
1787558501.993,2026-08-24 08:01:41.994,InnoDB,UNDO_SPACE_RSEG,233821,7417,2729
1787558501.993,2026-08-24 08:01:41.994,InnoDB,UNDO_SPACE_RSEG,233381,7411,2635
1787558501.993,2026-08-24 08:01:41.994,InnoDB,UNDO_SPACE_RSEG,233682,7398,2678
1787558501.993,2026-08-24 08:01:41.994,InnoDB,UNDO_SPACE_RSEG,232332,7394,2589
1787558501.993,2026-08-24 08:01:41.994,InnoDB,UNDO_SPACE_RSEG,231806,7386,2630
1787558501.993,2026-08-24 08:01:41.994,InnoDB,UNDO_SPACE_RSEG,232606,7381,2787
1787558501.993,2026-08-24 08:01:41.994,InnoDB,UNDO_SPACE_RSEG,232240,7366,2654
1787558501.993,2026-08-24 08:01:41.994,InnoDB,UNDO_SPACE_RSEG,231698,7363,2549
1787558501.993,2026-08-24 08:01:41.994,InnoDB,UNDO_SPACE_RSEG,231907,7360,2621
1787558501.993,2026-08-24 08:01:41.994,InnoDB,UNDO_SPACE_RSEG,230974,7338,2718
1787558501.993,2026-08-24 08:01:41.994,InnoDB,UNDO_SPACE_RSEG,230833,7332,2644
1787558501.993,2026-08-24 08:01:41.994,InnoDB,UNDO_SPACE_RSEG,230007,7325,2630
1787558501.993,2026-08-24 08:01:41.994,InnoDB,UNDO_SPACE_RSEG,230494,7314,2634
1787558501.993,2026-08-24 08:01:41.994,InnoDB,UNDO_SPACE_RSEG,229458,7296,2651
1787558501.993,2026-08-24 08:01:41.994,InnoDB,UNDO_SPACE_RSEG,228461,7292,2601
1787558501.993,2026-08-24 08:01:41.994,InnoDB,UNDO_SPACE_RSEG,228888,7271,2587
1787558501.993,2026-08-24 08:01:41.994,InnoDB,UNDO_SPACE_RSEG,228913,7270,2728
1787558501.993,2026-08-24 08:01:41.994,InnoDB,UNDO_SPACE_RSEG,228566,7245,2634
1787558501.993,2026-08-24 08:01:41.994,InnoDB,UNDO_SPACE_RSEG,228457,7243,2586
1787558501.993,2026-08-24 08:01:41.994,InnoDB,UNDO_SPACE_RSEG,227674,7242,2621
1787558501.993,2026-08-24 08:01:41.994,InnoDB,UNDO_SPACE_RSEG,227140,7221,2513
1787558501.993,2026-08-24 08:01:41.994,InnoDB,UNDO_SPACE_RSEG,226837,7216,2621
1787558501.993,2026-08-24 08:01:41.994,InnoDB,UNDO_SPACE_RSEG,226838,7199,2730
1787558501.993,2026-08-24 08:01:41.994,InnoDB,UNDO_SPACE_RSEG,227651,7198,2665
1787558501.993,2026-08-24 08:01:41.994,InnoDB,UNDO_SPACE_RSEG,227068,7189,2654
1787558501.993,2026-08-24 08:01:41.994,InnoDB,UNDO_SPACE_RSEG,225595,7185,2619
1787558501.993,2026-08-24 08:01:41.994,InnoDB,UNDO_SPACE_RSEG,225547,7172,2585
1787558501.993,2026-08-24 08:01:41.994,InnoDB,UNDO_SPACE_RSEG,225094,7148,2629
1787558501.993,2026-08-24 08:01:41.994,InnoDB,UNDO_SPACE_RSEG,224948,7138,2604
1787558501.993,2026-08-24 08:01:41.994,InnoDB,UNDO_SPACE_RSEG,224342,7136,2560
1787558501.993,2026-08-24 08:01:41.994,InnoDB,UNDO_SPACE_RSEG,224857,7122,2663
1787558501.993,2026-08-24 08:01:41.994,InnoDB,UNDO_SPACE_RSEG,224538,7106,2645
1787558501.993,2026-08-24 08:01:41.994,InnoDB,UNDO_SPACE_RSEG,223126,7102,2611
1787558501.993,2026-08-24 08:01:41.994,InnoDB,UNDO_SPACE_RSEG,222716,7097,2664
1787558501.993,2026-08-24 08:01:41.994,InnoDB,UNDO_SPACE_RSEG,223207,7082,2561
1787558501.993,2026-08-24 08:01:41.994,InnoDB,UNDO_SPACE_RSEG,221656,7064,2640
1787558501.993,2026-08-24 08:01:41.994,InnoDB,UNDO_SPACE_RSEG,222739,7044,2633
1787558501.993,2026-08-24 08:01:41.994,InnoDB,UNDO_SPACE_RSEG,220722,7001,2567
1787558501.993,2026-08-24 08:01:41.994,InnoDB,UNDO_SPACE_RSEG,219350,6955,2641
1787558501.993,2026-08-24 08:01:41.994,InnoDB,UNDO_SPACE_RSEG,219522,6955,2643
1787558501.993,2026-08-24 08:01:41.994,InnoDB,UNDO_SPACE_RSEG,217997,6944,2494
1787558501.993,2026-08-24 08:01:41.994,InnoDB,UNDO_SPACE_RSEG,219386,6933,2585
1787558501.993,2026-08-24 08:01:41.994,InnoDB,UNDO_SPACE_RSEG,216630,6920,2423
1787558501.993,2026-08-24 08:01:41.994,InnoDB,UNDO_SPACE_RSEG,218040,6894,2590
1787558501.993,2026-08-24 08:01:41.994,InnoDB,UNDO_SPACE_RSEG,216092,6868,2642
1787558501.993,2026-08-24 08:01:41.994,InnoDB,UNDO_SPACE_RSEG,216986,6866,2687
1787558501.993,2026-08-24 08:01:41.994,InnoDB,UNDO_SPACE_RSEG,216232,6852,2643
1787558501.993,2026-08-24 08:01:41.994,InnoDB,UNDO_SPACE_RSEG,215106,6819,2606
1787558501.993,2026-08-24 08:01:41.994,InnoDB,UNDO_SPACE_RSEG,214386,6802,2636
1787558501.993,2026-08-24 08:01:41.994,InnoDB,UNDO_SPACE_RSEG,211899,6703,2605
1787558501.993,2026-08-24 08:01:41.994,InnoDB,UNDO_SPACE_RSEG,211050,6694,2465
1787558501.993,2026-08-24 08:01:41.994,InnoDB,UNDO_SPACE_RSEG,208309,6631,2579
1787558501.993,2026-08-24 08:01:41.994,InnoDB,UNDO_SPACE_RSEG,209554,6600,2570
1787558501.993,2026-08-24 08:01:41.994,InnoDB,UNDO_SPACE_RSEG,207109,6554,2557
1787558501.993,2026-08-24 08:01:41.994,InnoDB,SRV_SYS,1439895,4785,686797
1787558501.993,2026-08-24 08:01:41.994,InnoDB,BUF_POOL_FREE_LIST,2717364,3684,2327889
1787558501.993,2026-08-24 08:01:41.994,InnoDB,BUF_POOL_FREE_LIST,2623712,3306,2257920
1787558501.993,2026-08-24 08:01:41.994,InnoDB,BUF_POOL_FREE_LIST,2263525,2960,1998669
1787558501.993,2026-08-24 08:01:41.994,InnoDB,BUF_POOL_FREE_LIST,2300001,2884,2100979
1787558501.993,2026-08-24 08:01:41.994,InnoDB,TRX_SYS_SERIALISATION,268679,1883,186609
1787558501.993,2026-08-24 08:01:41.994,InnoDB,BUF_POOL_FLUSH_STATE,924769,1780,632977
1787558501.993,2026-08-24 08:01:41.994,InnoDB,BUF_POOL_FLUSH_STATE,891951,1525,611462
1787558501.993,2026-08-24 08:01:41.994,InnoDB,BUF_POOL_FLUSH_STATE,883139,1523,606383
1787558501.993,2026-08-24 08:01:41.994,InnoDB,BUF_POOL_FLUSH_STATE,867417,1514,593029
1787558501.993,2026-08-24 08:01:41.994,InnoDB,FIL_SHARD,587325,773,567858
1787558501.993,2026-08-24 08:01:41.994,InnoDB,FIL_SHARD,587588,725,578083
1787558501.993,2026-08-24 08:01:41.994,InnoDB,FIL_SHARD,591452,720,579961
1787558501.993,2026-08-24 08:01:41.994,InnoDB,DICT_SYS,15070410,701,9711603
1787558501.993,2026-08-24 08:01:41.994,InnoDB,FIL_SHARD,546145,694,545181
1787558501.993,2026-08-24 08:01:41.994,InnoDB,FIL_SHARD,601291,694,626434
1787558501.993,2026-08-24 08:01:41.994,InnoDB,FIL_SHARD,580850,677,574967
1787558501.993,2026-08-24 08:01:41.994,InnoDB,FIL_SHARD,558503,657,554314
1787558501.993,2026-08-24 08:01:41.994,InnoDB,LOG_FILES,25272,652,933
1787558501.993,2026-08-24 08:01:41.994,InnoDB,FIL_SHARD,578679,644,575256
1787558501.993,2026-08-24 08:01:41.994,InnoDB,LOG_FLUSHER,25224,644,1125
1787558501.993,2026-08-24 08:01:41.994,InnoDB,FIL_SHARD,550047,635,548712
1787558501.993,2026-08-24 08:01:41.994,InnoDB,FIL_SHARD,568197,628,562118
1787558501.993,2026-08-24 08:01:41.994,InnoDB,FIL_SHARD,573458,623,571646
1787558501.993,2026-08-24 08:01:41.994,InnoDB,FIL_SHARD,532139,621,533881
1787558501.993,2026-08-24 08:01:41.994,InnoDB,FIL_SHARD,548824,601,548664
1787558501.993,2026-08-24 08:01:41.994,InnoDB,FIL_SHARD,549659,599,546979
1787558501.993,2026-08-24 08:01:41.994,InnoDB,FIL_SHARD,580366,593,575244
1787558501.993,2026-08-24 08:01:41.994,InnoDB,FIL_SHARD,570479,590,600587
1787558501.993,2026-08-24 08:01:41.994,InnoDB,FIL_SHARD,564027,562,598191
1787558501.993,2026-08-24 08:01:41.994,InnoDB,FIL_SHARD,571545,557,569339
1787558501.993,2026-08-24 08:01:41.994,InnoDB,FIL_SHARD,577247,546,609682
1787558501.993,2026-08-24 08:01:41.994,InnoDB,FIL_SHARD,553772,544,554766
1787558501.993,2026-08-24 08:01:41.994,InnoDB,DICT_PERSIST_DIRTY_TABLES,1196582,426,494943
1787558501.993,2026-08-24 08:01:41.994,InnoDB,PAGE_CLEANER,194081,380,134966
1787558501.993,2026-08-24 08:01:41.994,InnoDB,PURGE_SYS_PQ,366472,329,318239
1787558501.993,2026-08-24 08:01:41.994,InnoDB,UNDO_SPACE_RSEG,10114,313,337
1787558501.993,2026-08-24 08:01:41.994,InnoDB,UNDO_SPACE_RSEG,10006,307,314
1787558501.993,2026-08-24 08:01:41.994,InnoDB,UNDO_SPACE_RSEG,9878,303,331
1787558501.993,2026-08-24 08:01:41.994,InnoDB,UNDO_SPACE_RSEG,9405,291,332
1787558501.993,2026-08-24 08:01:41.994,InnoDB,UNDO_SPACE_RSEG,9185,281,349
1787558501.993,2026-08-24 08:01:41.994,InnoDB,UNDO_SPACE_RSEG,8941,273,353
1787558501.993,2026-08-24 08:01:41.994,InnoDB,UNDO_SPACE_RSEG,8559,262,316
1787558501.993,2026-08-24 08:01:41.994,InnoDB,UNDO_SPACE_RSEG,8437,257,298
1787558501.993,2026-08-24 08:01:41.994,InnoDB,UNDO_SPACE_RSEG,8456,255,312
1787558501.993,2026-08-24 08:01:41.994,InnoDB,UNDO_SPACE_RSEG,8243,252,295
1787558501.993,2026-08-24 08:01:41.994,InnoDB,UNDO_SPACE_RSEG,8232,250,286
1787558501.993,2026-08-24 08:01:41.994,InnoDB,UNDO_SPACE_RSEG,8171,250,294
1787558501.993,2026-08-24 08:01:41.994,InnoDB,UNDO_SPACE_RSEG,8080,247,285
1787558501.993,2026-08-24 08:01:41.994,InnoDB,UNDO_SPACE_RSEG,8094,246,320
1787558501.993,2026-08-24 08:01:41.994,InnoDB,UNDO_SPACE_RSEG,8138,244,331
1787558501.993,2026-08-24 08:01:41.994,InnoDB,UNDO_SPACE_RSEG,7910,243,300
1787558501.993,2026-08-24 08:01:41.994,InnoDB,UNDO_SPACE_RSEG,8007,243,323
1787558501.993,2026-08-24 08:01:41.994,InnoDB,UNDO_SPACE_RSEG,8042,243,303
1787558501.993,2026-08-24 08:01:41.994,InnoDB,UNDO_SPACE_RSEG,7982,242,311
1787558501.993,2026-08-24 08:01:41.994,InnoDB,UNDO_SPACE_RSEG,7730,236,286
1787558501.993,2026-08-24 08:01:41.994,InnoDB,UNDO_SPACE_RSEG,7718,232,306
1787558501.993,2026-08-24 08:01:41.994,InnoDB,UNDO_SPACE_RSEG,7518,229,335
1787558501.993,2026-08-24 08:01:41.994,InnoDB,UNDO_SPACE_RSEG,7389,225,305
1787558501.993,2026-08-24 08:01:41.994,InnoDB,UNDO_SPACE_RSEG,7391,225,344
1787558501.993,2026-08-24 08:01:41.994,InnoDB,UNDO_SPACE_RSEG,7396,225,306
1787558501.993,2026-08-24 08:01:41.994,InnoDB,UNDO_SPACE_RSEG,7329,221,296
1787558501.993,2026-08-24 08:01:41.994,InnoDB,UNDO_SPACE_RSEG,7388,221,312
1787558501.993,2026-08-24 08:01:41.994,InnoDB,UNDO_SPACE_RSEG,7146,220,289
1787558501.993,2026-08-24 08:01:41.994,InnoDB,UNDO_SPACE_RSEG,7138,216,277
1787558501.993,2026-08-24 08:01:41.994,InnoDB,UNDO_SPACE_RSEG,7107,214,278
1787558501.993,2026-08-24 08:01:41.994,InnoDB,UNDO_SPACE_RSEG,7448,214,321
1787558501.993,2026-08-24 08:01:41.994,InnoDB,UNDO_SPACE_RSEG,7118,212,306
1787558501.993,2026-08-24 08:01:41.994,InnoDB,UNDO_SPACE_RSEG,6910,210,289
1787558501.993,2026-08-24 08:01:41.994,InnoDB,UNDO_SPACE_RSEG,6875,208,295
1787558501.993,2026-08-24 08:01:41.994,InnoDB,UNDO_SPACE_RSEG,7018,208,285
1787558501.993,2026-08-24 08:01:41.994,InnoDB,UNDO_SPACE_RSEG,6858,207,294
1787558501.993,2026-08-24 08:01:41.994,InnoDB,UNDO_SPACE_RSEG,6895,207,300
1787558501.993,2026-08-24 08:01:41.994,InnoDB,UNDO_SPACE_RSEG,6808,206,312
1787558501.993,2026-08-24 08:01:41.994,InnoDB,UNDO_SPACE_RSEG,6806,206,302
1787558501.993,2026-08-24 08:01:41.994,InnoDB,UNDO_SPACE_RSEG,7000,205,302
1787558501.993,2026-08-24 08:01:41.994,InnoDB,UNDO_SPACE_RSEG,6973,205,305
1787558501.993,2026-08-24 08:01:41.994,InnoDB,UNDO_SPACE_RSEG,6708,205,293
1787558501.993,2026-08-24 08:01:41.994,InnoDB,UNDO_SPACE_RSEG,6655,204,298
1787558501.993,2026-08-24 08:01:41.994,InnoDB,UNDO_SPACE_RSEG,6711,204,318
1787558501.993,2026-08-24 08:01:41.994,InnoDB,UNDO_SPACE_RSEG,6663,203,272
1787558501.993,2026-08-24 08:01:41.994,InnoDB,UNDO_SPACE_RSEG,6800,202,273
1787558501.993,2026-08-24 08:01:41.994,InnoDB,UNDO_SPACE_RSEG,6700,201,296
1787558501.993,2026-08-24 08:01:41.994,InnoDB,UNDO_SPACE_RSEG,6640,201,261
1787558501.993,2026-08-24 08:01:41.994,InnoDB,UNDO_SPACE_RSEG,6718,200,276
1787558501.993,2026-08-24 08:01:41.994,InnoDB,UNDO_SPACE_RSEG,6559,200,265
1787558501.993,2026-08-24 08:01:41.994,InnoDB,UNDO_SPACE_RSEG,6623,199,314
1787558501.993,2026-08-24 08:01:41.994,InnoDB,UNDO_SPACE_RSEG,6588,197,314
1787558501.993,2026-08-24 08:01:41.994,InnoDB,UNDO_SPACE_RSEG,6535,197,304
1787558501.993,2026-08-24 08:01:41.994,InnoDB,UNDO_SPACE_RSEG,6500,196,280
1787558501.993,2026-08-24 08:01:41.994,InnoDB,UNDO_SPACE_RSEG,6455,196,300
1787558501.993,2026-08-24 08:01:41.994,InnoDB,UNDO_SPACE_RSEG,6652,196,284
1787558501.993,2026-08-24 08:01:41.994,InnoDB,UNDO_SPACE_RSEG,6451,195,281
1787558501.993,2026-08-24 08:01:41.994,InnoDB,UNDO_SPACE_RSEG,6516,195,289
1787558501.993,2026-08-24 08:01:41.994,InnoDB,UNDO_SPACE_RSEG,6476,195,266
1787558501.993,2026-08-24 08:01:41.994,InnoDB,UNDO_SPACE_RSEG,6469,193,296
1787558501.993,2026-08-24 08:01:41.994,InnoDB,UNDO_SPACE_RSEG,6463,193,279
1787558501.993,2026-08-24 08:01:41.994,InnoDB,UNDO_SPACE_RSEG,6275,191,280
1787558501.993,2026-08-24 08:01:41.994,InnoDB,UNDO_SPACE_RSEG,6288,191,305
1787558501.993,2026-08-24 08:01:41.994,InnoDB,UNDO_SPACE_RSEG,6366,190,261
1787558501.993,2026-08-24 08:01:41.994,InnoDB,UNDO_SPACE_RSEG,6306,190,267
1787558501.993,2026-08-24 08:01:41.994,InnoDB,UNDO_SPACE_RSEG,6169,190,275
1787558501.993,2026-08-24 08:01:41.994,InnoDB,UNDO_SPACE_RSEG,6172,189,267
1787558501.993,2026-08-24 08:01:41.994,InnoDB,UNDO_SPACE_RSEG,6315,189,291
1787558501.993,2026-08-24 08:01:41.994,InnoDB,UNDO_SPACE_RSEG,6248,188,294
1787558501.993,2026-08-24 08:01:41.994,InnoDB,UNDO_SPACE_RSEG,6323,186,278
1787558501.993,2026-08-24 08:01:41.994,InnoDB,UNDO_SPACE_RSEG,6307,185,294
1787558501.993,2026-08-24 08:01:41.994,InnoDB,UNDO_SPACE_RSEG,6183,185,276
1787558501.993,2026-08-24 08:01:41.994,InnoDB,UNDO_SPACE_RSEG,6098,185,254
1787558501.993,2026-08-24 08:01:41.994,InnoDB,UNDO_SPACE_RSEG,6073,184,281
1787558501.993,2026-08-24 08:01:41.994,InnoDB,UNDO_SPACE_RSEG,6060,182,262
1787558501.993,2026-08-24 08:01:41.994,InnoDB,UNDO_SPACE_RSEG,5973,181,289
1787558501.993,2026-08-24 08:01:41.994,InnoDB,UNDO_SPACE_RSEG,6024,179,277
1787558501.993,2026-08-24 08:01:41.994,InnoDB,UNDO_SPACE_RSEG,5897,179,268
1787558501.993,2026-08-24 08:01:41.994,InnoDB,UNDO_SPACE_RSEG,5999,179,296
1787558501.993,2026-08-24 08:01:41.994,InnoDB,UNDO_SPACE_RSEG,5940,179,247
1787558501.993,2026-08-24 08:01:41.994,InnoDB,UNDO_SPACE_RSEG,5984,179,284
1787558501.993,2026-08-24 08:01:41.994,InnoDB,UNDO_SPACE_RSEG,5947,177,277
1787558501.993,2026-08-24 08:01:41.994,InnoDB,UNDO_SPACE_RSEG,6040,176,284
1787558501.993,2026-08-24 08:01:41.994,InnoDB,UNDO_SPACE_RSEG,5638,175,269
1787558501.993,2026-08-24 08:01:41.994,InnoDB,UNDO_SPACE_RSEG,5752,175,270
1787558501.993,2026-08-24 08:01:41.994,InnoDB,UNDO_SPACE_RSEG,5862,174,302
1787558501.993,2026-08-24 08:01:41.994,InnoDB,UNDO_SPACE_RSEG,5835,174,302
1787558501.993,2026-08-24 08:01:41.994,InnoDB,UNDO_SPACE_RSEG,5785,172,303
1787558501.993,2026-08-24 08:01:41.994,InnoDB,UNDO_SPACE_RSEG,5846,172,298
1787558501.993,2026-08-24 08:01:41.994,InnoDB,UNDO_SPACE_RSEG,5771,172,259
1787558501.993,2026-08-24 08:01:41.994,InnoDB,UNDO_SPACE_RSEG,5717,170,288
1787558501.993,2026-08-24 08:01:41.994,InnoDB,UNDO_SPACE_RSEG,5791,170,276
1787558501.993,2026-08-24 08:01:41.994,InnoDB,UNDO_SPACE_RSEG,5694,169,265
1787558501.993,2026-08-24 08:01:41.994,InnoDB,UNDO_SPACE_RSEG,5706,169,266
1787558501.993,2026-08-24 08:01:41.994,InnoDB,UNDO_SPACE_RSEG,5736,168,280
1787558501.993,2026-08-24 08:01:41.994,InnoDB,UNDO_SPACE_RSEG,5646,168,281
1787558501.993,2026-08-24 08:01:41.994,InnoDB,IBUF_BITMAP,24755,165,15973
1787558501.993,2026-08-24 08:01:41.994,InnoDB,UNDO_SPACE_RSEG,5490,165,256
1787558501.993,2026-08-24 08:01:41.994,InnoDB,UNDO_SPACE_RSEG,5480,165,286
1787558501.993,2026-08-24 08:01:41.994,InnoDB,UNDO_SPACE_RSEG,5509,164,297
1787558501.993,2026-08-24 08:01:41.994,InnoDB,UNDO_SPACE_RSEG,5418,161,274
1787558501.993,2026-08-24 08:01:41.994,InnoDB,UNDO_SPACE_RSEG,5396,160,253
1787558501.993,2026-08-24 08:01:41.994,InnoDB,UNDO_SPACE_RSEG,5291,160,257
1787558501.993,2026-08-24 08:01:41.994,InnoDB,UNDO_SPACE_RSEG,5429,160,267
1787558501.993,2026-08-24 08:01:41.994,InnoDB,UNDO_SPACE_RSEG,5270,159,276
1787558501.993,2026-08-24 08:01:41.994,InnoDB,UNDO_SPACE_RSEG,5298,158,283
1787558501.993,2026-08-24 08:01:41.994,InnoDB,UNDO_SPACE_RSEG,5267,157,271
1787558501.993,2026-08-24 08:01:41.994,InnoDB,UNDO_SPACE_RSEG,5121,156,271
1787558501.993,2026-08-24 08:01:41.994,InnoDB,UNDO_SPACE_RSEG,5162,154,267
1787558501.993,2026-08-24 08:01:41.994,InnoDB,UNDO_SPACE_RSEG,5126,154,269
1787558501.993,2026-08-24 08:01:41.994,InnoDB,UNDO_SPACE_RSEG,5088,154,278
1787558501.993,2026-08-24 08:01:41.994,InnoDB,UNDO_SPACE_RSEG,5194,152,265
1787558501.993,2026-08-24 08:01:41.994,InnoDB,UNDO_SPACE_RSEG,5075,152,265
1787558501.993,2026-08-24 08:01:41.994,InnoDB,UNDO_SPACE_RSEG,5175,151,274
1787558501.993,2026-08-24 08:01:41.994,InnoDB,UNDO_SPACE_RSEG,5049,150,282
1787558501.993,2026-08-24 08:01:41.994,InnoDB,UNDO_SPACE_RSEG,4999,150,248
1787558501.993,2026-08-24 08:01:41.994,InnoDB,UNDO_SPACE_RSEG,5170,149,286
1787558501.993,2026-08-24 08:01:41.994,InnoDB,UNDO_SPACE_RSEG,4989,149,233
1787558501.993,2026-08-24 08:01:41.994,InnoDB,UNDO_SPACE_RSEG,4763,142,262
1787558501.993,2026-08-24 08:01:41.994,InnoDB,UNDO_SPACE_RSEG,4763,142,265
1787558501.993,2026-08-24 08:01:41.994,InnoDB,UNDO_SPACE_RSEG,4732,140,271
1787558501.993,2026-08-24 08:01:41.994,InnoDB,UNDO_SPACE_RSEG,4825,140,275
1787558501.993,2026-08-24 08:01:41.994,InnoDB,UNDO_SPACE_RSEG,4826,139,267
1787558501.993,2026-08-24 08:01:41.994,InnoDB,UNDO_SPACE_RSEG,4692,137,258
1787558501.993,2026-08-24 08:01:41.994,InnoDB,UNDO_SPACE_RSEG,4686,136,261
1787558501.993,2026-08-24 08:01:41.994,InnoDB,UNDO_SPACE_RSEG,4688,136,256
1787558501.993,2026-08-24 08:01:41.994,InnoDB,UNDO_SPACE_RSEG,4293,127,252
1787558501.993,2026-08-24 08:01:41.994,InnoDB,UNDO_SPACE_RSEG,4102,119,229
1787558501.993,2026-08-24 08:01:41.994,InnoDB,UNDO_SPACE_RSEG,3543,106,232
1787558501.993,2026-08-24 08:01:41.994,InnoDB,FIL_SHARD,17595,61,17751
1787558501.993,2026-08-24 08:01:41.994,InnoDB,LOCK_SYS_TABLE,11158,33,9319
1787558501.993,2026-08-24 08:01:41.994,InnoDB,TRX,423972,29,617251
1787558501.993,2026-08-24 08:01:41.994,InnoDB,LOCK_SYS_TABLE,11418,29,9949
1787558501.993,2026-08-24 08:01:41.994,InnoDB,DICT_TABLE_STATS_COMPUTE,840,28,7
1787558501.993,2026-08-24 08:01:41.994,InnoDB,LOCK_SYS_TABLE,10634,27,9000
1787558501.993,2026-08-24 08:01:41.994,InnoDB,LOCK_SYS_TABLE,11458,25,10126
1787558501.993,2026-08-24 08:01:41.994,InnoDB,LOCK_SYS_TABLE,11567,25,10032
1787558501.993,2026-08-24 08:01:41.994,InnoDB,LOCK_SYS_TABLE,11128,25,9467
1787558501.993,2026-08-24 08:01:41.994,InnoDB,LOCK_SYS_TABLE,11022,24,9450
1787558501.993,2026-08-24 08:01:41.994,InnoDB,LOCK_SYS_TABLE,10648,22,9205
1787558501.993,2026-08-24 08:01:41.994,InnoDB,DICT_TABLE_STATS_COMPUTE,660,22,7
1787558501.993,2026-08-24 08:01:41.994,InnoDB,LOCK_SYS_TABLE,11381,21,9713
1787558501.993,2026-08-24 08:01:41.994,InnoDB,LOCK_SYS_TABLE,11076,21,9937
1787558501.993,2026-08-24 08:01:41.994,InnoDB,LOCK_SYS_TABLE,10831,20,10039
1787558501.993,2026-08-24 08:01:41.994,InnoDB,TRX_POOL,619,19,39
1787558501.993,2026-08-24 08:01:41.994,InnoDB,LOCK_SYS_TABLE,10890,19,10101
1787558501.993,2026-08-24 08:01:41.994,InnoDB,LOCK_SYS_TABLE,10940,19,9881
1787558501.993,2026-08-24 08:01:41.994,InnoDB,LOCK_SYS_TABLE,11456,18,9743
1787558501.993,2026-08-24 08:01:41.994,InnoDB,LOCK_SYS_TABLE,10762,17,10077
1787558501.993,2026-08-24 08:01:41.994,InnoDB,LOCK_SYS_TABLE,10496,16,9392
1787558501.993,2026-08-24 08:01:41.994,InnoDB,LOCK_SYS_TABLE,10363,15,9039
1787558501.993,2026-08-24 08:01:41.994,InnoDB,LOCK_SYS_TABLE,11245,13,10207
1787558501.993,2026-08-24 08:01:41.994,InnoDB,SRV_SYS_TASKS,371226,13,372628
1787558501.993,2026-08-24 08:01:41.994,InnoDB,LOCK_SYS_TABLE,10254,12,9105
1787558501.993,2026-08-24 08:01:41.994,InnoDB,LOCK_SYS_TABLE,10148,10,9051
1787558501.993,2026-08-24 08:01:41.994,InnoDB,FIL_SHARD,6574,5,8609
1787558501.993,2026-08-24 08:01:41.994,InnoDB,LOCK_SYS_PAGE,336,4,232
1787558501.993,2026-08-24 08:01:41.994,InnoDB,LOCK_SYS_PAGE,281,4,173
1787558501.993,2026-08-24 08:01:41.994,InnoDB,LOCK_SYS_PAGE,300,4,196
1787558501.993,2026-08-24 08:01:41.994,InnoDB,LOCK_SYS_PAGE,320,3,197
1787558501.993,2026-08-24 08:01:41.994,InnoDB,LOCK_SYS_PAGE,315,3,223
1787558501.993,2026-08-24 08:01:41.994,InnoDB,LOCK_SYS_PAGE,299,3,198
1787558501.993,2026-08-24 08:01:41.994,InnoDB,LOCK_SYS_PAGE,409,3,205
1787558501.993,2026-08-24 08:01:41.994,InnoDB,LOCK_SYS_PAGE,306,3,168
1787558501.993,2026-08-24 08:01:41.994,InnoDB,LOCK_SYS_PAGE,251,3,154
1787558501.993,2026-08-24 08:01:41.994,InnoDB,LOCK_SYS_PAGE,416,3,210
1787558501.993,2026-08-24 08:01:41.994,InnoDB,LOCK_SYS_PAGE,280,3,181
1787558501.993,2026-08-24 08:01:41.994,InnoDB,DICT_TABLE_STATS_COMPUTE,90,3,2
1787558501.993,2026-08-24 08:01:41.994,InnoDB,LOCK_SYS_PAGE,261,3,165
1787558501.993,2026-08-24 08:01:41.994,InnoDB,LOCK_SYS_PAGE,303,3,189
1787558501.993,2026-08-24 08:01:41.994,InnoDB,LOCK_SYS_PAGE,247,3,159
1787558501.993,2026-08-24 08:01:41.994,InnoDB,LOCK_SYS_PAGE,257,2,197
1787558501.993,2026-08-24 08:01:41.994,InnoDB,LOCK_SYS_PAGE,293,2,198
1787558501.993,2026-08-24 08:01:41.994,InnoDB,LOCK_SYS_PAGE,241,2,157
1787558501.993,2026-08-24 08:01:41.994,InnoDB,LOCK_SYS_PAGE,284,2,184
1787558501.993,2026-08-24 08:01:41.994,InnoDB,LOCK_SYS_PAGE,246,2,169
1787558501.993,2026-08-24 08:01:41.994,InnoDB,LOCK_SYS_PAGE,242,2,190
1787558501.993,2026-08-24 08:01:41.994,InnoDB,LOCK_SYS_PAGE,292,2,197
1787558501.993,2026-08-24 08:01:41.994,InnoDB,LOCK_SYS_PAGE,265,2,217
1787558501.993,2026-08-24 08:01:41.994,InnoDB,LOCK_SYS_PAGE,288,2,191
1787558501.993,2026-08-24 08:01:41.994,InnoDB,LOCK_SYS_PAGE,247,2,170
1787558501.993,2026-08-24 08:01:41.994,InnoDB,LOCK_SYS_WAIT,106,2,5
1787558501.993,2026-08-24 08:01:41.994,InnoDB,LOCK_SYS_PAGE,279,2,176
1787558501.993,2026-08-24 08:01:41.994,InnoDB,LOCK_SYS_PAGE,336,2,215
1787558501.993,2026-08-24 08:01:41.994,InnoDB,LOCK_SYS_PAGE,439,2,205
1787558501.993,2026-08-24 08:01:41.994,InnoDB,LOCK_SYS_PAGE,244,2,166
1787558501.993,2026-08-24 08:01:41.994,InnoDB,LOCK_SYS_PAGE,307,2,205
1787558501.993,2026-08-24 08:01:41.994,InnoDB,LOCK_SYS_PAGE,248,2,162
1787558501.993,2026-08-24 08:01:41.994,InnoDB,LOCK_SYS_PAGE,271,2,200
1787558501.993,2026-08-24 08:01:41.994,InnoDB,LOCK_SYS_PAGE,327,2,194
1787558501.993,2026-08-24 08:01:41.994,InnoDB,LOCK_SYS_PAGE,229,2,157
1787558501.993,2026-08-24 08:01:41.994,InnoDB,LOCK_SYS_PAGE,267,2,218
1787558501.993,2026-08-24 08:01:41.994,InnoDB,LOCK_SYS_PAGE,264,2,190
1787558501.993,2026-08-24 08:01:41.994,InnoDB,LOCK_SYS_PAGE,333,2,194
1787558501.993,2026-08-24 08:01:41.994,InnoDB,LOCK_SYS_PAGE,298,2,233
1787558501.993,2026-08-24 08:01:41.994,InnoDB,LOCK_SYS_PAGE,248,2,177
1787558501.993,2026-08-24 08:01:41.994,InnoDB,LOCK_SYS_PAGE,475,2,240
1787558501.993,2026-08-24 08:01:41.994,InnoDB,LOCK_SYS_PAGE,213,2,162
1787558501.993,2026-08-24 08:01:41.994,InnoDB,LOCK_SYS_PAGE,271,2,184
1787558501.993,2026-08-24 08:01:41.994,InnoDB,LOCK_SYS_PAGE,312,2,206
1787558501.993,2026-08-24 08:01:41.994,InnoDB,LOCK_SYS_PAGE,291,2,240
1787558501.993,2026-08-24 08:01:41.994,InnoDB,LOCK_SYS_PAGE,288,2,162
1787558501.993,2026-08-24 08:01:41.994,InnoDB,LOCK_SYS_PAGE,288,2,201
1787558501.993,2026-08-24 08:01:41.994,InnoDB,LOCK_SYS_PAGE,225,2,172
1787558501.993,2026-08-24 08:01:41.994,InnoDB,LOCK_SYS_PAGE,245,2,142
1787558501.993,2026-08-24 08:01:41.994,InnoDB,LOCK_SYS_PAGE,264,2,189
1787558501.993,2026-08-24 08:01:41.994,InnoDB,LOCK_SYS_PAGE,287,2,186
1787558501.993,2026-08-24 08:01:41.994,InnoDB,LOCK_SYS_PAGE,244,2,159
1787558501.993,2026-08-24 08:01:41.994,InnoDB,LOCK_SYS_PAGE,217,2,171
1787558501.993,2026-08-24 08:01:41.994,InnoDB,LOCK_SYS_PAGE,254,2,198
1787558501.993,2026-08-24 08:01:41.994,InnoDB,LOCK_SYS_PAGE,259,2,186
1787558501.993,2026-08-24 08:01:41.994,InnoDB,LOCK_SYS_PAGE,310,2,168
1787558501.993,2026-08-24 08:01:41.994,InnoDB,LOCK_SYS_PAGE,244,2,169
1787558501.993,2026-08-24 08:01:41.994,InnoDB,LOCK_SYS_PAGE,252,2,167
1787558501.993,2026-08-24 08:01:41.994,InnoDB,LOCK_SYS_PAGE,306,2,183
1787558501.993,2026-08-24 08:01:41.994,InnoDB,LOCK_SYS_PAGE,251,2,177
1787558501.993,2026-08-24 08:01:41.994,InnoDB,LOCK_SYS_PAGE,266,2,185
1787558501.993,2026-08-24 08:01:41.994,InnoDB,LOCK_SYS_PAGE,312,2,198
1787558501.993,2026-08-24 08:01:41.994,InnoDB,LOCK_SYS_PAGE,268,2,157
1787558501.993,2026-08-24 08:01:41.994,InnoDB,LOCK_SYS_PAGE,250,1,191
1787558501.993,2026-08-24 08:01:41.994,InnoDB,LOCK_SYS_PAGE,226,1,199
1787558501.993,2026-08-24 08:01:41.994,InnoDB,LOCK_SYS_PAGE,172,1,151
1787558501.993,2026-08-24 08:01:41.994,InnoDB,LOCK_SYS_PAGE,259,1,167
1787558501.993,2026-08-24 08:01:41.994,InnoDB,LOCK_SYS_PAGE,242,1,211
1787558501.993,2026-08-24 08:01:41.994,InnoDB,LOCK_SYS_PAGE,293,1,196
1787558501.993,2026-08-24 08:01:41.994,InnoDB,LOCK_SYS_PAGE,248,1,186
1787558501.993,2026-08-24 08:01:41.994,InnoDB,LOCK_SYS_PAGE,234,1,185
1787558501.993,2026-08-24 08:01:41.994,InnoDB,LOCK_SYS_PAGE,207,1,180
1787558501.993,2026-08-24 08:01:41.994,InnoDB,LOCK_SYS_PAGE,238,1,184
1787558501.993,2026-08-24 08:01:41.994,InnoDB,LOCK_SYS_PAGE,287,1,238
1787558501.993,2026-08-24 08:01:41.994,InnoDB,LOCK_SYS_PAGE,222,1,169
1787558501.993,2026-08-24 08:01:41.994,InnoDB,LOCK_SYS_PAGE,211,1,192
1787558501.993,2026-08-24 08:01:41.994,InnoDB,LOCK_SYS_PAGE,205,1,173
1787558501.993,2026-08-24 08:01:41.994,InnoDB,LOCK_SYS_PAGE,245,1,198
1787558501.993,2026-08-24 08:01:41.994,InnoDB,LOCK_SYS_PAGE,284,1,183
1787558501.993,2026-08-24 08:01:41.994,InnoDB,LOCK_SYS_PAGE,239,1,181
1787558501.993,2026-08-24 08:01:41.994,InnoDB,LOCK_SYS_PAGE,229,1,176
1787558501.993,2026-08-24 08:01:41.994,InnoDB,LOCK_SYS_PAGE,323,1,186
1787558501.993,2026-08-24 08:01:41.994,InnoDB,LOCK_SYS_PAGE,177,1,158
1787558501.993,2026-08-24 08:01:41.994,InnoDB,LOCK_SYS_PAGE,240,1,183
1787558501.993,2026-08-24 08:01:41.994,InnoDB,LOCK_SYS_PAGE,199,1,174
1787558501.993,2026-08-24 08:01:41.994,InnoDB,LOCK_SYS_PAGE,225,1,196
1787558501.993,2026-08-24 08:01:41.994,InnoDB,LOCK_SYS_PAGE,238,1,168
1787558501.993,2026-08-24 08:01:41.994,InnoDB,LOCK_SYS_PAGE,257,1,214
1787558501.993,2026-08-24 08:01:41.994,InnoDB,LOCK_SYS_PAGE,220,1,175
1787558501.993,2026-08-24 08:01:41.994,InnoDB,LOCK_SYS_PAGE,217,1,170
1787558501.993,2026-08-24 08:01:41.994,InnoDB,LOCK_SYS_PAGE,273,1,190
1787558501.993,2026-08-24 08:01:41.994,InnoDB,LOCK_SYS_PAGE,255,1,180
1787558501.993,2026-08-24 08:01:41.994,InnoDB,LOCK_SYS_PAGE,280,1,207
1787558501.993,2026-08-24 08:01:41.994,InnoDB,LOCK_SYS_PAGE,207,1,175
1787558501.993,2026-08-24 08:01:41.994,InnoDB,LOCK_SYS_PAGE,195,1,153
1787558501.993,2026-08-24 08:01:41.994,InnoDB,LOCK_SYS_PAGE,216,1,176
1787558501.993,2026-08-24 08:01:41.994,InnoDB,LOCK_SYS_PAGE,295,1,181
1787558501.993,2026-08-24 08:01:41.994,InnoDB,LOCK_SYS_PAGE,276,1,212
1787558501.993,2026-08-24 08:01:41.994,InnoDB,LOCK_SYS_PAGE,230,1,193
1787558501.993,2026-08-24 08:01:41.994,InnoDB,LOCK_SYS_PAGE,255,1,216
1787558501.993,2026-08-24 08:01:41.994,InnoDB,LOCK_SYS_PAGE,232,1,130
1787558501.993,2026-08-24 08:01:41.994,InnoDB,LOCK_SYS_PAGE,230,1,200
1787558501.993,2026-08-24 08:01:41.994,InnoDB,LOCK_SYS_PAGE,243,1,187
1787558501.993,2026-08-24 08:01:41.994,InnoDB,LOCK_SYS_PAGE,211,1,160
1787558501.993,2026-08-24 08:01:41.994,InnoDB,LOCK_SYS_PAGE,291,1,209
1787558501.993,2026-08-24 08:01:41.994,InnoDB,LOCK_SYS_PAGE,240,1,172
1787558501.993,2026-08-24 08:01:41.994,InnoDB,LOCK_SYS_PAGE,196,1,166
1787558501.993,2026-08-24 08:01:41.994,InnoDB,LOCK_SYS_PAGE,236,1,199
1787558501.993,2026-08-24 08:01:41.994,InnoDB,LOCK_SYS_PAGE,273,1,196
1787558501.993,2026-08-24 08:01:41.994,InnoDB,LOCK_SYS_PAGE,251,1,171
1787558501.993,2026-08-24 08:01:41.994,InnoDB,LOCK_SYS_PAGE,194,1,172
1787558501.993,2026-08-24 08:01:41.994,InnoDB,LOCK_SYS_PAGE,188,1,176
1787558501.993,2026-08-24 08:01:41.994,InnoDB,LOCK_SYS_PAGE,203,1,156
1787558501.993,2026-08-24 08:01:41.994,InnoDB,LOCK_SYS_PAGE,220,1,186
1787558501.993,2026-08-24 08:01:41.994,InnoDB,LOCK_SYS_PAGE,336,1,224
1787558501.993,2026-08-24 08:01:41.994,InnoDB,LOCK_SYS_PAGE,177,1,162
1787558501.993,2026-08-24 08:01:41.994,InnoDB,LOCK_SYS_PAGE,200,1,160
1787558501.993,2026-08-24 08:01:41.994,InnoDB,LOCK_SYS_PAGE,254,1,192
1787558501.993,2026-08-24 08:01:41.994,InnoDB,LOCK_SYS_PAGE,212,1,210
1787558501.993,2026-08-24 08:01:41.994,InnoDB,LOCK_SYS_PAGE,257,1,198
1787558501.993,2026-08-24 08:01:41.994,InnoDB,LOCK_SYS_PAGE,217,1,213
1787558501.993,2026-08-24 08:01:41.994,InnoDB,LOCK_SYS_PAGE,286,1,169
1787558501.993,2026-08-24 08:01:41.994,InnoDB,FIL_SHARD,74,1,63
1787558501.993,2026-08-24 08:01:41.994,InnoDB,TRX_SYS_SHARD,31,1,2
1787558501.993,2026-08-24 08:01:41.994,InnoDB,TRX_SYS_SHARD,39,1,2
1787558501.993,2026-08-24 08:01:41.994,InnoDB,DICT_TABLE_STATS_COMPUTE,30,1,1
1787558501.993,2026-08-24 08:01:41.994,InnoDB,FIL_SHARD,118,1,81
1787558501.993,2026-08-24 08:01:41.994,InnoDB,LOCK_SYS_PAGE,220,1,197
1787558501.993,2026-08-24 08:01:41.994,InnoDB,LOCK_SYS_PAGE,212,1,163
1787558501.993,2026-08-24 08:01:41.994,InnoDB,LOCK_SYS_PAGE,249,1,223
1787558501.993,2026-08-24 08:01:41.994,InnoDB,LOCK_SYS_PAGE,281,1,219
1787558501.993,2026-08-24 08:01:41.994,InnoDB,LOCK_SYS_PAGE,227,1,157
1787558501.993,2026-08-24 08:01:41.994,InnoDB,LOCK_SYS_PAGE,235,1,184
1787558501.993,2026-08-24 08:01:41.994,InnoDB,PARSER,137,1,6
1787558501.993,2026-08-24 08:01:41.994,InnoDB,LOCK_SYS_PAGE,200,1,156
1787558501.993,2026-08-24 08:01:41.994,InnoDB,LOCK_SYS_PAGE,240,1,182
1787558501.993,2026-08-24 08:01:41.994,InnoDB,LOCK_SYS_PAGE,429,1,201
1787558501.993,2026-08-24 08:01:41.994,InnoDB,LOCK_SYS_PAGE,262,1,214
1787558501.993,2026-08-24 08:01:41.994,InnoDB,LOCK_SYS_PAGE,313,1,191
1787558501.993,2026-08-24 08:01:41.994,InnoDB,LOCK_SYS_PAGE,217,1,192
1787558501.993,2026-08-24 08:01:41.994,InnoDB,LOCK_SYS_PAGE,212,1,180
1787558501.993,2026-08-24 08:01:41.994,InnoDB,LOCK_SYS_PAGE,214,1,171
1787558501.993,2026-08-24 08:01:41.994,InnoDB,LOCK_SYS_PAGE,179,1,141
1787558501.993,2026-08-24 08:01:41.994,InnoDB,LOCK_SYS_PAGE,182,1,159
1787558501.993,2026-08-24 08:01:41.994,InnoDB,LOCK_SYS_PAGE,219,1,157
1787558501.993,2026-08-24 08:01:41.994,InnoDB,LOCK_SYS_PAGE,204,1,202
1787558501.993,2026-08-24 08:01:41.994,InnoDB,LOCK_SYS_PAGE,279,1,214
1787558501.993,2026-08-24 08:01:41.994,InnoDB,LOCK_SYS_PAGE,211,1,198
1787558501.993,2026-08-24 08:01:41.994,InnoDB,LOCK_SYS_PAGE,218,1,178
1787558501.993,2026-08-24 08:01:41.994,InnoDB,LOCK_SYS_PAGE,240,1,174
1787558501.993,2026-08-24 08:01:41.994,InnoDB,LOCK_SYS_PAGE,255,1,185
1787558501.993,2026-08-24 08:01:41.994,InnoDB,LOCK_SYS_PAGE,335,1,251
1787558501.993,2026-08-24 08:01:41.994,InnoDB,LOCK_SYS_PAGE,229,1,182
1787558501.993,2026-08-24 08:01:41.994,InnoDB,LOCK_SYS_PAGE,241,1,201
1787558501.993,2026-08-24 08:01:41.994,InnoDB,LOCK_SYS_PAGE,184,1,163
1787558501.993,2026-08-24 08:01:41.994,InnoDB,LOCK_SYS_PAGE,180,1,169
1787558501.993,2026-08-24 08:01:41.994,InnoDB,LOCK_SYS_PAGE,221,1,193
1787558501.993,2026-08-24 08:01:41.994,InnoDB,LOCK_SYS_PAGE,274,1,210
1787558501.993,2026-08-24 08:01:41.994,InnoDB,LOCK_SYS_PAGE,246,1,226
1787558501.993,2026-08-24 08:01:41.994,InnoDB,LOCK_SYS_PAGE,260,1,193
1787558501.993,2026-08-24 08:01:41.994,InnoDB,LOCK_SYS_PAGE,314,1,229
1787558501.993,2026-08-24 08:01:41.994,InnoDB,LOCK_SYS_PAGE,233,1,171
1787558501.993,2026-08-24 08:01:41.994,InnoDB,LOCK_SYS_PAGE,268,1,202
1787558501.993,2026-08-24 08:01:41.994,InnoDB,LOCK_SYS_PAGE,242,1,211
1787558501.993,2026-08-24 08:01:41.994,InnoDB,LOCK_SYS_PAGE,256,1,192
1787558501.993,2026-08-24 08:01:41.994,InnoDB,LOCK_SYS_PAGE,199,1,168
1787558501.993,2026-08-24 08:01:41.994,InnoDB,LOCK_SYS_PAGE,210,1,186
1787558501.993,2026-08-24 08:01:41.994,InnoDB,LOCK_SYS_PAGE,223,1,189
1787558501.993,2026-08-24 08:01:41.994,InnoDB,LOCK_SYS_PAGE,251,1,204
1787558501.993,2026-08-24 08:01:41.994,InnoDB,LOCK_SYS_PAGE,241,1,187
1787558501.993,2026-08-24 08:01:41.994,InnoDB,LOCK_SYS_PAGE,219,1,166
1787558501.993,2026-08-24 08:01:41.994,InnoDB,LOCK_SYS_PAGE,219,1,179
1787558501.993,2026-08-24 08:01:41.994,InnoDB,LOCK_SYS_PAGE,225,1,213
1787558501.993,2026-08-24 08:01:41.994,InnoDB,LOCK_SYS_PAGE,259,1,241
1787558501.993,2026-08-24 08:01:41.994,InnoDB,LOCK_SYS_PAGE,259,1,196
1787558501.993,2026-08-24 08:01:41.994,InnoDB,LOCK_SYS_PAGE,206,1,173
1787558501.993,2026-08-24 08:01:41.994,InnoDB,LOCK_SYS_PAGE,310,1,204
1787558501.993,2026-08-24 08:01:41.994,InnoDB,LOCK_SYS_PAGE,295,1,174
1787558501.993,2026-08-24 08:01:41.994,InnoDB,LOCK_SYS_PAGE,237,1,175
1787558501.993,2026-08-24 08:01:41.994,InnoDB,LOCK_SYS_PAGE,214,1,167
1787558501.993,2026-08-24 08:01:41.994,InnoDB,LOCK_SYS_PAGE,208,1,180
1787558501.993,2026-08-24 08:01:41.994,InnoDB,LOCK_SYS_PAGE,210,1,166
1787558501.993,2026-08-24 08:01:41.994,InnoDB,LOCK_SYS_PAGE,250,1,201
1787558501.993,2026-08-24 08:01:41.994,InnoDB,LOCK_SYS_PAGE,232,1,176
1787558501.993,2026-08-24 08:01:41.994,InnoDB,LOCK_SYS_PAGE,263,1,208
1787558501.993,2026-08-24 08:01:41.994,InnoDB,LOCK_SYS_PAGE,269,1,171
1787558501.993,2026-08-24 08:01:41.994,InnoDB,LOCK_SYS_PAGE,244,1,209
1787558501.993,2026-08-24 08:01:41.994,InnoDB,LOCK_SYS_PAGE,220,1,188
1787558501.993,2026-08-24 08:01:41.994,InnoDB,LOCK_SYS_PAGE,219,1,167
1787558501.993,2026-08-24 08:01:41.994,InnoDB,LOCK_SYS_PAGE,230,1,185
1787558501.993,2026-08-24 08:01:41.994,InnoDB,LOCK_SYS_PAGE,198,1,180
1787558501.993,2026-08-24 08:01:41.994,InnoDB,LOCK_SYS_PAGE,236,1,193
1787558501.993,2026-08-24 08:01:41.994,InnoDB,LOCK_SYS_PAGE,180,1,159
1787558501.993,2026-08-24 08:01:41.994,InnoDB,LOCK_SYS_PAGE,221,1,184
1787558501.993,2026-08-24 08:01:41.994,InnoDB,LOCK_SYS_PAGE,263,1,215
1787558501.993,2026-08-24 08:01:41.994,InnoDB,LOCK_SYS_PAGE,322,1,176
1787558501.993,2026-08-24 08:01:41.994,InnoDB,LOCK_SYS_PAGE,218,1,198
1787558501.993,2026-08-24 08:01:41.994,InnoDB,LOCK_SYS_PAGE,233,1,187
1787558501.993,2026-08-24 08:01:41.994,InnoDB,LOCK_SYS_PAGE,208,1,173
1787558501.993,2026-08-24 08:01:41.994,InnoDB,LOCK_SYS_PAGE,191,1,155
1787558501.993,2026-08-24 08:01:41.994,InnoDB,LOCK_SYS_PAGE,205,1,154
1787558501.993,2026-08-24 08:01:41.994,InnoDB,LOCK_SYS_PAGE,204,1,188
1787558501.993,2026-08-24 08:01:41.994,InnoDB,LOCK_SYS_PAGE,205,1,157
1787558501.993,2026-08-24 08:01:41.994,InnoDB,LOCK_SYS_PAGE,284,1,218
1787558501.993,2026-08-24 08:01:41.994,InnoDB,LOCK_SYS_PAGE,245,1,176
1787558501.993,2026-08-24 08:01:41.994,InnoDB,LOCK_SYS_PAGE,221,1,151
1787558501.993,2026-08-24 08:01:41.994,InnoDB,LOCK_SYS_PAGE,238,1,187
1787558501.993,2026-08-24 08:01:41.994,InnoDB,LOCK_SYS_PAGE,268,1,198
1787558501.993,2026-08-24 08:01:41.994,InnoDB,LOCK_SYS_PAGE,309,1,218
1787558501.993,2026-08-24 08:01:41.994,InnoDB,LOCK_SYS_PAGE,204,1,186
1787558501.993,2026-08-24 08:01:41.994,InnoDB,LOCK_SYS_PAGE,248,1,204
1787558501.993,2026-08-24 08:01:41.994,InnoDB,LOCK_SYS_PAGE,243,1,204
1787558501.993,2026-08-24 08:01:41.994,InnoDB,LOCK_SYS_PAGE,312,1,207
1787558501.993,2026-08-24 08:01:41.994,InnoDB,LOCK_SYS_PAGE,382,1,203
1787558501.993,2026-08-24 08:01:41.994,InnoDB,LOCK_SYS_PAGE,458,1,196
1787558501.993,2026-08-24 08:01:41.994,InnoDB,LOCK_SYS_PAGE,201,1,186
1787558501.993,2026-08-24 08:01:41.994,InnoDB,LOCK_SYS_PAGE,309,1,202
1787558501.993,2026-08-24 08:01:41.994,InnoDB,LOCK_SYS_PAGE,212,1,177
1787558501.993,2026-08-24 08:01:41.994,InnoDB,LOCK_SYS_PAGE,271,1,203
1787558501.993,2026-08-24 08:01:41.994,InnoDB,LOCK_SYS_PAGE,280,1,194
1787558501.993,2026-08-24 08:01:41.994,InnoDB,TRX_SYS_SHARD,2,0,2
1787558501.993,2026-08-24 08:01:41.994,InnoDB,FIL_SHARD,167,0,239
1787558501.993,2026-08-24 08:01:41.994,InnoDB,TRX,1,0,1
1787558501.993,2026-08-24 08:01:41.994,InnoDB,TRX,1,0,1
1787558501.993,2026-08-24 08:01:41.994,InnoDB,TRX_SYS_SHARD,2,0,1
1787558501.993,2026-08-24 08:01:41.994,InnoDB,TRX,1,0,1
1787558501.993,2026-08-24 08:01:41.994,InnoDB,TRX,7,0,1
1787558501.993,2026-08-24 08:01:41.994,InnoDB,FIL_SHARD,112,0,134
1787558501.993,2026-08-24 08:01:41.994,InnoDB,TRX_SYS_SHARD,1,0,1
1787558501.993,2026-08-24 08:01:41.994,InnoDB,FIL_SHARD,51,0,75
1787558501.993,2026-08-24 08:01:41.994,InnoDB,TRX_POOL_MANAGER,5,0,4
1787558501.993,2026-08-24 08:01:41.994,InnoDB,FIL_SHARD,81,0,98
1787558501.993,2026-08-24 08:01:41.994,InnoDB,FIL_SHARD,42,0,45
1787558501.993,2026-08-24 08:01:41.994,InnoDB,FIL_SHARD,17,0,28
1787558501.993,2026-08-24 08:01:41.994,InnoDB,FIL_SHARD,22,0,29
1787558501.993,2026-08-24 08:01:41.994,InnoDB,FIL_SHARD,20,0,33
1787558501.993,2026-08-24 08:01:41.994,InnoDB,FIL_SHARD,49,0,78
1787558501.993,2026-08-24 08:01:41.994,InnoDB,FIL_SHARD,49,0,72
1787558501.993,2026-08-24 08:01:41.994,InnoDB,FIL_SHARD,26,0,44
1787558501.993,2026-08-24 08:01:41.994,InnoDB,FIL_SHARD,38,0,45
1787558501.993,2026-08-24 08:01:41.994,InnoDB,LOCK_SYS_PAGE,176,0,166
1787558501.993,2026-08-24 08:01:41.994,InnoDB,LOCK_SYS_PAGE,241,0,191
1787558501.993,2026-08-24 08:01:41.994,InnoDB,TRX_SYS_SHARD,2,0,2
1787558501.993,2026-08-24 08:01:41.994,InnoDB,FIL_SHARD,113,0,146
1787558501.993,2026-08-24 08:01:41.994,InnoDB,FIL_SHARD,93,0,121
1787558501.993,2026-08-24 08:01:41.994,InnoDB,FIL_SHARD,52,0,67
1787558501.993,2026-08-24 08:01:41.994,InnoDB,FIL_SHARD,76,0,96
1787558501.993,2026-08-24 08:01:41.994,InnoDB,TRX_SYS_SHARD,1,0,1
1787558501.993,2026-08-24 08:01:41.994,InnoDB,FIL_SHARD,31,0,61
1787558501.993,2026-08-24 08:01:41.994,InnoDB,TRX_SYS_SHARD,1,0,1
1787558501.993,2026-08-24 08:01:41.994,InnoDB,TRX_SYS_SHARD,4,0,4
1787558501.993,2026-08-24 08:01:41.994,InnoDB,TRX_SYS_SHARD,3,0,2
1787558501.993,2026-08-24 08:01:41.994,InnoDB,TRX_SYS_SHARD,3,0,3
1787558501.993,2026-08-24 08:01:41.994,InnoDB,TRX_SYS_SHARD,2,0,2
1787558501.993,2026-08-24 08:01:41.994,InnoDB,TRX_SYS_SHARD,1,0,1
1787558501.993,2026-08-24 08:01:41.994,InnoDB,TRX_SYS_SHARD,1,0,1
1787558501.993,2026-08-24 08:01:41.994,InnoDB,TRX_SYS_SHARD,2,0,2
1787558501.993,2026-08-24 08:01:41.994,InnoDB,TRX_SYS_SHARD,2,0,2
1787558501.993,2026-08-24 08:01:41.994,InnoDB,TRX_SYS_SHARD,3,0,2
1787558501.993,2026-08-24 08:01:41.994,InnoDB,TRX_SYS_SHARD,1,0,1
1787558501.993,2026-08-24 08:01:41.994,InnoDB,TRX_SYS_SHARD,2,0,2
1787558501.993,2026-08-24 08:01:41.994,InnoDB,TRX_SYS_SHARD,1,0,1
1787558501.993,2026-08-24 08:01:41.994,InnoDB,TRX_SYS_SHARD,4,0,2
1787558501.993,2026-08-24 08:01:41.994,InnoDB,TRX_SYS_SHARD,1,0,1
1787558501.993,2026-08-24 08:01:41.994,InnoDB,TRX_SYS_SHARD,1,0,1
1787558501.993,2026-08-24 08:01:41.994,InnoDB,TRX_SYS_SHARD,3,0,2
1787558501.993,2026-08-24 08:01:41.994,InnoDB,TRX_SYS_SHARD,7,0,4
1787558501.993,2026-08-24 08:01:41.994,InnoDB,TRX_SYS_SHARD,3,0,2
1787558501.993,2026-08-24 08:01:41.994,InnoDB,TRX_SYS_SHARD,4,0,4
1787558501.993,2026-08-24 08:01:41.994,InnoDB,TRX_SYS_SHARD,8,0,3
1787558501.993,2026-08-24 08:01:41.994,InnoDB,TRX_SYS_SHARD,3,0,2
1787558501.993,2026-08-24 08:01:41.994,InnoDB,TRX_SYS_SHARD,1,0,1
1787558501.993,2026-08-24 08:01:41.994,InnoDB,TRX_SYS_SHARD,1,0,1
1787558501.993,2026-08-24 08:01:41.994,InnoDB,TRX_SYS_SHARD,4,0,3
1787558501.993,2026-08-24 08:01:41.994,InnoDB,TRX_SYS_SHARD,3,0,2
1787558501.993,2026-08-24 08:01:41.994,InnoDB,TRX_SYS_SHARD,5,0,2
1787558501.993,2026-08-24 08:01:41.994,InnoDB,TRX_SYS_SHARD,1,0,1
1787558501.993,2026-08-24 08:01:41.994,InnoDB,TRX_SYS_SHARD,3,0,2
1787558501.993,2026-08-24 08:01:41.994,InnoDB,TRX_SYS_SHARD,2,0,1
1787558501.993,2026-08-24 08:01:41.994,InnoDB,TRX_SYS_SHARD,4,0,4
1787558501.993,2026-08-24 08:01:41.994,InnoDB,TRX_SYS_SHARD,1,0,1
1787558501.993,2026-08-24 08:01:41.994,InnoDB,LOCK_SYS_PAGE,249,0,186
1787558501.993,2026-08-24 08:01:41.994,InnoDB,LOCK_SYS_PAGE,197,0,188
1787558501.993,2026-08-24 08:01:41.994,InnoDB,LOCK_SYS_PAGE,195,0,189
1787558501.993,2026-08-24 08:01:41.994,InnoDB,LOCK_SYS_PAGE,175,0,178
1787558501.993,2026-08-24 08:01:41.994,InnoDB,LOCK_SYS_PAGE,204,0,195
1787558501.993,2026-08-24 08:01:41.994,InnoDB,TRX_SYS_SHARD,1,0,1
1787558501.993,2026-08-24 08:01:41.994,InnoDB,TRX_SYS_SHARD,1,0,1
1787558501.993,2026-08-24 08:01:41.994,InnoDB,LOCK_SYS_PAGE,187,0,144
1787558501.993,2026-08-24 08:01:41.994,InnoDB,TRX_SYS_SHARD,2,0,2
1787558501.993,2026-08-24 08:01:41.994,InnoDB,TRX_SYS_SHARD,1,0,1
1787558501.993,2026-08-24 08:01:41.994,InnoDB,LOCK_SYS_PAGE,211,0,187
1787558501.993,2026-08-24 08:01:41.994,InnoDB,LOCK_SYS_PAGE,202,0,212
1787558501.993,2026-08-24 08:01:41.994,InnoDB,LOCK_SYS_PAGE,175,0,173
1787558501.993,2026-08-24 08:01:41.994,InnoDB,FIL_SHARD,354,0,404
1787558501.993,2026-08-24 08:01:41.994,InnoDB,FIL_SHARD,19,0,28
1787558501.993,2026-08-24 08:01:41.994,InnoDB,LOCK_SYS_PAGE,177,0,154
1787558501.993,2026-08-24 08:01:41.994,InnoDB,LOCK_SYS_PAGE,196,0,181
1787558501.993,2026-08-24 08:01:41.994,InnoDB,LOCK_SYS_PAGE,207,0,199
1787558501.993,2026-08-24 08:01:41.994,InnoDB,LOCK_SYS_PAGE,175,0,153
1787558501.993,2026-08-24 08:01:41.994,InnoDB,LOCK_SYS_PAGE,202,0,201
1787558501.993,2026-08-24 08:01:41.994,InnoDB,LOCK_SYS_PAGE,237,0,174
1787558501.993,2026-08-24 08:01:41.994,InnoDB,LOCK_SYS_PAGE,357,0,202
1787558501.993,2026-08-24 08:01:41.994,InnoDB,LOCK_SYS_PAGE,185,0,187
1787558501.993,2026-08-24 08:01:41.994,InnoDB,LOCK_SYS_PAGE,246,0,210
1787558501.993,2026-08-24 08:01:41.994,InnoDB,LOCK_SYS_PAGE,229,0,223
1787558501.993,2026-08-24 08:01:41.994,InnoDB,LOCK_SYS_PAGE,222,0,200
1787558501.993,2026-08-24 08:01:41.994,InnoDB,LOCK_SYS_PAGE,180,0,181
1787558501.993,2026-08-24 08:01:41.994,InnoDB,LOCK_SYS_PAGE,191,0,186
1787558501.993,2026-08-24 08:01:41.994,InnoDB,LOCK_SYS_PAGE,166,0,168
1787558501.993,2026-08-24 08:01:41.994,InnoDB,LOCK_SYS_PAGE,165,0,162
1787558501.993,2026-08-24 08:01:41.994,InnoDB,LOCK_SYS_PAGE,204,0,205
1787558501.993,2026-08-24 08:01:41.994,InnoDB,LOCK_SYS_PAGE,211,0,220
1787558501.993,2026-08-24 08:01:41.994,InnoDB,FIL_SHARD,27,0,37
1787558501.993,2026-08-24 08:01:41.994,InnoDB,FIL_SHARD,21,0,29
1787558501.993,2026-08-24 08:01:41.994,InnoDB,FIL_SHARD,38,0,44
1787558501.993,2026-08-24 08:01:41.994,InnoDB,FIL_SHARD,32,0,46
1787558501.993,2026-08-24 08:01:41.994,InnoDB,FIL_SHARD,18,0,20
1787558501.993,2026-08-24 08:01:41.994,InnoDB,FIL_SHARD,11,0,26
1787558501.993,2026-08-24 08:01:41.994,InnoDB,FIL_SHARD,18,0,25
1787558501.993,2026-08-24 08:01:41.994,InnoDB,TRX_SYS_SHARD,1,0,2
1787558501.993,2026-08-24 08:01:41.994,InnoDB,FIL_SHARD,17,0,35
1787558501.993,2026-08-24 08:01:41.994,InnoDB,FIL_SHARD,17,0,23
1787558501.993,2026-08-24 08:01:41.994,InnoDB,FIL_SHARD,43,0,52
1787558501.993,2026-08-24 08:01:41.994,InnoDB,FIL_SHARD,70,0,84
1787558501.993,2026-08-24 08:01:41.994,InnoDB,FIL_SHARD,17,0,26
1787558501.993,2026-08-24 08:01:41.994,InnoDB,FIL_SHARD,16,0,18
1787558501.993,2026-08-24 08:01:41.994,InnoDB,FIL_SHARD,22,0,27
1787558501.993,2026-08-24 08:01:41.994,InnoDB,FIL_SHARD,8,0,25
1787558501.993,2026-08-24 08:01:41.994,InnoDB,FIL_SHARD,22,0,31
1787558501.993,2026-08-24 08:01:41.994,InnoDB,FIL_SHARD,29,0,56
1787558501.993,2026-08-24 08:01:41.994,InnoDB,FIL_SHARD,25,0,48
1787558501.993,2026-08-24 08:01:41.994,InnoDB,FIL_SHARD,25,0,50
1787558501.993,2026-08-24 08:01:41.994,InnoDB,FIL_SHARD,25,0,42
1787558501.993,2026-08-24 08:01:41.994,InnoDB,FIL_SHARD,27,0,40
1787558501.993,2026-08-24 08:01:41.994,InnoDB,FIL_SHARD,55,0,91
1787558501.993,2026-08-24 08:01:41.994,InnoDB,FIL_SHARD,13,0,42
1787558501.993,2026-08-24 08:01:41.994,InnoDB,FIL_SHARD,23,0,48
1787558501.993,2026-08-24 08:01:41.994,InnoDB,FIL_SHARD,28,0,53
1787558501.993,2026-08-24 08:01:41.994,InnoDB,LOCK_SYS_PAGE,212,0,161
1787558501.993,2026-08-24 08:01:41.994,InnoDB,LOCK_SYS_PAGE,387,0,250
1787558501.993,2026-08-24 08:01:41.994,InnoDB,LOCK_SYS_PAGE,146,0,147
1787558501.993,2026-08-24 08:01:41.994,InnoDB,LOCK_SYS_PAGE,182,0,182
1787558501.993,2026-08-24 08:01:41.994,InnoDB,LOCK_SYS_PAGE,215,0,214
1787558501.993,2026-08-24 08:01:41.994,InnoDB,LOCK_SYS_PAGE,216,0,177
1787558501.993,2026-08-24 08:01:41.994,InnoDB,TRX_SYS_SHARD,1,0,1
1787558501.993,2026-08-24 08:01:41.994,InnoDB,TRX_SYS_SHARD,13,0,3
1787558501.993,2026-08-24 08:01:41.994,InnoDB,TRX_SYS_SHARD,2,0,3
1787558501.993,2026-08-24 08:01:41.994,InnoDB,TRX_SYS_SHARD,1,0,2
1787558501.993,2026-08-24 08:01:41.994,InnoDB,TRX_SYS_SHARD,5,0,4
1787558501.993,2026-08-24 08:01:41.994,InnoDB,TRX_SYS_SHARD,1,0,1
1787558501.993,2026-08-24 08:01:41.994,InnoDB,TRX_SYS_SHARD,1,0,1
1787558501.993,2026-08-24 08:01:41.994,InnoDB,TRX_SYS_SHARD,1,0,1
1787558501.993,2026-08-24 08:01:41.994,InnoDB,TRX_SYS_SHARD,2,0,2
1787558501.993,2026-08-24 08:01:41.994,InnoDB,TRX_SYS_SHARD,5,0,3
1787558501.993,2026-08-24 08:01:41.994,InnoDB,TRX_SYS_SHARD,2,0,2
1787558501.993,2026-08-24 08:01:41.994,InnoDB,TRX_SYS_SHARD,2,0,2
1787558501.993,2026-08-24 08:01:41.994,InnoDB,TRX_SYS_SHARD,1,0,1
1787558501.993,2026-08-24 08:01:41.994,InnoDB,TRX_SYS_SHARD,4,0,3
1787558501.993,2026-08-24 08:01:41.994,InnoDB,TRX_SYS_SHARD,3,0,3
1787558501.993,2026-08-24 08:01:41.994,InnoDB,TRX_SYS_SHARD,1,0,2
1787558501.993,2026-08-24 08:01:41.994,InnoDB,TRX_SYS_SHARD,3,0,2
1787558501.993,2026-08-24 08:01:41.994,InnoDB,TRX_SYS_SHARD,2,0,2
1787558501.993,2026-08-24 08:01:41.994,InnoDB,TRX_SYS_SHARD,5,0,3
1787558501.993,2026-08-24 08:01:41.994,InnoDB,TRX_SYS_SHARD,1,0,1
1787558501.993,2026-08-24 08:01:41.994,InnoDB,TRX_SYS_SHARD,2,0,2
1787558501.993,2026-08-24 08:01:41.994,InnoDB,TRX_SYS_SHARD,1,0,1
1787558501.993,2026-08-24 08:01:41.994,InnoDB,TRX_SYS_SHARD,1,0,1
1787558501.993,2026-08-24 08:01:41.994,InnoDB,LOCK_SYS_PAGE,185,0,166
1787558501.993,2026-08-24 08:01:41.994,InnoDB,TRX_SYS_SHARD,5,0,5
1787558501.993,2026-08-24 08:01:41.994,InnoDB,TRX_SYS_SHARD,2,0,1
1787558501.993,2026-08-24 08:01:41.994,InnoDB,TRX_SYS_SHARD,3,0,3
1787558501.993,2026-08-24 08:01:41.994,InnoDB,TRX_SYS_SHARD,4,0,3
1787558501.993,2026-08-24 08:01:41.994,InnoDB,TRX_SYS_SHARD,1,0,1
1787558501.993,2026-08-24 08:01:41.994,InnoDB,TRX_SYS_SHARD,1,0,1
1787558501.993,2026-08-24 08:01:41.994,InnoDB,TRX_SYS_SHARD,7,0,2
1787558501.993,2026-08-24 08:01:41.994,InnoDB,TRX_SYS_SHARD,3,0,2
1787558501.993,2026-08-24 08:01:41.994,InnoDB,TRX_SYS_SHARD,4,0,1
1787558501.993,2026-08-24 08:01:41.994,InnoDB,TRX_SYS_SHARD,2,0,1
1787558501.993,2026-08-24 08:01:41.994,InnoDB,TRX_SYS_SHARD,1,0,1
1787558501.993,2026-08-24 08:01:41.994,InnoDB,TRX_SYS_SHARD,1,0,1
1787558501.993,2026-08-24 08:01:41.994,InnoDB,TRX_SYS_SHARD,2,0,2
1787558501.993,2026-08-24 08:01:41.994,InnoDB,TRX_SYS_SHARD,2,0,2
1787558501.993,2026-08-24 08:01:41.994,InnoDB,TRX_SYS_SHARD,2,0,2
1787558501.993,2026-08-24 08:01:41.994,InnoDB,TRX_SYS_SHARD,2,0,1
1787558501.993,2026-08-24 08:01:41.994,InnoDB,TRX_SYS_SHARD,2,0,2
1787558501.993,2026-08-24 08:01:41.994,InnoDB,TRX_SYS_SHARD,3,0,3
1787558501.993,2026-08-24 08:01:41.994,InnoDB,TRX_SYS_SHARD,3,0,3
1787558501.993,2026-08-24 08:01:41.994,InnoDB,TRX_SYS_SHARD,1,0,1
1787558501.993,2026-08-24 08:01:41.994,InnoDB,TRX_SYS_SHARD,1,0,1
1787558501.993,2026-08-24 08:01:41.994,InnoDB,TRX_SYS_SHARD,1,0,1
1787558501.993,2026-08-24 08:01:41.994,InnoDB,TRX_SYS_SHARD,1,0,1
1787558501.993,2026-08-24 08:01:41.994,InnoDB,TRX_SYS_SHARD,1,0,1
1787558501.993,2026-08-24 08:01:41.994,InnoDB,TRX_SYS_SHARD,2,0,2
1787558501.993,2026-08-24 08:01:41.994,InnoDB,TRX_SYS_SHARD,1,0,1
1787558501.993,2026-08-24 08:01:41.994,InnoDB,TRX_SYS_SHARD,1,0,1
1787558501.993,2026-08-24 08:01:41.994,InnoDB,TRX_SYS_SHARD,2,0,2
1787558501.993,2026-08-24 08:01:41.994,InnoDB,TRX_SYS_SHARD,2,0,1
1787558501.993,2026-08-24 08:01:41.994,InnoDB,TRX_SYS_SHARD,4,0,3
1787558501.993,2026-08-24 08:01:41.994,InnoDB,TRX_SYS_SHARD,1,0,1
1787558501.993,2026-08-24 08:01:41.994,InnoDB,TRX_SYS_SHARD,3,0,2
1787558501.993,2026-08-24 08:01:41.994,InnoDB,TRX_SYS_SHARD,1,0,1
1787558501.993,2026-08-24 08:01:41.994,InnoDB,TRX_SYS_SHARD,1,0,1
1787558501.993,2026-08-24 08:01:41.994,InnoDB,TRX_SYS_SHARD,1,0,1
1787558501.993,2026-08-24 08:01:41.994,InnoDB,TRX_SYS_SHARD,2,0,1
1787558501.993,2026-08-24 08:01:41.994,InnoDB,TRX_SYS_SHARD,3,0,3
1787558501.993,2026-08-24 08:01:41.994,InnoDB,TRX_SYS_SHARD,1,0,1
1787558501.993,2026-08-24 08:01:41.994,InnoDB,TRX_SYS_SHARD,1,0,1
1787558501.993,2026-08-24 08:01:41.994,InnoDB,TRX_SYS_SHARD,5,0,3
1787558501.993,2026-08-24 08:01:41.994,InnoDB,TRX_SYS_SHARD,2,0,1
1787558501.993,2026-08-24 08:01:41.994,InnoDB,TRX_SYS_SHARD,6,0,4
1787558501.993,2026-08-24 08:01:41.994,InnoDB,TRX_SYS_SHARD,1,0,1
1787558501.993,2026-08-24 08:01:41.994,InnoDB,TRX_SYS_SHARD,2,0,2
1787558501.993,2026-08-24 08:01:41.994,InnoDB,TRX_SYS_SHARD,2,0,2
1787558501.993,2026-08-24 08:01:41.994,InnoDB,TRX_SYS_SHARD,2,0,2
1787558501.993,2026-08-24 08:01:41.994,InnoDB,TRX_SYS_SHARD,1,0,1
1787558501.993,2026-08-24 08:01:41.994,InnoDB,TRX_SYS_SHARD,1,0,1
1787558501.993,2026-08-24 08:01:41.994,InnoDB,TRX_SYS_SHARD,4,0,3
1787558501.993,2026-08-24 08:01:41.994,InnoDB,TRX_SYS_SHARD,2,0,1
1787558501.993,2026-08-24 08:01:41.994,InnoDB,TRX_SYS_SHARD,1,0,1
1787558501.993,2026-08-24 08:01:41.994,InnoDB,TRX_SYS_SHARD,5,0,4
1787558501.993,2026-08-24 08:01:41.994,InnoDB,TRX_SYS_SHARD,2,0,2
1787558501.993,2026-08-24 08:01:41.994,InnoDB,TRX_SYS_SHARD,2,0,1
1787558501.993,2026-08-24 08:01:41.994,InnoDB,TRX_SYS_SHARD,1,0,1
1787558501.993,2026-08-24 08:01:41.994,InnoDB,TRX_SYS_SHARD,2,0,2
1787558501.993,2026-08-24 08:01:41.994,InnoDB,TRX_SYS_SHARD,1,0,1
1787558501.993,2026-08-24 08:01:41.994,InnoDB,TRX_SYS_SHARD,3,0,2
1787558501.993,2026-08-24 08:01:41.994,InnoDB,TRX_SYS_SHARD,3,0,3
1787558501.993,2026-08-24 08:01:41.994,InnoDB,TRX_SYS_SHARD,1,0,1
1787558501.993,2026-08-24 08:01:41.994,InnoDB,TRX_SYS_SHARD,3,0,2
1787558501.993,2026-08-24 08:01:41.994,InnoDB,TRX_SYS_SHARD,1,0,1
1787558501.993,2026-08-24 08:01:41.994,InnoDB,TRX_SYS_SHARD,1,0,1
1787558501.993,2026-08-24 08:01:41.994,InnoDB,TRX_SYS_SHARD,1,0,1
1787558501.993,2026-08-24 08:01:41.994,InnoDB,TRX_SYS_SHARD,2,0,2
1787558501.993,2026-08-24 08:01:41.994,InnoDB,TRX_SYS_SHARD,3,0,2
1787558501.993,2026-08-24 08:01:41.994,InnoDB,TRX_SYS_SHARD,1,0,1
1787558501.993,2026-08-24 08:01:41.994,InnoDB,TRX_SYS_SHARD,1,0,1
1787558501.993,2026-08-24 08:01:41.994,InnoDB,TRX_SYS_SHARD,1,0,1
1787558501.993,2026-08-24 08:01:41.994,InnoDB,TRX_SYS_SHARD,3,0,4
1787558501.993,2026-08-24 08:01:41.994,InnoDB,TRX_SYS_SHARD,4,0,3
1787558501.993,2026-08-24 08:01:41.994,InnoDB,TRX_SYS_SHARD,1,0,1
1787558501.993,2026-08-24 08:01:41.994,InnoDB,TRX_SYS_SHARD,1,0,1
1787558501.993,2026-08-24 08:01:41.994,InnoDB,TRX_SYS_SHARD,2,0,2
1787558501.993,2026-08-24 08:01:41.994,InnoDB,TRX_SYS_SHARD,1,0,1
1787558501.993,2026-08-24 08:01:41.994,InnoDB,TRX_SYS_SHARD,1,0,1
1787558501.993,2026-08-24 08:01:41.994,InnoDB,TRX_SYS_SHARD,2,0,1
1787558501.993,2026-08-24 08:01:41.994,InnoDB,TRX_SYS_SHARD,4,0,4
1787558501.993,2026-08-24 08:01:41.994,InnoDB,TRX_SYS_SHARD,3,0,2
1787558501.993,2026-08-24 08:01:41.994,InnoDB,TRX_SYS_SHARD,2,0,1
1787558501.993,2026-08-24 08:01:41.994,InnoDB,TRX_SYS_SHARD,1,0,1
1787558501.993,2026-08-24 08:01:41.994,InnoDB,TRX_SYS_SHARD,4,0,4
1787558501.993,2026-08-24 08:01:41.994,InnoDB,TRX_SYS_SHARD,1,0,1
1787558501.993,2026-08-24 08:01:41.994,InnoDB,TRX_SYS_SHARD,2,0,1
1787558501.993,2026-08-24 08:01:41.994,InnoDB,TRX_SYS_SHARD,1,0,1
1787558501.993,2026-08-24 08:01:41.994,InnoDB,TRX_SYS_SHARD,3,0,2
1787558501.993,2026-08-24 08:01:41.994,InnoDB,TRX_SYS_SHARD,2,0,2
1787558501.993,2026-08-24 08:01:41.994,InnoDB,TRX_SYS_SHARD,1,0,1
1787558501.993,2026-08-24 08:01:41.994,InnoDB,TRX_SYS_SHARD,3,0,1
1787558501.993,2026-08-24 08:01:41.994,InnoDB,TRX_SYS_SHARD,3,0,3
1787558501.993,2026-08-24 08:01:41.994,InnoDB,TRX_SYS_SHARD,5,0,5
1787558501.993,2026-08-24 08:01:41.994,InnoDB,TRX_SYS_SHARD,4,0,4
1787558501.993,2026-08-24 08:01:41.994,InnoDB,TRX_SYS_SHARD,2,0,1
1787558501.993,2026-08-24 08:01:41.994,InnoDB,TRX_SYS_SHARD,1,0,1
1787558501.993,2026-08-24 08:01:41.994,InnoDB,TRX_SYS_SHARD,2,0,2
1787558501.993,2026-08-24 08:01:41.994,InnoDB,TRX_SYS_SHARD,1,0,1
1787558501.993,2026-08-24 08:01:41.994,InnoDB,TRX_SYS_SHARD,1,0,2
1787558501.993,2026-08-24 08:01:41.994,InnoDB,TRX_SYS_SHARD,4,0,4
1787558501.993,2026-08-24 08:01:41.994,InnoDB,TRX_SYS_SHARD,1,0,1
1787558501.993,2026-08-24 08:01:41.994,InnoDB,TRX_SYS_SHARD,2,0,2
1787558501.993,2026-08-24 08:01:41.994,InnoDB,TRX_SYS_SHARD,1,0,1
1787558501.993,2026-08-24 08:01:41.994,InnoDB,TRX_SYS_SHARD,1,0,1
1787558501.993,2026-08-24 08:01:41.994,InnoDB,TRX_SYS_SHARD,4,0,2
1787558501.993,2026-08-24 08:01:41.994,InnoDB,TRX_SYS_SHARD,3,0,2
1787558501.993,2026-08-24 08:01:41.994,InnoDB,TRX_SYS_SHARD,3,0,3
1787558501.993,2026-08-24 08:01:41.994,InnoDB,TRX_SYS_SHARD,3,0,2
1787558501.993,2026-08-24 08:01:41.994,InnoDB,LOCK_SYS_PAGE,178,0,179
1787558501.993,2026-08-24 08:01:41.994,InnoDB,LOCK_SYS_PAGE,194,0,158
1787558501.993,2026-08-24 08:01:41.994,InnoDB,LOCK_SYS_PAGE,142,0,156
1787558501.993,2026-08-24 08:01:41.994,InnoDB,LOCK_SYS_PAGE,158,0,167
1787558501.993,2026-08-24 08:01:41.994,InnoDB,LOCK_SYS_PAGE,194,0,189
1787558501.993,2026-08-24 08:01:41.994,InnoDB,LOCK_SYS_PAGE,247,0,178
1787558501.993,2026-08-24 08:01:41.994,InnoDB,LOCK_SYS_PAGE,217,0,182
1787558501.993,2026-08-24 08:01:41.994,InnoDB,LOCK_SYS_PAGE,227,0,193
1787558501.993,2026-08-24 08:01:41.994,InnoDB,LOCK_SYS_PAGE,192,0,181
1787558501.993,2026-08-24 08:01:41.994,InnoDB,LOCK_SYS_PAGE,218,0,174
1787558501.993,2026-08-24 08:01:41.994,InnoDB,LOCK_SYS_PAGE,174,0,181
1787558501.993,2026-08-24 08:01:41.994,InnoDB,LOCK_SYS_PAGE,157,0,171
1787558501.993,2026-08-24 08:01:41.994,InnoDB,LOCK_SYS_PAGE,235,0,222
1787558501.993,2026-08-24 08:01:41.994,InnoDB,LOCK_SYS_PAGE,198,0,196
1787558501.993,2026-08-24 08:01:41.994,InnoDB,LOCK_SYS_PAGE,254,0,242
1787558501.993,2026-08-24 08:01:41.994,InnoDB,LOCK_SYS_PAGE,206,0,165
1787558501.993,2026-08-24 08:01:41.994,InnoDB,LOCK_SYS_PAGE,222,0,220
1787558501.993,2026-08-24 08:01:41.994,InnoDB,LOCK_SYS_PAGE,165,0,160
1787558501.993,2026-08-24 08:01:41.994,InnoDB,LOCK_SYS_PAGE,173,0,172
1787558501.993,2026-08-24 08:01:41.994,InnoDB,LOCK_SYS_PAGE,222,0,213
1787558501.993,2026-08-24 08:01:41.994,InnoDB,LOCK_SYS_PAGE,217,0,203
1787558501.993,2026-08-24 08:01:41.994,InnoDB,LOCK_SYS_PAGE,174,0,178
1787558501.993,2026-08-24 08:01:41.994,InnoDB,LOCK_SYS_PAGE,196,0,181
1787558501.993,2026-08-24 08:01:41.994,InnoDB,LOCK_SYS_PAGE,294,0,199
1787558501.993,2026-08-24 08:01:41.994,InnoDB,LOCK_SYS_PAGE,219,0,155
1787558501.993,2026-08-24 08:01:41.994,InnoDB,LOCK_SYS_PAGE,200,0,206
1787558501.993,2026-08-24 08:01:41.994,InnoDB,LOCK_SYS_PAGE,229,0,221
1787558501.993,2026-08-24 08:01:41.994,InnoDB,LOCK_SYS_PAGE,183,0,144
1787558501.993,2026-08-24 08:01:41.994,InnoDB,LOCK_SYS_PAGE,199,0,188
1787558501.993,2026-08-24 08:01:41.994,InnoDB,LOCK_SYS_PAGE,208,0,204
1787558501.993,2026-08-24 08:01:41.994,InnoDB,LOCK_SYS_PAGE,198,0,219
1787558501.993,2026-08-24 08:01:41.994,InnoDB,LOCK_SYS_PAGE,189,0,177
1787558501.993,2026-08-24 08:01:41.994,InnoDB,LOCK_SYS_PAGE,239,0,212
1787558501.993,2026-08-24 08:01:41.994,InnoDB,LOCK_SYS_PAGE,238,0,226
1787558501.993,2026-08-24 08:01:41.994,InnoDB,LOCK_SYS_PAGE,193,0,175
1787558501.993,2026-08-24 08:01:41.994,InnoDB,LOCK_SYS_PAGE,187,0,186
1787558501.993,2026-08-24 08:01:41.994,InnoDB,LOCK_SYS_PAGE,221,0,204
1787558501.993,2026-08-24 08:01:41.994,InnoDB,LOCK_SYS_PAGE,190,0,184
1787558501.993,2026-08-24 08:01:41.994,InnoDB,LOCK_SYS_PAGE,255,0,240
1787558501.993,2026-08-24 08:01:41.994,InnoDB,LOCK_SYS_PAGE,177,0,143
1787558501.993,2026-08-24 08:01:41.994,InnoDB,LOCK_SYS_PAGE,203,0,197
1787558501.993,2026-08-24 08:01:41.994,InnoDB,LOCK_SYS_PAGE,206,0,210
1787558501.993,2026-08-24 08:01:41.994,InnoDB,LOCK_SYS_PAGE,177,0,175
1787558501.993,2026-08-24 08:01:41.994,InnoDB,LOCK_SYS_PAGE,178,0,172
1787558501.993,2026-08-24 08:01:41.994,InnoDB,LOCK_SYS_PAGE,200,0,183
1787558501.993,2026-08-24 08:01:41.994,InnoDB,LOCK_SYS_PAGE,169,0,184
1787558501.993,2026-08-24 08:01:41.994,InnoDB,LOCK_SYS_PAGE,162,0,154
1787558501.993,2026-08-24 08:01:41.994,InnoDB,LOCK_SYS_PAGE,161,0,171
1787558501.993,2026-08-24 08:01:41.994,InnoDB,LOCK_SYS_PAGE,234,0,201
1787558501.993,2026-08-24 08:01:41.994,InnoDB,LOCK_SYS_PAGE,204,0,201
1787558501.993,2026-08-24 08:01:41.994,InnoDB,LOCK_SYS_PAGE,195,0,182
1787558501.993,2026-08-24 08:01:41.994,InnoDB,LOCK_SYS_PAGE,236,0,199
1787558501.993,2026-08-24 08:01:41.994,InnoDB,LOCK_SYS_PAGE,228,0,192
1787558501.993,2026-08-24 08:01:41.994,InnoDB,LOCK_SYS_PAGE,185,0,180
1787558501.993,2026-08-24 08:01:41.994,InnoDB,LOCK_SYS_PAGE,137,0,152
1787558501.993,2026-08-24 08:01:41.994,InnoDB,LOCK_SYS_PAGE,272,0,209
1787558501.993,2026-08-24 08:01:41.994,InnoDB,RECALC_POOL,3,0,7
1787558501.993,2026-08-24 08:01:41.994,InnoDB,LOCK_SYS_PAGE,187,0,182
1787558501.993,2026-08-24 08:01:41.994,InnoDB,LOCK_SYS_PAGE,175,0,185
1787558501.993,2026-08-24 08:01:41.994,InnoDB,PERSIST_AUTOINC,8,0,1
1787558501.993,2026-08-24 08:01:41.994,InnoDB,LOCK_SYS_PAGE,267,0,210
1787558501.993,2026-08-24 08:01:41.994,InnoDB,LOCK_SYS_PAGE,232,0,221
1787558501.993,2026-08-24 08:01:41.994,InnoDB,LOCK_SYS_PAGE,198,0,170
1787558501.993,2026-08-24 08:01:41.994,InnoDB,LOG_LIMITS,185,0,135
1787558501.993,2026-08-24 08:01:41.994,InnoDB,LOCK_SYS_PAGE,175,0,160
1787558501.993,2026-08-24 08:01:41.994,InnoDB,LOCK_SYS_PAGE,204,0,207
1787558501.993,2026-08-24 08:01:41.994,InnoDB,LOCK_SYS_PAGE,150,0,165
1787558501.993,2026-08-24 08:01:41.994,InnoDB,LOCK_SYS_PAGE,304,0,192
1787558501.993,2026-08-24 08:01:41.994,InnoDB,LOCK_SYS_PAGE,231,0,194
1787558501.993,2026-08-24 08:01:41.994,InnoDB,LOCK_SYS_PAGE,204,0,165
1787558501.993,2026-08-24 08:01:41.994,InnoDB,LOCK_SYS_PAGE,189,0,175
1787558501.993,2026-08-24 08:01:41.994,InnoDB,LOCK_SYS_PAGE,244,0,190
1787558501.993,2026-08-24 08:01:41.994,InnoDB,LOCK_SYS_PAGE,162,0,156
1787558501.993,2026-08-24 08:01:41.994,InnoDB,LOCK_SYS_PAGE,237,0,171
1787558501.993,2026-08-24 08:01:41.994,InnoDB,LOCK_SYS_PAGE,162,0,174
1787558501.993,2026-08-24 08:01:41.994,InnoDB,LOCK_SYS_PAGE,253,0,204
1787558501.993,2026-08-24 08:01:41.994,InnoDB,LOCK_SYS_PAGE,149,0,160
1787558501.993,2026-08-24 08:01:41.994,InnoDB,LOCK_SYS_PAGE,256,0,215
1787558501.993,2026-08-24 08:01:41.994,InnoDB,LOCK_SYS_PAGE,223,0,223
1787558501.993,2026-08-24 08:01:41.994,InnoDB,LOCK_SYS_PAGE,184,0,174
1787558501.993,2026-08-24 08:01:41.994,InnoDB,LOCK_SYS_PAGE,213,0,191
1787558501.993,2026-08-24 08:01:41.994,InnoDB,LOCK_SYS_PAGE,205,0,172
1787558501.993,2026-08-24 08:01:41.994,InnoDB,LOCK_SYS_PAGE,219,0,192
1787558501.993,2026-08-24 08:01:41.994,InnoDB,LOCK_SYS_PAGE,213,0,178
1787558501.993,2026-08-24 08:01:41.994,InnoDB,LOCK_SYS_PAGE,214,0,182
1787558501.993,2026-08-24 08:01:41.994,InnoDB,LOCK_SYS_PAGE,188,0,184
1787558501.993,2026-08-24 08:01:41.994,InnoDB,LOCK_SYS_PAGE,167,0,162
1787558501.993,2026-08-24 08:01:41.994,InnoDB,LOCK_SYS_PAGE,220,0,210
1787558501.993,2026-08-24 08:01:41.994,InnoDB,LOCK_SYS_PAGE,239,0,186
1787558501.993,2026-08-24 08:01:41.994,InnoDB,LOCK_SYS_PAGE,165,0,180
1787558501.993,2026-08-24 08:01:41.994,InnoDB,LOCK_SYS_PAGE,182,0,204
1787558501.993,2026-08-24 08:01:41.994,InnoDB,LOCK_SYS_PAGE,161,0,170
1787558501.993,2026-08-24 08:01:41.994,InnoDB,LOCK_SYS_PAGE,179,0,190
1787558501.993,2026-08-24 08:01:41.994,InnoDB,LOCK_SYS_PAGE,205,0,206
1787558501.993,2026-08-24 08:01:41.994,InnoDB,LOCK_SYS_PAGE,195,0,202
1787558501.993,2026-08-24 08:01:41.994,InnoDB,LOCK_SYS_PAGE,189,0,175
1787558501.993,2026-08-24 08:01:41.994,InnoDB,LOCK_SYS_PAGE,205,0,187
1787558501.993,2026-08-24 08:01:41.994,InnoDB,LOCK_SYS_PAGE,153,0,166
1787558501.993,2026-08-24 08:01:41.994,InnoDB,LOCK_SYS_PAGE,172,0,168
1787558501.993,2026-08-24 08:01:41.994,InnoDB,LOCK_SYS_PAGE,220,0,212
1787558501.993,2026-08-24 08:01:41.994,InnoDB,LOCK_SYS_PAGE,218,0,223
1787558501.993,2026-08-24 08:01:41.994,InnoDB,LOCK_SYS_PAGE,217,0,186
1787558501.993,2026-08-24 08:01:41.994,InnoDB,LOCK_SYS_PAGE,203,0,204
1787558501.993,2026-08-24 08:01:41.994,InnoDB,LOCK_SYS_PAGE,209,0,194
1787558501.993,2026-08-24 08:01:41.994,InnoDB,LOCK_SYS_PAGE,219,0,173
1787558501.993,2026-08-24 08:01:41.994,InnoDB,LOCK_SYS_PAGE,203,0,186
1787558501.993,2026-08-24 08:01:41.994,InnoDB,LOCK_SYS_PAGE,202,0,202
1787558501.993,2026-08-24 08:01:41.994,InnoDB,LOCK_SYS_PAGE,216,0,180
1787558501.993,2026-08-24 08:01:41.994,InnoDB,LOCK_SYS_PAGE,183,0,167
1787558501.993,2026-08-24 08:01:41.994,InnoDB,LOCK_SYS_PAGE,265,0,216
1787558501.993,2026-08-24 08:01:41.994,InnoDB,LOCK_SYS_PAGE,245,0,174
1787558501.993,2026-08-24 08:01:41.994,InnoDB,LOCK_SYS_PAGE,242,0,173
1787558501.993,2026-08-24 08:01:41.994,InnoDB,LOCK_SYS_PAGE,227,0,226
1787558501.993,2026-08-24 08:01:41.994,InnoDB,LOCK_SYS_PAGE,200,0,202
1787558501.993,2026-08-24 08:01:41.994,InnoDB,LOCK_SYS_PAGE,202,0,174
1787558501.993,2026-08-24 08:01:41.994,InnoDB,LOCK_SYS_PAGE,175,0,160
1787558501.993,2026-08-24 08:01:41.994,InnoDB,LOCK_SYS_PAGE,226,0,204
1787558501.993,2026-08-24 08:01:41.994,InnoDB,LOCK_SYS_PAGE,231,0,203
1787558501.993,2026-08-24 08:01:41.994,InnoDB,LOCK_SYS_PAGE,156,0,157
1787558501.993,2026-08-24 08:01:41.994,InnoDB,LOCK_SYS_PAGE,225,0,160
1787558501.993,2026-08-24 08:01:41.994,InnoDB,LOCK_SYS_PAGE,207,0,164
1787558501.993,2026-08-24 08:01:41.994,InnoDB,LOCK_SYS_PAGE,189,0,160
1787558501.993,2026-08-24 08:01:41.994,InnoDB,LOCK_SYS_PAGE,191,0,186
1787558501.993,2026-08-24 08:01:41.994,InnoDB,LOCK_SYS_PAGE,166,0,165
1787558501.993,2026-08-24 08:01:41.994,InnoDB,LOCK_SYS_PAGE,202,0,186
1787558501.993,2026-08-24 08:01:41.994,InnoDB,LOCK_SYS_PAGE,200,0,208
1787558501.993,2026-08-24 08:01:41.994,InnoDB,LOCK_SYS_PAGE,214,0,208
1787558501.993,2026-08-24 08:01:41.994,InnoDB,LOCK_SYS_PAGE,159,0,177
1787558501.993,2026-08-24 08:01:41.994,InnoDB,LOCK_SYS_PAGE,202,0,166
1787558501.993,2026-08-24 08:01:41.994,InnoDB,LOCK_SYS_PAGE,184,0,180
1787558501.993,2026-08-24 08:01:41.994,InnoDB,LOCK_SYS_PAGE,242,0,208
1787558501.993,2026-08-24 08:01:41.994,InnoDB,LOCK_SYS_PAGE,204,0,206
1787558501.993,2026-08-24 08:01:41.994,InnoDB,LOCK_SYS_PAGE,173,0,183
1787558501.993,2026-08-24 08:01:41.994,InnoDB,LOCK_SYS_PAGE,200,0,192
1787558501.993,2026-08-24 08:01:41.994,InnoDB,LOCK_SYS_PAGE,218,0,194
1787558501.993,2026-08-24 08:01:41.994,InnoDB,LOCK_SYS_PAGE,194,0,178
1787558501.993,2026-08-24 08:01:41.994,InnoDB,LOCK_SYS_PAGE,211,0,184
1787558501.993,2026-08-24 08:01:41.994,InnoDB,LOCK_SYS_PAGE,167,0,165
1787558501.993,2026-08-24 08:01:41.994,InnoDB,LOCK_SYS_PAGE,145,0,153
1787558501.993,2026-08-24 08:01:41.994,InnoDB,LOCK_SYS_PAGE,187,0,163
1787558501.993,2026-08-24 08:01:41.994,InnoDB,LOCK_SYS_PAGE,201,0,172
1787558501.993,2026-08-24 08:01:41.994,InnoDB,LOCK_SYS_PAGE,218,0,172
1787558501.993,2026-08-24 08:01:41.994,InnoDB,LOCK_SYS_PAGE,191,0,189
1787558501.993,2026-08-24 08:01:41.994,InnoDB,LOCK_SYS_PAGE,193,0,170
1787558501.993,2026-08-24 08:01:41.994,InnoDB,LOCK_SYS_PAGE,242,0,208
1787558501.993,2026-08-24 08:01:41.994,InnoDB,LOCK_SYS_PAGE,207,0,169
1787558501.993,2026-08-24 08:01:41.994,InnoDB,LOCK_SYS_PAGE,178,0,161
1787558501.993,2026-08-24 08:01:41.994,InnoDB,LOCK_SYS_PAGE,178,0,190
1787558501.993,2026-08-24 08:01:41.994,InnoDB,LOCK_SYS_PAGE,192,0,194
1787558501.993,2026-08-24 08:01:41.994,InnoDB,LOCK_SYS_PAGE,184,0,170
1787558501.993,2026-08-24 08:01:41.994,InnoDB,LOCK_SYS_PAGE,180,0,154
1787558501.993,2026-08-24 08:01:41.994,InnoDB,LOCK_SYS_PAGE,202,0,179
1787558501.993,2026-08-24 08:01:41.994,InnoDB,LOCK_SYS_PAGE,162,0,156
1787558501.993,2026-08-24 08:01:41.994,InnoDB,LOCK_SYS_PAGE,259,0,222
1787558501.993,2026-08-24 08:01:41.994,InnoDB,LOCK_SYS_PAGE,230,0,185
1787558501.993,2026-08-24 08:01:41.994,InnoDB,LOCK_SYS_PAGE,176,0,185
1787558501.993,2026-08-24 08:01:41.994,InnoDB,LOCK_SYS_PAGE,220,0,170
1787558501.993,2026-08-24 08:01:41.994,InnoDB,LOCK_SYS_PAGE,249,0,189
1787558501.993,2026-08-24 08:01:41.994,InnoDB,LOCK_SYS_PAGE,206,0,188
1787558501.993,2026-08-24 08:01:41.994,InnoDB,LOCK_SYS_PAGE,183,0,195
1787558501.993,2026-08-24 08:01:41.994,InnoDB,LOCK_SYS_PAGE,244,0,226
1787558501.993,2026-08-24 08:01:41.994,InnoDB,LOCK_SYS_PAGE,139,0,147
1787558501.993,2026-08-24 08:01:41.994,InnoDB,LOCK_SYS_PAGE,229,0,204
1787558501.993,2026-08-24 08:01:41.994,InnoDB,LOCK_SYS_PAGE,251,0,219
1787558501.993,2026-08-24 08:01:41.994,InnoDB,LOCK_SYS_PAGE,189,0,171
1787558501.993,2026-08-24 08:01:41.994,InnoDB,LOCK_SYS_PAGE,199,0,187
1787558501.993,2026-08-24 08:01:41.994,InnoDB,LOCK_SYS_PAGE,218,0,184
1787558501.993,2026-08-24 08:01:41.994,InnoDB,LOCK_SYS_PAGE,174,0,164
1787558501.993,2026-08-24 08:01:41.994,InnoDB,LOCK_SYS_PAGE,164,0,187
1787558501.993,2026-08-24 08:01:41.994,InnoDB,LOCK_SYS_PAGE,218,0,188
1787558501.993,2026-08-24 08:01:41.994,InnoDB,LOCK_SYS_PAGE,203,0,165
1787558501.993,2026-08-24 08:01:41.994,InnoDB,LOCK_SYS_PAGE,162,0,159
1787558501.993,2026-08-24 08:01:41.994,InnoDB,LOCK_SYS_PAGE,177,0,194
1787558501.993,2026-08-24 08:01:41.994,InnoDB,LOCK_SYS_PAGE,206,0,181
1787558501.993,2026-08-24 08:01:41.994,InnoDB,LOCK_SYS_PAGE,184,0,171
1787558501.993,2026-08-24 08:01:41.994,InnoDB,LOCK_SYS_PAGE,159,0,180
1787558501.993,2026-08-24 08:01:41.994,InnoDB,LOCK_SYS_PAGE,291,0,219
1787558501.993,2026-08-24 08:01:41.994,InnoDB,LOCK_SYS_PAGE,225,0,192
1787558501.993,2026-08-24 08:01:41.994,InnoDB,LOCK_SYS_PAGE,178,0,190
1787558501.993,2026-08-24 08:01:41.994,InnoDB,LOCK_SYS_PAGE,210,0,198
1787558501.993,2026-08-24 08:01:41.994,InnoDB,LOCK_SYS_PAGE,221,0,219
1787558501.993,2026-08-24 08:01:41.994,InnoDB,LOCK_SYS_PAGE,270,0,230
1787558501.993,2026-08-24 08:01:41.994,InnoDB,LOCK_SYS_PAGE,188,0,172
1787558501.993,2026-08-24 08:01:41.994,InnoDB,LOCK_SYS_PAGE,241,0,216
1787558501.993,2026-08-24 08:01:41.994,InnoDB,LOCK_SYS_PAGE,267,0,232
1787558501.993,2026-08-24 08:01:41.994,InnoDB,LOCK_SYS_PAGE,177,0,191
1787558501.993,2026-08-24 08:01:41.994,InnoDB,LOCK_SYS_PAGE,237,0,161
1787558501.993,2026-08-24 08:01:41.994,InnoDB,LOCK_SYS_PAGE,211,0,169
1787558501.993,2026-08-24 08:01:41.994,InnoDB,LOCK_SYS_PAGE,215,0,165
1787558501.993,2026-08-24 08:01:41.994,InnoDB,LOCK_SYS_PAGE,169,0,174
1787558501.993,2026-08-24 08:01:41.994,InnoDB,LOCK_SYS_PAGE,193,0,169
1787558501.993,2026-08-24 08:01:41.994,InnoDB,LOCK_SYS_PAGE,177,0,144
1787558501.993,2026-08-24 08:01:41.994,InnoDB,LOCK_SYS_PAGE,221,0,211
1787558501.993,2026-08-24 08:01:41.994,InnoDB,LOCK_SYS_PAGE,181,0,181
1787558501.993,2026-08-24 08:01:41.994,InnoDB,LOCK_SYS_PAGE,202,0,197
1787558501.993,2026-08-24 08:01:41.994,InnoDB,LOCK_SYS_PAGE,149,0,145
1787558501.993,2026-08-24 08:01:41.994,InnoDB,LOCK_SYS_PAGE,197,0,178
1787558501.993,2026-08-24 08:01:41.994,InnoDB,LOCK_SYS_PAGE,190,0,178
1787558501.993,2026-08-24 08:01:41.994,InnoDB,LOCK_SYS_PAGE,166,0,183
1787558501.993,2026-08-24 08:01:41.994,InnoDB,LOCK_SYS_PAGE,169,0,149
1787558501.993,2026-08-24 08:01:41.994,InnoDB,LOCK_SYS_PAGE,201,0,205
1787558501.993,2026-08-24 08:01:41.994,InnoDB,LOCK_SYS_PAGE,183,0,178
1787558501.993,2026-08-24 08:01:41.994,InnoDB,LOCK_SYS_PAGE,243,0,190
1787558501.993,2026-08-24 08:01:41.994,InnoDB,LOCK_SYS_PAGE,221,0,220
1787558501.993,2026-08-24 08:01:41.994,InnoDB,LOCK_SYS_PAGE,217,0,169
1787558501.993,2026-08-24 08:01:41.994,InnoDB,LOCK_SYS_PAGE,205,0,163
1787558501.993,2026-08-24 08:01:41.994,InnoDB,LOCK_SYS_PAGE,167,0,171
1787558501.993,2026-08-24 08:01:41.994,InnoDB,LOCK_SYS_PAGE,195,0,198
1787558501.993,2026-08-24 08:01:41.994,InnoDB,LOCK_SYS_PAGE,188,0,177
1787558501.993,2026-08-24 08:01:41.994,InnoDB,LOCK_SYS_PAGE,170,0,181
1787558501.993,2026-08-24 08:01:41.994,InnoDB,LOCK_SYS_PAGE,212,0,163
1787558501.993,2026-08-24 08:01:41.994,InnoDB,LOCK_SYS_PAGE,205,0,220
1787558501.993,2026-08-24 08:01:41.994,InnoDB,LOCK_SYS_PAGE,236,0,204
1787558501.993,2026-08-24 08:01:41.994,InnoDB,LOCK_SYS_PAGE,152,0,159
1787558501.993,2026-08-24 08:01:41.994,InnoDB,LOCK_SYS_PAGE,243,0,210
1787558501.993,2026-08-24 08:01:41.994,InnoDB,LOCK_SYS_PAGE,269,0,209
1787558501.993,2026-08-24 08:01:41.994,InnoDB,LOCK_SYS_PAGE,167,0,155
1787558501.993,2026-08-24 08:01:41.994,InnoDB,LOCK_SYS_PAGE,221,0,211
1787558501.993,2026-08-24 08:01:41.994,InnoDB,LOCK_SYS_PAGE,165,0,157
1787558501.993,2026-08-24 08:01:41.994,InnoDB,LOCK_SYS_PAGE,211,0,192
1787558501.993,2026-08-24 08:01:41.994,InnoDB,LOCK_SYS_PAGE,217,0,192
1787558501.993,2026-08-24 08:01:41.994,InnoDB,LOCK_SYS_PAGE,160,0,156
1787558501.993,2026-08-24 08:01:41.994,InnoDB,LOCK_SYS_PAGE,187,0,201
1787558501.993,2026-08-24 08:01:41.994,InnoDB,LOCK_SYS_PAGE,213,0,183
1787558501.993,2026-08-24 08:01:41.994,InnoDB,LOCK_SYS_PAGE,169,0,143
1787558501.993,2026-08-24 08:01:41.994,InnoDB,LOCK_SYS_PAGE,225,0,191
1787558501.993,2026-08-24 08:01:41.994,InnoDB,LOCK_SYS_PAGE,255,0,200
1787558501.993,2026-08-24 08:01:41.994,InnoDB,LOCK_SYS_PAGE,192,0,202
1787558501.993,2026-08-24 08:01:41.994,InnoDB,LOCK_SYS_PAGE,155,0,153
1787558501.993,2026-08-24 08:01:41.994,InnoDB,LOCK_SYS_PAGE,196,0,181
1787558501.993,2026-08-24 08:01:41.994,InnoDB,LOCK_SYS_PAGE,210,0,191
1787558501.993,2026-08-24 08:01:41.994,InnoDB,LOCK_SYS_PAGE,189,0,172
1787558501.993,2026-08-24 08:01:41.994,InnoDB,LOCK_SYS_PAGE,214,0,218
1787558501.993,2026-08-24 08:01:41.994,InnoDB,LOCK_SYS_PAGE,158,0,153
1787558501.993,2026-08-24 08:01:41.994,InnoDB,LOCK_SYS_PAGE,176,0,174
1787558501.993,2026-08-24 08:01:41.994,InnoDB,LOCK_SYS_PAGE,183,0,187
1787558501.993,2026-08-24 08:01:41.994,InnoDB,LOCK_SYS_PAGE,239,0,170
1787558501.993,2026-08-24 08:01:41.994,InnoDB,LOCK_SYS_PAGE,211,0,202
1787558501.993,2026-08-24 08:01:41.994,InnoDB,LOCK_SYS_PAGE,197,0,166
1787558501.993,2026-08-24 08:01:41.994,InnoDB,LOCK_SYS_PAGE,234,0,191
1787558501.993,2026-08-24 08:01:41.994,InnoDB,LOCK_SYS_PAGE,235,0,211
1787558501.993,2026-08-24 08:01:41.994,InnoDB,LOCK_SYS_PAGE,182,0,179
1787558501.993,2026-08-24 08:01:41.994,InnoDB,LOCK_SYS_PAGE,190,0,188
1787558501.993,2026-08-24 08:01:41.994,InnoDB,LOCK_SYS_PAGE,158,0,158
1787558501.993,2026-08-24 08:01:41.994,InnoDB,LOCK_SYS_PAGE,132,0,141
1787558501.993,2026-08-24 08:01:41.994,InnoDB,LOCK_SYS_PAGE,209,0,166
1787558501.993,2026-08-24 08:01:41.994,InnoDB,LOCK_SYS_PAGE,185,0,177
1787558501.993,2026-08-24 08:01:41.994,InnoDB,LOCK_SYS_PAGE,218,0,219
1787558501.993,2026-08-24 08:01:41.994,InnoDB,LOCK_SYS_PAGE,230,0,219
1787558501.993,2026-08-24 08:01:41.994,InnoDB,LOCK_SYS_PAGE,196,0,171
1787558501.993,2026-08-24 08:01:41.994,InnoDB,LOCK_SYS_PAGE,235,0,170
1787558501.993,2026-08-24 08:01:41.994,InnoDB,LOCK_SYS_PAGE,227,0,177
1787558501.993,2026-08-24 08:01:41.994,InnoDB,LOCK_SYS_PAGE,195,0,184
1787558501.993,2026-08-24 08:01:41.994,InnoDB,LOCK_SYS_PAGE,229,0,201
1787558501.993,2026-08-24 08:01:41.994,InnoDB,LOCK_SYS_PAGE,191,0,176
1787558501.993,2026-08-24 08:01:41.994,InnoDB,LOCK_SYS_PAGE,189,0,152
1787558501.993,2026-08-24 08:01:41.994,InnoDB,LOCK_SYS_PAGE,172,0,189
1787558501.993,2026-08-24 08:01:41.994,InnoDB,LOCK_SYS_PAGE,257,0,181
1787558501.993,2026-08-24 08:01:41.994,InnoDB,LOCK_SYS_PAGE,220,0,176
1787558501.993,2026-08-24 08:01:41.994,InnoDB,LOCK_SYS_PAGE,186,0,167
1787558501.993,2026-08-24 08:01:41.994,InnoDB,LOCK_SYS_PAGE,197,0,191
1787558501.993,2026-08-24 08:01:41.994,InnoDB,LOCK_SYS_PAGE,177,0,162
1787558501.993,2026-08-24 08:01:41.994,InnoDB,LOCK_SYS_PAGE,180,0,167
1787558501.993,2026-08-24 08:01:41.994,InnoDB,LOCK_SYS_PAGE,153,0,148
1787558501.993,2026-08-24 08:01:41.994,InnoDB,LOCK_SYS_PAGE,197,0,196
1787558501.993,2026-08-24 08:01:41.994,InnoDB,LOCK_SYS_PAGE,202,0,183
1787558501.993,2026-08-24 08:01:41.994,InnoDB,LOCK_SYS_PAGE,224,0,190
1787558501.993,2026-08-24 08:01:41.994,InnoDB,LOCK_SYS_PAGE,168,0,183
1787558501.993,2026-08-24 08:01:41.994,InnoDB,rwlock: dict0dict.cc:2631,,49895,
1787558501.993,2026-08-24 08:01:41.994,InnoDB,rwlock: dict0dict.cc:2631,,50847,
1787558501.993,2026-08-24 08:01:41.994,InnoDB,rwlock: dict0dict.cc:2631,,49043,
1787558501.993,2026-08-24 08:01:41.994,InnoDB,rwlock: dict0dict.cc:2631,,48691,
1787558501.993,2026-08-24 08:01:41.994,InnoDB,rwlock: dict0dict.cc:2631,,47971,
1787558501.993,2026-08-24 08:01:41.994,InnoDB,rwlock: dict0dict.cc:2631,,48296,
1787558501.993,2026-08-24 08:01:41.994,InnoDB,rwlock: dict0dict.cc:2631,,49196,
1787558501.993,2026-08-24 08:01:41.994,InnoDB,rwlock: dict0dict.cc:2631,,49655,
1787558501.993,2026-08-24 08:01:41.994,InnoDB,rwlock: dict0dict.cc:2631,,48766,
1787558501.993,2026-08-24 08:01:41.994,InnoDB,rwlock: dict0dict.cc:2631,,49075,
1787558501.993,2026-08-24 08:01:41.994,InnoDB,rwlock: dict0dict.cc:2631,,48909,
1787558501.993,2026-08-24 08:01:41.994,InnoDB,rwlock: dict0dict.cc:2631,,46494,
1787558501.993,2026-08-24 08:01:41.994,InnoDB,rwlock: dict0dict.cc:2631,,49518,
1787558501.993,2026-08-24 08:01:41.994,InnoDB,rwlock: dict0dict.cc:2631,,47947,
1787558501.993,2026-08-24 08:01:41.994,InnoDB,rwlock: dict0dict.cc:2631,,48475,
1787558501.993,2026-08-24 08:01:41.994,InnoDB,rwlock: dict0dict.cc:2631,,48276,
1787558501.993,2026-08-24 08:01:41.994,InnoDB,rwlock: dict0dict.cc:2631,,47602,
1787558501.993,2026-08-24 08:01:41.994,InnoDB,rwlock: dict0dict.cc:2631,,48199,
1787558501.993,2026-08-24 08:01:41.994,InnoDB,rwlock: dict0dict.cc:2631,,46856,
1787558501.993,2026-08-24 08:01:41.994,InnoDB,rwlock: dict0dict.cc:2631,,48531,
1787558501.993,2026-08-24 08:01:41.994,InnoDB,rwlock: dict0dict.cc:2631,,1,
1787558501.993,2026-08-24 08:01:41.994,InnoDB,rwlock: dict0dict.cc:2631,,2,
1787558501.993,2026-08-24 08:01:41.994,InnoDB,rwlock: dict0dict.cc:2631,,2,
1787558501.993,2026-08-24 08:01:41.994,InnoDB,rwlock: dict0dict.cc:2631,,3,
1787558501.993,2026-08-24 08:01:41.994,InnoDB,rwlock: dict0dict.cc:2631,,2,
1787558501.993,2026-08-24 08:01:41.994,InnoDB,rwlock: dict0dict.cc:2631,,2,
1787558501.993,2026-08-24 08:01:41.994,InnoDB,rwlock: fil0fil.cc:10242,,1,
1787558501.993,2026-08-24 08:01:41.994,InnoDB,rwlock: dict0dict.cc:2631,,1,
1787558501.993,2026-08-24 08:01:41.994,InnoDB,rwlock: dict0dict.cc:2631,,2,
1787558501.993,2026-08-24 08:01:41.994,InnoDB,rwlock: dict0dict.cc:2631,,1,
1787558501.993,2026-08-24 08:01:41.994,InnoDB,rwlock: dict0dict.cc:2631,,2,
1787558501.993,2026-08-24 08:01:41.994,InnoDB,rwlock: fil0fil.cc:10242,,1,
1787558501.993,2026-08-24 08:01:41.994,InnoDB,rwlock: dict0dict.cc:2631,,1,
1787558501.993,2026-08-24 08:01:41.994,InnoDB,rwlock: dict0dict.cc:2631,,2,
1787558501.993,2026-08-24 08:01:41.994,InnoDB,rwlock: dict0dict.cc:2631,,1,
1787558501.993,2026-08-24 08:01:41.994,InnoDB,rwlock: dict0dict.cc:2631,,2,
1787558501.993,2026-08-24 08:01:41.994,InnoDB,rwlock: dict0dict.cc:2631,,1,
1787558501.993,2026-08-24 08:01:41.994,InnoDB,rwlock: fil0fil.cc:10242,,1,
1787558501.993,2026-08-24 08:01:41.994,InnoDB,rwlock: dict0dict.cc:2631,,2,
1787558501.993,2026-08-24 08:01:41.994,InnoDB,rwlock: dict0dict.cc:2631,,1,
1787558501.993,2026-08-24 08:01:41.994,InnoDB,rwlock: trx0purge.cc:232,,1,
1787558501.993,2026-08-24 08:01:41.994,InnoDB,rwlock: fil0fil.cc:10242,,970124,
1787558501.993,2026-08-24 08:01:41.994,InnoDB,rwlock: fil0fil.cc:10242,,112469,
1787558501.993,2026-08-24 08:01:41.994,InnoDB,rwlock: dict0dict.cc:1180,,6,
1787558501.993,2026-08-24 08:01:41.994,InnoDB,rwlock: hash0hash.cc:117,,177969,
1787558501.993,2026-08-24 08:01:41.994,InnoDB,rwlock: hash0hash.cc:117,,165085,
1787558501.993,2026-08-24 08:01:41.994,InnoDB,rwlock: hash0hash.cc:117,,151502,
1787558501.993,2026-08-24 08:01:41.994,InnoDB,rwlock: hash0hash.cc:117,,114642,
1787558501.993,2026-08-24 08:01:41.994,InnoDB,rwlock: hash0hash.cc:117,,190086,
1787558501.993,2026-08-24 08:01:41.994,InnoDB,rwlock: hash0hash.cc:117,,190450,
1787558501.993,2026-08-24 08:01:41.994,InnoDB,rwlock: hash0hash.cc:117,,118485,
1787558501.993,2026-08-24 08:01:41.994,InnoDB,rwlock: hash0hash.cc:117,,120209,
1787558501.993,2026-08-24 08:01:41.994,InnoDB,rwlock: hash0hash.cc:117,,117322,
1787558501.993,2026-08-24 08:01:41.994,InnoDB,rwlock: hash0hash.cc:117,,163980,
1787558501.993,2026-08-24 08:01:41.994,InnoDB,rwlock: hash0hash.cc:117,,161721,
1787558501.993,2026-08-24 08:01:41.994,InnoDB,rwlock: hash0hash.cc:117,,115497,
1787558501.993,2026-08-24 08:01:41.994,InnoDB,rwlock: hash0hash.cc:117,,178445,
1787558501.993,2026-08-24 08:01:41.994,InnoDB,rwlock: hash0hash.cc:117,,217771,
1787558501.993,2026-08-24 08:01:41.994,InnoDB,rwlock: hash0hash.cc:117,,117084,
1787558501.993,2026-08-24 08:01:41.994,InnoDB,rwlock: hash0hash.cc:117,,118466,
1787558501.993,2026-08-24 08:01:41.994,InnoDB,rwlock: hash0hash.cc:117,,139794,
1787558501.993,2026-08-24 08:01:41.994,InnoDB,rwlock: hash0hash.cc:117,,185435,
1787558501.993,2026-08-24 08:01:41.994,InnoDB,rwlock: hash0hash.cc:117,,217507,
1787558501.993,2026-08-24 08:01:41.994,InnoDB,rwlock: hash0hash.cc:117,,149694,
1787558501.993,2026-08-24 08:01:41.994,InnoDB,rwlock: hash0hash.cc:117,,225064,
1787558501.993,2026-08-24 08:01:41.994,InnoDB,rwlock: hash0hash.cc:117,,136074,
1787558501.993,2026-08-24 08:01:41.994,InnoDB,rwlock: hash0hash.cc:117,,142304,
1787558501.993,2026-08-24 08:01:41.994,InnoDB,rwlock: hash0hash.cc:117,,138124,
1787558501.993,2026-08-24 08:01:41.994,InnoDB,rwlock: hash0hash.cc:117,,199373,
1787558501.993,2026-08-24 08:01:41.994,InnoDB,rwlock: hash0hash.cc:117,,140550,
1787558501.993,2026-08-24 08:01:41.994,InnoDB,rwlock: hash0hash.cc:117,,186926,
1787558501.993,2026-08-24 08:01:41.994,InnoDB,rwlock: hash0hash.cc:117,,274127,
1787558501.993,2026-08-24 08:01:41.994,InnoDB,rwlock: hash0hash.cc:117,,146536,
1787558501.993,2026-08-24 08:01:41.994,InnoDB,rwlock: hash0hash.cc:117,,211184,
1787558501.993,2026-08-24 08:01:41.994,InnoDB,rwlock: hash0hash.cc:117,,214013,
1787558501.993,2026-08-24 08:01:41.994,InnoDB,rwlock: hash0hash.cc:117,,184110,
1787558501.993,2026-08-24 08:01:41.994,InnoDB,rwlock: hash0hash.cc:117,,144917,
1787558501.993,2026-08-24 08:01:41.994,InnoDB,rwlock: hash0hash.cc:117,,262928,
1787558501.993,2026-08-24 08:01:41.994,InnoDB,rwlock: hash0hash.cc:117,,193152,
1787558501.993,2026-08-24 08:01:41.994,InnoDB,rwlock: hash0hash.cc:117,,143432,
1787558501.993,2026-08-24 08:01:41.994,InnoDB,rwlock: hash0hash.cc:117,,218569,
1787558501.993,2026-08-24 08:01:41.994,InnoDB,rwlock: hash0hash.cc:117,,200947,
1787558501.993,2026-08-24 08:01:41.994,InnoDB,rwlock: hash0hash.cc:117,,178613,
1787558501.993,2026-08-24 08:01:41.994,InnoDB,rwlock: hash0hash.cc:117,,174897,
1787558501.993,2026-08-24 08:01:41.994,InnoDB,rwlock: hash0hash.cc:117,,133746,
1787558501.993,2026-08-24 08:01:41.994,InnoDB,rwlock: hash0hash.cc:117,,205765,
1787558501.993,2026-08-24 08:01:41.994,InnoDB,rwlock: hash0hash.cc:117,,205322,
1787558501.993,2026-08-24 08:01:41.994,InnoDB,rwlock: hash0hash.cc:117,,132889,
1787558501.993,2026-08-24 08:01:41.994,InnoDB,rwlock: hash0hash.cc:117,,131426,
1787558501.993,2026-08-24 08:01:41.994,InnoDB,rwlock: hash0hash.cc:117,,131737,
1787558501.993,2026-08-24 08:01:41.994,InnoDB,rwlock: hash0hash.cc:117,,179357,
1787558501.993,2026-08-24 08:01:41.994,InnoDB,rwlock: hash0hash.cc:117,,134338,
1787558501.993,2026-08-24 08:01:41.994,InnoDB,rwlock: hash0hash.cc:117,,149055,
1787558501.993,2026-08-24 08:01:41.994,InnoDB,rwlock: hash0hash.cc:117,,187832,
1787558501.993,2026-08-24 08:01:41.994,InnoDB,rwlock: hash0hash.cc:117,,208042,
1787558501.993,2026-08-24 08:01:41.994,InnoDB,rwlock: hash0hash.cc:117,,190420,
1787558501.993,2026-08-24 08:01:41.994,InnoDB,rwlock: hash0hash.cc:117,,233255,
1787558501.993,2026-08-24 08:01:41.994,InnoDB,rwlock: hash0hash.cc:117,,273093,
1787558501.993,2026-08-24 08:01:41.994,InnoDB,rwlock: hash0hash.cc:117,,214100,
1787558501.993,2026-08-24 08:01:41.994,InnoDB,rwlock: hash0hash.cc:117,,139934,
1787558501.993,2026-08-24 08:01:41.994,InnoDB,rwlock: hash0hash.cc:117,,215697,
1787558501.993,2026-08-24 08:01:41.994,InnoDB,rwlock: hash0hash.cc:117,,175245,
1787558501.993,2026-08-24 08:01:41.994,InnoDB,rwlock: hash0hash.cc:117,,143530,
1787558501.993,2026-08-24 08:01:41.994,InnoDB,rwlock: hash0hash.cc:117,,139596,
1787558501.993,2026-08-24 08:01:41.994,InnoDB,rwlock: hash0hash.cc:117,,231927,
1787558501.993,2026-08-24 08:01:41.994,InnoDB,rwlock: hash0hash.cc:117,,148700,
1787558501.993,2026-08-24 08:01:41.994,InnoDB,rwlock: hash0hash.cc:117,,137764,
1787558501.993,2026-08-24 08:01:41.994,InnoDB,rwlock: hash0hash.cc:117,,139483,
1787558501.993,2026-08-24 08:01:41.994,InnoDB,sum rwlock: buf0buf.cc:852,,2526966,
1787558521.820,2026-08-24 08:02:01.828,InnoDB,BUF_POOL_LRU_LIST,2714308134,80698655,55943705
1787558521.820,2026-08-24 08:02:01.828,InnoDB,BUF_POOL_LRU_LIST,2520308477,74247014,55635379
1787558521.820,2026-08-24 08:02:01.828,InnoDB,BUF_POOL_LRU_LIST,2398954307,70427135,55078499
1787558521.820,2026-08-24 08:02:01.828,InnoDB,BUF_POOL_LRU_LIST,2246261238,66061541,53019376
1787558521.820,2026-08-24 08:02:01.828,InnoDB,LOG_WRITER,4869951,162236,1411
1787558521.820,2026-08-24 08:02:01.828,InnoDB,FLUSH_LIST,876754,20099,232205
1787558521.820,2026-08-24 08:02:01.828,InnoDB,FLUSH_LIST,857412,19333,249723
1787558521.820,2026-08-24 08:02:01.828,InnoDB,FLUSH_LIST,843065,19145,227062
1787558521.820,2026-08-24 08:02:01.828,InnoDB,FLUSH_LIST,825362,18505,228751
1787558521.820,2026-08-24 08:02:01.828,InnoDB,TRX_SYS,3905552,12048,3004017
1787558521.820,2026-08-24 08:02:01.828,InnoDB,UNDO_SPACE_RSEG,272422,8650,2863
1787558521.820,2026-08-24 08:02:01.828,InnoDB,UNDO_SPACE_RSEG,270607,8633,2848
1787558521.820,2026-08-24 08:02:01.828,InnoDB,UNDO_SPACE_RSEG,268740,8556,2942
1787558521.820,2026-08-24 08:02:01.828,InnoDB,BUF_BLOCK_MUTEX,309217,8552,25219
1787558521.820,2026-08-24 08:02:01.828,InnoDB,UNDO_SPACE_RSEG,267684,8537,2796
1787558521.820,2026-08-24 08:02:01.828,InnoDB,UNDO_SPACE_RSEG,266377,8506,2873
1787558521.820,2026-08-24 08:02:01.828,InnoDB,UNDO_SPACE_RSEG,264515,8414,2961
1787558521.820,2026-08-24 08:02:01.828,InnoDB,UNDO_SPACE_RSEG,261147,8313,2778
1787558521.820,2026-08-24 08:02:01.828,InnoDB,UNDO_SPACE_RSEG,259500,8273,2879
1787558521.820,2026-08-24 08:02:01.828,InnoDB,UNDO_SPACE_RSEG,259281,8236,2881
1787558521.820,2026-08-24 08:02:01.828,InnoDB,UNDO_SPACE_RSEG,257016,8177,2764
1787558521.820,2026-08-24 08:02:01.828,InnoDB,UNDO_SPACE_RSEG,253932,8064,2733
1787558521.820,2026-08-24 08:02:01.828,InnoDB,UNDO_SPACE_RSEG,252528,8043,2712
1787558521.820,2026-08-24 08:02:01.828,InnoDB,UNDO_SPACE_RSEG,252485,8031,2752
1787558521.820,2026-08-24 08:02:01.828,InnoDB,UNDO_SPACE_RSEG,250882,8012,2744
1787558521.820,2026-08-24 08:02:01.828,InnoDB,UNDO_SPACE_RSEG,252227,7994,2749
1787558521.820,2026-08-24 08:02:01.828,InnoDB,UNDO_SPACE_RSEG,250768,7967,2824
1787558521.820,2026-08-24 08:02:01.828,InnoDB,UNDO_SPACE_RSEG,250650,7956,2841
1787558521.820,2026-08-24 08:02:01.828,InnoDB,UNDO_SPACE_RSEG,249047,7949,2746
1787558521.820,2026-08-24 08:02:01.828,InnoDB,UNDO_SPACE_RSEG,249274,7918,2786
1787558521.820,2026-08-24 08:02:01.828,InnoDB,UNDO_SPACE_RSEG,248968,7915,2692
1787558521.820,2026-08-24 08:02:01.828,InnoDB,UNDO_SPACE_RSEG,249465,7894,2843
1787558521.820,2026-08-24 08:02:01.828,InnoDB,UNDO_SPACE_RSEG,248326,7892,2712
1787558521.820,2026-08-24 08:02:01.828,InnoDB,UNDO_SPACE_RSEG,248775,7877,2747
1787558521.820,2026-08-24 08:02:01.828,InnoDB,UNDO_SPACE_RSEG,246577,7859,2920
1787558521.820,2026-08-24 08:02:01.828,InnoDB,UNDO_SPACE_RSEG,247619,7855,2819
1787558521.820,2026-08-24 08:02:01.828,InnoDB,UNDO_SPACE_RSEG,246112,7850,2659
1787558521.820,2026-08-24 08:02:01.828,InnoDB,UNDO_SPACE_RSEG,246467,7842,2794
1787558521.820,2026-08-24 08:02:01.828,InnoDB,UNDO_SPACE_RSEG,246068,7831,2710
1787558521.820,2026-08-24 08:02:01.828,InnoDB,UNDO_SPACE_RSEG,246014,7825,2832
1787558521.820,2026-08-24 08:02:01.828,InnoDB,UNDO_SPACE_RSEG,245506,7808,2836
1787558521.820,2026-08-24 08:02:01.828,InnoDB,UNDO_SPACE_RSEG,244447,7785,2606
1787558521.820,2026-08-24 08:02:01.828,InnoDB,UNDO_SPACE_RSEG,244229,7775,2832
1787558521.820,2026-08-24 08:02:01.828,InnoDB,UNDO_SPACE_RSEG,243718,7756,2593
1787558521.820,2026-08-24 08:02:01.828,InnoDB,UNDO_SPACE_RSEG,244084,7751,2860
1787558521.820,2026-08-24 08:02:01.828,InnoDB,UNDO_SPACE_RSEG,244325,7744,2809
1787558521.820,2026-08-24 08:02:01.828,InnoDB,UNDO_SPACE_RSEG,244492,7743,2666
1787558521.820,2026-08-24 08:02:01.828,InnoDB,UNDO_SPACE_RSEG,243631,7729,2754
1787558521.820,2026-08-24 08:02:01.828,InnoDB,UNDO_SPACE_RSEG,242503,7728,2742
1787558521.820,2026-08-24 08:02:01.828,InnoDB,UNDO_SPACE_RSEG,243230,7719,2707
1787558521.820,2026-08-24 08:02:01.828,InnoDB,UNDO_SPACE_RSEG,242016,7695,2642
1787558521.820,2026-08-24 08:02:01.828,InnoDB,UNDO_SPACE_RSEG,240888,7681,2662
1787558521.820,2026-08-24 08:02:01.828,InnoDB,UNDO_SPACE_RSEG,242463,7672,2714
1787558521.820,2026-08-24 08:02:01.828,InnoDB,UNDO_SPACE_RSEG,240680,7672,2725
1787558521.820,2026-08-24 08:02:01.828,InnoDB,UNDO_SPACE_RSEG,240688,7661,2740
1787558521.820,2026-08-24 08:02:01.828,InnoDB,UNDO_SPACE_RSEG,240622,7639,2711
1787558521.820,2026-08-24 08:02:01.828,InnoDB,UNDO_SPACE_RSEG,240670,7639,2744
1787558521.820,2026-08-24 08:02:01.828,InnoDB,UNDO_SPACE_RSEG,239812,7638,2695
1787558521.820,2026-08-24 08:02:01.828,InnoDB,UNDO_SPACE_RSEG,239368,7632,2661
1787558521.820,2026-08-24 08:02:01.828,InnoDB,UNDO_SPACE_RSEG,239816,7630,2746
1787558521.820,2026-08-24 08:02:01.828,InnoDB,UNDO_SPACE_RSEG,238986,7618,2588
1787558521.820,2026-08-24 08:02:01.828,InnoDB,UNDO_SPACE_RSEG,240658,7618,2723
1787558521.820,2026-08-24 08:02:01.828,InnoDB,UNDO_SPACE_RSEG,239432,7600,2848
1787558521.820,2026-08-24 08:02:01.828,InnoDB,UNDO_SPACE_RSEG,239048,7599,2665
1787558521.820,2026-08-24 08:02:01.828,InnoDB,UNDO_SPACE_RSEG,238847,7580,2770
1787558521.820,2026-08-24 08:02:01.828,InnoDB,UNDO_SPACE_RSEG,237752,7562,2685
1787558521.820,2026-08-24 08:02:01.828,InnoDB,UNDO_SPACE_RSEG,237967,7554,2738
1787558521.820,2026-08-24 08:02:01.828,InnoDB,UNDO_SPACE_RSEG,237654,7554,2681
1787558521.820,2026-08-24 08:02:01.828,InnoDB,UNDO_SPACE_RSEG,238328,7553,2736
1787558521.820,2026-08-24 08:02:01.828,InnoDB,UNDO_SPACE_RSEG,237426,7549,2609
1787558521.820,2026-08-24 08:02:01.828,InnoDB,UNDO_SPACE_RSEG,237669,7542,2664
1787558521.820,2026-08-24 08:02:01.828,InnoDB,UNDO_SPACE_RSEG,236624,7535,2664
1787558521.820,2026-08-24 08:02:01.828,InnoDB,UNDO_SPACE_RSEG,236907,7528,2719
1787558521.820,2026-08-24 08:02:01.828,InnoDB,UNDO_SPACE_RSEG,236423,7527,2614
1787558521.820,2026-08-24 08:02:01.828,InnoDB,UNDO_SPACE_RSEG,237473,7525,2620
1787558521.820,2026-08-24 08:02:01.828,InnoDB,UNDO_SPACE_RSEG,236914,7516,2699
1787558521.820,2026-08-24 08:02:01.828,InnoDB,UNDO_SPACE_RSEG,236812,7513,2797
1787558521.820,2026-08-24 08:02:01.828,InnoDB,UNDO_SPACE_RSEG,236107,7512,2579
1787558521.820,2026-08-24 08:02:01.828,InnoDB,UNDO_SPACE_RSEG,236588,7507,2704
1787558521.820,2026-08-24 08:02:01.828,InnoDB,UNDO_SPACE_RSEG,236385,7500,2663
1787558521.820,2026-08-24 08:02:01.828,InnoDB,UNDO_SPACE_RSEG,237064,7499,2746
1787558521.820,2026-08-24 08:02:01.828,InnoDB,UNDO_SPACE_RSEG,235460,7470,2683
1787558521.820,2026-08-24 08:02:01.828,InnoDB,UNDO_SPACE_RSEG,233599,7460,2667
1787558521.820,2026-08-24 08:02:01.828,InnoDB,UNDO_SPACE_RSEG,234119,7445,2588
1787558521.820,2026-08-24 08:02:01.828,InnoDB,UNDO_SPACE_RSEG,233898,7444,2678
1787558521.820,2026-08-24 08:02:01.828,InnoDB,UNDO_SPACE_RSEG,233821,7417,2729
1787558521.820,2026-08-24 08:02:01.828,InnoDB,UNDO_SPACE_RSEG,233381,7411,2635
1787558521.820,2026-08-24 08:02:01.828,InnoDB,UNDO_SPACE_RSEG,233682,7398,2678
1787558521.820,2026-08-24 08:02:01.828,InnoDB,UNDO_SPACE_RSEG,232332,7394,2589
1787558521.820,2026-08-24 08:02:01.828,InnoDB,UNDO_SPACE_RSEG,231806,7386,2630
1787558521.820,2026-08-24 08:02:01.828,InnoDB,UNDO_SPACE_RSEG,232606,7381,2787
1787558521.820,2026-08-24 08:02:01.828,InnoDB,UNDO_SPACE_RSEG,232240,7366,2654
1787558521.820,2026-08-24 08:02:01.828,InnoDB,UNDO_SPACE_RSEG,231698,7363,2549
1787558521.820,2026-08-24 08:02:01.828,InnoDB,UNDO_SPACE_RSEG,231907,7360,2621
1787558521.820,2026-08-24 08:02:01.828,InnoDB,UNDO_SPACE_RSEG,230974,7338,2718
1787558521.820,2026-08-24 08:02:01.828,InnoDB,UNDO_SPACE_RSEG,230833,7332,2644
1787558521.820,2026-08-24 08:02:01.828,InnoDB,UNDO_SPACE_RSEG,230007,7325,2630
1787558521.820,2026-08-24 08:02:01.828,InnoDB,UNDO_SPACE_RSEG,230494,7314,2634
1787558521.820,2026-08-24 08:02:01.828,InnoDB,UNDO_SPACE_RSEG,229458,7296,2651
1787558521.820,2026-08-24 08:02:01.828,InnoDB,UNDO_SPACE_RSEG,228461,7292,2601
1787558521.820,2026-08-24 08:02:01.828,InnoDB,UNDO_SPACE_RSEG,228888,7271,2587
1787558521.820,2026-08-24 08:02:01.828,InnoDB,UNDO_SPACE_RSEG,228913,7270,2728
1787558521.820,2026-08-24 08:02:01.828,InnoDB,UNDO_SPACE_RSEG,228566,7245,2634
1787558521.820,2026-08-24 08:02:01.828,InnoDB,UNDO_SPACE_RSEG,228457,7243,2586
1787558521.820,2026-08-24 08:02:01.828,InnoDB,UNDO_SPACE_RSEG,227674,7242,2621
1787558521.820,2026-08-24 08:02:01.828,InnoDB,UNDO_SPACE_RSEG,227140,7221,2513
1787558521.820,2026-08-24 08:02:01.828,InnoDB,UNDO_SPACE_RSEG,226837,7216,2621
1787558521.820,2026-08-24 08:02:01.828,InnoDB,UNDO_SPACE_RSEG,226838,7199,2730
1787558521.820,2026-08-24 08:02:01.828,InnoDB,UNDO_SPACE_RSEG,227651,7198,2665
1787558521.820,2026-08-24 08:02:01.828,InnoDB,UNDO_SPACE_RSEG,227068,7189,2654
1787558521.820,2026-08-24 08:02:01.828,InnoDB,UNDO_SPACE_RSEG,225595,7185,2619
1787558521.820,2026-08-24 08:02:01.828,InnoDB,UNDO_SPACE_RSEG,225547,7172,2585
1787558521.820,2026-08-24 08:02:01.828,InnoDB,UNDO_SPACE_RSEG,225094,7148,2629
1787558521.820,2026-08-24 08:02:01.828,InnoDB,UNDO_SPACE_RSEG,224948,7138,2604
1787558521.820,2026-08-24 08:02:01.828,InnoDB,UNDO_SPACE_RSEG,224342,7136,2560
1787558521.820,2026-08-24 08:02:01.828,InnoDB,UNDO_SPACE_RSEG,224857,7122,2663
1787558521.820,2026-08-24 08:02:01.828,InnoDB,UNDO_SPACE_RSEG,224538,7106,2645
1787558521.820,2026-08-24 08:02:01.828,InnoDB,UNDO_SPACE_RSEG,223126,7102,2611
1787558521.820,2026-08-24 08:02:01.828,InnoDB,UNDO_SPACE_RSEG,222716,7097,2664
1787558521.820,2026-08-24 08:02:01.828,InnoDB,UNDO_SPACE_RSEG,223207,7082,2561
1787558521.820,2026-08-24 08:02:01.828,InnoDB,UNDO_SPACE_RSEG,221656,7064,2640
1787558521.820,2026-08-24 08:02:01.828,InnoDB,UNDO_SPACE_RSEG,222739,7044,2633
1787558521.820,2026-08-24 08:02:01.828,InnoDB,UNDO_SPACE_RSEG,220722,7001,2567
1787558521.820,2026-08-24 08:02:01.828,InnoDB,UNDO_SPACE_RSEG,219350,6955,2641
1787558521.820,2026-08-24 08:02:01.828,InnoDB,UNDO_SPACE_RSEG,219522,6955,2643
1787558521.820,2026-08-24 08:02:01.828,InnoDB,UNDO_SPACE_RSEG,217997,6944,2494
1787558521.820,2026-08-24 08:02:01.828,InnoDB,UNDO_SPACE_RSEG,219386,6933,2585
1787558521.820,2026-08-24 08:02:01.828,InnoDB,UNDO_SPACE_RSEG,216630,6920,2423
1787558521.820,2026-08-24 08:02:01.828,InnoDB,UNDO_SPACE_RSEG,218040,6894,2590
1787558521.820,2026-08-24 08:02:01.828,InnoDB,UNDO_SPACE_RSEG,216092,6868,2642
1787558521.820,2026-08-24 08:02:01.828,InnoDB,UNDO_SPACE_RSEG,216986,6866,2687
1787558521.820,2026-08-24 08:02:01.828,InnoDB,UNDO_SPACE_RSEG,216232,6852,2643
1787558521.820,2026-08-24 08:02:01.828,InnoDB,UNDO_SPACE_RSEG,215106,6819,2606
1787558521.820,2026-08-24 08:02:01.828,InnoDB,UNDO_SPACE_RSEG,214386,6802,2636
1787558521.820,2026-08-24 08:02:01.828,InnoDB,UNDO_SPACE_RSEG,211899,6703,2605
1787558521.820,2026-08-24 08:02:01.828,InnoDB,UNDO_SPACE_RSEG,211050,6694,2465
1787558521.820,2026-08-24 08:02:01.828,InnoDB,UNDO_SPACE_RSEG,208309,6631,2579
1787558521.820,2026-08-24 08:02:01.828,InnoDB,UNDO_SPACE_RSEG,209554,6600,2570
1787558521.820,2026-08-24 08:02:01.828,InnoDB,UNDO_SPACE_RSEG,207109,6554,2557
1787558521.820,2026-08-24 08:02:01.828,InnoDB,SRV_SYS,1439895,4785,686797
1787558521.820,2026-08-24 08:02:01.828,InnoDB,BUF_POOL_FREE_LIST,2717455,3686,2327909
1787558521.820,2026-08-24 08:02:01.828,InnoDB,BUF_POOL_FREE_LIST,2623925,3312,2257947
1787558521.820,2026-08-24 08:02:01.828,InnoDB,BUF_POOL_FREE_LIST,2263618,2961,1998693
1787558521.820,2026-08-24 08:02:01.828,InnoDB,BUF_POOL_FREE_LIST,2300069,2885,2100995
1787558521.820,2026-08-24 08:02:01.828,InnoDB,TRX_SYS_SERIALISATION,268679,1883,186609
1787558521.820,2026-08-24 08:02:01.828,InnoDB,BUF_POOL_FLUSH_STATE,929162,1830,634212
1787558521.820,2026-08-24 08:02:01.828,InnoDB,BUF_POOL_FLUSH_STATE,888513,1596,607654
1787558521.820,2026-08-24 08:02:01.828,InnoDB,BUF_POOL_FLUSH_STATE,896187,1578,612546
1787558521.820,2026-08-24 08:02:01.828,InnoDB,BUF_POOL_FLUSH_STATE,871991,1562,594422
1787558521.820,2026-08-24 08:02:01.828,InnoDB,FIL_SHARD,588156,793,567928
1787558521.820,2026-08-24 08:02:01.828,InnoDB,DICT_SYS,15076948,786,9713600
1787558521.820,2026-08-24 08:02:01.828,InnoDB,FIL_SHARD,592228,738,580037
1787558521.820,2026-08-24 08:02:01.828,InnoDB,FIL_SHARD,588111,734,578145
1787558521.820,2026-08-24 08:02:01.828,InnoDB,FIL_SHARD,602006,711,626505
1787558521.820,2026-08-24 08:02:01.828,InnoDB,FIL_SHARD,546809,710,545241
1787558521.820,2026-08-24 08:02:01.828,InnoDB,FIL_SHARD,581678,699,575027
1787558521.820,2026-08-24 08:02:01.828,InnoDB,FIL_SHARD,559214,673,554383
1787558521.820,2026-08-24 08:02:01.828,InnoDB,FIL_SHARD,579245,656,575321
1787558521.820,2026-08-24 08:02:01.828,InnoDB,LOG_FILES,25325,653,935
1787558521.820,2026-08-24 08:02:01.828,InnoDB,FIL_SHARD,574642,652,571737
1787558521.820,2026-08-24 08:02:01.828,InnoDB,FIL_SHARD,550657,650,548772
1787558521.820,2026-08-24 08:02:01.828,InnoDB,FIL_SHARD,569009,647,562194
1787558521.820,2026-08-24 08:02:01.828,InnoDB,LOG_FLUSHER,25224,644,1125
1787558521.820,2026-08-24 08:02:01.828,InnoDB,FIL_SHARD,532974,640,533957
1787558521.820,2026-08-24 08:02:01.828,InnoDB,FIL_SHARD,549785,624,548736
1787558521.820,2026-08-24 08:02:01.828,InnoDB,FIL_SHARD,550549,621,547058
1787558521.820,2026-08-24 08:02:01.828,InnoDB,FIL_SHARD,581101,610,575317
1787558521.820,2026-08-24 08:02:01.828,InnoDB,FIL_SHARD,571040,603,600649
1787558521.820,2026-08-24 08:02:01.828,InnoDB,FIL_SHARD,564764,579,598250
1787558521.820,2026-08-24 08:02:01.828,InnoDB,FIL_SHARD,578201,571,609750
1787558521.820,2026-08-24 08:02:01.828,InnoDB,FIL_SHARD,554674,570,554836
1787558521.820,2026-08-24 08:02:01.828,InnoDB,FIL_SHARD,572132,567,569419
1787558521.820,2026-08-24 08:02:01.828,InnoDB,DICT_PERSIST_DIRTY_TABLES,1196582,426,494943
1787558521.820,2026-08-24 08:02:01.828,InnoDB,PAGE_CLEANER,194081,380,134966
1787558521.820,2026-08-24 08:02:01.828,InnoDB,PURGE_SYS_PQ,366472,329,318239
1787558521.820,2026-08-24 08:02:01.828,InnoDB,UNDO_SPACE_RSEG,10114,313,337
1787558521.820,2026-08-24 08:02:01.828,InnoDB,UNDO_SPACE_RSEG,10006,307,314
1787558521.820,2026-08-24 08:02:01.828,InnoDB,UNDO_SPACE_RSEG,9878,303,331
1787558521.820,2026-08-24 08:02:01.828,InnoDB,UNDO_SPACE_RSEG,9405,291,332
1787558521.820,2026-08-24 08:02:01.828,InnoDB,UNDO_SPACE_RSEG,9185,281,349
1787558521.820,2026-08-24 08:02:01.828,InnoDB,UNDO_SPACE_RSEG,8941,273,353
1787558521.820,2026-08-24 08:02:01.828,InnoDB,UNDO_SPACE_RSEG,8559,262,316
1787558521.820,2026-08-24 08:02:01.828,InnoDB,UNDO_SPACE_RSEG,8437,257,298
1787558521.820,2026-08-24 08:02:01.828,InnoDB,UNDO_SPACE_RSEG,8456,255,312
1787558521.820,2026-08-24 08:02:01.828,InnoDB,UNDO_SPACE_RSEG,8243,252,295
1787558521.820,2026-08-24 08:02:01.828,InnoDB,UNDO_SPACE_RSEG,8232,250,286
1787558521.820,2026-08-24 08:02:01.828,InnoDB,UNDO_SPACE_RSEG,8171,250,294
1787558521.820,2026-08-24 08:02:01.828,InnoDB,UNDO_SPACE_RSEG,8080,247,285
1787558521.820,2026-08-24 08:02:01.828,InnoDB,UNDO_SPACE_RSEG,8094,246,320
1787558521.820,2026-08-24 08:02:01.828,InnoDB,UNDO_SPACE_RSEG,8138,244,331
1787558521.820,2026-08-24 08:02:01.828,InnoDB,UNDO_SPACE_RSEG,7910,243,300
1787558521.820,2026-08-24 08:02:01.828,InnoDB,UNDO_SPACE_RSEG,8007,243,323
1787558521.820,2026-08-24 08:02:01.828,InnoDB,UNDO_SPACE_RSEG,8042,243,303
1787558521.820,2026-08-24 08:02:01.828,InnoDB,UNDO_SPACE_RSEG,7982,242,311
1787558521.820,2026-08-24 08:02:01.828,InnoDB,UNDO_SPACE_RSEG,7730,236,286
1787558521.820,2026-08-24 08:02:01.828,InnoDB,UNDO_SPACE_RSEG,7718,232,306
1787558521.820,2026-08-24 08:02:01.828,InnoDB,UNDO_SPACE_RSEG,7518,229,335
1787558521.820,2026-08-24 08:02:01.828,InnoDB,UNDO_SPACE_RSEG,7389,225,305
1787558521.820,2026-08-24 08:02:01.828,InnoDB,UNDO_SPACE_RSEG,7391,225,344
1787558521.820,2026-08-24 08:02:01.828,InnoDB,UNDO_SPACE_RSEG,7396,225,306
1787558521.820,2026-08-24 08:02:01.828,InnoDB,UNDO_SPACE_RSEG,7329,221,296
1787558521.820,2026-08-24 08:02:01.828,InnoDB,UNDO_SPACE_RSEG,7388,221,312
1787558521.820,2026-08-24 08:02:01.828,InnoDB,UNDO_SPACE_RSEG,7146,220,289
1787558521.820,2026-08-24 08:02:01.828,InnoDB,UNDO_SPACE_RSEG,7138,216,277
1787558521.820,2026-08-24 08:02:01.828,InnoDB,UNDO_SPACE_RSEG,7107,214,278
1787558521.820,2026-08-24 08:02:01.828,InnoDB,UNDO_SPACE_RSEG,7448,214,321
1787558521.820,2026-08-24 08:02:01.828,InnoDB,UNDO_SPACE_RSEG,7118,212,306
1787558521.820,2026-08-24 08:02:01.828,InnoDB,UNDO_SPACE_RSEG,6910,210,289
1787558521.820,2026-08-24 08:02:01.828,InnoDB,UNDO_SPACE_RSEG,6875,208,295
1787558521.820,2026-08-24 08:02:01.828,InnoDB,UNDO_SPACE_RSEG,7018,208,285
1787558521.820,2026-08-24 08:02:01.828,InnoDB,UNDO_SPACE_RSEG,6858,207,294
1787558521.820,2026-08-24 08:02:01.828,InnoDB,UNDO_SPACE_RSEG,6895,207,300
1787558521.820,2026-08-24 08:02:01.828,InnoDB,UNDO_SPACE_RSEG,6808,206,312
1787558521.820,2026-08-24 08:02:01.828,InnoDB,UNDO_SPACE_RSEG,6806,206,302
1787558521.820,2026-08-24 08:02:01.828,InnoDB,UNDO_SPACE_RSEG,7000,205,302
1787558521.820,2026-08-24 08:02:01.828,InnoDB,UNDO_SPACE_RSEG,6973,205,305
1787558521.820,2026-08-24 08:02:01.828,InnoDB,UNDO_SPACE_RSEG,6708,205,293
1787558521.820,2026-08-24 08:02:01.828,InnoDB,UNDO_SPACE_RSEG,6655,204,298
1787558521.820,2026-08-24 08:02:01.828,InnoDB,UNDO_SPACE_RSEG,6711,204,318
1787558521.820,2026-08-24 08:02:01.828,InnoDB,UNDO_SPACE_RSEG,6663,203,272
1787558521.820,2026-08-24 08:02:01.828,InnoDB,UNDO_SPACE_RSEG,6800,202,273
1787558521.820,2026-08-24 08:02:01.828,InnoDB,UNDO_SPACE_RSEG,6700,201,296
1787558521.820,2026-08-24 08:02:01.828,InnoDB,UNDO_SPACE_RSEG,6640,201,261
1787558521.820,2026-08-24 08:02:01.828,InnoDB,UNDO_SPACE_RSEG,6718,200,276
1787558521.820,2026-08-24 08:02:01.828,InnoDB,UNDO_SPACE_RSEG,6559,200,265
1787558521.820,2026-08-24 08:02:01.828,InnoDB,UNDO_SPACE_RSEG,6623,199,314
1787558521.820,2026-08-24 08:02:01.828,InnoDB,UNDO_SPACE_RSEG,6588,197,314
1787558521.820,2026-08-24 08:02:01.828,InnoDB,UNDO_SPACE_RSEG,6535,197,304
1787558521.820,2026-08-24 08:02:01.828,InnoDB,UNDO_SPACE_RSEG,6500,196,280
1787558521.820,2026-08-24 08:02:01.828,InnoDB,UNDO_SPACE_RSEG,6455,196,300
1787558521.820,2026-08-24 08:02:01.828,InnoDB,UNDO_SPACE_RSEG,6652,196,284
1787558521.820,2026-08-24 08:02:01.828,InnoDB,UNDO_SPACE_RSEG,6451,195,281
1787558521.820,2026-08-24 08:02:01.828,InnoDB,UNDO_SPACE_RSEG,6516,195,289
1787558521.820,2026-08-24 08:02:01.828,InnoDB,UNDO_SPACE_RSEG,6476,195,266
1787558521.820,2026-08-24 08:02:01.828,InnoDB,UNDO_SPACE_RSEG,6469,193,296
1787558521.820,2026-08-24 08:02:01.828,InnoDB,UNDO_SPACE_RSEG,6463,193,279
1787558521.820,2026-08-24 08:02:01.828,InnoDB,UNDO_SPACE_RSEG,6275,191,280
1787558521.820,2026-08-24 08:02:01.828,InnoDB,UNDO_SPACE_RSEG,6288,191,305
1787558521.820,2026-08-24 08:02:01.828,InnoDB,UNDO_SPACE_RSEG,6366,190,261
1787558521.820,2026-08-24 08:02:01.828,InnoDB,UNDO_SPACE_RSEG,6306,190,267
1787558521.820,2026-08-24 08:02:01.828,InnoDB,UNDO_SPACE_RSEG,6169,190,275
1787558521.820,2026-08-24 08:02:01.828,InnoDB,UNDO_SPACE_RSEG,6172,189,267
1787558521.820,2026-08-24 08:02:01.828,InnoDB,UNDO_SPACE_RSEG,6315,189,291
1787558521.820,2026-08-24 08:02:01.828,InnoDB,UNDO_SPACE_RSEG,6248,188,294
1787558521.820,2026-08-24 08:02:01.828,InnoDB,UNDO_SPACE_RSEG,6323,186,278
1787558521.820,2026-08-24 08:02:01.828,InnoDB,UNDO_SPACE_RSEG,6307,185,294
1787558521.820,2026-08-24 08:02:01.828,InnoDB,UNDO_SPACE_RSEG,6183,185,276
1787558521.820,2026-08-24 08:02:01.828,InnoDB,UNDO_SPACE_RSEG,6098,185,254
1787558521.820,2026-08-24 08:02:01.828,InnoDB,UNDO_SPACE_RSEG,6073,184,281
1787558521.820,2026-08-24 08:02:01.828,InnoDB,UNDO_SPACE_RSEG,6060,182,262
1787558521.820,2026-08-24 08:02:01.828,InnoDB,UNDO_SPACE_RSEG,5973,181,289
1787558521.820,2026-08-24 08:02:01.828,InnoDB,UNDO_SPACE_RSEG,6024,179,277
1787558521.820,2026-08-24 08:02:01.828,InnoDB,UNDO_SPACE_RSEG,5897,179,268
1787558521.820,2026-08-24 08:02:01.828,InnoDB,UNDO_SPACE_RSEG,5999,179,296
1787558521.820,2026-08-24 08:02:01.828,InnoDB,UNDO_SPACE_RSEG,5940,179,247
1787558521.820,2026-08-24 08:02:01.828,InnoDB,UNDO_SPACE_RSEG,5984,179,284
1787558521.820,2026-08-24 08:02:01.828,InnoDB,UNDO_SPACE_RSEG,5947,177,277
1787558521.820,2026-08-24 08:02:01.828,InnoDB,UNDO_SPACE_RSEG,6040,176,284
1787558521.820,2026-08-24 08:02:01.828,InnoDB,UNDO_SPACE_RSEG,5638,175,269
1787558521.820,2026-08-24 08:02:01.828,InnoDB,UNDO_SPACE_RSEG,5752,175,270
1787558521.820,2026-08-24 08:02:01.828,InnoDB,UNDO_SPACE_RSEG,5862,174,302
1787558521.820,2026-08-24 08:02:01.828,InnoDB,UNDO_SPACE_RSEG,5835,174,302
1787558521.820,2026-08-24 08:02:01.828,InnoDB,UNDO_SPACE_RSEG,5785,172,303
1787558521.820,2026-08-24 08:02:01.828,InnoDB,UNDO_SPACE_RSEG,5846,172,298
1787558521.820,2026-08-24 08:02:01.828,InnoDB,UNDO_SPACE_RSEG,5771,172,259
1787558521.820,2026-08-24 08:02:01.828,InnoDB,UNDO_SPACE_RSEG,5717,170,288
1787558521.820,2026-08-24 08:02:01.828,InnoDB,UNDO_SPACE_RSEG,5791,170,276
1787558521.820,2026-08-24 08:02:01.828,InnoDB,UNDO_SPACE_RSEG,5694,169,265
1787558521.820,2026-08-24 08:02:01.828,InnoDB,UNDO_SPACE_RSEG,5706,169,266
1787558521.820,2026-08-24 08:02:01.828,InnoDB,UNDO_SPACE_RSEG,5736,168,280
1787558521.820,2026-08-24 08:02:01.828,InnoDB,UNDO_SPACE_RSEG,5646,168,281
1787558521.820,2026-08-24 08:02:01.828,InnoDB,IBUF_BITMAP,24755,165,15973
1787558521.820,2026-08-24 08:02:01.828,InnoDB,UNDO_SPACE_RSEG,5490,165,256
1787558521.820,2026-08-24 08:02:01.828,InnoDB,UNDO_SPACE_RSEG,5480,165,286
1787558521.820,2026-08-24 08:02:01.828,InnoDB,UNDO_SPACE_RSEG,5509,164,297
1787558521.820,2026-08-24 08:02:01.828,InnoDB,UNDO_SPACE_RSEG,5418,161,274
1787558521.820,2026-08-24 08:02:01.828,InnoDB,UNDO_SPACE_RSEG,5396,160,253
1787558521.820,2026-08-24 08:02:01.828,InnoDB,UNDO_SPACE_RSEG,5291,160,257
1787558521.820,2026-08-24 08:02:01.828,InnoDB,UNDO_SPACE_RSEG,5429,160,267
1787558521.820,2026-08-24 08:02:01.828,InnoDB,UNDO_SPACE_RSEG,5270,159,276
1787558521.820,2026-08-24 08:02:01.828,InnoDB,UNDO_SPACE_RSEG,5298,158,283
1787558521.820,2026-08-24 08:02:01.828,InnoDB,UNDO_SPACE_RSEG,5267,157,271
1787558521.820,2026-08-24 08:02:01.828,InnoDB,UNDO_SPACE_RSEG,5121,156,271
1787558521.820,2026-08-24 08:02:01.828,InnoDB,UNDO_SPACE_RSEG,5162,154,267
1787558521.820,2026-08-24 08:02:01.828,InnoDB,UNDO_SPACE_RSEG,5126,154,269
1787558521.820,2026-08-24 08:02:01.828,InnoDB,UNDO_SPACE_RSEG,5088,154,278
1787558521.820,2026-08-24 08:02:01.828,InnoDB,UNDO_SPACE_RSEG,5194,152,265
1787558521.820,2026-08-24 08:02:01.828,InnoDB,UNDO_SPACE_RSEG,5075,152,265
1787558521.820,2026-08-24 08:02:01.828,InnoDB,UNDO_SPACE_RSEG,5175,151,274
1787558521.820,2026-08-24 08:02:01.828,InnoDB,UNDO_SPACE_RSEG,5049,150,282
1787558521.820,2026-08-24 08:02:01.828,InnoDB,UNDO_SPACE_RSEG,4999,150,248
1787558521.820,2026-08-24 08:02:01.828,InnoDB,UNDO_SPACE_RSEG,5170,149,286
1787558521.820,2026-08-24 08:02:01.828,InnoDB,UNDO_SPACE_RSEG,4989,149,233
1787558521.820,2026-08-24 08:02:01.828,InnoDB,UNDO_SPACE_RSEG,4763,142,262
1787558521.820,2026-08-24 08:02:01.828,InnoDB,UNDO_SPACE_RSEG,4763,142,265
1787558521.820,2026-08-24 08:02:01.828,InnoDB,UNDO_SPACE_RSEG,4732,140,271
1787558521.820,2026-08-24 08:02:01.828,InnoDB,UNDO_SPACE_RSEG,4825,140,275
1787558521.820,2026-08-24 08:02:01.828,InnoDB,UNDO_SPACE_RSEG,4826,139,267
1787558521.820,2026-08-24 08:02:01.828,InnoDB,UNDO_SPACE_RSEG,4692,137,258
1787558521.820,2026-08-24 08:02:01.828,InnoDB,UNDO_SPACE_RSEG,4686,136,261
1787558521.820,2026-08-24 08:02:01.828,InnoDB,UNDO_SPACE_RSEG,4688,136,256
1787558521.820,2026-08-24 08:02:01.828,InnoDB,UNDO_SPACE_RSEG,4293,127,252
1787558521.820,2026-08-24 08:02:01.828,InnoDB,UNDO_SPACE_RSEG,4102,119,229
1787558521.820,2026-08-24 08:02:01.828,InnoDB,UNDO_SPACE_RSEG,3543,106,232
1787558521.820,2026-08-24 08:02:01.828,InnoDB,FIL_SHARD,17600,61,17755
1787558521.820,2026-08-24 08:02:01.828,InnoDB,TRX,424264,34,617332
1787558521.820,2026-08-24 08:02:01.828,InnoDB,LOCK_SYS_TABLE,11158,33,9319
1787558521.820,2026-08-24 08:02:01.828,InnoDB,LOCK_SYS_TABLE,11418,29,9949
1787558521.820,2026-08-24 08:02:01.828,InnoDB,DICT_TABLE_STATS_COMPUTE,840,28,7
1787558521.820,2026-08-24 08:02:01.828,InnoDB,LOCK_SYS_TABLE,10634,27,9000
1787558521.820,2026-08-24 08:02:01.828,InnoDB,LOCK_SYS_TABLE,11458,25,10126
1787558521.820,2026-08-24 08:02:01.828,InnoDB,LOCK_SYS_TABLE,11567,25,10032
1787558521.820,2026-08-24 08:02:01.828,InnoDB,LOCK_SYS_TABLE,11128,25,9467
1787558521.820,2026-08-24 08:02:01.828,InnoDB,LOCK_SYS_TABLE,11022,24,9450
1787558521.820,2026-08-24 08:02:01.828,InnoDB,LOCK_SYS_TABLE,10648,22,9205
1787558521.820,2026-08-24 08:02:01.828,InnoDB,DICT_TABLE_STATS_COMPUTE,660,22,7
1787558521.820,2026-08-24 08:02:01.828,InnoDB,LOCK_SYS_TABLE,11381,21,9713
1787558521.820,2026-08-24 08:02:01.828,InnoDB,LOCK_SYS_TABLE,11076,21,9937
1787558521.820,2026-08-24 08:02:01.828,InnoDB,LOCK_SYS_TABLE,10831,20,10039
1787558521.820,2026-08-24 08:02:01.828,InnoDB,TRX_POOL,623,19,42
1787558521.820,2026-08-24 08:02:01.828,InnoDB,LOCK_SYS_TABLE,10890,19,10101
1787558521.820,2026-08-24 08:02:01.828,InnoDB,LOCK_SYS_TABLE,10940,19,9881
1787558521.820,2026-08-24 08:02:01.828,InnoDB,LOCK_SYS_TABLE,11456,18,9743
1787558521.820,2026-08-24 08:02:01.828,InnoDB,LOCK_SYS_TABLE,10762,17,10077
1787558521.820,2026-08-24 08:02:01.828,InnoDB,LOCK_SYS_TABLE,10496,16,9392
1787558521.820,2026-08-24 08:02:01.828,InnoDB,LOCK_SYS_TABLE,10363,15,9039
1787558521.820,2026-08-24 08:02:01.828,InnoDB,LOCK_SYS_TABLE,11245,13,10207
1787558521.820,2026-08-24 08:02:01.828,InnoDB,SRV_SYS_TASKS,371227,13,372630
1787558521.820,2026-08-24 08:02:01.828,InnoDB,LOCK_SYS_TABLE,10254,12,9105
1787558521.820,2026-08-24 08:02:01.828,InnoDB,LOCK_SYS_TABLE,10148,10,9051
1787558521.820,2026-08-24 08:02:01.828,InnoDB,FIL_SHARD,6575,5,8611
1787558521.820,2026-08-24 08:02:01.828,InnoDB,LOCK_SYS_PAGE,336,4,232
1787558521.820,2026-08-24 08:02:01.828,InnoDB,LOCK_SYS_PAGE,281,4,173
1787558521.820,2026-08-24 08:02:01.828,InnoDB,LOCK_SYS_PAGE,300,4,196
1787558521.820,2026-08-24 08:02:01.828,InnoDB,LOCK_SYS_PAGE,320,3,197
1787558521.820,2026-08-24 08:02:01.828,InnoDB,LOCK_SYS_PAGE,315,3,223
1787558521.820,2026-08-24 08:02:01.828,InnoDB,LOCK_SYS_PAGE,299,3,198
1787558521.820,2026-08-24 08:02:01.828,InnoDB,LOCK_SYS_PAGE,409,3,205
1787558521.820,2026-08-24 08:02:01.828,InnoDB,LOCK_SYS_PAGE,306,3,168
1787558521.820,2026-08-24 08:02:01.828,InnoDB,LOCK_SYS_PAGE,251,3,154
1787558521.820,2026-08-24 08:02:01.828,InnoDB,LOCK_SYS_PAGE,416,3,210
1787558521.820,2026-08-24 08:02:01.828,InnoDB,LOCK_SYS_PAGE,280,3,181
1787558521.820,2026-08-24 08:02:01.828,InnoDB,DICT_TABLE_STATS_COMPUTE,90,3,2
1787558521.820,2026-08-24 08:02:01.828,InnoDB,LOCK_SYS_PAGE,261,3,165
1787558521.820,2026-08-24 08:02:01.828,InnoDB,LOCK_SYS_PAGE,303,3,189
1787558521.820,2026-08-24 08:02:01.828,InnoDB,LOCK_SYS_PAGE,247,3,159
1787558521.820,2026-08-24 08:02:01.828,InnoDB,LOCK_SYS_PAGE,257,2,197
1787558521.820,2026-08-24 08:02:01.828,InnoDB,LOCK_SYS_PAGE,293,2,198
1787558521.820,2026-08-24 08:02:01.828,InnoDB,LOCK_SYS_PAGE,241,2,157
1787558521.820,2026-08-24 08:02:01.828,InnoDB,LOCK_SYS_PAGE,284,2,184
1787558521.820,2026-08-24 08:02:01.828,InnoDB,LOCK_SYS_PAGE,246,2,169
1787558521.820,2026-08-24 08:02:01.828,InnoDB,LOCK_SYS_PAGE,242,2,190
1787558521.820,2026-08-24 08:02:01.828,InnoDB,LOCK_SYS_PAGE,292,2,197
1787558521.820,2026-08-24 08:02:01.828,InnoDB,LOCK_SYS_PAGE,265,2,217
1787558521.820,2026-08-24 08:02:01.828,InnoDB,LOCK_SYS_PAGE,288,2,191
1787558521.820,2026-08-24 08:02:01.828,InnoDB,LOCK_SYS_PAGE,247,2,170
1787558521.820,2026-08-24 08:02:01.828,InnoDB,LOCK_SYS_WAIT,106,2,5
1787558521.820,2026-08-24 08:02:01.828,InnoDB,LOCK_SYS_PAGE,279,2,176
1787558521.820,2026-08-24 08:02:01.828,InnoDB,LOCK_SYS_PAGE,336,2,215
1787558521.820,2026-08-24 08:02:01.828,InnoDB,LOCK_SYS_PAGE,439,2,205
1787558521.820,2026-08-24 08:02:01.828,InnoDB,LOCK_SYS_PAGE,244,2,166
1787558521.820,2026-08-24 08:02:01.828,InnoDB,LOCK_SYS_PAGE,307,2,205
1787558521.820,2026-08-24 08:02:01.828,InnoDB,LOCK_SYS_PAGE,248,2,162
1787558521.820,2026-08-24 08:02:01.828,InnoDB,LOCK_SYS_PAGE,271,2,200
1787558521.820,2026-08-24 08:02:01.828,InnoDB,LOCK_SYS_PAGE,327,2,194
1787558521.820,2026-08-24 08:02:01.828,InnoDB,LOCK_SYS_PAGE,229,2,157
1787558521.820,2026-08-24 08:02:01.828,InnoDB,LOCK_SYS_PAGE,267,2,218
1787558521.820,2026-08-24 08:02:01.828,InnoDB,LOCK_SYS_PAGE,265,2,191
1787558521.820,2026-08-24 08:02:01.828,InnoDB,LOCK_SYS_PAGE,333,2,194
1787558521.820,2026-08-24 08:02:01.828,InnoDB,LOCK_SYS_PAGE,298,2,233
1787558521.820,2026-08-24 08:02:01.828,InnoDB,LOCK_SYS_PAGE,248,2,177
1787558521.820,2026-08-24 08:02:01.828,InnoDB,LOCK_SYS_PAGE,475,2,240
1787558521.820,2026-08-24 08:02:01.828,InnoDB,LOCK_SYS_PAGE,213,2,162
1787558521.820,2026-08-24 08:02:01.828,InnoDB,LOCK_SYS_PAGE,271,2,184
1787558521.820,2026-08-24 08:02:01.828,InnoDB,LOCK_SYS_PAGE,312,2,206
1787558521.820,2026-08-24 08:02:01.828,InnoDB,LOCK_SYS_PAGE,291,2,240
1787558521.820,2026-08-24 08:02:01.828,InnoDB,LOCK_SYS_PAGE,288,2,162
1787558521.820,2026-08-24 08:02:01.828,InnoDB,LOCK_SYS_PAGE,288,2,201
1787558521.820,2026-08-24 08:02:01.828,InnoDB,LOCK_SYS_PAGE,225,2,172
1787558521.820,2026-08-24 08:02:01.828,InnoDB,LOCK_SYS_PAGE,245,2,142
1787558521.820,2026-08-24 08:02:01.828,InnoDB,LOCK_SYS_PAGE,264,2,189
1787558521.820,2026-08-24 08:02:01.828,InnoDB,LOCK_SYS_PAGE,287,2,186
1787558521.820,2026-08-24 08:02:01.828,InnoDB,LOCK_SYS_PAGE,244,2,159
1787558521.820,2026-08-24 08:02:01.828,InnoDB,LOCK_SYS_PAGE,217,2,171
1787558521.820,2026-08-24 08:02:01.828,InnoDB,LOCK_SYS_PAGE,254,2,198
1787558521.820,2026-08-24 08:02:01.828,InnoDB,LOCK_SYS_PAGE,259,2,186
1787558521.820,2026-08-24 08:02:01.828,InnoDB,LOCK_SYS_PAGE,310,2,168
1787558521.820,2026-08-24 08:02:01.828,InnoDB,LOCK_SYS_PAGE,244,2,169
1787558521.820,2026-08-24 08:02:01.828,InnoDB,LOCK_SYS_PAGE,252,2,167
1787558521.820,2026-08-24 08:02:01.828,InnoDB,LOCK_SYS_PAGE,306,2,183
1787558521.820,2026-08-24 08:02:01.828,InnoDB,LOCK_SYS_PAGE,251,2,177
1787558521.820,2026-08-24 08:02:01.828,InnoDB,LOCK_SYS_PAGE,266,2,185
1787558521.820,2026-08-24 08:02:01.828,InnoDB,LOCK_SYS_PAGE,312,2,198
1787558521.820,2026-08-24 08:02:01.828,InnoDB,LOCK_SYS_PAGE,268,2,157
1787558521.820,2026-08-24 08:02:01.828,InnoDB,LOCK_SYS_PAGE,250,1,191
1787558521.820,2026-08-24 08:02:01.828,InnoDB,LOCK_SYS_PAGE,226,1,199
1787558521.820,2026-08-24 08:02:01.828,InnoDB,LOCK_SYS_PAGE,172,1,151
1787558521.820,2026-08-24 08:02:01.828,InnoDB,LOCK_SYS_PAGE,259,1,167
1787558521.820,2026-08-24 08:02:01.828,InnoDB,LOCK_SYS_PAGE,242,1,211
1787558521.820,2026-08-24 08:02:01.828,InnoDB,LOCK_SYS_PAGE,293,1,196
1787558521.820,2026-08-24 08:02:01.828,InnoDB,LOCK_SYS_PAGE,248,1,186
1787558521.820,2026-08-24 08:02:01.828,InnoDB,LOCK_SYS_PAGE,234,1,185
1787558521.820,2026-08-24 08:02:01.828,InnoDB,LOCK_SYS_PAGE,207,1,180
1787558521.820,2026-08-24 08:02:01.828,InnoDB,LOCK_SYS_PAGE,238,1,184
1787558521.820,2026-08-24 08:02:01.828,InnoDB,LOCK_SYS_PAGE,287,1,238
1787558521.820,2026-08-24 08:02:01.828,InnoDB,LOCK_SYS_PAGE,222,1,169
1787558521.820,2026-08-24 08:02:01.828,InnoDB,LOCK_SYS_PAGE,211,1,192
1787558521.820,2026-08-24 08:02:01.828,InnoDB,LOCK_SYS_PAGE,205,1,173
1787558521.820,2026-08-24 08:02:01.828,InnoDB,LOCK_SYS_PAGE,245,1,198
1787558521.820,2026-08-24 08:02:01.828,InnoDB,LOCK_SYS_PAGE,284,1,183
1787558521.820,2026-08-24 08:02:01.828,InnoDB,LOCK_SYS_PAGE,239,1,181
1787558521.820,2026-08-24 08:02:01.828,InnoDB,LOCK_SYS_PAGE,229,1,176
1787558521.820,2026-08-24 08:02:01.828,InnoDB,LOCK_SYS_PAGE,323,1,186
1787558521.820,2026-08-24 08:02:01.828,InnoDB,LOCK_SYS_PAGE,177,1,158
1787558521.820,2026-08-24 08:02:01.828,InnoDB,LOCK_SYS_PAGE,240,1,183
1787558521.820,2026-08-24 08:02:01.828,InnoDB,LOCK_SYS_PAGE,199,1,174
1787558521.820,2026-08-24 08:02:01.828,InnoDB,LOCK_SYS_PAGE,225,1,196
1787558521.820,2026-08-24 08:02:01.828,InnoDB,LOCK_SYS_PAGE,238,1,168
1787558521.820,2026-08-24 08:02:01.828,InnoDB,LOCK_SYS_PAGE,257,1,214
1787558521.820,2026-08-24 08:02:01.828,InnoDB,LOCK_SYS_PAGE,220,1,175
1787558521.820,2026-08-24 08:02:01.828,InnoDB,LOCK_SYS_PAGE,217,1,170
1787558521.820,2026-08-24 08:02:01.828,InnoDB,LOCK_SYS_PAGE,273,1,190
1787558521.820,2026-08-24 08:02:01.828,InnoDB,LOCK_SYS_PAGE,255,1,180
1787558521.820,2026-08-24 08:02:01.828,InnoDB,LOCK_SYS_PAGE,280,1,207
1787558521.820,2026-08-24 08:02:01.828,InnoDB,LOCK_SYS_PAGE,207,1,175
1787558521.820,2026-08-24 08:02:01.828,InnoDB,LOCK_SYS_PAGE,195,1,153
1787558521.820,2026-08-24 08:02:01.828,InnoDB,LOCK_SYS_PAGE,216,1,176
1787558521.820,2026-08-24 08:02:01.828,InnoDB,LOCK_SYS_PAGE,295,1,181
1787558521.820,2026-08-24 08:02:01.828,InnoDB,LOCK_SYS_PAGE,276,1,212
1787558521.820,2026-08-24 08:02:01.828,InnoDB,LOCK_SYS_PAGE,230,1,193
1787558521.820,2026-08-24 08:02:01.828,InnoDB,LOCK_SYS_PAGE,255,1,216
1787558521.820,2026-08-24 08:02:01.828,InnoDB,LOCK_SYS_PAGE,232,1,130
1787558521.820,2026-08-24 08:02:01.828,InnoDB,LOCK_SYS_PAGE,230,1,200
1787558521.820,2026-08-24 08:02:01.828,InnoDB,LOCK_SYS_PAGE,243,1,187
1787558521.820,2026-08-24 08:02:01.828,InnoDB,LOCK_SYS_PAGE,211,1,160
1787558521.820,2026-08-24 08:02:01.828,InnoDB,LOCK_SYS_PAGE,291,1,209
1787558521.820,2026-08-24 08:02:01.828,InnoDB,LOCK_SYS_PAGE,240,1,172
1787558521.820,2026-08-24 08:02:01.828,InnoDB,LOCK_SYS_PAGE,196,1,166
1787558521.820,2026-08-24 08:02:01.828,InnoDB,LOCK_SYS_PAGE,236,1,199
1787558521.820,2026-08-24 08:02:01.828,InnoDB,LOCK_SYS_PAGE,273,1,196
1787558521.820,2026-08-24 08:02:01.828,InnoDB,LOCK_SYS_PAGE,251,1,171
1787558521.820,2026-08-24 08:02:01.828,InnoDB,LOCK_SYS_PAGE,194,1,172
1787558521.820,2026-08-24 08:02:01.828,InnoDB,LOCK_SYS_PAGE,188,1,176
1787558521.820,2026-08-24 08:02:01.828,InnoDB,LOCK_SYS_PAGE,203,1,156
1787558521.820,2026-08-24 08:02:01.828,InnoDB,LOCK_SYS_PAGE,220,1,186
1787558521.820,2026-08-24 08:02:01.828,InnoDB,LOCK_SYS_PAGE,336,1,224
1787558521.820,2026-08-24 08:02:01.828,InnoDB,LOCK_SYS_PAGE,177,1,162
1787558521.820,2026-08-24 08:02:01.828,InnoDB,LOCK_SYS_PAGE,200,1,160
1787558521.820,2026-08-24 08:02:01.828,InnoDB,LOCK_SYS_PAGE,254,1,192
1787558521.820,2026-08-24 08:02:01.828,InnoDB,LOCK_SYS_PAGE,212,1,210
1787558521.820,2026-08-24 08:02:01.828,InnoDB,LOCK_SYS_PAGE,257,1,198
1787558521.820,2026-08-24 08:02:01.828,InnoDB,LOCK_SYS_PAGE,217,1,213
1787558521.820,2026-08-24 08:02:01.828,InnoDB,LOCK_SYS_PAGE,286,1,169
1787558521.820,2026-08-24 08:02:01.828,InnoDB,FIL_SHARD,74,1,63
1787558521.820,2026-08-24 08:02:01.828,InnoDB,TRX_SYS_SHARD,31,1,2
1787558521.820,2026-08-24 08:02:01.828,InnoDB,TRX_SYS_SHARD,39,1,2
1787558521.820,2026-08-24 08:02:01.828,InnoDB,DICT_TABLE_STATS_COMPUTE,30,1,1
1787558521.820,2026-08-24 08:02:01.828,InnoDB,FIL_SHARD,118,1,81
1787558521.820,2026-08-24 08:02:01.828,InnoDB,LOCK_SYS_PAGE,220,1,197
1787558521.820,2026-08-24 08:02:01.828,InnoDB,LOCK_SYS_PAGE,212,1,163
1787558521.820,2026-08-24 08:02:01.828,InnoDB,LOCK_SYS_PAGE,249,1,223
1787558521.820,2026-08-24 08:02:01.828,InnoDB,LOCK_SYS_PAGE,281,1,219
1787558521.820,2026-08-24 08:02:01.828,InnoDB,LOCK_SYS_PAGE,227,1,157
1787558521.820,2026-08-24 08:02:01.828,InnoDB,LOCK_SYS_PAGE,235,1,184
1787558521.820,2026-08-24 08:02:01.828,InnoDB,PARSER,137,1,6
1787558521.820,2026-08-24 08:02:01.828,InnoDB,LOCK_SYS_PAGE,200,1,156
1787558521.820,2026-08-24 08:02:01.828,InnoDB,LOCK_SYS_PAGE,240,1,182
1787558521.820,2026-08-24 08:02:01.828,InnoDB,LOCK_SYS_PAGE,429,1,201
1787558521.820,2026-08-24 08:02:01.828,InnoDB,LOCK_SYS_PAGE,262,1,214
1787558521.820,2026-08-24 08:02:01.828,InnoDB,LOCK_SYS_PAGE,313,1,191
1787558521.820,2026-08-24 08:02:01.828,InnoDB,LOCK_SYS_PAGE,217,1,192
1787558521.820,2026-08-24 08:02:01.828,InnoDB,LOCK_SYS_PAGE,212,1,180
1787558521.820,2026-08-24 08:02:01.828,InnoDB,LOCK_SYS_PAGE,214,1,171
1787558521.820,2026-08-24 08:02:01.828,InnoDB,LOCK_SYS_PAGE,179,1,141
1787558521.820,2026-08-24 08:02:01.828,InnoDB,LOCK_SYS_PAGE,182,1,159
1787558521.820,2026-08-24 08:02:01.828,InnoDB,LOCK_SYS_PAGE,219,1,157
1787558521.820,2026-08-24 08:02:01.828,InnoDB,LOCK_SYS_PAGE,204,1,202
1787558521.820,2026-08-24 08:02:01.828,InnoDB,LOCK_SYS_PAGE,279,1,214
1787558521.820,2026-08-24 08:02:01.828,InnoDB,LOCK_SYS_PAGE,211,1,198
1787558521.820,2026-08-24 08:02:01.828,InnoDB,LOCK_SYS_PAGE,218,1,178
1787558521.820,2026-08-24 08:02:01.828,InnoDB,LOCK_SYS_PAGE,240,1,174
1787558521.820,2026-08-24 08:02:01.828,InnoDB,LOCK_SYS_PAGE,255,1,185
1787558521.820,2026-08-24 08:02:01.828,InnoDB,LOCK_SYS_PAGE,335,1,251
1787558521.820,2026-08-24 08:02:01.828,InnoDB,LOCK_SYS_PAGE,229,1,182
1787558521.820,2026-08-24 08:02:01.828,InnoDB,LOCK_SYS_PAGE,241,1,201
1787558521.820,2026-08-24 08:02:01.828,InnoDB,LOCK_SYS_PAGE,184,1,163
1787558521.820,2026-08-24 08:02:01.828,InnoDB,LOCK_SYS_PAGE,180,1,169
1787558521.820,2026-08-24 08:02:01.828,InnoDB,LOCK_SYS_PAGE,221,1,193
1787558521.820,2026-08-24 08:02:01.828,InnoDB,LOCK_SYS_PAGE,274,1,210
1787558521.820,2026-08-24 08:02:01.828,InnoDB,LOCK_SYS_PAGE,246,1,226
1787558521.820,2026-08-24 08:02:01.828,InnoDB,LOCK_SYS_PAGE,260,1,193
1787558521.820,2026-08-24 08:02:01.828,InnoDB,LOCK_SYS_PAGE,314,1,229
1787558521.820,2026-08-24 08:02:01.828,InnoDB,LOCK_SYS_PAGE,233,1,171
1787558521.820,2026-08-24 08:02:01.828,InnoDB,LOCK_SYS_PAGE,268,1,202
1787558521.820,2026-08-24 08:02:01.828,InnoDB,LOCK_SYS_PAGE,242,1,211
1787558521.820,2026-08-24 08:02:01.828,InnoDB,LOCK_SYS_PAGE,256,1,192
1787558521.820,2026-08-24 08:02:01.828,InnoDB,LOCK_SYS_PAGE,199,1,168
1787558521.820,2026-08-24 08:02:01.828,InnoDB,LOCK_SYS_PAGE,210,1,186
1787558521.820,2026-08-24 08:02:01.828,InnoDB,LOCK_SYS_PAGE,223,1,189
1787558521.820,2026-08-24 08:02:01.828,InnoDB,LOCK_SYS_PAGE,251,1,204
1787558521.820,2026-08-24 08:02:01.828,InnoDB,LOCK_SYS_PAGE,241,1,187
1787558521.820,2026-08-24 08:02:01.828,InnoDB,LOCK_SYS_PAGE,219,1,166
1787558521.820,2026-08-24 08:02:01.828,InnoDB,LOCK_SYS_PAGE,219,1,179
1787558521.820,2026-08-24 08:02:01.828,InnoDB,LOCK_SYS_PAGE,225,1,213
1787558521.820,2026-08-24 08:02:01.828,InnoDB,LOCK_SYS_PAGE,259,1,241
1787558521.820,2026-08-24 08:02:01.828,InnoDB,LOCK_SYS_PAGE,259,1,196
1787558521.820,2026-08-24 08:02:01.828,InnoDB,LOCK_SYS_PAGE,206,1,173
1787558521.820,2026-08-24 08:02:01.828,InnoDB,LOCK_SYS_PAGE,310,1,204
1787558521.820,2026-08-24 08:02:01.828,InnoDB,LOCK_SYS_PAGE,295,1,174
1787558521.820,2026-08-24 08:02:01.828,InnoDB,LOCK_SYS_PAGE,237,1,175
1787558521.820,2026-08-24 08:02:01.828,InnoDB,LOCK_SYS_PAGE,214,1,167
1787558521.820,2026-08-24 08:02:01.828,InnoDB,LOCK_SYS_PAGE,208,1,180
1787558521.820,2026-08-24 08:02:01.828,InnoDB,LOCK_SYS_PAGE,210,1,166
1787558521.820,2026-08-24 08:02:01.828,InnoDB,LOCK_SYS_PAGE,250,1,201
1787558521.820,2026-08-24 08:02:01.828,InnoDB,LOCK_SYS_PAGE,232,1,176
1787558521.820,2026-08-24 08:02:01.828,InnoDB,LOCK_SYS_PAGE,263,1,208
1787558521.820,2026-08-24 08:02:01.828,InnoDB,LOCK_SYS_PAGE,269,1,171
1787558521.820,2026-08-24 08:02:01.828,InnoDB,LOCK_SYS_PAGE,244,1,209
1787558521.820,2026-08-24 08:02:01.828,InnoDB,LOCK_SYS_PAGE,220,1,188
1787558521.820,2026-08-24 08:02:01.828,InnoDB,LOCK_SYS_PAGE,219,1,167
1787558521.820,2026-08-24 08:02:01.828,InnoDB,LOCK_SYS_PAGE,230,1,185
1787558521.820,2026-08-24 08:02:01.828,InnoDB,LOCK_SYS_PAGE,198,1,180
1787558521.820,2026-08-24 08:02:01.828,InnoDB,LOCK_SYS_PAGE,236,1,193
1787558521.820,2026-08-24 08:02:01.828,InnoDB,LOCK_SYS_PAGE,180,1,159
1787558521.820,2026-08-24 08:02:01.828,InnoDB,LOCK_SYS_PAGE,221,1,184
1787558521.820,2026-08-24 08:02:01.828,InnoDB,LOCK_SYS_PAGE,263,1,215
1787558521.820,2026-08-24 08:02:01.828,InnoDB,LOCK_SYS_PAGE,322,1,176
1787558521.820,2026-08-24 08:02:01.828,InnoDB,LOCK_SYS_PAGE,218,1,198
1787558521.820,2026-08-24 08:02:01.828,InnoDB,LOCK_SYS_PAGE,233,1,187
1787558521.820,2026-08-24 08:02:01.828,InnoDB,LOCK_SYS_PAGE,208,1,173
1787558521.820,2026-08-24 08:02:01.828,InnoDB,LOCK_SYS_PAGE,191,1,155
1787558521.820,2026-08-24 08:02:01.828,InnoDB,LOCK_SYS_PAGE,205,1,154
1787558521.820,2026-08-24 08:02:01.828,InnoDB,LOCK_SYS_PAGE,204,1,188
1787558521.820,2026-08-24 08:02:01.828,InnoDB,LOCK_SYS_PAGE,205,1,157
1787558521.820,2026-08-24 08:02:01.828,InnoDB,LOCK_SYS_PAGE,284,1,218
1787558521.820,2026-08-24 08:02:01.828,InnoDB,LOCK_SYS_PAGE,245,1,176
1787558521.820,2026-08-24 08:02:01.828,InnoDB,LOCK_SYS_PAGE,221,1,151
1787558521.820,2026-08-24 08:02:01.828,InnoDB,LOCK_SYS_PAGE,238,1,187
1787558521.820,2026-08-24 08:02:01.828,InnoDB,LOCK_SYS_PAGE,268,1,198
1787558521.820,2026-08-24 08:02:01.828,InnoDB,LOCK_SYS_PAGE,309,1,218
1787558521.820,2026-08-24 08:02:01.828,InnoDB,LOCK_SYS_PAGE,204,1,186
1787558521.820,2026-08-24 08:02:01.828,InnoDB,LOCK_SYS_PAGE,248,1,204
1787558521.820,2026-08-24 08:02:01.828,InnoDB,LOCK_SYS_PAGE,243,1,204
1787558521.820,2026-08-24 08:02:01.828,InnoDB,LOCK_SYS_PAGE,312,1,207
1787558521.820,2026-08-24 08:02:01.828,InnoDB,LOCK_SYS_PAGE,382,1,203
1787558521.820,2026-08-24 08:02:01.828,InnoDB,LOCK_SYS_PAGE,458,1,196
1787558521.820,2026-08-24 08:02:01.828,InnoDB,LOCK_SYS_PAGE,201,1,186
1787558521.820,2026-08-24 08:02:01.828,InnoDB,LOCK_SYS_PAGE,309,1,202
1787558521.820,2026-08-24 08:02:01.828,InnoDB,LOCK_SYS_PAGE,212,1,177
1787558521.820,2026-08-24 08:02:01.828,InnoDB,LOCK_SYS_PAGE,271,1,203
1787558521.820,2026-08-24 08:02:01.828,InnoDB,LOCK_SYS_PAGE,280,1,194
1787558521.820,2026-08-24 08:02:01.828,InnoDB,TRX_SYS_SHARD,2,0,2
1787558521.820,2026-08-24 08:02:01.828,InnoDB,FIL_SHARD,167,0,239
1787558521.820,2026-08-24 08:02:01.828,InnoDB,TRX,1,0,1
1787558521.820,2026-08-24 08:02:01.828,InnoDB,TRX,1,0,1
1787558521.820,2026-08-24 08:02:01.828,InnoDB,TRX_SYS_SHARD,2,0,1
1787558521.820,2026-08-24 08:02:01.828,InnoDB,TRX,1,0,1
1787558521.820,2026-08-24 08:02:01.828,InnoDB,TRX,7,0,1
1787558521.820,2026-08-24 08:02:01.828,InnoDB,FIL_SHARD,112,0,134
1787558521.820,2026-08-24 08:02:01.828,InnoDB,TRX_SYS_SHARD,1,0,1
1787558521.820,2026-08-24 08:02:01.828,InnoDB,FIL_SHARD,51,0,75
1787558521.820,2026-08-24 08:02:01.828,InnoDB,TRX_POOL_MANAGER,5,0,4
1787558521.820,2026-08-24 08:02:01.828,InnoDB,FIL_SHARD,81,0,98
1787558521.820,2026-08-24 08:02:01.828,InnoDB,FIL_SHARD,42,0,45
1787558521.820,2026-08-24 08:02:01.828,InnoDB,FIL_SHARD,17,0,28
1787558521.820,2026-08-24 08:02:01.828,InnoDB,FIL_SHARD,22,0,29
1787558521.820,2026-08-24 08:02:01.828,InnoDB,FIL_SHARD,20,0,33
1787558521.820,2026-08-24 08:02:01.828,InnoDB,FIL_SHARD,49,0,78
1787558521.820,2026-08-24 08:02:01.828,InnoDB,FIL_SHARD,49,0,72
1787558521.820,2026-08-24 08:02:01.828,InnoDB,FIL_SHARD,26,0,44
1787558521.820,2026-08-24 08:02:01.828,InnoDB,FIL_SHARD,38,0,45
1787558521.820,2026-08-24 08:02:01.828,InnoDB,LOCK_SYS_PAGE,176,0,166
1787558521.820,2026-08-24 08:02:01.828,InnoDB,LOCK_SYS_PAGE,241,0,191
1787558521.820,2026-08-24 08:02:01.828,InnoDB,TRX_SYS_SHARD,2,0,2
1787558521.820,2026-08-24 08:02:01.828,InnoDB,FIL_SHARD,113,0,146
1787558521.820,2026-08-24 08:02:01.828,InnoDB,FIL_SHARD,93,0,121
1787558521.820,2026-08-24 08:02:01.828,InnoDB,FIL_SHARD,52,0,67
1787558521.820,2026-08-24 08:02:01.828,InnoDB,FIL_SHARD,76,0,96
1787558521.820,2026-08-24 08:02:01.828,InnoDB,TRX_SYS_SHARD,1,0,1
1787558521.820,2026-08-24 08:02:01.828,InnoDB,FIL_SHARD,31,0,61
1787558521.820,2026-08-24 08:02:01.828,InnoDB,TRX_SYS_SHARD,1,0,1
1787558521.820,2026-08-24 08:02:01.828,InnoDB,TRX_SYS_SHARD,4,0,4
1787558521.820,2026-08-24 08:02:01.828,InnoDB,TRX_SYS_SHARD,3,0,2
1787558521.820,2026-08-24 08:02:01.828,InnoDB,TRX_SYS_SHARD,3,0,3
1787558521.820,2026-08-24 08:02:01.828,InnoDB,TRX_SYS_SHARD,2,0,2
1787558521.820,2026-08-24 08:02:01.828,InnoDB,TRX_SYS_SHARD,1,0,1
1787558521.820,2026-08-24 08:02:01.828,InnoDB,TRX_SYS_SHARD,1,0,1
1787558521.820,2026-08-24 08:02:01.828,InnoDB,TRX_SYS_SHARD,2,0,2
1787558521.820,2026-08-24 08:02:01.828,InnoDB,TRX_SYS_SHARD,2,0,2
1787558521.820,2026-08-24 08:02:01.828,InnoDB,TRX_SYS_SHARD,3,0,2
1787558521.820,2026-08-24 08:02:01.828,InnoDB,TRX_SYS_SHARD,1,0,1
1787558521.820,2026-08-24 08:02:01.828,InnoDB,TRX_SYS_SHARD,2,0,2
1787558521.820,2026-08-24 08:02:01.828,InnoDB,TRX_SYS_SHARD,1,0,1
1787558521.820,2026-08-24 08:02:01.828,InnoDB,TRX_SYS_SHARD,4,0,2
1787558521.820,2026-08-24 08:02:01.828,InnoDB,TRX_SYS_SHARD,1,0,1
1787558521.820,2026-08-24 08:02:01.828,InnoDB,TRX_SYS_SHARD,1,0,1
1787558521.820,2026-08-24 08:02:01.828,InnoDB,TRX_SYS_SHARD,3,0,2
1787558521.820,2026-08-24 08:02:01.828,InnoDB,TRX_SYS_SHARD,7,0,4
1787558521.820,2026-08-24 08:02:01.828,InnoDB,TRX_SYS_SHARD,3,0,2
1787558521.820,2026-08-24 08:02:01.828,InnoDB,TRX_SYS_SHARD,4,0,4
1787558521.820,2026-08-24 08:02:01.828,InnoDB,TRX_SYS_SHARD,8,0,3
1787558521.820,2026-08-24 08:02:01.828,InnoDB,TRX_SYS_SHARD,3,0,2
1787558521.820,2026-08-24 08:02:01.828,InnoDB,TRX_SYS_SHARD,1,0,1
1787558521.820,2026-08-24 08:02:01.828,InnoDB,TRX_SYS_SHARD,1,0,1
1787558521.820,2026-08-24 08:02:01.828,InnoDB,TRX_SYS_SHARD,4,0,3
1787558521.820,2026-08-24 08:02:01.828,InnoDB,TRX_SYS_SHARD,3,0,2
1787558521.820,2026-08-24 08:02:01.828,InnoDB,TRX_SYS_SHARD,5,0,2
1787558521.820,2026-08-24 08:02:01.828,InnoDB,TRX_SYS_SHARD,1,0,1
1787558521.820,2026-08-24 08:02:01.828,InnoDB,TRX_SYS_SHARD,3,0,2
1787558521.820,2026-08-24 08:02:01.828,InnoDB,TRX_SYS_SHARD,2,0,1
1787558521.820,2026-08-24 08:02:01.828,InnoDB,TRX_SYS_SHARD,4,0,4
1787558521.820,2026-08-24 08:02:01.828,InnoDB,TRX_SYS_SHARD,1,0,1
1787558521.820,2026-08-24 08:02:01.828,InnoDB,LOCK_SYS_PAGE,249,0,186
1787558521.820,2026-08-24 08:02:01.828,InnoDB,LOCK_SYS_PAGE,197,0,188
1787558521.820,2026-08-24 08:02:01.828,InnoDB,LOCK_SYS_PAGE,195,0,189
1787558521.820,2026-08-24 08:02:01.828,InnoDB,LOCK_SYS_PAGE,175,0,178
1787558521.820,2026-08-24 08:02:01.828,InnoDB,LOCK_SYS_PAGE,204,0,195
1787558521.820,2026-08-24 08:02:01.828,InnoDB,TRX_SYS_SHARD,1,0,1
1787558521.820,2026-08-24 08:02:01.828,InnoDB,TRX_SYS_SHARD,1,0,1
1787558521.820,2026-08-24 08:02:01.828,InnoDB,LOCK_SYS_PAGE,187,0,144
1787558521.820,2026-08-24 08:02:01.828,InnoDB,TRX_SYS_SHARD,2,0,2
1787558521.820,2026-08-24 08:02:01.828,InnoDB,TRX_SYS_SHARD,1,0,1
1787558521.820,2026-08-24 08:02:01.828,InnoDB,LOCK_SYS_PAGE,211,0,187
1787558521.820,2026-08-24 08:02:01.828,InnoDB,LOCK_SYS_PAGE,202,0,212
1787558521.820,2026-08-24 08:02:01.828,InnoDB,LOCK_SYS_PAGE,175,0,173
1787558521.820,2026-08-24 08:02:01.828,InnoDB,FIL_SHARD,354,0,404
1787558521.820,2026-08-24 08:02:01.828,InnoDB,FIL_SHARD,19,0,28
1787558521.820,2026-08-24 08:02:01.828,InnoDB,LOCK_SYS_PAGE,177,0,154
1787558521.820,2026-08-24 08:02:01.828,InnoDB,LOCK_SYS_PAGE,196,0,181
1787558521.820,2026-08-24 08:02:01.828,InnoDB,LOCK_SYS_PAGE,207,0,199
1787558521.820,2026-08-24 08:02:01.828,InnoDB,LOCK_SYS_PAGE,175,0,153
1787558521.820,2026-08-24 08:02:01.828,InnoDB,LOCK_SYS_PAGE,202,0,201
1787558521.820,2026-08-24 08:02:01.828,InnoDB,LOCK_SYS_PAGE,237,0,174
1787558521.820,2026-08-24 08:02:01.828,InnoDB,LOCK_SYS_PAGE,357,0,202
1787558521.820,2026-08-24 08:02:01.828,InnoDB,LOCK_SYS_PAGE,185,0,187
1787558521.820,2026-08-24 08:02:01.828,InnoDB,LOCK_SYS_PAGE,246,0,210
1787558521.820,2026-08-24 08:02:01.828,InnoDB,LOCK_SYS_PAGE,229,0,223
1787558521.820,2026-08-24 08:02:01.828,InnoDB,LOCK_SYS_PAGE,222,0,200
1787558521.820,2026-08-24 08:02:01.828,InnoDB,LOCK_SYS_PAGE,180,0,181
1787558521.820,2026-08-24 08:02:01.828,InnoDB,LOCK_SYS_PAGE,191,0,186
1787558521.820,2026-08-24 08:02:01.828,InnoDB,LOCK_SYS_PAGE,166,0,168
1787558521.820,2026-08-24 08:02:01.828,InnoDB,LOCK_SYS_PAGE,165,0,162
1787558521.820,2026-08-24 08:02:01.828,InnoDB,LOCK_SYS_PAGE,204,0,205
1787558521.820,2026-08-24 08:02:01.828,InnoDB,LOCK_SYS_PAGE,211,0,220
1787558521.820,2026-08-24 08:02:01.828,InnoDB,FIL_SHARD,27,0,37
1787558521.820,2026-08-24 08:02:01.828,InnoDB,FIL_SHARD,21,0,29
1787558521.820,2026-08-24 08:02:01.828,InnoDB,FIL_SHARD,38,0,44
1787558521.820,2026-08-24 08:02:01.828,InnoDB,FIL_SHARD,32,0,46
1787558521.820,2026-08-24 08:02:01.828,InnoDB,FIL_SHARD,18,0,20
1787558521.820,2026-08-24 08:02:01.828,InnoDB,FIL_SHARD,11,0,26
1787558521.820,2026-08-24 08:02:01.828,InnoDB,FIL_SHARD,18,0,25
1787558521.820,2026-08-24 08:02:01.828,InnoDB,TRX_SYS_SHARD,1,0,2
1787558521.820,2026-08-24 08:02:01.828,InnoDB,FIL_SHARD,17,0,35
1787558521.820,2026-08-24 08:02:01.828,InnoDB,FIL_SHARD,17,0,23
1787558521.820,2026-08-24 08:02:01.828,InnoDB,FIL_SHARD,43,0,52
1787558521.820,2026-08-24 08:02:01.828,InnoDB,FIL_SHARD,70,0,84
1787558521.820,2026-08-24 08:02:01.828,InnoDB,FIL_SHARD,17,0,26
1787558521.820,2026-08-24 08:02:01.828,InnoDB,FIL_SHARD,16,0,18
1787558521.820,2026-08-24 08:02:01.828,InnoDB,FIL_SHARD,22,0,27
1787558521.820,2026-08-24 08:02:01.828,InnoDB,FIL_SHARD,8,0,25
1787558521.820,2026-08-24 08:02:01.828,InnoDB,FIL_SHARD,22,0,31
1787558521.820,2026-08-24 08:02:01.828,InnoDB,FIL_SHARD,29,0,56
1787558521.820,2026-08-24 08:02:01.828,InnoDB,FIL_SHARD,25,0,48
1787558521.820,2026-08-24 08:02:01.828,InnoDB,FIL_SHARD,25,0,50
1787558521.820,2026-08-24 08:02:01.828,InnoDB,FIL_SHARD,25,0,42
1787558521.820,2026-08-24 08:02:01.828,InnoDB,FIL_SHARD,27,0,40
1787558521.820,2026-08-24 08:02:01.828,InnoDB,FIL_SHARD,55,0,91
1787558521.820,2026-08-24 08:02:01.828,InnoDB,FIL_SHARD,13,0,42
1787558521.820,2026-08-24 08:02:01.828,InnoDB,FIL_SHARD,23,0,48
1787558521.820,2026-08-24 08:02:01.828,InnoDB,FIL_SHARD,28,0,53
1787558521.820,2026-08-24 08:02:01.828,InnoDB,LOCK_SYS_PAGE,212,0,161
1787558521.820,2026-08-24 08:02:01.828,InnoDB,LOCK_SYS_PAGE,387,0,250
1787558521.820,2026-08-24 08:02:01.828,InnoDB,LOCK_SYS_PAGE,146,0,147
1787558521.820,2026-08-24 08:02:01.828,InnoDB,LOCK_SYS_PAGE,182,0,182
1787558521.820,2026-08-24 08:02:01.828,InnoDB,LOCK_SYS_PAGE,215,0,214
1787558521.820,2026-08-24 08:02:01.828,InnoDB,LOCK_SYS_PAGE,216,0,177
1787558521.820,2026-08-24 08:02:01.828,InnoDB,TRX_SYS_SHARD,1,0,1
1787558521.820,2026-08-24 08:02:01.828,InnoDB,TRX_SYS_SHARD,13,0,3
1787558521.820,2026-08-24 08:02:01.828,InnoDB,TRX_SYS_SHARD,2,0,3
1787558521.820,2026-08-24 08:02:01.828,InnoDB,TRX_SYS_SHARD,1,0,2
1787558521.820,2026-08-24 08:02:01.828,InnoDB,TRX_SYS_SHARD,5,0,4
1787558521.820,2026-08-24 08:02:01.828,InnoDB,TRX_SYS_SHARD,1,0,1
1787558521.820,2026-08-24 08:02:01.828,InnoDB,TRX_SYS_SHARD,1,0,1
1787558521.820,2026-08-24 08:02:01.828,InnoDB,TRX_SYS_SHARD,1,0,1
1787558521.820,2026-08-24 08:02:01.828,InnoDB,TRX_SYS_SHARD,2,0,2
1787558521.820,2026-08-24 08:02:01.828,InnoDB,TRX_SYS_SHARD,5,0,3
1787558521.820,2026-08-24 08:02:01.828,InnoDB,TRX_SYS_SHARD,2,0,2
1787558521.820,2026-08-24 08:02:01.828,InnoDB,TRX_SYS_SHARD,2,0,2
1787558521.820,2026-08-24 08:02:01.828,InnoDB,TRX_SYS_SHARD,1,0,1
1787558521.820,2026-08-24 08:02:01.828,InnoDB,TRX_SYS_SHARD,4,0,3
1787558521.820,2026-08-24 08:02:01.828,InnoDB,TRX_SYS_SHARD,3,0,3
1787558521.820,2026-08-24 08:02:01.828,InnoDB,TRX_SYS_SHARD,1,0,2
1787558521.820,2026-08-24 08:02:01.828,InnoDB,TRX_SYS_SHARD,3,0,2
1787558521.820,2026-08-24 08:02:01.828,InnoDB,TRX_SYS_SHARD,2,0,2
1787558521.820,2026-08-24 08:02:01.828,InnoDB,TRX_SYS_SHARD,5,0,3
1787558521.820,2026-08-24 08:02:01.828,InnoDB,TRX_SYS_SHARD,1,0,1
1787558521.820,2026-08-24 08:02:01.828,InnoDB,TRX_SYS_SHARD,2,0,2
1787558521.820,2026-08-24 08:02:01.828,InnoDB,TRX_SYS_SHARD,1,0,1
1787558521.820,2026-08-24 08:02:01.828,InnoDB,TRX_SYS_SHARD,1,0,1
1787558521.820,2026-08-24 08:02:01.828,InnoDB,LOCK_SYS_PAGE,185,0,166
1787558521.820,2026-08-24 08:02:01.828,InnoDB,TRX_SYS_SHARD,5,0,5
1787558521.820,2026-08-24 08:02:01.828,InnoDB,TRX_SYS_SHARD,2,0,1
1787558521.820,2026-08-24 08:02:01.828,InnoDB,TRX_SYS_SHARD,3,0,3
1787558521.820,2026-08-24 08:02:01.828,InnoDB,TRX_SYS_SHARD,4,0,3
1787558521.820,2026-08-24 08:02:01.828,InnoDB,TRX_SYS_SHARD,1,0,1
1787558521.820,2026-08-24 08:02:01.828,InnoDB,TRX_SYS_SHARD,1,0,1
1787558521.820,2026-08-24 08:02:01.828,InnoDB,TRX_SYS_SHARD,7,0,2
1787558521.820,2026-08-24 08:02:01.828,InnoDB,TRX_SYS_SHARD,3,0,2
1787558521.820,2026-08-24 08:02:01.828,InnoDB,TRX_SYS_SHARD,4,0,1
1787558521.820,2026-08-24 08:02:01.828,InnoDB,TRX_SYS_SHARD,2,0,1
1787558521.820,2026-08-24 08:02:01.828,InnoDB,TRX_SYS_SHARD,1,0,1
1787558521.820,2026-08-24 08:02:01.828,InnoDB,TRX_SYS_SHARD,1,0,1
1787558521.820,2026-08-24 08:02:01.828,InnoDB,TRX_SYS_SHARD,2,0,2
1787558521.820,2026-08-24 08:02:01.828,InnoDB,TRX_SYS_SHARD,2,0,2
1787558521.820,2026-08-24 08:02:01.828,InnoDB,TRX_SYS_SHARD,2,0,2
1787558521.820,2026-08-24 08:02:01.828,InnoDB,TRX_SYS_SHARD,2,0,1
1787558521.820,2026-08-24 08:02:01.828,InnoDB,TRX_SYS_SHARD,2,0,2
1787558521.820,2026-08-24 08:02:01.828,InnoDB,TRX_SYS_SHARD,3,0,3
1787558521.820,2026-08-24 08:02:01.828,InnoDB,TRX_SYS_SHARD,3,0,3
1787558521.820,2026-08-24 08:02:01.828,InnoDB,TRX_SYS_SHARD,1,0,1
1787558521.820,2026-08-24 08:02:01.828,InnoDB,TRX_SYS_SHARD,1,0,1
1787558521.820,2026-08-24 08:02:01.828,InnoDB,TRX_SYS_SHARD,1,0,1
1787558521.820,2026-08-24 08:02:01.828,InnoDB,TRX_SYS_SHARD,1,0,1
1787558521.820,2026-08-24 08:02:01.828,InnoDB,TRX_SYS_SHARD,1,0,1
1787558521.820,2026-08-24 08:02:01.828,InnoDB,TRX_SYS_SHARD,2,0,2
1787558521.820,2026-08-24 08:02:01.828,InnoDB,TRX_SYS_SHARD,1,0,1
1787558521.820,2026-08-24 08:02:01.828,InnoDB,TRX_SYS_SHARD,1,0,1
1787558521.820,2026-08-24 08:02:01.828,InnoDB,TRX_SYS_SHARD,2,0,2
1787558521.820,2026-08-24 08:02:01.828,InnoDB,TRX_SYS_SHARD,2,0,1
1787558521.820,2026-08-24 08:02:01.828,InnoDB,TRX_SYS_SHARD,4,0,3
1787558521.820,2026-08-24 08:02:01.828,InnoDB,TRX_SYS_SHARD,1,0,1
1787558521.820,2026-08-24 08:02:01.828,InnoDB,TRX_SYS_SHARD,3,0,2
1787558521.820,2026-08-24 08:02:01.828,InnoDB,TRX_SYS_SHARD,1,0,1
1787558521.820,2026-08-24 08:02:01.828,InnoDB,TRX_SYS_SHARD,1,0,1
1787558521.820,2026-08-24 08:02:01.828,InnoDB,TRX_SYS_SHARD,1,0,1
1787558521.820,2026-08-24 08:02:01.828,InnoDB,TRX_SYS_SHARD,2,0,1
1787558521.820,2026-08-24 08:02:01.828,InnoDB,TRX_SYS_SHARD,3,0,3
1787558521.820,2026-08-24 08:02:01.828,InnoDB,TRX_SYS_SHARD,1,0,1
1787558521.820,2026-08-24 08:02:01.828,InnoDB,TRX_SYS_SHARD,1,0,1
1787558521.820,2026-08-24 08:02:01.828,InnoDB,TRX_SYS_SHARD,5,0,3
1787558521.820,2026-08-24 08:02:01.828,InnoDB,TRX_SYS_SHARD,2,0,1
1787558521.820,2026-08-24 08:02:01.828,InnoDB,TRX_SYS_SHARD,6,0,4
1787558521.820,2026-08-24 08:02:01.828,InnoDB,TRX_SYS_SHARD,1,0,1
1787558521.820,2026-08-24 08:02:01.828,InnoDB,TRX_SYS_SHARD,2,0,2
1787558521.820,2026-08-24 08:02:01.828,InnoDB,TRX_SYS_SHARD,2,0,2
1787558521.820,2026-08-24 08:02:01.828,InnoDB,TRX_SYS_SHARD,2,0,2
1787558521.820,2026-08-24 08:02:01.828,InnoDB,TRX_SYS_SHARD,1,0,1
1787558521.820,2026-08-24 08:02:01.828,InnoDB,TRX_SYS_SHARD,1,0,1
1787558521.820,2026-08-24 08:02:01.828,InnoDB,TRX_SYS_SHARD,4,0,3
1787558521.820,2026-08-24 08:02:01.828,InnoDB,TRX_SYS_SHARD,2,0,1
1787558521.820,2026-08-24 08:02:01.828,InnoDB,TRX_SYS_SHARD,1,0,1
1787558521.820,2026-08-24 08:02:01.828,InnoDB,TRX_SYS_SHARD,5,0,4
1787558521.820,2026-08-24 08:02:01.828,InnoDB,TRX_SYS_SHARD,2,0,2
1787558521.820,2026-08-24 08:02:01.828,InnoDB,TRX_SYS_SHARD,2,0,1
1787558521.820,2026-08-24 08:02:01.828,InnoDB,TRX_SYS_SHARD,1,0,1
1787558521.820,2026-08-24 08:02:01.828,InnoDB,TRX_SYS_SHARD,2,0,2
1787558521.820,2026-08-24 08:02:01.828,InnoDB,TRX_SYS_SHARD,1,0,1
1787558521.820,2026-08-24 08:02:01.828,InnoDB,TRX_SYS_SHARD,3,0,2
1787558521.820,2026-08-24 08:02:01.828,InnoDB,TRX_SYS_SHARD,3,0,3
1787558521.820,2026-08-24 08:02:01.828,InnoDB,TRX_SYS_SHARD,1,0,1
1787558521.820,2026-08-24 08:02:01.828,InnoDB,TRX_SYS_SHARD,3,0,2
1787558521.820,2026-08-24 08:02:01.828,InnoDB,TRX_SYS_SHARD,1,0,1
1787558521.820,2026-08-24 08:02:01.828,InnoDB,TRX_SYS_SHARD,1,0,1
1787558521.820,2026-08-24 08:02:01.828,InnoDB,TRX_SYS_SHARD,1,0,1
1787558521.820,2026-08-24 08:02:01.828,InnoDB,TRX_SYS_SHARD,2,0,2
1787558521.820,2026-08-24 08:02:01.828,InnoDB,TRX_SYS_SHARD,3,0,2
1787558521.820,2026-08-24 08:02:01.828,InnoDB,TRX_SYS_SHARD,1,0,1
1787558521.820,2026-08-24 08:02:01.828,InnoDB,TRX_SYS_SHARD,1,0,1
1787558521.820,2026-08-24 08:02:01.828,InnoDB,TRX_SYS_SHARD,1,0,1
1787558521.820,2026-08-24 08:02:01.828,InnoDB,TRX_SYS_SHARD,3,0,4
1787558521.820,2026-08-24 08:02:01.828,InnoDB,TRX_SYS_SHARD,4,0,3
1787558521.820,2026-08-24 08:02:01.828,InnoDB,TRX_SYS_SHARD,1,0,1
1787558521.820,2026-08-24 08:02:01.828,InnoDB,TRX_SYS_SHARD,1,0,1
1787558521.820,2026-08-24 08:02:01.828,InnoDB,TRX_SYS_SHARD,2,0,2
1787558521.820,2026-08-24 08:02:01.828,InnoDB,TRX_SYS_SHARD,1,0,1
1787558521.820,2026-08-24 08:02:01.828,InnoDB,TRX_SYS_SHARD,1,0,1
1787558521.820,2026-08-24 08:02:01.828,InnoDB,TRX_SYS_SHARD,2,0,1
1787558521.820,2026-08-24 08:02:01.828,InnoDB,TRX_SYS_SHARD,4,0,4
1787558521.820,2026-08-24 08:02:01.828,InnoDB,TRX_SYS_SHARD,3,0,2
1787558521.820,2026-08-24 08:02:01.828,InnoDB,TRX_SYS_SHARD,2,0,1
1787558521.820,2026-08-24 08:02:01.828,InnoDB,TRX_SYS_SHARD,1,0,1
1787558521.820,2026-08-24 08:02:01.828,InnoDB,TRX_SYS_SHARD,4,0,4
1787558521.820,2026-08-24 08:02:01.828,InnoDB,TRX_SYS_SHARD,1,0,1
1787558521.820,2026-08-24 08:02:01.828,InnoDB,TRX_SYS_SHARD,2,0,1
1787558521.820,2026-08-24 08:02:01.828,InnoDB,TRX_SYS_SHARD,1,0,1
1787558521.820,2026-08-24 08:02:01.828,InnoDB,TRX_SYS_SHARD,3,0,2
1787558521.820,2026-08-24 08:02:01.828,InnoDB,TRX_SYS_SHARD,2,0,2
1787558521.820,2026-08-24 08:02:01.828,InnoDB,TRX_SYS_SHARD,1,0,1
1787558521.820,2026-08-24 08:02:01.828,InnoDB,TRX_SYS_SHARD,3,0,1
1787558521.820,2026-08-24 08:02:01.828,InnoDB,TRX_SYS_SHARD,3,0,3
1787558521.820,2026-08-24 08:02:01.828,InnoDB,TRX_SYS_SHARD,5,0,5
1787558521.820,2026-08-24 08:02:01.828,InnoDB,TRX_SYS_SHARD,4,0,4
1787558521.820,2026-08-24 08:02:01.828,InnoDB,TRX_SYS_SHARD,2,0,1
1787558521.820,2026-08-24 08:02:01.828,InnoDB,TRX_SYS_SHARD,1,0,1
1787558521.820,2026-08-24 08:02:01.828,InnoDB,TRX_SYS_SHARD,2,0,2
1787558521.820,2026-08-24 08:02:01.828,InnoDB,TRX_SYS_SHARD,1,0,1
1787558521.820,2026-08-24 08:02:01.828,InnoDB,TRX_SYS_SHARD,1,0,2
1787558521.820,2026-08-24 08:02:01.828,InnoDB,TRX_SYS_SHARD,4,0,4
1787558521.820,2026-08-24 08:02:01.828,InnoDB,TRX_SYS_SHARD,1,0,1
1787558521.820,2026-08-24 08:02:01.828,InnoDB,TRX_SYS_SHARD,2,0,2
1787558521.820,2026-08-24 08:02:01.828,InnoDB,TRX_SYS_SHARD,1,0,1
1787558521.820,2026-08-24 08:02:01.828,InnoDB,TRX_SYS_SHARD,1,0,1
1787558521.820,2026-08-24 08:02:01.828,InnoDB,TRX_SYS_SHARD,4,0,2
1787558521.820,2026-08-24 08:02:01.828,InnoDB,TRX_SYS_SHARD,3,0,2
1787558521.820,2026-08-24 08:02:01.828,InnoDB,TRX_SYS_SHARD,3,0,3
1787558521.820,2026-08-24 08:02:01.828,InnoDB,TRX_SYS_SHARD,3,0,2
1787558521.820,2026-08-24 08:02:01.828,InnoDB,LOCK_SYS_PAGE,178,0,179
1787558521.820,2026-08-24 08:02:01.828,InnoDB,LOCK_SYS_PAGE,194,0,158
1787558521.820,2026-08-24 08:02:01.828,InnoDB,LOCK_SYS_PAGE,142,0,156
1787558521.820,2026-08-24 08:02:01.828,InnoDB,LOCK_SYS_PAGE,158,0,167
1787558521.820,2026-08-24 08:02:01.828,InnoDB,LOCK_SYS_PAGE,194,0,189
1787558521.820,2026-08-24 08:02:01.828,InnoDB,LOCK_SYS_PAGE,247,0,178
1787558521.820,2026-08-24 08:02:01.828,InnoDB,LOCK_SYS_PAGE,217,0,182
1787558521.820,2026-08-24 08:02:01.828,InnoDB,LOCK_SYS_PAGE,227,0,193
1787558521.820,2026-08-24 08:02:01.828,InnoDB,LOCK_SYS_PAGE,192,0,181
1787558521.820,2026-08-24 08:02:01.828,InnoDB,LOCK_SYS_PAGE,218,0,174
1787558521.820,2026-08-24 08:02:01.828,InnoDB,LOCK_SYS_PAGE,174,0,181
1787558521.820,2026-08-24 08:02:01.828,InnoDB,LOCK_SYS_PAGE,157,0,171
1787558521.820,2026-08-24 08:02:01.828,InnoDB,LOCK_SYS_PAGE,235,0,222
1787558521.820,2026-08-24 08:02:01.828,InnoDB,LOCK_SYS_PAGE,198,0,196
1787558521.820,2026-08-24 08:02:01.828,InnoDB,LOCK_SYS_PAGE,254,0,242
1787558521.820,2026-08-24 08:02:01.828,InnoDB,LOCK_SYS_PAGE,206,0,165
1787558521.820,2026-08-24 08:02:01.828,InnoDB,LOCK_SYS_PAGE,222,0,220
1787558521.820,2026-08-24 08:02:01.828,InnoDB,LOCK_SYS_PAGE,165,0,160
1787558521.820,2026-08-24 08:02:01.828,InnoDB,LOCK_SYS_PAGE,173,0,172
1787558521.820,2026-08-24 08:02:01.828,InnoDB,LOCK_SYS_PAGE,222,0,213
1787558521.820,2026-08-24 08:02:01.828,InnoDB,LOCK_SYS_PAGE,217,0,203
1787558521.820,2026-08-24 08:02:01.828,InnoDB,LOCK_SYS_PAGE,174,0,178
1787558521.820,2026-08-24 08:02:01.828,InnoDB,LOCK_SYS_PAGE,196,0,181
1787558521.820,2026-08-24 08:02:01.828,InnoDB,LOCK_SYS_PAGE,294,0,199
1787558521.820,2026-08-24 08:02:01.828,InnoDB,LOCK_SYS_PAGE,219,0,155
1787558521.820,2026-08-24 08:02:01.828,InnoDB,LOCK_SYS_PAGE,200,0,206
1787558521.820,2026-08-24 08:02:01.828,InnoDB,LOCK_SYS_PAGE,229,0,221
1787558521.820,2026-08-24 08:02:01.828,InnoDB,LOCK_SYS_PAGE,183,0,144
1787558521.820,2026-08-24 08:02:01.828,InnoDB,LOCK_SYS_PAGE,199,0,188
1787558521.820,2026-08-24 08:02:01.828,InnoDB,LOCK_SYS_PAGE,208,0,204
1787558521.820,2026-08-24 08:02:01.828,InnoDB,LOCK_SYS_PAGE,198,0,219
1787558521.820,2026-08-24 08:02:01.828,InnoDB,LOCK_SYS_PAGE,189,0,177
1787558521.820,2026-08-24 08:02:01.828,InnoDB,LOCK_SYS_PAGE,239,0,212
1787558521.820,2026-08-24 08:02:01.828,InnoDB,LOCK_SYS_PAGE,238,0,226
1787558521.820,2026-08-24 08:02:01.828,InnoDB,LOCK_SYS_PAGE,193,0,175
1787558521.820,2026-08-24 08:02:01.828,InnoDB,LOCK_SYS_PAGE,187,0,186
1787558521.820,2026-08-24 08:02:01.828,InnoDB,LOCK_SYS_PAGE,221,0,204
1787558521.820,2026-08-24 08:02:01.828,InnoDB,LOCK_SYS_PAGE,190,0,184
1787558521.820,2026-08-24 08:02:01.828,InnoDB,LOCK_SYS_PAGE,255,0,240
1787558521.820,2026-08-24 08:02:01.828,InnoDB,LOCK_SYS_PAGE,177,0,143
1787558521.820,2026-08-24 08:02:01.828,InnoDB,LOCK_SYS_PAGE,203,0,197
1787558521.820,2026-08-24 08:02:01.828,InnoDB,LOCK_SYS_PAGE,206,0,210
1787558521.820,2026-08-24 08:02:01.828,InnoDB,LOCK_SYS_PAGE,177,0,175
1787558521.820,2026-08-24 08:02:01.828,InnoDB,LOCK_SYS_PAGE,178,0,172
1787558521.820,2026-08-24 08:02:01.828,InnoDB,LOCK_SYS_PAGE,200,0,183
1787558521.820,2026-08-24 08:02:01.828,InnoDB,LOCK_SYS_PAGE,169,0,184
1787558521.820,2026-08-24 08:02:01.828,InnoDB,LOCK_SYS_PAGE,162,0,154
1787558521.820,2026-08-24 08:02:01.828,InnoDB,LOCK_SYS_PAGE,161,0,171
1787558521.820,2026-08-24 08:02:01.828,InnoDB,LOCK_SYS_PAGE,234,0,201
1787558521.820,2026-08-24 08:02:01.828,InnoDB,LOCK_SYS_PAGE,205,0,202
1787558521.820,2026-08-24 08:02:01.828,InnoDB,LOCK_SYS_PAGE,195,0,182
1787558521.820,2026-08-24 08:02:01.828,InnoDB,LOCK_SYS_PAGE,236,0,199
1787558521.820,2026-08-24 08:02:01.828,InnoDB,LOCK_SYS_PAGE,228,0,192
1787558521.820,2026-08-24 08:02:01.828,InnoDB,LOCK_SYS_PAGE,185,0,180
1787558521.820,2026-08-24 08:02:01.828,InnoDB,LOCK_SYS_PAGE,137,0,152
1787558521.820,2026-08-24 08:02:01.828,InnoDB,LOCK_SYS_PAGE,272,0,209
1787558521.820,2026-08-24 08:02:01.828,InnoDB,RECALC_POOL,3,0,7
1787558521.820,2026-08-24 08:02:01.828,InnoDB,LOCK_SYS_PAGE,187,0,182
1787558521.820,2026-08-24 08:02:01.828,InnoDB,LOCK_SYS_PAGE,175,0,185
1787558521.820,2026-08-24 08:02:01.828,InnoDB,PERSIST_AUTOINC,8,0,1
1787558521.820,2026-08-24 08:02:01.828,InnoDB,LOCK_SYS_PAGE,267,0,210
1787558521.820,2026-08-24 08:02:01.828,InnoDB,LOCK_SYS_PAGE,232,0,221
1787558521.820,2026-08-24 08:02:01.828,InnoDB,LOCK_SYS_PAGE,198,0,170
1787558521.820,2026-08-24 08:02:01.828,InnoDB,LOG_LIMITS,185,0,135
1787558521.820,2026-08-24 08:02:01.828,InnoDB,LOCK_SYS_PAGE,175,0,160
1787558521.820,2026-08-24 08:02:01.828,InnoDB,LOCK_SYS_PAGE,204,0,207
1787558521.820,2026-08-24 08:02:01.828,InnoDB,LOCK_SYS_PAGE,150,0,165
1787558521.820,2026-08-24 08:02:01.828,InnoDB,LOCK_SYS_PAGE,304,0,192
1787558521.820,2026-08-24 08:02:01.828,InnoDB,LOCK_SYS_PAGE,231,0,194
1787558521.820,2026-08-24 08:02:01.828,InnoDB,LOCK_SYS_PAGE,204,0,165
1787558521.820,2026-08-24 08:02:01.828,InnoDB,LOCK_SYS_PAGE,189,0,175
1787558521.820,2026-08-24 08:02:01.828,InnoDB,LOCK_SYS_PAGE,244,0,190
1787558521.820,2026-08-24 08:02:01.828,InnoDB,LOCK_SYS_PAGE,162,0,156
1787558521.820,2026-08-24 08:02:01.828,InnoDB,LOCK_SYS_PAGE,237,0,171
1787558521.820,2026-08-24 08:02:01.828,InnoDB,LOCK_SYS_PAGE,162,0,174
1787558521.820,2026-08-24 08:02:01.828,InnoDB,LOCK_SYS_PAGE,253,0,204
1787558521.820,2026-08-24 08:02:01.828,InnoDB,LOCK_SYS_PAGE,149,0,160
1787558521.820,2026-08-24 08:02:01.828,InnoDB,LOCK_SYS_PAGE,256,0,215
1787558521.820,2026-08-24 08:02:01.828,InnoDB,LOCK_SYS_PAGE,223,0,223
1787558521.820,2026-08-24 08:02:01.828,InnoDB,LOCK_SYS_PAGE,184,0,174
1787558521.820,2026-08-24 08:02:01.828,InnoDB,LOCK_SYS_PAGE,213,0,191
1787558521.820,2026-08-24 08:02:01.828,InnoDB,LOCK_SYS_PAGE,205,0,172
1787558521.820,2026-08-24 08:02:01.828,InnoDB,LOCK_SYS_PAGE,219,0,192
1787558521.820,2026-08-24 08:02:01.828,InnoDB,LOCK_SYS_PAGE,213,0,178
1787558521.820,2026-08-24 08:02:01.828,InnoDB,LOCK_SYS_PAGE,214,0,182
1787558521.820,2026-08-24 08:02:01.828,InnoDB,LOCK_SYS_PAGE,188,0,184
1787558521.820,2026-08-24 08:02:01.828,InnoDB,LOCK_SYS_PAGE,167,0,162
1787558521.820,2026-08-24 08:02:01.828,InnoDB,LOCK_SYS_PAGE,220,0,210
1787558521.820,2026-08-24 08:02:01.828,InnoDB,LOCK_SYS_PAGE,239,0,186
1787558521.820,2026-08-24 08:02:01.828,InnoDB,LOCK_SYS_PAGE,165,0,180
1787558521.820,2026-08-24 08:02:01.828,InnoDB,LOCK_SYS_PAGE,182,0,204
1787558521.820,2026-08-24 08:02:01.828,InnoDB,LOCK_SYS_PAGE,161,0,170
1787558521.820,2026-08-24 08:02:01.828,InnoDB,LOCK_SYS_PAGE,179,0,190
1787558521.820,2026-08-24 08:02:01.828,InnoDB,LOCK_SYS_PAGE,205,0,206
1787558521.820,2026-08-24 08:02:01.828,InnoDB,LOCK_SYS_PAGE,195,0,202
1787558521.820,2026-08-24 08:02:01.828,InnoDB,LOCK_SYS_PAGE,189,0,175
1787558521.820,2026-08-24 08:02:01.828,InnoDB,LOCK_SYS_PAGE,205,0,187
1787558521.820,2026-08-24 08:02:01.828,InnoDB,LOCK_SYS_PAGE,153,0,166
1787558521.820,2026-08-24 08:02:01.828,InnoDB,LOCK_SYS_PAGE,172,0,168
1787558521.820,2026-08-24 08:02:01.828,InnoDB,LOCK_SYS_PAGE,220,0,212
1787558521.820,2026-08-24 08:02:01.828,InnoDB,LOCK_SYS_PAGE,218,0,223
1787558521.820,2026-08-24 08:02:01.828,InnoDB,LOCK_SYS_PAGE,217,0,186
1787558521.820,2026-08-24 08:02:01.828,InnoDB,LOCK_SYS_PAGE,203,0,204
1787558521.820,2026-08-24 08:02:01.828,InnoDB,LOCK_SYS_PAGE,209,0,194
1787558521.820,2026-08-24 08:02:01.828,InnoDB,LOCK_SYS_PAGE,219,0,173
1787558521.820,2026-08-24 08:02:01.828,InnoDB,LOCK_SYS_PAGE,203,0,186
1787558521.820,2026-08-24 08:02:01.828,InnoDB,LOCK_SYS_PAGE,202,0,202
1787558521.820,2026-08-24 08:02:01.828,InnoDB,LOCK_SYS_PAGE,216,0,180
1787558521.820,2026-08-24 08:02:01.828,InnoDB,LOCK_SYS_PAGE,183,0,167
1787558521.820,2026-08-24 08:02:01.828,InnoDB,LOCK_SYS_PAGE,265,0,216
1787558521.820,2026-08-24 08:02:01.828,InnoDB,LOCK_SYS_PAGE,245,0,174
1787558521.820,2026-08-24 08:02:01.828,InnoDB,LOCK_SYS_PAGE,242,0,173
1787558521.820,2026-08-24 08:02:01.828,InnoDB,LOCK_SYS_PAGE,227,0,226
1787558521.820,2026-08-24 08:02:01.828,InnoDB,LOCK_SYS_PAGE,200,0,202
1787558521.820,2026-08-24 08:02:01.828,InnoDB,LOCK_SYS_PAGE,202,0,174
1787558521.820,2026-08-24 08:02:01.828,InnoDB,LOCK_SYS_PAGE,175,0,160
1787558521.820,2026-08-24 08:02:01.828,InnoDB,LOCK_SYS_PAGE,226,0,204
1787558521.820,2026-08-24 08:02:01.828,InnoDB,LOCK_SYS_PAGE,231,0,203
1787558521.820,2026-08-24 08:02:01.828,InnoDB,LOCK_SYS_PAGE,156,0,157
1787558521.820,2026-08-24 08:02:01.828,InnoDB,LOCK_SYS_PAGE,225,0,160
1787558521.820,2026-08-24 08:02:01.828,InnoDB,LOCK_SYS_PAGE,207,0,164
1787558521.820,2026-08-24 08:02:01.828,InnoDB,LOCK_SYS_PAGE,189,0,160
1787558521.820,2026-08-24 08:02:01.828,InnoDB,LOCK_SYS_PAGE,191,0,186
1787558521.820,2026-08-24 08:02:01.828,InnoDB,LOCK_SYS_PAGE,166,0,165
1787558521.820,2026-08-24 08:02:01.828,InnoDB,LOCK_SYS_PAGE,202,0,186
1787558521.820,2026-08-24 08:02:01.828,InnoDB,LOCK_SYS_PAGE,200,0,208
1787558521.820,2026-08-24 08:02:01.828,InnoDB,LOCK_SYS_PAGE,214,0,208
1787558521.820,2026-08-24 08:02:01.828,InnoDB,LOCK_SYS_PAGE,159,0,177
1787558521.820,2026-08-24 08:02:01.828,InnoDB,LOCK_SYS_PAGE,202,0,166
1787558521.820,2026-08-24 08:02:01.828,InnoDB,LOCK_SYS_PAGE,184,0,180
1787558521.820,2026-08-24 08:02:01.828,InnoDB,LOCK_SYS_PAGE,242,0,208
1787558521.820,2026-08-24 08:02:01.828,InnoDB,LOCK_SYS_PAGE,204,0,206
1787558521.820,2026-08-24 08:02:01.828,InnoDB,LOCK_SYS_PAGE,173,0,183
1787558521.820,2026-08-24 08:02:01.828,InnoDB,LOCK_SYS_PAGE,200,0,192
1787558521.820,2026-08-24 08:02:01.828,InnoDB,LOCK_SYS_PAGE,218,0,194
1787558521.820,2026-08-24 08:02:01.828,InnoDB,LOCK_SYS_PAGE,194,0,178
1787558521.820,2026-08-24 08:02:01.828,InnoDB,LOCK_SYS_PAGE,211,0,184
1787558521.820,2026-08-24 08:02:01.828,InnoDB,LOCK_SYS_PAGE,167,0,165
1787558521.820,2026-08-24 08:02:01.828,InnoDB,LOCK_SYS_PAGE,145,0,153
1787558521.820,2026-08-24 08:02:01.828,InnoDB,LOCK_SYS_PAGE,187,0,163
1787558521.820,2026-08-24 08:02:01.828,InnoDB,LOCK_SYS_PAGE,201,0,172
1787558521.820,2026-08-24 08:02:01.828,InnoDB,LOCK_SYS_PAGE,218,0,172
1787558521.820,2026-08-24 08:02:01.828,InnoDB,LOCK_SYS_PAGE,191,0,189
1787558521.820,2026-08-24 08:02:01.828,InnoDB,LOCK_SYS_PAGE,193,0,170
1787558521.820,2026-08-24 08:02:01.828,InnoDB,LOCK_SYS_PAGE,242,0,208
1787558521.820,2026-08-24 08:02:01.828,InnoDB,LOCK_SYS_PAGE,207,0,169
1787558521.820,2026-08-24 08:02:01.828,InnoDB,LOCK_SYS_PAGE,178,0,161
1787558521.820,2026-08-24 08:02:01.828,InnoDB,LOCK_SYS_PAGE,178,0,190
1787558521.820,2026-08-24 08:02:01.828,InnoDB,LOCK_SYS_PAGE,192,0,194
1787558521.820,2026-08-24 08:02:01.828,InnoDB,LOCK_SYS_PAGE,184,0,170
1787558521.820,2026-08-24 08:02:01.828,InnoDB,LOCK_SYS_PAGE,180,0,154
1787558521.820,2026-08-24 08:02:01.828,InnoDB,LOCK_SYS_PAGE,202,0,179
1787558521.820,2026-08-24 08:02:01.828,InnoDB,LOCK_SYS_PAGE,162,0,156
1787558521.820,2026-08-24 08:02:01.828,InnoDB,LOCK_SYS_PAGE,259,0,222
1787558521.820,2026-08-24 08:02:01.828,InnoDB,LOCK_SYS_PAGE,230,0,185
1787558521.820,2026-08-24 08:02:01.828,InnoDB,LOCK_SYS_PAGE,176,0,185
1787558521.820,2026-08-24 08:02:01.828,InnoDB,LOCK_SYS_PAGE,220,0,170
1787558521.820,2026-08-24 08:02:01.828,InnoDB,LOCK_SYS_PAGE,249,0,189
1787558521.820,2026-08-24 08:02:01.828,InnoDB,LOCK_SYS_PAGE,206,0,188
1787558521.820,2026-08-24 08:02:01.828,InnoDB,LOCK_SYS_PAGE,183,0,195
1787558521.820,2026-08-24 08:02:01.828,InnoDB,LOCK_SYS_PAGE,244,0,226
1787558521.820,2026-08-24 08:02:01.828,InnoDB,LOCK_SYS_PAGE,139,0,147
1787558521.820,2026-08-24 08:02:01.828,InnoDB,LOCK_SYS_PAGE,229,0,204
1787558521.820,2026-08-24 08:02:01.828,InnoDB,LOCK_SYS_PAGE,251,0,219
1787558521.820,2026-08-24 08:02:01.828,InnoDB,LOCK_SYS_PAGE,189,0,171
1787558521.820,2026-08-24 08:02:01.828,InnoDB,LOCK_SYS_PAGE,199,0,187
1787558521.820,2026-08-24 08:02:01.828,InnoDB,LOCK_SYS_PAGE,218,0,184
1787558521.820,2026-08-24 08:02:01.828,InnoDB,LOCK_SYS_PAGE,174,0,164
1787558521.820,2026-08-24 08:02:01.828,InnoDB,LOCK_SYS_PAGE,164,0,187
1787558521.820,2026-08-24 08:02:01.828,InnoDB,LOCK_SYS_PAGE,218,0,188
1787558521.820,2026-08-24 08:02:01.828,InnoDB,LOCK_SYS_PAGE,203,0,165
1787558521.820,2026-08-24 08:02:01.828,InnoDB,LOCK_SYS_PAGE,162,0,159
1787558521.820,2026-08-24 08:02:01.828,InnoDB,LOCK_SYS_PAGE,177,0,194
1787558521.820,2026-08-24 08:02:01.828,InnoDB,LOCK_SYS_PAGE,206,0,181
1787558521.820,2026-08-24 08:02:01.828,InnoDB,LOCK_SYS_PAGE,184,0,171
1787558521.820,2026-08-24 08:02:01.828,InnoDB,LOCK_SYS_PAGE,159,0,180
1787558521.820,2026-08-24 08:02:01.828,InnoDB,LOCK_SYS_PAGE,291,0,219
1787558521.820,2026-08-24 08:02:01.828,InnoDB,LOCK_SYS_PAGE,225,0,192
1787558521.820,2026-08-24 08:02:01.828,InnoDB,LOCK_SYS_PAGE,178,0,190
1787558521.820,2026-08-24 08:02:01.828,InnoDB,LOCK_SYS_PAGE,210,0,198
1787558521.820,2026-08-24 08:02:01.828,InnoDB,LOCK_SYS_PAGE,221,0,219
1787558521.820,2026-08-24 08:02:01.828,InnoDB,LOCK_SYS_PAGE,270,0,230
1787558521.820,2026-08-24 08:02:01.828,InnoDB,LOCK_SYS_PAGE,188,0,172
1787558521.820,2026-08-24 08:02:01.828,InnoDB,LOCK_SYS_PAGE,241,0,216
1787558521.820,2026-08-24 08:02:01.828,InnoDB,LOCK_SYS_PAGE,267,0,232
1787558521.820,2026-08-24 08:02:01.828,InnoDB,LOCK_SYS_PAGE,177,0,191
1787558521.820,2026-08-24 08:02:01.828,InnoDB,LOCK_SYS_PAGE,237,0,161
1787558521.820,2026-08-24 08:02:01.828,InnoDB,LOCK_SYS_PAGE,211,0,169
1787558521.820,2026-08-24 08:02:01.828,InnoDB,LOCK_SYS_PAGE,215,0,165
1787558521.820,2026-08-24 08:02:01.828,InnoDB,LOCK_SYS_PAGE,169,0,174
1787558521.820,2026-08-24 08:02:01.828,InnoDB,LOCK_SYS_PAGE,193,0,169
1787558521.820,2026-08-24 08:02:01.828,InnoDB,LOCK_SYS_PAGE,177,0,144
1787558521.820,2026-08-24 08:02:01.828,InnoDB,LOCK_SYS_PAGE,221,0,211
1787558521.820,2026-08-24 08:02:01.828,InnoDB,LOCK_SYS_PAGE,181,0,181
1787558521.820,2026-08-24 08:02:01.828,InnoDB,LOCK_SYS_PAGE,202,0,197
1787558521.820,2026-08-24 08:02:01.828,InnoDB,LOCK_SYS_PAGE,149,0,145
1787558521.820,2026-08-24 08:02:01.828,InnoDB,LOCK_SYS_PAGE,197,0,178
1787558521.820,2026-08-24 08:02:01.828,InnoDB,LOCK_SYS_PAGE,190,0,178
1787558521.820,2026-08-24 08:02:01.828,InnoDB,LOCK_SYS_PAGE,166,0,183
1787558521.820,2026-08-24 08:02:01.828,InnoDB,LOCK_SYS_PAGE,169,0,149
1787558521.820,2026-08-24 08:02:01.828,InnoDB,LOCK_SYS_PAGE,201,0,205
1787558521.820,2026-08-24 08:02:01.828,InnoDB,LOCK_SYS_PAGE,183,0,178
1787558521.820,2026-08-24 08:02:01.828,InnoDB,LOCK_SYS_PAGE,243,0,190
1787558521.820,2026-08-24 08:02:01.828,InnoDB,LOCK_SYS_PAGE,221,0,220
1787558521.820,2026-08-24 08:02:01.828,InnoDB,LOCK_SYS_PAGE,217,0,169
1787558521.820,2026-08-24 08:02:01.828,InnoDB,LOCK_SYS_PAGE,205,0,163
1787558521.820,2026-08-24 08:02:01.828,InnoDB,LOCK_SYS_PAGE,167,0,171
1787558521.820,2026-08-24 08:02:01.828,InnoDB,LOCK_SYS_PAGE,195,0,198
1787558521.820,2026-08-24 08:02:01.828,InnoDB,LOCK_SYS_PAGE,188,0,177
1787558521.820,2026-08-24 08:02:01.828,InnoDB,LOCK_SYS_PAGE,170,0,181
1787558521.820,2026-08-24 08:02:01.828,InnoDB,LOCK_SYS_PAGE,212,0,163
1787558521.820,2026-08-24 08:02:01.828,InnoDB,LOCK_SYS_PAGE,205,0,220
1787558521.820,2026-08-24 08:02:01.828,InnoDB,LOCK_SYS_PAGE,236,0,204
1787558521.820,2026-08-24 08:02:01.828,InnoDB,LOCK_SYS_PAGE,152,0,159
1787558521.820,2026-08-24 08:02:01.828,InnoDB,LOCK_SYS_PAGE,243,0,210
1787558521.820,2026-08-24 08:02:01.828,InnoDB,LOCK_SYS_PAGE,269,0,209
1787558521.820,2026-08-24 08:02:01.828,InnoDB,LOCK_SYS_PAGE,167,0,155
1787558521.820,2026-08-24 08:02:01.828,InnoDB,LOCK_SYS_PAGE,221,0,211
1787558521.820,2026-08-24 08:02:01.828,InnoDB,LOCK_SYS_PAGE,165,0,157
1787558521.820,2026-08-24 08:02:01.828,InnoDB,LOCK_SYS_PAGE,211,0,192
1787558521.820,2026-08-24 08:02:01.828,InnoDB,LOCK_SYS_PAGE,217,0,192
1787558521.820,2026-08-24 08:02:01.828,InnoDB,LOCK_SYS_PAGE,160,0,156
1787558521.820,2026-08-24 08:02:01.828,InnoDB,LOCK_SYS_PAGE,187,0,201
1787558521.820,2026-08-24 08:02:01.828,InnoDB,LOCK_SYS_PAGE,213,0,183
1787558521.820,2026-08-24 08:02:01.828,InnoDB,LOCK_SYS_PAGE,169,0,143
1787558521.820,2026-08-24 08:02:01.828,InnoDB,LOCK_SYS_PAGE,225,0,191
1787558521.820,2026-08-24 08:02:01.828,InnoDB,LOCK_SYS_PAGE,255,0,200
1787558521.820,2026-08-24 08:02:01.828,InnoDB,LOCK_SYS_PAGE,192,0,202
1787558521.820,2026-08-24 08:02:01.828,InnoDB,LOCK_SYS_PAGE,155,0,153
1787558521.820,2026-08-24 08:02:01.828,InnoDB,LOCK_SYS_PAGE,196,0,181
1787558521.820,2026-08-24 08:02:01.828,InnoDB,LOCK_SYS_PAGE,210,0,191
1787558521.820,2026-08-24 08:02:01.828,InnoDB,LOCK_SYS_PAGE,189,0,172
1787558521.820,2026-08-24 08:02:01.828,InnoDB,LOCK_SYS_PAGE,214,0,218
1787558521.820,2026-08-24 08:02:01.828,InnoDB,LOCK_SYS_PAGE,158,0,153
1787558521.820,2026-08-24 08:02:01.828,InnoDB,LOCK_SYS_PAGE,176,0,174
1787558521.820,2026-08-24 08:02:01.828,InnoDB,LOCK_SYS_PAGE,183,0,187
1787558521.820,2026-08-24 08:02:01.828,InnoDB,LOCK_SYS_PAGE,239,0,170
1787558521.820,2026-08-24 08:02:01.828,InnoDB,LOCK_SYS_PAGE,211,0,202
1787558521.820,2026-08-24 08:02:01.828,InnoDB,LOCK_SYS_PAGE,197,0,166
1787558521.820,2026-08-24 08:02:01.828,InnoDB,LOCK_SYS_PAGE,234,0,191
1787558521.820,2026-08-24 08:02:01.828,InnoDB,LOCK_SYS_PAGE,235,0,211
1787558521.820,2026-08-24 08:02:01.828,InnoDB,LOCK_SYS_PAGE,182,0,179
1787558521.820,2026-08-24 08:02:01.828,InnoDB,LOCK_SYS_PAGE,190,0,188
1787558521.820,2026-08-24 08:02:01.828,InnoDB,LOCK_SYS_PAGE,158,0,158
1787558521.820,2026-08-24 08:02:01.828,InnoDB,LOCK_SYS_PAGE,132,0,141
1787558521.820,2026-08-24 08:02:01.828,InnoDB,LOCK_SYS_PAGE,209,0,166
1787558521.820,2026-08-24 08:02:01.828,InnoDB,LOCK_SYS_PAGE,185,0,177
1787558521.820,2026-08-24 08:02:01.828,InnoDB,LOCK_SYS_PAGE,218,0,219
1787558521.820,2026-08-24 08:02:01.828,InnoDB,LOCK_SYS_PAGE,230,0,219
1787558521.820,2026-08-24 08:02:01.828,InnoDB,LOCK_SYS_PAGE,196,0,171
1787558521.820,2026-08-24 08:02:01.828,InnoDB,LOCK_SYS_PAGE,235,0,170
1787558521.820,2026-08-24 08:02:01.828,InnoDB,LOCK_SYS_PAGE,227,0,177
1787558521.820,2026-08-24 08:02:01.828,InnoDB,LOCK_SYS_PAGE,195,0,184
1787558521.820,2026-08-24 08:02:01.828,InnoDB,LOCK_SYS_PAGE,229,0,201
1787558521.820,2026-08-24 08:02:01.828,InnoDB,LOCK_SYS_PAGE,191,0,176
1787558521.820,2026-08-24 08:02:01.828,InnoDB,LOCK_SYS_PAGE,189,0,152
1787558521.820,2026-08-24 08:02:01.828,InnoDB,LOCK_SYS_PAGE,172,0,189
1787558521.820,2026-08-24 08:02:01.828,InnoDB,LOCK_SYS_PAGE,257,0,181
1787558521.820,2026-08-24 08:02:01.828,InnoDB,LOCK_SYS_PAGE,220,0,176
1787558521.820,2026-08-24 08:02:01.828,InnoDB,LOCK_SYS_PAGE,186,0,167
1787558521.820,2026-08-24 08:02:01.828,InnoDB,LOCK_SYS_PAGE,197,0,191
1787558521.820,2026-08-24 08:02:01.828,InnoDB,LOCK_SYS_PAGE,177,0,162
1787558521.820,2026-08-24 08:02:01.828,InnoDB,LOCK_SYS_PAGE,180,0,167
1787558521.820,2026-08-24 08:02:01.828,InnoDB,LOCK_SYS_PAGE,153,0,148
1787558521.820,2026-08-24 08:02:01.828,InnoDB,LOCK_SYS_PAGE,197,0,196
1787558521.820,2026-08-24 08:02:01.828,InnoDB,LOCK_SYS_PAGE,202,0,183
1787558521.820,2026-08-24 08:02:01.828,InnoDB,LOCK_SYS_PAGE,224,0,190
1787558521.820,2026-08-24 08:02:01.828,InnoDB,LOCK_SYS_PAGE,168,0,183
1787558521.820,2026-08-24 08:02:01.828,InnoDB,rwlock: dict0dict.cc:2631,,49895,
1787558521.820,2026-08-24 08:02:01.828,InnoDB,rwlock: dict0dict.cc:2631,,50847,
1787558521.820,2026-08-24 08:02:01.828,InnoDB,rwlock: dict0dict.cc:2631,,49043,
1787558521.820,2026-08-24 08:02:01.828,InnoDB,rwlock: dict0dict.cc:2631,,48691,
1787558521.820,2026-08-24 08:02:01.828,InnoDB,rwlock: dict0dict.cc:2631,,47971,
1787558521.820,2026-08-24 08:02:01.828,InnoDB,rwlock: dict0dict.cc:2631,,48296,
1787558521.820,2026-08-24 08:02:01.828,InnoDB,rwlock: dict0dict.cc:2631,,49196,
1787558521.820,2026-08-24 08:02:01.828,InnoDB,rwlock: dict0dict.cc:2631,,49655,
1787558521.820,2026-08-24 08:02:01.828,InnoDB,rwlock: dict0dict.cc:2631,,48766,
1787558521.820,2026-08-24 08:02:01.828,InnoDB,rwlock: dict0dict.cc:2631,,49075,
1787558521.820,2026-08-24 08:02:01.828,InnoDB,rwlock: dict0dict.cc:2631,,48909,
1787558521.820,2026-08-24 08:02:01.828,InnoDB,rwlock: dict0dict.cc:2631,,46494,
1787558521.820,2026-08-24 08:02:01.828,InnoDB,rwlock: dict0dict.cc:2631,,49518,
1787558521.820,2026-08-24 08:02:01.828,InnoDB,rwlock: dict0dict.cc:2631,,47947,
1787558521.820,2026-08-24 08:02:01.828,InnoDB,rwlock: dict0dict.cc:2631,,48475,
1787558521.820,2026-08-24 08:02:01.828,InnoDB,rwlock: dict0dict.cc:2631,,48276,
1787558521.820,2026-08-24 08:02:01.828,InnoDB,rwlock: dict0dict.cc:2631,,47602,
1787558521.820,2026-08-24 08:02:01.828,InnoDB,rwlock: dict0dict.cc:2631,,48199,
1787558521.820,2026-08-24 08:02:01.828,InnoDB,rwlock: dict0dict.cc:2631,,46856,
1787558521.820,2026-08-24 08:02:01.828,InnoDB,rwlock: dict0dict.cc:2631,,48531,
1787558521.820,2026-08-24 08:02:01.828,InnoDB,rwlock: dict0dict.cc:2631,,1,
1787558521.820,2026-08-24 08:02:01.828,InnoDB,rwlock: dict0dict.cc:2631,,2,
1787558521.820,2026-08-24 08:02:01.828,InnoDB,rwlock: dict0dict.cc:2631,,2,
1787558521.820,2026-08-24 08:02:01.828,InnoDB,rwlock: dict0dict.cc:2631,,3,
1787558521.820,2026-08-24 08:02:01.828,InnoDB,rwlock: dict0dict.cc:2631,,2,
1787558521.820,2026-08-24 08:02:01.828,InnoDB,rwlock: dict0dict.cc:2631,,2,
1787558521.820,2026-08-24 08:02:01.828,InnoDB,rwlock: fil0fil.cc:10242,,1,
1787558521.820,2026-08-24 08:02:01.828,InnoDB,rwlock: dict0dict.cc:2631,,1,
1787558521.820,2026-08-24 08:02:01.828,InnoDB,rwlock: dict0dict.cc:2631,,2,
1787558521.820,2026-08-24 08:02:01.828,InnoDB,rwlock: dict0dict.cc:2631,,1,
1787558521.820,2026-08-24 08:02:01.828,InnoDB,rwlock: dict0dict.cc:2631,,2,
1787558521.820,2026-08-24 08:02:01.828,InnoDB,rwlock: fil0fil.cc:10242,,1,
1787558521.820,2026-08-24 08:02:01.828,InnoDB,rwlock: dict0dict.cc:2631,,1,
1787558521.820,2026-08-24 08:02:01.828,InnoDB,rwlock: dict0dict.cc:2631,,2,
1787558521.820,2026-08-24 08:02:01.828,InnoDB,rwlock: dict0dict.cc:2631,,1,
1787558521.820,2026-08-24 08:02:01.828,InnoDB,rwlock: dict0dict.cc:2631,,2,
1787558521.820,2026-08-24 08:02:01.828,InnoDB,rwlock: dict0dict.cc:2631,,1,
1787558521.820,2026-08-24 08:02:01.828,InnoDB,rwlock: fil0fil.cc:10242,,1,
1787558521.820,2026-08-24 08:02:01.828,InnoDB,rwlock: dict0dict.cc:2631,,2,
1787558521.820,2026-08-24 08:02:01.828,InnoDB,rwlock: dict0dict.cc:2631,,1,
1787558521.820,2026-08-24 08:02:01.828,InnoDB,rwlock: trx0purge.cc:232,,1,
1787558521.820,2026-08-24 08:02:01.828,InnoDB,rwlock: fil0fil.cc:10242,,970124,
1787558521.820,2026-08-24 08:02:01.828,InnoDB,rwlock: fil0fil.cc:10242,,112469,
1787558521.820,2026-08-24 08:02:01.828,InnoDB,rwlock: dict0dict.cc:1180,,6,
1787558521.820,2026-08-24 08:02:01.828,InnoDB,rwlock: hash0hash.cc:117,,177969,
1787558521.820,2026-08-24 08:02:01.828,InnoDB,rwlock: hash0hash.cc:117,,165086,
1787558521.820,2026-08-24 08:02:01.828,InnoDB,rwlock: hash0hash.cc:117,,151502,
1787558521.820,2026-08-24 08:02:01.828,InnoDB,rwlock: hash0hash.cc:117,,114642,
1787558521.820,2026-08-24 08:02:01.828,InnoDB,rwlock: hash0hash.cc:117,,190088,
1787558521.820,2026-08-24 08:02:01.828,InnoDB,rwlock: hash0hash.cc:117,,190452,
1787558521.820,2026-08-24 08:02:01.828,InnoDB,rwlock: hash0hash.cc:117,,118485,
1787558521.820,2026-08-24 08:02:01.828,InnoDB,rwlock: hash0hash.cc:117,,120209,
1787558521.820,2026-08-24 08:02:01.828,InnoDB,rwlock: hash0hash.cc:117,,117323,
1787558521.820,2026-08-24 08:02:01.828,InnoDB,rwlock: hash0hash.cc:117,,163984,
1787558521.820,2026-08-24 08:02:01.828,InnoDB,rwlock: hash0hash.cc:117,,161722,
1787558521.820,2026-08-24 08:02:01.828,InnoDB,rwlock: hash0hash.cc:117,,115498,
1787558521.820,2026-08-24 08:02:01.828,InnoDB,rwlock: hash0hash.cc:117,,178445,
1787558521.820,2026-08-24 08:02:01.828,InnoDB,rwlock: hash0hash.cc:117,,217771,
1787558521.820,2026-08-24 08:02:01.828,InnoDB,rwlock: hash0hash.cc:117,,117084,
1787558521.820,2026-08-24 08:02:01.828,InnoDB,rwlock: hash0hash.cc:117,,118466,
1787558521.820,2026-08-24 08:02:01.828,InnoDB,rwlock: hash0hash.cc:117,,139794,
1787558521.820,2026-08-24 08:02:01.828,InnoDB,rwlock: hash0hash.cc:117,,185435,
1787558521.820,2026-08-24 08:02:01.828,InnoDB,rwlock: hash0hash.cc:117,,217507,
1787558521.820,2026-08-24 08:02:01.828,InnoDB,rwlock: hash0hash.cc:117,,149694,
1787558521.820,2026-08-24 08:02:01.828,InnoDB,rwlock: hash0hash.cc:117,,225066,
1787558521.820,2026-08-24 08:02:01.828,InnoDB,rwlock: hash0hash.cc:117,,136074,
1787558521.820,2026-08-24 08:02:01.828,InnoDB,rwlock: hash0hash.cc:117,,142304,
1787558521.820,2026-08-24 08:02:01.828,InnoDB,rwlock: hash0hash.cc:117,,138125,
1787558521.820,2026-08-24 08:02:01.828,InnoDB,rwlock: hash0hash.cc:117,,199375,
1787558521.820,2026-08-24 08:02:01.828,InnoDB,rwlock: hash0hash.cc:117,,140550,
1787558521.820,2026-08-24 08:02:01.828,InnoDB,rwlock: hash0hash.cc:117,,186926,
1787558521.820,2026-08-24 08:02:01.828,InnoDB,rwlock: hash0hash.cc:117,,274129,
1787558521.820,2026-08-24 08:02:01.828,InnoDB,rwlock: hash0hash.cc:117,,146536,
1787558521.820,2026-08-24 08:02:01.828,InnoDB,rwlock: hash0hash.cc:117,,211186,
1787558521.820,2026-08-24 08:02:01.828,InnoDB,rwlock: hash0hash.cc:117,,214013,
1787558521.820,2026-08-24 08:02:01.828,InnoDB,rwlock: hash0hash.cc:117,,184110,
1787558521.820,2026-08-24 08:02:01.828,InnoDB,rwlock: hash0hash.cc:117,,144917,
1787558521.820,2026-08-24 08:02:01.828,InnoDB,rwlock: hash0hash.cc:117,,262930,
1787558521.820,2026-08-24 08:02:01.828,InnoDB,rwlock: hash0hash.cc:117,,193153,
1787558521.820,2026-08-24 08:02:01.828,InnoDB,rwlock: hash0hash.cc:117,,143432,
1787558521.820,2026-08-24 08:02:01.828,InnoDB,rwlock: hash0hash.cc:117,,218570,
1787558521.820,2026-08-24 08:02:01.828,InnoDB,rwlock: hash0hash.cc:117,,200947,
1787558521.820,2026-08-24 08:02:01.828,InnoDB,rwlock: hash0hash.cc:117,,178614,
1787558521.820,2026-08-24 08:02:01.828,InnoDB,rwlock: hash0hash.cc:117,,174898,
1787558521.820,2026-08-24 08:02:01.828,InnoDB,rwlock: hash0hash.cc:117,,133746,
1787558521.820,2026-08-24 08:02:01.828,InnoDB,rwlock: hash0hash.cc:117,,205765,
1787558521.820,2026-08-24 08:02:01.828,InnoDB,rwlock: hash0hash.cc:117,,205322,
1787558521.820,2026-08-24 08:02:01.828,InnoDB,rwlock: hash0hash.cc:117,,132890,
1787558521.820,2026-08-24 08:02:01.828,InnoDB,rwlock: hash0hash.cc:117,,131426,
1787558521.820,2026-08-24 08:02:01.828,InnoDB,rwlock: hash0hash.cc:117,,131739,
1787558521.820,2026-08-24 08:02:01.828,InnoDB,rwlock: hash0hash.cc:117,,179358,
1787558521.820,2026-08-24 08:02:01.828,InnoDB,rwlock: hash0hash.cc:117,,134338,
1787558521.820,2026-08-24 08:02:01.828,InnoDB,rwlock: hash0hash.cc:117,,149055,
1787558521.820,2026-08-24 08:02:01.828,InnoDB,rwlock: hash0hash.cc:117,,187832,
1787558521.820,2026-08-24 08:02:01.828,InnoDB,rwlock: hash0hash.cc:117,,208044,
1787558521.820,2026-08-24 08:02:01.828,InnoDB,rwlock: hash0hash.cc:117,,190420,
1787558521.820,2026-08-24 08:02:01.828,InnoDB,rwlock: hash0hash.cc:117,,233256,
1787558521.820,2026-08-24 08:02:01.828,InnoDB,rwlock: hash0hash.cc:117,,273093,
1787558521.820,2026-08-24 08:02:01.828,InnoDB,rwlock: hash0hash.cc:117,,214100,
1787558521.820,2026-08-24 08:02:01.828,InnoDB,rwlock: hash0hash.cc:117,,139934,
1787558521.820,2026-08-24 08:02:01.828,InnoDB,rwlock: hash0hash.cc:117,,215699,
1787558521.820,2026-08-24 08:02:01.828,InnoDB,rwlock: hash0hash.cc:117,,175245,
1787558521.820,2026-08-24 08:02:01.828,InnoDB,rwlock: hash0hash.cc:117,,143530,
1787558521.820,2026-08-24 08:02:01.828,InnoDB,rwlock: hash0hash.cc:117,,139596,
1787558521.820,2026-08-24 08:02:01.828,InnoDB,rwlock: hash0hash.cc:117,,231927,
1787558521.820,2026-08-24 08:02:01.828,InnoDB,rwlock: hash0hash.cc:117,,148701,
1787558521.820,2026-08-24 08:02:01.828,InnoDB,rwlock: hash0hash.cc:117,,137764,
1787558521.820,2026-08-24 08:02:01.828,InnoDB,rwlock: hash0hash.cc:117,,139483,
1787558521.820,2026-08-24 08:02:01.828,InnoDB,sum rwlock: buf0buf.cc:852,,2528769,
